
/home/kejoperezde/Documents/Servicio/C/DMA/build/DMA.elf:     file format elf32-littlearm

Sections:
Idx Name          Size      VMA       LMA       File off  Algn
  0 .boot2        00000100  10000000  10000000  00001000  2**0
                  CONTENTS, ALLOC, LOAD, READONLY, CODE
  1 .text         00003e08  10000100  10000100  00001100  2**3
                  CONTENTS, ALLOC, LOAD, READONLY, CODE
  2 .rodata       00000b34  10003f08  10003f08  00004f08  2**3
                  CONTENTS, ALLOC, LOAD, READONLY, DATA
  3 .binary_info  00000028  10004a3c  10004a3c  00005a3c  2**2
                  CONTENTS, ALLOC, LOAD, READONLY, DATA
  4 .ram_vector_table 000000c0  20000000  20000000  00007000  2**2
                  ALLOC
  5 .uninitialized_data 00000000  200000c0  200000c0  000062e0  2**0
                  CONTENTS
  6 .data         00000220  200000c0  10004a64  000060c0  2**4
                  CONTENTS, ALLOC, LOAD, READONLY, CODE
  7 .tdata        00000000  200002e0  200002e0  000062e0  2**0
                  CONTENTS, ALLOC, LOAD, DATA, THREAD_LOCAL
  8 .tbss         00000000  200002e0  200002e0  00000000  2**0
                  ALLOC, THREAD_LOCAL
  9 .bss          00000410  200002e0  10004c84  000062e0  2**3
                  ALLOC
 10 .heap         0003f910  200006f0  10004c84  000066f0  2**2
                  ALLOC, READONLY
 11 .scratch_x    00000000  20040000  20040000  000062e0  2**0
                  CONTENTS
 12 .scratch_y    00000000  20041000  20041000  000062e0  2**0
                  CONTENTS
 13 .stack_dummy  00000800  20041000  20041000  000062e0  2**5
                  CONTENTS, READONLY
 14 .ARM.attributes 00000028  00000000  00000000  00006ae0  2**0
                  CONTENTS, READONLY
 15 .comment      00000033  00000000  00000000  00006b08  2**0
                  CONTENTS, READONLY
 16 .debug_info   00018909  00000000  00000000  00006b3b  2**0
                  CONTENTS, READONLY, DEBUGGING, OCTETS
 17 .debug_abbrev 00004eb2  00000000  00000000  0001f444  2**0
                  CONTENTS, READONLY, DEBUGGING, OCTETS
 18 .debug_loc    0000e8e1  00000000  00000000  000242f6  2**0
                  CONTENTS, READONLY, DEBUGGING, OCTETS
 19 .debug_aranges 00001058  00000000  00000000  00032bd8  2**3
                  CONTENTS, READONLY, DEBUGGING, OCTETS
 20 .debug_ranges 000035c0  00000000  00000000  00033c30  2**3
                  CONTENTS, READONLY, DEBUGGING, OCTETS
 21 .debug_line   00010755  00000000  00000000  000371f0  2**0
                  CONTENTS, READONLY, DEBUGGING, OCTETS
 22 .debug_str    0000513f  00000000  00000000  00047945  2**0
                  CONTENTS, READONLY, DEBUGGING, OCTETS
 23 .debug_frame  00001d5c  00000000  00000000  0004ca84  2**2
                  CONTENTS, READONLY, DEBUGGING, OCTETS

/home/kejoperezde/Documents/Servicio/C/DMA/build/DMA.elf:     file format elf32-littlearm


Disassembly of section .boot2:

10000000 <__boot2_start__>:
10000000:	4b32b500 	.word	0x4b32b500
10000004:	60582021 	.word	0x60582021
10000008:	21026898 	.word	0x21026898
1000000c:	60984388 	.word	0x60984388
10000010:	611860d8 	.word	0x611860d8
10000014:	4b2e6158 	.word	0x4b2e6158
10000018:	60992100 	.word	0x60992100
1000001c:	61592102 	.word	0x61592102
10000020:	22f02101 	.word	0x22f02101
10000024:	492b5099 	.word	0x492b5099
10000028:	21016019 	.word	0x21016019
1000002c:	20356099 	.word	0x20356099
10000030:	f844f000 	.word	0xf844f000
10000034:	42902202 	.word	0x42902202
10000038:	2106d014 	.word	0x2106d014
1000003c:	f0006619 	.word	0xf0006619
10000040:	6e19f834 	.word	0x6e19f834
10000044:	66192101 	.word	0x66192101
10000048:	66182000 	.word	0x66182000
1000004c:	f000661a 	.word	0xf000661a
10000050:	6e19f82c 	.word	0x6e19f82c
10000054:	6e196e19 	.word	0x6e196e19
10000058:	f0002005 	.word	0xf0002005
1000005c:	2101f82f 	.word	0x2101f82f
10000060:	d1f94208 	.word	0xd1f94208
10000064:	60992100 	.word	0x60992100
10000068:	6019491b 	.word	0x6019491b
1000006c:	60592100 	.word	0x60592100
10000070:	481b491a 	.word	0x481b491a
10000074:	21016001 	.word	0x21016001
10000078:	21eb6099 	.word	0x21eb6099
1000007c:	21a06619 	.word	0x21a06619
10000080:	f0006619 	.word	0xf0006619
10000084:	2100f812 	.word	0x2100f812
10000088:	49166099 	.word	0x49166099
1000008c:	60014814 	.word	0x60014814
10000090:	60992101 	.word	0x60992101
10000094:	2800bc01 	.word	0x2800bc01
10000098:	4700d000 	.word	0x4700d000
1000009c:	49134812 	.word	0x49134812
100000a0:	c8036008 	.word	0xc8036008
100000a4:	8808f380 	.word	0x8808f380
100000a8:	b5034708 	.word	0xb5034708
100000ac:	20046a99 	.word	0x20046a99
100000b0:	d0fb4201 	.word	0xd0fb4201
100000b4:	42012001 	.word	0x42012001
100000b8:	bd03d1f8 	.word	0xbd03d1f8
100000bc:	6618b502 	.word	0x6618b502
100000c0:	f7ff6618 	.word	0xf7ff6618
100000c4:	6e18fff2 	.word	0x6e18fff2
100000c8:	bd026e18 	.word	0xbd026e18
100000cc:	40020000 	.word	0x40020000
100000d0:	18000000 	.word	0x18000000
100000d4:	00070000 	.word	0x00070000
100000d8:	005f0300 	.word	0x005f0300
100000dc:	00002221 	.word	0x00002221
100000e0:	180000f4 	.word	0x180000f4
100000e4:	a0002022 	.word	0xa0002022
100000e8:	10000100 	.word	0x10000100
100000ec:	e000ed08 	.word	0xe000ed08
	...
100000fc:	7a4eb274 	.word	0x7a4eb274

Disassembly of section .text:

10000100 <__VECTOR_TABLE>:
10000100:	20042000 	.word	0x20042000
10000104:	100001f7 	.word	0x100001f7
10000108:	100001c3 	.word	0x100001c3
1000010c:	100001c5 	.word	0x100001c5
10000110:	100001c1 	.word	0x100001c1
10000114:	100001c1 	.word	0x100001c1
10000118:	100001c1 	.word	0x100001c1
1000011c:	100001c1 	.word	0x100001c1
10000120:	100001c1 	.word	0x100001c1
10000124:	100001c1 	.word	0x100001c1
10000128:	100001c1 	.word	0x100001c1
1000012c:	100001c7 	.word	0x100001c7
10000130:	100001c1 	.word	0x100001c1
10000134:	100001c1 	.word	0x100001c1
10000138:	100001c9 	.word	0x100001c9
1000013c:	100001cb 	.word	0x100001cb
10000140:	100001cd 	.word	0x100001cd
10000144:	100001cd 	.word	0x100001cd
10000148:	100001cd 	.word	0x100001cd
1000014c:	100001cd 	.word	0x100001cd
10000150:	100001cd 	.word	0x100001cd
10000154:	100001cd 	.word	0x100001cd
10000158:	100001cd 	.word	0x100001cd
1000015c:	100001cd 	.word	0x100001cd
10000160:	100001cd 	.word	0x100001cd
10000164:	100001cd 	.word	0x100001cd
10000168:	100001cd 	.word	0x100001cd
1000016c:	100001cd 	.word	0x100001cd
10000170:	100001cd 	.word	0x100001cd
10000174:	100001cd 	.word	0x100001cd
10000178:	100001cd 	.word	0x100001cd
1000017c:	100001cd 	.word	0x100001cd
10000180:	100001cd 	.word	0x100001cd
10000184:	100001cd 	.word	0x100001cd
10000188:	100001cd 	.word	0x100001cd
1000018c:	100001cd 	.word	0x100001cd
10000190:	100001cd 	.word	0x100001cd
10000194:	100001cd 	.word	0x100001cd
10000198:	100001cd 	.word	0x100001cd
1000019c:	100001cd 	.word	0x100001cd
100001a0:	100001cd 	.word	0x100001cd
100001a4:	100001cd 	.word	0x100001cd
100001a8:	100001cd 	.word	0x100001cd
100001ac:	100001cd 	.word	0x100001cd
100001b0:	100001cd 	.word	0x100001cd
100001b4:	100001cd 	.word	0x100001cd
100001b8:	100001cd 	.word	0x100001cd
100001bc:	100001cd 	.word	0x100001cd

100001c0 <isr_invalid>:
100001c0:	be00      	bkpt	0x0000

100001c2 <isr_nmi>:
100001c2:	be00      	bkpt	0x0000

100001c4 <isr_hardfault>:
100001c4:	be00      	bkpt	0x0000

100001c6 <isr_svcall>:
100001c6:	be00      	bkpt	0x0000

100001c8 <isr_pendsv>:
100001c8:	be00      	bkpt	0x0000

100001ca <isr_systick>:
100001ca:	be00      	bkpt	0x0000

100001cc <__unhandled_user_irq>:
100001cc:	f3ef 8005 	mrs	r0, IPSR
100001d0:	3810      	subs	r0, #16

100001d2 <unhandled_user_irq_num_in_r0>:
100001d2:	be00      	bkpt	0x0000

100001d4 <binary_info_header>:
100001d4:	7188ebf2 	.word	0x7188ebf2
100001d8:	10004a3c 	.word	0x10004a3c
100001dc:	10004a64 	.word	0x10004a64
100001e0:	10000238 	.word	0x10000238
100001e4:	e71aa390 	.word	0xe71aa390

100001e8 <_entry_point>:
100001e8:	481e      	ldr	r0, [pc, #120]	; (10000264 <data_cpy_table+0x2c>)

100001ea <_enter_vtable_in_r0>:
100001ea:	491f      	ldr	r1, [pc, #124]	; (10000268 <data_cpy_table+0x30>)
100001ec:	6008      	str	r0, [r1, #0]
100001ee:	c806      	ldmia	r0!, {r1, r2}
100001f0:	f381 8808 	msr	MSP, r1
100001f4:	4710      	bx	r2

100001f6 <_reset_handler>:
100001f6:	481d      	ldr	r0, [pc, #116]	; (1000026c <data_cpy_table+0x34>)
100001f8:	6800      	ldr	r0, [r0, #0]
100001fa:	2800      	cmp	r0, #0
100001fc:	d001      	beq.n	10000202 <hold_non_core0_in_bootrom+0x4>

100001fe <hold_non_core0_in_bootrom>:
100001fe:	4819      	ldr	r0, [pc, #100]	; (10000264 <data_cpy_table+0x2c>)
10000200:	e7f3      	b.n	100001ea <_enter_vtable_in_r0>
10000202:	a40d      	add	r4, pc, #52	; (adr r4, 10000238 <data_cpy_table>)
10000204:	cc0e      	ldmia	r4!, {r1, r2, r3}
10000206:	2900      	cmp	r1, #0
10000208:	d002      	beq.n	10000210 <hold_non_core0_in_bootrom+0x12>
1000020a:	f000 f812 	bl	10000232 <data_cpy>
1000020e:	e7f9      	b.n	10000204 <hold_non_core0_in_bootrom+0x6>
10000210:	4917      	ldr	r1, [pc, #92]	; (10000270 <data_cpy_table+0x38>)
10000212:	4a18      	ldr	r2, [pc, #96]	; (10000274 <data_cpy_table+0x3c>)
10000214:	2000      	movs	r0, #0
10000216:	e000      	b.n	1000021a <bss_fill_test>

10000218 <bss_fill_loop>:
10000218:	c101      	stmia	r1!, {r0}

1000021a <bss_fill_test>:
1000021a:	4291      	cmp	r1, r2
1000021c:	d1fc      	bne.n	10000218 <bss_fill_loop>

1000021e <platform_entry>:
1000021e:	4916      	ldr	r1, [pc, #88]	; (10000278 <data_cpy_table+0x40>)
10000220:	4788      	blx	r1
10000222:	4916      	ldr	r1, [pc, #88]	; (1000027c <data_cpy_table+0x44>)
10000224:	4788      	blx	r1
10000226:	4916      	ldr	r1, [pc, #88]	; (10000280 <data_cpy_table+0x48>)
10000228:	4788      	blx	r1
1000022a:	be00      	bkpt	0x0000
1000022c:	e7fd      	b.n	1000022a <platform_entry+0xc>

1000022e <data_cpy_loop>:
1000022e:	c901      	ldmia	r1!, {r0}
10000230:	c201      	stmia	r2!, {r0}

10000232 <data_cpy>:
10000232:	429a      	cmp	r2, r3
10000234:	d3fb      	bcc.n	1000022e <data_cpy_loop>
10000236:	4770      	bx	lr

10000238 <data_cpy_table>:
10000238:	10004a64 	.word	0x10004a64
1000023c:	200000c0 	.word	0x200000c0
10000240:	200002e0 	.word	0x200002e0
10000244:	10004c84 	.word	0x10004c84
10000248:	20040000 	.word	0x20040000
1000024c:	20040000 	.word	0x20040000
10000250:	10004c84 	.word	0x10004c84
10000254:	20041000 	.word	0x20041000
10000258:	20041000 	.word	0x20041000
1000025c:	00000000 	.word	0x00000000
10000260:	4770      	bx	lr
10000262:	0000      	.short	0x0000
10000264:	00000000 	.word	0x00000000
10000268:	e000ed08 	.word	0xe000ed08
1000026c:	d0000000 	.word	0xd0000000
10000270:	200002e0 	.word	0x200002e0
10000274:	200006f0 	.word	0x200006f0
10000278:	100038e9 	.word	0x100038e9
1000027c:	10000491 	.word	0x10000491
10000280:	100038a5 	.word	0x100038a5

10000284 <_init>:
10000284:	b5f8      	push	{r3, r4, r5, r6, r7, lr}
10000286:	46c0      	nop			; (mov r8, r8)

10000288 <deregister_tm_clones>:
10000288:	4804      	ldr	r0, [pc, #16]	; (1000029c <deregister_tm_clones+0x14>)
1000028a:	4b05      	ldr	r3, [pc, #20]	; (100002a0 <deregister_tm_clones+0x18>)
1000028c:	b510      	push	{r4, lr}
1000028e:	4283      	cmp	r3, r0
10000290:	d003      	beq.n	1000029a <deregister_tm_clones+0x12>
10000292:	4b04      	ldr	r3, [pc, #16]	; (100002a4 <deregister_tm_clones+0x1c>)
10000294:	2b00      	cmp	r3, #0
10000296:	d000      	beq.n	1000029a <deregister_tm_clones+0x12>
10000298:	4798      	blx	r3
1000029a:	bd10      	pop	{r4, pc}
1000029c:	200002e0 	.word	0x200002e0
100002a0:	200002e0 	.word	0x200002e0
100002a4:	00000000 	.word	0x00000000

100002a8 <register_tm_clones>:
100002a8:	4806      	ldr	r0, [pc, #24]	; (100002c4 <register_tm_clones+0x1c>)
100002aa:	4907      	ldr	r1, [pc, #28]	; (100002c8 <register_tm_clones+0x20>)
100002ac:	1a09      	subs	r1, r1, r0
100002ae:	108b      	asrs	r3, r1, #2
100002b0:	0fc9      	lsrs	r1, r1, #31
100002b2:	18c9      	adds	r1, r1, r3
100002b4:	b510      	push	{r4, lr}
100002b6:	1049      	asrs	r1, r1, #1
100002b8:	d003      	beq.n	100002c2 <register_tm_clones+0x1a>
100002ba:	4b04      	ldr	r3, [pc, #16]	; (100002cc <register_tm_clones+0x24>)
100002bc:	2b00      	cmp	r3, #0
100002be:	d000      	beq.n	100002c2 <register_tm_clones+0x1a>
100002c0:	4798      	blx	r3
100002c2:	bd10      	pop	{r4, pc}
100002c4:	200002e0 	.word	0x200002e0
100002c8:	200002e0 	.word	0x200002e0
100002cc:	00000000 	.word	0x00000000

100002d0 <__do_global_dtors_aux>:
100002d0:	b510      	push	{r4, lr}
100002d2:	4c07      	ldr	r4, [pc, #28]	; (100002f0 <__do_global_dtors_aux+0x20>)
100002d4:	7823      	ldrb	r3, [r4, #0]
100002d6:	2b00      	cmp	r3, #0
100002d8:	d109      	bne.n	100002ee <__do_global_dtors_aux+0x1e>
100002da:	f7ff ffd5 	bl	10000288 <deregister_tm_clones>
100002de:	4b05      	ldr	r3, [pc, #20]	; (100002f4 <__do_global_dtors_aux+0x24>)
100002e0:	2b00      	cmp	r3, #0
100002e2:	d002      	beq.n	100002ea <__do_global_dtors_aux+0x1a>
100002e4:	4804      	ldr	r0, [pc, #16]	; (100002f8 <__do_global_dtors_aux+0x28>)
100002e6:	e000      	b.n	100002ea <__do_global_dtors_aux+0x1a>
100002e8:	bf00      	nop
100002ea:	2301      	movs	r3, #1
100002ec:	7023      	strb	r3, [r4, #0]
100002ee:	bd10      	pop	{r4, pc}
100002f0:	20000460 	.word	0x20000460
100002f4:	00000000 	.word	0x00000000
100002f8:	10003f08 	.word	0x10003f08

100002fc <frame_dummy>:
100002fc:	4b05      	ldr	r3, [pc, #20]	; (10000314 <frame_dummy+0x18>)
100002fe:	b510      	push	{r4, lr}
10000300:	2b00      	cmp	r3, #0
10000302:	d003      	beq.n	1000030c <frame_dummy+0x10>
10000304:	4904      	ldr	r1, [pc, #16]	; (10000318 <frame_dummy+0x1c>)
10000306:	4805      	ldr	r0, [pc, #20]	; (1000031c <frame_dummy+0x20>)
10000308:	e000      	b.n	1000030c <frame_dummy+0x10>
1000030a:	bf00      	nop
1000030c:	f7ff ffcc 	bl	100002a8 <register_tm_clones>
10000310:	bd10      	pop	{r4, pc}
10000312:	46c0      	nop			; (mov r8, r8)
10000314:	00000000 	.word	0x00000000
10000318:	20000464 	.word	0x20000464
1000031c:	10003f08 	.word	0x10003f08

10000320 <setup_dma_adc_transfer>:
10000320:	b510      	push	{r4, lr}
10000322:	4b1c      	ldr	r3, [pc, #112]	; (10000394 <setup_dma_adc_transfer+0x74>)
10000324:	681a      	ldr	r2, [r3, #0]
10000326:	4b1c      	ldr	r3, [pc, #112]	; (10000398 <setup_dma_adc_transfer+0x78>)
10000328:	2a0c      	cmp	r2, #12
1000032a:	d82d      	bhi.n	10000388 <setup_dma_adc_transfer+0x68>
1000032c:	491b      	ldr	r1, [pc, #108]	; (1000039c <setup_dma_adc_transfer+0x7c>)
1000032e:	400b      	ands	r3, r1
10000330:	02d2      	lsls	r2, r2, #11
10000332:	4313      	orrs	r3, r2
10000334:	220c      	movs	r2, #12
10000336:	4393      	bics	r3, r2
10000338:	2108      	movs	r1, #8
1000033a:	430b      	orrs	r3, r1
1000033c:	4918      	ldr	r1, [pc, #96]	; (100003a0 <setup_dma_adc_transfer+0x80>)
1000033e:	400b      	ands	r3, r1
10000340:	4918      	ldr	r1, [pc, #96]	; (100003a4 <setup_dma_adc_transfer+0x84>)
10000342:	400b      	ands	r3, r1
10000344:	4918      	ldr	r1, [pc, #96]	; (100003a8 <setup_dma_adc_transfer+0x88>)
10000346:	400b      	ands	r3, r1
10000348:	2101      	movs	r1, #1
1000034a:	430b      	orrs	r3, r1
1000034c:	4817      	ldr	r0, [pc, #92]	; (100003ac <setup_dma_adc_transfer+0x8c>)
1000034e:	4003      	ands	r3, r0
10000350:	2002      	movs	r0, #2
10000352:	4383      	bics	r3, r0
10000354:	4393      	bics	r3, r2
10000356:	3a08      	subs	r2, #8
10000358:	4313      	orrs	r3, r2
1000035a:	320c      	adds	r2, #12
1000035c:	4393      	bics	r3, r2
1000035e:	3210      	adds	r2, #16
10000360:	4393      	bics	r3, r2
10000362:	4a13      	ldr	r2, [pc, #76]	; (100003b0 <setup_dma_adc_transfer+0x90>)
10000364:	4013      	ands	r3, r2
10000366:	2290      	movs	r2, #144	; 0x90
10000368:	0352      	lsls	r2, r2, #13
1000036a:	4313      	orrs	r3, r2
1000036c:	4a09      	ldr	r2, [pc, #36]	; (10000394 <setup_dma_adc_transfer+0x74>)
1000036e:	6812      	ldr	r2, [r2, #0]
10000370:	0192      	lsls	r2, r2, #6
10000372:	20a0      	movs	r0, #160	; 0xa0
10000374:	05c0      	lsls	r0, r0, #23
10000376:	4684      	mov	ip, r0
10000378:	4462      	add	r2, ip
1000037a:	480e      	ldr	r0, [pc, #56]	; (100003b4 <setup_dma_adc_transfer+0x94>)
1000037c:	6010      	str	r0, [r2, #0]
1000037e:	480e      	ldr	r0, [pc, #56]	; (100003b8 <setup_dma_adc_transfer+0x98>)
10000380:	6050      	str	r0, [r2, #4]
10000382:	6091      	str	r1, [r2, #8]
10000384:	6113      	str	r3, [r2, #16]
10000386:	bd10      	pop	{r4, pc}
10000388:	4b0c      	ldr	r3, [pc, #48]	; (100003bc <setup_dma_adc_transfer+0x9c>)
1000038a:	4a0d      	ldr	r2, [pc, #52]	; (100003c0 <setup_dma_adc_transfer+0xa0>)
1000038c:	21cd      	movs	r1, #205	; 0xcd
1000038e:	480d      	ldr	r0, [pc, #52]	; (100003c4 <setup_dma_adc_transfer+0xa4>)
10000390:	f003 fa8c 	bl	100038ac <__assert_func>
10000394:	200004b0 	.word	0x200004b0
10000398:	001f8010 	.word	0x001f8010
1000039c:	ffff87ff 	.word	0xffff87ff
100003a0:	fffff83f 	.word	0xfffff83f
100003a4:	ffbfffff 	.word	0xffbfffff
100003a8:	ffdfffff 	.word	0xffdfffff
100003ac:	ff7fffff 	.word	0xff7fffff
100003b0:	ffe07fff 	.word	0xffe07fff
100003b4:	4004c00c 	.word	0x4004c00c
100003b8:	200006ea 	.word	0x200006ea
100003bc:	10003f08 	.word	0x10003f08
100003c0:	10003f8c 	.word	0x10003f8c
100003c4:	10003f28 	.word	0x10003f28

100003c8 <setup_dma_uart_transfer>:
100003c8:	b510      	push	{r4, lr}
100003ca:	4b22      	ldr	r3, [pc, #136]	; (10000454 <setup_dma_uart_transfer+0x8c>)
100003cc:	881b      	ldrh	r3, [r3, #0]
100003ce:	4a22      	ldr	r2, [pc, #136]	; (10000458 <setup_dma_uart_transfer+0x90>)
100003d0:	2106      	movs	r1, #6
100003d2:	4822      	ldr	r0, [pc, #136]	; (1000045c <setup_dma_uart_transfer+0x94>)
100003d4:	f003 fa40 	bl	10003858 <__wrap_snprintf>
100003d8:	4b21      	ldr	r3, [pc, #132]	; (10000460 <setup_dma_uart_transfer+0x98>)
100003da:	681a      	ldr	r2, [r3, #0]
100003dc:	4b21      	ldr	r3, [pc, #132]	; (10000464 <setup_dma_uart_transfer+0x9c>)
100003de:	2a0c      	cmp	r2, #12
100003e0:	d832      	bhi.n	10000448 <setup_dma_uart_transfer+0x80>
100003e2:	4921      	ldr	r1, [pc, #132]	; (10000468 <setup_dma_uart_transfer+0xa0>)
100003e4:	400b      	ands	r3, r1
100003e6:	02d2      	lsls	r2, r2, #11
100003e8:	4313      	orrs	r3, r2
100003ea:	220c      	movs	r2, #12
100003ec:	4393      	bics	r3, r2
100003ee:	2108      	movs	r1, #8
100003f0:	430b      	orrs	r3, r1
100003f2:	491e      	ldr	r1, [pc, #120]	; (1000046c <setup_dma_uart_transfer+0xa4>)
100003f4:	400b      	ands	r3, r1
100003f6:	491e      	ldr	r1, [pc, #120]	; (10000470 <setup_dma_uart_transfer+0xa8>)
100003f8:	400b      	ands	r3, r1
100003fa:	491e      	ldr	r1, [pc, #120]	; (10000474 <setup_dma_uart_transfer+0xac>)
100003fc:	400b      	ands	r3, r1
100003fe:	2101      	movs	r1, #1
10000400:	430b      	orrs	r3, r1
10000402:	481d      	ldr	r0, [pc, #116]	; (10000478 <setup_dma_uart_transfer+0xb0>)
10000404:	4003      	ands	r3, r0
10000406:	2002      	movs	r0, #2
10000408:	4383      	bics	r3, r0
1000040a:	4393      	bics	r3, r2
1000040c:	3204      	adds	r2, #4
1000040e:	4313      	orrs	r3, r2
10000410:	3210      	adds	r2, #16
10000412:	4393      	bics	r3, r2
10000414:	4a19      	ldr	r2, [pc, #100]	; (1000047c <setup_dma_uart_transfer+0xb4>)
10000416:	4013      	ands	r3, r2
10000418:	22a0      	movs	r2, #160	; 0xa0
1000041a:	0312      	lsls	r2, r2, #12
1000041c:	4313      	orrs	r3, r2
1000041e:	4810      	ldr	r0, [pc, #64]	; (10000460 <setup_dma_uart_transfer+0x98>)
10000420:	6802      	ldr	r2, [r0, #0]
10000422:	0192      	lsls	r2, r2, #6
10000424:	24a0      	movs	r4, #160	; 0xa0
10000426:	05e4      	lsls	r4, r4, #23
10000428:	46a4      	mov	ip, r4
1000042a:	4462      	add	r2, ip
1000042c:	4c0b      	ldr	r4, [pc, #44]	; (1000045c <setup_dma_uart_transfer+0x94>)
1000042e:	6014      	str	r4, [r2, #0]
10000430:	4c13      	ldr	r4, [pc, #76]	; (10000480 <setup_dma_uart_transfer+0xb8>)
10000432:	6054      	str	r4, [r2, #4]
10000434:	2406      	movs	r4, #6
10000436:	6094      	str	r4, [r2, #8]
10000438:	6113      	str	r3, [r2, #16]
1000043a:	6803      	ldr	r3, [r0, #0]
1000043c:	4099      	lsls	r1, r3
1000043e:	4662      	mov	r2, ip
10000440:	2386      	movs	r3, #134	; 0x86
10000442:	00db      	lsls	r3, r3, #3
10000444:	50d1      	str	r1, [r2, r3]
10000446:	bd10      	pop	{r4, pc}
10000448:	4b0e      	ldr	r3, [pc, #56]	; (10000484 <setup_dma_uart_transfer+0xbc>)
1000044a:	4a0f      	ldr	r2, [pc, #60]	; (10000488 <setup_dma_uart_transfer+0xc0>)
1000044c:	21cd      	movs	r1, #205	; 0xcd
1000044e:	480f      	ldr	r0, [pc, #60]	; (1000048c <setup_dma_uart_transfer+0xc4>)
10000450:	f003 fa2c 	bl	100038ac <__assert_func>
10000454:	200006ea 	.word	0x200006ea
10000458:	10003f88 	.word	0x10003f88
1000045c:	200006d8 	.word	0x200006d8
10000460:	200004b4 	.word	0x200004b4
10000464:	001f8010 	.word	0x001f8010
10000468:	ffff87ff 	.word	0xffff87ff
1000046c:	fffff83f 	.word	0xfffff83f
10000470:	ffbfffff 	.word	0xffbfffff
10000474:	ffdfffff 	.word	0xffdfffff
10000478:	ff7fffff 	.word	0xff7fffff
1000047c:	ffe07fff 	.word	0xffe07fff
10000480:	40034000 	.word	0x40034000
10000484:	10003f08 	.word	0x10003f08
10000488:	10003f8c 	.word	0x10003f8c
1000048c:	10003f28 	.word	0x10003f28

10000490 <main>:
10000490:	b500      	push	{lr}
10000492:	b083      	sub	sp, #12
10000494:	f003 fb46 	bl	10003b24 <stdio_init_all>
10000498:	2196      	movs	r1, #150	; 0x96
1000049a:	0189      	lsls	r1, r1, #6
1000049c:	483d      	ldr	r0, [pc, #244]	; (10000594 <main+0x104>)
1000049e:	f000 ffb7 	bl	10001410 <uart_init>
100004a2:	2102      	movs	r1, #2
100004a4:	2010      	movs	r0, #16
100004a6:	f000 f881 	bl	100005ac <gpio_set_function>
100004aa:	2102      	movs	r1, #2
100004ac:	2011      	movs	r0, #17
100004ae:	f000 f87d 	bl	100005ac <gpio_set_function>
100004b2:	f003 fc8f 	bl	10003dd4 <adc_init>
100004b6:	211f      	movs	r1, #31
100004b8:	201a      	movs	r0, #26
100004ba:	f000 f877 	bl	100005ac <gpio_set_function>
100004be:	2200      	movs	r2, #0
100004c0:	2100      	movs	r1, #0
100004c2:	201a      	movs	r0, #26
100004c4:	f000 f88c 	bl	100005e0 <gpio_set_pulls>
100004c8:	2100      	movs	r1, #0
100004ca:	201a      	movs	r0, #26
100004cc:	f000 f8a4 	bl	10000618 <gpio_set_input_enabled>
100004d0:	4b31      	ldr	r3, [pc, #196]	; (10000598 <main+0x108>)
100004d2:	681b      	ldr	r3, [r3, #0]
100004d4:	22e0      	movs	r2, #224	; 0xe0
100004d6:	01d2      	lsls	r2, r2, #7
100004d8:	4013      	ands	r3, r2
100004da:	4a30      	ldr	r2, [pc, #192]	; (1000059c <main+0x10c>)
100004dc:	6013      	str	r3, [r2, #0]
100004de:	2019      	movs	r0, #25
100004e0:	f000 f8ae 	bl	10000640 <gpio_init>
100004e4:	23d0      	movs	r3, #208	; 0xd0
100004e6:	061b      	lsls	r3, r3, #24
100004e8:	2280      	movs	r2, #128	; 0x80
100004ea:	0492      	lsls	r2, r2, #18
100004ec:	625a      	str	r2, [r3, #36]	; 0x24
100004ee:	2001      	movs	r0, #1
100004f0:	f003 fc8a 	bl	10003e08 <dma_claim_unused_channel>
100004f4:	4b2a      	ldr	r3, [pc, #168]	; (100005a0 <main+0x110>)
100004f6:	6018      	str	r0, [r3, #0]
100004f8:	2001      	movs	r0, #1
100004fa:	f003 fc85 	bl	10003e08 <dma_claim_unused_channel>
100004fe:	4b29      	ldr	r3, [pc, #164]	; (100005a4 <main+0x114>)
10000500:	6018      	str	r0, [r3, #0]
10000502:	f7ff ff0d 	bl	10000320 <setup_dma_adc_transfer>
10000506:	e00a      	b.n	1000051e <main+0x8e>
10000508:	466b      	mov	r3, sp
1000050a:	3307      	adds	r3, #7
1000050c:	781b      	ldrb	r3, [r3, #0]
1000050e:	2b31      	cmp	r3, #49	; 0x31
10000510:	d01a      	beq.n	10000548 <main+0xb8>
10000512:	2b30      	cmp	r3, #48	; 0x30
10000514:	d021      	beq.n	1000055a <main+0xca>
10000516:	4b24      	ldr	r3, [pc, #144]	; (100005a8 <main+0x118>)
10000518:	781b      	ldrb	r3, [r3, #0]
1000051a:	2b00      	cmp	r3, #0
1000051c:	d126      	bne.n	1000056c <main+0xdc>
1000051e:	4b1d      	ldr	r3, [pc, #116]	; (10000594 <main+0x104>)
10000520:	699b      	ldr	r3, [r3, #24]
10000522:	2110      	movs	r1, #16
10000524:	000a      	movs	r2, r1
10000526:	401a      	ands	r2, r3
10000528:	4219      	tst	r1, r3
1000052a:	d1f4      	bne.n	10000516 <main+0x86>
1000052c:	466b      	mov	r3, sp
1000052e:	1dd9      	adds	r1, r3, #7
10000530:	2a00      	cmp	r2, #0
10000532:	d1e9      	bne.n	10000508 <main+0x78>
10000534:	4b17      	ldr	r3, [pc, #92]	; (10000594 <main+0x104>)
10000536:	699b      	ldr	r3, [r3, #24]
10000538:	06db      	lsls	r3, r3, #27
1000053a:	d4fb      	bmi.n	10000534 <main+0xa4>
1000053c:	4b15      	ldr	r3, [pc, #84]	; (10000594 <main+0x104>)
1000053e:	681b      	ldr	r3, [r3, #0]
10000540:	700b      	strb	r3, [r1, #0]
10000542:	3201      	adds	r2, #1
10000544:	3101      	adds	r1, #1
10000546:	e7f3      	b.n	10000530 <main+0xa0>
10000548:	4a17      	ldr	r2, [pc, #92]	; (100005a8 <main+0x118>)
1000054a:	2101      	movs	r1, #1
1000054c:	7011      	strb	r1, [r2, #0]
1000054e:	22d0      	movs	r2, #208	; 0xd0
10000550:	0612      	lsls	r2, r2, #24
10000552:	2180      	movs	r1, #128	; 0x80
10000554:	0489      	lsls	r1, r1, #18
10000556:	6151      	str	r1, [r2, #20]
10000558:	e7db      	b.n	10000512 <main+0x82>
1000055a:	4b13      	ldr	r3, [pc, #76]	; (100005a8 <main+0x118>)
1000055c:	2200      	movs	r2, #0
1000055e:	701a      	strb	r2, [r3, #0]
10000560:	23d0      	movs	r3, #208	; 0xd0
10000562:	061b      	lsls	r3, r3, #24
10000564:	2280      	movs	r2, #128	; 0x80
10000566:	0492      	lsls	r2, r2, #18
10000568:	619a      	str	r2, [r3, #24]
1000056a:	e7d4      	b.n	10000516 <main+0x86>
1000056c:	4b0d      	ldr	r3, [pc, #52]	; (100005a4 <main+0x114>)
1000056e:	681a      	ldr	r2, [r3, #0]
10000570:	2301      	movs	r3, #1
10000572:	4093      	lsls	r3, r2
10000574:	20a0      	movs	r0, #160	; 0xa0
10000576:	05c0      	lsls	r0, r0, #23
10000578:	2186      	movs	r1, #134	; 0x86
1000057a:	00c9      	lsls	r1, r1, #3
1000057c:	5043      	str	r3, [r0, r1]
1000057e:	0193      	lsls	r3, r2, #6
10000580:	21a0      	movs	r1, #160	; 0xa0
10000582:	05c9      	lsls	r1, r1, #23
10000584:	468c      	mov	ip, r1
10000586:	4463      	add	r3, ip
10000588:	691b      	ldr	r3, [r3, #16]
1000058a:	01db      	lsls	r3, r3, #7
1000058c:	d4f7      	bmi.n	1000057e <main+0xee>
1000058e:	f7ff ff1b 	bl	100003c8 <setup_dma_uart_transfer>
10000592:	e7c4      	b.n	1000051e <main+0x8e>
10000594:	40034000 	.word	0x40034000
10000598:	4004c000 	.word	0x4004c000
1000059c:	4004d000 	.word	0x4004d000
100005a0:	200004b4 	.word	0x200004b4
100005a4:	200004b0 	.word	0x200004b0
100005a8:	200006ed 	.word	0x200006ed

100005ac <gpio_set_function>:
100005ac:	b510      	push	{r4, lr}
100005ae:	0083      	lsls	r3, r0, #2
100005b0:	4a08      	ldr	r2, [pc, #32]	; (100005d4 <gpio_set_function+0x28>)
100005b2:	189a      	adds	r2, r3, r2
100005b4:	6812      	ldr	r2, [r2, #0]
100005b6:	2440      	movs	r4, #64	; 0x40
100005b8:	4054      	eors	r4, r2
100005ba:	22c0      	movs	r2, #192	; 0xc0
100005bc:	4022      	ands	r2, r4
100005be:	4c06      	ldr	r4, [pc, #24]	; (100005d8 <gpio_set_function+0x2c>)
100005c0:	46a4      	mov	ip, r4
100005c2:	4463      	add	r3, ip
100005c4:	601a      	str	r2, [r3, #0]
100005c6:	00c0      	lsls	r0, r0, #3
100005c8:	4b04      	ldr	r3, [pc, #16]	; (100005dc <gpio_set_function+0x30>)
100005ca:	469c      	mov	ip, r3
100005cc:	4460      	add	r0, ip
100005ce:	6041      	str	r1, [r0, #4]
100005d0:	bd10      	pop	{r4, pc}
100005d2:	46c0      	nop			; (mov r8, r8)
100005d4:	4001c004 	.word	0x4001c004
100005d8:	4001d004 	.word	0x4001d004
100005dc:	40014000 	.word	0x40014000

100005e0 <gpio_set_pulls>:
100005e0:	0080      	lsls	r0, r0, #2
100005e2:	4b0c      	ldr	r3, [pc, #48]	; (10000614 <gpio_set_pulls+0x34>)
100005e4:	469c      	mov	ip, r3
100005e6:	4460      	add	r0, ip
100005e8:	2900      	cmp	r1, #0
100005ea:	d00e      	beq.n	1000060a <gpio_set_pulls+0x2a>
100005ec:	2308      	movs	r3, #8
100005ee:	2a00      	cmp	r2, #0
100005f0:	d00d      	beq.n	1000060e <gpio_set_pulls+0x2e>
100005f2:	2204      	movs	r2, #4
100005f4:	4313      	orrs	r3, r2
100005f6:	6802      	ldr	r2, [r0, #0]
100005f8:	4053      	eors	r3, r2
100005fa:	220c      	movs	r2, #12
100005fc:	4013      	ands	r3, r2
100005fe:	2280      	movs	r2, #128	; 0x80
10000600:	0152      	lsls	r2, r2, #5
10000602:	4694      	mov	ip, r2
10000604:	4460      	add	r0, ip
10000606:	6003      	str	r3, [r0, #0]
10000608:	4770      	bx	lr
1000060a:	2300      	movs	r3, #0
1000060c:	e7ef      	b.n	100005ee <gpio_set_pulls+0xe>
1000060e:	2200      	movs	r2, #0
10000610:	e7f0      	b.n	100005f4 <gpio_set_pulls+0x14>
10000612:	46c0      	nop			; (mov r8, r8)
10000614:	4001c004 	.word	0x4001c004

10000618 <gpio_set_input_enabled>:
10000618:	2900      	cmp	r1, #0
1000061a:	d006      	beq.n	1000062a <gpio_set_input_enabled+0x12>
1000061c:	0080      	lsls	r0, r0, #2
1000061e:	4b06      	ldr	r3, [pc, #24]	; (10000638 <gpio_set_input_enabled+0x20>)
10000620:	469c      	mov	ip, r3
10000622:	4460      	add	r0, ip
10000624:	2340      	movs	r3, #64	; 0x40
10000626:	6003      	str	r3, [r0, #0]
10000628:	4770      	bx	lr
1000062a:	0080      	lsls	r0, r0, #2
1000062c:	4b03      	ldr	r3, [pc, #12]	; (1000063c <gpio_set_input_enabled+0x24>)
1000062e:	469c      	mov	ip, r3
10000630:	4460      	add	r0, ip
10000632:	2340      	movs	r3, #64	; 0x40
10000634:	6003      	str	r3, [r0, #0]
10000636:	e7f7      	b.n	10000628 <gpio_set_input_enabled+0x10>
10000638:	4001e004 	.word	0x4001e004
1000063c:	4001f004 	.word	0x4001f004

10000640 <gpio_init>:
10000640:	b510      	push	{r4, lr}
10000642:	2301      	movs	r3, #1
10000644:	4083      	lsls	r3, r0
10000646:	22d0      	movs	r2, #208	; 0xd0
10000648:	0612      	lsls	r2, r2, #24
1000064a:	6293      	str	r3, [r2, #40]	; 0x28
1000064c:	6193      	str	r3, [r2, #24]
1000064e:	2105      	movs	r1, #5
10000650:	f7ff ffac 	bl	100005ac <gpio_set_function>
10000654:	bd10      	pop	{r4, pc}
	...

10000658 <panic>:
10000658:	b40f      	push	{r0, r1, r2, r3}
1000065a:	b500      	push	{lr}
1000065c:	b083      	sub	sp, #12
1000065e:	4808      	ldr	r0, [pc, #32]	; (10000680 <panic+0x28>)
10000660:	f003 fa65 	bl	10003b2e <__wrap_puts>
10000664:	9b04      	ldr	r3, [sp, #16]
10000666:	2b00      	cmp	r3, #0
10000668:	d007      	beq.n	1000067a <panic+0x22>
1000066a:	a905      	add	r1, sp, #20
1000066c:	9101      	str	r1, [sp, #4]
1000066e:	0018      	movs	r0, r3
10000670:	f003 fa6c 	bl	10003b4c <__wrap_vprintf>
10000674:	4803      	ldr	r0, [pc, #12]	; (10000684 <panic+0x2c>)
10000676:	f003 fa5a 	bl	10003b2e <__wrap_puts>
1000067a:	2001      	movs	r0, #1
1000067c:	f003 f910 	bl	100038a0 <_exit>
10000680:	10003fa8 	.word	0x10003fa8
10000684:	10003fb8 	.word	0x10003fb8

10000688 <hw_claim_lock>:
10000688:	f3ef 8010 	mrs	r0, PRIMASK
1000068c:	b672      	cpsid	i
1000068e:	4b03      	ldr	r3, [pc, #12]	; (1000069c <hw_claim_lock+0x14>)
10000690:	681b      	ldr	r3, [r3, #0]
10000692:	2b00      	cmp	r3, #0
10000694:	d0fb      	beq.n	1000068e <hw_claim_lock+0x6>
10000696:	f3bf 8f5f 	dmb	sy
1000069a:	4770      	bx	lr
1000069c:	d000012c 	.word	0xd000012c

100006a0 <hw_claim_unlock>:
100006a0:	f3bf 8f5f 	dmb	sy
100006a4:	4b02      	ldr	r3, [pc, #8]	; (100006b0 <hw_claim_unlock+0x10>)
100006a6:	2200      	movs	r2, #0
100006a8:	601a      	str	r2, [r3, #0]
100006aa:	f380 8810 	msr	PRIMASK, r0
100006ae:	4770      	bx	lr
100006b0:	d000012c 	.word	0xd000012c

100006b4 <hw_claim_or_assert>:
100006b4:	b5f8      	push	{r3, r4, r5, r6, r7, lr}
100006b6:	0006      	movs	r6, r0
100006b8:	000c      	movs	r4, r1
100006ba:	0015      	movs	r5, r2
100006bc:	f7ff ffe4 	bl	10000688 <hw_claim_lock>
100006c0:	08e3      	lsrs	r3, r4, #3
100006c2:	18f7      	adds	r7, r6, r3
100006c4:	5cf1      	ldrb	r1, [r6, r3]
100006c6:	2207      	movs	r2, #7
100006c8:	4022      	ands	r2, r4
100006ca:	2301      	movs	r3, #1
100006cc:	4093      	lsls	r3, r2
100006ce:	420b      	tst	r3, r1
100006d0:	d105      	bne.n	100006de <hw_claim_or_assert+0x2a>
100006d2:	b2db      	uxtb	r3, r3
100006d4:	430b      	orrs	r3, r1
100006d6:	703b      	strb	r3, [r7, #0]
100006d8:	f7ff ffe2 	bl	100006a0 <hw_claim_unlock>
100006dc:	bdf8      	pop	{r3, r4, r5, r6, r7, pc}
100006de:	0021      	movs	r1, r4
100006e0:	0028      	movs	r0, r5
100006e2:	f7ff ffb9 	bl	10000658 <panic>

100006e6 <hw_claim_unused_from_range>:
100006e6:	b5f0      	push	{r4, r5, r6, r7, lr}
100006e8:	b083      	sub	sp, #12
100006ea:	0006      	movs	r6, r0
100006ec:	9101      	str	r1, [sp, #4]
100006ee:	0014      	movs	r4, r2
100006f0:	001f      	movs	r7, r3
100006f2:	f7ff ffc9 	bl	10000688 <hw_claim_lock>
100006f6:	e000      	b.n	100006fa <hw_claim_unused_from_range+0x14>
100006f8:	3401      	adds	r4, #1
100006fa:	42bc      	cmp	r4, r7
100006fc:	d80c      	bhi.n	10000718 <hw_claim_unused_from_range+0x32>
100006fe:	08e3      	lsrs	r3, r4, #3
10000700:	18f5      	adds	r5, r6, r3
10000702:	5cf3      	ldrb	r3, [r6, r3]
10000704:	2107      	movs	r1, #7
10000706:	4021      	ands	r1, r4
10000708:	2201      	movs	r2, #1
1000070a:	408a      	lsls	r2, r1
1000070c:	421a      	tst	r2, r3
1000070e:	d1f3      	bne.n	100006f8 <hw_claim_unused_from_range+0x12>
10000710:	b2d2      	uxtb	r2, r2
10000712:	431a      	orrs	r2, r3
10000714:	702a      	strb	r2, [r5, #0]
10000716:	e001      	b.n	1000071c <hw_claim_unused_from_range+0x36>
10000718:	2401      	movs	r4, #1
1000071a:	4264      	negs	r4, r4
1000071c:	f7ff ffc0 	bl	100006a0 <hw_claim_unlock>
10000720:	2c00      	cmp	r4, #0
10000722:	db02      	blt.n	1000072a <hw_claim_unused_from_range+0x44>
10000724:	0020      	movs	r0, r4
10000726:	b003      	add	sp, #12
10000728:	bdf0      	pop	{r4, r5, r6, r7, pc}
1000072a:	9b01      	ldr	r3, [sp, #4]
1000072c:	2b00      	cmp	r3, #0
1000072e:	d0f9      	beq.n	10000724 <hw_claim_unused_from_range+0x3e>
10000730:	9808      	ldr	r0, [sp, #32]
10000732:	f7ff ff91 	bl	10000658 <panic>
	...

10000738 <next_striped_spin_lock_num>:
10000738:	4a05      	ldr	r2, [pc, #20]	; (10000750 <next_striped_spin_lock_num+0x18>)
1000073a:	7810      	ldrb	r0, [r2, #0]
1000073c:	1c43      	adds	r3, r0, #1
1000073e:	b2db      	uxtb	r3, r3
10000740:	7013      	strb	r3, [r2, #0]
10000742:	2b17      	cmp	r3, #23
10000744:	d902      	bls.n	1000074c <next_striped_spin_lock_num+0x14>
10000746:	0013      	movs	r3, r2
10000748:	2210      	movs	r2, #16
1000074a:	701a      	strb	r2, [r3, #0]
1000074c:	4770      	bx	lr
1000074e:	46c0      	nop			; (mov r8, r8)
10000750:	20000238 	.word	0x20000238

10000754 <spin_locks_reset>:
10000754:	2300      	movs	r3, #0
10000756:	e007      	b.n	10000768 <spin_locks_reset+0x14>
10000758:	4a05      	ldr	r2, [pc, #20]	; (10000770 <spin_locks_reset+0x1c>)
1000075a:	189a      	adds	r2, r3, r2
1000075c:	0092      	lsls	r2, r2, #2
1000075e:	f3bf 8f5f 	dmb	sy
10000762:	2100      	movs	r1, #0
10000764:	6011      	str	r1, [r2, #0]
10000766:	3301      	adds	r3, #1
10000768:	2b1f      	cmp	r3, #31
1000076a:	d9f5      	bls.n	10000758 <spin_locks_reset+0x4>
1000076c:	4770      	bx	lr
1000076e:	46c0      	nop			; (mov r8, r8)
10000770:	34000040 	.word	0x34000040

10000774 <set_raw_irq_handler_and_unlock>:
10000774:	4b07      	ldr	r3, [pc, #28]	; (10000794 <set_raw_irq_handler_and_unlock+0x20>)
10000776:	689b      	ldr	r3, [r3, #8]
10000778:	3010      	adds	r0, #16
1000077a:	0080      	lsls	r0, r0, #2
1000077c:	5019      	str	r1, [r3, r0]
1000077e:	f3bf 8f5f 	dmb	sy
10000782:	f3bf 8f5f 	dmb	sy
10000786:	4b04      	ldr	r3, [pc, #16]	; (10000798 <set_raw_irq_handler_and_unlock+0x24>)
10000788:	2100      	movs	r1, #0
1000078a:	6019      	str	r1, [r3, #0]
1000078c:	f382 8810 	msr	PRIMASK, r2
10000790:	4770      	bx	lr
10000792:	46c0      	nop			; (mov r8, r8)
10000794:	e000ed00 	.word	0xe000ed00
10000798:	d0000124 	.word	0xd0000124

1000079c <nvic_ipr0>:
1000079c:	4800      	ldr	r0, [pc, #0]	; (100007a0 <nvic_ipr0+0x4>)
1000079e:	4770      	bx	lr
100007a0:	e000e400 	.word	0xe000e400

100007a4 <runtime_init_per_core_irq_priorities>:
100007a4:	b510      	push	{r4, lr}
100007a6:	f7ff fff9 	bl	1000079c <nvic_ipr0>
100007aa:	2300      	movs	r3, #0
100007ac:	e002      	b.n	100007b4 <runtime_init_per_core_irq_priorities+0x10>
100007ae:	4a03      	ldr	r2, [pc, #12]	; (100007bc <runtime_init_per_core_irq_priorities+0x18>)
100007b0:	c004      	stmia	r0!, {r2}
100007b2:	3301      	adds	r3, #1
100007b4:	2b07      	cmp	r3, #7
100007b6:	d9fa      	bls.n	100007ae <runtime_init_per_core_irq_priorities+0xa>
100007b8:	bd10      	pop	{r4, pc}
100007ba:	46c0      	nop			; (mov r8, r8)
100007bc:	80808080 	.word	0x80808080

100007c0 <make_j_16>:
100007c0:	b510      	push	{r4, lr}
100007c2:	1a09      	subs	r1, r1, r0
100007c4:	1f08      	subs	r0, r1, #4
100007c6:	4b0b      	ldr	r3, [pc, #44]	; (100007f4 <make_j_16+0x34>)
100007c8:	469c      	mov	ip, r3
100007ca:	4461      	add	r1, ip
100007cc:	4a0a      	ldr	r2, [pc, #40]	; (100007f8 <make_j_16+0x38>)
100007ce:	4291      	cmp	r1, r2
100007d0:	d808      	bhi.n	100007e4 <make_j_16+0x24>
100007d2:	07c3      	lsls	r3, r0, #31
100007d4:	d406      	bmi.n	100007e4 <make_j_16+0x24>
100007d6:	1040      	asrs	r0, r0, #1
100007d8:	0540      	lsls	r0, r0, #21
100007da:	0d40      	lsrs	r0, r0, #21
100007dc:	4b07      	ldr	r3, [pc, #28]	; (100007fc <make_j_16+0x3c>)
100007de:	4318      	orrs	r0, r3
100007e0:	b280      	uxth	r0, r0
100007e2:	bd10      	pop	{r4, pc}
100007e4:	2102      	movs	r1, #2
100007e6:	4b06      	ldr	r3, [pc, #24]	; (10000800 <make_j_16+0x40>)
100007e8:	4a06      	ldr	r2, [pc, #24]	; (10000804 <make_j_16+0x44>)
100007ea:	31ff      	adds	r1, #255	; 0xff
100007ec:	4806      	ldr	r0, [pc, #24]	; (10000808 <make_j_16+0x48>)
100007ee:	f003 f85d 	bl	100038ac <__assert_func>
100007f2:	46c0      	nop			; (mov r8, r8)
100007f4:	000007fc 	.word	0x000007fc
100007f8:	00000ffe 	.word	0x00000ffe
100007fc:	ffffe000 	.word	0xffffe000
10000800:	10003fbc 	.word	0x10003fbc
10000804:	10004224 	.word	0x10004224
10000808:	10003fec 	.word	0x10003fec

1000080c <insert_bl_32>:
1000080c:	b510      	push	{r4, lr}
1000080e:	1a09      	subs	r1, r1, r0
10000810:	3904      	subs	r1, #4
10000812:	084c      	lsrs	r4, r1, #1
10000814:	0b09      	lsrs	r1, r1, #12
10000816:	d108      	bne.n	1000082a <insert_bl_32+0x1e>
10000818:	0549      	lsls	r1, r1, #21
1000081a:	0d49      	lsrs	r1, r1, #21
1000081c:	4a06      	ldr	r2, [pc, #24]	; (10000838 <insert_bl_32+0x2c>)
1000081e:	4311      	orrs	r1, r2
10000820:	8001      	strh	r1, [r0, #0]
10000822:	4b06      	ldr	r3, [pc, #24]	; (1000083c <insert_bl_32+0x30>)
10000824:	4323      	orrs	r3, r4
10000826:	8043      	strh	r3, [r0, #2]
10000828:	bd10      	pop	{r4, pc}
1000082a:	210a      	movs	r1, #10
1000082c:	4b04      	ldr	r3, [pc, #16]	; (10000840 <insert_bl_32+0x34>)
1000082e:	4a05      	ldr	r2, [pc, #20]	; (10000844 <insert_bl_32+0x38>)
10000830:	31ff      	adds	r1, #255	; 0xff
10000832:	4805      	ldr	r0, [pc, #20]	; (10000848 <insert_bl_32+0x3c>)
10000834:	f003 f83a 	bl	100038ac <__assert_func>
10000838:	fffff000 	.word	0xfffff000
1000083c:	fffff800 	.word	0xfffff800
10000840:	10004038 	.word	0x10004038
10000844:	10004200 	.word	0x10004200
10000848:	10003fec 	.word	0x10003fec

1000084c <irq_is_enabled>:
1000084c:	2301      	movs	r3, #1
1000084e:	4083      	lsls	r3, r0
10000850:	4a03      	ldr	r2, [pc, #12]	; (10000860 <irq_is_enabled+0x14>)
10000852:	6810      	ldr	r0, [r2, #0]
10000854:	4018      	ands	r0, r3
10000856:	1e43      	subs	r3, r0, #1
10000858:	4198      	sbcs	r0, r3
1000085a:	b2c0      	uxtb	r0, r0
1000085c:	4770      	bx	lr
1000085e:	46c0      	nop			; (mov r8, r8)
10000860:	e000e100 	.word	0xe000e100

10000864 <irq_set_mask_n_enabled>:
10000864:	2a00      	cmp	r2, #0
10000866:	d005      	beq.n	10000874 <irq_set_mask_n_enabled+0x10>
10000868:	4b04      	ldr	r3, [pc, #16]	; (1000087c <irq_set_mask_n_enabled+0x18>)
1000086a:	22c0      	movs	r2, #192	; 0xc0
1000086c:	0052      	lsls	r2, r2, #1
1000086e:	5099      	str	r1, [r3, r2]
10000870:	6019      	str	r1, [r3, #0]
10000872:	4770      	bx	lr
10000874:	4a01      	ldr	r2, [pc, #4]	; (1000087c <irq_set_mask_n_enabled+0x18>)
10000876:	2380      	movs	r3, #128	; 0x80
10000878:	50d1      	str	r1, [r2, r3]
1000087a:	e7fa      	b.n	10000872 <irq_set_mask_n_enabled+0xe>
1000087c:	e000e100 	.word	0xe000e100

10000880 <irq_set_enabled>:
10000880:	b510      	push	{r4, lr}
10000882:	000a      	movs	r2, r1
10000884:	231f      	movs	r3, #31
10000886:	4003      	ands	r3, r0
10000888:	2101      	movs	r1, #1
1000088a:	4099      	lsls	r1, r3
1000088c:	0940      	lsrs	r0, r0, #5
1000088e:	f7ff ffe9 	bl	10000864 <irq_set_mask_n_enabled>
10000892:	bd10      	pop	{r4, pc}

10000894 <irq_get_vtable_handler>:
10000894:	4b02      	ldr	r3, [pc, #8]	; (100008a0 <irq_get_vtable_handler+0xc>)
10000896:	689b      	ldr	r3, [r3, #8]
10000898:	3010      	adds	r0, #16
1000089a:	0080      	lsls	r0, r0, #2
1000089c:	58c0      	ldr	r0, [r0, r3]
1000089e:	4770      	bx	lr
100008a0:	e000ed00 	.word	0xe000ed00

100008a4 <irq_set_exclusive_handler>:
100008a4:	b570      	push	{r4, r5, r6, lr}
100008a6:	0004      	movs	r4, r0
100008a8:	000d      	movs	r5, r1
100008aa:	f3ef 8610 	mrs	r6, PRIMASK
100008ae:	b672      	cpsid	i
100008b0:	4b0c      	ldr	r3, [pc, #48]	; (100008e4 <irq_set_exclusive_handler+0x40>)
100008b2:	681b      	ldr	r3, [r3, #0]
100008b4:	2b00      	cmp	r3, #0
100008b6:	d0fb      	beq.n	100008b0 <irq_set_exclusive_handler+0xc>
100008b8:	f3bf 8f5f 	dmb	sy
100008bc:	0020      	movs	r0, r4
100008be:	f7ff ffe9 	bl	10000894 <irq_get_vtable_handler>
100008c2:	4b09      	ldr	r3, [pc, #36]	; (100008e8 <irq_set_exclusive_handler+0x44>)
100008c4:	4298      	cmp	r0, r3
100008c6:	d001      	beq.n	100008cc <irq_set_exclusive_handler+0x28>
100008c8:	42a8      	cmp	r0, r5
100008ca:	d105      	bne.n	100008d8 <irq_set_exclusive_handler+0x34>
100008cc:	0032      	movs	r2, r6
100008ce:	0029      	movs	r1, r5
100008d0:	0020      	movs	r0, r4
100008d2:	f7ff ff4f 	bl	10000774 <set_raw_irq_handler_and_unlock>
100008d6:	bd70      	pop	{r4, r5, r6, pc}
100008d8:	4b04      	ldr	r3, [pc, #16]	; (100008ec <irq_set_exclusive_handler+0x48>)
100008da:	4a05      	ldr	r2, [pc, #20]	; (100008f0 <irq_set_exclusive_handler+0x4c>)
100008dc:	21e1      	movs	r1, #225	; 0xe1
100008de:	4805      	ldr	r0, [pc, #20]	; (100008f4 <irq_set_exclusive_handler+0x50>)
100008e0:	f002 ffe4 	bl	100038ac <__assert_func>
100008e4:	d0000124 	.word	0xd0000124
100008e8:	100001cd 	.word	0x100001cd
100008ec:	10004048 	.word	0x10004048
100008f0:	10004240 	.word	0x10004240
100008f4:	10003fec 	.word	0x10003fec

100008f8 <irq_remove_handler>:
100008f8:	b5f0      	push	{r4, r5, r6, r7, lr}
100008fa:	46ce      	mov	lr, r9
100008fc:	4647      	mov	r7, r8
100008fe:	b580      	push	{r7, lr}
10000900:	b083      	sub	sp, #12
10000902:	0006      	movs	r6, r0
10000904:	000d      	movs	r5, r1
10000906:	f3ef 8810 	mrs	r8, PRIMASK
1000090a:	b672      	cpsid	i
1000090c:	4b56      	ldr	r3, [pc, #344]	; (10000a68 <irq_remove_handler+0x170>)
1000090e:	681b      	ldr	r3, [r3, #0]
10000910:	2b00      	cmp	r3, #0
10000912:	d0fb      	beq.n	1000090c <irq_remove_handler+0x14>
10000914:	f3bf 8f5f 	dmb	sy
10000918:	4b54      	ldr	r3, [pc, #336]	; (10000a6c <irq_remove_handler+0x174>)
1000091a:	689a      	ldr	r2, [r3, #8]
1000091c:	0034      	movs	r4, r6
1000091e:	3410      	adds	r4, #16
10000920:	00a3      	lsls	r3, r4, #2
10000922:	58d7      	ldr	r7, [r2, r3]
10000924:	4b52      	ldr	r3, [pc, #328]	; (10000a70 <irq_remove_handler+0x178>)
10000926:	429f      	cmp	r7, r3
10000928:	d007      	beq.n	1000093a <irq_remove_handler+0x42>
1000092a:	42af      	cmp	r7, r5
1000092c:	d100      	bne.n	10000930 <irq_remove_handler+0x38>
1000092e:	e098      	b.n	10000a62 <irq_remove_handler+0x16a>
10000930:	9701      	str	r7, [sp, #4]
10000932:	4b50      	ldr	r3, [pc, #320]	; (10000a74 <irq_remove_handler+0x17c>)
10000934:	1afb      	subs	r3, r7, r3
10000936:	2b2f      	cmp	r3, #47	; 0x2f
10000938:	d909      	bls.n	1000094e <irq_remove_handler+0x56>
1000093a:	4642      	mov	r2, r8
1000093c:	0039      	movs	r1, r7
1000093e:	0030      	movs	r0, r6
10000940:	f7ff ff18 	bl	10000774 <set_raw_irq_handler_and_unlock>
10000944:	b003      	add	sp, #12
10000946:	bcc0      	pop	{r6, r7}
10000948:	46b9      	mov	r9, r7
1000094a:	46b0      	mov	r8, r6
1000094c:	bdf0      	pop	{r4, r5, r6, r7, pc}
1000094e:	0030      	movs	r0, r6
10000950:	f7ff ff7c 	bl	1000084c <irq_is_enabled>
10000954:	4681      	mov	r9, r0
10000956:	2100      	movs	r1, #0
10000958:	0030      	movs	r0, r6
1000095a:	f7ff ff91 	bl	10000880 <irq_set_enabled>
1000095e:	f3bf 8f5f 	dmb	sy
10000962:	f3ef 8105 	mrs	r1, IPSR
10000966:	2900      	cmp	r1, #0
10000968:	d001      	beq.n	1000096e <irq_remove_handler+0x76>
1000096a:	428c      	cmp	r4, r1
1000096c:	d111      	bne.n	10000992 <irq_remove_handler+0x9a>
1000096e:	2301      	movs	r3, #1
10000970:	9c01      	ldr	r4, [sp, #4]
10000972:	439c      	bics	r4, r3
10000974:	2200      	movs	r2, #0
10000976:	68a3      	ldr	r3, [r4, #8]
10000978:	429d      	cmp	r5, r3
1000097a:	d012      	beq.n	100009a2 <irq_remove_handler+0xaa>
1000097c:	2206      	movs	r2, #6
1000097e:	56a2      	ldrsb	r2, [r4, r2]
10000980:	2a00      	cmp	r2, #0
10000982:	db0d      	blt.n	100009a0 <irq_remove_handler+0xa8>
10000984:	0053      	lsls	r3, r2, #1
10000986:	189b      	adds	r3, r3, r2
10000988:	009b      	lsls	r3, r3, #2
1000098a:	0022      	movs	r2, r4
1000098c:	4c39      	ldr	r4, [pc, #228]	; (10000a74 <irq_remove_handler+0x17c>)
1000098e:	18e4      	adds	r4, r4, r3
10000990:	e7f1      	b.n	10000976 <irq_remove_handler+0x7e>
10000992:	21f4      	movs	r1, #244	; 0xf4
10000994:	4b38      	ldr	r3, [pc, #224]	; (10000a78 <irq_remove_handler+0x180>)
10000996:	4a39      	ldr	r2, [pc, #228]	; (10000a7c <irq_remove_handler+0x184>)
10000998:	31ff      	adds	r1, #255	; 0xff
1000099a:	4839      	ldr	r0, [pc, #228]	; (10000a80 <irq_remove_handler+0x188>)
1000099c:	f002 ff86 	bl	100038ac <__assert_func>
100009a0:	0022      	movs	r2, r4
100009a2:	429d      	cmp	r5, r3
100009a4:	d157      	bne.n	10000a56 <irq_remove_handler+0x15e>
100009a6:	2506      	movs	r5, #6
100009a8:	5765      	ldrsb	r5, [r4, r5]
100009aa:	2d00      	cmp	r5, #0
100009ac:	db39      	blt.n	10000a22 <irq_remove_handler+0x12a>
100009ae:	006b      	lsls	r3, r5, #1
100009b0:	195b      	adds	r3, r3, r5
100009b2:	009a      	lsls	r2, r3, #2
100009b4:	4b2f      	ldr	r3, [pc, #188]	; (10000a74 <irq_remove_handler+0x17c>)
100009b6:	189b      	adds	r3, r3, r2
100009b8:	689a      	ldr	r2, [r3, #8]
100009ba:	60a2      	str	r2, [r4, #8]
100009bc:	79da      	ldrb	r2, [r3, #7]
100009be:	71e2      	strb	r2, [r4, #7]
100009c0:	2206      	movs	r2, #6
100009c2:	569a      	ldrsb	r2, [r3, r2]
100009c4:	71a2      	strb	r2, [r4, #6]
100009c6:	799b      	ldrb	r3, [r3, #6]
100009c8:	b25b      	sxtb	r3, r3
100009ca:	2b00      	cmp	r3, #0
100009cc:	da0f      	bge.n	100009ee <irq_remove_handler+0xf6>
100009ce:	482d      	ldr	r0, [pc, #180]	; (10000a84 <irq_remove_handler+0x18c>)
100009d0:	80a0      	strh	r0, [r4, #4]
100009d2:	006b      	lsls	r3, r5, #1
100009d4:	195b      	adds	r3, r3, r5
100009d6:	009b      	lsls	r3, r3, #2
100009d8:	4a26      	ldr	r2, [pc, #152]	; (10000a74 <irq_remove_handler+0x17c>)
100009da:	18d3      	adds	r3, r2, r3
100009dc:	4a2a      	ldr	r2, [pc, #168]	; (10000a88 <irq_remove_handler+0x190>)
100009de:	7811      	ldrb	r1, [r2, #0]
100009e0:	7199      	strb	r1, [r3, #6]
100009e2:	7015      	strb	r5, [r2, #0]
100009e4:	4649      	mov	r1, r9
100009e6:	0030      	movs	r0, r6
100009e8:	f7ff ff4a 	bl	10000880 <irq_set_enabled>
100009ec:	e7a5      	b.n	1000093a <irq_remove_handler+0x42>
100009ee:	1d20      	adds	r0, r4, #4
100009f0:	006b      	lsls	r3, r5, #1
100009f2:	195b      	adds	r3, r3, r5
100009f4:	009b      	lsls	r3, r3, #2
100009f6:	4a1f      	ldr	r2, [pc, #124]	; (10000a74 <irq_remove_handler+0x17c>)
100009f8:	189b      	adds	r3, r3, r2
100009fa:	1d1a      	adds	r2, r3, #4
100009fc:	889b      	ldrh	r3, [r3, #4]
100009fe:	0ad9      	lsrs	r1, r3, #11
10000a00:	291c      	cmp	r1, #28
10000a02:	d107      	bne.n	10000a14 <irq_remove_handler+0x11c>
10000a04:	055b      	lsls	r3, r3, #21
10000a06:	155b      	asrs	r3, r3, #21
10000a08:	3302      	adds	r3, #2
10000a0a:	0059      	lsls	r1, r3, #1
10000a0c:	1851      	adds	r1, r2, r1
10000a0e:	f7ff fed7 	bl	100007c0 <make_j_16>
10000a12:	e7dd      	b.n	100009d0 <irq_remove_handler+0xd8>
10000a14:	2110      	movs	r1, #16
10000a16:	4b1d      	ldr	r3, [pc, #116]	; (10000a8c <irq_remove_handler+0x194>)
10000a18:	4a1d      	ldr	r2, [pc, #116]	; (10000a90 <irq_remove_handler+0x198>)
10000a1a:	31ff      	adds	r1, #255	; 0xff
10000a1c:	4818      	ldr	r0, [pc, #96]	; (10000a80 <irq_remove_handler+0x188>)
10000a1e:	f002 ff45 	bl	100038ac <__assert_func>
10000a22:	2900      	cmp	r1, #0
10000a24:	d112      	bne.n	10000a4c <irq_remove_handler+0x154>
10000a26:	2a00      	cmp	r2, #0
10000a28:	d00e      	beq.n	10000a48 <irq_remove_handler+0x150>
10000a2a:	23ff      	movs	r3, #255	; 0xff
10000a2c:	7193      	strb	r3, [r2, #6]
10000a2e:	4b19      	ldr	r3, [pc, #100]	; (10000a94 <irq_remove_handler+0x19c>)
10000a30:	8093      	strh	r3, [r2, #4]
10000a32:	4a15      	ldr	r2, [pc, #84]	; (10000a88 <irq_remove_handler+0x190>)
10000a34:	7813      	ldrb	r3, [r2, #0]
10000a36:	71a3      	strb	r3, [r4, #6]
10000a38:	4b17      	ldr	r3, [pc, #92]	; (10000a98 <irq_remove_handler+0x1a0>)
10000a3a:	490e      	ldr	r1, [pc, #56]	; (10000a74 <irq_remove_handler+0x17c>)
10000a3c:	1a64      	subs	r4, r4, r1
10000a3e:	4164      	adcs	r4, r4
10000a40:	4363      	muls	r3, r4
10000a42:	0d1b      	lsrs	r3, r3, #20
10000a44:	7013      	strb	r3, [r2, #0]
10000a46:	e7cd      	b.n	100009e4 <irq_remove_handler+0xec>
10000a48:	4f09      	ldr	r7, [pc, #36]	; (10000a70 <irq_remove_handler+0x178>)
10000a4a:	e7f2      	b.n	10000a32 <irq_remove_handler+0x13a>
10000a4c:	1d20      	adds	r0, r4, #4
10000a4e:	4913      	ldr	r1, [pc, #76]	; (10000a9c <irq_remove_handler+0x1a4>)
10000a50:	f7ff fedc 	bl	1000080c <insert_bl_32>
10000a54:	e7c6      	b.n	100009e4 <irq_remove_handler+0xec>
10000a56:	4b12      	ldr	r3, [pc, #72]	; (10000aa0 <irq_remove_handler+0x1a8>)
10000a58:	4a08      	ldr	r2, [pc, #32]	; (10000a7c <irq_remove_handler+0x184>)
10000a5a:	4912      	ldr	r1, [pc, #72]	; (10000aa4 <irq_remove_handler+0x1ac>)
10000a5c:	4808      	ldr	r0, [pc, #32]	; (10000a80 <irq_remove_handler+0x188>)
10000a5e:	f002 ff25 	bl	100038ac <__assert_func>
10000a62:	4f03      	ldr	r7, [pc, #12]	; (10000a70 <irq_remove_handler+0x178>)
10000a64:	e769      	b.n	1000093a <irq_remove_handler+0x42>
10000a66:	46c0      	nop			; (mov r8, r8)
10000a68:	d0000124 	.word	0xd0000124
10000a6c:	e000ed00 	.word	0xe000ed00
10000a70:	100001cd 	.word	0x100001cd
10000a74:	2000023c 	.word	0x2000023c
10000a78:	1000416c 	.word	0x1000416c
10000a7c:	10004210 	.word	0x10004210
10000a80:	10003fec 	.word	0x10003fec
10000a84:	0000bd01 	.word	0x0000bd01
10000a88:	200006ec 	.word	0x200006ec
10000a8c:	10004154 	.word	0x10004154
10000a90:	10004230 	.word	0x10004230
10000a94:	ffffbd01 	.word	0xffffbd01
10000a98:	0000aaaa 	.word	0x0000aaaa
10000a9c:	20000276 	.word	0x20000276
10000aa0:	100041a0 	.word	0x100041a0
10000aa4:	00000235 	.word	0x00000235

10000aa8 <irq_add_tail_to_free_list>:
10000aa8:	b570      	push	{r4, r5, r6, lr}
10000aaa:	2101      	movs	r1, #1
10000aac:	4301      	orrs	r1, r0
10000aae:	4b2c      	ldr	r3, [pc, #176]	; (10000b60 <irq_add_tail_to_free_list+0xb8>)
10000ab0:	1acb      	subs	r3, r1, r3
10000ab2:	2b2f      	cmp	r3, #47	; 0x2f
10000ab4:	d828      	bhi.n	10000b08 <irq_add_tail_to_free_list+0x60>
10000ab6:	f3ef 8305 	mrs	r3, IPSR
10000aba:	2b00      	cmp	r3, #0
10000abc:	d02a      	beq.n	10000b14 <irq_add_tail_to_free_list+0x6c>
10000abe:	f3ef 8c10 	mrs	ip, PRIMASK
10000ac2:	b672      	cpsid	i
10000ac4:	4a27      	ldr	r2, [pc, #156]	; (10000b64 <irq_add_tail_to_free_list+0xbc>)
10000ac6:	6812      	ldr	r2, [r2, #0]
10000ac8:	2a00      	cmp	r2, #0
10000aca:	d0fb      	beq.n	10000ac4 <irq_add_tail_to_free_list+0x1c>
10000acc:	f3bf 8f5f 	dmb	sy
10000ad0:	4a25      	ldr	r2, [pc, #148]	; (10000b68 <irq_add_tail_to_free_list+0xc0>)
10000ad2:	0004      	movs	r4, r0
10000ad4:	4d22      	ldr	r5, [pc, #136]	; (10000b60 <irq_add_tail_to_free_list+0xb8>)
10000ad6:	1b64      	subs	r4, r4, r5
10000ad8:	4164      	adcs	r4, r4
10000ada:	4362      	muls	r2, r4
10000adc:	0d12      	lsrs	r2, r2, #20
10000ade:	b254      	sxtb	r4, r2
10000ae0:	4a22      	ldr	r2, [pc, #136]	; (10000b6c <irq_add_tail_to_free_list+0xc4>)
10000ae2:	6892      	ldr	r2, [r2, #8]
10000ae4:	009b      	lsls	r3, r3, #2
10000ae6:	58d2      	ldr	r2, [r2, r3]
10000ae8:	428a      	cmp	r2, r1
10000aea:	d019      	beq.n	10000b20 <irq_add_tail_to_free_list+0x78>
10000aec:	2200      	movs	r2, #0
10000aee:	2a03      	cmp	r2, #3
10000af0:	d830      	bhi.n	10000b54 <irq_add_tail_to_free_list+0xac>
10000af2:	0053      	lsls	r3, r2, #1
10000af4:	189b      	adds	r3, r3, r2
10000af6:	009b      	lsls	r3, r3, #2
10000af8:	4919      	ldr	r1, [pc, #100]	; (10000b60 <irq_add_tail_to_free_list+0xb8>)
10000afa:	18cb      	adds	r3, r1, r3
10000afc:	799b      	ldrb	r3, [r3, #6]
10000afe:	b25b      	sxtb	r3, r3
10000b00:	42a3      	cmp	r3, r4
10000b02:	d01d      	beq.n	10000b40 <irq_add_tail_to_free_list+0x98>
10000b04:	3201      	adds	r2, #1
10000b06:	e7f2      	b.n	10000aee <irq_add_tail_to_free_list+0x46>
10000b08:	4b19      	ldr	r3, [pc, #100]	; (10000b70 <irq_add_tail_to_free_list+0xc8>)
10000b0a:	4a1a      	ldr	r2, [pc, #104]	; (10000b74 <irq_add_tail_to_free_list+0xcc>)
10000b0c:	491a      	ldr	r1, [pc, #104]	; (10000b78 <irq_add_tail_to_free_list+0xd0>)
10000b0e:	481b      	ldr	r0, [pc, #108]	; (10000b7c <irq_add_tail_to_free_list+0xd4>)
10000b10:	f002 fecc 	bl	100038ac <__assert_func>
10000b14:	4b1a      	ldr	r3, [pc, #104]	; (10000b80 <irq_add_tail_to_free_list+0xd8>)
10000b16:	4a17      	ldr	r2, [pc, #92]	; (10000b74 <irq_add_tail_to_free_list+0xcc>)
10000b18:	491a      	ldr	r1, [pc, #104]	; (10000b84 <irq_add_tail_to_free_list+0xdc>)
10000b1a:	4818      	ldr	r0, [pc, #96]	; (10000b7c <irq_add_tail_to_free_list+0xd4>)
10000b1c:	f002 fec6 	bl	100038ac <__assert_func>
10000b20:	4a12      	ldr	r2, [pc, #72]	; (10000b6c <irq_add_tail_to_free_list+0xc4>)
10000b22:	6892      	ldr	r2, [r2, #8]
10000b24:	4918      	ldr	r1, [pc, #96]	; (10000b88 <irq_add_tail_to_free_list+0xe0>)
10000b26:	50d1      	str	r1, [r2, r3]
10000b28:	4b18      	ldr	r3, [pc, #96]	; (10000b8c <irq_add_tail_to_free_list+0xe4>)
10000b2a:	781a      	ldrb	r2, [r3, #0]
10000b2c:	7182      	strb	r2, [r0, #6]
10000b2e:	701c      	strb	r4, [r3, #0]
10000b30:	f3bf 8f5f 	dmb	sy
10000b34:	4b0b      	ldr	r3, [pc, #44]	; (10000b64 <irq_add_tail_to_free_list+0xbc>)
10000b36:	2200      	movs	r2, #0
10000b38:	601a      	str	r2, [r3, #0]
10000b3a:	f38c 8810 	msr	PRIMASK, ip
10000b3e:	bd70      	pop	{r4, r5, r6, pc}
10000b40:	000d      	movs	r5, r1
10000b42:	0053      	lsls	r3, r2, #1
10000b44:	1899      	adds	r1, r3, r2
10000b46:	0089      	lsls	r1, r1, #2
10000b48:	1869      	adds	r1, r5, r1
10000b4a:	26ff      	movs	r6, #255	; 0xff
10000b4c:	718e      	strb	r6, [r1, #6]
10000b4e:	4a10      	ldr	r2, [pc, #64]	; (10000b90 <irq_add_tail_to_free_list+0xe8>)
10000b50:	808a      	strh	r2, [r1, #4]
10000b52:	e7e9      	b.n	10000b28 <irq_add_tail_to_free_list+0x80>
10000b54:	4b0f      	ldr	r3, [pc, #60]	; (10000b94 <irq_add_tail_to_free_list+0xec>)
10000b56:	4a07      	ldr	r2, [pc, #28]	; (10000b74 <irq_add_tail_to_free_list+0xcc>)
10000b58:	490f      	ldr	r1, [pc, #60]	; (10000b98 <irq_add_tail_to_free_list+0xf0>)
10000b5a:	4808      	ldr	r0, [pc, #32]	; (10000b7c <irq_add_tail_to_free_list+0xd4>)
10000b5c:	f002 fea6 	bl	100038ac <__assert_func>
10000b60:	2000023c 	.word	0x2000023c
10000b64:	d0000124 	.word	0xd0000124
10000b68:	0000aaaa 	.word	0x0000aaaa
10000b6c:	e000ed00 	.word	0xe000ed00
10000b70:	100041a8 	.word	0x100041a8
10000b74:	100041e4 	.word	0x100041e4
10000b78:	0000026e 	.word	0x0000026e
10000b7c:	10003fec 	.word	0x10003fec
10000b80:	100041d0 	.word	0x100041d0
10000b84:	00000271 	.word	0x00000271
10000b88:	100001cd 	.word	0x100001cd
10000b8c:	200006ec 	.word	0x200006ec
10000b90:	ffffbd01 	.word	0xffffbd01
10000b94:	100041dc 	.word	0x100041dc
10000b98:	00000282 	.word	0x00000282

10000b9c <lock_init>:
10000b9c:	4b02      	ldr	r3, [pc, #8]	; (10000ba8 <lock_init+0xc>)
10000b9e:	469c      	mov	ip, r3
10000ba0:	4461      	add	r1, ip
10000ba2:	0089      	lsls	r1, r1, #2
10000ba4:	6001      	str	r1, [r0, #0]
10000ba6:	4770      	bx	lr
10000ba8:	34000040 	.word	0x34000040

10000bac <mutex_init>:
10000bac:	b510      	push	{r4, lr}
10000bae:	0004      	movs	r4, r0
10000bb0:	f7ff fdc2 	bl	10000738 <next_striped_spin_lock_num>
10000bb4:	0001      	movs	r1, r0
10000bb6:	0020      	movs	r0, r4
10000bb8:	f7ff fff0 	bl	10000b9c <lock_init>
10000bbc:	23ff      	movs	r3, #255	; 0xff
10000bbe:	7123      	strb	r3, [r4, #4]
10000bc0:	f3bf 8f5f 	dmb	sy
10000bc4:	bd10      	pop	{r4, pc}

10000bc6 <recursive_mutex_init>:
10000bc6:	b510      	push	{r4, lr}
10000bc8:	0004      	movs	r4, r0
10000bca:	f7ff fdb5 	bl	10000738 <next_striped_spin_lock_num>
10000bce:	0001      	movs	r1, r0
10000bd0:	0020      	movs	r0, r4
10000bd2:	f7ff ffe3 	bl	10000b9c <lock_init>
10000bd6:	23ff      	movs	r3, #255	; 0xff
10000bd8:	7123      	strb	r3, [r4, #4]
10000bda:	2300      	movs	r3, #0
10000bdc:	7163      	strb	r3, [r4, #5]
10000bde:	f3bf 8f5f 	dmb	sy
10000be2:	bd10      	pop	{r4, pc}

10000be4 <runtime_init_mutex>:
10000be4:	b510      	push	{r4, lr}
10000be6:	4c0d      	ldr	r4, [pc, #52]	; (10000c1c <runtime_init_mutex+0x38>)
10000be8:	e009      	b.n	10000bfe <runtime_init_mutex+0x1a>
10000bea:	4b0d      	ldr	r3, [pc, #52]	; (10000c20 <runtime_init_mutex+0x3c>)
10000bec:	4a0d      	ldr	r2, [pc, #52]	; (10000c24 <runtime_init_mutex+0x40>)
10000bee:	211a      	movs	r1, #26
10000bf0:	480d      	ldr	r0, [pc, #52]	; (10000c28 <runtime_init_mutex+0x44>)
10000bf2:	f002 fe5b 	bl	100038ac <__assert_func>
10000bf6:	0020      	movs	r0, r4
10000bf8:	f7ff ffd8 	bl	10000bac <mutex_init>
10000bfc:	3408      	adds	r4, #8
10000bfe:	4b0b      	ldr	r3, [pc, #44]	; (10000c2c <runtime_init_mutex+0x48>)
10000c00:	429c      	cmp	r4, r3
10000c02:	d209      	bcs.n	10000c18 <runtime_init_mutex+0x34>
10000c04:	6823      	ldr	r3, [r4, #0]
10000c06:	2b00      	cmp	r3, #0
10000c08:	d0f5      	beq.n	10000bf6 <runtime_init_mutex+0x12>
10000c0a:	2b01      	cmp	r3, #1
10000c0c:	d1ed      	bne.n	10000bea <runtime_init_mutex+0x6>
10000c0e:	0020      	movs	r0, r4
10000c10:	f7ff ffd9 	bl	10000bc6 <recursive_mutex_init>
10000c14:	3408      	adds	r4, #8
10000c16:	e7f2      	b.n	10000bfe <runtime_init_mutex+0x1a>
10000c18:	bd10      	pop	{r4, pc}
10000c1a:	46c0      	nop			; (mov r8, r8)
10000c1c:	200002d8 	.word	0x200002d8
10000c20:	1000425c 	.word	0x1000425c
10000c24:	1000433c 	.word	0x1000433c
10000c28:	1000427c 	.word	0x1000427c
10000c2c:	200002e0 	.word	0x200002e0

10000c30 <make_alarm_id>:
10000c30:	0400      	lsls	r0, r0, #16
10000c32:	4308      	orrs	r0, r1
10000c34:	4770      	bx	lr
	...

10000c38 <sleep_until_callback>:
10000c38:	4b0a      	ldr	r3, [pc, #40]	; (10000c64 <sleep_until_callback+0x2c>)
10000c3a:	681a      	ldr	r2, [r3, #0]
10000c3c:	f3ef 8110 	mrs	r1, PRIMASK
10000c40:	b672      	cpsid	i
10000c42:	6813      	ldr	r3, [r2, #0]
10000c44:	2b00      	cmp	r3, #0
10000c46:	d0fc      	beq.n	10000c42 <sleep_until_callback+0xa>
10000c48:	f3bf 8f5f 	dmb	sy
10000c4c:	4b05      	ldr	r3, [pc, #20]	; (10000c64 <sleep_until_callback+0x2c>)
10000c4e:	681b      	ldr	r3, [r3, #0]
10000c50:	f3bf 8f5f 	dmb	sy
10000c54:	2200      	movs	r2, #0
10000c56:	601a      	str	r2, [r3, #0]
10000c58:	f381 8810 	msr	PRIMASK, r1
10000c5c:	bf40      	sev
10000c5e:	2000      	movs	r0, #0
10000c60:	2100      	movs	r1, #0
10000c62:	4770      	bx	lr
10000c64:	200006d4 	.word	0x200006d4

10000c68 <alarm_pool_irq_handler>:
10000c68:	b5f0      	push	{r4, r5, r6, r7, lr}
10000c6a:	46de      	mov	lr, fp
10000c6c:	4657      	mov	r7, sl
10000c6e:	464e      	mov	r6, r9
10000c70:	4645      	mov	r5, r8
10000c72:	b5e0      	push	{r5, r6, r7, lr}
10000c74:	b083      	sub	sp, #12
10000c76:	f3ef 8305 	mrs	r3, IPSR
10000c7a:	2203      	movs	r2, #3
10000c7c:	401a      	ands	r2, r3
10000c7e:	4693      	mov	fp, r2
10000c80:	0092      	lsls	r2, r2, #2
10000c82:	4bab      	ldr	r3, [pc, #684]	; (10000f30 <alarm_pool_irq_handler+0x2c8>)
10000c84:	58d3      	ldr	r3, [r2, r3]
10000c86:	4698      	mov	r8, r3
10000c88:	781b      	ldrb	r3, [r3, #0]
10000c8a:	455b      	cmp	r3, fp
10000c8c:	d10c      	bne.n	10000ca8 <alarm_pool_irq_handler+0x40>
10000c8e:	48a9      	ldr	r0, [pc, #676]	; (10000f34 <alarm_pool_irq_handler+0x2cc>)
10000c90:	f000 fb04 	bl	1000129c <timer_time_us_64>
10000c94:	0002      	movs	r2, r0
10000c96:	000b      	movs	r3, r1
10000c98:	2101      	movs	r1, #1
10000c9a:	4658      	mov	r0, fp
10000c9c:	4081      	lsls	r1, r0
10000c9e:	0008      	movs	r0, r1
10000ca0:	468a      	mov	sl, r1
10000ca2:	49a5      	ldr	r1, [pc, #660]	; (10000f38 <alarm_pool_irq_handler+0x2d0>)
10000ca4:	6008      	str	r0, [r1, #0]
10000ca6:	e077      	b.n	10000d98 <alarm_pool_irq_handler+0x130>
10000ca8:	4ba4      	ldr	r3, [pc, #656]	; (10000f3c <alarm_pool_irq_handler+0x2d4>)
10000caa:	4aa5      	ldr	r2, [pc, #660]	; (10000f40 <alarm_pool_irq_handler+0x2d8>)
10000cac:	2190      	movs	r1, #144	; 0x90
10000cae:	48a5      	ldr	r0, [pc, #660]	; (10000f44 <alarm_pool_irq_handler+0x2dc>)
10000cb0:	f002 fdfc 	bl	100038ac <__assert_func>
10000cb4:	694c      	ldr	r4, [r1, #20]
10000cb6:	0020      	movs	r0, r4
10000cb8:	6923      	ldr	r3, [r4, #16]
10000cba:	4798      	blx	r3
10000cbc:	2800      	cmp	r0, #0
10000cbe:	d025      	beq.n	10000d0c <alarm_pool_irq_handler+0xa4>
10000cc0:	6823      	ldr	r3, [r4, #0]
10000cc2:	6864      	ldr	r4, [r4, #4]
10000cc4:	9300      	str	r3, [sp, #0]
10000cc6:	9401      	str	r4, [sp, #4]
10000cc8:	e08d      	b.n	10000de6 <alarm_pool_irq_handler+0x17e>
10000cca:	489a      	ldr	r0, [pc, #616]	; (10000f34 <alarm_pool_irq_handler+0x2cc>)
10000ccc:	f000 fae6 	bl	1000129c <timer_time_us_64>
10000cd0:	9e00      	ldr	r6, [sp, #0]
10000cd2:	9f01      	ldr	r7, [sp, #4]
10000cd4:	1836      	adds	r6, r6, r0
10000cd6:	414f      	adcs	r7, r1
10000cd8:	9600      	str	r6, [sp, #0]
10000cda:	9701      	str	r7, [sp, #4]
10000cdc:	e091      	b.n	10000e02 <alarm_pool_irq_handler+0x19a>
10000cde:	4684      	mov	ip, r0
10000ce0:	4663      	mov	r3, ip
10000ce2:	2400      	movs	r4, #0
10000ce4:	5f1c      	ldrsh	r4, [r3, r4]
10000ce6:	2c00      	cmp	r4, #0
10000ce8:	db0b      	blt.n	10000d02 <alarm_pool_irq_handler+0x9a>
10000cea:	0060      	lsls	r0, r4, #1
10000cec:	1900      	adds	r0, r0, r4
10000cee:	00c0      	lsls	r0, r0, #3
10000cf0:	1808      	adds	r0, r1, r0
10000cf2:	9a00      	ldr	r2, [sp, #0]
10000cf4:	9b01      	ldr	r3, [sp, #4]
10000cf6:	6886      	ldr	r6, [r0, #8]
10000cf8:	68c7      	ldr	r7, [r0, #12]
10000cfa:	1b92      	subs	r2, r2, r6
10000cfc:	41bb      	sbcs	r3, r7
10000cfe:	2b00      	cmp	r3, #0
10000d00:	daed      	bge.n	10000cde <alarm_pool_irq_handler+0x76>
10000d02:	464b      	mov	r3, r9
10000d04:	801c      	strh	r4, [r3, #0]
10000d06:	4663      	mov	r3, ip
10000d08:	801d      	strh	r5, [r3, #0]
10000d0a:	e01b      	b.n	10000d44 <alarm_pool_irq_handler+0xdc>
10000d0c:	464b      	mov	r3, r9
10000d0e:	2200      	movs	r2, #0
10000d10:	5e9b      	ldrsh	r3, [r3, r2]
10000d12:	4642      	mov	r2, r8
10000d14:	8113      	strh	r3, [r2, #8]
10000d16:	6912      	ldr	r2, [r2, #16]
10000d18:	f3ef 8310 	mrs	r3, PRIMASK
10000d1c:	b672      	cpsid	i
10000d1e:	6811      	ldr	r1, [r2, #0]
10000d20:	2900      	cmp	r1, #0
10000d22:	d0fc      	beq.n	10000d1e <alarm_pool_irq_handler+0xb6>
10000d24:	f3bf 8f5f 	dmb	sy
10000d28:	4642      	mov	r2, r8
10000d2a:	2102      	movs	r1, #2
10000d2c:	5e52      	ldrsh	r2, [r2, r1]
10000d2e:	4649      	mov	r1, r9
10000d30:	800a      	strh	r2, [r1, #0]
10000d32:	4642      	mov	r2, r8
10000d34:	8055      	strh	r5, [r2, #2]
10000d36:	6912      	ldr	r2, [r2, #16]
10000d38:	f3bf 8f5f 	dmb	sy
10000d3c:	2100      	movs	r1, #0
10000d3e:	6011      	str	r1, [r2, #0]
10000d40:	f383 8810 	msr	PRIMASK, r3
10000d44:	4643      	mov	r3, r8
10000d46:	889b      	ldrh	r3, [r3, #4]
10000d48:	b21b      	sxth	r3, r3
10000d4a:	2b00      	cmp	r3, #0
10000d4c:	da74      	bge.n	10000e38 <alarm_pool_irq_handler+0x1d0>
10000d4e:	4643      	mov	r3, r8
10000d50:	799b      	ldrb	r3, [r3, #6]
10000d52:	2b00      	cmp	r3, #0
10000d54:	d000      	beq.n	10000d58 <alarm_pool_irq_handler+0xf0>
10000d56:	e0b6      	b.n	10000ec6 <alarm_pool_irq_handler+0x25e>
10000d58:	4876      	ldr	r0, [pc, #472]	; (10000f34 <alarm_pool_irq_handler+0x2cc>)
10000d5a:	f000 fa9f 	bl	1000129c <timer_time_us_64>
10000d5e:	0002      	movs	r2, r0
10000d60:	000b      	movs	r3, r1
10000d62:	4641      	mov	r1, r8
10000d64:	2008      	movs	r0, #8
10000d66:	5e08      	ldrsh	r0, [r1, r0]
10000d68:	2800      	cmp	r0, #0
10000d6a:	da00      	bge.n	10000d6e <alarm_pool_irq_handler+0x106>
10000d6c:	e0d9      	b.n	10000f22 <alarm_pool_irq_handler+0x2ba>
10000d6e:	0041      	lsls	r1, r0, #1
10000d70:	1809      	adds	r1, r1, r0
10000d72:	00c9      	lsls	r1, r1, #3
10000d74:	4640      	mov	r0, r8
10000d76:	6940      	ldr	r0, [r0, #20]
10000d78:	4684      	mov	ip, r0
10000d7a:	4461      	add	r1, ip
10000d7c:	6888      	ldr	r0, [r1, #8]
10000d7e:	68c9      	ldr	r1, [r1, #12]
10000d80:	465c      	mov	r4, fp
10000d82:	3404      	adds	r4, #4
10000d84:	00a4      	lsls	r4, r4, #2
10000d86:	4d6b      	ldr	r5, [pc, #428]	; (10000f34 <alarm_pool_irq_handler+0x2cc>)
10000d88:	5160      	str	r0, [r4, r5]
10000d8a:	1a80      	subs	r0, r0, r2
10000d8c:	4199      	sbcs	r1, r3
10000d8e:	2900      	cmp	r1, #0
10000d90:	dd00      	ble.n	10000d94 <alarm_pool_irq_handler+0x12c>
10000d92:	e0c6      	b.n	10000f22 <alarm_pool_irq_handler+0x2ba>
10000d94:	d100      	bne.n	10000d98 <alarm_pool_irq_handler+0x130>
10000d96:	e0c1      	b.n	10000f1c <alarm_pool_irq_handler+0x2b4>
10000d98:	4966      	ldr	r1, [pc, #408]	; (10000f34 <alarm_pool_irq_handler+0x2cc>)
10000d9a:	4650      	mov	r0, sl
10000d9c:	6348      	str	r0, [r1, #52]	; 0x34
10000d9e:	4641      	mov	r1, r8
10000da0:	2508      	movs	r5, #8
10000da2:	5f4d      	ldrsh	r5, [r1, r5]
10000da4:	2d00      	cmp	r5, #0
10000da6:	dbcd      	blt.n	10000d44 <alarm_pool_irq_handler+0xdc>
10000da8:	0069      	lsls	r1, r5, #1
10000daa:	1949      	adds	r1, r1, r5
10000dac:	00c9      	lsls	r1, r1, #3
10000dae:	4640      	mov	r0, r8
10000db0:	6940      	ldr	r0, [r0, #20]
10000db2:	4681      	mov	r9, r0
10000db4:	4489      	add	r9, r1
10000db6:	4649      	mov	r1, r9
10000db8:	688e      	ldr	r6, [r1, #8]
10000dba:	68cf      	ldr	r7, [r1, #12]
10000dbc:	1b92      	subs	r2, r2, r6
10000dbe:	41bb      	sbcs	r3, r7
10000dc0:	2b00      	cmp	r3, #0
10000dc2:	dbbf      	blt.n	10000d44 <alarm_pool_irq_handler+0xdc>
10000dc4:	2f00      	cmp	r7, #0
10000dc6:	dba1      	blt.n	10000d0c <alarm_pool_irq_handler+0xa4>
10000dc8:	690c      	ldr	r4, [r1, #16]
10000dca:	4b5f      	ldr	r3, [pc, #380]	; (10000f48 <alarm_pool_irq_handler+0x2e0>)
10000dcc:	429c      	cmp	r4, r3
10000dce:	d100      	bne.n	10000dd2 <alarm_pool_irq_handler+0x16a>
10000dd0:	e770      	b.n	10000cb4 <alarm_pool_irq_handler+0x4c>
10000dd2:	8849      	ldrh	r1, [r1, #2]
10000dd4:	b289      	uxth	r1, r1
10000dd6:	0028      	movs	r0, r5
10000dd8:	f7ff ff2a 	bl	10000c30 <make_alarm_id>
10000ddc:	464b      	mov	r3, r9
10000dde:	6959      	ldr	r1, [r3, #20]
10000de0:	47a0      	blx	r4
10000de2:	9000      	str	r0, [sp, #0]
10000de4:	9101      	str	r1, [sp, #4]
10000de6:	9900      	ldr	r1, [sp, #0]
10000de8:	9a01      	ldr	r2, [sp, #4]
10000dea:	000b      	movs	r3, r1
10000dec:	4313      	orrs	r3, r2
10000dee:	d100      	bne.n	10000df2 <alarm_pool_irq_handler+0x18a>
10000df0:	e78c      	b.n	10000d0c <alarm_pool_irq_handler+0xa4>
10000df2:	000b      	movs	r3, r1
10000df4:	1e14      	subs	r4, r2, #0
10000df6:	db00      	blt.n	10000dfa <alarm_pool_irq_handler+0x192>
10000df8:	e767      	b.n	10000cca <alarm_pool_irq_handler+0x62>
10000dfa:	1af6      	subs	r6, r6, r3
10000dfc:	41a7      	sbcs	r7, r4
10000dfe:	9600      	str	r6, [sp, #0]
10000e00:	9701      	str	r7, [sp, #4]
10000e02:	464b      	mov	r3, r9
10000e04:	9e00      	ldr	r6, [sp, #0]
10000e06:	9f01      	ldr	r7, [sp, #4]
10000e08:	609e      	str	r6, [r3, #8]
10000e0a:	60df      	str	r7, [r3, #12]
10000e0c:	2000      	movs	r0, #0
10000e0e:	5e18      	ldrsh	r0, [r3, r0]
10000e10:	2800      	cmp	r0, #0
10000e12:	db97      	blt.n	10000d44 <alarm_pool_irq_handler+0xdc>
10000e14:	4643      	mov	r3, r8
10000e16:	6959      	ldr	r1, [r3, #20]
10000e18:	0043      	lsls	r3, r0, #1
10000e1a:	181b      	adds	r3, r3, r0
10000e1c:	00db      	lsls	r3, r3, #3
10000e1e:	18cb      	adds	r3, r1, r3
10000e20:	689a      	ldr	r2, [r3, #8]
10000e22:	68db      	ldr	r3, [r3, #12]
10000e24:	1ab6      	subs	r6, r6, r2
10000e26:	419f      	sbcs	r7, r3
10000e28:	2f00      	cmp	r7, #0
10000e2a:	db8b      	blt.n	10000d44 <alarm_pool_irq_handler+0xdc>
10000e2c:	4643      	mov	r3, r8
10000e2e:	8118      	strh	r0, [r3, #8]
10000e30:	2308      	movs	r3, #8
10000e32:	4443      	add	r3, r8
10000e34:	469c      	mov	ip, r3
10000e36:	e753      	b.n	10000ce0 <alarm_pool_irq_handler+0x78>
10000e38:	4643      	mov	r3, r8
10000e3a:	691a      	ldr	r2, [r3, #16]
10000e3c:	f3ef 8110 	mrs	r1, PRIMASK
10000e40:	b672      	cpsid	i
10000e42:	6813      	ldr	r3, [r2, #0]
10000e44:	2b00      	cmp	r3, #0
10000e46:	d0fc      	beq.n	10000e42 <alarm_pool_irq_handler+0x1da>
10000e48:	f3bf 8f5f 	dmb	sy
10000e4c:	4643      	mov	r3, r8
10000e4e:	889b      	ldrh	r3, [r3, #4]
10000e50:	b21b      	sxth	r3, r3
10000e52:	4699      	mov	r9, r3
10000e54:	2301      	movs	r3, #1
10000e56:	425b      	negs	r3, r3
10000e58:	4642      	mov	r2, r8
10000e5a:	8093      	strh	r3, [r2, #4]
10000e5c:	6913      	ldr	r3, [r2, #16]
10000e5e:	f3bf 8f5f 	dmb	sy
10000e62:	2200      	movs	r2, #0
10000e64:	601a      	str	r2, [r3, #0]
10000e66:	f381 8810 	msr	PRIMASK, r1
10000e6a:	e018      	b.n	10000e9e <alarm_pool_irq_handler+0x236>
10000e6c:	0026      	movs	r6, r4
10000e6e:	2300      	movs	r3, #0
10000e70:	5ef5      	ldrsh	r5, [r6, r3]
10000e72:	2d00      	cmp	r5, #0
10000e74:	db0b      	blt.n	10000e8e <alarm_pool_irq_handler+0x226>
10000e76:	006c      	lsls	r4, r5, #1
10000e78:	1964      	adds	r4, r4, r5
10000e7a:	00e4      	lsls	r4, r4, #3
10000e7c:	193c      	adds	r4, r7, r4
10000e7e:	9a00      	ldr	r2, [sp, #0]
10000e80:	9b01      	ldr	r3, [sp, #4]
10000e82:	68a0      	ldr	r0, [r4, #8]
10000e84:	68e1      	ldr	r1, [r4, #12]
10000e86:	1a12      	subs	r2, r2, r0
10000e88:	418b      	sbcs	r3, r1
10000e8a:	2b00      	cmp	r3, #0
10000e8c:	daee      	bge.n	10000e6c <alarm_pool_irq_handler+0x204>
10000e8e:	464b      	mov	r3, r9
10000e90:	8033      	strh	r3, [r6, #0]
10000e92:	4663      	mov	r3, ip
10000e94:	2200      	movs	r2, #0
10000e96:	5e9b      	ldrsh	r3, [r3, r2]
10000e98:	4699      	mov	r9, r3
10000e9a:	4663      	mov	r3, ip
10000e9c:	801d      	strh	r5, [r3, #0]
10000e9e:	464b      	mov	r3, r9
10000ea0:	2b00      	cmp	r3, #0
10000ea2:	da00      	bge.n	10000ea6 <alarm_pool_irq_handler+0x23e>
10000ea4:	e753      	b.n	10000d4e <alarm_pool_irq_handler+0xe6>
10000ea6:	4643      	mov	r3, r8
10000ea8:	695f      	ldr	r7, [r3, #20]
10000eaa:	464b      	mov	r3, r9
10000eac:	005b      	lsls	r3, r3, #1
10000eae:	444b      	add	r3, r9
10000eb0:	00db      	lsls	r3, r3, #3
10000eb2:	469c      	mov	ip, r3
10000eb4:	44bc      	add	ip, r7
10000eb6:	4663      	mov	r3, ip
10000eb8:	68dc      	ldr	r4, [r3, #12]
10000eba:	689b      	ldr	r3, [r3, #8]
10000ebc:	9300      	str	r3, [sp, #0]
10000ebe:	9401      	str	r4, [sp, #4]
10000ec0:	4646      	mov	r6, r8
10000ec2:	3608      	adds	r6, #8
10000ec4:	e7d3      	b.n	10000e6e <alarm_pool_irq_handler+0x206>
10000ec6:	2300      	movs	r3, #0
10000ec8:	4642      	mov	r2, r8
10000eca:	7193      	strb	r3, [r2, #6]
10000ecc:	4641      	mov	r1, r8
10000ece:	3108      	adds	r1, #8
10000ed0:	4643      	mov	r3, r8
10000ed2:	2008      	movs	r0, #8
10000ed4:	5e18      	ldrsh	r0, [r3, r0]
10000ed6:	e011      	b.n	10000efc <alarm_pool_irq_handler+0x294>
10000ed8:	2201      	movs	r2, #1
10000eda:	4252      	negs	r2, r2
10000edc:	17d3      	asrs	r3, r2, #31
10000ede:	60a2      	str	r2, [r4, #8]
10000ee0:	60e3      	str	r3, [r4, #12]
10000ee2:	4643      	mov	r3, r8
10000ee4:	2208      	movs	r2, #8
10000ee6:	5e9b      	ldrsh	r3, [r3, r2]
10000ee8:	4283      	cmp	r3, r0
10000eea:	d006      	beq.n	10000efa <alarm_pool_irq_handler+0x292>
10000eec:	800d      	strh	r5, [r1, #0]
10000eee:	4643      	mov	r3, r8
10000ef0:	2208      	movs	r2, #8
10000ef2:	5e9b      	ldrsh	r3, [r3, r2]
10000ef4:	8023      	strh	r3, [r4, #0]
10000ef6:	4643      	mov	r3, r8
10000ef8:	8118      	strh	r0, [r3, #8]
10000efa:	0028      	movs	r0, r5
10000efc:	1c43      	adds	r3, r0, #1
10000efe:	d100      	bne.n	10000f02 <alarm_pool_irq_handler+0x29a>
10000f00:	e72a      	b.n	10000d58 <alarm_pool_irq_handler+0xf0>
10000f02:	4643      	mov	r3, r8
10000f04:	695a      	ldr	r2, [r3, #20]
10000f06:	0043      	lsls	r3, r0, #1
10000f08:	181b      	adds	r3, r3, r0
10000f0a:	00db      	lsls	r3, r3, #3
10000f0c:	18d4      	adds	r4, r2, r3
10000f0e:	5ed5      	ldrsh	r5, [r2, r3]
10000f10:	8863      	ldrh	r3, [r4, #2]
10000f12:	b21b      	sxth	r3, r3
10000f14:	2b00      	cmp	r3, #0
10000f16:	dbdf      	blt.n	10000ed8 <alarm_pool_irq_handler+0x270>
10000f18:	0021      	movs	r1, r4
10000f1a:	e7ee      	b.n	10000efa <alarm_pool_irq_handler+0x292>
10000f1c:	2800      	cmp	r0, #0
10000f1e:	d100      	bne.n	10000f22 <alarm_pool_irq_handler+0x2ba>
10000f20:	e73a      	b.n	10000d98 <alarm_pool_irq_handler+0x130>
10000f22:	b003      	add	sp, #12
10000f24:	bcf0      	pop	{r4, r5, r6, r7}
10000f26:	46bb      	mov	fp, r7
10000f28:	46b2      	mov	sl, r6
10000f2a:	46a9      	mov	r9, r5
10000f2c:	46a0      	mov	r8, r4
10000f2e:	bdf0      	pop	{r4, r5, r6, r7, pc}
10000f30:	200004c0 	.word	0x200004c0
10000f34:	40054000 	.word	0x40054000
10000f38:	4005703c 	.word	0x4005703c
10000f3c:	10004350 	.word	0x10004350
10000f40:	10004400 	.word	0x10004400
10000f44:	1000437c 	.word	0x1000437c
10000f48:	10000c69 	.word	0x10000c69

10000f4c <alarm_pool_post_alloc_init>:
10000f4c:	b5f8      	push	{r3, r4, r5, r6, r7, lr}
10000f4e:	46ce      	mov	lr, r9
10000f50:	4647      	mov	r7, r8
10000f52:	b580      	push	{r7, lr}
10000f54:	0006      	movs	r6, r0
10000f56:	4688      	mov	r8, r1
10000f58:	4691      	mov	r9, r2
10000f5a:	001f      	movs	r7, r3
10000f5c:	60c1      	str	r1, [r0, #12]
10000f5e:	f7ff fbeb 	bl	10000738 <next_striped_spin_lock_num>
10000f62:	4b1b      	ldr	r3, [pc, #108]	; (10000fd0 <alarm_pool_post_alloc_init+0x84>)
10000f64:	469c      	mov	ip, r3
10000f66:	4460      	add	r0, ip
10000f68:	0080      	lsls	r0, r0, #2
10000f6a:	6130      	str	r0, [r6, #16]
10000f6c:	464b      	mov	r3, r9
10000f6e:	7033      	strb	r3, [r6, #0]
10000f70:	b2bb      	uxth	r3, r7
10000f72:	8173      	strh	r3, [r6, #10]
10000f74:	22d0      	movs	r2, #208	; 0xd0
10000f76:	0612      	lsls	r2, r2, #24
10000f78:	7812      	ldrb	r2, [r2, #0]
10000f7a:	7072      	strb	r2, [r6, #1]
10000f7c:	2201      	movs	r2, #1
10000f7e:	4252      	negs	r2, r2
10000f80:	8132      	strh	r2, [r6, #8]
10000f82:	80b2      	strh	r2, [r6, #4]
10000f84:	189b      	adds	r3, r3, r2
10000f86:	8073      	strh	r3, [r6, #2]
10000f88:	2400      	movs	r4, #0
10000f8a:	e006      	b.n	10000f9a <alarm_pool_post_alloc_init+0x4e>
10000f8c:	1e63      	subs	r3, r4, #1
10000f8e:	0065      	lsls	r5, r4, #1
10000f90:	192d      	adds	r5, r5, r4
10000f92:	00ed      	lsls	r5, r5, #3
10000f94:	6972      	ldr	r2, [r6, #20]
10000f96:	5353      	strh	r3, [r2, r5]
10000f98:	3401      	adds	r4, #1
10000f9a:	42bc      	cmp	r4, r7
10000f9c:	d3f6      	bcc.n	10000f8c <alarm_pool_post_alloc_init+0x40>
10000f9e:	464b      	mov	r3, r9
10000fa0:	009a      	lsls	r2, r3, #2
10000fa2:	4b0c      	ldr	r3, [pc, #48]	; (10000fd4 <alarm_pool_post_alloc_init+0x88>)
10000fa4:	50d6      	str	r6, [r2, r3]
10000fa6:	2401      	movs	r4, #1
10000fa8:	464b      	mov	r3, r9
10000faa:	409c      	lsls	r4, r3
10000fac:	4643      	mov	r3, r8
10000fae:	621c      	str	r4, [r3, #32]
10000fb0:	4909      	ldr	r1, [pc, #36]	; (10000fd8 <alarm_pool_post_alloc_init+0x8c>)
10000fb2:	4648      	mov	r0, r9
10000fb4:	f7ff fc76 	bl	100008a4 <irq_set_exclusive_handler>
10000fb8:	2101      	movs	r1, #1
10000fba:	4648      	mov	r0, r9
10000fbc:	f7ff fc60 	bl	10000880 <irq_set_enabled>
10000fc0:	4906      	ldr	r1, [pc, #24]	; (10000fdc <alarm_pool_post_alloc_init+0x90>)
10000fc2:	4441      	add	r1, r8
10000fc4:	600c      	str	r4, [r1, #0]
10000fc6:	bcc0      	pop	{r6, r7}
10000fc8:	46b9      	mov	r9, r7
10000fca:	46b0      	mov	r8, r6
10000fcc:	bdf8      	pop	{r3, r4, r5, r6, r7, pc}
10000fce:	46c0      	nop			; (mov r8, r8)
10000fd0:	34000040 	.word	0x34000040
10000fd4:	200004c0 	.word	0x200004c0
10000fd8:	10000c69 	.word	0x10000c69
10000fdc:	00002038 	.word	0x00002038

10000fe0 <alarm_pool_get_default>:
10000fe0:	b510      	push	{r4, lr}
10000fe2:	4b06      	ldr	r3, [pc, #24]	; (10000ffc <alarm_pool_get_default+0x1c>)
10000fe4:	691b      	ldr	r3, [r3, #16]
10000fe6:	2b00      	cmp	r3, #0
10000fe8:	d001      	beq.n	10000fee <alarm_pool_get_default+0xe>
10000fea:	4804      	ldr	r0, [pc, #16]	; (10000ffc <alarm_pool_get_default+0x1c>)
10000fec:	bd10      	pop	{r4, pc}
10000fee:	4b04      	ldr	r3, [pc, #16]	; (10001000 <alarm_pool_get_default+0x20>)
10000ff0:	4a04      	ldr	r2, [pc, #16]	; (10001004 <alarm_pool_get_default+0x24>)
10000ff2:	2165      	movs	r1, #101	; 0x65
10000ff4:	4804      	ldr	r0, [pc, #16]	; (10001008 <alarm_pool_get_default+0x28>)
10000ff6:	f002 fc59 	bl	100038ac <__assert_func>
10000ffa:	46c0      	nop			; (mov r8, r8)
10000ffc:	20000284 	.word	0x20000284
10001000:	100043c4 	.word	0x100043c4
10001004:	100043e8 	.word	0x100043e8
10001008:	1000437c 	.word	0x1000437c

1000100c <alarm_pool_add_alarm_at_force_in_context>:
1000100c:	b5f0      	push	{r4, r5, r6, r7, lr}
1000100e:	46c6      	mov	lr, r8
10001010:	b500      	push	{lr}
10001012:	0004      	movs	r4, r0
10001014:	6900      	ldr	r0, [r0, #16]
10001016:	f3ef 8c10 	mrs	ip, PRIMASK
1000101a:	b672      	cpsid	i
1000101c:	6801      	ldr	r1, [r0, #0]
1000101e:	2900      	cmp	r1, #0
10001020:	d0fc      	beq.n	1000101c <alarm_pool_add_alarm_at_force_in_context+0x10>
10001022:	f3bf 8f5f 	dmb	sy
10001026:	2102      	movs	r1, #2
10001028:	5e66      	ldrsh	r6, [r4, r1]
1000102a:	0075      	lsls	r5, r6, #1
1000102c:	19ad      	adds	r5, r5, r6
1000102e:	00ed      	lsls	r5, r5, #3
10001030:	6961      	ldr	r1, [r4, #20]
10001032:	4688      	mov	r8, r1
10001034:	4445      	add	r5, r8
10001036:	2e00      	cmp	r6, #0
10001038:	db02      	blt.n	10001040 <alarm_pool_add_alarm_at_force_in_context+0x34>
1000103a:	2000      	movs	r0, #0
1000103c:	5e29      	ldrsh	r1, [r5, r0]
1000103e:	8061      	strh	r1, [r4, #2]
10001040:	6921      	ldr	r1, [r4, #16]
10001042:	f3bf 8f5f 	dmb	sy
10001046:	2000      	movs	r0, #0
10001048:	6008      	str	r0, [r1, #0]
1000104a:	f38c 8810 	msr	PRIMASK, ip
1000104e:	2e00      	cmp	r6, #0
10001050:	db2e      	blt.n	100010b0 <alarm_pool_add_alarm_at_force_in_context+0xa4>
10001052:	9906      	ldr	r1, [sp, #24]
10001054:	6129      	str	r1, [r5, #16]
10001056:	9907      	ldr	r1, [sp, #28]
10001058:	6169      	str	r1, [r5, #20]
1000105a:	60aa      	str	r2, [r5, #8]
1000105c:	60eb      	str	r3, [r5, #12]
1000105e:	886b      	ldrh	r3, [r5, #2]
10001060:	3301      	adds	r3, #1
10001062:	045b      	lsls	r3, r3, #17
10001064:	0c59      	lsrs	r1, r3, #17
10001066:	2b00      	cmp	r3, #0
10001068:	d100      	bne.n	1000106c <alarm_pool_add_alarm_at_force_in_context+0x60>
1000106a:	2101      	movs	r1, #1
1000106c:	8069      	strh	r1, [r5, #2]
1000106e:	0030      	movs	r0, r6
10001070:	f7ff fdde 	bl	10000c30 <make_alarm_id>
10001074:	6922      	ldr	r2, [r4, #16]
10001076:	f3ef 8110 	mrs	r1, PRIMASK
1000107a:	b672      	cpsid	i
1000107c:	6813      	ldr	r3, [r2, #0]
1000107e:	2b00      	cmp	r3, #0
10001080:	d0fc      	beq.n	1000107c <alarm_pool_add_alarm_at_force_in_context+0x70>
10001082:	f3bf 8f5f 	dmb	sy
10001086:	88a3      	ldrh	r3, [r4, #4]
10001088:	802b      	strh	r3, [r5, #0]
1000108a:	80a6      	strh	r6, [r4, #4]
1000108c:	6923      	ldr	r3, [r4, #16]
1000108e:	f3bf 8f5f 	dmb	sy
10001092:	2200      	movs	r2, #0
10001094:	601a      	str	r2, [r3, #0]
10001096:	f381 8810 	msr	PRIMASK, r1
1000109a:	68e3      	ldr	r3, [r4, #12]
1000109c:	7821      	ldrb	r1, [r4, #0]
1000109e:	3201      	adds	r2, #1
100010a0:	408a      	lsls	r2, r1
100010a2:	4905      	ldr	r1, [pc, #20]	; (100010b8 <alarm_pool_add_alarm_at_force_in_context+0xac>)
100010a4:	468c      	mov	ip, r1
100010a6:	4463      	add	r3, ip
100010a8:	601a      	str	r2, [r3, #0]
100010aa:	bc80      	pop	{r7}
100010ac:	46b8      	mov	r8, r7
100010ae:	bdf0      	pop	{r4, r5, r6, r7, pc}
100010b0:	2001      	movs	r0, #1
100010b2:	4240      	negs	r0, r0
100010b4:	e7f9      	b.n	100010aa <alarm_pool_add_alarm_at_force_in_context+0x9e>
100010b6:	46c0      	nop			; (mov r8, r8)
100010b8:	0000203c 	.word	0x0000203c

100010bc <alarm_pool_add_alarm_at>:
100010bc:	b570      	push	{r4, r5, r6, lr}
100010be:	b082      	sub	sp, #8
100010c0:	0006      	movs	r6, r0
100010c2:	0014      	movs	r4, r2
100010c4:	001d      	movs	r5, r3
100010c6:	ab08      	add	r3, sp, #32
100010c8:	781b      	ldrb	r3, [r3, #0]
100010ca:	2b00      	cmp	r3, #0
100010cc:	d107      	bne.n	100010de <alarm_pool_add_alarm_at+0x22>
100010ce:	f000 f917 	bl	10001300 <time_us_64>
100010d2:	0022      	movs	r2, r4
100010d4:	002b      	movs	r3, r5
100010d6:	1a12      	subs	r2, r2, r0
100010d8:	418b      	sbcs	r3, r1
100010da:	2b00      	cmp	r3, #0
100010dc:	db0a      	blt.n	100010f4 <alarm_pool_add_alarm_at+0x38>
100010de:	9b07      	ldr	r3, [sp, #28]
100010e0:	9301      	str	r3, [sp, #4]
100010e2:	9b06      	ldr	r3, [sp, #24]
100010e4:	9300      	str	r3, [sp, #0]
100010e6:	0022      	movs	r2, r4
100010e8:	002b      	movs	r3, r5
100010ea:	0030      	movs	r0, r6
100010ec:	f7ff ff8e 	bl	1000100c <alarm_pool_add_alarm_at_force_in_context>
100010f0:	b002      	add	sp, #8
100010f2:	bd70      	pop	{r4, r5, r6, pc}
100010f4:	2000      	movs	r0, #0
100010f6:	e7fb      	b.n	100010f0 <alarm_pool_add_alarm_at+0x34>

100010f8 <alarm_pool_cancel_alarm>:
100010f8:	b510      	push	{r4, lr}
100010fa:	0003      	movs	r3, r0
100010fc:	1408      	asrs	r0, r1, #16
100010fe:	895a      	ldrh	r2, [r3, #10]
10001100:	4290      	cmp	r0, r2
10001102:	da2f      	bge.n	10001164 <alarm_pool_cancel_alarm+0x6c>
10001104:	0042      	lsls	r2, r0, #1
10001106:	1812      	adds	r2, r2, r0
10001108:	00d2      	lsls	r2, r2, #3
1000110a:	6958      	ldr	r0, [r3, #20]
1000110c:	4684      	mov	ip, r0
1000110e:	4462      	add	r2, ip
10001110:	691c      	ldr	r4, [r3, #16]
10001112:	f3ef 8c10 	mrs	ip, PRIMASK
10001116:	b672      	cpsid	i
10001118:	6820      	ldr	r0, [r4, #0]
1000111a:	2800      	cmp	r0, #0
1000111c:	d0fc      	beq.n	10001118 <alarm_pool_cancel_alarm+0x20>
1000111e:	f3bf 8f5f 	dmb	sy
10001122:	8850      	ldrh	r0, [r2, #2]
10001124:	b280      	uxth	r0, r0
10001126:	0409      	lsls	r1, r1, #16
10001128:	0c09      	lsrs	r1, r1, #16
1000112a:	4288      	cmp	r0, r1
1000112c:	d012      	beq.n	10001154 <alarm_pool_cancel_alarm+0x5c>
1000112e:	2000      	movs	r0, #0
10001130:	691a      	ldr	r2, [r3, #16]
10001132:	f3bf 8f5f 	dmb	sy
10001136:	2100      	movs	r1, #0
10001138:	6011      	str	r1, [r2, #0]
1000113a:	f38c 8810 	msr	PRIMASK, ip
1000113e:	2800      	cmp	r0, #0
10001140:	d011      	beq.n	10001166 <alarm_pool_cancel_alarm+0x6e>
10001142:	68da      	ldr	r2, [r3, #12]
10001144:	781b      	ldrb	r3, [r3, #0]
10001146:	3101      	adds	r1, #1
10001148:	4099      	lsls	r1, r3
1000114a:	4b07      	ldr	r3, [pc, #28]	; (10001168 <alarm_pool_cancel_alarm+0x70>)
1000114c:	469c      	mov	ip, r3
1000114e:	4462      	add	r2, ip
10001150:	6011      	str	r1, [r2, #0]
10001152:	e008      	b.n	10001166 <alarm_pool_cancel_alarm+0x6e>
10001154:	4905      	ldr	r1, [pc, #20]	; (1000116c <alarm_pool_cancel_alarm+0x74>)
10001156:	4308      	orrs	r0, r1
10001158:	b280      	uxth	r0, r0
1000115a:	8050      	strh	r0, [r2, #2]
1000115c:	2201      	movs	r2, #1
1000115e:	719a      	strb	r2, [r3, #6]
10001160:	2001      	movs	r0, #1
10001162:	e7e5      	b.n	10001130 <alarm_pool_cancel_alarm+0x38>
10001164:	2000      	movs	r0, #0
10001166:	bd10      	pop	{r4, pc}
10001168:	0000203c 	.word	0x0000203c
1000116c:	ffff8000 	.word	0xffff8000

10001170 <best_effort_wfe_or_timeout>:
10001170:	b570      	push	{r4, r5, r6, lr}
10001172:	b084      	sub	sp, #16
10001174:	0005      	movs	r5, r0
10001176:	000c      	movs	r4, r1
10001178:	f3ef 8305 	mrs	r3, IPSR
1000117c:	2b00      	cmp	r3, #0
1000117e:	d012      	beq.n	100011a6 <best_effort_wfe_or_timeout+0x36>
10001180:	4b2f      	ldr	r3, [pc, #188]	; (10001240 <best_effort_wfe_or_timeout+0xd0>)
10001182:	6a5b      	ldr	r3, [r3, #36]	; 0x24
10001184:	4299      	cmp	r1, r3
10001186:	d809      	bhi.n	1000119c <best_effort_wfe_or_timeout+0x2c>
10001188:	4a2d      	ldr	r2, [pc, #180]	; (10001240 <best_effort_wfe_or_timeout+0xd0>)
1000118a:	6a92      	ldr	r2, [r2, #40]	; 0x28
1000118c:	4282      	cmp	r2, r0
1000118e:	d208      	bcs.n	100011a2 <best_effort_wfe_or_timeout+0x32>
10001190:	4299      	cmp	r1, r3
10001192:	d001      	beq.n	10001198 <best_effort_wfe_or_timeout+0x28>
10001194:	2001      	movs	r0, #1
10001196:	e002      	b.n	1000119e <best_effort_wfe_or_timeout+0x2e>
10001198:	2000      	movs	r0, #0
1000119a:	e000      	b.n	1000119e <best_effort_wfe_or_timeout+0x2e>
1000119c:	2000      	movs	r0, #0
1000119e:	b004      	add	sp, #16
100011a0:	bd70      	pop	{r4, r5, r6, pc}
100011a2:	2001      	movs	r0, #1
100011a4:	e7fb      	b.n	1000119e <best_effort_wfe_or_timeout+0x2e>
100011a6:	f7ff ff1b 	bl	10000fe0 <alarm_pool_get_default>
100011aa:	2300      	movs	r3, #0
100011ac:	9302      	str	r3, [sp, #8]
100011ae:	9301      	str	r3, [sp, #4]
100011b0:	4b24      	ldr	r3, [pc, #144]	; (10001244 <best_effort_wfe_or_timeout+0xd4>)
100011b2:	9300      	str	r3, [sp, #0]
100011b4:	002a      	movs	r2, r5
100011b6:	0023      	movs	r3, r4
100011b8:	f7ff ff80 	bl	100010bc <alarm_pool_add_alarm_at>
100011bc:	1e06      	subs	r6, r0, #0
100011be:	dd0d      	ble.n	100011dc <best_effort_wfe_or_timeout+0x6c>
100011c0:	bf40      	sev
100011c2:	bf20      	wfe
100011c4:	4b1e      	ldr	r3, [pc, #120]	; (10001240 <best_effort_wfe_or_timeout+0xd0>)
100011c6:	6a5b      	ldr	r3, [r3, #36]	; 0x24
100011c8:	429c      	cmp	r4, r3
100011ca:	d81b      	bhi.n	10001204 <best_effort_wfe_or_timeout+0x94>
100011cc:	4a1c      	ldr	r2, [pc, #112]	; (10001240 <best_effort_wfe_or_timeout+0xd0>)
100011ce:	6a92      	ldr	r2, [r2, #40]	; 0x28
100011d0:	42aa      	cmp	r2, r5
100011d2:	d22c      	bcs.n	1000122e <best_effort_wfe_or_timeout+0xbe>
100011d4:	429c      	cmp	r4, r3
100011d6:	d013      	beq.n	10001200 <best_effort_wfe_or_timeout+0x90>
100011d8:	2301      	movs	r3, #1
100011da:	e014      	b.n	10001206 <best_effort_wfe_or_timeout+0x96>
100011dc:	4b18      	ldr	r3, [pc, #96]	; (10001240 <best_effort_wfe_or_timeout+0xd0>)
100011de:	6a5b      	ldr	r3, [r3, #36]	; 0x24
100011e0:	429c      	cmp	r4, r3
100011e2:	d809      	bhi.n	100011f8 <best_effort_wfe_or_timeout+0x88>
100011e4:	4a16      	ldr	r2, [pc, #88]	; (10001240 <best_effort_wfe_or_timeout+0xd0>)
100011e6:	6a92      	ldr	r2, [r2, #40]	; 0x28
100011e8:	42aa      	cmp	r2, r5
100011ea:	d207      	bcs.n	100011fc <best_effort_wfe_or_timeout+0x8c>
100011ec:	429c      	cmp	r4, r3
100011ee:	d001      	beq.n	100011f4 <best_effort_wfe_or_timeout+0x84>
100011f0:	2001      	movs	r0, #1
100011f2:	e7d4      	b.n	1000119e <best_effort_wfe_or_timeout+0x2e>
100011f4:	2000      	movs	r0, #0
100011f6:	e7d2      	b.n	1000119e <best_effort_wfe_or_timeout+0x2e>
100011f8:	2000      	movs	r0, #0
100011fa:	e7d0      	b.n	1000119e <best_effort_wfe_or_timeout+0x2e>
100011fc:	2001      	movs	r0, #1
100011fe:	e7ce      	b.n	1000119e <best_effort_wfe_or_timeout+0x2e>
10001200:	2300      	movs	r3, #0
10001202:	e000      	b.n	10001206 <best_effort_wfe_or_timeout+0x96>
10001204:	2300      	movs	r3, #0
10001206:	2b00      	cmp	r3, #0
10001208:	d100      	bne.n	1000120c <best_effort_wfe_or_timeout+0x9c>
1000120a:	bf20      	wfe
1000120c:	f7ff fee8 	bl	10000fe0 <alarm_pool_get_default>
10001210:	0031      	movs	r1, r6
10001212:	f7ff ff71 	bl	100010f8 <alarm_pool_cancel_alarm>
10001216:	4b0a      	ldr	r3, [pc, #40]	; (10001240 <best_effort_wfe_or_timeout+0xd0>)
10001218:	6a5b      	ldr	r3, [r3, #36]	; 0x24
1000121a:	429c      	cmp	r4, r3
1000121c:	d80b      	bhi.n	10001236 <best_effort_wfe_or_timeout+0xc6>
1000121e:	4a08      	ldr	r2, [pc, #32]	; (10001240 <best_effort_wfe_or_timeout+0xd0>)
10001220:	6a92      	ldr	r2, [r2, #40]	; 0x28
10001222:	42aa      	cmp	r2, r5
10001224:	d209      	bcs.n	1000123a <best_effort_wfe_or_timeout+0xca>
10001226:	429c      	cmp	r4, r3
10001228:	d003      	beq.n	10001232 <best_effort_wfe_or_timeout+0xc2>
1000122a:	2001      	movs	r0, #1
1000122c:	e7b7      	b.n	1000119e <best_effort_wfe_or_timeout+0x2e>
1000122e:	2301      	movs	r3, #1
10001230:	e7e9      	b.n	10001206 <best_effort_wfe_or_timeout+0x96>
10001232:	2000      	movs	r0, #0
10001234:	e7b3      	b.n	1000119e <best_effort_wfe_or_timeout+0x2e>
10001236:	2000      	movs	r0, #0
10001238:	e7b1      	b.n	1000119e <best_effort_wfe_or_timeout+0x2e>
1000123a:	2001      	movs	r0, #1
1000123c:	e7af      	b.n	1000119e <best_effort_wfe_or_timeout+0x2e>
1000123e:	46c0      	nop			; (mov r8, r8)
10001240:	40054000 	.word	0x40054000
10001244:	10000c39 	.word	0x10000c39

10001248 <alarm_pool_get_default_timer>:
10001248:	4800      	ldr	r0, [pc, #0]	; (1000124c <alarm_pool_get_default_timer+0x4>)
1000124a:	4770      	bx	lr
1000124c:	40054000 	.word	0x40054000

10001250 <runtime_init_default_alarm_pool>:
10001250:	b510      	push	{r4, lr}
10001252:	4b0b      	ldr	r3, [pc, #44]	; (10001280 <runtime_init_default_alarm_pool+0x30>)
10001254:	691b      	ldr	r3, [r3, #16]
10001256:	2b00      	cmp	r3, #0
10001258:	d004      	beq.n	10001264 <runtime_init_default_alarm_pool+0x14>
1000125a:	210a      	movs	r1, #10
1000125c:	4809      	ldr	r0, [pc, #36]	; (10001284 <runtime_init_default_alarm_pool+0x34>)
1000125e:	f7ff fc9d 	bl	10000b9c <lock_init>
10001262:	bd10      	pop	{r4, pc}
10001264:	f7ff fff0 	bl	10001248 <alarm_pool_get_default_timer>
10001268:	0004      	movs	r4, r0
1000126a:	2103      	movs	r1, #3
1000126c:	f000 f80c 	bl	10001288 <timer_hardware_alarm_claim>
10001270:	2310      	movs	r3, #16
10001272:	2203      	movs	r2, #3
10001274:	0021      	movs	r1, r4
10001276:	4802      	ldr	r0, [pc, #8]	; (10001280 <runtime_init_default_alarm_pool+0x30>)
10001278:	f7ff fe68 	bl	10000f4c <alarm_pool_post_alloc_init>
1000127c:	e7ed      	b.n	1000125a <runtime_init_default_alarm_pool+0xa>
1000127e:	46c0      	nop			; (mov r8, r8)
10001280:	20000284 	.word	0x20000284
10001284:	200006d4 	.word	0x200006d4

10001288 <timer_hardware_alarm_claim>:
10001288:	b510      	push	{r4, lr}
1000128a:	4a02      	ldr	r2, [pc, #8]	; (10001294 <timer_hardware_alarm_claim+0xc>)
1000128c:	4802      	ldr	r0, [pc, #8]	; (10001298 <timer_hardware_alarm_claim+0x10>)
1000128e:	f7ff fa11 	bl	100006b4 <hw_claim_or_assert>
10001292:	bd10      	pop	{r4, pc}
10001294:	10004418 	.word	0x10004418
10001298:	20000484 	.word	0x20000484

1000129c <timer_time_us_64>:
1000129c:	0002      	movs	r2, r0
1000129e:	6a43      	ldr	r3, [r0, #36]	; 0x24
100012a0:	6a90      	ldr	r0, [r2, #40]	; 0x28
100012a2:	0019      	movs	r1, r3
100012a4:	6a53      	ldr	r3, [r2, #36]	; 0x24
100012a6:	4299      	cmp	r1, r3
100012a8:	d1fa      	bne.n	100012a0 <timer_time_us_64+0x4>
100012aa:	4770      	bx	lr

100012ac <timer_busy_wait_until>:
100012ac:	6a41      	ldr	r1, [r0, #36]	; 0x24
100012ae:	e000      	b.n	100012b2 <timer_busy_wait_until+0x6>
100012b0:	6a41      	ldr	r1, [r0, #36]	; 0x24
100012b2:	4299      	cmp	r1, r3
100012b4:	d3fc      	bcc.n	100012b0 <timer_busy_wait_until+0x4>
100012b6:	e000      	b.n	100012ba <timer_busy_wait_until+0xe>
100012b8:	6a41      	ldr	r1, [r0, #36]	; 0x24
100012ba:	4299      	cmp	r1, r3
100012bc:	d102      	bne.n	100012c4 <timer_busy_wait_until+0x18>
100012be:	6a81      	ldr	r1, [r0, #40]	; 0x28
100012c0:	4291      	cmp	r1, r2
100012c2:	d3f9      	bcc.n	100012b8 <timer_busy_wait_until+0xc>
100012c4:	4770      	bx	lr

100012c6 <timer_busy_wait_us>:
100012c6:	b5f0      	push	{r4, r5, r6, r7, lr}
100012c8:	46c6      	mov	lr, r8
100012ca:	b500      	push	{lr}
100012cc:	4680      	mov	r8, r0
100012ce:	0014      	movs	r4, r2
100012d0:	001d      	movs	r5, r3
100012d2:	f7ff ffe3 	bl	1000129c <timer_time_us_64>
100012d6:	0006      	movs	r6, r0
100012d8:	000f      	movs	r7, r1
100012da:	0022      	movs	r2, r4
100012dc:	002b      	movs	r3, r5
100012de:	1992      	adds	r2, r2, r6
100012e0:	417b      	adcs	r3, r7
100012e2:	4299      	cmp	r1, r3
100012e4:	d802      	bhi.n	100012ec <timer_busy_wait_us+0x26>
100012e6:	d104      	bne.n	100012f2 <timer_busy_wait_us+0x2c>
100012e8:	4290      	cmp	r0, r2
100012ea:	d902      	bls.n	100012f2 <timer_busy_wait_us+0x2c>
100012ec:	2201      	movs	r2, #1
100012ee:	4252      	negs	r2, r2
100012f0:	17d3      	asrs	r3, r2, #31
100012f2:	4640      	mov	r0, r8
100012f4:	f7ff ffda 	bl	100012ac <timer_busy_wait_until>
100012f8:	bc80      	pop	{r7}
100012fa:	46b8      	mov	r8, r7
100012fc:	bdf0      	pop	{r4, r5, r6, r7, pc}
	...

10001300 <time_us_64>:
10001300:	b510      	push	{r4, lr}
10001302:	4802      	ldr	r0, [pc, #8]	; (1000130c <time_us_64+0xc>)
10001304:	f7ff ffca 	bl	1000129c <timer_time_us_64>
10001308:	bd10      	pop	{r4, pc}
1000130a:	46c0      	nop			; (mov r8, r8)
1000130c:	40054000 	.word	0x40054000

10001310 <busy_wait_us>:
10001310:	b510      	push	{r4, lr}
10001312:	0002      	movs	r2, r0
10001314:	000b      	movs	r3, r1
10001316:	4802      	ldr	r0, [pc, #8]	; (10001320 <busy_wait_us+0x10>)
10001318:	f7ff ffd5 	bl	100012c6 <timer_busy_wait_us>
1000131c:	bd10      	pop	{r4, pc}
1000131e:	46c0      	nop			; (mov r8, r8)
10001320:	40054000 	.word	0x40054000

10001324 <uart_disable_before_lcr_write>:
10001324:	b570      	push	{r4, r5, r6, lr}
10001326:	6b04      	ldr	r4, [r0, #48]	; 0x30
10001328:	07e3      	lsls	r3, r4, #31
1000132a:	d401      	bmi.n	10001330 <uart_disable_before_lcr_write+0xc>
1000132c:	0020      	movs	r0, r4
1000132e:	bd70      	pop	{r4, r5, r6, pc}
10001330:	4b0b      	ldr	r3, [pc, #44]	; (10001360 <uart_disable_before_lcr_write+0x3c>)
10001332:	18c3      	adds	r3, r0, r3
10001334:	4a0b      	ldr	r2, [pc, #44]	; (10001364 <uart_disable_before_lcr_write+0x40>)
10001336:	601a      	str	r2, [r3, #0]
10001338:	6a45      	ldr	r5, [r0, #36]	; 0x24
1000133a:	6a82      	ldr	r2, [r0, #40]	; 0x28
1000133c:	01ad      	lsls	r5, r5, #6
1000133e:	18ad      	adds	r5, r5, r2
10001340:	02ad      	lsls	r5, r5, #10
10001342:	2006      	movs	r0, #6
10001344:	f000 f926 	bl	10001594 <clock_get_hz>
10001348:	4907      	ldr	r1, [pc, #28]	; (10001368 <uart_disable_before_lcr_write+0x44>)
1000134a:	f000 fb11 	bl	10001970 <__wrap___aeabi_uidiv>
1000134e:	0001      	movs	r1, r0
10001350:	0028      	movs	r0, r5
10001352:	f000 fb0d 	bl	10001970 <__wrap___aeabi_uidiv>
10001356:	2100      	movs	r1, #0
10001358:	f7ff ffda 	bl	10001310 <busy_wait_us>
1000135c:	e7e6      	b.n	1000132c <uart_disable_before_lcr_write+0x8>
1000135e:	46c0      	nop			; (mov r8, r8)
10001360:	00003030 	.word	0x00003030
10001364:	00000301 	.word	0x00000301
10001368:	00000e4e 	.word	0x00000e4e

1000136c <uart_write_lcr_bits_masked>:
1000136c:	b570      	push	{r4, r5, r6, lr}
1000136e:	0004      	movs	r4, r0
10001370:	000e      	movs	r6, r1
10001372:	0015      	movs	r5, r2
10001374:	f7ff ffd6 	bl	10001324 <uart_disable_before_lcr_write>
10001378:	6ae1      	ldr	r1, [r4, #44]	; 0x2c
1000137a:	404e      	eors	r6, r1
1000137c:	4035      	ands	r5, r6
1000137e:	4b02      	ldr	r3, [pc, #8]	; (10001388 <uart_write_lcr_bits_masked+0x1c>)
10001380:	18e3      	adds	r3, r4, r3
10001382:	601d      	str	r5, [r3, #0]
10001384:	6320      	str	r0, [r4, #48]	; 0x30
10001386:	bd70      	pop	{r4, r5, r6, pc}
10001388:	0000102c 	.word	0x0000102c

1000138c <uart_set_baudrate>:
1000138c:	b570      	push	{r4, r5, r6, lr}
1000138e:	0005      	movs	r5, r0
10001390:	000c      	movs	r4, r1
10001392:	2006      	movs	r0, #6
10001394:	f000 f8fe 	bl	10001594 <clock_get_hz>
10001398:	00c0      	lsls	r0, r0, #3
1000139a:	0021      	movs	r1, r4
1000139c:	f000 fae8 	bl	10001970 <__wrap___aeabi_uidiv>
100013a0:	3001      	adds	r0, #1
100013a2:	09c6      	lsrs	r6, r0, #7
100013a4:	d007      	beq.n	100013b6 <uart_set_baudrate+0x2a>
100013a6:	4b0e      	ldr	r3, [pc, #56]	; (100013e0 <uart_set_baudrate+0x54>)
100013a8:	429e      	cmp	r6, r3
100013aa:	d815      	bhi.n	100013d8 <uart_set_baudrate+0x4c>
100013ac:	0840      	lsrs	r0, r0, #1
100013ae:	0034      	movs	r4, r6
100013b0:	263f      	movs	r6, #63	; 0x3f
100013b2:	4006      	ands	r6, r0
100013b4:	e000      	b.n	100013b8 <uart_set_baudrate+0x2c>
100013b6:	2401      	movs	r4, #1
100013b8:	626c      	str	r4, [r5, #36]	; 0x24
100013ba:	62ae      	str	r6, [r5, #40]	; 0x28
100013bc:	2200      	movs	r2, #0
100013be:	2100      	movs	r1, #0
100013c0:	0028      	movs	r0, r5
100013c2:	f7ff ffd3 	bl	1000136c <uart_write_lcr_bits_masked>
100013c6:	2006      	movs	r0, #6
100013c8:	f000 f8e4 	bl	10001594 <clock_get_hz>
100013cc:	0080      	lsls	r0, r0, #2
100013ce:	01a1      	lsls	r1, r4, #6
100013d0:	1989      	adds	r1, r1, r6
100013d2:	f000 facd 	bl	10001970 <__wrap___aeabi_uidiv>
100013d6:	bd70      	pop	{r4, r5, r6, pc}
100013d8:	2600      	movs	r6, #0
100013da:	4c02      	ldr	r4, [pc, #8]	; (100013e4 <uart_set_baudrate+0x58>)
100013dc:	e7ec      	b.n	100013b8 <uart_set_baudrate+0x2c>
100013de:	46c0      	nop			; (mov r8, r8)
100013e0:	0000fffe 	.word	0x0000fffe
100013e4:	0000ffff 	.word	0x0000ffff

100013e8 <uart_set_translate_crlf>:
100013e8:	2900      	cmp	r1, #0
100013ea:	d009      	beq.n	10001400 <uart_set_translate_crlf+0x18>
100013ec:	220a      	movs	r2, #10
100013ee:	4b06      	ldr	r3, [pc, #24]	; (10001408 <uart_set_translate_crlf+0x20>)
100013f0:	469c      	mov	ip, r3
100013f2:	4460      	add	r0, ip
100013f4:	4243      	negs	r3, r0
100013f6:	4158      	adcs	r0, r3
100013f8:	0040      	lsls	r0, r0, #1
100013fa:	4b04      	ldr	r3, [pc, #16]	; (1000140c <uart_set_translate_crlf+0x24>)
100013fc:	52c2      	strh	r2, [r0, r3]
100013fe:	4770      	bx	lr
10001400:	2280      	movs	r2, #128	; 0x80
10001402:	0052      	lsls	r2, r2, #1
10001404:	e7f3      	b.n	100013ee <uart_set_translate_crlf+0x6>
10001406:	46c0      	nop			; (mov r8, r8)
10001408:	bffc8000 	.word	0xbffc8000
1000140c:	200006e0 	.word	0x200006e0

10001410 <uart_init>:
10001410:	b570      	push	{r4, r5, r6, lr}
10001412:	0005      	movs	r5, r0
10001414:	000c      	movs	r4, r1
10001416:	2006      	movs	r0, #6
10001418:	f000 f8bc 	bl	10001594 <clock_get_hz>
1000141c:	2800      	cmp	r0, #0
1000141e:	d028      	beq.n	10001472 <uart_init+0x62>
10001420:	4b16      	ldr	r3, [pc, #88]	; (1000147c <uart_init+0x6c>)
10001422:	429d      	cmp	r5, r3
10001424:	d026      	beq.n	10001474 <uart_init+0x64>
10001426:	2216      	movs	r2, #22
10001428:	2301      	movs	r3, #1
1000142a:	4093      	lsls	r3, r2
1000142c:	4a14      	ldr	r2, [pc, #80]	; (10001480 <uart_init+0x70>)
1000142e:	6013      	str	r3, [r2, #0]
10001430:	4b12      	ldr	r3, [pc, #72]	; (1000147c <uart_init+0x6c>)
10001432:	429d      	cmp	r5, r3
10001434:	d020      	beq.n	10001478 <uart_init+0x68>
10001436:	2316      	movs	r3, #22
10001438:	2201      	movs	r2, #1
1000143a:	409a      	lsls	r2, r3
1000143c:	4b11      	ldr	r3, [pc, #68]	; (10001484 <uart_init+0x74>)
1000143e:	601a      	str	r2, [r3, #0]
10001440:	4b11      	ldr	r3, [pc, #68]	; (10001488 <uart_init+0x78>)
10001442:	681b      	ldr	r3, [r3, #0]
10001444:	0011      	movs	r1, r2
10001446:	4399      	bics	r1, r3
10001448:	d1fa      	bne.n	10001440 <uart_init+0x30>
1000144a:	2100      	movs	r1, #0
1000144c:	0028      	movs	r0, r5
1000144e:	f7ff ffcb 	bl	100013e8 <uart_set_translate_crlf>
10001452:	0021      	movs	r1, r4
10001454:	0028      	movs	r0, r5
10001456:	f7ff ff99 	bl	1000138c <uart_set_baudrate>
1000145a:	6aeb      	ldr	r3, [r5, #44]	; 0x2c
1000145c:	2270      	movs	r2, #112	; 0x70
1000145e:	405a      	eors	r2, r3
10001460:	237e      	movs	r3, #126	; 0x7e
10001462:	4013      	ands	r3, r2
10001464:	4a09      	ldr	r2, [pc, #36]	; (1000148c <uart_init+0x7c>)
10001466:	18aa      	adds	r2, r5, r2
10001468:	6013      	str	r3, [r2, #0]
1000146a:	4b09      	ldr	r3, [pc, #36]	; (10001490 <uart_init+0x80>)
1000146c:	632b      	str	r3, [r5, #48]	; 0x30
1000146e:	2303      	movs	r3, #3
10001470:	64ab      	str	r3, [r5, #72]	; 0x48
10001472:	bd70      	pop	{r4, r5, r6, pc}
10001474:	2217      	movs	r2, #23
10001476:	e7d7      	b.n	10001428 <uart_init+0x18>
10001478:	2317      	movs	r3, #23
1000147a:	e7dd      	b.n	10001438 <uart_init+0x28>
1000147c:	40038000 	.word	0x40038000
10001480:	4000e000 	.word	0x4000e000
10001484:	4000f000 	.word	0x4000f000
10001488:	4000c008 	.word	0x4000c008
1000148c:	0000102c 	.word	0x0000102c
10001490:	00000301 	.word	0x00000301

10001494 <clock_configure_internal>:
10001494:	b5f8      	push	{r3, r4, r5, r6, r7, lr}
10001496:	46d6      	mov	lr, sl
10001498:	4647      	mov	r7, r8
1000149a:	b580      	push	{r7, lr}
1000149c:	0006      	movs	r6, r0
1000149e:	000d      	movs	r5, r1
100014a0:	0017      	movs	r7, r2
100014a2:	4698      	mov	r8, r3
100014a4:	0044      	lsls	r4, r0, #1
100014a6:	1824      	adds	r4, r4, r0
100014a8:	00a4      	lsls	r4, r4, #2
100014aa:	4b29      	ldr	r3, [pc, #164]	; (10001550 <clock_configure_internal+0xbc>)
100014ac:	469c      	mov	ip, r3
100014ae:	4464      	add	r4, ip
100014b0:	6863      	ldr	r3, [r4, #4]
100014b2:	9a08      	ldr	r2, [sp, #32]
100014b4:	4293      	cmp	r3, r2
100014b6:	d200      	bcs.n	100014ba <clock_configure_internal+0x26>
100014b8:	6062      	str	r2, [r4, #4]
100014ba:	1f33      	subs	r3, r6, #4
100014bc:	b2db      	uxtb	r3, r3
100014be:	469a      	mov	sl, r3
100014c0:	2b01      	cmp	r3, #1
100014c2:	d92e      	bls.n	10001522 <clock_configure_internal+0x8e>
100014c4:	2280      	movs	r2, #128	; 0x80
100014c6:	0112      	lsls	r2, r2, #4
100014c8:	23c0      	movs	r3, #192	; 0xc0
100014ca:	019b      	lsls	r3, r3, #6
100014cc:	18e3      	adds	r3, r4, r3
100014ce:	601a      	str	r2, [r3, #0]
100014d0:	00b3      	lsls	r3, r6, #2
100014d2:	4a20      	ldr	r2, [pc, #128]	; (10001554 <clock_configure_internal+0xc0>)
100014d4:	5899      	ldr	r1, [r3, r2]
100014d6:	2900      	cmp	r1, #0
100014d8:	d007      	beq.n	100014ea <clock_configure_internal+0x56>
100014da:	6950      	ldr	r0, [r2, #20]
100014dc:	f000 fa48 	bl	10001970 <__wrap___aeabi_uidiv>
100014e0:	1c43      	adds	r3, r0, #1
100014e2:	0058      	lsls	r0, r3, #1
100014e4:	18c0      	adds	r0, r0, r3
100014e6:	3803      	subs	r0, #3
100014e8:	d2fd      	bcs.n	100014e6 <clock_configure_internal+0x52>
100014ea:	017f      	lsls	r7, r7, #5
100014ec:	6822      	ldr	r2, [r4, #0]
100014ee:	4057      	eors	r7, r2
100014f0:	22e0      	movs	r2, #224	; 0xe0
100014f2:	4017      	ands	r7, r2
100014f4:	2380      	movs	r3, #128	; 0x80
100014f6:	015b      	lsls	r3, r3, #5
100014f8:	18e3      	adds	r3, r4, r3
100014fa:	601f      	str	r7, [r3, #0]
100014fc:	4652      	mov	r2, sl
100014fe:	2a01      	cmp	r2, #1
10001500:	d91a      	bls.n	10001538 <clock_configure_internal+0xa4>
10001502:	2380      	movs	r3, #128	; 0x80
10001504:	019b      	lsls	r3, r3, #6
10001506:	18e3      	adds	r3, r4, r3
10001508:	2280      	movs	r2, #128	; 0x80
1000150a:	0112      	lsls	r2, r2, #4
1000150c:	601a      	str	r2, [r3, #0]
1000150e:	9b08      	ldr	r3, [sp, #32]
10001510:	6063      	str	r3, [r4, #4]
10001512:	00b6      	lsls	r6, r6, #2
10001514:	4b0f      	ldr	r3, [pc, #60]	; (10001554 <clock_configure_internal+0xc0>)
10001516:	4642      	mov	r2, r8
10001518:	50f2      	str	r2, [r6, r3]
1000151a:	bcc0      	pop	{r6, r7}
1000151c:	46ba      	mov	sl, r7
1000151e:	46b0      	mov	r8, r6
10001520:	bdf8      	pop	{r3, r4, r5, r6, r7, pc}
10001522:	2d01      	cmp	r5, #1
10001524:	d1ce      	bne.n	100014c4 <clock_configure_internal+0x30>
10001526:	2203      	movs	r2, #3
10001528:	23c0      	movs	r3, #192	; 0xc0
1000152a:	019b      	lsls	r3, r3, #6
1000152c:	18e3      	adds	r3, r4, r3
1000152e:	601a      	str	r2, [r3, #0]
10001530:	68a3      	ldr	r3, [r4, #8]
10001532:	07db      	lsls	r3, r3, #31
10001534:	d5fc      	bpl.n	10001530 <clock_configure_internal+0x9c>
10001536:	e7d8      	b.n	100014ea <clock_configure_internal+0x56>
10001538:	6821      	ldr	r1, [r4, #0]
1000153a:	4069      	eors	r1, r5
1000153c:	2203      	movs	r2, #3
1000153e:	400a      	ands	r2, r1
10001540:	601a      	str	r2, [r3, #0]
10001542:	68a3      	ldr	r3, [r4, #8]
10001544:	2201      	movs	r2, #1
10001546:	40aa      	lsls	r2, r5
10001548:	421a      	tst	r2, r3
1000154a:	d0fa      	beq.n	10001542 <clock_configure_internal+0xae>
1000154c:	e7d9      	b.n	10001502 <clock_configure_internal+0x6e>
1000154e:	46c0      	nop			; (mov r8, r8)
10001550:	40008000 	.word	0x40008000
10001554:	20000488 	.word	0x20000488

10001558 <clock_configure_int_divider>:
10001558:	b5f0      	push	{r4, r5, r6, r7, lr}
1000155a:	b083      	sub	sp, #12
1000155c:	0005      	movs	r5, r0
1000155e:	000e      	movs	r6, r1
10001560:	0017      	movs	r7, r2
10001562:	0018      	movs	r0, r3
10001564:	9908      	ldr	r1, [sp, #32]
10001566:	f000 fa03 	bl	10001970 <__wrap___aeabi_uidiv>
1000156a:	0003      	movs	r3, r0
1000156c:	9a08      	ldr	r2, [sp, #32]
1000156e:	0214      	lsls	r4, r2, #8
10001570:	9400      	str	r4, [sp, #0]
10001572:	003a      	movs	r2, r7
10001574:	0031      	movs	r1, r6
10001576:	0028      	movs	r0, r5
10001578:	f7ff ff8c 	bl	10001494 <clock_configure_internal>
1000157c:	b003      	add	sp, #12
1000157e:	bdf0      	pop	{r4, r5, r6, r7, pc}

10001580 <clock_configure_undivided>:
10001580:	b510      	push	{r4, lr}
10001582:	b082      	sub	sp, #8
10001584:	2480      	movs	r4, #128	; 0x80
10001586:	0064      	lsls	r4, r4, #1
10001588:	9400      	str	r4, [sp, #0]
1000158a:	f7ff ff83 	bl	10001494 <clock_configure_internal>
1000158e:	b002      	add	sp, #8
10001590:	bd10      	pop	{r4, pc}
	...

10001594 <clock_get_hz>:
10001594:	0080      	lsls	r0, r0, #2
10001596:	4b01      	ldr	r3, [pc, #4]	; (1000159c <clock_get_hz+0x8>)
10001598:	58c0      	ldr	r0, [r0, r3]
1000159a:	4770      	bx	lr
1000159c:	20000488 	.word	0x20000488

100015a0 <pll_init>:
100015a0:	b5f0      	push	{r4, r5, r6, r7, lr}
100015a2:	46c6      	mov	lr, r8
100015a4:	b500      	push	{lr}
100015a6:	0004      	movs	r4, r0
100015a8:	000e      	movs	r6, r1
100015aa:	0017      	movs	r7, r2
100015ac:	001d      	movs	r5, r3
100015ae:	4836      	ldr	r0, [pc, #216]	; (10001688 <pll_init+0xe8>)
100015b0:	f000 f9de 	bl	10001970 <__wrap___aeabi_uidiv>
100015b4:	4680      	mov	r8, r0
100015b6:	4b35      	ldr	r3, [pc, #212]	; (1000168c <pll_init+0xec>)
100015b8:	18fa      	adds	r2, r7, r3
100015ba:	4b35      	ldr	r3, [pc, #212]	; (10001690 <pll_init+0xf0>)
100015bc:	429a      	cmp	r2, r3
100015be:	d838      	bhi.n	10001632 <pll_init+0x92>
100015c0:	0001      	movs	r1, r0
100015c2:	0038      	movs	r0, r7
100015c4:	f000 f9d4 	bl	10001970 <__wrap___aeabi_uidiv>
100015c8:	0002      	movs	r2, r0
100015ca:	3a10      	subs	r2, #16
100015cc:	2398      	movs	r3, #152	; 0x98
100015ce:	005b      	lsls	r3, r3, #1
100015d0:	429a      	cmp	r2, r3
100015d2:	d834      	bhi.n	1000163e <pll_init+0x9e>
100015d4:	1e6b      	subs	r3, r5, #1
100015d6:	2b06      	cmp	r3, #6
100015d8:	d837      	bhi.n	1000164a <pll_init+0xaa>
100015da:	9b06      	ldr	r3, [sp, #24]
100015dc:	3b01      	subs	r3, #1
100015de:	2b06      	cmp	r3, #6
100015e0:	d833      	bhi.n	1000164a <pll_init+0xaa>
100015e2:	093f      	lsrs	r7, r7, #4
100015e4:	4547      	cmp	r7, r8
100015e6:	d336      	bcc.n	10001656 <pll_init+0xb6>
100015e8:	042d      	lsls	r5, r5, #16
100015ea:	9b06      	ldr	r3, [sp, #24]
100015ec:	031a      	lsls	r2, r3, #12
100015ee:	4315      	orrs	r5, r2
100015f0:	6823      	ldr	r3, [r4, #0]
100015f2:	2b00      	cmp	r3, #0
100015f4:	db35      	blt.n	10001662 <pll_init+0xc2>
100015f6:	4b27      	ldr	r3, [pc, #156]	; (10001694 <pll_init+0xf4>)
100015f8:	429c      	cmp	r4, r3
100015fa:	d043      	beq.n	10001684 <pll_init+0xe4>
100015fc:	230c      	movs	r3, #12
100015fe:	2201      	movs	r2, #1
10001600:	409a      	lsls	r2, r3
10001602:	4b25      	ldr	r3, [pc, #148]	; (10001698 <pll_init+0xf8>)
10001604:	601a      	str	r2, [r3, #0]
10001606:	4b25      	ldr	r3, [pc, #148]	; (1000169c <pll_init+0xfc>)
10001608:	601a      	str	r2, [r3, #0]
1000160a:	4b25      	ldr	r3, [pc, #148]	; (100016a0 <pll_init+0x100>)
1000160c:	681b      	ldr	r3, [r3, #0]
1000160e:	0011      	movs	r1, r2
10001610:	4399      	bics	r1, r3
10001612:	d1fa      	bne.n	1000160a <pll_init+0x6a>
10001614:	6026      	str	r6, [r4, #0]
10001616:	60a0      	str	r0, [r4, #8]
10001618:	4b22      	ldr	r3, [pc, #136]	; (100016a4 <pll_init+0x104>)
1000161a:	18e2      	adds	r2, r4, r3
1000161c:	2321      	movs	r3, #33	; 0x21
1000161e:	6013      	str	r3, [r2, #0]
10001620:	6823      	ldr	r3, [r4, #0]
10001622:	2b00      	cmp	r3, #0
10001624:	dafc      	bge.n	10001620 <pll_init+0x80>
10001626:	60e5      	str	r5, [r4, #12]
10001628:	2308      	movs	r3, #8
1000162a:	6013      	str	r3, [r2, #0]
1000162c:	bc80      	pop	{r7}
1000162e:	46b8      	mov	r8, r7
10001630:	bdf0      	pop	{r4, r5, r6, r7, pc}
10001632:	4b1d      	ldr	r3, [pc, #116]	; (100016a8 <pll_init+0x108>)
10001634:	4a1d      	ldr	r2, [pc, #116]	; (100016ac <pll_init+0x10c>)
10001636:	2111      	movs	r1, #17
10001638:	481d      	ldr	r0, [pc, #116]	; (100016b0 <pll_init+0x110>)
1000163a:	f002 f937 	bl	100038ac <__assert_func>
1000163e:	4b1d      	ldr	r3, [pc, #116]	; (100016b4 <pll_init+0x114>)
10001640:	4a1a      	ldr	r2, [pc, #104]	; (100016ac <pll_init+0x10c>)
10001642:	2119      	movs	r1, #25
10001644:	481a      	ldr	r0, [pc, #104]	; (100016b0 <pll_init+0x110>)
10001646:	f002 f931 	bl	100038ac <__assert_func>
1000164a:	4b1b      	ldr	r3, [pc, #108]	; (100016b8 <pll_init+0x118>)
1000164c:	4a17      	ldr	r2, [pc, #92]	; (100016ac <pll_init+0x10c>)
1000164e:	211c      	movs	r1, #28
10001650:	4817      	ldr	r0, [pc, #92]	; (100016b0 <pll_init+0x110>)
10001652:	f002 f92b 	bl	100038ac <__assert_func>
10001656:	4b19      	ldr	r3, [pc, #100]	; (100016bc <pll_init+0x11c>)
10001658:	4a14      	ldr	r2, [pc, #80]	; (100016ac <pll_init+0x10c>)
1000165a:	2123      	movs	r1, #35	; 0x23
1000165c:	4814      	ldr	r0, [pc, #80]	; (100016b0 <pll_init+0x110>)
1000165e:	f002 f925 	bl	100038ac <__assert_func>
10001662:	6822      	ldr	r2, [r4, #0]
10001664:	233f      	movs	r3, #63	; 0x3f
10001666:	4013      	ands	r3, r2
10001668:	42b3      	cmp	r3, r6
1000166a:	d1c4      	bne.n	100015f6 <pll_init+0x56>
1000166c:	68a3      	ldr	r3, [r4, #8]
1000166e:	051b      	lsls	r3, r3, #20
10001670:	0d1b      	lsrs	r3, r3, #20
10001672:	4283      	cmp	r3, r0
10001674:	d1bf      	bne.n	100015f6 <pll_init+0x56>
10001676:	68e3      	ldr	r3, [r4, #12]
10001678:	22ee      	movs	r2, #238	; 0xee
1000167a:	02d2      	lsls	r2, r2, #11
1000167c:	4013      	ands	r3, r2
1000167e:	42ab      	cmp	r3, r5
10001680:	d1b9      	bne.n	100015f6 <pll_init+0x56>
10001682:	e7d3      	b.n	1000162c <pll_init+0x8c>
10001684:	230d      	movs	r3, #13
10001686:	e7ba      	b.n	100015fe <pll_init+0x5e>
10001688:	00b71b00 	.word	0x00b71b00
1000168c:	d34be880 	.word	0xd34be880
10001690:	32a9f880 	.word	0x32a9f880
10001694:	4002c000 	.word	0x4002c000
10001698:	4000e000 	.word	0x4000e000
1000169c:	4000f000 	.word	0x4000f000
100016a0:	4000c008 	.word	0x4000c008
100016a4:	00003004 	.word	0x00003004
100016a8:	1000443c 	.word	0x1000443c
100016ac:	1000455c 	.word	0x1000455c
100016b0:	1000448c 	.word	0x1000448c
100016b4:	100044d8 	.word	0x100044d8
100016b8:	100044f4 	.word	0x100044f4
100016bc:	10004540 	.word	0x10004540

100016c0 <tick_start>:
100016c0:	2380      	movs	r3, #128	; 0x80
100016c2:	009b      	lsls	r3, r3, #2
100016c4:	430b      	orrs	r3, r1
100016c6:	4a01      	ldr	r2, [pc, #4]	; (100016cc <tick_start+0xc>)
100016c8:	62d3      	str	r3, [r2, #44]	; 0x2c
100016ca:	4770      	bx	lr
100016cc:	40058000 	.word	0x40058000

100016d0 <xosc_init>:
100016d0:	4b06      	ldr	r3, [pc, #24]	; (100016ec <xosc_init+0x1c>)
100016d2:	22aa      	movs	r2, #170	; 0xaa
100016d4:	0112      	lsls	r2, r2, #4
100016d6:	601a      	str	r2, [r3, #0]
100016d8:	222f      	movs	r2, #47	; 0x2f
100016da:	60da      	str	r2, [r3, #12]
100016dc:	4b04      	ldr	r3, [pc, #16]	; (100016f0 <xosc_init+0x20>)
100016de:	4a05      	ldr	r2, [pc, #20]	; (100016f4 <xosc_init+0x24>)
100016e0:	601a      	str	r2, [r3, #0]
100016e2:	4b02      	ldr	r3, [pc, #8]	; (100016ec <xosc_init+0x1c>)
100016e4:	685b      	ldr	r3, [r3, #4]
100016e6:	2b00      	cmp	r3, #0
100016e8:	dafb      	bge.n	100016e2 <xosc_init+0x12>
100016ea:	4770      	bx	lr
100016ec:	40024000 	.word	0x40024000
100016f0:	40026000 	.word	0x40026000
100016f4:	00fab000 	.word	0x00fab000

100016f8 <runtime_run_initializers_from>:
100016f8:	b510      	push	{r4, lr}
100016fa:	0004      	movs	r4, r0
100016fc:	e001      	b.n	10001702 <runtime_run_initializers_from+0xa>
100016fe:	cc08      	ldmia	r4!, {r3}
10001700:	4798      	blx	r3
10001702:	4b02      	ldr	r3, [pc, #8]	; (1000170c <runtime_run_initializers_from+0x14>)
10001704:	429c      	cmp	r4, r3
10001706:	d3fa      	bcc.n	100016fe <runtime_run_initializers_from+0x6>
10001708:	bd10      	pop	{r4, pc}
1000170a:	46c0      	nop			; (mov r8, r8)
1000170c:	10003f04 	.word	0x10003f04

10001710 <first_per_core_initializer>:
10001710:	4770      	bx	lr
	...

10001714 <runtime_run_initializers>:
10001714:	b510      	push	{r4, lr}
10001716:	4802      	ldr	r0, [pc, #8]	; (10001720 <runtime_run_initializers+0xc>)
10001718:	f7ff ffee 	bl	100016f8 <runtime_run_initializers_from>
1000171c:	bd10      	pop	{r4, pc}
1000171e:	46c0      	nop			; (mov r8, r8)
10001720:	10003ec8 	.word	0x10003ec8

10001724 <runtime_init_early_resets>:
10001724:	4b05      	ldr	r3, [pc, #20]	; (1000173c <runtime_init_early_resets+0x18>)
10001726:	4a06      	ldr	r2, [pc, #24]	; (10001740 <runtime_init_early_resets+0x1c>)
10001728:	601a      	str	r2, [r3, #0]
1000172a:	4b06      	ldr	r3, [pc, #24]	; (10001744 <runtime_init_early_resets+0x20>)
1000172c:	4a06      	ldr	r2, [pc, #24]	; (10001748 <runtime_init_early_resets+0x24>)
1000172e:	601a      	str	r2, [r3, #0]
10001730:	4b06      	ldr	r3, [pc, #24]	; (1000174c <runtime_init_early_resets+0x28>)
10001732:	681a      	ldr	r2, [r3, #0]
10001734:	4b04      	ldr	r3, [pc, #16]	; (10001748 <runtime_init_early_resets+0x24>)
10001736:	4393      	bics	r3, r2
10001738:	d1fa      	bne.n	10001730 <runtime_init_early_resets+0xc>
1000173a:	4770      	bx	lr
1000173c:	4000e000 	.word	0x4000e000
10001740:	fefbcdbf 	.word	0xfefbcdbf
10001744:	4000f000 	.word	0x4000f000
10001748:	003c7ffe 	.word	0x003c7ffe
1000174c:	4000c008 	.word	0x4000c008

10001750 <runtime_init_usb_power_down>:
10001750:	4b04      	ldr	r3, [pc, #16]	; (10001764 <runtime_init_usb_power_down+0x14>)
10001752:	6cdb      	ldr	r3, [r3, #76]	; 0x4c
10001754:	2b00      	cmp	r3, #0
10001756:	d103      	bne.n	10001760 <runtime_init_usb_power_down+0x10>
10001758:	4b03      	ldr	r3, [pc, #12]	; (10001768 <runtime_init_usb_power_down+0x18>)
1000175a:	2280      	movs	r2, #128	; 0x80
1000175c:	02d2      	lsls	r2, r2, #11
1000175e:	601a      	str	r2, [r3, #0]
10001760:	4770      	bx	lr
10001762:	46c0      	nop			; (mov r8, r8)
10001764:	50110000 	.word	0x50110000
10001768:	5011204c 	.word	0x5011204c

1000176c <runtime_init_post_clock_resets>:
1000176c:	4b04      	ldr	r3, [pc, #16]	; (10001780 <runtime_init_post_clock_resets+0x14>)
1000176e:	4a05      	ldr	r2, [pc, #20]	; (10001784 <runtime_init_post_clock_resets+0x18>)
10001770:	601a      	str	r2, [r3, #0]
10001772:	4b05      	ldr	r3, [pc, #20]	; (10001788 <runtime_init_post_clock_resets+0x1c>)
10001774:	681b      	ldr	r3, [r3, #0]
10001776:	43db      	mvns	r3, r3
10001778:	01db      	lsls	r3, r3, #7
1000177a:	d1fa      	bne.n	10001772 <runtime_init_post_clock_resets+0x6>
1000177c:	4770      	bx	lr
1000177e:	46c0      	nop			; (mov r8, r8)
10001780:	4000f000 	.word	0x4000f000
10001784:	01ffffff 	.word	0x01ffffff
10001788:	4000c008 	.word	0x4000c008

1000178c <runtime_init_rp2040_gpio_ie_disable>:
1000178c:	4b03      	ldr	r3, [pc, #12]	; (1000179c <runtime_init_rp2040_gpio_ie_disable+0x10>)
1000178e:	2240      	movs	r2, #64	; 0x40
10001790:	679a      	str	r2, [r3, #120]	; 0x78
10001792:	675a      	str	r2, [r3, #116]	; 0x74
10001794:	671a      	str	r2, [r3, #112]	; 0x70
10001796:	66da      	str	r2, [r3, #108]	; 0x6c
10001798:	4770      	bx	lr
1000179a:	46c0      	nop			; (mov r8, r8)
1000179c:	4001f000 	.word	0x4001f000

100017a0 <runtime_init_spin_locks_reset>:
100017a0:	b510      	push	{r4, lr}
100017a2:	f7fe ffd7 	bl	10000754 <spin_locks_reset>
100017a6:	bd10      	pop	{r4, pc}

100017a8 <runtime_init_install_ram_vector_table>:
100017a8:	b570      	push	{r4, r5, r6, lr}
100017aa:	4c04      	ldr	r4, [pc, #16]	; (100017bc <runtime_init_install_ram_vector_table+0x14>)
100017ac:	68a1      	ldr	r1, [r4, #8]
100017ae:	4d04      	ldr	r5, [pc, #16]	; (100017c0 <runtime_init_install_ram_vector_table+0x18>)
100017b0:	22c0      	movs	r2, #192	; 0xc0
100017b2:	0028      	movs	r0, r5
100017b4:	f000 ffb6 	bl	10002724 <__wrap___aeabi_memcpy>
100017b8:	60a5      	str	r5, [r4, #8]
100017ba:	bd70      	pop	{r4, r5, r6, pc}
100017bc:	e000ed00 	.word	0xe000ed00
100017c0:	20000000 	.word	0x20000000

100017c4 <start_all_ticks>:
100017c4:	b570      	push	{r4, r5, r6, lr}
100017c6:	2004      	movs	r0, #4
100017c8:	f7ff fee4 	bl	10001594 <clock_get_hz>
100017cc:	4906      	ldr	r1, [pc, #24]	; (100017e8 <start_all_ticks+0x24>)
100017ce:	f000 f8cf 	bl	10001970 <__wrap___aeabi_uidiv>
100017d2:	0005      	movs	r5, r0
100017d4:	2400      	movs	r4, #0
100017d6:	2c00      	cmp	r4, #0
100017d8:	dd00      	ble.n	100017dc <start_all_ticks+0x18>
100017da:	bd70      	pop	{r4, r5, r6, pc}
100017dc:	b2e0      	uxtb	r0, r4
100017de:	0029      	movs	r1, r5
100017e0:	f7ff ff6e 	bl	100016c0 <tick_start>
100017e4:	3401      	adds	r4, #1
100017e6:	e7f6      	b.n	100017d6 <start_all_ticks+0x12>
100017e8:	000f4240 	.word	0x000f4240

100017ec <runtime_init_clocks>:
100017ec:	b530      	push	{r4, r5, lr}
100017ee:	b083      	sub	sp, #12
100017f0:	4b27      	ldr	r3, [pc, #156]	; (10001890 <runtime_init_clocks+0xa4>)
100017f2:	2200      	movs	r2, #0
100017f4:	679a      	str	r2, [r3, #120]	; 0x78
100017f6:	f7ff ff6b 	bl	100016d0 <xosc_init>
100017fa:	4b26      	ldr	r3, [pc, #152]	; (10001894 <runtime_init_clocks+0xa8>)
100017fc:	2201      	movs	r2, #1
100017fe:	601a      	str	r2, [r3, #0]
10001800:	4b23      	ldr	r3, [pc, #140]	; (10001890 <runtime_init_clocks+0xa4>)
10001802:	6c5b      	ldr	r3, [r3, #68]	; 0x44
10001804:	2b01      	cmp	r3, #1
10001806:	d1fb      	bne.n	10001800 <runtime_init_clocks+0x14>
10001808:	4b23      	ldr	r3, [pc, #140]	; (10001898 <runtime_init_clocks+0xac>)
1000180a:	2203      	movs	r2, #3
1000180c:	601a      	str	r2, [r3, #0]
1000180e:	4b20      	ldr	r3, [pc, #128]	; (10001890 <runtime_init_clocks+0xa4>)
10001810:	6b9b      	ldr	r3, [r3, #56]	; 0x38
10001812:	2b01      	cmp	r3, #1
10001814:	d1fb      	bne.n	1000180e <runtime_init_clocks+0x22>
10001816:	3301      	adds	r3, #1
10001818:	9300      	str	r3, [sp, #0]
1000181a:	3304      	adds	r3, #4
1000181c:	4a1f      	ldr	r2, [pc, #124]	; (1000189c <runtime_init_clocks+0xb0>)
1000181e:	2101      	movs	r1, #1
10001820:	481f      	ldr	r0, [pc, #124]	; (100018a0 <runtime_init_clocks+0xb4>)
10001822:	f7ff febd 	bl	100015a0 <pll_init>
10001826:	2305      	movs	r3, #5
10001828:	9300      	str	r3, [sp, #0]
1000182a:	4a1e      	ldr	r2, [pc, #120]	; (100018a4 <runtime_init_clocks+0xb8>)
1000182c:	2101      	movs	r1, #1
1000182e:	481e      	ldr	r0, [pc, #120]	; (100018a8 <runtime_init_clocks+0xbc>)
10001830:	f7ff feb6 	bl	100015a0 <pll_init>
10001834:	4b1d      	ldr	r3, [pc, #116]	; (100018ac <runtime_init_clocks+0xc0>)
10001836:	2200      	movs	r2, #0
10001838:	2102      	movs	r1, #2
1000183a:	2004      	movs	r0, #4
1000183c:	f7ff fea0 	bl	10001580 <clock_configure_undivided>
10001840:	4d1b      	ldr	r5, [pc, #108]	; (100018b0 <runtime_init_clocks+0xc4>)
10001842:	002b      	movs	r3, r5
10001844:	2200      	movs	r2, #0
10001846:	2101      	movs	r1, #1
10001848:	2005      	movs	r0, #5
1000184a:	f7ff fe99 	bl	10001580 <clock_configure_undivided>
1000184e:	4c19      	ldr	r4, [pc, #100]	; (100018b4 <runtime_init_clocks+0xc8>)
10001850:	0023      	movs	r3, r4
10001852:	2200      	movs	r2, #0
10001854:	2100      	movs	r1, #0
10001856:	2007      	movs	r0, #7
10001858:	f7ff fe92 	bl	10001580 <clock_configure_undivided>
1000185c:	0023      	movs	r3, r4
1000185e:	2200      	movs	r2, #0
10001860:	2100      	movs	r1, #0
10001862:	2008      	movs	r0, #8
10001864:	f7ff fe8c 	bl	10001580 <clock_configure_undivided>
10001868:	2380      	movs	r3, #128	; 0x80
1000186a:	00db      	lsls	r3, r3, #3
1000186c:	9300      	str	r3, [sp, #0]
1000186e:	0023      	movs	r3, r4
10001870:	2200      	movs	r2, #0
10001872:	2100      	movs	r1, #0
10001874:	2009      	movs	r0, #9
10001876:	f7ff fe6f 	bl	10001558 <clock_configure_int_divider>
1000187a:	002b      	movs	r3, r5
1000187c:	2200      	movs	r2, #0
1000187e:	2100      	movs	r1, #0
10001880:	2006      	movs	r0, #6
10001882:	f7ff fe7d 	bl	10001580 <clock_configure_undivided>
10001886:	f7ff ff9d 	bl	100017c4 <start_all_ticks>
1000188a:	b003      	add	sp, #12
1000188c:	bd30      	pop	{r4, r5, pc}
1000188e:	46c0      	nop			; (mov r8, r8)
10001890:	40008000 	.word	0x40008000
10001894:	4000b03c 	.word	0x4000b03c
10001898:	4000b030 	.word	0x4000b030
1000189c:	59682f00 	.word	0x59682f00
100018a0:	40028000 	.word	0x40028000
100018a4:	47868c00 	.word	0x47868c00
100018a8:	4002c000 	.word	0x4002c000
100018ac:	00b71b00 	.word	0x00b71b00
100018b0:	07735940 	.word	0x07735940
100018b4:	02dc6c00 	.word	0x02dc6c00

100018b8 <__aeabi_bits_init>:
100018b8:	4801      	ldr	r0, [pc, #4]	; (100018c0 <__aeabi_bits_init+0x8>)
100018ba:	2104      	movs	r1, #4
100018bc:	4b01      	ldr	r3, [pc, #4]	; (100018c4 <__aeabi_bits_init+0xc>)
100018be:	4718      	bx	r3
100018c0:	200002a0 	.word	0x200002a0
100018c4:	100018e9 	.word	0x100018e9

100018c8 <rom_func_lookup>:
100018c8:	b510      	push	{r4, lr}
100018ca:	0001      	movs	r1, r0
100018cc:	2318      	movs	r3, #24
100018ce:	881b      	ldrh	r3, [r3, #0]
100018d0:	2214      	movs	r2, #20
100018d2:	8810      	ldrh	r0, [r2, #0]
100018d4:	4798      	blx	r3
100018d6:	bd10      	pop	{r4, pc}

100018d8 <rom_data_lookup>:
100018d8:	b510      	push	{r4, lr}
100018da:	0001      	movs	r1, r0
100018dc:	2318      	movs	r3, #24
100018de:	881b      	ldrh	r3, [r3, #0]
100018e0:	2216      	movs	r2, #22
100018e2:	8810      	ldrh	r0, [r2, #0]
100018e4:	4798      	blx	r3
100018e6:	bd10      	pop	{r4, pc}

100018e8 <rom_funcs_lookup>:
100018e8:	b5f0      	push	{r4, r5, r6, r7, lr}
100018ea:	46c6      	mov	lr, r8
100018ec:	b500      	push	{lr}
100018ee:	0007      	movs	r7, r0
100018f0:	000e      	movs	r6, r1
100018f2:	2500      	movs	r5, #0
100018f4:	2301      	movs	r3, #1
100018f6:	4698      	mov	r8, r3
100018f8:	e000      	b.n	100018fc <rom_funcs_lookup+0x14>
100018fa:	3501      	adds	r5, #1
100018fc:	42b5      	cmp	r5, r6
100018fe:	d20a      	bcs.n	10001916 <rom_funcs_lookup+0x2e>
10001900:	00ac      	lsls	r4, r5, #2
10001902:	193c      	adds	r4, r7, r4
10001904:	6820      	ldr	r0, [r4, #0]
10001906:	f7ff ffdf 	bl	100018c8 <rom_func_lookup>
1000190a:	6020      	str	r0, [r4, #0]
1000190c:	2800      	cmp	r0, #0
1000190e:	d1f4      	bne.n	100018fa <rom_funcs_lookup+0x12>
10001910:	2300      	movs	r3, #0
10001912:	4698      	mov	r8, r3
10001914:	e7f1      	b.n	100018fa <rom_funcs_lookup+0x12>
10001916:	4640      	mov	r0, r8
10001918:	bc80      	pop	{r7}
1000191a:	46b8      	mov	r8, r7
1000191c:	bdf0      	pop	{r4, r5, r6, r7, pc}
	...

10001920 <__wrap___aeabi_idiv>:
10001920:	4a12      	ldr	r2, [pc, #72]	; (1000196c <divmod_s32s32_savestate+0x18>)
10001922:	6f93      	ldr	r3, [r2, #120]	; 0x78
10001924:	089b      	lsrs	r3, r3, #2
10001926:	d215      	bcs.n	10001954 <divmod_s32s32_savestate>

10001928 <divmod_s32s32_unsafe>:
10001928:	6690      	str	r0, [r2, #104]	; 0x68
1000192a:	66d1      	str	r1, [r2, #108]	; 0x6c
1000192c:	2900      	cmp	r1, #0
1000192e:	d005      	beq.n	1000193c <divmod_s32s32_unsafe+0x14>
10001930:	e7ff      	b.n	10001932 <divmod_s32s32_unsafe+0xa>
10001932:	e7ff      	b.n	10001934 <divmod_s32s32_unsafe+0xc>
10001934:	e7ff      	b.n	10001936 <divmod_s32s32_unsafe+0xe>
10001936:	6f51      	ldr	r1, [r2, #116]	; 0x74
10001938:	6f10      	ldr	r0, [r2, #112]	; 0x70
1000193a:	4770      	bx	lr
1000193c:	b504      	push	{r2, lr}
1000193e:	2180      	movs	r1, #128	; 0x80
10001940:	0609      	lsls	r1, r1, #24
10001942:	17c2      	asrs	r2, r0, #31
10001944:	4051      	eors	r1, r2
10001946:	2800      	cmp	r0, #0
10001948:	d000      	beq.n	1000194c <divmod_s32s32_unsafe+0x24>
1000194a:	43c8      	mvns	r0, r1
1000194c:	f002 faac 	bl	10003ea8 <____aeabi_idiv0_veneer>
10001950:	2100      	movs	r1, #0
10001952:	bd04      	pop	{r2, pc}

10001954 <divmod_s32s32_savestate>:
10001954:	b5f0      	push	{r4, r5, r6, r7, lr}
10001956:	6e14      	ldr	r4, [r2, #96]	; 0x60
10001958:	6e55      	ldr	r5, [r2, #100]	; 0x64
1000195a:	6f57      	ldr	r7, [r2, #116]	; 0x74
1000195c:	6f16      	ldr	r6, [r2, #112]	; 0x70
1000195e:	f7ff ffe3 	bl	10001928 <divmod_s32s32_unsafe>
10001962:	6614      	str	r4, [r2, #96]	; 0x60
10001964:	6655      	str	r5, [r2, #100]	; 0x64
10001966:	6757      	str	r7, [r2, #116]	; 0x74
10001968:	6716      	str	r6, [r2, #112]	; 0x70
1000196a:	bdf0      	pop	{r4, r5, r6, r7, pc}
1000196c:	d0000000 	.word	0xd0000000

10001970 <__wrap___aeabi_uidiv>:
10001970:	4a11      	ldr	r2, [pc, #68]	; (100019b8 <divmod_u32u32_savestate+0x18>)
10001972:	6f93      	ldr	r3, [r2, #120]	; 0x78
10001974:	089b      	lsrs	r3, r3, #2
10001976:	d213      	bcs.n	100019a0 <divmod_u32u32_savestate>

10001978 <divmod_u32u32_unsafe>:
10001978:	6610      	str	r0, [r2, #96]	; 0x60
1000197a:	6651      	str	r1, [r2, #100]	; 0x64
1000197c:	2900      	cmp	r1, #0
1000197e:	d005      	beq.n	1000198c <divmod_u32u32_unsafe+0x14>
10001980:	e7ff      	b.n	10001982 <divmod_u32u32_unsafe+0xa>
10001982:	e7ff      	b.n	10001984 <divmod_u32u32_unsafe+0xc>
10001984:	e7ff      	b.n	10001986 <divmod_u32u32_unsafe+0xe>
10001986:	6f51      	ldr	r1, [r2, #116]	; 0x74
10001988:	6f10      	ldr	r0, [r2, #112]	; 0x70
1000198a:	4770      	bx	lr
1000198c:	b504      	push	{r2, lr}
1000198e:	2800      	cmp	r0, #0
10001990:	d001      	beq.n	10001996 <divmod_u32u32_unsafe+0x1e>
10001992:	2000      	movs	r0, #0
10001994:	43c0      	mvns	r0, r0
10001996:	f002 fa87 	bl	10003ea8 <____aeabi_idiv0_veneer>
1000199a:	2100      	movs	r1, #0
1000199c:	bd04      	pop	{r2, pc}
1000199e:	46c0      	nop			; (mov r8, r8)

100019a0 <divmod_u32u32_savestate>:
100019a0:	b5f0      	push	{r4, r5, r6, r7, lr}
100019a2:	6e14      	ldr	r4, [r2, #96]	; 0x60
100019a4:	6e55      	ldr	r5, [r2, #100]	; 0x64
100019a6:	6f57      	ldr	r7, [r2, #116]	; 0x74
100019a8:	6f16      	ldr	r6, [r2, #112]	; 0x70
100019aa:	f7ff ffe5 	bl	10001978 <divmod_u32u32_unsafe>
100019ae:	6614      	str	r4, [r2, #96]	; 0x60
100019b0:	6655      	str	r5, [r2, #100]	; 0x64
100019b2:	6757      	str	r7, [r2, #116]	; 0x74
100019b4:	6716      	str	r6, [r2, #112]	; 0x70
100019b6:	bdf0      	pop	{r4, r5, r6, r7, pc}
100019b8:	d0000000 	.word	0xd0000000

100019bc <__wrap___aeabi_ldivmod>:
100019bc:	4694      	mov	ip, r2
100019be:	4a4a      	ldr	r2, [pc, #296]	; (10001ae8 <udiv0+0x1a>)
100019c0:	6f92      	ldr	r2, [r2, #120]	; 0x78
100019c2:	0892      	lsrs	r2, r2, #2
100019c4:	4662      	mov	r2, ip
100019c6:	d201      	bcs.n	100019cc <divmod_s64s64_savestate>
100019c8:	e028      	b.n	10001a1c <divmod_s64s64_unsafe>
100019ca:	46c0      	nop			; (mov r8, r8)

100019cc <divmod_s64s64_savestate>:
100019cc:	b5f0      	push	{r4, r5, r6, r7, lr}
100019ce:	4e46      	ldr	r6, [pc, #280]	; (10001ae8 <udiv0+0x1a>)
100019d0:	6e34      	ldr	r4, [r6, #96]	; 0x60
100019d2:	6e75      	ldr	r5, [r6, #100]	; 0x64
100019d4:	6f77      	ldr	r7, [r6, #116]	; 0x74
100019d6:	6f36      	ldr	r6, [r6, #112]	; 0x70
100019d8:	f000 f820 	bl	10001a1c <divmod_s64s64_unsafe>
100019dc:	4694      	mov	ip, r2
100019de:	4a42      	ldr	r2, [pc, #264]	; (10001ae8 <udiv0+0x1a>)
100019e0:	6614      	str	r4, [r2, #96]	; 0x60
100019e2:	6655      	str	r5, [r2, #100]	; 0x64
100019e4:	6757      	str	r7, [r2, #116]	; 0x74
100019e6:	6716      	str	r6, [r2, #112]	; 0x70
100019e8:	4662      	mov	r2, ip
100019ea:	bdf0      	pop	{r4, r5, r6, r7, pc}

100019ec <__wrap___aeabi_uldivmod>:
100019ec:	4694      	mov	ip, r2
100019ee:	4a3e      	ldr	r2, [pc, #248]	; (10001ae8 <udiv0+0x1a>)
100019f0:	6f92      	ldr	r2, [r2, #120]	; 0x78
100019f2:	0892      	lsrs	r2, r2, #2
100019f4:	4662      	mov	r2, ip
100019f6:	d201      	bcs.n	100019fc <divmod_u64u64_savestate>
100019f8:	e054      	b.n	10001aa4 <divmod_u64u64_unsafe>
100019fa:	46c0      	nop			; (mov r8, r8)

100019fc <divmod_u64u64_savestate>:
100019fc:	b5f0      	push	{r4, r5, r6, r7, lr}
100019fe:	4e3a      	ldr	r6, [pc, #232]	; (10001ae8 <udiv0+0x1a>)
10001a00:	6e34      	ldr	r4, [r6, #96]	; 0x60
10001a02:	6e75      	ldr	r5, [r6, #100]	; 0x64
10001a04:	6f77      	ldr	r7, [r6, #116]	; 0x74
10001a06:	6f36      	ldr	r6, [r6, #112]	; 0x70
10001a08:	f000 f84c 	bl	10001aa4 <divmod_u64u64_unsafe>
10001a0c:	4694      	mov	ip, r2
10001a0e:	4a36      	ldr	r2, [pc, #216]	; (10001ae8 <udiv0+0x1a>)
10001a10:	6614      	str	r4, [r2, #96]	; 0x60
10001a12:	6655      	str	r5, [r2, #100]	; 0x64
10001a14:	6757      	str	r7, [r2, #116]	; 0x74
10001a16:	6716      	str	r6, [r2, #112]	; 0x70
10001a18:	4662      	mov	r2, ip
10001a1a:	bdf0      	pop	{r4, r5, r6, r7, pc}

10001a1c <divmod_s64s64_unsafe>:
10001a1c:	2b00      	cmp	r3, #0
10001a1e:	db24      	blt.n	10001a6a <l42_1+0x26>
10001a20:	d011      	beq.n	10001a46 <l42_1+0x2>
10001a22:	2900      	cmp	r1, #0
10001a24:	da3e      	bge.n	10001aa4 <divmod_u64u64_unsafe>
10001a26:	b500      	push	{lr}
10001a28:	43c9      	mvns	r1, r1
10001a2a:	4240      	negs	r0, r0
10001a2c:	d100      	bne.n	10001a30 <l40_1>
10001a2e:	3101      	adds	r1, #1

10001a30 <l40_1>:
10001a30:	f000 f838 	bl	10001aa4 <divmod_u64u64_unsafe>
10001a34:	43c9      	mvns	r1, r1
10001a36:	4240      	negs	r0, r0
10001a38:	d100      	bne.n	10001a3c <l41_1>
10001a3a:	3101      	adds	r1, #1

10001a3c <l41_1>:
10001a3c:	43db      	mvns	r3, r3
10001a3e:	4252      	negs	r2, r2
10001a40:	d100      	bne.n	10001a44 <l42_1>
10001a42:	3301      	adds	r3, #1

10001a44 <l42_1>:
10001a44:	bd00      	pop	{pc}
10001a46:	2a00      	cmp	r2, #0
10001a48:	d1eb      	bne.n	10001a22 <divmod_s64s64_unsafe+0x6>
10001a4a:	2800      	cmp	r0, #0
10001a4c:	d101      	bne.n	10001a52 <l42_1+0xe>
10001a4e:	2900      	cmp	r1, #0
10001a50:	d005      	beq.n	10001a5e <l42_1+0x1a>
10001a52:	2000      	movs	r0, #0
10001a54:	0fc9      	lsrs	r1, r1, #31
10001a56:	07c9      	lsls	r1, r1, #31
10001a58:	d101      	bne.n	10001a5e <l42_1+0x1a>
10001a5a:	43c0      	mvns	r0, r0
10001a5c:	0841      	lsrs	r1, r0, #1
10001a5e:	b500      	push	{lr}
10001a60:	f002 fa1a 	bl	10003e98 <____aeabi_ldiv0_veneer>
10001a64:	2200      	movs	r2, #0
10001a66:	2300      	movs	r3, #0
10001a68:	bd00      	pop	{pc}
10001a6a:	b500      	push	{lr}
10001a6c:	2900      	cmp	r1, #0
10001a6e:	db0a      	blt.n	10001a86 <l44_1+0x2>
10001a70:	43db      	mvns	r3, r3
10001a72:	4252      	negs	r2, r2
10001a74:	d100      	bne.n	10001a78 <l43_1>
10001a76:	3301      	adds	r3, #1

10001a78 <l43_1>:
10001a78:	f000 f814 	bl	10001aa4 <divmod_u64u64_unsafe>
10001a7c:	43c9      	mvns	r1, r1
10001a7e:	4240      	negs	r0, r0
10001a80:	d100      	bne.n	10001a84 <l44_1>
10001a82:	3101      	adds	r1, #1

10001a84 <l44_1>:
10001a84:	bd00      	pop	{pc}
10001a86:	43c9      	mvns	r1, r1
10001a88:	4240      	negs	r0, r0
10001a8a:	d100      	bne.n	10001a8e <l45_1>
10001a8c:	3101      	adds	r1, #1

10001a8e <l45_1>:
10001a8e:	43db      	mvns	r3, r3
10001a90:	4252      	negs	r2, r2
10001a92:	d100      	bne.n	10001a96 <l46_1>
10001a94:	3301      	adds	r3, #1

10001a96 <l46_1>:
10001a96:	f000 f805 	bl	10001aa4 <divmod_u64u64_unsafe>
10001a9a:	43db      	mvns	r3, r3
10001a9c:	4252      	negs	r2, r2
10001a9e:	d100      	bne.n	10001aa2 <l47_1>
10001aa0:	3301      	adds	r3, #1

10001aa2 <l47_1>:
10001aa2:	bd00      	pop	{pc}

10001aa4 <divmod_u64u64_unsafe>:
10001aa4:	2900      	cmp	r1, #0
10001aa6:	d123      	bne.n	10001af0 <y64>
10001aa8:	2b00      	cmp	r3, #0
10001aaa:	d118      	bne.n	10001ade <udiv0+0x10>
10001aac:	2a00      	cmp	r2, #0
10001aae:	d00c      	beq.n	10001aca <divmod_u64u64_unsafe+0x26>
10001ab0:	46bc      	mov	ip, r7
10001ab2:	4f0d      	ldr	r7, [pc, #52]	; (10001ae8 <udiv0+0x1a>)
10001ab4:	6638      	str	r0, [r7, #96]	; 0x60
10001ab6:	667a      	str	r2, [r7, #100]	; 0x64
10001ab8:	2100      	movs	r1, #0
10001aba:	2300      	movs	r3, #0
10001abc:	e7ff      	b.n	10001abe <divmod_u64u64_unsafe+0x1a>
10001abe:	e7ff      	b.n	10001ac0 <divmod_u64u64_unsafe+0x1c>
10001ac0:	e7ff      	b.n	10001ac2 <divmod_u64u64_unsafe+0x1e>
10001ac2:	6f7a      	ldr	r2, [r7, #116]	; 0x74
10001ac4:	6f38      	ldr	r0, [r7, #112]	; 0x70
10001ac6:	4667      	mov	r7, ip
10001ac8:	4770      	bx	lr
10001aca:	2800      	cmp	r0, #0
10001acc:	d001      	beq.n	10001ad2 <udiv0+0x4>

10001ace <udiv0>:
10001ace:	4807      	ldr	r0, [pc, #28]	; (10001aec <udiv0+0x1e>)
10001ad0:	0001      	movs	r1, r0
10001ad2:	b500      	push	{lr}
10001ad4:	f002 f9e0 	bl	10003e98 <____aeabi_ldiv0_veneer>
10001ad8:	2200      	movs	r2, #0
10001ada:	2300      	movs	r3, #0
10001adc:	bd00      	pop	{pc}
10001ade:	0002      	movs	r2, r0
10001ae0:	000b      	movs	r3, r1
10001ae2:	2000      	movs	r0, #0
10001ae4:	2100      	movs	r1, #0
10001ae6:	4770      	bx	lr
10001ae8:	d0000000 	.word	0xd0000000
10001aec:	ffffffff 	.word	0xffffffff

10001af0 <y64>:
10001af0:	2b00      	cmp	r3, #0
10001af2:	d000      	beq.n	10001af6 <y64+0x6>
10001af4:	e0bf      	b.n	10001c76 <y64_x48>
10001af6:	0c13      	lsrs	r3, r2, #16
10001af8:	d128      	bne.n	10001b4c <y64_x32>
10001afa:	2a00      	cmp	r2, #0
10001afc:	d0e7      	beq.n	10001ace <udiv0>
10001afe:	b480      	push	{r7}
10001b00:	4f11      	ldr	r7, [pc, #68]	; (10001b48 <y64+0x58>)
10001b02:	6639      	str	r1, [r7, #96]	; 0x60
10001b04:	667a      	str	r2, [r7, #100]	; 0x64
10001b06:	e7ff      	b.n	10001b08 <y64+0x18>
10001b08:	e7ff      	b.n	10001b0a <y64+0x1a>
10001b0a:	b430      	push	{r4, r5}
10001b0c:	0c04      	lsrs	r4, r0, #16
10001b0e:	6f7b      	ldr	r3, [r7, #116]	; 0x74
10001b10:	6f39      	ldr	r1, [r7, #112]	; 0x70
10001b12:	041b      	lsls	r3, r3, #16
10001b14:	4323      	orrs	r3, r4
10001b16:	663b      	str	r3, [r7, #96]	; 0x60
10001b18:	667a      	str	r2, [r7, #100]	; 0x64
10001b1a:	e7ff      	b.n	10001b1c <y64+0x2c>
10001b1c:	e7ff      	b.n	10001b1e <y64+0x2e>
10001b1e:	e7ff      	b.n	10001b20 <y64+0x30>
10001b20:	46c0      	nop			; (mov r8, r8)
10001b22:	b284      	uxth	r4, r0
10001b24:	6f7b      	ldr	r3, [r7, #116]	; 0x74
10001b26:	6f3d      	ldr	r5, [r7, #112]	; 0x70
10001b28:	041b      	lsls	r3, r3, #16
10001b2a:	4323      	orrs	r3, r4
10001b2c:	663b      	str	r3, [r7, #96]	; 0x60
10001b2e:	667a      	str	r2, [r7, #100]	; 0x64
10001b30:	e7ff      	b.n	10001b32 <y64+0x42>
10001b32:	e7ff      	b.n	10001b34 <y64+0x44>
10001b34:	46c0      	nop			; (mov r8, r8)
10001b36:	2300      	movs	r3, #0
10001b38:	042c      	lsls	r4, r5, #16
10001b3a:	0c2d      	lsrs	r5, r5, #16
10001b3c:	6f7a      	ldr	r2, [r7, #116]	; 0x74
10001b3e:	6f38      	ldr	r0, [r7, #112]	; 0x70
10001b40:	1900      	adds	r0, r0, r4
10001b42:	4169      	adcs	r1, r5
10001b44:	bcb0      	pop	{r4, r5, r7}
10001b46:	4770      	bx	lr
10001b48:	d0000000 	.word	0xd0000000

10001b4c <y64_x32>:
10001b4c:	b5f0      	push	{r4, r5, r6, r7, lr}
10001b4e:	4694      	mov	ip, r2
10001b50:	2500      	movs	r5, #0
10001b52:	0e14      	lsrs	r4, r2, #24
10001b54:	d101      	bne.n	10001b5a <y64_x32+0xe>
10001b56:	0212      	lsls	r2, r2, #8
10001b58:	3508      	adds	r5, #8
10001b5a:	0f14      	lsrs	r4, r2, #28
10001b5c:	d101      	bne.n	10001b62 <y64_x32+0x16>
10001b5e:	0112      	lsls	r2, r2, #4
10001b60:	3504      	adds	r5, #4
10001b62:	0f94      	lsrs	r4, r2, #30
10001b64:	d101      	bne.n	10001b6a <y64_x32+0x1e>
10001b66:	0092      	lsls	r2, r2, #2
10001b68:	3502      	adds	r5, #2
10001b6a:	0fd4      	lsrs	r4, r2, #31
10001b6c:	d101      	bne.n	10001b72 <y64_x32+0x26>
10001b6e:	0052      	lsls	r2, r2, #1
10001b70:	3501      	adds	r5, #1
10001b72:	0bd4      	lsrs	r4, r2, #15
10001b74:	3401      	adds	r4, #1
10001b76:	4f25      	ldr	r7, [pc, #148]	; (10001c0c <y64_x32+0xc0>)
10001b78:	667c      	str	r4, [r7, #100]	; 0x64
10001b7a:	4c25      	ldr	r4, [pc, #148]	; (10001c10 <y64_x32+0xc4>)
10001b7c:	663c      	str	r4, [r7, #96]	; 0x60
10001b7e:	0c0e      	lsrs	r6, r1, #16
10001b80:	b293      	uxth	r3, r2
10001b82:	e7ff      	b.n	10001b84 <y64_x32+0x38>
10001b84:	e7ff      	b.n	10001b86 <y64_x32+0x3a>
10001b86:	e7ff      	b.n	10001b88 <y64_x32+0x3c>
10001b88:	6f3c      	ldr	r4, [r7, #112]	; 0x70
10001b8a:	4366      	muls	r6, r4
10001b8c:	0c36      	lsrs	r6, r6, #16
10001b8e:	0377      	lsls	r7, r6, #13
10001b90:	46be      	mov	lr, r7
10001b92:	4373      	muls	r3, r6
10001b94:	0bdf      	lsrs	r7, r3, #15
10001b96:	045b      	lsls	r3, r3, #17
10001b98:	1ac0      	subs	r0, r0, r3
10001b9a:	41b9      	sbcs	r1, r7
10001b9c:	0c13      	lsrs	r3, r2, #16
10001b9e:	4373      	muls	r3, r6
10001ba0:	18db      	adds	r3, r3, r3
10001ba2:	1ac9      	subs	r1, r1, r3
10001ba4:	08ce      	lsrs	r6, r1, #3
10001ba6:	4366      	muls	r6, r4
10001ba8:	0c36      	lsrs	r6, r6, #16
10001baa:	44b6      	add	lr, r6
10001bac:	b293      	uxth	r3, r2
10001bae:	4373      	muls	r3, r6
10001bb0:	0f1f      	lsrs	r7, r3, #28
10001bb2:	011b      	lsls	r3, r3, #4
10001bb4:	1ac0      	subs	r0, r0, r3
10001bb6:	41b9      	sbcs	r1, r7
10001bb8:	0c13      	lsrs	r3, r2, #16
10001bba:	4373      	muls	r3, r6
10001bbc:	0b1f      	lsrs	r7, r3, #12
10001bbe:	051b      	lsls	r3, r3, #20
10001bc0:	1ac0      	subs	r0, r0, r3
10001bc2:	41b9      	sbcs	r1, r7
10001bc4:	0d86      	lsrs	r6, r0, #22
10001bc6:	028f      	lsls	r7, r1, #10
10001bc8:	433e      	orrs	r6, r7
10001bca:	4366      	muls	r6, r4
10001bcc:	0c36      	lsrs	r6, r6, #16
10001bce:	2d09      	cmp	r5, #9
10001bd0:	db24      	blt.n	10001c1c <last0>
10001bd2:	0a52      	lsrs	r2, r2, #9
10001bd4:	4372      	muls	r2, r6
10001bd6:	1a80      	subs	r0, r0, r2
10001bd8:	0377      	lsls	r7, r6, #13
10001bda:	0a46      	lsrs	r6, r0, #9
10001bdc:	4366      	muls	r6, r4
10001bde:	0c36      	lsrs	r6, r6, #16
10001be0:	2316      	movs	r3, #22
10001be2:	1b5b      	subs	r3, r3, r5
10001be4:	40de      	lsrs	r6, r3
10001be6:	40df      	lsrs	r7, r3
10001be8:	19bf      	adds	r7, r7, r6
10001bea:	4664      	mov	r4, ip
10001bec:	4366      	muls	r6, r4
10001bee:	1b82      	subs	r2, r0, r6
10001bf0:	4670      	mov	r0, lr
10001bf2:	3504      	adds	r5, #4
10001bf4:	3306      	adds	r3, #6
10001bf6:	0001      	movs	r1, r0
10001bf8:	40d9      	lsrs	r1, r3
10001bfa:	40a8      	lsls	r0, r5
10001bfc:	19c0      	adds	r0, r0, r7
10001bfe:	d300      	bcc.n	10001c02 <y64_x32+0xb6>
10001c00:	3101      	adds	r1, #1
10001c02:	42a2      	cmp	r2, r4
10001c04:	d206      	bcs.n	10001c14 <y64_x32+0xc8>
10001c06:	2300      	movs	r3, #0
10001c08:	bdf0      	pop	{r4, r5, r6, r7, pc}
10001c0a:	0000      	.short	0x0000
10001c0c:	d0000000 	.word	0xd0000000
10001c10:	ffffffff 	.word	0xffffffff
10001c14:	1b12      	subs	r2, r2, r4
10001c16:	3001      	adds	r0, #1
10001c18:	d3f3      	bcc.n	10001c02 <y64_x32+0xb6>
10001c1a:	e7f1      	b.n	10001c00 <y64_x32+0xb4>

10001c1c <last0>:
10001c1c:	2709      	movs	r7, #9
10001c1e:	1b7f      	subs	r7, r7, r5
10001c20:	40fe      	lsrs	r6, r7
10001c22:	4664      	mov	r4, ip
10001c24:	b2a2      	uxth	r2, r4
10001c26:	4372      	muls	r2, r6
10001c28:	1a80      	subs	r0, r0, r2
10001c2a:	d200      	bcs.n	10001c2e <last0+0x12>
10001c2c:	3901      	subs	r1, #1
10001c2e:	0c22      	lsrs	r2, r4, #16
10001c30:	4372      	muls	r2, r6
10001c32:	0c13      	lsrs	r3, r2, #16
10001c34:	0412      	lsls	r2, r2, #16
10001c36:	1a82      	subs	r2, r0, r2
10001c38:	4199      	sbcs	r1, r3
10001c3a:	000b      	movs	r3, r1
10001c3c:	4670      	mov	r0, lr
10001c3e:	3504      	adds	r5, #4
10001c40:	3713      	adds	r7, #19
10001c42:	0001      	movs	r1, r0
10001c44:	40f9      	lsrs	r1, r7
10001c46:	40a8      	lsls	r0, r5
10001c48:	1980      	adds	r0, r0, r6
10001c4a:	d300      	bcc.n	10001c4e <last0+0x32>
10001c4c:	3101      	adds	r1, #1
10001c4e:	2b00      	cmp	r3, #0
10001c50:	d102      	bne.n	10001c58 <last0+0x3c>
10001c52:	42a2      	cmp	r2, r4
10001c54:	d20a      	bcs.n	10001c6c <last0+0x50>
10001c56:	bdf0      	pop	{r4, r5, r6, r7, pc}
10001c58:	3001      	adds	r0, #1
10001c5a:	d300      	bcc.n	10001c5e <last0+0x42>
10001c5c:	3101      	adds	r1, #1
10001c5e:	1b12      	subs	r2, r2, r4
10001c60:	d2fa      	bcs.n	10001c58 <last0+0x3c>
10001c62:	3b01      	subs	r3, #1
10001c64:	d1f8      	bne.n	10001c58 <last0+0x3c>
10001c66:	42a2      	cmp	r2, r4
10001c68:	d200      	bcs.n	10001c6c <last0+0x50>
10001c6a:	bdf0      	pop	{r4, r5, r6, r7, pc}
10001c6c:	3001      	adds	r0, #1
10001c6e:	d300      	bcc.n	10001c72 <last0+0x56>
10001c70:	3101      	adds	r1, #1
10001c72:	1b12      	subs	r2, r2, r4
10001c74:	e7f7      	b.n	10001c66 <last0+0x4a>

10001c76 <y64_x48>:
10001c76:	b5f0      	push	{r4, r5, r6, r7, lr}
10001c78:	0c1c      	lsrs	r4, r3, #16
10001c7a:	d000      	beq.n	10001c7e <y64_x48+0x8>
10001c7c:	e080      	b.n	10001d80 <y64_x64>
10001c7e:	b40c      	push	{r2, r3}
10001c80:	2500      	movs	r5, #0
10001c82:	0a1c      	lsrs	r4, r3, #8
10001c84:	d104      	bne.n	10001c90 <y64_x48+0x1a>
10001c86:	021b      	lsls	r3, r3, #8
10001c88:	0e16      	lsrs	r6, r2, #24
10001c8a:	4333      	orrs	r3, r6
10001c8c:	0212      	lsls	r2, r2, #8
10001c8e:	3508      	adds	r5, #8
10001c90:	0b1c      	lsrs	r4, r3, #12
10001c92:	d104      	bne.n	10001c9e <y64_x48+0x28>
10001c94:	011b      	lsls	r3, r3, #4
10001c96:	0f16      	lsrs	r6, r2, #28
10001c98:	4333      	orrs	r3, r6
10001c9a:	0112      	lsls	r2, r2, #4
10001c9c:	3504      	adds	r5, #4
10001c9e:	0b9c      	lsrs	r4, r3, #14
10001ca0:	d104      	bne.n	10001cac <y64_x48+0x36>
10001ca2:	009b      	lsls	r3, r3, #2
10001ca4:	0f96      	lsrs	r6, r2, #30
10001ca6:	4333      	orrs	r3, r6
10001ca8:	0092      	lsls	r2, r2, #2
10001caa:	3502      	adds	r5, #2
10001cac:	0bdc      	lsrs	r4, r3, #15
10001cae:	d102      	bne.n	10001cb6 <y64_x48+0x40>
10001cb0:	1892      	adds	r2, r2, r2
10001cb2:	415b      	adcs	r3, r3
10001cb4:	3501      	adds	r5, #1
10001cb6:	001c      	movs	r4, r3
10001cb8:	1897      	adds	r7, r2, r2
10001cba:	4164      	adcs	r4, r4
10001cbc:	3401      	adds	r4, #1
10001cbe:	4f46      	ldr	r7, [pc, #280]	; (10001dd8 <y64_x64+0x58>)
10001cc0:	667c      	str	r4, [r7, #100]	; 0x64
10001cc2:	4c46      	ldr	r4, [pc, #280]	; (10001ddc <y64_x64+0x5c>)
10001cc4:	663c      	str	r4, [r7, #96]	; 0x60
10001cc6:	0c0e      	lsrs	r6, r1, #16
10001cc8:	e7ff      	b.n	10001cca <y64_x48+0x54>
10001cca:	e7ff      	b.n	10001ccc <y64_x48+0x56>
10001ccc:	e7ff      	b.n	10001cce <y64_x48+0x58>
10001cce:	46c0      	nop			; (mov r8, r8)
10001cd0:	6f3c      	ldr	r4, [r7, #112]	; 0x70
10001cd2:	4366      	muls	r6, r4
10001cd4:	0c36      	lsrs	r6, r6, #16
10001cd6:	0377      	lsls	r7, r6, #13
10001cd8:	46be      	mov	lr, r7
10001cda:	b297      	uxth	r7, r2
10001cdc:	4377      	muls	r7, r6
10001cde:	1bc0      	subs	r0, r0, r7
10001ce0:	d200      	bcs.n	10001ce4 <y64_x48+0x6e>
10001ce2:	3901      	subs	r1, #1
10001ce4:	1bc0      	subs	r0, r0, r7
10001ce6:	d200      	bcs.n	10001cea <y64_x48+0x74>
10001ce8:	3901      	subs	r1, #1
10001cea:	b29f      	uxth	r7, r3
10001cec:	4377      	muls	r7, r6
10001cee:	1bc9      	subs	r1, r1, r7
10001cf0:	1bc9      	subs	r1, r1, r7
10001cf2:	0c17      	lsrs	r7, r2, #16
10001cf4:	4377      	muls	r7, r6
10001cf6:	047e      	lsls	r6, r7, #17
10001cf8:	0bff      	lsrs	r7, r7, #15
10001cfa:	1b80      	subs	r0, r0, r6
10001cfc:	41b9      	sbcs	r1, r7
10001cfe:	08ce      	lsrs	r6, r1, #3
10001d00:	4366      	muls	r6, r4
10001d02:	0c36      	lsrs	r6, r6, #16
10001d04:	2d0c      	cmp	r5, #12
10001d06:	db33      	blt.n	10001d70 <last1>
10001d08:	44b6      	add	lr, r6
10001d0a:	0b12      	lsrs	r2, r2, #12
10001d0c:	051f      	lsls	r7, r3, #20
10001d0e:	433a      	orrs	r2, r7
10001d10:	0b1b      	lsrs	r3, r3, #12
10001d12:	b297      	uxth	r7, r2
10001d14:	4377      	muls	r7, r6
10001d16:	1bc0      	subs	r0, r0, r7
10001d18:	d200      	bcs.n	10001d1c <y64_x48+0xa6>
10001d1a:	3901      	subs	r1, #1
10001d1c:	b29f      	uxth	r7, r3
10001d1e:	4377      	muls	r7, r6
10001d20:	1bc9      	subs	r1, r1, r7
10001d22:	0c17      	lsrs	r7, r2, #16
10001d24:	4377      	muls	r7, r6
10001d26:	043e      	lsls	r6, r7, #16
10001d28:	0c3f      	lsrs	r7, r7, #16
10001d2a:	1b80      	subs	r0, r0, r6
10001d2c:	41b9      	sbcs	r1, r7
10001d2e:	0d86      	lsrs	r6, r0, #22
10001d30:	028f      	lsls	r7, r1, #10
10001d32:	433e      	orrs	r6, r7
10001d34:	4366      	muls	r6, r4
10001d36:	2729      	movs	r7, #41	; 0x29
10001d38:	1b7f      	subs	r7, r7, r5
10001d3a:	40fe      	lsrs	r6, r7
10001d3c:	3d0c      	subs	r5, #12
10001d3e:	4677      	mov	r7, lr
10001d40:	40af      	lsls	r7, r5
10001d42:	19bf      	adds	r7, r7, r6
10001d44:	bc30      	pop	{r4, r5}
10001d46:	b2a2      	uxth	r2, r4
10001d48:	b2ab      	uxth	r3, r5
10001d4a:	4372      	muls	r2, r6
10001d4c:	4373      	muls	r3, r6
10001d4e:	1a80      	subs	r0, r0, r2
10001d50:	4199      	sbcs	r1, r3
10001d52:	0c22      	lsrs	r2, r4, #16
10001d54:	4372      	muls	r2, r6
10001d56:	0c13      	lsrs	r3, r2, #16
10001d58:	0412      	lsls	r2, r2, #16
10001d5a:	1a80      	subs	r0, r0, r2
10001d5c:	4199      	sbcs	r1, r3
10001d5e:	0002      	movs	r2, r0
10001d60:	000b      	movs	r3, r1
10001d62:	3701      	adds	r7, #1
10001d64:	1b00      	subs	r0, r0, r4
10001d66:	41a9      	sbcs	r1, r5
10001d68:	d2f9      	bcs.n	10001d5e <y64_x48+0xe8>
10001d6a:	1e78      	subs	r0, r7, #1
10001d6c:	2100      	movs	r1, #0
10001d6e:	bdf0      	pop	{r4, r5, r6, r7, pc}

10001d70 <last1>:
10001d70:	270c      	movs	r7, #12
10001d72:	1b7f      	subs	r7, r7, r5
10001d74:	40fe      	lsrs	r6, r7
10001d76:	4677      	mov	r7, lr
10001d78:	0b7f      	lsrs	r7, r7, #13
10001d7a:	40af      	lsls	r7, r5
10001d7c:	19ff      	adds	r7, r7, r7
10001d7e:	e7e0      	b.n	10001d42 <y64_x48+0xcc>

10001d80 <y64_x64>:
10001d80:	2400      	movs	r4, #0
10001d82:	1c5d      	adds	r5, r3, #1
10001d84:	d007      	beq.n	10001d96 <y64_x64+0x16>
10001d86:	4f14      	ldr	r7, [pc, #80]	; (10001dd8 <y64_x64+0x58>)
10001d88:	667d      	str	r5, [r7, #100]	; 0x64
10001d8a:	6639      	str	r1, [r7, #96]	; 0x60
10001d8c:	e7ff      	b.n	10001d8e <y64_x64+0xe>
10001d8e:	e7ff      	b.n	10001d90 <y64_x64+0x10>
10001d90:	e7ff      	b.n	10001d92 <y64_x64+0x12>
10001d92:	e7ff      	b.n	10001d94 <y64_x64+0x14>
10001d94:	6f3c      	ldr	r4, [r7, #112]	; 0x70
10001d96:	b295      	uxth	r5, r2
10001d98:	b29e      	uxth	r6, r3
10001d9a:	4365      	muls	r5, r4
10001d9c:	4366      	muls	r6, r4
10001d9e:	1b40      	subs	r0, r0, r5
10001da0:	41b1      	sbcs	r1, r6
10001da2:	0c15      	lsrs	r5, r2, #16
10001da4:	0c1e      	lsrs	r6, r3, #16
10001da6:	4365      	muls	r5, r4
10001da8:	4366      	muls	r6, r4
10001daa:	0436      	lsls	r6, r6, #16
10001dac:	0c2f      	lsrs	r7, r5, #16
10001dae:	433e      	orrs	r6, r7
10001db0:	042d      	lsls	r5, r5, #16
10001db2:	1b40      	subs	r0, r0, r5
10001db4:	41b1      	sbcs	r1, r6
10001db6:	4299      	cmp	r1, r3
10001db8:	d204      	bcs.n	10001dc4 <y64_x64+0x44>
10001dba:	0002      	movs	r2, r0
10001dbc:	000b      	movs	r3, r1
10001dbe:	0020      	movs	r0, r4
10001dc0:	2100      	movs	r1, #0
10001dc2:	bdf0      	pop	{r4, r5, r6, r7, pc}
10001dc4:	d101      	bne.n	10001dca <y64_x64+0x4a>
10001dc6:	4290      	cmp	r0, r2
10001dc8:	d3f7      	bcc.n	10001dba <y64_x64+0x3a>
10001dca:	1a80      	subs	r0, r0, r2
10001dcc:	4199      	sbcs	r1, r3
10001dce:	3401      	adds	r4, #1
10001dd0:	4299      	cmp	r1, r3
10001dd2:	d3f2      	bcc.n	10001dba <y64_x64+0x3a>
10001dd4:	e7f6      	b.n	10001dc4 <y64_x64+0x44>
10001dd6:	0000      	.short	0x0000
10001dd8:	d0000000 	.word	0xd0000000
10001ddc:	ffffffff 	.word	0xffffffff

10001de0 <__wrap___aeabi_drsub>:
10001de0:	4048      	eors	r0, r1
10001de2:	4041      	eors	r1, r0
10001de4:	4048      	eors	r0, r1

10001de6 <__wrap___aeabi_dsub>:
10001de6:	b418      	push	{r3, r4}
10001de8:	4b1b      	ldr	r3, [pc, #108]	; (10001e58 <__wrap___aeabi_dmul+0x12>)
10001dea:	685b      	ldr	r3, [r3, #4]
10001dec:	46fc      	mov	ip, pc
10001dee:	9301      	str	r3, [sp, #4]
10001df0:	bd08      	pop	{r3, pc}
10001df2:	df04      	.short	0xdf04
10001df4:	100020b7 	.word	0x100020b7

10001df8 <__wrap___aeabi_dadd>:
10001df8:	b418      	push	{r3, r4}
10001dfa:	4b17      	ldr	r3, [pc, #92]	; (10001e58 <__wrap___aeabi_dmul+0x12>)
10001dfc:	681b      	ldr	r3, [r3, #0]
10001dfe:	46fc      	mov	ip, pc
10001e00:	9301      	str	r3, [sp, #4]
10001e02:	bd08      	pop	{r3, pc}
10001e04:	20c1df00 	.word	0x20c1df00
10001e08:	1000      	.short	0x1000

10001e0a <__wrap___aeabi_ddiv>:
10001e0a:	4694      	mov	ip, r2
10001e0c:	4a13      	ldr	r2, [pc, #76]	; (10001e5c <__wrap___aeabi_dmul+0x16>)
10001e0e:	6f92      	ldr	r2, [r2, #120]	; 0x78
10001e10:	0892      	lsrs	r2, r2, #2
10001e12:	d209      	bcs.n	10001e28 <ddiv_save_state>
10001e14:	4662      	mov	r2, ip

10001e16 <ddiv_shim_call>:
10001e16:	b418      	push	{r3, r4}
10001e18:	4b0f      	ldr	r3, [pc, #60]	; (10001e58 <__wrap___aeabi_dmul+0x12>)
10001e1a:	68db      	ldr	r3, [r3, #12]
10001e1c:	46fc      	mov	ip, pc
10001e1e:	9301      	str	r3, [sp, #4]
10001e20:	bd08      	pop	{r3, pc}
10001e22:	df0c      	.short	0xdf0c
10001e24:	10002379 	.word	0x10002379

10001e28 <ddiv_save_state>:
10001e28:	4a0c      	ldr	r2, [pc, #48]	; (10001e5c <__wrap___aeabi_dmul+0x16>)
10001e2a:	b5f0      	push	{r4, r5, r6, r7, lr}
10001e2c:	6e14      	ldr	r4, [r2, #96]	; 0x60
10001e2e:	6e55      	ldr	r5, [r2, #100]	; 0x64
10001e30:	6f57      	ldr	r7, [r2, #116]	; 0x74
10001e32:	6f16      	ldr	r6, [r2, #112]	; 0x70
10001e34:	4662      	mov	r2, ip
10001e36:	f7ff ffee 	bl	10001e16 <ddiv_shim_call>
10001e3a:	4a08      	ldr	r2, [pc, #32]	; (10001e5c <__wrap___aeabi_dmul+0x16>)
10001e3c:	6614      	str	r4, [r2, #96]	; 0x60
10001e3e:	6655      	str	r5, [r2, #100]	; 0x64
10001e40:	6757      	str	r7, [r2, #116]	; 0x74
10001e42:	6716      	str	r6, [r2, #112]	; 0x70
10001e44:	bdf0      	pop	{r4, r5, r6, r7, pc}

10001e46 <__wrap___aeabi_dmul>:
10001e46:	b418      	push	{r3, r4}
10001e48:	4b03      	ldr	r3, [pc, #12]	; (10001e58 <__wrap___aeabi_dmul+0x12>)
10001e4a:	689b      	ldr	r3, [r3, #8]
10001e4c:	46fc      	mov	ip, pc
10001e4e:	9301      	str	r3, [sp, #4]
10001e50:	bd08      	pop	{r3, pc}
10001e52:	df08      	.short	0xdf08
10001e54:	1000221d 	.word	0x1000221d
10001e58:	200004d0 	.word	0x200004d0
10001e5c:	d0000000 	.word	0xd0000000

10001e60 <__wrap___aeabi_cdrcmple>:
10001e60:	b5ff      	push	{r0, r1, r2, r3, r4, r5, r6, r7, lr}
10001e62:	4050      	eors	r0, r2
10001e64:	4042      	eors	r2, r0
10001e66:	4050      	eors	r0, r2
10001e68:	4059      	eors	r1, r3
10001e6a:	404b      	eors	r3, r1
10001e6c:	4059      	eors	r1, r3
10001e6e:	e000      	b.n	10001e72 <__aeabi_dfcmple_guts>

10001e70 <__wrap___aeabi_cdcmpeq>:
10001e70:	b5ff      	push	{r0, r1, r2, r3, r4, r5, r6, r7, lr}

10001e72 <__aeabi_dfcmple_guts>:
10001e72:	4f15      	ldr	r7, [pc, #84]	; (10001ec8 <__aeabi_dfcmple_guts+0x56>)
10001e74:	004c      	lsls	r4, r1, #1
10001e76:	0d64      	lsrs	r4, r4, #21
10001e78:	d003      	beq.n	10001e82 <__aeabi_dfcmple_guts+0x10>
10001e7a:	42bc      	cmp	r4, r7
10001e7c:	d104      	bne.n	10001e88 <__aeabi_dfcmple_guts+0x16>
10001e7e:	030c      	lsls	r4, r1, #12
10001e80:	d814      	bhi.n	10001eac <__aeabi_dfcmple_guts+0x3a>
10001e82:	2000      	movs	r0, #0
10001e84:	0d09      	lsrs	r1, r1, #20
10001e86:	0509      	lsls	r1, r1, #20
10001e88:	005c      	lsls	r4, r3, #1
10001e8a:	0d64      	lsrs	r4, r4, #21
10001e8c:	d003      	beq.n	10001e96 <__aeabi_dfcmple_guts+0x24>
10001e8e:	42bc      	cmp	r4, r7
10001e90:	d104      	bne.n	10001e9c <__aeabi_dfcmple_guts+0x2a>
10001e92:	031c      	lsls	r4, r3, #12
10001e94:	d80a      	bhi.n	10001eac <__aeabi_dfcmple_guts+0x3a>
10001e96:	2200      	movs	r2, #0
10001e98:	0d1b      	lsrs	r3, r3, #20
10001e9a:	051b      	lsls	r3, r3, #20
10001e9c:	2601      	movs	r6, #1
10001e9e:	404b      	eors	r3, r1
10001ea0:	d409      	bmi.n	10001eb6 <__aeabi_dfcmple_guts+0x44>
10001ea2:	404b      	eors	r3, r1
10001ea4:	d503      	bpl.n	10001eae <__aeabi_dfcmple_guts+0x3c>
10001ea6:	428b      	cmp	r3, r1
10001ea8:	d100      	bne.n	10001eac <__aeabi_dfcmple_guts+0x3a>
10001eaa:	4282      	cmp	r2, r0
10001eac:	bdff      	pop	{r0, r1, r2, r3, r4, r5, r6, r7, pc}
10001eae:	4299      	cmp	r1, r3
10001eb0:	d1fc      	bne.n	10001eac <__aeabi_dfcmple_guts+0x3a>
10001eb2:	4290      	cmp	r0, r2
10001eb4:	bdff      	pop	{r0, r1, r2, r3, r4, r5, r6, r7, pc}
10001eb6:	430b      	orrs	r3, r1
10001eb8:	18db      	adds	r3, r3, r3
10001eba:	4303      	orrs	r3, r0
10001ebc:	4313      	orrs	r3, r2
10001ebe:	d0f5      	beq.n	10001eac <__aeabi_dfcmple_guts+0x3a>
10001ec0:	43c9      	mvns	r1, r1
10001ec2:	1849      	adds	r1, r1, r1
10001ec4:	bdff      	pop	{r0, r1, r2, r3, r4, r5, r6, r7, pc}
10001ec6:	0000      	.short	0x0000
10001ec8:	000007ff 	.word	0x000007ff

10001ecc <__wrap___aeabi_dcmplt>:
10001ecc:	b500      	push	{lr}
10001ece:	f7ff ffcf 	bl	10001e70 <__wrap___aeabi_cdcmpeq>
10001ed2:	4180      	sbcs	r0, r0
10001ed4:	bd00      	pop	{pc}
10001ed6:	46c0      	nop			; (mov r8, r8)

10001ed8 <__wrap___aeabi_dcmple>:
10001ed8:	b500      	push	{lr}
10001eda:	f7ff ffc9 	bl	10001e70 <__wrap___aeabi_cdcmpeq>
10001ede:	d901      	bls.n	10001ee4 <__wrap___aeabi_dcmple+0xc>
10001ee0:	2000      	movs	r0, #0
10001ee2:	bd00      	pop	{pc}
10001ee4:	2001      	movs	r0, #1
10001ee6:	bd00      	pop	{pc}

10001ee8 <__wrap___aeabi_dcmpge>:
10001ee8:	b500      	push	{lr}
10001eea:	f7ff ffb9 	bl	10001e60 <__wrap___aeabi_cdrcmple>
10001eee:	d901      	bls.n	10001ef4 <__wrap___aeabi_dcmpge+0xc>
10001ef0:	2000      	movs	r0, #0
10001ef2:	bd00      	pop	{pc}
10001ef4:	2001      	movs	r0, #1
10001ef6:	bd00      	pop	{pc}

10001ef8 <__wrap___aeabi_dcmpgt>:
10001ef8:	b500      	push	{lr}
10001efa:	f7ff ffb1 	bl	10001e60 <__wrap___aeabi_cdrcmple>
10001efe:	4180      	sbcs	r0, r0
10001f00:	bd00      	pop	{pc}

10001f02 <__wrap___aeabi_dcmpun>:
10001f02:	2001      	movs	r0, #1
10001f04:	0540      	lsls	r0, r0, #21
10001f06:	004a      	lsls	r2, r1, #1
10001f08:	1812      	adds	r2, r2, r0
10001f0a:	d804      	bhi.n	10001f16 <__wrap___aeabi_dcmpun+0x14>
10001f0c:	005a      	lsls	r2, r3, #1
10001f0e:	1812      	adds	r2, r2, r0
10001f10:	d801      	bhi.n	10001f16 <__wrap___aeabi_dcmpun+0x14>
10001f12:	2000      	movs	r0, #0
10001f14:	4770      	bx	lr
10001f16:	2001      	movs	r0, #1
10001f18:	4770      	bx	lr
	...

10001f1c <__wrap___aeabi_ui2d>:
10001f1c:	2100      	movs	r1, #0
10001f1e:	2800      	cmp	r0, #0
10001f20:	d105      	bne.n	10001f2e <__wrap___aeabi_i2d+0xa>
10001f22:	4770      	bx	lr

10001f24 <__wrap___aeabi_i2d>:
10001f24:	17c1      	asrs	r1, r0, #31
10001f26:	4048      	eors	r0, r1
10001f28:	1a40      	subs	r0, r0, r1
10001f2a:	d0fa      	beq.n	10001f22 <__wrap___aeabi_ui2d+0x6>
10001f2c:	07c9      	lsls	r1, r1, #31
10001f2e:	b513      	push	{r0, r1, r4, lr}
10001f30:	4b06      	ldr	r3, [pc, #24]	; (10001f4c <__wrap___aeabi_i2d+0x28>)
10001f32:	681b      	ldr	r3, [r3, #0]
10001f34:	4798      	blx	r3
10001f36:	bc0c      	pop	{r2, r3}
10001f38:	1c44      	adds	r4, r0, #1
10001f3a:	40a2      	lsls	r2, r4
10001f3c:	0510      	lsls	r0, r2, #20
10001f3e:	0b12      	lsrs	r2, r2, #12
10001f40:	4903      	ldr	r1, [pc, #12]	; (10001f50 <__wrap___aeabi_i2d+0x2c>)
10001f42:	1b09      	subs	r1, r1, r4
10001f44:	0509      	lsls	r1, r1, #20
10001f46:	4319      	orrs	r1, r3
10001f48:	4311      	orrs	r1, r2
10001f4a:	bd10      	pop	{r4, pc}
10001f4c:	200005d0 	.word	0x200005d0
10001f50:	0000041f 	.word	0x0000041f

10001f54 <__wrap___aeabi_d2iz>:
10001f54:	b510      	push	{r4, lr}
10001f56:	004c      	lsls	r4, r1, #1
10001f58:	0d62      	lsrs	r2, r4, #21
10001f5a:	2380      	movs	r3, #128	; 0x80
10001f5c:	18d2      	adds	r2, r2, r3
10001f5e:	00db      	lsls	r3, r3, #3
10001f60:	1ad2      	subs	r2, r2, r3
10001f62:	055b      	lsls	r3, r3, #21
10001f64:	2a7e      	cmp	r2, #126	; 0x7e
10001f66:	dd10      	ble.n	10001f8a <__wrap___aeabi_d2iz+0x36>
10001f68:	3a9e      	subs	r2, #158	; 0x9e
10001f6a:	da13      	bge.n	10001f94 <__wrap___aeabi_d2iz+0x40>
10001f6c:	17cc      	asrs	r4, r1, #31
10001f6e:	0309      	lsls	r1, r1, #12
10001f70:	0849      	lsrs	r1, r1, #1
10001f72:	4319      	orrs	r1, r3
10001f74:	4252      	negs	r2, r2
10001f76:	40d1      	lsrs	r1, r2
10001f78:	0064      	lsls	r4, r4, #1
10001f7a:	3401      	adds	r4, #1
10001f7c:	3215      	adds	r2, #21
10001f7e:	2a20      	cmp	r2, #32
10001f80:	da05      	bge.n	10001f8e <__wrap___aeabi_d2iz+0x3a>
10001f82:	40d0      	lsrs	r0, r2
10001f84:	4308      	orrs	r0, r1
10001f86:	4360      	muls	r0, r4
10001f88:	bd10      	pop	{r4, pc}
10001f8a:	2000      	movs	r0, #0
10001f8c:	bd10      	pop	{r4, pc}
10001f8e:	4608      	mov	r0, r1
10001f90:	4360      	muls	r0, r4
10001f92:	bd10      	pop	{r4, pc}
10001f94:	0fc8      	lsrs	r0, r1, #31
10001f96:	18c0      	adds	r0, r0, r3
10001f98:	3801      	subs	r0, #1
10001f9a:	bd10      	pop	{r4, pc}

10001f9c <__wrap___aeabi_d2uiz>:
10001f9c:	b418      	push	{r3, r4}
10001f9e:	4b04      	ldr	r3, [pc, #16]	; (10001fb0 <__wrap___aeabi_d2uiz+0x14>)
10001fa0:	6a5b      	ldr	r3, [r3, #36]	; 0x24
10001fa2:	46fc      	mov	ip, pc
10001fa4:	9301      	str	r3, [sp, #4]
10001fa6:	bd08      	pop	{r3, pc}
10001fa8:	2529df24 	.word	0x2529df24
10001fac:	00001000 	.word	0x00001000
10001fb0:	200004d0 	.word	0x200004d0

10001fb4 <__aeabi_double_init>:
10001fb4:	b570      	push	{r4, r5, r6, lr}
10001fb6:	2313      	movs	r3, #19
10001fb8:	781c      	ldrb	r4, [r3, #0]
10001fba:	2c01      	cmp	r4, #1
10001fbc:	d014      	beq.n	10001fe8 <__aeabi_double_init+0x34>
10001fbe:	2c01      	cmp	r4, #1
10001fc0:	dc14      	bgt.n	10001fec <__aeabi_double_init+0x38>
10001fc2:	2c02      	cmp	r4, #2
10001fc4:	dc02      	bgt.n	10001fcc <__aeabi_double_init+0x18>
10001fc6:	4a1f      	ldr	r2, [pc, #124]	; (10002044 <__aeabi_double_init+0x90>)
10001fc8:	4b1f      	ldr	r3, [pc, #124]	; (10002048 <__aeabi_double_init+0x94>)
10001fca:	649a      	str	r2, [r3, #72]	; 0x48
10001fcc:	481f      	ldr	r0, [pc, #124]	; (1000204c <__aeabi_double_init+0x98>)
10001fce:	f7ff fc7b 	bl	100018c8 <rom_func_lookup>
10001fd2:	4b1f      	ldr	r3, [pc, #124]	; (10002050 <__aeabi_double_init+0x9c>)
10001fd4:	6018      	str	r0, [r3, #0]
10001fd6:	bd70      	pop	{r4, r5, r6, pc}
10001fd8:	0099      	lsls	r1, r3, #2
10001fda:	481a      	ldr	r0, [pc, #104]	; (10002044 <__aeabi_double_init+0x90>)
10001fdc:	4a1a      	ldr	r2, [pc, #104]	; (10002048 <__aeabi_double_init+0x94>)
10001fde:	5088      	str	r0, [r1, r2]
10001fe0:	3301      	adds	r3, #1
10001fe2:	2b1f      	cmp	r3, #31
10001fe4:	d9f8      	bls.n	10001fd8 <__aeabi_double_init+0x24>
10001fe6:	e7ea      	b.n	10001fbe <__aeabi_double_init+0xa>
10001fe8:	2300      	movs	r3, #0
10001fea:	e7fa      	b.n	10001fe2 <__aeabi_double_init+0x2e>
10001fec:	4819      	ldr	r0, [pc, #100]	; (10002054 <__aeabi_double_init+0xa0>)
10001fee:	f7ff fc73 	bl	100018d8 <rom_data_lookup>
10001ff2:	0005      	movs	r5, r0
10001ff4:	4818      	ldr	r0, [pc, #96]	; (10002058 <__aeabi_double_init+0xa4>)
10001ff6:	f7ff fc6f 	bl	100018d8 <rom_data_lookup>
10001ffa:	3802      	subs	r0, #2
10001ffc:	7803      	ldrb	r3, [r0, #0]
10001ffe:	009b      	lsls	r3, r3, #2
10002000:	2b7f      	cmp	r3, #127	; 0x7f
10002002:	dd19      	ble.n	10002038 <__aeabi_double_init+0x84>
10002004:	2280      	movs	r2, #128	; 0x80
10002006:	0029      	movs	r1, r5
10002008:	480f      	ldr	r0, [pc, #60]	; (10002048 <__aeabi_double_init+0x94>)
1000200a:	f000 fb8b 	bl	10002724 <__wrap___aeabi_memcpy>
1000200e:	2c02      	cmp	r4, #2
10002010:	d1d7      	bne.n	10001fc2 <__aeabi_double_init+0xe>
10002012:	4b12      	ldr	r3, [pc, #72]	; (1000205c <__aeabi_double_init+0xa8>)
10002014:	881a      	ldrh	r2, [r3, #0]
10002016:	23b5      	movs	r3, #181	; 0xb5
10002018:	021b      	lsls	r3, r3, #8
1000201a:	429a      	cmp	r2, r3
1000201c:	d109      	bne.n	10002032 <__aeabi_double_init+0x7e>
1000201e:	4b10      	ldr	r3, [pc, #64]	; (10002060 <__aeabi_double_init+0xac>)
10002020:	881a      	ldrh	r2, [r3, #0]
10002022:	4b10      	ldr	r3, [pc, #64]	; (10002064 <__aeabi_double_init+0xb0>)
10002024:	429a      	cmp	r2, r3
10002026:	d104      	bne.n	10002032 <__aeabi_double_init+0x7e>
10002028:	4b0f      	ldr	r3, [pc, #60]	; (10002068 <__aeabi_double_init+0xb4>)
1000202a:	881a      	ldrh	r2, [r3, #0]
1000202c:	4b0f      	ldr	r3, [pc, #60]	; (1000206c <__aeabi_double_init+0xb8>)
1000202e:	429a      	cmp	r2, r3
10002030:	d0c7      	beq.n	10001fc2 <__aeabi_double_init+0xe>
10002032:	2000      	movs	r0, #0
10002034:	f7fe fb10 	bl	10000658 <panic>
10002038:	4b0d      	ldr	r3, [pc, #52]	; (10002070 <__aeabi_double_init+0xbc>)
1000203a:	4a0e      	ldr	r2, [pc, #56]	; (10002074 <__aeabi_double_init+0xc0>)
1000203c:	2133      	movs	r1, #51	; 0x33
1000203e:	480e      	ldr	r0, [pc, #56]	; (10002078 <__aeabi_double_init+0xc4>)
10002040:	f001 fc34 	bl	100038ac <__assert_func>
10002044:	1000207d 	.word	0x1000207d
10002048:	200004d0 	.word	0x200004d0
1000204c:	0000334c 	.word	0x0000334c
10002050:	200005d0 	.word	0x200005d0
10002054:	00004453 	.word	0x00004453
10002058:	00004653 	.word	0x00004653
1000205c:	00003854 	.word	0x00003854
10002060:	000038d8 	.word	0x000038d8
10002064:	00004649 	.word	0x00004649
10002068:	0000389c 	.word	0x0000389c
1000206c:	00004659 	.word	0x00004659
10002070:	10004568 	.word	0x10004568
10002074:	1000460c 	.word	0x1000460c
10002078:	100045ac 	.word	0x100045ac

1000207c <double_table_shim_on_use_helper>:
1000207c:	b507      	push	{r0, r1, r2, lr}
1000207e:	4660      	mov	r0, ip
10002080:	2800      	cmp	r0, #0
10002082:	d100      	bne.n	10002086 <double_table_shim_on_use_helper+0xa>
10002084:	be00      	bkpt	0x0000
10002086:	8801      	ldrh	r1, [r0, #0]
10002088:	0a0a      	lsrs	r2, r1, #8
1000208a:	3002      	adds	r0, #2
1000208c:	2adf      	cmp	r2, #223	; 0xdf
1000208e:	d1fa      	bne.n	10002086 <double_table_shim_on_use_helper+0xa>
10002090:	b2c9      	uxtb	r1, r1
10002092:	0882      	lsrs	r2, r0, #2
10002094:	d304      	bcc.n	100020a0 <double_table_shim_on_use_helper+0x24>
10002096:	8802      	ldrh	r2, [r0, #0]
10002098:	8840      	ldrh	r0, [r0, #2]
1000209a:	0400      	lsls	r0, r0, #16
1000209c:	4310      	orrs	r0, r2
1000209e:	e000      	b.n	100020a2 <double_table_shim_on_use_helper+0x26>
100020a0:	6800      	ldr	r0, [r0, #0]
100020a2:	4a02      	ldr	r2, [pc, #8]	; (100020ac <double_table_shim_on_use_helper+0x30>)
100020a4:	5050      	str	r0, [r2, r1]
100020a6:	9003      	str	r0, [sp, #12]
100020a8:	bd07      	pop	{r0, r1, r2, pc}
100020aa:	0000      	.short	0x0000
100020ac:	200004d0 	.word	0x200004d0

100020b0 <drsub_shim>:
100020b0:	b40f      	push	{r0, r1, r2, r3}
100020b2:	bc03      	pop	{r0, r1}
100020b4:	bc0c      	pop	{r2, r3}

100020b6 <dsub_shim>:
100020b6:	b5f0      	push	{r4, r5, r6, r7, lr}
100020b8:	2401      	movs	r4, #1
100020ba:	07e4      	lsls	r4, r4, #31
100020bc:	4063      	eors	r3, r4
100020be:	e000      	b.n	100020c2 <da_entry>

100020c0 <dadd_shim>:
100020c0:	b5f0      	push	{r4, r5, r6, r7, lr}

100020c2 <da_entry>:
100020c2:	0d0c      	lsrs	r4, r1, #20
100020c4:	0fcf      	lsrs	r7, r1, #31
100020c6:	1e66      	subs	r6, r4, #1
100020c8:	0536      	lsls	r6, r6, #20
100020ca:	1b89      	subs	r1, r1, r6
100020cc:	0564      	lsls	r4, r4, #21
100020ce:	d303      	bcc.n	100020d8 <l8_1>
100020d0:	43c9      	mvns	r1, r1
100020d2:	4240      	negs	r0, r0
100020d4:	d300      	bcc.n	100020d8 <l8_1>
100020d6:	3101      	adds	r1, #1

100020d8 <l8_1>:
100020d8:	0d64      	lsrs	r4, r4, #21
100020da:	d003      	beq.n	100020e4 <l8_2>
100020dc:	1c66      	adds	r6, r4, #1
100020de:	0af6      	lsrs	r6, r6, #11
100020e0:	d007      	beq.n	100020f2 <l8_3>
100020e2:	1be4      	subs	r4, r4, r7

100020e4 <l8_2>:
100020e4:	2000      	movs	r0, #0
100020e6:	007f      	lsls	r7, r7, #1
100020e8:	1c79      	adds	r1, r7, #1
100020ea:	0789      	lsls	r1, r1, #30
100020ec:	1289      	asrs	r1, r1, #10
100020ee:	3c80      	subs	r4, #128	; 0x80
100020f0:	0324      	lsls	r4, r4, #12

100020f2 <l8_3>:
100020f2:	0d1d      	lsrs	r5, r3, #20
100020f4:	0fdf      	lsrs	r7, r3, #31
100020f6:	1e6e      	subs	r6, r5, #1
100020f8:	0536      	lsls	r6, r6, #20
100020fa:	1b9b      	subs	r3, r3, r6
100020fc:	056d      	lsls	r5, r5, #21
100020fe:	d303      	bcc.n	10002108 <l9_1>
10002100:	43db      	mvns	r3, r3
10002102:	4252      	negs	r2, r2
10002104:	d300      	bcc.n	10002108 <l9_1>
10002106:	3301      	adds	r3, #1

10002108 <l9_1>:
10002108:	0d6d      	lsrs	r5, r5, #21
1000210a:	d003      	beq.n	10002114 <l9_2>
1000210c:	1c6e      	adds	r6, r5, #1
1000210e:	0af6      	lsrs	r6, r6, #11
10002110:	d007      	beq.n	10002122 <l9_3>
10002112:	1bed      	subs	r5, r5, r7

10002114 <l9_2>:
10002114:	2200      	movs	r2, #0
10002116:	007f      	lsls	r7, r7, #1
10002118:	1c7b      	adds	r3, r7, #1
1000211a:	079b      	lsls	r3, r3, #30
1000211c:	129b      	asrs	r3, r3, #10
1000211e:	3d80      	subs	r5, #128	; 0x80
10002120:	032d      	lsls	r5, r5, #12

10002122 <l9_3>:
10002122:	1b2f      	subs	r7, r5, r4
10002124:	1b66      	subs	r6, r4, r5
10002126:	d458      	bmi.n	100021da <da_ygtx>
10002128:	46a4      	mov	ip, r4
1000212a:	2e20      	cmp	r6, #32
1000212c:	da46      	bge.n	100021bc <da_xrgty>
1000212e:	3720      	adds	r7, #32
10002130:	0014      	movs	r4, r2
10002132:	40bc      	lsls	r4, r7

10002134 <da_xgty0>:
10002134:	001d      	movs	r5, r3
10002136:	40bd      	lsls	r5, r7
10002138:	40f2      	lsrs	r2, r6
1000213a:	4133      	asrs	r3, r6
1000213c:	432a      	orrs	r2, r5

1000213e <da_add>:
1000213e:	1880      	adds	r0, r0, r2
10002140:	4159      	adcs	r1, r3

10002142 <da_pack>:
10002142:	0fcb      	lsrs	r3, r1, #31
10002144:	d005      	beq.n	10002152 <da_pack+0x10>
10002146:	43c9      	mvns	r1, r1
10002148:	43c0      	mvns	r0, r0
1000214a:	2200      	movs	r2, #0
1000214c:	4264      	negs	r4, r4
1000214e:	4150      	adcs	r0, r2
10002150:	4151      	adcs	r1, r2
10002152:	4662      	mov	r2, ip
10002154:	0d4d      	lsrs	r5, r1, #21
10002156:	d128      	bne.n	100021aa <da_0>
10002158:	0d0d      	lsrs	r5, r1, #20
1000215a:	d107      	bne.n	1000216c <da_1>
1000215c:	2800      	cmp	r0, #0
1000215e:	d01f      	beq.n	100021a0 <da_5>

10002160 <da_2>:
10002160:	1924      	adds	r4, r4, r4
10002162:	4140      	adcs	r0, r0
10002164:	4149      	adcs	r1, r1
10002166:	3a01      	subs	r2, #1
10002168:	0d0d      	lsrs	r5, r1, #20
1000216a:	d0f9      	beq.n	10002160 <da_2>

1000216c <da_1>:
1000216c:	0064      	lsls	r4, r4, #1
1000216e:	d306      	bcc.n	1000217e <da_3>

10002170 <da_4>:
10002170:	3001      	adds	r0, #1
10002172:	d300      	bcc.n	10002176 <da_4+0x6>
10002174:	3101      	adds	r1, #1
10002176:	2c00      	cmp	r4, #0
10002178:	d101      	bne.n	1000217e <da_3>
1000217a:	0840      	lsrs	r0, r0, #1
1000217c:	0040      	lsls	r0, r0, #1

1000217e <da_3>:
1000217e:	3a01      	subs	r2, #1
10002180:	d40b      	bmi.n	1000219a <da_6>
10002182:	1c94      	adds	r4, r2, #2
10002184:	0ae4      	lsrs	r4, r4, #11
10002186:	d104      	bne.n	10002192 <da_7>
10002188:	0512      	lsls	r2, r2, #20
1000218a:	4411      	add	r1, r2
1000218c:	07db      	lsls	r3, r3, #31
1000218e:	4419      	add	r1, r3
10002190:	bdf0      	pop	{r4, r5, r6, r7, pc}

10002192 <da_7>:
10002192:	07d9      	lsls	r1, r3, #31
10002194:	4b20      	ldr	r3, [pc, #128]	; (10002218 <da_xmgty+0x4>)
10002196:	4319      	orrs	r1, r3
10002198:	e000      	b.n	1000219c <da_6+0x2>

1000219a <da_6>:
1000219a:	07d9      	lsls	r1, r3, #31
1000219c:	2000      	movs	r0, #0
1000219e:	bdf0      	pop	{r4, r5, r6, r7, pc}

100021a0 <da_5>:
100021a0:	2900      	cmp	r1, #0
100021a2:	d1dd      	bne.n	10002160 <da_2>
100021a4:	2c00      	cmp	r4, #0
100021a6:	d1db      	bne.n	10002160 <da_2>
100021a8:	bdf0      	pop	{r4, r5, r6, r7, pc}

100021aa <da_0>:
100021aa:	3201      	adds	r2, #1
100021ac:	07c6      	lsls	r6, r0, #31
100021ae:	0840      	lsrs	r0, r0, #1
100021b0:	07cd      	lsls	r5, r1, #31
100021b2:	4328      	orrs	r0, r5
100021b4:	0849      	lsrs	r1, r1, #1
100021b6:	2e00      	cmp	r6, #0
100021b8:	d0e1      	beq.n	1000217e <da_3>
100021ba:	e7d9      	b.n	10002170 <da_4>

100021bc <da_xrgty>:
100021bc:	2e3c      	cmp	r6, #60	; 0x3c
100021be:	da29      	bge.n	10002214 <da_xmgty>
100021c0:	3e20      	subs	r6, #32
100021c2:	3740      	adds	r7, #64	; 0x40
100021c4:	0014      	movs	r4, r2
100021c6:	40bc      	lsls	r4, r7
100021c8:	d000      	beq.n	100021cc <da_xrgty+0x10>
100021ca:	2401      	movs	r4, #1
100021cc:	40f2      	lsrs	r2, r6
100021ce:	4314      	orrs	r4, r2
100021d0:	001a      	movs	r2, r3
100021d2:	40bb      	lsls	r3, r7
100021d4:	431c      	orrs	r4, r3
100021d6:	17d3      	asrs	r3, r2, #31
100021d8:	e7ac      	b.n	10002134 <da_xgty0>

100021da <da_ygtx>:
100021da:	46ac      	mov	ip, r5
100021dc:	2f20      	cmp	r7, #32
100021de:	da08      	bge.n	100021f2 <da_yrgtx>
100021e0:	3620      	adds	r6, #32
100021e2:	0004      	movs	r4, r0
100021e4:	40b4      	lsls	r4, r6

100021e6 <da_ygtx0>:
100021e6:	000d      	movs	r5, r1
100021e8:	40b5      	lsls	r5, r6
100021ea:	40f8      	lsrs	r0, r7
100021ec:	4139      	asrs	r1, r7
100021ee:	4328      	orrs	r0, r5
100021f0:	e7a5      	b.n	1000213e <da_add>

100021f2 <da_yrgtx>:
100021f2:	2f3c      	cmp	r7, #60	; 0x3c
100021f4:	da0c      	bge.n	10002210 <da_ymgtx>
100021f6:	3f20      	subs	r7, #32
100021f8:	3640      	adds	r6, #64	; 0x40
100021fa:	0004      	movs	r4, r0
100021fc:	40b4      	lsls	r4, r6
100021fe:	d000      	beq.n	10002202 <da_yrgtx+0x10>
10002200:	2401      	movs	r4, #1
10002202:	40f8      	lsrs	r0, r7
10002204:	4304      	orrs	r4, r0
10002206:	0008      	movs	r0, r1
10002208:	40b1      	lsls	r1, r6
1000220a:	430c      	orrs	r4, r1
1000220c:	17c1      	asrs	r1, r0, #31
1000220e:	e7ea      	b.n	100021e6 <da_ygtx0>

10002210 <da_ymgtx>:
10002210:	0010      	movs	r0, r2
10002212:	0019      	movs	r1, r3

10002214 <da_xmgty>:
10002214:	2400      	movs	r4, #0
10002216:	e794      	b.n	10002142 <da_pack>
10002218:	7ff00000 	.word	0x7ff00000

1000221c <dmul_shim>:
1000221c:	b5f0      	push	{r4, r5, r6, r7, lr}
1000221e:	0d0c      	lsrs	r4, r1, #20
10002220:	1e66      	subs	r6, r4, #1
10002222:	0536      	lsls	r6, r6, #20
10002224:	1b89      	subs	r1, r1, r6
10002226:	0ae6      	lsrs	r6, r4, #11
10002228:	0564      	lsls	r4, r4, #21
1000222a:	0d64      	lsrs	r4, r4, #21
1000222c:	d002      	beq.n	10002234 <l12_1>
1000222e:	1c65      	adds	r5, r4, #1
10002230:	0aed      	lsrs	r5, r5, #11
10002232:	d004      	beq.n	1000223e <l12_2>

10002234 <l12_1>:
10002234:	2000      	movs	r0, #0
10002236:	2101      	movs	r1, #1
10002238:	0509      	lsls	r1, r1, #20
1000223a:	3c80      	subs	r4, #128	; 0x80
1000223c:	0324      	lsls	r4, r4, #12

1000223e <l12_2>:
1000223e:	46a4      	mov	ip, r4
10002240:	0d1c      	lsrs	r4, r3, #20
10002242:	1e67      	subs	r7, r4, #1
10002244:	053f      	lsls	r7, r7, #20
10002246:	1bdb      	subs	r3, r3, r7
10002248:	0ae7      	lsrs	r7, r4, #11
1000224a:	0564      	lsls	r4, r4, #21
1000224c:	0d64      	lsrs	r4, r4, #21
1000224e:	d002      	beq.n	10002256 <l13_1>
10002250:	1c65      	adds	r5, r4, #1
10002252:	0aed      	lsrs	r5, r5, #11
10002254:	d004      	beq.n	10002260 <l13_2>

10002256 <l13_1>:
10002256:	2200      	movs	r2, #0
10002258:	2301      	movs	r3, #1
1000225a:	051b      	lsls	r3, r3, #20
1000225c:	3c80      	subs	r4, #128	; 0x80
1000225e:	0324      	lsls	r4, r4, #12

10002260 <l13_2>:
10002260:	4077      	eors	r7, r6
10002262:	4464      	add	r4, ip
10002264:	b497      	push	{r0, r1, r2, r4, r7}
10002266:	b284      	uxth	r4, r0
10002268:	b296      	uxth	r6, r2
1000226a:	4374      	muls	r4, r6
1000226c:	0c07      	lsrs	r7, r0, #16
1000226e:	437e      	muls	r6, r7
10002270:	0c15      	lsrs	r5, r2, #16
10002272:	436f      	muls	r7, r5
10002274:	b280      	uxth	r0, r0
10002276:	4368      	muls	r0, r5
10002278:	1836      	adds	r6, r6, r0
1000227a:	d302      	bcc.n	10002282 <l14_1>
1000227c:	2001      	movs	r0, #1
1000227e:	0400      	lsls	r0, r0, #16
10002280:	183f      	adds	r7, r7, r0

10002282 <l14_1>:
10002282:	0430      	lsls	r0, r6, #16
10002284:	0c35      	lsrs	r5, r6, #16
10002286:	1900      	adds	r0, r0, r4
10002288:	417d      	adcs	r5, r7
1000228a:	4684      	mov	ip, r0
1000228c:	b288      	uxth	r0, r1
1000228e:	b29a      	uxth	r2, r3
10002290:	4350      	muls	r0, r2
10002292:	0c0c      	lsrs	r4, r1, #16
10002294:	4362      	muls	r2, r4
10002296:	0c1f      	lsrs	r7, r3, #16
10002298:	437c      	muls	r4, r7
1000229a:	b28e      	uxth	r6, r1
1000229c:	437e      	muls	r6, r7
1000229e:	1992      	adds	r2, r2, r6
100022a0:	d302      	bcc.n	100022a8 <l15_1>
100022a2:	2601      	movs	r6, #1
100022a4:	0436      	lsls	r6, r6, #16
100022a6:	19a4      	adds	r4, r4, r6

100022a8 <l15_1>:
100022a8:	0416      	lsls	r6, r2, #16
100022aa:	0c17      	lsrs	r7, r2, #16
100022ac:	1836      	adds	r6, r6, r0
100022ae:	4167      	adcs	r7, r4
100022b0:	bc01      	pop	{r0}
100022b2:	b281      	uxth	r1, r0
100022b4:	b29a      	uxth	r2, r3
100022b6:	4351      	muls	r1, r2
100022b8:	0c04      	lsrs	r4, r0, #16
100022ba:	4362      	muls	r2, r4
100022bc:	0c1b      	lsrs	r3, r3, #16
100022be:	435c      	muls	r4, r3
100022c0:	b280      	uxth	r0, r0
100022c2:	4358      	muls	r0, r3
100022c4:	1812      	adds	r2, r2, r0
100022c6:	d302      	bcc.n	100022ce <l16_1>
100022c8:	2001      	movs	r0, #1
100022ca:	0400      	lsls	r0, r0, #16
100022cc:	1824      	adds	r4, r4, r0

100022ce <l16_1>:
100022ce:	0410      	lsls	r0, r2, #16
100022d0:	0c13      	lsrs	r3, r2, #16
100022d2:	1840      	adds	r0, r0, r1
100022d4:	4163      	adcs	r3, r4
100022d6:	182d      	adds	r5, r5, r0
100022d8:	415e      	adcs	r6, r3
100022da:	2000      	movs	r0, #0
100022dc:	4147      	adcs	r7, r0
100022de:	bc06      	pop	{r1, r2}
100022e0:	b288      	uxth	r0, r1
100022e2:	b293      	uxth	r3, r2
100022e4:	4358      	muls	r0, r3
100022e6:	0c0c      	lsrs	r4, r1, #16
100022e8:	4363      	muls	r3, r4
100022ea:	0c12      	lsrs	r2, r2, #16
100022ec:	4354      	muls	r4, r2
100022ee:	b289      	uxth	r1, r1
100022f0:	4351      	muls	r1, r2
100022f2:	185b      	adds	r3, r3, r1
100022f4:	d302      	bcc.n	100022fc <l17_1>
100022f6:	2101      	movs	r1, #1
100022f8:	0409      	lsls	r1, r1, #16
100022fa:	1864      	adds	r4, r4, r1

100022fc <l17_1>:
100022fc:	0419      	lsls	r1, r3, #16
100022fe:	0c1a      	lsrs	r2, r3, #16
10002300:	1809      	adds	r1, r1, r0
10002302:	4162      	adcs	r2, r4
10002304:	186d      	adds	r5, r5, r1
10002306:	4156      	adcs	r6, r2
10002308:	2000      	movs	r0, #0
1000230a:	4147      	adcs	r7, r0
1000230c:	bc18      	pop	{r3, r4}
1000230e:	02f9      	lsls	r1, r7, #11
10002310:	0d72      	lsrs	r2, r6, #21
10002312:	4311      	orrs	r1, r2
10002314:	02f0      	lsls	r0, r6, #11
10002316:	0d6a      	lsrs	r2, r5, #21
10002318:	4310      	orrs	r0, r2
1000231a:	02ed      	lsls	r5, r5, #11
1000231c:	0d0a      	lsrs	r2, r1, #20
1000231e:	d103      	bne.n	10002328 <l17_1+0x2c>
10002320:	196d      	adds	r5, r5, r5
10002322:	4140      	adcs	r0, r0
10002324:	4149      	adcs	r1, r1
10002326:	3b01      	subs	r3, #1
10002328:	4e12      	ldr	r6, [pc, #72]	; (10002374 <dm_1+0xa>)
1000232a:	1b9b      	subs	r3, r3, r6
1000232c:	0076      	lsls	r6, r6, #1
1000232e:	42b3      	cmp	r3, r6
10002330:	d20e      	bcs.n	10002350 <dm_0>
10002332:	006d      	lsls	r5, r5, #1
10002334:	d307      	bcc.n	10002346 <l17_1+0x4a>
10002336:	3001      	adds	r0, #1
10002338:	2600      	movs	r6, #0
1000233a:	4171      	adcs	r1, r6
1000233c:	4666      	mov	r6, ip
1000233e:	4335      	orrs	r5, r6
10002340:	d101      	bne.n	10002346 <l17_1+0x4a>
10002342:	0840      	lsrs	r0, r0, #1
10002344:	0040      	lsls	r0, r0, #1
10002346:	051b      	lsls	r3, r3, #20
10002348:	18c9      	adds	r1, r1, r3

1000234a <dm_2>:
1000234a:	07e4      	lsls	r4, r4, #31
1000234c:	4421      	add	r1, r4
1000234e:	bdf0      	pop	{r4, r5, r6, r7, pc}

10002350 <dm_0>:
10002350:	da0b      	bge.n	1000236a <dm_1>
10002352:	3301      	adds	r3, #1
10002354:	d106      	bne.n	10002364 <dm_0+0x14>
10002356:	3001      	adds	r0, #1
10002358:	d104      	bne.n	10002364 <dm_0+0x14>
1000235a:	3101      	adds	r1, #1
1000235c:	0d4f      	lsrs	r7, r1, #21
1000235e:	d001      	beq.n	10002364 <dm_0+0x14>
10002360:	0849      	lsrs	r1, r1, #1
10002362:	e7f2      	b.n	1000234a <dm_2>
10002364:	07e1      	lsls	r1, r4, #31
10002366:	2000      	movs	r0, #0
10002368:	bdf0      	pop	{r4, r5, r6, r7, pc}

1000236a <dm_1>:
1000236a:	3601      	adds	r6, #1
1000236c:	0531      	lsls	r1, r6, #20
1000236e:	2000      	movs	r0, #0
10002370:	e7eb      	b.n	1000234a <dm_2>
10002372:	0000      	.short	0x0000
10002374:	000003ff 	.word	0x000003ff

10002378 <ddiv_shim>:
10002378:	b5f0      	push	{r4, r5, r6, r7, lr}

1000237a <ddiv0>:
1000237a:	0d1c      	lsrs	r4, r3, #20
1000237c:	1e67      	subs	r7, r4, #1
1000237e:	053f      	lsls	r7, r7, #20
10002380:	1bdb      	subs	r3, r3, r7
10002382:	0ae7      	lsrs	r7, r4, #11
10002384:	0564      	lsls	r4, r4, #21
10002386:	0d64      	lsrs	r4, r4, #21
10002388:	d002      	beq.n	10002390 <l20_1>
1000238a:	1c66      	adds	r6, r4, #1
1000238c:	0af6      	lsrs	r6, r6, #11
1000238e:	d004      	beq.n	1000239a <l20_2>

10002390 <l20_1>:
10002390:	2200      	movs	r2, #0
10002392:	2301      	movs	r3, #1
10002394:	051b      	lsls	r3, r3, #20
10002396:	3c80      	subs	r4, #128	; 0x80
10002398:	0324      	lsls	r4, r4, #12

1000239a <l20_2>:
1000239a:	25d0      	movs	r5, #208	; 0xd0
1000239c:	062d      	lsls	r5, r5, #24
1000239e:	2600      	movs	r6, #0
100023a0:	43f6      	mvns	r6, r6
100023a2:	662e      	str	r6, [r5, #96]	; 0x60
100023a4:	091e      	lsrs	r6, r3, #4
100023a6:	666e      	str	r6, [r5, #100]	; 0x64
100023a8:	0fce      	lsrs	r6, r1, #31
100023aa:	19f6      	adds	r6, r6, r7
100023ac:	46b4      	mov	ip, r6
100023ae:	0049      	lsls	r1, r1, #1
100023b0:	0d4f      	lsrs	r7, r1, #21
100023b2:	d002      	beq.n	100023ba <l20_2+0x20>
100023b4:	1c7e      	adds	r6, r7, #1
100023b6:	0af6      	lsrs	r6, r6, #11
100023b8:	d003      	beq.n	100023c2 <l20_2+0x28>
100023ba:	2000      	movs	r0, #0
100023bc:	2100      	movs	r1, #0
100023be:	3f40      	subs	r7, #64	; 0x40
100023c0:	033f      	lsls	r7, r7, #12
100023c2:	1b3e      	subs	r6, r7, r4
100023c4:	00b6      	lsls	r6, r6, #2
100023c6:	44b4      	add	ip, r6
100023c8:	3f01      	subs	r7, #1
100023ca:	057f      	lsls	r7, r7, #21
100023cc:	1bc9      	subs	r1, r1, r7
100023ce:	0849      	lsrs	r1, r1, #1
100023d0:	6f2e      	ldr	r6, [r5, #112]	; 0x70
100023d2:	3601      	adds	r6, #1
100023d4:	0876      	lsrs	r6, r6, #1
100023d6:	029c      	lsls	r4, r3, #10
100023d8:	0d95      	lsrs	r5, r2, #22
100023da:	4325      	orrs	r5, r4
100023dc:	4375      	muls	r5, r6
100023de:	13ed      	asrs	r5, r5, #15
100023e0:	4375      	muls	r5, r6
100023e2:	13ad      	asrs	r5, r5, #14
100023e4:	3501      	adds	r5, #1
100023e6:	106d      	asrs	r5, r5, #1
100023e8:	03f6      	lsls	r6, r6, #15
100023ea:	1b76      	subs	r6, r6, r5
100023ec:	b40c      	push	{r2, r3}
100023ee:	02cc      	lsls	r4, r1, #11
100023f0:	0d45      	lsrs	r5, r0, #21
100023f2:	432c      	orrs	r4, r5
100023f4:	b2a2      	uxth	r2, r4
100023f6:	b2b3      	uxth	r3, r6
100023f8:	435a      	muls	r2, r3
100023fa:	0c27      	lsrs	r7, r4, #16
100023fc:	437b      	muls	r3, r7
100023fe:	0c35      	lsrs	r5, r6, #16
10002400:	436f      	muls	r7, r5
10002402:	b2a4      	uxth	r4, r4
10002404:	436c      	muls	r4, r5
10002406:	191b      	adds	r3, r3, r4
10002408:	d302      	bcc.n	10002410 <l21_1>
1000240a:	2401      	movs	r4, #1
1000240c:	0424      	lsls	r4, r4, #16
1000240e:	193f      	adds	r7, r7, r4

10002410 <l21_1>:
10002410:	041c      	lsls	r4, r3, #16
10002412:	0c1d      	lsrs	r5, r3, #16
10002414:	18a4      	adds	r4, r4, r2
10002416:	417d      	adcs	r5, r7
10002418:	1924      	adds	r4, r4, r4
1000241a:	416d      	adcs	r5, r5
1000241c:	9a00      	ldr	r2, [sp, #0]
1000241e:	b291      	uxth	r1, r2
10002420:	b2ac      	uxth	r4, r5
10002422:	4361      	muls	r1, r4
10002424:	0c17      	lsrs	r7, r2, #16
10002426:	437c      	muls	r4, r7
10002428:	0c2b      	lsrs	r3, r5, #16
1000242a:	435f      	muls	r7, r3
1000242c:	b292      	uxth	r2, r2
1000242e:	435a      	muls	r2, r3
10002430:	18a4      	adds	r4, r4, r2
10002432:	d302      	bcc.n	1000243a <l22_1>
10002434:	2201      	movs	r2, #1
10002436:	0412      	lsls	r2, r2, #16
10002438:	18bf      	adds	r7, r7, r2

1000243a <l22_1>:
1000243a:	0422      	lsls	r2, r4, #16
1000243c:	0c23      	lsrs	r3, r4, #16
1000243e:	1852      	adds	r2, r2, r1
10002440:	417b      	adcs	r3, r7
10002442:	9c01      	ldr	r4, [sp, #4]
10002444:	436c      	muls	r4, r5
10002446:	191b      	adds	r3, r3, r4
10002448:	0e52      	lsrs	r2, r2, #25
1000244a:	01d9      	lsls	r1, r3, #7
1000244c:	430a      	orrs	r2, r1
1000244e:	0144      	lsls	r4, r0, #5
10002450:	1aa0      	subs	r0, r4, r2
10002452:	b281      	uxth	r1, r0
10002454:	b2b2      	uxth	r2, r6
10002456:	4351      	muls	r1, r2
10002458:	1403      	asrs	r3, r0, #16
1000245a:	435a      	muls	r2, r3
1000245c:	0c36      	lsrs	r6, r6, #16
1000245e:	4373      	muls	r3, r6
10002460:	b287      	uxth	r7, r0
10002462:	4377      	muls	r7, r6
10002464:	17d6      	asrs	r6, r2, #31
10002466:	19d2      	adds	r2, r2, r7
10002468:	2700      	movs	r7, #0
1000246a:	417e      	adcs	r6, r7
1000246c:	0436      	lsls	r6, r6, #16
1000246e:	199b      	adds	r3, r3, r6
10002470:	0417      	lsls	r7, r2, #16
10002472:	0c16      	lsrs	r6, r2, #16
10002474:	187f      	adds	r7, r7, r1
10002476:	415e      	adcs	r6, r3
10002478:	1673      	asrs	r3, r6, #25
1000247a:	18ed      	adds	r5, r5, r3
1000247c:	01f3      	lsls	r3, r6, #7
1000247e:	2600      	movs	r6, #0
10002480:	3380      	adds	r3, #128	; 0x80
10002482:	4175      	adcs	r5, r6
10002484:	0fa9      	lsrs	r1, r5, #30
10002486:	d106      	bne.n	10002496 <dd_0>
10002488:	0064      	lsls	r4, r4, #1
1000248a:	0a69      	lsrs	r1, r5, #9
1000248c:	05e8      	lsls	r0, r5, #23
1000248e:	0a5b      	lsrs	r3, r3, #9
10002490:	4318      	orrs	r0, r3
10002492:	d209      	bcs.n	100024a8 <dd_1>
10002494:	e02f      	b.n	100024f6 <dd_2>

10002496 <dd_0>:
10002496:	2204      	movs	r2, #4
10002498:	4494      	add	ip, r2
1000249a:	3380      	adds	r3, #128	; 0x80
1000249c:	4175      	adcs	r5, r6
1000249e:	0aa9      	lsrs	r1, r5, #10
100024a0:	05a8      	lsls	r0, r5, #22
100024a2:	0a9b      	lsrs	r3, r3, #10
100024a4:	4318      	orrs	r0, r3
100024a6:	d326      	bcc.n	100024f6 <dd_2>

100024a8 <dd_1>:
100024a8:	4140      	adcs	r0, r0
100024aa:	4149      	adcs	r1, r1
100024ac:	0424      	lsls	r4, r4, #16
100024ae:	9a00      	ldr	r2, [sp, #0]
100024b0:	9b01      	ldr	r3, [sp, #4]
100024b2:	000d      	movs	r5, r1
100024b4:	4355      	muls	r5, r2
100024b6:	1b64      	subs	r4, r4, r5
100024b8:	4343      	muls	r3, r0
100024ba:	1ae4      	subs	r4, r4, r3
100024bc:	b295      	uxth	r5, r2
100024be:	b286      	uxth	r6, r0
100024c0:	4375      	muls	r5, r6
100024c2:	0c17      	lsrs	r7, r2, #16
100024c4:	437e      	muls	r6, r7
100024c6:	0c03      	lsrs	r3, r0, #16
100024c8:	435f      	muls	r7, r3
100024ca:	b292      	uxth	r2, r2
100024cc:	435a      	muls	r2, r3
100024ce:	18b6      	adds	r6, r6, r2
100024d0:	d302      	bcc.n	100024d8 <l24_1>
100024d2:	2201      	movs	r2, #1
100024d4:	0412      	lsls	r2, r2, #16
100024d6:	18bf      	adds	r7, r7, r2

100024d8 <l24_1>:
100024d8:	0432      	lsls	r2, r6, #16
100024da:	0c33      	lsrs	r3, r6, #16
100024dc:	1952      	adds	r2, r2, r5
100024de:	417b      	adcs	r3, r7
100024e0:	4252      	negs	r2, r2
100024e2:	419c      	sbcs	r4, r3
100024e4:	2c00      	cmp	r4, #0
100024e6:	d402      	bmi.n	100024ee <l24_1+0x16>
100024e8:	2200      	movs	r2, #0
100024ea:	3001      	adds	r0, #1
100024ec:	4151      	adcs	r1, r2
100024ee:	0840      	lsrs	r0, r0, #1
100024f0:	07ca      	lsls	r2, r1, #31
100024f2:	4310      	orrs	r0, r2
100024f4:	0849      	lsrs	r1, r1, #1

100024f6 <dd_2>:
100024f6:	b002      	add	sp, #8
100024f8:	4662      	mov	r2, ip
100024fa:	07d7      	lsls	r7, r2, #31
100024fc:	1092      	asrs	r2, r2, #2
100024fe:	4b08      	ldr	r3, [pc, #32]	; (10002520 <dd_4+0x6>)
10002500:	18d2      	adds	r2, r2, r3
10002502:	4b08      	ldr	r3, [pc, #32]	; (10002524 <dd_4+0xa>)
10002504:	429a      	cmp	r2, r3
10002506:	d203      	bcs.n	10002510 <dd_3>
10002508:	0512      	lsls	r2, r2, #20
1000250a:	1889      	adds	r1, r1, r2

1000250c <dd_5>:
1000250c:	19c9      	adds	r1, r1, r7
1000250e:	bdf0      	pop	{r4, r5, r6, r7, pc}

10002510 <dd_3>:
10002510:	2000      	movs	r0, #0
10002512:	2a00      	cmp	r2, #0
10002514:	dc01      	bgt.n	1000251a <dd_4>
10002516:	0039      	movs	r1, r7
10002518:	bdf0      	pop	{r4, r5, r6, r7, pc}

1000251a <dd_4>:
1000251a:	3301      	adds	r3, #1
1000251c:	0519      	lsls	r1, r3, #20
1000251e:	e7f5      	b.n	1000250c <dd_5>
10002520:	000003fd 	.word	0x000003fd
10002524:	000007fe 	.word	0x000007fe

10002528 <double2uint_shim>:
10002528:	2200      	movs	r2, #0

1000252a <double2ufix_shim>:
1000252a:	b500      	push	{lr}
1000252c:	3220      	adds	r2, #32
1000252e:	f000 f804 	bl	1000253a <double2ufix64_shim>
10002532:	0008      	movs	r0, r1
10002534:	bd00      	pop	{pc}
	...

10002538 <double2uint64_shim>:
10002538:	2200      	movs	r2, #0

1000253a <double2ufix64_shim>:
1000253a:	150b      	asrs	r3, r1, #20
1000253c:	d40a      	bmi.n	10002554 <ret_dzero>

1000253e <d2fix>:
1000253e:	b510      	push	{r4, lr}
10002540:	4694      	mov	ip, r2
10002542:	f000 f831 	bl	100025a8 <dunpacks>
10002546:	1414      	asrs	r4, r2, #16
10002548:	3401      	adds	r4, #1
1000254a:	da00      	bge.n	1000254e <d2fix+0x10>
1000254c:	2100      	movs	r1, #0
1000254e:	17cb      	asrs	r3, r1, #31
10002550:	4c14      	ldr	r4, [pc, #80]	; (100025a4 <d2fix_a+0x4a>)
10002552:	4720      	bx	r4

10002554 <ret_dzero>:
10002554:	2000      	movs	r0, #0
10002556:	2100      	movs	r1, #0
10002558:	4770      	bx	lr

1000255a <d2fix_a>:
1000255a:	4462      	add	r2, ip
1000255c:	3a34      	subs	r2, #52	; 0x34
1000255e:	d40c      	bmi.n	1000257a <d2fix_a+0x20>
10002560:	2a0c      	cmp	r2, #12
10002562:	da07      	bge.n	10002574 <d2fix_a+0x1a>
10002564:	0004      	movs	r4, r0
10002566:	4091      	lsls	r1, r2
10002568:	4090      	lsls	r0, r2
1000256a:	4252      	negs	r2, r2
1000256c:	3220      	adds	r2, #32
1000256e:	40d4      	lsrs	r4, r2
10002570:	4321      	orrs	r1, r4
10002572:	bd10      	pop	{r4, pc}
10002574:	43d8      	mvns	r0, r3
10002576:	43d9      	mvns	r1, r3
10002578:	bd10      	pop	{r4, pc}
1000257a:	3220      	adds	r2, #32
1000257c:	d407      	bmi.n	1000258e <d2fix_a+0x34>
1000257e:	460c      	mov	r4, r1
10002580:	4094      	lsls	r4, r2
10002582:	4252      	negs	r2, r2
10002584:	3220      	adds	r2, #32
10002586:	4111      	asrs	r1, r2
10002588:	40d0      	lsrs	r0, r2
1000258a:	4320      	orrs	r0, r4
1000258c:	bd10      	pop	{r4, pc}
1000258e:	0008      	movs	r0, r1
10002590:	17c9      	asrs	r1, r1, #31
10002592:	3220      	adds	r2, #32
10002594:	d403      	bmi.n	1000259e <d2fix_a+0x44>
10002596:	4252      	negs	r2, r2
10002598:	3220      	adds	r2, #32
1000259a:	4110      	asrs	r0, r2
1000259c:	bd10      	pop	{r4, pc}
1000259e:	0018      	movs	r0, r3
100025a0:	0019      	movs	r1, r3
100025a2:	bd10      	pop	{r4, pc}
100025a4:	1000255b 	.word	0x1000255b

100025a8 <dunpacks>:
100025a8:	0d0a      	lsrs	r2, r1, #20
100025aa:	0fcc      	lsrs	r4, r1, #31
100025ac:	1e53      	subs	r3, r2, #1
100025ae:	051b      	lsls	r3, r3, #20
100025b0:	1ac9      	subs	r1, r1, r3
100025b2:	0552      	lsls	r2, r2, #21
100025b4:	d303      	bcc.n	100025be <l60_1>
100025b6:	43c9      	mvns	r1, r1
100025b8:	4240      	negs	r0, r0
100025ba:	d300      	bcc.n	100025be <l60_1>
100025bc:	3101      	adds	r1, #1

100025be <l60_1>:
100025be:	0d52      	lsrs	r2, r2, #21
100025c0:	d003      	beq.n	100025ca <l60_2>
100025c2:	1c53      	adds	r3, r2, #1
100025c4:	0adb      	lsrs	r3, r3, #11
100025c6:	d007      	beq.n	100025d8 <l60_3>
100025c8:	1b12      	subs	r2, r2, r4

100025ca <l60_2>:
100025ca:	2000      	movs	r0, #0
100025cc:	0064      	lsls	r4, r4, #1
100025ce:	1c61      	adds	r1, r4, #1
100025d0:	0789      	lsls	r1, r1, #30
100025d2:	1289      	asrs	r1, r1, #10
100025d4:	3a80      	subs	r2, #128	; 0x80
100025d6:	0312      	lsls	r2, r2, #12

100025d8 <l60_3>:
100025d8:	4b01      	ldr	r3, [pc, #4]	; (100025e0 <l60_3+0x8>)
100025da:	1ad2      	subs	r2, r2, r3
100025dc:	4770      	bx	lr
100025de:	0000      	.short	0x0000
100025e0:	000003ff 	.word	0x000003ff

100025e4 <__aeabi_float_init>:
100025e4:	b570      	push	{r4, r5, r6, lr}
100025e6:	2313      	movs	r3, #19
100025e8:	781d      	ldrb	r5, [r3, #0]
100025ea:	482a      	ldr	r0, [pc, #168]	; (10002694 <__aeabi_float_init+0xb0>)
100025ec:	f7ff f974 	bl	100018d8 <rom_data_lookup>
100025f0:	0004      	movs	r4, r0
100025f2:	2d01      	cmp	r5, #1
100025f4:	d011      	beq.n	1000261a <__aeabi_float_init+0x36>
100025f6:	2d01      	cmp	r5, #1
100025f8:	dd09      	ble.n	1000260e <__aeabi_float_init+0x2a>
100025fa:	1ea3      	subs	r3, r4, #2
100025fc:	781b      	ldrb	r3, [r3, #0]
100025fe:	009b      	lsls	r3, r3, #2
10002600:	2b7f      	cmp	r3, #127	; 0x7f
10002602:	dd40      	ble.n	10002686 <__aeabi_float_init+0xa2>
10002604:	2280      	movs	r2, #128	; 0x80
10002606:	0021      	movs	r1, r4
10002608:	4823      	ldr	r0, [pc, #140]	; (10002698 <__aeabi_float_init+0xb4>)
1000260a:	f000 f88b 	bl	10002724 <__wrap___aeabi_memcpy>
1000260e:	4823      	ldr	r0, [pc, #140]	; (1000269c <__aeabi_float_init+0xb8>)
10002610:	f7ff f95a 	bl	100018c8 <rom_func_lookup>
10002614:	4b22      	ldr	r3, [pc, #136]	; (100026a0 <__aeabi_float_init+0xbc>)
10002616:	6018      	str	r0, [r3, #0]
10002618:	bd70      	pop	{r4, r5, r6, pc}
1000261a:	2254      	movs	r2, #84	; 0x54
1000261c:	0001      	movs	r1, r0
1000261e:	481e      	ldr	r0, [pc, #120]	; (10002698 <__aeabi_float_init+0xb4>)
10002620:	f000 f880 	bl	10002724 <__wrap___aeabi_memcpy>
10002624:	4b1f      	ldr	r3, [pc, #124]	; (100026a4 <__aeabi_float_init+0xc0>)
10002626:	881a      	ldrh	r2, [r3, #0]
10002628:	4b1f      	ldr	r3, [pc, #124]	; (100026a8 <__aeabi_float_init+0xc4>)
1000262a:	429a      	cmp	r2, r3
1000262c:	d11c      	bne.n	10002668 <__aeabi_float_init+0x84>
1000262e:	23a7      	movs	r3, #167	; 0xa7
10002630:	019b      	lsls	r3, r3, #6
10002632:	881a      	ldrh	r2, [r3, #0]
10002634:	4b1d      	ldr	r3, [pc, #116]	; (100026ac <__aeabi_float_init+0xc8>)
10002636:	429a      	cmp	r2, r3
10002638:	d116      	bne.n	10002668 <__aeabi_float_init+0x84>
1000263a:	4b1d      	ldr	r3, [pc, #116]	; (100026b0 <__aeabi_float_init+0xcc>)
1000263c:	881a      	ldrh	r2, [r3, #0]
1000263e:	4b1d      	ldr	r3, [pc, #116]	; (100026b4 <__aeabi_float_init+0xd0>)
10002640:	429a      	cmp	r2, r3
10002642:	d111      	bne.n	10002668 <__aeabi_float_init+0x84>
10002644:	4b1c      	ldr	r3, [pc, #112]	; (100026b8 <__aeabi_float_init+0xd4>)
10002646:	881a      	ldrh	r2, [r3, #0]
10002648:	2394      	movs	r3, #148	; 0x94
1000264a:	019b      	lsls	r3, r3, #6
1000264c:	429a      	cmp	r2, r3
1000264e:	d10b      	bne.n	10002668 <__aeabi_float_init+0x84>
10002650:	4b1a      	ldr	r3, [pc, #104]	; (100026bc <__aeabi_float_init+0xd8>)
10002652:	881a      	ldrh	r2, [r3, #0]
10002654:	4b1a      	ldr	r3, [pc, #104]	; (100026c0 <__aeabi_float_init+0xdc>)
10002656:	429a      	cmp	r2, r3
10002658:	d106      	bne.n	10002668 <__aeabi_float_init+0x84>
1000265a:	4b1a      	ldr	r3, [pc, #104]	; (100026c4 <__aeabi_float_init+0xe0>)
1000265c:	681a      	ldr	r2, [r3, #0]
1000265e:	4b1a      	ldr	r3, [pc, #104]	; (100026c8 <__aeabi_float_init+0xe4>)
10002660:	429a      	cmp	r2, r3
10002662:	d101      	bne.n	10002668 <__aeabi_float_init+0x84>
10002664:	2315      	movs	r3, #21
10002666:	e007      	b.n	10002678 <__aeabi_float_init+0x94>
10002668:	4818      	ldr	r0, [pc, #96]	; (100026cc <__aeabi_float_init+0xe8>)
1000266a:	f7fd fff5 	bl	10000658 <panic>
1000266e:	0099      	lsls	r1, r3, #2
10002670:	4817      	ldr	r0, [pc, #92]	; (100026d0 <__aeabi_float_init+0xec>)
10002672:	4a09      	ldr	r2, [pc, #36]	; (10002698 <__aeabi_float_init+0xb4>)
10002674:	5088      	str	r0, [r1, r2]
10002676:	3301      	adds	r3, #1
10002678:	2b1f      	cmp	r3, #31
1000267a:	d9f8      	bls.n	1000266e <__aeabi_float_init+0x8a>
1000267c:	4a14      	ldr	r2, [pc, #80]	; (100026d0 <__aeabi_float_init+0xec>)
1000267e:	4b06      	ldr	r3, [pc, #24]	; (10002698 <__aeabi_float_init+0xb4>)
10002680:	621a      	str	r2, [r3, #32]
10002682:	61da      	str	r2, [r3, #28]
10002684:	e7b7      	b.n	100025f6 <__aeabi_float_init+0x12>
10002686:	4b13      	ldr	r3, [pc, #76]	; (100026d4 <__aeabi_float_init+0xf0>)
10002688:	4a13      	ldr	r2, [pc, #76]	; (100026d8 <__aeabi_float_init+0xf4>)
1000268a:	2142      	movs	r1, #66	; 0x42
1000268c:	4813      	ldr	r0, [pc, #76]	; (100026dc <__aeabi_float_init+0xf8>)
1000268e:	f001 f90d 	bl	100038ac <__assert_func>
10002692:	46c0      	nop			; (mov r8, r8)
10002694:	00004653 	.word	0x00004653
10002698:	200005d4 	.word	0x200005d4
1000269c:	0000334c 	.word	0x0000334c
100026a0:	200005d0 	.word	0x200005d0
100026a4:	000029ee 	.word	0x000029ee
100026a8:	00000fc4 	.word	0x00000fc4
100026ac:	00000dc2 	.word	0x00000dc2
100026b0:	00002b96 	.word	0x00002b96
100026b4:	0000b5c0 	.word	0x0000b5c0
100026b8:	00002b18 	.word	0x00002b18
100026bc:	00002acc 	.word	0x00002acc
100026c0:	0000b510 	.word	0x0000b510
100026c4:	00002cfc 	.word	0x00002cfc
100026c8:	6487ed51 	.word	0x6487ed51
100026cc:	1000499c 	.word	0x1000499c
100026d0:	100026e1 	.word	0x100026e1
100026d4:	10004620 	.word	0x10004620
100026d8:	100046b0 	.word	0x100046b0
100026dc:	10004654 	.word	0x10004654

100026e0 <float_table_shim_on_use_helper>:
100026e0:	b507      	push	{r0, r1, r2, lr}
100026e2:	4660      	mov	r0, ip
100026e4:	2800      	cmp	r0, #0
100026e6:	d100      	bne.n	100026ea <float_table_shim_on_use_helper+0xa>
100026e8:	be00      	bkpt	0x0000
100026ea:	8801      	ldrh	r1, [r0, #0]
100026ec:	0a0a      	lsrs	r2, r1, #8
100026ee:	3002      	adds	r0, #2
100026f0:	2adf      	cmp	r2, #223	; 0xdf
100026f2:	d1fa      	bne.n	100026ea <float_table_shim_on_use_helper+0xa>
100026f4:	b2c9      	uxtb	r1, r1
100026f6:	0882      	lsrs	r2, r0, #2
100026f8:	d304      	bcc.n	10002704 <float_table_shim_on_use_helper+0x24>
100026fa:	8802      	ldrh	r2, [r0, #0]
100026fc:	8840      	ldrh	r0, [r0, #2]
100026fe:	0400      	lsls	r0, r0, #16
10002700:	4310      	orrs	r0, r2
10002702:	e000      	b.n	10002706 <float_table_shim_on_use_helper+0x26>
10002704:	6800      	ldr	r0, [r0, #0]
10002706:	4a02      	ldr	r2, [pc, #8]	; (10002710 <float_table_shim_on_use_helper+0x30>)
10002708:	5050      	str	r0, [r2, r1]
1000270a:	9003      	str	r0, [sp, #12]
1000270c:	bd07      	pop	{r0, r1, r2, pc}
1000270e:	0000      	.short	0x0000
10002710:	200005d4 	.word	0x200005d4

10002714 <__aeabi_mem_init>:
10002714:	4801      	ldr	r0, [pc, #4]	; (1000271c <__aeabi_mem_init+0x8>)
10002716:	2104      	movs	r1, #4
10002718:	4b01      	ldr	r3, [pc, #4]	; (10002720 <__aeabi_mem_init+0xc>)
1000271a:	4718      	bx	r3
1000271c:	200002b0 	.word	0x200002b0
10002720:	100018e9 	.word	0x100018e9

10002724 <__wrap___aeabi_memcpy>:
10002724:	4b01      	ldr	r3, [pc, #4]	; (1000272c <__wrap___aeabi_memcpy+0x8>)
10002726:	685b      	ldr	r3, [r3, #4]
10002728:	4718      	bx	r3
1000272a:	0000      	.short	0x0000
1000272c:	200002b0 	.word	0x200002b0

10002730 <_out_buffer>:
10002730:	429a      	cmp	r2, r3
10002732:	d200      	bcs.n	10002736 <_out_buffer+0x6>
10002734:	5488      	strb	r0, [r1, r2]
10002736:	4770      	bx	lr

10002738 <_out_null>:
10002738:	4770      	bx	lr

1000273a <_out_fct>:
1000273a:	b510      	push	{r4, lr}
1000273c:	2800      	cmp	r0, #0
1000273e:	d002      	beq.n	10002746 <_out_fct+0xc>
10002740:	680b      	ldr	r3, [r1, #0]
10002742:	6849      	ldr	r1, [r1, #4]
10002744:	4798      	blx	r3
10002746:	bd10      	pop	{r4, pc}

10002748 <_atoi>:
10002748:	0001      	movs	r1, r0
1000274a:	2000      	movs	r0, #0
1000274c:	e007      	b.n	1000275e <_atoi+0x16>
1000274e:	0083      	lsls	r3, r0, #2
10002750:	181b      	adds	r3, r3, r0
10002752:	005b      	lsls	r3, r3, #1
10002754:	1c50      	adds	r0, r2, #1
10002756:	6008      	str	r0, [r1, #0]
10002758:	7810      	ldrb	r0, [r2, #0]
1000275a:	18c0      	adds	r0, r0, r3
1000275c:	3830      	subs	r0, #48	; 0x30
1000275e:	680a      	ldr	r2, [r1, #0]
10002760:	7813      	ldrb	r3, [r2, #0]
10002762:	3b30      	subs	r3, #48	; 0x30
10002764:	b2db      	uxtb	r3, r3
10002766:	2b09      	cmp	r3, #9
10002768:	d9f1      	bls.n	1000274e <_atoi+0x6>
1000276a:	4770      	bx	lr

1000276c <_out_rev>:
1000276c:	b5f0      	push	{r4, r5, r6, r7, lr}
1000276e:	46de      	mov	lr, fp
10002770:	4657      	mov	r7, sl
10002772:	464e      	mov	r6, r9
10002774:	4645      	mov	r5, r8
10002776:	b5e0      	push	{r5, r6, r7, lr}
10002778:	b083      	sub	sp, #12
1000277a:	4693      	mov	fp, r2
1000277c:	001f      	movs	r7, r3
1000277e:	9b0c      	ldr	r3, [sp, #48]	; 0x30
10002780:	469a      	mov	sl, r3
10002782:	9c0d      	ldr	r4, [sp, #52]	; 0x34
10002784:	9b0e      	ldr	r3, [sp, #56]	; 0x38
10002786:	4699      	mov	r9, r3
10002788:	9b0f      	ldr	r3, [sp, #60]	; 0x3c
1000278a:	079b      	lsls	r3, r3, #30
1000278c:	d003      	beq.n	10002796 <_out_rev+0x2a>
1000278e:	46b8      	mov	r8, r7
10002790:	000f      	movs	r7, r1
10002792:	0006      	movs	r6, r0
10002794:	e022      	b.n	100027dc <_out_rev+0x70>
10002796:	9201      	str	r2, [sp, #4]
10002798:	46a3      	mov	fp, r4
1000279a:	4688      	mov	r8, r1
1000279c:	464e      	mov	r6, r9
1000279e:	46b9      	mov	r9, r7
100027a0:	0007      	movs	r7, r0
100027a2:	42b4      	cmp	r4, r6
100027a4:	d207      	bcs.n	100027b6 <_out_rev+0x4a>
100027a6:	1c55      	adds	r5, r2, #1
100027a8:	464b      	mov	r3, r9
100027aa:	4641      	mov	r1, r8
100027ac:	2020      	movs	r0, #32
100027ae:	47b8      	blx	r7
100027b0:	3401      	adds	r4, #1
100027b2:	002a      	movs	r2, r5
100027b4:	e7f5      	b.n	100027a2 <_out_rev+0x36>
100027b6:	003d      	movs	r5, r7
100027b8:	464f      	mov	r7, r9
100027ba:	465c      	mov	r4, fp
100027bc:	9b01      	ldr	r3, [sp, #4]
100027be:	469b      	mov	fp, r3
100027c0:	46b1      	mov	r9, r6
100027c2:	4646      	mov	r6, r8
100027c4:	46b8      	mov	r8, r7
100027c6:	0037      	movs	r7, r6
100027c8:	002e      	movs	r6, r5
100027ca:	e007      	b.n	100027dc <_out_rev+0x70>
100027cc:	3c01      	subs	r4, #1
100027ce:	1c55      	adds	r5, r2, #1
100027d0:	4653      	mov	r3, sl
100027d2:	5d18      	ldrb	r0, [r3, r4]
100027d4:	4643      	mov	r3, r8
100027d6:	0039      	movs	r1, r7
100027d8:	47b0      	blx	r6
100027da:	002a      	movs	r2, r5
100027dc:	2c00      	cmp	r4, #0
100027de:	d1f5      	bne.n	100027cc <_out_rev+0x60>
100027e0:	0035      	movs	r5, r6
100027e2:	003e      	movs	r6, r7
100027e4:	4647      	mov	r7, r8
100027e6:	9b0f      	ldr	r3, [sp, #60]	; 0x3c
100027e8:	079b      	lsls	r3, r3, #30
100027ea:	d407      	bmi.n	100027fc <_out_rev+0x90>
100027ec:	0010      	movs	r0, r2
100027ee:	b003      	add	sp, #12
100027f0:	bcf0      	pop	{r4, r5, r6, r7}
100027f2:	46bb      	mov	fp, r7
100027f4:	46b2      	mov	sl, r6
100027f6:	46a9      	mov	r9, r5
100027f8:	46a0      	mov	r8, r4
100027fa:	bdf0      	pop	{r4, r5, r6, r7, pc}
100027fc:	46b0      	mov	r8, r6
100027fe:	464e      	mov	r6, r9
10002800:	46b9      	mov	r9, r7
10002802:	002f      	movs	r7, r5
10002804:	465d      	mov	r5, fp
10002806:	1b53      	subs	r3, r2, r5
10002808:	42b3      	cmp	r3, r6
1000280a:	d2ef      	bcs.n	100027ec <_out_rev+0x80>
1000280c:	1c54      	adds	r4, r2, #1
1000280e:	464b      	mov	r3, r9
10002810:	4641      	mov	r1, r8
10002812:	2020      	movs	r0, #32
10002814:	47b8      	blx	r7
10002816:	0022      	movs	r2, r4
10002818:	e7f5      	b.n	10002806 <_out_rev+0x9a>

1000281a <_ntoa_format>:
1000281a:	b5f0      	push	{r4, r5, r6, r7, lr}
1000281c:	46ce      	mov	lr, r9
1000281e:	4647      	mov	r7, r8
10002820:	b580      	push	{r7, lr}
10002822:	b085      	sub	sp, #20
10002824:	4694      	mov	ip, r2
10002826:	4698      	mov	r8, r3
10002828:	9d0c      	ldr	r5, [sp, #48]	; 0x30
1000282a:	9c0d      	ldr	r4, [sp, #52]	; 0x34
1000282c:	ab0e      	add	r3, sp, #56	; 0x38
1000282e:	781b      	ldrb	r3, [r3, #0]
10002830:	4699      	mov	r9, r3
10002832:	9a10      	ldr	r2, [sp, #64]	; 0x40
10002834:	9b11      	ldr	r3, [sp, #68]	; 0x44
10002836:	9e12      	ldr	r6, [sp, #72]	; 0x48
10002838:	07b7      	lsls	r7, r6, #30
1000283a:	d41c      	bmi.n	10002876 <_ntoa_format+0x5c>
1000283c:	2b00      	cmp	r3, #0
1000283e:	d00c      	beq.n	1000285a <_ntoa_format+0x40>
10002840:	07f7      	lsls	r7, r6, #31
10002842:	d50a      	bpl.n	1000285a <_ntoa_format+0x40>
10002844:	464f      	mov	r7, r9
10002846:	2f00      	cmp	r7, #0
10002848:	d102      	bne.n	10002850 <_ntoa_format+0x36>
1000284a:	370c      	adds	r7, #12
1000284c:	4237      	tst	r7, r6
1000284e:	d004      	beq.n	1000285a <_ntoa_format+0x40>
10002850:	3b01      	subs	r3, #1
10002852:	e002      	b.n	1000285a <_ntoa_format+0x40>
10002854:	2730      	movs	r7, #48	; 0x30
10002856:	552f      	strb	r7, [r5, r4]
10002858:	3401      	adds	r4, #1
1000285a:	4294      	cmp	r4, r2
1000285c:	d201      	bcs.n	10002862 <_ntoa_format+0x48>
1000285e:	2c1f      	cmp	r4, #31
10002860:	d9f8      	bls.n	10002854 <_ntoa_format+0x3a>
10002862:	07f7      	lsls	r7, r6, #31
10002864:	d507      	bpl.n	10002876 <_ntoa_format+0x5c>
10002866:	429c      	cmp	r4, r3
10002868:	d205      	bcs.n	10002876 <_ntoa_format+0x5c>
1000286a:	2c1f      	cmp	r4, #31
1000286c:	d803      	bhi.n	10002876 <_ntoa_format+0x5c>
1000286e:	2730      	movs	r7, #48	; 0x30
10002870:	552f      	strb	r7, [r5, r4]
10002872:	3401      	adds	r4, #1
10002874:	e7f5      	b.n	10002862 <_ntoa_format+0x48>
10002876:	06f7      	lsls	r7, r6, #27
10002878:	d515      	bpl.n	100028a6 <_ntoa_format+0x8c>
1000287a:	0577      	lsls	r7, r6, #21
1000287c:	d405      	bmi.n	1000288a <_ntoa_format+0x70>
1000287e:	2c00      	cmp	r4, #0
10002880:	d003      	beq.n	1000288a <_ntoa_format+0x70>
10002882:	4294      	cmp	r4, r2
10002884:	d024      	beq.n	100028d0 <_ntoa_format+0xb6>
10002886:	429c      	cmp	r4, r3
10002888:	d022      	beq.n	100028d0 <_ntoa_format+0xb6>
1000288a:	9a0f      	ldr	r2, [sp, #60]	; 0x3c
1000288c:	2a10      	cmp	r2, #16
1000288e:	d02b      	beq.n	100028e8 <_ntoa_format+0xce>
10002890:	9a0f      	ldr	r2, [sp, #60]	; 0x3c
10002892:	2a10      	cmp	r2, #16
10002894:	d030      	beq.n	100028f8 <_ntoa_format+0xde>
10002896:	9a0f      	ldr	r2, [sp, #60]	; 0x3c
10002898:	2a02      	cmp	r2, #2
1000289a:	d035      	beq.n	10002908 <_ntoa_format+0xee>
1000289c:	2c1f      	cmp	r4, #31
1000289e:	d802      	bhi.n	100028a6 <_ntoa_format+0x8c>
100028a0:	2230      	movs	r2, #48	; 0x30
100028a2:	552a      	strb	r2, [r5, r4]
100028a4:	3401      	adds	r4, #1
100028a6:	2c1f      	cmp	r4, #31
100028a8:	d805      	bhi.n	100028b6 <_ntoa_format+0x9c>
100028aa:	464a      	mov	r2, r9
100028ac:	2a00      	cmp	r2, #0
100028ae:	d031      	beq.n	10002914 <_ntoa_format+0xfa>
100028b0:	222d      	movs	r2, #45	; 0x2d
100028b2:	552a      	strb	r2, [r5, r4]
100028b4:	3401      	adds	r4, #1
100028b6:	9603      	str	r6, [sp, #12]
100028b8:	9302      	str	r3, [sp, #8]
100028ba:	9401      	str	r4, [sp, #4]
100028bc:	9500      	str	r5, [sp, #0]
100028be:	4643      	mov	r3, r8
100028c0:	4662      	mov	r2, ip
100028c2:	f7ff ff53 	bl	1000276c <_out_rev>
100028c6:	b005      	add	sp, #20
100028c8:	bcc0      	pop	{r6, r7}
100028ca:	46b9      	mov	r9, r7
100028cc:	46b0      	mov	r8, r6
100028ce:	bdf0      	pop	{r4, r5, r6, r7, pc}
100028d0:	1e62      	subs	r2, r4, #1
100028d2:	2c01      	cmp	r4, #1
100028d4:	d006      	beq.n	100028e4 <_ntoa_format+0xca>
100028d6:	9f0f      	ldr	r7, [sp, #60]	; 0x3c
100028d8:	2f10      	cmp	r7, #16
100028da:	d001      	beq.n	100028e0 <_ntoa_format+0xc6>
100028dc:	0014      	movs	r4, r2
100028de:	e7d4      	b.n	1000288a <_ntoa_format+0x70>
100028e0:	3c02      	subs	r4, #2
100028e2:	e7d2      	b.n	1000288a <_ntoa_format+0x70>
100028e4:	0014      	movs	r4, r2
100028e6:	e7d0      	b.n	1000288a <_ntoa_format+0x70>
100028e8:	06b2      	lsls	r2, r6, #26
100028ea:	d4d1      	bmi.n	10002890 <_ntoa_format+0x76>
100028ec:	2c1f      	cmp	r4, #31
100028ee:	d8cf      	bhi.n	10002890 <_ntoa_format+0x76>
100028f0:	2278      	movs	r2, #120	; 0x78
100028f2:	552a      	strb	r2, [r5, r4]
100028f4:	3401      	adds	r4, #1
100028f6:	e7d1      	b.n	1000289c <_ntoa_format+0x82>
100028f8:	06b2      	lsls	r2, r6, #26
100028fa:	d5cc      	bpl.n	10002896 <_ntoa_format+0x7c>
100028fc:	2c1f      	cmp	r4, #31
100028fe:	d8ca      	bhi.n	10002896 <_ntoa_format+0x7c>
10002900:	2258      	movs	r2, #88	; 0x58
10002902:	552a      	strb	r2, [r5, r4]
10002904:	3401      	adds	r4, #1
10002906:	e7c9      	b.n	1000289c <_ntoa_format+0x82>
10002908:	2c1f      	cmp	r4, #31
1000290a:	d8c7      	bhi.n	1000289c <_ntoa_format+0x82>
1000290c:	3260      	adds	r2, #96	; 0x60
1000290e:	552a      	strb	r2, [r5, r4]
10002910:	3401      	adds	r4, #1
10002912:	e7c3      	b.n	1000289c <_ntoa_format+0x82>
10002914:	0772      	lsls	r2, r6, #29
10002916:	d503      	bpl.n	10002920 <_ntoa_format+0x106>
10002918:	222b      	movs	r2, #43	; 0x2b
1000291a:	552a      	strb	r2, [r5, r4]
1000291c:	3401      	adds	r4, #1
1000291e:	e7ca      	b.n	100028b6 <_ntoa_format+0x9c>
10002920:	0732      	lsls	r2, r6, #28
10002922:	d5c8      	bpl.n	100028b6 <_ntoa_format+0x9c>
10002924:	2220      	movs	r2, #32
10002926:	552a      	strb	r2, [r5, r4]
10002928:	3401      	adds	r4, #1
1000292a:	e7c4      	b.n	100028b6 <_ntoa_format+0x9c>

1000292c <_ntoa_long>:
1000292c:	b5f0      	push	{r4, r5, r6, r7, lr}
1000292e:	46de      	mov	lr, fp
10002930:	4657      	mov	r7, sl
10002932:	464e      	mov	r6, r9
10002934:	4645      	mov	r5, r8
10002936:	b5e0      	push	{r5, r6, r7, lr}
10002938:	b093      	sub	sp, #76	; 0x4c
1000293a:	4681      	mov	r9, r0
1000293c:	468a      	mov	sl, r1
1000293e:	9208      	str	r2, [sp, #32]
10002940:	9309      	str	r3, [sp, #36]	; 0x24
10002942:	ab1c      	add	r3, sp, #112	; 0x70
10002944:	cb10      	ldmia	r3!, {r4}
10002946:	781b      	ldrb	r3, [r3, #0]
10002948:	469b      	mov	fp, r3
1000294a:	9d1e      	ldr	r5, [sp, #120]	; 0x78
1000294c:	9b21      	ldr	r3, [sp, #132]	; 0x84
1000294e:	4698      	mov	r8, r3
10002950:	2c00      	cmp	r4, #0
10002952:	d103      	bne.n	1000295c <_ntoa_long+0x30>
10002954:	2310      	movs	r3, #16
10002956:	4642      	mov	r2, r8
10002958:	439a      	bics	r2, r3
1000295a:	4690      	mov	r8, r2
1000295c:	2380      	movs	r3, #128	; 0x80
1000295e:	00db      	lsls	r3, r3, #3
10002960:	4646      	mov	r6, r8
10002962:	401e      	ands	r6, r3
10002964:	4642      	mov	r2, r8
10002966:	421a      	tst	r2, r3
10002968:	d012      	beq.n	10002990 <_ntoa_long+0x64>
1000296a:	2c00      	cmp	r4, #0
1000296c:	d022      	beq.n	100029b4 <_ntoa_long+0x88>
1000296e:	2600      	movs	r6, #0
10002970:	e00e      	b.n	10002990 <_ntoa_long+0x64>
10002972:	3330      	adds	r3, #48	; 0x30
10002974:	b2d9      	uxtb	r1, r3
10002976:	1c77      	adds	r7, r6, #1
10002978:	ab0a      	add	r3, sp, #40	; 0x28
1000297a:	5599      	strb	r1, [r3, r6]
1000297c:	0029      	movs	r1, r5
1000297e:	0020      	movs	r0, r4
10002980:	f7fe fff6 	bl	10001970 <__wrap___aeabi_uidiv>
10002984:	42ac      	cmp	r4, r5
10002986:	d316      	bcc.n	100029b6 <_ntoa_long+0x8a>
10002988:	2f1f      	cmp	r7, #31
1000298a:	d814      	bhi.n	100029b6 <_ntoa_long+0x8a>
1000298c:	003e      	movs	r6, r7
1000298e:	0004      	movs	r4, r0
10002990:	0029      	movs	r1, r5
10002992:	0020      	movs	r0, r4
10002994:	f7fe ffec 	bl	10001970 <__wrap___aeabi_uidiv>
10002998:	b2cb      	uxtb	r3, r1
1000299a:	2b09      	cmp	r3, #9
1000299c:	d9e9      	bls.n	10002972 <_ntoa_long+0x46>
1000299e:	4642      	mov	r2, r8
100029a0:	0692      	lsls	r2, r2, #26
100029a2:	d505      	bpl.n	100029b0 <_ntoa_long+0x84>
100029a4:	2141      	movs	r1, #65	; 0x41
100029a6:	18c9      	adds	r1, r1, r3
100029a8:	b2c9      	uxtb	r1, r1
100029aa:	390a      	subs	r1, #10
100029ac:	b2c9      	uxtb	r1, r1
100029ae:	e7e2      	b.n	10002976 <_ntoa_long+0x4a>
100029b0:	2161      	movs	r1, #97	; 0x61
100029b2:	e7f8      	b.n	100029a6 <_ntoa_long+0x7a>
100029b4:	0027      	movs	r7, r4
100029b6:	4643      	mov	r3, r8
100029b8:	9306      	str	r3, [sp, #24]
100029ba:	9b20      	ldr	r3, [sp, #128]	; 0x80
100029bc:	9305      	str	r3, [sp, #20]
100029be:	9b1f      	ldr	r3, [sp, #124]	; 0x7c
100029c0:	9304      	str	r3, [sp, #16]
100029c2:	9503      	str	r5, [sp, #12]
100029c4:	465b      	mov	r3, fp
100029c6:	9302      	str	r3, [sp, #8]
100029c8:	9701      	str	r7, [sp, #4]
100029ca:	ab0a      	add	r3, sp, #40	; 0x28
100029cc:	9300      	str	r3, [sp, #0]
100029ce:	9b09      	ldr	r3, [sp, #36]	; 0x24
100029d0:	9a08      	ldr	r2, [sp, #32]
100029d2:	4651      	mov	r1, sl
100029d4:	4648      	mov	r0, r9
100029d6:	f7ff ff20 	bl	1000281a <_ntoa_format>
100029da:	b013      	add	sp, #76	; 0x4c
100029dc:	bcf0      	pop	{r4, r5, r6, r7}
100029de:	46bb      	mov	fp, r7
100029e0:	46b2      	mov	sl, r6
100029e2:	46a9      	mov	r9, r5
100029e4:	46a0      	mov	r8, r4
100029e6:	bdf0      	pop	{r4, r5, r6, r7, pc}

100029e8 <_ntoa_long_long>:
100029e8:	b5f0      	push	{r4, r5, r6, r7, lr}
100029ea:	46de      	mov	lr, fp
100029ec:	4657      	mov	r7, sl
100029ee:	464e      	mov	r6, r9
100029f0:	4645      	mov	r5, r8
100029f2:	b5e0      	push	{r5, r6, r7, lr}
100029f4:	b095      	sub	sp, #84	; 0x54
100029f6:	9008      	str	r0, [sp, #32]
100029f8:	9109      	str	r1, [sp, #36]	; 0x24
100029fa:	920a      	str	r2, [sp, #40]	; 0x28
100029fc:	930b      	str	r3, [sp, #44]	; 0x2c
100029fe:	9e1e      	ldr	r6, [sp, #120]	; 0x78
10002a00:	9c1f      	ldr	r4, [sp, #124]	; 0x7c
10002a02:	ab20      	add	r3, sp, #128	; 0x80
10002a04:	781b      	ldrb	r3, [r3, #0]
10002a06:	469b      	mov	fp, r3
10002a08:	9b22      	ldr	r3, [sp, #136]	; 0x88
10002a0a:	4699      	mov	r9, r3
10002a0c:	9d23      	ldr	r5, [sp, #140]	; 0x8c
10002a0e:	9b26      	ldr	r3, [sp, #152]	; 0x98
10002a10:	469a      	mov	sl, r3
10002a12:	0033      	movs	r3, r6
10002a14:	4323      	orrs	r3, r4
10002a16:	d103      	bne.n	10002a20 <_ntoa_long_long+0x38>
10002a18:	3310      	adds	r3, #16
10002a1a:	4652      	mov	r2, sl
10002a1c:	439a      	bics	r2, r3
10002a1e:	4692      	mov	sl, r2
10002a20:	2380      	movs	r3, #128	; 0x80
10002a22:	00db      	lsls	r3, r3, #3
10002a24:	4657      	mov	r7, sl
10002a26:	401f      	ands	r7, r3
10002a28:	4652      	mov	r2, sl
10002a2a:	421a      	tst	r2, r3
10002a2c:	d019      	beq.n	10002a62 <_ntoa_long_long+0x7a>
10002a2e:	0033      	movs	r3, r6
10002a30:	4323      	orrs	r3, r4
10002a32:	d02d      	beq.n	10002a90 <_ntoa_long_long+0xa8>
10002a34:	2700      	movs	r7, #0
10002a36:	e014      	b.n	10002a62 <_ntoa_long_long+0x7a>
10002a38:	3330      	adds	r3, #48	; 0x30
10002a3a:	b2da      	uxtb	r2, r3
10002a3c:	1c7b      	adds	r3, r7, #1
10002a3e:	4698      	mov	r8, r3
10002a40:	ab0c      	add	r3, sp, #48	; 0x30
10002a42:	55da      	strb	r2, [r3, r7]
10002a44:	464a      	mov	r2, r9
10002a46:	002b      	movs	r3, r5
10002a48:	0030      	movs	r0, r6
10002a4a:	0021      	movs	r1, r4
10002a4c:	f7fe ffce 	bl	100019ec <__wrap___aeabi_uldivmod>
10002a50:	42a5      	cmp	r5, r4
10002a52:	d81f      	bhi.n	10002a94 <_ntoa_long_long+0xac>
10002a54:	d019      	beq.n	10002a8a <_ntoa_long_long+0xa2>
10002a56:	4643      	mov	r3, r8
10002a58:	2b1f      	cmp	r3, #31
10002a5a:	d81b      	bhi.n	10002a94 <_ntoa_long_long+0xac>
10002a5c:	4647      	mov	r7, r8
10002a5e:	0006      	movs	r6, r0
10002a60:	000c      	movs	r4, r1
10002a62:	464a      	mov	r2, r9
10002a64:	002b      	movs	r3, r5
10002a66:	0030      	movs	r0, r6
10002a68:	0021      	movs	r1, r4
10002a6a:	f7fe ffbf 	bl	100019ec <__wrap___aeabi_uldivmod>
10002a6e:	b2d3      	uxtb	r3, r2
10002a70:	2b09      	cmp	r3, #9
10002a72:	d9e1      	bls.n	10002a38 <_ntoa_long_long+0x50>
10002a74:	4652      	mov	r2, sl
10002a76:	0692      	lsls	r2, r2, #26
10002a78:	d505      	bpl.n	10002a86 <_ntoa_long_long+0x9e>
10002a7a:	2241      	movs	r2, #65	; 0x41
10002a7c:	18d2      	adds	r2, r2, r3
10002a7e:	b2d2      	uxtb	r2, r2
10002a80:	3a0a      	subs	r2, #10
10002a82:	b2d2      	uxtb	r2, r2
10002a84:	e7da      	b.n	10002a3c <_ntoa_long_long+0x54>
10002a86:	2261      	movs	r2, #97	; 0x61
10002a88:	e7f8      	b.n	10002a7c <_ntoa_long_long+0x94>
10002a8a:	45b1      	cmp	r9, r6
10002a8c:	d9e3      	bls.n	10002a56 <_ntoa_long_long+0x6e>
10002a8e:	e001      	b.n	10002a94 <_ntoa_long_long+0xac>
10002a90:	2300      	movs	r3, #0
10002a92:	4698      	mov	r8, r3
10002a94:	4653      	mov	r3, sl
10002a96:	9306      	str	r3, [sp, #24]
10002a98:	9b25      	ldr	r3, [sp, #148]	; 0x94
10002a9a:	9305      	str	r3, [sp, #20]
10002a9c:	9b24      	ldr	r3, [sp, #144]	; 0x90
10002a9e:	9304      	str	r3, [sp, #16]
10002aa0:	464b      	mov	r3, r9
10002aa2:	9303      	str	r3, [sp, #12]
10002aa4:	465b      	mov	r3, fp
10002aa6:	9302      	str	r3, [sp, #8]
10002aa8:	4643      	mov	r3, r8
10002aaa:	9301      	str	r3, [sp, #4]
10002aac:	ab0c      	add	r3, sp, #48	; 0x30
10002aae:	9300      	str	r3, [sp, #0]
10002ab0:	9b0b      	ldr	r3, [sp, #44]	; 0x2c
10002ab2:	9a0a      	ldr	r2, [sp, #40]	; 0x28
10002ab4:	9909      	ldr	r1, [sp, #36]	; 0x24
10002ab6:	9808      	ldr	r0, [sp, #32]
10002ab8:	f7ff feaf 	bl	1000281a <_ntoa_format>
10002abc:	b015      	add	sp, #84	; 0x54
10002abe:	bcf0      	pop	{r4, r5, r6, r7}
10002ac0:	46bb      	mov	fp, r7
10002ac2:	46b2      	mov	sl, r6
10002ac4:	46a9      	mov	r9, r5
10002ac6:	46a0      	mov	r8, r4
10002ac8:	bdf0      	pop	{r4, r5, r6, r7, pc}
	...

10002acc <_etoa>:
10002acc:	b5f0      	push	{r4, r5, r6, r7, lr}
10002ace:	46de      	mov	lr, fp
10002ad0:	4657      	mov	r7, sl
10002ad2:	464e      	mov	r6, r9
10002ad4:	4645      	mov	r5, r8
10002ad6:	b5e0      	push	{r5, r6, r7, lr}
10002ad8:	b091      	sub	sp, #68	; 0x44
10002ada:	4683      	mov	fp, r0
10002adc:	468a      	mov	sl, r1
10002ade:	920c      	str	r2, [sp, #48]	; 0x30
10002ae0:	4698      	mov	r8, r3
10002ae2:	9c1a      	ldr	r4, [sp, #104]	; 0x68
10002ae4:	9408      	str	r4, [sp, #32]
10002ae6:	9d1b      	ldr	r5, [sp, #108]	; 0x6c
10002ae8:	9509      	str	r5, [sp, #36]	; 0x24
10002aea:	0022      	movs	r2, r4
10002aec:	002b      	movs	r3, r5
10002aee:	0020      	movs	r0, r4
10002af0:	0029      	movs	r1, r5
10002af2:	f7ff fa06 	bl	10001f02 <__wrap___aeabi_dcmpun>
10002af6:	2800      	cmp	r0, #0
10002af8:	d000      	beq.n	10002afc <_etoa+0x30>
10002afa:	e0e5      	b.n	10002cc8 <_etoa+0x1fc>
10002afc:	2201      	movs	r2, #1
10002afe:	4252      	negs	r2, r2
10002b00:	4bd7      	ldr	r3, [pc, #860]	; (10002e60 <_etoa+0x394>)
10002b02:	0020      	movs	r0, r4
10002b04:	0029      	movs	r1, r5
10002b06:	f7ff f9f7 	bl	10001ef8 <__wrap___aeabi_dcmpgt>
10002b0a:	2800      	cmp	r0, #0
10002b0c:	d000      	beq.n	10002b10 <_etoa+0x44>
10002b0e:	e0db      	b.n	10002cc8 <_etoa+0x1fc>
10002b10:	2201      	movs	r2, #1
10002b12:	4252      	negs	r2, r2
10002b14:	4bd3      	ldr	r3, [pc, #844]	; (10002e64 <_etoa+0x398>)
10002b16:	0020      	movs	r0, r4
10002b18:	0029      	movs	r1, r5
10002b1a:	f7ff f9d7 	bl	10001ecc <__wrap___aeabi_dcmplt>
10002b1e:	2800      	cmp	r0, #0
10002b20:	d000      	beq.n	10002b24 <_etoa+0x58>
10002b22:	e0d1      	b.n	10002cc8 <_etoa+0x1fc>
10002b24:	2200      	movs	r2, #0
10002b26:	2300      	movs	r3, #0
10002b28:	9e08      	ldr	r6, [sp, #32]
10002b2a:	0030      	movs	r0, r6
10002b2c:	9d09      	ldr	r5, [sp, #36]	; 0x24
10002b2e:	0029      	movs	r1, r5
10002b30:	f7ff f9cc 	bl	10001ecc <__wrap___aeabi_dcmplt>
10002b34:	2800      	cmp	r0, #0
10002b36:	d000      	beq.n	10002b3a <_etoa+0x6e>
10002b38:	e0dd      	b.n	10002cf6 <_etoa+0x22a>
10002b3a:	9808      	ldr	r0, [sp, #32]
10002b3c:	9909      	ldr	r1, [sp, #36]	; 0x24
10002b3e:	9006      	str	r0, [sp, #24]
10002b40:	9107      	str	r1, [sp, #28]
10002b42:	2380      	movs	r3, #128	; 0x80
10002b44:	00db      	lsls	r3, r3, #3
10002b46:	9a1e      	ldr	r2, [sp, #120]	; 0x78
10002b48:	401a      	ands	r2, r3
10002b4a:	920d      	str	r2, [sp, #52]	; 0x34
10002b4c:	9a1e      	ldr	r2, [sp, #120]	; 0x78
10002b4e:	421a      	tst	r2, r3
10002b50:	d101      	bne.n	10002b56 <_etoa+0x8a>
10002b52:	2306      	movs	r3, #6
10002b54:	931c      	str	r3, [sp, #112]	; 0x70
10002b56:	9806      	ldr	r0, [sp, #24]
10002b58:	9907      	ldr	r1, [sp, #28]
10002b5a:	0004      	movs	r4, r0
10002b5c:	000d      	movs	r5, r1
10002b5e:	000a      	movs	r2, r1
10002b60:	0006      	movs	r6, r0
10002b62:	4302      	orrs	r2, r0
10002b64:	d100      	bne.n	10002b68 <_etoa+0x9c>
10002b66:	e0d1      	b.n	10002d0c <_etoa+0x240>
10002b68:	0d08      	lsrs	r0, r1, #20
10002b6a:	0540      	lsls	r0, r0, #21
10002b6c:	0d40      	lsrs	r0, r0, #21
10002b6e:	4cbe      	ldr	r4, [pc, #760]	; (10002e68 <_etoa+0x39c>)
10002b70:	46a4      	mov	ip, r4
10002b72:	4460      	add	r0, ip
10002b74:	030a      	lsls	r2, r1, #12
10002b76:	0b12      	lsrs	r2, r2, #12
10002b78:	4bbc      	ldr	r3, [pc, #752]	; (10002e6c <_etoa+0x3a0>)
10002b7a:	4313      	orrs	r3, r2
10002b7c:	001f      	movs	r7, r3
10002b7e:	f7ff f9d1 	bl	10001f24 <__wrap___aeabi_i2d>
10002b82:	4abb      	ldr	r2, [pc, #748]	; (10002e70 <_etoa+0x3a4>)
10002b84:	4bbb      	ldr	r3, [pc, #748]	; (10002e74 <_etoa+0x3a8>)
10002b86:	f7ff f95e 	bl	10001e46 <__wrap___aeabi_dmul>
10002b8a:	4abb      	ldr	r2, [pc, #748]	; (10002e78 <_etoa+0x3ac>)
10002b8c:	4bbb      	ldr	r3, [pc, #748]	; (10002e7c <_etoa+0x3b0>)
10002b8e:	f7ff f933 	bl	10001df8 <__wrap___aeabi_dadd>
10002b92:	0004      	movs	r4, r0
10002b94:	000d      	movs	r5, r1
10002b96:	2200      	movs	r2, #0
10002b98:	4bb9      	ldr	r3, [pc, #740]	; (10002e80 <_etoa+0x3b4>)
10002b9a:	0030      	movs	r0, r6
10002b9c:	0039      	movs	r1, r7
10002b9e:	f7ff f922 	bl	10001de6 <__wrap___aeabi_dsub>
10002ba2:	4ab8      	ldr	r2, [pc, #736]	; (10002e84 <_etoa+0x3b8>)
10002ba4:	4bb8      	ldr	r3, [pc, #736]	; (10002e88 <_etoa+0x3bc>)
10002ba6:	f7ff f94e 	bl	10001e46 <__wrap___aeabi_dmul>
10002baa:	0002      	movs	r2, r0
10002bac:	000b      	movs	r3, r1
10002bae:	0020      	movs	r0, r4
10002bb0:	0029      	movs	r1, r5
10002bb2:	f7ff f921 	bl	10001df8 <__wrap___aeabi_dadd>
10002bb6:	f7ff f9cd 	bl	10001f54 <__wrap___aeabi_d2iz>
10002bba:	4681      	mov	r9, r0
10002bbc:	f7ff f9b2 	bl	10001f24 <__wrap___aeabi_i2d>
10002bc0:	0004      	movs	r4, r0
10002bc2:	000d      	movs	r5, r1
10002bc4:	4ab1      	ldr	r2, [pc, #708]	; (10002e8c <_etoa+0x3c0>)
10002bc6:	4bb2      	ldr	r3, [pc, #712]	; (10002e90 <_etoa+0x3c4>)
10002bc8:	f7ff f93d 	bl	10001e46 <__wrap___aeabi_dmul>
10002bcc:	2200      	movs	r2, #0
10002bce:	4bb1      	ldr	r3, [pc, #708]	; (10002e94 <_etoa+0x3c8>)
10002bd0:	f7ff f912 	bl	10001df8 <__wrap___aeabi_dadd>
10002bd4:	f7ff f9be 	bl	10001f54 <__wrap___aeabi_d2iz>
10002bd8:	0006      	movs	r6, r0
10002bda:	4aaf      	ldr	r2, [pc, #700]	; (10002e98 <_etoa+0x3cc>)
10002bdc:	4baf      	ldr	r3, [pc, #700]	; (10002e9c <_etoa+0x3d0>)
10002bde:	0020      	movs	r0, r4
10002be0:	0029      	movs	r1, r5
10002be2:	f7ff f930 	bl	10001e46 <__wrap___aeabi_dmul>
10002be6:	0004      	movs	r4, r0
10002be8:	000d      	movs	r5, r1
10002bea:	0030      	movs	r0, r6
10002bec:	f7ff f99a 	bl	10001f24 <__wrap___aeabi_i2d>
10002bf0:	4aab      	ldr	r2, [pc, #684]	; (10002ea0 <_etoa+0x3d4>)
10002bf2:	4bac      	ldr	r3, [pc, #688]	; (10002ea4 <_etoa+0x3d8>)
10002bf4:	f7ff f927 	bl	10001e46 <__wrap___aeabi_dmul>
10002bf8:	0002      	movs	r2, r0
10002bfa:	000b      	movs	r3, r1
10002bfc:	0020      	movs	r0, r4
10002bfe:	0029      	movs	r1, r5
10002c00:	f7ff f8f1 	bl	10001de6 <__wrap___aeabi_dsub>
10002c04:	0004      	movs	r4, r0
10002c06:	000d      	movs	r5, r1
10002c08:	0002      	movs	r2, r0
10002c0a:	000b      	movs	r3, r1
10002c0c:	f7ff f91b 	bl	10001e46 <__wrap___aeabi_dmul>
10002c10:	900a      	str	r0, [sp, #40]	; 0x28
10002c12:	910b      	str	r1, [sp, #44]	; 0x2c
10002c14:	4ba4      	ldr	r3, [pc, #656]	; (10002ea8 <_etoa+0x3dc>)
10002c16:	18f3      	adds	r3, r6, r3
10002c18:	2600      	movs	r6, #0
10002c1a:	051f      	lsls	r7, r3, #20
10002c1c:	0022      	movs	r2, r4
10002c1e:	002b      	movs	r3, r5
10002c20:	0020      	movs	r0, r4
10002c22:	0029      	movs	r1, r5
10002c24:	f7ff f8e8 	bl	10001df8 <__wrap___aeabi_dadd>
10002c28:	900e      	str	r0, [sp, #56]	; 0x38
10002c2a:	910f      	str	r1, [sp, #60]	; 0x3c
10002c2c:	0022      	movs	r2, r4
10002c2e:	002b      	movs	r3, r5
10002c30:	2000      	movs	r0, #0
10002c32:	2180      	movs	r1, #128	; 0x80
10002c34:	05c9      	lsls	r1, r1, #23
10002c36:	f7ff f8d6 	bl	10001de6 <__wrap___aeabi_dsub>
10002c3a:	0004      	movs	r4, r0
10002c3c:	000d      	movs	r5, r1
10002c3e:	2200      	movs	r2, #0
10002c40:	4b9a      	ldr	r3, [pc, #616]	; (10002eac <_etoa+0x3e0>)
10002c42:	980a      	ldr	r0, [sp, #40]	; 0x28
10002c44:	990b      	ldr	r1, [sp, #44]	; 0x2c
10002c46:	f7ff f8e0 	bl	10001e0a <__wrap___aeabi_ddiv>
10002c4a:	2200      	movs	r2, #0
10002c4c:	4b98      	ldr	r3, [pc, #608]	; (10002eb0 <_etoa+0x3e4>)
10002c4e:	f7ff f8d3 	bl	10001df8 <__wrap___aeabi_dadd>
10002c52:	0002      	movs	r2, r0
10002c54:	000b      	movs	r3, r1
10002c56:	980a      	ldr	r0, [sp, #40]	; 0x28
10002c58:	990b      	ldr	r1, [sp, #44]	; 0x2c
10002c5a:	f7ff f8d6 	bl	10001e0a <__wrap___aeabi_ddiv>
10002c5e:	2200      	movs	r2, #0
10002c60:	4b94      	ldr	r3, [pc, #592]	; (10002eb4 <_etoa+0x3e8>)
10002c62:	f7ff f8c9 	bl	10001df8 <__wrap___aeabi_dadd>
10002c66:	0002      	movs	r2, r0
10002c68:	000b      	movs	r3, r1
10002c6a:	980a      	ldr	r0, [sp, #40]	; 0x28
10002c6c:	990b      	ldr	r1, [sp, #44]	; 0x2c
10002c6e:	f7ff f8cc 	bl	10001e0a <__wrap___aeabi_ddiv>
10002c72:	0002      	movs	r2, r0
10002c74:	000b      	movs	r3, r1
10002c76:	0020      	movs	r0, r4
10002c78:	0029      	movs	r1, r5
10002c7a:	f7ff f8bd 	bl	10001df8 <__wrap___aeabi_dadd>
10002c7e:	0002      	movs	r2, r0
10002c80:	000b      	movs	r3, r1
10002c82:	980e      	ldr	r0, [sp, #56]	; 0x38
10002c84:	990f      	ldr	r1, [sp, #60]	; 0x3c
10002c86:	f7ff f8c0 	bl	10001e0a <__wrap___aeabi_ddiv>
10002c8a:	2200      	movs	r2, #0
10002c8c:	4b77      	ldr	r3, [pc, #476]	; (10002e6c <_etoa+0x3a0>)
10002c8e:	f7ff f8b3 	bl	10001df8 <__wrap___aeabi_dadd>
10002c92:	0032      	movs	r2, r6
10002c94:	003b      	movs	r3, r7
10002c96:	f7ff f8d6 	bl	10001e46 <__wrap___aeabi_dmul>
10002c9a:	0006      	movs	r6, r0
10002c9c:	000f      	movs	r7, r1
10002c9e:	0004      	movs	r4, r0
10002ca0:	000d      	movs	r5, r1
10002ca2:	9a06      	ldr	r2, [sp, #24]
10002ca4:	9b07      	ldr	r3, [sp, #28]
10002ca6:	f7ff f927 	bl	10001ef8 <__wrap___aeabi_dcmpgt>
10002caa:	2800      	cmp	r0, #0
10002cac:	d030      	beq.n	10002d10 <_etoa+0x244>
10002cae:	2301      	movs	r3, #1
10002cb0:	425b      	negs	r3, r3
10002cb2:	469c      	mov	ip, r3
10002cb4:	44e1      	add	r9, ip
10002cb6:	2200      	movs	r2, #0
10002cb8:	4b7d      	ldr	r3, [pc, #500]	; (10002eb0 <_etoa+0x3e4>)
10002cba:	0030      	movs	r0, r6
10002cbc:	0039      	movs	r1, r7
10002cbe:	f7ff f8a4 	bl	10001e0a <__wrap___aeabi_ddiv>
10002cc2:	0004      	movs	r4, r0
10002cc4:	000d      	movs	r5, r1
10002cc6:	e023      	b.n	10002d10 <_etoa+0x244>
10002cc8:	9b1e      	ldr	r3, [sp, #120]	; 0x78
10002cca:	9304      	str	r3, [sp, #16]
10002ccc:	9b1d      	ldr	r3, [sp, #116]	; 0x74
10002cce:	9303      	str	r3, [sp, #12]
10002cd0:	9b1c      	ldr	r3, [sp, #112]	; 0x70
10002cd2:	9302      	str	r3, [sp, #8]
10002cd4:	9a08      	ldr	r2, [sp, #32]
10002cd6:	9b09      	ldr	r3, [sp, #36]	; 0x24
10002cd8:	9200      	str	r2, [sp, #0]
10002cda:	9301      	str	r3, [sp, #4]
10002cdc:	4643      	mov	r3, r8
10002cde:	9a0c      	ldr	r2, [sp, #48]	; 0x30
10002ce0:	4651      	mov	r1, sl
10002ce2:	4658      	mov	r0, fp
10002ce4:	f000 f8fc 	bl	10002ee0 <_ftoa>
10002ce8:	b011      	add	sp, #68	; 0x44
10002cea:	bcf0      	pop	{r4, r5, r6, r7}
10002cec:	46bb      	mov	fp, r7
10002cee:	46b2      	mov	sl, r6
10002cf0:	46a9      	mov	r9, r5
10002cf2:	46a0      	mov	r8, r4
10002cf4:	bdf0      	pop	{r4, r5, r6, r7, pc}
10002cf6:	2300      	movs	r3, #0
10002cf8:	2400      	movs	r4, #0
10002cfa:	9306      	str	r3, [sp, #24]
10002cfc:	9407      	str	r4, [sp, #28]
10002cfe:	9606      	str	r6, [sp, #24]
10002d00:	2380      	movs	r3, #128	; 0x80
10002d02:	061b      	lsls	r3, r3, #24
10002d04:	469c      	mov	ip, r3
10002d06:	4465      	add	r5, ip
10002d08:	9507      	str	r5, [sp, #28]
10002d0a:	e71a      	b.n	10002b42 <_etoa+0x76>
10002d0c:	2300      	movs	r3, #0
10002d0e:	4699      	mov	r9, r3
10002d10:	464b      	mov	r3, r9
10002d12:	3363      	adds	r3, #99	; 0x63
10002d14:	2bc6      	cmp	r3, #198	; 0xc6
10002d16:	d81e      	bhi.n	10002d56 <_etoa+0x28a>
10002d18:	2604      	movs	r6, #4
10002d1a:	9b1e      	ldr	r3, [sp, #120]	; 0x78
10002d1c:	051b      	lsls	r3, r3, #20
10002d1e:	d526      	bpl.n	10002d6e <_etoa+0x2a2>
10002d20:	002b      	movs	r3, r5
10002d22:	4323      	orrs	r3, r4
10002d24:	d00f      	beq.n	10002d46 <_etoa+0x27a>
10002d26:	4a64      	ldr	r2, [pc, #400]	; (10002eb8 <_etoa+0x3ec>)
10002d28:	4b64      	ldr	r3, [pc, #400]	; (10002ebc <_etoa+0x3f0>)
10002d2a:	9806      	ldr	r0, [sp, #24]
10002d2c:	9907      	ldr	r1, [sp, #28]
10002d2e:	f7ff f8db 	bl	10001ee8 <__wrap___aeabi_dcmpge>
10002d32:	2800      	cmp	r0, #0
10002d34:	d079      	beq.n	10002e2a <_etoa+0x35e>
10002d36:	2200      	movs	r2, #0
10002d38:	4b61      	ldr	r3, [pc, #388]	; (10002ec0 <_etoa+0x3f4>)
10002d3a:	9806      	ldr	r0, [sp, #24]
10002d3c:	9907      	ldr	r1, [sp, #28]
10002d3e:	f7ff f8c5 	bl	10001ecc <__wrap___aeabi_dcmplt>
10002d42:	2800      	cmp	r0, #0
10002d44:	d071      	beq.n	10002e2a <_etoa+0x35e>
10002d46:	9b1c      	ldr	r3, [sp, #112]	; 0x70
10002d48:	454b      	cmp	r3, r9
10002d4a:	dd06      	ble.n	10002d5a <_etoa+0x28e>
10002d4c:	464a      	mov	r2, r9
10002d4e:	1a98      	subs	r0, r3, r2
10002d50:	1e43      	subs	r3, r0, #1
10002d52:	931c      	str	r3, [sp, #112]	; 0x70
10002d54:	e003      	b.n	10002d5e <_etoa+0x292>
10002d56:	2605      	movs	r6, #5
10002d58:	e7df      	b.n	10002d1a <_etoa+0x24e>
10002d5a:	2300      	movs	r3, #0
10002d5c:	931c      	str	r3, [sp, #112]	; 0x70
10002d5e:	2380      	movs	r3, #128	; 0x80
10002d60:	00db      	lsls	r3, r3, #3
10002d62:	9a1e      	ldr	r2, [sp, #120]	; 0x78
10002d64:	431a      	orrs	r2, r3
10002d66:	921e      	str	r2, [sp, #120]	; 0x78
10002d68:	2600      	movs	r6, #0
10002d6a:	2300      	movs	r3, #0
10002d6c:	4699      	mov	r9, r3
10002d6e:	9b1d      	ldr	r3, [sp, #116]	; 0x74
10002d70:	429e      	cmp	r6, r3
10002d72:	d264      	bcs.n	10002e3e <_etoa+0x372>
10002d74:	1b9f      	subs	r7, r3, r6
10002d76:	2302      	movs	r3, #2
10002d78:	9a1e      	ldr	r2, [sp, #120]	; 0x78
10002d7a:	401a      	ands	r2, r3
10002d7c:	920a      	str	r2, [sp, #40]	; 0x28
10002d7e:	9a1e      	ldr	r2, [sp, #120]	; 0x78
10002d80:	4213      	tst	r3, r2
10002d82:	d002      	beq.n	10002d8a <_etoa+0x2be>
10002d84:	2e00      	cmp	r6, #0
10002d86:	d000      	beq.n	10002d8a <_etoa+0x2be>
10002d88:	2700      	movs	r7, #0
10002d8a:	464b      	mov	r3, r9
10002d8c:	2b00      	cmp	r3, #0
10002d8e:	d007      	beq.n	10002da0 <_etoa+0x2d4>
10002d90:	0022      	movs	r2, r4
10002d92:	002b      	movs	r3, r5
10002d94:	9806      	ldr	r0, [sp, #24]
10002d96:	9907      	ldr	r1, [sp, #28]
10002d98:	f7ff f837 	bl	10001e0a <__wrap___aeabi_ddiv>
10002d9c:	9006      	str	r0, [sp, #24]
10002d9e:	9107      	str	r1, [sp, #28]
10002da0:	2200      	movs	r2, #0
10002da2:	2300      	movs	r3, #0
10002da4:	9808      	ldr	r0, [sp, #32]
10002da6:	9909      	ldr	r1, [sp, #36]	; 0x24
10002da8:	f7ff f890 	bl	10001ecc <__wrap___aeabi_dcmplt>
10002dac:	2800      	cmp	r0, #0
10002dae:	d148      	bne.n	10002e42 <_etoa+0x376>
10002db0:	4b44      	ldr	r3, [pc, #272]	; (10002ec4 <_etoa+0x3f8>)
10002db2:	9a1e      	ldr	r2, [sp, #120]	; 0x78
10002db4:	4013      	ands	r3, r2
10002db6:	9304      	str	r3, [sp, #16]
10002db8:	9703      	str	r7, [sp, #12]
10002dba:	9b1c      	ldr	r3, [sp, #112]	; 0x70
10002dbc:	9302      	str	r3, [sp, #8]
10002dbe:	9b06      	ldr	r3, [sp, #24]
10002dc0:	9c07      	ldr	r4, [sp, #28]
10002dc2:	9300      	str	r3, [sp, #0]
10002dc4:	9401      	str	r4, [sp, #4]
10002dc6:	4643      	mov	r3, r8
10002dc8:	9a0c      	ldr	r2, [sp, #48]	; 0x30
10002dca:	4651      	mov	r1, sl
10002dcc:	4658      	mov	r0, fp
10002dce:	f000 f887 	bl	10002ee0 <_ftoa>
10002dd2:	2e00      	cmp	r6, #0
10002dd4:	d100      	bne.n	10002dd8 <_etoa+0x30c>
10002dd6:	e787      	b.n	10002ce8 <_etoa+0x21c>
10002dd8:	9b1e      	ldr	r3, [sp, #120]	; 0x78
10002dda:	069b      	lsls	r3, r3, #26
10002ddc:	d53d      	bpl.n	10002e5a <_etoa+0x38e>
10002dde:	2545      	movs	r5, #69	; 0x45
10002de0:	1c44      	adds	r4, r0, #1
10002de2:	4643      	mov	r3, r8
10002de4:	0002      	movs	r2, r0
10002de6:	4651      	mov	r1, sl
10002de8:	0028      	movs	r0, r5
10002dea:	47d8      	blx	fp
10002dec:	464b      	mov	r3, r9
10002dee:	17da      	asrs	r2, r3, #31
10002df0:	189b      	adds	r3, r3, r2
10002df2:	4053      	eors	r3, r2
10002df4:	2205      	movs	r2, #5
10002df6:	9205      	str	r2, [sp, #20]
10002df8:	3e01      	subs	r6, #1
10002dfa:	9604      	str	r6, [sp, #16]
10002dfc:	2200      	movs	r2, #0
10002dfe:	9203      	str	r2, [sp, #12]
10002e00:	320a      	adds	r2, #10
10002e02:	9202      	str	r2, [sp, #8]
10002e04:	464a      	mov	r2, r9
10002e06:	0fd0      	lsrs	r0, r2, #31
10002e08:	9001      	str	r0, [sp, #4]
10002e0a:	9300      	str	r3, [sp, #0]
10002e0c:	4643      	mov	r3, r8
10002e0e:	0022      	movs	r2, r4
10002e10:	4651      	mov	r1, sl
10002e12:	4658      	mov	r0, fp
10002e14:	f7ff fd8a 	bl	1000292c <_ntoa_long>
10002e18:	9b0a      	ldr	r3, [sp, #40]	; 0x28
10002e1a:	2b00      	cmp	r3, #0
10002e1c:	d100      	bne.n	10002e20 <_etoa+0x354>
10002e1e:	e763      	b.n	10002ce8 <_etoa+0x21c>
10002e20:	0002      	movs	r2, r0
10002e22:	465f      	mov	r7, fp
10002e24:	9e0c      	ldr	r6, [sp, #48]	; 0x30
10002e26:	9d1d      	ldr	r5, [sp, #116]	; 0x74
10002e28:	e054      	b.n	10002ed4 <_etoa+0x408>
10002e2a:	9b1c      	ldr	r3, [sp, #112]	; 0x70
10002e2c:	2b00      	cmp	r3, #0
10002e2e:	d09e      	beq.n	10002d6e <_etoa+0x2a2>
10002e30:	9b0d      	ldr	r3, [sp, #52]	; 0x34
10002e32:	2b00      	cmp	r3, #0
10002e34:	d09b      	beq.n	10002d6e <_etoa+0x2a2>
10002e36:	9b1c      	ldr	r3, [sp, #112]	; 0x70
10002e38:	3b01      	subs	r3, #1
10002e3a:	931c      	str	r3, [sp, #112]	; 0x70
10002e3c:	e797      	b.n	10002d6e <_etoa+0x2a2>
10002e3e:	2700      	movs	r7, #0
10002e40:	e799      	b.n	10002d76 <_etoa+0x2aa>
10002e42:	9c06      	ldr	r4, [sp, #24]
10002e44:	9d07      	ldr	r5, [sp, #28]
10002e46:	0022      	movs	r2, r4
10002e48:	0029      	movs	r1, r5
10002e4a:	2080      	movs	r0, #128	; 0x80
10002e4c:	0600      	lsls	r0, r0, #24
10002e4e:	4684      	mov	ip, r0
10002e50:	4461      	add	r1, ip
10002e52:	000b      	movs	r3, r1
10002e54:	9206      	str	r2, [sp, #24]
10002e56:	9307      	str	r3, [sp, #28]
10002e58:	e7aa      	b.n	10002db0 <_etoa+0x2e4>
10002e5a:	2565      	movs	r5, #101	; 0x65
10002e5c:	e7c0      	b.n	10002de0 <_etoa+0x314>
10002e5e:	46c0      	nop			; (mov r8, r8)
10002e60:	7fefffff 	.word	0x7fefffff
10002e64:	ffefffff 	.word	0xffefffff
10002e68:	fffffc01 	.word	0xfffffc01
10002e6c:	3ff00000 	.word	0x3ff00000
10002e70:	509f79fb 	.word	0x509f79fb
10002e74:	3fd34413 	.word	0x3fd34413
10002e78:	8b60c8b3 	.word	0x8b60c8b3
10002e7c:	3fc68a28 	.word	0x3fc68a28
10002e80:	3ff80000 	.word	0x3ff80000
10002e84:	636f4361 	.word	0x636f4361
10002e88:	3fd287a7 	.word	0x3fd287a7
10002e8c:	0979a371 	.word	0x0979a371
10002e90:	400a934f 	.word	0x400a934f
10002e94:	3fe00000 	.word	0x3fe00000
10002e98:	bbb55516 	.word	0xbbb55516
10002e9c:	40026bb1 	.word	0x40026bb1
10002ea0:	fefa39ef 	.word	0xfefa39ef
10002ea4:	3fe62e42 	.word	0x3fe62e42
10002ea8:	000003ff 	.word	0x000003ff
10002eac:	402c0000 	.word	0x402c0000
10002eb0:	40240000 	.word	0x40240000
10002eb4:	40180000 	.word	0x40180000
10002eb8:	eb1c432d 	.word	0xeb1c432d
10002ebc:	3f1a36e2 	.word	0x3f1a36e2
10002ec0:	412e8480 	.word	0x412e8480
10002ec4:	fffff7ff 	.word	0xfffff7ff
10002ec8:	1c54      	adds	r4, r2, #1
10002eca:	4643      	mov	r3, r8
10002ecc:	4651      	mov	r1, sl
10002ece:	2020      	movs	r0, #32
10002ed0:	47b8      	blx	r7
10002ed2:	0022      	movs	r2, r4
10002ed4:	1b93      	subs	r3, r2, r6
10002ed6:	42ab      	cmp	r3, r5
10002ed8:	d3f6      	bcc.n	10002ec8 <_etoa+0x3fc>
10002eda:	0010      	movs	r0, r2
10002edc:	e704      	b.n	10002ce8 <_etoa+0x21c>
10002ede:	46c0      	nop			; (mov r8, r8)

10002ee0 <_ftoa>:
10002ee0:	b5f0      	push	{r4, r5, r6, r7, lr}
10002ee2:	46de      	mov	lr, fp
10002ee4:	4657      	mov	r7, sl
10002ee6:	464e      	mov	r6, r9
10002ee8:	4645      	mov	r5, r8
10002eea:	b5e0      	push	{r5, r6, r7, lr}
10002eec:	b095      	sub	sp, #84	; 0x54
10002eee:	9006      	str	r0, [sp, #24]
10002ef0:	9107      	str	r1, [sp, #28]
10002ef2:	4693      	mov	fp, r2
10002ef4:	4699      	mov	r9, r3
10002ef6:	9f20      	ldr	r7, [sp, #128]	; 0x80
10002ef8:	9a1e      	ldr	r2, [sp, #120]	; 0x78
10002efa:	9b1f      	ldr	r3, [sp, #124]	; 0x7c
10002efc:	0010      	movs	r0, r2
10002efe:	0019      	movs	r1, r3
10002f00:	f7fe ffff 	bl	10001f02 <__wrap___aeabi_dcmpun>
10002f04:	2800      	cmp	r0, #0
10002f06:	d131      	bne.n	10002f6c <_ftoa+0x8c>
10002f08:	2201      	movs	r2, #1
10002f0a:	4252      	negs	r2, r2
10002f0c:	4bbf      	ldr	r3, [pc, #764]	; (1000320c <_ftoa+0x32c>)
10002f0e:	981e      	ldr	r0, [sp, #120]	; 0x78
10002f10:	991f      	ldr	r1, [sp, #124]	; 0x7c
10002f12:	f7fe ffdb 	bl	10001ecc <__wrap___aeabi_dcmplt>
10002f16:	2800      	cmp	r0, #0
10002f18:	d137      	bne.n	10002f8a <_ftoa+0xaa>
10002f1a:	2201      	movs	r2, #1
10002f1c:	4252      	negs	r2, r2
10002f1e:	4bbc      	ldr	r3, [pc, #752]	; (10003210 <_ftoa+0x330>)
10002f20:	981e      	ldr	r0, [sp, #120]	; 0x78
10002f22:	991f      	ldr	r1, [sp, #124]	; 0x7c
10002f24:	f7fe ffe8 	bl	10001ef8 <__wrap___aeabi_dcmpgt>
10002f28:	2800      	cmp	r0, #0
10002f2a:	d13d      	bne.n	10002fa8 <_ftoa+0xc8>
10002f2c:	2200      	movs	r2, #0
10002f2e:	4bb9      	ldr	r3, [pc, #740]	; (10003214 <_ftoa+0x334>)
10002f30:	981e      	ldr	r0, [sp, #120]	; 0x78
10002f32:	991f      	ldr	r1, [sp, #124]	; 0x7c
10002f34:	f7fe ffe0 	bl	10001ef8 <__wrap___aeabi_dcmpgt>
10002f38:	2800      	cmp	r0, #0
10002f3a:	d150      	bne.n	10002fde <_ftoa+0xfe>
10002f3c:	2200      	movs	r2, #0
10002f3e:	4bb6      	ldr	r3, [pc, #728]	; (10003218 <_ftoa+0x338>)
10002f40:	981e      	ldr	r0, [sp, #120]	; 0x78
10002f42:	991f      	ldr	r1, [sp, #124]	; 0x7c
10002f44:	f7fe ffc2 	bl	10001ecc <__wrap___aeabi_dcmplt>
10002f48:	2800      	cmp	r0, #0
10002f4a:	d148      	bne.n	10002fde <_ftoa+0xfe>
10002f4c:	2200      	movs	r2, #0
10002f4e:	2300      	movs	r3, #0
10002f50:	981e      	ldr	r0, [sp, #120]	; 0x78
10002f52:	991f      	ldr	r1, [sp, #124]	; 0x7c
10002f54:	f7fe ffba 	bl	10001ecc <__wrap___aeabi_dcmplt>
10002f58:	2800      	cmp	r0, #0
10002f5a:	d150      	bne.n	10002ffe <_ftoa+0x11e>
10002f5c:	2300      	movs	r3, #0
10002f5e:	4698      	mov	r8, r3
10002f60:	9b22      	ldr	r3, [sp, #136]	; 0x88
10002f62:	055b      	lsls	r3, r3, #21
10002f64:	d400      	bmi.n	10002f68 <_ftoa+0x88>
10002f66:	e0b6      	b.n	100030d6 <_ftoa+0x1f6>
10002f68:	2400      	movs	r4, #0
10002f6a:	e058      	b.n	1000301e <_ftoa+0x13e>
10002f6c:	9b22      	ldr	r3, [sp, #136]	; 0x88
10002f6e:	9303      	str	r3, [sp, #12]
10002f70:	9b21      	ldr	r3, [sp, #132]	; 0x84
10002f72:	9302      	str	r3, [sp, #8]
10002f74:	2303      	movs	r3, #3
10002f76:	9301      	str	r3, [sp, #4]
10002f78:	4ba8      	ldr	r3, [pc, #672]	; (1000321c <_ftoa+0x33c>)
10002f7a:	9300      	str	r3, [sp, #0]
10002f7c:	464b      	mov	r3, r9
10002f7e:	465a      	mov	r2, fp
10002f80:	9907      	ldr	r1, [sp, #28]
10002f82:	9806      	ldr	r0, [sp, #24]
10002f84:	f7ff fbf2 	bl	1000276c <_out_rev>
10002f88:	e10e      	b.n	100031a8 <_ftoa+0x2c8>
10002f8a:	9b22      	ldr	r3, [sp, #136]	; 0x88
10002f8c:	9303      	str	r3, [sp, #12]
10002f8e:	9b21      	ldr	r3, [sp, #132]	; 0x84
10002f90:	9302      	str	r3, [sp, #8]
10002f92:	2304      	movs	r3, #4
10002f94:	9301      	str	r3, [sp, #4]
10002f96:	4ba2      	ldr	r3, [pc, #648]	; (10003220 <_ftoa+0x340>)
10002f98:	9300      	str	r3, [sp, #0]
10002f9a:	464b      	mov	r3, r9
10002f9c:	465a      	mov	r2, fp
10002f9e:	9907      	ldr	r1, [sp, #28]
10002fa0:	9806      	ldr	r0, [sp, #24]
10002fa2:	f7ff fbe3 	bl	1000276c <_out_rev>
10002fa6:	e0ff      	b.n	100031a8 <_ftoa+0x2c8>
10002fa8:	2304      	movs	r3, #4
10002faa:	9a22      	ldr	r2, [sp, #136]	; 0x88
10002fac:	401a      	ands	r2, r3
10002fae:	9922      	ldr	r1, [sp, #136]	; 0x88
10002fb0:	420b      	tst	r3, r1
10002fb2:	d010      	beq.n	10002fd6 <_ftoa+0xf6>
10002fb4:	4b9b      	ldr	r3, [pc, #620]	; (10003224 <_ftoa+0x344>)
10002fb6:	2a00      	cmp	r2, #0
10002fb8:	d00f      	beq.n	10002fda <_ftoa+0xfa>
10002fba:	2204      	movs	r2, #4
10002fbc:	9922      	ldr	r1, [sp, #136]	; 0x88
10002fbe:	9103      	str	r1, [sp, #12]
10002fc0:	9921      	ldr	r1, [sp, #132]	; 0x84
10002fc2:	9102      	str	r1, [sp, #8]
10002fc4:	9201      	str	r2, [sp, #4]
10002fc6:	9300      	str	r3, [sp, #0]
10002fc8:	464b      	mov	r3, r9
10002fca:	465a      	mov	r2, fp
10002fcc:	9907      	ldr	r1, [sp, #28]
10002fce:	9806      	ldr	r0, [sp, #24]
10002fd0:	f7ff fbcc 	bl	1000276c <_out_rev>
10002fd4:	e0e8      	b.n	100031a8 <_ftoa+0x2c8>
10002fd6:	4b94      	ldr	r3, [pc, #592]	; (10003228 <_ftoa+0x348>)
10002fd8:	e7ed      	b.n	10002fb6 <_ftoa+0xd6>
10002fda:	2203      	movs	r2, #3
10002fdc:	e7ee      	b.n	10002fbc <_ftoa+0xdc>
10002fde:	9b22      	ldr	r3, [sp, #136]	; 0x88
10002fe0:	9304      	str	r3, [sp, #16]
10002fe2:	9b21      	ldr	r3, [sp, #132]	; 0x84
10002fe4:	9303      	str	r3, [sp, #12]
10002fe6:	9702      	str	r7, [sp, #8]
10002fe8:	9b1e      	ldr	r3, [sp, #120]	; 0x78
10002fea:	9c1f      	ldr	r4, [sp, #124]	; 0x7c
10002fec:	9300      	str	r3, [sp, #0]
10002fee:	9401      	str	r4, [sp, #4]
10002ff0:	464b      	mov	r3, r9
10002ff2:	465a      	mov	r2, fp
10002ff4:	9907      	ldr	r1, [sp, #28]
10002ff6:	9806      	ldr	r0, [sp, #24]
10002ff8:	f7ff fd68 	bl	10002acc <_etoa>
10002ffc:	e0d4      	b.n	100031a8 <_ftoa+0x2c8>
10002ffe:	9a1e      	ldr	r2, [sp, #120]	; 0x78
10003000:	9b1f      	ldr	r3, [sp, #124]	; 0x7c
10003002:	2000      	movs	r0, #0
10003004:	2100      	movs	r1, #0
10003006:	f7fe feee 	bl	10001de6 <__wrap___aeabi_dsub>
1000300a:	901e      	str	r0, [sp, #120]	; 0x78
1000300c:	911f      	str	r1, [sp, #124]	; 0x7c
1000300e:	2301      	movs	r3, #1
10003010:	4698      	mov	r8, r3
10003012:	e7a5      	b.n	10002f60 <_ftoa+0x80>
10003014:	ab0c      	add	r3, sp, #48	; 0x30
10003016:	2230      	movs	r2, #48	; 0x30
10003018:	551a      	strb	r2, [r3, r4]
1000301a:	3f01      	subs	r7, #1
1000301c:	3401      	adds	r4, #1
1000301e:	2c1f      	cmp	r4, #31
10003020:	d801      	bhi.n	10003026 <_ftoa+0x146>
10003022:	2f09      	cmp	r7, #9
10003024:	d8f6      	bhi.n	10003014 <_ftoa+0x134>
10003026:	981e      	ldr	r0, [sp, #120]	; 0x78
10003028:	991f      	ldr	r1, [sp, #124]	; 0x7c
1000302a:	f7fe ff93 	bl	10001f54 <__wrap___aeabi_d2iz>
1000302e:	0005      	movs	r5, r0
10003030:	f7fe ff78 	bl	10001f24 <__wrap___aeabi_i2d>
10003034:	0002      	movs	r2, r0
10003036:	000b      	movs	r3, r1
10003038:	981e      	ldr	r0, [sp, #120]	; 0x78
1000303a:	991f      	ldr	r1, [sp, #124]	; 0x7c
1000303c:	f7fe fed3 	bl	10001de6 <__wrap___aeabi_dsub>
10003040:	00fa      	lsls	r2, r7, #3
10003042:	4b7a      	ldr	r3, [pc, #488]	; (1000322c <_ftoa+0x34c>)
10003044:	189b      	adds	r3, r3, r2
10003046:	681a      	ldr	r2, [r3, #0]
10003048:	685b      	ldr	r3, [r3, #4]
1000304a:	920a      	str	r2, [sp, #40]	; 0x28
1000304c:	930b      	str	r3, [sp, #44]	; 0x2c
1000304e:	f7fe fefa 	bl	10001e46 <__wrap___aeabi_dmul>
10003052:	9008      	str	r0, [sp, #32]
10003054:	9109      	str	r1, [sp, #36]	; 0x24
10003056:	f7fe ffa1 	bl	10001f9c <__wrap___aeabi_d2uiz>
1000305a:	0006      	movs	r6, r0
1000305c:	f7fe ff5e 	bl	10001f1c <__wrap___aeabi_ui2d>
10003060:	0002      	movs	r2, r0
10003062:	000b      	movs	r3, r1
10003064:	9808      	ldr	r0, [sp, #32]
10003066:	9909      	ldr	r1, [sp, #36]	; 0x24
10003068:	f7fe febd 	bl	10001de6 <__wrap___aeabi_dsub>
1000306c:	9008      	str	r0, [sp, #32]
1000306e:	9109      	str	r1, [sp, #36]	; 0x24
10003070:	2200      	movs	r2, #0
10003072:	4b6f      	ldr	r3, [pc, #444]	; (10003230 <_ftoa+0x350>)
10003074:	f7fe ff40 	bl	10001ef8 <__wrap___aeabi_dcmpgt>
10003078:	2800      	cmp	r0, #0
1000307a:	d02e      	beq.n	100030da <_ftoa+0x1fa>
1000307c:	3601      	adds	r6, #1
1000307e:	0030      	movs	r0, r6
10003080:	f7fe ff4c 	bl	10001f1c <__wrap___aeabi_ui2d>
10003084:	0002      	movs	r2, r0
10003086:	000b      	movs	r3, r1
10003088:	980a      	ldr	r0, [sp, #40]	; 0x28
1000308a:	990b      	ldr	r1, [sp, #44]	; 0x2c
1000308c:	f7fe ff24 	bl	10001ed8 <__wrap___aeabi_dcmple>
10003090:	2800      	cmp	r0, #0
10003092:	d001      	beq.n	10003098 <_ftoa+0x1b8>
10003094:	3501      	adds	r5, #1
10003096:	2600      	movs	r6, #0
10003098:	2f00      	cmp	r7, #0
1000309a:	d12c      	bne.n	100030f6 <_ftoa+0x216>
1000309c:	0028      	movs	r0, r5
1000309e:	f7fe ff41 	bl	10001f24 <__wrap___aeabi_i2d>
100030a2:	0002      	movs	r2, r0
100030a4:	000b      	movs	r3, r1
100030a6:	981e      	ldr	r0, [sp, #120]	; 0x78
100030a8:	991f      	ldr	r1, [sp, #124]	; 0x7c
100030aa:	f7fe fe9c 	bl	10001de6 <__wrap___aeabi_dsub>
100030ae:	0006      	movs	r6, r0
100030b0:	000f      	movs	r7, r1
100030b2:	2200      	movs	r2, #0
100030b4:	4b5e      	ldr	r3, [pc, #376]	; (10003230 <_ftoa+0x350>)
100030b6:	f7fe ff09 	bl	10001ecc <__wrap___aeabi_dcmplt>
100030ba:	2800      	cmp	r0, #0
100030bc:	d146      	bne.n	1000314c <_ftoa+0x26c>
100030be:	2200      	movs	r2, #0
100030c0:	4b5b      	ldr	r3, [pc, #364]	; (10003230 <_ftoa+0x350>)
100030c2:	0030      	movs	r0, r6
100030c4:	0039      	movs	r1, r7
100030c6:	f7fe ff17 	bl	10001ef8 <__wrap___aeabi_dcmpgt>
100030ca:	2800      	cmp	r0, #0
100030cc:	d13e      	bne.n	1000314c <_ftoa+0x26c>
100030ce:	07eb      	lsls	r3, r5, #31
100030d0:	d53c      	bpl.n	1000314c <_ftoa+0x26c>
100030d2:	3501      	adds	r5, #1
100030d4:	e03a      	b.n	1000314c <_ftoa+0x26c>
100030d6:	2706      	movs	r7, #6
100030d8:	e746      	b.n	10002f68 <_ftoa+0x88>
100030da:	2200      	movs	r2, #0
100030dc:	4b54      	ldr	r3, [pc, #336]	; (10003230 <_ftoa+0x350>)
100030de:	9808      	ldr	r0, [sp, #32]
100030e0:	9909      	ldr	r1, [sp, #36]	; 0x24
100030e2:	f7fe fef3 	bl	10001ecc <__wrap___aeabi_dcmplt>
100030e6:	2800      	cmp	r0, #0
100030e8:	d1d6      	bne.n	10003098 <_ftoa+0x1b8>
100030ea:	2e00      	cmp	r6, #0
100030ec:	d001      	beq.n	100030f2 <_ftoa+0x212>
100030ee:	07f3      	lsls	r3, r6, #31
100030f0:	d5d2      	bpl.n	10003098 <_ftoa+0x1b8>
100030f2:	3601      	adds	r6, #1
100030f4:	e7d0      	b.n	10003098 <_ftoa+0x1b8>
100030f6:	46aa      	mov	sl, r5
100030f8:	2c1f      	cmp	r4, #31
100030fa:	d811      	bhi.n	10003120 <_ftoa+0x240>
100030fc:	3f01      	subs	r7, #1
100030fe:	210a      	movs	r1, #10
10003100:	0030      	movs	r0, r6
10003102:	f7fe fc35 	bl	10001970 <__wrap___aeabi_uidiv>
10003106:	1c65      	adds	r5, r4, #1
10003108:	3130      	adds	r1, #48	; 0x30
1000310a:	ab0c      	add	r3, sp, #48	; 0x30
1000310c:	5519      	strb	r1, [r3, r4]
1000310e:	210a      	movs	r1, #10
10003110:	0030      	movs	r0, r6
10003112:	f7fe fc2d 	bl	10001970 <__wrap___aeabi_uidiv>
10003116:	2e09      	cmp	r6, #9
10003118:	d90e      	bls.n	10003138 <_ftoa+0x258>
1000311a:	0006      	movs	r6, r0
1000311c:	002c      	movs	r4, r5
1000311e:	e7eb      	b.n	100030f8 <_ftoa+0x218>
10003120:	4655      	mov	r5, sl
10003122:	2c1f      	cmp	r4, #31
10003124:	d80c      	bhi.n	10003140 <_ftoa+0x260>
10003126:	1e7b      	subs	r3, r7, #1
10003128:	2f00      	cmp	r7, #0
1000312a:	d009      	beq.n	10003140 <_ftoa+0x260>
1000312c:	aa0c      	add	r2, sp, #48	; 0x30
1000312e:	2130      	movs	r1, #48	; 0x30
10003130:	5511      	strb	r1, [r2, r4]
10003132:	001f      	movs	r7, r3
10003134:	3401      	adds	r4, #1
10003136:	e7f4      	b.n	10003122 <_ftoa+0x242>
10003138:	002b      	movs	r3, r5
1000313a:	4655      	mov	r5, sl
1000313c:	001c      	movs	r4, r3
1000313e:	e7f0      	b.n	10003122 <_ftoa+0x242>
10003140:	2c1f      	cmp	r4, #31
10003142:	d803      	bhi.n	1000314c <_ftoa+0x26c>
10003144:	ab0c      	add	r3, sp, #48	; 0x30
10003146:	222e      	movs	r2, #46	; 0x2e
10003148:	551a      	strb	r2, [r3, r4]
1000314a:	3401      	adds	r4, #1
1000314c:	2c1f      	cmp	r4, #31
1000314e:	d810      	bhi.n	10003172 <_ftoa+0x292>
10003150:	210a      	movs	r1, #10
10003152:	0028      	movs	r0, r5
10003154:	f7fe fbe4 	bl	10001920 <__wrap___aeabi_idiv>
10003158:	1c66      	adds	r6, r4, #1
1000315a:	3130      	adds	r1, #48	; 0x30
1000315c:	ab0c      	add	r3, sp, #48	; 0x30
1000315e:	5519      	strb	r1, [r3, r4]
10003160:	210a      	movs	r1, #10
10003162:	0028      	movs	r0, r5
10003164:	f7fe fbdc 	bl	10001920 <__wrap___aeabi_idiv>
10003168:	1e05      	subs	r5, r0, #0
1000316a:	d001      	beq.n	10003170 <_ftoa+0x290>
1000316c:	0034      	movs	r4, r6
1000316e:	e7ed      	b.n	1000314c <_ftoa+0x26c>
10003170:	0034      	movs	r4, r6
10003172:	2303      	movs	r3, #3
10003174:	9a22      	ldr	r2, [sp, #136]	; 0x88
10003176:	4013      	ands	r3, r2
10003178:	2b01      	cmp	r3, #1
1000317a:	d01c      	beq.n	100031b6 <_ftoa+0x2d6>
1000317c:	2c1f      	cmp	r4, #31
1000317e:	d806      	bhi.n	1000318e <_ftoa+0x2ae>
10003180:	4643      	mov	r3, r8
10003182:	2b00      	cmp	r3, #0
10003184:	d032      	beq.n	100031ec <_ftoa+0x30c>
10003186:	ab0c      	add	r3, sp, #48	; 0x30
10003188:	222d      	movs	r2, #45	; 0x2d
1000318a:	551a      	strb	r2, [r3, r4]
1000318c:	3401      	adds	r4, #1
1000318e:	9b22      	ldr	r3, [sp, #136]	; 0x88
10003190:	9303      	str	r3, [sp, #12]
10003192:	9b21      	ldr	r3, [sp, #132]	; 0x84
10003194:	9302      	str	r3, [sp, #8]
10003196:	9401      	str	r4, [sp, #4]
10003198:	ab0c      	add	r3, sp, #48	; 0x30
1000319a:	9300      	str	r3, [sp, #0]
1000319c:	464b      	mov	r3, r9
1000319e:	465a      	mov	r2, fp
100031a0:	9907      	ldr	r1, [sp, #28]
100031a2:	9806      	ldr	r0, [sp, #24]
100031a4:	f7ff fae2 	bl	1000276c <_out_rev>
100031a8:	b015      	add	sp, #84	; 0x54
100031aa:	bcf0      	pop	{r4, r5, r6, r7}
100031ac:	46bb      	mov	fp, r7
100031ae:	46b2      	mov	sl, r6
100031b0:	46a9      	mov	r9, r5
100031b2:	46a0      	mov	r8, r4
100031b4:	bdf0      	pop	{r4, r5, r6, r7, pc}
100031b6:	9b21      	ldr	r3, [sp, #132]	; 0x84
100031b8:	2b00      	cmp	r3, #0
100031ba:	d013      	beq.n	100031e4 <_ftoa+0x304>
100031bc:	4643      	mov	r3, r8
100031be:	2b00      	cmp	r3, #0
100031c0:	d102      	bne.n	100031c8 <_ftoa+0x2e8>
100031c2:	330c      	adds	r3, #12
100031c4:	4213      	tst	r3, r2
100031c6:	d00f      	beq.n	100031e8 <_ftoa+0x308>
100031c8:	9b21      	ldr	r3, [sp, #132]	; 0x84
100031ca:	3b01      	subs	r3, #1
100031cc:	9321      	str	r3, [sp, #132]	; 0x84
100031ce:	0019      	movs	r1, r3
100031d0:	e003      	b.n	100031da <_ftoa+0x2fa>
100031d2:	ab0c      	add	r3, sp, #48	; 0x30
100031d4:	2230      	movs	r2, #48	; 0x30
100031d6:	551a      	strb	r2, [r3, r4]
100031d8:	3401      	adds	r4, #1
100031da:	428c      	cmp	r4, r1
100031dc:	d2ce      	bcs.n	1000317c <_ftoa+0x29c>
100031de:	2c1f      	cmp	r4, #31
100031e0:	d9f7      	bls.n	100031d2 <_ftoa+0x2f2>
100031e2:	e7cb      	b.n	1000317c <_ftoa+0x29c>
100031e4:	9921      	ldr	r1, [sp, #132]	; 0x84
100031e6:	e7f8      	b.n	100031da <_ftoa+0x2fa>
100031e8:	9921      	ldr	r1, [sp, #132]	; 0x84
100031ea:	e7f6      	b.n	100031da <_ftoa+0x2fa>
100031ec:	9b22      	ldr	r3, [sp, #136]	; 0x88
100031ee:	075b      	lsls	r3, r3, #29
100031f0:	d504      	bpl.n	100031fc <_ftoa+0x31c>
100031f2:	ab0c      	add	r3, sp, #48	; 0x30
100031f4:	222b      	movs	r2, #43	; 0x2b
100031f6:	551a      	strb	r2, [r3, r4]
100031f8:	3401      	adds	r4, #1
100031fa:	e7c8      	b.n	1000318e <_ftoa+0x2ae>
100031fc:	9b22      	ldr	r3, [sp, #136]	; 0x88
100031fe:	071b      	lsls	r3, r3, #28
10003200:	d5c5      	bpl.n	1000318e <_ftoa+0x2ae>
10003202:	ab0c      	add	r3, sp, #48	; 0x30
10003204:	2220      	movs	r2, #32
10003206:	551a      	strb	r2, [r3, r4]
10003208:	3401      	adds	r4, #1
1000320a:	e7c0      	b.n	1000318e <_ftoa+0x2ae>
1000320c:	ffefffff 	.word	0xffefffff
10003210:	7fefffff 	.word	0x7fefffff
10003214:	41cdcd65 	.word	0x41cdcd65
10003218:	c1cdcd65 	.word	0xc1cdcd65
1000321c:	10004750 	.word	0x10004750
10003220:	10004754 	.word	0x10004754
10003224:	10004748 	.word	0x10004748
10003228:	10004744 	.word	0x10004744
1000322c:	10004940 	.word	0x10004940
10003230:	3fe00000 	.word	0x3fe00000

10003234 <_vsnprintf>:
10003234:	b5f0      	push	{r4, r5, r6, r7, lr}
10003236:	46de      	mov	lr, fp
10003238:	4657      	mov	r7, sl
1000323a:	464e      	mov	r6, r9
1000323c:	4645      	mov	r5, r8
1000323e:	b5e0      	push	{r5, r6, r7, lr}
10003240:	b093      	sub	sp, #76	; 0x4c
10003242:	4682      	mov	sl, r0
10003244:	468b      	mov	fp, r1
10003246:	4690      	mov	r8, r2
10003248:	9311      	str	r3, [sp, #68]	; 0x44
1000324a:	2900      	cmp	r1, #0
1000324c:	d100      	bne.n	10003250 <_vsnprintf+0x1c>
1000324e:	e2eb      	b.n	10003828 <_vsnprintf+0x5f4>
10003250:	2700      	movs	r7, #0
10003252:	4655      	mov	r5, sl
10003254:	9b11      	ldr	r3, [sp, #68]	; 0x44
10003256:	7818      	ldrb	r0, [r3, #0]
10003258:	2800      	cmp	r0, #0
1000325a:	d100      	bne.n	1000325e <_vsnprintf+0x2a>
1000325c:	e2e7      	b.n	1000382e <_vsnprintf+0x5fa>
1000325e:	2825      	cmp	r0, #37	; 0x25
10003260:	d009      	beq.n	10003276 <_vsnprintf+0x42>
10003262:	1c7c      	adds	r4, r7, #1
10003264:	4643      	mov	r3, r8
10003266:	003a      	movs	r2, r7
10003268:	4659      	mov	r1, fp
1000326a:	47a8      	blx	r5
1000326c:	9b11      	ldr	r3, [sp, #68]	; 0x44
1000326e:	3301      	adds	r3, #1
10003270:	9311      	str	r3, [sp, #68]	; 0x44
10003272:	0027      	movs	r7, r4
10003274:	e7ee      	b.n	10003254 <_vsnprintf+0x20>
10003276:	3301      	adds	r3, #1
10003278:	9311      	str	r3, [sp, #68]	; 0x44
1000327a:	2400      	movs	r4, #0
1000327c:	9a11      	ldr	r2, [sp, #68]	; 0x44
1000327e:	7811      	ldrb	r1, [r2, #0]
10003280:	000b      	movs	r3, r1
10003282:	3b20      	subs	r3, #32
10003284:	b2d8      	uxtb	r0, r3
10003286:	2810      	cmp	r0, #16
10003288:	d803      	bhi.n	10003292 <_vsnprintf+0x5e>
1000328a:	0083      	lsls	r3, r0, #2
1000328c:	48d0      	ldr	r0, [pc, #832]	; (100035d0 <_vsnprintf+0x39c>)
1000328e:	58c3      	ldr	r3, [r0, r3]
10003290:	469f      	mov	pc, r3
10003292:	000b      	movs	r3, r1
10003294:	3b30      	subs	r3, #48	; 0x30
10003296:	b2db      	uxtb	r3, r3
10003298:	2b09      	cmp	r3, #9
1000329a:	d92c      	bls.n	100032f6 <_vsnprintf+0xc2>
1000329c:	292a      	cmp	r1, #42	; 0x2a
1000329e:	d02f      	beq.n	10003300 <_vsnprintf+0xcc>
100032a0:	2300      	movs	r3, #0
100032a2:	930a      	str	r3, [sp, #40]	; 0x28
100032a4:	9b11      	ldr	r3, [sp, #68]	; 0x44
100032a6:	781a      	ldrb	r2, [r3, #0]
100032a8:	2a2e      	cmp	r2, #46	; 0x2e
100032aa:	d039      	beq.n	10003320 <_vsnprintf+0xec>
100032ac:	2300      	movs	r3, #0
100032ae:	469a      	mov	sl, r3
100032b0:	9a11      	ldr	r2, [sp, #68]	; 0x44
100032b2:	7813      	ldrb	r3, [r2, #0]
100032b4:	3b68      	subs	r3, #104	; 0x68
100032b6:	b2d9      	uxtb	r1, r3
100032b8:	2912      	cmp	r1, #18
100032ba:	d876      	bhi.n	100033aa <_vsnprintf+0x176>
100032bc:	008b      	lsls	r3, r1, #2
100032be:	49c5      	ldr	r1, [pc, #788]	; (100035d4 <_vsnprintf+0x3a0>)
100032c0:	58cb      	ldr	r3, [r1, r3]
100032c2:	469f      	mov	pc, r3
100032c4:	2301      	movs	r3, #1
100032c6:	431c      	orrs	r4, r3
100032c8:	3201      	adds	r2, #1
100032ca:	9211      	str	r2, [sp, #68]	; 0x44
100032cc:	e7d6      	b.n	1000327c <_vsnprintf+0x48>
100032ce:	2302      	movs	r3, #2
100032d0:	431c      	orrs	r4, r3
100032d2:	3201      	adds	r2, #1
100032d4:	9211      	str	r2, [sp, #68]	; 0x44
100032d6:	e7d1      	b.n	1000327c <_vsnprintf+0x48>
100032d8:	2304      	movs	r3, #4
100032da:	431c      	orrs	r4, r3
100032dc:	3201      	adds	r2, #1
100032de:	9211      	str	r2, [sp, #68]	; 0x44
100032e0:	e7cc      	b.n	1000327c <_vsnprintf+0x48>
100032e2:	2308      	movs	r3, #8
100032e4:	431c      	orrs	r4, r3
100032e6:	3201      	adds	r2, #1
100032e8:	9211      	str	r2, [sp, #68]	; 0x44
100032ea:	e7c7      	b.n	1000327c <_vsnprintf+0x48>
100032ec:	2310      	movs	r3, #16
100032ee:	431c      	orrs	r4, r3
100032f0:	3201      	adds	r2, #1
100032f2:	9211      	str	r2, [sp, #68]	; 0x44
100032f4:	e7c2      	b.n	1000327c <_vsnprintf+0x48>
100032f6:	a811      	add	r0, sp, #68	; 0x44
100032f8:	f7ff fa26 	bl	10002748 <_atoi>
100032fc:	900a      	str	r0, [sp, #40]	; 0x28
100032fe:	e7d1      	b.n	100032a4 <_vsnprintf+0x70>
10003300:	9b1c      	ldr	r3, [sp, #112]	; 0x70
10003302:	1d1a      	adds	r2, r3, #4
10003304:	921c      	str	r2, [sp, #112]	; 0x70
10003306:	6818      	ldr	r0, [r3, #0]
10003308:	2800      	cmp	r0, #0
1000330a:	db04      	blt.n	10003316 <_vsnprintf+0xe2>
1000330c:	900a      	str	r0, [sp, #40]	; 0x28
1000330e:	9b11      	ldr	r3, [sp, #68]	; 0x44
10003310:	3301      	adds	r3, #1
10003312:	9311      	str	r3, [sp, #68]	; 0x44
10003314:	e7c6      	b.n	100032a4 <_vsnprintf+0x70>
10003316:	2302      	movs	r3, #2
10003318:	431c      	orrs	r4, r3
1000331a:	4243      	negs	r3, r0
1000331c:	930a      	str	r3, [sp, #40]	; 0x28
1000331e:	e7f6      	b.n	1000330e <_vsnprintf+0xda>
10003320:	2280      	movs	r2, #128	; 0x80
10003322:	00d2      	lsls	r2, r2, #3
10003324:	4314      	orrs	r4, r2
10003326:	1c5a      	adds	r2, r3, #1
10003328:	9211      	str	r2, [sp, #68]	; 0x44
1000332a:	785a      	ldrb	r2, [r3, #1]
1000332c:	0013      	movs	r3, r2
1000332e:	3b30      	subs	r3, #48	; 0x30
10003330:	b2db      	uxtb	r3, r3
10003332:	2b09      	cmp	r3, #9
10003334:	d904      	bls.n	10003340 <_vsnprintf+0x10c>
10003336:	2a2a      	cmp	r2, #42	; 0x2a
10003338:	d007      	beq.n	1000334a <_vsnprintf+0x116>
1000333a:	2300      	movs	r3, #0
1000333c:	469a      	mov	sl, r3
1000333e:	e7b7      	b.n	100032b0 <_vsnprintf+0x7c>
10003340:	a811      	add	r0, sp, #68	; 0x44
10003342:	f7ff fa01 	bl	10002748 <_atoi>
10003346:	4682      	mov	sl, r0
10003348:	e7b2      	b.n	100032b0 <_vsnprintf+0x7c>
1000334a:	9b1c      	ldr	r3, [sp, #112]	; 0x70
1000334c:	1d1a      	adds	r2, r3, #4
1000334e:	921c      	str	r2, [sp, #112]	; 0x70
10003350:	6818      	ldr	r0, [r3, #0]
10003352:	2800      	cmp	r0, #0
10003354:	db04      	blt.n	10003360 <_vsnprintf+0x12c>
10003356:	4682      	mov	sl, r0
10003358:	9b11      	ldr	r3, [sp, #68]	; 0x44
1000335a:	3301      	adds	r3, #1
1000335c:	9311      	str	r3, [sp, #68]	; 0x44
1000335e:	e7a7      	b.n	100032b0 <_vsnprintf+0x7c>
10003360:	2000      	movs	r0, #0
10003362:	e7f8      	b.n	10003356 <_vsnprintf+0x122>
10003364:	2380      	movs	r3, #128	; 0x80
10003366:	005b      	lsls	r3, r3, #1
10003368:	4323      	orrs	r3, r4
1000336a:	1c51      	adds	r1, r2, #1
1000336c:	9111      	str	r1, [sp, #68]	; 0x44
1000336e:	7852      	ldrb	r2, [r2, #1]
10003370:	2a6c      	cmp	r2, #108	; 0x6c
10003372:	d001      	beq.n	10003378 <_vsnprintf+0x144>
10003374:	001c      	movs	r4, r3
10003376:	e018      	b.n	100033aa <_vsnprintf+0x176>
10003378:	23c0      	movs	r3, #192	; 0xc0
1000337a:	009b      	lsls	r3, r3, #2
1000337c:	431c      	orrs	r4, r3
1000337e:	3101      	adds	r1, #1
10003380:	9111      	str	r1, [sp, #68]	; 0x44
10003382:	e012      	b.n	100033aa <_vsnprintf+0x176>
10003384:	2380      	movs	r3, #128	; 0x80
10003386:	4323      	orrs	r3, r4
10003388:	1c51      	adds	r1, r2, #1
1000338a:	9111      	str	r1, [sp, #68]	; 0x44
1000338c:	7852      	ldrb	r2, [r2, #1]
1000338e:	2a68      	cmp	r2, #104	; 0x68
10003390:	d001      	beq.n	10003396 <_vsnprintf+0x162>
10003392:	001c      	movs	r4, r3
10003394:	e009      	b.n	100033aa <_vsnprintf+0x176>
10003396:	23c0      	movs	r3, #192	; 0xc0
10003398:	431c      	orrs	r4, r3
1000339a:	3101      	adds	r1, #1
1000339c:	9111      	str	r1, [sp, #68]	; 0x44
1000339e:	e004      	b.n	100033aa <_vsnprintf+0x176>
100033a0:	2380      	movs	r3, #128	; 0x80
100033a2:	005b      	lsls	r3, r3, #1
100033a4:	431c      	orrs	r4, r3
100033a6:	3201      	adds	r2, #1
100033a8:	9211      	str	r2, [sp, #68]	; 0x44
100033aa:	9b11      	ldr	r3, [sp, #68]	; 0x44
100033ac:	7818      	ldrb	r0, [r3, #0]
100033ae:	0003      	movs	r3, r0
100033b0:	3b25      	subs	r3, #37	; 0x25
100033b2:	b2da      	uxtb	r2, r3
100033b4:	2a53      	cmp	r2, #83	; 0x53
100033b6:	d900      	bls.n	100033ba <_vsnprintf+0x186>
100033b8:	e22c      	b.n	10003814 <_vsnprintf+0x5e0>
100033ba:	0093      	lsls	r3, r2, #2
100033bc:	4a86      	ldr	r2, [pc, #536]	; (100035d8 <_vsnprintf+0x3a4>)
100033be:	58d3      	ldr	r3, [r2, r3]
100033c0:	469f      	mov	pc, r3
100033c2:	2380      	movs	r3, #128	; 0x80
100033c4:	009b      	lsls	r3, r3, #2
100033c6:	431c      	orrs	r4, r3
100033c8:	3201      	adds	r2, #1
100033ca:	9211      	str	r2, [sp, #68]	; 0x44
100033cc:	e7ed      	b.n	100033aa <_vsnprintf+0x176>
100033ce:	2380      	movs	r3, #128	; 0x80
100033d0:	005b      	lsls	r3, r3, #1
100033d2:	431c      	orrs	r4, r3
100033d4:	3201      	adds	r2, #1
100033d6:	9211      	str	r2, [sp, #68]	; 0x44
100033d8:	e7e7      	b.n	100033aa <_vsnprintf+0x176>
100033da:	2878      	cmp	r0, #120	; 0x78
100033dc:	d009      	beq.n	100033f2 <_vsnprintf+0x1be>
100033de:	2858      	cmp	r0, #88	; 0x58
100033e0:	d038      	beq.n	10003454 <_vsnprintf+0x220>
100033e2:	286f      	cmp	r0, #111	; 0x6f
100033e4:	d038      	beq.n	10003458 <_vsnprintf+0x224>
100033e6:	2862      	cmp	r0, #98	; 0x62
100033e8:	d038      	beq.n	1000345c <_vsnprintf+0x228>
100033ea:	2310      	movs	r3, #16
100033ec:	439c      	bics	r4, r3
100033ee:	260a      	movs	r6, #10
100033f0:	e000      	b.n	100033f4 <_vsnprintf+0x1c0>
100033f2:	2610      	movs	r6, #16
100033f4:	2858      	cmp	r0, #88	; 0x58
100033f6:	d033      	beq.n	10003460 <_vsnprintf+0x22c>
100033f8:	2869      	cmp	r0, #105	; 0x69
100033fa:	d003      	beq.n	10003404 <_vsnprintf+0x1d0>
100033fc:	2864      	cmp	r0, #100	; 0x64
100033fe:	d001      	beq.n	10003404 <_vsnprintf+0x1d0>
10003400:	220c      	movs	r2, #12
10003402:	4394      	bics	r4, r2
10003404:	0563      	lsls	r3, r4, #21
10003406:	d501      	bpl.n	1000340c <_vsnprintf+0x1d8>
10003408:	2201      	movs	r2, #1
1000340a:	4394      	bics	r4, r2
1000340c:	2869      	cmp	r0, #105	; 0x69
1000340e:	d02a      	beq.n	10003466 <_vsnprintf+0x232>
10003410:	2864      	cmp	r0, #100	; 0x64
10003412:	d028      	beq.n	10003466 <_vsnprintf+0x232>
10003414:	05a3      	lsls	r3, r4, #22
10003416:	d500      	bpl.n	1000341a <_vsnprintf+0x1e6>
10003418:	e09f      	b.n	1000355a <_vsnprintf+0x326>
1000341a:	05e3      	lsls	r3, r4, #23
1000341c:	d500      	bpl.n	10003420 <_vsnprintf+0x1ec>
1000341e:	e0b8      	b.n	10003592 <_vsnprintf+0x35e>
10003420:	0663      	lsls	r3, r4, #25
10003422:	d400      	bmi.n	10003426 <_vsnprintf+0x1f2>
10003424:	e0ca      	b.n	100035bc <_vsnprintf+0x388>
10003426:	9a1c      	ldr	r2, [sp, #112]	; 0x70
10003428:	1d11      	adds	r1, r2, #4
1000342a:	911c      	str	r1, [sp, #112]	; 0x70
1000342c:	6811      	ldr	r1, [r2, #0]
1000342e:	22ff      	movs	r2, #255	; 0xff
10003430:	400a      	ands	r2, r1
10003432:	9405      	str	r4, [sp, #20]
10003434:	9b0a      	ldr	r3, [sp, #40]	; 0x28
10003436:	9304      	str	r3, [sp, #16]
10003438:	4653      	mov	r3, sl
1000343a:	9303      	str	r3, [sp, #12]
1000343c:	9602      	str	r6, [sp, #8]
1000343e:	2300      	movs	r3, #0
10003440:	9301      	str	r3, [sp, #4]
10003442:	9200      	str	r2, [sp, #0]
10003444:	4643      	mov	r3, r8
10003446:	003a      	movs	r2, r7
10003448:	4659      	mov	r1, fp
1000344a:	0028      	movs	r0, r5
1000344c:	f7ff fa6e 	bl	1000292c <_ntoa_long>
10003450:	0007      	movs	r7, r0
10003452:	e027      	b.n	100034a4 <_vsnprintf+0x270>
10003454:	2610      	movs	r6, #16
10003456:	e7cd      	b.n	100033f4 <_vsnprintf+0x1c0>
10003458:	2608      	movs	r6, #8
1000345a:	e7cb      	b.n	100033f4 <_vsnprintf+0x1c0>
1000345c:	2602      	movs	r6, #2
1000345e:	e7c9      	b.n	100033f4 <_vsnprintf+0x1c0>
10003460:	2220      	movs	r2, #32
10003462:	4314      	orrs	r4, r2
10003464:	e7c8      	b.n	100033f8 <_vsnprintf+0x1c4>
10003466:	05a3      	lsls	r3, r4, #22
10003468:	d420      	bmi.n	100034ac <_vsnprintf+0x278>
1000346a:	05e3      	lsls	r3, r4, #23
1000346c:	d450      	bmi.n	10003510 <_vsnprintf+0x2dc>
1000346e:	0663      	lsls	r3, r4, #25
10003470:	d566      	bpl.n	10003540 <_vsnprintf+0x30c>
10003472:	9a1c      	ldr	r2, [sp, #112]	; 0x70
10003474:	1d11      	adds	r1, r2, #4
10003476:	911c      	str	r1, [sp, #112]	; 0x70
10003478:	6811      	ldr	r1, [r2, #0]
1000347a:	22ff      	movs	r2, #255	; 0xff
1000347c:	400a      	ands	r2, r1
1000347e:	17d3      	asrs	r3, r2, #31
10003480:	18d1      	adds	r1, r2, r3
10003482:	4059      	eors	r1, r3
10003484:	9405      	str	r4, [sp, #20]
10003486:	9b0a      	ldr	r3, [sp, #40]	; 0x28
10003488:	9304      	str	r3, [sp, #16]
1000348a:	4653      	mov	r3, sl
1000348c:	9303      	str	r3, [sp, #12]
1000348e:	9602      	str	r6, [sp, #8]
10003490:	0fd2      	lsrs	r2, r2, #31
10003492:	9201      	str	r2, [sp, #4]
10003494:	9100      	str	r1, [sp, #0]
10003496:	4643      	mov	r3, r8
10003498:	003a      	movs	r2, r7
1000349a:	4659      	mov	r1, fp
1000349c:	0028      	movs	r0, r5
1000349e:	f7ff fa45 	bl	1000292c <_ntoa_long>
100034a2:	0007      	movs	r7, r0
100034a4:	9b11      	ldr	r3, [sp, #68]	; 0x44
100034a6:	3301      	adds	r3, #1
100034a8:	9311      	str	r3, [sp, #68]	; 0x44
100034aa:	e6d3      	b.n	10003254 <_vsnprintf+0x20>
100034ac:	9b1c      	ldr	r3, [sp, #112]	; 0x70
100034ae:	1dda      	adds	r2, r3, #7
100034b0:	2107      	movs	r1, #7
100034b2:	438a      	bics	r2, r1
100034b4:	0011      	movs	r1, r2
100034b6:	3108      	adds	r1, #8
100034b8:	911c      	str	r1, [sp, #112]	; 0x70
100034ba:	6811      	ldr	r1, [r2, #0]
100034bc:	6853      	ldr	r3, [r2, #4]
100034be:	469c      	mov	ip, r3
100034c0:	17db      	asrs	r3, r3, #31
100034c2:	930c      	str	r3, [sp, #48]	; 0x30
100034c4:	930d      	str	r3, [sp, #52]	; 0x34
100034c6:	9a0c      	ldr	r2, [sp, #48]	; 0x30
100034c8:	9b0d      	ldr	r3, [sp, #52]	; 0x34
100034ca:	0010      	movs	r0, r2
100034cc:	4048      	eors	r0, r1
100034ce:	900e      	str	r0, [sp, #56]	; 0x38
100034d0:	4662      	mov	r2, ip
100034d2:	4053      	eors	r3, r2
100034d4:	930f      	str	r3, [sp, #60]	; 0x3c
100034d6:	980e      	ldr	r0, [sp, #56]	; 0x38
100034d8:	990f      	ldr	r1, [sp, #60]	; 0x3c
100034da:	9a0c      	ldr	r2, [sp, #48]	; 0x30
100034dc:	9b0d      	ldr	r3, [sp, #52]	; 0x34
100034de:	1a80      	subs	r0, r0, r2
100034e0:	4199      	sbcs	r1, r3
100034e2:	900e      	str	r0, [sp, #56]	; 0x38
100034e4:	910f      	str	r1, [sp, #60]	; 0x3c
100034e6:	9408      	str	r4, [sp, #32]
100034e8:	9b0a      	ldr	r3, [sp, #40]	; 0x28
100034ea:	9307      	str	r3, [sp, #28]
100034ec:	4653      	mov	r3, sl
100034ee:	9306      	str	r3, [sp, #24]
100034f0:	9604      	str	r6, [sp, #16]
100034f2:	2300      	movs	r3, #0
100034f4:	9305      	str	r3, [sp, #20]
100034f6:	4663      	mov	r3, ip
100034f8:	0fda      	lsrs	r2, r3, #31
100034fa:	9202      	str	r2, [sp, #8]
100034fc:	9000      	str	r0, [sp, #0]
100034fe:	9101      	str	r1, [sp, #4]
10003500:	4643      	mov	r3, r8
10003502:	003a      	movs	r2, r7
10003504:	4659      	mov	r1, fp
10003506:	0028      	movs	r0, r5
10003508:	f7ff fa6e 	bl	100029e8 <_ntoa_long_long>
1000350c:	0007      	movs	r7, r0
1000350e:	e7c9      	b.n	100034a4 <_vsnprintf+0x270>
10003510:	9a1c      	ldr	r2, [sp, #112]	; 0x70
10003512:	1d11      	adds	r1, r2, #4
10003514:	911c      	str	r1, [sp, #112]	; 0x70
10003516:	6812      	ldr	r2, [r2, #0]
10003518:	17d3      	asrs	r3, r2, #31
1000351a:	18d1      	adds	r1, r2, r3
1000351c:	4059      	eors	r1, r3
1000351e:	9405      	str	r4, [sp, #20]
10003520:	9b0a      	ldr	r3, [sp, #40]	; 0x28
10003522:	9304      	str	r3, [sp, #16]
10003524:	4653      	mov	r3, sl
10003526:	9303      	str	r3, [sp, #12]
10003528:	9602      	str	r6, [sp, #8]
1000352a:	0fd2      	lsrs	r2, r2, #31
1000352c:	9201      	str	r2, [sp, #4]
1000352e:	9100      	str	r1, [sp, #0]
10003530:	4643      	mov	r3, r8
10003532:	003a      	movs	r2, r7
10003534:	4659      	mov	r1, fp
10003536:	0028      	movs	r0, r5
10003538:	f7ff f9f8 	bl	1000292c <_ntoa_long>
1000353c:	0007      	movs	r7, r0
1000353e:	e7b1      	b.n	100034a4 <_vsnprintf+0x270>
10003540:	0623      	lsls	r3, r4, #24
10003542:	d505      	bpl.n	10003550 <_vsnprintf+0x31c>
10003544:	9a1c      	ldr	r2, [sp, #112]	; 0x70
10003546:	1d11      	adds	r1, r2, #4
10003548:	911c      	str	r1, [sp, #112]	; 0x70
1000354a:	2300      	movs	r3, #0
1000354c:	5ed2      	ldrsh	r2, [r2, r3]
1000354e:	e796      	b.n	1000347e <_vsnprintf+0x24a>
10003550:	9a1c      	ldr	r2, [sp, #112]	; 0x70
10003552:	1d11      	adds	r1, r2, #4
10003554:	911c      	str	r1, [sp, #112]	; 0x70
10003556:	6812      	ldr	r2, [r2, #0]
10003558:	e791      	b.n	1000347e <_vsnprintf+0x24a>
1000355a:	9b1c      	ldr	r3, [sp, #112]	; 0x70
1000355c:	1dda      	adds	r2, r3, #7
1000355e:	2107      	movs	r1, #7
10003560:	438a      	bics	r2, r1
10003562:	0011      	movs	r1, r2
10003564:	3108      	adds	r1, #8
10003566:	911c      	str	r1, [sp, #112]	; 0x70
10003568:	9408      	str	r4, [sp, #32]
1000356a:	9b0a      	ldr	r3, [sp, #40]	; 0x28
1000356c:	9307      	str	r3, [sp, #28]
1000356e:	4653      	mov	r3, sl
10003570:	9306      	str	r3, [sp, #24]
10003572:	9604      	str	r6, [sp, #16]
10003574:	2300      	movs	r3, #0
10003576:	9305      	str	r3, [sp, #20]
10003578:	9302      	str	r3, [sp, #8]
1000357a:	6813      	ldr	r3, [r2, #0]
1000357c:	6854      	ldr	r4, [r2, #4]
1000357e:	9300      	str	r3, [sp, #0]
10003580:	9401      	str	r4, [sp, #4]
10003582:	4643      	mov	r3, r8
10003584:	003a      	movs	r2, r7
10003586:	4659      	mov	r1, fp
10003588:	0028      	movs	r0, r5
1000358a:	f7ff fa2d 	bl	100029e8 <_ntoa_long_long>
1000358e:	0007      	movs	r7, r0
10003590:	e788      	b.n	100034a4 <_vsnprintf+0x270>
10003592:	9a1c      	ldr	r2, [sp, #112]	; 0x70
10003594:	1d11      	adds	r1, r2, #4
10003596:	911c      	str	r1, [sp, #112]	; 0x70
10003598:	9405      	str	r4, [sp, #20]
1000359a:	9b0a      	ldr	r3, [sp, #40]	; 0x28
1000359c:	9304      	str	r3, [sp, #16]
1000359e:	4653      	mov	r3, sl
100035a0:	9303      	str	r3, [sp, #12]
100035a2:	9602      	str	r6, [sp, #8]
100035a4:	2300      	movs	r3, #0
100035a6:	9301      	str	r3, [sp, #4]
100035a8:	6813      	ldr	r3, [r2, #0]
100035aa:	9300      	str	r3, [sp, #0]
100035ac:	4643      	mov	r3, r8
100035ae:	003a      	movs	r2, r7
100035b0:	4659      	mov	r1, fp
100035b2:	0028      	movs	r0, r5
100035b4:	f7ff f9ba 	bl	1000292c <_ntoa_long>
100035b8:	0007      	movs	r7, r0
100035ba:	e773      	b.n	100034a4 <_vsnprintf+0x270>
100035bc:	0623      	lsls	r3, r4, #24
100035be:	d50d      	bpl.n	100035dc <_vsnprintf+0x3a8>
100035c0:	9a1c      	ldr	r2, [sp, #112]	; 0x70
100035c2:	1d11      	adds	r1, r2, #4
100035c4:	911c      	str	r1, [sp, #112]	; 0x70
100035c6:	6812      	ldr	r2, [r2, #0]
100035c8:	0412      	lsls	r2, r2, #16
100035ca:	0c12      	lsrs	r2, r2, #16
100035cc:	e731      	b.n	10003432 <_vsnprintf+0x1fe>
100035ce:	46c0      	nop			; (mov r8, r8)
100035d0:	1000475c 	.word	0x1000475c
100035d4:	100047a0 	.word	0x100047a0
100035d8:	100047ec 	.word	0x100047ec
100035dc:	9a1c      	ldr	r2, [sp, #112]	; 0x70
100035de:	1d11      	adds	r1, r2, #4
100035e0:	911c      	str	r1, [sp, #112]	; 0x70
100035e2:	6812      	ldr	r2, [r2, #0]
100035e4:	e725      	b.n	10003432 <_vsnprintf+0x1fe>
100035e6:	2846      	cmp	r0, #70	; 0x46
100035e8:	d01a      	beq.n	10003620 <_vsnprintf+0x3ec>
100035ea:	9b1c      	ldr	r3, [sp, #112]	; 0x70
100035ec:	3307      	adds	r3, #7
100035ee:	2207      	movs	r2, #7
100035f0:	4393      	bics	r3, r2
100035f2:	001a      	movs	r2, r3
100035f4:	3208      	adds	r2, #8
100035f6:	921c      	str	r2, [sp, #112]	; 0x70
100035f8:	9404      	str	r4, [sp, #16]
100035fa:	9a0a      	ldr	r2, [sp, #40]	; 0x28
100035fc:	9203      	str	r2, [sp, #12]
100035fe:	4652      	mov	r2, sl
10003600:	9202      	str	r2, [sp, #8]
10003602:	685c      	ldr	r4, [r3, #4]
10003604:	681b      	ldr	r3, [r3, #0]
10003606:	9300      	str	r3, [sp, #0]
10003608:	9401      	str	r4, [sp, #4]
1000360a:	4643      	mov	r3, r8
1000360c:	003a      	movs	r2, r7
1000360e:	4659      	mov	r1, fp
10003610:	0028      	movs	r0, r5
10003612:	f7ff fc65 	bl	10002ee0 <_ftoa>
10003616:	0007      	movs	r7, r0
10003618:	9b11      	ldr	r3, [sp, #68]	; 0x44
1000361a:	3301      	adds	r3, #1
1000361c:	9311      	str	r3, [sp, #68]	; 0x44
1000361e:	e619      	b.n	10003254 <_vsnprintf+0x20>
10003620:	2320      	movs	r3, #32
10003622:	431c      	orrs	r4, r3
10003624:	e7e1      	b.n	100035ea <_vsnprintf+0x3b6>
10003626:	2867      	cmp	r0, #103	; 0x67
10003628:	d001      	beq.n	1000362e <_vsnprintf+0x3fa>
1000362a:	2847      	cmp	r0, #71	; 0x47
1000362c:	d102      	bne.n	10003634 <_vsnprintf+0x400>
1000362e:	2380      	movs	r3, #128	; 0x80
10003630:	011b      	lsls	r3, r3, #4
10003632:	431c      	orrs	r4, r3
10003634:	2845      	cmp	r0, #69	; 0x45
10003636:	d001      	beq.n	1000363c <_vsnprintf+0x408>
10003638:	2847      	cmp	r0, #71	; 0x47
1000363a:	d101      	bne.n	10003640 <_vsnprintf+0x40c>
1000363c:	2320      	movs	r3, #32
1000363e:	431c      	orrs	r4, r3
10003640:	9b1c      	ldr	r3, [sp, #112]	; 0x70
10003642:	3307      	adds	r3, #7
10003644:	2207      	movs	r2, #7
10003646:	4393      	bics	r3, r2
10003648:	001a      	movs	r2, r3
1000364a:	3208      	adds	r2, #8
1000364c:	921c      	str	r2, [sp, #112]	; 0x70
1000364e:	9404      	str	r4, [sp, #16]
10003650:	9a0a      	ldr	r2, [sp, #40]	; 0x28
10003652:	9203      	str	r2, [sp, #12]
10003654:	4652      	mov	r2, sl
10003656:	9202      	str	r2, [sp, #8]
10003658:	685c      	ldr	r4, [r3, #4]
1000365a:	681b      	ldr	r3, [r3, #0]
1000365c:	9300      	str	r3, [sp, #0]
1000365e:	9401      	str	r4, [sp, #4]
10003660:	4643      	mov	r3, r8
10003662:	003a      	movs	r2, r7
10003664:	4659      	mov	r1, fp
10003666:	0028      	movs	r0, r5
10003668:	f7ff fa30 	bl	10002acc <_etoa>
1000366c:	0007      	movs	r7, r0
1000366e:	9b11      	ldr	r3, [sp, #68]	; 0x44
10003670:	3301      	adds	r3, #1
10003672:	9311      	str	r3, [sp, #68]	; 0x44
10003674:	e5ee      	b.n	10003254 <_vsnprintf+0x20>
10003676:	2302      	movs	r3, #2
10003678:	001a      	movs	r2, r3
1000367a:	4022      	ands	r2, r4
1000367c:	4692      	mov	sl, r2
1000367e:	4223      	tst	r3, r4
10003680:	d01f      	beq.n	100036c2 <_vsnprintf+0x48e>
10003682:	2401      	movs	r4, #1
10003684:	9b1c      	ldr	r3, [sp, #112]	; 0x70
10003686:	1d1a      	adds	r2, r3, #4
10003688:	921c      	str	r2, [sp, #112]	; 0x70
1000368a:	1c7a      	adds	r2, r7, #1
1000368c:	4691      	mov	r9, r2
1000368e:	7818      	ldrb	r0, [r3, #0]
10003690:	4643      	mov	r3, r8
10003692:	003a      	movs	r2, r7
10003694:	4659      	mov	r1, fp
10003696:	47a8      	blx	r5
10003698:	4653      	mov	r3, sl
1000369a:	2b00      	cmp	r3, #0
1000369c:	d116      	bne.n	100036cc <_vsnprintf+0x498>
1000369e:	9b11      	ldr	r3, [sp, #68]	; 0x44
100036a0:	3301      	adds	r3, #1
100036a2:	9311      	str	r3, [sp, #68]	; 0x44
100036a4:	464f      	mov	r7, r9
100036a6:	e5d5      	b.n	10003254 <_vsnprintf+0x20>
100036a8:	1c56      	adds	r6, r2, #1
100036aa:	4643      	mov	r3, r8
100036ac:	4659      	mov	r1, fp
100036ae:	2020      	movs	r0, #32
100036b0:	47b8      	blx	r7
100036b2:	0023      	movs	r3, r4
100036b4:	0032      	movs	r2, r6
100036b6:	1c5c      	adds	r4, r3, #1
100036b8:	429d      	cmp	r5, r3
100036ba:	d8f5      	bhi.n	100036a8 <_vsnprintf+0x474>
100036bc:	003d      	movs	r5, r7
100036be:	0017      	movs	r7, r2
100036c0:	e7e0      	b.n	10003684 <_vsnprintf+0x450>
100036c2:	2301      	movs	r3, #1
100036c4:	003a      	movs	r2, r7
100036c6:	002f      	movs	r7, r5
100036c8:	9d0a      	ldr	r5, [sp, #40]	; 0x28
100036ca:	e7f4      	b.n	100036b6 <_vsnprintf+0x482>
100036cc:	464a      	mov	r2, r9
100036ce:	46a9      	mov	r9, r5
100036d0:	9d0a      	ldr	r5, [sp, #40]	; 0x28
100036d2:	e006      	b.n	100036e2 <_vsnprintf+0x4ae>
100036d4:	1c57      	adds	r7, r2, #1
100036d6:	4643      	mov	r3, r8
100036d8:	4659      	mov	r1, fp
100036da:	2020      	movs	r0, #32
100036dc:	47c8      	blx	r9
100036de:	0034      	movs	r4, r6
100036e0:	003a      	movs	r2, r7
100036e2:	1c66      	adds	r6, r4, #1
100036e4:	42a5      	cmp	r5, r4
100036e6:	d8f5      	bhi.n	100036d4 <_vsnprintf+0x4a0>
100036e8:	464d      	mov	r5, r9
100036ea:	4691      	mov	r9, r2
100036ec:	e7d7      	b.n	1000369e <_vsnprintf+0x46a>
100036ee:	9b1c      	ldr	r3, [sp, #112]	; 0x70
100036f0:	1d1a      	adds	r2, r3, #4
100036f2:	921c      	str	r2, [sp, #112]	; 0x70
100036f4:	681b      	ldr	r3, [r3, #0]
100036f6:	4699      	mov	r9, r3
100036f8:	4653      	mov	r3, sl
100036fa:	2b00      	cmp	r3, #0
100036fc:	d100      	bne.n	10003700 <_vsnprintf+0x4cc>
100036fe:	3b01      	subs	r3, #1
10003700:	464e      	mov	r6, r9
10003702:	e001      	b.n	10003708 <_vsnprintf+0x4d4>
10003704:	3601      	adds	r6, #1
10003706:	0013      	movs	r3, r2
10003708:	7832      	ldrb	r2, [r6, #0]
1000370a:	2a00      	cmp	r2, #0
1000370c:	d002      	beq.n	10003714 <_vsnprintf+0x4e0>
1000370e:	1e5a      	subs	r2, r3, #1
10003710:	2b00      	cmp	r3, #0
10003712:	d1f7      	bne.n	10003704 <_vsnprintf+0x4d0>
10003714:	464b      	mov	r3, r9
10003716:	1af2      	subs	r2, r6, r3
10003718:	9210      	str	r2, [sp, #64]	; 0x40
1000371a:	2380      	movs	r3, #128	; 0x80
1000371c:	00db      	lsls	r3, r3, #3
1000371e:	0026      	movs	r6, r4
10003720:	401e      	ands	r6, r3
10003722:	421c      	tst	r4, r3
10003724:	d003      	beq.n	1000372e <_vsnprintf+0x4fa>
10003726:	4552      	cmp	r2, sl
10003728:	d901      	bls.n	1000372e <_vsnprintf+0x4fa>
1000372a:	4653      	mov	r3, sl
1000372c:	9310      	str	r3, [sp, #64]	; 0x40
1000372e:	2302      	movs	r3, #2
10003730:	001a      	movs	r2, r3
10003732:	4022      	ands	r2, r4
10003734:	920b      	str	r2, [sp, #44]	; 0x2c
10003736:	4223      	tst	r3, r4
10003738:	d005      	beq.n	10003746 <_vsnprintf+0x512>
1000373a:	003a      	movs	r2, r7
1000373c:	0037      	movs	r7, r6
1000373e:	464c      	mov	r4, r9
10003740:	46a9      	mov	r9, r5
10003742:	4655      	mov	r5, sl
10003744:	e020      	b.n	10003788 <_vsnprintf+0x554>
10003746:	003a      	movs	r2, r7
10003748:	9b10      	ldr	r3, [sp, #64]	; 0x40
1000374a:	465f      	mov	r7, fp
1000374c:	46b3      	mov	fp, r6
1000374e:	002e      	movs	r6, r5
10003750:	e006      	b.n	10003760 <_vsnprintf+0x52c>
10003752:	1c55      	adds	r5, r2, #1
10003754:	4643      	mov	r3, r8
10003756:	0039      	movs	r1, r7
10003758:	2020      	movs	r0, #32
1000375a:	47b0      	blx	r6
1000375c:	0023      	movs	r3, r4
1000375e:	002a      	movs	r2, r5
10003760:	1c5c      	adds	r4, r3, #1
10003762:	990a      	ldr	r1, [sp, #40]	; 0x28
10003764:	4299      	cmp	r1, r3
10003766:	d8f4      	bhi.n	10003752 <_vsnprintf+0x51e>
10003768:	0035      	movs	r5, r6
1000376a:	465e      	mov	r6, fp
1000376c:	46bb      	mov	fp, r7
1000376e:	9410      	str	r4, [sp, #64]	; 0x40
10003770:	0037      	movs	r7, r6
10003772:	464c      	mov	r4, r9
10003774:	46a9      	mov	r9, r5
10003776:	4655      	mov	r5, sl
10003778:	e006      	b.n	10003788 <_vsnprintf+0x554>
1000377a:	001d      	movs	r5, r3
1000377c:	3401      	adds	r4, #1
1000377e:	1c56      	adds	r6, r2, #1
10003780:	4643      	mov	r3, r8
10003782:	4659      	mov	r1, fp
10003784:	47c8      	blx	r9
10003786:	0032      	movs	r2, r6
10003788:	7820      	ldrb	r0, [r4, #0]
1000378a:	2800      	cmp	r0, #0
1000378c:	d004      	beq.n	10003798 <_vsnprintf+0x564>
1000378e:	2f00      	cmp	r7, #0
10003790:	d0f4      	beq.n	1000377c <_vsnprintf+0x548>
10003792:	1e6b      	subs	r3, r5, #1
10003794:	2d00      	cmp	r5, #0
10003796:	d1f0      	bne.n	1000377a <_vsnprintf+0x546>
10003798:	0017      	movs	r7, r2
1000379a:	464d      	mov	r5, r9
1000379c:	9b0b      	ldr	r3, [sp, #44]	; 0x2c
1000379e:	2b00      	cmp	r3, #0
100037a0:	d103      	bne.n	100037aa <_vsnprintf+0x576>
100037a2:	9b11      	ldr	r3, [sp, #68]	; 0x44
100037a4:	3301      	adds	r3, #1
100037a6:	9311      	str	r3, [sp, #68]	; 0x44
100037a8:	e554      	b.n	10003254 <_vsnprintf+0x20>
100037aa:	9f0a      	ldr	r7, [sp, #40]	; 0x28
100037ac:	9b10      	ldr	r3, [sp, #64]	; 0x40
100037ae:	e006      	b.n	100037be <_vsnprintf+0x58a>
100037b0:	1c56      	adds	r6, r2, #1
100037b2:	4643      	mov	r3, r8
100037b4:	4659      	mov	r1, fp
100037b6:	2020      	movs	r0, #32
100037b8:	47a8      	blx	r5
100037ba:	0023      	movs	r3, r4
100037bc:	0032      	movs	r2, r6
100037be:	1c5c      	adds	r4, r3, #1
100037c0:	429f      	cmp	r7, r3
100037c2:	d8f5      	bhi.n	100037b0 <_vsnprintf+0x57c>
100037c4:	0017      	movs	r7, r2
100037c6:	e7ec      	b.n	100037a2 <_vsnprintf+0x56e>
100037c8:	2321      	movs	r3, #33	; 0x21
100037ca:	431c      	orrs	r4, r3
100037cc:	9b1c      	ldr	r3, [sp, #112]	; 0x70
100037ce:	1d1a      	adds	r2, r3, #4
100037d0:	921c      	str	r2, [sp, #112]	; 0x70
100037d2:	681b      	ldr	r3, [r3, #0]
100037d4:	9300      	str	r3, [sp, #0]
100037d6:	9405      	str	r4, [sp, #20]
100037d8:	2308      	movs	r3, #8
100037da:	9304      	str	r3, [sp, #16]
100037dc:	4653      	mov	r3, sl
100037de:	9303      	str	r3, [sp, #12]
100037e0:	2310      	movs	r3, #16
100037e2:	9302      	str	r3, [sp, #8]
100037e4:	2300      	movs	r3, #0
100037e6:	9301      	str	r3, [sp, #4]
100037e8:	4643      	mov	r3, r8
100037ea:	003a      	movs	r2, r7
100037ec:	4659      	mov	r1, fp
100037ee:	0028      	movs	r0, r5
100037f0:	f7ff f89c 	bl	1000292c <_ntoa_long>
100037f4:	0007      	movs	r7, r0
100037f6:	9b11      	ldr	r3, [sp, #68]	; 0x44
100037f8:	3301      	adds	r3, #1
100037fa:	9311      	str	r3, [sp, #68]	; 0x44
100037fc:	e52a      	b.n	10003254 <_vsnprintf+0x20>
100037fe:	1c7c      	adds	r4, r7, #1
10003800:	4643      	mov	r3, r8
10003802:	003a      	movs	r2, r7
10003804:	4659      	mov	r1, fp
10003806:	2025      	movs	r0, #37	; 0x25
10003808:	47a8      	blx	r5
1000380a:	9b11      	ldr	r3, [sp, #68]	; 0x44
1000380c:	3301      	adds	r3, #1
1000380e:	9311      	str	r3, [sp, #68]	; 0x44
10003810:	0027      	movs	r7, r4
10003812:	e51f      	b.n	10003254 <_vsnprintf+0x20>
10003814:	1c7c      	adds	r4, r7, #1
10003816:	4643      	mov	r3, r8
10003818:	003a      	movs	r2, r7
1000381a:	4659      	mov	r1, fp
1000381c:	47a8      	blx	r5
1000381e:	9b11      	ldr	r3, [sp, #68]	; 0x44
10003820:	3301      	adds	r3, #1
10003822:	9311      	str	r3, [sp, #68]	; 0x44
10003824:	0027      	movs	r7, r4
10003826:	e515      	b.n	10003254 <_vsnprintf+0x20>
10003828:	4b0a      	ldr	r3, [pc, #40]	; (10003854 <_vsnprintf+0x620>)
1000382a:	469a      	mov	sl, r3
1000382c:	e510      	b.n	10003250 <_vsnprintf+0x1c>
1000382e:	46aa      	mov	sl, r5
10003830:	4547      	cmp	r7, r8
10003832:	d302      	bcc.n	1000383a <_vsnprintf+0x606>
10003834:	4643      	mov	r3, r8
10003836:	1e5a      	subs	r2, r3, #1
10003838:	e000      	b.n	1000383c <_vsnprintf+0x608>
1000383a:	003a      	movs	r2, r7
1000383c:	4643      	mov	r3, r8
1000383e:	4659      	mov	r1, fp
10003840:	2000      	movs	r0, #0
10003842:	47d0      	blx	sl
10003844:	0038      	movs	r0, r7
10003846:	b013      	add	sp, #76	; 0x4c
10003848:	bcf0      	pop	{r4, r5, r6, r7}
1000384a:	46bb      	mov	fp, r7
1000384c:	46b2      	mov	sl, r6
1000384e:	46a9      	mov	r9, r5
10003850:	46a0      	mov	r8, r4
10003852:	bdf0      	pop	{r4, r5, r6, r7, pc}
10003854:	10002739 	.word	0x10002739

10003858 <__wrap_snprintf>:
10003858:	b40c      	push	{r2, r3}
1000385a:	b510      	push	{r4, lr}
1000385c:	b084      	sub	sp, #16
1000385e:	000a      	movs	r2, r1
10003860:	ac06      	add	r4, sp, #24
10003862:	cc08      	ldmia	r4!, {r3}
10003864:	9403      	str	r4, [sp, #12]
10003866:	9400      	str	r4, [sp, #0]
10003868:	0001      	movs	r1, r0
1000386a:	4804      	ldr	r0, [pc, #16]	; (1000387c <__wrap_snprintf+0x24>)
1000386c:	f7ff fce2 	bl	10003234 <_vsnprintf>
10003870:	b004      	add	sp, #16
10003872:	bc10      	pop	{r4}
10003874:	bc08      	pop	{r3}
10003876:	b002      	add	sp, #8
10003878:	4718      	bx	r3
1000387a:	46c0      	nop			; (mov r8, r8)
1000387c:	10002731 	.word	0x10002731

10003880 <vfctprintf>:
10003880:	b500      	push	{lr}
10003882:	b085      	sub	sp, #20
10003884:	9002      	str	r0, [sp, #8]
10003886:	9103      	str	r1, [sp, #12]
10003888:	2101      	movs	r1, #1
1000388a:	9300      	str	r3, [sp, #0]
1000388c:	0013      	movs	r3, r2
1000388e:	424a      	negs	r2, r1
10003890:	a902      	add	r1, sp, #8
10003892:	4802      	ldr	r0, [pc, #8]	; (1000389c <vfctprintf+0x1c>)
10003894:	f7ff fcce 	bl	10003234 <_vsnprintf>
10003898:	b005      	add	sp, #20
1000389a:	bd00      	pop	{pc}
1000389c:	1000273b 	.word	0x1000273b

100038a0 <_exit>:
100038a0:	be00      	bkpt	0x0000
100038a2:	e7fd      	b.n	100038a0 <_exit>

100038a4 <exit>:
100038a4:	b510      	push	{r4, lr}
100038a6:	f7ff fffb 	bl	100038a0 <_exit>
	...

100038ac <__assert_func>:
100038ac:	b510      	push	{r4, lr}
100038ae:	b082      	sub	sp, #8
100038b0:	000c      	movs	r4, r1
100038b2:	0019      	movs	r1, r3
100038b4:	2a00      	cmp	r2, #0
100038b6:	d00c      	beq.n	100038d2 <__assert_func+0x26>
100038b8:	4b08      	ldr	r3, [pc, #32]	; (100038dc <__assert_func+0x30>)
100038ba:	2a00      	cmp	r2, #0
100038bc:	d00b      	beq.n	100038d6 <__assert_func+0x2a>
100038be:	9201      	str	r2, [sp, #4]
100038c0:	9300      	str	r3, [sp, #0]
100038c2:	0023      	movs	r3, r4
100038c4:	0002      	movs	r2, r0
100038c6:	4806      	ldr	r0, [pc, #24]	; (100038e0 <__assert_func+0x34>)
100038c8:	f000 f960 	bl	10003b8c <__wrap_printf>
100038cc:	2001      	movs	r0, #1
100038ce:	f7ff ffe7 	bl	100038a0 <_exit>
100038d2:	4b04      	ldr	r3, [pc, #16]	; (100038e4 <__assert_func+0x38>)
100038d4:	e7f1      	b.n	100038ba <__assert_func+0xe>
100038d6:	4a03      	ldr	r2, [pc, #12]	; (100038e4 <__assert_func+0x38>)
100038d8:	e7f1      	b.n	100038be <__assert_func+0x12>
100038da:	46c0      	nop			; (mov r8, r8)
100038dc:	10004990 	.word	0x10004990
100038e0:	100049a0 	.word	0x100049a0
100038e4:	1000499c 	.word	0x1000499c

100038e8 <runtime_init>:
100038e8:	b510      	push	{r4, lr}
100038ea:	f3ef 8305 	mrs	r3, IPSR
100038ee:	2b00      	cmp	r3, #0
100038f0:	d000      	beq.n	100038f4 <runtime_init+0xc>
100038f2:	be00      	bkpt	0x0000
100038f4:	f7fd ff0e 	bl	10001714 <runtime_run_initializers>
100038f8:	4c03      	ldr	r4, [pc, #12]	; (10003908 <runtime_init+0x20>)
100038fa:	e001      	b.n	10003900 <runtime_init+0x18>
100038fc:	cc08      	ldmia	r4!, {r3}
100038fe:	4798      	blx	r3
10003900:	4b02      	ldr	r3, [pc, #8]	; (1000390c <runtime_init+0x24>)
10003902:	429c      	cmp	r4, r3
10003904:	d3fa      	bcc.n	100038fc <runtime_init+0x14>
10003906:	bd10      	pop	{r4, pc}
10003908:	10003f04 	.word	0x10003f04
1000390c:	10003f08 	.word	0x10003f08

10003910 <stdio_out_chars_no_crlf>:
10003910:	b510      	push	{r4, lr}
10003912:	0003      	movs	r3, r0
10003914:	0008      	movs	r0, r1
10003916:	0011      	movs	r1, r2
10003918:	681b      	ldr	r3, [r3, #0]
1000391a:	4798      	blx	r3
1000391c:	bd10      	pop	{r4, pc}
	...

10003920 <stdio_out_chars_crlf>:
10003920:	b5f8      	push	{r3, r4, r5, r6, r7, lr}
10003922:	0007      	movs	r7, r0
10003924:	000d      	movs	r5, r1
10003926:	0016      	movs	r6, r2
10003928:	7d43      	ldrb	r3, [r0, #21]
1000392a:	2b00      	cmp	r3, #0
1000392c:	d002      	beq.n	10003934 <stdio_out_chars_crlf+0x14>
1000392e:	2400      	movs	r4, #0
10003930:	2000      	movs	r0, #0
10003932:	e00c      	b.n	1000394e <stdio_out_chars_crlf+0x2e>
10003934:	6803      	ldr	r3, [r0, #0]
10003936:	0011      	movs	r1, r2
10003938:	0028      	movs	r0, r5
1000393a:	4798      	blx	r3
1000393c:	e02d      	b.n	1000399a <stdio_out_chars_crlf+0x7a>
1000393e:	7d3b      	ldrb	r3, [r7, #20]
10003940:	e010      	b.n	10003964 <stdio_out_chars_crlf+0x44>
10003942:	2102      	movs	r1, #2
10003944:	4815      	ldr	r0, [pc, #84]	; (1000399c <stdio_out_chars_crlf+0x7c>)
10003946:	683b      	ldr	r3, [r7, #0]
10003948:	4798      	blx	r3
1000394a:	1c60      	adds	r0, r4, #1
1000394c:	3401      	adds	r4, #1
1000394e:	42b4      	cmp	r4, r6
10003950:	da14      	bge.n	1000397c <stdio_out_chars_crlf+0x5c>
10003952:	2c00      	cmp	r4, #0
10003954:	ddf3      	ble.n	1000393e <stdio_out_chars_crlf+0x1e>
10003956:	192b      	adds	r3, r5, r4
10003958:	3b01      	subs	r3, #1
1000395a:	781b      	ldrb	r3, [r3, #0]
1000395c:	3b0d      	subs	r3, #13
1000395e:	425a      	negs	r2, r3
10003960:	4153      	adcs	r3, r2
10003962:	b2db      	uxtb	r3, r3
10003964:	5d2a      	ldrb	r2, [r5, r4]
10003966:	2a0a      	cmp	r2, #10
10003968:	d1f0      	bne.n	1000394c <stdio_out_chars_crlf+0x2c>
1000396a:	2b00      	cmp	r3, #0
1000396c:	d1ee      	bne.n	1000394c <stdio_out_chars_crlf+0x2c>
1000396e:	42a0      	cmp	r0, r4
10003970:	dae7      	bge.n	10003942 <stdio_out_chars_crlf+0x22>
10003972:	1a21      	subs	r1, r4, r0
10003974:	1828      	adds	r0, r5, r0
10003976:	683b      	ldr	r3, [r7, #0]
10003978:	4798      	blx	r3
1000397a:	e7e2      	b.n	10003942 <stdio_out_chars_crlf+0x22>
1000397c:	42b0      	cmp	r0, r6
1000397e:	da03      	bge.n	10003988 <stdio_out_chars_crlf+0x68>
10003980:	1a31      	subs	r1, r6, r0
10003982:	1828      	adds	r0, r5, r0
10003984:	683b      	ldr	r3, [r7, #0]
10003986:	4798      	blx	r3
10003988:	2e00      	cmp	r6, #0
1000398a:	dd06      	ble.n	1000399a <stdio_out_chars_crlf+0x7a>
1000398c:	19ad      	adds	r5, r5, r6
1000398e:	3d01      	subs	r5, #1
10003990:	782b      	ldrb	r3, [r5, #0]
10003992:	3b0d      	subs	r3, #13
10003994:	425a      	negs	r2, r3
10003996:	4153      	adcs	r3, r2
10003998:	753b      	strb	r3, [r7, #20]
1000399a:	bdf8      	pop	{r3, r4, r5, r6, r7, pc}
1000399c:	100049d0 	.word	0x100049d0

100039a0 <stdio_stack_buffer_flush>:
100039a0:	b570      	push	{r4, r5, r6, lr}
100039a2:	0005      	movs	r5, r0
100039a4:	6803      	ldr	r3, [r0, #0]
100039a6:	2b00      	cmp	r3, #0
100039a8:	d016      	beq.n	100039d8 <stdio_stack_buffer_flush+0x38>
100039aa:	4b0c      	ldr	r3, [pc, #48]	; (100039dc <stdio_stack_buffer_flush+0x3c>)
100039ac:	681c      	ldr	r4, [r3, #0]
100039ae:	e005      	b.n	100039bc <stdio_stack_buffer_flush+0x1c>
100039b0:	0029      	movs	r1, r5
100039b2:	c904      	ldmia	r1!, {r2}
100039b4:	0020      	movs	r0, r4
100039b6:	f7ff ffb3 	bl	10003920 <stdio_out_chars_crlf>
100039ba:	6924      	ldr	r4, [r4, #16]
100039bc:	2c00      	cmp	r4, #0
100039be:	d009      	beq.n	100039d4 <stdio_stack_buffer_flush+0x34>
100039c0:	6823      	ldr	r3, [r4, #0]
100039c2:	2b00      	cmp	r3, #0
100039c4:	d0f9      	beq.n	100039ba <stdio_stack_buffer_flush+0x1a>
100039c6:	4b06      	ldr	r3, [pc, #24]	; (100039e0 <stdio_stack_buffer_flush+0x40>)
100039c8:	681b      	ldr	r3, [r3, #0]
100039ca:	2b00      	cmp	r3, #0
100039cc:	d0f0      	beq.n	100039b0 <stdio_stack_buffer_flush+0x10>
100039ce:	42a3      	cmp	r3, r4
100039d0:	d1f3      	bne.n	100039ba <stdio_stack_buffer_flush+0x1a>
100039d2:	e7ed      	b.n	100039b0 <stdio_stack_buffer_flush+0x10>
100039d4:	2300      	movs	r3, #0
100039d6:	602b      	str	r3, [r5, #0]
100039d8:	bd70      	pop	{r4, r5, r6, pc}
100039da:	46c0      	nop			; (mov r8, r8)
100039dc:	200004b8 	.word	0x200004b8
100039e0:	200004bc 	.word	0x200004bc

100039e4 <stdio_buffered_printer>:
100039e4:	b570      	push	{r4, r5, r6, lr}
100039e6:	0005      	movs	r5, r0
100039e8:	000c      	movs	r4, r1
100039ea:	680b      	ldr	r3, [r1, #0]
100039ec:	2b80      	cmp	r3, #128	; 0x80
100039ee:	d005      	beq.n	100039fc <stdio_buffered_printer+0x18>
100039f0:	6821      	ldr	r1, [r4, #0]
100039f2:	1c4b      	adds	r3, r1, #1
100039f4:	6023      	str	r3, [r4, #0]
100039f6:	1864      	adds	r4, r4, r1
100039f8:	7125      	strb	r5, [r4, #4]
100039fa:	bd70      	pop	{r4, r5, r6, pc}
100039fc:	0008      	movs	r0, r1
100039fe:	f7ff ffcf 	bl	100039a0 <stdio_stack_buffer_flush>
10003a02:	e7f5      	b.n	100039f0 <stdio_buffered_printer+0xc>

10003a04 <stdout_serialize_begin>:
10003a04:	b510      	push	{r4, lr}
10003a06:	f7fd fc7b 	bl	10001300 <time_us_64>
10003a0a:	4a07      	ldr	r2, [pc, #28]	; (10003a28 <stdout_serialize_begin+0x24>)
10003a0c:	2300      	movs	r3, #0
10003a0e:	1812      	adds	r2, r2, r0
10003a10:	414b      	adcs	r3, r1
10003a12:	2b00      	cmp	r3, #0
10003a14:	db03      	blt.n	10003a1e <stdout_serialize_begin+0x1a>
10003a16:	4805      	ldr	r0, [pc, #20]	; (10003a2c <stdout_serialize_begin+0x28>)
10003a18:	f000 fa4e 	bl	10003eb8 <__mutex_try_enter_block_until_veneer>
10003a1c:	bd10      	pop	{r4, pc}
10003a1e:	2201      	movs	r2, #1
10003a20:	4252      	negs	r2, r2
10003a22:	4b03      	ldr	r3, [pc, #12]	; (10003a30 <stdout_serialize_begin+0x2c>)
10003a24:	e7f7      	b.n	10003a16 <stdout_serialize_begin+0x12>
10003a26:	46c0      	nop			; (mov r8, r8)
10003a28:	000f4240 	.word	0x000f4240
10003a2c:	200002d8 	.word	0x200002d8
10003a30:	7fffffff 	.word	0x7fffffff

10003a34 <stdout_serialize_end>:
10003a34:	b510      	push	{r4, lr}
10003a36:	4802      	ldr	r0, [pc, #8]	; (10003a40 <stdout_serialize_end+0xc>)
10003a38:	f000 fa26 	bl	10003e88 <__mutex_exit_veneer>
10003a3c:	bd10      	pop	{r4, pc}
10003a3e:	46c0      	nop			; (mov r8, r8)
10003a40:	200002d8 	.word	0x200002d8

10003a44 <stdio_put_string>:
10003a44:	b5f0      	push	{r4, r5, r6, r7, lr}
10003a46:	46ce      	mov	lr, r9
10003a48:	4647      	mov	r7, r8
10003a4a:	b580      	push	{r7, lr}
10003a4c:	b083      	sub	sp, #12
10003a4e:	0006      	movs	r6, r0
10003a50:	000d      	movs	r5, r1
10003a52:	4690      	mov	r8, r2
10003a54:	001c      	movs	r4, r3
10003a56:	f7ff ffd5 	bl	10003a04 <stdout_serialize_begin>
10003a5a:	4681      	mov	r9, r0
10003a5c:	1c6b      	adds	r3, r5, #1
10003a5e:	d005      	beq.n	10003a6c <stdio_put_string+0x28>
10003a60:	2c00      	cmp	r4, #0
10003a62:	d008      	beq.n	10003a76 <stdio_put_string+0x32>
10003a64:	4f18      	ldr	r7, [pc, #96]	; (10003ac8 <stdio_put_string+0x84>)
10003a66:	4b19      	ldr	r3, [pc, #100]	; (10003acc <stdio_put_string+0x88>)
10003a68:	681c      	ldr	r4, [r3, #0]
10003a6a:	e007      	b.n	10003a7c <stdio_put_string+0x38>
10003a6c:	0030      	movs	r0, r6
10003a6e:	f000 f9db 	bl	10003e28 <strlen>
10003a72:	0005      	movs	r5, r0
10003a74:	e7f4      	b.n	10003a60 <stdio_put_string+0x1c>
10003a76:	4f16      	ldr	r7, [pc, #88]	; (10003ad0 <stdio_put_string+0x8c>)
10003a78:	e7f5      	b.n	10003a66 <stdio_put_string+0x22>
10003a7a:	6924      	ldr	r4, [r4, #16]
10003a7c:	2c00      	cmp	r4, #0
10003a7e:	d017      	beq.n	10003ab0 <stdio_put_string+0x6c>
10003a80:	6823      	ldr	r3, [r4, #0]
10003a82:	2b00      	cmp	r3, #0
10003a84:	d0f9      	beq.n	10003a7a <stdio_put_string+0x36>
10003a86:	4b13      	ldr	r3, [pc, #76]	; (10003ad4 <stdio_put_string+0x90>)
10003a88:	681b      	ldr	r3, [r3, #0]
10003a8a:	2b00      	cmp	r3, #0
10003a8c:	d001      	beq.n	10003a92 <stdio_put_string+0x4e>
10003a8e:	42a3      	cmp	r3, r4
10003a90:	d1f3      	bne.n	10003a7a <stdio_put_string+0x36>
10003a92:	002a      	movs	r2, r5
10003a94:	0031      	movs	r1, r6
10003a96:	0020      	movs	r0, r4
10003a98:	47b8      	blx	r7
10003a9a:	4643      	mov	r3, r8
10003a9c:	2b00      	cmp	r3, #0
10003a9e:	d0ec      	beq.n	10003a7a <stdio_put_string+0x36>
10003aa0:	466b      	mov	r3, sp
10003aa2:	1dd9      	adds	r1, r3, #7
10003aa4:	230a      	movs	r3, #10
10003aa6:	700b      	strb	r3, [r1, #0]
10003aa8:	2201      	movs	r2, #1
10003aaa:	0020      	movs	r0, r4
10003aac:	47b8      	blx	r7
10003aae:	e7e4      	b.n	10003a7a <stdio_put_string+0x36>
10003ab0:	464b      	mov	r3, r9
10003ab2:	2b00      	cmp	r3, #0
10003ab4:	d105      	bne.n	10003ac2 <stdio_put_string+0x7e>
10003ab6:	0028      	movs	r0, r5
10003ab8:	b003      	add	sp, #12
10003aba:	bcc0      	pop	{r6, r7}
10003abc:	46b9      	mov	r9, r7
10003abe:	46b0      	mov	r8, r6
10003ac0:	bdf0      	pop	{r4, r5, r6, r7, pc}
10003ac2:	f7ff ffb7 	bl	10003a34 <stdout_serialize_end>
10003ac6:	e7f6      	b.n	10003ab6 <stdio_put_string+0x72>
10003ac8:	10003921 	.word	0x10003921
10003acc:	200004b8 	.word	0x200004b8
10003ad0:	10003911 	.word	0x10003911
10003ad4:	200004bc 	.word	0x200004bc

10003ad8 <stdio_set_driver_enabled>:
10003ad8:	4a09      	ldr	r2, [pc, #36]	; (10003b00 <stdio_set_driver_enabled+0x28>)
10003ada:	e001      	b.n	10003ae0 <stdio_set_driver_enabled+0x8>
10003adc:	3310      	adds	r3, #16
10003ade:	001a      	movs	r2, r3
10003ae0:	6813      	ldr	r3, [r2, #0]
10003ae2:	2b00      	cmp	r3, #0
10003ae4:	d008      	beq.n	10003af8 <stdio_set_driver_enabled+0x20>
10003ae6:	4283      	cmp	r3, r0
10003ae8:	d1f8      	bne.n	10003adc <stdio_set_driver_enabled+0x4>
10003aea:	2900      	cmp	r1, #0
10003aec:	d107      	bne.n	10003afe <stdio_set_driver_enabled+0x26>
10003aee:	6903      	ldr	r3, [r0, #16]
10003af0:	6013      	str	r3, [r2, #0]
10003af2:	2300      	movs	r3, #0
10003af4:	6103      	str	r3, [r0, #16]
10003af6:	e002      	b.n	10003afe <stdio_set_driver_enabled+0x26>
10003af8:	2900      	cmp	r1, #0
10003afa:	d000      	beq.n	10003afe <stdio_set_driver_enabled+0x26>
10003afc:	6010      	str	r0, [r2, #0]
10003afe:	4770      	bx	lr
10003b00:	200004b8 	.word	0x200004b8

10003b04 <stdio_flush>:
10003b04:	b510      	push	{r4, lr}
10003b06:	4b06      	ldr	r3, [pc, #24]	; (10003b20 <stdio_flush+0x1c>)
10003b08:	681c      	ldr	r4, [r3, #0]
10003b0a:	e001      	b.n	10003b10 <stdio_flush+0xc>
10003b0c:	4798      	blx	r3
10003b0e:	6924      	ldr	r4, [r4, #16]
10003b10:	2c00      	cmp	r4, #0
10003b12:	d003      	beq.n	10003b1c <stdio_flush+0x18>
10003b14:	6863      	ldr	r3, [r4, #4]
10003b16:	2b00      	cmp	r3, #0
10003b18:	d1f8      	bne.n	10003b0c <stdio_flush+0x8>
10003b1a:	e7f8      	b.n	10003b0e <stdio_flush+0xa>
10003b1c:	bd10      	pop	{r4, pc}
10003b1e:	46c0      	nop			; (mov r8, r8)
10003b20:	200004b8 	.word	0x200004b8

10003b24 <stdio_init_all>:
10003b24:	b510      	push	{r4, lr}
10003b26:	f000 f93d 	bl	10003da4 <stdio_uart_init>
10003b2a:	2001      	movs	r0, #1
10003b2c:	bd10      	pop	{r4, pc}

10003b2e <__wrap_puts>:
10003b2e:	b570      	push	{r4, r5, r6, lr}
10003b30:	0005      	movs	r5, r0
10003b32:	f000 f979 	bl	10003e28 <strlen>
10003b36:	0004      	movs	r4, r0
10003b38:	2301      	movs	r3, #1
10003b3a:	2201      	movs	r2, #1
10003b3c:	0001      	movs	r1, r0
10003b3e:	0028      	movs	r0, r5
10003b40:	f7ff ff80 	bl	10003a44 <stdio_put_string>
10003b44:	f7ff ffde 	bl	10003b04 <stdio_flush>
10003b48:	0020      	movs	r0, r4
10003b4a:	bd70      	pop	{r4, r5, r6, pc}

10003b4c <__wrap_vprintf>:
10003b4c:	b570      	push	{r4, r5, r6, lr}
10003b4e:	b0a2      	sub	sp, #136	; 0x88
10003b50:	0004      	movs	r4, r0
10003b52:	000e      	movs	r6, r1
10003b54:	f7ff ff56 	bl	10003a04 <stdout_serialize_begin>
10003b58:	0005      	movs	r5, r0
10003b5a:	2300      	movs	r3, #0
10003b5c:	9301      	str	r3, [sp, #4]
10003b5e:	0033      	movs	r3, r6
10003b60:	0022      	movs	r2, r4
10003b62:	a901      	add	r1, sp, #4
10003b64:	4808      	ldr	r0, [pc, #32]	; (10003b88 <__wrap_vprintf+0x3c>)
10003b66:	f7ff fe8b 	bl	10003880 <vfctprintf>
10003b6a:	0004      	movs	r4, r0
10003b6c:	a801      	add	r0, sp, #4
10003b6e:	f7ff ff17 	bl	100039a0 <stdio_stack_buffer_flush>
10003b72:	f7ff ffc7 	bl	10003b04 <stdio_flush>
10003b76:	2d00      	cmp	r5, #0
10003b78:	d102      	bne.n	10003b80 <__wrap_vprintf+0x34>
10003b7a:	0020      	movs	r0, r4
10003b7c:	b022      	add	sp, #136	; 0x88
10003b7e:	bd70      	pop	{r4, r5, r6, pc}
10003b80:	f7ff ff58 	bl	10003a34 <stdout_serialize_end>
10003b84:	e7f9      	b.n	10003b7a <__wrap_vprintf+0x2e>
10003b86:	46c0      	nop			; (mov r8, r8)
10003b88:	100039e5 	.word	0x100039e5

10003b8c <__wrap_printf>:
10003b8c:	b40f      	push	{r0, r1, r2, r3}
10003b8e:	b500      	push	{lr}
10003b90:	b083      	sub	sp, #12
10003b92:	a904      	add	r1, sp, #16
10003b94:	c901      	ldmia	r1!, {r0}
10003b96:	9101      	str	r1, [sp, #4]
10003b98:	f7ff ffd8 	bl	10003b4c <__wrap_vprintf>
10003b9c:	b003      	add	sp, #12
10003b9e:	bc08      	pop	{r3}
10003ba0:	b004      	add	sp, #16
10003ba2:	4718      	bx	r3

10003ba4 <stdio_uart_out_chars>:
10003ba4:	b5f0      	push	{r4, r5, r6, r7, lr}
10003ba6:	b083      	sub	sp, #12
10003ba8:	0005      	movs	r5, r0
10003baa:	000e      	movs	r6, r1
10003bac:	2400      	movs	r4, #0
10003bae:	e00f      	b.n	10003bd0 <stdio_uart_out_chars+0x2c>
10003bb0:	466b      	mov	r3, sp
10003bb2:	1dd9      	adds	r1, r3, #7
10003bb4:	230d      	movs	r3, #13
10003bb6:	700b      	strb	r3, [r1, #0]
10003bb8:	2000      	movs	r0, #0
10003bba:	2800      	cmp	r0, #0
10003bbc:	d116      	bne.n	10003bec <stdio_uart_out_chars+0x48>
10003bbe:	6993      	ldr	r3, [r2, #24]
10003bc0:	069b      	lsls	r3, r3, #26
10003bc2:	d4fc      	bmi.n	10003bbe <stdio_uart_out_chars+0x1a>
10003bc4:	780b      	ldrb	r3, [r1, #0]
10003bc6:	6013      	str	r3, [r2, #0]
10003bc8:	3001      	adds	r0, #1
10003bca:	3101      	adds	r1, #1
10003bcc:	e7f5      	b.n	10003bba <stdio_uart_out_chars+0x16>
10003bce:	3401      	adds	r4, #1
10003bd0:	42b4      	cmp	r4, r6
10003bd2:	da19      	bge.n	10003c08 <stdio_uart_out_chars+0x64>
10003bd4:	4b0d      	ldr	r3, [pc, #52]	; (10003c0c <stdio_uart_out_chars+0x68>)
10003bd6:	681a      	ldr	r2, [r3, #0]
10003bd8:	5d2f      	ldrb	r7, [r5, r4]
10003bda:	4b0d      	ldr	r3, [pc, #52]	; (10003c10 <stdio_uart_out_chars+0x6c>)
10003bdc:	18d3      	adds	r3, r2, r3
10003bde:	4259      	negs	r1, r3
10003be0:	414b      	adcs	r3, r1
10003be2:	005b      	lsls	r3, r3, #1
10003be4:	490b      	ldr	r1, [pc, #44]	; (10003c14 <stdio_uart_out_chars+0x70>)
10003be6:	5e5b      	ldrsh	r3, [r3, r1]
10003be8:	42bb      	cmp	r3, r7
10003bea:	d0e1      	beq.n	10003bb0 <stdio_uart_out_chars+0xc>
10003bec:	466b      	mov	r3, sp
10003bee:	1dd9      	adds	r1, r3, #7
10003bf0:	700f      	strb	r7, [r1, #0]
10003bf2:	2000      	movs	r0, #0
10003bf4:	2800      	cmp	r0, #0
10003bf6:	d1ea      	bne.n	10003bce <stdio_uart_out_chars+0x2a>
10003bf8:	6993      	ldr	r3, [r2, #24]
10003bfa:	069b      	lsls	r3, r3, #26
10003bfc:	d4fc      	bmi.n	10003bf8 <stdio_uart_out_chars+0x54>
10003bfe:	780b      	ldrb	r3, [r1, #0]
10003c00:	6013      	str	r3, [r2, #0]
10003c02:	3001      	adds	r0, #1
10003c04:	3101      	adds	r1, #1
10003c06:	e7f5      	b.n	10003bf4 <stdio_uart_out_chars+0x50>
10003c08:	b003      	add	sp, #12
10003c0a:	bdf0      	pop	{r4, r5, r6, r7, pc}
10003c0c:	200006e4 	.word	0x200006e4
10003c10:	bffc8000 	.word	0xbffc8000
10003c14:	200006e0 	.word	0x200006e0

10003c18 <stdio_uart_in_chars>:
10003c18:	b5f0      	push	{r4, r5, r6, r7, lr}
10003c1a:	b083      	sub	sp, #12
10003c1c:	0006      	movs	r6, r0
10003c1e:	000f      	movs	r7, r1
10003c20:	2500      	movs	r5, #0
10003c22:	e004      	b.n	10003c2e <stdio_uart_in_chars+0x16>
10003c24:	466b      	mov	r3, sp
10003c26:	3307      	adds	r3, #7
10003c28:	781b      	ldrb	r3, [r3, #0]
10003c2a:	702b      	strb	r3, [r5, #0]
10003c2c:	0025      	movs	r5, r4
10003c2e:	42bd      	cmp	r5, r7
10003c30:	da15      	bge.n	10003c5e <stdio_uart_in_chars+0x46>
10003c32:	4b16      	ldr	r3, [pc, #88]	; (10003c8c <stdio_uart_in_chars+0x74>)
10003c34:	681a      	ldr	r2, [r3, #0]
10003c36:	6993      	ldr	r3, [r2, #24]
10003c38:	2410      	movs	r4, #16
10003c3a:	0021      	movs	r1, r4
10003c3c:	4019      	ands	r1, r3
10003c3e:	421c      	tst	r4, r3
10003c40:	d10d      	bne.n	10003c5e <stdio_uart_in_chars+0x46>
10003c42:	1c6c      	adds	r4, r5, #1
10003c44:	1975      	adds	r5, r6, r5
10003c46:	466b      	mov	r3, sp
10003c48:	1dd8      	adds	r0, r3, #7
10003c4a:	2900      	cmp	r1, #0
10003c4c:	d1ea      	bne.n	10003c24 <stdio_uart_in_chars+0xc>
10003c4e:	6993      	ldr	r3, [r2, #24]
10003c50:	06db      	lsls	r3, r3, #27
10003c52:	d4fc      	bmi.n	10003c4e <stdio_uart_in_chars+0x36>
10003c54:	6813      	ldr	r3, [r2, #0]
10003c56:	7003      	strb	r3, [r0, #0]
10003c58:	3101      	adds	r1, #1
10003c5a:	3001      	adds	r0, #1
10003c5c:	e7f5      	b.n	10003c4a <stdio_uart_in_chars+0x32>
10003c5e:	4b0c      	ldr	r3, [pc, #48]	; (10003c90 <stdio_uart_in_chars+0x78>)
10003c60:	681b      	ldr	r3, [r3, #0]
10003c62:	2b00      	cmp	r3, #0
10003c64:	d00a      	beq.n	10003c7c <stdio_uart_in_chars+0x64>
10003c66:	4b09      	ldr	r3, [pc, #36]	; (10003c8c <stdio_uart_in_chars+0x74>)
10003c68:	681b      	ldr	r3, [r3, #0]
10003c6a:	2250      	movs	r2, #80	; 0x50
10003c6c:	639a      	str	r2, [r3, #56]	; 0x38
10003c6e:	6b59      	ldr	r1, [r3, #52]	; 0x34
10003c70:	3a18      	subs	r2, #24
10003c72:	400a      	ands	r2, r1
10003c74:	4907      	ldr	r1, [pc, #28]	; (10003c94 <stdio_uart_in_chars+0x7c>)
10003c76:	468c      	mov	ip, r1
10003c78:	4463      	add	r3, ip
10003c7a:	601a      	str	r2, [r3, #0]
10003c7c:	2d00      	cmp	r5, #0
10003c7e:	d002      	beq.n	10003c86 <stdio_uart_in_chars+0x6e>
10003c80:	0028      	movs	r0, r5
10003c82:	b003      	add	sp, #12
10003c84:	bdf0      	pop	{r4, r5, r6, r7, pc}
10003c86:	3d03      	subs	r5, #3
10003c88:	e7fa      	b.n	10003c80 <stdio_uart_in_chars+0x68>
10003c8a:	46c0      	nop			; (mov r8, r8)
10003c8c:	200006e4 	.word	0x200006e4
10003c90:	2000047c 	.word	0x2000047c
10003c94:	00001034 	.word	0x00001034

10003c98 <on_uart_rx>:
10003c98:	b510      	push	{r4, lr}
10003c9a:	4b06      	ldr	r3, [pc, #24]	; (10003cb4 <on_uart_rx+0x1c>)
10003c9c:	681b      	ldr	r3, [r3, #0]
10003c9e:	2b00      	cmp	r3, #0
10003ca0:	d006      	beq.n	10003cb0 <on_uart_rx+0x18>
10003ca2:	4a05      	ldr	r2, [pc, #20]	; (10003cb8 <on_uart_rx+0x20>)
10003ca4:	6812      	ldr	r2, [r2, #0]
10003ca6:	2100      	movs	r1, #0
10003ca8:	6391      	str	r1, [r2, #56]	; 0x38
10003caa:	4a04      	ldr	r2, [pc, #16]	; (10003cbc <on_uart_rx+0x24>)
10003cac:	6810      	ldr	r0, [r2, #0]
10003cae:	4798      	blx	r3
10003cb0:	bd10      	pop	{r4, pc}
10003cb2:	46c0      	nop			; (mov r8, r8)
10003cb4:	2000047c 	.word	0x2000047c
10003cb8:	200006e4 	.word	0x200006e4
10003cbc:	20000480 	.word	0x20000480

10003cc0 <stdio_uart_out_flush>:
10003cc0:	4b02      	ldr	r3, [pc, #8]	; (10003ccc <stdio_uart_out_flush+0xc>)
10003cc2:	699b      	ldr	r3, [r3, #24]
10003cc4:	071b      	lsls	r3, r3, #28
10003cc6:	d4fb      	bmi.n	10003cc0 <stdio_uart_out_flush>
10003cc8:	4770      	bx	lr
10003cca:	46c0      	nop			; (mov r8, r8)
10003ccc:	40034000 	.word	0x40034000

10003cd0 <stdio_uart_set_chars_available_callback>:
10003cd0:	b570      	push	{r4, r5, r6, lr}
10003cd2:	0004      	movs	r4, r0
10003cd4:	000d      	movs	r5, r1
10003cd6:	4b1c      	ldr	r3, [pc, #112]	; (10003d48 <stdio_uart_set_chars_available_callback+0x78>)
10003cd8:	681b      	ldr	r3, [r3, #0]
10003cda:	4a1c      	ldr	r2, [pc, #112]	; (10003d4c <stdio_uart_set_chars_available_callback+0x7c>)
10003cdc:	4293      	cmp	r3, r2
10003cde:	d00d      	beq.n	10003cfc <stdio_uart_set_chars_available_callback+0x2c>
10003ce0:	2614      	movs	r6, #20
10003ce2:	2c00      	cmp	r4, #0
10003ce4:	d003      	beq.n	10003cee <stdio_uart_set_chars_available_callback+0x1e>
10003ce6:	4a1a      	ldr	r2, [pc, #104]	; (10003d50 <stdio_uart_set_chars_available_callback+0x80>)
10003ce8:	6812      	ldr	r2, [r2, #0]
10003cea:	2a00      	cmp	r2, #0
10003cec:	d008      	beq.n	10003d00 <stdio_uart_set_chars_available_callback+0x30>
10003cee:	2c00      	cmp	r4, #0
10003cf0:	d01a      	beq.n	10003d28 <stdio_uart_set_chars_available_callback+0x58>
10003cf2:	4b17      	ldr	r3, [pc, #92]	; (10003d50 <stdio_uart_set_chars_available_callback+0x80>)
10003cf4:	601c      	str	r4, [r3, #0]
10003cf6:	4b17      	ldr	r3, [pc, #92]	; (10003d54 <stdio_uart_set_chars_available_callback+0x84>)
10003cf8:	601d      	str	r5, [r3, #0]
10003cfa:	bd70      	pop	{r4, r5, r6, pc}
10003cfc:	2615      	movs	r6, #21
10003cfe:	e7f0      	b.n	10003ce2 <stdio_uart_set_chars_available_callback+0x12>
10003d00:	4915      	ldr	r1, [pc, #84]	; (10003d58 <stdio_uart_set_chars_available_callback+0x88>)
10003d02:	0030      	movs	r0, r6
10003d04:	f7fc fdce 	bl	100008a4 <irq_set_exclusive_handler>
10003d08:	2101      	movs	r1, #1
10003d0a:	0030      	movs	r0, r6
10003d0c:	f7fc fdb8 	bl	10000880 <irq_set_enabled>
10003d10:	4b0d      	ldr	r3, [pc, #52]	; (10003d48 <stdio_uart_set_chars_available_callback+0x78>)
10003d12:	681b      	ldr	r3, [r3, #0]
10003d14:	2250      	movs	r2, #80	; 0x50
10003d16:	639a      	str	r2, [r3, #56]	; 0x38
10003d18:	6b59      	ldr	r1, [r3, #52]	; 0x34
10003d1a:	3a18      	subs	r2, #24
10003d1c:	400a      	ands	r2, r1
10003d1e:	490f      	ldr	r1, [pc, #60]	; (10003d5c <stdio_uart_set_chars_available_callback+0x8c>)
10003d20:	468c      	mov	ip, r1
10003d22:	4463      	add	r3, ip
10003d24:	601a      	str	r2, [r3, #0]
10003d26:	e7e4      	b.n	10003cf2 <stdio_uart_set_chars_available_callback+0x22>
10003d28:	4a09      	ldr	r2, [pc, #36]	; (10003d50 <stdio_uart_set_chars_available_callback+0x80>)
10003d2a:	6812      	ldr	r2, [r2, #0]
10003d2c:	2a00      	cmp	r2, #0
10003d2e:	d0e0      	beq.n	10003cf2 <stdio_uart_set_chars_available_callback+0x22>
10003d30:	2200      	movs	r2, #0
10003d32:	639a      	str	r2, [r3, #56]	; 0x38
10003d34:	2100      	movs	r1, #0
10003d36:	0030      	movs	r0, r6
10003d38:	f7fc fda2 	bl	10000880 <irq_set_enabled>
10003d3c:	4906      	ldr	r1, [pc, #24]	; (10003d58 <stdio_uart_set_chars_available_callback+0x88>)
10003d3e:	0030      	movs	r0, r6
10003d40:	f7fc fdda 	bl	100008f8 <irq_remove_handler>
10003d44:	e7d5      	b.n	10003cf2 <stdio_uart_set_chars_available_callback+0x22>
10003d46:	46c0      	nop			; (mov r8, r8)
10003d48:	200006e4 	.word	0x200006e4
10003d4c:	40038000 	.word	0x40038000
10003d50:	2000047c 	.word	0x2000047c
10003d54:	20000480 	.word	0x20000480
10003d58:	10003c99 	.word	0x10003c99
10003d5c:	00001034 	.word	0x00001034

10003d60 <stdio_uart_init_full>:
10003d60:	b570      	push	{r4, r5, r6, lr}
10003d62:	000d      	movs	r5, r1
10003d64:	001c      	movs	r4, r3
10003d66:	4b0d      	ldr	r3, [pc, #52]	; (10003d9c <stdio_uart_init_full+0x3c>)
10003d68:	6018      	str	r0, [r3, #0]
10003d6a:	2a00      	cmp	r2, #0
10003d6c:	da0b      	bge.n	10003d86 <stdio_uart_init_full+0x26>
10003d6e:	2c00      	cmp	r4, #0
10003d70:	da0e      	bge.n	10003d90 <stdio_uart_init_full+0x30>
10003d72:	4b0a      	ldr	r3, [pc, #40]	; (10003d9c <stdio_uart_init_full+0x3c>)
10003d74:	6818      	ldr	r0, [r3, #0]
10003d76:	0029      	movs	r1, r5
10003d78:	f7fd fb4a 	bl	10001410 <uart_init>
10003d7c:	2101      	movs	r1, #1
10003d7e:	4808      	ldr	r0, [pc, #32]	; (10003da0 <stdio_uart_init_full+0x40>)
10003d80:	f7ff feaa 	bl	10003ad8 <stdio_set_driver_enabled>
10003d84:	bd70      	pop	{r4, r5, r6, pc}
10003d86:	2102      	movs	r1, #2
10003d88:	0010      	movs	r0, r2
10003d8a:	f7fc fc0f 	bl	100005ac <gpio_set_function>
10003d8e:	e7ee      	b.n	10003d6e <stdio_uart_init_full+0xe>
10003d90:	2102      	movs	r1, #2
10003d92:	0020      	movs	r0, r4
10003d94:	f7fc fc0a 	bl	100005ac <gpio_set_function>
10003d98:	e7eb      	b.n	10003d72 <stdio_uart_init_full+0x12>
10003d9a:	46c0      	nop			; (mov r8, r8)
10003d9c:	200006e4 	.word	0x200006e4
10003da0:	200002c0 	.word	0x200002c0

10003da4 <stdio_uart_init>:
10003da4:	b510      	push	{r4, lr}
10003da6:	4b07      	ldr	r3, [pc, #28]	; (10003dc4 <stdio_uart_init+0x20>)
10003da8:	781b      	ldrb	r3, [r3, #0]
10003daa:	4b07      	ldr	r3, [pc, #28]	; (10003dc8 <stdio_uart_init+0x24>)
10003dac:	781b      	ldrb	r3, [r3, #0]
10003dae:	4b07      	ldr	r3, [pc, #28]	; (10003dcc <stdio_uart_init+0x28>)
10003db0:	781b      	ldrb	r3, [r3, #0]
10003db2:	21e1      	movs	r1, #225	; 0xe1
10003db4:	2301      	movs	r3, #1
10003db6:	2200      	movs	r2, #0
10003db8:	0249      	lsls	r1, r1, #9
10003dba:	4805      	ldr	r0, [pc, #20]	; (10003dd0 <stdio_uart_init+0x2c>)
10003dbc:	f7ff ffd0 	bl	10003d60 <stdio_uart_init_full>
10003dc0:	bd10      	pop	{r4, pc}
10003dc2:	46c0      	nop			; (mov r8, r8)
10003dc4:	10004a58 	.word	0x10004a58
10003dc8:	10004a5c 	.word	0x10004a5c
10003dcc:	10004a60 	.word	0x10004a60
10003dd0:	40034000 	.word	0x40034000

10003dd4 <adc_init>:
10003dd4:	2301      	movs	r3, #1
10003dd6:	4a08      	ldr	r2, [pc, #32]	; (10003df8 <adc_init+0x24>)
10003dd8:	6013      	str	r3, [r2, #0]
10003dda:	4a08      	ldr	r2, [pc, #32]	; (10003dfc <adc_init+0x28>)
10003ddc:	6013      	str	r3, [r2, #0]
10003dde:	4b08      	ldr	r3, [pc, #32]	; (10003e00 <adc_init+0x2c>)
10003de0:	681a      	ldr	r2, [r3, #0]
10003de2:	2301      	movs	r3, #1
10003de4:	4393      	bics	r3, r2
10003de6:	d1fa      	bne.n	10003dde <adc_init+0xa>
10003de8:	4b06      	ldr	r3, [pc, #24]	; (10003e04 <adc_init+0x30>)
10003dea:	2201      	movs	r2, #1
10003dec:	601a      	str	r2, [r3, #0]
10003dee:	4b05      	ldr	r3, [pc, #20]	; (10003e04 <adc_init+0x30>)
10003df0:	681b      	ldr	r3, [r3, #0]
10003df2:	05db      	lsls	r3, r3, #23
10003df4:	d5fb      	bpl.n	10003dee <adc_init+0x1a>
10003df6:	4770      	bx	lr
10003df8:	4000e000 	.word	0x4000e000
10003dfc:	4000f000 	.word	0x4000f000
10003e00:	4000c008 	.word	0x4000c008
10003e04:	4004c000 	.word	0x4004c000

10003e08 <dma_claim_unused_channel>:
10003e08:	b500      	push	{lr}
10003e0a:	b083      	sub	sp, #12
10003e0c:	0001      	movs	r1, r0
10003e0e:	4b04      	ldr	r3, [pc, #16]	; (10003e20 <dma_claim_unused_channel+0x18>)
10003e10:	9300      	str	r3, [sp, #0]
10003e12:	230b      	movs	r3, #11
10003e14:	2200      	movs	r2, #0
10003e16:	4803      	ldr	r0, [pc, #12]	; (10003e24 <dma_claim_unused_channel+0x1c>)
10003e18:	f7fc fc65 	bl	100006e6 <hw_claim_unused_from_range>
10003e1c:	b003      	add	sp, #12
10003e1e:	bd00      	pop	{pc}
10003e20:	10004a1c 	.word	0x10004a1c
10003e24:	200006e8 	.word	0x200006e8

10003e28 <strlen>:
10003e28:	b510      	push	{r4, lr}
10003e2a:	0783      	lsls	r3, r0, #30
10003e2c:	d00a      	beq.n	10003e44 <strlen+0x1c>
10003e2e:	0003      	movs	r3, r0
10003e30:	2103      	movs	r1, #3
10003e32:	e002      	b.n	10003e3a <strlen+0x12>
10003e34:	3301      	adds	r3, #1
10003e36:	420b      	tst	r3, r1
10003e38:	d005      	beq.n	10003e46 <strlen+0x1e>
10003e3a:	781a      	ldrb	r2, [r3, #0]
10003e3c:	2a00      	cmp	r2, #0
10003e3e:	d1f9      	bne.n	10003e34 <strlen+0xc>
10003e40:	1a18      	subs	r0, r3, r0
10003e42:	bd10      	pop	{r4, pc}
10003e44:	0003      	movs	r3, r0
10003e46:	6819      	ldr	r1, [r3, #0]
10003e48:	4a0c      	ldr	r2, [pc, #48]	; (10003e7c <strlen+0x54>)
10003e4a:	4c0d      	ldr	r4, [pc, #52]	; (10003e80 <strlen+0x58>)
10003e4c:	188a      	adds	r2, r1, r2
10003e4e:	438a      	bics	r2, r1
10003e50:	4222      	tst	r2, r4
10003e52:	d10f      	bne.n	10003e74 <strlen+0x4c>
10003e54:	6859      	ldr	r1, [r3, #4]
10003e56:	4a09      	ldr	r2, [pc, #36]	; (10003e7c <strlen+0x54>)
10003e58:	3304      	adds	r3, #4
10003e5a:	188a      	adds	r2, r1, r2
10003e5c:	438a      	bics	r2, r1
10003e5e:	4222      	tst	r2, r4
10003e60:	d108      	bne.n	10003e74 <strlen+0x4c>
10003e62:	6859      	ldr	r1, [r3, #4]
10003e64:	4a05      	ldr	r2, [pc, #20]	; (10003e7c <strlen+0x54>)
10003e66:	3304      	adds	r3, #4
10003e68:	188a      	adds	r2, r1, r2
10003e6a:	438a      	bics	r2, r1
10003e6c:	4222      	tst	r2, r4
10003e6e:	d0f1      	beq.n	10003e54 <strlen+0x2c>
10003e70:	e000      	b.n	10003e74 <strlen+0x4c>
10003e72:	3301      	adds	r3, #1
10003e74:	781a      	ldrb	r2, [r3, #0]
10003e76:	2a00      	cmp	r2, #0
10003e78:	d1fb      	bne.n	10003e72 <strlen+0x4a>
10003e7a:	e7e1      	b.n	10003e40 <strlen+0x18>
10003e7c:	fefefeff 	.word	0xfefefeff
10003e80:	80808080 	.word	0x80808080

10003e84 <_fini>:
10003e84:	b5f8      	push	{r3, r4, r5, r6, r7, lr}
10003e86:	46c0      	nop			; (mov r8, r8)

10003e88 <__mutex_exit_veneer>:
10003e88:	b401      	push	{r0}
10003e8a:	4802      	ldr	r0, [pc, #8]	; (10003e94 <__mutex_exit_veneer+0xc>)
10003e8c:	4684      	mov	ip, r0
10003e8e:	bc01      	pop	{r0}
10003e90:	4760      	bx	ip
10003e92:	bf00      	nop
10003e94:	200001c9 	.word	0x200001c9

10003e98 <____aeabi_ldiv0_veneer>:
10003e98:	b401      	push	{r0}
10003e9a:	4802      	ldr	r0, [pc, #8]	; (10003ea4 <____aeabi_ldiv0_veneer+0xc>)
10003e9c:	4684      	mov	ip, r0
10003e9e:	bc01      	pop	{r0}
10003ea0:	4760      	bx	ip
10003ea2:	bf00      	nop
10003ea4:	20000215 	.word	0x20000215

10003ea8 <____aeabi_idiv0_veneer>:
10003ea8:	b401      	push	{r0}
10003eaa:	4802      	ldr	r0, [pc, #8]	; (10003eb4 <____aeabi_idiv0_veneer+0xc>)
10003eac:	4684      	mov	ip, r0
10003eae:	bc01      	pop	{r0}
10003eb0:	4760      	bx	ip
10003eb2:	bf00      	nop
10003eb4:	20000215 	.word	0x20000215

10003eb8 <__mutex_try_enter_block_until_veneer>:
10003eb8:	b401      	push	{r0}
10003eba:	4802      	ldr	r0, [pc, #8]	; (10003ec4 <__mutex_try_enter_block_until_veneer+0xc>)
10003ebc:	4684      	mov	ip, r0
10003ebe:	bc01      	pop	{r0}
10003ec0:	4760      	bx	ip
10003ec2:	bf00      	nop
10003ec4:	20000195 	.word	0x20000195

10003ec8 <__pre_init_runtime_init_early_resets>:
10003ec8:	10001725                                %...

10003ecc <__pre_init_runtime_init_usb_power_down>:
10003ecc:	10001751 100018b9 10002715 10001fb5     Q........'......
10003edc:	100025e5                                .%..

10003ee0 <__pre_init_runtime_init_clocks>:
10003ee0:	100017ed                                ....

10003ee4 <__pre_init_runtime_init_post_clock_resets>:
10003ee4:	1000176d                                m...

10003ee8 <__pre_init_runtime_init_rp2040_gpio_ie_disable>:
10003ee8:	1000178d                                ....

10003eec <__pre_init_runtime_init_spin_locks_reset>:
10003eec:	100017a1                                ....

10003ef0 <__pre_init_runtime_init_mutex>:
10003ef0:	10000be5                                ....

10003ef4 <__pre_init_runtime_init_install_ram_vector_table>:
10003ef4:	100017a9                                ....

10003ef8 <__pre_init_runtime_init_default_alarm_pool>:
10003ef8:	10001251                                Q...

10003efc <__pre_init_first_per_core_initializer>:
10003efc:	10001711                                ....

10003f00 <__pre_init_runtime_init_per_core_irq_priorities>:
10003f00:	100007a5                                ....

10003f04 <__frame_dummy_init_array_entry>:
10003f04:	100002fd                                ....

Disassembly of section .data:

200000c0 <mutex_try_enter>:
200000c0:	0003      	movs	r3, r0
200000c2:	6800      	ldr	r0, [r0, #0]
200000c4:	f3ef 8c10 	mrs	ip, PRIMASK
200000c8:	b672      	cpsid	i
200000ca:	6802      	ldr	r2, [r0, #0]
200000cc:	2a00      	cmp	r2, #0
200000ce:	d0fc      	beq.n	200000ca <mutex_try_enter+0xa>
200000d0:	f3bf 8f5f 	dmb	sy
200000d4:	2204      	movs	r2, #4
200000d6:	569a      	ldrsb	r2, [r3, r2]
200000d8:	2a00      	cmp	r2, #0
200000da:	db0b      	blt.n	200000f4 <mutex_try_enter+0x34>
200000dc:	2900      	cmp	r1, #0
200000de:	d010      	beq.n	20000102 <mutex_try_enter+0x42>
200000e0:	600a      	str	r2, [r1, #0]
200000e2:	2000      	movs	r0, #0
200000e4:	681b      	ldr	r3, [r3, #0]
200000e6:	f3bf 8f5f 	dmb	sy
200000ea:	2200      	movs	r2, #0
200000ec:	601a      	str	r2, [r3, #0]
200000ee:	f38c 8810 	msr	PRIMASK, ip
200000f2:	4770      	bx	lr
200000f4:	22d0      	movs	r2, #208	; 0xd0
200000f6:	0612      	lsls	r2, r2, #24
200000f8:	7812      	ldrb	r2, [r2, #0]
200000fa:	b252      	sxtb	r2, r2
200000fc:	711a      	strb	r2, [r3, #4]
200000fe:	2001      	movs	r0, #1
20000100:	e7f0      	b.n	200000e4 <mutex_try_enter+0x24>
20000102:	2000      	movs	r0, #0
20000104:	e7ee      	b.n	200000e4 <mutex_try_enter+0x24>
	...

20000108 <mutex_enter_block_until>:
20000108:	b5f8      	push	{r3, r4, r5, r6, r7, lr}
2000010a:	46ce      	mov	lr, r9
2000010c:	4647      	mov	r7, r8
2000010e:	b580      	push	{r7, lr}
20000110:	0004      	movs	r4, r0
20000112:	0017      	movs	r7, r2
20000114:	4698      	mov	r8, r3
20000116:	6803      	ldr	r3, [r0, #0]
20000118:	2b00      	cmp	r3, #0
2000011a:	d020      	beq.n	2000015e <mutex_enter_block_until+0x56>
2000011c:	23d0      	movs	r3, #208	; 0xd0
2000011e:	061b      	lsls	r3, r3, #24
20000120:	781b      	ldrb	r3, [r3, #0]
20000122:	b25b      	sxtb	r3, r3
20000124:	4699      	mov	r9, r3
20000126:	6826      	ldr	r6, [r4, #0]
20000128:	f3ef 8c10 	mrs	ip, PRIMASK
2000012c:	b672      	cpsid	i
2000012e:	6835      	ldr	r5, [r6, #0]
20000130:	2d00      	cmp	r5, #0
20000132:	d0fc      	beq.n	2000012e <mutex_enter_block_until+0x26>
20000134:	f3bf 8f5f 	dmb	sy
20000138:	2504      	movs	r5, #4
2000013a:	5765      	ldrsb	r5, [r4, r5]
2000013c:	2d00      	cmp	r5, #0
2000013e:	db14      	blt.n	2000016a <mutex_enter_block_until+0x62>
20000140:	6823      	ldr	r3, [r4, #0]
20000142:	f3bf 8f5f 	dmb	sy
20000146:	2200      	movs	r2, #0
20000148:	601a      	str	r2, [r3, #0]
2000014a:	f38c 8810 	msr	PRIMASK, ip
2000014e:	0038      	movs	r0, r7
20000150:	4641      	mov	r1, r8
20000152:	f000 f861 	bl	20000218 <__best_effort_wfe_or_timeout_veneer>
20000156:	2800      	cmp	r0, #0
20000158:	d0e5      	beq.n	20000126 <mutex_enter_block_until+0x1e>
2000015a:	2000      	movs	r0, #0
2000015c:	e00f      	b.n	2000017e <mutex_enter_block_until+0x76>
2000015e:	4b0a      	ldr	r3, [pc, #40]	; (20000188 <mutex_enter_block_until+0x80>)
20000160:	4a0a      	ldr	r2, [pc, #40]	; (2000018c <mutex_enter_block_until+0x84>)
20000162:	21a6      	movs	r1, #166	; 0xa6
20000164:	480a      	ldr	r0, [pc, #40]	; (20000190 <mutex_enter_block_until+0x88>)
20000166:	f000 f85f 	bl	20000228 <____assert_func_veneer>
2000016a:	464b      	mov	r3, r9
2000016c:	7123      	strb	r3, [r4, #4]
2000016e:	6823      	ldr	r3, [r4, #0]
20000170:	f3bf 8f5f 	dmb	sy
20000174:	2200      	movs	r2, #0
20000176:	601a      	str	r2, [r3, #0]
20000178:	f38c 8810 	msr	PRIMASK, ip
2000017c:	2001      	movs	r0, #1
2000017e:	bcc0      	pop	{r6, r7}
20000180:	46b9      	mov	r9, r7
20000182:	46b0      	mov	r8, r6
20000184:	bdf8      	pop	{r3, r4, r5, r6, r7, pc}
20000186:	46c0      	nop			; (mov r8, r8)
20000188:	100042cc 	.word	0x100042cc
2000018c:	10004324 	.word	0x10004324
20000190:	1000427c 	.word	0x1000427c

20000194 <mutex_try_enter_block_until>:
20000194:	b570      	push	{r4, r5, r6, lr}
20000196:	b082      	sub	sp, #8
20000198:	0006      	movs	r6, r0
2000019a:	0015      	movs	r5, r2
2000019c:	001c      	movs	r4, r3
2000019e:	a901      	add	r1, sp, #4
200001a0:	f7ff ff8e 	bl	200000c0 <mutex_try_enter>
200001a4:	2800      	cmp	r0, #0
200001a6:	d107      	bne.n	200001b8 <mutex_try_enter_block_until+0x24>
200001a8:	9b01      	ldr	r3, [sp, #4]
200001aa:	b25b      	sxtb	r3, r3
200001ac:	22d0      	movs	r2, #208	; 0xd0
200001ae:	0612      	lsls	r2, r2, #24
200001b0:	7812      	ldrb	r2, [r2, #0]
200001b2:	b252      	sxtb	r2, r2
200001b4:	4293      	cmp	r3, r2
200001b6:	d101      	bne.n	200001bc <mutex_try_enter_block_until+0x28>
200001b8:	b002      	add	sp, #8
200001ba:	bd70      	pop	{r4, r5, r6, pc}
200001bc:	002a      	movs	r2, r5
200001be:	0023      	movs	r3, r4
200001c0:	0030      	movs	r0, r6
200001c2:	f7ff ffa1 	bl	20000108 <mutex_enter_block_until>
200001c6:	e7f7      	b.n	200001b8 <mutex_try_enter_block_until+0x24>

200001c8 <mutex_exit>:
200001c8:	b510      	push	{r4, lr}
200001ca:	6802      	ldr	r2, [r0, #0]
200001cc:	f3ef 8110 	mrs	r1, PRIMASK
200001d0:	b672      	cpsid	i
200001d2:	6813      	ldr	r3, [r2, #0]
200001d4:	2b00      	cmp	r3, #0
200001d6:	d0fc      	beq.n	200001d2 <mutex_exit+0xa>
200001d8:	f3bf 8f5f 	dmb	sy
200001dc:	2304      	movs	r3, #4
200001de:	56c3      	ldrsb	r3, [r0, r3]
200001e0:	2b00      	cmp	r3, #0
200001e2:	db0a      	blt.n	200001fa <mutex_exit+0x32>
200001e4:	23ff      	movs	r3, #255	; 0xff
200001e6:	7103      	strb	r3, [r0, #4]
200001e8:	6803      	ldr	r3, [r0, #0]
200001ea:	f3bf 8f5f 	dmb	sy
200001ee:	2200      	movs	r2, #0
200001f0:	601a      	str	r2, [r3, #0]
200001f2:	f381 8810 	msr	PRIMASK, r1
200001f6:	bf40      	sev
200001f8:	bd10      	pop	{r4, pc}
200001fa:	4b03      	ldr	r3, [pc, #12]	; (20000208 <mutex_exit+0x40>)
200001fc:	4a03      	ldr	r2, [pc, #12]	; (2000020c <mutex_exit+0x44>)
200001fe:	21d5      	movs	r1, #213	; 0xd5
20000200:	4803      	ldr	r0, [pc, #12]	; (20000210 <mutex_exit+0x48>)
20000202:	f000 f811 	bl	20000228 <____assert_func_veneer>
20000206:	46c0      	nop			; (mov r8, r8)
20000208:	100042e0 	.word	0x100042e0
2000020c:	10004318 	.word	0x10004318
20000210:	1000427c 	.word	0x1000427c

20000214 <__aeabi_idiv0>:
20000214:	4770      	bx	lr
20000216:	46c0      	nop			; (mov r8, r8)

20000218 <__best_effort_wfe_or_timeout_veneer>:
20000218:	b401      	push	{r0}
2000021a:	4802      	ldr	r0, [pc, #8]	; (20000224 <__best_effort_wfe_or_timeout_veneer+0xc>)
2000021c:	4684      	mov	ip, r0
2000021e:	bc01      	pop	{r0}
20000220:	4760      	bx	ip
20000222:	bf00      	nop
20000224:	10001171 	.word	0x10001171

20000228 <____assert_func_veneer>:
20000228:	b401      	push	{r0}
2000022a:	4802      	ldr	r0, [pc, #8]	; (20000234 <____assert_func_veneer+0xc>)
2000022c:	4684      	mov	ip, r0
2000022e:	bc01      	pop	{r0}
20000230:	4760      	bx	ip
20000232:	bf00      	nop
20000234:	100038ad 	.word	0x100038ad

20000238 <striped_spin_lock_num>:
20000238:	00000010                                ....

2000023c <irq_handler_chain_slots>:
2000023c:	00000000 	.word	0x00000000
20000240:	00010000 	.word	0x00010000
	...
2000024c:	00020000 	.word	0x00020000
	...
20000258:	00030000 	.word	0x00030000
	...
20000264:	00ff0000 	.word	0x00ff0000
20000268:	00000000 	.word	0x00000000

2000026c <irq_handler_chain_first_slot>:
2000026c:	b501      	push	{r0, lr}
2000026e:	6848      	ldr	r0, [r1, #4]
20000270:	3101      	adds	r1, #1
20000272:	468e      	mov	lr, r1
20000274:	4700      	bx	r0

20000276 <irq_handler_chain_remove_tail>:
20000276:	4670      	mov	r0, lr
20000278:	3809      	subs	r0, #9
2000027a:	4901      	ldr	r1, [pc, #4]	; (20000280 <irq_handler_chain_remove_tail+0xa>)
2000027c:	4788      	blx	r1
2000027e:	bd01      	pop	{r0, pc}
20000280:	10000aa9 	.word	0x10000aa9

20000284 <default_alarm_pool>:
	...
20000298:	200002e0 00000000                       ... ....

200002a0 <aeabi_bits_funcs>:
200002a0:	00003350 	.word	0x00003350
200002a4:	0000334c 	.word	0x0000334c
200002a8:	00003354 	.word	0x00003354
200002ac:	00003352 	.word	0x00003352

200002b0 <aeabi_bits_funcs_end>:
200002b0:	0000534d 	.word	0x0000534d
200002b4:	0000434d 	.word	0x0000434d
200002b8:	00003453 	.word	0x00003453
200002bc:	00003443 	.word	0x00003443

200002c0 <stdio_uart>:
200002c0:	10003ba5 10003cc1 10003c19 10003cd1     .;...<...<...<..
200002d0:	00000000 00000100                       ........

200002d8 <print_mutex>:
	...
