Seg,mV
0.05264544,0.0298619058518349
0.05269957,0.029831387808041506
0.06766367,0.029877164873731595
0.06773591,0.029877164873731595
0.07961273,0.02989242389562829
0.07965159,0.029922941939421684
0.08470726,0.029877164873731595
0.08474112,0.03247119859616999
0.09062529,0.03854428931105516
0.09066606,0.037872892347600516
0.09766316,0.043595025558861675
0.0976994,0.056153200579842834
0.10557842,0.05351338979171435
0.11257005,0.04251163500419623
0.12568498,0.038117036697947665
0.12576675,0.028946364538033113
0.14965725,0.023361562523842222
0.14972734,0.029907682917524988
0.14975977,0.031280994888227664
0.14978957,0.027405203326466773
0.15361309,0.032074464026855876
0.15365958,0.03492790112153811
0.16802764,0.0290074006256199
0.16807175,0.030182345311665523
0.16810346,0.03544670786602579
0.19065189,0.030624856946669717
0.19071841,0.029571984435797664
0.19281054,0.03447013046463722
0.19285631,0.030807965209430077
0.21099329,0.028244449530785077
0.21104431,0.033401998931868467
0.21107697,0.03179980163271534
0.21110916,0.027878233005264364
0.22578287,0.03297474631876097
0.22582746,0.03288319218738079
0.22585869,0.028168154421301595
0.23415995,0.03219653620202945
0.23418951,0.03422598611429008
0.25563455,0.027878233005264364
0.25568032,0.03010605020218204
0.26870608,0.03527885862516213
0.26874709,0.029999237048905166
0.26877785,0.02993820096131838
0.26880765,0.03634699015793088
0.27864146,0.03179980163271534
0.27868247,0.02937361715114061
0.28862262,0.034699015793087665
0.28865957,0.032608529793240255
0.2973671,0.02929732204165713
0.29740667,0.034866865033951325
0.30970287,0.03479056992446784
0.32424593,0.028885328450446328
0.32428908,0.03305104142824445
0.32431984,0.03572137026016632
0.32434869,0.029877164873731595
0.33864141,0.0315556572823682
0.338691,0.03555352101930266
0.3387239,0.03079270618753338
0.33875346,0.030563820859082932
0.35361552,0.03547722590981918
0.35365057,0.031097886625467308
0.37770391,0.02920576791027695
0.37777472,0.03477531090257115
0.3856194,0.03117418173495079
0.3856616,0.027649347676813915
0.38569283,0.034195468070496685
0.39460349,0.033066300450141146
0.39463496,0.027237354085603113
0.40379786,0.031036850537880523
0.40384626,0.032730601968413826
0.41148877,0.026428625925078202
0.41153765,0.02827496757457847
0.42559481,0.03224231326771954
0.42563605,0.027603570611123826
0.43866706,0.027573052567330433
0.43871713,0.033325703822384985
0.43875003,0.028580148012512397
0.45363283,0.026291294728007935
0.45367002,0.03193713282978561
0.45370078,0.029495689326314183
0.46997094,0.025268940260929275
0.47002029,0.030640115968566414
0.47821474,0.030243381399252308
0.47827196,0.02542153047989624
0.50063181,0.029724574654764628
0.50067949,0.031830319676508734
0.50262094,0.025772487983520255
0.50268817,0.027862973983367668
0.50272226,0.032074464026855876
0.51161289,0.02696269169146258
0.51166987,0.027512016479743648
0.52464533,0.03302052338445106
0.52470851,0.028473334859235522
0.53361225,0.025986114290074008
0.53365541,0.031906614785992216
0.5576396,0.029602502479591057
0.55768752,0.025268940260929275
0.55771899,0.0302738994430457
0.55774856,0.02993820096131838
0.56759024,0.024628061341268024
0.56762719,0.029190508888380255
0.56765151,0.03125047684443427
0.58262086,0.024902723735408562
0.58267641,0.027023727779049364
0.59059811,0.031189440756847486
0.59063816,0.025467307545586328
0.62061644,0.025955596246280615
0.62067103,0.03083848325322347
0.62259388,0.02699320973525597
0.62263703,0.02656595712214847
0.62266898,0.03291371023117418
0.62269831,0.029526207370107575
0.63861036,0.02491798275730526
0.63865638,0.029968719005111773
0.64258671,0.029694056610971235
0.64862514,0.024032959487296866
0.64866757,0.028305485618371862
0.67261052,0.031570916304264895
0.67266035,0.025177386129549097
0.68564248,0.027283131151293202
0.68572187,0.031998168917372394
0.69466591,0.026657511253528648
0.6947391,0.026459143968871595
0.70761013,0.031525139238574806
0.70766354,0.027283131151293202
0.7076962,0.024933241779201955
0.70772576,0.030518043793392843
0.70775485,0.029358358129243915
0.72059965,0.02571145189593347
0.72064471,0.03060959792477302
0.73091125,0.029877164873731595
0.73096466,0.02447547112230106
0.74363017,0.029022659647516595
0.74366498,0.031097886625467308
0.75760055,0.025070572976272222
0.7576263,0.02868696116578927
0.76259899,0.032562752727550166
0.76262307,0.026764324406805522
0.77065992,0.02742046234836347
0.77070785,0.03375295643549248
0.77075076,0.02937361715114061
0.7846303,0.02716105897611963
0.78466082,0.03308155947203784
0.78966188,0.029922941939421684
0.78969216,0.024887464713511862
0.8136797,0.029480430304417486
0.81373024,0.030930037384603648
0.81376147,0.026581216144045166
0.81379294,0.029098954757000077
0.8336184,0.03039597161821927
0.83365035,0.024780651560234988
0.83367538,0.02766460669871061
0.83369875,0.0315403982604715
0.84963489,0.025864042114900433
0.84969068,0.025772487983520255
0.86399317,0.031326771953917754
0.86404252,0.02691691462577249
0.87774158,0.024612802319371328
0.87780833,0.031280994888227664
0.87785125,0.02832074464026856
0.8778913,0.0238803692683299
0.89259982,0.030548561837186235
0.89264369,0.03251697566186008
0.89859176,0.03225757228961624
0.89863276,0.043808651865415424
0.90461707,0.05238422217135882
0.91761708,0.046677347981994355
0.91766286,0.04090943770504311
0.93061614,0.03442435339894713
0.93066287,0.021164263370717938
0.95462608,0.019806210421911954
0.9546833,0.028122377355611506
0.95471621,0.02583352407110704
0.95474553,0.025192645151445793
0.95477414,0.03147936217288472
0.95480275,0.028336003662165255
0.96960068,0.024795910582131684
0.96965075,0.030136568245975433
0.96967745,0.02920576791027695
0.99461555,0.024673838406958113
0.99467373,0.029266803997863737
1.00382924,0.030807965209430077
1.0038681,0.0251621271076524
1.01259327,0.027222095063706417
1.01263499,0.03141832608529793
1.02861428,0.026581216144045166
1.02865767,0.02630655374990463
1.05264592,0.032272831311512935
1.0526979,0.028076600289921417
1.05272889,0.025345235370412757
1.05275822,0.03129625391012436
1.05278707,0.030411230640115968
1.06761861,0.027115281910429542
1.06766391,0.03163195239185168
1.06769586,0.03126573586633097
1.0677247,0.02623025864042115
1.07560754,0.03031967650873579
1.07563925,0.03276112001220722
1.0845871,0.027649347676813915
1.08461809,0.029785610742351417
1.08859301,0.03372243839169909
1.08862829,0.028702220187685968
1.10258436,0.028824292362859542
1.10261154,0.03529411764705882
1.10263538,0.0315403982604715
1.12759447,0.028503852903028915
1.1276319,0.03379873350118257
1.12766123,0.03137254901960784
1.12768531,0.027573052567330433
1.13756776,0.033401998931868467
1.13759446,0.03375295643549248
1.14557981,0.027771419851987486
1.14560509,0.03204394598306248
1.15462995,0.034119172961013196
1.1546731,0.028091859311818113
1.16860485,0.030212863355458915
1.168648,0.03407339589532311
1.19056082,0.02877851529716945
1.19061732,0.028717479209582664
1.19957232,0.03341725795376516
1.1996181,0.029221026932173648
1.19964981,0.02696269169146258
1.19968367,0.03262378881513695
1.19971967,0.02954146639200427
1.21561909,0.0251621271076524
1.22101283,0.03060959792477302
1.22105956,0.0307011520561532
1.24458337,0.025146868085755704
1.24464297,0.029022659647516595
1.2446754,0.030731670099946592
1.26069498,0.02397192339971008
1.2607398,0.027649347676813915
1.26078534,0.03363088426031891
1.26081491,0.027969787136644542
1.26558423,0.02713054093232624
1.26564145,0.032608529793240255
1.27961111,0.027649347676813915
1.27966404,0.025574120698863202
1.28659606,0.03262378881513695
1.28664279,0.0298619058518349
1.30969787,0.02504005493247883
1.30975199,0.030121309224078737
1.30978465,0.03053330281528954
1.31759048,0.025345235370412757
1.31763506,0.029053177691309988
1.33061218,0.03146410315098802
1.33068395,0.025803006027313648
1.339957,0.02784771496147097
1.34000278,0.031784542610818645
1.34458947,0.02618448157473106
1.34463453,0.026504921034561684
1.35862494,0.032074464026855876
1.35866237,0.027679865720607308
1.38260102,0.02566567483024338
1.38263226,0.03147936217288472
1.38265634,0.028213931486991684
1.3956058,0.025604638742656595
1.39565325,0.031692988479438466
1.39568591,0.031097886625467308
1.39571524,0.0260166323338674
1.40460658,0.029724574654764628
1.40464997,0.03091477836270695
1.41388321,0.025680933852140077
1.41398406,0.028091859311818113
1.43768263,0.03245593957427329
1.43775845,0.026749065384908826
1.44367552,0.0268711375600824
1.44374633,0.03276112001220722
1.44379997,0.02775616083009079
1.44385052,0.025726710917830166
1.44390035,0.03141832608529793
1.45892334,0.029571984435797664
1.45904231,0.025574120698863202
1.46766925,0.03117418173495079
1.46771979,0.03048752574959945
1.48069,0.02481116960402838
1.48075724,0.02998397802700847
1.49505401,0.031738765545128556
1.49514604,0.026031891355764097
1.50872183,0.029221026932173648
1.50879693,0.03271534294651713
1.50885272,0.02681010147249561
1.50890565,0.026504921034561684
1.52409983,0.032318608377203024
1.52422357,0.028259708552681773
1.53269482,0.025955596246280615
1.5327723,0.031036850537880523
1.55690527,0.030121309224078737
1.55704165,0.02668802929732204
1.55711937,0.03143358510719463
1.55719185,0.030472266727702754
1.56569552,0.025391012436102846
1.56577325,0.030075532158388648
1.57069778,0.031952391851682305
1.57963967,0.02575722896162356
1.57968426,0.028137636377508202
1.5886147,0.032990005340657665
1.58864474,0.02851911192492561
1.61263394,0.028412298771648737
1.6126833,0.03321889066910811
1.61271429,0.029190508888380255
1.61274362,0.02656595712214847
1.62269974,0.03479056992446784
1.62275577,0.032822156099794005
1.63065934,0.027069504844739453
1.63077784,0.032120241092545965
1.6376965,0.0311284046692607
1.64890504,0.02606240939955749
1.64902711,0.03036545357442588
1.67271113,0.03187609674219882
1.67279053,0.025803006027313648
1.68685341,0.02784771496147097
1.68699169,0.031692988479438466
1.69474697,0.027283131151293202
1.69484711,0.0281528953994049
1.70970988,0.03309681849393454
1.70989084,0.028198672465094988
1.70994735,0.026321812771801328
1.70999885,0.0315403982604715
1.71005201,0.02868696116578927
1.71669602,0.025314717326619364
1.71675515,0.03150988021667811
1.72476292,0.031494621194781414
1.7248137,0.028503852903028915
1.73878145,0.03756771190966659
1.73882222,0.04657053482871748
1.76060605,0.0477454795147631
1.76063395,0.05142290379186694
1.76259208,0.04673838406958114
1.76261902,0.030243381399252308
1.76264334,0.02243076218814374
1.76266646,0.02656595712214847
1.76968431,0.024979018844892044
1.78560877,0.02491798275730526
1.78563356,0.03187609674219882
1.78861189,0.029694056610971235
1.78863573,0.025482566567483024
1.81262755,0.03083848325322347
1.81265521,0.03083848325322347
1.81267834,0.02571145189593347
1.81270146,0.029739833676661324
1.82268119,0.031998168917372394
1.82270646,0.026031891355764097
1.83560133,0.028900587472343024
1.83562779,0.03401235980773632
1.84804797,0.028137636377508202
1.84812737,0.0272983901731899
1.84818339,0.033325703822384985
1.87062144,0.030121309224078737
1.87065482,0.028137636377508202
1.87259531,0.03343251697566186
1.88077664,0.03019760433356222
1.88085985,0.02713054093232624
1.88091516,0.03314259555962463
1.89022827,0.03271534294651713
1.89025307,0.027100022888532846
1.90558553,0.031570916304264895
1.90561414,0.033829251544975965
1.91893363,0.028366521705958648
1.91905737,0.030930037384603648
1.93289113,0.035156786449988556
1.93296838,0.029602502479591057
1.94063091,0.030136568245975433
1.94069147,0.03590447852292668
1.94765401,0.031784542610818645
1.94772816,0.029907682917524988
1.9556675,0.03552300297550927
1.95573878,0.03262378881513695
1.96963811,0.029434653238727397
1.96970105,0.0349736781872282
1.96974659,0.03535515373464561
1.98463726,0.029602502479591057
1.98470211,0.03329518577859159
1.99858832,0.035156786449988556
1.99863696,0.029602502479591057
1.99867082,0.03141832608529793
1.9987011,0.036789501792935074
2.01367116,0.031616693369954985
2.01374149,0.030685893034256503
2.01973367,0.03466849774929427
2.0198307,0.030594338902876324
2.03371119,0.028931105516136417
2.0337739,0.033997100785839625
2.03869653,0.0307011520561532
2.05776072,0.0268711375600824
2.05783677,0.032654306858930345
2.07068086,0.03224231326771954
2.07074928,0.02699320973525597
2.07079458,0.03053330281528954
2.07083583,0.031570916304264895
2.0946126,0.026764324406805522
2.09466267,0.030090791180285344
2.10357833,0.034195468070496685
2.10360932,0.028091859311818113
2.10363317,0.028076600289921417
2.10365677,0.0332646677347982
2.11259627,0.029022659647516595
2.12056732,0.02754253452353704
2.12059665,0.033615625238422216
2.13470721,0.030426489662012664
2.13474417,0.026749065384908826
2.14358473,0.031662470435645074
2.14360952,0.03138780804150454
2.14363289,0.02708476386663615
2.14365625,0.03137254901960784
2.15911531,0.033112077515831236
2.15928936,0.025360494392309453
2.16660094,0.029556725413900968
2.1666398,0.03527885862516213
2.18500829,0.02873273823147936
2.18519759,0.02801556420233463
2.20870447,0.033325703822384985
2.20879054,0.02883955138475624
2.2088356,0.026825360494392308
2.20887661,0.032990005340657665
2.21065974,0.030457007705806057
2.21070766,0.026260776684214542
2.21986222,0.032028686961165787
2.21994209,0.03176928358892195
2.23367,0.026337071793698024
2.23377633,0.030594338902876324
2.23382401,0.03193713282978561
2.27465868,0.02635233081559472
2.27473617,0.029968719005111773
2.27478242,0.03385976958876936
2.27482748,0.02798504615854124
2.27788138,0.027618829633020522
2.27792907,0.03295948729686427
2.27797031,0.02970931563286793
2.27801037,0.027389944304570077
2.29261112,0.03250171663996338
2.29265857,0.030594338902876324
2.30567646,0.0268711375600824
2.3057344,0.03163195239185168
2.31068611,0.03108262760357061
2.32485867,0.026550698100251773
2.32498097,0.03126573586633097
2.32504344,0.03280689707789731
2.32508826,0.026901655603875793
2.33467293,0.029434653238727397
2.33473253,0.033997100785839625
2.34378743,0.028427557793545433
2.34388018,0.02793926909285115
2.35763001,0.03396658274204623
2.35767722,0.03006027313649195
2.37070441,0.026947432669565882
2.37077284,0.03331044480048829
2.3777914,0.033157854581521325
2.38688111,0.029068436713206684
2.38699985,0.033997100785839625
2.39084339,0.03373769741359579
2.39099336,0.028213931486991684
2.39964294,0.03321889066910811
2.39971614,0.034744792858777754
2.41405797,0.027527275501640344
2.41414809,0.029846646829938202
2.42771435,0.03445487144274052
2.42780638,0.029480430304417486
2.43565416,0.02851911192492561
2.43570089,0.03341725795376516
2.43573666,0.02954146639200427
2.44966698,0.027954528114747846
2.44969296,0.0340886549172198
2.45862365,0.03079270618753338
2.46761465,0.026489662012664988
2.46765184,0.032486457618066684
2.48097563,0.03247119859616999
2.48108339,0.027359426260776684
2.48116159,0.031448844129091325
2.50461531,0.03263904783703365
2.51374626,0.026977950713359275
2.51380682,0.031143663691157397
2.51383328,0.03808651865415427
2.52767968,0.03820859082932784
2.52775431,0.0456092164492256
2.53423834,0.05517662317845426
2.53429461,0.049393453879606315
2.54287314,0.038239108873121236
2.54297709,0.033279926756694896
2.55196309,0.024338139925230793
2.55210042,0.02226291294728008
2.58890605,0.03141832608529793
2.58904243,0.032440680552376595
2.58912086,0.02716105897611963
2.58919168,0.031113145647364004
2.5892632,0.03317311360341802
2.59063292,0.027435721370260166
2.59075403,0.030075532158388648
2.59261012,0.03413443198290989
2.59265661,0.02848859388113222
2.60064483,0.02934309910734722
2.60072923,0.03462272068360418
2.62470627,0.029739833676661324
2.62478662,0.027969787136644542
2.62483668,0.034271763179980166
2.62487817,0.0315556572823682
2.63995647,0.028091859311818113
2.64001393,0.03373769741359579
2.64005661,0.032776379034103915
2.64275479,0.02732890821698329
2.642802,0.03308155947203784
2.65671206,0.0354009308003357
2.65679097,0.02934309910734722
2.68181634,0.03146410315098802
2.68189526,0.03494316014343481
2.68194008,0.029922941939421684
2.68204999,0.030548561837186235
2.68812156,0.03601129167620355
2.68824029,0.0319829098954757
2.69568944,0.029785610742351417
2.69575,0.03663691157396811
2.70266795,0.03430228122377356
2.7170918,0.02998397802700847
2.71721125,0.036087586785687034
2.72464085,0.035919737544823374
2.72468305,0.030289158464942397
2.75166917,0.03472953383688106
2.75169754,0.037247272449835965
2.75172186,0.031616693369954985
2.75174451,0.033401998931868467
2.75176644,0.037369344625009536
2.75178862,0.031998168917372394
2.77462268,0.03141832608529793
2.77465367,0.03700312809948882
2.77467775,0.03259327077134356
2.78101492,0.030853742275120166
2.78104043,0.03596551461051346
2.80062079,0.03363088426031891
2.80064678,0.029694056610971235
2.80261254,0.034119172961013196
2.8106885,0.03385976958876936
2.81075072,0.02917524986648356
2.8107934,0.03219653620202945
2.81966591,0.034699015793087665
2.81969047,0.029190508888380255
2.83356357,0.031036850537880523
2.83359408,0.034866865033951325
2.86185837,0.02946517128252079
2.86197424,0.02937361715114061
2.8868556,0.03451590753032731
2.88699412,0.030258640421149004
2.88708448,0.027603570611123826
2.88715553,0.033447775997558556
2.88885307,0.03218127718013275
2.88895392,0.02766460669871061
2.88902903,0.033325703822384985
2.88909984,0.03291371023117418
2.89869523,0.02766460669871061
2.89877152,0.03193713282978561
2.9127152,0.03381399252307927
2.92688274,0.02835126268406195
2.92700601,0.030746929121843288
2.92708182,0.03463797970550088
2.9271512,0.028549629968719004
2.93565226,0.028030823224231328
2.93573356,0.03402761882963302
2.95016289,0.0315403982604715
2.95026231,0.028595407034409093
2.95033884,0.03459220263981079
2.95040727,0.031860837720302126
2.97594285,0.027786678873884182
2.97602081,0.03271534294651713
2.97607493,0.03251697566186008
2.99066925,0.02691691462577249
2.99074578,0.031021591515983826
2.99262309,0.03360036621652552
2.99267054,0.02818341344319829
3.00121093,0.0307011520561532
3.00126219,0.03439383535515374
3.00972152,0.028580148012512397
3.00979424,0.028809033340962846
3.02407718,0.03425650415808347
3.02419567,0.029846646829938202
3.0478797,0.026855878538185704
3.04799724,0.03379873350118257
3.0480752,0.03254749370565347
3.0481441,0.029266803997863737
3.04821253,0.03372243839169909
3.05806851,0.03247119859616999
3.0581882,0.02732890821698329
3.0686357,0.031830319676508734
3.06868386,0.03407339589532311
3.08066773,0.02851911192492561
3.08078766,0.03091477836270695
3.09483624,0.03489738307774472
3.0949347,0.028809033340962846
3.10368752,0.029388876173037308
3.10374784,0.034607461661707486
3.1037941,0.03006027313649195
3.11262941,0.02832074464026856
3.11266804,0.03483634699015793
3.12699795,0.03213550011444266
3.12711811,0.02883955138475624
3.1346314,0.03421072709239338
3.13466334,0.03425650415808347
3.14900088,0.028625925078202486
3.14903569,0.03247119859616999
3.16369104,0.03593499656672007
3.16376066,0.03031967650873579
3.17058158,0.03254749370565347
3.17060947,0.0362554360265507
3.17968225,0.030518043793392843
3.17978501,0.030212863355458915
3.19206977,0.03550774395361257
3.19219232,0.030472266727702754
3.21472979,0.028458075837338826
3.21481824,0.03421072709239338
3.217767,0.03175402456702525
3.21783948,0.027969787136644542
3.22406435,0.03343251697566186
3.22418571,0.0328374151216907
3.22969985,0.027145799954222935
3.22976494,0.03215075913633936
3.23870349,0.034363317311360345
3.24767709,0.02844281681544213
3.24773335,0.030289158464942397
3.26171231,0.03433279926756695
3.26177788,0.028534370946822308
3.27462554,0.029434653238727397
3.27468514,0.03765926604104677
3.28893209,0.03697261005569543
3.28904843,0.04200808728160525
3.28912354,0.05558861676966506
3.2891953,0.05378805218585489
3.29765105,0.041458762493324176
3.29772043,0.0362706950484474
3.30364156,0.027786678873884182
3.31811738,0.021301594567788205
3.31821537,0.02822919050888838
3.33167696,0.0328526741435874
3.33175278,0.027969787136644542
3.33967805,0.03019760433356222
3.33973765,0.03407339589532311
3.34570503,0.02908369573510338
3.34577727,0.02920576791027695
3.35505772,0.034363317311360345
3.35517764,0.030899519340810255
3.36909366,0.028641184100099183
3.3691709,0.03390554665445945
3.36921573,0.03204394598306248
3.39385796,0.028305485618371862
3.39393854,0.03405813687342641
3.40266061,0.033401998931868467
3.4027195,0.027924010070954453
3.40868473,0.03230334935530633
3.40875483,0.033997100785839625
3.41468,0.028290226596475166
3.41474962,0.03150988021667811
3.42364669,0.035706111238269625
3.42370605,0.03002975509269856
3.44815207,0.030014496070801863
3.44826269,0.03523308155947204
3.45310187,0.03141832608529793
3.46461987,0.029190508888380255
3.46466994,0.03550774395361257
3.46469951,0.0336919203479057
3.46473336,0.03006027313649195
3.49181771,0.03517204547188525
3.49188638,0.03509575036240177
3.49192286,0.029236285954070344
3.49195671,0.034699015793087665
3.50562048,0.037125200274662394
3.50565267,0.03108262760357061
3.50568247,0.0324101625085832
3.50571108,0.03723201342793927
3.53030753,0.03228809033340963
3.53039479,0.032440680552376595
3.53044224,0.03772030212863355
3.53048468,0.033035782406347754
3.53465056,0.030762188143739988
3.53472161,0.03643854428931106
3.54686856,0.033829251544975965
3.54696894,0.02975509269855802
3.55517268,0.034485389486533916
3.55529404,0.03472953383688106
3.56867671,0.03022812237735561
3.56875372,0.03405813687342641
3.57761788,0.03517204547188525
3.59766173,0.028336003662165255
3.5977385,0.030212863355458915
3.5977838,0.03480582894636454
3.5978272,0.02975509269855802
3.59959316,0.029068436713206684
3.59964085,0.034988937209124896
3.61377382,0.030731670099946592
3.61384487,0.028000305180437935
3.62004209,0.03363088426031891
3.62016225,0.030762188143739988
3.64373684,0.02725261310749981
3.6438241,0.032944228274967575
3.64387918,0.03259327077134356
3.65382457,0.02664225223163195
3.65394521,0.03053330281528954
3.65402079,0.034439612420843826
3.65409017,0.02917524986648356
3.66868973,0.030334935530632486
3.66876602,0.033829251544975965
3.67765784,0.028213931486991684
3.67772913,0.028747997253376057
3.69206214,0.034439612420843826
3.69217944,0.029556725413900968
3.70467615,0.027191577019913024
3.70475388,0.03350881208514534
3.70480943,0.03100633249408713
3.71409106,0.026260776684214542
3.71421266,0.0328374151216907
3.72758579,0.03317311360341802
3.72761559,0.027405203326466773
3.73361588,0.03129625391012436
3.73366475,0.03254749370565347
3.7480979,0.027054245822842757
3.74821687,0.029526207370107575
3.77087879,0.032608529793240255
3.77095437,0.02763408865491722
3.77100062,0.0298619058518349
3.77104259,0.034439612420843826
3.77108383,0.02937361715114061
3.78157926,0.02691691462577249
3.78981972,0.032730601968413826
3.78988147,0.03019760433356222
3.80363822,0.0272983901731899
3.80370593,0.03266956588082704
3.81760263,0.03150988021667811
3.81765676,0.02627603570611124
3.84063697,0.03147936217288472
3.84072375,0.033325703822384985
3.84975576,0.027008468757152668
3.84984374,0.02934309910734722
3.84989023,0.033234149691004806
3.85903406,0.027969787136644542
3.85916758,0.027924010070954453
3.86772394,0.03338673990997177
3.86777782,0.02798504615854124
3.8766458,0.026657511253528648
3.87672353,0.03511100938429847
3.88487434,0.03205920500495918
3.88495636,0.027100022888532846
3.90431929,0.03201342793926909
3.90440774,0.03164721141374838
3.91266322,0.02668802929732204
3.91273618,0.03134203097581445
3.91279078,0.033203631647211414
3.91879821,0.027313649195086595
3.91885757,0.02925154497596704
3.92616439,0.03276112001220722
3.92641878,0.028473334859235522
3.93862367,0.02908369573510338
3.93868542,0.03445487144274052
3.95311832,0.029388876173037308
3.9532547,0.027222095063706417
3.96735382,0.03418020904859999
3.96744037,0.03210498207064927
3.96748638,0.02749675745784695
3.96754289,0.032944228274967575
3.96758533,0.033279926756694896
3.9816947,0.028946364538033113
3.9817946,0.033493553063248645
3.99027848,0.03492790112153811
3.99037671,0.0285648889906157
4.00342345,0.030579079880979628
4.00348473,0.03450064850843061
4.01590323,0.028641184100099183
4.01605415,0.028580148012512397
4.02515817,0.03309681849393454
4.02527928,0.0290074006256199
4.02964258,0.027222095063706417
4.02976775,0.0332646677347982
4.03559113,0.031036850537880523
4.05019236,0.027145799954222935
4.05031061,0.03181506065461204
4.05717683,0.031784542610818645
4.05729818,0.02673380636301213
4.06971145,0.030563820859082932
4.06978679,0.03233386739909972
4.08400273,0.02716105897611963
4.0840404,0.02917524986648356
4.09374523,0.032562752727550166
4.09379578,0.028213931486991684
4.09382176,0.030823224231326773
4.09384584,0.04213015945677882
4.10257912,0.045136186770428015
4.11609387,0.048767833981841764
4.11621475,0.0537575341420615
4.13967037,0.04367132066834516
4.13973475,0.028290226596475166
4.13977265,0.025574120698863202
4.13980651,0.026123445487144275
4.14360857,0.024582284275577935
4.14363933,0.029922941939421684
4.15562439,0.03193713282978561
4.15564847,0.026459143968871595
4.16960216,0.028641184100099183
4.16962743,0.03295948729686427
4.19467568,0.02780193789578088
4.19476199,0.027862973983367668
4.20866799,0.033279926756694896
4.20874906,0.028702220187685968
4.2147212,0.025528343633173113
4.21482944,0.0336919203479057
4.22866964,0.031570916304264895
4.22874522,0.027191577019913024
4.22878265,0.032227054245822846
4.22881699,0.03193713282978561
4.24269414,0.026901655603875793
4.24276805,0.0315403982604715
4.24282336,0.03317311360341802
4.24287653,0.027435721370260166
4.24292636,0.031097886625467308
4.26768827,0.034988937209124896
4.26776576,0.028595407034409093
4.26781034,0.029571984435797664
4.26785254,0.03543144884412909
4.28268695,0.03129625391012436
4.28276181,0.02868696116578927
4.28798151,0.03471427481498436
4.28806877,0.032486457618066684
4.30562353,0.028305485618371862
4.30569172,0.03433279926756695
4.30573511,0.03523308155947204
4.31301141,0.02934309910734722
4.31311035,0.033493553063248645
4.33567524,0.034744792858777754
4.33575082,0.030380712596322575
4.33761287,0.03297474631876097
4.33766651,0.03665217059586481
4.34368634,0.030563820859082932
4.343786,0.03088426031891356
4.35767341,0.036621652552071414
4.35774994,0.032227054245822846
4.37045646,0.029068436713206684
4.37050748,0.0354009308003357
4.37055802,0.03358510719462882
4.39358687,0.02929732204165713
4.39363337,0.034699015793087665
4.39366555,0.03393606469825284
4.39369488,0.028000305180437935
4.40459156,0.0319829098954757
4.40463352,0.033997100785839625
4.41060829,0.02887006942854963
4.41066933,0.030685893034256503
4.42466307,0.03401235980773632
4.42472792,0.027969787136644542
4.43062377,0.028137636377508202
4.43067336,0.03331044480048829
4.44467616,0.028625925078202486
4.45859313,0.02673380636301213
4.45862293,0.0324101625085832
4.46357346,0.030045014114595255
4.4636004,0.02618448157473106
4.46957564,0.031692988479438466
4.47867417,0.0311284046692607
4.47875166,0.026199740596627757
4.48784137,0.03036545357442588
4.48803258,0.0324254215304799
4.51378393,0.02618448157473106
4.5138967,0.02839703974975204
4.51397467,0.03225757228961624
4.52184296,0.028503852903028915
4.52196908,0.028580148012512397
4.52754402,0.03352407110704204
4.5276134,0.02925154497596704
4.53479171,0.026428625925078202
4.53484678,0.03172350652323186
4.54364729,0.029648279545281146
4.54372168,0.025696192874036773
4.5437758,0.030975814450293737
4.56054091,0.030731670099946592
4.5818696,0.025299458304722668
4.58200598,0.0294193942168307
4.58208203,0.031570916304264895
4.60572195,0.025879301136797133
4.60581541,0.02827496757457847
4.60587192,0.03263904783703365
4.60592413,0.026977950713359275
4.61514044,0.02661173418783856
4.61526084,0.031280994888227664
4.62109065,0.027725642786297397
4.62126374,0.027145799954222935
4.62662768,0.03291371023117418
4.62668753,0.029968719005111773
4.63968849,0.025223163195239186
4.6397593,0.03096055542839704
4.64907885,0.03129625391012436
4.65949321,0.025803006027313648
4.65958166,0.02975509269855802
4.67067003,0.031738765545128556
4.67074275,0.02606240939955749
4.67265201,0.02789349202716106
4.67270231,0.032486457618066684
4.67772245,0.02681010147249561
4.67781997,0.02699320973525597
4.6906817,0.032486457618066684
4.69075775,0.02763408865491722
4.70467377,0.025146868085755704
4.70474887,0.03147936217288472
4.72173095,0.030716411078049895
4.72180629,0.027267872129396506
4.72185326,0.03138780804150454
4.72664452,0.02981612878614481
4.72669673,0.0251621271076524
4.73858786,0.03036545357442588
4.73861694,0.032608529793240255
4.74270129,0.02597085526817731
4.74274683,0.027725642786297397
4.76778531,0.032166018158236054
4.76782489,0.02630655374990463
4.76785207,0.027054245822842757
4.76787782,0.03224231326771954
4.767905,0.02780193789578088
4.78166461,0.025772487983520255
4.78957748,0.032486457618066684
4.78961349,0.029663538567177843
4.81000686,0.025299458304722668
4.81014156,0.030731670099946592
4.81184864,0.03134203097581445
4.81198549,0.026428625925078202
4.82667446,0.030121309224078737
4.8267622,0.032227054245822846
4.82680941,0.026840619516289004
4.83900547,0.030991073472190434
4.83903432,0.03459220263981079
4.84573579,0.027649347676813915
4.84584188,0.02725261310749981
4.86966634,0.032532234683756774
4.86975288,0.028168154421301595
4.86979842,0.025650415808346684
4.86983943,0.031189440756847486
4.87793684,0.028641184100099183
4.87802148,0.025726710917830166
4.89165044,0.030777447165636684
4.89173841,0.03022812237735561
4.89762688,0.024582284275577935
4.8976872,0.02954146639200427
4.90365577,0.03163195239185168
4.91877651,0.02578774700541695
4.91885591,0.027786678873884182
4.93114758,0.0319829098954757
4.9312346,0.026535439078355077
4.94503784,0.026703288319218737
4.94517398,0.033401998931868467
4.94662571,0.03210498207064927
4.94667721,0.03480582894636454
4.96064162,0.0477607385366598
4.96073079,0.05137712672617685
4.96862936,0.04448004882887007
4.9686923,0.039917601281757836
4.97361827,0.029480430304417486
4.98783445,0.01986724650949874
4.98792481,0.02508583199816892
5.01117682,0.02887006942854963
5.01129651,0.024338139925230793
5.01307702,0.026657511253528648
5.01319718,0.030853742275120166
5.0388217,0.02699320973525597
5.03894019,0.027145799954222935
5.03901768,0.03228809033340963
5.0390873,0.02801556420233463
5.03915644,0.025574120698863202
5.03922582,0.03175402456702525
5.03929377,0.02934309910734722
5.05393672,0.025299458304722668
5.05401969,0.03022812237735561
5.06766129,0.02981612878614481
5.06773281,0.025467307545586328
5.07272959,0.030685893034256503
5.07282758,0.033279926756694896
5.08162689,0.026794842450598915
5.08166361,0.02844281681544213
5.09373665,0.032776379034103915
5.09378147,0.027435721370260166
5.10705304,0.027237354085603113
5.10715461,0.03338673990997177
5.10724044,0.029480430304417486
5.1255846,0.027405203326466773
5.12561393,0.03335622186617838
5.12923169,0.031021591515983826
5.13559532,0.026947432669565882
5.13565803,0.03292896925307088
5.142941,0.03358510719462882
5.14301991,0.027786678873884182
5.1568594,0.03193713282978561
5.15696669,0.034195468070496685
5.16461825,0.02896162355992981
5.16467071,0.03117418173495079
5.17903852,0.03517204547188525
5.1926775,0.029312581063553826
5.19277596,0.029221026932173648
5.19859576,0.03602655069810025
5.19864273,0.03224231326771954
5.20465207,0.028809033340962846
5.20470166,0.03559929808499275
5.2107451,0.03321889066910811
5.21084929,0.02822919050888838
5.22468925,0.03364614328221561
5.22476816,0.03360036621652552
5.24875522,0.027862973983367668
5.24883294,0.0319829098954757
5.24887681,0.03425650415808347
5.24891901,0.02822919050888838
5.24895906,0.02934309910734722
5.25864506,0.03355458915083543
5.25870228,0.028381780727855344
5.26817751,0.02784771496147097
5.26822877,0.032776379034103915
5.28094697,0.02835126268406195
5.28101373,0.026077668421454186
5.29465437,0.0324254215304799
5.29471159,0.03019760433356222
5.30893707,0.025879301136797133
5.30903983,0.030045014114595255
5.30911589,0.03088426031891356
5.31510997,0.026199740596627757
5.31522942,0.03031967650873579
5.32275653,0.03389028763256275
5.32282209,0.027344167238879988
5.33064675,0.028900587472343024
5.33069944,0.03305104142824445
5.34608364,0.027573052567330433
5.34620214,0.027115281910429542
5.36860299,0.03280689707789731
5.36864257,0.02937361715114061
5.3686738,0.026825360494392308
5.36870384,0.03213550011444266
5.36873364,0.029877164873731595
5.38409138,0.026214999618524453
5.38421202,0.03158617532616159
5.38963938,0.03143358510719463
5.38969803,0.025848783093003737
5.40371561,0.03006027313649195
5.40381646,0.03218127718013275
5.41790271,0.024979018844892044
5.41802168,0.02877851529716945
5.42724061,0.03376821545738918
5.42728162,0.02784771496147097
5.44508743,0.027222095063706417
5.44520783,0.03271534294651713
5.44679976,0.028824292362859542
5.44692206,0.025986114290074008
5.44700074,0.03201342793926909
5.45563555,0.030518043793392843
5.45567393,0.027176317998016328
5.48013091,0.0319829098954757
5.4802506,0.03138780804150454
5.49361134,0.02589456015869383
5.49364018,0.030243381399252308
5.50566292,0.03263904783703365
5.50569034,0.027008468757152668
5.51566243,0.028854810406652935
5.51568675,0.03305104142824445
5.5157094,0.027618829633020522
5.51573181,0.026596475165941862
5.52360678,0.032227054245822846
5.52365446,0.029724574654764628
5.54792786,0.02801556420233463
5.54804897,0.03341725795376516
5.54812741,0.030548561837186235
5.54819846,0.026428625925078202
5.55469537,0.031860837720302126
5.55477166,0.031860837720302126
5.56870151,0.026855878538185704
5.56877494,0.030167086289768826
5.56883097,0.033279926756694896
5.58415174,0.026901655603875793
5.58427405,0.02937361715114061
5.58865333,0.033951323720149536
5.58871436,0.028198672465094988
5.61292648,0.028259708552681773
5.61304784,0.034485389486533916
5.6131258,0.030258640421149004
5.61319494,0.027817196917677575
5.62265992,0.034317540245670256
5.62274694,0.03271534294651713
5.63566041,0.028625925078202486
5.63575625,0.03347829404135195
5.64086843,0.03254749370565347
5.64567137,0.02668802929732204
5.64571643,0.030853742275120166
5.65962815,0.03297474631876097
5.65968561,0.027237354085603113
5.68390679,0.0285648889906157
5.68407369,0.03297474631876097
5.68411183,0.02754253452353704
5.68414545,0.02775616083009079
5.68563986,0.03338673990997177
5.68570042,0.029922941939421684
5.6996727,0.027359426260776684
5.69972992,0.032990005340657665
5.6997726,0.030594338902876324
5.71494222,0.026260776684214542
5.71501112,0.03065537499046311
5.72871685,0.031326771953917754
5.72879481,0.029190508888380255
5.75359535,0.036865796902418556
5.75362635,0.04486152437628748
5.75365067,0.04686045624475471
5.75367427,0.05206378271152819
5.75756836,0.051850156404974444
5.75759292,0.034195468070496685
5.76500297,0.024551766231784542
5.765028,0.02742046234836347
5.77060294,0.025177386129549097
5.78460932,0.02383459220263981
5.79892755,0.031906614785992216
5.7989924,0.031998168917372394
5.80370283,0.027176317998016328
5.80376554,0.03138780804150454
5.80381584,0.03247119859616999
5.81261206,0.02713054093232624
5.82058048,0.03129625391012436
5.82063007,0.03364614328221561
5.82962537,0.028091859311818113
5.82968426,0.030594338902876324
5.85368204,0.03451590753032731
5.85377312,0.028366521705958648
5.85383487,0.028580148012512397
5.85966086,0.035385671778439
5.85971117,0.03100633249408713
5.86698651,0.028122377355611506
5.8670795,0.034317540245670256
5.88010192,0.032272831311512935
5.88022518,0.027862973983367668
5.88795042,0.0332494087129015
5.88801026,0.03385976958876936
5.90962076,0.0281528953994049
5.90966845,0.03225757228961624
5.90969348,0.03567559319447623
5.93495345,0.03006027313649195
5.93507457,0.03201342793926909
5.93514991,0.035584039063096054
5.9352181,0.031448844129091325
5.93528628,0.03146410315098802
5.93535638,0.037125200274662394
5.9457593,0.03263904783703365
5.94583249,0.03044174868390936
5.9536562,0.037079423208972305
5.95372772,0.03466849774929427
5.96760583,0.030121309224078737
5.96764946,0.03564507515068284
6.00066614,0.0357976653696498
6.00260115,0.03060959792477302
6.00265217,0.03445487144274052
6.00269628,0.0366674296177615
6.00273657,0.030930037384603648
6.00560617,0.03279163805600061
6.00565147,0.036789501792935074
6.01376367,0.03219653620202945
6.01382899,0.031662470435645074
6.01979375,0.036789501792935074
6.01984072,0.03192187380788891
6.07188845,0.029190508888380255
6.07200336,0.03717097734035248
6.07209039,0.03433279926756695
6.07414651,0.02908369573510338
6.07424378,0.033401998931868467
6.07432175,0.03312733653772793
6.07439208,0.02822919050888838
6.07692385,0.03237964446478981
6.07700205,0.03407339589532311
6.08964729,0.02868696116578927
6.08968544,0.030594338902876324
6.09621072,0.034744792858777754
6.09628224,0.029190508888380255
6.10498714,0.02887006942854963
6.10508275,0.034821087968261236
6.10515714,0.030594338902876324
6.11862016,0.027344167238879988
6.11865139,0.03396658274204623
6.11867619,0.03288319218738079
6.11870003,0.028503852903028915
6.13366652,0.03372243839169909
6.1336906,0.034271763179980166
6.15858459,0.027908751049057757
6.15861464,0.03108262760357061
6.15863824,0.03363088426031891
6.1586616,0.028900587472343024
6.16666293,0.030823224231326773
6.16668725,0.034576943617914094
6.17366982,0.02934309910734722
6.17866492,0.0290074006256199
6.19259048,0.03447013046463722
6.19264054,0.030594338902876324
6.20702553,0.028030823224231328
6.20715952,0.033493553063248645
6.2196908,0.03163195239185168
6.21978879,0.027267872129396506
6.22868276,0.032867933165484094
6.22876334,0.03254749370565347
6.24290824,0.026749065384908826
6.243047,0.03137254901960784
6.24312377,0.03468375677119097
6.25068331,0.028412298771648737
6.25075865,0.029800869764248113
6.27407646,0.033539330128938734
6.27421117,0.029190508888380255
6.28783083,0.028885328450446328
6.28791761,0.034439612420843826
6.28796434,0.030121309224078737
6.28800583,0.028076600289921417
6.31087327,0.03375295643549248
6.31098342,0.03205920500495918
6.31370521,0.02716105897611963
6.31377077,0.03308155947203784
6.31382942,0.03321889066910811
6.31866813,0.02681010147249561
6.31871557,0.03125047684443427
6.32467508,0.0340886549172198
6.32473373,0.028168154421301595
6.33441472,0.03036545357442588
6.33455801,0.03479056992446784
6.3580029,0.02873273823147936
6.358078,0.02801556420233463
6.35812354,0.033829251544975965
6.35816789,0.030685893034256503
6.36501932,0.028091859311818113
6.36506581,0.0332646677347982
6.37095666,0.031494621194781414
6.37979412,0.027908751049057757
6.37989688,0.0332494087129015
6.39367747,0.03358510719462882
6.39370513,0.02763408865491722
6.40798259,0.03262378881513695
6.40807891,0.03649958037689784
6.4216857,0.029953459983215077
6.42174745,0.03175402456702525
6.42179537,0.036575875486381325
6.42184043,0.030991073472190434
6.43570638,0.029571984435797664
6.435776,0.03569085221637293
6.4379704,0.03309681849393454
6.45059466,0.028976882581826506
6.45062375,0.03302052338445106
6.46473956,0.03138780804150454
6.46477747,0.027969787136644542
6.47897387,0.033401998931868467
6.47912955,0.033279926756694896
6.47920847,0.026001373311970704
6.47927785,0.021759365224689096
6.49361205,0.027267872129396506
6.49364018,0.02635233081559472
6.499614,0.030853742275120166
6.49965262,0.03614862287327383
6.5305016,0.03022812237735561
6.53055787,0.028381780727855344
6.53862405,0.03334096284428168
6.53868008,0.030502784771496146
6.54758835,0.031189440756847486
6.54764748,0.04122987716487373
6.57265902,0.04635690852216373
6.57271409,0.04959182116426337
6.57275605,0.05525291828793774
6.57279658,0.04742504005493248
6.5728364,0.030670634012359806
6.57287574,0.02630655374990463
6.58463621,0.028198672465094988
6.59862351,0.02566567483024338
6.59869194,0.028885328450446328
6.59874582,0.034485389486533916
6.59879637,0.031036850537880523
6.61290407,0.02963302052338445
6.61297393,0.03476005188067445
6.61769319,0.030945296406500344
6.61774945,0.02789349202716106
6.62366462,0.03485160601205463
6.62371802,0.03401235980773632
6.63263917,0.029144731822690166
6.63267899,0.03363088426031891
6.63275528,0.034653238727397576
6.64769721,0.02963302052338445
6.64777422,0.03266956588082704
6.67094707,0.035202563515678645
6.67100644,0.02967879758907454
6.67257619,0.031143663691157397
6.67260885,0.03559929808499275
6.67879891,0.031036850537880523
6.67890096,0.030411230640115968
6.68764639,0.03622491798275731
6.68770003,0.032776379034103915
6.70169067,0.030304417486839094
6.70175815,0.036453803311207754
6.7018106,0.03466849774929427
6.7262826,0.030167086289768826
6.72635078,0.03492790112153811
6.73052979,0.03578240634775311
6.73056269,0.030594338902876324
6.73361158,0.03607232776379034
6.73363709,0.03826962691691463
6.74360633,0.03108262760357061
6.7436316,0.033539330128938734
6.75689101,0.03904783703364614
6.75693464,0.033707179369802394
6.77010798,0.03262378881513695
6.77013612,0.03889524681467918
6.77864432,0.03492790112153811
6.79260516,0.031860837720302126
6.79264259,0.03744563973449302
6.79266667,0.03552300297550927
6.79269052,0.03143358510719463
6.80766487,0.03677424277103838
6.80769014,0.03677424277103838
6.81259203,0.0307011520561532
6.81262183,0.03358510719462882
6.82561207,0.03701838712138552
6.8256402,0.03175402456702525
6.85273194,0.03280689707789731
6.85279083,0.036285954070344094
6.87497759,0.031280994888227664
6.87511539,0.03048752574959945
6.8767066,0.03596551461051346
6.87678432,0.03172350652323186
6.87682414,0.028824292362859542
6.87685966,0.034531166552224005
6.87689352,0.033112077515831236
6.8769269,0.028503852903028915
6.89362121,0.033676661326009
6.89367056,0.03402761882963302
6.91870809,0.028290226596475166
6.91879535,0.03204394598306248
6.91884184,0.0345616845960174
6.91888499,0.028976882581826506
6.918926,0.030212863355458915
6.91896677,0.03479056992446784
6.91900682,0.030945296406500344
6.93397427,0.03031967650873579
6.93404579,0.035248340581368734
6.94767118,0.030930037384603648
6.94774961,0.027862973983367668
6.96192622,0.033539330128938734
6.96196604,0.03129625391012436
6.96994686,0.0272983901731899
6.97000265,0.03335622186617838
6.97004628,0.033676661326009
6.9855895,0.02749675745784695
6.98563814,0.030930037384603648
6.98855543,0.03407339589532311
6.98858809,0.027695124742504004
7.00262094,0.029312581063553826
7.00268817,0.0341039139391165
7.01662183,0.02896162355992981
7.01668215,0.027908751049057757
7.02962923,0.03376821545738918
7.02967834,0.0294193942168307
7.02972174,0.02810711833371481
7.02976298,0.03364614328221561
7.03806615,0.03083848325322347
7.04570031,0.026260776684214542
7.04576492,0.03314259555962463
7.06033492,0.03338673990997177
7.06039453,0.026977950713359275
7.08368659,0.030167086289768826
7.08374906,0.03262378881513695
7.08379555,0.028381780727855344
7.08383894,0.030167086289768826
7.08762813,0.0341039139391165
7.08766079,0.028702220187685968
7.09961104,0.02775616083009079
7.09963942,0.03360036621652552
7.10458922,0.02981612878614481
7.1135788,0.027283131151293202
7.11360765,0.03276112001220722
7.1382885,0.029724574654764628
7.13831639,0.0272983901731899
7.15058541,0.03321889066910811
7.15061593,0.0328526741435874
7.15960932,0.02737468528267338
7.15963602,0.03146410315098802
7.17466354,0.03360036621652552
7.17468691,0.027862973983367668
7.17470932,0.02937361715114061
7.18459225,0.03334096284428168
7.18464112,0.028641184100099183
7.18811655,0.028046082246128024
7.19999814,0.03376821545738918
7.20010495,0.0298619058518349
7.20788145,0.028122377355611506
7.20802164,0.03831540398260472
7.2310586,0.03567559319447623
7.2311759,0.027924010070954453
7.23125267,0.03175402456702525
7.23132133,0.032990005340657665
7.2326622,0.028641184100099183
7.23271465,0.03250171663996338
7.23275256,0.03375295643549248
7.24788809,0.02664225223163195
7.24797654,0.028412298771648737
7.27096415,0.034317540245670256
7.27106786,0.028625925078202486
7.27282858,0.02766460669871061
7.27288127,0.033157854581521325
7.28178144,0.028702220187685968
7.28184748,0.02554360265506981
7.28867459,0.03193713282978561
7.28872442,0.030457007705806057
7.30081916,0.025925078202487222
7.30089211,0.03187609674219882
7.30312753,0.03204394598306248
7.31571198,0.02589456015869383
7.3158021,0.02954146639200427
7.32971191,0.03268482490272374
7.3297627,0.026367589837491417
7.34395146,0.02822919050888838
7.34407139,0.03488212405584802
7.34414768,0.03352407110704204
7.34420824,0.03904783703364614
7.35372353,0.05250629434653239
7.35379815,0.05233844510566873
7.37013292,0.04312199588006409
7.37025189,0.03765926604104677
7.37170887,0.026657511253528648
7.39577007,0.01931792172121767
7.39585567,0.02763408865491722
7.39766335,0.031326771953917754
7.39771008,0.026199740596627757
7.3977468,0.0298619058518349
7.39778185,0.032654306858930345
7.41309285,0.02681010147249561
7.41321301,0.02806134126802472
7.42059922,0.03309681849393454
7.42063475,0.0281528953994049
7.43758941,0.027267872129396506
7.43761516,0.03309681849393454
7.44864893,0.029617761501487753
7.45460129,0.02664225223163195
7.45462847,0.032730601968413826
7.4685936,0.0315403982604715
7.46861935,0.026855878538185704
7.46864295,0.03146410315098802
7.47879386,0.032440680552376595
7.4788878,0.027008468757152668
7.48785353,0.030090791180285344
7.48790026,0.03381399252307927
7.51475239,0.027771419851987486
7.51485991,0.029312581063553826
7.51489687,0.034653238727397576
7.51493192,0.02946517128252079
7.5149653,0.028366521705958648
7.52274275,0.0345616845960174
7.52280951,0.0315403982604715
7.53570914,0.02861066605630579
7.53577733,0.03434805828946365
7.54295039,0.033112077515831236
7.54307103,0.028580148012512397
7.5658257,0.034119172961013196
7.56594443,0.03471427481498436
7.57210493,0.02887006942854963
7.57222581,0.03187609674219882
7.57230115,0.035706111238269625
7.58467531,0.03053330281528954
7.58475161,0.03164721141374838
7.5916748,0.03620965896086061
7.59173656,0.030411230640115968
7.60079288,0.029358358129243915
7.60086656,0.0362554360265507
7.61376929,0.032486457618066684
7.61382651,0.028763256275272753
7.63796473,0.033203631647211414
7.6380856,0.032532234683756774
7.64692497,0.02929732204165713
7.64700484,0.033447775997558556
7.64705634,0.033401998931868467
7.65973115,0.026901655603875793
7.65979266,0.02967879758907454
7.67409706,0.03407339589532311
7.67421794,0.028381780727855344
7.67915344,0.0285648889906157
7.67927456,0.0328374151216907
7.69264817,0.02749675745784695
7.6927321,0.026626993209735255
7.69277644,0.032486457618066684
7.69281745,0.029144731822690166
7.70717287,0.026031891355764097
7.70729303,0.03131151293202106
7.7073698,0.030075532158388648
7.71291232,0.025726710917830166
7.71303248,0.031021591515983826
7.7266984,0.031525139238574806
7.72676063,0.025055313954375526
7.73261237,0.02958724345769436
7.73263788,0.03268482490272374
7.75570083,0.026153963530937668
7.75576353,0.027435721370260166
7.75774598,0.03280689707789731
7.75778222,0.027359426260776684
7.76566768,0.026749065384908826
7.76569581,0.0328526741435874
7.76766038,0.028412298771648737
7.78158355,0.025482566567483024
7.78558898,0.03193713282978561
7.78562808,0.030182345311665523
7.81030917,0.025299458304722668
7.81044626,0.03044174868390936
7.81862521,0.030121309224078737
7.81869936,0.025223163195239186
7.82262707,0.029739833676661324
7.82271886,0.033279926756694896
7.82965922,0.026901655603875793
7.82973695,0.027481498435950255
7.83910346,0.03204394598306248
7.84769869,0.027267872129396506
7.84780717,0.02691691462577249
7.87190413,0.03268482490272374
7.8720386,0.02851911192492561
7.87211657,0.02528419928282597
7.87218714,0.03108262760357061
7.88070726,0.0294193942168307
7.88078237,0.024902723735408562
7.88865662,0.030731670099946592
7.88872385,0.03192187380788891
7.90268064,0.02589456015869383
7.90274429,0.02839703974975204
7.90278864,0.031784542610818645
7.91868639,0.02677958342870222
7.91875196,0.0277103837644007
7.93205428,0.03237964446478981
7.93216324,0.02699320973525597
7.94499135,0.026047150377660793
7.94514656,0.03204394598306248
7.94525051,0.028580148012512397
7.94531107,0.025482566567483024
7.96059966,0.03117418173495079
7.96066189,0.030167086289768826
7.96076798,0.025558861676966506
7.96558523,0.03039597161821927
7.97375822,0.0315403982604715
7.99867892,0.025925078202487222
7.99875689,0.028641184100099183
8.00809312,0.031998168917372394
8.00821686,0.0272983901731899
8.02115631,0.028931105516136417
8.02123189,0.03407339589532311
8.02127838,0.02832074464026856
8.02132154,0.027405203326466773
8.02984595,0.034363317311360345
8.02997279,0.03031967650873579
8.05372381,0.028091859311818113
8.05379891,0.03352407110704204
8.05384374,0.030426489662012664
8.05868316,0.025726710917830166
8.05875111,0.030807965209430077
8.05881286,0.03225757228961624
8.05887413,0.02630655374990463
8.08274579,0.02920576791027695
8.08282137,0.0315556572823682
8.08286858,0.025360494392309453
8.08291101,0.026855878538185704
8.08466387,0.03224231326771954
8.08471107,0.026977950713359275
8.09881401,0.026657511253528648
8.0989089,0.032822156099794005
8.0989821,0.02920576791027695
8.12363338,0.02618448157473106
8.12366247,0.03131151293202106
8.12368679,0.029922941939421684
8.13417149,0.02699320973525597
8.13430834,0.03546196688792248
8.13438582,0.042801556420233464
8.14586091,0.04495307850766766
8.1458981,0.0511787594415198
8.15760922,0.04931715877012283
8.1626451,0.034195468070496685
8.16271186,0.0255893797207599
8.17707801,0.0268711375600824
8.19002271,0.023422598611429007
8.19010186,0.024170290684367133
8.20187736,0.03167772945754177
8.20195627,0.028809033340962846
8.20200253,0.025268940260929275
8.20204425,0.030945296406500344
8.21073508,0.03039597161821927
8.21086979,0.025726710917830166
8.22466755,0.030472266727702754
8.22477055,0.03210498207064927
8.23412895,0.02597085526817731
8.23426676,0.029221026932173648
8.24770236,0.03352407110704204
8.27193093,0.028122377355611506
8.27205205,0.028503852903028915
8.2721293,0.03295948729686427
8.27219868,0.029266803997863737
8.27226663,0.02848859388113222
8.27233338,0.033829251544975965
8.27805161,0.029449912260624093
8.27818751,0.026077668421454186
8.29065919,0.033615625238422216
8.29071498,0.03224231326771954
8.30373573,0.027008468757152668
8.30381393,0.03259327077134356
8.31270814,0.03376821545738918
8.32561421,0.027954528114747846
8.32566833,0.031448844129091325
8.3275919,0.03468375677119097
8.32762694,0.028168154421301595
8.33683634,0.03048752574959945
8.33690763,0.03610284580758373
8.34478474,0.031906614785992216
8.34486985,0.03048752574959945
8.35465264,0.03601129167620355
8.35470295,0.032364385442893114
8.37874961,0.029022659647516595
8.37882566,0.0349736781872282
8.37887073,0.035080491340505074
8.37891769,0.030121309224078737
8.37895894,0.03405813687342641
8.39258623,0.03450064850843061
8.39261079,0.030426489662012664
8.40095305,0.033615625238422216
8.40097666,0.03634699015793088
8.40865874,0.030182345311665523
8.40868378,0.03079270618753338
8.42258739,0.03572137026016632
8.42261147,0.030411230640115968
8.44659495,0.02873273823147936
8.44662333,0.034607461661707486
8.4466486,0.031158922713054094
8.4466722,0.02763408865491722
8.44669628,0.03375295643549248
8.45859408,0.0324254215304799
8.45861816,0.026794842450598915
8.4684639,0.031738765545128556
8.46860528,0.03341725795376516
8.48472834,0.027176317998016328
8.48481894,0.029694056610971235
8.49472594,0.032990005340657665
8.49479818,0.028458075837338826
8.50894737,0.029724574654764628
8.50907469,0.03418020904859999
8.50914955,0.02877851529716945
8.50921798,0.028137636377508202
8.52369261,0.03462272068360418
8.52377343,0.030304417486839094
8.53801274,0.02652018005645838
8.53813696,0.034317540245670256
8.55071735,0.033279926756694896
8.55080462,0.0272983901731899
8.57504773,0.031830319676508734
8.57518458,0.03274586099031052
8.57526278,0.027267872129396506
8.5753324,0.030594338902876324
8.5895052,0.03364614328221561
8.58960414,0.028763256275272753
8.58964992,0.02967879758907454
8.59471416,0.034195468070496685
8.59478641,0.029068436713206684
8.60211015,0.02810711833371481
8.60223079,0.033661402304112305
8.61178446,0.03044174868390936
8.61186099,0.02681010147249561
8.63480139,0.03271534294651713
8.63490438,0.031570916304264895
8.63498473,0.02703898680094606
8.63505578,0.03300526436255436
8.64966631,0.03343251697566186
8.64974093,0.027054245822842757
8.64978766,0.030304417486839094
8.65761542,0.033615625238422216
8.65767479,0.028381780727855344
8.68074369,0.02929732204165713
8.68082023,0.03439383535515374
8.68369079,0.02951094834821088
8.6837492,0.027740901808194093
8.69065595,0.03364614328221561
8.69070387,0.030045014114595255
8.6977706,0.0272983901731899
8.6978693,0.033371480888075074
8.70411754,0.03254749370565347
8.71817517,0.027435721370260166
8.7182498,0.03204394598306248
8.72368693,0.03317311360341802
8.72375774,0.027115281910429542
8.74795032,0.0302738994430457
8.74806881,0.03413443198290989
8.74814343,0.029571984435797664
8.74821448,0.030350194552529183
8.75470829,0.03459220263981079
8.75477338,0.030289158464942397
8.76872778,0.030457007705806057
8.76879215,0.03663691157396811
8.7688446,0.033401998931868467
8.78090143,0.029221026932173648
8.78093433,0.03407339589532311
8.80461383,0.032440680552376595
8.80463958,0.02749675745784695
8.80466294,0.03274586099031052
8.80468655,0.033829251544975965
8.81470942,0.02716105897611963
8.81476569,0.02963302052338445
8.8215735,0.03407339589532311
8.82161427,0.028122377355611506
8.83457637,0.02908369573510338
8.83460212,0.03434805828946365
8.8499198,0.029266803997863737
8.85001349,0.027740901808194093
8.87386489,0.0340886549172198
8.87396717,0.03022812237735561
8.87402296,0.027237354085603113
8.87407327,0.03237964446478981
8.875772,0.032654306858930345
8.87582088,0.03036545357442588
8.88959599,0.03990234225986114
8.88965034,0.04740978103303578
8.89863086,0.049011978332188906
8.89868498,0.05215533684290837
8.89872098,0.048218509193560695
8.92497635,0.03117418173495079
8.9250524,0.023422598611429007
8.93769217,0.027603570611123826
8.93776608,0.025818265049210344
8.95193076,0.026794842450598915
8.95203209,0.0336919203479057
8.9520824,0.03039597161821927
8.95212984,0.026932173647669186
8.96270871,0.03262378881513695
8.96277142,0.03164721141374838
8.97083473,0.026535439078355077
8.97087622,0.031143663691157397
8.9889667,0.032608529793240255
8.99499941,0.028076600289921417
8.99504209,0.031738765545128556
9.00765991,0.03492790112153811
9.00770235,0.02835126268406195
9.01495767,0.02896162355992981
9.0150609,0.034821087968261236
9.02367115,0.03010605020218204
9.02372479,0.028580148012512397
9.02375436,0.034607461661707486
9.02378035,0.031097886625467308
9.03305817,0.02801556420233463
9.03310752,0.03437857633325704
9.03763604,0.03334096284428168
9.05198312,0.028076600289921417
9.05213737,0.033371480888075074
9.06461763,0.03480582894636454
9.06466198,0.02887006942854963
9.0709281,0.032486457618066684
9.07096815,0.0358129243915465
9.07768226,0.02958724345769436
9.07775664,0.0332646677347982
9.0896666,0.03826962691691463
9.08974218,0.032562752727550166
9.11396813,0.030670634012359806
9.11406898,0.03685053788052186
9.11414552,0.03459220263981079
9.12060928,0.03137254901960784
9.12063909,0.036911573968108645
9.13061666,0.035919737544823374
9.13064194,0.031494621194781414
9.13258171,0.037415121690699625
9.13260841,0.03904783703364614
9.1486578,0.03250171663996338
9.14868236,0.03578240634775311
9.15357256,0.03953612573434043
9.17876101,0.03347829404135195
9.1788249,0.03372243839169909
9.17887139,0.038910505836575876
9.17891216,0.03384451056687266
9.17895198,0.03205920500495918
9.19365335,0.038162813763637754
9.19371057,0.03471427481498436
9.19959331,0.030411230640115968
9.19963455,0.03659113450827802
9.21376276,0.034607461661707486
9.21386647,0.029236285954070344
9.23306155,0.03530937666895552
9.23312068,0.03688105592431525
9.23315358,0.030167086289768826
9.23318362,0.03300526436255436
9.23321295,0.03778133821622034
9.24840498,0.03126573586633097
9.24843454,0.031570916304264895
9.26262069,0.03726253147173266
9.26266384,0.031784542610818645
9.26269627,0.03019760433356222
9.26272583,0.03656061646448463
9.27783656,0.03300526436255436
9.27798533,0.029449912260624093
9.30189872,0.03559929808499275
9.30193591,0.034317540245670256
9.30196261,0.0290074006256199
9.30198622,0.03381399252307927
9.30200958,0.03517204547188525
9.31061101,0.029739833676661324
9.31065249,0.032944228274967575
9.32268143,0.035538261997405965
9.32273126,0.02993820096131838
9.33564091,0.031906614785992216
9.33568096,0.03698786907759213
9.34797335,0.03150988021667811
9.34807229,0.02954146639200427
9.37179804,0.03535515373464561
9.37185073,0.0315556572823682
9.37999773,0.02908369573510338
9.38009548,0.03569085221637293
9.38017058,0.03425650415808347
9.39372659,0.02839703974975204
9.39379549,0.033401998931868467
9.40262532,0.034866865033951325
9.40265059,0.029602502479591057
9.40974498,0.032654306858930345
9.40981674,0.03578240634775311
9.4238925,0.02920576791027695
9.42395806,0.029648279545281146
9.44769335,0.03555352101930266
9.44771838,0.03266956588082704
9.44774079,0.02989242389562829
9.44776297,0.03585870145723659
9.4477849,0.03228809033340963
9.45069599,0.02861066605630579
9.45072293,0.034531166552224005
9.46360922,0.03314259555962463
9.46363354,0.027740901808194093
9.46365643,0.033615625238422216
9.46367955,0.03494316014343481
9.4786098,0.028030823224231328
9.47863531,0.03164721141374838
9.50261593,0.03605706874189364
9.50264001,0.030090791180285344
9.5026629,0.030579079880979628
9.50268626,0.03610284580758373
9.51269221,0.03129625391012436
9.5127728,0.02975509269855802
9.52864242,0.03564507515068284
9.52869081,0.032867933165484094
9.53262639,0.029358358129243915
9.53267336,0.03576714732585641
9.55564189,0.03509575036240177
9.55571699,0.02877851529716945
9.55759954,0.033875028610666054
9.55765915,0.03511100938429847
9.57072568,0.02883955138475624
9.57078791,0.03176928358892195
9.57084346,0.034607461661707486
9.57911229,0.028076600289921417
9.57923365,0.029022659647516595
9.59372616,0.03559929808499275
9.59380221,0.030594338902876324
9.62768531,0.0281528953994049
9.62776208,0.033951323720149536
9.62780786,0.030411230640115968
9.62785125,0.027786678873884182
9.62964606,0.03418020904859999
9.62970543,0.03297474631876097
9.62975192,0.026459143968871595
9.62979436,0.03167772945754177
9.63466311,0.03512626840619516
9.64908886,0.032776379034103915
9.64920974,0.040787365529869536
9.65795541,0.05238422217135882
9.6580162,0.05108720531013962
9.68208933,0.04806591897459373
9.68220973,0.044251163500419625
9.68769431,0.028595407034409093
9.68777132,0.021667811093308918
9.68782282,0.02958724345769436
9.68786454,0.029800869764248113
9.70172191,0.027389944304570077
9.70178127,0.03331044480048829
9.70183921,0.032074464026855876
9.71882105,0.026337071793698024
9.71888494,0.03204394598306248
9.73272586,0.033707179369802394
9.73280096,0.02703898680094606
9.74866533,0.029556725413900968
9.74868894,0.03413443198290989
9.74871111,0.02848859388113222
9.74873304,0.029144731822690166
9.77665901,0.03439383535515374
9.77668595,0.028931105516136417
9.77866745,0.02780193789578088
9.77869391,0.0349584191653315
9.77871728,0.031158922713054094
9.78392363,0.026550698100251773
9.79769802,0.0328526741435874
9.79776525,0.034363317311360345
9.81216049,0.028931105516136417
9.81234074,0.03356984817273213
9.81241894,0.03479056992446784
9.82463765,0.028503852903028915
9.82467341,0.03147936217288472
9.82470608,0.035385671778439
9.82473826,0.02801556420233463
9.83760786,0.03065537499046311
9.83763313,0.03717097734035248
9.84594798,0.031952391851682305
9.84602594,0.02951094834821088
9.86968637,0.03567559319447623
9.86976981,0.03350881208514534
9.8769052,0.029785610742351417
9.87704158,0.0354009308003357
9.87711883,0.03506523231860838
9.87718868,0.02954146639200427
9.89127851,0.03500419623102159
9.89136457,0.036362249179827576
9.89667416,0.029236285954070344
9.89674115,0.03279163805600061
9.90483356,0.03781185626001373
9.92972803,0.030853742275120166
9.92980647,0.03039597161821927
9.93167019,0.03533989471274891
9.93171978,0.031403067063401235
9.93175602,0.030182345311665523
9.93179011,0.03596551461051346
9.9471252,0.031692988479438466
9.94724989,0.027313649195086595
9.95469117,0.03372243839169909
9.95477009,0.032654306858930345
9.9686718,0.025925078202487222
9.96873522,0.03125047684443427
9.96878719,0.033493553063248645
9.98393464,0.02696269169146258
9.98406482,0.02934309910734722
9.99768114,0.033707179369802394
9.99774575,0.02754253452353704
9.99779201,0.027176317998016328
9.9978354,0.03434805828946365
10.01310635,0.03006027313649195
10.01323104,0.027176317998016328
10.02271461,0.03292896925307088
10.02279115,0.029800869764248113
10.04793978,0.026626993209735255
10.04806328,0.03305104142824445
10.04814029,0.03204394598306248
10.05569315,0.026031891355764097
10.0557704,0.03096055542839704
10.06369758,0.032898451209277486
10.06375766,0.026718547341115433
10.06380343,0.029694056610971235
10.06384468,0.03430228122377356
10.07896781,0.027344167238879988
10.07904291,0.02784771496147097
10.08769488,0.033447775997558556
10.08777046,0.028046082246128024
10.11097813,0.025818265049210344
10.11105847,0.03230334935530633
10.1111176,0.03141832608529793
10.11269021,0.027344167238879988
10.11273313,0.03192187380788891
10.12160993,0.03117418173495079
10.13463402,0.02594033722438392
10.1347127,0.030518043793392843
10.14908314,0.03230334935530633
10.14922047,0.02623025864042115
10.16269159,0.028992141603723202
10.16277909,0.032776379034103915
10.18567109,0.02737468528267338
10.18574595,0.028824292362859542
10.18578362,0.03384451056687266
10.19482732,0.02851911192492561
10.1948905,0.02664225223163195
10.20405364,0.032867933165484094
10.20415211,0.02963302052338445
10.21776342,0.025558861676966506
10.21784306,0.03187609674219882
10.21788931,0.031738765545128556
10.21793318,0.02575722896162356
10.22566772,0.029800869764248113
10.22572923,0.03251697566186008
10.25081754,0.02652018005645838
10.2509582,0.0290074006256199
10.25103307,0.033829251544975965
10.25289583,0.0277103837644007
10.25301981,0.028381780727855344
10.2530961,0.03372243839169909
10.25316453,0.028625925078202486
10.26793146,0.026932173647669186
10.26800847,0.0332494087129015
10.28085041,0.03131151293202106
10.28092027,0.027862973983367668
10.29468942,0.033447775997558556
10.29478168,0.03288319218738079
10.30868793,0.02713054093232624
10.30876493,0.031738765545128556
10.30882096,0.03384451056687266
10.31364799,0.027008468757152668
10.31370759,0.029388876173037308
10.32309103,0.03393606469825284
10.32321382,0.027222095063706417
10.3357091,0.02746623941405356
10.3357842,0.03276112001220722
10.34472966,0.027603570611123826
10.34480071,0.02575722896162356
10.35809469,0.03218127718013275
10.35821676,0.029221026932173648
10.38072252,0.025345235370412757
10.3808105,0.032120241092545965
10.38086796,0.03175402456702525
10.38262558,0.025268940260929275
10.38266397,0.029999237048905166
10.38864851,0.031525139238574806
10.38869095,0.025803006027313648
10.40257502,0.030045014114595255
10.40260077,0.038452735179674985
10.41561007,0.039337758449683374
10.41563416,0.04658579385061418
10.42960978,0.05531395437552453
10.42963433,0.044510566872663464
10.4346149,0.031494621194781414
10.43464136,0.028946364538033113
10.43466544,0.02423132677195392
10.45961189,0.022201876859693295
10.45964193,0.02963302052338445
10.46359491,0.02998397802700847
10.46361852,0.025558861676966506
10.46364164,0.030594338902876324
10.49191213,0.03138780804150454
10.49205232,0.025726710917830166
10.49213195,0.03015182726787213
10.4922061,0.03442435339894713
10.50114322,0.027283131151293202
10.50120854,0.027405203326466773
10.50125408,0.03393606469825284
10.51709938,0.029266803997863737
10.51723766,0.02716105897611963
10.52307653,0.03305104142824445
10.52321386,0.030563820859082932
10.535671,0.02664225223163195
10.5357461,0.03309681849393454
10.55092096,0.03187609674219882
10.55102921,0.0268711375600824
10.55708146,0.032272831311512935
10.55721593,0.03401235980773632
10.57271791,0.02789349202716106
10.57279325,0.030243381399252308
10.57283998,0.03425650415808347
10.58511519,0.02883955138475624
10.5853312,0.029617761501487753
10.59191275,0.03512626840619516
10.59199882,0.030762188143739988
10.61510944,0.029327840085450523
10.61523056,0.035370412756542305
10.63158965,0.032898451209277486
10.63167739,0.029907682917524988
10.6376524,0.03572137026016632
10.6377182,0.03433279926756695
10.65507817,0.02925154497596704
10.65521288,0.03492790112153811
10.65529037,0.03616388189517052
10.65908337,0.029694056610971235
10.6592052,0.03262378881513695
10.67270923,0.03717097734035248
10.67276645,0.030930037384603648
10.67993283,0.03096055542839704
10.68000579,0.035828183413443196
10.68006086,0.03193713282978561
10.68011212,0.030411230640115968
10.70409727,0.03630121309224079
10.70417523,0.03234912642099642
10.70422125,0.02775616083009079
10.70426297,0.03372243839169909
10.70565534,0.03343251697566186
10.71497917,0.02798504615854124
10.7150774,0.0319829098954757
10.73872042,0.033783474479285876
10.73880768,0.027862973983367668
10.73885298,0.03010605020218204
10.7388947,0.03389028763256275
10.74902368,0.02754253452353704
10.74912333,0.02798504615854124
10.76767659,0.03360036621652552
10.76775193,0.029358358129243915
10.76779699,0.026840619516289004
10.76783919,0.0336919203479057
10.76964283,0.030457007705806057
10.78370357,0.026199740596627757
10.78373241,0.031662470435645074
10.79294419,0.03210498207064927
10.79301786,0.027115281910429542
10.80858755,0.03083848325322347
10.80861521,0.03334096284428168
10.81458616,0.027313649195086595
10.81461096,0.02998397802700847
10.82426953,0.0345464255741207
10.82429385,0.0277103837644007
10.83360171,0.02801556420233463
10.83363032,0.033401998931868467
10.85882807,0.02868696116578927
10.85900736,0.027344167238879988
10.85909867,0.033325703822384985
10.85915756,0.029602502479591057
10.86860824,0.025818265049210344
10.8686738,0.031738765545128556
10.8776257,0.03187609674219882
10.8776834,0.026596475165941862
10.89207697,0.030869001297016863
10.89223528,0.03266956588082704
10.89664507,0.026504921034561684
10.89670777,0.02908369573510338
10.90470552,0.03321889066910811
10.91875529,0.026382848859388113
10.91883659,0.026794842450598915
10.93268156,0.03402761882963302
10.93276095,0.0298619058518349
10.93280864,0.02708476386663615
10.93285465,0.03295948729686427
10.94269729,0.030090791180285344
10.94275212,0.026260776684214542
10.95811296,0.03143358510719463
10.95823288,0.03143358510719463
10.96773958,0.026932173647669186
10.96782279,0.0315556572823682
10.97967219,0.03251697566186008
10.99373627,0.025955596246280615
10.99384332,0.029556725413900968
11.00026226,0.03392080567635614
11.00031972,0.02749675745784695
11.00744271,0.027908751049057757
11.0074873,0.03376821545738918
11.01270103,0.028702220187685968
11.01275444,0.026932173647669186
11.02213311,0.03401235980773632
11.02225327,0.031448844129091325
11.044806,0.026626993209735255
11.04492617,0.03334096284428168
11.04500318,0.03334096284428168
11.04507208,0.028381780727855344
11.04513931,0.03218127718013275
11.07084131,0.03463797970550088
11.07091975,0.028137636377508202
11.07257724,0.030182345311665523
11.07261467,0.03405813687342641
11.07264805,0.028213931486991684
11.07268095,0.02798504615854124
11.08813453,0.03364614328221561
11.08825445,0.028763256275272753
11.11076236,0.026260776684214542
11.11084843,0.0324254215304799
11.11090279,0.02963302052338445
11.11260247,0.02542153047989624
11.11263824,0.03170824750133516
11.12661147,0.031204699778744183
11.13059473,0.026001373311970704
11.13063765,0.03083848325322347
11.14479971,0.03263904783703365
11.14496207,0.02561989776455329
11.1686759,0.029098954757000077
11.16875005,0.03439383535515374
11.16878748,0.03314259555962463
11.16882229,0.041886015106431675
11.16885591,0.055359731441214616
11.18399096,0.05238422217135882
11.18412471,0.04226749065384909
11.18420267,0.03718623636224918
11.18864751,0.026413366903181506
11.20974135,0.019684138246738384
11.20984197,0.028244449530785077
11.21909308,0.030472266727702754
11.21923137,0.025818265049210344
11.22508168,0.030411230640115968
11.22521901,0.032394903486686506
11.23364973,0.026153963530937668
11.2337153,0.028976882581826506
11.23376417,0.03305104142824445
11.24891138,0.026855878538185704
11.24901056,0.028381780727855344
11.25808573,0.034744792858777754
11.25820756,0.029800869764248113
11.2829392,0.02746623941405356
11.28305984,0.033325703822384985
11.28313565,0.030975814450293737
11.28320551,0.026535439078355077
11.28492785,0.0324101625085832
11.28499532,0.033279926756694896
11.29968262,0.028305485618371862
11.29974818,0.03181506065461204
11.30166173,0.03439383535515374
11.31466389,0.02822919050888838
11.3147366,0.030731670099946592
11.33873224,0.035034714274814985
11.33880877,0.02929732204165713
11.33885407,0.02975509269855802
11.33889675,0.03504997329671168
11.3456347,0.031403067063401235
11.34567475,0.029877164873731595
11.35490727,0.03639276722362097
11.35500455,0.03358510719462882
11.37004757,0.029449912260624093
11.37010837,0.03559929808499275
11.37015629,0.0349584191653315
11.3946929,0.028747997253376057
11.39478016,0.0345616845960174
11.39483571,0.037628747997253374
11.39488959,0.030579079880979628
11.40595627,0.032532234683756774
11.40600038,0.037369344625009536
11.41373467,0.03218127718013275
11.41377473,0.03164721141374838
11.42462492,0.037079423208972305
11.42465329,0.032272831311512935
11.43162775,0.029724574654764628
11.43168116,0.035706111238269625
11.44461989,0.0328526741435874
11.45910525,0.028824292362859542
11.4591527,0.034912642099641414
11.46360111,0.034485389486533916
11.46363091,0.027954528114747846
11.46963334,0.032364385442893114
11.47662306,0.033539330128938734
11.4766705,0.027862973983367668
11.49004364,0.03060959792477302
11.49017882,0.03437857633325704
11.49025416,0.027954528114747846
11.50361753,0.02822919050888838
11.51768517,0.03533989471274891
11.52383518,0.029999237048905166
11.52394724,0.027222095063706417
11.52401996,0.03364614328221561
11.53260374,0.030640115968566414
11.53263021,0.026749065384908826
11.53265476,0.03363088426031891
11.54761958,0.03317311360341802
11.54766655,0.02699320973525597
11.54769897,0.031036850537880523
11.55761313,0.033539330128938734
11.55763936,0.027786678873884182
11.57963634,0.030212863355458915
11.57967162,0.03480582894636454
11.61025953,0.028213931486991684
11.61030602,0.02848859388113222
11.61033869,0.03434805828946365
11.61036849,0.029648279545281146
11.62105823,0.02691691462577249
11.62116075,0.03384451056687266
11.62123513,0.03117418173495079
11.62130427,0.026169222552834364
11.63471699,0.03204394598306248
11.63479424,0.03205920500495918
11.64062142,0.02742046234836347
11.64066219,0.03208972304875257
11.64069486,0.032608529793240255
11.66506457,0.027069504844739453
11.66514254,0.02958724345769436
11.66518831,0.03389028763256275
11.66523218,0.02780193789578088
11.66762543,0.02806134126802472
11.66767097,0.034271763179980166
11.68066406,0.029358358129243915
11.68069768,0.026413366903181506
11.68799663,0.03468375677119097
11.6880939,0.032166018158236054
11.71158171,0.027023727779049364
11.71163964,0.032562752727550166
11.71167159,0.03205920500495918
11.71170115,0.025772487983520255
11.71173215,0.03105210955977722
11.72678208,0.03352407110704204
11.72687078,0.02746623941405356
11.73063016,0.03015182726787213
11.73066926,0.034363317311360345
11.74460912,0.028213931486991684
11.74464417,0.02822919050888838
11.7686336,0.03393606469825284
11.76866007,0.029221026932173648
11.76868439,0.026672770275425344
11.76870728,0.03338673990997177
11.76873064,0.03125047684443427
11.79118562,0.026794842450598915
11.79121733,0.03312733653772793
11.79259276,0.03192187380788891
11.79261661,0.026504921034561684
11.80065227,0.031860837720302126
11.80067635,0.034912642099641414
11.81459785,0.02822919050888838
11.81462336,0.029968719005111773
11.82871485,0.03437857633325704
11.82878804,0.02912947280079347
11.83760786,0.030945296406500344
11.83763576,0.03718623636224918
11.84736323,0.031448844129091325
11.84741926,0.027618829633020522
11.85522532,0.03347829404135195
11.85537219,0.030746929121843288
11.86891747,0.02681010147249561
11.86900759,0.033371480888075074
11.88720012,0.032776379034103915
11.88725567,0.02677958342870222
11.89888644,0.03131151293202106
11.89898753,0.033112077515831236
11.89906287,0.02652018005645838
11.89913654,0.029053177691309988
11.90666842,0.033676661326009
11.91364694,0.027924010070954453
11.913692,0.02784771496147097
11.92820692,0.033829251544975965
11.92832828,0.02891584649423972
11.94168139,0.026001373311970704
11.94177175,0.03259327077134356
11.9546392,0.031662470435645074
11.95467496,0.03031967650873579
11.96895242,0.04158083466849775
11.96904826,0.049515526054779886
11.96909952,0.04823376821545739
11.96913314,0.04890516517891203
11.9827013,0.04206912336919204
11.98275781,0.0255893797207599
11.98280072,0.022842755779354542
11.99064255,0.02975509269855802
11.99068451,0.026626993209735255
12.00468659,0.02713054093232624
12.00475931,0.03335622186617838
12.02917004,0.02896162355992981
12.02927184,0.02639810788128481
12.02934837,0.03254749370565347
12.0294199,0.03048752574959945
12.03570867,0.02618448157473106
12.03577495,0.031616693369954985
12.04164147,0.03125047684443427
12.04761958,0.02578774700541695
12.04766011,0.03150988021667811
12.05561638,0.033615625238422216
12.05565691,0.026581216144045166
12.07962871,0.029098954757000077
12.07967925,0.033707179369802394
12.0816052,0.028213931486991684
12.0816381,0.028946364538033113
12.09070969,0.03555352101930266
12.09078097,0.03036545357442588
12.09999967,0.027435721370260166
12.10010052,0.03407339589532311
12.10466671,0.03219653620202945
12.11363411,0.027969787136644542
12.11366057,0.03384451056687266
12.12802649,0.033203631647211414
12.12805676,0.027191577019913024
12.1427021,0.032486457618066684
12.14276052,0.035660334172579536
12.15359187,0.02925154497596704
12.15362573,0.031692988479438466
12.15365005,0.03622491798275731
12.15367317,0.030563820859082932
12.1650188,0.03048752574959945
12.16687846,0.03642328526741436
12.17959738,0.03201342793926909
12.17967153,0.02937361715114061
12.20382285,0.03559929808499275
12.20390439,0.03288319218738079
12.20394111,0.0290074006256199
12.20397544,0.035385671778439
12.20969629,0.03527885862516213
12.20976543,0.028747997253376057
12.22294044,0.03233386739909972
12.22304821,0.03492790112153811
12.23671007,0.028900587472343024
12.23682833,0.03163195239185168
12.23688674,0.036194399938963916
12.26115203,0.0298619058518349
12.26127267,0.028717479209582664
12.26272225,0.03434805828946365
12.26278114,0.029770351720454717
12.26281905,0.026337071793698024
12.26285386,0.03215075913633936
12.27798104,0.031189440756847486
12.27807736,0.02656595712214847
12.29079223,0.03167772945754177
12.29084754,0.03163195239185168
12.29693961,0.026260776684214542
12.29706001,0.030731670099946592
12.31667018,0.03329518577859159
12.31675363,0.026413366903181506
12.31679845,0.028641184100099183
12.33194566,0.03338673990997177
12.33206582,0.02763408865491722
12.33214211,0.027359426260776684
12.33221865,0.032776379034103915
12.3464942,0.028213931486991684
12.34657049,0.02499427786678874
12.35306621,0.03352407110704204
12.35312486,0.031967650873579
12.36709523,0.0268711375600824
12.36721349,0.03218127718013275
12.37969017,0.03170824750133516
12.38925219,0.025818265049210344
12.3893497,0.02970931563286793
12.41059208,0.03215075913633936
12.41062164,0.025803006027313648
12.41257381,0.02758831158922713
12.41260004,0.03300526436255436
12.42578053,0.028137636377508202
12.42588043,0.02749675745784695
12.42767525,0.03292896925307088
12.42771959,0.028458075837338826
12.45073843,0.025436789501792935
12.45082688,0.03193713282978561
12.45088196,0.030243381399252308
12.4596014,0.02583352407110704
12.4596262,0.03138780804150454
12.46861172,0.031204699778744183
12.46863961,0.025223163195239186
12.49495077,0.028946364538033113
12.49497843,0.03181506065461204
12.49500227,0.026260776684214542
12.49502587,0.028213931486991684
12.495049,0.03251697566186008
12.49507236,0.0272983901731899
12.49667454,0.027115281910429542
12.50960612,0.03317311360341802
12.52282071,0.02801556420233463
12.52290106,0.02554360265506981
12.53669715,0.03364614328221561
12.53677988,0.03158617532616159
12.53681684,0.025986114290074008
12.53685045,0.031525139238574806
12.54288769,0.0315556572823682
12.54295325,0.025513084611276417
12.55569839,0.029694056610971235
12.5557735,0.032532234683756774
12.56512451,0.026428625925078202
12.5652473,0.028641184100099183
12.5786798,0.03407339589532311
12.59293675,0.028000305180437935
12.59301567,0.027145799954222935
12.59774137,0.033371480888075074
12.59780788,0.02908369573510338
12.60565495,0.02639810788128481
12.60573149,0.03279163805600061
12.60761428,0.030090791180285344
12.60767388,0.026169222552834364
12.62094617,0.032166018158236054
12.62101793,0.03224231326771954
12.6446681,0.027191577019913024
12.6447432,0.03105210955977722
12.64478922,0.03390554665445945
12.64483142,0.02766460669871061
12.6448729,0.03065537499046311
12.66009116,0.03521782253757534
12.66021156,0.028854810406652935
12.66608262,0.0281528953994049
12.66620255,0.03375295643549248
12.67865324,0.03022812237735561
12.67871594,0.0268711375600824
12.69287515,0.03259327077134356
12.69297457,0.030472266727702754
12.71495152,0.025131609063859008
12.71502829,0.031097886625467308
12.71507359,0.03234912642099642
12.72909975,0.02606240939955749
12.72922158,0.029312581063553826
12.72929716,0.03291371023117418
12.72936749,0.027222095063706417
12.73393536,0.02873273823147936
12.734056,0.03314259555962463
12.7426784,0.02661173418783856
12.7427547,0.026382848859388113
12.76677799,0.035156786449988556
12.76685596,0.03590447852292668
12.77965856,0.03970397497520409
12.77971959,0.05366598001068131
12.77976513,0.05249103532463569
12.78915501,0.03875791561760891
12.78919172,0.03317311360341802
12.79407406,0.02758831158922713
12.79409981,0.02093537804226749
12.8027246,0.026245517662317846
12.80276179,0.02967879758907454
12.81124353,0.026932173647669186
12.81127357,0.030579079880979628
12.83757257,0.03421072709239338
12.83760214,0.027176317998016328
12.83762693,0.025955596246280615
12.83765078,0.033279926756694896
12.844558,0.030304417486839094
12.84460092,0.027069504844739453
12.85756302,0.03314259555962463
12.85760212,0.030975814450293737
12.86572027,0.02583352407110704
12.8658278,0.031403067063401235
12.86590362,0.032227054245822846
12.87959242,0.026413366903181506
12.89402175,0.030930037384603648
12.89419651,0.033447775997558556
12.90365863,0.027771419851987486
12.90378881,0.030075532158388648
12.90387607,0.03466849774929427
12.91315413,0.028030823224231328
12.91322303,0.028503852903028915
12.92573476,0.03544670786602579
12.92583179,0.03158617532616159
12.93288517,0.028747997253376057
12.93300486,0.0345616845960174
12.95700049,0.032730601968413826
12.95710754,0.028747997253376057
12.95718265,0.03414969100480659
12.95725203,0.03489738307774472
12.96681714,0.02925154497596704
12.96693921,0.03276112001220722
12.96701574,0.03616388189517052
12.98169041,0.029571984435797664
12.98176694,0.031616693369954985
12.99006295,0.03682001983672847
12.99018908,0.031021591515983826
13.01467299,0.030075532158388648
13.01473808,0.036285954070344094
13.02375436,0.03262378881513695
13.02381039,0.029526207370107575
13.02385497,0.03588921950102998
13.02389693,0.03402761882963302
13.04770994,0.02851911192492561
13.04782176,0.033951323720149536
13.04788089,0.03504997329671168
13.04792356,0.02903791866941329
13.04795885,0.032562752727550166
13.07259321,0.0345464255741207
13.07263064,0.027512016479743648
13.07871294,0.029388876173037308
13.07875872,0.03614862287327383
13.09290361,0.03065537499046311
13.09297323,0.028946364538033113
13.093014,0.03445487144274052
13.09305215,0.02993820096131838
13.09904575,0.026947432669565882
13.09916568,0.033676661326009
13.10472298,0.031952391851682305
13.11861515,0.02664225223163195
13.11864853,0.031784542610818645
13.11867571,0.03210498207064927
13.11870122,0.026504921034561684
13.14370775,0.03091477836270695
13.14385462,0.03396658274204623
13.14389277,0.027435721370260166
13.14393449,0.0285648889906157
13.1535964,0.03462272068360418
13.1536243,0.02970931563286793
13.1679647,0.02868696116578927
13.16808248,0.034195468070496685
13.17997909,0.029968719005111773
13.18006539,0.0268711375600824
13.20372152,0.033157854581521325
13.20381832,0.03219653620202945
13.20385528,0.027267872129396506
13.20388937,0.032227054245822846
13.21891356,0.032608529793240255
13.21899414,0.026535439078355077
13.21905136,0.03039597161821927
13.21910405,0.03350881208514534
13.23385477,0.027740901808194093
13.23397684,0.029480430304417486
13.23405361,0.034119172961013196
13.24868011,0.02839703974975204
13.24875617,0.026657511253528648
13.27267337,0.034241245136186774
13.2727499,0.030563820859082932
13.27279639,0.027222095063706417
13.27283955,0.033493553063248645
13.27564359,0.03108262760357061
13.27570367,0.026855878538185704
13.28882551,0.032990005340657665
13.28892422,0.033112077515831236
13.29776454,0.02691691462577249
13.29782653,0.030945296406500344
13.30263162,0.03437857633325704
13.32765841,0.027862973983367668
13.32772541,0.029190508888380255
13.32777166,0.03439383535515374
13.32781625,0.028259708552681773
13.3296082,0.02877851529716945
13.3296535,0.03572137026016632
13.34378147,0.030945296406500344
13.34388232,0.02677958342870222
13.35774946,0.033279926756694896
13.35782814,0.0332646677347982
13.36372328,0.027862973983367668
13.36378264,0.03224231326771954
13.36962605,0.03308155947203784
13.39471722,0.028198672465094988
13.3947916,0.03210498207064927
13.39483857,0.03517204547188525
13.39488149,0.02865644312199588
13.39967608,0.030594338902876324
13.39973378,0.03576714732585641
13.41366148,0.030289158464942397
13.41370201,0.02967879758907454
13.42302775,0.036743724727244985
13.42314124,0.03279163805600061
13.44689226,0.028809033340962846
13.44701409,0.03509575036240177
13.44709206,0.03300526436255436
13.45166445,0.02691691462577249
13.45170951,0.03280689707789731
13.4726336,0.03421072709239338
13.47266531,0.029159990844586862
13.4726913,0.03213550011444266
13.48012757,0.0341039139391165
13.4802649,0.02746623941405356
13.49365449,0.029739833676661324
13.49374104,0.03514152742809186
13.49378824,0.029434653238727397
13.50759959,0.02832074464026856
13.5076263,0.03489738307774472
13.52993298,0.031189440756847486
13.52997732,0.027862973983367668
13.53000784,0.03430228122377356
13.53003693,0.03266956588082704
13.55389452,0.028992141603723202
13.55403256,0.03799496452277409
13.55410981,0.045593957427328906
13.55417919,0.04675364309147784
13.55668926,0.053406576638437474
13.55683279,0.051392385748073546
13.56500912,0.03602655069810025
13.56506634,0.027740901808194093
13.57366657,0.02851911192492561
13.59770441,0.025101091020065615
13.59778118,0.02664225223163195
13.59782743,0.03445487144274052
13.59786892,0.031021591515983826
13.60059237,0.027145799954222935
13.60063958,0.033371480888075074
13.60881472,0.03279163805600061
13.60891247,0.027969787136644542
13.6229682,0.03329518577859159
13.62309003,0.03392080567635614
13.63074946,0.027100022888532846
13.63081121,0.03184557869840543
13.64612246,0.03593499656672007
13.65872407,0.029190508888380255
13.65879917,0.029831387808041506
13.65884399,0.03485160601205463
13.65888739,0.03019760433356222
13.66865301,0.0302738994430457
13.66870308,0.036408026245517665
13.67825341,0.031036850537880523
13.67837262,0.02832074464026856
13.68713117,0.03605706874189364
13.687253,0.034912642099641414
13.71084499,0.02937361715114061
13.71096325,0.033997100785839625
13.7110405,0.03494316014343481
13.72470117,0.02896162355992981
13.7247653,0.03314259555962463
13.72886062,0.03735408560311284
13.72893357,0.031189440756847486
13.7289927,0.03210498207064927
13.72904944,0.03782711528191043
13.74402618,0.0332646677347982
13.74405503,0.0315556572823682
13.77202392,0.03819333180743115
13.77206349,0.034699015793087665
13.77208829,0.030777447165636684
13.77211237,0.03715571831845579
13.77396011,0.03593499656672007
13.78365922,0.031403067063401235
13.78368402,0.03602655069810025
13.79260135,0.03723201342793927
13.79262996,0.031448844129091325
13.80058885,0.03471427481498436
13.80063581,0.03764400701915007
13.81498456,0.030594338902876324
13.81500983,0.03201342793926909
13.83878684,0.03706416418707561
13.83887267,0.03146410315098802
13.83892679,0.02998397802700847
13.83897901,0.036408026245517665
13.8449204,0.03234912642099642
13.84502935,0.027832455939574275
13.85867858,0.034439612420843826
13.85875487,0.03329518577859159
13.86788011,0.028030823224231328
13.86794543,0.0328374151216907
13.88208461,0.033951323720149536
13.8822186,0.027557793545433737
13.89589834,0.030930037384603648
13.89598465,0.034317540245670256
13.9006691,0.027267872129396506
13.90072513,0.02912947280079347
13.90666795,0.03517204547188525
13.91286302,0.030548561837186235
13.91296291,0.02851911192492561
13.93963552,0.034271763179980166
13.93968844,0.0307011520561532
13.93971491,0.02737468528267338
13.93973875,0.03352407110704204
13.95507622,0.03125047684443427
13.95520997,0.026901655603875793
13.95962906,0.03204394598306248
13.95968652,0.03363088426031891
13.97360396,0.027618829633020522
13.97364306,0.03096055542839704
13.97367477,0.0345616845960174
13.9755969,0.028137636377508202
13.97562599,0.028900587472343024
14.00030565,0.03430228122377356
14.00037479,0.028900587472343024
14.00573921,0.0272983901731899
14.00577998,0.034607461661707486
14.01275134,0.03126573586633097
14.01282239,0.026672770275425344
14.02773333,0.03276112001220722
14.02777433,0.03126573586633097
14.0325799,0.027527275501640344
14.03261805,0.03271534294651713
14.03265023,0.033401998931868467
14.05762577,0.026703288319218737
14.05766273,0.029739833676661324
14.05768824,0.03389028763256275
14.0577116,0.028290226596475166
14.06962752,0.029434653238727397
14.06966043,0.03459220263981079
14.07896829,0.028854810406652935
14.07901883,0.027283131151293202
14.09500885,0.03364614328221561
14.09508896,0.03060959792477302
14.09863758,0.027222095063706417
14.09868646,0.033112077515831236
14.1078825,0.03158617532616159
14.13260055,0.025131609063859008
14.13263083,0.032272831311512935
14.13265538,0.03401235980773632
14.13268042,0.02742046234836347
14.13504839,0.029922941939421684
14.14364696,0.033371480888075074
14.14371371,0.027512016479743648
14.15766931,0.02798504615854124
14.15774393,0.033829251544975965
14.16262674,0.029266803997863737
14.16269279,0.027344167238879988
14.17659116,0.03373769741359579
14.19067454,0.03096055542839704
14.19076252,0.02703898680094606
14.19563007,0.032532234683756774
14.19568253,0.03125047684443427
14.20494437,0.026047150377660793
14.20498681,0.0315556572823682
14.21063375,0.033203631647211414
14.21067929,0.026794842450598915
14.22677803,0.029144731822690166
14.22683692,0.03308155947203784
14.23399115,0.028458075837338826
14.23403621,0.029449912260624093
14.24771214,0.03514152742809186
14.26168299,0.029571984435797664
14.26174951,0.02848859388113222
14.26178598,0.036194399938963916
14.26181912,0.03254749370565347
14.26885462,0.027527275501640344
14.26890969,0.03291371023117418
14.27784562,0.031662470435645074
14.27791667,0.02597085526817731
14.29169226,0.03126573586633097
14.29175878,0.0315556572823682
14.31567454,0.02597085526817731
14.31574845,0.029877164873731595
14.31581593,0.03350881208514534
14.32861876,0.026428625925078202
14.3286643,0.02789349202716106
14.33526826,0.03364614328221561
14.335325,0.02832074464026856
14.34367132,0.024979018844892044
14.34372687,0.03302052338445106
14.35761309,0.03065537499046311
14.35766745,0.026001373311970704
14.37158155,0.030426489662012664
14.37162423,0.029877164873731595
14.37165618,0.026382848859388113
14.37168717,0.0358129243915465
14.37171626,0.04274052033264668
14.39864516,0.04295414663920043
14.39871001,0.050598916609445335
14.3987577,0.051056687266346226
14.39880657,0.03543144884412909
14.39885807,0.02716105897611963
14.39891195,0.02725261310749981
14.40857506,0.023422598611429007
14.4086473,0.024719615472648202
14.43257093,0.03224231326771954
14.43260074,0.029022659647516595
14.43262482,0.024719615472648202
14.43265271,0.0319829098954757
14.43267608,0.031143663691157397
14.44819021,0.024155031662470437
14.45662594,0.029602502479591057
14.45670319,0.03334096284428168
14.46459293,0.02716105897611963
14.46463919,0.0294193942168307
14.48883462,0.03276112001220722
14.48893476,0.026321812771801328
14.48897886,0.02758831158922713
14.48902583,0.03266956588082704
14.49961543,0.029022659647516595
14.49966145,0.02681010147249561
14.50495124,0.032272831311512935
14.51761985,0.030045014114595255
14.51765585,0.026886396581979097
14.51768136,0.03187609674219882
14.52257419,0.03131151293202106
14.52259922,0.026199740596627757
14.54757619,0.031662470435645074
14.54760051,0.033234149691004806
14.54762411,0.027313649195086595
14.54764748,0.030457007705806057
14.55760431,0.03442435339894713
14.55763531,0.02873273823147936
14.57495213,0.029724574654764628
14.57498097,0.03683527885862516
14.57875037,0.031662470435645074
14.57880783,0.029434653238727397
14.60266709,0.035828183413443196
14.60272574,0.03175402456702525
14.61692595,0.02822919050888838
14.61704516,0.03506523231860838
14.62469411,0.034119172961013196
14.62478209,0.028046082246128024
14.63874364,0.033279926756694896
14.63881707,0.03506523231860838
14.63887286,0.02920576791027695
14.63892698,0.032227054245822846
14.63899302,0.03601129167620355
14.66166043,0.029739833676661324
14.66172552,0.029922941939421684
14.66176319,0.03595025558861677
14.66179705,0.03022812237735561
14.67067027,0.03002975509269856
14.6707387,0.04068055237659266
14.69476724,0.03630121309224079
14.69485903,0.029022659647516595
14.69490409,0.03533989471274891
14.69494653,0.03414969100480659
14.69765019,0.027069504844739453
14.69770932,0.032776379034103915
14.69775462,0.03363088426031891
14.71506667,0.021377889677271687
14.7151866,0.023559929808499275
14.72924614,0.030304417486839094
14.7293098,0.029144731822690166
14.74268007,0.030563820859082932
14.74273801,0.03297474631876097
14.75185299,0.02754253452353704
14.75189352,0.02409399557488365
14.75473642,0.03006027313649195
14.75480127,0.027283131151293202
14.76261902,0.023636224917982757
14.76265693,0.02903791866941329
14.77059507,0.029526207370107575
14.78262711,0.02499427786678874
14.78265357,0.031143663691157397
14.79659963,0.03230334935530633
14.80496383,0.025238422217135882
14.80506468,0.02793926909285115
14.80972171,0.03184557869840543
14.80982351,0.025772487983520255
14.81865549,0.02639810788128481
14.81874347,0.03225757228961624
14.83265972,0.027115281910429542
14.83271384,0.024490730144197757
14.83274889,0.03125047684443427
14.85961962,0.027862973983367668
14.85970592,0.023804074158846417
14.86558366,0.030380712596322575
14.865628,0.0307011520561532
14.88004327,0.024872205691615166
14.88016677,0.029739833676661324
14.88024402,0.03125047684443427
14.88466358,0.024170290684367133
14.89057469,0.027649347676813915
14.89061713,0.03250171663996338
14.90496135,0.02613870450904097
14.90505981,0.027100022888532846
14.90513277,0.03245593957427329
14.91861129,0.02699320973525597
14.91864014,0.025177386129549097
14.94788289,0.03205920500495918
14.94800544,0.027969787136644542
14.94808102,0.023193713282978562
14.94815063,0.031906614785992216
14.95770168,0.03175402456702525
14.95777845,0.025574120698863202
14.95782328,0.03019760433356222
14.957865,0.031570916304264895
14.98271155,0.025635156786449988
14.98284698,0.02937361715114061
14.98292518,0.033661402304112305
14.98466802,0.02677958342870222
14.98475623,0.028641184100099183
14.99869919,0.03506523231860838
14.99875569,0.028000305180437935
14.99879599,0.02583352407110704
14.99883366,0.03346303501945525
15.01208997,0.0332494087129015
15.01220894,0.02963302052338445
15.01967621,0.034271763179980166
15.0197556,0.032532234683756774
15.04587388,0.028290226596475166
15.04599428,0.033539330128938734
15.04606962,0.03761348897535668
15.04613853,0.026672770275425344
15.04620767,0.025635156786449988
15.05464792,0.029968719005111773
15.05469012,0.026169222552834364
15.06897521,0.028091859311818113
15.06903219,0.03564507515068284
15.07825041,0.031692988479438466
15.07837081,0.02981612878614481
15.10161543,0.0349736781872282
15.1016469,0.0307011520561532
15.1016717,0.02610818646524758
15.1016953,0.031967650873579
15.10171866,0.029800869764248113
15.11566114,0.02578774700541695
15.11568522,0.0324254215304799
15.12056899,0.03375295643549248
15.12059641,0.02459754329747463
15.13863277,0.026535439078355077
15.14404178,0.03134203097581445
15.14410949,0.02571145189593347
15.15765262,0.0268711375600824
15.15773177,0.03271534294651713
15.18202233,0.02758831158922713
15.1821568,0.02571145189593347
15.18223548,0.032898451209277486
15.19464064,0.029236285954070344
15.19470787,0.025024795910582133
15.20369816,0.03105210955977722
15.2037797,0.03187609674219882
15.2094357,0.026932173647669186
15.20958948,0.039078355077439536
15.20967007,0.0494544899671931
15.20973969,0.04919508659494926
15.23275471,0.050644693675135424
15.23285532,0.046677347981994355
15.23291206,0.030334935530632486
15.2329638,0.024826428625925077
15.23301435,0.0285648889906157
15.24803615,0.025345235370412757
15.24815822,0.025314717326619364
15.25672364,0.03372243839169909
15.25680089,0.030518043793392843
15.26496935,0.026214999618524453
15.26504064,0.032440680552376595
15.28871846,0.032364385442893114
15.28879356,0.026535439078355077
15.28883862,0.03158617532616159
15.28888202,0.034744792858777754
15.2986939,0.02810711833371481
15.29876471,0.03083848325322347
15.30487275,0.035370412756542305
15.31393361,0.029434653238727397
15.31405091,0.030045014114595255
15.32359505,0.03567559319447623
15.32365823,0.030045014114595255
15.34690404,0.02732890821698329
15.34702873,0.034271763179980166
15.34710741,0.03179980163271534
15.3471787,0.028213931486991684
15.35873246,0.034195468070496685
15.35880804,0.033829251544975965
15.3819108,0.02810711833371481
15.38203073,0.03210498207064927
15.38210821,0.03601129167620355
15.38473606,0.030518043793392843
15.38479614,0.032776379034103915
15.38964605,0.03663691157396811
15.3897047,0.0307011520561532
15.41360211,0.03176928358892195
15.41363287,0.03776607919432364
15.41365767,0.03308155947203784
15.41368151,0.0302738994430457
15.42059565,0.03715571831845579
15.42063141,0.03529411764705882
15.43541503,0.030670634012359806
15.43545985,0.03717097734035248
15.43549132,0.03714045929655909
15.44966602,0.03172350652323186
15.44969177,0.03698786907759213
15.4646244,0.03852903028915847
15.46466279,0.032486457618066684
15.47757959,0.0349736781872282
15.47760534,0.039002059967956054
15.47762895,0.03276112001220722
15.47765231,0.0328526741435874
15.48756433,0.038452735179674985
15.48758984,0.033279926756694896
15.50061607,0.031021591515983826
15.50067234,0.03735408560311284
15.52796555,0.033615625238422216
15.52805257,0.028854810406652935
15.52809834,0.03590447852292668
15.52814031,0.03526359960326543
15.53664112,0.02851911192492561
15.53671861,0.032074464026855876
15.54473758,0.03555352101930266
15.5448463,0.030121309224078737
15.55904651,0.0324101625085832
15.55913353,0.03569085221637293
15.55917931,0.02929732204165713
15.57160878,0.030045014114595255
15.58465385,0.03596551461051346
15.59060907,0.031143663691157397
15.59065199,0.028809033340962846
15.6052177,0.03552300297550927
15.60534072,0.031952391851682305
15.60541654,0.02746623941405356
15.60548663,0.034317540245670256
15.62871265,0.032990005340657665
15.62878871,0.027359426260776684
15.6288352,0.03175402456702525
15.62888026,0.03523308155947204
15.63878012,0.029327840085450523
15.63886023,0.03164721141374838
15.63890576,0.03659113450827802
15.66668487,0.029617761501487753
15.66676044,0.030121309224078737
15.66680551,0.036911573968108645
15.66684628,0.032318608377203024
15.66688538,0.029190508888380255
15.66692448,0.03512626840619516
15.67707515,0.0315403982604715
15.6771996,0.027481498435950255
15.69035602,0.033951323720149536
15.69043088,0.03335622186617838
15.69867039,0.027618829633020522
15.69874263,0.03268482490272374
15.70369434,0.03450064850843061
15.71790552,0.02713054093232624
15.7179811,0.029739833676661324
15.73063493,0.034699015793087665
15.73070955,0.028702220187685968
15.73662853,0.028458075837338826
15.73670077,0.03393606469825284
15.74526381,0.02873273823147936
15.7453835,0.025482566567483024
15.76041317,0.03271534294651713
15.76048875,0.0294193942168307
15.76469731,0.024200808728160526
15.76476932,0.03137254901960784
15.77806473,0.031204699778744183
15.79162097,0.025360494392309453
15.79165983,0.030045014114595255
15.79169297,0.03233386739909972
15.80582595,0.0255893797207599
15.80593443,0.028381780727855344
15.80788636,0.03375295643549248
15.80800867,0.027237354085603113
15.82167673,0.02725261310749981
15.82176447,0.03518730449378195
15.84503722,0.029236285954070344
15.84517503,0.02742046234836347
15.84525466,0.034164950026703285
15.86059856,0.030716411078049895
15.86068654,0.02597085526817731
15.87306547,0.03302052338445106
15.8731873,0.032654306858930345
15.87907195,0.026901655603875793
15.87919569,0.03210498207064927
15.88765526,0.034241245136186774
15.887743,0.027618829633020522
15.8967011,0.030457007705806057
15.89677668,0.035919737544823374
15.91103697,0.029617761501487753
15.91115975,0.02937361715114061
15.911237,0.03476005188067445
15.93366814,0.029449912260624093
15.93375826,0.027450980392156862
15.93381381,0.03430228122377356
15.93386483,0.0307011520561532
15.93391418,0.02589456015869383
15.93396306,0.03234912642099642
15.9488945,0.03192187380788891
15.94901848,0.027069504844739453
15.95459175,0.03192187380788891
15.95465636,0.033447775997558556
15.96871257,0.026749065384908826
15.96879125,0.02954146639200427
15.97907257,0.03384451056687266
15.99010873,0.026855878538185704
15.99018526,0.026459143968871595
15.99666214,0.03439383535515374
15.9967339,0.03346303501945525
16.00272989,0.036453803311207754
16.00282812,0.04966811627374685
16.0121448,0.05206378271152819
16.01226616,0.04361028458075837
16.02067733,0.04077210650797284
16.02075338,0.03108262760357061
16.04377055,0.02038605325398642
16.04387331,0.026169222552834364
16.04394913,0.030640115968566414
16.04401827,0.02508583199816892
16.0440855,0.028702220187685968
16.05857921,0.033707179369802394
16.05861568,0.02716105897611963
16.06556797,0.026672770275425344
16.06559801,0.0336919203479057
16.07861757,0.029922941939421684
16.07864141,0.027771419851987486
16.09256649,0.03418020904859999
16.092592,0.0307011520561532
16.11656737,0.026657511253528648
16.1165936,0.03274586099031052
16.1166172,0.032700083924620434
16.11664033,0.027359426260776684
16.11666298,0.03160143434805829
16.12258244,0.03390554665445945
16.12260628,0.02713054093232624
16.13668156,0.030899519340810255
16.14269805,0.03544670786602579
16.14280868,0.02873273823147936
16.14288568,0.02908369573510338
16.15657949,0.03512626840619516
16.15660524,0.030930037384603648
16.18183827,0.028763256275272753
16.18186498,0.03649958037689784
16.1818912,0.03295948729686427
16.18191552,0.029098954757000077
16.18881345,0.03504997329671168
16.18886256,0.03437857633325704
16.20304418,0.028625925078202486
16.20316696,0.033829251544975965
16.20903349,0.036621652552071414
16.20915604,0.03048752574959945
16.23263812,0.033447775997558556
16.23270416,0.03781185626001373
16.23275471,0.03141832608529793
16.23279691,0.03164721141374838
16.23283911,0.03768978408484016
16.24785304,0.03201342793926909
16.24797249,0.03083848325322347
16.2586813,0.03761348897535668
16.25875688,0.034744792858777754
16.26486182,0.03039597161821927
16.26492238,0.03547722590981918
16.29042792,0.03521782253757534
16.29050422,0.030762188143739988
16.29361033,0.03602655069810025
16.29366469,0.03778133821622034
16.30161548,0.029739833676661324
16.30166149,0.031860837720302126
16.31000829,0.03620965896086061
16.31608224,0.02967879758907454
16.31620765,0.029556725413900968
16.32965636,0.035919737544823374
16.32972956,0.030426489662012664
16.33865476,0.02652018005645838
16.33872461,0.034439612420843826
16.3641994,0.03271534294651713
16.36427474,0.027405203326466773
16.36432028,0.03295948729686427
16.36436152,0.031494621194781414
16.36440444,0.02766460669871061
16.36444569,0.03305104142824445
16.36662889,0.03466849774929427
16.37990141,0.027603570611123826
16.37996101,0.030090791180285344
16.40466547,0.03472953383688106
16.40472269,0.02861066605630579
16.40475392,0.02967879758907454
16.40478253,0.035492484931715876
16.40795469,0.0298619058518349
16.40804553,0.027344167238879988
16.42170835,0.03544670786602579
16.4217844,0.03179980163271534
16.43653512,0.02673380636301213
16.43657184,0.033035782406347754
16.43659687,0.03271534294651713
16.45958638,0.026382848859388113
16.45961595,0.030716411078049895
16.46660995,0.03425650415808347
16.4666357,0.028625925078202486
16.47157407,0.031036850537880523
16.47159958,0.035202563515678645
16.47811437,0.02861066605630579
16.47814035,0.02868696116578927
16.48660541,0.0349736781872282
16.48663402,0.02989242389562829
16.49961019,0.0272983901731899
16.49963641,0.034271763179980166
16.52464867,0.03088426031891356
16.52472997,0.027969787136644542
16.52477264,0.03439383535515374
16.52481079,0.033493553063248645
16.5365839,0.02699320973525597
16.53663731,0.03167772945754177
16.5436964,0.034195468070496685
16.54379821,0.027283131151293202
16.55765486,0.02981612878614481
16.55773258,0.034485389486533916
16.56947923,0.0281528953994049
16.56954002,0.028458075837338826
16.58009911,0.035385671778439
16.5950191,0.030853742275120166
16.59508252,0.028992141603723202
16.59511971,0.036743724727244985
16.59515429,0.03373769741359579
16.63663673,0.028137636377508202
16.63669491,0.03463797970550088
16.63672614,0.03509575036240177
16.63675547,0.027679865720607308
16.63856673,0.03187609674219882
16.63859963,0.034409094377050434
16.638623,0.027679865720607308
16.63864613,0.029907682917524988
16.63866901,0.03494316014343481
16.6548059,0.027878233005264364
16.65488291,0.02758831158922713
16.66409516,0.033875028610666054
16.66413641,0.02873273823147936
16.66957903,0.025696192874036773
16.6696198,0.03317311360341802
16.67691255,0.031357289997711146
16.67698455,0.02597085526817731
16.68968773,0.031738765545128556
16.68976378,0.032028686961165787
16.71386886,0.02732890821698329
16.71394253,0.032486457618066684
16.71399665,0.036697947661554896
16.71571207,0.03468375677119097
16.71578312,0.04455634393835355
16.72462344,0.05580224307621882
16.72468352,0.049439230945296404
16.73539233,0.039963378347447925
16.73543286,0.03523308155947204
16.74766564,0.023315785458152133
16.74770784,0.02009613183794919
16.76261044,0.03105210955977722
16.76266813,0.030334935530632486
16.77769184,0.02566567483024338
16.7777338,0.03179980163271534
16.77776742,0.03146410315098802
16.78055692,0.02597085526817731
16.78059363,0.03088426031891356
16.78857279,0.03363088426031891
16.78859997,0.02635233081559472
16.80258608,0.028900587472343024
16.80261207,0.03425650415808347
16.81202745,0.028381780727855344
16.81205153,0.027435721370260166
16.828619,0.033707179369802394
16.82864785,0.029953459983215077
16.84897947,0.0272983901731899
16.8490088,0.03390554665445945
16.85756946,0.03147936217288472
16.85760999,0.02681010147249561
16.86359859,0.03292896925307088
16.86364126,0.032440680552376595
16.86876631,0.026901655603875793
16.86881018,0.03126573586633097
16.8831203,0.034988937209124896
16.88324356,0.028824292362859542
16.90672493,0.030930037384603648
16.9068017,0.035706111238269625
16.91609693,0.029846646829938202
16.91624403,0.029602502479591057
16.91632247,0.0362706950484474
16.92811489,0.03158617532616159
16.9281745,0.028809033340962846
16.9282186,0.03683527885862516
16.9282589,0.0345464255741207
16.9398334,0.02868696116578927
16.93990541,0.035706111238269625
16.95365524,0.03567559319447623
16.95373273,0.028854810406652935
16.96789312,0.03329518577859159
16.96796679,0.036362249179827576
16.96802115,0.02970931563286793
16.96807313,0.03192187380788891
16.9681232,0.03656061646448463
16.97801805,0.030212863355458915
16.97814178,0.030075532158388648
16.99166179,0.037033646143282216
16.99173856,0.031616693369954985
17.01675725,0.028290226596475166
17.01684594,0.034576943617914094
17.01689982,0.03215075913633936
17.01694155,0.027344167238879988
17.01861501,0.03279163805600061
17.0186882,0.032898451209277486
17.0327363,0.026977950713359275
17.03281021,0.03079270618753338
17.03288007,0.03338673990997177
17.0480876,0.026703288319218737
17.04820871,0.028458075837338826
17.0566113,0.03276112001220722
17.05664778,0.027145799954222935
17.07331514,0.027481498435950255
17.07333946,0.0332494087129015
17.08393312,0.028580148012512397
17.08406329,0.026504921034561684
17.08409214,0.033951323720149536
17.08412147,0.03096055542839704
17.09859395,0.025803006027313648
17.09861922,0.03179980163271534
17.09864235,0.03193713282978561
17.1136899,0.025406271457999542
17.11375046,0.02993820096131838
17.13762188,0.0332646677347982
17.13765335,0.026031891355764097
17.13767886,0.02832074464026856
17.13770366,0.03462272068360418
17.14766431,0.028168154421301595
17.14769292,0.0277103837644007
17.15358686,0.03350881208514534
17.15361357,0.028259708552681773
17.1706109,0.025772487983520255
17.17063689,0.033279926756694896
17.17974138,0.030716411078049895
17.1798079,0.025345235370412757
17.20481968,0.031097886625467308
17.20493269,0.031326771953917754
17.21866393,0.026169222552834364
17.21874237,0.031143663691157397
17.2278235,0.033234149691004806
17.22789001,0.026504921034561684
17.23983455,0.02925154497596704
17.23992372,0.03375295643549248
17.24875498,0.028122377355611506
17.24882174,0.02766460669871061
17.24885845,0.03398184176394293
17.26293182,0.0294193942168307
17.26299644,0.026932173647669186
17.26304221,0.034699015793087665
17.26308537,0.0324101625085832
17.27708912,0.02754253452353704
17.27720809,0.033401998931868467
17.2830832,0.03375295643549248
17.28320384,0.028259708552681773
17.28860688,0.03279163805600061
17.28869891,0.03533989471274891
17.29763031,0.02737468528267338
17.29767752,0.02946517128252079
17.29771352,0.035324635690852216
17.31871319,0.029022659647516595
17.3187778,0.02758831158922713
17.33272219,0.034119172961013196
17.33278561,0.02929732204165713
17.33283186,0.026291294728007935
17.33287477,0.033539330128938734
17.34813738,0.03126573586633097
17.34825683,0.026382848859388113
17.35374284,0.03224231326771954
17.35381913,0.03390554665445945
17.36769748,0.027832455939574275
17.36776972,0.031570916304264895
17.3740685,0.03402761882963302
17.39773321,0.02639810788128481
17.39780736,0.030075532158388648
17.39785409,0.03768978408484016
17.39789605,0.035538261997405965
17.40163136,0.04228274967574579
17.40166116,0.05705348287174792
17.42461562,0.05345235370412756
17.42464876,0.04267948424505989
17.42688537,0.03826962691691463
17.42692709,0.02810711833371481
17.42695904,0.02136263065537499
17.42699003,0.03002975509269856
17.45258975,0.032822156099794005
17.45758104,0.028046082246128024
17.45761156,0.033371480888075074
17.47165942,0.03620965896086061
17.47168779,0.02925154497596704
17.47170997,0.031067368581673915
17.47173214,0.03688105592431525
17.48114753,0.031570916304264895
17.48126984,0.03044174868390936
17.48859143,0.03765926604104677
17.4886198,0.033371480888075074
17.51690722,0.029907682917524988
17.51694846,0.0371099412527657
17.52686214,0.03547722590981918
17.52690935,0.030289158464942397
17.52694154,0.03614862287327383
17.52697062,0.03692683299000534
17.54887295,0.03176928358892195
17.54902148,0.03613336385137713
17.54910207,0.03906309605554284
17.54917479,0.03254749370565347
17.55164599,0.0345616845960174
17.55169964,0.039749752040894176
17.5770278,0.03418020904859999
17.5771637,0.03355458915083543
17.58207107,0.04040588998245213
17.58969402,0.03649958037689784
17.58977222,0.03389028763256275
17.59163737,0.04101625085831998
17.59168124,0.038666361486228734
17.61294436,0.03343251697566186
17.61306548,0.03993286030365453
17.61314106,0.041260395208667124
17.61321044,0.03559929808499275
17.62891698,0.039917601281757836
17.62899303,0.04345769436179141
17.6428957,0.03630121309224079
17.64301562,0.037750820172426945
17.64309192,0.042755779354543375
17.6431644,0.03805600061036087
17.64323425,0.03727779049362936
17.65768695,0.04341191729610132
17.65775156,0.0388189517051957
17.66670084,0.0354009308003357
17.66677094,0.042160677500572216
17.68018031,0.04026855878538186
17.6803,0.034912642099641414
17.69366884,0.040207522697795074
17.69373393,0.04023804074158847
17.70303941,0.033875028610666054
17.70312715,0.03875791561760891
17.70319891,0.041763942931258104
17.71772575,0.035385671778439
17.71781349,0.036789501792935074
17.71786809,0.04153505760280766
17.71791863,0.03651483939879454
17.73269105,0.035492484931715876
17.73276472,0.04057373922331579
17.75659204,0.03733882658121614
17.75663829,0.03500419623102159
17.75666237,0.04072632944228275
17.75668573,0.03871213855191882
17.77108169,0.03389028763256275
17.77110982,0.039581902800030516
17.7711339,0.04025329976348516
17.78161955,0.034439612420843826
17.78164339,0.03784237430380712
17.78980994,0.04122987716487373
17.81379986,0.03518730449378195
17.81393456,0.03620965896086061
17.81401324,0.04153505760280766
17.81408405,0.037369344625009536
17.81414938,0.0358129243915465
17.82360101,0.041336690318150605
17.82362533,0.03904783703364614
17.83258128,0.03598077363241016
17.83260679,0.04168764782177462
17.84799576,0.03936827649347677
17.84809089,0.03463797970550088
17.87474227,0.03956664377813382
17.87486196,0.04107728694590677
17.88904715,0.03572137026016632
17.8891685,0.03932249942778668
17.88924956,0.041672388799877925
17.88931966,0.03564507515068284
17.90269995,0.03767452506294346
17.90276194,0.043335622186617836
17.9078722,0.038666361486228734
17.90796137,0.037628747997253374
17.9080162,0.043549248493171586
17.93184829,0.039841306172274354
17.9319241,0.03749141680018311
17.93766451,0.043167772945754176
17.93772674,0.04048218509193561
17.95188856,0.03576714732585641
17.9520123,0.04046692607003891
17.95208812,0.04156557564660105
17.95215917,0.03500419623102159
17.95222759,0.03906309605554284
17.95229602,0.04173342488746471
17.96758628,0.03492790112153811
17.96766233,0.03595025558861677
17.9677074,0.04118410009918364
17.9916904,0.03755245288776989
17.99175572,0.0362554360265507
17.99179316,0.04156557564660105
17.99182796,0.03805600061036087
18.00166631,0.035156786449988556
18.00172281,0.0409399557488365
18.00981188,0.038956282902265965
18.00991082,0.03355458915083543
18.01907611,0.03926146334019989
18.01919532,0.04284733348592355
18.03270578,0.04089417868314641
18.03277016,0.05040054932478828
18.0328064,0.06073090714885176
18.05768371,0.05658045319295033
18.05774927,0.05183489738307775
18.05778742,0.046387426565957124
18.05782175,0.0315403982604715
18.06762242,0.027771419851987486
18.06766486,0.038117036697947665
18.07661843,0.036865796902418556
18.07665205,0.033829251544975965
18.08665609,0.0392309452964065
18.08667946,0.03834592202639811
18.10859203,0.034317540245670256
18.11605048,0.03955138475623712
18.11618733,0.039719233997100784
18.12166071,0.03358510719462882
18.12168479,0.037369344625009536
18.12657547,0.04058899824521248
18.12660813,0.03439383535515374
18.13257194,0.035660334172579536
18.1470449,0.04068055237659266
18.1471827,0.035538261997405965
18.15965486,0.034241245136186774
18.15976954,0.040283817807278556
18.17368889,0.03651483939879454
18.17379546,0.03334096284428168
18.17387152,0.03955138475623712
18.18207645,0.03843747615777829
18.18221235,0.03297474631876097
18.19069052,0.03875791561760891
18.19079947,0.038620584420538645
18.20361972,0.03466849774929427
18.20368123,0.03913939116502632
18.20989728,0.041626611734187836
18.20997429,0.03492790112153811
18.22382569,0.03602655069810025
18.22393084,0.040924696726939803
18.23662806,0.03614862287327383
18.23668957,0.035416189822232394
18.23673677,0.04101625085831998
18.24994397,0.037872892347600516
18.25006294,0.03445487144274052
18.25511551,0.03999389639124132
18.2553401,0.038666361486228734
18.26876283,0.03358510719462882
18.26882744,0.038574807354848556
18.29274058,0.03956664377813382
18.29283237,0.033783474479285876
18.29287863,0.03688105592431525
18.29292727,0.03898680094605936
18.31828666,0.03389028763256275
18.31835485,0.03613336385137713
18.31839132,0.040833142595559625
18.32370353,0.03468375677119097
18.32380128,0.03288319218738079
18.32860827,0.03852903028915847
18.32865834,0.03476005188067445
18.33766747,0.03179980163271534
18.33774114,0.03714045929655909
18.35169697,0.03504997329671168
18.35176992,0.02951094834821088
18.3747704,0.0345464255741207
18.37487745,0.0354009308003357
18.37495255,0.029358358129243915
18.37502289,0.032822156099794005
18.38017774,0.03593499656672007
18.38029838,0.029739833676661324
18.38037539,0.030518043793392843
18.38905144,0.03584344243533989
18.38917041,0.030777447165636684
18.40264225,0.02954146639200427
18.40270472,0.035080491340505074
18.41716409,0.03100633249408713
18.41728354,0.027740901808194093
18.43003607,0.03373769741359579
18.43010163,0.034119172961013196
18.44269514,0.02925154497596704
18.44275403,0.0345616845960174
18.44279909,0.03437857633325704
18.44284272,0.027283131151293202
18.45768571,0.03129625391012436
18.45780969,0.0354009308003357
18.48190022,0.029022659647516595
18.48203707,0.02946517128252079
18.48211622,0.03445487144274052
18.48218513,0.029724574654764628
18.4916544,0.028213931486991684
18.49174309,0.03407339589532311
18.49663568,0.030518043793392843
18.49669838,0.02742046234836347
18.50264263,0.033493553063248645
18.51307797,0.03225757228961624
18.5132153,0.027054245822842757
18.52665448,0.03210498207064927
18.52674413,0.0332494087129015
18.55043864,0.028885328450446328
18.55060244,0.03262378881513695
18.55200887,0.0349736781872282
18.55214596,0.029556725413900968
18.55222464,0.030762188143739988
18.55229616,0.035202563515678645
18.566679,0.02929732204165713
18.56676507,0.026855878538185704
18.56681252,0.0332494087129015
18.58191752,0.03065537499046311
18.5820179,0.026749065384908826
18.59565043,0.03175402456702525
18.59573936,0.030014496070801863
18.60404253,0.024673838406958113
18.60409594,0.02946517128252079
18.60864258,0.030762188143739988
18.60869884,0.025726710917830166
18.62282705,0.029068436713206684
18.62290525,0.03218127718013275
18.63357687,0.026077668421454186
18.63364553,0.027115281910429542
18.64387059,0.03179980163271534
18.6577189,0.02610818646524758
18.65779781,0.025467307545586328
18.65784597,0.03318837262531472
18.65789771,0.03167772945754177
18.66764617,0.033234149691004806
18.66770315,0.04745555809872587
18.67690754,0.0520332646677348
18.67699814,0.04345769436179141
18.68508959,0.03842221713588159
18.68520832,0.029999237048905166
18.70015454,0.019058518348973832
18.70022988,0.022293430991073473
18.72260761,0.028946364538033113
18.72263741,0.025299458304722668
18.72266936,0.026489662012664988
18.72269464,0.031143663691157397
18.722718,0.02578774700541695
18.73801112,0.0243076218814374
18.73805523,0.03096055542839704
18.74689221,0.027618829633020522
18.74699068,0.024048218509193562
18.75511885,0.030075532158388648
18.7552669,0.029098954757000077
18.7738452,0.024078736552986955
18.77389407,0.0285648889906157
18.7826364,0.029724574654764628
18.7890265,0.024292362859540704
18.78906393,0.02780193789578088
18.80259848,0.03150988021667811
18.80263591,0.0255893797207599
18.80266118,0.025818265049210344
18.80959511,0.031280994888227664
18.80963063,0.027176317998016328
18.82475328,0.025925078202487222
18.82488322,0.03250171663996338
18.84037685,0.029388876173037308
18.84042358,0.025574120698863202
18.84045625,0.030685893034256503
18.85672259,0.030334935530632486
18.85684013,0.025818265049210344
18.85690308,0.03053330281528954
18.85694599,0.03138780804150454
18.8665874,0.026413366903181506
18.8666296,0.030334935530632486
18.87459755,0.03352407110704204
18.8746376,0.027313649195086595
18.89366555,0.02848859388113222
18.89374399,0.03375295643549248
18.90267015,0.028595407034409093
18.90272427,0.02725261310749981
18.90276885,0.03297474631876097
18.91282773,0.02877851529716945
18.91288209,0.02746623941405356
18.92200398,0.03398184176394293
18.92214322,0.031906614785992216
18.93509197,0.025879301136797133
18.93513298,0.03039597161821927
18.94901061,0.03141832608529793
18.94910979,0.02664225223163195
18.95769668,0.029449912260624093
18.95777106,0.03245593957427329
18.96663046,0.02630655374990463
18.96667409,0.02664225223163195
18.96670723,0.03167772945754177
18.98179531,0.026245517662317846
18.98188996,0.025436789501792935
18.99070573,0.031158922713054094
18.99077034,0.02737468528267338
19.00361681,0.023773556115053024
19.00365782,0.02967879758907454
19.01778364,0.02896162355992981
19.01783824,0.024216067750057222
19.0178802,0.02920576791027695
19.01792049,0.030182345311665523
19.03262782,0.02392614633401999
19.03267312,0.026825360494392308
19.04161549,0.03060959792477302
19.04674363,0.02485694666971847
19.04682493,0.025436789501792935
19.0665822,0.030823224231326773
19.06661081,0.02613870450904097
19.10975361,0.024628061341268024
19.10982037,0.030334935530632486
19.10985327,0.027435721370260166
19.10988307,0.024383916990920882
19.11168337,0.029312581063553826
19.11175442,0.02839703974975204
19.11181116,0.022964827954528116
19.11186218,0.027481498435950255
19.11191201,0.030563820859082932
19.11560559,0.025070572976272222
19.11563134,0.027023727779049364
19.12261271,0.030212863355458915
19.12264037,0.025558861676966506
19.14680171,0.026092927443350882
19.14686322,0.030670634012359806
19.14690661,0.025925078202487222
19.14694762,0.02442969405661097
19.15659237,0.03053330281528954
19.15662289,0.027786678873884182
19.16559482,0.0247348744945449
19.16563153,0.03108262760357061
19.1800735,0.030075532158388648
19.1802094,0.024795910582131684
19.20366073,0.02958724345769436
19.20373607,0.03129625391012436
19.20377421,0.0264438849469749
19.20380831,0.028580148012512397
19.21365833,0.031326771953917754
19.2137363,0.025131609063859008
19.22012496,0.026260776684214542
19.22026062,0.03247119859616999
19.23369431,0.02725261310749981
19.23377037,0.024032959487296866
19.23381543,0.030014496070801863
19.24919891,0.02780193789578088
19.24932313,0.02383459220263981
19.2677424,0.028946364538033113
19.26781726,0.028213931486991684
19.26786327,0.023422598611429007
19.26790547,0.02793926909285115
19.27764487,0.029907682917524988
19.27769661,0.024368657969024186
19.28692603,0.027023727779049364
19.28704739,0.029877164873731595
19.29972219,0.02442969405661097
19.2998116,0.026260776684214542
19.30907297,0.033707179369802394
19.33266807,0.03437857633325704
19.33274245,0.040039673456931414
19.34172463,0.05128557259479667
19.34177542,0.04753185320820935
19.34181118,0.03567559319447623
19.34184551,0.029785610742351417
19.35779381,0.02340733958953231
19.35788488,0.019043259327077136
19.36872864,0.025925078202487222
19.36883187,0.029739833676661324
19.36889887,0.02409399557488365
19.36896682,0.027100022888532846
19.36903572,0.031189440756847486
19.3938992,0.025055313954375526
19.39401937,0.02597085526817731
19.39409757,0.0315403982604715
19.39416528,0.026459143968871595
19.40858269,0.025070572976272222
19.40861535,0.03126573586633097
19.40864229,0.0281528953994049
19.40866828,0.024841687647821773
19.42261505,0.030579079880979628
19.42264223,0.029785610742351417
19.43157482,0.024704356450751506
19.43160033,0.029327840085450523
19.4445796,0.030548561837186235
19.45361972,0.025345235370412757
19.46760654,0.027359426260776684
19.46768641,0.032562752727550166
19.46772695,0.02851911192492561
19.46776748,0.02848859388113222
19.47761917,0.03230334935530633
19.47768903,0.02784771496147097
19.48684788,0.026840619516289004
19.48694205,0.03219653620202945
19.49970341,0.029556725413900968
19.49978375,0.0264438849469749
19.51366019,0.032562752727550166
19.52306032,0.0315556572823682
19.52319384,0.0264438849469749
19.52875876,0.031326771953917754
19.52884841,0.03297474631876097
19.52889514,0.027527275501640344
19.53767395,0.030579079880979628
19.53771544,0.0340886549172198
19.54362679,0.028305485618371862
19.55791235,0.02917524986648356
19.55804706,0.03381399252307927
19.55812359,0.02967879758907454
19.57159853,0.02851911192492561
19.57162952,0.03425650415808347
19.58514047,0.0311284046692607
19.5852623,0.027069504844739453
19.58701158,0.03208972304875257
19.58713388,0.03175402456702525
19.59968209,0.02613870450904097
19.59974718,0.029053177691309988
19.61368227,0.032700083924620434
19.61374593,0.027862973983367668
19.63781762,0.02937361715114061
19.63790727,0.032867933165484094
19.63796091,0.027344167238879988
19.63799715,0.02742046234836347
19.63803029,0.031906614785992216
19.6446383,0.02784771496147097
19.64469409,0.026337071793698024
19.65908885,0.031906614785992216
19.6592114,0.028854810406652935
19.66478038,0.025299458304722668
19.66486263,0.031158922713054094
19.68891549,0.030212863355458915
19.68903327,0.024246585793850615
19.68911052,0.029495689326314183
19.68918085,0.03201342793926909
19.69875216,0.025101091020065615
19.69887376,0.02839703974975204
19.69892526,0.032608529793240255
19.71378279,0.026825360494392308
19.71385312,0.027054245822842757
19.72334647,0.032227054245822846
19.72344303,0.027344167238879988
19.74978781,0.02575722896162356
19.74988985,0.03219653620202945
19.75163317,0.028305485618371862
19.75167322,0.025146868085755704
19.75680685,0.030670634012359806
19.75687456,0.029968719005111773
19.76666713,0.024979018844892044
19.7667439,0.029282063019760433
19.77365732,0.03100633249408713
19.78156877,0.02511635004196231
19.78159499,0.027786678873884182
19.8026011,0.03167772945754177
19.81673288,0.02639810788128481
19.81684113,0.02699320973525597
19.82304597,0.03213550011444266
19.82318187,0.027527275501640344
19.82326102,0.025406271457999542
19.8465879,0.03176928358892195
19.84661889,0.02868696116578927
19.84664321,0.02485694666971847
19.84666705,0.030899519340810255
19.8566668,0.030807965209430077
19.85677528,0.026413366903181506
19.85685325,0.030380712596322575
19.85692334,0.03213550011444266
19.87966585,0.02703898680094606
19.87973809,0.029388876173037308
19.88157988,0.03314259555962463
19.88161707,0.02844281681544213
19.89106154,0.02912947280079347
19.89118314,0.03358510719462882
19.8968792,0.02835126268406195
19.89705992,0.026031891355764097
19.90465641,0.03204394598306248
19.91390491,0.029236285954070344
19.91394782,0.025513084611276417
19.93768072,0.03044174868390936
19.93775725,0.02937361715114061
19.94261932,0.02435339894712749
19.94270515,0.02903791866941329
19.94891214,0.03036545357442588
19.94898915,0.02485694666971847
19.95485592,0.02766460669871061
19.95495629,0.03179980163271534
19.97029781,0.026504921034561684
19.97037578,0.026672770275425344
19.97042084,0.032394903486686506
19.97997165,0.026321812771801328
19.98004508,0.025803006027313648
19.9940846,0.033447775997558556
19.99420428,0.032120241092545965
20.00770998,0.03250171663996338
20.0077858,0.04538033112077516
20.01273251,0.05224689097428855
20.01280856,0.04486152437628748
20.02186942,0.03955138475623712
20.02194142,0.030853742275120166
20.03469849,0.019333180743114367
20.03476214,0.022186617837796598
20.03663516,0.02868696116578927
20.06292605,0.02491798275730526
20.06300497,0.02606240939955749
20.06305027,0.03187609674219882
20.06309175,0.027649347676813915
20.07864833,0.026031891355764097
20.07872486,0.031692988479438466
20.07877994,0.028412298771648737
20.07883024,0.02520790417334249
20.0879333,0.031143663691157397
20.08800387,0.030670634012359806
20.10164094,0.025101091020065615
20.10170221,0.02998397802700847
20.10174799,0.03218127718013275
20.12769961,0.026077668421454186
20.12772584,0.028931105516136417
20.12774873,0.033035782406347754
20.1277709,0.027191577019913024
20.13364172,0.02766460669871061
20.13368607,0.033203631647211414
20.15061402,0.029190508888380255
20.15065217,0.02691691462577249
20.15513062,0.033951323720149536
20.15515685,0.030807965209430077
20.1696167,0.026855878538185704
20.17158699,0.03421072709239338
20.18483567,0.03364614328221561
20.18491292,0.027191577019913024
20.19173241,0.032364385442893114
20.19179988,0.03414969100480659
20.1997211,0.028580148012512397
20.199821,0.030991073472190434
20.20866156,0.03511100938429847
20.20872045,0.029526207370107575
20.22299576,0.03010605020218204
20.22313142,0.035080491340505074
20.24715853,0.031570916304264895
20.24723458,0.02970931563286793
20.24727893,0.035248340581368734
20.25670028,0.03237964446478981
20.25678539,0.028809033340962846
20.27027774,0.034241245136186774
20.27034211,0.034866865033951325
20.27363849,0.029388876173037308
20.27368474,0.0328374151216907
20.28191853,0.03450064850843061
20.28197527,0.03015182726787213
20.29777884,0.03259327077134356
20.29792333,0.035492484931715876
20.31394339,0.02929732204165713
20.3140192,0.029907682917524988
20.31407666,0.03472953383688106
20.32803988,0.03019760433356222
20.32816172,0.028366521705958648
20.32823825,0.033951323720149536
20.32830739,0.030518043793392843
20.35187197,0.025925078202487222
20.35195112,0.032654306858930345
20.35200644,0.03280689707789731
20.3520596,0.02713054093232624
20.35371208,0.030716411078049895
20.35375953,0.03350881208514534
20.38169193,0.028076600289921417
20.38177133,0.028946364538033113
20.38182592,0.03401235980773632
20.38187575,0.029221026932173648
20.38192487,0.02925154497596704
20.39006186,0.03405813687342641
20.39018345,0.029221026932173648
20.40306616,0.02732890821698329
20.40311074,0.033203631647211414
20.40856624,0.03044174868390936
20.40859246,0.02691691462577249
20.43556476,0.032394903486686506
20.43559289,0.03187609674219882
20.43955946,0.025925078202487222
20.43958473,0.0307011520561532
20.43960857,0.03329518577859159
20.45059323,0.027267872129396506
20.45061946,0.028976882581826506
20.45965719,0.03379873350118257
20.45968199,0.02832074464026856
20.46755528,0.028747997253376057
20.4675796,0.033539330128938734
20.48665881,0.02848859388113222
20.50068974,0.026672770275425344
20.50076318,0.034119172961013196
20.50080085,0.030289158464942397
20.50083542,0.02677958342870222
20.50086761,0.032394903486686506
20.51494932,0.031998168917372394
20.51503134,0.02652018005645838
20.52407312,0.030502784771496146
20.52420902,0.032227054245822846
20.537673,0.027389944304570077
20.53776097,0.029922941939421684
20.55199885,0.03363088426031891
20.55210185,0.02810711833371481
20.56469917,0.02725261310749981
20.56478667,0.033203631647211414
20.57029176,0.031998168917372394
20.57036972,0.030045014114595255
20.57041574,0.034699015793087665
20.58194971,0.031494621194781414
20.58202291,0.027969787136644542
20.59099293,0.034195468070496685
20.59111691,0.03338673990997177
20.6140089,0.027069504844739453
20.6140964,0.03187609674219882
20.61415148,0.03376821545738918
20.61420345,0.027191577019913024
20.62376022,0.029449912260624093
20.6238327,0.033371480888075074
20.63768578,0.02775616083009079
20.63777208,0.027344167238879988
20.63781834,0.03291371023117418
20.64768839,0.028809033340962846
20.64776015,0.026596475165941862
20.66203189,0.0328526741435874
20.66215062,0.02993820096131838
20.68895149,0.02566567483024338
20.6890707,0.030777447165636684
20.68914676,0.031738765545128556
20.68921828,0.026657511253528648
20.70270681,0.02963302052338445
20.70277214,0.03218127718013275
20.70280886,0.028534370946822308
20.70284319,0.035156786449988556
20.71686387,0.04505989166094453
20.71691513,0.046890974288548104
20.71695399,0.04936293583581292
20.72709394,0.0494697489890898
20.72721457,0.03450064850843061
20.74011493,0.02276646066987106
20.74021101,0.025345235370412757
20.75430512,0.025299458304722668
20.7543354,0.025406271457999542
20.75436091,0.0319829098954757
20.75438499,0.03147936217288472
20.76390457,0.02618448157473106
20.76402307,0.030518043793392843
20.77691865,0.03234912642099642
20.78359294,0.026749065384908826
20.78362441,0.029388876173037308
20.79901361,0.03350881208514534
20.7991128,0.02681010147249561
20.8076992,0.028625925078202486
20.8077755,0.03480582894636454
20.81386566,0.03006027313649195
20.81390285,0.028168154421301595
20.82286787,0.033829251544975965
20.82294154,0.030807965209430077
20.83677197,0.027481498435950255
20.83679891,0.0328526741435874
20.85158396,0.03208972304875257
20.85163522,0.02703898680094606
20.86489916,0.03318837262531472
20.86503482,0.03506523231860838
20.87003779,0.028412298771648737
20.87017298,0.030945296406500344
20.87840128,0.03533989471274891
20.8784771,0.030014496070801863
20.92687988,0.030090791180285344
20.92699981,0.035828183413443196
20.9270761,0.03150988021667811
20.9271462,0.028503852903028915
20.92864299,0.03616388189517052
20.92868972,0.03459220263981079
20.92872262,0.030304417486839094
20.93206739,0.03506523231860838
20.9321692,0.03450064850843061
20.93225074,0.02958724345769436
20.93232274,0.03358510719462882
20.94673991,0.03593499656672007
20.94681454,0.030334935530632486
20.95470905,0.03398184176394293
20.95477772,0.0375219348439765
20.97868156,0.031036850537880523
20.97873616,0.030411230640115968
20.97877526,0.03672846570534829
20.97881222,0.03268482490272374
20.9788475,0.03022812237735561
20.99163985,0.03552300297550927
20.9916811,0.03346303501945525
20.99990702,0.029022659647516595
20.99994755,0.03381399252307927
21.01362848,0.034363317311360345
21.01366782,0.02891584649423972
21.02327704,0.03247119859616999
21.02331901,0.03442435339894713
21.04668403,0.028641184100099183
21.04676104,0.030731670099946592
21.04680657,0.03445487144274052
21.04684925,0.029098954757000077
21.0468905,0.02917524986648356
21.0567472,0.03450064850843061
21.05677772,0.029724574654764628
21.06498599,0.029114213778896773
21.06508589,0.03543144884412909
21.078655,0.032272831311512935
21.07871914,0.027481498435950255
21.09260201,0.03302052338445106
21.09263277,0.03338673990997177
21.10899472,0.02810711833371481
21.10902643,0.031692988479438466
21.10905194,0.03393606469825284
21.12459874,0.02896162355992981
21.12462616,0.03126573586633097
21.12758851,0.03462272068360418
21.12761331,0.029053177691309988
21.13465881,0.02937361715114061
21.14861536,0.03462272068360418
21.148669,0.030212863355458915
21.14870167,0.028473334859235522
21.17260623,0.03472953383688106
21.17263865,0.03192187380788891
21.1775732,0.027740901808194093
21.17759871,0.033066300450141146
21.19160867,0.03300526436255436
21.19164419,0.027969787136644542
21.19166994,0.032120241092545965
21.19169402,0.03398184176394293
21.20673823,0.02827496757457847
21.20684791,0.0315556572823682
21.20690584,0.03567559319447623
21.20695853,0.029831387808041506
21.23190832,0.02937361715114061
21.23201084,0.034363317311360345
21.23208618,0.02920576791027695
21.23215604,0.0294193942168307
21.23223472,0.03567559319447623
21.24670696,0.03245593957427329
21.24679565,0.027878233005264364
21.25966096,0.033707179369802394
21.25971746,0.03343251697566186
21.26686931,0.028076600289921417
21.26695275,0.032364385442893114
21.28965616,0.03422598611429008
21.2896986,0.028168154421301595
21.28972983,0.03131151293202106
21.28976154,0.035156786449988556
21.31671,0.02993820096131838
21.31678152,0.03129625391012436
21.31682444,0.035080491340505074
21.3168571,0.030579079880979628
21.31689143,0.029404135194934004
21.32363558,0.03643854428931106
21.32366967,0.034576943617914094
21.34762692,0.03006027313649195
21.34767509,0.03506523231860838
21.34770608,0.03472953383688106
21.34773469,0.029953459983215077
21.35762525,0.034744792858777754
21.3576622,0.037033646143282216
21.36662507,0.030899519340810255
21.36666369,0.03213550011444266
21.36669493,0.03588921950102998
21.38164401,0.030563820859082932
21.38169694,0.02993820096131838
21.39502072,0.03521782253757534
21.39507651,0.03129625391012436
21.40861177,0.028503852903028915
21.40864277,0.03407339589532311
21.4176178,0.03181506065461204
21.41764235,0.027832455939574275
21.42363667,0.03335622186617838
21.42368007,0.033112077515831236
21.43262887,0.02801556420233463
21.43265462,0.03228809033340963
21.43267822,0.03439383535515374
21.44959998,0.027954528114747846
21.46395397,0.029556725413900968
21.46401453,0.035156786449988556
21.47763801,0.03126573586633097
21.477705,0.033203631647211414
21.47775078,0.04322880903334096
21.47779536,0.04664682993820096
21.48759937,0.05090409704737926
21.4876318,0.05563439383535515
21.49694419,0.043472953383688104
21.49701381,0.028702220187685968
21.50293922,0.027725642786297397
21.52466917,0.02766460669871061
21.52473593,0.025314717326619364
21.52664113,0.031570916304264895
21.52668691,0.03343251697566186
21.53588653,0.028381780727855344
21.53602362,0.03079270618753338
21.54471016,0.034531166552224005
21.54479718,0.030121309224078737
21.55263925,0.03164721141374838
21.552701,0.035492484931715876
21.56687808,0.03138780804150454
21.56697083,0.029053177691309988
21.57971835,0.03447013046463722
21.58872533,0.03221179522392614
21.58878517,0.028641184100099183
21.59809399,0.033997100785839625
21.59822392,0.033661402304112305
21.59830928,0.028458075837338826
21.59840274,0.03346303501945525
21.6156764,0.035538261997405965
21.61575484,0.029236285954070344
21.62708211,0.03189135576409552
21.62718296,0.03677424277103838
21.64071631,0.03179980163271534
21.6407969,0.031357289997711146
21.64874363,0.036285954070344094
21.6536622,0.03224231326771954
21.653723,0.03091477836270695
21.65976286,0.03680476081483177
21.659863,0.03514152742809186
21.66684604,0.031448844129091325
21.6669445,0.0362554360265507
21.67971063,0.03683527885862516
21.67978597,0.03096055542839704
21.69382715,0.0345616845960174
21.69392896,0.03799496452277409
21.70767903,0.032120241092545965
21.70776534,0.03363088426031891
21.70780325,0.03831540398260472
21.70783687,0.0328374151216907
21.70786977,0.032394903486686506
21.7340095,0.03825436789501793
21.73412871,0.03414969100480659
21.73585773,0.03134203097581445
21.73595691,0.03688105592431525
21.74864197,0.03472953383688106
21.74868441,0.030899519340810255
21.77294946,0.03564507515068284
21.77304316,0.03559929808499275
21.77915072,0.02998397802700847
21.77921033,0.03433279926756695
21.77925396,0.03562981612878614
21.79523015,0.029159990844586862
21.79525971,0.03221179522392614
21.79528451,0.03682001983672847
21.79530787,0.03053330281528954
21.80224061,0.029831387808041506
21.80226469,0.03561455710688945
21.82758689,0.031998168917372394
21.82761836,0.029358358129243915
21.82764316,0.03479056992446784
21.827667,0.03230334935530633
21.83991432,0.02793926909285115
21.84010863,0.03335622186617838
21.84015536,0.03314259555962463
21.84463906,0.028000305180437935
21.84467483,0.03218127718013275
21.86259294,0.03459220263981079
21.86792135,0.028824292362859542
21.8680315,0.030685893034256503
21.88167381,0.034439612420843826
21.88174129,0.028747997253376057
21.8948617,0.028030823224231328
21.89493918,0.035416189822232394
21.89671397,0.03309681849393454
21.89676023,0.029114213778896773
21.90479088,0.033997100785839625
21.91461158,0.03158617532616159
21.91466212,0.02746623941405356
21.92361927,0.03292896925307088
21.92369437,0.033234149691004806
21.94266129,0.027908751049057757
21.94274974,0.03150988021667811
21.95461392,0.033371480888075074
21.954669,0.028366521705958648
21.96176171,0.0302738994430457
21.96186256,0.03414969100480659
21.96806598,0.029190508888380255
21.968189,0.028809033340962846
21.96826386,0.03430228122377356
21.98170495,0.029785610742351417
21.98178411,0.027481498435950255
21.99010563,0.03389028763256275
21.99017835,0.03105210955977722
22.01370478,0.027344167238879988
22.01376939,0.033829251544975965
22.01380634,0.03331044480048829
22.0138402,0.027054245822842757
22.0236659,0.03048752574959945
22.02372599,0.03393606469825284
22.03287125,0.028747997253376057
22.0329721,0.03039597161821927
22.03304839,0.03384451056687266
22.04772139,0.028641184100099183
22.04779744,0.028259708552681773
22.07204151,0.034317540245670256
22.07207656,0.030502784771496146
22.07210159,0.027878233005264364
22.07212496,0.0336919203479057
22.0795784,0.03167772945754177
22.07960272,0.027283131151293202
22.08658409,0.03254749370565347
22.08665514,0.032272831311512935
22.10026598,0.027313649195086595
22.100384,0.03138780804150454
22.10174131,0.033539330128938734
22.12458944,0.02749675745784695
22.12461758,0.02970931563286793
22.14859843,0.03392080567635614
22.14862514,0.028763256275272753
22.14864922,0.02851911192492561
22.15789151,0.033676661326009
22.15800095,0.029068436713206684
22.15807843,0.026504921034561684
22.15815043,0.03529411764705882
22.15822029,0.03314259555962463
22.17166042,0.028046082246128024
22.17168546,0.03292896925307088
22.18465161,0.033066300450141146
22.18471932,0.02887006942854963
22.199085,0.03280689707789731
22.1992197,0.03472953383688106
22.20510006,0.029922941939421684
22.20522308,0.03230334935530633
22.21162772,0.03555352101930266
22.21168804,0.030090791180285344
22.21964478,0.029434653238727397
22.21970892,0.03447013046463722
22.2197547,0.03010605020218204
22.23368835,0.027405203326466773
22.23371291,0.0328526741435874
22.25917339,0.030807965209430077
22.25929022,0.02668802929732204
22.25936675,0.03141832608529793
22.2594409,0.029907682917524988
22.26710916,0.025650415808346684
22.26723123,0.0315556572823682
22.27968311,0.03372243839169909
22.27977324,0.027115281910429542
22.28472805,0.02865644312199588
22.28478789,0.03254749370565347
22.29865217,0.02784771496147097
22.29871345,0.02703898680094606
22.31281447,0.03271534294651713
22.32209444,0.030212863355458915
22.32221651,0.030899519340810255
22.32765937,0.04191653315022507
22.32773829,0.04827954528114748
22.33261633,0.04737926298924239
22.33267474,0.04852368963149462
22.34713745,0.03904783703364614
22.34720898,0.02392614633401999
22.354738,0.02288853284504463
22.35480928,0.027267872129396506
22.37972569,0.02456702525368124
22.37982893,0.028244449530785077
22.37990665,0.03274586099031052
22.38160849,0.02737468528267338
22.38164687,0.027054245822842757
22.38973522,0.03254749370565347
22.38981485,0.02887006942854963
22.40373588,0.02627603570611124
22.40381026,0.031906614785992216
22.40865421,0.029785610742351417
22.40875721,0.025879301136797133
22.43367887,0.03125047684443427
22.43375587,0.03163195239185168
22.43380237,0.026489662012664988
22.43384457,0.030579079880979628
22.43388462,0.03257801174944686
22.44357157,0.026749065384908826
22.45806885,0.028931105516136417
22.45820403,0.03338673990997177
22.46692896,0.028046082246128024
22.46700668,0.027771419851987486
22.49000645,0.03279163805600061
22.49015021,0.02998397802700847
22.50368667,0.0285648889906157
22.50377321,0.03428702220187686
22.50867224,0.031326771953917754
22.50875115,0.027725642786297397
22.50880647,0.03389028763256275
22.52309704,0.033615625238422216
22.52323437,0.028244449530785077
22.52964115,0.03213550011444266
22.52972889,0.03500419623102159
22.55408287,0.0294193942168307
22.55422163,0.0311284046692607
22.55985451,0.03535515373464561
22.56002259,0.030090791180285344
22.57388568,0.029953459983215077
22.57394338,0.035416189822232394
22.57397985,0.0315556572823682
22.57401347,0.028976882581826506
22.57404804,0.034241245136186774
22.57983088,0.031998168917372394
22.57993245,0.028702220187685968
22.58912635,0.034317540245670256
22.58925033,0.03308155947203784
22.60165143,0.027405203326466773
22.60174012,0.03271534294651713
22.62512279,0.035156786449988556
22.62524676,0.02844281681544213
22.6266427,0.029434653238727397
22.62672544,0.03358510719462882
22.63513374,0.02873273823147936
22.63520002,0.028137636377508202
22.63524604,0.033325703822384985
22.64902925,0.029434653238727397
22.64915228,0.026626993209735255
22.6580162,0.032486457618066684
22.65813184,0.03031967650873579
22.67163301,0.02542153047989624
22.67170906,0.03108262760357061
22.67971206,0.031570916304264895
22.67981291,0.02583352407110704
22.70368361,0.029327840085450523
22.70375037,0.031692988479438466
22.70378733,0.025268940260929275
22.70382142,0.028213931486991684
22.7066741,0.03356984817273213
22.71285319,0.028259708552681773
22.71295142,0.027176317998016328
22.73166037,0.032028686961165787
22.73172593,0.028137636377508202
22.73870945,0.02681010147249561
22.73877001,0.032440680552376595
22.75463247,0.029968719005111773
22.7546618,0.025345235370412757
22.75761056,0.03079270618753338
22.75763607,0.03096055542839704
22.7647419,0.025696192874036773
22.76478386,0.02958724345769436
22.76960397,0.03205920500495918
22.77908897,0.02618448157473106
22.77911305,0.027771419851987486
22.80337071,0.03181506065461204
22.80343223,0.027054245822842757
22.80765128,0.027191577019913024
22.80770779,0.03268482490272374
22.81686091,0.028580148012512397
22.81695795,0.025696192874036773
22.82312536,0.03170824750133516
22.82324457,0.030411230640115968
22.83705378,0.025574120698863202
22.83711743,0.029877164873731595
22.84714723,0.031616693369954985
22.84722638,0.026337071793698024
22.87041712,0.02937361715114061
22.87050295,0.031738765545128556
22.88394284,0.026382848859388113
22.88405275,0.02784771496147097
22.89015245,0.031952391851682305
22.89028788,0.027069504844739453
22.9087069,0.026794842450598915
22.90880299,0.0324101625085832
22.90885925,0.028580148012512397
22.9089098,0.026047150377660793
22.91196203,0.03181506065461204
22.93668389,0.02954146639200427
22.93679714,0.024963759822995348
22.93684959,0.030518043793392843
22.93689442,0.031143663691157397
22.94887996,0.02594033722438392
22.94901681,0.02937361715114061
22.94909501,0.031494621194781414
22.94916892,0.02613870450904097
22.94923854,0.02810711833371481
22.94930625,0.03308155947203784
22.97366905,0.027222095063706417
22.97375751,0.027222095063706417
22.97380447,0.033234149691004806
22.97663498,0.029907682917524988
22.97668314,0.027115281910429542
22.9996779,0.03205920500495918
22.9997642,0.029800869764248113
23.00341964,0.02554360265506981
23.00346088,0.030945296406500344
23.01466513,0.031570916304264895
23.01473546,0.026581216144045166
23.01656485,0.030777447165636684
23.01659083,0.032272831311512935
23.03210759,0.026459143968871595
23.0321722,0.03002975509269856
23.03220868,0.03494316014343481
23.0799849,0.029663538567177843
23.08010054,0.02835126268406195
23.08188248,0.03300526436255436
23.08192682,0.028366521705958648
23.0819602,0.026581216144045166
23.08199286,0.03266956588082704
23.08387065,0.03022812237735561
23.08390641,0.025604638742656595
23.08393836,0.029785610742351417
23.08397055,0.030762188143739988
23.09928346,0.026581216144045166
23.09931231,0.029922941939421684
23.09933591,0.03204394598306248
23.12367654,0.025909819180590526
23.1236999,0.028091859311818113
23.12372255,0.0324254215304799
23.12374449,0.028412298771648737
23.13356161,0.02784771496147097
23.13358593,0.03204394598306248
23.14888716,0.028030823224231328
23.14891911,0.028763256275272753
23.14894295,0.03825436789501793
23.14896607,0.0439154650186923
23.16360354,0.045853360799572744
23.16363072,0.051651789120317385
23.19190383,0.04473945220111391
23.19203401,0.028854810406652935
23.19207287,0.025055313954375526
23.19210815,0.026459143968871595
23.2018218,0.023025864042114902
23.20187259,0.027008468757152668
23.2089572,0.0324254215304799
23.20902944,0.02742046234836347
23.22310662,0.02661173418783856
23.22322893,0.03291371023117418
23.24692774,0.028809033340962846
23.24704742,0.026504921034561684
23.24712253,0.03271534294651713
23.2606535,0.030334935530632486
23.26073194,0.026260776684214542
23.26077724,0.031738765545128556
23.26081944,0.03224231326771954
23.28391552,0.02661173418783856
23.28403926,0.03039597161821927
23.28411508,0.03309681849393454
23.28418446,0.027832455939574275
23.28704238,0.02929732204165713
23.28716373,0.03358510719462882
23.29970765,0.028702220187685968
23.29978681,0.02780193789578088
23.30903697,0.034195468070496685
23.33270001,0.031158922713054094
23.33277678,0.028030823224231328
23.33282208,0.03356984817273213
23.33286357,0.03213550011444266
23.33465815,0.027267872129396506
23.33471775,0.0324254215304799
23.34362221,0.03517204547188525
23.34366441,0.030289158464942397
23.36664557,0.03292896925307088
23.36670995,0.035324635690852216
23.36674809,0.03015182726787213
23.36683655,0.0319829098954757
23.36687183,0.036453803311207754
23.3815999,0.03117418173495079
23.38167381,0.030090791180285344
23.39087915,0.03677424277103838
23.3909483,0.033783474479285876
23.40359879,0.030579079880979628
23.40363646,0.0358129243915465
23.41830468,0.03389028763256275
23.41834641,0.029495689326314183
23.43160415,0.03450064850843061
23.43164206,0.03425650415808347
23.44462037,0.03010605020218204
23.44465518,0.03430228122377356
23.44468093,0.03596551461051346
23.44658995,0.029694056610971235
23.46005392,0.031097886625467308
23.46015048,0.03546196688792248
23.4601872,0.030258640421149004
23.46659184,0.028900587472343024
23.46661854,0.03459220263981079
23.4899087,0.0324254215304799
23.48993826,0.029388876173037308
23.49358344,0.034119172961013196
23.49360919,0.031998168917372394
23.50531507,0.02713054093232624
23.50533986,0.03204394598306248
23.51364446,0.03297474631876097
23.51369143,0.027618829633020522
23.52295136,0.03108262760357061
23.52305937,0.033951323720149536
23.52313757,0.02851911192492561
23.54658937,0.029495689326314183
23.54661846,0.0349736781872282
23.56358051,0.030289158464942397
23.56360865,0.028503852903028915
23.56363297,0.03451590753032731
23.58792782,0.03131151293202106
23.58803844,0.027313649195086595
23.58811593,0.03384451056687266
23.58818722,0.032990005340657665
23.58825517,0.027908751049057757
23.58970714,0.03228809033340963
23.58974314,0.032898451209277486
23.59894776,0.027267872129396506
23.59902334,0.030899519340810255
23.62306619,0.034363317311360345
23.62318873,0.02844281681544213
23.62869477,0.02946517128252079
23.62877154,0.03360036621652552
23.63466907,0.02861066605630579
23.63472867,0.02827496757457847
23.63477683,0.034317540245670256
23.64449406,0.03167772945754177
23.64459372,0.02827496757457847
23.65822291,0.03347829404135195
23.65834475,0.032074464026855876
23.66712856,0.02749675745784695
23.66718817,0.032654306858930345
23.67966104,0.033157854581521325
23.679703,0.02754253452353704
23.69376421,0.030670634012359806
23.69384837,0.03450064850843061
23.69866276,0.02851911192492561
23.69872332,0.029739833676661324
23.70565772,0.03425650415808347
23.71364689,0.029449912260624093
23.71368742,0.028641184100099183
23.72369695,0.03421072709239338
23.72372556,0.031021591515983826
23.74663115,0.028458075837338826
23.74666071,0.03375295643549248
23.74668479,0.032074464026855876
23.74670792,0.0272983901731899
23.77460814,0.033066300450141146
23.77463722,0.03421072709239338
23.77466273,0.028290226596475166
23.77468586,0.031357289997711146
23.77470922,0.0340886549172198
23.77961183,0.028702220187685968
23.77964044,0.03031967650873579
23.79358864,0.03437857633325704
23.79361677,0.029968719005111773
23.80772185,0.029312581063553826
23.80777931,0.03396658274204623
23.81662226,0.031403067063401235
23.81664824,0.028976882581826506
23.82257199,0.034119172961013196
23.82259989,0.032562752727550166
23.83159471,0.028076600289921417
23.83161879,0.033539330128938734
23.8497653,0.03425650415808347
23.84986401,0.028473334859235522
23.84992099,0.03096055542839704
23.87721443,0.035324635690852216
23.8772471,0.030685893034256503
23.87727284,0.03172350652323186
23.87729692,0.03601129167620355
23.87732053,0.03201342793926909
23.89162874,0.03105210955977722
23.89169693,0.03596551461051346
23.89929032,0.03219653620202945
23.89933681,0.02868696116578927
23.90360522,0.033707179369802394
23.9182086,0.03237964446478981
23.91825867,0.02835126268406195
23.93166471,0.03338673990997177
23.93172479,0.034241245136186774
23.93177199,0.02810711833371481
23.93181324,0.030563820859082932
23.94675088,0.034195468070496685
23.94679356,0.029327840085450523
23.95337439,0.030457007705806057
23.95350742,0.03479056992446784
23.96662664,0.02963302052338445
23.96667123,0.028824292362859542
23.97400951,0.035202563515678645
24.01089621,0.03060959792477302
24.01101613,0.028000305180437935
24.01109242,0.03476005188067445
24.01116228,0.03567559319447623
24.01392341,0.03521782253757534
24.01404548,0.046799420157167926
24.01412177,0.05488670176241703
24.01419234,0.049927519645990695
24.02383995,0.04426642252231632
24.02390552,0.03595025558861677
24.04892015,0.023422598611429007
24.04904532,0.02397192339971008
24.04912233,0.031570916304264895
24.0520885,0.028900587472343024
24.05220842,0.02844281681544213
24.05768776,0.03418020904859999
24.05774164,0.030685893034256503
24.0666213,0.02784771496147097
24.06665349,0.033951323720149536
24.07463288,0.03347829404135195
24.07466316,0.028534370946822308
24.08857918,0.032898451209277486
24.08860397,0.032562752727550166
24.11468911,0.028763256275272753
24.11471391,0.032120241092545965
24.11473608,0.03472953383688106
24.11475873,0.029144731822690166
24.11478066,0.0315556572823682
24.12259579,0.03639276722362097
24.12262344,0.03137254901960784
24.13158846,0.029358358129243915
24.14503455,0.035385671778439
24.14517093,0.03276112001220722
24.17199588,0.030090791180285344
24.17209673,0.03544670786602579
24.17215204,0.034271763179980166
24.1722033,0.028992141603723202
24.17225289,0.03447013046463722
24.18008542,0.03617914091706722
24.18022156,0.03083848325322347
24.19162941,0.03401235980773632
24.19171691,0.03682001983672847
24.19176269,0.03125047684443427
24.20262504,0.032867933165484094
24.21708775,0.038162813763637754
24.21722484,0.03335622186617838
24.22168851,0.0315556572823682
24.2217629,0.03810177767605097
24.24707985,0.034912642099641414
24.24721646,0.03125047684443427
24.25470519,0.03714045929655909
24.25863838,0.036697947661554896
24.25870156,0.03150988021667811
24.25874782,0.03576714732585641
24.25879169,0.0366674296177615
24.27282262,0.03131151293202106
24.27292299,0.033707179369802394
24.28675938,0.036621652552071414
24.2868247,0.03213550011444266
24.28866673,0.03347829404135195
24.28872538,0.0371099412527657
24.29769397,0.03167772945754177
24.2977519,0.0302738994430457
24.29779744,0.035706111238269625
24.30769849,0.03254749370565347
24.30777001,0.02929732204165713
24.32903457,0.03492790112153811
24.32911038,0.03317311360341802
24.34012771,0.02798504615854124
24.34023309,0.0324101625085832
24.34970617,0.03297474631876097
24.34976482,0.02865644312199588
24.35173035,0.03271534294651713
24.35180068,0.03573662928206302
24.38513994,0.029724574654764628
24.38525963,0.030426489662012664
24.38533378,0.035034714274814985
24.40492344,0.030167086289768826
24.40501118,0.028900587472343024
24.40886712,0.034821087968261236
24.40893769,0.031784542610818645
24.42271996,0.02793926909285115
24.42279553,0.03276112001220722
24.42284203,0.0332494087129015
24.42288613,0.028122377355611506
24.43721056,0.032608529793240255
24.43728375,0.03364614328221561
24.43734002,0.027878233005264364
24.43739033,0.030579079880979628
24.43743992,0.0340886549172198
24.44663,0.02908369573510338
24.4466598,0.02925154497596704
24.46963477,0.03500419623102159
24.46966648,0.03065537499046311
24.48000813,0.02832074464026856
24.48003316,0.034485389486533916
24.48160124,0.03108262760357061
24.48162746,0.027954528114747846
24.48860264,0.03379873350118257
24.50268579,0.031952391851682305
24.5027523,0.027283131151293202
24.50280023,0.032608529793240255
24.51809406,0.03352407110704204
24.51822996,0.027435721370260166
24.53176546,0.030472266727702754
24.53189349,0.03373769741359579
24.54006314,0.02749675745784695
24.54018211,0.029236285954070344
24.54166675,0.03384451056687266
24.54172158,0.02920576791027695
24.55466223,0.029694056610971235
24.55472922,0.035156786449988556
24.56367326,0.030930037384603648
24.56373429,0.02681010147249561
24.57001877,0.03297474631876097
24.59471798,0.033112077515831236
24.59479547,0.02801556420233463
24.59665561,0.032364385442893114
24.5967083,0.0332494087129015
24.59674597,0.027771419851987486
24.59678054,0.030945296406500344
24.61207294,0.03384451056687266
24.61219454,0.027786678873884182
24.61904001,0.029831387808041506
24.61917853,0.03504997329671168
24.61925364,0.028946364538033113
24.64305568,0.028580148012512397
24.6430881,0.03506523231860838
24.6576972,0.03108262760357061
24.65775776,0.027344167238879988
24.65779233,0.03279163805600061
24.65782404,0.03234912642099642
24.66771269,0.027481498435950255
24.66776967,0.032227054245822846
24.67700911,0.03280689707789731
24.67707992,0.02766460669871061
24.69260979,0.0315556572823682
24.69264007,0.03459220263981079
24.70373249,0.02832074464026856
24.70380449,0.029098954757000077
24.71091008,0.03466849774929427
24.72370815,0.03006027313649195
24.72378516,0.02844281681544213
24.7238307,0.034271763179980166
24.72387314,0.031616693369954985
24.74392676,0.028198672465094988
24.74404883,0.03375295643549248
24.74412346,0.03274586099031052
24.74419284,0.02780193789578088
24.76901865,0.03309681849393454
24.76910567,0.035538261997405965
24.76916027,0.03006027313649195
24.76921058,0.03221179522392614
24.76926088,0.034699015793087665
24.77862048,0.027573052567330433
24.77864981,0.02998397802700847
24.78861141,0.035156786449988556
24.78863668,0.0298619058518349
24.79968286,0.028000305180437935
24.79974318,0.03434805828946365
24.82366729,0.030945296406500344
24.82369375,0.026825360494392308
24.82371783,0.032227054245822846
24.82374215,0.03137254901960784
24.84401417,0.027222095063706417
24.84403849,0.03213550011444266
24.84693027,0.032318608377203024
24.84698868,0.027191577019913024
24.8596313,0.03079270618753338
24.85967827,0.03389028763256275
24.87369847,0.028366521705958648
24.87377739,0.03083848325322347
24.89771175,0.03852903028915847
24.89781499,0.039291981383993285
24.89786077,0.045593957427328906
24.89790463,0.056488899061570154
24.91208506,0.04937819485770962
24.91222167,0.03518730449378195
24.91229939,0.0311284046692607
24.92468596,0.026382848859388113
24.9247632,0.022232394903486687
24.92665434,0.028534370946822308
24.92670703,0.032486457618066684
24.9403646,0.028549629968719004
24.9404633,0.03079270618753338
24.95386338,0.033371480888075074
24.95394087,0.02784771496147097
24.95869064,0.0290074006256199
24.95874929,0.03418020904859999
24.96509814,0.029022659647516595
24.96516728,0.028336003662165255
24.9736445,0.03434805828946365
24.97371602,0.03126573586633097
24.97377419,0.02832074464026856
24.98957229,0.033875028610666054
24.98964858,0.03251697566186008
25.01272798,0.027969787136644542
25.01279688,0.032532234683756774
25.01283312,0.0336919203479057
25.01286745,0.027878233005264364
25.02071404,0.0315556572823682
25.02078938,0.03530937666895552
25.03363943,0.028595407034409093
25.03370214,0.030548561837186235
25.0337491,0.035538261997405965
25.04896688,0.030670634012359806
25.04908562,0.029236285954070344
25.0638895,0.03517204547188525
25.06396532,0.032120241092545965
25.0770638,0.029022659647516595
25.07709551,0.035034714274814985
25.07712078,0.03407339589532311
25.07714558,0.029434653238727397
25.09159255,0.03547722590981918
25.09161997,0.03651483939879454
25.09865165,0.030823224231326773
25.09869337,0.0341039139391165
25.1036613,0.03735408560311284
25.11766291,0.03126573586633097
25.13160968,0.03187609674219882
25.13166118,0.03682001983672847
25.13169479,0.03250171663996338
25.1365912,0.030182345311665523
25.14267683,0.03656061646448463
25.14275503,0.0345616845960174
25.15666914,0.03060959792477302
25.15681505,0.035385671778439
25.16339612,0.03439383535515374
25.16346145,0.029480430304417486
25.17704153,0.033951323720149536
25.19067788,0.03451590753032731
25.19076538,0.029022659647516595
25.19961452,0.031021591515983826
25.19967699,0.03445487144274052
25.20162535,0.029571984435797664
25.20168567,0.03083848325322347
25.22469497,0.034866865033951325
25.22478485,0.029190508888380255
25.2248323,0.027481498435950255
25.2276628,0.03463797970550088
25.227705,0.031692988479438466
25.24163938,0.027908751049057757
25.24166894,0.03312733653772793
25.2666657,0.03192187380788891
25.2667172,0.02691691462577249
25.26674223,0.031448844129091325
25.26676607,0.03305104142824445
25.2667942,0.028213931486991684
25.26681995,0.0319829098954757
25.28971052,0.03512626840619516
25.28978539,0.027786678873884182
25.29266477,0.02958724345769436
25.29272413,0.03476005188067445
25.3068006,0.029877164873731595
25.30689907,0.028030823224231328
25.3069756,0.03393606469825284
25.32975483,0.030853742275120166
25.32983303,0.027267872129396506
25.33897853,0.03245593957427329
25.33904886,0.031952391851682305
25.33910513,0.027283131151293202
25.33915639,0.03237964446478981
25.35266352,0.033539330128938734
25.35272336,0.027405203326466773
25.35278463,0.03006027313649195
25.35283184,0.03363088426031891
25.36763573,0.02848859388113222
25.36769605,0.029434653238727397
25.38783264,0.03385976958876936
25.3879087,0.02967879758907454
25.387954,0.027771419851987486
25.40307665,0.03329518577859159
25.40315104,0.02951094834821088
25.40320659,0.02758831158922713
25.40325713,0.03358510719462882
25.41303182,0.032867933165484094
25.41306138,0.02754253452353704
25.42360044,0.031738765545128556
25.42362761,0.03318837262531472
25.44766903,0.027267872129396506
25.44769859,0.03044174868390936
25.44772267,0.03471427481498436
25.44774556,0.02861066605630579
25.45759678,0.028213931486991684
25.45763373,0.033035782406347754
25.46659636,0.03031967650873579
25.46663904,0.028702220187685968
25.4809072,0.0340886549172198
25.48108578,0.030472266727702754
25.49367142,0.02681010147249561
25.49374557,0.0328374151216907
25.50261784,0.032318608377203024
25.50267434,0.027344167238879988
25.50762224,0.03175402456702525
25.51260805,0.03372243839169909
25.51264668,0.028122377355611506
25.52157545,0.0307011520561532
25.52161002,0.033829251544975965
25.53468633,0.028458075837338826
25.53474641,0.02896162355992981
25.55871463,0.034119172961013196
25.55880475,0.02993820096131838
25.55885172,0.02827496757457847
25.55889392,0.03396658274204623
25.56226969,0.031738765545128556
25.56233501,0.028702220187685968
25.56967974,0.0336919203479057
25.58388972,0.0324254215304799
25.5839982,0.027176317998016328
25.5858624,0.031692988479438466
25.58598614,0.03360036621652552
25.61388922,0.028122377355611506
25.61401272,0.0307011520561532
25.61408901,0.03418020904859999
25.61413932,0.028366521705958648
25.61707425,0.0298619058518349
25.61719489,0.03564507515068284
25.62971544,0.03126573586633097
25.62979126,0.029266803997863737
25.64410782,0.035370412756542305
25.64589906,0.03292896925307088
25.64602184,0.0294193942168307
25.66879773,0.033447775997558556
25.66888738,0.031952391851682305
25.68314385,0.028580148012512397
25.68326473,0.033615625238422216
25.68334007,0.03413443198290989
25.68341303,0.02763408865491722
25.70676875,0.030502784771496146
25.70685744,0.03414969100480659
25.70984077,0.028259708552681773
25.7099402,0.028717479209582664
25.7100153,0.03376821545738918
25.71195102,0.0294193942168307
25.71199894,0.02754253452353704
25.72861242,0.03356984817273213
25.72864366,0.03083848325322347
25.74498892,0.02725261310749981
25.74501514,0.032730601968413826
25.75166702,0.03192187380788891
25.75169086,0.027557793545433737
25.75171328,0.034195468070496685
25.75173497,0.03973449301899748
25.76661277,0.040207522697795074
25.76664019,0.051056687266346226
25.76666451,0.05653467612726024
25.80163288,0.043045700770580606
25.80166149,0.031784542610818645
25.80168533,0.03039597161821927
25.80170918,0.024750133516441595
25.80393505,0.024338139925230793
25.80863166,0.03247119859616999
25.80866981,0.03022812237735561
25.82157207,0.02732890821698329
25.82161427,0.03266956588082704
25.84476089,0.03271534294651713
25.84480715,0.02763408865491722
25.84483933,0.0315556572823682
25.84965229,0.03334096284428168
25.8497138,0.027740901808194093
25.86359954,0.02929732204165713
25.86364841,0.0340886549172198
25.86368036,0.029846646829938202
25.86370993,0.02993820096131838
25.87893057,0.034988937209124896
25.87900543,0.030670634012359806
25.88768601,0.028595407034409093
25.88779163,0.034607461661707486
25.91190386,0.03181506065461204
25.91196275,0.028717479209582664
25.91201591,0.03381399252307927
25.91489649,0.033493553063248645
25.91494632,0.02912947280079347
25.92366886,0.033401998931868467
25.92374444,0.03463797970550088
25.93833876,0.02917524986648356
25.93838191,0.03201342793926909
25.9426868,0.03544670786602579
25.94276738,0.030579079880979628
25.95871925,0.031403067063401235
25.95879602,0.03567559319447623
25.98017454,0.031021591515983826
25.98027754,0.031784542610818645
25.98161507,0.03830014496070802
25.9848721,0.03472953383688106
25.98497272,0.030258640421149004
25.99290872,0.03511100938429847
25.99297547,0.03492790112153811
26.00516939,0.03006027313649195
26.00521207,0.03527885862516213
26.00865126,0.03714045929655909
26.00872469,0.030777447165636684
26.02674913,0.032990005340657665
26.02682424,0.036865796902418556
26.03981113,0.031158922713054094
26.03985262,0.03137254901960784
26.03988385,0.03642328526741436
26.04685497,0.03193713282978561
26.04695415,0.030350194552529183
26.05961728,0.03561455710688945
26.05964851,0.031738765545128556
26.08614588,0.029739833676661324
26.08626842,0.035202563515678645
26.0876267,0.033829251544975965
26.087713,0.02742046234836347
26.10550046,0.03134203097581445
26.10555315,0.03401235980773632
26.10558677,0.028885328450446328
26.10561657,0.030930037384603648
26.10564566,0.03405813687342641
26.1136651,0.028137636377508202
26.11368966,0.029663538567177843
26.12259483,0.03529411764705882
26.12262297,0.030182345311665523
26.1478157,0.028137636377508202
26.14791226,0.03407339589532311
26.17166853,0.03096055542839704
26.17172647,0.02801556420233463
26.17176056,0.03329518577859159
26.17179036,0.03309681849393454
26.2066319,0.02810711833371481
26.20666432,0.03204394598306248
26.20668912,0.03329518577859159
26.20671296,0.02737468528267338
26.20673609,0.029266803997863737
26.20675969,0.03471427481498436
26.2085948,0.029968719005111773
26.20862627,0.02963302052338445
26.22267461,0.03421072709239338
26.22274566,0.02887006942854963
26.22277927,0.0285648889906157
26.22281218,0.03479056992446784
26.23762965,0.03125047684443427
26.23767591,0.027145799954222935
26.23770857,0.03292896925307088
26.25192213,0.03257801174944686
26.25204277,0.027649347676813915
26.25211835,0.0315556572823682
26.25218654,0.03268482490272374
26.27802706,0.02716105897611963
26.27813387,0.030640115968566414
26.27821183,0.0345464255741207
26.27828312,0.02877851529716945
26.29270434,0.02877851529716945
26.29278064,0.034164950026703285
26.29910398,0.030457007705806057
26.29915047,0.028900587472343024
26.30466747,0.03466849774929427
26.31370759,0.031113145647364004
26.31378078,0.027222095063706417
26.33667755,0.03280689707789731
26.33673763,0.03237964446478981
26.3367703,0.027344167238879988
26.33679986,0.03215075913633936
26.3470571,0.033401998931868467
26.34717512,0.027740901808194093
26.35463715,0.03039597161821927
26.35468602,0.0354009308003357
26.36766028,0.0298619058518349
26.36773133,0.029571984435797664
26.36777377,0.034119172961013196
26.38613105,0.029571984435797664
26.38629174,0.028717479209582664
26.39866757,0.034607461661707486
26.39872909,0.03167772945754177
26.40798807,0.02763408865491722
26.40808749,0.0328374151216907
26.40816545,0.03266956588082704
26.4082346,0.02784771496147097
26.43371058,0.031906614785992216
26.4337852,0.03343251697566186
26.43383169,0.02780193789578088
26.43387318,0.029785610742351417
26.43665051,0.03447013046463722
26.45959759,0.03083848325322347
26.46478772,0.030243381399252308
26.46482897,0.03462272068360418
26.46485853,0.030685893034256503
26.4648881,0.028503852903028915
26.48107839,0.034363317311360345
26.48121238,0.03126573586633097
26.48606777,0.027054245822842757
26.4862504,0.03343251697566186
26.49862289,0.03352407110704204
26.4986968,0.028366521705958648
26.51293802,0.032532234683756774
26.52166247,0.03450064850843061
26.52175665,0.02873273823147936
26.52776122,0.031158922713054094
26.52781367,0.03569085221637293
26.53259873,0.030472266727702754
26.53264785,0.03193713282978561
26.54709268,0.036697947661554896
26.5472548,0.030746929121843288
26.55330944,0.028595407034409093
26.5534513,0.03413443198290989
26.57185721,0.03224231326771954
26.57197094,0.02801556420233463
26.57204819,0.03263904783703365
26.58019614,0.03230334935530633
26.5803175,0.027527275501640344
26.59458399,0.03271534294651713
26.59466267,0.033493553063248645
26.5986383,0.027222095063706417
26.59868765,0.030014496070801863
26.61311507,0.03504997329671168
26.61323595,0.029282063019760433
26.63670826,0.029053177691309988
26.63678408,0.03407339589532311
26.64995265,0.028992141603723202
26.65007281,0.026382848859388113
26.65014887,0.035706111238269625
26.66434765,0.03843747615777829
26.66442418,0.040039673456931414
26.66446948,0.052429999237048906
26.66452241,0.05467307545586328
26.67309093,0.04322880903334096
26.67317629,0.036697947661554896
26.69667006,0.02967879758907454
26.69673467,0.02136263065537499
26.69677091,0.025818265049210344
26.69680643,0.03259327077134356
26.69683981,0.028122377355611506
26.69687462,0.028473334859235522
26.71192956,0.03364614328221561
26.7120502,0.029571984435797664
26.71212864,0.0277103837644007
26.72463822,0.03373769741359579
26.72467399,0.03143358510719463
26.75270629,0.027603570611123826
26.75273108,0.03312733653772793
26.7527535,0.03175402456702525
26.75277567,0.026657511253528648
26.7626164,0.03204394598306248
26.76264,0.034699015793087665
26.77060723,0.028580148012512397
26.77063155,0.030411230640115968
26.77065444,0.03384451056687266
26.78166151,0.02912947280079347
26.78168607,0.029694056610971235
26.7846601,0.03445487144274052
26.78468466,0.030243381399252308
26.80860066,0.028702220187685968
26.80862498,0.03543144884412909
26.80864787,0.03125047684443427
26.808671,0.028671702143892575
26.82367921,0.03607232776379034
26.82370543,0.03511100938429847
26.82857633,0.028900587472343024
26.83489943,0.03295948729686427
26.84896302,0.03543144884412909
26.8490932,0.029922941939421684
26.8560729,0.032227054245822846
26.8562088,0.03543144884412909
26.87902904,0.031448844129091325
26.87913418,0.03204394598306248
26.87921357,0.03773556115053025
26.87928319,0.033279926756694896
26.88882709,0.030762188143739988
26.88901162,0.03660639353017472
26.89766622,0.033783474479285876
26.89774323,0.029877164873731595
26.90348125,0.034821087968261236
26.91695738,0.034653238727397576
26.91703653,0.03125047684443427
26.92968726,0.034485389486533916
26.92976308,0.03547722590981918
26.94369531,0.029434653238727397
26.94376779,0.03205920500495918
26.94382262,0.0362706950484474
26.94387531,0.030304417486839094
26.9588089,0.029144731822690166
26.95891786,0.03517204547188525
26.96763563,0.030731670099946592
26.96770144,0.02868696116578927
26.96774936,0.03433279926756695
26.98608851,0.031326771953917754
26.98620939,0.026825360494392308
27.00871277,0.03250171663996338
27.00879931,0.03167772945754177
27.00885415,0.026749065384908826
27.00890422,0.031998168917372394
27.01166558,0.03398184176394293
27.01173663,0.027512016479743648
27.01986361,0.02946517128252079
27.01993489,0.03335622186617838
27.04608274,0.02827496757457847
27.04620409,0.028580148012512397
27.04628134,0.03358510719462882
27.05310059,0.028747997253376057
27.05322027,0.02801556420233463
27.06667328,0.034195468070496685
27.06673694,0.030975814450293737
27.06677318,0.02716105897611963
27.0668087,0.032318608377203024
27.0766561,0.03262378881513695
27.07671642,0.027603570611123826
27.09113812,0.031097886625467308
27.09125805,0.03204394598306248
27.11393642,0.027725642786297397
27.11405373,0.030502784771496146
27.11413026,0.03393606469825284
27.11986685,0.02832074464026856
27.12667012,0.02784771496147097
27.12674618,0.032867933165484094
27.13256717,0.02925154497596704
27.13261366,0.02673380636301213
27.14661312,0.032608529793240255
27.14666128,0.030579079880979628
27.15182471,0.026626993209735255
27.15193295,0.032394903486686506
27.17468953,0.03189135576409552
27.17477632,0.02639810788128481
27.17692161,0.030457007705806057
27.18587232,0.032898451209277486
27.18600941,0.027100022888532846
27.1860857,0.02844281681544213
27.18615532,0.033371480888075074
27.19970226,0.029358358129243915
27.19978881,0.029053177691309988
27.21411777,0.034241245136186774
27.21430397,0.02954146639200427
27.2196722,0.026581216144045166
27.21974277,0.033279926756694896
27.24366665,0.031494621194781414
27.24373436,0.026260776684214542
27.24377775,0.03245593957427329
27.25974512,0.033035782406347754
27.25981021,0.02746623941405356
27.27368379,0.030853742275120166
27.27373624,0.03302052338445106
27.27377391,0.027649347676813915
27.27380753,0.02981612878614481
27.28007221,0.034531166552224005
27.28019333,0.028458075837338826
27.29365659,0.027725642786297397
27.29372644,0.03375295643549248
27.32191014,0.030121309224078737
27.32203293,0.027908751049057757
27.32210875,0.0341039139391165
27.32217669,0.031784542610818645
27.32224798,0.02725261310749981
27.32231545,0.032272831311512935
27.32238173,0.03213550011444266
27.33167577,0.027176317998016328
27.33173537,0.0315556572823682
27.35770679,0.033997100785839625
27.35780144,0.027817196917677575
27.35784841,0.02970931563286793
27.35789084,0.033707179369802394
27.37166882,0.028625925078202486
27.37173223,0.02822919050888838
27.37177634,0.034195468070496685
27.37998104,0.03065537499046311
27.38007808,0.02848859388113222
27.38909316,0.03389028763256275
27.38921261,0.03193713282978561
27.40292144,0.028030823224231328
27.40299916,0.03347829404135195
27.41710281,0.034363317311360345
27.41722274,0.029266803997863737
27.43208909,0.03187609674219882
27.43216586,0.03439383535515374
27.43865299,0.028503852903028915
27.43871212,0.030090791180285344
27.43875766,0.03347829404135195
27.44303322,0.027862973983367668
27.44308949,0.029266803997863737
27.45667148,0.03485160601205463
27.46962285,0.03006027313649195
27.4696691,0.0272983901731899
27.46970129,0.03292896925307088
27.47960973,0.03096055542839704
27.47963667,0.026413366903181506
27.49264765,0.031448844129091325
27.49860454,0.032944228274967575
27.49864697,0.02793926909285115
27.49867606,0.03131151293202106
27.50460625,0.032867933165484094
27.51366496,0.02801556420233463
27.51369023,0.03288319218738079
27.52759743,0.042038605325398645
27.52762151,0.043427176317998015
27.54161692,0.049729152361333635
27.54164147,0.055237659266041045
27.55515027,0.04219119554436561
27.55669236,0.028992141603723202
27.55675554,0.027618829633020522
27.56961775,0.025391012436102846
27.56966615,0.023956664377813384
27.5716114,0.031158922713054094
27.5797236,0.03170824750133516
27.57982349,0.0264438849469749
27.59366488,0.029968719005111773
27.59374046,0.03334096284428168
27.6076808,0.028091859311818113
27.60774708,0.029800869764248113
27.61292744,0.03393606469825284
27.61302066,0.02873273823147936
27.62118268,0.0281528953994049
27.62130666,0.0340886549172198
27.63371634,0.030075532158388648
27.63379455,0.027725642786297397
27.63384223,0.033997100785839625
27.65885162,0.032028686961165787
27.6589191,0.026764324406805522
27.67268252,0.03288319218738079
27.67274618,0.033707179369802394
27.68713665,0.02848859388113222
27.68725824,0.031738765545128556
27.69271851,0.03434805828946365
27.69279456,0.028747997253376057
27.69284129,0.030411230640115968
27.69288397,0.03521782253757534
27.70165634,0.030457007705806057
27.70171738,0.030411230640115968
27.7257545,0.03573662928206302
27.72584271,0.03201342793926909
27.72588873,0.029312581063553826
27.74983859,0.035080491340505074
27.74994206,0.03314259555962463
27.75001693,0.029221026932173648
27.75008726,0.03463797970550088
27.75277162,0.03602655069810025
27.75287318,0.030548561837186235
27.752949,0.032608529793240255
27.75302148,0.03663691157396811
27.76348662,0.03163195239185168
27.7635603,0.03262378881513695
27.76767945,0.03671320668345159
27.79162407,0.03137254901960784
27.79166818,0.030945296406500344
27.79170179,0.03706416418707561
27.79173136,0.032562752727550166
27.8015933,0.029312581063553826
27.80968237,0.03533989471274891
27.80974054,0.03389028763256275
27.82390642,0.02946517128252079
27.82399654,0.034409094377050434
27.82404375,0.03385976958876936
27.82864666,0.027725642786297397
27.84992766,0.030762188143739988
27.85265446,0.03447013046463722
27.85268998,0.029327840085450523
27.86466527,0.030075532158388648
27.86473584,0.03389028763256275
27.86662292,0.028885328450446328
27.86665702,0.02810711833371481
27.87461758,0.0332494087129015
27.87465906,0.029907682917524988
27.88907337,0.027023727779049364
27.88921022,0.03288319218738079
27.9129231,0.030746929121843288
27.91308546,0.026794842450598915
27.91316199,0.0324254215304799
27.91996598,0.03205920500495918
27.92006207,0.027054245822842757
27.92863774,0.030853742275120166
27.92869902,0.0324101625085832
27.93761706,0.02746623941405356
27.93767571,0.029907682917524988
27.94260621,0.034241245136186774
27.94265699,0.029312581063553826
27.95668936,0.028366521705958648
27.9567678,0.03352407110704204
27.96959853,0.02963302052338445
27.96964884,0.02699320973525597
27.97663403,0.03321889066910811
27.99078178,0.031143663691157397
27.99086189,0.026047150377660793
27.99090695,0.03146410315098802
27.99095154,0.03225757228961624
28.00462294,0.026428625925078202
28.00468707,0.02970931563286793
28.01183438,0.033447775997558556
28.01194239,0.027344167238879988
28.02576447,0.0294193942168307
28.02583289,0.03309681849393454
28.03866053,0.02887006942854963
28.03872204,0.028412298771648737
28.03876901,0.03350881208514534
28.04502511,0.02946517128252079
28.04508615,0.026947432669565882
28.06971908,0.0328526741435874
28.06979465,0.030807965209430077
28.07160497,0.026367589837491417
28.07164192,0.03179980163271534
28.07167506,0.03215075913633936
28.07170868,0.026413366903181506
28.09667349,0.029068436713206684
28.09674931,0.03254749370565347
28.09679508,0.028763256275272753
28.096838,0.029968719005111773
28.09688091,0.0332494087129015
28.11566424,0.02742046234836347
28.12494183,0.02822919050888838
28.12507153,0.03445487144274052
28.1336062,0.030472266727702754
28.13365555,0.02713054093232624
28.13368845,0.03250171663996338
28.15767312,0.03091477836270695
28.15770125,0.026428625925078202
28.17203498,0.031830319676508734
28.17206669,0.03254749370565347
28.17776704,0.02681010147249561
28.17780542,0.030334935530632486
28.20164919,0.03317311360341802
28.20171833,0.027405203326466773
28.20175171,0.028854810406652935
28.20178437,0.033447775997558556
28.21158051,0.028946364538033113
28.21163011,0.028244449530785077
28.22574401,0.03392080567635614
28.22581458,0.030563820859082932
28.22585583,0.02865644312199588
28.22589445,0.03433279926756695
28.24708343,0.032227054245822846
28.24712968,0.027008468757152668
28.2471621,0.033066300450141146
28.24719191,0.0357976653696498
28.24722075,0.029190508888380255
28.25736952,0.03096055542839704
28.25742364,0.03346303501945525
28.2790122,0.028030823224231328
28.27907133,0.029449912260624093
28.27910423,0.03384451056687266
28.27913594,0.028122377355611506
28.28869295,0.02681010147249561
28.28874874,0.033493553063248645
28.29768348,0.030411230640115968
28.29773521,0.02713054093232624
28.30266881,0.03266956588082704
28.31661558,0.030731670099946592
28.31665611,0.026703288319218737
28.32267427,0.03187609674219882
28.32273793,0.031998168917372394
28.35671139,0.026367589837491417
28.35678267,0.03031967650873579
28.35682678,0.035202563515678645
28.35687065,0.031998168917372394
28.35859609,0.039124132143129625
28.35862231,0.05195696955825132
28.36481285,0.051926451514457926
28.36490464,0.04582284275577935
28.37460995,0.04026855878538186
28.37465429,0.027649347676813915
28.37468767,0.022003509575036242
28.39889073,0.02848859388113222
28.39904928,0.029098954757000077
28.40765548,0.02578774700541695
28.40771461,0.030975814450293737
28.4117775,0.032028686961165787
28.41183877,0.0268711375600824
28.41964602,0.030380712596322575
28.41970229,0.03343251697566186
28.43362808,0.027832455939574275
28.43369079,0.028992141603723202
28.43374205,0.034195468070496685
28.45076466,0.029526207370107575
28.4507935,0.027771419851987486
28.47263479,0.03376821545738918
28.47703528,0.03189135576409552
28.4770813,0.028534370946822308
28.47711515,0.03385976958876936
28.47714567,0.03204394598306248
28.48668051,0.026657511253528648
28.48682737,0.03271534294651713
28.48688555,0.034607461661707486
28.50309324,0.028580148012512397
28.503124,0.031525139238574806
28.51611686,0.034317540245670256
28.51615977,0.029159990844586862
28.52910566,0.03091477836270695
28.52922845,0.03561455710688945
28.53466582,0.03048752574959945
28.53473282,0.02989242389562829
28.54408407,0.03602655069810025
28.54414558,0.0324254215304799
28.5546298,0.0294193942168307
28.55467224,0.034531166552224005
28.56470394,0.033997100785839625
28.56475973,0.03100633249408713
28.57854033,0.03561455710688945
28.60166144,0.03639276722362097
28.60173035,0.031021591515983826
28.60176778,0.03407339589532311
28.60180163,0.03688105592431525
28.61664915,0.031280994888227664
28.6166923,0.032318608377203024
28.61672544,0.03682001983672847
28.61675787,0.03146410315098802
28.64169765,0.031067368581673915
28.64177489,0.03631647211413749
28.64182043,0.033157854581521325
28.64186287,0.03022812237735561
28.64190412,0.035324635690852216
28.65461898,0.03334096284428168
28.65466666,0.027832455939574275
28.65668416,0.03189135576409552
28.6567409,0.03530937666895552
28.66971755,0.029953459983215077
28.66979384,0.03170824750133516
28.67811322,0.03355458915083543
28.67815351,0.027924010070954453
28.68397522,0.0298619058518349
28.68401623,0.033875028610666054
28.70769572,0.02868696116578927
28.70775867,0.028366521705958648
28.7078042,0.033875028610666054
28.70784473,0.030075532158388648
28.70788479,0.027481498435950255
28.72261763,0.033112077515831236
28.72264814,0.03131151293202106
28.7316637,0.026626993209735255
28.73172379,0.0324101625085832
28.74464202,0.03297474631876097
28.7446785,0.027786678873884182
28.75969982,0.03091477836270695
28.75972533,0.034241245136186774
28.77261615,0.02844281681544213
28.772645,0.029480430304417486
28.77266932,0.034363317311360345
28.77761102,0.029068436713206684
28.77763867,0.028259708552681773
28.79166365,0.03418020904859999
28.7916894,0.029877164873731595
28.80062413,0.02681010147249561
28.82385778,0.033066300450141146
28.82399416,0.03164721141374838
28.82407117,0.027023727779049364
28.82414341,0.03187609674219882
28.82421184,0.032440680552376595
28.83860922,0.026825360494392308
28.8386395,0.031036850537880523
28.84368849,0.033279926756694896
28.84373403,0.027237354085603113
28.85793185,0.029098954757000077
28.85804105,0.03462272068360418
28.87168503,0.029190508888380255
28.87176204,0.027862973983367668
28.88367867,0.033707179369802394
28.8837502,0.029907682917524988
28.89791679,0.027100022888532846
28.89803958,0.033203631647211414
28.89811444,0.032227054245822846
28.89818358,0.0272983901731899
28.89825106,0.031784542610818645
28.91271687,0.03262378881513695
28.91279578,0.02720683604180972
28.93677282,0.030136568245975433
28.93684912,0.03314259555962463
28.93689466,0.028137636377508202
28.93693709,0.02958724345769436
28.9619019,0.03439383535515374
28.96202445,0.029785610742351417
28.96210051,0.02822919050888838
28.96217084,0.03358510719462882
28.96375275,0.030807965209430077
28.96380401,0.02763408865491722
28.96865749,0.03373769741359579
28.98268223,0.032364385442893114
28.9827559,0.02754253452353704
28.9970572,0.03250171663996338
28.99717832,0.03309681849393454
29.00970674,0.02754253452353704
29.00978208,0.030579079880979628
29.01165724,0.03393606469825284
29.01171684,0.028427557793545433
29.01970029,0.029999237048905166
29.01977086,0.03529411764705882
29.0336802,0.03006027313649195
29.03375697,0.029434653238727397
29.03971744,0.03620965896086061
29.05507135,0.03308155947203784
29.05519485,0.028763256275272753
29.07776451,0.03401235980773632
29.07782936,0.03254749370565347
29.07787466,0.027481498435950255
29.07790875,0.03291371023117418
29.0981071,0.033951323720149536
29.09813285,0.027435721370260166
29.09815621,0.030289158464942397
29.09817958,0.03364614328221561
29.10662794,0.027313649195086595
29.10665727,0.029663538567177843
29.10668159,0.03445487144274052
29.11724305,0.02839703974975204
29.13104773,0.028503852903028915
29.1311996,0.034912642099641414
29.13127732,0.03125047684443427
29.13462043,0.027313649195086595
29.13466001,0.032562752727550166
29.1436131,0.031784542610818645
29.1577189,0.028213931486991684
29.15780663,0.037293049515526054
29.1578505,0.04473945220111391
29.16375184,0.04611276417181659
29.16379094,0.05250629434653239
29.18394899,0.05146868085755703
29.18402839,0.035324635690852216
29.18408537,0.026047150377660793
29.19666195,0.02716105897611963
29.19668579,0.024444953078507668
29.20459771,0.02618448157473106
29.20462847,0.0336919203479057
29.21360707,0.03131151293202106
29.21363139,0.02742046234836347
29.22294521,0.032730601968413826
29.22297144,0.0315556572823682
29.24859667,0.026764324406805522
29.24862814,0.0319829098954757
29.26770377,0.033234149691004806
29.26777029,0.027405203326466773
29.26780677,0.030930037384603648
29.2678442,0.03439383535515374
29.26959205,0.029282063019760433
29.26964092,0.0290074006256199
29.27866578,0.03476005188067445
29.2787261,0.03088426031891356
29.2880497,0.029236285954070344
29.28812075,0.0345616845960174
29.31168222,0.031021591515983826
29.31175184,0.02763408865491722
29.31179261,0.03305104142824445
29.31183052,0.0332646677347982
29.31186748,0.029449912260624093
29.32709193,0.03422598611429008
29.32721519,0.034866865033951325
29.33308244,0.028946364538033113
29.3332119,0.031738765545128556
29.34667277,0.03518730449378195
29.34673452,0.030167086289768826
29.3607657,0.03219653620202945
29.36085248,0.03749141680018311
29.37365723,0.03254749370565347
29.37372327,0.030823224231326773
29.37376881,0.03694209201190204
29.37962461,0.03401235980773632
29.37967443,0.030304417486839094
29.4047339,0.03573662928206302
29.40480876,0.03511100938429847
29.40764284,0.030045014114595255
29.40770245,0.034363317311360345
29.41164565,0.036041809719996945
29.41170573,0.031021591515983826
29.4347558,0.033234149691004806
29.43483162,0.03651483939879454
29.4366529,0.03100633249408713
29.43671203,0.03147936217288472
29.43675709,0.03671320668345159
29.44462919,0.031158922713054094
29.45890379,0.028992141603723202
29.45904064,0.035828183413443196
29.45911622,0.0324254215304799
29.46765304,0.028137636377508202
29.46769524,0.03305104142824445
29.49263,0.03279163805600061
29.49265981,0.027176317998016328
29.50166249,0.031998168917372394
29.50171375,0.03364614328221561
29.50173998,0.02681010147249561
29.50176406,0.03060959792477302
29.50393629,0.03466849774929427
29.52061081,0.028641184100099183
29.52063584,0.028580148012512397
29.52815485,0.03335622186617838
29.52827621,0.0290074006256199
29.55161762,0.027267872129396506
29.55164719,0.03341725795376516
29.56466532,0.03096055542839704
29.56468916,0.027313649195086595
29.56471229,0.03314259555962463
29.56473446,0.03210498207064927
29.5786345,0.026901655603875793
29.57866287,0.03138780804150454
29.57868695,0.03262378881513695
29.57871032,0.027771419851987486
29.59410453,0.03100633249408713
29.59422708,0.033783474479285876
29.60767531,0.02749675745784695
29.60776162,0.02868696116578927
29.62176847,0.0340886549172198
29.62186956,0.029480430304417486
29.6219461,0.02746623941405356
29.62201571,0.0332646677347982
29.63232923,0.0302738994430457
29.63249731,0.02656595712214847
29.63768601,0.03263904783703365
29.64669895,0.03204394598306248
29.64675403,0.02664225223163195
29.66976714,0.03088426031891356
29.66984367,0.032272831311512935
29.67166948,0.027344167238879988
29.67172861,0.03044174868390936
29.67966533,0.033401998931868467
29.67972398,0.027389944304570077
29.68469763,0.028931105516136417
29.68476868,0.03390554665445945
29.70980573,0.02868696116578927
29.70988035,0.027481498435950255
29.71164846,0.03280689707789731
29.71170759,0.031036850537880523
29.71174741,0.027557793545433737
29.73661494,0.03233386739909972
29.7366457,0.031448844129091325
29.73667097,0.026947432669565882
29.73669481,0.03138780804150454
29.74361992,0.03300526436255436
29.7436614,0.02699320973525597
29.75285983,0.02951094834821088
29.75295711,0.033707179369802394
29.76691031,0.02754253452353704
29.76712537,0.028473334859235522
29.76720405,0.034164950026703285
29.7916317,0.029190508888380255
29.79166317,0.027267872129396506
29.79168916,0.03347829404135195
29.791713,0.030563820859082932
29.80684042,0.026886396581979097
29.80957079,0.03271534294651713
29.80961847,0.031952391851682305
29.82164168,0.026825360494392308
29.8217206,0.03134203097581445
29.84464955,0.03334096284428168
29.8447535,0.026932173647669186
29.84479976,0.029800869764248113
29.84658194,0.034866865033951325
29.8466208,0.028366521705958648
29.85970283,0.02981612878614481
29.85981274,0.035248340581368734
29.8659091,0.03117418173495079
29.8659997,0.030212863355458915
29.87869573,0.035385671778439
29.87878156,0.031616693369954985
29.89270759,0.02742046234836347
29.89281964,0.032867933165484094
29.9060576,0.032608529793240255
29.90618062,0.027450980392156862
29.90625811,0.0311284046692607
29.90959907,0.032166018158236054
29.90965199,0.0264438849469749
29.92362261,0.02954146639200427
29.92371154,0.03335622186617838
29.93307519,0.02713054093232624
29.93321323,0.028122377355611506
29.94666815,0.034164950026703285
29.94675517,0.029663538567177843
29.97083974,0.027878233005264364
29.97097588,0.03385976958876936
29.97105169,0.030182345311665523
29.97112107,0.026901655603875793
29.9711895,0.03512626840619516
29.97970128,0.03869687953002213
29.97977686,0.03909361409933623
29.98864126,0.05069047074082551
29.98871398,0.05403219653620203
30.00303364,0.04132143129625391
30.00319624,0.03346303501945525
30.01768446,0.029922941939421684
30.01776123,0.021988250553139545
30.02363777,0.024048218509193562
30.0237093,0.03160143434805829
30.03291392,0.02851911192492561
30.03303576,0.025345235370412757
30.03311276,0.03230334935530633
30.05809689,0.031189440756847486
30.05815458,0.027603570611123826
30.05818701,0.03187609674219882
30.05821705,0.03150988021667811
30.07301426,0.026413366903181506
30.07305503,0.03141832608529793
30.0817771,0.03393606469825284
30.0818162,0.027832455939574275
30.0865798,0.029953459983215077
30.08660483,0.033707179369802394
30.10401702,0.027481498435950255
30.10404229,0.028900587472343024
30.10406566,0.034439612420843826
30.11861324,0.02993820096131838
30.15297771,0.027649347676813915
30.15306401,0.03308155947203784
30.15311027,0.03060959792477302
30.15315247,0.027603570611123826
30.15891337,0.03288319218738079
30.15902114,0.03288319218738079
30.15909767,0.027435721370260166
30.15916753,0.03250171663996338
30.17303109,0.03471427481498436
30.1731689,0.028259708552681773
30.17324662,0.03201342793926909
30.18665123,0.03634699015793088
30.1867218,0.030457007705806057
30.20967174,0.030075532158388648
30.20976233,0.035492484931715876
30.21262145,0.031326771953917754
30.21268106,0.03065537499046311
30.21668768,0.0366826886396582
30.21674752,0.03338673990997177
30.21679401,0.029449912260624093
30.21683669,0.034607461661707486
30.23192549,0.033157854581521325
30.23204875,0.02958724345769436
30.23212314,0.03437857633325704
30.2586503,0.03500419623102159
30.25871086,0.029556725413900968
30.25874257,0.03170824750133516
30.25877166,0.03523308155947204
30.26698709,0.028976882581826506
30.2670598,0.029114213778896773
30.27460885,0.03437857633325704
30.27467656,0.03053330281528954
30.28868794,0.028458075837338826
30.288764,0.03356984817273213
30.30590916,0.030334935530632486
30.30604553,0.02630655374990463
30.30612159,0.03141832608529793
30.31970668,0.03126573586633097
30.31978154,0.02583352407110704
30.32882333,0.029312581063553826
30.32892132,0.03158617532616159
30.329,0.026169222552834364
30.32907057,0.028198672465094988
30.34365034,0.031570916304264895
30.34373498,0.0264438849469749
30.35265017,0.027512016479743648
30.3527112,0.032898451209277486
30.37668252,0.02839703974975204
30.37674522,0.026001373311970704
30.37679148,0.031692988479438466
30.37683392,0.028366521705958648
30.3768754,0.02447547112230106
30.39169598,0.03131151293202106
30.3917551,0.03134203097581445
30.40969157,0.025238422217135882
30.40975714,0.0294193942168307
30.41165376,0.0311284046692607
30.41170597,0.02575722896162356
30.43593383,0.02810711833371481
30.43605566,0.031998168917372394
30.43613076,0.02583352407110704
30.43620658,0.02597085526817731
30.43627501,0.031280994888227664
30.4620645,0.026703288319218737
30.4620986,0.024780651560234988
30.46212363,0.03105210955977722
30.46214819,0.028412298771648737
30.46403694,0.02406347753109026
30.46406126,0.029358358129243915
30.48961568,0.028992141603723202
30.48964143,0.02392614633401999
30.50959539,0.02861066605630579
30.51461864,0.030869001297016863
30.51465821,0.02485694666971847
30.51468539,0.026657511253528648
30.52668333,0.030716411078049895
30.52676225,0.024505989166094453
30.52681828,0.025650415808346684
30.52686906,0.0315556572823682
30.54166532,0.02696269169146258
30.54175043,0.02485694666971847
30.55472493,0.03053330281528954
30.5547812,0.027176317998016328
30.56603217,0.023819333180743113
30.56607509,0.02937361715114061
30.5719583,0.0294193942168307
30.5719986,0.023727779049362935
30.57203031,0.027954528114747846
30.59874511,0.03031967650873579
30.59880948,0.02406347753109026
30.60590148,0.025574120698863202
30.6060524,0.030991073472190434
30.60613132,0.025741969939726862
30.60620332,0.025314717326619364
30.62827754,0.03048752574959945
30.62832618,0.02594033722438392
30.65265083,0.023422598611429007
30.65271163,0.029968719005111773
30.65274477,0.027725642786297397
30.65277457,0.023178454261081866
30.65280318,0.028854810406652935
30.66259074,0.028702220187685968
30.66262078,0.023422598611429007
30.66264558,0.028213931486991684
30.66266847,0.030182345311665523
30.66703439,0.025467307545586328
30.66707993,0.027481498435950255
30.68964052,0.031494621194781414
30.68967652,0.02627603570611124
30.69316602,0.026291294728007935
30.69319987,0.03187609674219882
30.70597696,0.026581216144045166
30.70609903,0.024002441443503473
30.70617604,0.0298619058518349
30.71168733,0.027344167238879988
30.71176267,0.023697261005569542
30.72157955,0.028381780727855344
30.72161365,0.027908751049057757
30.74771667,0.022369726100556955
30.74778962,0.026550698100251773
30.77190089,0.029236285954070344
30.77197289,0.023361562523842222
30.77201867,0.025238422217135882
30.77205276,0.0290074006256199
30.77362776,0.024078736552986955
30.77365828,0.0243076218814374
30.78161693,0.029953459983215077
30.78761315,0.02520790417334249
30.78763866,0.02255283436331731
30.78766155,0.030014496070801863
30.81267619,0.03006027313649195
30.81276393,0.0307011520561532
30.81281018,0.04336614023041123
30.81285524,0.04940871290150301
30.82261968,0.04205386434729534
30.82267165,0.03727779049362936
30.83168316,0.02912947280079347
30.831743,0.017288471808957047
30.83178544,0.020645456626230258
30.84666038,0.027679865720607308
30.84676051,0.02333104448004883
30.86160111,0.023422598611429007
30.86164069,0.028702220187685968
30.87573528,0.024704356450751506
30.87582183,0.022461280231937133
30.88468218,0.028763256275272753
30.88474798,0.027283131151293202
30.89362049,0.022171358815899902
30.89366508,0.027725642786297397
30.89870548,0.02827496757457847
30.89877939,0.023041123064011598
30.89883471,0.026977950713359275
30.91371799,0.029434653238727397
30.91379356,0.023422598611429007
30.93173742,0.025467307545586328
30.93180871,0.030045014114595255
30.93812609,0.024628061341268024
30.93824768,0.02366674296177615
30.94370103,0.029922941939421684
30.94376659,0.02681010147249561
30.95302749,0.023895628290226595
30.95307827,0.029785610742351417
30.96164465,0.02775616083009079
30.96169376,0.023559929808499275
30.96795487,0.0290074006256199
30.99163795,0.029526207370107575
30.99168134,0.024109254596780347
30.991714,0.026794842450598915
30.99174547,0.031616693369954985
31.00196958,0.027954528114747846
31.00202298,0.02912947280079347
31.00964999,0.032532234683756774
31.00970984,0.026626993209735255
31.02865672,0.02716105897611963
31.02870727,0.032990005340657665
31.02873755,0.028763256275272753
31.02876616,0.02583352407110704
31.03161454,0.03150988021667811
31.0551219,0.029388876173037308
31.05515718,0.02610818646524758
31.05961943,0.03117418173495079
31.0596621,0.030212863355458915
31.06702209,0.025070572976272222
31.06704926,0.029480430304417486
31.07964873,0.030945296406500344
31.07968378,0.02532997634851606
31.08661938,0.02784771496147097
31.08665156,0.032730601968413826
31.10206795,0.02652018005645838
31.10209489,0.025024795910582133
31.12363887,0.030212863355458915
31.12367034,0.02639810788128481
31.13683724,0.024338139925230793
31.13691854,0.030304417486839094
31.14476728,0.027832455939574275
31.14483237,0.02307164110780499
31.16899824,0.028030823224231328
31.16911125,0.02801556420233463
31.16918826,0.023147936217288473
31.16925716,0.02784771496147097
31.17295289,0.02958724345769436
31.17308688,0.02337682154573892
31.17316484,0.024963759822995348
31.18675423,0.030716411078049895
31.18681812,0.025268940260929275
31.18684936,0.025024795910582133
31.19277835,0.03060959792477302
31.1928103,0.026367589837491417
31.20221233,0.02320897230487526
31.20224071,0.02917524986648356
31.20976782,0.028259708552681773
31.20980716,0.02418554970626383
31.2236197,0.02896162355992981
31.22364759,0.028854810406652935
31.24761558,0.023422598611429007
31.24764585,0.027267872129396506
31.24767137,0.029785610742351417
31.24769592,0.02392614633401999
31.25562406,0.02597085526817731
31.25566125,0.030121309224078737
31.26897764,0.02459754329747463
31.26907492,0.024780651560234988
31.27594519,0.0315556572823682
31.27603459,0.02716105897611963
31.29863667,0.023422598611429007
31.29868817,0.029968719005111773
31.29872251,0.028213931486991684
31.29875517,0.023422598611429007
31.2987864,0.029114213778896773
31.31396031,0.029953459983215077
31.31402326,0.02418554970626383
31.32271123,0.02798504615854124
31.32276416,0.030182345311665523
31.33162403,0.02491798275730526
31.33166575,0.027222095063706417
31.3571229,0.03187609674219882
31.35724521,0.02610818646524758
31.35868692,0.02532997634851606
31.35873437,0.030945296406500344
31.36362576,0.02742046234836347
31.36367559,0.02442969405661097
31.36961818,0.030670634012359806
31.39478779,0.029236285954070344
31.39489889,0.02542153047989624
31.39660525,0.03079270618753338
31.39665341,0.03091477836270695
31.43406081,0.024780651560234988
31.43414831,0.02861066605630579
31.43419814,0.031448844129091325
31.43424582,0.0255893797207599
31.44781375,0.02746623941405356
31.44788074,0.03193713282978561
31.45793152,0.026901655603875793
31.45805073,0.0264438849469749
31.45813036,0.03271534294651713
31.46361184,0.028625925078202486
31.46365023,0.02578774700541695
31.48298597,0.03205920500495918
31.48301458,0.030075532158388648
31.48303866,0.025146868085755704
31.48306203,0.030716411078049895
31.48308516,0.03146410315098802
31.48310781,0.025268940260929275
31.50899696,0.029053177691309988
31.50902867,0.033493553063248645
31.50905299,0.028046082246128024
31.50907636,0.028976882581826506
31.50909972,0.03373769741359579
31.51961732,0.028625925078202486
31.51964188,0.028763256275272753
31.55086565,0.03535515373464561
31.55096698,0.031097886625467308
31.56167102,0.026886396581979097
31.56169963,0.03292896925307088
31.56959462,0.03131151293202106
31.56961918,0.027222095063706417
31.5726018,0.03213550011444266
31.57263112,0.032532234683756774
31.5726552,0.026947432669565882
31.57267833,0.030212863355458915
31.60380912,0.032867933165484094
31.6038878,0.026977950713359275
31.60688519,0.028046082246128024
31.60699344,0.03295948729686427
31.6138351,0.027573052567330433
31.61390805,0.02696269169146258
31.63770294,0.033157854581521325
31.63778925,0.030045014114595255
31.66470337,0.026626993209735255
31.66479325,0.0324254215304799
31.66664982,0.03224231326771954
31.6667161,0.029953459983215077
31.66677356,0.03949034866865034
31.67695236,0.04643320363164721
31.67701125,0.04676890211337453
31.69666457,0.05087357900358587
31.69673157,0.046082246128023197
31.73871279,0.029190508888380255
31.73878956,0.023361562523842222
31.73883724,0.028122377355611506
31.7388885,0.025391012436102846
31.74163866,0.027069504844739453
31.74169397,0.033493553063248645
31.76170444,0.029159990844586862
31.76178288,0.026657511253528648
31.76976895,0.03317311360341802
31.81920648,0.031158922713054094
31.81932521,0.026626993209735255
31.82064009,0.032272831311512935
31.82068682,0.03233386739909972
31.82287312,0.027191577019913024
31.82299256,0.031784542610818645
31.8230691,0.03434805828946365
31.82312179,0.028030823224231328
31.83455157,0.0294193942168307
31.83463097,0.033997100785839625
31.83859348,0.029663538567177843
31.83864617,0.02925154497596704
31.83869004,0.035080491340505074
31.85661554,0.030823224231326773
31.85663962,0.02713054093232624
31.8596108,0.03483634699015793
31.85963416,0.034119172961013196
31.86156082,0.029068436713206684
31.87662005,0.03390554665445945
31.87669277,0.03483634699015793
31.87674832,0.02951094834821088
31.87959552,0.03385976958876936
31.87963271,0.03689631494621195
31.88159513,0.030380712596322575
31.88161922,0.03250171663996338
31.94268441,0.03805600061036087
31.94277287,0.03280689707789731
31.94462609,0.031570916304264895
31.94467521,0.037949187457084
31.94471073,0.034119172961013196
31.94961047,0.031097886625467308
31.96923542,0.03904783703364614
31.96932077,0.03694209201190204
31.96936703,0.03143358510719463
31.96940899,0.03642328526741436
31.96945071,0.03797970550087739
31.96949172,0.03247119859616999
31.96955204,0.0362706950484474
31.96959472,0.03830014496070802
31.96963501,0.032318608377203024
31.97178245,0.03314259555962463
31.97183299,0.03767452506294346
32.03271461,0.033035782406347754
32.03278017,0.03259327077134356
32.03764677,0.036621652552071414
32.03769326,0.033112077515831236
32.04270744,0.030045014114595255
32.04276252,0.03596551461051346
32.06672263,0.033829251544975965
32.06680655,0.028503852903028915
32.07412219,0.0332646677347982
32.08167171,0.033875028610666054
32.08173394,0.029694056610971235
32.09071946,0.03300526436255436
32.09076667,0.03509575036240177
32.09564137,0.029236285954070344
32.09569097,0.0315556572823682
32.09573531,0.037079423208972305
32.09576941,0.0307011520561532
32.09765315,0.028717479209582664
32.0977006,0.03602655069810025
32.09774232,0.0328374151216907
32.09778261,0.0290074006256199
32.09963274,0.03447013046463722
32.10163546,0.03352407110704204
32.10168004,0.028854810406652935
32.10172105,0.033661402304112305
32.10176134,0.034576943617914094
32.11169887,0.028976882581826506
32.11177135,0.03189135576409552
32.11182642,0.035828183413443196
32.11187768,0.030472266727702754
32.11697316,0.03138780804150454
32.11707091,0.03744563973449302
32.12400794,0.03125047684443427
32.12412691,0.029846646829938202
32.12420297,0.03656061646448463
32.12695479,0.03276112001220722
32.12701058,0.028717479209582664
32.14863229,0.03459220263981079
32.14866304,0.03372243839169909
32.14868808,0.02908369573510338
32.14871144,0.034119172961013196
32.15170264,0.03488212405584802
32.1517272,0.029144731822690166
32.15174937,0.0332494087129015
32.15177178,0.03616388189517052
32.17062879,0.030823224231326773
32.17065954,0.03146410315098802
32.20056415,0.03633173113603418
32.20065236,0.03105210955977722
32.20069838,0.02958724345769436
32.20075274,0.03543144884412909
32.20082211,0.031952391851682305
32.21159911,0.02832074464026856
32.21162772,0.03297474631876097
32.2116518,0.03364614328221561
32.21167493,0.031158922713054094
32.2226193,0.03544670786602579
32.22264528,0.03584344243533989
32.23159385,0.02925154497596704
32.2316215,0.03201342793926909
32.25710082,0.03607232776379034
32.25722551,0.030212863355458915
32.26868606,0.031189440756847486
32.26876378,0.03643854428931106
32.26881003,0.031189440756847486
32.26885223,0.029694056610971235
32.28326011,0.03518730449378195
32.28337049,0.03295948729686427
32.28795552,0.029495689326314183
32.2880559,0.03492790112153811
32.3017323,0.03418020904859999
32.3018086,0.029739833676661324
32.32612348,0.03483634699015793
32.3262465,0.03598077363241016
32.32632089,0.029221026932173648
32.3387599,0.03292896925307088
32.33884478,0.03616388189517052
32.33889151,0.029922941939421684
32.33893418,0.031616693369954985
32.355937,0.03797970550087739
32.35605955,0.03230334935530633
32.35613537,0.03044174868390936
32.35620475,0.03701838712138552
32.36470675,0.03384451056687266
32.36476827,0.02998397802700847
32.39290023,0.03633173113603418
32.40266442,0.035919737544823374
32.4027257,0.03022812237735561
32.40868258,0.034119172961013196
32.40873885,0.03602655069810025
32.41265082,0.02993820096131838
32.41269803,0.03295948729686427
32.4186995,0.03646906233310445
32.4187336,0.03002975509269856
32.41876268,0.030899519340810255
32.41879082,0.03556878004119936
32.43663716,0.030640115968566414
32.4366684,0.029449912260624093
32.44461465,0.035706111238269625
32.45865488,0.032654306858930345
32.45867968,0.02844281681544213
32.45870209,0.03472953383688106
32.45872426,0.03483634699015793
32.46740961,0.02975509269855802
32.46746469,0.0336919203479057
32.48162818,0.03533989471274891
32.48165846,0.03002975509269856
32.48705125,0.035706111238269625
32.48708916,0.04625009536888686
32.50964403,0.04847791256580453
32.5096817,0.05210955977721828
32.51273799,0.053528648813611045
32.51280284,0.03939879453727016
32.52711964,0.02784771496147097
32.52724051,0.02967879758907454
32.53437281,0.027267872129396506
32.53443837,0.02571145189593347
32.54698801,0.03338673990997177
32.54709411,0.03364614328221561
32.56970239,0.02848859388113222
32.56978893,0.032898451209277486
32.57163358,0.03352407110704204
32.57169127,0.028366521705958648
32.57173276,0.031830319676508734
32.58462882,0.035828183413443196
32.58466291,0.02981612878614481
32.58971715,0.0307011520561532
32.58978987,0.03706416418707561
32.6021359,0.032166018158236054
32.60217285,0.029999237048905166
32.62330031,0.0357976653696498
32.62343717,0.03210498207064927
32.62786078,0.02861066605630579
32.62800384,0.03511100938429847
32.63464212,0.03488212405584802
32.63471007,0.02951094834821088
32.63672018,0.034119172961013196
32.65068722,0.03559929808499275
32.65074587,0.029739833676661324
32.65284681,0.03291371023117418
32.65293074,0.03605706874189364
32.66670346,0.03208972304875257
32.66677856,0.033371480888075074
32.6828742,0.03797970550087739
32.68297458,0.032776379034103915
32.70671821,0.03181506065461204
32.70679402,0.03842221713588159
32.70683908,0.03511100938429847
32.70688152,0.03129625391012436
32.70692277,0.03765926604104677
32.7086401,0.03759822995345998
32.70870209,0.031692988479438466
32.72266483,0.03622491798275731
32.72269678,0.03810177767605097
32.73165607,0.032166018158236054
32.73168612,0.03434805828946365
32.75597119,0.03860532539864195
32.75609112,0.03335622186617838
32.7561655,0.032562752727550166
32.75623512,0.03846799420157168
32.78163385,0.03309681849393454
32.7816658,0.030823224231326773
32.78169084,0.03887998779278248
32.78422713,0.03527885862516213
32.78425264,0.03039597161821927
32.78961682,0.0358129243915465
32.78964186,0.034988937209124896
32.81368732,0.0290074006256199
32.8137114,0.033157854581521325
32.81373382,0.03489738307774472
32.81375623,0.028946364538033113
32.82361937,0.03160143434805829
32.82364488,0.03616388189517052
32.82961655,0.030182345311665523
32.82964063,0.02989242389562829
32.85109854,0.03511100938429847
32.85123515,0.03100633249408713
32.85131216,0.029053177691309988
32.85674143,0.03518730449378195
32.85678363,0.03193713282978561
32.87967229,0.027924010070954453
32.88163638,0.03439383535515374
32.88167191,0.034409094377050434
32.88169622,0.029022659647516595
32.8895843,0.03318837262531472
32.88961554,0.03445487144274052
32.89857554,0.028259708552681773
32.89860058,0.03147936217288472
32.91398096,0.03556878004119936
32.91408324,0.029663538567177843
32.92770362,0.02958724345769436
32.92777967,0.034317540245670256
32.9418242,0.030518043793392843
32.94192815,0.02822919050888838
32.94795346,0.03573662928206302
32.94806623,0.0328526741435874
32.95414662,0.02801556420233463
32.95426726,0.03312733653772793
32.97172403,0.032654306858930345
32.97180057,0.02725261310749981
32.9718554,0.03300526436255436
32.98211455,0.03492790112153811
32.98223543,0.028290226596475166
33.00475097,0.03022812237735561
33.00483847,0.034912642099641414
33.00669026,0.02908369573510338
33.00673842,0.02934309910734722
33.01297045,0.0357976653696498
33.01307011,0.0302738994430457
33.02196145,0.027405203326466773
33.02208638,0.035156786449988556
33.05495596,0.032166018158236054
33.05511451,0.02775616083009079
33.05961227,0.03401235980773632
33.05967307,0.033615625238422216
33.05971813,0.027481498435950255
33.05976272,0.03193713282978561
33.05980492,0.03363088426031891
33.06763744,0.02737468528267338
33.06767917,0.03138780804150454
33.08181691,0.03585870145723659
33.08190417,0.02917524986648356
33.0867219,0.0294193942168307
33.08675885,0.034699015793087665
33.09960628,0.02920576791027695
33.09963322,0.029358358129243915
33.12560678,0.035828183413443196
33.12958312,0.032120241092545965
33.13761377,0.027618829633020522
33.13765645,0.03363088426031891
33.1468215,0.03314259555962463
33.14689541,0.02835126268406195
33.15963197,0.03309681849393454
33.15969896,0.03466849774929427
33.15974498,0.02775616083009079
33.15978718,0.03036545357442588
33.1848979,0.03569085221637293
33.18494296,0.029846646829938202
33.18497443,0.029266803997863737
33.1850028,0.03556878004119936
33.18503118,0.031662470435645074
33.20095181,0.028534370946822308
33.20100141,0.03518730449378195
33.20103407,0.0328526741435874
33.20106339,0.02844281681544213
33.2096839,0.03425650415808347
33.20975804,0.03447013046463722
33.22368503,0.029068436713206684
33.22376037,0.033783474479285876
33.23103571,0.035584039063096054
33.23109412,0.02967879758907454
33.2398119,0.0324101625085832
33.25969362,0.03614862287327383
33.25976825,0.029846646829938202
33.26463056,0.029114213778896773
33.26467967,0.035751888303959714
33.26723003,0.03192187380788891
33.26727247,0.02839703974975204
33.28179169,0.03405813687342641
33.28189254,0.03167772945754177
33.28196669,0.02746623941405356
33.28698516,0.03312733653772793
33.28701496,0.033401998931868467
33.30962491,0.027512016479743648
33.30965328,0.03225757228961624
33.31913137,0.034576943617914094
33.31925178,0.02848859388113222
33.32366943,0.03010605020218204
33.32373023,0.03450064850843061
33.33373904,0.031189440756847486
33.333781,0.034439612420843826
33.34162331,0.045426108186465246
33.34167218,0.04890516517891203
33.35574007,0.05065995269703212
33.35580516,0.05258258945601587
33.3786602,0.03976501106279087
33.37873101,0.025955596246280615
33.37877679,0.0272983901731899
33.37881851,0.029022659647516595
33.37885952,0.02618448157473106
33.39864302,0.03129625391012436
33.39869285,0.0336919203479057
33.3987329,0.02780193789578088
33.39876437,0.029358358129243915
33.41380334,0.034912642099641414
33.41392279,0.029953459983215077
33.43071294,0.029388876173037308
33.43078756,0.03472953383688106
33.44049191,0.03125047684443427
33.44054246,0.02789349202716106
33.44057584,0.03488212405584802
33.44702601,0.03338673990997177
33.44705534,0.02868696116578927
33.45475364,0.03360036621652552
33.45479083,0.03375295643549248
33.46863985,0.028763256275272753
33.46868277,0.03288319218738079
33.49309874,0.03504997329671168
33.49313068,0.02920576791027695
33.49315667,0.03125047684443427
33.49318051,0.03578240634775311
33.49555612,0.030289158464942397
33.49558067,0.030472266727702754
33.50635457,0.0362554360265507
33.51798582,0.032227054245822846
33.51801014,0.029877164873731595
33.51803374,0.03634699015793088
33.54359531,0.03442435339894713
33.54364729,0.029953459983215077
33.54989958,0.036575875486381325
33.54997659,0.03671320668345159
33.56050134,0.030350194552529183
33.56056833,0.034866865033951325
33.56461239,0.03877317463950561
33.56465387,0.03268482490272374
33.5716362,0.03375295643549248
33.57883072,0.03797970550087739
33.57890201,0.0324101625085832
33.59983039,0.03175402456702525
33.59990668,0.03733882658121614
33.62272787,0.033203631647211414
33.62285376,0.03126573586633097
33.62289214,0.03755245288776989
33.622926,0.034485389486533916
33.63665891,0.029602502479591057
33.63670874,0.03506523231860838
33.64260459,0.034866865033951325
33.64264297,0.028381780727855344
33.64267349,0.03302052338445106
33.64868712,0.036621652552071414
33.64873433,0.029846646829938202
33.66364026,0.03036545357442588
33.66369438,0.03479056992446784
33.67693496,0.02861066605630579
33.67699051,0.028747997253376057
33.67703342,0.03463797970550088
33.67707372,0.030762188143739988
33.69697595,0.027603570611123826
33.69705224,0.033279926756694896
33.69709778,0.03125047684443427
33.69714022,0.0268711375600824
33.7048645,0.032532234683756774
33.71206498,0.03297474631876097
33.71215463,0.026947432669565882
33.73572659,0.030289158464942397
33.73578382,0.03372243839169909
33.73864102,0.02810711833371481
33.73868203,0.029404135194934004
33.74398446,0.035156786449988556
33.74405503,0.02970931563286793
33.75342512,0.02827496757457847
33.75356603,0.03364614328221561
33.76666546,0.029694056610971235
33.76672459,0.027649347676813915
33.76676941,0.033447775997558556
33.79160571,0.031616693369954985
33.79760313,0.026947432669565882
33.79765081,0.032074464026855876
33.79768419,0.032394903486686506
33.79771447,0.026047150377660793
33.81307554,0.02967879758907454
33.81321192,0.03302052338445106
33.81808233,0.02703898680094606
33.81821871,0.028900587472343024
33.83198595,0.034271763179980166
33.8320725,0.028030823224231328
33.83765578,0.026886396581979097
33.86167908,0.0324101625085832
33.86175394,0.02865644312199588
33.86179018,0.026596475165941862
33.86182642,0.03291371023117418
33.86362457,0.030762188143739988
33.86368442,0.026291294728007935
33.87810016,0.03129625391012436
33.87820125,0.031692988479438466
33.88612461,0.025558861676966506
33.88624644,0.029877164873731595
33.90890145,0.03266956588082704
33.90900874,0.02656595712214847
33.90908766,0.028336003662165255
33.9141829,0.03321889066910811
33.91430616,0.026947432669565882
33.92269135,0.02664225223163195
33.92275596,0.033829251544975965
33.93168426,0.02934309910734722
33.93174362,0.02554360265506981
33.94592571,0.03167772945754177
33.94603014,0.030289158464942397
33.96169472,0.02575722896162356
33.96176982,0.029800869764248113
33.97498083,0.031860837720302126
33.9750371,0.026123445487144275
33.97508001,0.029221026932173648
33.97665548,0.03314259555962463
33.97669196,0.026657511253528648
33.98979139,0.02754253452353704
33.9898572,0.033447775997558556
33.9996841,0.0281528953994049
33.99974298,0.026794842450598915
34.01399517,0.03297474631876097
34.01412463,0.028763256275272753
34.03813362,0.025772487983520255
34.03820896,0.03259327077134356
34.04736137,0.03150988021667811
34.04748368,0.0255893797207599
34.0475831,0.030548561837186235
34.06042266,0.0315403982604715
34.060498,0.025650415808346684
34.06867552,0.028854810406652935
34.06873369,0.0328526741435874
34.0779438,0.027191577019913024
34.07806301,0.028244449530785077
34.09170747,0.03297474631876097
34.09178376,0.02827496757457847
34.11196113,0.027023727779049364
34.11208081,0.03225757228961624
34.11215806,0.030334935530632486
34.11222792,0.028198672465094988
34.11229658,0.03392080567635614
34.11236334,0.030945296406500344
34.13668823,0.024963759822995348
34.1367743,0.03031967650873579
34.13682032,0.03215075913633936
34.13686109,0.026947432669565882
34.13690162,0.02963302052338445
34.16162276,0.03192187380788891
34.16165471,0.025314717326619364
34.16167998,0.026886396581979097
34.16170335,0.03251697566186008
34.16861129,0.026794842450598915
34.16863847,0.02610818646524758
34.18396783,0.0324254215304799
34.18410611,0.028747997253376057
34.18563628,0.024505989166094453
34.18568921,0.03131151293202106
34.20879459,0.030807965209430077
34.2089076,0.02504005493247883
34.2160902,0.030182345311665523
34.21621299,0.03318837262531472
34.2236867,0.029663538567177843
34.2237525,0.03813229571984436
34.23697901,0.04829480430304418
34.23705411,0.048508430609597926
34.25076127,0.04661631189440757
34.25478673,0.04214541847867552
34.25485587,0.027679865720607308
34.2636559,0.020477607385366598
34.26372337,0.025818265049210344
34.28790498,0.025879301136797133
34.2880404,0.02504005493247883
34.28812122,0.03205920500495918
34.28819561,0.030090791180285344
34.28826427,0.024338139925230793
34.28833175,0.029495689326314183
34.30269241,0.03131151293202106
34.30276918,0.025528343633173113
34.30282617,0.02873273823147936
34.31293774,0.031906614785992216
34.3130126,0.026199740596627757
34.33673096,0.027908751049057757
34.33680606,0.03245593957427329
34.33685064,0.02758831158922713
34.33689165,0.02656595712214847
34.34689879,0.03245593957427329
34.34701753,0.028244449530785077
34.3530798,0.026047150377660793
34.3532021,0.0324254215304799
34.36666393,0.030777447165636684
34.36672831,0.025528343633173113
34.37570906,0.0311284046692607
34.38892794,0.032394903486686506
34.38907814,0.026382848859388113
34.41462564,0.029404135194934004
34.41465449,0.03358510719462882
34.41467857,0.02851911192492561
34.4147017,0.029068436713206684
34.43873119,0.03390554665445945
34.43883109,0.02903791866941329
34.43888617,0.02789349202716106
34.43893695,0.03521782253757534
34.43898606,0.031494621194781414
34.43903494,0.02865644312199588
34.43908358,0.03463797970550088
34.44860101,0.03360036621652552
34.44862652,0.02835126268406195
34.47258615,0.033234149691004806
34.47261238,0.03468375677119097
34.47263622,0.028625925078202486
34.47458529,0.0315403982604715
34.47462416,0.03492790112153811
34.47465038,0.02925154497596704
34.48868465,0.029602502479591057
34.49760222,0.03483634699015793
34.49765253,0.030991073472190434
34.50363517,0.028885328450446328
34.52865839,0.03414969100480659
34.52874541,0.030670634012359806
34.52879238,0.026031891355764097
34.52883458,0.031967650873579
34.53163576,0.03129625391012436
34.53169632,0.027405203326466773
34.54689384,0.031738765545128556
34.54701519,0.031906614785992216
34.54710054,0.025146868085755704
34.54716992,0.02784771496147097
34.56180644,0.03250171663996338
34.56188273,0.02656595712214847
34.5676775,0.02716105897611963
34.59467959,0.0324101625085832
34.59475636,0.027100022888532846
34.59480214,0.02589456015869383
34.59484434,0.032776379034103915
34.59957767,0.029388876173037308
34.59963751,0.024551766231784542
34.62372303,0.031616693369954985
34.62380004,0.030777447165636684
34.62384605,0.02504005493247883
34.62388825,0.028900587472343024
34.6336863,0.03175402456702525
34.63374639,0.025650415808346684
34.6479187,0.029282063019760433
34.662498,0.03274586099031052
34.66258574,0.02703898680094606
34.6696794,0.027435721370260166
34.6697526,0.03297474631876097
34.68404436,0.028198672465094988
34.68416572,0.026657511253528648
34.68424082,0.03245593957427329
34.68431473,0.02896162355992981
34.69768119,0.025879301136797133
34.69774628,0.03193713282978561
34.70360065,0.0311284046692607
34.70365834,0.02561989776455329
34.70370173,0.029358358129243915
34.71802258,0.031860837720302126
34.7181437,0.026855878538185704
34.74160576,0.02937361715114061
34.74164391,0.03192187380788891
34.74166894,0.027100022888532846
34.74169636,0.02780193789578088
34.74171948,0.033035782406347754
34.74174261,0.027527275501640344
34.75167847,0.026031891355764097
34.75170255,0.03271534294651713
34.764606,0.030762188143739988
34.76463747,0.026031891355764097
34.76662183,0.031616693369954985
34.79139495,0.030762188143739988
34.79142642,0.025528343633173113
34.79145169,0.030457007705806057
34.79147601,0.03280689707789731
34.799613,0.027115281910429542
34.79963946,0.02951094834821088
34.80860949,0.032730601968413826
34.80863595,0.026886396581979097
34.83359289,0.028290226596475166
34.83361983,0.03402761882963302
34.83364987,0.028809033340962846
34.83367348,0.02532997634851606
34.85408354,0.03266956588082704
34.85422182,0.03146410315098802
34.86767507,0.027344167238879988
34.86775351,0.03251697566186008
34.86779571,0.03138780804150454
34.86782956,0.025513084611276417
34.87806535,0.030594338902876324
34.87818885,0.03302052338445106
34.88707519,0.027786678873884182
34.88719726,0.030289158464942397
34.91073847,0.033676661326009
34.91080499,0.027908751049057757
34.91879511,0.028625925078202486
34.93423724,0.03375295643549248
34.93431354,0.02920576791027695
34.93435979,0.027344167238879988
34.93440437,0.033829251544975965
34.94695354,0.031036850537880523
34.94706821,0.026260776684214542
34.95480561,0.03312733653772793
34.9549737,0.0328374151216907
34.96367097,0.028336003662165255
34.96373796,0.03274586099031052
34.97784686,0.033875028610666054
34.97791934,0.028091859311818113
34.97797513,0.031784542610818645
35.00170517,0.036621652552071414
35.00178051,0.03019760433356222
35.00182557,0.02920576791027695
35.00186992,0.03462272068360418
35.0036447,0.0294193942168307
35.00369239,0.028458075837338826
35.009969,0.035156786449988556
35.01006579,0.031784542610818645
35.01906967,0.02652018005645838
35.01919007,0.03228809033340963
35.04289722,0.032166018158236054
35.04298496,0.026764324406805522
35.04303932,0.03150988021667811
35.04308963,0.0340886549172198
35.04314089,0.027145799954222935
35.05897665,0.03010605020218204
35.05905175,0.034912642099641414
35.06666183,0.028702220187685968
35.06672049,0.028381780727855344
35.07961559,0.03360036621652552
35.07965255,0.029968719005111773
35.09367228,0.030579079880979628
35.09374046,0.04156557564660105
35.1078105,0.04522774090180819
35.10791302,0.04762340733958953
35.10798836,0.05400167849240864
35.10806346,0.0456244754711223
35.12269497,0.02963302052338445
35.12278318,0.026977950713359275
35.13246751,0.027405203326466773
35.13254285,0.024505989166094453
35.13259053,0.028900587472343024
35.15502954,0.033371480888075074
35.15507507,0.027740901808194093
35.15819454,0.02887006942854963
35.1645968,0.03437857633325704
35.16463971,0.02975509269855802
35.171664,0.028198672465094988
35.1798315,0.03433279926756695
35.17993736,0.03146410315098802
35.18871331,0.027313649195086595
35.18880558,0.0332494087129015
35.18885875,0.032730601968413826
35.21604276,0.02699320973525597
35.21607614,0.032532234683756774
35.22186232,0.034744792858777754
35.22190118,0.028046082246128024
35.22193241,0.03036545357442588
35.23461413,0.035828183413443196
35.23465586,0.029953459983215077
35.23667359,0.029724574654764628
35.24473834,0.03544670786602579
35.24480915,0.03134203097581445
35.25870514,0.028992141603723202
35.25878096,0.03511100938429847
35.2729671,0.03346303501945525
35.27304554,0.029480430304417486
35.28210926,0.0349736781872282
35.28223181,0.03480582894636454
35.28804421,0.029556725413900968
35.28816652,0.03276112001220722
35.3016305,0.0371099412527657
35.30168891,0.03126573586633097
35.30172658,0.0332494087129015
35.3171277,0.037415121690699625
35.31724739,0.03271534294651713
35.33092666,0.032730601968413826
35.33100414,0.037796597238117034
35.35582161,0.03350881208514534
35.35588789,0.031403067063401235
35.35592484,0.03776607919432364
35.35595942,0.035202563515678645
35.35765505,0.030350194552529183
35.35770702,0.03682001983672847
35.37172031,0.036362249179827576
35.37179112,0.02937361715114061
35.37184644,0.03396658274204623
35.37769914,0.03727779049362936
35.37776923,0.030426489662012664
35.40161085,0.032394903486686506
35.40164351,0.03654535744258793
35.40166759,0.030472266727702754
35.4016912,0.0302738994430457
35.41865849,0.03598077363241016
35.4186821,0.031738765545128556
35.41870499,0.02937361715114061
35.41872716,0.03488212405584802
35.43361425,0.032562752727550166
35.43364167,0.028030823224231328
35.43366504,0.03350881208514534
35.44920945,0.03346303501945525
35.44924498,0.02763408865491722
35.46160913,0.031189440756847486
35.46163344,0.0345464255741207
35.47491431,0.028641184100099183
35.47493887,0.030762188143739988
35.47496223,0.035416189822232394
35.47498512,0.029785610742351417
35.48861289,0.029312581063553826
35.4975872,0.03584344243533989
35.49763989,0.03131151293202106
35.49767351,0.027832455939574275
35.5309,0.03552300297550927
35.53099275,0.033112077515831236
35.53104997,0.02780193789578088
35.53109264,0.03360036621652552
35.53396368,0.03396658274204623
35.53402376,0.027069504844739453
35.54163861,0.03164721141374838
35.54167986,0.0349736781872282
35.55577874,0.028641184100099183
35.55585527,0.030243381399252308
35.56366777,0.03527885862516213
35.56372714,0.030090791180285344
35.57772541,0.029282063019760433
35.5936656,0.034866865033951325
35.59375739,0.03006027313649195
35.59381604,0.027618829633020522
35.59386969,0.03439383535515374
35.60161543,0.03271534294651713
35.60165906,0.028076600289921417
35.61088634,0.033112077515831236
35.6109271,0.03358510719462882
35.61864018,0.027771419851987486
35.61867332,0.031616693369954985
35.64260936,0.03422598611429008
35.6426475,0.02798504615854124
35.64267302,0.03010605020218204
35.64269638,0.03529411764705882
35.64271975,0.029785610742351417
35.65767646,0.029327840085450523
35.65773869,0.035370412756542305
35.66780138,0.03079270618753338
35.66784215,0.02848859388113222
35.67963195,0.03418020904859999
35.67966461,0.03172350652323186
35.68695498,0.02839703974975204
35.68705511,0.03389028763256275
35.70970988,0.03350881208514534
35.70978427,0.02758831158922713
35.71174264,0.03189135576409552
35.71814418,0.03527885862516213
35.71826339,0.02873273823147936
35.72361565,0.030334935530632486
35.72364688,0.0349736781872282
35.7326293,0.03031967650873579
35.73265386,0.03019760433356222
35.74858832,0.03578240634775311
35.7486124,0.03131151293202106
35.75995302,0.027740901808194093
35.75998783,0.03447013046463722
35.77760267,0.033661402304112305
35.77762842,0.028290226596475166
35.7776525,0.033157854581521325
35.80159283,0.034363317311360345
35.80162144,0.028747997253376057
35.80164552,0.03291371023117418
35.81466579,0.03584344243533989
35.81474543,0.029236285954070344
35.81480145,0.030853742275120166
35.814852,0.03601129167620355
35.82395649,0.03143358510719463
35.82403016,0.030457007705806057
35.84771323,0.03595025558861677
35.84781408,0.0328526741435874
35.84786916,0.031067368581673915
35.84791994,0.036575875486381325
35.84797311,0.03451590753032731
35.85494566,0.028747997253376057
35.85502338,0.03358510719462882
35.86864614,0.03451590753032731
35.8687129,0.02887006942854963
35.87462854,0.03204394598306248
35.87467098,0.03523308155947204
35.89864111,0.029114213778896773
35.89871764,0.030899519340810255
35.89877796,0.035492484931715876
35.8988297,0.029526207370107575
35.89888358,0.028900587472343024
35.9135952,0.03584344243533989
35.91362953,0.031784542610818645
35.92292929,0.02839703974975204
35.92304468,0.03434805828946365
35.93166757,0.033112077515831236
35.93173385,0.027740901808194093
35.95590925,0.0324101625085832
35.95597529,0.036240177004654005
35.9560082,0.0345616845960174
35.95603895,0.04319829098954757
35.97080398,0.053528648813611045
35.97086906,0.05078202487220569
35.97090602,0.04757763027389944
35.9806385,0.041504539559014265
35.98069572,0.027527275501640344
35.99434686,0.02288853284504463
35.99442458,0.030579079880979628
36.00764155,0.028931105516136417
36.00768304,0.028198672465094988
36.02164626,0.03468375677119097
36.0216856,0.03280689707789731
36.03477192,0.026794842450598915
36.034832,0.03291371023117418
36.03742766,0.03468375677119097
36.03748417,0.029571984435797664
36.0375421,0.03228809033340963
36.04763126,0.035538261997405965
36.04766893,0.02920576791027695
36.05909562,0.030136568245975433
36.05921412,0.03561455710688945
36.073102,0.030716411078049895
36.07316065,0.029526207370107575
36.09665537,0.03523308155947204
36.09675503,0.03167772945754177
36.10473967,0.028595407034409093
36.10483479,0.0345616845960174
36.10491538,0.034912642099641414
36.10496545,0.029724574654764628
36.10500765,0.03393606469825284
36.11860609,0.0349736781872282
36.11863828,0.029236285954070344
36.11866164,0.03389028763256275
36.14712644,0.03704890516517891
36.14726639,0.03036545357442588
36.15486336,0.031326771953917754
36.15496349,0.03773556115053025
36.15669394,0.03312733653772793
36.1567471,0.03176928358892195
36.17011166,0.03799496452277409
36.17027569,0.0341039139391165
36.17035413,0.030899519340810255
36.18066883,0.03706416418707561
36.1807282,0.036285954070344094
36.19436812,0.03088426031891356
36.19450283,0.03596551461051346
36.22775006,0.0383764400701915
36.22783899,0.03218127718013275
36.22790432,0.03517204547188525
36.22794938,0.038239108873121236
36.22968841,0.03230334935530633
36.22975659,0.033325703822384985
36.23163557,0.03768978408484016
36.23169541,0.03234912642099642
36.23175025,0.032028686961165787
36.2469151,0.037705043106736856
36.24701953,0.033203631647211414
36.26469183,0.03006027313649195
36.26477432,0.03547722590981918
36.26763034,0.033539330128938734
36.26769114,0.02835126268406195
36.2746501,0.033661402304112305
36.27470446,0.03535515373464561
36.2889533,0.029602502479591057
36.28907561,0.03181506065461204
36.29771399,0.03511100938429847
36.29780197,0.028336003662165255
36.31170416,0.029968719005111773
36.32611871,0.035324635690852216
36.32623816,0.030243381399252308
36.33907557,0.028503852903028915
36.33916736,0.0354009308003357
36.33924937,0.03219653620202945
36.33932304,0.02851911192492561
36.35337687,0.03364614328221561
36.35349536,0.03250171663996338
36.36664224,0.0285648889906157
36.36667562,0.0332494087129015
36.37159514,0.03418020904859999
36.37162733,0.028244449530785077
36.38472009,0.030930037384603648
36.39183354,0.03483634699015793
36.39193344,0.028824292362859542
36.40462637,0.029770351720454717
36.40466237,0.03529411764705882
36.40469122,0.03015182726787213
36.40471911,0.02827496757457847
36.41866422,0.03373769741359579
36.41869044,0.029999237048905166
36.41871333,0.028473334859235522
36.41873646,0.03451590753032731
36.43259621,0.03276112001220722
36.43262434,0.02716105897611963
36.43264842,0.031830319676508734
36.44459152,0.03364614328221561
36.44461584,0.027862973983367668
36.46874785,0.030502784771496146
36.46877623,0.03390554665445945
36.46880054,0.0285648889906157
36.47870183,0.029571984435797664
36.47881079,0.03384451056687266
36.47888899,0.02946517128252079
36.48766136,0.02883955138475624
36.48768568,0.03480582894636454
36.51161432,0.031143663691157397
36.5116477,0.027359426260776684
36.51359057,0.0328526741435874
36.51361513,0.031830319676508734
36.52873135,0.026901655603875793
36.52882671,0.03251697566186008
36.53776312,0.03402761882963302
36.53780508,0.027512016479743648
36.54270816,0.02981612878614481
36.54278684,0.033829251544975965
36.55717278,0.028595407034409093
36.55730963,0.028580148012512397
36.56470346,0.03578240634775311
36.56479287,0.031494621194781414
36.57895732,0.027740901808194093
36.58809972,0.033325703822384985
36.58822179,0.031403067063401235
36.59668159,0.027954528114747846
36.596771,0.033707179369802394
36.59683013,0.03314259555962463
36.59689093,0.026901655603875793
36.61201358,0.031967650873579
36.61208749,0.03350881208514534
36.62110829,0.027512016479743648
36.6212306,0.03048752574959945
36.64412856,0.03428702220187686
36.64421558,0.028213931486991684
36.64427185,0.029221026932173648
36.64432549,0.03500419623102159
36.64437509,0.03006027313649195
36.66177726,0.027618829633020522
36.66184235,0.03372243839169909
36.66187954,0.03138780804150454
36.66191316,0.02681010147249561
36.67698383,0.03500419623102159
36.67705798,0.034653238727397576
36.70015073,0.028290226596475166
36.70024014,0.032532234683756774
36.7087326,0.03447013046463722
36.70880461,0.028976882581826506
36.70886064,0.03204394598306248
36.7337203,0.036194399938963916
36.73379731,0.028702220187685968
36.73969769,0.028747997253376057
36.73974705,0.03414969100480659
36.73978448,0.030685893034256503
36.73981881,0.029114213778896773
36.74670434,0.03442435339894713
36.74676991,0.030289158464942397
36.75628424,0.025864042114900433
36.75640655,0.03305104142824445
36.77376461,0.03271534294651713
36.77382803,0.02618448157473106
36.77386618,0.03083848325322347
36.80962253,0.0332646677347982
36.80965686,0.026901655603875793
36.80968738,0.029907682917524988
36.80971193,0.03535515373464561
36.81159806,0.02912947280079347
36.8116231,0.027832455939574275
36.8116467,0.03305104142824445
36.81167006,0.03181506065461204
36.83661604,0.03334096284428168
36.83664513,0.04460212100404364
36.83667183,0.04881361104753185
36.83669567,0.048554207675288015
36.84702826,0.0490424963759823
36.8471148,0.03910887312123293
36.8471837,0.0238803692683299
36.85466146,0.024933241779201955
36.85468602,0.028595407034409093
36.86860228,0.024841687647821773
36.87771821,0.02877851529716945
36.87782168,0.03297474631876097
36.90168786,0.02713054093232624
36.90176272,0.02618448157473106
36.90179944,0.033661402304112305
36.9018333,0.03002975509269856
36.90186572,0.027405203326466773
36.91166449,0.03334096284428168
36.91172385,0.029968719005111773
36.92607403,0.026901655603875793
36.9262116,0.032394903486686506
36.93456697,0.03129625391012436
36.93463254,0.025925078202487222
36.94791079,0.03096055542839704
36.94802284,0.03314259555962463
36.9616785,0.026626993209735255
36.96177483,0.02937361715114061
36.96767235,0.03396658274204623
36.96772504,0.02798504615854124
36.96776772,0.027618829633020522
36.97669935,0.03485160601205463
36.97675204,0.031189440756847486
36.99006772,0.028046082246128024
36.99018884,0.033539330128938734
37.00372195,0.030991073472190434
37.00378823,0.02742046234836347
37.01814055,0.03334096284428168
37.01825976,0.033203631647211414
37.02696776,0.02746623941405356
37.02709055,0.031448844129091325
37.03377008,0.03450064850843061
37.03382969,0.02954146639200427
37.03862333,0.031570916304264895
37.04467154,0.03613336385137713
37.04472542,0.030350194552529183
37.05920482,0.03036545357442588
37.0593276,0.03593499656672007
37.07369232,0.03105210955977722
37.07375765,0.029831387808041506
37.0795939,0.03573662928206302
37.07961988,0.03192187380788891
37.08660388,0.028946364538033113
37.08663058,0.035584039063096054
37.09759045,0.03430228122377356
37.09761691,0.02822919050888838
37.10257816,0.03230334935530633
37.11666179,0.03437857633325704
37.11668706,0.027679865720607308
37.13367414,0.029526207370107575
37.13374162,0.03463797970550088
37.14862013,0.02827496757457847
37.14864683,0.02784771496147097
37.14867067,0.03312733653772793
37.14869404,0.02929732204165713
37.15200281,0.026764324406805522
37.15209174,0.03219653620202945
37.16461658,0.029312581063553826
37.16464496,0.024780651560234988
37.19207525,0.03105210955977722
37.19220948,0.030350194552529183
37.19228554,0.02481116960402838
37.19235611,0.030869001297016863
37.21490049,0.03317311360341802
37.21502042,0.025558861676966506
37.22867966,0.028503852903028915
37.22876811,0.03338673990997177
37.22883987,0.027359426260776684
37.22889519,0.026153963530937668
37.22896957,0.032440680552376595
37.22902727,0.028625925078202486
37.23861074,0.0264438849469749
37.24466157,0.03292896925307088
37.24472404,0.029800869764248113
37.25912738,0.025238422217135882
37.25919485,0.03108262760357061
37.27266383,0.03105210955977722
37.27274513,0.024872205691615166
37.27464628,0.028427557793545433
37.2746973,0.03065537499046311
37.28879619,0.02766460669871061
37.28889489,0.029022659647516595
37.29792571,0.032700083924620434
37.29800415,0.02703898680094606
37.30262709,0.02639810788128481
37.32689476,0.03250171663996338
37.32701612,0.028290226596475166
37.32709098,0.025803006027313648
37.32716084,0.031952391851682305
37.33873177,0.029846646829938202
37.33881783,0.025635156786449988
37.3388741,0.030731670099946592
37.33892679,0.030426489662012664
37.35724711,0.024551766231784542
37.3573699,0.028595407034409093
37.36507988,0.03160143434805829
37.36519933,0.026367589837491417
37.37865901,0.028000305180437935
37.38871217,0.03262378881513695
37.38877702,0.026626993209735255
37.39763737,0.026245517662317846
37.39766598,0.031570916304264895
37.3976903,0.028290226596475166
37.39771438,0.025391012436102846
37.41097355,0.0324254215304799
37.41102409,0.0302738994430457
37.42366385,0.02554360265506981
37.42368865,0.030869001297016863
37.43875504,0.031448844129091325
37.43881416,0.025268940260929275
37.44406033,0.029694056610971235
37.4576118,0.03247119859616999
37.45763993,0.02618448157473106
37.46363997,0.027954528114747846
37.46366477,0.03309681849393454
37.47062826,0.02691691462577249
37.48794937,0.02673380636301213
37.48805881,0.03385976958876936
37.48813581,0.02946517128252079
37.48820448,0.026291294728007935
37.48827338,0.03167772945754177
37.51263261,0.029785610742351417
37.51267838,0.026413366903181506
37.54068065,0.03189135576409552
37.54078269,0.03228809033340963
37.54085016,0.026764324406805522
37.54090452,0.030548561837186235
37.5466876,0.03396658274204623
37.54675198,0.0277103837644007
37.5529654,0.02896162355992981
37.55304408,0.03447013046463722
37.56201291,0.029800869764248113
37.56212044,0.0285648889906157
37.56711721,0.0349736781872282
37.56726408,0.03088426031891356
37.56736636,0.027054245822842757
37.59093475,0.0328374151216907
37.59105396,0.031097886625467308
37.59113073,0.02639810788128481
37.59120178,0.031113145647364004
37.59978676,0.0311284046692607
37.59986138,0.02589456015869383
37.61039853,0.029480430304417486
37.61045933,0.03329518577859159
37.61773705,0.026718547341115433
37.61777854,0.027618829633020522
37.63189626,0.03463797970550088
37.63201046,0.02934309910734722
37.63968563,0.027557793545433737
37.6639328,0.03321889066910811
37.66405201,0.02891584649423972
37.66412854,0.02520790417334249
37.66420126,0.034988937209124896
37.6671207,0.03718623636224918
37.66732001,0.03706416418707561
37.6766634,0.0490424963759823
37.67672348,0.05429159990844587
37.68767953,0.04483100633249409
37.68773532,0.03854428931105516
37.71200848,0.03224231326771954
37.7120831,0.021652552071412222
37.71214533,0.023987182421606777
37.71222162,0.031570916304264895
37.71228647,0.027145799954222935
37.72385979,0.027878233005264364
37.7239306,0.03439383535515374
37.73314381,0.029434653238727397
37.73326206,0.02681010147249561
37.74674416,0.03347829404135195
37.74682069,0.031952391851682305
37.7657969,0.027023727779049364
37.76587415,0.03218127718013275
37.76591992,0.034912642099641414
37.7659812,0.028763256275272753
37.76605105,0.03091477836270695
37.78062725,0.03376821545738918
37.78881502,0.028336003662165255
37.78890085,0.030182345311665523
37.80269766,0.03559929808499275
37.802773,0.030334935530632486
37.80281138,0.028747997253376057
37.80775118,0.0349736781872282
37.83190155,0.03129625391012436
37.83203793,0.02835126268406195
37.83211589,0.03518730449378195
37.83219361,0.03401235980773632
37.83226371,0.028122377355611506
37.84667325,0.03346303501945525
37.84674811,0.035538261997405965
37.8547616,0.03002975509269856
37.85487413,0.03297474631876097
37.85497475,0.03634699015793088
37.86860704,0.031952391851682305
37.88298368,0.03334096284428168
37.88306236,0.03797970550087739
37.90934992,0.032898451209277486
37.90943313,0.031784542610818645
37.90947986,0.038284885938811325
37.90953302,0.0345464255741207
37.90957546,0.031021591515983826
37.91184831,0.03721675440604257
37.91189408,0.03572137026016632
37.92596531,0.03137254901960784
37.92606521,0.036362249179827576
37.93190718,0.03717097734035248
37.93198538,0.030594338902876324
37.95467925,0.032990005340657665
37.95473719,0.03694209201190204
37.9569056,0.03335622186617838
37.95697641,0.03418020904859999
37.96485353,0.03756771190966659
37.96491933,0.03192187380788891
37.96713829,0.030121309224078737
37.98119283,0.03630121309224079
37.98122931,0.03305104142824445
37.98565888,0.028931105516136417
37.98571968,0.03514152742809186
38.01071978,0.03390554665445945
38.01079679,0.02865644312199588
38.02281404,0.033279926756694896
38.02285528,0.03483634699015793
38.02288675,0.028900587472343024
38.02291608,0.031021591515983826
38.03328729,0.03556878004119936
38.03332782,0.029694056610971235
38.03460217,0.030502784771496146
38.04970431,0.03509575036240177
38.04974651,0.031906614785992216
38.0626173,0.030762188143739988
38.06265497,0.03576714732585641
38.07824278,0.031998168917372394
38.0782795,0.028259708552681773
38.09040761,0.03447013046463722
38.09043574,0.034409094377050434
38.09223485,0.028717479209582664
38.09228134,0.03338673990997177
38.09593821,0.03421072709239338
38.09598374,0.02810711833371481
38.09961009,0.03276112001220722
38.11362982,0.0362706950484474
38.11365914,0.029236285954070344
38.12798667,0.029434653238727397
38.14101052,0.034988937209124896
38.14106512,0.031067368581673915
38.14464712,0.02970931563286793
38.14469147,0.035873960479133285
38.15362,0.03219653620202945
38.15365696,0.028244449530785077
38.16775656,0.0341039139391165
38.16786432,0.03376821545738918
38.16795182,0.02839703974975204
38.19201922,0.033035782406347754
38.1920979,0.034195468070496685
38.20717049,0.02763408865491722
38.2072475,0.03164721141374838
38.2072947,0.03637750820172427
38.20733714,0.029999237048905166
38.2193346,0.030075532158388648
38.21938252,0.03472953383688106
38.23314333,0.031616693369954985
38.23328996,0.03019760433356222
38.23761988,0.03529411764705882
38.23768854,0.03280689707789731
38.25159621,0.029022659647516595
38.25765133,0.03396658274204623
38.25772524,0.03375295643549248
38.27349925,0.028717479209582664
38.27359462,0.033035782406347754
38.27363181,0.03459220263981079
38.27366567,0.028580148012512397
38.28586054,0.030991073472190434
38.28590131,0.034744792858777754
38.28593278,0.029739833676661324
38.2859633,0.029953459983215077
38.30089211,0.0349584191653315
38.30105042,0.031403067063401235
38.30115581,0.030640115968566414
38.31471276,0.03584344243533989
38.31477308,0.03201342793926909
38.3290298,0.02758831158922713
38.3291285,0.03414969100480659
38.34091949,0.03363088426031891
38.34098148,0.028213931486991684
38.34781933,0.033066300450141146
38.34786105,0.03518730449378195
38.35273004,0.028992141603723202
38.35277104,0.03088426031891356
38.36689591,0.035324635690852216
38.36696815,0.03100633249408713
38.36701012,0.03167772945754177
38.39168477,0.03688105592431525
38.3917501,0.03179980163271534
38.3917942,0.028976882581826506
38.39183521,0.0349584191653315
38.40000725,0.030731670099946592
38.40003443,0.02844281681544213
38.41159892,0.035156786449988556
38.41162896,0.03390554665445945
38.4195931,0.027100022888532846
38.41961837,0.03228809033340963
38.4336741,0.034119172961013196
38.43370128,0.028030823224231328
38.44766092,0.03091477836270695
38.45360541,0.03514152742809186
38.45363283,0.029190508888380255
38.46800613,0.02883955138475624
38.46803951,0.03390554665445945
38.47057796,0.030075532158388648
38.47997212,0.02877851529716945
38.48001981,0.03547722590981918
38.48758316,0.033783474479285876
38.48762989,0.03254749370565347
38.48766327,0.04536507209887846
38.50160599,0.05387960631723507
38.50163484,0.050476844434271764
38.52361584,0.04811169604028382
38.5236454,0.03936827649347677
38.53863239,0.024338139925230793
38.53870535,0.02447547112230106
38.5387392,0.03179980163271534
38.53877306,0.02827496757457847
38.55164599,0.02835126268406195
38.55170393,0.03385976958876936
38.55174732,0.0307011520561532
38.55178714,0.028168154421301595
38.57672858,0.034164950026703285
38.57683516,0.031570916304264895
38.57690907,0.027115281910429542
38.57697058,0.0328526741435874
38.57701349,0.0332494087129015
38.59212422,0.02742046234836347
38.59224319,0.03210498207064927
38.59791565,0.03463797970550088
38.59803629,0.028030823224231328
38.61268497,0.030289158464942397
38.61275291,0.035828183413443196
38.6187036,0.029159990844586862
38.61877632,0.028595407034409093
38.64364433,0.03569085221637293
38.6437149,0.03254749370565347
38.64376092,0.0298619058518349
38.64859319,0.035156786449988556
38.64863133,0.032486457618066684
38.65793729,0.028381780727855344
38.65805984,0.034271763179980166
38.66674685,0.03418020904859999
38.66682553,0.028717479209582664
38.67972088,0.03334096284428168
38.67983866,0.0357976653696498
38.69412065,0.029907682917524988
38.69424176,0.03218127718013275
38.70965171,0.037125200274662394
38.70972872,0.031952391851682305
38.70977449,0.03175402456702525
38.71359825,0.03755245288776989
38.71364713,0.03329518577859159
38.72265601,0.0302738994430457
38.72271895,0.03616388189517052
38.73661041,0.036285954070344094
38.73665214,0.032120241092545965
38.74259472,0.03630121309224079
38.74263597,0.035873960479133285
38.7669189,0.02998397802700847
38.76703787,0.03393606469825284
38.76711535,0.035873960479133285
38.76718712,0.029968719005111773
38.76725602,0.0315556572823682
38.77662396,0.036285954070344094
38.78963017,0.03100633249408713
38.78969216,0.029312581063553826
38.79862237,0.03523308155947204
38.79867101,0.0319829098954757
38.82270336,0.02827496757457847
38.8227911,0.03413443198290989
38.82283735,0.031570916304264895
38.82288122,0.027115281910429542
38.83765292,0.03341725795376516
38.83771777,0.03343251697566186
38.83776236,0.027725642786297397
38.84775805,0.03167772945754177
38.84785008,0.03360036621652552
38.85664082,0.027573052567330433
38.85671663,0.029770351720454717
38.8800869,0.034439612420843826
38.88022399,0.02861066605630579
38.89367008,0.028168154421301595
38.89375901,0.03439383535515374
38.8938067,0.030777447165636684
38.89385009,0.027695124742504004
38.9187448,0.03263904783703365
38.91883492,0.03254749370565347
38.91888142,0.028946364538033113
38.91892385,0.033615625238422216
38.91896558,0.0332494087129015
38.92178273,0.026535439078355077
38.92185903,0.031189440756847486
38.9469521,0.03492790112153811
38.94707131,0.02868696116578927
38.95072842,0.029434653238727397
38.95079684,0.03360036621652552
38.96370125,0.029358358129243915
38.96380854,0.028946364538033113
38.9638474,0.03389028763256275
38.96388149,0.028824292362859542
38.96391535,0.027191577019913024
38.98212886,0.03488212405584802
38.98224878,0.03251697566186008
38.98970795,0.026031891355764097
38.98979592,0.031906614785992216
39.01414871,0.03347829404135195
39.01427031,0.027649347676813915
39.01903391,0.030640115968566414
39.01915646,0.03358510719462882
39.02068686,0.027908751049057757
39.02073479,0.02917524986648356
39.0336442,0.03425650415808347
39.033705,0.028809033340962846
39.0337522,0.02801556420233463
39.04373407,0.03439383535515374
39.04380012,0.03048752574959945
39.06773639,0.026901655603875793
39.06781101,0.032730601968413826
39.07390237,0.031280994888227664
39.0739994,0.02691691462577249
39.08006883,0.03263904783703365
39.0801053,0.0328526741435874
39.09159231,0.02668802929732204
39.09161663,0.030716411078049895
39.09784102,0.03396658274204623
39.09788227,0.02844281681544213
39.09791565,0.029449912260624093
39.11265993,0.03360036621652552
39.1126864,0.028717479209582664
39.13659573,0.02798504615854124
39.13662076,0.034607461661707486
39.14965796,0.030853742275120166
39.149683,0.02746623941405356
39.1555934,0.032532234683756774
39.15561748,0.03125047684443427
39.16359425,0.026855878538185704
39.17774487,0.03318837262531472
39.17785668,0.033829251544975965
39.17793298,0.027679865720607308
39.2029891,0.031097886625467308
39.20308995,0.03437857633325704
39.20314646,0.028931105516136417
39.20319796,0.03048752574959945
39.20887709,0.03506523231860838
39.20898819,0.030685893034256503
39.22340274,0.029922941939421684
39.22350049,0.03529411764705882
39.22356892,0.030945296406500344
39.2236321,0.027359426260776684
39.232656,0.03407339589532311
39.23276544,0.032608529793240255
39.23284698,0.027145799954222935
39.26070905,0.03158617532616159
39.26077604,0.0332646677347982
39.26271796,0.026947432669565882
39.26278496,0.02993820096131838
39.27694821,0.03317311360341802
39.27707076,0.027954528114747846
39.27714729,0.02827496757457847
39.27721834,0.03450064850843061
39.287112,0.03036545357442588
39.28723359,0.02844281681544213
39.29968953,0.03393606469825284
39.29975176,0.030212863355458915
39.30167222,0.02627603570611124
39.33193254,0.033401998931868467
39.33200669,0.03363088426031891
39.33205295,0.03425650415808347
39.33209729,0.048203250171664
39.33213902,0.055619134813458454
39.3321805,0.04748607614251926
39.34201431,0.04144350347142748
39.34208488,0.0349584191653315
39.35573912,0.02340733958953231
39.35581422,0.023468375677119097
39.36988425,0.03138780804150454
39.3699584,0.028091859311818113
39.37696981,0.027435721370260166
39.39347148,0.0332494087129015
39.39354849,0.029831387808041506
39.39358807,0.02668802929732204
39.39362288,0.03280689707789731
39.39963603,0.03205920500495918
39.39966631,0.02681010147249561
39.40861821,0.031860837720302126
39.40864229,0.032532234683756774
39.42337394,0.026214999618524453
39.42340207,0.030212863355458915
39.4467001,0.03504997329671168
39.44672489,0.029266803997863737
39.4467473,0.029098954757000077
39.47194576,0.03389028763256275
39.47197104,0.03044174868390936
39.47199559,0.029022659647516595
39.47201896,0.03392080567635614
39.48466182,0.030899519340810255
39.4846859,0.027771419851987486
39.48694205,0.033707179369802394
39.48697877,0.032486457618066684
39.51000476,0.027359426260776684
39.51003599,0.032654306858930345
39.51006055,0.034744792858777754
39.51008439,0.028503852903028915
39.5196805,0.031662470435645074
39.5197258,0.036285954070344094
39.52307653,0.030899519340810255
39.52314162,0.03126573586633097
39.53264022,0.036041809719996945
39.53268385,0.03218127718013275
39.54410791,0.030716411078049895
39.54423094,0.03659113450827802
39.56766915,0.033829251544975965
39.56775737,0.029556725413900968
39.56780386,0.035538261997405965
39.56784678,0.036087586785687034
39.56788683,0.03044174868390936
39.5831058,0.0349584191653315
39.5832262,0.03633173113603418
39.58786869,0.030090791180285344
39.58794117,0.03225757228961624
39.59966087,0.03578240634775311
39.59972763,0.030212863355458915
39.61471176,0.029953459983215077
39.61478615,0.03544670786602579
39.62784958,0.03170824750133516
39.62790132,0.028885328450446328
39.63675523,0.03500419623102159
39.63685274,0.03147936217288472
39.6369276,0.02742046234836347
39.64613366,0.03274586099031052
39.64625478,0.03175402456702525
39.66003036,0.0264438849469749
39.66010809,0.031158922713054094
39.66765499,0.032730601968413826
39.66771388,0.026886396581979097
39.6819737,0.029724574654764628
39.68209648,0.03329518577859159
39.6947124,0.02681010147249561
39.6947794,0.02865644312199588
39.69667482,0.03430228122377356
39.69672966,0.0294193942168307
39.69677567,0.027191577019913024
39.71027946,0.03251697566186008
39.71039748,0.029953459983215077
39.7236917,0.027359426260776684
39.72377658,0.03204394598306248
39.74770641,0.031021591515983826
39.74773645,0.02627603570611124
39.74775958,0.03088426031891356
39.74778199,0.03343251697566186
39.75463367,0.02763408865491722
39.75466323,0.029846646829938202
39.76357579,0.03312733653772793
39.76360059,0.02775616083009079
39.76856971,0.028458075837338826
39.78266072,0.03358510719462882
39.78268528,0.02887006942854963
39.78762388,0.02673380636301213
39.78765559,0.032120241092545965
39.81267047,0.030212863355458915
39.81269813,0.02583352407110704
39.82159829,0.03225757228961624
39.8216269,0.03266956588082704
39.82757235,0.02696269169146258
39.8275969,0.031036850537880523
39.83760428,0.03233386739909972
39.83763123,0.02561989776455329
39.84690928,0.028534370946822308
39.84697771,0.03321889066910811
39.86998701,0.027618829633020522
39.87008739,0.028030823224231328
39.87014437,0.03350881208514534
39.8836627,0.028946364538033113
39.8936522,0.0268711375600824
39.89372015,0.03302052338445106
39.90169835,0.029922941939421684
39.90177822,0.02618448157473106
39.91606426,0.03134203097581445
39.91614294,0.030807965209430077
39.91620493,0.02677958342870222
39.91623878,0.030594338902876324
39.91627192,0.03302052338445106
39.92170382,0.02754253452353704
39.9217813,0.029480430304417486
39.95870495,0.03346303501945525
39.95878124,0.027649347676813915
39.95882702,0.02763408865491722
39.95886922,0.0324101625085832
39.96164155,0.02917524986648356
39.96170235,0.028076600289921417
39.96174836,0.033371480888075074
39.96179247,0.030350194552529183
39.97691941,0.02656595712214847
39.97704101,0.032440680552376595
39.97711778,0.031692988479438466
40.00175214,0.026001373311970704
40.00184035,0.030853742275120166
40.00189495,0.03389028763256275
40.00202322,0.027389944304570077
40.01185393,0.028900587472343024
40.0119741,0.03221179522392614
40.03029823,0.029053177691309988
40.03037405,0.029663538567177843
40.03042054,0.03468375677119097
40.03046346,0.029922941939421684
40.04398847,0.028473334859235522
40.04997063,0.03509575036240177
40.05004168,0.03228809033340963
40.07469463,0.027023727779049364
40.07476974,0.033035782406347754
40.07482481,0.032654306858930345
40.07487655,0.026855878538185704
40.07662797,0.030945296406500344
40.0766623,0.033447775997558556
40.08967519,0.02763408865491722
40.08973837,0.029526207370107575
40.0957005,0.03309681849393454
40.09575891,0.02737468528267338
40.1036067,0.028000305180437935
40.12056541,0.03389028763256275
40.12059045,0.02861066605630579
40.13157511,0.02630655374990463
40.13160086,0.03312733653772793
40.13162732,0.03096055542839704
40.14687657,0.02699320973525597
40.14695978,0.03141832608529793
40.14700079,0.031143663691157397
40.15174747,0.02801556420233463
40.16764331,0.03656061646448463
40.16772914,0.04448004882887007
40.17704725,0.046173800259403375
40.19064593,0.05062943465323873
40.19072151,0.0486305027847715
40.19861913,0.03358510719462882
40.19867229,0.024490730144197757
40.19871712,0.02784771496147097
40.19876552,0.024002441443503473
40.2132268,0.0251621271076524
40.2133522,0.032074464026855876
40.21922302,0.0307011520561532
40.21934485,0.026535439078355077
40.2286334,0.031784542610818645
40.22869515,0.032227054245822846
40.25285983,0.02623025864042115
40.25463176,0.03044174868390936
40.25468135,0.033829251544975965
40.26360726,0.027954528114747846
40.26366806,0.02963302052338445
40.26558328,0.0341039139391165
40.26563382,0.028336003662165255
40.27876449,0.027740901808194093
40.27884269,0.033875028610666054
40.28870559,0.030853742275120166
40.28877139,0.028030823224231328
40.31194711,0.03312733653772793
40.31206608,0.0311284046692607
40.31214309,0.027359426260776684
40.33078694,0.03389028763256275
40.33085823,0.03405813687342641
40.33472633,0.02822919050888838
40.3348,0.03224231326771954
40.33668709,0.034866865033951325
40.33676219,0.027924010070954453
40.34611273,0.030334935530632486
40.34623933,0.036957351033798734
40.35373402,0.03147936217288472
40.35381126,0.030411230640115968
40.37788439,0.0357976653696498
40.37798691,0.031906614785992216
40.37806511,0.03048752574959945
40.3935945,0.036957351033798734
40.39365125,0.03390554665445945
40.3936851,0.029739833676661324
40.39371634,0.03573662928206302
40.40146899,0.03601129167620355
40.40153146,0.03053330281528954
40.40871477,0.034195468070496685
40.40877676,0.03593499656672007
40.42267585,0.029831387808041506
40.42273688,0.03346303501945525
40.44701862,0.03788815136949721
40.44709086,0.032227054245822846
40.44714665,0.030930037384603648
40.4471972,0.03616388189517052
40.44724894,0.03280689707789731
40.4536202,0.030304417486839094
40.45365071,0.03535515373464561
40.46760845,0.032486457618066684
40.46763706,0.028336003662165255
40.4776547,0.03407339589532311
40.47768116,0.033234149691004806
40.50065017,0.027725642786297397
40.50069547,0.032074464026855876
40.50469446,0.03413443198290989
40.50474524,0.027557793545433737
40.51184607,0.028900587472343024
40.51193643,0.03402761882963302
40.52567697,0.03125047684443427
40.5257566,0.02998397802700847
40.53429317,0.034485389486533916
40.5343349,0.03002975509269856
40.54204154,0.027679865720607308
40.54215765,0.03341725795376516
40.56561613,0.031448844129091325
40.56566596,0.02763408865491722
40.56569815,0.0332646677347982
40.56572914,0.03358510719462882
40.56575704,0.027527275501640344
40.58102632,0.031021591515983826
40.58113122,0.0336919203479057
40.59163809,0.028366521705958648
40.59170437,0.030334935530632486
40.59960508,0.03396658274204623
40.59964728,0.0290074006256199
40.61393785,0.029388876173037308
40.6140604,0.035416189822232394
40.62762356,0.030594338902876324
40.62767124,0.02754253452353704
40.63463187,0.03385976958876936
40.63467431,0.032120241092545965
40.63470626,0.027603570611123826
40.65269756,0.03254749370565347
40.65277267,0.032898451209277486
40.65464187,0.02775616083009079
40.65470219,0.031967650873579
40.66861057,0.034485389486533916
40.66865468,0.028091859311818113
40.69270253,0.029480430304417486
40.69277978,0.034866865033951325
40.69282484,0.029785610742351417
40.69286728,0.02920576791027695
40.70019889,0.034241245136186774
40.70024967,0.030212863355458915
40.70362806,0.027557793545433737
40.71299219,0.03360036621652552
40.71316886,0.031738765545128556
40.72729683,0.027817196917677575
40.72733903,0.0332646677347982
40.73968291,0.0332494087129015
40.73975706,0.02606240939955749
40.75371814,0.032272831311512935
40.75379348,0.03555352101930266
40.75666142,0.02877851529716945
40.75672054,0.029907682917524988
40.7662313,0.03413443198290989
40.76627064,0.029602502479591057
40.76962948,0.02908369573510338
40.77866292,0.034485389486533916
40.80265903,0.030853742275120166
40.80272388,0.02775616083009079
40.80276799,0.03308155947203784
40.81658983,0.03262378881513695
40.81662154,0.028381780727855344
40.82660747,0.032776379034103915
40.82663274,0.03373769741359579
40.83871603,0.02883955138475624
40.83878255,0.03193713282978561
40.83883309,0.034409094377050434
40.83888221,0.028213931486991684
40.85261369,0.030289158464942397
40.85264993,0.03611810482948043
40.88072824,0.03141832608529793
40.88085794,0.02912947280079347
40.88098764,0.035324635690852216
40.88104153,0.032028686961165787
40.88108349,0.030090791180285344
40.88112497,0.03620965896086061
40.88763595,0.033951323720149536
40.88770175,0.028000305180437935
40.90159583,0.03280689707789731
40.90163469,0.034485389486533916
40.90166616,0.028809033340962846
40.93665957,0.03146410315098802
40.93671012,0.03445487144274052
40.93673587,0.02851911192492561
40.93675971,0.029724574654764628
40.93866539,0.034241245136186774
40.93873048,0.029449912260624093
40.93877125,0.028259708552681773
40.93881059,0.034164950026703285
40.95366096,0.030548561837186235
40.95373416,0.02699320973525597
40.96773052,0.032730601968413826
40.9677937,0.032074464026855876
40.96959662,0.027786678873884182
40.98363686,0.0328374151216907
40.98370123,0.03421072709239338
41.00088573,0.031448844129091325
41.0009234,0.03993286030365453
41.00688362,0.051148241397726404
41.0069387,0.051056687266346226
41.00698185,0.04963759822995346
41.00702333,0.04504463263904784
41.021631,0.029358358129243915
41.02169609,0.02230869001297017
41.02958798,0.028580148012512397
41.0296247,0.02851911192492561
41.03464055,0.026459143968871595
41.04868054,0.033371480888075074
41.04875374,0.032394903486686506
41.06261992,0.027527275501640344
41.06266832,0.03259327077134356
41.06762028,0.033493553063248645
41.06765699,0.0272983901731899
41.07860518,0.030090791180285344
41.07863498,0.03352407110704204
41.08462048,0.028000305180437935
41.08466291,0.03019760433356222
41.09861803,0.035538261997405965
41.09865975,0.02998397802700847
41.11266041,0.028702220187685968
41.12561059,0.0349736781872282
41.12563896,0.03167772945754177
41.12957978,0.028580148012512397
41.12960577,0.03447013046463722
41.131778,0.033615625238422216
41.131845,0.02851911192492561
41.14462543,0.0324101625085832
41.14465189,0.034439612420843826
41.15359807,0.02970931563286793
41.15362692,0.0328526741435874
41.17922997,0.03555352101930266
41.17925572,0.02925154497596704
41.18681908,0.030762188143739988
41.18686438,0.03700312809948882
41.19259048,0.032120241092545965
41.19263864,0.030762188143739988
41.2020402,0.03665217059586481
41.20217514,0.03389028763256275
41.21103311,0.030716411078049895
41.2111752,0.03598077363241016
41.22366381,0.03552300297550927
41.2237401,0.03079270618753338
41.23795843,0.035584039063096054
41.23807788,0.036575875486381325
41.23815346,0.03031967650873579
41.24718571,0.033157854581521325
41.24730706,0.03808651865415427
41.25501585,0.032028686961165787
41.25509357,0.032227054245822846
41.26962399,0.0375219348439765
41.26967502,0.032562752727550166
41.27573895,0.03015182726787213
41.27592492,0.0366674296177615
41.29890203,0.03334096284428168
41.29896474,0.028931105516136417
41.31275725,0.035248340581368734
41.31283736,0.0336919203479057
41.31288338,0.0277103837644007
41.3266325,0.03356984817273213
41.32669663,0.03471427481498436
41.32674122,0.028091859311818113
41.32678938,0.030807965209430077
41.3346405,0.03450064850843061
41.33469033,0.02963302052338445
41.34408212,0.030090791180285344
41.34420013,0.034317540245670256
41.36769557,0.0298619058518349
41.36780977,0.02868696116578927
41.37405753,0.03418020904859999
41.37417865,0.030685893034256503
41.3742559,0.027237354085603113
41.38569927,0.032776379034103915
41.38578773,0.03276112001220722
41.38584518,0.027878233005264364
41.38590145,0.03237964446478981
41.39959764,0.032776379034103915
41.39962816,0.02775616083009079
41.40909052,0.031494621194781414
41.40920901,0.03425650415808347
41.43284845,0.028717479209582664
41.43293571,0.0298619058518349
41.43806314,0.03468375677119097
41.43822002,0.029724574654764628
41.4382937,0.028122377355611506
41.44788647,0.03379873350118257
41.44792914,0.030716411078049895
41.45461226,0.02789349202716106
41.45464253,0.03334096284428168
41.46909237,0.0319829098954757
41.46921301,0.026535439078355077
41.48343706,0.030930037384603648
41.48351955,0.03262378881513695
41.49961185,0.026504921034561684
41.49964261,0.030334935530632486
41.50259066,0.03529411764705882
41.50261688,0.029053177691309988
41.51464486,0.02887006942854963
41.51472306,0.033371480888075074
41.52078438,0.02970931563286793
41.52082419,0.027618829633020522
41.53402805,0.034119172961013196
41.53412175,0.031036850537880523
41.55770397,0.027191577019913024
41.5577805,0.032318608377203024
41.55782652,0.03201342793926909
41.5578723,0.027740901808194093
41.58265734,0.031860837720302126
41.58272314,0.03347829404135195
41.58275938,0.027176317998016328
41.58279276,0.030472266727702754
41.58282566,0.03433279926756695
41.5924139,0.028336003662165255
41.59246778,0.02865644312199588
41.61383176,0.03468375677119097
41.6139102,0.029694056610971235
41.62763524,0.028168154421301595
41.62771487,0.03376821545738918
41.63376045,0.03181506065461204
41.63386965,0.028259708552681773
41.64769292,0.03331044480048829
41.6477685,0.032364385442893114
41.64780617,0.027481498435950255
41.64784193,0.031967650873579
41.64788079,0.03421072709239338
41.65514207,0.02835126268406195
41.65520263,0.03031967650873579
41.66875291,0.03405813687342641
41.66882539,0.028946364538033113
41.68270946,0.02958724345769436
41.68278813,0.03483634699015793
41.69162893,0.030518043793392843
41.69168925,0.028809033340962846
41.69764304,0.034531166552224005
41.69771671,0.031738765545128556
41.7027986,0.02877851529716945
41.7166822,0.03584344243533989
41.71677208,0.03590447852292668
41.72262669,0.029221026932173648
41.72269893,0.03268482490272374
41.73685479,0.03414969100480659
41.73698092,0.027527275501640344
41.74967766,0.030731670099946592
41.74975491,0.03529411764705882
41.7566483,0.028976882581826506
41.75670743,0.029068436713206684
41.76476407,0.0341039139391165
41.76486182,0.029388876173037308
41.7666676,0.02713054093232624
41.78060627,0.03364614328221561
41.79357433,0.031280994888227664
41.79362512,0.027222095063706417
41.80716443,0.032776379034103915
41.80729985,0.03228809033340963
41.81471729,0.025680933852140077
41.81480742,0.03134203097581445
41.8235786,0.0345616845960174
41.82363296,0.029053177691309988
41.82859325,0.03247119859616999
41.82864261,0.03981078812848096
41.83490491,0.04034485389486534
41.85861516,0.048340581368734266
41.85869265,0.05658045319295033
41.87287879,0.04556343938353551
41.87298656,0.03215075913633936
41.87306213,0.030090791180285344
41.87313175,0.025909819180590526
41.89672327,0.023422598611429007
41.89679909,0.030899519340810255
41.90484762,0.032730601968413826
41.90495586,0.026947432669565882
41.90503478,0.031143663691157397
41.90510488,0.03321889066910811
41.9118824,0.02780193789578088
41.91200352,0.029999237048905166
41.9120791,0.03381399252307927
41.9297049,0.029602502479591057
41.92978001,0.029907682917524988
41.94406128,0.03425650415808347
41.94418311,0.030014496070801863
41.94601226,0.028824292362859542
41.94614744,0.03466849774929427
41.95366335,0.032440680552376595
41.9537406,0.02798504615854124
41.9676919,0.03372243839169909
41.9677639,0.03346303501945525
41.96781898,0.028198672465094988
41.98269367,0.03230334935530633
41.9827714,0.03463797970550088
41.99669504,0.028854810406652935
41.99677253,0.03096055542839704
42.00579643,0.03489738307774472
42.00587559,0.029922941939421684
42.01103091,0.030594338902876324
42.01115322,0.03634699015793088
42.02124453,0.0328374151216907
42.0213232,0.031021591515983826
42.03270221,0.03663691157396811
42.03277373,0.033493553063248645
42.03282881,0.02937361715114061
42.05770159,0.03518730449378195
42.05777717,0.03561455710688945
42.0578258,0.03091477836270695
42.05786824,0.035324635690852216
42.06789613,0.03743038071259632
42.06794977,0.03163195239185168
42.07660127,0.03338673990997177
42.07664108,0.03730830853742275
42.08757591,0.0319829098954757
42.08760571,0.031967650873579
42.09871125,0.03726253147173266
42.09878206,0.03292896925307088
42.11061597,0.030594338902876324
42.12959552,0.03610284580758373
42.12962556,0.0332494087129015
42.12965035,0.02925154497596704
42.13163424,0.03642328526741436
42.1316855,0.035706111238269625
42.14581823,0.028824292362859542
42.14595556,0.032272831311512935
42.15427542,0.03451590753032731
42.15434194,0.029358358129243915
42.16960907,0.03137254901960784
42.16968775,0.03489738307774472
42.16974282,0.029327840085450523
42.17872787,0.02873273823147936
42.17883801,0.03462272068360418
42.19262743,0.030350194552529183
42.19269228,0.028076600289921417
42.19797158,0.033951323720149536
42.19803214,0.031662470435645074
42.21200848,0.026977950713359275
42.2121439,0.032608529793240255
42.23513699,0.03329518577859159
42.23526835,0.026794842450598915
42.2353487,0.030823224231326773
42.23705649,0.035416189822232394
42.23709679,0.02951094834821088
42.24533486,0.03044174868390936
42.24545789,0.0349736781872282
42.25912237,0.02975509269855802
42.25920057,0.029053177691309988
42.27304888,0.03447013046463722
42.27318621,0.029999237048905166
42.28734159,0.027878233005264364
42.28743505,0.03343251697566186
42.3091836,0.031784542610818645
42.30930471,0.02832074464026856
42.30938053,0.0328374151216907
42.30945086,0.032990005340657665
42.31060743,0.026886396581979097
42.32384539,0.030548561837186235
42.32393289,0.033707179369802394
42.33770537,0.027557793545433737
42.33779335,0.029739833676661324
42.34371114,0.03472953383688106
42.34380078,0.0294193942168307
42.35928869,0.028702220187685968
42.35933757,0.034439612420843826
42.35938263,0.030121309224078737
42.35941577,0.027283131151293202
42.3716855,0.03297474631876097
42.37177277,0.03083848325322347
42.37184286,0.027069504844739453
42.37772202,0.03263904783703365
42.37781024,0.03279163805600061
42.39167213,0.027008468757152668
42.39171052,0.030777447165636684
42.43668866,0.033707179369802394
42.43672013,0.02732890821698329
42.43674421,0.029327840085450523
42.43676734,0.03425650415808347
42.43678951,0.02954146639200427
42.4368124,0.02848859388113222
42.43871808,0.0332646677347982
42.43876958,0.03036545357442588
42.43880987,0.028625925078202486
42.44700861,0.03517204547188525
42.44703436,0.03187609674219882
42.47161198,0.02691691462577249
42.47164369,0.032120241092545965
42.47497606,0.032486457618066684
42.47504568,0.026794842450598915
42.48175001,0.03088426031891356
42.48185515,0.03364614328221561
42.48795915,0.02754253452353704
42.48798919,0.02954146639200427
42.50369906,0.034363317311360345
42.5037272,0.0290074006256199
42.51966953,0.02848859388113222
42.51974678,0.03422598611429008
42.53297853,0.031021591515983826
42.53306174,0.028122377355611506
42.53311849,0.032990005340657665
42.54668546,0.0336919203479057
42.54670954,0.03036545357442588
42.54673243,0.03479056992446784
42.55259252,0.03425650415808347
42.55264282,0.028931105516136417
42.5666914,0.031967650873579
42.56681633,0.03430228122377356
42.56860781,0.02810711833371481
42.59269285,0.029877164873731595
42.5927794,0.034317540245670256
42.5928185,0.028671702143892575
42.59285283,0.027389944304570077
42.60606575,0.03300526436255436
42.60618854,0.03031967650873579
42.61207867,0.027283131151293202
42.61219788,0.033279926756694896
42.6246624,0.03230334935530633
42.62474847,0.02758831158922713
42.6388948,0.032394903486686506
42.63900495,0.03193713282978561
42.64136815,0.026749065384908826
42.6637044,0.03126573586633097
42.66379428,0.035034714274814985
42.67312789,0.030350194552529183
42.67324853,0.034241245136186774
42.67332244,0.04460212100404364
42.67339206,0.04759288929579614
42.69670987,0.05017166399633784
42.69678736,0.05082780193789578
42.69683218,0.03700312809948882
42.69687366,0.024841687647821773
42.69863725,0.027115281910429542
42.69868731,0.02691691462577249
42.69872642,0.02468909742885481
42.71300459,0.031143663691157397
42.7131238,0.03179980163271534
42.73692822,0.02766460669871061
42.73704696,0.03189135576409552
42.73712325,0.03271534294651713
42.73719168,0.028503852903028915
42.74321818,0.03083848325322347
42.74334049,0.03509575036240177
42.75268483,0.029495689326314183
42.752774,0.028259708552681773
42.76692724,0.03376821545738918
42.7670269,0.02989242389562829
42.77224779,0.02827496757457847
42.79560781,0.0345616845960174
42.79564643,0.03213550011444266
42.79567194,0.027069504844739453
42.79758358,0.03268482490272374
42.79761219,0.03364614328221561
42.81086421,0.027603570611123826
42.81097388,0.03053330281528954
42.8186481,0.03514152742809186
42.81871462,0.03044174868390936
42.84375072,0.03158617532616159
42.84381866,0.035828183413443196
42.84388924,0.030411230640115968
42.85265517,0.028946364538033113
42.85272741,0.03504997329671168
42.86271524,0.03347829404135195
42.86279368,0.029358358129243915
42.86596131,0.03601129167620355
42.86603975,0.035080491340505074
42.87891507,0.02970931563286793
42.87898707,0.03480582894636454
42.88464665,0.035828183413443196
42.88471651,0.02993820096131838
42.9119339,0.033325703822384985
42.91205883,0.03634699015793088
42.91213727,0.03053330281528954
42.91395402,0.03250171663996338
42.9140842,0.03694209201190204
42.92767787,0.03245593957427329
42.92776036,0.031097886625467308
42.92780733,0.03613336385137713
42.92785001,0.032730601968413826
42.96274686,0.030090791180285344
42.96280146,0.03576714732585641
42.9628365,0.03375295643549248
42.96286869,0.02873273823147936
42.97261977,0.03350881208514534
42.97266006,0.03488212405584802
42.97269249,0.028885328450446328
42.98158908,0.03143358510719463
42.98162532,0.03514152742809186
42.98767972,0.028809033340962846
42.98774147,0.02954146639200427
43.00161743,0.03402761882963302
43.00165963,0.029144731822690166
43.00797391,0.027786678873884182
43.00804472,0.033783474479285876
43.03263688,0.030823224231326773
43.03272533,0.02754253452353704
43.03278184,0.03335622186617838
43.03281903,0.032730601968413826
43.03284836,0.02775616083009079
43.04774809,0.031998168917372394
43.0479176,0.03245593957427329
43.0551343,0.027435721370260166
43.05519128,0.03108262760357061
43.06862545,0.03466849774929427
43.0686667,0.028412298771648737
43.09299183,0.02934309910734722
43.09306693,0.03425650415808347
43.09311271,0.029068436713206684
43.09315467,0.02766460669871061
43.09565878,0.034119172961013196
43.0957129,0.031097886625467308
43.10161924,0.026153963530937668
43.11658573,0.032898451209277486
43.11662507,0.03271534294651713
43.12056327,0.02732890821698329
43.14390278,0.03150988021667811
43.14400268,0.032990005340657665
43.14405823,0.027832455939574275
43.1441083,0.030853742275120166
43.14415789,0.03300526436255436
43.15362763,0.027237354085603113
43.15367079,0.030090791180285344
43.16860843,0.03501945525291829
43.16863823,0.0290074006256199
43.17869616,0.027344167238879988
43.1787746,0.033707179369802394
43.21292925,0.030075532158388648
43.21306491,0.026825360494392308
43.21864367,0.03279163805600061
43.21871567,0.03158617532616159
43.21877551,0.02716105897611963
43.21884179,0.03210498207064927
43.22459197,0.03302052338445106
43.22465205,0.027054245822842757
43.23489356,0.030350194552529183
43.23497415,0.0336919203479057
43.2350316,0.028503852903028915
43.247679,0.02865644312199588
43.24778581,0.033997100785839625
43.27163553,0.030289158464942397
43.27169657,0.028747997253376057
43.27172971,0.0341039139391165
43.2717607,0.03044174868390936
43.27356887,0.026947432669565882
43.27360487,0.03291371023117418
43.2876277,0.03266956588082704
43.28768158,0.02763408865491722
43.29663444,0.03204394598306248
43.29668927,0.03329518577859159
43.30161715,0.02720683604180972
43.31463861,0.029953459983215077
43.31472421,0.03338673990997177
43.33867145,0.028381780727855344
43.33872867,0.029526207370107575
43.34060168,0.0345616845960174
43.34063792,0.029480430304417486
43.34066772,0.027100022888532846
43.34070754,0.03523308155947204
43.35765982,0.033035782406347754
43.35776901,0.0285648889906157
43.37168002,0.03356984817273213
43.3717525,0.033447775997558556
43.38063312,0.02951094834821088
43.40534711,0.0345616845960174
43.40540004,0.03518730449378195
43.40543199,0.027512016479743648
43.40546179,0.03048752574959945
43.41769218,0.03488212405584802
43.41772199,0.02908369573510338
43.41774559,0.0294193942168307
43.41777873,0.034821087968261236
43.417804,0.029663538567177843
43.41782713,0.027191577019913024
43.43259954,0.03297474631876097
43.43262911,0.030167086289768826
43.44160056,0.02597085526817731
43.45460749,0.0328526741435874
43.45463538,0.0324101625085832
43.46159983,0.02737468528267338
43.46162844,0.03164721141374838
43.46958995,0.033325703822384985
43.46961546,0.02708476386663615
43.47660065,0.02934309910734722
43.48960972,0.034821087968261236
43.48968577,0.0328526741435874
43.48971272,0.03884946974898909
43.50357699,0.05029373617151141
43.5036037,0.051392385748073546
43.51895452,0.04658579385061418
43.51908922,0.04327458609903105
43.52063704,0.031403067063401235
43.52069163,0.021820401312275882
43.53361583,0.027267872129396506
43.53365993,0.029022659647516595
43.54268026,0.025818265049210344
43.54273915,0.030899519340810255
43.5666275,0.03302052338445106
43.56666517,0.027969787136644542
43.5666914,0.030182345311665523
43.56671596,0.03373769741359579
43.56673956,0.027969787136644542
43.57665229,0.02784771496147097
43.57672548,0.03389028763256275
43.58968902,0.030334935530632486
43.58976531,0.028091859311818113
43.59913516,0.033829251544975965
43.599195,0.03125047684443427
43.62366319,0.02713054093232624
43.6237278,0.032776379034103915
43.62376571,0.03247119859616999
43.62379909,0.027573052567330433
43.63858032,0.03263904783703365
43.63862538,0.033539330128938734
43.64062381,0.027313649195086595
43.64563298,0.030716411078049895
43.64568973,0.03480582894636454
43.6586597,0.02865644312199588
43.65870905,0.02929732204165713
43.66660547,0.03572137026016632
43.6666398,0.031036850537880523
43.69169092,0.028290226596475166
43.69177532,0.03544670786602579
43.69183445,0.032822156099794005
43.69188809,0.028336003662165255
43.70062137,0.034119172961013196
43.70066571,0.03480582894636454
43.70070982,0.029785610742351417
43.71511173,0.03373769741359579
43.71520114,0.03521782253757534
43.72172236,0.030350194552529183
43.72179842,0.033401998931868467
43.74570012,0.0366674296177615
43.74578857,0.030472266727702754
43.74584365,0.031189440756847486
43.74589682,0.03663691157396811
43.7546041,0.03129625391012436
43.7546351,0.02908369573510338
43.76400566,0.035370412756542305
43.76403427,0.033951323720149536
43.76406026,0.028992141603723202
43.77862549,0.03422598611429008
43.80262256,0.034607461661707486
43.80268812,0.028366521705958648
43.80273056,0.032166018158236054
43.80277038,0.03381399252307927
43.80281019,0.02758831158922713
43.81763506,0.02981612878614481
43.81766272,0.033539330128938734
43.81768608,0.027283131151293202
43.81770825,0.02780193789578088
43.85962486,0.033783474479285876
43.85967326,0.028854810406652935
43.86319757,0.026794842450598915
43.86329079,0.032990005340657665
43.8633244,0.030334935530632486
43.86335635,0.025925078202487222
43.88601351,0.03167772945754177
43.88624406,0.03125047684443427
43.8863194,0.025391012436102846
43.88640022,0.02958724345769436
43.88763332,0.03279163805600061
43.88768601,0.027527275501640344
43.90166616,0.02946517128252079
43.90174603,0.032944228274967575
43.90180278,0.027176317998016328
43.91212606,0.027359426260776684
43.91225362,0.03334096284428168
43.93464255,0.029266803997863737
43.93474269,0.026626993209735255
43.94064736,0.031952391851682305
43.9407258,0.029968719005111773
43.94460464,0.026413366903181506
43.94467902,0.03181506065461204
43.95382047,0.03181506065461204
43.95388007,0.02571145189593347
43.96401286,0.02998397802700847
43.9640739,0.03247119859616999
43.97310352,0.025680933852140077
43.97811937,0.028091859311818113
43.97825265,0.0332646677347982
44.0020864,0.027740901808194093
44.002177,0.0272983901731899
44.00223088,0.03259327077134356
44.0022819,0.0281528953994049
44.01176453,0.026535439078355077
44.01183653,0.032318608377203024
44.02075648,0.029907682917524988
44.02083325,0.02554360265506981
44.03367591,0.03125047684443427
44.0337379,0.031525139238574806
44.0337832,0.025635156786449988
44.05899954,0.029922941939421684
44.05907536,0.032394903486686506
44.05912113,0.026550698100251773
44.05916524,0.028946364538033113
44.06864691,0.03314259555962463
44.06871819,0.02758831158922713
44.07479429,0.02784771496147097
44.07489109,0.033157854581521325
44.0896976,0.028290226596475166
44.08977413,0.026459143968871595
44.0977354,0.03295948729686427
44.09779406,0.030304417486839094
44.11566234,0.026260776684214542
44.11961603,0.031616693369954985
44.11964273,0.031448844129091325
44.1336112,0.025818265049210344
44.13364005,0.02989242389562829
44.13366461,0.032532234683756774
44.14689374,0.027557793545433737
44.14697099,0.0294193942168307
44.16171813,0.032562752727550166
44.16180563,0.027405203326466773
44.17474103,0.028336003662165255
44.17482138,0.03375295643549248
44.17487764,0.029556725413900968
44.18868685,0.02725261310749981
44.18876243,0.03364614328221561
44.1887989,0.030945296406500344
44.18883252,0.027008468757152668
44.19879913,0.03329518577859159
44.198879,0.03363088426031891
44.20803261,0.028473334859235522
44.20813298,0.032120241092545965
44.22174406,0.03297474631876097
44.2218101,0.026794842450598915
44.23469949,0.029602502479591057
44.23477459,0.03422598611429008
44.2587142,0.02832074464026856
44.25879216,0.02737468528267338
44.25883818,0.032440680552376595
44.27303338,0.0281528953994049
44.27311087,0.025818265049210344
44.27317381,0.03309681849393454
44.27322435,0.03146410315098802
44.2858994,0.02673380636301213
44.28602481,0.031067368581673915
44.2936666,0.03138780804150454
44.29372692,0.027115281910429542
44.30773044,0.03100633249408713
44.30783081,0.032700083924620434
44.30790615,0.026077668421454186
44.33199024,0.0290074006256199
44.33207917,0.0357976653696498
44.33212495,0.03450064850843061
44.33217049,0.04115358205539025
44.33368397,0.054734111543450065
44.3337326,0.05046158541237507
44.34698415,0.03913939116502632
44.34708357,0.033783474479285876
44.35466003,0.025177386129549097
44.35472631,0.021988250553139545
44.37921143,0.02887006942854963
44.37933111,0.030426489662012664
44.37940717,0.02554360265506981
44.38110113,0.029800869764248113
44.38122296,0.03208972304875257
44.39061427,0.02542153047989624
44.39065671,0.0290074006256199
44.39861369,0.03439383535515374
44.39865518,0.028549629968719004
44.41270351,0.0277103837644007
44.41273332,0.033279926756694896
44.41871142,0.029312581063553826
44.41878247,0.027603570611123826
44.44387555,0.033615625238422216
44.4439528,0.031097886625467308
44.44400787,0.026718547341115433
44.44405866,0.03218127718013275
44.44410992,0.03237964446478981
44.45862675,0.02652018005645838
44.45866466,0.030975814450293737
44.46361566,0.033783474479285876
44.48969579,0.02827496757457847
44.48979974,0.030334935530632486
44.49165678,0.03517204547188525
44.49172425,0.02989242389562829
44.50477672,0.028809033340962846
44.50487852,0.03500419623102159
44.50495219,0.031143663691157397
44.52868748,0.02887006942854963
44.52876401,0.03504997329671168
44.52880192,0.03329518577859159
44.52883577,0.028503852903028915
44.53495073,0.03407339589532311
44.53501272,0.03445487144274052
44.54908371,0.03002975509269856
44.54921913,0.033951323720149536
44.57277465,0.03596551461051346
44.57290578,0.029022659647516595
44.57298183,0.03179980163271534
44.57305169,0.0366826886396582
44.57312012,0.03228809033340963
44.59775925,0.031113145647364004
44.59784961,0.03704890516517891
44.59790659,0.033401998931868467
44.59796715,0.029556725413900968
44.59965181,0.036087586785687034
44.59969401,0.03405813687342641
44.61711407,0.028885328450446328
44.61723256,0.03360036621652552
44.64096332,0.03300526436255436
44.64107752,0.028198672465094988
44.64511132,0.03266956588082704
44.64523196,0.03517204547188525
44.64531064,0.027908751049057757
44.65278459,0.0290074006256199
44.65288162,0.03405813687342641
44.65292811,0.02835126268406195
44.65297127,0.02934309910734722
44.6696732,0.03517204547188525
44.66973639,0.03048752574959945
44.68510342,0.0272983901731899
44.68522596,0.03360036621652552
44.69266033,0.03138780804150454
44.69271016,0.026977950713359275
44.69767189,0.0319829098954757
44.69772196,0.03279163805600061
44.70371914,0.027740901808194093
44.71296072,0.03137254901960784
44.7130816,0.033829251544975965
44.72309327,0.02801556420233463
44.72315884,0.02883955138475624
44.745785,0.03421072709239338
44.74585223,0.029571984435797664
44.74589133,0.028381780727855344
44.74592566,0.03350881208514534
44.75367522,0.029800869764248113
44.75375056,0.029068436713206684
44.76768494,0.0349736781872282
44.76774478,0.03181506065461204
44.76778841,0.02661173418783856
44.78265929,0.03205920500495918
44.78268433,0.032944228274967575
44.796628,0.02742046234836347
44.79669476,0.03091477836270695
44.81259036,0.03375295643549248
44.81262064,0.028046082246128024
44.8126452,0.029098954757000077
44.81266904,0.03418020904859999
44.81965613,0.02934309910734722
44.81968093,0.02798504615854124
44.83362103,0.033997100785839625
44.83366513,0.031189440756847486
44.84903264,0.027832455939574275
44.8491683,0.03356984817273213
44.86266875,0.031967650873579
44.86274409,0.027283131151293202
44.86907196,0.03280689707789731
44.86912465,0.033493553063248645
44.87516117,0.02742046234836347
44.87521267,0.03096055542839704
44.88902092,0.03466849774929427
44.88915896,0.028458075837338826
44.89302683,0.02925154497596704
44.89317727,0.033661402304112305
44.9026401,0.029953459983215077
44.92703056,0.029221026932173648
44.92709899,0.03450064850843061
44.93997288,0.030426489662012664
44.94005942,0.027344167238879988
44.94010544,0.03343251697566186
44.9401474,0.031784542610818645
44.96369743,0.02749675745784695
44.9637816,0.03358510719462882
44.96860147,0.03471427481498436
44.96866417,0.028137636377508202
44.97773027,0.031525139238574806
44.97777176,0.034912642099641414
44.97780395,0.029114213778896773
44.98701215,0.0302738994430457
44.98708296,0.03506523231860838
45.00060701,0.0298619058518349
45.00066352,0.02865644312199588
45.00859308,0.03602655069810025
45.00863338,0.03276112001220722
45.01794052,0.029068436713206684
45.01805878,0.034485389486533916
45.01980591,0.03329518577859159
45.0199275,0.03006027313649195
45.03270149,0.03492790112153811
45.03277755,0.0345464255741207
45.03282428,0.02801556420233463
45.06267405,0.032654306858930345
45.06274915,0.035324635690852216
45.06279778,0.029022659647516595
45.06283998,0.029617761501487753
45.06562471,0.034363317311360345
45.06568408,0.030045014114595255
45.08202839,0.02963302052338445
45.08205748,0.034607461661707486
45.08501101,0.031021591515983826
45.08503962,0.02851911192492561
45.09858489,0.034363317311360345
45.10084128,0.03279163805600061
45.10091805,0.027695124742504004
45.12405086,0.0324101625085832
45.12408066,0.03402761882963302
45.12565804,0.028747997253376057
45.13375831,0.034241245136186774
45.13380647,0.04130617227435721
45.14281344,0.041367208361944
45.1428926,0.04982070649271382
45.15681553,0.05691615167467765
45.15689254,0.045471885252155335
45.17111206,0.03375295643549248
45.17117929,0.030945296406500344
45.17682505,0.024460212100404364
45.19090199,0.02447547112230106
45.19103646,0.03396658274204623
45.19111443,0.03291371023117418
45.19118714,0.02699320973525597
45.20150828,0.03309681849393454
45.20158553,0.034409094377050434
45.20865798,0.02758831158922713
45.20870948,0.030807965209430077
45.22312212,0.035156786449988556
45.22324276,0.029877164873731595
45.2367065,0.030853742275120166
45.23678398,0.03535515373464561
45.24566436,0.030426489662012664
45.25141311,0.029404135194934004
45.25155473,0.035080491340505074
45.25912929,0.031967650873579
45.25924873,0.02868696116578927
45.26869321,0.034912642099641414
45.26875544,0.03247119859616999
45.27583122,0.02822919050888838
45.2759037,0.03552300297550927
45.30135369,0.036041809719996945
45.30143023,0.028641184100099183
45.30147576,0.03234912642099642
45.30152702,0.036865796902418556
45.30156827,0.03131151293202106
45.31403518,0.03163195239185168
45.3141706,0.03688105592431525
45.32282519,0.03215075913633936
45.32290435,0.030502784771496146
45.33170342,0.03701838712138552
45.33177996,0.034363317311360345
45.35393071,0.03019760433356222
45.35405207,0.036408026245517665
45.35903335,0.035873960479133285
45.35915518,0.029999237048905166
45.37272143,0.03578240634775311
45.37279654,0.03877317463950561
45.37284088,0.032318608377203024
45.37465596,0.03480582894636454
45.37470937,0.03718623636224918
45.39874697,0.03208972304875257
45.39883041,0.033325703822384985
45.40770102,0.03782711528191043
45.40774417,0.03192187380788891
45.42216611,0.03134203097581445
45.42228556,0.0371099412527657
45.43502021,0.0332646677347982
45.43509388,0.02946517128252079
45.43513918,0.03572137026016632
45.43518186,0.03477531090257115
45.44876409,0.02865644312199588
45.44886231,0.03170824750133516
45.44891691,0.03492790112153811
45.46260667,0.029236285954070344
45.46263647,0.031158922713054094
45.46266198,0.035324635690852216
45.46268702,0.02925154497596704
45.48261738,0.029266803997863737
45.48264289,0.03421072709239338
45.49261165,0.029602502479591057
45.49263573,0.027969787136644542
45.49759603,0.03425650415808347
45.49762034,0.031021591515983826
45.5127008,0.027603570611123826
45.51278067,0.033157854581521325
45.52494335,0.030746929121843288
45.52505469,0.027115281910429542
45.52513123,0.032227054245822846
45.53864789,0.03300526436255436
45.55282235,0.026901655603875793
45.55290008,0.029831387808041506
45.56171846,0.03341725795376516
45.56179333,0.028366521705958648
45.56786132,0.02887006942854963
45.56790781,0.0340886549172198
45.56794405,0.0290074006256199
45.58254123,0.027527275501640344
45.582582,0.033676661326009
45.59184742,0.030182345311665523
45.59188867,0.025848783093003737
45.60260177,0.032166018158236054
45.60264754,0.031326771953917754
45.61662078,0.026153963530937668
45.61666393,0.030304417486839094
45.61669517,0.03138780804150454
45.61672497,0.026001373311970704
45.63162494,0.02903791866941329
45.63166928,0.033203631647211414
45.63170171,0.027389944304570077
45.64662433,0.026718547341115433
45.64666677,0.03247119859616999
45.66972566,0.027924010070954453
45.66980171,0.026291294728007935
45.67477632,0.032608529793240255
45.67482114,0.029739833676661324
45.67699194,0.0255893797207599
45.67703295,0.03079270618753338
45.68963718,0.029724574654764628
45.68968058,0.026199740596627757
45.6956203,0.030975814450293737
45.69566202,0.03138780804150454
45.70688534,0.025146868085755704
45.71494627,0.028473334859235522
45.71498799,0.032272831311512935
45.73671246,0.026047150377660793
45.73678732,0.026321812771801328
45.73860621,0.031189440756847486
45.73863888,0.027771419851987486
45.73866868,0.026260776684214542
45.73869729,0.03179980163271534
45.75469112,0.02954146639200427
45.75474787,0.026199740596627757
45.77763772,0.030945296406500344
45.77768278,0.030045014114595255
45.77771521,0.02511635004196231
45.78562117,0.02970931563286793
45.79860282,0.030716411078049895
45.79865217,0.025223163195239186
45.7986877,0.028168154421301595
45.79871845,0.0315556572823682
45.79874802,0.026001373311970704
45.80858707,0.026535439078355077
45.80861974,0.031158922713054094
45.82081866,0.027679865720607308
45.82091713,0.02661173418783856
45.84361243,0.031998168917372394
45.84363866,0.02832074464026856
45.85782743,0.02571145189593347
45.8579042,0.03254749370565347
45.85795951,0.03141832608529793
45.85800934,0.025436789501792935
45.86767244,0.029877164873731595
45.86772323,0.030807965209430077
45.87786412,0.024048218509193562
45.87789965,0.027786678873884182
45.88490415,0.03179980163271534
45.8849771,0.024872205691615166
45.90867162,0.024551766231784542
45.90874314,0.030548561837186235
45.90877581,0.02681010147249561
45.90880489,0.024658579385061417
45.9088335,0.029999237048905166
45.92395854,0.026657511253528648
45.92406154,0.022461280231937133
45.93269873,0.030182345311665523
45.93276453,0.029602502479591057
45.94679761,0.023605706874189364
45.94689393,0.027100022888532846
45.95998144,0.028885328450446328
45.96009612,0.02459754329747463
45.9736824,0.030731670099946592
45.97373605,0.039291981383993285
45.97377396,0.040329594872968645
45.99294543,0.045914396887159536
45.99306512,0.04975967040512703
45.99314237,0.037796597238117034
45.99321675,0.025391012436102846
45.99470997,0.02418554970626383
45.99478745,0.02111848630502785
46.00867605,0.019851987487602044
46.00872397,0.028137636377508202
46.03261852,0.027954528114747846
46.0326457,0.02299534599832151
46.03266954,0.026703288319218737
46.03269291,0.029495689326314183
46.03271651,0.02374303807125963
46.04763985,0.02597085526817731
46.04768229,0.029098954757000077
46.05701447,0.024719615472648202
46.05705023,0.025482566567483024
46.07216644,0.03044174868390936
46.07222486,0.0247348744945449
46.08368921,0.02340733958953231
46.08371353,0.028793774319066146
46.09368777,0.027618829633020522
46.09372211,0.02491798275730526
46.0976243,0.02998397802700847
46.10431719,0.028336003662165255
46.10436225,0.02340733958953231
46.11261249,0.028137636377508202
46.11263728,0.029922941939421684
46.12697291,0.024109254596780347
46.1270113,0.027222095063706417
46.14171934,0.03100633249408713
46.14179468,0.026031891355764097
46.15265799,0.02597085526817731
46.15268373,0.03117418173495079
46.15766001,0.02673380636301213
46.15768385,0.0255893797207599
46.16664076,0.03143358510719463
46.16667938,0.028137636377508202
46.18320417,0.02464332036316472
46.18333888,0.03215075913633936
46.19769621,0.031067368581673915
46.19778275,0.025772487983520255
46.19782948,0.03010605020218204
46.19787216,0.03263904783703365
46.21278572,0.0260166323338674
46.21289587,0.028534370946822308
46.218997,0.0328526741435874
46.21907115,0.02691691462577249
46.2326982,0.026489662012664988
46.23279715,0.032562752727550166
46.23284197,0.02775616083009079
46.25786901,0.025803006027313648
46.25799179,0.03108262760357061
46.25806832,0.02780193789578088
46.2581377,0.025345235370412757
46.2660532,0.031097886625467308
46.26617599,0.02937361715114061
46.27870989,0.022919050888838024
46.27878928,0.02822919050888838
46.28462052,0.030411230640115968
46.28465891,0.024551766231784542
46.29864407,0.02652018005645838
46.29870296,0.029846646829938202
46.31277442,0.02371252002746624
46.32171464,0.024490730144197757
46.32180309,0.03060959792477302
46.32659864,0.02630655374990463
46.32664108,0.02340733958953231
46.33267093,0.0298619058518349
46.33274627,0.02763408865491722
46.34661794,0.023132677195391776
46.34666681,0.02766460669871061
46.35471535,0.028946364538033113
46.35481572,0.02481116960402838
46.37989473,0.028381780727855344
46.37997103,0.02967879758907454
46.38001728,0.023636224917982757
46.40374708,0.026626993209735255
46.40382028,0.03088426031891356
46.40386724,0.024826428625925077
46.40390944,0.024841687647821773
46.41771507,0.031021591515983826
46.41786194,0.0268711375600824
46.41791797,0.024444953078507668
46.4179709,0.029724574654764628
46.4180212,0.02754253452353704
46.41807699,0.024246585793850615
46.43326139,0.029785610742351417
46.43329597,0.029388876173037308
46.43332124,0.024673838406958113
46.46067476,0.028198672465094988
46.46070552,0.030289158464942397
46.46072912,0.02447547112230106
46.46075201,0.02699320973525597
46.4696188,0.030716411078049895
46.46964693,0.02494850080109865
46.47159839,0.026123445487144275
46.48468089,0.0315556572823682
46.48474312,0.026123445487144275
46.49666905,0.02491798275730526
46.49672198,0.031494621194781414
46.49675846,0.028473334859235522
46.52177143,0.02435339894712749
46.52188849,0.02958724345769436
46.5219655,0.03022812237735561
46.52203465,0.025070572976272222
46.53668308,0.028534370946822308
46.53677201,0.03176928358892195
46.54206467,0.025879301136797133
46.54212713,0.027557793545433737
46.5547595,0.03179980163271534
46.55488658,0.026596475165941862
46.56972742,0.0264438849469749
46.56982565,0.032120241092545965
46.58266687,0.027435721370260166
46.59213734,0.02528419928282597
46.59221649,0.030212863355458915
46.59227014,0.03010605020218204
46.59234023,0.02627603570611124
46.60096431,0.03091477836270695
46.60113096,0.03015182726787213
46.61376452,0.024826428625925077
46.61381793,0.0294193942168307
46.62310147,0.032272831311512935
46.62321019,0.025879301136797133
46.64807773,0.028336003662165255
46.64815545,0.03259327077134356
46.64820075,0.027603570611123826
46.66109085,0.028198672465094988
46.66121054,0.03384451056687266
46.66873646,0.029236285954070344
46.66885948,0.02696269169146258
46.68267536,0.03385976958876936
46.68273568,0.03193713282978561
46.68278289,0.027512016479743648
46.68282604,0.03230334935530633
46.71271539,0.031525139238574806
46.71278954,0.02468909742885481
46.72266626,0.03015182726787213
46.72272587,0.035034714274814985
46.72277164,0.0277103837644007
46.72281337,0.028046082246128024
46.72285438,0.032730601968413826
46.72685242,0.02766460669871061
46.72692251,0.027679865720607308
46.7328763,0.033615625238422216
46.73294926,0.02887006942854963
46.75172472,0.026337071793698024
46.75179005,0.03364614328221561
46.76110291,0.03125047684443427
46.76122308,0.02618448157473106
46.7752645,0.03176928358892195
46.77533889,0.03125047684443427
46.77538466,0.02732890821698329
46.78165603,0.03390554665445945
46.78926921,0.03994811932555123
46.78940821,0.0426489662012665
46.80106783,0.05120927748531319
46.80120659,0.053803311207751586
46.80128622,0.03997863736934462
46.82366848,0.029114213778896773
46.8236959,0.028595407034409093
46.82577658,0.023941405355916687
46.82582092,0.0243076218814374
46.83864093,0.032272831311512935
46.83867311,0.031113145647364004
46.83869791,0.026672770275425344
46.84764171,0.03193713282978561
46.86004114,0.03215075913633936
46.86017966,0.027054245822842757
46.86025858,0.031067368581673915
46.86776423,0.033615625238422216
46.86780787,0.027405203326466773
46.8916657,0.02981612878614481
46.89169455,0.03488212405584802
46.89171791,0.028702220187685968
46.89174008,0.02789349202716106
46.91763091,0.03512626840619516
46.91766644,0.031326771953917754
46.91966844,0.02896162355992981
46.91971827,0.03483634699015793
46.92267179,0.03234912642099642
46.92272377,0.028503852903028915
46.94571376,0.03385976958876936
46.94578958,0.03375295643549248
46.94583559,0.029327840085450523
46.94587946,0.033279926756694896
46.95576096,0.03480582894636454
46.95582175,0.029877164873731595
46.96512198,0.032394903486686506
46.96524477,0.03677424277103838
46.96910548,0.03079270618753338
46.98269343,0.02998397802700847
46.98275638,0.03799496452277409
46.9968071,0.03466849774929427
46.99692726,0.031021591515983826
47.01031375,0.03718623636224918
47.01039004,0.03559929808499275
47.01466489,0.030334935530632486
47.0147326,0.0358129243915465
47.02283978,0.03788815136949721
47.02294207,0.031784542610818645
47.03224421,0.03504997329671168
47.03236485,0.03784237430380712
47.03683281,0.032227054245822846
47.05270314,0.03360036621652552
47.05277753,0.03765926604104677
47.05968857,0.032166018158236054
47.05971766,0.03280689707789731
47.06900191,0.038452735179674985
47.06905198,0.03396658274204623
47.0775733,0.03019760433356222
47.07761788,0.03649958037689784
47.08965993,0.0354009308003357
47.08968592,0.03048752574959945
47.09689212,0.034821087968261236
47.09697485,0.03500419623102159
47.11267948,0.030075532158388648
47.12465739,0.03302052338445106
47.12468314,0.03585870145723659
47.13858557,0.03019760433356222
47.13861609,0.03125047684443427
47.13864088,0.03601129167620355
47.16281867,0.030167086289768826
47.16295481,0.030350194552529183
47.16303039,0.03688105592431525
47.16310143,0.0324101625085832
47.16316199,0.02993820096131838
47.17765379,0.03593499656672007
47.18675566,0.0336919203479057
47.18686843,0.029068436713206684
47.18694782,0.0336919203479057
47.20105553,0.03492790112153811
47.20119357,0.029953459983215077
47.20669436,0.03350881208514534
47.2067709,0.03639276722362097
47.21463537,0.029922941939421684
47.21469951,0.031113145647364004
47.21474171,0.035416189822232394
47.21664,0.030746929121843288
47.23090577,0.03170824750133516
47.23104382,0.03859006637674525
47.23112154,0.032944228274967575
47.25579,0.02917524986648356
47.25590658,0.03492790112153811
47.25598145,0.032776379034103915
47.25605035,0.028747997253376057
47.2708652,0.03488212405584802
47.27094126,0.0358129243915465
47.27098083,0.029388876173037308
47.27101564,0.0328526741435874
47.28464699,0.03547722590981918
47.28469992,0.0294193942168307
47.3000803,0.03134203097581445
47.30020452,0.036621652552071414
47.30868912,0.031326771953917754
47.32167006,0.029785610742351417
47.32173371,0.03562981612878614
47.3217864,0.031784542610818645
47.32183766,0.0315556572823682
47.33207297,0.03663691157396811
47.33219361,0.03430228122377356
47.34509254,0.029663538567177843
47.34516954,0.03476005188067445
47.35411263,0.03466849774929427
47.35419655,0.028641184100099183
47.36808372,0.03347829404135195
47.36820626,0.036194399938963916
47.38208866,0.030807965209430077
47.38865137,0.031952391851682305
47.38871884,0.036453803311207754
47.40292621,0.03141832608529793
47.40309572,0.030670634012359806
47.40808225,0.03631647211413749
47.40812492,0.0324101625085832
47.40815949,0.0281528953994049
47.40819216,0.03617914091706722
47.43179321,0.035538261997405965
47.43186116,0.029098954757000077
47.43189788,0.0340886549172198
47.43193221,0.03572137026016632
47.43196511,0.03010605020218204
47.44658327,0.03430228122377356
47.45474815,0.036911573968108645
47.45485687,0.030899519340810255
47.46504569,0.032562752727550166
47.46518421,0.037628747997253374
47.47805309,0.033783474479285876
47.47813988,0.032608529793240255
47.49204826,0.037415121690699625
47.49218678,0.03360036621652552
47.5056901,0.030548561837186235
47.50578427,0.03584344243533989
47.50582218,0.03407339589532311
47.50983763,0.029968719005111773
47.50989127,0.03445487144274052
47.53605294,0.03492790112153811
47.53618956,0.029144731822690166
47.54058385,0.03247119859616999
47.54063773,0.03544670786602579
47.55362582,0.02912947280079347
47.55368471,0.031662470435645074
47.56811905,0.03700312809948882
47.56825638,0.03126573586633097
47.5683322,0.03010605020218204
47.56840229,0.03614862287327383
47.58164334,0.03271534294651713
47.58175015,0.0285648889906157
47.58179736,0.03630121309224079
47.59147906,0.03813229571984436
47.59152102,0.03871213855191882
47.59936738,0.04974441138323033
47.59948874,0.05767910276951248
47.62404966,0.04936293583581292
47.62417555,0.04226749065384909
47.62582779,0.03601129167620355
47.62588644,0.024490730144197757
47.63089108,0.025467307545586328
47.63102317,0.03422598611429008
47.63875341,0.03060959792477302
47.64764905,0.029388876173037308
47.64770913,0.03588921950102998
47.65906143,0.03228809033340963
47.65913367,0.028824292362859542
47.67270446,0.03504997329671168
47.67278099,0.03396658274204623
47.69690514,0.028702220187685968
47.6970284,0.03314259555962463
47.69721317,0.03533989471274891
47.69728613,0.028992141603723202
47.69870305,0.03230334935530633
47.69875026,0.03596551461051346
47.70090938,0.030899519340810255
47.71269011,0.031494621194781414
47.71276522,0.03614862287327383
47.72369814,0.032486457618066684
47.72377038,0.031448844129091325
47.74769402,0.03688105592431525
47.74777079,0.033112077515831236
47.74781632,0.030121309224078737
47.74785876,0.03639276722362097
47.75515103,0.034576943617914094
47.75519252,0.029968719005111773
47.76911902,0.03439383535515374
47.76923847,0.03717097734035248
47.77080798,0.03204394598306248
47.77865171,0.0345464255741207
47.77869439,0.03744563973449302
47.80303812,0.0319829098954757
47.80306864,0.03314259555962463
47.8030951,0.038574807354848556
47.8031199,0.03347829404135195
47.81559634,0.03147936217288472
47.81562304,0.03836118104829481
47.81859732,0.03585870145723659
47.81862402,0.032166018158236054
47.8325913,0.03785763332570382
47.83261919,0.036621652552071414
47.84765077,0.030899519340810255
47.84771156,0.0362706950484474
47.86203694,0.03717097734035248
47.86210227,0.032867933165484094
47.87017369,0.035156786449988556
47.87021661,0.03846799420157168
47.87541199,0.03192187380788891
47.87545395,0.03245593957427329
47.88885808,0.03723201342793927
47.88896179,0.032898451209277486
47.89365101,0.030991073472190434
47.89370728,0.03688105592431525
47.90184784,0.032776379034103915
47.91397381,0.028213931486991684
47.91404438,0.035370412756542305
47.93922305,0.034439612420843826
47.93928218,0.02946517128252079
47.94115329,0.033951323720149536
47.94119048,0.0345464255741207
47.94122148,0.028046082246128024
47.94125247,0.03126573586633097
47.95609856,0.03593499656672007
47.95618773,0.029495689326314183
47.96363807,0.0298619058518349
47.96368766,0.03546196688792248
47.97772837,0.03065537499046311
48.00172758,0.028854810406652935
48.00179386,0.03471427481498436
48.00183296,0.03176928358892195
48.00186777,0.028137636377508202
48.01420832,0.0340886549172198
48.01428175,0.03341725795376516
48.01433754,0.02766460669871061
48.01438737,0.03312733653772793
48.02289176,0.03509575036240177
48.02308536,0.028976882581826506
48.0467968,0.03170824750133516
48.04687285,0.0340886549172198
48.04692745,0.029617761501487753
48.06064701,0.030579079880979628
48.06071258,0.03530937666895552
48.06658673,0.029968719005111773
48.06661797,0.02822919050888838
48.0796032,0.034439612420843826
48.07963085,0.031494621194781414
48.07965469,0.027878233005264364
48.07967925,0.03373769741359579
48.08494496,0.033157854581521325
48.0849874,0.027405203326466773
48.09858775,0.032394903486686506
48.09863424,0.033829251544975965
48.11268687,0.027771419851987486
48.12263203,0.03065537499046311
48.12265873,0.03518730449378195
48.1265738,0.029098954757000077
48.12660098,0.02908369573510338
48.13259506,0.03472953383688106
48.1326344,0.030182345311665523
48.14858174,0.028946364538033113
48.14861012,0.034576943617914094
48.15964055,0.031692988479438466
48.1596837,0.027557793545433737
48.17454791,0.03302052338445106
48.17459011,0.032227054245822846
48.17967486,0.02766460669871061
48.17975211,0.032272831311512935
48.18891907,0.0336919203479057
48.18902969,0.026504921034561684
48.202631,0.031692988479438466
48.2026732,0.03596551461051346
48.20862055,0.02908369573510338
48.20865464,0.029449912260624093
48.2326889,0.03459220263981079
48.23277926,0.02937361715114061
48.23282743,0.02789349202716106
48.23287416,0.03445487144274052
48.23291874,0.031662470435645074
48.24795461,0.027008468757152668
48.2480135,0.032867933165484094
48.253901,0.033112077515831236
48.25401926,0.02763408865491722
48.26869869,0.032532234683756774
48.26876831,0.034241245136186774
48.29172564,0.0290074006256199
48.29183459,0.032120241092545965
48.3080287,0.03547722590981918
48.30807638,0.029846646829938202
48.30811572,0.03105210955977722
48.30815625,0.03552300297550927
48.30818844,0.031738765545128556
48.33067465,0.030472266727702754
48.33074999,0.03535515373464561
48.33079767,0.03138780804150454
48.33083963,0.027573052567330433
48.34492326,0.03346303501945525
48.34499454,0.03396658274204623
48.35407281,0.027862973983367668
48.35419297,0.031143663691157397
48.36868334,0.03338673990997177
48.36875939,0.027527275501640344
48.36881042,0.0294193942168307
48.36885166,0.03445487144274052
48.37061167,0.028931105516136417
48.37866807,0.02908369573510338
48.3787272,0.03421072709239338
48.38773108,0.02958724345769436
48.38776684,0.026947432669565882
48.41160679,0.0341039139391165
48.41163802,0.03364614328221561
48.41166306,0.03224231326771954
48.42182446,0.04180971999694819
48.42190266,0.04925612268253605
48.42758822,0.04953078507667658
48.42763758,0.05050736247806516
48.43359184,0.04339665827420462
48.43363619,0.02832074464026856
48.44316125,0.025223163195239186
48.45673227,0.029022659647516595
48.45681262,0.025482566567483024
48.46964121,0.027786678873884182
48.46968937,0.03418020904859999
48.47878456,0.029877164873731595
48.47887421,0.026703288319218737
48.48605132,0.033493553063248645
48.4861877,0.032227054245822846
48.49866557,0.028366521705958648
48.49874067,0.033661402304112305
48.50069165,0.032990005340657665
48.51408601,0.0272983901731899
48.51422119,0.0315403982604715
48.52968097,0.03425650415808347
48.52976894,0.028625925078202486
48.54595947,0.031067368581673915
48.54606867,0.03476005188067445
48.54614758,0.029236285954070344
48.54621935,0.02975509269855802
48.55190945,0.03506523231860838
48.55203247,0.029282063019760433
48.56570959,0.029358358129243915
48.56578612,0.03601129167620355
48.56583309,0.0332494087129015
48.59071517,0.02883955138475624
48.59078407,0.0340886549172198
48.59082079,0.033234149691004806
48.59085441,0.028366521705958648
48.59967852,0.033829251544975965
48.59973931,0.03631647211413749
48.61393166,0.030167086289768826
48.61403012,0.032440680552376595
48.61589813,0.0362706950484474
48.61601877,0.031326771953917754
48.62869167,0.031830319676508734
48.6287663,0.03698786907759213
48.64411545,0.032776379034103915
48.65211225,0.030762188143739988
48.65223289,0.03820859082932784
48.66572905,0.03530937666895552
48.66580462,0.030167086289768826
48.6658504,0.036087586785687034
48.66589236,0.03588921950102998
48.6749897,0.030121309224078737
48.67508912,0.03381399252307927
48.68412924,0.03610284580758373
48.68424869,0.03022812237735561
48.70775461,0.032486457618066684
48.70784187,0.03689631494621195
48.70789695,0.03091477836270695
48.72301054,0.03053330281528954
48.72314382,0.036453803311207754
48.72319746,0.031097886625467308
48.72324109,0.027786678873884182
48.73269868,0.03518730449378195
48.73277664,0.03430228122377356
48.74697423,0.028900587472343024
48.74707413,0.03297474631876097
48.75112605,0.03251697566186008
48.75124621,0.027054245822842757
48.77399635,0.03150988021667811
48.77409029,0.034409094377050434
48.77863955,0.028381780727855344
48.78359604,0.029831387808041506
48.78362274,0.03390554665445945
48.78901839,0.02958724345769436
48.80271006,0.02967879758907454
48.80279231,0.03492790112153811
48.80284834,0.030731670099946592
48.81104136,0.028046082246128024
48.81106663,0.03346303501945525
48.8325901,0.03083848325322347
48.83261895,0.027679865720607308
48.83264351,0.03425650415808347
48.83266711,0.03468375677119097
48.84877825,0.028244449530785077
48.84885693,0.03143358510719463
48.84891343,0.03372243839169909
48.84896398,0.028000305180437935
48.86364031,0.029907682917524988
48.86370373,0.03393606469825284
48.8780992,0.028473334859235522
48.87820172,0.028641184100099183
48.89170504,0.03468375677119097
48.89179993,0.03048752574959945
48.90470386,0.028046082246128024
48.90476513,0.03352407110704204
48.90480852,0.03126573586633097
48.90967512,0.0277103837644007
48.90973186,0.03266956588082704
48.9238627,0.033661402304112305
48.92393899,0.0277103837644007
48.93778825,0.031494621194781414
48.93786478,0.03421072709239338
48.95607996,0.02848859388113222
48.95630717,0.03010605020218204
48.97298431,0.03462272068360418
48.97304583,0.028763256275272753
48.97881556,0.028641184100099183
48.97901678,0.03492790112153811
48.97909808,0.030548561837186235
48.99270296,0.028122377355611506
48.99278975,0.03338673990997177
48.99284673,0.032074464026855876
48.99290061,0.028595407034409093
49.00667071,0.033325703822384985
49.00673199,0.03347829404135195
49.03066564,0.027954528114747846
49.0307498,0.030930037384603648
49.03080797,0.03451590753032731
49.03086185,0.0294193942168307
49.0309155,0.03125047684443427
49.03096914,0.035248340581368734
49.04580522,0.029266803997863737
49.04590368,0.028702220187685968
49.04598045,0.03439383535515374
49.05862498,0.030945296406500344
49.05866241,0.02912947280079347
49.06368828,0.03477531090257115
49.06374145,0.03205920500495918
49.0882287,0.02699320973525597
49.08835053,0.03407339589532311
49.0896275,0.03492790112153811
49.08968735,0.02958724345769436
49.0975976,0.032272831311512935
49.09763575,0.03530937666895552
49.09766912,0.030350194552529183
49.11268449,0.03225757228961624
49.11270857,0.03614862287327383
49.12366319,0.0302738994430457
49.12370157,0.029724574654764628
49.14593458,0.035706111238269625
49.14603591,0.03205920500495918
49.14611101,0.02912947280079347
49.14618087,0.03437857633325704
49.15368629,0.031998168917372394
49.1537149,0.027283131151293202
49.17159462,0.03254749370565347
49.17162657,0.033203631647211414
49.1776309,0.02839703974975204
49.17769599,0.031738765545128556
49.20169497,0.034485389486533916
49.20177865,0.02861066605630579
49.20668101,0.03048752574959945
49.20673251,0.03509575036240177
49.21285415,0.029785610742351417
49.21293449,0.028580148012512397
49.22016287,0.035538261997405965
49.22029901,0.033829251544975965
49.2339735,0.03489738307774472
49.23404908,0.04740978103303578
49.23409605,0.052307927061875335
49.25011039,0.049881742580300606
49.25023198,0.047180895704585335
49.26268578,0.03613336385137713
49.26276064,0.023086900129701687
49.26968408,0.025101091020065615
49.26974511,0.03091477836270695
49.27976537,0.02766460669871061
49.27984333,0.029800869764248113
49.28788424,0.03421072709239338
49.28796053,0.02970931563286793
49.29863358,0.028580148012512397
49.29869151,0.03422598611429008
49.30790615,0.03117418173495079
49.33168292,0.028381780727855344
49.3317585,0.03418020904859999
49.33180475,0.03266956588082704
49.33184743,0.028244449530785077
49.35761571,0.033401998931868467
49.35769224,0.03375295643549248
49.35773849,0.028473334859235522
49.35778093,0.03263904783703365
49.36696935,0.035080491340505074
49.36704087,0.02937361715114061
49.36709642,0.030563820859082932
49.36714697,0.03521782253757534
49.36719847,0.030640115968566414
49.3907702,0.02887006942854963
49.39084411,0.03535515373464561
49.39089155,0.03305104142824445
49.39093375,0.029694056610971235
49.40062022,0.0349584191653315
49.40065026,0.033279926756694896
49.40895414,0.028717479209582664
49.40898943,0.0345464255741207
49.41763926,0.035080491340505074
49.41767073,0.03039597161821927
49.44169807,0.034042877851529714
49.4417274,0.03620965896086061
49.44175172,0.030167086289768826
49.44177651,0.032364385442893114
49.45772266,0.03723201342793927
49.4578042,0.03276112001220722
49.4646666,0.0319829098954757
49.4647336,0.03680476081483177
49.47507381,0.03266956588082704
49.47520852,0.030472266727702754
49.4876678,0.03617914091706722
49.48777199,0.034744792858777754
49.51190066,0.0298619058518349
49.51203775,0.03494316014343481
49.51211596,0.0349736781872282
49.5140779,0.02967879758907454
49.51421285,0.033203631647211414
49.52267361,0.036194399938963916
49.5227499,0.02998397802700847
49.54684544,0.030304417486839094
49.54697943,0.03530937666895552
49.54705715,0.030090791180285344
49.54712629,0.02883955138475624
49.56168318,0.0349736781872282
49.5617702,0.03079270618753338
49.564641,0.02691691462577249
49.56470418,0.03234912642099642
49.56474876,0.030807965209430077
49.5789361,0.026047150377660793
49.57906032,0.03163195239185168
49.58769751,0.0328374151216907
49.58776259,0.026291294728007935
49.61107922,0.02917524986648356
49.61120272,0.03302052338445106
49.61880755,0.02806134126802472
49.61888838,0.0281528953994049
49.62466431,0.03274586099031052
49.6247251,0.028702220187685968
49.63372326,0.02766460669871061
49.63380122,0.03266956588082704
49.63564205,0.029221026932173648
49.64491343,0.026321812771801328
49.6450603,0.032364385442893114
49.66206789,0.030182345311665523
49.66214371,0.024841687647821773
49.67373943,0.03036545357442588
49.67381239,0.031448844129091325
49.68315053,0.026672770275425344
49.68327165,0.029556725413900968
49.69671249,0.03224231326771954
49.69677615,0.025803006027313648
49.7099731,0.02749675745784695
49.71007061,0.03292896925307088
49.71014571,0.0272983901731899
49.72027469,0.025177386129549097
49.72035027,0.031448844129091325
49.72761798,0.028976882581826506
49.727669,0.02528419928282597
49.75173998,0.031021591515983826
49.75182009,0.029846646829938202
49.75187969,0.024902723735408562
49.75192165,0.02954146639200427
49.76573539,0.02998397802700847
49.76581216,0.024612802319371328
49.76586771,0.028076600289921417
49.76591873,0.031906614785992216
49.76596832,0.025604638742656595
49.78103328,0.02656595712214847
49.78106284,0.03125047684443427
49.79362369,0.026367589837491417
49.81264853,0.02613870450904097
49.81268454,0.03257801174944686
49.81271005,0.02839703974975204
49.81273246,0.024460212100404364
49.81275582,0.03019760433356222
49.82159877,0.029022659647516595
49.82962132,0.02447547112230106
49.82966256,0.028946364538033113
49.83573794,0.030670634012359806
49.84887218,0.02491798275730526
49.84898043,0.027817196917677575
49.8733232,0.030579079880979628
49.87345815,0.025726710917830166
49.8746407,0.0268711375600824
49.87469268,0.030762188143739988
49.87472343,0.02627603570611124
49.87475157,0.02520790417334249
49.88866329,0.031448844129091325
49.88874912,0.0281528953994049
49.89768624,0.024841687647821773
49.8977468,0.030457007705806057
49.89778161,0.02912947280079347
49.92611122,0.02397192339971008
49.92618752,0.028885328450446328
49.9296515,0.030350194552529183
49.92971921,0.02485694666971847
49.93495488,0.02780193789578088
49.9350214,0.03175402456702525
49.94407749,0.0260166323338674
49.94421434,0.027313649195086595
49.95950365,0.03300526436255436
49.95959139,0.027771419851987486
49.96364164,0.024383916990920882
49.963691,0.030502784771496146
49.99016428,0.028458075837338826
49.99562979,0.026031891355764097
49.99568772,0.030502784771496146
49.99573278,0.028473334859235522
49.99577594,0.024002441443503473
50.0191915,0.02917524986648356
50.01925588,0.030121309224078737
50.02764058,0.023727779049362935
50.0276897,0.02664225223163195
50.03749728,0.03048752574959945
50.03765559,0.02491798275730526
50.03772616,0.025696192874036773
50.03776217,0.030411230640115968
50.03779507,0.025650415808346684
50.05083585,0.024338139925230793
50.05090237,0.030212863355458915
50.06374097,0.027237354085603113
50.06377673,0.024673838406958113
50.07361817,0.03588921950102998
50.07364774,0.041046768902113374
50.07367635,0.04214541847867552
50.07369995,0.05037003128099489
50.08757758,0.04802014190890364
50.08760333,0.030945296406500344
50.09657788,0.02392614633401999
50.09660292,0.024048218509193562
50.09662628,0.020920119020370793
50.12160826,0.02401770046540017
50.12164164,0.030212863355458915
50.12660003,0.025818265049210344
50.12662601,0.024277103837644008
50.13261366,0.030121309224078737
50.14688611,0.026977950713359275
50.14702106,0.023422598611429007
50.14709949,0.029144731822690166
50.15259767,0.02887006942854963
50.15263176,0.023422598611429007
50.16860056,0.028702220187685968
50.16862655,0.03031967650873579
50.18767619,0.025055313954375526
50.18775129,0.02673380636301213
50.18778896,0.03215075913633936
50.18782306,0.026626993209735255
50.20261335,0.026245517662317846
50.20264888,0.031784542610818645
50.20884609,0.027145799954222935
50.20894623,0.02545204852368963
50.22803903,0.031570916304264895
50.22809696,0.028122377355611506
50.23937488,0.02464332036316472
50.23942041,0.031036850537880523
50.24669814,0.030457007705806057
50.27065444,0.024673838406958113
50.27070212,0.03019760433356222
50.27073479,0.031738765545128556
50.27076459,0.02606240939955749
50.29410028,0.029434653238727397
50.2941761,0.03352407110704204
50.29422164,0.02716105897611963
50.29426289,0.02699320973525597
50.30160451,0.03393606469825284
50.30164599,0.03088426031891356
50.30784416,0.0285648889906157
50.30791521,0.03398184176394293
50.31697702,0.031158922713054094
50.3266294,0.027344167238879988
50.32668447,0.03266956588082704
50.33863401,0.03175402456702525
50.33869505,0.026657511253528648
50.33872676,0.03129625391012436
50.33875585,0.03288319218738079
50.34800863,0.0272983901731899
50.34808135,0.029663538567177843
50.35260415,0.0336919203479057
50.35265374,0.027771419851987486
50.36678433,0.027862973983367668
50.36682415,0.032700083924620434
50.36685658,0.027832455939574275
50.38308215,0.025604638742656595
50.3832047,0.031860837720302126
50.39665031,0.02868696116578927
50.39671421,0.024628061341268024
50.39674902,0.029739833676661324
50.39678025,0.029434653238727397
50.41258836,0.023849851224536506
50.41262317,0.030045014114595255
50.42162514,0.031280994888227664
50.42168641,0.02508583199816892
50.4335649,0.02784771496147097
50.43359232,0.030823224231326773
50.43859363,0.025925078202487222
50.46258736,0.027008468757152668
50.46262002,0.031998168917372394
50.46264482,0.026901655603875793
50.46579838,0.02520790417334249
50.46583343,0.031326771953917754
50.47876191,0.0285648889906157
50.47889876,0.025223163195239186
50.48380351,0.03125047684443427
50.48390055,0.03022812237735561
50.50083423,0.024414435034714275
50.50088286,0.02861066605630579
50.51181841,0.031494621194781414
50.52327013,0.0260166323338674
50.52334642,0.027237354085603113
50.53000474,0.03175402456702525
50.53005028,0.027527275501640344
50.53687453,0.0268711375600824
50.53694224,0.03259327077134356
50.54028463,0.028854810406652935
50.5403266,0.02630655374990463
50.56618643,0.03141832608529793
50.5662446,0.02851911192492561
50.5788486,0.02542153047989624
50.57895136,0.031357289997711146
50.57902646,0.030472266727702754
50.59367466,0.024963759822995348
50.59374547,0.029571984435797664
50.60262966,0.03201342793926909
50.60267282,0.02597085526817731
50.60270548,0.028168154421301595
50.60273719,0.032654306858930345
50.61676717,0.02627603570611124
50.61684871,0.02661173418783856
50.62690592,0.032364385442893114
50.62695956,0.029449912260624093
50.63869739,0.02713054093232624
50.63876915,0.03309681849393454
50.64584637,0.03010605020218204
50.65865731,0.025360494392309453
50.65872717,0.030167086289768826
50.65876698,0.03170824750133516
50.65880322,0.02652018005645838
50.66762471,0.03048752574959945
50.66766548,0.032318608377203024
50.6821084,0.02661173418783856
50.68223,0.029114213778896773
50.68774676,0.03297474631876097
50.68781996,0.02691691462577249
50.71116114,0.02784771496147097
50.71128368,0.03384451056687266
50.71135998,0.029144731822690166
50.71605062,0.026825360494392308
50.71617103,0.0332494087129015
50.72172332,0.030777447165636684
50.72178292,0.02652018005645838
50.7357204,0.031906614785992216
50.7357893,0.03129625391012436
50.74669743,0.0255893797207599
50.74672556,0.03204394598306248
50.75163627,0.0358129243915465
50.75167894,0.029221026932173648
50.77403808,0.030823224231326773
50.77415752,0.0345616845960174
50.77423525,0.029388876173037308
50.80112743,0.029617761501487753
50.8011601,0.03596551461051346
50.80118585,0.032272831311512935
50.80268693,0.029022659647516595
50.80272317,0.03405813687342641
50.80275011,0.030014496070801863
50.8116703,0.027435721370260166
50.81169939,0.03363088426031891
50.83866453,0.03224231326771954
50.83869195,0.027054245822842757
50.83871531,0.03138780804150454
50.83873987,0.03347829404135195
50.84866762,0.027618829633020522
50.84869266,0.02981612878614481
50.85660505,0.0336919203479057
50.85665321,0.027679865720607308
50.865906,0.0290074006256199
50.86601138,0.035492484931715876
50.86605549,0.031036850537880523
50.89062405,0.027618829633020522
50.89065266,0.03262378881513695
50.89067698,0.032227054245822846
50.90608025,0.030762188143739988
50.90621567,0.04034485389486534
50.90629244,0.04748607614251926
50.9107573,0.0486152437628748
50.91083479,0.05278095674067292
50.9236834,0.0477607385366598
50.92376018,0.031326771953917754
50.93269396,0.02597085526817731
50.93275261,0.029663538567177843
50.95670533,0.025772487983520255
50.95679259,0.027176317998016328
50.95684552,0.0341039139391165
50.95689511,0.03108262760357061
50.96669388,0.028305485618371862
50.96674967,0.03459220263981079
50.96679354,0.031403067063401235
50.98111773,0.028168154421301595
50.98124003,0.03437857633325704
50.98871899,0.03472953383688106
50.98879313,0.028854810406652935
51.00893116,0.0324101625085832
51.00900388,0.034119172961013196
51.01793265,0.028976882581826506
51.01808023,0.03138780804150454
51.02263284,0.035370412756542305
51.02270031,0.030167086289768826
51.03163671,0.03039597161821927
51.03168321,0.0362706950484474
51.03662086,0.03204394598306248
51.04614234,0.029098954757000077
51.04623175,0.03489738307774472
51.05866265,0.03463797970550088
51.0587039,0.029922941939421684
51.07274222,0.034699015793087665
51.072788,0.03614862287327383
51.08219218,0.030472266727702754
51.08231282,0.03451590753032731
51.08671045,0.03596551461051346
51.08678603,0.031021591515983826
51.10068297,0.03317311360341802
51.10075665,0.03820859082932784
51.10081148,0.03262378881513695
51.11062503,0.03228809033340963
51.1106565,0.0379339284351873
51.1335845,0.03463797970550088
51.13360977,0.031738765545128556
51.14965963,0.03749141680018311
51.15257859,0.03511100938429847
51.1526165,0.03189135576409552
51.15858102,0.03630121309224079
51.15863705,0.03726253147173266
51.15867066,0.03224231326771954
51.1676116,0.03607232776379034
51.17708063,0.038040741588464176
51.18405986,0.031998168917372394
51.18419719,0.03347829404135195
51.20814347,0.037949187457084
51.20831108,0.03228809033340963
51.21690583,0.03137254901960784
51.21702743,0.03689631494621195
51.23064303,0.03295948729686427
51.23070192,0.02967879758907454
51.23073912,0.03656061646448463
51.23077321,0.0345616845960174
51.24404526,0.029449912260624093
51.24412894,0.03393606469825284
51.24419832,0.03480582894636454
51.25665975,0.028473334859235522
51.25675106,0.03352407110704204
51.26696682,0.03654535744258793
51.26702189,0.02951094834821088
51.27176261,0.03044174868390936
51.27181101,0.036575875486381325
51.27775931,0.031738765545128556
51.27780604,0.030930037384603648
51.286762,0.036240177004654005
51.28684187,0.03230334935530633
51.30070853,0.028366521705958648
51.30077004,0.03466849774929427
51.3087604,0.03421072709239338
51.32472134,0.029831387808041506
51.32479954,0.03483634699015793
51.32484627,0.0349736781872282
51.32489371,0.029236285954070344
51.33769321,0.03279163805600061
51.33775163,0.03602655069810025
51.33779454,0.03010605020218204
51.3378346,0.03150988021667811
51.35276747,0.03552300297550927
51.35283303,0.0298619058518349
51.37792468,0.029953459983215077
51.37804556,0.03595025558861677
51.37812996,0.03192187380788891
51.38769531,0.028366521705958648
51.38778543,0.03616388189517052
51.39263296,0.03421072709239338
51.39268088,0.028824292362859542
51.40199685,0.03372243839169909
51.40206814,0.03462272068360418
51.41478157,0.02844281681544213
51.4148531,0.032394903486686506
51.42766166,0.035492484931715876
51.42772627,0.029312581063553826
51.45172787,0.0307011520561532
51.45179343,0.035873960479133285
51.45183063,0.03131151293202106
51.46201587,0.02993820096131838
51.46866989,0.03556878004119936
51.46875119,0.03201342793926909
51.48304558,0.028931105516136417
51.48318243,0.035156786449988556
51.48325968,0.033401998931868467
51.48333001,0.028381780727855344
51.48861361,0.034607461661707486
51.48869538,0.03523308155947204
51.51286817,0.029022659647516595
51.51300812,0.03245593957427329
51.5130856,0.03544670786602579
51.51315618,0.029739833676661324
51.51322389,0.031280994888227664
51.52371192,0.03529411764705882
51.52386427,0.030472266727702754
51.5377574,0.0307011520561532
51.53786874,0.03584344243533989
51.53794503,0.031143663691157397
51.53801394,0.028946364538033113
51.56269336,0.03559929808499275
51.56280231,0.033997100785839625
51.56894708,0.0294193942168307
51.56902623,0.03385976958876936
51.5690825,0.034866865033951325
51.57794952,0.029831387808041506
51.57807112,0.03488212405584802
51.59171367,0.03784237430380712
51.59178948,0.03126573586633097
51.60065818,0.032364385442893114
51.60072708,0.037628747997253374
51.62367916,0.03158617532616159
51.62375808,0.02937361715114061
51.62595463,0.03485160601205463
51.62601972,0.03266956588082704
51.63906693,0.028412298771648737
51.63912678,0.03466849774929427
51.63916945,0.03390554665445945
51.64396119,0.028885328450446328
51.64404202,0.03364614328221561
51.65779257,0.03425650415808347
51.65786934,0.02827496757457847
51.67212248,0.031189440756847486
51.67219448,0.035156786449988556
51.68568921,0.030563820859082932
51.68575621,0.0315556572823682
51.6906476,0.035873960479133285
51.69070745,0.029694056610971235
51.69866753,0.030045014114595255
51.69872665,0.03846799420157168
51.70066118,0.038040741588464176
51.71418381,0.041504539559014265
51.7143023,0.055359731441214616
51.72428489,0.05496299687190051
51.72436142,0.042832074464026856
51.74695444,0.03747615777828641
51.74703288,0.030426489662012664
51.7470789,0.022781719691767757
51.74712157,0.028381780727855344
51.75371623,0.03393606469825284
51.75379491,0.029022659647516595
51.76770973,0.030411230640115968
51.76778388,0.035156786449988556
51.76783848,0.029556725413900968
51.78267217,0.029266803997863737
51.78270149,0.03634699015793088
51.79665136,0.032990005340657665
51.79668713,0.02883955138475624
51.81088161,0.03437857633325704
51.81096506,0.032898451209277486
51.81103444,0.029190508888380255
51.81110168,0.034699015793087665
51.82374263,0.03489738307774472
51.82381845,0.028854810406652935
51.83370161,0.032364385442893114
51.83375764,0.03555352101930266
51.8566947,0.02951094834821088
51.85676527,0.031158922713054094
51.86596179,0.03596551461051346
51.86602259,0.031494621194781414
51.88008213,0.031021591515983826
51.88021803,0.035584039063096054
51.88771725,0.033401998931868467
51.88778424,0.03181506065461204
51.89692736,0.036789501792935074
51.89697695,0.03468375677119097
51.90301681,0.029221026932173648
51.90307212,0.03569085221637293
51.91193509,0.036957351033798734
51.92573786,0.031525139238574806
51.92581367,0.03468375677119097
51.93893242,0.03744563973449302
51.93904138,0.03163195239185168
51.94808912,0.033157854581521325
51.9482429,0.03884946974898909
51.96172452,0.03372243839169909
51.96181059,0.03218127718013275
51.96185827,0.037964446478980694
51.96190166,0.03392080567635614
51.97079802,0.03163195239185168
51.97090101,0.038117036697947665
51.97097349,0.03631647211413749
51.99386621,0.03215075913633936
51.99393034,0.03605706874189364
51.99871278,0.03675898374914168
51.99877214,0.029922941939421684
52.0129199,0.03418020904859999
52.01304555,0.03767452506294346
52.0131197,0.030930037384603648
52.01318955,0.03108262760357061
52.02272058,0.03593499656672007
52.02279687,0.031448844129091325
52.03166246,0.028885328450446328
52.03170753,0.03462272068360418
52.0411303,0.03228809033340963
52.06380868,0.028854810406652935
52.06387281,0.03437857633325704
52.06391001,0.032944228274967575
52.06394339,0.027679865720607308
52.06397653,0.031158922713054094
52.06400895,0.03459220263981079
52.07862592,0.029449912260624093
52.07865357,0.03150988021667811
52.08558488,0.03500419623102159
52.08561802,0.02912947280079347
52.09759927,0.02970931563286793
52.0976243,0.034607461661707486
52.11166525,0.02954146639200427
52.12562656,0.028809033340962846
52.12567139,0.03468375677119097
52.12758923,0.030899519340810255
52.12761664,0.02703898680094606
52.13059592,0.0328526741435874
52.14307308,0.03266956588082704
52.14320755,0.027359426260776684
52.15704036,0.03254749370565347
52.15711522,0.03437857633325704
52.15715337,0.028595407034409093
52.17061305,0.030975814450293737
52.1706419,0.03384451056687266
52.1808846,0.028046082246128024
52.18102217,0.029388876173037308
52.18982506,0.033615625238422216
52.18991423,0.030975814450293737
52.20276952,0.029236285954070344
52.20287132,0.034363317311360345
52.20905924,0.03036545357442588
52.20919514,0.027191577019913024
52.22266769,0.033875028610666054
52.22275591,0.03279163805600061
52.2356174,0.027832455939574275
52.23566294,0.032944228274967575
52.23569584,0.033875028610666054
52.24918127,0.0272983901731899
52.2493031,0.030380712596322575
52.25562549,0.03392080567635614
52.25568199,0.028809033340962846
52.26899791,0.02963302052338445
52.26909709,0.034988937209124896
52.28320289,0.030212863355458915
52.28334188,0.02848859388113222
52.30670214,0.03466849774929427
52.30680251,0.031326771953917754
52.30688691,0.026932173647669186
52.30693817,0.033157854581521325
52.31605887,0.032318608377203024
52.32868958,0.027924010070954453
52.32876754,0.03372243839169909
52.32881308,0.03433279926756695
52.32885742,0.027603570611123826
52.33565164,0.030182345311665523
52.33569813,0.034241245136186774
52.35770679,0.02934309910734722
52.35777187,0.03022812237735561
52.37170935,0.03535515373464561
52.37177253,0.029999237048905166
52.38097954,0.028030823224231328
52.38107872,0.033951323720149536
52.38115335,0.03091477836270695
52.38122296,0.028366521705958648
52.38128972,0.03396658274204623
52.39372897,0.0324101625085832
52.39380503,0.02737468528267338
52.39385152,0.03341725795376516
52.3938961,0.03527885862516213
52.40884209,0.029388876173037308
52.40894508,0.03237964446478981
52.42280364,0.0366826886396582
52.42292404,0.031067368581673915
52.44263601,0.030472266727702754
52.44267106,0.035156786449988556
52.44269609,0.029449912260624093
52.44271994,0.02848859388113222
52.45766616,0.035324635690852216
52.45773602,0.031662470435645074
52.4637537,0.02630655374990463
52.46379614,0.032654306858930345
52.47807908,0.032867933165484094
52.47821665,0.027115281910429542
52.49570632,0.03125047684443427
52.49578261,0.03308155947203784
52.50368452,0.027405203326466773
52.50374866,0.03039597161821927
52.50379157,0.03555352101930266
52.5132134,0.029999237048905166
52.51334929,0.02929732204165713
52.52668786,0.034195468070496685
52.52676439,0.02970931563286793
52.52680182,0.03053330281528954
52.53165269,0.03976501106279087
52.53168726,0.04261844815747311
52.5559442,0.046967269398031586
52.55598187,0.05616845960173953
52.5560143,0.048264286259250784
52.56563139,0.031998168917372394
52.56567836,0.028000305180437935
52.56570983,0.027100022888532846
52.58095908,0.022735942626077667
52.58101463,0.02937361715114061
52.58992195,0.033951323720149536
52.59004521,0.02746623941405356
52.61299038,0.02934309910734722
52.61306548,0.03533989471274891
52.61312008,0.029694056610971235
52.61317062,0.02801556420233463
52.62334371,0.03447013046463722
52.62342954,0.031403067063401235
52.63256669,0.027145799954222935
52.63261318,0.0328374151216907
52.63264775,0.032486457618066684
52.64665294,0.02810711833371481
52.64669394,0.03224231326771954
52.65575266,0.033875028610666054
52.65592122,0.02749675745784695
52.67862606,0.030518043793392843
52.67867231,0.03398184176394293
52.68171263,0.0277103837644007
52.6817832,0.030579079880979628
52.68184042,0.03682001983672847
52.68189192,0.031570916304264895
52.69665194,0.02832074464026856
52.69669652,0.0345464255741207
52.69672918,0.032318608377203024
52.71172285,0.028747997253376057
52.71179318,0.034699015793087665
52.73629165,0.03434805828946365
52.7363503,0.02832074464026856
52.73638296,0.03318837262531472
52.73641348,0.03723201342793927
52.74464011,0.030945296406500344
52.74466968,0.03295948729686427
52.75236583,0.03649958037689784
52.75246286,0.030502784771496146
52.76641035,0.03189135576409552
52.76646805,0.037918669413290605
52.77162695,0.033157854581521325
52.79861307,0.030731670099946592
52.79864383,0.03602655069810025
52.80761671,0.033325703822384985
52.816818,0.030411230640115968
52.81695914,0.03584344243533989
52.81701589,0.03463797970550088
52.81706834,0.03053330281528954
52.81712627,0.03468375677119097
52.83160996,0.035660334172579536
52.83163524,0.02917524986648356
52.84061599,0.032776379034103915
52.84064007,0.03617914091706722
52.85507536,0.03053330281528954
52.8552134,0.02989242389562829
52.86767197,0.0357976653696498
52.86772346,0.031158922713054094
52.87664485,0.028198672465094988
52.87668705,0.0332494087129015
52.87671828,0.03257801174944686
52.87674761,0.02810711833371481
52.88627052,0.03321889066910811
52.8863945,0.032364385442893114
52.893677,0.027573052567330433
52.89374685,0.03233386739909972
52.9019382,0.03401235980773632
52.92372704,0.027725642786297397
52.92379045,0.03036545357442588
52.92383957,0.03422598611429008
52.92387223,0.028595407034409093
52.93361568,0.028747997253376057
52.93366146,0.03521782253757534
52.94293642,0.03108262760357061
52.94297767,0.02801556420233463
52.95171952,0.03363088426031891
52.95178199,0.031097886625467308
52.96568322,0.02725261310749981
52.96576071,0.03163195239185168
52.97161412,0.032990005340657665
52.9969852,0.028747997253376057
52.99706054,0.03213550011444266
52.99710655,0.03321889066910811
52.99714804,0.026977950713359275
52.99718857,0.030350194552529183
52.9972322,0.034988937209124896
53.01169348,0.02873273823147936
53.01176596,0.028244449530785077
53.01796985,0.03364614328221561
53.01806831,0.029159990844586862
53.04178572,0.02775616083009079
53.04184556,0.03418020904859999
53.04187727,0.031189440756847486
53.05674386,0.026535439078355077
53.05684233,0.032990005340657665
53.0568881,0.032227054245822846
53.05693054,0.027222095063706417
53.0675981,0.03048752574959945
53.06763172,0.032654306858930345
53.07562256,0.028473334859235522
53.08905125,0.03065537499046311
53.08923078,0.03418020904859999
53.08931589,0.028244449530785077
53.10660458,0.027359426260776684
53.10663629,0.03459220263981079
53.10666132,0.031784542610818645
53.11562252,0.0290074006256199
53.11564803,0.03402761882963302
53.122612,0.031784542610818645
53.12264252,0.027191577019913024
53.1335969,0.03228809033340963
53.14259648,0.032654306858930345
53.14263296,0.02754253452353704
53.1562202,0.030243381399252308
53.15640998,0.03390554665445945
53.15648675,0.028290226596475166
53.17860246,0.02998397802700847
53.18067312,0.03381399252307927
53.18075252,0.028824292362859542
53.18080831,0.028366521705958648
53.1923871,0.034699015793087665
53.19243932,0.0311284046692607
53.20736098,0.028000305180437935
53.20740747,0.03405813687342641
53.2074399,0.03302052338445106
53.21771264,0.02848859388113222
53.21774006,0.03360036621652552
53.23160958,0.0340886549172198
53.23163986,0.029388876173037308
53.23659396,0.033371480888075074
53.23661947,0.035034714274814985
53.24612284,0.027924010070954453
53.24617791,0.03006027313649195
53.25869179,0.03376821545738918
53.25875807,0.030045014114595255
53.27293921,0.02963302052338445
53.27298141,0.034271763179980166
53.29868579,0.029785610742351417
53.29876518,0.027283131151293202
53.30339432,0.0332494087129015
53.30344748,0.03048752574959945
53.31694508,0.026947432669565882
53.31704521,0.03254749370565347
53.31712103,0.03338673990997177
53.31719017,0.027740901808194093
53.3172586,0.03150988021667811
53.3221724,0.03405813687342641
53.3223207,0.027832455939574275
53.34592152,0.029190508888380255
53.34604502,0.03483634699015793
53.34612298,0.03297474631876097
53.3461926,0.03726253147173266
53.35867834,0.04937819485770962
53.35874176,0.051606012054627295
53.36240411,0.046295872434576946
53.36245203,0.04452582589456016
53.37369084,0.0336919203479057
53.37569666,0.022323949034866866
53.37576795,0.026840619516289004
53.40032029,0.029877164873731595
53.40039611,0.026077668421454186
53.40365362,0.030594338902876324
53.4036901,0.03314259555962463
53.41307759,0.027359426260776684
53.41311336,0.029907682917524988
53.42104697,0.034119172961013196
53.42108774,0.029617761501487753
53.43362737,0.028824292362859542
53.4336648,0.03442435339894713
53.43560052,0.031021591515983826
53.45369434,0.027237354085603113
53.45371819,0.03396658274204623
53.46361613,0.03279163805600061
53.46365213,0.02793926909285115
53.46559691,0.03308155947203784
53.46562266,0.033539330128938734
53.47866273,0.027527275501640344
53.47868705,0.03192187380788891
53.48791051,0.034195468070496685
53.48799133,0.029266803997863737
53.50160456,0.031494621194781414
53.50163007,0.03555352101930266
53.52373147,0.03015182726787213
53.52381825,0.0298619058518349
53.53065348,0.03602655069810025
53.53071904,0.032120241092545965
53.53565693,0.029327840085450523
53.53572178,0.035248340581368734
53.5789299,0.032440680552376595
53.57901931,0.02951094834821088
53.58091068,0.03527885862516213
53.58095837,0.03634699015793088
53.58099604,0.030853742275120166
53.58103085,0.0341039139391165
53.58275771,0.03660639353017472
53.58280587,0.030945296406500344
53.58284235,0.03251697566186008
53.59073281,0.03749141680018311
53.59081221,0.031570916304264895
53.60027862,0.031326771953917754
53.60034013,0.03799496452277409
53.61306787,0.03418020904859999
53.61318898,0.030457007705806057
53.62671947,0.03584344243533989
53.62679601,0.03500419623102159
53.64068127,0.03006027313649195
53.64078188,0.03500419623102159
53.64083838,0.03607232776379034
53.64088917,0.030075532158388648
53.6409409,0.0324101625085832
53.65680456,0.03506523231860838
53.65687513,0.0302738994430457
53.66765475,0.031403067063401235
53.66771626,0.03573662928206302
53.68207264,0.030075532158388648
53.68219137,0.029022659647516595
53.69654465,0.03405813687342641
53.69662046,0.030945296406500344
53.70167017,0.028030823224231328
53.70173001,0.033829251544975965
53.70177507,0.03201342793926909
53.71097875,0.02775616083009079
53.71111751,0.03292896925307088
53.72287202,0.033157854581521325
53.72296405,0.02746623941405356
53.73168349,0.0315403982604715
53.73174548,0.03425650415808347
53.75584388,0.028641184100099183
53.75596952,0.02998397802700847
53.75604939,0.034653238727397576
53.75611901,0.02887006942854963
53.77066803,0.027954528114747846
53.77074289,0.035370412756542305
53.77079773,0.03163195239185168
53.77767611,0.028000305180437935
53.77770257,0.03405813687342641
53.78662658,0.03219653620202945
53.81133866,0.02732890821698329
53.81145167,0.032120241092545965
53.81154919,0.03215075913633936
53.81160164,0.027618829633020522
53.82106614,0.0324101625085832
53.82120299,0.03509575036240177
53.82128024,0.02861066605630579
53.83361268,0.029785610742351417
53.83364892,0.03421072709239338
53.84869838,0.028641184100099183
53.8487916,0.028534370946822308
53.84884834,0.034271763179980166
53.87662292,0.030411230640115968
53.87665415,0.027176317998016328
53.87667966,0.033615625238422216
53.87670326,0.031952391851682305
53.87672663,0.02818341344319829
53.89107227,0.03302052338445106
53.89120841,0.0332646677347982
53.89674139,0.027405203326466773
53.89682865,0.03150988021667811
53.90263867,0.03492790112153811
53.91171169,0.02861066605630579
53.91178417,0.02917524986648356
53.93570781,0.03433279926756695
53.93577456,0.02998397802700847
53.93581176,0.02896162355992981
53.93584704,0.03447013046463722
53.94166183,0.030579079880979628
53.94172359,0.027283131151293202
53.95611525,0.03318837262531472
53.95623422,0.03192187380788891
53.9618957,0.02766460669871061
53.96201611,0.03257801174944686
53.96767998,0.031860837720302126
53.98200011,0.028458075837338826
53.98214197,0.033234149691004806
54.00686598,0.03479056992446784
54.00693607,0.02784771496147097
54.01368523,0.02970931563286793
54.01374769,0.03494316014343481
54.02085185,0.02967879758907454
54.0209229,0.028427557793545433
54.03367591,0.033951323720149536
54.03374052,0.030304417486839094
54.04268885,0.028122377355611506
54.04274511,0.03372243839169909
54.04278946,0.03234912642099642
54.0571301,0.027725642786297397
54.05725026,0.03314259555962463
54.07063961,0.03398184176394293
54.07067728,0.028534370946822308
54.07070851,0.032318608377203024
54.07073855,0.03630121309224079
54.09470034,0.029724574654764628
54.09476662,0.029846646829938202
54.09479046,0.03393606469825284
54.09481406,0.02925154497596704
54.09657931,0.02917524986648356
54.09660339,0.035416189822232394
54.09662724,0.03138780804150454
54.11157513,0.027100022888532846
54.11159945,0.03276112001220722
54.12565899,0.03193713282978561
54.12568378,0.027283131151293202
54.13857865,0.03181506065461204
54.1405735,0.03237964446478981
54.14060807,0.027145799954222935
54.15383673,0.03065537499046311
54.15391278,0.03418020904859999
54.16769171,0.028137636377508202
54.16779065,0.02832074464026856
54.16784167,0.0336919203479057
54.19286036,0.030426489662012664
54.19299626,0.03251697566186008
54.19307256,0.04473945220111391
54.19314098,0.04998855573357748
54.19320869,0.0490424963759823
54.19914746,0.04930189974822614
54.21267152,0.04034485389486534
54.21275282,0.025955596246280615
54.22186375,0.026504921034561684
54.22194099,0.028595407034409093
54.22197866,0.02468909742885481
54.24559474,0.029724574654764628
54.24562407,0.03346303501945525
54.25075793,0.02749675745784695
54.25083184,0.028168154421301595
54.25711465,0.03347829404135195
54.2571857,0.028854810406652935
54.27068281,0.028091859311818113
54.27076054,0.03338673990997177
54.27567124,0.03044174868390936
54.27573323,0.027008468757152668
54.29003954,0.03262378881513695
54.29017591,0.032166018158236054
54.31270123,0.02763408865491722
54.31279063,0.03259327077134356
54.31284523,0.0341039139391165
54.31289649,0.028091859311818113
54.31294703,0.031097886625467308
54.32309842,0.03414969100480659
54.32323551,0.028046082246128024
54.33304143,0.02873273823147936
54.3331182,0.035248340581368734
54.34166837,0.03117418173495079
54.34172869,0.02908369573510338
54.3665297,0.03445487144274052
54.36660933,0.03230334935530633
54.36664605,0.02912947280079347
54.36667943,0.034576943617914094
54.36671233,0.033401998931868467
54.38068795,0.02822919050888838
54.38075924,0.03364614328221561
54.39018679,0.035202563515678645
54.39030576,0.02967879758907454
54.40359116,0.03274586099031052
54.40362406,0.03634699015793088
54.41710806,0.030243381399252308
54.41720819,0.03137254901960784
54.43080354,0.03749141680018311
54.43090057,0.032318608377203024
54.43093824,0.029694056610971235
54.43097329,0.037201495384145876
54.43100786,0.03434805828946365
54.445611,0.03022812237735561
54.45894766,0.03552300297550927
54.45905828,0.03442435339894713
54.45913672,0.029739833676661324
54.46862054,0.034363317311360345
54.46865368,0.035248340581368734
54.49265742,0.02766460669871061
54.4926827,0.031952391851682305
54.50258589,0.03634699015793088
54.50261736,0.030014496070801863
54.50857377,0.029694056610971235
54.50860357,0.03445487144274052
54.52304411,0.0298619058518349
54.52318048,0.028046082246128024
54.54668307,0.03389028763256275
54.54677248,0.030548561837186235
54.54682851,0.027054245822842757
54.54688096,0.0324254215304799
54.5469327,0.03187609674219882
54.56166101,0.026977950713359275
54.56168509,0.03096055542839704
54.56170726,0.03230334935530633
54.56173086,0.02798504615854124
54.57557297,0.03083848325322347
54.57559681,0.0336919203479057
54.57561994,0.027786678873884182
54.57564306,0.02822919050888838
54.59575844,0.03418020904859999
54.5958755,0.030243381399252308
54.59595513,0.027954528114747846
54.59602666,0.03341725795376516
54.62090397,0.030548561837186235
54.62102509,0.026703288319218737
54.62109971,0.03179980163271534
54.62117267,0.03181506065461204
54.63071227,0.026947432669565882
54.63077736,0.03129625391012436
54.63726449,0.03230334935530633
54.64944053,0.026031891355764097
54.64949489,0.030090791180285344
54.65372467,0.03437857633325704
54.65379643,0.02835126268406195
54.68171334,0.02832074464026856
54.68179011,0.033401998931868467
54.69190788,0.02832074464026856
54.69202876,0.027283131151293202
54.69210529,0.03352407110704204
54.6921742,0.03002975509269856
54.6940856,0.026672770275425344
54.69420481,0.032562752727550166
54.70283723,0.031448844129091325
54.71169662,0.025803006027313648
54.71175551,0.03134203097581445
54.73071051,0.03329518577859159
54.73077512,0.026489662012664988
54.73663449,0.029236285954070344
54.73669434,0.033279926756694896
54.75058627,0.027405203326466773
54.75061345,0.027695124742504004
54.75666022,0.03385976958876936
54.75668502,0.02981612878614481
54.76558423,0.027649347676813915
54.76561809,0.032776379034103915
54.76564765,0.029388876173037308
54.78057146,0.027924010070954453
54.78059554,0.03358510719462882
54.79859281,0.031738765545128556
54.81268406,0.026382848859388113
54.81276464,0.03164721141374838
54.8270309,0.033035782406347754
54.82716703,0.026596475165941862
54.82724404,0.030090791180285344
54.82731223,0.03402761882963302
54.82737947,0.02818341344319829
54.84058714,0.02827496757457847
54.84062099,0.03376821545738918
54.84065318,0.029556725413900968
54.84068227,0.027908751049057757
54.85607123,0.033661402304112305
54.85620737,0.030685893034256503
54.90370941,0.028122377355611506
54.90378714,0.0332646677347982
54.90566349,0.03312733653772793
54.9057157,0.02873273823147936
54.90575266,0.033447775997558556
54.90579438,0.03437857633325704
54.90763736,0.027908751049057757
54.90768981,0.02970931563286793
54.90772653,0.033615625238422216
54.9106524,0.028900587472343024
54.91071343,0.029098954757000077
54.93368435,0.033707179369802394
54.93376207,0.028381780727855344
54.93656969,0.027115281910429542
54.93661952,0.03418020904859999
54.94362354,0.03108262760357061
54.9436779,0.026245517662317846
54.95297766,0.031830319676508734
54.95307636,0.03146410315098802
54.96213675,0.02647440299076829
54.96225977,0.030502784771496146
54.96864676,0.03309681849393454
54.99312711,0.027237354085603113
54.99324965,0.029724574654764628
54.99774265,0.034195468070496685
54.99781108,0.03137254901960784
55.00487781,0.03759822995345998
55.00493145,0.051438162813763635
55.01065326,0.052185854886701764
55.01070952,0.046128023193713286
55.02410865,0.041718165865568015
55.02423024,0.028702220187685968
55.0307765,0.02067597467002365
55.03086901,0.027008468757152668
55.0386641,0.02975509269855802
55.06411171,0.02578774700541695
55.06432676,0.031189440756847486
55.0716393,0.0328374151216907
55.07168102,0.027283131151293202
55.08662224,0.029922941939421684
55.08665204,0.033661402304112305
55.08667707,0.027908751049057757
55.08670068,0.02763408865491722
55.09761596,0.03392080567635614
55.09765291,0.03015182726787213
55.1115973,0.028000305180437935
55.11162305,0.03376821545738918
55.11164641,0.030807965209430077
55.13757968,0.026718547341115433
55.13760972,0.032394903486686506
55.13763499,0.032776379034103915
55.1376586,0.027771419851987486
55.1376822,0.031280994888227664
55.15160275,0.033707179369802394
55.15165043,0.028747997253376057
55.15168428,0.030380712596322575
55.15171409,0.034485389486533916
55.16164255,0.029312581063553826
55.16168571,0.030045014114595255
55.16917706,0.034821087968261236
55.19174528,0.030594338902876324
55.19182515,0.029495689326314183
55.19188166,0.035416189822232394
55.19193339,0.03291371023117418
55.20185041,0.028595407034409093
55.20192575,0.03480582894636454
55.21113443,0.034988937209124896
55.21119881,0.029388876173037308
55.22396588,0.033066300450141146
55.22404528,0.03593499656672007
55.22411442,0.03022812237735561
55.23064399,0.032318608377203024
55.24123549,0.03659113450827802
55.26382256,0.030579079880979628
55.26389432,0.030289158464942397
55.26393437,0.037537193865873196
55.26397085,0.03291371023117418
55.26602745,0.030304417486839094
55.26612544,0.03544670786602579
55.27522969,0.03338673990997177
55.27531648,0.028747997253376057
55.28867888,0.03485160601205463
55.28873444,0.03405813687342641
55.30112886,0.02713054093232624
55.30124807,0.03100633249408713
55.31371117,0.035828183413443196
55.31862283,0.029846646829938202
55.31866407,0.029449912260624093
55.33298326,0.034317540245670256
55.33308315,0.030594338902876324
55.33316183,0.02993820096131838
55.33323288,0.033997100785839625
55.34270072,0.029236285954070344
55.34277296,0.02732890821698329
55.3566277,0.033707179369802394
55.35670686,0.031525139238574806
55.37101316,0.02716105897611963
55.37111688,0.03234912642099642
55.3711915,0.03224231326771954
55.38404441,0.027191577019913024
55.38409495,0.03048752574959945
55.38861847,0.033112077515831236
55.38867617,0.027832455939574275
55.40267015,0.029800869764248113
55.40269732,0.03483634699015793
55.41164351,0.0294193942168307
55.41168547,0.028885328450446328
55.43563581,0.03373769741359579
55.43567562,0.02975509269855802
55.44520855,0.027405203326466773
55.44527364,0.03302052338445106
55.44532704,0.030548561837186235
55.46767235,0.026413366903181506
55.46770096,0.03279163805600061
55.46772599,0.032944228274967575
55.46774912,0.027054245822842757
55.47063661,0.03015182726787213
55.47066307,0.033035782406347754
55.48366356,0.02681010147249561
55.48369169,0.029877164873731595
55.5006597,0.034317540245670256
55.50068426,0.028458075837338826
55.50360703,0.028000305180437935
55.50364399,0.03364614328221561
55.52378297,0.029312581063553826
55.52383089,0.0268711375600824
55.52386379,0.03321889066910811
55.52389455,0.030685893034256503
55.53393221,0.026382848859388113
55.53404117,0.03297474631876097
55.54952192,0.03295948729686427
55.54958391,0.026825360494392308
55.5616591,0.030579079880979628
55.56170201,0.03317311360341802
55.56710958,0.027481498435950255
55.5672338,0.029877164873731595
55.56730986,0.03350881208514534
55.5808363,0.028534370946822308
55.58090115,0.028763256275272753
55.58867884,0.03402761882963302
55.58872128,0.029968719005111773
55.60768914,0.027832455939574275
55.60776567,0.033035782406347754
55.62361097,0.03129625391012436
55.62366724,0.027573052567330433
55.62660837,0.03392080567635614
55.62664628,0.03405813687342641
55.63606429,0.02832074464026856
55.63615155,0.03230334935530633
55.63622165,0.034821087968261236
55.64365387,0.029739833676661324
55.64371705,0.03137254901960784
55.65760326,0.03480582894636454
55.65763617,0.0285648889906157
55.67171001,0.02832074464026856
55.67177439,0.033997100785839625
55.68865728,0.02937361715114061
55.68870068,0.027054245822842757
55.68873215,0.03346303501945525
55.68877196,0.03091477836270695
55.70089316,0.025909819180590526
55.70099187,0.03079270618753338
55.70106626,0.03172350652323186
55.72666621,0.02664225223163195
55.72671628,0.030594338902876324
55.72674179,0.03329518577859159
55.72676516,0.026977950713359275
55.72866797,0.028900587472343024
55.72872686,0.033203631647211414
55.74268818,0.027832455939574275
55.74277639,0.029114213778896773
55.75659347,0.03930724040588998
55.75662994,0.04103150988021668
55.76268077,0.04716563668268864
55.76273727,0.058777752346074616
55.76876378,0.05255207141222248
55.7931416,0.0349736781872282
55.79317188,0.028168154421301595
55.7931962,0.024826428625925077
55.79322004,0.022583352407110704
55.80276084,0.02954146639200427
55.80281568,0.03276112001220722
55.81161809,0.026047150377660793
55.81164694,0.02848859388113222
55.83877039,0.03309681849393454
55.83886123,0.0281528953994049
55.84770441,0.02754253452353704
55.84776568,0.033035782406347754
55.86169672,0.02865644312199588
55.86177707,0.027100022888532846
55.86183453,0.03317311360341802
55.8618865,0.030823224231326773
55.88945436,0.027023727779049364
55.8895185,0.03204394598306248
55.89420557,0.03141832608529793
55.89428639,0.026947432669565882
55.89434242,0.03210498207064927
55.89439487,0.034195468070496685
55.90769124,0.027237354085603113
55.90777016,0.029617761501487753
55.90781546,0.03466849774929427
55.90785837,0.02925154497596704
55.9078989,0.028290226596475166
55.92764974,0.034241245136186774
55.92768478,0.030457007705806057
55.93275404,0.028091859311818113
55.93282795,0.03401235980773632
55.94790101,0.032074464026855876
55.94798112,0.02818341344319829
55.95266247,0.03360036621652552
55.95271659,0.033829251544975965
55.96692634,0.02832074464026856
55.96704793,0.03305104142824445
55.96712303,0.03529411764705882
55.98212552,0.029907682917524988
55.98220158,0.032440680552376595
55.99612761,0.035873960479133285
55.99624825,0.03205920500495918
56.0107038,0.031326771953917754
56.01077986,0.036530098420691236
56.01082563,0.03266956588082704
56.0108695,0.029144731822690166
56.02070498,0.03405813687342641
56.02075982,0.03291371023117418
56.03412461,0.029831387808041506
56.03424382,0.034363317311360345
56.04273033,0.033157854581521325
56.05687237,0.028198672465094988
56.0569725,0.031967650873579
56.06569195,0.034042877851529714
56.06572032,0.028046082246128024
56.06574631,0.02954146639200427
56.06577158,0.03305104142824445
56.08261418,0.028366521705958648
56.08264351,0.027557793545433737
56.08267045,0.03280689707789731
56.08269525,0.028381780727855344
56.09566045,0.026764324406805522
56.09568453,0.03279163805600061
56.10859966,0.03053330281528954
56.12259197,0.02520790417334249
56.12261891,0.0307011520561532
56.12264252,0.031143663691157397
56.13306236,0.025604638742656595
56.13319707,0.02967879758907454
56.13327599,0.03271534294651713
56.14658332,0.026764324406805522
56.14661217,0.028198672465094988
56.15159369,0.03266956588082704
56.15161943,0.02798504615854124
56.17559052,0.027115281910429542
56.17562151,0.032990005340657665
56.18358254,0.028412298771648737
56.18362045,0.02499427786678874
56.18858504,0.03237964446478981
56.1886487,0.030777447165636684
56.19784045,0.025696192874036773
56.19794917,0.03193713282978561
56.21262717,0.032394903486686506
56.21271539,0.025818265049210344
56.22195172,0.029495689326314183
56.22204471,0.032074464026855876
56.23608518,0.025741969939726862
56.2362206,0.02801556420233463
56.24409986,0.0328374151216907
56.25781274,0.027603570611123826
56.25791454,0.02613870450904097
56.25800085,0.03170824750133516
56.25807071,0.02806134126802472
56.26811361,0.02511635004196231
56.26823521,0.030670634012359806
56.27374697,0.02887006942854963
56.27383423,0.024841687647821773
56.29795456,0.03019760433356222
56.29807377,0.0315556572823682
56.29814768,0.025513084611276417
56.29821682,0.02835126268406195
56.29828382,0.030853742275120166
56.31317449,0.026626993209735255
56.31324887,0.028992141603723202
56.33810973,0.03259327077134356
56.33829498,0.026581216144045166
56.33967471,0.02594033722438392
56.33972287,0.03219653620202945
56.34759545,0.028747997253376057
56.34764791,0.026001373311970704
56.37178922,0.032394903486686506
56.37187982,0.030563820859082932
56.37193203,0.025131609063859008
56.37197375,0.03193713282978561
56.37201667,0.03262378881513695
56.37566924,0.026169222552834364
56.37572813,0.02970931563286793
56.38772202,0.03224231326771954
56.38779283,0.025467307545586328
56.40208387,0.026855878538185704
56.40220642,0.03131151293202106
56.41561437,0.02613870450904097
56.41565752,0.025177386129549097
56.42421579,0.030762188143739988
56.42428803,0.026825360494392308
56.42861271,0.024078736552986955
56.42864132,0.030182345311665523
56.43759942,0.028900587472343024
56.44455743,0.023605706874189364
56.44458294,0.0290074006256199
56.45757127,0.029602502479591057
56.45759535,0.024444953078507668
56.4816165,0.02758831158922713
56.4816463,0.030563820859082932
56.48167062,0.026428625925078202
56.48169422,0.03356984817273213
56.48359108,0.047806515602349886
56.49796557,0.052018005645838104
56.49810171,0.05191119249256123
56.49964356,0.04866102082856489
56.51267076,0.030457007705806057
56.51277256,0.017166399633783476
56.53189635,0.02328526741435874
56.53201914,0.02668802929732204
56.53209448,0.024414435034714275
56.53216743,0.029312581063553826
56.54368925,0.03022812237735561
56.54377365,0.024460212100404364
56.55264163,0.02708476386663615
56.55269814,0.02954146639200427
56.55274272,0.024078736552986955
56.56666565,0.026321812771801328
56.56669021,0.030548561837186235
56.59588432,0.025955596246280615
56.59600735,0.025741969939726862
56.59608316,0.0319829098954757
56.59615135,0.0277103837644007
56.59788609,0.02423132677195392
56.59795427,0.030640115968566414
56.61170387,0.029098954757000077
56.61177897,0.02439917601281758
56.62061715,0.02958724345769436
56.6206708,0.030167086289768826
56.64567137,0.0247348744945449
56.64580536,0.02806134126802472
56.64585328,0.030777447165636684
56.65872025,0.025558861676966506
56.65879154,0.027344167238879988
56.6588459,0.032028686961165787
56.65889716,0.027069504844739453
56.68306994,0.025391012436102846
56.6831336,0.033325703822384985
56.68317866,0.030304417486839094
56.68322134,0.026489662012664988
56.68869853,0.032532234683756774
56.68874884,0.03100633249408713
56.69812369,0.026977950713359275
56.69824386,0.03213550011444266
56.70679927,0.03364614328221561
56.73683643,0.02763408865491722
56.73691463,0.03096055542839704
56.73696017,0.03422598611429008
56.73700261,0.02798504615854124
56.73871303,0.028549629968719004
56.73876548,0.03384451056687266
56.74267077,0.028809033340962846
56.74271369,0.027969787136644542
56.75162601,0.03442435339894713
56.75166225,0.03036545357442588
56.77571273,0.026459143968871595
56.77578855,0.03150988021667811
56.77583456,0.030930037384603648
56.79060173,0.026764324406805522
56.7906301,0.031097886625467308
56.79065442,0.03083848325322347
56.79067779,0.024902723735408562
56.80060983,0.02844281681544213
56.81903553,0.032394903486686506
56.81911421,0.026199740596627757
56.82173061,0.027008468757152668
56.82180905,0.03179980163271534
56.8218658,0.026031891355764097
56.84427834,0.024582284275577935
56.84431362,0.03108262760357061
56.84614515,0.02763408865491722
56.84619069,0.024933241779201955
56.85394359,0.03163195239185168
56.85405135,0.029953459983215077
56.87780714,0.024551766231784542
56.8779211,0.029312581063553826
56.87799835,0.03079270618753338
56.87806749,0.025223163195239186
56.89566636,0.028259708552681773
56.89575386,0.031280994888227664
56.90167427,0.02494850080109865
56.90172768,0.026031891355764097
56.90176439,0.03266956588082704
56.91125655,0.027527275501640344
56.91135931,0.02406347753109026
56.92391729,0.03134203097581445
56.92407298,0.028763256275272753
56.94342065,0.024963759822995348
56.94359684,0.030991073472190434
56.9571166,0.029480430304417486
56.95727515,0.024109254596780347
56.97064972,0.028747997253376057
56.9707005,0.030212863355458915
56.97073698,0.024658579385061417
56.97077155,0.027969787136644542
56.98390198,0.031158922713054094
56.99092722,0.025101091020065615
56.99099779,0.02635233081559472
56.99917006,0.031692988479438466
56.99922967,0.026382848859388113
57.00774121,0.02520790417334249
57.00779343,0.03175402456702525
57.01714826,0.02810711833371481
57.01726818,0.024383916990920882
57.0313127,0.030975814450293737
57.03138876,0.03015182726787213
57.04403019,0.024963759822995348
57.0440805,0.029922941939421684
57.04412198,0.0319829098954757
57.04565001,0.025345235370412757
57.04568648,0.028046082246128024
57.05405283,0.0328526741435874
57.05414271,0.02668802929732204
57.0677073,0.027191577019913024
57.06778359,0.03245593957427329
57.08212566,0.027283131151293202
57.08224559,0.025955596246280615
57.09569311,0.03205920500495918
57.09577012,0.028534370946822308
57.10363722,0.0251621271076524
57.10367274,0.03150988021667811
57.10370708,0.03044174868390936
57.11061335,0.025558861676966506
57.1230824,0.02951094834821088
57.12321854,0.0324254215304799
57.13163805,0.02917524986648356
57.13170981,0.031830319676508734
57.14699388,0.033661402304112305
57.14710331,0.02737468528267338
57.160676,0.029053177691309988
57.16075659,0.03472953383688106
57.16079354,0.02883955138475624
57.16082811,0.027008468757152668
57.17068863,0.03389028763256275
57.17763424,0.030502784771496146
57.17766905,0.02664225223163195
57.19166899,0.031738765545128556
57.19176531,0.030716411078049895
57.20567417,0.025467307545586328
57.20575547,0.030121309224078737
57.21911335,0.031616693369954985
57.21923614,0.02499427786678874
57.22575545,0.029282063019760433
57.22583246,0.033234149691004806
57.23365951,0.0268711375600824
57.23371983,0.027481498435950255
57.24068785,0.03193713282978561
57.24894524,0.028366521705958648
57.2490468,0.02789349202716106
57.26277184,0.03302052338445106
57.26284838,0.029617761501487753
57.29082847,0.028885328450446328
57.29090738,0.03968871595330739
57.29095268,0.04594491493095293
57.29099917,0.04837109941252766
57.30601549,0.05420004577706569
57.30608845,0.04664682993820096
57.30614495,0.028946364538033113
57.30619884,0.02357518883039597
57.30624819,0.027023727779049364
57.31394124,0.024750133516441595
57.31404257,0.02780193789578088
57.33771491,0.03375295643549248
57.33779097,0.028458075837338826
57.33783674,0.026321812771801328
57.33787823,0.03176928358892195
57.36666274,0.030212863355458915
57.36675072,0.02652018005645838
57.36679673,0.032898451209277486
57.36683917,0.031784542610818645
57.36687994,0.026626993209735255
57.36692023,0.031280994888227664
57.36696029,0.03245593957427329
57.38211083,0.026703288319218737
57.38223171,0.029877164873731595
57.39737511,0.0328526741435874
57.39745045,0.026749065384908826
57.40983319,0.029617761501487753
57.4099369,0.03569085221637293
57.41001177,0.02970931563286793
57.41008115,0.027771419851987486
57.41907883,0.03396658274204623
57.41912031,0.030899519340810255
57.43261886,0.027878233005264364
57.43266439,0.0336919203479057
57.43268919,0.0324254215304799
57.44767046,0.02827496757457847
57.44769931,0.03364614328221561
57.46161246,0.03488212405584802
57.46164203,0.02827496757457847
57.4616673,0.03237964446478981
57.47675514,0.036697947661554896
57.47686386,0.029663538567177843
57.48692369,0.031097886625467308
57.48708868,0.03697261005569543
57.48717618,0.031067368581673915
57.50061655,0.029602502479591057
57.50064993,0.03718623636224918
57.52119565,0.03372243839169909
57.52132964,0.02954146639200427
57.5336225,0.035248340581368734
57.5336678,0.03472953383688106
57.53568363,0.029999237048905166
57.53572607,0.03462272068360418
57.5416851,0.035080491340505074
57.54175639,0.029739833676661324
57.55611181,0.033066300450141146
57.5562346,0.037293049515526054
57.57873154,0.029617761501487753
57.57879663,0.030243381399252308
57.58065057,0.035584039063096054
57.58069062,0.030350194552529183
57.58072424,0.02937361715114061
57.590904,0.03569085221637293
57.59101653,0.03218127718013275
57.60367155,0.02810711833371481
57.60373354,0.03392080567635614
57.60872197,0.03279163805600061
57.60883093,0.026901655603875793
57.63272214,0.03189135576409552
57.63284922,0.03375295643549248
57.63293266,0.0272983901731899
57.63300014,0.029495689326314183
57.63305569,0.03346303501945525
57.64285684,0.02958724345769436
57.64295459,0.03044174868390936
57.65713429,0.034119172961013196
57.65725398,0.029327840085450523
57.66569066,0.028030823224231328
57.66575027,0.03398184176394293
57.68914247,0.02998397802700847
57.68926382,0.026428625925078202
57.70270705,0.034439612420843826
57.70279002,0.033615625238422216
57.71185446,0.027481498435950255
57.71195292,0.031830319676508734
57.71202946,0.03352407110704204
57.72574329,0.027954528114747846
57.72582006,0.030350194552529183
57.73368645,0.034317540245670256
57.73372865,0.02789349202716106
57.73376369,0.028076600289921417
57.73379683,0.03459220263981079
57.74762917,0.030762188143739988
57.74766254,0.02832074464026856
57.77261114,0.03401235980773632
57.77264237,0.02946517128252079
57.77266765,0.027389944304570077
57.77269244,0.03477531090257115
57.77271628,0.03318837262531472
57.77959728,0.02673380636301213
57.77962351,0.0319829098954757
57.78859401,0.03405813687342641
57.78861928,0.02720683604180972
57.80262303,0.030594338902876324
57.80264878,0.0349584191653315
57.81587934,0.02912947280079347
57.81590533,0.029098954757000077
57.83861542,0.034241245136186774
57.83864856,0.030182345311665523
57.83867311,0.02912947280079347
57.84109902,0.034988937209124896
57.8411386,0.031784542610818645
57.84116864,0.02766460669871061
57.8561089,0.03314259555962463
57.8562448,0.032944228274967575
57.8699162,0.027786678873884182
57.8699522,0.03250171663996338
57.8829999,0.03418020904859999
57.88310146,0.028091859311818113
57.8966918,0.03044174868390936
57.89676785,0.034653238727397576
57.89680529,0.02865644312199588
57.89683986,0.028885328450446328
57.896873,0.03485160601205463
57.91168332,0.029617761501487753
57.91175652,0.028458075837338826
57.92577791,0.035324635690852216
57.92584372,0.03250171663996338
57.93162799,0.027786678873884182
57.93167782,0.03347829404135195
57.95589447,0.032440680552376595
57.95601678,0.028076600289921417
57.95609379,0.03338673990997177
57.95616436,0.03500419623102159
57.97132993,0.029068436713206684
57.97139668,0.03259327077134356
57.97142291,0.03634699015793088
57.97765017,0.03010605020218204
57.97770786,0.030762188143739988
57.9917295,0.03701838712138552
57.99179602,0.032776379034103915
58.00560975,0.030823224231326773
58.00564551,0.03634699015793088
58.01913142,0.03305104142824445
58.01925206,0.029114213778896773
58.02115345,0.034241245136186774
58.02127099,0.03312733653772793
58.03472781,0.028503852903028915
58.03480315,0.03338673990997177
58.03486204,0.03402761882963302
58.04891086,0.02691691462577249
58.04898238,0.030853742275120166
58.0561769,0.0345616845960174
58.05629516,0.029068436713206684
58.07580686,0.029800869764248113
58.07585025,0.03535515373464561
58.09901285,0.029953459983215077
58.09908676,0.028702220187685968
58.09913206,0.035034714274814985
58.09917402,0.030594338902876324
58.1136806,0.026932173647669186
58.11373758,0.03447013046463722
58.11378074,0.03602655069810025
58.11382055,0.03544670786602579
58.12864923,0.048050659952697035
58.12875223,0.056229495689326316
58.12879825,0.04858472571908141
58.14059806,0.042252231631952394
58.14062476,0.03610284580758373
58.15361381,0.02383459220263981
58.15363884,0.023651483939879453
58.16958976,0.03225757228961624
58.16962075,0.029068436713206684
58.16964531,0.027176317998016328
58.16966987,0.03358510719462882
58.17858458,0.031448844129091325
58.17863011,0.027695124742504004
58.17865992,0.03373769741359579
58.18765879,0.03288319218738079
58.18768287,0.027954528114747846
58.21159697,0.032700083924620434
58.21162319,0.033615625238422216
58.21164703,0.02713054093232624
58.2217319,0.03108262760357061
58.2218411,0.03590447852292668
58.23260903,0.029907682917524988
58.23265672,0.030075532158388648
58.23993778,0.03559929808499275
58.24593616,0.031158922713054094
58.24598694,0.028809033340962846
58.27164054,0.035156786449988556
58.27170086,0.03201342793926909
58.27563334,0.027862973983367668
58.27567053,0.034439612420843826
58.27570057,0.03347829404135195
58.27572894,0.02903791866941329
58.28581572,0.03433279926756695
58.28590417,0.035324635690852216
58.29867768,0.02827496757457847
58.29875374,0.032990005340657665
58.30061316,0.03697261005569543
58.31393933,0.03039597161821927
58.31399512,0.03039597161821927
58.32762861,0.03717097734035248
58.32767224,0.03291371023117418
58.34212565,0.030945296406500344
58.3422277,0.03688105592431525
58.34230375,0.03350881208514534
58.34237432,0.029190508888380255
58.35174274,0.03630121309224079
58.35182977,0.035660334172579536
58.36594057,0.0294193942168307
58.36601424,0.035156786449988556
58.3800559,0.03717097734035248
58.39316225,0.030945296406500344
58.39322782,0.034363317311360345
58.40707207,0.03773556115053025
58.40719342,0.030853742275120166
58.40726948,0.03105210955977722
58.40733957,0.038574807354848556
58.4207375,0.033447775997558556
58.42081356,0.03022812237735561
58.43365669,0.03544670786602579
58.43373084,0.03210498207064927
58.44061112,0.02954146639200427
58.44065976,0.035660334172579536
58.44911361,0.03405813687342641
58.46263766,0.028076600289921417
58.46267676,0.0324254215304799
58.46270871,0.03425650415808347
58.47277355,0.028244449530785077
58.47285461,0.030670634012359806
58.48208094,0.03439383535515374
58.48221755,0.02912947280079347
58.48666072,0.02993820096131838
58.48674035,0.03547722590981918
58.50064325,0.030563820859082932
58.50072479,0.02763408865491722
58.50077987,0.034164950026703285
58.51609087,0.032730601968413826
58.51622677,0.028030823224231328
58.52867937,0.033829251544975965
58.52876616,0.03308155947203784
58.54280186,0.02681010147249561
58.54290867,0.03300526436255436
58.54298568,0.03529411764705882
58.54305458,0.028366521705958648
58.55271411,0.031036850537880523
58.55279207,0.03526359960326543
58.55282879,0.029022659647516595
58.57062602,0.02912947280079347
58.57065606,0.03518730449378195
58.58572173,0.030075532158388648
58.58578801,0.027405203326466773
58.59860921,0.034744792858777754
58.59865069,0.032394903486686506
58.60065198,0.027725642786297397
58.600703,0.03352407110704204
58.61009455,0.033279926756694896
58.61021519,0.028290226596475166
58.62461782,0.03271534294651713
58.62469387,0.03442435339894713
58.62758899,0.027924010070954453
58.62765598,0.0307011520561532
58.64225221,0.03526359960326543
58.65567088,0.03108262760357061
58.65574718,0.030716411078049895
58.66242456,0.03555352101930266
58.66248345,0.03126573586633097
58.66769838,0.029053177691309988
58.66776586,0.03590447852292668
58.67677307,0.0332494087129015
58.6768527,0.028641184100099183
58.69069171,0.03450064850843061
58.69075656,0.03421072709239338
58.70369029,0.028809033340962846
58.70376348,0.03300526436255436
58.7038188,0.03529411764705882
58.71790218,0.030243381399252308
58.7180841,0.03262378881513695
58.71814513,0.03651483939879454
58.7181921,0.031326771953917754
58.73760986,0.030930037384603648
58.73764181,0.03630121309224079
58.74101806,0.03189135576409552
58.74104357,0.02981612878614481
58.75359368,0.03634699015793088
58.75361872,0.033447775997558556
58.77766252,0.029953459983215077
58.77768826,0.03663691157396811
58.77771091,0.03659113450827802
58.7866087,0.030945296406500344
58.78663421,0.035660334172579536
58.78665805,0.03761348897535668
58.78668141,0.031570916304264895
58.80160189,0.03472953383688106
58.80772781,0.03889524681467918
58.80779195,0.03254749370565347
58.807832,0.03219653620202945
58.83160734,0.03704890516517891
58.83163762,0.033234149691004806
58.8316617,0.032028686961165787
58.83168507,0.03761348897535668
58.84681869,0.03390554665445945
58.84690547,0.02970931563286793
58.85669804,0.03643854428931106
58.85678554,0.0362554360265507
58.86883736,0.030579079880979628
58.86893749,0.03451590753032731
58.88399625,0.03617914091706722
58.88419867,0.0315403982604715
58.89762235,0.03445487144274052
58.89767623,0.038162813763637754
58.89771128,0.03213550011444266
58.89774394,0.03134203097581445
58.89777517,0.03831540398260472
58.91303396,0.03649958037689784
58.91315746,0.03808651865415427
58.92168379,0.05044632639047837
58.92176127,0.05560387579156176
58.93566465,0.05236896314946212
58.93573642,0.05091935606927596
58.95003319,0.040283817807278556
58.9501543,0.02668802929732204
58.96262479,0.02920576791027695
58.96267748,0.034271763179980166
58.96271873,0.031998168917372394
58.96275282,0.03450064850843061
58.96560693,0.038452735179674985
58.97876549,0.03279163805600061
58.97886372,0.03276112001220722
58.99168181,0.03913939116502632
58.99174452,0.03500419623102159
59.01611662,0.03262378881513695
59.01626873,0.03915465018692302
59.02456212,0.03706416418707561
59.02461243,0.032608529793240255
59.02465272,0.038162813763637754
59.02469659,0.03834592202639811
59.03795886,0.03308155947203784
59.03803229,0.037415121690699625
59.03808689,0.039078355077439536
59.0471437,0.03335622186617838
59.04726291,0.03576714732585641
59.07085299,0.03997863736934462
59.07096815,0.03485160601205463
59.08559966,0.035538261997405965
59.08562994,0.04144350347142748
59.08565569,0.03683527885862516
59.08567929,0.03381399252307927
59.09661698,0.040619516289005876
59.09665775,0.03871213855191882
59.09668899,0.03433279926756695
59.09671783,0.03918516823071641
59.09860659,0.03920042725261311
59.11265945,0.035156786449988556
59.13689494,0.03930724040588998
59.13700891,0.04132143129625391
59.1370852,0.035492484931715876
59.13715506,0.037918669413290605
59.14384222,0.042038605325398645
59.14391994,0.03701838712138552
59.15269399,0.036911573968108645
59.1527729,0.042328526741435876
59.16668606,0.038742656595712216
59.16674781,0.03613336385137713
59.16679144,0.042160677500572216
59.18207383,0.039795529106584265
59.18220925,0.035156786449988556
59.19565845,0.04034485389486534
59.19574428,0.03993286030365453
59.2077446,0.0349584191653315
59.20782256,0.039246204318303196
59.20787883,0.04156557564660105
59.207932,0.035828183413443196
59.21771312,0.03680476081483177
59.21783662,0.04069581139848936
59.23163271,0.03602655069810025
59.23168993,0.035584039063096054
59.23172736,0.040115968566414896
59.25669551,0.03590447852292668
59.25679731,0.03312733653772793
59.25686407,0.03927672236209659
59.25690985,0.03759822995345998
59.26665664,0.0324254215304799
59.26671505,0.037918669413290605
59.27595758,0.03842221713588159
59.27603006,0.03251697566186008
59.28397751,0.03616388189517052
59.28414297,0.03889524681467918
59.29767752,0.0336919203479057
59.29772925,0.03468375677119097
59.30698371,0.03901731898985275
59.33071685,0.03433279926756695
59.33078218,0.033279926756694896
59.33081913,0.03942931258106355
59.33085299,0.03562981612878614
59.34408188,0.032364385442893114
59.34420109,0.03797970550087739
59.35092783,0.03607232776379034
59.35112357,0.032074464026855876
59.35709882,0.03727779049362936
59.35715604,0.03701838712138552
59.40614891,0.03088426031891356
59.40626383,0.03479056992446784
59.40634131,0.03852903028915847
59.40801764,0.03329518577859159
59.40805531,0.034119172961013196
59.40808797,0.0375219348439765
59.40812135,0.032486457618066684
59.40815449,0.033203631647211414
59.40818667,0.03855954833295186
59.41165209,0.03437857633325704
59.41168928,0.03176928358892195
59.42578506,0.03633173113603418
59.42583346,0.034866865033951325
59.42865443,0.03108262760357061
59.42871094,0.03573662928206302
59.43566656,0.03598077363241016
59.45859408,0.030472266727702754
59.45862579,0.03471427481498436
59.46359372,0.03730830853742275
59.4636271,0.031738765545128556
59.47085547,0.03341725795376516
59.47092557,0.03730830853742275
59.47888327,0.03213550011444266
59.47896123,0.03193713282978561
59.48668838,0.03784237430380712
59.48676395,0.03466849774929427
59.50061274,0.03137254901960784
59.50064087,0.03698786907759213
59.51700163,0.03556878004119936
59.51713514,0.031494621194781414
59.54089975,0.0362706950484474
59.54103684,0.03714045929655909
59.5411129,0.03193713282978561
59.54118705,0.035996032654306856
59.54274893,0.03863584344243534
59.54285622,0.032486457618066684
59.55673027,0.03321889066910811
59.5568192,0.03677424277103838
59.56266308,0.031158922713054094
59.56275773,0.03167772945754177
59.57708788,0.03721675440604257
59.59067988,0.03321889066910811
59.59075046,0.03022812237735561
59.59670138,0.0354009308003357
59.59675336,0.03338673990997177
59.60271716,0.029114213778896773
59.60278893,0.034119172961013196
59.61083746,0.03466849774929427
59.61090922,0.02937361715114061
59.62368345,0.03201342793926909
59.62375379,0.033951323720149536
59.63270211,0.031280994888227664
59.63276577,0.03230334935530633
59.64710903,0.035538261997405965
59.66073275,0.03321889066910811
59.66080856,0.037079423208972305
59.66085386,0.04840161745632105
59.66089916,0.053482871747920956
59.68420672,0.051651789120317385
59.68428588,0.04898146028839551
59.69066739,0.03656061646448463
59.69072485,0.024963759822995348
59.70197988,0.029068436713206684
59.70208192,0.03141832608529793
59.70217657,0.027771419851987486
59.70224643,0.031784542610818645
59.71129298,0.03450064850843061
59.72441506,0.028763256275272753
59.72449231,0.030823224231326773
59.72872972,0.03630121309224079
59.72878695,0.030762188143739988
59.74268031,0.029358358129243915
59.74273944,0.03593499656672007
59.74278593,0.03163195239185168
59.74283004,0.029068436713206684
59.75259876,0.03590447852292668
59.75263739,0.03442435339894713
59.76160717,0.02908369573510338
59.76164103,0.03398184176394293
59.77613568,0.03447013046463722
59.78861928,0.029785610742351417
59.78866506,0.03309681849393454
59.79360628,0.03511100938429847
59.79363155,0.029953459983215077
59.80060339,0.03137254901960784
59.80062795,0.035751888303959714
59.80885053,0.03176928358892195
59.80887651,0.031738765545128556
59.82499385,0.036194399938963916
59.82505107,0.031738765545128556
59.83674812,0.029190508888380255
59.83678865,0.03620965896086061
59.85095906,0.0341039139391165
59.85108089,0.02934309910734722
59.86064386,0.03472953383688106
59.8606987,0.03511100938429847
59.86565113,0.029724574654764628
59.86570764,0.03295948729686427
59.87565184,0.0349584191653315
59.87572408,0.030243381399252308
59.88867021,0.032318608377203024
59.88876081,0.03559929808499275
59.90274096,0.030426489662012664
59.90284467,0.028747997253376057
59.90291953,0.034988937209124896
59.91689849,0.032562752727550166
59.91702104,0.029449912260624093
59.9170959,0.03376821545738918
59.91717005,0.032272831311512935
59.93169522,0.027878233005264364
59.93177271,0.03259327077134356
59.94608474,0.032730601968413826
59.94620562,0.026703288319218737
59.95373392,0.029785610742351417
59.95382595,0.03259327077134356
59.97816515,0.026199740596627757
59.97828507,0.028244449530785077
59.98495364,0.03291371023117418
59.99771214,0.027389944304570077
59.99777818,0.026337071793698024
59.99781489,0.03126573586633097
59.99784851,0.027603570611123826
60.01612806,0.024109254596780347
