
/home/kejoperezde/Documents/Proyecto1/C/PruebaDMA/build/PruebaDMA.elf:     file format elf32-littlearm

Sections:
Idx Name          Size      VMA       LMA       File off  Algn
  0 .boot2        00000100  10000000  10000000  00001000  2**0
                  CONTENTS, ALLOC, LOAD, READONLY, CODE
  1 .text         00006e2c  10000100  10000100  00001100  2**3
                  CONTENTS, ALLOC, LOAD, READONLY, CODE
  2 .rodata       00001598  10006f30  10006f30  00007f30  2**3
                  CONTENTS, ALLOC, LOAD, READONLY, DATA
  3 .binary_info  0000002c  100084c8  100084c8  000094c8  2**2
                  CONTENTS, ALLOC, LOAD, READONLY, DATA
  4 .ram_vector_table 000000c0  20000000  20000000  0000b000  2**2
                  ALLOC
  5 .uninitialized_data 00000000  200000c0  200000c0  0000acd8  2**0
                  CONTENTS
  6 .data         00000c18  200000c0  100084f4  0000a0c0  2**4
                  CONTENTS, ALLOC, LOAD, READONLY, CODE
  7 .tdata        00000000  20000cd8  20000cd8  0000acd8  2**0
                  CONTENTS, ALLOC, LOAD, DATA, THREAD_LOCAL
  8 .tbss         00000000  20000cd8  20000cd8  00000000  2**0
                  ALLOC, THREAD_LOCAL
  9 .bss          000010b0  20000cd8  1000910c  0000acd8  2**3
                  ALLOC
 10 .heap         0003e278  20001d88  1000910c  0000ad88  2**2
                  ALLOC, READONLY
 11 .scratch_x    00000000  20040000  20040000  0000acd8  2**0
                  CONTENTS
 12 .scratch_y    00000000  20041000  20041000  0000acd8  2**0
                  CONTENTS
 13 .stack_dummy  00000800  20041000  20041000  0000ace0  2**5
                  CONTENTS, READONLY
 14 .ARM.attributes 00000028  00000000  00000000  0000b4e0  2**0
                  CONTENTS, READONLY
 15 .comment      00000033  00000000  00000000  0000b508  2**0
                  CONTENTS, READONLY
 16 .debug_info   0002c8ae  00000000  00000000  0000b53b  2**0
                  CONTENTS, READONLY, DEBUGGING, OCTETS
 17 .debug_abbrev 0000847d  00000000  00000000  00037de9  2**0
                  CONTENTS, READONLY, DEBUGGING, OCTETS
 18 .debug_loc    0001ab32  00000000  00000000  00040266  2**0
                  CONTENTS, READONLY, DEBUGGING, OCTETS
 19 .debug_aranges 000018c8  00000000  00000000  0005ad98  2**3
                  CONTENTS, READONLY, DEBUGGING, OCTETS
 20 .debug_ranges 00005510  00000000  00000000  0005c660  2**3
                  CONTENTS, READONLY, DEBUGGING, OCTETS
 21 .debug_line   0001bc6f  00000000  00000000  00061b70  2**0
                  CONTENTS, READONLY, DEBUGGING, OCTETS
 22 .debug_str    000092e5  00000000  00000000  0007d7df  2**0
                  CONTENTS, READONLY, DEBUGGING, OCTETS
 23 .debug_frame  00003394  00000000  00000000  00086ac4  2**2
                  CONTENTS, READONLY, DEBUGGING, OCTETS

/home/kejoperezde/Documents/Proyecto1/C/PruebaDMA/build/PruebaDMA.elf:     file format elf32-littlearm


Disassembly of section .boot2:

10000000 <__boot2_start__>:
10000000:	4b32b500 	.word	0x4b32b500
10000004:	60582021 	.word	0x60582021
10000008:	21026898 	.word	0x21026898
1000000c:	60984388 	.word	0x60984388
10000010:	611860d8 	.word	0x611860d8
10000014:	4b2e6158 	.word	0x4b2e6158
10000018:	60992100 	.word	0x60992100
1000001c:	61592102 	.word	0x61592102
10000020:	22f02101 	.word	0x22f02101
10000024:	492b5099 	.word	0x492b5099
10000028:	21016019 	.word	0x21016019
1000002c:	20356099 	.word	0x20356099
10000030:	f844f000 	.word	0xf844f000
10000034:	42902202 	.word	0x42902202
10000038:	2106d014 	.word	0x2106d014
1000003c:	f0006619 	.word	0xf0006619
10000040:	6e19f834 	.word	0x6e19f834
10000044:	66192101 	.word	0x66192101
10000048:	66182000 	.word	0x66182000
1000004c:	f000661a 	.word	0xf000661a
10000050:	6e19f82c 	.word	0x6e19f82c
10000054:	6e196e19 	.word	0x6e196e19
10000058:	f0002005 	.word	0xf0002005
1000005c:	2101f82f 	.word	0x2101f82f
10000060:	d1f94208 	.word	0xd1f94208
10000064:	60992100 	.word	0x60992100
10000068:	6019491b 	.word	0x6019491b
1000006c:	60592100 	.word	0x60592100
10000070:	481b491a 	.word	0x481b491a
10000074:	21016001 	.word	0x21016001
10000078:	21eb6099 	.word	0x21eb6099
1000007c:	21a06619 	.word	0x21a06619
10000080:	f0006619 	.word	0xf0006619
10000084:	2100f812 	.word	0x2100f812
10000088:	49166099 	.word	0x49166099
1000008c:	60014814 	.word	0x60014814
10000090:	60992101 	.word	0x60992101
10000094:	2800bc01 	.word	0x2800bc01
10000098:	4700d000 	.word	0x4700d000
1000009c:	49134812 	.word	0x49134812
100000a0:	c8036008 	.word	0xc8036008
100000a4:	8808f380 	.word	0x8808f380
100000a8:	b5034708 	.word	0xb5034708
100000ac:	20046a99 	.word	0x20046a99
100000b0:	d0fb4201 	.word	0xd0fb4201
100000b4:	42012001 	.word	0x42012001
100000b8:	bd03d1f8 	.word	0xbd03d1f8
100000bc:	6618b502 	.word	0x6618b502
100000c0:	f7ff6618 	.word	0xf7ff6618
100000c4:	6e18fff2 	.word	0x6e18fff2
100000c8:	bd026e18 	.word	0xbd026e18
100000cc:	40020000 	.word	0x40020000
100000d0:	18000000 	.word	0x18000000
100000d4:	00070000 	.word	0x00070000
100000d8:	005f0300 	.word	0x005f0300
100000dc:	00002221 	.word	0x00002221
100000e0:	180000f4 	.word	0x180000f4
100000e4:	a0002022 	.word	0xa0002022
100000e8:	10000100 	.word	0x10000100
100000ec:	e000ed08 	.word	0xe000ed08
	...
100000fc:	7a4eb274 	.word	0x7a4eb274

Disassembly of section .text:

10000100 <__VECTOR_TABLE>:
10000100:	20042000 	.word	0x20042000
10000104:	100001f7 	.word	0x100001f7
10000108:	100001c3 	.word	0x100001c3
1000010c:	100001c5 	.word	0x100001c5
10000110:	100001c1 	.word	0x100001c1
10000114:	100001c1 	.word	0x100001c1
10000118:	100001c1 	.word	0x100001c1
1000011c:	100001c1 	.word	0x100001c1
10000120:	100001c1 	.word	0x100001c1
10000124:	100001c1 	.word	0x100001c1
10000128:	100001c1 	.word	0x100001c1
1000012c:	100001c7 	.word	0x100001c7
10000130:	100001c1 	.word	0x100001c1
10000134:	100001c1 	.word	0x100001c1
10000138:	100001c9 	.word	0x100001c9
1000013c:	100001cb 	.word	0x100001cb
10000140:	100001cd 	.word	0x100001cd
10000144:	100001cd 	.word	0x100001cd
10000148:	100001cd 	.word	0x100001cd
1000014c:	100001cd 	.word	0x100001cd
10000150:	100001cd 	.word	0x100001cd
10000154:	100001cd 	.word	0x100001cd
10000158:	100001cd 	.word	0x100001cd
1000015c:	100001cd 	.word	0x100001cd
10000160:	100001cd 	.word	0x100001cd
10000164:	100001cd 	.word	0x100001cd
10000168:	100001cd 	.word	0x100001cd
1000016c:	100001cd 	.word	0x100001cd
10000170:	100001cd 	.word	0x100001cd
10000174:	100001cd 	.word	0x100001cd
10000178:	100001cd 	.word	0x100001cd
1000017c:	100001cd 	.word	0x100001cd
10000180:	100001cd 	.word	0x100001cd
10000184:	100001cd 	.word	0x100001cd
10000188:	100001cd 	.word	0x100001cd
1000018c:	100001cd 	.word	0x100001cd
10000190:	100001cd 	.word	0x100001cd
10000194:	100001cd 	.word	0x100001cd
10000198:	100001cd 	.word	0x100001cd
1000019c:	100001cd 	.word	0x100001cd
100001a0:	100001cd 	.word	0x100001cd
100001a4:	100001cd 	.word	0x100001cd
100001a8:	100001cd 	.word	0x100001cd
100001ac:	100001cd 	.word	0x100001cd
100001b0:	100001cd 	.word	0x100001cd
100001b4:	100001cd 	.word	0x100001cd
100001b8:	100001cd 	.word	0x100001cd
100001bc:	100001cd 	.word	0x100001cd

100001c0 <isr_invalid>:
100001c0:	be00      	bkpt	0x0000

100001c2 <isr_nmi>:
100001c2:	be00      	bkpt	0x0000

100001c4 <isr_hardfault>:
100001c4:	be00      	bkpt	0x0000

100001c6 <isr_svcall>:
100001c6:	be00      	bkpt	0x0000

100001c8 <isr_pendsv>:
100001c8:	be00      	bkpt	0x0000

100001ca <isr_systick>:
100001ca:	be00      	bkpt	0x0000

100001cc <__unhandled_user_irq>:
100001cc:	f3ef 8005 	mrs	r0, IPSR
100001d0:	3810      	subs	r0, #16

100001d2 <unhandled_user_irq_num_in_r0>:
100001d2:	be00      	bkpt	0x0000

100001d4 <binary_info_header>:
100001d4:	7188ebf2 	.word	0x7188ebf2
100001d8:	100084c8 	.word	0x100084c8
100001dc:	100084f4 	.word	0x100084f4
100001e0:	10000238 	.word	0x10000238
100001e4:	e71aa390 	.word	0xe71aa390

100001e8 <_entry_point>:
100001e8:	481e      	ldr	r0, [pc, #120]	; (10000264 <data_cpy_table+0x2c>)

100001ea <_enter_vtable_in_r0>:
100001ea:	491f      	ldr	r1, [pc, #124]	; (10000268 <data_cpy_table+0x30>)
100001ec:	6008      	str	r0, [r1, #0]
100001ee:	c806      	ldmia	r0!, {r1, r2}
100001f0:	f381 8808 	msr	MSP, r1
100001f4:	4710      	bx	r2

100001f6 <_reset_handler>:
100001f6:	481d      	ldr	r0, [pc, #116]	; (1000026c <data_cpy_table+0x34>)
100001f8:	6800      	ldr	r0, [r0, #0]
100001fa:	2800      	cmp	r0, #0
100001fc:	d001      	beq.n	10000202 <hold_non_core0_in_bootrom+0x4>

100001fe <hold_non_core0_in_bootrom>:
100001fe:	4819      	ldr	r0, [pc, #100]	; (10000264 <data_cpy_table+0x2c>)
10000200:	e7f3      	b.n	100001ea <_enter_vtable_in_r0>
10000202:	a40d      	add	r4, pc, #52	; (adr r4, 10000238 <data_cpy_table>)
10000204:	cc0e      	ldmia	r4!, {r1, r2, r3}
10000206:	2900      	cmp	r1, #0
10000208:	d002      	beq.n	10000210 <hold_non_core0_in_bootrom+0x12>
1000020a:	f000 f812 	bl	10000232 <data_cpy>
1000020e:	e7f9      	b.n	10000204 <hold_non_core0_in_bootrom+0x6>
10000210:	4917      	ldr	r1, [pc, #92]	; (10000270 <data_cpy_table+0x38>)
10000212:	4a18      	ldr	r2, [pc, #96]	; (10000274 <data_cpy_table+0x3c>)
10000214:	2000      	movs	r0, #0
10000216:	e000      	b.n	1000021a <bss_fill_test>

10000218 <bss_fill_loop>:
10000218:	c101      	stmia	r1!, {r0}

1000021a <bss_fill_test>:
1000021a:	4291      	cmp	r1, r2
1000021c:	d1fc      	bne.n	10000218 <bss_fill_loop>

1000021e <platform_entry>:
1000021e:	4916      	ldr	r1, [pc, #88]	; (10000278 <data_cpy_table+0x40>)
10000220:	4788      	blx	r1
10000222:	4916      	ldr	r1, [pc, #88]	; (1000027c <data_cpy_table+0x44>)
10000224:	4788      	blx	r1
10000226:	4916      	ldr	r1, [pc, #88]	; (10000280 <data_cpy_table+0x48>)
10000228:	4788      	blx	r1
1000022a:	be00      	bkpt	0x0000
1000022c:	e7fd      	b.n	1000022a <platform_entry+0xc>

1000022e <data_cpy_loop>:
1000022e:	c901      	ldmia	r1!, {r0}
10000230:	c201      	stmia	r2!, {r0}

10000232 <data_cpy>:
10000232:	429a      	cmp	r2, r3
10000234:	d3fb      	bcc.n	1000022e <data_cpy_loop>
10000236:	4770      	bx	lr

10000238 <data_cpy_table>:
10000238:	100084f4 	.word	0x100084f4
1000023c:	200000c0 	.word	0x200000c0
10000240:	20000cd8 	.word	0x20000cd8
10000244:	1000910c 	.word	0x1000910c
10000248:	20040000 	.word	0x20040000
1000024c:	20040000 	.word	0x20040000
10000250:	1000910c 	.word	0x1000910c
10000254:	20041000 	.word	0x20041000
10000258:	20041000 	.word	0x20041000
1000025c:	00000000 	.word	0x00000000
10000260:	4770      	bx	lr
10000262:	0000      	.short	0x0000
10000264:	00000000 	.word	0x00000000
10000268:	e000ed08 	.word	0xe000ed08
1000026c:	d0000000 	.word	0xd0000000
10000270:	20000cd8 	.word	0x20000cd8
10000274:	20001d88 	.word	0x20001d88
10000278:	10003db9 	.word	0x10003db9
1000027c:	10000321 	.word	0x10000321
10000280:	10003d75 	.word	0x10003d75

10000284 <_init>:
10000284:	b5f8      	push	{r3, r4, r5, r6, r7, lr}
10000286:	46c0      	nop			; (mov r8, r8)

10000288 <deregister_tm_clones>:
10000288:	4804      	ldr	r0, [pc, #16]	; (1000029c <deregister_tm_clones+0x14>)
1000028a:	4b05      	ldr	r3, [pc, #20]	; (100002a0 <deregister_tm_clones+0x18>)
1000028c:	b510      	push	{r4, lr}
1000028e:	4283      	cmp	r3, r0
10000290:	d003      	beq.n	1000029a <deregister_tm_clones+0x12>
10000292:	4b04      	ldr	r3, [pc, #16]	; (100002a4 <deregister_tm_clones+0x1c>)
10000294:	2b00      	cmp	r3, #0
10000296:	d000      	beq.n	1000029a <deregister_tm_clones+0x12>
10000298:	4798      	blx	r3
1000029a:	bd10      	pop	{r4, pc}
1000029c:	20000cd8 	.word	0x20000cd8
100002a0:	20000cd8 	.word	0x20000cd8
100002a4:	00000000 	.word	0x00000000

100002a8 <register_tm_clones>:
100002a8:	4806      	ldr	r0, [pc, #24]	; (100002c4 <register_tm_clones+0x1c>)
100002aa:	4907      	ldr	r1, [pc, #28]	; (100002c8 <register_tm_clones+0x20>)
100002ac:	1a09      	subs	r1, r1, r0
100002ae:	108b      	asrs	r3, r1, #2
100002b0:	0fc9      	lsrs	r1, r1, #31
100002b2:	18c9      	adds	r1, r1, r3
100002b4:	b510      	push	{r4, lr}
100002b6:	1049      	asrs	r1, r1, #1
100002b8:	d003      	beq.n	100002c2 <register_tm_clones+0x1a>
100002ba:	4b04      	ldr	r3, [pc, #16]	; (100002cc <register_tm_clones+0x24>)
100002bc:	2b00      	cmp	r3, #0
100002be:	d000      	beq.n	100002c2 <register_tm_clones+0x1a>
100002c0:	4798      	blx	r3
100002c2:	bd10      	pop	{r4, pc}
100002c4:	20000cd8 	.word	0x20000cd8
100002c8:	20000cd8 	.word	0x20000cd8
100002cc:	00000000 	.word	0x00000000

100002d0 <__do_global_dtors_aux>:
100002d0:	b510      	push	{r4, lr}
100002d2:	4c07      	ldr	r4, [pc, #28]	; (100002f0 <__do_global_dtors_aux+0x20>)
100002d4:	7823      	ldrb	r3, [r4, #0]
100002d6:	2b00      	cmp	r3, #0
100002d8:	d109      	bne.n	100002ee <__do_global_dtors_aux+0x1e>
100002da:	f7ff ffd5 	bl	10000288 <deregister_tm_clones>
100002de:	4b05      	ldr	r3, [pc, #20]	; (100002f4 <__do_global_dtors_aux+0x24>)
100002e0:	2b00      	cmp	r3, #0
100002e2:	d002      	beq.n	100002ea <__do_global_dtors_aux+0x1a>
100002e4:	4804      	ldr	r0, [pc, #16]	; (100002f8 <__do_global_dtors_aux+0x28>)
100002e6:	e000      	b.n	100002ea <__do_global_dtors_aux+0x1a>
100002e8:	bf00      	nop
100002ea:	2301      	movs	r3, #1
100002ec:	7023      	strb	r3, [r4, #0]
100002ee:	bd10      	pop	{r4, pc}
100002f0:	20000e60 	.word	0x20000e60
100002f4:	00000000 	.word	0x00000000
100002f8:	10006f2c 	.word	0x10006f2c

100002fc <frame_dummy>:
100002fc:	4b05      	ldr	r3, [pc, #20]	; (10000314 <frame_dummy+0x18>)
100002fe:	b510      	push	{r4, lr}
10000300:	2b00      	cmp	r3, #0
10000302:	d003      	beq.n	1000030c <frame_dummy+0x10>
10000304:	4904      	ldr	r1, [pc, #16]	; (10000318 <frame_dummy+0x1c>)
10000306:	4805      	ldr	r0, [pc, #20]	; (1000031c <frame_dummy+0x20>)
10000308:	e000      	b.n	1000030c <frame_dummy+0x10>
1000030a:	bf00      	nop
1000030c:	f7ff ffcc 	bl	100002a8 <register_tm_clones>
10000310:	bd10      	pop	{r4, pc}
10000312:	46c0      	nop			; (mov r8, r8)
10000314:	00000000 	.word	0x00000000
10000318:	20000e64 	.word	0x20000e64
1000031c:	10006f2c 	.word	0x10006f2c

10000320 <main>:
10000320:	b5f0      	push	{r4, r5, r6, r7, lr}
10000322:	46c6      	mov	lr, r8
10000324:	b500      	push	{lr}
10000326:	b082      	sub	sp, #8
10000328:	f003 fe64 	bl	10003ff4 <stdio_init_all>
1000032c:	2196      	movs	r1, #150	; 0x96
1000032e:	0189      	lsls	r1, r1, #6
10000330:	4865      	ldr	r0, [pc, #404]	; (100004c8 <main+0x1a8>)
10000332:	f001 fa3d 	bl	100017b0 <uart_init>
10000336:	2102      	movs	r1, #2
10000338:	2010      	movs	r0, #16
1000033a:	f000 f8e7 	bl	1000050c <gpio_set_function>
1000033e:	f006 fd0f 	bl	10006d60 <adc_init>
10000342:	211f      	movs	r1, #31
10000344:	201a      	movs	r0, #26
10000346:	f000 f8e1 	bl	1000050c <gpio_set_function>
1000034a:	2200      	movs	r2, #0
1000034c:	2100      	movs	r1, #0
1000034e:	201a      	movs	r0, #26
10000350:	f000 f8f6 	bl	10000540 <gpio_set_pulls>
10000354:	2100      	movs	r1, #0
10000356:	201a      	movs	r0, #26
10000358:	f000 f90e 	bl	10000578 <gpio_set_input_enabled>
1000035c:	4b5b      	ldr	r3, [pc, #364]	; (100004cc <main+0x1ac>)
1000035e:	681b      	ldr	r3, [r3, #0]
10000360:	22e0      	movs	r2, #224	; 0xe0
10000362:	01d2      	lsls	r2, r2, #7
10000364:	4013      	ands	r3, r2
10000366:	4a5a      	ldr	r2, [pc, #360]	; (100004d0 <main+0x1b0>)
10000368:	6013      	str	r3, [r2, #0]
1000036a:	2019      	movs	r0, #25
1000036c:	f000 f918 	bl	100005a0 <gpio_init>
10000370:	23d0      	movs	r3, #208	; 0xd0
10000372:	061b      	lsls	r3, r3, #24
10000374:	2280      	movs	r2, #128	; 0x80
10000376:	0492      	lsls	r2, r2, #18
10000378:	625a      	str	r2, [r3, #36]	; 0x24
1000037a:	2001      	movs	r0, #1
1000037c:	f006 fd0a 	bl	10006d94 <dma_claim_unused_channel>
10000380:	0004      	movs	r4, r0
10000382:	4b54      	ldr	r3, [pc, #336]	; (100004d4 <main+0x1b4>)
10000384:	280c      	cmp	r0, #12
10000386:	d81d      	bhi.n	100003c4 <main+0xa4>
10000388:	4a53      	ldr	r2, [pc, #332]	; (100004d8 <main+0x1b8>)
1000038a:	4013      	ands	r3, r2
1000038c:	02c2      	lsls	r2, r0, #11
1000038e:	4313      	orrs	r3, r2
10000390:	220c      	movs	r2, #12
10000392:	4393      	bics	r3, r2
10000394:	2108      	movs	r1, #8
10000396:	430b      	orrs	r3, r1
10000398:	4950      	ldr	r1, [pc, #320]	; (100004dc <main+0x1bc>)
1000039a:	400b      	ands	r3, r1
1000039c:	4950      	ldr	r1, [pc, #320]	; (100004e0 <main+0x1c0>)
1000039e:	400b      	ands	r3, r1
100003a0:	4950      	ldr	r1, [pc, #320]	; (100004e4 <main+0x1c4>)
100003a2:	400b      	ands	r3, r1
100003a4:	2101      	movs	r1, #1
100003a6:	430b      	orrs	r3, r1
100003a8:	494f      	ldr	r1, [pc, #316]	; (100004e8 <main+0x1c8>)
100003aa:	400b      	ands	r3, r1
100003ac:	2102      	movs	r1, #2
100003ae:	438b      	bics	r3, r1
100003b0:	4393      	bics	r3, r2
100003b2:	001d      	movs	r5, r3
100003b4:	2304      	movs	r3, #4
100003b6:	431d      	orrs	r5, r3
100003b8:	330c      	adds	r3, #12
100003ba:	439d      	bics	r5, r3
100003bc:	3310      	adds	r3, #16
100003be:	431d      	orrs	r5, r3
100003c0:	46a8      	mov	r8, r5
100003c2:	e049      	b.n	10000458 <main+0x138>
100003c4:	4b49      	ldr	r3, [pc, #292]	; (100004ec <main+0x1cc>)
100003c6:	4a4a      	ldr	r2, [pc, #296]	; (100004f0 <main+0x1d0>)
100003c8:	21cd      	movs	r1, #205	; 0xcd
100003ca:	484a      	ldr	r0, [pc, #296]	; (100004f4 <main+0x1d4>)
100003cc:	f003 fcd6 	bl	10003d7c <__assert_func>
100003d0:	466b      	mov	r3, sp
100003d2:	1d5a      	adds	r2, r3, #5
100003d4:	7017      	strb	r7, [r2, #0]
100003d6:	0031      	movs	r1, r6
100003d8:	e008      	b.n	100003ec <main+0xcc>
100003da:	4b3b      	ldr	r3, [pc, #236]	; (100004c8 <main+0x1a8>)
100003dc:	699b      	ldr	r3, [r3, #24]
100003de:	069b      	lsls	r3, r3, #26
100003e0:	d4fb      	bmi.n	100003da <main+0xba>
100003e2:	7817      	ldrb	r7, [r2, #0]
100003e4:	4b38      	ldr	r3, [pc, #224]	; (100004c8 <main+0x1a8>)
100003e6:	601f      	str	r7, [r3, #0]
100003e8:	3101      	adds	r1, #1
100003ea:	3201      	adds	r2, #1
100003ec:	2900      	cmp	r1, #0
100003ee:	d0f4      	beq.n	100003da <main+0xba>
100003f0:	7803      	ldrb	r3, [r0, #0]
100003f2:	3b0d      	subs	r3, #13
100003f4:	425a      	negs	r2, r3
100003f6:	4153      	adcs	r3, r2
100003f8:	b2db      	uxtb	r3, r3
100003fa:	3001      	adds	r0, #1
100003fc:	7807      	ldrb	r7, [r0, #0]
100003fe:	2f00      	cmp	r7, #0
10000400:	d027      	beq.n	10000452 <main+0x132>
10000402:	2b00      	cmp	r3, #0
10000404:	d1e4      	bne.n	100003d0 <main+0xb0>
10000406:	4b3c      	ldr	r3, [pc, #240]	; (100004f8 <main+0x1d8>)
10000408:	2200      	movs	r2, #0
1000040a:	5e9b      	ldrsh	r3, [r3, r2]
1000040c:	42bb      	cmp	r3, r7
1000040e:	d00f      	beq.n	10000430 <main+0x110>
10000410:	466b      	mov	r3, sp
10000412:	1d5a      	adds	r2, r3, #5
10000414:	7017      	strb	r7, [r2, #0]
10000416:	0031      	movs	r1, r6
10000418:	2900      	cmp	r1, #0
1000041a:	d1e9      	bne.n	100003f0 <main+0xd0>
1000041c:	4b2a      	ldr	r3, [pc, #168]	; (100004c8 <main+0x1a8>)
1000041e:	699b      	ldr	r3, [r3, #24]
10000420:	069b      	lsls	r3, r3, #26
10000422:	d4fb      	bmi.n	1000041c <main+0xfc>
10000424:	7817      	ldrb	r7, [r2, #0]
10000426:	4b28      	ldr	r3, [pc, #160]	; (100004c8 <main+0x1a8>)
10000428:	601f      	str	r7, [r3, #0]
1000042a:	3101      	adds	r1, #1
1000042c:	3201      	adds	r2, #1
1000042e:	e7f3      	b.n	10000418 <main+0xf8>
10000430:	466b      	mov	r3, sp
10000432:	1d5a      	adds	r2, r3, #5
10000434:	230d      	movs	r3, #13
10000436:	7013      	strb	r3, [r2, #0]
10000438:	0031      	movs	r1, r6
1000043a:	2900      	cmp	r1, #0
1000043c:	d1e8      	bne.n	10000410 <main+0xf0>
1000043e:	4b22      	ldr	r3, [pc, #136]	; (100004c8 <main+0x1a8>)
10000440:	699b      	ldr	r3, [r3, #24]
10000442:	069b      	lsls	r3, r3, #26
10000444:	d4fb      	bmi.n	1000043e <main+0x11e>
10000446:	7815      	ldrb	r5, [r2, #0]
10000448:	4b1f      	ldr	r3, [pc, #124]	; (100004c8 <main+0x1a8>)
1000044a:	601d      	str	r5, [r3, #0]
1000044c:	3101      	adds	r1, #1
1000044e:	3201      	adds	r2, #1
10000450:	e7f3      	b.n	1000043a <main+0x11a>
10000452:	2032      	movs	r0, #50	; 0x32
10000454:	f001 f848 	bl	100014e8 <sleep_ms>
10000458:	4b28      	ldr	r3, [pc, #160]	; (100004fc <main+0x1dc>)
1000045a:	2204      	movs	r2, #4
1000045c:	601a      	str	r2, [r3, #0]
1000045e:	4b1b      	ldr	r3, [pc, #108]	; (100004cc <main+0x1ac>)
10000460:	681b      	ldr	r3, [r3, #0]
10000462:	05db      	lsls	r3, r3, #23
10000464:	d5fb      	bpl.n	1000045e <main+0x13e>
10000466:	4b19      	ldr	r3, [pc, #100]	; (100004cc <main+0x1ac>)
10000468:	6858      	ldr	r0, [r3, #4]
1000046a:	0400      	lsls	r0, r0, #16
1000046c:	0c00      	lsrs	r0, r0, #16
1000046e:	f001 ffa1 	bl	100023b4 <__wrap___aeabi_i2d>
10000472:	2200      	movs	r2, #0
10000474:	4b22      	ldr	r3, [pc, #136]	; (10000500 <main+0x1e0>)
10000476:	f001 ff10 	bl	1000229a <__wrap___aeabi_ddiv>
1000047a:	f001 ffd7 	bl	1000242c <__wrap___aeabi_d2uiz>
1000047e:	b283      	uxth	r3, r0
10000480:	466a      	mov	r2, sp
10000482:	1d96      	adds	r6, r2, #6
10000484:	80d3      	strh	r3, [r2, #6]
10000486:	4f1f      	ldr	r7, [pc, #124]	; (10000504 <main+0x1e4>)
10000488:	4a1f      	ldr	r2, [pc, #124]	; (10000508 <main+0x1e8>)
1000048a:	2132      	movs	r1, #50	; 0x32
1000048c:	0038      	movs	r0, r7
1000048e:	f003 fc4b 	bl	10003d28 <__wrap_snprintf>
10000492:	01a3      	lsls	r3, r4, #6
10000494:	22a0      	movs	r2, #160	; 0xa0
10000496:	05d2      	lsls	r2, r2, #23
10000498:	4694      	mov	ip, r2
1000049a:	4463      	add	r3, ip
1000049c:	601e      	str	r6, [r3, #0]
1000049e:	605f      	str	r7, [r3, #4]
100004a0:	2202      	movs	r2, #2
100004a2:	609a      	str	r2, [r3, #8]
100004a4:	4642      	mov	r2, r8
100004a6:	60da      	str	r2, [r3, #12]
100004a8:	01a3      	lsls	r3, r4, #6
100004aa:	22a0      	movs	r2, #160	; 0xa0
100004ac:	05d2      	lsls	r2, r2, #23
100004ae:	4694      	mov	ip, r2
100004b0:	4463      	add	r3, ip
100004b2:	691a      	ldr	r2, [r3, #16]
100004b4:	2380      	movs	r3, #128	; 0x80
100004b6:	045b      	lsls	r3, r3, #17
100004b8:	0016      	movs	r6, r2
100004ba:	401e      	ands	r6, r3
100004bc:	421a      	tst	r2, r3
100004be:	d1f3      	bne.n	100004a8 <main+0x188>
100004c0:	2300      	movs	r3, #0
100004c2:	4810      	ldr	r0, [pc, #64]	; (10000504 <main+0x1e4>)
100004c4:	e79a      	b.n	100003fc <main+0xdc>
100004c6:	46c0      	nop			; (mov r8, r8)
100004c8:	40034000 	.word	0x40034000
100004cc:	4004c000 	.word	0x4004c000
100004d0:	4004d000 	.word	0x4004d000
100004d4:	001f8010 	.word	0x001f8010
100004d8:	ffff87ff 	.word	0xffff87ff
100004dc:	fffff83f 	.word	0xfffff83f
100004e0:	ffbfffff 	.word	0xffbfffff
100004e4:	ffdfffff 	.word	0xffdfffff
100004e8:	ff7fffff 	.word	0xff7fffff
100004ec:	10006f30 	.word	0x10006f30
100004f0:	10006fb4 	.word	0x10006fb4
100004f4:	10006f50 	.word	0x10006f50
100004f8:	20001d60 	.word	0x20001d60
100004fc:	4004e000 	.word	0x4004e000
10000500:	40efffe0 	.word	0x40efffe0
10000504:	20001580 	.word	0x20001580
10000508:	10006fb0 	.word	0x10006fb0

1000050c <gpio_set_function>:
1000050c:	b510      	push	{r4, lr}
1000050e:	0083      	lsls	r3, r0, #2
10000510:	4a08      	ldr	r2, [pc, #32]	; (10000534 <gpio_set_function+0x28>)
10000512:	189a      	adds	r2, r3, r2
10000514:	6812      	ldr	r2, [r2, #0]
10000516:	2440      	movs	r4, #64	; 0x40
10000518:	4054      	eors	r4, r2
1000051a:	22c0      	movs	r2, #192	; 0xc0
1000051c:	4022      	ands	r2, r4
1000051e:	4c06      	ldr	r4, [pc, #24]	; (10000538 <gpio_set_function+0x2c>)
10000520:	46a4      	mov	ip, r4
10000522:	4463      	add	r3, ip
10000524:	601a      	str	r2, [r3, #0]
10000526:	00c0      	lsls	r0, r0, #3
10000528:	4b04      	ldr	r3, [pc, #16]	; (1000053c <gpio_set_function+0x30>)
1000052a:	469c      	mov	ip, r3
1000052c:	4460      	add	r0, ip
1000052e:	6041      	str	r1, [r0, #4]
10000530:	bd10      	pop	{r4, pc}
10000532:	46c0      	nop			; (mov r8, r8)
10000534:	4001c004 	.word	0x4001c004
10000538:	4001d004 	.word	0x4001d004
1000053c:	40014000 	.word	0x40014000

10000540 <gpio_set_pulls>:
10000540:	0080      	lsls	r0, r0, #2
10000542:	4b0c      	ldr	r3, [pc, #48]	; (10000574 <gpio_set_pulls+0x34>)
10000544:	469c      	mov	ip, r3
10000546:	4460      	add	r0, ip
10000548:	2900      	cmp	r1, #0
1000054a:	d00e      	beq.n	1000056a <gpio_set_pulls+0x2a>
1000054c:	2308      	movs	r3, #8
1000054e:	2a00      	cmp	r2, #0
10000550:	d00d      	beq.n	1000056e <gpio_set_pulls+0x2e>
10000552:	2204      	movs	r2, #4
10000554:	4313      	orrs	r3, r2
10000556:	6802      	ldr	r2, [r0, #0]
10000558:	4053      	eors	r3, r2
1000055a:	220c      	movs	r2, #12
1000055c:	4013      	ands	r3, r2
1000055e:	2280      	movs	r2, #128	; 0x80
10000560:	0152      	lsls	r2, r2, #5
10000562:	4694      	mov	ip, r2
10000564:	4460      	add	r0, ip
10000566:	6003      	str	r3, [r0, #0]
10000568:	4770      	bx	lr
1000056a:	2300      	movs	r3, #0
1000056c:	e7ef      	b.n	1000054e <gpio_set_pulls+0xe>
1000056e:	2200      	movs	r2, #0
10000570:	e7f0      	b.n	10000554 <gpio_set_pulls+0x14>
10000572:	46c0      	nop			; (mov r8, r8)
10000574:	4001c004 	.word	0x4001c004

10000578 <gpio_set_input_enabled>:
10000578:	2900      	cmp	r1, #0
1000057a:	d006      	beq.n	1000058a <gpio_set_input_enabled+0x12>
1000057c:	0080      	lsls	r0, r0, #2
1000057e:	4b06      	ldr	r3, [pc, #24]	; (10000598 <gpio_set_input_enabled+0x20>)
10000580:	469c      	mov	ip, r3
10000582:	4460      	add	r0, ip
10000584:	2340      	movs	r3, #64	; 0x40
10000586:	6003      	str	r3, [r0, #0]
10000588:	4770      	bx	lr
1000058a:	0080      	lsls	r0, r0, #2
1000058c:	4b03      	ldr	r3, [pc, #12]	; (1000059c <gpio_set_input_enabled+0x24>)
1000058e:	469c      	mov	ip, r3
10000590:	4460      	add	r0, ip
10000592:	2340      	movs	r3, #64	; 0x40
10000594:	6003      	str	r3, [r0, #0]
10000596:	e7f7      	b.n	10000588 <gpio_set_input_enabled+0x10>
10000598:	4001e004 	.word	0x4001e004
1000059c:	4001f004 	.word	0x4001f004

100005a0 <gpio_init>:
100005a0:	b510      	push	{r4, lr}
100005a2:	2301      	movs	r3, #1
100005a4:	4083      	lsls	r3, r0
100005a6:	22d0      	movs	r2, #208	; 0xd0
100005a8:	0612      	lsls	r2, r2, #24
100005aa:	6293      	str	r3, [r2, #40]	; 0x28
100005ac:	6193      	str	r3, [r2, #24]
100005ae:	2105      	movs	r1, #5
100005b0:	f7ff ffac 	bl	1000050c <gpio_set_function>
100005b4:	bd10      	pop	{r4, pc}
	...

100005b8 <rp2040_chip_version>:
100005b8:	b510      	push	{r4, lr}
100005ba:	2380      	movs	r3, #128	; 0x80
100005bc:	05db      	lsls	r3, r3, #23
100005be:	6818      	ldr	r0, [r3, #0]
100005c0:	0502      	lsls	r2, r0, #20
100005c2:	0d12      	lsrs	r2, r2, #20
100005c4:	0b03      	lsrs	r3, r0, #12
100005c6:	041b      	lsls	r3, r3, #16
100005c8:	0c1b      	lsrs	r3, r3, #16
100005ca:	4909      	ldr	r1, [pc, #36]	; (100005f0 <rp2040_chip_version+0x38>)
100005cc:	428a      	cmp	r2, r1
100005ce:	d103      	bne.n	100005d8 <rp2040_chip_version+0x20>
100005d0:	2b02      	cmp	r3, #2
100005d2:	d107      	bne.n	100005e4 <rp2040_chip_version+0x2c>
100005d4:	0f00      	lsrs	r0, r0, #28
100005d6:	bd10      	pop	{r4, pc}
100005d8:	4b06      	ldr	r3, [pc, #24]	; (100005f4 <rp2040_chip_version+0x3c>)
100005da:	4a07      	ldr	r2, [pc, #28]	; (100005f8 <rp2040_chip_version+0x40>)
100005dc:	2122      	movs	r1, #34	; 0x22
100005de:	4807      	ldr	r0, [pc, #28]	; (100005fc <rp2040_chip_version+0x44>)
100005e0:	f003 fbcc 	bl	10003d7c <__assert_func>
100005e4:	4b06      	ldr	r3, [pc, #24]	; (10000600 <rp2040_chip_version+0x48>)
100005e6:	4a04      	ldr	r2, [pc, #16]	; (100005f8 <rp2040_chip_version+0x40>)
100005e8:	2123      	movs	r1, #35	; 0x23
100005ea:	4804      	ldr	r0, [pc, #16]	; (100005fc <rp2040_chip_version+0x44>)
100005ec:	f003 fbc6 	bl	10003d7c <__assert_func>
100005f0:	00000927 	.word	0x00000927
100005f4:	10006fd0 	.word	0x10006fd0
100005f8:	10007058 	.word	0x10007058
100005fc:	10006ff4 	.word	0x10006ff4
10000600:	10007044 	.word	0x10007044

10000604 <panic>:
10000604:	b40f      	push	{r0, r1, r2, r3}
10000606:	b500      	push	{lr}
10000608:	b083      	sub	sp, #12
1000060a:	4808      	ldr	r0, [pc, #32]	; (1000062c <panic+0x28>)
1000060c:	f003 fcf9 	bl	10004002 <__wrap_puts>
10000610:	9b04      	ldr	r3, [sp, #16]
10000612:	2b00      	cmp	r3, #0
10000614:	d007      	beq.n	10000626 <panic+0x22>
10000616:	a905      	add	r1, sp, #20
10000618:	9101      	str	r1, [sp, #4]
1000061a:	0018      	movs	r0, r3
1000061c:	f003 fd00 	bl	10004020 <__wrap_vprintf>
10000620:	4803      	ldr	r0, [pc, #12]	; (10000630 <panic+0x2c>)
10000622:	f003 fcee 	bl	10004002 <__wrap_puts>
10000626:	2001      	movs	r0, #1
10000628:	f003 fba2 	bl	10003d70 <_exit>
1000062c:	1000706c 	.word	0x1000706c
10000630:	1000707c 	.word	0x1000707c

10000634 <hw_claim_lock>:
10000634:	f3ef 8010 	mrs	r0, PRIMASK
10000638:	b672      	cpsid	i
1000063a:	4b03      	ldr	r3, [pc, #12]	; (10000648 <hw_claim_lock+0x14>)
1000063c:	681b      	ldr	r3, [r3, #0]
1000063e:	2b00      	cmp	r3, #0
10000640:	d0fb      	beq.n	1000063a <hw_claim_lock+0x6>
10000642:	f3bf 8f5f 	dmb	sy
10000646:	4770      	bx	lr
10000648:	d000012c 	.word	0xd000012c

1000064c <hw_claim_unlock>:
1000064c:	f3bf 8f5f 	dmb	sy
10000650:	4b02      	ldr	r3, [pc, #8]	; (1000065c <hw_claim_unlock+0x10>)
10000652:	2200      	movs	r2, #0
10000654:	601a      	str	r2, [r3, #0]
10000656:	f380 8810 	msr	PRIMASK, r0
1000065a:	4770      	bx	lr
1000065c:	d000012c 	.word	0xd000012c

10000660 <hw_claim_or_assert>:
10000660:	b5f8      	push	{r3, r4, r5, r6, r7, lr}
10000662:	0006      	movs	r6, r0
10000664:	000c      	movs	r4, r1
10000666:	0015      	movs	r5, r2
10000668:	f7ff ffe4 	bl	10000634 <hw_claim_lock>
1000066c:	08e3      	lsrs	r3, r4, #3
1000066e:	18f7      	adds	r7, r6, r3
10000670:	5cf1      	ldrb	r1, [r6, r3]
10000672:	2207      	movs	r2, #7
10000674:	4022      	ands	r2, r4
10000676:	2301      	movs	r3, #1
10000678:	4093      	lsls	r3, r2
1000067a:	420b      	tst	r3, r1
1000067c:	d105      	bne.n	1000068a <hw_claim_or_assert+0x2a>
1000067e:	b2db      	uxtb	r3, r3
10000680:	430b      	orrs	r3, r1
10000682:	703b      	strb	r3, [r7, #0]
10000684:	f7ff ffe2 	bl	1000064c <hw_claim_unlock>
10000688:	bdf8      	pop	{r3, r4, r5, r6, r7, pc}
1000068a:	0021      	movs	r1, r4
1000068c:	0028      	movs	r0, r5
1000068e:	f7ff ffb9 	bl	10000604 <panic>

10000692 <hw_claim_unused_from_range>:
10000692:	b5f0      	push	{r4, r5, r6, r7, lr}
10000694:	b083      	sub	sp, #12
10000696:	0006      	movs	r6, r0
10000698:	9101      	str	r1, [sp, #4]
1000069a:	0014      	movs	r4, r2
1000069c:	001f      	movs	r7, r3
1000069e:	f7ff ffc9 	bl	10000634 <hw_claim_lock>
100006a2:	e000      	b.n	100006a6 <hw_claim_unused_from_range+0x14>
100006a4:	3401      	adds	r4, #1
100006a6:	42bc      	cmp	r4, r7
100006a8:	d80c      	bhi.n	100006c4 <hw_claim_unused_from_range+0x32>
100006aa:	08e3      	lsrs	r3, r4, #3
100006ac:	18f5      	adds	r5, r6, r3
100006ae:	5cf3      	ldrb	r3, [r6, r3]
100006b0:	2107      	movs	r1, #7
100006b2:	4021      	ands	r1, r4
100006b4:	2201      	movs	r2, #1
100006b6:	408a      	lsls	r2, r1
100006b8:	421a      	tst	r2, r3
100006ba:	d1f3      	bne.n	100006a4 <hw_claim_unused_from_range+0x12>
100006bc:	b2d2      	uxtb	r2, r2
100006be:	431a      	orrs	r2, r3
100006c0:	702a      	strb	r2, [r5, #0]
100006c2:	e001      	b.n	100006c8 <hw_claim_unused_from_range+0x36>
100006c4:	2401      	movs	r4, #1
100006c6:	4264      	negs	r4, r4
100006c8:	f7ff ffc0 	bl	1000064c <hw_claim_unlock>
100006cc:	2c00      	cmp	r4, #0
100006ce:	db02      	blt.n	100006d6 <hw_claim_unused_from_range+0x44>
100006d0:	0020      	movs	r0, r4
100006d2:	b003      	add	sp, #12
100006d4:	bdf0      	pop	{r4, r5, r6, r7, pc}
100006d6:	9b01      	ldr	r3, [sp, #4]
100006d8:	2b00      	cmp	r3, #0
100006da:	d0f9      	beq.n	100006d0 <hw_claim_unused_from_range+0x3e>
100006dc:	9808      	ldr	r0, [sp, #32]
100006de:	f7ff ff91 	bl	10000604 <panic>
	...

100006e4 <next_striped_spin_lock_num>:
100006e4:	4a05      	ldr	r2, [pc, #20]	; (100006fc <next_striped_spin_lock_num+0x18>)
100006e6:	7810      	ldrb	r0, [r2, #0]
100006e8:	1c43      	adds	r3, r0, #1
100006ea:	b2db      	uxtb	r3, r3
100006ec:	7013      	strb	r3, [r2, #0]
100006ee:	2b17      	cmp	r3, #23
100006f0:	d902      	bls.n	100006f8 <next_striped_spin_lock_num+0x14>
100006f2:	0013      	movs	r3, r2
100006f4:	2210      	movs	r2, #16
100006f6:	701a      	strb	r2, [r3, #0]
100006f8:	4770      	bx	lr
100006fa:	46c0      	nop			; (mov r8, r8)
100006fc:	20000bf8 	.word	0x20000bf8

10000700 <spin_lock_claim_unused>:
10000700:	b500      	push	{lr}
10000702:	b083      	sub	sp, #12
10000704:	0001      	movs	r1, r0
10000706:	4b04      	ldr	r3, [pc, #16]	; (10000718 <spin_lock_claim_unused+0x18>)
10000708:	9300      	str	r3, [sp, #0]
1000070a:	231f      	movs	r3, #31
1000070c:	2218      	movs	r2, #24
1000070e:	4803      	ldr	r0, [pc, #12]	; (1000071c <spin_lock_claim_unused+0x1c>)
10000710:	f7ff ffbf 	bl	10000692 <hw_claim_unused_from_range>
10000714:	b003      	add	sp, #12
10000716:	bd00      	pop	{pc}
10000718:	10007080 	.word	0x10007080
1000071c:	200016c4 	.word	0x200016c4

10000720 <spin_locks_reset>:
10000720:	2300      	movs	r3, #0
10000722:	e007      	b.n	10000734 <spin_locks_reset+0x14>
10000724:	4a05      	ldr	r2, [pc, #20]	; (1000073c <spin_locks_reset+0x1c>)
10000726:	189a      	adds	r2, r3, r2
10000728:	0092      	lsls	r2, r2, #2
1000072a:	f3bf 8f5f 	dmb	sy
1000072e:	2100      	movs	r1, #0
10000730:	6011      	str	r1, [r2, #0]
10000732:	3301      	adds	r3, #1
10000734:	2b1f      	cmp	r3, #31
10000736:	d9f5      	bls.n	10000724 <spin_locks_reset+0x4>
10000738:	4770      	bx	lr
1000073a:	46c0      	nop			; (mov r8, r8)
1000073c:	34000040 	.word	0x34000040

10000740 <set_raw_irq_handler_and_unlock>:
10000740:	4b07      	ldr	r3, [pc, #28]	; (10000760 <set_raw_irq_handler_and_unlock+0x20>)
10000742:	689b      	ldr	r3, [r3, #8]
10000744:	3010      	adds	r0, #16
10000746:	0080      	lsls	r0, r0, #2
10000748:	5019      	str	r1, [r3, r0]
1000074a:	f3bf 8f5f 	dmb	sy
1000074e:	f3bf 8f5f 	dmb	sy
10000752:	4b04      	ldr	r3, [pc, #16]	; (10000764 <set_raw_irq_handler_and_unlock+0x24>)
10000754:	2100      	movs	r1, #0
10000756:	6019      	str	r1, [r3, #0]
10000758:	f382 8810 	msr	PRIMASK, r2
1000075c:	4770      	bx	lr
1000075e:	46c0      	nop			; (mov r8, r8)
10000760:	e000ed00 	.word	0xe000ed00
10000764:	d0000124 	.word	0xd0000124

10000768 <nvic_ipr0>:
10000768:	4800      	ldr	r0, [pc, #0]	; (1000076c <nvic_ipr0+0x4>)
1000076a:	4770      	bx	lr
1000076c:	e000e400 	.word	0xe000e400

10000770 <runtime_init_per_core_irq_priorities>:
10000770:	b510      	push	{r4, lr}
10000772:	f7ff fff9 	bl	10000768 <nvic_ipr0>
10000776:	2300      	movs	r3, #0
10000778:	e002      	b.n	10000780 <runtime_init_per_core_irq_priorities+0x10>
1000077a:	4a03      	ldr	r2, [pc, #12]	; (10000788 <runtime_init_per_core_irq_priorities+0x18>)
1000077c:	c004      	stmia	r0!, {r2}
1000077e:	3301      	adds	r3, #1
10000780:	2b07      	cmp	r3, #7
10000782:	d9fa      	bls.n	1000077a <runtime_init_per_core_irq_priorities+0xa>
10000784:	bd10      	pop	{r4, pc}
10000786:	46c0      	nop			; (mov r8, r8)
10000788:	80808080 	.word	0x80808080

1000078c <make_j_16>:
1000078c:	b510      	push	{r4, lr}
1000078e:	1a09      	subs	r1, r1, r0
10000790:	1f08      	subs	r0, r1, #4
10000792:	4b0b      	ldr	r3, [pc, #44]	; (100007c0 <make_j_16+0x34>)
10000794:	469c      	mov	ip, r3
10000796:	4461      	add	r1, ip
10000798:	4a0a      	ldr	r2, [pc, #40]	; (100007c4 <make_j_16+0x38>)
1000079a:	4291      	cmp	r1, r2
1000079c:	d808      	bhi.n	100007b0 <make_j_16+0x24>
1000079e:	07c3      	lsls	r3, r0, #31
100007a0:	d406      	bmi.n	100007b0 <make_j_16+0x24>
100007a2:	1040      	asrs	r0, r0, #1
100007a4:	0540      	lsls	r0, r0, #21
100007a6:	0d40      	lsrs	r0, r0, #21
100007a8:	4b07      	ldr	r3, [pc, #28]	; (100007c8 <make_j_16+0x3c>)
100007aa:	4318      	orrs	r0, r3
100007ac:	b280      	uxth	r0, r0
100007ae:	bd10      	pop	{r4, pc}
100007b0:	2102      	movs	r1, #2
100007b2:	4b06      	ldr	r3, [pc, #24]	; (100007cc <make_j_16+0x40>)
100007b4:	4a06      	ldr	r2, [pc, #24]	; (100007d0 <make_j_16+0x44>)
100007b6:	31ff      	adds	r1, #255	; 0xff
100007b8:	4806      	ldr	r0, [pc, #24]	; (100007d4 <make_j_16+0x48>)
100007ba:	f003 fadf 	bl	10003d7c <__assert_func>
100007be:	46c0      	nop			; (mov r8, r8)
100007c0:	000007fc 	.word	0x000007fc
100007c4:	00000ffe 	.word	0x00000ffe
100007c8:	ffffe000 	.word	0xffffe000
100007cc:	1000709c 	.word	0x1000709c
100007d0:	10007320 	.word	0x10007320
100007d4:	100070cc 	.word	0x100070cc

100007d8 <insert_bl_32>:
100007d8:	b510      	push	{r4, lr}
100007da:	1a09      	subs	r1, r1, r0
100007dc:	3904      	subs	r1, #4
100007de:	084c      	lsrs	r4, r1, #1
100007e0:	0b09      	lsrs	r1, r1, #12
100007e2:	d108      	bne.n	100007f6 <insert_bl_32+0x1e>
100007e4:	0549      	lsls	r1, r1, #21
100007e6:	0d49      	lsrs	r1, r1, #21
100007e8:	4a06      	ldr	r2, [pc, #24]	; (10000804 <insert_bl_32+0x2c>)
100007ea:	4311      	orrs	r1, r2
100007ec:	8001      	strh	r1, [r0, #0]
100007ee:	4b06      	ldr	r3, [pc, #24]	; (10000808 <insert_bl_32+0x30>)
100007f0:	4323      	orrs	r3, r4
100007f2:	8043      	strh	r3, [r0, #2]
100007f4:	bd10      	pop	{r4, pc}
100007f6:	210a      	movs	r1, #10
100007f8:	4b04      	ldr	r3, [pc, #16]	; (1000080c <insert_bl_32+0x34>)
100007fa:	4a05      	ldr	r2, [pc, #20]	; (10000810 <insert_bl_32+0x38>)
100007fc:	31ff      	adds	r1, #255	; 0xff
100007fe:	4805      	ldr	r0, [pc, #20]	; (10000814 <insert_bl_32+0x3c>)
10000800:	f003 fabc 	bl	10003d7c <__assert_func>
10000804:	fffff000 	.word	0xfffff000
10000808:	fffff800 	.word	0xfffff800
1000080c:	10007118 	.word	0x10007118
10000810:	100072fc 	.word	0x100072fc
10000814:	100070cc 	.word	0x100070cc

10000818 <irq_is_enabled>:
10000818:	2301      	movs	r3, #1
1000081a:	4083      	lsls	r3, r0
1000081c:	4a03      	ldr	r2, [pc, #12]	; (1000082c <irq_is_enabled+0x14>)
1000081e:	6810      	ldr	r0, [r2, #0]
10000820:	4018      	ands	r0, r3
10000822:	1e43      	subs	r3, r0, #1
10000824:	4198      	sbcs	r0, r3
10000826:	b2c0      	uxtb	r0, r0
10000828:	4770      	bx	lr
1000082a:	46c0      	nop			; (mov r8, r8)
1000082c:	e000e100 	.word	0xe000e100

10000830 <irq_set_mask_n_enabled>:
10000830:	2a00      	cmp	r2, #0
10000832:	d005      	beq.n	10000840 <irq_set_mask_n_enabled+0x10>
10000834:	4b04      	ldr	r3, [pc, #16]	; (10000848 <irq_set_mask_n_enabled+0x18>)
10000836:	22c0      	movs	r2, #192	; 0xc0
10000838:	0052      	lsls	r2, r2, #1
1000083a:	5099      	str	r1, [r3, r2]
1000083c:	6019      	str	r1, [r3, #0]
1000083e:	4770      	bx	lr
10000840:	4a01      	ldr	r2, [pc, #4]	; (10000848 <irq_set_mask_n_enabled+0x18>)
10000842:	2380      	movs	r3, #128	; 0x80
10000844:	50d1      	str	r1, [r2, r3]
10000846:	e7fa      	b.n	1000083e <irq_set_mask_n_enabled+0xe>
10000848:	e000e100 	.word	0xe000e100

1000084c <irq_set_enabled>:
1000084c:	b510      	push	{r4, lr}
1000084e:	000a      	movs	r2, r1
10000850:	231f      	movs	r3, #31
10000852:	4003      	ands	r3, r0
10000854:	2101      	movs	r1, #1
10000856:	4099      	lsls	r1, r3
10000858:	0940      	lsrs	r0, r0, #5
1000085a:	f7ff ffe9 	bl	10000830 <irq_set_mask_n_enabled>
1000085e:	bd10      	pop	{r4, pc}

10000860 <irq_set_pending>:
10000860:	2301      	movs	r3, #1
10000862:	4083      	lsls	r3, r0
10000864:	4a01      	ldr	r2, [pc, #4]	; (1000086c <irq_set_pending+0xc>)
10000866:	6013      	str	r3, [r2, #0]
10000868:	4770      	bx	lr
1000086a:	46c0      	nop			; (mov r8, r8)
1000086c:	e000e200 	.word	0xe000e200

10000870 <irq_get_vtable_handler>:
10000870:	4b02      	ldr	r3, [pc, #8]	; (1000087c <irq_get_vtable_handler+0xc>)
10000872:	689b      	ldr	r3, [r3, #8]
10000874:	3010      	adds	r0, #16
10000876:	0080      	lsls	r0, r0, #2
10000878:	58c0      	ldr	r0, [r0, r3]
1000087a:	4770      	bx	lr
1000087c:	e000ed00 	.word	0xe000ed00

10000880 <irq_has_shared_handler>:
10000880:	b510      	push	{r4, lr}
10000882:	f7ff fff5 	bl	10000870 <irq_get_vtable_handler>
10000886:	2800      	cmp	r0, #0
10000888:	d005      	beq.n	10000896 <irq_has_shared_handler+0x16>
1000088a:	4b05      	ldr	r3, [pc, #20]	; (100008a0 <irq_has_shared_handler+0x20>)
1000088c:	1ac0      	subs	r0, r0, r3
1000088e:	282f      	cmp	r0, #47	; 0x2f
10000890:	d803      	bhi.n	1000089a <irq_has_shared_handler+0x1a>
10000892:	2001      	movs	r0, #1
10000894:	bd10      	pop	{r4, pc}
10000896:	2000      	movs	r0, #0
10000898:	e7fc      	b.n	10000894 <irq_has_shared_handler+0x14>
1000089a:	2000      	movs	r0, #0
1000089c:	e7fa      	b.n	10000894 <irq_has_shared_handler+0x14>
1000089e:	46c0      	nop			; (mov r8, r8)
100008a0:	20000bfc 	.word	0x20000bfc

100008a4 <irq_set_exclusive_handler>:
100008a4:	b570      	push	{r4, r5, r6, lr}
100008a6:	0004      	movs	r4, r0
100008a8:	000d      	movs	r5, r1
100008aa:	f3ef 8610 	mrs	r6, PRIMASK
100008ae:	b672      	cpsid	i
100008b0:	4b0c      	ldr	r3, [pc, #48]	; (100008e4 <irq_set_exclusive_handler+0x40>)
100008b2:	681b      	ldr	r3, [r3, #0]
100008b4:	2b00      	cmp	r3, #0
100008b6:	d0fb      	beq.n	100008b0 <irq_set_exclusive_handler+0xc>
100008b8:	f3bf 8f5f 	dmb	sy
100008bc:	0020      	movs	r0, r4
100008be:	f7ff ffd7 	bl	10000870 <irq_get_vtable_handler>
100008c2:	4b09      	ldr	r3, [pc, #36]	; (100008e8 <irq_set_exclusive_handler+0x44>)
100008c4:	4298      	cmp	r0, r3
100008c6:	d001      	beq.n	100008cc <irq_set_exclusive_handler+0x28>
100008c8:	42a8      	cmp	r0, r5
100008ca:	d105      	bne.n	100008d8 <irq_set_exclusive_handler+0x34>
100008cc:	0032      	movs	r2, r6
100008ce:	0029      	movs	r1, r5
100008d0:	0020      	movs	r0, r4
100008d2:	f7ff ff35 	bl	10000740 <set_raw_irq_handler_and_unlock>
100008d6:	bd70      	pop	{r4, r5, r6, pc}
100008d8:	4b04      	ldr	r3, [pc, #16]	; (100008ec <irq_set_exclusive_handler+0x48>)
100008da:	4a05      	ldr	r2, [pc, #20]	; (100008f0 <irq_set_exclusive_handler+0x4c>)
100008dc:	21e1      	movs	r1, #225	; 0xe1
100008de:	4805      	ldr	r0, [pc, #20]	; (100008f4 <irq_set_exclusive_handler+0x50>)
100008e0:	f003 fa4c 	bl	10003d7c <__assert_func>
100008e4:	d0000124 	.word	0xd0000124
100008e8:	100001cd 	.word	0x100001cd
100008ec:	10007128 	.word	0x10007128
100008f0:	10007354 	.word	0x10007354
100008f4:	100070cc 	.word	0x100070cc

100008f8 <irq_add_shared_handler>:
100008f8:	b5f0      	push	{r4, r5, r6, r7, lr}
100008fa:	46de      	mov	lr, fp
100008fc:	4657      	mov	r7, sl
100008fe:	464e      	mov	r6, r9
10000900:	4645      	mov	r5, r8
10000902:	b5e0      	push	{r5, r6, r7, lr}
10000904:	b089      	sub	sp, #36	; 0x24
10000906:	4681      	mov	r9, r0
10000908:	9101      	str	r1, [sp, #4]
1000090a:	0015      	movs	r5, r2
1000090c:	f3ef 8b10 	mrs	fp, PRIMASK
10000910:	b672      	cpsid	i
10000912:	4b75      	ldr	r3, [pc, #468]	; (10000ae8 <irq_add_shared_handler+0x1f0>)
10000914:	681b      	ldr	r3, [r3, #0]
10000916:	2b00      	cmp	r3, #0
10000918:	d0fb      	beq.n	10000912 <irq_add_shared_handler+0x1a>
1000091a:	f3bf 8f5f 	dmb	sy
1000091e:	4b73      	ldr	r3, [pc, #460]	; (10000aec <irq_add_shared_handler+0x1f4>)
10000920:	2700      	movs	r7, #0
10000922:	57df      	ldrsb	r7, [r3, r7]
10000924:	2f00      	cmp	r7, #0
10000926:	db3f      	blt.n	100009a8 <irq_add_shared_handler+0xb0>
10000928:	007c      	lsls	r4, r7, #1
1000092a:	19e4      	adds	r4, r4, r7
1000092c:	00a4      	lsls	r4, r4, #2
1000092e:	4870      	ldr	r0, [pc, #448]	; (10000af0 <irq_add_shared_handler+0x1f8>)
10000930:	1824      	adds	r4, r4, r0
10000932:	2206      	movs	r2, #6
10000934:	56a2      	ldrsb	r2, [r4, r2]
10000936:	4b6d      	ldr	r3, [pc, #436]	; (10000aec <irq_add_shared_handler+0x1f4>)
10000938:	701a      	strb	r2, [r3, #0]
1000093a:	4b6e      	ldr	r3, [pc, #440]	; (10000af4 <irq_add_shared_handler+0x1fc>)
1000093c:	689a      	ldr	r2, [r3, #8]
1000093e:	464b      	mov	r3, r9
10000940:	3310      	adds	r3, #16
10000942:	009b      	lsls	r3, r3, #2
10000944:	58d3      	ldr	r3, [r2, r3]
10000946:	4698      	mov	r8, r3
10000948:	1a1b      	subs	r3, r3, r0
1000094a:	2b2f      	cmp	r3, #47	; 0x2f
1000094c:	d93a      	bls.n	100009c4 <irq_add_shared_handler+0xcc>
1000094e:	4b6a      	ldr	r3, [pc, #424]	; (10000af8 <irq_add_shared_handler+0x200>)
10000950:	4598      	cmp	r8, r3
10000952:	d130      	bne.n	100009b6 <irq_add_shared_handler+0xbe>
10000954:	ae05      	add	r6, sp, #20
10000956:	4b69      	ldr	r3, [pc, #420]	; (10000afc <irq_add_shared_handler+0x204>)
10000958:	8033      	strh	r3, [r6, #0]
1000095a:	007b      	lsls	r3, r7, #1
1000095c:	469a      	mov	sl, r3
1000095e:	19d8      	adds	r0, r3, r7
10000960:	0080      	lsls	r0, r0, #2
10000962:	4b63      	ldr	r3, [pc, #396]	; (10000af0 <irq_add_shared_handler+0x1f8>)
10000964:	4698      	mov	r8, r3
10000966:	4440      	add	r0, r8
10000968:	3002      	adds	r0, #2
1000096a:	4965      	ldr	r1, [pc, #404]	; (10000b00 <irq_add_shared_handler+0x208>)
1000096c:	f7ff ff0e 	bl	1000078c <make_j_16>
10000970:	8070      	strh	r0, [r6, #2]
10000972:	4b64      	ldr	r3, [pc, #400]	; (10000b04 <irq_add_shared_handler+0x20c>)
10000974:	80b3      	strh	r3, [r6, #4]
10000976:	23ff      	movs	r3, #255	; 0xff
10000978:	71b3      	strb	r3, [r6, #6]
1000097a:	71f5      	strb	r5, [r6, #7]
1000097c:	9b01      	ldr	r3, [sp, #4]
1000097e:	9307      	str	r3, [sp, #28]
10000980:	4457      	add	r7, sl
10000982:	00bf      	lsls	r7, r7, #2
10000984:	4447      	add	r7, r8
10000986:	ce0e      	ldmia	r6!, {r1, r2, r3}
10000988:	c70e      	stmia	r7!, {r1, r2, r3}
1000098a:	2301      	movs	r3, #1
1000098c:	431c      	orrs	r4, r3
1000098e:	46a0      	mov	r8, r4
10000990:	465a      	mov	r2, fp
10000992:	4641      	mov	r1, r8
10000994:	4648      	mov	r0, r9
10000996:	f7ff fed3 	bl	10000740 <set_raw_irq_handler_and_unlock>
1000099a:	b009      	add	sp, #36	; 0x24
1000099c:	bcf0      	pop	{r4, r5, r6, r7}
1000099e:	46bb      	mov	fp, r7
100009a0:	46b2      	mov	sl, r6
100009a2:	46a9      	mov	r9, r5
100009a4:	46a0      	mov	r8, r4
100009a6:	bdf0      	pop	{r4, r5, r6, r7, pc}
100009a8:	216e      	movs	r1, #110	; 0x6e
100009aa:	4b57      	ldr	r3, [pc, #348]	; (10000b08 <irq_add_shared_handler+0x210>)
100009ac:	4a57      	ldr	r2, [pc, #348]	; (10000b0c <irq_add_shared_handler+0x214>)
100009ae:	31ff      	adds	r1, #255	; 0xff
100009b0:	4857      	ldr	r0, [pc, #348]	; (10000b10 <irq_add_shared_handler+0x218>)
100009b2:	f003 f9e3 	bl	10003d7c <__assert_func>
100009b6:	21ba      	movs	r1, #186	; 0xba
100009b8:	4b56      	ldr	r3, [pc, #344]	; (10000b14 <irq_add_shared_handler+0x21c>)
100009ba:	4a54      	ldr	r2, [pc, #336]	; (10000b0c <irq_add_shared_handler+0x214>)
100009bc:	0049      	lsls	r1, r1, #1
100009be:	4854      	ldr	r0, [pc, #336]	; (10000b10 <irq_add_shared_handler+0x218>)
100009c0:	f003 f9dc 	bl	10003d7c <__assert_func>
100009c4:	2301      	movs	r3, #1
100009c6:	4642      	mov	r2, r8
100009c8:	439a      	bics	r2, r3
100009ca:	4692      	mov	sl, r2
100009cc:	1a10      	subs	r0, r2, r0
100009ce:	210c      	movs	r1, #12
100009d0:	f001 fa16 	bl	10001e00 <__wrap___aeabi_uidiv>
100009d4:	2900      	cmp	r1, #0
100009d6:	d10f      	bne.n	100009f8 <irq_add_shared_handler+0x100>
100009d8:	4653      	mov	r3, sl
100009da:	2600      	movs	r6, #0
100009dc:	79da      	ldrb	r2, [r3, #7]
100009de:	42aa      	cmp	r2, r5
100009e0:	d912      	bls.n	10000a08 <irq_add_shared_handler+0x110>
100009e2:	2106      	movs	r1, #6
100009e4:	5659      	ldrsb	r1, [r3, r1]
100009e6:	2900      	cmp	r1, #0
100009e8:	db0d      	blt.n	10000a06 <irq_add_shared_handler+0x10e>
100009ea:	004a      	lsls	r2, r1, #1
100009ec:	1852      	adds	r2, r2, r1
100009ee:	0092      	lsls	r2, r2, #2
100009f0:	001e      	movs	r6, r3
100009f2:	4b3f      	ldr	r3, [pc, #252]	; (10000af0 <irq_add_shared_handler+0x1f8>)
100009f4:	189b      	adds	r3, r3, r2
100009f6:	e7f1      	b.n	100009dc <irq_add_shared_handler+0xe4>
100009f8:	2186      	movs	r1, #134	; 0x86
100009fa:	4b47      	ldr	r3, [pc, #284]	; (10000b18 <irq_add_shared_handler+0x220>)
100009fc:	4a43      	ldr	r2, [pc, #268]	; (10000b0c <irq_add_shared_handler+0x214>)
100009fe:	31ff      	adds	r1, #255	; 0xff
10000a00:	4843      	ldr	r0, [pc, #268]	; (10000b10 <irq_add_shared_handler+0x218>)
10000a02:	f003 f9bb 	bl	10003d7c <__assert_func>
10000a06:	001e      	movs	r6, r3
10000a08:	2e00      	cmp	r6, #0
10000a0a:	d03b      	beq.n	10000a84 <irq_add_shared_handler+0x18c>
10000a0c:	ab05      	add	r3, sp, #20
10000a0e:	4a43      	ldr	r2, [pc, #268]	; (10000b1c <irq_add_shared_handler+0x224>)
10000a10:	801a      	strh	r2, [r3, #0]
10000a12:	3a81      	subs	r2, #129	; 0x81
10000a14:	805a      	strh	r2, [r3, #2]
10000a16:	2306      	movs	r3, #6
10000a18:	56f3      	ldrsb	r3, [r6, r3]
10000a1a:	9302      	str	r3, [sp, #8]
10000a1c:	2b00      	cmp	r3, #0
10000a1e:	da17      	bge.n	10000a50 <irq_add_shared_handler+0x158>
10000a20:	483f      	ldr	r0, [pc, #252]	; (10000b20 <irq_add_shared_handler+0x228>)
10000a22:	ab05      	add	r3, sp, #20
10000a24:	469a      	mov	sl, r3
10000a26:	8098      	strh	r0, [r3, #4]
10000a28:	9a02      	ldr	r2, [sp, #8]
10000a2a:	719a      	strb	r2, [r3, #6]
10000a2c:	71dd      	strb	r5, [r3, #7]
10000a2e:	9a01      	ldr	r2, [sp, #4]
10000a30:	9207      	str	r2, [sp, #28]
10000a32:	1d30      	adds	r0, r6, #4
10000a34:	0021      	movs	r1, r4
10000a36:	f7ff fea9 	bl	1000078c <make_j_16>
10000a3a:	80b0      	strh	r0, [r6, #4]
10000a3c:	71b7      	strb	r7, [r6, #6]
10000a3e:	007b      	lsls	r3, r7, #1
10000a40:	19db      	adds	r3, r3, r7
10000a42:	009b      	lsls	r3, r3, #2
10000a44:	4f2a      	ldr	r7, [pc, #168]	; (10000af0 <irq_add_shared_handler+0x1f8>)
10000a46:	18ff      	adds	r7, r7, r3
10000a48:	4653      	mov	r3, sl
10000a4a:	cb07      	ldmia	r3!, {r0, r1, r2}
10000a4c:	c707      	stmia	r7!, {r0, r1, r2}
10000a4e:	e79f      	b.n	10000990 <irq_add_shared_handler+0x98>
10000a50:	0078      	lsls	r0, r7, #1
10000a52:	19c0      	adds	r0, r0, r7
10000a54:	0080      	lsls	r0, r0, #2
10000a56:	4b26      	ldr	r3, [pc, #152]	; (10000af0 <irq_add_shared_handler+0x1f8>)
10000a58:	18c0      	adds	r0, r0, r3
10000a5a:	3004      	adds	r0, #4
10000a5c:	1d32      	adds	r2, r6, #4
10000a5e:	88b3      	ldrh	r3, [r6, #4]
10000a60:	0ad9      	lsrs	r1, r3, #11
10000a62:	291c      	cmp	r1, #28
10000a64:	d107      	bne.n	10000a76 <irq_add_shared_handler+0x17e>
10000a66:	055b      	lsls	r3, r3, #21
10000a68:	1559      	asrs	r1, r3, #21
10000a6a:	3102      	adds	r1, #2
10000a6c:	0049      	lsls	r1, r1, #1
10000a6e:	1851      	adds	r1, r2, r1
10000a70:	f7ff fe8c 	bl	1000078c <make_j_16>
10000a74:	e7d5      	b.n	10000a22 <irq_add_shared_handler+0x12a>
10000a76:	2110      	movs	r1, #16
10000a78:	4b2a      	ldr	r3, [pc, #168]	; (10000b24 <irq_add_shared_handler+0x22c>)
10000a7a:	4a2b      	ldr	r2, [pc, #172]	; (10000b28 <irq_add_shared_handler+0x230>)
10000a7c:	31ff      	adds	r1, #255	; 0xff
10000a7e:	4824      	ldr	r0, [pc, #144]	; (10000b10 <irq_add_shared_handler+0x218>)
10000a80:	f003 f97c 	bl	10003d7c <__assert_func>
10000a84:	ae05      	add	r6, sp, #20
10000a86:	4b1d      	ldr	r3, [pc, #116]	; (10000afc <irq_add_shared_handler+0x204>)
10000a88:	8033      	strh	r3, [r6, #0]
10000a8a:	007b      	lsls	r3, r7, #1
10000a8c:	9302      	str	r3, [sp, #8]
10000a8e:	19d8      	adds	r0, r3, r7
10000a90:	0080      	lsls	r0, r0, #2
10000a92:	4a17      	ldr	r2, [pc, #92]	; (10000af0 <irq_add_shared_handler+0x1f8>)
10000a94:	4690      	mov	r8, r2
10000a96:	0002      	movs	r2, r0
10000a98:	4442      	add	r2, r8
10000a9a:	9203      	str	r2, [sp, #12]
10000a9c:	1c90      	adds	r0, r2, #2
10000a9e:	4918      	ldr	r1, [pc, #96]	; (10000b00 <irq_add_shared_handler+0x208>)
10000aa0:	f7ff fe74 	bl	1000078c <make_j_16>
10000aa4:	8070      	strh	r0, [r6, #2]
10000aa6:	9a03      	ldr	r2, [sp, #12]
10000aa8:	1d10      	adds	r0, r2, #4
10000aaa:	4651      	mov	r1, sl
10000aac:	f7ff fe6e 	bl	1000078c <make_j_16>
10000ab0:	80b0      	strh	r0, [r6, #4]
10000ab2:	4b1e      	ldr	r3, [pc, #120]	; (10000b2c <irq_add_shared_handler+0x234>)
10000ab4:	4652      	mov	r2, sl
10000ab6:	4641      	mov	r1, r8
10000ab8:	1a52      	subs	r2, r2, r1
10000aba:	4152      	adcs	r2, r2
10000abc:	4353      	muls	r3, r2
10000abe:	0d1b      	lsrs	r3, r3, #20
10000ac0:	71b3      	strb	r3, [r6, #6]
10000ac2:	71f5      	strb	r5, [r6, #7]
10000ac4:	9a01      	ldr	r2, [sp, #4]
10000ac6:	9207      	str	r2, [sp, #28]
10000ac8:	9b02      	ldr	r3, [sp, #8]
10000aca:	469c      	mov	ip, r3
10000acc:	4467      	add	r7, ip
10000ace:	00bf      	lsls	r7, r7, #2
10000ad0:	4447      	add	r7, r8
10000ad2:	ce0e      	ldmia	r6!, {r1, r2, r3}
10000ad4:	c70e      	stmia	r7!, {r1, r2, r3}
10000ad6:	4b11      	ldr	r3, [pc, #68]	; (10000b1c <irq_add_shared_handler+0x224>)
10000ad8:	4652      	mov	r2, sl
10000ada:	8013      	strh	r3, [r2, #0]
10000adc:	3b81      	subs	r3, #129	; 0x81
10000ade:	8053      	strh	r3, [r2, #2]
10000ae0:	2301      	movs	r3, #1
10000ae2:	431c      	orrs	r4, r3
10000ae4:	46a0      	mov	r8, r4
10000ae6:	e753      	b.n	10000990 <irq_add_shared_handler+0x98>
10000ae8:	d0000124 	.word	0xd0000124
10000aec:	20001d80 	.word	0x20001d80
10000af0:	20000bfc 	.word	0x20000bfc
10000af4:	e000ed00 	.word	0xe000ed00
10000af8:	100001cd 	.word	0x100001cd
10000afc:	ffffa100 	.word	0xffffa100
10000b00:	20000c2c 	.word	0x20000c2c
10000b04:	ffffbd01 	.word	0xffffbd01
10000b08:	10007160 	.word	0x10007160
10000b0c:	1000733c 	.word	0x1000733c
10000b10:	100070cc 	.word	0x100070cc
10000b14:	10007188 	.word	0x10007188
10000b18:	100071b0 	.word	0x100071b0
10000b1c:	00004801 	.word	0x00004801
10000b20:	0000bd01 	.word	0x0000bd01
10000b24:	10007234 	.word	0x10007234
10000b28:	1000732c 	.word	0x1000732c
10000b2c:	0000aaaa 	.word	0x0000aaaa

10000b30 <irq_remove_handler>:
10000b30:	b5f0      	push	{r4, r5, r6, r7, lr}
10000b32:	46ce      	mov	lr, r9
10000b34:	4647      	mov	r7, r8
10000b36:	b580      	push	{r7, lr}
10000b38:	b083      	sub	sp, #12
10000b3a:	0006      	movs	r6, r0
10000b3c:	000d      	movs	r5, r1
10000b3e:	f3ef 8810 	mrs	r8, PRIMASK
10000b42:	b672      	cpsid	i
10000b44:	4b56      	ldr	r3, [pc, #344]	; (10000ca0 <irq_remove_handler+0x170>)
10000b46:	681b      	ldr	r3, [r3, #0]
10000b48:	2b00      	cmp	r3, #0
10000b4a:	d0fb      	beq.n	10000b44 <irq_remove_handler+0x14>
10000b4c:	f3bf 8f5f 	dmb	sy
10000b50:	4b54      	ldr	r3, [pc, #336]	; (10000ca4 <irq_remove_handler+0x174>)
10000b52:	689a      	ldr	r2, [r3, #8]
10000b54:	0034      	movs	r4, r6
10000b56:	3410      	adds	r4, #16
10000b58:	00a3      	lsls	r3, r4, #2
10000b5a:	58d7      	ldr	r7, [r2, r3]
10000b5c:	4b52      	ldr	r3, [pc, #328]	; (10000ca8 <irq_remove_handler+0x178>)
10000b5e:	429f      	cmp	r7, r3
10000b60:	d007      	beq.n	10000b72 <irq_remove_handler+0x42>
10000b62:	42af      	cmp	r7, r5
10000b64:	d100      	bne.n	10000b68 <irq_remove_handler+0x38>
10000b66:	e098      	b.n	10000c9a <irq_remove_handler+0x16a>
10000b68:	9701      	str	r7, [sp, #4]
10000b6a:	4b50      	ldr	r3, [pc, #320]	; (10000cac <irq_remove_handler+0x17c>)
10000b6c:	1afb      	subs	r3, r7, r3
10000b6e:	2b2f      	cmp	r3, #47	; 0x2f
10000b70:	d909      	bls.n	10000b86 <irq_remove_handler+0x56>
10000b72:	4642      	mov	r2, r8
10000b74:	0039      	movs	r1, r7
10000b76:	0030      	movs	r0, r6
10000b78:	f7ff fde2 	bl	10000740 <set_raw_irq_handler_and_unlock>
10000b7c:	b003      	add	sp, #12
10000b7e:	bcc0      	pop	{r6, r7}
10000b80:	46b9      	mov	r9, r7
10000b82:	46b0      	mov	r8, r6
10000b84:	bdf0      	pop	{r4, r5, r6, r7, pc}
10000b86:	0030      	movs	r0, r6
10000b88:	f7ff fe46 	bl	10000818 <irq_is_enabled>
10000b8c:	4681      	mov	r9, r0
10000b8e:	2100      	movs	r1, #0
10000b90:	0030      	movs	r0, r6
10000b92:	f7ff fe5b 	bl	1000084c <irq_set_enabled>
10000b96:	f3bf 8f5f 	dmb	sy
10000b9a:	f3ef 8105 	mrs	r1, IPSR
10000b9e:	2900      	cmp	r1, #0
10000ba0:	d001      	beq.n	10000ba6 <irq_remove_handler+0x76>
10000ba2:	428c      	cmp	r4, r1
10000ba4:	d111      	bne.n	10000bca <irq_remove_handler+0x9a>
10000ba6:	2301      	movs	r3, #1
10000ba8:	9c01      	ldr	r4, [sp, #4]
10000baa:	439c      	bics	r4, r3
10000bac:	2200      	movs	r2, #0
10000bae:	68a3      	ldr	r3, [r4, #8]
10000bb0:	429d      	cmp	r5, r3
10000bb2:	d012      	beq.n	10000bda <irq_remove_handler+0xaa>
10000bb4:	2206      	movs	r2, #6
10000bb6:	56a2      	ldrsb	r2, [r4, r2]
10000bb8:	2a00      	cmp	r2, #0
10000bba:	db0d      	blt.n	10000bd8 <irq_remove_handler+0xa8>
10000bbc:	0053      	lsls	r3, r2, #1
10000bbe:	189b      	adds	r3, r3, r2
10000bc0:	009b      	lsls	r3, r3, #2
10000bc2:	0022      	movs	r2, r4
10000bc4:	4c39      	ldr	r4, [pc, #228]	; (10000cac <irq_remove_handler+0x17c>)
10000bc6:	18e4      	adds	r4, r4, r3
10000bc8:	e7f1      	b.n	10000bae <irq_remove_handler+0x7e>
10000bca:	21f4      	movs	r1, #244	; 0xf4
10000bcc:	4b38      	ldr	r3, [pc, #224]	; (10000cb0 <irq_remove_handler+0x180>)
10000bce:	4a39      	ldr	r2, [pc, #228]	; (10000cb4 <irq_remove_handler+0x184>)
10000bd0:	31ff      	adds	r1, #255	; 0xff
10000bd2:	4839      	ldr	r0, [pc, #228]	; (10000cb8 <irq_remove_handler+0x188>)
10000bd4:	f003 f8d2 	bl	10003d7c <__assert_func>
10000bd8:	0022      	movs	r2, r4
10000bda:	429d      	cmp	r5, r3
10000bdc:	d157      	bne.n	10000c8e <irq_remove_handler+0x15e>
10000bde:	2506      	movs	r5, #6
10000be0:	5765      	ldrsb	r5, [r4, r5]
10000be2:	2d00      	cmp	r5, #0
10000be4:	db39      	blt.n	10000c5a <irq_remove_handler+0x12a>
10000be6:	006b      	lsls	r3, r5, #1
10000be8:	195b      	adds	r3, r3, r5
10000bea:	009a      	lsls	r2, r3, #2
10000bec:	4b2f      	ldr	r3, [pc, #188]	; (10000cac <irq_remove_handler+0x17c>)
10000bee:	189b      	adds	r3, r3, r2
10000bf0:	689a      	ldr	r2, [r3, #8]
10000bf2:	60a2      	str	r2, [r4, #8]
10000bf4:	79da      	ldrb	r2, [r3, #7]
10000bf6:	71e2      	strb	r2, [r4, #7]
10000bf8:	2206      	movs	r2, #6
10000bfa:	569a      	ldrsb	r2, [r3, r2]
10000bfc:	71a2      	strb	r2, [r4, #6]
10000bfe:	799b      	ldrb	r3, [r3, #6]
10000c00:	b25b      	sxtb	r3, r3
10000c02:	2b00      	cmp	r3, #0
10000c04:	da0f      	bge.n	10000c26 <irq_remove_handler+0xf6>
10000c06:	482d      	ldr	r0, [pc, #180]	; (10000cbc <irq_remove_handler+0x18c>)
10000c08:	80a0      	strh	r0, [r4, #4]
10000c0a:	006b      	lsls	r3, r5, #1
10000c0c:	195b      	adds	r3, r3, r5
10000c0e:	009b      	lsls	r3, r3, #2
10000c10:	4a26      	ldr	r2, [pc, #152]	; (10000cac <irq_remove_handler+0x17c>)
10000c12:	18d3      	adds	r3, r2, r3
10000c14:	4a2a      	ldr	r2, [pc, #168]	; (10000cc0 <irq_remove_handler+0x190>)
10000c16:	7811      	ldrb	r1, [r2, #0]
10000c18:	7199      	strb	r1, [r3, #6]
10000c1a:	7015      	strb	r5, [r2, #0]
10000c1c:	4649      	mov	r1, r9
10000c1e:	0030      	movs	r0, r6
10000c20:	f7ff fe14 	bl	1000084c <irq_set_enabled>
10000c24:	e7a5      	b.n	10000b72 <irq_remove_handler+0x42>
10000c26:	1d20      	adds	r0, r4, #4
10000c28:	006b      	lsls	r3, r5, #1
10000c2a:	195b      	adds	r3, r3, r5
10000c2c:	009b      	lsls	r3, r3, #2
10000c2e:	4a1f      	ldr	r2, [pc, #124]	; (10000cac <irq_remove_handler+0x17c>)
10000c30:	189b      	adds	r3, r3, r2
10000c32:	1d1a      	adds	r2, r3, #4
10000c34:	889b      	ldrh	r3, [r3, #4]
10000c36:	0ad9      	lsrs	r1, r3, #11
10000c38:	291c      	cmp	r1, #28
10000c3a:	d107      	bne.n	10000c4c <irq_remove_handler+0x11c>
10000c3c:	055b      	lsls	r3, r3, #21
10000c3e:	155b      	asrs	r3, r3, #21
10000c40:	3302      	adds	r3, #2
10000c42:	0059      	lsls	r1, r3, #1
10000c44:	1851      	adds	r1, r2, r1
10000c46:	f7ff fda1 	bl	1000078c <make_j_16>
10000c4a:	e7dd      	b.n	10000c08 <irq_remove_handler+0xd8>
10000c4c:	2110      	movs	r1, #16
10000c4e:	4b1d      	ldr	r3, [pc, #116]	; (10000cc4 <irq_remove_handler+0x194>)
10000c50:	4a1d      	ldr	r2, [pc, #116]	; (10000cc8 <irq_remove_handler+0x198>)
10000c52:	31ff      	adds	r1, #255	; 0xff
10000c54:	4818      	ldr	r0, [pc, #96]	; (10000cb8 <irq_remove_handler+0x188>)
10000c56:	f003 f891 	bl	10003d7c <__assert_func>
10000c5a:	2900      	cmp	r1, #0
10000c5c:	d112      	bne.n	10000c84 <irq_remove_handler+0x154>
10000c5e:	2a00      	cmp	r2, #0
10000c60:	d00e      	beq.n	10000c80 <irq_remove_handler+0x150>
10000c62:	23ff      	movs	r3, #255	; 0xff
10000c64:	7193      	strb	r3, [r2, #6]
10000c66:	4b19      	ldr	r3, [pc, #100]	; (10000ccc <irq_remove_handler+0x19c>)
10000c68:	8093      	strh	r3, [r2, #4]
10000c6a:	4a15      	ldr	r2, [pc, #84]	; (10000cc0 <irq_remove_handler+0x190>)
10000c6c:	7813      	ldrb	r3, [r2, #0]
10000c6e:	71a3      	strb	r3, [r4, #6]
10000c70:	4b17      	ldr	r3, [pc, #92]	; (10000cd0 <irq_remove_handler+0x1a0>)
10000c72:	490e      	ldr	r1, [pc, #56]	; (10000cac <irq_remove_handler+0x17c>)
10000c74:	1a64      	subs	r4, r4, r1
10000c76:	4164      	adcs	r4, r4
10000c78:	4363      	muls	r3, r4
10000c7a:	0d1b      	lsrs	r3, r3, #20
10000c7c:	7013      	strb	r3, [r2, #0]
10000c7e:	e7cd      	b.n	10000c1c <irq_remove_handler+0xec>
10000c80:	4f09      	ldr	r7, [pc, #36]	; (10000ca8 <irq_remove_handler+0x178>)
10000c82:	e7f2      	b.n	10000c6a <irq_remove_handler+0x13a>
10000c84:	1d20      	adds	r0, r4, #4
10000c86:	4913      	ldr	r1, [pc, #76]	; (10000cd4 <irq_remove_handler+0x1a4>)
10000c88:	f7ff fda6 	bl	100007d8 <insert_bl_32>
10000c8c:	e7c6      	b.n	10000c1c <irq_remove_handler+0xec>
10000c8e:	4b12      	ldr	r3, [pc, #72]	; (10000cd8 <irq_remove_handler+0x1a8>)
10000c90:	4a08      	ldr	r2, [pc, #32]	; (10000cb4 <irq_remove_handler+0x184>)
10000c92:	4912      	ldr	r1, [pc, #72]	; (10000cdc <irq_remove_handler+0x1ac>)
10000c94:	4808      	ldr	r0, [pc, #32]	; (10000cb8 <irq_remove_handler+0x188>)
10000c96:	f003 f871 	bl	10003d7c <__assert_func>
10000c9a:	4f03      	ldr	r7, [pc, #12]	; (10000ca8 <irq_remove_handler+0x178>)
10000c9c:	e769      	b.n	10000b72 <irq_remove_handler+0x42>
10000c9e:	46c0      	nop			; (mov r8, r8)
10000ca0:	d0000124 	.word	0xd0000124
10000ca4:	e000ed00 	.word	0xe000ed00
10000ca8:	100001cd 	.word	0x100001cd
10000cac:	20000bfc 	.word	0x20000bfc
10000cb0:	1000724c 	.word	0x1000724c
10000cb4:	1000730c 	.word	0x1000730c
10000cb8:	100070cc 	.word	0x100070cc
10000cbc:	0000bd01 	.word	0x0000bd01
10000cc0:	20001d80 	.word	0x20001d80
10000cc4:	10007234 	.word	0x10007234
10000cc8:	1000732c 	.word	0x1000732c
10000ccc:	ffffbd01 	.word	0xffffbd01
10000cd0:	0000aaaa 	.word	0x0000aaaa
10000cd4:	20000c36 	.word	0x20000c36
10000cd8:	10007280 	.word	0x10007280
10000cdc:	00000235 	.word	0x00000235

10000ce0 <irq_add_tail_to_free_list>:
10000ce0:	b570      	push	{r4, r5, r6, lr}
10000ce2:	2101      	movs	r1, #1
10000ce4:	4301      	orrs	r1, r0
10000ce6:	4b2c      	ldr	r3, [pc, #176]	; (10000d98 <irq_add_tail_to_free_list+0xb8>)
10000ce8:	1acb      	subs	r3, r1, r3
10000cea:	2b2f      	cmp	r3, #47	; 0x2f
10000cec:	d828      	bhi.n	10000d40 <irq_add_tail_to_free_list+0x60>
10000cee:	f3ef 8305 	mrs	r3, IPSR
10000cf2:	2b00      	cmp	r3, #0
10000cf4:	d02a      	beq.n	10000d4c <irq_add_tail_to_free_list+0x6c>
10000cf6:	f3ef 8c10 	mrs	ip, PRIMASK
10000cfa:	b672      	cpsid	i
10000cfc:	4a27      	ldr	r2, [pc, #156]	; (10000d9c <irq_add_tail_to_free_list+0xbc>)
10000cfe:	6812      	ldr	r2, [r2, #0]
10000d00:	2a00      	cmp	r2, #0
10000d02:	d0fb      	beq.n	10000cfc <irq_add_tail_to_free_list+0x1c>
10000d04:	f3bf 8f5f 	dmb	sy
10000d08:	4a25      	ldr	r2, [pc, #148]	; (10000da0 <irq_add_tail_to_free_list+0xc0>)
10000d0a:	0004      	movs	r4, r0
10000d0c:	4d22      	ldr	r5, [pc, #136]	; (10000d98 <irq_add_tail_to_free_list+0xb8>)
10000d0e:	1b64      	subs	r4, r4, r5
10000d10:	4164      	adcs	r4, r4
10000d12:	4362      	muls	r2, r4
10000d14:	0d12      	lsrs	r2, r2, #20
10000d16:	b254      	sxtb	r4, r2
10000d18:	4a22      	ldr	r2, [pc, #136]	; (10000da4 <irq_add_tail_to_free_list+0xc4>)
10000d1a:	6892      	ldr	r2, [r2, #8]
10000d1c:	009b      	lsls	r3, r3, #2
10000d1e:	58d2      	ldr	r2, [r2, r3]
10000d20:	428a      	cmp	r2, r1
10000d22:	d019      	beq.n	10000d58 <irq_add_tail_to_free_list+0x78>
10000d24:	2200      	movs	r2, #0
10000d26:	2a03      	cmp	r2, #3
10000d28:	d830      	bhi.n	10000d8c <irq_add_tail_to_free_list+0xac>
10000d2a:	0053      	lsls	r3, r2, #1
10000d2c:	189b      	adds	r3, r3, r2
10000d2e:	009b      	lsls	r3, r3, #2
10000d30:	4919      	ldr	r1, [pc, #100]	; (10000d98 <irq_add_tail_to_free_list+0xb8>)
10000d32:	18cb      	adds	r3, r1, r3
10000d34:	799b      	ldrb	r3, [r3, #6]
10000d36:	b25b      	sxtb	r3, r3
10000d38:	42a3      	cmp	r3, r4
10000d3a:	d01d      	beq.n	10000d78 <irq_add_tail_to_free_list+0x98>
10000d3c:	3201      	adds	r2, #1
10000d3e:	e7f2      	b.n	10000d26 <irq_add_tail_to_free_list+0x46>
10000d40:	4b19      	ldr	r3, [pc, #100]	; (10000da8 <irq_add_tail_to_free_list+0xc8>)
10000d42:	4a1a      	ldr	r2, [pc, #104]	; (10000dac <irq_add_tail_to_free_list+0xcc>)
10000d44:	491a      	ldr	r1, [pc, #104]	; (10000db0 <irq_add_tail_to_free_list+0xd0>)
10000d46:	481b      	ldr	r0, [pc, #108]	; (10000db4 <irq_add_tail_to_free_list+0xd4>)
10000d48:	f003 f818 	bl	10003d7c <__assert_func>
10000d4c:	4b1a      	ldr	r3, [pc, #104]	; (10000db8 <irq_add_tail_to_free_list+0xd8>)
10000d4e:	4a17      	ldr	r2, [pc, #92]	; (10000dac <irq_add_tail_to_free_list+0xcc>)
10000d50:	491a      	ldr	r1, [pc, #104]	; (10000dbc <irq_add_tail_to_free_list+0xdc>)
10000d52:	4818      	ldr	r0, [pc, #96]	; (10000db4 <irq_add_tail_to_free_list+0xd4>)
10000d54:	f003 f812 	bl	10003d7c <__assert_func>
10000d58:	4a12      	ldr	r2, [pc, #72]	; (10000da4 <irq_add_tail_to_free_list+0xc4>)
10000d5a:	6892      	ldr	r2, [r2, #8]
10000d5c:	4918      	ldr	r1, [pc, #96]	; (10000dc0 <irq_add_tail_to_free_list+0xe0>)
10000d5e:	50d1      	str	r1, [r2, r3]
10000d60:	4b18      	ldr	r3, [pc, #96]	; (10000dc4 <irq_add_tail_to_free_list+0xe4>)
10000d62:	781a      	ldrb	r2, [r3, #0]
10000d64:	7182      	strb	r2, [r0, #6]
10000d66:	701c      	strb	r4, [r3, #0]
10000d68:	f3bf 8f5f 	dmb	sy
10000d6c:	4b0b      	ldr	r3, [pc, #44]	; (10000d9c <irq_add_tail_to_free_list+0xbc>)
10000d6e:	2200      	movs	r2, #0
10000d70:	601a      	str	r2, [r3, #0]
10000d72:	f38c 8810 	msr	PRIMASK, ip
10000d76:	bd70      	pop	{r4, r5, r6, pc}
10000d78:	000d      	movs	r5, r1
10000d7a:	0053      	lsls	r3, r2, #1
10000d7c:	1899      	adds	r1, r3, r2
10000d7e:	0089      	lsls	r1, r1, #2
10000d80:	1869      	adds	r1, r5, r1
10000d82:	26ff      	movs	r6, #255	; 0xff
10000d84:	718e      	strb	r6, [r1, #6]
10000d86:	4a10      	ldr	r2, [pc, #64]	; (10000dc8 <irq_add_tail_to_free_list+0xe8>)
10000d88:	808a      	strh	r2, [r1, #4]
10000d8a:	e7e9      	b.n	10000d60 <irq_add_tail_to_free_list+0x80>
10000d8c:	4b0f      	ldr	r3, [pc, #60]	; (10000dcc <irq_add_tail_to_free_list+0xec>)
10000d8e:	4a07      	ldr	r2, [pc, #28]	; (10000dac <irq_add_tail_to_free_list+0xcc>)
10000d90:	490f      	ldr	r1, [pc, #60]	; (10000dd0 <irq_add_tail_to_free_list+0xf0>)
10000d92:	4808      	ldr	r0, [pc, #32]	; (10000db4 <irq_add_tail_to_free_list+0xd4>)
10000d94:	f002 fff2 	bl	10003d7c <__assert_func>
10000d98:	20000bfc 	.word	0x20000bfc
10000d9c:	d0000124 	.word	0xd0000124
10000da0:	0000aaaa 	.word	0x0000aaaa
10000da4:	e000ed00 	.word	0xe000ed00
10000da8:	10007288 	.word	0x10007288
10000dac:	100072e0 	.word	0x100072e0
10000db0:	0000026e 	.word	0x0000026e
10000db4:	100070cc 	.word	0x100070cc
10000db8:	100072b0 	.word	0x100072b0
10000dbc:	00000271 	.word	0x00000271
10000dc0:	100001cd 	.word	0x100001cd
10000dc4:	20001d80 	.word	0x20001d80
10000dc8:	ffffbd01 	.word	0xffffbd01
10000dcc:	100072bc 	.word	0x100072bc
10000dd0:	00000282 	.word	0x00000282

10000dd4 <user_irq_claim_unused>:
10000dd4:	b500      	push	{lr}
10000dd6:	b083      	sub	sp, #12
10000dd8:	0001      	movs	r1, r0
10000dda:	4b06      	ldr	r3, [pc, #24]	; (10000df4 <user_irq_claim_unused+0x20>)
10000ddc:	9300      	str	r3, [sp, #0]
10000dde:	2305      	movs	r3, #5
10000de0:	2200      	movs	r2, #0
10000de2:	4805      	ldr	r0, [pc, #20]	; (10000df8 <user_irq_claim_unused+0x24>)
10000de4:	f7ff fc55 	bl	10000692 <hw_claim_unused_from_range>
10000de8:	2800      	cmp	r0, #0
10000dea:	db01      	blt.n	10000df0 <user_irq_claim_unused+0x1c>
10000dec:	231f      	movs	r3, #31
10000dee:	1a18      	subs	r0, r3, r0
10000df0:	b003      	add	sp, #12
10000df2:	bd00      	pop	{pc}
10000df4:	100072c4 	.word	0x100072c4
10000df8:	20001d84 	.word	0x20001d84

10000dfc <lock_init>:
10000dfc:	4b02      	ldr	r3, [pc, #8]	; (10000e08 <lock_init+0xc>)
10000dfe:	469c      	mov	ip, r3
10000e00:	4461      	add	r1, ip
10000e02:	0089      	lsls	r1, r1, #2
10000e04:	6001      	str	r1, [r0, #0]
10000e06:	4770      	bx	lr
10000e08:	34000040 	.word	0x34000040

10000e0c <mutex_init>:
10000e0c:	b510      	push	{r4, lr}
10000e0e:	0004      	movs	r4, r0
10000e10:	f7ff fc68 	bl	100006e4 <next_striped_spin_lock_num>
10000e14:	0001      	movs	r1, r0
10000e16:	0020      	movs	r0, r4
10000e18:	f7ff fff0 	bl	10000dfc <lock_init>
10000e1c:	23ff      	movs	r3, #255	; 0xff
10000e1e:	7123      	strb	r3, [r4, #4]
10000e20:	f3bf 8f5f 	dmb	sy
10000e24:	bd10      	pop	{r4, pc}

10000e26 <recursive_mutex_init>:
10000e26:	b510      	push	{r4, lr}
10000e28:	0004      	movs	r4, r0
10000e2a:	f7ff fc5b 	bl	100006e4 <next_striped_spin_lock_num>
10000e2e:	0001      	movs	r1, r0
10000e30:	0020      	movs	r0, r4
10000e32:	f7ff ffe3 	bl	10000dfc <lock_init>
10000e36:	23ff      	movs	r3, #255	; 0xff
10000e38:	7123      	strb	r3, [r4, #4]
10000e3a:	2300      	movs	r3, #0
10000e3c:	7163      	strb	r3, [r4, #5]
10000e3e:	f3bf 8f5f 	dmb	sy
10000e42:	bd10      	pop	{r4, pc}

10000e44 <runtime_init_mutex>:
10000e44:	b510      	push	{r4, lr}
10000e46:	4c0d      	ldr	r4, [pc, #52]	; (10000e7c <runtime_init_mutex+0x38>)
10000e48:	e009      	b.n	10000e5e <runtime_init_mutex+0x1a>
10000e4a:	4b0d      	ldr	r3, [pc, #52]	; (10000e80 <runtime_init_mutex+0x3c>)
10000e4c:	4a0d      	ldr	r2, [pc, #52]	; (10000e84 <runtime_init_mutex+0x40>)
10000e4e:	211a      	movs	r1, #26
10000e50:	480d      	ldr	r0, [pc, #52]	; (10000e88 <runtime_init_mutex+0x44>)
10000e52:	f002 ff93 	bl	10003d7c <__assert_func>
10000e56:	0020      	movs	r0, r4
10000e58:	f7ff ffd8 	bl	10000e0c <mutex_init>
10000e5c:	3408      	adds	r4, #8
10000e5e:	4b0b      	ldr	r3, [pc, #44]	; (10000e8c <runtime_init_mutex+0x48>)
10000e60:	429c      	cmp	r4, r3
10000e62:	d209      	bcs.n	10000e78 <runtime_init_mutex+0x34>
10000e64:	6823      	ldr	r3, [r4, #0]
10000e66:	2b00      	cmp	r3, #0
10000e68:	d0f5      	beq.n	10000e56 <runtime_init_mutex+0x12>
10000e6a:	2b01      	cmp	r3, #1
10000e6c:	d1ed      	bne.n	10000e4a <runtime_init_mutex+0x6>
10000e6e:	0020      	movs	r0, r4
10000e70:	f7ff ffd9 	bl	10000e26 <recursive_mutex_init>
10000e74:	3408      	adds	r4, #8
10000e76:	e7f2      	b.n	10000e5e <runtime_init_mutex+0x1a>
10000e78:	bd10      	pop	{r4, pc}
10000e7a:	46c0      	nop			; (mov r8, r8)
10000e7c:	20000cd0 	.word	0x20000cd0
10000e80:	10007370 	.word	0x10007370
10000e84:	10007450 	.word	0x10007450
10000e88:	10007390 	.word	0x10007390
10000e8c:	20000cd8 	.word	0x20000cd8

10000e90 <critical_section_init_with_lock_num>:
10000e90:	4b03      	ldr	r3, [pc, #12]	; (10000ea0 <critical_section_init_with_lock_num+0x10>)
10000e92:	469c      	mov	ip, r3
10000e94:	4461      	add	r1, ip
10000e96:	0089      	lsls	r1, r1, #2
10000e98:	6001      	str	r1, [r0, #0]
10000e9a:	f3bf 8f5f 	dmb	sy
10000e9e:	4770      	bx	lr
10000ea0:	34000040 	.word	0x34000040

10000ea4 <critical_section_init>:
10000ea4:	b510      	push	{r4, lr}
10000ea6:	0004      	movs	r4, r0
10000ea8:	2001      	movs	r0, #1
10000eaa:	f7ff fc29 	bl	10000700 <spin_lock_claim_unused>
10000eae:	0001      	movs	r1, r0
10000eb0:	0020      	movs	r0, r4
10000eb2:	f7ff ffed 	bl	10000e90 <critical_section_init_with_lock_num>
10000eb6:	bd10      	pop	{r4, pc}

10000eb8 <make_alarm_id>:
10000eb8:	0400      	lsls	r0, r0, #16
10000eba:	4308      	orrs	r0, r1
10000ebc:	4770      	bx	lr
	...

10000ec0 <sleep_until_callback>:
10000ec0:	4b0a      	ldr	r3, [pc, #40]	; (10000eec <sleep_until_callback+0x2c>)
10000ec2:	681a      	ldr	r2, [r3, #0]
10000ec4:	f3ef 8110 	mrs	r1, PRIMASK
10000ec8:	b672      	cpsid	i
10000eca:	6813      	ldr	r3, [r2, #0]
10000ecc:	2b00      	cmp	r3, #0
10000ece:	d0fc      	beq.n	10000eca <sleep_until_callback+0xa>
10000ed0:	f3bf 8f5f 	dmb	sy
10000ed4:	4b05      	ldr	r3, [pc, #20]	; (10000eec <sleep_until_callback+0x2c>)
10000ed6:	681b      	ldr	r3, [r3, #0]
10000ed8:	f3bf 8f5f 	dmb	sy
10000edc:	2200      	movs	r2, #0
10000ede:	601a      	str	r2, [r3, #0]
10000ee0:	f381 8810 	msr	PRIMASK, r1
10000ee4:	bf40      	sev
10000ee6:	2000      	movs	r0, #0
10000ee8:	2100      	movs	r1, #0
10000eea:	4770      	bx	lr
10000eec:	20001d54 	.word	0x20001d54

10000ef0 <alarm_pool_irq_handler>:
10000ef0:	b5f0      	push	{r4, r5, r6, r7, lr}
10000ef2:	46de      	mov	lr, fp
10000ef4:	4657      	mov	r7, sl
10000ef6:	464e      	mov	r6, r9
10000ef8:	4645      	mov	r5, r8
10000efa:	b5e0      	push	{r5, r6, r7, lr}
10000efc:	b083      	sub	sp, #12
10000efe:	f3ef 8305 	mrs	r3, IPSR
10000f02:	2203      	movs	r2, #3
10000f04:	401a      	ands	r2, r3
10000f06:	4693      	mov	fp, r2
10000f08:	0092      	lsls	r2, r2, #2
10000f0a:	4bab      	ldr	r3, [pc, #684]	; (100011b8 <alarm_pool_irq_handler+0x2c8>)
10000f0c:	58d3      	ldr	r3, [r2, r3]
10000f0e:	4698      	mov	r8, r3
10000f10:	781b      	ldrb	r3, [r3, #0]
10000f12:	455b      	cmp	r3, fp
10000f14:	d10c      	bne.n	10000f30 <alarm_pool_irq_handler+0x40>
10000f16:	48a9      	ldr	r0, [pc, #676]	; (100011bc <alarm_pool_irq_handler+0x2cc>)
10000f18:	f000 fb86 	bl	10001628 <timer_time_us_64>
10000f1c:	0002      	movs	r2, r0
10000f1e:	000b      	movs	r3, r1
10000f20:	2101      	movs	r1, #1
10000f22:	4658      	mov	r0, fp
10000f24:	4081      	lsls	r1, r0
10000f26:	0008      	movs	r0, r1
10000f28:	468a      	mov	sl, r1
10000f2a:	49a5      	ldr	r1, [pc, #660]	; (100011c0 <alarm_pool_irq_handler+0x2d0>)
10000f2c:	6008      	str	r0, [r1, #0]
10000f2e:	e077      	b.n	10001020 <alarm_pool_irq_handler+0x130>
10000f30:	4ba4      	ldr	r3, [pc, #656]	; (100011c4 <alarm_pool_irq_handler+0x2d4>)
10000f32:	4aa5      	ldr	r2, [pc, #660]	; (100011c8 <alarm_pool_irq_handler+0x2d8>)
10000f34:	2190      	movs	r1, #144	; 0x90
10000f36:	48a5      	ldr	r0, [pc, #660]	; (100011cc <alarm_pool_irq_handler+0x2dc>)
10000f38:	f002 ff20 	bl	10003d7c <__assert_func>
10000f3c:	694c      	ldr	r4, [r1, #20]
10000f3e:	0020      	movs	r0, r4
10000f40:	6923      	ldr	r3, [r4, #16]
10000f42:	4798      	blx	r3
10000f44:	2800      	cmp	r0, #0
10000f46:	d025      	beq.n	10000f94 <alarm_pool_irq_handler+0xa4>
10000f48:	6823      	ldr	r3, [r4, #0]
10000f4a:	6864      	ldr	r4, [r4, #4]
10000f4c:	9300      	str	r3, [sp, #0]
10000f4e:	9401      	str	r4, [sp, #4]
10000f50:	e08d      	b.n	1000106e <alarm_pool_irq_handler+0x17e>
10000f52:	489a      	ldr	r0, [pc, #616]	; (100011bc <alarm_pool_irq_handler+0x2cc>)
10000f54:	f000 fb68 	bl	10001628 <timer_time_us_64>
10000f58:	9e00      	ldr	r6, [sp, #0]
10000f5a:	9f01      	ldr	r7, [sp, #4]
10000f5c:	1836      	adds	r6, r6, r0
10000f5e:	414f      	adcs	r7, r1
10000f60:	9600      	str	r6, [sp, #0]
10000f62:	9701      	str	r7, [sp, #4]
10000f64:	e091      	b.n	1000108a <alarm_pool_irq_handler+0x19a>
10000f66:	4684      	mov	ip, r0
10000f68:	4663      	mov	r3, ip
10000f6a:	2400      	movs	r4, #0
10000f6c:	5f1c      	ldrsh	r4, [r3, r4]
10000f6e:	2c00      	cmp	r4, #0
10000f70:	db0b      	blt.n	10000f8a <alarm_pool_irq_handler+0x9a>
10000f72:	0060      	lsls	r0, r4, #1
10000f74:	1900      	adds	r0, r0, r4
10000f76:	00c0      	lsls	r0, r0, #3
10000f78:	1808      	adds	r0, r1, r0
10000f7a:	9a00      	ldr	r2, [sp, #0]
10000f7c:	9b01      	ldr	r3, [sp, #4]
10000f7e:	6886      	ldr	r6, [r0, #8]
10000f80:	68c7      	ldr	r7, [r0, #12]
10000f82:	1b92      	subs	r2, r2, r6
10000f84:	41bb      	sbcs	r3, r7
10000f86:	2b00      	cmp	r3, #0
10000f88:	daed      	bge.n	10000f66 <alarm_pool_irq_handler+0x76>
10000f8a:	464b      	mov	r3, r9
10000f8c:	801c      	strh	r4, [r3, #0]
10000f8e:	4663      	mov	r3, ip
10000f90:	801d      	strh	r5, [r3, #0]
10000f92:	e01b      	b.n	10000fcc <alarm_pool_irq_handler+0xdc>
10000f94:	464b      	mov	r3, r9
10000f96:	2200      	movs	r2, #0
10000f98:	5e9b      	ldrsh	r3, [r3, r2]
10000f9a:	4642      	mov	r2, r8
10000f9c:	8113      	strh	r3, [r2, #8]
10000f9e:	6912      	ldr	r2, [r2, #16]
10000fa0:	f3ef 8310 	mrs	r3, PRIMASK
10000fa4:	b672      	cpsid	i
10000fa6:	6811      	ldr	r1, [r2, #0]
10000fa8:	2900      	cmp	r1, #0
10000faa:	d0fc      	beq.n	10000fa6 <alarm_pool_irq_handler+0xb6>
10000fac:	f3bf 8f5f 	dmb	sy
10000fb0:	4642      	mov	r2, r8
10000fb2:	2102      	movs	r1, #2
10000fb4:	5e52      	ldrsh	r2, [r2, r1]
10000fb6:	4649      	mov	r1, r9
10000fb8:	800a      	strh	r2, [r1, #0]
10000fba:	4642      	mov	r2, r8
10000fbc:	8055      	strh	r5, [r2, #2]
10000fbe:	6912      	ldr	r2, [r2, #16]
10000fc0:	f3bf 8f5f 	dmb	sy
10000fc4:	2100      	movs	r1, #0
10000fc6:	6011      	str	r1, [r2, #0]
10000fc8:	f383 8810 	msr	PRIMASK, r3
10000fcc:	4643      	mov	r3, r8
10000fce:	889b      	ldrh	r3, [r3, #4]
10000fd0:	b21b      	sxth	r3, r3
10000fd2:	2b00      	cmp	r3, #0
10000fd4:	da74      	bge.n	100010c0 <alarm_pool_irq_handler+0x1d0>
10000fd6:	4643      	mov	r3, r8
10000fd8:	799b      	ldrb	r3, [r3, #6]
10000fda:	2b00      	cmp	r3, #0
10000fdc:	d000      	beq.n	10000fe0 <alarm_pool_irq_handler+0xf0>
10000fde:	e0b6      	b.n	1000114e <alarm_pool_irq_handler+0x25e>
10000fe0:	4876      	ldr	r0, [pc, #472]	; (100011bc <alarm_pool_irq_handler+0x2cc>)
10000fe2:	f000 fb21 	bl	10001628 <timer_time_us_64>
10000fe6:	0002      	movs	r2, r0
10000fe8:	000b      	movs	r3, r1
10000fea:	4641      	mov	r1, r8
10000fec:	2008      	movs	r0, #8
10000fee:	5e08      	ldrsh	r0, [r1, r0]
10000ff0:	2800      	cmp	r0, #0
10000ff2:	da00      	bge.n	10000ff6 <alarm_pool_irq_handler+0x106>
10000ff4:	e0d9      	b.n	100011aa <alarm_pool_irq_handler+0x2ba>
10000ff6:	0041      	lsls	r1, r0, #1
10000ff8:	1809      	adds	r1, r1, r0
10000ffa:	00c9      	lsls	r1, r1, #3
10000ffc:	4640      	mov	r0, r8
10000ffe:	6940      	ldr	r0, [r0, #20]
10001000:	4684      	mov	ip, r0
10001002:	4461      	add	r1, ip
10001004:	6888      	ldr	r0, [r1, #8]
10001006:	68c9      	ldr	r1, [r1, #12]
10001008:	465c      	mov	r4, fp
1000100a:	3404      	adds	r4, #4
1000100c:	00a4      	lsls	r4, r4, #2
1000100e:	4d6b      	ldr	r5, [pc, #428]	; (100011bc <alarm_pool_irq_handler+0x2cc>)
10001010:	5160      	str	r0, [r4, r5]
10001012:	1a80      	subs	r0, r0, r2
10001014:	4199      	sbcs	r1, r3
10001016:	2900      	cmp	r1, #0
10001018:	dd00      	ble.n	1000101c <alarm_pool_irq_handler+0x12c>
1000101a:	e0c6      	b.n	100011aa <alarm_pool_irq_handler+0x2ba>
1000101c:	d100      	bne.n	10001020 <alarm_pool_irq_handler+0x130>
1000101e:	e0c1      	b.n	100011a4 <alarm_pool_irq_handler+0x2b4>
10001020:	4966      	ldr	r1, [pc, #408]	; (100011bc <alarm_pool_irq_handler+0x2cc>)
10001022:	4650      	mov	r0, sl
10001024:	6348      	str	r0, [r1, #52]	; 0x34
10001026:	4641      	mov	r1, r8
10001028:	2508      	movs	r5, #8
1000102a:	5f4d      	ldrsh	r5, [r1, r5]
1000102c:	2d00      	cmp	r5, #0
1000102e:	dbcd      	blt.n	10000fcc <alarm_pool_irq_handler+0xdc>
10001030:	0069      	lsls	r1, r5, #1
10001032:	1949      	adds	r1, r1, r5
10001034:	00c9      	lsls	r1, r1, #3
10001036:	4640      	mov	r0, r8
10001038:	6940      	ldr	r0, [r0, #20]
1000103a:	4681      	mov	r9, r0
1000103c:	4489      	add	r9, r1
1000103e:	4649      	mov	r1, r9
10001040:	688e      	ldr	r6, [r1, #8]
10001042:	68cf      	ldr	r7, [r1, #12]
10001044:	1b92      	subs	r2, r2, r6
10001046:	41bb      	sbcs	r3, r7
10001048:	2b00      	cmp	r3, #0
1000104a:	dbbf      	blt.n	10000fcc <alarm_pool_irq_handler+0xdc>
1000104c:	2f00      	cmp	r7, #0
1000104e:	dba1      	blt.n	10000f94 <alarm_pool_irq_handler+0xa4>
10001050:	690c      	ldr	r4, [r1, #16]
10001052:	4b5f      	ldr	r3, [pc, #380]	; (100011d0 <alarm_pool_irq_handler+0x2e0>)
10001054:	429c      	cmp	r4, r3
10001056:	d100      	bne.n	1000105a <alarm_pool_irq_handler+0x16a>
10001058:	e770      	b.n	10000f3c <alarm_pool_irq_handler+0x4c>
1000105a:	8849      	ldrh	r1, [r1, #2]
1000105c:	b289      	uxth	r1, r1
1000105e:	0028      	movs	r0, r5
10001060:	f7ff ff2a 	bl	10000eb8 <make_alarm_id>
10001064:	464b      	mov	r3, r9
10001066:	6959      	ldr	r1, [r3, #20]
10001068:	47a0      	blx	r4
1000106a:	9000      	str	r0, [sp, #0]
1000106c:	9101      	str	r1, [sp, #4]
1000106e:	9900      	ldr	r1, [sp, #0]
10001070:	9a01      	ldr	r2, [sp, #4]
10001072:	000b      	movs	r3, r1
10001074:	4313      	orrs	r3, r2
10001076:	d100      	bne.n	1000107a <alarm_pool_irq_handler+0x18a>
10001078:	e78c      	b.n	10000f94 <alarm_pool_irq_handler+0xa4>
1000107a:	000b      	movs	r3, r1
1000107c:	1e14      	subs	r4, r2, #0
1000107e:	db00      	blt.n	10001082 <alarm_pool_irq_handler+0x192>
10001080:	e767      	b.n	10000f52 <alarm_pool_irq_handler+0x62>
10001082:	1af6      	subs	r6, r6, r3
10001084:	41a7      	sbcs	r7, r4
10001086:	9600      	str	r6, [sp, #0]
10001088:	9701      	str	r7, [sp, #4]
1000108a:	464b      	mov	r3, r9
1000108c:	9e00      	ldr	r6, [sp, #0]
1000108e:	9f01      	ldr	r7, [sp, #4]
10001090:	609e      	str	r6, [r3, #8]
10001092:	60df      	str	r7, [r3, #12]
10001094:	2000      	movs	r0, #0
10001096:	5e18      	ldrsh	r0, [r3, r0]
10001098:	2800      	cmp	r0, #0
1000109a:	db97      	blt.n	10000fcc <alarm_pool_irq_handler+0xdc>
1000109c:	4643      	mov	r3, r8
1000109e:	6959      	ldr	r1, [r3, #20]
100010a0:	0043      	lsls	r3, r0, #1
100010a2:	181b      	adds	r3, r3, r0
100010a4:	00db      	lsls	r3, r3, #3
100010a6:	18cb      	adds	r3, r1, r3
100010a8:	689a      	ldr	r2, [r3, #8]
100010aa:	68db      	ldr	r3, [r3, #12]
100010ac:	1ab6      	subs	r6, r6, r2
100010ae:	419f      	sbcs	r7, r3
100010b0:	2f00      	cmp	r7, #0
100010b2:	db8b      	blt.n	10000fcc <alarm_pool_irq_handler+0xdc>
100010b4:	4643      	mov	r3, r8
100010b6:	8118      	strh	r0, [r3, #8]
100010b8:	2308      	movs	r3, #8
100010ba:	4443      	add	r3, r8
100010bc:	469c      	mov	ip, r3
100010be:	e753      	b.n	10000f68 <alarm_pool_irq_handler+0x78>
100010c0:	4643      	mov	r3, r8
100010c2:	691a      	ldr	r2, [r3, #16]
100010c4:	f3ef 8110 	mrs	r1, PRIMASK
100010c8:	b672      	cpsid	i
100010ca:	6813      	ldr	r3, [r2, #0]
100010cc:	2b00      	cmp	r3, #0
100010ce:	d0fc      	beq.n	100010ca <alarm_pool_irq_handler+0x1da>
100010d0:	f3bf 8f5f 	dmb	sy
100010d4:	4643      	mov	r3, r8
100010d6:	889b      	ldrh	r3, [r3, #4]
100010d8:	b21b      	sxth	r3, r3
100010da:	4699      	mov	r9, r3
100010dc:	2301      	movs	r3, #1
100010de:	425b      	negs	r3, r3
100010e0:	4642      	mov	r2, r8
100010e2:	8093      	strh	r3, [r2, #4]
100010e4:	6913      	ldr	r3, [r2, #16]
100010e6:	f3bf 8f5f 	dmb	sy
100010ea:	2200      	movs	r2, #0
100010ec:	601a      	str	r2, [r3, #0]
100010ee:	f381 8810 	msr	PRIMASK, r1
100010f2:	e018      	b.n	10001126 <alarm_pool_irq_handler+0x236>
100010f4:	0026      	movs	r6, r4
100010f6:	2300      	movs	r3, #0
100010f8:	5ef5      	ldrsh	r5, [r6, r3]
100010fa:	2d00      	cmp	r5, #0
100010fc:	db0b      	blt.n	10001116 <alarm_pool_irq_handler+0x226>
100010fe:	006c      	lsls	r4, r5, #1
10001100:	1964      	adds	r4, r4, r5
10001102:	00e4      	lsls	r4, r4, #3
10001104:	193c      	adds	r4, r7, r4
10001106:	9a00      	ldr	r2, [sp, #0]
10001108:	9b01      	ldr	r3, [sp, #4]
1000110a:	68a0      	ldr	r0, [r4, #8]
1000110c:	68e1      	ldr	r1, [r4, #12]
1000110e:	1a12      	subs	r2, r2, r0
10001110:	418b      	sbcs	r3, r1
10001112:	2b00      	cmp	r3, #0
10001114:	daee      	bge.n	100010f4 <alarm_pool_irq_handler+0x204>
10001116:	464b      	mov	r3, r9
10001118:	8033      	strh	r3, [r6, #0]
1000111a:	4663      	mov	r3, ip
1000111c:	2200      	movs	r2, #0
1000111e:	5e9b      	ldrsh	r3, [r3, r2]
10001120:	4699      	mov	r9, r3
10001122:	4663      	mov	r3, ip
10001124:	801d      	strh	r5, [r3, #0]
10001126:	464b      	mov	r3, r9
10001128:	2b00      	cmp	r3, #0
1000112a:	da00      	bge.n	1000112e <alarm_pool_irq_handler+0x23e>
1000112c:	e753      	b.n	10000fd6 <alarm_pool_irq_handler+0xe6>
1000112e:	4643      	mov	r3, r8
10001130:	695f      	ldr	r7, [r3, #20]
10001132:	464b      	mov	r3, r9
10001134:	005b      	lsls	r3, r3, #1
10001136:	444b      	add	r3, r9
10001138:	00db      	lsls	r3, r3, #3
1000113a:	469c      	mov	ip, r3
1000113c:	44bc      	add	ip, r7
1000113e:	4663      	mov	r3, ip
10001140:	68dc      	ldr	r4, [r3, #12]
10001142:	689b      	ldr	r3, [r3, #8]
10001144:	9300      	str	r3, [sp, #0]
10001146:	9401      	str	r4, [sp, #4]
10001148:	4646      	mov	r6, r8
1000114a:	3608      	adds	r6, #8
1000114c:	e7d3      	b.n	100010f6 <alarm_pool_irq_handler+0x206>
1000114e:	2300      	movs	r3, #0
10001150:	4642      	mov	r2, r8
10001152:	7193      	strb	r3, [r2, #6]
10001154:	4641      	mov	r1, r8
10001156:	3108      	adds	r1, #8
10001158:	4643      	mov	r3, r8
1000115a:	2008      	movs	r0, #8
1000115c:	5e18      	ldrsh	r0, [r3, r0]
1000115e:	e011      	b.n	10001184 <alarm_pool_irq_handler+0x294>
10001160:	2201      	movs	r2, #1
10001162:	4252      	negs	r2, r2
10001164:	17d3      	asrs	r3, r2, #31
10001166:	60a2      	str	r2, [r4, #8]
10001168:	60e3      	str	r3, [r4, #12]
1000116a:	4643      	mov	r3, r8
1000116c:	2208      	movs	r2, #8
1000116e:	5e9b      	ldrsh	r3, [r3, r2]
10001170:	4283      	cmp	r3, r0
10001172:	d006      	beq.n	10001182 <alarm_pool_irq_handler+0x292>
10001174:	800d      	strh	r5, [r1, #0]
10001176:	4643      	mov	r3, r8
10001178:	2208      	movs	r2, #8
1000117a:	5e9b      	ldrsh	r3, [r3, r2]
1000117c:	8023      	strh	r3, [r4, #0]
1000117e:	4643      	mov	r3, r8
10001180:	8118      	strh	r0, [r3, #8]
10001182:	0028      	movs	r0, r5
10001184:	1c43      	adds	r3, r0, #1
10001186:	d100      	bne.n	1000118a <alarm_pool_irq_handler+0x29a>
10001188:	e72a      	b.n	10000fe0 <alarm_pool_irq_handler+0xf0>
1000118a:	4643      	mov	r3, r8
1000118c:	695a      	ldr	r2, [r3, #20]
1000118e:	0043      	lsls	r3, r0, #1
10001190:	181b      	adds	r3, r3, r0
10001192:	00db      	lsls	r3, r3, #3
10001194:	18d4      	adds	r4, r2, r3
10001196:	5ed5      	ldrsh	r5, [r2, r3]
10001198:	8863      	ldrh	r3, [r4, #2]
1000119a:	b21b      	sxth	r3, r3
1000119c:	2b00      	cmp	r3, #0
1000119e:	dbdf      	blt.n	10001160 <alarm_pool_irq_handler+0x270>
100011a0:	0021      	movs	r1, r4
100011a2:	e7ee      	b.n	10001182 <alarm_pool_irq_handler+0x292>
100011a4:	2800      	cmp	r0, #0
100011a6:	d100      	bne.n	100011aa <alarm_pool_irq_handler+0x2ba>
100011a8:	e73a      	b.n	10001020 <alarm_pool_irq_handler+0x130>
100011aa:	b003      	add	sp, #12
100011ac:	bcf0      	pop	{r4, r5, r6, r7}
100011ae:	46bb      	mov	fp, r7
100011b0:	46b2      	mov	sl, r6
100011b2:	46a9      	mov	r9, r5
100011b4:	46a0      	mov	r8, r4
100011b6:	bdf0      	pop	{r4, r5, r6, r7, pc}
100011b8:	20001b38 	.word	0x20001b38
100011bc:	40054000 	.word	0x40054000
100011c0:	4005703c 	.word	0x4005703c
100011c4:	10007464 	.word	0x10007464
100011c8:	10007564 	.word	0x10007564
100011cc:	10007490 	.word	0x10007490
100011d0:	10000ef1 	.word	0x10000ef1

100011d4 <alarm_pool_post_alloc_init>:
100011d4:	b5f8      	push	{r3, r4, r5, r6, r7, lr}
100011d6:	46ce      	mov	lr, r9
100011d8:	4647      	mov	r7, r8
100011da:	b580      	push	{r7, lr}
100011dc:	0006      	movs	r6, r0
100011de:	4688      	mov	r8, r1
100011e0:	4691      	mov	r9, r2
100011e2:	001f      	movs	r7, r3
100011e4:	60c1      	str	r1, [r0, #12]
100011e6:	f7ff fa7d 	bl	100006e4 <next_striped_spin_lock_num>
100011ea:	4b1b      	ldr	r3, [pc, #108]	; (10001258 <alarm_pool_post_alloc_init+0x84>)
100011ec:	469c      	mov	ip, r3
100011ee:	4460      	add	r0, ip
100011f0:	0080      	lsls	r0, r0, #2
100011f2:	6130      	str	r0, [r6, #16]
100011f4:	464b      	mov	r3, r9
100011f6:	7033      	strb	r3, [r6, #0]
100011f8:	b2bb      	uxth	r3, r7
100011fa:	8173      	strh	r3, [r6, #10]
100011fc:	22d0      	movs	r2, #208	; 0xd0
100011fe:	0612      	lsls	r2, r2, #24
10001200:	7812      	ldrb	r2, [r2, #0]
10001202:	7072      	strb	r2, [r6, #1]
10001204:	2201      	movs	r2, #1
10001206:	4252      	negs	r2, r2
10001208:	8132      	strh	r2, [r6, #8]
1000120a:	80b2      	strh	r2, [r6, #4]
1000120c:	189b      	adds	r3, r3, r2
1000120e:	8073      	strh	r3, [r6, #2]
10001210:	2400      	movs	r4, #0
10001212:	e006      	b.n	10001222 <alarm_pool_post_alloc_init+0x4e>
10001214:	1e63      	subs	r3, r4, #1
10001216:	0065      	lsls	r5, r4, #1
10001218:	192d      	adds	r5, r5, r4
1000121a:	00ed      	lsls	r5, r5, #3
1000121c:	6972      	ldr	r2, [r6, #20]
1000121e:	5353      	strh	r3, [r2, r5]
10001220:	3401      	adds	r4, #1
10001222:	42bc      	cmp	r4, r7
10001224:	d3f6      	bcc.n	10001214 <alarm_pool_post_alloc_init+0x40>
10001226:	464b      	mov	r3, r9
10001228:	009a      	lsls	r2, r3, #2
1000122a:	4b0c      	ldr	r3, [pc, #48]	; (1000125c <alarm_pool_post_alloc_init+0x88>)
1000122c:	50d6      	str	r6, [r2, r3]
1000122e:	2401      	movs	r4, #1
10001230:	464b      	mov	r3, r9
10001232:	409c      	lsls	r4, r3
10001234:	4643      	mov	r3, r8
10001236:	621c      	str	r4, [r3, #32]
10001238:	4909      	ldr	r1, [pc, #36]	; (10001260 <alarm_pool_post_alloc_init+0x8c>)
1000123a:	4648      	mov	r0, r9
1000123c:	f7ff fb32 	bl	100008a4 <irq_set_exclusive_handler>
10001240:	2101      	movs	r1, #1
10001242:	4648      	mov	r0, r9
10001244:	f7ff fb02 	bl	1000084c <irq_set_enabled>
10001248:	4906      	ldr	r1, [pc, #24]	; (10001264 <alarm_pool_post_alloc_init+0x90>)
1000124a:	4441      	add	r1, r8
1000124c:	600c      	str	r4, [r1, #0]
1000124e:	bcc0      	pop	{r6, r7}
10001250:	46b9      	mov	r9, r7
10001252:	46b0      	mov	r8, r6
10001254:	bdf8      	pop	{r3, r4, r5, r6, r7, pc}
10001256:	46c0      	nop			; (mov r8, r8)
10001258:	34000040 	.word	0x34000040
1000125c:	20001b38 	.word	0x20001b38
10001260:	10000ef1 	.word	0x10000ef1
10001264:	00002038 	.word	0x00002038

10001268 <alarm_pool_get_default>:
10001268:	b510      	push	{r4, lr}
1000126a:	4b06      	ldr	r3, [pc, #24]	; (10001284 <alarm_pool_get_default+0x1c>)
1000126c:	691b      	ldr	r3, [r3, #16]
1000126e:	2b00      	cmp	r3, #0
10001270:	d001      	beq.n	10001276 <alarm_pool_get_default+0xe>
10001272:	4804      	ldr	r0, [pc, #16]	; (10001284 <alarm_pool_get_default+0x1c>)
10001274:	bd10      	pop	{r4, pc}
10001276:	4b04      	ldr	r3, [pc, #16]	; (10001288 <alarm_pool_get_default+0x20>)
10001278:	4a04      	ldr	r2, [pc, #16]	; (1000128c <alarm_pool_get_default+0x24>)
1000127a:	2165      	movs	r1, #101	; 0x65
1000127c:	4804      	ldr	r0, [pc, #16]	; (10001290 <alarm_pool_get_default+0x28>)
1000127e:	f002 fd7d 	bl	10003d7c <__assert_func>
10001282:	46c0      	nop			; (mov r8, r8)
10001284:	20000c44 	.word	0x20000c44
10001288:	100074d8 	.word	0x100074d8
1000128c:	1000754c 	.word	0x1000754c
10001290:	10007490 	.word	0x10007490

10001294 <alarm_pool_add_alarm_at_force_in_context>:
10001294:	b5f0      	push	{r4, r5, r6, r7, lr}
10001296:	46c6      	mov	lr, r8
10001298:	b500      	push	{lr}
1000129a:	0004      	movs	r4, r0
1000129c:	6900      	ldr	r0, [r0, #16]
1000129e:	f3ef 8c10 	mrs	ip, PRIMASK
100012a2:	b672      	cpsid	i
100012a4:	6801      	ldr	r1, [r0, #0]
100012a6:	2900      	cmp	r1, #0
100012a8:	d0fc      	beq.n	100012a4 <alarm_pool_add_alarm_at_force_in_context+0x10>
100012aa:	f3bf 8f5f 	dmb	sy
100012ae:	2102      	movs	r1, #2
100012b0:	5e66      	ldrsh	r6, [r4, r1]
100012b2:	0075      	lsls	r5, r6, #1
100012b4:	19ad      	adds	r5, r5, r6
100012b6:	00ed      	lsls	r5, r5, #3
100012b8:	6961      	ldr	r1, [r4, #20]
100012ba:	4688      	mov	r8, r1
100012bc:	4445      	add	r5, r8
100012be:	2e00      	cmp	r6, #0
100012c0:	db02      	blt.n	100012c8 <alarm_pool_add_alarm_at_force_in_context+0x34>
100012c2:	2000      	movs	r0, #0
100012c4:	5e29      	ldrsh	r1, [r5, r0]
100012c6:	8061      	strh	r1, [r4, #2]
100012c8:	6921      	ldr	r1, [r4, #16]
100012ca:	f3bf 8f5f 	dmb	sy
100012ce:	2000      	movs	r0, #0
100012d0:	6008      	str	r0, [r1, #0]
100012d2:	f38c 8810 	msr	PRIMASK, ip
100012d6:	2e00      	cmp	r6, #0
100012d8:	db2e      	blt.n	10001338 <alarm_pool_add_alarm_at_force_in_context+0xa4>
100012da:	9906      	ldr	r1, [sp, #24]
100012dc:	6129      	str	r1, [r5, #16]
100012de:	9907      	ldr	r1, [sp, #28]
100012e0:	6169      	str	r1, [r5, #20]
100012e2:	60aa      	str	r2, [r5, #8]
100012e4:	60eb      	str	r3, [r5, #12]
100012e6:	886b      	ldrh	r3, [r5, #2]
100012e8:	3301      	adds	r3, #1
100012ea:	045b      	lsls	r3, r3, #17
100012ec:	0c59      	lsrs	r1, r3, #17
100012ee:	2b00      	cmp	r3, #0
100012f0:	d100      	bne.n	100012f4 <alarm_pool_add_alarm_at_force_in_context+0x60>
100012f2:	2101      	movs	r1, #1
100012f4:	8069      	strh	r1, [r5, #2]
100012f6:	0030      	movs	r0, r6
100012f8:	f7ff fdde 	bl	10000eb8 <make_alarm_id>
100012fc:	6922      	ldr	r2, [r4, #16]
100012fe:	f3ef 8110 	mrs	r1, PRIMASK
10001302:	b672      	cpsid	i
10001304:	6813      	ldr	r3, [r2, #0]
10001306:	2b00      	cmp	r3, #0
10001308:	d0fc      	beq.n	10001304 <alarm_pool_add_alarm_at_force_in_context+0x70>
1000130a:	f3bf 8f5f 	dmb	sy
1000130e:	88a3      	ldrh	r3, [r4, #4]
10001310:	802b      	strh	r3, [r5, #0]
10001312:	80a6      	strh	r6, [r4, #4]
10001314:	6923      	ldr	r3, [r4, #16]
10001316:	f3bf 8f5f 	dmb	sy
1000131a:	2200      	movs	r2, #0
1000131c:	601a      	str	r2, [r3, #0]
1000131e:	f381 8810 	msr	PRIMASK, r1
10001322:	68e3      	ldr	r3, [r4, #12]
10001324:	7821      	ldrb	r1, [r4, #0]
10001326:	3201      	adds	r2, #1
10001328:	408a      	lsls	r2, r1
1000132a:	4905      	ldr	r1, [pc, #20]	; (10001340 <alarm_pool_add_alarm_at_force_in_context+0xac>)
1000132c:	468c      	mov	ip, r1
1000132e:	4463      	add	r3, ip
10001330:	601a      	str	r2, [r3, #0]
10001332:	bc80      	pop	{r7}
10001334:	46b8      	mov	r8, r7
10001336:	bdf0      	pop	{r4, r5, r6, r7, pc}
10001338:	2001      	movs	r0, #1
1000133a:	4240      	negs	r0, r0
1000133c:	e7f9      	b.n	10001332 <alarm_pool_add_alarm_at_force_in_context+0x9e>
1000133e:	46c0      	nop			; (mov r8, r8)
10001340:	0000203c 	.word	0x0000203c

10001344 <alarm_pool_add_alarm_at>:
10001344:	b570      	push	{r4, r5, r6, lr}
10001346:	b082      	sub	sp, #8
10001348:	0006      	movs	r6, r0
1000134a:	0014      	movs	r4, r2
1000134c:	001d      	movs	r5, r3
1000134e:	ab08      	add	r3, sp, #32
10001350:	781b      	ldrb	r3, [r3, #0]
10001352:	2b00      	cmp	r3, #0
10001354:	d107      	bne.n	10001366 <alarm_pool_add_alarm_at+0x22>
10001356:	f000 f999 	bl	1000168c <time_us_64>
1000135a:	0022      	movs	r2, r4
1000135c:	002b      	movs	r3, r5
1000135e:	1a12      	subs	r2, r2, r0
10001360:	418b      	sbcs	r3, r1
10001362:	2b00      	cmp	r3, #0
10001364:	db0a      	blt.n	1000137c <alarm_pool_add_alarm_at+0x38>
10001366:	9b07      	ldr	r3, [sp, #28]
10001368:	9301      	str	r3, [sp, #4]
1000136a:	9b06      	ldr	r3, [sp, #24]
1000136c:	9300      	str	r3, [sp, #0]
1000136e:	0022      	movs	r2, r4
10001370:	002b      	movs	r3, r5
10001372:	0030      	movs	r0, r6
10001374:	f7ff ff8e 	bl	10001294 <alarm_pool_add_alarm_at_force_in_context>
10001378:	b002      	add	sp, #8
1000137a:	bd70      	pop	{r4, r5, r6, pc}
1000137c:	2000      	movs	r0, #0
1000137e:	e7fb      	b.n	10001378 <alarm_pool_add_alarm_at+0x34>

10001380 <alarm_pool_cancel_alarm>:
10001380:	b510      	push	{r4, lr}
10001382:	0003      	movs	r3, r0
10001384:	1408      	asrs	r0, r1, #16
10001386:	895a      	ldrh	r2, [r3, #10]
10001388:	4290      	cmp	r0, r2
1000138a:	da2f      	bge.n	100013ec <alarm_pool_cancel_alarm+0x6c>
1000138c:	0042      	lsls	r2, r0, #1
1000138e:	1812      	adds	r2, r2, r0
10001390:	00d2      	lsls	r2, r2, #3
10001392:	6958      	ldr	r0, [r3, #20]
10001394:	4684      	mov	ip, r0
10001396:	4462      	add	r2, ip
10001398:	691c      	ldr	r4, [r3, #16]
1000139a:	f3ef 8c10 	mrs	ip, PRIMASK
1000139e:	b672      	cpsid	i
100013a0:	6820      	ldr	r0, [r4, #0]
100013a2:	2800      	cmp	r0, #0
100013a4:	d0fc      	beq.n	100013a0 <alarm_pool_cancel_alarm+0x20>
100013a6:	f3bf 8f5f 	dmb	sy
100013aa:	8850      	ldrh	r0, [r2, #2]
100013ac:	b280      	uxth	r0, r0
100013ae:	0409      	lsls	r1, r1, #16
100013b0:	0c09      	lsrs	r1, r1, #16
100013b2:	4288      	cmp	r0, r1
100013b4:	d012      	beq.n	100013dc <alarm_pool_cancel_alarm+0x5c>
100013b6:	2000      	movs	r0, #0
100013b8:	691a      	ldr	r2, [r3, #16]
100013ba:	f3bf 8f5f 	dmb	sy
100013be:	2100      	movs	r1, #0
100013c0:	6011      	str	r1, [r2, #0]
100013c2:	f38c 8810 	msr	PRIMASK, ip
100013c6:	2800      	cmp	r0, #0
100013c8:	d011      	beq.n	100013ee <alarm_pool_cancel_alarm+0x6e>
100013ca:	68da      	ldr	r2, [r3, #12]
100013cc:	781b      	ldrb	r3, [r3, #0]
100013ce:	3101      	adds	r1, #1
100013d0:	4099      	lsls	r1, r3
100013d2:	4b07      	ldr	r3, [pc, #28]	; (100013f0 <alarm_pool_cancel_alarm+0x70>)
100013d4:	469c      	mov	ip, r3
100013d6:	4462      	add	r2, ip
100013d8:	6011      	str	r1, [r2, #0]
100013da:	e008      	b.n	100013ee <alarm_pool_cancel_alarm+0x6e>
100013dc:	4905      	ldr	r1, [pc, #20]	; (100013f4 <alarm_pool_cancel_alarm+0x74>)
100013de:	4308      	orrs	r0, r1
100013e0:	b280      	uxth	r0, r0
100013e2:	8050      	strh	r0, [r2, #2]
100013e4:	2201      	movs	r2, #1
100013e6:	719a      	strb	r2, [r3, #6]
100013e8:	2001      	movs	r0, #1
100013ea:	e7e5      	b.n	100013b8 <alarm_pool_cancel_alarm+0x38>
100013ec:	2000      	movs	r0, #0
100013ee:	bd10      	pop	{r4, pc}
100013f0:	0000203c 	.word	0x0000203c
100013f4:	ffff8000 	.word	0xffff8000

100013f8 <alarm_pool_core_num>:
100013f8:	7840      	ldrb	r0, [r0, #1]
100013fa:	4770      	bx	lr

100013fc <sleep_until>:
100013fc:	b5f0      	push	{r4, r5, r6, r7, lr}
100013fe:	b085      	sub	sp, #20
10001400:	0006      	movs	r6, r0
10001402:	000f      	movs	r7, r1
10001404:	f3ef 8305 	mrs	r3, IPSR
10001408:	2b00      	cmp	r3, #0
1000140a:	d11a      	bne.n	10001442 <sleep_until+0x46>
1000140c:	2406      	movs	r4, #6
1000140e:	4264      	negs	r4, r4
10001410:	17e5      	asrs	r5, r4, #31
10001412:	19a4      	adds	r4, r4, r6
10001414:	417d      	adcs	r5, r7
10001416:	428d      	cmp	r5, r1
10001418:	d802      	bhi.n	10001420 <sleep_until+0x24>
1000141a:	d103      	bne.n	10001424 <sleep_until+0x28>
1000141c:	4284      	cmp	r4, r0
1000141e:	d901      	bls.n	10001424 <sleep_until+0x28>
10001420:	2400      	movs	r4, #0
10001422:	2500      	movs	r5, #0
10001424:	f000 f932 	bl	1000168c <time_us_64>
10001428:	0022      	movs	r2, r4
1000142a:	002b      	movs	r3, r5
1000142c:	1a12      	subs	r2, r2, r0
1000142e:	418b      	sbcs	r3, r1
10001430:	2b00      	cmp	r3, #0
10001432:	dc0b      	bgt.n	1000144c <sleep_until+0x50>
10001434:	d008      	beq.n	10001448 <sleep_until+0x4c>
10001436:	0030      	movs	r0, r6
10001438:	0039      	movs	r1, r7
1000143a:	f000 f939 	bl	100016b0 <busy_wait_until>
1000143e:	b005      	add	sp, #20
10001440:	bdf0      	pop	{r4, r5, r6, r7, pc}
10001442:	481c      	ldr	r0, [pc, #112]	; (100014b4 <sleep_until+0xb8>)
10001444:	f7ff f8de 	bl	10000604 <panic>
10001448:	2a00      	cmp	r2, #0
1000144a:	d0f4      	beq.n	10001436 <sleep_until+0x3a>
1000144c:	f7ff ff0c 	bl	10001268 <alarm_pool_get_default>
10001450:	2300      	movs	r3, #0
10001452:	9302      	str	r3, [sp, #8]
10001454:	9301      	str	r3, [sp, #4]
10001456:	4b18      	ldr	r3, [pc, #96]	; (100014b8 <sleep_until+0xbc>)
10001458:	9300      	str	r3, [sp, #0]
1000145a:	0022      	movs	r2, r4
1000145c:	002b      	movs	r3, r5
1000145e:	f7ff ff71 	bl	10001344 <alarm_pool_add_alarm_at>
10001462:	2800      	cmp	r0, #0
10001464:	da18      	bge.n	10001498 <sleep_until+0x9c>
10001466:	e7e6      	b.n	10001436 <sleep_until+0x3a>
10001468:	2300      	movs	r3, #0
1000146a:	e000      	b.n	1000146e <sleep_until+0x72>
1000146c:	2300      	movs	r3, #0
1000146e:	2b00      	cmp	r3, #0
10001470:	d1e1      	bne.n	10001436 <sleep_until+0x3a>
10001472:	4b12      	ldr	r3, [pc, #72]	; (100014bc <sleep_until+0xc0>)
10001474:	681a      	ldr	r2, [r3, #0]
10001476:	f3ef 8110 	mrs	r1, PRIMASK
1000147a:	b672      	cpsid	i
1000147c:	6813      	ldr	r3, [r2, #0]
1000147e:	2b00      	cmp	r3, #0
10001480:	d0fc      	beq.n	1000147c <sleep_until+0x80>
10001482:	f3bf 8f5f 	dmb	sy
10001486:	4b0d      	ldr	r3, [pc, #52]	; (100014bc <sleep_until+0xc0>)
10001488:	681b      	ldr	r3, [r3, #0]
1000148a:	f3bf 8f5f 	dmb	sy
1000148e:	2200      	movs	r2, #0
10001490:	601a      	str	r2, [r3, #0]
10001492:	f381 8810 	msr	PRIMASK, r1
10001496:	bf20      	wfe
10001498:	4b09      	ldr	r3, [pc, #36]	; (100014c0 <sleep_until+0xc4>)
1000149a:	6a5b      	ldr	r3, [r3, #36]	; 0x24
1000149c:	429d      	cmp	r5, r3
1000149e:	d8e5      	bhi.n	1000146c <sleep_until+0x70>
100014a0:	4907      	ldr	r1, [pc, #28]	; (100014c0 <sleep_until+0xc4>)
100014a2:	6a89      	ldr	r1, [r1, #40]	; 0x28
100014a4:	42a1      	cmp	r1, r4
100014a6:	d203      	bcs.n	100014b0 <sleep_until+0xb4>
100014a8:	429d      	cmp	r5, r3
100014aa:	d0dd      	beq.n	10001468 <sleep_until+0x6c>
100014ac:	2301      	movs	r3, #1
100014ae:	e7de      	b.n	1000146e <sleep_until+0x72>
100014b0:	2301      	movs	r3, #1
100014b2:	e7dc      	b.n	1000146e <sleep_until+0x72>
100014b4:	100074fc 	.word	0x100074fc
100014b8:	10000ec1 	.word	0x10000ec1
100014bc:	20001d54 	.word	0x20001d54
100014c0:	40054000 	.word	0x40054000

100014c4 <sleep_us>:
100014c4:	b570      	push	{r4, r5, r6, lr}
100014c6:	0004      	movs	r4, r0
100014c8:	000d      	movs	r5, r1
100014ca:	f000 f8df 	bl	1000168c <time_us_64>
100014ce:	1900      	adds	r0, r0, r4
100014d0:	4169      	adcs	r1, r5
100014d2:	2900      	cmp	r1, #0
100014d4:	db02      	blt.n	100014dc <sleep_us+0x18>
100014d6:	f7ff ff91 	bl	100013fc <sleep_until>
100014da:	bd70      	pop	{r4, r5, r6, pc}
100014dc:	2001      	movs	r0, #1
100014de:	4240      	negs	r0, r0
100014e0:	4900      	ldr	r1, [pc, #0]	; (100014e4 <sleep_us+0x20>)
100014e2:	e7f8      	b.n	100014d6 <sleep_us+0x12>
100014e4:	7fffffff 	.word	0x7fffffff

100014e8 <sleep_ms>:
100014e8:	b510      	push	{r4, lr}
100014ea:	22fa      	movs	r2, #250	; 0xfa
100014ec:	0092      	lsls	r2, r2, #2
100014ee:	2300      	movs	r3, #0
100014f0:	2100      	movs	r1, #0
100014f2:	f001 fabf 	bl	10002a74 <__wrap___aeabi_lmul>
100014f6:	f7ff ffe5 	bl	100014c4 <sleep_us>
100014fa:	bd10      	pop	{r4, pc}

100014fc <best_effort_wfe_or_timeout>:
100014fc:	b570      	push	{r4, r5, r6, lr}
100014fe:	b084      	sub	sp, #16
10001500:	0005      	movs	r5, r0
10001502:	000c      	movs	r4, r1
10001504:	f3ef 8305 	mrs	r3, IPSR
10001508:	2b00      	cmp	r3, #0
1000150a:	d012      	beq.n	10001532 <best_effort_wfe_or_timeout+0x36>
1000150c:	4b2f      	ldr	r3, [pc, #188]	; (100015cc <best_effort_wfe_or_timeout+0xd0>)
1000150e:	6a5b      	ldr	r3, [r3, #36]	; 0x24
10001510:	4299      	cmp	r1, r3
10001512:	d809      	bhi.n	10001528 <best_effort_wfe_or_timeout+0x2c>
10001514:	4a2d      	ldr	r2, [pc, #180]	; (100015cc <best_effort_wfe_or_timeout+0xd0>)
10001516:	6a92      	ldr	r2, [r2, #40]	; 0x28
10001518:	4282      	cmp	r2, r0
1000151a:	d208      	bcs.n	1000152e <best_effort_wfe_or_timeout+0x32>
1000151c:	4299      	cmp	r1, r3
1000151e:	d001      	beq.n	10001524 <best_effort_wfe_or_timeout+0x28>
10001520:	2001      	movs	r0, #1
10001522:	e002      	b.n	1000152a <best_effort_wfe_or_timeout+0x2e>
10001524:	2000      	movs	r0, #0
10001526:	e000      	b.n	1000152a <best_effort_wfe_or_timeout+0x2e>
10001528:	2000      	movs	r0, #0
1000152a:	b004      	add	sp, #16
1000152c:	bd70      	pop	{r4, r5, r6, pc}
1000152e:	2001      	movs	r0, #1
10001530:	e7fb      	b.n	1000152a <best_effort_wfe_or_timeout+0x2e>
10001532:	f7ff fe99 	bl	10001268 <alarm_pool_get_default>
10001536:	2300      	movs	r3, #0
10001538:	9302      	str	r3, [sp, #8]
1000153a:	9301      	str	r3, [sp, #4]
1000153c:	4b24      	ldr	r3, [pc, #144]	; (100015d0 <best_effort_wfe_or_timeout+0xd4>)
1000153e:	9300      	str	r3, [sp, #0]
10001540:	002a      	movs	r2, r5
10001542:	0023      	movs	r3, r4
10001544:	f7ff fefe 	bl	10001344 <alarm_pool_add_alarm_at>
10001548:	1e06      	subs	r6, r0, #0
1000154a:	dd0d      	ble.n	10001568 <best_effort_wfe_or_timeout+0x6c>
1000154c:	bf40      	sev
1000154e:	bf20      	wfe
10001550:	4b1e      	ldr	r3, [pc, #120]	; (100015cc <best_effort_wfe_or_timeout+0xd0>)
10001552:	6a5b      	ldr	r3, [r3, #36]	; 0x24
10001554:	429c      	cmp	r4, r3
10001556:	d81b      	bhi.n	10001590 <best_effort_wfe_or_timeout+0x94>
10001558:	4a1c      	ldr	r2, [pc, #112]	; (100015cc <best_effort_wfe_or_timeout+0xd0>)
1000155a:	6a92      	ldr	r2, [r2, #40]	; 0x28
1000155c:	42aa      	cmp	r2, r5
1000155e:	d22c      	bcs.n	100015ba <best_effort_wfe_or_timeout+0xbe>
10001560:	429c      	cmp	r4, r3
10001562:	d013      	beq.n	1000158c <best_effort_wfe_or_timeout+0x90>
10001564:	2301      	movs	r3, #1
10001566:	e014      	b.n	10001592 <best_effort_wfe_or_timeout+0x96>
10001568:	4b18      	ldr	r3, [pc, #96]	; (100015cc <best_effort_wfe_or_timeout+0xd0>)
1000156a:	6a5b      	ldr	r3, [r3, #36]	; 0x24
1000156c:	429c      	cmp	r4, r3
1000156e:	d809      	bhi.n	10001584 <best_effort_wfe_or_timeout+0x88>
10001570:	4a16      	ldr	r2, [pc, #88]	; (100015cc <best_effort_wfe_or_timeout+0xd0>)
10001572:	6a92      	ldr	r2, [r2, #40]	; 0x28
10001574:	42aa      	cmp	r2, r5
10001576:	d207      	bcs.n	10001588 <best_effort_wfe_or_timeout+0x8c>
10001578:	429c      	cmp	r4, r3
1000157a:	d001      	beq.n	10001580 <best_effort_wfe_or_timeout+0x84>
1000157c:	2001      	movs	r0, #1
1000157e:	e7d4      	b.n	1000152a <best_effort_wfe_or_timeout+0x2e>
10001580:	2000      	movs	r0, #0
10001582:	e7d2      	b.n	1000152a <best_effort_wfe_or_timeout+0x2e>
10001584:	2000      	movs	r0, #0
10001586:	e7d0      	b.n	1000152a <best_effort_wfe_or_timeout+0x2e>
10001588:	2001      	movs	r0, #1
1000158a:	e7ce      	b.n	1000152a <best_effort_wfe_or_timeout+0x2e>
1000158c:	2300      	movs	r3, #0
1000158e:	e000      	b.n	10001592 <best_effort_wfe_or_timeout+0x96>
10001590:	2300      	movs	r3, #0
10001592:	2b00      	cmp	r3, #0
10001594:	d100      	bne.n	10001598 <best_effort_wfe_or_timeout+0x9c>
10001596:	bf20      	wfe
10001598:	f7ff fe66 	bl	10001268 <alarm_pool_get_default>
1000159c:	0031      	movs	r1, r6
1000159e:	f7ff feef 	bl	10001380 <alarm_pool_cancel_alarm>
100015a2:	4b0a      	ldr	r3, [pc, #40]	; (100015cc <best_effort_wfe_or_timeout+0xd0>)
100015a4:	6a5b      	ldr	r3, [r3, #36]	; 0x24
100015a6:	429c      	cmp	r4, r3
100015a8:	d80b      	bhi.n	100015c2 <best_effort_wfe_or_timeout+0xc6>
100015aa:	4a08      	ldr	r2, [pc, #32]	; (100015cc <best_effort_wfe_or_timeout+0xd0>)
100015ac:	6a92      	ldr	r2, [r2, #40]	; 0x28
100015ae:	42aa      	cmp	r2, r5
100015b0:	d209      	bcs.n	100015c6 <best_effort_wfe_or_timeout+0xca>
100015b2:	429c      	cmp	r4, r3
100015b4:	d003      	beq.n	100015be <best_effort_wfe_or_timeout+0xc2>
100015b6:	2001      	movs	r0, #1
100015b8:	e7b7      	b.n	1000152a <best_effort_wfe_or_timeout+0x2e>
100015ba:	2301      	movs	r3, #1
100015bc:	e7e9      	b.n	10001592 <best_effort_wfe_or_timeout+0x96>
100015be:	2000      	movs	r0, #0
100015c0:	e7b3      	b.n	1000152a <best_effort_wfe_or_timeout+0x2e>
100015c2:	2000      	movs	r0, #0
100015c4:	e7b1      	b.n	1000152a <best_effort_wfe_or_timeout+0x2e>
100015c6:	2001      	movs	r0, #1
100015c8:	e7af      	b.n	1000152a <best_effort_wfe_or_timeout+0x2e>
100015ca:	46c0      	nop			; (mov r8, r8)
100015cc:	40054000 	.word	0x40054000
100015d0:	10000ec1 	.word	0x10000ec1

100015d4 <alarm_pool_get_default_timer>:
100015d4:	4800      	ldr	r0, [pc, #0]	; (100015d8 <alarm_pool_get_default_timer+0x4>)
100015d6:	4770      	bx	lr
100015d8:	40054000 	.word	0x40054000

100015dc <runtime_init_default_alarm_pool>:
100015dc:	b510      	push	{r4, lr}
100015de:	4b0b      	ldr	r3, [pc, #44]	; (1000160c <runtime_init_default_alarm_pool+0x30>)
100015e0:	691b      	ldr	r3, [r3, #16]
100015e2:	2b00      	cmp	r3, #0
100015e4:	d004      	beq.n	100015f0 <runtime_init_default_alarm_pool+0x14>
100015e6:	210a      	movs	r1, #10
100015e8:	4809      	ldr	r0, [pc, #36]	; (10001610 <runtime_init_default_alarm_pool+0x34>)
100015ea:	f7ff fc07 	bl	10000dfc <lock_init>
100015ee:	bd10      	pop	{r4, pc}
100015f0:	f7ff fff0 	bl	100015d4 <alarm_pool_get_default_timer>
100015f4:	0004      	movs	r4, r0
100015f6:	2103      	movs	r1, #3
100015f8:	f000 f80c 	bl	10001614 <timer_hardware_alarm_claim>
100015fc:	2310      	movs	r3, #16
100015fe:	2203      	movs	r2, #3
10001600:	0021      	movs	r1, r4
10001602:	4802      	ldr	r0, [pc, #8]	; (1000160c <runtime_init_default_alarm_pool+0x30>)
10001604:	f7ff fde6 	bl	100011d4 <alarm_pool_post_alloc_init>
10001608:	e7ed      	b.n	100015e6 <runtime_init_default_alarm_pool+0xa>
1000160a:	46c0      	nop			; (mov r8, r8)
1000160c:	20000c44 	.word	0x20000c44
10001610:	20001d54 	.word	0x20001d54

10001614 <timer_hardware_alarm_claim>:
10001614:	b510      	push	{r4, lr}
10001616:	4a02      	ldr	r2, [pc, #8]	; (10001620 <timer_hardware_alarm_claim+0xc>)
10001618:	4802      	ldr	r0, [pc, #8]	; (10001624 <timer_hardware_alarm_claim+0x10>)
1000161a:	f7ff f821 	bl	10000660 <hw_claim_or_assert>
1000161e:	bd10      	pop	{r4, pc}
10001620:	1000757c 	.word	0x1000757c
10001624:	200016c8 	.word	0x200016c8

10001628 <timer_time_us_64>:
10001628:	0002      	movs	r2, r0
1000162a:	6a43      	ldr	r3, [r0, #36]	; 0x24
1000162c:	6a90      	ldr	r0, [r2, #40]	; 0x28
1000162e:	0019      	movs	r1, r3
10001630:	6a53      	ldr	r3, [r2, #36]	; 0x24
10001632:	4299      	cmp	r1, r3
10001634:	d1fa      	bne.n	1000162c <timer_time_us_64+0x4>
10001636:	4770      	bx	lr

10001638 <timer_busy_wait_until>:
10001638:	6a41      	ldr	r1, [r0, #36]	; 0x24
1000163a:	e000      	b.n	1000163e <timer_busy_wait_until+0x6>
1000163c:	6a41      	ldr	r1, [r0, #36]	; 0x24
1000163e:	4299      	cmp	r1, r3
10001640:	d3fc      	bcc.n	1000163c <timer_busy_wait_until+0x4>
10001642:	e000      	b.n	10001646 <timer_busy_wait_until+0xe>
10001644:	6a41      	ldr	r1, [r0, #36]	; 0x24
10001646:	4299      	cmp	r1, r3
10001648:	d102      	bne.n	10001650 <timer_busy_wait_until+0x18>
1000164a:	6a81      	ldr	r1, [r0, #40]	; 0x28
1000164c:	4291      	cmp	r1, r2
1000164e:	d3f9      	bcc.n	10001644 <timer_busy_wait_until+0xc>
10001650:	4770      	bx	lr

10001652 <timer_busy_wait_us>:
10001652:	b5f0      	push	{r4, r5, r6, r7, lr}
10001654:	46c6      	mov	lr, r8
10001656:	b500      	push	{lr}
10001658:	4680      	mov	r8, r0
1000165a:	0014      	movs	r4, r2
1000165c:	001d      	movs	r5, r3
1000165e:	f7ff ffe3 	bl	10001628 <timer_time_us_64>
10001662:	0006      	movs	r6, r0
10001664:	000f      	movs	r7, r1
10001666:	0022      	movs	r2, r4
10001668:	002b      	movs	r3, r5
1000166a:	1992      	adds	r2, r2, r6
1000166c:	417b      	adcs	r3, r7
1000166e:	4299      	cmp	r1, r3
10001670:	d802      	bhi.n	10001678 <timer_busy_wait_us+0x26>
10001672:	d104      	bne.n	1000167e <timer_busy_wait_us+0x2c>
10001674:	4290      	cmp	r0, r2
10001676:	d902      	bls.n	1000167e <timer_busy_wait_us+0x2c>
10001678:	2201      	movs	r2, #1
1000167a:	4252      	negs	r2, r2
1000167c:	17d3      	asrs	r3, r2, #31
1000167e:	4640      	mov	r0, r8
10001680:	f7ff ffda 	bl	10001638 <timer_busy_wait_until>
10001684:	bc80      	pop	{r7}
10001686:	46b8      	mov	r8, r7
10001688:	bdf0      	pop	{r4, r5, r6, r7, pc}
	...

1000168c <time_us_64>:
1000168c:	b510      	push	{r4, lr}
1000168e:	4802      	ldr	r0, [pc, #8]	; (10001698 <time_us_64+0xc>)
10001690:	f7ff ffca 	bl	10001628 <timer_time_us_64>
10001694:	bd10      	pop	{r4, pc}
10001696:	46c0      	nop			; (mov r8, r8)
10001698:	40054000 	.word	0x40054000

1000169c <busy_wait_us>:
1000169c:	b510      	push	{r4, lr}
1000169e:	0002      	movs	r2, r0
100016a0:	000b      	movs	r3, r1
100016a2:	4802      	ldr	r0, [pc, #8]	; (100016ac <busy_wait_us+0x10>)
100016a4:	f7ff ffd5 	bl	10001652 <timer_busy_wait_us>
100016a8:	bd10      	pop	{r4, pc}
100016aa:	46c0      	nop			; (mov r8, r8)
100016ac:	40054000 	.word	0x40054000

100016b0 <busy_wait_until>:
100016b0:	b510      	push	{r4, lr}
100016b2:	0002      	movs	r2, r0
100016b4:	000b      	movs	r3, r1
100016b6:	4802      	ldr	r0, [pc, #8]	; (100016c0 <busy_wait_until+0x10>)
100016b8:	f7ff ffbe 	bl	10001638 <timer_busy_wait_until>
100016bc:	bd10      	pop	{r4, pc}
100016be:	46c0      	nop			; (mov r8, r8)
100016c0:	40054000 	.word	0x40054000

100016c4 <uart_disable_before_lcr_write>:
100016c4:	b570      	push	{r4, r5, r6, lr}
100016c6:	6b04      	ldr	r4, [r0, #48]	; 0x30
100016c8:	07e3      	lsls	r3, r4, #31
100016ca:	d401      	bmi.n	100016d0 <uart_disable_before_lcr_write+0xc>
100016cc:	0020      	movs	r0, r4
100016ce:	bd70      	pop	{r4, r5, r6, pc}
100016d0:	4b0b      	ldr	r3, [pc, #44]	; (10001700 <uart_disable_before_lcr_write+0x3c>)
100016d2:	18c3      	adds	r3, r0, r3
100016d4:	4a0b      	ldr	r2, [pc, #44]	; (10001704 <uart_disable_before_lcr_write+0x40>)
100016d6:	601a      	str	r2, [r3, #0]
100016d8:	6a45      	ldr	r5, [r0, #36]	; 0x24
100016da:	6a82      	ldr	r2, [r0, #40]	; 0x28
100016dc:	01ad      	lsls	r5, r5, #6
100016de:	18ad      	adds	r5, r5, r2
100016e0:	02ad      	lsls	r5, r5, #10
100016e2:	2006      	movs	r0, #6
100016e4:	f000 f926 	bl	10001934 <clock_get_hz>
100016e8:	4907      	ldr	r1, [pc, #28]	; (10001708 <uart_disable_before_lcr_write+0x44>)
100016ea:	f000 fb89 	bl	10001e00 <__wrap___aeabi_uidiv>
100016ee:	0001      	movs	r1, r0
100016f0:	0028      	movs	r0, r5
100016f2:	f000 fb85 	bl	10001e00 <__wrap___aeabi_uidiv>
100016f6:	2100      	movs	r1, #0
100016f8:	f7ff ffd0 	bl	1000169c <busy_wait_us>
100016fc:	e7e6      	b.n	100016cc <uart_disable_before_lcr_write+0x8>
100016fe:	46c0      	nop			; (mov r8, r8)
10001700:	00003030 	.word	0x00003030
10001704:	00000301 	.word	0x00000301
10001708:	00000e4e 	.word	0x00000e4e

1000170c <uart_write_lcr_bits_masked>:
1000170c:	b570      	push	{r4, r5, r6, lr}
1000170e:	0004      	movs	r4, r0
10001710:	000e      	movs	r6, r1
10001712:	0015      	movs	r5, r2
10001714:	f7ff ffd6 	bl	100016c4 <uart_disable_before_lcr_write>
10001718:	6ae1      	ldr	r1, [r4, #44]	; 0x2c
1000171a:	404e      	eors	r6, r1
1000171c:	4035      	ands	r5, r6
1000171e:	4b02      	ldr	r3, [pc, #8]	; (10001728 <uart_write_lcr_bits_masked+0x1c>)
10001720:	18e3      	adds	r3, r4, r3
10001722:	601d      	str	r5, [r3, #0]
10001724:	6320      	str	r0, [r4, #48]	; 0x30
10001726:	bd70      	pop	{r4, r5, r6, pc}
10001728:	0000102c 	.word	0x0000102c

1000172c <uart_set_baudrate>:
1000172c:	b570      	push	{r4, r5, r6, lr}
1000172e:	0005      	movs	r5, r0
10001730:	000c      	movs	r4, r1
10001732:	2006      	movs	r0, #6
10001734:	f000 f8fe 	bl	10001934 <clock_get_hz>
10001738:	00c0      	lsls	r0, r0, #3
1000173a:	0021      	movs	r1, r4
1000173c:	f000 fb60 	bl	10001e00 <__wrap___aeabi_uidiv>
10001740:	3001      	adds	r0, #1
10001742:	09c6      	lsrs	r6, r0, #7
10001744:	d007      	beq.n	10001756 <uart_set_baudrate+0x2a>
10001746:	4b0e      	ldr	r3, [pc, #56]	; (10001780 <uart_set_baudrate+0x54>)
10001748:	429e      	cmp	r6, r3
1000174a:	d815      	bhi.n	10001778 <uart_set_baudrate+0x4c>
1000174c:	0840      	lsrs	r0, r0, #1
1000174e:	0034      	movs	r4, r6
10001750:	263f      	movs	r6, #63	; 0x3f
10001752:	4006      	ands	r6, r0
10001754:	e000      	b.n	10001758 <uart_set_baudrate+0x2c>
10001756:	2401      	movs	r4, #1
10001758:	626c      	str	r4, [r5, #36]	; 0x24
1000175a:	62ae      	str	r6, [r5, #40]	; 0x28
1000175c:	2200      	movs	r2, #0
1000175e:	2100      	movs	r1, #0
10001760:	0028      	movs	r0, r5
10001762:	f7ff ffd3 	bl	1000170c <uart_write_lcr_bits_masked>
10001766:	2006      	movs	r0, #6
10001768:	f000 f8e4 	bl	10001934 <clock_get_hz>
1000176c:	0080      	lsls	r0, r0, #2
1000176e:	01a1      	lsls	r1, r4, #6
10001770:	1989      	adds	r1, r1, r6
10001772:	f000 fb45 	bl	10001e00 <__wrap___aeabi_uidiv>
10001776:	bd70      	pop	{r4, r5, r6, pc}
10001778:	2600      	movs	r6, #0
1000177a:	4c02      	ldr	r4, [pc, #8]	; (10001784 <uart_set_baudrate+0x58>)
1000177c:	e7ec      	b.n	10001758 <uart_set_baudrate+0x2c>
1000177e:	46c0      	nop			; (mov r8, r8)
10001780:	0000fffe 	.word	0x0000fffe
10001784:	0000ffff 	.word	0x0000ffff

10001788 <uart_set_translate_crlf>:
10001788:	2900      	cmp	r1, #0
1000178a:	d009      	beq.n	100017a0 <uart_set_translate_crlf+0x18>
1000178c:	220a      	movs	r2, #10
1000178e:	4b06      	ldr	r3, [pc, #24]	; (100017a8 <uart_set_translate_crlf+0x20>)
10001790:	469c      	mov	ip, r3
10001792:	4460      	add	r0, ip
10001794:	4243      	negs	r3, r0
10001796:	4158      	adcs	r0, r3
10001798:	0040      	lsls	r0, r0, #1
1000179a:	4b04      	ldr	r3, [pc, #16]	; (100017ac <uart_set_translate_crlf+0x24>)
1000179c:	52c2      	strh	r2, [r0, r3]
1000179e:	4770      	bx	lr
100017a0:	2280      	movs	r2, #128	; 0x80
100017a2:	0052      	lsls	r2, r2, #1
100017a4:	e7f3      	b.n	1000178e <uart_set_translate_crlf+0x6>
100017a6:	46c0      	nop			; (mov r8, r8)
100017a8:	bffc8000 	.word	0xbffc8000
100017ac:	20001d60 	.word	0x20001d60

100017b0 <uart_init>:
100017b0:	b570      	push	{r4, r5, r6, lr}
100017b2:	0005      	movs	r5, r0
100017b4:	000c      	movs	r4, r1
100017b6:	2006      	movs	r0, #6
100017b8:	f000 f8bc 	bl	10001934 <clock_get_hz>
100017bc:	2800      	cmp	r0, #0
100017be:	d028      	beq.n	10001812 <uart_init+0x62>
100017c0:	4b16      	ldr	r3, [pc, #88]	; (1000181c <uart_init+0x6c>)
100017c2:	429d      	cmp	r5, r3
100017c4:	d026      	beq.n	10001814 <uart_init+0x64>
100017c6:	2216      	movs	r2, #22
100017c8:	2301      	movs	r3, #1
100017ca:	4093      	lsls	r3, r2
100017cc:	4a14      	ldr	r2, [pc, #80]	; (10001820 <uart_init+0x70>)
100017ce:	6013      	str	r3, [r2, #0]
100017d0:	4b12      	ldr	r3, [pc, #72]	; (1000181c <uart_init+0x6c>)
100017d2:	429d      	cmp	r5, r3
100017d4:	d020      	beq.n	10001818 <uart_init+0x68>
100017d6:	2316      	movs	r3, #22
100017d8:	2201      	movs	r2, #1
100017da:	409a      	lsls	r2, r3
100017dc:	4b11      	ldr	r3, [pc, #68]	; (10001824 <uart_init+0x74>)
100017de:	601a      	str	r2, [r3, #0]
100017e0:	4b11      	ldr	r3, [pc, #68]	; (10001828 <uart_init+0x78>)
100017e2:	681b      	ldr	r3, [r3, #0]
100017e4:	0011      	movs	r1, r2
100017e6:	4399      	bics	r1, r3
100017e8:	d1fa      	bne.n	100017e0 <uart_init+0x30>
100017ea:	2100      	movs	r1, #0
100017ec:	0028      	movs	r0, r5
100017ee:	f7ff ffcb 	bl	10001788 <uart_set_translate_crlf>
100017f2:	0021      	movs	r1, r4
100017f4:	0028      	movs	r0, r5
100017f6:	f7ff ff99 	bl	1000172c <uart_set_baudrate>
100017fa:	6aeb      	ldr	r3, [r5, #44]	; 0x2c
100017fc:	2270      	movs	r2, #112	; 0x70
100017fe:	405a      	eors	r2, r3
10001800:	237e      	movs	r3, #126	; 0x7e
10001802:	4013      	ands	r3, r2
10001804:	4a09      	ldr	r2, [pc, #36]	; (1000182c <uart_init+0x7c>)
10001806:	18aa      	adds	r2, r5, r2
10001808:	6013      	str	r3, [r2, #0]
1000180a:	4b09      	ldr	r3, [pc, #36]	; (10001830 <uart_init+0x80>)
1000180c:	632b      	str	r3, [r5, #48]	; 0x30
1000180e:	2303      	movs	r3, #3
10001810:	64ab      	str	r3, [r5, #72]	; 0x48
10001812:	bd70      	pop	{r4, r5, r6, pc}
10001814:	2217      	movs	r2, #23
10001816:	e7d7      	b.n	100017c8 <uart_init+0x18>
10001818:	2317      	movs	r3, #23
1000181a:	e7dd      	b.n	100017d8 <uart_init+0x28>
1000181c:	40038000 	.word	0x40038000
10001820:	4000e000 	.word	0x4000e000
10001824:	4000f000 	.word	0x4000f000
10001828:	4000c008 	.word	0x4000c008
1000182c:	0000102c 	.word	0x0000102c
10001830:	00000301 	.word	0x00000301

10001834 <clock_configure_internal>:
10001834:	b5f8      	push	{r3, r4, r5, r6, r7, lr}
10001836:	46d6      	mov	lr, sl
10001838:	4647      	mov	r7, r8
1000183a:	b580      	push	{r7, lr}
1000183c:	0006      	movs	r6, r0
1000183e:	000d      	movs	r5, r1
10001840:	0017      	movs	r7, r2
10001842:	4698      	mov	r8, r3
10001844:	0044      	lsls	r4, r0, #1
10001846:	1824      	adds	r4, r4, r0
10001848:	00a4      	lsls	r4, r4, #2
1000184a:	4b29      	ldr	r3, [pc, #164]	; (100018f0 <clock_configure_internal+0xbc>)
1000184c:	469c      	mov	ip, r3
1000184e:	4464      	add	r4, ip
10001850:	6863      	ldr	r3, [r4, #4]
10001852:	9a08      	ldr	r2, [sp, #32]
10001854:	4293      	cmp	r3, r2
10001856:	d200      	bcs.n	1000185a <clock_configure_internal+0x26>
10001858:	6062      	str	r2, [r4, #4]
1000185a:	1f33      	subs	r3, r6, #4
1000185c:	b2db      	uxtb	r3, r3
1000185e:	469a      	mov	sl, r3
10001860:	2b01      	cmp	r3, #1
10001862:	d92e      	bls.n	100018c2 <clock_configure_internal+0x8e>
10001864:	2280      	movs	r2, #128	; 0x80
10001866:	0112      	lsls	r2, r2, #4
10001868:	23c0      	movs	r3, #192	; 0xc0
1000186a:	019b      	lsls	r3, r3, #6
1000186c:	18e3      	adds	r3, r4, r3
1000186e:	601a      	str	r2, [r3, #0]
10001870:	00b3      	lsls	r3, r6, #2
10001872:	4a20      	ldr	r2, [pc, #128]	; (100018f4 <clock_configure_internal+0xc0>)
10001874:	5899      	ldr	r1, [r3, r2]
10001876:	2900      	cmp	r1, #0
10001878:	d007      	beq.n	1000188a <clock_configure_internal+0x56>
1000187a:	6950      	ldr	r0, [r2, #20]
1000187c:	f000 fac0 	bl	10001e00 <__wrap___aeabi_uidiv>
10001880:	1c43      	adds	r3, r0, #1
10001882:	0058      	lsls	r0, r3, #1
10001884:	18c0      	adds	r0, r0, r3
10001886:	3803      	subs	r0, #3
10001888:	d2fd      	bcs.n	10001886 <clock_configure_internal+0x52>
1000188a:	017f      	lsls	r7, r7, #5
1000188c:	6822      	ldr	r2, [r4, #0]
1000188e:	4057      	eors	r7, r2
10001890:	22e0      	movs	r2, #224	; 0xe0
10001892:	4017      	ands	r7, r2
10001894:	2380      	movs	r3, #128	; 0x80
10001896:	015b      	lsls	r3, r3, #5
10001898:	18e3      	adds	r3, r4, r3
1000189a:	601f      	str	r7, [r3, #0]
1000189c:	4652      	mov	r2, sl
1000189e:	2a01      	cmp	r2, #1
100018a0:	d91a      	bls.n	100018d8 <clock_configure_internal+0xa4>
100018a2:	2380      	movs	r3, #128	; 0x80
100018a4:	019b      	lsls	r3, r3, #6
100018a6:	18e3      	adds	r3, r4, r3
100018a8:	2280      	movs	r2, #128	; 0x80
100018aa:	0112      	lsls	r2, r2, #4
100018ac:	601a      	str	r2, [r3, #0]
100018ae:	9b08      	ldr	r3, [sp, #32]
100018b0:	6063      	str	r3, [r4, #4]
100018b2:	00b6      	lsls	r6, r6, #2
100018b4:	4b0f      	ldr	r3, [pc, #60]	; (100018f4 <clock_configure_internal+0xc0>)
100018b6:	4642      	mov	r2, r8
100018b8:	50f2      	str	r2, [r6, r3]
100018ba:	bcc0      	pop	{r6, r7}
100018bc:	46ba      	mov	sl, r7
100018be:	46b0      	mov	r8, r6
100018c0:	bdf8      	pop	{r3, r4, r5, r6, r7, pc}
100018c2:	2d01      	cmp	r5, #1
100018c4:	d1ce      	bne.n	10001864 <clock_configure_internal+0x30>
100018c6:	2203      	movs	r2, #3
100018c8:	23c0      	movs	r3, #192	; 0xc0
100018ca:	019b      	lsls	r3, r3, #6
100018cc:	18e3      	adds	r3, r4, r3
100018ce:	601a      	str	r2, [r3, #0]
100018d0:	68a3      	ldr	r3, [r4, #8]
100018d2:	07db      	lsls	r3, r3, #31
100018d4:	d5fc      	bpl.n	100018d0 <clock_configure_internal+0x9c>
100018d6:	e7d8      	b.n	1000188a <clock_configure_internal+0x56>
100018d8:	6821      	ldr	r1, [r4, #0]
100018da:	4069      	eors	r1, r5
100018dc:	2203      	movs	r2, #3
100018de:	400a      	ands	r2, r1
100018e0:	601a      	str	r2, [r3, #0]
100018e2:	68a3      	ldr	r3, [r4, #8]
100018e4:	2201      	movs	r2, #1
100018e6:	40aa      	lsls	r2, r5
100018e8:	421a      	tst	r2, r3
100018ea:	d0fa      	beq.n	100018e2 <clock_configure_internal+0xae>
100018ec:	e7d9      	b.n	100018a2 <clock_configure_internal+0x6e>
100018ee:	46c0      	nop			; (mov r8, r8)
100018f0:	40008000 	.word	0x40008000
100018f4:	200016cc 	.word	0x200016cc

100018f8 <clock_configure_int_divider>:
100018f8:	b5f0      	push	{r4, r5, r6, r7, lr}
100018fa:	b083      	sub	sp, #12
100018fc:	0005      	movs	r5, r0
100018fe:	000e      	movs	r6, r1
10001900:	0017      	movs	r7, r2
10001902:	0018      	movs	r0, r3
10001904:	9908      	ldr	r1, [sp, #32]
10001906:	f000 fa7b 	bl	10001e00 <__wrap___aeabi_uidiv>
1000190a:	0003      	movs	r3, r0
1000190c:	9a08      	ldr	r2, [sp, #32]
1000190e:	0214      	lsls	r4, r2, #8
10001910:	9400      	str	r4, [sp, #0]
10001912:	003a      	movs	r2, r7
10001914:	0031      	movs	r1, r6
10001916:	0028      	movs	r0, r5
10001918:	f7ff ff8c 	bl	10001834 <clock_configure_internal>
1000191c:	b003      	add	sp, #12
1000191e:	bdf0      	pop	{r4, r5, r6, r7, pc}

10001920 <clock_configure_undivided>:
10001920:	b510      	push	{r4, lr}
10001922:	b082      	sub	sp, #8
10001924:	2480      	movs	r4, #128	; 0x80
10001926:	0064      	lsls	r4, r4, #1
10001928:	9400      	str	r4, [sp, #0]
1000192a:	f7ff ff83 	bl	10001834 <clock_configure_internal>
1000192e:	b002      	add	sp, #8
10001930:	bd10      	pop	{r4, pc}
	...

10001934 <clock_get_hz>:
10001934:	0080      	lsls	r0, r0, #2
10001936:	4b01      	ldr	r3, [pc, #4]	; (1000193c <clock_get_hz+0x8>)
10001938:	58c0      	ldr	r0, [r0, r3]
1000193a:	4770      	bx	lr
1000193c:	200016cc 	.word	0x200016cc

10001940 <pll_init>:
10001940:	b5f0      	push	{r4, r5, r6, r7, lr}
10001942:	46c6      	mov	lr, r8
10001944:	b500      	push	{lr}
10001946:	0004      	movs	r4, r0
10001948:	000e      	movs	r6, r1
1000194a:	0017      	movs	r7, r2
1000194c:	001d      	movs	r5, r3
1000194e:	4836      	ldr	r0, [pc, #216]	; (10001a28 <pll_init+0xe8>)
10001950:	f000 fa56 	bl	10001e00 <__wrap___aeabi_uidiv>
10001954:	4680      	mov	r8, r0
10001956:	4b35      	ldr	r3, [pc, #212]	; (10001a2c <pll_init+0xec>)
10001958:	18fa      	adds	r2, r7, r3
1000195a:	4b35      	ldr	r3, [pc, #212]	; (10001a30 <pll_init+0xf0>)
1000195c:	429a      	cmp	r2, r3
1000195e:	d838      	bhi.n	100019d2 <pll_init+0x92>
10001960:	0001      	movs	r1, r0
10001962:	0038      	movs	r0, r7
10001964:	f000 fa4c 	bl	10001e00 <__wrap___aeabi_uidiv>
10001968:	0002      	movs	r2, r0
1000196a:	3a10      	subs	r2, #16
1000196c:	2398      	movs	r3, #152	; 0x98
1000196e:	005b      	lsls	r3, r3, #1
10001970:	429a      	cmp	r2, r3
10001972:	d834      	bhi.n	100019de <pll_init+0x9e>
10001974:	1e6b      	subs	r3, r5, #1
10001976:	2b06      	cmp	r3, #6
10001978:	d837      	bhi.n	100019ea <pll_init+0xaa>
1000197a:	9b06      	ldr	r3, [sp, #24]
1000197c:	3b01      	subs	r3, #1
1000197e:	2b06      	cmp	r3, #6
10001980:	d833      	bhi.n	100019ea <pll_init+0xaa>
10001982:	093f      	lsrs	r7, r7, #4
10001984:	4547      	cmp	r7, r8
10001986:	d336      	bcc.n	100019f6 <pll_init+0xb6>
10001988:	042d      	lsls	r5, r5, #16
1000198a:	9b06      	ldr	r3, [sp, #24]
1000198c:	031a      	lsls	r2, r3, #12
1000198e:	4315      	orrs	r5, r2
10001990:	6823      	ldr	r3, [r4, #0]
10001992:	2b00      	cmp	r3, #0
10001994:	db35      	blt.n	10001a02 <pll_init+0xc2>
10001996:	4b27      	ldr	r3, [pc, #156]	; (10001a34 <pll_init+0xf4>)
10001998:	429c      	cmp	r4, r3
1000199a:	d043      	beq.n	10001a24 <pll_init+0xe4>
1000199c:	230c      	movs	r3, #12
1000199e:	2201      	movs	r2, #1
100019a0:	409a      	lsls	r2, r3
100019a2:	4b25      	ldr	r3, [pc, #148]	; (10001a38 <pll_init+0xf8>)
100019a4:	601a      	str	r2, [r3, #0]
100019a6:	4b25      	ldr	r3, [pc, #148]	; (10001a3c <pll_init+0xfc>)
100019a8:	601a      	str	r2, [r3, #0]
100019aa:	4b25      	ldr	r3, [pc, #148]	; (10001a40 <pll_init+0x100>)
100019ac:	681b      	ldr	r3, [r3, #0]
100019ae:	0011      	movs	r1, r2
100019b0:	4399      	bics	r1, r3
100019b2:	d1fa      	bne.n	100019aa <pll_init+0x6a>
100019b4:	6026      	str	r6, [r4, #0]
100019b6:	60a0      	str	r0, [r4, #8]
100019b8:	4b22      	ldr	r3, [pc, #136]	; (10001a44 <pll_init+0x104>)
100019ba:	18e2      	adds	r2, r4, r3
100019bc:	2321      	movs	r3, #33	; 0x21
100019be:	6013      	str	r3, [r2, #0]
100019c0:	6823      	ldr	r3, [r4, #0]
100019c2:	2b00      	cmp	r3, #0
100019c4:	dafc      	bge.n	100019c0 <pll_init+0x80>
100019c6:	60e5      	str	r5, [r4, #12]
100019c8:	2308      	movs	r3, #8
100019ca:	6013      	str	r3, [r2, #0]
100019cc:	bc80      	pop	{r7}
100019ce:	46b8      	mov	r8, r7
100019d0:	bdf0      	pop	{r4, r5, r6, r7, pc}
100019d2:	4b1d      	ldr	r3, [pc, #116]	; (10001a48 <pll_init+0x108>)
100019d4:	4a1d      	ldr	r2, [pc, #116]	; (10001a4c <pll_init+0x10c>)
100019d6:	2111      	movs	r1, #17
100019d8:	481d      	ldr	r0, [pc, #116]	; (10001a50 <pll_init+0x110>)
100019da:	f002 f9cf 	bl	10003d7c <__assert_func>
100019de:	4b1d      	ldr	r3, [pc, #116]	; (10001a54 <pll_init+0x114>)
100019e0:	4a1a      	ldr	r2, [pc, #104]	; (10001a4c <pll_init+0x10c>)
100019e2:	2119      	movs	r1, #25
100019e4:	481a      	ldr	r0, [pc, #104]	; (10001a50 <pll_init+0x110>)
100019e6:	f002 f9c9 	bl	10003d7c <__assert_func>
100019ea:	4b1b      	ldr	r3, [pc, #108]	; (10001a58 <pll_init+0x118>)
100019ec:	4a17      	ldr	r2, [pc, #92]	; (10001a4c <pll_init+0x10c>)
100019ee:	211c      	movs	r1, #28
100019f0:	4817      	ldr	r0, [pc, #92]	; (10001a50 <pll_init+0x110>)
100019f2:	f002 f9c3 	bl	10003d7c <__assert_func>
100019f6:	4b19      	ldr	r3, [pc, #100]	; (10001a5c <pll_init+0x11c>)
100019f8:	4a14      	ldr	r2, [pc, #80]	; (10001a4c <pll_init+0x10c>)
100019fa:	2123      	movs	r1, #35	; 0x23
100019fc:	4814      	ldr	r0, [pc, #80]	; (10001a50 <pll_init+0x110>)
100019fe:	f002 f9bd 	bl	10003d7c <__assert_func>
10001a02:	6822      	ldr	r2, [r4, #0]
10001a04:	233f      	movs	r3, #63	; 0x3f
10001a06:	4013      	ands	r3, r2
10001a08:	42b3      	cmp	r3, r6
10001a0a:	d1c4      	bne.n	10001996 <pll_init+0x56>
10001a0c:	68a3      	ldr	r3, [r4, #8]
10001a0e:	051b      	lsls	r3, r3, #20
10001a10:	0d1b      	lsrs	r3, r3, #20
10001a12:	4283      	cmp	r3, r0
10001a14:	d1bf      	bne.n	10001996 <pll_init+0x56>
10001a16:	68e3      	ldr	r3, [r4, #12]
10001a18:	22ee      	movs	r2, #238	; 0xee
10001a1a:	02d2      	lsls	r2, r2, #11
10001a1c:	4013      	ands	r3, r2
10001a1e:	42ab      	cmp	r3, r5
10001a20:	d1b9      	bne.n	10001996 <pll_init+0x56>
10001a22:	e7d3      	b.n	100019cc <pll_init+0x8c>
10001a24:	230d      	movs	r3, #13
10001a26:	e7ba      	b.n	1000199e <pll_init+0x5e>
10001a28:	00b71b00 	.word	0x00b71b00
10001a2c:	d34be880 	.word	0xd34be880
10001a30:	32a9f880 	.word	0x32a9f880
10001a34:	4002c000 	.word	0x4002c000
10001a38:	4000e000 	.word	0x4000e000
10001a3c:	4000f000 	.word	0x4000f000
10001a40:	4000c008 	.word	0x4000c008
10001a44:	00003004 	.word	0x00003004
10001a48:	100075a0 	.word	0x100075a0
10001a4c:	100076c0 	.word	0x100076c0
10001a50:	100075f0 	.word	0x100075f0
10001a54:	1000763c 	.word	0x1000763c
10001a58:	10007658 	.word	0x10007658
10001a5c:	100076a4 	.word	0x100076a4

10001a60 <watchdog_update>:
10001a60:	4b02      	ldr	r3, [pc, #8]	; (10001a6c <watchdog_update+0xc>)
10001a62:	681a      	ldr	r2, [r3, #0]
10001a64:	4b02      	ldr	r3, [pc, #8]	; (10001a70 <watchdog_update+0x10>)
10001a66:	605a      	str	r2, [r3, #4]
10001a68:	4770      	bx	lr
10001a6a:	46c0      	nop			; (mov r8, r8)
10001a6c:	20001b28 	.word	0x20001b28
10001a70:	40058000 	.word	0x40058000

10001a74 <_watchdog_enable>:
10001a74:	b510      	push	{r4, lr}
10001a76:	4b18      	ldr	r3, [pc, #96]	; (10001ad8 <_watchdog_enable+0x64>)
10001a78:	2280      	movs	r2, #128	; 0x80
10001a7a:	05d2      	lsls	r2, r2, #23
10001a7c:	601a      	str	r2, [r3, #0]
10001a7e:	4b17      	ldr	r3, [pc, #92]	; (10001adc <_watchdog_enable+0x68>)
10001a80:	4a17      	ldr	r2, [pc, #92]	; (10001ae0 <_watchdog_enable+0x6c>)
10001a82:	601a      	str	r2, [r3, #0]
10001a84:	2900      	cmp	r1, #0
10001a86:	d00a      	beq.n	10001a9e <_watchdog_enable+0x2a>
10001a88:	4b16      	ldr	r3, [pc, #88]	; (10001ae4 <_watchdog_enable+0x70>)
10001a8a:	22e0      	movs	r2, #224	; 0xe0
10001a8c:	04d2      	lsls	r2, r2, #19
10001a8e:	601a      	str	r2, [r3, #0]
10001a90:	2800      	cmp	r0, #0
10001a92:	d109      	bne.n	10001aa8 <_watchdog_enable+0x34>
10001a94:	4b13      	ldr	r3, [pc, #76]	; (10001ae4 <_watchdog_enable+0x70>)
10001a96:	2280      	movs	r2, #128	; 0x80
10001a98:	0612      	lsls	r2, r2, #24
10001a9a:	601a      	str	r2, [r3, #0]
10001a9c:	bd10      	pop	{r4, pc}
10001a9e:	4b0e      	ldr	r3, [pc, #56]	; (10001ad8 <_watchdog_enable+0x64>)
10001aa0:	22e0      	movs	r2, #224	; 0xe0
10001aa2:	04d2      	lsls	r2, r2, #19
10001aa4:	601a      	str	r2, [r3, #0]
10001aa6:	e7f3      	b.n	10001a90 <_watchdog_enable+0x1c>
10001aa8:	0142      	lsls	r2, r0, #5
10001aaa:	1a12      	subs	r2, r2, r0
10001aac:	0093      	lsls	r3, r2, #2
10001aae:	181b      	adds	r3, r3, r0
10001ab0:	00db      	lsls	r3, r3, #3
10001ab2:	4a0d      	ldr	r2, [pc, #52]	; (10001ae8 <_watchdog_enable+0x74>)
10001ab4:	6013      	str	r3, [r2, #0]
10001ab6:	005b      	lsls	r3, r3, #1
10001ab8:	6013      	str	r3, [r2, #0]
10001aba:	2280      	movs	r2, #128	; 0x80
10001abc:	0452      	lsls	r2, r2, #17
10001abe:	4293      	cmp	r3, r2
10001ac0:	d302      	bcc.n	10001ac8 <_watchdog_enable+0x54>
10001ac2:	4b09      	ldr	r3, [pc, #36]	; (10001ae8 <_watchdog_enable+0x74>)
10001ac4:	4a09      	ldr	r2, [pc, #36]	; (10001aec <_watchdog_enable+0x78>)
10001ac6:	601a      	str	r2, [r3, #0]
10001ac8:	f7ff ffca 	bl	10001a60 <watchdog_update>
10001acc:	4b05      	ldr	r3, [pc, #20]	; (10001ae4 <_watchdog_enable+0x70>)
10001ace:	2280      	movs	r2, #128	; 0x80
10001ad0:	05d2      	lsls	r2, r2, #23
10001ad2:	601a      	str	r2, [r3, #0]
10001ad4:	e7e2      	b.n	10001a9c <_watchdog_enable+0x28>
10001ad6:	46c0      	nop			; (mov r8, r8)
10001ad8:	4005b000 	.word	0x4005b000
10001adc:	40012008 	.word	0x40012008
10001ae0:	0001fffc 	.word	0x0001fffc
10001ae4:	4005a000 	.word	0x4005a000
10001ae8:	20001b28 	.word	0x20001b28
10001aec:	00ffffff 	.word	0x00ffffff

10001af0 <watchdog_reboot>:
10001af0:	b510      	push	{r4, lr}
10001af2:	0003      	movs	r3, r0
10001af4:	0010      	movs	r0, r2
10001af6:	4a0c      	ldr	r2, [pc, #48]	; (10001b28 <watchdog_reboot+0x38>)
10001af8:	2480      	movs	r4, #128	; 0x80
10001afa:	05e4      	lsls	r4, r4, #23
10001afc:	6014      	str	r4, [r2, #0]
10001afe:	2b00      	cmp	r3, #0
10001b00:	d00d      	beq.n	10001b1e <watchdog_reboot+0x2e>
10001b02:	2201      	movs	r2, #1
10001b04:	4313      	orrs	r3, r2
10001b06:	4a09      	ldr	r2, [pc, #36]	; (10001b2c <watchdog_reboot+0x3c>)
10001b08:	4c09      	ldr	r4, [pc, #36]	; (10001b30 <watchdog_reboot+0x40>)
10001b0a:	61d4      	str	r4, [r2, #28]
10001b0c:	4c09      	ldr	r4, [pc, #36]	; (10001b34 <watchdog_reboot+0x44>)
10001b0e:	405c      	eors	r4, r3
10001b10:	6214      	str	r4, [r2, #32]
10001b12:	6251      	str	r1, [r2, #36]	; 0x24
10001b14:	6293      	str	r3, [r2, #40]	; 0x28
10001b16:	2100      	movs	r1, #0
10001b18:	f7ff ffac 	bl	10001a74 <_watchdog_enable>
10001b1c:	bd10      	pop	{r4, pc}
10001b1e:	4b03      	ldr	r3, [pc, #12]	; (10001b2c <watchdog_reboot+0x3c>)
10001b20:	2200      	movs	r2, #0
10001b22:	61da      	str	r2, [r3, #28]
10001b24:	e7f7      	b.n	10001b16 <watchdog_reboot+0x26>
10001b26:	46c0      	nop			; (mov r8, r8)
10001b28:	4005b000 	.word	0x4005b000
10001b2c:	40058000 	.word	0x40058000
10001b30:	b007c0d3 	.word	0xb007c0d3
10001b34:	4ff83f2d 	.word	0x4ff83f2d

10001b38 <tick_start>:
10001b38:	2380      	movs	r3, #128	; 0x80
10001b3a:	009b      	lsls	r3, r3, #2
10001b3c:	430b      	orrs	r3, r1
10001b3e:	4a01      	ldr	r2, [pc, #4]	; (10001b44 <tick_start+0xc>)
10001b40:	62d3      	str	r3, [r2, #44]	; 0x2c
10001b42:	4770      	bx	lr
10001b44:	40058000 	.word	0x40058000

10001b48 <xosc_init>:
10001b48:	4b06      	ldr	r3, [pc, #24]	; (10001b64 <xosc_init+0x1c>)
10001b4a:	22aa      	movs	r2, #170	; 0xaa
10001b4c:	0112      	lsls	r2, r2, #4
10001b4e:	601a      	str	r2, [r3, #0]
10001b50:	222f      	movs	r2, #47	; 0x2f
10001b52:	60da      	str	r2, [r3, #12]
10001b54:	4b04      	ldr	r3, [pc, #16]	; (10001b68 <xosc_init+0x20>)
10001b56:	4a05      	ldr	r2, [pc, #20]	; (10001b6c <xosc_init+0x24>)
10001b58:	601a      	str	r2, [r3, #0]
10001b5a:	4b02      	ldr	r3, [pc, #8]	; (10001b64 <xosc_init+0x1c>)
10001b5c:	685b      	ldr	r3, [r3, #4]
10001b5e:	2b00      	cmp	r3, #0
10001b60:	dafb      	bge.n	10001b5a <xosc_init+0x12>
10001b62:	4770      	bx	lr
10001b64:	40024000 	.word	0x40024000
10001b68:	40026000 	.word	0x40026000
10001b6c:	00fab000 	.word	0x00fab000

10001b70 <runtime_run_initializers_from>:
10001b70:	b510      	push	{r4, lr}
10001b72:	0004      	movs	r4, r0
10001b74:	e001      	b.n	10001b7a <runtime_run_initializers_from+0xa>
10001b76:	cc08      	ldmia	r4!, {r3}
10001b78:	4798      	blx	r3
10001b7a:	4b02      	ldr	r3, [pc, #8]	; (10001b84 <runtime_run_initializers_from+0x14>)
10001b7c:	429c      	cmp	r4, r3
10001b7e:	d3fa      	bcc.n	10001b76 <runtime_run_initializers_from+0x6>
10001b80:	bd10      	pop	{r4, pc}
10001b82:	46c0      	nop			; (mov r8, r8)
10001b84:	10006f24 	.word	0x10006f24

10001b88 <first_per_core_initializer>:
10001b88:	4770      	bx	lr
	...

10001b8c <runtime_run_initializers>:
10001b8c:	b510      	push	{r4, lr}
10001b8e:	4802      	ldr	r0, [pc, #8]	; (10001b98 <runtime_run_initializers+0xc>)
10001b90:	f7ff ffee 	bl	10001b70 <runtime_run_initializers_from>
10001b94:	bd10      	pop	{r4, pc}
10001b96:	46c0      	nop			; (mov r8, r8)
10001b98:	10006ee8 	.word	0x10006ee8

10001b9c <runtime_init_early_resets>:
10001b9c:	4b05      	ldr	r3, [pc, #20]	; (10001bb4 <runtime_init_early_resets+0x18>)
10001b9e:	4a06      	ldr	r2, [pc, #24]	; (10001bb8 <runtime_init_early_resets+0x1c>)
10001ba0:	601a      	str	r2, [r3, #0]
10001ba2:	4b06      	ldr	r3, [pc, #24]	; (10001bbc <runtime_init_early_resets+0x20>)
10001ba4:	4a06      	ldr	r2, [pc, #24]	; (10001bc0 <runtime_init_early_resets+0x24>)
10001ba6:	601a      	str	r2, [r3, #0]
10001ba8:	4b06      	ldr	r3, [pc, #24]	; (10001bc4 <runtime_init_early_resets+0x28>)
10001baa:	681a      	ldr	r2, [r3, #0]
10001bac:	4b04      	ldr	r3, [pc, #16]	; (10001bc0 <runtime_init_early_resets+0x24>)
10001bae:	4393      	bics	r3, r2
10001bb0:	d1fa      	bne.n	10001ba8 <runtime_init_early_resets+0xc>
10001bb2:	4770      	bx	lr
10001bb4:	4000e000 	.word	0x4000e000
10001bb8:	fefbcdbf 	.word	0xfefbcdbf
10001bbc:	4000f000 	.word	0x4000f000
10001bc0:	003c7ffe 	.word	0x003c7ffe
10001bc4:	4000c008 	.word	0x4000c008

10001bc8 <runtime_init_usb_power_down>:
10001bc8:	4b04      	ldr	r3, [pc, #16]	; (10001bdc <runtime_init_usb_power_down+0x14>)
10001bca:	6cdb      	ldr	r3, [r3, #76]	; 0x4c
10001bcc:	2b00      	cmp	r3, #0
10001bce:	d103      	bne.n	10001bd8 <runtime_init_usb_power_down+0x10>
10001bd0:	4b03      	ldr	r3, [pc, #12]	; (10001be0 <runtime_init_usb_power_down+0x18>)
10001bd2:	2280      	movs	r2, #128	; 0x80
10001bd4:	02d2      	lsls	r2, r2, #11
10001bd6:	601a      	str	r2, [r3, #0]
10001bd8:	4770      	bx	lr
10001bda:	46c0      	nop			; (mov r8, r8)
10001bdc:	50110000 	.word	0x50110000
10001be0:	5011204c 	.word	0x5011204c

10001be4 <runtime_init_post_clock_resets>:
10001be4:	4b04      	ldr	r3, [pc, #16]	; (10001bf8 <runtime_init_post_clock_resets+0x14>)
10001be6:	4a05      	ldr	r2, [pc, #20]	; (10001bfc <runtime_init_post_clock_resets+0x18>)
10001be8:	601a      	str	r2, [r3, #0]
10001bea:	4b05      	ldr	r3, [pc, #20]	; (10001c00 <runtime_init_post_clock_resets+0x1c>)
10001bec:	681b      	ldr	r3, [r3, #0]
10001bee:	43db      	mvns	r3, r3
10001bf0:	01db      	lsls	r3, r3, #7
10001bf2:	d1fa      	bne.n	10001bea <runtime_init_post_clock_resets+0x6>
10001bf4:	4770      	bx	lr
10001bf6:	46c0      	nop			; (mov r8, r8)
10001bf8:	4000f000 	.word	0x4000f000
10001bfc:	01ffffff 	.word	0x01ffffff
10001c00:	4000c008 	.word	0x4000c008

10001c04 <runtime_init_rp2040_gpio_ie_disable>:
10001c04:	4b03      	ldr	r3, [pc, #12]	; (10001c14 <runtime_init_rp2040_gpio_ie_disable+0x10>)
10001c06:	2240      	movs	r2, #64	; 0x40
10001c08:	679a      	str	r2, [r3, #120]	; 0x78
10001c0a:	675a      	str	r2, [r3, #116]	; 0x74
10001c0c:	671a      	str	r2, [r3, #112]	; 0x70
10001c0e:	66da      	str	r2, [r3, #108]	; 0x6c
10001c10:	4770      	bx	lr
10001c12:	46c0      	nop			; (mov r8, r8)
10001c14:	4001f000 	.word	0x4001f000

10001c18 <runtime_init_spin_locks_reset>:
10001c18:	b510      	push	{r4, lr}
10001c1a:	f7fe fd81 	bl	10000720 <spin_locks_reset>
10001c1e:	bd10      	pop	{r4, pc}

10001c20 <runtime_init_install_ram_vector_table>:
10001c20:	b570      	push	{r4, r5, r6, lr}
10001c22:	4c04      	ldr	r4, [pc, #16]	; (10001c34 <runtime_init_install_ram_vector_table+0x14>)
10001c24:	68a1      	ldr	r1, [r4, #8]
10001c26:	4d04      	ldr	r5, [pc, #16]	; (10001c38 <runtime_init_install_ram_vector_table+0x18>)
10001c28:	22c0      	movs	r2, #192	; 0xc0
10001c2a:	0028      	movs	r0, r5
10001c2c:	f000 ffe2 	bl	10002bf4 <__wrap___aeabi_memcpy>
10001c30:	60a5      	str	r5, [r4, #8]
10001c32:	bd70      	pop	{r4, r5, r6, pc}
10001c34:	e000ed00 	.word	0xe000ed00
10001c38:	20000000 	.word	0x20000000

10001c3c <start_all_ticks>:
10001c3c:	b570      	push	{r4, r5, r6, lr}
10001c3e:	2004      	movs	r0, #4
10001c40:	f7ff fe78 	bl	10001934 <clock_get_hz>
10001c44:	4906      	ldr	r1, [pc, #24]	; (10001c60 <start_all_ticks+0x24>)
10001c46:	f000 f8db 	bl	10001e00 <__wrap___aeabi_uidiv>
10001c4a:	0005      	movs	r5, r0
10001c4c:	2400      	movs	r4, #0
10001c4e:	2c00      	cmp	r4, #0
10001c50:	dd00      	ble.n	10001c54 <start_all_ticks+0x18>
10001c52:	bd70      	pop	{r4, r5, r6, pc}
10001c54:	b2e0      	uxtb	r0, r4
10001c56:	0029      	movs	r1, r5
10001c58:	f7ff ff6e 	bl	10001b38 <tick_start>
10001c5c:	3401      	adds	r4, #1
10001c5e:	e7f6      	b.n	10001c4e <start_all_ticks+0x12>
10001c60:	000f4240 	.word	0x000f4240

10001c64 <runtime_init_clocks>:
10001c64:	b530      	push	{r4, r5, lr}
10001c66:	b083      	sub	sp, #12
10001c68:	4b27      	ldr	r3, [pc, #156]	; (10001d08 <runtime_init_clocks+0xa4>)
10001c6a:	2200      	movs	r2, #0
10001c6c:	679a      	str	r2, [r3, #120]	; 0x78
10001c6e:	f7ff ff6b 	bl	10001b48 <xosc_init>
10001c72:	4b26      	ldr	r3, [pc, #152]	; (10001d0c <runtime_init_clocks+0xa8>)
10001c74:	2201      	movs	r2, #1
10001c76:	601a      	str	r2, [r3, #0]
10001c78:	4b23      	ldr	r3, [pc, #140]	; (10001d08 <runtime_init_clocks+0xa4>)
10001c7a:	6c5b      	ldr	r3, [r3, #68]	; 0x44
10001c7c:	2b01      	cmp	r3, #1
10001c7e:	d1fb      	bne.n	10001c78 <runtime_init_clocks+0x14>
10001c80:	4b23      	ldr	r3, [pc, #140]	; (10001d10 <runtime_init_clocks+0xac>)
10001c82:	2203      	movs	r2, #3
10001c84:	601a      	str	r2, [r3, #0]
10001c86:	4b20      	ldr	r3, [pc, #128]	; (10001d08 <runtime_init_clocks+0xa4>)
10001c88:	6b9b      	ldr	r3, [r3, #56]	; 0x38
10001c8a:	2b01      	cmp	r3, #1
10001c8c:	d1fb      	bne.n	10001c86 <runtime_init_clocks+0x22>
10001c8e:	3301      	adds	r3, #1
10001c90:	9300      	str	r3, [sp, #0]
10001c92:	3304      	adds	r3, #4
10001c94:	4a1f      	ldr	r2, [pc, #124]	; (10001d14 <runtime_init_clocks+0xb0>)
10001c96:	2101      	movs	r1, #1
10001c98:	481f      	ldr	r0, [pc, #124]	; (10001d18 <runtime_init_clocks+0xb4>)
10001c9a:	f7ff fe51 	bl	10001940 <pll_init>
10001c9e:	2305      	movs	r3, #5
10001ca0:	9300      	str	r3, [sp, #0]
10001ca2:	4a1e      	ldr	r2, [pc, #120]	; (10001d1c <runtime_init_clocks+0xb8>)
10001ca4:	2101      	movs	r1, #1
10001ca6:	481e      	ldr	r0, [pc, #120]	; (10001d20 <runtime_init_clocks+0xbc>)
10001ca8:	f7ff fe4a 	bl	10001940 <pll_init>
10001cac:	4b1d      	ldr	r3, [pc, #116]	; (10001d24 <runtime_init_clocks+0xc0>)
10001cae:	2200      	movs	r2, #0
10001cb0:	2102      	movs	r1, #2
10001cb2:	2004      	movs	r0, #4
10001cb4:	f7ff fe34 	bl	10001920 <clock_configure_undivided>
10001cb8:	4d1b      	ldr	r5, [pc, #108]	; (10001d28 <runtime_init_clocks+0xc4>)
10001cba:	002b      	movs	r3, r5
10001cbc:	2200      	movs	r2, #0
10001cbe:	2101      	movs	r1, #1
10001cc0:	2005      	movs	r0, #5
10001cc2:	f7ff fe2d 	bl	10001920 <clock_configure_undivided>
10001cc6:	4c19      	ldr	r4, [pc, #100]	; (10001d2c <runtime_init_clocks+0xc8>)
10001cc8:	0023      	movs	r3, r4
10001cca:	2200      	movs	r2, #0
10001ccc:	2100      	movs	r1, #0
10001cce:	2007      	movs	r0, #7
10001cd0:	f7ff fe26 	bl	10001920 <clock_configure_undivided>
10001cd4:	0023      	movs	r3, r4
10001cd6:	2200      	movs	r2, #0
10001cd8:	2100      	movs	r1, #0
10001cda:	2008      	movs	r0, #8
10001cdc:	f7ff fe20 	bl	10001920 <clock_configure_undivided>
10001ce0:	2380      	movs	r3, #128	; 0x80
10001ce2:	00db      	lsls	r3, r3, #3
10001ce4:	9300      	str	r3, [sp, #0]
10001ce6:	0023      	movs	r3, r4
10001ce8:	2200      	movs	r2, #0
10001cea:	2100      	movs	r1, #0
10001cec:	2009      	movs	r0, #9
10001cee:	f7ff fe03 	bl	100018f8 <clock_configure_int_divider>
10001cf2:	002b      	movs	r3, r5
10001cf4:	2200      	movs	r2, #0
10001cf6:	2100      	movs	r1, #0
10001cf8:	2006      	movs	r0, #6
10001cfa:	f7ff fe11 	bl	10001920 <clock_configure_undivided>
10001cfe:	f7ff ff9d 	bl	10001c3c <start_all_ticks>
10001d02:	b003      	add	sp, #12
10001d04:	bd30      	pop	{r4, r5, pc}
10001d06:	46c0      	nop			; (mov r8, r8)
10001d08:	40008000 	.word	0x40008000
10001d0c:	4000b03c 	.word	0x4000b03c
10001d10:	4000b030 	.word	0x4000b030
10001d14:	59682f00 	.word	0x59682f00
10001d18:	40028000 	.word	0x40028000
10001d1c:	47868c00 	.word	0x47868c00
10001d20:	4002c000 	.word	0x4002c000
10001d24:	00b71b00 	.word	0x00b71b00
10001d28:	07735940 	.word	0x07735940
10001d2c:	02dc6c00 	.word	0x02dc6c00

10001d30 <__aeabi_bits_init>:
10001d30:	4801      	ldr	r0, [pc, #4]	; (10001d38 <__aeabi_bits_init+0x8>)
10001d32:	2104      	movs	r1, #4
10001d34:	4b01      	ldr	r3, [pc, #4]	; (10001d3c <__aeabi_bits_init+0xc>)
10001d36:	4718      	bx	r3
10001d38:	20000c60 	.word	0x20000c60
10001d3c:	10001d61 	.word	0x10001d61

10001d40 <rom_func_lookup>:
10001d40:	b510      	push	{r4, lr}
10001d42:	0001      	movs	r1, r0
10001d44:	2318      	movs	r3, #24
10001d46:	881b      	ldrh	r3, [r3, #0]
10001d48:	2214      	movs	r2, #20
10001d4a:	8810      	ldrh	r0, [r2, #0]
10001d4c:	4798      	blx	r3
10001d4e:	bd10      	pop	{r4, pc}

10001d50 <rom_data_lookup>:
10001d50:	b510      	push	{r4, lr}
10001d52:	0001      	movs	r1, r0
10001d54:	2318      	movs	r3, #24
10001d56:	881b      	ldrh	r3, [r3, #0]
10001d58:	2216      	movs	r2, #22
10001d5a:	8810      	ldrh	r0, [r2, #0]
10001d5c:	4798      	blx	r3
10001d5e:	bd10      	pop	{r4, pc}

10001d60 <rom_funcs_lookup>:
10001d60:	b5f0      	push	{r4, r5, r6, r7, lr}
10001d62:	46c6      	mov	lr, r8
10001d64:	b500      	push	{lr}
10001d66:	0007      	movs	r7, r0
10001d68:	000e      	movs	r6, r1
10001d6a:	2500      	movs	r5, #0
10001d6c:	2301      	movs	r3, #1
10001d6e:	4698      	mov	r8, r3
10001d70:	e000      	b.n	10001d74 <rom_funcs_lookup+0x14>
10001d72:	3501      	adds	r5, #1
10001d74:	42b5      	cmp	r5, r6
10001d76:	d20a      	bcs.n	10001d8e <rom_funcs_lookup+0x2e>
10001d78:	00ac      	lsls	r4, r5, #2
10001d7a:	193c      	adds	r4, r7, r4
10001d7c:	6820      	ldr	r0, [r4, #0]
10001d7e:	f7ff ffdf 	bl	10001d40 <rom_func_lookup>
10001d82:	6020      	str	r0, [r4, #0]
10001d84:	2800      	cmp	r0, #0
10001d86:	d1f4      	bne.n	10001d72 <rom_funcs_lookup+0x12>
10001d88:	2300      	movs	r3, #0
10001d8a:	4698      	mov	r8, r3
10001d8c:	e7f1      	b.n	10001d72 <rom_funcs_lookup+0x12>
10001d8e:	4640      	mov	r0, r8
10001d90:	bc80      	pop	{r7}
10001d92:	46b8      	mov	r8, r7
10001d94:	bdf0      	pop	{r4, r5, r6, r7, pc}
	...

10001d98 <rom_reset_usb_boot>:
10001d98:	b570      	push	{r4, r5, r6, lr}
10001d9a:	0004      	movs	r4, r0
10001d9c:	000d      	movs	r5, r1
10001d9e:	4803      	ldr	r0, [pc, #12]	; (10001dac <rom_reset_usb_boot+0x14>)
10001da0:	f7ff ffce 	bl	10001d40 <rom_func_lookup>
10001da4:	0003      	movs	r3, r0
10001da6:	0029      	movs	r1, r5
10001da8:	0020      	movs	r0, r4
10001daa:	4798      	blx	r3
10001dac:	00004255 	.word	0x00004255

10001db0 <__wrap___aeabi_idiv>:
10001db0:	4a12      	ldr	r2, [pc, #72]	; (10001dfc <divmod_s32s32_savestate+0x18>)
10001db2:	6f93      	ldr	r3, [r2, #120]	; 0x78
10001db4:	089b      	lsrs	r3, r3, #2
10001db6:	d215      	bcs.n	10001de4 <divmod_s32s32_savestate>

10001db8 <divmod_s32s32_unsafe>:
10001db8:	6690      	str	r0, [r2, #104]	; 0x68
10001dba:	66d1      	str	r1, [r2, #108]	; 0x6c
10001dbc:	2900      	cmp	r1, #0
10001dbe:	d005      	beq.n	10001dcc <divmod_s32s32_unsafe+0x14>
10001dc0:	e7ff      	b.n	10001dc2 <divmod_s32s32_unsafe+0xa>
10001dc2:	e7ff      	b.n	10001dc4 <divmod_s32s32_unsafe+0xc>
10001dc4:	e7ff      	b.n	10001dc6 <divmod_s32s32_unsafe+0xe>
10001dc6:	6f51      	ldr	r1, [r2, #116]	; 0x74
10001dc8:	6f10      	ldr	r0, [r2, #112]	; 0x70
10001dca:	4770      	bx	lr
10001dcc:	b504      	push	{r2, lr}
10001dce:	2180      	movs	r1, #128	; 0x80
10001dd0:	0609      	lsls	r1, r1, #24
10001dd2:	17c2      	asrs	r2, r0, #31
10001dd4:	4051      	eors	r1, r2
10001dd6:	2800      	cmp	r0, #0
10001dd8:	d000      	beq.n	10001ddc <divmod_s32s32_unsafe+0x24>
10001dda:	43c8      	mvns	r0, r1
10001ddc:	f005 f83c 	bl	10006e58 <____aeabi_idiv0_veneer>
10001de0:	2100      	movs	r1, #0
10001de2:	bd04      	pop	{r2, pc}

10001de4 <divmod_s32s32_savestate>:
10001de4:	b5f0      	push	{r4, r5, r6, r7, lr}
10001de6:	6e14      	ldr	r4, [r2, #96]	; 0x60
10001de8:	6e55      	ldr	r5, [r2, #100]	; 0x64
10001dea:	6f57      	ldr	r7, [r2, #116]	; 0x74
10001dec:	6f16      	ldr	r6, [r2, #112]	; 0x70
10001dee:	f7ff ffe3 	bl	10001db8 <divmod_s32s32_unsafe>
10001df2:	6614      	str	r4, [r2, #96]	; 0x60
10001df4:	6655      	str	r5, [r2, #100]	; 0x64
10001df6:	6757      	str	r7, [r2, #116]	; 0x74
10001df8:	6716      	str	r6, [r2, #112]	; 0x70
10001dfa:	bdf0      	pop	{r4, r5, r6, r7, pc}
10001dfc:	d0000000 	.word	0xd0000000

10001e00 <__wrap___aeabi_uidiv>:
10001e00:	4a11      	ldr	r2, [pc, #68]	; (10001e48 <divmod_u32u32_savestate+0x18>)
10001e02:	6f93      	ldr	r3, [r2, #120]	; 0x78
10001e04:	089b      	lsrs	r3, r3, #2
10001e06:	d213      	bcs.n	10001e30 <divmod_u32u32_savestate>

10001e08 <divmod_u32u32_unsafe>:
10001e08:	6610      	str	r0, [r2, #96]	; 0x60
10001e0a:	6651      	str	r1, [r2, #100]	; 0x64
10001e0c:	2900      	cmp	r1, #0
10001e0e:	d005      	beq.n	10001e1c <divmod_u32u32_unsafe+0x14>
10001e10:	e7ff      	b.n	10001e12 <divmod_u32u32_unsafe+0xa>
10001e12:	e7ff      	b.n	10001e14 <divmod_u32u32_unsafe+0xc>
10001e14:	e7ff      	b.n	10001e16 <divmod_u32u32_unsafe+0xe>
10001e16:	6f51      	ldr	r1, [r2, #116]	; 0x74
10001e18:	6f10      	ldr	r0, [r2, #112]	; 0x70
10001e1a:	4770      	bx	lr
10001e1c:	b504      	push	{r2, lr}
10001e1e:	2800      	cmp	r0, #0
10001e20:	d001      	beq.n	10001e26 <divmod_u32u32_unsafe+0x1e>
10001e22:	2000      	movs	r0, #0
10001e24:	43c0      	mvns	r0, r0
10001e26:	f005 f817 	bl	10006e58 <____aeabi_idiv0_veneer>
10001e2a:	2100      	movs	r1, #0
10001e2c:	bd04      	pop	{r2, pc}
10001e2e:	46c0      	nop			; (mov r8, r8)

10001e30 <divmod_u32u32_savestate>:
10001e30:	b5f0      	push	{r4, r5, r6, r7, lr}
10001e32:	6e14      	ldr	r4, [r2, #96]	; 0x60
10001e34:	6e55      	ldr	r5, [r2, #100]	; 0x64
10001e36:	6f57      	ldr	r7, [r2, #116]	; 0x74
10001e38:	6f16      	ldr	r6, [r2, #112]	; 0x70
10001e3a:	f7ff ffe5 	bl	10001e08 <divmod_u32u32_unsafe>
10001e3e:	6614      	str	r4, [r2, #96]	; 0x60
10001e40:	6655      	str	r5, [r2, #100]	; 0x64
10001e42:	6757      	str	r7, [r2, #116]	; 0x74
10001e44:	6716      	str	r6, [r2, #112]	; 0x70
10001e46:	bdf0      	pop	{r4, r5, r6, r7, pc}
10001e48:	d0000000 	.word	0xd0000000

10001e4c <__wrap___aeabi_ldivmod>:
10001e4c:	4694      	mov	ip, r2
10001e4e:	4a4a      	ldr	r2, [pc, #296]	; (10001f78 <udiv0+0x1a>)
10001e50:	6f92      	ldr	r2, [r2, #120]	; 0x78
10001e52:	0892      	lsrs	r2, r2, #2
10001e54:	4662      	mov	r2, ip
10001e56:	d201      	bcs.n	10001e5c <divmod_s64s64_savestate>
10001e58:	e028      	b.n	10001eac <divmod_s64s64_unsafe>
10001e5a:	46c0      	nop			; (mov r8, r8)

10001e5c <divmod_s64s64_savestate>:
10001e5c:	b5f0      	push	{r4, r5, r6, r7, lr}
10001e5e:	4e46      	ldr	r6, [pc, #280]	; (10001f78 <udiv0+0x1a>)
10001e60:	6e34      	ldr	r4, [r6, #96]	; 0x60
10001e62:	6e75      	ldr	r5, [r6, #100]	; 0x64
10001e64:	6f77      	ldr	r7, [r6, #116]	; 0x74
10001e66:	6f36      	ldr	r6, [r6, #112]	; 0x70
10001e68:	f000 f820 	bl	10001eac <divmod_s64s64_unsafe>
10001e6c:	4694      	mov	ip, r2
10001e6e:	4a42      	ldr	r2, [pc, #264]	; (10001f78 <udiv0+0x1a>)
10001e70:	6614      	str	r4, [r2, #96]	; 0x60
10001e72:	6655      	str	r5, [r2, #100]	; 0x64
10001e74:	6757      	str	r7, [r2, #116]	; 0x74
10001e76:	6716      	str	r6, [r2, #112]	; 0x70
10001e78:	4662      	mov	r2, ip
10001e7a:	bdf0      	pop	{r4, r5, r6, r7, pc}

10001e7c <__wrap___aeabi_uldivmod>:
10001e7c:	4694      	mov	ip, r2
10001e7e:	4a3e      	ldr	r2, [pc, #248]	; (10001f78 <udiv0+0x1a>)
10001e80:	6f92      	ldr	r2, [r2, #120]	; 0x78
10001e82:	0892      	lsrs	r2, r2, #2
10001e84:	4662      	mov	r2, ip
10001e86:	d201      	bcs.n	10001e8c <divmod_u64u64_savestate>
10001e88:	e054      	b.n	10001f34 <divmod_u64u64_unsafe>
10001e8a:	46c0      	nop			; (mov r8, r8)

10001e8c <divmod_u64u64_savestate>:
10001e8c:	b5f0      	push	{r4, r5, r6, r7, lr}
10001e8e:	4e3a      	ldr	r6, [pc, #232]	; (10001f78 <udiv0+0x1a>)
10001e90:	6e34      	ldr	r4, [r6, #96]	; 0x60
10001e92:	6e75      	ldr	r5, [r6, #100]	; 0x64
10001e94:	6f77      	ldr	r7, [r6, #116]	; 0x74
10001e96:	6f36      	ldr	r6, [r6, #112]	; 0x70
10001e98:	f000 f84c 	bl	10001f34 <divmod_u64u64_unsafe>
10001e9c:	4694      	mov	ip, r2
10001e9e:	4a36      	ldr	r2, [pc, #216]	; (10001f78 <udiv0+0x1a>)
10001ea0:	6614      	str	r4, [r2, #96]	; 0x60
10001ea2:	6655      	str	r5, [r2, #100]	; 0x64
10001ea4:	6757      	str	r7, [r2, #116]	; 0x74
10001ea6:	6716      	str	r6, [r2, #112]	; 0x70
10001ea8:	4662      	mov	r2, ip
10001eaa:	bdf0      	pop	{r4, r5, r6, r7, pc}

10001eac <divmod_s64s64_unsafe>:
10001eac:	2b00      	cmp	r3, #0
10001eae:	db24      	blt.n	10001efa <l42_1+0x26>
10001eb0:	d011      	beq.n	10001ed6 <l42_1+0x2>
10001eb2:	2900      	cmp	r1, #0
10001eb4:	da3e      	bge.n	10001f34 <divmod_u64u64_unsafe>
10001eb6:	b500      	push	{lr}
10001eb8:	43c9      	mvns	r1, r1
10001eba:	4240      	negs	r0, r0
10001ebc:	d100      	bne.n	10001ec0 <l40_1>
10001ebe:	3101      	adds	r1, #1

10001ec0 <l40_1>:
10001ec0:	f000 f838 	bl	10001f34 <divmod_u64u64_unsafe>
10001ec4:	43c9      	mvns	r1, r1
10001ec6:	4240      	negs	r0, r0
10001ec8:	d100      	bne.n	10001ecc <l41_1>
10001eca:	3101      	adds	r1, #1

10001ecc <l41_1>:
10001ecc:	43db      	mvns	r3, r3
10001ece:	4252      	negs	r2, r2
10001ed0:	d100      	bne.n	10001ed4 <l42_1>
10001ed2:	3301      	adds	r3, #1

10001ed4 <l42_1>:
10001ed4:	bd00      	pop	{pc}
10001ed6:	2a00      	cmp	r2, #0
10001ed8:	d1eb      	bne.n	10001eb2 <divmod_s64s64_unsafe+0x6>
10001eda:	2800      	cmp	r0, #0
10001edc:	d101      	bne.n	10001ee2 <l42_1+0xe>
10001ede:	2900      	cmp	r1, #0
10001ee0:	d005      	beq.n	10001eee <l42_1+0x1a>
10001ee2:	2000      	movs	r0, #0
10001ee4:	0fc9      	lsrs	r1, r1, #31
10001ee6:	07c9      	lsls	r1, r1, #31
10001ee8:	d101      	bne.n	10001eee <l42_1+0x1a>
10001eea:	43c0      	mvns	r0, r0
10001eec:	0841      	lsrs	r1, r0, #1
10001eee:	b500      	push	{lr}
10001ef0:	f004 ffa2 	bl	10006e38 <____aeabi_ldiv0_veneer>
10001ef4:	2200      	movs	r2, #0
10001ef6:	2300      	movs	r3, #0
10001ef8:	bd00      	pop	{pc}
10001efa:	b500      	push	{lr}
10001efc:	2900      	cmp	r1, #0
10001efe:	db0a      	blt.n	10001f16 <l44_1+0x2>
10001f00:	43db      	mvns	r3, r3
10001f02:	4252      	negs	r2, r2
10001f04:	d100      	bne.n	10001f08 <l43_1>
10001f06:	3301      	adds	r3, #1

10001f08 <l43_1>:
10001f08:	f000 f814 	bl	10001f34 <divmod_u64u64_unsafe>
10001f0c:	43c9      	mvns	r1, r1
10001f0e:	4240      	negs	r0, r0
10001f10:	d100      	bne.n	10001f14 <l44_1>
10001f12:	3101      	adds	r1, #1

10001f14 <l44_1>:
10001f14:	bd00      	pop	{pc}
10001f16:	43c9      	mvns	r1, r1
10001f18:	4240      	negs	r0, r0
10001f1a:	d100      	bne.n	10001f1e <l45_1>
10001f1c:	3101      	adds	r1, #1

10001f1e <l45_1>:
10001f1e:	43db      	mvns	r3, r3
10001f20:	4252      	negs	r2, r2
10001f22:	d100      	bne.n	10001f26 <l46_1>
10001f24:	3301      	adds	r3, #1

10001f26 <l46_1>:
10001f26:	f000 f805 	bl	10001f34 <divmod_u64u64_unsafe>
10001f2a:	43db      	mvns	r3, r3
10001f2c:	4252      	negs	r2, r2
10001f2e:	d100      	bne.n	10001f32 <l47_1>
10001f30:	3301      	adds	r3, #1

10001f32 <l47_1>:
10001f32:	bd00      	pop	{pc}

10001f34 <divmod_u64u64_unsafe>:
10001f34:	2900      	cmp	r1, #0
10001f36:	d123      	bne.n	10001f80 <y64>
10001f38:	2b00      	cmp	r3, #0
10001f3a:	d118      	bne.n	10001f6e <udiv0+0x10>
10001f3c:	2a00      	cmp	r2, #0
10001f3e:	d00c      	beq.n	10001f5a <divmod_u64u64_unsafe+0x26>
10001f40:	46bc      	mov	ip, r7
10001f42:	4f0d      	ldr	r7, [pc, #52]	; (10001f78 <udiv0+0x1a>)
10001f44:	6638      	str	r0, [r7, #96]	; 0x60
10001f46:	667a      	str	r2, [r7, #100]	; 0x64
10001f48:	2100      	movs	r1, #0
10001f4a:	2300      	movs	r3, #0
10001f4c:	e7ff      	b.n	10001f4e <divmod_u64u64_unsafe+0x1a>
10001f4e:	e7ff      	b.n	10001f50 <divmod_u64u64_unsafe+0x1c>
10001f50:	e7ff      	b.n	10001f52 <divmod_u64u64_unsafe+0x1e>
10001f52:	6f7a      	ldr	r2, [r7, #116]	; 0x74
10001f54:	6f38      	ldr	r0, [r7, #112]	; 0x70
10001f56:	4667      	mov	r7, ip
10001f58:	4770      	bx	lr
10001f5a:	2800      	cmp	r0, #0
10001f5c:	d001      	beq.n	10001f62 <udiv0+0x4>

10001f5e <udiv0>:
10001f5e:	4807      	ldr	r0, [pc, #28]	; (10001f7c <udiv0+0x1e>)
10001f60:	0001      	movs	r1, r0
10001f62:	b500      	push	{lr}
10001f64:	f004 ff68 	bl	10006e38 <____aeabi_ldiv0_veneer>
10001f68:	2200      	movs	r2, #0
10001f6a:	2300      	movs	r3, #0
10001f6c:	bd00      	pop	{pc}
10001f6e:	0002      	movs	r2, r0
10001f70:	000b      	movs	r3, r1
10001f72:	2000      	movs	r0, #0
10001f74:	2100      	movs	r1, #0
10001f76:	4770      	bx	lr
10001f78:	d0000000 	.word	0xd0000000
10001f7c:	ffffffff 	.word	0xffffffff

10001f80 <y64>:
10001f80:	2b00      	cmp	r3, #0
10001f82:	d000      	beq.n	10001f86 <y64+0x6>
10001f84:	e0bf      	b.n	10002106 <y64_x48>
10001f86:	0c13      	lsrs	r3, r2, #16
10001f88:	d128      	bne.n	10001fdc <y64_x32>
10001f8a:	2a00      	cmp	r2, #0
10001f8c:	d0e7      	beq.n	10001f5e <udiv0>
10001f8e:	b480      	push	{r7}
10001f90:	4f11      	ldr	r7, [pc, #68]	; (10001fd8 <y64+0x58>)
10001f92:	6639      	str	r1, [r7, #96]	; 0x60
10001f94:	667a      	str	r2, [r7, #100]	; 0x64
10001f96:	e7ff      	b.n	10001f98 <y64+0x18>
10001f98:	e7ff      	b.n	10001f9a <y64+0x1a>
10001f9a:	b430      	push	{r4, r5}
10001f9c:	0c04      	lsrs	r4, r0, #16
10001f9e:	6f7b      	ldr	r3, [r7, #116]	; 0x74
10001fa0:	6f39      	ldr	r1, [r7, #112]	; 0x70
10001fa2:	041b      	lsls	r3, r3, #16
10001fa4:	4323      	orrs	r3, r4
10001fa6:	663b      	str	r3, [r7, #96]	; 0x60
10001fa8:	667a      	str	r2, [r7, #100]	; 0x64
10001faa:	e7ff      	b.n	10001fac <y64+0x2c>
10001fac:	e7ff      	b.n	10001fae <y64+0x2e>
10001fae:	e7ff      	b.n	10001fb0 <y64+0x30>
10001fb0:	46c0      	nop			; (mov r8, r8)
10001fb2:	b284      	uxth	r4, r0
10001fb4:	6f7b      	ldr	r3, [r7, #116]	; 0x74
10001fb6:	6f3d      	ldr	r5, [r7, #112]	; 0x70
10001fb8:	041b      	lsls	r3, r3, #16
10001fba:	4323      	orrs	r3, r4
10001fbc:	663b      	str	r3, [r7, #96]	; 0x60
10001fbe:	667a      	str	r2, [r7, #100]	; 0x64
10001fc0:	e7ff      	b.n	10001fc2 <y64+0x42>
10001fc2:	e7ff      	b.n	10001fc4 <y64+0x44>
10001fc4:	46c0      	nop			; (mov r8, r8)
10001fc6:	2300      	movs	r3, #0
10001fc8:	042c      	lsls	r4, r5, #16
10001fca:	0c2d      	lsrs	r5, r5, #16
10001fcc:	6f7a      	ldr	r2, [r7, #116]	; 0x74
10001fce:	6f38      	ldr	r0, [r7, #112]	; 0x70
10001fd0:	1900      	adds	r0, r0, r4
10001fd2:	4169      	adcs	r1, r5
10001fd4:	bcb0      	pop	{r4, r5, r7}
10001fd6:	4770      	bx	lr
10001fd8:	d0000000 	.word	0xd0000000

10001fdc <y64_x32>:
10001fdc:	b5f0      	push	{r4, r5, r6, r7, lr}
10001fde:	4694      	mov	ip, r2
10001fe0:	2500      	movs	r5, #0
10001fe2:	0e14      	lsrs	r4, r2, #24
10001fe4:	d101      	bne.n	10001fea <y64_x32+0xe>
10001fe6:	0212      	lsls	r2, r2, #8
10001fe8:	3508      	adds	r5, #8
10001fea:	0f14      	lsrs	r4, r2, #28
10001fec:	d101      	bne.n	10001ff2 <y64_x32+0x16>
10001fee:	0112      	lsls	r2, r2, #4
10001ff0:	3504      	adds	r5, #4
10001ff2:	0f94      	lsrs	r4, r2, #30
10001ff4:	d101      	bne.n	10001ffa <y64_x32+0x1e>
10001ff6:	0092      	lsls	r2, r2, #2
10001ff8:	3502      	adds	r5, #2
10001ffa:	0fd4      	lsrs	r4, r2, #31
10001ffc:	d101      	bne.n	10002002 <y64_x32+0x26>
10001ffe:	0052      	lsls	r2, r2, #1
10002000:	3501      	adds	r5, #1
10002002:	0bd4      	lsrs	r4, r2, #15
10002004:	3401      	adds	r4, #1
10002006:	4f25      	ldr	r7, [pc, #148]	; (1000209c <y64_x32+0xc0>)
10002008:	667c      	str	r4, [r7, #100]	; 0x64
1000200a:	4c25      	ldr	r4, [pc, #148]	; (100020a0 <y64_x32+0xc4>)
1000200c:	663c      	str	r4, [r7, #96]	; 0x60
1000200e:	0c0e      	lsrs	r6, r1, #16
10002010:	b293      	uxth	r3, r2
10002012:	e7ff      	b.n	10002014 <y64_x32+0x38>
10002014:	e7ff      	b.n	10002016 <y64_x32+0x3a>
10002016:	e7ff      	b.n	10002018 <y64_x32+0x3c>
10002018:	6f3c      	ldr	r4, [r7, #112]	; 0x70
1000201a:	4366      	muls	r6, r4
1000201c:	0c36      	lsrs	r6, r6, #16
1000201e:	0377      	lsls	r7, r6, #13
10002020:	46be      	mov	lr, r7
10002022:	4373      	muls	r3, r6
10002024:	0bdf      	lsrs	r7, r3, #15
10002026:	045b      	lsls	r3, r3, #17
10002028:	1ac0      	subs	r0, r0, r3
1000202a:	41b9      	sbcs	r1, r7
1000202c:	0c13      	lsrs	r3, r2, #16
1000202e:	4373      	muls	r3, r6
10002030:	18db      	adds	r3, r3, r3
10002032:	1ac9      	subs	r1, r1, r3
10002034:	08ce      	lsrs	r6, r1, #3
10002036:	4366      	muls	r6, r4
10002038:	0c36      	lsrs	r6, r6, #16
1000203a:	44b6      	add	lr, r6
1000203c:	b293      	uxth	r3, r2
1000203e:	4373      	muls	r3, r6
10002040:	0f1f      	lsrs	r7, r3, #28
10002042:	011b      	lsls	r3, r3, #4
10002044:	1ac0      	subs	r0, r0, r3
10002046:	41b9      	sbcs	r1, r7
10002048:	0c13      	lsrs	r3, r2, #16
1000204a:	4373      	muls	r3, r6
1000204c:	0b1f      	lsrs	r7, r3, #12
1000204e:	051b      	lsls	r3, r3, #20
10002050:	1ac0      	subs	r0, r0, r3
10002052:	41b9      	sbcs	r1, r7
10002054:	0d86      	lsrs	r6, r0, #22
10002056:	028f      	lsls	r7, r1, #10
10002058:	433e      	orrs	r6, r7
1000205a:	4366      	muls	r6, r4
1000205c:	0c36      	lsrs	r6, r6, #16
1000205e:	2d09      	cmp	r5, #9
10002060:	db24      	blt.n	100020ac <last0>
10002062:	0a52      	lsrs	r2, r2, #9
10002064:	4372      	muls	r2, r6
10002066:	1a80      	subs	r0, r0, r2
10002068:	0377      	lsls	r7, r6, #13
1000206a:	0a46      	lsrs	r6, r0, #9
1000206c:	4366      	muls	r6, r4
1000206e:	0c36      	lsrs	r6, r6, #16
10002070:	2316      	movs	r3, #22
10002072:	1b5b      	subs	r3, r3, r5
10002074:	40de      	lsrs	r6, r3
10002076:	40df      	lsrs	r7, r3
10002078:	19bf      	adds	r7, r7, r6
1000207a:	4664      	mov	r4, ip
1000207c:	4366      	muls	r6, r4
1000207e:	1b82      	subs	r2, r0, r6
10002080:	4670      	mov	r0, lr
10002082:	3504      	adds	r5, #4
10002084:	3306      	adds	r3, #6
10002086:	0001      	movs	r1, r0
10002088:	40d9      	lsrs	r1, r3
1000208a:	40a8      	lsls	r0, r5
1000208c:	19c0      	adds	r0, r0, r7
1000208e:	d300      	bcc.n	10002092 <y64_x32+0xb6>
10002090:	3101      	adds	r1, #1
10002092:	42a2      	cmp	r2, r4
10002094:	d206      	bcs.n	100020a4 <y64_x32+0xc8>
10002096:	2300      	movs	r3, #0
10002098:	bdf0      	pop	{r4, r5, r6, r7, pc}
1000209a:	0000      	.short	0x0000
1000209c:	d0000000 	.word	0xd0000000
100020a0:	ffffffff 	.word	0xffffffff
100020a4:	1b12      	subs	r2, r2, r4
100020a6:	3001      	adds	r0, #1
100020a8:	d3f3      	bcc.n	10002092 <y64_x32+0xb6>
100020aa:	e7f1      	b.n	10002090 <y64_x32+0xb4>

100020ac <last0>:
100020ac:	2709      	movs	r7, #9
100020ae:	1b7f      	subs	r7, r7, r5
100020b0:	40fe      	lsrs	r6, r7
100020b2:	4664      	mov	r4, ip
100020b4:	b2a2      	uxth	r2, r4
100020b6:	4372      	muls	r2, r6
100020b8:	1a80      	subs	r0, r0, r2
100020ba:	d200      	bcs.n	100020be <last0+0x12>
100020bc:	3901      	subs	r1, #1
100020be:	0c22      	lsrs	r2, r4, #16
100020c0:	4372      	muls	r2, r6
100020c2:	0c13      	lsrs	r3, r2, #16
100020c4:	0412      	lsls	r2, r2, #16
100020c6:	1a82      	subs	r2, r0, r2
100020c8:	4199      	sbcs	r1, r3
100020ca:	000b      	movs	r3, r1
100020cc:	4670      	mov	r0, lr
100020ce:	3504      	adds	r5, #4
100020d0:	3713      	adds	r7, #19
100020d2:	0001      	movs	r1, r0
100020d4:	40f9      	lsrs	r1, r7
100020d6:	40a8      	lsls	r0, r5
100020d8:	1980      	adds	r0, r0, r6
100020da:	d300      	bcc.n	100020de <last0+0x32>
100020dc:	3101      	adds	r1, #1
100020de:	2b00      	cmp	r3, #0
100020e0:	d102      	bne.n	100020e8 <last0+0x3c>
100020e2:	42a2      	cmp	r2, r4
100020e4:	d20a      	bcs.n	100020fc <last0+0x50>
100020e6:	bdf0      	pop	{r4, r5, r6, r7, pc}
100020e8:	3001      	adds	r0, #1
100020ea:	d300      	bcc.n	100020ee <last0+0x42>
100020ec:	3101      	adds	r1, #1
100020ee:	1b12      	subs	r2, r2, r4
100020f0:	d2fa      	bcs.n	100020e8 <last0+0x3c>
100020f2:	3b01      	subs	r3, #1
100020f4:	d1f8      	bne.n	100020e8 <last0+0x3c>
100020f6:	42a2      	cmp	r2, r4
100020f8:	d200      	bcs.n	100020fc <last0+0x50>
100020fa:	bdf0      	pop	{r4, r5, r6, r7, pc}
100020fc:	3001      	adds	r0, #1
100020fe:	d300      	bcc.n	10002102 <last0+0x56>
10002100:	3101      	adds	r1, #1
10002102:	1b12      	subs	r2, r2, r4
10002104:	e7f7      	b.n	100020f6 <last0+0x4a>

10002106 <y64_x48>:
10002106:	b5f0      	push	{r4, r5, r6, r7, lr}
10002108:	0c1c      	lsrs	r4, r3, #16
1000210a:	d000      	beq.n	1000210e <y64_x48+0x8>
1000210c:	e080      	b.n	10002210 <y64_x64>
1000210e:	b40c      	push	{r2, r3}
10002110:	2500      	movs	r5, #0
10002112:	0a1c      	lsrs	r4, r3, #8
10002114:	d104      	bne.n	10002120 <y64_x48+0x1a>
10002116:	021b      	lsls	r3, r3, #8
10002118:	0e16      	lsrs	r6, r2, #24
1000211a:	4333      	orrs	r3, r6
1000211c:	0212      	lsls	r2, r2, #8
1000211e:	3508      	adds	r5, #8
10002120:	0b1c      	lsrs	r4, r3, #12
10002122:	d104      	bne.n	1000212e <y64_x48+0x28>
10002124:	011b      	lsls	r3, r3, #4
10002126:	0f16      	lsrs	r6, r2, #28
10002128:	4333      	orrs	r3, r6
1000212a:	0112      	lsls	r2, r2, #4
1000212c:	3504      	adds	r5, #4
1000212e:	0b9c      	lsrs	r4, r3, #14
10002130:	d104      	bne.n	1000213c <y64_x48+0x36>
10002132:	009b      	lsls	r3, r3, #2
10002134:	0f96      	lsrs	r6, r2, #30
10002136:	4333      	orrs	r3, r6
10002138:	0092      	lsls	r2, r2, #2
1000213a:	3502      	adds	r5, #2
1000213c:	0bdc      	lsrs	r4, r3, #15
1000213e:	d102      	bne.n	10002146 <y64_x48+0x40>
10002140:	1892      	adds	r2, r2, r2
10002142:	415b      	adcs	r3, r3
10002144:	3501      	adds	r5, #1
10002146:	001c      	movs	r4, r3
10002148:	1897      	adds	r7, r2, r2
1000214a:	4164      	adcs	r4, r4
1000214c:	3401      	adds	r4, #1
1000214e:	4f46      	ldr	r7, [pc, #280]	; (10002268 <y64_x64+0x58>)
10002150:	667c      	str	r4, [r7, #100]	; 0x64
10002152:	4c46      	ldr	r4, [pc, #280]	; (1000226c <y64_x64+0x5c>)
10002154:	663c      	str	r4, [r7, #96]	; 0x60
10002156:	0c0e      	lsrs	r6, r1, #16
10002158:	e7ff      	b.n	1000215a <y64_x48+0x54>
1000215a:	e7ff      	b.n	1000215c <y64_x48+0x56>
1000215c:	e7ff      	b.n	1000215e <y64_x48+0x58>
1000215e:	46c0      	nop			; (mov r8, r8)
10002160:	6f3c      	ldr	r4, [r7, #112]	; 0x70
10002162:	4366      	muls	r6, r4
10002164:	0c36      	lsrs	r6, r6, #16
10002166:	0377      	lsls	r7, r6, #13
10002168:	46be      	mov	lr, r7
1000216a:	b297      	uxth	r7, r2
1000216c:	4377      	muls	r7, r6
1000216e:	1bc0      	subs	r0, r0, r7
10002170:	d200      	bcs.n	10002174 <y64_x48+0x6e>
10002172:	3901      	subs	r1, #1
10002174:	1bc0      	subs	r0, r0, r7
10002176:	d200      	bcs.n	1000217a <y64_x48+0x74>
10002178:	3901      	subs	r1, #1
1000217a:	b29f      	uxth	r7, r3
1000217c:	4377      	muls	r7, r6
1000217e:	1bc9      	subs	r1, r1, r7
10002180:	1bc9      	subs	r1, r1, r7
10002182:	0c17      	lsrs	r7, r2, #16
10002184:	4377      	muls	r7, r6
10002186:	047e      	lsls	r6, r7, #17
10002188:	0bff      	lsrs	r7, r7, #15
1000218a:	1b80      	subs	r0, r0, r6
1000218c:	41b9      	sbcs	r1, r7
1000218e:	08ce      	lsrs	r6, r1, #3
10002190:	4366      	muls	r6, r4
10002192:	0c36      	lsrs	r6, r6, #16
10002194:	2d0c      	cmp	r5, #12
10002196:	db33      	blt.n	10002200 <last1>
10002198:	44b6      	add	lr, r6
1000219a:	0b12      	lsrs	r2, r2, #12
1000219c:	051f      	lsls	r7, r3, #20
1000219e:	433a      	orrs	r2, r7
100021a0:	0b1b      	lsrs	r3, r3, #12
100021a2:	b297      	uxth	r7, r2
100021a4:	4377      	muls	r7, r6
100021a6:	1bc0      	subs	r0, r0, r7
100021a8:	d200      	bcs.n	100021ac <y64_x48+0xa6>
100021aa:	3901      	subs	r1, #1
100021ac:	b29f      	uxth	r7, r3
100021ae:	4377      	muls	r7, r6
100021b0:	1bc9      	subs	r1, r1, r7
100021b2:	0c17      	lsrs	r7, r2, #16
100021b4:	4377      	muls	r7, r6
100021b6:	043e      	lsls	r6, r7, #16
100021b8:	0c3f      	lsrs	r7, r7, #16
100021ba:	1b80      	subs	r0, r0, r6
100021bc:	41b9      	sbcs	r1, r7
100021be:	0d86      	lsrs	r6, r0, #22
100021c0:	028f      	lsls	r7, r1, #10
100021c2:	433e      	orrs	r6, r7
100021c4:	4366      	muls	r6, r4
100021c6:	2729      	movs	r7, #41	; 0x29
100021c8:	1b7f      	subs	r7, r7, r5
100021ca:	40fe      	lsrs	r6, r7
100021cc:	3d0c      	subs	r5, #12
100021ce:	4677      	mov	r7, lr
100021d0:	40af      	lsls	r7, r5
100021d2:	19bf      	adds	r7, r7, r6
100021d4:	bc30      	pop	{r4, r5}
100021d6:	b2a2      	uxth	r2, r4
100021d8:	b2ab      	uxth	r3, r5
100021da:	4372      	muls	r2, r6
100021dc:	4373      	muls	r3, r6
100021de:	1a80      	subs	r0, r0, r2
100021e0:	4199      	sbcs	r1, r3
100021e2:	0c22      	lsrs	r2, r4, #16
100021e4:	4372      	muls	r2, r6
100021e6:	0c13      	lsrs	r3, r2, #16
100021e8:	0412      	lsls	r2, r2, #16
100021ea:	1a80      	subs	r0, r0, r2
100021ec:	4199      	sbcs	r1, r3
100021ee:	0002      	movs	r2, r0
100021f0:	000b      	movs	r3, r1
100021f2:	3701      	adds	r7, #1
100021f4:	1b00      	subs	r0, r0, r4
100021f6:	41a9      	sbcs	r1, r5
100021f8:	d2f9      	bcs.n	100021ee <y64_x48+0xe8>
100021fa:	1e78      	subs	r0, r7, #1
100021fc:	2100      	movs	r1, #0
100021fe:	bdf0      	pop	{r4, r5, r6, r7, pc}

10002200 <last1>:
10002200:	270c      	movs	r7, #12
10002202:	1b7f      	subs	r7, r7, r5
10002204:	40fe      	lsrs	r6, r7
10002206:	4677      	mov	r7, lr
10002208:	0b7f      	lsrs	r7, r7, #13
1000220a:	40af      	lsls	r7, r5
1000220c:	19ff      	adds	r7, r7, r7
1000220e:	e7e0      	b.n	100021d2 <y64_x48+0xcc>

10002210 <y64_x64>:
10002210:	2400      	movs	r4, #0
10002212:	1c5d      	adds	r5, r3, #1
10002214:	d007      	beq.n	10002226 <y64_x64+0x16>
10002216:	4f14      	ldr	r7, [pc, #80]	; (10002268 <y64_x64+0x58>)
10002218:	667d      	str	r5, [r7, #100]	; 0x64
1000221a:	6639      	str	r1, [r7, #96]	; 0x60
1000221c:	e7ff      	b.n	1000221e <y64_x64+0xe>
1000221e:	e7ff      	b.n	10002220 <y64_x64+0x10>
10002220:	e7ff      	b.n	10002222 <y64_x64+0x12>
10002222:	e7ff      	b.n	10002224 <y64_x64+0x14>
10002224:	6f3c      	ldr	r4, [r7, #112]	; 0x70
10002226:	b295      	uxth	r5, r2
10002228:	b29e      	uxth	r6, r3
1000222a:	4365      	muls	r5, r4
1000222c:	4366      	muls	r6, r4
1000222e:	1b40      	subs	r0, r0, r5
10002230:	41b1      	sbcs	r1, r6
10002232:	0c15      	lsrs	r5, r2, #16
10002234:	0c1e      	lsrs	r6, r3, #16
10002236:	4365      	muls	r5, r4
10002238:	4366      	muls	r6, r4
1000223a:	0436      	lsls	r6, r6, #16
1000223c:	0c2f      	lsrs	r7, r5, #16
1000223e:	433e      	orrs	r6, r7
10002240:	042d      	lsls	r5, r5, #16
10002242:	1b40      	subs	r0, r0, r5
10002244:	41b1      	sbcs	r1, r6
10002246:	4299      	cmp	r1, r3
10002248:	d204      	bcs.n	10002254 <y64_x64+0x44>
1000224a:	0002      	movs	r2, r0
1000224c:	000b      	movs	r3, r1
1000224e:	0020      	movs	r0, r4
10002250:	2100      	movs	r1, #0
10002252:	bdf0      	pop	{r4, r5, r6, r7, pc}
10002254:	d101      	bne.n	1000225a <y64_x64+0x4a>
10002256:	4290      	cmp	r0, r2
10002258:	d3f7      	bcc.n	1000224a <y64_x64+0x3a>
1000225a:	1a80      	subs	r0, r0, r2
1000225c:	4199      	sbcs	r1, r3
1000225e:	3401      	adds	r4, #1
10002260:	4299      	cmp	r1, r3
10002262:	d3f2      	bcc.n	1000224a <y64_x64+0x3a>
10002264:	e7f6      	b.n	10002254 <y64_x64+0x44>
10002266:	0000      	.short	0x0000
10002268:	d0000000 	.word	0xd0000000
1000226c:	ffffffff 	.word	0xffffffff

10002270 <__wrap___aeabi_drsub>:
10002270:	4048      	eors	r0, r1
10002272:	4041      	eors	r1, r0
10002274:	4048      	eors	r0, r1

10002276 <__wrap___aeabi_dsub>:
10002276:	b418      	push	{r3, r4}
10002278:	4b1b      	ldr	r3, [pc, #108]	; (100022e8 <__wrap___aeabi_dmul+0x12>)
1000227a:	685b      	ldr	r3, [r3, #4]
1000227c:	46fc      	mov	ip, pc
1000227e:	9301      	str	r3, [sp, #4]
10002280:	bd08      	pop	{r3, pc}
10002282:	df04      	.short	0xdf04
10002284:	10002547 	.word	0x10002547

10002288 <__wrap___aeabi_dadd>:
10002288:	b418      	push	{r3, r4}
1000228a:	4b17      	ldr	r3, [pc, #92]	; (100022e8 <__wrap___aeabi_dmul+0x12>)
1000228c:	681b      	ldr	r3, [r3, #0]
1000228e:	46fc      	mov	ip, pc
10002290:	9301      	str	r3, [sp, #4]
10002292:	bd08      	pop	{r3, pc}
10002294:	2551df00 	.word	0x2551df00
10002298:	1000      	.short	0x1000

1000229a <__wrap___aeabi_ddiv>:
1000229a:	4694      	mov	ip, r2
1000229c:	4a13      	ldr	r2, [pc, #76]	; (100022ec <__wrap___aeabi_dmul+0x16>)
1000229e:	6f92      	ldr	r2, [r2, #120]	; 0x78
100022a0:	0892      	lsrs	r2, r2, #2
100022a2:	d209      	bcs.n	100022b8 <ddiv_save_state>
100022a4:	4662      	mov	r2, ip

100022a6 <ddiv_shim_call>:
100022a6:	b418      	push	{r3, r4}
100022a8:	4b0f      	ldr	r3, [pc, #60]	; (100022e8 <__wrap___aeabi_dmul+0x12>)
100022aa:	68db      	ldr	r3, [r3, #12]
100022ac:	46fc      	mov	ip, pc
100022ae:	9301      	str	r3, [sp, #4]
100022b0:	bd08      	pop	{r3, pc}
100022b2:	df0c      	.short	0xdf0c
100022b4:	10002809 	.word	0x10002809

100022b8 <ddiv_save_state>:
100022b8:	4a0c      	ldr	r2, [pc, #48]	; (100022ec <__wrap___aeabi_dmul+0x16>)
100022ba:	b5f0      	push	{r4, r5, r6, r7, lr}
100022bc:	6e14      	ldr	r4, [r2, #96]	; 0x60
100022be:	6e55      	ldr	r5, [r2, #100]	; 0x64
100022c0:	6f57      	ldr	r7, [r2, #116]	; 0x74
100022c2:	6f16      	ldr	r6, [r2, #112]	; 0x70
100022c4:	4662      	mov	r2, ip
100022c6:	f7ff ffee 	bl	100022a6 <ddiv_shim_call>
100022ca:	4a08      	ldr	r2, [pc, #32]	; (100022ec <__wrap___aeabi_dmul+0x16>)
100022cc:	6614      	str	r4, [r2, #96]	; 0x60
100022ce:	6655      	str	r5, [r2, #100]	; 0x64
100022d0:	6757      	str	r7, [r2, #116]	; 0x74
100022d2:	6716      	str	r6, [r2, #112]	; 0x70
100022d4:	bdf0      	pop	{r4, r5, r6, r7, pc}

100022d6 <__wrap___aeabi_dmul>:
100022d6:	b418      	push	{r3, r4}
100022d8:	4b03      	ldr	r3, [pc, #12]	; (100022e8 <__wrap___aeabi_dmul+0x12>)
100022da:	689b      	ldr	r3, [r3, #8]
100022dc:	46fc      	mov	ip, pc
100022de:	9301      	str	r3, [sp, #4]
100022e0:	bd08      	pop	{r3, pc}
100022e2:	df08      	.short	0xdf08
100022e4:	100026ad 	.word	0x100026ad
100022e8:	20001b50 	.word	0x20001b50
100022ec:	d0000000 	.word	0xd0000000

100022f0 <__wrap___aeabi_cdrcmple>:
100022f0:	b5ff      	push	{r0, r1, r2, r3, r4, r5, r6, r7, lr}
100022f2:	4050      	eors	r0, r2
100022f4:	4042      	eors	r2, r0
100022f6:	4050      	eors	r0, r2
100022f8:	4059      	eors	r1, r3
100022fa:	404b      	eors	r3, r1
100022fc:	4059      	eors	r1, r3
100022fe:	e000      	b.n	10002302 <__aeabi_dfcmple_guts>

10002300 <__wrap___aeabi_cdcmpeq>:
10002300:	b5ff      	push	{r0, r1, r2, r3, r4, r5, r6, r7, lr}

10002302 <__aeabi_dfcmple_guts>:
10002302:	4f15      	ldr	r7, [pc, #84]	; (10002358 <__aeabi_dfcmple_guts+0x56>)
10002304:	004c      	lsls	r4, r1, #1
10002306:	0d64      	lsrs	r4, r4, #21
10002308:	d003      	beq.n	10002312 <__aeabi_dfcmple_guts+0x10>
1000230a:	42bc      	cmp	r4, r7
1000230c:	d104      	bne.n	10002318 <__aeabi_dfcmple_guts+0x16>
1000230e:	030c      	lsls	r4, r1, #12
10002310:	d814      	bhi.n	1000233c <__aeabi_dfcmple_guts+0x3a>
10002312:	2000      	movs	r0, #0
10002314:	0d09      	lsrs	r1, r1, #20
10002316:	0509      	lsls	r1, r1, #20
10002318:	005c      	lsls	r4, r3, #1
1000231a:	0d64      	lsrs	r4, r4, #21
1000231c:	d003      	beq.n	10002326 <__aeabi_dfcmple_guts+0x24>
1000231e:	42bc      	cmp	r4, r7
10002320:	d104      	bne.n	1000232c <__aeabi_dfcmple_guts+0x2a>
10002322:	031c      	lsls	r4, r3, #12
10002324:	d80a      	bhi.n	1000233c <__aeabi_dfcmple_guts+0x3a>
10002326:	2200      	movs	r2, #0
10002328:	0d1b      	lsrs	r3, r3, #20
1000232a:	051b      	lsls	r3, r3, #20
1000232c:	2601      	movs	r6, #1
1000232e:	404b      	eors	r3, r1
10002330:	d409      	bmi.n	10002346 <__aeabi_dfcmple_guts+0x44>
10002332:	404b      	eors	r3, r1
10002334:	d503      	bpl.n	1000233e <__aeabi_dfcmple_guts+0x3c>
10002336:	428b      	cmp	r3, r1
10002338:	d100      	bne.n	1000233c <__aeabi_dfcmple_guts+0x3a>
1000233a:	4282      	cmp	r2, r0
1000233c:	bdff      	pop	{r0, r1, r2, r3, r4, r5, r6, r7, pc}
1000233e:	4299      	cmp	r1, r3
10002340:	d1fc      	bne.n	1000233c <__aeabi_dfcmple_guts+0x3a>
10002342:	4290      	cmp	r0, r2
10002344:	bdff      	pop	{r0, r1, r2, r3, r4, r5, r6, r7, pc}
10002346:	430b      	orrs	r3, r1
10002348:	18db      	adds	r3, r3, r3
1000234a:	4303      	orrs	r3, r0
1000234c:	4313      	orrs	r3, r2
1000234e:	d0f5      	beq.n	1000233c <__aeabi_dfcmple_guts+0x3a>
10002350:	43c9      	mvns	r1, r1
10002352:	1849      	adds	r1, r1, r1
10002354:	bdff      	pop	{r0, r1, r2, r3, r4, r5, r6, r7, pc}
10002356:	0000      	.short	0x0000
10002358:	000007ff 	.word	0x000007ff

1000235c <__wrap___aeabi_dcmplt>:
1000235c:	b500      	push	{lr}
1000235e:	f7ff ffcf 	bl	10002300 <__wrap___aeabi_cdcmpeq>
10002362:	4180      	sbcs	r0, r0
10002364:	bd00      	pop	{pc}
10002366:	46c0      	nop			; (mov r8, r8)

10002368 <__wrap___aeabi_dcmple>:
10002368:	b500      	push	{lr}
1000236a:	f7ff ffc9 	bl	10002300 <__wrap___aeabi_cdcmpeq>
1000236e:	d901      	bls.n	10002374 <__wrap___aeabi_dcmple+0xc>
10002370:	2000      	movs	r0, #0
10002372:	bd00      	pop	{pc}
10002374:	2001      	movs	r0, #1
10002376:	bd00      	pop	{pc}

10002378 <__wrap___aeabi_dcmpge>:
10002378:	b500      	push	{lr}
1000237a:	f7ff ffb9 	bl	100022f0 <__wrap___aeabi_cdrcmple>
1000237e:	d901      	bls.n	10002384 <__wrap___aeabi_dcmpge+0xc>
10002380:	2000      	movs	r0, #0
10002382:	bd00      	pop	{pc}
10002384:	2001      	movs	r0, #1
10002386:	bd00      	pop	{pc}

10002388 <__wrap___aeabi_dcmpgt>:
10002388:	b500      	push	{lr}
1000238a:	f7ff ffb1 	bl	100022f0 <__wrap___aeabi_cdrcmple>
1000238e:	4180      	sbcs	r0, r0
10002390:	bd00      	pop	{pc}

10002392 <__wrap___aeabi_dcmpun>:
10002392:	2001      	movs	r0, #1
10002394:	0540      	lsls	r0, r0, #21
10002396:	004a      	lsls	r2, r1, #1
10002398:	1812      	adds	r2, r2, r0
1000239a:	d804      	bhi.n	100023a6 <__wrap___aeabi_dcmpun+0x14>
1000239c:	005a      	lsls	r2, r3, #1
1000239e:	1812      	adds	r2, r2, r0
100023a0:	d801      	bhi.n	100023a6 <__wrap___aeabi_dcmpun+0x14>
100023a2:	2000      	movs	r0, #0
100023a4:	4770      	bx	lr
100023a6:	2001      	movs	r0, #1
100023a8:	4770      	bx	lr
	...

100023ac <__wrap___aeabi_ui2d>:
100023ac:	2100      	movs	r1, #0
100023ae:	2800      	cmp	r0, #0
100023b0:	d105      	bne.n	100023be <__wrap___aeabi_i2d+0xa>
100023b2:	4770      	bx	lr

100023b4 <__wrap___aeabi_i2d>:
100023b4:	17c1      	asrs	r1, r0, #31
100023b6:	4048      	eors	r0, r1
100023b8:	1a40      	subs	r0, r0, r1
100023ba:	d0fa      	beq.n	100023b2 <__wrap___aeabi_ui2d+0x6>
100023bc:	07c9      	lsls	r1, r1, #31
100023be:	b513      	push	{r0, r1, r4, lr}
100023c0:	4b06      	ldr	r3, [pc, #24]	; (100023dc <__wrap___aeabi_i2d+0x28>)
100023c2:	681b      	ldr	r3, [r3, #0]
100023c4:	4798      	blx	r3
100023c6:	bc0c      	pop	{r2, r3}
100023c8:	1c44      	adds	r4, r0, #1
100023ca:	40a2      	lsls	r2, r4
100023cc:	0510      	lsls	r0, r2, #20
100023ce:	0b12      	lsrs	r2, r2, #12
100023d0:	4903      	ldr	r1, [pc, #12]	; (100023e0 <__wrap___aeabi_i2d+0x2c>)
100023d2:	1b09      	subs	r1, r1, r4
100023d4:	0509      	lsls	r1, r1, #20
100023d6:	4319      	orrs	r1, r3
100023d8:	4311      	orrs	r1, r2
100023da:	bd10      	pop	{r4, pc}
100023dc:	20001c50 	.word	0x20001c50
100023e0:	0000041f 	.word	0x0000041f

100023e4 <__wrap___aeabi_d2iz>:
100023e4:	b510      	push	{r4, lr}
100023e6:	004c      	lsls	r4, r1, #1
100023e8:	0d62      	lsrs	r2, r4, #21
100023ea:	2380      	movs	r3, #128	; 0x80
100023ec:	18d2      	adds	r2, r2, r3
100023ee:	00db      	lsls	r3, r3, #3
100023f0:	1ad2      	subs	r2, r2, r3
100023f2:	055b      	lsls	r3, r3, #21
100023f4:	2a7e      	cmp	r2, #126	; 0x7e
100023f6:	dd10      	ble.n	1000241a <__wrap___aeabi_d2iz+0x36>
100023f8:	3a9e      	subs	r2, #158	; 0x9e
100023fa:	da13      	bge.n	10002424 <__wrap___aeabi_d2iz+0x40>
100023fc:	17cc      	asrs	r4, r1, #31
100023fe:	0309      	lsls	r1, r1, #12
10002400:	0849      	lsrs	r1, r1, #1
10002402:	4319      	orrs	r1, r3
10002404:	4252      	negs	r2, r2
10002406:	40d1      	lsrs	r1, r2
10002408:	0064      	lsls	r4, r4, #1
1000240a:	3401      	adds	r4, #1
1000240c:	3215      	adds	r2, #21
1000240e:	2a20      	cmp	r2, #32
10002410:	da05      	bge.n	1000241e <__wrap___aeabi_d2iz+0x3a>
10002412:	40d0      	lsrs	r0, r2
10002414:	4308      	orrs	r0, r1
10002416:	4360      	muls	r0, r4
10002418:	bd10      	pop	{r4, pc}
1000241a:	2000      	movs	r0, #0
1000241c:	bd10      	pop	{r4, pc}
1000241e:	4608      	mov	r0, r1
10002420:	4360      	muls	r0, r4
10002422:	bd10      	pop	{r4, pc}
10002424:	0fc8      	lsrs	r0, r1, #31
10002426:	18c0      	adds	r0, r0, r3
10002428:	3801      	subs	r0, #1
1000242a:	bd10      	pop	{r4, pc}

1000242c <__wrap___aeabi_d2uiz>:
1000242c:	b418      	push	{r3, r4}
1000242e:	4b04      	ldr	r3, [pc, #16]	; (10002440 <__wrap___aeabi_d2uiz+0x14>)
10002430:	6a5b      	ldr	r3, [r3, #36]	; 0x24
10002432:	46fc      	mov	ip, pc
10002434:	9301      	str	r3, [sp, #4]
10002436:	bd08      	pop	{r3, pc}
10002438:	29b9df24 	.word	0x29b9df24
1000243c:	00001000 	.word	0x00001000
10002440:	20001b50 	.word	0x20001b50

10002444 <__aeabi_double_init>:
10002444:	b570      	push	{r4, r5, r6, lr}
10002446:	2313      	movs	r3, #19
10002448:	781c      	ldrb	r4, [r3, #0]
1000244a:	2c01      	cmp	r4, #1
1000244c:	d014      	beq.n	10002478 <__aeabi_double_init+0x34>
1000244e:	2c01      	cmp	r4, #1
10002450:	dc14      	bgt.n	1000247c <__aeabi_double_init+0x38>
10002452:	2c02      	cmp	r4, #2
10002454:	dc02      	bgt.n	1000245c <__aeabi_double_init+0x18>
10002456:	4a1f      	ldr	r2, [pc, #124]	; (100024d4 <__aeabi_double_init+0x90>)
10002458:	4b1f      	ldr	r3, [pc, #124]	; (100024d8 <__aeabi_double_init+0x94>)
1000245a:	649a      	str	r2, [r3, #72]	; 0x48
1000245c:	481f      	ldr	r0, [pc, #124]	; (100024dc <__aeabi_double_init+0x98>)
1000245e:	f7ff fc6f 	bl	10001d40 <rom_func_lookup>
10002462:	4b1f      	ldr	r3, [pc, #124]	; (100024e0 <__aeabi_double_init+0x9c>)
10002464:	6018      	str	r0, [r3, #0]
10002466:	bd70      	pop	{r4, r5, r6, pc}
10002468:	0099      	lsls	r1, r3, #2
1000246a:	481a      	ldr	r0, [pc, #104]	; (100024d4 <__aeabi_double_init+0x90>)
1000246c:	4a1a      	ldr	r2, [pc, #104]	; (100024d8 <__aeabi_double_init+0x94>)
1000246e:	5088      	str	r0, [r1, r2]
10002470:	3301      	adds	r3, #1
10002472:	2b1f      	cmp	r3, #31
10002474:	d9f8      	bls.n	10002468 <__aeabi_double_init+0x24>
10002476:	e7ea      	b.n	1000244e <__aeabi_double_init+0xa>
10002478:	2300      	movs	r3, #0
1000247a:	e7fa      	b.n	10002472 <__aeabi_double_init+0x2e>
1000247c:	4819      	ldr	r0, [pc, #100]	; (100024e4 <__aeabi_double_init+0xa0>)
1000247e:	f7ff fc67 	bl	10001d50 <rom_data_lookup>
10002482:	0005      	movs	r5, r0
10002484:	4818      	ldr	r0, [pc, #96]	; (100024e8 <__aeabi_double_init+0xa4>)
10002486:	f7ff fc63 	bl	10001d50 <rom_data_lookup>
1000248a:	3802      	subs	r0, #2
1000248c:	7803      	ldrb	r3, [r0, #0]
1000248e:	009b      	lsls	r3, r3, #2
10002490:	2b7f      	cmp	r3, #127	; 0x7f
10002492:	dd19      	ble.n	100024c8 <__aeabi_double_init+0x84>
10002494:	2280      	movs	r2, #128	; 0x80
10002496:	0029      	movs	r1, r5
10002498:	480f      	ldr	r0, [pc, #60]	; (100024d8 <__aeabi_double_init+0x94>)
1000249a:	f000 fbab 	bl	10002bf4 <__wrap___aeabi_memcpy>
1000249e:	2c02      	cmp	r4, #2
100024a0:	d1d7      	bne.n	10002452 <__aeabi_double_init+0xe>
100024a2:	4b12      	ldr	r3, [pc, #72]	; (100024ec <__aeabi_double_init+0xa8>)
100024a4:	881a      	ldrh	r2, [r3, #0]
100024a6:	23b5      	movs	r3, #181	; 0xb5
100024a8:	021b      	lsls	r3, r3, #8
100024aa:	429a      	cmp	r2, r3
100024ac:	d109      	bne.n	100024c2 <__aeabi_double_init+0x7e>
100024ae:	4b10      	ldr	r3, [pc, #64]	; (100024f0 <__aeabi_double_init+0xac>)
100024b0:	881a      	ldrh	r2, [r3, #0]
100024b2:	4b10      	ldr	r3, [pc, #64]	; (100024f4 <__aeabi_double_init+0xb0>)
100024b4:	429a      	cmp	r2, r3
100024b6:	d104      	bne.n	100024c2 <__aeabi_double_init+0x7e>
100024b8:	4b0f      	ldr	r3, [pc, #60]	; (100024f8 <__aeabi_double_init+0xb4>)
100024ba:	881a      	ldrh	r2, [r3, #0]
100024bc:	4b0f      	ldr	r3, [pc, #60]	; (100024fc <__aeabi_double_init+0xb8>)
100024be:	429a      	cmp	r2, r3
100024c0:	d0c7      	beq.n	10002452 <__aeabi_double_init+0xe>
100024c2:	2000      	movs	r0, #0
100024c4:	f7fe f89e 	bl	10000604 <panic>
100024c8:	4b0d      	ldr	r3, [pc, #52]	; (10002500 <__aeabi_double_init+0xbc>)
100024ca:	4a0e      	ldr	r2, [pc, #56]	; (10002504 <__aeabi_double_init+0xc0>)
100024cc:	2133      	movs	r1, #51	; 0x33
100024ce:	480e      	ldr	r0, [pc, #56]	; (10002508 <__aeabi_double_init+0xc4>)
100024d0:	f001 fc54 	bl	10003d7c <__assert_func>
100024d4:	1000250d 	.word	0x1000250d
100024d8:	20001b50 	.word	0x20001b50
100024dc:	0000334c 	.word	0x0000334c
100024e0:	20001c50 	.word	0x20001c50
100024e4:	00004453 	.word	0x00004453
100024e8:	00004653 	.word	0x00004653
100024ec:	00003854 	.word	0x00003854
100024f0:	000038d8 	.word	0x000038d8
100024f4:	00004649 	.word	0x00004649
100024f8:	0000389c 	.word	0x0000389c
100024fc:	00004659 	.word	0x00004659
10002500:	100076cc 	.word	0x100076cc
10002504:	10007770 	.word	0x10007770
10002508:	10007710 	.word	0x10007710

1000250c <double_table_shim_on_use_helper>:
1000250c:	b507      	push	{r0, r1, r2, lr}
1000250e:	4660      	mov	r0, ip
10002510:	2800      	cmp	r0, #0
10002512:	d100      	bne.n	10002516 <double_table_shim_on_use_helper+0xa>
10002514:	be00      	bkpt	0x0000
10002516:	8801      	ldrh	r1, [r0, #0]
10002518:	0a0a      	lsrs	r2, r1, #8
1000251a:	3002      	adds	r0, #2
1000251c:	2adf      	cmp	r2, #223	; 0xdf
1000251e:	d1fa      	bne.n	10002516 <double_table_shim_on_use_helper+0xa>
10002520:	b2c9      	uxtb	r1, r1
10002522:	0882      	lsrs	r2, r0, #2
10002524:	d304      	bcc.n	10002530 <double_table_shim_on_use_helper+0x24>
10002526:	8802      	ldrh	r2, [r0, #0]
10002528:	8840      	ldrh	r0, [r0, #2]
1000252a:	0400      	lsls	r0, r0, #16
1000252c:	4310      	orrs	r0, r2
1000252e:	e000      	b.n	10002532 <double_table_shim_on_use_helper+0x26>
10002530:	6800      	ldr	r0, [r0, #0]
10002532:	4a02      	ldr	r2, [pc, #8]	; (1000253c <double_table_shim_on_use_helper+0x30>)
10002534:	5050      	str	r0, [r2, r1]
10002536:	9003      	str	r0, [sp, #12]
10002538:	bd07      	pop	{r0, r1, r2, pc}
1000253a:	0000      	.short	0x0000
1000253c:	20001b50 	.word	0x20001b50

10002540 <drsub_shim>:
10002540:	b40f      	push	{r0, r1, r2, r3}
10002542:	bc03      	pop	{r0, r1}
10002544:	bc0c      	pop	{r2, r3}

10002546 <dsub_shim>:
10002546:	b5f0      	push	{r4, r5, r6, r7, lr}
10002548:	2401      	movs	r4, #1
1000254a:	07e4      	lsls	r4, r4, #31
1000254c:	4063      	eors	r3, r4
1000254e:	e000      	b.n	10002552 <da_entry>

10002550 <dadd_shim>:
10002550:	b5f0      	push	{r4, r5, r6, r7, lr}

10002552 <da_entry>:
10002552:	0d0c      	lsrs	r4, r1, #20
10002554:	0fcf      	lsrs	r7, r1, #31
10002556:	1e66      	subs	r6, r4, #1
10002558:	0536      	lsls	r6, r6, #20
1000255a:	1b89      	subs	r1, r1, r6
1000255c:	0564      	lsls	r4, r4, #21
1000255e:	d303      	bcc.n	10002568 <l8_1>
10002560:	43c9      	mvns	r1, r1
10002562:	4240      	negs	r0, r0
10002564:	d300      	bcc.n	10002568 <l8_1>
10002566:	3101      	adds	r1, #1

10002568 <l8_1>:
10002568:	0d64      	lsrs	r4, r4, #21
1000256a:	d003      	beq.n	10002574 <l8_2>
1000256c:	1c66      	adds	r6, r4, #1
1000256e:	0af6      	lsrs	r6, r6, #11
10002570:	d007      	beq.n	10002582 <l8_3>
10002572:	1be4      	subs	r4, r4, r7

10002574 <l8_2>:
10002574:	2000      	movs	r0, #0
10002576:	007f      	lsls	r7, r7, #1
10002578:	1c79      	adds	r1, r7, #1
1000257a:	0789      	lsls	r1, r1, #30
1000257c:	1289      	asrs	r1, r1, #10
1000257e:	3c80      	subs	r4, #128	; 0x80
10002580:	0324      	lsls	r4, r4, #12

10002582 <l8_3>:
10002582:	0d1d      	lsrs	r5, r3, #20
10002584:	0fdf      	lsrs	r7, r3, #31
10002586:	1e6e      	subs	r6, r5, #1
10002588:	0536      	lsls	r6, r6, #20
1000258a:	1b9b      	subs	r3, r3, r6
1000258c:	056d      	lsls	r5, r5, #21
1000258e:	d303      	bcc.n	10002598 <l9_1>
10002590:	43db      	mvns	r3, r3
10002592:	4252      	negs	r2, r2
10002594:	d300      	bcc.n	10002598 <l9_1>
10002596:	3301      	adds	r3, #1

10002598 <l9_1>:
10002598:	0d6d      	lsrs	r5, r5, #21
1000259a:	d003      	beq.n	100025a4 <l9_2>
1000259c:	1c6e      	adds	r6, r5, #1
1000259e:	0af6      	lsrs	r6, r6, #11
100025a0:	d007      	beq.n	100025b2 <l9_3>
100025a2:	1bed      	subs	r5, r5, r7

100025a4 <l9_2>:
100025a4:	2200      	movs	r2, #0
100025a6:	007f      	lsls	r7, r7, #1
100025a8:	1c7b      	adds	r3, r7, #1
100025aa:	079b      	lsls	r3, r3, #30
100025ac:	129b      	asrs	r3, r3, #10
100025ae:	3d80      	subs	r5, #128	; 0x80
100025b0:	032d      	lsls	r5, r5, #12

100025b2 <l9_3>:
100025b2:	1b2f      	subs	r7, r5, r4
100025b4:	1b66      	subs	r6, r4, r5
100025b6:	d458      	bmi.n	1000266a <da_ygtx>
100025b8:	46a4      	mov	ip, r4
100025ba:	2e20      	cmp	r6, #32
100025bc:	da46      	bge.n	1000264c <da_xrgty>
100025be:	3720      	adds	r7, #32
100025c0:	0014      	movs	r4, r2
100025c2:	40bc      	lsls	r4, r7

100025c4 <da_xgty0>:
100025c4:	001d      	movs	r5, r3
100025c6:	40bd      	lsls	r5, r7
100025c8:	40f2      	lsrs	r2, r6
100025ca:	4133      	asrs	r3, r6
100025cc:	432a      	orrs	r2, r5

100025ce <da_add>:
100025ce:	1880      	adds	r0, r0, r2
100025d0:	4159      	adcs	r1, r3

100025d2 <da_pack>:
100025d2:	0fcb      	lsrs	r3, r1, #31
100025d4:	d005      	beq.n	100025e2 <da_pack+0x10>
100025d6:	43c9      	mvns	r1, r1
100025d8:	43c0      	mvns	r0, r0
100025da:	2200      	movs	r2, #0
100025dc:	4264      	negs	r4, r4
100025de:	4150      	adcs	r0, r2
100025e0:	4151      	adcs	r1, r2
100025e2:	4662      	mov	r2, ip
100025e4:	0d4d      	lsrs	r5, r1, #21
100025e6:	d128      	bne.n	1000263a <da_0>
100025e8:	0d0d      	lsrs	r5, r1, #20
100025ea:	d107      	bne.n	100025fc <da_1>
100025ec:	2800      	cmp	r0, #0
100025ee:	d01f      	beq.n	10002630 <da_5>

100025f0 <da_2>:
100025f0:	1924      	adds	r4, r4, r4
100025f2:	4140      	adcs	r0, r0
100025f4:	4149      	adcs	r1, r1
100025f6:	3a01      	subs	r2, #1
100025f8:	0d0d      	lsrs	r5, r1, #20
100025fa:	d0f9      	beq.n	100025f0 <da_2>

100025fc <da_1>:
100025fc:	0064      	lsls	r4, r4, #1
100025fe:	d306      	bcc.n	1000260e <da_3>

10002600 <da_4>:
10002600:	3001      	adds	r0, #1
10002602:	d300      	bcc.n	10002606 <da_4+0x6>
10002604:	3101      	adds	r1, #1
10002606:	2c00      	cmp	r4, #0
10002608:	d101      	bne.n	1000260e <da_3>
1000260a:	0840      	lsrs	r0, r0, #1
1000260c:	0040      	lsls	r0, r0, #1

1000260e <da_3>:
1000260e:	3a01      	subs	r2, #1
10002610:	d40b      	bmi.n	1000262a <da_6>
10002612:	1c94      	adds	r4, r2, #2
10002614:	0ae4      	lsrs	r4, r4, #11
10002616:	d104      	bne.n	10002622 <da_7>
10002618:	0512      	lsls	r2, r2, #20
1000261a:	4411      	add	r1, r2
1000261c:	07db      	lsls	r3, r3, #31
1000261e:	4419      	add	r1, r3
10002620:	bdf0      	pop	{r4, r5, r6, r7, pc}

10002622 <da_7>:
10002622:	07d9      	lsls	r1, r3, #31
10002624:	4b20      	ldr	r3, [pc, #128]	; (100026a8 <da_xmgty+0x4>)
10002626:	4319      	orrs	r1, r3
10002628:	e000      	b.n	1000262c <da_6+0x2>

1000262a <da_6>:
1000262a:	07d9      	lsls	r1, r3, #31
1000262c:	2000      	movs	r0, #0
1000262e:	bdf0      	pop	{r4, r5, r6, r7, pc}

10002630 <da_5>:
10002630:	2900      	cmp	r1, #0
10002632:	d1dd      	bne.n	100025f0 <da_2>
10002634:	2c00      	cmp	r4, #0
10002636:	d1db      	bne.n	100025f0 <da_2>
10002638:	bdf0      	pop	{r4, r5, r6, r7, pc}

1000263a <da_0>:
1000263a:	3201      	adds	r2, #1
1000263c:	07c6      	lsls	r6, r0, #31
1000263e:	0840      	lsrs	r0, r0, #1
10002640:	07cd      	lsls	r5, r1, #31
10002642:	4328      	orrs	r0, r5
10002644:	0849      	lsrs	r1, r1, #1
10002646:	2e00      	cmp	r6, #0
10002648:	d0e1      	beq.n	1000260e <da_3>
1000264a:	e7d9      	b.n	10002600 <da_4>

1000264c <da_xrgty>:
1000264c:	2e3c      	cmp	r6, #60	; 0x3c
1000264e:	da29      	bge.n	100026a4 <da_xmgty>
10002650:	3e20      	subs	r6, #32
10002652:	3740      	adds	r7, #64	; 0x40
10002654:	0014      	movs	r4, r2
10002656:	40bc      	lsls	r4, r7
10002658:	d000      	beq.n	1000265c <da_xrgty+0x10>
1000265a:	2401      	movs	r4, #1
1000265c:	40f2      	lsrs	r2, r6
1000265e:	4314      	orrs	r4, r2
10002660:	001a      	movs	r2, r3
10002662:	40bb      	lsls	r3, r7
10002664:	431c      	orrs	r4, r3
10002666:	17d3      	asrs	r3, r2, #31
10002668:	e7ac      	b.n	100025c4 <da_xgty0>

1000266a <da_ygtx>:
1000266a:	46ac      	mov	ip, r5
1000266c:	2f20      	cmp	r7, #32
1000266e:	da08      	bge.n	10002682 <da_yrgtx>
10002670:	3620      	adds	r6, #32
10002672:	0004      	movs	r4, r0
10002674:	40b4      	lsls	r4, r6

10002676 <da_ygtx0>:
10002676:	000d      	movs	r5, r1
10002678:	40b5      	lsls	r5, r6
1000267a:	40f8      	lsrs	r0, r7
1000267c:	4139      	asrs	r1, r7
1000267e:	4328      	orrs	r0, r5
10002680:	e7a5      	b.n	100025ce <da_add>

10002682 <da_yrgtx>:
10002682:	2f3c      	cmp	r7, #60	; 0x3c
10002684:	da0c      	bge.n	100026a0 <da_ymgtx>
10002686:	3f20      	subs	r7, #32
10002688:	3640      	adds	r6, #64	; 0x40
1000268a:	0004      	movs	r4, r0
1000268c:	40b4      	lsls	r4, r6
1000268e:	d000      	beq.n	10002692 <da_yrgtx+0x10>
10002690:	2401      	movs	r4, #1
10002692:	40f8      	lsrs	r0, r7
10002694:	4304      	orrs	r4, r0
10002696:	0008      	movs	r0, r1
10002698:	40b1      	lsls	r1, r6
1000269a:	430c      	orrs	r4, r1
1000269c:	17c1      	asrs	r1, r0, #31
1000269e:	e7ea      	b.n	10002676 <da_ygtx0>

100026a0 <da_ymgtx>:
100026a0:	0010      	movs	r0, r2
100026a2:	0019      	movs	r1, r3

100026a4 <da_xmgty>:
100026a4:	2400      	movs	r4, #0
100026a6:	e794      	b.n	100025d2 <da_pack>
100026a8:	7ff00000 	.word	0x7ff00000

100026ac <dmul_shim>:
100026ac:	b5f0      	push	{r4, r5, r6, r7, lr}
100026ae:	0d0c      	lsrs	r4, r1, #20
100026b0:	1e66      	subs	r6, r4, #1
100026b2:	0536      	lsls	r6, r6, #20
100026b4:	1b89      	subs	r1, r1, r6
100026b6:	0ae6      	lsrs	r6, r4, #11
100026b8:	0564      	lsls	r4, r4, #21
100026ba:	0d64      	lsrs	r4, r4, #21
100026bc:	d002      	beq.n	100026c4 <l12_1>
100026be:	1c65      	adds	r5, r4, #1
100026c0:	0aed      	lsrs	r5, r5, #11
100026c2:	d004      	beq.n	100026ce <l12_2>

100026c4 <l12_1>:
100026c4:	2000      	movs	r0, #0
100026c6:	2101      	movs	r1, #1
100026c8:	0509      	lsls	r1, r1, #20
100026ca:	3c80      	subs	r4, #128	; 0x80
100026cc:	0324      	lsls	r4, r4, #12

100026ce <l12_2>:
100026ce:	46a4      	mov	ip, r4
100026d0:	0d1c      	lsrs	r4, r3, #20
100026d2:	1e67      	subs	r7, r4, #1
100026d4:	053f      	lsls	r7, r7, #20
100026d6:	1bdb      	subs	r3, r3, r7
100026d8:	0ae7      	lsrs	r7, r4, #11
100026da:	0564      	lsls	r4, r4, #21
100026dc:	0d64      	lsrs	r4, r4, #21
100026de:	d002      	beq.n	100026e6 <l13_1>
100026e0:	1c65      	adds	r5, r4, #1
100026e2:	0aed      	lsrs	r5, r5, #11
100026e4:	d004      	beq.n	100026f0 <l13_2>

100026e6 <l13_1>:
100026e6:	2200      	movs	r2, #0
100026e8:	2301      	movs	r3, #1
100026ea:	051b      	lsls	r3, r3, #20
100026ec:	3c80      	subs	r4, #128	; 0x80
100026ee:	0324      	lsls	r4, r4, #12

100026f0 <l13_2>:
100026f0:	4077      	eors	r7, r6
100026f2:	4464      	add	r4, ip
100026f4:	b497      	push	{r0, r1, r2, r4, r7}
100026f6:	b284      	uxth	r4, r0
100026f8:	b296      	uxth	r6, r2
100026fa:	4374      	muls	r4, r6
100026fc:	0c07      	lsrs	r7, r0, #16
100026fe:	437e      	muls	r6, r7
10002700:	0c15      	lsrs	r5, r2, #16
10002702:	436f      	muls	r7, r5
10002704:	b280      	uxth	r0, r0
10002706:	4368      	muls	r0, r5
10002708:	1836      	adds	r6, r6, r0
1000270a:	d302      	bcc.n	10002712 <l14_1>
1000270c:	2001      	movs	r0, #1
1000270e:	0400      	lsls	r0, r0, #16
10002710:	183f      	adds	r7, r7, r0

10002712 <l14_1>:
10002712:	0430      	lsls	r0, r6, #16
10002714:	0c35      	lsrs	r5, r6, #16
10002716:	1900      	adds	r0, r0, r4
10002718:	417d      	adcs	r5, r7
1000271a:	4684      	mov	ip, r0
1000271c:	b288      	uxth	r0, r1
1000271e:	b29a      	uxth	r2, r3
10002720:	4350      	muls	r0, r2
10002722:	0c0c      	lsrs	r4, r1, #16
10002724:	4362      	muls	r2, r4
10002726:	0c1f      	lsrs	r7, r3, #16
10002728:	437c      	muls	r4, r7
1000272a:	b28e      	uxth	r6, r1
1000272c:	437e      	muls	r6, r7
1000272e:	1992      	adds	r2, r2, r6
10002730:	d302      	bcc.n	10002738 <l15_1>
10002732:	2601      	movs	r6, #1
10002734:	0436      	lsls	r6, r6, #16
10002736:	19a4      	adds	r4, r4, r6

10002738 <l15_1>:
10002738:	0416      	lsls	r6, r2, #16
1000273a:	0c17      	lsrs	r7, r2, #16
1000273c:	1836      	adds	r6, r6, r0
1000273e:	4167      	adcs	r7, r4
10002740:	bc01      	pop	{r0}
10002742:	b281      	uxth	r1, r0
10002744:	b29a      	uxth	r2, r3
10002746:	4351      	muls	r1, r2
10002748:	0c04      	lsrs	r4, r0, #16
1000274a:	4362      	muls	r2, r4
1000274c:	0c1b      	lsrs	r3, r3, #16
1000274e:	435c      	muls	r4, r3
10002750:	b280      	uxth	r0, r0
10002752:	4358      	muls	r0, r3
10002754:	1812      	adds	r2, r2, r0
10002756:	d302      	bcc.n	1000275e <l16_1>
10002758:	2001      	movs	r0, #1
1000275a:	0400      	lsls	r0, r0, #16
1000275c:	1824      	adds	r4, r4, r0

1000275e <l16_1>:
1000275e:	0410      	lsls	r0, r2, #16
10002760:	0c13      	lsrs	r3, r2, #16
10002762:	1840      	adds	r0, r0, r1
10002764:	4163      	adcs	r3, r4
10002766:	182d      	adds	r5, r5, r0
10002768:	415e      	adcs	r6, r3
1000276a:	2000      	movs	r0, #0
1000276c:	4147      	adcs	r7, r0
1000276e:	bc06      	pop	{r1, r2}
10002770:	b288      	uxth	r0, r1
10002772:	b293      	uxth	r3, r2
10002774:	4358      	muls	r0, r3
10002776:	0c0c      	lsrs	r4, r1, #16
10002778:	4363      	muls	r3, r4
1000277a:	0c12      	lsrs	r2, r2, #16
1000277c:	4354      	muls	r4, r2
1000277e:	b289      	uxth	r1, r1
10002780:	4351      	muls	r1, r2
10002782:	185b      	adds	r3, r3, r1
10002784:	d302      	bcc.n	1000278c <l17_1>
10002786:	2101      	movs	r1, #1
10002788:	0409      	lsls	r1, r1, #16
1000278a:	1864      	adds	r4, r4, r1

1000278c <l17_1>:
1000278c:	0419      	lsls	r1, r3, #16
1000278e:	0c1a      	lsrs	r2, r3, #16
10002790:	1809      	adds	r1, r1, r0
10002792:	4162      	adcs	r2, r4
10002794:	186d      	adds	r5, r5, r1
10002796:	4156      	adcs	r6, r2
10002798:	2000      	movs	r0, #0
1000279a:	4147      	adcs	r7, r0
1000279c:	bc18      	pop	{r3, r4}
1000279e:	02f9      	lsls	r1, r7, #11
100027a0:	0d72      	lsrs	r2, r6, #21
100027a2:	4311      	orrs	r1, r2
100027a4:	02f0      	lsls	r0, r6, #11
100027a6:	0d6a      	lsrs	r2, r5, #21
100027a8:	4310      	orrs	r0, r2
100027aa:	02ed      	lsls	r5, r5, #11
100027ac:	0d0a      	lsrs	r2, r1, #20
100027ae:	d103      	bne.n	100027b8 <l17_1+0x2c>
100027b0:	196d      	adds	r5, r5, r5
100027b2:	4140      	adcs	r0, r0
100027b4:	4149      	adcs	r1, r1
100027b6:	3b01      	subs	r3, #1
100027b8:	4e12      	ldr	r6, [pc, #72]	; (10002804 <dm_1+0xa>)
100027ba:	1b9b      	subs	r3, r3, r6
100027bc:	0076      	lsls	r6, r6, #1
100027be:	42b3      	cmp	r3, r6
100027c0:	d20e      	bcs.n	100027e0 <dm_0>
100027c2:	006d      	lsls	r5, r5, #1
100027c4:	d307      	bcc.n	100027d6 <l17_1+0x4a>
100027c6:	3001      	adds	r0, #1
100027c8:	2600      	movs	r6, #0
100027ca:	4171      	adcs	r1, r6
100027cc:	4666      	mov	r6, ip
100027ce:	4335      	orrs	r5, r6
100027d0:	d101      	bne.n	100027d6 <l17_1+0x4a>
100027d2:	0840      	lsrs	r0, r0, #1
100027d4:	0040      	lsls	r0, r0, #1
100027d6:	051b      	lsls	r3, r3, #20
100027d8:	18c9      	adds	r1, r1, r3

100027da <dm_2>:
100027da:	07e4      	lsls	r4, r4, #31
100027dc:	4421      	add	r1, r4
100027de:	bdf0      	pop	{r4, r5, r6, r7, pc}

100027e0 <dm_0>:
100027e0:	da0b      	bge.n	100027fa <dm_1>
100027e2:	3301      	adds	r3, #1
100027e4:	d106      	bne.n	100027f4 <dm_0+0x14>
100027e6:	3001      	adds	r0, #1
100027e8:	d104      	bne.n	100027f4 <dm_0+0x14>
100027ea:	3101      	adds	r1, #1
100027ec:	0d4f      	lsrs	r7, r1, #21
100027ee:	d001      	beq.n	100027f4 <dm_0+0x14>
100027f0:	0849      	lsrs	r1, r1, #1
100027f2:	e7f2      	b.n	100027da <dm_2>
100027f4:	07e1      	lsls	r1, r4, #31
100027f6:	2000      	movs	r0, #0
100027f8:	bdf0      	pop	{r4, r5, r6, r7, pc}

100027fa <dm_1>:
100027fa:	3601      	adds	r6, #1
100027fc:	0531      	lsls	r1, r6, #20
100027fe:	2000      	movs	r0, #0
10002800:	e7eb      	b.n	100027da <dm_2>
10002802:	0000      	.short	0x0000
10002804:	000003ff 	.word	0x000003ff

10002808 <ddiv_shim>:
10002808:	b5f0      	push	{r4, r5, r6, r7, lr}

1000280a <ddiv0>:
1000280a:	0d1c      	lsrs	r4, r3, #20
1000280c:	1e67      	subs	r7, r4, #1
1000280e:	053f      	lsls	r7, r7, #20
10002810:	1bdb      	subs	r3, r3, r7
10002812:	0ae7      	lsrs	r7, r4, #11
10002814:	0564      	lsls	r4, r4, #21
10002816:	0d64      	lsrs	r4, r4, #21
10002818:	d002      	beq.n	10002820 <l20_1>
1000281a:	1c66      	adds	r6, r4, #1
1000281c:	0af6      	lsrs	r6, r6, #11
1000281e:	d004      	beq.n	1000282a <l20_2>

10002820 <l20_1>:
10002820:	2200      	movs	r2, #0
10002822:	2301      	movs	r3, #1
10002824:	051b      	lsls	r3, r3, #20
10002826:	3c80      	subs	r4, #128	; 0x80
10002828:	0324      	lsls	r4, r4, #12

1000282a <l20_2>:
1000282a:	25d0      	movs	r5, #208	; 0xd0
1000282c:	062d      	lsls	r5, r5, #24
1000282e:	2600      	movs	r6, #0
10002830:	43f6      	mvns	r6, r6
10002832:	662e      	str	r6, [r5, #96]	; 0x60
10002834:	091e      	lsrs	r6, r3, #4
10002836:	666e      	str	r6, [r5, #100]	; 0x64
10002838:	0fce      	lsrs	r6, r1, #31
1000283a:	19f6      	adds	r6, r6, r7
1000283c:	46b4      	mov	ip, r6
1000283e:	0049      	lsls	r1, r1, #1
10002840:	0d4f      	lsrs	r7, r1, #21
10002842:	d002      	beq.n	1000284a <l20_2+0x20>
10002844:	1c7e      	adds	r6, r7, #1
10002846:	0af6      	lsrs	r6, r6, #11
10002848:	d003      	beq.n	10002852 <l20_2+0x28>
1000284a:	2000      	movs	r0, #0
1000284c:	2100      	movs	r1, #0
1000284e:	3f40      	subs	r7, #64	; 0x40
10002850:	033f      	lsls	r7, r7, #12
10002852:	1b3e      	subs	r6, r7, r4
10002854:	00b6      	lsls	r6, r6, #2
10002856:	44b4      	add	ip, r6
10002858:	3f01      	subs	r7, #1
1000285a:	057f      	lsls	r7, r7, #21
1000285c:	1bc9      	subs	r1, r1, r7
1000285e:	0849      	lsrs	r1, r1, #1
10002860:	6f2e      	ldr	r6, [r5, #112]	; 0x70
10002862:	3601      	adds	r6, #1
10002864:	0876      	lsrs	r6, r6, #1
10002866:	029c      	lsls	r4, r3, #10
10002868:	0d95      	lsrs	r5, r2, #22
1000286a:	4325      	orrs	r5, r4
1000286c:	4375      	muls	r5, r6
1000286e:	13ed      	asrs	r5, r5, #15
10002870:	4375      	muls	r5, r6
10002872:	13ad      	asrs	r5, r5, #14
10002874:	3501      	adds	r5, #1
10002876:	106d      	asrs	r5, r5, #1
10002878:	03f6      	lsls	r6, r6, #15
1000287a:	1b76      	subs	r6, r6, r5
1000287c:	b40c      	push	{r2, r3}
1000287e:	02cc      	lsls	r4, r1, #11
10002880:	0d45      	lsrs	r5, r0, #21
10002882:	432c      	orrs	r4, r5
10002884:	b2a2      	uxth	r2, r4
10002886:	b2b3      	uxth	r3, r6
10002888:	435a      	muls	r2, r3
1000288a:	0c27      	lsrs	r7, r4, #16
1000288c:	437b      	muls	r3, r7
1000288e:	0c35      	lsrs	r5, r6, #16
10002890:	436f      	muls	r7, r5
10002892:	b2a4      	uxth	r4, r4
10002894:	436c      	muls	r4, r5
10002896:	191b      	adds	r3, r3, r4
10002898:	d302      	bcc.n	100028a0 <l21_1>
1000289a:	2401      	movs	r4, #1
1000289c:	0424      	lsls	r4, r4, #16
1000289e:	193f      	adds	r7, r7, r4

100028a0 <l21_1>:
100028a0:	041c      	lsls	r4, r3, #16
100028a2:	0c1d      	lsrs	r5, r3, #16
100028a4:	18a4      	adds	r4, r4, r2
100028a6:	417d      	adcs	r5, r7
100028a8:	1924      	adds	r4, r4, r4
100028aa:	416d      	adcs	r5, r5
100028ac:	9a00      	ldr	r2, [sp, #0]
100028ae:	b291      	uxth	r1, r2
100028b0:	b2ac      	uxth	r4, r5
100028b2:	4361      	muls	r1, r4
100028b4:	0c17      	lsrs	r7, r2, #16
100028b6:	437c      	muls	r4, r7
100028b8:	0c2b      	lsrs	r3, r5, #16
100028ba:	435f      	muls	r7, r3
100028bc:	b292      	uxth	r2, r2
100028be:	435a      	muls	r2, r3
100028c0:	18a4      	adds	r4, r4, r2
100028c2:	d302      	bcc.n	100028ca <l22_1>
100028c4:	2201      	movs	r2, #1
100028c6:	0412      	lsls	r2, r2, #16
100028c8:	18bf      	adds	r7, r7, r2

100028ca <l22_1>:
100028ca:	0422      	lsls	r2, r4, #16
100028cc:	0c23      	lsrs	r3, r4, #16
100028ce:	1852      	adds	r2, r2, r1
100028d0:	417b      	adcs	r3, r7
100028d2:	9c01      	ldr	r4, [sp, #4]
100028d4:	436c      	muls	r4, r5
100028d6:	191b      	adds	r3, r3, r4
100028d8:	0e52      	lsrs	r2, r2, #25
100028da:	01d9      	lsls	r1, r3, #7
100028dc:	430a      	orrs	r2, r1
100028de:	0144      	lsls	r4, r0, #5
100028e0:	1aa0      	subs	r0, r4, r2
100028e2:	b281      	uxth	r1, r0
100028e4:	b2b2      	uxth	r2, r6
100028e6:	4351      	muls	r1, r2
100028e8:	1403      	asrs	r3, r0, #16
100028ea:	435a      	muls	r2, r3
100028ec:	0c36      	lsrs	r6, r6, #16
100028ee:	4373      	muls	r3, r6
100028f0:	b287      	uxth	r7, r0
100028f2:	4377      	muls	r7, r6
100028f4:	17d6      	asrs	r6, r2, #31
100028f6:	19d2      	adds	r2, r2, r7
100028f8:	2700      	movs	r7, #0
100028fa:	417e      	adcs	r6, r7
100028fc:	0436      	lsls	r6, r6, #16
100028fe:	199b      	adds	r3, r3, r6
10002900:	0417      	lsls	r7, r2, #16
10002902:	0c16      	lsrs	r6, r2, #16
10002904:	187f      	adds	r7, r7, r1
10002906:	415e      	adcs	r6, r3
10002908:	1673      	asrs	r3, r6, #25
1000290a:	18ed      	adds	r5, r5, r3
1000290c:	01f3      	lsls	r3, r6, #7
1000290e:	2600      	movs	r6, #0
10002910:	3380      	adds	r3, #128	; 0x80
10002912:	4175      	adcs	r5, r6
10002914:	0fa9      	lsrs	r1, r5, #30
10002916:	d106      	bne.n	10002926 <dd_0>
10002918:	0064      	lsls	r4, r4, #1
1000291a:	0a69      	lsrs	r1, r5, #9
1000291c:	05e8      	lsls	r0, r5, #23
1000291e:	0a5b      	lsrs	r3, r3, #9
10002920:	4318      	orrs	r0, r3
10002922:	d209      	bcs.n	10002938 <dd_1>
10002924:	e02f      	b.n	10002986 <dd_2>

10002926 <dd_0>:
10002926:	2204      	movs	r2, #4
10002928:	4494      	add	ip, r2
1000292a:	3380      	adds	r3, #128	; 0x80
1000292c:	4175      	adcs	r5, r6
1000292e:	0aa9      	lsrs	r1, r5, #10
10002930:	05a8      	lsls	r0, r5, #22
10002932:	0a9b      	lsrs	r3, r3, #10
10002934:	4318      	orrs	r0, r3
10002936:	d326      	bcc.n	10002986 <dd_2>

10002938 <dd_1>:
10002938:	4140      	adcs	r0, r0
1000293a:	4149      	adcs	r1, r1
1000293c:	0424      	lsls	r4, r4, #16
1000293e:	9a00      	ldr	r2, [sp, #0]
10002940:	9b01      	ldr	r3, [sp, #4]
10002942:	000d      	movs	r5, r1
10002944:	4355      	muls	r5, r2
10002946:	1b64      	subs	r4, r4, r5
10002948:	4343      	muls	r3, r0
1000294a:	1ae4      	subs	r4, r4, r3
1000294c:	b295      	uxth	r5, r2
1000294e:	b286      	uxth	r6, r0
10002950:	4375      	muls	r5, r6
10002952:	0c17      	lsrs	r7, r2, #16
10002954:	437e      	muls	r6, r7
10002956:	0c03      	lsrs	r3, r0, #16
10002958:	435f      	muls	r7, r3
1000295a:	b292      	uxth	r2, r2
1000295c:	435a      	muls	r2, r3
1000295e:	18b6      	adds	r6, r6, r2
10002960:	d302      	bcc.n	10002968 <l24_1>
10002962:	2201      	movs	r2, #1
10002964:	0412      	lsls	r2, r2, #16
10002966:	18bf      	adds	r7, r7, r2

10002968 <l24_1>:
10002968:	0432      	lsls	r2, r6, #16
1000296a:	0c33      	lsrs	r3, r6, #16
1000296c:	1952      	adds	r2, r2, r5
1000296e:	417b      	adcs	r3, r7
10002970:	4252      	negs	r2, r2
10002972:	419c      	sbcs	r4, r3
10002974:	2c00      	cmp	r4, #0
10002976:	d402      	bmi.n	1000297e <l24_1+0x16>
10002978:	2200      	movs	r2, #0
1000297a:	3001      	adds	r0, #1
1000297c:	4151      	adcs	r1, r2
1000297e:	0840      	lsrs	r0, r0, #1
10002980:	07ca      	lsls	r2, r1, #31
10002982:	4310      	orrs	r0, r2
10002984:	0849      	lsrs	r1, r1, #1

10002986 <dd_2>:
10002986:	b002      	add	sp, #8
10002988:	4662      	mov	r2, ip
1000298a:	07d7      	lsls	r7, r2, #31
1000298c:	1092      	asrs	r2, r2, #2
1000298e:	4b08      	ldr	r3, [pc, #32]	; (100029b0 <dd_4+0x6>)
10002990:	18d2      	adds	r2, r2, r3
10002992:	4b08      	ldr	r3, [pc, #32]	; (100029b4 <dd_4+0xa>)
10002994:	429a      	cmp	r2, r3
10002996:	d203      	bcs.n	100029a0 <dd_3>
10002998:	0512      	lsls	r2, r2, #20
1000299a:	1889      	adds	r1, r1, r2

1000299c <dd_5>:
1000299c:	19c9      	adds	r1, r1, r7
1000299e:	bdf0      	pop	{r4, r5, r6, r7, pc}

100029a0 <dd_3>:
100029a0:	2000      	movs	r0, #0
100029a2:	2a00      	cmp	r2, #0
100029a4:	dc01      	bgt.n	100029aa <dd_4>
100029a6:	0039      	movs	r1, r7
100029a8:	bdf0      	pop	{r4, r5, r6, r7, pc}

100029aa <dd_4>:
100029aa:	3301      	adds	r3, #1
100029ac:	0519      	lsls	r1, r3, #20
100029ae:	e7f5      	b.n	1000299c <dd_5>
100029b0:	000003fd 	.word	0x000003fd
100029b4:	000007fe 	.word	0x000007fe

100029b8 <double2uint_shim>:
100029b8:	2200      	movs	r2, #0

100029ba <double2ufix_shim>:
100029ba:	b500      	push	{lr}
100029bc:	3220      	adds	r2, #32
100029be:	f000 f804 	bl	100029ca <double2ufix64_shim>
100029c2:	0008      	movs	r0, r1
100029c4:	bd00      	pop	{pc}
	...

100029c8 <double2uint64_shim>:
100029c8:	2200      	movs	r2, #0

100029ca <double2ufix64_shim>:
100029ca:	150b      	asrs	r3, r1, #20
100029cc:	d40a      	bmi.n	100029e4 <ret_dzero>

100029ce <d2fix>:
100029ce:	b510      	push	{r4, lr}
100029d0:	4694      	mov	ip, r2
100029d2:	f000 f831 	bl	10002a38 <dunpacks>
100029d6:	1414      	asrs	r4, r2, #16
100029d8:	3401      	adds	r4, #1
100029da:	da00      	bge.n	100029de <d2fix+0x10>
100029dc:	2100      	movs	r1, #0
100029de:	17cb      	asrs	r3, r1, #31
100029e0:	4c14      	ldr	r4, [pc, #80]	; (10002a34 <d2fix_a+0x4a>)
100029e2:	4720      	bx	r4

100029e4 <ret_dzero>:
100029e4:	2000      	movs	r0, #0
100029e6:	2100      	movs	r1, #0
100029e8:	4770      	bx	lr

100029ea <d2fix_a>:
100029ea:	4462      	add	r2, ip
100029ec:	3a34      	subs	r2, #52	; 0x34
100029ee:	d40c      	bmi.n	10002a0a <d2fix_a+0x20>
100029f0:	2a0c      	cmp	r2, #12
100029f2:	da07      	bge.n	10002a04 <d2fix_a+0x1a>
100029f4:	0004      	movs	r4, r0
100029f6:	4091      	lsls	r1, r2
100029f8:	4090      	lsls	r0, r2
100029fa:	4252      	negs	r2, r2
100029fc:	3220      	adds	r2, #32
100029fe:	40d4      	lsrs	r4, r2
10002a00:	4321      	orrs	r1, r4
10002a02:	bd10      	pop	{r4, pc}
10002a04:	43d8      	mvns	r0, r3
10002a06:	43d9      	mvns	r1, r3
10002a08:	bd10      	pop	{r4, pc}
10002a0a:	3220      	adds	r2, #32
10002a0c:	d407      	bmi.n	10002a1e <d2fix_a+0x34>
10002a0e:	460c      	mov	r4, r1
10002a10:	4094      	lsls	r4, r2
10002a12:	4252      	negs	r2, r2
10002a14:	3220      	adds	r2, #32
10002a16:	4111      	asrs	r1, r2
10002a18:	40d0      	lsrs	r0, r2
10002a1a:	4320      	orrs	r0, r4
10002a1c:	bd10      	pop	{r4, pc}
10002a1e:	0008      	movs	r0, r1
10002a20:	17c9      	asrs	r1, r1, #31
10002a22:	3220      	adds	r2, #32
10002a24:	d403      	bmi.n	10002a2e <d2fix_a+0x44>
10002a26:	4252      	negs	r2, r2
10002a28:	3220      	adds	r2, #32
10002a2a:	4110      	asrs	r0, r2
10002a2c:	bd10      	pop	{r4, pc}
10002a2e:	0018      	movs	r0, r3
10002a30:	0019      	movs	r1, r3
10002a32:	bd10      	pop	{r4, pc}
10002a34:	100029eb 	.word	0x100029eb

10002a38 <dunpacks>:
10002a38:	0d0a      	lsrs	r2, r1, #20
10002a3a:	0fcc      	lsrs	r4, r1, #31
10002a3c:	1e53      	subs	r3, r2, #1
10002a3e:	051b      	lsls	r3, r3, #20
10002a40:	1ac9      	subs	r1, r1, r3
10002a42:	0552      	lsls	r2, r2, #21
10002a44:	d303      	bcc.n	10002a4e <l60_1>
10002a46:	43c9      	mvns	r1, r1
10002a48:	4240      	negs	r0, r0
10002a4a:	d300      	bcc.n	10002a4e <l60_1>
10002a4c:	3101      	adds	r1, #1

10002a4e <l60_1>:
10002a4e:	0d52      	lsrs	r2, r2, #21
10002a50:	d003      	beq.n	10002a5a <l60_2>
10002a52:	1c53      	adds	r3, r2, #1
10002a54:	0adb      	lsrs	r3, r3, #11
10002a56:	d007      	beq.n	10002a68 <l60_3>
10002a58:	1b12      	subs	r2, r2, r4

10002a5a <l60_2>:
10002a5a:	2000      	movs	r0, #0
10002a5c:	0064      	lsls	r4, r4, #1
10002a5e:	1c61      	adds	r1, r4, #1
10002a60:	0789      	lsls	r1, r1, #30
10002a62:	1289      	asrs	r1, r1, #10
10002a64:	3a80      	subs	r2, #128	; 0x80
10002a66:	0312      	lsls	r2, r2, #12

10002a68 <l60_3>:
10002a68:	4b01      	ldr	r3, [pc, #4]	; (10002a70 <l60_3+0x8>)
10002a6a:	1ad2      	subs	r2, r2, r3
10002a6c:	4770      	bx	lr
10002a6e:	0000      	.short	0x0000
10002a70:	000003ff 	.word	0x000003ff

10002a74 <__wrap___aeabi_lmul>:
10002a74:	4351      	muls	r1, r2
10002a76:	4343      	muls	r3, r0
10002a78:	18c9      	adds	r1, r1, r3
10002a7a:	468c      	mov	ip, r1
10002a7c:	0c11      	lsrs	r1, r2, #16
10002a7e:	b283      	uxth	r3, r0
10002a80:	434b      	muls	r3, r1
10002a82:	b410      	push	{r4}
10002a84:	0c04      	lsrs	r4, r0, #16
10002a86:	4361      	muls	r1, r4
10002a88:	b292      	uxth	r2, r2
10002a8a:	b280      	uxth	r0, r0
10002a8c:	4350      	muls	r0, r2
10002a8e:	4362      	muls	r2, r4
10002a90:	041c      	lsls	r4, r3, #16
10002a92:	0c1b      	lsrs	r3, r3, #16
10002a94:	1900      	adds	r0, r0, r4
10002a96:	bc10      	pop	{r4}
10002a98:	4159      	adcs	r1, r3
10002a9a:	0413      	lsls	r3, r2, #16
10002a9c:	0c12      	lsrs	r2, r2, #16
10002a9e:	18c0      	adds	r0, r0, r3
10002aa0:	4151      	adcs	r1, r2
10002aa2:	4461      	add	r1, ip
10002aa4:	4770      	bx	lr
	...

10002aa8 <__aeabi_float_init>:
10002aa8:	b570      	push	{r4, r5, r6, lr}
10002aaa:	2313      	movs	r3, #19
10002aac:	781d      	ldrb	r5, [r3, #0]
10002aae:	482a      	ldr	r0, [pc, #168]	; (10002b58 <__aeabi_float_init+0xb0>)
10002ab0:	f7ff f94e 	bl	10001d50 <rom_data_lookup>
10002ab4:	0004      	movs	r4, r0
10002ab6:	2d01      	cmp	r5, #1
10002ab8:	d011      	beq.n	10002ade <__aeabi_float_init+0x36>
10002aba:	2d01      	cmp	r5, #1
10002abc:	dd09      	ble.n	10002ad2 <__aeabi_float_init+0x2a>
10002abe:	1ea3      	subs	r3, r4, #2
10002ac0:	781b      	ldrb	r3, [r3, #0]
10002ac2:	009b      	lsls	r3, r3, #2
10002ac4:	2b7f      	cmp	r3, #127	; 0x7f
10002ac6:	dd40      	ble.n	10002b4a <__aeabi_float_init+0xa2>
10002ac8:	2280      	movs	r2, #128	; 0x80
10002aca:	0021      	movs	r1, r4
10002acc:	4823      	ldr	r0, [pc, #140]	; (10002b5c <__aeabi_float_init+0xb4>)
10002ace:	f000 f891 	bl	10002bf4 <__wrap___aeabi_memcpy>
10002ad2:	4823      	ldr	r0, [pc, #140]	; (10002b60 <__aeabi_float_init+0xb8>)
10002ad4:	f7ff f934 	bl	10001d40 <rom_func_lookup>
10002ad8:	4b22      	ldr	r3, [pc, #136]	; (10002b64 <__aeabi_float_init+0xbc>)
10002ada:	6018      	str	r0, [r3, #0]
10002adc:	bd70      	pop	{r4, r5, r6, pc}
10002ade:	2254      	movs	r2, #84	; 0x54
10002ae0:	0001      	movs	r1, r0
10002ae2:	481e      	ldr	r0, [pc, #120]	; (10002b5c <__aeabi_float_init+0xb4>)
10002ae4:	f000 f886 	bl	10002bf4 <__wrap___aeabi_memcpy>
10002ae8:	4b1f      	ldr	r3, [pc, #124]	; (10002b68 <__aeabi_float_init+0xc0>)
10002aea:	881a      	ldrh	r2, [r3, #0]
10002aec:	4b1f      	ldr	r3, [pc, #124]	; (10002b6c <__aeabi_float_init+0xc4>)
10002aee:	429a      	cmp	r2, r3
10002af0:	d11c      	bne.n	10002b2c <__aeabi_float_init+0x84>
10002af2:	23a7      	movs	r3, #167	; 0xa7
10002af4:	019b      	lsls	r3, r3, #6
10002af6:	881a      	ldrh	r2, [r3, #0]
10002af8:	4b1d      	ldr	r3, [pc, #116]	; (10002b70 <__aeabi_float_init+0xc8>)
10002afa:	429a      	cmp	r2, r3
10002afc:	d116      	bne.n	10002b2c <__aeabi_float_init+0x84>
10002afe:	4b1d      	ldr	r3, [pc, #116]	; (10002b74 <__aeabi_float_init+0xcc>)
10002b00:	881a      	ldrh	r2, [r3, #0]
10002b02:	4b1d      	ldr	r3, [pc, #116]	; (10002b78 <__aeabi_float_init+0xd0>)
10002b04:	429a      	cmp	r2, r3
10002b06:	d111      	bne.n	10002b2c <__aeabi_float_init+0x84>
10002b08:	4b1c      	ldr	r3, [pc, #112]	; (10002b7c <__aeabi_float_init+0xd4>)
10002b0a:	881a      	ldrh	r2, [r3, #0]
10002b0c:	2394      	movs	r3, #148	; 0x94
10002b0e:	019b      	lsls	r3, r3, #6
10002b10:	429a      	cmp	r2, r3
10002b12:	d10b      	bne.n	10002b2c <__aeabi_float_init+0x84>
10002b14:	4b1a      	ldr	r3, [pc, #104]	; (10002b80 <__aeabi_float_init+0xd8>)
10002b16:	881a      	ldrh	r2, [r3, #0]
10002b18:	4b1a      	ldr	r3, [pc, #104]	; (10002b84 <__aeabi_float_init+0xdc>)
10002b1a:	429a      	cmp	r2, r3
10002b1c:	d106      	bne.n	10002b2c <__aeabi_float_init+0x84>
10002b1e:	4b1a      	ldr	r3, [pc, #104]	; (10002b88 <__aeabi_float_init+0xe0>)
10002b20:	681a      	ldr	r2, [r3, #0]
10002b22:	4b1a      	ldr	r3, [pc, #104]	; (10002b8c <__aeabi_float_init+0xe4>)
10002b24:	429a      	cmp	r2, r3
10002b26:	d101      	bne.n	10002b2c <__aeabi_float_init+0x84>
10002b28:	2315      	movs	r3, #21
10002b2a:	e007      	b.n	10002b3c <__aeabi_float_init+0x94>
10002b2c:	4818      	ldr	r0, [pc, #96]	; (10002b90 <__aeabi_float_init+0xe8>)
10002b2e:	f7fd fd69 	bl	10000604 <panic>
10002b32:	0099      	lsls	r1, r3, #2
10002b34:	4817      	ldr	r0, [pc, #92]	; (10002b94 <__aeabi_float_init+0xec>)
10002b36:	4a09      	ldr	r2, [pc, #36]	; (10002b5c <__aeabi_float_init+0xb4>)
10002b38:	5088      	str	r0, [r1, r2]
10002b3a:	3301      	adds	r3, #1
10002b3c:	2b1f      	cmp	r3, #31
10002b3e:	d9f8      	bls.n	10002b32 <__aeabi_float_init+0x8a>
10002b40:	4a14      	ldr	r2, [pc, #80]	; (10002b94 <__aeabi_float_init+0xec>)
10002b42:	4b06      	ldr	r3, [pc, #24]	; (10002b5c <__aeabi_float_init+0xb4>)
10002b44:	621a      	str	r2, [r3, #32]
10002b46:	61da      	str	r2, [r3, #28]
10002b48:	e7b7      	b.n	10002aba <__aeabi_float_init+0x12>
10002b4a:	4b13      	ldr	r3, [pc, #76]	; (10002b98 <__aeabi_float_init+0xf0>)
10002b4c:	4a13      	ldr	r2, [pc, #76]	; (10002b9c <__aeabi_float_init+0xf4>)
10002b4e:	2142      	movs	r1, #66	; 0x42
10002b50:	4813      	ldr	r0, [pc, #76]	; (10002ba0 <__aeabi_float_init+0xf8>)
10002b52:	f001 f913 	bl	10003d7c <__assert_func>
10002b56:	46c0      	nop			; (mov r8, r8)
10002b58:	00004653 	.word	0x00004653
10002b5c:	20001c54 	.word	0x20001c54
10002b60:	0000334c 	.word	0x0000334c
10002b64:	20001c50 	.word	0x20001c50
10002b68:	000029ee 	.word	0x000029ee
10002b6c:	00000fc4 	.word	0x00000fc4
10002b70:	00000dc2 	.word	0x00000dc2
10002b74:	00002b96 	.word	0x00002b96
10002b78:	0000b5c0 	.word	0x0000b5c0
10002b7c:	00002b18 	.word	0x00002b18
10002b80:	00002acc 	.word	0x00002acc
10002b84:	0000b510 	.word	0x0000b510
10002b88:	00002cfc 	.word	0x00002cfc
10002b8c:	6487ed51 	.word	0x6487ed51
10002b90:	10007b04 	.word	0x10007b04
10002b94:	10002ba5 	.word	0x10002ba5
10002b98:	10007784 	.word	0x10007784
10002b9c:	10007814 	.word	0x10007814
10002ba0:	100077b8 	.word	0x100077b8

10002ba4 <float_table_shim_on_use_helper>:
10002ba4:	b507      	push	{r0, r1, r2, lr}
10002ba6:	4660      	mov	r0, ip
10002ba8:	2800      	cmp	r0, #0
10002baa:	d100      	bne.n	10002bae <float_table_shim_on_use_helper+0xa>
10002bac:	be00      	bkpt	0x0000
10002bae:	8801      	ldrh	r1, [r0, #0]
10002bb0:	0a0a      	lsrs	r2, r1, #8
10002bb2:	3002      	adds	r0, #2
10002bb4:	2adf      	cmp	r2, #223	; 0xdf
10002bb6:	d1fa      	bne.n	10002bae <float_table_shim_on_use_helper+0xa>
10002bb8:	b2c9      	uxtb	r1, r1
10002bba:	0882      	lsrs	r2, r0, #2
10002bbc:	d304      	bcc.n	10002bc8 <float_table_shim_on_use_helper+0x24>
10002bbe:	8802      	ldrh	r2, [r0, #0]
10002bc0:	8840      	ldrh	r0, [r0, #2]
10002bc2:	0400      	lsls	r0, r0, #16
10002bc4:	4310      	orrs	r0, r2
10002bc6:	e000      	b.n	10002bca <float_table_shim_on_use_helper+0x26>
10002bc8:	6800      	ldr	r0, [r0, #0]
10002bca:	4a02      	ldr	r2, [pc, #8]	; (10002bd4 <float_table_shim_on_use_helper+0x30>)
10002bcc:	5050      	str	r0, [r2, r1]
10002bce:	9003      	str	r0, [sp, #12]
10002bd0:	bd07      	pop	{r0, r1, r2, pc}
10002bd2:	0000      	.short	0x0000
10002bd4:	20001c54 	.word	0x20001c54

10002bd8 <__aeabi_mem_init>:
10002bd8:	4801      	ldr	r0, [pc, #4]	; (10002be0 <__aeabi_mem_init+0x8>)
10002bda:	2104      	movs	r1, #4
10002bdc:	4b01      	ldr	r3, [pc, #4]	; (10002be4 <__aeabi_mem_init+0xc>)
10002bde:	4718      	bx	r3
10002be0:	20000c70 	.word	0x20000c70
10002be4:	10001d61 	.word	0x10001d61

10002be8 <__wrap_memset>:
10002be8:	4b01      	ldr	r3, [pc, #4]	; (10002bf0 <__wrap_memset+0x8>)
10002bea:	681b      	ldr	r3, [r3, #0]
10002bec:	4718      	bx	r3
10002bee:	0000      	.short	0x0000
10002bf0:	20000c70 	.word	0x20000c70

10002bf4 <__wrap___aeabi_memcpy>:
10002bf4:	4b01      	ldr	r3, [pc, #4]	; (10002bfc <__wrap___aeabi_memcpy+0x8>)
10002bf6:	685b      	ldr	r3, [r3, #4]
10002bf8:	4718      	bx	r3
10002bfa:	0000      	.short	0x0000
10002bfc:	20000c70 	.word	0x20000c70

10002c00 <_out_buffer>:
10002c00:	429a      	cmp	r2, r3
10002c02:	d200      	bcs.n	10002c06 <_out_buffer+0x6>
10002c04:	5488      	strb	r0, [r1, r2]
10002c06:	4770      	bx	lr

10002c08 <_out_null>:
10002c08:	4770      	bx	lr

10002c0a <_out_fct>:
10002c0a:	b510      	push	{r4, lr}
10002c0c:	2800      	cmp	r0, #0
10002c0e:	d002      	beq.n	10002c16 <_out_fct+0xc>
10002c10:	680b      	ldr	r3, [r1, #0]
10002c12:	6849      	ldr	r1, [r1, #4]
10002c14:	4798      	blx	r3
10002c16:	bd10      	pop	{r4, pc}

10002c18 <_atoi>:
10002c18:	0001      	movs	r1, r0
10002c1a:	2000      	movs	r0, #0
10002c1c:	e007      	b.n	10002c2e <_atoi+0x16>
10002c1e:	0083      	lsls	r3, r0, #2
10002c20:	181b      	adds	r3, r3, r0
10002c22:	005b      	lsls	r3, r3, #1
10002c24:	1c50      	adds	r0, r2, #1
10002c26:	6008      	str	r0, [r1, #0]
10002c28:	7810      	ldrb	r0, [r2, #0]
10002c2a:	18c0      	adds	r0, r0, r3
10002c2c:	3830      	subs	r0, #48	; 0x30
10002c2e:	680a      	ldr	r2, [r1, #0]
10002c30:	7813      	ldrb	r3, [r2, #0]
10002c32:	3b30      	subs	r3, #48	; 0x30
10002c34:	b2db      	uxtb	r3, r3
10002c36:	2b09      	cmp	r3, #9
10002c38:	d9f1      	bls.n	10002c1e <_atoi+0x6>
10002c3a:	4770      	bx	lr

10002c3c <_out_rev>:
10002c3c:	b5f0      	push	{r4, r5, r6, r7, lr}
10002c3e:	46de      	mov	lr, fp
10002c40:	4657      	mov	r7, sl
10002c42:	464e      	mov	r6, r9
10002c44:	4645      	mov	r5, r8
10002c46:	b5e0      	push	{r5, r6, r7, lr}
10002c48:	b083      	sub	sp, #12
10002c4a:	4693      	mov	fp, r2
10002c4c:	001f      	movs	r7, r3
10002c4e:	9b0c      	ldr	r3, [sp, #48]	; 0x30
10002c50:	469a      	mov	sl, r3
10002c52:	9c0d      	ldr	r4, [sp, #52]	; 0x34
10002c54:	9b0e      	ldr	r3, [sp, #56]	; 0x38
10002c56:	4699      	mov	r9, r3
10002c58:	9b0f      	ldr	r3, [sp, #60]	; 0x3c
10002c5a:	079b      	lsls	r3, r3, #30
10002c5c:	d003      	beq.n	10002c66 <_out_rev+0x2a>
10002c5e:	46b8      	mov	r8, r7
10002c60:	000f      	movs	r7, r1
10002c62:	0006      	movs	r6, r0
10002c64:	e022      	b.n	10002cac <_out_rev+0x70>
10002c66:	9201      	str	r2, [sp, #4]
10002c68:	46a3      	mov	fp, r4
10002c6a:	4688      	mov	r8, r1
10002c6c:	464e      	mov	r6, r9
10002c6e:	46b9      	mov	r9, r7
10002c70:	0007      	movs	r7, r0
10002c72:	42b4      	cmp	r4, r6
10002c74:	d207      	bcs.n	10002c86 <_out_rev+0x4a>
10002c76:	1c55      	adds	r5, r2, #1
10002c78:	464b      	mov	r3, r9
10002c7a:	4641      	mov	r1, r8
10002c7c:	2020      	movs	r0, #32
10002c7e:	47b8      	blx	r7
10002c80:	3401      	adds	r4, #1
10002c82:	002a      	movs	r2, r5
10002c84:	e7f5      	b.n	10002c72 <_out_rev+0x36>
10002c86:	003d      	movs	r5, r7
10002c88:	464f      	mov	r7, r9
10002c8a:	465c      	mov	r4, fp
10002c8c:	9b01      	ldr	r3, [sp, #4]
10002c8e:	469b      	mov	fp, r3
10002c90:	46b1      	mov	r9, r6
10002c92:	4646      	mov	r6, r8
10002c94:	46b8      	mov	r8, r7
10002c96:	0037      	movs	r7, r6
10002c98:	002e      	movs	r6, r5
10002c9a:	e007      	b.n	10002cac <_out_rev+0x70>
10002c9c:	3c01      	subs	r4, #1
10002c9e:	1c55      	adds	r5, r2, #1
10002ca0:	4653      	mov	r3, sl
10002ca2:	5d18      	ldrb	r0, [r3, r4]
10002ca4:	4643      	mov	r3, r8
10002ca6:	0039      	movs	r1, r7
10002ca8:	47b0      	blx	r6
10002caa:	002a      	movs	r2, r5
10002cac:	2c00      	cmp	r4, #0
10002cae:	d1f5      	bne.n	10002c9c <_out_rev+0x60>
10002cb0:	0035      	movs	r5, r6
10002cb2:	003e      	movs	r6, r7
10002cb4:	4647      	mov	r7, r8
10002cb6:	9b0f      	ldr	r3, [sp, #60]	; 0x3c
10002cb8:	079b      	lsls	r3, r3, #30
10002cba:	d407      	bmi.n	10002ccc <_out_rev+0x90>
10002cbc:	0010      	movs	r0, r2
10002cbe:	b003      	add	sp, #12
10002cc0:	bcf0      	pop	{r4, r5, r6, r7}
10002cc2:	46bb      	mov	fp, r7
10002cc4:	46b2      	mov	sl, r6
10002cc6:	46a9      	mov	r9, r5
10002cc8:	46a0      	mov	r8, r4
10002cca:	bdf0      	pop	{r4, r5, r6, r7, pc}
10002ccc:	46b0      	mov	r8, r6
10002cce:	464e      	mov	r6, r9
10002cd0:	46b9      	mov	r9, r7
10002cd2:	002f      	movs	r7, r5
10002cd4:	465d      	mov	r5, fp
10002cd6:	1b53      	subs	r3, r2, r5
10002cd8:	42b3      	cmp	r3, r6
10002cda:	d2ef      	bcs.n	10002cbc <_out_rev+0x80>
10002cdc:	1c54      	adds	r4, r2, #1
10002cde:	464b      	mov	r3, r9
10002ce0:	4641      	mov	r1, r8
10002ce2:	2020      	movs	r0, #32
10002ce4:	47b8      	blx	r7
10002ce6:	0022      	movs	r2, r4
10002ce8:	e7f5      	b.n	10002cd6 <_out_rev+0x9a>

10002cea <_ntoa_format>:
10002cea:	b5f0      	push	{r4, r5, r6, r7, lr}
10002cec:	46ce      	mov	lr, r9
10002cee:	4647      	mov	r7, r8
10002cf0:	b580      	push	{r7, lr}
10002cf2:	b085      	sub	sp, #20
10002cf4:	4694      	mov	ip, r2
10002cf6:	4698      	mov	r8, r3
10002cf8:	9d0c      	ldr	r5, [sp, #48]	; 0x30
10002cfa:	9c0d      	ldr	r4, [sp, #52]	; 0x34
10002cfc:	ab0e      	add	r3, sp, #56	; 0x38
10002cfe:	781b      	ldrb	r3, [r3, #0]
10002d00:	4699      	mov	r9, r3
10002d02:	9a10      	ldr	r2, [sp, #64]	; 0x40
10002d04:	9b11      	ldr	r3, [sp, #68]	; 0x44
10002d06:	9e12      	ldr	r6, [sp, #72]	; 0x48
10002d08:	07b7      	lsls	r7, r6, #30
10002d0a:	d41c      	bmi.n	10002d46 <_ntoa_format+0x5c>
10002d0c:	2b00      	cmp	r3, #0
10002d0e:	d00c      	beq.n	10002d2a <_ntoa_format+0x40>
10002d10:	07f7      	lsls	r7, r6, #31
10002d12:	d50a      	bpl.n	10002d2a <_ntoa_format+0x40>
10002d14:	464f      	mov	r7, r9
10002d16:	2f00      	cmp	r7, #0
10002d18:	d102      	bne.n	10002d20 <_ntoa_format+0x36>
10002d1a:	370c      	adds	r7, #12
10002d1c:	4237      	tst	r7, r6
10002d1e:	d004      	beq.n	10002d2a <_ntoa_format+0x40>
10002d20:	3b01      	subs	r3, #1
10002d22:	e002      	b.n	10002d2a <_ntoa_format+0x40>
10002d24:	2730      	movs	r7, #48	; 0x30
10002d26:	552f      	strb	r7, [r5, r4]
10002d28:	3401      	adds	r4, #1
10002d2a:	4294      	cmp	r4, r2
10002d2c:	d201      	bcs.n	10002d32 <_ntoa_format+0x48>
10002d2e:	2c1f      	cmp	r4, #31
10002d30:	d9f8      	bls.n	10002d24 <_ntoa_format+0x3a>
10002d32:	07f7      	lsls	r7, r6, #31
10002d34:	d507      	bpl.n	10002d46 <_ntoa_format+0x5c>
10002d36:	429c      	cmp	r4, r3
10002d38:	d205      	bcs.n	10002d46 <_ntoa_format+0x5c>
10002d3a:	2c1f      	cmp	r4, #31
10002d3c:	d803      	bhi.n	10002d46 <_ntoa_format+0x5c>
10002d3e:	2730      	movs	r7, #48	; 0x30
10002d40:	552f      	strb	r7, [r5, r4]
10002d42:	3401      	adds	r4, #1
10002d44:	e7f5      	b.n	10002d32 <_ntoa_format+0x48>
10002d46:	06f7      	lsls	r7, r6, #27
10002d48:	d515      	bpl.n	10002d76 <_ntoa_format+0x8c>
10002d4a:	0577      	lsls	r7, r6, #21
10002d4c:	d405      	bmi.n	10002d5a <_ntoa_format+0x70>
10002d4e:	2c00      	cmp	r4, #0
10002d50:	d003      	beq.n	10002d5a <_ntoa_format+0x70>
10002d52:	4294      	cmp	r4, r2
10002d54:	d024      	beq.n	10002da0 <_ntoa_format+0xb6>
10002d56:	429c      	cmp	r4, r3
10002d58:	d022      	beq.n	10002da0 <_ntoa_format+0xb6>
10002d5a:	9a0f      	ldr	r2, [sp, #60]	; 0x3c
10002d5c:	2a10      	cmp	r2, #16
10002d5e:	d02b      	beq.n	10002db8 <_ntoa_format+0xce>
10002d60:	9a0f      	ldr	r2, [sp, #60]	; 0x3c
10002d62:	2a10      	cmp	r2, #16
10002d64:	d030      	beq.n	10002dc8 <_ntoa_format+0xde>
10002d66:	9a0f      	ldr	r2, [sp, #60]	; 0x3c
10002d68:	2a02      	cmp	r2, #2
10002d6a:	d035      	beq.n	10002dd8 <_ntoa_format+0xee>
10002d6c:	2c1f      	cmp	r4, #31
10002d6e:	d802      	bhi.n	10002d76 <_ntoa_format+0x8c>
10002d70:	2230      	movs	r2, #48	; 0x30
10002d72:	552a      	strb	r2, [r5, r4]
10002d74:	3401      	adds	r4, #1
10002d76:	2c1f      	cmp	r4, #31
10002d78:	d805      	bhi.n	10002d86 <_ntoa_format+0x9c>
10002d7a:	464a      	mov	r2, r9
10002d7c:	2a00      	cmp	r2, #0
10002d7e:	d031      	beq.n	10002de4 <_ntoa_format+0xfa>
10002d80:	222d      	movs	r2, #45	; 0x2d
10002d82:	552a      	strb	r2, [r5, r4]
10002d84:	3401      	adds	r4, #1
10002d86:	9603      	str	r6, [sp, #12]
10002d88:	9302      	str	r3, [sp, #8]
10002d8a:	9401      	str	r4, [sp, #4]
10002d8c:	9500      	str	r5, [sp, #0]
10002d8e:	4643      	mov	r3, r8
10002d90:	4662      	mov	r2, ip
10002d92:	f7ff ff53 	bl	10002c3c <_out_rev>
10002d96:	b005      	add	sp, #20
10002d98:	bcc0      	pop	{r6, r7}
10002d9a:	46b9      	mov	r9, r7
10002d9c:	46b0      	mov	r8, r6
10002d9e:	bdf0      	pop	{r4, r5, r6, r7, pc}
10002da0:	1e62      	subs	r2, r4, #1
10002da2:	2c01      	cmp	r4, #1
10002da4:	d006      	beq.n	10002db4 <_ntoa_format+0xca>
10002da6:	9f0f      	ldr	r7, [sp, #60]	; 0x3c
10002da8:	2f10      	cmp	r7, #16
10002daa:	d001      	beq.n	10002db0 <_ntoa_format+0xc6>
10002dac:	0014      	movs	r4, r2
10002dae:	e7d4      	b.n	10002d5a <_ntoa_format+0x70>
10002db0:	3c02      	subs	r4, #2
10002db2:	e7d2      	b.n	10002d5a <_ntoa_format+0x70>
10002db4:	0014      	movs	r4, r2
10002db6:	e7d0      	b.n	10002d5a <_ntoa_format+0x70>
10002db8:	06b2      	lsls	r2, r6, #26
10002dba:	d4d1      	bmi.n	10002d60 <_ntoa_format+0x76>
10002dbc:	2c1f      	cmp	r4, #31
10002dbe:	d8cf      	bhi.n	10002d60 <_ntoa_format+0x76>
10002dc0:	2278      	movs	r2, #120	; 0x78
10002dc2:	552a      	strb	r2, [r5, r4]
10002dc4:	3401      	adds	r4, #1
10002dc6:	e7d1      	b.n	10002d6c <_ntoa_format+0x82>
10002dc8:	06b2      	lsls	r2, r6, #26
10002dca:	d5cc      	bpl.n	10002d66 <_ntoa_format+0x7c>
10002dcc:	2c1f      	cmp	r4, #31
10002dce:	d8ca      	bhi.n	10002d66 <_ntoa_format+0x7c>
10002dd0:	2258      	movs	r2, #88	; 0x58
10002dd2:	552a      	strb	r2, [r5, r4]
10002dd4:	3401      	adds	r4, #1
10002dd6:	e7c9      	b.n	10002d6c <_ntoa_format+0x82>
10002dd8:	2c1f      	cmp	r4, #31
10002dda:	d8c7      	bhi.n	10002d6c <_ntoa_format+0x82>
10002ddc:	3260      	adds	r2, #96	; 0x60
10002dde:	552a      	strb	r2, [r5, r4]
10002de0:	3401      	adds	r4, #1
10002de2:	e7c3      	b.n	10002d6c <_ntoa_format+0x82>
10002de4:	0772      	lsls	r2, r6, #29
10002de6:	d503      	bpl.n	10002df0 <_ntoa_format+0x106>
10002de8:	222b      	movs	r2, #43	; 0x2b
10002dea:	552a      	strb	r2, [r5, r4]
10002dec:	3401      	adds	r4, #1
10002dee:	e7ca      	b.n	10002d86 <_ntoa_format+0x9c>
10002df0:	0732      	lsls	r2, r6, #28
10002df2:	d5c8      	bpl.n	10002d86 <_ntoa_format+0x9c>
10002df4:	2220      	movs	r2, #32
10002df6:	552a      	strb	r2, [r5, r4]
10002df8:	3401      	adds	r4, #1
10002dfa:	e7c4      	b.n	10002d86 <_ntoa_format+0x9c>

10002dfc <_ntoa_long>:
10002dfc:	b5f0      	push	{r4, r5, r6, r7, lr}
10002dfe:	46de      	mov	lr, fp
10002e00:	4657      	mov	r7, sl
10002e02:	464e      	mov	r6, r9
10002e04:	4645      	mov	r5, r8
10002e06:	b5e0      	push	{r5, r6, r7, lr}
10002e08:	b093      	sub	sp, #76	; 0x4c
10002e0a:	4681      	mov	r9, r0
10002e0c:	468a      	mov	sl, r1
10002e0e:	9208      	str	r2, [sp, #32]
10002e10:	9309      	str	r3, [sp, #36]	; 0x24
10002e12:	ab1c      	add	r3, sp, #112	; 0x70
10002e14:	cb10      	ldmia	r3!, {r4}
10002e16:	781b      	ldrb	r3, [r3, #0]
10002e18:	469b      	mov	fp, r3
10002e1a:	9d1e      	ldr	r5, [sp, #120]	; 0x78
10002e1c:	9b21      	ldr	r3, [sp, #132]	; 0x84
10002e1e:	4698      	mov	r8, r3
10002e20:	2c00      	cmp	r4, #0
10002e22:	d103      	bne.n	10002e2c <_ntoa_long+0x30>
10002e24:	2310      	movs	r3, #16
10002e26:	4642      	mov	r2, r8
10002e28:	439a      	bics	r2, r3
10002e2a:	4690      	mov	r8, r2
10002e2c:	2380      	movs	r3, #128	; 0x80
10002e2e:	00db      	lsls	r3, r3, #3
10002e30:	4646      	mov	r6, r8
10002e32:	401e      	ands	r6, r3
10002e34:	4642      	mov	r2, r8
10002e36:	421a      	tst	r2, r3
10002e38:	d012      	beq.n	10002e60 <_ntoa_long+0x64>
10002e3a:	2c00      	cmp	r4, #0
10002e3c:	d022      	beq.n	10002e84 <_ntoa_long+0x88>
10002e3e:	2600      	movs	r6, #0
10002e40:	e00e      	b.n	10002e60 <_ntoa_long+0x64>
10002e42:	3330      	adds	r3, #48	; 0x30
10002e44:	b2d9      	uxtb	r1, r3
10002e46:	1c77      	adds	r7, r6, #1
10002e48:	ab0a      	add	r3, sp, #40	; 0x28
10002e4a:	5599      	strb	r1, [r3, r6]
10002e4c:	0029      	movs	r1, r5
10002e4e:	0020      	movs	r0, r4
10002e50:	f7fe ffd6 	bl	10001e00 <__wrap___aeabi_uidiv>
10002e54:	42ac      	cmp	r4, r5
10002e56:	d316      	bcc.n	10002e86 <_ntoa_long+0x8a>
10002e58:	2f1f      	cmp	r7, #31
10002e5a:	d814      	bhi.n	10002e86 <_ntoa_long+0x8a>
10002e5c:	003e      	movs	r6, r7
10002e5e:	0004      	movs	r4, r0
10002e60:	0029      	movs	r1, r5
10002e62:	0020      	movs	r0, r4
10002e64:	f7fe ffcc 	bl	10001e00 <__wrap___aeabi_uidiv>
10002e68:	b2cb      	uxtb	r3, r1
10002e6a:	2b09      	cmp	r3, #9
10002e6c:	d9e9      	bls.n	10002e42 <_ntoa_long+0x46>
10002e6e:	4642      	mov	r2, r8
10002e70:	0692      	lsls	r2, r2, #26
10002e72:	d505      	bpl.n	10002e80 <_ntoa_long+0x84>
10002e74:	2141      	movs	r1, #65	; 0x41
10002e76:	18c9      	adds	r1, r1, r3
10002e78:	b2c9      	uxtb	r1, r1
10002e7a:	390a      	subs	r1, #10
10002e7c:	b2c9      	uxtb	r1, r1
10002e7e:	e7e2      	b.n	10002e46 <_ntoa_long+0x4a>
10002e80:	2161      	movs	r1, #97	; 0x61
10002e82:	e7f8      	b.n	10002e76 <_ntoa_long+0x7a>
10002e84:	0027      	movs	r7, r4
10002e86:	4643      	mov	r3, r8
10002e88:	9306      	str	r3, [sp, #24]
10002e8a:	9b20      	ldr	r3, [sp, #128]	; 0x80
10002e8c:	9305      	str	r3, [sp, #20]
10002e8e:	9b1f      	ldr	r3, [sp, #124]	; 0x7c
10002e90:	9304      	str	r3, [sp, #16]
10002e92:	9503      	str	r5, [sp, #12]
10002e94:	465b      	mov	r3, fp
10002e96:	9302      	str	r3, [sp, #8]
10002e98:	9701      	str	r7, [sp, #4]
10002e9a:	ab0a      	add	r3, sp, #40	; 0x28
10002e9c:	9300      	str	r3, [sp, #0]
10002e9e:	9b09      	ldr	r3, [sp, #36]	; 0x24
10002ea0:	9a08      	ldr	r2, [sp, #32]
10002ea2:	4651      	mov	r1, sl
10002ea4:	4648      	mov	r0, r9
10002ea6:	f7ff ff20 	bl	10002cea <_ntoa_format>
10002eaa:	b013      	add	sp, #76	; 0x4c
10002eac:	bcf0      	pop	{r4, r5, r6, r7}
10002eae:	46bb      	mov	fp, r7
10002eb0:	46b2      	mov	sl, r6
10002eb2:	46a9      	mov	r9, r5
10002eb4:	46a0      	mov	r8, r4
10002eb6:	bdf0      	pop	{r4, r5, r6, r7, pc}

10002eb8 <_ntoa_long_long>:
10002eb8:	b5f0      	push	{r4, r5, r6, r7, lr}
10002eba:	46de      	mov	lr, fp
10002ebc:	4657      	mov	r7, sl
10002ebe:	464e      	mov	r6, r9
10002ec0:	4645      	mov	r5, r8
10002ec2:	b5e0      	push	{r5, r6, r7, lr}
10002ec4:	b095      	sub	sp, #84	; 0x54
10002ec6:	9008      	str	r0, [sp, #32]
10002ec8:	9109      	str	r1, [sp, #36]	; 0x24
10002eca:	920a      	str	r2, [sp, #40]	; 0x28
10002ecc:	930b      	str	r3, [sp, #44]	; 0x2c
10002ece:	9e1e      	ldr	r6, [sp, #120]	; 0x78
10002ed0:	9c1f      	ldr	r4, [sp, #124]	; 0x7c
10002ed2:	ab20      	add	r3, sp, #128	; 0x80
10002ed4:	781b      	ldrb	r3, [r3, #0]
10002ed6:	469b      	mov	fp, r3
10002ed8:	9b22      	ldr	r3, [sp, #136]	; 0x88
10002eda:	4699      	mov	r9, r3
10002edc:	9d23      	ldr	r5, [sp, #140]	; 0x8c
10002ede:	9b26      	ldr	r3, [sp, #152]	; 0x98
10002ee0:	469a      	mov	sl, r3
10002ee2:	0033      	movs	r3, r6
10002ee4:	4323      	orrs	r3, r4
10002ee6:	d103      	bne.n	10002ef0 <_ntoa_long_long+0x38>
10002ee8:	3310      	adds	r3, #16
10002eea:	4652      	mov	r2, sl
10002eec:	439a      	bics	r2, r3
10002eee:	4692      	mov	sl, r2
10002ef0:	2380      	movs	r3, #128	; 0x80
10002ef2:	00db      	lsls	r3, r3, #3
10002ef4:	4657      	mov	r7, sl
10002ef6:	401f      	ands	r7, r3
10002ef8:	4652      	mov	r2, sl
10002efa:	421a      	tst	r2, r3
10002efc:	d019      	beq.n	10002f32 <_ntoa_long_long+0x7a>
10002efe:	0033      	movs	r3, r6
10002f00:	4323      	orrs	r3, r4
10002f02:	d02d      	beq.n	10002f60 <_ntoa_long_long+0xa8>
10002f04:	2700      	movs	r7, #0
10002f06:	e014      	b.n	10002f32 <_ntoa_long_long+0x7a>
10002f08:	3330      	adds	r3, #48	; 0x30
10002f0a:	b2da      	uxtb	r2, r3
10002f0c:	1c7b      	adds	r3, r7, #1
10002f0e:	4698      	mov	r8, r3
10002f10:	ab0c      	add	r3, sp, #48	; 0x30
10002f12:	55da      	strb	r2, [r3, r7]
10002f14:	464a      	mov	r2, r9
10002f16:	002b      	movs	r3, r5
10002f18:	0030      	movs	r0, r6
10002f1a:	0021      	movs	r1, r4
10002f1c:	f7fe ffae 	bl	10001e7c <__wrap___aeabi_uldivmod>
10002f20:	42a5      	cmp	r5, r4
10002f22:	d81f      	bhi.n	10002f64 <_ntoa_long_long+0xac>
10002f24:	d019      	beq.n	10002f5a <_ntoa_long_long+0xa2>
10002f26:	4643      	mov	r3, r8
10002f28:	2b1f      	cmp	r3, #31
10002f2a:	d81b      	bhi.n	10002f64 <_ntoa_long_long+0xac>
10002f2c:	4647      	mov	r7, r8
10002f2e:	0006      	movs	r6, r0
10002f30:	000c      	movs	r4, r1
10002f32:	464a      	mov	r2, r9
10002f34:	002b      	movs	r3, r5
10002f36:	0030      	movs	r0, r6
10002f38:	0021      	movs	r1, r4
10002f3a:	f7fe ff9f 	bl	10001e7c <__wrap___aeabi_uldivmod>
10002f3e:	b2d3      	uxtb	r3, r2
10002f40:	2b09      	cmp	r3, #9
10002f42:	d9e1      	bls.n	10002f08 <_ntoa_long_long+0x50>
10002f44:	4652      	mov	r2, sl
10002f46:	0692      	lsls	r2, r2, #26
10002f48:	d505      	bpl.n	10002f56 <_ntoa_long_long+0x9e>
10002f4a:	2241      	movs	r2, #65	; 0x41
10002f4c:	18d2      	adds	r2, r2, r3
10002f4e:	b2d2      	uxtb	r2, r2
10002f50:	3a0a      	subs	r2, #10
10002f52:	b2d2      	uxtb	r2, r2
10002f54:	e7da      	b.n	10002f0c <_ntoa_long_long+0x54>
10002f56:	2261      	movs	r2, #97	; 0x61
10002f58:	e7f8      	b.n	10002f4c <_ntoa_long_long+0x94>
10002f5a:	45b1      	cmp	r9, r6
10002f5c:	d9e3      	bls.n	10002f26 <_ntoa_long_long+0x6e>
10002f5e:	e001      	b.n	10002f64 <_ntoa_long_long+0xac>
10002f60:	2300      	movs	r3, #0
10002f62:	4698      	mov	r8, r3
10002f64:	4653      	mov	r3, sl
10002f66:	9306      	str	r3, [sp, #24]
10002f68:	9b25      	ldr	r3, [sp, #148]	; 0x94
10002f6a:	9305      	str	r3, [sp, #20]
10002f6c:	9b24      	ldr	r3, [sp, #144]	; 0x90
10002f6e:	9304      	str	r3, [sp, #16]
10002f70:	464b      	mov	r3, r9
10002f72:	9303      	str	r3, [sp, #12]
10002f74:	465b      	mov	r3, fp
10002f76:	9302      	str	r3, [sp, #8]
10002f78:	4643      	mov	r3, r8
10002f7a:	9301      	str	r3, [sp, #4]
10002f7c:	ab0c      	add	r3, sp, #48	; 0x30
10002f7e:	9300      	str	r3, [sp, #0]
10002f80:	9b0b      	ldr	r3, [sp, #44]	; 0x2c
10002f82:	9a0a      	ldr	r2, [sp, #40]	; 0x28
10002f84:	9909      	ldr	r1, [sp, #36]	; 0x24
10002f86:	9808      	ldr	r0, [sp, #32]
10002f88:	f7ff feaf 	bl	10002cea <_ntoa_format>
10002f8c:	b015      	add	sp, #84	; 0x54
10002f8e:	bcf0      	pop	{r4, r5, r6, r7}
10002f90:	46bb      	mov	fp, r7
10002f92:	46b2      	mov	sl, r6
10002f94:	46a9      	mov	r9, r5
10002f96:	46a0      	mov	r8, r4
10002f98:	bdf0      	pop	{r4, r5, r6, r7, pc}
	...

10002f9c <_etoa>:
10002f9c:	b5f0      	push	{r4, r5, r6, r7, lr}
10002f9e:	46de      	mov	lr, fp
10002fa0:	4657      	mov	r7, sl
10002fa2:	464e      	mov	r6, r9
10002fa4:	4645      	mov	r5, r8
10002fa6:	b5e0      	push	{r5, r6, r7, lr}
10002fa8:	b091      	sub	sp, #68	; 0x44
10002faa:	4683      	mov	fp, r0
10002fac:	468a      	mov	sl, r1
10002fae:	920c      	str	r2, [sp, #48]	; 0x30
10002fb0:	4698      	mov	r8, r3
10002fb2:	9c1a      	ldr	r4, [sp, #104]	; 0x68
10002fb4:	9408      	str	r4, [sp, #32]
10002fb6:	9d1b      	ldr	r5, [sp, #108]	; 0x6c
10002fb8:	9509      	str	r5, [sp, #36]	; 0x24
10002fba:	0022      	movs	r2, r4
10002fbc:	002b      	movs	r3, r5
10002fbe:	0020      	movs	r0, r4
10002fc0:	0029      	movs	r1, r5
10002fc2:	f7ff f9e6 	bl	10002392 <__wrap___aeabi_dcmpun>
10002fc6:	2800      	cmp	r0, #0
10002fc8:	d000      	beq.n	10002fcc <_etoa+0x30>
10002fca:	e0e5      	b.n	10003198 <_etoa+0x1fc>
10002fcc:	2201      	movs	r2, #1
10002fce:	4252      	negs	r2, r2
10002fd0:	4bd7      	ldr	r3, [pc, #860]	; (10003330 <_etoa+0x394>)
10002fd2:	0020      	movs	r0, r4
10002fd4:	0029      	movs	r1, r5
10002fd6:	f7ff f9d7 	bl	10002388 <__wrap___aeabi_dcmpgt>
10002fda:	2800      	cmp	r0, #0
10002fdc:	d000      	beq.n	10002fe0 <_etoa+0x44>
10002fde:	e0db      	b.n	10003198 <_etoa+0x1fc>
10002fe0:	2201      	movs	r2, #1
10002fe2:	4252      	negs	r2, r2
10002fe4:	4bd3      	ldr	r3, [pc, #844]	; (10003334 <_etoa+0x398>)
10002fe6:	0020      	movs	r0, r4
10002fe8:	0029      	movs	r1, r5
10002fea:	f7ff f9b7 	bl	1000235c <__wrap___aeabi_dcmplt>
10002fee:	2800      	cmp	r0, #0
10002ff0:	d000      	beq.n	10002ff4 <_etoa+0x58>
10002ff2:	e0d1      	b.n	10003198 <_etoa+0x1fc>
10002ff4:	2200      	movs	r2, #0
10002ff6:	2300      	movs	r3, #0
10002ff8:	9e08      	ldr	r6, [sp, #32]
10002ffa:	0030      	movs	r0, r6
10002ffc:	9d09      	ldr	r5, [sp, #36]	; 0x24
10002ffe:	0029      	movs	r1, r5
10003000:	f7ff f9ac 	bl	1000235c <__wrap___aeabi_dcmplt>
10003004:	2800      	cmp	r0, #0
10003006:	d000      	beq.n	1000300a <_etoa+0x6e>
10003008:	e0dd      	b.n	100031c6 <_etoa+0x22a>
1000300a:	9808      	ldr	r0, [sp, #32]
1000300c:	9909      	ldr	r1, [sp, #36]	; 0x24
1000300e:	9006      	str	r0, [sp, #24]
10003010:	9107      	str	r1, [sp, #28]
10003012:	2380      	movs	r3, #128	; 0x80
10003014:	00db      	lsls	r3, r3, #3
10003016:	9a1e      	ldr	r2, [sp, #120]	; 0x78
10003018:	401a      	ands	r2, r3
1000301a:	920d      	str	r2, [sp, #52]	; 0x34
1000301c:	9a1e      	ldr	r2, [sp, #120]	; 0x78
1000301e:	421a      	tst	r2, r3
10003020:	d101      	bne.n	10003026 <_etoa+0x8a>
10003022:	2306      	movs	r3, #6
10003024:	931c      	str	r3, [sp, #112]	; 0x70
10003026:	9806      	ldr	r0, [sp, #24]
10003028:	9907      	ldr	r1, [sp, #28]
1000302a:	0004      	movs	r4, r0
1000302c:	000d      	movs	r5, r1
1000302e:	000a      	movs	r2, r1
10003030:	0006      	movs	r6, r0
10003032:	4302      	orrs	r2, r0
10003034:	d100      	bne.n	10003038 <_etoa+0x9c>
10003036:	e0d1      	b.n	100031dc <_etoa+0x240>
10003038:	0d08      	lsrs	r0, r1, #20
1000303a:	0540      	lsls	r0, r0, #21
1000303c:	0d40      	lsrs	r0, r0, #21
1000303e:	4cbe      	ldr	r4, [pc, #760]	; (10003338 <_etoa+0x39c>)
10003040:	46a4      	mov	ip, r4
10003042:	4460      	add	r0, ip
10003044:	030a      	lsls	r2, r1, #12
10003046:	0b12      	lsrs	r2, r2, #12
10003048:	4bbc      	ldr	r3, [pc, #752]	; (1000333c <_etoa+0x3a0>)
1000304a:	4313      	orrs	r3, r2
1000304c:	001f      	movs	r7, r3
1000304e:	f7ff f9b1 	bl	100023b4 <__wrap___aeabi_i2d>
10003052:	4abb      	ldr	r2, [pc, #748]	; (10003340 <_etoa+0x3a4>)
10003054:	4bbb      	ldr	r3, [pc, #748]	; (10003344 <_etoa+0x3a8>)
10003056:	f7ff f93e 	bl	100022d6 <__wrap___aeabi_dmul>
1000305a:	4abb      	ldr	r2, [pc, #748]	; (10003348 <_etoa+0x3ac>)
1000305c:	4bbb      	ldr	r3, [pc, #748]	; (1000334c <_etoa+0x3b0>)
1000305e:	f7ff f913 	bl	10002288 <__wrap___aeabi_dadd>
10003062:	0004      	movs	r4, r0
10003064:	000d      	movs	r5, r1
10003066:	2200      	movs	r2, #0
10003068:	4bb9      	ldr	r3, [pc, #740]	; (10003350 <_etoa+0x3b4>)
1000306a:	0030      	movs	r0, r6
1000306c:	0039      	movs	r1, r7
1000306e:	f7ff f902 	bl	10002276 <__wrap___aeabi_dsub>
10003072:	4ab8      	ldr	r2, [pc, #736]	; (10003354 <_etoa+0x3b8>)
10003074:	4bb8      	ldr	r3, [pc, #736]	; (10003358 <_etoa+0x3bc>)
10003076:	f7ff f92e 	bl	100022d6 <__wrap___aeabi_dmul>
1000307a:	0002      	movs	r2, r0
1000307c:	000b      	movs	r3, r1
1000307e:	0020      	movs	r0, r4
10003080:	0029      	movs	r1, r5
10003082:	f7ff f901 	bl	10002288 <__wrap___aeabi_dadd>
10003086:	f7ff f9ad 	bl	100023e4 <__wrap___aeabi_d2iz>
1000308a:	4681      	mov	r9, r0
1000308c:	f7ff f992 	bl	100023b4 <__wrap___aeabi_i2d>
10003090:	0004      	movs	r4, r0
10003092:	000d      	movs	r5, r1
10003094:	4ab1      	ldr	r2, [pc, #708]	; (1000335c <_etoa+0x3c0>)
10003096:	4bb2      	ldr	r3, [pc, #712]	; (10003360 <_etoa+0x3c4>)
10003098:	f7ff f91d 	bl	100022d6 <__wrap___aeabi_dmul>
1000309c:	2200      	movs	r2, #0
1000309e:	4bb1      	ldr	r3, [pc, #708]	; (10003364 <_etoa+0x3c8>)
100030a0:	f7ff f8f2 	bl	10002288 <__wrap___aeabi_dadd>
100030a4:	f7ff f99e 	bl	100023e4 <__wrap___aeabi_d2iz>
100030a8:	0006      	movs	r6, r0
100030aa:	4aaf      	ldr	r2, [pc, #700]	; (10003368 <_etoa+0x3cc>)
100030ac:	4baf      	ldr	r3, [pc, #700]	; (1000336c <_etoa+0x3d0>)
100030ae:	0020      	movs	r0, r4
100030b0:	0029      	movs	r1, r5
100030b2:	f7ff f910 	bl	100022d6 <__wrap___aeabi_dmul>
100030b6:	0004      	movs	r4, r0
100030b8:	000d      	movs	r5, r1
100030ba:	0030      	movs	r0, r6
100030bc:	f7ff f97a 	bl	100023b4 <__wrap___aeabi_i2d>
100030c0:	4aab      	ldr	r2, [pc, #684]	; (10003370 <_etoa+0x3d4>)
100030c2:	4bac      	ldr	r3, [pc, #688]	; (10003374 <_etoa+0x3d8>)
100030c4:	f7ff f907 	bl	100022d6 <__wrap___aeabi_dmul>
100030c8:	0002      	movs	r2, r0
100030ca:	000b      	movs	r3, r1
100030cc:	0020      	movs	r0, r4
100030ce:	0029      	movs	r1, r5
100030d0:	f7ff f8d1 	bl	10002276 <__wrap___aeabi_dsub>
100030d4:	0004      	movs	r4, r0
100030d6:	000d      	movs	r5, r1
100030d8:	0002      	movs	r2, r0
100030da:	000b      	movs	r3, r1
100030dc:	f7ff f8fb 	bl	100022d6 <__wrap___aeabi_dmul>
100030e0:	900a      	str	r0, [sp, #40]	; 0x28
100030e2:	910b      	str	r1, [sp, #44]	; 0x2c
100030e4:	4ba4      	ldr	r3, [pc, #656]	; (10003378 <_etoa+0x3dc>)
100030e6:	18f3      	adds	r3, r6, r3
100030e8:	2600      	movs	r6, #0
100030ea:	051f      	lsls	r7, r3, #20
100030ec:	0022      	movs	r2, r4
100030ee:	002b      	movs	r3, r5
100030f0:	0020      	movs	r0, r4
100030f2:	0029      	movs	r1, r5
100030f4:	f7ff f8c8 	bl	10002288 <__wrap___aeabi_dadd>
100030f8:	900e      	str	r0, [sp, #56]	; 0x38
100030fa:	910f      	str	r1, [sp, #60]	; 0x3c
100030fc:	0022      	movs	r2, r4
100030fe:	002b      	movs	r3, r5
10003100:	2000      	movs	r0, #0
10003102:	2180      	movs	r1, #128	; 0x80
10003104:	05c9      	lsls	r1, r1, #23
10003106:	f7ff f8b6 	bl	10002276 <__wrap___aeabi_dsub>
1000310a:	0004      	movs	r4, r0
1000310c:	000d      	movs	r5, r1
1000310e:	2200      	movs	r2, #0
10003110:	4b9a      	ldr	r3, [pc, #616]	; (1000337c <_etoa+0x3e0>)
10003112:	980a      	ldr	r0, [sp, #40]	; 0x28
10003114:	990b      	ldr	r1, [sp, #44]	; 0x2c
10003116:	f7ff f8c0 	bl	1000229a <__wrap___aeabi_ddiv>
1000311a:	2200      	movs	r2, #0
1000311c:	4b98      	ldr	r3, [pc, #608]	; (10003380 <_etoa+0x3e4>)
1000311e:	f7ff f8b3 	bl	10002288 <__wrap___aeabi_dadd>
10003122:	0002      	movs	r2, r0
10003124:	000b      	movs	r3, r1
10003126:	980a      	ldr	r0, [sp, #40]	; 0x28
10003128:	990b      	ldr	r1, [sp, #44]	; 0x2c
1000312a:	f7ff f8b6 	bl	1000229a <__wrap___aeabi_ddiv>
1000312e:	2200      	movs	r2, #0
10003130:	4b94      	ldr	r3, [pc, #592]	; (10003384 <_etoa+0x3e8>)
10003132:	f7ff f8a9 	bl	10002288 <__wrap___aeabi_dadd>
10003136:	0002      	movs	r2, r0
10003138:	000b      	movs	r3, r1
1000313a:	980a      	ldr	r0, [sp, #40]	; 0x28
1000313c:	990b      	ldr	r1, [sp, #44]	; 0x2c
1000313e:	f7ff f8ac 	bl	1000229a <__wrap___aeabi_ddiv>
10003142:	0002      	movs	r2, r0
10003144:	000b      	movs	r3, r1
10003146:	0020      	movs	r0, r4
10003148:	0029      	movs	r1, r5
1000314a:	f7ff f89d 	bl	10002288 <__wrap___aeabi_dadd>
1000314e:	0002      	movs	r2, r0
10003150:	000b      	movs	r3, r1
10003152:	980e      	ldr	r0, [sp, #56]	; 0x38
10003154:	990f      	ldr	r1, [sp, #60]	; 0x3c
10003156:	f7ff f8a0 	bl	1000229a <__wrap___aeabi_ddiv>
1000315a:	2200      	movs	r2, #0
1000315c:	4b77      	ldr	r3, [pc, #476]	; (1000333c <_etoa+0x3a0>)
1000315e:	f7ff f893 	bl	10002288 <__wrap___aeabi_dadd>
10003162:	0032      	movs	r2, r6
10003164:	003b      	movs	r3, r7
10003166:	f7ff f8b6 	bl	100022d6 <__wrap___aeabi_dmul>
1000316a:	0006      	movs	r6, r0
1000316c:	000f      	movs	r7, r1
1000316e:	0004      	movs	r4, r0
10003170:	000d      	movs	r5, r1
10003172:	9a06      	ldr	r2, [sp, #24]
10003174:	9b07      	ldr	r3, [sp, #28]
10003176:	f7ff f907 	bl	10002388 <__wrap___aeabi_dcmpgt>
1000317a:	2800      	cmp	r0, #0
1000317c:	d030      	beq.n	100031e0 <_etoa+0x244>
1000317e:	2301      	movs	r3, #1
10003180:	425b      	negs	r3, r3
10003182:	469c      	mov	ip, r3
10003184:	44e1      	add	r9, ip
10003186:	2200      	movs	r2, #0
10003188:	4b7d      	ldr	r3, [pc, #500]	; (10003380 <_etoa+0x3e4>)
1000318a:	0030      	movs	r0, r6
1000318c:	0039      	movs	r1, r7
1000318e:	f7ff f884 	bl	1000229a <__wrap___aeabi_ddiv>
10003192:	0004      	movs	r4, r0
10003194:	000d      	movs	r5, r1
10003196:	e023      	b.n	100031e0 <_etoa+0x244>
10003198:	9b1e      	ldr	r3, [sp, #120]	; 0x78
1000319a:	9304      	str	r3, [sp, #16]
1000319c:	9b1d      	ldr	r3, [sp, #116]	; 0x74
1000319e:	9303      	str	r3, [sp, #12]
100031a0:	9b1c      	ldr	r3, [sp, #112]	; 0x70
100031a2:	9302      	str	r3, [sp, #8]
100031a4:	9a08      	ldr	r2, [sp, #32]
100031a6:	9b09      	ldr	r3, [sp, #36]	; 0x24
100031a8:	9200      	str	r2, [sp, #0]
100031aa:	9301      	str	r3, [sp, #4]
100031ac:	4643      	mov	r3, r8
100031ae:	9a0c      	ldr	r2, [sp, #48]	; 0x30
100031b0:	4651      	mov	r1, sl
100031b2:	4658      	mov	r0, fp
100031b4:	f000 f8fc 	bl	100033b0 <_ftoa>
100031b8:	b011      	add	sp, #68	; 0x44
100031ba:	bcf0      	pop	{r4, r5, r6, r7}
100031bc:	46bb      	mov	fp, r7
100031be:	46b2      	mov	sl, r6
100031c0:	46a9      	mov	r9, r5
100031c2:	46a0      	mov	r8, r4
100031c4:	bdf0      	pop	{r4, r5, r6, r7, pc}
100031c6:	2300      	movs	r3, #0
100031c8:	2400      	movs	r4, #0
100031ca:	9306      	str	r3, [sp, #24]
100031cc:	9407      	str	r4, [sp, #28]
100031ce:	9606      	str	r6, [sp, #24]
100031d0:	2380      	movs	r3, #128	; 0x80
100031d2:	061b      	lsls	r3, r3, #24
100031d4:	469c      	mov	ip, r3
100031d6:	4465      	add	r5, ip
100031d8:	9507      	str	r5, [sp, #28]
100031da:	e71a      	b.n	10003012 <_etoa+0x76>
100031dc:	2300      	movs	r3, #0
100031de:	4699      	mov	r9, r3
100031e0:	464b      	mov	r3, r9
100031e2:	3363      	adds	r3, #99	; 0x63
100031e4:	2bc6      	cmp	r3, #198	; 0xc6
100031e6:	d81e      	bhi.n	10003226 <_etoa+0x28a>
100031e8:	2604      	movs	r6, #4
100031ea:	9b1e      	ldr	r3, [sp, #120]	; 0x78
100031ec:	051b      	lsls	r3, r3, #20
100031ee:	d526      	bpl.n	1000323e <_etoa+0x2a2>
100031f0:	002b      	movs	r3, r5
100031f2:	4323      	orrs	r3, r4
100031f4:	d00f      	beq.n	10003216 <_etoa+0x27a>
100031f6:	4a64      	ldr	r2, [pc, #400]	; (10003388 <_etoa+0x3ec>)
100031f8:	4b64      	ldr	r3, [pc, #400]	; (1000338c <_etoa+0x3f0>)
100031fa:	9806      	ldr	r0, [sp, #24]
100031fc:	9907      	ldr	r1, [sp, #28]
100031fe:	f7ff f8bb 	bl	10002378 <__wrap___aeabi_dcmpge>
10003202:	2800      	cmp	r0, #0
10003204:	d079      	beq.n	100032fa <_etoa+0x35e>
10003206:	2200      	movs	r2, #0
10003208:	4b61      	ldr	r3, [pc, #388]	; (10003390 <_etoa+0x3f4>)
1000320a:	9806      	ldr	r0, [sp, #24]
1000320c:	9907      	ldr	r1, [sp, #28]
1000320e:	f7ff f8a5 	bl	1000235c <__wrap___aeabi_dcmplt>
10003212:	2800      	cmp	r0, #0
10003214:	d071      	beq.n	100032fa <_etoa+0x35e>
10003216:	9b1c      	ldr	r3, [sp, #112]	; 0x70
10003218:	454b      	cmp	r3, r9
1000321a:	dd06      	ble.n	1000322a <_etoa+0x28e>
1000321c:	464a      	mov	r2, r9
1000321e:	1a98      	subs	r0, r3, r2
10003220:	1e43      	subs	r3, r0, #1
10003222:	931c      	str	r3, [sp, #112]	; 0x70
10003224:	e003      	b.n	1000322e <_etoa+0x292>
10003226:	2605      	movs	r6, #5
10003228:	e7df      	b.n	100031ea <_etoa+0x24e>
1000322a:	2300      	movs	r3, #0
1000322c:	931c      	str	r3, [sp, #112]	; 0x70
1000322e:	2380      	movs	r3, #128	; 0x80
10003230:	00db      	lsls	r3, r3, #3
10003232:	9a1e      	ldr	r2, [sp, #120]	; 0x78
10003234:	431a      	orrs	r2, r3
10003236:	921e      	str	r2, [sp, #120]	; 0x78
10003238:	2600      	movs	r6, #0
1000323a:	2300      	movs	r3, #0
1000323c:	4699      	mov	r9, r3
1000323e:	9b1d      	ldr	r3, [sp, #116]	; 0x74
10003240:	429e      	cmp	r6, r3
10003242:	d264      	bcs.n	1000330e <_etoa+0x372>
10003244:	1b9f      	subs	r7, r3, r6
10003246:	2302      	movs	r3, #2
10003248:	9a1e      	ldr	r2, [sp, #120]	; 0x78
1000324a:	401a      	ands	r2, r3
1000324c:	920a      	str	r2, [sp, #40]	; 0x28
1000324e:	9a1e      	ldr	r2, [sp, #120]	; 0x78
10003250:	4213      	tst	r3, r2
10003252:	d002      	beq.n	1000325a <_etoa+0x2be>
10003254:	2e00      	cmp	r6, #0
10003256:	d000      	beq.n	1000325a <_etoa+0x2be>
10003258:	2700      	movs	r7, #0
1000325a:	464b      	mov	r3, r9
1000325c:	2b00      	cmp	r3, #0
1000325e:	d007      	beq.n	10003270 <_etoa+0x2d4>
10003260:	0022      	movs	r2, r4
10003262:	002b      	movs	r3, r5
10003264:	9806      	ldr	r0, [sp, #24]
10003266:	9907      	ldr	r1, [sp, #28]
10003268:	f7ff f817 	bl	1000229a <__wrap___aeabi_ddiv>
1000326c:	9006      	str	r0, [sp, #24]
1000326e:	9107      	str	r1, [sp, #28]
10003270:	2200      	movs	r2, #0
10003272:	2300      	movs	r3, #0
10003274:	9808      	ldr	r0, [sp, #32]
10003276:	9909      	ldr	r1, [sp, #36]	; 0x24
10003278:	f7ff f870 	bl	1000235c <__wrap___aeabi_dcmplt>
1000327c:	2800      	cmp	r0, #0
1000327e:	d148      	bne.n	10003312 <_etoa+0x376>
10003280:	4b44      	ldr	r3, [pc, #272]	; (10003394 <_etoa+0x3f8>)
10003282:	9a1e      	ldr	r2, [sp, #120]	; 0x78
10003284:	4013      	ands	r3, r2
10003286:	9304      	str	r3, [sp, #16]
10003288:	9703      	str	r7, [sp, #12]
1000328a:	9b1c      	ldr	r3, [sp, #112]	; 0x70
1000328c:	9302      	str	r3, [sp, #8]
1000328e:	9b06      	ldr	r3, [sp, #24]
10003290:	9c07      	ldr	r4, [sp, #28]
10003292:	9300      	str	r3, [sp, #0]
10003294:	9401      	str	r4, [sp, #4]
10003296:	4643      	mov	r3, r8
10003298:	9a0c      	ldr	r2, [sp, #48]	; 0x30
1000329a:	4651      	mov	r1, sl
1000329c:	4658      	mov	r0, fp
1000329e:	f000 f887 	bl	100033b0 <_ftoa>
100032a2:	2e00      	cmp	r6, #0
100032a4:	d100      	bne.n	100032a8 <_etoa+0x30c>
100032a6:	e787      	b.n	100031b8 <_etoa+0x21c>
100032a8:	9b1e      	ldr	r3, [sp, #120]	; 0x78
100032aa:	069b      	lsls	r3, r3, #26
100032ac:	d53d      	bpl.n	1000332a <_etoa+0x38e>
100032ae:	2545      	movs	r5, #69	; 0x45
100032b0:	1c44      	adds	r4, r0, #1
100032b2:	4643      	mov	r3, r8
100032b4:	0002      	movs	r2, r0
100032b6:	4651      	mov	r1, sl
100032b8:	0028      	movs	r0, r5
100032ba:	47d8      	blx	fp
100032bc:	464b      	mov	r3, r9
100032be:	17da      	asrs	r2, r3, #31
100032c0:	189b      	adds	r3, r3, r2
100032c2:	4053      	eors	r3, r2
100032c4:	2205      	movs	r2, #5
100032c6:	9205      	str	r2, [sp, #20]
100032c8:	3e01      	subs	r6, #1
100032ca:	9604      	str	r6, [sp, #16]
100032cc:	2200      	movs	r2, #0
100032ce:	9203      	str	r2, [sp, #12]
100032d0:	320a      	adds	r2, #10
100032d2:	9202      	str	r2, [sp, #8]
100032d4:	464a      	mov	r2, r9
100032d6:	0fd0      	lsrs	r0, r2, #31
100032d8:	9001      	str	r0, [sp, #4]
100032da:	9300      	str	r3, [sp, #0]
100032dc:	4643      	mov	r3, r8
100032de:	0022      	movs	r2, r4
100032e0:	4651      	mov	r1, sl
100032e2:	4658      	mov	r0, fp
100032e4:	f7ff fd8a 	bl	10002dfc <_ntoa_long>
100032e8:	9b0a      	ldr	r3, [sp, #40]	; 0x28
100032ea:	2b00      	cmp	r3, #0
100032ec:	d100      	bne.n	100032f0 <_etoa+0x354>
100032ee:	e763      	b.n	100031b8 <_etoa+0x21c>
100032f0:	0002      	movs	r2, r0
100032f2:	465f      	mov	r7, fp
100032f4:	9e0c      	ldr	r6, [sp, #48]	; 0x30
100032f6:	9d1d      	ldr	r5, [sp, #116]	; 0x74
100032f8:	e054      	b.n	100033a4 <_etoa+0x408>
100032fa:	9b1c      	ldr	r3, [sp, #112]	; 0x70
100032fc:	2b00      	cmp	r3, #0
100032fe:	d09e      	beq.n	1000323e <_etoa+0x2a2>
10003300:	9b0d      	ldr	r3, [sp, #52]	; 0x34
10003302:	2b00      	cmp	r3, #0
10003304:	d09b      	beq.n	1000323e <_etoa+0x2a2>
10003306:	9b1c      	ldr	r3, [sp, #112]	; 0x70
10003308:	3b01      	subs	r3, #1
1000330a:	931c      	str	r3, [sp, #112]	; 0x70
1000330c:	e797      	b.n	1000323e <_etoa+0x2a2>
1000330e:	2700      	movs	r7, #0
10003310:	e799      	b.n	10003246 <_etoa+0x2aa>
10003312:	9c06      	ldr	r4, [sp, #24]
10003314:	9d07      	ldr	r5, [sp, #28]
10003316:	0022      	movs	r2, r4
10003318:	0029      	movs	r1, r5
1000331a:	2080      	movs	r0, #128	; 0x80
1000331c:	0600      	lsls	r0, r0, #24
1000331e:	4684      	mov	ip, r0
10003320:	4461      	add	r1, ip
10003322:	000b      	movs	r3, r1
10003324:	9206      	str	r2, [sp, #24]
10003326:	9307      	str	r3, [sp, #28]
10003328:	e7aa      	b.n	10003280 <_etoa+0x2e4>
1000332a:	2565      	movs	r5, #101	; 0x65
1000332c:	e7c0      	b.n	100032b0 <_etoa+0x314>
1000332e:	46c0      	nop			; (mov r8, r8)
10003330:	7fefffff 	.word	0x7fefffff
10003334:	ffefffff 	.word	0xffefffff
10003338:	fffffc01 	.word	0xfffffc01
1000333c:	3ff00000 	.word	0x3ff00000
10003340:	509f79fb 	.word	0x509f79fb
10003344:	3fd34413 	.word	0x3fd34413
10003348:	8b60c8b3 	.word	0x8b60c8b3
1000334c:	3fc68a28 	.word	0x3fc68a28
10003350:	3ff80000 	.word	0x3ff80000
10003354:	636f4361 	.word	0x636f4361
10003358:	3fd287a7 	.word	0x3fd287a7
1000335c:	0979a371 	.word	0x0979a371
10003360:	400a934f 	.word	0x400a934f
10003364:	3fe00000 	.word	0x3fe00000
10003368:	bbb55516 	.word	0xbbb55516
1000336c:	40026bb1 	.word	0x40026bb1
10003370:	fefa39ef 	.word	0xfefa39ef
10003374:	3fe62e42 	.word	0x3fe62e42
10003378:	000003ff 	.word	0x000003ff
1000337c:	402c0000 	.word	0x402c0000
10003380:	40240000 	.word	0x40240000
10003384:	40180000 	.word	0x40180000
10003388:	eb1c432d 	.word	0xeb1c432d
1000338c:	3f1a36e2 	.word	0x3f1a36e2
10003390:	412e8480 	.word	0x412e8480
10003394:	fffff7ff 	.word	0xfffff7ff
10003398:	1c54      	adds	r4, r2, #1
1000339a:	4643      	mov	r3, r8
1000339c:	4651      	mov	r1, sl
1000339e:	2020      	movs	r0, #32
100033a0:	47b8      	blx	r7
100033a2:	0022      	movs	r2, r4
100033a4:	1b93      	subs	r3, r2, r6
100033a6:	42ab      	cmp	r3, r5
100033a8:	d3f6      	bcc.n	10003398 <_etoa+0x3fc>
100033aa:	0010      	movs	r0, r2
100033ac:	e704      	b.n	100031b8 <_etoa+0x21c>
100033ae:	46c0      	nop			; (mov r8, r8)

100033b0 <_ftoa>:
100033b0:	b5f0      	push	{r4, r5, r6, r7, lr}
100033b2:	46de      	mov	lr, fp
100033b4:	4657      	mov	r7, sl
100033b6:	464e      	mov	r6, r9
100033b8:	4645      	mov	r5, r8
100033ba:	b5e0      	push	{r5, r6, r7, lr}
100033bc:	b095      	sub	sp, #84	; 0x54
100033be:	9006      	str	r0, [sp, #24]
100033c0:	9107      	str	r1, [sp, #28]
100033c2:	4693      	mov	fp, r2
100033c4:	4699      	mov	r9, r3
100033c6:	9f20      	ldr	r7, [sp, #128]	; 0x80
100033c8:	9a1e      	ldr	r2, [sp, #120]	; 0x78
100033ca:	9b1f      	ldr	r3, [sp, #124]	; 0x7c
100033cc:	0010      	movs	r0, r2
100033ce:	0019      	movs	r1, r3
100033d0:	f7fe ffdf 	bl	10002392 <__wrap___aeabi_dcmpun>
100033d4:	2800      	cmp	r0, #0
100033d6:	d131      	bne.n	1000343c <_ftoa+0x8c>
100033d8:	2201      	movs	r2, #1
100033da:	4252      	negs	r2, r2
100033dc:	4bbf      	ldr	r3, [pc, #764]	; (100036dc <_ftoa+0x32c>)
100033de:	981e      	ldr	r0, [sp, #120]	; 0x78
100033e0:	991f      	ldr	r1, [sp, #124]	; 0x7c
100033e2:	f7fe ffbb 	bl	1000235c <__wrap___aeabi_dcmplt>
100033e6:	2800      	cmp	r0, #0
100033e8:	d137      	bne.n	1000345a <_ftoa+0xaa>
100033ea:	2201      	movs	r2, #1
100033ec:	4252      	negs	r2, r2
100033ee:	4bbc      	ldr	r3, [pc, #752]	; (100036e0 <_ftoa+0x330>)
100033f0:	981e      	ldr	r0, [sp, #120]	; 0x78
100033f2:	991f      	ldr	r1, [sp, #124]	; 0x7c
100033f4:	f7fe ffc8 	bl	10002388 <__wrap___aeabi_dcmpgt>
100033f8:	2800      	cmp	r0, #0
100033fa:	d13d      	bne.n	10003478 <_ftoa+0xc8>
100033fc:	2200      	movs	r2, #0
100033fe:	4bb9      	ldr	r3, [pc, #740]	; (100036e4 <_ftoa+0x334>)
10003400:	981e      	ldr	r0, [sp, #120]	; 0x78
10003402:	991f      	ldr	r1, [sp, #124]	; 0x7c
10003404:	f7fe ffc0 	bl	10002388 <__wrap___aeabi_dcmpgt>
10003408:	2800      	cmp	r0, #0
1000340a:	d150      	bne.n	100034ae <_ftoa+0xfe>
1000340c:	2200      	movs	r2, #0
1000340e:	4bb6      	ldr	r3, [pc, #728]	; (100036e8 <_ftoa+0x338>)
10003410:	981e      	ldr	r0, [sp, #120]	; 0x78
10003412:	991f      	ldr	r1, [sp, #124]	; 0x7c
10003414:	f7fe ffa2 	bl	1000235c <__wrap___aeabi_dcmplt>
10003418:	2800      	cmp	r0, #0
1000341a:	d148      	bne.n	100034ae <_ftoa+0xfe>
1000341c:	2200      	movs	r2, #0
1000341e:	2300      	movs	r3, #0
10003420:	981e      	ldr	r0, [sp, #120]	; 0x78
10003422:	991f      	ldr	r1, [sp, #124]	; 0x7c
10003424:	f7fe ff9a 	bl	1000235c <__wrap___aeabi_dcmplt>
10003428:	2800      	cmp	r0, #0
1000342a:	d150      	bne.n	100034ce <_ftoa+0x11e>
1000342c:	2300      	movs	r3, #0
1000342e:	4698      	mov	r8, r3
10003430:	9b22      	ldr	r3, [sp, #136]	; 0x88
10003432:	055b      	lsls	r3, r3, #21
10003434:	d400      	bmi.n	10003438 <_ftoa+0x88>
10003436:	e0b6      	b.n	100035a6 <_ftoa+0x1f6>
10003438:	2400      	movs	r4, #0
1000343a:	e058      	b.n	100034ee <_ftoa+0x13e>
1000343c:	9b22      	ldr	r3, [sp, #136]	; 0x88
1000343e:	9303      	str	r3, [sp, #12]
10003440:	9b21      	ldr	r3, [sp, #132]	; 0x84
10003442:	9302      	str	r3, [sp, #8]
10003444:	2303      	movs	r3, #3
10003446:	9301      	str	r3, [sp, #4]
10003448:	4ba8      	ldr	r3, [pc, #672]	; (100036ec <_ftoa+0x33c>)
1000344a:	9300      	str	r3, [sp, #0]
1000344c:	464b      	mov	r3, r9
1000344e:	465a      	mov	r2, fp
10003450:	9907      	ldr	r1, [sp, #28]
10003452:	9806      	ldr	r0, [sp, #24]
10003454:	f7ff fbf2 	bl	10002c3c <_out_rev>
10003458:	e10e      	b.n	10003678 <_ftoa+0x2c8>
1000345a:	9b22      	ldr	r3, [sp, #136]	; 0x88
1000345c:	9303      	str	r3, [sp, #12]
1000345e:	9b21      	ldr	r3, [sp, #132]	; 0x84
10003460:	9302      	str	r3, [sp, #8]
10003462:	2304      	movs	r3, #4
10003464:	9301      	str	r3, [sp, #4]
10003466:	4ba2      	ldr	r3, [pc, #648]	; (100036f0 <_ftoa+0x340>)
10003468:	9300      	str	r3, [sp, #0]
1000346a:	464b      	mov	r3, r9
1000346c:	465a      	mov	r2, fp
1000346e:	9907      	ldr	r1, [sp, #28]
10003470:	9806      	ldr	r0, [sp, #24]
10003472:	f7ff fbe3 	bl	10002c3c <_out_rev>
10003476:	e0ff      	b.n	10003678 <_ftoa+0x2c8>
10003478:	2304      	movs	r3, #4
1000347a:	9a22      	ldr	r2, [sp, #136]	; 0x88
1000347c:	401a      	ands	r2, r3
1000347e:	9922      	ldr	r1, [sp, #136]	; 0x88
10003480:	420b      	tst	r3, r1
10003482:	d010      	beq.n	100034a6 <_ftoa+0xf6>
10003484:	4b9b      	ldr	r3, [pc, #620]	; (100036f4 <_ftoa+0x344>)
10003486:	2a00      	cmp	r2, #0
10003488:	d00f      	beq.n	100034aa <_ftoa+0xfa>
1000348a:	2204      	movs	r2, #4
1000348c:	9922      	ldr	r1, [sp, #136]	; 0x88
1000348e:	9103      	str	r1, [sp, #12]
10003490:	9921      	ldr	r1, [sp, #132]	; 0x84
10003492:	9102      	str	r1, [sp, #8]
10003494:	9201      	str	r2, [sp, #4]
10003496:	9300      	str	r3, [sp, #0]
10003498:	464b      	mov	r3, r9
1000349a:	465a      	mov	r2, fp
1000349c:	9907      	ldr	r1, [sp, #28]
1000349e:	9806      	ldr	r0, [sp, #24]
100034a0:	f7ff fbcc 	bl	10002c3c <_out_rev>
100034a4:	e0e8      	b.n	10003678 <_ftoa+0x2c8>
100034a6:	4b94      	ldr	r3, [pc, #592]	; (100036f8 <_ftoa+0x348>)
100034a8:	e7ed      	b.n	10003486 <_ftoa+0xd6>
100034aa:	2203      	movs	r2, #3
100034ac:	e7ee      	b.n	1000348c <_ftoa+0xdc>
100034ae:	9b22      	ldr	r3, [sp, #136]	; 0x88
100034b0:	9304      	str	r3, [sp, #16]
100034b2:	9b21      	ldr	r3, [sp, #132]	; 0x84
100034b4:	9303      	str	r3, [sp, #12]
100034b6:	9702      	str	r7, [sp, #8]
100034b8:	9b1e      	ldr	r3, [sp, #120]	; 0x78
100034ba:	9c1f      	ldr	r4, [sp, #124]	; 0x7c
100034bc:	9300      	str	r3, [sp, #0]
100034be:	9401      	str	r4, [sp, #4]
100034c0:	464b      	mov	r3, r9
100034c2:	465a      	mov	r2, fp
100034c4:	9907      	ldr	r1, [sp, #28]
100034c6:	9806      	ldr	r0, [sp, #24]
100034c8:	f7ff fd68 	bl	10002f9c <_etoa>
100034cc:	e0d4      	b.n	10003678 <_ftoa+0x2c8>
100034ce:	9a1e      	ldr	r2, [sp, #120]	; 0x78
100034d0:	9b1f      	ldr	r3, [sp, #124]	; 0x7c
100034d2:	2000      	movs	r0, #0
100034d4:	2100      	movs	r1, #0
100034d6:	f7fe fece 	bl	10002276 <__wrap___aeabi_dsub>
100034da:	901e      	str	r0, [sp, #120]	; 0x78
100034dc:	911f      	str	r1, [sp, #124]	; 0x7c
100034de:	2301      	movs	r3, #1
100034e0:	4698      	mov	r8, r3
100034e2:	e7a5      	b.n	10003430 <_ftoa+0x80>
100034e4:	ab0c      	add	r3, sp, #48	; 0x30
100034e6:	2230      	movs	r2, #48	; 0x30
100034e8:	551a      	strb	r2, [r3, r4]
100034ea:	3f01      	subs	r7, #1
100034ec:	3401      	adds	r4, #1
100034ee:	2c1f      	cmp	r4, #31
100034f0:	d801      	bhi.n	100034f6 <_ftoa+0x146>
100034f2:	2f09      	cmp	r7, #9
100034f4:	d8f6      	bhi.n	100034e4 <_ftoa+0x134>
100034f6:	981e      	ldr	r0, [sp, #120]	; 0x78
100034f8:	991f      	ldr	r1, [sp, #124]	; 0x7c
100034fa:	f7fe ff73 	bl	100023e4 <__wrap___aeabi_d2iz>
100034fe:	0005      	movs	r5, r0
10003500:	f7fe ff58 	bl	100023b4 <__wrap___aeabi_i2d>
10003504:	0002      	movs	r2, r0
10003506:	000b      	movs	r3, r1
10003508:	981e      	ldr	r0, [sp, #120]	; 0x78
1000350a:	991f      	ldr	r1, [sp, #124]	; 0x7c
1000350c:	f7fe feb3 	bl	10002276 <__wrap___aeabi_dsub>
10003510:	00fa      	lsls	r2, r7, #3
10003512:	4b7a      	ldr	r3, [pc, #488]	; (100036fc <_ftoa+0x34c>)
10003514:	189b      	adds	r3, r3, r2
10003516:	681a      	ldr	r2, [r3, #0]
10003518:	685b      	ldr	r3, [r3, #4]
1000351a:	920a      	str	r2, [sp, #40]	; 0x28
1000351c:	930b      	str	r3, [sp, #44]	; 0x2c
1000351e:	f7fe feda 	bl	100022d6 <__wrap___aeabi_dmul>
10003522:	9008      	str	r0, [sp, #32]
10003524:	9109      	str	r1, [sp, #36]	; 0x24
10003526:	f7fe ff81 	bl	1000242c <__wrap___aeabi_d2uiz>
1000352a:	0006      	movs	r6, r0
1000352c:	f7fe ff3e 	bl	100023ac <__wrap___aeabi_ui2d>
10003530:	0002      	movs	r2, r0
10003532:	000b      	movs	r3, r1
10003534:	9808      	ldr	r0, [sp, #32]
10003536:	9909      	ldr	r1, [sp, #36]	; 0x24
10003538:	f7fe fe9d 	bl	10002276 <__wrap___aeabi_dsub>
1000353c:	9008      	str	r0, [sp, #32]
1000353e:	9109      	str	r1, [sp, #36]	; 0x24
10003540:	2200      	movs	r2, #0
10003542:	4b6f      	ldr	r3, [pc, #444]	; (10003700 <_ftoa+0x350>)
10003544:	f7fe ff20 	bl	10002388 <__wrap___aeabi_dcmpgt>
10003548:	2800      	cmp	r0, #0
1000354a:	d02e      	beq.n	100035aa <_ftoa+0x1fa>
1000354c:	3601      	adds	r6, #1
1000354e:	0030      	movs	r0, r6
10003550:	f7fe ff2c 	bl	100023ac <__wrap___aeabi_ui2d>
10003554:	0002      	movs	r2, r0
10003556:	000b      	movs	r3, r1
10003558:	980a      	ldr	r0, [sp, #40]	; 0x28
1000355a:	990b      	ldr	r1, [sp, #44]	; 0x2c
1000355c:	f7fe ff04 	bl	10002368 <__wrap___aeabi_dcmple>
10003560:	2800      	cmp	r0, #0
10003562:	d001      	beq.n	10003568 <_ftoa+0x1b8>
10003564:	3501      	adds	r5, #1
10003566:	2600      	movs	r6, #0
10003568:	2f00      	cmp	r7, #0
1000356a:	d12c      	bne.n	100035c6 <_ftoa+0x216>
1000356c:	0028      	movs	r0, r5
1000356e:	f7fe ff21 	bl	100023b4 <__wrap___aeabi_i2d>
10003572:	0002      	movs	r2, r0
10003574:	000b      	movs	r3, r1
10003576:	981e      	ldr	r0, [sp, #120]	; 0x78
10003578:	991f      	ldr	r1, [sp, #124]	; 0x7c
1000357a:	f7fe fe7c 	bl	10002276 <__wrap___aeabi_dsub>
1000357e:	0006      	movs	r6, r0
10003580:	000f      	movs	r7, r1
10003582:	2200      	movs	r2, #0
10003584:	4b5e      	ldr	r3, [pc, #376]	; (10003700 <_ftoa+0x350>)
10003586:	f7fe fee9 	bl	1000235c <__wrap___aeabi_dcmplt>
1000358a:	2800      	cmp	r0, #0
1000358c:	d146      	bne.n	1000361c <_ftoa+0x26c>
1000358e:	2200      	movs	r2, #0
10003590:	4b5b      	ldr	r3, [pc, #364]	; (10003700 <_ftoa+0x350>)
10003592:	0030      	movs	r0, r6
10003594:	0039      	movs	r1, r7
10003596:	f7fe fef7 	bl	10002388 <__wrap___aeabi_dcmpgt>
1000359a:	2800      	cmp	r0, #0
1000359c:	d13e      	bne.n	1000361c <_ftoa+0x26c>
1000359e:	07eb      	lsls	r3, r5, #31
100035a0:	d53c      	bpl.n	1000361c <_ftoa+0x26c>
100035a2:	3501      	adds	r5, #1
100035a4:	e03a      	b.n	1000361c <_ftoa+0x26c>
100035a6:	2706      	movs	r7, #6
100035a8:	e746      	b.n	10003438 <_ftoa+0x88>
100035aa:	2200      	movs	r2, #0
100035ac:	4b54      	ldr	r3, [pc, #336]	; (10003700 <_ftoa+0x350>)
100035ae:	9808      	ldr	r0, [sp, #32]
100035b0:	9909      	ldr	r1, [sp, #36]	; 0x24
100035b2:	f7fe fed3 	bl	1000235c <__wrap___aeabi_dcmplt>
100035b6:	2800      	cmp	r0, #0
100035b8:	d1d6      	bne.n	10003568 <_ftoa+0x1b8>
100035ba:	2e00      	cmp	r6, #0
100035bc:	d001      	beq.n	100035c2 <_ftoa+0x212>
100035be:	07f3      	lsls	r3, r6, #31
100035c0:	d5d2      	bpl.n	10003568 <_ftoa+0x1b8>
100035c2:	3601      	adds	r6, #1
100035c4:	e7d0      	b.n	10003568 <_ftoa+0x1b8>
100035c6:	46aa      	mov	sl, r5
100035c8:	2c1f      	cmp	r4, #31
100035ca:	d811      	bhi.n	100035f0 <_ftoa+0x240>
100035cc:	3f01      	subs	r7, #1
100035ce:	210a      	movs	r1, #10
100035d0:	0030      	movs	r0, r6
100035d2:	f7fe fc15 	bl	10001e00 <__wrap___aeabi_uidiv>
100035d6:	1c65      	adds	r5, r4, #1
100035d8:	3130      	adds	r1, #48	; 0x30
100035da:	ab0c      	add	r3, sp, #48	; 0x30
100035dc:	5519      	strb	r1, [r3, r4]
100035de:	210a      	movs	r1, #10
100035e0:	0030      	movs	r0, r6
100035e2:	f7fe fc0d 	bl	10001e00 <__wrap___aeabi_uidiv>
100035e6:	2e09      	cmp	r6, #9
100035e8:	d90e      	bls.n	10003608 <_ftoa+0x258>
100035ea:	0006      	movs	r6, r0
100035ec:	002c      	movs	r4, r5
100035ee:	e7eb      	b.n	100035c8 <_ftoa+0x218>
100035f0:	4655      	mov	r5, sl
100035f2:	2c1f      	cmp	r4, #31
100035f4:	d80c      	bhi.n	10003610 <_ftoa+0x260>
100035f6:	1e7b      	subs	r3, r7, #1
100035f8:	2f00      	cmp	r7, #0
100035fa:	d009      	beq.n	10003610 <_ftoa+0x260>
100035fc:	aa0c      	add	r2, sp, #48	; 0x30
100035fe:	2130      	movs	r1, #48	; 0x30
10003600:	5511      	strb	r1, [r2, r4]
10003602:	001f      	movs	r7, r3
10003604:	3401      	adds	r4, #1
10003606:	e7f4      	b.n	100035f2 <_ftoa+0x242>
10003608:	002b      	movs	r3, r5
1000360a:	4655      	mov	r5, sl
1000360c:	001c      	movs	r4, r3
1000360e:	e7f0      	b.n	100035f2 <_ftoa+0x242>
10003610:	2c1f      	cmp	r4, #31
10003612:	d803      	bhi.n	1000361c <_ftoa+0x26c>
10003614:	ab0c      	add	r3, sp, #48	; 0x30
10003616:	222e      	movs	r2, #46	; 0x2e
10003618:	551a      	strb	r2, [r3, r4]
1000361a:	3401      	adds	r4, #1
1000361c:	2c1f      	cmp	r4, #31
1000361e:	d810      	bhi.n	10003642 <_ftoa+0x292>
10003620:	210a      	movs	r1, #10
10003622:	0028      	movs	r0, r5
10003624:	f7fe fbc4 	bl	10001db0 <__wrap___aeabi_idiv>
10003628:	1c66      	adds	r6, r4, #1
1000362a:	3130      	adds	r1, #48	; 0x30
1000362c:	ab0c      	add	r3, sp, #48	; 0x30
1000362e:	5519      	strb	r1, [r3, r4]
10003630:	210a      	movs	r1, #10
10003632:	0028      	movs	r0, r5
10003634:	f7fe fbbc 	bl	10001db0 <__wrap___aeabi_idiv>
10003638:	1e05      	subs	r5, r0, #0
1000363a:	d001      	beq.n	10003640 <_ftoa+0x290>
1000363c:	0034      	movs	r4, r6
1000363e:	e7ed      	b.n	1000361c <_ftoa+0x26c>
10003640:	0034      	movs	r4, r6
10003642:	2303      	movs	r3, #3
10003644:	9a22      	ldr	r2, [sp, #136]	; 0x88
10003646:	4013      	ands	r3, r2
10003648:	2b01      	cmp	r3, #1
1000364a:	d01c      	beq.n	10003686 <_ftoa+0x2d6>
1000364c:	2c1f      	cmp	r4, #31
1000364e:	d806      	bhi.n	1000365e <_ftoa+0x2ae>
10003650:	4643      	mov	r3, r8
10003652:	2b00      	cmp	r3, #0
10003654:	d032      	beq.n	100036bc <_ftoa+0x30c>
10003656:	ab0c      	add	r3, sp, #48	; 0x30
10003658:	222d      	movs	r2, #45	; 0x2d
1000365a:	551a      	strb	r2, [r3, r4]
1000365c:	3401      	adds	r4, #1
1000365e:	9b22      	ldr	r3, [sp, #136]	; 0x88
10003660:	9303      	str	r3, [sp, #12]
10003662:	9b21      	ldr	r3, [sp, #132]	; 0x84
10003664:	9302      	str	r3, [sp, #8]
10003666:	9401      	str	r4, [sp, #4]
10003668:	ab0c      	add	r3, sp, #48	; 0x30
1000366a:	9300      	str	r3, [sp, #0]
1000366c:	464b      	mov	r3, r9
1000366e:	465a      	mov	r2, fp
10003670:	9907      	ldr	r1, [sp, #28]
10003672:	9806      	ldr	r0, [sp, #24]
10003674:	f7ff fae2 	bl	10002c3c <_out_rev>
10003678:	b015      	add	sp, #84	; 0x54
1000367a:	bcf0      	pop	{r4, r5, r6, r7}
1000367c:	46bb      	mov	fp, r7
1000367e:	46b2      	mov	sl, r6
10003680:	46a9      	mov	r9, r5
10003682:	46a0      	mov	r8, r4
10003684:	bdf0      	pop	{r4, r5, r6, r7, pc}
10003686:	9b21      	ldr	r3, [sp, #132]	; 0x84
10003688:	2b00      	cmp	r3, #0
1000368a:	d013      	beq.n	100036b4 <_ftoa+0x304>
1000368c:	4643      	mov	r3, r8
1000368e:	2b00      	cmp	r3, #0
10003690:	d102      	bne.n	10003698 <_ftoa+0x2e8>
10003692:	330c      	adds	r3, #12
10003694:	4213      	tst	r3, r2
10003696:	d00f      	beq.n	100036b8 <_ftoa+0x308>
10003698:	9b21      	ldr	r3, [sp, #132]	; 0x84
1000369a:	3b01      	subs	r3, #1
1000369c:	9321      	str	r3, [sp, #132]	; 0x84
1000369e:	0019      	movs	r1, r3
100036a0:	e003      	b.n	100036aa <_ftoa+0x2fa>
100036a2:	ab0c      	add	r3, sp, #48	; 0x30
100036a4:	2230      	movs	r2, #48	; 0x30
100036a6:	551a      	strb	r2, [r3, r4]
100036a8:	3401      	adds	r4, #1
100036aa:	428c      	cmp	r4, r1
100036ac:	d2ce      	bcs.n	1000364c <_ftoa+0x29c>
100036ae:	2c1f      	cmp	r4, #31
100036b0:	d9f7      	bls.n	100036a2 <_ftoa+0x2f2>
100036b2:	e7cb      	b.n	1000364c <_ftoa+0x29c>
100036b4:	9921      	ldr	r1, [sp, #132]	; 0x84
100036b6:	e7f8      	b.n	100036aa <_ftoa+0x2fa>
100036b8:	9921      	ldr	r1, [sp, #132]	; 0x84
100036ba:	e7f6      	b.n	100036aa <_ftoa+0x2fa>
100036bc:	9b22      	ldr	r3, [sp, #136]	; 0x88
100036be:	075b      	lsls	r3, r3, #29
100036c0:	d504      	bpl.n	100036cc <_ftoa+0x31c>
100036c2:	ab0c      	add	r3, sp, #48	; 0x30
100036c4:	222b      	movs	r2, #43	; 0x2b
100036c6:	551a      	strb	r2, [r3, r4]
100036c8:	3401      	adds	r4, #1
100036ca:	e7c8      	b.n	1000365e <_ftoa+0x2ae>
100036cc:	9b22      	ldr	r3, [sp, #136]	; 0x88
100036ce:	071b      	lsls	r3, r3, #28
100036d0:	d5c5      	bpl.n	1000365e <_ftoa+0x2ae>
100036d2:	ab0c      	add	r3, sp, #48	; 0x30
100036d4:	2220      	movs	r2, #32
100036d6:	551a      	strb	r2, [r3, r4]
100036d8:	3401      	adds	r4, #1
100036da:	e7c0      	b.n	1000365e <_ftoa+0x2ae>
100036dc:	ffefffff 	.word	0xffefffff
100036e0:	7fefffff 	.word	0x7fefffff
100036e4:	41cdcd65 	.word	0x41cdcd65
100036e8:	c1cdcd65 	.word	0xc1cdcd65
100036ec:	100078bc 	.word	0x100078bc
100036f0:	100078c0 	.word	0x100078c0
100036f4:	100078b4 	.word	0x100078b4
100036f8:	100078b0 	.word	0x100078b0
100036fc:	10007aa8 	.word	0x10007aa8
10003700:	3fe00000 	.word	0x3fe00000

10003704 <_vsnprintf>:
10003704:	b5f0      	push	{r4, r5, r6, r7, lr}
10003706:	46de      	mov	lr, fp
10003708:	4657      	mov	r7, sl
1000370a:	464e      	mov	r6, r9
1000370c:	4645      	mov	r5, r8
1000370e:	b5e0      	push	{r5, r6, r7, lr}
10003710:	b093      	sub	sp, #76	; 0x4c
10003712:	4682      	mov	sl, r0
10003714:	468b      	mov	fp, r1
10003716:	4690      	mov	r8, r2
10003718:	9311      	str	r3, [sp, #68]	; 0x44
1000371a:	2900      	cmp	r1, #0
1000371c:	d100      	bne.n	10003720 <_vsnprintf+0x1c>
1000371e:	e2eb      	b.n	10003cf8 <_vsnprintf+0x5f4>
10003720:	2700      	movs	r7, #0
10003722:	4655      	mov	r5, sl
10003724:	9b11      	ldr	r3, [sp, #68]	; 0x44
10003726:	7818      	ldrb	r0, [r3, #0]
10003728:	2800      	cmp	r0, #0
1000372a:	d100      	bne.n	1000372e <_vsnprintf+0x2a>
1000372c:	e2e7      	b.n	10003cfe <_vsnprintf+0x5fa>
1000372e:	2825      	cmp	r0, #37	; 0x25
10003730:	d009      	beq.n	10003746 <_vsnprintf+0x42>
10003732:	1c7c      	adds	r4, r7, #1
10003734:	4643      	mov	r3, r8
10003736:	003a      	movs	r2, r7
10003738:	4659      	mov	r1, fp
1000373a:	47a8      	blx	r5
1000373c:	9b11      	ldr	r3, [sp, #68]	; 0x44
1000373e:	3301      	adds	r3, #1
10003740:	9311      	str	r3, [sp, #68]	; 0x44
10003742:	0027      	movs	r7, r4
10003744:	e7ee      	b.n	10003724 <_vsnprintf+0x20>
10003746:	3301      	adds	r3, #1
10003748:	9311      	str	r3, [sp, #68]	; 0x44
1000374a:	2400      	movs	r4, #0
1000374c:	9a11      	ldr	r2, [sp, #68]	; 0x44
1000374e:	7811      	ldrb	r1, [r2, #0]
10003750:	000b      	movs	r3, r1
10003752:	3b20      	subs	r3, #32
10003754:	b2d8      	uxtb	r0, r3
10003756:	2810      	cmp	r0, #16
10003758:	d803      	bhi.n	10003762 <_vsnprintf+0x5e>
1000375a:	0083      	lsls	r3, r0, #2
1000375c:	48d0      	ldr	r0, [pc, #832]	; (10003aa0 <_vsnprintf+0x39c>)
1000375e:	58c3      	ldr	r3, [r0, r3]
10003760:	469f      	mov	pc, r3
10003762:	000b      	movs	r3, r1
10003764:	3b30      	subs	r3, #48	; 0x30
10003766:	b2db      	uxtb	r3, r3
10003768:	2b09      	cmp	r3, #9
1000376a:	d92c      	bls.n	100037c6 <_vsnprintf+0xc2>
1000376c:	292a      	cmp	r1, #42	; 0x2a
1000376e:	d02f      	beq.n	100037d0 <_vsnprintf+0xcc>
10003770:	2300      	movs	r3, #0
10003772:	930a      	str	r3, [sp, #40]	; 0x28
10003774:	9b11      	ldr	r3, [sp, #68]	; 0x44
10003776:	781a      	ldrb	r2, [r3, #0]
10003778:	2a2e      	cmp	r2, #46	; 0x2e
1000377a:	d039      	beq.n	100037f0 <_vsnprintf+0xec>
1000377c:	2300      	movs	r3, #0
1000377e:	469a      	mov	sl, r3
10003780:	9a11      	ldr	r2, [sp, #68]	; 0x44
10003782:	7813      	ldrb	r3, [r2, #0]
10003784:	3b68      	subs	r3, #104	; 0x68
10003786:	b2d9      	uxtb	r1, r3
10003788:	2912      	cmp	r1, #18
1000378a:	d876      	bhi.n	1000387a <_vsnprintf+0x176>
1000378c:	008b      	lsls	r3, r1, #2
1000378e:	49c5      	ldr	r1, [pc, #788]	; (10003aa4 <_vsnprintf+0x3a0>)
10003790:	58cb      	ldr	r3, [r1, r3]
10003792:	469f      	mov	pc, r3
10003794:	2301      	movs	r3, #1
10003796:	431c      	orrs	r4, r3
10003798:	3201      	adds	r2, #1
1000379a:	9211      	str	r2, [sp, #68]	; 0x44
1000379c:	e7d6      	b.n	1000374c <_vsnprintf+0x48>
1000379e:	2302      	movs	r3, #2
100037a0:	431c      	orrs	r4, r3
100037a2:	3201      	adds	r2, #1
100037a4:	9211      	str	r2, [sp, #68]	; 0x44
100037a6:	e7d1      	b.n	1000374c <_vsnprintf+0x48>
100037a8:	2304      	movs	r3, #4
100037aa:	431c      	orrs	r4, r3
100037ac:	3201      	adds	r2, #1
100037ae:	9211      	str	r2, [sp, #68]	; 0x44
100037b0:	e7cc      	b.n	1000374c <_vsnprintf+0x48>
100037b2:	2308      	movs	r3, #8
100037b4:	431c      	orrs	r4, r3
100037b6:	3201      	adds	r2, #1
100037b8:	9211      	str	r2, [sp, #68]	; 0x44
100037ba:	e7c7      	b.n	1000374c <_vsnprintf+0x48>
100037bc:	2310      	movs	r3, #16
100037be:	431c      	orrs	r4, r3
100037c0:	3201      	adds	r2, #1
100037c2:	9211      	str	r2, [sp, #68]	; 0x44
100037c4:	e7c2      	b.n	1000374c <_vsnprintf+0x48>
100037c6:	a811      	add	r0, sp, #68	; 0x44
100037c8:	f7ff fa26 	bl	10002c18 <_atoi>
100037cc:	900a      	str	r0, [sp, #40]	; 0x28
100037ce:	e7d1      	b.n	10003774 <_vsnprintf+0x70>
100037d0:	9b1c      	ldr	r3, [sp, #112]	; 0x70
100037d2:	1d1a      	adds	r2, r3, #4
100037d4:	921c      	str	r2, [sp, #112]	; 0x70
100037d6:	6818      	ldr	r0, [r3, #0]
100037d8:	2800      	cmp	r0, #0
100037da:	db04      	blt.n	100037e6 <_vsnprintf+0xe2>
100037dc:	900a      	str	r0, [sp, #40]	; 0x28
100037de:	9b11      	ldr	r3, [sp, #68]	; 0x44
100037e0:	3301      	adds	r3, #1
100037e2:	9311      	str	r3, [sp, #68]	; 0x44
100037e4:	e7c6      	b.n	10003774 <_vsnprintf+0x70>
100037e6:	2302      	movs	r3, #2
100037e8:	431c      	orrs	r4, r3
100037ea:	4243      	negs	r3, r0
100037ec:	930a      	str	r3, [sp, #40]	; 0x28
100037ee:	e7f6      	b.n	100037de <_vsnprintf+0xda>
100037f0:	2280      	movs	r2, #128	; 0x80
100037f2:	00d2      	lsls	r2, r2, #3
100037f4:	4314      	orrs	r4, r2
100037f6:	1c5a      	adds	r2, r3, #1
100037f8:	9211      	str	r2, [sp, #68]	; 0x44
100037fa:	785a      	ldrb	r2, [r3, #1]
100037fc:	0013      	movs	r3, r2
100037fe:	3b30      	subs	r3, #48	; 0x30
10003800:	b2db      	uxtb	r3, r3
10003802:	2b09      	cmp	r3, #9
10003804:	d904      	bls.n	10003810 <_vsnprintf+0x10c>
10003806:	2a2a      	cmp	r2, #42	; 0x2a
10003808:	d007      	beq.n	1000381a <_vsnprintf+0x116>
1000380a:	2300      	movs	r3, #0
1000380c:	469a      	mov	sl, r3
1000380e:	e7b7      	b.n	10003780 <_vsnprintf+0x7c>
10003810:	a811      	add	r0, sp, #68	; 0x44
10003812:	f7ff fa01 	bl	10002c18 <_atoi>
10003816:	4682      	mov	sl, r0
10003818:	e7b2      	b.n	10003780 <_vsnprintf+0x7c>
1000381a:	9b1c      	ldr	r3, [sp, #112]	; 0x70
1000381c:	1d1a      	adds	r2, r3, #4
1000381e:	921c      	str	r2, [sp, #112]	; 0x70
10003820:	6818      	ldr	r0, [r3, #0]
10003822:	2800      	cmp	r0, #0
10003824:	db04      	blt.n	10003830 <_vsnprintf+0x12c>
10003826:	4682      	mov	sl, r0
10003828:	9b11      	ldr	r3, [sp, #68]	; 0x44
1000382a:	3301      	adds	r3, #1
1000382c:	9311      	str	r3, [sp, #68]	; 0x44
1000382e:	e7a7      	b.n	10003780 <_vsnprintf+0x7c>
10003830:	2000      	movs	r0, #0
10003832:	e7f8      	b.n	10003826 <_vsnprintf+0x122>
10003834:	2380      	movs	r3, #128	; 0x80
10003836:	005b      	lsls	r3, r3, #1
10003838:	4323      	orrs	r3, r4
1000383a:	1c51      	adds	r1, r2, #1
1000383c:	9111      	str	r1, [sp, #68]	; 0x44
1000383e:	7852      	ldrb	r2, [r2, #1]
10003840:	2a6c      	cmp	r2, #108	; 0x6c
10003842:	d001      	beq.n	10003848 <_vsnprintf+0x144>
10003844:	001c      	movs	r4, r3
10003846:	e018      	b.n	1000387a <_vsnprintf+0x176>
10003848:	23c0      	movs	r3, #192	; 0xc0
1000384a:	009b      	lsls	r3, r3, #2
1000384c:	431c      	orrs	r4, r3
1000384e:	3101      	adds	r1, #1
10003850:	9111      	str	r1, [sp, #68]	; 0x44
10003852:	e012      	b.n	1000387a <_vsnprintf+0x176>
10003854:	2380      	movs	r3, #128	; 0x80
10003856:	4323      	orrs	r3, r4
10003858:	1c51      	adds	r1, r2, #1
1000385a:	9111      	str	r1, [sp, #68]	; 0x44
1000385c:	7852      	ldrb	r2, [r2, #1]
1000385e:	2a68      	cmp	r2, #104	; 0x68
10003860:	d001      	beq.n	10003866 <_vsnprintf+0x162>
10003862:	001c      	movs	r4, r3
10003864:	e009      	b.n	1000387a <_vsnprintf+0x176>
10003866:	23c0      	movs	r3, #192	; 0xc0
10003868:	431c      	orrs	r4, r3
1000386a:	3101      	adds	r1, #1
1000386c:	9111      	str	r1, [sp, #68]	; 0x44
1000386e:	e004      	b.n	1000387a <_vsnprintf+0x176>
10003870:	2380      	movs	r3, #128	; 0x80
10003872:	005b      	lsls	r3, r3, #1
10003874:	431c      	orrs	r4, r3
10003876:	3201      	adds	r2, #1
10003878:	9211      	str	r2, [sp, #68]	; 0x44
1000387a:	9b11      	ldr	r3, [sp, #68]	; 0x44
1000387c:	7818      	ldrb	r0, [r3, #0]
1000387e:	0003      	movs	r3, r0
10003880:	3b25      	subs	r3, #37	; 0x25
10003882:	b2da      	uxtb	r2, r3
10003884:	2a53      	cmp	r2, #83	; 0x53
10003886:	d900      	bls.n	1000388a <_vsnprintf+0x186>
10003888:	e22c      	b.n	10003ce4 <_vsnprintf+0x5e0>
1000388a:	0093      	lsls	r3, r2, #2
1000388c:	4a86      	ldr	r2, [pc, #536]	; (10003aa8 <_vsnprintf+0x3a4>)
1000388e:	58d3      	ldr	r3, [r2, r3]
10003890:	469f      	mov	pc, r3
10003892:	2380      	movs	r3, #128	; 0x80
10003894:	009b      	lsls	r3, r3, #2
10003896:	431c      	orrs	r4, r3
10003898:	3201      	adds	r2, #1
1000389a:	9211      	str	r2, [sp, #68]	; 0x44
1000389c:	e7ed      	b.n	1000387a <_vsnprintf+0x176>
1000389e:	2380      	movs	r3, #128	; 0x80
100038a0:	005b      	lsls	r3, r3, #1
100038a2:	431c      	orrs	r4, r3
100038a4:	3201      	adds	r2, #1
100038a6:	9211      	str	r2, [sp, #68]	; 0x44
100038a8:	e7e7      	b.n	1000387a <_vsnprintf+0x176>
100038aa:	2878      	cmp	r0, #120	; 0x78
100038ac:	d009      	beq.n	100038c2 <_vsnprintf+0x1be>
100038ae:	2858      	cmp	r0, #88	; 0x58
100038b0:	d038      	beq.n	10003924 <_vsnprintf+0x220>
100038b2:	286f      	cmp	r0, #111	; 0x6f
100038b4:	d038      	beq.n	10003928 <_vsnprintf+0x224>
100038b6:	2862      	cmp	r0, #98	; 0x62
100038b8:	d038      	beq.n	1000392c <_vsnprintf+0x228>
100038ba:	2310      	movs	r3, #16
100038bc:	439c      	bics	r4, r3
100038be:	260a      	movs	r6, #10
100038c0:	e000      	b.n	100038c4 <_vsnprintf+0x1c0>
100038c2:	2610      	movs	r6, #16
100038c4:	2858      	cmp	r0, #88	; 0x58
100038c6:	d033      	beq.n	10003930 <_vsnprintf+0x22c>
100038c8:	2869      	cmp	r0, #105	; 0x69
100038ca:	d003      	beq.n	100038d4 <_vsnprintf+0x1d0>
100038cc:	2864      	cmp	r0, #100	; 0x64
100038ce:	d001      	beq.n	100038d4 <_vsnprintf+0x1d0>
100038d0:	220c      	movs	r2, #12
100038d2:	4394      	bics	r4, r2
100038d4:	0563      	lsls	r3, r4, #21
100038d6:	d501      	bpl.n	100038dc <_vsnprintf+0x1d8>
100038d8:	2201      	movs	r2, #1
100038da:	4394      	bics	r4, r2
100038dc:	2869      	cmp	r0, #105	; 0x69
100038de:	d02a      	beq.n	10003936 <_vsnprintf+0x232>
100038e0:	2864      	cmp	r0, #100	; 0x64
100038e2:	d028      	beq.n	10003936 <_vsnprintf+0x232>
100038e4:	05a3      	lsls	r3, r4, #22
100038e6:	d500      	bpl.n	100038ea <_vsnprintf+0x1e6>
100038e8:	e09f      	b.n	10003a2a <_vsnprintf+0x326>
100038ea:	05e3      	lsls	r3, r4, #23
100038ec:	d500      	bpl.n	100038f0 <_vsnprintf+0x1ec>
100038ee:	e0b8      	b.n	10003a62 <_vsnprintf+0x35e>
100038f0:	0663      	lsls	r3, r4, #25
100038f2:	d400      	bmi.n	100038f6 <_vsnprintf+0x1f2>
100038f4:	e0ca      	b.n	10003a8c <_vsnprintf+0x388>
100038f6:	9a1c      	ldr	r2, [sp, #112]	; 0x70
100038f8:	1d11      	adds	r1, r2, #4
100038fa:	911c      	str	r1, [sp, #112]	; 0x70
100038fc:	6811      	ldr	r1, [r2, #0]
100038fe:	22ff      	movs	r2, #255	; 0xff
10003900:	400a      	ands	r2, r1
10003902:	9405      	str	r4, [sp, #20]
10003904:	9b0a      	ldr	r3, [sp, #40]	; 0x28
10003906:	9304      	str	r3, [sp, #16]
10003908:	4653      	mov	r3, sl
1000390a:	9303      	str	r3, [sp, #12]
1000390c:	9602      	str	r6, [sp, #8]
1000390e:	2300      	movs	r3, #0
10003910:	9301      	str	r3, [sp, #4]
10003912:	9200      	str	r2, [sp, #0]
10003914:	4643      	mov	r3, r8
10003916:	003a      	movs	r2, r7
10003918:	4659      	mov	r1, fp
1000391a:	0028      	movs	r0, r5
1000391c:	f7ff fa6e 	bl	10002dfc <_ntoa_long>
10003920:	0007      	movs	r7, r0
10003922:	e027      	b.n	10003974 <_vsnprintf+0x270>
10003924:	2610      	movs	r6, #16
10003926:	e7cd      	b.n	100038c4 <_vsnprintf+0x1c0>
10003928:	2608      	movs	r6, #8
1000392a:	e7cb      	b.n	100038c4 <_vsnprintf+0x1c0>
1000392c:	2602      	movs	r6, #2
1000392e:	e7c9      	b.n	100038c4 <_vsnprintf+0x1c0>
10003930:	2220      	movs	r2, #32
10003932:	4314      	orrs	r4, r2
10003934:	e7c8      	b.n	100038c8 <_vsnprintf+0x1c4>
10003936:	05a3      	lsls	r3, r4, #22
10003938:	d420      	bmi.n	1000397c <_vsnprintf+0x278>
1000393a:	05e3      	lsls	r3, r4, #23
1000393c:	d450      	bmi.n	100039e0 <_vsnprintf+0x2dc>
1000393e:	0663      	lsls	r3, r4, #25
10003940:	d566      	bpl.n	10003a10 <_vsnprintf+0x30c>
10003942:	9a1c      	ldr	r2, [sp, #112]	; 0x70
10003944:	1d11      	adds	r1, r2, #4
10003946:	911c      	str	r1, [sp, #112]	; 0x70
10003948:	6811      	ldr	r1, [r2, #0]
1000394a:	22ff      	movs	r2, #255	; 0xff
1000394c:	400a      	ands	r2, r1
1000394e:	17d3      	asrs	r3, r2, #31
10003950:	18d1      	adds	r1, r2, r3
10003952:	4059      	eors	r1, r3
10003954:	9405      	str	r4, [sp, #20]
10003956:	9b0a      	ldr	r3, [sp, #40]	; 0x28
10003958:	9304      	str	r3, [sp, #16]
1000395a:	4653      	mov	r3, sl
1000395c:	9303      	str	r3, [sp, #12]
1000395e:	9602      	str	r6, [sp, #8]
10003960:	0fd2      	lsrs	r2, r2, #31
10003962:	9201      	str	r2, [sp, #4]
10003964:	9100      	str	r1, [sp, #0]
10003966:	4643      	mov	r3, r8
10003968:	003a      	movs	r2, r7
1000396a:	4659      	mov	r1, fp
1000396c:	0028      	movs	r0, r5
1000396e:	f7ff fa45 	bl	10002dfc <_ntoa_long>
10003972:	0007      	movs	r7, r0
10003974:	9b11      	ldr	r3, [sp, #68]	; 0x44
10003976:	3301      	adds	r3, #1
10003978:	9311      	str	r3, [sp, #68]	; 0x44
1000397a:	e6d3      	b.n	10003724 <_vsnprintf+0x20>
1000397c:	9b1c      	ldr	r3, [sp, #112]	; 0x70
1000397e:	1dda      	adds	r2, r3, #7
10003980:	2107      	movs	r1, #7
10003982:	438a      	bics	r2, r1
10003984:	0011      	movs	r1, r2
10003986:	3108      	adds	r1, #8
10003988:	911c      	str	r1, [sp, #112]	; 0x70
1000398a:	6811      	ldr	r1, [r2, #0]
1000398c:	6853      	ldr	r3, [r2, #4]
1000398e:	469c      	mov	ip, r3
10003990:	17db      	asrs	r3, r3, #31
10003992:	930c      	str	r3, [sp, #48]	; 0x30
10003994:	930d      	str	r3, [sp, #52]	; 0x34
10003996:	9a0c      	ldr	r2, [sp, #48]	; 0x30
10003998:	9b0d      	ldr	r3, [sp, #52]	; 0x34
1000399a:	0010      	movs	r0, r2
1000399c:	4048      	eors	r0, r1
1000399e:	900e      	str	r0, [sp, #56]	; 0x38
100039a0:	4662      	mov	r2, ip
100039a2:	4053      	eors	r3, r2
100039a4:	930f      	str	r3, [sp, #60]	; 0x3c
100039a6:	980e      	ldr	r0, [sp, #56]	; 0x38
100039a8:	990f      	ldr	r1, [sp, #60]	; 0x3c
100039aa:	9a0c      	ldr	r2, [sp, #48]	; 0x30
100039ac:	9b0d      	ldr	r3, [sp, #52]	; 0x34
100039ae:	1a80      	subs	r0, r0, r2
100039b0:	4199      	sbcs	r1, r3
100039b2:	900e      	str	r0, [sp, #56]	; 0x38
100039b4:	910f      	str	r1, [sp, #60]	; 0x3c
100039b6:	9408      	str	r4, [sp, #32]
100039b8:	9b0a      	ldr	r3, [sp, #40]	; 0x28
100039ba:	9307      	str	r3, [sp, #28]
100039bc:	4653      	mov	r3, sl
100039be:	9306      	str	r3, [sp, #24]
100039c0:	9604      	str	r6, [sp, #16]
100039c2:	2300      	movs	r3, #0
100039c4:	9305      	str	r3, [sp, #20]
100039c6:	4663      	mov	r3, ip
100039c8:	0fda      	lsrs	r2, r3, #31
100039ca:	9202      	str	r2, [sp, #8]
100039cc:	9000      	str	r0, [sp, #0]
100039ce:	9101      	str	r1, [sp, #4]
100039d0:	4643      	mov	r3, r8
100039d2:	003a      	movs	r2, r7
100039d4:	4659      	mov	r1, fp
100039d6:	0028      	movs	r0, r5
100039d8:	f7ff fa6e 	bl	10002eb8 <_ntoa_long_long>
100039dc:	0007      	movs	r7, r0
100039de:	e7c9      	b.n	10003974 <_vsnprintf+0x270>
100039e0:	9a1c      	ldr	r2, [sp, #112]	; 0x70
100039e2:	1d11      	adds	r1, r2, #4
100039e4:	911c      	str	r1, [sp, #112]	; 0x70
100039e6:	6812      	ldr	r2, [r2, #0]
100039e8:	17d3      	asrs	r3, r2, #31
100039ea:	18d1      	adds	r1, r2, r3
100039ec:	4059      	eors	r1, r3
100039ee:	9405      	str	r4, [sp, #20]
100039f0:	9b0a      	ldr	r3, [sp, #40]	; 0x28
100039f2:	9304      	str	r3, [sp, #16]
100039f4:	4653      	mov	r3, sl
100039f6:	9303      	str	r3, [sp, #12]
100039f8:	9602      	str	r6, [sp, #8]
100039fa:	0fd2      	lsrs	r2, r2, #31
100039fc:	9201      	str	r2, [sp, #4]
100039fe:	9100      	str	r1, [sp, #0]
10003a00:	4643      	mov	r3, r8
10003a02:	003a      	movs	r2, r7
10003a04:	4659      	mov	r1, fp
10003a06:	0028      	movs	r0, r5
10003a08:	f7ff f9f8 	bl	10002dfc <_ntoa_long>
10003a0c:	0007      	movs	r7, r0
10003a0e:	e7b1      	b.n	10003974 <_vsnprintf+0x270>
10003a10:	0623      	lsls	r3, r4, #24
10003a12:	d505      	bpl.n	10003a20 <_vsnprintf+0x31c>
10003a14:	9a1c      	ldr	r2, [sp, #112]	; 0x70
10003a16:	1d11      	adds	r1, r2, #4
10003a18:	911c      	str	r1, [sp, #112]	; 0x70
10003a1a:	2300      	movs	r3, #0
10003a1c:	5ed2      	ldrsh	r2, [r2, r3]
10003a1e:	e796      	b.n	1000394e <_vsnprintf+0x24a>
10003a20:	9a1c      	ldr	r2, [sp, #112]	; 0x70
10003a22:	1d11      	adds	r1, r2, #4
10003a24:	911c      	str	r1, [sp, #112]	; 0x70
10003a26:	6812      	ldr	r2, [r2, #0]
10003a28:	e791      	b.n	1000394e <_vsnprintf+0x24a>
10003a2a:	9b1c      	ldr	r3, [sp, #112]	; 0x70
10003a2c:	1dda      	adds	r2, r3, #7
10003a2e:	2107      	movs	r1, #7
10003a30:	438a      	bics	r2, r1
10003a32:	0011      	movs	r1, r2
10003a34:	3108      	adds	r1, #8
10003a36:	911c      	str	r1, [sp, #112]	; 0x70
10003a38:	9408      	str	r4, [sp, #32]
10003a3a:	9b0a      	ldr	r3, [sp, #40]	; 0x28
10003a3c:	9307      	str	r3, [sp, #28]
10003a3e:	4653      	mov	r3, sl
10003a40:	9306      	str	r3, [sp, #24]
10003a42:	9604      	str	r6, [sp, #16]
10003a44:	2300      	movs	r3, #0
10003a46:	9305      	str	r3, [sp, #20]
10003a48:	9302      	str	r3, [sp, #8]
10003a4a:	6813      	ldr	r3, [r2, #0]
10003a4c:	6854      	ldr	r4, [r2, #4]
10003a4e:	9300      	str	r3, [sp, #0]
10003a50:	9401      	str	r4, [sp, #4]
10003a52:	4643      	mov	r3, r8
10003a54:	003a      	movs	r2, r7
10003a56:	4659      	mov	r1, fp
10003a58:	0028      	movs	r0, r5
10003a5a:	f7ff fa2d 	bl	10002eb8 <_ntoa_long_long>
10003a5e:	0007      	movs	r7, r0
10003a60:	e788      	b.n	10003974 <_vsnprintf+0x270>
10003a62:	9a1c      	ldr	r2, [sp, #112]	; 0x70
10003a64:	1d11      	adds	r1, r2, #4
10003a66:	911c      	str	r1, [sp, #112]	; 0x70
10003a68:	9405      	str	r4, [sp, #20]
10003a6a:	9b0a      	ldr	r3, [sp, #40]	; 0x28
10003a6c:	9304      	str	r3, [sp, #16]
10003a6e:	4653      	mov	r3, sl
10003a70:	9303      	str	r3, [sp, #12]
10003a72:	9602      	str	r6, [sp, #8]
10003a74:	2300      	movs	r3, #0
10003a76:	9301      	str	r3, [sp, #4]
10003a78:	6813      	ldr	r3, [r2, #0]
10003a7a:	9300      	str	r3, [sp, #0]
10003a7c:	4643      	mov	r3, r8
10003a7e:	003a      	movs	r2, r7
10003a80:	4659      	mov	r1, fp
10003a82:	0028      	movs	r0, r5
10003a84:	f7ff f9ba 	bl	10002dfc <_ntoa_long>
10003a88:	0007      	movs	r7, r0
10003a8a:	e773      	b.n	10003974 <_vsnprintf+0x270>
10003a8c:	0623      	lsls	r3, r4, #24
10003a8e:	d50d      	bpl.n	10003aac <_vsnprintf+0x3a8>
10003a90:	9a1c      	ldr	r2, [sp, #112]	; 0x70
10003a92:	1d11      	adds	r1, r2, #4
10003a94:	911c      	str	r1, [sp, #112]	; 0x70
10003a96:	6812      	ldr	r2, [r2, #0]
10003a98:	0412      	lsls	r2, r2, #16
10003a9a:	0c12      	lsrs	r2, r2, #16
10003a9c:	e731      	b.n	10003902 <_vsnprintf+0x1fe>
10003a9e:	46c0      	nop			; (mov r8, r8)
10003aa0:	100078c8 	.word	0x100078c8
10003aa4:	1000790c 	.word	0x1000790c
10003aa8:	10007958 	.word	0x10007958
10003aac:	9a1c      	ldr	r2, [sp, #112]	; 0x70
10003aae:	1d11      	adds	r1, r2, #4
10003ab0:	911c      	str	r1, [sp, #112]	; 0x70
10003ab2:	6812      	ldr	r2, [r2, #0]
10003ab4:	e725      	b.n	10003902 <_vsnprintf+0x1fe>
10003ab6:	2846      	cmp	r0, #70	; 0x46
10003ab8:	d01a      	beq.n	10003af0 <_vsnprintf+0x3ec>
10003aba:	9b1c      	ldr	r3, [sp, #112]	; 0x70
10003abc:	3307      	adds	r3, #7
10003abe:	2207      	movs	r2, #7
10003ac0:	4393      	bics	r3, r2
10003ac2:	001a      	movs	r2, r3
10003ac4:	3208      	adds	r2, #8
10003ac6:	921c      	str	r2, [sp, #112]	; 0x70
10003ac8:	9404      	str	r4, [sp, #16]
10003aca:	9a0a      	ldr	r2, [sp, #40]	; 0x28
10003acc:	9203      	str	r2, [sp, #12]
10003ace:	4652      	mov	r2, sl
10003ad0:	9202      	str	r2, [sp, #8]
10003ad2:	685c      	ldr	r4, [r3, #4]
10003ad4:	681b      	ldr	r3, [r3, #0]
10003ad6:	9300      	str	r3, [sp, #0]
10003ad8:	9401      	str	r4, [sp, #4]
10003ada:	4643      	mov	r3, r8
10003adc:	003a      	movs	r2, r7
10003ade:	4659      	mov	r1, fp
10003ae0:	0028      	movs	r0, r5
10003ae2:	f7ff fc65 	bl	100033b0 <_ftoa>
10003ae6:	0007      	movs	r7, r0
10003ae8:	9b11      	ldr	r3, [sp, #68]	; 0x44
10003aea:	3301      	adds	r3, #1
10003aec:	9311      	str	r3, [sp, #68]	; 0x44
10003aee:	e619      	b.n	10003724 <_vsnprintf+0x20>
10003af0:	2320      	movs	r3, #32
10003af2:	431c      	orrs	r4, r3
10003af4:	e7e1      	b.n	10003aba <_vsnprintf+0x3b6>
10003af6:	2867      	cmp	r0, #103	; 0x67
10003af8:	d001      	beq.n	10003afe <_vsnprintf+0x3fa>
10003afa:	2847      	cmp	r0, #71	; 0x47
10003afc:	d102      	bne.n	10003b04 <_vsnprintf+0x400>
10003afe:	2380      	movs	r3, #128	; 0x80
10003b00:	011b      	lsls	r3, r3, #4
10003b02:	431c      	orrs	r4, r3
10003b04:	2845      	cmp	r0, #69	; 0x45
10003b06:	d001      	beq.n	10003b0c <_vsnprintf+0x408>
10003b08:	2847      	cmp	r0, #71	; 0x47
10003b0a:	d101      	bne.n	10003b10 <_vsnprintf+0x40c>
10003b0c:	2320      	movs	r3, #32
10003b0e:	431c      	orrs	r4, r3
10003b10:	9b1c      	ldr	r3, [sp, #112]	; 0x70
10003b12:	3307      	adds	r3, #7
10003b14:	2207      	movs	r2, #7
10003b16:	4393      	bics	r3, r2
10003b18:	001a      	movs	r2, r3
10003b1a:	3208      	adds	r2, #8
10003b1c:	921c      	str	r2, [sp, #112]	; 0x70
10003b1e:	9404      	str	r4, [sp, #16]
10003b20:	9a0a      	ldr	r2, [sp, #40]	; 0x28
10003b22:	9203      	str	r2, [sp, #12]
10003b24:	4652      	mov	r2, sl
10003b26:	9202      	str	r2, [sp, #8]
10003b28:	685c      	ldr	r4, [r3, #4]
10003b2a:	681b      	ldr	r3, [r3, #0]
10003b2c:	9300      	str	r3, [sp, #0]
10003b2e:	9401      	str	r4, [sp, #4]
10003b30:	4643      	mov	r3, r8
10003b32:	003a      	movs	r2, r7
10003b34:	4659      	mov	r1, fp
10003b36:	0028      	movs	r0, r5
10003b38:	f7ff fa30 	bl	10002f9c <_etoa>
10003b3c:	0007      	movs	r7, r0
10003b3e:	9b11      	ldr	r3, [sp, #68]	; 0x44
10003b40:	3301      	adds	r3, #1
10003b42:	9311      	str	r3, [sp, #68]	; 0x44
10003b44:	e5ee      	b.n	10003724 <_vsnprintf+0x20>
10003b46:	2302      	movs	r3, #2
10003b48:	001a      	movs	r2, r3
10003b4a:	4022      	ands	r2, r4
10003b4c:	4692      	mov	sl, r2
10003b4e:	4223      	tst	r3, r4
10003b50:	d01f      	beq.n	10003b92 <_vsnprintf+0x48e>
10003b52:	2401      	movs	r4, #1
10003b54:	9b1c      	ldr	r3, [sp, #112]	; 0x70
10003b56:	1d1a      	adds	r2, r3, #4
10003b58:	921c      	str	r2, [sp, #112]	; 0x70
10003b5a:	1c7a      	adds	r2, r7, #1
10003b5c:	4691      	mov	r9, r2
10003b5e:	7818      	ldrb	r0, [r3, #0]
10003b60:	4643      	mov	r3, r8
10003b62:	003a      	movs	r2, r7
10003b64:	4659      	mov	r1, fp
10003b66:	47a8      	blx	r5
10003b68:	4653      	mov	r3, sl
10003b6a:	2b00      	cmp	r3, #0
10003b6c:	d116      	bne.n	10003b9c <_vsnprintf+0x498>
10003b6e:	9b11      	ldr	r3, [sp, #68]	; 0x44
10003b70:	3301      	adds	r3, #1
10003b72:	9311      	str	r3, [sp, #68]	; 0x44
10003b74:	464f      	mov	r7, r9
10003b76:	e5d5      	b.n	10003724 <_vsnprintf+0x20>
10003b78:	1c56      	adds	r6, r2, #1
10003b7a:	4643      	mov	r3, r8
10003b7c:	4659      	mov	r1, fp
10003b7e:	2020      	movs	r0, #32
10003b80:	47b8      	blx	r7
10003b82:	0023      	movs	r3, r4
10003b84:	0032      	movs	r2, r6
10003b86:	1c5c      	adds	r4, r3, #1
10003b88:	429d      	cmp	r5, r3
10003b8a:	d8f5      	bhi.n	10003b78 <_vsnprintf+0x474>
10003b8c:	003d      	movs	r5, r7
10003b8e:	0017      	movs	r7, r2
10003b90:	e7e0      	b.n	10003b54 <_vsnprintf+0x450>
10003b92:	2301      	movs	r3, #1
10003b94:	003a      	movs	r2, r7
10003b96:	002f      	movs	r7, r5
10003b98:	9d0a      	ldr	r5, [sp, #40]	; 0x28
10003b9a:	e7f4      	b.n	10003b86 <_vsnprintf+0x482>
10003b9c:	464a      	mov	r2, r9
10003b9e:	46a9      	mov	r9, r5
10003ba0:	9d0a      	ldr	r5, [sp, #40]	; 0x28
10003ba2:	e006      	b.n	10003bb2 <_vsnprintf+0x4ae>
10003ba4:	1c57      	adds	r7, r2, #1
10003ba6:	4643      	mov	r3, r8
10003ba8:	4659      	mov	r1, fp
10003baa:	2020      	movs	r0, #32
10003bac:	47c8      	blx	r9
10003bae:	0034      	movs	r4, r6
10003bb0:	003a      	movs	r2, r7
10003bb2:	1c66      	adds	r6, r4, #1
10003bb4:	42a5      	cmp	r5, r4
10003bb6:	d8f5      	bhi.n	10003ba4 <_vsnprintf+0x4a0>
10003bb8:	464d      	mov	r5, r9
10003bba:	4691      	mov	r9, r2
10003bbc:	e7d7      	b.n	10003b6e <_vsnprintf+0x46a>
10003bbe:	9b1c      	ldr	r3, [sp, #112]	; 0x70
10003bc0:	1d1a      	adds	r2, r3, #4
10003bc2:	921c      	str	r2, [sp, #112]	; 0x70
10003bc4:	681b      	ldr	r3, [r3, #0]
10003bc6:	4699      	mov	r9, r3
10003bc8:	4653      	mov	r3, sl
10003bca:	2b00      	cmp	r3, #0
10003bcc:	d100      	bne.n	10003bd0 <_vsnprintf+0x4cc>
10003bce:	3b01      	subs	r3, #1
10003bd0:	464e      	mov	r6, r9
10003bd2:	e001      	b.n	10003bd8 <_vsnprintf+0x4d4>
10003bd4:	3601      	adds	r6, #1
10003bd6:	0013      	movs	r3, r2
10003bd8:	7832      	ldrb	r2, [r6, #0]
10003bda:	2a00      	cmp	r2, #0
10003bdc:	d002      	beq.n	10003be4 <_vsnprintf+0x4e0>
10003bde:	1e5a      	subs	r2, r3, #1
10003be0:	2b00      	cmp	r3, #0
10003be2:	d1f7      	bne.n	10003bd4 <_vsnprintf+0x4d0>
10003be4:	464b      	mov	r3, r9
10003be6:	1af2      	subs	r2, r6, r3
10003be8:	9210      	str	r2, [sp, #64]	; 0x40
10003bea:	2380      	movs	r3, #128	; 0x80
10003bec:	00db      	lsls	r3, r3, #3
10003bee:	0026      	movs	r6, r4
10003bf0:	401e      	ands	r6, r3
10003bf2:	421c      	tst	r4, r3
10003bf4:	d003      	beq.n	10003bfe <_vsnprintf+0x4fa>
10003bf6:	4552      	cmp	r2, sl
10003bf8:	d901      	bls.n	10003bfe <_vsnprintf+0x4fa>
10003bfa:	4653      	mov	r3, sl
10003bfc:	9310      	str	r3, [sp, #64]	; 0x40
10003bfe:	2302      	movs	r3, #2
10003c00:	001a      	movs	r2, r3
10003c02:	4022      	ands	r2, r4
10003c04:	920b      	str	r2, [sp, #44]	; 0x2c
10003c06:	4223      	tst	r3, r4
10003c08:	d005      	beq.n	10003c16 <_vsnprintf+0x512>
10003c0a:	003a      	movs	r2, r7
10003c0c:	0037      	movs	r7, r6
10003c0e:	464c      	mov	r4, r9
10003c10:	46a9      	mov	r9, r5
10003c12:	4655      	mov	r5, sl
10003c14:	e020      	b.n	10003c58 <_vsnprintf+0x554>
10003c16:	003a      	movs	r2, r7
10003c18:	9b10      	ldr	r3, [sp, #64]	; 0x40
10003c1a:	465f      	mov	r7, fp
10003c1c:	46b3      	mov	fp, r6
10003c1e:	002e      	movs	r6, r5
10003c20:	e006      	b.n	10003c30 <_vsnprintf+0x52c>
10003c22:	1c55      	adds	r5, r2, #1
10003c24:	4643      	mov	r3, r8
10003c26:	0039      	movs	r1, r7
10003c28:	2020      	movs	r0, #32
10003c2a:	47b0      	blx	r6
10003c2c:	0023      	movs	r3, r4
10003c2e:	002a      	movs	r2, r5
10003c30:	1c5c      	adds	r4, r3, #1
10003c32:	990a      	ldr	r1, [sp, #40]	; 0x28
10003c34:	4299      	cmp	r1, r3
10003c36:	d8f4      	bhi.n	10003c22 <_vsnprintf+0x51e>
10003c38:	0035      	movs	r5, r6
10003c3a:	465e      	mov	r6, fp
10003c3c:	46bb      	mov	fp, r7
10003c3e:	9410      	str	r4, [sp, #64]	; 0x40
10003c40:	0037      	movs	r7, r6
10003c42:	464c      	mov	r4, r9
10003c44:	46a9      	mov	r9, r5
10003c46:	4655      	mov	r5, sl
10003c48:	e006      	b.n	10003c58 <_vsnprintf+0x554>
10003c4a:	001d      	movs	r5, r3
10003c4c:	3401      	adds	r4, #1
10003c4e:	1c56      	adds	r6, r2, #1
10003c50:	4643      	mov	r3, r8
10003c52:	4659      	mov	r1, fp
10003c54:	47c8      	blx	r9
10003c56:	0032      	movs	r2, r6
10003c58:	7820      	ldrb	r0, [r4, #0]
10003c5a:	2800      	cmp	r0, #0
10003c5c:	d004      	beq.n	10003c68 <_vsnprintf+0x564>
10003c5e:	2f00      	cmp	r7, #0
10003c60:	d0f4      	beq.n	10003c4c <_vsnprintf+0x548>
10003c62:	1e6b      	subs	r3, r5, #1
10003c64:	2d00      	cmp	r5, #0
10003c66:	d1f0      	bne.n	10003c4a <_vsnprintf+0x546>
10003c68:	0017      	movs	r7, r2
10003c6a:	464d      	mov	r5, r9
10003c6c:	9b0b      	ldr	r3, [sp, #44]	; 0x2c
10003c6e:	2b00      	cmp	r3, #0
10003c70:	d103      	bne.n	10003c7a <_vsnprintf+0x576>
10003c72:	9b11      	ldr	r3, [sp, #68]	; 0x44
10003c74:	3301      	adds	r3, #1
10003c76:	9311      	str	r3, [sp, #68]	; 0x44
10003c78:	e554      	b.n	10003724 <_vsnprintf+0x20>
10003c7a:	9f0a      	ldr	r7, [sp, #40]	; 0x28
10003c7c:	9b10      	ldr	r3, [sp, #64]	; 0x40
10003c7e:	e006      	b.n	10003c8e <_vsnprintf+0x58a>
10003c80:	1c56      	adds	r6, r2, #1
10003c82:	4643      	mov	r3, r8
10003c84:	4659      	mov	r1, fp
10003c86:	2020      	movs	r0, #32
10003c88:	47a8      	blx	r5
10003c8a:	0023      	movs	r3, r4
10003c8c:	0032      	movs	r2, r6
10003c8e:	1c5c      	adds	r4, r3, #1
10003c90:	429f      	cmp	r7, r3
10003c92:	d8f5      	bhi.n	10003c80 <_vsnprintf+0x57c>
10003c94:	0017      	movs	r7, r2
10003c96:	e7ec      	b.n	10003c72 <_vsnprintf+0x56e>
10003c98:	2321      	movs	r3, #33	; 0x21
10003c9a:	431c      	orrs	r4, r3
10003c9c:	9b1c      	ldr	r3, [sp, #112]	; 0x70
10003c9e:	1d1a      	adds	r2, r3, #4
10003ca0:	921c      	str	r2, [sp, #112]	; 0x70
10003ca2:	681b      	ldr	r3, [r3, #0]
10003ca4:	9300      	str	r3, [sp, #0]
10003ca6:	9405      	str	r4, [sp, #20]
10003ca8:	2308      	movs	r3, #8
10003caa:	9304      	str	r3, [sp, #16]
10003cac:	4653      	mov	r3, sl
10003cae:	9303      	str	r3, [sp, #12]
10003cb0:	2310      	movs	r3, #16
10003cb2:	9302      	str	r3, [sp, #8]
10003cb4:	2300      	movs	r3, #0
10003cb6:	9301      	str	r3, [sp, #4]
10003cb8:	4643      	mov	r3, r8
10003cba:	003a      	movs	r2, r7
10003cbc:	4659      	mov	r1, fp
10003cbe:	0028      	movs	r0, r5
10003cc0:	f7ff f89c 	bl	10002dfc <_ntoa_long>
10003cc4:	0007      	movs	r7, r0
10003cc6:	9b11      	ldr	r3, [sp, #68]	; 0x44
10003cc8:	3301      	adds	r3, #1
10003cca:	9311      	str	r3, [sp, #68]	; 0x44
10003ccc:	e52a      	b.n	10003724 <_vsnprintf+0x20>
10003cce:	1c7c      	adds	r4, r7, #1
10003cd0:	4643      	mov	r3, r8
10003cd2:	003a      	movs	r2, r7
10003cd4:	4659      	mov	r1, fp
10003cd6:	2025      	movs	r0, #37	; 0x25
10003cd8:	47a8      	blx	r5
10003cda:	9b11      	ldr	r3, [sp, #68]	; 0x44
10003cdc:	3301      	adds	r3, #1
10003cde:	9311      	str	r3, [sp, #68]	; 0x44
10003ce0:	0027      	movs	r7, r4
10003ce2:	e51f      	b.n	10003724 <_vsnprintf+0x20>
10003ce4:	1c7c      	adds	r4, r7, #1
10003ce6:	4643      	mov	r3, r8
10003ce8:	003a      	movs	r2, r7
10003cea:	4659      	mov	r1, fp
10003cec:	47a8      	blx	r5
10003cee:	9b11      	ldr	r3, [sp, #68]	; 0x44
10003cf0:	3301      	adds	r3, #1
10003cf2:	9311      	str	r3, [sp, #68]	; 0x44
10003cf4:	0027      	movs	r7, r4
10003cf6:	e515      	b.n	10003724 <_vsnprintf+0x20>
10003cf8:	4b0a      	ldr	r3, [pc, #40]	; (10003d24 <_vsnprintf+0x620>)
10003cfa:	469a      	mov	sl, r3
10003cfc:	e510      	b.n	10003720 <_vsnprintf+0x1c>
10003cfe:	46aa      	mov	sl, r5
10003d00:	4547      	cmp	r7, r8
10003d02:	d302      	bcc.n	10003d0a <_vsnprintf+0x606>
10003d04:	4643      	mov	r3, r8
10003d06:	1e5a      	subs	r2, r3, #1
10003d08:	e000      	b.n	10003d0c <_vsnprintf+0x608>
10003d0a:	003a      	movs	r2, r7
10003d0c:	4643      	mov	r3, r8
10003d0e:	4659      	mov	r1, fp
10003d10:	2000      	movs	r0, #0
10003d12:	47d0      	blx	sl
10003d14:	0038      	movs	r0, r7
10003d16:	b013      	add	sp, #76	; 0x4c
10003d18:	bcf0      	pop	{r4, r5, r6, r7}
10003d1a:	46bb      	mov	fp, r7
10003d1c:	46b2      	mov	sl, r6
10003d1e:	46a9      	mov	r9, r5
10003d20:	46a0      	mov	r8, r4
10003d22:	bdf0      	pop	{r4, r5, r6, r7, pc}
10003d24:	10002c09 	.word	0x10002c09

10003d28 <__wrap_snprintf>:
10003d28:	b40c      	push	{r2, r3}
10003d2a:	b510      	push	{r4, lr}
10003d2c:	b084      	sub	sp, #16
10003d2e:	000a      	movs	r2, r1
10003d30:	ac06      	add	r4, sp, #24
10003d32:	cc08      	ldmia	r4!, {r3}
10003d34:	9403      	str	r4, [sp, #12]
10003d36:	9400      	str	r4, [sp, #0]
10003d38:	0001      	movs	r1, r0
10003d3a:	4804      	ldr	r0, [pc, #16]	; (10003d4c <__wrap_snprintf+0x24>)
10003d3c:	f7ff fce2 	bl	10003704 <_vsnprintf>
10003d40:	b004      	add	sp, #16
10003d42:	bc10      	pop	{r4}
10003d44:	bc08      	pop	{r3}
10003d46:	b002      	add	sp, #8
10003d48:	4718      	bx	r3
10003d4a:	46c0      	nop			; (mov r8, r8)
10003d4c:	10002c01 	.word	0x10002c01

10003d50 <vfctprintf>:
10003d50:	b500      	push	{lr}
10003d52:	b085      	sub	sp, #20
10003d54:	9002      	str	r0, [sp, #8]
10003d56:	9103      	str	r1, [sp, #12]
10003d58:	2101      	movs	r1, #1
10003d5a:	9300      	str	r3, [sp, #0]
10003d5c:	0013      	movs	r3, r2
10003d5e:	424a      	negs	r2, r1
10003d60:	a902      	add	r1, sp, #8
10003d62:	4802      	ldr	r0, [pc, #8]	; (10003d6c <vfctprintf+0x1c>)
10003d64:	f7ff fcce 	bl	10003704 <_vsnprintf>
10003d68:	b005      	add	sp, #20
10003d6a:	bd00      	pop	{pc}
10003d6c:	10002c0b 	.word	0x10002c0b

10003d70 <_exit>:
10003d70:	be00      	bkpt	0x0000
10003d72:	e7fd      	b.n	10003d70 <_exit>

10003d74 <exit>:
10003d74:	b510      	push	{r4, lr}
10003d76:	f7ff fffb 	bl	10003d70 <_exit>
	...

10003d7c <__assert_func>:
10003d7c:	b510      	push	{r4, lr}
10003d7e:	b082      	sub	sp, #8
10003d80:	000c      	movs	r4, r1
10003d82:	0019      	movs	r1, r3
10003d84:	2a00      	cmp	r2, #0
10003d86:	d00c      	beq.n	10003da2 <__assert_func+0x26>
10003d88:	4b08      	ldr	r3, [pc, #32]	; (10003dac <__assert_func+0x30>)
10003d8a:	2a00      	cmp	r2, #0
10003d8c:	d00b      	beq.n	10003da6 <__assert_func+0x2a>
10003d8e:	9201      	str	r2, [sp, #4]
10003d90:	9300      	str	r3, [sp, #0]
10003d92:	0023      	movs	r3, r4
10003d94:	0002      	movs	r2, r0
10003d96:	4806      	ldr	r0, [pc, #24]	; (10003db0 <__assert_func+0x34>)
10003d98:	f000 f962 	bl	10004060 <__wrap_printf>
10003d9c:	2001      	movs	r0, #1
10003d9e:	f7ff ffe7 	bl	10003d70 <_exit>
10003da2:	4b04      	ldr	r3, [pc, #16]	; (10003db4 <__assert_func+0x38>)
10003da4:	e7f1      	b.n	10003d8a <__assert_func+0xe>
10003da6:	4a03      	ldr	r2, [pc, #12]	; (10003db4 <__assert_func+0x38>)
10003da8:	e7f1      	b.n	10003d8e <__assert_func+0x12>
10003daa:	46c0      	nop			; (mov r8, r8)
10003dac:	10007af8 	.word	0x10007af8
10003db0:	10007b08 	.word	0x10007b08
10003db4:	10007b04 	.word	0x10007b04

10003db8 <runtime_init>:
10003db8:	b510      	push	{r4, lr}
10003dba:	f3ef 8305 	mrs	r3, IPSR
10003dbe:	2b00      	cmp	r3, #0
10003dc0:	d000      	beq.n	10003dc4 <runtime_init+0xc>
10003dc2:	be00      	bkpt	0x0000
10003dc4:	f7fd fee2 	bl	10001b8c <runtime_run_initializers>
10003dc8:	4c03      	ldr	r4, [pc, #12]	; (10003dd8 <runtime_init+0x20>)
10003dca:	e001      	b.n	10003dd0 <runtime_init+0x18>
10003dcc:	cc08      	ldmia	r4!, {r3}
10003dce:	4798      	blx	r3
10003dd0:	4b02      	ldr	r3, [pc, #8]	; (10003ddc <runtime_init+0x24>)
10003dd2:	429c      	cmp	r4, r3
10003dd4:	d3fa      	bcc.n	10003dcc <runtime_init+0x14>
10003dd6:	bd10      	pop	{r4, pc}
10003dd8:	10006f24 	.word	0x10006f24
10003ddc:	10006f2c 	.word	0x10006f2c

10003de0 <stdio_out_chars_no_crlf>:
10003de0:	b510      	push	{r4, lr}
10003de2:	0003      	movs	r3, r0
10003de4:	0008      	movs	r0, r1
10003de6:	0011      	movs	r1, r2
10003de8:	681b      	ldr	r3, [r3, #0]
10003dea:	4798      	blx	r3
10003dec:	bd10      	pop	{r4, pc}
	...

10003df0 <stdio_out_chars_crlf>:
10003df0:	b5f8      	push	{r3, r4, r5, r6, r7, lr}
10003df2:	0007      	movs	r7, r0
10003df4:	000d      	movs	r5, r1
10003df6:	0016      	movs	r6, r2
10003df8:	7d43      	ldrb	r3, [r0, #21]
10003dfa:	2b00      	cmp	r3, #0
10003dfc:	d002      	beq.n	10003e04 <stdio_out_chars_crlf+0x14>
10003dfe:	2400      	movs	r4, #0
10003e00:	2000      	movs	r0, #0
10003e02:	e00c      	b.n	10003e1e <stdio_out_chars_crlf+0x2e>
10003e04:	6803      	ldr	r3, [r0, #0]
10003e06:	0011      	movs	r1, r2
10003e08:	0028      	movs	r0, r5
10003e0a:	4798      	blx	r3
10003e0c:	e02d      	b.n	10003e6a <stdio_out_chars_crlf+0x7a>
10003e0e:	7d3b      	ldrb	r3, [r7, #20]
10003e10:	e010      	b.n	10003e34 <stdio_out_chars_crlf+0x44>
10003e12:	2102      	movs	r1, #2
10003e14:	4815      	ldr	r0, [pc, #84]	; (10003e6c <stdio_out_chars_crlf+0x7c>)
10003e16:	683b      	ldr	r3, [r7, #0]
10003e18:	4798      	blx	r3
10003e1a:	1c60      	adds	r0, r4, #1
10003e1c:	3401      	adds	r4, #1
10003e1e:	42b4      	cmp	r4, r6
10003e20:	da14      	bge.n	10003e4c <stdio_out_chars_crlf+0x5c>
10003e22:	2c00      	cmp	r4, #0
10003e24:	ddf3      	ble.n	10003e0e <stdio_out_chars_crlf+0x1e>
10003e26:	192b      	adds	r3, r5, r4
10003e28:	3b01      	subs	r3, #1
10003e2a:	781b      	ldrb	r3, [r3, #0]
10003e2c:	3b0d      	subs	r3, #13
10003e2e:	425a      	negs	r2, r3
10003e30:	4153      	adcs	r3, r2
10003e32:	b2db      	uxtb	r3, r3
10003e34:	5d2a      	ldrb	r2, [r5, r4]
10003e36:	2a0a      	cmp	r2, #10
10003e38:	d1f0      	bne.n	10003e1c <stdio_out_chars_crlf+0x2c>
10003e3a:	2b00      	cmp	r3, #0
10003e3c:	d1ee      	bne.n	10003e1c <stdio_out_chars_crlf+0x2c>
10003e3e:	42a0      	cmp	r0, r4
10003e40:	dae7      	bge.n	10003e12 <stdio_out_chars_crlf+0x22>
10003e42:	1a21      	subs	r1, r4, r0
10003e44:	1828      	adds	r0, r5, r0
10003e46:	683b      	ldr	r3, [r7, #0]
10003e48:	4798      	blx	r3
10003e4a:	e7e2      	b.n	10003e12 <stdio_out_chars_crlf+0x22>
10003e4c:	42b0      	cmp	r0, r6
10003e4e:	da03      	bge.n	10003e58 <stdio_out_chars_crlf+0x68>
10003e50:	1a31      	subs	r1, r6, r0
10003e52:	1828      	adds	r0, r5, r0
10003e54:	683b      	ldr	r3, [r7, #0]
10003e56:	4798      	blx	r3
10003e58:	2e00      	cmp	r6, #0
10003e5a:	dd06      	ble.n	10003e6a <stdio_out_chars_crlf+0x7a>
10003e5c:	19ad      	adds	r5, r5, r6
10003e5e:	3d01      	subs	r5, #1
10003e60:	782b      	ldrb	r3, [r5, #0]
10003e62:	3b0d      	subs	r3, #13
10003e64:	425a      	negs	r2, r3
10003e66:	4153      	adcs	r3, r2
10003e68:	753b      	strb	r3, [r7, #20]
10003e6a:	bdf8      	pop	{r3, r4, r5, r6, r7, pc}
10003e6c:	10007b38 	.word	0x10007b38

10003e70 <stdio_stack_buffer_flush>:
10003e70:	b570      	push	{r4, r5, r6, lr}
10003e72:	0005      	movs	r5, r0
10003e74:	6803      	ldr	r3, [r0, #0]
10003e76:	2b00      	cmp	r3, #0
10003e78:	d016      	beq.n	10003ea8 <stdio_stack_buffer_flush+0x38>
10003e7a:	4b0c      	ldr	r3, [pc, #48]	; (10003eac <stdio_stack_buffer_flush+0x3c>)
10003e7c:	681c      	ldr	r4, [r3, #0]
10003e7e:	e005      	b.n	10003e8c <stdio_stack_buffer_flush+0x1c>
10003e80:	0029      	movs	r1, r5
10003e82:	c904      	ldmia	r1!, {r2}
10003e84:	0020      	movs	r0, r4
10003e86:	f7ff ffb3 	bl	10003df0 <stdio_out_chars_crlf>
10003e8a:	6924      	ldr	r4, [r4, #16]
10003e8c:	2c00      	cmp	r4, #0
10003e8e:	d009      	beq.n	10003ea4 <stdio_stack_buffer_flush+0x34>
10003e90:	6823      	ldr	r3, [r4, #0]
10003e92:	2b00      	cmp	r3, #0
10003e94:	d0f9      	beq.n	10003e8a <stdio_stack_buffer_flush+0x1a>
10003e96:	4b06      	ldr	r3, [pc, #24]	; (10003eb0 <stdio_stack_buffer_flush+0x40>)
10003e98:	681b      	ldr	r3, [r3, #0]
10003e9a:	2b00      	cmp	r3, #0
10003e9c:	d0f0      	beq.n	10003e80 <stdio_stack_buffer_flush+0x10>
10003e9e:	42a3      	cmp	r3, r4
10003ea0:	d1f3      	bne.n	10003e8a <stdio_stack_buffer_flush+0x1a>
10003ea2:	e7ed      	b.n	10003e80 <stdio_stack_buffer_flush+0x10>
10003ea4:	2300      	movs	r3, #0
10003ea6:	602b      	str	r3, [r5, #0]
10003ea8:	bd70      	pop	{r4, r5, r6, pc}
10003eaa:	46c0      	nop			; (mov r8, r8)
10003eac:	2000171c 	.word	0x2000171c
10003eb0:	20001724 	.word	0x20001724

10003eb4 <stdio_buffered_printer>:
10003eb4:	b570      	push	{r4, r5, r6, lr}
10003eb6:	0005      	movs	r5, r0
10003eb8:	000c      	movs	r4, r1
10003eba:	680b      	ldr	r3, [r1, #0]
10003ebc:	2b80      	cmp	r3, #128	; 0x80
10003ebe:	d005      	beq.n	10003ecc <stdio_buffered_printer+0x18>
10003ec0:	6821      	ldr	r1, [r4, #0]
10003ec2:	1c4b      	adds	r3, r1, #1
10003ec4:	6023      	str	r3, [r4, #0]
10003ec6:	1864      	adds	r4, r4, r1
10003ec8:	7125      	strb	r5, [r4, #4]
10003eca:	bd70      	pop	{r4, r5, r6, pc}
10003ecc:	0008      	movs	r0, r1
10003ece:	f7ff ffcf 	bl	10003e70 <stdio_stack_buffer_flush>
10003ed2:	e7f5      	b.n	10003ec0 <stdio_buffered_printer+0xc>

10003ed4 <stdout_serialize_begin>:
10003ed4:	b510      	push	{r4, lr}
10003ed6:	f7fd fbd9 	bl	1000168c <time_us_64>
10003eda:	4a07      	ldr	r2, [pc, #28]	; (10003ef8 <stdout_serialize_begin+0x24>)
10003edc:	2300      	movs	r3, #0
10003ede:	1812      	adds	r2, r2, r0
10003ee0:	414b      	adcs	r3, r1
10003ee2:	2b00      	cmp	r3, #0
10003ee4:	db03      	blt.n	10003eee <stdout_serialize_begin+0x1a>
10003ee6:	4805      	ldr	r0, [pc, #20]	; (10003efc <stdout_serialize_begin+0x28>)
10003ee8:	f002 ffd6 	bl	10006e98 <__mutex_try_enter_block_until_veneer>
10003eec:	bd10      	pop	{r4, pc}
10003eee:	2201      	movs	r2, #1
10003ef0:	4252      	negs	r2, r2
10003ef2:	4b03      	ldr	r3, [pc, #12]	; (10003f00 <stdout_serialize_begin+0x2c>)
10003ef4:	e7f7      	b.n	10003ee6 <stdout_serialize_begin+0x12>
10003ef6:	46c0      	nop			; (mov r8, r8)
10003ef8:	000f4240 	.word	0x000f4240
10003efc:	20000cd0 	.word	0x20000cd0
10003f00:	7fffffff 	.word	0x7fffffff

10003f04 <stdout_serialize_end>:
10003f04:	b510      	push	{r4, lr}
10003f06:	4802      	ldr	r0, [pc, #8]	; (10003f10 <stdout_serialize_end+0xc>)
10003f08:	f002 ff8e 	bl	10006e28 <__mutex_exit_veneer>
10003f0c:	bd10      	pop	{r4, pc}
10003f0e:	46c0      	nop			; (mov r8, r8)
10003f10:	20000cd0 	.word	0x20000cd0

10003f14 <stdio_put_string>:
10003f14:	b5f0      	push	{r4, r5, r6, r7, lr}
10003f16:	46ce      	mov	lr, r9
10003f18:	4647      	mov	r7, r8
10003f1a:	b580      	push	{r7, lr}
10003f1c:	b083      	sub	sp, #12
10003f1e:	0006      	movs	r6, r0
10003f20:	000d      	movs	r5, r1
10003f22:	4690      	mov	r8, r2
10003f24:	001c      	movs	r4, r3
10003f26:	f7ff ffd5 	bl	10003ed4 <stdout_serialize_begin>
10003f2a:	4681      	mov	r9, r0
10003f2c:	1c6b      	adds	r3, r5, #1
10003f2e:	d005      	beq.n	10003f3c <stdio_put_string+0x28>
10003f30:	2c00      	cmp	r4, #0
10003f32:	d008      	beq.n	10003f46 <stdio_put_string+0x32>
10003f34:	4f18      	ldr	r7, [pc, #96]	; (10003f98 <stdio_put_string+0x84>)
10003f36:	4b19      	ldr	r3, [pc, #100]	; (10003f9c <stdio_put_string+0x88>)
10003f38:	681c      	ldr	r4, [r3, #0]
10003f3a:	e007      	b.n	10003f4c <stdio_put_string+0x38>
10003f3c:	0030      	movs	r0, r6
10003f3e:	f002 ff39 	bl	10006db4 <strlen>
10003f42:	0005      	movs	r5, r0
10003f44:	e7f4      	b.n	10003f30 <stdio_put_string+0x1c>
10003f46:	4f16      	ldr	r7, [pc, #88]	; (10003fa0 <stdio_put_string+0x8c>)
10003f48:	e7f5      	b.n	10003f36 <stdio_put_string+0x22>
10003f4a:	6924      	ldr	r4, [r4, #16]
10003f4c:	2c00      	cmp	r4, #0
10003f4e:	d017      	beq.n	10003f80 <stdio_put_string+0x6c>
10003f50:	6823      	ldr	r3, [r4, #0]
10003f52:	2b00      	cmp	r3, #0
10003f54:	d0f9      	beq.n	10003f4a <stdio_put_string+0x36>
10003f56:	4b13      	ldr	r3, [pc, #76]	; (10003fa4 <stdio_put_string+0x90>)
10003f58:	681b      	ldr	r3, [r3, #0]
10003f5a:	2b00      	cmp	r3, #0
10003f5c:	d001      	beq.n	10003f62 <stdio_put_string+0x4e>
10003f5e:	42a3      	cmp	r3, r4
10003f60:	d1f3      	bne.n	10003f4a <stdio_put_string+0x36>
10003f62:	002a      	movs	r2, r5
10003f64:	0031      	movs	r1, r6
10003f66:	0020      	movs	r0, r4
10003f68:	47b8      	blx	r7
10003f6a:	4643      	mov	r3, r8
10003f6c:	2b00      	cmp	r3, #0
10003f6e:	d0ec      	beq.n	10003f4a <stdio_put_string+0x36>
10003f70:	466b      	mov	r3, sp
10003f72:	1dd9      	adds	r1, r3, #7
10003f74:	230a      	movs	r3, #10
10003f76:	700b      	strb	r3, [r1, #0]
10003f78:	2201      	movs	r2, #1
10003f7a:	0020      	movs	r0, r4
10003f7c:	47b8      	blx	r7
10003f7e:	e7e4      	b.n	10003f4a <stdio_put_string+0x36>
10003f80:	464b      	mov	r3, r9
10003f82:	2b00      	cmp	r3, #0
10003f84:	d105      	bne.n	10003f92 <stdio_put_string+0x7e>
10003f86:	0028      	movs	r0, r5
10003f88:	b003      	add	sp, #12
10003f8a:	bcc0      	pop	{r6, r7}
10003f8c:	46b9      	mov	r9, r7
10003f8e:	46b0      	mov	r8, r6
10003f90:	bdf0      	pop	{r4, r5, r6, r7, pc}
10003f92:	f7ff ffb7 	bl	10003f04 <stdout_serialize_end>
10003f96:	e7f6      	b.n	10003f86 <stdio_put_string+0x72>
10003f98:	10003df1 	.word	0x10003df1
10003f9c:	2000171c 	.word	0x2000171c
10003fa0:	10003de1 	.word	0x10003de1
10003fa4:	20001724 	.word	0x20001724

10003fa8 <stdio_set_driver_enabled>:
10003fa8:	4a09      	ldr	r2, [pc, #36]	; (10003fd0 <stdio_set_driver_enabled+0x28>)
10003faa:	e001      	b.n	10003fb0 <stdio_set_driver_enabled+0x8>
10003fac:	3310      	adds	r3, #16
10003fae:	001a      	movs	r2, r3
10003fb0:	6813      	ldr	r3, [r2, #0]
10003fb2:	2b00      	cmp	r3, #0
10003fb4:	d008      	beq.n	10003fc8 <stdio_set_driver_enabled+0x20>
10003fb6:	4283      	cmp	r3, r0
10003fb8:	d1f8      	bne.n	10003fac <stdio_set_driver_enabled+0x4>
10003fba:	2900      	cmp	r1, #0
10003fbc:	d107      	bne.n	10003fce <stdio_set_driver_enabled+0x26>
10003fbe:	6903      	ldr	r3, [r0, #16]
10003fc0:	6013      	str	r3, [r2, #0]
10003fc2:	2300      	movs	r3, #0
10003fc4:	6103      	str	r3, [r0, #16]
10003fc6:	e002      	b.n	10003fce <stdio_set_driver_enabled+0x26>
10003fc8:	2900      	cmp	r1, #0
10003fca:	d000      	beq.n	10003fce <stdio_set_driver_enabled+0x26>
10003fcc:	6010      	str	r0, [r2, #0]
10003fce:	4770      	bx	lr
10003fd0:	2000171c 	.word	0x2000171c

10003fd4 <stdio_flush>:
10003fd4:	b510      	push	{r4, lr}
10003fd6:	4b06      	ldr	r3, [pc, #24]	; (10003ff0 <stdio_flush+0x1c>)
10003fd8:	681c      	ldr	r4, [r3, #0]
10003fda:	e001      	b.n	10003fe0 <stdio_flush+0xc>
10003fdc:	4798      	blx	r3
10003fde:	6924      	ldr	r4, [r4, #16]
10003fe0:	2c00      	cmp	r4, #0
10003fe2:	d003      	beq.n	10003fec <stdio_flush+0x18>
10003fe4:	6863      	ldr	r3, [r4, #4]
10003fe6:	2b00      	cmp	r3, #0
10003fe8:	d1f8      	bne.n	10003fdc <stdio_flush+0x8>
10003fea:	e7f8      	b.n	10003fde <stdio_flush+0xa>
10003fec:	bd10      	pop	{r4, pc}
10003fee:	46c0      	nop			; (mov r8, r8)
10003ff0:	2000171c 	.word	0x2000171c

10003ff4 <stdio_init_all>:
10003ff4:	b510      	push	{r4, lr}
10003ff6:	f000 f93f 	bl	10004278 <stdio_uart_init>
10003ffa:	f000 fab7 	bl	1000456c <stdio_usb_init>
10003ffe:	2001      	movs	r0, #1
10004000:	bd10      	pop	{r4, pc}

10004002 <__wrap_puts>:
10004002:	b570      	push	{r4, r5, r6, lr}
10004004:	0005      	movs	r5, r0
10004006:	f002 fed5 	bl	10006db4 <strlen>
1000400a:	0004      	movs	r4, r0
1000400c:	2301      	movs	r3, #1
1000400e:	2201      	movs	r2, #1
10004010:	0001      	movs	r1, r0
10004012:	0028      	movs	r0, r5
10004014:	f7ff ff7e 	bl	10003f14 <stdio_put_string>
10004018:	f7ff ffdc 	bl	10003fd4 <stdio_flush>
1000401c:	0020      	movs	r0, r4
1000401e:	bd70      	pop	{r4, r5, r6, pc}

10004020 <__wrap_vprintf>:
10004020:	b570      	push	{r4, r5, r6, lr}
10004022:	b0a2      	sub	sp, #136	; 0x88
10004024:	0004      	movs	r4, r0
10004026:	000e      	movs	r6, r1
10004028:	f7ff ff54 	bl	10003ed4 <stdout_serialize_begin>
1000402c:	0005      	movs	r5, r0
1000402e:	2300      	movs	r3, #0
10004030:	9301      	str	r3, [sp, #4]
10004032:	0033      	movs	r3, r6
10004034:	0022      	movs	r2, r4
10004036:	a901      	add	r1, sp, #4
10004038:	4808      	ldr	r0, [pc, #32]	; (1000405c <__wrap_vprintf+0x3c>)
1000403a:	f7ff fe89 	bl	10003d50 <vfctprintf>
1000403e:	0004      	movs	r4, r0
10004040:	a801      	add	r0, sp, #4
10004042:	f7ff ff15 	bl	10003e70 <stdio_stack_buffer_flush>
10004046:	f7ff ffc5 	bl	10003fd4 <stdio_flush>
1000404a:	2d00      	cmp	r5, #0
1000404c:	d102      	bne.n	10004054 <__wrap_vprintf+0x34>
1000404e:	0020      	movs	r0, r4
10004050:	b022      	add	sp, #136	; 0x88
10004052:	bd70      	pop	{r4, r5, r6, pc}
10004054:	f7ff ff56 	bl	10003f04 <stdout_serialize_end>
10004058:	e7f9      	b.n	1000404e <__wrap_vprintf+0x2e>
1000405a:	46c0      	nop			; (mov r8, r8)
1000405c:	10003eb5 	.word	0x10003eb5

10004060 <__wrap_printf>:
10004060:	b40f      	push	{r0, r1, r2, r3}
10004062:	b500      	push	{lr}
10004064:	b083      	sub	sp, #12
10004066:	a904      	add	r1, sp, #16
10004068:	c901      	ldmia	r1!, {r0}
1000406a:	9101      	str	r1, [sp, #4]
1000406c:	f7ff ffd8 	bl	10004020 <__wrap_vprintf>
10004070:	b003      	add	sp, #12
10004072:	bc08      	pop	{r3}
10004074:	b004      	add	sp, #16
10004076:	4718      	bx	r3

10004078 <stdio_uart_out_chars>:
10004078:	b5f0      	push	{r4, r5, r6, r7, lr}
1000407a:	b083      	sub	sp, #12
1000407c:	0005      	movs	r5, r0
1000407e:	000e      	movs	r6, r1
10004080:	2400      	movs	r4, #0
10004082:	e00f      	b.n	100040a4 <stdio_uart_out_chars+0x2c>
10004084:	466b      	mov	r3, sp
10004086:	1dd9      	adds	r1, r3, #7
10004088:	230d      	movs	r3, #13
1000408a:	700b      	strb	r3, [r1, #0]
1000408c:	2000      	movs	r0, #0
1000408e:	2800      	cmp	r0, #0
10004090:	d116      	bne.n	100040c0 <stdio_uart_out_chars+0x48>
10004092:	6993      	ldr	r3, [r2, #24]
10004094:	069b      	lsls	r3, r3, #26
10004096:	d4fc      	bmi.n	10004092 <stdio_uart_out_chars+0x1a>
10004098:	780b      	ldrb	r3, [r1, #0]
1000409a:	6013      	str	r3, [r2, #0]
1000409c:	3001      	adds	r0, #1
1000409e:	3101      	adds	r1, #1
100040a0:	e7f5      	b.n	1000408e <stdio_uart_out_chars+0x16>
100040a2:	3401      	adds	r4, #1
100040a4:	42b4      	cmp	r4, r6
100040a6:	da19      	bge.n	100040dc <stdio_uart_out_chars+0x64>
100040a8:	4b0d      	ldr	r3, [pc, #52]	; (100040e0 <stdio_uart_out_chars+0x68>)
100040aa:	681a      	ldr	r2, [r3, #0]
100040ac:	5d2f      	ldrb	r7, [r5, r4]
100040ae:	4b0d      	ldr	r3, [pc, #52]	; (100040e4 <stdio_uart_out_chars+0x6c>)
100040b0:	18d3      	adds	r3, r2, r3
100040b2:	4259      	negs	r1, r3
100040b4:	414b      	adcs	r3, r1
100040b6:	005b      	lsls	r3, r3, #1
100040b8:	490b      	ldr	r1, [pc, #44]	; (100040e8 <stdio_uart_out_chars+0x70>)
100040ba:	5e5b      	ldrsh	r3, [r3, r1]
100040bc:	42bb      	cmp	r3, r7
100040be:	d0e1      	beq.n	10004084 <stdio_uart_out_chars+0xc>
100040c0:	466b      	mov	r3, sp
100040c2:	1dd9      	adds	r1, r3, #7
100040c4:	700f      	strb	r7, [r1, #0]
100040c6:	2000      	movs	r0, #0
100040c8:	2800      	cmp	r0, #0
100040ca:	d1ea      	bne.n	100040a2 <stdio_uart_out_chars+0x2a>
100040cc:	6993      	ldr	r3, [r2, #24]
100040ce:	069b      	lsls	r3, r3, #26
100040d0:	d4fc      	bmi.n	100040cc <stdio_uart_out_chars+0x54>
100040d2:	780b      	ldrb	r3, [r1, #0]
100040d4:	6013      	str	r3, [r2, #0]
100040d6:	3001      	adds	r0, #1
100040d8:	3101      	adds	r1, #1
100040da:	e7f5      	b.n	100040c8 <stdio_uart_out_chars+0x50>
100040dc:	b003      	add	sp, #12
100040de:	bdf0      	pop	{r4, r5, r6, r7, pc}
100040e0:	20001d64 	.word	0x20001d64
100040e4:	bffc8000 	.word	0xbffc8000
100040e8:	20001d60 	.word	0x20001d60

100040ec <stdio_uart_in_chars>:
100040ec:	b5f0      	push	{r4, r5, r6, r7, lr}
100040ee:	b083      	sub	sp, #12
100040f0:	0006      	movs	r6, r0
100040f2:	000f      	movs	r7, r1
100040f4:	2500      	movs	r5, #0
100040f6:	e004      	b.n	10004102 <stdio_uart_in_chars+0x16>
100040f8:	466b      	mov	r3, sp
100040fa:	3307      	adds	r3, #7
100040fc:	781b      	ldrb	r3, [r3, #0]
100040fe:	702b      	strb	r3, [r5, #0]
10004100:	0025      	movs	r5, r4
10004102:	42bd      	cmp	r5, r7
10004104:	da15      	bge.n	10004132 <stdio_uart_in_chars+0x46>
10004106:	4b16      	ldr	r3, [pc, #88]	; (10004160 <stdio_uart_in_chars+0x74>)
10004108:	681a      	ldr	r2, [r3, #0]
1000410a:	6993      	ldr	r3, [r2, #24]
1000410c:	2410      	movs	r4, #16
1000410e:	0021      	movs	r1, r4
10004110:	4019      	ands	r1, r3
10004112:	421c      	tst	r4, r3
10004114:	d10d      	bne.n	10004132 <stdio_uart_in_chars+0x46>
10004116:	1c6c      	adds	r4, r5, #1
10004118:	1975      	adds	r5, r6, r5
1000411a:	466b      	mov	r3, sp
1000411c:	1dd8      	adds	r0, r3, #7
1000411e:	2900      	cmp	r1, #0
10004120:	d1ea      	bne.n	100040f8 <stdio_uart_in_chars+0xc>
10004122:	6993      	ldr	r3, [r2, #24]
10004124:	06db      	lsls	r3, r3, #27
10004126:	d4fc      	bmi.n	10004122 <stdio_uart_in_chars+0x36>
10004128:	6813      	ldr	r3, [r2, #0]
1000412a:	7003      	strb	r3, [r0, #0]
1000412c:	3101      	adds	r1, #1
1000412e:	3001      	adds	r0, #1
10004130:	e7f5      	b.n	1000411e <stdio_uart_in_chars+0x32>
10004132:	4b0c      	ldr	r3, [pc, #48]	; (10004164 <stdio_uart_in_chars+0x78>)
10004134:	681b      	ldr	r3, [r3, #0]
10004136:	2b00      	cmp	r3, #0
10004138:	d00a      	beq.n	10004150 <stdio_uart_in_chars+0x64>
1000413a:	4b09      	ldr	r3, [pc, #36]	; (10004160 <stdio_uart_in_chars+0x74>)
1000413c:	681b      	ldr	r3, [r3, #0]
1000413e:	2250      	movs	r2, #80	; 0x50
10004140:	639a      	str	r2, [r3, #56]	; 0x38
10004142:	6b59      	ldr	r1, [r3, #52]	; 0x34
10004144:	3a18      	subs	r2, #24
10004146:	400a      	ands	r2, r1
10004148:	4907      	ldr	r1, [pc, #28]	; (10004168 <stdio_uart_in_chars+0x7c>)
1000414a:	468c      	mov	ip, r1
1000414c:	4463      	add	r3, ip
1000414e:	601a      	str	r2, [r3, #0]
10004150:	2d00      	cmp	r5, #0
10004152:	d002      	beq.n	1000415a <stdio_uart_in_chars+0x6e>
10004154:	0028      	movs	r0, r5
10004156:	b003      	add	sp, #12
10004158:	bdf0      	pop	{r4, r5, r6, r7, pc}
1000415a:	3d03      	subs	r5, #3
1000415c:	e7fa      	b.n	10004154 <stdio_uart_in_chars+0x68>
1000415e:	46c0      	nop			; (mov r8, r8)
10004160:	20001d64 	.word	0x20001d64
10004164:	200016b4 	.word	0x200016b4
10004168:	00001034 	.word	0x00001034

1000416c <on_uart_rx>:
1000416c:	b510      	push	{r4, lr}
1000416e:	4b06      	ldr	r3, [pc, #24]	; (10004188 <on_uart_rx+0x1c>)
10004170:	681b      	ldr	r3, [r3, #0]
10004172:	2b00      	cmp	r3, #0
10004174:	d006      	beq.n	10004184 <on_uart_rx+0x18>
10004176:	4a05      	ldr	r2, [pc, #20]	; (1000418c <on_uart_rx+0x20>)
10004178:	6812      	ldr	r2, [r2, #0]
1000417a:	2100      	movs	r1, #0
1000417c:	6391      	str	r1, [r2, #56]	; 0x38
1000417e:	4a04      	ldr	r2, [pc, #16]	; (10004190 <on_uart_rx+0x24>)
10004180:	6810      	ldr	r0, [r2, #0]
10004182:	4798      	blx	r3
10004184:	bd10      	pop	{r4, pc}
10004186:	46c0      	nop			; (mov r8, r8)
10004188:	200016b4 	.word	0x200016b4
1000418c:	20001d64 	.word	0x20001d64
10004190:	200016bc 	.word	0x200016bc

10004194 <stdio_uart_out_flush>:
10004194:	4b02      	ldr	r3, [pc, #8]	; (100041a0 <stdio_uart_out_flush+0xc>)
10004196:	699b      	ldr	r3, [r3, #24]
10004198:	071b      	lsls	r3, r3, #28
1000419a:	d4fb      	bmi.n	10004194 <stdio_uart_out_flush>
1000419c:	4770      	bx	lr
1000419e:	46c0      	nop			; (mov r8, r8)
100041a0:	40034000 	.word	0x40034000

100041a4 <stdio_uart_set_chars_available_callback>:
100041a4:	b570      	push	{r4, r5, r6, lr}
100041a6:	0004      	movs	r4, r0
100041a8:	000d      	movs	r5, r1
100041aa:	4b1c      	ldr	r3, [pc, #112]	; (1000421c <stdio_uart_set_chars_available_callback+0x78>)
100041ac:	681b      	ldr	r3, [r3, #0]
100041ae:	4a1c      	ldr	r2, [pc, #112]	; (10004220 <stdio_uart_set_chars_available_callback+0x7c>)
100041b0:	4293      	cmp	r3, r2
100041b2:	d00d      	beq.n	100041d0 <stdio_uart_set_chars_available_callback+0x2c>
100041b4:	2614      	movs	r6, #20
100041b6:	2c00      	cmp	r4, #0
100041b8:	d003      	beq.n	100041c2 <stdio_uart_set_chars_available_callback+0x1e>
100041ba:	4a1a      	ldr	r2, [pc, #104]	; (10004224 <stdio_uart_set_chars_available_callback+0x80>)
100041bc:	6812      	ldr	r2, [r2, #0]
100041be:	2a00      	cmp	r2, #0
100041c0:	d008      	beq.n	100041d4 <stdio_uart_set_chars_available_callback+0x30>
100041c2:	2c00      	cmp	r4, #0
100041c4:	d01a      	beq.n	100041fc <stdio_uart_set_chars_available_callback+0x58>
100041c6:	4b17      	ldr	r3, [pc, #92]	; (10004224 <stdio_uart_set_chars_available_callback+0x80>)
100041c8:	601c      	str	r4, [r3, #0]
100041ca:	4b17      	ldr	r3, [pc, #92]	; (10004228 <stdio_uart_set_chars_available_callback+0x84>)
100041cc:	601d      	str	r5, [r3, #0]
100041ce:	bd70      	pop	{r4, r5, r6, pc}
100041d0:	2615      	movs	r6, #21
100041d2:	e7f0      	b.n	100041b6 <stdio_uart_set_chars_available_callback+0x12>
100041d4:	4915      	ldr	r1, [pc, #84]	; (1000422c <stdio_uart_set_chars_available_callback+0x88>)
100041d6:	0030      	movs	r0, r6
100041d8:	f7fc fb64 	bl	100008a4 <irq_set_exclusive_handler>
100041dc:	2101      	movs	r1, #1
100041de:	0030      	movs	r0, r6
100041e0:	f7fc fb34 	bl	1000084c <irq_set_enabled>
100041e4:	4b0d      	ldr	r3, [pc, #52]	; (1000421c <stdio_uart_set_chars_available_callback+0x78>)
100041e6:	681b      	ldr	r3, [r3, #0]
100041e8:	2250      	movs	r2, #80	; 0x50
100041ea:	639a      	str	r2, [r3, #56]	; 0x38
100041ec:	6b59      	ldr	r1, [r3, #52]	; 0x34
100041ee:	3a18      	subs	r2, #24
100041f0:	400a      	ands	r2, r1
100041f2:	490f      	ldr	r1, [pc, #60]	; (10004230 <stdio_uart_set_chars_available_callback+0x8c>)
100041f4:	468c      	mov	ip, r1
100041f6:	4463      	add	r3, ip
100041f8:	601a      	str	r2, [r3, #0]
100041fa:	e7e4      	b.n	100041c6 <stdio_uart_set_chars_available_callback+0x22>
100041fc:	4a09      	ldr	r2, [pc, #36]	; (10004224 <stdio_uart_set_chars_available_callback+0x80>)
100041fe:	6812      	ldr	r2, [r2, #0]
10004200:	2a00      	cmp	r2, #0
10004202:	d0e0      	beq.n	100041c6 <stdio_uart_set_chars_available_callback+0x22>
10004204:	2200      	movs	r2, #0
10004206:	639a      	str	r2, [r3, #56]	; 0x38
10004208:	2100      	movs	r1, #0
1000420a:	0030      	movs	r0, r6
1000420c:	f7fc fb1e 	bl	1000084c <irq_set_enabled>
10004210:	4906      	ldr	r1, [pc, #24]	; (1000422c <stdio_uart_set_chars_available_callback+0x88>)
10004212:	0030      	movs	r0, r6
10004214:	f7fc fc8c 	bl	10000b30 <irq_remove_handler>
10004218:	e7d5      	b.n	100041c6 <stdio_uart_set_chars_available_callback+0x22>
1000421a:	46c0      	nop			; (mov r8, r8)
1000421c:	20001d64 	.word	0x20001d64
10004220:	40038000 	.word	0x40038000
10004224:	200016b4 	.word	0x200016b4
10004228:	200016bc 	.word	0x200016bc
1000422c:	1000416d 	.word	0x1000416d
10004230:	00001034 	.word	0x00001034

10004234 <stdio_uart_init_full>:
10004234:	b570      	push	{r4, r5, r6, lr}
10004236:	000d      	movs	r5, r1
10004238:	001c      	movs	r4, r3
1000423a:	4b0d      	ldr	r3, [pc, #52]	; (10004270 <stdio_uart_init_full+0x3c>)
1000423c:	6018      	str	r0, [r3, #0]
1000423e:	2a00      	cmp	r2, #0
10004240:	da0b      	bge.n	1000425a <stdio_uart_init_full+0x26>
10004242:	2c00      	cmp	r4, #0
10004244:	da0e      	bge.n	10004264 <stdio_uart_init_full+0x30>
10004246:	4b0a      	ldr	r3, [pc, #40]	; (10004270 <stdio_uart_init_full+0x3c>)
10004248:	6818      	ldr	r0, [r3, #0]
1000424a:	0029      	movs	r1, r5
1000424c:	f7fd fab0 	bl	100017b0 <uart_init>
10004250:	2101      	movs	r1, #1
10004252:	4808      	ldr	r0, [pc, #32]	; (10004274 <stdio_uart_init_full+0x40>)
10004254:	f7ff fea8 	bl	10003fa8 <stdio_set_driver_enabled>
10004258:	bd70      	pop	{r4, r5, r6, pc}
1000425a:	2102      	movs	r1, #2
1000425c:	0010      	movs	r0, r2
1000425e:	f7fc f955 	bl	1000050c <gpio_set_function>
10004262:	e7ee      	b.n	10004242 <stdio_uart_init_full+0xe>
10004264:	2102      	movs	r1, #2
10004266:	0020      	movs	r0, r4
10004268:	f7fc f950 	bl	1000050c <gpio_set_function>
1000426c:	e7eb      	b.n	10004246 <stdio_uart_init_full+0x12>
1000426e:	46c0      	nop			; (mov r8, r8)
10004270:	20001d64 	.word	0x20001d64
10004274:	20000c80 	.word	0x20000c80

10004278 <stdio_uart_init>:
10004278:	b510      	push	{r4, lr}
1000427a:	4b07      	ldr	r3, [pc, #28]	; (10004298 <stdio_uart_init+0x20>)
1000427c:	781b      	ldrb	r3, [r3, #0]
1000427e:	4b07      	ldr	r3, [pc, #28]	; (1000429c <stdio_uart_init+0x24>)
10004280:	781b      	ldrb	r3, [r3, #0]
10004282:	4b07      	ldr	r3, [pc, #28]	; (100042a0 <stdio_uart_init+0x28>)
10004284:	781b      	ldrb	r3, [r3, #0]
10004286:	21e1      	movs	r1, #225	; 0xe1
10004288:	2301      	movs	r3, #1
1000428a:	2200      	movs	r2, #0
1000428c:	0249      	lsls	r1, r1, #9
1000428e:	4805      	ldr	r0, [pc, #20]	; (100042a4 <stdio_uart_init+0x2c>)
10004290:	f7ff ffd0 	bl	10004234 <stdio_uart_init_full>
10004294:	bd10      	pop	{r4, pc}
10004296:	46c0      	nop			; (mov r8, r8)
10004298:	100084e4 	.word	0x100084e4
1000429c:	100084e8 	.word	0x100084e8
100042a0:	100084ec 	.word	0x100084ec
100042a4:	40034000 	.word	0x40034000

100042a8 <resetd_init>:
100042a8:	4770      	bx	lr
	...

100042ac <resetd_reset>:
100042ac:	4b01      	ldr	r3, [pc, #4]	; (100042b4 <resetd_reset+0x8>)
100042ae:	2200      	movs	r2, #0
100042b0:	701a      	strb	r2, [r3, #0]
100042b2:	4770      	bx	lr
100042b4:	20001d81 	.word	0x20001d81

100042b8 <resetd_open>:
100042b8:	794b      	ldrb	r3, [r1, #5]
100042ba:	2bff      	cmp	r3, #255	; 0xff
100042bc:	d10c      	bne.n	100042d8 <resetd_open+0x20>
100042be:	798b      	ldrb	r3, [r1, #6]
100042c0:	2b00      	cmp	r3, #0
100042c2:	d10b      	bne.n	100042dc <resetd_open+0x24>
100042c4:	79cb      	ldrb	r3, [r1, #7]
100042c6:	2b01      	cmp	r3, #1
100042c8:	d10a      	bne.n	100042e0 <resetd_open+0x28>
100042ca:	2a08      	cmp	r2, #8
100042cc:	d90a      	bls.n	100042e4 <resetd_open+0x2c>
100042ce:	788a      	ldrb	r2, [r1, #2]
100042d0:	4b05      	ldr	r3, [pc, #20]	; (100042e8 <resetd_open+0x30>)
100042d2:	701a      	strb	r2, [r3, #0]
100042d4:	2009      	movs	r0, #9
100042d6:	e000      	b.n	100042da <resetd_open+0x22>
100042d8:	2000      	movs	r0, #0
100042da:	4770      	bx	lr
100042dc:	2000      	movs	r0, #0
100042de:	e7fc      	b.n	100042da <resetd_open+0x22>
100042e0:	2000      	movs	r0, #0
100042e2:	e7fa      	b.n	100042da <resetd_open+0x22>
100042e4:	2000      	movs	r0, #0
100042e6:	e7f8      	b.n	100042da <resetd_open+0x22>
100042e8:	20001d81 	.word	0x20001d81

100042ec <resetd_xfer_cb>:
100042ec:	2001      	movs	r0, #1
100042ee:	4770      	bx	lr

100042f0 <resetd_control_xfer_cb>:
100042f0:	b510      	push	{r4, lr}
100042f2:	2901      	cmp	r1, #1
100042f4:	d126      	bne.n	10004344 <resetd_control_xfer_cb+0x54>
100042f6:	7911      	ldrb	r1, [r2, #4]
100042f8:	7953      	ldrb	r3, [r2, #5]
100042fa:	021b      	lsls	r3, r3, #8
100042fc:	430b      	orrs	r3, r1
100042fe:	4912      	ldr	r1, [pc, #72]	; (10004348 <resetd_control_xfer_cb+0x58>)
10004300:	7809      	ldrb	r1, [r1, #0]
10004302:	428b      	cmp	r3, r1
10004304:	d001      	beq.n	1000430a <resetd_control_xfer_cb+0x1a>
10004306:	2000      	movs	r0, #0
10004308:	e01d      	b.n	10004346 <resetd_control_xfer_cb+0x56>
1000430a:	7853      	ldrb	r3, [r2, #1]
1000430c:	2b01      	cmp	r3, #1
1000430e:	d003      	beq.n	10004318 <resetd_control_xfer_cb+0x28>
10004310:	2b02      	cmp	r3, #2
10004312:	d010      	beq.n	10004336 <resetd_control_xfer_cb+0x46>
10004314:	2000      	movs	r0, #0
10004316:	e016      	b.n	10004346 <resetd_control_xfer_cb+0x56>
10004318:	7891      	ldrb	r1, [r2, #2]
1000431a:	78d3      	ldrb	r3, [r2, #3]
1000431c:	021b      	lsls	r3, r3, #8
1000431e:	4319      	orrs	r1, r3
10004320:	05db      	lsls	r3, r3, #23
10004322:	d506      	bpl.n	10004332 <resetd_control_xfer_cb+0x42>
10004324:	0a4b      	lsrs	r3, r1, #9
10004326:	2001      	movs	r0, #1
10004328:	4098      	lsls	r0, r3
1000432a:	237f      	movs	r3, #127	; 0x7f
1000432c:	4019      	ands	r1, r3
1000432e:	f7fd fd33 	bl	10001d98 <rom_reset_usb_boot>
10004332:	2000      	movs	r0, #0
10004334:	e7f9      	b.n	1000432a <resetd_control_xfer_cb+0x3a>
10004336:	2264      	movs	r2, #100	; 0x64
10004338:	2100      	movs	r1, #0
1000433a:	2000      	movs	r0, #0
1000433c:	f7fd fbd8 	bl	10001af0 <watchdog_reboot>
10004340:	2001      	movs	r0, #1
10004342:	e000      	b.n	10004346 <resetd_control_xfer_cb+0x56>
10004344:	2001      	movs	r0, #1
10004346:	bd10      	pop	{r4, pc}
10004348:	20001d81 	.word	0x20001d81

1000434c <tud_descriptor_bos_cb>:
1000434c:	4800      	ldr	r0, [pc, #0]	; (10004350 <tud_descriptor_bos_cb+0x4>)
1000434e:	4770      	bx	lr
10004350:	10007ba4 	.word	0x10007ba4

10004354 <tud_vendor_control_xfer_cb>:
10004354:	b510      	push	{r4, lr}
10004356:	0014      	movs	r4, r2
10004358:	2901      	cmp	r1, #1
1000435a:	d110      	bne.n	1000437e <tud_vendor_control_xfer_cb+0x2a>
1000435c:	7853      	ldrb	r3, [r2, #1]
1000435e:	2b01      	cmp	r3, #1
10004360:	d10f      	bne.n	10004382 <tud_vendor_control_xfer_cb+0x2e>
10004362:	7912      	ldrb	r2, [r2, #4]
10004364:	7963      	ldrb	r3, [r4, #5]
10004366:	021b      	lsls	r3, r3, #8
10004368:	4313      	orrs	r3, r2
1000436a:	2b07      	cmp	r3, #7
1000436c:	d001      	beq.n	10004372 <tud_vendor_control_xfer_cb+0x1e>
1000436e:	2000      	movs	r0, #0
10004370:	e006      	b.n	10004380 <tud_vendor_control_xfer_cb+0x2c>
10004372:	339f      	adds	r3, #159	; 0x9f
10004374:	4a04      	ldr	r2, [pc, #16]	; (10004388 <tud_vendor_control_xfer_cb+0x34>)
10004376:	0021      	movs	r1, r4
10004378:	f001 fb2a 	bl	100059d0 <tud_control_xfer>
1000437c:	e000      	b.n	10004380 <tud_vendor_control_xfer_cb+0x2c>
1000437e:	2001      	movs	r0, #1
10004380:	bd10      	pop	{r4, pc}
10004382:	2000      	movs	r0, #0
10004384:	e7fc      	b.n	10004380 <tud_vendor_control_xfer_cb+0x2c>
10004386:	46c0      	nop			; (mov r8, r8)
10004388:	10007bc8 	.word	0x10007bc8

1000438c <usbd_app_driver_get_cb>:
1000438c:	2301      	movs	r3, #1
1000438e:	7003      	strb	r3, [r0, #0]
10004390:	4800      	ldr	r0, [pc, #0]	; (10004394 <usbd_app_driver_get_cb+0x8>)
10004392:	4770      	bx	lr
10004394:	10007b84 	.word	0x10007b84

10004398 <tud_cdc_line_coding_cb>:
10004398:	b510      	push	{r4, lr}
1000439a:	780b      	ldrb	r3, [r1, #0]
1000439c:	7848      	ldrb	r0, [r1, #1]
1000439e:	0200      	lsls	r0, r0, #8
100043a0:	4318      	orrs	r0, r3
100043a2:	788a      	ldrb	r2, [r1, #2]
100043a4:	0412      	lsls	r2, r2, #16
100043a6:	4310      	orrs	r0, r2
100043a8:	78cb      	ldrb	r3, [r1, #3]
100043aa:	061b      	lsls	r3, r3, #24
100043ac:	4303      	orrs	r3, r0
100043ae:	2296      	movs	r2, #150	; 0x96
100043b0:	00d2      	lsls	r2, r2, #3
100043b2:	4293      	cmp	r3, r2
100043b4:	d000      	beq.n	100043b8 <tud_cdc_line_coding_cb+0x20>
100043b6:	bd10      	pop	{r4, pc}
100043b8:	2100      	movs	r1, #0
100043ba:	0008      	movs	r0, r1
100043bc:	f7fd fcec 	bl	10001d98 <rom_reset_usb_boot>

100043c0 <stdio_usb_set_chars_available_callback>:
100043c0:	4b02      	ldr	r3, [pc, #8]	; (100043cc <stdio_usb_set_chars_available_callback+0xc>)
100043c2:	6018      	str	r0, [r3, #0]
100043c4:	4b02      	ldr	r3, [pc, #8]	; (100043d0 <stdio_usb_set_chars_available_callback+0x10>)
100043c6:	6019      	str	r1, [r3, #0]
100043c8:	4770      	bx	lr
100043ca:	46c0      	nop			; (mov r8, r8)
100043cc:	200016b8 	.word	0x200016b8
100043d0:	200016c0 	.word	0x200016c0

100043d4 <stdio_usb_out_flush>:
100043d4:	b510      	push	{r4, lr}
100043d6:	f7fd f959 	bl	1000168c <time_us_64>
100043da:	4a0e      	ldr	r2, [pc, #56]	; (10004414 <stdio_usb_out_flush+0x40>)
100043dc:	2300      	movs	r3, #0
100043de:	1812      	adds	r2, r2, r0
100043e0:	414b      	adcs	r3, r1
100043e2:	2b00      	cmp	r3, #0
100043e4:	db12      	blt.n	1000440c <stdio_usb_out_flush+0x38>
100043e6:	480c      	ldr	r0, [pc, #48]	; (10004418 <stdio_usb_out_flush+0x44>)
100043e8:	f002 fd56 	bl	10006e98 <__mutex_try_enter_block_until_veneer>
100043ec:	2800      	cmp	r0, #0
100043ee:	d00c      	beq.n	1000440a <stdio_usb_out_flush+0x36>
100043f0:	2001      	movs	r0, #1
100043f2:	2100      	movs	r1, #0
100043f4:	4240      	negs	r0, r0
100043f6:	f001 f9b3 	bl	10005760 <tud_task_ext>
100043fa:	2000      	movs	r0, #0
100043fc:	f001 fc58 	bl	10005cb0 <tud_cdc_n_write_flush>
10004400:	2800      	cmp	r0, #0
10004402:	d1f5      	bne.n	100043f0 <stdio_usb_out_flush+0x1c>
10004404:	4804      	ldr	r0, [pc, #16]	; (10004418 <stdio_usb_out_flush+0x44>)
10004406:	f002 fd0f 	bl	10006e28 <__mutex_exit_veneer>
1000440a:	bd10      	pop	{r4, pc}
1000440c:	2201      	movs	r2, #1
1000440e:	4252      	negs	r2, r2
10004410:	4b02      	ldr	r3, [pc, #8]	; (1000441c <stdio_usb_out_flush+0x48>)
10004412:	e7e8      	b.n	100043e6 <stdio_usb_out_flush+0x12>
10004414:	000f4240 	.word	0x000f4240
10004418:	20001d58 	.word	0x20001d58
1000441c:	7fffffff 	.word	0x7fffffff

10004420 <usb_irq>:
10004420:	b510      	push	{r4, lr}
10004422:	4b02      	ldr	r3, [pc, #8]	; (1000442c <usb_irq+0xc>)
10004424:	7818      	ldrb	r0, [r3, #0]
10004426:	f7fc fa1b 	bl	10000860 <irq_set_pending>
1000442a:	bd10      	pop	{r4, pc}
1000442c:	20001d82 	.word	0x20001d82

10004430 <low_priority_worker_irq>:
10004430:	b510      	push	{r4, lr}
10004432:	b084      	sub	sp, #16
10004434:	2100      	movs	r1, #0
10004436:	482b      	ldr	r0, [pc, #172]	; (100044e4 <low_priority_worker_irq+0xb4>)
10004438:	f002 fd1e 	bl	10006e78 <__mutex_try_enter_veneer>
1000443c:	2800      	cmp	r0, #0
1000443e:	d121      	bne.n	10004484 <low_priority_worker_irq+0x54>
10004440:	4b29      	ldr	r3, [pc, #164]	; (100044e8 <low_priority_worker_irq+0xb8>)
10004442:	681b      	ldr	r3, [r3, #0]
10004444:	2b00      	cmp	r3, #0
10004446:	d01b      	beq.n	10004480 <low_priority_worker_irq+0x50>
10004448:	4b27      	ldr	r3, [pc, #156]	; (100044e8 <low_priority_worker_irq+0xb8>)
1000444a:	6819      	ldr	r1, [r3, #0]
1000444c:	f3ef 8210 	mrs	r2, PRIMASK
10004450:	b672      	cpsid	i
10004452:	680b      	ldr	r3, [r1, #0]
10004454:	2b00      	cmp	r3, #0
10004456:	d0fc      	beq.n	10004452 <low_priority_worker_irq+0x22>
10004458:	f3bf 8f5f 	dmb	sy
1000445c:	4922      	ldr	r1, [pc, #136]	; (100044e8 <low_priority_worker_irq+0xb8>)
1000445e:	604a      	str	r2, [r1, #4]
10004460:	4822      	ldr	r0, [pc, #136]	; (100044ec <low_priority_worker_irq+0xbc>)
10004462:	7803      	ldrb	r3, [r0, #0]
10004464:	2401      	movs	r4, #1
10004466:	4063      	eors	r3, r4
10004468:	b2db      	uxtb	r3, r3
1000446a:	2401      	movs	r4, #1
1000446c:	7004      	strb	r4, [r0, #0]
1000446e:	6809      	ldr	r1, [r1, #0]
10004470:	f3bf 8f5f 	dmb	sy
10004474:	2000      	movs	r0, #0
10004476:	6008      	str	r0, [r1, #0]
10004478:	f382 8810 	msr	PRIMASK, r2
1000447c:	2b00      	cmp	r3, #0
1000447e:	d117      	bne.n	100044b0 <low_priority_worker_irq+0x80>
10004480:	b004      	add	sp, #16
10004482:	bd10      	pop	{r4, pc}
10004484:	2001      	movs	r0, #1
10004486:	2100      	movs	r1, #0
10004488:	4240      	negs	r0, r0
1000448a:	f001 f969 	bl	10005760 <tud_task_ext>
1000448e:	2000      	movs	r0, #0
10004490:	f001 fbe6 	bl	10005c60 <tud_cdc_n_available>
10004494:	0004      	movs	r4, r0
10004496:	4813      	ldr	r0, [pc, #76]	; (100044e4 <low_priority_worker_irq+0xb4>)
10004498:	f002 fcc6 	bl	10006e28 <__mutex_exit_veneer>
1000449c:	2c00      	cmp	r4, #0
1000449e:	d0ef      	beq.n	10004480 <low_priority_worker_irq+0x50>
100044a0:	4b13      	ldr	r3, [pc, #76]	; (100044f0 <low_priority_worker_irq+0xc0>)
100044a2:	681b      	ldr	r3, [r3, #0]
100044a4:	2b00      	cmp	r3, #0
100044a6:	d0eb      	beq.n	10004480 <low_priority_worker_irq+0x50>
100044a8:	4a12      	ldr	r2, [pc, #72]	; (100044f4 <low_priority_worker_irq+0xc4>)
100044aa:	6810      	ldr	r0, [r2, #0]
100044ac:	4798      	blx	r3
100044ae:	e7e7      	b.n	10004480 <low_priority_worker_irq+0x50>
100044b0:	f7fc feda 	bl	10001268 <alarm_pool_get_default>
100044b4:	0004      	movs	r4, r0
100044b6:	f7fd f8e9 	bl	1000168c <time_us_64>
100044ba:	22fa      	movs	r2, #250	; 0xfa
100044bc:	0092      	lsls	r2, r2, #2
100044be:	2300      	movs	r3, #0
100044c0:	1812      	adds	r2, r2, r0
100044c2:	414b      	adcs	r3, r1
100044c4:	2b00      	cmp	r3, #0
100044c6:	db09      	blt.n	100044dc <low_priority_worker_irq+0xac>
100044c8:	2101      	movs	r1, #1
100044ca:	9102      	str	r1, [sp, #8]
100044cc:	2100      	movs	r1, #0
100044ce:	9101      	str	r1, [sp, #4]
100044d0:	4909      	ldr	r1, [pc, #36]	; (100044f8 <low_priority_worker_irq+0xc8>)
100044d2:	9100      	str	r1, [sp, #0]
100044d4:	0020      	movs	r0, r4
100044d6:	f7fc ff35 	bl	10001344 <alarm_pool_add_alarm_at>
100044da:	e7d1      	b.n	10004480 <low_priority_worker_irq+0x50>
100044dc:	2201      	movs	r2, #1
100044de:	4252      	negs	r2, r2
100044e0:	4b06      	ldr	r3, [pc, #24]	; (100044fc <low_priority_worker_irq+0xcc>)
100044e2:	e7f1      	b.n	100044c8 <low_priority_worker_irq+0x98>
100044e4:	20001d58 	.word	0x20001d58
100044e8:	20001b30 	.word	0x20001b30
100044ec:	20001d83 	.word	0x20001d83
100044f0:	200016b8 	.word	0x200016b8
100044f4:	200016c0 	.word	0x200016c0
100044f8:	10004501 	.word	0x10004501
100044fc:	7fffffff 	.word	0x7fffffff

10004500 <timer_task>:
10004500:	b570      	push	{r4, r5, r6, lr}
10004502:	4b17      	ldr	r3, [pc, #92]	; (10004560 <timer_task+0x60>)
10004504:	681b      	ldr	r3, [r3, #0]
10004506:	2b00      	cmp	r3, #0
10004508:	d021      	beq.n	1000454e <timer_task+0x4e>
1000450a:	4b15      	ldr	r3, [pc, #84]	; (10004560 <timer_task+0x60>)
1000450c:	6819      	ldr	r1, [r3, #0]
1000450e:	f3ef 8310 	mrs	r3, PRIMASK
10004512:	b672      	cpsid	i
10004514:	680a      	ldr	r2, [r1, #0]
10004516:	2a00      	cmp	r2, #0
10004518:	d0fc      	beq.n	10004514 <timer_task+0x14>
1000451a:	f3bf 8f5f 	dmb	sy
1000451e:	4910      	ldr	r1, [pc, #64]	; (10004560 <timer_task+0x60>)
10004520:	604b      	str	r3, [r1, #4]
10004522:	2200      	movs	r2, #0
10004524:	480f      	ldr	r0, [pc, #60]	; (10004564 <timer_task+0x64>)
10004526:	7002      	strb	r2, [r0, #0]
10004528:	6809      	ldr	r1, [r1, #0]
1000452a:	f3bf 8f5f 	dmb	sy
1000452e:	600a      	str	r2, [r1, #0]
10004530:	f383 8810 	msr	PRIMASK, r3
10004534:	2400      	movs	r4, #0
10004536:	2500      	movs	r5, #0
10004538:	4b0b      	ldr	r3, [pc, #44]	; (10004568 <timer_task+0x68>)
1000453a:	7818      	ldrb	r0, [r3, #0]
1000453c:	f7fc f96c 	bl	10000818 <irq_is_enabled>
10004540:	2800      	cmp	r0, #0
10004542:	d108      	bne.n	10004556 <timer_task+0x56>
10004544:	2400      	movs	r4, #0
10004546:	2500      	movs	r5, #0
10004548:	0020      	movs	r0, r4
1000454a:	0029      	movs	r1, r5
1000454c:	bd70      	pop	{r4, r5, r6, pc}
1000454e:	24fa      	movs	r4, #250	; 0xfa
10004550:	00a4      	lsls	r4, r4, #2
10004552:	2500      	movs	r5, #0
10004554:	e7f0      	b.n	10004538 <timer_task+0x38>
10004556:	4b04      	ldr	r3, [pc, #16]	; (10004568 <timer_task+0x68>)
10004558:	7818      	ldrb	r0, [r3, #0]
1000455a:	f7fc f981 	bl	10000860 <irq_set_pending>
1000455e:	e7f3      	b.n	10004548 <timer_task+0x48>
10004560:	20001b30 	.word	0x20001b30
10004564:	20001d83 	.word	0x20001d83
10004568:	20001d82 	.word	0x20001d82

1000456c <stdio_usb_init>:
1000456c:	b510      	push	{r4, lr}
1000456e:	b084      	sub	sp, #16
10004570:	23d0      	movs	r3, #208	; 0xd0
10004572:	061b      	lsls	r3, r3, #24
10004574:	681c      	ldr	r4, [r3, #0]
10004576:	f7fc fe77 	bl	10001268 <alarm_pool_get_default>
1000457a:	f7fc ff3d 	bl	100013f8 <alarm_pool_core_num>
1000457e:	42a0      	cmp	r0, r4
10004580:	d12c      	bne.n	100045dc <stdio_usb_init+0x70>
10004582:	4b2d      	ldr	r3, [pc, #180]	; (10004638 <stdio_usb_init+0xcc>)
10004584:	781b      	ldrb	r3, [r3, #0]
10004586:	f002 f891 	bl	100066ac <tusb_init>
1000458a:	4b2c      	ldr	r3, [pc, #176]	; (1000463c <stdio_usb_init+0xd0>)
1000458c:	681b      	ldr	r3, [r3, #0]
1000458e:	2b00      	cmp	r3, #0
10004590:	d02a      	beq.n	100045e8 <stdio_usb_init+0x7c>
10004592:	2001      	movs	r0, #1
10004594:	f7fc fc1e 	bl	10000dd4 <user_irq_claim_unused>
10004598:	b2c0      	uxtb	r0, r0
1000459a:	4c29      	ldr	r4, [pc, #164]	; (10004640 <stdio_usb_init+0xd4>)
1000459c:	7020      	strb	r0, [r4, #0]
1000459e:	4929      	ldr	r1, [pc, #164]	; (10004644 <stdio_usb_init+0xd8>)
100045a0:	f7fc f980 	bl	100008a4 <irq_set_exclusive_handler>
100045a4:	7820      	ldrb	r0, [r4, #0]
100045a6:	2101      	movs	r1, #1
100045a8:	f7fc f950 	bl	1000084c <irq_set_enabled>
100045ac:	2005      	movs	r0, #5
100045ae:	f7fc f967 	bl	10000880 <irq_has_shared_handler>
100045b2:	1e04      	subs	r4, r0, #0
100045b4:	d01c      	beq.n	100045f0 <stdio_usb_init+0x84>
100045b6:	2001      	movs	r0, #1
100045b8:	f7fc f8a2 	bl	10000700 <spin_lock_claim_unused>
100045bc:	0001      	movs	r1, r0
100045be:	4822      	ldr	r0, [pc, #136]	; (10004648 <stdio_usb_init+0xdc>)
100045c0:	f7fc fc66 	bl	10000e90 <critical_section_init_with_lock_num>
100045c4:	2200      	movs	r2, #0
100045c6:	4921      	ldr	r1, [pc, #132]	; (1000464c <stdio_usb_init+0xe0>)
100045c8:	2005      	movs	r0, #5
100045ca:	f7fc f995 	bl	100008f8 <irq_add_shared_handler>
100045ce:	2101      	movs	r1, #1
100045d0:	481f      	ldr	r0, [pc, #124]	; (10004650 <stdio_usb_init+0xe4>)
100045d2:	f7ff fce9 	bl	10003fa8 <stdio_set_driver_enabled>
100045d6:	0020      	movs	r0, r4
100045d8:	b004      	add	sp, #16
100045da:	bd10      	pop	{r4, pc}
100045dc:	4b1d      	ldr	r3, [pc, #116]	; (10004654 <stdio_usb_init+0xe8>)
100045de:	4a1e      	ldr	r2, [pc, #120]	; (10004658 <stdio_usb_init+0xec>)
100045e0:	21c1      	movs	r1, #193	; 0xc1
100045e2:	481e      	ldr	r0, [pc, #120]	; (1000465c <stdio_usb_init+0xf0>)
100045e4:	f7ff fbca 	bl	10003d7c <__assert_func>
100045e8:	4814      	ldr	r0, [pc, #80]	; (1000463c <stdio_usb_init+0xd0>)
100045ea:	f7fc fc0f 	bl	10000e0c <mutex_init>
100045ee:	e7d0      	b.n	10004592 <stdio_usb_init+0x26>
100045f0:	2208      	movs	r2, #8
100045f2:	2100      	movs	r1, #0
100045f4:	4814      	ldr	r0, [pc, #80]	; (10004648 <stdio_usb_init+0xdc>)
100045f6:	f7fe faf7 	bl	10002be8 <__wrap_memset>
100045fa:	f7fc fe35 	bl	10001268 <alarm_pool_get_default>
100045fe:	0004      	movs	r4, r0
10004600:	f7fd f844 	bl	1000168c <time_us_64>
10004604:	22fa      	movs	r2, #250	; 0xfa
10004606:	0092      	lsls	r2, r2, #2
10004608:	2300      	movs	r3, #0
1000460a:	1812      	adds	r2, r2, r0
1000460c:	414b      	adcs	r3, r1
1000460e:	2b00      	cmp	r3, #0
10004610:	db0d      	blt.n	1000462e <stdio_usb_init+0xc2>
10004612:	2101      	movs	r1, #1
10004614:	9102      	str	r1, [sp, #8]
10004616:	2100      	movs	r1, #0
10004618:	9101      	str	r1, [sp, #4]
1000461a:	4911      	ldr	r1, [pc, #68]	; (10004660 <stdio_usb_init+0xf4>)
1000461c:	9100      	str	r1, [sp, #0]
1000461e:	0020      	movs	r0, r4
10004620:	f7fc fe90 	bl	10001344 <alarm_pool_add_alarm_at>
10004624:	43c0      	mvns	r0, r0
10004626:	0fc4      	lsrs	r4, r0, #31
10004628:	2800      	cmp	r0, #0
1000462a:	dad4      	bge.n	100045d6 <stdio_usb_init+0x6a>
1000462c:	e7cf      	b.n	100045ce <stdio_usb_init+0x62>
1000462e:	2201      	movs	r2, #1
10004630:	4252      	negs	r2, r2
10004632:	4b0c      	ldr	r3, [pc, #48]	; (10004664 <stdio_usb_init+0xf8>)
10004634:	e7ed      	b.n	10004612 <stdio_usb_init+0xa6>
10004636:	46c0      	nop			; (mov r8, r8)
10004638:	100084f0 	.word	0x100084f0
1000463c:	20001d58 	.word	0x20001d58
10004640:	20001d82 	.word	0x20001d82
10004644:	10004431 	.word	0x10004431
10004648:	20001b30 	.word	0x20001b30
1000464c:	10004421 	.word	0x10004421
10004650:	20000c98 	.word	0x20000c98
10004654:	10007280 	.word	0x10007280
10004658:	10007ce4 	.word	0x10007ce4
1000465c:	10007c70 	.word	0x10007c70
10004660:	10004501 	.word	0x10004501
10004664:	7fffffff 	.word	0x7fffffff

10004668 <stdio_usb_connected>:
10004668:	b510      	push	{r4, lr}
1000466a:	2000      	movs	r0, #0
1000466c:	f001 fad6 	bl	10005c1c <tud_cdc_n_connected>
10004670:	bd10      	pop	{r4, pc}
	...

10004674 <stdio_usb_in_chars>:
10004674:	b570      	push	{r4, r5, r6, lr}
10004676:	0005      	movs	r5, r0
10004678:	000c      	movs	r4, r1
1000467a:	f7ff fff5 	bl	10004668 <stdio_usb_connected>
1000467e:	2800      	cmp	r0, #0
10004680:	d034      	beq.n	100046ec <stdio_usb_in_chars+0x78>
10004682:	2000      	movs	r0, #0
10004684:	f001 faec 	bl	10005c60 <tud_cdc_n_available>
10004688:	2800      	cmp	r0, #0
1000468a:	d032      	beq.n	100046f2 <stdio_usb_in_chars+0x7e>
1000468c:	f7fc fffe 	bl	1000168c <time_us_64>
10004690:	4a1b      	ldr	r2, [pc, #108]	; (10004700 <stdio_usb_in_chars+0x8c>)
10004692:	2300      	movs	r3, #0
10004694:	1812      	adds	r2, r2, r0
10004696:	414b      	adcs	r3, r1
10004698:	2b00      	cmp	r3, #0
1000469a:	db19      	blt.n	100046d0 <stdio_usb_in_chars+0x5c>
1000469c:	4819      	ldr	r0, [pc, #100]	; (10004704 <stdio_usb_in_chars+0x90>)
1000469e:	f002 fbfb 	bl	10006e98 <__mutex_try_enter_block_until_veneer>
100046a2:	2800      	cmp	r0, #0
100046a4:	d028      	beq.n	100046f8 <stdio_usb_in_chars+0x84>
100046a6:	f7ff ffdf 	bl	10004668 <stdio_usb_connected>
100046aa:	2800      	cmp	r0, #0
100046ac:	d004      	beq.n	100046b8 <stdio_usb_in_chars+0x44>
100046ae:	2000      	movs	r0, #0
100046b0:	f001 fad6 	bl	10005c60 <tud_cdc_n_available>
100046b4:	2800      	cmp	r0, #0
100046b6:	d10f      	bne.n	100046d8 <stdio_usb_in_chars+0x64>
100046b8:	2001      	movs	r0, #1
100046ba:	2100      	movs	r1, #0
100046bc:	4240      	negs	r0, r0
100046be:	f001 f84f 	bl	10005760 <tud_task_ext>
100046c2:	2403      	movs	r4, #3
100046c4:	4264      	negs	r4, r4
100046c6:	480f      	ldr	r0, [pc, #60]	; (10004704 <stdio_usb_in_chars+0x90>)
100046c8:	f002 fbae 	bl	10006e28 <__mutex_exit_veneer>
100046cc:	0020      	movs	r0, r4
100046ce:	bd70      	pop	{r4, r5, r6, pc}
100046d0:	2201      	movs	r2, #1
100046d2:	4252      	negs	r2, r2
100046d4:	4b0c      	ldr	r3, [pc, #48]	; (10004708 <stdio_usb_in_chars+0x94>)
100046d6:	e7e1      	b.n	1000469c <stdio_usb_in_chars+0x28>
100046d8:	0022      	movs	r2, r4
100046da:	0029      	movs	r1, r5
100046dc:	2000      	movs	r0, #0
100046de:	f001 facb 	bl	10005c78 <tud_cdc_n_read>
100046e2:	1e04      	subs	r4, r0, #0
100046e4:	d1ef      	bne.n	100046c6 <stdio_usb_in_chars+0x52>
100046e6:	2403      	movs	r4, #3
100046e8:	4264      	negs	r4, r4
100046ea:	e7ec      	b.n	100046c6 <stdio_usb_in_chars+0x52>
100046ec:	2403      	movs	r4, #3
100046ee:	4264      	negs	r4, r4
100046f0:	e7ec      	b.n	100046cc <stdio_usb_in_chars+0x58>
100046f2:	2403      	movs	r4, #3
100046f4:	4264      	negs	r4, r4
100046f6:	e7e9      	b.n	100046cc <stdio_usb_in_chars+0x58>
100046f8:	2403      	movs	r4, #3
100046fa:	4264      	negs	r4, r4
100046fc:	e7e6      	b.n	100046cc <stdio_usb_in_chars+0x58>
100046fe:	46c0      	nop			; (mov r8, r8)
10004700:	000f4240 	.word	0x000f4240
10004704:	20001d58 	.word	0x20001d58
10004708:	7fffffff 	.word	0x7fffffff

1000470c <stdio_usb_out_chars>:
1000470c:	b5f0      	push	{r4, r5, r6, r7, lr}
1000470e:	46c6      	mov	lr, r8
10004710:	b500      	push	{lr}
10004712:	4680      	mov	r8, r0
10004714:	000c      	movs	r4, r1
10004716:	f7fc ffb9 	bl	1000168c <time_us_64>
1000471a:	4a31      	ldr	r2, [pc, #196]	; (100047e0 <stdio_usb_out_chars+0xd4>)
1000471c:	2300      	movs	r3, #0
1000471e:	1812      	adds	r2, r2, r0
10004720:	414b      	adcs	r3, r1
10004722:	2b00      	cmp	r3, #0
10004724:	db07      	blt.n	10004736 <stdio_usb_out_chars+0x2a>
10004726:	482f      	ldr	r0, [pc, #188]	; (100047e4 <stdio_usb_out_chars+0xd8>)
10004728:	f002 fbb6 	bl	10006e98 <__mutex_try_enter_block_until_veneer>
1000472c:	2800      	cmp	r0, #0
1000472e:	d106      	bne.n	1000473e <stdio_usb_out_chars+0x32>
10004730:	bc80      	pop	{r7}
10004732:	46b8      	mov	r8, r7
10004734:	bdf0      	pop	{r4, r5, r6, r7, pc}
10004736:	2201      	movs	r2, #1
10004738:	4252      	negs	r2, r2
1000473a:	4b2b      	ldr	r3, [pc, #172]	; (100047e8 <stdio_usb_out_chars+0xdc>)
1000473c:	e7f3      	b.n	10004726 <stdio_usb_out_chars+0x1a>
1000473e:	f7ff ff93 	bl	10004668 <stdio_usb_connected>
10004742:	2800      	cmp	r0, #0
10004744:	d149      	bne.n	100047da <stdio_usb_out_chars+0xce>
10004746:	4b29      	ldr	r3, [pc, #164]	; (100047ec <stdio_usb_out_chars+0xe0>)
10004748:	2000      	movs	r0, #0
1000474a:	2100      	movs	r1, #0
1000474c:	6018      	str	r0, [r3, #0]
1000474e:	6059      	str	r1, [r3, #4]
10004750:	4824      	ldr	r0, [pc, #144]	; (100047e4 <stdio_usb_out_chars+0xd8>)
10004752:	f002 fb69 	bl	10006e28 <__mutex_exit_veneer>
10004756:	e7eb      	b.n	10004730 <stdio_usb_out_chars+0x24>
10004758:	2001      	movs	r0, #1
1000475a:	2100      	movs	r1, #0
1000475c:	4240      	negs	r0, r0
1000475e:	f000 ffff 	bl	10005760 <tud_task_ext>
10004762:	2000      	movs	r0, #0
10004764:	f001 faa4 	bl	10005cb0 <tud_cdc_n_write_flush>
10004768:	f7ff ff7e 	bl	10004668 <stdio_usb_connected>
1000476c:	2800      	cmp	r0, #0
1000476e:	d0ef      	beq.n	10004750 <stdio_usb_out_chars+0x44>
10004770:	2000      	movs	r0, #0
10004772:	f001 fb27 	bl	10005dc4 <tud_cdc_n_write_available>
10004776:	2800      	cmp	r0, #0
10004778:	d020      	beq.n	100047bc <stdio_usb_out_chars+0xb0>
1000477a:	42a5      	cmp	r5, r4
1000477c:	dae8      	bge.n	10004750 <stdio_usb_out_chars+0x44>
1000477e:	1b66      	subs	r6, r4, r5
10004780:	2000      	movs	r0, #0
10004782:	f001 fb1f 	bl	10005dc4 <tud_cdc_n_write_available>
10004786:	0002      	movs	r2, r0
10004788:	4286      	cmp	r6, r0
1000478a:	dc00      	bgt.n	1000478e <stdio_usb_out_chars+0x82>
1000478c:	0032      	movs	r2, r6
1000478e:	2a00      	cmp	r2, #0
10004790:	d0e2      	beq.n	10004758 <stdio_usb_out_chars+0x4c>
10004792:	4643      	mov	r3, r8
10004794:	1959      	adds	r1, r3, r5
10004796:	2000      	movs	r0, #0
10004798:	f001 faf0 	bl	10005d7c <tud_cdc_n_write>
1000479c:	0006      	movs	r6, r0
1000479e:	2001      	movs	r0, #1
100047a0:	2100      	movs	r1, #0
100047a2:	4240      	negs	r0, r0
100047a4:	f000 ffdc 	bl	10005760 <tud_task_ext>
100047a8:	2000      	movs	r0, #0
100047aa:	f001 fa81 	bl	10005cb0 <tud_cdc_n_write_flush>
100047ae:	19ad      	adds	r5, r5, r6
100047b0:	f7fc ff6c 	bl	1000168c <time_us_64>
100047b4:	4b0d      	ldr	r3, [pc, #52]	; (100047ec <stdio_usb_out_chars+0xe0>)
100047b6:	6018      	str	r0, [r3, #0]
100047b8:	6059      	str	r1, [r3, #4]
100047ba:	e7de      	b.n	1000477a <stdio_usb_out_chars+0x6e>
100047bc:	f7fc ff66 	bl	1000168c <time_us_64>
100047c0:	4b0a      	ldr	r3, [pc, #40]	; (100047ec <stdio_usb_out_chars+0xe0>)
100047c2:	681e      	ldr	r6, [r3, #0]
100047c4:	685f      	ldr	r7, [r3, #4]
100047c6:	4a0a      	ldr	r2, [pc, #40]	; (100047f0 <stdio_usb_out_chars+0xe4>)
100047c8:	2300      	movs	r3, #0
100047ca:	1992      	adds	r2, r2, r6
100047cc:	417b      	adcs	r3, r7
100047ce:	4299      	cmp	r1, r3
100047d0:	d8be      	bhi.n	10004750 <stdio_usb_out_chars+0x44>
100047d2:	d1d2      	bne.n	1000477a <stdio_usb_out_chars+0x6e>
100047d4:	4290      	cmp	r0, r2
100047d6:	d9d0      	bls.n	1000477a <stdio_usb_out_chars+0x6e>
100047d8:	e7ba      	b.n	10004750 <stdio_usb_out_chars+0x44>
100047da:	2500      	movs	r5, #0
100047dc:	e7cd      	b.n	1000477a <stdio_usb_out_chars+0x6e>
100047de:	46c0      	nop			; (mov r8, r8)
100047e0:	000f4240 	.word	0x000f4240
100047e4:	20001d58 	.word	0x20001d58
100047e8:	7fffffff 	.word	0x7fffffff
100047ec:	20000e58 	.word	0x20000e58
100047f0:	0007a120 	.word	0x0007a120

100047f4 <tud_descriptor_device_cb>:
100047f4:	4800      	ldr	r0, [pc, #0]	; (100047f8 <tud_descriptor_device_cb+0x4>)
100047f6:	4770      	bx	lr
100047f8:	10007d74 	.word	0x10007d74

100047fc <tud_descriptor_configuration_cb>:
100047fc:	4800      	ldr	r0, [pc, #0]	; (10004800 <tud_descriptor_configuration_cb+0x4>)
100047fe:	4770      	bx	lr
10004800:	10007d20 	.word	0x10007d20

10004804 <tud_descriptor_string_cb>:
10004804:	b510      	push	{r4, lr}
10004806:	0004      	movs	r4, r0
10004808:	4b15      	ldr	r3, [pc, #84]	; (10004860 <tud_descriptor_string_cb+0x5c>)
1000480a:	781b      	ldrb	r3, [r3, #0]
1000480c:	2b00      	cmp	r3, #0
1000480e:	d00e      	beq.n	1000482e <tud_descriptor_string_cb+0x2a>
10004810:	2c00      	cmp	r4, #0
10004812:	d111      	bne.n	10004838 <tud_descriptor_string_cb+0x34>
10004814:	4b13      	ldr	r3, [pc, #76]	; (10004864 <tud_descriptor_string_cb+0x60>)
10004816:	4a14      	ldr	r2, [pc, #80]	; (10004868 <tud_descriptor_string_cb+0x64>)
10004818:	805a      	strh	r2, [r3, #2]
1000481a:	2301      	movs	r3, #1
1000481c:	3301      	adds	r3, #1
1000481e:	005b      	lsls	r3, r3, #1
10004820:	b21b      	sxth	r3, r3
10004822:	22c0      	movs	r2, #192	; 0xc0
10004824:	0092      	lsls	r2, r2, #2
10004826:	4313      	orrs	r3, r2
10004828:	480e      	ldr	r0, [pc, #56]	; (10004864 <tud_descriptor_string_cb+0x60>)
1000482a:	8003      	strh	r3, [r0, #0]
1000482c:	bd10      	pop	{r4, pc}
1000482e:	2111      	movs	r1, #17
10004830:	480b      	ldr	r0, [pc, #44]	; (10004860 <tud_descriptor_string_cb+0x5c>)
10004832:	f000 f825 	bl	10004880 <pico_get_unique_board_id_string>
10004836:	e7eb      	b.n	10004810 <tud_descriptor_string_cb+0xc>
10004838:	2c05      	cmp	r4, #5
1000483a:	d80e      	bhi.n	1000485a <tud_descriptor_string_cb+0x56>
1000483c:	00a4      	lsls	r4, r4, #2
1000483e:	4b0b      	ldr	r3, [pc, #44]	; (1000486c <tud_descriptor_string_cb+0x68>)
10004840:	58e4      	ldr	r4, [r4, r3]
10004842:	2300      	movs	r3, #0
10004844:	2b12      	cmp	r3, #18
10004846:	d8e9      	bhi.n	1000481c <tud_descriptor_string_cb+0x18>
10004848:	5ce2      	ldrb	r2, [r4, r3]
1000484a:	2a00      	cmp	r2, #0
1000484c:	d0e6      	beq.n	1000481c <tud_descriptor_string_cb+0x18>
1000484e:	3301      	adds	r3, #1
10004850:	0059      	lsls	r1, r3, #1
10004852:	4804      	ldr	r0, [pc, #16]	; (10004864 <tud_descriptor_string_cb+0x60>)
10004854:	5242      	strh	r2, [r0, r1]
10004856:	b2db      	uxtb	r3, r3
10004858:	e7f4      	b.n	10004844 <tud_descriptor_string_cb+0x40>
1000485a:	2000      	movs	r0, #0
1000485c:	e7e6      	b.n	1000482c <tud_descriptor_string_cb+0x28>
1000485e:	46c0      	nop			; (mov r8, r8)
10004860:	20001d68 	.word	0x20001d68
10004864:	200016f4 	.word	0x200016f4
10004868:	00000409 	.word	0x00000409
1000486c:	10007d88 	.word	0x10007d88

10004870 <_retrieve_unique_id_on_boot>:
10004870:	b510      	push	{r4, lr}
10004872:	4802      	ldr	r0, [pc, #8]	; (1000487c <_retrieve_unique_id_on_boot+0xc>)
10004874:	f000 f834 	bl	100048e0 <flash_get_unique_id>
10004878:	bd10      	pop	{r4, pc}
1000487a:	46c0      	nop			; (mov r8, r8)
1000487c:	20001b48 	.word	0x20001b48

10004880 <pico_get_unique_board_id_string>:
10004880:	b510      	push	{r4, lr}
10004882:	2900      	cmp	r1, #0
10004884:	d001      	beq.n	1000488a <pico_get_unique_board_id_string+0xa>
10004886:	2300      	movs	r3, #0
10004888:	e00a      	b.n	100048a0 <pico_get_unique_board_id_string+0x20>
1000488a:	4b11      	ldr	r3, [pc, #68]	; (100048d0 <pico_get_unique_board_id_string+0x50>)
1000488c:	4a11      	ldr	r2, [pc, #68]	; (100048d4 <pico_get_unique_board_id_string+0x54>)
1000488e:	312d      	adds	r1, #45	; 0x2d
10004890:	4811      	ldr	r0, [pc, #68]	; (100048d8 <pico_get_unique_board_id_string+0x58>)
10004892:	f7ff fa73 	bl	10003d7c <__assert_func>
10004896:	2400      	movs	r4, #0
10004898:	e00d      	b.n	100048b6 <pico_get_unique_board_id_string+0x36>
1000489a:	3237      	adds	r2, #55	; 0x37
1000489c:	54c2      	strb	r2, [r0, r3]
1000489e:	3301      	adds	r3, #1
100048a0:	1e4a      	subs	r2, r1, #1
100048a2:	429a      	cmp	r2, r3
100048a4:	d90f      	bls.n	100048c6 <pico_get_unique_board_id_string+0x46>
100048a6:	2b0f      	cmp	r3, #15
100048a8:	d80d      	bhi.n	100048c6 <pico_get_unique_board_id_string+0x46>
100048aa:	085a      	lsrs	r2, r3, #1
100048ac:	4c0b      	ldr	r4, [pc, #44]	; (100048dc <pico_get_unique_board_id_string+0x5c>)
100048ae:	5ca2      	ldrb	r2, [r4, r2]
100048b0:	07dc      	lsls	r4, r3, #31
100048b2:	d4f0      	bmi.n	10004896 <pico_get_unique_board_id_string+0x16>
100048b4:	2404      	movs	r4, #4
100048b6:	4122      	asrs	r2, r4
100048b8:	0014      	movs	r4, r2
100048ba:	220f      	movs	r2, #15
100048bc:	4022      	ands	r2, r4
100048be:	2a09      	cmp	r2, #9
100048c0:	dceb      	bgt.n	1000489a <pico_get_unique_board_id_string+0x1a>
100048c2:	3230      	adds	r2, #48	; 0x30
100048c4:	e7ea      	b.n	1000489c <pico_get_unique_board_id_string+0x1c>
100048c6:	18c0      	adds	r0, r0, r3
100048c8:	2300      	movs	r3, #0
100048ca:	7003      	strb	r3, [r0, #0]
100048cc:	bd10      	pop	{r4, pc}
100048ce:	46c0      	nop			; (mov r8, r8)
100048d0:	10007da0 	.word	0x10007da0
100048d4:	10007dfc 	.word	0x10007dfc
100048d8:	10007da8 	.word	0x10007da8
100048dc:	20001b48 	.word	0x20001b48

100048e0 <flash_get_unique_id>:
100048e0:	b570      	push	{r4, r5, r6, lr}
100048e2:	b088      	sub	sp, #32
100048e4:	0004      	movs	r4, r0
100048e6:	ad04      	add	r5, sp, #16
100048e8:	2600      	movs	r6, #0
100048ea:	9604      	str	r6, [sp, #16]
100048ec:	2209      	movs	r2, #9
100048ee:	2100      	movs	r1, #0
100048f0:	a805      	add	r0, sp, #20
100048f2:	f7fe f979 	bl	10002be8 <__wrap_memset>
100048f6:	9600      	str	r6, [sp, #0]
100048f8:	2209      	movs	r2, #9
100048fa:	2100      	movs	r1, #0
100048fc:	a801      	add	r0, sp, #4
100048fe:	f7fe f973 	bl	10002be8 <__wrap_memset>
10004902:	234b      	movs	r3, #75	; 0x4b
10004904:	702b      	strb	r3, [r5, #0]
10004906:	220d      	movs	r2, #13
10004908:	4669      	mov	r1, sp
1000490a:	0028      	movs	r0, r5
1000490c:	f002 fa84 	bl	10006e18 <__flash_do_cmd_veneer>
10004910:	2300      	movs	r3, #0
10004912:	e004      	b.n	1000491e <flash_get_unique_id+0x3e>
10004914:	1d5a      	adds	r2, r3, #5
10004916:	4669      	mov	r1, sp
10004918:	5c8a      	ldrb	r2, [r1, r2]
1000491a:	54e2      	strb	r2, [r4, r3]
1000491c:	3301      	adds	r3, #1
1000491e:	2b07      	cmp	r3, #7
10004920:	ddf8      	ble.n	10004914 <flash_get_unique_id+0x34>
10004922:	b008      	add	sp, #32
10004924:	bd70      	pop	{r4, r5, r6, pc}
	...

10004928 <_hw_endpoint_alloc>:
10004928:	b510      	push	{r4, lr}
1000492a:	8b03      	ldrh	r3, [r0, #24]
1000492c:	333f      	adds	r3, #63	; 0x3f
1000492e:	223f      	movs	r2, #63	; 0x3f
10004930:	4393      	bics	r3, r2
10004932:	2902      	cmp	r1, #2
10004934:	d015      	beq.n	10004962 <_hw_endpoint_alloc+0x3a>
10004936:	4c12      	ldr	r4, [pc, #72]	; (10004980 <_hw_endpoint_alloc+0x58>)
10004938:	6822      	ldr	r2, [r4, #0]
1000493a:	60c2      	str	r2, [r0, #12]
1000493c:	18d3      	adds	r3, r2, r3
1000493e:	6023      	str	r3, [r4, #0]
10004940:	069c      	lsls	r4, r3, #26
10004942:	d110      	bne.n	10004966 <_hw_endpoint_alloc+0x3e>
10004944:	4c0f      	ldr	r4, [pc, #60]	; (10004984 <_hw_endpoint_alloc+0x5c>)
10004946:	4062      	eors	r2, r4
10004948:	4063      	eors	r3, r4
1000494a:	2480      	movs	r4, #128	; 0x80
1000494c:	0164      	lsls	r4, r4, #5
1000494e:	42a3      	cmp	r3, r4
10004950:	d80f      	bhi.n	10004972 <_hw_endpoint_alloc+0x4a>
10004952:	0689      	lsls	r1, r1, #26
10004954:	4311      	orrs	r1, r2
10004956:	2380      	movs	r3, #128	; 0x80
10004958:	061b      	lsls	r3, r3, #24
1000495a:	4319      	orrs	r1, r3
1000495c:	6843      	ldr	r3, [r0, #4]
1000495e:	6019      	str	r1, [r3, #0]
10004960:	bd10      	pop	{r4, pc}
10004962:	005b      	lsls	r3, r3, #1
10004964:	e7e7      	b.n	10004936 <_hw_endpoint_alloc+0xe>
10004966:	4b08      	ldr	r3, [pc, #32]	; (10004988 <_hw_endpoint_alloc+0x60>)
10004968:	4a08      	ldr	r2, [pc, #32]	; (1000498c <_hw_endpoint_alloc+0x64>)
1000496a:	2151      	movs	r1, #81	; 0x51
1000496c:	4808      	ldr	r0, [pc, #32]	; (10004990 <_hw_endpoint_alloc+0x68>)
1000496e:	f7ff fa05 	bl	10003d7c <__assert_func>
10004972:	4b08      	ldr	r3, [pc, #32]	; (10004994 <_hw_endpoint_alloc+0x6c>)
10004974:	4a05      	ldr	r2, [pc, #20]	; (1000498c <_hw_endpoint_alloc+0x64>)
10004976:	2153      	movs	r1, #83	; 0x53
10004978:	4805      	ldr	r0, [pc, #20]	; (10004990 <_hw_endpoint_alloc+0x68>)
1000497a:	f7ff f9ff 	bl	10003d7c <__assert_func>
1000497e:	46c0      	nop			; (mov r8, r8)
10004980:	20001b2c 	.word	0x20001b2c
10004984:	50100000 	.word	0x50100000
10004988:	10007fcc 	.word	0x10007fcc
1000498c:	100080f4 	.word	0x100080f4
10004990:	10007ffc 	.word	0x10007ffc
10004994:	10008060 	.word	0x10008060

10004998 <hw_endpoint_init>:
10004998:	b570      	push	{r4, r5, r6, lr}
1000499a:	0004      	movs	r4, r0
1000499c:	237f      	movs	r3, #127	; 0x7f
1000499e:	4003      	ands	r3, r0
100049a0:	09c5      	lsrs	r5, r0, #7
100049a2:	0058      	lsls	r0, r3, #1
100049a4:	1940      	adds	r0, r0, r5
100049a6:	0140      	lsls	r0, r0, #5
100049a8:	4e26      	ldr	r6, [pc, #152]	; (10004a44 <hw_endpoint_init+0xac>)
100049aa:	1980      	adds	r0, r0, r6
100049ac:	7084      	strb	r4, [r0, #2]
100049ae:	426c      	negs	r4, r5
100049b0:	416c      	adcs	r4, r5
100049b2:	7044      	strb	r4, [r0, #1]
100049b4:	2400      	movs	r4, #0
100049b6:	70c4      	strb	r4, [r0, #3]
100049b8:	8301      	strh	r1, [r0, #24]
100049ba:	76c2      	strb	r2, [r0, #27]
100049bc:	2d01      	cmp	r5, #1
100049be:	d01d      	beq.n	100049fc <hw_endpoint_init+0x64>
100049c0:	00de      	lsls	r6, r3, #3
100049c2:	4921      	ldr	r1, [pc, #132]	; (10004a48 <hw_endpoint_init+0xb0>)
100049c4:	468c      	mov	ip, r1
100049c6:	4466      	add	r6, ip
100049c8:	0059      	lsls	r1, r3, #1
100049ca:	1949      	adds	r1, r1, r5
100049cc:	0149      	lsls	r1, r1, #5
100049ce:	4c1d      	ldr	r4, [pc, #116]	; (10004a44 <hw_endpoint_init+0xac>)
100049d0:	1861      	adds	r1, r4, r1
100049d2:	608e      	str	r6, [r1, #8]
100049d4:	005c      	lsls	r4, r3, #1
100049d6:	1964      	adds	r4, r4, r5
100049d8:	0164      	lsls	r4, r4, #5
100049da:	491a      	ldr	r1, [pc, #104]	; (10004a44 <hw_endpoint_init+0xac>)
100049dc:	190c      	adds	r4, r1, r4
100049de:	68a1      	ldr	r1, [r4, #8]
100049e0:	2400      	movs	r4, #0
100049e2:	600c      	str	r4, [r1, #0]
100049e4:	2b00      	cmp	r3, #0
100049e6:	d10f      	bne.n	10004a08 <hw_endpoint_init+0x70>
100049e8:	005b      	lsls	r3, r3, #1
100049ea:	195b      	adds	r3, r3, r5
100049ec:	015b      	lsls	r3, r3, #5
100049ee:	4d15      	ldr	r5, [pc, #84]	; (10004a44 <hw_endpoint_init+0xac>)
100049f0:	18eb      	adds	r3, r5, r3
100049f2:	2200      	movs	r2, #0
100049f4:	605a      	str	r2, [r3, #4]
100049f6:	4a15      	ldr	r2, [pc, #84]	; (10004a4c <hw_endpoint_init+0xb4>)
100049f8:	60da      	str	r2, [r3, #12]
100049fa:	bd70      	pop	{r4, r5, r6, pc}
100049fc:	00de      	lsls	r6, r3, #3
100049fe:	4914      	ldr	r1, [pc, #80]	; (10004a50 <hw_endpoint_init+0xb8>)
10004a00:	468c      	mov	ip, r1
10004a02:	4466      	add	r6, ip
10004a04:	6086      	str	r6, [r0, #8]
10004a06:	e7e5      	b.n	100049d4 <hw_endpoint_init+0x3c>
10004a08:	2d01      	cmp	r5, #1
10004a0a:	d00e      	beq.n	10004a2a <hw_endpoint_init+0x92>
10004a0c:	1e59      	subs	r1, r3, #1
10004a0e:	00c9      	lsls	r1, r1, #3
10004a10:	4c10      	ldr	r4, [pc, #64]	; (10004a54 <hw_endpoint_init+0xbc>)
10004a12:	46a4      	mov	ip, r4
10004a14:	4461      	add	r1, ip
10004a16:	005b      	lsls	r3, r3, #1
10004a18:	195b      	adds	r3, r3, r5
10004a1a:	015b      	lsls	r3, r3, #5
10004a1c:	4c09      	ldr	r4, [pc, #36]	; (10004a44 <hw_endpoint_init+0xac>)
10004a1e:	18e3      	adds	r3, r4, r3
10004a20:	6059      	str	r1, [r3, #4]
10004a22:	0011      	movs	r1, r2
10004a24:	f7ff ff80 	bl	10004928 <_hw_endpoint_alloc>
10004a28:	e7e7      	b.n	100049fa <hw_endpoint_init+0x62>
10004a2a:	1e59      	subs	r1, r3, #1
10004a2c:	00c9      	lsls	r1, r1, #3
10004a2e:	4c0a      	ldr	r4, [pc, #40]	; (10004a58 <hw_endpoint_init+0xc0>)
10004a30:	46a4      	mov	ip, r4
10004a32:	4461      	add	r1, ip
10004a34:	005b      	lsls	r3, r3, #1
10004a36:	195b      	adds	r3, r3, r5
10004a38:	015b      	lsls	r3, r3, #5
10004a3a:	4d02      	ldr	r5, [pc, #8]	; (10004a44 <hw_endpoint_init+0xac>)
10004a3c:	18eb      	adds	r3, r5, r3
10004a3e:	6059      	str	r1, [r3, #4]
10004a40:	e7ef      	b.n	10004a22 <hw_endpoint_init+0x8a>
10004a42:	46c0      	nop			; (mov r8, r8)
10004a44:	20001728 	.word	0x20001728
10004a48:	50100084 	.word	0x50100084
10004a4c:	50100100 	.word	0x50100100
10004a50:	50100080 	.word	0x50100080
10004a54:	5010000c 	.word	0x5010000c
10004a58:	50100008 	.word	0x50100008

10004a5c <hw_endpoint_xfer>:
10004a5c:	b510      	push	{r4, lr}
10004a5e:	0004      	movs	r4, r0
10004a60:	207f      	movs	r0, #127	; 0x7f
10004a62:	4020      	ands	r0, r4
10004a64:	09e4      	lsrs	r4, r4, #7
10004a66:	0040      	lsls	r0, r0, #1
10004a68:	1900      	adds	r0, r0, r4
10004a6a:	0140      	lsls	r0, r0, #5
10004a6c:	4b02      	ldr	r3, [pc, #8]	; (10004a78 <hw_endpoint_xfer+0x1c>)
10004a6e:	18c0      	adds	r0, r0, r3
10004a70:	f000 f932 	bl	10004cd8 <hw_endpoint_xfer_start>
10004a74:	bd10      	pop	{r4, pc}
10004a76:	46c0      	nop			; (mov r8, r8)
10004a78:	20001728 	.word	0x20001728

10004a7c <dcd_int_enable>:
10004a7c:	b510      	push	{r4, lr}
10004a7e:	2800      	cmp	r0, #0
10004a80:	d104      	bne.n	10004a8c <dcd_int_enable+0x10>
10004a82:	2101      	movs	r1, #1
10004a84:	2005      	movs	r0, #5
10004a86:	f7fb fee1 	bl	1000084c <irq_set_enabled>
10004a8a:	bd10      	pop	{r4, pc}
10004a8c:	21d4      	movs	r1, #212	; 0xd4
10004a8e:	4b03      	ldr	r3, [pc, #12]	; (10004a9c <dcd_int_enable+0x20>)
10004a90:	4a03      	ldr	r2, [pc, #12]	; (10004aa0 <dcd_int_enable+0x24>)
10004a92:	0049      	lsls	r1, r1, #1
10004a94:	4803      	ldr	r0, [pc, #12]	; (10004aa4 <dcd_int_enable+0x28>)
10004a96:	f7ff f971 	bl	10003d7c <__assert_func>
10004a9a:	46c0      	nop			; (mov r8, r8)
10004a9c:	100080a8 	.word	0x100080a8
10004aa0:	100080e4 	.word	0x100080e4
10004aa4:	10007ffc 	.word	0x10007ffc

10004aa8 <dcd_set_address>:
10004aa8:	b510      	push	{r4, lr}
10004aaa:	2800      	cmp	r0, #0
10004aac:	d105      	bne.n	10004aba <dcd_set_address+0x12>
10004aae:	2200      	movs	r2, #0
10004ab0:	2100      	movs	r1, #0
10004ab2:	2080      	movs	r0, #128	; 0x80
10004ab4:	f7ff ffd2 	bl	10004a5c <hw_endpoint_xfer>
10004ab8:	bd10      	pop	{r4, pc}
10004aba:	21d9      	movs	r1, #217	; 0xd9
10004abc:	4b02      	ldr	r3, [pc, #8]	; (10004ac8 <dcd_set_address+0x20>)
10004abe:	4a03      	ldr	r2, [pc, #12]	; (10004acc <dcd_set_address+0x24>)
10004ac0:	0049      	lsls	r1, r1, #1
10004ac2:	4803      	ldr	r0, [pc, #12]	; (10004ad0 <dcd_set_address+0x28>)
10004ac4:	f7ff f95a 	bl	10003d7c <__assert_func>
10004ac8:	100080a8 	.word	0x100080a8
10004acc:	100080d4 	.word	0x100080d4
10004ad0:	10007ffc 	.word	0x10007ffc

10004ad4 <dcd_connect>:
10004ad4:	4b02      	ldr	r3, [pc, #8]	; (10004ae0 <dcd_connect+0xc>)
10004ad6:	2280      	movs	r2, #128	; 0x80
10004ad8:	0252      	lsls	r2, r2, #9
10004ada:	64da      	str	r2, [r3, #76]	; 0x4c
10004adc:	4770      	bx	lr
10004ade:	46c0      	nop			; (mov r8, r8)
10004ae0:	50112000 	.word	0x50112000

10004ae4 <dcd_init>:
10004ae4:	b570      	push	{r4, r5, r6, lr}
10004ae6:	1e04      	subs	r4, r0, #0
10004ae8:	d126      	bne.n	10004b38 <dcd_init+0x54>
10004aea:	f000 f8d3 	bl	10004c94 <rp2040_usb_init>
10004aee:	4d16      	ldr	r5, [pc, #88]	; (10004b48 <dcd_init+0x64>)
10004af0:	230c      	movs	r3, #12
10004af2:	67ab      	str	r3, [r5, #120]	; 0x78
10004af4:	22ff      	movs	r2, #255	; 0xff
10004af6:	4915      	ldr	r1, [pc, #84]	; (10004b4c <dcd_init+0x68>)
10004af8:	2005      	movs	r0, #5
10004afa:	f7fb fefd 	bl	100008f8 <irq_add_shared_handler>
10004afe:	2240      	movs	r2, #64	; 0x40
10004b00:	2100      	movs	r1, #0
10004b02:	4813      	ldr	r0, [pc, #76]	; (10004b50 <dcd_init+0x6c>)
10004b04:	f7fe f870 	bl	10002be8 <__wrap_memset>
10004b08:	2200      	movs	r2, #0
10004b0a:	2140      	movs	r1, #64	; 0x40
10004b0c:	2000      	movs	r0, #0
10004b0e:	f7ff ff43 	bl	10004998 <hw_endpoint_init>
10004b12:	2200      	movs	r2, #0
10004b14:	2140      	movs	r1, #64	; 0x40
10004b16:	2080      	movs	r0, #128	; 0x80
10004b18:	f7ff ff3e 	bl	10004998 <hw_endpoint_init>
10004b1c:	f002 f994 	bl	10006e48 <__reset_non_control_endpoints_veneer>
10004b20:	2301      	movs	r3, #1
10004b22:	642b      	str	r3, [r5, #64]	; 0x40
10004b24:	2380      	movs	r3, #128	; 0x80
10004b26:	059b      	lsls	r3, r3, #22
10004b28:	64eb      	str	r3, [r5, #76]	; 0x4c
10004b2a:	2390      	movs	r3, #144	; 0x90
10004b2c:	4a09      	ldr	r2, [pc, #36]	; (10004b54 <dcd_init+0x70>)
10004b2e:	50ea      	str	r2, [r5, r3]
10004b30:	0020      	movs	r0, r4
10004b32:	f7ff ffcf 	bl	10004ad4 <dcd_connect>
10004b36:	bd70      	pop	{r4, r5, r6, pc}
10004b38:	2176      	movs	r1, #118	; 0x76
10004b3a:	4b07      	ldr	r3, [pc, #28]	; (10004b58 <dcd_init+0x74>)
10004b3c:	4a07      	ldr	r2, [pc, #28]	; (10004b5c <dcd_init+0x78>)
10004b3e:	31ff      	adds	r1, #255	; 0xff
10004b40:	4807      	ldr	r0, [pc, #28]	; (10004b60 <dcd_init+0x7c>)
10004b42:	f7ff f91b 	bl	10003d7c <__assert_func>
10004b46:	46c0      	nop			; (mov r8, r8)
10004b48:	50110000 	.word	0x50110000
10004b4c:	20000475 	.word	0x20000475
10004b50:	20001728 	.word	0x20001728
10004b54:	0001d010 	.word	0x0001d010
10004b58:	100080a8 	.word	0x100080a8
10004b5c:	10008108 	.word	0x10008108
10004b60:	10007ffc 	.word	0x10007ffc

10004b64 <dcd_sof_enable>:
10004b64:	4b04      	ldr	r3, [pc, #16]	; (10004b78 <dcd_sof_enable+0x14>)
10004b66:	7019      	strb	r1, [r3, #0]
10004b68:	2900      	cmp	r1, #0
10004b6a:	d004      	beq.n	10004b76 <dcd_sof_enable+0x12>
10004b6c:	4a03      	ldr	r2, [pc, #12]	; (10004b7c <dcd_sof_enable+0x18>)
10004b6e:	2390      	movs	r3, #144	; 0x90
10004b70:	2180      	movs	r1, #128	; 0x80
10004b72:	0289      	lsls	r1, r1, #10
10004b74:	50d1      	str	r1, [r2, r3]
10004b76:	4770      	bx	lr
10004b78:	20001d7d 	.word	0x20001d7d
10004b7c:	50112000 	.word	0x50112000

10004b80 <dcd_edpt0_status_complete>:
10004b80:	780b      	ldrb	r3, [r1, #0]
10004b82:	065b      	lsls	r3, r3, #25
10004b84:	d102      	bne.n	10004b8c <dcd_edpt0_status_complete+0xc>
10004b86:	784b      	ldrb	r3, [r1, #1]
10004b88:	2b05      	cmp	r3, #5
10004b8a:	d000      	beq.n	10004b8e <dcd_edpt0_status_complete+0xe>
10004b8c:	4770      	bx	lr
10004b8e:	788a      	ldrb	r2, [r1, #2]
10004b90:	4b01      	ldr	r3, [pc, #4]	; (10004b98 <dcd_edpt0_status_complete+0x18>)
10004b92:	601a      	str	r2, [r3, #0]
10004b94:	e7fa      	b.n	10004b8c <dcd_edpt0_status_complete+0xc>
10004b96:	46c0      	nop			; (mov r8, r8)
10004b98:	50110000 	.word	0x50110000

10004b9c <dcd_edpt_open>:
10004b9c:	b510      	push	{r4, lr}
10004b9e:	000c      	movs	r4, r1
10004ba0:	2800      	cmp	r0, #0
10004ba2:	d10d      	bne.n	10004bc0 <dcd_edpt_open+0x24>
10004ba4:	7909      	ldrb	r1, [r1, #4]
10004ba6:	7963      	ldrb	r3, [r4, #5]
10004ba8:	021b      	lsls	r3, r3, #8
10004baa:	430b      	orrs	r3, r1
10004bac:	055b      	lsls	r3, r3, #21
10004bae:	0d59      	lsrs	r1, r3, #21
10004bb0:	78e2      	ldrb	r2, [r4, #3]
10004bb2:	0792      	lsls	r2, r2, #30
10004bb4:	0f92      	lsrs	r2, r2, #30
10004bb6:	78a0      	ldrb	r0, [r4, #2]
10004bb8:	f7ff feee 	bl	10004998 <hw_endpoint_init>
10004bbc:	2001      	movs	r0, #1
10004bbe:	bd10      	pop	{r4, pc}
10004bc0:	21f0      	movs	r1, #240	; 0xf0
10004bc2:	4b03      	ldr	r3, [pc, #12]	; (10004bd0 <dcd_edpt_open+0x34>)
10004bc4:	4a03      	ldr	r2, [pc, #12]	; (10004bd4 <dcd_edpt_open+0x38>)
10004bc6:	31ff      	adds	r1, #255	; 0xff
10004bc8:	4803      	ldr	r0, [pc, #12]	; (10004bd8 <dcd_edpt_open+0x3c>)
10004bca:	f7ff f8d7 	bl	10003d7c <__assert_func>
10004bce:	46c0      	nop			; (mov r8, r8)
10004bd0:	100080a8 	.word	0x100080a8
10004bd4:	100080c4 	.word	0x100080c4
10004bd8:	10007ffc 	.word	0x10007ffc

10004bdc <dcd_edpt_close_all>:
10004bdc:	b510      	push	{r4, lr}
10004bde:	f002 f933 	bl	10006e48 <__reset_non_control_endpoints_veneer>
10004be2:	bd10      	pop	{r4, pc}

10004be4 <dcd_edpt_xfer>:
10004be4:	b510      	push	{r4, lr}
10004be6:	0004      	movs	r4, r0
10004be8:	0008      	movs	r0, r1
10004bea:	0011      	movs	r1, r2
10004bec:	001a      	movs	r2, r3
10004bee:	2c00      	cmp	r4, #0
10004bf0:	d103      	bne.n	10004bfa <dcd_edpt_xfer+0x16>
10004bf2:	f7ff ff33 	bl	10004a5c <hw_endpoint_xfer>
10004bf6:	2001      	movs	r0, #1
10004bf8:	bd10      	pop	{r4, pc}
10004bfa:	21fe      	movs	r1, #254	; 0xfe
10004bfc:	4b02      	ldr	r3, [pc, #8]	; (10004c08 <dcd_edpt_xfer+0x24>)
10004bfe:	4a03      	ldr	r2, [pc, #12]	; (10004c0c <dcd_edpt_xfer+0x28>)
10004c00:	0049      	lsls	r1, r1, #1
10004c02:	4803      	ldr	r0, [pc, #12]	; (10004c10 <dcd_edpt_xfer+0x2c>)
10004c04:	f7ff f8ba 	bl	10003d7c <__assert_func>
10004c08:	100080a8 	.word	0x100080a8
10004c0c:	100080b4 	.word	0x100080b4
10004c10:	10007ffc 	.word	0x10007ffc

10004c14 <dcd_edpt_stall>:
10004c14:	b510      	push	{r4, lr}
10004c16:	227f      	movs	r2, #127	; 0x7f
10004c18:	0013      	movs	r3, r2
10004c1a:	400b      	ands	r3, r1
10004c1c:	420a      	tst	r2, r1
10004c1e:	d105      	bne.n	10004c2c <dcd_edpt_stall+0x18>
10004c20:	09ca      	lsrs	r2, r1, #7
10004c22:	2a01      	cmp	r2, #1
10004c24:	d00e      	beq.n	10004c44 <dcd_edpt_stall+0x30>
10004c26:	2002      	movs	r0, #2
10004c28:	4a07      	ldr	r2, [pc, #28]	; (10004c48 <dcd_edpt_stall+0x34>)
10004c2a:	6690      	str	r0, [r2, #104]	; 0x68
10004c2c:	09c9      	lsrs	r1, r1, #7
10004c2e:	0058      	lsls	r0, r3, #1
10004c30:	1840      	adds	r0, r0, r1
10004c32:	0140      	lsls	r0, r0, #5
10004c34:	4905      	ldr	r1, [pc, #20]	; (10004c4c <dcd_edpt_stall+0x38>)
10004c36:	1840      	adds	r0, r0, r1
10004c38:	2280      	movs	r2, #128	; 0x80
10004c3a:	0112      	lsls	r2, r2, #4
10004c3c:	2100      	movs	r1, #0
10004c3e:	f002 f943 	bl	10006ec8 <___hw_endpoint_buffer_control_update32_veneer>
10004c42:	bd10      	pop	{r4, pc}
10004c44:	2001      	movs	r0, #1
10004c46:	e7ef      	b.n	10004c28 <dcd_edpt_stall+0x14>
10004c48:	50112000 	.word	0x50112000
10004c4c:	20001728 	.word	0x20001728

10004c50 <dcd_edpt_clear_stall>:
10004c50:	b510      	push	{r4, lr}
10004c52:	227f      	movs	r2, #127	; 0x7f
10004c54:	0010      	movs	r0, r2
10004c56:	4008      	ands	r0, r1
10004c58:	420a      	tst	r2, r1
10004c5a:	d100      	bne.n	10004c5e <dcd_edpt_clear_stall+0xe>
10004c5c:	bd10      	pop	{r4, pc}
10004c5e:	09c9      	lsrs	r1, r1, #7
10004c60:	0040      	lsls	r0, r0, #1
10004c62:	1840      	adds	r0, r0, r1
10004c64:	0140      	lsls	r0, r0, #5
10004c66:	4904      	ldr	r1, [pc, #16]	; (10004c78 <dcd_edpt_clear_stall+0x28>)
10004c68:	1840      	adds	r0, r0, r1
10004c6a:	2300      	movs	r3, #0
10004c6c:	70c3      	strb	r3, [r0, #3]
10004c6e:	2200      	movs	r2, #0
10004c70:	4902      	ldr	r1, [pc, #8]	; (10004c7c <dcd_edpt_clear_stall+0x2c>)
10004c72:	f002 f929 	bl	10006ec8 <___hw_endpoint_buffer_control_update32_veneer>
10004c76:	e7f1      	b.n	10004c5c <dcd_edpt_clear_stall+0xc>
10004c78:	20001728 	.word	0x20001728
10004c7c:	fffff7ff 	.word	0xfffff7ff

10004c80 <unaligned_memcpy>:
10004c80:	e004      	b.n	10004c8c <unaligned_memcpy+0xc>
10004c82:	780a      	ldrb	r2, [r1, #0]
10004c84:	7002      	strb	r2, [r0, #0]
10004c86:	3101      	adds	r1, #1
10004c88:	3001      	adds	r0, #1
10004c8a:	001a      	movs	r2, r3
10004c8c:	1e53      	subs	r3, r2, #1
10004c8e:	2a00      	cmp	r2, #0
10004c90:	d1f7      	bne.n	10004c82 <unaligned_memcpy+0x2>
10004c92:	4770      	bx	lr

10004c94 <rp2040_usb_init>:
10004c94:	b510      	push	{r4, lr}
10004c96:	2380      	movs	r3, #128	; 0x80
10004c98:	045b      	lsls	r3, r3, #17
10004c9a:	4a0a      	ldr	r2, [pc, #40]	; (10004cc4 <rp2040_usb_init+0x30>)
10004c9c:	6013      	str	r3, [r2, #0]
10004c9e:	4a0a      	ldr	r2, [pc, #40]	; (10004cc8 <rp2040_usb_init+0x34>)
10004ca0:	6013      	str	r3, [r2, #0]
10004ca2:	4b0a      	ldr	r3, [pc, #40]	; (10004ccc <rp2040_usb_init+0x38>)
10004ca4:	681a      	ldr	r2, [r3, #0]
10004ca6:	2380      	movs	r3, #128	; 0x80
10004ca8:	045b      	lsls	r3, r3, #17
10004caa:	4393      	bics	r3, r2
10004cac:	d1f9      	bne.n	10004ca2 <rp2040_usb_init+0xe>
10004cae:	2280      	movs	r2, #128	; 0x80
10004cb0:	0152      	lsls	r2, r2, #5
10004cb2:	2100      	movs	r1, #0
10004cb4:	4806      	ldr	r0, [pc, #24]	; (10004cd0 <rp2040_usb_init+0x3c>)
10004cb6:	f7fd ff97 	bl	10002be8 <__wrap_memset>
10004cba:	4b06      	ldr	r3, [pc, #24]	; (10004cd4 <rp2040_usb_init+0x40>)
10004cbc:	2209      	movs	r2, #9
10004cbe:	675a      	str	r2, [r3, #116]	; 0x74
10004cc0:	bd10      	pop	{r4, pc}
10004cc2:	46c0      	nop			; (mov r8, r8)
10004cc4:	4000e000 	.word	0x4000e000
10004cc8:	4000f000 	.word	0x4000f000
10004ccc:	4000c008 	.word	0x4000c008
10004cd0:	50100000 	.word	0x50100000
10004cd4:	50110000 	.word	0x50110000

10004cd8 <hw_endpoint_xfer_start>:
10004cd8:	b570      	push	{r4, r5, r6, lr}
10004cda:	0004      	movs	r4, r0
10004cdc:	000d      	movs	r5, r1
10004cde:	0016      	movs	r6, r2
10004ce0:	7e83      	ldrb	r3, [r0, #26]
10004ce2:	2b00      	cmp	r3, #0
10004ce4:	d117      	bne.n	10004d16 <hw_endpoint_xfer_start+0x3e>
10004ce6:	82a6      	strh	r6, [r4, #20]
10004ce8:	2300      	movs	r3, #0
10004cea:	82e3      	strh	r3, [r4, #22]
10004cec:	3301      	adds	r3, #1
10004cee:	76a3      	strb	r3, [r4, #26]
10004cf0:	6125      	str	r5, [r4, #16]
10004cf2:	0020      	movs	r0, r4
10004cf4:	f002 f8b8 	bl	10006e68 <__e15_is_bulkin_ep_veneer>
10004cf8:	2800      	cmp	r0, #0
10004cfa:	d004      	beq.n	10004d06 <hw_endpoint_xfer_start+0x2e>
10004cfc:	4a0c      	ldr	r2, [pc, #48]	; (10004d30 <hw_endpoint_xfer_start+0x58>)
10004cfe:	2390      	movs	r3, #144	; 0x90
10004d00:	2180      	movs	r1, #128	; 0x80
10004d02:	0289      	lsls	r1, r1, #10
10004d04:	50d1      	str	r1, [r2, r3]
10004d06:	0020      	movs	r0, r4
10004d08:	f002 f8e6 	bl	10006ed8 <__e15_is_critical_frame_period_veneer>
10004d0c:	2800      	cmp	r0, #0
10004d0e:	d00a      	beq.n	10004d26 <hw_endpoint_xfer_start+0x4e>
10004d10:	2301      	movs	r3, #1
10004d12:	7723      	strb	r3, [r4, #28]
10004d14:	bd70      	pop	{r4, r5, r6, pc}
10004d16:	7881      	ldrb	r1, [r0, #2]
10004d18:	4806      	ldr	r0, [pc, #24]	; (10004d34 <hw_endpoint_xfer_start+0x5c>)
10004d1a:	f7ff f9a1 	bl	10004060 <__wrap_printf>
10004d1e:	0020      	movs	r0, r4
10004d20:	f002 f8ca 	bl	10006eb8 <__hw_endpoint_reset_transfer_veneer>
10004d24:	e7df      	b.n	10004ce6 <hw_endpoint_xfer_start+0xe>
10004d26:	0020      	movs	r0, r4
10004d28:	f002 f8be 	bl	10006ea8 <__hw_endpoint_start_next_buffer_veneer>
10004d2c:	e7f2      	b.n	10004d14 <hw_endpoint_xfer_start+0x3c>
10004d2e:	46c0      	nop			; (mov r8, r8)
10004d30:	50112000 	.word	0x50112000
10004d34:	10008200 	.word	0x10008200

10004d38 <configuration_reset>:
10004d38:	b570      	push	{r4, r5, r6, lr}
10004d3a:	0005      	movs	r5, r0
10004d3c:	2400      	movs	r4, #0
10004d3e:	e00a      	b.n	10004d56 <configuration_reset+0x1e>
10004d40:	1ad2      	subs	r2, r2, r3
10004d42:	0152      	lsls	r2, r2, #5
10004d44:	4b16      	ldr	r3, [pc, #88]	; (10004da0 <configuration_reset+0x68>)
10004d46:	189b      	adds	r3, r3, r2
10004d48:	2b00      	cmp	r3, #0
10004d4a:	d011      	beq.n	10004d70 <configuration_reset+0x38>
10004d4c:	68db      	ldr	r3, [r3, #12]
10004d4e:	0028      	movs	r0, r5
10004d50:	4798      	blx	r3
10004d52:	3401      	adds	r4, #1
10004d54:	b2e4      	uxtb	r4, r4
10004d56:	4b13      	ldr	r3, [pc, #76]	; (10004da4 <configuration_reset+0x6c>)
10004d58:	781b      	ldrb	r3, [r3, #0]
10004d5a:	1c59      	adds	r1, r3, #1
10004d5c:	0022      	movs	r2, r4
10004d5e:	42a1      	cmp	r1, r4
10004d60:	db0c      	blt.n	10004d7c <configuration_reset+0x44>
10004d62:	42a3      	cmp	r3, r4
10004d64:	d9ec      	bls.n	10004d40 <configuration_reset+0x8>
10004d66:	4b10      	ldr	r3, [pc, #64]	; (10004da8 <configuration_reset+0x70>)
10004d68:	681b      	ldr	r3, [r3, #0]
10004d6a:	0162      	lsls	r2, r4, #5
10004d6c:	189b      	adds	r3, r3, r2
10004d6e:	e7eb      	b.n	10004d48 <configuration_reset+0x10>
10004d70:	4a0e      	ldr	r2, [pc, #56]	; (10004dac <configuration_reset+0x74>)
10004d72:	490f      	ldr	r1, [pc, #60]	; (10004db0 <configuration_reset+0x78>)
10004d74:	480f      	ldr	r0, [pc, #60]	; (10004db4 <configuration_reset+0x7c>)
10004d76:	f7ff f973 	bl	10004060 <__wrap_printf>
10004d7a:	e010      	b.n	10004d9e <configuration_reset+0x66>
10004d7c:	4c0e      	ldr	r4, [pc, #56]	; (10004db8 <configuration_reset+0x80>)
10004d7e:	2254      	movs	r2, #84	; 0x54
10004d80:	2100      	movs	r1, #0
10004d82:	0020      	movs	r0, r4
10004d84:	f7fd ff30 	bl	10002be8 <__wrap_memset>
10004d88:	1d20      	adds	r0, r4, #4
10004d8a:	2210      	movs	r2, #16
10004d8c:	21ff      	movs	r1, #255	; 0xff
10004d8e:	f7fd ff2b 	bl	10002be8 <__wrap_memset>
10004d92:	0020      	movs	r0, r4
10004d94:	3014      	adds	r0, #20
10004d96:	2220      	movs	r2, #32
10004d98:	21ff      	movs	r1, #255	; 0xff
10004d9a:	f7fd ff25 	bl	10002be8 <__wrap_memset>
10004d9e:	bd70      	pop	{r4, r5, r6, pc}
10004da0:	100083bc 	.word	0x100083bc
10004da4:	20001d7c 	.word	0x20001d7c
10004da8:	20000e7c 	.word	0x20000e7c
10004dac:	00000216 	.word	0x00000216
10004db0:	10008320 	.word	0x10008320
10004db4:	10008248 	.word	0x10008248
10004db8:	200011a8 	.word	0x200011a8

10004dbc <usbd_reset>:
10004dbc:	b510      	push	{r4, lr}
10004dbe:	f7ff ffbb 	bl	10004d38 <configuration_reset>
10004dc2:	f000 fe59 	bl	10005a78 <usbd_control_reset>
10004dc6:	bd10      	pop	{r4, pc}

10004dc8 <invoke_class_control>:
10004dc8:	b570      	push	{r4, r5, r6, lr}
10004dca:	0005      	movs	r5, r0
10004dcc:	000c      	movs	r4, r1
10004dce:	0016      	movs	r6, r2
10004dd0:	6948      	ldr	r0, [r1, #20]
10004dd2:	f000 fe5b 	bl	10005a8c <usbd_control_set_complete_callback>
10004dd6:	6963      	ldr	r3, [r4, #20]
10004dd8:	0032      	movs	r2, r6
10004dda:	2101      	movs	r1, #1
10004ddc:	0028      	movs	r0, r5
10004dde:	4798      	blx	r3
10004de0:	bd70      	pop	{r4, r5, r6, pc}
	...

10004de4 <process_set_config>:
10004de4:	b5f0      	push	{r4, r5, r6, r7, lr}
10004de6:	46de      	mov	lr, fp
10004de8:	4657      	mov	r7, sl
10004dea:	464e      	mov	r6, r9
10004dec:	4645      	mov	r5, r8
10004dee:	b5e0      	push	{r5, r6, r7, lr}
10004df0:	b083      	sub	sp, #12
10004df2:	4682      	mov	sl, r0
10004df4:	3901      	subs	r1, #1
10004df6:	b2c8      	uxtb	r0, r1
10004df8:	f7ff fd00 	bl	100047fc <tud_descriptor_configuration_cb>
10004dfc:	2800      	cmp	r0, #0
10004dfe:	d003      	beq.n	10004e08 <process_set_config+0x24>
10004e00:	7843      	ldrb	r3, [r0, #1]
10004e02:	9301      	str	r3, [sp, #4]
10004e04:	2b02      	cmp	r3, #2
10004e06:	d00c      	beq.n	10004e22 <process_set_config+0x3e>
10004e08:	4a51      	ldr	r2, [pc, #324]	; (10004f50 <process_set_config+0x16c>)
10004e0a:	4952      	ldr	r1, [pc, #328]	; (10004f54 <process_set_config+0x170>)
10004e0c:	4852      	ldr	r0, [pc, #328]	; (10004f58 <process_set_config+0x174>)
10004e0e:	f7ff f927 	bl	10004060 <__wrap_printf>
10004e12:	2000      	movs	r0, #0
10004e14:	b003      	add	sp, #12
10004e16:	bcf0      	pop	{r4, r5, r6, r7}
10004e18:	46bb      	mov	fp, r7
10004e1a:	46b2      	mov	sl, r6
10004e1c:	46a9      	mov	r9, r5
10004e1e:	46a0      	mov	r8, r4
10004e20:	bdf0      	pop	{r4, r5, r6, r7, pc}
10004e22:	79c5      	ldrb	r5, [r0, #7]
10004e24:	116a      	asrs	r2, r5, #5
10004e26:	2301      	movs	r3, #1
10004e28:	494c      	ldr	r1, [pc, #304]	; (10004f5c <process_set_config+0x178>)
10004e2a:	401a      	ands	r2, r3
10004e2c:	0114      	lsls	r4, r2, #4
10004e2e:	780a      	ldrb	r2, [r1, #0]
10004e30:	2610      	movs	r6, #16
10004e32:	43b2      	bics	r2, r6
10004e34:	4322      	orrs	r2, r4
10004e36:	700a      	strb	r2, [r1, #0]
10004e38:	11ad      	asrs	r5, r5, #6
10004e3a:	402b      	ands	r3, r5
10004e3c:	015b      	lsls	r3, r3, #5
10004e3e:	b2d2      	uxtb	r2, r2
10004e40:	2420      	movs	r4, #32
10004e42:	43a2      	bics	r2, r4
10004e44:	4313      	orrs	r3, r2
10004e46:	700b      	strb	r3, [r1, #0]
10004e48:	0006      	movs	r6, r0
10004e4a:	3609      	adds	r6, #9
10004e4c:	7882      	ldrb	r2, [r0, #2]
10004e4e:	78c3      	ldrb	r3, [r0, #3]
10004e50:	021b      	lsls	r3, r3, #8
10004e52:	4313      	orrs	r3, r2
10004e54:	4683      	mov	fp, r0
10004e56:	449b      	add	fp, r3
10004e58:	455e      	cmp	r6, fp
10004e5a:	d277      	bcs.n	10004f4c <process_set_config+0x168>
10004e5c:	7873      	ldrb	r3, [r6, #1]
10004e5e:	2b0b      	cmp	r3, #11
10004e60:	d00a      	beq.n	10004e78 <process_set_config+0x94>
10004e62:	2301      	movs	r3, #1
10004e64:	4699      	mov	r9, r3
10004e66:	7873      	ldrb	r3, [r6, #1]
10004e68:	2b04      	cmp	r3, #4
10004e6a:	d10a      	bne.n	10004e82 <process_set_config+0x9e>
10004e6c:	465b      	mov	r3, fp
10004e6e:	1b9b      	subs	r3, r3, r6
10004e70:	b29b      	uxth	r3, r3
10004e72:	4698      	mov	r8, r3
10004e74:	2400      	movs	r4, #0
10004e76:	e03d      	b.n	10004ef4 <process_set_config+0x110>
10004e78:	78f3      	ldrb	r3, [r6, #3]
10004e7a:	4699      	mov	r9, r3
10004e7c:	7833      	ldrb	r3, [r6, #0]
10004e7e:	18f6      	adds	r6, r6, r3
10004e80:	e7f1      	b.n	10004e66 <process_set_config+0x82>
10004e82:	4a37      	ldr	r2, [pc, #220]	; (10004f60 <process_set_config+0x17c>)
10004e84:	4933      	ldr	r1, [pc, #204]	; (10004f54 <process_set_config+0x170>)
10004e86:	4834      	ldr	r0, [pc, #208]	; (10004f58 <process_set_config+0x174>)
10004e88:	f7ff f8ea 	bl	10004060 <__wrap_printf>
10004e8c:	2000      	movs	r0, #0
10004e8e:	e7c1      	b.n	10004e14 <process_set_config+0x30>
10004e90:	1b7d      	subs	r5, r7, r5
10004e92:	016d      	lsls	r5, r5, #5
10004e94:	4b33      	ldr	r3, [pc, #204]	; (10004f64 <process_set_config+0x180>)
10004e96:	195d      	adds	r5, r3, r5
10004e98:	e038      	b.n	10004f0c <process_set_config+0x128>
10004e9a:	4a33      	ldr	r2, [pc, #204]	; (10004f68 <process_set_config+0x184>)
10004e9c:	492d      	ldr	r1, [pc, #180]	; (10004f54 <process_set_config+0x170>)
10004e9e:	482e      	ldr	r0, [pc, #184]	; (10004f58 <process_set_config+0x174>)
10004ea0:	f7ff f8de 	bl	10004060 <__wrap_printf>
10004ea4:	2000      	movs	r0, #0
10004ea6:	e7b5      	b.n	10004e14 <process_set_config+0x30>
10004ea8:	692a      	ldr	r2, [r5, #16]
10004eaa:	4b30      	ldr	r3, [pc, #192]	; (10004f6c <process_set_config+0x188>)
10004eac:	429a      	cmp	r2, r3
10004eae:	d13c      	bne.n	10004f2a <process_set_config+0x146>
10004eb0:	9b01      	ldr	r3, [sp, #4]
10004eb2:	4699      	mov	r9, r3
10004eb4:	e039      	b.n	10004f2a <process_set_config+0x146>
10004eb6:	4a2e      	ldr	r2, [pc, #184]	; (10004f70 <process_set_config+0x18c>)
10004eb8:	4926      	ldr	r1, [pc, #152]	; (10004f54 <process_set_config+0x170>)
10004eba:	4827      	ldr	r0, [pc, #156]	; (10004f58 <process_set_config+0x174>)
10004ebc:	f7ff f8d0 	bl	10004060 <__wrap_printf>
10004ec0:	2000      	movs	r0, #0
10004ec2:	e7a7      	b.n	10004e14 <process_set_config+0x30>
10004ec4:	4825      	ldr	r0, [pc, #148]	; (10004f5c <process_set_config+0x178>)
10004ec6:	0023      	movs	r3, r4
10004ec8:	9c00      	ldr	r4, [sp, #0]
10004eca:	0022      	movs	r2, r4
10004ecc:	0031      	movs	r1, r6
10004ece:	3014      	adds	r0, #20
10004ed0:	f001 fc9a 	bl	10006808 <tu_edpt_bind_driver>
10004ed4:	46a4      	mov	ip, r4
10004ed6:	4466      	add	r6, ip
10004ed8:	4b26      	ldr	r3, [pc, #152]	; (10004f74 <process_set_config+0x190>)
10004eda:	781b      	ldrb	r3, [r3, #0]
10004edc:	3301      	adds	r3, #1
10004ede:	429f      	cmp	r7, r3
10004ee0:	ddba      	ble.n	10004e58 <process_set_config+0x74>
10004ee2:	4a25      	ldr	r2, [pc, #148]	; (10004f78 <process_set_config+0x194>)
10004ee4:	491b      	ldr	r1, [pc, #108]	; (10004f54 <process_set_config+0x170>)
10004ee6:	481c      	ldr	r0, [pc, #112]	; (10004f58 <process_set_config+0x174>)
10004ee8:	f7ff f8ba 	bl	10004060 <__wrap_printf>
10004eec:	2000      	movs	r0, #0
10004eee:	e791      	b.n	10004e14 <process_set_config+0x30>
10004ef0:	3401      	adds	r4, #1
10004ef2:	b2e4      	uxtb	r4, r4
10004ef4:	4b1f      	ldr	r3, [pc, #124]	; (10004f74 <process_set_config+0x190>)
10004ef6:	781d      	ldrb	r5, [r3, #0]
10004ef8:	1c6b      	adds	r3, r5, #1
10004efa:	0027      	movs	r7, r4
10004efc:	42a3      	cmp	r3, r4
10004efe:	dbeb      	blt.n	10004ed8 <process_set_config+0xf4>
10004f00:	42a5      	cmp	r5, r4
10004f02:	d9c5      	bls.n	10004e90 <process_set_config+0xac>
10004f04:	4b1d      	ldr	r3, [pc, #116]	; (10004f7c <process_set_config+0x198>)
10004f06:	681d      	ldr	r5, [r3, #0]
10004f08:	0163      	lsls	r3, r4, #5
10004f0a:	18ed      	adds	r5, r5, r3
10004f0c:	2d00      	cmp	r5, #0
10004f0e:	d0c4      	beq.n	10004e9a <process_set_config+0xb6>
10004f10:	4642      	mov	r2, r8
10004f12:	0031      	movs	r1, r6
10004f14:	4650      	mov	r0, sl
10004f16:	692b      	ldr	r3, [r5, #16]
10004f18:	4798      	blx	r3
10004f1a:	9000      	str	r0, [sp, #0]
10004f1c:	2808      	cmp	r0, #8
10004f1e:	d9e7      	bls.n	10004ef0 <process_set_config+0x10c>
10004f20:	4580      	cmp	r8, r0
10004f22:	d3e5      	bcc.n	10004ef0 <process_set_config+0x10c>
10004f24:	464b      	mov	r3, r9
10004f26:	2b01      	cmp	r3, #1
10004f28:	d0be      	beq.n	10004ea8 <process_set_config+0xc4>
10004f2a:	2100      	movs	r1, #0
10004f2c:	4589      	cmp	r9, r1
10004f2e:	d9c9      	bls.n	10004ec4 <process_set_config+0xe0>
10004f30:	78b3      	ldrb	r3, [r6, #2]
10004f32:	185b      	adds	r3, r3, r1
10004f34:	b2db      	uxtb	r3, r3
10004f36:	4a09      	ldr	r2, [pc, #36]	; (10004f5c <process_set_config+0x178>)
10004f38:	18d2      	adds	r2, r2, r3
10004f3a:	7912      	ldrb	r2, [r2, #4]
10004f3c:	2aff      	cmp	r2, #255	; 0xff
10004f3e:	d1ba      	bne.n	10004eb6 <process_set_config+0xd2>
10004f40:	4a06      	ldr	r2, [pc, #24]	; (10004f5c <process_set_config+0x178>)
10004f42:	18d3      	adds	r3, r2, r3
10004f44:	711c      	strb	r4, [r3, #4]
10004f46:	3101      	adds	r1, #1
10004f48:	b2c9      	uxtb	r1, r1
10004f4a:	e7ef      	b.n	10004f2c <process_set_config+0x148>
10004f4c:	2001      	movs	r0, #1
10004f4e:	e761      	b.n	10004e14 <process_set_config+0x30>
10004f50:	000003c7 	.word	0x000003c7
10004f54:	100083a8 	.word	0x100083a8
10004f58:	10008248 	.word	0x10008248
10004f5c:	200011a8 	.word	0x200011a8
10004f60:	000003e2 	.word	0x000003e2
10004f64:	100083bc 	.word	0x100083bc
10004f68:	000003eb 	.word	0x000003eb
10004f6c:	10005f69 	.word	0x10005f69
10004f70:	0000040a 	.word	0x0000040a
10004f74:	20001d7c 	.word	0x20001d7c
10004f78:	00000419 	.word	0x00000419
10004f7c:	20000e7c 	.word	0x20000e7c

10004f80 <tud_event_hook_cb>:
10004f80:	4770      	bx	lr

10004f82 <tud_sof_cb>:
10004f82:	4770      	bx	lr

10004f84 <tud_descriptor_device_qualifier_cb>:
10004f84:	2000      	movs	r0, #0
10004f86:	4770      	bx	lr

10004f88 <tud_descriptor_other_speed_configuration_cb>:
10004f88:	2000      	movs	r0, #0
10004f8a:	4770      	bx	lr

10004f8c <process_get_descriptor>:
10004f8c:	b570      	push	{r4, r5, r6, lr}
10004f8e:	0005      	movs	r5, r0
10004f90:	000c      	movs	r4, r1
10004f92:	78cb      	ldrb	r3, [r1, #3]
10004f94:	7888      	ldrb	r0, [r1, #2]
10004f96:	2b0f      	cmp	r3, #15
10004f98:	d853      	bhi.n	10005042 <process_get_descriptor+0xb6>
10004f9a:	009a      	lsls	r2, r3, #2
10004f9c:	492e      	ldr	r1, [pc, #184]	; (10005058 <process_get_descriptor+0xcc>)
10004f9e:	588a      	ldr	r2, [r1, r2]
10004fa0:	4697      	mov	pc, r2
10004fa2:	f7ff fc27 	bl	100047f4 <tud_descriptor_device_cb>
10004fa6:	1e02      	subs	r2, r0, #0
10004fa8:	d005      	beq.n	10004fb6 <process_get_descriptor+0x2a>
10004faa:	2312      	movs	r3, #18
10004fac:	0021      	movs	r1, r4
10004fae:	0028      	movs	r0, r5
10004fb0:	f000 fd0e 	bl	100059d0 <tud_control_xfer>
10004fb4:	e046      	b.n	10005044 <process_get_descriptor+0xb8>
10004fb6:	4a29      	ldr	r2, [pc, #164]	; (1000505c <process_get_descriptor+0xd0>)
10004fb8:	4929      	ldr	r1, [pc, #164]	; (10005060 <process_get_descriptor+0xd4>)
10004fba:	482a      	ldr	r0, [pc, #168]	; (10005064 <process_get_descriptor+0xd8>)
10004fbc:	f7ff f850 	bl	10004060 <__wrap_printf>
10004fc0:	2000      	movs	r0, #0
10004fc2:	e03f      	b.n	10005044 <process_get_descriptor+0xb8>
10004fc4:	f7ff f9c2 	bl	1000434c <tud_descriptor_bos_cb>
10004fc8:	1e02      	subs	r2, r0, #0
10004fca:	d03c      	beq.n	10005046 <process_get_descriptor+0xba>
10004fcc:	7881      	ldrb	r1, [r0, #2]
10004fce:	78c3      	ldrb	r3, [r0, #3]
10004fd0:	021b      	lsls	r3, r3, #8
10004fd2:	430b      	orrs	r3, r1
10004fd4:	0021      	movs	r1, r4
10004fd6:	0028      	movs	r0, r5
10004fd8:	f000 fcfa 	bl	100059d0 <tud_control_xfer>
10004fdc:	e032      	b.n	10005044 <process_get_descriptor+0xb8>
10004fde:	2b02      	cmp	r3, #2
10004fe0:	d00c      	beq.n	10004ffc <process_get_descriptor+0x70>
10004fe2:	f7ff ffd1 	bl	10004f88 <tud_descriptor_other_speed_configuration_cb>
10004fe6:	1e02      	subs	r2, r0, #0
10004fe8:	d02f      	beq.n	1000504a <process_get_descriptor+0xbe>
10004fea:	7891      	ldrb	r1, [r2, #2]
10004fec:	78d3      	ldrb	r3, [r2, #3]
10004fee:	021b      	lsls	r3, r3, #8
10004ff0:	430b      	orrs	r3, r1
10004ff2:	0021      	movs	r1, r4
10004ff4:	0028      	movs	r0, r5
10004ff6:	f000 fceb 	bl	100059d0 <tud_control_xfer>
10004ffa:	e023      	b.n	10005044 <process_get_descriptor+0xb8>
10004ffc:	f7ff fbfe 	bl	100047fc <tud_descriptor_configuration_cb>
10005000:	1e02      	subs	r2, r0, #0
10005002:	d1f2      	bne.n	10004fea <process_get_descriptor+0x5e>
10005004:	4a18      	ldr	r2, [pc, #96]	; (10005068 <process_get_descriptor+0xdc>)
10005006:	4916      	ldr	r1, [pc, #88]	; (10005060 <process_get_descriptor+0xd4>)
10005008:	4816      	ldr	r0, [pc, #88]	; (10005064 <process_get_descriptor+0xd8>)
1000500a:	f7ff f829 	bl	10004060 <__wrap_printf>
1000500e:	2000      	movs	r0, #0
10005010:	e018      	b.n	10005044 <process_get_descriptor+0xb8>
10005012:	7923      	ldrb	r3, [r4, #4]
10005014:	7961      	ldrb	r1, [r4, #5]
10005016:	0209      	lsls	r1, r1, #8
10005018:	4319      	orrs	r1, r3
1000501a:	f7ff fbf3 	bl	10004804 <tud_descriptor_string_cb>
1000501e:	1e02      	subs	r2, r0, #0
10005020:	d015      	beq.n	1000504e <process_get_descriptor+0xc2>
10005022:	7803      	ldrb	r3, [r0, #0]
10005024:	0021      	movs	r1, r4
10005026:	0028      	movs	r0, r5
10005028:	f000 fcd2 	bl	100059d0 <tud_control_xfer>
1000502c:	e00a      	b.n	10005044 <process_get_descriptor+0xb8>
1000502e:	f7ff ffa9 	bl	10004f84 <tud_descriptor_device_qualifier_cb>
10005032:	1e02      	subs	r2, r0, #0
10005034:	d00d      	beq.n	10005052 <process_get_descriptor+0xc6>
10005036:	7803      	ldrb	r3, [r0, #0]
10005038:	0021      	movs	r1, r4
1000503a:	0028      	movs	r0, r5
1000503c:	f000 fcc8 	bl	100059d0 <tud_control_xfer>
10005040:	e000      	b.n	10005044 <process_get_descriptor+0xb8>
10005042:	2000      	movs	r0, #0
10005044:	bd70      	pop	{r4, r5, r6, pc}
10005046:	2000      	movs	r0, #0
10005048:	e7fc      	b.n	10005044 <process_get_descriptor+0xb8>
1000504a:	2000      	movs	r0, #0
1000504c:	e7fa      	b.n	10005044 <process_get_descriptor+0xb8>
1000504e:	2000      	movs	r0, #0
10005050:	e7f8      	b.n	10005044 <process_get_descriptor+0xb8>
10005052:	2000      	movs	r0, #0
10005054:	e7f6      	b.n	10005044 <process_get_descriptor+0xb8>
10005056:	46c0      	nop			; (mov r8, r8)
10005058:	10008260 	.word	0x10008260
1000505c:	0000042b 	.word	0x0000042b
10005060:	10008390 	.word	0x10008390
10005064:	10008248 	.word	0x10008248
10005068:	00000452 	.word	0x00000452

1000506c <tud_mount_cb>:
1000506c:	4770      	bx	lr

1000506e <tud_umount_cb>:
1000506e:	4770      	bx	lr

10005070 <tud_suspend_cb>:
10005070:	4770      	bx	lr

10005072 <tud_resume_cb>:
10005072:	4770      	bx	lr

10005074 <tud_mounted>:
10005074:	4b02      	ldr	r3, [pc, #8]	; (10005080 <tud_mounted+0xc>)
10005076:	7858      	ldrb	r0, [r3, #1]
10005078:	1e43      	subs	r3, r0, #1
1000507a:	4198      	sbcs	r0, r3
1000507c:	b2c0      	uxtb	r0, r0
1000507e:	4770      	bx	lr
10005080:	200011a8 	.word	0x200011a8

10005084 <tud_suspended>:
10005084:	4b02      	ldr	r3, [pc, #8]	; (10005090 <tud_suspended+0xc>)
10005086:	7818      	ldrb	r0, [r3, #0]
10005088:	0740      	lsls	r0, r0, #29
1000508a:	0fc0      	lsrs	r0, r0, #31
1000508c:	4770      	bx	lr
1000508e:	46c0      	nop			; (mov r8, r8)
10005090:	200011a8 	.word	0x200011a8

10005094 <tud_inited>:
10005094:	4b03      	ldr	r3, [pc, #12]	; (100050a4 <tud_inited+0x10>)
10005096:	7818      	ldrb	r0, [r3, #0]
10005098:	38ff      	subs	r0, #255	; 0xff
1000509a:	1e43      	subs	r3, r0, #1
1000509c:	4198      	sbcs	r0, r3
1000509e:	b2c0      	uxtb	r0, r0
100050a0:	4770      	bx	lr
100050a2:	46c0      	nop			; (mov r8, r8)
100050a4:	20000ccc 	.word	0x20000ccc

100050a8 <tud_init>:
100050a8:	b570      	push	{r4, r5, r6, lr}
100050aa:	0005      	movs	r5, r0
100050ac:	f7ff fff2 	bl	10005094 <tud_inited>
100050b0:	1e06      	subs	r6, r0, #0
100050b2:	d001      	beq.n	100050b8 <tud_init+0x10>
100050b4:	0030      	movs	r0, r6
100050b6:	bd70      	pop	{r4, r5, r6, pc}
100050b8:	2254      	movs	r2, #84	; 0x54
100050ba:	2100      	movs	r1, #0
100050bc:	4824      	ldr	r0, [pc, #144]	; (10005150 <tud_init+0xa8>)
100050be:	f7fd fd93 	bl	10002be8 <__wrap_memset>
100050c2:	4b24      	ldr	r3, [pc, #144]	; (10005154 <tud_init+0xac>)
100050c4:	2200      	movs	r2, #0
100050c6:	701a      	strb	r2, [r3, #0]
100050c8:	4c23      	ldr	r4, [pc, #140]	; (10005158 <tud_init+0xb0>)
100050ca:	0020      	movs	r0, r4
100050cc:	f7fb fe9e 	bl	10000e0c <mutex_init>
100050d0:	4b22      	ldr	r3, [pc, #136]	; (1000515c <tud_init+0xb4>)
100050d2:	601c      	str	r4, [r3, #0]
100050d4:	4c22      	ldr	r4, [pc, #136]	; (10005160 <tud_init+0xb8>)
100050d6:	0020      	movs	r0, r4
100050d8:	3014      	adds	r0, #20
100050da:	f7fb fee3 	bl	10000ea4 <critical_section_init>
100050de:	0020      	movs	r0, r4
100050e0:	f001 fdfb 	bl	10006cda <tu_fifo_clear>
100050e4:	4b1f      	ldr	r3, [pc, #124]	; (10005164 <tud_init+0xbc>)
100050e6:	601c      	str	r4, [r3, #0]
100050e8:	4b1f      	ldr	r3, [pc, #124]	; (10005168 <tud_init+0xc0>)
100050ea:	2b00      	cmp	r3, #0
100050ec:	d004      	beq.n	100050f8 <tud_init+0x50>
100050ee:	481f      	ldr	r0, [pc, #124]	; (1000516c <tud_init+0xc4>)
100050f0:	f7ff f94c 	bl	1000438c <usbd_app_driver_get_cb>
100050f4:	4b1e      	ldr	r3, [pc, #120]	; (10005170 <tud_init+0xc8>)
100050f6:	6018      	str	r0, [r3, #0]
100050f8:	2400      	movs	r4, #0
100050fa:	e00b      	b.n	10005114 <tud_init+0x6c>
100050fc:	1ad2      	subs	r2, r2, r3
100050fe:	0152      	lsls	r2, r2, #5
10005100:	4b1c      	ldr	r3, [pc, #112]	; (10005174 <tud_init+0xcc>)
10005102:	189b      	adds	r3, r3, r2
10005104:	2b00      	cmp	r3, #0
10005106:	d012      	beq.n	1000512e <tud_init+0x86>
10005108:	685b      	ldr	r3, [r3, #4]
1000510a:	2b00      	cmp	r3, #0
1000510c:	d00f      	beq.n	1000512e <tud_init+0x86>
1000510e:	4798      	blx	r3
10005110:	3401      	adds	r4, #1
10005112:	b2e4      	uxtb	r4, r4
10005114:	4b15      	ldr	r3, [pc, #84]	; (1000516c <tud_init+0xc4>)
10005116:	781b      	ldrb	r3, [r3, #0]
10005118:	1c59      	adds	r1, r3, #1
1000511a:	0022      	movs	r2, r4
1000511c:	42a1      	cmp	r1, r4
1000511e:	db0d      	blt.n	1000513c <tud_init+0x94>
10005120:	42a3      	cmp	r3, r4
10005122:	d9eb      	bls.n	100050fc <tud_init+0x54>
10005124:	4b12      	ldr	r3, [pc, #72]	; (10005170 <tud_init+0xc8>)
10005126:	681b      	ldr	r3, [r3, #0]
10005128:	0162      	lsls	r2, r4, #5
1000512a:	189b      	adds	r3, r3, r2
1000512c:	e7ea      	b.n	10005104 <tud_init+0x5c>
1000512e:	22f1      	movs	r2, #241	; 0xf1
10005130:	0052      	lsls	r2, r2, #1
10005132:	4911      	ldr	r1, [pc, #68]	; (10005178 <tud_init+0xd0>)
10005134:	4811      	ldr	r0, [pc, #68]	; (1000517c <tud_init+0xd4>)
10005136:	f7fe ff93 	bl	10004060 <__wrap_printf>
1000513a:	e7bb      	b.n	100050b4 <tud_init+0xc>
1000513c:	4b10      	ldr	r3, [pc, #64]	; (10005180 <tud_init+0xd8>)
1000513e:	701d      	strb	r5, [r3, #0]
10005140:	0028      	movs	r0, r5
10005142:	f7ff fccf 	bl	10004ae4 <dcd_init>
10005146:	0028      	movs	r0, r5
10005148:	f7ff fc98 	bl	10004a7c <dcd_int_enable>
1000514c:	2601      	movs	r6, #1
1000514e:	e7b1      	b.n	100050b4 <tud_init+0xc>
10005150:	200011a8 	.word	0x200011a8
10005154:	20001d7e 	.word	0x20001d7e
10005158:	20001160 	.word	0x20001160
1000515c:	200011fc 	.word	0x200011fc
10005160:	20000cb0 	.word	0x20000cb0
10005164:	20001200 	.word	0x20001200
10005168:	1000438d 	.word	0x1000438d
1000516c:	20001d7c 	.word	0x20001d7c
10005170:	20000e7c 	.word	0x20000e7c
10005174:	100083bc 	.word	0x100083bc
10005178:	10008344 	.word	0x10008344
1000517c:	10008248 	.word	0x10008248
10005180:	20000ccc 	.word	0x20000ccc

10005184 <usbd_edpt_open>:
10005184:	b570      	push	{r4, r5, r6, lr}
10005186:	000d      	movs	r5, r1
10005188:	4b10      	ldr	r3, [pc, #64]	; (100051cc <usbd_edpt_open+0x48>)
1000518a:	781e      	ldrb	r6, [r3, #0]
1000518c:	788b      	ldrb	r3, [r1, #2]
1000518e:	2270      	movs	r2, #112	; 0x70
10005190:	421a      	tst	r2, r3
10005192:	d10d      	bne.n	100051b0 <usbd_edpt_open+0x2c>
10005194:	4b0e      	ldr	r3, [pc, #56]	; (100051d0 <usbd_edpt_open+0x4c>)
10005196:	7899      	ldrb	r1, [r3, #2]
10005198:	0028      	movs	r0, r5
1000519a:	f001 fadf 	bl	1000675c <tu_edpt_validate>
1000519e:	1e04      	subs	r4, r0, #0
100051a0:	d00d      	beq.n	100051be <usbd_edpt_open+0x3a>
100051a2:	0029      	movs	r1, r5
100051a4:	0030      	movs	r0, r6
100051a6:	f7ff fcf9 	bl	10004b9c <dcd_edpt_open>
100051aa:	0004      	movs	r4, r0
100051ac:	0020      	movs	r0, r4
100051ae:	bd70      	pop	{r4, r5, r6, pc}
100051b0:	4a08      	ldr	r2, [pc, #32]	; (100051d4 <usbd_edpt_open+0x50>)
100051b2:	4909      	ldr	r1, [pc, #36]	; (100051d8 <usbd_edpt_open+0x54>)
100051b4:	4809      	ldr	r0, [pc, #36]	; (100051dc <usbd_edpt_open+0x58>)
100051b6:	f7fe ff53 	bl	10004060 <__wrap_printf>
100051ba:	2400      	movs	r4, #0
100051bc:	e7f6      	b.n	100051ac <usbd_edpt_open+0x28>
100051be:	4a08      	ldr	r2, [pc, #32]	; (100051e0 <usbd_edpt_open+0x5c>)
100051c0:	4905      	ldr	r1, [pc, #20]	; (100051d8 <usbd_edpt_open+0x54>)
100051c2:	4806      	ldr	r0, [pc, #24]	; (100051dc <usbd_edpt_open+0x58>)
100051c4:	f7fe ff4c 	bl	10004060 <__wrap_printf>
100051c8:	e7f0      	b.n	100051ac <usbd_edpt_open+0x28>
100051ca:	46c0      	nop			; (mov r8, r8)
100051cc:	20000ccc 	.word	0x20000ccc
100051d0:	200011a8 	.word	0x200011a8
100051d4:	000004fd 	.word	0x000004fd
100051d8:	10008360 	.word	0x10008360
100051dc:	10008248 	.word	0x10008248
100051e0:	000004fe 	.word	0x000004fe

100051e4 <usbd_open_edpt_pair>:
100051e4:	b5f0      	push	{r4, r5, r6, r7, lr}
100051e6:	46d6      	mov	lr, sl
100051e8:	464f      	mov	r7, r9
100051ea:	4646      	mov	r6, r8
100051ec:	b5c0      	push	{r6, r7, lr}
100051ee:	4681      	mov	r9, r0
100051f0:	000c      	movs	r4, r1
100051f2:	0017      	movs	r7, r2
100051f4:	4698      	mov	r8, r3
100051f6:	9b08      	ldr	r3, [sp, #32]
100051f8:	469a      	mov	sl, r3
100051fa:	2500      	movs	r5, #0
100051fc:	e016      	b.n	1000522c <usbd_open_edpt_pair+0x48>
100051fe:	4a18      	ldr	r2, [pc, #96]	; (10005260 <usbd_open_edpt_pair+0x7c>)
10005200:	4918      	ldr	r1, [pc, #96]	; (10005264 <usbd_open_edpt_pair+0x80>)
10005202:	4819      	ldr	r0, [pc, #100]	; (10005268 <usbd_open_edpt_pair+0x84>)
10005204:	f7fe ff2c 	bl	10004060 <__wrap_printf>
10005208:	2600      	movs	r6, #0
1000520a:	0030      	movs	r0, r6
1000520c:	bce0      	pop	{r5, r6, r7}
1000520e:	46ba      	mov	sl, r7
10005210:	46b1      	mov	r9, r6
10005212:	46a8      	mov	r8, r5
10005214:	bdf0      	pop	{r4, r5, r6, r7, pc}
10005216:	4a15      	ldr	r2, [pc, #84]	; (1000526c <usbd_open_edpt_pair+0x88>)
10005218:	4912      	ldr	r1, [pc, #72]	; (10005264 <usbd_open_edpt_pair+0x80>)
1000521a:	4813      	ldr	r0, [pc, #76]	; (10005268 <usbd_open_edpt_pair+0x84>)
1000521c:	f7fe ff20 	bl	10004060 <__wrap_printf>
10005220:	e7f3      	b.n	1000520a <usbd_open_edpt_pair+0x26>
10005222:	9a09      	ldr	r2, [sp, #36]	; 0x24
10005224:	7013      	strb	r3, [r2, #0]
10005226:	7823      	ldrb	r3, [r4, #0]
10005228:	18e4      	adds	r4, r4, r3
1000522a:	3501      	adds	r5, #1
1000522c:	42af      	cmp	r7, r5
1000522e:	dd14      	ble.n	1000525a <usbd_open_edpt_pair+0x76>
10005230:	7863      	ldrb	r3, [r4, #1]
10005232:	2b05      	cmp	r3, #5
10005234:	d1e3      	bne.n	100051fe <usbd_open_edpt_pair+0x1a>
10005236:	78e1      	ldrb	r1, [r4, #3]
10005238:	0789      	lsls	r1, r1, #30
1000523a:	0f89      	lsrs	r1, r1, #30
1000523c:	4541      	cmp	r1, r8
1000523e:	d1de      	bne.n	100051fe <usbd_open_edpt_pair+0x1a>
10005240:	0021      	movs	r1, r4
10005242:	4648      	mov	r0, r9
10005244:	f7ff ff9e 	bl	10005184 <usbd_edpt_open>
10005248:	1e06      	subs	r6, r0, #0
1000524a:	d0e4      	beq.n	10005216 <usbd_open_edpt_pair+0x32>
1000524c:	78a3      	ldrb	r3, [r4, #2]
1000524e:	09da      	lsrs	r2, r3, #7
10005250:	2a01      	cmp	r2, #1
10005252:	d0e6      	beq.n	10005222 <usbd_open_edpt_pair+0x3e>
10005254:	4652      	mov	r2, sl
10005256:	7013      	strb	r3, [r2, #0]
10005258:	e7e5      	b.n	10005226 <usbd_open_edpt_pair+0x42>
1000525a:	2601      	movs	r6, #1
1000525c:	e7d5      	b.n	1000520a <usbd_open_edpt_pair+0x26>
1000525e:	46c0      	nop			; (mov r8, r8)
10005260:	000004d9 	.word	0x000004d9
10005264:	10008370 	.word	0x10008370
10005268:	10008248 	.word	0x10008248
1000526c:	000004da 	.word	0x000004da

10005270 <usbd_edpt_claim>:
10005270:	b510      	push	{r4, lr}
10005272:	207f      	movs	r0, #127	; 0x7f
10005274:	4008      	ands	r0, r1
10005276:	09c9      	lsrs	r1, r1, #7
10005278:	0040      	lsls	r0, r0, #1
1000527a:	1840      	adds	r0, r0, r1
1000527c:	3030      	adds	r0, #48	; 0x30
1000527e:	4904      	ldr	r1, [pc, #16]	; (10005290 <usbd_edpt_claim+0x20>)
10005280:	1808      	adds	r0, r1, r0
10005282:	3004      	adds	r0, #4
10005284:	4b03      	ldr	r3, [pc, #12]	; (10005294 <usbd_edpt_claim+0x24>)
10005286:	6819      	ldr	r1, [r3, #0]
10005288:	f001 fa22 	bl	100066d0 <tu_edpt_claim>
1000528c:	bd10      	pop	{r4, pc}
1000528e:	46c0      	nop			; (mov r8, r8)
10005290:	200011a8 	.word	0x200011a8
10005294:	200011fc 	.word	0x200011fc

10005298 <usbd_edpt_release>:
10005298:	b510      	push	{r4, lr}
1000529a:	207f      	movs	r0, #127	; 0x7f
1000529c:	4008      	ands	r0, r1
1000529e:	09c9      	lsrs	r1, r1, #7
100052a0:	0040      	lsls	r0, r0, #1
100052a2:	1840      	adds	r0, r0, r1
100052a4:	3030      	adds	r0, #48	; 0x30
100052a6:	4904      	ldr	r1, [pc, #16]	; (100052b8 <usbd_edpt_release+0x20>)
100052a8:	1808      	adds	r0, r1, r0
100052aa:	3004      	adds	r0, #4
100052ac:	4b03      	ldr	r3, [pc, #12]	; (100052bc <usbd_edpt_release+0x24>)
100052ae:	6819      	ldr	r1, [r3, #0]
100052b0:	f001 fa36 	bl	10006720 <tu_edpt_release>
100052b4:	bd10      	pop	{r4, pc}
100052b6:	46c0      	nop			; (mov r8, r8)
100052b8:	200011a8 	.word	0x200011a8
100052bc:	200011fc 	.word	0x200011fc

100052c0 <usbd_edpt_xfer>:
100052c0:	b5f0      	push	{r4, r5, r6, r7, lr}
100052c2:	46c6      	mov	lr, r8
100052c4:	b500      	push	{lr}
100052c6:	b082      	sub	sp, #8
100052c8:	9301      	str	r3, [sp, #4]
100052ca:	481a      	ldr	r0, [pc, #104]	; (10005334 <usbd_edpt_xfer+0x74>)
100052cc:	7800      	ldrb	r0, [r0, #0]
100052ce:	257f      	movs	r5, #127	; 0x7f
100052d0:	400d      	ands	r5, r1
100052d2:	09ce      	lsrs	r6, r1, #7
100052d4:	006f      	lsls	r7, r5, #1
100052d6:	4c18      	ldr	r4, [pc, #96]	; (10005338 <usbd_edpt_xfer+0x78>)
100052d8:	19e4      	adds	r4, r4, r7
100052da:	19a4      	adds	r4, r4, r6
100052dc:	3430      	adds	r4, #48	; 0x30
100052de:	7924      	ldrb	r4, [r4, #4]
100052e0:	07e4      	lsls	r4, r4, #31
100052e2:	d41d      	bmi.n	10005320 <usbd_edpt_xfer+0x60>
100052e4:	006f      	lsls	r7, r5, #1
100052e6:	4c14      	ldr	r4, [pc, #80]	; (10005338 <usbd_edpt_xfer+0x78>)
100052e8:	19e4      	adds	r4, r4, r7
100052ea:	19a4      	adds	r4, r4, r6
100052ec:	3430      	adds	r4, #48	; 0x30
100052ee:	7923      	ldrb	r3, [r4, #4]
100052f0:	2701      	movs	r7, #1
100052f2:	46bc      	mov	ip, r7
100052f4:	4667      	mov	r7, ip
100052f6:	433b      	orrs	r3, r7
100052f8:	7123      	strb	r3, [r4, #4]
100052fa:	9b01      	ldr	r3, [sp, #4]
100052fc:	f7ff fc72 	bl	10004be4 <dcd_edpt_xfer>
10005300:	2800      	cmp	r0, #0
10005302:	d113      	bne.n	1000532c <usbd_edpt_xfer+0x6c>
10005304:	006d      	lsls	r5, r5, #1
10005306:	4b0c      	ldr	r3, [pc, #48]	; (10005338 <usbd_edpt_xfer+0x78>)
10005308:	195d      	adds	r5, r3, r5
1000530a:	19ae      	adds	r6, r5, r6
1000530c:	3630      	adds	r6, #48	; 0x30
1000530e:	7933      	ldrb	r3, [r6, #4]
10005310:	2201      	movs	r2, #1
10005312:	4393      	bics	r3, r2
10005314:	7133      	strb	r3, [r6, #4]
10005316:	7933      	ldrb	r3, [r6, #4]
10005318:	3203      	adds	r2, #3
1000531a:	4393      	bics	r3, r2
1000531c:	7133      	strb	r3, [r6, #4]
1000531e:	e005      	b.n	1000532c <usbd_edpt_xfer+0x6c>
10005320:	4a06      	ldr	r2, [pc, #24]	; (1000533c <usbd_edpt_xfer+0x7c>)
10005322:	4907      	ldr	r1, [pc, #28]	; (10005340 <usbd_edpt_xfer+0x80>)
10005324:	4807      	ldr	r0, [pc, #28]	; (10005344 <usbd_edpt_xfer+0x84>)
10005326:	f7fe fe9b 	bl	10004060 <__wrap_printf>
1000532a:	2000      	movs	r0, #0
1000532c:	b002      	add	sp, #8
1000532e:	bc80      	pop	{r7}
10005330:	46b8      	mov	r8, r7
10005332:	bdf0      	pop	{r4, r5, r6, r7, pc}
10005334:	20000ccc 	.word	0x20000ccc
10005338:	200011a8 	.word	0x200011a8
1000533c:	0000052b 	.word	0x0000052b
10005340:	10008350 	.word	0x10008350
10005344:	10008248 	.word	0x10008248

10005348 <usbd_edpt_stall>:
10005348:	b570      	push	{r4, r5, r6, lr}
1000534a:	4b0a      	ldr	r3, [pc, #40]	; (10005374 <usbd_edpt_stall+0x2c>)
1000534c:	7818      	ldrb	r0, [r3, #0]
1000534e:	247f      	movs	r4, #127	; 0x7f
10005350:	400c      	ands	r4, r1
10005352:	09cd      	lsrs	r5, r1, #7
10005354:	f7ff fc5e 	bl	10004c14 <dcd_edpt_stall>
10005358:	0064      	lsls	r4, r4, #1
1000535a:	4b07      	ldr	r3, [pc, #28]	; (10005378 <usbd_edpt_stall+0x30>)
1000535c:	191b      	adds	r3, r3, r4
1000535e:	195b      	adds	r3, r3, r5
10005360:	3330      	adds	r3, #48	; 0x30
10005362:	791a      	ldrb	r2, [r3, #4]
10005364:	2102      	movs	r1, #2
10005366:	430a      	orrs	r2, r1
10005368:	711a      	strb	r2, [r3, #4]
1000536a:	791a      	ldrb	r2, [r3, #4]
1000536c:	2101      	movs	r1, #1
1000536e:	430a      	orrs	r2, r1
10005370:	711a      	strb	r2, [r3, #4]
10005372:	bd70      	pop	{r4, r5, r6, pc}
10005374:	20000ccc 	.word	0x20000ccc
10005378:	200011a8 	.word	0x200011a8

1000537c <usbd_edpt_clear_stall>:
1000537c:	b570      	push	{r4, r5, r6, lr}
1000537e:	4b0a      	ldr	r3, [pc, #40]	; (100053a8 <usbd_edpt_clear_stall+0x2c>)
10005380:	7818      	ldrb	r0, [r3, #0]
10005382:	247f      	movs	r4, #127	; 0x7f
10005384:	400c      	ands	r4, r1
10005386:	09cd      	lsrs	r5, r1, #7
10005388:	f7ff fc62 	bl	10004c50 <dcd_edpt_clear_stall>
1000538c:	0064      	lsls	r4, r4, #1
1000538e:	4b07      	ldr	r3, [pc, #28]	; (100053ac <usbd_edpt_clear_stall+0x30>)
10005390:	191b      	adds	r3, r3, r4
10005392:	195b      	adds	r3, r3, r5
10005394:	3330      	adds	r3, #48	; 0x30
10005396:	791a      	ldrb	r2, [r3, #4]
10005398:	2102      	movs	r1, #2
1000539a:	438a      	bics	r2, r1
1000539c:	711a      	strb	r2, [r3, #4]
1000539e:	791a      	ldrb	r2, [r3, #4]
100053a0:	3901      	subs	r1, #1
100053a2:	438a      	bics	r2, r1
100053a4:	711a      	strb	r2, [r3, #4]
100053a6:	bd70      	pop	{r4, r5, r6, pc}
100053a8:	20000ccc 	.word	0x20000ccc
100053ac:	200011a8 	.word	0x200011a8

100053b0 <usbd_edpt_stalled>:
100053b0:	227f      	movs	r2, #127	; 0x7f
100053b2:	400a      	ands	r2, r1
100053b4:	09cb      	lsrs	r3, r1, #7
100053b6:	0052      	lsls	r2, r2, #1
100053b8:	4903      	ldr	r1, [pc, #12]	; (100053c8 <usbd_edpt_stalled+0x18>)
100053ba:	1889      	adds	r1, r1, r2
100053bc:	18c9      	adds	r1, r1, r3
100053be:	3130      	adds	r1, #48	; 0x30
100053c0:	7908      	ldrb	r0, [r1, #4]
100053c2:	0780      	lsls	r0, r0, #30
100053c4:	0fc0      	lsrs	r0, r0, #31
100053c6:	4770      	bx	lr
100053c8:	200011a8 	.word	0x200011a8

100053cc <process_control_request>:
100053cc:	b5f0      	push	{r4, r5, r6, r7, lr}
100053ce:	46c6      	mov	lr, r8
100053d0:	b500      	push	{lr}
100053d2:	b082      	sub	sp, #8
100053d4:	0004      	movs	r4, r0
100053d6:	000d      	movs	r5, r1
100053d8:	2000      	movs	r0, #0
100053da:	f000 fb57 	bl	10005a8c <usbd_control_set_complete_callback>
100053de:	782b      	ldrb	r3, [r5, #0]
100053e0:	2260      	movs	r2, #96	; 0x60
100053e2:	401a      	ands	r2, r3
100053e4:	2a60      	cmp	r2, #96	; 0x60
100053e6:	d012      	beq.n	1000540e <process_control_request+0x42>
100053e8:	2a40      	cmp	r2, #64	; 0x40
100053ea:	d017      	beq.n	1000541c <process_control_request+0x50>
100053ec:	782b      	ldrb	r3, [r5, #0]
100053ee:	06db      	lsls	r3, r3, #27
100053f0:	0edb      	lsrs	r3, r3, #27
100053f2:	2b01      	cmp	r3, #1
100053f4:	d100      	bne.n	100053f8 <process_control_request+0x2c>
100053f6:	e0da      	b.n	100055ae <process_control_request+0x1e2>
100053f8:	2b02      	cmp	r3, #2
100053fa:	d100      	bne.n	100053fe <process_control_request+0x32>
100053fc:	e11a      	b.n	10005634 <process_control_request+0x268>
100053fe:	2b00      	cmp	r3, #0
10005400:	d016      	beq.n	10005430 <process_control_request+0x64>
10005402:	2600      	movs	r6, #0
10005404:	0030      	movs	r0, r6
10005406:	b002      	add	sp, #8
10005408:	bc80      	pop	{r7}
1000540a:	46b8      	mov	r8, r7
1000540c:	bdf0      	pop	{r4, r5, r6, r7, pc}
1000540e:	4ac9      	ldr	r2, [pc, #804]	; (10005734 <process_control_request+0x368>)
10005410:	49c9      	ldr	r1, [pc, #804]	; (10005738 <process_control_request+0x36c>)
10005412:	48ca      	ldr	r0, [pc, #808]	; (1000573c <process_control_request+0x370>)
10005414:	f7fe fe24 	bl	10004060 <__wrap_printf>
10005418:	2600      	movs	r6, #0
1000541a:	e7f3      	b.n	10005404 <process_control_request+0x38>
1000541c:	48c8      	ldr	r0, [pc, #800]	; (10005740 <process_control_request+0x374>)
1000541e:	f000 fb35 	bl	10005a8c <usbd_control_set_complete_callback>
10005422:	002a      	movs	r2, r5
10005424:	2101      	movs	r1, #1
10005426:	0020      	movs	r0, r4
10005428:	f7fe ff94 	bl	10004354 <tud_vendor_control_xfer_cb>
1000542c:	0006      	movs	r6, r0
1000542e:	e7e9      	b.n	10005404 <process_control_request+0x38>
10005430:	2a20      	cmp	r2, #32
10005432:	d00a      	beq.n	1000544a <process_control_request+0x7e>
10005434:	2a00      	cmp	r2, #0
10005436:	d000      	beq.n	1000543a <process_control_request+0x6e>
10005438:	e16e      	b.n	10005718 <process_control_request+0x34c>
1000543a:	786b      	ldrb	r3, [r5, #1]
1000543c:	2b09      	cmp	r3, #9
1000543e:	d900      	bls.n	10005442 <process_control_request+0x76>
10005440:	e16c      	b.n	1000571c <process_control_request+0x350>
10005442:	009b      	lsls	r3, r3, #2
10005444:	4abf      	ldr	r2, [pc, #764]	; (10005744 <process_control_request+0x378>)
10005446:	58d3      	ldr	r3, [r2, r3]
10005448:	469f      	mov	pc, r3
1000544a:	792b      	ldrb	r3, [r5, #4]
1000544c:	2b0f      	cmp	r3, #15
1000544e:	d900      	bls.n	10005452 <process_control_request+0x86>
10005450:	e15c      	b.n	1000570c <process_control_request+0x340>
10005452:	4abd      	ldr	r2, [pc, #756]	; (10005748 <process_control_request+0x37c>)
10005454:	18d3      	adds	r3, r2, r3
10005456:	791b      	ldrb	r3, [r3, #4]
10005458:	4abc      	ldr	r2, [pc, #752]	; (1000574c <process_control_request+0x380>)
1000545a:	7811      	ldrb	r1, [r2, #0]
1000545c:	428b      	cmp	r3, r1
1000545e:	d20c      	bcs.n	1000547a <process_control_request+0xae>
10005460:	4abb      	ldr	r2, [pc, #748]	; (10005750 <process_control_request+0x384>)
10005462:	6812      	ldr	r2, [r2, #0]
10005464:	0159      	lsls	r1, r3, #5
10005466:	1851      	adds	r1, r2, r1
10005468:	2900      	cmp	r1, #0
1000546a:	d100      	bne.n	1000546e <process_control_request+0xa2>
1000546c:	e152      	b.n	10005714 <process_control_request+0x348>
1000546e:	002a      	movs	r2, r5
10005470:	0020      	movs	r0, r4
10005472:	f7ff fca9 	bl	10004dc8 <invoke_class_control>
10005476:	0006      	movs	r6, r0
10005478:	e7c4      	b.n	10005404 <process_control_request+0x38>
1000547a:	1c4a      	adds	r2, r1, #1
1000547c:	429a      	cmp	r2, r3
1000547e:	da00      	bge.n	10005482 <process_control_request+0xb6>
10005480:	e146      	b.n	10005710 <process_control_request+0x344>
10005482:	1a59      	subs	r1, r3, r1
10005484:	0149      	lsls	r1, r1, #5
10005486:	4bb3      	ldr	r3, [pc, #716]	; (10005754 <process_control_request+0x388>)
10005488:	1859      	adds	r1, r3, r1
1000548a:	e7ed      	b.n	10005468 <process_control_request+0x9c>
1000548c:	0028      	movs	r0, r5
1000548e:	f000 fb03 	bl	10005a98 <usbd_control_set_request>
10005492:	78a9      	ldrb	r1, [r5, #2]
10005494:	0020      	movs	r0, r4
10005496:	f7ff fb07 	bl	10004aa8 <dcd_set_address>
1000549a:	4aab      	ldr	r2, [pc, #684]	; (10005748 <process_control_request+0x37c>)
1000549c:	7813      	ldrb	r3, [r2, #0]
1000549e:	2102      	movs	r1, #2
100054a0:	430b      	orrs	r3, r1
100054a2:	7013      	strb	r3, [r2, #0]
100054a4:	2601      	movs	r6, #1
100054a6:	e7ad      	b.n	10005404 <process_control_request+0x38>
100054a8:	4ba7      	ldr	r3, [pc, #668]	; (10005748 <process_control_request+0x37c>)
100054aa:	785b      	ldrb	r3, [r3, #1]
100054ac:	466a      	mov	r2, sp
100054ae:	3206      	adds	r2, #6
100054b0:	7013      	strb	r3, [r2, #0]
100054b2:	2301      	movs	r3, #1
100054b4:	0029      	movs	r1, r5
100054b6:	0020      	movs	r0, r4
100054b8:	f000 fa8a 	bl	100059d0 <tud_control_xfer>
100054bc:	2601      	movs	r6, #1
100054be:	e7a1      	b.n	10005404 <process_control_request+0x38>
100054c0:	78ae      	ldrb	r6, [r5, #2]
100054c2:	4ba1      	ldr	r3, [pc, #644]	; (10005748 <process_control_request+0x37c>)
100054c4:	785b      	ldrb	r3, [r3, #1]
100054c6:	b2db      	uxtb	r3, r3
100054c8:	42b3      	cmp	r3, r6
100054ca:	d02b      	beq.n	10005524 <process_control_request+0x158>
100054cc:	4b9e      	ldr	r3, [pc, #632]	; (10005748 <process_control_request+0x37c>)
100054ce:	785b      	ldrb	r3, [r3, #1]
100054d0:	2b00      	cmp	r3, #0
100054d2:	d10c      	bne.n	100054ee <process_control_request+0x122>
100054d4:	4b9c      	ldr	r3, [pc, #624]	; (10005748 <process_control_request+0x37c>)
100054d6:	705e      	strb	r6, [r3, #1]
100054d8:	2e00      	cmp	r6, #0
100054da:	d021      	beq.n	10005520 <process_control_request+0x154>
100054dc:	0031      	movs	r1, r6
100054de:	0020      	movs	r0, r4
100054e0:	f7ff fc80 	bl	10004de4 <process_set_config>
100054e4:	1e06      	subs	r6, r0, #0
100054e6:	d012      	beq.n	1000550e <process_control_request+0x142>
100054e8:	f7ff fdc0 	bl	1000506c <tud_mount_cb>
100054ec:	e01a      	b.n	10005524 <process_control_request+0x158>
100054ee:	2100      	movs	r1, #0
100054f0:	0020      	movs	r0, r4
100054f2:	f7ff fb37 	bl	10004b64 <dcd_sof_enable>
100054f6:	0020      	movs	r0, r4
100054f8:	f7ff fb70 	bl	10004bdc <dcd_edpt_close_all>
100054fc:	4f92      	ldr	r7, [pc, #584]	; (10005748 <process_control_request+0x37c>)
100054fe:	78bb      	ldrb	r3, [r7, #2]
10005500:	4698      	mov	r8, r3
10005502:	0020      	movs	r0, r4
10005504:	f7ff fc18 	bl	10004d38 <configuration_reset>
10005508:	4643      	mov	r3, r8
1000550a:	70bb      	strb	r3, [r7, #2]
1000550c:	e7e2      	b.n	100054d4 <process_control_request+0x108>
1000550e:	4a92      	ldr	r2, [pc, #584]	; (10005758 <process_control_request+0x38c>)
10005510:	4989      	ldr	r1, [pc, #548]	; (10005738 <process_control_request+0x36c>)
10005512:	488a      	ldr	r0, [pc, #552]	; (1000573c <process_control_request+0x370>)
10005514:	f7fe fda4 	bl	10004060 <__wrap_printf>
10005518:	4b8b      	ldr	r3, [pc, #556]	; (10005748 <process_control_request+0x37c>)
1000551a:	2200      	movs	r2, #0
1000551c:	705a      	strb	r2, [r3, #1]
1000551e:	e771      	b.n	10005404 <process_control_request+0x38>
10005520:	f7ff fda5 	bl	1000506e <tud_umount_cb>
10005524:	0029      	movs	r1, r5
10005526:	0020      	movs	r0, r4
10005528:	f000 fa36 	bl	10005998 <tud_control_status>
1000552c:	2601      	movs	r6, #1
1000552e:	e769      	b.n	10005404 <process_control_request+0x38>
10005530:	0029      	movs	r1, r5
10005532:	0020      	movs	r0, r4
10005534:	f7ff fd2a 	bl	10004f8c <process_get_descriptor>
10005538:	0006      	movs	r6, r0
1000553a:	e763      	b.n	10005404 <process_control_request+0x38>
1000553c:	78a9      	ldrb	r1, [r5, #2]
1000553e:	78eb      	ldrb	r3, [r5, #3]
10005540:	021b      	lsls	r3, r3, #8
10005542:	430b      	orrs	r3, r1
10005544:	2b01      	cmp	r3, #1
10005546:	d001      	beq.n	1000554c <process_control_request+0x180>
10005548:	2600      	movs	r6, #0
1000554a:	e75b      	b.n	10005404 <process_control_request+0x38>
1000554c:	4a7e      	ldr	r2, [pc, #504]	; (10005748 <process_control_request+0x37c>)
1000554e:	7813      	ldrb	r3, [r2, #0]
10005550:	2108      	movs	r1, #8
10005552:	430b      	orrs	r3, r1
10005554:	7013      	strb	r3, [r2, #0]
10005556:	0029      	movs	r1, r5
10005558:	0020      	movs	r0, r4
1000555a:	f000 fa1d 	bl	10005998 <tud_control_status>
1000555e:	2601      	movs	r6, #1
10005560:	e750      	b.n	10005404 <process_control_request+0x38>
10005562:	78a9      	ldrb	r1, [r5, #2]
10005564:	78eb      	ldrb	r3, [r5, #3]
10005566:	021b      	lsls	r3, r3, #8
10005568:	430b      	orrs	r3, r1
1000556a:	2b01      	cmp	r3, #1
1000556c:	d001      	beq.n	10005572 <process_control_request+0x1a6>
1000556e:	2600      	movs	r6, #0
10005570:	e748      	b.n	10005404 <process_control_request+0x38>
10005572:	4a75      	ldr	r2, [pc, #468]	; (10005748 <process_control_request+0x37c>)
10005574:	7813      	ldrb	r3, [r2, #0]
10005576:	2108      	movs	r1, #8
10005578:	438b      	bics	r3, r1
1000557a:	7013      	strb	r3, [r2, #0]
1000557c:	0029      	movs	r1, r5
1000557e:	0020      	movs	r0, r4
10005580:	f000 fa0a 	bl	10005998 <tud_control_status>
10005584:	2601      	movs	r6, #1
10005586:	e73d      	b.n	10005404 <process_control_request+0x38>
10005588:	4b6f      	ldr	r3, [pc, #444]	; (10005748 <process_control_request+0x37c>)
1000558a:	781a      	ldrb	r2, [r3, #0]
1000558c:	0951      	lsrs	r1, r2, #5
1000558e:	0892      	lsrs	r2, r2, #2
10005590:	2301      	movs	r3, #1
10005592:	400b      	ands	r3, r1
10005594:	2102      	movs	r1, #2
10005596:	400a      	ands	r2, r1
10005598:	4313      	orrs	r3, r2
1000559a:	466a      	mov	r2, sp
1000559c:	3206      	adds	r2, #6
1000559e:	8013      	strh	r3, [r2, #0]
100055a0:	2302      	movs	r3, #2
100055a2:	0029      	movs	r1, r5
100055a4:	0020      	movs	r0, r4
100055a6:	f000 fa13 	bl	100059d0 <tud_control_xfer>
100055aa:	2601      	movs	r6, #1
100055ac:	e72a      	b.n	10005404 <process_control_request+0x38>
100055ae:	792b      	ldrb	r3, [r5, #4]
100055b0:	2b0f      	cmp	r3, #15
100055b2:	d900      	bls.n	100055b6 <process_control_request+0x1ea>
100055b4:	e0b4      	b.n	10005720 <process_control_request+0x354>
100055b6:	4a64      	ldr	r2, [pc, #400]	; (10005748 <process_control_request+0x37c>)
100055b8:	18d3      	adds	r3, r2, r3
100055ba:	791b      	ldrb	r3, [r3, #4]
100055bc:	4a63      	ldr	r2, [pc, #396]	; (1000574c <process_control_request+0x380>)
100055be:	7811      	ldrb	r1, [r2, #0]
100055c0:	428b      	cmp	r3, r1
100055c2:	d223      	bcs.n	1000560c <process_control_request+0x240>
100055c4:	4a62      	ldr	r2, [pc, #392]	; (10005750 <process_control_request+0x384>)
100055c6:	6812      	ldr	r2, [r2, #0]
100055c8:	0159      	lsls	r1, r3, #5
100055ca:	1851      	adds	r1, r2, r1
100055cc:	2900      	cmp	r1, #0
100055ce:	d100      	bne.n	100055d2 <process_control_request+0x206>
100055d0:	e0aa      	b.n	10005728 <process_control_request+0x35c>
100055d2:	002a      	movs	r2, r5
100055d4:	0020      	movs	r0, r4
100055d6:	f7ff fbf7 	bl	10004dc8 <invoke_class_control>
100055da:	1e06      	subs	r6, r0, #0
100055dc:	d000      	beq.n	100055e0 <process_control_request+0x214>
100055de:	e711      	b.n	10005404 <process_control_request+0x38>
100055e0:	782b      	ldrb	r3, [r5, #0]
100055e2:	2260      	movs	r2, #96	; 0x60
100055e4:	421a      	tst	r2, r3
100055e6:	d000      	beq.n	100055ea <process_control_request+0x21e>
100055e8:	e70c      	b.n	10005404 <process_control_request+0x38>
100055ea:	786b      	ldrb	r3, [r5, #1]
100055ec:	3b0a      	subs	r3, #10
100055ee:	2b01      	cmp	r3, #1
100055f0:	d900      	bls.n	100055f4 <process_control_request+0x228>
100055f2:	e707      	b.n	10005404 <process_control_request+0x38>
100055f4:	2000      	movs	r0, #0
100055f6:	f000 fa49 	bl	10005a8c <usbd_control_set_complete_callback>
100055fa:	786b      	ldrb	r3, [r5, #1]
100055fc:	2b0a      	cmp	r3, #10
100055fe:	d00e      	beq.n	1000561e <process_control_request+0x252>
10005600:	0029      	movs	r1, r5
10005602:	0020      	movs	r0, r4
10005604:	f000 f9c8 	bl	10005998 <tud_control_status>
10005608:	2601      	movs	r6, #1
1000560a:	e6fb      	b.n	10005404 <process_control_request+0x38>
1000560c:	1c4a      	adds	r2, r1, #1
1000560e:	429a      	cmp	r2, r3
10005610:	da00      	bge.n	10005614 <process_control_request+0x248>
10005612:	e087      	b.n	10005724 <process_control_request+0x358>
10005614:	1a59      	subs	r1, r3, r1
10005616:	0149      	lsls	r1, r1, #5
10005618:	4b4e      	ldr	r3, [pc, #312]	; (10005754 <process_control_request+0x388>)
1000561a:	1859      	adds	r1, r3, r1
1000561c:	e7d6      	b.n	100055cc <process_control_request+0x200>
1000561e:	466b      	mov	r3, sp
10005620:	1d9a      	adds	r2, r3, #6
10005622:	2300      	movs	r3, #0
10005624:	7013      	strb	r3, [r2, #0]
10005626:	3301      	adds	r3, #1
10005628:	0029      	movs	r1, r5
1000562a:	0020      	movs	r0, r4
1000562c:	f000 f9d0 	bl	100059d0 <tud_control_xfer>
10005630:	3601      	adds	r6, #1
10005632:	e6e7      	b.n	10005404 <process_control_request+0x38>
10005634:	7929      	ldrb	r1, [r5, #4]
10005636:	237f      	movs	r3, #127	; 0x7f
10005638:	400b      	ands	r3, r1
1000563a:	09ce      	lsrs	r6, r1, #7
1000563c:	2070      	movs	r0, #112	; 0x70
1000563e:	4208      	tst	r0, r1
10005640:	d117      	bne.n	10005672 <process_control_request+0x2a6>
10005642:	005b      	lsls	r3, r3, #1
10005644:	4840      	ldr	r0, [pc, #256]	; (10005748 <process_control_request+0x37c>)
10005646:	18c3      	adds	r3, r0, r3
10005648:	199b      	adds	r3, r3, r6
1000564a:	7d1b      	ldrb	r3, [r3, #20]
1000564c:	483f      	ldr	r0, [pc, #252]	; (1000574c <process_control_request+0x380>)
1000564e:	7800      	ldrb	r0, [r0, #0]
10005650:	4283      	cmp	r3, r0
10005652:	d215      	bcs.n	10005680 <process_control_request+0x2b4>
10005654:	483e      	ldr	r0, [pc, #248]	; (10005750 <process_control_request+0x384>)
10005656:	6806      	ldr	r6, [r0, #0]
10005658:	015b      	lsls	r3, r3, #5
1000565a:	18f6      	adds	r6, r6, r3
1000565c:	2a00      	cmp	r2, #0
1000565e:	d019      	beq.n	10005694 <process_control_request+0x2c8>
10005660:	2e00      	cmp	r6, #0
10005662:	d063      	beq.n	1000572c <process_control_request+0x360>
10005664:	002a      	movs	r2, r5
10005666:	0031      	movs	r1, r6
10005668:	0020      	movs	r0, r4
1000566a:	f7ff fbad 	bl	10004dc8 <invoke_class_control>
1000566e:	0006      	movs	r6, r0
10005670:	e6c8      	b.n	10005404 <process_control_request+0x38>
10005672:	4a3a      	ldr	r2, [pc, #232]	; (1000575c <process_control_request+0x390>)
10005674:	4930      	ldr	r1, [pc, #192]	; (10005738 <process_control_request+0x36c>)
10005676:	4831      	ldr	r0, [pc, #196]	; (1000573c <process_control_request+0x370>)
10005678:	f7fe fcf2 	bl	10004060 <__wrap_printf>
1000567c:	2600      	movs	r6, #0
1000567e:	e6c1      	b.n	10005404 <process_control_request+0x38>
10005680:	1c46      	adds	r6, r0, #1
10005682:	429e      	cmp	r6, r3
10005684:	db04      	blt.n	10005690 <process_control_request+0x2c4>
10005686:	1a1b      	subs	r3, r3, r0
10005688:	015b      	lsls	r3, r3, #5
1000568a:	4e32      	ldr	r6, [pc, #200]	; (10005754 <process_control_request+0x388>)
1000568c:	18f6      	adds	r6, r6, r3
1000568e:	e7e5      	b.n	1000565c <process_control_request+0x290>
10005690:	2600      	movs	r6, #0
10005692:	e7e3      	b.n	1000565c <process_control_request+0x290>
10005694:	786a      	ldrb	r2, [r5, #1]
10005696:	2a01      	cmp	r2, #1
10005698:	d012      	beq.n	100056c0 <process_control_request+0x2f4>
1000569a:	2a03      	cmp	r2, #3
1000569c:	d010      	beq.n	100056c0 <process_control_request+0x2f4>
1000569e:	2a00      	cmp	r2, #0
100056a0:	d001      	beq.n	100056a6 <process_control_request+0x2da>
100056a2:	2600      	movs	r6, #0
100056a4:	e6ae      	b.n	10005404 <process_control_request+0x38>
100056a6:	0020      	movs	r0, r4
100056a8:	f7ff fe82 	bl	100053b0 <usbd_edpt_stalled>
100056ac:	466b      	mov	r3, sp
100056ae:	1d9a      	adds	r2, r3, #6
100056b0:	8010      	strh	r0, [r2, #0]
100056b2:	2302      	movs	r3, #2
100056b4:	0029      	movs	r1, r5
100056b6:	0020      	movs	r0, r4
100056b8:	f000 f98a 	bl	100059d0 <tud_control_xfer>
100056bc:	2601      	movs	r6, #1
100056be:	e6a1      	b.n	10005404 <process_control_request+0x38>
100056c0:	78a8      	ldrb	r0, [r5, #2]
100056c2:	78eb      	ldrb	r3, [r5, #3]
100056c4:	021b      	lsls	r3, r3, #8
100056c6:	4303      	orrs	r3, r0
100056c8:	d104      	bne.n	100056d4 <process_control_request+0x308>
100056ca:	2a01      	cmp	r2, #1
100056cc:	d01a      	beq.n	10005704 <process_control_request+0x338>
100056ce:	0020      	movs	r0, r4
100056d0:	f7ff fe3a 	bl	10005348 <usbd_edpt_stall>
100056d4:	2e00      	cmp	r6, #0
100056d6:	d02b      	beq.n	10005730 <process_control_request+0x364>
100056d8:	002a      	movs	r2, r5
100056da:	0031      	movs	r1, r6
100056dc:	0020      	movs	r0, r4
100056de:	f7ff fb73 	bl	10004dc8 <invoke_class_control>
100056e2:	2000      	movs	r0, #0
100056e4:	f000 f9d2 	bl	10005a8c <usbd_control_set_complete_callback>
100056e8:	4a17      	ldr	r2, [pc, #92]	; (10005748 <process_control_request+0x37c>)
100056ea:	2335      	movs	r3, #53	; 0x35
100056ec:	5cd3      	ldrb	r3, [r2, r3]
100056ee:	07db      	lsls	r3, r3, #31
100056f0:	0fde      	lsrs	r6, r3, #31
100056f2:	2b00      	cmp	r3, #0
100056f4:	d000      	beq.n	100056f8 <process_control_request+0x32c>
100056f6:	e685      	b.n	10005404 <process_control_request+0x38>
100056f8:	0029      	movs	r1, r5
100056fa:	0020      	movs	r0, r4
100056fc:	f000 f94c 	bl	10005998 <tud_control_status>
10005700:	2601      	movs	r6, #1
10005702:	e67f      	b.n	10005404 <process_control_request+0x38>
10005704:	0020      	movs	r0, r4
10005706:	f7ff fe39 	bl	1000537c <usbd_edpt_clear_stall>
1000570a:	e7e3      	b.n	100056d4 <process_control_request+0x308>
1000570c:	2600      	movs	r6, #0
1000570e:	e679      	b.n	10005404 <process_control_request+0x38>
10005710:	2600      	movs	r6, #0
10005712:	e677      	b.n	10005404 <process_control_request+0x38>
10005714:	2600      	movs	r6, #0
10005716:	e675      	b.n	10005404 <process_control_request+0x38>
10005718:	2600      	movs	r6, #0
1000571a:	e673      	b.n	10005404 <process_control_request+0x38>
1000571c:	2600      	movs	r6, #0
1000571e:	e671      	b.n	10005404 <process_control_request+0x38>
10005720:	2600      	movs	r6, #0
10005722:	e66f      	b.n	10005404 <process_control_request+0x38>
10005724:	2600      	movs	r6, #0
10005726:	e66d      	b.n	10005404 <process_control_request+0x38>
10005728:	2600      	movs	r6, #0
1000572a:	e66b      	b.n	10005404 <process_control_request+0x38>
1000572c:	2600      	movs	r6, #0
1000572e:	e669      	b.n	10005404 <process_control_request+0x38>
10005730:	2601      	movs	r6, #1
10005732:	e667      	b.n	10005404 <process_control_request+0x38>
10005734:	000002c5 	.word	0x000002c5
10005738:	10008308 	.word	0x10008308
1000573c:	10008248 	.word	0x10008248
10005740:	10004355 	.word	0x10004355
10005744:	100082bc 	.word	0x100082bc
10005748:	200011a8 	.word	0x200011a8
1000574c:	20001d7c 	.word	0x20001d7c
10005750:	20000e7c 	.word	0x20000e7c
10005754:	100083bc 	.word	0x100083bc
10005758:	00000315 	.word	0x00000315
1000575c:	00000386 	.word	0x00000386

10005760 <tud_task_ext>:
10005760:	b530      	push	{r4, r5, lr}
10005762:	b085      	sub	sp, #20
10005764:	f7ff fc96 	bl	10005094 <tud_inited>
10005768:	2800      	cmp	r0, #0
1000576a:	d108      	bne.n	1000577e <tud_task_ext+0x1e>
1000576c:	b005      	add	sp, #20
1000576e:	bd30      	pop	{r4, r5, pc}
10005770:	ac01      	add	r4, sp, #4
10005772:	7820      	ldrb	r0, [r4, #0]
10005774:	f7ff fb22 	bl	10004dbc <usbd_reset>
10005778:	7922      	ldrb	r2, [r4, #4]
1000577a:	4b64      	ldr	r3, [pc, #400]	; (1000590c <tud_task_ext+0x1ac>)
1000577c:	709a      	strb	r2, [r3, #2]
1000577e:	4b64      	ldr	r3, [pc, #400]	; (10005910 <tud_task_ext+0x1b0>)
10005780:	681c      	ldr	r4, [r3, #0]
10005782:	0021      	movs	r1, r4
10005784:	3114      	adds	r1, #20
10005786:	6962      	ldr	r2, [r4, #20]
10005788:	f3ef 8010 	mrs	r0, PRIMASK
1000578c:	b672      	cpsid	i
1000578e:	6813      	ldr	r3, [r2, #0]
10005790:	2b00      	cmp	r3, #0
10005792:	d0fc      	beq.n	1000578e <tud_task_ext+0x2e>
10005794:	f3bf 8f5f 	dmb	sy
10005798:	6048      	str	r0, [r1, #4]
1000579a:	a901      	add	r1, sp, #4
1000579c:	0020      	movs	r0, r4
1000579e:	f001 fa3f 	bl	10006c20 <tu_fifo_read>
100057a2:	6962      	ldr	r2, [r4, #20]
100057a4:	69a3      	ldr	r3, [r4, #24]
100057a6:	f3bf 8f5f 	dmb	sy
100057aa:	2100      	movs	r1, #0
100057ac:	6011      	str	r1, [r2, #0]
100057ae:	f383 8810 	msr	PRIMASK, r3
100057b2:	2800      	cmp	r0, #0
100057b4:	d0da      	beq.n	1000576c <tud_task_ext+0xc>
100057b6:	ab01      	add	r3, sp, #4
100057b8:	785b      	ldrb	r3, [r3, #1]
100057ba:	2b08      	cmp	r3, #8
100057bc:	d8df      	bhi.n	1000577e <tud_task_ext+0x1e>
100057be:	009b      	lsls	r3, r3, #2
100057c0:	4a54      	ldr	r2, [pc, #336]	; (10005914 <tud_task_ext+0x1b4>)
100057c2:	58d3      	ldr	r3, [r2, r3]
100057c4:	469f      	mov	pc, r3
100057c6:	ab01      	add	r3, sp, #4
100057c8:	7818      	ldrb	r0, [r3, #0]
100057ca:	f7ff faf7 	bl	10004dbc <usbd_reset>
100057ce:	f7ff fc4e 	bl	1000506e <tud_umount_cb>
100057d2:	e7d4      	b.n	1000577e <tud_task_ext+0x1e>
100057d4:	4b50      	ldr	r3, [pc, #320]	; (10005918 <tud_task_ext+0x1b8>)
100057d6:	781b      	ldrb	r3, [r3, #0]
100057d8:	2b00      	cmp	r3, #0
100057da:	d02d      	beq.n	10005838 <tud_task_ext+0xd8>
100057dc:	4a4e      	ldr	r2, [pc, #312]	; (10005918 <tud_task_ext+0x1b8>)
100057de:	7813      	ldrb	r3, [r2, #0]
100057e0:	3b01      	subs	r3, #1
100057e2:	b2db      	uxtb	r3, r3
100057e4:	7013      	strb	r3, [r2, #0]
100057e6:	7813      	ldrb	r3, [r2, #0]
100057e8:	2b00      	cmp	r3, #0
100057ea:	d1c8      	bne.n	1000577e <tud_task_ext+0x1e>
100057ec:	4b47      	ldr	r3, [pc, #284]	; (1000590c <tud_task_ext+0x1ac>)
100057ee:	781a      	ldrb	r2, [r3, #0]
100057f0:	2401      	movs	r4, #1
100057f2:	2101      	movs	r1, #1
100057f4:	430a      	orrs	r2, r1
100057f6:	701a      	strb	r2, [r3, #0]
100057f8:	2234      	movs	r2, #52	; 0x34
100057fa:	5c99      	ldrb	r1, [r3, r2]
100057fc:	43a1      	bics	r1, r4
100057fe:	5499      	strb	r1, [r3, r2]
10005800:	5c99      	ldrb	r1, [r3, r2]
10005802:	2004      	movs	r0, #4
10005804:	4381      	bics	r1, r0
10005806:	5499      	strb	r1, [r3, r2]
10005808:	3201      	adds	r2, #1
1000580a:	5c99      	ldrb	r1, [r3, r2]
1000580c:	43a1      	bics	r1, r4
1000580e:	5499      	strb	r1, [r3, r2]
10005810:	5c99      	ldrb	r1, [r3, r2]
10005812:	4381      	bics	r1, r0
10005814:	5499      	strb	r1, [r3, r2]
10005816:	ab01      	add	r3, sp, #4
10005818:	7818      	ldrb	r0, [r3, #0]
1000581a:	a902      	add	r1, sp, #8
1000581c:	f7ff fdd6 	bl	100053cc <process_control_request>
10005820:	2800      	cmp	r0, #0
10005822:	d1ac      	bne.n	1000577e <tud_task_ext+0x1e>
10005824:	ac01      	add	r4, sp, #4
10005826:	7820      	ldrb	r0, [r4, #0]
10005828:	2100      	movs	r1, #0
1000582a:	f7ff f9f3 	bl	10004c14 <dcd_edpt_stall>
1000582e:	7820      	ldrb	r0, [r4, #0]
10005830:	2180      	movs	r1, #128	; 0x80
10005832:	f7ff f9ef 	bl	10004c14 <dcd_edpt_stall>
10005836:	e7a2      	b.n	1000577e <tud_task_ext+0x1e>
10005838:	4a38      	ldr	r2, [pc, #224]	; (1000591c <tud_task_ext+0x1bc>)
1000583a:	4939      	ldr	r1, [pc, #228]	; (10005920 <tud_task_ext+0x1c0>)
1000583c:	4839      	ldr	r0, [pc, #228]	; (10005924 <tud_task_ext+0x1c4>)
1000583e:	f7fe fc0f 	bl	10004060 <__wrap_printf>
10005842:	e793      	b.n	1000576c <tud_task_ext+0xc>
10005844:	ab01      	add	r3, sp, #4
10005846:	7919      	ldrb	r1, [r3, #4]
10005848:	227f      	movs	r2, #127	; 0x7f
1000584a:	400a      	ands	r2, r1
1000584c:	09cc      	lsrs	r4, r1, #7
1000584e:	0050      	lsls	r0, r2, #1
10005850:	4b2e      	ldr	r3, [pc, #184]	; (1000590c <tud_task_ext+0x1ac>)
10005852:	181b      	adds	r3, r3, r0
10005854:	191b      	adds	r3, r3, r4
10005856:	3330      	adds	r3, #48	; 0x30
10005858:	7918      	ldrb	r0, [r3, #4]
1000585a:	2501      	movs	r5, #1
1000585c:	43a8      	bics	r0, r5
1000585e:	7118      	strb	r0, [r3, #4]
10005860:	7918      	ldrb	r0, [r3, #4]
10005862:	3503      	adds	r5, #3
10005864:	43a8      	bics	r0, r5
10005866:	7118      	strb	r0, [r3, #4]
10005868:	2a00      	cmp	r2, #0
1000586a:	d015      	beq.n	10005898 <tud_task_ext+0x138>
1000586c:	0052      	lsls	r2, r2, #1
1000586e:	4b27      	ldr	r3, [pc, #156]	; (1000590c <tud_task_ext+0x1ac>)
10005870:	189a      	adds	r2, r3, r2
10005872:	1912      	adds	r2, r2, r4
10005874:	7d13      	ldrb	r3, [r2, #20]
10005876:	4a2c      	ldr	r2, [pc, #176]	; (10005928 <tud_task_ext+0x1c8>)
10005878:	7812      	ldrb	r2, [r2, #0]
1000587a:	4293      	cmp	r3, r2
1000587c:	d213      	bcs.n	100058a6 <tud_task_ext+0x146>
1000587e:	4a2b      	ldr	r2, [pc, #172]	; (1000592c <tud_task_ext+0x1cc>)
10005880:	6812      	ldr	r2, [r2, #0]
10005882:	015b      	lsls	r3, r3, #5
10005884:	18d3      	adds	r3, r2, r3
10005886:	2b00      	cmp	r3, #0
10005888:	d015      	beq.n	100058b6 <tud_task_ext+0x156>
1000588a:	699c      	ldr	r4, [r3, #24]
1000588c:	a801      	add	r0, sp, #4
1000588e:	7942      	ldrb	r2, [r0, #5]
10005890:	9b03      	ldr	r3, [sp, #12]
10005892:	7800      	ldrb	r0, [r0, #0]
10005894:	47a0      	blx	r4
10005896:	e772      	b.n	1000577e <tud_task_ext+0x1e>
10005898:	a801      	add	r0, sp, #4
1000589a:	7942      	ldrb	r2, [r0, #5]
1000589c:	9b03      	ldr	r3, [sp, #12]
1000589e:	7800      	ldrb	r0, [r0, #0]
100058a0:	f000 f908 	bl	10005ab4 <usbd_control_xfer_cb>
100058a4:	e76b      	b.n	1000577e <tud_task_ext+0x1e>
100058a6:	1c50      	adds	r0, r2, #1
100058a8:	4298      	cmp	r0, r3
100058aa:	db04      	blt.n	100058b6 <tud_task_ext+0x156>
100058ac:	1a9b      	subs	r3, r3, r2
100058ae:	015b      	lsls	r3, r3, #5
100058b0:	4a1f      	ldr	r2, [pc, #124]	; (10005930 <tud_task_ext+0x1d0>)
100058b2:	18d3      	adds	r3, r2, r3
100058b4:	e7e7      	b.n	10005886 <tud_task_ext+0x126>
100058b6:	4a1f      	ldr	r2, [pc, #124]	; (10005934 <tud_task_ext+0x1d4>)
100058b8:	4919      	ldr	r1, [pc, #100]	; (10005920 <tud_task_ext+0x1c0>)
100058ba:	481a      	ldr	r0, [pc, #104]	; (10005924 <tud_task_ext+0x1c4>)
100058bc:	f7fe fbd0 	bl	10004060 <__wrap_printf>
100058c0:	e754      	b.n	1000576c <tud_task_ext+0xc>
100058c2:	4b12      	ldr	r3, [pc, #72]	; (1000590c <tud_task_ext+0x1ac>)
100058c4:	781b      	ldrb	r3, [r3, #0]
100058c6:	07db      	lsls	r3, r3, #31
100058c8:	d400      	bmi.n	100058cc <tud_task_ext+0x16c>
100058ca:	e758      	b.n	1000577e <tud_task_ext+0x1e>
100058cc:	4b0f      	ldr	r3, [pc, #60]	; (1000590c <tud_task_ext+0x1ac>)
100058ce:	7818      	ldrb	r0, [r3, #0]
100058d0:	0700      	lsls	r0, r0, #28
100058d2:	0fc0      	lsrs	r0, r0, #31
100058d4:	f7ff fbcc 	bl	10005070 <tud_suspend_cb>
100058d8:	e751      	b.n	1000577e <tud_task_ext+0x1e>
100058da:	4b0c      	ldr	r3, [pc, #48]	; (1000590c <tud_task_ext+0x1ac>)
100058dc:	781b      	ldrb	r3, [r3, #0]
100058de:	07db      	lsls	r3, r3, #31
100058e0:	d400      	bmi.n	100058e4 <tud_task_ext+0x184>
100058e2:	e74c      	b.n	1000577e <tud_task_ext+0x1e>
100058e4:	f7ff fbc5 	bl	10005072 <tud_resume_cb>
100058e8:	e749      	b.n	1000577e <tud_task_ext+0x1e>
100058ea:	9b02      	ldr	r3, [sp, #8]
100058ec:	2b00      	cmp	r3, #0
100058ee:	d100      	bne.n	100058f2 <tud_task_ext+0x192>
100058f0:	e745      	b.n	1000577e <tud_task_ext+0x1e>
100058f2:	9803      	ldr	r0, [sp, #12]
100058f4:	4798      	blx	r3
100058f6:	e742      	b.n	1000577e <tud_task_ext+0x1e>
100058f8:	4b04      	ldr	r3, [pc, #16]	; (1000590c <tud_task_ext+0x1ac>)
100058fa:	78db      	ldrb	r3, [r3, #3]
100058fc:	07db      	lsls	r3, r3, #31
100058fe:	d400      	bmi.n	10005902 <tud_task_ext+0x1a2>
10005900:	e73d      	b.n	1000577e <tud_task_ext+0x1e>
10005902:	9802      	ldr	r0, [sp, #8]
10005904:	f7ff fb3d 	bl	10004f82 <tud_sof_cb>
10005908:	e739      	b.n	1000577e <tud_task_ext+0x1e>
1000590a:	46c0      	nop			; (mov r8, r8)
1000590c:	200011a8 	.word	0x200011a8
10005910:	20001200 	.word	0x20001200
10005914:	100082e4 	.word	0x100082e4
10005918:	20001d7e 	.word	0x20001d7e
1000591c:	00000256 	.word	0x00000256
10005920:	10008334 	.word	0x10008334
10005924:	10008248 	.word	0x10008248
10005928:	20001d7c 	.word	0x20001d7c
1000592c:	20000e7c 	.word	0x20000e7c
10005930:	100083bc 	.word	0x100083bc
10005934:	00000281 	.word	0x00000281

10005938 <_data_stage_xact>:
10005938:	b5f8      	push	{r3, r4, r5, r6, r7, lr}
1000593a:	0005      	movs	r5, r0
1000593c:	4b14      	ldr	r3, [pc, #80]	; (10005990 <_data_stage_xact+0x58>)
1000593e:	899f      	ldrh	r7, [r3, #12]
10005940:	89de      	ldrh	r6, [r3, #14]
10005942:	1bbb      	subs	r3, r7, r6
10005944:	b29b      	uxth	r3, r3
10005946:	1c1c      	adds	r4, r3, #0
10005948:	2b40      	cmp	r3, #64	; 0x40
1000594a:	d900      	bls.n	1000594e <_data_stage_xact+0x16>
1000594c:	2440      	movs	r4, #64	; 0x40
1000594e:	b2a4      	uxth	r4, r4
10005950:	4b0f      	ldr	r3, [pc, #60]	; (10005990 <_data_stage_xact+0x58>)
10005952:	781b      	ldrb	r3, [r3, #0]
10005954:	b25b      	sxtb	r3, r3
10005956:	2b00      	cmp	r3, #0
10005958:	db08      	blt.n	1000596c <_data_stage_xact+0x34>
1000595a:	2100      	movs	r1, #0
1000595c:	42b7      	cmp	r7, r6
1000595e:	d013      	beq.n	10005988 <_data_stage_xact+0x50>
10005960:	4a0c      	ldr	r2, [pc, #48]	; (10005994 <_data_stage_xact+0x5c>)
10005962:	0023      	movs	r3, r4
10005964:	0028      	movs	r0, r5
10005966:	f7ff fcab 	bl	100052c0 <usbd_edpt_xfer>
1000596a:	bdf8      	pop	{r3, r4, r5, r6, r7, pc}
1000596c:	42b7      	cmp	r7, r6
1000596e:	d009      	beq.n	10005984 <_data_stage_xact+0x4c>
10005970:	4b07      	ldr	r3, [pc, #28]	; (10005990 <_data_stage_xact+0x58>)
10005972:	6899      	ldr	r1, [r3, #8]
10005974:	2c40      	cmp	r4, #64	; 0x40
10005976:	d809      	bhi.n	1000598c <_data_stage_xact+0x54>
10005978:	0022      	movs	r2, r4
1000597a:	4806      	ldr	r0, [pc, #24]	; (10005994 <_data_stage_xact+0x5c>)
1000597c:	f7fd f93a 	bl	10002bf4 <__wrap___aeabi_memcpy>
10005980:	2180      	movs	r1, #128	; 0x80
10005982:	e7eb      	b.n	1000595c <_data_stage_xact+0x24>
10005984:	2180      	movs	r1, #128	; 0x80
10005986:	e7e9      	b.n	1000595c <_data_stage_xact+0x24>
10005988:	2200      	movs	r2, #0
1000598a:	e7ea      	b.n	10005962 <_data_stage_xact+0x2a>
1000598c:	2000      	movs	r0, #0
1000598e:	e7ec      	b.n	1000596a <_data_stage_xact+0x32>
10005990:	2000114c 	.word	0x2000114c
10005994:	20001168 	.word	0x20001168

10005998 <tud_control_status>:
10005998:	b570      	push	{r4, r5, r6, lr}
1000599a:	0006      	movs	r6, r0
1000599c:	000c      	movs	r4, r1
1000599e:	4d0b      	ldr	r5, [pc, #44]	; (100059cc <tud_control_status+0x34>)
100059a0:	2208      	movs	r2, #8
100059a2:	0028      	movs	r0, r5
100059a4:	f7fd f926 	bl	10002bf4 <__wrap___aeabi_memcpy>
100059a8:	2300      	movs	r3, #0
100059aa:	60ab      	str	r3, [r5, #8]
100059ac:	81eb      	strh	r3, [r5, #14]
100059ae:	81ab      	strh	r3, [r5, #12]
100059b0:	2300      	movs	r3, #0
100059b2:	56e3      	ldrsb	r3, [r4, r3]
100059b4:	2b00      	cmp	r3, #0
100059b6:	db06      	blt.n	100059c6 <tud_control_status+0x2e>
100059b8:	2180      	movs	r1, #128	; 0x80
100059ba:	2300      	movs	r3, #0
100059bc:	2200      	movs	r2, #0
100059be:	0030      	movs	r0, r6
100059c0:	f7ff fc7e 	bl	100052c0 <usbd_edpt_xfer>
100059c4:	bd70      	pop	{r4, r5, r6, pc}
100059c6:	2100      	movs	r1, #0
100059c8:	e7f7      	b.n	100059ba <tud_control_status+0x22>
100059ca:	46c0      	nop			; (mov r8, r8)
100059cc:	2000114c 	.word	0x2000114c

100059d0 <tud_control_xfer>:
100059d0:	b5f0      	push	{r4, r5, r6, r7, lr}
100059d2:	46c6      	mov	lr, r8
100059d4:	b500      	push	{lr}
100059d6:	4680      	mov	r8, r0
100059d8:	000c      	movs	r4, r1
100059da:	0016      	movs	r6, r2
100059dc:	001d      	movs	r5, r3
100059de:	4f23      	ldr	r7, [pc, #140]	; (10005a6c <tud_control_xfer+0x9c>)
100059e0:	2208      	movs	r2, #8
100059e2:	0038      	movs	r0, r7
100059e4:	f7fd f906 	bl	10002bf4 <__wrap___aeabi_memcpy>
100059e8:	60be      	str	r6, [r7, #8]
100059ea:	2300      	movs	r3, #0
100059ec:	81fb      	strh	r3, [r7, #14]
100059ee:	79a3      	ldrb	r3, [r4, #6]
100059f0:	79e1      	ldrb	r1, [r4, #7]
100059f2:	0209      	lsls	r1, r1, #8
100059f4:	4319      	orrs	r1, r3
100059f6:	1c0b      	adds	r3, r1, #0
100059f8:	42a9      	cmp	r1, r5
100059fa:	d900      	bls.n	100059fe <tud_control_xfer+0x2e>
100059fc:	1c2b      	adds	r3, r5, #0
100059fe:	b299      	uxth	r1, r3
10005a00:	4a1a      	ldr	r2, [pc, #104]	; (10005a6c <tud_control_xfer+0x9c>)
10005a02:	8193      	strh	r3, [r2, #12]
10005a04:	79a2      	ldrb	r2, [r4, #6]
10005a06:	79e3      	ldrb	r3, [r4, #7]
10005a08:	021b      	lsls	r3, r3, #8
10005a0a:	4313      	orrs	r3, r2
10005a0c:	d019      	beq.n	10005a42 <tud_control_xfer+0x72>
10005a0e:	2900      	cmp	r1, #0
10005a10:	d001      	beq.n	10005a16 <tud_control_xfer+0x46>
10005a12:	2e00      	cmp	r6, #0
10005a14:	d008      	beq.n	10005a28 <tud_control_xfer+0x58>
10005a16:	4640      	mov	r0, r8
10005a18:	f7ff ff8e 	bl	10005938 <_data_stage_xact>
10005a1c:	1e04      	subs	r4, r0, #0
10005a1e:	d00a      	beq.n	10005a36 <tud_control_xfer+0x66>
10005a20:	0020      	movs	r0, r4
10005a22:	bc80      	pop	{r7}
10005a24:	46b8      	mov	r8, r7
10005a26:	bdf0      	pop	{r4, r5, r6, r7, pc}
10005a28:	2277      	movs	r2, #119	; 0x77
10005a2a:	4911      	ldr	r1, [pc, #68]	; (10005a70 <tud_control_xfer+0xa0>)
10005a2c:	4811      	ldr	r0, [pc, #68]	; (10005a74 <tud_control_xfer+0xa4>)
10005a2e:	f7fe fb17 	bl	10004060 <__wrap_printf>
10005a32:	2400      	movs	r4, #0
10005a34:	e7f4      	b.n	10005a20 <tud_control_xfer+0x50>
10005a36:	227d      	movs	r2, #125	; 0x7d
10005a38:	490d      	ldr	r1, [pc, #52]	; (10005a70 <tud_control_xfer+0xa0>)
10005a3a:	480e      	ldr	r0, [pc, #56]	; (10005a74 <tud_control_xfer+0xa4>)
10005a3c:	f7fe fb10 	bl	10004060 <__wrap_printf>
10005a40:	e7ee      	b.n	10005a20 <tud_control_xfer+0x50>
10005a42:	2300      	movs	r3, #0
10005a44:	56e3      	ldrsb	r3, [r4, r3]
10005a46:	2b00      	cmp	r3, #0
10005a48:	db0d      	blt.n	10005a66 <tud_control_xfer+0x96>
10005a4a:	2180      	movs	r1, #128	; 0x80
10005a4c:	2300      	movs	r3, #0
10005a4e:	2200      	movs	r2, #0
10005a50:	4640      	mov	r0, r8
10005a52:	f7ff fc35 	bl	100052c0 <usbd_edpt_xfer>
10005a56:	1e04      	subs	r4, r0, #0
10005a58:	d1e2      	bne.n	10005a20 <tud_control_xfer+0x50>
10005a5a:	2280      	movs	r2, #128	; 0x80
10005a5c:	4904      	ldr	r1, [pc, #16]	; (10005a70 <tud_control_xfer+0xa0>)
10005a5e:	4805      	ldr	r0, [pc, #20]	; (10005a74 <tud_control_xfer+0xa4>)
10005a60:	f7fe fafe 	bl	10004060 <__wrap_printf>
10005a64:	e7dc      	b.n	10005a20 <tud_control_xfer+0x50>
10005a66:	2100      	movs	r1, #0
10005a68:	e7f0      	b.n	10005a4c <tud_control_xfer+0x7c>
10005a6a:	46c0      	nop			; (mov r8, r8)
10005a6c:	2000114c 	.word	0x2000114c
10005a70:	10008414 	.word	0x10008414
10005a74:	10008248 	.word	0x10008248

10005a78 <usbd_control_reset>:
10005a78:	b510      	push	{r4, lr}
10005a7a:	2214      	movs	r2, #20
10005a7c:	2100      	movs	r1, #0
10005a7e:	4802      	ldr	r0, [pc, #8]	; (10005a88 <usbd_control_reset+0x10>)
10005a80:	f7fd f8b2 	bl	10002be8 <__wrap_memset>
10005a84:	bd10      	pop	{r4, pc}
10005a86:	46c0      	nop			; (mov r8, r8)
10005a88:	2000114c 	.word	0x2000114c

10005a8c <usbd_control_set_complete_callback>:
10005a8c:	4b01      	ldr	r3, [pc, #4]	; (10005a94 <usbd_control_set_complete_callback+0x8>)
10005a8e:	6118      	str	r0, [r3, #16]
10005a90:	4770      	bx	lr
10005a92:	46c0      	nop			; (mov r8, r8)
10005a94:	2000114c 	.word	0x2000114c

10005a98 <usbd_control_set_request>:
10005a98:	b510      	push	{r4, lr}
10005a9a:	0001      	movs	r1, r0
10005a9c:	4c04      	ldr	r4, [pc, #16]	; (10005ab0 <usbd_control_set_request+0x18>)
10005a9e:	2208      	movs	r2, #8
10005aa0:	0020      	movs	r0, r4
10005aa2:	f7fd f8a7 	bl	10002bf4 <__wrap___aeabi_memcpy>
10005aa6:	2300      	movs	r3, #0
10005aa8:	60a3      	str	r3, [r4, #8]
10005aaa:	81e3      	strh	r3, [r4, #14]
10005aac:	81a3      	strh	r3, [r4, #12]
10005aae:	bd10      	pop	{r4, pc}
10005ab0:	2000114c 	.word	0x2000114c

10005ab4 <usbd_control_xfer_cb>:
10005ab4:	b570      	push	{r4, r5, r6, lr}
10005ab6:	0005      	movs	r5, r0
10005ab8:	001c      	movs	r4, r3
10005aba:	09c9      	lsrs	r1, r1, #7
10005abc:	4b36      	ldr	r3, [pc, #216]	; (10005b98 <usbd_control_xfer_cb+0xe4>)
10005abe:	781b      	ldrb	r3, [r3, #0]
10005ac0:	09db      	lsrs	r3, r3, #7
10005ac2:	428b      	cmp	r3, r1
10005ac4:	d016      	beq.n	10005af4 <usbd_control_xfer_cb+0x40>
10005ac6:	2c00      	cmp	r4, #0
10005ac8:	d007      	beq.n	10005ada <usbd_control_xfer_cb+0x26>
10005aca:	22a7      	movs	r2, #167	; 0xa7
10005acc:	4933      	ldr	r1, [pc, #204]	; (10005b9c <usbd_control_xfer_cb+0xe8>)
10005ace:	4834      	ldr	r0, [pc, #208]	; (10005ba0 <usbd_control_xfer_cb+0xec>)
10005ad0:	f7fe fac6 	bl	10004060 <__wrap_printf>
10005ad4:	2400      	movs	r4, #0
10005ad6:	0020      	movs	r0, r4
10005ad8:	bd70      	pop	{r4, r5, r6, pc}
10005ada:	4c2f      	ldr	r4, [pc, #188]	; (10005b98 <usbd_control_xfer_cb+0xe4>)
10005adc:	0021      	movs	r1, r4
10005ade:	f7ff f84f 	bl	10004b80 <dcd_edpt0_status_complete>
10005ae2:	6923      	ldr	r3, [r4, #16]
10005ae4:	2b00      	cmp	r3, #0
10005ae6:	d003      	beq.n	10005af0 <usbd_control_xfer_cb+0x3c>
10005ae8:	4a2b      	ldr	r2, [pc, #172]	; (10005b98 <usbd_control_xfer_cb+0xe4>)
10005aea:	2103      	movs	r1, #3
10005aec:	0028      	movs	r0, r5
10005aee:	4798      	blx	r3
10005af0:	2401      	movs	r4, #1
10005af2:	e7f0      	b.n	10005ad6 <usbd_control_xfer_cb+0x22>
10005af4:	4b28      	ldr	r3, [pc, #160]	; (10005b98 <usbd_control_xfer_cb+0xe4>)
10005af6:	781b      	ldrb	r3, [r3, #0]
10005af8:	b25b      	sxtb	r3, r3
10005afa:	2b00      	cmp	r3, #0
10005afc:	db07      	blt.n	10005b0e <usbd_control_xfer_cb+0x5a>
10005afe:	4b26      	ldr	r3, [pc, #152]	; (10005b98 <usbd_control_xfer_cb+0xe4>)
10005b00:	6898      	ldr	r0, [r3, #8]
10005b02:	2800      	cmp	r0, #0
10005b04:	d045      	beq.n	10005b92 <usbd_control_xfer_cb+0xde>
10005b06:	0022      	movs	r2, r4
10005b08:	4926      	ldr	r1, [pc, #152]	; (10005ba4 <usbd_control_xfer_cb+0xf0>)
10005b0a:	f7fd f873 	bl	10002bf4 <__wrap___aeabi_memcpy>
10005b0e:	b2a2      	uxth	r2, r4
10005b10:	4921      	ldr	r1, [pc, #132]	; (10005b98 <usbd_control_xfer_cb+0xe4>)
10005b12:	89cb      	ldrh	r3, [r1, #14]
10005b14:	18d3      	adds	r3, r2, r3
10005b16:	b29b      	uxth	r3, r3
10005b18:	81cb      	strh	r3, [r1, #14]
10005b1a:	688a      	ldr	r2, [r1, #8]
10005b1c:	1912      	adds	r2, r2, r4
10005b1e:	608a      	str	r2, [r1, #8]
10005b20:	88ca      	ldrh	r2, [r1, #6]
10005b22:	4293      	cmp	r3, r2
10005b24:	d001      	beq.n	10005b2a <usbd_control_xfer_cb+0x76>
10005b26:	2c3f      	cmp	r4, #63	; 0x3f
10005b28:	d828      	bhi.n	10005b7c <usbd_control_xfer_cb+0xc8>
10005b2a:	4b1b      	ldr	r3, [pc, #108]	; (10005b98 <usbd_control_xfer_cb+0xe4>)
10005b2c:	691b      	ldr	r3, [r3, #16]
10005b2e:	2b00      	cmp	r3, #0
10005b30:	d005      	beq.n	10005b3e <usbd_control_xfer_cb+0x8a>
10005b32:	4a19      	ldr	r2, [pc, #100]	; (10005b98 <usbd_control_xfer_cb+0xe4>)
10005b34:	2102      	movs	r1, #2
10005b36:	0028      	movs	r0, r5
10005b38:	4798      	blx	r3
10005b3a:	2800      	cmp	r0, #0
10005b3c:	d014      	beq.n	10005b68 <usbd_control_xfer_cb+0xb4>
10005b3e:	4b16      	ldr	r3, [pc, #88]	; (10005b98 <usbd_control_xfer_cb+0xe4>)
10005b40:	781b      	ldrb	r3, [r3, #0]
10005b42:	b25b      	sxtb	r3, r3
10005b44:	2b00      	cmp	r3, #0
10005b46:	db0d      	blt.n	10005b64 <usbd_control_xfer_cb+0xb0>
10005b48:	2180      	movs	r1, #128	; 0x80
10005b4a:	2300      	movs	r3, #0
10005b4c:	2200      	movs	r2, #0
10005b4e:	0028      	movs	r0, r5
10005b50:	f7ff fbb6 	bl	100052c0 <usbd_edpt_xfer>
10005b54:	1e04      	subs	r4, r0, #0
10005b56:	d1be      	bne.n	10005ad6 <usbd_control_xfer_cb+0x22>
10005b58:	22d0      	movs	r2, #208	; 0xd0
10005b5a:	4910      	ldr	r1, [pc, #64]	; (10005b9c <usbd_control_xfer_cb+0xe8>)
10005b5c:	4810      	ldr	r0, [pc, #64]	; (10005ba0 <usbd_control_xfer_cb+0xec>)
10005b5e:	f7fe fa7f 	bl	10004060 <__wrap_printf>
10005b62:	e7b8      	b.n	10005ad6 <usbd_control_xfer_cb+0x22>
10005b64:	2100      	movs	r1, #0
10005b66:	e7f0      	b.n	10005b4a <usbd_control_xfer_cb+0x96>
10005b68:	2100      	movs	r1, #0
10005b6a:	0028      	movs	r0, r5
10005b6c:	f7ff f852 	bl	10004c14 <dcd_edpt_stall>
10005b70:	2180      	movs	r1, #128	; 0x80
10005b72:	0028      	movs	r0, r5
10005b74:	f7ff f84e 	bl	10004c14 <dcd_edpt_stall>
10005b78:	2401      	movs	r4, #1
10005b7a:	e7ac      	b.n	10005ad6 <usbd_control_xfer_cb+0x22>
10005b7c:	0028      	movs	r0, r5
10005b7e:	f7ff fedb 	bl	10005938 <_data_stage_xact>
10005b82:	1e04      	subs	r4, r0, #0
10005b84:	d1a7      	bne.n	10005ad6 <usbd_control_xfer_cb+0x22>
10005b86:	22d8      	movs	r2, #216	; 0xd8
10005b88:	4904      	ldr	r1, [pc, #16]	; (10005b9c <usbd_control_xfer_cb+0xe8>)
10005b8a:	4805      	ldr	r0, [pc, #20]	; (10005ba0 <usbd_control_xfer_cb+0xec>)
10005b8c:	f7fe fa68 	bl	10004060 <__wrap_printf>
10005b90:	e7a1      	b.n	10005ad6 <usbd_control_xfer_cb+0x22>
10005b92:	2400      	movs	r4, #0
10005b94:	e79f      	b.n	10005ad6 <usbd_control_xfer_cb+0x22>
10005b96:	46c0      	nop			; (mov r8, r8)
10005b98:	2000114c 	.word	0x2000114c
10005b9c:	100083fc 	.word	0x100083fc
10005ba0:	10008248 	.word	0x10008248
10005ba4:	20001168 	.word	0x20001168

10005ba8 <_prep_out_transaction>:
10005ba8:	b570      	push	{r4, r5, r6, lr}
10005baa:	0004      	movs	r4, r0
10005bac:	f7ff fa62 	bl	10005074 <tud_mounted>
10005bb0:	2800      	cmp	r0, #0
10005bb2:	d107      	bne.n	10005bc4 <_prep_out_transaction+0x1c>
10005bb4:	2000      	movs	r0, #0
10005bb6:	2800      	cmp	r0, #0
10005bb8:	d003      	beq.n	10005bc2 <_prep_out_transaction+0x1a>
10005bba:	78e3      	ldrb	r3, [r4, #3]
10005bbc:	2b00      	cmp	r3, #0
10005bbe:	d109      	bne.n	10005bd4 <_prep_out_transaction+0x2c>
10005bc0:	2000      	movs	r0, #0
10005bc2:	bd70      	pop	{r4, r5, r6, pc}
10005bc4:	f7ff fa5e 	bl	10005084 <tud_suspended>
10005bc8:	2800      	cmp	r0, #0
10005bca:	d101      	bne.n	10005bd0 <_prep_out_transaction+0x28>
10005bcc:	3001      	adds	r0, #1
10005bce:	e7f2      	b.n	10005bb6 <_prep_out_transaction+0xe>
10005bd0:	2000      	movs	r0, #0
10005bd2:	e7f0      	b.n	10005bb6 <_prep_out_transaction+0xe>
10005bd4:	0025      	movs	r5, r4
10005bd6:	3510      	adds	r5, #16
10005bd8:	0028      	movs	r0, r5
10005bda:	f001 f80b 	bl	10006bf4 <tu_fifo_remaining>
10005bde:	283f      	cmp	r0, #63	; 0x3f
10005be0:	d801      	bhi.n	10005be6 <_prep_out_transaction+0x3e>
10005be2:	2000      	movs	r0, #0
10005be4:	e7ed      	b.n	10005bc2 <_prep_out_transaction+0x1a>
10005be6:	78e1      	ldrb	r1, [r4, #3]
10005be8:	2000      	movs	r0, #0
10005bea:	f7ff fb41 	bl	10005270 <usbd_edpt_claim>
10005bee:	2800      	cmp	r0, #0
10005bf0:	d0e7      	beq.n	10005bc2 <_prep_out_transaction+0x1a>
10005bf2:	0028      	movs	r0, r5
10005bf4:	f000 fffe 	bl	10006bf4 <tu_fifo_remaining>
10005bf8:	283f      	cmp	r0, #63	; 0x3f
10005bfa:	d908      	bls.n	10005c0e <_prep_out_transaction+0x66>
10005bfc:	2392      	movs	r3, #146	; 0x92
10005bfe:	009b      	lsls	r3, r3, #2
10005c00:	18e2      	adds	r2, r4, r3
10005c02:	78e1      	ldrb	r1, [r4, #3]
10005c04:	2340      	movs	r3, #64	; 0x40
10005c06:	2000      	movs	r0, #0
10005c08:	f7ff fb5a 	bl	100052c0 <usbd_edpt_xfer>
10005c0c:	e7d9      	b.n	10005bc2 <_prep_out_transaction+0x1a>
10005c0e:	78e1      	ldrb	r1, [r4, #3]
10005c10:	2000      	movs	r0, #0
10005c12:	f7ff fb41 	bl	10005298 <usbd_edpt_release>
10005c16:	2000      	movs	r0, #0
10005c18:	e7d3      	b.n	10005bc2 <_prep_out_transaction+0x1a>
	...

10005c1c <tud_cdc_n_connected>:
10005c1c:	b510      	push	{r4, lr}
10005c1e:	0004      	movs	r4, r0
10005c20:	f7ff fa28 	bl	10005074 <tud_mounted>
10005c24:	2800      	cmp	r0, #0
10005c26:	d10c      	bne.n	10005c42 <tud_cdc_n_connected+0x26>
10005c28:	2200      	movs	r2, #0
10005c2a:	2a00      	cmp	r2, #0
10005c2c:	d011      	beq.n	10005c52 <tud_cdc_n_connected+0x36>
10005c2e:	23b2      	movs	r3, #178	; 0xb2
10005c30:	009b      	lsls	r3, r3, #2
10005c32:	4363      	muls	r3, r4
10005c34:	4809      	ldr	r0, [pc, #36]	; (10005c5c <tud_cdc_n_connected+0x40>)
10005c36:	18c0      	adds	r0, r0, r3
10005c38:	7903      	ldrb	r3, [r0, #4]
10005c3a:	07db      	lsls	r3, r3, #31
10005c3c:	d50b      	bpl.n	10005c56 <tud_cdc_n_connected+0x3a>
10005c3e:	2001      	movs	r0, #1
10005c40:	e008      	b.n	10005c54 <tud_cdc_n_connected+0x38>
10005c42:	f7ff fa1f 	bl	10005084 <tud_suspended>
10005c46:	2800      	cmp	r0, #0
10005c48:	d101      	bne.n	10005c4e <tud_cdc_n_connected+0x32>
10005c4a:	2201      	movs	r2, #1
10005c4c:	e7ed      	b.n	10005c2a <tud_cdc_n_connected+0xe>
10005c4e:	2200      	movs	r2, #0
10005c50:	e7eb      	b.n	10005c2a <tud_cdc_n_connected+0xe>
10005c52:	2000      	movs	r0, #0
10005c54:	bd10      	pop	{r4, pc}
10005c56:	2000      	movs	r0, #0
10005c58:	e7fc      	b.n	10005c54 <tud_cdc_n_connected+0x38>
10005c5a:	46c0      	nop			; (mov r8, r8)
10005c5c:	20000e84 	.word	0x20000e84

10005c60 <tud_cdc_n_available>:
10005c60:	b510      	push	{r4, lr}
10005c62:	23b2      	movs	r3, #178	; 0xb2
10005c64:	009b      	lsls	r3, r3, #2
10005c66:	4358      	muls	r0, r3
10005c68:	3010      	adds	r0, #16
10005c6a:	4b02      	ldr	r3, [pc, #8]	; (10005c74 <tud_cdc_n_available+0x14>)
10005c6c:	18c0      	adds	r0, r0, r3
10005c6e:	f000 ff90 	bl	10006b92 <tu_fifo_count>
10005c72:	bd10      	pop	{r4, pc}
10005c74:	20000e84 	.word	0x20000e84

10005c78 <tud_cdc_n_read>:
10005c78:	b570      	push	{r4, r5, r6, lr}
10005c7a:	23b2      	movs	r3, #178	; 0xb2
10005c7c:	009b      	lsls	r3, r3, #2
10005c7e:	4358      	muls	r0, r3
10005c80:	4b08      	ldr	r3, [pc, #32]	; (10005ca4 <tud_cdc_n_read+0x2c>)
10005c82:	18c5      	adds	r5, r0, r3
10005c84:	3010      	adds	r0, #16
10005c86:	18c0      	adds	r0, r0, r3
10005c88:	4b07      	ldr	r3, [pc, #28]	; (10005ca8 <tud_cdc_n_read+0x30>)
10005c8a:	429a      	cmp	r2, r3
10005c8c:	d808      	bhi.n	10005ca0 <tud_cdc_n_read+0x28>
10005c8e:	b292      	uxth	r2, r2
10005c90:	f000 ffe7 	bl	10006c62 <tu_fifo_read_n>
10005c94:	0004      	movs	r4, r0
10005c96:	0028      	movs	r0, r5
10005c98:	f7ff ff86 	bl	10005ba8 <_prep_out_transaction>
10005c9c:	0020      	movs	r0, r4
10005c9e:	bd70      	pop	{r4, r5, r6, pc}
10005ca0:	4a02      	ldr	r2, [pc, #8]	; (10005cac <tud_cdc_n_read+0x34>)
10005ca2:	e7f5      	b.n	10005c90 <tud_cdc_n_read+0x18>
10005ca4:	20000e84 	.word	0x20000e84
10005ca8:	0000fffe 	.word	0x0000fffe
10005cac:	0000ffff 	.word	0x0000ffff

10005cb0 <tud_cdc_n_write_flush>:
10005cb0:	b570      	push	{r4, r5, r6, lr}
10005cb2:	0005      	movs	r5, r0
10005cb4:	f7ff f9de 	bl	10005074 <tud_mounted>
10005cb8:	2800      	cmp	r0, #0
10005cba:	d104      	bne.n	10005cc6 <tud_cdc_n_write_flush+0x16>
10005cbc:	2300      	movs	r3, #0
10005cbe:	2b00      	cmp	r3, #0
10005cc0:	d109      	bne.n	10005cd6 <tud_cdc_n_write_flush+0x26>
10005cc2:	2000      	movs	r0, #0
10005cc4:	bd70      	pop	{r4, r5, r6, pc}
10005cc6:	f7ff f9dd 	bl	10005084 <tud_suspended>
10005cca:	2800      	cmp	r0, #0
10005ccc:	d101      	bne.n	10005cd2 <tud_cdc_n_write_flush+0x22>
10005cce:	2301      	movs	r3, #1
10005cd0:	e7f5      	b.n	10005cbe <tud_cdc_n_write_flush+0xe>
10005cd2:	2300      	movs	r3, #0
10005cd4:	e7f3      	b.n	10005cbe <tud_cdc_n_write_flush+0xe>
10005cd6:	24b2      	movs	r4, #178	; 0xb2
10005cd8:	00a4      	lsls	r4, r4, #2
10005cda:	436c      	muls	r4, r5
10005cdc:	3420      	adds	r4, #32
10005cde:	4b24      	ldr	r3, [pc, #144]	; (10005d70 <tud_cdc_n_write_flush+0xc0>)
10005ce0:	18e4      	adds	r4, r4, r3
10005ce2:	3404      	adds	r4, #4
10005ce4:	0020      	movs	r0, r4
10005ce6:	f000 ff54 	bl	10006b92 <tu_fifo_count>
10005cea:	2800      	cmp	r0, #0
10005cec:	d101      	bne.n	10005cf2 <tud_cdc_n_write_flush+0x42>
10005cee:	2000      	movs	r0, #0
10005cf0:	e7e8      	b.n	10005cc4 <tud_cdc_n_write_flush+0x14>
10005cf2:	22b2      	movs	r2, #178	; 0xb2
10005cf4:	0092      	lsls	r2, r2, #2
10005cf6:	436a      	muls	r2, r5
10005cf8:	4b1d      	ldr	r3, [pc, #116]	; (10005d70 <tud_cdc_n_write_flush+0xc0>)
10005cfa:	189b      	adds	r3, r3, r2
10005cfc:	7899      	ldrb	r1, [r3, #2]
10005cfe:	2000      	movs	r0, #0
10005d00:	f7ff fab6 	bl	10005270 <usbd_edpt_claim>
10005d04:	2800      	cmp	r0, #0
10005d06:	d101      	bne.n	10005d0c <tud_cdc_n_write_flush+0x5c>
10005d08:	2000      	movs	r0, #0
10005d0a:	e7db      	b.n	10005cc4 <tud_cdc_n_write_flush+0x14>
10005d0c:	26b2      	movs	r6, #178	; 0xb2
10005d0e:	00b6      	lsls	r6, r6, #2
10005d10:	436e      	muls	r6, r5
10005d12:	23a2      	movs	r3, #162	; 0xa2
10005d14:	009b      	lsls	r3, r3, #2
10005d16:	469c      	mov	ip, r3
10005d18:	4466      	add	r6, ip
10005d1a:	4b15      	ldr	r3, [pc, #84]	; (10005d70 <tud_cdc_n_write_flush+0xc0>)
10005d1c:	18f6      	adds	r6, r6, r3
10005d1e:	2240      	movs	r2, #64	; 0x40
10005d20:	0031      	movs	r1, r6
10005d22:	0020      	movs	r0, r4
10005d24:	f000 ff9d 	bl	10006c62 <tu_fifo_read_n>
10005d28:	1e04      	subs	r4, r0, #0
10005d2a:	d015      	beq.n	10005d58 <tud_cdc_n_write_flush+0xa8>
10005d2c:	20b2      	movs	r0, #178	; 0xb2
10005d2e:	0080      	lsls	r0, r0, #2
10005d30:	4368      	muls	r0, r5
10005d32:	4d0f      	ldr	r5, [pc, #60]	; (10005d70 <tud_cdc_n_write_flush+0xc0>)
10005d34:	182d      	adds	r5, r5, r0
10005d36:	78a9      	ldrb	r1, [r5, #2]
10005d38:	0023      	movs	r3, r4
10005d3a:	0032      	movs	r2, r6
10005d3c:	2000      	movs	r0, #0
10005d3e:	f7ff fabf 	bl	100052c0 <usbd_edpt_xfer>
10005d42:	2800      	cmp	r0, #0
10005d44:	d001      	beq.n	10005d4a <tud_cdc_n_write_flush+0x9a>
10005d46:	0020      	movs	r0, r4
10005d48:	e7bc      	b.n	10005cc4 <tud_cdc_n_write_flush+0x14>
10005d4a:	22cd      	movs	r2, #205	; 0xcd
10005d4c:	4909      	ldr	r1, [pc, #36]	; (10005d74 <tud_cdc_n_write_flush+0xc4>)
10005d4e:	480a      	ldr	r0, [pc, #40]	; (10005d78 <tud_cdc_n_write_flush+0xc8>)
10005d50:	f7fe f986 	bl	10004060 <__wrap_printf>
10005d54:	2000      	movs	r0, #0
10005d56:	e7b5      	b.n	10005cc4 <tud_cdc_n_write_flush+0x14>
10005d58:	20b2      	movs	r0, #178	; 0xb2
10005d5a:	0080      	lsls	r0, r0, #2
10005d5c:	4368      	muls	r0, r5
10005d5e:	4d04      	ldr	r5, [pc, #16]	; (10005d70 <tud_cdc_n_write_flush+0xc0>)
10005d60:	182d      	adds	r5, r5, r0
10005d62:	78a9      	ldrb	r1, [r5, #2]
10005d64:	2000      	movs	r0, #0
10005d66:	f7ff fa97 	bl	10005298 <usbd_edpt_release>
10005d6a:	2000      	movs	r0, #0
10005d6c:	e7aa      	b.n	10005cc4 <tud_cdc_n_write_flush+0x14>
10005d6e:	46c0      	nop			; (mov r8, r8)
10005d70:	20000e84 	.word	0x20000e84
10005d74:	10008444 	.word	0x10008444
10005d78:	10008248 	.word	0x10008248

10005d7c <tud_cdc_n_write>:
10005d7c:	b570      	push	{r4, r5, r6, lr}
10005d7e:	0005      	movs	r5, r0
10005d80:	24b2      	movs	r4, #178	; 0xb2
10005d82:	00a4      	lsls	r4, r4, #2
10005d84:	4344      	muls	r4, r0
10005d86:	3420      	adds	r4, #32
10005d88:	4b0b      	ldr	r3, [pc, #44]	; (10005db8 <tud_cdc_n_write+0x3c>)
10005d8a:	18e4      	adds	r4, r4, r3
10005d8c:	3404      	adds	r4, #4
10005d8e:	4b0b      	ldr	r3, [pc, #44]	; (10005dbc <tud_cdc_n_write+0x40>)
10005d90:	429a      	cmp	r2, r3
10005d92:	d80b      	bhi.n	10005dac <tud_cdc_n_write+0x30>
10005d94:	b292      	uxth	r2, r2
10005d96:	0020      	movs	r0, r4
10005d98:	f000 ff9a 	bl	10006cd0 <tu_fifo_write_n>
10005d9c:	0006      	movs	r6, r0
10005d9e:	0020      	movs	r0, r4
10005da0:	f000 fef7 	bl	10006b92 <tu_fifo_count>
10005da4:	283f      	cmp	r0, #63	; 0x3f
10005da6:	d803      	bhi.n	10005db0 <tud_cdc_n_write+0x34>
10005da8:	0030      	movs	r0, r6
10005daa:	bd70      	pop	{r4, r5, r6, pc}
10005dac:	4a04      	ldr	r2, [pc, #16]	; (10005dc0 <tud_cdc_n_write+0x44>)
10005dae:	e7f2      	b.n	10005d96 <tud_cdc_n_write+0x1a>
10005db0:	0028      	movs	r0, r5
10005db2:	f7ff ff7d 	bl	10005cb0 <tud_cdc_n_write_flush>
10005db6:	e7f7      	b.n	10005da8 <tud_cdc_n_write+0x2c>
10005db8:	20000e84 	.word	0x20000e84
10005dbc:	0000fffe 	.word	0x0000fffe
10005dc0:	0000ffff 	.word	0x0000ffff

10005dc4 <tud_cdc_n_write_available>:
10005dc4:	b510      	push	{r4, lr}
10005dc6:	23b2      	movs	r3, #178	; 0xb2
10005dc8:	009b      	lsls	r3, r3, #2
10005dca:	4358      	muls	r0, r3
10005dcc:	3020      	adds	r0, #32
10005dce:	4b03      	ldr	r3, [pc, #12]	; (10005ddc <tud_cdc_n_write_available+0x18>)
10005dd0:	18c0      	adds	r0, r0, r3
10005dd2:	3004      	adds	r0, #4
10005dd4:	f000 ff0e 	bl	10006bf4 <tu_fifo_remaining>
10005dd8:	bd10      	pop	{r4, pc}
10005dda:	46c0      	nop			; (mov r8, r8)
10005ddc:	20000e84 	.word	0x20000e84

10005de0 <cdcd_init>:
10005de0:	b5f0      	push	{r4, r5, r6, r7, lr}
10005de2:	46ce      	mov	lr, r9
10005de4:	4647      	mov	r7, r8
10005de6:	b580      	push	{r7, lr}
10005de8:	b083      	sub	sp, #12
10005dea:	22b2      	movs	r2, #178	; 0xb2
10005dec:	0092      	lsls	r2, r2, #2
10005dee:	2100      	movs	r1, #0
10005df0:	4829      	ldr	r0, [pc, #164]	; (10005e98 <cdcd_init+0xb8>)
10005df2:	f7fc fef9 	bl	10002be8 <__wrap_memset>
10005df6:	4b29      	ldr	r3, [pc, #164]	; (10005e9c <cdcd_init+0xbc>)
10005df8:	2200      	movs	r2, #0
10005dfa:	701a      	strb	r2, [r3, #0]
10005dfc:	2600      	movs	r6, #0
10005dfe:	2e00      	cmp	r6, #0
10005e00:	d004      	beq.n	10005e0c <cdcd_init+0x2c>
10005e02:	b003      	add	sp, #12
10005e04:	bcc0      	pop	{r6, r7}
10005e06:	46b9      	mov	r9, r7
10005e08:	46b0      	mov	r8, r6
10005e0a:	bdf0      	pop	{r4, r5, r6, r7, pc}
10005e0c:	4f22      	ldr	r7, [pc, #136]	; (10005e98 <cdcd_init+0xb8>)
10005e0e:	24b2      	movs	r4, #178	; 0xb2
10005e10:	00a4      	lsls	r4, r4, #2
10005e12:	4374      	muls	r4, r6
10005e14:	193d      	adds	r5, r7, r4
10005e16:	23ff      	movs	r3, #255	; 0xff
10005e18:	716b      	strb	r3, [r5, #5]
10005e1a:	23e1      	movs	r3, #225	; 0xe1
10005e1c:	025b      	lsls	r3, r3, #9
10005e1e:	60ab      	str	r3, [r5, #8]
10005e20:	2300      	movs	r3, #0
10005e22:	4698      	mov	r8, r3
10005e24:	732b      	strb	r3, [r5, #12]
10005e26:	736b      	strb	r3, [r5, #13]
10005e28:	3308      	adds	r3, #8
10005e2a:	73ab      	strb	r3, [r5, #14]
10005e2c:	0021      	movs	r1, r4
10005e2e:	3138      	adds	r1, #56	; 0x38
10005e30:	19c9      	adds	r1, r1, r7
10005e32:	33f8      	adds	r3, #248	; 0xf8
10005e34:	4699      	mov	r9, r3
10005e36:	0020      	movs	r0, r4
10005e38:	3010      	adds	r0, #16
10005e3a:	19c0      	adds	r0, r0, r7
10005e3c:	4643      	mov	r3, r8
10005e3e:	9300      	str	r3, [sp, #0]
10005e40:	3301      	adds	r3, #1
10005e42:	464a      	mov	r2, r9
10005e44:	f000 fe67 	bl	10006b16 <tu_fifo_config>
10005e48:	0021      	movs	r1, r4
10005e4a:	3139      	adds	r1, #57	; 0x39
10005e4c:	31ff      	adds	r1, #255	; 0xff
10005e4e:	19c9      	adds	r1, r1, r7
10005e50:	0020      	movs	r0, r4
10005e52:	3020      	adds	r0, #32
10005e54:	19c0      	adds	r0, r0, r7
10005e56:	3004      	adds	r0, #4
10005e58:	2301      	movs	r3, #1
10005e5a:	9300      	str	r3, [sp, #0]
10005e5c:	464a      	mov	r2, r9
10005e5e:	f000 fe5a 	bl	10006b16 <tu_fifo_config>
10005e62:	238e      	movs	r3, #142	; 0x8e
10005e64:	009b      	lsls	r3, r3, #2
10005e66:	18e3      	adds	r3, r4, r3
10005e68:	4699      	mov	r9, r3
10005e6a:	44b9      	add	r9, r7
10005e6c:	4648      	mov	r0, r9
10005e6e:	f7fa ffcd 	bl	10000e0c <mutex_init>
10005e72:	2390      	movs	r3, #144	; 0x90
10005e74:	009b      	lsls	r3, r3, #2
10005e76:	469c      	mov	ip, r3
10005e78:	4464      	add	r4, ip
10005e7a:	19e4      	adds	r4, r4, r7
10005e7c:	0020      	movs	r0, r4
10005e7e:	f7fa ffc5 	bl	10000e0c <mutex_init>
10005e82:	4643      	mov	r3, r8
10005e84:	61eb      	str	r3, [r5, #28]
10005e86:	464b      	mov	r3, r9
10005e88:	622b      	str	r3, [r5, #32]
10005e8a:	632c      	str	r4, [r5, #48]	; 0x30
10005e8c:	4643      	mov	r3, r8
10005e8e:	636b      	str	r3, [r5, #52]	; 0x34
10005e90:	3601      	adds	r6, #1
10005e92:	b2f6      	uxtb	r6, r6
10005e94:	e7b3      	b.n	10005dfe <cdcd_init+0x1e>
10005e96:	46c0      	nop			; (mov r8, r8)
10005e98:	20000e84 	.word	0x20000e84
10005e9c:	20000e80 	.word	0x20000e80

10005ea0 <cdcd_deinit>:
10005ea0:	b510      	push	{r4, lr}
10005ea2:	2300      	movs	r3, #0
10005ea4:	2b00      	cmp	r3, #0
10005ea6:	d001      	beq.n	10005eac <cdcd_deinit+0xc>
10005ea8:	2001      	movs	r0, #1
10005eaa:	bd10      	pop	{r4, pc}
10005eac:	0018      	movs	r0, r3
10005eae:	21b2      	movs	r1, #178	; 0xb2
10005eb0:	0089      	lsls	r1, r1, #2
10005eb2:	4359      	muls	r1, r3
10005eb4:	4a0d      	ldr	r2, [pc, #52]	; (10005eec <cdcd_deinit+0x4c>)
10005eb6:	1852      	adds	r2, r2, r1
10005eb8:	6a11      	ldr	r1, [r2, #32]
10005eba:	6b14      	ldr	r4, [r2, #48]	; 0x30
10005ebc:	2900      	cmp	r1, #0
10005ebe:	d007      	beq.n	10005ed0 <cdcd_deinit+0x30>
10005ec0:	22b2      	movs	r2, #178	; 0xb2
10005ec2:	0092      	lsls	r2, r2, #2
10005ec4:	435a      	muls	r2, r3
10005ec6:	4909      	ldr	r1, [pc, #36]	; (10005eec <cdcd_deinit+0x4c>)
10005ec8:	1889      	adds	r1, r1, r2
10005eca:	2200      	movs	r2, #0
10005ecc:	61ca      	str	r2, [r1, #28]
10005ece:	620a      	str	r2, [r1, #32]
10005ed0:	2c00      	cmp	r4, #0
10005ed2:	d007      	beq.n	10005ee4 <cdcd_deinit+0x44>
10005ed4:	22b2      	movs	r2, #178	; 0xb2
10005ed6:	0092      	lsls	r2, r2, #2
10005ed8:	4350      	muls	r0, r2
10005eda:	4a04      	ldr	r2, [pc, #16]	; (10005eec <cdcd_deinit+0x4c>)
10005edc:	1812      	adds	r2, r2, r0
10005ede:	2100      	movs	r1, #0
10005ee0:	6311      	str	r1, [r2, #48]	; 0x30
10005ee2:	6351      	str	r1, [r2, #52]	; 0x34
10005ee4:	3301      	adds	r3, #1
10005ee6:	b2db      	uxtb	r3, r3
10005ee8:	e7dc      	b.n	10005ea4 <cdcd_deinit+0x4>
10005eea:	46c0      	nop			; (mov r8, r8)
10005eec:	20000e84 	.word	0x20000e84

10005ef0 <cdcd_reset>:
10005ef0:	b570      	push	{r4, r5, r6, lr}
10005ef2:	2400      	movs	r4, #0
10005ef4:	2c00      	cmp	r4, #0
10005ef6:	d000      	beq.n	10005efa <cdcd_reset+0xa>
10005ef8:	bd70      	pop	{r4, r5, r6, pc}
10005efa:	0025      	movs	r5, r4
10005efc:	20b2      	movs	r0, #178	; 0xb2
10005efe:	0080      	lsls	r0, r0, #2
10005f00:	4360      	muls	r0, r4
10005f02:	4b17      	ldr	r3, [pc, #92]	; (10005f60 <cdcd_reset+0x70>)
10005f04:	18c0      	adds	r0, r0, r3
10005f06:	2205      	movs	r2, #5
10005f08:	2100      	movs	r1, #0
10005f0a:	f7fc fe6d 	bl	10002be8 <__wrap_memset>
10005f0e:	4b15      	ldr	r3, [pc, #84]	; (10005f64 <cdcd_reset+0x74>)
10005f10:	781b      	ldrb	r3, [r3, #0]
10005f12:	07db      	lsls	r3, r3, #31
10005f14:	d510      	bpl.n	10005f38 <cdcd_reset+0x48>
10005f16:	4b13      	ldr	r3, [pc, #76]	; (10005f64 <cdcd_reset+0x74>)
10005f18:	781b      	ldrb	r3, [r3, #0]
10005f1a:	079b      	lsls	r3, r3, #30
10005f1c:	d515      	bpl.n	10005f4a <cdcd_reset+0x5a>
10005f1e:	20b2      	movs	r0, #178	; 0xb2
10005f20:	0080      	lsls	r0, r0, #2
10005f22:	4368      	muls	r0, r5
10005f24:	3020      	adds	r0, #32
10005f26:	4b0e      	ldr	r3, [pc, #56]	; (10005f60 <cdcd_reset+0x70>)
10005f28:	18c0      	adds	r0, r0, r3
10005f2a:	3004      	adds	r0, #4
10005f2c:	2101      	movs	r1, #1
10005f2e:	f000 fef3 	bl	10006d18 <tu_fifo_set_overwritable>
10005f32:	3401      	adds	r4, #1
10005f34:	b2e4      	uxtb	r4, r4
10005f36:	e7dd      	b.n	10005ef4 <cdcd_reset+0x4>
10005f38:	20b2      	movs	r0, #178	; 0xb2
10005f3a:	0080      	lsls	r0, r0, #2
10005f3c:	4360      	muls	r0, r4
10005f3e:	3010      	adds	r0, #16
10005f40:	4b07      	ldr	r3, [pc, #28]	; (10005f60 <cdcd_reset+0x70>)
10005f42:	18c0      	adds	r0, r0, r3
10005f44:	f000 fec9 	bl	10006cda <tu_fifo_clear>
10005f48:	e7e5      	b.n	10005f16 <cdcd_reset+0x26>
10005f4a:	20b2      	movs	r0, #178	; 0xb2
10005f4c:	0080      	lsls	r0, r0, #2
10005f4e:	4368      	muls	r0, r5
10005f50:	3020      	adds	r0, #32
10005f52:	4b03      	ldr	r3, [pc, #12]	; (10005f60 <cdcd_reset+0x70>)
10005f54:	18c0      	adds	r0, r0, r3
10005f56:	3004      	adds	r0, #4
10005f58:	f000 febf 	bl	10006cda <tu_fifo_clear>
10005f5c:	e7df      	b.n	10005f1e <cdcd_reset+0x2e>
10005f5e:	46c0      	nop			; (mov r8, r8)
10005f60:	20000e84 	.word	0x20000e84
10005f64:	20000e80 	.word	0x20000e80

10005f68 <cdcd_open>:
10005f68:	b5f0      	push	{r4, r5, r6, r7, lr}
10005f6a:	b083      	sub	sp, #12
10005f6c:	0006      	movs	r6, r0
10005f6e:	794b      	ldrb	r3, [r1, #5]
10005f70:	2b02      	cmp	r3, #2
10005f72:	d168      	bne.n	10006046 <cdcd_open+0xde>
10005f74:	798b      	ldrb	r3, [r1, #6]
10005f76:	2b02      	cmp	r3, #2
10005f78:	d169      	bne.n	1000604e <cdcd_open+0xe6>
10005f7a:	2300      	movs	r3, #0
10005f7c:	2b00      	cmp	r3, #0
10005f7e:	d008      	beq.n	10005f92 <cdcd_open+0x2a>
10005f80:	2700      	movs	r7, #0
10005f82:	2f00      	cmp	r7, #0
10005f84:	d013      	beq.n	10005fae <cdcd_open+0x46>
10005f86:	788b      	ldrb	r3, [r1, #2]
10005f88:	703b      	strb	r3, [r7, #0]
10005f8a:	780c      	ldrb	r4, [r1, #0]
10005f8c:	190c      	adds	r4, r1, r4
10005f8e:	2509      	movs	r5, #9
10005f90:	e019      	b.n	10005fc6 <cdcd_open+0x5e>
10005f92:	24b2      	movs	r4, #178	; 0xb2
10005f94:	00a4      	lsls	r4, r4, #2
10005f96:	435c      	muls	r4, r3
10005f98:	482e      	ldr	r0, [pc, #184]	; (10006054 <cdcd_open+0xec>)
10005f9a:	1900      	adds	r0, r0, r4
10005f9c:	7880      	ldrb	r0, [r0, #2]
10005f9e:	2800      	cmp	r0, #0
10005fa0:	d002      	beq.n	10005fa8 <cdcd_open+0x40>
10005fa2:	3301      	adds	r3, #1
10005fa4:	b2db      	uxtb	r3, r3
10005fa6:	e7e9      	b.n	10005f7c <cdcd_open+0x14>
10005fa8:	4f2a      	ldr	r7, [pc, #168]	; (10006054 <cdcd_open+0xec>)
10005faa:	19e7      	adds	r7, r4, r7
10005fac:	e7e9      	b.n	10005f82 <cdcd_open+0x1a>
10005fae:	229a      	movs	r2, #154	; 0x9a
10005fb0:	0052      	lsls	r2, r2, #1
10005fb2:	4929      	ldr	r1, [pc, #164]	; (10006058 <cdcd_open+0xf0>)
10005fb4:	4829      	ldr	r0, [pc, #164]	; (1000605c <cdcd_open+0xf4>)
10005fb6:	f7fe f853 	bl	10004060 <__wrap_printf>
10005fba:	2500      	movs	r5, #0
10005fbc:	e044      	b.n	10006048 <cdcd_open+0xe0>
10005fbe:	7821      	ldrb	r1, [r4, #0]
10005fc0:	194d      	adds	r5, r1, r5
10005fc2:	b2ad      	uxth	r5, r5
10005fc4:	1864      	adds	r4, r4, r1
10005fc6:	7863      	ldrb	r3, [r4, #1]
10005fc8:	2b24      	cmp	r3, #36	; 0x24
10005fca:	d101      	bne.n	10005fd0 <cdcd_open+0x68>
10005fcc:	4295      	cmp	r5, r2
10005fce:	d9f6      	bls.n	10005fbe <cdcd_open+0x56>
10005fd0:	2b05      	cmp	r3, #5
10005fd2:	d009      	beq.n	10005fe8 <cdcd_open+0x80>
10005fd4:	7863      	ldrb	r3, [r4, #1]
10005fd6:	2b04      	cmp	r3, #4
10005fd8:	d102      	bne.n	10005fe0 <cdcd_open+0x78>
10005fda:	7963      	ldrb	r3, [r4, #5]
10005fdc:	2b0a      	cmp	r3, #10
10005fde:	d018      	beq.n	10006012 <cdcd_open+0xaa>
10005fe0:	0038      	movs	r0, r7
10005fe2:	f7ff fde1 	bl	10005ba8 <_prep_out_transaction>
10005fe6:	e02f      	b.n	10006048 <cdcd_open+0xe0>
10005fe8:	0021      	movs	r1, r4
10005fea:	0030      	movs	r0, r6
10005fec:	f7ff f8ca 	bl	10005184 <usbd_edpt_open>
10005ff0:	2800      	cmp	r0, #0
10005ff2:	d006      	beq.n	10006002 <cdcd_open+0x9a>
10005ff4:	78a3      	ldrb	r3, [r4, #2]
10005ff6:	707b      	strb	r3, [r7, #1]
10005ff8:	7822      	ldrb	r2, [r4, #0]
10005ffa:	1955      	adds	r5, r2, r5
10005ffc:	b2ad      	uxth	r5, r5
10005ffe:	18a4      	adds	r4, r4, r2
10006000:	e7e8      	b.n	10005fd4 <cdcd_open+0x6c>
10006002:	22a3      	movs	r2, #163	; 0xa3
10006004:	0052      	lsls	r2, r2, #1
10006006:	4914      	ldr	r1, [pc, #80]	; (10006058 <cdcd_open+0xf0>)
10006008:	4814      	ldr	r0, [pc, #80]	; (1000605c <cdcd_open+0xf4>)
1000600a:	f7fe f829 	bl	10004060 <__wrap_printf>
1000600e:	2500      	movs	r5, #0
10006010:	e01a      	b.n	10006048 <cdcd_open+0xe0>
10006012:	7821      	ldrb	r1, [r4, #0]
10006014:	194d      	adds	r5, r1, r5
10006016:	b2ad      	uxth	r5, r5
10006018:	1861      	adds	r1, r4, r1
1000601a:	1cbb      	adds	r3, r7, #2
1000601c:	9301      	str	r3, [sp, #4]
1000601e:	1cfb      	adds	r3, r7, #3
10006020:	9300      	str	r3, [sp, #0]
10006022:	2302      	movs	r3, #2
10006024:	2202      	movs	r2, #2
10006026:	0030      	movs	r0, r6
10006028:	f7ff f8dc 	bl	100051e4 <usbd_open_edpt_pair>
1000602c:	2800      	cmp	r0, #0
1000602e:	d002      	beq.n	10006036 <cdcd_open+0xce>
10006030:	350e      	adds	r5, #14
10006032:	b2ad      	uxth	r5, r5
10006034:	e7d4      	b.n	10005fe0 <cdcd_open+0x78>
10006036:	2256      	movs	r2, #86	; 0x56
10006038:	32ff      	adds	r2, #255	; 0xff
1000603a:	4907      	ldr	r1, [pc, #28]	; (10006058 <cdcd_open+0xf0>)
1000603c:	4807      	ldr	r0, [pc, #28]	; (1000605c <cdcd_open+0xf4>)
1000603e:	f7fe f80f 	bl	10004060 <__wrap_printf>
10006042:	2500      	movs	r5, #0
10006044:	e000      	b.n	10006048 <cdcd_open+0xe0>
10006046:	2500      	movs	r5, #0
10006048:	0028      	movs	r0, r5
1000604a:	b003      	add	sp, #12
1000604c:	bdf0      	pop	{r4, r5, r6, r7, pc}
1000604e:	2500      	movs	r5, #0
10006050:	e7fa      	b.n	10006048 <cdcd_open+0xe0>
10006052:	46c0      	nop			; (mov r8, r8)
10006054:	20000e84 	.word	0x20000e84
10006058:	10008438 	.word	0x10008438
1000605c:	10008248 	.word	0x10008248

10006060 <cdcd_control_xfer_cb>:
10006060:	b5f8      	push	{r3, r4, r5, r6, r7, lr}
10006062:	0014      	movs	r4, r2
10006064:	7812      	ldrb	r2, [r2, #0]
10006066:	2360      	movs	r3, #96	; 0x60
10006068:	4013      	ands	r3, r2
1000606a:	2b20      	cmp	r3, #32
1000606c:	d000      	beq.n	10006070 <cdcd_control_xfer_cb+0x10>
1000606e:	e080      	b.n	10006172 <cdcd_control_xfer_cb+0x112>
10006070:	4a45      	ldr	r2, [pc, #276]	; (10006188 <cdcd_control_xfer_cb+0x128>)
10006072:	2500      	movs	r5, #0
10006074:	2d00      	cmp	r5, #0
10006076:	d000      	beq.n	1000607a <cdcd_control_xfer_cb+0x1a>
10006078:	e07d      	b.n	10006176 <cdcd_control_xfer_cb+0x116>
1000607a:	7816      	ldrb	r6, [r2, #0]
1000607c:	7927      	ldrb	r7, [r4, #4]
1000607e:	7963      	ldrb	r3, [r4, #5]
10006080:	021b      	lsls	r3, r3, #8
10006082:	433b      	orrs	r3, r7
10006084:	429e      	cmp	r6, r3
10006086:	d006      	beq.n	10006096 <cdcd_control_xfer_cb+0x36>
10006088:	3501      	adds	r5, #1
1000608a:	b2ed      	uxtb	r5, r5
1000608c:	23b2      	movs	r3, #178	; 0xb2
1000608e:	009b      	lsls	r3, r3, #2
10006090:	469c      	mov	ip, r3
10006092:	4462      	add	r2, ip
10006094:	e7ee      	b.n	10006074 <cdcd_control_xfer_cb+0x14>
10006096:	7863      	ldrb	r3, [r4, #1]
10006098:	2b22      	cmp	r3, #34	; 0x22
1000609a:	d032      	beq.n	10006102 <cdcd_control_xfer_cb+0xa2>
1000609c:	d809      	bhi.n	100060b2 <cdcd_control_xfer_cb+0x52>
1000609e:	2b20      	cmp	r3, #32
100060a0:	d011      	beq.n	100060c6 <cdcd_control_xfer_cb+0x66>
100060a2:	2b21      	cmp	r3, #33	; 0x21
100060a4:	d103      	bne.n	100060ae <cdcd_control_xfer_cb+0x4e>
100060a6:	2901      	cmp	r1, #1
100060a8:	d024      	beq.n	100060f4 <cdcd_control_xfer_cb+0x94>
100060aa:	2001      	movs	r0, #1
100060ac:	e062      	b.n	10006174 <cdcd_control_xfer_cb+0x114>
100060ae:	2000      	movs	r0, #0
100060b0:	e060      	b.n	10006174 <cdcd_control_xfer_cb+0x114>
100060b2:	2b23      	cmp	r3, #35	; 0x23
100060b4:	d105      	bne.n	100060c2 <cdcd_control_xfer_cb+0x62>
100060b6:	2901      	cmp	r1, #1
100060b8:	d04a      	beq.n	10006150 <cdcd_control_xfer_cb+0xf0>
100060ba:	2903      	cmp	r1, #3
100060bc:	d04d      	beq.n	1000615a <cdcd_control_xfer_cb+0xfa>
100060be:	2001      	movs	r0, #1
100060c0:	e058      	b.n	10006174 <cdcd_control_xfer_cb+0x114>
100060c2:	2000      	movs	r0, #0
100060c4:	e056      	b.n	10006174 <cdcd_control_xfer_cb+0x114>
100060c6:	2901      	cmp	r1, #1
100060c8:	d003      	beq.n	100060d2 <cdcd_control_xfer_cb+0x72>
100060ca:	2903      	cmp	r1, #3
100060cc:	d008      	beq.n	100060e0 <cdcd_control_xfer_cb+0x80>
100060ce:	2001      	movs	r0, #1
100060d0:	e050      	b.n	10006174 <cdcd_control_xfer_cb+0x114>
100060d2:	3208      	adds	r2, #8
100060d4:	2307      	movs	r3, #7
100060d6:	0021      	movs	r1, r4
100060d8:	f7ff fc7a 	bl	100059d0 <tud_control_xfer>
100060dc:	2001      	movs	r0, #1
100060de:	e049      	b.n	10006174 <cdcd_control_xfer_cb+0x114>
100060e0:	4b2a      	ldr	r3, [pc, #168]	; (1000618c <cdcd_control_xfer_cb+0x12c>)
100060e2:	2b00      	cmp	r3, #0
100060e4:	d049      	beq.n	1000617a <cdcd_control_xfer_cb+0x11a>
100060e6:	3208      	adds	r2, #8
100060e8:	0011      	movs	r1, r2
100060ea:	0028      	movs	r0, r5
100060ec:	f7fe f954 	bl	10004398 <tud_cdc_line_coding_cb>
100060f0:	2001      	movs	r0, #1
100060f2:	e03f      	b.n	10006174 <cdcd_control_xfer_cb+0x114>
100060f4:	3208      	adds	r2, #8
100060f6:	2307      	movs	r3, #7
100060f8:	0021      	movs	r1, r4
100060fa:	f7ff fc69 	bl	100059d0 <tud_control_xfer>
100060fe:	2001      	movs	r0, #1
10006100:	e038      	b.n	10006174 <cdcd_control_xfer_cb+0x114>
10006102:	2901      	cmp	r1, #1
10006104:	d003      	beq.n	1000610e <cdcd_control_xfer_cb+0xae>
10006106:	2903      	cmp	r1, #3
10006108:	d006      	beq.n	10006118 <cdcd_control_xfer_cb+0xb8>
1000610a:	2001      	movs	r0, #1
1000610c:	e032      	b.n	10006174 <cdcd_control_xfer_cb+0x114>
1000610e:	0021      	movs	r1, r4
10006110:	f7ff fc42 	bl	10005998 <tud_control_status>
10006114:	2001      	movs	r0, #1
10006116:	e02d      	b.n	10006174 <cdcd_control_xfer_cb+0x114>
10006118:	78a1      	ldrb	r1, [r4, #2]
1000611a:	78e3      	ldrb	r3, [r4, #3]
1000611c:	021b      	lsls	r3, r3, #8
1000611e:	430b      	orrs	r3, r1
10006120:	2001      	movs	r0, #1
10006122:	0019      	movs	r1, r3
10006124:	4001      	ands	r1, r0
10006126:	000e      	movs	r6, r1
10006128:	085c      	lsrs	r4, r3, #1
1000612a:	4004      	ands	r4, r0
1000612c:	7113      	strb	r3, [r2, #4]
1000612e:	424b      	negs	r3, r1
10006130:	4159      	adcs	r1, r3
10006132:	b2c9      	uxtb	r1, r1
10006134:	3224      	adds	r2, #36	; 0x24
10006136:	0010      	movs	r0, r2
10006138:	f000 fdee 	bl	10006d18 <tu_fifo_set_overwritable>
1000613c:	4b14      	ldr	r3, [pc, #80]	; (10006190 <cdcd_control_xfer_cb+0x130>)
1000613e:	2b00      	cmp	r3, #0
10006140:	d01d      	beq.n	1000617e <cdcd_control_xfer_cb+0x11e>
10006142:	0022      	movs	r2, r4
10006144:	0031      	movs	r1, r6
10006146:	0028      	movs	r0, r5
10006148:	e000      	b.n	1000614c <cdcd_control_xfer_cb+0xec>
1000614a:	bf00      	nop
1000614c:	2001      	movs	r0, #1
1000614e:	e011      	b.n	10006174 <cdcd_control_xfer_cb+0x114>
10006150:	0021      	movs	r1, r4
10006152:	f7ff fc21 	bl	10005998 <tud_control_status>
10006156:	2001      	movs	r0, #1
10006158:	e00c      	b.n	10006174 <cdcd_control_xfer_cb+0x114>
1000615a:	4b0e      	ldr	r3, [pc, #56]	; (10006194 <cdcd_control_xfer_cb+0x134>)
1000615c:	2b00      	cmp	r3, #0
1000615e:	d010      	beq.n	10006182 <cdcd_control_xfer_cb+0x122>
10006160:	78a3      	ldrb	r3, [r4, #2]
10006162:	78e1      	ldrb	r1, [r4, #3]
10006164:	0209      	lsls	r1, r1, #8
10006166:	4319      	orrs	r1, r3
10006168:	0028      	movs	r0, r5
1000616a:	e000      	b.n	1000616e <cdcd_control_xfer_cb+0x10e>
1000616c:	bf00      	nop
1000616e:	2001      	movs	r0, #1
10006170:	e000      	b.n	10006174 <cdcd_control_xfer_cb+0x114>
10006172:	2000      	movs	r0, #0
10006174:	bdf8      	pop	{r3, r4, r5, r6, r7, pc}
10006176:	2000      	movs	r0, #0
10006178:	e7fc      	b.n	10006174 <cdcd_control_xfer_cb+0x114>
1000617a:	2001      	movs	r0, #1
1000617c:	e7fa      	b.n	10006174 <cdcd_control_xfer_cb+0x114>
1000617e:	2001      	movs	r0, #1
10006180:	e7f8      	b.n	10006174 <cdcd_control_xfer_cb+0x114>
10006182:	2001      	movs	r0, #1
10006184:	e7f6      	b.n	10006174 <cdcd_control_xfer_cb+0x114>
10006186:	46c0      	nop			; (mov r8, r8)
10006188:	20000e84 	.word	0x20000e84
1000618c:	10004399 	.word	0x10004399
	...

10006198 <cdcd_xfer_cb>:
10006198:	b5f0      	push	{r4, r5, r6, r7, lr}
1000619a:	46d6      	mov	lr, sl
1000619c:	b500      	push	{lr}
1000619e:	b082      	sub	sp, #8
100061a0:	9001      	str	r0, [sp, #4]
100061a2:	000f      	movs	r7, r1
100061a4:	9300      	str	r3, [sp, #0]
100061a6:	2400      	movs	r4, #0
100061a8:	2c00      	cmp	r4, #0
100061aa:	d00d      	beq.n	100061c8 <cdcd_xfer_cb+0x30>
100061ac:	2c00      	cmp	r4, #0
100061ae:	d119      	bne.n	100061e4 <cdcd_xfer_cb+0x4c>
100061b0:	78eb      	ldrb	r3, [r5, #3]
100061b2:	42bb      	cmp	r3, r7
100061b4:	d01e      	beq.n	100061f4 <cdcd_xfer_cb+0x5c>
100061b6:	78ab      	ldrb	r3, [r5, #2]
100061b8:	42bb      	cmp	r3, r7
100061ba:	d055      	beq.n	10006268 <cdcd_xfer_cb+0xd0>
100061bc:	2401      	movs	r4, #1
100061be:	0020      	movs	r0, r4
100061c0:	b002      	add	sp, #8
100061c2:	bc80      	pop	{r7}
100061c4:	46ba      	mov	sl, r7
100061c6:	bdf0      	pop	{r4, r5, r6, r7, pc}
100061c8:	25b2      	movs	r5, #178	; 0xb2
100061ca:	00ad      	lsls	r5, r5, #2
100061cc:	4365      	muls	r5, r4
100061ce:	4b3d      	ldr	r3, [pc, #244]	; (100062c4 <cdcd_xfer_cb+0x12c>)
100061d0:	18ed      	adds	r5, r5, r3
100061d2:	78eb      	ldrb	r3, [r5, #3]
100061d4:	42bb      	cmp	r3, r7
100061d6:	d0e9      	beq.n	100061ac <cdcd_xfer_cb+0x14>
100061d8:	78ab      	ldrb	r3, [r5, #2]
100061da:	42bb      	cmp	r3, r7
100061dc:	d0e6      	beq.n	100061ac <cdcd_xfer_cb+0x14>
100061de:	3401      	adds	r4, #1
100061e0:	b2e4      	uxtb	r4, r4
100061e2:	e7e1      	b.n	100061a8 <cdcd_xfer_cb+0x10>
100061e4:	22b6      	movs	r2, #182	; 0xb6
100061e6:	32ff      	adds	r2, #255	; 0xff
100061e8:	4937      	ldr	r1, [pc, #220]	; (100062c8 <cdcd_xfer_cb+0x130>)
100061ea:	4838      	ldr	r0, [pc, #224]	; (100062cc <cdcd_xfer_cb+0x134>)
100061ec:	f7fd ff38 	bl	10004060 <__wrap_printf>
100061f0:	2400      	movs	r4, #0
100061f2:	e7e4      	b.n	100061be <cdcd_xfer_cb+0x26>
100061f4:	2310      	movs	r3, #16
100061f6:	469a      	mov	sl, r3
100061f8:	44aa      	add	sl, r5
100061fa:	2392      	movs	r3, #146	; 0x92
100061fc:	009b      	lsls	r3, r3, #2
100061fe:	18e9      	adds	r1, r5, r3
10006200:	466b      	mov	r3, sp
10006202:	881a      	ldrh	r2, [r3, #0]
10006204:	4650      	mov	r0, sl
10006206:	f000 fd63 	bl	10006cd0 <tu_fifo_write_n>
1000620a:	4b31      	ldr	r3, [pc, #196]	; (100062d0 <cdcd_xfer_cb+0x138>)
1000620c:	2b00      	cmp	r3, #0
1000620e:	d01b      	beq.n	10006248 <cdcd_xfer_cb+0xb0>
10006210:	796b      	ldrb	r3, [r5, #5]
10006212:	2bff      	cmp	r3, #255	; 0xff
10006214:	d018      	beq.n	10006248 <cdcd_xfer_cb+0xb0>
10006216:	2600      	movs	r6, #0
10006218:	e000      	b.n	1000621c <cdcd_xfer_cb+0x84>
1000621a:	3601      	adds	r6, #1
1000621c:	9b00      	ldr	r3, [sp, #0]
1000621e:	429e      	cmp	r6, r3
10006220:	d212      	bcs.n	10006248 <cdcd_xfer_cb+0xb0>
10006222:	796a      	ldrb	r2, [r5, #5]
10006224:	19ab      	adds	r3, r5, r6
10006226:	2192      	movs	r1, #146	; 0x92
10006228:	0089      	lsls	r1, r1, #2
1000622a:	468c      	mov	ip, r1
1000622c:	4463      	add	r3, ip
1000622e:	781b      	ldrb	r3, [r3, #0]
10006230:	429a      	cmp	r2, r3
10006232:	d1f2      	bne.n	1000621a <cdcd_xfer_cb+0x82>
10006234:	4650      	mov	r0, sl
10006236:	f000 fcc1 	bl	10006bbc <tu_fifo_empty>
1000623a:	2800      	cmp	r0, #0
1000623c:	d1ed      	bne.n	1000621a <cdcd_xfer_cb+0x82>
1000623e:	7969      	ldrb	r1, [r5, #5]
10006240:	0020      	movs	r0, r4
10006242:	e000      	b.n	10006246 <cdcd_xfer_cb+0xae>
10006244:	bf00      	nop
10006246:	e7e8      	b.n	1000621a <cdcd_xfer_cb+0x82>
10006248:	4b22      	ldr	r3, [pc, #136]	; (100062d4 <cdcd_xfer_cb+0x13c>)
1000624a:	2b00      	cmp	r3, #0
1000624c:	d004      	beq.n	10006258 <cdcd_xfer_cb+0xc0>
1000624e:	4650      	mov	r0, sl
10006250:	f000 fcb4 	bl	10006bbc <tu_fifo_empty>
10006254:	2800      	cmp	r0, #0
10006256:	d003      	beq.n	10006260 <cdcd_xfer_cb+0xc8>
10006258:	0028      	movs	r0, r5
1000625a:	f7ff fca5 	bl	10005ba8 <_prep_out_transaction>
1000625e:	e7aa      	b.n	100061b6 <cdcd_xfer_cb+0x1e>
10006260:	0020      	movs	r0, r4
10006262:	e000      	b.n	10006266 <cdcd_xfer_cb+0xce>
10006264:	bf00      	nop
10006266:	e7f7      	b.n	10006258 <cdcd_xfer_cb+0xc0>
10006268:	4b1b      	ldr	r3, [pc, #108]	; (100062d8 <cdcd_xfer_cb+0x140>)
1000626a:	2b00      	cmp	r3, #0
1000626c:	d002      	beq.n	10006274 <cdcd_xfer_cb+0xdc>
1000626e:	0020      	movs	r0, r4
10006270:	e000      	b.n	10006274 <cdcd_xfer_cb+0xdc>
10006272:	bf00      	nop
10006274:	0020      	movs	r0, r4
10006276:	f7ff fd1b 	bl	10005cb0 <tud_cdc_n_write_flush>
1000627a:	2800      	cmp	r0, #0
1000627c:	d001      	beq.n	10006282 <cdcd_xfer_cb+0xea>
1000627e:	2401      	movs	r4, #1
10006280:	e79d      	b.n	100061be <cdcd_xfer_cb+0x26>
10006282:	0028      	movs	r0, r5
10006284:	3024      	adds	r0, #36	; 0x24
10006286:	f000 fc84 	bl	10006b92 <tu_fifo_count>
1000628a:	2800      	cmp	r0, #0
1000628c:	d115      	bne.n	100062ba <cdcd_xfer_cb+0x122>
1000628e:	9b00      	ldr	r3, [sp, #0]
10006290:	2b00      	cmp	r3, #0
10006292:	d014      	beq.n	100062be <cdcd_xfer_cb+0x126>
10006294:	069b      	lsls	r3, r3, #26
10006296:	d001      	beq.n	1000629c <cdcd_xfer_cb+0x104>
10006298:	2401      	movs	r4, #1
1000629a:	e790      	b.n	100061be <cdcd_xfer_cb+0x26>
1000629c:	78a9      	ldrb	r1, [r5, #2]
1000629e:	9801      	ldr	r0, [sp, #4]
100062a0:	f7fe ffe6 	bl	10005270 <usbd_edpt_claim>
100062a4:	1e04      	subs	r4, r0, #0
100062a6:	d101      	bne.n	100062ac <cdcd_xfer_cb+0x114>
100062a8:	2401      	movs	r4, #1
100062aa:	e788      	b.n	100061be <cdcd_xfer_cb+0x26>
100062ac:	78a9      	ldrb	r1, [r5, #2]
100062ae:	2300      	movs	r3, #0
100062b0:	2200      	movs	r2, #0
100062b2:	9801      	ldr	r0, [sp, #4]
100062b4:	f7ff f804 	bl	100052c0 <usbd_edpt_xfer>
100062b8:	e781      	b.n	100061be <cdcd_xfer_cb+0x26>
100062ba:	2401      	movs	r4, #1
100062bc:	e77f      	b.n	100061be <cdcd_xfer_cb+0x26>
100062be:	2401      	movs	r4, #1
100062c0:	e77d      	b.n	100061be <cdcd_xfer_cb+0x26>
100062c2:	46c0      	nop			; (mov r8, r8)
100062c4:	20000e84 	.word	0x20000e84
100062c8:	10008428 	.word	0x10008428
100062cc:	10008248 	.word	0x10008248
	...

100062dc <_prep_out_transaction>:
100062dc:	b510      	push	{r4, lr}
100062de:	0004      	movs	r4, r0
100062e0:	7881      	ldrb	r1, [r0, #2]
100062e2:	2000      	movs	r0, #0
100062e4:	f7fe ffc4 	bl	10005270 <usbd_edpt_claim>
100062e8:	2800      	cmp	r0, #0
100062ea:	d100      	bne.n	100062ee <_prep_out_transaction+0x12>
100062ec:	bd10      	pop	{r4, pc}
100062ee:	1d20      	adds	r0, r4, #4
100062f0:	f000 fc80 	bl	10006bf4 <tu_fifo_remaining>
100062f4:	283f      	cmp	r0, #63	; 0x3f
100062f6:	d909      	bls.n	1000630c <_prep_out_transaction+0x30>
100062f8:	238f      	movs	r3, #143	; 0x8f
100062fa:	009b      	lsls	r3, r3, #2
100062fc:	18e2      	adds	r2, r4, r3
100062fe:	78a1      	ldrb	r1, [r4, #2]
10006300:	3bfd      	subs	r3, #253	; 0xfd
10006302:	3bff      	subs	r3, #255	; 0xff
10006304:	2000      	movs	r0, #0
10006306:	f7fe ffdb 	bl	100052c0 <usbd_edpt_xfer>
1000630a:	e7ef      	b.n	100062ec <_prep_out_transaction+0x10>
1000630c:	78a1      	ldrb	r1, [r4, #2]
1000630e:	2000      	movs	r0, #0
10006310:	f7fe ffc2 	bl	10005298 <usbd_edpt_release>
10006314:	e7ea      	b.n	100062ec <_prep_out_transaction+0x10>
	...

10006318 <tud_vendor_n_write_flush>:
10006318:	b570      	push	{r4, r5, r6, lr}
1000631a:	0005      	movs	r5, r0
1000631c:	f7fe feaa 	bl	10005074 <tud_mounted>
10006320:	2800      	cmp	r0, #0
10006322:	d104      	bne.n	1000632e <tud_vendor_n_write_flush+0x16>
10006324:	2300      	movs	r3, #0
10006326:	2b00      	cmp	r3, #0
10006328:	d109      	bne.n	1000633e <tud_vendor_n_write_flush+0x26>
1000632a:	2000      	movs	r0, #0
1000632c:	bd70      	pop	{r4, r5, r6, pc}
1000632e:	f7fe fea9 	bl	10005084 <tud_suspended>
10006332:	2800      	cmp	r0, #0
10006334:	d101      	bne.n	1000633a <tud_vendor_n_write_flush+0x22>
10006336:	2301      	movs	r3, #1
10006338:	e7f5      	b.n	10006326 <tud_vendor_n_write_flush+0xe>
1000633a:	2300      	movs	r3, #0
1000633c:	e7f3      	b.n	10006326 <tud_vendor_n_write_flush+0xe>
1000633e:	24af      	movs	r4, #175	; 0xaf
10006340:	00a4      	lsls	r4, r4, #2
10006342:	436c      	muls	r4, r5
10006344:	3418      	adds	r4, #24
10006346:	4b24      	ldr	r3, [pc, #144]	; (100063d8 <tud_vendor_n_write_flush+0xc0>)
10006348:	18e4      	adds	r4, r4, r3
1000634a:	0020      	movs	r0, r4
1000634c:	f000 fc21 	bl	10006b92 <tu_fifo_count>
10006350:	2800      	cmp	r0, #0
10006352:	d101      	bne.n	10006358 <tud_vendor_n_write_flush+0x40>
10006354:	2000      	movs	r0, #0
10006356:	e7e9      	b.n	1000632c <tud_vendor_n_write_flush+0x14>
10006358:	22af      	movs	r2, #175	; 0xaf
1000635a:	0092      	lsls	r2, r2, #2
1000635c:	436a      	muls	r2, r5
1000635e:	4b1e      	ldr	r3, [pc, #120]	; (100063d8 <tud_vendor_n_write_flush+0xc0>)
10006360:	189b      	adds	r3, r3, r2
10006362:	7859      	ldrb	r1, [r3, #1]
10006364:	2000      	movs	r0, #0
10006366:	f7fe ff83 	bl	10005270 <usbd_edpt_claim>
1000636a:	2800      	cmp	r0, #0
1000636c:	d101      	bne.n	10006372 <tud_vendor_n_write_flush+0x5a>
1000636e:	2000      	movs	r0, #0
10006370:	e7dc      	b.n	1000632c <tud_vendor_n_write_flush+0x14>
10006372:	26af      	movs	r6, #175	; 0xaf
10006374:	00b6      	lsls	r6, r6, #2
10006376:	436e      	muls	r6, r5
10006378:	239e      	movs	r3, #158	; 0x9e
1000637a:	009b      	lsls	r3, r3, #2
1000637c:	469c      	mov	ip, r3
1000637e:	4466      	add	r6, ip
10006380:	4b15      	ldr	r3, [pc, #84]	; (100063d8 <tud_vendor_n_write_flush+0xc0>)
10006382:	18f6      	adds	r6, r6, r3
10006384:	3604      	adds	r6, #4
10006386:	2240      	movs	r2, #64	; 0x40
10006388:	0031      	movs	r1, r6
1000638a:	0020      	movs	r0, r4
1000638c:	f000 fc69 	bl	10006c62 <tu_fifo_read_n>
10006390:	1e04      	subs	r4, r0, #0
10006392:	d015      	beq.n	100063c0 <tud_vendor_n_write_flush+0xa8>
10006394:	20af      	movs	r0, #175	; 0xaf
10006396:	0080      	lsls	r0, r0, #2
10006398:	4345      	muls	r5, r0
1000639a:	480f      	ldr	r0, [pc, #60]	; (100063d8 <tud_vendor_n_write_flush+0xc0>)
1000639c:	1940      	adds	r0, r0, r5
1000639e:	7841      	ldrb	r1, [r0, #1]
100063a0:	0023      	movs	r3, r4
100063a2:	0032      	movs	r2, r6
100063a4:	2000      	movs	r0, #0
100063a6:	f7fe ff8b 	bl	100052c0 <usbd_edpt_xfer>
100063aa:	2800      	cmp	r0, #0
100063ac:	d001      	beq.n	100063b2 <tud_vendor_n_write_flush+0x9a>
100063ae:	0020      	movs	r0, r4
100063b0:	e7bc      	b.n	1000632c <tud_vendor_n_write_flush+0x14>
100063b2:	229b      	movs	r2, #155	; 0x9b
100063b4:	4909      	ldr	r1, [pc, #36]	; (100063dc <tud_vendor_n_write_flush+0xc4>)
100063b6:	480a      	ldr	r0, [pc, #40]	; (100063e0 <tud_vendor_n_write_flush+0xc8>)
100063b8:	f7fd fe52 	bl	10004060 <__wrap_printf>
100063bc:	2000      	movs	r0, #0
100063be:	e7b5      	b.n	1000632c <tud_vendor_n_write_flush+0x14>
100063c0:	20af      	movs	r0, #175	; 0xaf
100063c2:	0080      	lsls	r0, r0, #2
100063c4:	4345      	muls	r5, r0
100063c6:	4804      	ldr	r0, [pc, #16]	; (100063d8 <tud_vendor_n_write_flush+0xc0>)
100063c8:	1940      	adds	r0, r0, r5
100063ca:	7841      	ldrb	r1, [r0, #1]
100063cc:	2000      	movs	r0, #0
100063ce:	f7fe ff63 	bl	10005298 <usbd_edpt_release>
100063d2:	2000      	movs	r0, #0
100063d4:	e7aa      	b.n	1000632c <tud_vendor_n_write_flush+0x14>
100063d6:	46c0      	nop			; (mov r8, r8)
100063d8:	200012c4 	.word	0x200012c4
100063dc:	1000846c 	.word	0x1000846c
100063e0:	10008248 	.word	0x10008248

100063e4 <vendord_init>:
100063e4:	b5f0      	push	{r4, r5, r6, r7, lr}
100063e6:	46ce      	mov	lr, r9
100063e8:	4647      	mov	r7, r8
100063ea:	b580      	push	{r7, lr}
100063ec:	b083      	sub	sp, #12
100063ee:	22af      	movs	r2, #175	; 0xaf
100063f0:	0092      	lsls	r2, r2, #2
100063f2:	2100      	movs	r1, #0
100063f4:	4822      	ldr	r0, [pc, #136]	; (10006480 <vendord_init+0x9c>)
100063f6:	f7fc fbf7 	bl	10002be8 <__wrap_memset>
100063fa:	2500      	movs	r5, #0
100063fc:	2d00      	cmp	r5, #0
100063fe:	d004      	beq.n	1000640a <vendord_init+0x26>
10006400:	b003      	add	sp, #12
10006402:	bcc0      	pop	{r6, r7}
10006404:	46b9      	mov	r9, r7
10006406:	46b0      	mov	r8, r6
10006408:	bdf0      	pop	{r4, r5, r6, r7, pc}
1000640a:	24af      	movs	r4, #175	; 0xaf
1000640c:	00a4      	lsls	r4, r4, #2
1000640e:	436c      	muls	r4, r5
10006410:	0021      	movs	r1, r4
10006412:	3128      	adds	r1, #40	; 0x28
10006414:	4b1a      	ldr	r3, [pc, #104]	; (10006480 <vendord_init+0x9c>)
10006416:	4699      	mov	r9, r3
10006418:	4449      	add	r1, r9
1000641a:	3104      	adds	r1, #4
1000641c:	2680      	movs	r6, #128	; 0x80
1000641e:	0076      	lsls	r6, r6, #1
10006420:	18e7      	adds	r7, r4, r3
10006422:	1d38      	adds	r0, r7, #4
10006424:	2300      	movs	r3, #0
10006426:	4698      	mov	r8, r3
10006428:	9300      	str	r3, [sp, #0]
1000642a:	3301      	adds	r3, #1
1000642c:	0032      	movs	r2, r6
1000642e:	f000 fb72 	bl	10006b16 <tu_fifo_config>
10006432:	0021      	movs	r1, r4
10006434:	3129      	adds	r1, #41	; 0x29
10006436:	31ff      	adds	r1, #255	; 0xff
10006438:	4449      	add	r1, r9
1000643a:	3104      	adds	r1, #4
1000643c:	0020      	movs	r0, r4
1000643e:	3018      	adds	r0, #24
10006440:	4448      	add	r0, r9
10006442:	4643      	mov	r3, r8
10006444:	9300      	str	r3, [sp, #0]
10006446:	3301      	adds	r3, #1
10006448:	0032      	movs	r2, r6
1000644a:	f000 fb64 	bl	10006b16 <tu_fifo_config>
1000644e:	238a      	movs	r3, #138	; 0x8a
10006450:	009b      	lsls	r3, r3, #2
10006452:	18e6      	adds	r6, r4, r3
10006454:	444e      	add	r6, r9
10006456:	3604      	adds	r6, #4
10006458:	0030      	movs	r0, r6
1000645a:	f7fa fcd7 	bl	10000e0c <mutex_init>
1000645e:	238c      	movs	r3, #140	; 0x8c
10006460:	009b      	lsls	r3, r3, #2
10006462:	469c      	mov	ip, r3
10006464:	4464      	add	r4, ip
10006466:	444c      	add	r4, r9
10006468:	3404      	adds	r4, #4
1000646a:	0020      	movs	r0, r4
1000646c:	f7fa fcce 	bl	10000e0c <mutex_init>
10006470:	4643      	mov	r3, r8
10006472:	613b      	str	r3, [r7, #16]
10006474:	617e      	str	r6, [r7, #20]
10006476:	627c      	str	r4, [r7, #36]	; 0x24
10006478:	62bb      	str	r3, [r7, #40]	; 0x28
1000647a:	3501      	adds	r5, #1
1000647c:	b2ed      	uxtb	r5, r5
1000647e:	e7bd      	b.n	100063fc <vendord_init+0x18>
10006480:	200012c4 	.word	0x200012c4

10006484 <vendord_deinit>:
10006484:	b510      	push	{r4, lr}
10006486:	2300      	movs	r3, #0
10006488:	2b00      	cmp	r3, #0
1000648a:	d001      	beq.n	10006490 <vendord_deinit+0xc>
1000648c:	2001      	movs	r0, #1
1000648e:	bd10      	pop	{r4, pc}
10006490:	0018      	movs	r0, r3
10006492:	21af      	movs	r1, #175	; 0xaf
10006494:	0089      	lsls	r1, r1, #2
10006496:	4359      	muls	r1, r3
10006498:	4a0d      	ldr	r2, [pc, #52]	; (100064d0 <vendord_deinit+0x4c>)
1000649a:	1852      	adds	r2, r2, r1
1000649c:	6951      	ldr	r1, [r2, #20]
1000649e:	6a54      	ldr	r4, [r2, #36]	; 0x24
100064a0:	2900      	cmp	r1, #0
100064a2:	d007      	beq.n	100064b4 <vendord_deinit+0x30>
100064a4:	22af      	movs	r2, #175	; 0xaf
100064a6:	0092      	lsls	r2, r2, #2
100064a8:	435a      	muls	r2, r3
100064aa:	4909      	ldr	r1, [pc, #36]	; (100064d0 <vendord_deinit+0x4c>)
100064ac:	1889      	adds	r1, r1, r2
100064ae:	2200      	movs	r2, #0
100064b0:	610a      	str	r2, [r1, #16]
100064b2:	614a      	str	r2, [r1, #20]
100064b4:	2c00      	cmp	r4, #0
100064b6:	d007      	beq.n	100064c8 <vendord_deinit+0x44>
100064b8:	22af      	movs	r2, #175	; 0xaf
100064ba:	0092      	lsls	r2, r2, #2
100064bc:	4350      	muls	r0, r2
100064be:	4a04      	ldr	r2, [pc, #16]	; (100064d0 <vendord_deinit+0x4c>)
100064c0:	1812      	adds	r2, r2, r0
100064c2:	2100      	movs	r1, #0
100064c4:	6251      	str	r1, [r2, #36]	; 0x24
100064c6:	6291      	str	r1, [r2, #40]	; 0x28
100064c8:	3301      	adds	r3, #1
100064ca:	b2db      	uxtb	r3, r3
100064cc:	e7dc      	b.n	10006488 <vendord_deinit+0x4>
100064ce:	46c0      	nop			; (mov r8, r8)
100064d0:	200012c4 	.word	0x200012c4

100064d4 <vendord_reset>:
100064d4:	b5f8      	push	{r3, r4, r5, r6, r7, lr}
100064d6:	2500      	movs	r5, #0
100064d8:	2d00      	cmp	r5, #0
100064da:	d000      	beq.n	100064de <vendord_reset+0xa>
100064dc:	bdf8      	pop	{r3, r4, r5, r6, r7, pc}
100064de:	24af      	movs	r4, #175	; 0xaf
100064e0:	00a4      	lsls	r4, r4, #2
100064e2:	436c      	muls	r4, r5
100064e4:	4f08      	ldr	r7, [pc, #32]	; (10006508 <vendord_reset+0x34>)
100064e6:	19e6      	adds	r6, r4, r7
100064e8:	2204      	movs	r2, #4
100064ea:	2100      	movs	r1, #0
100064ec:	0030      	movs	r0, r6
100064ee:	f7fc fb7b 	bl	10002be8 <__wrap_memset>
100064f2:	1d30      	adds	r0, r6, #4
100064f4:	f000 fbf1 	bl	10006cda <tu_fifo_clear>
100064f8:	0020      	movs	r0, r4
100064fa:	3018      	adds	r0, #24
100064fc:	19c0      	adds	r0, r0, r7
100064fe:	f000 fbec 	bl	10006cda <tu_fifo_clear>
10006502:	3501      	adds	r5, #1
10006504:	b2ed      	uxtb	r5, r5
10006506:	e7e7      	b.n	100064d8 <vendord_reset+0x4>
10006508:	200012c4 	.word	0x200012c4

1000650c <vendord_open>:
1000650c:	b5f0      	push	{r4, r5, r6, r7, lr}
1000650e:	b083      	sub	sp, #12
10006510:	000d      	movs	r5, r1
10006512:	794b      	ldrb	r3, [r1, #5]
10006514:	2bff      	cmp	r3, #255	; 0xff
10006516:	d157      	bne.n	100065c8 <vendord_open+0xbc>
10006518:	780c      	ldrb	r4, [r1, #0]
1000651a:	190c      	adds	r4, r1, r4
1000651c:	18a3      	adds	r3, r4, r2
1000651e:	2200      	movs	r2, #0
10006520:	2a00      	cmp	r2, #0
10006522:	d00a      	beq.n	1000653a <vendord_open+0x2e>
10006524:	2700      	movs	r7, #0
10006526:	2f00      	cmp	r7, #0
10006528:	d051      	beq.n	100065ce <vendord_open+0xc2>
1000652a:	78aa      	ldrb	r2, [r5, #2]
1000652c:	703a      	strb	r2, [r7, #0]
1000652e:	792a      	ldrb	r2, [r5, #4]
10006530:	2a00      	cmp	r2, #0
10006532:	d11b      	bne.n	1000656c <vendord_open+0x60>
10006534:	1b60      	subs	r0, r4, r5
10006536:	b280      	uxth	r0, r0
10006538:	e047      	b.n	100065ca <vendord_open+0xbe>
1000653a:	27af      	movs	r7, #175	; 0xaf
1000653c:	00bf      	lsls	r7, r7, #2
1000653e:	4357      	muls	r7, r2
10006540:	4924      	ldr	r1, [pc, #144]	; (100065d4 <vendord_open+0xc8>)
10006542:	19c9      	adds	r1, r1, r7
10006544:	7849      	ldrb	r1, [r1, #1]
10006546:	2900      	cmp	r1, #0
10006548:	d107      	bne.n	1000655a <vendord_open+0x4e>
1000654a:	27af      	movs	r7, #175	; 0xaf
1000654c:	00bf      	lsls	r7, r7, #2
1000654e:	4357      	muls	r7, r2
10006550:	4920      	ldr	r1, [pc, #128]	; (100065d4 <vendord_open+0xc8>)
10006552:	19c9      	adds	r1, r1, r7
10006554:	7889      	ldrb	r1, [r1, #2]
10006556:	2900      	cmp	r1, #0
10006558:	d002      	beq.n	10006560 <vendord_open+0x54>
1000655a:	3201      	adds	r2, #1
1000655c:	b2d2      	uxtb	r2, r2
1000655e:	e7df      	b.n	10006520 <vendord_open+0x14>
10006560:	003a      	movs	r2, r7
10006562:	4f1c      	ldr	r7, [pc, #112]	; (100065d4 <vendord_open+0xc8>)
10006564:	19d7      	adds	r7, r2, r7
10006566:	e7de      	b.n	10006526 <vendord_open+0x1a>
10006568:	7821      	ldrb	r1, [r4, #0]
1000656a:	1864      	adds	r4, r4, r1
1000656c:	7861      	ldrb	r1, [r4, #1]
1000656e:	2905      	cmp	r1, #5
10006570:	d001      	beq.n	10006576 <vendord_open+0x6a>
10006572:	429c      	cmp	r4, r3
10006574:	d3f8      	bcc.n	10006568 <vendord_open+0x5c>
10006576:	1c7b      	adds	r3, r7, #1
10006578:	9301      	str	r3, [sp, #4]
1000657a:	1cbb      	adds	r3, r7, #2
1000657c:	9300      	str	r3, [sp, #0]
1000657e:	2302      	movs	r3, #2
10006580:	0021      	movs	r1, r4
10006582:	f7fe fe2f 	bl	100051e4 <usbd_open_edpt_pair>
10006586:	2800      	cmp	r0, #0
10006588:	d012      	beq.n	100065b0 <vendord_open+0xa4>
1000658a:	792a      	ldrb	r2, [r5, #4]
1000658c:	00d3      	lsls	r3, r2, #3
1000658e:	1a9b      	subs	r3, r3, r2
10006590:	18e4      	adds	r4, r4, r3
10006592:	78bb      	ldrb	r3, [r7, #2]
10006594:	2b00      	cmp	r3, #0
10006596:	d113      	bne.n	100065c0 <vendord_open+0xb4>
10006598:	787b      	ldrb	r3, [r7, #1]
1000659a:	2b00      	cmp	r3, #0
1000659c:	d0ca      	beq.n	10006534 <vendord_open+0x28>
1000659e:	480d      	ldr	r0, [pc, #52]	; (100065d4 <vendord_open+0xc8>)
100065a0:	1a38      	subs	r0, r7, r0
100065a2:	1080      	asrs	r0, r0, #2
100065a4:	4f0c      	ldr	r7, [pc, #48]	; (100065d8 <vendord_open+0xcc>)
100065a6:	4378      	muls	r0, r7
100065a8:	b2c0      	uxtb	r0, r0
100065aa:	f7ff feb5 	bl	10006318 <tud_vendor_n_write_flush>
100065ae:	e7c1      	b.n	10006534 <vendord_open+0x28>
100065b0:	2282      	movs	r2, #130	; 0x82
100065b2:	0052      	lsls	r2, r2, #1
100065b4:	4909      	ldr	r1, [pc, #36]	; (100065dc <vendord_open+0xd0>)
100065b6:	480a      	ldr	r0, [pc, #40]	; (100065e0 <vendord_open+0xd4>)
100065b8:	f7fd fd52 	bl	10004060 <__wrap_printf>
100065bc:	2000      	movs	r0, #0
100065be:	e004      	b.n	100065ca <vendord_open+0xbe>
100065c0:	0038      	movs	r0, r7
100065c2:	f7ff fe8b 	bl	100062dc <_prep_out_transaction>
100065c6:	e7e7      	b.n	10006598 <vendord_open+0x8c>
100065c8:	2000      	movs	r0, #0
100065ca:	b003      	add	sp, #12
100065cc:	bdf0      	pop	{r4, r5, r6, r7, pc}
100065ce:	2000      	movs	r0, #0
100065d0:	e7fb      	b.n	100065ca <vendord_open+0xbe>
100065d2:	46c0      	nop			; (mov r8, r8)
100065d4:	200012c4 	.word	0x200012c4
100065d8:	1bcb564f 	.word	0x1bcb564f
100065dc:	1000845c 	.word	0x1000845c
100065e0:	10008248 	.word	0x10008248

100065e4 <vendord_xfer_cb>:
100065e4:	b5f8      	push	{r3, r4, r5, r6, r7, lr}
100065e6:	0005      	movs	r5, r0
100065e8:	001e      	movs	r6, r3
100065ea:	4f2d      	ldr	r7, [pc, #180]	; (100066a0 <vendord_xfer_cb+0xbc>)
100065ec:	2400      	movs	r4, #0
100065ee:	2c00      	cmp	r4, #0
100065f0:	d14f      	bne.n	10006692 <vendord_xfer_cb+0xae>
100065f2:	78bb      	ldrb	r3, [r7, #2]
100065f4:	428b      	cmp	r3, r1
100065f6:	d009      	beq.n	1000660c <vendord_xfer_cb+0x28>
100065f8:	787a      	ldrb	r2, [r7, #1]
100065fa:	428a      	cmp	r2, r1
100065fc:	d006      	beq.n	1000660c <vendord_xfer_cb+0x28>
100065fe:	3401      	adds	r4, #1
10006600:	b2e4      	uxtb	r4, r4
10006602:	23af      	movs	r3, #175	; 0xaf
10006604:	009b      	lsls	r3, r3, #2
10006606:	469c      	mov	ip, r3
10006608:	4467      	add	r7, ip
1000660a:	e7f0      	b.n	100065ee <vendord_xfer_cb+0xa>
1000660c:	428b      	cmp	r3, r1
1000660e:	d004      	beq.n	1000661a <vendord_xfer_cb+0x36>
10006610:	787b      	ldrb	r3, [r7, #1]
10006612:	428b      	cmp	r3, r1
10006614:	d013      	beq.n	1000663e <vendord_xfer_cb+0x5a>
10006616:	2401      	movs	r4, #1
10006618:	e03c      	b.n	10006694 <vendord_xfer_cb+0xb0>
1000661a:	238f      	movs	r3, #143	; 0x8f
1000661c:	009b      	lsls	r3, r3, #2
1000661e:	18f9      	adds	r1, r7, r3
10006620:	b2b2      	uxth	r2, r6
10006622:	1d38      	adds	r0, r7, #4
10006624:	f000 fb54 	bl	10006cd0 <tu_fifo_write_n>
10006628:	4b1e      	ldr	r3, [pc, #120]	; (100066a4 <vendord_xfer_cb+0xc0>)
1000662a:	2b00      	cmp	r3, #0
1000662c:	d002      	beq.n	10006634 <vendord_xfer_cb+0x50>
1000662e:	0020      	movs	r0, r4
10006630:	e000      	b.n	10006634 <vendord_xfer_cb+0x50>
10006632:	bf00      	nop
10006634:	0038      	movs	r0, r7
10006636:	f7ff fe51 	bl	100062dc <_prep_out_transaction>
1000663a:	2401      	movs	r4, #1
1000663c:	e02a      	b.n	10006694 <vendord_xfer_cb+0xb0>
1000663e:	4b1a      	ldr	r3, [pc, #104]	; (100066a8 <vendord_xfer_cb+0xc4>)
10006640:	2b00      	cmp	r3, #0
10006642:	d004      	beq.n	1000664e <vendord_xfer_cb+0x6a>
10006644:	0431      	lsls	r1, r6, #16
10006646:	0c09      	lsrs	r1, r1, #16
10006648:	0020      	movs	r0, r4
1000664a:	e000      	b.n	1000664e <vendord_xfer_cb+0x6a>
1000664c:	bf00      	nop
1000664e:	0020      	movs	r0, r4
10006650:	f7ff fe62 	bl	10006318 <tud_vendor_n_write_flush>
10006654:	2800      	cmp	r0, #0
10006656:	d001      	beq.n	1000665c <vendord_xfer_cb+0x78>
10006658:	2401      	movs	r4, #1
1000665a:	e01b      	b.n	10006694 <vendord_xfer_cb+0xb0>
1000665c:	0038      	movs	r0, r7
1000665e:	3018      	adds	r0, #24
10006660:	f000 fa97 	bl	10006b92 <tu_fifo_count>
10006664:	2800      	cmp	r0, #0
10006666:	d117      	bne.n	10006698 <vendord_xfer_cb+0xb4>
10006668:	2e00      	cmp	r6, #0
1000666a:	d017      	beq.n	1000669c <vendord_xfer_cb+0xb8>
1000666c:	06b3      	lsls	r3, r6, #26
1000666e:	d001      	beq.n	10006674 <vendord_xfer_cb+0x90>
10006670:	2401      	movs	r4, #1
10006672:	e00f      	b.n	10006694 <vendord_xfer_cb+0xb0>
10006674:	7879      	ldrb	r1, [r7, #1]
10006676:	0028      	movs	r0, r5
10006678:	f7fe fdfa 	bl	10005270 <usbd_edpt_claim>
1000667c:	1e04      	subs	r4, r0, #0
1000667e:	d101      	bne.n	10006684 <vendord_xfer_cb+0xa0>
10006680:	2401      	movs	r4, #1
10006682:	e007      	b.n	10006694 <vendord_xfer_cb+0xb0>
10006684:	7879      	ldrb	r1, [r7, #1]
10006686:	2300      	movs	r3, #0
10006688:	001a      	movs	r2, r3
1000668a:	0028      	movs	r0, r5
1000668c:	f7fe fe18 	bl	100052c0 <usbd_edpt_xfer>
10006690:	e000      	b.n	10006694 <vendord_xfer_cb+0xb0>
10006692:	2400      	movs	r4, #0
10006694:	0020      	movs	r0, r4
10006696:	bdf8      	pop	{r3, r4, r5, r6, r7, pc}
10006698:	2401      	movs	r4, #1
1000669a:	e7fb      	b.n	10006694 <vendord_xfer_cb+0xb0>
1000669c:	2401      	movs	r4, #1
1000669e:	e7f9      	b.n	10006694 <vendord_xfer_cb+0xb0>
100066a0:	200012c4 	.word	0x200012c4
	...

100066ac <tusb_init>:
100066ac:	b510      	push	{r4, lr}
100066ae:	2000      	movs	r0, #0
100066b0:	f7fe fcfa 	bl	100050a8 <tud_init>
100066b4:	1e04      	subs	r4, r0, #0
100066b6:	d001      	beq.n	100066bc <tusb_init+0x10>
100066b8:	0020      	movs	r0, r4
100066ba:	bd10      	pop	{r4, pc}
100066bc:	2231      	movs	r2, #49	; 0x31
100066be:	4902      	ldr	r1, [pc, #8]	; (100066c8 <tusb_init+0x1c>)
100066c0:	4802      	ldr	r0, [pc, #8]	; (100066cc <tusb_init+0x20>)
100066c2:	f7fd fccd 	bl	10004060 <__wrap_printf>
100066c6:	e7f7      	b.n	100066b8 <tusb_init+0xc>
100066c8:	1000849c 	.word	0x1000849c
100066cc:	10008248 	.word	0x10008248

100066d0 <tu_edpt_claim>:
100066d0:	b570      	push	{r4, r5, r6, lr}
100066d2:	0004      	movs	r4, r0
100066d4:	000d      	movs	r5, r1
100066d6:	7803      	ldrb	r3, [r0, #0]
100066d8:	07db      	lsls	r3, r3, #31
100066da:	0fde      	lsrs	r6, r3, #31
100066dc:	2b00      	cmp	r3, #0
100066de:	d11c      	bne.n	1000671a <tu_edpt_claim+0x4a>
100066e0:	7803      	ldrb	r3, [r0, #0]
100066e2:	075b      	lsls	r3, r3, #29
100066e4:	d41a      	bmi.n	1000671c <tu_edpt_claim+0x4c>
100066e6:	2101      	movs	r1, #1
100066e8:	4249      	negs	r1, r1
100066ea:	0028      	movs	r0, r5
100066ec:	f000 fbcc 	bl	10006e88 <__mutex_enter_timeout_ms_veneer>
100066f0:	7823      	ldrb	r3, [r4, #0]
100066f2:	07db      	lsls	r3, r3, #31
100066f4:	d404      	bmi.n	10006700 <tu_edpt_claim+0x30>
100066f6:	7823      	ldrb	r3, [r4, #0]
100066f8:	075b      	lsls	r3, r3, #29
100066fa:	d50c      	bpl.n	10006716 <tu_edpt_claim+0x46>
100066fc:	2600      	movs	r6, #0
100066fe:	e000      	b.n	10006702 <tu_edpt_claim+0x32>
10006700:	2600      	movs	r6, #0
10006702:	2e00      	cmp	r6, #0
10006704:	d003      	beq.n	1000670e <tu_edpt_claim+0x3e>
10006706:	7823      	ldrb	r3, [r4, #0]
10006708:	2204      	movs	r2, #4
1000670a:	4313      	orrs	r3, r2
1000670c:	7023      	strb	r3, [r4, #0]
1000670e:	0028      	movs	r0, r5
10006710:	f000 fb8a 	bl	10006e28 <__mutex_exit_veneer>
10006714:	e002      	b.n	1000671c <tu_edpt_claim+0x4c>
10006716:	2601      	movs	r6, #1
10006718:	e7f3      	b.n	10006702 <tu_edpt_claim+0x32>
1000671a:	2600      	movs	r6, #0
1000671c:	0030      	movs	r0, r6
1000671e:	bd70      	pop	{r4, r5, r6, pc}

10006720 <tu_edpt_release>:
10006720:	b570      	push	{r4, r5, r6, lr}
10006722:	0004      	movs	r4, r0
10006724:	000e      	movs	r6, r1
10006726:	2101      	movs	r1, #1
10006728:	4249      	negs	r1, r1
1000672a:	0030      	movs	r0, r6
1000672c:	f000 fbac 	bl	10006e88 <__mutex_enter_timeout_ms_veneer>
10006730:	7823      	ldrb	r3, [r4, #0]
10006732:	075b      	lsls	r3, r3, #29
10006734:	d40b      	bmi.n	1000674e <tu_edpt_release+0x2e>
10006736:	2500      	movs	r5, #0
10006738:	2d00      	cmp	r5, #0
1000673a:	d003      	beq.n	10006744 <tu_edpt_release+0x24>
1000673c:	7823      	ldrb	r3, [r4, #0]
1000673e:	2204      	movs	r2, #4
10006740:	4393      	bics	r3, r2
10006742:	7023      	strb	r3, [r4, #0]
10006744:	0030      	movs	r0, r6
10006746:	f000 fb6f 	bl	10006e28 <__mutex_exit_veneer>
1000674a:	0028      	movs	r0, r5
1000674c:	bd70      	pop	{r4, r5, r6, pc}
1000674e:	7823      	ldrb	r3, [r4, #0]
10006750:	07db      	lsls	r3, r3, #31
10006752:	d501      	bpl.n	10006758 <tu_edpt_release+0x38>
10006754:	2500      	movs	r5, #0
10006756:	e7ef      	b.n	10006738 <tu_edpt_release+0x18>
10006758:	2501      	movs	r5, #1
1000675a:	e7ed      	b.n	10006738 <tu_edpt_release+0x18>

1000675c <tu_edpt_validate>:
1000675c:	b510      	push	{r4, lr}
1000675e:	7904      	ldrb	r4, [r0, #4]
10006760:	7943      	ldrb	r3, [r0, #5]
10006762:	021b      	lsls	r3, r3, #8
10006764:	4323      	orrs	r3, r4
10006766:	055b      	lsls	r3, r3, #21
10006768:	0d5b      	lsrs	r3, r3, #21
1000676a:	78c2      	ldrb	r2, [r0, #3]
1000676c:	0792      	lsls	r2, r2, #30
1000676e:	0f92      	lsrs	r2, r2, #30
10006770:	2a02      	cmp	r2, #2
10006772:	d016      	beq.n	100067a2 <tu_edpt_validate+0x46>
10006774:	2a03      	cmp	r2, #3
10006776:	d02f      	beq.n	100067d8 <tu_edpt_validate+0x7c>
10006778:	2a01      	cmp	r2, #1
1000677a:	d001      	beq.n	10006780 <tu_edpt_validate+0x24>
1000677c:	2000      	movs	r0, #0
1000677e:	bd10      	pop	{r4, pc}
10006780:	2902      	cmp	r1, #2
10006782:	d004      	beq.n	1000678e <tu_edpt_validate+0x32>
10006784:	4a1d      	ldr	r2, [pc, #116]	; (100067fc <tu_edpt_validate+0xa0>)
10006786:	429a      	cmp	r2, r3
10006788:	d304      	bcc.n	10006794 <tu_edpt_validate+0x38>
1000678a:	2001      	movs	r0, #1
1000678c:	e7f7      	b.n	1000677e <tu_edpt_validate+0x22>
1000678e:	2280      	movs	r2, #128	; 0x80
10006790:	00d2      	lsls	r2, r2, #3
10006792:	e7f8      	b.n	10006786 <tu_edpt_validate+0x2a>
10006794:	2290      	movs	r2, #144	; 0x90
10006796:	491a      	ldr	r1, [pc, #104]	; (10006800 <tu_edpt_validate+0xa4>)
10006798:	481a      	ldr	r0, [pc, #104]	; (10006804 <tu_edpt_validate+0xa8>)
1000679a:	f7fd fc61 	bl	10004060 <__wrap_printf>
1000679e:	2000      	movs	r0, #0
100067a0:	e7ed      	b.n	1000677e <tu_edpt_validate+0x22>
100067a2:	2902      	cmp	r1, #2
100067a4:	d003      	beq.n	100067ae <tu_edpt_validate+0x52>
100067a6:	2b40      	cmp	r3, #64	; 0x40
100067a8:	d80f      	bhi.n	100067ca <tu_edpt_validate+0x6e>
100067aa:	2001      	movs	r0, #1
100067ac:	e7e7      	b.n	1000677e <tu_edpt_validate+0x22>
100067ae:	2280      	movs	r2, #128	; 0x80
100067b0:	0092      	lsls	r2, r2, #2
100067b2:	4293      	cmp	r3, r2
100067b4:	d101      	bne.n	100067ba <tu_edpt_validate+0x5e>
100067b6:	2001      	movs	r0, #1
100067b8:	e7e1      	b.n	1000677e <tu_edpt_validate+0x22>
100067ba:	3a6a      	subs	r2, #106	; 0x6a
100067bc:	3aff      	subs	r2, #255	; 0xff
100067be:	4910      	ldr	r1, [pc, #64]	; (10006800 <tu_edpt_validate+0xa4>)
100067c0:	4810      	ldr	r0, [pc, #64]	; (10006804 <tu_edpt_validate+0xa8>)
100067c2:	f7fd fc4d 	bl	10004060 <__wrap_printf>
100067c6:	2000      	movs	r0, #0
100067c8:	e7d9      	b.n	1000677e <tu_edpt_validate+0x22>
100067ca:	229a      	movs	r2, #154	; 0x9a
100067cc:	490c      	ldr	r1, [pc, #48]	; (10006800 <tu_edpt_validate+0xa4>)
100067ce:	480d      	ldr	r0, [pc, #52]	; (10006804 <tu_edpt_validate+0xa8>)
100067d0:	f7fd fc46 	bl	10004060 <__wrap_printf>
100067d4:	2000      	movs	r0, #0
100067d6:	e7d2      	b.n	1000677e <tu_edpt_validate+0x22>
100067d8:	2902      	cmp	r1, #2
100067da:	d004      	beq.n	100067e6 <tu_edpt_validate+0x8a>
100067dc:	2240      	movs	r2, #64	; 0x40
100067de:	429a      	cmp	r2, r3
100067e0:	d304      	bcc.n	100067ec <tu_edpt_validate+0x90>
100067e2:	2001      	movs	r0, #1
100067e4:	e7cb      	b.n	1000677e <tu_edpt_validate+0x22>
100067e6:	2280      	movs	r2, #128	; 0x80
100067e8:	00d2      	lsls	r2, r2, #3
100067ea:	e7f8      	b.n	100067de <tu_edpt_validate+0x82>
100067ec:	22a0      	movs	r2, #160	; 0xa0
100067ee:	4904      	ldr	r1, [pc, #16]	; (10006800 <tu_edpt_validate+0xa4>)
100067f0:	4804      	ldr	r0, [pc, #16]	; (10006804 <tu_edpt_validate+0xa8>)
100067f2:	f7fd fc35 	bl	10004060 <__wrap_printf>
100067f6:	2000      	movs	r0, #0
100067f8:	e7c1      	b.n	1000677e <tu_edpt_validate+0x22>
100067fa:	46c0      	nop			; (mov r8, r8)
100067fc:	000003ff 	.word	0x000003ff
10006800:	10008488 	.word	0x10008488
10006804:	10008248 	.word	0x10008248

10006808 <tu_edpt_bind_driver>:
10006808:	b530      	push	{r4, r5, lr}
1000680a:	188a      	adds	r2, r1, r2
1000680c:	e001      	b.n	10006812 <tu_edpt_bind_driver+0xa>
1000680e:	780c      	ldrb	r4, [r1, #0]
10006810:	1909      	adds	r1, r1, r4
10006812:	4291      	cmp	r1, r2
10006814:	d20a      	bcs.n	1000682c <tu_edpt_bind_driver+0x24>
10006816:	784c      	ldrb	r4, [r1, #1]
10006818:	2c05      	cmp	r4, #5
1000681a:	d1f8      	bne.n	1000680e <tu_edpt_bind_driver+0x6>
1000681c:	788d      	ldrb	r5, [r1, #2]
1000681e:	347a      	adds	r4, #122	; 0x7a
10006820:	402c      	ands	r4, r5
10006822:	0064      	lsls	r4, r4, #1
10006824:	1904      	adds	r4, r0, r4
10006826:	09ed      	lsrs	r5, r5, #7
10006828:	5563      	strb	r3, [r4, r5]
1000682a:	e7f0      	b.n	1000680e <tu_edpt_bind_driver+0x6>
1000682c:	bd30      	pop	{r4, r5, pc}

1000682e <advance_index>:
1000682e:	0003      	movs	r3, r0
10006830:	188a      	adds	r2, r1, r2
10006832:	b290      	uxth	r0, r2
10006834:	4281      	cmp	r1, r0
10006836:	d802      	bhi.n	1000683e <advance_index+0x10>
10006838:	005a      	lsls	r2, r3, #1
1000683a:	4290      	cmp	r0, r2
1000683c:	db03      	blt.n	10006846 <advance_index+0x18>
1000683e:	005b      	lsls	r3, r3, #1
10006840:	b29b      	uxth	r3, r3
10006842:	1ac0      	subs	r0, r0, r3
10006844:	b280      	uxth	r0, r0
10006846:	4770      	bx	lr

10006848 <_tu_fifo_peek>:
10006848:	b570      	push	{r4, r5, r6, lr}
1000684a:	0005      	movs	r5, r0
1000684c:	0008      	movs	r0, r1
1000684e:	88ac      	ldrh	r4, [r5, #4]
10006850:	429a      	cmp	r2, r3
10006852:	d30b      	bcc.n	1000686c <_tu_fifo_peek+0x24>
10006854:	1ad1      	subs	r1, r2, r3
10006856:	b289      	uxth	r1, r1
10006858:	2900      	cmp	r1, #0
1000685a:	d01e      	beq.n	1000689a <_tu_fifo_peek+0x52>
1000685c:	428c      	cmp	r4, r1
1000685e:	d210      	bcs.n	10006882 <_tu_fifo_peek+0x3a>
10006860:	4294      	cmp	r4, r2
10006862:	d809      	bhi.n	10006878 <_tu_fifo_peek+0x30>
10006864:	1b13      	subs	r3, r2, r4
10006866:	b29b      	uxth	r3, r3
10006868:	816b      	strh	r3, [r5, #10]
1000686a:	e00a      	b.n	10006882 <_tu_fifo_peek+0x3a>
1000686c:	1ad1      	subs	r1, r2, r3
1000686e:	b289      	uxth	r1, r1
10006870:	0066      	lsls	r6, r4, #1
10006872:	1989      	adds	r1, r1, r6
10006874:	b289      	uxth	r1, r1
10006876:	e7ef      	b.n	10006858 <_tu_fifo_peek+0x10>
10006878:	18a2      	adds	r2, r4, r2
1000687a:	b293      	uxth	r3, r2
1000687c:	e7f4      	b.n	10006868 <_tu_fifo_peek+0x20>
1000687e:	1b1b      	subs	r3, r3, r4
10006880:	b29b      	uxth	r3, r3
10006882:	429c      	cmp	r4, r3
10006884:	d9fb      	bls.n	1000687e <_tu_fifo_peek+0x36>
10006886:	6829      	ldr	r1, [r5, #0]
10006888:	88ea      	ldrh	r2, [r5, #6]
1000688a:	0452      	lsls	r2, r2, #17
1000688c:	0c52      	lsrs	r2, r2, #17
1000688e:	4353      	muls	r3, r2
10006890:	18c9      	adds	r1, r1, r3
10006892:	f7fc f9af 	bl	10002bf4 <__wrap___aeabi_memcpy>
10006896:	2001      	movs	r0, #1
10006898:	bd70      	pop	{r4, r5, r6, pc}
1000689a:	2000      	movs	r0, #0
1000689c:	e7fc      	b.n	10006898 <_tu_fifo_peek+0x50>

1000689e <_ff_pull_n>:
1000689e:	b5f8      	push	{r3, r4, r5, r6, r7, lr}
100068a0:	46ce      	mov	lr, r9
100068a2:	4647      	mov	r7, r8
100068a4:	b580      	push	{r7, lr}
100068a6:	0005      	movs	r5, r0
100068a8:	4688      	mov	r8, r1
100068aa:	a908      	add	r1, sp, #32
100068ac:	7809      	ldrb	r1, [r1, #0]
100068ae:	8884      	ldrh	r4, [r0, #4]
100068b0:	1ae0      	subs	r0, r4, r3
100068b2:	b280      	uxth	r0, r0
100068b4:	1b1c      	subs	r4, r3, r4
100068b6:	1914      	adds	r4, r2, r4
100068b8:	b2a4      	uxth	r4, r4
100068ba:	88ef      	ldrh	r7, [r5, #6]
100068bc:	047f      	lsls	r7, r7, #17
100068be:	0c7e      	lsrs	r6, r7, #17
100068c0:	0007      	movs	r7, r0
100068c2:	4377      	muls	r7, r6
100068c4:	b2bf      	uxth	r7, r7
100068c6:	4374      	muls	r4, r6
100068c8:	b2a4      	uxth	r4, r4
100068ca:	46a1      	mov	r9, r4
100068cc:	4373      	muls	r3, r6
100068ce:	682c      	ldr	r4, [r5, #0]
100068d0:	46a4      	mov	ip, r4
100068d2:	4463      	add	r3, ip
100068d4:	2900      	cmp	r1, #0
100068d6:	d106      	bne.n	100068e6 <_ff_pull_n+0x48>
100068d8:	4290      	cmp	r0, r2
100068da:	d308      	bcc.n	100068ee <_ff_pull_n+0x50>
100068dc:	4372      	muls	r2, r6
100068de:	0019      	movs	r1, r3
100068e0:	4640      	mov	r0, r8
100068e2:	f7fc f987 	bl	10002bf4 <__wrap___aeabi_memcpy>
100068e6:	bcc0      	pop	{r6, r7}
100068e8:	46b9      	mov	r9, r7
100068ea:	46b0      	mov	r8, r6
100068ec:	bdf8      	pop	{r3, r4, r5, r6, r7, pc}
100068ee:	003a      	movs	r2, r7
100068f0:	0019      	movs	r1, r3
100068f2:	4644      	mov	r4, r8
100068f4:	4640      	mov	r0, r8
100068f6:	f7fc f97d 	bl	10002bf4 <__wrap___aeabi_memcpy>
100068fa:	6829      	ldr	r1, [r5, #0]
100068fc:	19e0      	adds	r0, r4, r7
100068fe:	464a      	mov	r2, r9
10006900:	f7fc f978 	bl	10002bf4 <__wrap___aeabi_memcpy>
10006904:	e7ef      	b.n	100068e6 <_ff_pull_n+0x48>

10006906 <_tu_fifo_peek_n>:
10006906:	b5f0      	push	{r4, r5, r6, r7, lr}
10006908:	46c6      	mov	lr, r8
1000690a:	b500      	push	{lr}
1000690c:	b082      	sub	sp, #8
1000690e:	001e      	movs	r6, r3
10006910:	ab08      	add	r3, sp, #32
10006912:	881b      	ldrh	r3, [r3, #0]
10006914:	ac09      	add	r4, sp, #36	; 0x24
10006916:	7827      	ldrb	r7, [r4, #0]
10006918:	8884      	ldrh	r4, [r0, #4]
1000691a:	429e      	cmp	r6, r3
1000691c:	d30f      	bcc.n	1000693e <_tu_fifo_peek_n+0x38>
1000691e:	1af5      	subs	r5, r6, r3
10006920:	b2ad      	uxth	r5, r5
10006922:	2d00      	cmp	r5, #0
10006924:	d01f      	beq.n	10006966 <_tu_fifo_peek_n+0x60>
10006926:	42ac      	cmp	r4, r5
10006928:	d205      	bcs.n	10006936 <_tu_fifo_peek_n+0x30>
1000692a:	42b4      	cmp	r4, r6
1000692c:	d810      	bhi.n	10006950 <_tu_fifo_peek_n+0x4a>
1000692e:	1b33      	subs	r3, r6, r4
10006930:	b29b      	uxth	r3, r3
10006932:	8143      	strh	r3, [r0, #10]
10006934:	0025      	movs	r5, r4
10006936:	4295      	cmp	r5, r2
10006938:	d30f      	bcc.n	1000695a <_tu_fifo_peek_n+0x54>
1000693a:	0015      	movs	r5, r2
1000693c:	e00d      	b.n	1000695a <_tu_fifo_peek_n+0x54>
1000693e:	1af5      	subs	r5, r6, r3
10006940:	b2ad      	uxth	r5, r5
10006942:	46a8      	mov	r8, r5
10006944:	0065      	lsls	r5, r4, #1
10006946:	46ac      	mov	ip, r5
10006948:	4645      	mov	r5, r8
1000694a:	4465      	add	r5, ip
1000694c:	b2ad      	uxth	r5, r5
1000694e:	e7e8      	b.n	10006922 <_tu_fifo_peek_n+0x1c>
10006950:	19a6      	adds	r6, r4, r6
10006952:	b2b3      	uxth	r3, r6
10006954:	e7ed      	b.n	10006932 <_tu_fifo_peek_n+0x2c>
10006956:	1b1b      	subs	r3, r3, r4
10006958:	b29b      	uxth	r3, r3
1000695a:	429c      	cmp	r4, r3
1000695c:	d9fb      	bls.n	10006956 <_tu_fifo_peek_n+0x50>
1000695e:	9700      	str	r7, [sp, #0]
10006960:	002a      	movs	r2, r5
10006962:	f7ff ff9c 	bl	1000689e <_ff_pull_n>
10006966:	0028      	movs	r0, r5
10006968:	b002      	add	sp, #8
1000696a:	bc80      	pop	{r7}
1000696c:	46b8      	mov	r8, r7
1000696e:	bdf0      	pop	{r4, r5, r6, r7, pc}

10006970 <_tu_fifo_read_n>:
10006970:	b5f0      	push	{r4, r5, r6, r7, lr}
10006972:	b083      	sub	sp, #12
10006974:	0004      	movs	r4, r0
10006976:	000d      	movs	r5, r1
10006978:	0016      	movs	r6, r2
1000697a:	001f      	movs	r7, r3
1000697c:	6900      	ldr	r0, [r0, #16]
1000697e:	2800      	cmp	r0, #0
10006980:	d003      	beq.n	1000698a <_tu_fifo_read_n+0x1a>
10006982:	2101      	movs	r1, #1
10006984:	4249      	negs	r1, r1
10006986:	f000 fa7f 	bl	10006e88 <__mutex_enter_timeout_ms_veneer>
1000698a:	8923      	ldrh	r3, [r4, #8]
1000698c:	b29b      	uxth	r3, r3
1000698e:	8962      	ldrh	r2, [r4, #10]
10006990:	9701      	str	r7, [sp, #4]
10006992:	9200      	str	r2, [sp, #0]
10006994:	0032      	movs	r2, r6
10006996:	0029      	movs	r1, r5
10006998:	0020      	movs	r0, r4
1000699a:	f7ff ffb4 	bl	10006906 <_tu_fifo_peek_n>
1000699e:	0005      	movs	r5, r0
100069a0:	8961      	ldrh	r1, [r4, #10]
100069a2:	b289      	uxth	r1, r1
100069a4:	88a0      	ldrh	r0, [r4, #4]
100069a6:	002a      	movs	r2, r5
100069a8:	f7ff ff41 	bl	1000682e <advance_index>
100069ac:	8160      	strh	r0, [r4, #10]
100069ae:	6920      	ldr	r0, [r4, #16]
100069b0:	2800      	cmp	r0, #0
100069b2:	d001      	beq.n	100069b8 <_tu_fifo_read_n+0x48>
100069b4:	f000 fa38 	bl	10006e28 <__mutex_exit_veneer>
100069b8:	0028      	movs	r0, r5
100069ba:	b003      	add	sp, #12
100069bc:	bdf0      	pop	{r4, r5, r6, r7, pc}

100069be <_ff_push_n>:
100069be:	b5f8      	push	{r3, r4, r5, r6, r7, lr}
100069c0:	46ce      	mov	lr, r9
100069c2:	4647      	mov	r7, r8
100069c4:	b580      	push	{r7, lr}
100069c6:	0005      	movs	r5, r0
100069c8:	4688      	mov	r8, r1
100069ca:	a908      	add	r1, sp, #32
100069cc:	7808      	ldrb	r0, [r1, #0]
100069ce:	88ac      	ldrh	r4, [r5, #4]
100069d0:	1ae1      	subs	r1, r4, r3
100069d2:	b289      	uxth	r1, r1
100069d4:	1b1c      	subs	r4, r3, r4
100069d6:	1914      	adds	r4, r2, r4
100069d8:	b2a4      	uxth	r4, r4
100069da:	88ef      	ldrh	r7, [r5, #6]
100069dc:	047f      	lsls	r7, r7, #17
100069de:	0c7e      	lsrs	r6, r7, #17
100069e0:	000f      	movs	r7, r1
100069e2:	4377      	muls	r7, r6
100069e4:	b2bf      	uxth	r7, r7
100069e6:	4374      	muls	r4, r6
100069e8:	b2a4      	uxth	r4, r4
100069ea:	46a1      	mov	r9, r4
100069ec:	4373      	muls	r3, r6
100069ee:	682c      	ldr	r4, [r5, #0]
100069f0:	46a4      	mov	ip, r4
100069f2:	4463      	add	r3, ip
100069f4:	2800      	cmp	r0, #0
100069f6:	d106      	bne.n	10006a06 <_ff_push_n+0x48>
100069f8:	4291      	cmp	r1, r2
100069fa:	d308      	bcc.n	10006a0e <_ff_push_n+0x50>
100069fc:	4372      	muls	r2, r6
100069fe:	4641      	mov	r1, r8
10006a00:	0018      	movs	r0, r3
10006a02:	f7fc f8f7 	bl	10002bf4 <__wrap___aeabi_memcpy>
10006a06:	bcc0      	pop	{r6, r7}
10006a08:	46b9      	mov	r9, r7
10006a0a:	46b0      	mov	r8, r6
10006a0c:	bdf8      	pop	{r3, r4, r5, r6, r7, pc}
10006a0e:	003a      	movs	r2, r7
10006a10:	4644      	mov	r4, r8
10006a12:	4641      	mov	r1, r8
10006a14:	0018      	movs	r0, r3
10006a16:	f7fc f8ed 	bl	10002bf4 <__wrap___aeabi_memcpy>
10006a1a:	6828      	ldr	r0, [r5, #0]
10006a1c:	19e1      	adds	r1, r4, r7
10006a1e:	464a      	mov	r2, r9
10006a20:	f7fc f8e8 	bl	10002bf4 <__wrap___aeabi_memcpy>
10006a24:	e7ef      	b.n	10006a06 <_ff_push_n+0x48>

10006a26 <_tu_fifo_write_n>:
10006a26:	b5f0      	push	{r4, r5, r6, r7, lr}
10006a28:	b085      	sub	sp, #20
10006a2a:	0006      	movs	r6, r0
10006a2c:	9103      	str	r1, [sp, #12]
10006a2e:	1e15      	subs	r5, r2, #0
10006a30:	9302      	str	r3, [sp, #8]
10006a32:	d100      	bne.n	10006a36 <_tu_fifo_write_n+0x10>
10006a34:	e06d      	b.n	10006b12 <_tu_fifo_write_n+0xec>
10006a36:	68c0      	ldr	r0, [r0, #12]
10006a38:	2800      	cmp	r0, #0
10006a3a:	d003      	beq.n	10006a44 <_tu_fifo_write_n+0x1e>
10006a3c:	2101      	movs	r1, #1
10006a3e:	4249      	negs	r1, r1
10006a40:	f000 fa22 	bl	10006e88 <__mutex_enter_timeout_ms_veneer>
10006a44:	8934      	ldrh	r4, [r6, #8]
10006a46:	b2a4      	uxth	r4, r4
10006a48:	8971      	ldrh	r1, [r6, #10]
10006a4a:	b289      	uxth	r1, r1
10006a4c:	79f3      	ldrb	r3, [r6, #7]
10006a4e:	09db      	lsrs	r3, r3, #7
10006a50:	d11a      	bne.n	10006a88 <_tu_fifo_write_n+0x62>
10006a52:	88b3      	ldrh	r3, [r6, #4]
10006a54:	428c      	cmp	r4, r1
10006a56:	d30f      	bcc.n	10006a78 <_tu_fifo_write_n+0x52>
10006a58:	1a61      	subs	r1, r4, r1
10006a5a:	b289      	uxth	r1, r1
10006a5c:	428b      	cmp	r3, r1
10006a5e:	d911      	bls.n	10006a84 <_tu_fifo_write_n+0x5e>
10006a60:	1a5b      	subs	r3, r3, r1
10006a62:	b29b      	uxth	r3, r3
10006a64:	1c2f      	adds	r7, r5, #0
10006a66:	429d      	cmp	r5, r3
10006a68:	d900      	bls.n	10006a6c <_tu_fifo_write_n+0x46>
10006a6a:	1c1f      	adds	r7, r3, #0
10006a6c:	b2bf      	uxth	r7, r7
10006a6e:	2f00      	cmp	r7, #0
10006a70:	d047      	beq.n	10006b02 <_tu_fifo_write_n+0xdc>
10006a72:	88b2      	ldrh	r2, [r6, #4]
10006a74:	0023      	movs	r3, r4
10006a76:	e035      	b.n	10006ae4 <_tu_fifo_write_n+0xbe>
10006a78:	1a61      	subs	r1, r4, r1
10006a7a:	b289      	uxth	r1, r1
10006a7c:	005a      	lsls	r2, r3, #1
10006a7e:	1889      	adds	r1, r1, r2
10006a80:	b289      	uxth	r1, r1
10006a82:	e7eb      	b.n	10006a5c <_tu_fifo_write_n+0x36>
10006a84:	2300      	movs	r3, #0
10006a86:	e7ed      	b.n	10006a64 <_tu_fifo_write_n+0x3e>
10006a88:	88b7      	ldrh	r7, [r6, #4]
10006a8a:	42af      	cmp	r7, r5
10006a8c:	d80e      	bhi.n	10006aac <_tu_fifo_write_n+0x86>
10006a8e:	9b02      	ldr	r3, [sp, #8]
10006a90:	2b00      	cmp	r3, #0
10006a92:	d121      	bne.n	10006ad8 <_tu_fifo_write_n+0xb2>
10006a94:	1bed      	subs	r5, r5, r7
10006a96:	88f3      	ldrh	r3, [r6, #6]
10006a98:	045b      	lsls	r3, r3, #17
10006a9a:	0c5a      	lsrs	r2, r3, #17
10006a9c:	436a      	muls	r2, r5
10006a9e:	9b03      	ldr	r3, [sp, #12]
10006aa0:	469c      	mov	ip, r3
10006aa2:	4494      	add	ip, r2
10006aa4:	4663      	mov	r3, ip
10006aa6:	9303      	str	r3, [sp, #12]
10006aa8:	000c      	movs	r4, r1
10006aaa:	e7e0      	b.n	10006a6e <_tu_fifo_write_n+0x48>
10006aac:	428c      	cmp	r4, r1
10006aae:	d30d      	bcc.n	10006acc <_tu_fifo_write_n+0xa6>
10006ab0:	1a63      	subs	r3, r4, r1
10006ab2:	b29b      	uxth	r3, r3
10006ab4:	195b      	adds	r3, r3, r5
10006ab6:	007a      	lsls	r2, r7, #1
10006ab8:	4293      	cmp	r3, r2
10006aba:	db0f      	blt.n	10006adc <_tu_fifo_write_n+0xb6>
10006abc:	1b7a      	subs	r2, r7, r5
10006abe:	b292      	uxth	r2, r2
10006ac0:	0038      	movs	r0, r7
10006ac2:	f7ff feb4 	bl	1000682e <advance_index>
10006ac6:	0004      	movs	r4, r0
10006ac8:	002f      	movs	r7, r5
10006aca:	e7d0      	b.n	10006a6e <_tu_fifo_write_n+0x48>
10006acc:	1a63      	subs	r3, r4, r1
10006ace:	b29b      	uxth	r3, r3
10006ad0:	007a      	lsls	r2, r7, #1
10006ad2:	189b      	adds	r3, r3, r2
10006ad4:	b29b      	uxth	r3, r3
10006ad6:	e7ed      	b.n	10006ab4 <_tu_fifo_write_n+0x8e>
10006ad8:	000c      	movs	r4, r1
10006ada:	e7c8      	b.n	10006a6e <_tu_fifo_write_n+0x48>
10006adc:	002f      	movs	r7, r5
10006ade:	e7c6      	b.n	10006a6e <_tu_fifo_write_n+0x48>
10006ae0:	1a9b      	subs	r3, r3, r2
10006ae2:	b29b      	uxth	r3, r3
10006ae4:	429a      	cmp	r2, r3
10006ae6:	d9fb      	bls.n	10006ae0 <_tu_fifo_write_n+0xba>
10006ae8:	9a02      	ldr	r2, [sp, #8]
10006aea:	9200      	str	r2, [sp, #0]
10006aec:	003a      	movs	r2, r7
10006aee:	9903      	ldr	r1, [sp, #12]
10006af0:	0030      	movs	r0, r6
10006af2:	f7ff ff64 	bl	100069be <_ff_push_n>
10006af6:	88b0      	ldrh	r0, [r6, #4]
10006af8:	003a      	movs	r2, r7
10006afa:	0021      	movs	r1, r4
10006afc:	f7ff fe97 	bl	1000682e <advance_index>
10006b00:	8130      	strh	r0, [r6, #8]
10006b02:	68f0      	ldr	r0, [r6, #12]
10006b04:	2800      	cmp	r0, #0
10006b06:	d001      	beq.n	10006b0c <_tu_fifo_write_n+0xe6>
10006b08:	f000 f98e 	bl	10006e28 <__mutex_exit_veneer>
10006b0c:	0038      	movs	r0, r7
10006b0e:	b005      	add	sp, #20
10006b10:	bdf0      	pop	{r4, r5, r6, r7, pc}
10006b12:	0017      	movs	r7, r2
10006b14:	e7fa      	b.n	10006b0c <_tu_fifo_write_n+0xe6>

10006b16 <tu_fifo_config>:
10006b16:	b5f0      	push	{r4, r5, r6, r7, lr}
10006b18:	b083      	sub	sp, #12
10006b1a:	0004      	movs	r4, r0
10006b1c:	9101      	str	r1, [sp, #4]
10006b1e:	0016      	movs	r6, r2
10006b20:	001d      	movs	r5, r3
10006b22:	ab08      	add	r3, sp, #32
10006b24:	781f      	ldrb	r7, [r3, #0]
10006b26:	2380      	movs	r3, #128	; 0x80
10006b28:	021b      	lsls	r3, r3, #8
10006b2a:	429a      	cmp	r2, r3
10006b2c:	d82d      	bhi.n	10006b8a <tu_fifo_config+0x74>
10006b2e:	68c0      	ldr	r0, [r0, #12]
10006b30:	2800      	cmp	r0, #0
10006b32:	d003      	beq.n	10006b3c <tu_fifo_config+0x26>
10006b34:	2101      	movs	r1, #1
10006b36:	4249      	negs	r1, r1
10006b38:	f000 f9a6 	bl	10006e88 <__mutex_enter_timeout_ms_veneer>
10006b3c:	6920      	ldr	r0, [r4, #16]
10006b3e:	2800      	cmp	r0, #0
10006b40:	d003      	beq.n	10006b4a <tu_fifo_config+0x34>
10006b42:	2101      	movs	r1, #1
10006b44:	4249      	negs	r1, r1
10006b46:	f000 f99f 	bl	10006e88 <__mutex_enter_timeout_ms_veneer>
10006b4a:	9b01      	ldr	r3, [sp, #4]
10006b4c:	6023      	str	r3, [r4, #0]
10006b4e:	80a6      	strh	r6, [r4, #4]
10006b50:	046d      	lsls	r5, r5, #17
10006b52:	0c6b      	lsrs	r3, r5, #17
10006b54:	88e2      	ldrh	r2, [r4, #6]
10006b56:	0bd2      	lsrs	r2, r2, #15
10006b58:	03d5      	lsls	r5, r2, #15
10006b5a:	431d      	orrs	r5, r3
10006b5c:	80e5      	strh	r5, [r4, #6]
10006b5e:	01fb      	lsls	r3, r7, #7
10006b60:	79e2      	ldrb	r2, [r4, #7]
10006b62:	277f      	movs	r7, #127	; 0x7f
10006b64:	4017      	ands	r7, r2
10006b66:	431f      	orrs	r7, r3
10006b68:	71e7      	strb	r7, [r4, #7]
10006b6a:	2300      	movs	r3, #0
10006b6c:	8163      	strh	r3, [r4, #10]
10006b6e:	8123      	strh	r3, [r4, #8]
10006b70:	68e0      	ldr	r0, [r4, #12]
10006b72:	2800      	cmp	r0, #0
10006b74:	d001      	beq.n	10006b7a <tu_fifo_config+0x64>
10006b76:	f000 f957 	bl	10006e28 <__mutex_exit_veneer>
10006b7a:	6920      	ldr	r0, [r4, #16]
10006b7c:	2800      	cmp	r0, #0
10006b7e:	d006      	beq.n	10006b8e <tu_fifo_config+0x78>
10006b80:	f000 f952 	bl	10006e28 <__mutex_exit_veneer>
10006b84:	2001      	movs	r0, #1
10006b86:	b003      	add	sp, #12
10006b88:	bdf0      	pop	{r4, r5, r6, r7, pc}
10006b8a:	2000      	movs	r0, #0
10006b8c:	e7fb      	b.n	10006b86 <tu_fifo_config+0x70>
10006b8e:	2001      	movs	r0, #1
10006b90:	e7f9      	b.n	10006b86 <tu_fifo_config+0x70>

10006b92 <tu_fifo_count>:
10006b92:	8881      	ldrh	r1, [r0, #4]
10006b94:	8903      	ldrh	r3, [r0, #8]
10006b96:	b29b      	uxth	r3, r3
10006b98:	8942      	ldrh	r2, [r0, #10]
10006b9a:	b292      	uxth	r2, r2
10006b9c:	4293      	cmp	r3, r2
10006b9e:	d307      	bcc.n	10006bb0 <tu_fifo_count+0x1e>
10006ba0:	1a9b      	subs	r3, r3, r2
10006ba2:	b29b      	uxth	r3, r3
10006ba4:	1c08      	adds	r0, r1, #0
10006ba6:	4299      	cmp	r1, r3
10006ba8:	d900      	bls.n	10006bac <tu_fifo_count+0x1a>
10006baa:	1c18      	adds	r0, r3, #0
10006bac:	b280      	uxth	r0, r0
10006bae:	4770      	bx	lr
10006bb0:	1a9b      	subs	r3, r3, r2
10006bb2:	b29b      	uxth	r3, r3
10006bb4:	004a      	lsls	r2, r1, #1
10006bb6:	189b      	adds	r3, r3, r2
10006bb8:	b29b      	uxth	r3, r3
10006bba:	e7f3      	b.n	10006ba4 <tu_fifo_count+0x12>

10006bbc <tu_fifo_empty>:
10006bbc:	0003      	movs	r3, r0
10006bbe:	8900      	ldrh	r0, [r0, #8]
10006bc0:	895b      	ldrh	r3, [r3, #10]
10006bc2:	1ac0      	subs	r0, r0, r3
10006bc4:	4243      	negs	r3, r0
10006bc6:	4158      	adcs	r0, r3
10006bc8:	b2c0      	uxtb	r0, r0
10006bca:	4770      	bx	lr

10006bcc <tu_fifo_full>:
10006bcc:	8881      	ldrh	r1, [r0, #4]
10006bce:	8903      	ldrh	r3, [r0, #8]
10006bd0:	b29b      	uxth	r3, r3
10006bd2:	8942      	ldrh	r2, [r0, #10]
10006bd4:	b292      	uxth	r2, r2
10006bd6:	4293      	cmp	r3, r2
10006bd8:	d306      	bcc.n	10006be8 <tu_fifo_full+0x1c>
10006bda:	1a9b      	subs	r3, r3, r2
10006bdc:	b29b      	uxth	r3, r3
10006bde:	2000      	movs	r0, #0
10006be0:	428b      	cmp	r3, r1
10006be2:	4140      	adcs	r0, r0
10006be4:	b2c0      	uxtb	r0, r0
10006be6:	4770      	bx	lr
10006be8:	1a9b      	subs	r3, r3, r2
10006bea:	b29b      	uxth	r3, r3
10006bec:	004a      	lsls	r2, r1, #1
10006bee:	189b      	adds	r3, r3, r2
10006bf0:	b29b      	uxth	r3, r3
10006bf2:	e7f4      	b.n	10006bde <tu_fifo_full+0x12>

10006bf4 <tu_fifo_remaining>:
10006bf4:	8882      	ldrh	r2, [r0, #4]
10006bf6:	8903      	ldrh	r3, [r0, #8]
10006bf8:	b29b      	uxth	r3, r3
10006bfa:	8940      	ldrh	r0, [r0, #10]
10006bfc:	b280      	uxth	r0, r0
10006bfe:	4283      	cmp	r3, r0
10006c00:	d306      	bcc.n	10006c10 <tu_fifo_remaining+0x1c>
10006c02:	1a1b      	subs	r3, r3, r0
10006c04:	b29b      	uxth	r3, r3
10006c06:	429a      	cmp	r2, r3
10006c08:	d908      	bls.n	10006c1c <tu_fifo_remaining+0x28>
10006c0a:	1ad3      	subs	r3, r2, r3
10006c0c:	b298      	uxth	r0, r3
10006c0e:	4770      	bx	lr
10006c10:	1a1b      	subs	r3, r3, r0
10006c12:	b29b      	uxth	r3, r3
10006c14:	0050      	lsls	r0, r2, #1
10006c16:	181b      	adds	r3, r3, r0
10006c18:	b29b      	uxth	r3, r3
10006c1a:	e7f4      	b.n	10006c06 <tu_fifo_remaining+0x12>
10006c1c:	2000      	movs	r0, #0
10006c1e:	e7f6      	b.n	10006c0e <tu_fifo_remaining+0x1a>

10006c20 <tu_fifo_read>:
10006c20:	b570      	push	{r4, r5, r6, lr}
10006c22:	0004      	movs	r4, r0
10006c24:	000d      	movs	r5, r1
10006c26:	6900      	ldr	r0, [r0, #16]
10006c28:	2800      	cmp	r0, #0
10006c2a:	d003      	beq.n	10006c34 <tu_fifo_read+0x14>
10006c2c:	2101      	movs	r1, #1
10006c2e:	4249      	negs	r1, r1
10006c30:	f000 f92a 	bl	10006e88 <__mutex_enter_timeout_ms_veneer>
10006c34:	8922      	ldrh	r2, [r4, #8]
10006c36:	b292      	uxth	r2, r2
10006c38:	8963      	ldrh	r3, [r4, #10]
10006c3a:	b29b      	uxth	r3, r3
10006c3c:	0029      	movs	r1, r5
10006c3e:	0020      	movs	r0, r4
10006c40:	f7ff fe02 	bl	10006848 <_tu_fifo_peek>
10006c44:	0005      	movs	r5, r0
10006c46:	8961      	ldrh	r1, [r4, #10]
10006c48:	b289      	uxth	r1, r1
10006c4a:	b282      	uxth	r2, r0
10006c4c:	88a0      	ldrh	r0, [r4, #4]
10006c4e:	f7ff fdee 	bl	1000682e <advance_index>
10006c52:	8160      	strh	r0, [r4, #10]
10006c54:	6920      	ldr	r0, [r4, #16]
10006c56:	2800      	cmp	r0, #0
10006c58:	d001      	beq.n	10006c5e <tu_fifo_read+0x3e>
10006c5a:	f000 f8e5 	bl	10006e28 <__mutex_exit_veneer>
10006c5e:	0028      	movs	r0, r5
10006c60:	bd70      	pop	{r4, r5, r6, pc}

10006c62 <tu_fifo_read_n>:
10006c62:	b510      	push	{r4, lr}
10006c64:	2300      	movs	r3, #0
10006c66:	f7ff fe83 	bl	10006970 <_tu_fifo_read_n>
10006c6a:	bd10      	pop	{r4, pc}

10006c6c <tu_fifo_write>:
10006c6c:	b5f8      	push	{r3, r4, r5, r6, r7, lr}
10006c6e:	0004      	movs	r4, r0
10006c70:	000e      	movs	r6, r1
10006c72:	68c0      	ldr	r0, [r0, #12]
10006c74:	2800      	cmp	r0, #0
10006c76:	d003      	beq.n	10006c80 <tu_fifo_write+0x14>
10006c78:	2101      	movs	r1, #1
10006c7a:	4249      	negs	r1, r1
10006c7c:	f000 f904 	bl	10006e88 <__mutex_enter_timeout_ms_veneer>
10006c80:	8925      	ldrh	r5, [r4, #8]
10006c82:	b2ad      	uxth	r5, r5
10006c84:	0020      	movs	r0, r4
10006c86:	f7ff ffa1 	bl	10006bcc <tu_fifo_full>
10006c8a:	2800      	cmp	r0, #0
10006c8c:	d002      	beq.n	10006c94 <tu_fifo_write+0x28>
10006c8e:	79e7      	ldrb	r7, [r4, #7]
10006c90:	09ff      	lsrs	r7, r7, #7
10006c92:	d016      	beq.n	10006cc2 <tu_fifo_write+0x56>
10006c94:	88a2      	ldrh	r2, [r4, #4]
10006c96:	002b      	movs	r3, r5
10006c98:	e001      	b.n	10006c9e <tu_fifo_write+0x32>
10006c9a:	1a9b      	subs	r3, r3, r2
10006c9c:	b29b      	uxth	r3, r3
10006c9e:	429a      	cmp	r2, r3
10006ca0:	d9fb      	bls.n	10006c9a <tu_fifo_write+0x2e>
10006ca2:	88e2      	ldrh	r2, [r4, #6]
10006ca4:	0452      	lsls	r2, r2, #17
10006ca6:	0c52      	lsrs	r2, r2, #17
10006ca8:	4353      	muls	r3, r2
10006caa:	6821      	ldr	r1, [r4, #0]
10006cac:	18c8      	adds	r0, r1, r3
10006cae:	0031      	movs	r1, r6
10006cb0:	f7fb ffa0 	bl	10002bf4 <__wrap___aeabi_memcpy>
10006cb4:	88a0      	ldrh	r0, [r4, #4]
10006cb6:	2201      	movs	r2, #1
10006cb8:	0029      	movs	r1, r5
10006cba:	f7ff fdb8 	bl	1000682e <advance_index>
10006cbe:	8120      	strh	r0, [r4, #8]
10006cc0:	2701      	movs	r7, #1
10006cc2:	68e0      	ldr	r0, [r4, #12]
10006cc4:	2800      	cmp	r0, #0
10006cc6:	d001      	beq.n	10006ccc <tu_fifo_write+0x60>
10006cc8:	f000 f8ae 	bl	10006e28 <__mutex_exit_veneer>
10006ccc:	0038      	movs	r0, r7
10006cce:	bdf8      	pop	{r3, r4, r5, r6, r7, pc}

10006cd0 <tu_fifo_write_n>:
10006cd0:	b510      	push	{r4, lr}
10006cd2:	2300      	movs	r3, #0
10006cd4:	f7ff fea7 	bl	10006a26 <_tu_fifo_write_n>
10006cd8:	bd10      	pop	{r4, pc}

10006cda <tu_fifo_clear>:
10006cda:	b510      	push	{r4, lr}
10006cdc:	0004      	movs	r4, r0
10006cde:	68c0      	ldr	r0, [r0, #12]
10006ce0:	2800      	cmp	r0, #0
10006ce2:	d003      	beq.n	10006cec <tu_fifo_clear+0x12>
10006ce4:	2101      	movs	r1, #1
10006ce6:	4249      	negs	r1, r1
10006ce8:	f000 f8ce 	bl	10006e88 <__mutex_enter_timeout_ms_veneer>
10006cec:	6920      	ldr	r0, [r4, #16]
10006cee:	2800      	cmp	r0, #0
10006cf0:	d003      	beq.n	10006cfa <tu_fifo_clear+0x20>
10006cf2:	2101      	movs	r1, #1
10006cf4:	4249      	negs	r1, r1
10006cf6:	f000 f8c7 	bl	10006e88 <__mutex_enter_timeout_ms_veneer>
10006cfa:	2300      	movs	r3, #0
10006cfc:	8163      	strh	r3, [r4, #10]
10006cfe:	8123      	strh	r3, [r4, #8]
10006d00:	68e0      	ldr	r0, [r4, #12]
10006d02:	2800      	cmp	r0, #0
10006d04:	d001      	beq.n	10006d0a <tu_fifo_clear+0x30>
10006d06:	f000 f88f 	bl	10006e28 <__mutex_exit_veneer>
10006d0a:	6920      	ldr	r0, [r4, #16]
10006d0c:	2800      	cmp	r0, #0
10006d0e:	d001      	beq.n	10006d14 <tu_fifo_clear+0x3a>
10006d10:	f000 f88a 	bl	10006e28 <__mutex_exit_veneer>
10006d14:	2001      	movs	r0, #1
10006d16:	bd10      	pop	{r4, pc}

10006d18 <tu_fifo_set_overwritable>:
10006d18:	b570      	push	{r4, r5, r6, lr}
10006d1a:	0004      	movs	r4, r0
10006d1c:	000d      	movs	r5, r1
10006d1e:	68c0      	ldr	r0, [r0, #12]
10006d20:	2800      	cmp	r0, #0
10006d22:	d003      	beq.n	10006d2c <tu_fifo_set_overwritable+0x14>
10006d24:	2101      	movs	r1, #1
10006d26:	4249      	negs	r1, r1
10006d28:	f000 f8ae 	bl	10006e88 <__mutex_enter_timeout_ms_veneer>
10006d2c:	6920      	ldr	r0, [r4, #16]
10006d2e:	2800      	cmp	r0, #0
10006d30:	d003      	beq.n	10006d3a <tu_fifo_set_overwritable+0x22>
10006d32:	2101      	movs	r1, #1
10006d34:	4249      	negs	r1, r1
10006d36:	f000 f8a7 	bl	10006e88 <__mutex_enter_timeout_ms_veneer>
10006d3a:	01ed      	lsls	r5, r5, #7
10006d3c:	79e3      	ldrb	r3, [r4, #7]
10006d3e:	217f      	movs	r1, #127	; 0x7f
10006d40:	4019      	ands	r1, r3
10006d42:	4329      	orrs	r1, r5
10006d44:	71e1      	strb	r1, [r4, #7]
10006d46:	68e0      	ldr	r0, [r4, #12]
10006d48:	2800      	cmp	r0, #0
10006d4a:	d001      	beq.n	10006d50 <tu_fifo_set_overwritable+0x38>
10006d4c:	f000 f86c 	bl	10006e28 <__mutex_exit_veneer>
10006d50:	6920      	ldr	r0, [r4, #16]
10006d52:	2800      	cmp	r0, #0
10006d54:	d001      	beq.n	10006d5a <tu_fifo_set_overwritable+0x42>
10006d56:	f000 f867 	bl	10006e28 <__mutex_exit_veneer>
10006d5a:	2001      	movs	r0, #1
10006d5c:	bd70      	pop	{r4, r5, r6, pc}
	...

10006d60 <adc_init>:
10006d60:	2301      	movs	r3, #1
10006d62:	4a08      	ldr	r2, [pc, #32]	; (10006d84 <adc_init+0x24>)
10006d64:	6013      	str	r3, [r2, #0]
10006d66:	4a08      	ldr	r2, [pc, #32]	; (10006d88 <adc_init+0x28>)
10006d68:	6013      	str	r3, [r2, #0]
10006d6a:	4b08      	ldr	r3, [pc, #32]	; (10006d8c <adc_init+0x2c>)
10006d6c:	681a      	ldr	r2, [r3, #0]
10006d6e:	2301      	movs	r3, #1
10006d70:	4393      	bics	r3, r2
10006d72:	d1fa      	bne.n	10006d6a <adc_init+0xa>
10006d74:	4b06      	ldr	r3, [pc, #24]	; (10006d90 <adc_init+0x30>)
10006d76:	2201      	movs	r2, #1
10006d78:	601a      	str	r2, [r3, #0]
10006d7a:	4b05      	ldr	r3, [pc, #20]	; (10006d90 <adc_init+0x30>)
10006d7c:	681b      	ldr	r3, [r3, #0]
10006d7e:	05db      	lsls	r3, r3, #23
10006d80:	d5fb      	bpl.n	10006d7a <adc_init+0x1a>
10006d82:	4770      	bx	lr
10006d84:	4000e000 	.word	0x4000e000
10006d88:	4000f000 	.word	0x4000f000
10006d8c:	4000c008 	.word	0x4000c008
10006d90:	4004c000 	.word	0x4004c000

10006d94 <dma_claim_unused_channel>:
10006d94:	b500      	push	{lr}
10006d96:	b083      	sub	sp, #12
10006d98:	0001      	movs	r1, r0
10006d9a:	4b04      	ldr	r3, [pc, #16]	; (10006dac <dma_claim_unused_channel+0x18>)
10006d9c:	9300      	str	r3, [sp, #0]
10006d9e:	230b      	movs	r3, #11
10006da0:	2200      	movs	r2, #0
10006da2:	4803      	ldr	r0, [pc, #12]	; (10006db0 <dma_claim_unused_channel+0x1c>)
10006da4:	f7f9 fc75 	bl	10000692 <hw_claim_unused_from_range>
10006da8:	b003      	add	sp, #12
10006daa:	bd00      	pop	{pc}
10006dac:	100084a8 	.word	0x100084a8
10006db0:	20001d7a 	.word	0x20001d7a

10006db4 <strlen>:
10006db4:	b510      	push	{r4, lr}
10006db6:	0783      	lsls	r3, r0, #30
10006db8:	d00a      	beq.n	10006dd0 <strlen+0x1c>
10006dba:	0003      	movs	r3, r0
10006dbc:	2103      	movs	r1, #3
10006dbe:	e002      	b.n	10006dc6 <strlen+0x12>
10006dc0:	3301      	adds	r3, #1
10006dc2:	420b      	tst	r3, r1
10006dc4:	d005      	beq.n	10006dd2 <strlen+0x1e>
10006dc6:	781a      	ldrb	r2, [r3, #0]
10006dc8:	2a00      	cmp	r2, #0
10006dca:	d1f9      	bne.n	10006dc0 <strlen+0xc>
10006dcc:	1a18      	subs	r0, r3, r0
10006dce:	bd10      	pop	{r4, pc}
10006dd0:	0003      	movs	r3, r0
10006dd2:	6819      	ldr	r1, [r3, #0]
10006dd4:	4a0c      	ldr	r2, [pc, #48]	; (10006e08 <strlen+0x54>)
10006dd6:	4c0d      	ldr	r4, [pc, #52]	; (10006e0c <strlen+0x58>)
10006dd8:	188a      	adds	r2, r1, r2
10006dda:	438a      	bics	r2, r1
10006ddc:	4222      	tst	r2, r4
10006dde:	d10f      	bne.n	10006e00 <strlen+0x4c>
10006de0:	6859      	ldr	r1, [r3, #4]
10006de2:	4a09      	ldr	r2, [pc, #36]	; (10006e08 <strlen+0x54>)
10006de4:	3304      	adds	r3, #4
10006de6:	188a      	adds	r2, r1, r2
10006de8:	438a      	bics	r2, r1
10006dea:	4222      	tst	r2, r4
10006dec:	d108      	bne.n	10006e00 <strlen+0x4c>
10006dee:	6859      	ldr	r1, [r3, #4]
10006df0:	4a05      	ldr	r2, [pc, #20]	; (10006e08 <strlen+0x54>)
10006df2:	3304      	adds	r3, #4
10006df4:	188a      	adds	r2, r1, r2
10006df6:	438a      	bics	r2, r1
10006df8:	4222      	tst	r2, r4
10006dfa:	d0f1      	beq.n	10006de0 <strlen+0x2c>
10006dfc:	e000      	b.n	10006e00 <strlen+0x4c>
10006dfe:	3301      	adds	r3, #1
10006e00:	781a      	ldrb	r2, [r3, #0]
10006e02:	2a00      	cmp	r2, #0
10006e04:	d1fb      	bne.n	10006dfe <strlen+0x4a>
10006e06:	e7e1      	b.n	10006dcc <strlen+0x18>
10006e08:	fefefeff 	.word	0xfefefeff
10006e0c:	80808080 	.word	0x80808080

10006e10 <_fini>:
10006e10:	b5f8      	push	{r3, r4, r5, r6, r7, lr}
10006e12:	46c0      	nop			; (mov r8, r8)
10006e14:	0000      	movs	r0, r0
	...

10006e18 <__flash_do_cmd_veneer>:
10006e18:	b401      	push	{r0}
10006e1a:	4802      	ldr	r0, [pc, #8]	; (10006e24 <__flash_do_cmd_veneer+0xc>)
10006e1c:	4684      	mov	ip, r0
10006e1e:	bc01      	pop	{r0}
10006e20:	4760      	bx	ip
10006e22:	bf00      	nop
10006e24:	200002b9 	.word	0x200002b9

10006e28 <__mutex_exit_veneer>:
10006e28:	b401      	push	{r0}
10006e2a:	4802      	ldr	r0, [pc, #8]	; (10006e34 <__mutex_exit_veneer+0xc>)
10006e2c:	4684      	mov	ip, r0
10006e2e:	bc01      	pop	{r0}
10006e30:	4760      	bx	ip
10006e32:	bf00      	nop
10006e34:	20000205 	.word	0x20000205

10006e38 <____aeabi_ldiv0_veneer>:
10006e38:	b401      	push	{r0}
10006e3a:	4802      	ldr	r0, [pc, #8]	; (10006e44 <____aeabi_ldiv0_veneer+0xc>)
10006e3c:	4684      	mov	ip, r0
10006e3e:	bc01      	pop	{r0}
10006e40:	4760      	bx	ip
10006e42:	bf00      	nop
10006e44:	20000b41 	.word	0x20000b41

10006e48 <__reset_non_control_endpoints_veneer>:
10006e48:	b401      	push	{r0}
10006e4a:	4802      	ldr	r0, [pc, #8]	; (10006e54 <__reset_non_control_endpoints_veneer+0xc>)
10006e4c:	4684      	mov	ip, r0
10006e4e:	bc01      	pop	{r0}
10006e50:	4760      	bx	ip
10006e52:	bf00      	nop
10006e54:	20000391 	.word	0x20000391

10006e58 <____aeabi_idiv0_veneer>:
10006e58:	b401      	push	{r0}
10006e5a:	4802      	ldr	r0, [pc, #8]	; (10006e64 <____aeabi_idiv0_veneer+0xc>)
10006e5c:	4684      	mov	ip, r0
10006e5e:	bc01      	pop	{r0}
10006e60:	4760      	bx	ip
10006e62:	bf00      	nop
10006e64:	20000b41 	.word	0x20000b41

10006e68 <__e15_is_bulkin_ep_veneer>:
10006e68:	b401      	push	{r0}
10006e6a:	4802      	ldr	r0, [pc, #8]	; (10006e74 <__e15_is_bulkin_ep_veneer+0xc>)
10006e6c:	4684      	mov	ip, r0
10006e6e:	bc01      	pop	{r0}
10006e70:	4760      	bx	ip
10006e72:	bf00      	nop
10006e74:	20000711 	.word	0x20000711

10006e78 <__mutex_try_enter_veneer>:
10006e78:	b401      	push	{r0}
10006e7a:	4802      	ldr	r0, [pc, #8]	; (10006e84 <__mutex_try_enter_veneer+0xc>)
10006e7c:	4684      	mov	ip, r0
10006e7e:	bc01      	pop	{r0}
10006e80:	4760      	bx	ip
10006e82:	bf00      	nop
10006e84:	200000c1 	.word	0x200000c1

10006e88 <__mutex_enter_timeout_ms_veneer>:
10006e88:	b401      	push	{r0}
10006e8a:	4802      	ldr	r0, [pc, #8]	; (10006e94 <__mutex_enter_timeout_ms_veneer+0xc>)
10006e8c:	4684      	mov	ip, r0
10006e8e:	bc01      	pop	{r0}
10006e90:	4760      	bx	ip
10006e92:	bf00      	nop
10006e94:	200001c9 	.word	0x200001c9

10006e98 <__mutex_try_enter_block_until_veneer>:
10006e98:	b401      	push	{r0}
10006e9a:	4802      	ldr	r0, [pc, #8]	; (10006ea4 <__mutex_try_enter_block_until_veneer+0xc>)
10006e9c:	4684      	mov	ip, r0
10006e9e:	bc01      	pop	{r0}
10006ea0:	4760      	bx	ip
10006ea2:	bf00      	nop
10006ea4:	20000195 	.word	0x20000195

10006ea8 <__hw_endpoint_start_next_buffer_veneer>:
10006ea8:	b401      	push	{r0}
10006eaa:	4802      	ldr	r0, [pc, #8]	; (10006eb4 <__hw_endpoint_start_next_buffer_veneer+0xc>)
10006eac:	4684      	mov	ip, r0
10006eae:	bc01      	pop	{r0}
10006eb0:	4760      	bx	ip
10006eb2:	bf00      	nop
10006eb4:	20000869 	.word	0x20000869

10006eb8 <__hw_endpoint_reset_transfer_veneer>:
10006eb8:	b401      	push	{r0}
10006eba:	4802      	ldr	r0, [pc, #8]	; (10006ec4 <__hw_endpoint_reset_transfer_veneer+0xc>)
10006ebc:	4684      	mov	ip, r0
10006ebe:	bc01      	pop	{r0}
10006ec0:	4760      	bx	ip
10006ec2:	bf00      	nop
10006ec4:	20000811 	.word	0x20000811

10006ec8 <___hw_endpoint_buffer_control_update32_veneer>:
10006ec8:	b401      	push	{r0}
10006eca:	4802      	ldr	r0, [pc, #8]	; (10006ed4 <___hw_endpoint_buffer_control_update32_veneer+0xc>)
10006ecc:	4684      	mov	ip, r0
10006ece:	bc01      	pop	{r0}
10006ed0:	4760      	bx	ip
10006ed2:	bf00      	nop
10006ed4:	2000081d 	.word	0x2000081d

10006ed8 <__e15_is_critical_frame_period_veneer>:
10006ed8:	b401      	push	{r0}
10006eda:	4802      	ldr	r0, [pc, #8]	; (10006ee4 <__e15_is_critical_frame_period_veneer+0xc>)
10006edc:	4684      	mov	ip, r0
10006ede:	bc01      	pop	{r0}
10006ee0:	4760      	bx	ip
10006ee2:	bf00      	nop
10006ee4:	2000073d 	.word	0x2000073d

10006ee8 <__pre_init_runtime_init_early_resets>:
10006ee8:	10001b9d                                ....

10006eec <__pre_init_runtime_init_usb_power_down>:
10006eec:	10001bc9 10001d31 10002bd9 10002445     ....1....+..E$..
10006efc:	10002aa9                                .*..

10006f00 <__pre_init_runtime_init_clocks>:
10006f00:	10001c65                                e...

10006f04 <__pre_init_runtime_init_post_clock_resets>:
10006f04:	10001be5                                ....

10006f08 <__pre_init_runtime_init_rp2040_gpio_ie_disable>:
10006f08:	10001c05                                ....

10006f0c <__pre_init_runtime_init_spin_locks_reset>:
10006f0c:	10001c19                                ....

10006f10 <__pre_init_runtime_init_mutex>:
10006f10:	10000e45                                E...

10006f14 <__pre_init_runtime_init_install_ram_vector_table>:
10006f14:	10001c21                                !...

10006f18 <__pre_init_runtime_init_default_alarm_pool>:
10006f18:	100015dd                                ....

10006f1c <__pre_init_first_per_core_initializer>:
10006f1c:	10001b89                                ....

10006f20 <__pre_init_runtime_init_per_core_irq_priorities>:
10006f20:	10000771                                q...

10006f24 <__frame_dummy_init_array_entry>:
10006f24:	100002fd 10004871                       ....qH..

Disassembly of section .data:

200000c0 <mutex_try_enter>:
200000c0:	0003      	movs	r3, r0
200000c2:	6800      	ldr	r0, [r0, #0]
200000c4:	f3ef 8c10 	mrs	ip, PRIMASK
200000c8:	b672      	cpsid	i
200000ca:	6802      	ldr	r2, [r0, #0]
200000cc:	2a00      	cmp	r2, #0
200000ce:	d0fc      	beq.n	200000ca <mutex_try_enter+0xa>
200000d0:	f3bf 8f5f 	dmb	sy
200000d4:	2204      	movs	r2, #4
200000d6:	569a      	ldrsb	r2, [r3, r2]
200000d8:	2a00      	cmp	r2, #0
200000da:	db0b      	blt.n	200000f4 <mutex_try_enter+0x34>
200000dc:	2900      	cmp	r1, #0
200000de:	d010      	beq.n	20000102 <mutex_try_enter+0x42>
200000e0:	600a      	str	r2, [r1, #0]
200000e2:	2000      	movs	r0, #0
200000e4:	681b      	ldr	r3, [r3, #0]
200000e6:	f3bf 8f5f 	dmb	sy
200000ea:	2200      	movs	r2, #0
200000ec:	601a      	str	r2, [r3, #0]
200000ee:	f38c 8810 	msr	PRIMASK, ip
200000f2:	4770      	bx	lr
200000f4:	22d0      	movs	r2, #208	; 0xd0
200000f6:	0612      	lsls	r2, r2, #24
200000f8:	7812      	ldrb	r2, [r2, #0]
200000fa:	b252      	sxtb	r2, r2
200000fc:	711a      	strb	r2, [r3, #4]
200000fe:	2001      	movs	r0, #1
20000100:	e7f0      	b.n	200000e4 <mutex_try_enter+0x24>
20000102:	2000      	movs	r0, #0
20000104:	e7ee      	b.n	200000e4 <mutex_try_enter+0x24>
	...

20000108 <mutex_enter_block_until>:
20000108:	b5f8      	push	{r3, r4, r5, r6, r7, lr}
2000010a:	46ce      	mov	lr, r9
2000010c:	4647      	mov	r7, r8
2000010e:	b580      	push	{r7, lr}
20000110:	0004      	movs	r4, r0
20000112:	0017      	movs	r7, r2
20000114:	4698      	mov	r8, r3
20000116:	6803      	ldr	r3, [r0, #0]
20000118:	2b00      	cmp	r3, #0
2000011a:	d020      	beq.n	2000015e <mutex_enter_block_until+0x56>
2000011c:	23d0      	movs	r3, #208	; 0xd0
2000011e:	061b      	lsls	r3, r3, #24
20000120:	781b      	ldrb	r3, [r3, #0]
20000122:	b25b      	sxtb	r3, r3
20000124:	4699      	mov	r9, r3
20000126:	6826      	ldr	r6, [r4, #0]
20000128:	f3ef 8c10 	mrs	ip, PRIMASK
2000012c:	b672      	cpsid	i
2000012e:	6835      	ldr	r5, [r6, #0]
20000130:	2d00      	cmp	r5, #0
20000132:	d0fc      	beq.n	2000012e <mutex_enter_block_until+0x26>
20000134:	f3bf 8f5f 	dmb	sy
20000138:	2504      	movs	r5, #4
2000013a:	5765      	ldrsb	r5, [r4, r5]
2000013c:	2d00      	cmp	r5, #0
2000013e:	db14      	blt.n	2000016a <mutex_enter_block_until+0x62>
20000140:	6823      	ldr	r3, [r4, #0]
20000142:	f3bf 8f5f 	dmb	sy
20000146:	2200      	movs	r2, #0
20000148:	601a      	str	r2, [r3, #0]
2000014a:	f38c 8810 	msr	PRIMASK, ip
2000014e:	0038      	movs	r0, r7
20000150:	4641      	mov	r1, r8
20000152:	f000 fd21 	bl	20000b98 <__best_effort_wfe_or_timeout_veneer>
20000156:	2800      	cmp	r0, #0
20000158:	d0e5      	beq.n	20000126 <mutex_enter_block_until+0x1e>
2000015a:	2000      	movs	r0, #0
2000015c:	e00f      	b.n	2000017e <mutex_enter_block_until+0x76>
2000015e:	4b0a      	ldr	r3, [pc, #40]	; (20000188 <mutex_enter_block_until+0x80>)
20000160:	4a0a      	ldr	r2, [pc, #40]	; (2000018c <mutex_enter_block_until+0x84>)
20000162:	21a6      	movs	r1, #166	; 0xa6
20000164:	480a      	ldr	r0, [pc, #40]	; (20000190 <mutex_enter_block_until+0x88>)
20000166:	f000 fcff 	bl	20000b68 <____assert_func_veneer>
2000016a:	464b      	mov	r3, r9
2000016c:	7123      	strb	r3, [r4, #4]
2000016e:	6823      	ldr	r3, [r4, #0]
20000170:	f3bf 8f5f 	dmb	sy
20000174:	2200      	movs	r2, #0
20000176:	601a      	str	r2, [r3, #0]
20000178:	f38c 8810 	msr	PRIMASK, ip
2000017c:	2001      	movs	r0, #1
2000017e:	bcc0      	pop	{r6, r7}
20000180:	46b9      	mov	r9, r7
20000182:	46b0      	mov	r8, r6
20000184:	bdf8      	pop	{r3, r4, r5, r6, r7, pc}
20000186:	46c0      	nop			; (mov r8, r8)
20000188:	100073e0 	.word	0x100073e0
2000018c:	10007438 	.word	0x10007438
20000190:	10007390 	.word	0x10007390

20000194 <mutex_try_enter_block_until>:
20000194:	b570      	push	{r4, r5, r6, lr}
20000196:	b082      	sub	sp, #8
20000198:	0006      	movs	r6, r0
2000019a:	0015      	movs	r5, r2
2000019c:	001c      	movs	r4, r3
2000019e:	a901      	add	r1, sp, #4
200001a0:	f7ff ff8e 	bl	200000c0 <mutex_try_enter>
200001a4:	2800      	cmp	r0, #0
200001a6:	d107      	bne.n	200001b8 <mutex_try_enter_block_until+0x24>
200001a8:	9b01      	ldr	r3, [sp, #4]
200001aa:	b25b      	sxtb	r3, r3
200001ac:	22d0      	movs	r2, #208	; 0xd0
200001ae:	0612      	lsls	r2, r2, #24
200001b0:	7812      	ldrb	r2, [r2, #0]
200001b2:	b252      	sxtb	r2, r2
200001b4:	4293      	cmp	r3, r2
200001b6:	d101      	bne.n	200001bc <mutex_try_enter_block_until+0x28>
200001b8:	b002      	add	sp, #8
200001ba:	bd70      	pop	{r4, r5, r6, pc}
200001bc:	002a      	movs	r2, r5
200001be:	0023      	movs	r3, r4
200001c0:	0030      	movs	r0, r6
200001c2:	f7ff ffa1 	bl	20000108 <mutex_enter_block_until>
200001c6:	e7f7      	b.n	200001b8 <mutex_try_enter_block_until+0x24>

200001c8 <mutex_enter_timeout_ms>:
200001c8:	b5f8      	push	{r3, r4, r5, r6, r7, lr}
200001ca:	0006      	movs	r6, r0
200001cc:	000f      	movs	r7, r1
200001ce:	f000 fd03 	bl	20000bd8 <__time_us_64_veneer>
200001d2:	0004      	movs	r4, r0
200001d4:	000d      	movs	r5, r1
200001d6:	22fa      	movs	r2, #250	; 0xfa
200001d8:	0092      	lsls	r2, r2, #2
200001da:	2300      	movs	r3, #0
200001dc:	0038      	movs	r0, r7
200001de:	2100      	movs	r1, #0
200001e0:	f000 fcf2 	bl	20000bc8 <____wrap___aeabi_lmul_veneer>
200001e4:	0022      	movs	r2, r4
200001e6:	002b      	movs	r3, r5
200001e8:	1812      	adds	r2, r2, r0
200001ea:	414b      	adcs	r3, r1
200001ec:	2b00      	cmp	r3, #0
200001ee:	db03      	blt.n	200001f8 <mutex_enter_timeout_ms+0x30>
200001f0:	0030      	movs	r0, r6
200001f2:	f7ff ff89 	bl	20000108 <mutex_enter_block_until>
200001f6:	bdf8      	pop	{r3, r4, r5, r6, r7, pc}
200001f8:	2201      	movs	r2, #1
200001fa:	4252      	negs	r2, r2
200001fc:	4b00      	ldr	r3, [pc, #0]	; (20000200 <mutex_enter_timeout_ms+0x38>)
200001fe:	e7f7      	b.n	200001f0 <mutex_enter_timeout_ms+0x28>
20000200:	7fffffff 	.word	0x7fffffff

20000204 <mutex_exit>:
20000204:	b510      	push	{r4, lr}
20000206:	6802      	ldr	r2, [r0, #0]
20000208:	f3ef 8110 	mrs	r1, PRIMASK
2000020c:	b672      	cpsid	i
2000020e:	6813      	ldr	r3, [r2, #0]
20000210:	2b00      	cmp	r3, #0
20000212:	d0fc      	beq.n	2000020e <mutex_exit+0xa>
20000214:	f3bf 8f5f 	dmb	sy
20000218:	2304      	movs	r3, #4
2000021a:	56c3      	ldrsb	r3, [r0, r3]
2000021c:	2b00      	cmp	r3, #0
2000021e:	db0a      	blt.n	20000236 <mutex_exit+0x32>
20000220:	23ff      	movs	r3, #255	; 0xff
20000222:	7103      	strb	r3, [r0, #4]
20000224:	6803      	ldr	r3, [r0, #0]
20000226:	f3bf 8f5f 	dmb	sy
2000022a:	2200      	movs	r2, #0
2000022c:	601a      	str	r2, [r3, #0]
2000022e:	f381 8810 	msr	PRIMASK, r1
20000232:	bf40      	sev
20000234:	bd10      	pop	{r4, pc}
20000236:	4b03      	ldr	r3, [pc, #12]	; (20000244 <mutex_exit+0x40>)
20000238:	4a03      	ldr	r2, [pc, #12]	; (20000248 <mutex_exit+0x44>)
2000023a:	21d5      	movs	r1, #213	; 0xd5
2000023c:	4803      	ldr	r0, [pc, #12]	; (2000024c <mutex_exit+0x48>)
2000023e:	f000 fc93 	bl	20000b68 <____assert_func_veneer>
20000242:	46c0      	nop			; (mov r8, r8)
20000244:	100073f4 	.word	0x100073f4
20000248:	1000742c 	.word	0x1000742c
2000024c:	10007390 	.word	0x10007390

20000250 <flash_init_boot2_copyout>:
20000250:	4b09      	ldr	r3, [pc, #36]	; (20000278 <flash_init_boot2_copyout+0x28>)
20000252:	781b      	ldrb	r3, [r3, #0]
20000254:	2b00      	cmp	r3, #0
20000256:	d008      	beq.n	2000026a <flash_init_boot2_copyout+0x1a>
20000258:	e00c      	b.n	20000274 <flash_init_boot2_copyout+0x24>
2000025a:	009a      	lsls	r2, r3, #2
2000025c:	2180      	movs	r1, #128	; 0x80
2000025e:	0549      	lsls	r1, r1, #21
20000260:	1851      	adds	r1, r2, r1
20000262:	6808      	ldr	r0, [r1, #0]
20000264:	4905      	ldr	r1, [pc, #20]	; (2000027c <flash_init_boot2_copyout+0x2c>)
20000266:	5050      	str	r0, [r2, r1]
20000268:	3301      	adds	r3, #1
2000026a:	2b3f      	cmp	r3, #63	; 0x3f
2000026c:	ddf5      	ble.n	2000025a <flash_init_boot2_copyout+0xa>
2000026e:	4b02      	ldr	r3, [pc, #8]	; (20000278 <flash_init_boot2_copyout+0x28>)
20000270:	2201      	movs	r2, #1
20000272:	701a      	strb	r2, [r3, #0]
20000274:	4770      	bx	lr
20000276:	46c0      	nop			; (mov r8, r8)
20000278:	20001d7f 	.word	0x20001d7f
2000027c:	200015b4 	.word	0x200015b4

20000280 <flash_enable_xip_via_boot2>:
20000280:	b510      	push	{r4, lr}
20000282:	4b02      	ldr	r3, [pc, #8]	; (2000028c <flash_enable_xip_via_boot2+0xc>)
20000284:	3301      	adds	r3, #1
20000286:	4798      	blx	r3
20000288:	bd10      	pop	{r4, pc}
2000028a:	46c0      	nop			; (mov r8, r8)
2000028c:	200015b4 	.word	0x200015b4

20000290 <flash_cs_force>:
20000290:	2800      	cmp	r0, #0
20000292:	d00a      	beq.n	200002aa <flash_cs_force+0x1a>
20000294:	2303      	movs	r3, #3
20000296:	021b      	lsls	r3, r3, #8
20000298:	4a05      	ldr	r2, [pc, #20]	; (200002b0 <flash_cs_force+0x20>)
2000029a:	6812      	ldr	r2, [r2, #0]
2000029c:	4053      	eors	r3, r2
2000029e:	22c0      	movs	r2, #192	; 0xc0
200002a0:	0092      	lsls	r2, r2, #2
200002a2:	4013      	ands	r3, r2
200002a4:	4a03      	ldr	r2, [pc, #12]	; (200002b4 <flash_cs_force+0x24>)
200002a6:	6013      	str	r3, [r2, #0]
200002a8:	4770      	bx	lr
200002aa:	2302      	movs	r3, #2
200002ac:	e7f3      	b.n	20000296 <flash_cs_force+0x6>
200002ae:	46c0      	nop			; (mov r8, r8)
200002b0:	4001800c 	.word	0x4001800c
200002b4:	4001900c 	.word	0x4001900c

200002b8 <flash_do_cmd>:
200002b8:	b5f0      	push	{r4, r5, r6, r7, lr}
200002ba:	46d6      	mov	lr, sl
200002bc:	464f      	mov	r7, r9
200002be:	4646      	mov	r6, r8
200002c0:	b5c0      	push	{r6, r7, lr}
200002c2:	0007      	movs	r7, r0
200002c4:	000e      	movs	r6, r1
200002c6:	0015      	movs	r5, r2
200002c8:	2318      	movs	r3, #24
200002ca:	469a      	mov	sl, r3
200002cc:	881b      	ldrh	r3, [r3, #0]
200002ce:	2214      	movs	r2, #20
200002d0:	4690      	mov	r8, r2
200002d2:	8810      	ldrh	r0, [r2, #0]
200002d4:	4928      	ldr	r1, [pc, #160]	; (20000378 <flash_do_cmd+0xc0>)
200002d6:	4798      	blx	r3
200002d8:	4681      	mov	r9, r0
200002da:	4653      	mov	r3, sl
200002dc:	881b      	ldrh	r3, [r3, #0]
200002de:	4642      	mov	r2, r8
200002e0:	8810      	ldrh	r0, [r2, #0]
200002e2:	4926      	ldr	r1, [pc, #152]	; (2000037c <flash_do_cmd+0xc4>)
200002e4:	4798      	blx	r3
200002e6:	0004      	movs	r4, r0
200002e8:	4653      	mov	r3, sl
200002ea:	881b      	ldrh	r3, [r3, #0]
200002ec:	4642      	mov	r2, r8
200002ee:	8810      	ldrh	r0, [r2, #0]
200002f0:	4923      	ldr	r1, [pc, #140]	; (20000380 <flash_do_cmd+0xc8>)
200002f2:	4798      	blx	r3
200002f4:	4680      	mov	r8, r0
200002f6:	464b      	mov	r3, r9
200002f8:	2b00      	cmp	r3, #0
200002fa:	d00c      	beq.n	20000316 <flash_do_cmd+0x5e>
200002fc:	2c00      	cmp	r4, #0
200002fe:	d00a      	beq.n	20000316 <flash_do_cmd+0x5e>
20000300:	2800      	cmp	r0, #0
20000302:	d008      	beq.n	20000316 <flash_do_cmd+0x5e>
20000304:	f7ff ffa4 	bl	20000250 <flash_init_boot2_copyout>
20000308:	47c8      	blx	r9
2000030a:	47a0      	blx	r4
2000030c:	2000      	movs	r0, #0
2000030e:	f7ff ffbf 	bl	20000290 <flash_cs_force>
20000312:	002a      	movs	r2, r5
20000314:	e00f      	b.n	20000336 <flash_do_cmd+0x7e>
20000316:	4b1b      	ldr	r3, [pc, #108]	; (20000384 <flash_do_cmd+0xcc>)
20000318:	4a1b      	ldr	r2, [pc, #108]	; (20000388 <flash_do_cmd+0xd0>)
2000031a:	2199      	movs	r1, #153	; 0x99
2000031c:	481b      	ldr	r0, [pc, #108]	; (2000038c <flash_do_cmd+0xd4>)
2000031e:	f000 fc23 	bl	20000b68 <____assert_func_veneer>
20000322:	2b00      	cmp	r3, #0
20000324:	d007      	beq.n	20000336 <flash_do_cmd+0x7e>
20000326:	2a00      	cmp	r2, #0
20000328:	d005      	beq.n	20000336 <flash_do_cmd+0x7e>
2000032a:	23c0      	movs	r3, #192	; 0xc0
2000032c:	055b      	lsls	r3, r3, #21
2000032e:	6e1b      	ldr	r3, [r3, #96]	; 0x60
20000330:	7033      	strb	r3, [r6, #0]
20000332:	3a01      	subs	r2, #1
20000334:	3601      	adds	r6, #1
20000336:	002b      	movs	r3, r5
20000338:	4313      	orrs	r3, r2
2000033a:	d012      	beq.n	20000362 <flash_do_cmd+0xaa>
2000033c:	23c0      	movs	r3, #192	; 0xc0
2000033e:	055b      	lsls	r3, r3, #21
20000340:	6a9c      	ldr	r4, [r3, #40]	; 0x28
20000342:	2308      	movs	r3, #8
20000344:	4023      	ands	r3, r4
20000346:	07a1      	lsls	r1, r4, #30
20000348:	d5eb      	bpl.n	20000322 <flash_do_cmd+0x6a>
2000034a:	2d00      	cmp	r5, #0
2000034c:	d0e9      	beq.n	20000322 <flash_do_cmd+0x6a>
2000034e:	1b51      	subs	r1, r2, r5
20000350:	290d      	cmp	r1, #13
20000352:	d8e6      	bhi.n	20000322 <flash_do_cmd+0x6a>
20000354:	7838      	ldrb	r0, [r7, #0]
20000356:	21c0      	movs	r1, #192	; 0xc0
20000358:	0549      	lsls	r1, r1, #21
2000035a:	6608      	str	r0, [r1, #96]	; 0x60
2000035c:	3d01      	subs	r5, #1
2000035e:	3701      	adds	r7, #1
20000360:	e7df      	b.n	20000322 <flash_do_cmd+0x6a>
20000362:	2001      	movs	r0, #1
20000364:	f7ff ff94 	bl	20000290 <flash_cs_force>
20000368:	47c0      	blx	r8
2000036a:	f7ff ff89 	bl	20000280 <flash_enable_xip_via_boot2>
2000036e:	bce0      	pop	{r5, r6, r7}
20000370:	46ba      	mov	sl, r7
20000372:	46b1      	mov	r9, r6
20000374:	46a8      	mov	r8, r5
20000376:	bdf0      	pop	{r4, r5, r6, r7, pc}
20000378:	00004649 	.word	0x00004649
2000037c:	00005845 	.word	0x00005845
20000380:	00004346 	.word	0x00004346
20000384:	10007f6c 	.word	0x10007f6c
20000388:	10007fbc 	.word	0x10007fbc
2000038c:	10007e48 	.word	0x10007e48

20000390 <reset_non_control_endpoints>:
20000390:	b510      	push	{r4, lr}
20000392:	2300      	movs	r3, #0
20000394:	e008      	b.n	200003a8 <reset_non_control_endpoints+0x18>
20000396:	3301      	adds	r3, #1
20000398:	00da      	lsls	r2, r3, #3
2000039a:	2100      	movs	r1, #0
2000039c:	4808      	ldr	r0, [pc, #32]	; (200003c0 <reset_non_control_endpoints+0x30>)
2000039e:	5011      	str	r1, [r2, r0]
200003a0:	4684      	mov	ip, r0
200003a2:	4462      	add	r2, ip
200003a4:	6051      	str	r1, [r2, #4]
200003a6:	b2db      	uxtb	r3, r3
200003a8:	2b0e      	cmp	r3, #14
200003aa:	d9f4      	bls.n	20000396 <reset_non_control_endpoints+0x6>
200003ac:	22f0      	movs	r2, #240	; 0xf0
200003ae:	0092      	lsls	r2, r2, #2
200003b0:	2100      	movs	r1, #0
200003b2:	4804      	ldr	r0, [pc, #16]	; (200003c4 <reset_non_control_endpoints+0x34>)
200003b4:	f000 fbe0 	bl	20000b78 <____wrap_memset_veneer>
200003b8:	4b03      	ldr	r3, [pc, #12]	; (200003c8 <reset_non_control_endpoints+0x38>)
200003ba:	4a04      	ldr	r2, [pc, #16]	; (200003cc <reset_non_control_endpoints+0x3c>)
200003bc:	601a      	str	r2, [r3, #0]
200003be:	bd10      	pop	{r4, pc}
200003c0:	50100000 	.word	0x50100000
200003c4:	20001768 	.word	0x20001768
200003c8:	20001b2c 	.word	0x20001b2c
200003cc:	50100180 	.word	0x50100180

200003d0 <hw_handle_buff_status>:
200003d0:	b5f0      	push	{r4, r5, r6, r7, lr}
200003d2:	46ce      	mov	lr, r9
200003d4:	4647      	mov	r7, r8
200003d6:	b580      	push	{r7, lr}
200003d8:	b085      	sub	sp, #20
200003da:	4b23      	ldr	r3, [pc, #140]	; (20000468 <hw_handle_buff_status+0x98>)
200003dc:	6d9f      	ldr	r7, [r3, #88]	; 0x58
200003de:	2400      	movs	r4, #0
200003e0:	2601      	movs	r6, #1
200003e2:	e003      	b.n	200003ec <hw_handle_buff_status+0x1c>
200003e4:	43b7      	bics	r7, r6
200003e6:	0076      	lsls	r6, r6, #1
200003e8:	3401      	adds	r4, #1
200003ea:	b2e4      	uxtb	r4, r4
200003ec:	2f00      	cmp	r7, #0
200003ee:	d036      	beq.n	2000045e <hw_handle_buff_status+0x8e>
200003f0:	2c1f      	cmp	r4, #31
200003f2:	d834      	bhi.n	2000045e <hw_handle_buff_status+0x8e>
200003f4:	423e      	tst	r6, r7
200003f6:	d0f6      	beq.n	200003e6 <hw_handle_buff_status+0x16>
200003f8:	4b1c      	ldr	r3, [pc, #112]	; (2000046c <hw_handle_buff_status+0x9c>)
200003fa:	659e      	str	r6, [r3, #88]	; 0x58
200003fc:	0863      	lsrs	r3, r4, #1
200003fe:	4699      	mov	r9, r3
20000400:	2301      	movs	r3, #1
20000402:	4063      	eors	r3, r4
20000404:	2201      	movs	r2, #1
20000406:	401a      	ands	r2, r3
20000408:	4690      	mov	r8, r2
2000040a:	464b      	mov	r3, r9
2000040c:	005d      	lsls	r5, r3, #1
2000040e:	4445      	add	r5, r8
20000410:	016d      	lsls	r5, r5, #5
20000412:	4b17      	ldr	r3, [pc, #92]	; (20000470 <hw_handle_buff_status+0xa0>)
20000414:	18ed      	adds	r5, r5, r3
20000416:	0028      	movs	r0, r5
20000418:	f000 fa6a 	bl	200008f0 <hw_endpoint_xfer_continue>
2000041c:	2800      	cmp	r0, #0
2000041e:	d0e1      	beq.n	200003e4 <hw_handle_buff_status+0x14>
20000420:	464b      	mov	r3, r9
20000422:	005b      	lsls	r3, r3, #1
20000424:	4443      	add	r3, r8
20000426:	015b      	lsls	r3, r3, #5
20000428:	4a11      	ldr	r2, [pc, #68]	; (20000470 <hw_handle_buff_status+0xa0>)
2000042a:	18d3      	adds	r3, r2, r3
2000042c:	789a      	ldrb	r2, [r3, #2]
2000042e:	4691      	mov	r9, r2
20000430:	8adb      	ldrh	r3, [r3, #22]
20000432:	4698      	mov	r8, r3
20000434:	220c      	movs	r2, #12
20000436:	2100      	movs	r1, #0
20000438:	a801      	add	r0, sp, #4
2000043a:	f000 fb9d 	bl	20000b78 <____wrap_memset_veneer>
2000043e:	2307      	movs	r3, #7
20000440:	466a      	mov	r2, sp
20000442:	7153      	strb	r3, [r2, #5]
20000444:	466b      	mov	r3, sp
20000446:	464a      	mov	r2, r9
20000448:	721a      	strb	r2, [r3, #8]
2000044a:	4643      	mov	r3, r8
2000044c:	9303      	str	r3, [sp, #12]
2000044e:	2101      	movs	r1, #1
20000450:	a801      	add	r0, sp, #4
20000452:	f000 fa6d 	bl	20000930 <dcd_event_handler>
20000456:	0028      	movs	r0, r5
20000458:	f000 f9da 	bl	20000810 <hw_endpoint_reset_transfer>
2000045c:	e7c2      	b.n	200003e4 <hw_handle_buff_status+0x14>
2000045e:	b005      	add	sp, #20
20000460:	bcc0      	pop	{r6, r7}
20000462:	46b9      	mov	r9, r7
20000464:	46b0      	mov	r8, r6
20000466:	bdf0      	pop	{r4, r5, r6, r7, pc}
20000468:	50110000 	.word	0x50110000
2000046c:	50113000 	.word	0x50113000
20000470:	20001728 	.word	0x20001728

20000474 <dcd_rp2040_irq>:
20000474:	b5f0      	push	{r4, r5, r6, r7, lr}
20000476:	46ce      	mov	lr, r9
20000478:	4647      	mov	r7, r8
2000047a:	b580      	push	{r7, lr}
2000047c:	b085      	sub	sp, #20
2000047e:	4a7f      	ldr	r2, [pc, #508]	; (2000067c <dcd_rp2040_irq+0x208>)
20000480:	2398      	movs	r3, #152	; 0x98
20000482:	58d5      	ldr	r5, [r2, r3]
20000484:	2380      	movs	r3, #128	; 0x80
20000486:	029b      	lsls	r3, r3, #10
20000488:	002f      	movs	r7, r5
2000048a:	401f      	ands	r7, r3
2000048c:	421d      	tst	r5, r3
2000048e:	d048      	beq.n	20000522 <dcd_rp2040_irq+0xae>
20000490:	4b7b      	ldr	r3, [pc, #492]	; (20000680 <dcd_rp2040_irq+0x20c>)
20000492:	6a9a      	ldr	r2, [r3, #40]	; 0x28
20000494:	4b7b      	ldr	r3, [pc, #492]	; (20000684 <dcd_rp2040_irq+0x210>)
20000496:	601a      	str	r2, [r3, #0]
20000498:	2400      	movs	r4, #0
2000049a:	2600      	movs	r6, #0
2000049c:	e009      	b.n	200004b2 <dcd_rp2040_irq+0x3e>
2000049e:	4b7a      	ldr	r3, [pc, #488]	; (20000688 <dcd_rp2040_irq+0x214>)
200004a0:	1899      	adds	r1, r3, r2
200004a2:	313c      	adds	r1, #60	; 0x3c
200004a4:	2300      	movs	r3, #0
200004a6:	700b      	strb	r3, [r1, #0]
200004a8:	f000 f9de 	bl	20000868 <hw_endpoint_start_next_buffer>
200004ac:	003e      	movs	r6, r7
200004ae:	3401      	adds	r4, #1
200004b0:	b2e4      	uxtb	r4, r4
200004b2:	2c0f      	cmp	r4, #15
200004b4:	d817      	bhi.n	200004e6 <dcd_rp2040_irq+0x72>
200004b6:	01a2      	lsls	r2, r4, #6
200004b8:	0010      	movs	r0, r2
200004ba:	3020      	adds	r0, #32
200004bc:	4b72      	ldr	r3, [pc, #456]	; (20000688 <dcd_rp2040_irq+0x214>)
200004be:	18c0      	adds	r0, r0, r3
200004c0:	189b      	adds	r3, r3, r2
200004c2:	333b      	adds	r3, #59	; 0x3b
200004c4:	781b      	ldrb	r3, [r3, #0]
200004c6:	2b02      	cmp	r3, #2
200004c8:	d1f1      	bne.n	200004ae <dcd_rp2040_irq+0x3a>
200004ca:	4b6f      	ldr	r3, [pc, #444]	; (20000688 <dcd_rp2040_irq+0x214>)
200004cc:	189b      	adds	r3, r3, r2
200004ce:	333a      	adds	r3, #58	; 0x3a
200004d0:	781f      	ldrb	r7, [r3, #0]
200004d2:	2f00      	cmp	r7, #0
200004d4:	d0eb      	beq.n	200004ae <dcd_rp2040_irq+0x3a>
200004d6:	4b6c      	ldr	r3, [pc, #432]	; (20000688 <dcd_rp2040_irq+0x214>)
200004d8:	189b      	adds	r3, r3, r2
200004da:	333c      	adds	r3, #60	; 0x3c
200004dc:	781b      	ldrb	r3, [r3, #0]
200004de:	2b00      	cmp	r3, #0
200004e0:	d1dd      	bne.n	2000049e <dcd_rp2040_irq+0x2a>
200004e2:	003e      	movs	r6, r7
200004e4:	e7e3      	b.n	200004ae <dcd_rp2040_irq+0x3a>
200004e6:	2e00      	cmp	r6, #0
200004e8:	d108      	bne.n	200004fc <dcd_rp2040_irq+0x88>
200004ea:	4b68      	ldr	r3, [pc, #416]	; (2000068c <dcd_rp2040_irq+0x218>)
200004ec:	781b      	ldrb	r3, [r3, #0]
200004ee:	2b00      	cmp	r3, #0
200004f0:	d104      	bne.n	200004fc <dcd_rp2040_irq+0x88>
200004f2:	4a67      	ldr	r2, [pc, #412]	; (20000690 <dcd_rp2040_irq+0x21c>)
200004f4:	3390      	adds	r3, #144	; 0x90
200004f6:	2180      	movs	r1, #128	; 0x80
200004f8:	0289      	lsls	r1, r1, #10
200004fa:	50d1      	str	r1, [r2, r3]
200004fc:	4b5f      	ldr	r3, [pc, #380]	; (2000067c <dcd_rp2040_irq+0x208>)
200004fe:	6c9c      	ldr	r4, [r3, #72]	; 0x48
20000500:	0564      	lsls	r4, r4, #21
20000502:	0d64      	lsrs	r4, r4, #21
20000504:	ae01      	add	r6, sp, #4
20000506:	220c      	movs	r2, #12
20000508:	2100      	movs	r1, #0
2000050a:	0030      	movs	r0, r6
2000050c:	f000 fb34 	bl	20000b78 <____wrap_memset_veneer>
20000510:	2303      	movs	r3, #3
20000512:	7073      	strb	r3, [r6, #1]
20000514:	9402      	str	r4, [sp, #8]
20000516:	2101      	movs	r1, #1
20000518:	0030      	movs	r0, r6
2000051a:	f000 fa09 	bl	20000930 <dcd_event_handler>
2000051e:	2780      	movs	r7, #128	; 0x80
20000520:	02bf      	lsls	r7, r7, #10
20000522:	06eb      	lsls	r3, r5, #27
20000524:	d406      	bmi.n	20000534 <dcd_rp2040_irq+0xc0>
20000526:	03eb      	lsls	r3, r5, #15
20000528:	d555      	bpl.n	200005d6 <dcd_rp2040_irq+0x162>
2000052a:	2380      	movs	r3, #128	; 0x80
2000052c:	025b      	lsls	r3, r3, #9
2000052e:	431f      	orrs	r7, r3
20000530:	2400      	movs	r4, #0
20000532:	e019      	b.n	20000568 <dcd_rp2040_irq+0xf4>
20000534:	2310      	movs	r3, #16
20000536:	431f      	orrs	r7, r3
20000538:	f7ff ff4a 	bl	200003d0 <hw_handle_buff_status>
2000053c:	e7f3      	b.n	20000526 <dcd_rp2040_irq+0xb2>
2000053e:	2302      	movs	r3, #2
20000540:	4698      	mov	r8, r3
20000542:	e01e      	b.n	20000582 <dcd_rp2040_irq+0x10e>
20000544:	4b53      	ldr	r3, [pc, #332]	; (20000694 <dcd_rp2040_irq+0x220>)
20000546:	4642      	mov	r2, r8
20000548:	661a      	str	r2, [r3, #96]	; 0x60
2000054a:	4b4c      	ldr	r3, [pc, #304]	; (2000067c <dcd_rp2040_irq+0x208>)
2000054c:	6e5b      	ldr	r3, [r3, #100]	; 0x64
2000054e:	4642      	mov	r2, r8
20000550:	4013      	ands	r3, r2
20000552:	4598      	cmp	r8, r3
20000554:	d1f9      	bne.n	2000054a <dcd_rp2040_irq+0xd6>
20000556:	e018      	b.n	2000058a <dcd_rp2040_irq+0x116>
20000558:	464b      	mov	r3, r9
2000055a:	015a      	lsls	r2, r3, #5
2000055c:	4b4a      	ldr	r3, [pc, #296]	; (20000688 <dcd_rp2040_irq+0x214>)
2000055e:	189b      	adds	r3, r3, r2
20000560:	2201      	movs	r2, #1
20000562:	70da      	strb	r2, [r3, #3]
20000564:	3401      	adds	r4, #1
20000566:	b2e4      	uxtb	r4, r4
20000568:	2c01      	cmp	r4, #1
2000056a:	d820      	bhi.n	200005ae <dcd_rp2040_irq+0x13a>
2000056c:	46a1      	mov	r9, r4
2000056e:	0163      	lsls	r3, r4, #5
20000570:	4e45      	ldr	r6, [pc, #276]	; (20000688 <dcd_rp2040_irq+0x214>)
20000572:	199e      	adds	r6, r3, r6
20000574:	7eb3      	ldrb	r3, [r6, #26]
20000576:	2b00      	cmp	r3, #0
20000578:	d0ee      	beq.n	20000558 <dcd_rp2040_irq+0xe4>
2000057a:	2c00      	cmp	r4, #0
2000057c:	d0df      	beq.n	2000053e <dcd_rp2040_irq+0xca>
2000057e:	2301      	movs	r3, #1
20000580:	4698      	mov	r8, r3
20000582:	f000 fb31 	bl	20000be8 <__rp2040_chip_version_veneer>
20000586:	2801      	cmp	r0, #1
20000588:	d8dc      	bhi.n	20000544 <dcd_rp2040_irq+0xd0>
2000058a:	22c0      	movs	r2, #192	; 0xc0
2000058c:	0192      	lsls	r2, r2, #6
2000058e:	2100      	movs	r1, #0
20000590:	0030      	movs	r0, r6
20000592:	f000 f943 	bl	2000081c <_hw_endpoint_buffer_control_update32>
20000596:	0030      	movs	r0, r6
20000598:	f000 f93a 	bl	20000810 <hw_endpoint_reset_transfer>
2000059c:	f000 fb24 	bl	20000be8 <__rp2040_chip_version_veneer>
200005a0:	2801      	cmp	r0, #1
200005a2:	d9d9      	bls.n	20000558 <dcd_rp2040_irq+0xe4>
200005a4:	4b3a      	ldr	r3, [pc, #232]	; (20000690 <dcd_rp2040_irq+0x21c>)
200005a6:	4642      	mov	r2, r8
200005a8:	665a      	str	r2, [r3, #100]	; 0x64
200005aa:	661a      	str	r2, [r3, #96]	; 0x60
200005ac:	e7d4      	b.n	20000558 <dcd_rp2040_irq+0xe4>
200005ae:	ac01      	add	r4, sp, #4
200005b0:	220c      	movs	r2, #12
200005b2:	2100      	movs	r1, #0
200005b4:	0020      	movs	r0, r4
200005b6:	f000 fadf 	bl	20000b78 <____wrap_memset_veneer>
200005ba:	2306      	movs	r3, #6
200005bc:	7063      	strb	r3, [r4, #1]
200005be:	4a36      	ldr	r2, [pc, #216]	; (20000698 <dcd_rp2040_irq+0x224>)
200005c0:	ab02      	add	r3, sp, #8
200005c2:	ca03      	ldmia	r2!, {r0, r1}
200005c4:	c303      	stmia	r3!, {r0, r1}
200005c6:	2101      	movs	r1, #1
200005c8:	0020      	movs	r0, r4
200005ca:	f000 f9b1 	bl	20000930 <dcd_event_handler>
200005ce:	4b30      	ldr	r3, [pc, #192]	; (20000690 <dcd_rp2040_irq+0x21c>)
200005d0:	2280      	movs	r2, #128	; 0x80
200005d2:	0292      	lsls	r2, r2, #10
200005d4:	651a      	str	r2, [r3, #80]	; 0x50
200005d6:	04eb      	lsls	r3, r5, #19
200005d8:	d40a      	bmi.n	200005f0 <dcd_rp2040_irq+0x17c>
200005da:	046b      	lsls	r3, r5, #17
200005dc:	d421      	bmi.n	20000622 <dcd_rp2040_irq+0x1ae>
200005de:	042b      	lsls	r3, r5, #16
200005e0:	d432      	bmi.n	20000648 <dcd_rp2040_irq+0x1d4>
200005e2:	42af      	cmp	r7, r5
200005e4:	d144      	bne.n	20000670 <dcd_rp2040_irq+0x1fc>
200005e6:	b005      	add	sp, #20
200005e8:	bcc0      	pop	{r6, r7}
200005ea:	46b9      	mov	r9, r7
200005ec:	46b0      	mov	r8, r6
200005ee:	bdf0      	pop	{r4, r5, r6, r7, pc}
200005f0:	2380      	movs	r3, #128	; 0x80
200005f2:	015b      	lsls	r3, r3, #5
200005f4:	431f      	orrs	r7, r3
200005f6:	4b21      	ldr	r3, [pc, #132]	; (2000067c <dcd_rp2040_irq+0x208>)
200005f8:	2200      	movs	r2, #0
200005fa:	601a      	str	r2, [r3, #0]
200005fc:	f7ff fec8 	bl	20000390 <reset_non_control_endpoints>
20000600:	ac01      	add	r4, sp, #4
20000602:	220c      	movs	r2, #12
20000604:	2100      	movs	r1, #0
20000606:	0020      	movs	r0, r4
20000608:	f000 fab6 	bl	20000b78 <____wrap_memset_veneer>
2000060c:	2301      	movs	r3, #1
2000060e:	7063      	strb	r3, [r4, #1]
20000610:	2101      	movs	r1, #1
20000612:	0020      	movs	r0, r4
20000614:	f000 f98c 	bl	20000930 <dcd_event_handler>
20000618:	4b1d      	ldr	r3, [pc, #116]	; (20000690 <dcd_rp2040_irq+0x21c>)
2000061a:	2280      	movs	r2, #128	; 0x80
2000061c:	0312      	lsls	r2, r2, #12
2000061e:	651a      	str	r2, [r3, #80]	; 0x50
20000620:	e7db      	b.n	200005da <dcd_rp2040_irq+0x166>
20000622:	2380      	movs	r3, #128	; 0x80
20000624:	01db      	lsls	r3, r3, #7
20000626:	431f      	orrs	r7, r3
20000628:	ac01      	add	r4, sp, #4
2000062a:	220c      	movs	r2, #12
2000062c:	2100      	movs	r1, #0
2000062e:	0020      	movs	r0, r4
20000630:	f000 faa2 	bl	20000b78 <____wrap_memset_veneer>
20000634:	2304      	movs	r3, #4
20000636:	7063      	strb	r3, [r4, #1]
20000638:	2101      	movs	r1, #1
2000063a:	0020      	movs	r0, r4
2000063c:	f000 f978 	bl	20000930 <dcd_event_handler>
20000640:	4b13      	ldr	r3, [pc, #76]	; (20000690 <dcd_rp2040_irq+0x21c>)
20000642:	2210      	movs	r2, #16
20000644:	651a      	str	r2, [r3, #80]	; 0x50
20000646:	e7ca      	b.n	200005de <dcd_rp2040_irq+0x16a>
20000648:	2380      	movs	r3, #128	; 0x80
2000064a:	021b      	lsls	r3, r3, #8
2000064c:	431f      	orrs	r7, r3
2000064e:	ac01      	add	r4, sp, #4
20000650:	220c      	movs	r2, #12
20000652:	2100      	movs	r1, #0
20000654:	0020      	movs	r0, r4
20000656:	f000 fa8f 	bl	20000b78 <____wrap_memset_veneer>
2000065a:	2305      	movs	r3, #5
2000065c:	7063      	strb	r3, [r4, #1]
2000065e:	2101      	movs	r1, #1
20000660:	0020      	movs	r0, r4
20000662:	f000 f965 	bl	20000930 <dcd_event_handler>
20000666:	4b0a      	ldr	r3, [pc, #40]	; (20000690 <dcd_rp2040_irq+0x21c>)
20000668:	2280      	movs	r2, #128	; 0x80
2000066a:	0112      	lsls	r2, r2, #4
2000066c:	651a      	str	r2, [r3, #80]	; 0x50
2000066e:	e7b8      	b.n	200005e2 <dcd_rp2040_irq+0x16e>
20000670:	0039      	movs	r1, r7
20000672:	4069      	eors	r1, r5
20000674:	4809      	ldr	r0, [pc, #36]	; (2000069c <dcd_rp2040_irq+0x228>)
20000676:	f000 fa6f 	bl	20000b58 <__panic_veneer>
2000067a:	46c0      	nop			; (mov r8, r8)
2000067c:	50110000 	.word	0x50110000
20000680:	40054000 	.word	0x40054000
20000684:	20001720 	.word	0x20001720
20000688:	20001728 	.word	0x20001728
2000068c:	20001d7d 	.word	0x20001d7d
20000690:	50113000 	.word	0x50113000
20000694:	50112000 	.word	0x50112000
20000698:	50100000 	.word	0x50100000
2000069c:	10008094 	.word	0x10008094

200006a0 <prepare_ep_buffer>:
200006a0:	b5f8      	push	{r3, r4, r5, r6, r7, lr}
200006a2:	0004      	movs	r4, r0
200006a4:	000f      	movs	r7, r1
200006a6:	8a83      	ldrh	r3, [r0, #20]
200006a8:	8b02      	ldrh	r2, [r0, #24]
200006aa:	1c1e      	adds	r6, r3, #0
200006ac:	4293      	cmp	r3, r2
200006ae:	d900      	bls.n	200006b2 <prepare_ep_buffer+0x12>
200006b0:	1c16      	adds	r6, r2, #0
200006b2:	b2b6      	uxth	r6, r6
200006b4:	1b9b      	subs	r3, r3, r6
200006b6:	82a3      	strh	r3, [r4, #20]
200006b8:	2580      	movs	r5, #128	; 0x80
200006ba:	00ed      	lsls	r5, r5, #3
200006bc:	4335      	orrs	r5, r6
200006be:	78e3      	ldrb	r3, [r4, #3]
200006c0:	2b00      	cmp	r3, #0
200006c2:	d013      	beq.n	200006ec <prepare_ep_buffer+0x4c>
200006c4:	2280      	movs	r2, #128	; 0x80
200006c6:	0192      	lsls	r2, r2, #6
200006c8:	4315      	orrs	r5, r2
200006ca:	2201      	movs	r2, #1
200006cc:	4053      	eors	r3, r2
200006ce:	70e3      	strb	r3, [r4, #3]
200006d0:	7863      	ldrb	r3, [r4, #1]
200006d2:	2b00      	cmp	r3, #0
200006d4:	d00c      	beq.n	200006f0 <prepare_ep_buffer+0x50>
200006d6:	8aa3      	ldrh	r3, [r4, #20]
200006d8:	2b00      	cmp	r3, #0
200006da:	d102      	bne.n	200006e2 <prepare_ep_buffer+0x42>
200006dc:	2380      	movs	r3, #128	; 0x80
200006de:	01db      	lsls	r3, r3, #7
200006e0:	431d      	orrs	r5, r3
200006e2:	2f00      	cmp	r7, #0
200006e4:	d000      	beq.n	200006e8 <prepare_ep_buffer+0x48>
200006e6:	042d      	lsls	r5, r5, #16
200006e8:	0028      	movs	r0, r5
200006ea:	bdf8      	pop	{r3, r4, r5, r6, r7, pc}
200006ec:	2200      	movs	r2, #0
200006ee:	e7eb      	b.n	200006c8 <prepare_ep_buffer+0x28>
200006f0:	01b8      	lsls	r0, r7, #6
200006f2:	68e3      	ldr	r3, [r4, #12]
200006f4:	469c      	mov	ip, r3
200006f6:	4460      	add	r0, ip
200006f8:	0032      	movs	r2, r6
200006fa:	6921      	ldr	r1, [r4, #16]
200006fc:	f000 fa44 	bl	20000b88 <__unaligned_memcpy_veneer>
20000700:	6923      	ldr	r3, [r4, #16]
20000702:	469c      	mov	ip, r3
20000704:	4466      	add	r6, ip
20000706:	6126      	str	r6, [r4, #16]
20000708:	2380      	movs	r3, #128	; 0x80
2000070a:	021b      	lsls	r3, r3, #8
2000070c:	431d      	orrs	r5, r3
2000070e:	e7e2      	b.n	200006d6 <prepare_ep_buffer+0x36>

20000710 <e15_is_bulkin_ep>:
20000710:	4b09      	ldr	r3, [pc, #36]	; (20000738 <e15_is_bulkin_ep+0x28>)
20000712:	6c1b      	ldr	r3, [r3, #64]	; 0x40
20000714:	079b      	lsls	r3, r3, #30
20000716:	d40c      	bmi.n	20000732 <e15_is_bulkin_ep+0x22>
20000718:	7883      	ldrb	r3, [r0, #2]
2000071a:	09db      	lsrs	r3, r3, #7
2000071c:	2b01      	cmp	r3, #1
2000071e:	d001      	beq.n	20000724 <e15_is_bulkin_ep+0x14>
20000720:	2000      	movs	r0, #0
20000722:	e007      	b.n	20000734 <e15_is_bulkin_ep+0x24>
20000724:	7ec3      	ldrb	r3, [r0, #27]
20000726:	2b02      	cmp	r3, #2
20000728:	d001      	beq.n	2000072e <e15_is_bulkin_ep+0x1e>
2000072a:	2000      	movs	r0, #0
2000072c:	e002      	b.n	20000734 <e15_is_bulkin_ep+0x24>
2000072e:	2001      	movs	r0, #1
20000730:	e000      	b.n	20000734 <e15_is_bulkin_ep+0x24>
20000732:	2000      	movs	r0, #0
20000734:	4770      	bx	lr
20000736:	46c0      	nop			; (mov r8, r8)
20000738:	50110000 	.word	0x50110000

2000073c <e15_is_critical_frame_period>:
2000073c:	b510      	push	{r4, lr}
2000073e:	f7ff ffe7 	bl	20000710 <e15_is_bulkin_ep>
20000742:	2800      	cmp	r0, #0
20000744:	d009      	beq.n	2000075a <e15_is_critical_frame_period+0x1e>
20000746:	4b06      	ldr	r3, [pc, #24]	; (20000760 <e15_is_critical_frame_period+0x24>)
20000748:	6a9b      	ldr	r3, [r3, #40]	; 0x28
2000074a:	4a06      	ldr	r2, [pc, #24]	; (20000764 <e15_is_critical_frame_period+0x28>)
2000074c:	6812      	ldr	r2, [r2, #0]
2000074e:	1a9b      	subs	r3, r3, r2
20000750:	4a05      	ldr	r2, [pc, #20]	; (20000768 <e15_is_critical_frame_period+0x2c>)
20000752:	4694      	mov	ip, r2
20000754:	4463      	add	r3, ip
20000756:	2bc6      	cmp	r3, #198	; 0xc6
20000758:	d800      	bhi.n	2000075c <e15_is_critical_frame_period+0x20>
2000075a:	bd10      	pop	{r4, pc}
2000075c:	2000      	movs	r0, #0
2000075e:	e7fc      	b.n	2000075a <e15_is_critical_frame_period+0x1e>
20000760:	40054000 	.word	0x40054000
20000764:	20001720 	.word	0x20001720
20000768:	fffffce0 	.word	0xfffffce0

2000076c <sync_ep_buffer>:
2000076c:	b570      	push	{r4, r5, r6, lr}
2000076e:	0004      	movs	r4, r0
20000770:	6883      	ldr	r3, [r0, #8]
20000772:	681b      	ldr	r3, [r3, #0]
20000774:	2900      	cmp	r1, #0
20000776:	d000      	beq.n	2000077a <sync_ep_buffer+0xe>
20000778:	0c1b      	lsrs	r3, r3, #16
2000077a:	059d      	lsls	r5, r3, #22
2000077c:	0dad      	lsrs	r5, r5, #22
2000077e:	7862      	ldrb	r2, [r4, #1]
20000780:	2a00      	cmp	r2, #0
20000782:	d111      	bne.n	200007a8 <sync_ep_buffer+0x3c>
20000784:	041b      	lsls	r3, r3, #16
20000786:	d409      	bmi.n	2000079c <sync_ep_buffer+0x30>
20000788:	8ae3      	ldrh	r3, [r4, #22]
2000078a:	195b      	adds	r3, r3, r5
2000078c:	82e3      	strh	r3, [r4, #22]
2000078e:	8b23      	ldrh	r3, [r4, #24]
20000790:	42ab      	cmp	r3, r5
20000792:	d901      	bls.n	20000798 <sync_ep_buffer+0x2c>
20000794:	2300      	movs	r3, #0
20000796:	82a3      	strh	r3, [r4, #20]
20000798:	0028      	movs	r0, r5
2000079a:	bd70      	pop	{r4, r5, r6, pc}
2000079c:	4b0e      	ldr	r3, [pc, #56]	; (200007d8 <sync_ep_buffer+0x6c>)
2000079e:	4a0f      	ldr	r2, [pc, #60]	; (200007dc <sync_ep_buffer+0x70>)
200007a0:	21e8      	movs	r1, #232	; 0xe8
200007a2:	480f      	ldr	r0, [pc, #60]	; (200007e0 <sync_ep_buffer+0x74>)
200007a4:	f000 f9e0 	bl	20000b68 <____assert_func_veneer>
200007a8:	041b      	lsls	r3, r3, #16
200007aa:	d50e      	bpl.n	200007ca <sync_ep_buffer+0x5e>
200007ac:	0189      	lsls	r1, r1, #6
200007ae:	68e3      	ldr	r3, [r4, #12]
200007b0:	469c      	mov	ip, r3
200007b2:	4461      	add	r1, ip
200007b4:	002a      	movs	r2, r5
200007b6:	6920      	ldr	r0, [r4, #16]
200007b8:	f000 f9e6 	bl	20000b88 <__unaligned_memcpy_veneer>
200007bc:	8ae3      	ldrh	r3, [r4, #22]
200007be:	195b      	adds	r3, r3, r5
200007c0:	82e3      	strh	r3, [r4, #22]
200007c2:	6923      	ldr	r3, [r4, #16]
200007c4:	195b      	adds	r3, r3, r5
200007c6:	6123      	str	r3, [r4, #16]
200007c8:	e7e1      	b.n	2000078e <sync_ep_buffer+0x22>
200007ca:	4b06      	ldr	r3, [pc, #24]	; (200007e4 <sync_ep_buffer+0x78>)
200007cc:	4a03      	ldr	r2, [pc, #12]	; (200007dc <sync_ep_buffer+0x70>)
200007ce:	21ee      	movs	r1, #238	; 0xee
200007d0:	4803      	ldr	r0, [pc, #12]	; (200007e0 <sync_ep_buffer+0x74>)
200007d2:	f000 f9c9 	bl	20000b68 <____assert_func_veneer>
200007d6:	46c0      	nop			; (mov r8, r8)
200007d8:	10008114 	.word	0x10008114
200007dc:	10008238 	.word	0x10008238
200007e0:	10008134 	.word	0x10008134
200007e4:	10008198 	.word	0x10008198

200007e8 <_hw_endpoint_xfer_sync>:
200007e8:	b510      	push	{r4, lr}
200007ea:	0004      	movs	r4, r0
200007ec:	6883      	ldr	r3, [r0, #8]
200007ee:	681b      	ldr	r3, [r3, #0]
200007f0:	2100      	movs	r1, #0
200007f2:	f7ff ffbb 	bl	2000076c <sync_ep_buffer>
200007f6:	6863      	ldr	r3, [r4, #4]
200007f8:	681b      	ldr	r3, [r3, #0]
200007fa:	005b      	lsls	r3, r3, #1
200007fc:	d502      	bpl.n	20000804 <_hw_endpoint_xfer_sync+0x1c>
200007fe:	8b23      	ldrh	r3, [r4, #24]
20000800:	4283      	cmp	r3, r0
20000802:	d000      	beq.n	20000806 <_hw_endpoint_xfer_sync+0x1e>
20000804:	bd10      	pop	{r4, pc}
20000806:	2101      	movs	r1, #1
20000808:	0020      	movs	r0, r4
2000080a:	f7ff ffaf 	bl	2000076c <sync_ep_buffer>
2000080e:	e7f9      	b.n	20000804 <_hw_endpoint_xfer_sync+0x1c>

20000810 <hw_endpoint_reset_transfer>:
20000810:	2300      	movs	r3, #0
20000812:	7683      	strb	r3, [r0, #26]
20000814:	8283      	strh	r3, [r0, #20]
20000816:	82c3      	strh	r3, [r0, #22]
20000818:	6103      	str	r3, [r0, #16]
2000081a:	4770      	bx	lr

2000081c <_hw_endpoint_buffer_control_update32>:
2000081c:	b510      	push	{r4, lr}
2000081e:	2900      	cmp	r1, #0
20000820:	d002      	beq.n	20000828 <_hw_endpoint_buffer_control_update32+0xc>
20000822:	6883      	ldr	r3, [r0, #8]
20000824:	681b      	ldr	r3, [r3, #0]
20000826:	4019      	ands	r1, r3
20000828:	2a00      	cmp	r2, #0
2000082a:	d010      	beq.n	2000084e <_hw_endpoint_buffer_control_update32+0x32>
2000082c:	4311      	orrs	r1, r2
2000082e:	0553      	lsls	r3, r2, #21
20000830:	d50d      	bpl.n	2000084e <_hw_endpoint_buffer_control_update32+0x32>
20000832:	6882      	ldr	r2, [r0, #8]
20000834:	6813      	ldr	r3, [r2, #0]
20000836:	055b      	lsls	r3, r3, #21
20000838:	d40c      	bmi.n	20000854 <_hw_endpoint_buffer_control_update32+0x38>
2000083a:	4b08      	ldr	r3, [pc, #32]	; (2000085c <_hw_endpoint_buffer_control_update32+0x40>)
2000083c:	400b      	ands	r3, r1
2000083e:	6013      	str	r3, [r2, #0]
20000840:	4b07      	ldr	r3, [pc, #28]	; (20000860 <_hw_endpoint_buffer_control_update32+0x44>)
20000842:	6c1b      	ldr	r3, [r3, #64]	; 0x40
20000844:	079b      	lsls	r3, r3, #30
20000846:	d402      	bmi.n	2000084e <_hw_endpoint_buffer_control_update32+0x32>
20000848:	230c      	movs	r3, #12
2000084a:	3b03      	subs	r3, #3
2000084c:	d2fd      	bcs.n	2000084a <_hw_endpoint_buffer_control_update32+0x2e>
2000084e:	6883      	ldr	r3, [r0, #8]
20000850:	6019      	str	r1, [r3, #0]
20000852:	bd10      	pop	{r4, pc}
20000854:	7881      	ldrb	r1, [r0, #2]
20000856:	4803      	ldr	r0, [pc, #12]	; (20000864 <_hw_endpoint_buffer_control_update32+0x48>)
20000858:	f000 f97e 	bl	20000b58 <__panic_veneer>
2000085c:	fffffbff 	.word	0xfffffbff
20000860:	50110000 	.word	0x50110000
20000864:	100081b8 	.word	0x100081b8

20000868 <hw_endpoint_start_next_buffer>:
20000868:	b570      	push	{r4, r5, r6, lr}
2000086a:	0004      	movs	r4, r0
2000086c:	6843      	ldr	r3, [r0, #4]
2000086e:	681e      	ldr	r6, [r3, #0]
20000870:	2100      	movs	r1, #0
20000872:	f7ff ff15 	bl	200006a0 <prepare_ep_buffer>
20000876:	2580      	movs	r5, #128	; 0x80
20000878:	016d      	lsls	r5, r5, #5
2000087a:	4305      	orrs	r5, r0
2000087c:	4b19      	ldr	r3, [pc, #100]	; (200008e4 <hw_endpoint_start_next_buffer+0x7c>)
2000087e:	6c1b      	ldr	r3, [r3, #64]	; 0x40
20000880:	2202      	movs	r2, #2
20000882:	0011      	movs	r1, r2
20000884:	4019      	ands	r1, r3
20000886:	421a      	tst	r2, r3
20000888:	d102      	bne.n	20000890 <hw_endpoint_start_next_buffer+0x28>
2000088a:	78a3      	ldrb	r3, [r4, #2]
2000088c:	09db      	lsrs	r3, r3, #7
2000088e:	d006      	beq.n	2000089e <hw_endpoint_start_next_buffer+0x36>
20000890:	2900      	cmp	r1, #0
20000892:	d006      	beq.n	200008a2 <hw_endpoint_start_next_buffer+0x3a>
20000894:	78a3      	ldrb	r3, [r4, #2]
20000896:	065b      	lsls	r3, r3, #25
20000898:	d116      	bne.n	200008c8 <hw_endpoint_start_next_buffer+0x60>
2000089a:	2300      	movs	r3, #0
2000089c:	e002      	b.n	200008a4 <hw_endpoint_start_next_buffer+0x3c>
2000089e:	2301      	movs	r3, #1
200008a0:	e000      	b.n	200008a4 <hw_endpoint_start_next_buffer+0x3c>
200008a2:	2300      	movs	r3, #0
200008a4:	8aa2      	ldrh	r2, [r4, #20]
200008a6:	2a00      	cmp	r2, #0
200008a8:	d001      	beq.n	200008ae <hw_endpoint_start_next_buffer+0x46>
200008aa:	2b00      	cmp	r3, #0
200008ac:	d00e      	beq.n	200008cc <hw_endpoint_start_next_buffer+0x64>
200008ae:	4b0e      	ldr	r3, [pc, #56]	; (200008e8 <hw_endpoint_start_next_buffer+0x80>)
200008b0:	401e      	ands	r6, r3
200008b2:	2380      	movs	r3, #128	; 0x80
200008b4:	059b      	lsls	r3, r3, #22
200008b6:	4333      	orrs	r3, r6
200008b8:	6862      	ldr	r2, [r4, #4]
200008ba:	6013      	str	r3, [r2, #0]
200008bc:	002a      	movs	r2, r5
200008be:	2100      	movs	r1, #0
200008c0:	0020      	movs	r0, r4
200008c2:	f7ff ffab 	bl	2000081c <_hw_endpoint_buffer_control_update32>
200008c6:	bd70      	pop	{r4, r5, r6, pc}
200008c8:	2301      	movs	r3, #1
200008ca:	e7eb      	b.n	200008a4 <hw_endpoint_start_next_buffer+0x3c>
200008cc:	2101      	movs	r1, #1
200008ce:	0020      	movs	r0, r4
200008d0:	f7ff fee6 	bl	200006a0 <prepare_ep_buffer>
200008d4:	4305      	orrs	r5, r0
200008d6:	4b05      	ldr	r3, [pc, #20]	; (200008ec <hw_endpoint_start_next_buffer+0x84>)
200008d8:	401e      	ands	r6, r3
200008da:	23a0      	movs	r3, #160	; 0xa0
200008dc:	05db      	lsls	r3, r3, #23
200008de:	4333      	orrs	r3, r6
200008e0:	e7ea      	b.n	200008b8 <hw_endpoint_start_next_buffer+0x50>
200008e2:	46c0      	nop			; (mov r8, r8)
200008e4:	50110000 	.word	0x50110000
200008e8:	afffffff 	.word	0xafffffff
200008ec:	dfffffff 	.word	0xdfffffff

200008f0 <hw_endpoint_xfer_continue>:
200008f0:	b570      	push	{r4, r5, r6, lr}
200008f2:	0004      	movs	r4, r0
200008f4:	7e85      	ldrb	r5, [r0, #26]
200008f6:	2d00      	cmp	r5, #0
200008f8:	d006      	beq.n	20000908 <hw_endpoint_xfer_continue+0x18>
200008fa:	f7ff ff75 	bl	200007e8 <_hw_endpoint_xfer_sync>
200008fe:	8aa3      	ldrh	r3, [r4, #20]
20000900:	2b00      	cmp	r3, #0
20000902:	d105      	bne.n	20000910 <hw_endpoint_xfer_continue+0x20>
20000904:	0028      	movs	r0, r5
20000906:	bd70      	pop	{r4, r5, r6, pc}
20000908:	7881      	ldrb	r1, [r0, #2]
2000090a:	4808      	ldr	r0, [pc, #32]	; (2000092c <hw_endpoint_xfer_continue+0x3c>)
2000090c:	f000 f924 	bl	20000b58 <__panic_veneer>
20000910:	0020      	movs	r0, r4
20000912:	f7ff ff13 	bl	2000073c <e15_is_critical_frame_period>
20000916:	1e05      	subs	r5, r0, #0
20000918:	d003      	beq.n	20000922 <hw_endpoint_xfer_continue+0x32>
2000091a:	2301      	movs	r3, #1
2000091c:	7723      	strb	r3, [r4, #28]
2000091e:	2500      	movs	r5, #0
20000920:	e7f0      	b.n	20000904 <hw_endpoint_xfer_continue+0x14>
20000922:	0020      	movs	r0, r4
20000924:	f7ff ffa0 	bl	20000868 <hw_endpoint_start_next_buffer>
20000928:	e7ec      	b.n	20000904 <hw_endpoint_xfer_continue+0x14>
2000092a:	46c0      	nop			; (mov r8, r8)
2000092c:	100081d8 	.word	0x100081d8

20000930 <dcd_event_handler>:
20000930:	b570      	push	{r4, r5, r6, lr}
20000932:	b086      	sub	sp, #24
20000934:	0005      	movs	r5, r0
20000936:	000e      	movs	r6, r1
20000938:	7843      	ldrb	r3, [r0, #1]
2000093a:	2b06      	cmp	r3, #6
2000093c:	d812      	bhi.n	20000964 <dcd_event_handler+0x34>
2000093e:	009b      	lsls	r3, r3, #2
20000940:	4a76      	ldr	r2, [pc, #472]	; (20000b1c <dcd_event_handler+0x1ec>)
20000942:	58d3      	ldr	r3, [r2, r3]
20000944:	469f      	mov	pc, r3
20000946:	4b76      	ldr	r3, [pc, #472]	; (20000b20 <dcd_event_handler+0x1f0>)
20000948:	781a      	ldrb	r2, [r3, #0]
2000094a:	2101      	movs	r1, #1
2000094c:	438a      	bics	r2, r1
2000094e:	701a      	strb	r2, [r3, #0]
20000950:	781a      	ldrb	r2, [r3, #0]
20000952:	3101      	adds	r1, #1
20000954:	438a      	bics	r2, r1
20000956:	701a      	strb	r2, [r3, #0]
20000958:	2200      	movs	r2, #0
2000095a:	705a      	strb	r2, [r3, #1]
2000095c:	781a      	ldrb	r2, [r3, #0]
2000095e:	3102      	adds	r1, #2
20000960:	438a      	bics	r2, r1
20000962:	701a      	strb	r2, [r3, #0]
20000964:	4b6f      	ldr	r3, [pc, #444]	; (20000b24 <dcd_event_handler+0x1f4>)
20000966:	681c      	ldr	r4, [r3, #0]
20000968:	0021      	movs	r1, r4
2000096a:	3114      	adds	r1, #20
2000096c:	6962      	ldr	r2, [r4, #20]
2000096e:	f3ef 8010 	mrs	r0, PRIMASK
20000972:	b672      	cpsid	i
20000974:	6813      	ldr	r3, [r2, #0]
20000976:	2b00      	cmp	r3, #0
20000978:	d0fc      	beq.n	20000974 <dcd_event_handler+0x44>
2000097a:	f3bf 8f5f 	dmb	sy
2000097e:	6048      	str	r0, [r1, #4]
20000980:	0029      	movs	r1, r5
20000982:	0020      	movs	r0, r4
20000984:	f000 f918 	bl	20000bb8 <__tu_fifo_write_veneer>
20000988:	6962      	ldr	r2, [r4, #20]
2000098a:	69a3      	ldr	r3, [r4, #24]
2000098c:	f3bf 8f5f 	dmb	sy
20000990:	2100      	movs	r1, #0
20000992:	6011      	str	r1, [r2, #0]
20000994:	f383 8810 	msr	PRIMASK, r3
20000998:	2800      	cmp	r0, #0
2000099a:	d100      	bne.n	2000099e <dcd_event_handler+0x6e>
2000099c:	e0b6      	b.n	20000b0c <dcd_event_handler+0x1dc>
2000099e:	7869      	ldrb	r1, [r5, #1]
200009a0:	7828      	ldrb	r0, [r5, #0]
200009a2:	0032      	movs	r2, r6
200009a4:	f000 f900 	bl	20000ba8 <__tud_event_hook_cb_veneer>
200009a8:	b006      	add	sp, #24
200009aa:	bd70      	pop	{r4, r5, r6, pc}
200009ac:	4b5c      	ldr	r3, [pc, #368]	; (20000b20 <dcd_event_handler+0x1f0>)
200009ae:	781b      	ldrb	r3, [r3, #0]
200009b0:	07db      	lsls	r3, r3, #31
200009b2:	d5f9      	bpl.n	200009a8 <dcd_event_handler+0x78>
200009b4:	4a5a      	ldr	r2, [pc, #360]	; (20000b20 <dcd_event_handler+0x1f0>)
200009b6:	7813      	ldrb	r3, [r2, #0]
200009b8:	2104      	movs	r1, #4
200009ba:	430b      	orrs	r3, r1
200009bc:	7013      	strb	r3, [r2, #0]
200009be:	e7d1      	b.n	20000964 <dcd_event_handler+0x34>
200009c0:	4b57      	ldr	r3, [pc, #348]	; (20000b20 <dcd_event_handler+0x1f0>)
200009c2:	781b      	ldrb	r3, [r3, #0]
200009c4:	07db      	lsls	r3, r3, #31
200009c6:	d5ef      	bpl.n	200009a8 <dcd_event_handler+0x78>
200009c8:	4a55      	ldr	r2, [pc, #340]	; (20000b20 <dcd_event_handler+0x1f0>)
200009ca:	7813      	ldrb	r3, [r2, #0]
200009cc:	2104      	movs	r1, #4
200009ce:	438b      	bics	r3, r1
200009d0:	7013      	strb	r3, [r2, #0]
200009d2:	e7c7      	b.n	20000964 <dcd_event_handler+0x34>
200009d4:	1ad2      	subs	r2, r2, r3
200009d6:	0152      	lsls	r2, r2, #5
200009d8:	4b53      	ldr	r3, [pc, #332]	; (20000b28 <dcd_event_handler+0x1f8>)
200009da:	189b      	adds	r3, r3, r2
200009dc:	e00d      	b.n	200009fa <dcd_event_handler+0xca>
200009de:	3401      	adds	r4, #1
200009e0:	b2e4      	uxtb	r4, r4
200009e2:	4b52      	ldr	r3, [pc, #328]	; (20000b2c <dcd_event_handler+0x1fc>)
200009e4:	781b      	ldrb	r3, [r3, #0]
200009e6:	1c59      	adds	r1, r3, #1
200009e8:	0022      	movs	r2, r4
200009ea:	42a1      	cmp	r1, r4
200009ec:	db10      	blt.n	20000a10 <dcd_event_handler+0xe0>
200009ee:	42a3      	cmp	r3, r4
200009f0:	d9f0      	bls.n	200009d4 <dcd_event_handler+0xa4>
200009f2:	4b4f      	ldr	r3, [pc, #316]	; (20000b30 <dcd_event_handler+0x200>)
200009f4:	681b      	ldr	r3, [r3, #0]
200009f6:	0162      	lsls	r2, r4, #5
200009f8:	189b      	adds	r3, r3, r2
200009fa:	2b00      	cmp	r3, #0
200009fc:	d0ef      	beq.n	200009de <dcd_event_handler+0xae>
200009fe:	69db      	ldr	r3, [r3, #28]
20000a00:	2b00      	cmp	r3, #0
20000a02:	d0ec      	beq.n	200009de <dcd_event_handler+0xae>
20000a04:	7828      	ldrb	r0, [r5, #0]
20000a06:	6869      	ldr	r1, [r5, #4]
20000a08:	4798      	blx	r3
20000a0a:	e7e8      	b.n	200009de <dcd_event_handler+0xae>
20000a0c:	2400      	movs	r4, #0
20000a0e:	e7e8      	b.n	200009e2 <dcd_event_handler+0xb2>
20000a10:	4b43      	ldr	r3, [pc, #268]	; (20000b20 <dcd_event_handler+0x1f0>)
20000a12:	781b      	ldrb	r3, [r3, #0]
20000a14:	075b      	lsls	r3, r3, #29
20000a16:	d433      	bmi.n	20000a80 <dcd_event_handler+0x150>
20000a18:	4b41      	ldr	r3, [pc, #260]	; (20000b20 <dcd_event_handler+0x1f0>)
20000a1a:	78db      	ldrb	r3, [r3, #3]
20000a1c:	07db      	lsls	r3, r3, #31
20000a1e:	d5c3      	bpl.n	200009a8 <dcd_event_handler+0x78>
20000a20:	220c      	movs	r2, #12
20000a22:	2100      	movs	r1, #0
20000a24:	a803      	add	r0, sp, #12
20000a26:	f000 f8a7 	bl	20000b78 <____wrap_memset_veneer>
20000a2a:	782b      	ldrb	r3, [r5, #0]
20000a2c:	aa02      	add	r2, sp, #8
20000a2e:	7113      	strb	r3, [r2, #4]
20000a30:	2303      	movs	r3, #3
20000a32:	7153      	strb	r3, [r2, #5]
20000a34:	686b      	ldr	r3, [r5, #4]
20000a36:	9301      	str	r3, [sp, #4]
20000a38:	9304      	str	r3, [sp, #16]
20000a3a:	4b3a      	ldr	r3, [pc, #232]	; (20000b24 <dcd_event_handler+0x1f4>)
20000a3c:	681c      	ldr	r4, [r3, #0]
20000a3e:	0021      	movs	r1, r4
20000a40:	3114      	adds	r1, #20
20000a42:	6962      	ldr	r2, [r4, #20]
20000a44:	f3ef 8010 	mrs	r0, PRIMASK
20000a48:	b672      	cpsid	i
20000a4a:	6813      	ldr	r3, [r2, #0]
20000a4c:	2b00      	cmp	r3, #0
20000a4e:	d0fc      	beq.n	20000a4a <dcd_event_handler+0x11a>
20000a50:	f3bf 8f5f 	dmb	sy
20000a54:	6048      	str	r0, [r1, #4]
20000a56:	a903      	add	r1, sp, #12
20000a58:	0020      	movs	r0, r4
20000a5a:	f000 f8ad 	bl	20000bb8 <__tu_fifo_write_veneer>
20000a5e:	6962      	ldr	r2, [r4, #20]
20000a60:	69a3      	ldr	r3, [r4, #24]
20000a62:	f3bf 8f5f 	dmb	sy
20000a66:	2100      	movs	r1, #0
20000a68:	6011      	str	r1, [r2, #0]
20000a6a:	f383 8810 	msr	PRIMASK, r3
20000a6e:	2800      	cmp	r0, #0
20000a70:	d03f      	beq.n	20000af2 <dcd_event_handler+0x1c2>
20000a72:	ab03      	add	r3, sp, #12
20000a74:	7859      	ldrb	r1, [r3, #1]
20000a76:	7818      	ldrb	r0, [r3, #0]
20000a78:	0032      	movs	r2, r6
20000a7a:	f000 f895 	bl	20000ba8 <__tud_event_hook_cb_veneer>
20000a7e:	e793      	b.n	200009a8 <dcd_event_handler+0x78>
20000a80:	4a27      	ldr	r2, [pc, #156]	; (20000b20 <dcd_event_handler+0x1f0>)
20000a82:	7813      	ldrb	r3, [r2, #0]
20000a84:	2104      	movs	r1, #4
20000a86:	438b      	bics	r3, r1
20000a88:	7013      	strb	r3, [r2, #0]
20000a8a:	220c      	movs	r2, #12
20000a8c:	2100      	movs	r1, #0
20000a8e:	a803      	add	r0, sp, #12
20000a90:	f000 f872 	bl	20000b78 <____wrap_memset_veneer>
20000a94:	782b      	ldrb	r3, [r5, #0]
20000a96:	aa02      	add	r2, sp, #8
20000a98:	7113      	strb	r3, [r2, #4]
20000a9a:	2305      	movs	r3, #5
20000a9c:	7153      	strb	r3, [r2, #5]
20000a9e:	4b21      	ldr	r3, [pc, #132]	; (20000b24 <dcd_event_handler+0x1f4>)
20000aa0:	681c      	ldr	r4, [r3, #0]
20000aa2:	0021      	movs	r1, r4
20000aa4:	3114      	adds	r1, #20
20000aa6:	6962      	ldr	r2, [r4, #20]
20000aa8:	f3ef 8010 	mrs	r0, PRIMASK
20000aac:	b672      	cpsid	i
20000aae:	6813      	ldr	r3, [r2, #0]
20000ab0:	2b00      	cmp	r3, #0
20000ab2:	d0fc      	beq.n	20000aae <dcd_event_handler+0x17e>
20000ab4:	f3bf 8f5f 	dmb	sy
20000ab8:	6048      	str	r0, [r1, #4]
20000aba:	a903      	add	r1, sp, #12
20000abc:	0020      	movs	r0, r4
20000abe:	f000 f87b 	bl	20000bb8 <__tu_fifo_write_veneer>
20000ac2:	6962      	ldr	r2, [r4, #20]
20000ac4:	69a3      	ldr	r3, [r4, #24]
20000ac6:	f3bf 8f5f 	dmb	sy
20000aca:	2100      	movs	r1, #0
20000acc:	6011      	str	r1, [r2, #0]
20000ace:	f383 8810 	msr	PRIMASK, r3
20000ad2:	2800      	cmp	r0, #0
20000ad4:	d006      	beq.n	20000ae4 <dcd_event_handler+0x1b4>
20000ad6:	ab03      	add	r3, sp, #12
20000ad8:	7859      	ldrb	r1, [r3, #1]
20000ada:	7818      	ldrb	r0, [r3, #0]
20000adc:	0032      	movs	r2, r6
20000ade:	f000 f863 	bl	20000ba8 <__tud_event_hook_cb_veneer>
20000ae2:	e799      	b.n	20000a18 <dcd_event_handler+0xe8>
20000ae4:	22ad      	movs	r2, #173	; 0xad
20000ae6:	0052      	lsls	r2, r2, #1
20000ae8:	4912      	ldr	r1, [pc, #72]	; (20000b34 <dcd_event_handler+0x204>)
20000aea:	4813      	ldr	r0, [pc, #76]	; (20000b38 <dcd_event_handler+0x208>)
20000aec:	f000 f82c 	bl	20000b48 <____wrap_printf_veneer>
20000af0:	e792      	b.n	20000a18 <dcd_event_handler+0xe8>
20000af2:	22ad      	movs	r2, #173	; 0xad
20000af4:	0052      	lsls	r2, r2, #1
20000af6:	490f      	ldr	r1, [pc, #60]	; (20000b34 <dcd_event_handler+0x204>)
20000af8:	480f      	ldr	r0, [pc, #60]	; (20000b38 <dcd_event_handler+0x208>)
20000afa:	f000 f825 	bl	20000b48 <____wrap_printf_veneer>
20000afe:	e753      	b.n	200009a8 <dcd_event_handler+0x78>
20000b00:	4a0e      	ldr	r2, [pc, #56]	; (20000b3c <dcd_event_handler+0x20c>)
20000b02:	7813      	ldrb	r3, [r2, #0]
20000b04:	3301      	adds	r3, #1
20000b06:	b2db      	uxtb	r3, r3
20000b08:	7013      	strb	r3, [r2, #0]
20000b0a:	e72b      	b.n	20000964 <dcd_event_handler+0x34>
20000b0c:	22ad      	movs	r2, #173	; 0xad
20000b0e:	0052      	lsls	r2, r2, #1
20000b10:	4908      	ldr	r1, [pc, #32]	; (20000b34 <dcd_event_handler+0x204>)
20000b12:	4809      	ldr	r0, [pc, #36]	; (20000b38 <dcd_event_handler+0x208>)
20000b14:	f000 f818 	bl	20000b48 <____wrap_printf_veneer>
20000b18:	e746      	b.n	200009a8 <dcd_event_handler+0x78>
20000b1a:	46c0      	nop			; (mov r8, r8)
20000b1c:	100082a0 	.word	0x100082a0
20000b20:	200011a8 	.word	0x200011a8
20000b24:	20001200 	.word	0x20001200
20000b28:	100083bc 	.word	0x100083bc
20000b2c:	20001d7c 	.word	0x20001d7c
20000b30:	20000e7c 	.word	0x20000e7c
20000b34:	10008384 	.word	0x10008384
20000b38:	10008248 	.word	0x10008248
20000b3c:	20001d7e 	.word	0x20001d7e

20000b40 <__aeabi_idiv0>:
20000b40:	4770      	bx	lr
20000b42:	46c0      	nop			; (mov r8, r8)
20000b44:	0000      	movs	r0, r0
	...

20000b48 <____wrap_printf_veneer>:
20000b48:	b401      	push	{r0}
20000b4a:	4802      	ldr	r0, [pc, #8]	; (20000b54 <____wrap_printf_veneer+0xc>)
20000b4c:	4684      	mov	ip, r0
20000b4e:	bc01      	pop	{r0}
20000b50:	4760      	bx	ip
20000b52:	bf00      	nop
20000b54:	10004061 	.word	0x10004061

20000b58 <__panic_veneer>:
20000b58:	b401      	push	{r0}
20000b5a:	4802      	ldr	r0, [pc, #8]	; (20000b64 <__panic_veneer+0xc>)
20000b5c:	4684      	mov	ip, r0
20000b5e:	bc01      	pop	{r0}
20000b60:	4760      	bx	ip
20000b62:	bf00      	nop
20000b64:	10000605 	.word	0x10000605

20000b68 <____assert_func_veneer>:
20000b68:	b401      	push	{r0}
20000b6a:	4802      	ldr	r0, [pc, #8]	; (20000b74 <____assert_func_veneer+0xc>)
20000b6c:	4684      	mov	ip, r0
20000b6e:	bc01      	pop	{r0}
20000b70:	4760      	bx	ip
20000b72:	bf00      	nop
20000b74:	10003d7d 	.word	0x10003d7d

20000b78 <____wrap_memset_veneer>:
20000b78:	b401      	push	{r0}
20000b7a:	4802      	ldr	r0, [pc, #8]	; (20000b84 <____wrap_memset_veneer+0xc>)
20000b7c:	4684      	mov	ip, r0
20000b7e:	bc01      	pop	{r0}
20000b80:	4760      	bx	ip
20000b82:	bf00      	nop
20000b84:	10002be9 	.word	0x10002be9

20000b88 <__unaligned_memcpy_veneer>:
20000b88:	b401      	push	{r0}
20000b8a:	4802      	ldr	r0, [pc, #8]	; (20000b94 <__unaligned_memcpy_veneer+0xc>)
20000b8c:	4684      	mov	ip, r0
20000b8e:	bc01      	pop	{r0}
20000b90:	4760      	bx	ip
20000b92:	bf00      	nop
20000b94:	10004c81 	.word	0x10004c81

20000b98 <__best_effort_wfe_or_timeout_veneer>:
20000b98:	b401      	push	{r0}
20000b9a:	4802      	ldr	r0, [pc, #8]	; (20000ba4 <__best_effort_wfe_or_timeout_veneer+0xc>)
20000b9c:	4684      	mov	ip, r0
20000b9e:	bc01      	pop	{r0}
20000ba0:	4760      	bx	ip
20000ba2:	bf00      	nop
20000ba4:	100014fd 	.word	0x100014fd

20000ba8 <__tud_event_hook_cb_veneer>:
20000ba8:	b401      	push	{r0}
20000baa:	4802      	ldr	r0, [pc, #8]	; (20000bb4 <__tud_event_hook_cb_veneer+0xc>)
20000bac:	4684      	mov	ip, r0
20000bae:	bc01      	pop	{r0}
20000bb0:	4760      	bx	ip
20000bb2:	bf00      	nop
20000bb4:	10004f81 	.word	0x10004f81

20000bb8 <__tu_fifo_write_veneer>:
20000bb8:	b401      	push	{r0}
20000bba:	4802      	ldr	r0, [pc, #8]	; (20000bc4 <__tu_fifo_write_veneer+0xc>)
20000bbc:	4684      	mov	ip, r0
20000bbe:	bc01      	pop	{r0}
20000bc0:	4760      	bx	ip
20000bc2:	bf00      	nop
20000bc4:	10006c6d 	.word	0x10006c6d

20000bc8 <____wrap___aeabi_lmul_veneer>:
20000bc8:	b401      	push	{r0}
20000bca:	4802      	ldr	r0, [pc, #8]	; (20000bd4 <____wrap___aeabi_lmul_veneer+0xc>)
20000bcc:	4684      	mov	ip, r0
20000bce:	bc01      	pop	{r0}
20000bd0:	4760      	bx	ip
20000bd2:	bf00      	nop
20000bd4:	10002a75 	.word	0x10002a75

20000bd8 <__time_us_64_veneer>:
20000bd8:	b401      	push	{r0}
20000bda:	4802      	ldr	r0, [pc, #8]	; (20000be4 <__time_us_64_veneer+0xc>)
20000bdc:	4684      	mov	ip, r0
20000bde:	bc01      	pop	{r0}
20000be0:	4760      	bx	ip
20000be2:	bf00      	nop
20000be4:	1000168d 	.word	0x1000168d

20000be8 <__rp2040_chip_version_veneer>:
20000be8:	b401      	push	{r0}
20000bea:	4802      	ldr	r0, [pc, #8]	; (20000bf4 <__rp2040_chip_version_veneer+0xc>)
20000bec:	4684      	mov	ip, r0
20000bee:	bc01      	pop	{r0}
20000bf0:	4760      	bx	ip
20000bf2:	bf00      	nop
20000bf4:	100005b9 	.word	0x100005b9

20000bf8 <striped_spin_lock_num>:
20000bf8:	00000010                                ....

20000bfc <irq_handler_chain_slots>:
20000bfc:	00000000 	.word	0x00000000
20000c00:	00010000 	.word	0x00010000
	...
20000c0c:	00020000 	.word	0x00020000
	...
20000c18:	00030000 	.word	0x00030000
	...
20000c24:	00ff0000 	.word	0x00ff0000
20000c28:	00000000 	.word	0x00000000

20000c2c <irq_handler_chain_first_slot>:
20000c2c:	b501      	push	{r0, lr}
20000c2e:	6848      	ldr	r0, [r1, #4]
20000c30:	3101      	adds	r1, #1
20000c32:	468e      	mov	lr, r1
20000c34:	4700      	bx	r0

20000c36 <irq_handler_chain_remove_tail>:
20000c36:	4670      	mov	r0, lr
20000c38:	3809      	subs	r0, #9
20000c3a:	4901      	ldr	r1, [pc, #4]	; (20000c40 <irq_handler_chain_remove_tail+0xa>)
20000c3c:	4788      	blx	r1
20000c3e:	bd01      	pop	{r0, pc}
20000c40:	10000ce1 	.word	0x10000ce1

20000c44 <default_alarm_pool>:
	...
20000c58:	20000cd8 00000000                       ... ....

20000c60 <aeabi_bits_funcs>:
20000c60:	00003350 	.word	0x00003350
20000c64:	0000334c 	.word	0x0000334c
20000c68:	00003354 	.word	0x00003354
20000c6c:	00003352 	.word	0x00003352

20000c70 <aeabi_bits_funcs_end>:
20000c70:	0000534d 	.word	0x0000534d
20000c74:	0000434d 	.word	0x0000434d
20000c78:	00003453 	.word	0x00003453
20000c7c:	00003443 	.word	0x00003443

20000c80 <stdio_uart>:
20000c80:	10004079 10004195 100040ed 100041a5     y@...A...@...A..
20000c90:	00000000 00000100                       ........

20000c98 <stdio_usb>:
20000c98:	1000470d 100043d5 10004675 100043c1     .G...C..uF...C..
20000ca8:	00000000 00000100                       ........

20000cb0 <_usbd_qdef>:
20000cb0:	20001204 000c0010 00000000 00000000     ... ............
	...

20000ccc <_usbd_rhport>:
20000ccc:	000000ff                                ....

20000cd0 <print_mutex>:
	...
