Seg,mV
0.0798521,0.030243381399252308
0.07990766,0.030334935530632486
0.10282946,0.030380712596322575
0.10286403,0.030472266727702754
0.10482621,0.030548561837186235
0.10487056,0.030579079880979628
0.11280775,0.03065537499046311
0.11283493,0.037125200274662394
0.12682748,0.03350881208514534
0.12686014,0.019882505531395436
0.14083219,0.03364614328221561
0.14086413,0.03765926604104677
0.14088941,0.02153047989623865
0.14981437,0.030045014114595255
0.14984131,0.03749141680018311
0.15781808,0.020996414129854278
0.15784454,0.02681010147249561
0.15982914,0.041336690318150605
0.17299032,0.026047150377660793
0.17304707,0.022674906538490882
0.18683815,0.03927672236209659
0.18689275,0.03091477836270695
0.20784473,0.022400244144350347
0.20790601,0.03822384985122454
0.20794058,0.034485389486533916
0.20981503,0.020706492713817044
0.20985293,0.03616388189517052
0.21786523,0.03904783703364614
0.21791506,0.02328526741435874
0.22683167,0.03341725795376516
0.22688937,0.042633707179369804
0.24083638,0.02618448157473106
0.24090958,0.030121309224078737
0.25486946,0.04235904478522927
0.25494313,0.02784771496147097
0.26783729,0.026382848859388113
0.26789713,0.04361028458075837
0.26793861,0.033783474479285876
0.27280402,0.024658579385061417
0.27285361,0.03994811932555123
0.28686118,0.035660334172579536
0.28690958,0.02140840772106508
0.29585695,0.03561455710688945
0.29591513,0.03851377126726177
0.3198576,0.021606775005722133
0.31992865,0.03108262760357061
0.31997156,0.03918516823071641
0.32001114,0.02197299153124285
0.32685757,0.02554360265506981
0.32691169,0.03926146334019989
0.33184505,0.025070572976272222
0.34585261,0.02238498512245365
0.34592366,0.03765926604104677
0.3508811,0.028336003662165255
0.3509376,0.019546807049668116
0.3748529,0.037247272449835965
0.37490916,0.03521782253757534
0.37494373,0.018524452582589456
0.37499118,0.031570916304264895
0.38685942,0.03715571831845579
0.38692069,0.019806210421911954
0.40086794,0.028595407034409093
0.4009521,0.03851377126726177
0.40101457,0.021683070115205615
0.40292168,0.02545204852368963
0.40296793,0.03981078812848096
0.42683983,0.02583352407110704
0.42687535,0.02323949034866865
0.43280339,0.0396429388876173
0.43282914,0.03022812237735561
0.44483399,0.020965896086060882
0.44486666,0.03756771190966659
0.4508276,0.03466849774929427
0.45085382,0.018371862363622492
0.45982766,0.031662470435645074
0.45987129,0.03585870145723659
0.46580577,0.020477607385366598
0.47981262,0.030334935530632486
0.50385261,0.039124132143129625
0.50392699,0.022629129472800793
0.50397205,0.02597085526817731
0.50401497,0.03993286030365453
0.50405574,0.026001373311970704
0.52683449,0.023636224917982757
0.5268681,0.04036011291676204
0.52689219,0.02920576791027695
0.52691483,0.018570229648279545
0.52693796,0.035828183413443196
0.52696085,0.033661402304112305
0.54682946,0.01991302357518883
0.54689789,0.03439383535515374
0.56082702,0.03788815136949721
0.56089044,0.02111848630502785
0.56092739,0.02887006942854963
0.56983399,0.03920042725261311
0.56987095,0.022003509575036242
0.56990194,0.02481116960402838
0.58585334,0.0400854505226215
0.58593583,0.026321812771801328
0.59885263,0.02316319523918517
0.59894156,0.04097047379262989
0.59899712,0.031097886625467308
0.61588693,0.021377889677271687
0.61596394,0.03920042725261311
0.62783694,0.036240177004654005
0.62789226,0.0208896009765774
0.62986708,0.03521782253757534
0.62996149,0.0383916990920882
0.63787365,0.021759365224689096
0.63793492,0.03176928358892195
0.65182662,0.041382467383840695
0.65188742,0.025345235370412757
0.6658504,0.027924010070954453
0.66593266,0.039673456931410694
0.67503333,0.024673838406958113
0.68789554,0.022964827954528116
0.68796492,0.040207522697795074
0.68801737,0.02920576791027695
0.6880672,0.01812771801327535
0.69487643,0.03518730449378195
0.69493532,0.034195468070496685
0.708956,0.020004577706569007
0.70901847,0.033829251544975965
0.71487641,0.03730830853742275
0.71493244,0.020523384451056687
0.73790646,0.030731670099946592
0.73797464,0.03944457160296025
0.74086332,0.020630197604333562
0.74790573,0.02392614633401999
0.74796081,0.03942931258106355
0.74990869,0.025391012436102846
0.7499845,0.022354467078660258
0.76286626,0.041992828259708556
0.76293349,0.036285954070344094
0.77184486,0.029068436713206684
0.77188563,0.04660105287251087
0.79583406,0.04312199588006409
0.79586816,0.024338139925230793
0.80083728,0.03302052338445106
0.80088639,0.03401235980773632
0.80092144,0.017792019531548027
0.8068037,0.02661173418783856
0.82187462,0.03801022354467078
0.82192564,0.022507057297627222
0.82681108,0.025467307545586328
0.82685924,0.040451667048142216
0.84085226,0.025879301136797133
0.84091234,0.021301594567788205
0.85493851,0.039124132143129625
0.85504818,0.0311284046692607
0.86282229,0.02050812542915999
0.86289167,0.036530098420691236
0.86293507,0.035156786449988556
0.86297607,0.022415503166247044
0.87682199,0.03418020904859999
0.88581944,0.03637750820172427
0.88588071,0.019836728465705347
0.89984536,0.029877164873731595
0.89992523,0.039749752040894176
0.89996552,0.02333104448004883
0.92284727,0.026153963530937668
0.93183756,0.04130617227435721
0.93191934,0.027908751049057757
0.93197465,0.024109254596780347
0.93202615,0.041260395208667124
0.94085836,0.032608529793240255
0.94986153,0.022842755779354542
0.94992638,0.039917601281757836
0.96285439,0.03781185626001373
0.96292782,0.021927214465552756
0.97690296,0.03656061646448463
0.97704864,0.04113832303349355
0.99099016,0.02406347753109026
0.99112344,0.032654306858930345
0.99115825,0.043472953383688104
0.99119687,0.02677958342870222
1.01485109,0.0285648889906157
1.01493764,0.04365606164644846
1.01499391,0.030930037384603648
1.01503587,0.026428625925078202
1.01507664,0.042206454566262305
1.01690817,0.0324101625085832
1.01699996,0.02119478141451133
1.03485966,0.03765926604104677
1.03491664,0.03596551461051346
1.04885864,0.020080872816052493
1.04892182,0.03314259555962463
1.0568831,0.03694209201190204
1.05695319,0.01982146944380865
1.06284857,0.028747997253376057
1.06291127,0.03944457160296025
1.06482315,0.02328526741435874
1.0788548,0.02504005493247883
1.07891321,0.03932249942778668
1.08284044,0.02613870450904097
1.08290863,0.0208896009765774
1.10688877,0.03759822995345998
1.10695529,0.029877164873731595
1.10699868,0.020065613794155796
1.10703921,0.03613336385137713
1.11700726,0.034363317311360345
1.11710262,0.01846341649500267
1.1308701,0.03189135576409552
1.13094783,0.037918669413290605
1.13099575,0.021087968261234456
1.14582157,0.02917524986648356
1.14585304,0.03913939116502632
1.16989088,0.022583352407110704
1.16997337,0.024933241779201955
1.17002654,0.03930724040588998
1.17007637,0.026367589837491417
1.17181015,0.021759365224689096
1.17184234,0.038910505836575876
1.18586183,0.03108262760357061
1.18591714,0.02102693217364767
1.19486284,0.0366826886396582
1.19492555,0.0354009308003357
1.21288514,0.021515220874341955
1.2129643,0.032227054245822846
1.22687149,0.03521782253757534
1.2269423,0.020279240100709545
1.23287272,0.0298619058518349
1.23292899,0.04005493247882811
1.23986101,0.023422598611429007
1.23990893,0.024246585793850615
1.2478826,0.039719233997100784
1.24795508,0.027237354085603113
1.26189685,0.022354467078660258
1.26196313,0.03938353551537346
1.27086759,0.031403067063401235
1.28489947,0.01991302357518883
1.2849865,0.03605706874189364
1.30886531,0.03422598611429008
1.30891871,0.01910429541466392
1.308954,0.03295948729686427
1.30898666,0.0383764400701915
1.32186246,0.020996414129854278
1.3219347,0.028625925078202486
1.33086181,0.039337758449683374
1.33091903,0.023529411764705882
1.34184575,0.025696192874036773
1.34190035,0.041260395208667124
1.34194136,0.028458075837338826
1.34983063,0.023437857633325704
1.34988642,0.03993286030365453
1.37288094,0.031830319676508734
1.37294269,0.02191195544365606
1.37485957,0.03781185626001373
1.37490702,0.03671320668345159
1.37494755,0.021637293049515526
1.37498832,0.03523308155947204
1.38488054,0.04043640802624552
1.38492441,0.022659647516594186
1.39786577,0.03088426031891356
1.39792252,0.041504539559014265
1.39982796,0.024628061341268024
1.42297411,0.026703288319218737
1.42303443,0.04132143129625391
1.42307782,0.02696269169146258
1.42312479,0.021637293049515526
1.43287253,0.04046692607003891
1.43292308,0.03100633249408713
1.4378736,0.018356603341725796
1.43793011,0.03488212405584802
1.45189047,0.035202563515678645
1.45195508,0.01948577096208133
1.45782351,0.03230334935530633
1.45785069,0.03749141680018311
1.46689892,0.021087968261234456
1.48582006,0.02917524986648356
1.48585081,0.03939879453727016
1.48587608,0.02276646066987106
1.48590088,0.024002441443503473
1.49579644,0.03935301747158007
1.50982594,0.0290074006256199
1.50989199,0.0264438849469749
1.50993538,0.04419012741283284
1.50997734,0.039459830624856945
1.52484059,0.030426489662012664
1.5249002,0.04522774090180819
1.52494359,0.04065003433279927
1.54984021,0.01974517433432517
1.54992151,0.02929732204165713
1.54997826,0.03590447852292668
1.55003047,0.019974059662775615
1.56587815,0.02818341344319829
1.56599522,0.03987182421606775
1.57088876,0.02423132677195392
1.57095194,0.025436789501792935
1.58484578,0.041382467383840695
1.58491182,0.02806134126802472
1.59794593,0.022125581750209813
1.59802175,0.03942931258106355
1.61186934,0.03204394598306248
1.61193013,0.021393148699168384
1.61197448,0.03781185626001373
1.63583732,0.035996032654306856
1.63593173,0.020813305867093918
1.64289784,0.03451590753032731
1.64295459,0.039749752040894176
1.64299726,0.022186617837796598
1.6430366,0.029831387808041506
1.65687251,0.04312199588006409
1.65693212,0.02699320973525597
1.67087173,0.027100022888532846
1.67093134,0.04132143129625391
1.67097735,0.02946517128252079
1.68483686,0.02349889372091249
1.6848855,0.04089417868314641
1.69812679,0.03546196688792248
1.69820166,0.024582284275577935
1.7038548,0.03947508964675364
1.70391035,0.03851377126726177
1.71788478,0.02392614633401999
1.71794009,0.03788815136949721
1.72086096,0.04415960936903945
1.72090697,0.026260776684214542
1.73089576,0.0332646677347982
1.7309525,0.0447699702449073
1.73099566,0.028976882581826506
1.75289917,0.029770351720454717
1.7529583,0.044373235675593196
1.75484514,0.03158617532616159
1.75489044,0.025528343633173113
1.76287174,0.04165712977798123
1.76291823,0.03442435339894713
1.77083158,0.02328526741435874
1.77087092,0.03863584344243534
1.78680992,0.03692683299000534
1.78683901,0.02059967956054017
1.78686285,0.0328374151216907
1.78688622,0.03955138475623712
1.80180717,0.02255283436331731
1.81580162,0.029526207370107575
1.82980251,0.04026855878538186
1.82985115,0.02299534599832151
1.83179021,0.023819333180743113
1.83184981,0.04025329976348516
1.83980608,0.028809033340962846
1.83985567,0.023270008392462044
1.84783483,0.03942931258106355
1.84788322,0.031403067063401235
1.86183214,0.021149004348821242
1.86192822,0.037918669413290605
1.88392663,0.03683527885862516
1.88591075,0.02029449912260624
1.88598871,0.03204394598306248
1.88604426,0.03920042725261311
1.88609457,0.023468375677119097
1.8958528,0.030746929121843288
1.89591432,0.04115358205539025
1.90987015,0.024658579385061417
1.90992475,0.0260166323338674
1.91786456,0.041214618142977034
1.91792083,0.029358358129243915
1.94188547,0.02357518883039597
1.94197345,0.04040588998245213
1.94203258,0.03492790112153811
1.9568584,0.021774624246585793
1.95692968,0.03555352101930266
1.96783543,0.035919737544823374
1.96788955,0.02107270923933776
1.96792722,0.03334096284428168
1.96796083,0.03987182421606775
1.9918654,0.02299534599832151
1.99192572,0.029785610742351417
1.99196076,0.04113832303349355
1.99201274,0.025879301136797133
1.9948175,0.027313649195086595
1.9948647,0.04290836957351034
2.01812339,0.029526207370107575
2.01818299,0.022537575341420615
2.01822519,0.040115968566414896
2.02287793,0.03321889066910811
2.0229373,0.020920119020370793
2.02984095,0.03656061646448463
2.02989435,0.03643854428931106
2.04283118,0.02191195544365606
2.04291058,0.034699015793087665
2.05087924,0.04046692607003891
2.05093455,0.022613870450904097
2.07585454,0.029053177691309988
2.07591772,0.04106202792401007
2.07597804,0.02542153047989624
2.07604194,0.02725261310749981
2.07610416,0.04174868390936141
2.0908258,0.029144731822690166
2.0908618,0.02409399557488365
2.09088707,0.04158083466849775
2.09091139,0.03479056992446784
2.1058557,0.023529411764705882
2.10591745,0.03949034866865034
2.11982155,0.03955138475623712
2.11984897,0.023346303501945526
2.13289332,0.03569085221637293
2.13295341,0.042038605325398645
2.13299584,0.024490730144197757
2.14684081,0.031326771953917754
2.14686751,0.04406805523765927
2.14689112,0.028625925078202486
2.14691401,0.02810711833371481
2.16183352,0.04122987716487373
2.17583871,0.02839703974975204
2.17589426,0.022110322728313116
2.17593622,0.039841306172274354
2.18981075,0.03381399252307927
2.18983698,0.021316853589684902
2.20280385,0.036789501792935074
2.20282912,0.03773556115053025
2.20484018,0.022796978713664453
2.20492268,0.034271763179980166
2.21789742,0.039337758449683374
2.21797013,0.023270008392462044
2.22686505,0.029312581063553826
2.226928,0.04226749065384909
2.25084496,0.02545204852368963
2.25092435,0.025436789501792935
2.2509799,0.039917601281757836
2.25103974,0.029968719005111773
2.26085711,0.026047150377660793
2.26093173,0.04422064545662623
2.2609868,0.041336690318150605
2.27286339,0.033401998931868467
2.27293634,0.04748607614251926
2.28684878,0.042969405661097124
2.28691101,0.022827496757457846
2.31129456,0.03129625391012436
2.31135297,0.036285954070344094
2.31139803,0.020416571297779813
2.31143904,0.028458075837338826
2.31289124,0.041840238040741586
2.31292796,0.026932173647669186
2.32786179,0.02606240939955749
2.32790828,0.04170290684367132
2.33288193,0.03044174868390936
2.34739017,0.024338139925230793
2.34754443,0.041290913252460516
2.36097717,0.035156786449988556
2.36104774,0.022735942626077667
2.38497925,0.03836118104829481
2.3850472,0.03926146334019989
2.38508463,0.023224231326771955
2.38511896,0.034699015793087665
2.41012383,0.04089417868314641
2.41022325,0.023895628290226595
2.41030025,0.030716411078049895
2.41036987,0.042999923704890516
2.41043758,0.027908751049057757
2.4180038,0.0285648889906157
2.41807008,0.04495307850766766
2.43285823,0.031204699778744183
2.43291736,0.02357518883039597
2.43682623,0.042298008697642483
2.43686342,0.037369344625009536
2.44584966,0.025192645151445793
2.44591308,0.041596093690394444
2.44596338,0.04165712977798123
2.44601226,0.025909819180590526
2.4608326,0.03836118104829481
2.46086669,0.04516670481422141
2.46089458,0.027924010070954453
2.4858191,0.034576943617914094
2.48584938,0.047302967879758906
2.48587418,0.03193713282978561
2.49584079,0.03100633249408713
2.49590158,0.04789806973373007
2.50483727,0.035996032654306856
2.50490689,0.027237354085603113
2.51782584,0.04290836957351034
2.51789331,0.03887998779278248
2.52380562,0.0243076218814374
2.52390313,0.03952086671244373
2.54782772,0.04194705119401846
2.54981303,0.02362096589608606
2.54987574,0.03418020904859999
2.54991174,0.04141298542763409
2.54994512,0.025070572976272222
2.56482291,0.03131151293202106
2.56489563,0.042999923704890516
2.57184148,0.028137636377508202
2.57192612,0.027054245822842757
2.58281469,0.04170290684367132
2.58286834,0.03175402456702525
2.59585786,0.024536507209887846
2.59592652,0.04161135271229114
2.61027718,0.03646906233310445
2.61783266,0.02307164110780499
2.61789441,0.03706416418707561
2.62281322,0.03910887312123293
2.62286115,0.02423132677195392
2.62981701,0.03614862287327383
2.62986493,0.042969405661097124
2.64286208,0.025879301136797133
2.64292336,0.03015182726787213
2.65283418,0.0439154650186923
2.65288472,0.029266803997863737
2.66584468,0.027817196917677575
2.66589665,0.043884946974898906
2.67095613,0.033203631647211414
2.68485832,0.02545204852368963
2.68491912,0.04068055237659266
2.68496513,0.0371099412527657
2.68500757,0.023941405355916687
2.69487548,0.03894102388036927
2.69494629,0.04036011291676204
2.70287371,0.0243076218814374
2.70301342,0.035248340581368734
2.72692537,0.04274052033264668
2.72700214,0.025055313954375526
2.73189068,0.030975814450293737
2.73196244,0.04385442893110551
2.73201752,0.028259708552681773
2.7408607,0.027100022888532846
2.74091983,0.042710002288853285
2.76594377,0.032944228274967575
2.76601553,0.02542153047989624
2.76607203,0.041382467383840695
2.76612329,0.036041809719996945
2.77587461,0.02276646066987106
2.77594543,0.038574807354848556
2.79088926,0.040009155413138014
2.79096532,0.023468375677119097
2.80291915,0.0341039139391165
2.8029809,0.04248111696040284
2.8030262,0.02476539253833829
2.80583096,0.029907682917524988
2.80587339,0.04353398947127489
2.82784867,0.029266803997863737
2.82986879,0.027679865720607308
2.82993293,0.044083314259555965
2.85286546,0.03317311360341802
2.85293269,0.02528419928282597
2.85482764,0.04310673685816739
2.85488844,0.03743038071259632
2.86286926,0.02401770046540017
2.86293364,0.03949034866865034
2.86788774,0.041092545967803464
2.86794877,0.024582284275577935
2.87484884,0.03535515373464561
2.88487363,0.04339665827420462
2.88495135,0.026886396581979097
2.90794611,0.030594338902876324
2.90804791,0.042298008697642483
2.90982819,0.0277103837644007
2.90989375,0.02656595712214847
2.92287469,0.042832074464026856
2.92295504,0.03187609674219882
2.92486668,0.022781719691767757
2.92494488,0.04084840161745632
2.93101025,0.03663691157396811
2.94483399,0.02243076218814374
2.94489503,0.03601129167620355
2.95081186,0.03671320668345159
2.95086193,0.02169832913710231
2.97487831,0.03335622186617838
2.97494936,0.041458762493324176
2.97498703,0.02383459220263981
2.97502089,0.02754253452353704
2.98283195,0.042801556420233464
2.98288727,0.029724574654764628
2.99629378,0.028931105516136417
2.99636197,0.047058823529411764
2.99640012,0.040009155413138014
3.01087093,0.0349736781872282
3.0109334,0.04957656214236667
3.02487922,0.03831540398260472
3.02494359,0.01924162661173419
3.03788161,0.032730601968413826
3.03794599,0.03512626840619516
3.04085875,0.02059967956054017
3.04091287,0.032990005340657665
3.04789114,0.0417792019531548
3.04794383,0.024750133516441595
3.06187272,0.029282063019760433
3.06192398,0.042420080872816054
3.06196499,0.028412298771648737
3.08690095,0.02661173418783856
3.08696151,0.04368657969024185
3.08700371,0.03309681849393454
3.08704352,0.023437857633325704
3.09683251,0.0400854505226215
3.09687328,0.03665217059586481
3.10684156,0.02285801480125124
3.10689473,0.037293049515526054
3.11980581,0.03999389639124132
3.11983085,0.023437857633325704
3.12486887,0.0336919203479057
3.12491465,0.04339665827420462
3.13784027,0.026825360494392308
3.16281319,0.03164721141374838
3.16284156,0.0439002059967956
3.16680574,0.029221026932173648
3.16683555,0.027603570611123826
3.16685987,0.044510566872663464
3.16688275,0.03356984817273213
3.16980386,0.02499427786678874
3.16982889,0.04213015945677882
3.18480587,0.03859006637674525
3.18483257,0.025360494392309453
3.19780684,0.04110780498970016
3.21288824,0.04324406805523766
3.21787333,0.02691691462577249
3.21795273,0.03677424277103838
3.21800804,0.04505989166094453
3.22684312,0.02912947280079347
3.2268796,0.033371480888075074
3.22691298,0.04486152437628748
3.24187112,0.030579079880979628
3.24193931,0.02832074464026856
3.24198532,0.04449530785076677
3.25287962,0.03384451056687266
3.27486253,0.023865110246433202
3.27492833,0.039917601281757836
3.27497435,0.03633173113603418
3.27683592,0.021179522392614634
3.27688789,0.03630121309224079
3.28616905,0.03904783703364614
3.28623962,0.02264438849469749
3.30092978,0.03121995880064088
3.30105662,0.03976501106279087
3.30584812,0.023346303501945526
3.30590153,0.028336003662165255
3.31995201,0.041840238040741586
3.32001734,0.02839703974975204
3.34290791,0.02594033722438392
3.34296775,0.04055848020141909
3.34301186,0.02896162355992981
3.35692668,0.021469443808651865
3.3569746,0.0392156862745098
3.36291099,0.036865796902418556
3.36296511,0.022613870450904097
3.37693119,0.03617914091706722
3.3769815,0.03852903028915847
3.3859725,0.022156099794003205
3.38601708,0.03205920500495918
3.39189172,0.03997863736934462
3.39194608,0.023346303501945526
3.40589786,0.028259708552681773
3.40594959,0.04260318913557641
3.40598965,0.028030823224231328
3.42022848,0.02426184481574731
3.4203074,0.04132143129625391
3.42037582,0.03213550011444266
3.42044306,0.022659647516594186
3.42988062,0.039002059967956054
3.42991853,0.034821087968261236
3.43783998,0.019851987487602044
3.43786621,0.034866865033951325
3.45186663,0.038040741588464176
3.45189404,0.021927214465552756
3.46584463,0.03228809033340963
3.46587276,0.0409399557488365
3.46589684,0.023483634699015793
3.47984147,0.026932173647669186
3.47987366,0.040543221179522394
3.47989869,0.027344167238879988
3.49784589,0.024078736552986955
3.49791312,0.039917601281757836
3.49795794,0.030426489662012664
3.50586724,0.022781719691767757
3.52989888,0.03903257801174945
3.52998757,0.034195468070496685
3.53003311,0.02026398107881285
3.53007388,0.03590447852292668
3.53011394,0.03904783703364614
3.54486871,0.021606775005722133
3.5449419,0.0315556572823682
3.55006194,0.04090943770504311
3.55013967,0.024750133516441595
3.56288338,0.02920576791027695
3.56294942,0.04213015945677882
3.58692145,0.028366521705958648
3.5870049,0.026123445487144275
3.60090733,0.04231326771953918
3.60096264,0.03262378881513695
3.60100555,0.02243076218814374
3.60104752,0.038406958113984896
3.61490536,0.035080491340505074
3.61495638,0.02221713588158999
3.61499381,0.03518730449378195
3.62291884,0.03616388189517052
3.62297535,0.019684138246738384
3.63190603,0.030121309224078737
3.63196898,0.03865110246433204
3.64628673,0.021759365224689096
3.64638567,0.026031891355764097
3.66002059,0.04017700465400168
3.66009927,0.02481116960402838
3.66791749,0.021774624246585793
3.66797543,0.03848325322346838
3.66801882,0.029495689326314183
3.67689228,0.020355535210193027
3.67694521,0.036743724727244985
3.68290615,0.03204394598306248
3.68296289,0.019058518348973832
3.69690537,0.0357976653696498
3.69695449,0.040207522697795074
3.72092938,0.027115281910429542
3.72098994,0.04074158846417945
3.72103357,0.04982070649271382
3.72107339,0.027145799954222935
3.72687101,0.02383459220263981
3.72691798,0.03477531090257115
3.73586941,0.022003509575036242
3.73590899,0.020233463035019456
3.73594236,0.03875791561760891
3.7508924,0.030899519340810255
3.7509551,0.02111848630502785
3.77592635,0.03649958037689784
3.77599669,0.03384451056687266
3.77605295,0.020309758144502938
3.77610373,0.03488212405584802
3.78588247,0.036865796902418556
3.7859447,0.01953154802777142
3.79189205,0.029526207370107575
3.79193616,0.039795529106584265
3.7988534,0.023514152742809186
3.81284642,0.026947432669565882
3.81287575,0.041046768902113374
3.82488275,0.027405203326466773
3.82493806,0.024322880903334097
3.84783602,0.0409399557488365
3.84786892,0.030304417486839094
3.84789562,0.021255817502098116
3.84792113,0.03810177767605097
3.87185359,0.03509575036240177
3.87190795,0.020828564888990615
3.87194967,0.03492790112153811
3.87198901,0.039459830624856945
3.89682198,0.022613870450904097
3.89688563,0.031692988479438466
3.89692807,0.041718165865568015
3.89696741,0.02571145189593347
3.91088057,0.029526207370107575
3.91093588,0.04353398947127489
3.91100883,0.030045014114595255
3.91105533,0.026794842450598915
3.91283798,0.04345769436179141
3.91289306,0.03552300297550927
3.92684007,0.025650415808346684
3.92690754,0.04130617227435721
3.92695856,0.03672846570534829
3.94316912,0.022400244144350347
3.94325781,0.0371099412527657
3.9658885,0.04058899824521248
3.96595216,0.02311741817349508
3.96599603,0.031525139238574806
3.96603751,0.040283817807278556
3.97298312,0.023361562523842222
3.97306442,0.02606240939955749
3.9818573,0.0400854505226215
3.98191357,0.026092927443350882
3.99585748,0.023010605020218206
3.99593663,0.038834210727092394
3.99599314,0.029114213778896773
4.01086164,0.019470511940184634
4.0109303,0.03685053788052186
4.02487469,0.03500419623102159
4.02493119,0.020233463035019456
4.04684854,0.032440680552376595
4.04691315,0.035751888303959714
4.04695868,0.019470511940184634
4.04699993,0.02887006942854963
4.05084181,0.03894102388036927
4.05088925,0.022232394903486687
4.06298637,0.025406271457999542
4.06303167,0.04019226367589838
4.06307149,0.026092927443350882
4.08887577,0.022964827954528116
4.0889442,0.04086366063935302
4.08898973,0.030777447165636684
4.0890367,0.020233463035019456
4.09584928,0.03682001983672847
4.09590626,0.03590447852292668
4.10492229,0.020401312275883116
4.10497928,0.03271534294651713
4.11966491,0.03726253147173266
4.11990738,0.021820401312275882
4.13188934,0.02963302052338445
4.1319654,0.03973449301899748
4.14988303,0.023422598611429007
4.14993453,0.026031891355764097
4.1499753,0.0392309452964065
4.16585326,0.025604638742656595
4.16591239,0.023361562523842222
4.1659565,0.04065003433279927
4.16599751,0.03141832608529793
4.17483497,0.020080872816052493
4.17487264,0.03593499656672007
4.1827991,0.03390554665445945
4.18282366,0.020187685969329367
4.20681691,0.0345616845960174
4.20684767,0.03701838712138552
4.20687342,0.020523384451056687
4.20689726,0.030075532158388648
4.2218101,0.04043640802624552
4.22185779,0.023346303501945526
4.23187399,0.025925078202487222
4.23194122,0.042298008697642483
4.24085355,0.027862973983367668
4.24091029,0.022903791866941327
4.26381993,0.0401007095445182
4.26388812,0.03266956588082704
4.27681065,0.0238803692683299
4.27687025,0.040039673456931414
4.27691317,0.03614862287327383
4.2769537,0.020584420538643473
4.27699399,0.03381399252307927
4.3008399,0.036743724727244985
4.30089903,0.02021820401312276
4.30094385,0.029617761501487753
4.30098581,0.03949034866865034
4.31648159,0.022110322728313116
4.31660366,0.02374303807125963
4.32199574,0.03843747615777829
4.3220582,0.025680933852140077
4.33487225,0.023041123064011598
4.33492827,0.041336690318150605
4.33497262,0.030716411078049895
4.34289932,0.01817349507896544
4.34294915,0.035202563515678645
4.35187101,0.03341725795376516
4.35193133,0.018692301823453116
4.36187458,0.03204394598306248
4.36194777,0.03663691157396811
4.38487172,0.020920119020370793
4.38493228,0.03192187380788891
4.38497901,0.04444953078507668
4.38502073,0.031143663691157397
4.39988303,0.03616388189517052
4.39995623,0.051361867704280154
4.40001154,0.031906614785992216
4.40791559,0.01884489204242008
4.40798664,0.03163195239185168
4.41712332,0.0264438849469749
4.41726494,0.019714656290531776
4.44095182,0.037094682230869
4.44105244,0.03450064850843061
4.44630432,0.019211108567940796
4.44642687,0.03297474631876097
4.45296717,0.039078355077439536
4.45305228,0.023682001983672846
4.46086717,0.02917524986648356
4.46090913,0.03852903028915847
4.46094275,0.02337682154573892
4.47282481,0.026626993209735255
4.48680425,0.04206912336919204
4.48685384,0.029053177691309988
4.50281572,0.0238803692683299
4.50287938,0.03999389639124132
4.51003075,0.0315403982604715
4.51014209,0.021728847180895704
4.51687431,0.03778133821622034
4.51694536,0.03564507515068284
4.53086162,0.021087968261234456
4.53092504,0.035370412756542305
4.53096938,0.04058899824521248
4.5448513,0.024246585793850615
4.54490638,0.031280994888227664
4.55284595,0.04132143129625391
4.55289769,0.025803006027313648
4.57863212,0.02868696116578927
4.57870269,0.042923628595407035
4.57877207,0.03083848325322347
4.57884145,0.02691691462577249
4.58092141,0.04301518272678721
4.58099318,0.03488212405584802
4.59288549,0.024826428625925077
4.59295559,0.040955214770733196
4.59489107,0.04034485389486534
4.62092519,0.025909819180590526
4.62100673,0.038956282902265965
4.62106133,0.043137254901960784
4.62111187,0.024841687647821773
4.63694096,0.03245593957427329
4.63701177,0.042923628595407035
4.63706827,0.026031891355764097
4.63711905,0.02763408865491722
4.65187001,0.042298008697642483
4.65193224,0.028931105516136417
4.65990281,0.02413977264057374
4.6599617,0.03982604715037766
4.67396426,0.03175402456702525
4.68690586,0.022278171969176776
4.68698025,0.03814755474174106
4.68703461,0.03572137026016632
4.68708849,0.01957732509346151
4.71132684,0.032776379034103915
4.71145582,0.03801022354467078
4.71988845,0.02243076218814374
4.71994805,0.030502784771496146
4.71999407,0.04068055237659266
4.72003651,0.023514152742809186
4.72587776,0.02545204852368963
4.72593188,0.04055848020141909
4.74031353,0.027191577019913024
4.76295328,0.02316319523918517
4.76304245,0.04084840161745632
4.76309824,0.032120241092545965
4.76315188,0.021210040436408027
4.76487899,0.03759822995345998
4.76491714,0.03683527885862516
4.77291799,0.02178988326848249
4.7729547,0.034195468070496685
4.78884602,0.03865110246433204
4.7888763,0.02186617837796597
4.78890824,0.03022812237735561
4.78893375,0.04124513618677043
4.80590272,0.02413977264057374
4.8198421,0.026001373311970704
4.81987143,0.04113832303349355
4.81989527,0.028747997253376057
4.83530521,0.023422598611429007
4.83541608,0.03956664377813382
4.83549309,0.03143358510719463
4.83556366,0.021087968261234456
4.84993434,0.03877317463950561
4.8500216,0.03790341039139391
4.87330985,0.019897764553292133
4.87345171,0.032608529793240255
4.8735323,0.03930724040588998
4.87589002,0.022247653925383384
4.87594223,0.02958724345769436
4.88783097,0.04040588998245213
4.88789058,0.024673838406958113
4.89581609,0.025558861676966506
4.89588571,0.04058899824521248
4.90813041,0.028809033340962846
4.90822029,0.024933241779201955
4.92286563,0.04168764782177462
4.92293024,0.0328374151216907
4.93588948,0.02214084077210651
4.93596768,0.03868162050812543
4.93602347,0.03859006637674525
4.94184804,0.02276646066987106
4.94190764,0.03476005188067445
4.95586228,0.040787365529869536
4.95591474,0.02392614633401999
4.9608686,0.032898451209277486
4.96093297,0.044632639047837035
4.97486687,0.02575722896162356
4.97492766,0.025238422217135882
4.99799991,0.04080262455176623
4.99810171,0.028168154421301595
4.99999094,0.022232394903486687
5.00009131,0.03932249942778668
5.00016761,0.032730601968413826
5.00800085,0.02119478141451133
5.00812316,0.037201495384145876
5.01683998,0.03578240634775311
5.01689887,0.020279240100709545
5.03099108,0.0332646677347982
5.0310905,0.03808651865415427
5.05487585,0.021255817502098116
5.05495143,0.02920576791027695
5.05499554,0.03903257801174945
5.05503583,0.022507057297627222
5.05680203,0.023819333180743113
5.05684185,0.04113832303349355
5.07103443,0.03083848325322347
5.07116389,0.026413366903181506
5.07125854,0.04599069199664302
5.08688736,0.04293888761730373
5.08694792,0.031738765545128556
5.09987497,0.04507515068284123
5.09992385,0.03887998779278248
5.12290001,0.01786831464103151
5.12296462,0.029922941939421684
5.13491201,0.03663691157396811
5.13496161,0.020569161516746776
5.1350019,0.02873273823147936
5.13504124,0.039795529106584265
5.14287543,0.024124513618677044
5.15782166,0.025024795910582133
5.15784955,0.04046692607003891
5.15787363,0.02951094834821088
5.15789723,0.023804074158846417
5.17183304,0.03810177767605097
5.17186618,0.03100633249408713
5.18483877,0.021667811093308918
5.18487573,0.038666361486228734
5.18490672,0.035156786449988556
5.18493629,0.019623102159151598
5.19481254,0.033401998931868467
5.19483805,0.03926146334019989
5.21083069,0.022003509575036242
5.21087909,0.0298619058518349
5.22286534,0.042710002288853285
5.22294307,0.027832455939574275
5.23698068,0.027557793545433737
5.2370863,0.040833142595559625
5.24185824,0.028213931486991684
5.24190784,0.024002441443503473
5.25087214,0.04248111696040284
5.2509315,0.03511100938429847
5.25987482,0.022629129472800793
5.25992656,0.03904783703364614
5.25996757,0.039246204318303196
5.27586818,0.024292362859540704
5.27592754,0.037293049515526054
5.29793668,0.042999923704890516
5.29801631,0.02677958342870222
5.30026674,0.0349584191653315
5.30033088,0.04493781948577096
5.30585933,0.029053177691309988
5.3059206,0.02958724345769436
5.32589817,0.044510566872663464
5.32597041,0.032272831311512935
5.3260262,0.025650415808346684
5.32607698,0.04124513618677043
5.32786107,0.033371480888075074
5.35287714,0.022018768596932938
5.3529985,0.03826962691691463
5.36593628,0.03801022354467078
5.36600971,0.022034027618829635
5.36785173,0.033234149691004806
5.36789703,0.0383764400701915
5.36984062,0.021316853589684902
5.36988735,0.02908369573510338
5.38290191,0.041504539559014265
5.38297319,0.025803006027313648
5.40693378,0.025406271457999542
5.40702701,0.039337758449683374
5.40707207,0.027740901808194093
5.40711355,0.02191195544365606
5.40715456,0.03872739757381552
5.42192149,0.03254749370565347
5.42199326,0.020355535210193027
5.42723155,0.035919737544823374
5.4273026,0.03561455710688945
5.44196153,0.020187685969329367
5.44205213,0.03321889066910811
5.44988155,0.04031433585107195
5.44994235,0.02288853284504463
5.46296287,0.030045014114595255
5.46299934,0.04107728694590677
5.47689295,0.024704356450751506
5.47695041,0.025223163195239186
5.48687387,0.04080262455176623
5.48693871,0.02937361715114061
5.49286151,0.023758297093156328
5.49291968,0.03968871595330739
5.50686908,0.031570916304264895
5.5069294,0.020248722056916153
5.5208807,0.03727779049362936
5.52093577,0.037796597238117034
5.53483725,0.02067597467002365
5.53489923,0.03276112001220722
5.53494143,0.03898680094605936
5.53982615,0.021637293049515526
5.5398891,0.029098954757000077
5.5528357,0.04098573281452659
5.55289888,0.024933241779201955
5.56187534,0.025513084611276417
5.56193972,0.04065003433279927
5.57586908,0.028992141603723202
5.57593012,0.022873273823147935
5.58987451,0.04048218509193561
5.58994555,0.03437857633325704
5.59782243,0.021316853589684902
5.59787822,0.03718623636224918
5.59792399,0.03671320668345159
5.60684419,0.02076752880140383
5.60689998,0.032776379034103915
5.62092519,0.03939879453727016
5.62099671,0.022827496757457846
5.63036942,0.029480430304417486
5.63049364,0.04217593652246891
5.64446211,0.02673380636301213
5.64458442,0.026459143968871595
5.65716672,0.04202334630350195
5.65730476,0.030289158464942397
5.66604471,0.023895628290226595
5.66612434,0.04151979858091096
5.66616988,0.03622491798275731
5.67488551,0.02397192339971008
5.67495227,0.03904783703364614
5.68784833,0.03872739757381552
5.68789959,0.02316319523918517
5.70194745,0.03521782253757534
5.70201683,0.04148928053711757
5.72587729,0.024505989166094453
5.72593403,0.030731670099946592
5.72597671,0.04164187075608453
5.72601676,0.024841687647821773
5.73989415,0.025680933852140077
5.73994112,0.04127565423056382
5.73997617,0.029694056610971235
5.7478478,0.022400244144350347
5.74790692,0.038788433661402305
5.75488567,0.03225757228961624
5.75494266,0.020233463035019456
5.76794338,0.03677424277103838
5.7679987,0.03749141680018311
5.79089522,0.02145418478675517
5.79094005,0.033203631647211414
5.79097462,0.03872739757381552
5.79100728,0.021774624246585793
5.79286861,0.02835126268406195
5.79290366,0.03993286030365453
5.79293609,0.02681010147249561
5.80687213,0.02993820096131838
5.80692315,0.04769970244907301
5.82082152,0.03918516823071641
5.83492494,0.032898451209277486
5.83502626,0.04769970244907301
5.84886694,0.03688105592431525
5.84892392,0.020233463035019456
5.85484648,0.034363317311360345
5.85490227,0.03451590753032731
5.86086774,0.019226367589837492
5.86093736,0.033203631647211414
5.86688519,0.040619516289005876
5.86695385,0.02409399557488365
5.87586236,0.029724574654764628
5.88984609,0.041718165865568015
5.88990521,0.02583352407110704
5.88994575,0.025360494392309453
5.89784384,0.03970397497520409
5.89787936,0.029694056610971235
5.91183114,0.023346303501945526
5.9118588,0.03993286030365453
5.92084527,0.03447013046463722
5.92087007,0.022583352407110704
5.92984867,0.036957351033798734
5.92987347,0.037201495384145876
5.98488426,0.021881437399862667
5.98497438,0.03529411764705882
5.98503375,0.04164187075608453
5.98508978,0.023346303501945526
5.98680902,0.02993820096131838
5.98685288,0.04324406805523766
5.98689055,0.027557793545433737
5.98692775,0.026657511253528648
6.00088668,0.04293888761730373
6.00096512,0.03251697566186008
6.0009973,0.026626993209735255
6.00102925,0.042221713588159
6.00105953,0.03576714732585641
6.01084089,0.02426184481574731
6.01089954,0.04122987716487373
6.01582289,0.041962310215915156
6.01587939,0.025650415808346684
6.02985764,0.03723201342793927
6.02992988,0.04383916990920882
6.04285359,0.027222095063706417
6.04291463,0.034607461661707486
6.05688834,0.04615854123750668
6.05693793,0.03006027313649195
6.0659337,0.029785610742351417
6.06601167,0.044464789806973375
6.06607604,0.031616693369954985
6.07484937,0.024612802319371328
6.07490754,0.04072632944228275
6.08484697,0.03392080567635614
6.08491039,0.022247653925383384
6.09791636,0.03701838712138552
6.09800911,0.03743038071259632
6.12193584,0.021377889677271687
6.12200809,0.03228809033340963
6.12206578,0.03903257801174945
6.12211776,0.02243076218814374
6.12508512,0.029358358129243915
6.12515545,0.04156557564660105
6.13286304,0.024902723735408562
6.14186716,0.02442969405661097
6.14190555,0.040711070420386054
6.15583968,0.0302738994430457
6.15586519,0.02320897230487526
6.17986608,0.04019226367589838
6.17992401,0.03375295643549248
6.17996836,0.021545738918135347
6.1800096,0.03564507515068284
6.18182087,0.03639276722362097
6.18185544,0.020447089341573205
6.19583988,0.03271534294651713
6.19588137,0.0405279621576257
6.20588923,0.02333104448004883
6.20595074,0.029602502479591057
6.22997975,0.04190127412832837
6.23012733,0.026535439078355077
6.23019958,0.026794842450598915
6.23026085,0.04197756923781185
6.23987842,0.031738765545128556
6.23993969,0.0251621271076524
6.24789786,0.03952086671244373
6.24795032,0.03347829404135195
6.25686836,0.021881437399862667
6.25692487,0.03701838712138552
6.27088022,0.037918669413290605
6.27586031,0.022278171969176776
6.27591181,0.0345616845960174
6.29987335,0.0409399557488365
6.2999301,0.02456702525368124
6.29997444,0.03150988021667811
6.30001569,0.04197756923781185
6.30185556,0.024246585793850615
6.30189753,0.0255893797207599
6.31589746,0.04200808728160525
6.31594682,0.03088426031891356
6.3299315,0.023514152742809186
6.33001876,0.04106202792401007
6.33007002,0.03472953383688106
6.35491753,0.022034027618829635
6.35497618,0.03738460364690623
6.35501933,0.03834592202639811
6.35506177,0.02276646066987106
6.36092734,0.03511100938429847
6.36099768,0.04147402151522087
6.37284017,0.02423132677195392
6.37289572,0.03117418173495079
6.3818202,0.04345769436179141
6.38187075,0.028213931486991684
6.40582991,0.027481498435950255
6.40589309,0.04336614023041123
6.40593696,0.033157854581521325
6.41082883,0.025848783093003737
6.41087914,0.042999923704890516
6.41682792,0.03715571831845579
6.41687655,0.02406347753109026
6.4308269,0.03897154192416266
6.43087983,0.03884946974898909
6.43980718,0.02128633554589151
6.43983173,0.03402761882963302
6.45287561,0.04156557564660105
6.4529469,0.023422598611429007
6.46688652,0.027512016479743648
6.46696115,0.04025329976348516
6.46702552,0.02542153047989624
6.49083376,0.025024795910582133
6.49982953,0.04124513618677043
6.49988842,0.030243381399252308
6.49991941,0.021271076523994813
6.4999485,0.03851377126726177
6.52329493,0.0332646677347982
6.52344275,0.021042191195544367
6.52492547,0.03585870145723659
6.52498245,0.03590447852292668
6.53284407,0.020141908903639278
6.53290915,0.03360036621652552
6.5329566,0.043427176317998015
6.55304551,0.02887006942854963
6.55312371,0.03735408560311284
6.55317926,0.05061417563134203
6.55323315,0.03350881208514534
6.56283998,0.02798504615854124
6.56290674,0.03920042725261311
6.5718267,0.025726710917830166
6.57188392,0.018570229648279545
6.58592153,0.03677424277103838
6.58599424,0.03218127718013275
6.60584044,0.02021820401312276
6.60591245,0.03564507515068284
6.60595822,0.037247272449835965
6.60599995,0.021332112611581598
6.60603976,0.031784542610818645
6.61896515,0.04019226367589838
6.61906505,0.022659647516594186
6.63184142,0.027069504844739453
6.63190055,0.040283817807278556
6.64582419,0.024612802319371328
6.64588046,0.023468375677119097
6.65984011,0.04007019150072481
6.65989852,0.02920576791027695
6.66480613,0.021438925764858473
6.66493368,0.038574807354848556
6.66500831,0.033783474479285876
6.67883372,0.021667811093308918
6.67889023,0.036911573968108645
6.68382883,0.03799496452277409
6.68388033,0.021271076523994813
6.69683957,0.03372243839169909
6.69689751,0.041962310215915156
6.70983124,0.0238803692683299
6.7098856,0.029480430304417486
6.73286891,0.04289311055161364
6.73294806,0.027878233005264364
6.7348299,0.027481498435950255
6.73487663,0.04345769436179141
6.73491144,0.03189135576409552
6.74190426,0.023941405355916687
6.74199224,0.04211490043488213
6.75611806,0.037750820172426945
6.75623322,0.024109254596780347
6.76986003,0.039459830624856945
6.76991987,0.04122987716487373
6.77884746,0.02413977264057374
6.77890134,0.035156786449988556
6.78494358,0.04185549706263828
6.78501582,0.024872205691615166
6.79284811,0.030594338902876324
6.79290771,0.04231326771953918
6.80183625,0.02571145189593347
6.80681992,0.024612802319371328
6.8068583,0.04039063096055543
6.82083058,0.029144731822690166
6.84534502,0.021667811093308918
6.84548211,0.03814755474174106
6.85410976,0.032272831311512935
6.85430264,0.019562066071564813
6.85441756,0.035324635690852216
6.85448241,0.037415121690699625
6.86687469,0.019455252918287938
6.86694598,0.031692988479438466
6.86699224,0.03851377126726177
6.87589979,0.020660715648126955
6.87595248,0.02699320973525597
6.89002395,0.04055848020141909
6.89018226,0.026153963530937668
6.9129076,0.025482566567483024
6.91296434,0.04036011291676204
6.91486645,0.028625925078202486
6.91493082,0.021057450217441064
6.91497111,0.03904783703364614
6.91501069,0.03414969100480659
6.92487597,0.02119478141451133
6.92493057,0.03704890516517891
6.93085265,0.038162813763637754
6.94560003,0.02093537804226749
6.94572425,0.032074464026855876
6.95792866,0.03920042725261311
6.95800662,0.02311741817349508
6.97188973,0.028900587472343024
6.97194672,0.041886015106431675
6.97199011,0.026382848859388113
6.97202992,0.02464332036316472
6.98297501,0.04046692607003891
6.98304749,0.029907682917524988
6.99582911,0.0217441062027924
6.99590087,0.038666361486228734
6.99594665,0.03390554665445945
7.02310753,0.02111848630502785
7.02316594,0.03584344243533989
7.02320194,0.037415121690699625
7.0232358,0.02169832913710231
7.0308423,0.032074464026855876
7.0309,0.03955138475623712
7.03988314,0.022568093385214007
7.03994751,0.028091859311818113
7.06288719,0.043091477836270695
7.06294751,0.02851911192492561
7.06488681,0.023590447852292667
7.06496406,0.038574807354848556
7.06501389,0.029800869764248113
7.08004498,0.022659647516594186
7.08010745,0.04077210650797284
7.11301541,0.03476005188067445
7.11312008,0.02197299153124285
7.11488438,0.03747615777828641
7.11493134,0.0396429388876173
7.11497164,0.024216067750057222
7.11501145,0.035416189822232394
7.11686659,0.04327458609903105
7.11690068,0.026001373311970704
7.14118075,0.030182345311665523
7.14125776,0.044373235675593196
7.14130497,0.02975509269855802
7.14495254,0.027908751049057757
7.1449945,0.042999923704890516
7.15583062,0.0328374151216907
7.15586591,0.02340733958953231
7.16082716,0.040207522697795074
7.16087842,0.03533989471274891
7.17490864,0.022751201647974364
7.17498064,0.03773556115053025
7.18782377,0.03927672236209659
7.18786001,0.021652552071412222
7.20180106,0.032486457618066684
7.20182705,0.04101625085831998
7.21623921,0.02371252002746624
7.21637702,0.02851911192492561
7.2179091,0.041886015106431675
7.21797585,0.02677958342870222
7.23186111,0.0264438849469749
7.23193407,0.04231326771953918
7.23686147,0.029953459983215077
7.23693419,0.021179522392614634
7.26083684,0.039124132143129625
7.26089144,0.038452735179674985
7.2658155,0.026947432669565882
7.26586866,0.04182497901884489
7.26592064,0.047226672770275424
7.27486801,0.03334096284428168
7.27492642,0.04310673685816739
7.28785825,0.045517662317845424
7.28790879,0.023605706874189364
7.29683399,0.026794842450598915
7.29688954,0.039627679865720605
7.31231785,0.026367589837491417
7.31242085,0.02664225223163195
7.33587241,0.04267948424505989
7.33594918,0.032364385442893114
7.33599234,0.024612802319371328
7.33603501,0.042664225223163196
7.34282613,0.0362554360265507
7.35683322,0.02214084077210651
7.35689402,0.03721675440604257
7.35693812,0.040543221179522394
7.3569808,0.024551766231784542
7.3708396,0.03442435339894713
7.37089539,0.04226749065384909
7.38588858,0.025986114290074008
7.38595796,0.03164721141374838
7.3928256,0.04426642252231632
7.3928721,0.028900587472343024
7.4018333,0.028366521705958648
7.40188575,0.0451972228580148
7.40192795,0.03393606469825284
7.4068253,0.025223163195239186
7.40687037,0.04257267109178302
7.41600871,0.03884946974898909
7.41611362,0.02468909742885481
7.42981482,0.04013122758831159
7.42984986,0.04272526131074998
7.45280695,0.02677958342870222
7.45283222,0.038239108873121236
7.45481467,0.04554818036163882
7.45484066,0.028641184100099183
7.45486403,0.035370412756542305
7.45488667,0.04882887006942855
7.464818,0.03250171663996338
7.47783971,0.030579079880979628
7.47786403,0.04750133516441596
7.48786879,0.0371099412527657
7.48792195,0.02896162355992981
7.5008297,0.046295872434576946
7.50085688,0.041214618142977034
7.51484704,0.027176317998016328
7.5148809,0.041962310215915156
7.51491046,0.04267948424505989
7.51493359,0.02578774700541695
7.52980423,0.037201495384145876
7.52982998,0.04545662623025864
7.54507422,0.026977950713359275
7.54518509,0.031067368581673915
7.55784917,0.04341191729610132
7.55791688,0.028473334859235522
7.57283807,0.02691691462577249
7.57291603,0.043640802624551764
7.5748446,0.033157854581521325
7.57491684,0.02542153047989624
7.5828557,0.04074158846417945
7.58292675,0.03533989471274891
7.59681654,0.023102159151598384
7.59688187,0.0396429388876173
7.59692669,0.0413519493400473
7.61189532,0.02426184481574731
7.61196828,0.03418020904859999
7.63582087,0.042374303807125965
7.63588715,0.02597085526817731
7.64484596,0.03141832608529793
7.64492345,0.04495307850766766
7.65183139,0.02851911192492561
7.65189219,0.027008468757152668
7.67585158,0.043381399252307926
7.67592931,0.033371480888075074
7.67598367,0.026092927443350882
7.67603397,0.04345769436179141
7.67608333,0.03637750820172427
7.69084406,0.021759365224689096
7.69089985,0.03820859082932784
7.69094491,0.04141298542763409
7.69098639,0.024612802319371328
7.71485424,0.03407339589532311
7.7149086,0.04206912336919204
7.71495104,0.02652018005645838
7.71499372,0.030716411078049895
7.71784472,0.04368657969024185
7.71787834,0.02861066605630579
7.73084426,0.02716105897611963
7.73090076,0.044007019150072484
7.73095131,0.03390554665445945
7.74592471,0.024414435034714275
7.74599624,0.040665293354695965
7.76084566,0.035660334172579536
7.7609055,0.022461280231937133
7.77309108,0.03727779049362936
7.77315497,0.04031433585107195
7.77320981,0.024277103837644008
7.77325988,0.03439383535515374
7.78884768,0.04174868390936141
7.78890705,0.024414435034714275
7.79783368,0.030167086289768826
7.79789042,0.04415960936903945
7.80582476,0.029449912260624093
7.81487894,0.026932173647669186
7.81491542,0.043045700770580606
7.82880378,0.033157854581521325
7.83581042,0.025223163195239186
7.83586669,0.04315251392385748
7.84284806,0.03820859082932784
7.84292698,0.024658579385061417
7.84298301,0.039337758449683374
7.85081983,0.040833142595559625
7.86184192,0.02528419928282597
7.86191964,0.03616388189517052
7.86197567,0.043335622186617836
7.88584685,0.02630655374990463
7.88592815,0.03060959792477302
7.88598251,0.04339665827420462
7.88603258,0.028366521705958648
7.89584208,0.025818265049210344
7.89591718,0.042038605325398645
7.90488243,0.0315403982604715
7.90495634,0.02186617837796597
7.91286635,0.038742656595712216
7.91292667,0.03485160601205463
7.92685747,0.0217441062027924
7.92693233,0.03683527885862516
7.93588233,0.03906309605554284
7.96286321,0.023147936217288473
7.96293807,0.03271534294651713
7.96299291,0.03956664377813382
7.96304703,0.023025864042114902
7.96482491,0.027344167238879988
7.96487474,0.041336690318150605
7.97288585,0.027924010070954453
7.97295785,0.02763408865491722
7.98184514,0.04489204242008087
7.9819088,0.03755245288776989
8.00588846,0.032562752727550166
8.00596023,0.05069047074082551
8.00601625,0.044037537193865876
8.01283312,0.023422598611429007
8.01288462,0.03305104142824445
8.01983404,0.03530937666895552
8.01988935,0.01986724650949874
8.02885389,0.03126573586633097
8.02890921,0.04132143129625391
8.03688931,0.024872205691615166
8.03693652,0.029663538567177843
8.06086278,0.04156557564660105
8.06092787,0.026977950713359275
8.06097078,0.02561989776455329
8.06101155,0.04214541847867552
8.06105089,0.030350194552529183
8.08685184,0.022171358815899902
8.08691144,0.039719233997100784
8.08695412,0.03573662928206302
8.08699632,0.0217441062027924
8.09584832,0.03749141680018311
8.09588981,0.03909361409933623
8.10481811,0.02230869001297017
8.12781978,0.03297474631876097
8.1278863,0.04235904478522927
8.12792993,0.025314717326619364
8.12982273,0.029434653238727397
8.12985802,0.043472953383688104
8.1298914,0.028717479209582664
8.14283538,0.027100022888532846
8.1428659,0.04205386434729534
8.15181828,0.032867933165484094
8.15184379,0.025726710917830166
8.16081715,0.04182497901884489
8.16084242,0.037537193865873196
8.18485308,0.02311741817349508
8.18490529,0.03869687953002213
8.18494129,0.04156557564660105
8.18497539,0.024628061341268024
8.19482183,0.035584039063096054
8.19486094,0.043961242084382395
8.21081758,0.02737468528267338
8.21091199,0.03233386739909972
8.21881461,0.04602121004043641
8.21887803,0.03048752574959945
8.24196911,0.027740901808194093
8.2420783,0.04405279621576257
8.25581455,0.03230334935530633
8.25587487,0.023590447852292667
8.26484585,0.040009155413138014
8.26492286,0.03569085221637293
8.26496458,0.020309758144502938
8.28185391,0.03437857633325704
8.28188396,0.0375219348439765
8.28190947,0.02140840772106508
8.28193378,0.03175402456702525
8.30691171,0.03897154192416266
8.3070116,0.02195773250934615
8.30708027,0.026199740596627757
8.30713248,0.040039673456931414
8.32082868,0.025391012436102846
8.32087946,0.023086900129701687
8.32582498,0.040161745632104985
8.3258872,0.030746929121843288
8.33999944,0.02169832913710231
8.34009933,0.03727779049362936
8.34017467,0.03268482490272374
8.34024572,0.01957732509346151
8.34031463,0.03442435339894713
8.35483694,0.03744563973449302
8.35489798,0.021255817502098116
8.36082339,0.03160143434805829
8.36087418,0.03894102388036927
8.3868432,0.021438925764858473
8.38689995,0.027405203326466773
8.39083099,0.04174868390936141
8.39087844,0.026550698100251773
8.39091969,0.023468375677119097
8.39095974,0.03901731898985275
8.40089989,0.028809033340962846
8.40590882,0.020309758144502938
8.40598035,0.03659113450827802
8.41984916,0.03295948729686427
8.419909,0.019684138246738384
8.43282342,0.0345464255741207
8.43286085,0.03704890516517891
8.44804311,0.021652552071412222
8.44808078,0.030457007705806057
8.45583224,0.03765926604104677
8.45587158,0.019592584115358205
8.46180558,0.025314717326619364
8.46183252,0.039337758449683374
8.4618566,0.025604638742656595
8.47681475,0.023254749370565347
8.48280931,0.039505607690547034
8.4828465,0.028885328450446328
8.50684929,0.019348439765011063
8.5069077,0.03672846570534829
8.50696087,0.03259327077134356
8.50985622,0.018310826276035707
8.5168047,0.03300526436255436
8.5168581,0.03768978408484016
8.52580523,0.020325017166399634
8.52585626,0.029327840085450523
8.53080344,0.03865110246433204
8.53980541,0.022461280231937133
8.53987193,0.0272983901731899
8.56281495,0.04202334630350195
8.56289649,0.026047150377660793
8.56480932,0.022415503166247044
8.5648613,0.04055848020141909
8.5728054,0.03150988021667811
8.57285857,0.021683070115205615
8.58781171,0.03826962691691463
8.58787131,0.03476005188067445
8.59180593,0.020462348363469902
8.59185266,0.035156786449988556
8.60084248,0.03887998779278248
8.62410116,0.02191195544365606
8.62422252,0.029907682917524988
8.62429833,0.03768978408484016
8.62436891,0.02128633554589151
8.63314843,0.025314717326619364
8.63323236,0.03906309605554284
8.6368463,0.0247348744945449
8.63690567,0.021469443808651865
8.66585851,0.03744563973449302
8.66594172,0.02699320973525597
8.67583227,0.020080872816052493
8.67588973,0.03555352101930266
8.67593408,0.030899519340810255
8.67881703,0.017639429312581063
8.67886186,0.03297474631876097
8.69288206,0.035034714274814985
8.69293261,0.0174868390936141
8.69482112,0.026428625925078202
8.69486523,0.03643854428931106
8.70084047,0.022171358815899902
8.70089436,0.028625925078202486
8.71682906,0.044007019150072484
8.71687841,0.03254749370565347
8.73089576,0.03205920500495918
8.73099303,0.04693675135423819
8.73685288,0.031326771953917754
8.75083375,0.017349507896543832
8.75088501,0.03262378881513695
8.76494074,0.02967879758907454
8.76501608,0.015915159838254367
8.76507568,0.03176928358892195
8.76511526,0.03613336385137713
8.77282977,0.019256885633630885
8.77286768,0.02839703974975204
8.79887962,0.038239108873121236
8.79891944,0.022125581750209813
8.82086921,0.0260166323338674
8.8209312,0.0392156862745098
8.8209765,0.02491798275730526
8.8268168,0.023025864042114902
8.82685113,0.03968871595330739
8.82688594,0.030304417486839094
8.82691836,0.019668879224841687
8.83390069,0.03613336385137713
8.83396125,0.03334096284428168
8.8398385,0.020752269779507133
8.83987403,0.034576943617914094
8.85291338,0.03683527885862516
8.85298419,0.0200503547722591
8.86688185,0.030823224231326773
8.86694336,0.04031433585107195
8.87385654,0.02285801480125124
8.87393951,0.028137636377508202
8.88694215,0.041046768902113374
8.88704348,0.026947432669565882
8.89532018,0.023849851224536506
8.89544368,0.04090943770504311
8.90284705,0.030930037384603648
8.90290737,0.022369726100556955
8.92686033,0.03961242084382391
8.92693329,0.03768978408484016
8.92698812,0.023422598611429007
8.92703843,0.03730830853742275
8.92708755,0.04065003433279927
8.94186115,0.02499427786678874
8.94193554,0.03309681849393454
8.95086765,0.04122987716487373
8.95094109,0.02413977264057374
8.96499681,0.028076600289921417
8.96511149,0.04164187075608453
8.97884607,0.028381780727855344
8.97892499,0.024048218509193562
8.99189639,0.041092545967803464
8.99197054,0.03134203097581445
9.00088501,0.020309758144502938
9.00094652,0.035416189822232394
9.00099134,0.03163195239185168
9.00687432,0.018112458991378654
9.00694513,0.032318608377203024
9.01986146,0.03559929808499275
9.01993513,0.01858548867017624
9.02787137,0.028534370946822308
9.02794337,0.037918669413290605
9.05192375,0.02247653925383383
9.05199742,0.025177386129549097
9.0520525,0.038788433661402305
9.05210567,0.023636224917982757
9.05993557,0.020309758144502938
9.06000543,0.036285954070344094
9.06586337,0.027023727779049364
9.0748992,0.019302662699320974
9.0749712,0.03622491798275731
9.08287692,0.03234912642099642
9.08294797,0.01753261615930419
9.10692453,0.032166018158236054
9.10700917,0.036453803311207754
9.10706306,0.0196078431372549
9.10711384,0.02877851529716945
9.11483955,0.03805600061036087
9.11488128,0.019928282597085525
9.12838221,0.024048218509193562
9.12842107,0.03797970550087739
9.13028502,0.024216067750057222
9.14281845,0.020630197604333562
9.14284801,0.037369344625009536
9.16581869,0.02967879758907454
9.16584897,0.020828564888990615
9.16587329,0.035492484931715876
9.16589737,0.030716411078049895
9.17480683,0.015671015487907225
9.17483187,0.031021591515983826
9.18179941,0.03651483939879454
9.18182564,0.01896696421759365
9.19632697,0.027191577019913024
9.19644451,0.03689631494621195
9.22357464,0.021149004348821242
9.22368741,0.024673838406958113
9.23987842,0.03871213855191882
9.23998141,0.024490730144197757
9.24003839,0.020874341954680704
9.24008989,0.036530098420691236
9.25482416,0.028534370946822308
9.25487876,0.020584420538643473
9.25492001,0.03671320668345159
9.25495934,0.03321889066910811
9.27782035,0.019180590524147403
9.27787828,0.032532234683756774
9.27792048,0.03598077363241016
9.27979684,0.020233463035019456
9.27983356,0.030182345311665523
9.28479815,0.03970397497520409
9.2848444,0.02264438849469749
9.30786109,0.026214999618524453
9.30800176,0.0405279621576257
9.31283855,0.026077668421454186
9.31288552,0.02276646066987106
9.31991506,0.03915465018692302
9.31998873,0.02967879758907454
9.32908607,0.018738078889143205
9.32923436,0.03384451056687266
9.3293376,0.0315403982604715
9.34384441,0.018265049210345618
9.34390402,0.03309681849393454
9.35685706,0.0340886549172198
9.35692859,0.016983291371023116
9.37186265,0.0277103837644007
9.37193632,0.03802548256656748
9.37786961,0.02059967956054017
9.37792802,0.02447547112230106
9.39086413,0.03846799420157168
9.39092302,0.023865110246433202
9.39096737,0.019974059662775615
9.39100814,0.035919737544823374
9.3949008,0.028549629968719004
9.40783048,0.021499961852445258
9.40787888,0.03942931258106355
9.43283343,0.03886472877088579
9.43288064,0.027618829633020522
9.43291593,0.04240482185091936
9.4329493,0.04243533989471275
9.43883061,0.01940947585259785
9.43888307,0.02566567483024338
9.45184994,0.03288319218738079
9.45191503,0.016769665064469367
9.46583605,0.02247653925383383
9.46588564,0.03938353551537346
9.46592188,0.025635156786449988
9.48080993,0.02084382391088731
9.49489784,0.038162813763637754
9.4949789,0.029358358129243915
9.49503303,0.020233463035019456
9.49508405,0.03654535744258793
9.5048399,0.03341725795376516
9.50490618,0.019546807049668116
9.5128119,0.034241245136186774
9.51286912,0.03802548256656748
9.53784585,0.020813305867093918
9.5379076,0.02929732204165713
9.54181528,0.03904783703364614
9.55182719,0.023468375677119097
9.5518806,0.026428625925078202
9.55783367,0.03970397497520409
9.55788136,0.026199740596627757
9.56381297,0.023422598611429007
9.56386709,0.04065003433279927
9.57283664,0.031067368581673915
9.57290339,0.020752269779507133
9.59685779,0.03764400701915007
9.59690881,0.03561455710688945
9.596946,0.02226291294728008
9.59697938,0.037293049515526054
9.59701228,0.04113832303349355
9.61188936,0.02255283436331731
9.61196375,0.03138780804150454
9.61685801,0.041931792172121764
9.61690903,0.02668802929732204
9.63086867,0.030121309224078737
9.63092375,0.04272526131074998
9.64487123,0.029098954757000077
9.64492846,0.02618448157473106
9.67089796,0.04293888761730373
9.67097163,0.034119172961013196
9.6748631,0.023315785458152133
9.67492771,0.03930724040588998
9.67497253,0.03634699015793088
9.68934345,0.020950637064164186
9.68946552,0.035080491340505074
9.68954229,0.03935301747158007
9.68961549,0.02186617837796597
9.69800282,0.029602502479591057
9.69811392,0.037750820172426945
9.72090507,0.021332112611581598
9.72097635,0.025055313954375526
9.72987866,0.040329594872968645
9.72994137,0.025741969939726862
9.73586297,0.021316853589684902
9.7359159,0.03692683299000534
9.73595881,0.029068436713206684
9.74286008,0.020080872816052493
9.74290681,0.03607232776379034
9.75634432,0.03317311360341802
9.75646377,0.01974517433432517
9.76292109,0.03447013046463722
9.76299953,0.03654535744258793
9.7758553,0.018738078889143205
9.77590847,0.02929732204165713
9.78994465,0.040833142595559625
9.79001665,0.023086900129701687
9.80287933,0.02528419928282597
9.80293727,0.03918516823071641
9.80298114,0.024933241779201955
9.80484605,0.021377889677271687
9.80488086,0.038910505836575876
9.82883382,0.030167086289768826
9.82886386,0.02140840772106508
9.82888842,0.03834592202639811
9.85292625,0.03425650415808347
9.85300565,0.01850919356069276
9.85488272,0.032654306858930345
9.85493541,0.036957351033798734
9.85497236,0.021255817502098116
9.85501003,0.030289158464942397
9.86583948,0.03834592202639811
9.86591816,0.021164263370717938
9.87482476,0.024902723735408562
9.8878653,0.039627679865720605
9.88793015,0.026413366903181506
9.90286398,0.022964827954528116
9.9029448,0.03915465018692302
9.91088772,0.030334935530632486
9.91096687,0.020477607385366598
9.93485308,0.03732356755931945
9.93494177,0.03445487144274052
9.93498969,0.020233463035019456
9.93503284,0.033951323720149536
9.935076,0.03901731898985275
9.94081497,0.022232394903486687
9.94087315,0.029999237048905166
9.96483827,0.04014648661020829
9.96489644,0.024673838406958113
9.96493959,0.027527275501640344
9.96498227,0.04214541847867552
9.96681499,0.028030823224231328
9.96685696,0.023727779049362935
9.98088622,0.04017700465400168
9.98095751,0.030090791180285344
9.99487782,0.01991302357518883
9.99494743,0.035919737544823374
9.99498415,0.033371480888075074
10.01993632,0.019119554436560618
10.02003956,0.033707179369802394
10.02011561,0.037415121690699625
10.02018619,0.01927214465552758
10.0299201,0.027557793545433737
10.02999663,0.0383916990920882
10.03787732,0.02294956893263142
10.03794932,0.02627603570611124
10.04690647,0.0405279621576257
10.04697967,0.0255893797207599
10.06084204,0.02119478141451133
10.06089067,0.03788815136949721
10.06988549,0.028046082246128024
10.09393334,0.018814373998626687
10.09400773,0.03735408560311284
10.09405255,0.03610284580758373
10.09409547,0.023727779049362935
10.09581089,0.04174868390936141
10.09584379,0.04698252841992828
10.10486412,0.02896162355992981
10.10491943,0.03193713282978561
10.11781359,0.03665217059586481
10.11784315,0.01858548867017624
10.14183092,0.022354467078660258
10.14186716,0.03782711528191043
10.14189243,0.026214999618524453
10.15490341,0.02337682154573892
10.15492845,0.03949034866865034
10.16781259,0.03146410315098802
10.16784072,0.02111848630502785
10.16786432,0.037247272449835965
10.16788769,0.03523308155947204
10.18229294,0.021805142290379186
10.18236399,0.034576943617914094
10.20593739,0.03790341039139391
10.20601058,0.022400244144350347
10.20606804,0.03129625391012436
10.20611858,0.04113832303349355
10.21590567,0.02409399557488365
10.21598577,0.027069504844739453
10.22498608,0.04168764782177462
10.22507524,0.028992141603723202
10.22513294,0.025146868085755704
10.22518659,0.04119935912108034
10.23983693,0.03266956588082704
10.23989892,0.023254749370565347
10.2485218,0.03955138475623712
10.24860287,0.0379339284351873
10.24867201,0.023147936217288473
10.27183151,0.03810177767605097
10.2718606,0.04156557564660105
10.27486992,0.023987182421606777
10.27492237,0.03437857633325704
10.28752565,0.043762874799725335
10.28760958,0.02703898680094606
10.29391718,0.031525139238574806
10.2939949,0.04574654764629587
10.30687881,0.031570916304264895
10.30693698,0.0277103837644007
10.32117486,0.04499885557335775
10.32130671,0.03601129167620355
10.33589029,0.025238422217135882
10.33594728,0.0417792019531548
10.33599162,0.03926146334019989
10.34487176,0.02456702525368124
10.34493518,0.037415121690699625
10.35189867,0.03997863736934462
10.35196948,0.02285801480125124
10.36086869,0.031662470435645074
10.36091733,0.04147402151522087
10.37486792,0.024002441443503473
10.37492442,0.02780193789578088
10.38788939,0.04144350347142748
10.38794017,0.027481498435950255
10.41190863,0.023865110246433202
10.41198087,0.04069581139848936
10.4120369,0.031448844129091325
10.42591691,0.020447089341573205
10.42598557,0.037125200274662394
10.44596004,0.03535515373464561
10.44605756,0.021301594567788205
10.44613194,0.03556878004119936
10.44620132,0.038910505836575876
10.4462657,0.020782787823300525
10.44631577,0.029877164873731595
10.4518702,0.04055848020141909
10.45190573,0.02459754329747463
10.47981954,0.027069504844739453
10.47984886,0.04187075608453498
10.4798727,0.028809033340962846
10.47989631,0.024002441443503473
10.48583794,0.040375371938658734
10.48590136,0.0319829098954757
10.49282146,0.023132677195391776
10.49286389,0.03808651865415427
10.51688266,0.03494316014343481
10.51696396,0.021683070115205615
10.51702094,0.0362554360265507
10.51707244,0.03926146334019989
10.53186631,0.021347371633478295
10.53193331,0.03039597161821927
10.53197837,0.04200808728160525
10.53684449,0.02520790417334249
10.53689432,0.027435721370260166
10.55132318,0.0422369726100557
10.55144477,0.027862973983367668
10.56490469,0.023682001983672846
10.5650034,0.042206454566262305
10.57789826,0.03384451056687266
10.57797098,0.021850919356069275
10.58770847,0.03698786907759213
10.58788705,0.03543144884412909
10.59194803,0.02178988326848249
10.59207153,0.03527885862516213
10.59789705,0.03944457160296025
10.61187696,0.023437857633325704
10.61193442,0.03350881208514534
10.61786723,0.04290836957351034
10.61792612,0.02571145189593347
10.63188362,0.028122377355611506
10.6319499,0.04310673685816739
10.64607406,0.029846646829938202
10.64614773,0.026001373311970704
10.65124321,0.044007019150072484
10.65135312,0.03514152742809186
10.65994453,0.02255283436331731
10.66006255,0.0383916990920882
10.66584325,0.036957351033798734
10.679883,0.022018768596932938
10.67994595,0.0336919203479057
10.69295406,0.03802548256656748
10.69303823,0.021728847180895704
10.70683122,0.03015182726787213
10.70689178,0.04097047379262989
10.70693445,0.02418554970626383
10.70697713,0.026749065384908826
10.73185897,0.04042114900434882
10.73192406,0.027222095063706417
10.7319634,0.02299534599832151
10.73389316,0.04089417868314641
10.73394561,0.03218127718013275
10.74386907,0.020202944991226063
10.74391985,0.03567559319447623
10.75821733,0.035828183413443196
10.75825262,0.024216067750057222
10.77180576,0.03860532539864195
10.77183867,0.04449530785076677
10.77186275,0.030243381399252308
10.77188563,0.040665293354695965
10.78182364,0.05128557259479667
10.78184915,0.029968719005111773
10.79586744,0.024933241779201955
10.79592419,0.036575875486381325
10.79596734,0.023895628290226595
10.82154298,0.021393148699168384
10.82157111,0.039887083237964444
10.82159495,0.03385976958876936
10.82161856,0.022003509575036242
10.83081102,0.03697261005569543
10.83083653,0.03613336385137713
10.84484315,0.022568093385214007
10.84486866,0.03447013046463722
10.84489202,0.037537193865873196
10.84491491,0.021850919356069275
10.85987854,0.031616693369954985
10.85993791,0.041458762493324176
10.88188767,0.024963759822995348
10.88196659,0.027344167238879988
10.89584875,0.04255741206988632
10.89592457,0.02908369573510338
10.89598012,0.024933241779201955
10.89603353,0.04153505760280766
10.90584373,0.03405813687342641
10.90591717,0.02333104448004883
10.91494679,0.0396429388876173
10.91501927,0.03790341039139391
10.9378798,0.02272068360418097
10.93795586,0.03550774395361257
10.93801212,0.04057373922331579
10.93983173,0.024200808728160526
10.93988013,0.03309681849393454
10.95291138,0.04457160296025025
10.95297551,0.028503852903028915
10.9628396,0.030853742275120166
10.96289611,0.045960173952849626
10.97186112,0.03125047684443427
10.9719243,0.026199740596627757
10.99488115,0.04422064545662623
10.99495888,0.03768978408484016
10.99500442,0.026749065384908826
10.995049,0.04200808728160525
10.99509025,0.039917601281757836
11.0098567,0.025070572976272222
11.00992894,0.03790341039139391
11.01787376,0.041290913252460516
11.01796722,0.024490730144197757
11.02686,0.03259327077134356
11.02693295,0.04213015945677882
11.04087114,0.025391012436102846
11.04094362,0.027527275501640344
11.05485439,0.04174868390936141
11.05490422,0.0285648889906157
11.06787109,0.02371252002746624
11.06794238,0.04019226367589838
11.06799722,0.03201342793926909
11.06983328,0.022323949034866866
11.06988335,0.03826962691691463
11.09281206,0.03561455710688945
11.09284472,0.021515220874341955
11.09479666,0.03485160601205463
11.09482145,0.03869687953002213
11.12184548,0.022293430991073473
11.12187719,0.03036545357442588
11.12190485,0.04048218509193561
11.12192822,0.02435339894712749
11.14584327,0.02780193789578088
11.14586878,0.04089417868314641
11.14589238,0.027618829633020522
11.14883876,0.024170290684367133
11.15486622,0.041290913252460516
11.1549356,0.032440680552376595
11.15498853,0.02102693217364767
11.1618154,0.03860532539864195
11.17485523,0.0366826886396582
11.17490983,0.02119478141451133
11.19783163,0.03392080567635614
11.19789743,0.03851377126726177
11.20081544,0.022064545662623027
11.20086408,0.03184557869840543
11.20090437,0.043091477836270695
11.2078104,0.025101091020065615
11.20785999,0.025848783093003737
11.20790148,0.041168841077286945
11.21682668,0.028717479209582664
11.21686268,0.024322880903334097
11.23082876,0.041214618142977034
11.24485683,0.03179980163271534
11.24491286,0.020813305867093918
11.25881791,0.037460898756389714
11.25888515,0.036865796902418556
11.25893092,0.022751201647974364
11.25897264,0.03671320668345159
11.2590158,0.040283817807278556
11.27385759,0.02186617837796597
11.27393055,0.02951094834821088
11.28690481,0.040711070420386054
11.28696656,0.025009536888685437
11.29285431,0.028000305180437935
11.29291344,0.043213550011444266
11.31844187,0.028900587472343024
11.31856155,0.024246585793850615
11.31863856,0.04141298542763409
11.31870818,0.034317540245670256
11.32691669,0.02307164110780499
11.3269887,0.03968871595330739
11.32704377,0.038834210727092394
11.34290409,0.023651483939879453
11.34297609,0.037705043106736856
11.35091758,0.042038605325398645
11.35098839,0.024124513618677044
11.37491179,0.03163195239185168
11.37498546,0.04200808728160525
11.37504292,0.026031891355764097
11.3750937,0.028000305180437935
11.38195324,0.040619516289005876
11.38202524,0.026382848859388113
11.3959167,0.022186617837796598
11.39598989,0.039627679865720605
11.39604521,0.031784542610818645
11.41132069,0.02162203402761883
11.41141939,0.03904783703364614
11.41908526,0.03630121309224079
11.41923261,0.020202944991226063
11.44192028,0.03392080567635614
11.44199371,0.038620584420538645
11.44204807,0.021179522392614634
11.442101,0.0290074006256199
11.45233226,0.03942931258106355
11.45249104,0.024841687647821773
11.45887375,0.029327840085450523
11.45894551,0.04515144579232471
11.46482062,0.03250171663996338
11.48184276,0.030762188143739988
11.48187351,0.05008010986495766
11.4918437,0.04235904478522927
11.49190021,0.026749065384908826
11.51580858,0.03706416418707561
11.51583648,0.03341725795376516
11.51586032,0.01931792172121767
11.51588321,0.03257801174944686
11.51590633,0.037125200274662394
11.51592946,0.021255817502098116
11.53080487,0.030334935530632486
11.53082919,0.041840238040741586
11.55589509,0.026169222552834364
11.5559833,0.028030823224231328
11.56785011,0.04084840161745632
11.56792855,0.027481498435950255
11.57684302,0.025268940260929275
11.57692218,0.040543221179522394
11.58981538,0.031738765545128556
11.58988094,0.02153047989623865
11.58992553,0.038330663004501414
11.58996725,0.03698786907759213
11.59000778,0.021652552071412222
11.59004736,0.03639276722362097
11.59781814,0.041992828259708556
11.61082745,0.023361562523842222
11.61088681,0.030991073472190434
11.62482834,0.041931792172121764
11.62487912,0.026001373311970704
11.63882852,0.028213931486991684
11.63888645,0.04260318913557641
11.63892961,0.030334935530632486
11.63897204,0.025574120698863202
11.65428805,0.04310673685816739
11.65441084,0.03480582894636454
11.65887833,0.024002441443503473
11.65896082,0.041458762493324176
11.66184497,0.04115358205539025
11.6758697,0.025604638742656595
11.67594099,0.037247272449835965
11.68991852,0.042420080872816054
11.69000649,0.027618829633020522
11.69887376,0.03514152742809186
11.6989336,0.04632639047837034
11.704844,0.029922941939421684
11.7048974,0.028946364538033113
11.72684479,0.04327458609903105
11.72690582,0.030975814450293737
11.72695136,0.0255893797207599
11.72699261,0.04205386434729534
11.7270329,0.03350881208514534
11.7549448,0.022064545662623027
11.75501752,0.03859006637674525
11.75507545,0.03637750820172427
11.75512624,0.021438925764858473
11.76485896,0.03512626840619516
11.76491952,0.040329594872968645
11.76982498,0.021560997940032044
11.76986194,0.028580148012512397
11.7828331,0.04046692607003891
11.78286338,0.025268940260929275
11.79181242,0.025513084611276417
11.80583143,0.04068055237659266
11.80592275,0.02848859388113222
11.8198173,0.022980086976424813
11.81984305,0.03935301747158007
11.81986642,0.03250171663996338
11.81988955,0.02186617837796597
11.82980156,0.03759822995345998
11.83780909,0.03613336385137713
11.83786583,0.02102693217364767
11.85245872,0.03572137026016632
11.85253716,0.03863584344243534
11.86684108,0.020187685969329367
11.86691904,0.029724574654764628
11.87183261,0.04180971999694819
11.88584065,0.02571145189593347
11.8859868,0.02639810788128481
11.88604546,0.03987182421606775
11.88609743,0.027405203326466773
11.90085912,0.022964827954528116
11.9009304,0.040451667048142216
11.90098429,0.03364614328221561
11.90103507,0.022247653925383384
11.9168694,0.03733882658121614
11.91694069,0.035919737544823374
11.94086337,0.020584420538643473
11.94093823,0.03466849774929427
11.94099331,0.03956664377813382
11.94890857,0.02191195544365606
11.94898176,0.029068436713206684
11.95495462,0.04048218509193561
11.9550159,0.024750133516441595
11.96085262,0.026504921034561684
11.96092653,0.04089417868314641
11.97488356,0.02766460669871061
11.97495699,0.023086900129701687
11.98790264,0.04057373922331579
11.98798084,0.032944228274967575
12.01185799,0.020569161516746776
12.01191831,0.03677424277103838
12.01196456,0.036530098420691236
12.0208602,0.021133745326924545
12.02092004,0.033829251544975965
12.03086185,0.0392309452964065
12.03092051,0.02288853284504463
12.03783679,0.03137254901960784
12.03790188,0.042374303807125965
12.03795409,0.026535439078355077
12.03800678,0.02887006942854963
12.06191278,0.042710002288853285
12.06198931,0.02937361715114061
12.06203341,0.02366674296177615
12.06207395,0.04153505760280766
12.06211352,0.035416189822232394
12.0749476,0.023422598611429007
12.07501769,0.03959716182192721
12.08788419,0.03904783703364614
12.0879209,0.022400244144350347
12.09494662,0.03421072709239338
12.09501863,0.03906309605554284
12.10787797,0.023147936217288473
12.10794997,0.030579079880979628
12.12194562,0.040283817807278556
12.1220274,0.024124513618677044
12.13092661,0.02528419928282597
12.13100457,0.040711070420386054
12.13106108,0.028809033340962846
12.13984394,0.023178454261081866
12.13988209,0.038956282902265965
12.15284324,0.03167772945754177
12.15287423,0.020462348363469902
12.16180396,0.036453803311207754
12.16182804,0.03564507515068284
12.17582107,0.020462348363469902
12.17584562,0.03334096284428168
12.18981528,0.03938353551537346
12.18984365,0.023422598611429007
12.18986773,0.03259327077134356
12.1898911,0.046890974288548104
12.20787573,0.03356984817273213
12.20795608,0.03613336385137713
12.21693444,0.0494697489890898
12.21701455,0.032227054245822846
12.21707034,0.02140840772106508
12.24081135,0.03649958037689784
12.24083877,0.03002975509269856
12.24086285,0.01982146944380865
12.25685167,0.036743724727244985
12.25690556,0.03642328526741436
12.25694156,0.020813305867093918
12.25697422,0.033279926756694896
12.26386452,0.03955138475623712
12.28700948,0.023437857633325704
12.28710651,0.030762188143739988
12.28889561,0.041260395208667124
12.28894496,0.024216067750057222
12.30190468,0.02613870450904097
12.30197668,0.041763942931258104
12.30794239,0.028381780727855344
12.30801344,0.02276646066987106
12.31598973,0.04023804074158847
12.31606102,0.03317311360341802
12.32993126,0.02145418478675517
12.33000517,0.03767452506294346
12.3300612,0.03747615777828641
12.34495211,0.022232394903486687
12.34502506,0.03550774395361257
12.36790395,0.042221713588159
12.36797953,0.025482566567483024
12.37691545,0.03164721141374838
12.37698674,0.04303044174868391
12.38985968,0.027145799954222935
12.38993168,0.027481498435950255
12.38998723,0.044251163500419625
12.39003706,0.03280689707789731
12.40291905,0.026047150377660793
12.40299201,0.04281681544213016
12.40307784,0.03665217059586481
12.42694592,0.025391012436102846
12.42702198,0.041718165865568015
12.42706728,0.04151979858091096
12.42710805,0.026840619516289004
12.42714763,0.037079423208972305
12.42718935,0.04324406805523766
12.44185686,0.02668802929732204
12.44188833,0.03376821545738918
12.44698906,0.044678416113527124
12.44706106,0.027054245822842757
12.46087193,0.026550698100251773
12.46093249,0.04200808728160525
12.46097994,0.030350194552529183
12.47584009,0.024612802319371328
12.49988365,0.04029907682917525
12.49998546,0.033279926756694896
12.50004148,0.021637293049515526
12.50009012,0.037125200274662394
12.50181866,0.03648432135500115
12.50187135,0.021423666742961776
12.51591325,0.034042877851529714
12.51599336,0.03949034866865034
12.52982068,0.02136263065537499
12.52988625,0.028381780727855344
12.52993083,0.04097047379262989
12.55490446,0.02542153047989624
12.55500174,0.025513084611276417
12.55505538,0.040833142595559625
12.55509067,0.02937361715114061
12.56286764,0.023437857633325704
12.56291842,0.03997863736934462
12.57090044,0.03433279926756695
12.5709703,0.02299534599832151
12.58588696,0.03701838712138552
12.58594155,0.03768978408484016
12.60788202,0.020996414129854278
12.60794353,0.033035782406347754
12.6098268,0.040115968566414896
12.61586475,0.023361562523842222
12.61592007,0.030289158464942397
12.62482762,0.04127565423056382
12.62488365,0.026672770275425344
12.62492514,0.027405203326466773
12.62496519,0.04147402151522087
12.63985109,0.028412298771648737
12.639925,0.022491798275730526
12.65385389,0.03993286030365453
12.65390348,0.03343251697566186
12.67687249,0.021896696421759364
12.67694569,0.03831540398260472
12.67699265,0.03735408560311284
12.70188212,0.020752269779507133
12.70194364,0.03279163805600061
12.7019875,0.039917601281757836
12.70202827,0.022842755779354542
12.70987034,0.030167086289768826
12.70991993,0.042160677500572216
12.72288418,0.024750133516441595
12.72294044,0.025604638742656595
12.73690772,0.04103150988021668
12.73698092,0.02865644312199588
12.73703504,0.022919050888838024
12.73708582,0.041214618142977034
12.7371347,0.03350881208514534
12.76085806,0.021316853589684902
12.76091695,0.037628747997253374
12.76096177,0.038742656595712216
12.76100326,0.023819333180743113
12.76281238,0.03407339589532311
12.76284671,0.03932249942778668
12.77182555,0.023025864042114902
12.77186251,0.030823224231326773
12.78587842,0.0435034714274815
12.78593898,0.027954528114747846
12.7998786,0.027862973983367668
12.79993486,0.04310673685816739
12.79997754,0.03179980163271534
12.80784702,0.026169222552834364
12.80788255,0.04151979858091096
12.81682777,0.03504997329671168
12.81685352,0.02340733958953231
12.83081913,0.03854428931105516
12.83085561,0.03764400701915007
12.83980632,0.022018768596932938
12.83983183,0.03488212405584802
12.86684656,0.04132143129625391
12.86688399,0.022125581750209813
12.86691451,0.028305485618371862
12.86694503,0.040329594872968645
12.87289023,0.025696192874036773
12.87294555,0.026123445487144275
12.88219953,0.04168764782177462
12.88230729,0.030670634012359806
12.89588022,0.02307164110780499
12.89593792,0.03918516823071641
12.90991187,0.03225757228961624
12.90996289,0.02128633554589151
12.92286539,0.036957351033798734
12.92292738,0.0357976653696498
12.92486286,0.021469443808651865
12.92494655,0.03631647211413749
12.93386841,0.04293888761730373
12.93985677,0.02861066605630579
12.93992257,0.03915465018692302
12.95289302,0.05178912031738766
12.95296192,0.03334096284428168
12.967839,0.027176317998016328
12.96789885,0.03901731898985275
12.98119378,0.026123445487144275
12.98134232,0.021164263370717938
12.98141646,0.038910505836575876
12.98148417,0.03314259555962463
12.99087048,0.02178988326848249
12.99093103,0.037460898756389714
13.00591373,0.03730830853742275
13.00596714,0.021728847180895704
13.00600863,0.03346303501945525
13.02291441,0.04022278171969177
13.02298951,0.02323949034866865
13.03687143,0.029236285954070344
13.03692818,0.04174868390936141
13.03697157,0.026382848859388113
13.03701282,0.02656595712214847
13.04701543,0.04219119554436561
13.04710627,0.029831387808041506
13.06087327,0.023468375677119097
13.06093001,0.041336690318150605
13.06097364,0.03573662928206302
13.08597231,0.0217441062027924
13.0860424,0.037293049515526054
13.0860827,0.03848325322346838
13.08611774,0.02349889372091249
13.09583926,0.03535515373464561
13.09587955,0.04077210650797284
13.10480356,0.02452124818799115
13.10483122,0.032166018158236054
13.11785436,0.04527351796749828
13.11788034,0.028091859311818113
13.12482977,0.029434653238727397
13.12485838,0.04626535439078355
13.13683128,0.03251697566186008
13.16081524,0.025223163195239186
13.16085052,0.04278629739833677
13.16092443,0.03768978408484016
13.17585874,0.02554360265506981
13.17593861,0.041763942931258104
13.17599678,0.04151979858091096
13.17604852,0.024826428625925077
13.18799257,0.03761348897535668
13.18810749,0.04284733348592355
13.19302106,0.025314717326619364
13.19318819,0.03228809033340963
13.2068212,0.04423590447852293
13.22087932,0.02708476386663615
13.22093678,0.026123445487144275
13.22098017,0.04168764782177462
13.22102165,0.029999237048905166
13.2358222,0.022110322728313116
13.23588419,0.039169909208819714
13.2359283,0.033325703822384985
13.23596859,0.021164263370717938
13.25009871,0.0375066758220798
13.25021005,0.03605706874189364
13.26284838,0.01953154802777142
13.26292491,0.031692988479438466
13.27182055,0.03920042725261311
13.28588486,0.022171358815899902
13.28594851,0.028885328450446328
13.29187083,0.04147402151522087
13.29193401,0.02561989776455329
13.30083537,0.02491798275730526
13.3008945,0.04013122758831159
13.30094028,0.028992141603723202
13.30098271,0.023041123064011598
13.31587338,0.04019226367589838
13.31592345,0.03485160601205463
13.3299005,0.022186617837796598
13.32996655,0.03665217059586481
13.34191751,0.03680476081483177
13.35619092,0.02107270923933776
13.35631227,0.03247119859616999
13.3563869,0.03904783703364614
13.35645628,0.02272068360418097
13.35652447,0.02877851529716945
13.35659122,0.04046692607003891
13.37195802,0.025467307545586328
13.37203312,0.02511635004196231
13.38495874,0.04130617227435721
13.3850174,0.029846646829938202
13.39895988,0.02320897230487526
13.39904952,0.04110780498970016
13.40886402,0.03305104142824445
13.41286922,0.02093537804226749
13.41291571,0.0366826886396582
13.42134333,0.03646906233310445
13.42146611,0.020645456626230258
13.4299314,0.03189135576409552
13.43002295,0.040115968566414896
13.44291043,0.02328526741435874
13.44297123,0.028976882581826506
13.45704484,0.040924696726939803
13.45713186,0.024963759822995348
13.47588491,0.024383916990920882
13.47594452,0.04086366063935302
13.47599006,0.030350194552529183
13.4760313,0.022659647516594186
13.4760704,0.039291981383993285
13.48447561,0.03477531090257115
13.49686837,0.021927214465552756
13.49693465,0.03810177767605097
13.51085401,0.04022278171969177
13.5109129,0.024414435034714275
13.52500415,0.03352407110704204
13.52514148,0.04025329976348516
13.52517939,0.024612802319371328
13.52521276,0.03105210955977722
13.53083825,0.043717097734035246
13.54485583,0.028000305180437935
13.5449307,0.02652018005645838
13.55098915,0.041092545967803464
13.55109906,0.0298619058518349
13.56587172,0.02247653925383383
13.5659349,0.03898680094605936
13.57898736,0.03308155947203784
13.57905531,0.02009613183794919
13.59194183,0.0362706950484474
13.59201932,0.03651483939879454
13.59205627,0.020309758144502938
13.59209013,0.032562752727550166
13.59212303,0.04036011291676204
13.60786557,0.02264438849469749
13.60793447,0.028122377355611506
13.6308732,0.04025329976348516
13.63093233,0.024338139925230793
13.63097644,0.023437857633325704
13.63102078,0.03877317463950561
13.64186549,0.0281528953994049
13.6419127,0.023315785458152133
13.64993191,0.04251163500419623
13.65001297,0.038406958113984896
13.66289926,0.02896162355992981
13.66297674,0.04657053482871748
13.66483212,0.04556343938353551
13.67787361,0.023346303501945526
13.6779294,0.029617761501487753
13.69185162,0.03509575036240177
13.69189858,0.020523384451056687
13.70086312,0.02532997634851606
13.70090914,0.03822384985122454
13.70587277,0.02481116960402838
13.70592356,0.024673838406958113
13.71585631,0.040924696726939803
13.71590757,0.029694056610971235
13.72786045,0.022583352407110704
13.72790813,0.03892576485847257
13.73087716,0.03338673990997177
13.74489641,0.021759365224689096
13.74496436,0.038040741588464176
13.75686312,0.03863584344243534
13.75690055,0.021728847180895704
13.76182652,0.03276112001220722
13.76185369,0.03973449301899748
13.77083349,0.024048218509193562
13.77086139,0.030762188143739988
13.77984905,0.041886015106431675
13.77987528,0.026092927443350882
13.79384065,0.025146868085755704
13.80185795,0.04141298542763409
13.80191875,0.030975814450293737
13.82783747,0.024414435034714275
13.8278687,0.041596093690394444
13.82789516,0.03596551461051346
13.82791901,0.02272068360418097
13.82794213,0.03819333180743115
13.84285045,0.040329594872968645
13.84291482,0.02520790417334249
13.84296751,0.03767452506294346
13.84886456,0.04483100633249409
13.84889984,0.026092927443350882
13.86182284,0.03187609674219882
13.87088871,0.04423590447852293
13.88492823,0.02981612878614481
13.88500714,0.029480430304417486
13.88506293,0.045685511558709084
13.88511586,0.03343251697566186
13.8949039,0.02499427786678874
13.89497733,0.04277103837644007
13.90289307,0.037201495384145876
13.90296674,0.023773556115053024
13.91692424,0.03772030212863355
13.91700387,0.03799496452277409
13.94087768,0.021881437399862667
13.94094062,0.032898451209277486
13.94098544,0.04074158846417945
13.94102502,0.023849851224536506
13.94106483,0.02887006942854963
13.95155931,0.0396429388876173
13.95163083,0.024414435034714275
13.96485829,0.023941405355916687
13.96492195,0.040039673456931414
13.96981311,0.029877164873731595
13.96986127,0.022354467078660258
13.98394394,0.03851377126726177
13.98400211,0.033829251544975965
14.00791597,0.020737010757610436
14.0080061,0.03613336385137713
14.0080502,0.03755245288776989
14.01084018,0.022278171969176776
14.01089668,0.03338673990997177
14.01786304,0.03955138475623712
14.01791406,0.02285801480125124
14.03286743,0.029236285954070344
14.03292131,0.04245059891660945
14.04687166,0.02618448157473106
14.04692316,0.024551766231784542
14.0598681,0.041931792172121764
14.0599184,0.030899519340810255
14.07287097,0.021683070115205615
14.07292628,0.03788815136949721
14.0729692,0.035416189822232394
14.08687568,0.021881437399862667
14.08692503,0.03646906233310445
14.08696508,0.038742656595712216
14.08700466,0.02102693217364767
14.10085368,0.031738765545128556
14.10089493,0.04075684748607614
14.10681462,0.023590447852292667
14.10684037,0.028381780727855344
14.13082266,0.041290913252460516
14.13084865,0.025955596246280615
14.13087177,0.025268940260929275
14.1308949,0.04101625085831998
14.13091803,0.029922941939421684
14.14581728,0.022796978713664453
14.14584303,0.039673456931410694
14.14586711,0.03480582894636454
14.14589,0.021469443808651865
14.160815,0.0362706950484474
14.16084075,0.037079423208972305
14.17483783,0.021759365224689096
14.19786716,0.03381399252307927
14.19793749,0.042877851529716945
14.19799709,0.02442969405661097
14.20184326,0.029266803997863737
14.20187902,0.043427176317998015
14.20786023,0.028259708552681773
14.20791054,0.026901655603875793
14.20795107,0.04248111696040284
14.21789861,0.032074464026855876
14.21793413,0.0243076218814374
14.233042,0.041214618142977034
14.25495553,0.03671320668345159
14.2550478,0.02320897230487526
14.25508547,0.037415121690699625
14.25512028,0.038742656595712216
14.25786972,0.022186617837796598
14.25792527,0.03224231326771954
14.26589012,0.041214618142977034
14.28627443,0.022735942626077667
14.28639865,0.026489662012664988
14.28791571,0.04023804074158847
14.28796768,0.026581216144045166
14.30188131,0.02485694666971847
14.30194044,0.040039673456931414
14.30689979,0.03015182726787213
14.3069489,0.022735942626077667
14.31628704,0.03904783703364614
14.31640768,0.0341039139391165
14.32994294,0.02043183031967651
14.33004808,0.0345616845960174
14.33010125,0.03790341039139391
14.34491134,0.02426184481574731
14.34496665,0.03738460364690623
14.35787535,0.04643320363164721
14.35793424,0.0319829098954757
14.36685824,0.03822384985122454
14.36690283,0.0486152437628748
14.3669374,0.02763408865491722
14.36697078,0.022339208056763562
14.38185763,0.03633173113603418
14.38190556,0.026794842450598915
14.39588618,0.02021820401312276
14.39594173,0.038834210727092394
14.39598298,0.03509575036240177
14.42090058,0.0217441062027924
14.420959,0.0362554360265507
14.42099547,0.03834592202639811
14.42103004,0.02311741817349508
14.42887402,0.03343251697566186
14.42902088,0.04042114900434882
14.44282579,0.024200808728160526
14.44285822,0.028900587472343024
14.44782925,0.04228274967574579
14.44787693,0.027603570611123826
14.47289228,0.02545204852368963
14.47295046,0.04151979858091096
14.47299218,0.0319829098954757
14.48692203,0.024292362859540704
14.48698878,0.040543221179522394
14.49486136,0.03578240634775311
14.49489784,0.022705424582284275
14.49492908,0.037796597238117034
14.5098598,0.04072632944228275
14.50992203,0.0247348744945449
14.52291846,0.03631647211413749
14.52299881,0.044373235675593196
14.54728222,0.026260776684214542
14.54742169,0.03100633249408713
14.54749799,0.044632639047837035
14.55601859,0.030716411078049895
14.55616927,0.02883955138475624
14.56185484,0.04486152437628748
14.5619204,0.035156786449988556
14.57586098,0.027054245822842757
14.57591224,0.04377813382162203
14.57595301,0.03981078812848096
14.57599282,0.026504921034561684
14.58081865,0.03973449301899748
14.58089042,0.04226749065384909
14.59886098,0.02618448157473106
14.59892488,0.03747615777828641
14.60485029,0.04455634393835355
14.61786866,0.026535439078355077
14.61791825,0.030426489662012664
14.62289381,0.043305104142824444
14.6229558,0.028625925078202486
14.63685632,0.02630655374990463
14.63692331,0.04098573281452659
14.6369679,0.03065537499046311
14.63700891,0.02320897230487526
14.65185022,0.04019226367589838
14.65190482,0.0354009308003357
14.67586875,0.021560997940032044
14.67594504,0.03637750820172427
14.67598152,0.0388189517051957
14.67601562,0.02276646066987106
14.67604852,0.03317311360341802
14.68387222,0.041596093690394444
14.68392658,0.024612802319371328
14.69716954,0.028976882581826506
14.69743133,0.041931792172121764
14.70285749,0.027100022888532846
14.70291662,0.025436789501792935
14.72737622,0.042328526741435876
14.72749591,0.03181506065461204
14.72894001,0.023147936217288473
14.72898817,0.04107728694590677
14.72902465,0.03682001983672847
14.74187279,0.021850919356069275
14.74192429,0.035660334172579536
14.75085735,0.03869687953002213
14.75089622,0.02288853284504463
14.75981998,0.033401998931868467
14.7598455,0.04180971999694819
14.78390574,0.025558861676966506
14.78398132,0.030457007705806057
14.78404093,0.04411383230334936
14.784091,0.027618829633020522
14.79790306,0.024719615472648202
14.79796362,0.04182497901884489
14.79986,0.032440680552376595
14.80781627,0.024048218509193562
14.80784488,0.04029907682917525
14.81687856,0.03543144884412909
14.81692863,0.02124055848020142
14.84089875,0.03633173113603418
14.84097433,0.04017700465400168
14.84103131,0.023392080567635615
14.84108329,0.0319829098954757
14.8508575,0.040924696726939803
14.8508966,0.025055313954375526
14.86348414,0.029694056610971235
14.86351204,0.04269474326695659
14.87386107,0.02851911192492561
14.87393069,0.026001373311970704
14.87398744,0.042496375982299536
14.89686584,0.03343251697566186
14.90192723,0.024780651560234988
14.9019897,0.041931792172121764
14.91188908,0.03852903028915847
14.91194892,0.023987182421606777
14.91787863,0.038666361486228734
14.91793394,0.04182497901884489
14.93109894,0.023727779049362935
14.93119764,0.034195468070496685
14.93127489,0.043717097734035246
14.94185042,0.0260166323338674
14.94189835,0.028213931486991684
14.95612764,0.04156557564660105
14.95621705,0.028213931486991684
14.98087025,0.02532997634851606
14.9809587,0.04080262455176623
14.98886061,0.03088426031891356
14.9889214,0.02285801480125124
14.98896551,0.04019226367589838
14.9890058,0.035584039063096054
15.00286031,0.021133745326924545
15.00292039,0.035584039063096054
15.0029614,0.038834210727092394
15.00885606,0.022232394903486687
15.00890827,0.032440680552376595
15.03196454,0.04013122758831159
15.0320828,0.022415503166247044
15.0408566,0.026626993209735255
15.04090738,0.04248111696040284
15.04985237,0.030457007705806057
15.04989672,0.03048752574959945
15.04993486,0.049393453879606315
15.04997468,0.042206454566262305
15.06987071,0.03234912642099642
15.06992936,0.04386968795300221
15.06997395,0.03512626840619516
15.07286286,0.018860151064316776
15.07291484,0.032990005340657665
15.09596562,0.036957351033798734
15.09603906,0.021210040436408027
15.09610367,0.032028686961165787
15.096174,0.04303044174868391
15.10689211,0.025848783093003737
15.10694671,0.026596475165941862
15.11485624,0.040497444113832305
15.11488557,0.02763408865491722
15.12284088,0.02435339894712749
15.12286782,0.041596093690394444
15.12985921,0.03276112001220722
15.15382886,0.023819333180743113
15.15385413,0.0401007095445182
15.15387774,0.03617914091706722
15.16292143,0.021881437399862667
15.16302109,0.03602655069810025
15.17287397,0.039459830624856945
15.17295337,0.02371252002746624
15.18591094,0.03442435339894713
15.18598986,0.04293888761730373
15.18604708,0.025345235370412757
15.19091558,0.029114213778896773
15.19095278,0.042999923704890516
15.21688962,0.02963302052338445
15.21696949,0.027557793545433737
15.23081994,0.0447699702449073
15.23088861,0.03463797970550088
15.23093462,0.0247348744945449
15.2309773,0.04115358205539025
15.23101807,0.03822384985122454
15.24084163,0.02520790417334249
15.24983168,0.040161745632104985
15.24989319,0.04324406805523766
15.26394367,0.026092927443350882
15.26405072,0.03569085221637293
15.27685165,0.04512092774853132
15.2858665,0.029388876173037308
15.28593993,0.03247119859616999
15.29983807,0.045426108186465246
15.29990053,0.03158617532616159
15.29994535,0.02810711833371481
15.29998708,0.043335622186617836
15.30684662,0.03360036621652552
15.30690598,0.02401770046540017
15.31486773,0.03994811932555123
15.31494069,0.03595025558861677
15.3379004,0.02084382391088731
15.33797932,0.03564507515068284
15.33981776,0.039078355077439536
15.3639605,0.02221713588158999
15.36403918,0.03126573586633097
15.36407542,0.0405279621576257
15.36411047,0.024612802319371328
15.37686992,0.02798504615854124
15.37692904,0.04127565423056382
15.37884641,0.02844281681544213
15.37889957,0.02504005493247883
15.38688183,0.039795529106584265
15.38694215,0.0302738994430457
15.39294457,0.021942473487449453
15.39301538,0.040039673456931414
15.3998816,0.035873960479133285
15.42417288,0.020279240100709545
15.42429209,0.03471427481498436
15.42436624,0.0392309452964065
15.42443538,0.022415503166247044
15.4309876,0.032074464026855876
15.43108654,0.0417792019531548
15.43986154,0.025192645151445793
15.43990016,0.02758831158922713
15.4528234,0.04182497901884489
15.4528482,0.028259708552681773
15.45885301,0.025070572976272222
15.45888805,0.04119935912108034
15.46684361,0.03170824750133516
15.48085809,0.02272068360418097
15.48088598,0.04058899824521248
15.49881482,0.03772030212863355
15.49884486,0.020904859998474096
15.49886918,0.03414969100480659
15.50585246,0.03904783703364614
15.50591111,0.023086900129701687
15.51988792,0.031952391851682305
15.51996779,0.04084840161745632
15.52591467,0.024933241779201955
15.52599406,0.028122377355611506
15.52605057,0.04248111696040284
15.56584525,0.02848859388113222
15.56592536,0.02491798275730526
15.56597209,0.04240482185091936
15.56601572,0.03407339589532311
15.56782985,0.022613870450904097
15.56787848,0.03859006637674525
15.56984806,0.036285954070344094
15.5699203,0.022613870450904097
15.58388376,0.03675898374914168
15.58395624,0.04089417868314641
15.5919385,0.02435339894712749
15.59201026,0.03418020904859999
15.6158998,0.04385442893110551
15.61597371,0.02839703974975204
15.61602902,0.03150988021667811
15.61786628,0.04438849469748989
15.61791444,0.03036545357442588
15.63186312,0.02763408865491722
15.63192344,0.04368657969024185
15.63892603,0.03414969100480659
15.63898635,0.02464332036316472
15.6518805,0.03901731898985275
15.65193629,0.03518730449378195
15.66389275,0.02128633554589151
15.6639421,0.03596551461051346
15.67694974,0.03968871595330739
15.69090605,0.0243076218814374
15.69096041,0.033203631647211414
15.6910038,0.04194705119401846
15.69104671,0.024704356450751506
15.71492314,0.02832074464026856
15.7149806,0.042710002288853285
15.72099876,0.02920576791027695
15.72107053,0.025513084611276417
15.72119641,0.04065003433279927
15.72125053,0.03137254901960784
15.73494029,0.021728847180895704
15.7350049,0.03970397497520409
15.7350421,0.03999389639124132
15.75802135,0.027405203326466773
15.75812054,0.041931792172121764
15.76007986,0.04911879148546578
15.76012826,0.03352407110704204
15.76016569,0.039887083237964444
15.76019979,0.045304036011291675
15.77489042,0.023514152742809186
15.77494025,0.0243076218814374
15.78290629,0.04034485389486534
15.78295469,0.02887006942854963
15.80708694,0.026092927443350882
15.80720639,0.04267948424505989
15.80724406,0.03402761882963302
15.80727839,0.023514152742809186
15.80731106,0.03926146334019989
15.82183933,0.038284885938811325
15.82186627,0.023422598611429007
15.82791805,0.0383764400701915
15.82797313,0.0417792019531548
15.84083962,0.023422598611429007
15.84086537,0.033447775997558556
15.84984708,0.044174868390936144
15.84987354,0.02691691462577249
15.86343837,0.029907682917524988
15.86348009,0.04522774090180819
15.87683964,0.03131151293202106
15.87686586,0.026764324406805522
15.88695478,0.0439459830624857
15.88700938,0.0349584191653315
15.8930459,0.024582284275577935
15.89312291,0.04251163500419623
15.90702343,0.04046692607003891
15.90708566,0.025055313954375526
15.92090082,0.0388189517051957
15.92094827,0.042877851529716945
15.93490386,0.026749065384908826
15.93496299,0.03639276722362097
15.93500805,0.046631570916304266
15.94989109,0.02998397802700847
15.94994521,0.032730601968413826
15.95492721,0.04757763027389944
15.95500088,0.03466849774929427
15.96201682,0.02912947280079347
15.96206546,0.04657053482871748
15.97488618,0.038574807354848556
15.97494626,0.02789349202716106
15.98895764,0.04386968795300221
15.98901558,0.04180971999694819
16.00190401,0.02627603570611124
16.00196242,0.038834210727092394
16.00200534,0.042206454566262305
16.0262742,0.02545204852368963
16.02637362,0.03335622186617838
16.03688097,0.04324406805523766
16.03693914,0.026886396581979097
16.03698158,0.028809033340962846
16.03702259,0.04284733348592355
16.03706217,0.029663538567177843
16.03710151,0.025909819180590526
16.06204987,0.04235904478522927
16.06211782,0.0336919203479057
16.06485915,0.023651483939879453
16.06490755,0.040207522697795074
16.06494451,0.03637750820172427
16.07287669,0.02183566033417258
16.07292795,0.03572137026016632
16.08709335,0.04063477531090257
16.08719301,0.02366674296177615
16.0959518,0.0324101625085832
16.09604454,0.04231326771953918
16.10995126,0.025909819180590526
16.11002707,0.028809033340962846
16.12394238,0.0435034714274815
16.12401509,0.030869001297016863
16.15697002,0.026260776684214542
16.15705824,0.04353398947127489
16.15711236,0.033997100785839625
16.15886497,0.022110322728313116
16.15891814,0.03865110246433204
16.15895033,0.03689631494621195
16.16088104,0.02337682154573892
16.16093445,0.0366826886396582
16.18592215,0.0409399557488365
16.18602467,0.024109254596780347
16.18608189,0.03305104142824445
16.18613267,0.04432745860990311
16.20122457,0.02742046234836347
16.20137882,0.028717479209582664
16.20143628,0.04245059891660945
16.20600533,0.029739833676661324
16.20610261,0.02528419928282597
16.21987867,0.041382467383840695
16.21996093,0.033203631647211414
16.24390054,0.023895628290226595
16.24397016,0.03999389639124132
16.24401665,0.03694209201190204
16.24405885,0.021805142290379186
16.25791192,0.0357976653696498
16.25799012,0.04107728694590677
16.25804615,0.023819333180743113
16.25809836,0.031906614785992216
16.25988674,0.04315251392385748
16.27293539,0.026977950713359275
16.27299738,0.02887006942854963
16.28688025,0.04351873044937819
16.28692722,0.03125047684443427
16.3010118,0.02664225223163195
16.30109525,0.04219119554436561
16.31487036,0.03509575036240177
16.31493092,0.024551766231784542
16.3149755,0.039795529106584265
16.31501746,0.03859006637674525
16.32988453,0.02442969405661097
16.32993031,0.03846799420157168
16.32996535,0.0400854505226215
16.34492302,0.021942473487449453
16.34498024,0.030640115968566414
16.350914,0.04147402151522087
16.35096693,0.024719615472648202
16.36508751,0.02673380636301213
16.36513448,0.04132143129625391
16.37791967,0.027725642786297397
16.37798047,0.023422598611429007
16.38490796,0.0405279621576257
16.38496256,0.03218127718013275
16.39290977,0.021377889677271687
16.39296269,0.03778133821622034
16.39900327,0.03610284580758373
16.4129653,0.021133745326924545
16.41305208,0.03321889066910811
16.43642306,0.036865796902418556
16.4365437,0.020782787823300525
16.4379859,0.0315403982604715
16.43804789,0.042969405661097124
16.43809438,0.028290226596475166
16.43814206,0.032562752727550166
16.45190358,0.04959182116426337
16.45197511,0.03643854428931106
16.46092439,0.026092927443350882
16.46099639,0.037415121690699625
16.46105218,0.02652018005645838
16.47785878,0.016327153429465172
16.47789097,0.03445487144274052
16.50185037,0.03428702220187686
16.50187707,0.021438925764858473
16.50190091,0.03547722590981918
16.50492597,0.03871213855191882
16.50497675,0.020401312275883116
16.5178597,0.02780193789578088
16.51792431,0.03955138475623712
16.52285576,0.024658579385061417
16.52293277,0.025818265049210344
16.5319097,0.040161745632104985
16.54690289,0.027527275501640344
16.5470047,0.023147936217288473
16.56093264,0.04058899824521248
16.56100583,0.032120241092545965
16.56106162,0.020874341954680704
16.56111169,0.03675898374914168
16.57110643,0.036453803311207754
16.57125926,0.021423666742961776
16.58498859,0.03530937666895552
16.5850544,0.04057373922331579
16.58985734,0.022461280231937133
16.58990741,0.02883955138475624
16.60394025,0.04065003433279927
16.65588403,0.024826428625925077
16.65595388,0.02691691462577249
16.65599775,0.04238956282902266
16.656039,0.029907682917524988
16.65607834,0.024444953078507668
16.65611839,0.04187075608453498
16.65616035,0.03466849774929427
16.65619898,0.023682001983672846
16.65782475,0.03999389639124132
16.65787244,0.039673456931410694
16.66684341,0.024277103837644008
16.66689467,0.03689631494621195
16.6808815,0.04153505760280766
16.69485903,0.024719615472648202
16.69490695,0.032532234683756774
16.6949482,0.0422369726100557
16.69498777,0.025177386129549097
16.69683146,0.02661173418783856
16.696872,0.041260395208667124
16.70597672,0.02784771496147097
16.70604825,0.02124055848020142
16.71588373,0.03778133821622034
16.71594286,0.030579079880979628
16.73901868,0.019806210421911954
16.73911977,0.03552300297550927
16.7391665,0.033997100785839625
16.74887371,0.01765468833447776
16.74893212,0.030457007705806057
16.75489044,0.03544670786602579
16.75494456,0.0200503547722591
16.76084375,0.02758831158922713
16.76088119,0.03768978408484016
16.76990151,0.021438925764858473
16.76992559,0.023514152742809186
16.78381872,0.039505607690547034
16.78384805,0.026855878538185704
16.80182505,0.020828564888990615
16.80185223,0.038330663004501414
16.81082344,0.03146410315098802
16.81084943,0.018005645838101776
16.81087255,0.033829251544975965
16.81982136,0.034271763179980166
16.81984854,0.01943999389639124
16.82882643,0.03254749370565347
16.84588003,0.03723201342793927
16.84596181,0.020187685969329367
16.84601951,0.027908751049057757
16.86483741,0.03956664377813382
16.86486244,0.02320897230487526
16.86488676,0.024246585793850615
16.86491013,0.039505607690547034
16.87484479,0.02691691462577249
16.87489748,0.022156099794003205
16.88790011,0.037125200274662394
16.88797379,0.02877851529716945
16.88988256,0.019302662699320974
16.88995552,0.036285954070344094
16.90512204,0.033661402304112305
16.90524673,0.017456321049820707
16.91886878,0.030777447165636684
16.91892838,0.03680476081483177
16.93187785,0.019928282597085525
16.93194485,0.027115281910429542
16.93199706,0.03920042725261311
16.94088292,0.023315785458152133
16.94095135,0.02349889372091249
16.95486832,0.038788433661402305
16.95492458,0.027344167238879988
16.96085215,0.02238498512245365
16.96090245,0.03852903028915847
16.98587561,0.030136568245975433
16.9859376,0.020279240100709545
16.98598146,0.03688105592431525
16.98602271,0.03607232776379034
17.00136399,0.02050812542915999
17.00148606,0.03314259555962463
17.00338769,0.03852903028915847
17.01087213,0.0217441062027924
17.01093149,0.028809033340962846
17.01987338,0.03978027008468757
17.01992869,0.02288853284504463
17.03433657,0.02316319523918517
17.03445816,0.03904783703364614
17.05693626,0.027115281910429542
17.05701256,0.021393148699168384
17.07095814,0.036743724727244985
17.07102203,0.029571984435797664
17.07105947,0.019119554436560618
17.071105,0.034042877851529714
17.0711534,0.031738765545128556
17.07991195,0.016311894407568476
17.07996798,0.0302738994430457
17.08490968,0.03677424277103838
17.08496213,0.01907377737087053
17.10785747,0.025635156786449988
17.10790896,0.037033646143282216
17.10980487,0.021591515983825436
17.10985732,0.024322880903334097
17.11882234,0.041260395208667124
17.11887383,0.030167086289768826
17.12582612,0.027023727779049364
17.12587357,0.046387426565957124
17.13485527,0.04036011291676204
17.14091349,0.02413977264057374
17.15484285,0.03271534294651713
17.15492034,0.02835126268406195
17.15496802,0.012863355458915083
17.16825223,0.0234531166552224
17.16835237,0.036957351033798734
17.17690396,0.02281223773556115
17.17697716,0.02362096589608606
17.18186927,0.038666361486228734
17.18192911,0.026977950713359275
17.19088769,0.021484702830548562
17.19095969,0.0371099412527657
17.19689775,0.029800869764248113
17.21083546,0.01931792172121767
17.21087813,0.03567559319447623
17.23582339,0.03572137026016632
17.235852,0.020157167925535974
17.23587656,0.03279163805600061
17.2359004,0.03903257801174945
17.23592377,0.020996414129854278
17.23594713,0.027557793545433737
17.25080276,0.03944457160296025
17.2508285,0.024124513618677044
17.25982308,0.024979018844892044
17.25984764,0.04113832303349355
17.28583217,0.029236285954070344
17.28589988,0.023254749370565347
17.28594303,0.040009155413138014
17.28598452,0.03317311360341802
17.29629374,0.02107270923933776
17.29639435,0.0362554360265507
17.30495191,0.0366826886396582
17.30502915,0.02178988326848249
17.31887865,0.03506523231860838
17.31894112,0.04180971999694819
17.32787395,0.024338139925230793
17.32792354,0.031189440756847486
17.34181118,0.04373235675593194
17.35583329,0.028336003662165255
17.3558898,0.029098954757000077
17.36482978,0.044129091325246055
17.36488867,0.03131151293202106
17.37883496,0.024078736552986955
17.37889361,0.040619516289005876
17.37893915,0.03418020904859999
17.37898064,0.02285801480125124
17.38684702,0.03889524681467918
17.38690376,0.03739986266880293
17.39586568,0.019470511940184634
17.39591098,0.0315403982604715
17.40583205,0.03765926604104677
17.41983509,0.020874341954680704
17.41989136,0.027817196917677575
17.43691945,0.03904783703364614
17.43697929,0.02288853284504463
17.43702507,0.02323949034866865
17.43706536,0.03904783703364614
17.45084453,0.027512016479743648
17.45092607,0.02186617837796597
17.45098209,0.03805600061036087
17.45103383,0.031067368581673915
17.46485996,0.019089036392767225
17.46493268,0.034699015793087665
17.46499014,0.035248340581368734
17.48991489,0.020523384451056687
17.48999047,0.03179980163271534
17.49004698,0.03698786907759213
17.49009824,0.02009613183794919
17.49187255,0.02789349202716106
17.49192071,0.04098573281452659
17.50592184,0.024505989166094453
17.50598097,0.02397192339971008
17.51987624,0.039795529106584265
17.51994705,0.029388876173037308
17.52587557,0.0217441062027924
17.52594876,0.03822384985122454
17.53985548,0.03314259555962463
17.548841,0.020965896086060882
17.5618329,0.03533989471274891
17.56191349,0.03572137026016632
17.56196856,0.01986724650949874
17.5620203,0.03147936217288472
17.57181311,0.03834592202639811
17.57187057,0.022827496757457846
17.58181667,0.02917524986648356
17.58187604,0.039749752040894176
17.58986139,0.023819333180743113
17.58993435,0.02383459220263981
17.60409117,0.03994811932555123
17.61687469,0.02868696116578927
17.61694217,0.021759365224689096
17.62283492,0.03820859082932784
17.62290692,0.032654306858930345
17.62984014,0.021210040436408027
17.62991929,0.037537193865873196
17.63785601,0.03759822995345998
17.63792872,0.021545738918135347
17.651829,0.03480582894636454
17.65188503,0.040497444113832305
17.67585421,0.023346303501945526
17.67591381,0.029358358129243915
17.67595625,0.041092545967803464
17.67599678,0.025726710917830166
17.67603683,0.025299458304722668
17.68583512,0.04060425726710918
17.68589425,0.028549629968719004
17.6948297,0.021652552071412222
17.69488382,0.0383764400701915
17.70886707,0.03210498207064927
17.70891595,0.019562066071564813
17.72187567,0.034119172961013196
17.72194147,0.03613336385137713
17.7359035,0.020752269779507133
17.73597574,0.03259327077134356
17.73603129,0.03808651865415427
17.73608232,0.02067597467002365
17.73613167,0.026459143968871595
17.7528975,0.03784237430380712
17.7529707,0.023346303501945526
17.77188921,0.023697261005569542
17.77196097,0.03865110246433204
17.77201557,0.025879301136797133
17.77206683,0.020187685969329367
17.79684734,0.03939879453727016
17.79694605,0.03529411764705882
17.81089044,0.025055313954375526
17.81096268,0.043472953383688104
17.81101799,0.04577706569008926
17.81106925,0.028076600289921417
17.8111186,0.03463797970550088
17.83487487,0.03588921950102998
17.83494925,0.01641870756084535
17.83500552,0.023514152742809186
17.83505702,0.03785763332570382
17.84990764,0.023559929808499275
17.84997129,0.02357518883039597
17.85788774,0.039169909208819714
17.8579483,0.027878233005264364
17.87190151,0.02107270923933776
17.87197423,0.0379339284351873
17.87202835,0.03268482490272374
17.87207937,0.019058518348973832
17.87212849,0.03447013046463722
17.88184571,0.03607232776379034
17.89587712,0.02026398107881285
17.89595723,0.03129625391012436
17.91989779,0.039246204318303196
17.91998816,0.021484702830548562
17.92003489,0.02754253452353704
17.92007709,0.04046692607003891
17.92987609,0.02532997634851606
17.92995477,0.02499427786678874
17.93488026,0.04058899824521248
17.93496108,0.029999237048905166
17.94089365,0.02178988326848249
17.94094396,0.038910505836575876
17.95882273,0.034607461661707486
17.96184063,0.021515220874341955
17.9619,0.03680476081483177
17.98493409,0.03813229571984436
17.9850111,0.02281223773556115
17.98504806,0.03494316014343481
17.98508191,0.041763942931258104
17.99486995,0.02528419928282597
17.99493885,0.03002975509269856
17.99498177,0.04293888761730373
18.00986147,0.028213931486991684
18.00991201,0.02763408865491722
18.01786089,0.04382391088731212
18.01790786,0.0328526741435874
18.04186583,0.026077668421454186
18.04191852,0.042664225223163196
18.04885197,0.03494316014343481
18.04890418,0.021591515983825436
18.04893875,0.03576714732585641
18.04897189,0.036575875486381325
18.06288052,0.020202944991226063
18.06294298,0.031860837720302126
18.06484413,0.038910505836575876
18.07489896,0.021377889677271687
18.07497048,0.02613870450904097
18.09086752,0.039246204318303196
18.09093118,0.024628061341268024
18.10086942,0.023132677195391776
18.10091901,0.03920042725261311
18.12589288,0.028244449530785077
18.12595654,0.019897764553292133
18.13188696,0.03631647211413749
18.13193846,0.031830319676508734
18.14088583,0.019226367589837492
18.14093709,0.03530937666895552
18.14097738,0.0362554360265507
18.1505847,0.01863126573586633
18.15064526,0.030411230640115968
18.15786672,0.037918669413290605
18.1579082,0.020813305867093918
18.171911,0.0264438849469749
18.17195964,0.04031433585107195
18.18592858,0.024704356450751506
18.18598747,0.02288853284504463
18.1860311,0.03851377126726177
18.18607163,0.0285648889906157
18.19991469,0.021210040436408027
18.19996881,0.03692683299000534
18.20000982,0.032867933165484094
18.2079041,0.019455252918287938
18.20794034,0.03547722590981918
18.23184776,0.03642328526741436
18.23187399,0.019256885633630885
18.23189807,0.030258640421149004
18.23192167,0.03904783703364614
18.23997188,0.021545738918135347
18.24004364,0.02597085526817731
18.25584865,0.03887998779278248
18.2558763,0.02459754329747463
18.26198268,0.023437857633325704
18.2620542,0.03926146334019989
18.28691387,0.028198672465094988
18.28700376,0.02067597467002365
18.28885531,0.03730830853742275
18.288908,0.032318608377203024
18.29691243,0.018707560845349813
18.29698586,0.03364614328221561
18.30391622,0.03613336385137713
18.30399013,0.020325017166399634
18.31705666,0.03176928358892195
18.3171742,0.04040588998245213
18.32595086,0.023147936217288473
18.32602453,0.026672770275425344
18.33516526,0.04013122758831159
18.35892653,0.02661173418783856
18.35899472,0.024612802319371328
18.35904169,0.04081788357366293
18.3590858,0.0302738994430457
18.36089611,0.022507057297627222
18.36094379,0.038803692683299
18.37000275,0.033661402304112305
18.37007356,0.02050812542915999
18.38204169,0.035660334172579536
18.38211131,0.036285954070344094
18.39593887,0.019928282597085525
18.39601159,0.030548561837186235
18.41036272,0.03889524681467918
18.41694093,0.021484702830548562
18.41703129,0.026077668421454186
18.42998123,0.03939879453727016
18.43005443,0.024002441443503473
18.43011045,0.02128633554589151
18.43016171,0.037537193865873196
18.43998599,0.02835126268406195
18.44005704,0.0200503547722591
18.44908047,0.03755245288776989
18.44920492,0.03302052338445106
18.46189737,0.018371862363622492
18.46197033,0.03215075913633936
18.47595882,0.03442435339894713
18.47602916,0.020035095750362403
18.47608709,0.03305104142824445
18.49087763,0.04379339284351873
18.49093938,0.029449912260624093
18.49098468,0.03665217059586481
18.49102759,0.04870679789425498
18.50585508,0.03131151293202106
18.50588226,0.022827496757457846
18.52984381,0.03512626840619516
18.52986956,0.025574120698863202
18.53783822,0.018768596932936598
18.53786349,0.0362706950484474
18.53788662,0.033234149691004806
18.56183076,0.019729915312428473
18.56185699,0.034653238727397576
18.56188083,0.03602655069810025
18.57715225,0.01901274128328374
18.57723165,0.029877164873731595
18.57728744,0.038834210727092394
18.5773387,0.022110322728313116
18.57738805,0.026749065384908826
18.59083819,0.04029907682917525
18.5908668,0.025482566567483024
18.60485291,0.023758297093156328
18.60487866,0.0400854505226215
18.61379099,0.0307011520561532
18.61398005,0.021896696421759364
18.61885571,0.03817807278553445
18.61890221,0.034485389486533916
18.62791061,0.020874341954680704
18.62797427,0.03523308155947204
18.62802005,0.03698786907759213
18.64085484,0.021210040436408027
18.65488553,0.03266956588082704
18.65496755,0.041046768902113374
18.66892385,0.024246585793850615
18.66900897,0.028793774319066146
18.66906881,0.04284733348592355
18.67494535,0.028763256275272753
18.67501807,0.02668802929732204
18.68893886,0.04274052033264668
18.68901563,0.032364385442893114
18.69393325,0.02397192339971008
18.69401598,0.04118410009918364
18.70632148,0.037628747997253374
18.70642185,0.023529411764705882
18.71993136,0.038574807354848556
18.72000957,0.04113832303349355
18.73286772,0.024383916990920882
18.73293042,0.03421072709239338
18.73297334,0.042664225223163196
18.74232292,0.025024795910582133
18.7424233,0.02887006942854963
18.75187802,0.042221713588159
18.75192714,0.027344167238879988
18.76487994,0.023041123064011598
18.76493478,0.03909361409933623
18.76992345,0.029846646829938202
18.76997113,0.019806210421911954
18.79292846,0.036957351033798734
18.79301405,0.03445487144274052
18.79484606,0.02026398107881285
18.79488659,0.03266956588082704
18.7949214,0.03544670786602579
18.80788994,0.020141908903639278
18.80795145,0.030136568245975433
18.81695056,0.03915465018692302
18.81701851,0.02264438849469749
18.84096479,0.027603570611123826
18.84101558,0.040711070420386054
18.84105301,0.02589456015869383
18.84108686,0.02307164110780499
18.85591817,0.03932249942778668
18.8559773,0.028717479209582664
18.8560226,0.020233463035019456
18.85606432,0.03790341039139391
18.87091947,0.03422598611429008
18.87097216,0.020462348363469902
18.87101316,0.03488212405584802
18.88587642,0.03756771190966659
18.89988041,0.021179522392614634
18.89996076,0.031036850537880523
18.91297555,0.03942931258106355
18.91307068,0.023422598611429007
18.91488361,0.02691691462577249
18.9149363,0.04040588998245213
18.92891502,0.027740901808194093
18.92899418,0.023559929808499275
18.93186688,0.03909361409933623
18.93995094,0.03048752574959945
18.9400301,0.021393148699168384
18.94008636,0.03726253147173266
18.96386814,0.03393606469825284
18.96894526,0.020141908903639278
18.9690249,0.03466849774929427
18.97488713,0.03889524681467918
18.97492528,0.02153047989623865
18.98290038,0.029602502479591057
18.98296595,0.03993286030365453
18.99688435,0.0234531166552224
18.99696445,0.02673380636301213
18.9970212,0.040619516289005876
19.01135921,0.026825360494392308
19.01149416,0.023224231326771955
19.03498387,0.03935301747158007
19.0350914,0.031570916304264895
19.03692293,0.02316319523918517
19.03699541,0.03904783703364614
19.03705001,0.0366674296177615
19.03710294,0.022232394903486687
19.05190778,0.03576714732585641
19.05196691,0.039169909208819714
19.05792689,0.022400244144350347
19.05798817,0.0324101625085832
19.06694269,0.04261844815747311
19.08023763,0.026092927443350882
19.0804112,0.029144731822690166
19.09392595,0.042999923704890516
19.09398437,0.02835126268406195
19.09789991,0.02481116960402838
19.09795475,0.04072632944228275
19.10696983,0.030777447165636684
19.10702825,0.022125581750209813
19.11593628,0.03735408560311284
19.11600113,0.03314259555962463
19.12989831,0.02029449912260624
19.12995768,0.035324635690852216
19.13887,0.036957351033798734
19.15403318,0.01974517433432517
19.15412807,0.030304417486839094
19.15420294,0.040665293354695965
19.15427279,0.02374303807125963
19.16893601,0.026428625925078202
19.16898632,0.039887083237964444
19.16901493,0.026199740596627757
19.16904473,0.02316319523918517
19.18684602,0.03901731898985275
19.18687558,0.031143663691157397
19.20683432,0.02401770046540017
19.20686364,0.041840238040741586
19.210814,0.04205386434729534
19.23185444,0.030777447165636684
19.23188329,0.04399176012817579
19.23190761,0.043045700770580606
19.23193145,0.02029449912260624
19.24589372,0.026047150377660793
19.24595404,0.03637750820172427
19.24599791,0.021057450217441064
19.24603248,0.02618448157473106
19.2603488,0.042877851529716945
19.26044774,0.027740901808194093
19.27299809,0.022705424582284275
19.27307796,0.0388189517051957
19.28684592,0.030563820859082932
19.28691769,0.021057450217441064
19.2888422,0.0379339284351873
19.28888535,0.0354009308003357
19.29687357,0.021042191195544367
19.29692268,0.03483634699015793
19.30285287,0.03851377126726177
19.30290008,0.022339208056763562
19.31790352,0.030762188143739988
19.31796002,0.041336690318150605
19.33501458,0.024002441443503473
19.33510971,0.027771419851987486
19.33515596,0.04303044174868391
19.34887481,0.02998397802700847
19.34893513,0.02456702525368124
19.34898019,0.04058899824521248
19.34902072,0.03218127718013275
19.36291456,0.022369726100556955
19.36299133,0.038666361486228734
19.37086034,0.03781185626001373
19.37090874,0.024444953078507668
19.40586805,0.03671320668345159
19.40591669,0.04022278171969177
19.40595174,0.024536507209887846
19.40598536,0.034912642099641414
19.40601802,0.044922560463874266
19.40784717,0.0277103837644007
19.40789819,0.03079270618753338
19.41686177,0.044800488288700695
19.41691065,0.031326771953917754
19.43086696,0.02673380636301213
19.43092537,0.04361028458075837
19.4548893,0.0354009308003357
19.4549489,0.025604638742656595
19.45499134,0.04187075608453498
19.45503163,0.038162813763637754
19.46552062,0.022247653925383384
19.46564031,0.035156786449988556
19.46571517,0.039246204318303196
19.47396493,0.022400244144350347
19.47404528,0.031326771953917754
19.48682833,0.04115358205539025
19.4868567,0.02447547112230106
19.49281693,0.026550698100251773
19.49284196,0.040375371938658734
19.5168376,0.028030823224231328
19.51686716,0.02276646066987106
19.51689148,0.03822384985122454
19.51691484,0.029877164873731595
19.52730632,0.020920119020370793
19.52734089,0.03799496452277409
19.52883554,0.03656061646448463
19.54180384,0.021728847180895704
19.55088496,0.033676661326009
19.55094981,0.03714045929655909
19.57487559,0.02093537804226749
19.57496357,0.031525139238574806
19.57500911,0.04151979858091096
19.57505083,0.0234531166552224
19.58484745,0.025803006027313648
19.58490324,0.040955214770733196
19.59085393,0.02703898680094606
19.59091234,0.022796978713664453
19.59687471,0.039887083237964444
19.61185789,0.03172350652323186
19.61192274,0.021255817502098116
19.6250062,0.03764400701915007
19.62511134,0.03578240634775311
19.64989185,0.021225299458304724
19.64997888,0.03517204547188525
19.65002441,0.03901731898985275
19.65006566,0.02128633554589151
19.65184331,0.029800869764248113
19.65189147,0.04048218509193561
19.66189075,0.02499427786678874
19.66196418,0.02681010147249561
19.6688838,0.03982604715037766
19.68185186,0.02703898680094606
19.68191934,0.022461280231937133
19.70586777,0.0401007095445182
19.70592833,0.03259327077134356
19.70597363,0.021301594567788205
19.70601535,0.03723201342793927
19.72085404,0.03535515373464561
19.7209022,0.020462348363469902
19.72094393,0.03347829404135195
19.72098351,0.038620584420538645
19.73488235,0.023041123064011598
19.73496222,0.030945296406500344
19.73501182,0.04043640802624552
19.74786639,0.02511635004196231
19.74792147,0.028137636377508202
19.78190565,0.04243533989471275
19.78198457,0.028595407034409093
19.78203058,0.023987182421606777
19.78207374,0.04119935912108034
19.78211546,0.03401235980773632
19.78215551,0.0238803692683299
19.78581953,0.0396429388876173
19.78586507,0.037628747997253374
19.80784082,0.023514152742809186
19.80790281,0.03613336385137713
19.80980134,0.03930724040588998
19.80983829,0.02153047989623865
19.80987144,0.029663538567177843
19.8250823,0.040283817807278556
19.82518053,0.02323949034866865
19.83141041,0.024841687647821773
19.83153296,0.03968871595330739
19.83990145,0.028030823224231328
19.83996654,0.023102159151598384
19.85287857,0.039124132143129625
19.85293007,0.031097886625467308
19.85988808,0.020416571297779813
19.85993528,0.03677424277103838
19.87386298,0.03556878004119936
19.88782716,0.020370794232089724
19.88785887,0.03201342793926909
19.89181614,0.036865796902418556
19.9009037,0.02197299153124285
19.90098429,0.031326771953917754
19.90104342,0.043045700770580606
19.90111184,0.029327840085450523
19.91585612,0.03556878004119936
19.91591692,0.05120927748531319
19.93987107,0.03480582894636454
19.93994617,0.022980086976424813
19.93998313,0.035584039063096054
19.94001722,0.027115281910429542
19.94006491,0.01879911497672999
19.95486665,0.03689631494621195
19.95492172,0.03466849774929427
19.96085668,0.019287403677424278
19.9609158,0.03292896925307088
19.97183895,0.03942931258106355
19.97190022,0.02243076218814374
19.97194409,0.0298619058518349
19.99813175,0.04058899824521248
19.99817681,0.025391012436102846
19.99822545,0.027008468757152668
19.99826026,0.040711070420386054
20.00984216,0.02865644312199588
20.00989914,0.024628061341268024
20.01783752,0.04113832303349355
20.01788592,0.03405813687342641
20.03235245,0.021560997940032044
20.03247523,0.0375066758220798
20.03726697,0.037125200274662394
20.03738427,0.022110322728313116
20.06087899,0.035584039063096054
20.06093645,0.04077210650797284
20.06098008,0.024338139925230793
20.06102085,0.032486457618066684
20.06106019,0.04277103837644007
20.07588005,0.026977950713359275
20.07593727,0.0285648889906157
20.08587551,0.0439002059967956
20.08592701,0.03266956588082704
20.09927797,0.02844281681544213
20.0993979,0.042160677500572216
20.11186624,0.03393606469825284
20.11192656,0.025177386129549097
20.12588811,0.041840238040741586
20.12595081,0.040924696726939803
20.12599349,0.026245517662317846
20.12603354,0.03834592202639811
20.12607312,0.04318303196765087
20.14085054,0.025574120698863202
20.14091158,0.03309681849393454
20.15482783,0.043884946974898906
20.15485644,0.028305485618371862
20.16899276,0.029571984435797664
20.16908741,0.043213550011444266
20.18184257,0.029663538567177843
20.18190241,0.023025864042114902
20.19596696,0.04022278171969177
20.19603777,0.03346303501945525
20.19609165,0.021438925764858473
20.19614267,0.0375066758220798
20.20995235,0.03778133821622034
20.21002364,0.020141908903639278
20.22391105,0.0324101625085832
20.22399068,0.03877317463950561
20.22404671,0.022369726100556955
20.22784686,0.029846646829938202
20.22788382,0.040619516289005876
20.24183559,0.025192645151445793
20.24186468,0.02545204852368963
20.26584768,0.03949034866865034
20.26587415,0.02758831158922713
20.26589799,0.022674906538490882
20.26592112,0.039795529106584265
20.27582049,0.03274586099031052
20.27587152,0.021133745326924545
20.28483343,0.03717097734035248
20.28488207,0.03688105592431525
20.29915953,0.02169832913710231
20.29928446,0.034363317311360345
20.31186152,0.039795529106584265
20.31195045,0.022705424582284275
20.33013272,0.029739833676661324
20.33024406,0.04132143129625391
20.33029032,0.026428625925078202
20.33033466,0.02703898680094606
20.33037567,0.040375371938658734
20.33992076,0.027267872129396506
20.33999586,0.022842755779354542
20.35488224,0.040283817807278556
20.35496759,0.03334096284428168
20.37692332,0.021057450217441064
20.37698412,0.0375066758220798
20.37702918,0.03717097734035248
20.37707186,0.021316853589684902
20.38687539,0.033661402304112305
20.38692904,0.03949034866865034
20.38883257,0.022461280231937133
20.38887119,0.030136568245975433
20.40219617,0.04103150988021668
20.40225434,0.02554360265506981
20.40229511,0.02627603570611124
20.41684914,0.04238956282902266
20.41690612,0.03015182726787213
20.44085097,0.02418554970626383
20.44091249,0.0417792019531548
20.44095802,0.03500419623102159
20.44100213,0.02323949034866865
20.44784212,0.03886472877088579
20.44789243,0.038910505836575876
20.46239161,0.022674906538490882
20.46251106,0.035156786449988556
20.46391892,0.04182497901884489
20.47192001,0.024658579385061417
20.47200084,0.030334935530632486
20.49665952,0.04168764782177462
20.4968183,0.0264438849469749
20.49795866,0.026260776684214542
20.49800611,0.041000991836423285
20.505831,0.0281528953994049
20.50587106,0.02311741817349508
20.51480293,0.040161745632104985
20.51482916,0.031998168917372394
20.52280569,0.019470511940184634
20.52283072,0.03607232776379034
20.52981353,0.03654535744258793
20.55681086,0.020492866407263294
20.55684137,0.032944228274967575
20.56533933,0.03904783703364614
20.56536651,0.02124055848020142
20.56539011,0.027176317998016328
20.56541324,0.039673456931410694
20.57481074,0.02575722896162356
20.57483578,0.028854810406652935
20.58279777,0.044510566872663464
20.58282304,0.03447013046463722
20.59684396,0.031952391851682305
20.59687066,0.04957656214236667
20.62488365,0.03935301747158007
20.62496448,0.019501029983978027
20.62502122,0.03131151293202106
20.62507176,0.03187609674219882
20.64689136,0.0178988326848249
20.64700007,0.031860837720302126
20.64705729,0.03985656519417105
20.64710808,0.02221713588158999
20.67086864,0.0277103837644007
20.67094564,0.040115968566414896
20.6710012,0.02532997634851606
20.67105222,0.025482566567483024
20.6858604,0.0413519493400473
20.68593907,0.029724574654764628
20.68599534,0.02349889372091249
20.68604684,0.03956664377813382
20.68609571,0.03262378881513695
20.69692039,0.020782787823300525
20.69700885,0.03836118104829481
20.70485139,0.039078355077439536
20.70491099,0.022232394903486687
20.71387863,0.033157854581521325
20.71394539,0.04113832303349355
20.72840452,0.023727779049362935
20.7285912,0.029831387808041506
20.74086452,0.042465857938506144
20.75482821,0.027191577019913024
20.75488234,0.027267872129396506
20.75492811,0.04214541847867552
20.75499034,0.03083848325322347
20.75682259,0.025177386129549097
20.75686789,0.042420080872816054
20.80695772,0.03698786907759213
20.80703473,0.024414435034714275
20.80707979,0.04069581139848936
20.80712152,0.04119935912108034
20.80716181,0.025024795910582133
20.80720234,0.037628747997253374
20.80724192,0.04461738002594034
20.80983925,0.027100022888532846
20.80989504,0.0324101625085832
20.81882858,0.04548714427405203
20.81891584,0.029907682917524988
20.83196378,0.029694056610971235
20.83204532,0.04353398947127489
20.8388412,0.03129625391012436
20.83889794,0.024505989166094453
20.8518734,0.04118410009918364
20.85192633,0.03418020904859999
20.86711407,0.021667811093308918
20.86723328,0.03706416418707561
20.86727142,0.03639276722362097
20.87588644,0.019897764553292133
20.87592554,0.03254749370565347
20.88480377,0.03970397497520409
20.88482928,0.02294956893263142
20.89801192,0.027832455939574275
20.89810133,0.03959716182192721
20.91081023,0.025268940260929275
20.91083932,0.02520790417334249
20.92786169,0.040451667048142216
20.9278872,0.029495689326314183
20.93082595,0.022491798275730526
20.9308815,0.03936827649347677
20.94582272,0.03312733653772793
20.94589257,0.020309758144502938
20.94593883,0.03595025558861677
20.95384002,0.036621652552071414
20.96781516,0.021271076523994813
20.9678688,0.03343251697566186
20.99082017,0.03961242084382391
20.9908812,0.022354467078660258
20.99092555,0.028580148012512397
20.9998579,0.041504539559014265
21.01382041,0.026581216144045166
21.01388526,0.026413366903181506
21.0139308,0.04019226367589838
21.01397181,0.028900587472343024
21.01401114,0.02221713588158999
21.02687693,0.03926146334019989
21.02696586,0.034271763179980166
21.04182529,0.020202944991226063
21.04188132,0.03552300297550927
21.04681492,0.03755245288776989
21.04686451,0.021545738918135347
21.07190943,0.03228809033340963
21.07199049,0.03985656519417105
21.07203436,0.022980086976424813
21.07207489,0.02780193789578088
21.07211471,0.04107728694590677
21.07215476,0.026031891355764097
21.07219386,0.025268940260929275
21.08683157,0.040665293354695965
21.08688593,0.029480430304417486
21.09784007,0.023315785458152133
21.09790874,0.040375371938658734
21.11986947,0.03468375677119097
21.11992741,0.021881437399862667
21.11997056,0.03732356755931945
21.12001157,0.0383916990920882
21.12182641,0.023315785458152133
21.12187576,0.03533989471274891
21.13249731,0.04187075608453498
21.14583445,0.024246585793850615
21.14588952,0.03060959792477302
21.14593267,0.043259327077134355
21.14597368,0.02835126268406195
21.16981244,0.025650415808346684
21.16984248,0.04013122758831159
21.1758256,0.03002975509269856
21.18989778,0.022507057297627222
21.18997741,0.03846799420157168
21.19003463,0.03430228122377356
21.19008732,0.021637293049515526
21.19013691,0.03500419623102159
21.19660544,0.03555352101930266
21.20980597,0.019729915312428473
21.22388101,0.03181506065461204
21.22396255,0.039581902800030516
21.22401905,0.02328526741435874
21.2368238,0.029144731822690166
21.23981094,0.04069581139848936
21.2398603,0.024628061341268024
21.24979973,0.023422598611429007
21.24984527,0.03904783703364614
21.2619071,0.030090791180285344
21.26197219,0.02511635004196231
21.26383138,0.04385442893110551
21.29035234,0.0413519493400473
21.29043174,0.03053330281528954
21.29048681,0.04550240329594873
21.2905376,0.043762874799725335
21.30584574,0.022827496757457846
21.30592489,0.029694056610971235
21.30597353,0.03561455710688945
21.3060174,0.020309758144502938
21.31482482,0.02810711833371481
21.31490445,0.04147402151522087
21.31496119,0.0264438849469749
21.32895637,0.023773556115053024
21.32900858,0.039963378347447925
21.34383368,0.030243381399252308
21.34389257,0.02316319523918517
21.35682893,0.039124132143129625
21.3568809,0.03398184176394293
21.36187172,0.021774624246585793
21.36193943,0.037201495384145876
21.37083077,0.03851377126726177
21.37088704,0.02169832913710231
21.37984443,0.03297474631876097
21.37990308,0.041168841077286945
21.40392613,0.024460212100404364
21.40401554,0.02865644312199588
21.40407228,0.041992828259708556
21.42916131,0.027023727779049364
21.42925715,0.02630655374990463
21.42930412,0.043091477836270695
21.42934728,0.031692988479438466
21.44286871,0.024841687647821773
21.44294167,0.041931792172121764
21.45090127,0.03633173113603418
21.45097375,0.023270008392462044
21.45588923,0.03865110246433204
21.45596051,0.04086366063935302
21.46491385,0.024963759822995348
21.46500254,0.03649958037689784
21.46504784,0.04379339284351873
21.47887731,0.02661173418783856
21.4789505,0.03268482490272374
21.50188756,0.04570077058060578
21.50195765,0.03091477836270695
21.50384092,0.02844281681544213
21.50388908,0.04510566872663462
21.50392556,0.03442435339894713
21.50395799,0.025680933852140077
21.51887798,0.042496375982299536
21.51894951,0.03785763332570382
21.53199077,0.023590447852292667
21.53207183,0.03799496452277409
21.53484583,0.03805600061036087
21.5438292,0.021423666742961776
21.56683922,0.03334096284428168
21.56689382,0.041550316624704355
21.5688498,0.024155031662470437
21.56894469,0.028000305180437935
21.56900096,0.04029907682917525
21.56905246,0.025696192874036773
21.58181143,0.02532997634851606
21.58187604,0.04205386434729534
21.59596014,0.0315403982604715
21.59602213,0.022064545662623027
21.59606409,0.03869687953002213
21.61085653,0.0332646677347982
21.61093712,0.02059967956054017
21.62486434,0.03642328526741436
21.62494278,0.03869687953002213
21.62499905,0.02204928664072633
21.62504911,0.032898451209277486
21.63984323,0.04005493247882811
21.63989925,0.023468375677119097
21.65389395,0.028595407034409093
21.6539669,0.04324406805523766
21.65402269,0.02912947280079347
21.66185665,0.02613870450904097
21.66189313,0.04023804074158847
21.68490887,0.029907682917524988
21.68498182,0.0225986114290074
21.69885588,0.039581902800030516
21.69894886,0.03471427481498436
21.69903135,0.02209506370641642
21.69911289,0.03735408560311284
21.70385766,0.0388189517051957
21.7039299,0.02255283436331731
21.72720957,0.03291371023117418
21.72728729,0.04084840161745632
21.72884846,0.023895628290226595
21.72890258,0.028641184100099183
21.73486733,0.0426489662012665
21.74886465,0.02716105897611963
21.74893618,0.025299458304722668
21.75689793,0.04144350347142748
21.7569685,0.03100633249408713
21.75894833,0.022964827954528116
21.75902057,0.03978027008468757
21.77187657,0.035324635690852216
21.77194047,0.02195773250934615
21.78184628,0.0371099412527657
21.78188705,0.03930724040588998
21.79581118,0.022781719691767757
21.79583764,0.03346303501945525
21.80885839,0.04219119554436561
21.8089149,0.02606240939955749
21.80895901,0.030167086289768826
21.824826,0.04339665827420462
21.82485247,0.02810711833371481
21.82487583,0.026550698100251773
21.82489896,0.04327458609903105
21.84282422,0.032776379034103915
21.84285283,0.022781719691767757
21.86183667,0.03901731898985275
21.86187387,0.03543144884412909
21.86682844,0.023025864042114902
21.86687016,0.03616388189517052
21.8669138,0.03646906233310445
21.87381101,0.0200503547722591
21.87383747,0.030930037384603648
21.8838439,0.03982604715037766
21.88387084,0.022903791866941327
21.89689064,0.027405203326466773
21.9048512,0.040375371938658734
21.90491104,0.026596475165941862
21.92887545,0.024933241779201955
21.92894125,0.04034485389486534
21.92898822,0.029800869764248113
21.92903137,0.020584420538643473
21.92907453,0.0371099412527657
21.94386697,0.03572137026016632
21.94394708,0.023422598611429007
21.9488883,0.03936827649347677
21.94896126,0.04524299992370489
21.96588182,0.030731670099946592
21.96594453,0.040161745632104985
21.98090339,0.04507515068284123
21.98096204,0.02328526741435874
21.98695612,0.025101091020065615
21.98702908,0.03901731898985275
21.99586797,0.024841687647821773
21.99591732,0.023086900129701687
22.00188231,0.04022278171969177
22.00987124,0.030518043793392843
22.00992799,0.02252231631952392
22.01889491,0.039627679865720605
22.0189414,0.035538261997405965
22.04190779,0.021149004348821242
22.0419836,0.03546196688792248
22.04384518,0.038406958113984896
22.04389501,0.02186617837796597
22.04890037,0.031403067063401235
22.04895234,0.03982604715037766
22.0618999,0.024048218509193562
22.06195402,0.028198672465094988
22.06386614,0.041260395208667124
22.0719049,0.027115281910429542
22.0719595,0.025268940260929275
22.09587455,0.04252689402609293
22.09592462,0.03338673990997177
22.09596086,0.023636224917982757
22.09599733,0.039719233997100784
22.11091375,0.03634699015793088
22.1109705,0.022903791866941327
22.11101317,0.03755245288776989
22.11105299,0.040543221179522394
22.12589717,0.02307164110780499
22.12595344,0.033951323720149536
22.12599444,0.042923628595407035
22.15089679,0.026504921034561684
22.15095949,0.031357289997711146
22.15100265,0.04594491493095293
22.15104318,0.03137254901960784
22.16584754,0.028747997253376057
22.16589189,0.045349813076981764
22.16592169,0.03521782253757534
22.16595006,0.026001373311970704
22.18394971,0.04345769436179141
22.184026,0.03913939116502632
22.19184136,0.02349889372091249
22.19187784,0.03877317463950561
22.20581794,0.04122987716487373
22.22082281,0.023437857633325704
22.23382759,0.03237964446478981
22.23388624,0.041550316624704355
22.23391986,0.023987182421606777
22.23395133,0.027435721370260166
22.23398089,0.04060425726710918
22.23980165,0.02606240939955749
22.24883461,0.023422598611429007
22.24891376,0.03981078812848096
22.29796743,0.030304417486839094
22.29806852,0.020965896086060882
22.29810572,0.03773556115053025
22.29984021,0.03398184176394293
22.29989266,0.020202944991226063
22.29993534,0.035034714274814985
22.2999754,0.03764400701915007
22.3000164,0.020660715648126955
22.30005813,0.03137254901960784
22.30683517,0.041290913252460516
22.30690455,0.023437857633325704
22.31687808,0.026214999618524453
22.31695628,0.040115968566414896
22.33010817,0.026321812771801328
22.33021259,0.024078736552986955
22.3398664,0.04046692607003891
22.3518734,0.0311284046692607
22.35194016,0.021499961852445258
22.35844803,0.037537193865873196
22.35851955,0.034485389486533916
22.36397481,0.020691233691920347
22.36406422,0.03434805828946365
22.37187767,0.03784237430380712
22.37193394,0.021057450217441064
22.38586807,0.030289158464942397
22.38592815,0.03976501106279087
22.39986992,0.02357518883039597
22.39994955,0.027862973983367668
22.39999819,0.040924696726939803
22.42400455,0.025528343633173113
22.42410088,0.023102159151598384
22.4241538,0.039673456931410694
22.4241991,0.030685893034256503
22.42585969,0.020798046845197222
22.42589784,0.03675898374914168
22.43987322,0.03405813687342641
22.43992257,0.020401312275883116
22.45388961,0.034821087968261236
22.45395231,0.03909361409933623
22.46694088,0.022278171969176776
22.46701264,0.031097886625467308
22.4670496,0.040711070420386054
22.47287369,0.02423132677195392
22.47292662,0.02798504615854124
22.4858911,0.042542153047989625
22.48594952,0.028290226596475166
22.49537253,0.025055313954375526
22.49547672,0.04127565423056382
22.51183462,0.03280689707789731
22.51186466,0.02316319523918517
22.5259192,0.038620584420538645
22.52599168,0.03439383535515374
22.52604628,0.01907377737087053
22.52609682,0.03312733653772793
22.52614665,0.03682001983672847
22.54081964,0.020019836728465707
22.54084635,0.02963302052338445
22.55384612,0.039505607690547034
22.55387211,0.021728847180895704
22.57384109,0.02508583199816892
22.57387161,0.040161745632104985
22.57389569,0.027054245822842757
22.57391953,0.022980086976424813
22.58383393,0.03817807278553445
22.5918529,0.028458075837338826
22.59190583,0.018936446173800258
22.59782887,0.03584344243533989
22.61185288,0.033035782406347754
22.61190987,0.02017242694743267
22.62187004,0.03572137026016632
22.62193537,0.0409399557488365
22.63589978,0.02661173418783856
22.63596678,0.03887998779278248
22.644871,0.0486305027847715
22.64492869,0.028336003662165255
22.64497232,0.025223163195239186
22.64501262,0.03688105592431525
22.65984869,0.021545738918135347
22.65991235,0.01821927214465553
22.65996289,0.03610284580758373
22.67484546,0.02920576791027695
22.67490745,0.020660715648126955
22.6990099,0.036453803311207754
22.69908452,0.03385976958876936
22.69912171,0.0196078431372549
22.69915652,0.03352407110704204
22.70583439,0.03744563973449302
22.70588803,0.020798046845197222
22.71583486,0.030090791180285344
22.71588612,0.039795529106584265
22.72899532,0.023422598611429007
22.72913647,0.026321812771801328
22.73789668,0.040619516289005876
22.75086951,0.026489662012664988
22.75092649,0.023514152742809186
22.76588106,0.040955214770733196
22.7659533,0.03175402456702525
22.76602197,0.022064545662623027
22.76605844,0.0383764400701915
22.78897452,0.03723201342793927
22.78907251,0.021667811093308918
22.79515862,0.03439383535515374
22.79528904,0.03926146334019989
22.79540491,0.022919050888838024
22.79552078,0.031692988479438466
22.79561257,0.04197756923781185
22.81985927,0.025726710917830166
22.81991935,0.028000305180437935
22.82582116,0.043335622186617836
22.82585907,0.029694056610971235
22.83997798,0.025360494392309453
22.84001613,0.04248111696040284
22.84004688,0.034485389486533916
22.84007597,0.02401770046540017
22.84881139,0.04058899824521248
22.84884119,0.03814755474174106
22.86185169,0.02264438849469749
22.86190152,0.036453803311207754
22.86383533,0.040711070420386054
22.88681221,0.023437857633325704
22.88684249,0.03225757228961624
22.88880205,0.041260395208667124
22.88882709,0.02349889372091249
22.8958087,0.02578774700541695
22.90882087,0.04069581139848936
22.90888023,0.025513084611276417
22.90892196,0.020477607385366598
22.91680026,0.03872739757381552
22.91682482,0.031097886625467308
22.9290092,0.01977569237811856
22.94184422,0.03479056992446784
22.94192791,0.03360036621652552
22.94197154,0.019562066071564813
22.95584702,0.033112077515831236
22.95592022,0.03730830853742275
22.95597458,0.02017242694743267
22.95602512,0.029327840085450523
22.97082591,0.039246204318303196
22.97089171,0.023224231326771955
22.98481345,0.02532997634851606
22.98487258,0.04013122758831159
22.99894309,0.02720683604180972
22.99900341,0.02252231631952392
23.00683236,0.03956664377813382
23.0138464,0.03126573586633097
23.01389241,0.02059967956054017
23.01989913,0.03651483939879454
23.01997066,0.03450064850843061
23.03389049,0.020325017166399634
23.03395176,0.03338673990997177
23.03399587,0.03863584344243534
23.03403592,0.021988250553139545
23.05889869,0.029327840085450523
23.05895424,0.038910505836575876
23.06685066,0.022781719691767757
23.06690598,0.025314717326619364
23.06880856,0.0401007095445182
23.07687163,0.027008468757152668
23.07692695,0.022659647516594186
23.0838747,0.039581902800030516
23.08393288,0.030930037384603648
23.09699559,0.019348439765011063
23.09708929,0.03663691157396811
23.11085153,0.034866865033951325
23.11090803,0.020248722056916153
23.12386584,0.03430228122377356
23.12394238,0.03968871595330739
23.13687682,0.0225986114290074
23.13693523,0.030090791180285344
23.13697958,0.041596093690394444
23.13885641,0.024368657969024186
23.13890505,0.02716105897611963
23.15187788,0.04231326771953918
23.15193272,0.02903791866941329
23.16586637,0.024292362859540704
23.16592431,0.04147402151522087
23.18380237,0.033661402304112305
23.1838305,0.02209506370641642
23.18581271,0.03665217059586481
23.18583703,0.034912642099641414
23.1953032,0.021301594567788205
23.19534802,0.03393606469825284
23.19982553,0.03778133821622034
23.20880365,0.021255817502098116
23.21783948,0.028580148012512397
23.21789956,0.03872739757381552
23.24585128,0.022705424582284275
23.24592137,0.0251621271076524
23.24596643,0.03985656519417105
23.25484061,0.026550698100251773
23.26381302,0.02264438849469749
23.2638793,0.03981078812848096
23.27781153,0.030594338902876324
23.27787375,0.018432898451209278
23.27791691,0.03437857633325704
23.28581858,0.03468375677119097
23.28587222,0.021820401312275882
23.28591323,0.0371099412527657
23.28595257,0.04269474326695659
23.31081676,0.028549629968719004
23.31088161,0.03904783703364614
23.31092572,0.0481879911497673
23.31096506,0.02566567483024338
23.3198154,0.02084382391088731
23.31986499,0.033997100785839625
23.32584023,0.024414435034714275
23.32588673,0.020965896086060882
23.33182955,0.037872892347600516
23.33882523,0.03117418173495079
23.33888865,0.02102693217364767
23.35181689,0.03701838712138552
23.35186839,0.03506523231860838
23.3758986,0.020325017166399634
23.37597442,0.0349736781872282
23.37602115,0.04042114900434882
23.37606239,0.02145418478675517
23.38182998,0.028091859311818113
23.38188219,0.04023804074158847
23.39615393,0.024704356450751506
23.39624,0.026855878538185704
23.39629126,0.04174868390936141
23.41086102,0.02877851529716945
23.41092348,0.02383459220263981
23.42567587,0.04057373922331579
23.42574978,0.03291371023117418
23.44387603,0.022034027618829635
23.44393468,0.038956282902265965
23.44397926,0.03772030212863355
23.44402003,0.022186617837796598
23.45386529,0.034912642099641414
23.45391941,0.04025329976348516
23.45886135,0.023682001983672846
23.45890808,0.03219653620202945
23.46487498,0.04353398947127489
23.47888136,0.0277103837644007
23.47893763,0.02920576791027695
23.49189425,0.0439002059967956
23.49194407,0.03172350652323186
23.50188351,0.026626993209735255
23.50193787,0.04419012741283284
23.50585532,0.03642328526741436
23.50590205,0.024872205691615166
23.5158751,0.03987182421606775
23.5159204,0.03910887312123293
23.52895975,0.024200808728160526
23.52904701,0.036575875486381325
23.52911711,0.04023804074158847
23.5438509,0.02272068360418097
23.5438838,0.030731670099946592
23.55690575,0.04147402151522087
23.56200457,0.02423132677195392
23.56210709,0.024658579385061417
23.57085776,0.040329594872968645
23.57095122,0.027527275501640344
23.5848515,0.022003509575036242
23.5849061,0.03930724040588998
23.59430909,0.03170824750133516
23.59444737,0.02029449912260624
23.6068244,0.03631647211413749
23.62087178,0.0345464255741207
23.62095118,0.019684138246738384
23.6210072,0.03350881208514534
23.62105894,0.03869687953002213
23.6448679,0.02043183031967651
23.64495587,0.02780193789578088
23.65090013,0.04074158846417945
23.65097857,0.024246585793850615
23.65103507,0.024078736552986955
23.65108705,0.03915465018692302
23.6598773,0.02758831158922713
23.65995717,0.02255283436331731
23.67382693,0.039887083237964444
23.68183398,0.03237964446478981
23.68188357,0.020630197604333562
23.69687819,0.03672846570534829
23.69692564,0.03639276722362097
23.7019465,0.020996414129854278
23.70200753,0.0328526741435874
23.70886946,0.038284885938811325
23.70894217,0.020416571297779813
23.7168684,0.028366521705958648
23.7169404,0.04046692607003891
23.7258594,0.023865110246433202
23.72593355,0.024536507209887846
23.72598958,0.03956664377813382
23.75386381,0.027557793545433737
23.75392532,0.022583352407110704
23.75397229,0.03920042725261311
23.75401449,0.031280994888227664
23.76387239,0.020279240100709545
23.76394439,0.03611810482948043
23.77190828,0.03634699015793088
23.77197123,0.022110322728313116
23.7818656,0.03421072709239338
23.78192544,0.03863584344243534
23.79585385,0.02145418478675517
23.79591346,0.029068436713206684
23.79990387,0.04113832303349355
23.82388473,0.02606240939955749
23.82395864,0.02677958342870222
23.82401323,0.041672388799877925
23.8240633,0.02877851529716945
23.83183789,0.023422598611429007
23.83188033,0.04084840161745632
23.83490539,0.03372243839169909
23.83495831,0.021316853589684902
23.85884237,0.03631647211413749
23.8588686,0.03573662928206302
23.85889339,0.01969939726863508
23.86631823,0.031189440756847486
23.86638618,0.03747615777828641
23.88982558,0.020782787823300525
23.88985133,0.027862973983367668
23.88987446,0.03872739757381552
23.88989758,0.022400244144350347
23.89181542,0.023392080567635615
23.90587521,0.03909361409933623
23.90595508,0.02677958342870222
23.91486764,0.021637293049515526
23.9149332,0.0383916990920882
23.93884683,0.029221026932173648
23.9389019,0.01722743572137026
23.93893886,0.03506523231860838
23.9538548,0.03730830853742275
23.95392823,0.022674906538490882
23.95397329,0.03573662928206302
23.95401454,0.044037537193865876
23.95985627,0.029907682917524988
23.95990276,0.038117036697947665
23.97489095,0.044586861982146946
23.97495246,0.021728847180895704
23.97984767,0.019562066071564813
23.97990203,0.036194399938963916
24.00405383,0.025268940260929275
24.00416183,0.02072175173571374
24.00419855,0.037918669413290605
24.00423265,0.03143358510719463
24.00426602,0.02043183031967651
24.01893306,0.03543144884412909
24.01900625,0.03518730449378195
24.02693605,0.0191958495460441
24.02700782,0.032227054245822846
24.03704619,0.03993286030365453
24.03715992,0.022339208056763562
24.06092,0.028168154421301595
24.06099343,0.04046692607003891
24.07489085,0.0251621271076524
24.07494092,0.025055313954375526
24.0749774,0.03987182421606775
24.08487868,0.029236285954070344
24.08493471,0.023346303501945526
24.09190607,0.039581902800030516
24.09195781,0.032898451209277486
24.0969038,0.021850919356069275
24.09695196,0.03802548256656748
24.11186266,0.038330663004501414
24.1119194,0.02252231631952392
24.13489008,0.03317311360341802
24.13498068,0.03955138475623712
24.14386797,0.023605706874189364
24.14392591,0.031448844129091325
24.14396906,0.04310673685816739
24.15689588,0.027481498435950255
24.15696335,0.027924010070954453
24.15701866,0.04402227817196918
24.15706825,0.032074464026855876
24.15884185,0.02618448157473106
24.15887594,0.044083314259555965
24.18184662,0.03656061646448463
24.18188691,0.02383459220263981
24.18787074,0.040039673456931414
24.18792224,0.040833142595559625
24.19581318,0.02357518883039597
24.19583774,0.03450064850843061
24.19586086,0.03999389639124132
24.21188664,0.02337682154573892
24.21194363,0.029922941939421684
24.21787739,0.039795529106584265
24.21793199,0.0238803692683299
24.23088765,0.02452124818799115
24.23093867,0.040283817807278556
24.24589825,0.02861066605630579
24.24597001,0.022003509575036242
24.25284147,0.03817807278553445
24.252877,0.032120241092545965
24.26082468,0.020706492713817044
24.26085305,0.036530098420691236
24.2758677,0.03472953383688106
24.27593684,0.018524452582589456
24.2848444,0.03158617532616159
24.28489494,0.039337758449683374
24.29887342,0.02243076218814374
24.29895139,0.027771419851987486
24.31285882,0.039291981383993285
24.31292605,0.023758297093156328
24.31786036,0.023773556115053024
24.31791544,0.03920042725261311
24.33085823,0.02934309910734722
24.33091092,0.022705424582284275
24.33095241,0.0383916990920882
24.34186888,0.03158617532616159
24.34192729,0.020416571297779813
24.36952066,0.03596551461051346
24.36959076,0.03717097734035248
24.36963892,0.022247653925383384
24.36967421,0.032486457618066684
24.37587714,0.037537193865873196
24.37593317,0.020996414129854278
24.38185787,0.028503852903028915
24.38191104,0.04098573281452659
24.39587212,0.024872205691615166
24.39592361,0.02401770046540017
24.39596343,0.04023804074158847
24.41087294,0.02868696116578927
24.41093087,0.02186617837796597
24.4349072,0.03826962691691463
24.43495417,0.03247119859616999
24.43498969,0.02072175173571374
24.43502355,0.0357976653696498
24.43784285,0.035828183413443196
24.43788886,0.020538643472953384
24.4518621,0.033447775997558556
24.45191383,0.04023804074158847
24.4650178,0.021896696421759364
24.46511674,0.026932173647669186
24.46519423,0.03935301747158007
24.47992945,0.024902723735408562
24.48001361,0.025238422217135882
24.4938755,0.041382467383840695
24.49393201,0.030472266727702754
24.49397492,0.023437857633325704
24.49401569,0.03906309605554284
24.50988102,0.03343251697566186
24.50993919,0.02197299153124285
24.52588272,0.03785763332570382
24.5259316,0.03918516823071641
24.5259726,0.023178454261081866
24.52601242,0.03418020904859999
24.55089927,0.04127565423056382
24.55095816,0.024841687647821773
24.55100441,0.030548561837186235
24.56484079,0.04153505760280766
24.57886124,0.024872205691615166
24.57893872,0.024002441443503473
24.57899308,0.040955214770733196
24.57904553,0.0302738994430457
24.57909536,0.022735942626077667
24.58782887,0.03773556115053025
24.59591103,0.03138780804150454
24.59598899,0.01977569237811856
24.60125351,0.03614862287327383
24.60140443,0.03634699015793088
24.62482285,0.0196078431372549
24.6248498,0.030991073472190434
24.63083839,0.038620584420538645
24.6308651,0.02209506370641642
24.63682723,0.02754253452353704
24.63685417,0.03920042725261311
24.64181209,0.023682001983672846
24.65085912,0.024673838406958113
24.65092206,0.0439154650186923
24.65886831,0.03405813687342641
24.65902472,0.02732890821698329
24.67187285,0.04750133516441596
24.68591022,0.04327458609903105
24.68598247,0.028381780727855344
24.69494486,0.038574807354848556
24.69501758,0.034744792858777754
24.69995856,0.017425803006027314
24.70003128,0.02963302052338445
24.70588923,0.03772030212863355
24.70598674,0.02169832913710231
24.71988845,0.028366521705958648
24.71996164,0.04118410009918364
24.72587729,0.02566567483024338
24.7259562,0.023865110246433202
24.73988795,0.039673456931410694
24.75388479,0.029236285954070344
24.75395584,0.022491798275730526
24.75889897,0.039505607690547034
24.75897193,0.03433279926756695
24.7639029,0.021438925764858473
24.76397347,0.0362554360265507
24.77186632,0.03723201342793927
24.77191615,0.02186617837796597
24.78086901,0.03375295643549248
24.7809186,0.040955214770733196
24.8048687,0.022705424582284275
24.80493045,0.028412298771648737
24.80497575,0.04205386434729534
24.80501866,0.02766460669871061
24.80505967,0.02656595712214847
24.81985927,0.04277103837644007
24.81988692,0.030075532158388648
24.82681656,0.02288853284504463
24.82684112,0.040924696726939803
24.83983445,0.03688105592431525
24.83986378,0.023392080567635615
24.84882998,0.03851377126726177
24.84885573,0.04043640802624552
24.87183881,0.024841687647821773
24.87186623,0.03646906233310445
24.87382865,0.04431219958800641
24.87386394,0.026886396581979097
24.87389374,0.032700083924620434
24.88882279,0.04548714427405203
24.88884902,0.029999237048905166
24.89386463,0.028168154421301595
24.89391112,0.043640802624551764
24.90684676,0.033234149691004806
24.90687752,0.024887464713511862
24.93449855,0.040375371938658734
24.9345367,0.03450064850843061
24.93456936,0.021560997940032044
24.9345994,0.03732356755931945
24.94691229,0.03814755474174106
24.94699264,0.02029449912260624
24.9470439,0.03176928358892195
24.94707417,0.03961242084382391
24.97484708,0.022400244144350347
24.97491646,0.02784771496147097
24.97496033,0.040833142595559625
24.97989488,0.02597085526817731
24.97994781,0.024963759822995348
24.98885131,0.039887083237964444
24.98888612,0.028458075837338826
24.99381638,0.02140840772106508
24.99984336,0.039581902800030516
25.00582457,0.03485160601205463
25.005862,0.020660715648126955
25.0198729,0.03530937666895552
25.01993132,0.03723201342793927
25.04387665,0.020798046845197222
25.04393363,0.03208972304875257
25.04397631,0.0401007095445182
25.04401612,0.022278171969176776
25.0440557,0.027969787136644542
25.0440948,0.04151979858091096
25.05985904,0.026367589837491417
25.05990696,0.02447547112230106
25.05994749,0.04119935912108034
25.07388163,0.030640115968566414
25.07393813,0.022110322728313116
25.08787799,0.0388189517051957
25.08793116,0.03407339589532311
25.10092854,0.021271076523994813
25.10100031,0.03572137026016632
25.10991931,0.03768978408484016
25.10999155,0.02026398107881285
25.11004639,0.03192187380788891
25.11009693,0.03942931258106355
25.12489676,0.022735942626077667
25.12496901,0.029358358129243915
25.12502432,0.04194705119401846
25.13991404,0.026504921034561684
25.13998508,0.024338139925230793
25.16491914,0.04084840161745632
25.16499329,0.02998397802700847
25.16504741,0.021850919356069275
25.16509891,0.03970397497520409
25.17086339,0.03390554665445945
25.17090535,0.019897764553292133
25.18383241,0.034821087968261236
25.18386173,0.03704890516517891
25.19182754,0.02136263065537499
25.19185328,0.03237964446478981
25.19982457,0.04017700465400168
25.2108345,0.023773556115053024
25.21087098,0.028824292362859542
25.22681665,0.04202334630350195
25.22684383,0.028595407034409093
25.22981191,0.027679865720607308
25.22983742,0.04243533989471275
25.23883653,0.030457007705806057
25.23886514,0.02328526741435874
25.24682689,0.04043640802624552
25.24686408,0.03576714732585641
25.25883341,0.022827496757457846
25.25886059,0.037125200274662394
25.28686881,0.03904783703364614
25.28693199,0.023758297093156328
25.29486871,0.03373769741359579
25.29492474,0.040711070420386054
25.29496646,0.0234531166552224
25.29500628,0.02801556420233463
25.30485654,0.040955214770733196
25.30490541,0.02664225223163195
25.31386542,0.025238422217135882
25.31392479,0.040283817807278556
25.3278594,0.028702220187685968
25.32791805,0.02043183031967651
25.3509016,0.03732356755931945
25.35097504,0.033875028610666054
25.3510108,0.0208896009765774
25.35486984,0.03567559319447623
25.3549211,0.03726253147173266
25.36387968,0.0196078431372549
25.36393094,0.02967879758907454
25.37186408,0.03854428931105516
25.37191463,0.0225986114290074
25.38588548,0.03036545357442588
25.38594317,0.04432745860990311
25.39985657,0.029968719005111773
25.39991021,0.030853742275120166
25.40484977,0.05017166399633784
25.41891479,0.04077210650797284
25.41896939,0.02732890821698329
25.41900992,0.03761348897535668
25.41904926,0.030945296406500344
25.42886686,0.01803616388189517
25.42891598,0.03360036621652552
25.44697475,0.037750820172426945
25.44704843,0.0217441062027924
25.44710302,0.030670634012359806
25.44715333,0.03920042725261311
25.46188211,0.02374303807125963
25.46193361,0.027954528114747846
25.46684813,0.04090943770504311
25.47390556,0.02673380636301213
25.47397518,0.02435339894712749
25.48688412,0.041260395208667124
25.48694158,0.031860837720302126
25.49589276,0.022247653925383384
25.4959476,0.0383764400701915
25.52088523,0.03547722590981918
25.52094245,0.022125581750209813
25.53387284,0.03588921950102998
25.53393078,0.03871213855191882
25.53398132,0.02276646066987106
25.5340302,0.032562752727550166
25.54788685,0.0409399557488365
25.55685568,0.024383916990920882
25.55690408,0.029480430304417486
25.55693817,0.04367132066834516
25.56883788,0.029739833676661324
25.568892,0.02713054093232624
25.59202671,0.042328526741435876
25.59209442,0.03263904783703365
25.59213972,0.024414435034714275
25.59218121,0.041260395208667124
25.6069386,0.03884946974898909
25.60701776,0.024979018844892044
25.6070745,0.039291981383993285
25.60885382,0.04209964141298543
25.60890722,0.025024795910582133
25.61684966,0.03512626840619516
25.61689997,0.04469367513542382
25.63084984,0.027557793545433737
25.63090348,0.031189440756847486
25.64486361,0.043762874799725335
25.64493012,0.02975509269855802
25.65890002,0.027069504844739453
25.65897226,0.043091477836270695
25.65902781,0.03271534294651713
25.65907836,0.02252231631952392
25.66086674,0.03851377126726177
25.67493129,0.0345616845960174
25.67500281,0.021057450217441064
25.70907378,0.035706111238269625
25.70915222,0.039002059967956054
25.70921373,0.022537575341420615
25.70925641,0.03141832608529793
25.71086168,0.03942931258106355
25.71093678,0.02285801480125124
25.71785355,0.027954528114747846
25.71792626,0.04174868390936141
25.73084784,0.0264438849469749
25.730901,0.0234531166552224
25.73094273,0.039581902800030516
25.7408812,0.030472266727702754
25.74093604,0.022018768596932938
25.75487828,0.038910505836575876
25.75493526,0.03517204547188525
25.76905513,0.021484702830548562
25.76915431,0.03602655069810025
25.77452874,0.03765926604104677
25.77471185,0.021499961852445258
25.78192568,0.03176928358892195
25.7819984,0.04075684748607614
25.80602193,0.02499427786678874
25.80609441,0.02848859388113222
25.80614924,0.041596093690394444
25.82189703,0.027649347676813915
25.82195711,0.024460212100404364
25.82985473,0.03987182421606775
25.82989168,0.031067368581673915
25.84397745,0.021652552071412222
25.84409761,0.03788815136949721
25.84413433,0.03476005188067445
25.84416819,0.021515220874341955
25.86782479,0.03595025558861677
25.86786127,0.03901731898985275
25.86788559,0.022003509575036242
25.86790895,0.030991073472190434
25.86793375,0.03981078812848096
25.87381411,0.0243076218814374
25.87383914,0.02981612878614481
25.89883184,0.04238956282902266
25.89886165,0.02716105897611963
25.89888597,0.023346303501945526
25.89890981,0.039459830624856945
25.90883684,0.030304417486839094
25.90886354,0.02178988326848249
25.91483283,0.038788433661402305
25.91486144,0.03590447852292668
25.9288218,0.022064545662623027
25.92884851,0.036194399938963916
25.94386196,0.03898680094605936
25.94404316,0.021667811093308918
25.95687699,0.031738765545128556
25.95695686,0.041550316624704355
25.9709599,0.025177386129549097
25.97105837,0.02887006942854963
25.97112703,0.04248111696040284
25.97117901,0.02934309910734722
25.98590136,0.02618448157473106
25.98597717,0.041886015106431675
25.99088788,0.0328374151216907
25.99096608,0.023956664377813384
26.00531077,0.04074158846417945
26.01992893,0.03852903028915847
26.02002048,0.024383916990920882
26.024894,0.03814755474174106
26.02495098,0.04089417868314641
26.02986503,0.02508583199816892
26.02991414,0.03390554665445945
26.03899765,0.041626611734187836
26.03909683,0.024170290684367133
26.05187273,0.027740901808194093
26.05193305,0.041992828259708556
26.05986381,0.02839703974975204
26.0599165,0.02426184481574731
26.0819242,0.04118410009918364
26.08198595,0.033203631647211414
26.08203197,0.02288853284504463
26.08986807,0.038040741588464176
26.08991885,0.03543144884412909
26.0958569,0.022003509575036242
26.0959053,0.03620965896086061
26.10489655,0.039459830624856945
26.10494924,0.02264438849469749
26.11386299,0.030853742275120166
26.1139164,0.0400854505226215
26.13686872,0.025482566567483024
26.13691854,0.031036850537880523
26.13695908,0.04748607614251926
26.1388464,0.035873960479133285
26.13888121,0.03385976958876936
26.15184093,0.05099565117875944
26.15189648,0.036957351033798734
26.16183519,0.02076752880140383
26.16187882,0.034119172961013196
26.17180133,0.032028686961165787
26.17182636,0.019180590524147403
26.18487,0.035538261997405965
26.18493676,0.039887083237964444
26.19881153,0.02333104448004883
26.1988368,0.033371480888075074
26.19886065,0.042298008697642483
26.2118063,0.02583352407110704
26.21482801,0.029571984435797664
26.21487832,0.04327458609903105
26.22681165,0.02908369573510338
26.22689772,0.025513084611276417
26.24092364,0.04281681544213016
26.24097419,0.034439612420843826
26.25482059,0.02392614633401999
26.25488472,0.039917601281757836
26.28883719,0.037415121690699625
26.28890657,0.023422598611429007
26.28895187,0.03810177767605097
26.2889936,0.041886015106431675
26.28903437,0.024582284275577935
26.29681897,0.03268482490272374
26.29686594,0.04269474326695659
26.3098073,0.027405203326466773
26.30985951,0.03192187380788891
26.309901,0.045426108186465246
26.30994177,0.03079270618753338
26.32581329,0.027176317998016328
26.32586837,0.04374761577782864
26.32590914,0.03596551461051346
26.33084226,0.02664225223163195
26.33087564,0.0435034714274815
26.34487009,0.04098573281452659
26.34494638,0.026245517662317846
26.34989691,0.03994811932555123
26.3499434,0.044632639047837035
26.36386323,0.02725261310749981
26.3639133,0.037125200274662394
26.37195992,0.0469062333104448
26.37203836,0.029739833676661324
26.38587475,0.031952391851682305
26.38593197,0.04737926298924239
26.39986873,0.03360036621652552
26.39992046,0.026703288319218737
26.39996123,0.04251163500419623
26.41385746,0.034912642099641414
26.41390371,0.025513084611276417
26.41393805,0.04248111696040284
26.41397285,0.03801022354467078
26.42889786,0.021988250553139545
26.42895103,0.03584344243533989
26.44194317,0.04019226367589838
26.44199872,0.023254749370565347
26.46592712,0.032486457618066684
26.46598196,0.04245059891660945
26.46602321,0.02664225223163195
26.46606278,0.028381780727855344
26.46610188,0.04205386434729534
26.4739337,0.028702220187685968
26.47398591,0.025070572976272222
26.48792195,0.042298008697642483
26.48797894,0.034439612420843826
26.49389386,0.02406347753109026
26.49394584,0.039917601281757836
26.51088881,0.03732356755931945
26.5109241,0.02238498512245365
26.53486514,0.03646906233310445
26.53490114,0.04089417868314641
26.54383922,0.023605706874189364
26.54387307,0.032440680552376595
26.54389811,0.04219119554436561
26.55182171,0.02597085526817731
26.55184674,0.029053177691309988
26.55187011,0.04328984512092775
26.56589913,0.030090791180285344
26.56596494,0.025406271457999542
26.59085345,0.04228274967574579
26.59092212,0.033783474479285876
26.5909698,0.024338139925230793
26.59483862,0.040161745632104985
26.60926223,0.03755245288776989
26.60934162,0.02276646066987106
26.60939693,0.03527885862516213
26.60944891,0.04089417868314641
26.60950041,0.023514152742809186
26.61593628,0.03175402456702525
26.6160326,0.04211490043488213
26.62986445,0.026214999618524453
26.62991929,0.028076600289921417
26.64412332,0.042801556420233464
26.64420485,0.03015182726787213
26.65188456,0.025650415808346684
26.65193129,0.04200808728160525
26.65892911,0.03372243839169909
26.65898561,0.023361562523842222
26.66487789,0.040115968566414896
26.67889547,0.03852903028915847
26.67895126,0.025238422217135882
26.68489242,0.037750820172426945
26.68494582,0.041962310215915156
26.69891977,0.025299458304722668
26.6989994,0.034241245136186774
26.72200561,0.044373235675593196
26.72209477,0.027862973983367668
26.72214437,0.029571984435797664
26.72218704,0.04449530785076677
26.72486258,0.03268482490272374
26.72493839,0.027862973983367668
26.73090076,0.043427176317998015
26.74500418,0.03402761882963302
26.7450757,0.023193713282978562
26.7451334,0.04005493247882811
26.7451849,0.037964446478980694
26.76996255,0.023193713282978562
26.77003622,0.0349736781872282
26.77009273,0.04005493247882811
26.77014375,0.02383459220263981
26.78505468,0.031326771953917754
26.78512526,0.04205386434729534
26.78991199,0.026123445487144275
26.78997183,0.026764324406805522
26.79887819,0.041672388799877925
26.80692315,0.029236285954070344
26.80699539,0.02423132677195392
26.83385634,0.04040588998245213
26.8338871,0.03314259555962463
26.8339119,0.022827496757457846
26.8339355,0.04060425726710918
26.83992553,0.040283817807278556
26.8399744,0.028625925078202486
26.85389018,0.04505989166094453
26.85394979,0.051606012054627295
26.86089468,0.029068436713206684
26.8609457,0.030975814450293737
26.86688614,0.0383916990920882
26.87988544,0.02093537804226749
26.8799212,0.023697261005569542
26.89583135,0.040787365529869536
26.89585948,0.02920576791027695
26.90183496,0.024551766231784542
26.90386534,0.041336690318150605
26.90392613,0.03341725795376516
26.903965,0.02264438849469749
26.92684507,0.039917601281757836
26.92687321,0.038406958113984896
26.92882109,0.022491798275730526
26.95193744,0.03610284580758373
26.95384526,0.041046768902113374
26.95391083,0.023559929808499275
26.97691894,0.03143358510719463
26.9769969,0.04219119554436561
26.9770546,0.026749065384908826
26.97710824,0.028503852903028915
26.98195815,0.043091477836270695
26.98203254,0.0302738994430457
26.98890543,0.02491798275730526
26.98898649,0.04139772640573739
26.99689746,0.033997100785839625
26.99694991,0.02320897230487526
26.99699116,0.03981078812848096
27.0111661,0.03904783703364614
27.01123953,0.02508583199816892
27.02495694,0.03739986266880293
27.02503204,0.04202334630350195
27.03886747,0.024750133516441595
27.03892708,0.033829251544975965
27.03897142,0.04599069199664302
27.03901529,0.029602502479591057
27.05387688,0.030930037384603648
27.05395365,0.04538033112077516
27.05986404,0.03251697566186008
27.05991888,0.026794842450598915
27.06584167,0.044083314259555965
27.08595252,0.037964446478980694
27.0860393,0.02613870450904097
27.09087491,0.04115358205539025
27.09093165,0.03915465018692302
27.09988642,0.023941405355916687
27.09994197,0.03598077363241016
27.09998417,0.04074158846417945
27.10002375,0.02409399557488365
27.11526632,0.03193713282978561
27.11538386,0.040711070420386054
27.12488794,0.02435339894712749
27.12493753,0.025726710917830166
27.1343503,0.04089417868314641
27.1569171,0.02851911192492561
27.15697956,0.02362096589608606
27.15883756,0.0392309452964065
27.15887594,0.03201342793926909
27.16384506,0.020584420538643473
27.16388083,0.037796597238117034
27.17183495,0.0362554360265507
27.17187667,0.02038605325398642
27.18085194,0.03318837262531472
27.18087673,0.03872739757381552
27.19483924,0.020950637064164186
27.19486785,0.028625925078202486
27.20384479,0.040375371938658734
27.21683693,0.02511635004196231
27.21983767,0.02554360265506981
27.21987128,0.041168841077286945
27.23198032,0.027969787136644542
27.23205996,0.02288853284504463
27.2321167,0.039627679865720605
27.23216963,0.033203631647211414
27.26691222,0.02157625696192874
27.26701403,0.03692683299000534
27.26885247,0.03555352101930266
27.26890612,0.021042191195544367
27.26894403,0.033829251544975965
27.27589321,0.03886472877088579
27.27597213,0.021820401312275882
27.28487659,0.028595407034409093
27.28492975,0.04025329976348516
27.2988553,0.0247348744945449
27.29892468,0.02511635004196231
27.29897237,0.04074158846417945
27.30484176,0.02827496757457847
27.31989169,0.022247653925383384
27.31998014,0.03918516823071641
27.33289266,0.032394903486686506
27.33295178,0.02153047989623865
27.33299375,0.03689631494621195
27.34694815,0.03643854428931106
27.3470211,0.020462348363469902
27.35089469,0.032867933165484094
27.35094404,0.03826962691691463
27.36591649,0.02050812542915999
27.365973,0.028717479209582664
27.38991237,0.03993286030365453
27.38997364,0.02435339894712749
27.40190053,0.025513084611276417
27.40195584,0.041382467383840695
27.40199804,0.029068436713206684
27.40203857,0.023102159151598384
27.40207815,0.040665293354695965
27.42592168,0.03479056992446784
27.425982,0.02230869001297017
27.42602682,0.03834592202639811
27.42606783,0.03764400701915007
27.42610669,0.0217441062027924
27.42614579,0.033325703822384985
27.43589711,0.03973449301899748
27.43594599,0.02442969405661097
27.44904399,0.031204699778744183
27.44912338,0.040039673456931414
27.47195935,0.02307164110780499
27.47203016,0.023849851224536506
27.47208428,0.03961242084382391
27.47396159,0.02749675745784695
27.47403193,0.02153047989623865
27.4868741,0.03846799420157168
27.48692322,0.031860837720302126
27.49387479,0.019256885633630885
27.49393082,0.0345464255741207
27.5068779,0.03476005188067445
27.50693178,0.019760433356221865
27.51387477,0.03234912642099642
27.51391578,0.03887998779278248
27.53683138,0.021057450217441064
27.53685856,0.02561989776455329
27.53881454,0.03680476081483177
27.54381728,0.022796978713664453
27.54384232,0.0260166323338674
27.55183101,0.04341191729610132
27.56085944,0.03250171663996338
27.56091928,0.030167086289768826
27.56985641,0.04882887006942855
27.56992078,0.04153505760280766
27.56996655,0.023422598611429007
27.59383106,0.033875028610666054
27.59984875,0.03225757228961624
27.5999136,0.017471580071717403
27.59996843,0.02954146639200427
27.60586739,0.03730830853742275
27.60592985,0.021820401312275882
27.61990476,0.027969787136644542
27.61996675,0.0392309452964065
27.62591314,0.024750133516441595
27.62598681,0.023422598611429007
27.63990736,0.038742656595712216
27.63997269,0.029068436713206684
27.65391302,0.02320897230487526
27.65396142,0.03848325322346838
27.6669209,0.031692988479438466
27.66699457,0.020691233691920347
27.66704988,0.036194399938963916
27.67193341,0.03605706874189364
27.67200589,0.020996414129854278
27.69592214,0.033279926756694896
27.69599724,0.03915465018692302
27.69605231,0.023361562523842222
27.6961031,0.031067368581673915
27.71108055,0.040619516289005876
27.71117949,0.0243076218814374
27.7199471,0.02511635004196231
27.72002482,0.04226749065384909
27.72591758,0.03279163805600061
27.72599053,0.02401770046540017
27.73090434,0.03904783703364614
27.74496865,0.03329518577859159
27.7450397,0.022537575341420615
27.75113297,0.038910505836575876
27.75123453,0.03904783703364614
27.76991773,0.023422598611429007
27.76999164,0.03576714732585641
27.7820375,0.04298466468299382
27.78213763,0.025238422217135882
27.78393507,0.03205920500495918
27.78398728,0.04469367513542382
27.79690599,0.02929732204165713
27.79696536,0.027069504844739453
27.79886556,0.04191653315022507
27.8068831,0.03039597161821927
27.80694246,0.023758297093156328
27.8309629,0.04019226367589838
27.83103943,0.03363088426031891
27.83108425,0.020752269779507133
27.83112526,0.03649958037689784
27.84603572,0.036408026245517665
27.84611917,0.019806210421911954
27.84618831,0.031403067063401235
27.84625745,0.03887998779278248
27.86092496,0.021484702830548562
27.86098385,0.026749065384908826
27.86102843,0.039337758449683374
27.87685871,0.02392614633401999
27.87688971,0.023422598611429007
27.88981843,0.03897154192416266
27.88984609,0.02789349202716106
27.90082431,0.021011673151750974
27.90485024,0.03810177767605097
27.9049058,0.0324101625085832
27.91407013,0.020538643472953384
27.91418028,0.03552300297550927
27.91425872,0.034699015793087665
27.92683029,0.01931792172121767
27.92884183,0.031952391851682305
27.95195103,0.039124132143129625
27.95202303,0.021271076523994813
27.954844,0.02737468528267338
27.95490098,0.039917601281757836
27.96284819,0.023682001983672846
27.96289539,0.024582284275577935
27.97086191,0.041626611734187836
27.97091842,0.02822919050888838
27.97990608,0.02102693217364767
27.97997975,0.03909361409933623
28.0039134,0.032166018158236054
28.00399184,0.018448157473105974
28.00404692,0.035538261997405965
28.01888728,0.03677424277103838
28.01894617,0.020447089341573205
28.01898909,0.030762188143739988
28.0190239,0.03805600061036087
28.02890182,0.02111848630502785
28.02897358,0.027115281910429542
28.03790689,0.039749752040894176
28.0379889,0.02532997634851606
28.05488586,0.023987182421606777
28.05494523,0.0401007095445182
28.07894754,0.029144731822690166
28.07901931,0.021087968261234456
28.07907581,0.03765926604104677
28.09193468,0.03237964446478981
28.09200764,0.019714656290531776
28.09206319,0.035156786449988556
28.09211397,0.03659113450827802
28.10389853,0.020477607385366598
28.10396242,0.032028686961165787
28.10889912,0.039246204318303196
28.10897183,0.023041123064011598
28.12187433,0.02975509269855802
28.12192678,0.0413519493400473
28.14589667,0.026199740596627757
28.14596558,0.025513084611276417
28.14601064,0.04168764782177462
28.15187621,0.030685893034256503
28.15192866,0.025391012436102846
28.15196991,0.04058899824521248
28.15200925,0.03274586099031052
28.16086745,0.018707560845349813
28.16090703,0.034119172961013196
28.16987062,0.03595025558861677
28.16989827,0.019623102159151598
28.18492723,0.03091477836270695
28.18498516,0.03955138475623712
28.19684982,0.02140840772106508
28.1968751,0.026169222552834364
28.1968987,0.03918516823071641
28.2128396,0.024048218509193562
28.21286535,0.023392080567635615
28.21585202,0.03952086671244373
28.21588349,0.029312581063553826
28.22985196,0.02021820401312276
28.229877,0.03654535744258793
28.23883104,0.030594338902876324
28.23886466,0.017517357137407492
28.26184082,0.03384451056687266
28.26186609,0.037796597238117034
28.26383352,0.024002441443503473
28.26385903,0.03743038071259632
28.27182651,0.04777599755855649
28.27186489,0.032440680552376595
28.28586388,0.035492484931715876
28.28592992,0.042755779354543375
28.29492831,0.022781719691767757
28.29500723,0.020111390859845885
28.31893373,0.03723201342793927
28.31901097,0.027527275501640344
28.31905723,0.020584420538643473
28.31909895,0.03743038071259632
28.33388805,0.032440680552376595
28.33394289,0.02050812542915999
28.33398342,0.0349736781872282
28.33586121,0.035370412756542305
28.33590126,0.02050812542915999
28.35086846,0.0307011520561532
28.35092521,0.038162813763637754
28.36590791,0.021667811093308918
28.36597991,0.027557793545433737
28.37983608,0.03993286030365453
28.37989616,0.02681010147249561
28.37993979,0.024338139925230793
28.37997985,0.039887083237964444
28.3918252,0.029907682917524988
28.39187312,0.02230869001297017
28.39888263,0.037705043106736856
28.40683532,0.033371480888075074
28.40688992,0.021606775005722133
28.43091774,0.03651483939879454
28.43096828,0.03744563973449302
28.43100858,0.02093537804226749
28.4310503,0.032608529793240255
28.4408536,0.04110780498970016
28.44090009,0.024658579385061417
28.45085859,0.03002975509269856
28.45091248,0.043091477836270695
28.46427226,0.02912947280079347
28.46437168,0.028381780727855344
28.46444654,0.04219119554436561
28.47990322,0.031067368581673915
28.47997975,0.024170290684367133
28.49187255,0.04158083466849775
28.49194479,0.037033646143282216
28.50105977,0.023590447852292667
28.5012536,0.03869687953002213
28.50587583,0.04017700465400168
28.50593638,0.023132677195391776
28.51990104,0.03402761882963302
28.51997185,0.040924696726939803
28.53011656,0.023590447852292667
28.53018737,0.02908369573510338
28.54188442,0.04231326771953918
28.54886222,0.02652018005645838
28.54890466,0.02383459220263981
28.57183623,0.03894102388036927
28.57480288,0.027389944304570077
28.57483673,0.0200503547722591
28.58683038,0.03654535744258793
28.58689308,0.03215075913633936
28.58696151,0.019226367589837492
28.58702517,0.033783474479285876
28.58706808,0.03613336385137713
28.60280681,0.02055390249485008
28.60283351,0.03031967650873579
28.60286427,0.038239108873121236
28.61480713,0.021149004348821242
28.61483407,0.026794842450598915
28.63883066,0.03985656519417105
28.6388638,0.02468909742885481
28.63888788,0.0234531166552224
28.63891196,0.0392156862745098
28.6389358,0.029098954757000077
28.63895917,0.0208896009765774
28.64881158,0.03826962691691463
28.64883709,0.03485160601205463
28.66180801,0.020447089341573205
28.66183639,0.03564507515068284
28.68682265,0.03723201342793927
28.68689442,0.019638361181048294
28.68880367,0.029724574654764628
28.68884301,0.03820859082932784
28.69684553,0.022507057297627222
28.69691253,0.027359426260776684
28.70389533,0.03997863736934462
28.7039845,0.025055313954375526
28.71683049,0.023422598611429007
28.716887,0.04127565423056382
28.72582865,0.029968719005111773
28.72588325,0.020660715648126955
28.72592545,0.03718623636224918
28.7508862,0.03381399252307927
28.75096226,0.020813305867093918
28.7510078,0.03447013046463722
28.75104928,0.0357976653696498
28.76612735,0.020080872816052493
28.76622581,0.030930037384603648
28.76630354,0.03863584344243534
28.76637411,0.02197299153124285
28.78089428,0.02848859388113222
28.78097034,0.04127565423056382
28.79485869,0.026123445487144275
28.79492378,0.023010605020218206
28.79988194,0.03938353551537346
28.82387781,0.029846646829938202
28.82393813,0.02178988326848249
28.82398176,0.03898680094605936
28.82402205,0.03527885862516213
28.82583499,0.021133745326924545
28.82587051,0.03617914091706722
28.84083843,0.039124132143129625
28.84587479,0.022491798275730526
28.84595323,0.0328374151216907
28.84600854,0.04119935912108034
28.85986042,0.024628061341268024
28.85988975,0.029022659647516595
28.87783384,0.041626611734187836
28.8818233,0.02754253452353704
28.88184905,0.026337071793698024
28.89081836,0.041000991836423285
28.89084482,0.029068436713206684
28.89086986,0.020752269779507133
28.90587425,0.03782711528191043
28.90593648,0.03280689707789731
28.91985893,0.018982223239490347
28.91992092,0.03413443198290989
28.94382834,0.03717097734035248
28.94389415,0.020538643472953384
28.94393992,0.03138780804150454
28.95786166,0.03913939116502632
28.95794177,0.021057450217441064
28.96284199,0.025513084611276417
28.96292162,0.039887083237964444
28.96886444,0.025436789501792935
28.96893811,0.02294956893263142
28.97484899,0.037964446478980694
28.97491145,0.02912947280079347
28.98682189,0.023514152742809186
28.98687196,0.041794460975051496
29.01186323,0.03961242084382391
29.01192451,0.029358358129243915
29.01196933,0.0456244754711223
29.01682639,0.04557869840543221
29.01688552,0.022323949034866866
29.03088927,0.0272983901731899
29.03096938,0.034317540245670256
29.03102565,0.01986724650949874
29.03107715,0.02627603570611124
29.03690171,0.04118410009918364
29.03695583,0.02618448157473106
29.05183887,0.022873273823147935
29.05189991,0.03903257801174945
29.07495618,0.0294193942168307
29.07505918,0.021683070115205615
29.07510614,0.03790341039139391
29.07515049,0.034241245136186774
29.0751915,0.021255817502098116
29.0848279,0.035584039063096054
29.08487558,0.037293049515526054
29.09888959,0.02084382391088731
29.09896278,0.031448844129091325
29.10389709,0.04074158846417945
29.10396743,0.024612802319371328
29.12695551,0.02699320973525597
29.12705469,0.040009155413138014
29.12887573,0.026626993209735255
29.1289351,0.025055313954375526
29.12898064,0.04101625085831998
29.14192319,0.031860837720302126
29.14200163,0.023224231326771955
29.15185857,0.03944457160296025
29.1519177,0.03585870145723659
29.16485143,0.022583352407110704
29.16488862,0.03744563973449302
29.17886281,0.04077210650797284
29.17892337,0.02447547112230106
29.19190836,0.034866865033951325
29.19197965,0.04335088120851453
29.19386744,0.025726710917830166
29.19391704,0.030731670099946592
29.19398499,0.04457160296025025
29.20685959,0.030090791180285344
29.22183347,0.0277103837644007
29.22190857,0.043930724040588995
29.22196269,0.0341039139391165
29.23688745,0.025299458304722668
29.23691916,0.04191653315022507
29.24881625,0.036743724727244985
29.2488451,0.02214084077210651
29.2538054,0.03654535744258793
29.25383162,0.03904783703364614
29.26182508,0.02191195544365606
29.26184964,0.031067368581673915
29.26381254,0.03909361409933623
29.27681088,0.02294956893263142
29.28381085,0.026672770275425344
29.28386021,0.04002441443503471
29.29688692,0.026535439078355077
29.29696584,0.022796978713664453
29.31082869,0.03901731898985275
29.31089449,0.02998397802700847
29.31680536,0.021255817502098116
29.31685472,0.03790341039139391
29.32584023,0.03373769741359579
29.32589602,0.020355535210193027
29.32593846,0.03472953383688106
29.34483027,0.03744563973449302
29.34488654,0.020401312275883116
29.35681009,0.030685893034256503
29.35686064,0.04098573281452659
29.38182068,0.02532997634851606
29.38188767,0.02746623941405356
29.38983202,0.03894102388036927
29.3898797,0.024795910582131684
29.40399718,0.02340733958953231
29.40407872,0.04034485389486534
29.40413475,0.031525139238574806
29.4041791,0.021606775005722133
29.40422034,0.037537193865873196
29.40984011,0.03401235980773632
29.40988755,0.020874341954680704
29.42183304,0.03654535744258793
29.42188358,0.03843747615777829
29.44586825,0.020950637064164186
29.44592738,0.030334935530632486
29.4459703,0.03918516823071641
29.44601035,0.022919050888838024
29.46083784,0.026947432669565882
29.4608891,0.041168841077286945
29.46093011,0.025955596246280615
29.46096921,0.02323949034866865
29.46100879,0.039673456931410694
29.47685218,0.030548561837186235
29.47691321,0.02153047989623865
29.49989104,0.03813229571984436
29.49994707,0.03494316014343481
29.49999046,0.01982146944380865
29.50003076,0.03445487144274052
29.5068419,0.03744563973449302
29.50688291,0.020920119020370793
29.51585388,0.031494621194781414
29.5159204,0.03955138475623712
29.52992821,0.022293430991073473
29.52999926,0.026840619516289004
29.53005481,0.04132143129625391
29.5448184,0.027832455939574275
29.54485273,0.025909819180590526
29.55884361,0.041260395208667124
29.55889893,0.030991073472190434
29.56702185,0.021820401312275882
29.56709313,0.039795529106584265
29.5718329,0.03715571831845579
29.57187009,0.02276646066987106
29.58190513,0.036087586785687034
29.58197689,0.039337758449683374
29.59495378,0.022980086976424813
29.59502482,0.03329518577859159
29.61986446,0.04260318913557641
29.61994696,0.025360494392309453
29.6200037,0.027618829633020522
29.62005424,0.040009155413138014
29.62691116,0.02606240939955749
29.62698412,0.02357518883039597
29.64586043,0.03961242084382391
29.64591956,0.030823224231326773
29.64595604,0.020737010757610436
29.64598942,0.03617914091706722
29.65882826,0.03280689707789731
29.65888548,0.01940947585259785
29.67187071,0.034271763179980166
29.6858654,0.0379339284351873
29.68593884,0.021545738918135347
29.69512916,0.02920576791027695
29.69526362,0.03781185626001373
29.69533753,0.020874341954680704
29.69540739,0.024750133516441595
29.70491719,0.041046768902113374
29.70499682,0.028747997253376057
29.71886492,0.026535439078355077
29.71893907,0.04574654764629587
29.72386122,0.04014648661020829
29.72393632,0.031525139238574806
29.73684859,0.04426642252231632
29.75088525,0.03529411764705882
29.75095654,0.016723887998779278
29.755867,0.0290074006256199
29.75593877,0.033997100785839625
29.7618804,0.019501029983978027
29.76195121,0.028702220187685968
29.7768569,0.039673456931410694
29.77697182,0.024292362859540704
29.78083086,0.026596475165941862
29.78088307,0.039581902800030516
29.80596042,0.02627603570611124
29.80603695,0.023590447852292667
29.80608153,0.04034485389486534
29.82885075,0.0315403982604715
29.82890415,0.022125581750209813
29.82894611,0.03820859082932784
29.82898664,0.035156786449988556
29.84384489,0.02128633554589151
29.8438828,0.0345464255741207
29.84391451,0.03855954833295186
29.86691403,0.022354467078660258
29.86700583,0.031067368581673915
29.86705136,0.04089417868314641
29.86882472,0.0247348744945449
29.86888623,0.02822919050888838
29.86891866,0.04328984512092775
29.89381957,0.02908369573510338
29.8938458,0.024200808728160526
29.89386964,0.04191653315022507
29.89389277,0.03259327077134356
29.89581513,0.023422598611429007
29.89584041,0.0400854505226215
29.90480685,0.03781185626001373
29.90483427,0.024460212100404364
29.91880417,0.03904783703364614
29.9188292,0.04180971999694819
29.93181396,0.02423132677195392
29.94182253,0.03492790112153811
29.95482016,0.044708934157320517
29.95487905,0.027862973983367668
29.95492268,0.0315556572823682
29.95496297,0.04536507209887846
29.95500255,0.02963302052338445
29.96181989,0.025879301136797133
29.97582722,0.043335622186617836
29.97588634,0.0349736781872282
29.97592759,0.023727779049362935
29.98182702,0.03875791561760891
29.98186398,0.03543144884412909
30.0058105,0.021332112611581598
30.00583839,0.034699015793087665
30.005862,0.03784237430380712
30.00588584,0.021057450217441064
30.02183151,0.030075532158388648
30.02187848,0.03936827649347677
30.0268352,0.022827496757457846
30.02688694,0.026245517662317846
30.04082894,0.04107728694590677
30.04088211,0.026947432669565882
30.05482507,0.022873273823147935
30.05487156,0.04013122758831159
30.06982279,0.032562752727550166
30.06987643,0.021881437399862667
30.06991696,0.03730830853742275
30.07783198,0.03425650415808347
30.07788134,0.020538643472953384
30.0818131,0.03407339589532311
30.08186007,0.03801022354467078
30.09582305,0.021728847180895704
30.09586883,0.030670634012359806
30.10488153,0.041260395208667124
30.1049509,0.024414435034714275
30.12892246,0.027191577019913024
30.12897468,0.042038605325398645
30.14284205,0.028595407034409093
30.14289093,0.02294956893263142
30.1429255,0.03904783703364614
30.15586281,0.031403067063401235
30.15592933,0.02162203402761883
30.16486716,0.03860532539864195
30.16491652,0.035919737544823374
30.17386007,0.020416571297779813
30.17391276,0.033707179369802394
30.18183494,0.03788815136949721
30.18188357,0.02124055848020142
30.18887663,0.030853742275120166
30.18892312,0.040543221179522394
30.20184469,0.02447547112230106
30.20189786,0.02681010147249561
30.20193863,0.04074158846417945
30.21582127,0.02639810788128481
30.21585178,0.022278171969176776
30.21588016,0.03970397497520409
30.2309494,0.031738765545128556
30.23101926,0.02072175173571374
30.23108029,0.03706416418707561
30.23685217,0.03556878004119936
30.25083494,0.022186617837796598
30.25089049,0.035370412756542305
30.26481152,0.03904783703364614
30.26485753,0.022919050888838024
30.26489162,0.032074464026855876
30.27981162,0.0422369726100557
30.27986479,0.025101091020065615
30.27990508,0.027832455939574275
30.27994442,0.04277103837644007
30.3068347,0.029831387808041506
30.30689335,0.025345235370412757
30.30979872,0.04164187075608453
30.30984569,0.03292896925307088
30.32286954,0.022003509575036242
30.3229239,0.03817807278553445
30.33083034,0.035034714274814985
30.33088899,0.020782787823300525
30.33093047,0.03430228122377356
30.33986259,0.038498512245365074
30.33991838,0.02124055848020142
30.35384035,0.029663538567177843
30.35390449,0.04031433585107195
30.36681128,0.023941405355916687
30.36687255,0.02578774700541695
30.38082242,0.03938353551537346
30.38087749,0.02691691462577249
30.3868413,0.023361562523842222
30.38691521,0.03930724040588998
30.39685297,0.03022812237735561
30.39693356,0.019668879224841687
30.39699101,0.0362706950484474
30.40683317,0.03646906233310445
30.40688229,0.023849851224536506
30.43001842,0.038788433661402305
30.430161,0.045807583733882655
30.43886352,0.03176928358892195
30.43894792,0.039887083237964444
30.45183516,0.04498359655146105
30.45189381,0.02285801480125124
30.45381713,0.022873273823147935
30.45386076,0.03675898374914168
30.45985436,0.023422598611429007
30.45990968,0.020920119020370793
30.46683288,0.04034485389486534
30.47584581,0.03268482490272374
30.47590113,0.021759365224689096
30.4989481,0.03739986266880293
30.49906611,0.035919737544823374
30.50383115,0.02093537804226749
30.50388312,0.034531166552224005
30.50983429,0.03906309605554284
30.5098815,0.02209506370641642
30.51885772,0.031189440756847486
30.51890635,0.041718165865568015
30.52702188,0.02459754329747463
30.52710009,0.027023727779049364
30.53185701,0.042160677500572216
30.54085517,0.028595407034409093
30.54089594,0.024124513618677044
30.55480433,0.04089417868314641
30.55482936,0.03338673990997177
30.56884742,0.023147936217288473
30.56890321,0.039673456931410694
30.56894493,0.037705043106736856
30.56898499,0.02226291294728008
30.58481264,0.03572137026016632
30.5848403,0.0405279621576257
30.59181809,0.024383916990920882
30.59184432,0.034195468070496685
30.61984921,0.04367132066834516
30.61990738,0.02801556420233463
30.62490416,0.03053330281528954
30.62496853,0.044846265354390784
30.63885045,0.0324254215304799
30.63891125,0.02737468528267338
30.63895607,0.043884946974898906
30.63899779,0.03654535744258793
30.64884567,0.02661173418783856
30.64889431,0.041504539559014265
30.65792775,0.038788433661402305
30.65800023,0.024109254596780347
30.67084742,0.038834210727092394
30.68486071,0.0422369726100557
30.6849153,0.023422598611429007
30.6849587,0.02951094834821088
30.68500137,0.040711070420386054
30.69990134,0.025314717326619364
30.70002604,0.027267872129396506
30.70010018,0.041886015106431675
30.70016336,0.028641184100099183
30.72483444,0.02333104448004883
30.72489095,0.03930724040588998
30.73890615,0.03143358510719463
30.73896909,0.02169832913710231
30.74687171,0.03852903028915847
30.76096225,0.03598077363241016
30.76103258,0.021042191195544367
30.76110172,0.035660334172579536
30.76117039,0.03889524681467918
30.77483916,0.020477607385366598
30.77489567,0.028763256275272753
30.78385997,0.03987182421606775
30.78390551,0.025406271457999542
30.78394556,0.027603570611123826
30.78398418,0.041626611734187836
30.79217744,0.027359426260776684
30.79231477,0.023315785458152133
30.81589627,0.04080262455176623
30.81597257,0.033279926756694896
30.81601691,0.021683070115205615
30.81605887,0.037628747997253374
30.81609917,0.036621652552071414
30.83085299,0.022156099794003205
30.83090138,0.0345616845960174
30.83584404,0.038452735179674985
30.8359015,0.021087968261234456
30.84980631,0.030136568245975433
30.84983397,0.04151979858091096
30.85884213,0.024719615472648202
30.85886765,0.026092927443350882
30.87182164,0.041382467383840695
30.88580656,0.02873273823147936
30.88583398,0.02409399557488365
30.8858583,0.041550316624704355
30.88588166,0.03347829404135195
30.89684868,0.0208896009765774
30.90383983,0.03646906233310445
30.90390062,0.03588921950102998
30.92592931,0.021606775005722133
30.92598844,0.033997100785839625
30.92603087,0.03926146334019989
30.92607045,0.023010605020218206
30.94186115,0.02981612878614481
30.94685054,0.041596093690394444
30.94690466,0.026092927443350882
30.95384574,0.02851911192492561
30.95389366,0.04351873044937819
30.95392871,0.029724574654764628
30.96184111,0.02459754329747463
30.97689605,0.041046768902113374
30.97696209,0.03352407110704204
30.97700477,0.023819333180743113
30.99985266,0.0400854505226215
30.99988222,0.03756771190966659
30.99990654,0.022827496757457846
30.99992967,0.035828183413443196
31.00585413,0.0400854505226215
31.00589442,0.022842755779354542
31.0199585,0.030121309224078737
31.02000856,0.039627679865720605
31.02629161,0.023422598611429007
31.02636671,0.025848783093003737
31.03989983,0.04191653315022507
31.03995633,0.028992141603723202
31.05391216,0.022446021210040436
31.05402946,0.03863584344243534
31.0668714,0.0311284046692607
31.06692839,0.02067597467002365
31.0688498,0.03706416418707561
31.06889606,0.035584039063096054
31.06893587,0.021210040436408027
31.08386779,0.032318608377203024
31.08391833,0.03633173113603418
31.09699798,0.020752269779507133
31.09707355,0.03192187380788891
31.12127924,0.04431219958800641
31.12139916,0.03060959792477302
31.12311816,0.03555352101930266
31.12323689,0.05133134966048676
31.12331128,0.036530098420691236
31.12338042,0.024551766231784542
31.1320169,0.036408026245517665
31.14192843,0.028625925078202486
31.14199162,0.018158236057068743
31.15486002,0.03418020904859999
31.15491748,0.03396658274204623
31.16886258,0.021042191195544367
31.16891098,0.034576943617914094
31.19195056,0.03985656519417105
31.19200587,0.022674906538490882
31.19204783,0.02920576791027695
31.19208837,0.040375371938658734
31.19728994,0.02442969405661097
31.19740963,0.02630655374990463
31.19756365,0.041290913252460516
31.21084809,0.028503852903028915
31.21088719,0.02362096589608606
31.22392464,0.0413519493400473
31.22398591,0.03421072709239338
31.24683261,0.022568093385214007
31.24686146,0.03755245288776989
31.24688506,0.03808651865415427
31.24690819,0.022674906538490882
31.25583291,0.03463797970550088
31.25585747,0.0392156862745098
31.26187062,0.022629129472800793
31.2618978,0.032028686961165787
31.27483439,0.04272526131074998
31.27489996,0.0260166323338674
31.29827666,0.027359426260776684
31.29840112,0.04278629739833677
31.29848957,0.031189440756847486
31.29856539,0.026123445487144275
31.31184483,0.04415960936903945
31.31193948,0.037033646143282216
31.31381345,0.02459754329747463
31.31385112,0.04014648661020829
31.32683992,0.040375371938658734
31.32690001,0.025818265049210344
31.32883501,0.038620584420538645
31.35186505,0.043762874799725335
31.3519237,0.02545204852368963
31.35381007,0.03247119859616999
31.35385466,0.04289311055161364
31.36302304,0.027512016479743648
31.36310339,0.027969787136644542
31.37087536,0.04260318913557641
31.37093735,0.028992141603723202
31.38584805,0.023422598611429007
31.38590026,0.040039673456931414
31.3898828,0.03228809033340963
31.3899312,0.020752269779507133
31.40387464,0.03706416418707561
31.41687679,0.036453803311207754
31.41693211,0.02102693217364767
31.42437696,0.033997100785839625
31.4244988,0.03886472877088579
31.43029881,0.020660715648126955
31.43041897,0.02827496757457847
31.43892455,0.040039673456931414
31.4389832,0.025467307545586328
31.45289755,0.0264438849469749
31.4529469,0.040787365529869536
31.4658525,0.02861066605630579
31.46589875,0.02311741817349508
31.47590804,0.039002059967956054
31.48990178,0.031830319676508734
31.48995733,0.02009613183794919
31.48999929,0.037201495384145876
31.49004149,0.036362249179827576
31.51188397,0.021011673151750974
31.51194072,0.03360036621652552
31.52086997,0.03938353551537346
31.5209198,0.022674906538490882
31.52096081,0.029785610742351417
31.52100039,0.040451667048142216
31.53488851,0.02578774700541695
31.53493643,0.027862973983367668
31.5418694,0.04139772640573739
31.55587006,0.027176317998016328
31.55590248,0.02145418478675517
31.55593228,0.03949034866865034
31.55596089,0.032562752727550166
31.56983304,0.02204928664072633
31.56985784,0.03714045929655909
31.5698812,0.03578240634775311
31.58485317,0.02059967956054017
31.58490705,0.032776379034103915
31.58982396,0.03846799420157168
31.58988833,0.021820401312275882
31.59886146,0.0290074006256199
31.61187243,0.04048218509193561
31.61195207,0.025070572976272222
31.62605381,0.025696192874036773
31.62615657,0.04025329976348516
31.6303544,0.029190508888380255
31.63048053,0.024338139925230793
31.63989496,0.04122987716487373
31.63995123,0.033157854581521325
31.64688182,0.02191195544365606
31.64692998,0.038162813763637754
31.65592194,0.03743038071259632
31.65599442,0.022110322728313116
31.66993761,0.034699015793087665
31.68387079,0.04107728694590677
31.68393016,0.02418554970626383
31.68397331,0.0315556572823682
31.68401384,0.041962310215915156
31.69891214,0.025299458304722668
31.6989727,0.025879301136797133
31.70392513,0.040497444113832305
31.70400381,0.02810711833371481
31.71693182,0.021805142290379186
31.71700716,0.03904783703364614
31.74191713,0.03292896925307088
31.74200749,0.020691233691920347
31.74206328,0.035660334172579536
31.75487566,0.035248340581368734
31.75494766,0.01931792172121767
31.75500393,0.03254749370565347
31.75505424,0.03898680094605936
31.77993226,0.023102159151598384
31.78000712,0.029144731822690166
31.78393841,0.038666361486228734
31.78400946,0.02252231631952392
31.79724717,0.023865110246433202
31.79742956,0.03949034866865034
31.79894042,0.029022659647516595
31.79900122,0.025101091020065615
31.80686879,0.043259327077134355
31.82095265,0.039749752040894176
31.82102299,0.03125047684443427
31.82664704,0.04553292133974212
31.82686257,0.0405279621576257
31.83989215,0.019714656290531776
31.83995199,0.029785610742351417
31.83999538,0.036285954070344094
31.84002972,0.020233463035019456
31.84687757,0.028000305180437935
31.84692979,0.04042114900434882
31.86093998,0.02511635004196231
31.86098814,0.024444953078507668
31.87484717,0.040009155413138014
31.88384724,0.027969787136644542
31.88985896,0.02294956893263142
31.88992023,0.04034485389486534
31.89624667,0.033951323720149536
31.89635658,0.020874341954680704
31.89643455,0.03614862287327383
31.90481663,0.03616388189517052
31.91883707,0.021820401312275882
31.9189167,0.03280689707789731
31.91897202,0.03913939116502632
31.93183613,0.023193713282978562
31.93187928,0.03022812237735561
31.94580388,0.04132143129625391
31.94585776,0.025467307545586328
31.95580745,0.026337071793698024
31.95585585,0.042252231631952394
31.95983219,0.029953459983215077
31.95989347,0.023819333180743113
31.97383189,0.040955214770733196
31.97389317,0.03613336385137713
31.98889065,0.02397192339971008
31.98896384,0.03886472877088579
32.00287056,0.03802548256656748
32.00293922,0.023483634699015793
32.00297666,0.03616388189517052
32.00301051,0.04255741206988632
32.00304317,0.02542153047989624
32.01683044,0.03352407110704204
32.01688504,0.044800488288700695
32.02588439,0.028809033340962846
32.02594209,0.028580148012512397
32.04986835,0.04373235675593194
32.04992485,0.032074464026855876
32.04996729,0.024963759822995348
32.0500083,0.04202334630350195
32.05986547,0.03595025558861677
32.05991292,0.022873273823147935
32.05995274,0.037750820172426945
32.07484317,0.03546196688792248
32.074898,0.020325017166399634
32.08384037,0.032608529793240255
32.08389068,0.0392156862745098
32.10687423,0.021820401312275882
32.10693884,0.028198672465094988
32.1208806,0.03939879453727016
32.12093306,0.024109254596780347
32.12097526,0.025055313954375526
32.12101507,0.040665293354695965
32.13484836,0.02827496757457847
32.13489771,0.022110322728313116
32.13493443,0.03848325322346838
32.14884925,0.0324101625085832
32.14890337,0.020660715648126955
32.16185021,0.036194399938963916
32.16190648,0.0362554360265507
32.17584682,0.021423666742961776
32.17590332,0.032318608377203024
32.17594695,0.03877317463950561
32.17598772,0.022232394903486687
32.18581843,0.028702220187685968
32.1858542,0.03981078812848096
32.20582223,0.025268940260929275
32.20584822,0.026337071793698024
32.20587182,0.04139772640573739
32.20880079,0.0298619058518349
32.2088244,0.02243076218814374
32.22385478,0.03894102388036927
32.22388101,0.032318608377203024
32.23580456,0.020416571297779813
32.23582935,0.03631647211413749
32.24980354,0.036453803311207754
32.24982882,0.021515220874341955
32.24985194,0.03321889066910811
32.25984073,0.03904783703364614
32.25992393,0.022034027618829635
32.25998116,0.02929732204165713
32.27488303,0.04098573281452659
32.274966,0.02589456015869383
32.28891277,0.025528343633173113
32.28898644,0.03993286030365453
32.30191112,0.02754253452353704
32.30203104,0.02226291294728008
32.30383897,0.03887998779278248
32.30389833,0.032898451209277486
32.31683397,0.020813305867093918
32.31690621,0.0366826886396582
32.32387948,0.03677424277103838
32.32402086,0.022461280231937133
32.32985759,0.03480582894636454
32.35387182,0.039887083237964444
32.35392928,0.02294956893263142
32.35397243,0.029694056610971235
32.35401583,0.042252231631952394
32.36396623,0.027191577019913024
32.36407137,0.027176317998016328
32.37187552,0.04165712977798123
32.37193227,0.02993820096131838
32.38583875,0.024109254596780347
32.38588762,0.04151979858091096
32.39492536,0.03385976958876936
32.39500427,0.02067597467002365
32.40884161,0.03749141680018311
32.42188001,0.03759822995345998
32.42194915,0.020111390859845885
32.42200422,0.030762188143739988
32.42205596,0.03756771190966659
32.44789052,0.02221713588158999
32.44795012,0.028885328450446328
32.45185518,0.039459830624856945
32.45190191,0.023865110246433202
32.46090388,0.024124513618677044
32.46095681,0.03949034866865034
32.46100068,0.027344167238879988
32.46104264,0.021606775005722133
32.47091031,0.038406958113984896
32.49394512,0.031616693369954985
32.49401736,0.01855497062638285
32.4940722,0.035080491340505074
32.49412346,0.03814755474174106
32.49625731,0.025146868085755704
32.49633622,0.03784237430380712
32.50584459,0.04675364309147784
32.50588059,0.03146410315098802
32.51592159,0.036865796902418556
32.51599431,0.04156557564660105
32.53880382,0.02026398107881285
32.5388298,0.01838712138551919
32.53885388,0.03567559319447623
32.55380177,0.026459143968871595
32.55382752,0.021667811093308918
32.55385089,0.03889524681467918
32.55387449,0.03219653620202945
32.56282568,0.020035095750362403
32.57388806,0.03544670786602579
32.57395053,0.036530098420691236
32.57982063,0.02107270923933776
32.57986331,0.032898451209277486
32.60388231,0.03999389639124132
32.60397029,0.023422598611429007
32.60401702,0.028931105516136417
32.61384916,0.039337758449683374
32.61390662,0.024368657969024186
32.6139493,0.02362096589608606
32.6139915,0.04042114900434882
32.62890267,0.029388876173037308
32.62896276,0.023132677195391776
32.63695025,0.0392156862745098
32.63700891,0.034317540245670256
32.66101122,0.022247653925383384
32.66108418,0.03788815136949721
32.66113853,0.03801022354467078
32.66119218,0.022613870450904097
32.6612525,0.034363317311360345
32.67690468,0.04202334630350195
32.67698073,0.02618448157473106
32.68186688,0.031692988479438466
32.68192077,0.04272526131074998
32.69615841,0.028198672465094988
32.69623137,0.02883955138475624
32.70649195,0.045471885252155335
32.70655417,0.033615625238422216
32.72886395,0.02661173418783856
32.72891355,0.04298466468299382
32.72895694,0.036743724727244985
32.72899675,0.024963759822995348
32.72903728,0.04081788357366293
32.74488044,0.0405279621576257
32.74494004,0.02288853284504463
32.74987006,0.033783474479285876
32.74992418,0.04090943770504311
32.77301359,0.024505989166094453
32.77309203,0.02981612878614481
32.78090429,0.04147402151522087
32.78096366,0.026092927443350882
32.78991508,0.025925078202487222
32.78998613,0.041428244449530784
32.79650998,0.029495689326314183
32.79660916,0.02186617837796597
32.79668474,0.037750820172426945
32.80589342,0.03247119859616999
32.80595589,0.020523384451056687
32.82282805,0.035080491340505074
32.82285786,0.035660334172579536
32.83386421,0.01982146944380865
32.83388853,0.031097886625467308
32.84682322,0.03904783703364614
32.84684968,0.0217441062027924
32.85180187,0.028137636377508202
32.85182691,0.04013122758831159
32.86083603,0.024628061341268024
32.86086035,0.02442969405661097
32.86088371,0.04115358205539025
32.87580156,0.029602502479591057
32.88285208,0.022369726100556955
32.88292146,0.03918516823071641
32.88297558,0.03251697566186008
32.90582538,0.019501029983978027
32.90585017,0.035584039063096054
32.90587378,0.03680476081483177
32.91585779,0.020660715648126955
32.91593218,0.03163195239185168
32.92487574,0.039124132143129625
32.92495418,0.022354467078660258
32.93200397,0.028931105516136417
32.94489574,0.04086366063935302
32.94500303,0.024292362859540704
32.94505882,0.023437857633325704
32.96884513,0.04025329976348516
32.96887541,0.029968719005111773
32.96889973,0.022842755779354542
32.97183609,0.03854428931105516
32.97187161,0.032227054245822846
32.97190118,0.02050812542915999
32.98481274,0.035828183413443196
32.98483801,0.0362554360265507
32.99881601,0.020019836728465707
32.99884152,0.031494621194781414
33.01386714,0.038834210727092394
33.01391363,0.023224231326771955
33.02693868,0.02917524986648356
33.02701044,0.04158083466849775
33.02889013,0.026550698100251773
33.02893806,0.024979018844892044
33.03692532,0.04036011291676204
33.03698444,0.03065537499046311
33.05093694,0.023559929808499275
33.05100846,0.04025329976348516
33.05594254,0.03518730449378195
33.05601478,0.02255283436331731
33.07001042,0.0379339284351873
33.08489966,0.03859006637674525
33.08495831,0.023392080567635615
33.08989596,0.03479056992446784
33.08995605,0.03953612573434043
33.09690475,0.021728847180895704
33.09696198,0.027924010070954453
33.10586929,0.04080262455176623
33.10592866,0.024551766231784542
33.11986613,0.02362096589608606
33.11992478,0.03976501106279087
33.133955,0.028702220187685968
33.13402748,0.022186617837796598
33.13408208,0.038834210727092394
33.14689016,0.03300526436255436
33.14695239,0.019928282597085525
33.15187764,0.03535515373464561
33.15193129,0.03717097734035248
33.16087294,0.021057450217441064
33.16092491,0.030090791180285344
33.17483449,0.037125200274662394
33.17486572,0.021881437399862667
33.18184328,0.029846646829938202
33.18187761,0.04397650110627909
33.1952107,0.03079270618753338
33.19533181,0.032654306858930345
33.20471883,0.050476844434271764
33.21681881,0.038834210727092394
33.21887422,0.02423132677195392
33.21895456,0.03494316014343481
33.22687125,0.028747997253376057
33.22694898,0.017715724422064545
33.22700477,0.034576943617914094
33.23581219,0.035919737544823374
33.24984694,0.020035095750362403
33.24992609,0.03228809033340963
33.26387835,0.03970397497520409
33.2639575,0.022507057297627222
33.27784634,0.027862973983367668
33.27792859,0.041168841077286945
33.27798414,0.026932173647669186
33.30107355,0.026047150377660793
33.30118275,0.039459830624856945
33.31082654,0.02810711833371481
33.31089282,0.022034027618829635
33.31094074,0.03982604715037766
33.31098509,0.034988937209124896
33.31481671,0.021942473487449453
33.31486726,0.037293049515526054
33.32895303,0.038406958113984896
33.32906342,0.02169832913710231
33.34187269,0.03292896925307088
33.35186434,0.040924696726939803
33.35191798,0.02511635004196231
33.35685658,0.03181506065461204
33.35690737,0.04397650110627909
33.36184573,0.027405203326466773
33.36189985,0.02566567483024338
33.37085271,0.04261844815747311
33.37090421,0.03251697566186008
33.38481307,0.02532997634851606
33.38487315,0.04252689402609293
33.40882778,0.037628747997253374
33.40891027,0.025238422217135882
33.40896726,0.04086366063935302
33.40902042,0.04214541847867552
33.40907073,0.026321812771801328
33.4158287,0.037033646143282216
33.41588616,0.04431219958800641
33.42995071,0.02725261310749981
33.43002248,0.033035782406347754
33.43986893,0.04473945220111391
33.43992925,0.02835126268406195
33.46188974,0.027679865720607308
33.46196032,0.043595025558861675
33.46384215,0.03131151293202106
33.46388936,0.022674906538490882
33.4639256,0.03993286030365453
33.47284484,0.034164950026703285
33.47291708,0.020691233691920347
33.48684549,0.03585870145723659
33.4869082,0.037537193865873196
33.49486947,0.021377889677271687
33.49491477,0.03189135576409552
33.50886679,0.03936827649347677
33.50892425,0.02311741817349508
33.53237796,0.028122377355611506
33.53250003,0.04060425726710918
33.54690051,0.025909819180590526
33.54698777,0.025177386129549097
33.5470438,0.041092545967803464
33.55282211,0.029785610742351417
33.55285954,0.02255283436331731
33.56082177,0.03904783703364614
33.56084991,0.03358510719462882
33.56987309,0.02059967956054017
33.56990099,0.0358129243915465
33.57879853,0.03884946974898909
33.57882261,0.02285801480125124
33.59381962,0.03176928358892195
33.59384656,0.03851377126726177
33.60580754,0.02276646066987106
33.60587597,0.029388876173037308
33.61987591,0.04156557564660105
33.61995602,0.02652018005645838
33.620013,0.025680933852140077
33.62006474,0.04089417868314641
33.624892,0.029358358129243915
33.62496519,0.021728847180895704
33.63984966,0.03904783703364614
33.63992262,0.03375295643549248
33.6619792,0.021087968261234456
33.66205311,0.03607232776379034
33.66406965,0.0366826886396582
33.66411805,0.02084382391088731
33.66415405,0.03143358510719463
33.6779151,0.03956664377813382
33.67799926,0.023422598611429007
33.68286705,0.029480430304417486
33.68292284,0.0409399557488365
33.69625068,0.02508583199816892
33.69632435,0.023422598611429007
33.72087264,0.04029907682917525
33.72093439,0.030548561837186235
33.72097802,0.022461280231937133
33.72101831,0.03901731898985275
33.72105813,0.035370412756542305
33.72109747,0.021942473487449453
33.73218608,0.0366674296177615
33.74591136,0.03836118104829481
33.74598932,0.023041123064011598
33.74603605,0.03358510719462882
33.74607944,0.04187075608453498
33.77388835,0.02456702525368124
33.77395225,0.02970931563286793
33.77399755,0.04336614023041123
33.77403831,0.02822919050888838
33.7839632,0.026123445487144275
33.78403521,0.04336614023041123
33.79196811,0.03201342793926909
33.79203868,0.023437857633325704
33.79397321,0.03904783703364614
33.80690384,0.03375295643549248
33.80697656,0.01986724650949874
33.8309691,0.03561455710688945
33.83104014,0.03836118104829481
33.83109593,0.02191195544365606
33.831146,0.030472266727702754
33.84190869,0.038330663004501414
33.84196758,0.02264438849469749
33.84686971,0.028946364538033113
33.8469274,0.04153505760280766
33.86083412,0.025909819180590526
33.86086559,0.02285801480125124
33.86089134,0.03906309605554284
33.8868351,0.03006027313649195
33.8888309,0.02128633554589151
33.88889074,0.03659113450827802
33.89689827,0.033112077515831236
33.89697647,0.022400244144350347
33.90201998,0.038498512245365074
33.90218186,0.042923628595407035
33.91685891,0.028747997253376057
33.9169209,0.04107728694590677
33.9258399,0.04824902723735409
33.92590451,0.025223163195239186
33.92594528,0.02491798275730526
33.9509232,0.03598077363241016
33.95099711,0.02333104448004883
33.95104647,0.022034027618829635
33.95109057,0.0392156862745098
33.96096873,0.029602502479591057
33.96108031,0.021591515983825436
33.96983337,0.03814755474174106
33.96989441,0.033997100785839625
33.99383831,0.021820401312275882
33.99390125,0.037125200274662394
33.99394631,0.037628747997253374
33.99399018,0.020309758144502938
33.99582934,0.03204394598306248
34.00990939,0.04202334630350195
34.00998855,0.02349889372091249
34.03588605,0.027679865720607308
34.03594351,0.04107728694590677
34.04586387,0.026901655603875793
34.0459156,0.02575722896162356
34.0459516,0.042038605325398645
34.04599881,0.031662470435645074
34.05486369,0.023422598611429007
34.05491614,0.03968871595330739
34.06186295,0.03562981612878614
34.0619204,0.02226291294728008
34.06197047,0.036697947661554896
34.08888221,0.03944457160296025
34.08894181,0.02349889372091249
34.09485435,0.0341039139391165
34.09490228,0.04248111696040284
34.094944,0.02652018005645838
34.09498477,0.03143358510719463
34.10889149,0.04444953078507668
34.1089499,0.02925154497596704
34.1089921,0.02827496757457847
34.10903144,0.044846265354390784
34.1238935,0.03506523231860838
34.12396121,0.02554360265506981
34.12401247,0.04226749065384909
34.14891577,0.03834592202639811
34.14899254,0.023605706874189364
34.15387082,0.03747615777828641
34.15392661,0.04022278171969177
34.16291738,0.024002441443503473
34.16300368,0.03334096284428168
34.18184447,0.04017700465400168
34.18187404,0.023086900129701687
34.18189836,0.027649347676813915
34.18192124,0.04040588998245213
34.19588685,0.025925078202487222
34.19594216,0.02418554970626383
34.21062374,0.040283817807278556
34.21485615,0.030304417486839094
34.21489787,0.021271076523994813
34.22883248,0.03797970550087739
34.22886014,0.03418020904859999
34.22888398,0.020614938582436865
34.23885107,0.03437857633325704
34.23890042,0.03718623636224918
34.24687362,0.020813305867093918
34.24694228,0.030640115968566414
34.26385403,0.0392156862745098
34.26391435,0.02288853284504463
34.27187109,0.027054245822842757
34.28085184,0.04115358205539025
34.28090644,0.025848783093003737
34.28685117,0.02401770046540017
34.28690934,0.04097047379262989
34.29585433,0.0302738994430457
34.29591465,0.022125581750209813
34.30499983,0.03851377126726177
34.30507803,0.03407339589532311
34.32883072,0.02059967956054017
34.32889128,0.03492790112153811
34.33681202,0.03756771190966659
34.33688021,0.02017242694743267
34.33693314,0.03091477836270695
34.36183929,0.03932249942778668
34.36191487,0.02288853284504463
34.3698473,0.027283131151293202
34.36992073,0.040329594872968645
34.36997604,0.025818265049210344
34.37002873,0.023697261005569542
34.37784433,0.04034485389486534
34.3779273,0.030045014114595255
34.3848114,0.021637293049515526
34.38487172,0.03842221713588159
34.40900707,0.03533989471274891
34.40910935,0.02102693217364767
34.4091742,0.03402761882963302
34.40923882,0.03721675440604257
34.40931129,0.0208896009765774
34.41891146,0.030731670099946592
34.41898179,0.03949034866865034
34.42687702,0.02230869001297017
34.42692685,0.02661173418783856
34.43587351,0.04055848020141909
34.43592119,0.025696192874036773
34.44988322,0.024200808728160526
34.44994235,0.040283817807278556
34.46386576,0.03006027313649195
34.46392202,0.02209506370641642
34.46891785,0.03949034866865034
34.48187494,0.03596551461051346
34.48192453,0.021210040436408027
34.48385119,0.03518730449378195
34.48389196,0.038788433661402305
34.49689388,0.02230869001297017
34.4969523,0.031784542610818645
34.50186181,0.041794460975051496
34.50190806,0.02561989776455329
34.52483821,0.029617761501487753
34.52486753,0.04289311055161364
34.531919,0.02848859388113222
34.53198242,0.02554360265506981
34.53203321,0.042328526741435876
34.53982377,0.03143358510719463
34.53985333,0.021759365224689096
34.56091714,0.03830014496070802
34.56099033,0.033783474479285876
34.56104469,0.02055390249485008
34.561095,0.034912642099641414
34.59183526,0.03726253147173266
34.59186506,0.022110322728313116
34.60734248,0.03131151293202106
34.60741353,0.03822384985122454
34.60887265,0.022446021210040436
34.60893607,0.027435721370260166
34.61186337,0.03997863736934462
34.61192846,0.025513084611276417
34.61986041,0.023422598611429007
34.61992598,0.03894102388036927
34.6348784,0.027924010070954453
34.63495708,0.019455252918287938
34.64784622,0.03904783703364614
34.64790249,0.03778133821622034
34.65285158,0.025558861676966506
34.65293407,0.04180971999694819
34.66588783,0.047058823529411764
34.66596174,0.03117418173495079
34.66601634,0.037964446478980694
34.67189384,0.03997863736934462
34.67196727,0.018814373998626687
34.6888504,0.022507057297627222
34.68890309,0.03776607919432364
34.69483113,0.02520790417334249
34.69488382,0.023346303501945526
34.71886206,0.04022278171969177
34.71892428,0.029846646829938202
34.71897078,0.02119478141451133
34.71901417,0.03863584344243534
34.72486615,0.034699015793087665
34.72492409,0.02029449912260624
34.73086023,0.035080491340505074
34.74483538,0.03860532539864195
34.74488473,0.022400244144350347
34.76684499,0.03187609674219882
34.76690865,0.03906309605554284
34.78086638,0.023102159151598384
34.78092837,0.028000305180437935
34.78097367,0.042038605325398645
34.78101563,0.028198672465094988
34.80486274,0.02589456015869383
34.80491567,0.041336690318150605
34.80495715,0.03170824750133516
34.80499649,0.022919050888838024
34.80503535,0.04005493247882811
34.81487823,0.036194399938963916
34.81493735,0.022659647516594186
34.82888269,0.03805600061036087
34.82893348,0.04017700465400168
34.83685565,0.023346303501945526
34.83689427,0.03402761882963302
34.85082197,0.04319829098954757
34.85084701,0.026672770275425344
34.85087013,0.031097886625467308
34.85089302,0.045593957427328906
34.86280775,0.031204699778744183
34.86283445,0.028198672465094988
34.8648026,0.044205386434729536
34.87384939,0.034866865033951325
34.8969183,0.02606240939955749
34.89705944,0.042999923704890516
34.89711809,0.03836118104829481
34.90087414,0.02383459220263981
34.90091157,0.037293049515526054
34.90386415,0.039505607690547034
34.90389895,0.022613870450904097
34.91682005,0.031525139238574806
34.91684461,0.040711070420386054
34.92582297,0.024505989166094453
34.92584682,0.027481498435950255
34.95088458,0.04019226367589838
34.95099354,0.02618448157473106
34.95104957,0.023422598611429007
34.95110035,0.040451667048142216
34.96583915,0.030762188143739988
34.96591783,0.020737010757610436
34.96597505,0.037537193865873196
34.96602654,0.033997100785839625
34.98183322,0.021149004348821242
34.9819119,0.035202563515678645
34.99081945,0.03810177767605097
34.99087429,0.021164263370717938
35.00516868,0.0311284046692607
35.0139637,0.04072632944228275
35.01405525,0.02532997634851606
35.02689719,0.02630655374990463
35.02694893,0.03970397497520409
35.04084682,0.026764324406805522
35.04089689,0.0247348744945449
35.04093719,0.04124513618677043
35.04097652,0.029480430304417486
35.04988027,0.02059967956054017
35.04993939,0.037201495384145876
35.05889082,0.03463797970550088
35.05895352,0.021271076523994813
35.07190251,0.0349584191653315
35.08587933,0.03768978408484016
35.08593965,0.021881437399862667
35.08598495,0.032990005340657665
35.08602571,0.04217593652246891
35.11090684,0.022186617837796598
35.11096787,0.02447547112230106
35.11100626,0.03968871595330739
35.11105037,0.026504921034561684
35.11110377,0.02401770046540017
35.11115837,0.039841306172274354
35.12588692,0.030548561837186235
35.12594223,0.020904859998474096
35.12598372,0.03817807278553445
35.1508894,0.035660334172579536
35.150949,0.02050812542915999
35.15988731,0.033875028610666054
35.15994358,0.03772030212863355
35.16487598,0.022491798275730526
35.16492581,0.03297474631876097
35.17087436,0.03959716182192721
35.17092156,0.021316853589684902
35.18489456,0.025879301136797133
35.18495154,0.04048218509193561
35.19087219,0.027008468757152668
35.19092441,0.023636224917982757
35.20488024,0.04042114900434882
35.21886778,0.0311284046692607
35.21890783,0.02186617837796597
35.22381902,0.03865110246433204
35.22986317,0.03529411764705882
35.22992015,0.021179522392614634
35.23584914,0.03617914091706722
35.23590326,0.038803692683299
35.24985433,0.020706492713817044
35.2499249,0.030670634012359806
35.27385664,0.04090943770504311
35.2739141,0.025314717326619364
35.27395868,0.028931105516136417
35.27400064,0.042374303807125965
35.27404141,0.028122377355611506
35.28386569,0.025604638742656595
35.28392148,0.04168764782177462
35.29184866,0.03259327077134356
35.29190493,0.02401770046540017
35.30718946,0.041092545967803464
35.30727816,0.0375219348439765
35.31487989,0.022842755779354542
35.31494045,0.03830014496070802
35.32886505,0.040924696726939803
35.32892179,0.02221713588158999
35.34187627,0.03031967650873579
35.35083985,0.03961242084382391
35.35090113,0.023468375677119097
35.35094452,0.027069504844739453
35.35098577,0.040283817807278556
35.36587191,0.02668802929732204
35.36594439,0.023727779049362935
35.36599827,0.039841306172274354
35.36605,0.03125047684443427
35.38086271,0.022247653925383384
35.38091373,0.03854428931105516
35.40487742,0.03596551461051346
35.40494823,0.02043183031967651
35.40500069,0.034317540245670256
35.40505052,0.03723201342793927
35.40510011,0.020355535210193027
35.43088818,0.03031967650873579
35.43096161,0.041962310215915156
35.43101668,0.027222095063706417
35.43107057,0.03138780804150454
35.43387151,0.04913405050736248
35.43392658,0.03898680094605936
35.45688891,0.03384451056687266
35.45694995,0.0452124818799115
35.4658823,0.03108262760357061
35.46593237,0.01940947585259785
35.46597481,0.0358129243915465
35.47689152,0.03494316014343481
35.47694492,0.021423666742961776
35.48183727,0.03518730449378195
35.48187637,0.03863584344243534
35.49581027,0.021423666742961776
35.49583602,0.03065537499046311
35.50981259,0.041092545967803464
35.50984049,0.024841687647821773
35.5238235,0.028534370946822308
35.52384949,0.04228274967574579
35.52883506,0.028198672465094988
35.52885985,0.024505989166094453
35.52888322,0.041092545967803464
35.54184031,0.033203631647211414
35.5418644,0.024887464713511862
35.55082297,0.039581902800030516
35.55084729,0.03584344243533989
35.57483482,0.0225986114290074
35.57486367,0.037415121690699625
35.57488775,0.04075684748607614
35.57491088,0.024612802319371328
35.58983779,0.03533989471274891
35.58986759,0.04414435034714275
35.58989215,0.026245517662317846
35.59987664,0.030182345311665523
35.60487294,0.04455634393835355
35.6049521,0.031189440756847486
35.61787987,0.02896162355992981
35.61794758,0.04592965590905623
35.63188839,0.03637750820172427
35.63196206,0.026153963530937668
35.64550352,0.04243533989471275
35.64564037,0.0405279621576257
35.64693093,0.02652018005645838
35.64699388,0.04034485389486534
35.65993524,0.043884946974898906
35.6600256,0.027237354085603113
35.66008139,0.03688105592431525
35.67492771,0.04687571526665141
35.67500138,0.030716411078049895
35.68892217,0.031280994888227664
35.68898225,0.04455634393835355
35.70191288,0.03079270618753338
35.70196939,0.027222095063706417
35.70689178,0.04365606164644846
35.70695257,0.034363317311360345
35.71635818,0.023483634699015793
35.71651602,0.04031433585107195
35.72989416,0.03698786907759213
35.72996831,0.02162203402761883
35.73002362,0.03616388189517052
35.74498105,0.040833142595559625
35.7450521,0.024536507209887846
35.76892781,0.03234912642099642
35.76900077,0.041931792172121764
35.76905632,0.025726710917830166
35.76910901,0.029495689326314183
35.77089429,0.04257267109178302
35.77094412,0.02883955138475624
35.78488851,0.025696192874036773
35.78495359,0.042999923704890516
35.79391623,0.034317540245670256
35.79397535,0.023956664377813384
35.79402041,0.04090943770504311
35.81892467,0.03715571831845579
35.81898355,0.023025864042114902
35.82491708,0.037415121690699625
35.82497311,0.041382467383840695
35.82888269,0.025177386129549097
35.82892084,0.0336919203479057
35.83686829,0.042755779354543375
35.8369031,0.026977950713359275
35.84586668,0.029190508888380255
35.845891,0.04315251392385748
35.85985112,0.030045014114595255
35.85987949,0.027862973983367668
35.87384534,0.044342717631799804
35.88184881,0.033829251544975965
35.90591455,0.02374303807125963
35.9060111,0.04065003433279927
35.90606785,0.0383764400701915
35.90611911,0.024826428625925077
35.90616941,0.03860532539864195
35.9338541,0.04080262455176623
35.93388271,0.02392614633401999
35.93390656,0.03335622186617838
35.93392944,0.043549248493171586
35.93395329,0.027069504844739453
35.93397617,0.030090791180285344
35.94390512,0.04426642252231632
35.94398451,0.031494621194781414
35.96689939,0.026825360494392308
35.96698141,0.04214541847867552
35.96888733,0.033661402304112305
35.96896625,0.024551766231784542
35.96902299,0.04074158846417945
35.96907425,0.03822384985122454
35.98388529,0.02371252002746624
35.98393917,0.03790341039139391
35.99190927,0.04240482185091936
35.99198699,0.0260166323338674
35.99390054,0.03405813687342641
36.01792169,0.0439002059967956
36.01798368,0.02749675745784695
36.01802969,0.03245593957427329
36.01807547,0.04597543297474632
36.04693794,0.030182345311665523
36.04701209,0.025818265049210344
36.04706717,0.043091477836270695
36.04711723,0.035248340581368734
36.04889369,0.02578774700541695
36.04894209,0.04261844815747311
36.06194997,0.039795529106584265
36.06202292,0.025177386129549097
36.06792235,0.03959716182192721
36.09091187,0.04399176012817579
36.0909729,0.026932173647669186
36.09101748,0.03631647211413749
36.09105825,0.04711985961699855
36.09389448,0.030518043793392843
36.09394097,0.03292896925307088
36.10191369,0.046845197222858015
36.10196948,0.032867933165484094
36.11594725,0.029571984435797664
36.11604691,0.04695201037613489
36.12986755,0.038239108873121236
36.12992716,0.026337071793698024
36.13884902,0.041626611734187836
36.15186954,0.03993286030365453
36.15191841,0.02554360265506981
36.15386391,0.03836118104829481
36.15391707,0.04173342488746471
36.16188192,0.025238422217135882
36.16193724,0.03466849774929427
36.1708622,0.04428168154421302
36.17090392,0.02851911192492561
36.17981744,0.030685893034256503
36.17984414,0.04452582589456016
36.20385647,0.031326771953917754
36.20391536,0.027450980392156862
36.20395899,0.04374761577782864
36.20399928,0.03559929808499275
36.20403862,0.026581216144045166
36.21588397,0.042633707179369804
36.23125553,0.039673456931410694
36.23132372,0.027527275501640344
36.23886561,0.04341191729610132
36.2389164,0.05094987411306935
36.26184487,0.036575875486381325
36.26190782,0.044342717631799804
36.26195145,0.04914930952925917
36.26384091,0.02737468528267338
36.26387835,0.027618829633020522
36.27684689,0.04277103837644007
36.27690363,0.030807965209430077
36.27694464,0.028259708552681773
36.28387356,0.04483100633249409
36.29686308,0.03552300297550927
36.29692292,0.024826428625925077
36.30384755,0.04187075608453498
36.30391312,0.040497444113832305
36.32691693,0.02656595712214847
36.32699776,0.03920042725261311
36.34090996,0.04187075608453498
36.34098816,0.02575722896162356
36.34104538,0.03529411764705882
36.35488272,0.04641794460975052
36.35495687,0.029907682917524988
36.36487651,0.032318608377203024
36.36493301,0.04582284275577935
36.36497569,0.03192187380788891
36.36501527,0.028747997253376057
36.37685776,0.045593957427328906
36.37690854,0.03735408560311284
36.40089679,0.02673380636301213
36.40096927,0.04274052033264668
36.40102148,0.04055848020141909
36.40107107,0.0272983901731899
36.4011209,0.041718165865568015
36.41594028,0.04469367513542382
36.41601253,0.027618829633020522
36.41606808,0.03765926604104677
36.41611934,0.04812695506218052
36.43089151,0.03228809033340963
36.43095064,0.03483634699015793
36.43788266,0.04831006332494087
36.43793416,0.03546196688792248
36.46189237,0.0315403982604715
36.46195507,0.04791332875562677
36.46200061,0.039749752040894176
36.46204281,0.02993820096131838
36.46208429,0.04611276417181659
36.47590113,0.043045700770580606
36.47595334,0.028290226596475166
36.48086143,0.04206912336919204
36.48089743,0.04553292133974212
36.49482417,0.02703898680094606
36.49485207,0.035492484931715876
36.51884818,0.04567025253681239
36.51887631,0.028885328450446328
36.51889968,0.03170824750133516
36.51892257,0.04531929503318837
36.52881646,0.030640115968566414
36.52884221,0.02597085526817731
36.52886558,0.04243533989471275
36.56382918,0.0354009308003357
36.56385851,0.025146868085755704
36.56388211,0.04043640802624552
36.56390667,0.03875791561760891
36.56580091,0.02413977264057374
36.56582594,0.03727779049362936
36.58083749,0.04168764782177462
36.58086324,0.024612802319371328
36.58681035,0.03314259555962463
36.58683825,0.04336614023041123
36.59380746,0.027100022888532846
36.60082364,0.029602502479591057
36.60581326,0.04324406805523766
36.60586786,0.030350194552529183
36.61989832,0.027100022888532846
36.6199789,0.0439459830624857
36.63387823,0.03529411764705882
36.63395333,0.023773556115053024
36.64692974,0.0392156862745098
36.64701629,0.03778133821622034
36.64890051,0.024048218509193562
36.64894962,0.03865110246433204
36.66192365,0.04174868390936141
36.66199827,0.023422598611429007
36.66685939,0.03126573586633097
36.67592502,0.04206912336919204
36.67599797,0.026977950713359275
36.69993973,0.029785610742351417
36.70001411,0.044464789806973375
36.71716595,0.029846646829938202
36.71729898,0.024933241779201955
36.71742821,0.04068055237659266
36.71751404,0.033447775997558556
36.72988153,0.023422598611429007
36.72994113,0.03993286030365453
36.73488021,0.03756771190966659
36.73492908,0.022629129472800793
36.73497057,0.03654535744258793
36.75890303,0.04122987716487373
36.75897741,0.02374303807125963
36.75903225,0.03175402456702525
36.75908375,0.04156557564660105
36.76486778,0.02575722896162356
36.76492119,0.02848859388113222
36.77088475,0.04327458609903105
36.77093434,0.02963302052338445
36.77988219,0.024628061341268024
36.77993107,0.041214618142977034
36.79486084,0.03266956588082704
36.79491878,0.02226291294728008
36.79496169,0.03884946974898909
36.81885171,0.03730830853742275
36.81890202,0.023102159151598384
36.8189404,0.03614862287327383
36.81897497,0.03935301747158007
36.82985711,0.022705424582284275
36.82992077,0.03167772945754177
36.83781576,0.042084382391088734
36.83784199,0.025345235370412757
36.84583116,0.02798504615854124
36.84585619,0.042420080872816054
36.85984969,0.02912947280079347
36.85988212,0.025055313954375526
36.86682653,0.041550316624704355
36.89083719,0.03335622186617838
36.89086676,0.02371252002746624
36.89089084,0.04084840161745632
36.8909142,0.0375219348439765
36.89093733,0.02243076218814374
36.90585184,0.03614862287327383
36.90590739,0.0409399557488365
36.91185308,0.024887464713511862
36.91190028,0.03350881208514534
36.93786073,0.04357976653696498
36.9379251,0.025268940260929275
36.9510479,0.02652018005645838
36.95685816,0.04153505760280766
36.95692348,0.028412298771648737
36.96385479,0.023636224917982757
36.96391392,0.03956664377813382
36.97684836,0.031616693369954985
36.97690177,0.021942473487449453
36.9769423,0.037293049515526054
36.97698212,0.03468375677119097
36.99186158,0.020111390859845885
36.99192786,0.03335622186617838
36.99197268,0.03904783703364614
36.99986219,0.02337682154573892
36.99989939,0.0294193942168307
37.02184033,0.03802548256656748
37.0218904,0.022232394903486687
37.02192593,0.02406347753109026
37.02195907,0.038834210727092394
37.04658413,0.02732890821698329
37.04668355,0.025055313954375526
37.04678345,0.04260318913557641
37.04685712,0.03631647211413749
37.04909921,0.027924010070954453
37.04919982,0.046631570916304266
37.06187868,0.04235904478522927
37.06193876,0.02084382391088731
37.06385994,0.028992141603723202
37.07787609,0.03360036621652552
37.07792687,0.0187533379110399
37.11091042,0.027786678873884182
37.11098409,0.038406958113984896
37.11103845,0.023056382085908295
37.11108899,0.02597085526817731
37.11389494,0.040787365529869536
37.1139667,0.026367589837491417
37.11402106,0.021805142290379186
37.11407328,0.03875791561760891
37.12886882,0.031067368581673915
37.12893033,0.01998931868467231
37.13687277,0.03630121309224079
37.15087724,0.03506523231860838
37.15093374,0.020141908903639278
37.15686369,0.0332646677347982
37.15692019,0.03863584344243534
37.16187215,0.021560997940032044
37.16192675,0.02958724345769436
37.17687464,0.04034485389486534
37.17694473,0.024444953078507668
37.18085051,0.025772487983520255
37.18089223,0.040787365529869536
37.20488262,0.027969787136644542
37.20493698,0.0225986114290074
37.20497465,0.03906309605554284
37.21090674,0.0324101625085832
37.21096015,0.02209506370641642
37.21982121,0.03768978408484016
37.22684026,0.036453803311207754
37.22690392,0.02230869001297017
37.23592782,0.035080491340505074
37.23599648,0.04048218509193561
37.23607349,0.024322880903334097
37.25983167,0.032318608377203024
37.26484251,0.042877851529716945
37.2649107,0.026886396581979097
37.26496148,0.02806134126802472
37.27383733,0.04322880903334096
37.27388167,0.029922941939421684
37.28686213,0.025696192874036773
37.28693986,0.0417792019531548
37.29183817,0.03271534294651713
37.29190159,0.021271076523994813
37.30585194,0.03714045929655909
37.30590892,0.035324635690852216
37.32892942,0.020325017166399634
37.32900167,0.03228809033340963
37.32905793,0.03665217059586481
37.32910824,0.01977569237811856
37.33089495,0.02798504615854124
37.33985138,0.03904783703364614
37.33990145,0.023025864042114902
37.35386276,0.02333104448004883
37.35391998,0.03755245288776989
37.35885572,0.025299458304722668
37.35891485,0.020782787823300525
37.38288283,0.03701838712138552
37.38294458,0.029221026932173648
37.39088035,0.018371862363622492
37.39093399,0.0349736781872282
37.39686537,0.0336919203479057
37.39692497,0.018783855954833294
37.40186191,0.03167772945754177
37.40887308,0.0362706950484474
37.4089303,0.020279240100709545
37.42192364,0.0281528953994049
37.42199683,0.03717097734035248
37.4361043,0.021515220874341955
37.43629551,0.0234531166552224
37.44984651,0.03851377126726177
37.45787477,0.025238422217135882
37.47384596,0.02162203402761883
37.47391081,0.036865796902418556
37.47395682,0.028809033340962846
37.47399831,0.017547875181200885
37.47403836,0.035034714274814985
37.48899674,0.034241245136186774
37.48906851,0.018783855954833294
37.48912454,0.03108262760357061
37.48917556,0.03616388189517052
37.50234675,0.019226367589837492
37.50243449,0.026382848859388113
37.51285911,0.03714045929655909
37.51292038,0.022491798275730526
37.52085233,0.024383916990920882
37.52088833,0.03836118104829481
37.52983379,0.024826428625925077
37.52985859,0.020477607385366598
37.53180122,0.03659113450827802
37.54086089,0.028931105516136417
37.54089308,0.018097199969481958
37.54981709,0.0345616845960174
37.57383609,0.03375295643549248
37.57390523,0.01858548867017624
37.5739522,0.03083848325322347
37.57399511,0.03544670786602579
37.58386445,0.018814373998626687
37.5839293,0.028122377355611506
37.58397961,0.03930724040588998
37.59384251,0.022018768596932938
37.59387827,0.023361562523842222
37.60684109,0.03887998779278248
37.60690904,0.026123445487144275
37.63091326,0.021133745326924545
37.63099289,0.03834592202639811
37.63104892,0.030975814450293737
37.63110113,0.020202944991226063
37.6339097,0.03598077363241016
37.63401484,0.0349736781872282
37.64887404,0.020065613794155796
37.64895487,0.03193713282978561
37.6609149,0.03706416418707561
37.66098785,0.020233463035019456
37.66104341,0.0277103837644007
37.68593407,0.03830014496070802
37.6860075,0.021927214465552756
37.69993711,0.023254749370565347
37.69999719,0.03788815136949721
37.70004296,0.02459754329747463
37.70009279,0.02017242694743267
37.72395301,0.036911573968108645
37.72402811,0.02877851529716945
37.72408342,0.01808194094758526
37.72413564,0.03445487144274052
37.73884463,0.03280689707789731
37.73889518,0.017853055619134812
37.74696302,0.03022812237735561
37.75288415,0.03544670786602579
37.75295687,0.01794460975051499
37.76609135,0.026077668421454186
37.76616287,0.03930724040588998
37.76621819,0.024902723735408562
37.76626968,0.027267872129396506
37.76634407,0.04583810177767605
37.76642871,0.03610284580758373
37.78186464,0.02951094834821088
37.78192472,0.03973449301899748
37.79487896,0.02742046234836347
37.79493523,0.01496910048065919
37.8039732,0.02664225223163195
37.81592774,0.033035782406347754
37.81600165,0.017593652246890974
37.83043885,0.026535439078355077
37.83054018,0.038834210727092394
37.83061671,0.023025864042114902
37.83068633,0.023804074158846417
37.83641577,0.03938353551537346
37.83660793,0.026031891355764097
37.84989429,0.020157167925535974
37.84995246,0.03715571831845579
37.87403464,0.03044174868390936
37.87413287,0.019623102159151598
37.87421036,0.03521782253757534
37.87985516,0.034485389486533916
37.87991238,0.019028000305180436
37.87995577,0.03143358510719463
37.87999701,0.037628747997253374
37.89391232,0.02093537804226749
37.8939631,0.028290226596475166
37.90890908,0.039078355077439536
37.90898728,0.024170290684367133
37.93082762,0.0251621271076524
37.93085623,0.039581902800030516
37.93088007,0.0277103837644007
37.93090343,0.02333104448004883
37.93092585,0.03981078812848096
37.94083238,0.031998168917372394
37.94086218,0.020569161516746776
37.95088315,0.03755245288776989
37.95094323,0.037460898756389714
37.964288,0.02243076218814374
37.96436,0.03480582894636454
37.98799348,0.039887083237964444
37.9880836,0.024002441443503473
37.98813915,0.03210498207064927
37.9881897,0.04251163500419623
37.99815297,0.026550698100251773
37.99822402,0.02754253452353704
38.00983787,0.04353398947127489
38.00990295,0.03141832608529793
38.02386522,0.02307164110780499
38.02391839,0.03814755474174106
38.02396059,0.031448844129091325
38.02400064,0.02055390249485008
38.04989862,0.03584344243533989
38.04997468,0.03509575036240177
38.05002975,0.018768596932936598
38.05008101,0.029800869764248113
38.05889726,0.03593499656672007
38.05896831,0.01953154802777142
38.06389832,0.02668802929732204
38.07790112,0.037079423208972305
38.07796645,0.02102693217364767
38.08389068,0.022613870450904097
38.08397055,0.038117036697947665
38.10687089,0.025391012436102846
38.1069622,0.019592584115358205
38.10701275,0.03610284580758373
38.10705829,0.030121309224078737
38.12184858,0.018432898451209278
38.12191081,0.033707179369802394
38.1219511,0.03318837262531472
38.1219902,0.01803616388189517
38.13093209,0.03179980163271534
38.1448822,0.03739986266880293
38.14494085,0.018738078889143205
38.14498496,0.02566567483024338
38.14502859,0.03805600061036087
38.1698699,0.02276646066987106
38.1699717,0.02349889372091249
38.17001224,0.0375219348439765
38.17004824,0.02511635004196231
38.17984724,0.02029449912260624
38.17990232,0.03767452506294346
38.1939714,0.029953459983215077
38.19401741,0.018402380407415885
38.19405341,0.03381399252307927
38.20987773,0.03335622186617838
38.20994329,0.018616006713969634
38.22384429,0.03187609674219882
38.22389984,0.03706416418707561
38.23584414,0.019470511940184634
38.235883,0.02610818646524758
38.2359252,0.03765926604104677
38.23595858,0.022369726100556955
38.24580383,0.02333104448004883
38.24582934,0.03825436789501793
38.25981951,0.026153963530937668
38.25984454,0.02038605325398642
38.25986791,0.03567559319447623
38.27483463,0.030075532158388648
38.28887916,0.019043259327077136
38.28895807,0.034866865033951325
38.30210805,0.03433279926756695
38.30226421,0.01846341649500267
38.30384493,0.03031967650873579
38.30390024,0.037125200274662394
38.31686044,0.020645456626230258
38.31693339,0.028946364538033113
38.32590055,0.040161745632104985
38.32598066,0.024551766231784542
38.33530569,0.02456702525368124
38.35884857,0.040009155413138014
38.35893106,0.029022659647516595
38.36503077,0.02333104448004883
38.36513948,0.038239108873121236
38.37882519,0.031570916304264895
38.37889123,0.019592584115358205
38.37893605,0.033447775997558556
38.37897801,0.03363088426031891
38.39186049,0.018448157473105974
38.39192629,0.030426489662012664
38.40696716,0.036865796902418556
38.40710068,0.019455252918287938
38.40714169,0.02639810788128481
38.42082381,0.03814755474174106
38.42087579,0.022674906538490882
38.4209168,0.023529411764705882
38.42095661,0.038162813763637754
38.42923045,0.025131609063859008
38.42933083,0.019729915312428473
38.43695259,0.03718623636224918
38.43704486,0.030090791180285344
38.44887304,0.017471580071717403
38.44893193,0.031998168917372394
38.46187329,0.03401235980773632
38.46192336,0.020828564888990615
38.47085905,0.03418020904859999
38.48488808,0.04361028458075837
38.48495936,0.030716411078049895
38.49392104,0.03688105592431525
38.49399233,0.04444953078507668
38.49404716,0.023193713282978562
38.49409819,0.019806210421911954
38.50399613,0.0354009308003357
38.50407505,0.023590447852292667
38.51291871,0.018829633020523383
38.51297951,0.037369344625009536
38.5369122,0.03189135576409552
38.53697371,0.019089036392767225
38.53701878,0.033951323720149536
38.54590178,0.03376821545738918
38.54596162,0.01889066910811017
38.55091071,0.03147936217288472
38.55098319,0.03764400701915007
38.55992365,0.021179522392614634
38.55999541,0.027344167238879988
38.57494235,0.03875791561760891
38.57501745,0.023086900129701687
38.58690429,0.024216067750057222
38.58697581,0.04144350347142748
38.60696149,0.028931105516136417
38.60705614,0.021149004348821242
38.607095,0.038162813763637754
38.60713005,0.03201342793926909
38.60716319,0.020569161516746776
38.61584568,0.036041809719996945
38.61587977,0.036957351033798734
38.62983203,0.022034027618829635
38.62986183,0.033157854581521325
38.63884377,0.03981078812848096
38.63887,0.023422598611429007
38.65381575,0.030563820859082932
38.65384221,0.04240482185091936
38.66581678,0.02742046234836347
38.66584206,0.02827496757457847
38.67488909,0.0435034714274815
38.67496896,0.03125047684443427
38.68392134,0.024414435034714275
38.68399405,0.04190127412832837
38.69797611,0.03590447852292668
38.69808841,0.02439917601281758
38.71086955,0.03955138475623712
38.71095037,0.03930724040588998
38.73596168,0.023361562523842222
38.73611569,0.03462272068360418
38.74186659,0.04090943770504311
38.74192071,0.023422598611429007
38.74196362,0.028747997253376057
38.75485706,0.03997863736934462
38.75492191,0.02406347753109026
38.75497198,0.024170290684367133
38.75502014,0.03939879453727016
38.76405168,0.027603570611123826
38.76417112,0.02055390249485008
38.7758534,0.0375066758220798
38.77591777,0.03131151293202106
38.79985547,0.0187533379110399
38.79991102,0.0340886549172198
38.79995418,0.03390554665445945
38.79999495,0.019058518348973832
38.80003595,0.03204394598306248
38.80183625,0.03826962691691463
38.80187082,0.019897764553292133
38.81591296,0.02583352407110704
38.81598544,0.03865110246433204
38.82541656,0.023956664377813384
38.82554007,0.023514152742809186
38.84893489,0.038788433661402305
38.84901118,0.027237354085603113
38.84905529,0.021774624246585793
38.84909511,0.03863584344243534
38.86408472,0.031616693369954985
38.86418533,0.01957732509346151
38.8642602,0.03543144884412909
38.87393188,0.03527885862516213
38.87399054,0.019256885633630885
38.88192582,0.031280994888227664
38.88198543,0.03759822995345998
38.9059391,0.02162203402761883
38.90601587,0.0281528953994049
38.91190767,0.04034485389486534
38.91195726,0.02442969405661097
38.91687012,0.02349889372091249
38.91690516,0.03932249942778668
38.92588449,0.0281528953994049
38.92591453,0.022461280231937133
38.92594194,0.03887998779278248
38.94383192,0.03131151293202106
38.94385672,0.018570229648279545
38.96484065,0.03468375677119097
38.96486592,0.035416189822232394
38.96488905,0.019668879224841687
38.96491241,0.031326771953917754
38.97484183,0.03993286030365453
38.97487664,0.023422598611429007
38.98082805,0.029327840085450523
38.98085403,0.040543221179522394
38.99640608,0.024979018844892044
38.99643326,0.025360494392309453
39.01191688,0.04068055237659266
39.01199651,0.030045014114595255
39.0120523,0.02406347753109026
39.0249095,0.03987182421606775
39.02493453,0.03274586099031052
39.03385091,0.02102693217364767
39.03387594,0.03665217059586481
39.03389931,0.035919737544823374
39.03392267,0.020157167925535974
39.04883862,0.03213550011444266
39.04886389,0.038330663004501414
39.06287456,0.0208896009765774
39.06290007,0.027237354085603113
39.08991003,0.0405279621576257
39.08996558,0.02520790417334249
39.09887624,0.023025864042114902
39.09892344,0.03810177767605097
39.09895778,0.026825360494392308
39.09899044,0.01991302357518883
39.14191818,0.03733882658121614
39.14199352,0.03192187380788891
39.14386463,0.019424734874494545
39.14391351,0.03421072709239338
39.14396334,0.03392080567635614
39.14401197,0.017914091706721598
39.14406753,0.031403067063401235
39.1589005,0.0413519493400473
39.15896225,0.0255893797207599
39.15901256,0.03262378881513695
39.15906143,0.048599984740978104
39.16888738,0.03447013046463722
39.16895819,0.030472266727702754
39.16901255,0.03927672236209659
39.169065,0.024719615472648202
39.18494892,0.01760891126878767
39.18502116,0.0349736781872282
39.19888115,0.030426489662012664
39.19893312,0.01953154802777142
39.21086693,0.03564507515068284
39.21687841,0.035751888303959714
39.21692944,0.020416571297779813
39.2260673,0.03215075913633936
39.22616386,0.03785763332570382
39.23090076,0.021728847180895704
39.2309773,0.027771419851987486
39.23985314,0.04046692607003891
39.23990011,0.024505989166094453
39.25488687,0.024109254596780347
39.25495934,0.04025329976348516
39.26885629,0.029999237048905166
39.26891685,0.023086900129701687
39.27285886,0.03909361409933623
39.28594494,0.03274586099031052
39.28601742,0.021438925764858473
39.28790402,0.03680476081483177
39.28795147,0.03739986266880293
39.30084562,0.021759365224689096
39.30088258,0.03364614328221561
39.30091572,0.04074158846417945
39.30094838,0.023865110246433202
39.32685256,0.0302738994430457
39.32687831,0.04164187075608453
39.32690096,0.026245517662317846
39.32692409,0.02681010147249561
39.34184384,0.04290836957351034
39.3419013,0.03305104142824445
39.34988022,0.025925078202487222
39.34994292,0.042084382391088734
39.3499825,0.0366826886396582
39.36383271,0.024536507209887846
39.36386442,0.039917601281757836
39.37781143,0.0409399557488365
39.3912425,0.025360494392309453
39.39132404,0.03680476081483177
39.39137959,0.04336614023041123
39.39143062,0.025406271457999542
39.39147973,0.03031967650873579
39.40997696,0.04213015945677882
39.41005039,0.026459143968871595
39.41890287,0.025864042114900433
39.41897655,0.04119935912108034
39.44089627,0.02925154497596704
39.44096684,0.02214084077210651
39.44101167,0.03955138475623712
39.44105363,0.03205920500495918
39.45087266,0.01879911497672999
39.45093536,0.035080491340505074
39.45987582,0.03642328526741436
39.45994258,0.020004577706569007
39.45999622,0.031830319676508734
39.47487664,0.03993286030365453
39.4749341,0.021805142290379186
39.48390293,0.02647440299076829
39.4839673,0.03926146334019989
39.49994802,0.025146868085755704
39.50004482,0.025467307545586328
39.52301931,0.04023804074158847
39.52311873,0.02822919050888838
39.52319503,0.021271076523994813
39.52326465,0.038040741588464176
39.52498507,0.03279163805600061
39.52508378,0.021164263370717938
39.52515864,0.03512626840619516
39.54090762,0.036621652552071414
39.54098177,0.021042191195544367
39.56393075,0.03228809033340963
39.56401682,0.038803692683299
39.57787275,0.02197299153124285
39.57793188,0.02758831158922713
39.58596516,0.040787365529869536
39.58605599,0.026245517662317846
39.60001397,0.024673838406958113
39.60012436,0.039719233997100784
39.60017037,0.02865644312199588
39.6002152,0.021805142290379186
39.60991621,0.03817807278553445
39.63183117,0.033279926756694896
39.63186479,0.021927214465552756
39.63380527,0.03613336385137713
39.63383007,0.03622491798275731
39.64183259,0.020981155107957578
39.64186072,0.03247119859616999
39.64188409,0.04029907682917525
39.64190722,0.023605706874189364
39.6558485,0.02946517128252079
39.65587568,0.041672388799877925
39.65589929,0.0260166323338674
39.65592241,0.02528419928282597
39.67084146,0.04187075608453498
39.67088008,0.03234912642099642
39.68490219,0.025635156786449988
39.68495584,0.041992828259708556
39.70886254,0.03489738307774472
39.7089231,0.0217441062027924
39.70896816,0.03749141680018311
39.70900941,0.03970397497520409
39.71083951,0.023865110246433202
39.71088934,0.03358510719462882
39.72899127,0.03913939116502632
39.72908568,0.022827496757457846
39.7291255,0.02912947280079347
39.74485612,0.04151979858091096
39.74491453,0.025467307545586328
39.75789213,0.0247348744945449
39.75796437,0.04130617227435721
39.76583791,0.030594338902876324
39.76590538,0.02230869001297017
39.77184439,0.03875791561760891
39.77190614,0.03308155947203784
39.78592563,0.02107270923933776
39.78599858,0.03717097734035248
39.7909286,0.03773556115053025
39.79100084,0.019897764553292133
39.79984379,0.030472266727702754
39.81385398,0.03930724040588998
39.81391239,0.02499427786678874
39.82787824,0.032074464026855876
39.82793856,0.04682993820096132
39.82798934,0.0345464255741207
39.82803822,0.03576714732585641
39.83685255,0.049774929427023724
39.83689928,0.03521782253757534
39.85087848,0.02294956893263142
39.85093307,0.03649958037689784
39.85999537,0.03189135576409552
39.86008072,0.02026398107881285
39.88590193,0.036194399938963916
39.88597274,0.038117036697947665
39.88602686,0.022354467078660258
39.8860774,0.03533989471274891
39.886127,0.04165712977798123
39.9108243,0.024002441443503473
39.91085362,0.030090791180285344
39.9108777,0.043335622186617836
39.92088771,0.027817196917677575
39.92096663,0.026703288319218737
39.92102385,0.04411383230334936
39.92582607,0.03312733653772793
39.92585373,0.024872205691615166
39.9398303,0.042084382391088734
39.95388436,0.03611810482948043
39.95396757,0.022629129472800793
39.95400929,0.038452735179674985
39.95404911,0.04132143129625391
39.96983194,0.025055313954375526
39.9698596,0.035706111238269625
39.9698832,0.0439459830624857
39.96990681,0.02696269169146258
39.98383045,0.032120241092545965
39.98385978,0.04541084916456855
39.99783278,0.0307011520561532
40.0068686,0.030289158464942397
40.01983523,0.0469062333104448
40.01992011,0.03649958037689784
40.01996303,0.027832455939574275
40.02000523,0.04423590447852293
40.02004457,0.039749752040894176
40.03385663,0.027771419851987486
40.05084276,0.04374761577782864
40.05090356,0.04544136720836194
40.050946,0.02844281681544213
40.05099463,0.03906309605554284
40.05103612,0.046555275806820784
40.06583476,0.029800869764248113
40.06586504,0.03468375677119097
40.07988167,0.04754711223010605
40.07993937,0.03358510719462882
40.0799818,0.0294193942168307
40.080024,0.04382391088731212
40.09487319,0.03312733653772793
40.09492397,0.025803006027313648
40.10390711,0.0434882124055848
40.10397887,0.03869687953002213
40.11694312,0.023636224917982757
40.11701441,0.03826962691691463
40.14087772,0.04080262455176623
40.14093757,0.024750133516441595
40.14098191,0.03518730449378195
40.14386487,0.042755779354543375
40.14391303,0.02661173418783856
40.15285826,0.031143663691157397
40.15290523,0.04399176012817579
40.16187048,0.030182345311665523
40.16191769,0.028503852903028915
40.18488359,0.04438849469748989
40.18494701,0.03471427481498436
40.19887733,0.026047150377660793
40.19893837,0.042542153047989625
40.20688057,0.03836118104829481
40.20693898,0.025680933852140077
40.20698071,0.040207522697795074
40.22087574,0.041962310215915156
40.22092676,0.025558861676966506
40.22990918,0.036087586785687034
40.22996068,0.04370183871213855
40.23000121,0.02737468528267338
40.23004031,0.033661402304112305
40.24387622,0.04597543297474632
40.24392557,0.03044174868390936
40.26687646,0.028702220187685968
40.26693463,0.045090409704737926
40.2698698,0.0349736781872282
40.26992297,0.027283131151293202
40.26996541,0.044205386434729536
40.27886939,0.03889524681467918
40.27890468,0.02508583199816892
40.27893734,0.040207522697795074
40.29388857,0.043091477836270695
40.29394341,0.027283131151293202
40.29398513,0.0366826886396582
40.30783486,0.04385442893110551
40.32087684,0.02754253452353704
40.32095623,0.033493553063248645
40.32992077,0.046295872434576946
40.33000064,0.03218127718013275
40.33005691,0.029953459983215077
40.33884215,0.04573128862439917
40.33890843,0.036530098420691236
40.35183215,0.028259708552681773
40.35191393,0.044800488288700695
40.36088991,0.040787365529869536
40.36094785,0.028595407034409093
40.37485266,0.0434882124055848
40.37490773,0.04510566872663462
40.38987041,0.028213931486991684
40.38992715,0.03887998779278248
40.39686728,0.046509498741130695
40.39693451,0.028625925078202486
40.39698482,0.03297474631876097
40.41086555,0.04676890211337453
40.4109149,0.032120241092545965
40.41687584,0.028747997253376057
40.41692877,0.044007019150072484
40.42990613,0.034439612420843826
40.42996645,0.026459143968871595
40.44386649,0.04277103837644007
40.44391632,0.03938353551537346
40.4568851,0.02630655374990463
40.45693016,0.040207522697795074
40.45888066,0.042328526741435876
40.45893049,0.025146868085755704
40.45896959,0.035919737544823374
40.47491503,0.044800488288700695
40.47496915,0.026901655603875793
40.48689866,0.031952391851682305
40.4869442,0.04721141374837873
40.50189161,0.03450064850843061
40.50195384,0.03405813687342641
40.51086974,0.05194171053635462
40.51091528,0.044708934157320517
40.51484752,0.03747615777828641
40.51489139,0.049652857251850153
40.5289166,0.03887998779278248
40.52898026,0.022903791866941327
40.52903008,0.0375219348439765
40.54391551,0.04081788357366293
40.54398751,0.025070572976272222
40.5569098,0.03595025558861677
40.5569818,0.044678416113527124
40.57095528,0.028137636377508202
40.57101512,0.03274586099031052
40.57692385,0.04620431830319677
40.57699347,0.03138780804150454
40.5819118,0.028763256275272753
40.58196092,0.04556343938353551
40.59592581,0.03620965896086061
40.59600115,0.027817196917677575
40.59604263,0.04409857328145266
40.61085629,0.03875791561760891
40.61089134,0.02545204852368963
40.63492513,0.04048218509193561
40.63498402,0.043762874799725335
40.6350286,0.027725642786297397
40.63506913,0.037293049515526054
40.6378603,0.044846265354390784
40.63789582,0.028763256275272753
40.65094399,0.03376821545738918
40.65100813,0.04623483634699016
40.66254997,0.03271534294651713
40.66269827,0.031906614785992216
40.68391442,0.04748607614251926
40.68399286,0.03692683299000534
40.69290423,0.028580148012512397
40.6929791,0.04632639047837034
40.70193148,0.04228274967574579
40.70198131,0.02839703974975204
40.70790124,0.0434882124055848
40.70798063,0.04664682993820096
40.7168951,0.02993820096131838
40.71695399,0.03982604715037766
40.7301116,0.04814221408407721
40.73021126,0.03105210955977722
40.73025608,0.03561455710688945
40.75192237,0.048889906157015335
40.75199842,0.0341039139391165
40.76152897,0.030975814450293737
40.76165295,0.04631113145647364
40.76294684,0.0366826886396582
40.76299572,0.027359426260776684
40.77090049,0.04367132066834516
40.77097368,0.03869687953002213
40.77987218,0.023895628290226595
40.77994752,0.03860532539864195
40.79449821,0.04132143129625391
40.79462171,0.025146868085755704
40.801934,0.034576943617914094
40.82590461,0.04238956282902266
40.82597709,0.026367589837491417
40.82790208,0.030563820859082932
40.82795024,0.043549248493171586
40.82798791,0.029602502479591057
40.82802248,0.027527275501640344
40.83688617,0.04293888761730373
40.83694434,0.0328526741435874
40.85189438,0.023727779049362935
40.8519423,0.040878919661249714
40.87491488,0.03689631494621195
40.87496638,0.024704356450751506
40.87500739,0.03805600061036087
40.87504697,0.040161745632104985
40.87508607,0.024124513618677044
40.88188839,0.03472953383688106
40.88193107,0.04151979858091096
40.89586902,0.025055313954375526
40.8959024,0.03019760433356222
40.90483594,0.0434882124055848
40.90486097,0.029434653238727397
40.93882895,0.026932173647669186
40.93885565,0.0422369726100557
40.93887949,0.032486457618066684
40.93890309,0.024414435034714275
40.93892646,0.04151979858091096
40.9539597,0.037125200274662394
40.95398998,0.022354467078660258
40.95401359,0.03639276722362097
40.95403671,0.03889524681467918
40.96782422,0.022842755779354542
40.96785283,0.033371480888075074
40.96787691,0.041428244449530784
40.99495935,0.02532997634851606
40.99504328,0.028168154421301595
40.99986792,0.04187075608453498
40.99993753,0.02801556420233463
41.00484896,0.02589456015869383
41.01087499,0.04243533989471275
41.01095319,0.03346303501945525
41.01989269,0.024383916990920882
41.01995778,0.04077210650797284
41.02592659,0.037201495384145876
41.02599955,0.02269016556038758
41.05092788,0.037705043106736856
41.05100465,0.04069581139848936
41.05105901,0.024002441443503473
41.05110979,0.034241245136186774
41.0658555,0.04269474326695659
41.0659163,0.025909819180590526
41.06596327,0.029434653238727397
41.06890416,0.042298008697642483
41.0689621,0.028595407034409093
41.08194089,0.025223163195239186
41.08201194,0.039658197909514
41.09598446,0.03039597161821927
41.09605527,0.02178988326848249
41.1098721,0.037964446478980694
41.10994983,0.03413443198290989
41.12390184,0.020813305867093918
41.12397242,0.03442435339894713
41.12402725,0.03781185626001373
41.12407756,0.020798046845197222
41.13008404,0.03036545357442588
41.14387131,0.03985656519417105
41.1439302,0.02337682154573892
41.14985132,0.026504921034561684
41.14989829,0.03875791561760891
41.16582966,0.025680933852140077
41.16587877,0.024902723735408562
41.17484045,0.042587930113679714
41.17489767,0.0340886549172198
41.18183255,0.027344167238879988
41.18188882,0.04618905928130007
41.1948545,0.04356450751506828
41.19490099,0.02508583199816892
41.19494295,0.03274586099031052
41.20990062,0.03302052338445106
41.20997262,0.01617456321049821
41.22392011,0.027405203326466773
41.22399139,0.03797970550087739
41.23888731,0.022827496757457846
41.23894978,0.027679865720607308
41.25084686,0.04147402151522087
41.25088334,0.026077668421454186
41.25091648,0.022232394903486687
41.25094867,0.03904783703364614
41.27484417,0.029922941939421684
41.27490234,0.02029449912260624
41.27494431,0.03663691157396811
41.27498364,0.03422598611429008
41.30186439,0.021301594567788205
41.30194211,0.0340886549172198
41.30383277,0.03617914091706722
41.30387378,0.02102693217364767
41.30391145,0.03126573586633097
41.30397654,0.03959716182192721
41.31784964,0.02294956893263142
41.3179009,0.027023727779049364
41.32184172,0.04057373922331579
41.32188845,0.027100022888532846
41.33084726,0.02528419928282597
41.34485793,0.04068055237659266
41.34491873,0.031326771953917754
41.36886382,0.023132677195391776
41.36892819,0.039246204318303196
41.36897302,0.03544670786602579
41.36901498,0.022537575341420615
41.37183642,0.03706416418707561
41.37188005,0.040009155413138014
41.37984896,0.02392614633401999
41.37989831,0.03396658274204623
41.3938868,0.042999923704890516
41.39394593,0.025696192874036773
41.39398599,0.029053177691309988
41.41886663,0.04293888761730373
41.41892409,0.030304417486839094
41.41896582,0.026947432669565882
41.41900563,0.042755779354543375
41.42895389,0.03346303501945525
41.42906737,0.022903791866941327
41.43783736,0.03759822995345998
41.43789148,0.03422598611429008
41.44583583,0.019760433356221865
41.44588137,0.033203631647211414
41.46986842,0.0354009308003357
41.46994162,0.0191958495460441
41.46998739,0.029602502479591057
41.48485112,0.038406958113984896
41.48490191,0.02084382391088731
41.48493266,0.023804074158846417
41.4849627,0.03830014496070802
41.4948647,0.024628061341268024
41.49490547,0.02195773250934615
41.50385666,0.037750820172426945
41.50390291,0.028213931486991684
41.51682496,0.019501029983978027
41.51685119,0.03680476081483177
41.53088379,0.033234149691004806
41.53093886,0.01770046540016785
41.53098011,0.031784542610818645
41.54584622,0.03651483939879454
41.54588628,0.01957732509346151
41.54591799,0.02868696116578927
41.54594803,0.03761348897535668
41.56092572,0.02136263065537499
41.56099701,0.025024795910582133
41.57582808,0.03904783703364614
41.57586718,0.025558861676966506
41.5899303,0.0225986114290074
41.58998513,0.03788815136949721
41.60184002,0.027649347676813915
41.60189152,0.019302662699320974
41.60193276,0.03622491798275731
41.60981607,0.03251697566186008
41.60985303,0.018265049210345618
41.61781216,0.03237964446478981
41.63087845,0.03546196688792248
41.63093925,0.019256885633630885
41.63098216,0.029022659647516595
41.64483809,0.03851377126726177
41.64486551,0.02197299153124285
41.65885186,0.02423132677195392
41.6588769,0.03863584344243534
41.67182827,0.025726710917830166
41.67185521,0.021515220874341955
41.67480707,0.03761348897535668
41.67485714,0.028702220187685968
41.68685651,0.01977569237811856
41.68692875,0.03590447852292668
41.70092583,0.03334096284428168
41.70100355,0.01982146944380865
41.71583128,0.03393606469825284
41.71590114,0.0375066758220798
41.72881079,0.020996414129854278
41.72887516,0.0302738994430457
41.7289207,0.039337758449683374
41.72896218,0.024002441443503473
41.74183798,0.027237354085603113
41.74189997,0.03994811932555123
41.74194312,0.02613870450904097
41.74885654,0.022629129472800793
41.74890542,0.03778133821622034
41.77186513,0.02865644312199588
41.77191854,0.020035095750362403
41.77384281,0.03504997329671168
41.77389526,0.030807965209430077
41.78187299,0.017502098115510796
41.78192687,0.031784542610818645
41.7908566,0.03547722590981918
41.79090452,0.019165331502250707
41.79585147,0.02780193789578088
41.81087494,0.037125200274662394
41.81093287,0.020920119020370793
41.81584525,0.02383459220263981
41.81589127,0.038452735179674985
41.83885622,0.02494850080109865
41.83890462,0.02204928664072633
41.84084082,0.03659113450827802
41.8408916,0.026550698100251773
41.84986901,0.0187533379110399
41.84992361,0.03723201342793927
41.86386204,0.03637750820172427
41.86391163,0.024841687647821773
41.86395311,0.041763942931258104
41.87488294,0.04620431830319677
41.8749392,0.025360494392309453
41.89689064,0.02766460669871061
41.89695787,0.03347829404135195
41.8988781,0.0170443274586099
41.89892507,0.02093537804226749
41.90588093,0.03656061646448463
41.90594101,0.024444953078507668
41.91984916,0.021515220874341955
41.91990399,0.038834210727092394
41.91994572,0.02912947280079347
41.91998577,0.018692301823453116
41.92985034,0.03529411764705882
41.94384718,0.033234149691004806
41.94387388,0.019729915312428473
41.95683718,0.03300526436255436
41.95686197,0.03584344243533989
41.98080826,0.019592584115358205
41.98083687,0.028992141603723202
41.98086095,0.03872739757381552
41.98088431,0.02204928664072633
41.98381543,0.02485694666971847
41.98383951,0.03961242084382391
41.99585319,0.026428625925078202
41.99587846,0.022980086976424813
42.02186203,0.039581902800030516
42.02192855,0.03065537499046311
42.02482653,0.02055390249485008
42.02489257,0.0371099412527657
42.02983093,0.03480582894636454
42.02989411,0.021560997940032044
42.03587842,0.03588921950102998
42.03594065,0.03898680094605936
42.04986477,0.022415503166247044
42.0499227,0.031494621194781414
42.05888677,0.04165712977798123
42.0589509,0.026855878538185704
42.05900145,0.030411230640115968
42.08390999,0.042710002288853285
42.08398581,0.028976882581826506
42.08403111,0.025436789501792935
42.08407164,0.042328526741435876
42.09893179,0.033875028610666054
42.09899807,0.023758297093156328
42.09908891,0.039169909208819714
42.09919453,0.03634699015793088
42.12390184,0.021347371633478295
42.12397528,0.03401235980773632
42.13233018,0.03797970550087739
42.13245296,0.02136263065537499
42.14087701,0.029602502479591057
42.15486836,0.03869687953002213
42.15494108,0.021896696421759364
42.1648922,0.024216067750057222
42.16496348,0.03904783703364614
42.17690086,0.02627603570611124
42.17697406,0.021301594567788205
42.17702913,0.03671320668345159
42.17708445,0.0281528953994049
42.19091034,0.018951705195696954
42.19097066,0.03555352101930266
42.19692039,0.0332494087129015
42.19696975,0.01838712138551919
42.19701028,0.03230334935530633
42.21385384,0.03643854428931106
42.21391201,0.01953154802777142
42.236871,0.028259708552681773
42.23693085,0.03814755474174106
42.23884702,0.022003509575036242
42.2388947,0.02532997634851606
42.23893738,0.03994811932555123
42.23897862,0.02508583199816892
42.24886703,0.020523384451056687
42.24891734,0.03773556115053025
42.26358628,0.030411230640115968
42.26366067,0.020416571297779813
42.26887035,0.03521782253757534
42.29183555,0.0324101625085832
42.2918644,0.018783855954833294
42.29188943,0.032318608377203024
42.29380774,0.03675898374914168
42.29384089,0.019501029983978027
42.29386759,0.028580148012512397
42.30783153,0.03859006637674525
42.31181693,0.022247653925383384
42.31185579,0.024200808728160526
42.32585263,0.03836118104829481
42.32590866,0.02528419928282597
42.33981466,0.021179522392614634
42.35382438,0.03776607919432364
42.3538816,0.029556725413900968
42.35392547,0.019623102159151598
42.35396743,0.03595025558861677
42.36081338,0.03346303501945525
42.36086917,0.019089036392767225
42.3748157,0.03276112001220722
42.37487626,0.037293049515526054
42.38181996,0.02084382391088731
42.38187194,0.029495689326314183
42.40681696,0.039795529106584265
42.40687895,0.023529411764705882
42.40692186,0.025482566567483024
42.40696144,0.03978027008468757
42.40700102,0.027054245822842757
42.41582203,0.022964827954528116
42.41587424,0.039291981383993285
42.42987061,0.030472266727702754
42.4299202,0.020065613794155796
42.44586229,0.036575875486381325
42.44591999,0.03291371023117418
42.4518497,0.016495002670328832
42.45189619,0.030426489662012664
42.46588087,0.03584344243533989
42.46593547,0.01924162661173419
42.46597505,0.027069504844739453
42.4728651,0.03689631494621195
42.47292328,0.02076752880140383
42.48588371,0.023270008392462044
42.48593974,0.03836118104829481
42.49287796,0.025177386129549097
42.49293709,0.020141908903639278
42.51689768,0.03726253147173266
42.51695848,0.028625925078202486
42.51886892,0.01760891126878767
42.51891685,0.03305104142824445
42.52892184,0.03279163805600061
42.52898574,0.02076752880140383
42.53415513,0.03555352101930266
42.54288268,0.042496375982299536
42.54293537,0.02920576791027695
42.54885435,0.03790341039139391
42.54895186,0.044129091325246055
42.57392359,0.02307164110780499
42.57398891,0.020584420538643473
42.57402658,0.034912642099641414
42.57406044,0.02255283436331731
42.58683705,0.01884489204242008
42.58686447,0.03564507515068284
42.5888164,0.02848859388113222
42.59784174,0.018356603341725796
42.59789896,0.03445487144274052
42.60583019,0.03268482490272374
42.63025618,0.01879911497672999
42.63033676,0.03141832608529793
42.63039231,0.036453803311207754
42.64388347,0.02009613183794919
42.65191507,0.028336003662165255
42.65199447,0.0388189517051957
42.65205026,0.02316319523918517
42.67683792,0.024826428625925077
42.67686701,0.0383916990920882
42.67689133,0.025101091020065615
42.67881322,0.02119478141451133
42.69192147,0.03797970550087739
42.69200039,0.03053330281528954
42.69205618,0.020691233691920347
42.6921072,0.03656061646448463
42.69907117,0.03512626840619516
42.69914484,0.020447089341573205
42.72207093,0.03309681849393454
42.72213364,0.03797970550087739
42.72217751,0.021713588158999007
42.72221756,0.03105210955977722
42.72485185,0.04182497901884489
42.7248981,0.0251621271076524
42.72493744,0.02639810788128481
42.73985624,0.04180971999694819
42.73990583,0.029098954757000077
42.7639246,0.025680933852140077
42.76399207,0.04243533989471275
42.76404309,0.03360036621652552
42.76409364,0.02238498512245365
42.77390552,0.03904783703364614
42.77396226,0.03698786907759213
42.78189921,0.022186617837796598
42.78195429,0.03501945525291829
42.79589558,0.03949034866865034
42.79594493,0.02276646066987106
42.79598546,0.02951094834821088
42.82191515,0.03956664377813382
42.82197189,0.023346303501945526
42.82689643,0.024551766231784542
42.82695103,0.03904783703364614
42.83588767,0.026092927443350882
42.83594227,0.02145418478675517
42.84194446,0.03765926604104677
42.84199381,0.02917524986648356
42.84993291,0.01829556725413901
42.84998083,0.03489738307774472
42.86389017,0.03385976958876936
42.86393571,0.0200503547722591
42.8709259,0.03189135576409552
42.89591336,0.03685053788052186
42.89596772,0.020065613794155796
42.89600849,0.02763408865491722
42.89604926,0.037750820172426945
42.89608836,0.022461280231937133
42.8961277,0.024216067750057222
42.90490317,0.039291981383993285
42.90496063,0.026504921034561684
42.9189477,0.021087968261234456
42.91900063,0.0383916990920882
42.9248836,0.03245593957427329
42.92493057,0.020080872816052493
42.93890357,0.03430228122377356
42.94788885,0.03385976958876936
42.97188067,0.020080872816052493
42.97194576,0.03276112001220722
42.97386575,0.03846799420157168
42.97390795,0.020630197604333562
42.97394109,0.02887006942854963
42.97397447,0.03952086671244373
42.97400689,0.023529411764705882
42.98390937,0.025177386129549097
42.98394728,0.04058899824521248
42.99795794,0.02737468528267338
42.9980092,0.022110322728313116
43.02488303,0.0383916990920882
43.0249393,0.030716411078049895
43.02498055,0.02026398107881285
43.02501965,0.03682001983672847
43.02505851,0.03590447852292668
43.03489447,0.020325017166399634
43.03494143,0.03181506065461204
43.04188418,0.0375066758220798
43.04192233,0.02186617837796597
43.04986095,0.030167086289768826
43.04988909,0.04077210650797284
43.07385063,0.023819333180743113
43.07387924,0.024933241779201955
43.09924436,0.039841306172274354
43.09933686,0.02851911192492561
43.09940982,0.02374303807125963
43.09947848,0.040207522697795074
43.10690331,0.033157854581521325
43.10695982,0.022339208056763562
43.11585975,0.03851377126726177
43.11591101,0.03732356755931945
43.12989902,0.02255283436331731
43.1299603,0.03631647211413749
43.13000059,0.040924696726939803
43.13003993,0.024002441443503473
43.13289189,0.031692988479438466
43.14689088,0.04211490043488213
43.14694667,0.02571145189593347
43.17091918,0.02647440299076829
43.17097139,0.040451667048142216
43.17101359,0.027557793545433737
43.17105317,0.02406347753109026
43.17489767,0.039673456931410694
43.17494154,0.03201342793926909
43.18190694,0.021637293049515526
43.18195748,0.03765926604104677
43.19187689,0.03593499656672007
43.191926,0.020828564888990615
43.19789386,0.03414969100480659
43.21088552,0.03938353551537346
43.21094441,0.021942473487449453
43.22486687,0.031021591515983826
43.22491908,0.041763942931258104
43.2298646,0.02528419928282597
43.22991419,0.02504005493247883
43.23890257,0.041382467383840695
43.23894835,0.030899519340810255
43.25188327,0.027771419851987486
43.25193024,0.046967269398031586
43.25886273,0.04278629739833677
43.25891185,0.033401998931868467
43.27189922,0.04724193179217212
43.28588843,0.040711070420386054
43.28592539,0.021164263370717938
43.29284072,0.032730601968413826
43.29286575,0.03814755474174106
43.29288888,0.022583352407110704
43.30697107,0.03208972304875257
43.30704856,0.043472953383688104
43.31191754,0.026764324406805522
43.31197429,0.02737468528267338
43.32588577,0.04240482185091936
43.32594085,0.030930037384603648
43.34990191,0.02571145189593347
43.34996128,0.04319829098954757
43.35000229,0.03533989471274891
43.35004115,0.02328526741435874
43.35007977,0.038956282902265965
43.35988379,0.038574807354848556
43.35993671,0.024277103837644008
43.37394047,0.03738460364690623
43.37400556,0.042496375982299536
43.38087368,0.02575722896162356
43.38091969,0.033951323720149536
43.39389896,0.04490730144197757
43.39394855,0.02934309910734722
43.40291858,0.03048752574959945
43.41687846,0.04554818036163882
43.4169333,0.0336919203479057
43.42285275,0.028595407034409093
43.4229126,0.044785229266804
43.42988133,0.03808651865415427
43.42992878,0.027771419851987486
43.4438982,0.04374761577782864
43.44394422,0.04255741206988632
43.44399142,0.027359426260776684
43.44405055,0.04080262455176623
43.46890354,0.04657053482871748
43.46895909,0.029495689326314183
43.46900153,0.03738460364690623
43.47420669,0.04858472571908141
43.47428226,0.033951323720149536
43.4878943,0.03434805828946365
43.48794007,0.04873731593804837
43.49389005,0.03564507515068284
43.49393225,0.02975509269855802
43.52687407,0.04618905928130007
43.52693057,0.038834210727092394
43.5288341,0.02806134126802472
43.52887297,0.0439459830624857
43.52890658,0.04156557564660105
43.52893853,0.026001373311970704
43.52897048,0.03852903028915847
43.53894043,0.04243533989471275
43.5389967,0.025696192874036773
43.55188227,0.034409094377050434
43.5519383,0.04533455405508507
43.56087661,0.028717479209582664
43.56092668,0.02917524986648356
43.58488917,0.044510566872663464
43.58494854,0.03308155947203784
43.58499265,0.027618829633020522
43.58503366,0.04444953078507668
43.59986854,0.03743038071259632
43.59991932,0.025238422217135882
43.59996057,0.0405279621576257
43.60183311,0.04072632944228275
43.60186553,0.026291294728007935
43.61583257,0.03927672236209659
43.61586165,0.04461738002594034
43.62983942,0.027725642786297397
43.64501023,0.034821087968261236
43.64506388,0.04597543297474632
43.64510059,0.029694056610971235
43.65283489,0.030807965209430077
43.65285993,0.04715037766079194
43.65288305,0.035034714274814985
43.66888237,0.027878233005264364
43.66893411,0.04402227817196918
43.66897559,0.03772030212863355
43.68286872,0.02708476386663615
43.68292928,0.043137254901960784
43.70635581,0.041596093690394444
43.70647931,0.025955596246280615
43.72688103,0.03886472877088579
43.72695613,0.04495307850766766
43.72701097,0.027191577019913024
43.72706151,0.034866865033951325
43.73488092,0.04702830548561837
43.73493361,0.03039597161821927
43.73497462,0.02958724345769436
43.74102592,0.043808651865415424
43.74114394,0.034576943617914094
43.76891184,0.029358358129243915
43.76896858,0.044754711223010606
43.77493978,0.03790341039139391
43.77498484,0.025772487983520255
43.77501988,0.04086366063935302
43.77506113,0.04074158846417945
43.78490496,0.025726710917830166
43.78495765,0.03884946974898909
43.79090166,0.045426108186465246
43.79094934,0.027115281910429542
43.79688573,0.03492790112153811
43.8199358,0.04681467917906462
43.82000732,0.031860837720302126
43.82004976,0.03224231326771954
43.8200891,0.04745555809872587
43.82990289,0.035385671778439
43.82995248,0.02951094834821088
43.83890462,0.04644846265354391
43.83895659,0.0401007095445182
43.85188723,0.028412298771648737
43.85194397,0.043717097734035246
43.85890126,0.04255741206988632
43.85895419,0.026199740596627757
43.8735826,0.038742656595712216
43.88590002,0.04472419317921721
43.88595986,0.027023727779049364
43.89492154,0.0336919203479057
43.89497519,0.04536507209887846
43.89501905,0.029266803997863737
43.89506054,0.029266803997863737
43.90486956,0.044800488288700695
43.90490651,0.03331044480048829
43.91387296,0.027237354085603113
43.91390467,0.04335088120851453
43.93685317,0.03642328526741436
43.93687987,0.024826428625925077
43.93984175,0.04060425726710918
43.94783211,0.04106202792401007
43.94786072,0.024872205691615166
43.94788527,0.0366826886396582
43.96285486,0.041550316624704355
43.96291685,0.02606240939955749
43.97084594,0.03572137026016632
43.97091031,0.0486305027847715
43.99586797,0.03595025558861677
43.99593091,0.03918516823071641
43.99597239,0.054947737850003814
44.00886178,0.04147402151522087
44.0089004,0.029098954757000077
44.02185845,0.041794460975051496
44.02191353,0.03450064850843061
44.03085423,0.023010605020218206
44.03090954,0.03897154192416266
44.04484415,0.03987182421606775
44.04489446,0.025635156786449988
44.04492903,0.03738460364690623
44.04496288,0.04303044174868391
44.04499531,0.02661173418783856
44.04502773,0.03364614328221561
44.06988239,0.04399176012817579
44.06995201,0.02868696116578927
44.06999326,0.029602502479591057
44.08689833,0.04522774090180819
44.08695316,0.03276112001220722
44.08883476,0.027100022888532846
44.08887196,0.04361028458075837
44.09685826,0.03694209201190204
44.09690356,0.0247348744945449
44.10183549,0.04084840161745632
44.1018908,0.04097047379262989
44.12887096,0.026260776684214542
44.12892699,0.03759822995345998
44.13485265,0.04377813382162203
44.13489795,0.027222095063706417
44.13493729,0.03447013046463722
44.1438787,0.045807583733882655
44.14393544,0.029495689326314183
44.14887309,0.03088426031891356
44.14892268,0.046341649500267035
44.16187334,0.03479056992446784
44.16192722,0.028717479209582664
44.17091584,0.04524299992370489
44.170964,0.039246204318303196
44.19490767,0.02784771496147097
44.19498229,0.04399176012817579
44.19503522,0.04423590447852293
44.19508505,0.027145799954222935
44.1951344,0.03904783703364614
44.20990086,0.04541084916456855
44.20994997,0.028824292362859542
44.2158742,0.035385671778439
44.21592212,0.048172732127870606
44.22991014,0.03167772945754177
44.22998333,0.02981612878614481
44.23589516,0.044205386434729536
44.23593378,0.03271534294651713
44.25993943,0.02594033722438392
44.25999999,0.0430609597924773
44.2600441,0.036789501792935074
44.26008487,0.023315785458152133
44.26012492,0.03808651865415427
44.27489591,0.037949187457084
44.27493715,0.02204928664072633
44.28382802,0.035034714274814985
44.29687977,0.041931792172121764
44.29695845,0.02435339894712749
44.29701471,0.02998397802700847
44.3108356,0.041886015106431675
44.31086397,0.02652018005645838
44.33482862,0.02664225223163195
44.3348546,0.042465857938506144
44.33487868,0.029968719005111773
44.33490205,0.023422598611429007
44.33844709,0.040207522697795074
44.33852482,0.03463797970550088
44.35190153,0.022507057297627222
44.35197115,0.03738460364690623
44.36496615,0.037094682230869
44.36504054,0.022796978713664453
44.37887311,0.03607232776379034
44.37893653,0.041382467383840695
44.38485813,0.02328526741435874
44.38491821,0.02934309910734722
44.39386392,0.04180971999694819
44.39391208,0.026413366903181506
44.3939538,0.02610818646524758
44.40590096,0.04113832303349355
44.40597463,0.030243381399252308
44.41988969,0.022674906538490882
44.41996002,0.039078355077439536
44.44387221,0.03376821545738918
44.44394207,0.022201876859693295
44.45191193,0.03767452506294346
44.45196772,0.03715571831845579
44.46090627,0.02076752880140383
44.46096087,0.03266956588082704
44.46990299,0.03901731898985275
44.46996045,0.022110322728313116
44.47001076,0.027786678873884182
44.47492909,0.040497444113832305
44.47500634,0.025101091020065615
44.49889851,0.024719615472648202
44.49897122,0.04026855878538186
44.50822067,0.028992141603723202
44.50847197,0.02221713588158999
44.50864148,0.03886472877088579
44.50874352,0.032532234683756774
44.53288984,0.019897764553292133
44.53295016,0.03572137026016632
44.53299665,0.036743724727244985
44.53303862,0.021377889677271687
44.53307939,0.03352407110704204
44.5389092,0.03981078812848096
44.53897929,0.022537575341420615
44.55186057,0.02835126268406195
44.55190063,0.041382467383840695
44.56597567,0.027222095063706417
44.56604671,0.02627603570611124
44.57504678,0.04007019150072481
44.5751152,0.029221026932173648
44.58083797,0.023422598611429007
44.58087778,0.039749752040894176
44.58982086,0.03228809033340963
44.58984995,0.01924162661173419
44.59987736,0.035080491340505074
44.60786057,0.03614862287327383
44.60788822,0.018860151064316776
44.62084436,0.029266803997863737
44.62087488,0.036789501792935074
44.63495922,0.020798046845197222
44.6350069,0.02618448157473106
44.63504744,0.03822384985122454
44.63508725,0.02285801480125124
44.64985275,0.022491798275730526
44.64987922,0.03826962691691463
44.65888858,0.026428625925078202
44.65893388,0.018783855954833294
44.68400335,0.036285954070344094
44.68420482,0.02877851529716945
44.69090724,0.01641870756084535
44.69097638,0.033615625238422216
44.696913,0.03701838712138552
44.69696307,0.021606775005722133
44.70486307,0.034866865033951325
44.70492435,0.04583810177767605
44.71888852,0.030334935530632486
44.71898198,0.03271534294651713
44.72484279,0.03801022354467078
44.72491217,0.01896696421759365
44.74888682,0.017715724422064545
44.74900866,0.03480582894636454
44.7490809,0.02578774700541695
44.74915218,0.019455252918287938
44.7492075,0.03523308155947204
44.75887418,0.029068436713206684
44.75892854,0.017090104524299994
44.77286696,0.03276112001220722
44.77291679,0.034439612420843826
44.78120661,0.01858548867017624
44.78132677,0.029770351720454717
44.79490685,0.03656061646448463
44.79497337,0.0196078431372549
44.80894661,0.025406271457999542
44.81698227,0.037796597238117034
44.81704307,0.02247653925383383
44.82487392,0.022705424582284275
44.82493019,0.0396429388876173
44.83086944,0.027557793545433737
44.83092427,0.01850919356069276
44.83991289,0.03527885862516213
44.83996391,0.030502784771496146
44.84692621,0.01884489204242008
44.84698176,0.034241245136186774
44.8729856,0.03561455710688945
44.87306571,0.01998931868467231
44.87311125,0.030502784771496146
44.87315297,0.03802548256656748
44.87319469,0.021896696421759364
44.88316393,0.027023727779049364
44.88323736,0.039627679865720605
44.89589,0.02583352407110704
44.89594936,0.025391012436102846
44.90491509,0.041000991836423285
44.90498638,0.030777447165636684
44.92893076,0.02311741817349508
44.92901134,0.03898680094605936
44.95185828,0.034119172961013196
44.95191026,0.021942473487449453
44.95194697,0.036743724727244985
44.95385647,0.03663691157396811
44.96685386,0.019623102159151598
44.9669199,0.031189440756847486
44.96696305,0.03826962691691463
44.96700406,0.021042191195544367
44.96704364,0.02589456015869383
44.9688251,0.03801022354467078
44.9918294,0.022369726100556955
44.99189782,0.021545738918135347
44.99380565,0.03692683299000534
44.99384999,0.025070572976272222
44.99388337,0.018158236057068743
45.00786185,0.0349736781872282
45.00792217,0.029526207370107575
45.01683283,0.0166323338673991
45.01689053,0.031280994888227664
45.0169332,0.03215075913633936
45.03082609,0.015869382772564278
45.04382849,0.02818341344319829
45.04388022,0.03596551461051346
45.05681181,0.01910429541466392
45.05686736,0.0243076218814374
45.06381202,0.036087586785687034
45.06386328,0.022339208056763562
45.06390405,0.02214084077210651
45.07791948,0.03706416418707561
45.07799864,0.025513084611276417
45.08244991,0.01770046540016785
45.08264112,0.03459220263981079
45.09684348,0.029831387808041506
45.09690022,0.01753261615930419
45.11989284,0.031570916304264895
45.11999083,0.03312733653772793
45.12003589,0.01782253757534142
45.12016869,0.02861066605630579
45.12182236,0.03492790112153811
45.1218667,0.017578393224994278
45.13181472,0.02409399557488365
45.14087033,0.03886472877088579
45.14092779,0.022735942626077667
45.14994073,0.019806210421911954
45.15001345,0.035416189822232394
45.16388083,0.0255893797207599
45.16393757,0.018783855954833294
45.17792535,0.035034714274814985
45.17799759,0.029770351720454717
45.17805171,0.017090104524299994
45.17810154,0.03131151293202106
45.19293356,0.03271534294651713
45.19303489,0.017425803006027314
45.19313121,0.02844281681544213
45.20688462,0.035919737544823374
45.2069447,0.01850919356069276
45.23089218,0.023849851224536506
45.23095298,0.03732356755931945
45.23386574,0.02323949034866865
45.23391771,0.02293430991073472
45.24088907,0.038117036697947665
45.24093485,0.026550698100251773
45.25091696,0.01924162661173419
45.25099468,0.03654535744258793
45.26390243,0.031998168917372394
45.26396012,0.0187533379110399
45.26400304,0.03308155947203784
45.28884673,0.035660334172579536
45.28887677,0.019638361181048294
45.3018353,0.029877164873731595
45.30186558,0.03559929808499275
45.30881333,0.018066681925688565
45.30883789,0.023804074158846417
45.32180667,0.03700312809948882
45.32183051,0.02162203402761883
45.32185364,0.019623102159151598
45.33584428,0.03595025558861677
45.33592653,0.026199740596627757
45.33598232,0.018066681925688565
45.34285998,0.033829251544975965
45.34292507,0.028763256275272753
45.34898591,0.017120622568093387
45.34910035,0.031570916304264895
45.36685824,0.03187609674219882
45.36693215,0.015793087663080796
45.37888598,0.026169222552834364
45.37898707,0.03462272068360418
45.38486934,0.019516289005874723
45.38493109,0.02542153047989624
45.39888263,0.039841306172274354
45.3989625,0.029068436713206684
45.399019,0.02970931563286793
45.40889978,0.04666208896009766
45.40896058,0.033997100785839625
45.42187667,0.018020904859998473
45.42195272,0.029694056610971235
45.43685865,0.025055313954375526
45.43690515,0.013763637750820172
45.43694735,0.026581216144045166
45.43698716,0.03601129167620355
45.46186757,0.018493934538796063
45.46193004,0.02401770046540017
45.46197438,0.03781185626001373
45.46201563,0.022110322728313116
45.46383834,0.020141908903639278
45.48799896,0.03730830853742275
45.48809409,0.027405203326466773
45.48813105,0.018982223239490347
45.48816514,0.035370412756542305
45.49789762,0.0311284046692607
45.4979701,0.017914091706721598
45.50286436,0.03234912642099642
45.50292134,0.034988937209124896
45.51594186,0.019028000305180436
45.51604462,0.02925154497596704
45.5249114,0.037247272449835965
45.52499008,0.020874341954680704
45.53081942,0.025879301136797133
45.55584311,0.039291981383993285
45.55590534,0.025146868085755704
45.56482887,0.022461280231937133
45.5648787,0.03904783703364614
45.57281542,0.028854810406652935
45.57286048,0.020080872816052493
45.5858779,0.037369344625009536
45.58593416,0.033539330128938734
45.60086584,0.021515220874341955
45.60091758,0.036865796902418556
45.6009593,0.03817807278553445
45.60100174,0.022125581750209813
45.61388969,0.03271534294651713
45.61396384,0.041596093690394444
45.61401844,0.024155031662470437
45.63711476,0.028595407034409093
45.63717389,0.041718165865568015
45.63721776,0.027283131151293202
45.63725853,0.025803006027313648
45.63729739,0.04119935912108034
45.63733625,0.030121309224078737
45.64821792,0.020981155107957578
45.64829016,0.03723201342793927
45.66085124,0.033783474479285876
45.66089392,0.019897764553292133
45.66981053,0.03210498207064927
45.68380427,0.03376821545738918
45.68383574,0.01846341649500267
45.69081664,0.028976882581826506
45.69985223,0.03701838712138552
45.69991398,0.020111390859845885
45.69996405,0.02442969405661097
45.70481753,0.037918669413290605
45.70484185,0.02435339894712749
45.71382785,0.021545738918135347
45.71385217,0.03631647211413749
45.73683572,0.02627603570611124
45.73686337,0.0187533379110399
45.739851,0.03590447852292668
45.73990107,0.03213550011444266
45.75185633,0.017425803006027314
45.75191188,0.031998168917372394
45.76186347,0.034241245136186774
45.76192069,0.0183413443198291
45.77084541,0.028641184100099183
45.77090001,0.03727779049362936
45.78384471,0.020706492713817044
45.78391385,0.025650415808346684
45.79685688,0.03805600061036087
45.79692149,0.023254749370565347
45.80384159,0.02157625696192874
45.81696081,0.038239108873121236
45.81707978,0.028885328450446328
45.81883645,0.019089036392767225
45.81889009,0.035416189822232394
45.83186078,0.03158617532616159
45.83191633,0.01821927214465553
45.83195782,0.03288319218738079
45.83783913,0.03561455710688945
45.86185098,0.0191958495460441
45.86193871,0.028549629968719004
45.86198664,0.037369344625009536
45.86203003,0.020660715648126955
45.86207104,0.025604638742656595
45.87382507,0.03869687953002213
45.87387347,0.023529411764705882
45.88795447,0.02178988326848249
45.8880558,0.03826962691691463
45.89285302,0.028198672465094988
45.89291406,0.019684138246738384
45.91587496,0.03692683299000534
45.91594625,0.03317311360341802
45.9228363,0.019501029983978027
45.92289567,0.03390554665445945
45.93186522,0.0362706950484474
45.93191361,0.020965896086060882
45.93195438,0.031906614785992216
45.93986201,0.039887083237964444
45.93991327,0.02255283436331731
45.95186901,0.027145799954222935
45.9519217,0.04074158846417945
45.95881963,0.025879301136797133
45.95884585,0.023849851224536506
45.98383331,0.039581902800030516
45.98387313,0.028366521705958648
45.98389816,0.019256885633630885
45.98393035,0.03595025558861677
45.9898181,0.03208972304875257
45.98985124,0.018432898451209278
45.99781346,0.032394903486686506
46.01085258,0.035324635690852216
46.01088166,0.01889066910811017
46.01691747,0.028259708552681773
46.01696587,0.036408026245517665
46.03088045,0.020538643472953384
46.03093624,0.026428625925078202
46.04491949,0.039002059967956054
46.0449903,0.023422598611429007
46.05110765,0.021316853589684902
46.05121446,0.0366674296177615
46.05988169,0.026321812771801328
46.05994034,0.01936369878690776
46.07485366,0.03813229571984436
46.07490993,0.03439383535515374
46.08404374,0.022842755779354542
46.08422685,0.041336690318150605
46.10687423,0.04589913786526284
46.10696077,0.02844281681544213
46.10881615,0.03346303501945525
46.10885644,0.036957351033798734
46.11391902,0.01739528496223392
46.11399817,0.02111848630502785
46.12784696,0.03607232776379034
46.12793016,0.024002441443503473
46.12797809,0.023422598611429007
46.14286518,0.03887998779278248
46.14292264,0.02835126268406195
46.15584993,0.02009613183794919
46.15589857,0.0371099412527657
46.16990447,0.03292896925307088
46.16996384,0.01910429541466392
46.17003322,0.03364614328221561
46.17007804,0.036575875486381325
46.17991781,0.020111390859845885
46.17997241,0.0294193942168307
46.19388103,0.03852903028915847
46.19393301,0.0217441062027924
46.19397426,0.026367589837491417
46.20891023,0.040207522697795074
46.20896935,0.02668802929732204
46.22186494,0.023697261005569542
46.22192049,0.039246204318303196
46.23612761,0.029694056610971235
46.23621464,0.02140840772106508
46.23786736,0.037872892347600516
46.23791528,0.03401235980773632
46.24586725,0.021774624246585793
46.24591994,0.0362554360265507
46.2598896,0.0383916990920882
46.25993633,0.021896696421759364
46.2599771,0.032654306858930345
46.28894806,0.041840238040741586
46.28903651,0.02561989776455329
46.28909183,0.030823224231326773
46.28914261,0.044205386434729536
46.29084826,0.028717479209582664
46.29088616,0.025223163195239186
46.30584145,0.041840238040741586
46.30586791,0.033112077515831236
46.31492567,0.024719615472648202
46.31498337,0.040115968566414896
46.33886671,0.03590447852292668
46.33889532,0.022354467078660258
46.34092116,0.03616388189517052
46.35486436,0.03871213855191882
46.35489011,0.02186617837796597
46.35491323,0.030121309224078737
46.35493636,0.039002059967956054
46.3624568,0.022674906538490882
46.36248279,0.025482566567483024
46.37084937,0.038452735179674985
46.39604115,0.024902723735408562
46.39615273,0.02230869001297017
46.39631939,0.03904783703364614
46.39887834,0.0298619058518349
46.39891505,0.019562066071564813
46.41188836,0.03559929808499275
46.41194725,0.03245593957427329
46.41199088,0.019378957808804456
46.43591309,0.03356984817273213
46.4359498,0.03660639353017472
46.441818,0.020035095750362403
46.44184303,0.029312581063553826
46.45081973,0.03869687953002213
46.45084453,0.022415503166247044
46.45086789,0.02613870450904097
46.45989227,0.03982604715037766
46.45997262,0.024841687647821773
46.47395468,0.022186617837796598
46.48688602,0.039078355077439536
46.48696041,0.029739833676661324
46.48885942,0.02102693217364767
46.48891783,0.03790341039139391
46.49695754,0.03402761882963302
46.49705744,0.019897764553292133
46.50795388,0.03437857633325704
46.50805163,0.03756771190966659
46.51590061,0.02119478141451133
46.51597333,0.03088426031891356
46.53987265,0.03999389639124132
46.5399344,0.023010605020218206
46.53998089,0.026504921034561684
46.54002309,0.040711070420386054
46.54006481,0.026977950713359275
46.55490565,0.023422598611429007
46.55497932,0.039841306172274354
46.55503368,0.02993820096131838
46.55508375,0.020813305867093918
46.57000828,0.03727779049362936
46.57009268,0.034821087968261236
46.58491397,0.02136263065537499
46.58498502,0.03567559319447623
46.60696983,0.038117036697947665
46.607059,0.021683070115205615
46.60985756,0.031570916304264895
46.60993648,0.040833142595559625
46.60997891,0.024612802319371328
46.61688042,0.02827496757457847
46.61693478,0.042969405661097124
46.63138556,0.029388876173037308
46.63150573,0.026001373311970704
46.63624692,0.041718165865568015
46.63641453,0.033035782406347754
46.65995312,0.02456702525368124
46.66002393,0.04060425726710918
46.66008067,0.03680476081483177
46.66013169,0.02272068360418097
46.66018057,0.03543144884412909
46.67488003,0.03865110246433204
46.67491865,0.022003509575036242
46.68483901,0.03138780804150454
46.69707084,0.03961242084382391
46.69714952,0.02285801480125124
46.69720554,0.026489662012664988
46.7227819,0.04068055237659266
46.72282553,0.02716105897611963
46.72983932,0.024170290684367133
46.73883891,0.040711070420386054
46.73890996,0.030121309224078737
46.7389586,0.020874341954680704
46.74786282,0.03846799420157168
46.74792314,0.036621652552071414
46.74796629,0.021332112611581598
46.75287127,0.033661402304112305
46.76594949,0.03706416418707561
46.76602888,0.02316319523918517
46.78990197,0.03518730449378195
46.7899828,0.04589913786526284
46.79589057,0.03259327077134356
46.79596138,0.0379339284351873
46.80989695,0.051270313572899975
46.8099618,0.032486457618066684
46.81000662,0.023605706874189364
46.81004763,0.03727779049362936
46.81008816,0.02883955138475624
46.81892085,0.02093537804226749
46.81898952,0.037750820172426945
46.84295702,0.03572137026016632
46.84303904,0.021820401312275882
46.84308434,0.03547722590981918
46.84312487,0.03886472877088579
46.84486818,0.0225986114290074
46.84491634,0.0315556572823682
46.85886216,0.04141298542763409
46.85891366,0.025513084611276417
46.85895705,0.028931105516136417
46.87388635,0.04260318913557641
46.87393165,0.02887006942854963
46.89688349,0.025848783093003737
46.89695263,0.04170290684367132
46.89889193,0.032654306858930345
46.89896393,0.024338139925230793
46.90686893,0.040833142595559625
46.9069314,0.03784237430380712
46.9148705,0.022842755779354542
46.91492605,0.03610284580758373
46.92687917,0.04098573281452659
46.9269321,0.024795910582131684
46.9288497,0.03393606469825284
46.9398725,0.044251163500419625
46.93992829,0.027786678873884182
46.96283245,0.031998168917372394
46.96286082,0.045685511558709084
46.96288562,0.03170824750133516
46.9629097,0.028091859311818113
46.97183371,0.044708934157320517
46.97186255,0.036408026245517665
46.98082995,0.026626993209735255
46.98085785,0.04409857328145266
46.9898293,0.041046768902113374
46.98985577,0.026535439078355077
46.99894738,0.04019226367589838
47.01185036,0.043762874799725335
47.01190257,0.027191577019913024
47.03686547,0.0362706950484474
47.03689599,0.04550240329594873
47.04284167,0.02839703974975204
47.05592728,0.03179980163271534
47.05598998,0.04472419317921721
47.05603385,0.030212863355458915
47.05607438,0.02597085526817731
47.05611634,0.04190127412832837
47.06486988,0.03254749370565347
47.06489468,0.02320897230487526
47.08890247,0.040039673456931414
47.08896399,0.03790341039139391
47.09486914,0.022796978713664453
47.09493375,0.03529411764705882
47.09497404,0.039581902800030516
47.09501386,0.02371252002746624
47.10890245,0.03263904783703365
47.1089685,0.042496375982299536
47.10901523,0.025467307545586328
47.10905886,0.028900587472343024
47.12390089,0.04315251392385748
47.12395692,0.028946364538033113
47.1239996,0.02545204852368963
47.14890742,0.04243533989471275
47.14896727,0.03375295643549248
47.1490109,0.023758297093156328
47.14905429,0.03993286030365453
47.16390586,0.037750820172426945
47.1639576,0.0238803692683299
47.16893077,0.037247272449835965
47.16899681,0.040711070420386054
47.18293881,0.02374303807125963
47.18299651,0.03234912642099642
47.19595623,0.042420080872816054
47.19601369,0.026459143968871595
47.20587349,0.029724574654764628
47.2188704,0.04301518272678721
47.2189281,0.029312581063553826
47.22395945,0.02652018005645838
47.22406697,0.04324406805523766
47.22990918,0.03358510719462882
47.22996283,0.023346303501945526
47.23891377,0.0392156862745098
47.23897004,0.03704890516517891
47.24692583,0.023590447852292667
47.24698091,0.0383916990920882
47.26395345,0.040497444113832305
47.2640183,0.022842755779354542
47.27888322,0.03189135576409552
47.27893376,0.04251163500419623
47.27897024,0.026825360494392308
47.28790665,0.030182345311665523
47.28796005,0.04440375371938659
47.30151439,0.030014496070801863
47.30163527,0.02737468528267338
47.3059659,0.04353398947127489
47.30605245,0.03509575036240177
47.31988716,0.025360494392309453
47.31994486,0.04361028458075837
47.34383917,0.04068055237659266
47.34386826,0.023147936217288473
47.34389234,0.03726253147173266
47.35688829,0.04298466468299382
47.35695148,0.026321812771801328
47.36592579,0.03384451056687266
47.36599779,0.0413519493400473
47.37188101,0.026291294728007935
47.37193966,0.028885328450446328
47.37198591,0.04260318913557641
47.37202954,0.029449912260624093
47.39596891,0.025650415808346684
47.39603782,0.04144350347142748
47.40022421,0.03350881208514534
47.40032315,0.02374303807125963
47.41385698,0.03959716182192721
47.41392183,0.037415121690699625
47.41396713,0.023727779049362935
47.41400814,0.03790341039139391
47.41404819,0.040924696726939803
47.42882442,0.022659647516594186
47.42885089,0.030457007705806057
47.44182897,0.0405279621576257
47.44185638,0.026459143968871595
47.45581865,0.03141832608529793
47.45584416,0.04699778744182498
47.46982884,0.03527885862516213
47.46985483,0.03390554665445945
47.4698782,0.052567330434119174
47.4699018,0.041626611734187836
47.4848814,0.02468909742885481
47.48494887,0.03717097734035248
47.49392486,0.0345464255741207
47.49397302,0.021423666742961776
47.5168879,0.03578240634775311
47.5169487,0.04072632944228275
47.51884747,0.023758297093156328
47.51889181,0.03247119859616999
47.52691388,0.04231326771953918
47.52698636,0.02742046234836347
47.52890468,0.028717479209582664
47.5429883,0.04217593652246891
47.54308391,0.029877164873731595
47.54989266,0.02618448157473106
47.54996514,0.042206454566262305
47.56699228,0.033493553063248645
47.56710386,0.0247348744945449
47.58086014,0.041123064011596856
47.58090806,0.03822384985122454
47.58094335,0.022842755779354542
47.58098102,0.03659113450827802
47.59389019,0.04040588998245213
47.5939548,0.023941405355916687
47.59923673,0.0332646677347982
47.60695648,0.04383916990920882
47.60703158,0.028412298771648737
47.6308949,0.030121309224078737
47.63096857,0.04423590447852293
47.63101029,0.03143358510719463
47.63104939,0.028076600289921417
47.65687943,0.043884946974898906
47.65694356,0.036362249179827576
47.6570034,0.02542153047989624
47.65704346,0.04182497901884489
47.65883899,0.04019226367589838
47.65887475,0.0260166323338674
47.66392517,0.03906309605554284
47.67784739,0.04422064545662623
47.69087458,0.028458075837338826
47.69095373,0.03677424277103838
47.69100857,0.04586861982146944
47.69988561,0.029312581063553826
47.69994378,0.032074464026855876
47.70885181,0.04707408255130846
47.70889163,0.03237964446478981
47.7178328,0.027069504844739453
47.71785855,0.04293888761730373
47.73084998,0.03472953383688106
47.73090124,0.02413977264057374
47.74882221,0.039124132143129625
47.74888206,0.036194399938963916
47.76262069,0.02169832913710231
47.76282954,0.03466849774929427
47.77682471,0.03904783703364614
47.77689123,0.02307164110780499
47.77693582,0.03215075913633936
47.77697659,0.04182497901884489
47.79083681,0.024155031662470437
47.79088616,0.026092927443350882
47.79582357,0.04081788357366293
47.79588819,0.02737468528267338
47.79596066,0.023941405355916687
47.82083297,0.040497444113832305
47.82089376,0.032394903486686506
47.82581568,0.022003509575036242
47.82586908,0.038117036697947665
47.83987594,0.03595025558861677
47.83993411,0.021805142290379186
47.83997869,0.034988937209124896
47.84001899,0.03927672236209659
47.84888172,0.023468375677119097
47.84893274,0.031570916304264895
47.86319971,0.039887083237964444
47.86335897,0.024002441443503473
47.86346245,0.02606240939955749
47.87688231,0.04132143129625391
47.87695503,0.028534370946822308
47.89131498,0.023605706874189364
47.89138818,0.039963378347447925
47.89992213,0.03201342793926909
47.89999318,0.022034027618829635
47.90004492,0.03776607919432364
47.9000783,0.03569085221637293
47.91787648,0.02093537804226749
47.91794682,0.03476005188067445
47.92191839,0.039246204318303196
47.92199063,0.022735942626077667
47.93487859,0.031158922713054094
47.95091963,0.04077210650797284
47.95099092,0.02333104448004883
47.95998263,0.02566567483024338
47.96005344,0.040543221179522394
47.96010828,0.02775616083009079
47.96015835,0.02366674296177615
47.97587895,0.040009155413138014
47.9759388,0.03288319218738079
47.98086691,0.02255283436331731
47.98091555,0.038742656595712216
47.99502182,0.0362706950484474
47.99511981,0.021179522392614634
48.00892067,0.034821087968261236
48.01684785,0.03978027008468757
48.01688623,0.023041123064011598
48.02886105,0.03117418173495079
48.02888584,0.04170290684367132
48.02890968,0.025803006027313648
48.02893305,0.027145799954222935
48.03881145,0.04025329976348516
48.03883982,0.026794842450598915
48.04683375,0.022156099794003205
48.04689002,0.03909361409933623
48.07087922,0.031280994888227664
48.07095218,0.019378957808804456
48.07099771,0.03552300297550927
48.07103944,0.03363088426031891
48.08583951,0.019165331502250707
48.08591843,0.0324101625085832
48.09286165,0.036697947661554896
48.09293532,0.020477607385366598
48.10584283,0.029571984435797664
48.10590482,0.03854428931105516
48.11990786,0.021393148699168384
48.11998129,0.023422598611429007
48.14390779,0.03851377126726177
48.14398503,0.027283131151293202
48.14402866,0.02357518883039597
48.15283585,0.041931792172121764
48.15289903,0.038162813763637754
48.15294218,0.02975509269855802
48.15298247,0.04481574731059739
48.16090035,0.03863584344243534
48.16095161,0.01940947585259785
48.17490339,0.02861066605630579
48.17495775,0.03305104142824445
48.19999576,0.01812771801327535
48.20014715,0.02691691462577249
48.21190524,0.03939879453727016
48.21196222,0.023437857633325704
48.21200705,0.024658579385061417
48.21386576,0.03822384985122454
48.21390605,0.02545204852368963
48.22190142,0.02136263065537499
48.22194886,0.03851377126726177
48.22688842,0.030945296406500344
48.22695017,0.019974059662775615
48.2449255,0.035919737544823374
48.24498487,0.034699015793087665
48.26689672,0.02055390249485008
48.26695919,0.032990005340657665
48.26886296,0.03785763332570382
48.26890254,0.021881437399862667
48.26893592,0.029953459983215077
48.26897049,0.04065003433279927
48.26900268,0.02401770046540017
48.28392243,0.02485694666971847
48.28396845,0.03987182421606775
48.29788113,0.02749675745784695
48.29792023,0.022735942626077667
48.31090617,0.03976501106279087
48.31095719,0.032776379034103915
48.32522988,0.021850919356069275
48.32532787,0.03797970550087739
48.32540393,0.03738460364690623
48.32547331,0.02272068360418097
48.33295131,0.035660334172579536
48.34189916,0.04101625085831998
48.36016107,0.0243076218814374
48.36029768,0.032532234683756774
48.36037612,0.043640802624551764
48.3604455,0.027878233005264364
48.37594342,0.02929732204165713
48.37605119,0.04368657969024185
48.37609911,0.030304417486839094
48.38087678,0.024902723735408562
48.38091516,0.040924696726939803
48.3939321,0.0332494087129015
48.39395595,0.022232394903486687
48.42933869,0.03732356755931945
48.42951298,0.034607461661707486
48.42961454,0.018951705195696954
48.42968726,0.03164721141374838
48.43087292,0.03698786907759213
48.43092656,0.02111848630502785
48.43694997,0.02835126268406195
48.43706584,0.038452735179674985
48.44589782,0.02264438849469749
48.44595385,0.023849851224536506
48.47088671,0.03852903028915847
48.47094202,0.026199740596627757
48.47097993,0.021499961852445258
48.48593879,0.03761348897535668
48.48601103,0.030350194552529183
48.49396086,0.018951705195696954
48.49403501,0.03492790112153811
48.49408937,0.03468375677119097
48.49414062,0.018982223239490347
48.50391293,0.030945296406500344
48.50397587,0.03602655069810025
48.52820325,0.020401312275883116
48.52832508,0.028076600289921417
48.52839971,0.03851377126726177
48.52846885,0.022659647516594186
48.54090786,0.024505989166094453
48.55396914,0.03961242084382391
48.55406237,0.026886396581979097
48.55413675,0.021087968261234456
48.55420804,0.03759822995345998
48.56037354,0.029877164873731595
48.56049752,0.0191958495460441
48.57495332,0.03543144884412909
48.57502866,0.035370412756542305
48.57989454,0.020325017166399634
48.57994413,0.031860837720302126
48.60394669,0.0375066758220798
48.6040132,0.019974059662775615
48.6040504,0.0268711375600824
48.60408497,0.03859006637674525
48.60411811,0.02371252002746624
48.61893058,0.02435339894712749
48.61900067,0.03877317463950561
48.62801623,0.026703288319218737
48.62808442,0.022110322728313116
48.64183283,0.03898680094605936
48.6418736,0.03179980163271534
48.65588427,0.019974059662775615
48.65595675,0.035706111238269625
48.66889763,0.0354009308003357
48.66896892,0.02140840772106508
48.66902423,0.034485389486533916
48.66907835,0.03894102388036927
48.66912818,0.022583352407110704
48.68483496,0.029526207370107575
48.69786572,0.04023804074158847
48.69791317,0.024490730144197757
48.69794464,0.024979018844892044
48.71082878,0.03904783703364614
48.71085548,0.026031891355764097
48.72482133,0.01936369878690776
48.72484827,0.036087586785687034
48.72487187,0.029968719005111773
48.72489524,0.018402380407415885
48.73990393,0.03393606469825284
48.73997235,0.033493553063248645
48.75393057,0.01846341649500267
48.75399542,0.03091477836270695
48.75992441,0.036575875486381325
48.75999045,0.019180590524147403
48.78386712,0.026382848859388113
48.78394294,0.03784237430380712
48.78399515,0.02197299153124285
48.7840445,0.023865110246433202
48.7942121,0.04005493247882811
48.79437208,0.028046082246128024
48.79443574,0.024338139925230793
48.80994368,0.04498359655146105
48.81001973,0.04055848020141909
48.8169086,0.02749675745784695
48.81695771,0.036865796902418556
48.84590554,0.030762188143739988
48.84596109,0.013595788509956512
48.84600711,0.02333104448004883
48.85489345,0.03659113450827802
48.85493255,0.022156099794003205
48.85496569,0.022903791866941327
48.87888622,0.03869687953002213
48.87897348,0.026901655603875793
48.87901807,0.020187685969329367
48.88590074,0.03692683299000534
48.8859632,0.030579079880979628
48.88601494,0.019089036392767225
48.88606453,0.035034714274814985
48.89537978,0.03480582894636454
48.89547968,0.01940947585259785
48.91893148,0.0315556572823682
48.91900373,0.0375219348439765
48.91905832,0.020584420538643473
48.91911149,0.027618829633020522
48.94595146,0.039337758449683374
48.9460547,0.024124513618677044
48.94611239,0.02435339894712749
48.9461627,0.0405279621576257
48.94631028,0.02873273823147936
48.94789505,0.02316319523918517
48.94794416,0.0392309452964065
48.9612,0.03259327077134356
48.9612999,0.021255817502098116
48.97494841,0.03701838712138552
48.97502208,0.0375066758220798
48.98895502,0.022232394903486687
48.98902965,0.03379873350118257
48.99093723,0.03993286030365453
48.99100876,0.02397192339971008
49.00096107,0.03251697566186008
49.00593638,0.042801556420233464
49.00600743,0.026947432669565882
49.01994991,0.027924010070954453
49.02002072,0.04301518272678721
49.03293562,0.031067368581673915
49.03299952,0.025024795910582133
49.04388499,0.04118410009918364
49.04392767,0.03466849774929427
49.04990625,0.022293430991073473
49.04995394,0.03761348897535668
49.05957484,0.03637750820172427
49.05965447,0.020477607385366598
49.05972362,0.03317311360341802
49.07483292,0.038788433661402305
49.07486486,0.02084382391088731
49.09785461,0.02668802929732204
49.09788442,0.038620584420538645
49.09790897,0.02349889372091249
49.09793568,0.02392614633401999
49.10382056,0.03909361409933623
49.10384607,0.027100022888532846
49.11683679,0.020706492713817044
49.11686683,0.03671320668345159
49.13087153,0.030502784771496146
49.13092017,0.019134813458457314
49.14587617,0.03511100938429847
49.14595532,0.03523308155947204
49.1601994,0.018738078889143205
49.16032338,0.030823224231326773
49.17394853,0.037247272449835965
49.17405272,0.020660715648126955
49.17410803,0.027054245822842757
49.17415833,0.03906309605554284
49.18695068,0.024078736552986955
49.18702388,0.02435339894712749
49.19592834,0.03892576485847257
49.19600701,0.02668802929732204
49.19606376,0.021515220874341955
49.21996307,0.0383916990920882
49.22004056,0.03158617532616159
49.22009826,0.018997482261387044
49.2201643,0.03384451056687266
49.24589586,0.03506523231860838
49.24597144,0.019958800640878918
49.2460165,0.03137254901960784
49.24606013,0.0375219348439765
49.24610186,0.02128633554589151
49.24614668,0.029266803997863737
49.25584173,0.03981078812848096
49.25590277,0.02349889372091249
49.2630558,0.0243076218814374
49.27591634,0.040711070420386054
49.27599406,0.028992141603723202
49.29008484,0.021423666742961776
49.29018497,0.03790341039139391
49.29908156,0.03276112001220722
49.29919744,0.02186617837796597
49.3039093,0.03714045929655909
49.30396914,0.037079423208972305
49.31292391,0.02169832913710231
49.31297827,0.03321889066910811
49.32625628,0.03961242084382391
49.32637858,0.02288853284504463
49.32792807,0.02801556420233463
49.35092902,0.039581902800030516
49.35100651,0.024582284275577935
49.35105181,0.02491798275730526
49.35109258,0.038956282902265965
49.36084104,0.026321812771801328
49.36087584,0.01969939726863508
49.36979938,0.03700312809948882
49.38484001,0.03175402456702525
49.38490725,0.01965362020294499
49.38495398,0.03418020904859999
49.38983464,0.03421072709239338
49.38987827,0.018875410086213473
49.40481591,0.030823224231326773
49.41681051,0.038666361486228734
49.41683602,0.020309758144502938
49.43083501,0.025909819180590526
49.43086982,0.0383764400701915
49.43089366,0.024460212100404364
49.43091679,0.026764324406805522
49.43681884,0.044708934157320517
49.4368434,0.035034714274814985
49.45081758,0.0311284046692607
49.45084262,0.047058823529411764
49.46483994,0.03701838712138552
49.47886562,0.018783855954833294
49.47894287,0.030670634012359806
49.47899675,0.03176928358892195
49.49328685,0.017166399633783476
49.49335289,0.03019760433356222
49.50593591,0.03810177767605097
49.50602651,0.02209506370641642
49.50608253,0.028244449530785077
49.50613713,0.04060425726710918
49.51587653,0.02406347753109026
49.51595688,0.02374303807125963
49.53103399,0.03993286030365453
49.53115535,0.02912947280079347
49.53888822,0.023086900129701687
49.55347824,0.03904783703364614
49.55357909,0.03347829404135195
49.55787659,0.02153047989623865
49.55795693,0.034912642099641414
49.56500483,0.0357976653696498
49.56505346,0.021087968261234456
49.57082319,0.03279163805600061
49.57087803,0.039459830624856945
49.58482862,0.02323949034866865
49.58488655,0.028976882581826506
49.60786414,0.04156557564660105
49.60793757,0.026504921034561684
49.60804224,0.025848783093003737
49.61086655,0.041596093690394444
49.61094165,0.03096055542839704
49.61886215,0.02401770046540017
49.61893392,0.04115358205539025
49.62852812,0.03659113450827802
49.6286459,0.024750133516441595
49.63691235,0.03985656519417105
49.63698006,0.03999389639124132
49.6602478,0.0243076218814374
49.66031909,0.03634699015793088
49.66525674,0.043305104142824444
49.66531658,0.026596475165941862
49.66536188,0.03237964446478981
49.67392564,0.044510566872663464
49.67399716,0.028976882581826506
49.68291378,0.028702220187685968
49.68298483,0.043259327077134355
49.6959517,0.031158922713054094
49.69601011,0.023682001983672846
49.70988679,0.03985656519417105
49.70994568,0.033951323720149536
49.72484684,0.021637293049515526
49.72489715,0.03730830853742275
49.7308495,0.036697947661554896
49.73089361,0.02059967956054017
49.73092818,0.031494621194781414
49.74383235,0.03884946974898909
49.74386024,0.02272068360418097
49.74887133,0.029449912260624093
49.74891925,0.041092545967803464
49.76291966,0.025238422217135882
49.76294589,0.02397192339971008
49.78783011,0.03904783703364614
49.78785753,0.0285648889906157
49.7878902,0.021820401312275882
49.7879138,0.03826962691691463
49.78793716,0.032898451209277486
49.78796005,0.020447089341573205
49.806885,0.03584344243533989
49.80697179,0.03772030212863355
49.81932831,0.021774624246585793
49.81943846,0.03308155947203784
49.84294868,0.039124132143129625
49.84305906,0.021667811093308918
49.85592079,0.02749675745784695
49.85599637,0.04080262455176623
49.85605383,0.026901655603875793
49.85611629,0.02491798275730526
49.86985493,0.03994811932555123
49.8699224,0.029144731822690166
49.86996889,0.021942473487449453
49.87885618,0.03814755474174106
49.8789041,0.033447775997558556
49.88784957,0.021011673151750974
49.88789487,0.035751888303959714
49.90085793,0.036575875486381325
49.90090942,0.02076752880140383
49.92487025,0.031525139238574806
49.92492127,0.03942931258106355
49.92496157,0.022827496757457846
49.92500043,0.029312581063553826
49.92504001,0.041886015106431675
49.92507839,0.026794842450598915
49.92786264,0.025223163195239186
49.94187117,0.042328526741435876
49.94192243,0.032608529793240255
49.95089221,0.02392614633401999
49.95094681,0.039627679865720605
49.97388768,0.034271763179980166
49.97394657,0.021820401312275882
49.97399163,0.03755245288776989
49.97403359,0.039078355077439536
49.98387098,0.021805142290379186
49.98392034,0.031326771953917754
49.98994112,0.03846799420157168
49.99001193,0.02294956893263142
49.99900365,0.028091859311818113
50.00594544,0.040833142595559625
50.00600386,0.02481116960402838
50.02901745,0.024505989166094453
50.02910399,0.04048218509193561
50.02916884,0.028412298771648737
50.02924323,0.020355535210193027
50.04384351,0.03765926604104677
50.0438776,0.033539330128938734
50.04390693,0.02043183031967651
50.0439353,0.03418020904859999
50.05882096,0.0354009308003357
50.05884576,0.019180590524147403
50.0638206,0.031525139238574806
50.07883215,0.04206912336919204
50.07885909,0.028122377355611506
50.0929141,0.034195468070496685
50.10083461,0.049011978332188906
50.10088038,0.03472953383688106
50.1009109,0.03219653620202945
50.10094094,0.042923628595407035
50.12584186,0.027359426260776684
50.12591124,0.01855497062638285
50.12595201,0.035660334172579536
50.12599206,0.03143358510719463
50.12892079,0.020111390859845885
50.15385199,0.03595025558861677
50.15390658,0.03871213855191882
50.15394688,0.021301594567788205
50.1539886,0.031021591515983826
50.1688683,0.03913939116502632
50.1689291,0.023392080567635615
50.16897416,0.02887006942854963
50.16901636,0.04151979858091096
50.1838665,0.02613870450904097
50.18391967,0.024490730144197757
50.18885231,0.040543221179522394
50.18890643,0.030411230640115968
50.19789696,0.022613870450904097
50.21086431,0.03973449301899748
50.21092725,0.035828183413443196
50.22494435,0.022735942626077667
50.22510457,0.03689631494621195
50.23010874,0.03918516823071641
50.23020768,0.022980086976424813
50.23891878,0.03341725795376516
50.23897743,0.041886015106431675
50.25187373,0.02442969405661097
50.25192809,0.029968719005111773
50.2568469,0.0435034714274815
50.25690055,0.029266803997863737
50.26987028,0.02784771496147097
50.28386831,0.043930724040588995
50.28392053,0.03535515373464561
50.28994203,0.026367589837491417
50.29001498,0.042160677500572216
50.29590511,0.038040741588464176
50.29597712,0.0255893797207599
50.30488205,0.04057373922331579
50.30493331,0.042160677500572216
50.31903052,0.025528343633173113
50.31911683,0.03569085221637293
50.3329289,0.04386968795300221
50.33300233,0.0277103837644007
50.33304071,0.031158922713054094
50.35591769,0.042755779354543375
50.35599041,0.02887006942854963
50.36484528,0.026169222552834364
50.36488318,0.041092545967803464
50.36491752,0.0311284046692607
50.36495209,0.022827496757457846
50.38080239,0.038040741588464176
50.38082957,0.03358510719462882
50.38781595,0.020660715648126955
50.38784289,0.03585870145723659
50.40081286,0.03785763332570382
50.40083838,0.021347371633478295
50.40086174,0.03224231326771954
50.41481686,0.039414053559166856
50.41484165,0.02252231631952392
50.42441201,0.027008468757152668
50.42443705,0.040497444113832305
50.42931843,0.0264438849469749
50.42934346,0.02491798275730526
50.43881154,0.040543221179522394
50.43883824,0.029922941939421684
50.44580483,0.022278171969176776
50.4718504,0.03897154192416266
50.47193336,0.034195468070496685
50.47198939,0.0208896009765774
50.48587871,0.03646906233310445
50.4859581,0.03860532539864195
50.4860146,0.02050812542915999
50.48606563,0.030563820859082932
50.49287844,0.03985656519417105
50.49296474,0.02362096589608606
50.50586009,0.027527275501640344
50.50592899,0.040543221179522394
50.51995111,0.02673380636301213
50.52003717,0.025314717326619364
50.53390622,0.0409399557488365
50.53398967,0.030594338902876324
50.53403473,0.02209506370641642
50.54085541,0.03852903028915847
50.54091382,0.03511100938429847
50.55387282,0.0208896009765774
50.55392098,0.03614862287327383
50.56034493,0.03904783703364614
50.56046653,0.023086900129701687
50.58483624,0.03271534294651713
50.58489656,0.04261844815747311
50.59882784,0.026901655603875793
50.59887815,0.028809033340962846
50.59891486,0.04180971999694819
50.59894776,0.028458075837338826
50.59898043,0.025726710917830166
50.60883451,0.04284733348592355
50.60888457,0.033951323720149536
50.6178534,0.023422598611429007
50.61790037,0.037750820172426945
50.62727332,0.03422598611429008
50.62737465,0.021438925764858473
50.64989495,0.03677424277103838
50.6499722,0.03820859082932784
50.66427732,0.02029449912260624
50.66439772,0.03031967650873579
50.67292929,0.03935301747158007
50.67299414,0.023514152742809186
50.67303085,0.027222095063706417
50.68586802,0.04017700465400168
50.68592286,0.027191577019913024
50.68596458,0.024582284275577935
50.68600583,0.04013122758831159
50.69585538,0.030823224231326773
50.69591665,0.020798046845197222
50.7098763,0.03631647211413749
50.70993495,0.033035782406347754
50.73502564,0.022507057297627222
50.73513031,0.03904783703364614
50.74485064,0.04374761577782864
50.74490857,0.029556725413900968
50.74495196,0.04084840161745632
50.74785233,0.04940871290150301
50.74790215,0.028259708552681773
50.74793696,0.026321812771801328
50.76285338,0.03797970550087739
50.76292515,0.025177386129549097
50.77985787,0.023422598611429007
50.77992344,0.03993286030365453
50.78888583,0.031143663691157397
50.78896832,0.022003509575036242
50.79486847,0.03936827649347677
50.79494667,0.03616388189517052
50.79500389,0.021393148699168384
50.80987215,0.034531166552224005
50.8099544,0.03735408560311284
50.81885648,0.022171358815899902
50.81890464,0.03225757228961624
50.84189796,0.04173342488746471
50.84196401,0.0251621271076524
50.84200931,0.028549629968719004
50.84205246,0.042160677500572216
50.84785342,0.0285648889906157
50.84791136,0.026077668421454186
50.86096358,0.042038605325398645
50.86104298,0.03259327077134356
50.86109853,0.023605706874189364
50.87587237,0.0405279621576257
50.87593389,0.03747615777828641
50.88986754,0.022919050888838024
50.88993025,0.03744563973449302
50.9039669,0.04151979858091096
50.90403008,0.025650415808346684
50.90408087,0.034866865033951325
50.90412283,0.044205386434729536
50.91389751,0.028213931486991684
50.91397095,0.030090791180285344
50.92782974,0.045304036011291675
50.92789555,0.03181506065461204
50.92793584,0.028854810406652935
50.94287682,0.04626535439078355
50.94293475,0.0379339284351873
50.9568851,0.027389944304570077
50.95694661,0.04312199588006409
50.96287322,0.03976501106279087
50.96292257,0.025635156786449988
50.97088075,0.0392309452964065
50.97093582,0.042496375982299536
50.98488164,0.025223163195239186
50.98493552,0.03439383535515374
50.99084616,0.04315251392385748
50.99089241,0.026123445487144275
50.99785209,0.028503852903028915
51.04590774,0.042633707179369804
51.04597259,0.02963302052338445
51.04601502,0.025909819180590526
51.04605532,0.04113832303349355
51.04609537,0.0315403982604715
51.04613471,0.02252231631952392
51.04783344,0.03886472877088579
51.04786801,0.03613336385137713
51.04983068,0.021820401312275882
51.04986358,0.035248340581368734
51.05884147,0.03903257801174945
51.0588758,0.023178454261081866
51.07282209,0.03219653620202945
51.08981729,0.041092545967803464
51.08984327,0.0247348744945449
51.08986664,0.029221026932173648
51.09990191,0.04345769436179141
51.09995055,0.028717479209582664
51.10482717,0.02494850080109865
51.10487366,0.04200808728160525
51.11384463,0.0324254215304799
51.11390924,0.022980086976424813
51.13784575,0.039841306172274354
51.13790536,0.036697947661554896
51.1379478,0.022369726100556955
51.14785576,0.035919737544823374
51.1479156,0.03956664377813382
51.15284729,0.023422598611429007
51.1528933,0.03189135576409552
51.16083694,0.041840238040741586
51.16089034,0.025177386129549097
51.16986585,0.027817196917677575
51.16993093,0.042542153047989625
51.18586373,0.030090791180285344
51.18591642,0.02618448157473106
51.19884849,0.040924696726939803
51.19890213,0.031830319676508734
51.20486403,0.022613870450904097
51.21886158,0.039337758449683374
51.21891785,0.037796597238117034
51.21895957,0.023193713282978562
51.21899962,0.037537193865873196
51.22785974,0.042160677500572216
51.22790766,0.025467307545586328
51.24085736,0.03364614328221561
51.240906,0.042969405661097124
51.25487947,0.026886396581979097
51.25493741,0.0302738994430457
51.26885676,0.04486152437628748
51.26891661,0.031662470435645074
51.26896,0.027283131151293202
51.26900434,0.043259327077134355
51.26904225,0.033661402304112305
51.29388046,0.023254749370565347
51.29393697,0.03875791561760891
51.29397845,0.03706416418707561
51.29401922,0.02247653925383383
51.31989026,0.03567559319447623
51.31994796,0.039795529106584265
51.31998968,0.023132677195391776
51.32002926,0.03150988021667811
51.32006788,0.041504539559014265
51.32010698,0.025726710917830166
51.33490467,0.027405203326466773
51.34086943,0.04260318913557641
51.34092498,0.029922941939421684
51.34987044,0.025223163195239186
51.34992361,0.040833142595559625
51.37589383,0.031403067063401235
51.37595177,0.020904859998474096
51.38586211,0.039581902800030516
51.3859098,0.04036011291676204
51.38595033,0.026657511253528648
51.38599038,0.04156557564660105
51.41188598,0.04937819485770962
51.41194415,0.03372243839169909
51.4119873,0.03727779049362936
51.41687489,0.04144350347142748
51.41691995,0.02157625696192874
51.41695952,0.0234531166552224
51.41699886,0.03939879453727016
51.43982768,0.028076600289921417
51.43985581,0.024460212100404364
51.4448328,0.04115358205539025
51.4448595,0.03376821545738918
51.45081925,0.023468375677119097
51.450845,0.039337758449683374
51.45881319,0.0379339284351873
51.4638443,0.02288853284504463
51.47784019,0.03660639353017472
51.4778986,0.041596093690394444
51.47793889,0.024124513618677044
51.49082422,0.03176928358892195
51.49085212,0.041992828259708556
51.50482988,0.026504921034561684
51.50485969,0.02937361715114061
51.50488424,0.04397650110627909
51.50490761,0.030991073472190434
51.51481414,0.02627603570611124
51.51483941,0.04202334630350195
51.52891612,0.03422598611429008
51.52898717,0.024414435034714275
51.54386711,0.04029907682917525
51.54393101,0.03913939116502632
51.55782533,0.02528419928282597
51.55789042,0.038239108873121236
51.56585503,0.042755779354543375
51.56590271,0.025818265049210344
51.57186651,0.03514152742809186
51.57191992,0.04699778744182498
51.58486605,0.03010605020218204
51.58491516,0.03141832608529793
51.59084058,0.0452124818799115
51.59089303,0.03314259555962463
51.59788823,0.029236285954070344
51.61087155,0.046295872434576946
51.61092973,0.03784237430380712
51.62493134,0.02661173418783856
51.62499404,0.04284733348592355
51.62504554,0.041626611734187836
51.62509656,0.025513084611276417
51.64098191,0.037872892347600516
51.64105892,0.042969405661097124
51.64587879,0.025909819180590526
51.6459353,0.033279926756694896
51.65992117,0.04319829098954757
51.65999436,0.026321812771801328
51.6600492,0.027740901808194093
51.68492889,0.04194705119401846
51.68500376,0.02877851529716945
51.68504834,0.02464332036316472
51.68508911,0.04106202792401007
51.69286728,0.03309681849393454
51.69290233,0.022171358815899902
51.70582175,0.038452735179674985
51.70585084,0.03701838712138552
51.71281672,0.021927214465552756
51.71284723,0.03483634699015793
51.72682953,0.03985656519417105
51.72685981,0.023468375677119097
51.73981929,0.03143358510719463
51.74884605,0.042420080872816054
51.7548449,0.02673380636301213
51.75490737,0.027481498435950255
51.754951,0.041336690318150605
51.76081991,0.028946364538033113
51.76084614,0.024368657969024186
51.7748313,0.04097047379262989
51.77485895,0.034439612420843826
51.77982664,0.02285801480125124
51.77986121,0.03872739757381552
51.80386519,0.037094682230869
51.80390644,0.022537575341420615
51.80886507,0.035034714274814985
51.80894661,0.04022278171969177
51.81785011,0.023758297093156328
51.81791115,0.030807965209430077
51.83097363,0.041672388799877925
51.8310535,0.026123445487144275
51.83111,0.027435721370260166
51.83784986,0.0413519493400473
51.8508532,0.029556725413900968
51.85091233,0.02442969405661097
51.86533666,0.041382467383840695
51.86547375,0.03494316014343481
51.86555147,0.023514152742809186
51.88892365,0.03926146334019989
51.88901591,0.037964446478980694
51.89796376,0.023025864042114902
51.89803576,0.0358129243915465
51.89809227,0.04257267109178302
51.89814425,0.02528419928282597
51.91088533,0.03234912642099642
51.9109447,0.04373235675593194
51.912853,0.02801556420233463
51.91289377,0.02775616083009079
51.93587828,0.0417792019531548
51.93592811,0.029358358129243915
51.93596482,0.023468375677119097
51.9458909,0.03955138475623712
51.94594669,0.032990005340657665
51.94598961,0.021896696421759364
51.94603133,0.03692683299000534
51.95993423,0.03595025558861677
51.95999861,0.020645456626230258
51.97388506,0.033234149691004806
51.97394586,0.03871213855191882
51.97886229,0.02186617837796597
51.97890878,0.02920576791027695
51.99293351,0.041428244449530784
51.99298954,0.024444953078507668
52.0068891,0.024322880903334097
52.01387477,0.039337758449683374
52.01393056,0.028747997253376057
52.01986003,0.02485694666971847
52.01989961,0.04243533989471275
52.03422999,0.038574807354848556
52.03442836,0.030502784771496146
52.03458309,0.04693675135423819
52.03465605,0.04361028458075837
52.05981469,0.021423666742961776
52.05984354,0.029068436713206684
52.06382966,0.03504997329671168
52.06387544,0.019714656290531776
52.06391764,0.027969787136644542
52.07282066,0.03944457160296025
52.07284927,0.025772487983520255
52.08783722,0.02647440299076829
52.08786368,0.04141298542763409
52.09526873,0.029098954757000077
52.09534574,0.022354467078660258
52.11880994,0.03904783703364614
52.11883783,0.033539330128938734
52.13287115,0.022186617837796598
52.13292146,0.037247272449835965
52.1329608,0.03654535744258793
52.1329999,0.021210040436408027
52.1548202,0.03334096284428168
52.15489817,0.03981078812848096
52.15494275,0.02397192339971008
52.15498328,0.03002975509269856
52.16381693,0.04106202792401007
52.16387129,0.02589456015869383
52.172961,0.026489662012664988
52.17305017,0.04180971999694819
52.18085146,0.030548561837186235
52.18090916,0.024551766231784542
52.20487428,0.04065003433279927
52.2049334,0.0349736781872282
52.20497823,0.023346303501945526
52.20502043,0.03930724040588998
52.20506239,0.039627679865720605
52.21483922,0.024338139925230793
52.21489859,0.035584039063096054
52.22982669,0.04185549706263828
52.22987866,0.026260776684214542
52.23784804,0.033447775997558556
52.23790288,0.04557869840543221
52.26084638,0.029724574654764628
52.26090598,0.02861066605630579
52.26280594,0.04382391088731212
52.26284194,0.03321889066910811
52.26287651,0.02639810788128481
52.27685523,0.041886015106431675
52.27693343,0.03559929808499275
52.28391147,0.023605706874189364
52.28396749,0.037918669413290605
52.29582214,0.0375066758220798
52.29587197,0.021210040436408027
52.30284095,0.03219653620202945
52.30289078,0.03892576485847257
52.32584453,0.021438925764858473
52.32590127,0.028046082246128024
52.32882237,0.040543221179522394
52.32886839,0.02406347753109026
52.32890749,0.02333104448004883
52.33785176,0.03904783703364614
52.33789825,0.027771419851987486
52.35084653,0.02186617837796597
52.35088801,0.038620584420538645
52.35981274,0.03204394598306248
52.35983753,0.019974059662775615
52.38382316,0.035416189822232394
52.38384986,0.03663691157396811
52.38387346,0.020874341954680704
52.38389659,0.03134203097581445
52.39881778,0.03805600061036087
52.39884233,0.021469443808651865
52.39886594,0.027878233005264364
52.40482163,0.04025329976348516
52.41982245,0.025024795910582133
52.41986847,0.023422598611429007
52.4198997,0.03904783703364614
52.43283939,0.02827496757457847
52.44580626,0.022613870450904097
52.44585276,0.03959716182192721
52.4528029,0.032074464026855876
52.45284986,0.020111390859845885
52.4588089,0.034744792858777754
52.45885777,0.035248340581368734
52.46480513,0.019684138246738384
52.47385526,0.031189440756847486
52.47392797,0.03831540398260472
52.48287082,0.022186617837796598
52.48293352,0.02861066605630579
52.48297715,0.04060425726710918
52.50682783,0.024200808728160526
52.50685358,0.02299534599832151
52.50687718,0.03938353551537346
52.51587439,0.028931105516136417
52.51593494,0.022339208056763562
52.5248487,0.03859006637674525
52.52490044,0.03373769741359579
52.52984643,0.021499961852445258
52.54385495,0.03564507515068284
52.54390574,0.03665217059586481
52.5588429,0.021881437399862667
52.5588975,0.0336919203479057
52.58086944,0.04074158846417945
52.58092761,0.02340733958953231
52.58097005,0.028305485618371862
52.58100986,0.0405279621576257
52.59486938,0.02499427786678874
52.59492898,0.023422598611429007
52.60487461,0.03875791561760891
52.60494757,0.027557793545433737
52.6050036,0.020523384451056687
52.6088469,0.03605706874189364
52.60891008,0.030594338902876324
52.63291073,0.018402380407415885
52.63298249,0.03356984817273213
52.64101386,0.034821087968261236
52.64114666,0.018875410086213473
52.64125133,0.030212863355458915
52.64132833,0.03778133821622034
52.64785361,0.021164263370717938
52.64791226,0.025909819180590526
52.65585017,0.037415121690699625
52.65590692,0.02230869001297017
52.66384125,0.022369726100556955
52.68583965,0.040497444113832305
52.68588805,0.031097886625467308
52.69181418,0.02542153047989624
52.69186091,0.045349813076981764
52.70487213,0.042664225223163196
52.70492339,0.027100022888532846
52.70496774,0.036453803311207754
52.70501304,0.03247119859616999
52.71484327,0.015335317006179903
52.71490026,0.02758831158922713
52.73887157,0.035828183413443196
52.73894072,0.020477607385366598
52.73899245,0.0264438849469749
52.74883676,0.03904783703364614
52.7588098,0.02468909742885481
52.75887108,0.02320897230487526
52.75891471,0.038834210727092394
52.75895548,0.02844281681544213
52.75899673,0.02230869001297017
52.77384281,0.037750820172426945
52.77386904,0.03201342793926909
52.77981234,0.019333180743114367
52.77984071,0.034821087968261236
52.80383611,0.036789501792935074
52.80386591,0.020828564888990615
52.81880879,0.031280994888227664
52.81885982,0.03910887312123293
52.81889391,0.022583352407110704
52.81892467,0.027679865720607308
52.82881355,0.04036011291676204
52.82886195,0.02606240939955749
52.8378756,0.02528419928282597
52.83792377,0.040833142595559625
52.84583712,0.030579079880979628
52.84588814,0.0225986114290074
52.86981153,0.03981078812848096
52.86987066,0.0362706950484474
52.86991358,0.022186617837796598
52.86995459,0.03665217059586481
52.86999393,0.039581902800030516
52.88485694,0.023758297093156328
52.88491416,0.034912642099641414
52.89385676,0.04373235675593194
52.89390635,0.026092927443350882
52.90791273,0.030777447165636684
52.90798044,0.04345769436179141
52.92083263,0.028824292362859542
52.92089009,0.02789349202716106
52.93486261,0.04386968795300221
52.9349134,0.0328374151216907
52.93495393,0.023392080567635615
52.93786526,0.03851377126726177
52.93791294,0.033829251544975965
52.95085287,0.020996414129854278
52.95091009,0.0354009308003357
52.95984674,0.03630121309224079
52.95990014,0.01977569237811856
52.96881819,0.030716411078049895
52.96886992,0.038574807354848556
52.98584533,0.021820401312275882
52.98590279,0.026504921034561684
53.00990081,0.039246204318303196
53.00997782,0.024170290684367133
53.01001477,0.021179522392614634
53.01882839,0.03765926604104677
53.01888132,0.028336003662165255
53.01892304,0.02093537804226749
53.01897407,0.036957351033798734
53.02884054,0.032364385442893114
53.02889991,0.018860151064316776
53.05285788,0.03321889066910811
53.0529201,0.03596551461051346
53.0758698,0.020447089341573205
53.07589889,0.03044174868390936
53.07592273,0.03826962691691463
53.07594633,0.021545738918135347
53.07596946,0.026382848859388113
53.07599258,0.03959716182192721
53.07601523,0.02435339894712749
53.08584046,0.021988250553139545
53.08588266,0.03830014496070802
53.09487319,0.028747997253376057
53.09494495,0.02111848630502785
53.10882592,0.03790341039139391
53.10885549,0.03363088426031891
53.12288547,0.019333180743114367
53.12295651,0.033279926756694896
53.12301254,0.03561455710688945
53.12306476,0.020019836728465707
53.13808036,0.0302738994430457
53.13819027,0.03863584344243534
53.15084028,0.021759365224689096
53.1509037,0.026291294728007935
53.16484547,0.039627679865720605
53.16489506,0.024979018844892044
53.1790688,0.022583352407110704
53.17918777,0.03926146334019989
53.18484187,0.02993820096131838
53.18490243,0.020630197604333562
53.193856,0.036789501792935074
53.19393039,0.03329518577859159
53.19398594,0.02021820401312276
53.20883942,0.035370412756542305
53.2088902,0.038040741588464176
53.21482992,0.021271076523994813
53.21488643,0.031525139238574806
53.23887706,0.04029907682917525
53.23895001,0.024048218509193562
53.23900676,0.028702220187685968
53.23906469,0.0417792019531548
53.24887896,0.027054245822842757
53.24894357,0.02481116960402838
53.25787783,0.0401007095445182
53.25794673,0.0302738994430457
53.26291156,0.02136263065537499
53.2760272,0.03654535744258793
53.2761097,0.03268482490272374
53.28990841,0.019043259327077136
53.2899828,0.03376821545738918
53.30464244,0.03706416418707561
53.30474162,0.01977569237811856
53.30484366,0.028641184100099183
53.30492616,0.0375219348439765
53.315907,0.02178988326848249
53.31596446,0.026749065384908826
53.32990241,0.03897154192416266
53.3299613,0.024414435034714275
53.33001661,0.021377889677271687
53.34598708,0.03887998779278248
53.34606504,0.0285648889906157
53.36900616,0.018616006713969634
53.36910653,0.03596551461051346
53.36918068,0.03500419623102159
53.36925173,0.023422598611429007
53.37088037,0.03886472877088579
53.37092757,0.04490730144197757
53.37989092,0.03096055542839704
53.37995148,0.038956282902265965
53.39488602,0.04234378576333257
53.39495683,0.02038605325398642
53.39892578,0.022461280231937133
53.4238143,0.03732356755931945
53.43807602,0.024490730144197757
53.43818498,0.02243076218814374
53.44283414,0.03938353551537346
53.44290352,0.030502784771496146
53.44295073,0.020874341954680704
53.45187783,0.03701838712138552
53.46489215,0.03375295643549248
53.46494818,0.020447089341573205
53.46499085,0.034988937209124896
53.46503091,0.03764400701915007
53.46507096,0.02026398107881285
53.47882438,0.029877164873731595
53.47886229,0.03956664377813382
53.4928484,0.02307164110780499
53.49292803,0.026321812771801328
53.50584745,0.04034485389486534
53.50592661,0.02664225223163195
53.50598359,0.02401770046540017
53.50603652,0.04090943770504311
53.51487088,0.031097886625467308
53.51495409,0.021316853589684902
53.5288806,0.03817807278553445
53.52896023,0.03559929808499275
53.53830338,0.021683070115205615
53.55093384,0.03544670786602579
53.55101967,0.03904783703364614
53.55792618,0.02272068360418097
53.55798316,0.03276112001220722
53.56286812,0.04187075608453498
53.5629189,0.026626993209735255
53.5711565,0.030945296406500344
53.57127976,0.044678416113527124
53.58491135,0.030472266727702754
53.58498693,0.02703898680094606
53.59893966,0.04365606164644846
53.59901142,0.03462272068360418
53.5990665,0.025314717326619364
53.61298227,0.041550316624704355
53.61308622,0.038040741588464176
53.613132,0.02316319523918517
53.61317635,0.03749141680018311
53.62789559,0.03949034866865034
53.62795615,0.022247653925383384
53.63796377,0.030594338902876324
53.63803506,0.04025329976348516
53.65190244,0.024124513618677044
53.65197253,0.02713054093232624
53.67492986,0.04023804074158847
53.67498446,0.026199740596627757
53.67502856,0.023254749370565347
53.67507052,0.03886472877088579
53.67511058,0.029694056610971235
53.68488145,0.020645456626230258
53.68494463,0.03704890516517891
53.69388294,0.03422598611429008
53.6939342,0.019348439765011063
53.71783018,0.032898451209277486
53.71785784,0.03717097734035248
53.72283196,0.020752269779507133
53.72287774,0.02998397802700847
53.72885895,0.039459830624856945
53.72892237,0.023270008392462044
53.72897291,0.026321812771801328
53.74584365,0.039719233997100784
53.7479198,0.02610818646524758
53.74798274,0.022674906538490882
53.76083755,0.03949034866865034
53.76088905,0.031998168917372394
53.77539873,0.020859082932784007
53.7755096,0.0357976653696498
53.7889421,0.03401235980773632
53.7890203,0.020279240100709545
53.78906441,0.033661402304112305
53.78910542,0.0379339284351873
53.79884124,0.021042191195544367
53.80482984,0.03039597161821927
53.80489469,0.039505607690547034
53.82790685,0.022735942626077667
53.82796884,0.02545204852368963
53.82801366,0.03978027008468757
53.8280549,0.02691691462577249
53.84286499,0.023010605020218206
53.8429203,0.039246204318303196
53.85083628,0.030457007705806057
53.85089517,0.02026398107881285
53.85783911,0.03633173113603418
53.85789871,0.034271763179980166
53.86384749,0.019684138246738384
53.87791467,0.03309681849393454
53.87797737,0.037750820172426945
53.88588572,0.022156099794003205
53.88594651,0.030685893034256503
53.90987492,0.040924696726939803
53.90995431,0.02525368123903258
53.91293478,0.02746623941405356
53.91300845,0.040451667048142216
53.913064,0.02789349202716106
53.91311502,0.023636224917982757
53.92782164,0.04042114900434882
53.92789197,0.031967650873579
53.92793751,0.02269016556038758
53.93982053,0.03875791561760891
53.93986726,0.03547722590981918
53.96588778,0.020584420538643473
53.96594596,0.0336919203479057
53.9659884,0.03747615777828641
53.96602893,0.02128633554589151
53.96981478,0.028992141603723202
53.96986008,0.03768978408484016
53.98284674,0.022064545662623027
53.98291469,0.025696192874036773
53.99187899,0.03936827649347677
53.99195218,0.026077668421454186
53.99687147,0.021667811093308918
54.01003456,0.03825436789501793
54.01013184,0.030472266727702754
54.02387285,0.0200503547722591
54.02393198,0.0357976653696498
54.03288174,0.03421072709239338
54.03293276,0.018646524757763027
54.03786826,0.032227054245822846
54.03793716,0.037369344625009536
54.0460763,0.02230869001297017
54.04628968,0.03230334935530633
54.05991125,0.04577706569008926
54.05997396,0.032532234683756774
54.06001997,0.03489738307774472
54.08482695,0.04522774090180819
54.08485794,0.026672770275425344
54.08488202,0.018982223239490347
54.08490562,0.03595025558861677
54.09480333,0.02844281681544213
54.10380507,0.019180590524147403
54.10386467,0.03598077363241016
54.11800861,0.03413443198290989
54.11807609,0.020584420538643473
54.11813307,0.03350881208514534
54.12384963,0.03756771190966659
54.14834762,0.020630197604333562
54.14983296,0.0285648889906157
54.14988756,0.03918516823071641
54.14992619,0.023437857633325704
54.14996791,0.02528419928282597
54.15982914,0.039627679865720605
54.15989041,0.02664225223163195
54.1738627,0.02276646066987106
54.17392635,0.03955138475623712
54.17887855,0.031403067063401235
54.17895699,0.020874341954680704
54.20284414,0.03701838712138552
54.20290494,0.03543144884412909
54.20294976,0.02076752880140383
54.21792984,0.03472953383688106
54.21798611,0.040009155413138014
54.23087621,0.02255283436331731
54.23093271,0.029694056610971235
54.23284268,0.04036011291676204
54.2328887,0.025513084611276417
54.24289489,0.027771419851987486
54.24294281,0.0426489662012665
54.25787687,0.030243381399252308
54.25793695,0.025513084611276417
54.27092838,0.042542153047989625
54.27099371,0.035248340581368734
54.27104521,0.02442969405661097
54.29490972,0.041290913252460516
54.29497075,0.039581902800030516
54.29501581,0.02499427786678874
54.29505634,0.038574807354848556
54.30996442,0.041000991836423285
54.31003761,0.024460212100404364
54.31009269,0.031692988479438466
54.31014347,0.04226749065384909
54.31019235,0.02578774700541695
54.31024218,0.026123445487144275
54.33490896,0.04077210650797284
54.33497024,0.02822919050888838
54.3350141,0.022415503166247044
54.3350544,0.03851377126726177
54.33509398,0.030991073472190434
54.35024977,0.020660715648126955
54.35036683,0.03602655069810025
54.36385822,0.03546196688792248
54.36389756,0.021164263370717938
54.36988258,0.03271534294651713
54.36993122,0.03680476081483177
54.3938849,0.020477607385366598
54.3939383,0.028625925078202486
54.39397717,0.04068055237659266
54.39401937,0.023987182421606777
54.39406109,0.024582284275577935
54.40982294,0.03978027008468757
54.41490936,0.02746623941405356
54.41495657,0.022537575341420615
54.44899225,0.04014648661020829
54.44914293,0.03276112001220722
54.44929361,0.020035095750362403
54.44943094,0.03595025558861677
54.45185447,0.03509575036240177
54.45190978,0.020828564888990615
54.45988321,0.03421072709239338
54.45994711,0.03936827649347677
54.45999217,0.021133745326924545
54.47489667,0.02832074464026856
54.47495341,0.039124132143129625
54.48398519,0.024505989166094453
54.48407841,0.026382848859388113
54.49784493,0.04156557564660105
54.49792361,0.027740901808194093
54.51086068,0.022201876859693295
54.51093745,0.0392156862745098
54.52082849,0.030518043793392843
54.5208838,0.01927214465552758
54.52580643,0.03590447852292668
54.52586269,0.03512626840619516
54.53182054,0.019333180743114367
54.53985858,0.031280994888227664
54.53991437,0.03776607919432364
54.55004478,0.02178988326848249
54.55016971,0.028809033340962846
54.56387568,0.03935301747158007
54.56393552,0.02447547112230106
54.57789087,0.025406271457999542
54.57796526,0.0405279621576257
54.5838728,0.02912947280079347
54.58392143,0.02349889372091249
54.5928719,0.03926146334019989
54.59294772,0.03268482490272374
54.59302068,0.02169832913710231
54.60788488,0.03700312809948882
54.60795212,0.03776607919432364
54.61643028,0.02281223773556115
54.61656332,0.03476005188067445
54.63989115,0.03875791561760891
54.63995004,0.020660715648126955
54.63999462,0.028091859311818113
54.64003515,0.03990234225986114
54.64797759,0.024719615472648202
54.64807582,0.023819333180743113
54.65589046,0.03810177767605097
54.65594935,0.02696269169146258
54.6628809,0.02124055848020142
54.67088723,0.03785763332570382
54.67095041,0.031097886625467308
54.6850028,0.019501029983978027
54.68512654,0.0357976653696498
54.70288491,0.03675898374914168
54.70294261,0.020111390859845885
54.70298648,0.0311284046692607
54.70302773,0.037293049515526054
54.71785116,0.020019836728465707
54.71788883,0.026626993209735255
54.72589087,0.039246204318303196
54.7259469,0.025680933852140077
54.73282838,0.027512016479743648
54.73883748,0.04528877698939498
54.73886228,0.037094682230869
54.76284122,0.031906614785992216
54.77792168,0.04498359655146105
54.77800274,0.031967650873579
54.78394008,0.015335317006179903
54.78401756,0.03015182726787213
54.80890703,0.03228809033340963
54.80898666,0.019455252918287938
54.80904293,0.03321889066910811
54.80909443,0.0383916990920882
54.80914402,0.02221713588158999
54.81782866,0.029022659647516595
54.8178854,0.04025329976348516
54.83087778,0.02485694666971847
54.83095074,0.025055313954375526
54.83285427,0.03993286030365453
54.83289957,0.0281528953994049
54.84665871,0.022781719691767757
54.84678602,0.03930724040588998
54.84801054,0.03317311360341802
54.84807968,0.020691233691920347
54.85893512,0.0366826886396582
54.85903692,0.03778133821622034
54.87284684,0.022537575341420615
54.88149738,0.033661402304112305
54.88157058,0.039749752040894176
54.90487933,0.02337682154573892
54.90494084,0.0307011520561532
54.90498519,0.0426489662012665
54.90502524,0.0264438849469749
54.90884995,0.026489662012664988
54.90889478,0.04248111696040284
54.91498351,0.03160143434805829
54.91508126,0.025177386129549097
54.92387629,0.041092545967803464
54.92393231,0.035828183413443196
54.93887973,0.024368657969024186
54.95186901,0.03997863736934462
54.9519186,0.04014648661020829
54.95585704,0.024933241779201955
54.95590448,0.03680476081483177
54.9628849,0.04374761577782864
54.9629395,0.027115281910429542
54.96887612,0.03291371023117418
54.96892619,0.0435034714274815
54.9831202,0.02851911192492561
54.98328853,0.028137636377508202
54.99188781,0.043808651865415424
54.99194813,0.03208972304875257
55.0152874,0.023804074158846417
55.01725578,0.04042114900434882
55.01740813,0.03375295643549248
55.01753283,0.020752269779507133
55.01761317,0.03663691157396811
55.02585173,0.03830014496070802
55.0258925,0.02107270923933776
55.03987336,0.032028686961165787
55.03992915,0.03826962691691463
55.04894114,0.021881437399862667
55.04901218,0.02832074464026856
55.07295585,0.04031433585107195
55.07302904,0.025314717326619364
55.07308459,0.025177386129549097
55.07313561,0.040711070420386054
55.07318449,0.029358358129243915
55.0829041,0.02238498512245365
55.08293939,0.03904783703364614
55.09589553,0.034485389486533916
55.09595442,0.021881437399862667
55.10488319,0.03559929808499275
55.10492086,0.03569085221637293
55.12883997,0.020584420538643473
55.12887096,0.032730601968413826
55.12889552,0.039841306172274354
55.12891912,0.023437857633325704
55.14386415,0.029724574654764628
55.14394331,0.0409399557488365
55.14401221,0.025848783093003737
55.14883614,0.025055313954375526
55.16290689,0.040955214770733196
55.16298652,0.030472266727702754
55.17585921,0.023422598611429007
55.17592525,0.038910505836575876
55.20026445,0.03356984817273213
55.20037079,0.021225299458304724
55.20885706,0.03663691157396811
55.20892978,0.03785763332570382
55.20898032,0.02230869001297017
55.2238977,0.03308155947203784
55.22397208,0.0409399557488365
55.22402883,0.021881437399862667
55.22408009,0.027176317998016328
55.23094463,0.040283817807278556
55.2310164,0.026123445487144275
55.247895,0.025574120698863202
55.24795723,0.04182497901884489
55.25588179,0.031662470435645074
55.25593805,0.02426184481574731
55.27086735,0.04068055237659266
55.27093506,0.03544670786602579
55.27098656,0.023224231326771955
55.27989078,0.03898680094605936
55.27994823,0.039459830624856945
55.28587008,0.022613870450904097
55.28592086,0.033539330128938734
55.29386926,0.041092545967803464
55.2939167,0.025009536888685437
55.3178916,0.03044174868390936
55.31794953,0.04060425726710918
55.31799221,0.02545204852368963
55.31803274,0.02418554970626383
55.32486653,0.039963378347447925
55.32492256,0.030563820859082932
55.32990313,0.022156099794003205
55.35989761,0.03797970550087739
55.35997105,0.032776379034103915
55.36002612,0.01910429541466392
55.36007619,0.033951323720149536
55.36456513,0.03646906233310445
55.36466289,0.02059967956054017
55.37795687,0.03091477836270695
55.37801838,0.03869687953002213
55.38885927,0.02214084077210651
55.38890934,0.02708476386663615
55.40299988,0.03901731898985275
55.40309811,0.02442969405661097
55.40787005,0.025345235370412757
55.4079361,0.04310673685816739
55.41882944,0.03447013046463722
55.41889596,0.029556725413900968
55.44386768,0.04911879148546578
55.44394827,0.042755779354543375
55.44399929,0.023422598611429007
55.44404197,0.03360036621652552
55.44884014,0.03355458915083543
55.44894099,0.018707560845349813
55.4828279,0.02998397802700847
55.48289585,0.03852903028915847
55.48294353,0.022674906538490882
55.51582789,0.028046082246128024
55.51589966,0.04141298542763409
55.51780486,0.027023727779049364
55.51785088,0.025299458304722668
55.5178864,0.041367208361944
55.51792026,0.030777447165636684
55.53602934,0.023010605020218206
55.53610921,0.03906309605554284
55.53616476,0.0341039139391165
55.53888321,0.021820401312275882
55.53892517,0.037293049515526054
55.54384041,0.03851377126726177
55.54387689,0.022980086976424813
55.55988455,0.03352407110704204
55.55993366,0.041336690318150605
55.57086444,0.0238803692683299
55.57091403,0.02877851529716945
55.57785654,0.04156557564660105
55.5779047,0.02822919050888838
55.5858562,0.026291294728007935
55.5859046,0.04170290684367132
55.59490514,0.03215075913633936
55.59497762,0.02418554970626383
55.60991335,0.03970397497520409
55.60998917,0.035660334172579536
55.610044,0.02323949034866865
55.62289715,0.0379339284351873
55.62297034,0.04029907682917525
55.62902117,0.025406271457999542
55.62912083,0.036194399938963916
55.65290618,0.04290836957351034
55.6529789,0.02578774700541695
55.65303516,0.031158922713054094
55.65308642,0.045349813076981764
55.66088581,0.030289158464942397
55.66096616,0.0290074006256199
55.66102266,0.044342717631799804
55.66107416,0.0328526741435874
55.67490339,0.024551766231784542
55.67497659,0.04060425726710918
55.67503047,0.03535515373464561
55.68491578,0.021820401312275882
55.68498874,0.03569085221637293
55.69402528,0.03784237430380712
55.69412518,0.022507057297627222
55.71783376,0.032272831311512935
55.71786165,0.03982604715037766
55.71788549,0.022903791866941327
55.71790862,0.026703288319218737
55.7283082,0.0396429388876173
55.72838163,0.026199740596627757
55.72843647,0.024002441443503473
55.74282479,0.04019226367589838
55.74285293,0.02998397802700847
55.74881577,0.022064545662623027
55.76288152,0.0375219348439765
55.76296091,0.03329518577859159
55.78588057,0.02140840772106508
55.78596282,0.037079423208972305
55.78787541,0.03887998779278248
55.78795481,0.020523384451056687
55.78801179,0.030472266727702754
55.78806257,0.0396429388876173
55.79788017,0.023773556115053024
55.8058598,0.02810711833371481
55.80592561,0.0405279621576257
55.81987405,0.02681010147249561
55.81995249,0.02459754329747463
55.8338728,0.04098573281452659
55.83395195,0.03176928358892195
55.84286213,0.023102159151598384
55.84294271,0.03790341039139391
55.84299922,0.0336919203479057
55.84305096,0.02072175173571374
55.85790896,0.03494316014343481
55.85797,0.03637750820172427
55.85802054,0.02093537804226749
55.87285566,0.03091477836270695
55.87290597,0.03952086671244373
55.89589047,0.02299534599832151
55.89596367,0.027618829633020522
55.89990926,0.04081788357366293
55.89999628,0.02606240939955749
55.90005136,0.023804074158846417
55.90010309,0.040665293354695965
55.9352932,0.03176928358892195
55.93544102,0.021683070115205615
55.93551826,0.03768978408484016
55.93560982,0.03480582894636454
55.94586134,0.021896696421759364
55.95386982,0.03561455710688945
55.95392251,0.037705043106736856
55.96806598,0.02221713588158999
55.96817541,0.032486457618066684
55.96823716,0.04107728694590677
55.96831441,0.024444953078507668
55.98088026,0.02887006942854963
55.9809382,0.043137254901960784
55.99493742,0.02920576791027695
55.99500799,0.02589456015869383
55.99506235,0.04173342488746471
55.9951129,0.031784542610818645
56.00102854,0.023468375677119097
56.00788784,0.039749752040894176
56.00794744,0.03463797970550088
56.02184653,0.01957732509346151
56.02188158,0.03373769741359579
56.0348618,0.03700312809948882
56.03491235,0.0208896009765774
56.04083276,0.030167086289768826
56.04086065,0.03926146334019989
56.04983759,0.022629129472800793
56.04986882,0.02594033722438392
56.06081796,0.03952086671244373
56.06084347,0.025467307545586328
56.06282425,0.02307164110780499
56.07583308,0.03956664377813382
56.07586098,0.03053330281528954
56.08984017,0.020737010757610436
56.08986688,0.03588921950102998
56.10384154,0.03193713282978561
56.10388255,0.020447089341573205
56.10392022,0.03610284580758373
56.11685729,0.040329594872968645
56.11691952,0.027237354085603113
56.11696172,0.039917601281757836
56.12993622,0.04879835202563516
56.13000751,0.030457007705806057
56.1548562,0.028747997253376057
56.15492296,0.03788815136949721
56.15496922,0.023468375677119097
56.1550107,0.02026398107881285
56.16303039,0.03732356755931945
56.1631391,0.029098954757000077
56.17095995,0.021545738918135347
56.17105293,0.037964446478980694
56.18485022,0.0340886549172198
56.18492794,0.020279240100709545
56.19087839,0.034195468070496685
56.19095635,0.03659113450827802
56.20491385,0.020141908903639278
56.21387315,0.030777447165636684
56.21394229,0.040543221179522394
56.22788763,0.02374303807125963
56.22795796,0.027222095063706417
56.22801161,0.042969405661097124
56.22806644,0.02681010147249561
56.23790503,0.02294956893263142
56.23796558,0.03994811932555123
56.24591136,0.03143358510719463
56.24597001,0.022354467078660258
56.25990748,0.038406958113984896
56.25997925,0.03556878004119936
56.27496767,0.022110322728313116
56.28394747,0.03559929808499275
56.28401875,0.03970397497520409
56.28892255,0.02426184481574731
56.28900886,0.03312733653772793
56.29508615,0.04173342488746471
56.2951591,0.02566567483024338
56.3038702,0.029556725413900968
56.30392051,0.04353398947127489
56.31786275,0.030563820859082932
56.31792212,0.02746623941405356
56.33140564,0.04377813382162203
56.33147764,0.0345464255741207
56.33153224,0.025146868085755704
56.34488225,0.041458762493324176
56.34493256,0.039078355077439536
56.34496951,0.025726710917830166
56.3450036,0.03855954833295186
56.35984564,0.040375371938658734
56.35987329,0.02349889372091249
56.3738308,0.03234912642099642
56.37385941,0.0422369726100557
56.39835167,0.026047150377660793
56.39845109,0.027145799954222935
56.39852905,0.040283817807278556
56.39860058,0.026459143968871595
56.39866805,0.0238803692683299
56.4048295,0.03997863736934462
56.41987491,0.0298619058518349
56.41995597,0.020660715648126955
56.42845964,0.03732356755931945
56.42853713,0.03434805828946365
56.42859292,0.019668879224841687
56.44085622,0.03363088426031891
56.44089508,0.03810177767605097
56.46484089,0.022034027618829635
56.46486735,0.03019760433356222
56.47883177,0.039581902800030516
56.47886109,0.02311741817349508
56.48888493,0.026214999618524453
56.48896408,0.04017700465400168
56.49593639,0.027344167238879988
56.49601793,0.024841687647821773
56.49608064,0.03936827649347677
56.49613309,0.02883955138475624
56.52595973,0.01957732509346151
56.52608562,0.037079423208972305
56.52786946,0.03517204547188525
56.52792263,0.020965896086060882
56.52796006,0.03437857633325704
56.52799559,0.03749141680018311
56.52802849,0.020813305867093918
56.54389286,0.02967879758907454
56.54400921,0.040039673456931414
56.54989147,0.02397192339971008
56.54999828,0.026092927443350882
56.56313348,0.040039673456931414
56.56325436,0.026886396581979097
56.58592272,0.02293430991073472
56.58599734,0.03994811932555123
56.58884764,0.03167772945754177
56.58889937,0.020477607385366598
56.59385133,0.03576714732585641
56.59389544,0.03479056992446784
56.59885168,0.02076752880140383
56.60788894,0.033875028610666054
56.60794544,0.037705043106736856
56.61586881,0.021423666742961776
56.61592317,0.03010605020218204
56.63999128,0.03910887312123293
56.64008379,0.02406347753109026
56.64013147,0.02681010147249561
56.64017582,0.04068055237659266
56.64986444,0.028091859311818113
56.64992857,0.024170290684367133
56.65885091,0.039841306172274354
56.65890479,0.03321889066910811
56.66589284,0.023819333180743113
56.67885494,0.03842221713588159
56.67890215,0.03556878004119936
56.67894197,0.021377889677271687
56.67898107,0.03656061646448463
56.70389605,0.04017700465400168
56.70396328,0.022461280231937133
56.70400715,0.029526207370107575
56.70404744,0.039505607690547034
56.71987867,0.0234531166552224
56.71993327,0.026291294728007935
56.72584367,0.040207522697795074
56.72590041,0.026626993209735255
56.73388362,0.022323949034866866
56.74088287,0.03865110246433204
56.74092388,0.029953459983215077
56.75482011,0.02026398107881285
56.7548461,0.036087586785687034
56.76888704,0.03418020904859999
56.76894474,0.019562066071564813
56.7829175,0.033112077515831236
56.78298235,0.037964446478980694
56.78304076,0.02026398107881285
56.78309488,0.02780193789578088
56.79627299,0.03947508964675364
56.79647899,0.02481116960402838
56.81085396,0.027649347676813915
56.81092024,0.04512092774853132
56.83486485,0.03550774395361257
56.83493209,0.031906614785992216
56.83497834,0.04802014190890364
56.8350215,0.03552300297550927
56.83883095,0.01953154802777142
56.83889318,0.033661402304112305
56.85089159,0.032654306858930345
56.85096431,0.019043259327077136
56.8579433,0.0332646677347982
56.85805106,0.03814755474174106
56.8658793,0.021255817502098116
56.87989116,0.029571984435797664
56.87996483,0.04072632944228275
56.89417624,0.024322880903334097
56.89430165,0.026535439078355077
56.89437699,0.039795529106584265
56.89444566,0.027222095063706417
56.90391064,0.022613870450904097
56.90400386,0.03904783703364614
56.91288972,0.03187609674219882
56.91294861,0.021499961852445258
56.92592525,0.03755245288776989
56.9259975,0.0357976653696498
56.92794728,0.020462348363469902
56.9508779,0.03384451056687266
56.95095253,0.039246204318303196
56.95286226,0.02311741817349508
56.95293307,0.030899519340810255
56.96098018,0.04153505760280766
56.96107888,0.025345235370412757
56.96987271,0.02606240939955749
56.96993303,0.041550316624704355
56.97888756,0.02993820096131838
56.97895837,0.025223163195239186
57.00292897,0.042160677500572216
57.00300527,0.03434805828946365
57.00486112,0.02374303807125963
57.01892614,0.04089417868314641
57.0189991,0.03904783703364614
57.0190556,0.023315785458152133
57.0191071,0.036911573968108645
57.02789259,0.042587930113679714
57.02793074,0.026260776684214542
57.03782725,0.03355458915083543
57.0378561,0.043717097734035246
57.04482794,0.02827496757457847
57.04485345,0.029571984435797664
57.06882882,0.043381399252307926
57.06885791,0.030182345311665523
57.06888199,0.02459754329747463
57.09391212,0.039963378347447925
57.09393811,0.0324101625085832
57.09396076,0.021683070115205615
57.09398293,0.036285954070344094
57.10783148,0.03459220263981079
57.11584449,0.020416571297779813
57.11590505,0.03291371023117418
57.11595726,0.03813229571984436
57.12985682,0.021942473487449453
57.12988281,0.02827496757457847
57.12990618,0.03897154192416266
57.13988829,0.023086900129701687
57.15445542,0.02447547112230106
57.15456486,0.039963378347447925
57.15464187,0.027435721370260166
57.15471148,0.021667811093308918
57.15480232,0.038574807354848556
57.162889,0.03175402456702525
57.17185736,0.020447089341573205
57.17192197,0.03607232776379034
57.17985964,0.035919737544823374
57.17991424,0.02221713588158999
57.1940558,0.03401235980773632
57.19416499,0.03675898374914168
57.19884968,0.01998931868467231
57.22285247,0.02873273823147936
57.22290277,0.040955214770733196
57.22294044,0.024673838406958113
57.2229743,0.02508583199816892
57.22484779,0.03973449301899748
57.22489476,0.028091859311818113
57.23888922,0.02214084077210651
57.23896527,0.03956664377813382
57.24887586,0.032730601968413826
57.24892497,0.021423666742961776
57.26089215,0.0366826886396582
57.26096392,0.03596551461051346
57.27487826,0.020737010757610436
57.28394365,0.03321889066910811
57.28401446,0.03904783703364614
57.29309249,0.022491798275730526
57.29316306,0.02822919050888838
57.29321814,0.038956282902265965
57.29326868,0.024414435034714275
57.30887675,0.025650415808346684
57.3089354,0.04055848020141909
57.31287003,0.028595407034409093
57.31291771,0.02276646066987106
57.33892965,0.03904783703364614
57.33900547,0.03389028763256275
57.33905101,0.022751201647974364
57.33909249,0.03755245288776989
57.33913231,0.03631647211413749
57.35087705,0.021545738918135347
57.35092878,0.03445487144274052
57.35995555,0.04165712977798123
57.36002612,0.02413977264057374
57.37490869,0.03060959792477302
57.37496972,0.04156557564660105
57.38791847,0.02627603570611124
57.38798451,0.027878233005264364
57.40088868,0.041214618142977034
57.40095615,0.02851911192492561
57.40100193,0.02186617837796597
57.40284276,0.03889524681467918
57.41588068,0.03375295643549248
57.41597223,0.021667811093308918
57.42513204,0.03595025558861677
57.42526841,0.035370412756542305
57.42534614,0.020035095750362403
57.44882131,0.03262378881513695
57.44885206,0.0388189517051957
57.44887567,0.022369726100556955
57.46388769,0.028747997253376057
57.4639585,0.039505607690547034
57.46890354,0.023468375677119097
57.47787142,0.024368657969024186
57.47795081,0.039887083237964444
57.47800684,0.026672770275425344
57.48386765,0.021683070115205615
57.48390317,0.039459830624856945
57.49780798,0.03492790112153811
57.49783945,0.024536507209887846
57.52084231,0.042664225223163196
57.54488397,0.04570077058060578
57.54496598,0.030334935530632486
57.54502201,0.03904783703364614
57.54506421,0.03918516823071641
57.54787874,0.01824979018844892
57.54795647,0.02456702525368124
57.54801345,0.038498512245365074
57.54806662,0.023483634699015793
57.54811597,0.024292362859540704
57.57302547,0.03970397497520409
57.57311583,0.027740901808194093
57.57317066,0.02214084077210651
57.57322145,0.03904783703364614
57.58290482,0.03321889066910811
57.58296537,0.021301594567788205
57.59210968,0.037079423208972305
57.59220791,0.03715571831845579
57.59790063,0.02128633554589151
57.60991287,0.03266956588082704
57.60997224,0.03904783703364614
57.61893797,0.02243076218814374
57.61901188,0.029022659647516595
57.64292479,0.04115358205539025
57.64300299,0.026214999618524453
57.64304852,0.025848783093003737
57.64309096,0.04124513618677043
57.64588785,0.030243381399252308
57.64595914,0.02392614633401999
57.66285586,0.04077210650797284
57.66293526,0.03529411764705882
57.6629734,0.02285801480125124
57.67990947,0.03738460364690623
57.67998147,0.0383916990920882
57.70389318,0.023361562523842222
57.70396662,0.03555352101930266
57.70402098,0.04356450751506828
57.70407295,0.026428625925078202
57.70584583,0.031036850537880523
57.7058847,0.04370183871213855
57.71491694,0.028946364538033113
57.71498346,0.029053177691309988
57.72917557,0.045685511558709084
57.72929001,0.03489738307774472
57.72933793,0.02589456015869383
57.7538209,0.04217593652246891
57.7538507,0.036957351033798734
57.75387454,0.024704356450751506
57.75389767,0.03935301747158007
57.76388311,0.039795529106584265
57.76394033,0.023392080567635615
57.76982117,0.0341039139391165
57.76984572,0.0396429388876173
57.783813,0.022613870450904097
57.78383803,0.028503852903028915
57.79482603,0.04048218509193561
57.79485202,0.025391012436102846
57.82034349,0.025406271457999542
57.82047105,0.04023804074158847
57.82055283,0.02877851529716945
57.8206234,0.021606775005722133
57.83001375,0.038284885938811325
57.83013844,0.033112077515831236
57.83887219,0.020645456626230258
57.83895206,0.03616388189517052
57.85290694,0.03732356755931945
57.85296249,0.021438925764858473
57.85300541,0.032364385442893114
57.87584257,0.039169909208819714
57.87586856,0.023346303501945526
57.89008403,0.030075532158388648
57.89015818,0.04144350347142748
57.89021468,0.024124513618677044
57.8902657,0.02333104448004883
57.90390706,0.03936827649347677
57.90398312,0.02925154497596704
57.90403843,0.02264438849469749
57.90408921,0.03910887312123293
57.91902614,0.03363088426031891
57.91912866,0.021164263370717938
57.9329114,0.03533989471274891
57.93301678,0.036789501792935074
57.93306494,0.021179522392614634
57.94190145,0.03213550011444266
57.94195032,0.03910887312123293
57.94989157,0.022781719691767757
57.94993806,0.02851911192492561
57.9639163,0.041550316624704355
57.96397495,0.025070572976272222
57.96991873,0.02397192339971008
57.96997571,0.040451667048142216
57.99397588,0.03044174868390936
57.99404716,0.022064545662623027
57.99410224,0.03875791561760891
57.9941535,0.03346303501945525
57.99420214,0.021133745326924545
58.00588655,0.03651483939879454
58.00594163,0.03848325322346838
58.02390099,0.022537575341420615
58.0239253,0.033493553063248645
58.0265801,0.04080262455176623
58.02665091,0.02459754329747463
58.03988552,0.030670634012359806
58.03994465,0.04324406805523766
58.05584764,0.027740901808194093
58.05588531,0.02594033722438392
58.06484413,0.04243533989471275
58.06488466,0.032776379034103915
58.06491709,0.023895628290226595
58.07382846,0.03810177767605097
58.07385659,0.03247119859616999
58.09185481,0.020569161516746776
58.09188151,0.035538261997405965
58.09583497,0.03730830853742275
58.0958693,0.020706492713817044
58.11093044,0.031067368581673915
58.11100006,0.039246204318303196
58.13384509,0.022964827954528116
58.13387322,0.027771419851987486
58.13991833,0.040009155413138014
58.1399734,0.024795910582131684
58.15419579,0.023437857633325704
58.1543045,0.039917601281757836
58.15438247,0.029907682917524988
58.15445566,0.02072175173571374
58.16819119,0.0371099412527657
58.1683507,0.0332646677347982
58.18086886,0.022186617837796598
58.18093824,0.03852903028915847
58.19518304,0.042542153047989625
58.19529366,0.030045014114595255
58.19537044,0.041886015106431675
58.19544101,0.046631570916304266
58.19550896,0.022903791866941327
58.2098856,0.02340733958953231
58.20993567,0.03596551461051346
58.21490049,0.02285801480125124
58.21495342,0.02252231631952392
58.22886205,0.03909361409933623
58.22892404,0.03006027313649195
58.2538743,0.022827496757457846
58.25393462,0.03860532539864195
58.2539773,0.033234149691004806
58.25401807,0.020752269779507133
58.25583601,0.03588921950102998
58.25587511,0.03805600061036087
58.26587677,0.02204928664072633
58.27385497,0.031860837720302126
58.27390265,0.04080262455176623
58.28787494,0.025070572976272222
58.28793001,0.028747997253376057
58.30097437,0.04156557564660105
58.30109811,0.02716105897611963
58.3098619,0.02618448157473106
58.3099196,0.04213015945677882
58.30996323,0.031280994888227664
58.31000423,0.022110322728313116
58.32495999,0.03926146334019989
58.3250308,0.03544670786602579
58.32508588,0.023468375677119097
58.34384871,0.03802548256656748
58.34390759,0.039795529106584265
58.35585213,0.023193713282978562
58.35591149,0.034363317311360345
58.36984754,0.04319829098954757
58.36989665,0.026794842450598915
58.36993432,0.031067368581673915
58.36996746,0.04444953078507668
58.38492012,0.03096055542839704
58.38499069,0.028213931486991684
58.38989186,0.04502937361715114
58.38996315,0.03518730449378195
58.39985585,0.02545204852368963
58.41284156,0.04205386434729534
58.42601204,0.03910887312123293
58.42608976,0.02520790417334249
58.42614627,0.038803692683299
58.42619729,0.04080262455176623
58.43582153,0.023437857633325704
58.43587637,0.033035782406347754
58.44983244,0.04180971999694819
58.44990706,0.024490730144197757
58.45691109,0.027954528114747846
58.45699,0.04144350347142748
58.46482825,0.027191577019913024
58.48884869,0.024841687647821773
58.48892951,0.03956664377813382
58.49784827,0.029724574654764628
58.49791622,0.022003509575036242
58.49796391,0.038406958113984896
58.49800682,0.03433279926756695
58.51182342,0.020660715648126955
58.51189733,0.03511100938429847
58.5198462,0.03817807278553445
58.51991177,0.021515220874341955
58.52889132,0.031280994888227664
58.52897096,0.03938353551537346
58.54289436,0.023605706874189364
58.54300427,0.027740901808194093
58.54308271,0.04119935912108034
58.56589532,0.02746623941405356
58.56595469,0.024719615472648202
58.56887078,0.03956664377813382
58.56892943,0.03065537499046311
58.56896639,0.021988250553139545
58.56900048,0.03846799420157168
58.58087468,0.033997100785839625
58.58094811,0.020248722056916153
58.59496689,0.03518730449378195
58.59503722,0.03826962691691463
58.60892224,0.021774624246585793
58.6149323,0.031036850537880523
58.61500549,0.039337758449683374
58.62797189,0.02406347753109026
58.6280427,0.027878233005264364
58.62809777,0.04156557564660105
58.62814903,0.027115281910429542
58.63786697,0.024216067750057222
58.63792515,0.03926146334019989
58.64586473,0.030014496070801863
58.64590907,0.021210040436408027
58.67283702,0.038117036697947665
58.67286777,0.035706111238269625
58.67289186,0.022064545662623027
58.67291522,0.035156786449988556
58.67293835,0.038803692683299
58.68790889,0.022796978713664453
58.6879797,0.031998168917372394
58.69338989,0.04057373922331579
58.69346118,0.02578774700541695
58.70589519,0.029312581063553826
58.70596933,0.04284733348592355
58.71989441,0.029327840085450523
58.71996379,0.0255893797207599
58.73487592,0.041626611734187836
58.73493576,0.032608529793240255
58.73499107,0.02214084077210651
58.73987126,0.03855954833295186
58.7399137,0.03512626840619516
58.75382805,0.020859082932784007
58.7538569,0.03468375677119097
58.75985551,0.037750820172426945
58.7598803,0.020401312275883116
58.76982522,0.02963302052338445
58.76985431,0.0392309452964065
58.79290986,0.02320897230487526
58.7929368,0.026596475165941862
58.79295969,0.04065003433279927
58.79298234,0.02618448157473106
58.80786824,0.022537575341420615
58.80794573,0.039124132143129625
58.815938,0.02981612878614481
58.81603861,0.019668879224841687
58.82511926,0.037750820172426945
58.82527184,0.03613336385137713
58.84888792,0.023987182421606777
58.8489759,0.03869687953002213
58.84902096,0.044342717631799804
58.84906173,0.030716411078049895
58.8638401,0.03904783703364614
58.86389232,0.04310673685816739
58.86392856,0.021149004348821242
58.87383866,0.02145418478675517
58.87389517,0.03718623636224918
58.88285756,0.025268940260929275
58.88293719,0.02276646066987106
58.90589809,0.03968871595330739
58.90600991,0.031967650873579
58.90882516,0.022461280231937133
58.9088788,0.03842221713588159
58.92095995,0.03521782253757534
58.92103219,0.021103227283131153
58.9210875,0.03402761882963302
58.92113876,0.038666361486228734
58.92889118,0.022247653925383384
58.94284391,0.030945296406500344
58.9429028,0.041214618142977034
58.95585871,0.024841687647821773
58.95590758,0.027313649195086595
58.96985984,0.041168841077286945
58.96992016,0.028702220187685968
58.98787379,0.025513084611276417
58.98794556,0.04190127412832837
58.98800015,0.033401998931868467
58.98805165,0.02255283436331731
59.01106215,0.03819333180743115
59.01113605,0.03648432135500115
59.01119184,0.02255283436331731
59.01124239,0.03654535744258793
59.01129198,0.04147402151522087
59.0358398,0.023819333180743113
59.03587055,0.03360036621652552
59.03781319,0.04399176012817579
59.03783822,0.027313649195086595
59.04582429,0.030182345311665523
59.04585075,0.04565499351491569
59.05082226,0.031616693369954985
59.05085373,0.028458075837338826
59.06000423,0.0439002059967956
59.06010342,0.036621652552071414
59.06017876,0.02566567483024338
59.08584929,0.04065003433279927
59.0858798,0.03851377126726177
59.08783436,0.02459754329747463
59.08785892,0.037247272449835965
59.11084175,0.04043640802624552
59.11281109,0.02333104448004883
59.11284137,0.031784542610818645
59.11286592,0.041336690318150605
59.11288953,0.024719615472648202
59.11291313,0.02661173418783856
59.12284589,0.04058899824521248
59.12885523,0.027603570611123826
59.15288186,0.023422598611429007
59.15296078,0.03973449301899748
59.15301704,0.03100633249408713
59.15306807,0.02140840772106508
59.16829276,0.03733882658121614
59.16842556,0.034988937209124896
59.16858149,0.021683070115205615
59.16862726,0.03521782253757534
59.18387604,0.03761348897535668
59.18394327,0.02043183031967651
59.19091439,0.028931105516136417
59.19096947,0.03987182421606775
59.20591784,0.0247348744945449
59.21889806,0.02742046234836347
59.21895194,0.03939879453727016
59.21899438,0.026672770275425344
59.21903467,0.02340733958953231
59.22892213,0.03944457160296025
59.22899365,0.03065537499046311
59.23489547,0.02140840772106508
59.23494434,0.03936827649347677
59.24991393,0.035996032654306856
59.24997044,0.020080872816052493
59.25810862,0.032730601968413826
59.25820994,0.03842221713588159
59.28192258,0.022354467078660258
59.28199863,0.030716411078049895
59.28204346,0.04075684748607614
59.28387666,0.02418554970626383
59.28391337,0.025696192874036773
59.29889727,0.040711070420386054
59.2989583,0.0281528953994049
59.29900503,0.02383459220263981
59.29905677,0.03968871595330739
59.313941,0.031403067063401235
59.314013,0.021484702830548562
59.33794355,0.03768978408484016
59.33803177,0.03656061646448463
59.33808827,0.02226291294728008
59.34590101,0.03555352101930266
59.34597278,0.03947508964675364
59.35092998,0.022629129472800793
59.35100245,0.032166018158236054
59.36190224,0.04194705119401846
59.36194468,0.02610818646524758
59.36884069,0.0281528953994049
59.36887836,0.0434882124055848
59.38291454,0.030014496070801863
59.38296843,0.02459754329747463
59.39589047,0.040497444113832305
59.39592814,0.032990005340657665
59.40485954,0.021271076523994813
59.41583753,0.03584344243533989
59.41586328,0.034363317311360345
59.42491436,0.01948577096208133
59.4249382,0.03300526436255436
59.42496085,0.03772030212863355
59.42498279,0.02183566033417258
59.43984795,0.0294193942168307
59.45389032,0.03976501106279087
59.45394206,0.024002441443503473
59.45398331,0.02520790417334249
59.46285033,0.0401007095445182
59.46288395,0.028000305180437935
59.47085452,0.023102159151598384
59.4709065,0.037460898756389714
59.48490858,0.030472266727702754
59.48498797,0.021606775005722133
59.49438357,0.03901731898985275
59.49452043,0.0392156862745098
59.5080018,0.02793926909285115
59.50806618,0.042832074464026856
59.5238719,0.04742504005493248
59.52395034,0.025696192874036773
59.5288949,0.027512016479743648
59.52896118,0.036530098420691236
59.53385472,0.02124055848020142
59.53886247,0.024444953078507668
59.53892684,0.04031433585107195
59.54786015,0.02798504615854124
59.54791856,0.02255283436331731
59.57091928,0.03884946974898909
59.57099533,0.03276112001220722
59.57292461,0.02191195544365606
59.57299662,0.03706416418707561
59.58991241,0.03504997329671168
59.58998466,0.02021820401312276
59.59004021,0.03372243839169909
59.59009171,0.03901731898985275
59.59295988,0.022247653925383384
59.60587215,0.029266803997863737
59.60594606,0.040619516289005876
59.61990976,0.026245517662317846
59.61998034,0.02623025864042115
59.64492464,0.041428244449530784
59.64500165,0.0298619058518349
59.6450479,0.024338139925230793
59.64508986,0.039887083237964444
59.64788651,0.033203631647211414
59.64795899,0.02191195544365606
59.66096425,0.03822384985122454
59.66103578,0.038162813763637754
59.66286826,0.023102159151598384
59.67693782,0.03578240634775311
59.67700982,0.04168764782177462
59.7011745,0.025268940260929275
59.70131135,0.033112077515831236
59.70137072,0.043717097734035246
59.70141554,0.029312581063553826
59.70145702,0.03010605020218204
59.70150471,0.04505989166094453
59.71589184,0.033112077515831236
59.71596336,0.02627603570611124
59.72494793,0.042328526741435876
59.72502232,0.03631647211413749
59.72507668,0.025406271457999542
59.74982476,0.04080262455176623
59.749856,0.0400854505226215
59.74988031,0.023895628290226595
59.76491284,0.0354009308003357
59.76499176,0.039917601281757836
59.7650485,0.022751201647974364
59.76510119,0.029785610742351417
59.76515174,0.04119935912108034
59.7898078,0.0255893797207599
59.79898453,0.025513084611276417
59.79909682,0.040039673456931414
59.80789638,0.027924010070954453
59.82085872,0.022369726100556955
59.82093954,0.038910505836575876
59.82099485,0.032532234683756774
59.82104468,0.021423666742961776
59.84488082,0.03706416418707561
59.84494829,0.03639276722362097
59.84498715,0.02102693217364767
59.84502077,0.03230334935530633
59.85986471,0.03820859082932784
59.85991716,0.022034027618829635
59.85995817,0.02891584649423972
59.85999775,0.04036011291676204
59.86984587,0.02554360265506981
59.88786745,0.02504005493247883
59.88794112,0.040451667048142216
59.89596295,0.029556725413900968
59.896065,0.02328526741435874
59.89614034,0.03901731898985275
59.89621258,0.03291371023117418
59.90989923,0.02145418478675517
59.90997577,0.03701838712138552
59.91002178,0.03576714732585641
59.91006303,0.02043183031967651
59.92482519,0.03263904783703365
59.92487693,0.03904783703364614
59.93886995,0.02209506370641642
59.94783092,0.028671702143892575
59.94787955,0.04077210650797284
59.95381999,0.02508583199816892
59.95387125,0.0247348744945449
59.96291709,0.03990234225986114
59.96297479,0.028900587472343024
59.96883202,0.022461280231937133
59.96888018,0.03877317463950561
59.99286413,0.034241245136186774
59.99293494,0.020828564888990615
59.99894643,0.03634699015793088
59.99904513,0.038574807354848556
59.99912763,0.022186617837796598
60.01284814,0.03266956588082704
