Seg,mV
0.05746293,0.014068818188754101
0.05749774,0.01411459525444419
0.06043553,0.014053559166857405
0.0604825,0.014068818188754101
0.06051779,0.01411459525444419
0.08347821,0.01411459525444419
0.08353996,0.01416037232013428
0.08357048,0.014190890363927672
0.08360028,0.014175631342030976
0.08362865,0.012146181429770352
0.08541369,0.010406652933546959
0.08544326,0.01266498817425803
0.09343314,0.01441977569237812
0.0934844,0.012359807736324101
0.09352064,0.010559243152513925
0.10742259,0.012756542305638208
0.13147712,0.014526588845654994
0.13155055,0.012329289692530708
0.1316154,0.010589761196307317
0.13166142,0.012787060349431601
0.13170576,0.014618142977035172
0.15954208,0.01249713893339437
0.15956402,0.010589761196307317
0.15958285,0.012695506218051423
0.15960264,0.014618142977035172
0.15962124,0.01254291599908446
0.1657486,0.010696574349584192
0.16583967,0.012848096437018387
0.16590428,0.014602883955138476
0.16596556,0.01254291599908446
0.16602468,0.010666056305790799
0.17581987,0.012802319371328297
0.18805361,0.014602883955138476
0.18812633,0.01254291599908446
0.2019906,0.01062027924010071
0.2021234,0.012848096437018387
0.20218921,0.014602883955138476
0.20224881,0.012573434042877852
0.20230675,0.010681315327687495
0.21106362,0.012863355458915083
0.21119237,0.014602883955138476
0.21126056,0.012603952086671245
0.22248054,0.010666056305790799
0.22251153,0.012848096437018387
0.22863126,0.014648661020828565
0.22869539,0.012619211108567941
0.22872829,0.010650797283894103
0.23517561,0.01283283741512169
0.25777268,0.014663920042725261
0.25786352,0.012588693064774548
0.25992775,0.010711833371480888
0.26005745,0.012695506218051423
0.2601254,0.014618142977035172
0.26801348,0.01240558480201419
0.26813173,0.010681315327687495
0.27687597,0.012817578393224994
0.27700567,0.014648661020828565
0.27707434,0.012634470130464637
0.28590727,0.010681315327687495
0.28601766,0.012726024261844816
0.28608346,0.014633401998931869
0.29850793,0.012619211108567941
0.2985518,0.010772869459067674
0.30793834,0.012817578393224994
0.32182264,0.014602883955138476
0.32195115,0.012603952086671245
0.32887697,0.010681315327687495
0.3290062,0.012771801327534905
0.32907486,0.014679179064621958
0.33650374,0.012619211108567941
0.33653879,0.010711833371480888
0.34299064,0.012527656977187763
0.34314299,0.014602883955138476
0.34320998,0.01266498817425803
0.35701346,0.010696574349584192
0.35714316,0.012771801327534905
0.37085533,0.014602883955138476
0.37098479,0.01266498817425803
0.3710525,0.010696574349584192
0.37111235,0.012741283283741512
0.38492608,0.014618142977035172
0.38503551,0.012649729152361334
0.3976593,0.010681315327687495
0.39771366,0.012726024261844816
0.39775252,0.01458762493324178
0.39778829,0.012649729152361334
0.3978231,0.010711833371480888
0.40760231,0.012756542305638208
0.4077034,0.014648661020828565
0.40777302,0.01271076523994812
0.42186475,0.010666056305790799
0.42199254,0.01271076523994812
0.4456234,0.014663920042725261
0.44573879,0.012726024261844816
0.44577932,0.010696574349584192
0.44581604,0.012756542305638208
0.44585085,0.014618142977035172
0.4458859,0.012680247196154727
0.45607591,0.010498207064927139
0.45623112,0.012741283283741512
0.45630145,0.014663920042725261
0.47076178,0.012741283283741512
0.47087169,0.010711833371480888
0.47093725,0.012756542305638208
0.47099638,0.014648661020828565
0.47105432,0.01283283741512169
0.49605441,0.010772869459067674
0.49618292,0.012817578393224994
0.50092053,0.014557106889448387
0.5010488,0.01254291599908446
0.50111842,0.010559243152513925
0.50673723,0.012649729152361334
0.51649761,0.014633401998931869
0.51655364,0.012756542305638208
0.52244949,0.010742351415274281
0.52256203,0.012726024261844816
0.52263832,0.014618142977035172
0.54541922,0.012756542305638208
0.54544473,0.010711833371480888
0.54940128,0.012741283283741512
0.54943943,0.014679179064621958
0.54946661,0.012756542305638208
0.56249237,0.010757610437170977
0.56255603,0.012726024261844816
0.56260467,0.014633401998931869
0.56264877,0.012787060349431601
0.56269145,0.010681315327687495
0.56273341,0.01266498817425803
0.57748437,0.014602883955138476
0.57754755,0.012726024261844816
0.6025064,0.010711833371480888
0.60259724,0.012466620889600977
0.60264516,0.014648661020828565
0.6026895,0.012817578393224994
0.6027329,0.010421911955443655
0.61745453,0.012695506218051423
0.61752844,0.014663920042725261
0.6175766,0.012848096437018387
0.61762166,0.010681315327687495
0.61766458,0.01271076523994812
0.62745523,0.014694438086518654
0.62752771,0.012848096437018387
0.62757683,0.010757610437170977
0.6334765,0.01271076523994812
0.64746189,0.014679179064621958
0.64751601,0.012817578393224994
0.66142607,0.010742351415274281
0.66147947,0.012649729152361334
0.66151738,0.014679179064621958
0.6864512,0.01287861448081178
0.68650532,0.010757610437170977
0.69242668,0.01266498817425803
0.69247627,0.014663920042725261
0.69251323,0.01283283741512169
0.69254756,0.010742351415274281
0.6925807,0.01266498817425803
0.7014215,0.014663920042725261
0.70147419,0.01287861448081178
0.70150995,0.010482948043030441
0.70643044,0.012619211108567941
0.71241784,0.014648661020828565
0.71245837,0.012848096437018387
0.72645235,0.010757610437170977
0.7265265,0.012588693064774548
0.72657514,0.014602883955138476
0.75041056,0.012848096437018387
0.75043583,0.010635538261997406
0.75739503,0.012420843823910887
0.75742626,0.014679179064621958
0.75744748,0.01287861448081178
0.77046847,0.010772869459067674
0.77053261,0.012588693064774548
0.77058196,0.014602883955138476
0.7706275,0.012909132524605172
0.77067089,0.010696574349584192
0.77071333,0.012619211108567941
0.77647042,0.014572365911345083
0.77654624,0.013031204699778745
0.80044031,0.010711833371480888
0.80049682,0.012573434042877852
0.80053496,0.014618142977035172
0.80057073,0.012817578393224994
0.8006053,0.010696574349584192
0.8114419,0.012573434042877852
0.81149769,0.014633401998931869
0.8115356,0.012939650568398567
0.81844831,0.010727092393377585
0.8184855,0.012573434042877852
0.83342957,0.014663920042725261
0.83348227,0.013107499809262227
0.83352041,0.010711833371480888
0.83355689,0.012573434042877852
0.85853887,0.014618142977035172
0.8585937,0.012939650568398567
0.85863376,0.010742351415274281
0.85867095,0.012481879911497674
0.85870624,0.014602883955138476
0.86844826,0.01266498817425803
0.86849928,0.010650797283894103
0.87642455,0.012512397955291066
0.87648106,0.014602883955138476
0.87651777,0.01287861448081178
0.88444638,0.010742351415274281
0.88449454,0.012512397955291066
0.89743805,0.01458762493324178
0.89750004,0.01297016861219196
0.89753962,0.010757610437170977
0.90442729,0.01254291599908446
0.92847872,0.014633401998931869
0.92854357,0.012741283283741512
0.92859244,0.010742351415274281
0.92863703,0.01254291599908446
0.9286797,0.014663920042725261
0.93143582,0.01297016861219196
0.93147039,0.010772869459067674
0.95446849,0.012436102845807583
0.95453668,0.014602883955138476
0.95458388,0.012954909590295263
0.95462751,0.010482948043030441
0.9546845,0.012481879911497674
0.9694519,0.014663920042725261
0.96951842,0.012954909590295263
0.96956658,0.010696574349584192
0.98342633,0.01249713893339437
0.983459,0.014602883955138476
0.98348713,0.013000686655985352
1.00657535,0.010757610437170977
1.00663233,0.01249713893339437
1.00666547,0.014602883955138476
1.00669527,0.013000686655985352
1.00672388,0.010742351415274281
1.02444696,0.012451361867704281
1.0245018,0.014663920042725261
1.02453065,0.013031204699778745
1.02455807,0.010696574349584192
1.02458477,0.01249713893339437
1.02739286,0.014679179064621958
1.02741909,0.013015945677882048
1.02744317,0.010681315327687495
1.04142618,0.012527656977187763
1.05542922,0.014648661020828565
1.05546808,0.013000686655985352
1.05549717,0.010727092393377585
1.05552506,0.01249713893339437
1.05555248,0.014679179064621958
1.07044172,0.013122758831158923
1.07049227,0.010757610437170977
1.07052898,0.012451361867704281
1.07056403,0.014618142977035172
1.0705986,0.013046463721675441
1.08648133,0.010818646524757763
1.08659625,0.01240558480201419
1.10846686,0.014602883955138476
1.10852504,0.01309224078736553
1.10856223,0.01078812848096437
1.11245584,0.012451361867704281
1.12048054,0.014648661020828565
1.1205318,0.013122758831158923
1.12056923,0.010772869459067674
1.12060404,0.012420843823910887
1.12063718,0.01458762493324178
1.13245988,0.013122758831158923
1.13251114,0.010772869459067674
1.15742111,0.01228351262684062
1.15747499,0.014602883955138476
1.1575129,0.013076981765468834
1.15754771,0.010727092393377585
1.15758252,0.012390325780117494
1.17148685,0.014618142977035172
1.17156649,0.012909132524605172
1.17164087,0.010757610437170977
1.17744732,0.012390325780117494
1.19246507,0.014557106889448387
1.19251943,0.013122758831158923
1.1925559,0.010772869459067674
1.19259071,0.012451361867704281
1.19262457,0.014633401998931869
1.19844222,0.013168535896849012
1.1984849,0.010818646524757763
1.19851518,0.01240558480201419
1.21241426,0.014648661020828565
1.21244121,0.013015945677882048
1.22746444,0.01062027924010071
1.22752905,0.012268253604943923
1.24041533,0.014465552758068208
1.24047422,0.01309224078736553
1.24051476,0.010833905546654459
1.24055147,0.012420843823910887
1.240587,0.014633401998931869
1.24062181,0.01313801785305562
1.25642848,0.010757610437170977
1.25649714,0.012329289692530708
1.25655103,0.01458762493324178
1.26365137,0.013153276874952316
1.26370072,0.010757610437170977
1.28742027,0.012359807736324101
1.28747082,0.014557106889448387
1.28750515,0.013076981765468834
1.29142618,0.010803387502861066
1.29146957,0.012359807736324101
1.30142212,0.014618142977035172
1.30147862,0.013183794918745708
1.30151534,0.010803387502861066
1.30154943,0.012344548714427405
1.3165493,0.014618142977035172
1.31660461,0.013214312962539101
1.32242131,0.010666056305790799
1.32247639,0.012390325780117494
1.32251191,0.014618142977035172
1.34687638,0.013122758831158923
1.34700489,0.01078812848096437
1.34706593,0.012329289692530708
1.36163783,0.014526588845654994
1.36166835,0.013229571984435798
1.3699882,0.010803387502861066
1.37009978,0.012390325780117494
1.38259768,0.014557106889448387
1.38268232,0.01313801785305562
1.38272142,0.010772869459067674
1.38275766,0.012344548714427405
1.382792,0.01454184786755169
1.38282895,0.013183794918745708
1.39155555,0.010803387502861066
1.39163661,0.01228351262684062
1.39168859,0.014572365911345083
1.40553284,0.013199053940642405
1.40556026,0.010711833371480888
1.41994476,0.012252994583047227
1.42007089,0.014557106889448387
1.42013693,0.013168535896849012
1.43259978,0.010772869459067674
1.43263602,0.01228351262684062
1.43266034,0.014602883955138476
1.43268466,0.013214312962539101
1.4327085,0.010681315327687495
1.43273282,0.012252994583047227
1.44284678,0.01454184786755169
1.44291282,0.013244831006332494
1.45611286,0.010803387502861066
1.4562397,0.012222476539253834
1.45630622,0.014526588845654994
1.48002505,0.013199053940642405
1.48015475,0.010727092393377585
1.48595476,0.012268253604943923
1.48608065,0.014526588845654994
1.48614717,0.013214312962539101
1.49199247,0.010742351415274281
1.49210238,0.01211566338597696
1.50076723,0.014526588845654994
1.50089359,0.013229571984435798
1.50096297,0.010727092393377585
1.50102234,0.012161440451667048
1.51099896,0.01454184786755169
1.5111165,0.013244831006332494
1.5249629,0.010711833371480888
1.52507377,0.012222476539253834
1.52513909,0.01454184786755169
1.53757906,0.01326009002822919
1.53762054,0.010833905546654459
1.5467658,0.012161440451667048
1.54687715,0.01454184786755169
1.54694343,0.01330586709391928
1.55598354,0.010757610437170977
1.55612183,0.012390325780117494
1.56467795,0.01454184786755169
1.56475115,0.013214312962539101
1.56479073,0.010727092393377585
1.56482625,0.012161440451667048
1.57990813,0.014572365911345083
1.58003759,0.013275349050125887
1.5930047,0.010833905546654459
1.59313536,0.012130922407873656
1.59320021,0.014526588845654994
1.60660815,0.013351644159609368
1.60664487,0.010757610437170977
1.60667467,0.012054627298390174
1.6067028,0.014557106889448387
1.60673022,0.01330586709391928
1.61649489,0.010635538261997406
1.61651921,0.012146181429770352
1.63076377,0.014557106889448387
1.63087344,0.01330586709391928
1.63093972,0.010864423590447852
1.63099933,0.012146181429770352
1.65582108,0.014526588845654994
1.65594912,0.013351644159609368
1.65601373,0.010803387502861066
1.65604949,0.012146181429770352
1.65608335,0.014572365911345083
1.66582274,0.013336385137712672
1.66589451,0.010742351415274281
1.67994308,0.012130922407873656
1.68006897,0.01454184786755169
1.68013453,0.013366903181506065
1.68472171,0.010849164568551155
1.68484044,0.012146181429770352
1.70786762,0.01454184786755169
1.70799303,0.013382162203402761
1.70806217,0.010818646524757763
1.709903,0.012100404364080263
1.72280741,0.01458762493324178
1.72288418,0.013351644159609368
1.72493601,0.010757610437170977
1.72506332,0.012100404364080263
1.72513056,0.014496070801861601
1.73249769,0.013366903181506065
1.73253989,0.010803387502861066
1.74191689,0.012024109254596781
1.74202847,0.01454184786755169
1.74209356,0.013366903181506065
1.75852704,0.010818646524757763
1.75854707,0.01206988632028687
1.77003336,0.01458762493324178
1.7701447,0.013397421225299458
1.77021027,0.010803387502861066
1.77554107,0.012085145342183566
1.78976727,0.014511329823758298
1.78983927,0.013382162203402761
1.7976706,0.010864423590447852
1.7977438,0.012054627298390174
1.79780245,0.014557106889448387
1.7994864,0.013427939269092852
1.79952288,0.010757610437170977
1.80907655,0.012039368276493477
1.80918765,0.01454184786755169
1.8092525,0.013382162203402761
1.83146143,0.01078812848096437
1.83148456,0.012039368276493477
1.84603095,0.014480811779964905
1.84614301,0.013382162203402761
1.8462081,0.010864423590447852
1.84626889,0.012008850232700085
1.8599472,0.014496070801861601
1.86005569,0.013488975356679637
1.86790347,0.010772869459067674
1.86803055,0.011993591210803388
1.86809707,0.014526588845654994
1.86815834,0.013427939269092852
1.8682158,0.010803387502861066
1.8835659,0.011993591210803388
1.88364458,0.014465552758068208
1.88368559,0.013397421225299458
1.89194465,0.010833905546654459
1.89205337,0.011978332188906692
1.90590668,0.014496070801861601
1.90599203,0.013488975356679637
1.90603161,0.01078812848096437
1.90606737,0.011978332188906692
1.9150548,0.014557106889448387
1.91518497,0.013458457312886245
1.91990948,0.010894941634241245
1.92003894,0.012039368276493477
1.92010522,0.014572365911345083
1.93650436,0.013550011444266423
1.93653584,0.010818646524757763
1.94699693,0.011871519035629816
1.94710898,0.014389257648584725
1.94717431,0.013443198290989548
1.96046495,0.010772869459067674
1.96048594,0.011963073167009996
1.96689653,0.014557106889448387
1.96700907,0.01351949340047303
1.96707559,0.010772869459067674
1.96713567,0.012039368276493477
1.98100281,0.014496070801861601
1.98111224,0.013504234378576334
1.98697233,0.010879682612344548
1.98710418,0.011917296101319905
1.98716974,0.014526588845654994
2.00052285,0.013550011444266423
2.00055552,0.010818646524757763
2.01354909,0.011932555123216601
2.01362181,0.01454184786755169
2.0136621,0.013550011444266423
2.02274394,0.010833905546654459
2.02278447,0.011978332188906692
2.02974129,0.014480811779964905
2.02985287,0.013534752422369727
2.03586006,0.010864423590447852
2.03598738,0.011902037079423208
2.04857564,0.014526588845654994
2.0486443,0.013595788509956512
2.04868197,0.010864423590447852
2.05546403,0.011917296101319905
2.05550694,0.014480811779964905
2.07347775,0.013550011444266423
2.07352519,0.010757610437170977
2.07355809,0.011917296101319905
2.08673048,0.014496070801861601
2.08676219,0.01356527046616312
2.08678961,0.010833905546654459
2.08681726,0.011871519035629816
2.08684397,0.014480811779964905
2.10153246,0.013611047531853208
2.10155606,0.010833905546654459
2.10157394,0.011902037079423208
2.1119864,0.014465552758068208
2.11209559,0.013504234378576334
2.13595581,0.010833905546654459
2.13608408,0.011902037079423208
2.13615084,0.014480811779964905
2.14998627,0.013580529488059816
2.15009546,0.010864423590447852
2.15598059,0.011871519035629816
2.15611696,0.014465552758068208
2.15618348,0.013626306553749905
2.16999292,0.010849164568551155
2.17010093,0.011795223926146334
2.17016554,0.014526588845654994
2.17022634,0.013595788509956512
2.17028475,0.010864423590447852
2.1831429,0.011917296101319905
2.19199681,0.01454184786755169
2.19210458,0.013641565575646601
2.20594144,0.010925459678034637
2.20605326,0.011779964904249637
2.20611835,0.014435034714274816
2.20617795,0.013580529488059816
2.20623446,0.010864423590447852
2.220052,0.011779964904249637
2.22016311,0.014435034714274816
2.22022772,0.013534752422369727
2.2235949,0.01078812848096437
2.22362995,0.01181048294804303
2.23277426,0.014404516670481423
2.23284769,0.013611047531853208
2.23288798,0.010864423590447852
2.23599482,0.011749446860456245
2.24501014,0.014465552758068208
2.24511933,0.013595788509956512
2.24518609,0.010818646524757763
2.26950741,0.011795223926146334
2.26952934,0.014480811779964905
2.26954842,0.013626306553749905
2.26956677,0.010833905546654459
2.26958442,0.011779964904249637
2.2825377,0.014435034714274816
2.28255916,0.01368734264133669
2.28257775,0.010925459678034637
2.28259635,0.011718928816662852
2.28261471,0.01441977569237812
2.2975328,0.013641565575646601
2.29755378,0.010818646524757763
2.29757166,0.011779964904249637
2.32300854,0.014496070801861601
2.32313609,0.013702601663233387
2.32450247,0.010879682612344548
2.32456207,0.011764705882352941
2.32460117,0.014465552758068208
2.33257866,0.013672083619439994
2.33261132,0.010940718699931334
2.34196901,0.011734187838559548
2.34208179,0.014450293736171512
2.34214687,0.013748378728923476
2.35058188,0.010833905546654459
2.35061836,0.011779964904249637
2.36493421,0.014511329823758298
2.36505961,0.013763637750820172
2.36512518,0.010940718699931334
2.36862087,0.011841000991836423
2.39355469,0.014465552758068208
2.3936336,0.01373311970702678
2.39568186,0.01095597772182803
2.39579415,0.011718928816662852
2.3958602,0.014450293736171512
2.39591908,0.01368734264133669
2.39597201,0.010818646524757763
2.41098142,0.01168841077286946
2.41109228,0.014435034714274816
2.41115737,0.013702601663233387
2.41849995,0.010818646524757763
2.41852999,0.011703669794766156
2.44307137,0.014404516670481423
2.44320202,0.013763637750820172
2.4432652,0.010940718699931334
2.45200753,0.011718928816662852
2.46758628,0.01441977569237812
2.46765947,0.01373311970702678
2.46769953,0.010864423590447852
2.46773577,0.011673151750972763
2.46776938,0.014480811779964905
2.48200011,0.01368734264133669
2.48210859,0.010910200656137941
2.48217416,0.01168841077286946
2.48223615,0.014373998626688029
2.48229432,0.013763637750820172
2.49599504,0.01095597772182803
2.49610519,0.011764705882352941
2.50994778,0.014450293736171512
2.51007533,0.013763637750820172
2.51014185,0.010879682612344548
2.5102005,0.011886778057526512
2.52307367,0.014404516670481423
2.52320504,0.01373311970702678
2.528023,0.010864423590447852
2.52817488,0.011627374685282674
2.52824259,0.014343480582894636
2.53358698,0.013717860685130083
2.53361917,0.010894941634241245
2.5430727,0.011612115663385977
2.54320073,0.01441977569237812
2.54326534,0.013809414816510261
2.55707765,0.010818646524757763
2.5571878,0.01164263370717937
2.56301451,0.014435034714274816
2.56316876,0.013794155794613565
2.56323409,0.010910200656137941
2.5770762,0.011718928816662852
2.58597875,0.014373998626688029
2.58609104,0.013809414816510261
2.59972787,0.010910200656137941
2.59982204,0.011657892729076066
2.59986091,0.014435034714274816
2.59989834,0.013809414816510261
2.59993291,0.010910200656137941
2.61005402,0.011673151750972763
2.61016345,0.014450293736171512
2.61023068,0.013839932860303654
2.62063169,0.011001754787518121
2.62066698,0.01168841077286946
2.63199496,0.014480811779964905
2.63210416,0.014038300144960708
2.63216853,0.010818646524757763
2.65547371,0.01147478446631571
2.65549612,0.01428244449530785
2.65551543,0.013748378728923476
2.65879965,0.010818646524757763
2.65892649,0.011551079575799192
2.65899301,0.01441977569237812
2.66703272,0.013870450904097047
2.66714191,0.010940718699931334
2.67600632,0.011596856641489281
2.67613983,0.014404516670481423
2.67620778,0.013885709925993743
2.68799615,0.010894941634241245
2.68810534,0.011566338597695888
2.71172571,0.01441977569237812
2.71187949,0.01394674601358053
2.71194553,0.010925459678034637
2.71200466,0.011596856641489281
2.71206188,0.01441977569237812
2.71211815,0.01385519188220035
2.7217567,0.010940718699931334
2.72189736,0.011612115663385977
2.72196341,0.014404516670481423
2.73606229,0.01394674601358053
2.7361908,0.011017013809414817
2.74194622,0.011535820553902495
2.74207187,0.014435034714274816
2.74214029,0.013916227969787138
2.75596714,0.010971236743724726
2.75609612,0.011551079575799192
2.77006936,0.014435034714274816
2.77020216,0.013916227969787138
2.77026701,0.010940718699931334
2.77032685,0.011551079575799192
2.78285336,0.014404516670481423
2.78296232,0.01394674601358053
2.78486562,0.010971236743724726
2.78497624,0.011444266422522316
2.78504205,0.014404516670481423
2.79757857,0.013931486991683834
2.797611,0.010940718699931334
2.80702496,0.011566338597695888
2.80713677,0.014389257648584725
2.80720425,0.013885709925993743
2.83046722,0.010940718699931334
2.83048844,0.011551079575799192
2.84008431,0.014343480582894636
2.84019566,0.01394674601358053
2.84026051,0.01104753185320821
2.8403194,0.011520561532005799
2.84509563,0.014358739604791332
2.84520531,0.014007782101167316
2.8530972,0.010879682612344548
2.85322404,0.011520561532005799
2.8532908,0.014358739604791332
2.8669045,0.013916227969787138
2.86703324,0.010940718699931334
2.89177322,0.011520561532005799
2.8918848,0.014358739604791332
2.89194918,0.013931486991683834
2.89200759,0.01095597772182803
2.89206481,0.011444266422522316
2.89380813,0.01441977569237812
2.89391756,0.01394674601358053
2.89398336,0.010925459678034637
2.90478897,0.01147478446631571
2.91209579,0.014343480582894636
2.9122057,0.013931486991683834
2.92602444,0.010925459678034637
2.92617702,0.011413748378728923
2.92624378,0.014312962539101243
2.93998647,0.013977264057373923
2.94009519,0.011001754787518121
2.94801044,0.01147478446631571
2.94816256,0.01432822156099794
2.94822931,0.01394674601358053
2.95283723,0.010925459678034637
2.95290971,0.01142900740062562
2.96685171,0.014343480582894636
2.96698499,0.01394674601358053
2.96704531,0.010940718699931334
2.96708369,0.011490043488212406
2.97681856,0.01432822156099794
2.97689009,0.014038300144960708
3.00083375,0.010986495765621425
3.00098777,0.01147478446631571
3.00105643,0.01441977569237812
3.00111008,0.01399252307927062
3.00114441,0.010894941634241245
3.01089406,0.01142900740062562
3.01102042,0.014373998626688029
3.01108718,0.014053559166857405
3.0189569,0.010971236743724726
3.01906705,0.011367971313038834
3.0326159,0.014312962539101243
3.03270602,0.014053559166857405
3.0327704,0.010986495765621425
3.03282928,0.01138323033493553
3.05781984,0.014358739604791332
3.05792809,0.014053559166857405
3.05799317,0.010971236743724726
3.05805206,0.011505302510109103
3.05810881,0.014358739604791332
3.06804776,0.014007782101167316
3.06817651,0.010986495765621425
3.07694125,0.011367971313038834
3.07706714,0.014312962539101243
3.07713628,0.014038300144960708
3.08597732,0.01104753185320821
3.08612847,0.011398489356832226
3.08619022,0.014358739604791332
3.09871531,0.014084077210650798
3.09876084,0.010940718699931334
3.10481477,0.011398489356832226
3.12806487,0.014358739604791332
3.12819481,0.014084077210650798
3.13694906,0.011017013809414817
3.13707495,0.011367971313038834
3.1371417,0.014297703517204547
3.13720393,0.01411459525444419
3.13726187,0.010986495765621425
3.1629262,0.011306935225452048
3.16305685,0.014343480582894636
3.16312146,0.014099336232547494
3.16657758,0.011001754787518121
3.16661072,0.011352712291142137
3.17801261,0.014373998626688029
3.17814302,0.014084077210650798
3.17820787,0.011062790875104906
3.17840958,0.011367971313038834
3.19193363,0.014373998626688029
3.1920433,0.01411459525444419
3.19692898,0.011017013809414817
3.19704032,0.011413748378728923
3.19710469,0.014297703517204547
3.20580816,0.014129854276340887
3.20588112,0.011093308918898299
3.21091127,0.011306935225452048
3.21103859,0.014312962539101243
3.21110511,0.01411459525444419
3.22156048,0.011139085984588388
3.22159457,0.011306935225452048
3.2279706,0.014251926451514458
3.22808123,0.014084077210650798
3.22814703,0.010986495765621425
3.24194884,0.011291676203555352
3.25561738,0.014312962539101243
3.25568533,0.014099336232547494
3.2557168,0.011032272831311514
3.25574517,0.011291676203555352
3.25577521,0.014267185473411154
3.2708168,0.014084077210650798
3.27090001,0.011001754787518121
3.27093458,0.011306935225452048
3.27096319,0.014236667429617761
3.27099013,0.01411459525444419
3.30576634,0.011017013809414817
3.3058598,0.011276417181658656
3.30589914,0.014312962539101243
3.30593514,0.014145113298237583
3.30596948,0.01104753185320821
3.30761671,0.011322194247348745
3.31795287,0.014267185473411154
3.31806087,0.01411459525444419
3.32690239,0.01104753185320821
3.32703137,0.011367971313038834
3.32712007,0.014373998626688029
3.33356953,0.014221408407721065
3.33360195,0.011108567940794995
3.34093809,0.01126115815976196
3.34104872,0.01428244449530785
3.34111381,0.014099336232547494
3.36483264,0.010910200656137941
3.36496186,0.011200122072175174
3.36502934,0.014221408407721065
3.36508822,0.014099336232547494
3.36514473,0.011108567940794995
3.36520123,0.011276417181658656
3.3798461,0.01432822156099794
3.37995219,0.01416037232013428
3.3876853,0.01104753185320821
3.38776994,0.011245899137865263
3.38780284,0.014251926451514458
3.41150665,0.014175631342030976
3.41152954,0.011032272831311514
3.41154885,0.011291676203555352
3.41156864,0.014297703517204547
3.411587,0.01416037232013428
3.42149949,0.011017013809414817
3.42152119,0.01126115815976196
3.44566512,0.014297703517204547
3.44573712,0.014221408407721065
3.44577765,0.011062790875104906
3.44581461,0.011200122072175174
3.47093105,0.014251926451514458
3.47104096,0.014206149385824368
3.47591925,0.011062790875104906
3.4760468,0.011444266422522316
3.47611308,0.014297703517204547
3.48494983,0.014190890363927672
3.48505759,0.011032272831311514
3.48512363,0.01126115815976196
3.48518205,0.01428244449530785
3.48523974,0.014251926451514458
3.49803805,0.011108567940794995
3.4981699,0.01121538109407187
3.51198244,0.014297703517204547
3.51213431,0.014251926451514458
3.51219988,0.011139085984588388
3.51225948,0.011245899137865263
3.54583669,0.014312962539101243
3.54597855,0.014236667429617761
3.54606485,0.011062790875104906
3.54612279,0.011200122072175174
3.54615879,0.014251926451514458
3.54778767,0.014251926451514458
3.547894,0.011108567940794995
3.54796028,0.011169604028381781
3.54801917,0.014221408407721065
3.54807544,0.014236667429617761
3.56305599,0.011001754787518121
3.56318855,0.01121538109407187
3.56994534,0.014236667429617761
3.57007289,0.014236667429617761
3.57013893,0.011078049897001603
3.57019711,0.011184863050278477
3.57807922,0.014251926451514458
3.57820797,0.014236667429617761
3.59198618,0.011123826962691692
3.59209585,0.011139085984588388
3.59216142,0.014206149385824368
3.59798384,0.014221408407721065
3.59809351,0.01095597772182803
3.61197162,0.011154345006485085
3.61209655,0.014206149385824368
3.61216331,0.014236667429617761
3.62595344,0.011078049897001603
3.62606597,0.011108567940794995
3.63458061,0.014190890363927672
3.63465452,0.014251926451514458
3.63468719,0.011078049897001603
3.63471794,0.011139085984588388
3.64724565,0.014175631342030976
3.64740849,0.014206149385824368
3.65595269,0.010986495765621425
3.65607858,0.011139085984588388
3.65614605,0.014236667429617761
3.6699636,0.01428244449530785
3.67007089,0.011139085984588388
3.68297482,0.011123826962691692
3.68312693,0.014190890363927672
3.68319249,0.014312962539101243
3.69193649,0.011108567940794995
3.69204426,0.011078049897001603
3.70070457,0.01416037232013428
3.70081425,0.014312962539101243
3.70084667,0.011139085984588388
3.7008791,0.011123826962691692
3.71568966,0.014221408407721065
3.71582317,0.01428244449530785
3.71588802,0.011139085984588388
3.71594763,0.011108567940794995
3.71600604,0.014175631342030976
3.74051261,0.014312962539101243
3.74053478,0.011139085984588388
3.74055314,0.011108567940794995
3.74057102,0.014251926451514458
3.7405889,0.01432822156099794
3.75049639,0.011078049897001603
3.75052023,0.011032272831311514
3.76468086,0.014190890363927672
3.76474166,0.014343480582894636
3.76477194,0.011139085984588388
3.76479936,0.011139085984588388
3.78053021,0.014175631342030976
3.78065848,0.014312962539101243
3.7931807,0.011154345006485085
3.79329467,0.011078049897001603
3.7933836,0.014221408407721065
3.81650615,0.014312962539101243
3.81652784,0.011108567940794995
3.81654692,0.011108567940794995
3.81656599,0.014190890363927672
3.81989384,0.014373998626688029
3.82002091,0.01138323033493553
3.82008624,0.011123826962691692
3.82793808,0.014221408407721065
3.82804918,0.014343480582894636
3.82811499,0.011139085984588388
3.83505988,0.011062790875104906
3.8578074,0.014221408407721065
3.85791612,0.014373998626688029
3.85965896,0.011123826962691692
3.85978675,0.01104753185320821
3.85985351,0.014175631342030976
3.86790466,0.014343480582894636
3.86801314,0.011184863050278477
3.87699485,0.011032272831311514
3.87712216,0.014190890363927672
3.87718987,0.014358739604791332
3.88615203,0.011139085984588388
3.88629913,0.011093308918898299
3.88643122,0.014190890363927672
3.90057993,0.01441977569237812
3.90061641,0.011139085984588388
3.92287159,0.011062790875104906
3.92488647,0.014190890363927672
3.92501307,0.014373998626688029
3.93763804,0.011184863050278477
3.93775344,0.01104753185320821
3.93778729,0.014190890363927672
3.9378159,0.01454184786755169
3.93784332,0.011123826962691692
3.95201755,0.01095597772182803
3.95214987,0.014175631342030976
3.95221734,0.014435034714274816
3.9655714,0.01126115815976196
3.96560478,0.01104753185320821
3.96563268,0.014145113298237583
3.96566033,0.014435034714274816
3.96568751,0.011169604028381781
3.98050332,0.01104753185320821
3.98052645,0.014129854276340887
3.98054528,0.014435034714274816
3.98997593,0.011154345006485085
3.99008608,0.011032272831311514
3.9901526,0.014175631342030976
4.01344132,0.014373998626688029
4.01347971,0.011184863050278477
4.01350236,0.011245899137865263
4.01352191,0.01411459525444419
4.01354074,0.014404516670481423
4.01550198,0.011169604028381781
4.01552677,0.010986495765621425
4.02975488,0.014129854276340887
4.02986884,0.014450293736171512
4.02993298,0.011184863050278477
4.02999234,0.01095597772182803
4.05458546,0.014312962539101243
4.05465698,0.01441977569237812
4.0608592,0.011169604028381781
4.06098628,0.011017013809414817
4.06105256,0.014129854276340887
4.06696177,0.01441977569237812
4.06707191,0.01142900740062562
4.07591653,0.01095597772182803
4.07602906,0.01416037232013428
4.07609391,0.014465552758068208
4.08563399,0.011230640115968566
4.08567929,0.010986495765621425
4.09888649,0.01416037232013428
4.09901357,0.014557106889448387
4.0990808,0.011276417181658656
4.12144899,0.011108567940794995
4.12147164,0.014221408407721065
4.12149119,0.014480811779964905
4.12486792,0.011154345006485085
4.12499428,0.01078812848096437
4.12506151,0.013962005035477227
4.13355327,0.01432822156099794
4.13358355,0.011169604028381781
4.14970541,0.01095597772182803
4.14983392,0.01411459525444419
4.1499002,0.014465552758068208
4.1499598,0.011200122072175174
4.15001726,0.010986495765621425
4.17476535,0.014129854276340887
4.17487931,0.014465552758068208
4.17494464,0.011200122072175174
4.17500257,0.010925459678034637
4.17506027,0.014099336232547494
4.17511678,0.014465552758068208
4.18994641,0.011169604028381781
4.19005919,0.01095597772182803
4.19012475,0.01411459525444419
4.20067906,0.014465552758068208
4.2007246,0.01126115815976196
4.22184658,0.010940718699931334
4.22198033,0.01416037232013428
4.2221725,0.014465552758068208
4.2222352,0.011230640115968566
4.22229362,0.010925459678034637
4.23696947,0.014099336232547494
4.237082,0.014480811779964905
4.23714614,0.011230640115968566
4.23720837,0.010925459678034637
4.24499011,0.01428244449530785
4.24509954,0.014435034714274816
4.25759411,0.011200122072175174
4.25769591,0.010910200656137941
4.2577281,0.01411459525444419
4.26594162,0.014496070801861601
4.26605177,0.011245899137865263
4.2900362,0.010894941634241245
4.29016733,0.014084077210650798
4.29023409,0.014480811779964905
4.29815984,0.011245899137865263
4.29827118,0.010894941634241245
4.31190968,0.014099336232547494
4.31203961,0.014465552758068208
4.31210589,0.011230640115968566
4.31216478,0.01095597772182803
4.31695318,0.014053559166857405
4.31706429,0.014480811779964905
4.32594705,0.011200122072175174
4.32607484,0.010864423590447852
4.32614136,0.014068818188754101
4.34003711,0.014480811779964905
4.3401475,0.01126115815976196
4.35290408,0.010879682612344548
4.35303116,0.014236667429617761
4.35310054,0.014480811779964905
4.3669405,0.01121538109407187
4.36705112,0.010879682612344548
4.36711717,0.014053559166857405
4.36717701,0.014480811779964905
4.36723471,0.01126115815976196
4.38112187,0.010818646524757763
4.38123536,0.01399252307927062
4.38130188,0.014435034714274816
4.3934958,0.01121538109407187
4.39355564,0.010894941634241245
4.39358759,0.01416037232013428
4.3954525,0.014435034714274816
4.3954823,0.011200122072175174
4.41985202,0.010818646524757763
4.41998196,0.014038300144960708
4.42004633,0.014435034714274816
4.42010665,0.01126115815976196
4.42016315,0.010818646524757763
4.42988372,0.01399252307927062
4.42999864,0.014465552758068208
4.43006396,0.011230640115968566
4.44458485,0.010864423590447852
4.44461894,0.014038300144960708
4.44464731,0.014496070801861601
4.45790148,0.011291676203555352
4.45802712,0.010833905546654459
4.4580934,0.014007782101167316
4.47174597,0.014511329823758298
4.47185493,0.011291676203555352
4.4858017,0.010894941634241245
4.48593354,0.014007782101167316
4.48600101,0.014435034714274816
4.4860611,0.011230640115968566
4.48611856,0.010864423590447852
4.50070024,0.014038300144960708
4.50082779,0.014480811779964905
4.50089288,0.011306935225452048
4.50095224,0.010864423590447852
4.51595759,0.014007782101167316
4.51606727,0.01454184786755169
4.51613235,0.011306935225452048
4.52959037,0.010879682612344548
4.52962399,0.014007782101167316
4.53772044,0.014511329823758298
4.53777981,0.011306935225452048
4.54289007,0.010879682612344548
4.54301643,0.014068818188754101
4.54308176,0.014511329823758298
4.55164313,0.011367971313038834
4.55172777,0.010833905546654459
4.56574416,0.013977264057373923
4.56587338,0.014526588845654994
4.5659399,0.011367971313038834
4.56600022,0.010894941634241245
4.58295202,0.014068818188754101
4.58306122,0.01454184786755169
4.59692979,0.011306935225452048
4.59704447,0.010864423590447852
4.59710979,0.014038300144960708
4.60358071,0.01454184786755169
4.60361314,0.011352712291142137
4.61092806,0.010864423590447852
4.61104226,0.014007782101167316
4.61110878,0.014526588845654994
4.62159276,0.01138323033493553
4.62162566,0.010849164568551155
4.62800789,0.014038300144960708
4.62813997,0.014496070801861601
4.62820435,0.011322194247348745
4.63702989,0.010849164568551155
4.65095925,0.01399252307927062
4.65107059,0.014557106889448387
4.66470599,0.011352712291142137
4.66483307,0.011062790875104906
4.66490102,0.01399252307927062
4.66496468,0.014496070801861601
4.66502213,0.011367971313038834
4.68012381,0.010879682612344548
4.68023491,0.014007782101167316
4.68029952,0.01458762493324178
4.68595195,0.011367971313038834
4.68606162,0.010818646524757763
4.70963168,0.013977264057373923
4.70970583,0.01454184786755169
4.70973802,0.01138323033493553
4.70976639,0.010879682612344548
4.71890497,0.014007782101167316
4.71901512,0.014526588845654994
4.72291064,0.01147478446631571
4.72303605,0.010849164568551155
4.72310281,0.013962005035477227
4.73359346,0.014557106889448387
4.73362446,0.011352712291142137
4.74593711,0.010833905546654459
4.74604821,0.013977264057373923
4.74611592,0.014496070801861601
4.75542712,0.01138323033493553
4.75553727,0.010818646524757763
4.77781653,0.013977264057373923
4.77794886,0.01454184786755169
4.77801561,0.011337453269245441
4.77807593,0.010803387502861066
4.80513096,0.013931486991683834
4.80525923,0.014496070801861601
4.80532479,0.011352712291142137
4.80542016,0.010772869459067674
4.80548143,0.013870450904097047
4.81284451,0.014450293736171512
4.81297159,0.011322194247348745
4.8130374,0.010833905546654459
4.81309819,0.013931486991683834
4.81315732,0.014526588845654994
4.82060075,0.011352712291142137
4.8206346,0.010803387502861066
4.8329277,0.013977264057373923
4.83304334,0.014526588845654994
4.83311009,0.011413748378728923
4.84183407,0.010803387502861066
4.8558073,0.013885709925993743
4.85587907,0.01454184786755169
4.86097336,0.011367971313038834
4.86110115,0.010833905546654459
4.86116719,0.013916227969787138
4.86701918,0.01454184786755169
4.86712646,0.011413748378728923
4.86719108,0.010803387502861066
4.88254452,0.013916227969787138
4.88257265,0.014572365911345083
4.8855834,0.01142900740062562
4.88571858,0.010879682612344548
4.88578415,0.013977264057373923
4.91355324,0.01458762493324178
4.91357446,0.011490043488212406
4.91359425,0.010925459678034637
4.91569996,0.01399252307927062
4.91581178,0.014465552758068208
4.92110229,0.011291676203555352
4.92122793,0.010666056305790799
4.92129421,0.013809414816510261
4.9335196,0.014557106889448387
4.93354177,0.01142900740062562
4.94100595,0.010864423590447852
4.941118,0.013885709925993743
4.94118309,0.014526588845654994
4.95351768,0.01142900740062562
4.9535408,0.01078812848096437
4.97981477,0.013916227969787138
4.97994828,0.01454184786755169
4.9800148,0.011413748378728923
4.98007417,0.010833905546654459
4.98013139,0.013916227969787138
4.98018813,0.01458762493324178
4.98697853,0.011490043488212406
4.98710966,0.010833905546654459
4.98717403,0.013962005035477227
5.00057626,0.014572365911345083
5.00060773,0.01147478446631571
5.00693154,0.010818646524757763
5.00704265,0.013885709925993743
5.00710821,0.01458762493324178
5.02451849,0.011505302510109103
5.02453971,0.010833905546654459
5.04473662,0.013916227969787138
5.0448494,0.014572365911345083
5.0449152,0.011505302510109103
5.04497313,0.01078812848096437
5.04503036,0.013931486991683834
5.04508901,0.01454184786755169
5.05991507,0.011490043488212406
5.06004167,0.010803387502861066
5.06010866,0.013870450904097047
5.06793213,0.014572365911345083
5.06804371,0.011490043488212406
5.06810904,0.010803387502861066
5.09350586,0.013870450904097047
5.09352708,0.01454184786755169
5.10595369,0.01147478446631571
5.10606217,0.010833905546654459
5.10612607,0.013885709925993743
5.10618591,0.01458762493324178
5.10624242,0.011490043488212406
5.11393356,0.010803387502861066
5.12804723,0.013839932860303654
5.12817645,0.014572365911345083
5.12824202,0.011535820553902495
5.12830234,0.010803387502861066
5.12837911,0.013870450904097047
5.13759685,0.01454184786755169
5.13762927,0.011444266422522316
5.15093422,0.01078812848096437
5.15104604,0.013809414816510261
5.15111136,0.014557106889448387
5.16394758,0.011444266422522316
5.16405654,0.010742351415274281
5.17062831,0.013809414816510261
5.17069173,0.01454184786755169
5.17072392,0.01147478446631571
5.17075419,0.01078812848096437
5.18008947,0.01385519188220035
5.18020272,0.014557106889448387
5.18773556,0.011444266422522316
5.18784833,0.010757610437170977
5.18791413,0.013824673838406958
5.20543456,0.014557106889448387
5.20545626,0.011535820553902495
5.21590066,0.010757610437170977
5.2160275,0.013794155794613565
5.21609521,0.014557106889448387
5.22957587,0.01142900740062562
5.22960925,0.010772869459067674
5.22962856,0.013809414816510261
5.22964668,0.014572365911345083
5.22966409,0.011490043488212406
5.22968197,0.010772869459067674
5.24702072,0.013839932860303654
5.24714923,0.01454184786755169
5.25600958,0.011566338597695888
5.25622535,0.010696574349584192
5.2562933,0.013778896772716868
5.27976441,0.014557106889448387
5.27984619,0.011505302510109103
5.27987742,0.01078812848096437
5.2799077,0.013824673838406958
5.27993584,0.014602883955138476
5.29003119,0.011551079575799192
5.29015994,0.01078812848096437
5.29589725,0.013824673838406958
5.29602504,0.014618142977035172
5.29609203,0.011566338597695888
5.30157208,0.010833905546654459
5.31593466,0.013809414816510261
5.31604552,0.014557106889448387
5.31611085,0.011566338597695888
5.32272005,0.010757610437170977
5.32276607,0.013839932860303654
5.34559989,0.014572365911345083
5.34569383,0.011566338597695888
5.34575915,0.010757610437170977
5.34581828,0.013717860685130083
5.34587479,0.01458762493324178
5.35294008,0.011520561532005799
5.35305357,0.010742351415274281
5.35312033,0.013748378728923476
5.3665483,0.014572365911345083
5.36658335,0.011566338597695888
5.3666122,0.010742351415274281
5.38198543,0.013763637750820172
5.38209605,0.014572365911345083
5.38216209,0.011566338597695888
5.39544249,0.010757610437170977
5.39547324,0.01373311970702678
5.40986252,0.014557106889448387
5.40997243,0.011566338597695888
5.41003728,0.01078812848096437
5.41009617,0.013778896772716868
5.41015363,0.01458762493324178
5.42499352,0.011566338597695888
5.42510319,0.010727092393377585
5.4251678,0.013763637750820172
5.43253756,0.014557106889448387
5.43256831,0.011581597619592585
5.43779373,0.01078812848096437
5.44297504,0.013748378728923476
5.44308496,0.014572365911345083
5.46674538,0.011627374685282674
5.46687317,0.010772869459067674
5.46693945,0.013794155794613565
5.46699762,0.014572365911345083
5.46705389,0.011612115663385977
5.47702742,0.010757610437170977
5.47714114,0.013794155794613565
5.47720599,0.014618142977035172
5.48607349,0.011627374685282674
5.48618555,0.01078812848096437
5.49879265,0.013748378728923476
5.49889135,0.01454184786755169
5.4989543,0.011627374685282674
5.49901605,0.010803387502861066
5.52507281,0.013748378728923476
5.5252037,0.014663920042725261
5.53765726,0.011657892729076066
5.53777194,0.010757610437170977
5.53781366,0.013717860685130083
5.53785086,0.01454184786755169
5.53788567,0.011657892729076066
5.53791952,0.010757610437170977
5.53795314,0.013763637750820172
5.53798676,0.01458762493324178
5.55606055,0.011673151750972763
5.55618834,0.010803387502861066
5.55625439,0.013717860685130083
5.56650162,0.014648661020828565
5.56653261,0.01164263370717937
5.5779767,0.010727092393377585
5.59186554,0.013748378728923476
5.59199595,0.014572365911345083
5.5920465,0.01164263370717937
5.59208226,0.010772869459067674
5.59211683,0.013672083619439994
5.60172129,0.01458762493324178
5.60182953,0.011612115663385977
5.60794663,0.010742351415274281
5.60807419,0.013702601663233387
5.60813975,0.01458762493324178
5.62158346,0.01164263370717937
5.62161922,0.010757610437170977
5.64575839,0.01368734264133669
5.6458838,0.014602883955138476
5.64595008,0.011673151750972763
5.64601183,0.010803387502861066
5.65306211,0.013717860685130083
5.65319157,0.014618142977035172
5.6618135,0.011673151750972763
5.66196489,0.010666056305790799
5.66203141,0.013717860685130083
5.66209126,0.014602883955138476
5.66214466,0.011718928816662852
5.66218996,0.010742351415274281
5.67650056,0.013672083619439994
5.67653155,0.014618142977035172
5.69100332,0.011657892729076066
5.6911118,0.010742351415274281
5.69117832,0.013702601663233387
5.7065022,0.014663920042725261
5.70652771,0.011749446860456245
5.70997262,0.01078812848096437
5.72295427,0.013748378728923476
5.72306514,0.014679179064621958
5.72464657,0.01164263370717937
5.72474527,0.010605020218204014
5.72481203,0.013580529488059816
5.73247933,0.014465552758068208
5.73251224,0.011657892729076066
5.74197364,0.010757610437170977
5.7420845,0.01373311970702678
5.7421484,0.014618142977035172
5.7554853,0.011795223926146334
5.75551319,0.010757610437170977
5.76867127,0.013641565575646601
5.76874471,0.014602883955138476
5.768785,0.011718928816662852
5.76882195,0.010742351415274281
5.77809405,0.013626306553749905
5.77822161,0.01458762493324178
5.79178333,0.011734187838559548
5.79192805,0.010711833371480888
5.79199457,0.013672083619439994
5.79798269,0.014602883955138476
5.79809189,0.011749446860456245
5.82201552,0.010757610437170977
5.82216954,0.013611047531853208
5.82223558,0.014618142977035172
5.82696557,0.011749446860456245
5.82707858,0.010772869459067674
5.83562756,0.013672083619439994
5.83571267,0.014648661020828565
5.83575225,0.011734187838559548
5.83578801,0.01078812848096437
5.84498072,0.013672083619439994
5.84509087,0.014618142977035172
5.84515452,0.011764705882352941
5.85553408,0.010757610437170977
5.85557342,0.013611047531853208
5.88012934,0.014648661020828565
5.88025999,0.011795223926146334
5.88033032,0.010742351415274281
5.89644194,0.013672083619439994
5.89647698,0.01458762493324178
5.90198517,0.011764705882352941
5.90209484,0.010742351415274281
5.90215826,0.013611047531853208
5.9154613,0.014618142977035172
5.91548371,0.011764705882352941
5.91550374,0.010742351415274281
5.93006182,0.013595788509956512
5.93018317,0.014602883955138476
5.93024755,0.011795223926146334
5.93353271,0.010742351415274281
5.9335649,0.013626306553749905
5.9335928,0.014633401998931869
5.93362069,0.011779964904249637
5.95780015,0.010696574349584192
5.95792556,0.013580529488059816
5.95799088,0.014602883955138476
5.95954061,0.011841000991836423
5.95959258,0.010666056305790799
5.95963049,0.013611047531853208
5.96748018,0.014602883955138476
5.96751142,0.011749446860456245
5.96754098,0.010742351415274281
5.9770782,0.013534752422369727
5.9771874,0.014602883955138476
5.97725511,0.011779964904249637
5.99050474,0.010696574349584192
5.99053502,0.01356527046616312
5.99779081,0.014572365911345083
5.99784541,0.01181048294804303
6.01174521,0.010727092393377585
6.01180696,0.013580529488059816
6.01183391,0.014602883955138476
6.03546762,0.011779964904249637
6.03551579,0.010666056305790799
6.03554296,0.013550011444266423
6.03556728,0.014572365911345083
6.03559113,0.01181048294804303
6.03561425,0.010681315327687495
6.04546928,0.01351949340047303
6.04551268,0.014557106889448387
6.05447698,0.011825741969939726
6.05454111,0.010742351415274281
6.05458236,0.01356527046616312
6.06845522,0.014663920042725261
6.06848431,0.01181048294804303
6.08197904,0.010696574349584192
6.08209062,0.013595788509956512
6.0821588,0.014602883955138476
6.09056473,0.01185626001373312
6.09059906,0.010681315327687495
6.09694099,0.01351949340047303
6.09701586,0.014602883955138476
6.09705639,0.011841000991836423
6.10255718,0.010772869459067674
6.11206269,0.013550011444266423
6.11219978,0.014663920042725261
6.12601972,0.011902037079423208
6.12617421,0.010696574349584192
6.12624121,0.01351949340047303
6.13897753,0.014663920042725261
6.13908935,0.011871519035629816
6.1479032,0.010742351415274281
6.14802957,0.013504234378576334
6.14809585,0.01458762493324178
6.15497971,0.011825741969939726
6.15508795,0.010696574349584192
6.16275859,0.013473716334782941
6.1628871,0.014618142977035172
6.1629529,0.011871519035629816
6.16801047,0.010681315327687495
6.17798567,0.01351949340047303
6.17809653,0.014648661020828565
6.19201565,0.011871519035629816
6.19216967,0.01078812848096437
6.19223571,0.013443198290989548
6.21587968,0.014618142977035172
6.21600842,0.011886778057526512
6.21607518,0.010696574349584192
6.21613622,0.013473716334782941
6.21619463,0.014602883955138476
6.21751428,0.011871519035629816
6.21756172,0.010681315327687495
6.23173833,0.013473716334782941
6.23186469,0.014602883955138476
6.23193145,0.011871519035629816
6.23198986,0.01078812848096437
6.24704242,0.013504234378576334
6.24722338,0.014602883955138476
6.26094794,0.011886778057526512
6.2610774,0.010681315327687495
6.26114321,0.013458457312886245
6.26997113,0.014663920042725261
6.27008152,0.011902037079423208
6.27594233,0.010681315327687495
6.27606916,0.013458457312886245
6.27613449,0.014572365911345083
6.28849244,0.011932555123216601
6.28852987,0.010666056305790799
6.29809952,0.013473716334782941
6.29831505,0.014602883955138476
6.29840493,0.011917296101319905
6.31206918,0.010711833371480888
6.32599044,0.013443198290989548
6.32610106,0.014633401998931869
6.33894777,0.011917296101319905
6.33907366,0.010711833371480888
6.33914137,0.013458457312886245
6.33920479,0.014618142977035172
6.33926296,0.011917296101319905
6.36402845,0.010650797283894103
6.36418247,0.013397421225299458
6.36424923,0.014618142977035172
6.36430931,0.011932555123216601
6.36439872,0.010742351415274281
6.36558557,0.013443198290989548
6.36563301,0.014602883955138476
6.36566544,0.011978332188906692
6.37203479,0.010696574349584192
6.3859756,0.013473716334782941
6.38608313,0.014618142977035172
6.40491915,0.011947814145113297
6.40499067,0.010711833371480888
6.4050312,0.013382162203402761
6.40507078,0.014618142977035172
6.40510964,0.011932555123216601
6.40514565,0.010635538261997406
6.40519738,0.013382162203402761
6.40525389,0.014572365911345083
6.42354822,0.011932555123216601
6.42357802,0.010666056305790799
6.43173504,0.013427939269092852
6.43187046,0.014648661020828565
6.43193698,0.011917296101319905
6.43199682,0.010681315327687495
6.46164036,0.013443198290989548
6.46171498,0.014648661020828565
6.46177793,0.012039368276493477
6.4618361,0.010696574349584192
6.46189284,0.013366903181506065
6.46497369,0.014602883955138476
6.46508312,0.011978332188906692
6.4770093,0.010742351415274281
6.4771347,0.013397421225299458
6.47719908,0.014648661020828565
6.48352504,0.011978332188906692
6.48355699,0.010696574349584192
6.51261711,0.013427939269092852
6.51271248,0.014618142977035172
6.51275349,0.012039368276493477
6.5127902,0.010696574349584192
6.51598263,0.013397421225299458
6.51609182,0.014694438086518654
6.52173805,0.011993591210803388
6.52182388,0.010772869459067674
6.52186465,0.013458457312886245
6.53544068,0.01458762493324178
6.5354774,0.011902037079423208
6.54199791,0.010513466086823835
6.54212308,0.013275349050125887
6.54219055,0.01458762493324178
6.55598497,0.012100404364080263
6.55611658,0.010742351415274281
6.55618119,0.013397421225299458
6.57043242,0.014679179064621958
6.570472,0.011978332188906692
6.57049727,0.010681315327687495
6.58280253,0.013397421225299458
6.58291221,0.014618142977035172
6.58473611,0.012054627298390174
6.5848,0.010666056305790799
6.58485341,0.013321126115815976
6.59941244,0.014648661020828565
6.59943438,0.012039368276493477
6.61188889,0.010711833371480888
6.61200237,0.013321126115815976
6.61207271,0.014648661020828565
6.6354425,0.012085145342183566
6.63546562,0.010681315327687495
6.63548446,0.013397421225299458
6.63550282,0.014648661020828565
6.6355207,0.012100404364080263
6.63553858,0.010711833371480888
6.64584517,0.013321126115815976
6.64595628,0.014618142977035172
6.65695786,0.012054627298390174
6.65711236,0.010711833371480888
6.65718174,0.013336385137712672
6.66649795,0.014663920042725261
6.66654229,0.012054627298390174
6.68898797,0.010681315327687495
6.68914032,0.013351644159609368
6.68920851,0.014679179064621958
6.69789577,0.012100404364080263
6.69798827,0.010727092393377585
6.70255136,0.013321126115815976
6.70263505,0.014618142977035172
6.70267582,0.012146181429770352
6.70271397,0.010696574349584192
6.71788979,0.013351644159609368
6.71799922,0.014648661020828565
6.71980977,0.01211566338597696
6.71993709,0.010696574349584192
6.72000384,0.013336385137712672
6.74441457,0.014694438086518654
6.74444103,0.012130922407873656
6.75690126,0.010742351415274281
6.75701284,0.01330586709391928
6.75708079,0.014618142977035172
6.75714087,0.012130922407873656
6.75720119,0.010696574349584192
6.75725818,0.013290608072022583
6.78041553,0.014679179064621958
6.78043723,0.012130922407873656
6.78045559,0.01062027924010071
6.78571868,0.013244831006332494
6.78582835,0.014602883955138476
6.78589272,0.012100404364080263
6.78595066,0.010650797283894103
6.7860074,0.01326009002822919
6.80042839,0.01454184786755169
6.80045223,0.012085145342183566
6.81752586,0.010666056305790799
6.81758165,0.013214312962539101
6.81760955,0.014633401998931869
6.82645059,0.012130922407873656
6.82647228,0.010650797283894103
6.83164692,0.013214312962539101
6.83175945,0.014618142977035172
6.83182526,0.01211566338597696
6.83188438,0.010681315327687495
6.84577346,0.013275349050125887
6.84588337,0.014648661020828565
6.85986042,0.012191958495460441
6.85998487,0.010666056305790799
6.86005116,0.01326009002822919
6.87272358,0.014679179064621958
6.87283421,0.012222476539253834
6.87289953,0.010681315327687495
6.88147998,0.013244831006332494
6.88151455,0.014602883955138476
6.88154364,0.012176699473563745
6.88157105,0.010757610437170977
6.89667821,0.013275349050125887
6.89680481,0.01470969710841535
6.89687276,0.012222476539253834
6.89693189,0.010696574349584192
6.91191506,0.013275349050125887
6.91203856,0.014663920042725261
6.93575001,0.01223773556115053
6.9359026,0.010666056305790799
6.93596983,0.013214312962539101
6.93602967,0.014648661020828565
6.93608618,0.012176699473563745
6.94187927,0.010696574349584192
6.94200492,0.013199053940642405
6.94207191,0.014648661020828565
6.95593095,0.012207217517357137
6.95604157,0.010635538261997406
6.96468782,0.013199053940642405
6.96481681,0.014648661020828565
6.9648838,0.01223773556115053
6.96494412,0.010696574349584192
6.98979926,0.013199053940642405
6.98990917,0.014618142977035172
6.98997355,0.012191958495460441
6.99003243,0.010666056305790799
6.99008799,0.013214312962539101
7.00651097,0.014648661020828565
7.00653696,0.012252994583047227
7.00655842,0.010650797283894103
7.0065794,0.013107499809262227
7.00660181,0.014679179064621958
7.02145505,0.012161440451667048
7.0214777,0.010666056305790799
7.02805257,0.013168535896849012
7.02816343,0.014618142977035172
7.02823091,0.012222476539253834
7.03546095,0.010666056305790799
7.05756712,0.013122758831158923
7.0576303,0.014633401998931869
7.05767965,0.012268253604943923
7.05772471,0.010696574349584192
7.05776739,0.013122758831158923
7.06754375,0.014618142977035172
7.0676074,0.012268253604943923
7.07647038,0.010696574349584192
7.0765276,0.013153276874952316
7.07657027,0.014663920042725261
7.08570409,0.012268253604943923
7.08576989,0.010727092393377585
7.08581901,0.01313801785305562
7.0985167,0.014679179064621958
7.09854937,0.012344548714427405
7.10783482,0.010742351415274281
7.12188864,0.01313801785305562
7.12199807,0.014663920042725261
7.1355052,0.012329289692530708
7.13558674,0.010635538261997406
7.13562536,0.013153276874952316
7.13566256,0.014602883955138476
7.1356957,0.012268253604943923
7.14252973,0.010681315327687495
7.14266729,0.01309224078736553
7.14273405,0.014648661020828565
7.15197921,0.01228351262684062
7.15208817,0.010681315327687495
7.15215516,0.013122758831158923
7.17554402,0.014633401998931869
7.17557383,0.012329289692530708
7.17559838,0.010666056305790799
7.17562151,0.013153276874952316
7.17564416,0.014679179064621958
7.1910162,0.012298771648737316
7.19114423,0.010666056305790799
7.19121003,0.013076981765468834
7.20058799,0.014602883955138476
7.20062017,0.012359807736324101
7.20792651,0.010635538261997406
7.20803761,0.013076981765468834
7.20810294,0.014618142977035172
7.23184824,0.01228351262684062
7.23195863,0.010666056305790799
7.24572492,0.013061722743572137
7.24585176,0.014602883955138476
7.24591756,0.01228351262684062
7.24597669,0.010666056305790799
7.25993609,0.013122758831158923
7.26004624,0.014618142977035172
7.27291799,0.012329289692530708
7.27302766,0.010666056305790799
7.27309179,0.01309224078736553
7.27315831,0.014679179064621958
7.27320409,0.012344548714427405
7.27323127,0.010666056305790799
7.27659154,0.013061722743572137
7.27662373,0.014663920042725261
7.2883184,0.012359807736324101
7.28845835,0.010696574349584192
7.31175947,0.013031204699778745
7.31191444,0.014602883955138476
7.31198072,0.012359807736324101
7.31203961,0.010681315327687495
7.31209517,0.013031204699778745
7.31215048,0.014679179064621958
7.32193327,0.012359807736324101
7.32208657,0.010650797283894103
7.32215214,0.01309224078736553
7.33593512,0.014679179064621958
7.33615136,0.012451361867704281
7.34089231,0.010681315327687495
7.34101868,0.012954909590295263
7.34108472,0.014511329823758298
7.35510898,0.012207217517357137
7.35521841,0.010559243152513925
7.36891294,0.012939650568398567
7.36904359,0.014648661020828565
7.36911249,0.01240558480201419
7.3784616,0.010650797283894103
7.38197374,0.013031204699778745
7.38208222,0.014663920042725261
7.38214827,0.012390325780117494
7.39254832,0.010711833371480888
7.39257407,0.013000686655985352
7.39993834,0.014648661020828565
7.40004849,0.012390325780117494
7.4126687,0.010681315327687495
7.41284323,0.013000686655985352
7.41295457,0.014663920042725261
7.42708802,0.012436102845807583
7.42719913,0.010635538261997406
7.4349103,0.013000686655985352
7.43503642,0.014618142977035172
7.43510437,0.012420843823910887
7.43516326,0.010727092393377585
7.44796205,0.012985427634088656
7.44807243,0.014602883955138476
7.45298028,0.012420843823910887
7.45313478,0.010666056305790799
7.45320201,0.012985427634088656
7.46997952,0.014648661020828565
7.47009015,0.01249713893339437
7.48312235,0.010696574349584192
7.483248,0.012954909590295263
7.48331475,0.014602883955138476
7.49675083,0.012481879911497674
7.49685979,0.010742351415274281
7.49692559,0.012985427634088656
7.49698544,0.014648661020828565
7.49704337,0.012466620889600977
7.49709964,0.010666056305790799
7.51202297,0.012954909590295263
7.51213694,0.014679179064621958
7.5207057,0.01249713893339437
7.52083349,0.010711833371480888
7.52090049,0.012954909590295263
7.54507065,0.014618142977035172
7.54520488,0.012512397955291066
7.55310464,0.010727092393377585
7.55323195,0.012954909590295263
7.55329967,0.014618142977035172
7.55340791,0.01249713893339437
7.55347466,0.010681315327687495
7.566643,0.012909132524605172
7.56674385,0.014648661020828565
7.56677651,0.01249713893339437
7.56681418,0.010696574349584192
7.58209372,0.01297016861219196
7.58220267,0.014618142977035172
7.58226991,0.012481879911497674
7.59559417,0.010650797283894103
7.59562612,0.012909132524605172
7.60994196,0.014648661020828565
7.61005282,0.012512397955291066
7.6157639,0.010635538261997406
7.61587954,0.01283283741512169
7.61594725,0.014572365911345083
7.62193584,0.012466620889600977
7.62204552,0.010650797283894103
7.63572931,0.012909132524605172
7.63585758,0.014572365911345083
7.6359241,0.012436102845807583
7.63598275,0.010681315327687495
7.64582419,0.012848096437018387
7.6459322,0.014602883955138476
7.64600086,0.012512397955291066
7.6694901,0.010635538261997406
7.66951418,0.012863355458915083
7.68489814,0.014618142977035172
7.68501449,0.012527656977187763
7.68508053,0.010650797283894103
7.68513918,0.012893873502708476
7.68520236,0.014618142977035172
7.69775414,0.012512397955291066
7.69786358,0.010650797283894103
7.69792771,0.01287861448081178
7.70672607,0.014602883955138476
7.70676923,0.012588693064774548
7.70679927,0.010650797283894103
7.7208848,0.012817578393224994
7.7210145,0.014602883955138476
7.74481463,0.012588693064774548
7.74496794,0.010681315327687495
7.74503517,0.012863355458915083
7.74509668,0.014633401998931869
7.74515295,0.01254291599908446
7.74519277,0.010696574349584192
7.74522686,0.012863355458915083
7.74526095,0.014618142977035172
7.75207019,0.012619211108567941
7.75219917,0.010681315327687495
7.76584053,0.012817578393224994
7.76597381,0.014663920042725261
7.76603937,0.012603952086671245
7.76609969,0.010650797283894103
7.79291582,0.01283283741512169
7.79304504,0.014648661020828565
7.79492593,0.012588693064774548
7.79503608,0.01062027924010071
7.7951014,0.012787060349431601
7.80247808,0.014572365911345083
7.80251265,0.012634470130464637
7.80862737,0.010650797283894103
7.80870104,0.012771801327534905
7.80873942,0.014602883955138476
7.82247257,0.01254291599908446
7.8224957,0.010635538261997406
7.83000922,0.012848096437018387
7.83013558,0.014618142977035172
7.8302021,0.012619211108567941
7.83597875,0.010635538261997406
7.85978699,0.012771801327534905
7.85989594,0.01458762493324178
7.85996127,0.012649729152361334
7.86002111,0.010681315327687495
7.86007929,0.012726024261844816
7.86852241,0.014602883955138476
7.86855483,0.012603952086671245
7.87597346,0.010666056305790799
7.87608647,0.012787060349431601
7.87615228,0.014602883955138476
7.88848996,0.012634470130464637
7.88851857,0.010696574349584192
7.89575911,0.01271076523994812
7.89588547,0.014602883955138476
7.89595056,0.012649729152361334
7.90996933,0.010681315327687495
7.9239881,0.012787060349431601
7.92409706,0.014602883955138476
7.92801237,0.012634470130464637
7.92816377,0.010650797283894103
7.92822933,0.012771801327534905
7.93345928,0.014663920042725261
7.93349791,0.012634470130464637
7.9409821,0.010650797283894103
7.94109344,0.012695506218051423
7.94116044,0.014602883955138476
7.95353675,0.012726024261844816
7.95357156,0.010666056305790799
7.97805214,0.012756542305638208
7.97818351,0.014648661020828565
7.97824764,0.012680247196154727
7.9805336,0.010696574349584192
7.98596025,0.012726024261844816
7.9860692,0.014618142977035172
7.99197125,0.01266498817425803
7.99208212,0.010742351415274281
7.99214888,0.012726024261844816
7.99783802,0.014557106889448387
7.9979229,0.012619211108567941
8.02170563,0.010666056305790799
8.02183366,0.012695506218051423
8.02189994,0.014648661020828565
8.02195907,0.012680247196154727
8.02201581,0.01062027924010071
8.03674769,0.01266498817425803
8.03682709,0.014602883955138476
8.03685904,0.012726024261844816
8.03688812,0.010681315327687495
8.04401493,0.012695506218051423
8.0441246,0.014572365911345083
8.05698824,0.01266498817425803
8.05711389,0.010696574349584192
8.05718112,0.01266498817425803
8.06612039,0.014602883955138476
8.06623077,0.012726024261844816
8.08009052,0.010681315327687495
8.08021808,0.012695506218051423
8.08028412,0.014602883955138476
8.10290384,0.012756542305638208
8.10302949,0.010650797283894103
8.10493088,0.012695506218051423
8.10505676,0.014648661020828565
8.10512447,0.012787060349431601
8.10518646,0.010711833371480888
8.11078954,0.01266498817425803
8.1108737,0.014724956130312047
8.12512183,0.012863355458915083
8.12524939,0.010727092393377585
8.12531543,0.01254291599908446
8.13098621,0.014465552758068208
8.13109565,0.012634470130464637
8.15504289,0.010650797283894103
8.15517402,0.012619211108567941
8.15523958,0.014618142977035172
8.17148471,0.012756542305638208
8.17151213,0.010742351415274281
8.17153502,0.012695506218051423
8.17155695,0.014602883955138476
8.17158008,0.012787060349431601
8.19145608,0.010650797283894103
8.19147992,0.012588693064774548
8.19149828,0.014602883955138476
8.19151688,0.012680247196154727
8.20046711,0.010711833371480888
8.20049119,0.012619211108567941
8.20697641,0.014618142977035172
8.20708537,0.01283283741512169
8.21194386,0.010696574349584192
8.21206999,0.012603952086671245
8.21213794,0.014618142977035172
8.22598624,0.01287861448081178
8.2260952,0.010727092393377585
8.23995495,0.012619211108567941
8.24008226,0.014557106889448387
8.24014711,0.012756542305638208
8.24020529,0.010681315327687495
8.24617386,0.012649729152361334
8.24628401,0.01458762493324178
8.25501704,0.01287861448081178
8.25514245,0.010650797283894103
8.25520992,0.012573434042877852
8.26800108,0.014663920042725261
8.26811051,0.012817578393224994
8.26817441,0.010711833371480888
8.28251481,0.012527656977187763
8.28254724,0.014602883955138476
8.29679561,0.01283283741512169
8.29690456,0.010650797283894103
8.29697204,0.012558175020981156
8.29703283,0.01458762493324178
8.29709387,0.012893873502708476
8.29714584,0.010681315327687495
8.31177282,0.012512397955291066
8.31188083,0.014602883955138476
8.32594442,0.012863355458915083
8.32607079,0.010711833371480888
8.32613754,0.012527656977187763
8.33494282,0.01458762493324178
8.33505487,0.012848096437018387
8.34794259,0.010711833371480888
8.34806943,0.012512397955291066
8.34813404,0.01458762493324178
8.36183667,0.01287861448081178
8.36194563,0.010681315327687495
8.36391592,0.012512397955291066
8.36404347,0.014496070801861601
8.36411023,0.012863355458915083
8.36426783,0.010635538261997406
8.37698936,0.012466620889600977
8.3770988,0.01454184786755169
8.39197874,0.01283283741512169
8.39208865,0.010681315327687495
8.39215231,0.012420843823910887
8.40557027,0.014557106889448387
8.40563846,0.012848096437018387
8.40567827,0.010681315327687495
8.41871762,0.01249713893339437
8.41874981,0.014526588845654994
8.42046642,0.01287861448081178
8.42052293,0.010635538261997406
8.43682384,0.012466620889600977
8.43698239,0.01458762493324178
8.43704772,0.01287861448081178
8.43710828,0.010635538261997406
8.44357562,0.012466620889600977
8.44364548,0.014572365911345083
8.45798564,0.01297016861219196
8.45811343,0.010696574349584192
8.45818305,0.012527656977187763
8.48184848,0.014602883955138476
8.4819572,0.012893873502708476
8.48202229,0.010742351415274281
8.4820807,0.012481879911497674
8.48213768,0.01458762493324178
8.48555708,0.012909132524605172
8.48559046,0.010666056305790799
8.50805211,0.012512397955291066
8.50818467,0.014572365911345083
8.50824857,0.012985427634088656
8.50830865,0.010696574349584192
8.51695228,0.012512397955291066
8.51705813,0.014648661020828565
8.54078794,0.012939650568398567
8.54093981,0.010742351415274281
8.54100776,0.012436102845807583
8.54106903,0.014618142977035172
8.54112601,0.013000686655985352
8.54308963,0.010742351415274281
8.54320145,0.01240558480201419
8.5432663,0.014557106889448387
8.55354357,0.013000686655985352
8.55357766,0.010757610437170977
8.56600404,0.012451361867704281
8.5661149,0.014648661020828565
8.56617999,0.012985427634088656
8.57998204,0.010681315327687495
8.58825707,0.012466620889600977
8.58840895,0.014572365911345083
8.59663606,0.013000686655985352
8.59670901,0.010650797283894103
8.59674954,0.01240558480201419
8.59856033,0.01458762493324178
8.59859324,0.013000686655985352
8.61205935,0.010711833371480888
8.61218596,0.012390325780117494
8.61225271,0.014618142977035172
8.61782098,0.013031204699778745
8.61793709,0.010666056305790799
8.64304662,0.012375066758220797
8.64317489,0.01458762493324178
8.64323997,0.013031204699778745
8.64330077,0.010772869459067674
8.64708591,0.012344548714427405
8.64719748,0.01454184786755169
8.65594387,0.012985427634088656
8.6560545,0.010696574349584192
8.65611887,0.012375066758220797
8.66997337,0.014572365911345083
8.67008638,0.013031204699778745
8.67015076,0.010696574349584192
8.67462015,0.012344548714427405
8.67466569,0.01458762493324178
8.69780254,0.013000686655985352
8.69788933,0.010696574349584192
8.70276713,0.012359807736324101
8.70285177,0.014557106889448387
8.70289087,0.013076981765468834
8.70294356,0.010696574349584192
8.71191311,0.01240558480201419
8.71202826,0.01458762493324178
8.72594166,0.013031204699778745
8.72608423,0.010711833371480888
8.72615051,0.012329289692530708
8.73103261,0.014557106889448387
8.73114705,0.013076981765468834
8.7449007,0.010757610437170977
8.74503589,0.012390325780117494
8.74510574,0.014572365911345083
8.75796056,0.01309224078736553
8.75807548,0.010727092393377585
8.77200031,0.012314030670634012
8.77215552,0.014572365911345083
8.77222395,0.013076981765468834
8.77228355,0.010757610437170977
8.77705622,0.01228351262684062
8.77718568,0.014557106889448387
8.77725005,0.013031204699778745
8.79353237,0.010742351415274281
8.7935617,0.012329289692530708
8.79998493,0.01454184786755169
8.80009317,0.013107499809262227
8.8229053,0.010742351415274281
8.82303047,0.012252994583047227
8.82309866,0.01458762493324178
8.82493687,0.013107499809262227
8.82505178,0.010742351415274281
8.83799744,0.012329289692530708
8.83814788,0.01454184786755169
8.83821392,0.013107499809262227
8.83827496,0.010757610437170977
8.84497094,0.012298771648737316
8.84509206,0.01454184786755169
8.85801196,0.013107499809262227
8.85816383,0.010696574349584192
8.85822988,0.012252994583047227
8.8719883,0.01454184786755169
8.87209797,0.013183794918745708
8.87216377,0.010711833371480888
8.885499,0.012329289692530708
8.88553047,0.014572365911345083
8.89501476,0.013214312962539101
8.89512515,0.010818646524757763
8.89994097,0.012359807736324101
8.9000659,0.01454184786755169
8.9001317,0.013015945677882048
8.90019393,0.010559243152513925
8.91098714,0.012054627298390174
8.91109824,0.014450293736171512
8.91116285,0.013153276874952316
8.92350411,0.010757610437170977
8.92353725,0.012298771648737316
8.95005465,0.01458762493324178
8.95018697,0.013168535896849012
8.95801306,0.010742351415274281
8.95816541,0.012268253604943923
8.95823169,0.014557106889448387
8.95829248,0.013229571984435798
8.9583497,0.010757610437170977
8.95842028,0.012176699473563745
8.98248529,0.014526588845654994
8.98250723,0.013199053940642405
8.98252511,0.010772869459067674
8.99199724,0.01223773556115053
8.99210668,0.014572365911345083
8.99217224,0.013199053940642405
8.99223518,0.010757610437170977
8.99229503,0.012268253604943923
8.99848032,0.014526588845654994
8.99850273,0.01326009002822919
9.02076149,0.010742351415274281
9.02087402,0.012161440451667048
9.02093935,0.01454184786755169
9.02099752,0.013229571984435798
9.02105427,0.010772869459067674
9.03076363,0.012191958495460441
9.03087568,0.014602883955138476
9.03093958,0.013244831006332494
9.03100204,0.010696574349584192
9.04574394,0.012161440451667048
9.04585314,0.01454184786755169
9.05382037,0.01326009002822919
9.05393028,0.010803387502861066
9.05399442,0.012161440451667048
9.07949114,0.01454184786755169
9.07951593,0.01330586709391928
9.08302379,0.010757610437170977
9.08313632,0.012176699473563745
9.08320117,0.014572365911345083
9.09346747,0.013336385137712672
9.09349632,0.010757610437170977
9.10002422,0.012146181429770352
9.10019445,0.014526588845654994
9.10464883,0.013290608072022583
9.10476995,0.010803387502861066
9.11100578,0.012100404364080263
9.11111379,0.014496070801861601
9.1249783,0.01330586709391928
9.12510443,0.010727092393377585
9.12517214,0.012146181429770352
9.13799381,0.01454184786755169
9.13810182,0.01330586709391928
9.14703608,0.010757610437170977
9.14714622,0.012100404364080263
9.14721084,0.014496070801861601
9.15352893,0.01326009002822919
9.15356302,0.01078812848096437
9.16681623,0.012100404364080263
9.16694593,0.014496070801861601
9.16701245,0.013275349050125887
9.16707134,0.010727092393377585
9.17779851,0.012085145342183566
9.1778605,0.01454184786755169
9.20174766,0.01326009002822919
9.20189667,0.010772869459067674
9.20193434,0.012054627298390174
9.20196342,0.014480811779964905
9.2019918,0.013336385137712672
9.20789695,0.010742351415274281
9.20802498,0.012039368276493477
9.20809174,0.014480811779964905
9.22193933,0.013336385137712672
9.22204828,0.010742351415274281
9.22877407,0.012024109254596781
9.22888517,0.014526588845654994
9.22894907,0.013336385137712672
9.2349503,0.010818646524757763
9.24794769,0.012085145342183566
9.24805713,0.014480811779964905
9.26190805,0.013366903181506065
9.26203465,0.010757610437170977
9.26210165,0.012039368276493477
9.26797366,0.014496070801861601
9.26808357,0.013366903181506065
9.27690935,0.010666056305790799
9.27703619,0.012008850232700085
9.27710199,0.014480811779964905
9.29095435,0.013366903181506065
9.29106283,0.010772869459067674
9.29112864,0.012054627298390174
9.30353427,0.014480811779964905
9.30356717,0.013351644159609368
9.30593967,0.010833905546654459
9.33076048,0.011978332188906692
9.33086991,0.014526588845654994
9.33972144,0.013382162203402761
9.3398478,0.010818646524757763
9.33991551,0.011978332188906692
9.3399756,0.014465552758068208
9.34003258,0.013397421225299458
9.36284685,0.010742351415274281
9.36300325,0.011963073167009996
9.36306953,0.014511329823758298
9.36492014,0.013397421225299458
9.36502957,0.010742351415274281
9.37283635,0.011917296101319905
9.37300444,0.014496070801861601
9.37309003,0.013427939269092852
9.37315059,0.010757610437170977
9.38294864,0.011932555123216601
9.38305926,0.014450293736171512
9.40667653,0.013443198290989548
9.40680146,0.010772869459067674
9.40687251,0.011963073167009996
9.40697002,0.014480811779964905
9.40706944,0.013397421225299458
9.40713,0.010757610437170977
9.40719128,0.011963073167009996
9.40730929,0.014450293736171512
9.42218685,0.013443198290989548
9.42229652,0.010742351415274281
9.42772365,0.011917296101319905
9.42783403,0.014480811779964905
9.4278996,0.013427939269092852
9.4349463,0.010772869459067674
9.45790648,0.011978332188906692
9.45801425,0.014480811779964905
9.45807981,0.013488975356679637
9.45813918,0.010803387502861066
9.45819497,0.011902037079423208
9.46791101,0.014480811779964905
9.46801901,0.01351949340047303
9.47691703,0.010757610437170977
9.47704339,0.011917296101319905
9.47710943,0.014480811779964905
9.48590207,0.013443198290989548
9.48598933,0.01078812848096437
9.48602843,0.011978332188906692
9.5025022,0.014465552758068208
9.50252295,0.013504234378576334
9.51314282,0.010818646524757763
9.5220387,0.011871519035629816
9.52216816,0.014496070801861601
9.52796721,0.01351949340047303
9.52812123,0.010879682612344548
9.5281899,0.011841000991836423
9.5329926,0.014435034714274816
9.53310227,0.013488975356679637
9.54199862,0.010772869459067674
9.54215074,0.011902037079423208
9.54221988,0.014435034714274816
9.56501269,0.013488975356679637
9.56514239,0.010833905546654459
9.56520724,0.011825741969939726
9.56861591,0.014465552758068208
9.56864691,0.013504234378576334
9.56867456,0.010803387502861066
9.57809639,0.011871519035629816
9.5782268,0.014480811779964905
9.59201264,0.01351949340047303
9.59214425,0.01078812848096437
9.59220886,0.01185626001373312
9.59795046,0.014480811779964905
9.59805918,0.01351949340047303
9.61190271,0.010864423590447852
9.61202812,0.01181048294804303
9.61209536,0.014450293736171512
9.63581061,0.013580529488059816
9.63589668,0.010772869459067674
9.63592839,0.011841000991836423
9.63595843,0.014465552758068208
9.63598633,0.01351949340047303
9.63601398,0.010818646524757763
9.64593816,0.011841000991836423
9.64603186,0.014435034714274816
9.65501165,0.013550011444266423
9.65512252,0.010864423590447852
9.65518856,0.011841000991836423
9.66261268,0.014480811779964905
9.66264439,0.013641565575646601
9.68683219,0.010864423590447852
9.6869638,0.011886778057526512
9.68703318,0.014435034714274816
9.68709373,0.013397421225299458
9.68715072,0.01062027924010071
9.7016058,0.01168841077286946
9.70167875,0.014358739604791332
9.70171928,0.013580529488059816
9.70175552,0.010879682612344548
9.71177077,0.011795223926146334
9.71183372,0.01441977569237812
9.72098899,0.013611047531853208
9.72110033,0.010803387502861066
9.72116852,0.011749446860456245
9.74650192,0.014450293736171512
9.74652886,0.01351949340047303
9.74654794,0.01078812848096437
9.7465663,0.011795223926146334
9.74658442,0.014389257648584725
9.76050711,0.013611047531853208
9.76052928,0.010757610437170977
9.76795959,0.011749446860456245
9.76806974,0.014450293736171512
9.76972938,0.013626306553749905
9.76978827,0.010803387502861066
9.78297949,0.011749446860456245
9.78308964,0.014465552758068208
9.79702067,0.013641565575646601
9.79717374,0.010833905546654459
9.7972405,0.011749446860456245
9.82085371,0.014404516670481423
9.8209846,0.013626306553749905
9.82104897,0.010910200656137941
9.82108688,0.011734187838559548
9.82111502,0.014450293736171512
9.84583044,0.013702601663233387
9.84593868,0.010910200656137941
9.84601879,0.011749446860456245
9.84610534,0.014450293736171512
9.84616709,0.013702601663233387
9.84622383,0.010833905546654459
9.84798241,0.011764705882352941
9.84809303,0.014465552758068208
9.86198092,0.013672083619439994
9.86209035,0.010879682612344548
9.86215353,0.011673151750972763
9.87852502,0.014435034714274816
9.87855887,0.01368734264133669
9.88197923,0.01078812848096437
9.88208985,0.011673151750972763
9.88215637,0.014450293736171512
9.88752961,0.01368734264133669
9.88755274,0.010864423590447852
9.89696407,0.011734187838559548
9.8970902,0.01441977569237812
9.89715695,0.01368734264133669
9.90198469,0.010879682612344548
9.91599393,0.01168841077286946
9.91610479,0.014435034714274816
9.9161706,0.013748378728923476
9.93851042,0.010818646524757763
9.93853855,0.01164263370717937
9.94077897,0.014404516670481423
9.94089007,0.013656824597543298
9.94095683,0.010818646524757763
9.9410162,0.011657892729076066
9.94107556,0.014343480582894636
9.95604539,0.01368734264133669
9.95619035,0.010742351415274281
9.9562571,0.01164263370717937
9.97156096,0.014358739604791332
9.97158551,0.013763637750820172
9.97999763,0.010849164568551155
9.98010516,0.011612115663385977
9.98017049,0.014404516670481423
9.99303126,0.013717860685130083
9.9931891,0.010894941634241245
9.99325633,0.011596856641489281
10.00257277,0.014373998626688029
10.00260615,0.013702601663233387
10.01006269,0.010864423590447852
10.01019406,0.011673151750972763
10.01025987,0.014404516670481423
10.02255368,0.013809414816510261
10.02258658,0.010894941634241245
10.03701591,0.011612115663385977
10.03717399,0.014404516670481423
10.03724122,0.013778896772716868
10.04307079,0.010864423590447852
10.05707693,0.011673151750972763
10.05720663,0.014435034714274816
10.05727315,0.013824673838406958
10.05733228,0.010925459678034637
10.05742359,0.011551079575799192
10.0658524,0.014404516670481423
10.06589985,0.013809414816510261
10.07509923,0.010940718699931334
10.07523155,0.011612115663385977
10.07529593,0.014404516670481423
10.08809161,0.013809414816510261
10.08822131,0.010940718699931334
10.11201477,0.011657892729076066
10.11216688,0.014373998626688029
10.11223316,0.013824673838406958
10.11229324,0.010925459678034637
10.1213305,0.011566338597695888
10.12148976,0.014373998626688029
10.12608671,0.01385519188220035
10.12623978,0.010894941634241245
10.12630558,0.011627374685282674
10.13513088,0.01441977569237812
10.13526201,0.013794155794613565
10.14303994,0.010910200656137941
10.14319396,0.011612115663385977
10.14326096,0.014389257648584725
10.15705895,0.013824673838406958
10.15716791,0.010925459678034637
10.15723348,0.011551079575799192
10.18051767,0.014373998626688029
10.18054628,0.013885709925993743
10.18056464,0.010894941634241245
10.19485617,0.011566338597695888
10.19495773,0.014435034714274816
10.1949892,0.013794155794613565
10.19501901,0.010849164568551155
10.1950469,0.011596856641489281
10.20852733,0.014404516670481423
10.20855713,0.01385519188220035
10.21121979,0.010925459678034637
10.21135163,0.011505302510109103
10.21145391,0.014343480582894636
10.2335031,0.013839932860303654
10.23353171,0.010925459678034637
10.23594451,0.011520561532005799
10.23608541,0.014358739604791332
10.23615265,0.013870450904097047
10.23621321,0.010864423590447852
10.24507666,0.011566338597695888
10.24520802,0.014343480582894636
10.25794911,0.01390096894789044
10.25807524,0.010940718699931334
10.25814366,0.011505302510109103
10.26318431,0.014358739604791332
10.26329374,0.013885709925993743
10.27689862,0.010910200656137941
10.27703643,0.011490043488212406
10.27710247,0.014389257648584725
10.30050874,0.013916227969787138
10.30053878,0.010879682612344548
10.30055761,0.011535820553902495
10.30057621,0.014404516670481423
10.30059385,0.01394674601358053
10.30061221,0.010986495765621425
10.3109684,0.011535820553902495
10.31107664,0.014358739604791332
10.31989884,0.013962005035477227
10.3200531,0.010940718699931334
10.32012272,0.011505302510109103
10.3315959,0.014251926451514458
10.33163404,0.013916227969787138
10.34607291,0.010864423590447852
10.34620523,0.01142900740062562
10.34626985,0.014343480582894636
10.360008,0.01390096894789044
10.36011696,0.010772869459067674
10.36595654,0.01142900740062562
10.36608315,0.01432822156099794
10.36614966,0.013977264057373923
10.36620951,0.010910200656137941
10.37985945,0.01147478446631571
10.37999606,0.014389257648584725
10.38802314,0.013977264057373923
10.38817573,0.010940718699931334
10.38824201,0.011444266422522316
10.41145205,0.014343480582894636
10.41147709,0.013977264057373923
10.41658711,0.011001754787518121
10.41666698,0.011444266422522316
10.41672754,0.014312962539101243
10.42271519,0.013962005035477227
10.42278361,0.010940718699931334
10.42995095,0.011444266422522316
10.43007684,0.01432822156099794
10.43014431,0.013962005035477227
10.43599582,0.010986495765621425
10.4437995,0.01142900740062562
10.44388914,0.014297703517204547
10.45792413,0.014038300144960708
10.45803666,0.011032272831311514
10.45810175,0.011490043488212406
10.47198629,0.014358739604791332
10.47209501,0.014084077210650798
10.48579121,0.010925459678034637
10.48589873,0.01126115815976196
10.48593068,0.014221408407721065
10.48596001,0.01390096894789044
10.48598838,0.010925459678034637
10.50081372,0.01147478446631571
10.50096798,0.014373998626688029
10.5010345,0.014068818188754101
10.50109696,0.01104753185320821
10.51599741,0.011413748378728923
10.51610518,0.014358739604791332
10.51617002,0.014053559166857405
10.5285821,0.010940718699931334
10.52862,0.01138323033493553
10.54293013,0.014358739604791332
10.54306149,0.014007782101167316
10.54489136,0.010940718699931334
10.54502034,0.011444266422522316
10.54508758,0.014312962539101243
10.55303049,0.014053559166857405
10.55316639,0.010833905546654459
10.55323124,0.01138323033493553
10.57686567,0.014343480582894636
10.57699418,0.014068818188754101
10.57705951,0.010986495765621425
10.59207129,0.011367971313038834
10.5921998,0.01432822156099794
10.60601878,0.014068818188754101
10.60617328,0.010986495765621425
10.60624003,0.011398489356832226
10.60630035,0.014435034714274816
10.6063571,0.014038300144960708
10.62961912,0.011001754787518121
10.62970591,0.011337453269245441
10.62976551,0.014312962539101243
10.63512993,0.01411459525444419
10.63525772,0.011001754787518121
10.63532305,0.011291676203555352
10.63542557,0.01416037232013428
10.63548541,0.01411459525444419
10.64113283,0.011001754787518121
10.64798903,0.011276417181658656
10.64809895,0.014358739604791332
10.66200399,0.01411459525444419
10.66213179,0.01095597772182803
10.66219926,0.01126115815976196
10.68584251,0.014297703517204547
10.68592787,0.01416037232013428
10.68596554,0.011017013809414817
10.68600178,0.011276417181658656
10.68602991,0.014343480582894636
10.68825769,0.014099336232547494
10.68839359,0.011017013809414817
10.7017796,0.011352712291142137
10.70192313,0.01432822156099794
10.70196414,0.014129854276340887
10.70200276,0.011032272831311514
10.71173286,0.011291676203555352
10.71179533,0.014297703517204547
10.71182728,0.014129854276340887
10.72852778,0.011017013809414817
10.72856021,0.011276417181658656
10.73977995,0.014251926451514458
10.73989105,0.014099336232547494
10.73995566,0.011001754787518121
10.74001646,0.01126115815976196
10.74007463,0.014251926451514458
10.75506449,0.014129854276340887
10.75519824,0.010757610437170977
10.76771188,0.01126115815976196
10.76778746,0.01428244449530785
10.76781845,0.014129854276340887
10.76993942,0.01104753185320821
10.79278445,0.011245899137865263
10.79286885,0.014251926451514458
10.79496026,0.014175631342030976
10.79511213,0.011032272831311514
10.79518032,0.011078049897001603
10.80305696,0.014297703517204547
10.80319166,0.014206149385824368
10.81002474,0.011078049897001603
10.81017852,0.01126115815976196
10.8102479,0.01432822156099794
10.82265687,0.014221408407721065
10.82274389,0.011032272831311514
10.82981873,0.011291676203555352
10.82994533,0.014297703517204547
10.83001208,0.014175631342030976
10.84297919,0.011017013809414817
10.85679555,0.011245899137865263
10.85690331,0.01428244449530785
10.85696936,0.014175631342030976
10.85702419,0.011078049897001603
10.85705376,0.011245899137865263
10.86459851,0.014236667429617761
10.86463118,0.01428244449530785
10.87706661,0.011093308918898299
10.87719846,0.011276417181658656
10.87726188,0.014297703517204547
10.88856483,0.014206149385824368
10.88861036,0.011062790875104906
10.90969968,0.011230640115968566
10.90979481,0.014221408407721065
10.90983438,0.014206149385824368
10.91759586,0.011139085984588388
10.91762996,0.011245899137865263
10.91765833,0.014221408407721065
10.93202138,0.014190890363927672
10.93214726,0.011062790875104906
10.93221354,0.011230640115968566
10.946064,0.01411459525444419
10.94618726,0.014236667429617761
10.94625235,0.011062790875104906
10.94631243,0.011245899137865263
10.94640708,0.01428244449530785
10.95774746,0.014221408407721065
10.95785761,0.011032272831311514
10.97193885,0.01126115815976196
10.97206616,0.01428244449530785
10.97213387,0.014251926451514458
10.98070931,0.011001754787518121
10.99476433,0.011200122072175174
10.9948566,0.014297703517204547
10.9948957,0.014221408407721065
10.9949317,0.011078049897001603
10.99496675,0.011139085984588388
11.00756288,0.014221408407721065
11.00760198,0.014267185473411154
11.00762868,0.011032272831311514
11.00765419,0.011200122072175174
11.00768018,0.014236667429617761
11.01749945,0.014236667429617761
11.0175221,0.011062790875104906
11.0318234,0.011169604028381781
11.03195047,0.01428244449530785
11.03201795,0.014297703517204547
11.03389335,0.011108567940794995
11.05686927,0.011169604028381781
11.05699658,0.014221408407721065
11.05706048,0.01428244449530785
11.05712605,0.011154345006485085
11.05718422,0.011169604028381781
11.06649947,0.01428244449530785
11.06654072,0.01432822156099794
11.0759747,0.011032272831311514
11.07608581,0.011200122072175174
11.07615113,0.014236667429617761
11.08549571,0.014312962539101243
11.08553004,0.011139085984588388
11.09802198,0.011200122072175174
11.09815001,0.014251926451514458
11.09821558,0.014312962539101243
11.11196876,0.011169604028381781
11.12104845,0.011154345006485085
11.12117767,0.01428244449530785
11.12975574,0.014343480582894636
11.12988138,0.011078049897001603
11.12994814,0.011154345006485085
11.13000679,0.014175631342030976
11.13006377,0.014312962539101243
11.14500856,0.011139085984588388
11.14516425,0.011154345006485085
11.14522982,0.01416037232013428
11.15307307,0.014297703517204547
11.15320587,0.011123826962691692
11.1766808,0.011139085984588388
11.1767838,0.014206149385824368
11.17681646,0.014343480582894636
11.17684603,0.011108567940794995
11.17687416,0.011123826962691692
11.17690182,0.014251926451514458
11.18671441,0.014465552758068208
11.18686891,0.011139085984588388
11.18693471,0.011108567940794995
11.21085238,0.01416037232013428
11.21093535,0.014297703517204547
11.2109673,0.011062790875104906
11.21099591,0.011078049897001603
11.21102357,0.014175631342030976
11.22610736,0.014343480582894636
11.22623754,0.011123826962691692
11.2401495,0.01104753185320821
11.24028015,0.014038300144960708
11.24034595,0.01432822156099794
11.240448,0.011169604028381781
11.24474955,0.011184863050278477
11.24484253,0.014221408407721065
11.25807071,0.014358739604791332
11.25818038,0.011169604028381781
11.25824785,0.011184863050278477
11.26624036,0.01428244449530785
11.26639819,0.014297703517204547
11.27993751,0.011017013809414817
11.28006411,0.010910200656137941
11.2801311,0.014068818188754101
11.29295993,0.014312962539101243
11.29308963,0.011123826962691692
11.30675387,0.010879682612344548
11.30688119,0.014206149385824368
11.30693555,0.014389257648584725
11.30696464,0.011139085984588388
11.30699229,0.01104753185320821
11.30701971,0.014236667429617761
11.32202697,0.014358739604791332
11.32217979,0.011123826962691692
11.32224631,0.01104753185320821
11.33098698,0.01416037232013428
11.33109593,0.014358739604791332
11.35488963,0.01121538109407187
11.35504174,0.01104753185320821
11.35510588,0.014129854276340887
11.35516763,0.01441977569237812
11.35522413,0.011184863050278477
11.36500359,0.011032272831311514
11.36515784,0.014175631342030976
11.36522388,0.014435034714274816
11.36528182,0.011139085984588388
11.38006926,0.011108567940794995
11.38019681,0.014190890363927672
11.38781142,0.014312962539101243
11.38788581,0.011230640115968566
11.387918,0.01104753185320821
11.41152143,0.01416037232013428
11.41154432,0.014404516670481423
11.41156673,0.011169604028381781
11.41158533,0.010940718699931334
11.41160369,0.014175631342030976
11.42171192,0.014251926451514458
11.42181611,0.011154345006485085
11.43075299,0.01104753185320821
11.43088102,0.014175631342030976
11.43094611,0.014373998626688029
11.43100405,0.01121538109407187
11.44605589,0.011001754787518121
11.44618464,0.014190890363927672
11.45489812,0.014465552758068208
11.45500922,0.011230640115968566
11.45507836,0.011001754787518121
11.46956229,0.01416037232013428
11.46959305,0.014404516670481423
11.49201941,0.011200122072175174
11.49217153,0.011062790875104906
11.49223804,0.014221408407721065
11.50071979,0.014373998626688029
11.50077105,0.01126115815976196
11.50079894,0.011032272831311514
11.50082684,0.01416037232013428
11.50085402,0.014480811779964905
11.51499438,0.011230640115968566
11.52299881,0.01095597772182803
11.5231092,0.014175631342030976
11.53192854,0.014389257648584725
11.53205562,0.011062790875104906
11.53212142,0.010986495765621425
11.54606867,0.014145113298237583
11.54619694,0.01441977569237812
11.55503631,0.011062790875104906
11.5551672,0.010910200656137941
11.55523181,0.014099336232547494
11.56806779,0.014496070801861601
11.56819868,0.011169604028381781
11.56826496,0.010925459678034637
11.56832623,0.014038300144960708
11.56839705,0.014297703517204547
11.57571721,0.011169604028381781
11.57975101,0.011001754787518121
11.57986069,0.014129854276340887
11.5799253,0.014465552758068208
11.6045835,0.01121538109407187
11.6046164,0.010879682612344548
11.61296177,0.014129854276340887
11.61307454,0.014465552758068208
11.61313868,0.011276417181658656
11.61654544,0.010894941634241245
11.61656642,0.01411459525444419
11.62298298,0.014465552758068208
11.62309432,0.011078049897001603
11.62994218,0.010986495765621425
11.63006854,0.01411459525444419
11.63013315,0.014496070801861601
11.63583326,0.01126115815976196
11.64472222,0.010925459678034637
11.64479518,0.014084077210650798
11.6680727,0.014450293736171512
11.66820192,0.011230640115968566
11.66826892,0.010925459678034637
11.67000699,0.014129854276340887
11.6701355,0.014373998626688029
11.67605591,0.011230640115968566
11.67621231,0.011017013809414817
11.67627764,0.01411459525444419
11.68511415,0.014480811779964905
11.68524528,0.011322194247348745
11.69764543,0.010940718699931334
11.69772029,0.014068818188754101
11.69775295,0.014526588845654994
11.69998264,0.011200122072175174
11.72285676,0.010894941634241245
11.72298503,0.014068818188754101
11.72499752,0.014450293736171512
11.72512388,0.011123826962691692
11.72519088,0.010910200656137941
11.73304343,0.014053559166857405
11.73315525,0.014465552758068208
11.74202752,0.011291676203555352
11.74214005,0.010925459678034637
11.74220514,0.014053559166857405
11.7535665,0.014526588845654994
11.75360656,0.011306935225452048
11.76513267,0.010879682612344548
11.76528573,0.014099336232547494
11.76535821,0.014465552758068208
11.771595,0.01126115815976196
11.79486489,0.010925459678034637
11.79499269,0.014068818188754101
11.7950573,0.014511329823758298
11.79511619,0.011306935225452048
11.79517269,0.010925459678034637
11.79650688,0.014038300144960708
11.79654121,0.014496070801861601
11.81106877,0.011230640115968566
11.81120253,0.010864423590447852
11.81126881,0.014084077210650798
11.81861258,0.014435034714274816
11.81864858,0.011245899137865263
11.84293437,0.010940718699931334
11.8430655,0.014053559166857405
11.84313464,0.014496070801861601
11.84319448,0.011306935225452048
11.86686611,0.010910200656137941
11.86699128,0.014053559166857405
11.86702681,0.014480811779964905
11.86705542,0.011291676203555352
11.86708403,0.010833905546654459
11.88476014,0.014084077210650798
11.8848033,0.014526588845654994
11.88482332,0.01126115815976196
11.88484335,0.010879682612344548
11.88486242,0.01399252307927062
11.89650559,0.014480811779964905
11.89652658,0.011276417181658656
11.910887,0.010833905546654459
11.91097665,0.013962005035477227
11.9110167,0.014511329823758298
11.92650008,0.011306935225452048
11.92652249,0.010894941634241245
11.92654157,0.014023041123064012
11.92656016,0.014526588845654994
11.92657852,0.011154345006485085
11.92659664,0.010894941634241245
11.93960547,0.01399252307927062
11.93967175,0.014480811779964905
11.93970656,0.011352712291142137
11.93973827,0.010803387502861066
11.93976903,0.013977264057373923
11.95500541,0.014496070801861601
11.9551146,0.011291676203555352
11.96289515,0.010833905546654459
11.96299696,0.014068818188754101
11.96302867,0.014557106889448387
11.97660565,0.011367971313038834
11.98608971,0.010910200656137941
11.98621655,0.013962005035477227
11.99982023,0.014496070801861601
11.99997449,0.011352712291142137
12.00004196,0.010879682612344548
12.00009918,0.014023041123064012
12.00015664,0.014557106889448387
12.00988412,0.011291676203555352
12.00997901,0.010833905546654459
12.01001859,0.014053559166857405
12.02057433,0.014496070801861601
12.02061582,0.011352712291142137
12.03197622,0.010864423590447852
12.03208995,0.013977264057373923
12.03215528,0.014526588845654994
12.04554486,0.01138323033493553
12.05506325,0.010894941634241245
12.05517483,0.01399252307927062
12.05796146,0.01458762493324178
12.05807447,0.011352712291142137
12.05813932,0.010879682612344548
12.06954598,0.014084077210650798
12.06957889,0.014602883955138476
12.07597709,0.01126115815976196
12.07608795,0.010818646524757763
12.07615638,0.01385519188220035
12.08851147,0.014389257648584725
12.08853912,0.011337453269245441
12.10395885,0.010879682612344548
12.10409665,0.01399252307927062
12.1041646,0.014572365911345083
12.10422444,0.011459525444419012
12.12306786,0.010894941634241245
12.12319565,0.01399252307927062
12.13691711,0.01458762493324178
12.13709831,0.01138323033493553
12.1371634,0.010925459678034637
12.13722301,0.013916227969787138
12.13728023,0.014526588845654994
12.13733649,0.011413748378728923
12.15099335,0.010818646524757763
12.15110207,0.013977264057373923
12.1560185,0.014572365911345083
12.15612888,0.01138323033493553
12.15619707,0.010849164568551155
12.18150449,0.013931486991683834
12.18153548,0.01454184786755169
12.18155408,0.011398489356832226
12.18599772,0.010910200656137941
12.18610787,0.013977264057373923
12.19976807,0.014557106889448387
12.19989538,0.01138323033493553
12.19996166,0.010864423590447852
12.20002007,0.013931486991683834
12.20007658,0.014572365911345083
12.20810103,0.011398489356832226
12.2082119,0.010742351415274281
12.20827889,0.013962005035477227
12.22267127,0.014526588845654994
12.22271395,0.011413748378728923
12.2269814,0.010894941634241245
12.22709298,0.013962005035477227
12.22716141,0.01454184786755169
12.24248576,0.011459525444419012
12.25479865,0.010864423590447852
12.2549088,0.013931486991683834
12.25497508,0.014602883955138476
12.25503278,0.011398489356832226
12.25508928,0.010925459678034637
12.26845932,0.01399252307927062
12.26848793,0.014557106889448387
12.27094769,0.01142900740062562
12.27105975,0.010864423590447852
12.27112556,0.01394674601358053
12.2844913,0.01458762493324178
12.28452086,0.011490043488212406
12.29822087,0.010818646524757763
12.29833341,0.013916227969787138
12.29842401,0.01458762493324178
12.3124578,0.01147478446631571
12.32026815,0.010711833371480888
12.32042193,0.013977264057373923
12.32963133,0.014557106889448387
12.32973409,0.01142900740062562
12.32976675,0.010879682612344548
12.32979655,0.013870450904097047
12.32982421,0.01454184786755169
12.3450191,0.011413748378728923
12.34517384,0.010772869459067674
12.34524035,0.013870450904097047
12.35296726,0.01454184786755169
12.35309815,0.01142900740062562
12.36703444,0.01078812848096437
12.36718893,0.01394674601358053
12.3672545,0.01454184786755169
12.3808651,0.011413748378728923
12.3809948,0.010818646524757763
12.38105965,0.013870450904097047
12.39084625,0.014496070801861601
12.39097977,0.011505302510109103
12.39104557,0.01078812848096437
12.39850712,0.01385519188220035
12.39854908,0.01454184786755169
12.40796232,0.011459525444419012
12.4080739,0.010818646524757763
12.40813804,0.013916227969787138
12.43145657,0.014572365911345083
12.43147826,0.01147478446631571
12.44096851,0.010833905546654459
12.44108009,0.013916227969787138
12.44114661,0.01470969710841535
12.44120646,0.011505302510109103
12.45507288,0.01078812848096437
12.45520306,0.013839932860303654
12.47467542,0.014557106889448387
12.47476983,0.011444266422522316
12.47481036,0.010803387502861066
12.47492766,0.013839932860303654
12.47496414,0.014557106889448387
12.48783302,0.011490043488212406
12.48795891,0.010803387502861066
12.4880259,0.013839932860303654
12.49154425,0.01458762493324178
12.4915843,0.011520561532005799
12.50294733,0.010818646524757763
12.50307703,0.01385519188220035
12.50314426,0.014572365911345083
12.50320315,0.011520561532005799
12.52679086,0.010803387502861066
12.52688551,0.013885709925993743
12.52692628,0.014572365911345083
12.52696252,0.011551079575799192
12.52699733,0.010833905546654459
12.52995539,0.013794155794613565
12.5300858,0.01458762493324178
12.54506612,0.011551079575799192
12.54519796,0.010772869459067674
12.54526305,0.013794155794613565
12.55317831,0.01454184786755169
12.55328584,0.011520561532005799
12.57787395,0.010772869459067674
12.57802939,0.01385519188220035
12.57809854,0.01454184786755169
12.5781579,0.011535820553902495
12.5782156,0.010879682612344548
12.57826734,0.013763637750820172
12.58795738,0.014557106889448387
12.58811235,0.011535820553902495
12.58817983,0.010757610437170977
12.60207057,0.013824673838406958
12.60219908,0.014572365911345083
12.60697842,0.011535820553902495
12.60710621,0.010772869459067674
12.60717225,0.01385519188220035
12.63088655,0.01458762493324178
12.63097858,0.011551079575799192
12.63804483,0.010879682612344548
12.63817811,0.013778896772716868
12.63824606,0.014557106889448387
12.63830876,0.011596856641489281
12.64297891,0.01078812848096437
12.64308715,0.013809414816510261
12.65698671,0.014572365911345083
12.65709829,0.011520561532005799
12.65716553,0.010803387502861066
12.66333628,0.013794155794613565
12.66351581,0.014572365911345083
12.67694521,0.011551079575799192
12.67705703,0.010833905546654459
12.67712259,0.013794155794613565
12.69050956,0.014496070801861601
12.69055796,0.011566338597695888
12.70511556,0.010772869459067674
12.70522976,0.013748378728923476
12.7052958,0.01458762493324178
12.70535684,0.011551079575799192
12.70975542,0.010757610437170977
12.70982933,0.013748378728923476
12.72297454,0.014572365911345083
12.72310138,0.011596856641489281
12.72316813,0.01078812848096437
12.73215508,0.013748378728923476
12.732265,0.01454184786755169
12.75606275,0.011566338597695888
12.75619388,0.010772869459067674
12.75625896,0.01373311970702678
12.770082,0.014618142977035172
12.77021217,0.011596856641489281
12.7779758,0.010742351415274281
12.77813101,0.01373311970702678
12.778198,0.014526588845654994
12.77825809,0.011612115663385977
12.79210663,0.010772869459067674
12.79224038,0.013748378728923476
12.80105615,0.01458762493324178
12.80121136,0.011596856641489281
12.80127788,0.01078812848096437
12.80133796,0.013748378728923476
12.80142355,0.014618142977035172
12.8097446,0.011657892729076066
12.80985904,0.010711833371480888
12.80989933,0.013717860685130083
12.83319616,0.01454184786755169
12.83332586,0.01164263370717937
12.84218979,0.010803387502861066
12.8423183,0.013763637750820172
12.84240317,0.014602883955138476
12.84246469,0.011673151750972763
12.85102701,0.01078812848096437
12.85113859,0.013794155794613565
12.85625815,0.014663920042725261
12.8564136,0.011718928816662852
12.85648012,0.010803387502861066
12.86371803,0.01368734264133669
12.86376286,0.014465552758068208
12.87597132,0.011505302510109103
12.87608361,0.010681315327687495
12.87614965,0.013641565575646601
12.89885974,0.014602883955138476
12.89889765,0.01168841077286946
12.90091348,0.010742351415274281
12.90105438,0.01373311970702678
12.901124,0.014648661020828565
12.9011848,0.01168841077286946
12.91378164,0.010727092393377585
12.91385078,0.013702601663233387
12.9199326,0.014557106889448387
12.92006016,0.01168841077286946
12.92012691,0.010757610437170977
12.93268895,0.013702601663233387
12.93278384,0.014572365911345083
12.94197345,0.011718928816662852
12.94208241,0.010696574349584192
12.94214988,0.013672083619439994
12.96552563,0.014648661020828565
12.96555662,0.01164263370717937
12.96558142,0.010742351415274281
12.96560478,0.013702601663233387
12.96562791,0.01454184786755169
12.96565056,0.01168841077286946
12.98106837,0.010757610437170977
12.98119807,0.01368734264133669
12.98589897,0.014602883955138476
12.98602557,0.011718928816662852
12.98609233,0.010742351415274281
13.0025239,0.013656824597543298
13.00254846,0.01458762493324178
13.02305889,0.01168841077286946
13.02319002,0.010772869459067674
13.02325511,0.01373311970702678
13.03255153,0.014602883955138476
13.03259706,0.011673151750972763
13.04097652,0.010711833371480888
13.04109001,0.013626306553749905
13.04115438,0.014602883955138476
13.0412147,0.011718928816662852
13.05007553,0.010742351415274281
13.05020452,0.013672083619439994
13.05598211,0.014602883955138476
13.05609512,0.011749446860456245
13.05615997,0.010742351415274281
13.07046342,0.013702601663233387
13.07049584,0.014618142977035172
13.09306645,0.011734187838559548
13.09319949,0.010742351415274281
13.09326911,0.013595788509956512
13.10170579,0.014602883955138476
13.10175681,0.011718928816662852
13.11582851,0.010803387502861066
13.11596131,0.013626306553749905
13.11602712,0.01458762493324178
13.11608601,0.011703669794766156
13.11614513,0.010757610437170977
13.11620116,0.013626306553749905
13.11626101,0.01454184786755169
13.1304884,0.011764705882352941
13.13051939,0.010711833371480888
13.13598561,0.013641565575646601
13.13610506,0.01458762493324178
13.13617015,0.011795223926146334
13.1485126,0.010772869459067674
13.14854193,0.013626306553749905
13.16398954,0.014572365911345083
13.16409922,0.011657892729076066
13.16416359,0.010757610437170977
13.16422415,0.013580529488059816
13.16428185,0.01458762493324178
13.16984916,0.011734187838559548
13.17803836,0.010696574349584192
13.17815161,0.013595788509956512
13.20181227,0.014572365911345083
13.20196438,0.011764705882352941
13.20203066,0.010696574349584192
13.20209098,0.013611047531853208
13.2021482,0.014648661020828565
13.21306348,0.011718928816662852
13.21319175,0.010742351415274281
13.21325731,0.013641565575646601
13.2220037,0.014602883955138476
13.22211361,0.011841000991836423
13.23086047,0.010757610437170977
13.23097205,0.013580529488059816
13.23104119,0.014618142977035172
13.23110151,0.011871519035629816
13.24500179,0.010772869459067674
13.24513054,0.013595788509956512
13.26771736,0.014679179064621958
13.26790714,0.011749446860456245
13.26799035,0.010711833371480888
13.27078271,0.013580529488059816
13.27091122,0.014572365911345083
13.27097487,0.01181048294804303
13.27103424,0.010681315327687495
13.27109051,0.01351949340047303
13.2859714,0.014648661020828565
13.28608918,0.011795223926146334
13.29998732,0.010711833371480888
13.30014372,0.01356527046616312
13.30020928,0.014618142977035172
13.30163383,0.011841000991836423
13.32583284,0.010711833371480888
13.32596159,0.013595788509956512
13.32602715,0.014648661020828565
13.326087,0.011902037079423208
13.32614541,0.010742351415274281
13.33318186,0.013504234378576334
13.3332932,0.014572365911345083
13.33339953,0.011825741969939726
13.34357381,0.010696574349584192
13.34361553,0.01356527046616312
13.35604501,0.014648661020828565
13.3561573,0.01181048294804303
13.35622525,0.010696574349584192
13.36858487,0.013504234378576334
13.36862493,0.014648661020828565
13.3752265,0.01185626001373312
13.38803482,0.010772869459067674
13.38816476,0.013427939269092852
13.40477824,0.01458762493324178
13.40494561,0.011841000991836423
13.40501189,0.010666056305790799
13.40507054,0.01351949340047303
13.40512943,0.014602883955138476
13.40692306,0.011871519035629816
13.4070735,0.010833905546654459
13.40713978,0.013473716334782941
13.42153287,0.014602883955138476
13.42159247,0.011886778057526512
13.44481182,0.010772869459067674
13.44494843,0.01351949340047303
13.44499111,0.014633401998931869
13.4450202,0.011932555123216601
13.44504809,0.010727092393377585
13.44507551,0.013504234378576334
13.45503831,0.014663920042725261
13.45517063,0.011902037079423208
13.45523524,0.010833905546654459
13.46807551,0.013473716334782941
13.4682045,0.014572365911345083
13.47294307,0.011917296101319905
13.47317314,0.010681315327687495
13.47324133,0.013458457312886245
13.4896419,0.01458762493324178
13.48967218,0.011886778057526512
13.51087379,0.010681315327687495
13.51103139,0.013458457312886245
13.51109028,0.014618142977035172
13.51112914,0.01185626001373312
13.5111661,0.010711833371480888
13.51120067,0.013458457312886245
13.52303004,0.014557106889448387
13.52318072,0.011993591210803388
13.52324653,0.010681315327687495
13.5371933,0.013458457312886245
13.53732467,0.014618142977035172
13.53741336,0.011932555123216601
13.54299283,0.010650797283894103
13.54310226,0.013443198290989548
13.56685638,0.014602883955138476
13.56698489,0.011947814145113297
13.56705022,0.010742351415274281
13.56711268,0.013488975356679637
13.56716752,0.01458762493324178
13.56719875,0.011947814145113297
13.57702303,0.010772869459067674
13.5771513,0.013427939269092852
13.59105802,0.014648661020828565
13.59118938,0.011978332188906692
13.59125447,0.010666056305790799
13.59998655,0.013382162203402761
13.60009646,0.01458762493324178
13.6228292,0.011932555123216601
13.6229589,0.010727092393377585
13.62302661,0.013504234378576334
13.62308574,0.014663920042725261
13.62314248,0.012146181429770352
13.63788581,0.010757610437170977
13.63801336,0.013427939269092852
13.63808012,0.014618142977035172
13.63989091,0.011871519035629816
13.64580107,0.010589761196307317
13.64586616,0.013321126115815976
13.64589739,0.014572365911345083
13.65352273,0.011932555123216601
13.65355349,0.010772869459067674
13.67794633,0.013473716334782941
13.67807913,0.014679179064621958
13.67814565,0.012008850232700085
13.67970085,0.010681315327687495
13.67975497,0.013397421225299458
13.69793725,0.014602883955138476
13.6980679,0.012008850232700085
13.69963169,0.010559243152513925
13.69973731,0.013382162203402761
13.69977808,0.014602883955138476
13.69981456,0.011963073167009996
13.71501899,0.010742351415274281
13.71514249,0.013397421225299458
13.72093725,0.014648661020828565
13.72106338,0.012054627298390174
13.72113085,0.010727092393377585
13.73497725,0.013382162203402761
13.7350924,0.014663920042725261
13.7480278,0.012054627298390174
13.74814034,0.010696574349584192
13.74820757,0.013382162203402761
13.76186156,0.014633401998931869
13.76197672,0.012024109254596781
13.77081275,0.010696574349584192
13.77096581,0.013397421225299458
13.77103257,0.014602883955138476
13.77109075,0.012054627298390174
13.78105354,0.010666056305790799
13.78116202,0.013321126115815976
13.79502225,0.014648661020828565
13.79517674,0.012008850232700085
13.79524827,0.010681315327687495
13.8205142,0.013366903181506065
13.82053995,0.014618142977035172
13.8270359,0.01206988632028687
13.82714868,0.010696574349584192
13.82721758,0.013397421225299458
13.82727742,0.014618142977035172
13.8273344,0.012085145342183566
13.84013724,0.010711833371480888
13.84026909,0.01330586709391928
13.84033632,0.014740215152208743
13.84042144,0.012039368276493477
13.86315227,0.010681315327687495
13.86328125,0.013351644159609368
13.86334467,0.014618142977035172
13.86342978,0.01211566338597696
13.86349201,0.010681315327687495
13.87951803,0.013321126115815976
13.87955213,0.014694438086518654
13.87957621,0.012207217517357137
13.87959909,0.010681315327687495
13.88666296,0.013229571984435798
13.88672876,0.014602883955138476
13.88675547,0.012100404364080263
13.89576411,0.010574502174410621
13.89589596,0.01330586709391928
13.89596081,0.01458762493324178
13.89602041,0.012039368276493477
13.91108537,0.010681315327687495
13.91121483,0.013275349050125887
13.93476057,0.014618142977035172
13.93488741,0.012100404364080263
13.93495846,0.010711833371480888
13.93501782,0.013229571984435798
13.93507481,0.014572365911345083
13.94097757,0.012100404364080263
13.94110823,0.010635538261997406
13.94117451,0.013275349050125887
13.95507097,0.014602883955138476
13.95519781,0.012054627298390174
13.96267653,0.010650797283894103
13.96277881,0.013229571984435798
13.96281123,0.014572365911345083
13.96284127,0.01211566338597696
13.9880569,0.010696574349584192
13.98818469,0.01330586709391928
13.98983598,0.01458762493324178
13.9899404,0.012100404364080263
13.99000311,0.010650797283894103
14.00449371,0.013229571984435798
14.0045228,0.014618142977035172
14.00454879,0.012085145342183566
14.00457549,0.010666056305790799
14.004601,0.013229571984435798
14.01807928,0.01454184786755169
14.01821208,0.012161440451667048
14.0320704,0.010681315327687495
14.0322032,0.01326009002822919
14.03226829,0.014663920042725261
14.03757739,0.012130922407873656
14.06187034,0.010589761196307317
14.06200075,0.013244831006332494
14.06206441,0.014618142977035172
14.06210852,0.012146181429770352
14.06214333,0.010681315327687495
14.06355023,0.013183794918745708
14.06358147,0.014572365911345083
14.072855,0.012100404364080263
14.07296467,0.010681315327687495
14.07303071,0.013214312962539101
14.08649516,0.014663920042725261
14.08653307,0.012161440451667048
14.10098672,0.010681315327687495
14.10109925,0.013244831006332494
14.10116386,0.014618142977035172
14.11148667,0.012207217517357137
14.12295079,0.010681315327687495
14.12306213,0.013183794918745708
14.1319325,0.01458762493324178
14.13207173,0.012161440451667048
14.13213801,0.010711833371480888
14.13219595,0.01313801785305562
14.13225055,0.014648661020828565
14.14475131,0.012222476539253834
14.14486217,0.010650797283894103
14.14492726,0.013199053940642405
14.15294695,0.014663920042725261
14.15305734,0.012268253604943923
14.17699265,0.010742351415274281
14.17714596,0.013183794918745708
14.17721272,0.014602883955138476
14.17727113,0.012222476539253834
14.20083213,0.010666056305790799
14.20096469,0.013183794918745708
14.20103025,0.014648661020828565
14.20108891,0.012268253604943923
14.20115161,0.010650797283894103
14.21951532,0.01313801785305562
14.2195406,0.014633401998931869
14.2195611,0.01228351262684062
14.2195797,0.010681315327687495
14.21959901,0.013122758831158923
14.2196188,0.014648661020828565
14.21963739,0.012252994583047227
14.24060178,0.010650797283894103
14.2406652,0.01309224078736553
14.24069834,0.014618142977035172
14.24072814,0.012268253604943923
14.2407558,0.010757610437170977
14.24078298,0.013076981765468834
14.25594783,0.01458762493324178
14.25605917,0.012161440451667048
14.25612426,0.010681315327687495
14.26463294,0.013122758831158923
14.26466703,0.01458762493324178
14.27305913,0.012222476539253834
14.27317166,0.010635538261997406
14.27325869,0.01309224078736553
14.29750037,0.014663920042725261
14.29752612,0.01228351262684062
14.29754519,0.010696574349584192
14.29756379,0.013061722743572137
14.29758191,0.014572365911345083
14.29760003,0.012314030670634012
14.31213307,0.010910200656137941
14.31226444,0.013107499809262227
14.3260262,0.01454184786755169
14.32617998,0.012252994583047227
14.32624817,0.010681315327687495
14.3309803,0.013015945677882048
14.33109093,0.014618142977035172
14.33115768,0.01228351262684062
14.35550523,0.010681315327687495
14.35552645,0.013076981765468834
14.36015582,0.01458762493324178
14.36028433,0.012359807736324101
14.36811161,0.01078812848096437
14.36823893,0.013153276874952316
14.36830473,0.014740215152208743
14.36838984,0.012451361867704281
14.3770442,0.010696574349584192
14.37715268,0.013000686655985352
14.37721872,0.014663920042725261
14.39051604,0.012268253604943923
14.39055252,0.010589761196307317
14.40523052,0.013031204699778745
14.4053905,0.01458762493324178
14.41803193,0.012344548714427405
14.41818666,0.010711833371480888
14.41825366,0.013031204699778745
14.42358112,0.014633401998931869
14.42366886,0.012527656977187763
14.43297911,0.010650797283894103
14.43310595,0.012985427634088656
14.43317461,0.014602883955138476
14.44005299,0.012359807736324101
14.44577193,0.010666056305790799
14.4458375,0.013061722743572137
14.45999265,0.014648661020828565
14.46014738,0.012375066758220797
14.46021199,0.010681315327687495
14.47302365,0.013031204699778745
14.47313952,0.014663920042725261
14.47320819,0.01266498817425803
14.49047565,0.010681315327687495
14.49050808,0.013000686655985352
14.50506115,0.014618142977035172
14.50519204,0.012390325780117494
14.50525689,0.010681315327687495
14.50531626,0.012985427634088656
14.50540113,0.014648661020828565
14.50546265,0.01240558480201419
14.51806402,0.010681315327687495
14.51819181,0.013015945677882048
14.52692008,0.014633401998931869
14.52704906,0.012466620889600977
14.52711535,0.010696574349584192
14.53600669,0.01297016861219196
14.53611612,0.014648661020828565
14.55985689,0.01240558480201419
14.55998659,0.010772869459067674
14.56005359,0.012985427634088656
14.56011319,0.014679179064621958
14.56017089,0.012512397955291066
14.5748179,0.010681315327687495
14.57497168,0.012954909590295263
14.5750401,0.014648661020828565
14.57509995,0.01266498817425803
14.57514358,0.010696574349584192
14.57517815,0.012939650568398567
14.59003592,0.014602883955138476
14.59018731,0.01240558480201419
14.59025455,0.010666056305790799
14.60260248,0.01297016861219196
14.60264707,0.014633401998931869
14.61703968,0.012466620889600977
14.61717105,0.010681315327687495
14.61723924,0.012909132524605172
14.62459993,0.014648661020828565
14.62464046,0.012466620889600977
14.63178015,0.010681315327687495
14.63189197,0.012893873502708476
14.63195801,0.014572365911345083
14.63370442,0.012420843823910887
14.64704728,0.010635538261997406
14.64715838,0.012893873502708476
14.64852786,0.01458762493324178
14.64857149,0.012451361867704281
14.6486032,0.010681315327687495
14.68304658,0.01283283741512169
14.68317437,0.01458762493324178
14.68466496,0.012481879911497674
14.68471265,0.010650797283894103
14.68474436,0.012909132524605172
14.68477273,0.014602883955138476
14.68479991,0.012436102845807583
14.69472623,0.010650797283894103
14.69482017,0.012939650568398567
14.69486046,0.01458762493324178
14.70107079,0.012466620889600977
14.70997906,0.010711833371480888
14.71008945,0.012893873502708476
14.73293447,0.014602883955138476
14.73306227,0.012527656977187763
14.73313069,0.010650797283894103
14.7346909,0.01287861448081178
14.73473334,0.01458762493324178
14.742625,0.012466620889600977
14.74268842,0.010666056305790799
14.74272037,0.012848096437018387
14.75360942,0.014618142977035172
14.75365281,0.012527656977187763
14.76564121,0.010711833371480888
14.76575303,0.01287861448081178
14.76581764,0.014572365911345083
14.76587844,0.01254291599908446
14.78101802,0.010711833371480888
14.7811265,0.012909132524605172
14.79795003,0.014663920042725261
14.79810166,0.012527656977187763
14.79816937,0.010681315327687495
14.80158067,0.013031204699778745
14.80162597,0.014602883955138476
14.81301975,0.012558175020981156
14.81313062,0.010681315327687495
14.81319571,0.012863355458915083
14.81552982,0.014602883955138476
14.81556606,0.012527656977187763
14.82790327,0.010711833371480888
14.82801294,0.01283283741512169
14.82807636,0.014770733196002136
14.82813907,0.01254291599908446
14.8529489,0.010666056305790799
14.85307884,0.012863355458915083
14.85501361,0.014618142977035172
14.8551259,0.012588693064774548
14.85519195,0.010696574349584192
14.86802244,0.01287861448081178
14.86805749,0.014648661020828565
14.87260675,0.012573434042877852
14.87266874,0.010666056305790799
14.87270379,0.012817578393224994
14.88850641,0.014648661020828565
14.88852811,0.012619211108567941
14.90095711,0.010696574349584192
14.90107012,0.012817578393224994
14.90113544,0.014602883955138476
14.91450405,0.012603952086671245
14.91453147,0.010742351415274281
14.91454983,0.012817578393224994
14.96281219,0.014648661020828565
14.96296716,0.012726024261844816
14.96303463,0.010650797283894103
14.96309423,0.012787060349431601
14.96315575,0.014572365911345083
14.96321368,0.012603952086671245
14.96327209,0.010650797283894103
14.96332836,0.012771801327534905
14.9657948,0.014618142977035172
14.96590233,0.012619211108567941
14.96596837,0.010742351415274281
14.96602631,0.012802319371328297
14.96608305,0.014648661020828565
14.98351693,0.012649729152361334
14.9899919,0.010666056305790799
14.99011827,0.012771801327534905
15.00275636,0.014618142977035172
15.00285649,0.012634470130464637
15.00288963,0.010696574349584192
15.002918,0.012726024261844816
15.0029459,0.014557106889448387
15.00490212,0.012588693064774548
15.00501418,0.010666056305790799
15.0050807,0.012756542305638208
15.01808238,0.01458762493324178
15.01821256,0.012649729152361334
15.04180169,0.010635538261997406
15.04193497,0.012695506218051423
15.04199219,0.014618142977035172
15.04202127,0.012619211108567941
15.04204869,0.010696574349584192
15.04207587,0.01271076523994812
15.0570569,0.014572365911345083
15.05718803,0.012695506218051423
15.05725384,0.010666056305790799
15.06273413,0.012726024261844816
15.06277251,0.01458762493324178
15.07698011,0.012634470130464637
15.07709265,0.010681315327687495
15.07716036,0.01266498817425803
15.10051751,0.01458762493324178
15.10053945,0.012695506218051423
15.10055852,0.010696574349584192
15.1005764,0.012695506218051423
15.10059762,0.014618142977035172
15.10061574,0.012726024261844816
15.11106443,0.010757610437170977
15.11119294,0.012771801327534905
15.11125803,0.014679179064621958
15.12250733,0.01271076523994812
15.12252903,0.010574502174410621
15.13717389,0.012527656977187763
15.13730478,0.014480811779964905
15.13739777,0.012680247196154727
15.15074348,0.010696574349584192
15.15085077,0.012756542305638208
15.16478586,0.014618142977035172
15.16489792,0.012741283283741512
15.16496277,0.010742351415274281
15.16502142,0.01271076523994812
15.16507983,0.014648661020828565
15.16513658,0.012771801327534905
15.18000031,0.010757610437170977
15.18010926,0.012695506218051423
15.189008,0.014618142977035172
15.18916106,0.012787060349431601
15.18922758,0.010742351415274281
15.21250963,0.01271076523994812
15.2125392,0.014663920042725261
15.21255898,0.012756542305638208
15.21257758,0.010696574349584192
15.21259594,0.012649729152361334
15.2209928,0.014602883955138476
15.22110271,0.012787060349431601
15.23482203,0.010711833371480888
15.2349782,0.01266498817425803
15.23504543,0.014602883955138476
15.23510432,0.012741283283741512
15.24552369,0.010711833371480888
15.24565125,0.012619211108567941
15.25801778,0.014602883955138476
15.25817084,0.012741283283741512
15.25823879,0.010681315327687495
15.272017,0.012588693064774548
15.27212572,0.014557106889448387
15.28561163,0.012817578393224994
15.28572464,0.010696574349584192
15.28579259,0.012634470130464637
15.28585052,0.014648661020828565
15.28590655,0.012787060349431601
15.30074167,0.010711833371480888
15.30087328,0.012603952086671245
15.30094171,0.014648661020828565
15.30100107,0.012863355458915083
15.31599355,0.010696574349584192
15.31610155,0.012588693064774548
15.31616926,0.014572365911345083
15.34251666,0.01283283741512169
15.34254408,0.010742351415274281
15.34256339,0.012588693064774548
15.34258223,0.014618142977035172
15.34259987,0.012817578393224994
15.34261799,0.010681315327687495
15.34263587,0.012603952086671245
15.35597157,0.014572365911345083
15.35611272,0.012863355458915083
15.35617805,0.010681315327687495
15.37051916,0.012527656977187763
15.37054753,0.01458762493324178
15.37056541,0.012817578393224994
15.38599467,0.010666056305790799
15.38610339,0.012512397955291066
15.40980387,0.014572365911345083
15.40995741,0.012817578393224994
15.4100244,0.010635538261997406
15.4100821,0.012481879911497674
15.41013932,0.014557106889448387
15.42510247,0.012848096437018387
15.42523313,0.010711833371480888
15.42529798,0.01249713893339437
15.42535639,0.014526588845654994
15.42546129,0.012848096437018387
15.44314718,0.010666056305790799
15.44325876,0.012527656977187763
15.44332862,0.014572365911345083
15.44857931,0.01287861448081178
15.47296119,0.010666056305790799
15.47309256,0.012466620889600977
15.47316265,0.014602883955138476
15.47322226,0.01287861448081178
15.47328091,0.010711833371480888
15.47490907,0.012481879911497674
15.47504425,0.01454184786755169
15.47511053,0.012893873502708476
15.47516918,0.010666056305790799
15.47522593,0.01249713893339437
15.48926234,0.01454184786755169
15.48942614,0.012893873502708476
15.49693894,0.010696574349584192
15.49706554,0.012420843823910887
15.49713159,0.014557106889448387
15.50199223,0.012924391546501868
15.51607704,0.010711833371480888
15.51620555,0.012512397955291066
15.51627064,0.014602883955138476
15.52858567,0.012924391546501868
15.52862763,0.010696574349584192
15.53595757,0.012466620889600977
15.53608179,0.014618142977035172
15.53614855,0.012954909590295263
15.54160762,0.010742351415274281
15.54164577,0.012466620889600977
15.55597377,0.014572365911345083
15.55608511,0.013000686655985352
15.55615115,0.010711833371480888
15.5684917,0.012436102845807583
15.56853414,0.01458762493324178
15.57082152,0.01297016861219196
15.59487271,0.010742351415274281
15.59500003,0.012451361867704281
15.59506392,0.014618142977035172
15.59512186,0.012985427634088656
15.59518003,0.010757610437170977
15.59658909,0.012451361867704281
15.59661961,0.014557106889448387
15.6110487,0.013061722743572137
15.61118007,0.010696574349584192
15.61124492,0.012436102845807583
15.61860585,0.014602883955138476
15.61863923,0.013015945677882048
15.64303827,0.010696574349584192
15.64317012,0.012390325780117494
15.64323568,0.01454184786755169
15.64329624,0.013015945677882048
15.6447947,0.010772869459067674
15.6449244,0.012436102845807583
15.65805101,0.014557106889448387
15.65818405,0.013000686655985352
15.65824986,0.010757610437170977
15.66706729,0.012375066758220797
15.66717625,0.014572365911345083
15.68103313,0.013015945677882048
15.68118382,0.010696574349584192
15.6812501,0.01240558480201419
15.69467306,0.014557106889448387
15.69478774,0.013031204699778745
15.69482684,0.010757610437170977
15.7185185,0.012390325780117494
15.71854138,0.01458762493324178
15.71856046,0.013015945677882048
15.72707081,0.010711833371480888
15.72720265,0.012375066758220797
15.73601818,0.01458762493324178
15.73617268,0.013107499809262227
15.73623919,0.010757610437170977
15.74473929,0.012344548714427405
15.7449007,0.014511329823758298
15.74496651,0.013076981765468834
15.74502587,0.010757610437170977
15.74508476,0.012359807736324101
15.75805974,0.01458762493324178
15.75818849,0.013076981765468834
15.77691746,0.010696574349584192
15.77704453,0.012359807736324101
15.77711058,0.01454184786755169
15.77717042,0.013061722743572137
15.78195572,0.010696574349584192
15.7820673,0.012298771648737316
15.79092216,0.01454184786755169
15.79104877,0.013076981765468834
15.79111552,0.010772869459067674
15.79658079,0.012329289692530708
15.79661369,0.01458762493324178
15.81093121,0.013122758831158923
15.81104612,0.010742351415274281
15.81111312,0.012298771648737316
15.83351445,0.014572365911345083
15.83353662,0.013153276874952316
15.83590651,0.010757610437170977
15.83601832,0.012298771648737316
15.83608389,0.01454184786755169
15.83614254,0.01309224078736553
15.84519958,0.010772869459067674
15.84533477,0.012329289692530708
15.85796595,0.01454184786755169
15.85809159,0.013122758831158923
15.8581574,0.010727092393377585
15.86302757,0.012252994583047227
15.86313844,0.014557106889448387
15.8870821,0.01313801785305562
15.88723898,0.010772869459067674
15.88730502,0.01228351262684062
15.88856983,0.014572365911345083
15.88859987,0.013199053940642405
15.90170836,0.010757610437170977
15.90183902,0.012359807736324101
15.90190458,0.014602883955138476
15.90196443,0.01326009002822919
15.91188455,0.01078812848096437
15.91196728,0.012100404364080263
15.9119997,0.014404516670481423
15.92245746,0.013061722743572137
15.9224894,0.010727092393377585
15.93497467,0.012268253604943923
15.93508601,0.014572365911345083
15.9351511,0.013199053940642405
15.94757318,0.010757610437170977
15.94760656,0.012252994583047227
15.96392059,0.014572365911345083
15.96403098,0.013199053940642405
15.96409535,0.010803387502861066
15.96415639,0.012222476539253834
15.96421361,0.014496070801861601
15.96596003,0.013214312962539101
15.98017073,0.010711833371480888
15.98027897,0.012222476539253834
15.98913169,0.014526588845654994
15.9892838,0.013183794918745708
15.98935008,0.010757610437170977
16.01150393,0.012207217517357137
16.0115273,0.01454184786755169
16.0115459,0.013244831006332494
16.01156402,0.010803387502861066
16.01158214,0.012222476539253834
16.02015305,0.014526588845654994
16.02028108,0.013229571984435798
16.03278947,0.010772869459067674
16.03294301,0.012252994583047227
16.03301072,0.014496070801861601
16.03498912,0.01326009002822919
16.04803061,0.010757610437170977
16.04815698,0.012176699473563745
16.0482223,0.014511329823758298
16.06147218,0.013244831006332494
16.06152797,0.010772869459067674
16.07495284,0.012176699473563745
16.07507515,0.014526588845654994
16.07991266,0.013229571984435798
16.08003879,0.010803387502861066
16.08010554,0.012222476539253834
16.0879488,0.01458762493324178
16.08805799,0.013244831006332494
16.09663463,0.01078812848096437
16.09675956,0.012207217517357137
16.09682727,0.01454184786755169
16.09688663,0.013290608072022583
16.12183714,0.01078812848096437
16.12196708,0.012176699473563745
16.12203336,0.01454184786755169
16.12207389,0.01326009002822919
16.12210131,0.010757610437170977
16.13177848,0.012130922407873656
16.13184261,0.01454184786755169
16.15574098,0.01330586709391928
16.15589285,0.010772869459067674
16.15595937,0.01211566338597696
16.15601826,0.014496070801861601
16.15607524,0.01326009002822919
16.16593671,0.01078812848096437
16.16608834,0.012100404364080263
16.16615462,0.014557106889448387
16.18003869,0.01326009002822919
16.18918037,0.010696574349584192
16.18929124,0.012054627298390174
16.20177555,0.014435034714274816
16.20192909,0.01326009002822919
16.20199561,0.010757610437170977
16.20205498,0.012024109254596781
16.20211172,0.014465552758068208
16.20996833,0.01330586709391928
16.21012449,0.010681315327687495
16.21019125,0.012039368276493477
16.21803045,0.014557106889448387
16.2181592,0.013336385137712672
16.21822667,0.010742351415274281
16.24350524,0.012100404364080263
16.24352765,0.014496070801861601
16.24354601,0.013321126115815976
16.25192928,0.010757610437170977
16.252038,0.012054627298390174
16.26101398,0.014496070801861601
16.26114631,0.013336385137712672
16.26121259,0.01078812848096437
16.26758838,0.012054627298390174
16.26762128,0.014496070801861601
16.27495003,0.013336385137712672
16.27506161,0.010757610437170977
16.28764868,0.012008850232700085
16.28773165,0.014511329823758298
16.28777242,0.013351644159609368
16.30203056,0.010879682612344548
16.30216336,0.011993591210803388
16.3022294,0.014480811779964905
16.30228901,0.013366903181506065
16.31603694,0.01078812848096437
16.31616521,0.012054627298390174
16.31622958,0.014526588845654994
16.32164145,0.013458457312886245
16.32167649,0.010833905546654459
16.33494925,0.012008850232700085
16.33505988,0.014526588845654994
16.33512521,0.013443198290989548
16.34447432,0.010803387502861066
16.34450531,0.012054627298390174
16.36704659,0.014496070801861601
16.36717558,0.013397421225299458
16.36723924,0.01078812848096437
16.37157416,0.011978332188906692
16.37160587,0.01458762493324178
16.37163329,0.013443198290989548
16.38577318,0.010818646524757763
16.38588309,0.011993591210803388
16.3859489,0.014496070801861601
16.38600826,0.013443198290989548
16.38606572,0.01078812848096437
16.4005518,0.011932555123216601
16.40057921,0.014435034714274816
16.40994263,0.013397421225299458
16.41005301,0.010803387502861066
16.41011906,0.011932555123216601
16.43250132,0.014526588845654994
16.43252444,0.013412680247196154
16.43254352,0.010803387502861066
16.43256211,0.011963073167009996
16.43258023,0.014450293736171512
16.43259811,0.013427939269092852
16.44306684,0.01078812848096437
16.44317675,0.011947814145113297
16.44324064,0.014480811779964905
16.4605093,0.013443198290989548
16.46053457,0.010803387502861066
16.46596289,0.011902037079423208
16.46607399,0.014465552758068208
16.48966908,0.013504234378576334
16.48978019,0.01078812848096437
16.48982072,0.011993591210803388
16.489856,0.014465552758068208
16.48989034,0.013443198290989548
16.49708319,0.010833905546654459
16.49721026,0.011886778057526512
16.49739337,0.014496070801861601
16.50284505,0.013488975356679637
16.51173115,0.010879682612344548
16.51182199,0.011932555123216601
16.52605295,0.014526588845654994
16.52617931,0.01351949340047303
16.52624655,0.010818646524757763
16.54022932,0.011993591210803388
16.54039907,0.014526588845654994
16.54047036,0.01351949340047303
16.56250978,0.010833905546654459
16.56253219,0.011932555123216601
16.57195473,0.014465552758068208
16.5720644,0.013550011444266423
16.57212877,0.010803387502861066
16.57218671,0.011841000991836423
16.57224369,0.014404516670481423
16.58093739,0.013488975356679637
16.5899539,0.010803387502861066
16.59007454,0.011841000991836423
16.59014082,0.014435034714274816
16.59020042,0.013488975356679637
16.59025741,0.010772869459067674
16.60269666,0.01185626001373312
16.60278273,0.01441977569237812
16.62674475,0.01351949340047303
16.62687516,0.010772869459067674
16.62694168,0.01181048294804303
16.627002,0.014435034714274816
16.62706017,0.01351949340047303
16.63301849,0.010803387502861066
16.6331501,0.01181048294804303
16.633219,0.01441977569237812
16.6332655,0.013580529488059816
16.64202785,0.010803387502861066
16.64215803,0.011825741969939726
16.65594554,0.014450293736171512
16.65605831,0.01356527046616312
16.65612531,0.010879682612344548
16.66956806,0.011841000991836423
16.66960168,0.014465552758068208
16.68095112,0.013595788509956512
16.68106127,0.010864423590447852
16.68112874,0.011871519035629816
16.69369626,0.014526588845654994
16.69375324,0.013702601663233387
16.69891429,0.010925459678034637
16.69902515,0.01185626001373312
16.69909,0.014373998626688029
16.70255518,0.013473716334782941
16.72600031,0.010681315327687495
16.72612143,0.011703669794766156
16.72772598,0.014404516670481423
16.72785187,0.013626306553749905
16.72791815,0.010864423590447852
16.74184418,0.011886778057526512
16.74197435,0.01441977569237812
16.74203968,0.013641565575646601
16.74209976,0.010864423590447852
16.74215746,0.011779964904249637
16.75158906,0.014435034714274816
16.75162029,0.013626306553749905
16.76576328,0.010833905546654459
16.76587605,0.011749446860456245
16.76594257,0.014480811779964905
16.76600289,0.013641565575646601
16.7758956,0.010894941634241245
16.77600503,0.011764705882352941
16.79965234,0.014465552758068208
16.79975414,0.013672083619439994
16.79978561,0.010940718699931334
16.79981399,0.011703669794766156
16.79984212,0.014404516670481423
16.81072259,0.013702601663233387
16.81079531,0.010864423590447852
16.81083536,0.011749446860456245
16.82746768,0.014450293736171512
16.82749152,0.013702601663233387
16.82751155,0.010879682612344548
16.82753015,0.011734187838559548
16.82754898,0.014465552758068208
16.83250356,0.013702601663233387
16.85468221,0.010925459678034637
16.85475421,0.011779964904249637
16.85479379,0.01441977569237812
16.85483098,0.013748378728923476
16.8548665,0.010879682612344548
16.86855674,0.01168841077286946
16.86858463,0.014435034714274816
16.87595201,0.013672083619439994
16.87606549,0.010879682612344548
16.87612939,0.011734187838559548
16.88852096,0.014358739604791332
16.88854218,0.013748378728923476
16.89800334,0.010894941634241245
16.89812946,0.011718928816662852
16.89819789,0.014435034714274816
16.9119432,0.013778896772716868
16.92607474,0.010894941634241245
16.92618394,0.011703669794766156
16.92624903,0.014465552758068208
16.92630959,0.01373311970702678
16.92640829,0.010864423590447852
16.9497118,0.011673151750972763
16.9497757,0.014373998626688029
16.94980741,0.01373311970702678
16.94983721,0.010833905546654459
16.94986534,0.011657892729076066
16.94989443,0.014389257648584725
16.94992208,0.01368734264133669
16.94994926,0.010833905546654459
16.96652436,0.011627374685282674
16.96654844,0.014404516670481423
16.97094035,0.013748378728923476
16.99486494,0.010833905546654459
16.99494958,0.011596856641489281
16.99498105,0.014358739604791332
16.99500871,0.013717860685130083
16.99503636,0.010879682612344548
16.99858999,0.011627374685282674
16.99862099,0.014373998626688029
17.01176,0.01373311970702678
17.01187301,0.010818646524757763
17.01193953,0.011627374685282674
17.01199937,0.014358739604791332
17.01205683,0.013809414816510261
17.02715755,0.010864423590447852
17.02727962,0.011627374685282674
17.02734923,0.014389257648584725
17.0425725,0.013763637750820172
17.05398011,0.010940718699931334
17.05409002,0.011612115663385977
17.05602288,0.014404516670481423
17.05613637,0.013839932860303654
17.0562017,0.010894941634241245
17.06472015,0.011612115663385977
17.06476641,0.014404516670481423
17.07301259,0.013824673838406958
17.07312393,0.010910200656137941
17.07318974,0.011612115663385977
17.08757639,0.014358739604791332
17.08761096,0.013809414816510261
17.11082697,0.010925459678034637
17.11095977,0.011612115663385977
17.11102629,0.014373998626688029
17.11108541,0.013870450904097047
17.11114192,0.010864423590447852
17.11119723,0.011551079575799192
17.12094879,0.014404516670481423
17.12110162,0.013824673838406958
17.12116742,0.010925459678034637
17.13503098,0.011551079575799192
17.13516331,0.014343480582894636
17.13523054,0.013824673838406958
17.14261913,0.010879682612344548
17.14266467,0.011566338597695888
17.16680026,0.014358739604791332
17.16692996,0.013870450904097047
17.16699195,0.010940718699931334
17.1670332,0.011535820553902495
17.16706872,0.014373998626688029
17.16710329,0.01385519188220035
17.17684484,0.010940718699931334
17.17693758,0.011596856641489281
17.17697811,0.014389257648584725
17.19346666,0.013839932860303654
17.19348955,0.010940718699931334
17.20003819,0.011490043488212406
17.20017028,0.014373998626688029
17.21299434,0.013916227969787138
17.21315813,0.01095597772182803
17.21322536,0.011520561532005799
17.24288225,0.014373998626688029
17.24301291,0.013916227969787138
17.24307942,0.010940718699931334
17.24450684,0.011551079575799192
17.24454832,0.014343480582894636
17.24457645,0.013885709925993743
17.24460387,0.010986495765621425
17.24463058,0.011505302510109103
17.25998497,0.014358739604791332
17.26011586,0.013931486991683834
17.26018238,0.01095597772182803
17.2659514,0.011520561532005799
17.26608014,0.014343480582894636
17.27895284,0.013916227969787138
17.27910614,0.010940718699931334
17.2791748,0.011520561532005799
17.30279803,0.014373998626688029
17.30293107,0.01394674601358053
17.31194639,0.010971236743724726
17.31209803,0.01142900740062562
17.31216431,0.01432822156099794
17.312222,0.013977264057373923
17.32102346,0.01095597772182803
17.32115197,0.011459525444419012
17.33287263,0.014343480582894636
17.33299875,0.013916227969787138
17.33306432,0.01095597772182803
17.35699224,0.01142900740062562
17.35712481,0.01432822156099794
17.35719371,0.013916227969787138
17.35725641,0.010940718699931334
17.35731435,0.011444266422522316
17.36596966,0.014297703517204547
17.36610198,0.01394674601358053
17.36616826,0.010910200656137941
17.37051415,0.011444266422522316
17.37055612,0.014312962539101243
17.37058353,0.013931486991683834
17.37691379,0.010910200656137941
17.37702608,0.011413748378728923
17.39095592,0.01432822156099794
17.39110684,0.013916227969787138
17.39117432,0.01095597772182803
17.39697504,0.01142900740062562
17.39708447,0.014312962539101243
17.42074656,0.01399252307927062
17.42089891,0.010971236743724726
17.42096424,0.011398489356832226
17.42102194,0.014358739604791332
17.42107821,0.01399252307927062
17.43687582,0.010925459678034637
17.4369843,0.01142900740062562
17.43704915,0.014297703517204547
17.43710923,0.01399252307927062
17.44283748,0.010925459678034637
17.44292521,0.011367971313038834
17.45694375,0.014297703517204547
17.45705462,0.01399252307927062
17.45711851,0.010971236743724726
17.46854162,0.011367971313038834
17.46859097,0.01432822156099794
17.49296832,0.014053559166857405
17.49309921,0.010940718699931334
17.49316549,0.011413748378728923
17.49322605,0.014358739604791332
17.49328446,0.014099336232547494
17.49485707,0.011108567940794995
17.49497175,0.01138323033493553
17.495013,0.014343480582894636
17.4985981,0.014099336232547494
17.51304221,0.010925459678034637
17.51317024,0.01126115815976196
17.52702332,0.014175631342030976
17.52718258,0.014007782101167316
17.52724838,0.01095597772182803
17.54109645,0.01138323033493553
17.54122424,0.014373998626688029
17.54601765,0.014084077210650798
17.5461328,0.01104753185320821
17.54619718,0.011352712291142137
17.55557036,0.014297703517204547
17.55561328,0.014099336232547494
17.5629847,0.011001754787518121
17.56309724,0.01138323033493553
17.56316423,0.01432822156099794
17.57056713,0.01411459525444419
17.58210897,0.011017013809414817
17.58221865,0.011322194247348745
17.58228397,0.014297703517204547
17.60551071,0.014099336232547494
17.60553837,0.011017013809414817
17.60555696,0.011352712291142137
17.60557485,0.014297703517204547
17.60789561,0.014099336232547494
17.60802364,0.010986495765621425
17.60809135,0.011291676203555352
17.62193465,0.01432822156099794
17.62204695,0.014068818188754101
17.62211204,0.011017013809414817
17.63572931,0.011337453269245441
17.63577199,0.01428244449530785
17.63994479,0.014129854276340887
17.65474343,0.011001754787518121
17.6548543,0.011306935225452048
17.66793799,0.014236667429617761
17.66807222,0.014099336232547494
17.66813874,0.011001754787518121
17.66945744,0.011245899137865263
17.66949177,0.014312962539101243
17.67828155,0.014145113298237583
17.67840838,0.011017013809414817
17.67845011,0.011322194247348745
17.68503928,0.014236667429617761
17.68516946,0.014129854276340887
17.70793724,0.011032272831311514
17.70809197,0.011291676203555352
17.70815802,0.014297703517204547
17.70998287,0.014129854276340887
17.72286534,0.01104753185320821
17.72297406,0.011245899137865263
17.72474504,0.014236667429617761
17.72481966,0.014129854276340887
17.7248528,0.011017013809414817
17.73289824,0.011245899137865263
17.73298335,0.014251926451514458
17.74198413,0.01411459525444419
17.74209595,0.011093308918898299
17.74216199,0.011245899137865263
17.75148344,0.01428244449530785
17.75151968,0.01411459525444419
17.77478123,0.011032272831311514
17.77493763,0.011200122072175174
17.77500343,0.014221408407721065
17.77506328,0.01416037232013428
17.80003309,0.011001754787518121
17.8001616,0.011184863050278477
17.80022717,0.014190890363927672
17.80028629,0.014084077210650798
17.80034399,0.01104753185320821
17.81303644,0.011169604028381781
17.81314683,0.014221408407721065
17.82175112,0.014206149385824368
17.82187819,0.01104753185320821
17.82194257,0.011169604028381781
17.82200074,0.014236667429617761
17.82205653,0.014190890363927672
17.82211614,0.01104753185320821
17.83056855,0.011230640115968566
17.83061028,0.014236667429617761
17.84504485,0.014175631342030976
17.85894322,0.011062790875104906
17.8590517,0.01126115815976196
17.85911632,0.014206149385824368
17.85917521,0.014221408407721065
17.85923195,0.011001754787518121
17.86786985,0.011154345006485085
17.86797929,0.014236667429617761
17.87498188,0.014206149385824368
17.87510896,0.01104753185320821
17.87517452,0.01121538109407187
17.88802958,0.014190890363927672
17.88813972,0.014221408407721065
17.91187882,0.011062790875104906
17.91203237,0.011169604028381781
17.91209316,0.014206149385824368
17.91213131,0.014236667429617761
17.91351032,0.011078049897001603
17.91355324,0.011123826962691692
17.92205381,0.014251926451514458
17.92216587,0.014190890363927672
17.92223024,0.01104753185320821
17.93576312,0.011200122072175174
17.93587494,0.014190890363927672
17.93593907,0.01428244449530785
17.94378877,0.011108567940794995
17.9438343,0.011123826962691692
17.95334005,0.014221408407721065
17.95348525,0.014267185473411154
17.97681284,0.011108567940794995
17.97694993,0.011108567940794995
17.97701716,0.014206149385824368
17.97707725,0.014236667429617761
17.9771328,0.011032272831311514
17.97718906,0.011154345006485085
17.99202347,0.014175631342030976
17.99217653,0.014251926451514458
17.99224305,0.011123826962691692
17.99697328,0.011062790875104906
17.99708509,0.01416037232013428
18.01105022,0.014251926451514458
18.01117659,0.011078049897001603
18.01124263,0.011123826962691692
18.02509856,0.014175631342030976
18.02520919,0.014236667429617761
18.03799438,0.011062790875104906
18.03811979,0.011123826962691692
18.0381856,0.014190890363927672
18.03824544,0.01428244449530785
18.0449872,0.011123826962691692
18.04509926,0.011093308918898299
18.04516315,0.01411459525444419
18.05559254,0.014343480582894636
18.05562353,0.011123826962691692
18.06995583,0.011123826962691692
18.0700686,0.014190890363927672
18.07013321,0.014297703517204547
18.0825882,0.011123826962691692
18.08262682,0.011123826962691692
18.10720491,0.014190890363927672
18.10731602,0.014297703517204547
18.10740638,0.011169604028381781
18.10746694,0.011078049897001603
18.10752392,0.014129854276340887
18.12110615,0.01432822156099794
18.1212182,0.011078049897001603
18.12128282,0.011093308918898299
18.12898636,0.014221408407721065
18.12914062,0.014358739604791332
18.12921286,0.011108567940794995
18.13793969,0.01104753185320821
18.13806915,0.014206149385824368
18.15197635,0.014373998626688029
18.15213609,0.01121538109407187
18.15220237,0.011154345006485085
18.16756701,0.014175631342030976
18.16760349,0.01432822156099794
18.17090321,0.011200122072175174
18.17102885,0.011017013809414817
18.17109442,0.014175631342030976
18.17115378,0.014358739604791332
18.17903733,0.011123826962691692
18.17915797,0.011062790875104906
18.18805146,0.014129854276340887
18.1881783,0.014373998626688029
18.18824649,0.011184863050278477
18.20157075,0.01104753185320821
18.20160842,0.01416037232013428
18.21602106,0.014343480582894636
18.21617413,0.011123826962691692
18.21623802,0.011017013809414817
18.22895241,0.014129854276340887
18.22906303,0.014373998626688029
18.23491788,0.011123826962691692
18.235044,0.011017013809414817
18.23511028,0.014099336232547494
18.23516893,0.014343480582894636
18.24795771,0.011184863050278477
18.24806857,0.010986495765621425
18.24813342,0.014129854276340887
18.25259209,0.014358739604791332
18.25262141,0.011108567940794995
18.27682471,0.010986495765621425
18.27695441,0.014084077210650798
18.27701926,0.014358739604791332
18.27708101,0.011123826962691692
18.27712393,0.010940718699931334
18.2918241,0.014099336232547494
18.29195499,0.014358739604791332
18.29201984,0.011200122072175174
18.29207802,0.01095597772182803
18.29213405,0.014129854276340887
18.29998899,0.014435034714274816
18.31316042,0.011139085984588388
18.31326914,0.010986495765621425
18.32007504,0.014129854276340887
18.32014847,0.014496070801861601
18.32018709,0.01126115815976196
18.34250593,0.01104753185320821
18.34252977,0.014068818188754101
18.36704469,0.014297703517204547
18.36717844,0.011017013809414817
18.36724401,0.010864423590447852
18.36730123,0.014068818188754101
18.36734223,0.014496070801861601
18.37602854,0.011200122072175174
18.37615895,0.01095597772182803
18.3762238,0.014190890363927672
18.37628293,0.014450293736171512
18.3809917,0.011230640115968566
18.38110065,0.010894941634241245
18.39501834,0.014129854276340887
18.39513493,0.014450293736171512
18.39517546,0.011184863050278477
18.41804385,0.010910200656137941
18.41817379,0.014099336232547494
18.41823959,0.014496070801861601
18.41829801,0.011291676203555352
18.41835451,0.010894941634241245
18.41842055,0.014099336232547494
18.41845465,0.014496070801861601
18.43295026,0.01121538109407187
18.43307924,0.011001754787518121
18.43314719,0.014068818188754101
18.43454814,0.014435034714274816
18.44999743,0.011245899137865263
18.45010757,0.010940718699931334
18.45017195,0.014099336232547494
18.46356702,0.014465552758068208
18.46360493,0.01126115815976196
18.47686577,0.010910200656137941
18.47699451,0.014068818188754101
18.47706056,0.014480811779964905
18.47712398,0.011245899137865263
18.47718072,0.010925459678034637
18.48703122,0.014099336232547494
18.48716235,0.014480811779964905
18.48722768,0.011276417181658656
18.50053978,0.010879682612344548
18.50057983,0.014084077210650798
18.50060797,0.014480811779964905
18.52314234,0.01126115815976196
18.52324986,0.010925459678034637
18.52814889,0.014053559166857405
18.52827549,0.014465552758068208
18.52834439,0.011276417181658656
18.53686261,0.010925459678034637
18.53698111,0.014099336232547494
18.5370214,0.014480811779964905
18.53705764,0.011291676203555352
18.53709221,0.010879682612344548
18.5515058,0.014053559166857405
18.55153608,0.014526588845654994
18.56677914,0.011276417181658656
18.56688952,0.010894941634241245
18.56695724,0.014023041123064012
18.5670166,0.014450293736171512
18.59172177,0.011276417181658656
18.59185314,0.010894941634241245
18.59191799,0.014038300144960708
18.5919764,0.014435034714274816
18.59203386,0.011245899137865263
18.59802055,0.010864423590447852
18.59813285,0.013977264057373923
18.61190081,0.014450293736171512
18.61206698,0.01121538109407187
18.61213827,0.010864423590447852
18.62005281,0.013977264057373923
18.62016296,0.014389257648584725
18.62022924,0.011230640115968566
18.63451862,0.010879682612344548
18.63455987,0.014038300144960708
18.64711785,0.014480811779964905
18.65287924,0.011245899137865263
18.65295172,0.010803387502861066
18.66672802,0.013977264057373923
18.66685224,0.014450293736171512
18.66688967,0.011245899137865263
18.66691899,0.010772869459067674
18.66694808,0.014007782101167316
18.67693281,0.014404516670481423
18.67706013,0.011200122072175174
18.67712617,0.010833905546654459
18.68855405,0.013931486991683834
18.68858743,0.014435034714274816
18.69996667,0.011276417181658656
18.70007801,0.010818646524757763
18.70014262,0.013977264057373923
18.71399426,0.014435034714274816
18.71410584,0.011276417181658656
18.71417284,0.010818646524757763
18.72783184,0.013977264057373923
18.72796321,0.014480811779964905
18.72802901,0.011306935225452048
18.7280879,0.010879682612344548
18.72814703,0.01399252307927062
18.74297357,0.014526588845654994
18.74308491,0.01138323033493553
18.74315047,0.010833905546654459
18.75651455,0.01394674601358053
18.7565484,0.014480811779964905
18.78085709,0.011291676203555352
18.78098583,0.010864423590447852
18.78105235,0.013962005035477227
18.78111148,0.014496070801861601
18.78115416,0.011291676203555352
18.7811892,0.010772869459067674
18.78695035,0.01399252307927062
18.78707814,0.014480811779964905
18.78714418,0.011306935225452048
18.80106258,0.010803387502861066
18.80119085,0.01394674601358053
18.80697942,0.014526588845654994
18.80709267,0.011306935225452048
18.80715919,0.010833905546654459
18.83045721,0.013931486991683834
18.83048439,0.014526588845654994
18.83985257,0.011352712291142137
18.84001374,0.01078812848096437
18.84008455,0.01394674601358053
18.84014463,0.014496070801861601
18.84020162,0.01138323033493553
18.84025741,0.010833905546654459
18.85359287,0.01390096894789044
18.85365629,0.014496070801861601
18.85368776,0.011322194247348745
18.86748242,0.01078812848096437
18.86750984,0.013931486991683834
18.87295246,0.014480811779964905
18.87308049,0.011367971313038834
18.87314725,0.01078812848096437
18.89687061,0.01390096894789044
18.89700007,0.014526588845654994
18.89706326,0.011367971313038834
18.89712143,0.010818646524757763
18.89718127,0.013916227969787138
18.89723802,0.014480811779964905
18.91198945,0.011444266422522316
18.91210032,0.010818646524757763
18.92097187,0.01394674601358053
18.92109585,0.014511329823758298
18.92116261,0.011413748378728923
18.93050814,0.010894941634241245
18.93054175,0.013931486991683834
18.94465089,0.01454184786755169
18.94472432,0.01138323033493553
18.94476509,0.010879682612344548
18.96750021,0.013870450904097047
18.96752357,0.014557106889448387
18.96754193,0.01138323033493553
18.96755958,0.010742351415274281
18.96757936,0.013931486991683834
18.96759701,0.014557106889448387
18.97820354,0.011413748378728923
18.97833252,0.010803387502861066
18.97841954,0.013916227969787138
18.99148703,0.014526588845654994
18.99150848,0.01147478446631571
18.9989841,0.010833905546654459
18.99909592,0.013931486991683834
19.02182126,0.014480811779964905
19.02197456,0.011398489356832226
19.02204132,0.010803387502861066
19.02209949,0.013870450904097047
19.02215815,0.01454184786755169
19.03171706,0.011413748378728923
19.03184319,0.010803387502861066
19.03191137,0.013931486991683834
19.0319705,0.014496070801861601
19.04704523,0.011398489356832226
19.04715395,0.010910200656137941
19.05330467,0.013916227969787138
19.05344224,0.01458762493324178
19.05351472,0.011444266422522316
19.07649374,0.010803387502861066
19.07651567,0.01385519188220035
19.07653379,0.01454184786755169
19.07655191,0.01147478446631571
19.0765698,0.010833905546654459
19.08648109,0.013885709925993743
19.08650374,0.014480811779964905
19.09608102,0.01142900740062562
19.09621334,0.010833905546654459
19.09627938,0.013763637750820172
19.10049176,0.014572365911345083
19.11504483,0.011413748378728923
19.11515307,0.010772869459067674
19.13790822,0.013870450904097047
19.13806105,0.014572365911345083
19.13812733,0.011505302510109103
19.14005494,0.010879682612344548
19.14016986,0.01394674601358053
19.14023638,0.01454184786755169
19.14029574,0.01138323033493553
19.14035249,0.010696574349584192
19.15524912,0.013794155794613565
19.15541029,0.014526588845654994
19.16307926,0.011505302510109103
19.16320658,0.010772869459067674
19.1632719,0.013885709925993743
19.16809058,0.01458762493324178
19.19186497,0.011520561532005799
19.19197154,0.010833905546654459
19.19201159,0.013916227969787138
19.1920476,0.01458762493324178
19.19208288,0.011490043488212406
19.20202565,0.01078812848096437
19.20215845,0.01385519188220035
19.21202183,0.014526588845654994
19.21217418,0.011551079575799192
19.2122407,0.010742351415274281
19.22095728,0.013824673838406958
19.22108221,0.01454184786755169
19.22114754,0.01147478446631571
19.23747802,0.010864423590447852
19.23751211,0.013839932860303654
19.24472642,0.014572365911345083
19.26800036,0.011505302510109103
19.26810837,0.010772869459067674
19.26817465,0.013809414816510261
19.26823473,0.01454184786755169
19.26829219,0.011520561532005799
19.28207612,0.010772869459067674
19.28220439,0.013809414816510261
19.28227186,0.014511329823758298
19.28233337,0.01147478446631571
19.28242278,0.010757610437170977
19.2960012,0.013809414816510261
19.29611063,0.014496070801861601
19.30098271,0.011535820553902495
19.30109382,0.010742351415274281
19.30115986,0.013748378728923476
19.30121875,0.014572365911345083
19.31496882,0.011566338597695888
19.31507802,0.01078812848096437
19.32812619,0.013794155794613565
19.32825375,0.01454184786755169
19.32832122,0.011505302510109103
19.34199023,0.010757610437170977
19.34210038,0.013824673838406958
19.34493899,0.01454184786755169
19.34506416,0.011596856641489281
19.34513044,0.010803387502861066
19.3545506,0.01373311970702678
19.35459137,0.01454184786755169
19.36196065,0.011520561532005799
19.3620832,0.010772869459067674
19.36214924,0.013763637750820172
19.36872745,0.01454184786755169
19.39206982,0.011505302510109103
19.39219928,0.010696574349584192
19.39226127,0.01373311970702678
19.39654565,0.01454184786755169
19.39658785,0.011505302510109103
19.39661598,0.010757610437170977
19.39664459,0.013672083619439994
19.41201782,0.014450293736171512
19.41217017,0.011535820553902495
19.4122386,0.010666056305790799
19.42081547,0.013702601663233387
19.4209466,0.014480811779964905
19.42101073,0.011505302510109103
19.43371987,0.010742351415274281
19.43376541,0.013717860685130083
19.43657708,0.014557106889448387
19.45894933,0.011551079575799192
19.45905852,0.010772869459067674
19.45912313,0.013763637750820172
19.45918393,0.014496070801861601
19.45924115,0.011566338597695888
19.46193004,0.010666056305790799
19.46204281,0.013717860685130083
19.47595358,0.014572365911345083
19.47608018,0.011535820553902495
19.47614717,0.010711833371480888
19.4849968,0.013702601663233387
19.48511863,0.01454184786755169
19.49802232,0.011612115663385977
19.49817467,0.010757610437170977
19.49824119,0.01373311970702678
19.52195311,0.014572365911345083
19.52399969,0.011627374685282674
19.52411008,0.010833905546654459
19.52417541,0.01368734264133669
19.52423358,0.014602883955138476
19.52441502,0.011596856641489281
19.5325315,0.010742351415274281
19.53257751,0.013717860685130083
19.54300594,0.01458762493324178
19.54313254,0.011657892729076066
19.54319954,0.010772869459067674
19.55707526,0.01373311970702678
19.5572052,0.01458762493324178
19.55727124,0.011627374685282674
19.57350802,0.010696574349584192
19.57353711,0.013672083619439994
19.57355738,0.014602883955138476
19.58480024,0.01164263370717937
19.58491015,0.010696574349584192
19.58497572,0.013641565575646601
19.58503413,0.014526588845654994
19.58509183,0.01164263370717937
19.60009503,0.010742351415274281
19.60020399,0.013626306553749905
19.60796809,0.014557106889448387
19.60808134,0.01164263370717937
19.60814643,0.010666056305790799
19.62152719,0.013672083619439994
19.62155819,0.014557106889448387
19.64612436,0.011657892729076066
19.64625406,0.010681315327687495
19.64632034,0.013626306553749905
19.64641404,0.01458762493324178
19.66010022,0.011612115663385977
19.66021991,0.010711833371480888
19.6679399,0.013611047531853208
19.66806698,0.014557106889448387
19.66813374,0.011657892729076066
19.675565,0.010635538261997406
19.67560792,0.013595788509956512
19.68007946,0.014572365911345083
19.6801908,0.011703669794766156
19.68025684,0.010681315327687495
19.70306396,0.013611047531853208
19.70319343,0.014511329823758298
19.70494986,0.011657892729076066
19.70506096,0.010757610437170977
19.70512557,0.013611047531853208
19.70518398,0.014526588845654994
19.71000481,0.011673151750972763
19.71013832,0.010711833371480888
19.72306299,0.013550011444266423
19.72317457,0.014572365911345083
19.723243,0.01164263370717937
19.73450875,0.010696574349584192
19.73455048,0.013611047531853208
19.75585604,0.014496070801861601
19.75598931,0.011673151750972763
19.7560544,0.010681315327687495
19.75611377,0.013580529488059816
19.7561717,0.01454184786755169
19.76581025,0.011779964904249637
19.76589537,0.010635538261997406
19.7659359,0.013550011444266423
19.76597238,0.01458762493324178
19.77999496,0.011718928816662852
19.78010488,0.010696574349584192
19.7880156,0.013626306553749905
19.78816772,0.014557106889448387
19.78823471,0.011718928816662852
19.80307817,0.010696574349584192
19.80320811,0.01356527046616312
19.81681252,0.01458762493324178
19.8169651,0.011749446860456245
19.81703115,0.010711833371480888
19.81708431,0.01356527046616312
19.81711936,0.014572365911345083
19.83173776,0.011749446860456245
19.83186507,0.010696574349584192
19.83193254,0.013626306553749905
19.83199167,0.01454184786755169
19.8469975,0.011718928816662852
19.84710717,0.010696574349584192
19.85301828,0.013504234378576334
19.85317254,0.014572365911345083
19.85323739,0.011764705882352941
19.88247943,0.010666056305790799
19.88250542,0.01356527046616312
19.88252568,0.014526588845654994
19.88254404,0.011718928816662852
19.88256264,0.010666056305790799
19.88258123,0.013580529488059816
19.88259912,0.01458762493324178
19.89677763,0.011749446860456245
19.89688945,0.010696574349584192
19.89695525,0.01356527046616312
19.89701295,0.014557106889448387
19.91199756,0.011841000991836423
19.91210532,0.010696574349584192
19.92597747,0.013611047531853208
19.92608786,0.014648661020828565
19.92615318,0.01181048294804303
19.94846416,0.010711833371480888
19.948488,0.013397421225299458
19.95078421,0.014450293736171512
19.95089531,0.011657892729076066
19.95096183,0.010666056305790799
19.95102143,0.013550011444266423
19.95108008,0.01458762493324178
19.96078014,0.011886778057526512
19.96089101,0.010696574349584192
19.96095634,0.01356527046616312
19.96753335,0.014648661020828565
19.99307775,0.011795223926146334
19.99320912,0.010681315327687495
20.00703406,0.013550011444266423
20.00718832,0.01458762493324178
20.00725484,0.01181048294804303
20.00731254,0.010711833371480888
20.00738978,0.013458457312886245
20.02095127,0.014557106889448387
20.0210793,0.011841000991836423
20.02114558,0.010681315327687495
20.0299952,0.013473716334782941
20.0301044,0.014602883955138476
20.0439899,0.011825741969939726
20.04414129,0.010666056305790799
20.0442071,0.01351949340047303
20.05153823,0.014572365911345083
20.0615406,0.011902037079423208
20.06167102,0.010650797283894103
20.06173611,0.013443198290989548
20.06178784,0.01458762493324178
20.06182528,0.011841000991836423
20.07351756,0.010681315327687495
20.07355762,0.013473716334782941
20.08787727,0.01458762493324178
20.08798838,0.011841000991836423
20.0880549,0.01062027924010071
20.09153891,0.013488975356679637
20.09158182,0.014557106889448387
20.09788156,0.011886778057526512
20.09797287,0.010681315327687495
20.09803843,0.013412680247196154
20.09987664,0.01454184786755169
20.11273789,0.011871519035629816
20.11284781,0.010635538261997406
20.12705302,0.013443198290989548
20.12716484,0.014572365911345083
20.12723303,0.011886778057526512
20.13627648,0.010635538261997406
20.13643026,0.013427939269092852
20.14204478,0.01458762493324178
20.14216113,0.011886778057526512
20.14222717,0.010742351415274281
20.15095496,0.013412680247196154
20.15099788,0.014557106889448387
20.16470575,0.011917296101319905
20.1648376,0.010635538261997406
20.16492867,0.013427939269092852
20.16498876,0.014572365911345083
20.19187117,0.011902037079423208
20.19199991,0.010650797283894103
20.19206619,0.013366903181506065
20.19212484,0.01454184786755169
20.1921823,0.011871519035629816
20.20011592,0.010666056305790799
20.20022774,0.013366903181506065
20.20807052,0.014526588845654994
20.20818186,0.011886778057526512
20.20825005,0.010574502174410621
20.22151661,0.013336385137712672
20.22155809,0.014602883955138476
20.23620534,0.011871519035629816
20.23631787,0.010635538261997406
20.23640656,0.013382162203402761
20.2425859,0.014526588845654994
20.25598669,0.011932555123216601
20.25609612,0.010574502174410621
20.26205659,0.013351644159609368
20.26217723,0.014496070801861601
20.26224208,0.011917296101319905
20.2675209,0.010574502174410621
20.26756167,0.013275349050125887
20.27703834,0.014557106889448387
20.27717066,0.011932555123216601
20.28617978,0.01062027924010071
20.28633356,0.013382162203402761
20.28642845,0.014557106889448387
20.30997491,0.011932555123216601
20.31009579,0.010635538261997406
20.31015992,0.013382162203402761
20.31021905,0.014618142977035172
20.33297086,0.011932555123216601
20.33309746,0.010635538261997406
20.33497095,0.013321126115815976
20.33511305,0.014557106889448387
20.33517861,0.011978332188906692
20.34750128,0.010650797283894103
20.3475337,0.013382162203402761
20.34756112,0.014557106889448387
20.34758902,0.011947814145113297
20.3476162,0.010650797283894103
20.3614552,0.013321126115815976
20.36147809,0.014602883955138476
20.37599039,0.011963073167009996
20.37610221,0.010681315327687495
20.3761692,0.013321126115815976
20.37622976,0.014602883955138476
20.38485765,0.012008850232700085
20.38498569,0.010650797283894103
20.3850522,0.013321126115815976
20.38511062,0.014618142977035172
20.38517022,0.011963073167009996
20.40007472,0.010666056305790799
20.40020418,0.01326009002822919
20.40805769,0.01458762493324178
20.4081881,0.012008850232700085
20.40825462,0.01062027924010071
20.43251133,0.01326009002822919
20.43253255,0.014618142977035172
20.43255138,0.012039368276493477
20.43256974,0.010711833371480888
20.43258762,0.013397421225299458
20.4326055,0.01470969710841535
20.44676352,0.012085145342183566
20.44687247,0.010727092393377585
20.45197892,0.013382162203402761
20.45209289,0.014648661020828565
20.45215702,0.012130922407873656
20.46548772,0.010666056305790799
20.46552444,0.013290608072022583
20.4797678,0.014663920042725261
20.47988009,0.012054627298390174
20.49302006,0.010711833371480888
20.49317288,0.013321126115815976
20.49323893,0.014648661020828565
20.50192046,0.012100404364080263
20.50203848,0.010696574349584192
20.50210285,0.013366903181506065
20.50216126,0.014618142977035172
20.51000237,0.012146181429770352
20.51011848,0.010666056305790799
20.52305651,0.013275349050125887
20.52318859,0.014648661020828565
20.52325678,0.012085145342183566
20.52852964,0.010681315327687495
20.52863026,0.01330586709391928
20.54305553,0.014648661020828565
20.54318571,0.01211566338597696
20.54325247,0.010543984130617228
20.5665133,0.013199053940642405
20.5665381,0.014618142977035172
20.56655622,0.012130922407873656
20.56657505,0.01078812848096437
20.56992745,0.013199053940642405
20.57005572,0.014633401998931869
20.5778482,0.012146181429770352
20.57797551,0.010635538261997406
20.59202147,0.01326009002822919
20.59217572,0.01458762493324178
20.59224057,0.012146181429770352
20.60575461,0.010543984130617228
20.60584497,0.013153276874952316
20.61975455,0.014602883955138476
20.61988139,0.012176699473563745
20.61994696,0.010650797283894103
20.62000585,0.013244831006332494
20.62006545,0.014526588845654994
20.63000917,0.012146181429770352
20.63016033,0.010650797283894103
20.630229,0.013229571984435798
20.63499355,0.014648661020828565
20.64314055,0.012207217517357137
20.6432631,0.010772869459067674
20.64333224,0.013183794918745708
20.66653967,0.01458762493324178
20.66656518,0.012085145342183566
20.66658521,0.010635538261997406
20.66660476,0.013168535896849012
20.68181491,0.014602883955138476
20.68195891,0.012130922407873656
20.68199944,0.01062027924010071
20.68203664,0.01313801785305562
20.68207145,0.014557106889448387
20.69675183,0.012161440451667048
20.69688034,0.010513466086823835
20.69694662,0.013183794918745708
20.69700599,0.014602883955138476
20.72180986,0.012252994583047227
20.72191954,0.010742351415274281
20.72198391,0.013214312962539101
20.7220428,0.014618142977035172
20.72210312,0.012176699473563745
20.73767304,0.010498207064927139
20.73771119,0.01297016861219196
20.74200964,0.014450293736171512
20.74212217,0.012161440451667048
20.74218631,0.010635538261997406
20.75248337,0.013153276874952316
20.75251174,0.014602883955138476
20.76359105,0.012222476539253834
20.7636826,0.010650797283894103
20.76370907,0.01309224078736553
20.77999306,0.014602883955138476
20.79294395,0.012329289692530708
20.79305196,0.010589761196307317
20.79311776,0.013046463721675441
20.79317689,0.01454184786755169
20.79323459,0.012207217517357137
20.81707525,0.010574502174410621
20.81720352,0.013076981765468834
20.82171917,0.01458762493324178
20.82184625,0.012252994583047227
20.821913,0.010635538261997406
20.8309896,0.013107499809262227
20.83109879,0.014648661020828565
20.83993363,0.012298771648737316
20.84006214,0.01062027924010071
20.84012914,0.013061722743572137
20.85250807,0.01458762493324178
20.85966039,0.01223773556115053
20.85974288,0.010498207064927139
20.85977459,0.013076981765468834
20.8598063,0.014618142977035172
20.85983419,0.012252994583047227
20.87248278,0.010635538261997406
20.87251115,0.01309224078736553
20.87253046,0.014618142977035172
20.8725493,0.012375066758220797
20.87256765,0.010650797283894103
20.88248539,0.012954909590295263
20.88250828,0.014663920042725261
20.89678073,0.012344548714427405
20.89689398,0.010757610437170977
20.89695907,0.013107499809262227
20.89701986,0.014679179064621958
20.92179894,0.01240558480201419
20.92190766,0.010574502174410621
20.92197347,0.013076981765468834
20.9220345,0.014694438086518654
20.92209244,0.012359807736324101
20.93147993,0.010681315327687495
20.93151164,0.013076981765468834
20.94086885,0.014602883955138476
20.94097948,0.012344548714427405
20.94104838,0.010696574349584192
20.94852805,0.01309224078736553
20.94856215,0.014679179064621958
20.96297932,0.012451361867704281
20.96309185,0.010696574349584192
20.97694492,0.013031204699778745
20.97707248,0.01470969710841535
20.98624372,0.012573434042877852
20.98640084,0.010681315327687495
20.99095058,0.012985427634088656
20.991081,0.014572365911345083
20.99114943,0.012359807736324101
21.00005984,0.010666056305790799
21.0001905,0.01297016861219196
21.00804996,0.01458762493324178
21.00818324,0.012420843823910887
21.00824785,0.010666056305790799
21.02151513,0.012924391546501868
21.02155685,0.014618142977035172
21.04582238,0.01240558480201419
21.04597688,0.010650797283894103
21.04604292,0.013031204699778745
21.04610252,0.01458762493324178
21.04615974,0.012359807736324101
21.04621649,0.010681315327687495
21.05597448,0.012985427634088656
21.05612946,0.014648661020828565
21.05619597,0.012451361867704281
21.06351829,0.010666056305790799
21.06355715,0.012939650568398567
21.08306074,0.01458762493324178
21.08319139,0.012451361867704281
21.08325863,0.010635538261997406
21.09201145,0.013000686655985352
21.09211969,0.014602883955138476
21.10607243,0.012420843823910887
21.1062057,0.010711833371480888
21.10627317,0.012939650568398567
21.10633302,0.014618142977035172
21.12981176,0.01228351262684062
21.12990499,0.010681315327687495
21.12994599,0.012954909590295263
21.12998271,0.014602883955138476
21.13001728,0.012466620889600977
21.14152479,0.010681315327687495
21.14156604,0.01297016861219196
21.1510005,0.014648661020828565
21.15112591,0.012466620889600977
21.15119314,0.010650797283894103
21.17349601,0.012893873502708476
21.17352557,0.01458762493324178
21.17354465,0.012344548714427405
21.17356277,0.010696574349584192
21.17358065,0.012939650568398567
21.18098617,0.014557106889448387
21.18109632,0.012451361867704281
21.18116188,0.010650797283894103
21.1946702,0.012695506218051423
21.19478583,0.014618142977035172
21.19482875,0.012466620889600977
21.19486499,0.010635538261997406
21.1948998,0.012863355458915083
21.21012115,0.014557106889448387
21.2102499,0.012527656977187763
21.21031594,0.010666056305790799
21.23272204,0.012909132524605172
21.23279333,0.01458762493324178
21.23283195,0.012481879911497674
21.23447609,0.010681315327687495
21.23451853,0.012726024261844816
21.23454571,0.014648661020828565
21.24798083,0.012573434042877852
21.24809051,0.010681315327687495
21.25310135,0.012863355458915083
21.25321436,0.014602883955138476
21.25328255,0.012527656977187763
21.26721191,0.010666056305790799
21.26734161,0.01283283741512169
21.28102279,0.014679179064621958
21.28114963,0.01254291599908446
21.28121829,0.010681315327687495
21.29486012,0.012909132524605172
21.29501128,0.01458762493324178
21.3009479,0.012634470130464637
21.30107355,0.010742351415274281
21.30114102,0.012848096437018387
21.30120397,0.014648661020828565
21.31500411,0.012573434042877852
21.31513286,0.010711833371480888
21.31993127,0.012863355458915083
21.32006001,0.014663920042725261
21.32012606,0.012634470130464637
21.33306837,0.010681315327687495
21.33317947,0.012649729152361334
21.35682058,0.014663920042725261
21.35697508,0.012634470130464637
21.3570323,0.010742351415274281
21.35706878,0.012848096437018387
21.35710311,0.014618142977035172
21.37291718,0.012603952086671245
21.37304568,0.010772869459067674
21.37311244,0.012817578393224994
21.37474489,0.014648661020828565
21.37485576,0.012649729152361334
21.37491965,0.010650797283894103
21.38992047,0.012787060349431601
21.39004874,0.014602883955138476
21.39011598,0.012588693064774548
21.40290427,0.010681315327687495
21.40299797,0.012741283283741512
21.41198397,0.014572365911345083
21.41209626,0.012619211108567941
21.41216183,0.010650797283894103
21.41928959,0.012756542305638208
21.41937423,0.01458762493324178
21.43160748,0.012573434042877852
21.43171287,0.010681315327687495
21.43174672,0.012726024261844816
21.43177581,0.014557106889448387
21.44687462,0.012649729152361334
21.44698095,0.010711833371480888
21.45877695,0.012726024261844816
21.45887685,0.014572365911345083
21.4589448,0.012619211108567941
21.47261882,0.010635538261997406
21.47267199,0.01271076523994812
21.47270989,0.014435034714274816
21.47274518,0.012634470130464637
21.47277951,0.010711833371480888
21.48645997,0.012695506218051423
21.48648071,0.014557106889448387
21.49587417,0.012695506218051423
21.49600697,0.010681315327687495
21.49607277,0.012726024261844816
21.49613667,0.014618142977035172
21.52083826,0.012756542305638208
21.52096772,0.010986495765621425
21.52103233,0.012649729152361334
21.52109003,0.014496070801861601
21.52114654,0.012573434042877852
21.53847694,0.010635538261997406
21.53850102,0.01266498817425803
21.53851914,0.014557106889448387
21.53853679,0.012756542305638208
21.53860164,0.010757610437170977
21.55046201,0.012756542305638208
21.55048656,0.014648661020828565
21.56485248,0.012771801327534905
21.56498218,0.010681315327687495
21.56504798,0.012680247196154727
21.56510949,0.014602883955138476
21.58987403,0.012695506218051423
21.59000444,0.010711833371480888
21.59007025,0.012695506218051423
21.59012842,0.014557106889448387
21.59018588,0.012695506218051423
21.60003066,0.010711833371480888
21.60016012,0.012603952086671245
21.60807562,0.01458762493324178
21.6082263,0.012741283283741512
21.60829163,0.010635538261997406
21.62266922,0.012649729152361334
21.62271261,0.01458762493324178
21.62691498,0.012756542305638208
21.62704277,0.010696574349584192
21.62710857,0.01266498817425803
21.64046788,0.014618142977035172
21.65497279,0.012802319371328297
21.65508294,0.010742351415274281
21.66086006,0.012619211108567941
21.66097927,0.014618142977035172
21.66104674,0.012802319371328297
21.66650414,0.010635538261997406
21.66653419,0.012588693064774548
21.67593527,0.01454184786755169
21.67606258,0.01271076523994812
21.67613053,0.010772869459067674
21.69001365,0.012649729152361334
21.69014406,0.014618142977035172
21.69555426,0.012787060349431601
21.69563723,0.010711833371480888
21.69567657,0.012634470130464637
21.71005106,0.01458762493324178
21.7177875,0.012802319371328297
21.71790099,0.010696574349584192
21.73202157,0.012619211108567941
21.73215342,0.01458762493324178
21.73222089,0.012817578393224994
21.74146748,0.010772869459067674
21.74150014,0.012619211108567941
21.74152827,0.014633401998931869
21.74155545,0.012893873502708476
21.74158239,0.010742351415274281
21.75344443,0.012558175020981156
21.75346661,0.014633401998931869
21.76314282,0.012863355458915083
21.7632513,0.010711833371480888
21.78711224,0.012588693064774548
21.78726673,0.01441977569237812
21.79602456,0.01283283741512169
21.79615307,0.010711833371480888
21.79621744,0.012512397955291066
21.79627681,0.014557106889448387
21.79633427,0.012787060349431601
21.80979705,0.010589761196307317
21.80991554,0.012466620889600977
21.82277942,0.014618142977035172
21.82288551,0.01283283741512169
21.8229537,0.010681315327687495
21.83049393,0.012527656977187763
21.83052731,0.01458762493324178
21.83589602,0.012893873502708476
21.83600736,0.010757610437170977
21.83607268,0.012512397955291066
21.83613205,0.014602883955138476
21.84992838,0.012985427634088656
21.85005474,0.01078812848096437
21.86275649,0.012512397955291066
21.86284089,0.014663920042725261
21.86288404,0.01297016861219196
21.87662315,0.01104753185320821
21.87666225,0.012603952086671245
21.87669206,0.014648661020828565
21.87671971,0.012954909590295263
21.87674665,0.01078812848096437
21.88358951,0.012466620889600977
21.88361931,0.014618142977035172
21.8979454,0.013031204699778745
21.8980794,0.010772869459067674
21.89814687,0.01249713893339437
21.89964557,0.014633401998931869
21.92273808,0.013031204699778745
21.92286396,0.010727092393377585
21.92292857,0.012527656977187763
21.92298961,0.01458762493324178
21.92304778,0.012939650568398567
21.93655849,0.010772869459067674
21.93658948,0.012466620889600977
21.94156337,0.014496070801861601
21.94162059,0.013000686655985352
21.94165182,0.01078812848096437
21.95051384,0.012466620889600977
21.95053315,0.01458762493324178
21.96492171,0.013015945677882048
21.96504951,0.010757610437170977
21.96511507,0.012466620889600977
21.97804379,0.014602883955138476
21.99181867,0.01297016861219196
21.99195027,0.010742351415274281
21.99201536,0.012420843823910887
21.99207497,0.01454184786755169
21.99213147,0.013031204699778745
21.99801636,0.010650797283894103
21.99814796,0.012390325780117494
22.01192331,0.01454184786755169
22.0120759,0.01297016861219196
22.0121429,0.010711833371480888
22.01797462,0.012436102845807583
22.01808238,0.01458762493324178
22.04175377,0.013000686655985352
22.04190683,0.010742351415274281
22.04197431,0.012436102845807583
22.04203463,0.01454184786755169
22.0420928,0.013061722743572137
22.04214883,0.010513466086823835
22.05198836,0.01240558480201419
22.05215478,0.014602883955138476
22.05222201,0.012985427634088656
22.06470799,0.010696574349584192
22.06475306,0.012375066758220797
22.07329202,0.014480811779964905
22.07350135,0.013031204699778745
22.07358885,0.010757610437170977
22.09684038,0.012298771648737316
22.0969727,0.01454184786755169
22.09703851,0.013076981765468834
22.09709787,0.010589761196307317
22.09715486,0.012344548714427405
22.09721112,0.01458762493324178
22.11204362,0.01309224078736553
22.11217403,0.010696574349584192
22.12093377,0.012390325780117494
22.12104607,0.014572365911345083
22.12111449,0.01309224078736553
22.13049173,0.010772869459067674
22.1305213,0.012298771648737316
22.14377356,0.01454184786755169
22.14390111,0.013076981765468834
22.14396644,0.010742351415274281
22.15658593,0.012466620889600977
22.15662217,0.01458762493324178
22.17111397,0.013076981765468834
22.17122793,0.010696574349584192
22.17129374,0.012329289692530708
22.17135239,0.014572365911345083
22.17692232,0.01309224078736553
22.17703295,0.01078812848096437
22.19100046,0.012222476539253834
22.19115615,0.014496070801861601
22.1912241,0.01309224078736553
22.20500445,0.010635538261997406
22.20511436,0.012268253604943923
22.22809362,0.014557106889448387
22.22822642,0.01313801785305562
22.2282908,0.010711833371480888
22.23504162,0.012268253604943923
22.2351706,0.01454184786755169
22.24789381,0.013107499809262227
22.24802017,0.010803387502861066
22.24808741,0.012268253604943923
22.24814606,0.014526588845654994
22.24820161,0.013107499809262227
22.24825811,0.010757610437170977
22.24831367,0.01223773556115053
22.25709176,0.014496070801861601
22.25712276,0.013183794918745708
22.28111744,0.010757610437170977
22.28122592,0.012207217517357137
22.28598189,0.014572365911345083
22.28613567,0.013214312962539101
22.2862041,0.010833905546654459
22.29210854,0.01228351262684062
22.29223895,0.014373998626688029
22.3007226,0.01309224078736553
22.30085015,0.010650797283894103
22.30091858,0.012146181429770352
22.30097842,0.01454184786755169
22.31105089,0.013199053940642405
22.31116104,0.010803387502861066
22.32474518,0.012191958495460441
22.3248651,0.014526588845654994
22.32489872,0.013229571984435798
22.33792114,0.010772869459067674
22.33802986,0.012222476539253834
22.36284399,0.014526588845654994
22.3629961,0.013244831006332494
22.36306214,0.010757610437170977
22.36449289,0.012161440451667048
22.36454439,0.014557106889448387
22.36457443,0.013229571984435798
22.36460233,0.010772869459067674
22.36462903,0.012207217517357137
22.36850977,0.014465552758068208
22.40077138,0.013199053940642405
22.40088344,0.010772869459067674
22.40095115,0.012176699473563745
22.40101123,0.014526588845654994
22.40106845,0.013244831006332494
22.40279818,0.010742351415274281
22.40286136,0.012100404364080263
22.40800619,0.014496070801861601
22.40813684,0.01326009002822919
22.40820146,0.010757610437170977
22.4220264,0.012176699473563745
22.42215562,0.014480811779964905
22.4278636,0.013229571984435798
22.42796516,0.010803387502861066
22.42799735,0.012100404364080263
22.43552184,0.01454184786755169
22.45794082,0.01330586709391928
22.45805192,0.010757610437170977
22.45811701,0.01211566338597696
22.46151304,0.014526588845654994
22.46155357,0.013275349050125887
22.47096133,0.010727092393377585
22.47106957,0.012161440451667048
22.47559047,0.014526588845654994
22.4756639,0.013199053940642405
22.47569585,0.010818646524757763
22.48994541,0.01211566338597696
22.49005675,0.014694438086518654
22.49590755,0.013366903181506065
22.49603558,0.010772869459067674
22.49610186,0.012039368276493477
22.50189233,0.014511329823758298
22.52577734,0.013321126115815976
22.52587175,0.010818646524757763
22.52591038,0.012100404364080263
22.5259459,0.014496070801861601
22.52598047,0.01330586709391928
22.53194571,0.01078812848096437
22.5320549,0.012085145342183566
22.54090905,0.014465552758068208
22.54103756,0.013382162203402761
22.54110408,0.010757610437170977
22.55496073,0.011993591210803388
22.55507135,0.014465552758068208
22.56797743,0.013321126115815976
22.56813955,0.010757610437170977
22.56820726,0.012039368276493477
22.58202791,0.014465552758068208
22.58215761,0.013336385137712672
22.58222437,0.010757610437170977
22.58228397,0.011978332188906692
22.60746884,0.014465552758068208
22.60749578,0.013382162203402761
22.61495829,0.01078812848096437
22.61507154,0.011993591210803388
22.61513662,0.014465552758068208
22.61519504,0.013321126115815976
22.61525154,0.010757610437170977
22.62303424,0.012024109254596781
22.62316227,0.014480811779964905
22.63690424,0.013427939269092852
22.63703179,0.010864423590447852
22.63709807,0.011993591210803388
22.64593983,0.014526588845654994
22.66002727,0.013427939269092852
22.66018558,0.010818646524757763
22.66025138,0.011978332188906692
22.66031027,0.014480811779964905
22.66039348,0.013427939269092852
22.6744895,0.010772869459067674
22.67451811,0.012054627298390174
22.67804742,0.014496070801861601
22.67815971,0.013443198290989548
22.67822456,0.010894941634241245
22.68743753,0.011978332188906692
22.68746638,0.014526588845654994
22.69568682,0.013550011444266423
22.69575262,0.010818646524757763
22.69578815,0.012008850232700085
22.69852805,0.014526588845654994
22.72565293,0.013443198290989548
22.72573757,0.010818646524757763
22.7257688,0.011978332188906692
22.72579741,0.014480811779964905
22.72582603,0.013458457312886245
22.73550916,0.010864423590447852
22.7355423,0.011902037079423208
22.7410183,0.014450293736171512
22.74113011,0.01351949340047303
22.74119568,0.010772869459067674
22.75046539,0.012161440451667048
22.75050259,0.014435034714274816
22.76279664,0.013443198290989548
22.76289177,0.010803387502861066
22.76295877,0.011932555123216601
22.76853228,0.014465552758068208
22.79293036,0.013504234378576334
22.79306889,0.010864423590447852
22.79462242,0.011871519035629816
22.79472375,0.014435034714274816
22.79475522,0.013504234378576334
22.7947855,0.01078812848096437
22.79481363,0.011902037079423208
22.81014276,0.014465552758068208
22.81027341,0.013504234378576334
22.81033874,0.010818646524757763
22.81946731,0.011902037079423208
22.81950617,0.014450293736171512
22.83293867,0.01356527046616312
22.83305168,0.010910200656137941
22.83311844,0.011886778057526512
22.84645104,0.014435034714274816
22.85192537,0.01356527046616312
22.85204554,0.010833905546654459
22.86098862,0.01181048294804303
22.86113906,0.014450293736171512
22.86120605,0.013504234378576334
22.86546683,0.010681315327687495
22.86551213,0.011841000991836423
22.87494016,0.01441977569237812
22.87507129,0.013550011444266423
22.87513638,0.010833905546654459
22.88253427,0.011841000991836423
22.88257408,0.01441977569237812
22.90680218,0.013580529488059816
22.90693378,0.010833905546654459
22.90700054,0.011841000991836423
22.90705872,0.014465552758068208
22.93204355,0.013550011444266423
22.93216205,0.010833905546654459
22.93222642,0.011795223926146334
22.93228507,0.014404516670481423
22.93234396,0.013641565575646601
22.95545864,0.010864423590447852
22.95548749,0.011764705882352941
22.95550609,0.014465552758068208
22.95552564,0.013595788509956512
22.95554352,0.010833905546654459
22.95765662,0.01181048294804303
22.95774484,0.014450293736171512
22.96491742,0.013611047531853208
22.96504283,0.010818646524757763
22.96510887,0.011764705882352941
22.97765303,0.014435034714274816
22.99203897,0.013595788509956512
22.99216819,0.010894941634241245
22.9922328,0.011749446860456245
22.99229121,0.01441977569237812
22.99234891,0.013641565575646601
22.9980216,0.010803387502861066
22.99815416,0.011734187838559548
23.01199126,0.01441977569237812
23.01215005,0.013611047531853208
23.01221585,0.010864423590447852
23.01994872,0.011779964904249637
23.02005792,0.014404516670481423
23.03298283,0.013672083619439994
23.03313565,0.010971236743724726
23.03320432,0.011779964904249637
23.04702878,0.01441977569237812
23.05593967,0.013611047531853208
23.05605054,0.010742351415274281
23.05611682,0.011627374685282674
23.05617547,0.014373998626688029
23.05623269,0.013611047531853208
23.06352377,0.010894941634241245
23.06356335,0.011734187838559548
23.07779312,0.014404516670481423
23.07792568,0.01368734264133669
23.07799053,0.010910200656137941
23.08303213,0.011703669794766156
23.08316064,0.014389257648584725
23.10680056,0.013702601663233387
23.10693407,0.010879682612344548
23.10700083,0.011963073167009996
23.10706019,0.014404516670481423
23.11679792,0.01368734264133669
23.11693001,0.010894941634241245
23.11699629,0.011718928816662852
23.11705542,0.014373998626688029
23.11711431,0.01368734264133669
23.13149786,0.010925459678034637
23.13152909,0.011673151750972763
23.14095092,0.01441977569237812
23.14106226,0.01373311970702678
23.14112806,0.010925459678034637
23.1664784,0.01168841077286946
23.16650271,0.014435034714274816
23.16652274,0.013763637750820172
23.16654181,0.010894941634241245
23.16655993,0.011703669794766156
23.16657829,0.014343480582894636
23.17871714,0.013717860685130083
23.17879486,0.010879682612344548
23.18794274,0.01164263370717937
23.18806982,0.014404516670481423
23.18813658,0.013778896772716868
23.19703865,0.010879682612344548
23.19714856,0.011673151750972763
23.24578643,0.014404516670481423
23.24594188,0.01373311970702678
23.24603915,0.01095597772182803
23.24610233,0.01168841077286946
23.24616051,0.014404516670481423
23.24808693,0.013794155794613565
23.24823761,0.010971236743724726
23.24830365,0.011627374685282674
23.24839044,0.014389257648584725
23.25701308,0.013824673838406958
23.25712299,0.010894941634241245
23.25718951,0.011612115663385977
23.25725245,0.014373998626688029
23.25731254,0.013748378728923476
23.26851392,0.010940718699931334
23.26855326,0.01164263370717937
23.27993011,0.014358739604791332
23.28005934,0.01373311970702678
23.28012872,0.010925459678034637
23.28351474,0.011596856641489281
23.28355217,0.014312962539101243
23.30808735,0.013809414816510261
23.30821347,0.010864423590447852
23.30827975,0.011535820553902495
23.30833936,0.01432822156099794
23.31293988,0.013702601663233387
23.3130517,0.010833905546654459
23.31991172,0.011612115663385977
23.32002139,0.01428244449530785
23.32008791,0.013763637750820172
23.33548045,0.010925459678034637
23.33551741,0.011505302510109103
23.34220219,0.014251926451514458
23.34231544,0.013748378728923476
23.34241438,0.010864423590447852
23.35846806,0.011505302510109103
23.35849094,0.014358739604791332
23.37299299,0.013763637750820172
23.37314653,0.010864423590447852
23.37321281,0.011535820553902495
23.3732717,0.01428244449530785
23.38196659,0.013824673838406958
23.38207674,0.01095597772182803
23.38699532,0.011520561532005799
23.38714671,0.014358739604791332
23.38721466,0.01385519188220035
23.40103436,0.010986495765621425
23.40116286,0.011612115663385977
23.40702915,0.014373998626688029
23.40715981,0.01390096894789044
23.40722537,0.010925459678034637
23.43083096,0.011535820553902495
23.43096185,0.01432822156099794
23.43102884,0.013931486991683834
23.43108988,0.011001754787518121
23.43114638,0.011535820553902495
23.43120337,0.014343480582894636
23.44598722,0.013916227969787138
23.44609141,0.010940718699931334
23.45351338,0.011551079575799192
23.45358253,0.014343480582894636
23.45361948,0.013916227969787138
23.46847868,0.010940718699931334
23.46851563,0.011520561532005799
23.48988557,0.01432822156099794
23.49001265,0.013870450904097047
23.49007845,0.011017013809414817
23.49151015,0.011413748378728923
23.49154067,0.014297703517204547
23.50091243,0.013916227969787138
23.50102305,0.010925459678034637
23.50109005,0.011490043488212406
23.50115108,0.014297703517204547
23.51493168,0.013885709925993743
23.51504326,0.010940718699931334
23.52089643,0.01142900740062562
23.52102184,0.014236667429617761
23.5210917,0.013931486991683834
23.53401017,0.011001754787518121
23.53413773,0.01147478446631571
23.54797149,0.014297703517204547
23.54812765,0.013931486991683834
23.54819489,0.01095597772182803
23.56173348,0.011459525444419012
23.5618422,0.014343480582894636
23.57588863,0.01394674601358053
23.57601523,0.011017013809414817
23.57617283,0.011444266422522316
23.57623649,0.01428244449530785
23.59981227,0.014007782101167316
23.59994054,0.010971236743724726
23.60000587,0.011490043488212406
23.60006666,0.01428244449530785
23.60012484,0.013931486991683834
23.61501503,0.010940718699931334
23.61514449,0.011413748378728923
23.62089181,0.01428244449530785
23.62101817,0.01399252307927062
23.62108493,0.011017013809414817
23.64289284,0.01142900740062562
23.64303303,0.014251926451514458
23.64309859,0.014007782101167316
23.64458251,0.011001754787518121
23.64462423,0.011413748378728923
23.64465213,0.01432822156099794
23.64467955,0.01399252307927062
23.64470696,0.011017013809414817
23.65458155,0.011398489356832226
23.65468192,0.01428244449530785
23.65472126,0.01399252307927062
23.66798425,0.011017013809414817
23.66809416,0.011413748378728923
23.68172908,0.014251926451514458
23.68183208,0.014038300144960708
23.68186474,0.01104753185320821
23.69476008,0.01138323033493553
23.69487143,0.014312962539101243
23.70306611,0.014068818188754101
23.703197,0.010971236743724726
23.70326281,0.011367971313038834
23.70332384,0.014236667429617761
23.71212935,0.014007782101167316
23.71224022,0.011001754787518121
23.72597504,0.011413748378728923
23.72608495,0.014236667429617761
23.7261517,0.014007782101167316
23.74055481,0.011001754787518121
23.74059129,0.01138323033493553
23.75291538,0.014297703517204547
23.75306439,0.014099336232547494
23.7531302,0.011032272831311514
23.75656366,0.011352712291142137
23.75660944,0.014297703517204547
23.76300812,0.01399252307927062
23.7631197,0.010910200656137941
23.7631886,0.011200122072175174
23.7632494,0.014129854276340887
23.77804279,0.013962005035477227
23.77815199,0.01095597772182803
23.80176783,0.011322194247348745
23.80192208,0.014251926451514458
23.80199003,0.01411459525444419
23.80204916,0.011017013809414817
23.8021071,0.011337453269245441
23.80998588,0.014312962539101243
23.81014013,0.014084077210650798
23.81020713,0.011078049897001603
23.81795692,0.011367971313038834
23.81806779,0.014297703517204547
23.8181324,0.014175631342030976
23.83250237,0.011139085984588388
23.83254051,0.011352712291142137
23.83257008,0.014343480582894636
23.84699774,0.014267185473411154
23.8471067,0.011200122072175174
23.87076187,0.011444266422522316
23.87091517,0.014373998626688029
23.87098122,0.014236667429617761
23.87104011,0.011306935225452048
23.87110424,0.011490043488212406
23.87317157,0.01441977569237812
23.87328243,0.014358739604791332
23.87334704,0.011291676203555352
23.8904593,0.011505302510109103
23.89048886,0.014496070801861601
23.89570379,0.014358739604791332
23.89581513,0.011352712291142137
23.89588141,0.011566338597695888
23.89593911,0.014450293736171512
23.92080665,0.014358739604791332
23.92091823,0.011306935225452048
23.9209578,0.011520561532005799
23.92099404,0.01441977569237812
23.92102885,0.014435034714274816
23.93046308,0.01126115815976196
23.93049502,0.011398489356832226
23.94469285,0.014404516670481423
23.9447999,0.014312962539101243
23.94485569,0.011230640115968566
23.94855237,0.011367971313038834
23.94858289,0.014358739604791332
23.96294951,0.01428244449530785
23.96306086,0.011230640115968566
23.96312618,0.011398489356832226
23.96851778,0.014373998626688029
23.99587584,0.014358739604791332
23.9960072,0.01121538109407187
23.99607277,0.01126115815976196
23.99613142,0.014297703517204547
23.99618816,0.01428244449530785
23.99624372,0.011154345006485085
23.99629927,0.011291676203555352
24.01118469,0.014236667429617761
24.01131511,0.014175631342030976
24.01141739,0.011093308918898299
24.01653171,0.01121538109407187
24.01656246,0.014206149385824368
24.04085755,0.014190890363927672
24.04098821,0.011108567940794995
24.04105258,0.011230640115968566
24.04110193,0.014175631342030976
24.05586863,0.014221408407721065
24.05599904,0.011123826962691692
24.05606318,0.011505302510109103
24.05612159,0.014221408407721065
24.05616617,0.014175631342030976
24.06547809,0.011078049897001603
24.06552052,0.011184863050278477
24.07497239,0.014206149385824368
24.07508349,0.014221408407721065
24.07515073,0.011123826962691692
24.08748984,0.011230640115968566
24.08752728,0.014206149385824368
24.10180688,0.014206149385824368
24.10191965,0.011154345006485085
24.10198832,0.011169604028381781
24.10204911,0.014221408407721065
24.11100841,0.01416037232013428
24.11111736,0.011123826962691692
24.12498569,0.011169604028381781
24.12509561,0.01416037232013428
24.12516022,0.014221408407721065
24.13063908,0.011108567940794995
24.13070202,0.011123826962691692
24.14194512,0.014190890363927672
24.14207315,0.014175631342030976
24.14214015,0.01104753185320821
24.15597177,0.011139085984588388
24.15608215,0.014175631342030976
24.17004538,0.014221408407721065
24.17017221,0.011108567940794995
24.17023849,0.011108567940794995
24.17029619,0.014129854276340887
24.17798758,0.014190890363927672
24.17814136,0.011123826962691692
24.19185305,0.011032272831311514
24.19198084,0.01411459525444419
24.1920464,0.014175631342030976
24.19684196,0.011078049897001603
24.1969552,0.011108567940794995
24.19702291,0.01411459525444419
24.22142673,0.014175631342030976
24.22145224,0.011062790875104906
24.22147059,0.011062790875104906
24.22148848,0.014129854276340887
24.23669243,0.014221408407721065
24.23684669,0.011108567940794995
24.23691463,0.011062790875104906
24.23697376,0.014175631342030976
24.23986936,0.014251926451514458
24.23997951,0.011108567940794995
24.25290465,0.011245899137865263
24.25305867,0.014129854276340887
24.25312495,0.014251926451514458
24.26644921,0.011139085984588388
24.26647997,0.011062790875104906
24.28088903,0.014068818188754101
24.28100204,0.014206149385824368
24.28106737,0.011108567940794995
24.29442978,0.011062790875104906
24.29446411,0.014129854276340887
24.30173373,0.014297703517204547
24.30179667,0.011108567940794995
24.30181789,0.01104753185320821
24.30183744,0.01416037232013428
24.31095123,0.014297703517204547
24.31108236,0.011200122072175174
24.32494521,0.011108567940794995
24.32507825,0.014129854276340887
24.32514381,0.01432822156099794
24.35785389,0.011169604028381781
24.35798502,0.010986495765621425
24.35987854,0.01411459525444419
24.36000538,0.014343480582894636
24.36007214,0.011245899137865263
24.36604524,0.011017013809414817
24.36615539,0.014099336232547494
24.379632,0.014312962539101243
24.3797586,0.011200122072175174
24.37982345,0.011062790875104906
24.37988257,0.01416037232013428
24.3799386,0.014312962539101243
24.37999487,0.011154345006485085
24.38960671,0.011017013809414817
24.3897326,0.01416037232013428
24.38980007,0.014343480582894636
24.40276074,0.011200122072175174
24.40283418,0.011017013809414817
24.41706944,0.014084077210650798
24.4172008,0.01432822156099794
24.41726804,0.011352712291142137
24.42597961,0.011017013809414817
24.42610955,0.014038300144960708
24.43168545,0.014312962539101243
24.43183804,0.011169604028381781
24.43190408,0.010925459678034637
24.43196559,0.014099336232547494
24.44691443,0.014358739604791332
24.44702339,0.011200122072175174
24.45247555,0.01104753185320821
24.45257354,0.014084077210650798
24.45264077,0.014435034714274816
24.47678947,0.011306935225452048
24.47691917,0.011108567940794995
24.47698736,0.014206149385824368
24.47704697,0.014435034714274816
24.47710395,0.011139085984588388
24.48696899,0.010833905546654459
24.48709726,0.013931486991683834
24.49589705,0.014297703517204547
24.4960072,0.011169604028381781
24.49607658,0.01126115815976196
24.50144243,0.014099336232547494
24.51089621,0.014404516670481423
24.51096821,0.011291676203555352
24.5347774,0.011001754787518121
24.53490949,0.01411459525444419
24.53497601,0.01441977569237812
24.53503466,0.01126115815976196
24.53509688,0.011001754787518121
24.54464936,0.014099336232547494
24.54477525,0.014435034714274816
24.54484177,0.011230640115968566
24.55300927,0.01104753185320821
24.55313897,0.01411459525444419
24.56672621,0.014373998626688029
24.56687689,0.01126115815976196
24.56694269,0.011017013809414817
24.56700277,0.014099336232547494
24.58190989,0.014450293736171512
24.58202195,0.01126115815976196
24.58208656,0.01095597772182803
24.60542417,0.014221408407721065
24.60544634,0.014404516670481423
24.61991119,0.01126115815976196
24.62002158,0.010986495765621425
24.62008643,0.01411459525444419
24.62014651,0.014389257648584725
24.62020421,0.01126115815976196
24.64296222,0.011001754787518121
24.64309287,0.014007782101167316
24.64317012,0.014450293736171512
24.64651585,0.01126115815976196
24.6465528,0.011017013809414817
24.64658237,0.014068818188754101
24.65296555,0.01441977569237812
24.65309358,0.011367971313038834
24.66695166,0.010986495765621425
24.66710567,0.014099336232547494
24.66717291,0.014373998626688029
24.67296362,0.01126115815976196
24.67309165,0.01095597772182803
24.68188357,0.014099336232547494
24.68201137,0.014435034714274816
24.68207788,0.011306935225452048
24.68694091,0.011032272831311514
24.6870513,0.014007782101167316
24.69585371,0.014404516670481423
24.69596481,0.011230640115968566
24.69602942,0.011200122072175174
24.70244622,0.013977264057373923
24.71476579,0.014373998626688029
24.71486592,0.011230640115968566
24.72887754,0.010879682612344548
24.72900534,0.014007782101167316
24.72907209,0.014404516670481423
24.7348752,0.011276417181658656
24.73498464,0.010879682612344548
24.74292755,0.013977264057373923
24.74308324,0.014389257648584725
24.7431488,0.011230640115968566
24.75207472,0.010925459678034637
24.75218368,0.013977264057373923
24.75225019,0.01441977569237812
24.76556778,0.011291676203555352
24.76561332,0.010894941634241245
24.77090311,0.013962005035477227
24.79476953,0.01441977569237812
24.79486275,0.01126115815976196
24.79490304,0.010925459678034637
24.79494119,0.014175631342030976
24.79497671,0.014373998626688029
24.79694462,0.011245899137865263
24.79707408,0.010910200656137941
24.81069565,0.014023041123064012
24.81080675,0.014435034714274816
24.81087065,0.011322194247348745
24.82444,0.010910200656137941
24.82447124,0.01394674601358053
24.84577084,0.014450293736171512
24.84586501,0.011291676203555352
24.84590459,0.010925459678034637
24.84594083,0.013977264057373923
24.84597731,0.01441977569237812
24.84601116,0.011322194247348745
24.86075664,0.010864423590447852
24.86091065,0.013977264057373923
24.86097622,0.01441977569237812
24.86103678,0.01138323033493553
24.86109352,0.010940718699931334
24.87598896,0.013962005035477227
24.87612963,0.01458762493324178
24.87619638,0.011306935225452048
24.88344646,0.010910200656137941
24.8834815,0.013977264057373923
24.89852214,0.014435034714274816
24.89860535,0.011367971313038834
24.89863801,0.011184863050278477
24.9224298,0.01394674601358053
24.92245126,0.014465552758068208
24.92247009,0.011352712291142137
24.93591523,0.010910200656137941
24.93602705,0.013916227969787138
24.93609118,0.014404516670481423
24.9414506,0.011352712291142137
24.9414959,0.010864423590447852
24.95601106,0.014099336232547494
24.95612454,0.014358739604791332
24.95618987,0.011276417181658656
24.95625162,0.010833905546654459
24.9563086,0.013885709925993743
24.96992064,0.014450293736171512
24.97004747,0.011352712291142137
24.97011089,0.010894941634241245
24.97016883,0.013977264057373923
24.98472619,0.014435034714274816
24.98483467,0.01138323033493553
24.98489881,0.010925459678034637
24.98495698,0.01394674601358053
24.98501372,0.014480811779964905
24.99992371,0.011398489356832226
25.00003505,0.010894941634241245
25.00778246,0.01394674601358053
25.00785971,0.014480811779964905
25.00792265,0.01147478446631571
25.0214498,0.010925459678034637
25.02148032,0.013977264057373923
25.03585625,0.014465552758068208
25.03594232,0.01138323033493553
25.03598309,0.010925459678034637
25.03601885,0.014084077210650798
25.04501009,0.014465552758068208
25.0451405,0.011367971313038834
25.05294991,0.010879682612344548
25.05310297,0.013916227969787138
25.05316973,0.014450293736171512
25.0670042,0.011413748378728923
25.06713271,0.010879682612344548
25.08088636,0.013931486991683834
25.08101392,0.014648661020828565
25.08107948,0.011367971313038834
25.0949173,0.010910200656137941
25.09502697,0.013916227969787138
25.1029799,0.014465552758068208
25.10311055,0.01142900740062562
25.10317564,0.010879682612344548
25.10323572,0.01385519188220035
25.10782957,0.014450293736171512
25.10790229,0.01142900740062562
25.12198234,0.010894941634241245
25.1221137,0.013885709925993743
25.12218046,0.014465552758068208
25.13048124,0.011413748378728923
25.13051677,0.010864423590447852
25.15473294,0.013931486991683834
25.15484643,0.014480811779964905
25.15491223,0.011459525444419012
25.15496969,0.010864423590447852
25.15502596,0.013839932860303654
25.16193986,0.014450293736171512
25.16205072,0.01142900740062562
25.16211748,0.010894941634241245
25.16744494,0.013870450904097047
25.18170452,0.014648661020828565
25.18181539,0.011444266422522316
25.18188143,0.010818646524757763
25.18650389,0.01385519188220035
25.18653655,0.014465552758068208
25.21073961,0.011459525444419012
25.21087146,0.010925459678034637
25.21093965,0.013916227969787138
25.21099949,0.014526588845654994
25.2110579,0.011535820553902495
25.22053194,0.010879682612344548
25.22060609,0.013794155794613565
25.22064686,0.014312962539101243
25.23477721,0.011322194247348745
25.23491192,0.01078812848096437
25.23497581,0.013809414816510261
25.24694085,0.014496070801861601
25.24704981,0.011490043488212406
25.26087308,0.010925459678034637
25.26100039,0.01385519188220035
25.26106787,0.014480811779964905
25.27492619,0.011520561532005799
25.27503562,0.010864423590447852
25.28087568,0.01385519188220035
25.28100348,0.014480811779964905
25.2810688,0.011505302510109103
25.28705049,0.010894941634241245
25.28717685,0.01394674601358053
25.29789305,0.014465552758068208
25.29800534,0.01147478446631571
25.29807091,0.011123826962691692
25.30298519,0.013824673838406958
25.31202579,0.014465552758068208
25.31213665,0.01147478446631571
25.33618236,0.010818646524757763
25.33630943,0.013809414816510261
25.33640695,0.014496070801861601
25.35002899,0.011490043488212406
25.35016108,0.010864423590447852
25.35022616,0.013809414816510261
25.36060596,0.014450293736171512
25.36064649,0.011520561532005799
25.371912,0.010818646524757763
25.37204027,0.013794155794613565
25.37210774,0.014450293736171512
25.37216759,0.011490043488212406
25.37222624,0.010803387502861066
25.37228322,0.013748378728923476
25.37808967,0.014450293736171512
25.37819862,0.011490043488212406
25.39155889,0.010864423590447852
25.39164329,0.013794155794613565
25.3916831,0.014450293736171512
25.40596128,0.011520561532005799
25.40607309,0.010833905546654459
25.40613699,0.013794155794613565
25.41950059,0.014496070801861601
25.41954374,0.011551079575799192
25.42780066,0.010803387502861066
25.4279089,0.013748378728923476
25.42797351,0.014450293736171512
25.42803335,0.011566338597695888
25.42809057,0.010818646524757763
25.42814636,0.013794155794613565
25.44288445,0.014450293736171512
25.44299388,0.011505302510109103
25.45658469,0.010879682612344548
25.45668745,0.013748378728923476
25.45672798,0.014496070801861601
25.47048116,0.011535820553902495
25.4705174,0.010803387502861066
25.48008704,0.013748378728923476
25.48019814,0.014435034714274816
25.48026323,0.011535820553902495
25.49443769,0.010742351415274281
25.49446011,0.01373311970702678
25.49447942,0.014435034714274816
25.49449897,0.011490043488212406
25.4945178,0.01078812848096437
25.50242686,0.013702601663233387
25.50791931,0.014465552758068208
25.50802851,0.011566338597695888
25.53179097,0.010803387502861066
25.53192568,0.013702601663233387
25.53199196,0.014435034714274816
25.53205109,0.011535820553902495
25.53210759,0.010803387502861066
25.54195571,0.013717860685130083
25.54209995,0.014480811779964905
25.55097461,0.011535820553902495
25.55114269,0.010772869459067674
25.55120873,0.01373311970702678
25.560884,0.014480811779964905
25.56099343,0.011612115663385977
25.56987309,0.01078812848096437
25.5700016,0.013702601663233387
25.58300662,0.01454184786755169
25.58313775,0.011581597619592585
25.60673857,0.010833905546654459
25.60689044,0.013717860685130083
25.60695863,0.014496070801861601
25.60701942,0.011612115663385977
25.60706902,0.01078812848096437
25.62200832,0.013702601663233387
25.62213922,0.014480811779964905
25.62220454,0.011596856641489281
25.62392735,0.01078812848096437
25.62403655,0.013672083619439994
25.63795066,0.014435034714274816
25.6381042,0.011566338597695888
25.63817024,0.01078812848096437
25.63823104,0.01373311970702678
25.66177821,0.014496070801861601
25.66186261,0.01168841077286946
25.66798377,0.01078812848096437
25.66813636,0.013672083619439994
25.66820312,0.014526588845654994
25.68151164,0.011627374685282674
25.68154836,0.010818646524757763
25.68157792,0.01368734264133669
25.68160534,0.014496070801861601
25.68163228,0.011627374685282674
25.68166041,0.010772869459067674
25.68168736,0.01368734264133669
25.69691825,0.014526588845654994
25.69702816,0.011673151750972763
25.69709301,0.010833905546654459
25.70749855,0.013641565575646601
25.72974825,0.014526588845654994
25.72986436,0.011673151750972763
25.72992992,0.010803387502861066
25.72998905,0.013702601663233387
25.73004532,0.014526588845654994
25.73348331,0.011627374685282674
25.73351359,0.01078812848096437
25.74090862,0.013626306553749905
25.74101996,0.014526588845654994
25.74108434,0.01168841077286946
25.75349188,0.010879682612344548
25.75352144,0.013626306553749905
25.76799488,0.014480811779964905
25.76812601,0.011703669794766156
25.76819205,0.01078812848096437
25.77350307,0.013672083619439994
25.78800201,0.014496070801861601
25.788131,0.011673151750972763
25.78819776,0.010803387502861066
25.79148936,0.013611047531853208
25.79152036,0.014511329823758298
25.80471158,0.011673151750972763
25.80482578,0.010803387502861066
25.80489182,0.013641565575646601
25.80495024,0.014480811779964905
25.8050077,0.01168841077286946
25.82990813,0.010772869459067674
25.83002019,0.013641565575646601
25.83008695,0.01454184786755169
25.837502,0.01168841077286946
25.83753514,0.010772869459067674
25.83756399,0.013626306553749905
25.83759189,0.01454184786755169
25.83761907,0.011764705882352941
25.85296369,0.010803387502861066
25.85311675,0.013611047531853208
25.85318255,0.014496070801861601
25.86651301,0.011718928816662852
25.86655092,0.010803387502861066
25.87494588,0.013611047531853208
25.87505674,0.01454184786755169
25.87512326,0.01168841077286946
25.89745831,0.010742351415274281
25.89748001,0.013595788509956512
25.8974998,0.014465552758068208
25.89751816,0.011718928816662852
25.89753938,0.01078812848096437
25.89755774,0.013611047531853208
25.91302562,0.014511329823758298
25.91313672,0.011718928816662852
25.91790938,0.010772869459067674
25.91802168,0.013580529488059816
25.91808939,0.014480811779964905
25.93150043,0.011779964904249637
25.93154097,0.010772869459067674
25.95572066,0.01356527046616312
25.95583272,0.014480811779964905
25.95589781,0.011779964904249637
25.95595646,0.010818646524757763
25.95601416,0.013580529488059816
25.96183228,0.014557106889448387
25.96194267,0.011764705882352941
25.96787858,0.01078812848096437
25.96800542,0.013611047531853208
25.98215342,0.01454184786755169
25.98226309,0.011795223926146334
25.98232841,0.010803387502861066
25.98650312,0.013580529488059816
25.98653626,0.014557106889448387
26.0109241,0.01185626001373312
26.01105499,0.010864423590447852
26.01111984,0.013595788509956512
26.03545618,0.014465552758068208
26.03548193,0.01164263370717937
26.03550053,0.010543984130617228
26.03551865,0.013397421225299458
26.03553677,0.014435034714274816
26.04497457,0.011795223926146334
26.04508829,0.010864423590447852
26.04515505,0.013550011444266423
26.05800295,0.014480811779964905
26.05813217,0.011749446860456245
26.06487966,0.010742351415274281
26.06500793,0.01351949340047303
26.06507325,0.014496070801861601
26.07289338,0.011779964904249637
26.07300591,0.010711833371480888
26.08194685,0.013473716334782941
26.08210158,0.014526588845654994
26.08216763,0.011779964904249637
26.09591222,0.010757610437170977
26.09602141,0.013427939269092852
26.1019659,0.014496070801861601
26.10211992,0.011795223926146334
26.10218573,0.010757610437170977
26.10224342,0.013504234378576334
26.11102462,0.014526588845654994
26.11115432,0.01185626001373312
26.12491179,0.01078812848096437
26.12502408,0.013473716334782941
26.12508821,0.01454184786755169
26.13093424,0.01185626001373312
26.1310432,0.010803387502861066
26.15468836,0.01351949340047303
26.15481663,0.014526588845654994
26.15488315,0.011841000991836423
26.15494132,0.010757610437170977
26.15499902,0.013473716334782941
26.16989303,0.01454184786755169
26.17001987,0.011871519035629816
26.17008543,0.010772869459067674
26.17014432,0.013488975356679637
26.1780057,0.01454184786755169
26.17813468,0.011871519035629816
26.18695736,0.010757610437170977
26.18711138,0.013488975356679637
26.18717885,0.014480811779964905
26.20296359,0.011871519035629816
26.20307779,0.010742351415274281
26.2031455,0.013427939269092852
26.22444272,0.014526588845654994
26.22447038,0.01185626001373312
26.2244885,0.010757610437170977
26.22450686,0.013488975356679637
26.23570776,0.014496070801861601
26.23583436,0.011871519035629816
26.23590159,0.010727092393377585
26.23596096,0.013458457312886245
26.24301219,0.014496070801861601
26.2431426,0.011871519035629816
26.25695062,0.010696574349584192
26.25710249,0.013382162203402761
26.25716949,0.014465552758068208
26.27050185,0.01185626001373312
26.27054429,0.010696574349584192
26.27996755,0.013427939269092852
26.2800777,0.01441977569237812
26.2801435,0.011795223926146334
26.28749561,0.010711833371480888
26.2875278,0.013366903181506065
26.29265785,0.014496070801861601
26.29275131,0.01185626001373312
26.29279089,0.010727092393377585
26.30046248,0.013397421225299458
26.31411409,0.01454184786755169
26.31422305,0.011932555123216601
26.31429052,0.010727092393377585
26.33749962,0.013458457312886245
26.337538,0.014526588845654994
26.33756232,0.01185626001373312
26.33758521,0.010742351415274281
26.33760881,0.013382162203402761
26.3376317,0.01454184786755169
26.33765388,0.011947814145113297
26.35291123,0.010757610437170977
26.35302114,0.013366903181506065
26.3667109,0.014496070801861601
26.36683774,0.011947814145113297
26.36690402,0.010772869459067674
26.36696362,0.013397421225299458
26.39180422,0.014557106889448387
26.39193034,0.011917296101319905
26.39199686,0.01078812848096437
26.39205933,0.013397421225299458
26.39212513,0.014496070801861601
26.39806867,0.011947814145113297
26.39818096,0.010742351415274281
26.39824772,0.013382162203402761
26.41276813,0.01454184786755169
26.41280842,0.011978332188906692
26.42099905,0.010772869459067674
26.42110968,0.013397421225299458
26.42117453,0.01458762493324178
26.44346762,0.011993591210803388
26.44349456,0.010772869459067674
26.44351435,0.013382162203402761
26.44598103,0.014557106889448387
26.4460907,0.011978332188906692
26.453511,0.010772869459067674
26.45357275,0.013336385137712672
26.45360017,0.014480811779964905
26.46795774,0.011963073167009996
26.46806788,0.010742351415274281
26.47321439,0.013321126115815976
26.47334385,0.014496070801861601
26.47350073,0.011978332188906692
26.4869554,0.01078812848096437
26.48706579,0.013336385137712672
26.51083255,0.014557106889448387
26.51096582,0.012008850232700085
26.5110321,0.010727092393377585
26.51109123,0.013321126115815976
26.51315594,0.014526588845654994
26.51328588,0.011993591210803388
26.52305651,0.010742351415274281
26.52317071,0.013366903181506065
26.52323604,0.01454184786755169
26.53208923,0.012024109254596781
26.5322001,0.010818646524757763
26.54600549,0.013321126115815976
26.54616046,0.01454184786755169
26.54622531,0.012008850232700085
26.55974364,0.010772869459067674
26.55985546,0.013336385137712672
26.56786966,0.014572365911345083
26.56801581,0.011993591210803388
26.56808209,0.010711833371480888
26.56814408,0.013290608072022583
26.58203506,0.01454184786755169
26.58216429,0.012008850232700085
26.58223033,0.010803387502861066
26.58651447,0.013290608072022583
26.58656263,0.014511329823758298
26.60101271,0.01211566338597696
26.60114431,0.010696574349584192
26.60121059,0.013275349050125887
26.62444949,0.01454184786755169
26.62447739,0.011993591210803388
26.62449574,0.010742351415274281
26.62451386,0.01326009002822919
26.62453175,0.014557106889448387
26.62645221,0.012039368276493477
26.62647462,0.010803387502861066
26.63598061,0.01330586709391928
26.64492846,0.014496070801861601
26.6450398,0.012054627298390174
26.65797281,0.010742351415274281
26.65812731,0.013290608072022583
26.65819502,0.014572365911345083
26.68178988,0.012100404364080263
26.68192124,0.010742351415274281
26.68198752,0.01330586709391928
26.68204665,0.014557106889448387
26.68210411,0.012100404364080263
26.68392587,0.010711833371480888
26.68403578,0.013275349050125887
26.6979084,0.014526588845654994
26.69806218,0.01211566338597696
26.69812918,0.010742351415274281
26.69986129,0.013214312962539101
26.70797896,0.01458762493324178
26.70810676,0.012054627298390174
26.73176503,0.010696574349584192
26.73189664,0.01326009002822919
26.73196268,0.014496070801861601
26.732023,0.012100404364080263
26.73208189,0.010757610437170977
26.74193597,0.013153276874952316
26.74206614,0.014526588845654994
26.74213243,0.012039368276493477
26.7516892,0.010681315327687495
26.75176072,0.013168535896849012
26.76476479,0.01454184786755169
26.76487398,0.012146181429770352
26.76494241,0.010681315327687495
26.76500297,0.013199053940642405
26.79001117,0.014480811779964905
26.79013944,0.012100404364080263
26.80288577,0.010742351415274281
26.80301142,0.013153276874952316
26.80307794,0.014526588845654994
26.80313635,0.012100404364080263
26.80319262,0.010666056305790799
26.8169477,0.013183794918745708
26.81705904,0.014496070801861601
26.81712556,0.012161440451667048
26.82169771,0.010711833371480888
26.82180738,0.013199053940642405
26.84589744,0.01458762493324178
26.84602284,0.012161440451667048
26.84608912,0.010666056305790799
26.85350251,0.013015945677882048
26.86305261,0.014373998626688029
26.86318135,0.012008850232700085
26.86324811,0.010589761196307317
26.86330938,0.013122758831158923
26.86339498,0.01454184786755169
26.87647343,0.012207217517357137
26.87650537,0.010711833371480888
26.88189888,0.013122758831158923
26.88202572,0.014465552758068208
26.88209271,0.012130922407873656
26.8879118,0.010681315327687495
26.88801932,0.01313801785305562
26.89667559,0.014496070801861601
26.89680004,0.012176699473563745
26.89686036,0.010696574349584192
26.8968904,0.01309224078736553
26.91200089,0.014511329823758298
26.91213369,0.012161440451667048
26.93571186,0.010666056305790799
26.9358263,0.013061722743572137
26.9358933,0.014480811779964905
26.93595481,0.012176699473563745
26.93601322,0.010650797283894103
26.93798828,0.013076981765468834
26.9381001,0.014450293736171512
26.93816471,0.012176699473563745
26.95150208,0.01062027924010071
26.95153356,0.013015945677882048
26.96058726,0.014526588845654994
26.96066856,0.012207217517357137
26.96072888,0.010681315327687495
26.96653819,0.013076981765468834
26.99067593,0.014480811779964905
26.99080992,0.012161440451667048
26.99092078,0.010696574349584192
26.99101734,0.013031204699778745
26.99112368,0.014496070801861601
26.99654698,0.012191958495460441
26.99659276,0.010681315327687495
27.01050782,0.013015945677882048
27.0105679,0.014480811779964905
27.01060343,0.012252994583047227
27.0185256,0.010666056305790799
27.0185678,0.013046463721675441
27.03252268,0.014480811779964905
27.03258538,0.012222476539253834
27.03261948,0.010681315327687495
27.04149652,0.013015945677882048
27.05647278,0.014526588845654994
27.05651116,0.012252994583047227
27.06148267,0.010635538261997406
27.06154561,0.013031204699778745
27.06161427,0.014480811779964905
27.06945968,0.01228351262684062
27.06948924,0.010650797283894103
27.07350755,0.013061722743572137
27.07356,0.014526588845654994
27.07359338,0.01223773556115053
27.08568835,0.010681315327687495
27.08571124,0.012954909590295263
27.10650897,0.014480811779964905
27.10656238,0.01223773556115053
27.10660148,0.01062027924010071
27.11643839,0.01297016861219196
27.12986708,0.014450293736171512
27.12991905,0.012222476539253834
27.12995744,0.010650797283894103
27.12999463,0.012909132524605172
27.13002968,0.014465552758068208
27.15344286,0.012222476539253834
27.15347743,0.010635538261997406
27.16143298,0.012939650568398567
27.1614635,0.014450293736171512
27.16148257,0.01228351262684062
27.16150117,0.010666056305790799
27.16151953,0.012954909590295263
27.16153765,0.014480811779964905
27.16155601,0.012252994583047227
27.16157436,0.010635538261997406
27.18743634,0.012939650568398567
27.18745732,0.014663920042725261
27.1874764,0.01228351262684062
27.20166802,0.01062027924010071
27.20172191,0.01287861448081178
27.20175481,0.01441977569237812
27.20178699,0.01228351262684062
27.20181894,0.010650797283894103
27.20188713,0.012909132524605172
27.20754838,0.014465552758068208
27.20758128,0.01228351262684062
27.22179604,0.010574502174410621
27.22185874,0.012909132524605172
27.2276659,0.014435034714274816
27.22771859,0.012298771648737316
27.22775078,0.010650797283894103
27.23359466,0.012848096437018387
27.25772977,0.014435034714274816
27.25781751,0.01228351262684062
27.25788307,0.010650797283894103
27.25794244,0.01287861448081178
27.25799942,0.014496070801861601
27.26593423,0.012375066758220797
27.26604629,0.01062027924010071
27.27991581,0.012893873502708476
27.2800436,0.01441977569237812
27.28010917,0.012390325780117494
27.28593707,0.010696574349584192
27.28605151,0.012817578393224994
27.28611755,0.014465552758068208
27.30152917,0.012344548714427405
27.30156326,0.010650797283894103
27.30803037,0.012893873502708476
27.32203269,0.014496070801861601
27.32216692,0.012359807736324101
27.33075047,0.01062027924010071
27.33086109,0.012848096437018387
27.33092666,0.014496070801861601
27.33098531,0.012375066758220797
27.33104491,0.010681315327687495
27.34095764,0.012848096437018387
27.34106803,0.014465552758068208
27.34113359,0.012451361867704281
27.35356736,0.010650797283894103
27.35359979,0.012863355458915083
27.36900473,0.014480811779964905
27.36913443,0.012420843823910887
27.36920118,0.010650797283894103
27.37359858,0.012848096437018387
27.38808393,0.014450293736171512
27.38821197,0.01240558480201419
27.39490342,0.010681315327687495
27.39503074,0.012863355458915083
27.39509869,0.014496070801861601
27.40077424,0.012420843823910887
27.40088248,0.010666056305790799
27.40094709,0.012863355458915083
27.41046119,0.01454184786755169
27.41051269,0.012481879911497674
27.43802381,0.010711833371480888
27.43815541,0.01283283741512169
27.43822026,0.014496070801861601
27.45156884,0.012481879911497674
27.45161009,0.010681315327687495
27.45163798,0.012863355458915083
27.4591136,0.014480811779964905
27.45917964,0.01249713893339437
27.48286486,0.010696574349584192
27.4829917,0.012771801327534905
27.48305893,0.01454184786755169
27.48311782,0.01240558480201419
27.48317552,0.010681315327687495
27.48453379,0.012817578393224994
27.48457837,0.014450293736171512
27.48461008,0.012451361867704281
27.48463917,0.010650797283894103
27.48466635,0.012787060349431601
27.49796271,0.014480811779964905
27.49807429,0.012466620889600977
27.49813962,0.01062027924010071
27.51151896,0.012741283283741512
27.52055359,0.014450293736171512
27.52062273,0.012512397955291066
27.52855515,0.010650797283894103
27.52859592,0.012756542305638208
27.5286324,0.014450293736171512
27.53251362,0.012420843823910887
27.5325439,0.010650797283894103
27.54353929,0.012695506218051423
27.54358649,0.014465552758068208
27.54361963,0.012466620889600977
27.55276752,0.010635538261997406
27.5528338,0.01271076523994812
27.57648778,0.014480811779964905
27.57653904,0.01254291599908446
27.57657099,0.010650797283894103
27.57660151,0.012771801327534905
27.57662964,0.014526588845654994
27.57665706,0.012481879911497674
27.58648872,0.010681315327687495
27.58653188,0.012756542305638208
27.58656597,0.014480811779964905
27.6005733,0.01254291599908446
27.60062695,0.010681315327687495
27.60072327,0.012695506218051423
27.61472249,0.014496070801861601
27.61475444,0.01254291599908446
27.62353897,0.010696574349584192
27.62357807,0.01271076523994812
27.62361097,0.014496070801861601
27.63742685,0.012527656977187763
27.63745093,0.010681315327687495
27.6374712,0.012756542305638208
27.64743614,0.014526588845654994
27.64746094,0.012649729152361334
27.65247631,0.010742351415274281
27.65253615,0.012649729152361334
27.65259051,0.014404516670481423
27.66760755,0.012344548714427405
27.66763949,0.010528725108720532
27.6764586,0.012649729152361334
27.67650914,0.014496070801861601
27.67653799,0.012634470130464637
27.7014358,0.010696574349584192
27.70147491,0.012695506218051423
27.70149565,0.014450293736171512
27.70151615,0.01266498817425803
27.7015357,0.010681315327687495
27.70155525,0.012695506218051423
27.70845222,0.014526588845654994
27.70850253,0.012619211108567941
27.70853853,0.010727092393377585
27.72540808,0.012741283283741512
27.72543001,0.014526588845654994
27.73142219,0.012634470130464637
27.73145342,0.010681315327687495
27.74542069,0.012619211108567941
27.74547982,0.014496070801861601
27.7455194,0.01266498817425803
27.75951076,0.010772869459067674
27.75958896,0.012649729152361334
27.76649809,0.014557106889448387
27.76655722,0.012695506218051423
27.76659656,0.010757610437170977
27.77157569,0.012741283283741512
27.78080964,0.014602883955138476
27.78087521,0.012756542305638208
27.78676915,0.010803387502861066
27.78686714,0.012695506218051423
27.78693175,0.01458762493324178
27.81080508,0.012741283283741512
27.81091475,0.010772869459067674
27.81245399,0.01271076523994812
27.81251907,0.014572365911345083
27.81255198,0.01266498817425803
27.82089543,0.010696574349584192
27.82100654,0.012649729152361334
27.82963538,0.014480811779964905
27.82976294,0.012726024261844816
27.82982874,0.010742351415274281
27.82988691,0.012619211108567941
27.84495163,0.014496070801861601
27.84506202,0.012771801327534905
27.86032271,0.010711833371480888
27.86048126,0.012634470130464637
27.86055207,0.014526588845654994
27.87300825,0.012726024261844816
27.87313938,0.010711833371480888
27.88187313,0.012634470130464637
27.88199973,0.01454184786755169
27.8820653,0.012726024261844816
27.88694572,0.010757610437170977
27.88705635,0.012603952086671245
27.90056038,0.014465552758068208
27.9006741,0.012756542305638208
27.90074086,0.010742351415274281
27.90080738,0.012603952086671245
27.91057086,0.014526588845654994
27.91065359,0.012726024261844816
27.92361856,0.010681315327687495
27.92369294,0.012588693064774548
27.9237411,0.014511329823758298
27.94753933,0.012771801327534905
27.94760275,0.010711833371480888
27.95657659,0.012573434042877852
27.95664215,0.014496070801861601
27.95668316,0.012771801327534905
27.95671892,0.010772869459067674
27.95675278,0.012481879911497674
27.97048831,0.014526588845654994
27.97054648,0.012771801327534905
27.97058654,0.010696574349584192
27.97062421,0.012527656977187763
27.9796133,0.014526588845654994
27.97967815,0.012771801327534905
27.99257922,0.010757610437170977
27.99265146,0.012588693064774548
27.99270034,0.014496070801861601
28.00661135,0.012756542305638208
28.006675,0.010772869459067674
28.01256132,0.012512397955291066
28.0126493,0.014480811779964905
28.01268888,0.012848096437018387
28.01857901,0.010742351415274281
28.01864314,0.01249713893339437
28.03258204,0.014480811779964905
28.03265619,0.01283283741512169
28.03270316,0.010803387502861066
28.03274584,0.012512397955291066
28.04758883,0.014480811779964905
28.04766655,0.012848096437018387
28.04770637,0.010711833371480888
28.07382059,0.012512397955291066
28.07384682,0.014496070801861601
28.07387304,0.01287861448081178
28.07389355,0.010711833371480888
28.07391238,0.012512397955291066
28.07393146,0.014526588845654994
28.07395005,0.012848096437018387
28.08646655,0.010742351415274281
28.08653235,0.01240558480201419
28.08658004,0.014496070801861601
28.10083699,0.012909132524605172
28.10085893,0.010742351415274281
28.10087848,0.012481879911497674
28.12649298,0.014480811779964905
28.12653589,0.012909132524605172
28.12656713,0.010757610437170977
28.12659693,0.012451361867704281
28.12662482,0.014465552758068208
28.12847996,0.012848096437018387
28.12852216,0.010711833371480888
28.14254689,0.012481879911497674
28.14261794,0.014480811779964905
28.14266706,0.01297016861219196
28.15162086,0.010742351415274281
28.15171003,0.012390325780117494
28.17555594,0.014557106889448387
28.17562103,0.012924391546501868
28.17566872,0.01078812848096437
28.18362117,0.01240558480201419
28.18368363,0.014526588845654994
28.18373203,0.012924391546501868
28.19850349,0.010772869459067674
28.19857931,0.012451361867704281
28.19861913,0.014496070801861601
28.21151733,0.012954909590295263
28.21159697,0.010772869459067674
28.21163964,0.012390325780117494
28.21166801,0.014526588845654994
28.21169662,0.013000686655985352
28.22646117,0.010772869459067674
28.22651649,0.012436102845807583
28.23442888,0.01454184786755169
28.2344842,0.012924391546501868
28.23451996,0.010803387502861066
28.24245,0.012436102845807583
28.25145531,0.014496070801861601
28.25150681,0.013000686655985352
28.25154161,0.010833905546654459
28.26761198,0.012390325780117494
28.26766443,0.014480811779964905
28.27841735,0.013015945677882048
28.27845335,0.010742351415274281
28.28040147,0.012436102845807583
28.28043556,0.014526588845654994
28.28046298,0.012939650568398567
28.28844285,0.010803387502861066
28.2884953,0.012344548714427405
28.28853202,0.014480811779964905
28.29943109,0.013015945677882048
28.29946399,0.010803387502861066
28.30143332,0.012390325780117494
28.31546926,0.014511329823758298
28.31552362,0.013015945677882048
28.33864141,0.010772869459067674
28.3387084,0.012420843823910887
28.33875704,0.014526588845654994
28.34247351,0.013015945677882048
28.34250903,0.010757610437170977
28.34253716,0.012344548714427405
28.34256506,0.014480811779964905
28.34259224,0.013076981765468834
28.35144615,0.010711833371480888
28.35148001,0.012298771648737316
28.36548805,0.014465552758068208
28.36555552,0.013000686655985352
28.36559558,0.010772869459067674
28.36563182,0.012344548714427405
28.3807385,0.014480811779964905
28.3807919,0.013000686655985352
28.39249778,0.010696574349584192
28.39255667,0.012298771648737316
28.39259744,0.014480811779964905
28.40651703,0.013031204699778745
28.40659428,0.010727092393377585
28.40664291,0.01228351262684062
28.40667939,0.014480811779964905
28.40671945,0.013015945677882048
28.41650748,0.010757610437170977
28.41657257,0.012329289692530708
28.43060446,0.014465552758068208
28.43067503,0.013107499809262227
28.43072367,0.01078812848096437
28.44351196,0.012268253604943923
28.45265555,0.014435034714274816
28.45274568,0.013061722743572137
28.46244359,0.010772869459067674
28.46250224,0.01223773556115053
28.46254206,0.014450293736171512
28.46446609,0.01309224078736553
28.46453118,0.010757610437170977
28.47744823,0.012359807736324101
28.47751117,0.014496070801861601
28.47755051,0.013183794918745708
28.48447013,0.010757610437170977
28.48452663,0.012130922407873656
28.50762033,0.014312962539101243
28.50769067,0.01297016861219196
28.50773883,0.010742351415274281
28.50778341,0.01223773556115053
28.50953221,0.01454184786755169
28.50959682,0.013183794918745708
28.5226841,0.010757610437170977
28.52277565,0.01228351262684062
28.52284241,0.014465552758068208
28.53047132,0.013153276874952316
28.53050208,0.010833905546654459
28.54293871,0.012207217517357137
28.54300332,0.014435034714274816
28.55174565,0.013168535896849012
28.5518446,0.01078812848096437
28.55191135,0.012252994583047227
28.57568789,0.014465552758068208
28.57578135,0.013153276874952316
28.57582688,0.010757610437170977
28.57755685,0.012207217517357137
28.59169531,0.014465552758068208
28.59175849,0.013122758831158923
28.60076046,0.010833905546654459
28.60085821,0.012161440451667048
28.60092425,0.014404516670481423
28.6086731,0.013183794918745708
28.60873747,0.010772869459067674
28.60878539,0.012207217517357137
28.61946964,0.014480811779964905
28.619555,0.013214312962539101
28.62669539,0.010803387502861066
28.62675929,0.012146181429770352
28.6268065,0.014496070801861601
28.64260578,0.013183794918745708
28.64264727,0.010864423590447852
28.64267206,0.012176699473563745
28.66369915,0.01441977569237812
28.66376328,0.013214312962539101
28.66381192,0.010772869459067674
28.66385674,0.012130922407873656
28.66389871,0.014496070801861601
28.67265344,0.013183794918745708
28.67275691,0.010803387502861066
28.67282176,0.012146181429770352
28.67288327,0.014404516670481423
28.67294168,0.013244831006332494
28.6876843,0.010833905546654459
28.68777323,0.012207217517357137
28.71159291,0.01441977569237812
28.71167207,0.013229571984435798
28.71171999,0.010772869459067674
28.71176386,0.012100404364080263
28.71180534,0.014450293736171512
28.71184707,0.013275349050125887
28.7184701,0.010803387502861066
28.7185142,0.012161440451667048
28.71854615,0.014404516670481423
28.73246527,0.013214312962539101
28.73249722,0.010818646524757763
28.73849297,0.012085145342183566
28.73855877,0.014404516670481423
28.73860812,0.013244831006332494
28.76243138,0.010742351415274281
28.76245546,0.012024109254596781
28.76247525,0.014404516670481423
28.76249433,0.013229571984435798
28.76251292,0.010650797283894103
28.76253223,0.012054627298390174
28.77754998,0.014389257648584725
28.77761316,0.013244831006332494
28.78649735,0.010711833371480888
28.78655314,0.012054627298390174
28.78659272,0.014435034714274816
28.7957418,0.01330586709391928
28.79577279,0.01078812848096437
28.81857705,0.012039368276493477
28.81864166,0.014358739604791332
28.81868982,0.013275349050125887
28.8207233,0.010757610437170977
28.82076716,0.012100404364080263
28.82953215,0.01441977569237812
28.82957554,0.013229571984435798
28.83365655,0.010818646524757763
28.83372784,0.012039368276493477
28.84769607,0.014435034714274816
28.8477602,0.013382162203402761
28.84780717,0.010803387502861066
28.85147047,0.012008850232700085
28.85150409,0.014358739604791332
28.87450004,0.01330586709391928
28.87455416,0.010803387502861066
28.87459421,0.011978332188906692
28.87462926,0.014404516670481423
28.87466502,0.013275349050125887
28.88868499,0.010803387502861066
28.88875031,0.011963073167009996
28.88879657,0.014373998626688029
28.89574671,0.013351644159609368
28.89578128,0.010772869459067674
28.90860987,0.011947814145113297
28.9105382,0.01441977569237812
28.91059089,0.013321126115815976
28.92368412,0.010803387502861066
28.92374945,0.011963073167009996
28.92379642,0.014435034714274816
28.9376924,0.013351644159609368
28.93775654,0.010818646524757763
28.9467783,0.011993591210803388
28.94684887,0.014373998626688029
28.94689631,0.013427939269092852
28.94693875,0.01078812848096437
28.94698071,0.011947814145113297
28.96154833,0.014343480582894636
28.96160793,0.013336385137712672
28.96164823,0.010803387502861066
28.96168447,0.011963073167009996
28.97762132,0.014404516670481423
28.97767329,0.013397421225299458
29.00077891,0.010833905546654459
29.00084448,0.011963073167009996
29.00089121,0.01441977569237812
29.00093818,0.013427939269092852
29.00098133,0.010818646524757763
29.00786066,0.011917296101319905
29.00793076,0.014389257648584725
29.00797915,0.013427939269092852
29.01806617,0.010833905546654459
29.01815414,0.011993591210803388
29.03218007,0.01441977569237812
29.03227782,0.013458457312886245
29.0323441,0.010894941634241245
29.0366087,0.011947814145113297
29.06066656,0.01441977569237812
29.06078911,0.013427939269092852
29.06083632,0.010894941634241245
29.06088138,0.011978332188906692
29.06092286,0.014450293736171512
29.06289291,0.013458457312886245
29.06292915,0.010849164568551155
29.07658505,0.011917296101319905
29.07665062,0.014435034714274816
29.07669783,0.013458457312886245
29.08246851,0.010849164568551155
29.08252883,0.011902037079423208
29.09658217,0.014389257648584725
29.09671044,0.013550011444266423
29.09676313,0.010849164568551155
29.11042929,0.011902037079423208
29.11956668,0.014343480582894636
29.11963058,0.013458457312886245
29.12548518,0.010864423590447852
29.12553906,0.011902037079423208
29.12557817,0.014404516670481423
29.13153315,0.013473716334782941
29.13159704,0.010925459678034637
29.14556408,0.011917296101319905
29.14565063,0.01432822156099794
29.14569163,0.013427939269092852
29.15156579,0.010803387502861066
29.15163183,0.011871519035629816
29.16564751,0.01441977569237812
29.16571856,0.013458457312886245
29.16576672,0.010803387502861066
29.17855763,0.011795223926146334
29.18750763,0.014343480582894636
29.18757129,0.01351949340047303
29.18761849,0.010894941634241245
29.18766093,0.011871519035629816
29.18770146,0.014373998626688029
29.20172358,0.013473716334782941
29.20181131,0.010894941634241245
29.20187616,0.011703669794766156
29.21045637,0.01441977569237812
29.21048832,0.013488975356679637
29.22354341,0.010818646524757763
29.22359538,0.01185626001373312
29.24772549,0.01432822156099794
29.24785185,0.013504234378576334
29.24790072,0.010879682612344548
29.24794436,0.011795223926146334
29.26180887,0.014373998626688029
29.26187348,0.013504234378576334
29.26750016,0.010833905546654459
29.26757002,0.01181048294804303
29.26761723,0.014404516670481423
29.2775147,0.013595788509956512
29.27756739,0.010833905546654459
29.27760649,0.011779964904249637
29.27764416,0.014343480582894636
29.27768064,0.01356527046616312
29.29148936,0.01095597772182803
29.29153419,0.011886778057526512
29.30348468,0.014404516670481423
29.30354929,0.013504234378576334
29.30359697,0.010803387502861066
29.30364203,0.01168841077286946
29.31050777,0.01428244449530785
29.31057143,0.013580529488059816
29.31061888,0.010833905546654459
29.32644486,0.011779964904249637
29.32647014,0.014373998626688029
29.33078551,0.01356527046616312
29.33085752,0.010910200656137941
29.34067059,0.011764705882352941
29.34072614,0.014373998626688029
29.34076309,0.013611047531853208
29.35348606,0.010818646524757763
29.35353518,0.011703669794766156
29.37844992,0.014343480582894636
29.37849593,0.01356527046616312
29.37852621,0.010879682612344548
29.37855458,0.011718928816662852
29.37858176,0.014343480582894636
29.37860847,0.013595788509956512
29.38747644,0.010910200656137941
29.38751793,0.011779964904249637
29.38755107,0.014373998626688029
29.39848518,0.01368734264133669
29.39853191,0.010910200656137941
29.41050673,0.011749446860456245
29.41057253,0.01441977569237812
29.41062021,0.013641565575646601
29.42453885,0.010940718699931334
29.42456698,0.011734187838559548
29.43273568,0.014373998626688029
29.43282747,0.013626306553749905
29.43293309,0.010925459678034637
29.43303061,0.011749446860456245
29.44673514,0.014343480582894636
29.44677782,0.01368734264133669
29.45146108,0.010910200656137941
29.45150828,0.01168841077286946
29.45154381,0.014358739604791332
29.46551919,0.01368734264133669
29.46557546,0.010910200656137941
29.48888516,0.011703669794766156
29.48895216,0.014343480582894636
29.48901033,0.013626306553749905
29.49054003,0.010925459678034637
29.49057937,0.011749446860456245
29.49060655,0.014358739604791332
29.49063301,0.013641565575646601
29.49066019,0.010910200656137941
29.50056028,0.011673151750972763
29.51370168,0.01432822156099794
29.51374483,0.013702601663233387
29.51377869,0.010879682612344548
29.52057076,0.01168841077286946
29.5206027,0.014297703517204547
29.54363847,0.013641565575646601
29.54370427,0.010879682612344548
29.54607415,0.011657892729076066
29.54619169,0.01432822156099794
29.54628611,0.01368734264133669
29.55180693,0.010925459678034637
29.55187392,0.011627374685282674
29.56557798,0.014312962539101243
29.56565022,0.01368734264133669
29.56570745,0.010879682612344548
29.56575894,0.01168841077286946
29.58103895,0.014297703517204547
29.58114815,0.013641565575646601
29.59350705,0.010818646524757763
29.5935843,0.011581597619592585
29.59364367,0.01428244449530785
29.60788703,0.01373311970702678
29.60797477,0.010986495765621425
29.60803962,0.011627374685282674
29.60810041,0.014312962539101243
29.60815835,0.013702601663233387
29.62304759,0.010910200656137941
29.62335324,0.011612115663385977
29.62348294,0.01432822156099794
29.63150311,0.013702601663233387
29.63153815,0.010894941634241245
29.63718987,0.011612115663385977
29.64347601,0.01428244449530785
29.64352798,0.013763637750820172
29.66744018,0.010940718699931334
29.6674881,0.011627374685282674
29.66752028,0.01432822156099794
29.68146563,0.01373311970702678
29.6815083,0.010925459678034637
29.68153787,0.01164263370717937
29.68156505,0.014343480582894636
29.68159199,0.013763637750820172
29.70550179,0.010925459678034637
29.7055645,0.011551079575799192
29.70560384,0.014251926451514458
29.70563936,0.013763637750820172
29.70567369,0.010940718699931334
29.70570731,0.011566338597695888
29.7124846,0.014343480582894636
29.71252632,0.013778896772716868
29.72187757,0.010879682612344548
29.72196388,0.011596856641489281
29.72202277,0.014297703517204547
29.73551917,0.013809414816510261
29.73556876,0.010940718699931334
29.74888825,0.011596856641489281
29.74893355,0.014297703517204547
29.74896789,0.013794155794613565
29.75052309,0.010986495765621425
29.75055599,0.011535820553902495
29.75850701,0.01428244449530785
29.75854325,0.013809414816510261
29.75857091,0.010772869459067674
29.76550627,0.011551079575799192
29.77848315,0.01428244449530785
29.77852583,0.01385519188220035
29.79260588,0.010986495765621425
29.79272413,0.011566338597695888
29.79279804,0.01428244449530785
29.80760813,0.013839932860303654
29.80768085,0.011001754787518121
29.80771971,0.011627374685282674
29.80775642,0.014297703517204547
29.80779076,0.013885709925993743
29.81644249,0.010925459678034637
29.81647706,0.011505302510109103
29.83150482,0.01432822156099794
29.83156061,0.013809414816510261
29.83159876,0.010986495765621425
29.83163404,0.011505302510109103
29.84652758,0.014251926451514458
29.84657955,0.01385519188220035
29.8705399,0.010925459678034637
29.8706007,0.011490043488212406
29.87064028,0.014267185473411154
29.8706758,0.013931486991683834
29.87071085,0.010940718699931334
29.87264395,0.01142900740062562
29.87268758,0.014297703517204547
29.87271929,0.01385519188220035
29.88669205,0.010986495765621425
29.88675642,0.011490043488212406
29.8959713,0.014236667429617761
29.89606142,0.013839932860303654
29.8961277,0.010940718699931334
29.90047264,0.011444266422522316
29.91354489,0.01428244449530785
29.91360831,0.013931486991683834
29.91365504,0.010986495765621425
29.92951488,0.011444266422522316
29.9295392,0.014251926451514458
29.92955947,0.013916227969787138
29.92957926,0.010940718699931334
29.94392514,0.011490043488212406
29.94406176,0.014206149385824368
29.94413996,0.01385519188220035
29.95674706,0.011017013809414817
29.95683408,0.011291676203555352
29.96178675,0.014221408407721065
29.96188474,0.013870450904097047
29.96195197,0.010940718699931334
29.97478271,0.011413748378728923
29.99786925,0.014221408407721065
29.99794221,0.013885709925993743
30.00654626,0.01095597772182803
30.00662112,0.01142900740062562
30.00667,0.014251926451514458
30.00671339,0.013916227969787138
30.00675511,0.010940718699931334
30.01576328,0.01138323033493553
30.01583409,0.014236667429617761
30.01588178,0.013931486991683834
30.02999711,0.01095597772182803
30.03010798,0.011413748378728923
30.04327965,0.014206149385824368
30.04346156,0.013870450904097047
30.04352951,0.01095597772182803
30.04359245,0.011367971313038834
30.05701613,0.014236667429617761
30.05712509,0.013916227969787138
30.05718899,0.010971236743724726
30.05725002,0.011352712291142137
30.05730748,0.014206149385824368
30.07099748,0.01399252307927062
30.07110834,0.010971236743724726
30.07697797,0.01138323033493553
30.0770905,0.014312962539101243
30.07715559,0.01399252307927062
30.08756828,0.011001754787518121
30.08760238,0.011276417181658656
30.11861444,0.014099336232547494
30.11867929,0.01385519188220035
30.11872578,0.010940718699931334
30.1206274,0.011306935225452048
30.1206913,0.014236667429617761
30.12073874,0.014007782101167316
30.12302804,0.011017013809414817
30.12309313,0.011367971313038834
30.12314034,0.014251926451514458
30.13147354,0.01394674601358053
30.13150454,0.01095597772182803
30.14052248,0.01138323033493553
30.14057636,0.01416037232013428
30.14061594,0.013962005035477227
30.14848351,0.010971236743724726
30.14851928,0.011230640115968566
30.16244411,0.014190890363927672
30.16248202,0.013962005035477227
30.16250777,0.010986495765621425
30.16743565,0.011306935225452048
30.19148326,0.014221408407721065
30.19155574,0.013962005035477227
30.1916008,0.01095597772182803
30.19164228,0.011306935225452048
30.19168353,0.014190890363927672
30.19444585,0.013977264057373923
30.19450521,0.01104753185320821
30.20847368,0.011276417181658656
30.20852447,0.01416037232013428
30.20855045,0.014007782101167316
30.22145605,0.01104753185320821
30.22149444,0.011291676203555352
30.23645711,0.014190890363927672
30.23651409,0.014007782101167316
30.2365365,0.011017013809414817
30.23655868,0.011322194247348745
30.24867868,0.014221408407721065
30.24874377,0.014007782101167316
30.2487793,0.01104753185320821
30.24881268,0.01126115815976196
30.24884629,0.014206149385824368
30.26451826,0.014129854276340887
30.26458049,0.011017013809414817
30.2744894,0.011322194247348745
30.27454305,0.014206149385824368
30.27457833,0.014084077210650798
30.2975111,0.01104753185320821
30.29758334,0.011306935225452048
30.302459,0.014190890363927672
30.3025353,0.01411459525444419
30.30257463,0.011108567940794995
30.30261135,0.01138323033493553
30.31646419,0.014206149385824368
30.31652212,0.014099336232547494
30.31656027,0.011001754787518121
30.31659698,0.011276417181658656
30.31663084,0.014221408407721065
30.33143187,0.014068818188754101
30.33146334,0.01104753185320821
30.34044766,0.01126115815976196
30.34050083,0.014129854276340887
30.36344266,0.014084077210650798
30.36350679,0.011032272831311514
30.36354661,0.01121538109407187
30.36641169,0.014099336232547494
30.36644793,0.014038300144960708
30.36648083,0.010971236743724726
30.36651301,0.011169604028381781
30.37947631,0.014175631342030976
30.37954044,0.014038300144960708
30.38548779,0.01104753185320821
30.38555455,0.011230640115968566
30.38560247,0.014099336232547494
30.39949703,0.014053559166857405
30.39956665,0.011032272831311514
30.41247535,0.011230640115968566
30.41253185,0.014190890363927672
30.41257215,0.01411459525444419
30.42644548,0.011001754787518121
30.42647314,0.011184863050278477
30.43545413,0.014190890363927672
30.43548965,0.01411459525444419
30.43551493,0.01104753185320821
30.43553901,0.011276417181658656
30.44344378,0.01411459525444419
30.44347858,0.014099336232547494
30.45248389,0.011093308918898299
30.45257878,0.011139085984588388
30.45261455,0.01411459525444419
30.46745634,0.014084077210650798
30.46751046,0.01104753185320821
30.48045683,0.011123826962691692
30.48052931,0.014099336232547494
30.48055768,0.014068818188754101
30.50348306,0.010986495765621425
30.50353289,0.011169604028381781
30.50355792,0.014099336232547494
30.51747537,0.014084077210650798
30.51750875,0.011062790875104906
30.51752925,0.011139085984588388
30.52245879,0.014099336232547494
30.52251387,0.01411459525444419
30.52841568,0.011001754787518121
30.5284586,0.011108567940794995
30.52848125,0.014145113298237583
30.52850223,0.01411459525444419
30.52852201,0.011108567940794995
30.55249524,0.011245899137865263
30.55259085,0.014190890363927672
30.5526247,0.014190890363927672
30.55265737,0.011108567940794995
30.55268598,0.011200122072175174
30.56748438,0.01416037232013428
30.56755209,0.014206149385824368
30.56759048,0.01104753185320821
30.56762576,0.011123826962691692
30.57744288,0.01416037232013428
30.57748985,0.01411459525444419
30.58651996,0.011062790875104906
30.58657289,0.011154345006485085
30.58660817,0.014129854276340887
30.60052752,0.014175631342030976
30.60055923,0.011108567940794995
30.61906242,0.011123826962691692
30.61915493,0.014129854276340887
30.61920357,0.014221408407721065
30.62351394,0.011078049897001603
30.62354994,0.011123826962691692
30.63651752,0.014129854276340887
30.63657975,0.014129854276340887
30.63669705,0.01104753185320821
30.63679242,0.011154345006485085
30.64255548,0.014084077210650798
30.6426115,0.014190890363927672
30.65691018,0.011108567940794995
30.65698099,0.011139085984588388
30.65702772,0.01416037232013428
30.67053843,0.014190890363927672
30.67059875,0.011078049897001603
30.67852473,0.01104753185320821
30.6785841,0.014099336232547494
30.67863393,0.01416037232013428
30.6855793,0.011062790875104906
30.68563795,0.011108567940794995
30.69859076,0.013977264057373923
30.69868541,0.014190890363927672
30.69875336,0.011123826962691692
30.70050979,0.01104753185320821
30.71350002,0.01411459525444419
30.71354866,0.014236667429617761
30.71358061,0.011108567940794995
30.73744416,0.011123826962691692
30.73747158,0.014129854276340887
30.7374928,0.014190890363927672
30.73751283,0.011062790875104906
30.74045515,0.011123826962691692
30.74049878,0.01411459525444419
30.74053311,0.014236667429617761
30.75350118,0.011169604028381781
30.75356269,0.010940718699931334
30.76251006,0.014084077210650798
30.76258278,0.014312962539101243
30.76263094,0.011108567940794995
30.76752758,0.011078049897001603
30.78154445,0.014099336232547494
30.78160787,0.014251926451514458
30.80558538,0.011184863050278477
30.80565119,0.011123826962691692
30.80569887,0.014190890363927672
30.81456828,0.01428244449530785
30.81462312,0.011230640115968566
30.82750726,0.011123826962691692
30.82755589,0.014099336232547494
30.82758808,0.014343480582894636
30.82761693,0.011230640115968566
30.82764459,0.011108567940794995
30.83456731,0.01416037232013428
30.83463311,0.014251926451514458
30.8346827,0.011139085984588388
30.83472586,0.011062790875104906
30.84757304,0.014038300144960708
30.84763813,0.01428244449530785
30.84768629,0.011139085984588388
30.87145686,0.011078049897001603
30.8714819,0.01411459525444419
30.87150192,0.014343480582894636
30.8715229,0.011230640115968566
30.87348008,0.011001754787518121
30.8735311,0.013977264057373923
30.87356472,0.014099336232547494
30.88747072,0.011001754787518121
30.8875103,0.010894941634241245
30.88754034,0.014038300144960708
30.90144753,0.014312962539101243
30.90147567,0.011154345006485085
30.9015038,0.011062790875104906
30.91451907,0.014099336232547494
30.91456819,0.014312962539101243
30.93773413,0.011184863050278477
30.93783188,0.011017013809414817
30.93787837,0.013977264057373923
30.93792319,0.01428244449530785
30.93796515,0.011139085984588388
30.93953276,0.01104753185320821
30.93961596,0.014084077210650798
30.93968582,0.014297703517204547
30.95247245,0.01126115815976196
30.9525032,0.011001754787518121
30.9614768,0.014068818188754101
30.96151328,0.014358739604791332
30.96154022,0.011169604028381781
30.9754324,0.011017013809414817
30.98945379,0.014068818188754101
30.98949432,0.014343480582894636
30.98952484,0.011184863050278477
30.98955297,0.011017013809414817
30.98958039,0.014053559166857405
31.000422,0.014312962539101243
31.0004456,0.011230640115968566
31.00747705,0.011001754787518121
31.00752425,0.014068818188754101
31.00755835,0.01441977569237812
31.01643705,0.011139085984588388
31.01645994,0.010986495765621425
31.0404892,0.014068818188754101
31.04056048,0.014312962539101243
31.04060841,0.011200122072175174
31.04065275,0.011032272831311514
31.040694,0.014038300144960708
31.04073548,0.01432822156099794
31.05548024,0.01126115815976196
31.05555058,0.011001754787518121
31.05559802,0.014053559166857405
31.06453085,0.014435034714274816
31.06459403,0.01121538109407187
31.07748199,0.010940718699931334
31.07753539,0.01411459525444419
31.07757473,0.014358739604791332
31.08351064,0.011245899137865263
31.08357358,0.010986495765621425
31.10800934,0.014053559166857405
31.10812902,0.014373998626688029
31.1081965,0.011276417181658656
31.10825562,0.010986495765621425
31.12169623,0.014023041123064012
31.12175941,0.01441977569237812
31.13064384,0.01126115815976196
31.1307137,0.010894941634241245
31.13075829,0.01399252307927062
31.130795,0.014373998626688029
31.13083768,0.011169604028381781
31.14552855,0.01078812848096437
31.14558291,0.013977264057373923
31.14562321,0.014343480582894636
31.15853977,0.011200122072175174
31.15856886,0.010894941634241245
31.17248344,0.01399252307927062
31.17252541,0.014358739604791332
31.17254949,0.011184863050278477
31.17257023,0.010864423590447852
31.18649936,0.013885709925993743
31.18655443,0.014373998626688029
31.21056223,0.011184863050278477
31.2106328,0.01095597772182803
31.21069026,0.01394674601358053
31.21073556,0.01432822156099794
31.21077704,0.011184863050278477
31.21081805,0.010879682612344548
31.21085811,0.013962005035477227
31.2108984,0.014236667429617761
31.21750212,0.011245899137865263
31.2175324,0.010925459678034637
31.2418139,0.013931486991683834
31.24191594,0.014343480582894636
31.24198461,0.011230640115968566
31.24204421,0.010894941634241245
31.24351692,0.014038300144960708
31.24357152,0.014404516670481423
31.2536695,0.01126115815976196
31.25374055,0.010940718699931334
31.25378799,0.014007782101167316
31.2677536,0.014450293736171512
31.2678194,0.011276417181658656
31.27266955,0.01095597772182803
31.27274084,0.014007782101167316
31.27278852,0.014358739604791332
31.29674363,0.011291676203555352
31.29680634,0.010925459678034637
31.2968533,0.013977264057373923
31.2968967,0.014343480582894636
31.29693794,0.01104753185320821
31.29697871,0.010894941634241245
31.32277012,0.013916227969787138
31.32283449,0.014404516670481423
31.32461286,0.011306935225452048
31.32466006,0.010910200656137941
31.32469225,0.01399252307927062
31.32849336,0.014358739604791332
31.32852459,0.01126115815976196
31.35267544,0.010925459678034637
31.35272932,0.013977264057373923
31.35276771,0.014435034714274816
31.35280442,0.011139085984588388
31.35283971,0.010940718699931334
31.36771464,0.01394674601358053
31.36777973,0.014404516670481423
31.36782742,0.011322194247348745
31.36787033,0.010910200656137941
31.3775456,0.01399252307927062
31.37759829,0.014404516670481423
31.38668299,0.011276417181658656
31.38674951,0.010940718699931334
31.38679743,0.013931486991683834
31.41086578,0.01441977569237812
31.41089511,0.011291676203555352
31.41091442,0.010879682612344548
31.41093397,0.01394674601358053
31.41095281,0.014435034714274816
31.42045283,0.011352712291142137
31.42048168,0.010894941634241245
31.42643762,0.01399252307927062
31.42647314,0.014435034714274816
31.42649865,0.011306935225452048
31.43242335,0.010940718699931334
31.44651484,0.01394674601358053
31.44660044,0.01441977569237812
31.45246673,0.011367971313038834
31.45251465,0.010894941634241245
31.45254612,0.013916227969787138
31.46654224,0.014435034714274816
31.46660638,0.011367971313038834
31.4804821,0.010910200656137941
31.48053598,0.013931486991683834
31.48057461,0.014450293736171512
31.48646617,0.011367971313038834
31.48650646,0.010910200656137941
31.49547911,0.013977264057373923
31.49556208,0.014450293736171512
31.49560666,0.011230640115968566
31.49564838,0.010925459678034637
31.51049471,0.013931486991683834
31.51053762,0.014480811779964905
31.53349376,0.011367971313038834
31.53357434,0.010894941634241245
31.53362393,0.013931486991683834
31.53550768,0.014404516670481423
31.53555083,0.011352712291142137
31.5424962,0.010894941634241245
31.54256701,0.013885709925993743
31.54261613,0.014435034714274816
31.55655241,0.011169604028381781
31.55661678,0.010910200656137941
31.55666375,0.013916227969787138
31.55670547,0.014435034714274816
31.55674791,0.01138323033493553
31.56664062,0.010894941634241245
31.59093785,0.01394674601358053
31.59100127,0.014450293736171512
31.59550309,0.011413748378728923
31.5955503,0.010650797283894103
31.59558272,0.013885709925993743
31.60957313,0.014435034714274816
31.60961795,0.011398489356832226
31.60964918,0.010894941634241245
31.60967803,0.01385519188220035
31.60970545,0.014404516670481423
31.61851525,0.011398489356832226
31.61856914,0.010818646524757763
31.61860824,0.013916227969787138
31.63246846,0.01441977569237812
31.63249683,0.011459525444419012
31.63252044,0.010940718699931334
31.65760851,0.01390096894789044
31.65775037,0.014465552758068208
31.65780139,0.011322194247348745
31.65784621,0.010742351415274281
31.65788889,0.01373311970702678
31.66759324,0.01411459525444419
31.66765785,0.011306935225452048
31.67697716,0.010818646524757763
31.67704749,0.013870450904097047
31.6770947,0.014450293736171512
31.6856637,0.01138323033493553
31.68581319,0.010589761196307317
31.68587637,0.013839932860303654
31.70901561,0.01441977569237812
31.70910454,0.011444266422522316
31.71066427,0.010833905546654459
31.72402668,0.01385519188220035
31.72409058,0.01428244449530785
31.72562957,0.011413748378728923
31.72570109,0.010864423590447852
31.72575021,0.01385519188220035
31.73069096,0.014435034714274816
31.73075461,0.011413748378728923
31.74354148,0.010864423590447852
31.74359941,0.013870450904097047
31.74364734,0.014404516670481423
31.75055861,0.011444266422522316
31.7506156,0.010894941634241245
31.77377629,0.013870450904097047
31.77384686,0.014373998626688029
31.77389407,0.011505302510109103
31.7739377,0.010864423590447852
31.77577043,0.013839932860303654
31.77581406,0.01441977569237812
31.78874636,0.011520561532005799
31.78881121,0.010910200656137941
31.78885794,0.013870450904097047
31.79575753,0.014480811779964905
31.79579091,0.011520561532005799
31.80879879,0.010894941634241245
31.80886388,0.013870450904097047
31.80891132,0.014557106889448387
31.82277012,0.011490043488212406
31.82279873,0.010879682612344548
31.83684325,0.013870450904097047
31.83690929,0.014663920042725261
31.83695698,0.011535820553902495
31.83700109,0.010925459678034637
31.84369135,0.01385519188220035
31.84375453,0.014496070801861601
31.85750866,0.01142900740062562
31.8575666,0.010864423590447852
31.85760808,0.013824673838406958
31.86260486,0.014312962539101243
31.86269593,0.011505302510109103
31.87654638,0.010879682612344548
31.87661719,0.013824673838406958
31.87666392,0.014450293736171512
31.89057946,0.011490043488212406
31.89065313,0.010879682612344548
31.90352607,0.013794155794613565
31.90359616,0.014465552758068208
31.90364647,0.011490043488212406
31.90368962,0.01078812848096437
31.91761351,0.013794155794613565
31.91767192,0.014404516670481423
31.92383337,0.011734187838559548
31.923908,0.010803387502861066
31.92395544,0.01373311970702678
31.93146801,0.014404516670481423
31.93150043,0.01142900740062562
31.9424963,0.010772869459067674
31.94254589,0.013717860685130083
31.94257784,0.01441977569237812
31.96741438,0.011490043488212406
31.96744013,0.010742351415274281
31.98047638,0.013702601663233387
31.98054814,0.014404516670481423
31.98059607,0.01147478446631571
31.98064113,0.010803387502861066
31.98068333,0.013702601663233387
31.98072433,0.014343480582894636
31.98845744,0.011444266422522316
31.98853421,0.010803387502861066
31.98858356,0.013702601663233387
31.99747705,0.014435034714274816
31.99754286,0.011535820553902495
32.02145648,0.010772869459067674
32.0215416,0.013641565575646601
32.02158999,0.014450293736171512
32.02163506,0.011505302510109103
32.02167702,0.010864423590447852
32.02843833,0.013763637750820172
32.02849936,0.014480811779964905
32.0285399,0.011627374685282674
32.03547549,0.010894941634241245
32.0435648,0.013794155794613565
32.04362845,0.014496070801861601
32.05248928,0.011627374685282674
32.05254793,0.010864423590447852
32.05258775,0.01373311970702678
32.07650805,0.014480811779964905
32.0765624,0.011566338597695888
32.07660222,0.010864423590447852
32.07663989,0.013611047531853208
32.0766747,0.014480811779964905
32.08653498,0.011596856641489281
32.08659863,0.010864423590447852
32.09550834,0.013717860685130083
32.09555745,0.014526588845654994
32.09558916,0.011627374685282674
32.10057092,0.010849164568551155
32.11486983,0.01373311970702678
32.11493373,0.014480811779964905
32.1149807,0.011596856641489281
32.12945104,0.010803387502861066
32.129493,0.01373311970702678
32.14217257,0.014450293736171512
32.14229441,0.011566338597695888
32.14240623,0.010818646524757763
32.14248753,0.013641565575646601
32.14256287,0.014465552758068208
32.15160584,0.011520561532005799
32.1516645,0.01078812848096437
32.1517036,0.013702601663233387
32.16955853,0.014435034714274816
32.16961122,0.011566338597695888
32.16965008,0.010833905546654459
32.17857695,0.013672083619439994
32.17864442,0.014435034714274816
32.19267726,0.011566338597695888
32.19284892,0.010757610437170977
32.19301343,0.013611047531853208
32.20671654,0.014435034714274816
32.20681739,0.011596856641489281
32.20687747,0.010742351415274281
32.20691252,0.013672083619439994
32.20694757,0.014435034714274816
32.23146749,0.011535820553902495
32.23149252,0.01078812848096437
32.23151278,0.013611047531853208
32.23153186,0.014465552758068208
32.23155117,0.011596856641489281
32.23345232,0.01078812848096437
32.25754046,0.013626306553749905
32.25758171,0.014480811779964905
32.25761008,0.011657892729076066
32.25763774,0.010772869459067674
32.25766492,0.01368734264133669
32.27032661,0.014480811779964905
32.27045035,0.011596856641489281
32.27050495,0.010803387502861066
32.27054381,0.013504234378576334
32.2705791,0.014496070801861601
32.28245687,0.011673151750972763
32.28248978,0.010574502174410621
32.29653978,0.013626306553749905
32.29660463,0.014526588845654994
32.29665208,0.011657892729076066
32.31244564,0.010833905546654459
32.32369113,0.013702601663233387
32.3237555,0.01441977569237812
32.33753133,0.011657892729076066
32.33760381,0.010849164568551155
32.33765244,0.013717860685130083
32.33769464,0.014480811779964905
32.33773708,0.011612115663385977
32.35155439,0.010742351415274281
32.3516252,0.013611047531853208
32.35167289,0.014465552758068208
32.36554694,0.01147478446631571
32.36561036,0.010803387502861066
32.36565828,0.01368734264133669
32.36570358,0.014496070801861601
32.36574578,0.011673151750972763
32.36578655,0.010696574349584192
32.39053178,0.013611047531853208
32.39058495,0.014496070801861601
32.39062357,0.011764705882352941
32.39065933,0.010818646524757763
32.39069343,0.013611047531853208
32.4055531,0.01458762493324178
32.40561676,0.011764705882352941
32.40566349,0.010833905546654459
32.40570831,0.013626306553749905
32.40575123,0.014358739604791332
32.42075062,0.011566338597695888
32.42081571,0.010727092393377585
32.42846727,0.013550011444266423
32.42855573,0.014496070801861601
32.4286015,0.011749446860456245
32.43785834,0.010833905546654459
32.45146418,0.013595788509956512
32.45151615,0.01454184786755169
32.46943855,0.011734187838559548
32.46950626,0.01078812848096437
32.46953464,0.013702601663233387
32.46956015,0.014557106889448387
32.46958447,0.011749446860456245
32.47341967,0.010864423590447852
32.47348309,0.013550011444266423
32.47351313,0.014496070801861601
32.48843431,0.011764705882352941
32.48846674,0.010864423590447852
32.49443102,0.01368734264133669
32.49449444,0.014526588845654994
32.49452496,0.011718928816662852
32.50742221,0.010757610437170977
32.52047992,0.013626306553749905
32.52054286,0.01454184786755169
32.52942538,0.011764705882352941
32.52946925,0.010910200656137941
32.52949715,0.013626306553749905
32.52952337,0.01454184786755169
32.52955008,0.011841000991836423
32.54343438,0.010818646524757763
32.54349256,0.013550011444266423
32.54353166,0.014572365911345083
32.5514636,0.01181048294804303
32.55151367,0.010818646524757763
32.56344032,0.013611047531853208
32.56347466,0.01458762493324178
32.56349969,0.011795223926146334
32.57844639,0.010879682612344548
32.58747458,0.013611047531853208
32.58752656,0.014526588845654994
32.60545969,0.011871519035629816
32.605515,0.010879682612344548
32.60554075,0.013595788509956512
32.60556602,0.014557106889448387
32.60558987,0.011795223926146334
32.60841775,0.010925459678034637
32.60846066,0.01356527046616312
32.60848475,0.014465552758068208
32.62144637,0.011749446860456245
32.62147951,0.01078812848096437
32.63546515,0.01351949340047303
32.63554835,0.014450293736171512
32.63558674,0.011749446860456245
32.63562346,0.010772869459067674
32.64848661,0.013473716334782941
32.64859056,0.014496070801861601
32.65049839,0.011718928816662852
32.65060782,0.010727092393377585
32.65063715,0.013504234378576334
32.66718674,0.014435034714274816
32.66724777,0.011749446860456245
32.67749476,0.010727092393377585
32.67757106,0.013473716334782941
32.67759538,0.014465552758068208
32.69148231,0.011764705882352941
32.6915493,0.010711833371480888
32.70060825,0.013473716334782941
32.70071292,0.014526588845654994
32.70074844,0.011795223926146334
32.70077729,0.01062027924010071
32.71054506,0.013504234378576334
32.71062779,0.014526588845654994
32.72246885,0.01181048294804303
32.72252464,0.010864423590447852
32.72255898,0.013504234378576334
32.73150301,0.014526588845654994
32.73155975,0.01185626001373312
32.75554252,0.010803387502861066
32.75573325,0.013550011444266423
32.75576925,0.01454184786755169
32.76882601,0.011902037079423208
32.7689352,0.010650797283894103
32.76897931,0.013550011444266423
32.7690177,0.01454184786755169
32.76905155,0.011841000991836423
32.7824657,0.010833905546654459
32.78252125,0.013473716334782941
32.7825458,0.01454184786755169
32.79292989,0.011871519035629816
32.79298639,0.010803387502861066
32.79301143,0.01351949340047303
32.79951096,0.014572365911345083
32.79955292,0.011902037079423208
32.82248735,0.010833905546654459
32.82256484,0.01351949340047303
32.82644391,0.014526588845654994
32.82652235,0.011871519035629816
32.82656288,0.010757610437170977
32.84080672,0.013473716334782941
32.84087276,0.01454184786755169
32.840904,0.011871519035629816
32.84093046,0.010696574349584192
32.84095526,0.013458457312886245
32.84097958,0.014572365911345083
32.85656404,0.011871519035629816
32.85670948,0.010757610437170977
32.85673451,0.013397421225299458
32.86448216,0.014480811779964905
32.86454511,0.01185626001373312
32.88758492,0.010772869459067674
32.88765097,0.013458457312886245
32.88767838,0.014480811779964905
32.88769937,0.011917296101319905
32.88771963,0.010742351415274281
32.90253973,0.013382162203402761
32.90263724,0.014480811779964905
32.90268111,0.011871519035629816
32.90272045,0.010711833371480888
32.90750837,0.013427939269092852
32.90758467,0.014435034714274816
32.92146564,0.011795223926146334
32.92154503,0.010696574349584192
32.9215796,0.013351644159609368
32.93167686,0.014480811779964905
32.93171811,0.011886778057526512
32.94374776,0.010711833371480888
32.94384956,0.01326009002822919
32.94389272,0.014465552758068208
32.95854044,0.011871519035629816
32.958637,0.010696574349584192
32.95867395,0.013397421225299458
32.95870495,0.014435034714274816
32.95873594,0.011886778057526512
32.96812463,0.010803387502861066
32.97648287,0.013351644159609368
32.97654843,0.014496070801861601
32.99264455,0.011947814145113297
32.99276018,0.010757610437170977
32.99279475,0.013382162203402761
33.0036962,0.014496070801861601
33.00378466,0.011917296101319905
33.01851225,0.010727092393377585
33.01862621,0.013427939269092852
33.01866913,0.014496070801861601
33.0187006,0.011871519035629816
33.0187304,0.010742351415274281
33.03358817,0.013351644159609368
33.03366423,0.014480811779964905
33.03369427,0.011963073167009996
33.0337224,0.010696574349584192
33.04848337,0.013397421225299458
33.04854584,0.014526588845654994
33.0485754,0.011902037079423208
33.05243826,0.010757610437170977
33.05246234,0.013366903181506065
33.0764842,0.014526588845654994
33.07655978,0.011917296101319905
33.07659435,0.010772869459067674
33.07662129,0.013366903181506065
33.07664704,0.014526588845654994
33.08747053,0.012008850232700085
33.08752894,0.010727092393377585
33.08755803,0.013382162203402761
33.1004684,0.01458762493324178
33.10051203,0.011978332188906692
33.10053778,0.010772869459067674
33.11851811,0.013412680247196154
33.11860037,0.014557106889448387
33.14260745,0.012024109254596781
33.14272428,0.010818646524757763
33.14274979,0.013366903181506065
33.14277124,0.014572365911345083
33.14279199,0.01206988632028687
33.16646099,0.010742351415274281
33.16653228,0.01326009002822919
33.16656184,0.014435034714274816
33.16658854,0.01185626001373312
33.16661382,0.010528725108720532
33.16663885,0.01330586709391928
33.17546821,0.014496070801861601
33.17553663,0.012024109254596781
33.17556477,0.010742351415274281
33.18045449,0.01330586709391928
33.18050623,0.014526588845654994
33.18643594,0.011993591210803388
33.18650246,0.010742351415274281
33.18653941,0.01330586709391928
33.20051289,0.01454184786755169
33.20060158,0.011978332188906692
33.21344781,0.010696574349584192
33.2135191,0.01330586709391928
33.21354842,0.014526588845654994
33.22246289,0.012024109254596781
33.22251558,0.010757610437170977
33.22842264,0.01330586709391928
33.22847414,0.014465552758068208
33.22850513,0.012039368276493477
33.23747945,0.010711833371480888
33.2435081,0.013336385137712672
33.24363303,0.014557106889448387
33.25847173,0.012085145342183566
33.25858474,0.01062027924010071
33.25864077,0.013275349050125887
33.27147198,0.01454184786755169
33.27152395,0.012039368276493477
33.28049636,0.010803387502861066
33.28060389,0.013275349050125887
33.28064084,0.01454184786755169
33.28066993,0.012100404364080263
33.28069806,0.010711833371480888
33.31645536,0.013275349050125887
33.3165319,0.014572365911345083
33.31656241,0.012085145342183566
33.31658936,0.010757610437170977
33.3166163,0.01330586709391928
33.31664276,0.014557106889448387
33.32656527,0.012100404364080263
33.3267107,0.010833905546654459
33.32674956,0.013275349050125887
33.34051251,0.014557106889448387
33.34055209,0.012100404364080263
33.3405745,0.010681315327687495
33.34059644,0.013229571984435798
33.34061718,0.01458762493324178
33.35045052,0.01211566338597696
33.35048819,0.010772869459067674
33.36346102,0.013275349050125887
33.36353707,0.014526588845654994
33.3635664,0.012161440451667048
33.36540842,0.010742351415274281
33.37946892,0.013214312962539101
33.37952709,0.014496070801861601
33.39274716,0.01211566338597696
33.39283895,0.010696574349584192
33.39286351,0.013183794918745708
33.39743757,0.014496070801861601
33.39746833,0.012039368276493477
33.40643287,0.010635538261997406
33.40647006,0.013183794918745708
33.40649629,0.014435034714274816
33.41643071,0.012054627298390174
33.41645622,0.010666056305790799
33.42547393,0.01313801785305562
33.42554235,0.014480811779964905
33.43856549,0.012085145342183566
33.43865824,0.01062027924010071
33.45255804,0.013122758831158923
33.45261812,0.014480811779964905
33.46558809,0.012100404364080263
33.46565056,0.010666056305790799
33.46567488,0.013214312962539101
33.4656961,0.014465552758068208
33.4657166,0.01211566338597696
33.47454858,0.010727092393377585
33.47460055,0.013122758831158923
33.47462392,0.014480811779964905
33.48244905,0.012146181429770352
33.48248339,0.010666056305790799
33.50645161,0.013153276874952316
33.50652051,0.014526588845654994
33.50655079,0.012146181429770352
33.50657725,0.010696574349584192
33.52150416,0.013153276874952316
33.52157974,0.014496070801861601
33.5216167,0.012146181429770352
33.52165031,0.010696574349584192
33.52168274,0.013107499809262227
33.53148031,0.01454184786755169
33.53153181,0.012207217517357137
33.54048038,0.010681315327687495
33.54054308,0.01309224078736553
33.5405736,0.01454184786755169
33.55344868,0.012176699473563745
33.55348301,0.010757610437170977
33.56756806,0.013199053940642405
33.56774688,0.014557106889448387
33.56779099,0.012207217517357137
33.58144593,0.010772869459067674
33.58742929,0.013107499809262227
33.5874691,0.01454184786755169
33.58749652,0.012298771648737316
33.58752298,0.010681315327687495
33.58754849,0.013107499809262227
33.5994215,0.014557106889448387
33.59944439,0.012207217517357137
33.60548472,0.010742351415274281
33.60554338,0.013122758831158923
33.60557318,0.01458762493324178
33.62845445,0.012268253604943923
33.62849426,0.010696574349584192
33.65254688,0.013061722743572137
33.65263343,0.014572365911345083
33.65266037,0.012329289692530708
33.65268445,0.010696574349584192
33.66647315,0.013183794918745708
33.66652775,0.014526588845654994
33.66655111,0.012207217517357137
33.66657209,0.010666056305790799
33.66659236,0.01309224078736553
33.66666675,0.014496070801861601
33.66668916,0.012268253604943923
33.66670966,0.010742351415274281
33.68046904,0.013031204699778745
33.68050742,0.01454184786755169
33.7004838,0.01223773556115053
33.7005496,0.010650797283894103
33.70057416,0.013000686655985352
33.70059657,0.014496070801861601
33.70061755,0.01228351262684062
33.70063782,0.010681315327687495
33.7118547,0.013031204699778745
33.71192122,0.014480811779964905
33.71917462,0.012298771648737316
33.71935153,0.010696574349584192
33.71944284,0.012939650568398567
33.73456526,0.014480811779964905
33.73467541,0.01228351262684062
33.74645042,0.010742351415274281
33.74651909,0.013031204699778745
33.74654913,0.01458762493324178
33.77089238,0.01228351262684062
33.77095127,0.010681315327687495
33.77097559,0.013015945677882048
33.77099824,0.014572365911345083
33.77101898,0.012314030670634012
33.77103949,0.01078812848096437
33.77248907,0.01297016861219196
33.7725327,0.014496070801861601
33.78749514,0.012390325780117494
33.7875793,0.010711833371480888
33.78762197,0.012985427634088656
33.80066895,0.014480811779964905
33.80073738,0.012252994583047227
33.81452441,0.010696574349584192
33.81461859,0.012954909590295263
33.81464744,0.014526588845654994
33.82784915,0.012314030670634012
33.82788754,0.010772869459067674
33.82791066,0.012954909590295263
33.8279326,0.014480811779964905
33.82795334,0.012390325780117494
33.83747983,0.010711833371480888
33.83751583,0.01297016861219196
33.83754015,0.014496070801861601
33.85264969,0.012375066758220797
33.85275817,0.010711833371480888
33.85279274,0.01297016861219196
33.8824935,0.01454184786755169
33.88255382,0.012420843823910887
33.8825829,0.010711833371480888
33.88260937,0.013000686655985352
33.88263655,0.014572365911345083
33.88560748,0.012390325780117494
33.88574195,0.010772869459067674
33.89847302,0.013107499809262227
33.89854503,0.014602883955138476
33.89857364,0.012390325780117494
33.90058494,0.010589761196307317
33.90850759,0.012802319371328297
33.90857387,0.014373998626688029
33.90860701,0.012359807736324101
33.93372583,0.010757610437170977
33.93378019,0.01297016861219196
33.93747902,0.01458762493324178
33.93755007,0.012451361867704281
33.94377565,0.010635538261997406
33.94390702,0.012939650568398567
33.94395494,0.014602883955138476
33.95252299,0.01240558480201419
33.95258713,0.010940718699931334
33.96644545,0.012893873502708476
33.96651149,0.014480811779964905
33.96653819,0.012420843823910887
33.96656346,0.010742351415274281
33.98148227,0.012939650568398567
33.98154211,0.014557106889448387
33.99555898,0.012481879911497674
33.99563313,0.010681315327687495
33.99566293,0.01287861448081178
34.0054903,0.014496070801861601
34.00555301,0.01240558480201419
34.00558352,0.010681315327687495
34.00560999,0.01287861448081178
34.00563574,0.014526588845654994
34.01846695,0.012451361867704281
34.01850414,0.010711833371480888
34.02762413,0.012863355458915083
34.02772093,0.014572365911345083
34.02775311,0.012512397955291066
34.03621197,0.010635538261997406
34.06052065,0.012848096437018387
34.06060839,0.014557106889448387
34.06063747,0.012481879911497674
34.06066346,0.010711833371480888
34.06068826,0.01283283741512169
34.08448625,0.014465552758068208
34.08454323,0.012436102845807583
34.08457088,0.010696574349584192
34.08459592,0.012848096437018387
34.08462024,0.014526588845654994
34.0976069,0.012481879911497674
34.09769702,0.010757610437170977
34.0977633,0.01283283741512169
34.09782219,0.014572365911345083
34.09787893,0.012527656977187763
34.09793496,0.010742351415274281
34.11250973,0.012848096437018387
34.11257982,0.014450293736171512
34.1264782,0.012481879911497674
34.12654495,0.010757610437170977
34.12656808,0.012863355458915083
34.14044046,0.014526588845654994
34.1404779,0.012573434042877852
34.14049911,0.010635538261997406
34.1405189,0.012787060349431601
34.14053822,0.014496070801861601
34.14946985,0.012481879911497674
34.14952278,0.010666056305790799
34.16345906,0.012771801327534905
34.16350913,0.014450293736171512
34.16353226,0.012466620889600977
34.16355276,0.010635538261997406
34.18748426,0.01271076523994812
34.1875329,0.014465552758068208
34.18755555,0.012420843823910887
34.18757629,0.010650797283894103
34.18759584,0.012726024261844816
34.20052528,0.01441977569237812
34.20055962,0.012466620889600977
34.20643663,0.010650797283894103
34.2064817,0.012771801327534905
34.22044349,0.014465552758068208
34.22051144,0.012573434042877852
34.22053933,0.010711833371480888
34.22909474,0.012756542305638208
34.2291441,0.014511329823758298
34.22916627,0.012588693064774548
34.25243139,0.010696574349584192
34.25246048,0.012741283283741512
34.25248051,0.014465552758068208
34.25249982,0.012527656977187763
34.25251913,0.010696574349584192
34.2525382,0.012787060349431601
34.26901746,0.014526588845654994
34.26905799,0.012588693064774548
34.27244043,0.010742351415274281
34.27247524,0.012741283283741512
34.27249813,0.01454184786755169
34.28647089,0.012603952086671245
34.28651643,0.010711833371480888
34.31052208,0.012787060349431601
34.31057811,0.01454184786755169
34.3106153,0.012603952086671245
34.31065106,0.010696574349584192
34.31247878,0.012741283283741512
34.31251979,0.014526588845654994
34.32152367,0.012588693064774548
34.32159495,0.010696574349584192
34.32164383,0.012726024261844816
34.33556724,0.014526588845654994
34.33561993,0.01266498817425803
34.33565807,0.010727092393377585
34.34247351,0.012756542305638208
34.34250832,0.01454184786755169
34.35616231,0.012588693064774548
34.35622835,0.010742351415274281
34.3562758,0.012771801327534905
34.37380791,0.01454184786755169
34.37383032,0.012726024261844816
34.37384963,0.010696574349584192
34.37548375,0.012634470130464637
34.37551427,0.014480811779964905
34.39059496,0.012619211108567941
34.39064932,0.010742351415274281
34.39068794,0.012680247196154727
34.39749718,0.014496070801861601
34.39752817,0.01254291599908446
34.40875721,0.010666056305790799
34.40882158,0.01266498817425803
34.40886879,0.014435034714274816
34.4234643,0.012634470130464637
34.42349076,0.010681315327687495
34.43156457,0.012634470130464637
34.43161964,0.014465552758068208
34.43164539,0.012603952086671245
34.43166971,0.010681315327687495
34.44566083,0.012649729152361334
34.44575,0.014496070801861601
34.45953774,0.01266498817425803
34.45960641,0.010696574349584192
34.45964575,0.01266498817425803
34.46753788,0.014465552758068208
34.46758819,0.012695506218051423
34.48156261,0.010772869459067674
34.48161721,0.012649729152361334
34.48165274,0.014496070801861601
34.4955442,0.012695506218051423
34.49559331,0.010696574349584192
34.49562883,0.012695506218051423
34.49566579,0.014526588845654994
34.49570036,0.012726024261844816
34.49573445,0.010711833371480888
34.51357913,0.012634470130464637
34.51363587,0.014496070801861601
34.51848888,0.01271076523994812
34.5185442,0.010757610437170977
34.51857638,0.012573434042877852
34.54258275,0.014465552758068208
34.54264021,0.012726024261844816
34.54267955,0.010681315327687495
34.54271483,0.012634470130464637
34.54275036,0.014526588845654994
34.55261374,0.01266498817425803
34.55267787,0.010742351415274281
34.56153941,0.01254291599908446
34.56158686,0.014465552758068208
34.56161904,0.01271076523994812
34.56650591,0.010711833371480888
34.58048415,0.01254291599908446
34.58055115,0.014465552758068208
34.59343195,0.012695506218051423
34.59349251,0.010666056305790799
34.59352922,0.012573434042877852
34.60753608,0.014496070801861601
34.60759902,0.012695506218051423
34.60764384,0.010742351415274281
34.60768557,0.012527656977187763
34.60772729,0.01441977569237812
34.61754131,0.012726024261844816
34.61760497,0.010696574349584192
34.61765265,0.012527656977187763
34.63178945,0.014450293736171512
34.63182163,0.012695506218051423
34.63184881,0.010650797283894103
34.64971066,0.01254291599908446
34.64976287,0.014496070801861601
34.67078805,0.012756542305638208
34.67085886,0.010757610437170977
34.67090631,0.012588693064774548
34.67094922,0.014450293736171512
34.67099357,0.012848096437018387
34.67252493,0.010818646524757763
34.67256832,0.012634470130464637
34.67260051,0.01458762493324178
34.68776345,0.012756542305638208
34.68782759,0.010559243152513925
34.68787527,0.012375066758220797
34.69673753,0.014358739604791332
34.69677091,0.012680247196154727
34.69680047,0.010711833371480888
34.72152543,0.01254291599908446
34.72159457,0.014496070801861601
34.72163343,0.012787060349431601
34.72166896,0.010772869459067674
34.72170305,0.012436102845807583
34.73144388,0.014450293736171512
34.73146796,0.012756542305638208
34.74143195,0.010696574349584192
34.74146867,0.012695506218051423
34.74149299,0.014450293736171512
34.74842501,0.012756542305638208
34.7484479,0.010742351415274281
34.7625761,0.01254291599908446
34.76264024,0.014480811779964905
34.76268768,0.012817578393224994
34.76752615,0.010742351415274281
34.79166245,0.012436102845807583
34.79175544,0.014511329823758298
34.79179692,0.012893873502708476
34.79183412,0.010727092393377585
34.79187465,0.012481879911497674
34.79350114,0.014465552758068208
34.79353261,0.012848096437018387
34.8077569,0.010772869459067674
34.80782223,0.01249713893339437
34.81654263,0.01454184786755169
34.81660223,0.013046463721675441
34.81664324,0.010742351415274281
34.84047747,0.01249713893339437
34.84054637,0.014496070801861601
34.84058332,0.012909132524605172
34.84061885,0.010742351415274281
34.8554616,0.01249713893339437
34.85551834,0.014496070801861601
34.85554528,0.012863355458915083
34.85557008,0.010772869459067674
34.85559487,0.012451361867704281
34.86571956,0.014526588845654994
34.86577773,0.012893873502708476
34.87347126,0.010742351415274281
34.87353706,0.012451361867704281
34.87356567,0.014526588845654994
34.88247275,0.012954909590295263
34.88253593,0.010772869459067674
34.90650845,0.012481879911497674
34.90657473,0.014480811779964905
34.90660334,0.012863355458915083
34.90662909,0.010757610437170977
34.90665388,0.012466620889600977
34.9066782,0.014465552758068208
34.92145634,0.012939650568398567
34.92152047,0.010742351415274281
34.92154694,0.01240558480201419
34.93045211,0.014526588845654994
34.93048525,0.012939650568398567
34.93847108,0.010772869459067674
34.93851924,0.01240558480201419
34.93854165,0.014480811779964905
34.96246195,0.012939650568398567
34.96251297,0.010742351415274281
34.9854629,0.012390325780117494
34.98551559,0.014450293736171512
34.98553872,0.012954909590295263
34.98555923,0.010742351415274281
34.99287915,0.01228351262684062
34.99296141,0.014480811779964905
35.01648641,0.012939650568398567
35.01656008,0.010696574349584192
35.01659775,0.01240558480201419
35.0166316,0.014465552758068208
35.01666498,0.012985427634088656
35.02549481,0.010727092393377585
35.02555966,0.012359807736324101
35.02558732,0.014526588845654994
35.02561188,0.012909132524605172
35.02563524,0.010742351415274281
35.03949308,0.012329289692530708
35.03954029,0.014435034714274816
35.03956294,0.012985427634088656
35.03958249,0.010772869459067674
35.04852438,0.012359807736324101
35.04858947,0.01441977569237812
35.0534277,0.012939650568398567
35.0534718,0.010742351415274281
35.05349922,0.012329289692530708
35.06652188,0.014496070801861601
35.066571,0.01297016861219196
35.07247519,0.010757610437170977
35.07252645,0.012329289692530708
35.07256222,0.014450293736171512
35.09654832,0.01297016861219196
35.09659767,0.010742351415274281
35.09663367,0.012329289692530708
35.09666705,0.01441977569237812
35.09669995,0.012985427634088656
35.09673262,0.010742351415274281
35.11251092,0.012329289692530708
35.11256051,0.014450293736171512
35.12076688,0.013046463721675441
35.12082076,0.010742351415274281
35.12085724,0.012329289692530708
35.13347912,0.014465552758068208
35.13351178,0.013031204699778745
35.14057302,0.010772869459067674
35.14063072,0.012298771648737316
35.14066482,0.014465552758068208
35.16571856,0.012954909590295263
35.16580677,0.010727092393377585
35.16587162,0.012268253604943923
35.16593075,0.014389257648584725
35.16598701,0.013015945677882048
35.16604233,0.010696574349584192
35.17569304,0.01228351262684062
35.17578197,0.01441977569237812
35.18876767,0.012954909590295263
35.18886614,0.010666056305790799
35.18893266,0.012268253604943923
35.19783473,0.01441977569237812
35.19792175,0.013031204699778745
35.22260904,0.010742351415274281
35.22267962,0.012222476539253834
35.22272658,0.01441977569237812
35.22276878,0.013046463721675441
35.22280955,0.010742351415274281
35.23247528,0.012222476539253834
35.23254633,0.01458762493324178
35.23259473,0.013000686655985352
35.23263812,0.010650797283894103
35.24766278,0.012222476539253834
35.2477262,0.014389257648584725
35.24777317,0.013031204699778745
35.24781728,0.010696574349584192
35.24785924,0.012161440451667048
35.27452421,0.014389257648584725
35.27459264,0.013061722743572137
35.28153229,0.010757610437170977
35.28160167,0.012191958495460441
35.28164029,0.014465552758068208
35.28643346,0.013122758831158923
35.28646636,0.010681315327687495
35.29547167,0.012207217517357137
35.29554129,0.014465552758068208
35.29558396,0.013122758831158923
35.30043554,0.01078812848096437
35.3124752,0.012222476539253834
35.31253171,0.01441977569237812
35.3125596,0.01309224078736553
35.33646297,0.010742351415274281
35.33649755,0.012207217517357137
35.35149765,0.014435034714274816
35.35155702,0.013107499809262227
35.35158443,0.010711833371480888
35.35160947,0.012161440451667048
35.35163069,0.014404516670481423
35.37348104,0.013076981765468834
35.37354755,0.010711833371480888
35.37359238,0.012161440451667048
35.37362885,0.014435034714274816
35.37366199,0.013351644159609368
35.37539935,0.010772869459067674
35.38145375,0.012207217517357137
35.38151073,0.014480811779964905
35.38743591,0.013199053940642405
35.38749027,0.010879682612344548
35.38752508,0.012176699473563745
35.401438,0.014480811779964905
35.40146255,0.013229571984435798
35.41543889,0.010803387502861066
35.4154861,0.01223773556115053
35.41551256,0.014465552758068208
35.42141151,0.013199053940642405
35.42143631,0.010803387502861066
35.42747045,0.012207217517357137
35.42751908,0.014435034714274816
35.42755365,0.013214312962539101
35.43444133,0.010833905546654459
35.44755602,0.012390325780117494
35.44761848,0.01441977569237812
35.44766283,0.013229571984435798
35.45345569,0.010849164568551155
35.45348668,0.012222476539253834
35.46758509,0.014496070801861601
35.46764994,0.01330586709391928
35.46769667,0.010879682612344548
35.48149061,0.012085145342183566
35.48151922,0.014312962539101243
35.48753214,0.01309224078736553
35.48757529,0.010772869459067674
35.48760891,0.012146181429770352
35.49686217,0.01441977569237812
35.49688482,0.01326009002822919
35.50153112,0.010864423590447852
35.51086354,0.012146181429770352
35.51091504,0.014465552758068208
35.53450775,0.013244831006332494
35.53459644,0.010772869459067674
35.53462839,0.01211566338597696
35.53465533,0.014435034714274816
35.53468108,0.01326009002822919
35.54346156,0.01078812848096437
35.54351902,0.012359807736324101
35.54354119,0.014404516670481423
35.55251098,0.013199053940642405
35.55256057,0.010803387502861066
35.56347299,0.012054627298390174
35.56352377,0.01441977569237812
35.56354594,0.013244831006332494
35.56540585,0.010772869459067674
35.58046865,0.012100404364080263
35.58051896,0.01441977569237812
35.5934639,0.013275349050125887
35.59352112,0.010818646524757763
35.59354305,0.012130922407873656
35.60146022,0.01441977569237812
35.60149693,0.013229571984435798
35.6064496,0.010742351415274281
35.60649395,0.012054627298390174
35.60654378,0.014450293736171512
35.61642456,0.01330586709391928
35.61645055,0.01078812848096437
35.63049459,0.012085145342183566
35.630584,0.01441977569237812
35.63062239,0.01330586709391928
35.63066816,0.010864423590447852
35.65553451,0.01211566338597696
35.65558314,0.014465552758068208
35.65560579,0.013336385137712672
35.65562582,0.010833905546654459
35.65564561,0.01211566338597696
35.66545057,0.014465552758068208
35.66550469,0.013366903181506065
35.67645359,0.010864423590447852
35.67650676,0.012085145342183566
35.67657518,0.014465552758068208
35.68544316,0.013351644159609368
35.68547559,0.010864423590447852
35.70848632,0.01206988632028687
35.7086525,0.014465552758068208
35.70868969,0.013366903181506065
35.70872355,0.010833905546654459
35.71042776,0.012024109254596781
35.71046615,0.014435034714274816
35.72444248,0.013366903181506065
35.72449899,0.010833905546654459
35.72452259,0.012008850232700085
35.7284472,0.014358739604791332
35.72849584,0.01330586709391928
35.74352193,0.010818646524757763
35.74360228,0.012024109254596781
35.74363089,0.014404516670481423
35.7514863,0.013351644159609368
35.75154948,0.010803387502861066
35.76547885,0.011963073167009996
35.76554084,0.014435034714274816
35.76556897,0.013336385137712672
35.77946424,0.010803387502861066
35.77952099,0.011963073167009996
35.77955413,0.014373998626688029
35.80347085,0.013336385137712672
35.80353332,0.01078812848096437
35.80356359,0.011978332188906692
35.81244922,0.014358739604791332
35.81248164,0.013366903181506065
35.81250262,0.010803387502861066
35.81252217,0.011917296101319905
35.81254268,0.01441977569237812
35.81641245,0.013351644159609368
35.81643629,0.010803387502861066
35.84047318,0.011993591210803388
35.84053993,0.014358739604791332
35.84057546,0.013336385137712672
35.84060907,0.01078812848096437
35.85545611,0.011947814145113297
35.85550761,0.014404516670481423
35.85552979,0.013366903181506065
35.85555267,0.010818646524757763
35.85557675,0.011902037079423208
35.87047386,0.014358739604791332
35.8705318,0.013366903181506065
35.87056303,0.010772869459067674
35.87059236,0.011917296101319905
35.87062097,0.014343480582894636
35.88544202,0.013351644159609368
35.88549137,0.010818646524757763
35.88551688,0.011917296101319905
35.90951109,0.014373998626688029
35.90953541,0.013382162203402761
35.90955424,0.010864423590447852
35.9095726,0.011932555123216601
35.90959096,0.014343480582894636
35.92511702,0.013397421225299458
35.92527103,0.01078812848096437
35.92533994,0.011932555123216601
35.93017316,0.014389257648584725
35.93030572,0.013397421225299458
35.94101739,0.010818646524757763
35.94114733,0.011886778057526512
35.94121957,0.014373998626688029
35.96475339,0.013458457312886245
35.9648633,0.010864423590447852
35.96493292,0.011917296101319905
35.96499419,0.014358739604791332
35.96505117,0.013412680247196154
35.96510792,0.010833905546654459
35.97958446,0.011871519035629816
35.97965312,0.014404516670481423
35.98588824,0.013412680247196154
35.98600054,0.01078812848096437
35.98606586,0.011886778057526512
35.99849772,0.014343480582894636
35.99853563,0.013427939269092852
36.00575709,0.010818646524757763
36.00582361,0.01185626001373312
36.00587058,0.014358739604791332
36.02889204,0.013382162203402761
36.02891564,0.01078812848096437
36.03089499,0.011795223926146334
36.03092599,0.014358739604791332
36.03094864,0.013427939269092852
36.03097034,0.01078812848096437
36.04358935,0.011795223926146334
36.04365349,0.01432822156099794
36.05748415,0.013443198290989548
36.05755544,0.010818646524757763
36.0575881,0.01181048294804303
36.06244326,0.014343480582894636
36.06249356,0.013443198290989548
36.06252193,0.01078812848096437
36.07645369,0.011871519035629816
36.07648754,0.014358739604791332
36.10150957,0.013504234378576334
36.10158277,0.010818646524757763
36.10160899,0.011841000991836423
36.10163403,0.014389257648584725
36.10166526,0.013504234378576334
36.10169864,0.010910200656137941
36.11146998,0.011871519035629816
36.11152148,0.01441977569237812
36.11847043,0.01356527046616312
36.11852884,0.010833905546654459
36.11855507,0.01181048294804303
36.14351535,0.014389257648584725
36.14357281,0.013504234378576334
36.15645599,0.010879682612344548
36.15651631,0.01181048294804303
36.15654445,0.014343480582894636
36.15657043,0.013550011444266423
36.15659571,0.010894941634241245
36.18049884,0.01181048294804303
36.18056989,0.014343480582894636
36.18060899,0.013580529488059816
36.18064666,0.010879682612344548
36.19347072,0.011779964904249637
36.19353104,0.014404516670481423
36.19356441,0.01351949340047303
36.19544172,0.010894941634241245
36.195467,0.011795223926146334
36.20347857,0.014358739604791332
36.20352626,0.013550011444266423
36.22744393,0.010833905546654459
36.22750998,0.011795223926146334
36.22753811,0.014358739604791332
36.22756338,0.013611047531853208
36.22758794,0.010925459678034637
36.23045206,0.011795223926146334
36.23052096,0.014373998626688029
36.23055172,0.013611047531853208
36.23057508,0.010894941634241245
36.24349785,0.01181048294804303
36.24355817,0.01441977569237812
36.25776172,0.013611047531853208
36.25785208,0.010940718699931334
36.25788689,0.011825741969939726
36.27146173,0.014435034714274816
36.2715199,0.013580529488059816
36.27155066,0.01078812848096437
36.28543854,0.01164263370717937
36.28546691,0.014206149385824368
36.28548741,0.013550011444266423
36.2855072,0.010864423590447852
36.30245066,0.011795223926146334
36.30251884,0.014358739604791332
36.30254316,0.013595788509956512
36.30256367,0.010894941634241245
36.30969,0.011734187838559548
36.30977654,0.014358739604791332
36.3174572,0.013595788509956512
36.31753206,0.010894941634241245
36.31756163,0.011734187838559548
36.34544301,0.014312962539101243
36.34547782,0.013611047531853208
36.34549975,0.010940718699931334
36.34551978,0.011734187838559548
36.34553957,0.014358739604791332
36.35143018,0.013626306553749905
36.35145855,0.010864423590447852
36.36042738,0.011673151750972763
36.36046267,0.01432822156099794
36.36642647,0.013641565575646601
36.36647153,0.010864423590447852
36.37969422,0.011718928816662852
36.37978244,0.014312962539101243
36.39280939,0.013580529488059816
36.39290047,0.010925459678034637
36.39296579,0.01168841077286946
36.40651107,0.014358739604791332
36.40654325,0.013626306553749905
36.40657163,0.010925459678034637
36.40659904,0.01168841077286946
36.40662575,0.01432822156099794
36.41645885,0.013672083619439994
36.41648269,0.010879682612344548
36.44269681,0.011734187838559548
36.44279552,0.014389257648584725
36.44286418,0.013672083619439994
36.44292808,0.010925459678034637
36.45784068,0.011703669794766156
36.45793033,0.014373998626688029
36.45799613,0.013702601663233387
36.4580543,0.010910200656137941
36.45811129,0.01164263370717937
36.48154545,0.014312962539101243
36.48160934,0.013672083619439994
36.48165751,0.010894941634241245
36.48170042,0.01164263370717937
36.48173785,0.014343480582894636
36.4965477,0.013672083619439994
36.49661779,0.010879682612344548
36.49665618,0.011673151750972763
36.49669385,0.014312962539101243
36.49672842,0.013702601663233387
36.49676204,0.010894941634241245
36.51146722,0.011612115663385977
36.51152396,0.014297703517204547
36.52544212,0.013672083619439994
36.52550626,0.010894941634241245
36.52553535,0.011612115663385977
36.538445,0.01428244449530785
36.53847742,0.013672083619439994
36.54144549,0.010803387502861066
36.54148769,0.011581597619592585
36.54150963,0.014251926451514458
36.54844594,0.013702601663233387
36.54847789,0.010910200656137941
36.56246901,0.011566338597695888
36.56252503,0.014251926451514458
36.5625515,0.013672083619439994
36.56541204,0.010864423590447852
36.58748412,0.011627374685282674
36.58753872,0.014221408407721065
36.5875659,0.013702601663233387
36.58759165,0.010879682612344548
36.58761597,0.011596856641489281
36.60045457,0.014312962539101243
36.60049081,0.013702601663233387
36.60643363,0.010940718699931334
36.60647964,0.011596856641489281
36.62050462,0.014312962539101243
36.62057829,0.013702601663233387
36.62061453,0.010894941634241245
36.63247323,0.011627374685282674
36.63252807,0.01428244449530785
36.63255811,0.013763637750820172
36.64042163,0.010986495765621425
36.65346313,0.011505302510109103
36.65350485,0.01428244449530785
36.66042995,0.013717860685130083
36.66048574,0.010879682612344548
36.66052127,0.011596856641489281
36.66650891,0.01428244449530785
36.66659808,0.013748378728923476
36.67547798,0.010940718699931334
36.67553663,0.011581597619592585
36.67557716,0.014343480582894636
36.68861532,0.013809414816510261
36.68874168,0.01095597772182803
36.68879032,0.011566338597695888
36.70356417,0.014267185473411154
36.7035985,0.013824673838406958
36.71675062,0.01095597772182803
36.71679878,0.011596856641489281
36.71683216,0.01428244449530785
36.73050976,0.013778896772716868
36.73054552,0.010940718699931334
36.73057318,0.011520561532005799
36.74379539,0.014267185473411154
36.7438345,0.013809414816510261
36.74387169,0.010971236743724726
36.74391985,0.011535820553902495
36.74395657,0.014236667429617761
36.75246334,0.013809414816510261
36.75248885,0.010940718699931334
36.77651596,0.011520561532005799
36.77655983,0.01428244449530785
36.77659082,0.013794155794613565
36.7766211,0.010879682612344548
36.7858088,0.011490043488212406
36.78585768,0.014251926451514458
36.78860903,0.013839932860303654
36.78865933,0.010910200656137941
36.78869247,0.011520561532005799
36.80255389,0.014251926451514458
36.80259848,0.013809414816510261
36.80263329,0.010986495765621425
36.80266762,0.011490043488212406
36.802701,0.01428244449530785
36.81802177,0.013809414816510261
36.81812596,0.010925459678034637
36.83152866,0.011535820553902495
36.83161402,0.014236667429617761
36.83165407,0.013839932860303654
36.84550762,0.011001754787518121
36.85054898,0.011459525444419012
36.85061264,0.01428244449530785
36.86362386,0.013839932860303654
36.86372256,0.01095597772182803
36.86377048,0.01147478446631571
36.86555338,0.01428244449530785
36.86561656,0.013885709925993743
36.87374902,0.010986495765621425
36.87379384,0.01147478446631571
36.87383819,0.01428244449530785
36.88252926,0.013885709925993743
36.88259554,0.01095597772182803
36.90651894,0.01147478446631571
36.90661478,0.01428244449530785
36.90666294,0.013870450904097047
36.90670753,0.010894941634241245
36.90675259,0.011490043488212406
36.90679431,0.014236667429617761
36.91956568,0.013885709925993743
36.91966343,0.010925459678034637
36.91972947,0.01142900740062562
36.9325211,0.014236667429617761
36.93256664,0.013870450904097047
36.93848276,0.010986495765621425
36.93851519,0.011444266422522316
36.93854141,0.01428244449530785
36.96450281,0.013916227969787138
36.96452689,0.01095597772182803
36.96454573,0.011444266422522316
36.96456432,0.01428244449530785
36.96458268,0.01394674601358053
36.96460128,0.011001754787518121
36.97747231,0.011413748378728923
36.97749639,0.014221408407721065
36.98649335,0.013885709925993743
36.9865365,0.010971236743724726
36.98656559,0.01142900740062562
37.00048161,0.014206149385824368
37.00050974,0.01394674601358053
37.00544453,0.010971236743724726
37.0054791,0.01138323033493553
37.00550199,0.01428244449530785
37.0314362,0.013870450904097047
37.03145695,0.011001754787518121
37.03147578,0.011490043488212406
37.03149486,0.01432822156099794
37.03151369,0.01399252307927062
37.03153253,0.011032272831311514
37.04359818,0.01138323033493553
37.04364538,0.014129854276340887
37.05273199,0.013885709925993743
37.05282092,0.010864423590447852
37.05287623,0.011322194247348745
37.06669378,0.014221408407721065
37.06674623,0.013962005035477227
37.06678462,0.01104753185320821
37.08247519,0.01147478446631571
37.08250308,0.014236667429617761
37.0934689,0.013931486991683834
37.09350085,0.010986495765621425
37.10250282,0.011398489356832226
37.10255075,0.014236667429617761
37.10258389,0.01394674601358053
37.10261655,0.011078049897001603
37.10752511,0.01138323033493553
37.10758305,0.014221408407721065
37.12152576,0.014053559166857405
37.12158656,0.011001754787518121
37.12162757,0.01138323033493553
37.13346839,0.014221408407721065
37.13350821,0.01394674601358053
37.1546495,0.011001754787518121
37.15471935,0.011352712291142137
37.15478659,0.014206149385824368
37.15484309,0.013962005035477227
37.15490174,0.011017013809414817
37.16155434,0.01138323033493553
37.16162133,0.014190890363927672
37.16167498,0.01399252307927062
37.16946983,0.011032272831311514
37.17663693,0.011413748378728923
37.17667937,0.014251926451514458
37.1865356,0.014007782101167316
37.18657994,0.011062790875104906
37.18661046,0.011352712291142137
37.21053457,0.014206149385824368
37.21061611,0.014068818188754101
37.21065593,0.011062790875104906
37.21069169,0.01138323033493553
37.21072578,0.014221408407721065
37.22049332,0.01399252307927062
37.22055101,0.01104753185320821
37.22848582,0.011352712291142137
37.2285428,0.01428244449530785
37.22858644,0.01399252307927062
37.23046517,0.011078049897001603
37.2455554,0.011352712291142137
37.24561954,0.014190890363927672
37.26868057,0.014068818188754101
37.26875448,0.01104753185320821
37.26880646,0.011322194247348745
37.27055097,0.014236667429617761
37.27061176,0.01399252307927062
37.28558278,0.011032272831311514
37.28567481,0.011306935225452048
37.28572726,0.014236667429617761
37.28577018,0.014038300144960708
37.28581166,0.01104753185320821
37.3005414,0.011291676203555352
37.30063152,0.014175631342030976
37.30068707,0.014053559166857405
37.3007338,0.011032272831311514
37.31052899,0.01126115815976196
37.3105855,0.014175631342030976
37.33353066,0.01399252307927062
37.33362436,0.010986495765621425
37.33365583,0.011291676203555352
37.33542633,0.014129854276340887
37.33546376,0.014007782101167316
37.34246373,0.01104753185320821
37.34251428,0.011245899137865263
37.34253764,0.01416037232013428
37.34746432,0.014053559166857405
37.34751129,0.010986495765621425
37.36644745,0.011245899137865263
37.36650705,0.014206149385824368
37.36652994,0.014053559166857405
37.36655068,0.010986495765621425
37.37655234,0.011291676203555352
37.37662196,0.01416037232013428
37.40047646,0.014068818188754101
37.40056944,0.011062790875104906
37.40060568,0.01126115815976196
37.41850615,0.014175631342030976
37.41856265,0.014053559166857405
37.41859198,0.01104753185320821
37.41861844,0.011291676203555352
37.41864276,0.014221408407721065
37.43846369,0.014129854276340887
37.43849707,0.011062790875104906
37.43851805,0.011291676203555352
37.43853784,0.014251926451514458
37.43855739,0.01411459525444419
37.43857694,0.011169604028381781
37.4615252,0.011291676203555352
37.46158648,0.014190890363927672
37.46161079,0.014145113298237583
37.46164393,0.011062790875104906
37.46167684,0.011291676203555352
37.48677063,0.014206149385824368
37.48683524,0.01416037232013428
37.48687077,0.011123826962691692
37.48689294,0.01126115815976196
37.48691249,0.014190890363927672
37.48693109,0.014099336232547494
37.4869504,0.011078049897001603
37.50148344,0.011245899137865263
37.5015533,0.014129854276340887
37.50158143,0.014068818188754101
37.50160694,0.011062790875104906
37.5214932,0.011230640115968566
37.52155495,0.014221408407721065
37.52731347,0.014129854276340887
37.52739763,0.011093308918898299
37.52742839,0.011291676203555352
37.53641701,0.014175631342030976
37.53643966,0.01416037232013428
37.54043508,0.011123826962691692
37.54048252,0.011184863050278477
37.5405097,0.014129854276340887
37.55044103,0.01411459525444419
37.55046868,0.011123826962691692
37.56345224,0.011184863050278477
37.5635004,0.014190890363927672
37.56352282,0.01411459525444419
37.56742072,0.011108567940794995
37.58145213,0.011245899137865263
37.58149695,0.01411459525444419
37.59647346,0.014099336232547494
37.59653592,0.011123826962691692
37.59656286,0.011184863050278477
37.59659028,0.014129854276340887
37.59661555,0.01411459525444419
37.60746408,0.010986495765621425
37.607517,0.011154345006485085
37.60754585,0.01411459525444419
37.62143397,0.01416037232013428
37.62146401,0.011078049897001603
37.62542963,0.011230640115968566
37.62549591,0.014145113298237583
37.62553024,0.01416037232013428
37.63942838,0.011154345006485085
37.65249515,0.011184863050278477
37.65254784,0.01416037232013428
37.65849352,0.01416037232013428
37.65857649,0.011108567940794995
37.65861559,0.011184863050278477
37.66572762,0.014099336232547494
37.66579914,0.01416037232013428
37.67362905,0.011078049897001603
37.67368007,0.011169604028381781
37.67371607,0.014099336232547494
37.68753839,0.01411459525444419
37.68756938,0.011108567940794995
37.6967752,0.011169604028381781
37.69690251,0.01416037232013428
37.69705772,0.014236667429617761
37.72551465,0.011123826962691692
37.72553706,0.011139085984588388
37.72555614,0.014129854276340887
37.72766995,0.014175631342030976
37.72773123,0.011123826962691692
37.72778273,0.011154345006485085
37.72948217,0.014129854276340887
37.72950411,0.01416037232013428
37.74294662,0.011139085984588388
37.7430594,0.011139085984588388
37.74312401,0.014084077210650798
37.75061059,0.014190890363927672
37.75064445,0.011078049897001603
37.77307796,0.011108567940794995
37.77321029,0.014084077210650798
37.77327609,0.014175631342030976
37.77333593,0.011139085984588388
37.77452612,0.011200122072175174
37.77456927,0.01416037232013428
37.78793836,0.01428244449530785
37.78804874,0.011169604028381781
37.78811693,0.011139085984588388
37.79858041,0.014038300144960708
37.7986145,0.01411459525444419
37.8058784,0.01104753185320821
37.80596209,0.011078049897001603
37.80600929,0.01416037232013428
37.82844448,0.01428244449530785
37.82847619,0.011169604028381781
37.84267259,0.011230640115968566
37.84276485,0.01416037232013428
37.8428328,0.014236667429617761
37.84289408,0.011169604028381781
37.85683846,0.011062790875104906
37.85690308,0.01411459525444419
37.85694981,0.014206149385824368
37.85699463,0.011154345006485085
37.85703874,0.011078049897001603
37.86878514,0.014099336232547494
37.86884856,0.014236667429617761
37.87759948,0.011123826962691692
37.87767053,0.011108567940794995
37.87771749,0.014099336232547494
37.90374804,0.014236667429617761
37.90380669,0.011169604028381781
37.90849495,0.011108567940794995
37.90855098,0.014129854276340887
37.90858436,0.014297703517204547
37.9086132,0.011200122072175174
37.91550469,0.011139085984588388
37.91556144,0.01411459525444419
37.92344618,0.014251926451514458
37.92350793,0.011154345006485085
37.92353535,0.011123826962691692
37.92843008,0.014129854276340887
37.92847323,0.014251926451514458
37.94244075,0.011184863050278477
37.94250774,0.01104753185320821
37.94253683,0.014038300144960708
37.95151687,0.01428244449530785
37.95157433,0.011139085984588388
37.96645784,0.01104753185320821
37.96651721,0.014053559166857405
37.96654487,0.014206149385824368
37.97145224,0.011123826962691692
37.98545551,0.01104753185320821
37.98550797,0.014068818188754101
37.98553491,0.014206149385824368
37.98556113,0.011184863050278477
37.98558998,0.011062790875104906
38.00144196,0.014068818188754101
38.00147438,0.01428244449530785
38.00641847,0.011169604028381781
38.00648189,0.011093308918898299
38.00650811,0.01416037232013428
38.02843976,0.014312962539101243
38.02847123,0.011184863050278477
38.03142309,0.011078049897001603
38.03146291,0.014084077210650798
38.0314889,0.014297703517204547
38.03151441,0.011230640115968566
38.04347587,0.01104753185320821
38.04352474,0.014068818188754101
38.05345321,0.014297703517204547
38.05350876,0.011154345006485085
38.05353856,0.011032272831311514
38.0664959,0.014099336232547494
38.06655359,0.01428244449530785
38.06658959,0.011154345006485085
38.08045721,0.011062790875104906
38.08048368,0.014038300144960708
38.09350848,0.01428244449530785
38.09355044,0.011184863050278477
38.10052466,0.01104753185320821
38.10058308,0.014084077210650798
38.10062289,0.014312962539101243
38.10066056,0.011230640115968566
38.10958171,0.01104753185320821
38.10964465,0.014099336232547494
38.1225183,0.014373998626688029
38.12258148,0.011169604028381781
38.1226213,0.01104753185320821
38.13150239,0.014053559166857405
38.13155413,0.01432822156099794
38.15549731,0.011245899137865263
38.155545,0.011032272831311514
38.15557671,0.014068818188754101
38.15560865,0.014312962539101243
38.15563703,0.011154345006485085
38.15566468,0.011017013809414817
38.16249299,0.014038300144960708
38.16252422,0.01432822156099794
38.16955304,0.011154345006485085
38.17656374,0.011017013809414817
38.17662859,0.014007782101167316
38.17667675,0.01428244449530785
38.19049382,0.011200122072175174
38.19052148,0.010940718699931334
38.20369673,0.014007782101167316
38.20375991,0.014312962539101243
38.22757578,0.011169604028381781
38.22764611,0.01095597772182803
38.2276938,0.014038300144960708
38.22773933,0.014312962539101243
38.22778201,0.011200122072175174
38.24167228,0.010971236743724726
38.24174356,0.01399252307927062
38.24179244,0.014297703517204547
38.24183464,0.011184863050278477
38.25078797,0.011001754787518121
38.25085044,0.013977264057373923
38.25666428,0.014343480582894636
38.25673509,0.011200122072175174
38.25678301,0.010894941634241245
38.27061176,0.014068818188754101
38.27066398,0.01432822156099794
38.28383517,0.01121538109407187
38.28396273,0.010940718699931334
38.28401828,0.014038300144960708
38.29776168,0.014343480582894636
38.29782486,0.01121538109407187
38.29787159,0.010986495765621425
38.29791427,0.01399252307927062
38.29795527,0.014373998626688029
38.29799557,0.011200122072175174
38.30757165,0.010910200656137941
38.30763578,0.014038300144960708
38.32162261,0.014343480582894636
38.32173491,0.011230640115968566
38.32179785,0.011017013809414817
38.3374753,0.014038300144960708
38.33750701,0.014358739604791332
38.35152197,0.011245899137865263
38.35158181,0.010986495765621425
38.3516078,0.014038300144960708
38.35163307,0.014404516670481423
38.35165811,0.01126115815976196
38.37670827,0.010986495765621425
38.37680793,0.014053559166857405
38.37687492,0.01441977569237812
38.37693453,0.011245899137865263
38.37948895,0.011001754787518121
38.37953424,0.014007782101167316
38.38773561,0.014343480582894636
38.38781714,0.011230640115968566
38.38787675,0.010910200656137941
38.41171551,0.014007782101167316
38.4118042,0.014389257648584725
38.41186833,0.01126115815976196
38.4119277,0.010940718699931334
38.41198468,0.014007782101167316
38.41757011,0.014373998626688029
38.41760325,0.01126115815976196
38.42672849,0.011001754787518121
38.42681932,0.014068818188754101
38.4268856,0.014358739604791332
38.43281841,0.011276417181658656
38.44676566,0.010910200656137941
38.44685388,0.014007782101167316
38.4607141,0.014450293736171512
38.46081114,0.01126115815976196
38.46087718,0.010940718699931334
38.47374463,0.013977264057373923
38.47383237,0.014343480582894636
38.48788071,0.011276417181658656
38.48797917,0.010986495765621425
38.48804665,0.014053559166857405
38.48810792,0.014373998626688029
38.48816991,0.011322194247348745
38.49656701,0.010971236743724726
38.49662662,0.014023041123064012
38.49666739,0.014435034714274816
38.50358129,0.011291676203555352
38.52675104,0.010986495765621425
38.52683878,0.014053559166857405
38.54071999,0.014450293736171512
38.54083037,0.011367971313038834
38.54089594,0.011032272831311514
38.54095578,0.014053559166857405
38.54101324,0.014373998626688029
38.55440354,0.011154345006485085
38.55445719,0.010757610437170977
38.55448914,0.013885709925993743
38.56253791,0.014358739604791332
38.56257153,0.011306935225452048
38.5625999,0.010940718699931334
38.56262708,0.014038300144960708
38.56265426,0.01441977569237812
38.56447673,0.01126115815976196
38.57748294,0.01095597772182803
38.57753849,0.014007782101167316
38.59148979,0.01441977569237812
38.59154344,0.011276417181658656
38.59157181,0.01095597772182803
38.60546422,0.01399252307927062
38.60549116,0.014404516670481423
38.61151481,0.011306935225452048
38.61156535,0.010879682612344548
38.61753011,0.014038300144960708
38.61762762,0.014404516670481423
38.61768699,0.011276417181658656
38.63171577,0.010910200656137941
38.63180566,0.014007782101167316
38.63187242,0.014435034714274816
38.6319313,0.01138323033493553
38.64672732,0.010940718699931334
38.64681745,0.01394674601358053
38.66072178,0.014435034714274816
38.66081977,0.011322194247348745
38.66088557,0.010986495765621425
38.66872621,0.014068818188754101
38.66882038,0.014480811779964905
38.6756959,0.01138323033493553
38.67579651,0.011017013809414817
38.6758647,0.014038300144960708
38.68873334,0.01441977569237812
38.68882585,0.011413748378728923
38.68890738,0.010925459678034637
38.69551277,0.013931486991683834
38.69554758,0.01441977569237812
38.70470667,0.011306935225452048
38.72777677,0.010910200656137941
38.72786617,0.013931486991683834
38.72954464,0.014435034714274816
38.72959185,0.011352712291142137
38.72962379,0.010940718699931334
38.72965193,0.013977264057373923
38.72967958,0.01441977569237812
38.73871684,0.011398489356832226
38.73880792,0.010940718699931334
38.73887658,0.013931486991683834
38.75273561,0.01441977569237812
38.75282407,0.011306935225452048
38.76371312,0.010894941634241245
38.76380515,0.013977264057373923
38.76387072,0.014404516670481423
38.77750778,0.011352712291142137
38.79266667,0.010879682612344548
38.7927556,0.013931486991683834
38.79282093,0.014373998626688029
38.79287958,0.011337453269245441
38.79293609,0.010879682612344548
38.81678391,0.013870450904097047
38.81687236,0.014358739604791332
38.81693912,0.011322194247348745
38.81700015,0.010833905546654459
38.81705785,0.013916227969787138
38.81711411,0.014373998626688029
38.81716919,0.011306935225452048
38.83171153,0.010864423590447852
38.83180356,0.013885709925993743
38.83186889,0.014373998626688029
38.84572744,0.01138323033493553
38.84581614,0.01095597772182803
38.84588075,0.013916227969787138
38.8585248,0.014435034714274816
38.85858512,0.011367971313038834
38.85862541,0.010849164568551155
38.86563087,0.01390096894789044
38.86567879,0.014465552758068208
38.87441754,0.011367971313038834
38.87445688,0.010894941634241245
38.87448335,0.01390096894789044
38.88368869,0.014373998626688029
38.88377714,0.01138323033493553
38.89788818,0.010879682612344548
38.89798713,0.013916227969787138
38.89805293,0.01441977569237812
38.8981123,0.011352712291142137
38.92271018,0.010894941634241245
38.9227984,0.013885709925993743
38.92286301,0.014435034714274816
38.92292237,0.011352712291142137
38.92298269,0.01095597772182803
38.93072605,0.013931486991683834
38.93081379,0.014404516670481423
38.94371939,0.01138323033493553
38.94380879,0.010894941634241245
38.94387364,0.013916227969787138
38.95070362,0.014450293736171512
38.95079207,0.01142900740062562
38.96469092,0.010864423590447852
38.9647882,0.013885709925993743
38.96485472,0.01441977569237812
38.97751307,0.011413748378728923
38.98665237,0.010879682612344548
38.98674369,0.013916227969787138
39.002707,0.014404516670481423
39.00279832,0.011398489356832226
39.00286269,0.010879682612344548
39.00292468,0.013839932860303654
39.00298285,0.014435034714274816
39.00566864,0.011322194247348745
39.0057652,0.010818646524757763
39.00583243,0.013885709925993743
39.01872754,0.014404516670481423
39.0188148,0.011352712291142137
39.03269196,0.010818646524757763
39.03281283,0.013885709925993743
39.03288007,0.01441977569237812
39.04671788,0.011398489356832226
39.04680753,0.010803387502861066
39.04687214,0.013870450904097047
39.0526967,0.014435034714274816
39.05279446,0.011413748378728923
39.05286098,0.010864423590447852
39.0667398,0.013885709925993743
39.06682777,0.014404516670481423
39.07269955,0.01138323033493553
39.07279849,0.01095597772182803
39.07286477,0.013870450904097047
39.09672904,0.014450293736171512
39.09681749,0.011444266422522316
39.11051798,0.010849164568551155
39.11056757,0.013885709925993743
39.1105988,0.014450293736171512
39.11062789,0.01142900740062562
39.12373781,0.010864423590447852
39.12382627,0.01390096894789044
39.12389183,0.014465552758068208
39.12395358,0.011398489356832226
39.12401175,0.010925459678034637
39.13282108,0.01385519188220035
39.13291121,0.014480811779964905
39.16069984,0.011459525444419012
39.16079831,0.010910200656137941
39.16086411,0.013839932860303654
39.1667335,0.014465552758068208
39.16682172,0.01142900740062562
39.16688561,0.010879682612344548
39.16694736,0.013839932860303654
39.16700387,0.014404516670481423
39.16705942,0.011367971313038834
39.1808207,0.010818646524757763
39.18090892,0.013885709925993743
39.18097329,0.01441977569237812
39.18651319,0.011490043488212406
39.18654776,0.010818646524757763
39.20073533,0.013809414816510261
39.20082283,0.014480811779964905
39.21369743,0.011398489356832226
39.21379495,0.010879682612344548
39.21386218,0.013809414816510261
39.22777915,0.01441977569237812
39.22786927,0.011459525444419012
39.22793484,0.010894941634241245
39.22799301,0.01385519188220035
39.22804928,0.014465552758068208
39.22810507,0.011535820553902495
39.25271583,0.010833905546654459
39.25280428,0.013809414816510261
39.2528708,0.014435034714274816
39.25293231,0.011459525444419012
39.25299001,0.010910200656137941
39.26773405,0.01394674601358053
39.26782322,0.014526588845654994
39.26788831,0.011490043488212406
39.28149152,0.010864423590447852
39.28153014,0.013748378728923476
39.29077053,0.014343480582894636
39.29085374,0.011367971313038834
39.29558539,0.010772869459067674
39.29568481,0.013748378728923476
39.29574442,0.014404516670481423
39.30154014,0.011535820553902495
39.31060195,0.010849164568551155
39.31067324,0.013885709925993743
39.31869102,0.014435034714274816
39.31878901,0.011444266422522316
39.318856,0.010910200656137941
39.34272051,0.013809414816510261
39.34280968,0.014450293736171512
39.35669875,0.011505302510109103
39.35679865,0.010864423590447852
39.35686517,0.013824673838406958
39.3569243,0.014450293736171512
39.35698223,0.01147478446631571
39.35854602,0.010833905546654459
39.35859323,0.013824673838406958
39.35862517,0.014480811779964905
39.36773229,0.011490043488212406
39.37697792,0.010879682612344548
39.37706709,0.013809414816510261
39.40069222,0.014465552758068208
39.40078998,0.011505302510109103
39.40085721,0.010894941634241245
39.40091753,0.013824673838406958
39.40097761,0.014480811779964905
39.41068769,0.01147478446631571
39.41078544,0.010864423590447852
39.41085196,0.013794155794613565
39.41673827,0.014480811779964905
39.41682768,0.01147478446631571
39.43069959,0.010864423590447852
39.43079972,0.013809414816510261
39.43086553,0.014465552758068208
39.43092346,0.011490043488212406
39.44577551,0.010864423590447852
39.44586372,0.013824673838406958
39.46272326,0.014480811779964905
39.46281362,0.01147478446631571
39.46287894,0.010864423590447852
39.47153831,0.013794155794613565
39.47157073,0.014511329823758298
39.47691441,0.011551079575799192
39.47702622,0.010910200656137941
39.47709227,0.013794155794613565
39.48272371,0.014480811779964905
39.48275948,0.011566338597695888
39.49658155,0.010803387502861066
39.49666333,0.013748378728923476
39.49671054,0.014511329823758298
39.49675369,0.01147478446631571
39.52256727,0.010833905546654459
39.52263117,0.013763637750820172
39.52267766,0.014450293736171512
39.5227201,0.011520561532005799
39.52276182,0.010818646524757763
39.53147006,0.01373311970702678
39.53150272,0.014435034714274816
39.5409472,0.011505302510109103
39.54101562,0.010803387502861066
39.54107523,0.013717860685130083
39.54847717,0.014465552758068208
39.54851007,0.011490043488212406
39.57267642,0.010757610437170977
39.57274175,0.013702601663233387
39.57279015,0.014450293736171512
39.57446575,0.011520561532005799
39.5895586,0.010833905546654459
39.58962488,0.01373311970702678
39.58966231,0.01441977569237812
39.58969617,0.011535820553902495
39.58972907,0.010803387502861066
39.59649348,0.013702601663233387
39.59656096,0.014450293736171512
39.60551596,0.011551079575799192
39.60558271,0.01078812848096437
39.60560966,0.013672083619439994
39.62945437,0.014450293736171512
39.62948895,0.011520561532005799
39.64545965,0.010818646524757763
39.64552021,0.013748378728923476
39.6455512,0.014450293736171512
39.64558053,0.011520561532005799
39.65648007,0.01078812848096437
39.65654755,0.013702601663233387
39.67120314,0.014435034714274816
39.67126942,0.011535820553902495
39.67130351,0.010803387502861066
39.67133713,0.013702601663233387
39.6713891,0.01441977569237812
39.67643785,0.011520561532005799
39.67647767,0.010833905546654459
39.67650008,0.013809414816510261
39.68543005,0.014480811779964905
39.68546033,0.011596856641489281
39.70952725,0.010818646524757763
39.70958686,0.01373311970702678
39.70961356,0.01454184786755169
39.7096374,0.01164263370717937
39.72346044,0.010864423590447852
39.72351384,0.013748378728923476
39.72353959,0.014450293736171512
39.72361183,0.011612115663385977
39.72363782,0.010803387502861066
39.73145175,0.013717860685130083
39.73149681,0.01441977569237812
39.74444342,0.011566338597695888
39.74450731,0.010818646524757763
39.7445507,0.013702601663233387
39.75047255,0.014496070801861601
39.75051665,0.011627374685282674
39.77445698,0.010833905546654459
39.7745378,0.013717860685130083
39.77457547,0.014450293736171512
39.77461052,0.011566338597695888
39.77464867,0.01078812848096437
39.77468181,0.01373311970702678
39.79145956,0.014465552758068208
39.79152226,0.011596856641489281
39.79155922,0.01078812848096437
39.79159379,0.013641565575646601
39.79162765,0.014480811779964905
39.80649638,0.011612115663385977
39.80655503,0.010803387502861066
39.8305428,0.01373311970702678
39.83061409,0.014465552758068208
39.8306632,0.011566338597695888
39.83070636,0.010803387502861066
39.83074808,0.013702601663233387
39.83079433,0.014526588845654994
39.83083534,0.011627374685282674
39.84567785,0.010818646524757763
39.8457675,0.013717860685130083
39.85182238,0.014496070801861601
39.85187674,0.01164263370717937
39.8519156,0.010757610437170977
39.86557889,0.01373311970702678
39.86561561,0.014526588845654994
39.8748703,0.011596856641489281
39.87494254,0.010772869459067674
39.87507081,0.013702601663233387
39.890481,0.014496070801861601
39.89050221,0.01164263370717937
39.90166879,0.010772869459067674
39.90172505,0.013595788509956512
39.90175796,0.014435034714274816
39.90179062,0.011551079575799192
39.91090441,0.010681315327687495
39.91097045,0.013611047531853208
39.92452717,0.014465552758068208
39.92456913,0.011551079575799192
39.92460275,0.010772869459067674
39.92948461,0.013702601663233387
39.92954206,0.01441977569237812
39.95547628,0.011566338597695888
39.95557475,0.010757610437170977
39.95562577,0.013611047531853208
39.95567083,0.014480811779964905
39.95570016,0.011612115663385977
39.96443582,0.010803387502861066
39.96450901,0.013626306553749905
39.96454716,0.014480811779964905
39.9645822,0.011612115663385977
39.97645855,0.010727092393377585
39.97651529,0.01368734264133669
39.99044633,0.01441977569237812
39.99049544,0.011657892729076066
39.99052286,0.010803387502861066
39.99644041,0.013626306553749905
39.99649048,0.014435034714274816
40.02072549,0.01164263370717937
40.02082682,0.010818646524757763
40.02089262,0.01373311970702678
40.04474354,0.014572365911345083
40.04483056,0.011657892729076066
40.0448935,0.010803387502861066
40.04495287,0.013611047531853208
40.04501033,0.014404516670481423
40.04506922,0.01147478446631571
40.05978751,0.010742351415274281
40.05987573,0.013580529488059816
40.05994105,0.014465552758068208
40.06000018,0.011703669794766156
40.06005645,0.010803387502861066
40.08251262,0.013702601663233387
40.08253455,0.01454184786755169
40.08255291,0.011703669794766156
40.08257127,0.010864423590447852
40.08258939,0.013626306553749905
40.08750749,0.014496070801861601
40.08753037,0.011673151750972763
40.09672976,0.010894941634241245
40.09682369,0.013672083619439994
40.09688854,0.014526588845654994
40.09694815,0.011657892729076066
40.1117475,0.010757610437170977
40.11183619,0.013611047531853208
40.12082767,0.014511329823758298
40.12093091,0.01164263370717937
40.12099695,0.010772869459067674
40.14775038,0.013626306553749905
40.14783788,0.014480811779964905
40.15275693,0.011718928816662852
40.15285397,0.010772869459067674
40.15292215,0.013626306553749905
40.152982,0.014465552758068208
40.15303922,0.011673151750972763
40.16671801,0.010772869459067674
40.16681767,0.013595788509956512
40.16688299,0.014557106889448387
40.16694379,0.011673151750972763
40.17667723,0.010803387502861066
40.17676616,0.013641565575646601
40.19070268,0.014480811779964905
40.19080377,0.011673151750972763
40.19087005,0.010818646524757763
40.20475245,0.013611047531853208
40.20484066,0.014496070801861601
40.21776962,0.01168841077286946
40.21786904,0.010742351415274281
40.21793509,0.013580529488059816
40.21984816,0.014480811779964905
40.21989083,0.011734187838559548
40.23278403,0.010772869459067674
40.23287368,0.013626306553749905
40.232939,0.014465552758068208
40.23449969,0.011657892729076066
40.24274421,0.010803387502861066
40.24283195,0.01356527046616312
40.2567122,0.014526588845654994
40.2568121,0.01168841077286946
40.25687766,0.010772869459067674
40.28573537,0.01356527046616312
40.28582549,0.014480811779964905
40.28589082,0.011673151750972763
40.28595042,0.010742351415274281
40.28600955,0.013580529488059816
40.2875669,0.014465552758068208
40.28759885,0.01164263370717937
40.30172873,0.010742351415274281
40.30181837,0.01351949340047303
40.30188441,0.014496070801861601
40.30194354,0.011718928816662852
40.31170225,0.010711833371480888
40.31179118,0.013488975356679637
40.32571125,0.014450293736171512
40.32584405,0.011673151750972763
40.32591176,0.010772869459067674
40.34974432,0.013580529488059816
40.34985209,0.014496070801861601
40.34992456,0.011703669794766156
40.34998536,0.010757610437170977
40.3500421,0.01356527046616312
40.35156775,0.014465552758068208
40.35160112,0.011749446860456245
40.36572766,0.010696574349584192
40.36582804,0.01351949340047303
40.36589432,0.01454184786755169
40.36595917,0.01168841077286946
40.39074802,0.010772869459067674
40.39084959,0.01356527046616312
40.39091396,0.01454184786755169
40.39981627,0.011734187838559548
40.39984965,0.010757610437170977
40.39987803,0.01351949340047303
40.39990544,0.01454184786755169
40.41470933,0.011779964904249637
40.4148078,0.010772869459067674
40.41487432,0.013550011444266423
40.42078328,0.014526588845654994
40.42089796,0.011703669794766156
40.420964,0.010757610437170977
40.437747,0.013580529488059816
40.43783522,0.014496070801861601
40.45171356,0.011779964904249637
40.47554421,0.010742351415274281
40.47558641,0.013504234378576334
40.47561789,0.014526588845654994
40.47564578,0.011749446860456245
40.47567296,0.010757610437170977
40.47570014,0.013504234378576334
40.47572708,0.014480811779964905
40.48962951,0.011718928816662852
40.48968363,0.010727092393377585
40.48972225,0.013550011444266423
40.4897573,0.014480811779964905
40.48979092,0.011795223926146334
40.50462484,0.010757610437170977
40.50467348,0.013473716334782941
40.50470805,0.014496070801861601
40.50474119,0.011779964904249637
40.50477338,0.010742351415274281
40.50480676,0.01356527046616312
40.51970887,0.014526588845654994
40.5198071,0.011734187838559548
40.51987243,0.010757610437170977
40.54280376,0.013504234378576334
40.54289174,0.014496070801861601
40.54518604,0.011764705882352941
40.54527736,0.01078812848096437
40.54534316,0.013488975356679637
40.5527277,0.014480811779964905
40.55281734,0.011841000991836423
40.5621314,0.01078812848096437
40.56222177,0.01351949340047303
40.56228614,0.014496070801861601
40.5623467,0.01168841077286946
40.57663202,0.010742351415274281
40.57672119,0.013504234378576334
40.6256423,0.014526588845654994
40.62569571,0.011795223926146334
40.62573624,0.010833905546654459
40.62577605,0.013504234378576334
40.62580991,0.014480811779964905
40.62758279,0.011779964904249637
40.62763047,0.010681315327687495
40.62766194,0.013488975356679637
40.62953663,0.014511329823758298
40.62958002,0.011718928816662852
40.62961149,0.010711833371480888
40.62963986,0.013488975356679637
40.62966752,0.014480811779964905
40.63156462,0.011841000991836423
40.64575577,0.01078812848096437
40.64584374,0.013488975356679637
40.65973115,0.014526588845654994
40.65982151,0.011795223926146334
40.65988874,0.010742351415274281
40.66773605,0.013504234378576334
40.66782427,0.01454184786755169
40.67473078,0.011749446860456245
40.67482185,0.010757610437170977
40.6748879,0.013458457312886245
40.68455648,0.014511329823758298
40.68459129,0.011779964904249637
40.69680858,0.010742351415274281
40.69696188,0.013458457312886245
40.69702768,0.014480811779964905
40.69708824,0.01181048294804303
40.72178578,0.010696574349584192
40.72189546,0.013488975356679637
40.72196031,0.014557106889448387
40.72201896,0.011779964904249637
40.72207475,0.010757610437170977
40.73198771,0.013488975356679637
40.73209715,0.014496070801861601
40.73996139,0.011795223926146334
40.74009085,0.010772869459067674
40.74015665,0.013443198290989548
40.75378489,0.014526588845654994
40.753824,0.01185626001373312
40.76194906,0.010696574349584192
40.76208305,0.013488975356679637
40.7621665,0.014557106889448387
40.77545428,0.011902037079423208
40.78998828,0.01078812848096437
40.79010844,0.013534752422369727
40.79791856,0.01458762493324178
40.7980032,0.01181048294804303
40.7980361,0.010681315327687495
40.80658007,0.01330586709391928
40.80661559,0.014465552758068208
40.81305552,0.01185626001373312
40.81318498,0.010681315327687495
40.81994224,0.013458457312886245
40.82006955,0.014648661020828565
40.82013583,0.011902037079423208
40.84294343,0.01078812848096437
40.84305406,0.013427939269092852
40.84312177,0.014526588845654994
40.84317899,0.011871519035629816
40.85705113,0.010818646524757763
40.85716057,0.013443198290989548
40.85722566,0.014557106889448387
40.85728502,0.011932555123216601
40.85732746,0.010727092393377585
40.87064624,0.013412680247196154
40.87073064,0.014526588845654994
40.87991524,0.011902037079423208
40.88004208,0.010757610437170977
40.8801105,0.013443198290989548
40.88457298,0.014496070801861601
40.88461018,0.011932555123216601
40.8979764,0.010742351415274281
40.89808726,0.013443198290989548
40.89815307,0.01454184786755169
40.91157961,0.011932555123216601
40.92098475,0.010711833371480888
40.92109394,0.013382162203402761
40.92694855,0.014557106889448387
40.92707443,0.011917296101319905
40.92714286,0.010757610437170977
40.93398547,0.013473716334782941
40.93409395,0.014557106889448387
40.94191265,0.011902037079423208
40.94199896,0.010757610437170977
40.94203925,0.013366903181506065
40.95607138,0.01458762493324178
40.95620155,0.011963073167009996
40.95626736,0.010742351415274281
40.96955109,0.013382162203402761
40.9695847,0.014496070801861601
40.97494292,0.011932555123216601
40.98749328,0.010696574349584192
40.98756099,0.013382162203402761
40.98943257,0.014526588845654994
40.98947096,0.011917296101319905
40.98950434,0.010772869459067674
40.99742532,0.013427939269092852
40.99745703,0.014526588845654994
41.0127008,0.011947814145113297
41.01279116,0.010742351415274281
41.01285529,0.013382162203402761
41.01751566,0.014526588845654994
41.01754642,0.011902037079423208
41.04194379,0.010696574349584192
41.04207778,0.013366903181506065
41.04213929,0.014526588845654994
41.04217267,0.011917296101319905
41.04411173,0.010635538261997406
41.04421902,0.013321126115815976
41.05292892,0.014511329823758298
41.05304074,0.011963073167009996
41.05310583,0.010681315327687495
41.06675339,0.013366903181506065
41.06686139,0.014465552758068208
41.08092189,0.011886778057526512
41.08104897,0.010696574349584192
41.08111525,0.013336385137712672
41.1049552,0.014511329823758298
41.10506535,0.011917296101319905
41.10512972,0.010711833371480888
41.10518909,0.013366903181506065
41.10524607,0.014480811779964905
41.11315703,0.011978332188906692
41.11995459,0.010666056305790799
41.1200645,0.013336385137712672
41.14307475,0.01454184786755169
41.14320111,0.011978332188906692
41.14326596,0.010681315327687495
41.14332414,0.013382162203402761
41.14341664,0.01454184786755169
41.15671921,0.011947814145113297
41.15686774,0.010681315327687495
41.1569097,0.01330586709391928
41.162045,0.014511329823758298
41.16217446,0.011963073167009996
41.17578149,0.010711833371480888
41.17593431,0.013321126115815976
41.1760025,0.014496070801861601
41.17606235,0.011963073167009996
41.17611885,0.010681315327687495
41.17617488,0.013366903181506065
41.19101882,0.014496070801861601
41.19113016,0.011978332188906692
41.19119501,0.010681315327687495
41.20504284,0.01330586709391928
41.20515156,0.014526588845654994
41.21789193,0.011963073167009996
41.21805167,0.010711833371480888
41.21811843,0.01330586709391928
41.22304583,0.014602883955138476
41.22315621,0.011993591210803388
41.23218155,0.010696574349584192
41.23230863,0.013244831006332494
41.23241496,0.014496070801861601
41.23682761,0.012008850232700085
41.24393392,0.010742351415274281
41.24404478,0.013275349050125887
41.25672793,0.014480811779964905
41.25685406,0.012008850232700085
41.25690246,0.010742351415274281
41.27104068,0.01330586709391928
41.27115226,0.014526588845654994
41.27971339,0.011993591210803388
41.27983928,0.010666056305790799
41.27993083,0.013244831006332494
41.28000808,0.014496070801861601
41.2800622,0.011963073167009996
41.29470944,0.010681315327687495
41.29483628,0.013229571984435798
41.29490161,0.014480811779964905
41.2949636,0.011993591210803388
41.30994725,0.010635538261997406
41.31006145,0.013244831006332494
41.33278251,0.014526588845654994
41.33293653,0.011993591210803388
41.33300447,0.010696574349584192
41.33495665,0.013275349050125887
41.33508658,0.01458762493324178
41.33993721,0.012008850232700085
41.34004855,0.010772869459067674
41.34011579,0.013275349050125887
41.35303473,0.014480811779964905
41.35316348,0.012024109254596781
41.36165905,0.010681315327687495
41.36179042,0.01326009002822919
41.36185622,0.01458762493324178
41.36191487,0.012039368276493477
41.38003492,0.010742351415274281
41.38016582,0.013275349050125887
41.39302945,0.014496070801861601
41.39318442,0.012054627298390174
41.3932519,0.010727092393377585
41.40195537,0.013244831006332494
41.40206409,0.014480811779964905
41.40772438,0.012039368276493477
41.4078517,0.010666056305790799
41.40791869,0.013183794918745708
41.41807628,0.014435034714274816
41.41820645,0.012008850232700085
41.43177533,0.010696574349584192
41.4319272,0.013244831006332494
41.43199372,0.014526588845654994
41.43205214,0.012054627298390174
41.45674419,0.010757610437170977
41.45685291,0.013244831006332494
41.45692015,0.014572365911345083
41.4569788,0.012130922407873656
41.45703602,0.010681315327687495
41.46502995,0.013199053940642405
41.46515965,0.01454184786755169
41.47297502,0.012146181429770352
41.4731276,0.010666056305790799
41.47319436,0.013229571984435798
41.48667002,0.014496070801861601
41.48675251,0.012039368276493477
41.50076532,0.010727092393377585
41.50083613,0.013183794918745708
41.50088406,0.01454184786755169
41.50992346,0.012146181429770352
41.52253914,0.010742351415274281
41.52260256,0.013244831006332494
41.52265048,0.014602883955138476
41.52445984,0.012146181429770352
41.52449226,0.010666056305790799
41.53251195,0.01313801785305562
41.53257775,0.01441977569237812
41.54273891,0.011993591210803388
41.54280066,0.010681315327687495
41.54284143,0.013168535896849012
41.56252933,0.01454184786755169
41.56258106,0.012085145342183566
41.56261873,0.010757610437170977
41.57151103,0.013199053940642405
41.57154465,0.014557106889448387
41.57157373,0.012130922407873656
41.59548283,0.010742351415274281
41.59559178,0.013229571984435798
41.60444331,0.014557106889448387
41.60450625,0.012146181429770352
41.60454488,0.010757610437170977
41.6174438,0.013244831006332494
41.61746597,0.014526588845654994
41.61748576,0.012161440451667048
41.6175046,0.010681315327687495
41.61752343,0.01313801785305562
41.61942673,0.014465552758068208
41.6194675,0.012161440451667048
41.63244796,0.010742351415274281
41.63250899,0.013214312962539101
41.63253856,0.014572365911345083
41.64641523,0.012176699473563745
41.65142012,0.010681315327687495
41.6514504,0.01313801785305562
41.66543961,0.014572365911345083
41.66551161,0.012268253604943923
41.66555667,0.010971236743724726
41.66559935,0.013183794918745708
41.66564107,0.014572365911345083
41.67544055,0.012207217517357137
41.67550802,0.010727092393377585
41.67554116,0.013214312962539101
41.68244338,0.014557106889448387
41.68247819,0.01223773556115053
41.69646311,0.010772869459067674
41.69652414,0.013199053940642405
41.69656348,0.01454184786755169
41.71041989,0.012252994583047227
41.72464919,0.010742351415274281
41.72469687,0.013153276874952316
41.72473907,0.01458762493324178
41.72476602,0.012268253604943923
41.72479033,0.010727092393377585
41.73043346,0.013061722743572137
41.7304821,0.01458762493324178
41.74342918,0.012268253604943923
41.7435286,0.010818646524757763
41.74355936,0.013122758831158923
41.75144172,0.014557106889448387
41.75148368,0.01228351262684062
41.77549005,0.010711833371480888
41.77555466,0.013122758831158923
41.77559114,0.014557106889448387
41.77562475,0.012207217517357137
41.78145218,0.010696574349584192
41.78149629,0.012954909590295263
41.78845906,0.01454184786755169
41.78851318,0.012222476539253834
41.7885468,0.010711833371480888
41.79747653,0.013076981765468834
41.79751396,0.014480811779964905
41.80646873,0.012054627298390174
41.80652332,0.010681315327687495
41.80656099,0.01309224078736553
41.82141256,0.014526588845654994
41.82143497,0.01223773556115053
41.83442926,0.010696574349584192
41.83447289,0.012939650568398567
41.83450007,0.014572365911345083
41.8424201,0.012268253604943923
41.84944654,0.010543984130617228
41.84949541,0.01309224078736553
41.85541344,0.014526588845654994
41.85546374,0.012298771648737316
41.85549664,0.010711833371480888
41.863482,0.01309224078736553
41.86354542,0.014572365911345083
41.87843466,0.01228351262684062
41.87848926,0.010666056305790799
41.87852001,0.013046463721675441
41.89151692,0.014526588845654994
41.89158249,0.012298771648737316
41.90044713,0.010757610437170977
41.90050769,0.013061722743572137
41.9005475,0.01454184786755169
41.90058327,0.01228351262684062
41.90848708,0.010757610437170977
41.90853977,0.013061722743572137
41.92246127,0.01458762493324178
41.92251635,0.01228351262684062
41.92255402,0.010696574349584192
41.93147993,0.013076981765468834
41.93153572,0.01454184786755169
41.95549965,0.012344548714427405
41.95558,0.010727092393377585
41.95562816,0.013031204699778745
41.95567369,0.01454184786755169
41.95571756,0.01211566338597696
41.95575929,0.010742351415274281
41.96542072,0.013061722743572137
41.96544957,0.014602883955138476
41.96547675,0.012359807736324101
41.9774549,0.010711833371480888
41.9775033,0.013031204699778745
41.98646593,0.014526588845654994
41.9865334,0.012329289692530708
41.98658156,0.010803387502861066
42.01241899,0.013000686655985352
42.0124495,0.014557106889448387
42.01654911,0.012344548714427405
42.0165906,0.010681315327687495
42.01661658,0.013015945677882048
42.03043938,0.01454184786755169
42.03048563,0.012252994583047227
42.03052044,0.010681315327687495
42.03055358,0.013015945677882048
42.03058624,0.01454184786755169
42.03061819,0.012344548714427405
42.04645395,0.010681315327687495
42.04650569,0.013000686655985352
42.05141759,0.014572365911345083
42.05146265,0.012420843823910887
42.05149961,0.010681315327687495
42.07940674,0.012954909590295263
42.07943082,0.014557106889448387
42.07945037,0.012375066758220797
42.07946944,0.010772869459067674
42.07948852,0.013000686655985352
42.09140778,0.014557106889448387
42.09143043,0.012390325780117494
42.09145021,0.01078812848096437
42.09147096,0.013000686655985352
42.10043335,0.014572365911345083
42.10049033,0.012481879911497674
42.10941648,0.010727092393377585
42.10945702,0.012939650568398567
42.12543845,0.014572365911345083
42.12548828,0.012390325780117494
42.12552238,0.010711833371480888
42.1384244,0.012726024261844816
42.13845158,0.014496070801861601
42.1454258,0.012390325780117494
42.14547586,0.010696574349584192
42.14549828,0.013168535896849012
42.15139723,0.014526588845654994
42.15141726,0.012161440451667048
42.16044474,0.010742351415274281
42.16049504,0.012909132524605172
42.16540146,0.01454184786755169
42.16545415,0.01240558480201419
42.17843771,0.010711833371480888
42.17848873,0.012771801327534905
42.19341183,0.014557106889448387
42.19345927,0.01240558480201419
42.19349098,0.010711833371480888
42.20243025,0.012893873502708476
42.20245981,0.014557106889448387
42.20856118,0.012466620889600977
42.20861292,0.010742351415274281
42.2086401,0.012893873502708476
42.22139859,0.014572365911345083
42.22141814,0.012481879911497674
42.22840691,0.010757610437170977
42.22844601,0.012954909590295263
42.22847915,0.014496070801861601
42.23354316,0.012466620889600977
42.2575736,0.010772869459067674
42.25763416,0.012893873502708476
42.25767469,0.014572365911345083
42.2577095,0.012451361867704281
42.2577498,0.010757610437170977
42.26847911,0.012954909590295263
42.26851797,0.01458762493324178
42.27549887,0.012527656977187763
42.2755754,0.010818646524757763
42.27561593,0.01297016861219196
42.28840351,0.014480811779964905
42.28842449,0.012344548714427405
42.3034761,0.01062027924010071
42.30352783,0.012771801327534905
42.3174932,0.014480811779964905
42.31756115,0.012512397955291066
42.31759977,0.010742351415274281
42.31763744,0.012954909590295263
42.33041596,0.01458762493324178
42.33047223,0.012466620889600977
42.33050871,0.010772869459067674
42.34444594,0.012619211108567941
42.34450054,0.01454184786755169
42.34453702,0.012466620889600977
42.34457159,0.010635538261997406
42.34460568,0.012848096437018387
42.35245204,0.014465552758068208
42.35250545,0.012466620889600977
42.36142039,0.010711833371480888
42.3614769,0.012909132524605172
42.36151433,0.01454184786755169
42.38040638,0.012390325780117494
42.38843942,0.010772869459067674
42.38848472,0.012909132524605172
42.38851833,0.014572365911345083
42.38855171,0.012558175020981156
42.38858509,0.010681315327687495
42.40641904,0.012817578393224994
42.40644169,0.01454184786755169
42.40646124,0.012558175020981156
42.40648007,0.010742351415274281
42.40649891,0.012848096437018387
42.42741895,0.014557106889448387
42.42744136,0.012527656977187763
42.42746067,0.010635538261997406
42.42747998,0.012619211108567941
42.42749906,0.01454184786755169
42.4304688,0.012603952086671245
42.45452523,0.010711833371480888
42.45458865,0.012787060349431601
42.454638,0.01454184786755169
42.45468259,0.012527656977187763
42.45472622,0.010666056305790799
42.46345472,0.012848096437018387
42.46348524,0.014602883955138476
42.47249389,0.012603952086671245
42.47255802,0.010742351415274281
42.4726069,0.012817578393224994
42.48148227,0.014526588845654994
42.48151445,0.012634470130464637
42.49568319,0.010772869459067674
42.49574852,0.012817578393224994
42.5045054,0.01454184786755169
42.50456381,0.012588693064774548
42.52756882,0.011032272831311514
42.52763224,0.012817578393224994
42.52767897,0.014511329823758298
42.52772141,0.012573434042877852
42.52776337,0.010681315327687495
42.53069472,0.012741283283741512
42.5307591,0.014496070801861601
42.54387856,0.012588693064774548
42.54394484,0.010757610437170977
42.54399204,0.01271076523994812
42.55061793,0.014496070801861601
42.55068183,0.012588693064774548
42.56459165,0.010879682612344548
42.56466246,0.012756542305638208
42.56471062,0.014496070801861601
42.57948589,0.012573434042877852
42.58352351,0.010711833371480888
42.58356094,0.012695506218051423
42.59045792,0.01441977569237812
42.59050584,0.012619211108567941
42.59053373,0.010681315327687495
42.60145855,0.012741283283741512
42.60148358,0.014526588845654994
42.60671973,0.012359807736324101
42.60675788,0.010696574349584192
42.60678053,0.012771801327534905
42.61846042,0.014496070801861601
42.61850786,0.012603952086671245
42.64352918,0.010757610437170977
42.6435957,0.01271076523994812
42.64362335,0.014496070801861601
42.64364958,0.012695506218051423
42.64367461,0.010467689021133745
42.64369822,0.012741283283741512
42.65242481,0.01454184786755169
42.6524632,0.012588693064774548
42.65249228,0.010742351415274281
42.66644025,0.012741283283741512
42.66647458,0.014526588845654994
42.67244816,0.012619211108567941
42.6724956,0.010803387502861066
42.67253995,0.012756542305638208
42.69540477,0.014480811779964905
42.69542623,0.012680247196154727
42.6954453,0.010742351415274281
42.69546413,0.012756542305638208
42.69548273,0.014618142977035172
42.69550157,0.012741283283741512
42.71042991,0.010742351415274281
42.71046901,0.012741283283741512
42.72342443,0.014526588845654994
42.72347212,0.012634470130464637
42.72350693,0.010803387502861066
42.72950768,0.012741283283741512
42.72957182,0.014496070801861601
42.75241947,0.012649729152361334
42.75247288,0.010742351415274281
42.75251079,0.012619211108567941
42.75260615,0.014557106889448387
42.75264311,0.012695506218051423
42.76741457,0.010696574349584192
42.76746511,0.01266498817425803
42.76750135,0.014526588845654994
42.76753569,0.012695506218051423
42.77649283,0.010757610437170977
42.77653503,0.01266498817425803
42.78547907,0.01470969710841535
42.78552222,0.01271076523994812
42.78557563,0.010772869459067674
42.80845046,0.012649729152361334
42.80848885,0.01454184786755169
42.82244062,0.012756542305638208
42.82247972,0.01062027924010071
42.82250834,0.012649729152361334
42.82253623,0.014496070801861601
42.82256341,0.012695506218051423
42.84250474,0.010772869459067674
42.84255815,0.012588693064774548
42.84259248,0.014496070801861601
42.84262633,0.012649729152361334
42.84546113,0.010742351415274281
42.84549999,0.012634470130464637
42.85744047,0.014450293736171512
42.85747838,0.01271076523994812
42.85750699,0.010681315327687495
42.87155962,0.012634470130464637
42.87159634,0.014526588845654994
42.87163043,0.01271076523994812
42.8854506,0.010681315327687495
42.88548374,0.012603952086671245
42.8855114,0.014511329823758298
42.88553762,0.012726024261844816
42.88556385,0.010696574349584192
42.90040874,0.012573434042877852
42.90043139,0.01454184786755169
42.90045094,0.012817578393224994
42.91047764,0.010757610437170977
42.91052556,0.012603952086671245
42.91055202,0.014526588845654994
42.92243743,0.012756542305638208
42.92247009,0.01078812848096437
42.94669771,0.012634470130464637
42.9467864,0.014511329823758298
42.94684029,0.012848096437018387
42.94688892,0.010696574349584192
42.94693851,0.012512397955291066
42.94841862,0.01454184786755169
42.9484508,0.01271076523994812
42.96242952,0.010727092393377585
42.96248102,0.01254291599908446
42.9625113,0.014496070801861601
42.96253991,0.012787060349431601
42.98845601,0.010757610437170977
42.98852062,0.012573434042877852
42.99040198,0.014480811779964905
42.99043417,0.012848096437018387
42.99046254,0.010757610437170977
42.99842215,0.012512397955291066
42.99845672,0.01454184786755169
43.00543261,0.012771801327534905
43.00548387,0.010742351415274281
43.00551939,0.01254291599908446
43.01841664,0.014465552758068208
43.0184412,0.012817578393224994
43.02844429,0.010757610437170977
43.02849507,0.012512397955291066
43.02853131,0.014496070801861601
43.04151726,0.012863355458915083
43.05544758,0.010696574349584192
43.05549669,0.012481879911497674
43.05553246,0.014496070801861601
43.0555656,0.012802319371328297
43.05559921,0.010711833371480888
43.06540895,0.012588693064774548
43.0654552,0.014526588845654994
43.07342887,0.012893873502708476
43.07347655,0.010864423590447852
43.07351184,0.012512397955291066
43.08347988,0.01441977569237812
43.08350587,0.012741283283741512
43.10744786,0.010589761196307317
43.10755205,0.012573434042877852
43.10759974,0.01441977569237812
43.1076436,0.01287861448081178
43.1224792,0.010803387502861066
43.12254572,0.012573434042877852
43.13046312,0.014557106889448387
43.13053846,0.01287861448081178
43.1305871,0.010772869459067674
43.13063097,0.012420843823910887
43.13067436,0.014480811779964905
43.14647174,0.012954909590295263
43.14654422,0.010772869459067674
43.14659119,0.012481879911497674
43.15844536,0.014526588845654994
43.15848136,0.012893873502708476
43.17245412,0.010772869459067674
43.17251325,0.012466620889600977
43.17254853,0.01454184786755169
43.1725812,0.012893873502708476
43.18650532,0.01078812848096437
43.18656659,0.012466620889600977
43.20048451,0.014465552758068208
43.20059085,0.012954909590295263
43.20067477,0.010757610437170977
43.20075464,0.012420843823910887
43.20083928,0.01454184786755169
43.20847845,0.012909132524605172
43.20857906,0.010742351415274281
43.20866847,0.012466620889600977
43.2225461,0.014526588845654994
43.22260928,0.01297016861219196
43.25057197,0.010742351415274281
43.25065112,0.012390325780117494
43.2507081,0.014480811779964905
43.25076437,0.012954909590295263
43.25081849,0.010803387502861066
43.25087237,0.012420843823910887
43.25092721,0.014526588845654994
43.25249147,0.012954909590295263
43.25252557,0.010727092393377585
43.26651192,0.012466620889600977
43.26655364,0.014496070801861601
43.26661825,0.013000686655985352
43.2761631,0.01078812848096437
43.27622437,0.01240558480201419
43.29852605,0.014480811779964905
43.29858994,0.012985427634088656
43.29863572,0.010772869459067674
43.30052638,0.012375066758220797
43.30058146,0.01454184786755169
43.30063629,0.012985427634088656
43.31357169,0.010742351415274281
43.31365561,0.01240558480201419
43.3137331,0.014480811779964905
43.32050967,0.012939650568398567
43.32054687,0.010833905546654459
43.33457184,0.01240558480201419
43.33463764,0.014465552758068208
43.34152913,0.013031204699778745
43.34162259,0.010742351415274281
43.34168506,0.012329289692530708
43.3635056,0.014450293736171512
43.36357427,0.01297016861219196
43.36545038,0.010696574349584192
43.3654747,0.012329289692530708
43.3654983,0.014450293736171512
43.36551929,0.012954909590295263
43.37345839,0.010772869459067674
43.37351274,0.012268253604943923
43.38844562,0.014450293736171512
43.38851452,0.013015945677882048
43.38855147,0.010696574349584192
43.39744544,0.012314030670634012
43.39748955,0.014465552758068208
43.42146659,0.013000686655985352
43.4215312,0.010772869459067674
43.42156816,0.012329289692530708
43.42945552,0.014465552758068208
43.4295013,0.013061722743572137
43.42953634,0.010818646524757763
43.4295702,0.012298771648737316
43.4296031,0.014480811779964905
43.42963624,0.013076981765468834
43.44445944,0.010757610437170977
43.44451618,0.012329289692530708
43.45243907,0.01454184786755169
43.45249438,0.013076981765468834
43.45253062,0.010772869459067674
43.46643448,0.012314030670634012
43.4664669,0.014450293736171512
43.48043227,0.013107499809262227
43.48049545,0.010818646524757763
43.48053265,0.012298771648737316
43.49343944,0.014404516670481423
43.49346709,0.013107499809262227
43.50746989,0.010772869459067674
43.50751948,0.012252994583047227
43.50757051,0.014496070801861601
43.50760412,0.013076981765468834
43.53149509,0.010803387502861066
43.53154135,0.01228351262684062
43.53157592,0.01441977569237812
43.53161383,0.012985427634088656
43.53164768,0.010818646524757763
43.53344679,0.01223773556115053
43.53350306,0.014480811779964905
43.54745102,0.01313801785305562
43.54750156,0.010772869459067674
43.54753685,0.012252994583047227
43.5614748,0.014480811779964905
43.56152177,0.013153276874952316
43.56155801,0.010803387502861066
43.56159163,0.012314030670634012
43.56162524,0.014465552758068208
43.56165862,0.01313801785305562
43.57848072,0.010879682612344548
43.57852769,0.012222476539253834
43.57856297,0.014480811779964905
43.58747411,0.01313801785305562
43.58751416,0.010757610437170977
43.60148978,0.01223773556115053
43.60154605,0.014480811779964905
43.60159302,0.01313801785305562
43.61045933,0.010772869459067674
43.61049223,0.01228351262684062
43.63347149,0.014450293736171512
43.63351965,0.013153276874952316
43.63355517,0.010803387502861066
43.638448,0.012207217517357137
43.63848042,0.014389257648584725
43.6385088,0.013183794918745708
43.64147878,0.01078812848096437
43.64151645,0.012161440451667048
43.65348005,0.014450293736171512
43.65352798,0.013168535896849012
43.65356278,0.010803387502861066
43.67745399,0.012207217517357137
43.6774919,0.014435034714274816
43.67751288,0.01313801785305562
43.6775372,0.010803387502861066
43.67755628,0.012176699473563745
43.68742824,0.014404516670481423
43.68745232,0.013183794918745708
43.69242048,0.010696574349584192
43.69245243,0.012100404364080263
43.69946265,0.014389257648584725
43.69952035,0.013122758831158923
43.71245217,0.010666056305790799
43.71250248,0.012146181429770352
43.71842122,0.014450293736171512
43.71846843,0.013214312962539101
43.71850324,0.010833905546654459
43.74260473,0.012146181429770352
43.74265456,0.014404516670481423
43.74268842,0.013244831006332494
43.7427218,0.010803387502861066
43.74276996,0.012146181429770352
43.75250196,0.014435034714274816
43.75254989,0.013214312962539101
43.76191711,0.010803387502861066
43.76202559,0.012207217517357137
43.76206207,0.014450293736171512
43.76746392,0.01326009002822919
43.77703023,0.010803387502861066
43.77708006,0.01206988632028687
43.8004818,0.014450293736171512
43.80052567,0.013244831006332494
43.80055499,0.010803387502861066
43.81352878,0.012054627298390174
43.81357431,0.014389257648584725
43.82259631,0.013199053940642405
43.82266068,0.010742351415274281
43.82269549,0.012085145342183566
43.8366096,0.014373998626688029
43.83665752,0.013244831006332494
43.83669209,0.010803387502861066
43.83672762,0.012039368276493477
43.83676028,0.014404516670481423
43.8457365,0.013321126115815976
43.85453558,0.010803387502861066
43.85458326,0.012085145342183566
43.8675549,0.01441977569237812
43.86760759,0.013214312962539101
43.86764455,0.01078812848096437
43.88153577,0.012085145342183566
43.88158154,0.014496070801861601
43.88161612,0.013351644159609368
43.88165379,0.01095597772182803
43.88168645,0.011978332188906692
43.88853216,0.014251926451514458
43.88858008,0.013199053940642405
43.88861322,0.010696574349584192
43.90251398,0.012024109254596781
43.90254784,0.014404516670481423
43.90257502,0.013275349050125887
43.90745759,0.010772869459067674
43.90748692,0.012039368276493477
43.93153787,0.01441977569237812
43.93159318,0.013321126115815976
43.9316287,0.010864423590447852
43.94055343,0.012024109254596781
43.94059277,0.014404516670481423
43.94849491,0.013336385137712672
43.94853497,0.010803387502861066
43.94856262,0.012054627298390174
43.95371151,0.014480811779964905
43.9537468,0.013321126115815976
43.96248817,0.010772869459067674
43.96254706,0.011978332188906692
43.96257854,0.014358739604791332
43.96460629,0.013351644159609368
43.98785257,0.010833905546654459
43.98793674,0.012024109254596781
43.99254394,0.014404516670481423
43.99259043,0.013366903181506065
43.992625,0.010818646524757763
43.99858785,0.012008850232700085
43.99862409,0.014450293736171512
44.00781155,0.013336385137712672
44.00785089,0.010772869459067674
44.00788403,0.011993591210803388
44.02153277,0.014358739604791332
44.02155995,0.013351644159609368
44.0275991,0.010910200656137941
44.02765918,0.012024109254596781
44.0276947,0.014435034714274816
44.0415206,0.013397421225299458
44.05062604,0.010803387502861066
44.05067253,0.011993591210803388
44.06376529,0.01441977569237812
44.0638237,0.013397421225299458
44.06385732,0.010833905546654459
44.06559491,0.011963073167009996
44.06563044,0.014373998626688029
44.07457685,0.013427939269092852
44.07463455,0.010879682612344548
44.08275747,0.011963073167009996
44.0828104,0.01441977569237812
44.0828464,0.013382162203402761
44.09153199,0.010818646524757763
44.09158158,0.01223773556115053
44.10550809,0.014404516670481423
44.10556078,0.013382162203402761
44.12281895,0.010803387502861066
44.12289119,0.011963073167009996
44.12294602,0.014404516670481423
44.12299633,0.013427939269092852
44.12305069,0.010894941634241245
44.12983847,0.011947814145113297
44.12991047,0.014404516670481423
44.14249873,0.013427939269092852
44.14253831,0.010772869459067674
44.14256716,0.011886778057526512
44.14848089,0.014373998626688029
44.14851475,0.013397421225299458
44.17255044,0.010849164568551155
44.17259884,0.011917296101319905
44.17263317,0.014373998626688029
44.17266655,0.013427939269092852
44.17269897,0.010879682612344548
44.17273164,0.011932555123216601
44.19086409,0.014343480582894636
44.19094825,0.013443198290989548
44.19098401,0.01078812848096437
44.19853735,0.011871519035629816
44.19857192,0.014373998626688029
44.20752454,0.013458457312886245
44.20758915,0.010864423590447852
44.20763922,0.011932555123216601
44.23189354,0.014358739604791332
44.23194122,0.013473716334782941
44.24584007,0.010894941634241245
44.24589372,0.011902037079423208
44.245929,0.014373998626688029
44.24596262,0.013504234378576334
44.25951266,0.010894941634241245
44.25956059,0.01185626001373312
44.25959563,0.014373998626688029
44.2596302,0.013488975356679637
44.25966334,0.010864423590447852
44.27250123,0.011871519035629816
44.27254987,0.014343480582894636
44.27747655,0.013458457312886245
44.27754426,0.010833905546654459
44.27758074,0.011886778057526512
44.30415416,0.014404516670481423
44.30417776,0.013473716334782941
44.30419803,0.010833905546654459
44.30421805,0.01185626001373312
44.30423689,0.014343480582894636
44.3042562,0.013488975356679637
44.31153965,0.010833905546654459
44.31159115,0.011841000991836423
44.32053399,0.014343480582894636
44.32062793,0.013488975356679637
44.32066822,0.010910200656137941
44.32850623,0.011779964904249637
44.32856488,0.014373998626688029
44.34247971,0.013473716334782941
44.34253883,0.010864423590447852
44.34257913,0.01181048294804303
44.35654116,0.014358739604791332
44.35659742,0.013488975356679637
44.37052798,0.010894941634241245
44.37059832,0.011841000991836423
44.37064672,0.01441977569237812
44.37068915,0.013550011444266423
44.37072468,0.010864423590447852
44.37076306,0.011795223926146334
44.38549829,0.014435034714274816
44.38554597,0.01356527046616312
44.38557768,0.010833905546654459
44.39848113,0.01185626001373312
44.39852905,0.014358739604791332
44.41255426,0.013550011444266423
44.41261959,0.010910200656137941
44.41266632,0.011764705882352941
44.4244473,0.014358739604791332
44.42447066,0.01351949340047303
44.42645288,0.010833905546654459
44.42648315,0.011718928816662852
44.42650533,0.014343480582894636
44.43246245,0.013595788509956512
44.44655919,0.010818646524757763
44.44662499,0.011795223926146334
44.45256114,0.014389257648584725
44.45263243,0.013550011444266423
44.45268083,0.010879682612344548
44.46658516,0.01181048294804303
44.4666481,0.014312962539101243
44.48066616,0.013580529488059816
44.48073721,0.010864423590447852
44.4807868,0.01168841077286946
44.48668694,0.01432822156099794
44.48675084,0.01356527046616312
44.49580574,0.010833905546654459
44.49590516,0.011749446860456245
44.49597168,0.014343480582894636
44.50974298,0.01356527046616312
44.50988722,0.010879682612344548
44.50997257,0.011779964904249637
44.561836,0.014343480582894636
44.56198716,0.01368734264133669
44.56205249,0.010879682612344548
44.56361103,0.011718928816662852
44.56365848,0.014358739604791332
44.56369042,0.013611047531853208
44.56371927,0.010894941634241245
44.56374812,0.011718928816662852
44.56570721,0.014358739604791332
44.56579494,0.013580529488059816
44.5658617,0.010864423590447852
44.56592131,0.01168841077286946
44.56597829,0.014312962539101243
44.56793857,0.013611047531853208
44.57694793,0.010894941634241245
44.57709622,0.01168841077286946
44.60072923,0.014343480582894636
44.60084057,0.013672083619439994
44.60090494,0.010910200656137941
44.60096478,0.011749446860456245
44.60102344,0.01441977569237812
44.60814786,0.013717860685130083
44.60827637,0.01095597772182803
44.60834122,0.011764705882352941
44.62298775,0.014358739604791332
44.62309957,0.013717860685130083
44.62316513,0.010940718699931334
44.63059139,0.01168841077286946
44.63062501,0.01432822156099794
44.6349473,0.013717860685130083
44.64886951,0.010894941634241245
44.64897943,0.01168841077286946
44.66193795,0.01432822156099794
44.66204786,0.013611047531853208
44.66211295,0.010910200656137941
44.66958833,0.011612115663385977
44.66962171,0.01428244449530785
44.674999,0.013702601663233387
44.67510843,0.01095597772182803
44.67517376,0.011703669794766156
44.68259001,0.014404516670481423
44.68262219,0.013763637750820172
44.69675136,0.010910200656137941
44.69685459,0.01164263370717937
44.69688725,0.014251926451514458
44.69691682,0.013580529488059816
44.72167897,0.010864423590447852
44.72178864,0.01164263370717937
44.72185421,0.01432822156099794
44.72190738,0.013763637750820172
44.7219429,0.010910200656137941
44.73197174,0.011657892729076066
44.73208046,0.014297703517204547
44.74076629,0.013702601663233387
44.74084139,0.010910200656137941
44.74088049,0.011627374685282674
44.75047159,0.01432822156099794
44.75050259,0.013702601663233387
44.76394486,0.010940718699931334
44.76409912,0.011657892729076066
44.76416779,0.01428244449530785
44.76751757,0.01373311970702678
44.79201174,0.010940718699931334
44.79214263,0.011596856641489281
44.79345441,0.014312962539101243
44.79351783,0.013717860685130083
44.79355073,0.010864423590447852
44.79357934,0.011596856641489281
44.79360723,0.014267185473411154
44.81073999,0.013748378728923476
44.81083488,0.010894941634241245
44.81087852,0.01164263370717937
44.81091452,0.014221408407721065
44.81094909,0.013717860685130083
44.83566165,0.010940718699931334
44.83575678,0.011551079575799192
44.8357954,0.014297703517204547
44.83583188,0.013748378728923476
44.8611052,0.010894941634241245
44.86123347,0.011703669794766156
44.86969543,0.01428244449530785
44.86980844,0.01373311970702678
44.86985636,0.010940718699931334
44.87547159,0.011627374685282674
44.87550378,0.014297703517204547
44.87553215,0.013748378728923476
44.87555933,0.010940718699931334
44.88999891,0.011535820553902495
44.89012647,0.014343480582894636
44.89019656,0.013824673838406958
44.91293097,0.010925459678034637
44.91306376,0.011520561532005799
44.91312981,0.014251926451514458
44.9131906,0.013748378728923476
44.92208123,0.010940718699931334
44.92223263,0.011566338597695888
44.92790961,0.01428244449530785
44.92806602,0.013748378728923476
44.9281323,0.010910200656137941
44.9367497,0.01147478446631571
44.93681192,0.01428244449530785
44.94285345,0.013809414816510261
44.94296741,0.01095597772182803
44.94303465,0.011505302510109103
44.9569602,0.01428244449530785
44.95708299,0.013824673838406958
44.97091579,0.010925459678034637
44.97107387,0.011505302510109103
44.97114038,0.014206149385824368
44.97119951,0.013794155794613565
44.97695732,0.010864423590447852
44.97708559,0.011444266422522316
44.98772669,0.014251926451514458
44.98780155,0.013809414816510261
44.98783302,0.010925459678034637
44.99698067,0.011490043488212406
44.99711132,0.014221408407721065
45.00566769,0.013778896772716868
45.00579476,0.010940718699931334
45.00586057,0.011520561532005799
45.02968121,0.014251926451514458
45.02979136,0.01385519188220035
45.02985477,0.010940718699931334
45.02991486,0.011459525444419012
45.02997303,0.014404516670481423
45.03003287,0.013809414816510261
45.04488611,0.010833905546654459
45.04499674,0.011459525444419012
45.05388784,0.014236667429617761
45.05399966,0.013824673838406958
45.05406547,0.010925459678034637
45.0744853,0.011490043488212406
45.07450819,0.014236667429617761
45.08570671,0.013885709925993743
45.08583283,0.010971236743724726
45.08589959,0.01142900740062562
45.085958,0.014221408407721065
45.08601904,0.013870450904097047
45.10077906,0.01095597772182803
45.10086441,0.011490043488212406
45.10092926,0.01428244449530785
45.10098815,0.01385519188220035
45.11494541,0.01095597772182803
45.11509848,0.01147478446631571
45.11517739,0.01428244449530785
45.12460232,0.013885709925993743
45.1246357,0.011001754787518121
45.13600302,0.011413748378728923
45.13611364,0.014251926451514458
45.13617778,0.01394674601358053
45.16407108,0.010986495765621425
45.16419983,0.01147478446631571
45.17697406,0.014251926451514458
45.17708778,0.01385519188220035
45.17715454,0.011001754787518121
45.18458343,0.01142900740062562
45.18461657,0.014312962539101243
45.18464494,0.013916227969787138
45.18801045,0.010986495765621425
45.18811965,0.01138323033493553
45.21201706,0.014206149385824368
45.21217346,0.013885709925993743
45.21223974,0.01095597772182803
45.21230102,0.01142900740062562
45.21238637,0.01428244449530785
45.21242428,0.01394674601358053
45.21960306,0.01095597772182803
45.21963644,0.011398489356832226
45.22601342,0.014190890363927672
45.22613144,0.013977264057373923
45.22619653,0.010986495765621425
45.23362136,0.011490043488212406
45.23366857,0.014221408407721065
45.23370624,0.013885709925993743
45.24680924,0.010925459678034637
45.24691916,0.011367971313038834
45.25253177,0.014221408407721065
45.25258636,0.013885709925993743
45.25261641,0.010986495765621425
45.2769649,0.01138323033493553
45.27711701,0.014221408407721065
45.27723432,0.014099336232547494
45.27732849,0.01095597772182803
45.27742028,0.011322194247348745
45.2865057,0.014221408407721065
45.28655005,0.013916227969787138
45.29624414,0.010940718699931334
45.29632044,0.01138323033493553
45.29639649,0.014221408407721065
45.30162215,0.01394674601358053
45.31059861,0.011001754787518121
45.31064439,0.011352712291142137
45.3336823,0.014190890363927672
45.33390021,0.013962005035477227
45.33393931,0.011017013809414817
45.33555293,0.011367971313038834
45.3356061,0.014251926451514458
45.34352398,0.013962005035477227
45.34357738,0.011001754787518121
45.3436079,0.011413748378728923
45.35062718,0.014221408407721065
45.35066605,0.01399252307927062
45.36358142,0.011001754787518121
45.36364079,0.011322194247348745
45.36367607,0.014190890363927672
45.36559606,0.013962005035477227
45.3785069,0.011001754787518121
45.3785522,0.011306935225452048
45.40276837,0.014221408407721065
45.40283036,0.014007782101167316
45.40286922,0.010971236743724726
45.40290475,0.011352712291142137
45.40293765,0.014190890363927672
45.40548658,0.013977264057373923
45.40552807,0.011062790875104906
45.40555835,0.011322194247348745
45.41945982,0.014190890363927672
45.41949105,0.013977264057373923
45.42847276,0.011017013809414817
45.42853284,0.011337453269245441
45.42856979,0.014358739604791332
45.43341184,0.014038300144960708
45.44644713,0.011001754787518121
45.44650149,0.011306935225452048
45.44653964,0.014221408407721065
45.46941781,0.014007782101167316
45.46944499,0.011291676203555352
45.47740746,0.01126115815976196
45.47744203,0.014175631342030976
45.47746706,0.014007782101167316
45.47749162,0.011001754787518121
45.4775157,0.011291676203555352
45.49243474,0.014206149385824368
45.49249005,0.014099336232547494
45.49740696,0.01104753185320821
45.49745393,0.011367971313038834
45.49748874,0.01428244449530785
45.52148652,0.014038300144960708
45.52154064,0.01095597772182803
45.52157712,0.011200122072175174
45.54642081,0.01416037232013428
45.5464685,0.014038300144960708
45.54649878,0.01104753185320821
45.54652715,0.011306935225452048
45.54655504,0.01428244449530785
45.54658246,0.01411459525444419
45.54660892,0.011062790875104906
45.5466361,0.011245899137865263
45.55243373,0.014175631342030976
45.5524838,0.014084077210650798
45.56570983,0.011032272831311514
45.56576705,0.011276417181658656
45.56580305,0.014190890363927672
45.56583643,0.014068818188754101
45.58044004,0.01104753185320821
45.5804913,0.01121538109407187
45.58052611,0.014190890363927672
45.5944159,0.014053559166857405
45.59444284,0.011062790875104906
45.60242081,0.01126115815976196
45.60245681,0.014129854276340887
45.60841942,0.014068818188754101
45.60847139,0.011062790875104906
45.60850334,0.011245899137865263
45.61743522,0.014190890363927672
45.61748409,0.014068818188754101
45.61752057,0.011032272831311514
45.63145137,0.011230640115968566
45.63150358,0.014175631342030976
45.63154221,0.014145113298237583
45.64644194,0.011062790875104906
45.64649296,0.01126115815976196
45.66041946,0.01416037232013428
45.66047549,0.014084077210650798
45.66051173,0.011078049897001603
45.66661572,0.01121538109407187
45.66666389,0.014190890363927672
45.67641282,0.01411459525444419
45.67646575,0.011062790875104906
45.67650223,0.011245899137865263
45.68842745,0.014175631342030976
45.68846154,0.014129854276340887
45.68848968,0.011078049897001603
45.69744515,0.011276417181658656
45.6974709,0.014206149385824368
45.71150017,0.01411459525444419
45.7205286,0.011123826962691692
45.72059321,0.011245899137865263
45.73345232,0.014221408407721065
45.73350477,0.014343480582894636
45.73353648,0.011078049897001603
45.73645282,0.011184863050278477
45.7364943,0.014175631342030976
45.74043655,0.014145113298237583
45.74049997,0.011123826962691692
45.7405355,0.011230640115968566
45.75149965,0.014190890363927672
45.75155115,0.014129854276340887
45.77467418,0.011062790875104906
45.77473259,0.011230640115968566
45.77477026,0.014145113298237583
45.77480483,0.014175631342030976
45.78850317,0.011062790875104906
45.78855371,0.011169604028381781
45.79046035,0.01416037232013428
45.79053378,0.014145113298237583
45.79059863,0.011108567940794995
45.79848671,0.011184863050278477
45.79853201,0.01416037232013428
45.80744028,0.01416037232013428
45.80749202,0.011062790875104906
45.80752993,0.011154345006485085
45.82143569,0.014129854276340887
45.82146358,0.014175631342030976
45.8414464,0.011123826962691692
45.84151673,0.011169604028381781
45.8415482,0.01411459525444419
45.84157658,0.01416037232013428
45.8634789,0.011108567940794995
45.86353445,0.011184863050278477
45.86357331,0.01416037232013428
45.86360788,0.014221408407721065
45.86364365,0.011139085984588388
45.87443566,0.011154345006485085
45.87446737,0.014175631342030976
45.87449503,0.014358739604791332
45.87452221,0.011123826962691692
45.87454915,0.011139085984588388
45.88742232,0.014129854276340887
45.88744593,0.014221408407721065
45.89140511,0.011139085984588388
45.89143515,0.011169604028381781
45.89145947,0.01411459525444419
45.90643597,0.014236667429617761
45.91847229,0.011154345006485085
45.91851068,0.011123826962691692
45.92646313,0.014099336232547494
45.92652106,0.014236667429617761
45.92655349,0.011139085984588388
45.93149757,0.011154345006485085
45.93154716,0.01411459525444419
45.940521,0.014175631342030976
45.94057298,0.011108567940794995
45.94060993,0.011352712291142137
45.9574194,0.014099336232547494
45.95744205,0.014221408407721065
45.96245027,0.011169604028381781
45.96250534,0.011123826962691692
45.96253896,0.01411459525444419
45.97744823,0.014312962539101243
45.98547769,0.011154345006485085
45.9855082,0.011154345006485085
45.99945688,0.01411459525444419
45.99953055,0.014236667429617761
45.9995718,0.011154345006485085
45.99962234,0.011093308918898299
45.99965596,0.014129854276340887
46.00951791,0.014251926451514458
46.00957155,0.01138323033493553
46.00960922,0.011108567940794995
46.01745868,0.014068818188754101
46.01750994,0.014236667429617761
46.04244709,0.011139085984588388
46.04249477,0.011078049897001603
46.04252458,0.01411459525444419
46.04255271,0.014236667429617761
46.04443312,0.011139085984588388
46.04448032,0.011093308918898299
46.05243039,0.014099336232547494
46.05247784,0.014312962539101243
46.05251336,0.011184863050278477
46.06646609,0.011078049897001603
46.06650782,0.014099336232547494
46.07545543,0.014251926451514458
46.07550025,0.011184863050278477
46.07553005,0.01104753185320821
46.09842944,0.01411459525444419
46.09845591,0.014251926451514458
46.11146307,0.011154345006485085
46.1115191,0.011108567940794995
46.11155772,0.014053559166857405
46.11159205,0.01428244449530785
46.12547064,0.011154345006485085
46.12552547,0.01104753185320821
46.12556195,0.014084077210650798
46.12559676,0.014373998626688029
46.12563062,0.011139085984588388
46.13848305,0.011017013809414817
46.1385324,0.014084077210650798
46.13856792,0.014312962539101243
46.14445329,0.011154345006485085
46.14448786,0.011001754787518121
46.15248656,0.014038300144960708
46.15253496,0.014297703517204547
46.17749906,0.011200122072175174
46.17755508,0.01104753185320821
46.17759132,0.014099336232547494
46.17762446,0.01432822156099794
46.17765665,0.011154345006485085
46.17768908,0.01104753185320821
46.18649507,0.014053559166857405
46.18654871,0.014312962539101243
46.18658495,0.01121538109407187
46.20049548,0.011001754787518121
46.20054746,0.014038300144960708
46.21346092,0.01428244449530785
46.21351409,0.011200122072175174
46.21354842,0.010986495765621425
46.22772908,0.014007782101167316
46.22777557,0.01432822156099794
46.23445725,0.011139085984588388
46.23450661,0.011017013809414817
46.23454452,0.014068818188754101
46.23458099,0.014343480582894636
46.24250817,0.011230640115968566
46.24257255,0.011001754787518121
46.25161505,0.014038300144960708
46.25168037,0.01432822156099794
46.2517271,0.011200122072175174
46.26575971,0.011017013809414817
46.26584864,0.014068818188754101
46.27870941,0.014373998626688029
46.27880931,0.011169604028381781
46.27887607,0.010986495765621425
46.29276896,0.014084077210650798
46.29285741,0.014358739604791332
46.29292464,0.01126115815976196
46.29298544,0.011001754787518121
46.29304504,0.014068818188754101
46.30270791,0.014358739604791332
46.30774593,0.011123826962691692
46.30783558,0.010849164568551155
46.32170701,0.013931486991683834
46.321805,0.014297703517204547
46.321872,0.011200122072175174
46.33575344,0.010986495765621425
46.33584166,0.014129854276340887
46.34878492,0.014373998626688029
46.34887481,0.011245899137865263
46.3489399,0.010986495765621425
46.3507216,0.01399252307927062
46.35076356,0.01432822156099794
46.36494756,0.011169604028381781
46.36503029,0.010910200656137941
46.36509061,0.014007782101167316
46.36514163,0.014358739604791332
46.37871218,0.011230640115968566
46.37875652,0.010910200656137941
46.38790345,0.013977264057373923
46.38796806,0.014373998626688029
46.38800311,0.011200122072175174
46.42021561,0.010940718699931334
46.42023969,0.013977264057373923
46.420259,0.014343480582894636
46.42027831,0.011230640115968566
46.42029738,0.010910200656137941
46.42031622,0.014038300144960708
46.42033505,0.014343480582894636
46.43156147,0.01126115815976196
46.4316175,0.010940718699931334
46.43165183,0.014007782101167316
46.43168831,0.014358739604791332
46.44659066,0.011230640115968566
46.44667816,0.01095597772182803
46.44671011,0.01399252307927062
46.46046042,0.014343480582894636
46.46049356,0.011230640115968566
46.48448515,0.010910200656137941
46.48453546,0.01399252307927062
46.49346852,0.014404516670481423
46.4935236,0.011245899137865263
46.49355388,0.010925459678034637
46.49358225,0.013977264057373923
46.49360967,0.014358739604791332
46.50145602,0.011291676203555352
46.50151062,0.010940718699931334
46.50154924,0.014007782101167316
46.50158191,0.014373998626688029
46.51048517,0.011245899137865263
46.51053143,0.010940718699931334
46.53345418,0.013962005035477227
46.53354883,0.014404516670481423
46.5335784,0.011276417181658656
46.53843379,0.01095597772182803
46.53846645,0.014023041123064012
46.53849435,0.01441977569237812
46.5474844,0.011306935225452048
46.54751945,0.01095597772182803
46.54754806,0.014053559166857405
46.54757547,0.014450293736171512
46.56248426,0.011322194247348745
46.56254745,0.010925459678034637
46.56257796,0.01394674601358053
46.56558919,0.014404516670481423
46.5784862,0.011291676203555352
46.5785358,0.010910200656137941
46.59156656,0.013962005035477227
46.59161687,0.014358739604791332
46.59165311,0.01126115815976196
46.60049939,0.010925459678034637
46.60054612,0.013931486991683834
46.60650826,0.014389257648584725
46.60655236,0.01126115815976196
46.6065855,0.010879682612344548
46.62045693,0.013962005035477227
46.62047935,0.014404516670481423
46.62546468,0.011322194247348745
46.62549162,0.010940718699931334
46.62551141,0.013977264057373923
46.63951492,0.014389257648584725
46.65261984,0.011291676203555352
46.65266681,0.010818646524757763
46.65847731,0.013931486991683834
46.6585629,0.014404516670481423
46.65860105,0.011306935225452048
46.66549158,0.010864423590447852
46.66552567,0.013885709925993743
46.68450403,0.014389257648584725
46.68458438,0.011276417181658656
46.68462157,0.010894941634241245
46.6846559,0.013916227969787138
46.68469071,0.014404516670481423
46.69777441,0.011306935225452048
46.69784451,0.010879682612344548
46.69788122,0.01394674601358053
46.71077943,0.014435034714274816
46.72362328,0.011352712291142137
46.72366428,0.010879682612344548
46.72369766,0.013916227969787138
46.72372985,0.01441977569237812
46.72376251,0.011322194247348745
46.73053932,0.01095597772182803
46.73058176,0.013916227969787138
46.7306149,0.01441977569237812
46.7574501,0.011322194247348745
46.75747514,0.010833905546654459
46.75749779,0.013870450904097047
46.7575171,0.014358739604791332
46.75753641,0.011367971313038834
46.7718544,0.010894941634241245
46.77188063,0.013870450904097047
46.77189994,0.014373998626688029
46.77548671,0.011322194247348745
46.77552676,0.010879682612344548
46.78942227,0.013931486991683834
46.78946185,0.014404516670481423
46.78949451,0.01138323033493553
46.79542398,0.010894941634241245
46.79545498,0.013870450904097047
46.80946112,0.014435034714274816
46.8095243,0.011276417181658656
46.80956459,0.010879682612344548
46.83264685,0.013870450904097047
46.83275723,0.014373998626688029
46.83285499,0.011352712291142137
46.83292317,0.010864423590447852
46.83298182,0.013916227969787138
46.83304453,0.01441977569237812
46.84254432,0.011444266422522316
46.84258699,0.010925459678034637
46.85158277,0.013870450904097047
46.85163975,0.01441977569237812
46.85167313,0.01138323033493553
46.86598897,0.010910200656137941
46.86605239,0.01390096894789044
46.88962507,0.01441977569237812
46.8896997,0.011352712291142137
46.88973069,0.010894941634241245
46.88975906,0.013870450904097047
46.88978672,0.014435034714274816
46.89196968,0.01138323033493553
46.89202166,0.010894941634241245
46.89205456,0.01385519188220035
46.9005394,0.01441977569237812
46.91364527,0.011444266422522316
46.9136939,0.010894941634241245
46.917099,0.01394674601358053
46.9172039,0.01441977569237812
46.91728234,0.01138323033493553
46.94051862,0.010925459678034637
46.94059157,0.01385519188220035
46.94064093,0.014404516670481423
46.94069171,0.011413748378728923
46.94074225,0.010803387502861066
46.95056939,0.01385519188220035
46.95062423,0.014373998626688029
46.96343994,0.011398489356832226
46.96348953,0.010864423590447852
46.963516,0.013885709925993743
46.96540093,0.014404516670481423
46.97345924,0.011413748378728923
46.97350693,0.010833905546654459
46.99744225,0.013839932860303654
46.99750805,0.014435034714274816
46.9975369,0.01142900740062562
46.99756217,0.01078812848096437
46.99758673,0.013839932860303654
47.01349258,0.014389257648584725
47.01357126,0.011398489356832226
47.01362205,0.010864423590447852
47.01843476,0.013839932860303654
47.01846671,0.014435034714274816
47.03143716,0.011413748378728923
47.03149009,0.010833905546654459
47.03152084,0.01385519188220035
47.03154898,0.014450293736171512
47.04547167,0.011459525444419012
47.0455575,0.010910200656137941
47.06855226,0.013885709925993743
47.06861734,0.01454184786755169
47.06866121,0.011535820553902495
47.08246517,0.010971236743724726
47.08250403,0.013931486991683834
47.08252978,0.014526588845654994
47.08255577,0.011413748378728923
47.08258033,0.010757610437170977
47.09842014,0.013702601663233387
47.09844995,0.014358739604791332
47.09847045,0.01142900740062562
47.09849,0.010910200656137941
47.09850931,0.013885709925993743
47.09852839,0.014480811779964905
47.12154174,0.011490043488212406
47.12160993,0.010864423590447852
47.13552165,0.01385519188220035
47.13559222,0.014435034714274816
47.13564157,0.011490043488212406
47.13568664,0.010849164568551155
47.13572955,0.013794155794613565
47.13577175,0.01441977569237812
47.135813,0.01142900740062562
47.13585591,0.010864423590447852
47.15050435,0.013794155794613565
47.15055728,0.014465552758068208
47.16450548,0.011505302510109103
47.16457033,0.010833905546654459
47.16461062,0.013839932860303654
47.16464782,0.014480811779964905
47.18871474,0.011520561532005799
47.18878174,0.010894941634241245
47.19048953,0.013824673838406958
47.19053721,0.014435034714274816
47.1905694,0.01147478446631571
47.19844699,0.010818646524757763
47.19848466,0.013763637750820172
47.20852518,0.014435034714274816
47.20858097,0.011505302510109103
47.20862103,0.010803387502861066
47.21851969,0.013763637750820172
47.21858501,0.014450293736171512
47.24153829,0.01147478446631571
47.24159145,0.010894941634241245
47.24163055,0.013748378728923476
47.24166751,0.014435034714274816
47.24681211,0.011551079575799192
47.2469027,0.010864423590447852
47.25557375,0.013763637750820172
47.25563908,0.014435034714274816
47.25568819,0.011535820553902495
47.26248288,0.010833905546654459
47.26252079,0.013717860685130083
47.27588177,0.014480811779964905
47.27597046,0.011535820553902495
47.28181529,0.010910200656137941
47.281914,0.013794155794613565
47.28198099,0.014465552758068208
47.30553603,0.011566338597695888
47.30560327,0.01078812848096437
47.30564189,0.013748378728923476
47.30567741,0.014496070801861601
47.31254625,0.011535820553902495
47.31259894,0.01078812848096437
47.32166648,0.013702601663233387
47.32173729,0.01441977569237812
47.32178545,0.011520561532005799
47.33101606,0.01078812848096437
47.3311038,0.01373311970702678
47.34384346,0.014389257648584725
47.34390831,0.01147478446631571
47.3439548,0.01078812848096437
47.36058307,0.01368734264133669
47.36064911,0.014465552758068208
47.36852598,0.011520561532005799
47.36858368,0.010803387502861066
47.36862326,0.01373311970702678
47.36865902,0.01441977569237812
47.37565589,0.011505302510109103
47.37570882,0.01078812848096437
47.3895669,0.01373311970702678
47.38962579,0.014480811779964905
47.38966584,0.011566338597695888
47.39648843,0.010803387502861066
47.39652181,0.013672083619439994
47.41771507,0.01441977569237812
47.417804,0.011566338597695888
47.41786838,0.01078812848096437
47.43507028,0.013717860685130083
47.43509412,0.014435034714274816
47.44098973,0.011535820553902495
47.44105577,0.010818646524757763
47.4411037,0.01368734264133669
47.44114709,0.014465552758068208
47.44565034,0.011612115663385977
47.44573689,0.01078812848096437
47.45512366,0.01368734264133669
47.4551878,0.014450293736171512
47.45523572,0.011596856641489281
47.48044324,0.01078812848096437
47.48046565,0.013702601663233387
47.48671508,0.014480811779964905
47.48678064,0.011551079575799192
47.48683333,0.01078812848096437
47.49541903,0.013672083619439994
47.49544072,0.014480811779964905
47.50855088,0.011612115663385977
47.50864315,0.010772869459067674
47.50869107,0.013672083619439994
47.50873494,0.014450293736171512
47.51357985,0.011551079575799192
47.51364541,0.010833905546654459
47.52352595,0.013702601663233387
47.52359772,0.014511329823758298
47.52364612,0.011612115663385977
47.52954698,0.010757610437170977
47.52961087,0.013702601663233387
47.5525136,0.014465552758068208
47.55256844,0.01164263370717937
47.55260754,0.010803387502861066
47.55264306,0.013626306553749905
47.55267787,0.014496070801861601
47.56254029,0.01164263370717937
47.56260681,0.010803387502861066
47.56265402,0.013672083619439994
47.56944609,0.01454184786755169
47.5764935,0.011673151750972763
47.57655764,0.010757610437170977
47.58547282,0.013611047531853208
47.58554482,0.014496070801861601
47.58559227,0.01164263370717937
47.6094687,0.010803387502861066
47.60953593,0.013626306553749905
47.60958409,0.014496070801861601
47.60962677,0.011596856641489281
47.60966754,0.010772869459067674
47.62356997,0.013641565575646601
47.62365484,0.014480811779964905
47.6254611,0.011657892729076066
47.62550926,0.010818646524757763
47.62554097,0.013611047531853208
47.631531,0.014526588845654994
47.64588809,0.01164263370717937
47.64593148,0.010803387502861066
47.65151811,0.013626306553749905
47.6515708,0.01454184786755169
47.65159893,0.011673151750972763
47.66844583,0.010772869459067674
47.66847658,0.013641565575646601
47.69353175,0.014480811779964905
47.69361258,0.011673151750972763
47.69365072,0.010772869459067674
47.69368529,0.01356527046616312
47.69373512,0.014480811779964905
47.70652533,0.01168841077286946
47.70657063,0.010833905546654459
47.706604,0.013641565575646601
47.70663667,0.014480811779964905
47.71152711,0.011657892729076066
47.71156812,0.010742351415274281
47.72602153,0.013580529488059816
47.72615266,0.014496070801861601
47.72621965,0.011673151750972763
47.74985099,0.010803387502861066
47.74993324,0.013595788509956512
47.74996471,0.014480811779964905
47.74999332,0.011749446860456245
47.75002074,0.010772869459067674
47.76474285,0.013641565575646601
47.76485276,0.014496070801861601
47.76491714,0.011703669794766156
47.76498032,0.01078812848096437
47.76503873,0.01356527046616312
47.76509905,0.014496070801861601
47.77473736,0.011703669794766156
47.77484679,0.01078812848096437
47.82294989,0.013595788509956512
47.82307792,0.014450293736171512
47.8231442,0.01168841077286946
47.82320356,0.01078812848096437
47.82326007,0.01356527046616312
47.82554364,0.014526588845654994
47.82567763,0.011718928816662852
47.82571006,0.010742351415274281
47.8257401,0.013580529488059816
47.82576799,0.014480811779964905
47.82751107,0.011749446860456245
47.82755423,0.01078812848096437
47.82758522,0.013611047531853208
47.83875346,0.014526588845654994
47.84275079,0.011749446860456245
47.84281492,0.010833905546654459
47.85674644,0.013595788509956512
47.85681152,0.014480811779964905
47.85685897,0.011596856641489281
47.87051845,0.010635538261997406
47.8705709,0.013504234378576334
47.87060928,0.014480811779964905
47.87064505,0.011779964904249637
47.87067962,0.010803387502861066
47.88550258,0.013580529488059816
47.88556528,0.01454184786755169
47.89855862,0.011764705882352941
47.89868641,0.010803387502861066
47.8987639,0.01356527046616312
47.90045047,0.01458762493324178
47.9135325,0.01181048294804303
47.91361117,0.010772869459067674
47.93750262,0.01351949340047303
47.93758488,0.014496070801861601
47.93761683,0.011779964904249637
47.94044018,0.010803387502861066
47.940485,0.01356527046616312
47.94051504,0.014557106889448387
47.94054461,0.011795223926146334
47.94057274,0.010757610437170977
47.95142198,0.013550011444266423
47.95144939,0.014496070801861601
47.96342015,0.011795223926146334
47.96348095,0.010742351415274281
47.96351624,0.013550011444266423
47.96354961,0.014526588845654994
47.99265862,0.011795223926146334
47.99273562,0.010864423590447852
47.99277472,0.013550011444266423
47.99281001,0.014557106889448387
47.99284554,0.011841000991836423
47.99942565,0.010742351415274281
47.99945927,0.013504234378576334
48.00753832,0.014496070801861601
48.0076139,0.011841000991836423
48.00764465,0.01078812848096437
48.01841211,0.013504234378576334
48.01843524,0.014496070801861601
48.02542448,0.011795223926146334
48.02546096,0.01078812848096437
48.0254848,0.013534752422369727
48.03943944,0.01454184786755169
48.05247641,0.011917296101319905
48.05252004,0.01078812848096437
48.05254841,0.013488975356679637
48.05257416,0.014557106889448387
48.05260611,0.011825741969939726
48.08746791,0.010772869459067674
48.08749795,0.013473716334782941
48.08751869,0.014480811779964905
48.08753967,0.01181048294804303
48.08755851,0.010711833371480888
48.09043288,0.013473716334782941
48.09045768,0.014480811779964905
48.1014576,0.011902037079423208
48.10149145,0.010772869459067674
48.10151291,0.013443198290989548
48.10153317,0.014557106889448387
48.11707115,0.011841000991836423
48.11712408,0.010757610437170977
48.12454343,0.013473716334782941
48.12462497,0.014526588845654994
48.12468958,0.011841000991836423
48.1314795,0.010772869459067674
48.13154626,0.013443198290989548
48.1444602,0.01454184786755169
48.14451575,0.011871519035629816
48.14455223,0.010772869459067674
48.15748882,0.013427939269092852
48.15757322,0.014526588845654994
48.17142987,0.011886778057526512
48.1714766,0.010711833371480888
48.17150736,0.013458457312886245
48.17153525,0.014480811779964905
48.1954608,0.01185626001373312
48.19551921,0.010757610437170977
48.20045209,0.013397421225299458
48.2005043,0.014496070801861601
48.20053649,0.011841000991836423
48.20848203,0.010742351415274281
48.20853567,0.013397421225299458
48.20857358,0.014465552758068208
48.2086091,0.011871519035629816
48.2086432,0.010711833371480888
48.23247671,0.013427939269092852
48.23252439,0.014526588845654994
48.23255324,0.011871519035629816
48.23258924,0.010742351415274281
48.23263621,0.013397421225299458
48.23268247,0.014511329823758298
48.24246716,0.011886778057526512
48.24252534,0.010757610437170977
48.25142217,0.013412680247196154
48.25147963,0.014526588845654994
48.25151944,0.011886778057526512
48.26549244,0.010803387502861066
48.26554799,0.013397421225299458
48.27845955,0.01454184786755169
48.27851892,0.011886778057526512
48.27855444,0.010772869459067674
48.29243898,0.013397421225299458
48.29249382,0.014496070801861601
48.29844403,0.011947814145113297
48.29850245,0.010742351415274281
48.29854274,0.013397421225299458
48.29857945,0.01454184786755169
48.31046438,0.011886778057526512
48.31053066,0.010742351415274281
48.32345057,0.013412680247196154
48.32352424,0.014526588845654994
48.32357216,0.011947814145113297
48.32844114,0.010711833371480888
48.32850933,0.013351644159609368
48.32855701,0.014526588845654994
48.35441661,0.011978332188906692
48.35444403,0.010772869459067674
48.35446429,0.013366903181506065
48.3544836,0.01454184786755169
48.36745238,0.011917296101319905
48.36751819,0.010696574349584192
48.36756325,0.013397421225299458
48.36760521,0.014526588845654994
48.37542677,0.011993591210803388
48.37546945,0.010711833371480888
48.38944745,0.013321126115815976
48.38950801,0.014526588845654994
48.38954735,0.011963073167009996
48.40341616,0.010742351415274281
48.40344453,0.013321126115815976
48.41644406,0.014572365911345083
48.416502,0.011947814145113297
48.41653991,0.010696574349584192
48.42740345,0.013366903181506065
48.42742753,0.014557106889448387
48.43143153,0.011993591210803388
48.43147373,0.010711833371480888
48.43150759,0.013366903181506065
48.43154001,0.01454184786755169
48.44646883,0.012039368276493477
48.44653487,0.010742351415274281
48.44658113,0.013351644159609368
48.45743322,0.014557106889448387
48.45746493,0.011978332188906692
48.47647405,0.010666056305790799
48.4765296,0.013275349050125887
48.47656846,0.014496070801861601
48.47660279,0.011978332188906692
48.47663569,0.010757610437170977
48.48445344,0.01326009002822919
48.48450398,0.014496070801861601
48.49742627,0.012024109254596781
48.49748063,0.010696574349584192
48.49751782,0.01330586709391928
48.50042319,0.014526588845654994
48.51246238,0.012024109254596781
48.51251245,0.010696574349584192
48.52744198,0.013275349050125887
48.52749658,0.014496070801861601
48.52753401,0.011993591210803388
48.54050279,0.010772869459067674
48.54055357,0.013275349050125887
48.55369735,0.014496070801861601
48.55375028,0.011993591210803388
48.55378556,0.010681315327687495
48.55382061,0.013290608072022583
48.55385327,0.014526588845654994
48.5634613,0.012008850232700085
48.56351376,0.010772869459067674
48.56355,0.013275349050125887
48.56358433,0.014496070801861601
48.57748342,0.012054627298390174
48.57753253,0.010742351415274281
48.60246181,0.01326009002822919
48.6025176,0.014526588845654994
48.60255265,0.012039368276493477
48.61243916,0.010696574349584192
48.61249566,0.013229571984435798
48.61745286,0.014526588845654994
48.61749601,0.012024109254596781
48.6175313,0.010742351415274281
48.64146876,0.01330586709391928
48.64151263,0.014557106889448387
48.64154077,0.01211566338597696
48.64156842,0.010803387502861066
48.64159584,0.01330586709391928
48.64162326,0.014526588845654994
48.64165092,0.011932555123216601
48.64167762,0.010528725108720532
48.66746426,0.013107499809262227
48.66751194,0.014435034714274816
48.6675415,0.012085145342183566
48.66757011,0.010742351415274281
48.66759753,0.013275349050125887
48.67447257,0.014526588845654994
48.67452526,0.012054627298390174
48.67455792,0.010742351415274281
48.68346643,0.013229571984435798
48.6835103,0.014557106889448387
48.69646716,0.01211566338597696
48.69652843,0.010666056305790799
48.69656587,0.013214312962539101
48.69659996,0.014526588845654994
48.72151136,0.012146181429770352
48.7215755,0.010727092393377585
48.72162271,0.013244831006332494
48.72166562,0.014557106889448387
48.72170949,0.012130922407873656
48.73186874,0.010772869459067674
48.73193359,0.013229571984435798
48.74053359,0.01454184786755169
48.74059963,0.012176699473563745
48.74064684,0.010742351415274281
48.75467205,0.013153276874952316
48.75471711,0.01454184786755169
48.75966907,0.012130922407873656
48.75973964,0.010696574349584192
48.75978708,0.013183794918745708
48.77288699,0.014572365911345083
48.78677654,0.012161440451667048
48.78684068,0.010742351415274281
48.79175115,0.013214312962539101
48.79182196,0.01454184786755169
48.79186988,0.012222476539253834
48.79949665,0.010681315327687495
48.79952884,0.013122758831158923
48.81153059,0.014526588845654994
48.81158924,0.012130922407873656
48.81162953,0.010711833371480888
48.81684494,0.013168535896849012
48.81693435,0.014557106889448387
48.8170011,0.012176699473563745
48.84046793,0.010696574349584192
48.84049201,0.013153276874952316
48.8405118,0.014572365911345083
48.8505621,0.012252994583047227
48.85062528,0.010711833371480888
48.85893869,0.013153276874952316
48.85902905,0.014557106889448387
48.85909319,0.012191958495460441
48.86050081,0.010757610437170977
48.86053085,0.013183794918745708
48.87456656,0.014511329823758298
48.87463236,0.012207217517357137
48.88250923,0.010727092393377585
48.88256812,0.013076981765468834
48.88260889,0.014526588845654994
48.89655161,0.012146181429770352
48.89660621,0.010650797283894103
48.89664531,0.013046463721675441
48.91049767,0.014496070801861601
48.9105463,0.012191958495460441
48.91057324,0.010666056305790799
48.92255712,0.013122758831158923
48.9226222,0.014526588845654994
48.9226737,0.01223773556115053
48.93157649,0.010757610437170977
48.9316299,0.013061722743572137
48.93166852,0.014526588845654994
48.94549537,0.01223773556115053
48.94552255,0.010681315327687495
48.9586966,0.013076981765468834
48.95881414,0.01454184786755169
48.95887971,0.012268253604943923
48.97270513,0.010681315327687495
48.97273707,0.013076981765468834
48.97276282,0.014557106889448387
48.97894216,0.012252994583047227
48.97902989,0.010772869459067674
48.98587894,0.013061722743572137
48.98597836,0.01454184786755169
48.98604822,0.012359807736324101
49.00085545,0.010711833371480888
49.00088716,0.013061722743572137
49.02374244,0.014557106889448387
49.02380729,0.012268253604943923
49.02385592,0.010696574349584192
49.03317118,0.013076981765468834
49.03323627,0.01454184786755169
49.04188752,0.012252994583047227
49.04197931,0.010757610437170977
49.04204559,0.013000686655985352
49.04210448,0.014496070801861601
49.0558598,0.012329289692530708
49.05594873,0.010696574349584192
49.05601263,0.013061722743572137
49.07845783,0.01458762493324178
49.0784831,0.012298771648737316
49.07850361,0.010696574349584192
49.0785234,0.013061722743572137
49.08868933,0.014572365911345083
49.08874202,0.012329289692530708
49.08877802,0.010742351415274281
49.09468842,0.013031204699778745
49.09474063,0.014480811779964905
49.09477544,0.012344548714427405
49.10746646,0.010696574349584192
49.10749388,0.01297016861219196
49.10751486,0.014572365911345083
49.10944295,0.012344548714427405
49.10946488,0.010650797283894103
49.12248945,0.01297016861219196
49.12254524,0.014496070801861601
49.12257886,0.012329289692530708
49.13451743,0.010681315327687495
49.13458085,0.01297016861219196
49.14786911,0.014496070801861601
49.14797759,0.01228351262684062
49.14811587,0.010681315327687495
49.17150974,0.01297016861219196
49.17155147,0.014572365911345083
49.17158198,0.012375066758220797
49.17161036,0.010681315327687495
49.17163754,0.012985427634088656
49.17166424,0.014526588845654994
49.17556453,0.01240558480201419
49.17561388,0.010742351415274281
49.18893218,0.012954909590295263
49.18898749,0.01454184786755169
49.18902397,0.012390325780117494
49.19647312,0.010696574349584192
49.19651127,0.012954909590295263
49.21047568,0.01454184786755169
49.21052909,0.012390325780117494
49.21056843,0.010681315327687495
49.22450447,0.012893873502708476
49.22456813,0.014526588845654994
49.24255252,0.012375066758220797
49.24261928,0.010742351415274281
49.24266696,0.012909132524605172
49.24450779,0.01454184786755169
49.24455833,0.012436102845807583
49.24459672,0.010681315327687495
49.25352454,0.012893873502708476
49.25360584,0.014572365911345083
49.25365376,0.012451361867704281
49.26750708,0.010742351415274281
49.26757169,0.012954909590295263
49.29209065,0.014526588845654994
49.29214478,0.01240558480201419
49.29218388,0.010757610437170977
49.29222202,0.012939650568398567
49.29225707,0.014496070801861601
49.2945323,0.012420843823910887
49.29459834,0.010742351415274281
49.29464698,0.012817578393224994
49.29946494,0.014526588845654994
49.31254745,0.012375066758220797
49.31261635,0.010696574349584192
49.31846309,0.012893873502708476
49.31852198,0.014511329823758298
49.31856132,0.01240558480201419
49.34288621,0.010666056305790799
49.34296298,0.012893873502708476
49.34301138,0.014526588845654994
49.34305525,0.012466620889600977
49.34309649,0.010711833371480888
49.35253477,0.012848096437018387
49.35258818,0.014557106889448387
49.36690164,0.012436102845807583
49.3669703,0.010696574349584192
49.36701059,0.01287861448081178
49.36705184,0.014496070801861601
49.376513,0.012390325780117494
49.37656713,0.010742351415274281
49.37660646,0.012848096437018387
49.40244436,0.01454184786755169
49.40246964,0.012451361867704281
49.40249085,0.010772869459067674
49.40251017,0.01287861448081178
49.4104917,0.01458762493324178
49.41056252,0.012573434042877852
49.41060925,0.010772869459067674
49.41648722,0.012893873502708476
49.41652775,0.014450293736171512
49.4304924,0.012344548714427405
49.43055034,0.010559243152513925
49.43059397,0.012726024261844816
49.43062973,0.014496070801861601
49.44551563,0.012481879911497674
49.44556808,0.010772869459067674
49.45855212,0.01287861448081178
49.45861721,0.014557106889448387
49.45866466,0.012527656977187763
49.47546148,0.010757610437170977
49.47548389,0.012893873502708476
49.48150492,0.014557106889448387
49.48157001,0.012527656977187763
49.4816184,0.010772869459067674
49.48444843,0.012848096437018387
49.48447037,0.01454184786755169
49.49753547,0.012603952086671245
49.49760818,0.010742351415274281
49.49765515,0.012787060349431601
49.49950647,0.014572365911345083
49.51254821,0.01249713893339437
49.51261115,0.010742351415274281
49.52652383,0.01283283741512169
49.52659082,0.01454184786755169
49.52663112,0.012512397955291066
49.53555989,0.010742351415274281
49.53562665,0.012756542305638208
49.5405097,0.014480811779964905
49.54058051,0.012603952086671245
49.54062915,0.010711833371480888
49.55526304,0.012802319371328297
49.55532694,0.014572365911345083
49.55951047,0.01254291599908446
49.55958152,0.010727092393377585
49.55963063,0.012817578393224994
49.57047153,0.014557106889448387
49.58153439,0.012603952086671245
49.58159995,0.010711833371480888
49.59548998,0.012741283283741512
49.59556079,0.014496070801861601
49.595608,0.012619211108567941
49.59565043,0.010757610437170977
49.59569311,0.012756542305638208
49.60551262,0.014526588845654994
49.60557795,0.012527656977187763
49.60562515,0.010681315327687495
49.61948276,0.012802319371328297
49.61954546,0.014526588845654994
49.62747383,0.012588693064774548
49.627527,0.010696574349584192
49.62756705,0.012726024261844816
49.64243793,0.01454184786755169
49.65552783,0.012634470130464637
49.65559077,0.010742351415274281
49.66050863,0.012634470130464637
49.66057324,0.01458762493324178
49.6606214,0.012634470130464637
49.66948962,0.01062027924010071
49.66952157,0.01266498817425803
49.66954947,0.014496070801861601
49.66957664,0.012634470130464637
49.68450022,0.010772869459067674
49.68455791,0.012680247196154727
49.68459773,0.014450293736171512
49.70757008,0.012558175020981156
49.70763469,0.010635538261997406
49.70768237,0.01266498817425803
49.70772505,0.014496070801861601
49.70776606,0.012619211108567941
49.70780659,0.010666056305790799
49.71757865,0.01266498817425803
49.71764922,0.014496070801861601
49.7176981,0.012527656977187763
49.7318356,0.010772869459067674
49.73190022,0.012649729152361334
49.74064994,0.014450293736171512
49.74074078,0.012695506218051423
49.74080491,0.010696574349584192
49.76545453,0.01266498817425803
49.7654767,0.014465552758068208
49.76549649,0.01266498817425803
49.76551557,0.010711833371480888
49.76553464,0.012634470130464637
49.7798562,0.014480811779964905
49.77987933,0.012603952086671245
49.77989888,0.010681315327687495
49.7857511,0.01266498817425803
49.78582096,0.014480811779964905
49.78586864,0.01266498817425803
49.79877615,0.010711833371480888
49.79884005,0.012634470130464637
49.80755162,0.014465552758068208
49.80762291,0.012649729152361334
49.80767298,0.010742351415274281
49.83160496,0.012588693064774548
49.83166933,0.014450293736171512
49.83178353,0.012726024261844816
49.83182907,0.010666056305790799
49.83187175,0.012634470130464637
49.83191252,0.014480811779964905
49.84054899,0.012741283283741512
49.84060168,0.010742351415274281
49.84064174,0.012588693064774548
49.85447454,0.014572365911345083
49.85450149,0.012756542305638208
49.86752701,0.010772869459067674
49.86757016,0.01266498817425803
49.86760163,0.014480811779964905
49.88294721,0.012726024261844816
49.8829689,0.010696574349584192
49.90773344,0.012588693064774548
49.90784526,0.014496070801861601
49.90791655,0.01271076523994812
49.90798306,0.010711833371480888
49.90805483,0.01254291599908446
49.90813732,0.014450293736171512
49.93273354,0.012756542305638208
49.93279839,0.010711833371480888
49.93284702,0.012619211108567941
49.9328897,0.014526588845654994
49.93293285,0.012726024261844816
49.93297386,0.010772869459067674
49.93301606,0.012573434042877852
49.94746208,0.014480811779964905
49.94754124,0.012756542305638208
49.9475739,0.010757610437170977
49.96147537,0.012512397955291066
49.96154404,0.014480811779964905
49.97042084,0.01283283741512169
49.97047114,0.010574502174410621
49.97050762,0.012603952086671245
49.97054172,0.01454184786755169
49.97057462,0.012756542305638208
49.97060704,0.010742351415274281
49.98544788,0.012603952086671245
49.98549414,0.014526588845654994
49.98553276,0.012863355458915083
50.00342131,0.010742351415274281
50.00344372,0.012481879911497674
50.01249909,0.014465552758068208
50.01256537,0.012771801327534905
50.01261306,0.010711833371480888
50.02743602,0.012512397955291066
50.02745843,0.014526588845654994
50.02747846,0.01283283741512169
50.02749777,0.01078812848096437
50.02751732,0.012558175020981156
50.02753663,0.014511329823758298
50.04247212,0.012924391546501868
50.04252172,0.010742351415274281
50.05545783,0.012466620889600977
50.05551243,0.014526588845654994
50.05554008,0.01283283741512169
50.06343079,0.010711833371480888
50.06346464,0.012466620889600977
50.07548666,0.014480811779964905
50.07555246,0.012848096437018387
50.07558155,0.010681315327687495
50.0985105,0.012481879911497674
50.0985558,0.014450293736171512
50.10045648,0.01287861448081178
50.10050511,0.010772869459067674
50.10052896,0.012466620889600977
50.10242105,0.014526588845654994
50.10854149,0.012863355458915083
50.1086421,0.010727092393377585
50.11744952,0.012512397955291066
50.11752152,0.014496070801861601
50.11754537,0.012939650568398567
50.14147592,0.010742351415274281
50.14152575,0.012420843823910887
50.14154887,0.014526588845654994
50.14157128,0.01287861448081178
50.14159226,0.01078812848096437
50.15143228,0.012420843823910887
50.15146399,0.014465552758068208
50.16045427,0.012893873502708476
50.16050839,0.010742351415274281
50.16053724,0.012466620889600977
50.16742206,0.014480811779964905
50.17945266,0.012909132524605172
50.17950034,0.01078812848096437
50.18641901,0.012481879911497674
50.18646598,0.014572365911345083
50.18649673,0.013031204699778745
50.20046759,0.010803387502861066
50.20053124,0.012344548714427405
50.21246052,0.014343480582894636
50.21251702,0.012787060349431601
50.21254611,0.010666056305790799
50.21943641,0.012390325780117494
50.21946049,0.014496070801861601
50.22743177,0.012954909590295263
50.22746849,0.010772869459067674
50.22749376,0.012375066758220797
50.23141074,0.014450293736171512
50.24245119,0.013000686655985352
50.24249077,0.010757610437170977
50.26748943,0.01240558480201419
50.26753592,0.014465552758068208
50.26756978,0.012939650568398567
50.27552438,0.010742351415274281
50.27556586,0.012344548714427405
50.28149366,0.014435034714274816
50.28155136,0.012924391546501868
50.28158855,0.010772869459067674
50.28754139,0.012329289692530708
50.2875886,0.014343480582894636
50.28762317,0.012985427634088656
50.3154099,0.010772869459067674
50.31543255,0.012344548714427405
50.3154521,0.014450293736171512
50.32344079,0.013000686655985352
50.32348895,0.010711833371480888
50.32842565,0.01228351262684062
50.32846546,0.014435034714274816
50.3284986,0.013000686655985352
50.35246348,0.010727092393377585
50.35251832,0.012298771648737316
50.35255408,0.014404516670481423
50.35258746,0.01297016861219196
50.35262036,0.010757610437170977
50.3694315,0.012252994583047227
50.3694551,0.014465552758068208
50.36947536,0.013000686655985352
50.36949468,0.010742351415274281
50.36951542,0.012268253604943923
50.36953378,0.01441977569237812
50.38147807,0.013031204699778745
50.38153195,0.01078812848096437
50.38157368,0.012298771648737316
50.38841462,0.014465552758068208
50.38843679,0.013031204699778745
50.41149592,0.010742351415274281
50.41156435,0.012268253604943923
50.41161132,0.014496070801861601
50.41165352,0.013122758831158923
50.411695,0.010757610437170977
50.41745234,0.012222476539253834
50.41751003,0.01441977569237812
50.41755056,0.013015945677882048
50.4354074,0.010742351415274281
50.435431,0.012268253604943923
50.43545103,0.014404516670481423
50.44648004,0.013015945677882048
50.44654632,0.010742351415274281
50.44659328,0.012252994583047227
50.46143866,0.014373998626688029
50.46146202,0.01309224078736553
50.4695015,0.010711833371480888
50.46955633,0.012207217517357137
50.46959472,0.014404516670481423
50.47742033,0.013000686655985352
50.47744346,0.010696574349584192
50.4905138,0.012207217517357137
50.49056077,0.014404516670481423
50.49058557,0.013061722743572137
50.49060988,0.010681315327687495
50.49063492,0.012130922407873656
50.5004878,0.014373998626688029
50.52145219,0.01309224078736553
50.52151012,0.010742351415274281
50.52446556,0.012161440451667048
50.52451038,0.014358739604791332
50.52454019,0.013031204699778745
50.52948356,0.010711833371480888
50.52952337,0.012176699473563745
50.54247284,0.014404516670481423
50.54253292,0.01309224078736553
50.54257345,0.010711833371480888
50.5494585,0.01211566338597696
50.54949069,0.014435034714274816
50.56250501,0.01309224078736553
50.56257319,0.010742351415274281
50.57248259,0.01211566338597696
50.57255387,0.014404516670481423
50.5954895,0.01309224078736553
50.59555888,0.010696574349584192
50.59559703,0.012161440451667048
50.59563303,0.014373998626688029
50.59566689,0.013122758831158923
50.59740448,0.010757610437170977
50.5974288,0.012085145342183566
50.61248827,0.014404516670481423
50.6125741,0.01313801785305562
50.61261082,0.010742351415274281
50.61943936,0.012146181429770352
50.61947274,0.01441977569237812
50.64061022,0.013107499809262227
50.64071059,0.010696574349584192
50.64074826,0.012130922407873656
50.64077806,0.014404516670481423
50.65454936,0.013153276874952316
50.65463376,0.010772869459067674
50.65468907,0.012130922407873656
50.65472317,0.014373998626688029
50.65475821,0.013183794918745708
50.66347814,0.010635538261997406
50.66351199,0.012085145342183566
50.67250419,0.014373998626688029
50.67255044,0.013122758831158923
50.69668818,0.010711833371480888
50.69686007,0.012100404364080263
50.69696712,0.014404516670481423
50.70155501,0.013183794918745708
50.70160508,0.010833905546654459
50.70164013,0.012100404364080263
50.70167351,0.014404516670481423
50.7075212,0.013199053940642405
50.70757008,0.010742351415274281
50.72153711,0.012085145342183566
50.72158647,0.01441977569237812
50.72162104,0.013183794918745708
50.73249602,0.010711833371480888
50.73254275,0.012039368276493477
50.74355602,0.014373998626688029
50.74362636,0.013244831006332494
50.74367452,0.01078812848096437
50.75856042,0.012054627298390174
50.75862479,0.014358739604791332
50.77155757,0.013214312962539101
50.77162814,0.010681315327687495
50.77167559,0.012024109254596781
50.77171731,0.01441977569237812
50.79571295,0.013199053940642405
50.79581404,0.010742351415274281
50.80247045,0.012039368276493477
50.80256224,0.014358739604791332
50.80260515,0.013275349050125887
50.81146932,0.010757610437170977
50.81153178,0.012024109254596781
50.82143092,0.01441977569237812
50.82148862,0.013244831006332494
50.82151651,0.010818646524757763
50.82642007,0.012024109254596781
50.82645607,0.014465552758068208
50.8404038,0.01330586709391928
50.84043717,0.010772869459067674
50.84051394,0.012024109254596781
50.84053898,0.014373998626688029
50.85450244,0.013321126115815976
50.85457444,0.010818646524757763
50.8546226,0.012054627298390174
50.85466552,0.014435034714274816
50.85470819,0.013351644159609368
50.86342287,0.010742351415274281
50.86344409,0.012054627298390174
50.87346506,0.01441977569237812
50.87355065,0.013382162203402761
50.88750887,0.01078812848096437
50.8875947,0.012039368276493477
50.8876431,0.01441977569237812
50.90049434,0.013366903181506065
50.90056181,0.010894941634241245
50.90060925,0.012008850232700085
50.90744376,0.014480811779964905
50.92051506,0.013397421225299458
50.92059422,0.010772869459067674
50.92064166,0.011993591210803388
50.92068505,0.01441977569237812
50.92072606,0.013336385137712672
50.9314332,0.010803387502861066
50.93146801,0.011978332188906692
50.94344687,0.014373998626688029
50.94352102,0.013336385137712672
50.94356871,0.010818646524757763
50.95753837,0.011978332188906692
50.95759439,0.014435034714274816
50.97147322,0.013473716334782941
50.97153091,0.010818646524757763
50.9715662,0.011993591210803388
50.97160077,0.014496070801861601
50.97163844,0.01330586709391928
50.97167397,0.010681315327687495
50.98647904,0.011795223926146334
50.98651767,0.014236667429617761
50.98654461,0.013321126115815976
50.99649382,0.010803387502861066
50.99654198,0.011932555123216601
51.02152681,0.014404516670481423
51.0215919,0.013473716334782941
51.02163148,0.010894941634241245
51.02166653,0.011902037079423208
51.0217011,0.014435034714274816
51.02844143,0.013427939269092852
51.02850413,0.010803387502861066
51.0285368,0.011932555123216601
51.03543544,0.014358739604791332
51.04242039,0.013366903181506065
51.04245591,0.01078812848096437
51.05142307,0.011917296101319905
51.05147219,0.014373998626688029
51.05150843,0.013443198290989548
51.07548761,0.010772869459067674
51.07553792,0.011871519035629816
51.0986011,0.014389257648584725
51.098665,0.013488975356679637
51.09870553,0.01078812848096437
51.09874439,0.011963073167009996
51.09878516,0.014343480582894636
51.10850739,0.013412680247196154
51.10857224,0.01078812848096437
51.1086216,0.011841000991836423
51.10866642,0.01441977569237812
51.12048459,0.013473716334782941
51.12053871,0.010818646524757763
51.12847209,0.011902037079423208
51.1285429,0.014358739604791332
51.12859106,0.013473716334782941
51.14248109,0.01078812848096437
51.14254761,0.011917296101319905
51.14259529,0.014404516670481423
51.14948606,0.01351949340047303
51.14952207,0.01078812848096437
51.16249919,0.011795223926146334
51.16256166,0.014358739604791332
51.1674521,0.013550011444266423
51.16750193,0.010894941634241245
51.16753936,0.011917296101319905
51.16757536,0.014389257648584725
51.17649078,0.013473716334782941
51.17654777,0.010833905546654459
51.18548965,0.011795223926146334
51.18556046,0.014389257648584725
51.18560791,0.013488975356679637
51.2094903,0.010849164568551155
51.20954585,0.011795223926146334
51.20958614,0.014343480582894636
51.20962286,0.013550011444266423
51.20965791,0.01078812848096437
51.2184937,0.011795223926146334
51.21854496,0.014389257648584725
51.22749567,0.013473716334782941
51.22754645,0.010803387502861066
51.22758317,0.011779964904249637
51.23548079,0.014312962539101243
51.24670196,0.013504234378576334
51.24679089,0.010818646524757763
51.24685526,0.011703669794766156
51.25173116,0.014312962539101243
51.25176215,0.013534752422369727
51.27554607,0.010803387502861066
51.27559996,0.011718928816662852
51.27563834,0.014343480582894636
51.27567363,0.013488975356679637
51.27570772,0.010757610437170977
51.28552294,0.011749446860456245
51.28558803,0.014221408407721065
51.28563643,0.013550011444266423
51.29944777,0.010818646524757763
51.29947734,0.01168841077286946
51.2995038,0.014312962539101243
51.30968404,0.01356527046616312
51.30977201,0.010803387502861066
51.33255863,0.011734187838559548
51.33265305,0.014358739604791332
51.3327024,0.013611047531853208
51.33274579,0.010803387502861066
51.3327868,0.011749446860456245
51.34252405,0.014343480582894636
51.34259439,0.013611047531853208
51.34264302,0.010894941634241245
51.34946752,0.011657892729076066
51.34949875,0.01428244449530785
51.36269736,0.013611047531853208
51.36276793,0.010833905546654459
51.36281896,0.01168841077286946
51.36456871,0.01432822156099794
51.38759065,0.013611047531853208
51.38765502,0.010864423590447852
51.41156673,0.011718928816662852
51.41164112,0.014404516670481423
51.4116888,0.013611047531853208
51.41173315,0.010894941634241245
51.41177583,0.011627374685282674
51.42055368,0.014297703517204547
51.4206202,0.013641565575646601
51.42066717,0.010803387502861066
51.43445468,0.01164263370717937
51.43448281,0.01432822156099794
51.44344997,0.013641565575646601
51.44349504,0.010879682612344548
51.44352293,0.011612115663385977
51.44354773,0.014312962539101243
51.44947624,0.013672083619439994
51.4495151,0.010894941634241245
51.46258068,0.01164263370717937
51.46264648,0.014312962539101243
51.46269464,0.013626306553749905
51.4764483,0.010803387502861066
51.47648025,0.011612115663385977
51.48143697,0.014343480582894636
51.48147297,0.013702601663233387
51.48149896,0.01095597772182803
51.48943996,0.01164263370717937
51.48946166,0.014251926451514458
51.50164819,0.013702601663233387
51.50171256,0.010849164568551155
51.50175929,0.01164263370717937
51.50180197,0.01428244449530785
51.50750756,0.013717860685130083
51.50756049,0.010879682612344548
51.53154516,0.011596856641489281
51.53161144,0.014358739604791332
51.53165913,0.013717860685130083
51.53170133,0.010910200656137941
51.5317421,0.01164263370717937
51.5415566,0.014251926451514458
51.54162169,0.013717860685130083
51.54166937,0.010910200656137941
51.55273509,0.011612115663385977
51.55276608,0.014312962539101243
51.55968285,0.01373311970702678
51.55974674,0.01095597772182803
51.55979514,0.011566338597695888
51.5654583,0.014312962539101243
51.57989883,0.013748378728923476
51.57996297,0.010925459678034637
