Seg,mV
0.05049801,0.022354467078660258
0.05054736,0.022415503166247044
0.07453942,0.022461280231937133
0.07459831,0.022491798275730526
0.07463026,0.022491798275730526
0.07466054,0.02255283436331731
0.07647657,0.02255283436331731
0.07650733,0.02784771496147097
0.08860993,0.03932249942778668
0.08866739,0.025345235370412757
0.10254192,0.02511635004196231
0.10259318,0.03860532539864195
0.10262704,0.027954528114747846
0.12551904,0.023178454261081866
0.12557125,0.038910505836575876
0.12559891,0.03126573586633097
0.12562346,0.02026398107881285
0.13561344,0.03607232776379034
0.13565087,0.035324635690852216
0.14248109,0.020782787823300525
0.15650415,0.032867933165484094
0.15656304,0.03886472877088579
0.16147399,0.022125581750209813
0.16151643,0.028641184100099183
0.17828012,0.03956664377813382
0.18968034,0.024322880903334097
0.18972564,0.025680933852140077
0.19524169,0.040039673456931414
0.19527745,0.027481498435950255
0.20184302,0.02294956893263142
0.20190191,0.03932249942778668
0.20194912,0.031097886625467308
0.21251559,0.02072175173571374
0.21254325,0.03706416418707561
0.22052932,0.03607232776379034
0.2205689,0.021393148699168384
0.24455237,0.03462272068360418
0.24460673,0.03904783703364614
0.24952531,0.022125581750209813
0.24956512,0.02951094834821088
0.25897551,0.04065003433279927
0.25904608,0.024841687647821773
0.26753902,0.024719615472648202
0.26757956,0.040115968566414896
0.27853465,0.028809033340962846
0.27857614,0.022629129472800793
0.28766799,0.03813229571984436
0.28770924,0.03126573586633097
0.3005383,0.021881437399862667
0.30058002,0.03776607919432364
0.31662869,0.03598077363241016
0.31666422,0.021316853589684902
0.31669044,0.03314259555962463
0.33969164,0.03860532539864195
0.33977127,0.02418554970626383
0.34584403,0.0328374151216907
0.34589124,0.04248111696040284
0.35331368,0.026489662012664988
0.35336113,0.027389944304570077
0.35339808,0.04261844815747311
0.35344148,0.031952391851682305
0.36555243,0.02652018005645838
0.36559939,0.04191653315022507
0.37782693,0.0332494087129015
0.39557171,0.021667811093308918
0.39562535,0.03689631494621195
0.39565706,0.035370412756542305
0.3956871,0.02043183031967651
0.39998507,0.03271534294651713
0.40002489,0.03755245288776989
0.41358066,0.021332112611581598
0.41365266,0.029221026932173648
0.41657114,0.03892576485847257
0.41661263,0.02316319523918517
0.44352627,0.028503852903028915
0.44355798,0.05099565117875944
0.44358373,0.04483100633249409
0.44851708,0.04324406805523766
0.4485414,0.060990310521095596
0.45856571,0.05154497596704051
0.46550179,0.029190508888380255
0.46554923,0.03421072709239338
0.47450018,0.028030823224231328
0.47454166,0.014007782101167316
0.47457409,0.024444953078507668
0.49862242,0.03717097734035248
0.49870515,0.02204928664072633
0.49875975,0.023987182421606777
0.49881053,0.03930724040588998
0.4988625,0.02613870450904097
0.55254388,0.021484702830548562
0.55258179,0.038498512245365074
0.55260921,0.0302738994430457
0.55450344,0.020233463035019456
0.55456781,0.03704890516517891
0.55459309,0.03543144884412909
0.5546174,0.02026398107881285
0.5564847,0.0332646677347982
0.55652142,0.03718623636224918
0.5655818,0.020584420538643473
0.56564307,0.029327840085450523
0.565696,0.04025329976348516
0.58149648,0.02366674296177615
0.58156276,0.025650415808346684
0.59102225,0.04058899824521248
0.59106493,0.028122377355611506
0.61349821,0.023224231326771955
0.61354685,0.03643854428931106
0.61357999,0.025314717326619364
0.61360955,0.015640497444113832
0.62351203,0.03187609674219882
0.62357259,0.030426489662012664
0.62947226,0.01641870756084535
0.6295166,0.02844281681544213
0.63674617,0.03343251697566186
0.64951849,0.018951705195696954
0.64955974,0.026947432669565882
0.66555071,0.03610284580758373
0.6656251,0.020706492713817044
0.67209363,0.023010605020218206
0.67214489,0.03730830853742275
0.67949772,0.024048218509193562
0.67953992,0.018875410086213473
0.68849039,0.03552300297550927
0.68853354,0.026825360494392308
0.70554733,0.0170443274586099
0.70559812,0.03309681849393454
0.71045995,0.03022812237735561
0.73551846,0.015594720378423743
0.73556352,0.02789349202716106
0.73558903,0.031906614785992216
0.73561287,0.01651026169222553
0.75059319,0.02508583199816892
0.75069141,0.03488212405584802
0.7507658,0.019043259327077136
0.75084019,0.02119478141451133
0.77452302,0.03512626840619516
0.7745719,0.022247653925383384
0.77460361,0.018356603341725796
0.77463317,0.03381399252307927
0.77466106,0.025513084611276417
0.77648115,0.01701380941481651
0.77651453,0.032867933165484094
0.79052877,0.030670634012359806
0.7905767,0.016693369954985885
0.81451988,0.02937361715114061
0.81456804,0.033875028610666054
0.81460738,0.01863126573586633
0.81463814,0.02571145189593347
0.81649899,0.035156786449988556
0.81652856,0.021179522392614634
0.83051276,0.023468375677119097
0.83053994,0.03642328526741436
0.83452797,0.02392614633401999
0.84852839,0.02072175173571374
0.848562,0.036575875486381325
0.86161828,0.028625925078202486
0.86165142,0.019806210421911954
0.88650846,0.03450064850843061
0.88654137,0.03208972304875257
0.88656616,0.019058518348973832
0.88658977,0.032074464026855876
0.88849306,0.03576714732585641
0.8964839,0.01998931868467231
0.89652014,0.02861066605630579
0.89654994,0.038330663004501414
0.91549444,0.023147936217288473
0.9155488,0.025635156786449988
0.915591,0.03877317463950561
0.92949295,0.02578774700541695
0.94150782,0.022201876859693295
0.94155645,0.037872892347600516
0.94159818,0.029602502479591057
0.94347143,0.021087968261234456
0.9434967,0.03610284580758373
0.95749044,0.03317311360341802
0.96448922,0.020187685969329367
0.96454477,0.03309681849393454
0.96947765,0.03646906233310445
0.99652696,0.021011673151750974
0.99659443,0.029571984435797664
0.99663305,0.039002059967956054
0.99666858,0.02426184481574731
0.99949861,0.027908751049057757
0.99954748,0.04235904478522927
1.01453924,0.02993820096131838
1.01459622,0.026153963530937668
1.01464009,0.04127565423056382
1.01468253,0.03288319218738079
1.02949882,0.024368657969024186
1.02955079,0.040207522697795074
1.04388475,0.037079423208972305
1.05649352,0.022796978713664453
1.05653238,0.035706111238269625
1.05869818,0.03848325322346838
1.05873895,0.020874341954680704
1.0665307,0.029144731822690166
1.06660223,0.03939879453727016
1.07554412,0.02468909742885481
1.07561779,0.02713054093232624
1.08461523,0.03970397497520409
1.08466506,0.02661173418783856
1.10859346,0.02333104448004883
1.10867453,0.039124132143129625
1.10871863,0.03360036621652552
1.12351727,0.03143358510719463
1.12356186,0.05358968490119783
1.12359214,0.05569542992294194
1.12362051,0.04531929503318837
1.1334939,0.054016937514305335
1.13352394,0.044205386434729536
1.14248395,0.01794460975051499
1.1554749,0.02197299153124285
1.15551591,0.03295948729686427
1.15554166,0.0208896009765774
1.17951989,0.02575722896162356
1.17954826,0.039337758449683374
1.17957211,0.02618448157473106
1.19351006,0.023605706874189364
1.20149755,0.03970397497520409
1.20154524,0.031189440756847486
1.20348382,0.022003509575036242
1.20352435,0.0371099412527657
1.2265296,0.03418020904859999
1.22660565,0.02243076218814374
1.23550773,0.03616388189517052
1.23556018,0.03860532539864195
1.25050235,0.023254749370565347
1.25056076,0.032120241092545965
1.25058961,0.04040588998245213
1.25061393,0.025345235370412757
1.25063801,0.02896162355992981
1.25066233,0.04205386434729534
1.25850034,0.028931105516136417
1.25852966,0.026672770275425344
1.26748133,0.042542153047989625
1.28049517,0.033615625238422216
1.28055096,0.025238422217135882
1.28058481,0.04081788357366293
1.29616237,0.03689631494621195
1.29620385,0.023422598611429007
1.30847812,0.03784237430380712
1.30850983,0.04303044174868391
1.30853295,0.02839703974975204
1.3085556,0.036911573968108645
1.32553101,0.044373235675593196
1.32559061,0.02877851529716945
1.32562327,0.03266956588082704
1.32565427,0.04625009536888686
1.33956265,0.03263904783703365
1.33962083,0.029556725413900968
1.36360288,0.04481574731059739
1.36367702,0.034988937209124896
1.36372137,0.025848783093003737
1.36382914,0.04080262455176623
1.36387181,0.03607232776379034
1.37898827,0.02276646066987106
1.37910819,0.036575875486381325
1.39157724,0.03822384985122454
1.39162993,0.022659647516594186
1.39850903,0.03300526436255436
1.39855146,0.04144350347142748
1.42252922,0.025101091020065615
1.42257714,0.028458075837338826
1.42261004,0.040924696726939803
1.42264128,0.02703898680094606
1.43785524,0.025055313954375526
1.43797708,0.04069581139848936
1.43805575,0.030670634012359806
1.44503212,0.022247653925383384
1.445153,0.03797970550087739
1.45861077,0.033875028610666054
1.45866203,0.021255817502098116
1.46477747,0.03535515373464561
1.46480203,0.03781185626001373
1.48057103,0.022507057297627222
1.48059821,0.0324254215304799
1.49151731,0.04042114900434882
1.49154949,0.024673838406958113
1.49849606,0.027924010070954453
1.498523,0.040497444113832305
1.51052618,0.027145799954222935
1.51055145,0.02561989776455329
1.51058531,0.04110780498970016
1.52552223,0.031326771953917754
1.52558231,0.023147936217288473
1.55050135,0.03859006637674525
1.55052805,0.03512626840619516
1.55950832,0.022980086976424813
1.55953431,0.03649958037689784
1.56853867,0.03788815136949721
1.56856298,0.02255283436331731
1.58151102,0.03230334935530633
1.58154392,0.040115968566414896
1.59070253,0.024490730144197757
1.59074879,0.02896162355992981
1.61579156,0.04165712977798123
1.6158483,0.02789349202716106
1.62179041,0.026001373311970704
1.62183666,0.04072632944228275
1.62186956,0.03031967650873579
1.62190008,0.02294956893263142
1.62193012,0.03938353551537346
1.62195969,0.034607461661707486
1.63651466,0.02221713588158999
1.63657618,0.03567559319447623
1.63661003,0.03680476081483177
1.64358163,0.023041123064011598
1.64364314,0.0341039139391165
1.6575737,0.041260395208667124
1.65761781,0.024750133516441595
1.67111087,0.029068436713206684
1.67123318,0.04173342488746471
1.68455958,0.028747997253376057
1.68462443,0.028137636377508202
1.68952608,0.04351873044937819
1.68958306,0.033203631647211414
1.69855738,0.02542153047989624
1.69861293,0.04158083466849775
1.69865561,0.0375219348439765
1.71392322,0.024963759822995348
1.71404529,0.03848325322346838
1.72155261,0.03877317463950561
1.72160172,0.022705424582284275
1.7459774,0.032166018158236054
1.74609637,0.03973449301899748
1.74755025,0.024628061341268024
1.74762249,0.028259708552681773
1.75251102,0.0400854505226215
1.75257182,0.026703288319218737
1.76581287,0.02545204852368963
1.76591015,0.04013122758831159
1.76752448,0.028976882581826506
1.78061342,0.022705424582284275
1.78069854,0.044129091325246055
1.7945075,0.04583810177767605
1.79454374,0.03884946974898909
1.80846906,0.058365758754863814
1.80849624,0.06039520866712444
1.8085196,0.04139772640573739
1.80854225,0.03442435339894713
1.81848001,0.03006027313649195
1.81850624,0.01254291599908446
1.83290219,0.017212176699473565
1.83299923,0.036362249179827576
1.8330729,0.02827496757457847
1.85858917,0.0217441062027924
1.85867357,0.03671320668345159
1.85871172,0.03213550011444266
1.85874701,0.021484702830548562
1.87376213,0.03559929808499275
1.87388325,0.03671320668345159
1.87396097,0.022110322728313116
1.87403083,0.031784542610818645
1.8915019,0.03884946974898909
1.89153266,0.0238803692683299
1.89648366,0.02917524986648356
1.89650917,0.04080262455176623
1.89848065,0.026794842450598915
1.92250443,0.025696192874036773
1.94558978,0.04069581139848936
1.94567895,0.030975814450293737
1.94572663,0.023895628290226595
1.94576883,0.03970397497520409
1.9458096,0.03500419623102159
1.94584966,0.02337682154573892
1.94588971,0.03772030212863355
1.96649408,0.03875791561760891
1.96653271,0.024109254596780347
1.97147608,0.035202563515678645
1.97150445,0.04147402151522087
1.9815073,0.025482566567483024
1.9815681,0.032440680552376595
1.99447823,0.04510566872663462
1.99452686,0.030548561837186235
2.00848675,0.03022812237735561
2.00855303,0.04507515068284123
2.00860429,0.034195468070496685
2.00867438,0.02716105897611963
2.02352333,0.043213550011444266
2.02356601,0.03726253147173266
2.02955103,0.02392614633401999
2.02960443,0.03904783703364614
2.0358274,0.039337758449683374
2.05963802,0.024048218509193562
2.05971551,0.034439612420843826
2.06512332,0.04046692607003891
2.06523275,0.02374303807125963
2.07194495,0.02868696116578927
2.07208276,0.040283817807278556
2.07799935,0.02554360265506981
2.07812262,0.024414435034714275
2.08651543,0.03904783703364614
2.08658314,0.0281528953994049
2.09954762,0.022369726100556955
2.0996325,0.038574807354848556
2.09967399,0.032822156099794005
2.12459207,0.02140840772106508
2.12469006,0.03555352101930266
2.12474179,0.0358129243915465
2.12478375,0.021301594567788205
2.13152528,0.03187609674219882
2.13157701,0.0383764400701915
2.1405313,0.022583352407110704
2.14058828,0.027908751049057757
2.15551376,0.03927672236209659
2.15556216,0.02566567483024338
2.16053033,0.02491798275730526
2.1605835,0.039124132143129625
2.17506027,0.028244449530785077
2.18860245,0.02214084077210651
2.1886673,0.03865110246433204
2.20148134,0.03317311360341802
2.20150757,0.021133745326924545
2.20346856,0.03607232776379034
2.20349503,0.03665217059586481
2.20849681,0.021774624246585793
2.20854306,0.032776379034103915
2.22447562,0.03904783703364614
2.22450209,0.022903791866941327
2.23547292,0.0290074006256199
2.23549843,0.04019226367589838
2.24449325,0.024963759822995348
2.26150417,0.025345235370412757
2.26153636,0.04042114900434882
2.26855803,0.02868696116578927
2.26862597,0.022461280231937133
2.27789021,0.038788433661402305
2.27800393,0.032562752727550166
2.27805257,0.020691233691920347
2.27809572,0.03613336385137713
2.29049087,0.0358129243915465
2.2905252,0.021316853589684902
2.30460668,0.032730601968413826
2.30467987,0.03898680094605936
2.32248187,0.022919050888838024
2.32251453,0.02865644312199588
2.34264302,0.039673456931410694
2.34273124,0.024826428625925077
2.34277844,0.02566567483024338
2.34282041,0.041123064011596856
2.34286189,0.029434653238727397
2.34290266,0.022980086976424813
2.35660863,0.039124132143129625
2.35667539,0.03425650415808347
2.37959695,0.023849851224536506
2.37968826,0.038834210727092394
2.37972713,0.03848325322346838
2.37976098,0.023590447852292667
2.37979412,0.03512626840619516
2.38950229,0.04113832303349355
2.3895514,0.02491798275730526
2.39904118,0.030945296406500344
2.39916205,0.04132143129625391
2.40811944,0.025574120698863202
2.4082396,0.024612802319371328
2.43078661,0.03927672236209659
2.43090391,0.027512016479743648
2.43098235,0.022278171969176776
2.4310534,0.03860532539864195
2.43112278,0.031830319676508734
2.44566512,0.020706492713817044
2.44576287,0.03504997329671168
2.45956063,0.03384451056687266
2.45961905,0.022003509575036242
2.46628952,0.03949034866865034
2.46641302,0.051651789120317385
2.48960304,0.04130617227435721
2.48966861,0.052979324025329975
2.48970485,0.060914015411612114
2.48973727,0.0375219348439765
2.50503039,0.021942473487449453
2.50514865,0.028366521705958648
2.5052259,0.018600747692072938
2.51004481,0.01696803234912642
2.51016474,0.0354009308003357
2.52355719,0.029968719005111773
2.52359653,0.019928282597085525
2.53459597,0.0354009308003357
2.53462076,0.03433279926756695
2.54548168,0.019729915312428473
2.54551029,0.031738765545128556
2.5594821,0.03755245288776989
2.55950594,0.021820401312275882
2.55952859,0.028625925078202486
2.55955148,0.03918516823071641
2.57057261,0.024216067750057222
2.57752109,0.024963759822995348
2.58647442,0.03961242084382391
2.58651614,0.02789349202716106
2.61081338,0.022919050888838024
2.61095572,0.03904783703364614
2.61262131,0.032440680552376595
2.61268663,0.022507057297627222
2.62550664,0.037750820172426945
2.62558746,0.03654535744258793
2.62758183,0.022751201647974364
2.62766075,0.03471427481498436
2.63564539,0.039841306172274354
2.64462805,0.02413977264057374
2.64471841,0.031830319676508734
2.65860748,0.04310673685816739
2.65868115,0.028336003662165255
2.68255281,0.029236285954070344
2.68263984,0.04379339284351873
2.68268776,0.03204394598306248
2.68273115,0.026626993209735255
2.68284297,0.043091477836270695
2.68288636,0.036194399938963916
2.69764757,0.02545204852368963
2.69775605,0.04058899824521248
2.69783258,0.038910505836575876
2.7125864,0.023773556115053024
2.71267772,0.035370412756542305
2.73593378,0.0400854505226215
2.73605657,0.023590447852292667
2.73803306,0.030548561837186235
2.7381568,0.040207522697795074
2.74293685,0.024338139925230793
2.74306059,0.024963759822995348
2.75553083,0.039749752040894176
2.75559831,0.02775616083009079
2.76461482,0.022400244144350347
2.76469088,0.03801022354467078
2.7789402,0.030807965209430077
2.79261446,0.020401312275883116
2.79269075,0.03590447852292668
2.79273605,0.03442435339894713
2.7927773,0.02038605325398642
2.79955721,0.03268482490272374
2.79961634,0.03782711528191043
2.8091948,0.021988250553139545
2.80931735,0.028717479209582664
2.82157898,0.03831540398260472
2.82165384,0.023315785458152133
2.84597683,0.0251621271076524
2.84609818,0.03947508964675364
2.84617329,0.026718547341115433
2.84762812,0.022247653925383384
2.84767652,0.038956282902265965
2.86064219,0.031738765545128556
2.86071897,0.021087968261234456
2.86076999,0.036041809719996945
2.86081123,0.034271763179980166
2.87604427,0.020325017166399634
2.87616611,0.03302052338445106
2.8997066,0.03733882658121614
2.89982438,0.021301594567788205
2.89990211,0.029053177691309988
2.89997268,0.03830014496070802
2.90004134,0.0238803692683299
2.91622257,0.026245517662317846
2.9255023,0.04055848020141909
2.92554975,0.027618829633020522
2.92558241,0.02316319523918517
2.93194103,0.03904783703364614
2.9319663,0.03146410315098802
2.94556713,0.021133745326924545
2.9455905,0.03622491798275731
2.95951962,0.03433279926756695
2.95955348,0.02140840772106508
2.97350931,0.033951323720149536
2.97353482,0.03836118104829481
2.97355819,0.02226291294728008
2.97358155,0.02958724345769436
2.98978496,0.0392156862745098
2.98984623,0.02349889372091249
2.9965868,0.02508583199816892
2.99666047,0.03949034866865034
3.02060032,0.02835126268406195
3.02067685,0.024109254596780347
3.0207243,0.03927672236209659
3.02076721,0.031998168917372394
3.03086758,0.022461280231937133
3.03094125,0.03768978408484016
3.03283501,0.0362706950484474
3.04597497,0.02362096589608606
3.04609561,0.03602655069810025
3.05497026,0.03985656519417105
3.05503678,0.024582284275577935
3.07894635,0.032227054245822846
3.07908344,0.041931792172121764
3.09159374,0.026825360494392308
3.09167719,0.02861066605630579
3.09858394,0.041962310215915156
3.09863973,0.028702220187685968
3.11296296,0.02371252002746624
3.11308718,0.03872739757381552
3.11316419,0.03060959792477302
3.12648296,0.02093537804226749
3.12655973,0.03610284580758373
3.12660527,0.03375295643549248
3.12664723,0.019958800640878918
3.13162661,0.03254749370565347
3.13169956,0.03564507515068284
3.15555859,0.01936369878690776
3.15562367,0.0315556572823682
3.16454554,0.04837109941252766
3.16460109,0.03904783703364614
3.16465259,0.04641794460975052
3.16470194,0.061081864652475774
3.16475058,0.05041580834668498
3.18000317,0.03143358510719463
3.18012452,0.031525139238574806
3.18855524,0.018188754100862136
3.1885922,0.011917296101319905
3.19712615,0.027771419851987486
3.19719744,0.03442435339894713
3.22640252,0.019470511940184634
3.22648954,0.02746623941405356
3.22653651,0.03732356755931945
3.22657919,0.023422598611429007
3.22855091,0.02571145189593347
3.22859526,0.038910505836575876
3.23551178,0.026382848859388113
3.24493456,0.02323949034866865
3.244977,0.0383916990920882
3.25850105,0.03010605020218204
3.258533,0.021011673151750974
3.28279781,0.03595025558861677
3.28288031,0.03389028763256275
3.28291774,0.02128633554589151
3.28295231,0.03407339589532311
3.28454304,0.03808651865415427
3.28459024,0.023010605020218206
3.29852366,0.030579079880979628
3.2985549,0.039627679865720605
3.29858065,0.024872205691615166
3.31353307,0.02763408865491722
3.32653737,0.041046768902113374
3.32658648,0.028458075837338826
3.35067916,0.025482566567483024
3.35079265,0.041886015106431675
3.35085487,0.033157854581521325
3.35090613,0.02362096589608606
3.35851932,0.04036011291676204
3.35856795,0.039078355077439536
3.36655903,0.025864042114900433
3.36661124,0.03843747615777829
3.37266707,0.04107728694590677
3.37275124,0.025406271457999542
3.38056636,0.03451590753032731
3.40496087,0.04341191729610132
3.4050982,0.027283131151293202
3.41393161,0.029831387808041506
3.4140718,0.04260318913557641
3.42155409,0.028900587472343024
3.42162991,0.025391012436102846
3.4356606,0.040161745632104985
3.43574047,0.031738765545128556
3.43579698,0.02197299153124285
3.43584752,0.036408026245517665
3.44286227,0.0328526741435874
3.45559454,0.02034027618829633
3.45565987,0.03305104142824445
3.45569921,0.03651483939879454
3.45573306,0.021438925764858473
3.48064971,0.02958724345769436
3.48085141,0.03808651865415427
3.48092961,0.022873273823147935
3.48099947,0.025360494392309453
3.5047226,0.03865110246433204
3.50483656,0.025818265049210344
3.50491476,0.022796978713664453
3.50498366,0.03797970550087739
3.50801587,0.028854810406652935
3.50961304,0.020828564888990615
3.50966048,0.03718623636224918
3.52059698,0.03396658274204623
3.52067351,0.020447089341573205
3.54880357,0.03334096284428168
3.54897809,0.03665217059586481
3.54905486,0.0217441062027924
3.54914045,0.02998397802700847
3.55625677,0.0383764400701915
3.55631661,0.022842755779354542
3.56458688,0.026153963530937668
3.56465888,0.03970397497520409
3.56990385,0.026291294728007935
3.57904315,0.023392080567635615
3.57916379,0.03949034866865034
3.59950352,0.030212863355458915
3.59953523,0.020996414129854278
3.61300135,0.03646906233310445
3.61312318,0.03334096284428168
3.62089181,0.021042191195544367
3.62095642,0.0345464255741207
3.62099385,0.036621652552071414
3.62102842,0.021423666742961776
3.63579273,0.030899519340810255
3.63589096,0.038956282902265965
3.6406889,0.023422598611429007
3.65470243,0.026749065384908826
3.65473413,0.03935301747158007
3.67883539,0.026321812771801328
3.6789577,0.023819333180743113
3.67903566,0.03942931258106355
3.679106,0.030472266727702754
3.69348788,0.021850919356069275
3.69352078,0.03683527885862516
3.69354987,0.03389028763256275
3.69357634,0.021438925764858473
3.71651697,0.03459220263981079
3.71655583,0.03743038071259632
3.7185123,0.021805142290379186
3.71855783,0.03065537499046311
3.7328589,0.03918516823071641
3.73294091,0.024216067750057222
3.73299885,0.027649347676813915
3.73304987,0.04132143129625391
3.74302435,0.027817196917677575
3.74314737,0.026321812771801328
3.75059724,0.04187075608453498
3.75067687,0.03205920500495918
3.76469469,0.02392614633401999
3.76477194,0.04036011291676204
3.76482868,0.036621652552071414
3.79026437,0.023422598611429007
3.79034257,0.03732356755931945
3.79038906,0.03904783703364614
3.79051542,0.023147936217288473
3.80062795,0.03210498207064927
3.800699,0.038162813763637754
3.80575109,0.02294956893263142
3.80582237,0.02725261310749981
3.8196013,0.03956664377813382
3.81967831,0.0260166323338674
3.84383821,0.023483634699015793
3.84395838,0.03797970550087739
3.84403419,0.028030823224231328
3.85359883,0.020447089341573205
3.85366344,0.03825436789501793
3.86158013,0.039505607690547034
3.86163783,0.0345464255741207
3.86755538,0.05358968490119783
3.86760092,0.060532539864194705
3.87552428,0.04744029907682917
3.87556291,0.04081788357366293
3.88952017,0.03108262760357061
3.88955832,0.01019302662699321
3.90397668,0.013504234378576334
3.90409946,0.030899519340810255
3.90861607,0.030182345311665523
3.92157483,0.019333180743114367
3.9216516,0.03280689707789731
3.92351723,0.03533989471274891
3.92356277,0.02107270923933776
3.93681574,0.03048752574959945
3.93691087,0.03814755474174106
3.94298434,0.022537575341420615
3.94310784,0.026794842450598915
3.95562577,0.03904783703364614
3.95572233,0.02554360265506981
3.96989369,0.023422598611429007
3.96995068,0.038834210727092394
3.96999431,0.029358358129243915
3.9789834,0.02243076218814374
3.97910452,0.03781185626001373
3.99154615,0.033493553063248645
3.99160814,0.021438925764858473
4.00056696,0.034912642099641414
4.00066447,0.03700312809948882
4.01506543,0.023010605020218206
4.01520705,0.0332646677347982
4.02858615,0.041214618142977034
4.02863336,0.025726710917830166
4.03658223,0.030167086289768826
4.03662419,0.04234378576333257
4.036659,0.029114213778896773
4.04604173,0.027618829633020522
4.04616213,0.04284733348592355
4.05489516,0.03390554665445945
4.05497122,0.026855878538185704
4.06872678,0.04200808728160525
4.06882739,0.03776607919432364
4.08263254,0.025558861676966506
4.08270955,0.03949034866865034
4.0959177,0.04130617227435721
4.09599233,0.026214999618524453
4.11003399,0.03451590753032731
4.11015701,0.0413519493400473
4.11023307,0.025879301136797133
4.13354206,0.029480430304417486
4.13357401,0.04118410009918364
4.13359928,0.02746623941405356
4.1398952,0.025055313954375526
4.14000511,0.03904783703364614
4.14008427,0.029266803997863737
4.15353036,0.02276646066987106
4.15356159,0.038330663004501414
4.16150141,0.03279163805600061
4.16153097,0.020584420538643473
4.17856503,0.03462272068360418
4.17858887,0.03578240634775311
4.1786108,0.020920119020370793
4.17863321,0.03091477836270695
4.19353652,0.03759822995345998
4.19357681,0.022751201647974364
4.19360685,0.02758831158922713
4.1936357,0.039078355077439536
4.21791887,0.02508583199816892
4.21801615,0.02401770046540017
4.22566676,0.03904783703364614
4.22571826,0.028809033340962846
4.23054194,0.021850919356069275
4.23058677,0.0371099412527657
4.2380116,0.03225757228961624
4.24579406,0.0208896009765774
4.24591327,0.03468375677119097
4.255126,0.03546196688792248
4.25519347,0.021393148699168384
4.27877212,0.03143358510719463
4.27890873,0.03814755474174106
4.27898693,0.02293430991073472
4.27905726,0.027771419851987486
4.29363489,0.039246204318303196
4.29371262,0.025680933852140077
4.29375958,0.024460212100404364
4.29380322,0.03904783703364614
4.3006351,0.028946364538033113
4.31459165,0.022125581750209813
4.31465721,0.03694209201190204
4.3205595,0.031998168917372394
4.32060766,0.021179522392614634
4.34469724,0.03535515373464561
4.34477115,0.03535515373464561
4.34480762,0.02119478141451133
4.34484243,0.032364385442893114
4.35458946,0.03904783703364614
4.35464907,0.022903791866941327
4.3640399,0.0277103837644007
4.3641665,0.03955138475623712
4.36900854,0.02549782558937972
4.38161278,0.024505989166094453
4.38168907,0.03936827649347677
4.39559174,0.028702220187685968
4.39566588,0.02204928664072633
4.4116385,0.03776607919432364
4.4117167,0.032532234683756774
4.42058921,0.02169832913710231
4.42064929,0.03576714732585641
4.42069483,0.03685053788052186
4.42073703,0.022278171969176776
4.43485808,0.032440680552376595
4.43497896,0.03910887312123293
4.43505549,0.024719615472648202
4.45953941,0.030777447165636684
4.45957923,0.04251163500419623
4.47405219,0.027832455939574275
4.4741714,0.027740901808194093
4.47424793,0.042374303807125965
4.47431779,0.0315403982604715
4.50567269,0.024612802319371328
4.50573993,0.0396429388876173
4.50577545,0.033829251544975965
4.50580907,0.021423666742961776
4.50783062,0.03511100938429847
4.50796604,0.03529411764705882
4.50991583,0.02093537804226749
4.51000857,0.031403067063401235
4.53376436,0.03767452506294346
4.5338757,0.02230869001297017
4.53395391,0.02758831158922713
4.53402281,0.03836118104829481
4.54376841,0.023773556115053024
4.54392409,0.025604638742656595
4.55257702,0.0451972228580148
4.55263877,0.03944457160296025
4.5605948,0.040619516289005876
4.56066847,0.06106660563057908
4.56801748,0.05717555504692149
4.59059739,0.03512626840619516
4.59067535,0.03088426031891356
4.59258938,0.022781719691767757
4.59265351,0.011963073167009996
4.60599041,0.02293430991073472
4.60612917,0.03692683299000534
4.60768723,0.02316319523918517
4.60773659,0.023254749370565347
4.61958671,0.038788433661402305
4.61966419,0.0285648889906157
4.62859941,0.022018768596932938
4.62867165,0.0375066758220798
4.64287305,0.03179980163271534
4.6557188,0.020752269779507133
4.65578246,0.03512626840619516
4.66486216,0.034988937209124896
4.66498733,0.02072175173571374
4.66506338,0.03181506065461204
4.66513157,0.0383764400701915
4.67959738,0.023422598611429007
4.67968774,0.029221026932173648
4.68717742,0.03982604715037766
4.68723774,0.025391012436102846
4.7098155,0.026245517662317846
4.70990539,0.04144350347142748
4.70996094,0.030548561837186235
4.71988249,0.024368657969024186
4.71994376,0.03997863736934462
4.72462726,0.034439612420843826
4.72469807,0.023865110246433202
4.73080611,0.0388189517051957
4.730865,0.03851377126726177
4.74461865,0.024673838406958113
4.74470806,0.03639276722362097
4.75159526,0.04260318913557641
4.75165415,0.027176317998016328
4.77468085,0.033493553063248645
4.77476192,0.044251163500419625
4.77480841,0.029724574654764628
4.7748518,0.02954146639200427
4.77489376,0.044251163500419625
4.79250336,0.03350881208514534
4.79253435,0.026947432669565882
4.79255867,0.04132143129625391
4.79258204,0.035416189822232394
4.80757642,0.02418554970626383
4.80760479,0.03761348897535668
4.83282876,0.03677424277103838
4.83285975,0.02255283436331731
4.83288407,0.033035782406347754
4.8329072,0.037750820172426945
4.85748053,0.02221713588158999
4.85750985,0.02851911192492561
4.85753369,0.039246204318303196
4.86450005,0.024536507209887846
4.86452675,0.02459754329747463
4.86856461,0.03884946974898909
4.88251185,0.027924010070954453
4.88256001,0.022842755779354542
4.88259125,0.03848325322346838
4.90557337,0.03138780804150454
4.9056015,0.02034027618829633
4.90562439,0.03546196688792248
4.91974187,0.035492484931715876
4.91980839,0.021164263370717938
4.91984034,0.03230334935530633
4.92292953,0.037964446478980694
4.92299104,0.022354467078660258
4.93093419,0.028854810406652935
4.93107271,0.03953612573434043
4.95457435,0.02481116960402838
4.95466399,0.025238422217135882
4.95954227,0.039291981383993285
4.95959544,0.02832074464026856
4.96876788,0.02316319523918517
4.96885371,0.03836118104829481
4.9689219,0.03210498207064927
4.97757816,0.021942473487449453
4.97764516,0.035828183413443196
4.99058914,0.03512626840619516
4.99064755,0.021713588158999007
4.99995422,0.032990005340657665
5.00008106,0.03773556115053025
5.02360821,0.02214084077210651
5.02367473,0.028931105516136417
5.02371192,0.03932249942778668
5.02374625,0.02511635004196231
5.03076482,0.025909819180590526
5.03083706,0.039841306172274354
5.03776908,0.0281528953994049
5.04559565,0.023422598611429007
5.04567218,0.03887998779278248
5.05451512,0.032227054245822846
5.05456376,0.021881437399862667
5.07859826,0.0362706950484474
5.0786767,0.03559929808499275
5.07872295,0.021728847180895704
5.07876515,0.033203631647211414
5.08853173,0.03842221713588159
5.08858085,0.02299534599832151
5.09768701,0.02951094834821088
5.09773564,0.040207522697795074
5.10271931,0.02520790417334249
5.11354685,0.026077668421454186
5.11361432,0.040039673456931414
5.13606811,0.02865644312199588
5.13618827,0.02413977264057374
5.13774848,0.03952086671244373
5.13779616,0.03268482490272374
5.14559531,0.02337682154573892
5.14566064,0.03904783703364614
5.15452814,0.03848325322346838
5.15457368,0.024078736552986955
5.16883087,0.036285954070344094
5.16895199,0.04107728694590677
5.16902709,0.025146868085755704
5.18351865,0.03210498207064927
5.18355632,0.041840238040741586
5.19956684,0.0268711375600824
5.19959283,0.027283131151293202
5.20556355,0.03997863736934462
5.20558715,0.027435721370260166
5.2105186,0.022964827954528116
5.21951914,0.038834210727092394
5.21956491,0.03192187380788891
5.22958541,0.02178988326848249
5.22966313,0.03651483939879454
5.22971964,0.034271763179980166
5.25456762,0.0196078431372549
5.25465655,0.0328374151216907
5.26854587,0.04180971999694819
5.26862502,0.030075532158388648
5.268682,0.04353398947127489
5.26873374,0.06073090714885176
5.27553868,0.05236896314946212
5.2755928,0.04589913786526284
5.28483987,0.0426489662012665
5.28490901,0.01803616388189517
5.2849493,0.011123826962691692
5.29850149,0.027878233005264364
5.3225677,0.030762188143739988
5.32265568,0.019729915312428473
5.32278109,0.03262378881513695
5.32446551,0.036911573968108645
5.32450294,0.021545738918135347
5.33383918,0.029312581063553826
5.33394074,0.03920042725261311
5.34257293,0.024048218509193562
5.34265089,0.025314717326619364
5.35559654,0.039581902800030516
5.35565972,0.027435721370260166
5.37960863,0.02294956893263142
5.3796978,0.03817807278553445
5.37974524,0.03048752574959945
5.37978721,0.023147936217288473
5.37982798,0.03784237430380712
5.3896153,0.03375295643549248
5.38967276,0.02128633554589151
5.39882708,0.035080491340505074
5.39894772,0.0392156862745098
5.40881133,0.023819333180743113
5.40892744,0.029953459983215077
5.43484831,0.04048218509193561
5.43496943,0.02784771496147097
5.43504477,0.029785610742351417
5.43511724,0.04327458609903105
5.43518829,0.031967650873579
5.44660401,0.027435721370260166
5.44668055,0.042633707179369804
5.45861602,0.036041809719996945
5.45868921,0.02571145189593347
5.46803594,0.04046692607003891
5.46815729,0.03927672236209659
5.49065518,0.02525368123903258
5.49076653,0.03735408560311284
5.49574208,0.04190127412832837
5.49581528,0.026672770275425344
5.50286055,0.03413443198290989
5.50296044,0.04422064545662623
5.50303769,0.028976882581826506
5.51564217,0.029098954757000077
5.51571727,0.041596093690394444
5.52057958,0.029312581063553826
5.52062678,0.024612802319371328
5.53504229,0.0392156862745098
5.53516221,0.03167772945754177
5.54864216,0.022247653925383384
5.54872727,0.0357976653696498
5.56289816,0.03308155947203784
5.56299782,0.020233463035019456
5.5630753,0.032867933165484094
5.56314588,0.03656061646448463
5.56321383,0.020355535210193027
5.57752919,0.029068436713206684
5.59482098,0.039581902800030516
5.5948689,0.02504005493247883
5.59996223,0.026504921034561684
5.60001826,0.03903257801174945
5.61449695,0.02720683604180972
5.61454535,0.023422598611429007
5.62750649,0.03825436789501793
5.62755036,0.03100633249408713
5.6275816,0.021820401312275882
5.62761092,0.0349736781872282
5.6410017,0.03341725795376516
5.64112854,0.022186617837796598
5.64120722,0.0324101625085832
5.65884447,0.035538261997405965
5.6588974,0.021499961852445258
5.67963195,0.029922941939421684
5.67971873,0.03968871595330739
5.69382811,0.025604638742656595
5.69387341,0.027069504844739453
5.70273161,0.03956664377813382
5.70281196,0.027954528114747846
5.7155745,0.0243076218814374
5.71563935,0.03778133821622034
5.71568608,0.030823224231326773
5.72622633,0.02276646066987106
5.72626925,0.03631647211413749
5.73392892,0.03459220263981079
5.73401904,0.02238498512245365
5.75138831,0.03247119859616999
5.75146699,0.03595025558861677
5.75150514,0.022613870450904097
5.75153852,0.029770351720454717
5.78557038,0.03817807278553445
5.78565693,0.025406271457999542
5.78752613,0.02827496757457847
5.78760505,0.03985656519417105
5.78766227,0.028091859311818113
5.78771377,0.023987182421606777
5.7877624,0.03732356755931945
5.78955746,0.030594338902876324
5.78962803,0.023041123064011598
5.80375695,0.035538261997405965
5.80384231,0.03425650415808347
5.82785177,0.02328526741435874
5.8279748,0.03329518577859159
5.82806182,0.03639276722362097
5.82813263,0.02397192339971008
5.8296504,0.031143663691157397
5.82969785,0.03927672236209659
5.83506775,0.0277103837644007
5.84361076,0.030182345311665523
5.84367061,0.04098573281452659
5.85787249,0.031189440756847486
5.85799479,0.027908751049057757
5.87063336,0.04029907682917525
5.87070704,0.03346303501945525
5.88453078,0.025467307545586328
5.88456774,0.03759822995345998
5.89003849,0.03488212405584802
5.89013863,0.023941405355916687
5.89705563,0.034195468070496685
5.89717722,0.03569085221637293
5.90953612,0.022339208056763562
5.90956545,0.029846646829938202
5.90958881,0.037628747997253374
5.92452788,0.02491798275730526
5.93969727,0.02742046234836347
5.939744,0.037537193865873196
5.94549274,0.02575722896162356
5.94553781,0.025482566567483024
5.95950818,0.045914396887159536
5.95956731,0.043762874799725335
5.95960045,0.04151979858091096
5.95963025,0.06047150377660792
5.96876287,0.056565194171053636
5.98152661,0.033203631647211414
5.98157978,0.028381780727855344
5.99547482,0.02371252002746624
5.99551606,0.012420843823910887
6.00878811,0.019836728465705347
6.00885248,0.03518730449378195
6.00889754,0.026153963530937668
6.00893927,0.023422598611429007
6.01854324,0.036789501792935074
6.01862264,0.03015182726787213
6.01867938,0.023056382085908295
6.03292108,0.03601129167620355
6.03296137,0.033112077515831236
6.0558908,0.02209506370641642
6.05602765,0.033615625238422216
6.0608952,0.036957351033798734
6.0610323,0.023529411764705882
6.06799626,0.03096055542839704
6.06813431,0.038330663004501414
6.08053708,0.02491798275730526
6.08059883,0.027359426260776684
6.08064938,0.03904783703364614
6.0855279,0.027389944304570077
6.08556199,0.025955596246280615
6.10950971,0.03904783703364614
6.10953522,0.03224231326771954
6.13384151,0.025146868085755704
6.13396311,0.03875791561760891
6.13403893,0.037033646143282216
6.13410878,0.025848783093003737
6.14858222,0.036285954070344094
6.14864445,0.03904783703364614
6.14868975,0.02673380636301213
6.14873171,0.034271763179980166
6.17265415,0.041840238040741586
6.17273045,0.029388876173037308
6.17277598,0.0324101625085832
6.17281938,0.04382391088731212
6.17909861,0.03268482490272374
6.19276166,0.02937361715114061
6.19288278,0.04231326771953918
6.19296074,0.03500419623102159
6.19303107,0.026855878538185704
6.19900227,0.03942931258106355
6.19912243,0.03643854428931106
6.21258712,0.024414435034714275
6.21265483,0.03492790112153811
6.22576404,0.03733882658121614
6.22583461,0.023773556115053024
6.24064016,0.031326771953917754
6.24071693,0.03813229571984436
6.24076247,0.024170290684367133
6.2408042,0.02703898680094606
6.24084496,0.03846799420157168
6.25482297,0.02673380636301213
6.25492477,0.02435339894712749
6.26862693,0.037872892347600516
6.26868844,0.02937361715114061
6.27450991,0.021881437399862667
6.27454925,0.035706111238269625
6.29868436,0.032608529793240255
6.29880166,0.021469443808651865
6.29887986,0.033371480888075074
6.29895139,0.035584039063096054
6.29902124,0.021942473487449453
6.31348276,0.03019760433356222
6.31351089,0.037201495384145876
6.32359338,0.022964827954528116
6.33577847,0.026703288319218737
6.33586574,0.03904783703364614
6.33589625,0.027237354085603113
6.3495276,0.02447547112230106
6.34955382,0.037872892347600516
6.36356783,0.0298619058518349
6.36359262,0.022674906538490882
6.3636148,0.03595025558861677
6.36363649,0.032532234683756774
6.37894464,0.021652552071412222
6.37899017,0.033203631647211414
6.38859272,0.03559929808499275
6.38864303,0.022919050888838024
6.40258932,0.030807965209430077
6.40267682,0.03772030212863355
6.41557527,0.023865110246433202
6.41563773,0.026947432669565882
6.42980695,0.038834210727092394
6.42994285,0.027008468757152668
6.43002009,0.0238803692683299
6.43009043,0.037033646143282216
6.43478751,0.02970931563286793
6.44853091,0.023254749370565347
6.44859505,0.036621652552071414
6.45379782,0.033234149691004806
6.45384812,0.022110322728313116
6.47790575,0.033539330128938734
6.47798228,0.03550774395361257
6.47802973,0.022705424582284275
6.47807193,0.030411230640115968
6.48562074,0.03788815136949721
6.48569274,0.024612802319371328
6.49995971,0.028503852903028915
6.50008225,0.03913939116502632
6.50157523,0.0268711375600824
6.51456499,0.025345235370412757
6.5146234,0.04013122758831159
6.52404237,0.03224231326771954
6.52416635,0.02504005493247883
6.53862,0.039337758449683374
6.53869486,0.03555352101930266
6.54559493,0.0247348744945449
6.54565406,0.03727779049362936
6.55057621,0.038117036697947665
6.55062723,0.023758297093156328
6.56958747,0.031784542610818645
6.56965232,0.037750820172426945
6.56968904,0.023468375677119097
6.59500289,0.027191577019913024
6.59512186,0.038406958113984896
6.60354066,0.026749065384908826
6.60357976,0.024444953078507668
6.6125257,0.03726253147173266
6.6125505,0.02865644312199588
6.6285634,0.02238498512245365
6.62858725,0.03685053788052186
6.62861061,0.03572137026016632
6.62863302,0.028992141603723202
6.63950682,0.04620431830319677
6.63957524,0.0549935149156939
6.63960004,0.04744029907682917
6.65382099,0.05262836652170596
6.65384626,0.04594491493095293
6.67751765,0.01782253757534142
6.67754316,0.015671015487907225
6.67756605,0.029739833676661324
6.67950463,0.021377889677271687
6.67954016,0.022247653925383384
6.68896151,0.03744563973449302
6.68907976,0.028747997253376057
6.689152,0.022064545662623027
6.69856071,0.0366674296177615
6.69858456,0.03312733653772793
6.72575259,0.021667811093308918
6.72588921,0.0340886549172198
6.73282576,0.03559929808499275
6.73296022,0.022232394903486687
6.73303986,0.031906614785992216
6.74553871,0.03877317463950561
6.74760056,0.023758297093156328
6.74768114,0.027924010070954453
6.74773836,0.03936827649347677
6.75352407,0.027435721370260166
6.76761627,0.02627603570611124
6.76769161,0.03904783703364614
6.77710652,0.029617761501487753
6.78997493,0.024444953078507668
6.79009819,0.039627679865720605
6.79880333,0.03555352101930266
6.79892778,0.024490730144197757
6.79900384,0.03755245288776989
6.79907393,0.03860532539864195
6.8085711,0.02491798275730526
6.80865049,0.034607461661707486
6.82298899,0.04122987716487373
6.82309246,0.028885328450446328
6.83563232,0.03413443198290989
6.83570766,0.04409857328145266
6.84457111,0.030945296406500344
6.85877466,0.03010605020218204
6.85887504,0.04423590447852293
6.85895252,0.03546196688792248
6.8590219,0.028366521705958648
6.86863208,0.04214541847867552
6.8687079,0.037125200274662394
6.87758398,0.025223163195239186
6.87764502,0.037369344625009536
6.89120245,0.03805600061036087
6.89135003,0.02406347753109026
6.9045949,0.03271534294651713
6.90467191,0.038498512245365074
6.90471911,0.024292362859540704
6.9186306,0.02873273823147936
6.91871643,0.039246204318303196
6.91879344,0.025986114290074008
6.91886592,0.024963759822995348
6.93353701,0.03801022354467078
6.93357086,0.028595407034409093
6.9442606,0.022034027618829635
6.94429755,0.03688105592431525
6.95756483,0.03312733653772793
6.95758915,0.022323949034866866
6.96950388,0.03434805828946365
6.9695313,0.03517204547188525
6.96955442,0.022064545662623027
6.9785223,0.0315556572823682
6.99252439,0.03778133821622034
6.99259639,0.02366674296177615
6.99264121,0.028503852903028915
6.99948549,0.039078355077439536
6.99951887,0.026077668421454186
7.02351427,0.024963759822995348
7.02354288,0.03903257801174945
7.02356696,0.029739833676661324
7.02359033,0.02294956893263142
7.03849769,0.03694209201190204
7.03852344,0.03230334935530633
7.04448318,0.02230869001297017
7.04451799,0.03595025558861677
7.06559253,0.035706111238269625
7.0657084,0.0208896009765774
7.07598114,0.031906614785992216
7.07604957,0.0392309452964065
7.09879494,0.024673838406958113
7.09894037,0.028854810406652935
7.09901547,0.038956282902265965
7.09909177,0.026047150377660793
7.11353064,0.02627603570611124
7.1135993,0.04007019150072481
7.11364317,0.030167086289768826
7.12264919,0.023422598611429007
7.12270331,0.03744563973449302
7.1227448,0.032486457618066684
7.12278438,0.023132677195391776
7.13280654,0.03643854428931106
7.13292742,0.03613336385137713
7.15579391,0.021774624246585793
7.15589666,0.031494621194781414
7.15774536,0.03826962691691463
7.1578455,0.023941405355916687
7.17487621,0.02896162355992981
7.17495346,0.0400854505226215
7.174999,0.02784771496147097
7.17770481,0.02818341344319829
7.1777637,0.04202334630350195
7.19088984,0.03205920500495918
7.19098997,0.02613870450904097
7.19984865,0.04097047379262989
7.19993949,0.03546196688792248
7.22386336,0.024155031662470437
7.22398496,0.037369344625009536
7.22406054,0.03767452506294346
7.2241292,0.023147936217288473
7.23001814,0.032486457618066684
7.23014188,0.03799496452277409
7.23567915,0.023025864042114902
7.24990535,0.027695124742504004
7.24997783,0.03842221713588159
7.25488973,0.02571145189593347
7.25498915,0.02597085526817731
7.27957821,0.03904783703364614
7.27964115,0.027450980392156862
7.27967811,0.02307164110780499
7.27971292,0.04383916990920882
7.28857827,0.04240482185091936
7.28863716,0.03735408560311284
7.30273271,0.05902189669642176
7.30280018,0.06022735942626078
7.30283737,0.03961242084382391
7.31361485,0.03192187380788891
7.31365752,0.026245517662317846
7.33558345,0.01138323033493553
7.33561802,0.016937514305333027
7.33564329,0.03543144884412909
7.33568335,0.027618829633020522
7.34620023,0.022186617837796598
7.3462348,0.036408026245517665
7.35305619,0.031143663691157397
7.35312748,0.021393148699168384
7.36704159,0.03463797970550088
7.36716199,0.03445487144274052
7.36723685,0.020416571297779813
7.38055968,0.031036850537880523
7.39465284,0.03826962691691463
7.39473295,0.024368657969024186
7.40912962,0.029556725413900968
7.40919995,0.03936827649347677
7.41357374,0.023819333180743113
7.41363859,0.023941405355916687
7.41985416,0.04057373922331579
7.41992664,0.030502784771496146
7.43403339,0.023636224917982757
7.43417382,0.040039673456931414
7.43425274,0.03500419623102159
7.45591331,0.02281223773556115
7.45602489,0.036621652552071414
7.46959639,0.03714045929655909
7.4696846,0.024979018844892044
7.46974039,0.035156786449988556
7.46977997,0.04013122758831159
7.49471211,0.026550698100251773
7.4948504,0.03205920500495918
7.49492931,0.04335088120851453
7.49500012,0.031204699778744183
7.49791408,0.031021591515983826
7.49805188,0.04180971999694819
7.49812794,0.03189135576409552
7.52072692,0.02613870450904097
7.52084565,0.03961242084382391
7.52257824,0.03576714732585641
7.52262664,0.025696192874036773
7.53561926,0.03739986266880293
7.53569674,0.03765926604104677
7.54297924,0.025879301136797133
7.54304051,0.03280689707789731
7.55577183,0.034409094377050434
7.55587339,0.022980086976424813
7.56498814,0.027862973983367668
7.56510901,0.036575875486381325
7.58180833,0.024536507209887846
7.59288931,0.023819333180743113
7.59294701,0.03533989471274891
7.59560156,0.02801556420233463
7.59564543,0.023132677195391776
7.60061598,0.034409094377050434
7.60065722,0.027969787136644542
7.61096501,0.019348439765011063
7.61100698,0.031189440756847486
7.61945105,0.03108262760357061
7.61948776,0.020660715648126955
7.64253688,0.03031967650873579
7.64258528,0.03459220263981079
7.64261651,0.021484702830548562
7.64750767,0.02822919050888838
7.64754057,0.038620584420538645
7.66063333,0.024368657969024186
7.66068721,0.02435339894712749
7.66071987,0.03700312809948882
7.66074872,0.026626993209735255
7.67549515,0.02136263065537499
7.675524,0.03659113450827802
7.68948221,0.029388876173037308
7.68950844,0.01794460975051499
7.70552373,0.03405813687342641
7.7055819,0.03533989471274891
7.70909524,0.021087968261234456
7.71994305,0.030899519340810255
7.71996927,0.03743038071259632
7.72249889,0.024124513618677044
7.73559141,0.03048752574959945
7.73567891,0.04058899824521248
7.7357173,0.025101091020065615
7.74258924,0.024200808728160526
7.74262953,0.03735408560311284
7.75551891,0.026047150377660793
7.76960659,0.022110322728313116
7.76968002,0.03909361409933623
7.76971483,0.0336919203479057
7.78135705,0.022110322728313116
7.78140378,0.033783474479285876
7.79274964,0.03314259555962463
7.79282236,0.02209506370641642
7.79888988,0.03268482490272374
7.79899979,0.037247272449835965
7.82273698,0.021164263370717938
7.82282066,0.02594033722438392
7.82893944,0.03904783703364614
7.82904077,0.027649347676813915
7.83455324,0.029571984435797664
7.83461857,0.04357976653696498
7.83468866,0.033157854581521325
7.84491944,0.025024795910582133
7.84496379,0.04055848020141909
7.85771132,0.03723201342793927
7.85775161,0.026031891355764097
7.87253404,0.037125200274662394
7.872612,0.035706111238269625
7.89483643,0.020996414129854278
7.89493632,0.02993820096131838
7.90909505,0.03527885862516213
7.90917182,0.021728847180895704
7.90921879,0.02758831158922713
7.90926099,0.03973449301899748
7.91450882,0.02827496757457847
7.92384195,0.02594033722438392
7.9239192,0.03810177767605097
7.92396259,0.028885328450446328
7.92400289,0.02435339894712749
7.95205903,0.04194705119401846
7.95211673,0.041931792172121764
7.95214844,0.03567559319447623
7.95217705,0.05403219653620203
7.96069884,0.06042572671091783
7.96080494,0.04312199588006409
7.97186565,0.0349584191653315
7.97194004,0.027435721370260166
7.97197962,0.012741283283741512
7.98585415,0.017303730830853743
7.98590374,0.0332494087129015
7.9859345,0.025803006027313648
7.98596358,0.020065613794155796
8.0088284,0.033875028610666054
8.0088923,0.03213550011444266
8.01426411,0.023010605020218206
8.01431918,0.03504997329671168
8.01990628,0.03463797970550088
8.01994514,0.02128633554589151
8.03379011,0.029831387808041506
8.03392005,0.03918516823071641
8.03400922,0.02758831158922713
8.04419208,0.029327840085450523
8.04423809,0.038452735179674985
8.06777787,0.027405203326466773
8.06791949,0.026001373311970704
8.067981,0.03639276722362097
8.06803226,0.02963302052338445
8.07755041,0.02401770046540017
8.07758188,0.03373769741359579
8.08551526,0.032776379034103915
8.08554816,0.02618448157473106
8.10046101,0.03421072709239338
8.10048628,0.03714045929655909
8.10050917,0.02868696116578927
8.11348701,0.03213550011444266
8.11351418,0.036530098420691236
8.13748574,0.028534370946822308
8.13751125,0.031036850537880523
8.13753438,0.03846799420157168
8.13755679,0.02839703974975204
8.14748025,0.024582284275577935
8.14750814,0.03717097734035248
8.15347505,0.03718623636224918
8.16588426,0.03181506065461204
8.1660223,0.03782711528191043
8.16753817,0.03381399252307927
8.19085765,0.026596475165941862
8.19096899,0.03704890516517891
8.1926775,0.03805600061036087
8.1927259,0.02494850080109865
8.19902563,0.03163195239185168
8.19914842,0.03646906233310445
8.20830941,0.02255283436331731
8.20837307,0.02589456015869383
8.22093058,0.03743038071259632
8.22105169,0.026657511253528648
8.2346344,0.022751201647974364
8.23472571,0.03308155947203784
8.24764848,0.026932173647669186
8.26066732,0.022110322728313116
8.2607336,0.03521782253757534
8.26076961,0.033325703822384985
8.26080298,0.023804074158846417
8.26283264,0.031906614785992216
8.26295519,0.03276112001220722
8.27558541,0.02247653925383383
8.27565718,0.029022659647516595
8.28463793,0.03466849774929427
8.28471255,0.02545204852368963
8.30259967,0.026749065384908826
8.30266547,0.03308155947203784
8.30270195,0.023559929808499275
8.31590343,0.023819333180743113
8.31599188,0.035919737544823374
8.32087326,0.02946517128252079
8.32097483,0.023819333180743113
8.34571624,0.032776379034103915
8.34579206,0.030716411078049895
8.34583783,0.02178988326848249
8.34588075,0.031570916304264895
8.36203027,0.0340886549172198
8.36215305,0.02459754329747463
8.37462187,0.029358358129243915
8.37470841,0.03300526436255436
8.3747642,0.022034027618829635
8.37481904,0.024414435034714275
8.37487102,0.03459220263981079
8.38950729,0.026764324406805522
8.38953853,0.024383916990920882
8.39853573,0.03468375677119097
8.39855957,0.03131151293202106
8.40749192,0.025604638742656595
8.4075191,0.033661402304112305
8.43050361,0.031097886625467308
8.43052912,0.021759365224689096
8.44348335,0.02958724345769436
8.44350863,0.032654306858930345
8.44353199,0.022964827954528116
8.46764946,0.02896162355992981
8.46773076,0.03715571831845579
8.46777511,0.02801556420233463
8.46781611,0.029602502479591057
8.48051643,0.037201495384145876
8.48055196,0.028885328450446328
8.48950911,0.027512016479743648
8.48953342,0.03863584344243534
8.48955607,0.03276112001220722
8.48957896,0.024460212100404364
8.5055759,0.033279926756694896
8.50563645,0.03317311360341802
8.50748825,0.024612802319371328
8.50751615,0.029785610742351417
8.52073479,0.031998168917372394
8.5208447,0.024338139925230793
8.53468275,0.02839703974975204
8.53478456,0.028458075837338826
8.5489471,0.019470511940184634
8.54902101,0.028290226596475166
8.563025,0.03935301747158007
8.56314659,0.02511635004196231
8.5696187,0.01872281986724651
8.56970143,0.03396658274204623
8.56975675,0.03611810482948043
8.58259654,0.03846799420157168
8.58267045,0.05334554055085069
8.58762264,0.0550087739375906
8.58768368,0.041092545967803464
8.59966993,0.030563820859082932
8.59974027,0.02128633554589151
8.61356473,0.011352712291142137
8.61363029,0.01901274128328374
8.62798738,0.03442435339894713
8.62812352,0.029571984435797664
8.63659787,0.024048218509193562
8.63669205,0.029785610742351417
8.63674045,0.02328526741435874
8.64456654,0.019623102159151598
8.64461541,0.030457007705806057
8.65901852,0.03219653620202945
8.65914106,0.02703898680094606
8.67258811,0.03338673990997177
8.67267799,0.033997100785839625
8.68590593,0.026077668421454186
8.68599129,0.031204699778744183
8.69503045,0.031570916304264895
8.69515491,0.022415503166247044
8.70065451,0.024444953078507668
8.70075345,0.0345464255741207
8.70081043,0.03137254901960784
8.71257496,0.02754253452353704
8.71263504,0.03822384985122454
8.7259984,0.03347829404135195
8.72612023,0.02975509269855802
8.74960399,0.03825436789501793
8.74969339,0.032867933165484094
8.74974918,0.023514152742809186
8.74980021,0.03421072709239338
8.75256705,0.037369344625009536
8.75263882,0.027023727779049364
8.76584411,0.03280689707789731
8.76596284,0.040833142595559625
8.76780176,0.03192187380788891
8.77561474,0.036041809719996945
8.77568126,0.03976501106279087
8.79962468,0.028992141603723202
8.79965043,0.029739833676661324
8.79967284,0.043091477836270695
8.79969478,0.0383916990920882
8.81149054,0.030563820859082932
8.8115201,0.03689631494621195
8.81849813,0.03274586099031052
8.83277941,0.025650415808346684
8.83291483,0.035416189822232394
8.83299446,0.03773556115053025
8.83306503,0.025955596246280615
8.85750628,0.030930037384603648
8.85753536,0.035492484931715876
8.87056708,0.02264438849469749
8.87058997,0.025467307545586328
8.87061191,0.03402761882963302
8.88451171,0.025650415808346684
8.88455486,0.027512016479743648
8.89899707,0.038162813763637754
8.8991375,0.027176317998016328
8.9049983,0.023132677195391776
8.90514088,0.03694209201190204
8.92260623,0.03125047684443427
8.92869067,0.02238498512245365
8.92880058,0.033615625238422216
8.94258738,0.0345464255741207
8.94268537,0.023300526436255437
8.95075297,0.031036850537880523
8.95081377,0.036087586785687034
8.95086026,0.02320897230487526
8.95090222,0.0281528953994049
8.95765233,0.039459830624856945
8.95773268,0.028717479209582664
8.96586919,0.023941405355916687
8.96599317,0.03784237430380712
8.96756744,0.03108262760357061
8.98056293,0.024414435034714275
8.98063946,0.03588921950102998
8.99461222,0.03405813687342641
8.99468732,0.020462348363469902
9.00406408,0.03096055542839704
9.00418878,0.0354009308003357
9.00855112,0.024444953078507668
9.00861907,0.03039597161821927
9.02762961,0.03485160601205463
9.0277741,0.023392080567635615
9.02786279,0.028809033340962846
9.02793384,0.03904783703364614
9.03599954,0.02749675745784695
9.05861831,0.02578774700541695
9.058707,0.03602655069810025
9.05876231,0.028625925078202486
9.05881238,0.026001373311970704
9.06566882,0.03869687953002213
9.06576753,0.032394903486686506
9.07457876,0.021637293049515526
9.07465553,0.03201342793926909
9.08858776,0.03393606469825284
9.08864784,0.026459143968871595
9.10293913,0.038742656595712216
9.10305977,0.04119935912108034
9.11058903,0.02442969405661097
9.12465787,0.028076600289921417
9.12475777,0.040543221179522394
9.12483406,0.03170824750133516
9.12490368,0.030579079880979628
9.13492966,0.041046768902113374
9.13505173,0.030930037384603648
9.14462662,0.023361562523842222
9.14470601,0.03445487144274052
9.15266037,0.02951094834821088
9.15270805,0.022796978713664453
9.17565203,0.035584039063096054
9.17571807,0.0349584191653315
9.17575765,0.023224231326771955
9.17756176,0.03125047684443427
9.1906023,0.03555352101930266
9.1906786,0.023987182421606777
9.19801211,0.03175402456702525
9.19818711,0.04428168154421302
9.20964503,0.04077210650797284
9.20973396,0.048218509193560695
9.23382974,0.061036087586785685
9.23396754,0.04937819485770962
9.23404384,0.029602502479591057
9.24250889,0.02981612878614481
9.2425642,0.01892118715190356
9.24259472,0.011779964904249637
9.26703954,0.026428625925078202
9.26715994,0.03634699015793088
9.26723456,0.023987182421606777
9.26730061,0.02652018005645838
9.26740932,0.03517204547188525
9.26746345,0.023773556115053024
9.28057027,0.024826428625925077
9.28064156,0.03822384985122454
9.30485964,0.029053177691309988
9.30497837,0.02392614633401999
9.30505538,0.036789501792935074
9.305125,0.031143663691157397
9.31955385,0.020996414129854278
9.31962681,0.03179980163271534
9.32753277,0.03230334935530633
9.32758546,0.025574120698863202
9.32762814,0.03504997329671168
9.32766819,0.03785763332570382
9.35258698,0.02589456015869383
9.35267329,0.02851911192492561
9.36074471,0.03442435339894713
9.3608532,0.027191577019913024
9.36577153,0.02912947280079347
9.36587143,0.03904783703364614
9.36594725,0.02925154497596704
9.38160181,0.02652018005645838
9.38168764,0.03732356755931945
9.38859034,0.03480582894636454
9.38865089,0.026153963530937668
9.40302634,0.03564507515068284
9.4031508,0.03897154192416266
9.41556931,0.027344167238879988
9.41563463,0.03682001983672847
9.4246192,0.04077210650797284
9.42469192,0.02545204852368963
9.43203568,0.031189440756847486
9.43215728,0.04069581139848936
9.43803644,0.02801556420233463
9.44553351,0.028534370946822308
9.44559336,0.038834210727092394
9.45955062,0.02652018005645838
9.45961928,0.019897764553292133
9.47355032,0.0311284046692607
9.47361994,0.027267872129396506
9.48760295,0.02247653925383383
9.48767614,0.03649958037689784
9.4877305,0.03205920500495918
9.487782,0.019043259327077136
9.50285363,0.031158922713054094
9.5029757,0.03204394598306248
9.5030508,0.01722743572137026
9.51262093,0.029221026932173648
9.51270819,0.03865110246433204
9.5311656,0.023422598611429007
9.5312891,0.025101091020065615
9.53898144,0.03701838712138552
9.53907585,0.022781719691767757
9.55259585,0.01872281986724651
9.55265832,0.0358129243915465
9.5527041,0.028030823224231328
9.55274677,0.018188754100862136
9.56786513,0.03396658274204623
9.56798697,0.0341039139391165
9.56806135,0.02285801480125124
9.59294438,0.03279163805600061
9.59297562,0.03584344243533989
9.5929997,0.022964827954528116
9.59302235,0.02775616083009079
9.60532141,0.034699015793087665
9.6053586,0.02456702525368124
9.60931802,0.026321812771801328
9.60934663,0.03512626840619516
9.62553668,0.02606240939955749
9.62556338,0.023804074158846417
9.6290071,0.03717097734035248
9.62903142,0.031784542610818645
9.65485549,0.02485694666971847
9.65491939,0.03530937666895552
9.66397905,0.03204394598306248
9.66411853,0.02255283436331731
9.66864347,0.03347829404135195
9.66872072,0.03717097734035248
9.67791533,0.023758297093156328
9.67798686,0.03100633249408713
9.68554783,0.03851377126726177
9.685606,0.02442969405661097
9.70961118,0.02725261310749981
9.70968962,0.04055848020141909
9.7185843,0.029617761501487753
9.7349875,0.023865110246433202
9.73511219,0.038162813763637754
9.73519039,0.03292896925307088
9.73526168,0.026245517662317846
9.74860787,0.03927672236209659
9.74868298,0.03535515373464561
9.75483537,0.023849851224536506
9.75489497,0.03747615777828641
9.76898265,0.03904783703364614
9.76910686,0.024979018844892044
9.77462626,0.03485160601205463
9.77469277,0.038452735179674985
9.78077745,0.02136263065537499
9.79487419,0.024979018844892044
9.79494715,0.040924696726939803
9.79500222,0.02827496757457847
9.7950542,0.022232394903486687
9.80412197,0.038284885938811325
9.80424428,0.03158617532616159
9.80856395,0.020538643472953384
9.8086288,0.03091477836270695
9.82270312,0.03300526436255436
9.82282186,0.026581216144045166
9.83097243,0.04339665827420462
9.8310945,0.05221637293049516
9.85062408,0.04286259250782025
9.86286664,0.050141145952544444
9.862988,0.04777599755855649
9.86306286,0.019424734874494545
9.86312222,0.013275349050125887
9.86318946,0.025696192874036773
9.86325574,0.023422598611429007
9.87791777,0.01556420233463035
9.87799382,0.03036545357442588
9.88559508,0.03100633249408713
9.88565063,0.02021820401312276
9.909621,0.030594338902876324
9.90971351,0.03317311360341802
9.90975928,0.018402380407415885
9.91958356,0.024628061341268024
9.91964149,0.031616693369954985
9.92457342,0.0187533379110399
9.92461753,0.02221713588158999
9.93352485,0.03768978408484016
9.93356156,0.027832455939574275
9.94250703,0.02383459220263981
9.94253159,0.035156786449988556
9.95350075,0.027618829633020522
9.95352721,0.023041123064011598
9.97450638,0.03901731898985275
9.97453332,0.03584344243533989
9.97455692,0.022232394903486687
9.98417926,0.033157854581521325
9.98851657,0.03799496452277409
9.98856235,0.025803006027313648
9.99818921,0.03335622186617838
9.99829888,0.04005493247882811
9.99837399,0.027191577019913024
10.0104897,0.03088426031891356
10.02617073,0.042252231631952394
10.02621722,0.03131151293202106
10.03948689,0.02630655374990463
10.03952718,0.0405279621576257
10.03955436,0.034439612420843826
10.03957939,0.028900587472343024
10.04930472,0.043045700770580606
10.05754399,0.040207522697795074
10.05759048,0.027237354085603113
10.06563616,0.03646906233310445
10.06574535,0.036865796902418556
10.07456064,0.02413977264057374
10.0746479,0.03646906233310445
10.0987587,0.040787365529869536
10.09884238,0.024704356450751506
10.11450148,0.027786678873884182
10.11455202,0.043091477836270695
10.11458635,0.028030823224231328
10.12550259,0.02214084077210651
10.12554574,0.03630121309224079
10.13496852,0.03146410315098802
10.13509107,0.023437857633325704
10.13516951,0.03633173113603418
10.13523984,0.031662470435645074
10.14359546,0.020157167925535974
10.1436727,0.030731670099946592
10.15752625,0.03445487144274052
10.15756845,0.021667811093308918
10.17072248,0.027023727779049364
10.17082191,0.03564507515068284
10.17086935,0.02299534599832151
10.18052721,0.025879301136797133
10.18058944,0.040115968566414896
10.18951702,0.0294193942168307
10.18955755,0.02423132677195392
10.19884825,0.036697947661554896
10.19896793,0.030731670099946592
10.20961189,0.02357518883039597
10.20968819,0.03782711528191043
10.23070312,0.0357976653696498
10.23080444,0.02191195544365606
10.23250175,0.03413443198290989
10.23253107,0.039963378347447925
10.2325561,0.025574120698863202
10.24875212,0.030594338902876324
10.24882388,0.037125200274662394
10.25586653,0.024902723735408562
10.25590754,0.02810711833371481
10.26980853,0.04014648661020829
10.26993012,0.029358358129243915
10.28356218,0.02732890821698329
10.28363299,0.03978027008468757
10.30039144,0.03164721141374838
10.30044246,0.025986114290074008
10.30047512,0.03822384985122454
10.30050445,0.033707179369802394
10.30053544,0.026031891355764097
10.31251574,0.036575875486381325
10.31254435,0.03643854428931106
10.32051134,0.021011673151750974
10.32053638,0.03126573586633097
10.3449173,0.042420080872816054
10.34505153,0.028168154421301595
10.35847974,0.03015182726787213
10.35851002,0.04290836957351034
10.35853457,0.02963302052338445
10.35855842,0.029114213778896773
10.37449622,0.043595025558861675
10.37452173,0.03314259555962463
10.37454486,0.023895628290226595
10.3785603,0.03822384985122454
10.37858319,0.035873960479133285
10.40249968,0.025101091020065615
10.41852236,0.037415121690699625
10.41860437,0.038452735179674985
10.41864014,0.025345235370412757
10.41867256,0.03259327077134356
10.41870332,0.039246204318303196
10.43082786,0.02354467078660258
10.43085361,0.024979018844892044
10.43087649,0.03981078812848096
10.43089962,0.028992141603723202
10.44680667,0.02439917601281758
10.44697905,0.03706416418707561
10.45463347,0.03279163805600061
10.45470095,0.031738765545128556
10.47874069,0.0498970016021973
10.47883916,0.052262149996185246
10.47888827,0.04948500801098649
10.47893095,0.06089875638971542
10.48863482,0.05191119249256123
10.48871183,0.020996414129854278
10.49830651,0.018738078889143205
10.49835491,0.027908751049057757
10.50304198,0.020279240100709545
10.51288342,0.026047150377660793
10.51303101,0.03559929808499275
10.52630472,0.02354467078660258
10.52635527,0.023987182421606777
10.55237317,0.03915465018692302
10.55246067,0.031158922713054094
10.55250812,0.021560997940032044
10.55255032,0.03643854428931106
10.55259156,0.03288319218738079
10.55263186,0.024216067750057222
10.56775331,0.03437857633325704
10.56789112,0.033234149691004806
10.56794953,0.021606775005722133
10.59262609,0.03274586099031052
10.59272647,0.03968871595330739
10.59278655,0.02545204852368963
10.59284401,0.02737468528267338
10.60263944,0.03743038071259632
10.60271239,0.025177386129549097
10.60876274,0.024444953078507668
10.60883474,0.03976501106279087
10.62264085,0.029831387808041506
10.62272739,0.02186617837796597
10.63076496,0.03901731898985275
10.63083839,0.035416189822232394
10.63982272,0.02169832913710231
10.66551661,0.03358510719462882
10.66555071,0.03813229571984436
10.66747427,0.023651483939879453
10.6675005,0.03230334935530633
10.66752338,0.04165712977798123
10.67792821,0.029480430304417486
10.67806482,0.029922941939421684
10.67814279,0.03935301747158007
10.68601537,0.027313649195086595
10.69968104,0.027771419851987486
10.69979072,0.04231326771953918
10.71379328,0.028290226596475166
10.7223177,0.020584420538643473
10.72237301,0.04074158846417945
10.73278022,0.033875028610666054
10.73285365,0.015060654612039369
10.73290896,0.026031891355764097
10.73296118,0.036453803311207754
10.74259663,0.0196078431372549
10.74267554,0.02504005493247883
10.7535522,0.03854428931105516
10.75364828,0.023193713282978562
10.77098727,0.021271076523994813
10.77112341,0.03714045929655909
10.7712028,0.024719615472648202
10.77977562,0.017471580071717403
10.77999306,0.03588921950102998
10.78888702,0.03189135576409552
10.78896117,0.01715114061188678
10.80302405,0.030121309224078737
10.80314732,0.03297474631876097
10.80784583,0.018493934538796063
10.80793691,0.028030823224231328
10.83095741,0.0357976653696498
10.83104753,0.02050812542915999
10.83780289,0.024155031662470437
10.83787823,0.03665217059586481
10.83793569,0.022827496757457846
10.85360622,0.021927214465552756
10.85369635,0.03772030212863355
10.85375142,0.026153963530937668
10.85380292,0.01924162661173419
10.86562634,0.03743038071259632
10.86570144,0.03170824750133516
10.87985802,0.018020904859998473
10.88004303,0.032532234683756774
10.88861632,0.03480582894636454
10.88868928,0.01977569237811856
10.90784621,0.03039597161821927
10.90792775,0.03939879453727016
10.90798974,0.02357518883039597
10.91304159,0.024582284275577935
10.91316366,0.03564507515068284
10.92178297,0.022247653925383384
10.92184901,0.022110322728313116
10.93495727,0.03808651865415427
10.93505406,0.02877851529716945
10.94762015,0.021759365224689096
10.94770217,0.03772030212863355
10.96903896,0.03347829404135195
10.9691596,0.02059967956054017
10.9692378,0.03485160601205463
10.96930981,0.035156786449988556
10.97101378,0.021255817502098116
10.98462987,0.030823224231326773
10.9847095,0.03671320668345159
10.98475623,0.023254749370565347
10.98480153,0.03228809033340963
11.00986028,0.056900892652780956
11.00998068,0.04783703364614328
11.01005554,0.050049591821164266
11.01012468,0.06121919584954604
11.02467513,0.05961699855039292
11.02475119,0.05398641947051194
11.02479768,0.06117341878385595
11.0248394,0.06068513008316167
11.03458524,0.06050202182040131
11.04963708,0.061249713893339434
11.04966712,0.06121919584954604
11.05472636,0.060914015411612114
11.05475974,0.06118867780575265
11.07159543,0.061158159761959256
11.07162023,0.06071564812695506
11.08250809,0.061158159761959256
11.08253551,0.06117341878385595
11.09051514,0.0567025253681239
11.09055686,0.05683985656519417
11.09751081,0.06109712367437247
11.10372949,0.054810406652933547
11.11332679,0.053147173266193636
11.11349463,0.06121919584954604
11.14123416,0.06109712367437247
11.14137006,0.06118867780575265
11.14147544,0.06131074998092622
11.14956474,0.061295490959029524
11.14960361,0.06118867780575265
11.14963841,0.06117341878385595
11.17382693,0.05654993514915694
11.17396331,0.03150988021667811
11.17989922,0.0392309452964065
11.18007636,0.05151445792324712
11.18013883,0.0332646677347982
11.18860269,0.03405813687342641
11.18868661,0.052018005645838104
11.19763422,0.037628747997253374
11.19770312,0.030548561837186235
11.2125423,0.04948500801098649
11.21264124,0.039749752040894176
11.22451472,0.02366674296177615
11.22457242,0.040787365529869536
11.22460532,0.04269474326695659
11.2246356,0.022903791866941327
11.23458552,0.03079270618753338
11.2346549,0.040497444113832305
11.23470831,0.026367589837491417
11.24953318,0.03347829404135195
11.24960423,0.042969405661097124
11.24965882,0.02285801480125124
11.24970818,0.0251621271076524
11.27484918,0.044846265354390784
11.27497077,0.02981612878614481
11.27504611,0.02264438849469749
11.27511454,0.043091477836270695
11.28958702,0.034576943617914094
11.28964853,0.01765468833447776
11.29454374,0.03897154192416266
11.2945962,0.04303044174868391
11.3036778,0.02583352407110704
11.31307387,0.03918516823071641
11.31324887,0.04737926298924239
11.3360064,0.030334935530632486
11.33610797,0.03848325322346838
11.33799767,0.05322346837567712
11.33806014,0.03555352101930266
11.34297824,0.03605706874189364
11.3431015,0.05232318608377203
11.35725927,0.03279163805600061
11.35733628,0.027344167238879988
11.36283541,0.049881742580300606
11.36289215,0.04040588998245213
11.3688271,0.023956664377813384
11.38149476,0.03756771190966659
11.38152575,0.0354009308003357
11.39451694,0.020401312275883116
11.3945446,0.03585870145723659
11.39852357,0.03961242084382391
11.39854765,0.02038605325398642
11.41290283,0.024551766231784542
11.41293836,0.03930724040588998
11.41853309,0.023483634699015793
11.4185729,0.022873273823147935
11.43051577,0.039002059967956054
11.43054414,0.022491798275730526
11.44456673,0.014679179064621958
11.45852017,0.03268482490272374
11.45854926,0.036957351033798734
11.45857286,0.01943999389639124
11.45859742,0.030853742275120166
11.47556877,0.03601129167620355
11.47559285,0.020187685969329367
11.4775703,0.026489662012664988
11.49064064,0.03935301747158007
11.49069262,0.021301594567788205
11.49761248,0.023559929808499275
11.49769115,0.04075684748607614
11.51199102,0.024750133516441595
11.52458405,0.01710536354619669
11.52465224,0.03677424277103838
11.5246985,0.028336003662165255
11.52474046,0.016266117341878387
11.5346303,0.035324635690852216
11.53470945,0.034912642099641414
11.54398012,0.01637293049515526
11.54411697,0.028168154421301595
11.55756545,0.03504997329671168
11.55765319,0.018951705195696954
11.55772305,0.027283131151293202
11.58552265,0.039719233997100784
11.58555365,0.020920119020370793
11.59257293,0.020645456626230258
11.59264588,0.03978027008468757
11.60111332,0.024490730144197757
11.60122395,0.014450293736171512
11.61468005,0.02981612878614481
11.61474991,0.03158617532616159
11.61478829,0.017059586480506598
11.61482215,0.027862973983367668
11.6285789,0.03877317463950561
11.6286366,0.02349889372091249
11.64274311,0.032440680552376595
11.64280415,0.039002059967956054
11.6428504,0.023651483939879453
11.65694141,0.019165331502250707
11.65703082,0.03083848325322347
11.65709257,0.024628061341268024
11.65713525,0.02668802929732204
11.66569042,0.04351873044937819
11.66577673,0.03338673990997177
11.67481089,0.024109254596780347
11.6749289,0.03442435339894713
11.69873619,0.039719233997100784
11.69885588,0.02554360265506981
11.69892788,0.036362249179827576
11.69897318,0.04652475776302739
11.69901395,0.03002975509269856
11.71381855,0.025635156786449988
11.71393108,0.03463797970550088
11.72260284,0.025558861676966506
11.72267079,0.028137636377508202
11.73583961,0.043213550011444266
11.73593855,0.027176317998016328
11.75161171,0.02456702525368124
11.75169802,0.044373235675593196
11.76360583,0.037079423208972305
11.7636795,0.024612802319371328
11.77305317,0.04504463263904784
11.77317262,0.051804379339284355
11.77325177,0.04046692607003891
11.78485656,0.05633630884260319
11.78497815,0.06117341878385595
11.78505516,0.06063935301747158
11.78512764,0.06001373311970703
11.80954409,0.053315022507057296
11.80957627,0.025314717326619364
11.81656265,0.0264438849469749
11.82784009,0.05194171053635462
11.82788706,0.04373235675593194
11.82791948,0.03894102388036927
11.82795095,0.05717555504692149
11.827981,0.05195696955825132
11.835536,0.04031433585107195
11.84452581,0.06039520866712444
11.86141276,0.057862211032272834
11.86147785,0.04399176012817579
11.86150432,0.05818265049210346
11.86755085,0.06062409399557488
11.86757874,0.04878309300373846
11.89052153,0.06073090714885176
11.89351511,0.06106660563057908
11.89356065,0.05996795605401694
11.89359474,0.06105134660868238
11.89362502,0.061158159761959256
11.9037199,0.06073090714885176
11.91294003,0.06106660563057908
11.91305041,0.061158159761959256
11.93558931,0.06109712367437247
11.93567324,0.0609750514991989
11.93571687,0.06117341878385595
11.95193481,0.06118867780575265
11.96061277,0.060914015411612114
11.9606514,0.06123445487144274
11.97268295,0.061081864652475774
11.97274709,0.0609750514991989
11.97277927,0.06117341878385595
11.97280836,0.06123445487144274
11.97283673,0.06079194323643854
11.98872352,0.06109712367437247
11.98879194,0.06121919584954604
12.00294304,0.060486762798504616
12.00302529,0.05780117494468605
12.00308299,0.06109712367437247
12.00313401,0.057770656900892656
12.01568437,0.04913405050736248
12.0157454,0.06085297932402533
12.0246191,0.05654993514915694
12.02471161,0.04200808728160525
12.03454614,0.05508506904707408
12.03458786,0.05934233615625238
12.03461909,0.04081788357366293
12.04471946,0.04399176012817579
12.04481888,0.055725947966735336
12.06866121,0.04060425726710918
12.06873703,0.03863584344243534
12.06878257,0.05001907377737087
12.06882429,0.03671320668345159
12.07881999,0.03010605020218204
12.07894182,0.04553292133974212
12.08803558,0.03820859082932784
12.08817124,0.02391088731212329
12.09664655,0.03613336385137713
12.0966959,0.036087586785687034
12.102566,0.022613870450904097
12.1256454,0.029327840085450523
12.12572289,0.03309681849393454
12.12576985,0.01850919356069276
12.12581158,0.023422598611429007
12.13562584,0.03250171663996338
12.13568616,0.018005645838101776
12.14970779,0.01846341649500267
12.14978695,0.03276112001220722
12.14983177,0.01889066910811017
12.14987302,0.011108567940794995
12.18565679,0.024979018844892044
12.18574739,0.02520790417334249
12.18578696,0.009842069123369192
12.18961072,0.017059586480506598
12.18968034,0.02746623941405356
12.18971276,0.011841000991836423
12.18974137,0.009063859006637675
12.19955301,0.023270008392462044
12.19960237,0.023422598611429007
12.20859575,0.007522697795071336
12.20867634,0.015518425268940261
12.22276425,0.026947432669565882
12.22285509,0.010513466086823835
12.22288752,0.006500343327992676
12.23558021,0.01953154802777142
12.23564339,0.020401312275883116
12.2426796,0.005951018539711604
12.26584029,0.013122758831158923
12.26591706,0.024719615472648202
12.26595783,0.012024109254596781
12.26599312,0.0030060273136491952
12.26602888,0.01356527046616312
12.28093815,0.021927214465552756
12.28102756,0.007827878233005264
12.28109121,0.005828946364538033
12.28116632,0.019714656290531776
12.28773546,0.01773098344396124
12.28780031,0.0031738765545128557
12.28784776,0.013153276874952316
12.31057382,0.02652018005645838
12.31059456,0.013977264057373923
12.31061387,0.005004959182116427
12.32458615,0.01680018310826276
12.32465553,0.02392614633401999
12.32469177,0.008758678568703746
12.32472372,0.011764705882352941
12.33859968,0.026260776684214542
12.33867359,0.01940947585259785
12.33872199,0.006149385824368658
12.33877301,0.01675440604257267
12.35399032,0.023514152742809186
12.35411572,0.007766842145418479
12.35418558,0.00976577401388571
12.36887956,0.023041123064011598
12.36894035,0.015548943312733654
12.38075733,0.004028381780727856
12.38596916,0.015320057984283207
12.38606834,0.021560997940032044
12.39952326,0.005569542992294194
12.39954758,0.007736324101625086
12.39957166,0.020660715648126955
12.39959073,0.014770733196002136
12.40952325,0.0042267490653849086
12.40956473,0.011490043488212406
12.41898441,0.025177386129549097
12.4191196,0.02145418478675517
12.43256617,0.02050812542915999
12.43263674,0.04127565423056382
12.4326725,0.04040588998245213
12.44552684,0.02877851529716945
12.44753814,0.03225757228961624
12.4555428,0.017837796597238116
12.45559049,0.00032043945983062486
12.45562768,0.0003509575036240177
12.46449661,0.00784313725490196
12.46453834,0.013183794918745708
12.46456647,0.005172808422980087
12.47353268,0.006149385824368658
12.47357535,0.020782787823300525
12.49855304,0.020920119020370793
12.49859309,0.005493247882810712
12.50353479,0.01309224078736553
12.50358105,0.02494850080109865
12.50360942,0.014175631342030976
12.50363469,0.006500343327992676
12.51306486,0.017639429312581063
12.51316524,0.023956664377813384
12.5219276,0.00848401617456321
12.52203798,0.010315098802166781
12.5349009,0.023392080567635615
12.53496313,0.017349507896543832
12.54859304,0.008529793240253299
12.54865217,0.021393148699168384
12.56260371,0.026321812771801328
12.56268764,0.00917067215991455
12.56273222,0.011108567940794995
12.5727284,0.0238803692683299
12.57277656,0.02076752880140383
12.57281017,0.013015945677882048
12.57564974,0.02468909742885481
12.57570267,0.02954146639200427
12.58960414,0.012817578393224994
12.58962774,0.015213244831006332
12.60620022,0.02832074464026856
12.60624671,0.022491798275730526
12.61798191,0.014038300144960708
12.61810708,0.02613870450904097
12.62280774,0.030457007705806057
12.6228826,0.013427939269092852
12.63048792,0.016388189517051958
12.63055229,0.0332494087129015
12.63449407,0.023483634699015793
12.64583993,0.018982223239490347
12.64589977,0.03350881208514534
12.65464211,0.025055313954375526
12.65474725,0.01458762493324178
12.66853118,0.026260776684214542
12.66858935,0.03219653620202945
12.68261409,0.015838864728770885
12.68268943,0.02119478141451133
12.68272114,0.0315403982604715
12.68275189,0.016479743648432136
12.70010972,0.01675440604257267
12.70019364,0.031067368581673915
12.70279646,0.018432898451209278
12.70285892,0.011154345006485085
12.71552444,0.024872205691615166
12.71555209,0.026337071793698024
12.74000144,0.013427939269092852
12.74003744,0.021316853589684902
12.748739,0.03204394598306248
12.74883914,0.016266117341878387
12.75759912,0.016235599298084994
12.75766969,0.03044174868390936
12.77360535,0.018768596932936598
12.77364206,0.013382162203402761
12.77367353,0.026428625925078202
12.77370381,0.026749065384908826
12.77994132,0.012741283283741512
12.79358029,0.021484702830548562
12.79367113,0.0332646677347982
12.79371572,0.01808194094758526
12.7937572,0.017975127794308383
12.81781101,0.03308155947203784
12.81791186,0.022003509575036242
12.81798673,0.01589990081635767
12.81805611,0.03163195239185168
12.83257937,0.02401770046540017
12.83265162,0.014236667429617761
12.83269954,0.026886396581979097
12.8327415,0.032776379034103915
12.8347261,0.016433966582742047
12.84867859,0.023804074158846417
12.84879541,0.034317540245670256
12.86259151,0.020065613794155796
12.86266756,0.020630197604333562
12.87564611,0.035660334172579536
12.87572551,0.022034027618829635
12.87577796,0.015579461356527047
12.87583041,0.03428702220187686
12.88694191,0.028213931486991684
12.88699865,0.017120622568093387
12.89953041,0.031952391851682305
12.89957666,0.031570916304264895
12.89960909,0.018265049210345618
12.91710019,0.02908369573510338
12.91714597,0.03407339589532311
12.92852116,0.01808194094758526
12.92857337,0.02468909742885481
12.93496752,0.03688105592431525
12.93499827,0.02226291294728008
12.94090867,0.023422598611429007
12.94094443,0.038788433661402305
12.95504332,0.027023727779049364
12.95516539,0.020874341954680704
12.96752286,0.03735408560311284
12.96755362,0.03065537499046311
12.96757889,0.02038605325398642
12.99251771,0.03814755474174106
12.9925456,0.038956282902265965
12.99256897,0.021316853589684902
12.99259257,0.031494621194781414
12.99951744,0.036408026245517665
12.99954295,0.01977569237811856
13.01356578,0.02494850080109865
13.01358962,0.0357976653696498
13.01867533,0.02285801480125124
13.01872277,0.023865110246433202
13.04457164,0.03773556115053025
13.04459667,0.02528419928282597
13.04461813,0.019424734874494545
13.04464006,0.035538261997405965
13.05469704,0.030167086289768826
13.05488825,0.024460212100404364
13.06861663,0.04644846265354391
13.06868958,0.05420004577706569
13.07369137,0.04512092774853132
13.07379365,0.05590905622949569
13.08801031,0.05020218204013123
13.08813524,0.019348439765011063
13.10058069,0.017761501487754634
13.10065937,0.02801556420233463
13.11496639,0.015411612115663387
13.11683249,0.01982146944380865
13.11695647,0.03802548256656748
13.12462831,0.02664225223163195
13.12469506,0.021850919356069275
13.13098097,0.03842221713588159
13.13104343,0.030121309224078737
13.14515448,0.01940947585259785
13.14525652,0.03556878004119936
13.15863323,0.034821087968261236
13.15871024,0.019180590524147403
13.18280602,0.031906614785992216
13.18293023,0.03949034866865034
13.18300796,0.023804074158846417
13.18307853,0.029312581063553826
13.18314624,0.03968871595330739
13.18909073,0.02494850080109865
13.18921828,0.027054245822842757
13.19783282,0.04158083466849775
13.1978929,0.02993820096131838
13.21055317,0.02504005493247883
13.21060085,0.0417792019531548
13.23460388,0.03462272068360418
13.23468328,0.023804074158846417
13.2440629,0.03913939116502632
13.24418521,0.03956664377813382
13.24426198,0.025726710917830166
13.26764488,0.03602655069810025
13.26772165,0.041886015106431675
13.26776814,0.027283131151293202
13.26781082,0.03492790112153811
13.26959324,0.0464789806973373
13.26964116,0.031662470435645074
13.28368163,0.031143663691157397
13.28373837,0.045181963836118104
13.28378105,0.03358510719462882
13.28381896,0.029053177691309988
13.3088665,0.04512092774853132
13.3089869,0.03715571831845579
13.30906224,0.02532997634851606
13.30913115,0.040207522697795074
13.30919838,0.03915465018692302
13.3206439,0.02337682154573892
13.32068849,0.03480582894636454
13.33257151,0.040787365529869536
13.34355712,0.025238422217135882
13.34360504,0.030975814450293737
13.36781502,0.04161135271229114
13.36795425,0.02545204852368963
13.36802912,0.02597085526817731
13.36809659,0.04158083466849775
13.36815691,0.03048752574959945
13.3775928,0.023849851224536506
13.37768054,0.03915465018692302
13.39066386,0.03288319218738079
13.39074397,0.021942473487449453
13.39992881,0.037125200274662394
13.40006757,0.03656061646448463
13.41456938,0.02264438849469749
13.41466546,0.034821087968261236
13.41471291,0.039337758449683374
13.43760633,0.023514152742809186
13.43763471,0.03181506065461204
13.43765783,0.04211490043488213
13.43767977,0.026489662012664988
13.44357181,0.026977950713359275
13.44361687,0.04115358205539025
13.46663618,0.028900587472343024
13.46671534,0.02357518883039597
13.46676183,0.040787365529869536
13.46680427,0.03485160601205463
13.49060273,0.023437857633325704
13.49069262,0.038574807354848556
13.49251938,0.03735408560311284
13.49257779,0.020813305867093918
13.49262857,0.033447775997558556
13.49267817,0.04214541847867552
13.50285459,0.02673380636301213
13.51628494,0.0324101625085832
13.51636076,0.042084382391088734
13.52491021,0.02639810788128481
13.52498269,0.02708476386663615
13.539042,0.04122987716487373
13.5391643,0.029556725413900968
13.55301929,0.024551766231784542
13.55309486,0.04141298542763409
13.55315924,0.03494316014343481
13.55322981,0.024216067750057222
13.56303191,0.03920042725261311
13.56305933,0.03938353551537346
13.56902742,0.025055313954375526
13.58308291,0.03732356755931945
13.58315015,0.04281681544213016
13.59575272,0.027145799954222935
13.59582496,0.03375295643549248
13.60983849,0.044342717631799804
13.60994506,0.02896162355992981
13.61557698,0.03010605020218204
13.61563444,0.04382391088731212
13.62910485,0.030930037384603648
13.62920022,0.024582284275577935
13.6292727,0.039749752040894176
13.6293416,0.033401998931868467
13.63107586,0.023895628290226595
13.64552259,0.03875791561760891
13.66981387,0.03765926604104677
13.66995215,0.022491798275730526
13.67003059,0.03494316014343481
13.67010093,0.03973449301899748
13.67582536,0.024383916990920882
13.67598677,0.03518730449378195
13.68461823,0.05133134966048676
13.68468451,0.04074158846417945
13.68473244,0.047470817120622566
13.69854808,0.06109712367437247
13.69857621,0.049652857251850153
13.72466278,0.03010605020218204
13.72476435,0.03425650415808347
13.7287643,0.023086900129701687
13.7288363,0.01287861448081178
13.72889447,0.027618829633020522
13.7347939,0.036865796902418556
13.74363708,0.02311741817349508
13.74372411,0.030731670099946592
13.75250936,0.04110780498970016
13.75255609,0.025574120698863202
13.76084161,0.027222095063706417
13.76092052,0.04147402151522087
13.76782656,0.028198672465094988
13.79064846,0.02243076218814374
13.79074836,0.04036011291676204
13.79257059,0.034119172961013196
13.79263306,0.023254749370565347
13.7990787,0.03863584344243534
13.79919147,0.03814755474174106
13.80756402,0.0238803692683299
13.80763006,0.03602655069810025
13.82068229,0.04106202792401007
13.82075858,0.024444953078507668
13.83091927,0.03179980163271534
13.83102059,0.042969405661097124
13.84460711,0.028259708552681773
13.85359287,0.028992141603723202
13.85365462,0.043762874799725335
13.86264253,0.03254749370565347
13.86271358,0.026535439078355077
13.86784792,0.043640802624551764
13.86795068,0.03813229571984436
13.87566304,0.027924010070954453
13.8757627,0.04286259250782025
13.88976765,0.041428244449530784
13.88984132,0.026749065384908826
13.90401697,0.03955138475623712
13.90414,0.0443579766536965
13.90421391,0.027771419851987486
13.91765642,0.03564507515068284
13.91773295,0.04670786602578775
13.91777968,0.030075532158388648
13.91782141,0.02929732204165713
13.93463588,0.04318303196765087
13.93469572,0.03204394598306248
13.94368267,0.028290226596475166
13.94377565,0.04402227817196918
13.95763564,0.0345464255741207
13.95770979,0.022873273823147935
13.98057151,0.03817807278553445
13.9806478,0.03747615777828641
13.98069334,0.02294956893263142
13.99456978,0.03517204547188525
13.99464035,0.039673456931410694
14.00088573,0.023010605020218206
14.00098348,0.029663538567177843
14.0184989,0.04119935912108034
14.01852751,0.026047150377660793
14.01855111,0.026489662012664988
14.01857376,0.040711070420386054
14.02850437,0.028885328450446328
14.02853227,0.02362096589608606
14.03757381,0.040161745632104985
14.03759861,0.032898451209277486
14.03762054,0.021942473487449453
14.05052233,0.037537193865873196
14.0525775,0.037125200274662394
14.05261993,0.022705424582284275
14.06562352,0.0349736781872282
14.0657022,0.040207522697795074
14.08058453,0.023849851224536506
14.08067274,0.03117418173495079
14.08071923,0.04119935912108034
14.09351659,0.02532997634851606
14.0935452,0.02716105897611963
14.10757232,0.04205386434729534
14.10759687,0.029327840085450523
14.11440325,0.023132677195391776
14.11445451,0.0396429388876173
14.12152958,0.03396658274204623
14.12156439,0.023697261005569542
14.12159038,0.03887998779278248
14.13659644,0.036865796902418556
14.14353609,0.021393148699168384
14.14357233,0.03405813687342641
14.1575675,0.04055848020141909
14.15765238,0.023682001983672846
14.15773511,0.03022812237735561
14.17056799,0.041382467383840695
14.17059278,0.02699320973525597
14.17594314,0.027862973983367668
14.17613339,0.04202334630350195
14.1898334,0.03146410315098802
14.1899116,0.02789349202716106
14.19908428,0.043930724040588995
14.19920611,0.035584039063096054
14.22262025,0.02354467078660258
14.22269726,0.03904783703364614
14.22761559,0.03875791561760891
14.22768736,0.0251621271076524
14.24114966,0.037201495384145876
14.24127078,0.04127565423056382
14.24134469,0.023727779049362935
14.24262953,0.030426489662012664
14.24269772,0.04086366063935302
14.25558376,0.024444953078507668
14.25564456,0.025238422217135882
14.26485825,0.04090943770504311
14.26492882,0.02954146639200427
14.29266524,0.02371252002746624
14.29274988,0.03904783703364614
14.29280353,0.03137254901960784
14.29285479,0.022064545662623027
14.30290484,0.04303044174868391
14.30297637,0.04760814831769283
14.30303192,0.03904783703364614
14.31055737,0.05864042114900435
14.31060648,0.06083772030212863
14.32453609,0.04107728694590677
14.32456613,0.030777447165636684
14.33060956,0.029404135194934004
14.33065939,0.012573434042877852
14.35467339,0.014190890363927672
14.35478163,0.03251697566186008
14.36902332,0.03483634699015793
14.36914587,0.020279240100709545
14.37767315,0.03230334935530633
14.37773943,0.03797970550087739
14.37777567,0.021759365224689096
14.39066911,0.028381780727855344
14.39074183,0.0396429388876173
14.39585018,0.02499427786678874
14.39595079,0.026626993209735255
14.40264964,0.040451667048142216
14.40274668,0.02758831158922713
14.42594481,0.022568093385214007
14.42603302,0.04007019150072481
14.44525266,0.033112077515831236
14.44532156,0.021820401312275882
14.44536471,0.037918669413290605
14.44540954,0.03749141680018311
14.4454546,0.022369726100556955
14.44946003,0.03468375677119097
14.44954062,0.040451667048142216
14.45550513,0.024048218509193562
14.45553136,0.03201342793926909
14.46754575,0.04240482185091936
14.46757197,0.0268711375600824
14.48850775,0.028763256275272753
14.48854208,0.04426642252231632
14.4885664,0.031830319676508734
14.48858976,0.026764324406805522
14.50352407,0.04274052033264668
14.50354934,0.03617914091706722
14.50357246,0.026977950713359275
14.51250625,0.04269474326695659
14.51254177,0.040833142595559625
14.52548647,0.02606240939955749
14.52551317,0.037750820172426945
14.53991485,0.04274052033264668
14.54003477,0.026123445487144275
14.56361485,0.03302052338445106
14.56364107,0.04373235675593194
14.56366348,0.0277103837644007
14.56368542,0.02780193789578088
14.56552124,0.041260395208667124
14.56554842,0.028366521705958648
14.58120012,0.02401770046540017
14.58126926,0.040497444113832305
14.5874784,0.03219653620202945
14.58753157,0.020660715648126955
14.6145854,0.03671320668345159
14.61467576,0.03584344243533989
14.61472297,0.021087968261234456
14.61476541,0.03274586099031052
14.61753583,0.0379339284351873
14.61759281,0.022400244144350347
14.63103271,0.029388876173037308
14.63115668,0.03970397497520409
14.6329999,0.023605706874189364
14.65063763,0.0255893797207599
14.65071487,0.04043640802624552
14.66292405,0.028046082246128024
14.66299772,0.02285801480125124
14.6766572,0.03903257801174945
14.67675781,0.031906614785992216
14.68965411,0.02145418478675517
14.68972874,0.03682001983672847
14.69499397,0.03485160601205463
14.69509315,0.01974517433432517
14.70364308,0.03279163805600061
14.70371199,0.040039673456931414
14.7126255,0.024002441443503473
14.72058773,0.03048752574959945
14.72064829,0.040833142595559625
14.74561954,0.024368657969024186
14.74568439,0.025726710917830166
14.74755788,0.04023804074158847
14.74760914,0.026886396581979097
14.74765491,0.022354467078660258
14.74769807,0.03999389639124132
14.76987696,0.032990005340657665
14.76997638,0.021484702830548562
14.77005363,0.03744563973449302
14.7701242,0.03607232776379034
14.77019262,0.021484702830548562
14.78662491,0.03347829404135195
14.78670168,0.039002059967956054
14.79865503,0.022507057297627222
14.79872847,0.029846646829938202
14.80451035,0.04187075608453498
14.80453944,0.027832455939574275
14.81050372,0.028503852903028915
14.81052995,0.041962310215915156
14.82177448,0.028992141603723202
14.82181311,0.025024795910582133
14.83392406,0.04206912336919204
14.8339498,0.035156786449988556
14.83397317,0.024536507209887846
14.85852361,0.03901731898985275
14.85854912,0.0366674296177615
14.85857224,0.022156099794003205
14.85859489,0.033661402304112305
14.86450744,0.03756771190966659
14.86453271,0.021637293049515526
14.87851644,0.029739833676661324
14.87854552,0.03944457160296025
14.88751626,0.023422598611429007
14.88754177,0.02499427786678874
14.90094805,0.039505607690547034
14.90098143,0.02661173418783856
14.92247558,0.02288853284504463
14.92252064,0.04507515068284123
14.93578267,0.04245059891660945
14.9358542,0.03817807278553445
14.9358871,0.06027313649195087
14.93591619,0.059159227893492025
14.9405725,0.03938353551537346
14.94064426,0.03439383535515374
14.95552373,0.027344167238879988
14.95556402,0.010437170977340352
14.95559645,0.017288471808957047
14.9785254,0.035706111238269625
14.97855544,0.024826428625925077
14.99259806,0.02153047989623865
14.99266577,0.03904783703364614
15.00088549,0.03088426031891356
15.00098729,0.019226367589837492
15.01061749,0.03573662928206302
15.0106833,0.03529411764705882
15.01072836,0.02107270923933776
15.01077008,0.032730601968413826
15.02355266,0.03732356755931945
15.02360153,0.021896696421759364
15.04863167,0.029068436713206684
15.04872251,0.03949034866865034
15.04876876,0.024444953078507668
15.05541039,0.026260776684214542
15.05545998,0.04119935912108034
15.0608809,0.028412298771648737
15.06095219,0.023346303501945526
15.06261182,0.03993286030365453
15.06268549,0.03263904783703365
15.07743001,0.022278171969176776
15.07749939,0.038330663004501414
15.08951902,0.036575875486381325
15.08955312,0.02333104448004883
15.10370946,0.03688105592431525
15.10378671,0.042420080872816054
15.10864854,0.02545204852368963
15.1175828,0.032394903486686506
15.11761546,0.043259327077134355
15.12289429,0.029114213778896773
15.12294793,0.031097886625467308
15.13579226,0.045258258945601586
15.13588166,0.03250171663996338
15.14055634,0.0272983901731899
15.14061284,0.042710002288853285
15.16512704,0.03523308155947204
15.16522026,0.02494850080109865
15.16529417,0.04007019150072481
15.16536427,0.03743038071259632
15.16545749,0.023132677195391776
15.17955518,0.03517204547188525
15.17961311,0.03884946974898909
15.1885283,0.022125581750209813
15.18855953,0.03006027313649195
15.20315981,0.03952086671244373
15.20319915,0.02362096589608606
15.21554852,0.025635156786449988
15.21559739,0.04007019150072481
15.23961759,0.02754253452353704
15.23969483,0.022583352407110704
15.24752212,0.03884946974898909
15.24754882,0.030380712596322575
15.24757218,0.0196078431372549
15.25252223,0.03573662928206302
15.25254679,0.034576943617914094
15.25256944,0.020401312275883116
15.27759242,0.032394903486686506
15.27768445,0.03704890516517891
15.2905941,0.02145418478675517
15.29064083,0.029236285954070344
15.2906816,0.03918516823071641
15.29071188,0.023437857633325704
15.31452465,0.025925078202487222
15.31456923,0.04046692607003891
15.31460428,0.026901655603875793
15.31464171,0.02221713588158999
15.31467366,0.03872739757381552
15.32051611,0.031143663691157397
15.32055664,0.02136263065537499
15.33498454,0.03706416418707561
15.33512187,0.03405813687342641
15.35885692,0.01940947585259785
15.35892653,0.0328374151216907
15.35897255,0.03859006637674525
15.3590138,0.02320897230487526
15.36471105,0.03031967650873579
15.36477947,0.039337758449683374
15.37061,0.02357518883039597
15.37956548,0.025772487983520255
15.3796227,0.04046692607003891
15.38860226,0.027679865720607308
15.38865733,0.02288853284504463
15.41264272,0.038788433661402305
15.41273665,0.03131151293202106
15.41278267,0.021667811093308918
15.4128263,0.036575875486381325
15.42290068,0.03485160601205463
15.42295718,0.02162203402761883
15.43067217,0.03447013046463722
15.43072367,0.03913939116502632
15.43593454,0.023941405355916687
15.44457006,0.032272831311512935
15.44463563,0.04115358205539025
15.45857,0.02542153047989624
15.45862436,0.028793774319066146
15.46960759,0.044678416113527124
15.46968651,0.03126573586633097
15.48350644,0.025070572976272222
15.48354793,0.040497444113832305
15.48357797,0.03192187380788891
15.48360777,0.021255817502098116
15.49884582,0.03633173113603418
15.49896407,0.0345464255741207
15.49904156,0.020584420538643473
15.51359916,0.033066300450141146
15.51366353,0.037415121690699625
15.5376277,0.020996414129854278
15.53771424,0.028503852903028915
15.53776813,0.038956282902265965
15.53781867,0.023422598611429007
15.54155755,0.027222095063706417
15.54159665,0.0469214923323415
15.5536263,0.039246204318303196
15.55368114,0.04164187075608453
15.56781745,0.06106660563057908
15.56793618,0.05635156786449989
15.57065272,0.034821087968261236
15.58451343,0.031784542610818645
15.58454442,0.021164263370717938
15.60250258,0.009567406729228657
15.60253692,0.022781719691767757
15.60256052,0.03735408560311284
15.60258532,0.023514152742809186
15.61052418,0.02485694666971847
15.6105535,0.03904783703364614
15.61992311,0.02677958342870222
15.61999655,0.023010605020218206
15.64405012,0.03808651865415427
15.64412689,0.03002975509269856
15.64417195,0.020325017166399634
15.65859723,0.03584344243533989
15.65862155,0.03414969100480659
15.65864444,0.02043183031967651
15.67556214,0.03297474631876097
15.67562914,0.03689631494621195
15.67566085,0.020996414129854278
15.68851113,0.029907682917524988
15.68853879,0.04039063096055543
15.68856192,0.024872205691615166
15.69498444,0.026977950713359275
15.69512248,0.04124513618677043
15.70198679,0.02827496757457847
15.72495818,0.0243076218814374
15.72507358,0.04007019150072481
15.72514915,0.03292896925307088
15.72521901,0.024628061341268024
15.73499775,0.04058899824521248
15.73513556,0.03799496452277409
15.74626374,0.02374303807125963
15.74633169,0.03675898374914168
15.75267315,0.04069581139848936
15.7527833,0.02542153047989624
15.75285959,0.035584039063096054
15.7655654,0.04541084916456855
15.77538633,0.02865644312199588
15.78861189,0.030182345311665523
15.78870916,0.04444953078507668
15.79506946,0.03158617532616159
15.79519296,0.02639810788128481
15.80109429,0.04124513618677043
15.80121446,0.03392080567635614
15.80954027,0.024704356450751506
15.80960298,0.038956282902265965
15.81886244,0.0349584191653315
15.81893563,0.019943541618982222
15.84258413,0.032394903486686506
15.84265018,0.03683527885862516
15.84268832,0.02197299153124285
15.8427217,0.030212863355458915
15.84275413,0.039917601281757836
15.85763693,0.024124513618677044
15.85770822,0.025650415808346684
15.86405802,0.03904783703364614
15.86417723,0.025650415808346684
15.8796196,0.022415503166247044
15.87969518,0.03906309605554284
15.8938601,0.030991073472190434
15.89396811,0.021271076523994813
15.9076159,0.03665217059586481
15.90769219,0.033447775997558556
15.90773678,0.019119554436560618
15.91557932,0.03300526436255436
15.91563964,0.037201495384145876
15.9175899,0.02055390249485008
15.91763783,0.029434653238727397
15.93090129,0.04055848020141909
15.93100119,0.02435339894712749
15.9435904,0.02606240939955749
15.94363379,0.040375371938658734
15.96795273,0.02725261310749981
15.96798277,0.02320897230487526
15.96800709,0.038788433661402305
15.96803141,0.02970931563286793
15.98351216,0.02076752880140383
15.98353839,0.03802548256656748
15.98356104,0.03588921950102998
15.98555541,0.020630197604333562
15.98560476,0.0332646677347982
15.99957371,0.037949187457084
15.99959898,0.02157625696192874
16.02756977,0.02873273823147936
16.02759409,0.038040741588464176
16.02761626,0.024170290684367133
16.02763796,0.028091859311818113
16.03356695,0.04219119554436561
16.0335896,0.02754253452353704
16.04760623,0.022629129472800793
16.04765201,0.03898680094605936
16.05358958,0.031067368581673915
16.0536437,0.021606775005722133
16.06780601,0.03717097734035248
16.06793261,0.03471427481498436
16.08057332,0.021271076523994813
16.08063674,0.03401235980773632
16.09501886,0.03785763332570382
16.09514451,0.022171358815899902
16.09693956,0.03187609674219882
16.09706163,0.04235904478522927
16.10192347,0.02635233081559472
16.11453819,0.0285648889906157
16.11460137,0.04318303196765087
16.12077475,0.030350194552529183
16.12087703,0.025803006027313648
16.13517809,0.041718165865568015
16.1353147,0.03297474631876097
16.14957929,0.022842755779354542
16.14963937,0.03808651865415427
16.15467024,0.034363317311360345
16.15475273,0.019546807049668116
16.16378379,0.03352407110704204
16.16390824,0.03889524681467918
16.16398883,0.022110322728313116
16.18057823,0.029480430304417486
16.18066144,0.03897154192416266
16.20544958,0.0225986114290074
16.20553637,0.02447547112230106
16.20559239,0.040115968566414896
16.20564532,0.030502784771496146
16.20853734,0.030777447165636684
16.20859718,0.05299458304722667
16.22066975,0.05291828793774319
16.22076964,0.048050659952697035
16.2299335,0.05917448691538872
16.23005462,0.04026855878538186
16.2366147,0.011779964904249637
16.24958229,0.01727321278706035
16.24964285,0.030121309224078737
16.27356768,0.019333180743114367
16.27363348,0.024505989166094453
16.27367091,0.03947508964675364
16.27370477,0.026367589837491417
16.29761338,0.022354467078660258
16.29767394,0.038452735179674985
16.29771948,0.029846646829938202
16.29776049,0.02059967956054017
16.31258631,0.036911573968108645
16.31265259,0.0349736781872282
16.31269741,0.020523384451056687
16.32058239,0.03300526436255436
16.32063317,0.037033646143282216
16.33511829,0.021591515983825436
16.33523703,0.030899519340810255
16.33960748,0.040009155413138014
16.33967447,0.023254749370565347
16.34599113,0.02639810788128481
16.34604073,0.042496375982299536
16.35456991,0.029495689326314183
16.35461736,0.0243076218814374
16.36415911,0.040711070420386054
16.36428523,0.03292896925307088
16.36904025,0.02340733958953231
16.38256764,0.03942931258106355
16.38260651,0.037582970931563285
16.39596224,0.024719615472648202
16.39606309,0.0383764400701915
16.39754963,0.04106202792401007
16.39759111,0.02499427786678874
16.41051006,0.03442435339894713
16.41053843,0.04422064545662623
16.42151952,0.02827496757457847
16.42154455,0.03189135576409552
16.43398094,0.04574654764629587
16.43410277,0.032120241092545965
16.45666957,0.027649347676813915
16.45680046,0.042923628595407035
16.46483994,0.03422598611429008
16.46496153,0.02447547112230106
16.46503878,0.040329594872968645
16.4651041,0.03733882658121614
16.47957611,0.02276646066987106
16.47965407,0.035034714274814985
16.47970033,0.03759822995345998
16.47974396,0.02178988326848249
16.51028132,0.03015182726787213
16.51035786,0.039459830624856945
16.51288509,0.02357518883039597
16.51293182,0.02618448157473106
16.51296759,0.03999389639124132
16.52261114,0.02691691462577249
16.52272248,0.02328526741435874
16.53103065,0.039124132143129625
16.53115201,0.03006027313649195
16.5456357,0.020309758144502938
16.5457232,0.03689631494621195
16.558887,0.03523308155947204
16.55898976,0.021057450217441064
16.58260012,0.033401998931868467
16.58267736,0.03663691157396811
16.5827229,0.02021820401312276
16.59601879,0.029190508888380255
16.59614038,0.03987182421606775
16.60465884,0.02442969405661097
16.60472488,0.026337071793698024
16.61360979,0.0405279621576257
16.61366963,0.027603570611123826
16.61371469,0.02320897230487526
16.61375523,0.03987182421606775
16.6285677,0.03125047684443427
16.6286459,0.021606775005722133
16.64063501,0.03755245288776989
16.64071107,0.03414969100480659
16.64075875,0.020630197604333562
16.64967752,0.033997100785839625
16.64974213,0.037750820172426945
16.65795016,0.021683070115205615
16.65797973,0.030777447165636684
16.66359186,0.03999389639124132
16.66361594,0.02397192339971008
16.67753148,0.026855878538185704
16.6775732,0.041046768902113374
16.69156408,0.027222095063706417
16.69158912,0.023132677195391776
16.70950723,0.03894102388036927
16.70953417,0.031021591515983826
16.70955777,0.02276646066987106
16.70958042,0.0379339284351873
16.70960355,0.03442435339894713
16.72457862,0.02055390249485008
16.72460246,0.03401235980773632
16.73057151,0.03817807278553445
16.73059392,0.02186617837796597
16.74449611,0.02912947280079347
16.74452519,0.03926146334019989
16.76849723,0.024628061341268024
16.76852584,0.027313649195086595
16.76854897,0.04086366063935302
16.76857185,0.027222095063706417
16.778512,0.023773556115053024
16.7785604,0.04055848020141909
16.78815866,0.03251697566186008
16.78825951,0.023010605020218206
16.80198359,0.03936827649347677
16.80212045,0.03717097734035248
16.81457043,0.023422598611429007
16.81463647,0.03643854428931106
16.82373428,0.040115968566414896
16.82384014,0.023468375677119097
16.83075547,0.03341725795376516
16.8308568,0.043640802624551764
16.84157419,0.02627603570611124
16.84459352,0.02696269169146258
16.84465122,0.041290913252460516
16.85884094,0.028000305180437935
16.85889697,0.023895628290226595
16.87264585,0.040283817807278556
16.87272096,0.031906614785992216
16.88054156,0.021393148699168384
16.88058138,0.03639276722362097
16.88760066,0.03360036621652552
16.88771009,0.019851987487602044
16.90284491,0.033112077515831236
16.90296841,0.03680476081483177
16.90304422,0.023895628290226595
16.91260505,0.03826962691691463
16.91266608,0.05250629434653239
16.92598796,0.04339665827420462
16.92608452,0.05227740901808194
16.94964242,0.061036087586785685
16.94970727,0.039459830624856945
16.9588573,0.01965362020294499
16.9589479,0.026932173647669186
16.95901918,0.021149004348821242
16.95908856,0.016235599298084994
16.98259187,0.03500419623102159
16.98267865,0.03288319218738079
16.98273516,0.01969939726863508
16.9827826,0.032654306858930345
16.98282599,0.03675898374914168
16.99794626,0.020965896086060882
16.99806857,0.029831387808041506
17.01054478,0.03939879453727016
17.01058412,0.023422598611429007
17.01949,0.02627603570611124
17.01951599,0.040375371938658734
17.02246976,0.027283131151293202
17.0224967,0.023346303501945526
17.03057384,0.03985656519417105
17.03059721,0.03205920500495918
17.03256726,0.022400244144350347
17.04548311,0.037918669413290605
17.06980348,0.03480582894636454
17.06994462,0.02162203402761883
17.07002354,0.03529411764705882
17.07011342,0.03869687953002213
17.07253504,0.023010605020218206
17.07260036,0.03237964446478981
17.08564925,0.04272526131074998
17.08572984,0.0277103837644007
17.09988904,0.030457007705806057
17.09999943,0.043381399252307926
17.10007381,0.029694056610971235
17.1248982,0.026337071793698024
17.12503457,0.04419012741283284
17.12669039,0.03671320668345159
17.12682772,0.02713054093232624
17.12994003,0.042328526741435876
17.13007641,0.03897154192416266
17.1450007,0.025024795910582133
17.14507818,0.03894102388036927
17.15351677,0.04248111696040284
17.15357327,0.024383916990920882
17.17752957,0.033157854581521325
17.17759156,0.042420080872816054
17.17761874,0.02630655374990463
17.20322323,0.02798504615854124
17.20334983,0.04048218509193561
17.20355105,0.026855878538185704
17.20359397,0.023422598611429007
17.2161231,0.04023804074158847
17.21617055,0.031998168917372394
17.22451711,0.021820401312275882
17.22455788,0.037125200274662394
17.2385869,0.0340886549172198
17.23865843,0.019897764553292133
17.2386961,0.0332646677347982
17.23873067,0.03727779049362936
17.23876333,0.021316853589684902
17.26360512,0.02925154497596704
17.26364779,0.03869687953002213
17.26367807,0.02349889372091249
17.2637074,0.026123445487144275
17.27253366,0.039887083237964444
17.27258968,0.02597085526817731
17.27993011,0.022613870450904097
17.27998567,0.03852903028915847
17.2880857,0.031326771953917754
17.28812933,0.02178988326848249
17.30555582,0.03744563973449302
17.3056221,0.03485160601205463
17.3075161,0.020660715648126955
17.32124519,0.03393606469825284
17.32128906,0.03778133821622034
17.32969165,0.021850919356069275
17.32974243,0.031448844129091325
17.33579659,0.03985656519417105
17.3358767,0.022369726100556955
17.34255266,0.02499427786678874
17.34259415,0.04048218509193561
17.35850263,0.027450980392156862
17.35852981,0.024078736552986955
17.36255932,0.04043640802624552
17.36260748,0.03143358510719463
17.37550426,0.021301594567788205
17.38976836,0.03726253147173266
17.38980579,0.03476005188067445
17.3954978,0.021301594567788205
17.40052986,0.034988937209124896
17.40058112,0.0383764400701915
17.41027498,0.021271076523994813
17.41032004,0.0294193942168307
17.41865492,0.03904783703364614
17.4186995,0.023422598611429007
17.42789698,0.027557793545433737
17.42800641,0.041596093690394444
17.44058251,0.026977950713359275
17.4525435,0.022751201647974364
17.45258904,0.03932249942778668
17.46563029,0.030731670099946592
17.46570277,0.02153047989623865
17.46762705,0.037872892347600516
17.46766853,0.03521782253757534
17.47553945,0.021438925764858473
17.47560644,0.035034714274814985
17.48450994,0.03799496452277409
17.48455548,0.021011673151750974
17.50857854,0.0298619058518349
17.50865459,0.04046692607003891
17.50869203,0.024902723735408562
17.51950765,0.027969787136644542
17.51953983,0.04156557564660105
17.51956344,0.02732890821698329
17.51958632,0.024292362859540704
17.53485775,0.04191653315022507
17.53495812,0.0341039139391165
17.54055476,0.02392614633401999
17.54060268,0.03993286030365453
17.55451846,0.037537193865873196
17.55455685,0.023529411764705882
17.5785985,0.03768978408484016
17.57867503,0.04077210650797284
17.57872224,0.02320897230487526
17.57876587,0.03228809033340963
17.57880712,0.04113832303349355
17.58887768,0.02374303807125963
17.58893299,0.02606240939955749
17.59787846,0.039795529106584265
17.59800267,0.02668802929732204
17.61062932,0.023041123064011598
17.61070609,0.03985656519417105
17.62475228,0.031280994888227664
17.62482357,0.021164263370717938
17.64869809,0.03572137026016632
17.64878321,0.03390554665445945
17.64883018,0.024979018844892044
17.66302919,0.043762874799725335
17.66315126,0.05349813076981765
17.67063975,0.04469367513542382
17.67070842,0.058152132448310065
17.68090892,0.05830472266727703
17.68098736,0.026947432669565882
17.68886495,0.01675440604257267
17.68917608,0.029022659647516595
17.69502783,0.020111390859845885
17.69515085,0.019226367589837492
17.71049428,0.03665217059586481
17.71057057,0.029144731822690166
17.71061659,0.020752269779507133
17.72251725,0.03704890516517891
17.72254682,0.03389028763256275
17.7225709,0.02102693217364767
17.72259521,0.034119172961013196
17.73633695,0.0371099412527657
17.73638439,0.02107270923933776
17.74050379,0.030258640421149004
17.7405293,0.03947508964675364
17.7575109,0.023773556115053024
17.75753498,0.027191577019913024
17.77007222,0.04101625085831998
17.7700963,0.02668802929732204
17.79388523,0.023651483939879453
17.79401875,0.041458762493324176
17.79410148,0.03295948729686427
17.79417396,0.02221713588158999
17.79551983,0.038574807354848556
17.79555368,0.03649958037689784
17.80975461,0.022964827954528116
17.80982566,0.03620965896086061
17.83367682,0.03994811932555123
17.83379292,0.023529411764705882
17.8338716,0.03381399252307927
17.83394289,0.04499885557335775
17.83401132,0.028290226596475166
17.84857821,0.03088426031891356
17.84866905,0.04455634393835355
17.85353875,0.03167772945754177
17.85358763,0.028976882581826506
17.86803317,0.045593957427328906
17.86815596,0.03613336385137713
17.88231015,0.02511635004196231
17.8823874,0.0409399557488365
17.89458346,0.03820859082932784
17.89464974,0.025391012436102846
17.89472103,0.038498512245365074
17.89478898,0.0401007095445182
17.90268302,0.02255283436331731
17.9105463,0.032120241092545965
17.91059303,0.04174868390936141
17.92898965,0.02456702525368124
17.92910862,0.026092927443350882
17.9380734,0.03956664377813382
17.93819404,0.02647440299076829
17.96063209,0.022873273823147935
17.96070671,0.03915465018692302
17.96995807,0.030426489662012664
17.97005677,0.020965896086060882
17.9701345,0.03631647211413749
17.97020435,0.03309681849393454
17.98359418,0.020325017166399634
17.98367786,0.03479056992446784
17.98374534,0.03820859082932784
17.98957968,0.020157167925535974
17.98965311,0.028809033340962846
18.00353003,0.03938353551537346
18.00355697,0.02374303807125963
18.02953005,0.026169222552834364
18.02955818,0.0401007095445182
18.02958107,0.0264438849469749
18.029603,0.022964827954528116
18.02962804,0.03942931258106355
18.02964997,0.030899519340810255
18.03260517,0.020996414129854278
18.04547238,0.036453803311207754
18.05450416,0.03346303501945525
18.05454087,0.02012664988174258
18.07857823,0.034271763179980166
18.07865524,0.03872739757381552
18.07869339,0.02197299153124285
18.08455038,0.03015182726787213
18.08458948,0.03952086671244373
18.08462429,0.023590447852292667
18.09456968,0.02656595712214847
18.09464526,0.041596093690394444
18.10398054,0.02746623941405356
18.11259246,0.022919050888838024
18.11269212,0.03915465018692302
18.1368165,0.030579079880979628
18.1369555,0.020630197604333562
18.13703132,0.03694209201190204
18.13710046,0.033951323720149536
18.13716865,0.02038605325398642
18.14753318,0.03425650415808347
18.15252209,0.03863584344243534
18.15257239,0.021759365224689096
18.16574788,0.030090791180285344
18.16585565,0.039291981383993285
18.16754222,0.023147936217288473
18.18060565,0.02673380636301213
18.18069243,0.04103150988021668
18.18956375,0.026855878538185704
18.18962979,0.0225986114290074
18.20398808,0.03936827649347677
18.20410919,0.03039597161821927
18.21513271,0.02157625696192874
18.21520853,0.03826962691691463
18.21757078,0.03468375677119097
18.21763062,0.020660715648126955
18.23094821,0.0345616845960174
18.23104787,0.03805600061036087
18.23277664,0.021774624246585793
18.25568795,0.030548561837186235
18.25576425,0.040375371938658734
18.25760961,0.023941405355916687
18.25768209,0.027008468757152668
18.26568151,0.0413519493400473
18.26577973,0.02839703974975204
18.27500057,0.02618448157473106
18.27513289,0.042420080872816054
18.28855729,0.03300526436255436
18.28859949,0.023270008392462044
18.29770803,0.03997863736934462
18.29780555,0.03820859082932784
18.30366325,0.02366674296177615
18.32777476,0.0362554360265507
18.32785511,0.03935301747158007
18.32790971,0.022705424582284275
18.32796288,0.029922941939421684
18.32960701,0.038330663004501414
18.32965541,0.022842755779354542
18.36380935,0.027359426260776684
18.36383486,0.04187075608453498
18.36385703,0.027069504844739453
18.36387873,0.02221713588158999
18.36580801,0.03814755474174106
18.36583233,0.028931105516136417
18.38130832,0.020080872816052493
18.39051962,0.03955138475623712
18.39054608,0.04156557564660105
18.39056945,0.032654306858930345
18.40487123,0.053147173266193636
18.40500927,0.060700389105058365
18.40660334,0.0464789806973373
18.40666461,0.04122987716487373
18.41955757,0.03523308155947204
18.41962147,0.011230640115968566
18.41966128,0.011841000991836423
18.44367027,0.03048752574959945
18.44378924,0.03096055542839704
18.44386292,0.018371862363622492
18.44392848,0.032364385442893114
18.44400096,0.03622491798275731
18.46051979,0.020737010757610436
18.46055698,0.029800869764248113
18.46248794,0.039246204318303196
18.46251535,0.022705424582284275
18.47664738,0.025238422217135882
18.47674656,0.03935301747158007
18.48959351,0.026153963530937668
18.48965311,0.023636224917982757
18.50361776,0.04034485389486534
18.50367308,0.0307011520561532
18.50371528,0.020950637064164186
18.51357889,0.03747615777828641
18.51361799,0.03442435339894713
18.52601147,0.02128633554589151
18.5260396,0.035034714274814985
18.53098226,0.038406958113984896
18.53103042,0.022674906538490882
18.55559921,0.031860837720302126
18.55565763,0.041763942931258104
18.55990219,0.026047150377660793
18.55992723,0.027908751049057757
18.5655725,0.04238956282902266
18.56559658,0.030457007705806057
18.58886242,0.02725261310749981
18.58894515,0.043717097734035246
18.58899117,0.03523308155947204
18.58903241,0.025848783093003737
18.61360168,0.04248111696040284
18.61367774,0.03942931258106355
18.6137228,0.02520790417334249
18.61376452,0.03906309605554284
18.62354207,0.04238956282902266
18.62362099,0.025223163195239186
18.62967682,0.033493553063248645
18.62972999,0.042999923704890516
18.63577414,0.02754253452353704
18.64456367,0.029831387808041506
18.64461207,0.04295414663920043
18.65861344,0.02810711833371481
18.65866923,0.023773556115053024
18.6726706,0.038956282902265965
18.67274022,0.0298619058518349
18.68074203,0.021042191195544367
18.68082094,0.03739986266880293
18.68659139,0.034271763179980166
18.68664837,0.01998931868467231
18.69562364,0.03364614328221561
18.69571805,0.03790341039139391
18.70483661,0.020202944991226063
18.70955539,0.02832074464026856
18.70962071,0.039078355077439536
18.73386288,0.024078736552986955
18.7339828,0.02656595712214847
18.73406005,0.039581902800030516
18.73413014,0.02575722896162356
18.74762177,0.02252231631952392
18.74770093,0.03884946974898909
18.74774742,0.03015182726787213
18.74779844,0.02059967956054017
18.77269721,0.0366826886396582
18.77276516,0.03418020904859999
18.77280211,0.020630197604333562
18.79789567,0.03402761882963302
18.79806972,0.03761348897535668
18.79815078,0.021332112611581598
18.79822373,0.029022659647516595
18.82055688,0.03884946974898909
18.82059669,0.024200808728160526
18.82261825,0.02746623941405356
18.82267427,0.04055848020141909
18.82271647,0.026901655603875793
18.82275677,0.023804074158846417
18.84125543,0.03955138475623712
18.84129786,0.030167086289768826
18.84133458,0.021377889677271687
18.84409881,0.03785763332570382
18.84413624,0.03530937666895552
18.87060571,0.020798046845197222
18.87063384,0.03425650415808347
18.87065768,0.038452735179674985
18.87068129,0.022125581750209813
18.87749004,0.029770351720454717
18.88562799,0.03904783703364614
18.88567019,0.024383916990920882
18.9000237,0.027862973983367668
18.90016222,0.040955214770733196
18.90024209,0.02664225223163195
18.92463708,0.023132677195391776
18.92472792,0.03926146334019989
18.92477345,0.031158922713054094
18.9248147,0.022461280231937133
18.93463182,0.0383916990920882
18.93473458,0.03492790112153811
18.94181776,0.020569161516746776
18.94191885,0.03363088426031891
18.959589,0.03634699015793088
18.95967054,0.021149004348821242
18.95972776,0.031738765545128556
18.95977902,0.04190127412832837
18.97479534,0.025299458304722668
18.99866724,0.0268711375600824
18.9987371,0.041046768902113374
18.99877477,0.026260776684214542
18.9988091,0.023392080567635615
19.00198603,0.04022278171969177
19.00210905,0.031738765545128556
19.01065898,0.02252231631952392
19.01073384,0.03859006637674525
19.01963496,0.03509575036240177
19.01969528,0.0217441062027924
19.03402495,0.03646906233310445
19.03414845,0.04103150988021668
19.04861331,0.024628061341268024
19.0538013,0.03343251697566186
19.05387211,0.042832074464026856
19.05963111,0.026855878538185704
19.0597012,0.029449912260624093
19.06699705,0.04260318913557641
19.06711769,0.027908751049057757
19.07493401,0.02406347753109026
19.0750351,0.039078355077439536
19.08850861,0.030350194552529183
19.08854532,0.021301594567788205
19.09753919,0.0375066758220798
19.09758282,0.03363088426031891
19.12063169,0.019302662699320974
19.12996507,0.033234149691004806
19.13010883,0.03698786907759213
19.13023257,0.019928282597085525
19.13035059,0.03181506065461204
19.13887191,0.046387426565957124
19.13900709,0.03347829404135195
19.13908768,0.04205386434729534
19.1391573,0.06106660563057908
19.16153049,0.05334554055085069
19.16156125,0.03970397497520409
19.18275046,0.03894102388036927
19.18281031,0.019729915312428473
19.18283987,0.009689478904402228
19.1905129,0.025696192874036773
19.19055343,0.03288319218738079
19.2008872,0.019134813458457314
19.2009604,0.03006027313649195
19.20248175,0.03947508964675364
19.20250821,0.023132677195391776
19.20791864,0.025955596246280615
19.20794225,0.03981078812848096
19.22051263,0.025864042114900433
19.22054076,0.02252231631952392
19.23450828,0.03904783703364614
19.23453474,0.030457007705806057
19.24056983,0.021057450217441064
19.25451756,0.03718623636224918
19.25454664,0.03466849774929427
19.25457025,0.02111848630502785
19.25459385,0.03373769741359579
19.26957417,0.038452735179674985
19.26959872,0.02328526741435874
19.27469659,0.03150988021667811
19.27474761,0.0400854505226215
19.29874802,0.023941405355916687
19.29883814,0.02713054093232624
19.29889441,0.04156557564660105
19.29894519,0.02920576791027695
19.31054974,0.026672770275425344
19.31061125,0.042969405661097124
19.32554722,0.03405813687342641
19.32561874,0.024292362859540704
19.33054781,0.04086366063935302
19.33065605,0.039002059967956054
19.35459566,0.025192645151445793
19.35467196,0.03846799420157168
19.35471702,0.041962310215915156
19.35475826,0.02549782558937972
19.36460209,0.03418020904859999
19.3646481,0.043549248493171586
19.36468148,0.026977950713359275
19.3797822,0.029388876173037308
19.37988305,0.042877851529716945
19.39665532,0.029556725413900968
19.39671397,0.025772487983520255
19.40252519,0.04173342488746471
19.4025681,0.031738765545128556
19.42553353,0.020874341954680704
19.42558002,0.036789501792935074
19.43959665,0.03363088426031891
19.43967009,0.020080872816052493
19.43972707,0.03433279926756695
19.4397788,0.037705043106736856
19.43982553,0.02029449912260624
19.46456194,0.028824292362859542
19.46462035,0.038284885938811325
19.46465325,0.022507057297627222
19.46468258,0.025558861676966506
19.47979927,0.03884946974898909
19.47989988,0.02537575341420615
19.49452901,0.0225986114290074
19.49457335,0.039002059967956054
19.49460697,0.029724574654764628
19.49463701,0.02021820401312276
19.50252652,0.036575875486381325
19.5025599,0.033234149691004806
19.50258517,0.019333180743114367
19.51079583,0.03398184176394293
19.51089478,0.03826962691691463
19.51959443,0.019928282597085525
19.51967192,0.02798504615854124
19.53405237,0.038239108873121236
19.5340941,0.023422598611429007
19.55049968,0.026535439078355077
19.55053115,0.039917601281757836
19.56353426,0.025650415808346684
19.56356239,0.022186617837796598
19.56358719,0.03909361409933623
19.56361127,0.029999237048905166
19.56551838,0.020309758144502938
19.57957458,0.03634699015793088
19.5796001,0.03418020904859999
19.58851194,0.020996414129854278
19.61281943,0.03471427481498436
19.61295629,0.038284885938811325
19.61303592,0.02140840772106508
19.61310744,0.02958724345769436
19.61317468,0.03939879453727016
19.61952543,0.02264438849469749
19.61956358,0.025604638742656595
19.62958002,0.040009155413138014
19.62961245,0.026260776684214542
19.63852262,0.022247653925383384
19.64592099,0.03892576485847257
19.64594507,0.030579079880979628
19.66751051,0.02107270923933776
19.66753578,0.03785763332570382
19.66755891,0.0349736781872282
19.67758393,0.020706492713817044
19.67766356,0.03421072709239338
19.68559575,0.037582970931563285
19.68567848,0.020630197604333562
19.70049477,0.029846646829938202
19.70054054,0.0400854505226215
19.70057344,0.02392614633401999
19.72461176,0.026092927443350882
19.72468925,0.039459830624856945
19.72473621,0.02618448157473106
19.72477865,0.023819333180743113
19.73453569,0.0405279621576257
19.73457789,0.031403067063401235
19.74075699,0.021942473487449453
19.74082899,0.03782711528191043
19.75463367,0.035324635690852216
19.75471973,0.023224231326771955
19.76360703,0.03639276722362097
19.76364636,0.039505607690547034
19.77263379,0.023804074158846417
19.78564405,0.03321889066910811
19.78573275,0.04228274967574579
19.79474044,0.025024795910582133
19.79478002,0.02746623941405356
19.8037827,0.04298466468299382
19.8038547,0.029739833676661324
19.80889821,0.025055313954375526
19.80899739,0.04005493247882811
19.81766558,0.031280994888227664
19.81776547,0.021301594567788205
19.84077835,0.0375066758220798
19.84085321,0.033951323720149536
19.84970665,0.01953154802777142
19.86730313,0.03291371023117418
19.86733818,0.0375219348439765
19.8750174,0.020309758144502938
19.87504601,0.030243381399252308
19.87507057,0.04487678339818418
19.87509346,0.035080491340505074
19.8887217,0.043091477836270695
19.88881016,0.0609597924773022
19.89765501,0.05305561913481346
19.89769435,0.04048218509193561
19.90362716,0.04115358205539025
19.90365958,0.021881437399862667
19.90863013,0.008926527809567406
19.92456293,0.024216067750057222
19.92460728,0.032898451209277486
19.93255424,0.019028000305180436
19.93259621,0.027786678873884182
19.94703436,0.0383764400701915
19.9471662,0.02252231631952392
19.94724298,0.025558861676966506
19.94731379,0.04031433585107195
19.9541769,0.026581216144045166
19.95425487,0.02243076218814374
19.96561861,0.03904783703364614
19.96565771,0.031067368581673915
19.96762753,0.021942473487449453
19.99351788,0.036697947661554896
19.99354839,0.033493553063248645
19.99357247,0.020706492713817044
19.9994905,0.034607461661707486
19.99953198,0.037796597238117034
20.00873947,0.021881437399862667
20.00881791,0.031494621194781414
20.01763988,0.04118410009918364
20.01774096,0.024979018844892044
20.03053093,0.02775616083009079
20.03057647,0.04205386434729534
20.03976083,0.028824292362859542
20.06392097,0.024963759822995348
20.06398892,0.04170290684367132
20.06402063,0.033829251544975965
20.06404924,0.02485694666971847
20.06559014,0.04074158846417945
20.065624,0.037964446478980694
20.07876086,0.025726710917830166
20.07891464,0.039917601281757836
20.0836463,0.04274052033264668
20.08374262,0.02610818646524758
20.10762286,0.0345464255741207
20.10769486,0.04423590447852293
20.10775065,0.028137636377508202
20.13058567,0.030731670099946592
20.13064408,0.04414435034714275
20.13067698,0.029556725413900968
20.1307056,0.024490730144197757
20.14474201,0.04057373922331579
20.14481688,0.03181506065461204
20.15456247,0.022629129472800793
20.15464854,0.037872892347600516
20.16250896,0.0345616845960174
20.16254306,0.020859082932784007
20.17602158,0.03317311360341802
20.17614388,0.035538261997405965
20.17622161,0.021301594567788205
20.1900456,0.03141832608529793
20.19015336,0.03999389639124132
20.19022179,0.02252231631952392
20.19026899,0.02499427786678874
20.19960046,0.03961242084382391
20.19967031,0.026977950713359275
20.20860314,0.02340733958953231
20.20866418,0.039291981383993285
20.21766138,0.030579079880979628
20.21772361,0.020401312275883116
20.24184155,0.035828183413443196
20.24196243,0.033066300450141146
20.24203873,0.019806210421911954
20.25860691,0.034317540245670256
20.2586987,0.03830014496070802
20.25875926,0.02238498512245365
20.25881481,0.030182345311665523
20.26451516,0.039078355077439536
20.26455164,0.023483634699015793
20.27753282,0.026367589837491417
20.27755809,0.03959716182192721
20.28749108,0.026855878538185704
20.28751922,0.02340733958953231
20.31052899,0.03959716182192721
20.31055784,0.0311284046692607
20.31058192,0.0217441062027924
20.31251025,0.03820859082932784
20.31253743,0.03564507515068284
20.32052326,0.02093537804226749
20.3345921,0.0336919203479057
20.33464026,0.03723201342793927
20.33467364,0.022018768596932938
20.3439846,0.03158617532616159
20.34410548,0.04036011291676204
20.357517,0.02371252002746624
20.35754538,0.027069504844739453
20.37076569,0.04089417868314641
20.37083769,0.026672770275425344
20.37584281,0.023392080567635615
20.37595296,0.03932249942778668
20.39257812,0.030472266727702754
20.39263749,0.021164263370717938
20.40073228,0.037094682230869
20.4008348,0.03459220263981079
20.4246068,0.021057450217441064
20.42468572,0.034241245136186774
20.43357277,0.03700312809948882
20.43363261,0.020920119020370793
20.44301796,0.03044174868390936
20.44314313,0.04124513618677043
20.44322014,0.024826428625925077
20.45661283,0.026672770275425344
20.45670366,0.03970397497520409
20.47016573,0.028168154421301595
20.47026944,0.025925078202487222
20.479038,0.041992828259708556
20.47916055,0.032898451209277486
20.48858666,0.024124513618677044
20.48868775,0.040329594872968645
20.49355435,0.03781185626001373
20.49361396,0.023529411764705882
20.50803089,0.03706416418707561
20.50815344,0.03939879453727016
20.50822783,0.022583352407110704
20.5206275,0.0311284046692607
20.52070379,0.039917601281757836
20.52257729,0.023422598611429007
20.52262568,0.0260166323338674
20.53058481,0.04013122758831159
20.53064418,0.026382848859388113
20.54508281,0.022705424582284275
20.54520679,0.0392156862745098
20.55862117,0.029739833676661324
20.5587008,0.02034027618829633
20.58285666,0.04042114900434882
20.58294773,0.042969405661097124
20.58300471,0.03517204547188525
20.58304739,0.05551232166018158
20.58309031,0.06073090714885176
20.58455753,0.04626535439078355
20.58462501,0.039002059967956054
20.59851837,0.03396658274204623
20.59854531,0.012573434042877852
20.61302471,0.01266498817425803
20.61314654,0.030426489662012664
20.62561107,0.031952391851682305
20.62567711,0.019592584115358205
20.63998008,0.03230334935530633
20.64007258,0.036041809719996945
20.64011717,0.020706492713817044
20.64196658,0.03010605020218204
20.64209056,0.039505607690547034
20.65552068,0.023392080567635615
20.65560651,0.026001373311970704
20.66370106,0.0396429388876173
20.66375804,0.02630655374990463
20.68761563,0.023392080567635615
20.68769145,0.04046692607003891
20.68773675,0.031906614785992216
20.68777823,0.02183566033417258
20.70265055,0.03801022354467078
20.70272303,0.03588921950102998
20.70277786,0.02191195544365606
20.7130022,0.035492484931715876
20.71321607,0.039078355077439536
20.72061563,0.023422598611429007
20.72069144,0.032166018158236054
20.74455881,0.04144350347142748
20.74459004,0.025604638742656595
20.74461198,0.028336003662165255
20.74463367,0.042969405661097124
20.75452852,0.0307011520561532
20.75457096,0.026886396581979097
20.76371312,0.04319829098954757
20.76378107,0.0345616845960174
20.76383591,0.02554360265506981
20.778934,0.042587930113679714
20.7789588,0.039627679865720605
20.79754019,0.02456702525368124
20.79757833,0.0383764400701915
20.81193304,0.042633707179369804
20.81203294,0.02606240939955749
20.81957316,0.034607461661707486
20.81959748,0.04301518272678721
20.81961942,0.026550698100251773
20.81964135,0.02920576791027695
20.83351493,0.04277103837644007
20.83354092,0.02873273823147936
20.85862994,0.023422598611429007
20.85871935,0.03987182421606775
20.85876608,0.030716411078049895
20.86357856,0.020477607385366598
20.87781119,0.03680476081483177
20.87794781,0.03407339589532311
20.8780241,0.019592584115358205
20.87809372,0.03338673990997177
20.87816215,0.03704890516517891
20.88752103,0.020813305867093918
20.88755918,0.0294193942168307
20.89752698,0.038498512245365074
20.89755249,0.022568093385214007
20.92962837,0.0260166323338674
20.92971349,0.04007019150072481
20.92975044,0.026855878538185704
20.92978406,0.022873273823147935
20.93555379,0.03906309605554284
20.93562913,0.030670634012359806
20.94263935,0.021606775005722133
20.94273067,0.03739986266880293
20.95297837,0.03347829404135195
20.9531002,0.01931792172121767
20.96563268,0.03363088426031891
20.96572614,0.03759822995345998
20.96789765,0.021164263370717938
20.99080586,0.029556725413900968
20.99088335,0.03939879453727016
20.99254775,0.02294956893263142
20.9925952,0.02485694666971847
20.9995904,0.04007019150072481
20.99963665,0.02754253452353704
21.00913167,0.024170290684367133
21.00918055,0.04019226367589838
21.02298665,0.030289158464942397
21.02322483,0.02107270923933776
21.03562069,0.03877317463950561
21.03568339,0.03466849774929427
21.03573012,0.019592584115358205
21.05965114,0.033615625238422216
21.05973077,0.03776607919432364
21.05977631,0.021499961852445258
21.05982065,0.029648279545281146
21.06268311,0.040283817807278556
21.06272244,0.02397192339971008
21.07552218,0.02575722896162356
21.08461452,0.03982604715037766
21.0846839,0.027344167238879988
21.09860778,0.023468375677119097
21.09868622,0.03904783703364614
21.09872437,0.02981612878614481
21.11261153,0.021133745326924545
21.12059951,0.03842221713588159
21.1206243,0.035202563515678645
21.12619567,0.02067597467002365
21.12622643,0.03451590753032731
21.13051772,0.03938353551537346
21.13055921,0.023849851224536506
21.15400791,0.03317311360341802
21.15412712,0.04312199588006409
21.16280675,0.026169222552834364
21.16285777,0.02827496757457847
21.17054081,0.043213550011444266
21.17057896,0.030563820859082932
21.17583609,0.02542153047989624
21.17588639,0.04058899824521248
21.19066739,0.030975814450293737
21.19080377,0.02107270923933776
21.19857073,0.03642328526741436
21.19863296,0.033707179369802394
21.21857381,0.02072175173571374
21.21862268,0.033875028610666054
21.23351407,0.03685053788052186
21.23356795,0.020416571297779813
21.23359942,0.029053177691309988
21.2336278,0.038330663004501414
21.2568419,0.02423132677195392
21.25696373,0.03215075913633936
21.25704026,0.052094300755321586
21.27057338,0.046051728084229804
21.27062535,0.048172732127870606
21.27066159,0.061036087586785685
21.27069473,0.046082246128023197
21.29460859,0.02102693217364767
21.29468513,0.025574120698863202
21.2947309,0.0225986114290074
21.29476643,0.013931486991683834
21.29480815,0.026489662012664988
21.29485154,0.037628747997253374
21.30290842,0.021820401312275882
21.31058168,0.024887464713511862
21.3106308,0.03904783703364614
21.32460117,0.026123445487144275
21.324651,0.022537575341420615
21.33151007,0.03875791561760891
21.33156061,0.029877164873731595
21.35497355,0.020630197604333562
21.35509539,0.03726253147173266
21.3586235,0.03393606469825284
21.35870099,0.019714656290531776
21.36455488,0.03398184176394293
21.36461711,0.039002059967956054
21.37055564,0.0225986114290074
21.3776567,0.03091477836270695
21.37775207,0.03970397497520409
21.39165306,0.0238803692683299
21.3917191,0.027450980392156862
21.40455604,0.04211490043488213
21.40460753,0.02780193789578088
21.42861915,0.024536507209887846
21.42870092,0.041763942931258104
21.42875361,0.03309681849393454
21.42880154,0.02371252002746624
21.4305377,0.04048218509193561
21.43057394,0.038239108873121236
21.43252873,0.023819333180743113
21.44562125,0.03797970550087739
21.44567895,0.041626611734187836
21.45495081,0.025604638742656595
21.45497894,0.03492790112153811
21.4795785,0.044678416113527124
21.47960734,0.02908369573510338
21.47963023,0.032028686961165787
21.47965217,0.04557869840543221
21.4845593,0.030670634012359806
21.48458385,0.02532997634851606
21.49850917,0.04156557564660105
21.49854612,0.03329518577859159
21.49856997,0.023422598611429007
21.51253009,0.03903257801174945
21.53591323,0.03504997329671168
21.53597236,0.02026398107881285
21.53599906,0.03390554665445945
21.53602266,0.03759822995345998
21.53604603,0.021057450217441064
21.54268122,0.029327840085450523
21.54276466,0.03860532539864195
21.55747199,0.022171358815899902
21.55751109,0.025299458304722668
21.5645473,0.03926146334019989
21.56458616,0.025635156786449988
21.59008765,0.022629129472800793
21.59026694,0.03938353551537346
21.5915482,0.029785610742351417
21.59161472,0.019760433356221865
21.59955287,0.036697947661554896
21.59960699,0.034241245136186774
21.60860658,0.020019836728465707
21.60866547,0.033539330128938734
21.61781573,0.03700312809948882
21.61786723,0.020401312275883116
21.63064075,0.029327840085450523
21.63071775,0.03913939116502632
21.63277912,0.023010605020218206
21.65671253,0.025650415808346684
21.65691018,0.040329594872968645
21.65707159,0.02703898680094606
21.65712142,0.0225986114290074
21.66558433,0.03897154192416266
21.66563368,0.030334935530632486
21.67494559,0.020477607385366598
21.67500114,0.03675898374914168
21.68897057,0.034485389486533916
21.68909025,0.020645456626230258
21.69760895,0.03393606469825284
21.69768524,0.03848325322346838
21.71054888,0.021805142290379186
21.73511672,0.03083848325322347
21.73519206,0.04080262455176623
21.73523927,0.024505989166094453
21.73528123,0.025848783093003737
21.7489872,0.039246204318303196
21.74910927,0.026581216144045166
21.74918652,0.023437857633325704
21.74925685,0.039673456931410694
21.75775433,0.03039597161821927
21.75789261,0.021499961852445258
21.76405263,0.03726253147173266
21.76410055,0.0332494087129015
21.77781463,0.01965362020294499
21.79170704,0.033997100785839625
21.79180288,0.03772030212863355
21.79556298,0.02209506370641642
21.79561925,0.0311284046692607
21.79959679,0.040665293354695965
21.79964256,0.024505989166094453
21.80852866,0.029312581063553826
21.80855584,0.04406805523765927
21.81857038,0.029846646829938202
21.81859398,0.025223163195239186
21.83253551,0.04148928053711757
21.83256626,0.032608529793240255
21.845577,0.023056382085908295
21.85457683,0.03953612573434043
21.8625226,0.0371099412527657
21.86256433,0.022110322728313116
21.86753511,0.03402761882963302
21.86757851,0.03688105592431525
21.86760807,0.02084382391088731
21.87550664,0.030518043793392843
21.87553453,0.040115968566414896
21.88458228,0.023025864042114902
21.88460588,0.024658579385061417
21.9085238,0.0388189517051957
21.90855408,0.024551766231784542
21.90857816,0.02119478141451133
21.90860152,0.042420080872816054
21.92394733,0.04077210650797284
21.92411876,0.03698786907759213
21.93353415,0.05993743801022355
21.93360591,0.0601205462729839
21.94681954,0.043549248493171586
21.94696927,0.03859006637674525
21.96267843,0.027878233005264364
21.96276808,0.008957045853360799
21.96282339,0.01715114061188678
21.97350526,0.03562981612878614
21.97353816,0.024246585793850615
21.97356153,0.021225299458304724
21.97358394,0.037705043106736856
21.98889995,0.029327840085450523
21.9891355,0.020538643472953384
22.00399685,0.03749141680018311
22.00405669,0.034576943617914094
22.01838708,0.02034027618829633
22.01842952,0.03376821545738918
22.03351331,0.03672846570534829
22.03356695,0.020279240100709545
22.04751682,0.030212863355458915
22.04758239,0.040329594872968645
22.04763842,0.023636224917982757
22.04768801,0.026123445487144275
22.04773092,0.04103150988021668
22.06059074,0.028824292362859542
22.06067276,0.024841687647821773
22.06952858,0.041382467383840695
22.06957054,0.03150988021667811
22.0785377,0.02169832913710231
22.07857037,0.039291981383993285
22.1025939,0.0375219348439765
22.10265946,0.023270008392462044
22.11060166,0.036087586785687034
22.11063409,0.03985656519417105
22.11067009,0.02511635004196231
22.11250091,0.034653238727397576
22.1125288,0.044007019150072484
22.12567616,0.027832455939574275
22.12581158,0.030670634012359806
22.12751675,0.04522774090180819
22.12755942,0.03187609674219882
22.15085793,0.028885328450446328
22.15091443,0.04592965590905623
22.1587429,0.03572137026016632
22.15886879,0.024872205691615166
22.17250419,0.041886015106431675
22.17254281,0.03909361409933623
22.17257333,0.02328526741435874
22.17260218,0.0354009308003357
22.1726315,0.03808651865415427
22.18818355,0.02178988326848249
22.1883018,0.030472266727702754
22.20062208,0.03956664377813382
22.20070052,0.02333104448004883
22.21449304,0.026535439078355077
22.21452212,0.041260395208667124
22.22948241,0.026245517662317846
22.22951102,0.021499961852445258
22.22953439,0.038666361486228734
22.22955704,0.030899519340810255
22.2335012,0.02084382391088731
22.24752474,0.03675898374914168
22.25253057,0.03390554665445945
22.25257087,0.01943999389639124
22.27608347,0.03346303501945525
22.27613616,0.038117036697947665
22.2761662,0.021332112611581598
22.27619553,0.02929732204165713
22.28551006,0.03859006637674525
22.28555727,0.022659647516594186
22.28558993,0.026489662012664988
22.29953098,0.04060425726710918
22.29955721,0.02613870450904097
22.30959058,0.022232394903486687
22.30968976,0.03913939116502632
22.33360863,0.030334935530632486
22.33368421,0.020523384451056687
22.33372974,0.03620965896086061
22.33377123,0.033783474479285876
22.34377217,0.020691233691920347
22.34386373,0.03433279926756695
22.35529947,0.03782711528191043
22.35535574,0.021393148699168384
22.36276054,0.03044174868390936
22.3627944,0.04034485389486534
22.36968398,0.023849851224536506
22.38661313,0.025879301136797133
22.38669276,0.04019226367589838
22.39753723,0.02713054093232624
22.39757037,0.02288853284504463
22.40286446,0.03855954833295186
22.40292549,0.02989242389562829
22.40866923,0.020798046845197222
22.40871692,0.037247272449835965
22.428514,0.03459220263981079
22.42856216,0.020706492713817044
22.42859554,0.034119172961013196
22.42862725,0.03781185626001373
22.4338479,0.020798046845197222
22.46082902,0.029556725413900968
22.4608736,0.04072632944228275
22.47481608,0.024505989166094453
22.47491193,0.026535439078355077
22.47498274,0.03927672236209659
22.47505736,0.02589456015869383
22.48963213,0.023987182421606777
22.48967576,0.04211490043488213
22.48970914,0.03254749370565347
22.48974156,0.023315785458152133
22.49762893,0.039002059967956054
22.49768281,0.03683527885862516
22.51365852,0.023804074158846417
22.52472353,0.0366826886396582
22.52478743,0.04017700465400168
22.5248425,0.024002441443503473
22.52489448,0.0324254215304799
22.53880525,0.041290913252460516
22.53890085,0.02423132677195392
22.54483318,0.025909819180590526
22.54491901,0.03938353551537346
22.55057788,0.025513084611276417
22.55062819,0.02288853284504463
22.56820536,0.03978027008468757
22.56823254,0.030975814450293737
22.57020617,0.021271076523994813
22.59426856,0.036789501792935074
22.59429741,0.03360036621652552
22.59432101,0.019546807049668116
22.59551859,0.036194399938963916
22.59555268,0.045960173952849626
22.61003494,0.03414969100480659
22.61020565,0.05029373617151141
22.62080455,0.06105134660868238
22.62086415,0.048889906157015335
22.64315033,0.03576714732585641
22.64333534,0.032867933165484094
22.64346027,0.013061722743572137
22.64648414,0.010269321736476692
22.65468836,0.027725642786297397
22.65473628,0.03573662928206302
22.65854073,0.020233463035019456
22.65857363,0.02934309910734722
22.66780186,0.038834210727092394
22.66788173,0.022125581750209813
22.67702627,0.024826428625925077
22.67714953,0.039673456931410694
22.68456078,0.026413366903181506
22.68462086,0.022980086976424813
22.70885539,0.04017700465400168
22.70897627,0.03134203097581445
22.70905018,0.02119478141451133
22.70912027,0.03701838712138552
22.72359061,0.03372243839169909
22.7237103,0.019729915312428473
22.72376537,0.03512626840619516
22.73257852,0.038834210727092394
22.73260236,0.02238498512245365
22.76152372,0.03134203097581445
22.76155186,0.040665293354695965
22.76157498,0.024628061341268024
22.76160073,0.027878233005264364
22.77291632,0.04261844815747311
22.7729516,0.028580148012512397
22.77297544,0.02528419928282597
22.77299809,0.04312199588006409
22.78950882,0.03547722590981918
22.78955054,0.02545204852368963
22.79894209,0.04080262455176623
22.79908061,0.03904783703364614
22.82256913,0.026077668421454186
22.82264543,0.039124132143129625
22.82269025,0.04211490043488213
22.82273173,0.026123445487144275
22.83778119,0.035538261997405965
22.83788657,0.04510566872663462
22.83795977,0.028427557793545433
22.84459758,0.030121309224078737
22.84466529,0.04373235675593194
22.85858345,0.030243381399252308
22.8586452,0.02583352407110704
22.86457992,0.04174868390936141
22.86464262,0.032074464026855876
22.88864565,0.021820401312275882
22.88872147,0.03683527885862516
22.88877082,0.03463797970550088
22.88881326,0.019226367589837492
22.90400434,0.03297474631876097
22.90412688,0.03904783703364614
22.90420485,0.022827496757457846
22.91262484,0.03091477836270695
22.91268873,0.04023804074158847
22.92057776,0.022018768596932938
22.92062402,0.024292362859540704
22.9476099,0.039917601281757836
22.94769907,0.027008468757152668
22.95557952,0.022674906538490882
22.95563436,0.03910887312123293
22.96460056,0.030212863355458915
22.96467304,0.020325017166399634
22.97867799,0.036362249179827576
22.97880387,0.03346303501945525
22.97887349,0.019592584115358205
22.9929893,0.03375295643549248
22.99306226,0.037628747997253374
22.99311686,0.020874341954680704
22.99316955,0.02908369573510338
23.00102806,0.03904783703364614
23.00114894,0.023895628290226595
23.0236342,0.02661173418783856
23.02371001,0.039795529106584265
23.02375603,0.02630655374990463
23.02380586,0.023315785458152133
23.03200793,0.040711070420386054
23.03212953,0.030334935530632486
23.03702235,0.01977569237811856
23.04751921,0.03634699015793088
23.05255508,0.0345616845960174
23.05260205,0.02093537804226749
23.07861876,0.033829251544975965
23.07870793,0.03677424277103838
23.0787549,0.020279240100709545
23.07879782,0.029449912260624093
23.08858037,0.03961242084382391
23.08864737,0.022964827954528116
23.09524894,0.025818265049210344
23.09535909,0.04060425726710918
23.10293937,0.026413366903181506
23.11418009,0.022034027618829635
23.11426926,0.03944457160296025
23.13503742,0.03150988021667811
23.13516021,0.022201876859693295
23.14001703,0.03776607919432364
23.14015627,0.03402761882963302
23.15358448,0.019455252918287938
23.15367198,0.03385976958876936
23.15371966,0.03884946974898909
23.15376425,0.022415503166247044
23.16369343,0.03179980163271534
23.16379738,0.04248111696040284
23.16864705,0.02571145189593347
23.18429399,0.028595407034409093
23.18437171,0.042999923704890516
23.19586062,0.029144731822690166
23.1959312,0.024933241779201955
23.20464897,0.04174868390936141
23.20474148,0.031784542610818645
23.21002483,0.02197299153124285
23.21021581,0.037872892347600516
23.21856332,0.03393606469825284
23.21863055,0.019943541618982222
23.23290348,0.03407339589532311
23.23301339,0.03689631494621195
23.2330904,0.019790951400015258
23.25760555,0.029800869764248113
23.25768089,0.04013122758831159
23.26056337,0.022751201647974364
23.26061273,0.024338139925230793
23.26556158,0.040039673456931414
23.26560974,0.031738765545128556
23.27503419,0.03170824750133516
23.27515531,0.054016937514305335
23.28872395,0.053101396200503546
23.28878856,0.047013046463721675
23.29773021,0.05438315403982605
23.29783082,0.03588921950102998
23.31160951,0.010101472495613032
23.32455349,0.01765468833447776
23.32461405,0.031525139238574806
23.32465696,0.018188754100862136
23.32469654,0.022537575341420615
23.33466077,0.039002059967956054
23.33476114,0.02681010147249561
23.34365916,0.022705424582284275
23.34382677,0.03875791561760891
23.35755157,0.02963302052338445
23.35762143,0.020019836728465707
23.37081957,0.0349736781872282
23.37092066,0.03360036621652552
23.37099767,0.020920119020370793
23.39594865,0.03414969100480659
23.39606714,0.03631647211413749
23.40403175,0.019806210421911954
23.40415239,0.030685893034256503
23.40422678,0.04110780498970016
23.40429807,0.023422598611429007
23.42252827,0.026092927443350882
23.42255831,0.04103150988021668
23.42785048,0.028427557793545433
23.42790222,0.024536507209887846
23.4420023,0.04107728694590677
23.44212222,0.032562752727550166
23.44220042,0.02288853284504463
23.47354507,0.03913939116502632
23.47357416,0.03639276722362097
23.47359681,0.02285801480125124
23.47361922,0.03801022354467078
23.47364092,0.04194705119401846
23.47366333,0.02589456015869383
23.47368455,0.03418020904859999
23.48848915,0.04368657969024185
23.4885323,0.027679865720607308
23.4944737,0.03138780804150454
23.49453592,0.04582284275577935
23.51858997,0.03146410315098802
23.51867676,0.026626993209735255
23.51872444,0.04312199588006409
23.52162552,0.03390554665445945
23.52168608,0.02337682154573892
23.53555179,0.03918516823071641
23.53561735,0.036408026245517665
23.54007506,0.021652552071412222
23.54019737,0.03430228122377356
23.55357027,0.0362554360265507
23.55364895,0.02021820401312276
23.56795573,0.030762188143739988
23.56805873,0.04080262455176623
23.57689285,0.022735942626077667
23.58951592,0.02485694666971847
23.58958721,0.0401007095445182
23.58963275,0.026489662012664988
23.58967447,0.021774624246585793
23.59996986,0.03846799420157168
23.60009336,0.02946517128252079
23.60900021,0.0196078431372549
23.60912061,0.03605706874189364
23.62266016,0.033401998931868467
23.62271929,0.01965362020294499
23.63704777,0.03355458915083543
23.63716912,0.036911573968108645
23.64201927,0.020782787823300525
23.65055156,0.02967879758907454
23.65062809,0.03920042725261311
23.65595961,0.02316319523918517
23.65600967,0.02575722896162356
23.66058207,0.03932249942778668
23.6606338,0.025604638742656595
23.6750958,0.021881437399862667
23.67521524,0.039505607690547034
23.71249485,0.03105210955977722
23.71252966,0.021637293049515526
23.71255612,0.037628747997253374
23.71258068,0.03492790112153811
23.71260428,0.02021820401312276
23.71262717,0.03335622186617838
23.71264958,0.0362554360265507
23.72247982,0.02124055848020142
23.72250533,0.030594338902876324
23.73556828,0.04034485389486534
23.7355926,0.02328526741435874
23.74947906,0.025650415808346684
23.74950337,0.03956664377813382
23.75847793,0.026123445487144275
23.75850153,0.023422598611429007
23.76757002,0.04026855878538186
23.76960564,0.03015182726787213
23.76963878,0.020279240100709545
23.77849555,0.03799496452277409
23.77852607,0.03544670786602579
23.7875154,0.020279240100709545
23.80197549,0.0345464255741207
23.80211568,0.0388189517051957
23.80219316,0.023178454261081866
23.81447649,0.03308155947203784
23.81450224,0.042420080872816054
23.82048035,0.02447547112230106
23.82050753,0.027359426260776684
23.83271241,0.043213550011444266
23.83451152,0.030731670099946592
23.84877229,0.026367589837491417
23.84881687,0.04206912336919204
23.84884715,0.032227054245822846
23.86657214,0.021652552071412222
23.87451148,0.036621652552071414
23.87455702,0.033157854581521325
23.88250947,0.01957732509346151
23.88255334,0.03396658274204623
23.88258219,0.037415121690699625
23.88261032,0.02076752880140383
23.89767885,0.02896162355992981
23.89777088,0.03904783703364614
23.8978169,0.022613870450904097
23.91280532,0.025650415808346684
23.91288877,0.043335622186617836
23.92592502,0.03501945525291829
23.92599654,0.036789501792935074
23.93962169,0.06073090714885176
23.93968701,0.05679407949950408
23.93972325,0.043259327077134355
23.93975663,0.04238956282902266
23.94958401,0.024795910582131684
23.94963765,0.007232776379034104
23.96385741,0.02059967956054017
23.96398187,0.03529411764705882
23.96703029,0.02145418478675517
23.98969102,0.02545204852368963
23.98981071,0.039459830624856945
23.98988724,0.02554360265506981
23.98995757,0.02214084077210651
24.00001884,0.03947508964675364
24.00014162,0.03134203097581445
24.00860333,0.020996414129854278
24.00868177,0.03660639353017472
24.02605653,0.03347829404135195
24.02609706,0.019562066071564813
24.03466821,0.03405813687342641
24.03475499,0.03784237430380712
24.04558635,0.02084382391088731
24.05772066,0.029617761501487753
24.05782032,0.03935301747158007
24.07183743,0.023804074158846417
24.0719161,0.027924010070954453
24.07196069,0.042298008697642483
24.07200217,0.02766460669871061
24.08057189,0.023651483939879453
24.08063293,0.041336690318150605
24.08764911,0.03288319218738079
24.08774853,0.023346303501945526
24.11062169,0.04005493247882811
24.1106863,0.037247272449835965
24.11254716,0.023590447852292667
24.13704228,0.03887998779278248
24.13716292,0.04261844815747311
24.13723874,0.02589456015869383
24.13731027,0.03462272068360418
24.14551258,0.044129091325246055
24.14555454,0.028381780727855344
24.14558959,0.03167772945754177
24.14562273,0.0452124818799115
24.15551448,0.03172350652323186
24.1555407,0.027267872129396506
24.16306925,0.043335622186617836
24.16318893,0.0340886549172198
24.18263841,0.02392614633401999
24.18271446,0.03973449301899748
24.18276024,0.03543144884412909
24.20160127,0.020691233691920347
24.20162511,0.0345616845960174
24.2016468,0.03749141680018311
24.21256685,0.021164263370717938
24.21263456,0.030640115968566414
24.21266842,0.0400854505226215
24.21851921,0.023254749370565347
24.21854448,0.02589456015869383
24.23256946,0.04007019150072481
24.23259354,0.0268711375600824
24.25284481,0.0225986114290074
24.25292468,0.03887998779278248
24.26576591,0.02954146639200427
24.26586604,0.020782787823300525
24.26756454,0.03717097734035248
24.26761365,0.034271763179980166
24.27755046,0.019394216830701153
24.27761269,0.03393606469825284
24.28458285,0.03718623636224918
24.28464222,0.020019836728465707
24.29875994,0.02970931563286793
24.29882979,0.03961242084382391
24.31260085,0.022827496757457846
24.31269646,0.025680933852140077
24.31275487,0.03997863736934462
24.32459211,0.026413366903181506
24.32465458,0.02357518883039597
24.33062387,0.04060425726710918
24.3306973,0.03048752574959945
24.34461117,0.020538643472953384
24.34468699,0.03764400701915007
24.35862827,0.0349736781872282
24.35870099,0.02145418478675517
24.38264441,0.03547722590981918
24.38272119,0.03768978408484016
24.38276744,0.020477607385366598
24.38281226,0.0298619058518349
24.38285398,0.039459830624856945
24.38584685,0.02337682154573892
24.38589907,0.026535439078355077
24.39975405,0.040375371938658734
24.39982605,0.026001373311970704
24.40862346,0.023804074158846417
24.40869999,0.04119935912108034
24.44091535,0.031448844129091325
24.44096494,0.02102693217364767
24.44099641,0.038117036697947665
24.4410255,0.036789501792935074
24.44105482,0.023651483939879453
24.44108319,0.037125200274662394
24.4411118,0.039124132143129625
24.45555496,0.023132677195391776
24.45559669,0.032562752727550166
24.46458817,0.04362554360265507
24.46461678,0.02681010147249561
24.48452234,0.028702220187685968
24.48454881,0.042328526741435876
24.48952985,0.028290226596475166
24.48956084,0.02374303807125963
24.49851465,0.03851377126726177
24.4985435,0.029114213778896773
24.49856806,0.020538643472953384
24.50864744,0.03801022354467078
24.52297521,0.034317540245670256
24.5230217,0.019714656290531776
24.53584671,0.03384451056687266
24.53595614,0.03675898374914168
24.54982066,0.019348439765011063
24.54986954,0.03170824750133516
24.57360983,0.04724193179217212
24.57369852,0.036957351033798734
24.58054447,0.046295872434576946
24.58060503,0.06106660563057908
24.589535,0.05125505455100328
24.58957624,0.034195468070496685
24.58960915,0.03308155947203784
24.60375023,0.0174868390936141
24.60383105,0.01126115815976196
24.60387421,0.028030823224231328
24.61763215,0.035492484931715876
24.61769032,0.021255817502098116
24.61772823,0.02920576791027695
24.61776423,0.03855954833295186
24.63074565,0.022659647516594186
24.63085222,0.02571145189593347
24.63704944,0.039627679865720605
24.63717151,0.025772487983520255
24.64558244,0.021850919356069275
24.64564109,0.03909361409933623
24.65452647,0.030334935530632486
24.65457201,0.020706492713817044
24.66900349,0.03739986266880293
24.66914272,0.03506523231860838
24.68927026,0.021347371633478295
24.68933845,0.03466849774929427
24.68937135,0.03884946974898909
24.68940043,0.022415503166247044
24.69986939,0.030930037384603648
24.69995761,0.04036011291676204
24.70003414,0.0243076218814374
24.71459961,0.02822919050888838
24.71467042,0.042969405661097124
24.72879624,0.028976882581826506
24.72888756,0.02491798275730526
24.74449444,0.04173342488746471
24.74457121,0.03356984817273213
24.74806166,0.025146868085755704
24.74811435,0.04211490043488213
24.75540233,0.03889524681467918
24.75547981,0.024673838406958113
24.76784229,0.03926146334019989
24.76796556,0.042328526741435876
24.76804185,0.02532997634851606
24.78265738,0.03483634699015793
24.78272557,0.04431219958800641
24.79595613,0.026794842450598915
24.79602933,0.029221026932173648
24.80959845,0.04428168154421302
24.80967546,0.030518043793392843
24.80972242,0.025406271457999542
24.8097651,0.041092545967803464
24.82178593,0.03141832608529793
24.82182717,0.02252231631952392
24.83380985,0.03801022354467078
24.83394623,0.0345464255741207
24.83402467,0.02157625696192874
24.84953761,0.03434805828946365
24.84959984,0.03654535744258793
24.86289716,0.01977569237811856
24.86295652,0.02868696116578927
24.86775565,0.03778133821622034
24.86782837,0.023041123064011598
24.87958837,0.026535439078355077
24.87964439,0.04081788357366293
24.88458538,0.02635233081559472
24.88463092,0.022339208056763562
24.8958807,0.03875791561760891
24.89594889,0.02989242389562829
24.90466523,0.02140840772106508
24.92894721,0.03782711528191043
24.92897654,0.03485160601205463
24.92900109,0.01957732509346151
24.93052697,0.0328374151216907
24.93059492,0.03714045929655909
24.94249701,0.020859082932784007
24.94253778,0.030548561837186235
24.95552015,0.039749752040894176
24.95556045,0.02307164110780499
24.95558643,0.02532997634851606
24.96453881,0.03994811932555123
24.96456456,0.02656595712214847
24.99580026,0.023132677195391776
24.9959383,0.03955138475623712
24.99601436,0.03002975509269856
24.99608421,0.02076752880140383
25.00960708,0.037918669413290605
25.0097034,0.03430228122377356
25.02259994,0.020202944991226063
25.02265787,0.03546196688792248
25.02270269,0.03875791561760891
25.02274466,0.021271076523994813
25.03181291,0.029617761501487753
25.03194952,0.03970397497520409
25.03202772,0.02413977264057374
25.05588365,0.0272983901731899
25.05600548,0.04115358205539025
25.06175995,0.02749675745784695
25.06182861,0.02459754329747463
25.07458878,0.04147402151522087
25.07465458,0.03181506065461204
25.07469201,0.02333104448004883
25.07472587,0.04144350347142748
25.09000921,0.03825436789501793
25.09011316,0.023315785458152133
25.09680462,0.03639276722362097
25.09695506,0.0388189517051957
25.10961246,0.022278171969176776
25.11866045,0.030670634012359806
25.11873317,0.039124132143129625
25.13305187,0.02272068360418097
25.13317275,0.02578774700541695
25.13861823,0.040161745632104985
25.13868594,0.02652018005645838
25.13872194,0.022842755779354542
25.13876009,0.03952086671244373
25.15407562,0.030457007705806057
25.15414834,0.019592584115358205
25.17763972,0.03660639353017472
25.17771697,0.0383916990920882
25.17776346,0.030182345311665523
25.17780566,0.04962233920805676
25.17784715,0.059739070725566494
25.19304037,0.04715037766079194
25.1931603,0.048096437018387124
25.19783139,0.040451667048142216
25.19798994,0.012146181429770352
25.21062922,0.010269321736476692
25.21070695,0.02848859388113222
25.22489619,0.029877164873731595
25.22496915,0.01760891126878767
25.24864531,0.032562752727550166
25.24873161,0.036743724727244985
25.24877667,0.02026398107881285
25.25799799,0.029144731822690166
25.25810122,0.0388189517051957
25.26705146,0.02238498512245365
25.2671721,0.026504921034561684
25.27863574,0.040543221179522394
25.2787118,0.025741969939726862
25.27875686,0.02238498512245365
25.27879882,0.0400854505226215
25.29289556,0.030518043793392843
25.29299784,0.021087968261234456
25.31064558,0.037293049515526054
25.31072378,0.03389028763256275
25.3107717,0.020416571297779813
25.31258225,0.035828183413443196
25.31262636,0.039337758449683374
25.32054186,0.021515220874341955
25.32058024,0.030670634012359806
25.33399558,0.04080262455176623
25.33402133,0.025696192874036773
25.34354877,0.029221026932173648
25.34359097,0.04235904478522927
25.35253286,0.029068436713206684
25.35255742,0.02677958342870222
25.36557078,0.04295414663920043
25.36559319,0.03384451056687266
25.37951469,0.02532997634851606
25.37956142,0.043335622186617836
25.37960315,0.04034485389486534
25.38950348,0.02589456015869383
25.38952804,0.038284885938811325
25.39957333,0.041626611734187836
25.41512203,0.025467307545586328
25.41517186,0.03476005188067445
25.42789078,0.043091477836270695
25.4280014,0.025528343633173113
25.42807865,0.028992141603723202
25.44054317,0.04324406805523766
25.44057274,0.02810711833371481
25.44410491,0.023010605020218206
25.4441514,0.03955138475623712
25.45649672,0.03015182726787213
25.45653272,0.01974517433432517
25.46501732,0.037079423208972305
25.46513987,0.03500419623102159
25.4886291,0.020859082932784007
25.4887054,0.03414969100480659
25.4887495,0.03747615777828641
25.48879147,0.02059967956054017
25.50498104,0.029694056610971235
25.50514913,0.039963378347447925
25.50522327,0.02264438849469749
25.50753713,0.024887464713511862
25.5075984,0.03949034866865034
25.51958656,0.02639810788128481
25.51964927,0.023224231326771955
25.53367186,0.039124132143129625
25.53374505,0.02967879758907454
25.54955125,0.019806210421911954
25.54959917,0.036865796902418556
25.55901122,0.03485160601205463
25.55911136,0.02111848630502785
25.55918622,0.034576943617914094
25.55925417,0.03683527885862516
25.56904125,0.020691233691920347
25.57662916,0.030167086289768826
25.57670546,0.03904783703364614
25.58964372,0.023193713282978562
25.58971405,0.026367589837491417
25.61672091,0.0401007095445182
25.61680007,0.027054245822842757
25.62869382,0.024628061341268024
25.62876582,0.04025329976348516
25.63799429,0.030640115968566414
25.63812733,0.021469443808651865
25.6456039,0.036575875486381325
25.64566374,0.03442435339894713
25.64570975,0.02059967956054017
25.65997219,0.03372243839169909
25.66007137,0.03778133821622034
25.66014791,0.021759365224689096
25.66022015,0.030731670099946592
25.68353081,0.03985656519417105
25.68356323,0.023193713282978562
25.68358755,0.02630655374990463
25.68361115,0.041962310215915156
25.68967104,0.029907682917524988
25.6897707,0.026825360494392308
25.7074821,0.04252689402609293
25.70750785,0.032654306858930345
25.70753598,0.023590447852292667
25.70755911,0.04148928053711757
25.72258186,0.03747615777828641
25.7226615,0.022186617837796598
25.722718,0.03576714732585641
25.74551105,0.0383764400701915
25.74553752,0.02162203402761883
25.74753428,0.030334935530632486
25.74756861,0.039749752040894176
25.75248408,0.02340733958953231
25.75250912,0.026260776684214542
25.76862526,0.0392156862745098
25.76865005,0.02545204852368963
25.77553177,0.022400244144350347
25.77560163,0.038956282902265965
25.80000162,0.02937361715114061
25.80014181,0.020660715648126955
25.80505061,0.04165712977798123
25.80515242,0.043717097734035246
25.81054497,0.03790341039139391
25.81066751,0.059540703440909434
25.81960535,0.06063935301747158
25.81967974,0.03935301747158007
25.83381987,0.030640115968566414
25.83395886,0.027954528114747846
25.83402705,0.011917296101319905
25.84875941,0.01589990081635767
25.84884858,0.03576714732585641
25.84889627,0.02742046234836347
25.87252307,0.018692301823453116
25.87255502,0.03634699015793088
25.87257981,0.03364614328221561
25.87451458,0.019165331502250707
25.87455297,0.03335622186617838
25.88757586,0.03723201342793927
25.88765812,0.021179522392614634
25.90194869,0.029831387808041506
25.90208507,0.03901731898985275
25.90216398,0.022796978713664453
25.92554855,0.0264438849469749
25.92560005,0.0401007095445182
25.92563939,0.02549782558937972
25.92567372,0.023422598611429007
25.92771173,0.040711070420386054
25.92775774,0.030075532158388648
25.94161057,0.022201876859693295
25.94168806,0.039124132143129625
25.94961429,0.03506523231860838
25.94967341,0.020996414129854278
25.96405721,0.03573662928206302
25.96418023,0.039002059967956054
25.97760606,0.023315785458152133
25.9907558,0.034042877851529714
25.99085498,0.04315251392385748
25.99279165,0.026092927443350882
25.99283314,0.02975509269855802
25.99903727,0.04431219958800641
25.99915957,0.03141832608529793
26.01284909,0.028641184100099183
26.01292586,0.04472419317921721
26.01854324,0.034485389486533916
26.01860332,0.02481116960402838
26.04361486,0.04231326771953918
26.04369044,0.03910887312123293
26.04373479,0.024200808728160526
26.04959583,0.03718623636224918
26.04965544,0.040665293354695965
26.05687118,0.023468375677119097
26.05694175,0.03170824750133516
26.06456256,0.040512703135729
26.06459951,0.023636224917982757
26.07349992,0.02635233081559472
26.07352424,0.039719233997100784
26.09804749,0.025360494392309453
26.0981679,0.022827496757457846
26.11055231,0.039963378347447925
26.11059427,0.030212863355458915
26.11062884,0.020523384451056687
26.12469769,0.03654535744258793
26.12472153,0.032867933165484094
26.12474394,0.019043259327077136
26.1247654,0.033539330128938734
26.14854217,0.037628747997253374
26.1485703,0.021210040436408027
26.1485939,0.03010605020218204
26.15052581,0.03886472877088579
26.15056872,0.022674906538490882
26.15060472,0.026459143968871595
26.17448664,0.04046692607003891
26.17451358,0.026092927443350882
26.17454171,0.022537575341420615
26.17456532,0.038834210727092394
26.18989992,0.029571984435797664
26.18996,0.02145418478675517
26.19899988,0.037750820172426945
26.1991384,0.03334096284428168
26.21056724,0.01969939726863508
26.21064639,0.034409094377050434
26.22469306,0.03688105592431525
26.22477484,0.020965896086060882
26.23863006,0.031189440756847486
26.23871756,0.040039673456931414
26.23876548,0.022842755779354542
26.24759793,0.025482566567483024
26.24766016,0.03926146334019989
26.26866841,0.026459143968871595
26.26874733,0.02406347753109026
26.26880169,0.04017700465400168
26.26887083,0.030075532158388648
26.27165079,0.020462348363469902
26.27172756,0.03884946974898909
26.29491854,0.036789501792935074
26.29504323,0.020706492713817044
26.29658675,0.03297474631876097
26.29663444,0.03605706874189364
26.29667068,0.020462348363469902
26.31064034,0.030731670099946592
26.31071734,0.040115968566414896
26.32460356,0.023346303501945526
26.32467628,0.027100022888532846
26.32473254,0.04248111696040284
26.3247838,0.02920576791027695
26.34962058,0.025436789501792935
26.34968877,0.04205386434729534
26.35488248,0.03254749370565347
26.35497546,0.02383459220263981
26.36092019,0.04089417868314641
26.36099052,0.03738460364690623
26.36799693,0.02285801480125124
26.38057661,0.035324635690852216
26.38063788,0.036743724727244985
26.3855629,0.01957732509346151
26.38562155,0.030823224231326773
26.40958023,0.040543221179522394
26.40965605,0.022980086976424813
26.4097023,0.025406271457999542
26.40974498,0.03930724040588998
26.41959643,0.025406271457999542
26.41966867,0.022201876859693295
26.43384314,0.03776607919432364
26.43396378,0.029388876173037308
26.43404055,0.025772487983520255
26.44350815,0.04815747310597391
26.44356012,0.05078202487220569
26.46790099,0.0434882124055848
26.46800113,0.05946440833142595
26.46807718,0.053147173266193636
26.46814823,0.021133745326924545
26.47751522,0.020202944991226063
26.47754264,0.029053177691309988
26.48551631,0.01667811093308919
26.4855442,0.023025864042114902
26.49990082,0.03846799420157168
26.49993658,0.025223163195239186
26.51754355,0.02276646066987106
26.5176034,0.038406958113984896
26.54256153,0.029068436713206684
26.54265571,0.020706492713817044
26.54269505,0.037201495384145876
26.5427289,0.03234912642099642
26.54484773,0.01896696421759365
26.54489946,0.03350881208514534
26.55875826,0.03700312809948882
26.55889535,0.021499961852445258
26.55897427,0.03096055542839704
26.55904388,0.039337758449683374
26.5591116,0.022491798275730526
26.58266401,0.02613870450904097
26.58272552,0.04075684748607614
26.59683251,0.027313649195086595
26.59695482,0.024322880903334097
26.60191011,0.04081788357366293
26.60203266,0.03138780804150454
26.60959458,0.02328526741435874
26.60967159,0.04055848020141909
26.61859417,0.036194399938963916
26.61866856,0.022751201647974364
26.6328187,0.038284885938811325
26.63294077,0.04060425726710918
26.63301706,0.02406347753109026
26.65792632,0.03518730449378195
26.65804553,0.044678416113527124
26.65811944,0.02810711833371481
26.65819001,0.03096055542839704
26.66402197,0.043884946974898906
26.66414404,0.029236285954070344
26.67758155,0.02732890821698329
26.67765665,0.044754711223010606
26.68660283,0.03442435339894713
26.68667579,0.024460212100404364
26.70959449,0.040665293354695965
26.70967674,0.03598077363241016
26.70973134,0.021164263370717938
26.72367716,0.035202563515678645
26.72377777,0.038452735179674985
26.72385645,0.022125581750209813
26.72392726,0.03083848325322347
26.73352313,0.03903257801174945
26.73354983,0.021774624246585793
26.74250913,0.02520790417334249
26.74253607,0.03952086671244373
26.75084901,0.02664225223163195
26.75088596,0.02357518883039597
26.775841,0.03852903028915847
26.7760036,0.028595407034409093
26.77609134,0.020904859998474096
26.77616334,0.03721675440604257
26.77623439,0.03280689707789731
26.79054618,0.019424734874494545
26.79058242,0.03347829404135195
26.7985189,0.0357976653696498
26.81424761,0.020141908903639278
26.81432796,0.030426489662012664
26.81436753,0.038406958113984896
26.83151293,0.022415503166247044
26.83154655,0.027069504844739453
26.84787083,0.04046692607003891
26.84789991,0.02520790417334249
26.84792352,0.022842755779354542
26.84794784,0.04080262455176623
26.85452747,0.030212863355458915
26.85456657,0.020202944991226063
26.86792469,0.037094682230869
26.86796641,0.03381399252307927
26.88796949,0.0196078431372549
26.88805389,0.034531166552224005
26.88812566,0.037415121690699625
26.88818765,0.020798046845197222
26.90353823,0.031097886625467308
26.90357256,0.03955138475623712
26.90359855,0.022674906538490882
26.91437244,0.026764324406805522
26.91440868,0.04031433585107195
26.92063141,0.02571145189593347
26.92067194,0.023254749370565347
26.93454051,0.04014648661020829
26.934582,0.030121309224078737
26.96128368,0.021484702830548562
26.9613421,0.03797970550087739
26.97263479,0.033661402304112305
26.97267985,0.020691233691920347
26.97271466,0.035660334172579536
26.97274661,0.03814755474174106
26.9811511,0.02157625696192874
26.99391532,0.031570916304264895
26.99395585,0.0396429388876173
27.00089931,0.023529411764705882
27.00096846,0.02925154497596704
27.00972652,0.04373235675593194
27.00987744,0.028381780727855344
27.0335362,0.02554360265506981
27.03357768,0.04272526131074998
27.03360915,0.032867933165484094
27.03363824,0.023819333180743113
27.03557253,0.03956664377813382
27.03562546,0.03422598611429008
27.03566456,0.021149004348821242
27.05258489,0.03509575036240177
27.05264568,0.037201495384145876
27.05269146,0.021316853589684902
27.05273366,0.03138780804150454
27.0656333,0.038834210727092394
27.06570435,0.02197299153124285
27.08062196,0.026169222552834364
27.08069849,0.04025329976348516
27.09356093,0.025177386129549097
27.0936203,0.0225986114290074
27.09366798,0.041504539559014265
27.09371257,0.03747615777828641
27.10095954,0.03300526436255436
27.11462665,0.05560387579156176
27.11465621,0.058823529411764705
27.12091231,0.046128023193713286
27.12094116,0.04631113145647364
27.1395278,0.03210498207064927
27.13955259,0.00788891432059205
27.15400791,0.015228503852903029
27.15405035,0.03225757228961624
27.15408134,0.026153963530937668
27.15411186,0.019760433356221865
27.16362047,0.03677424277103838
27.16368198,0.03329518577859159
27.17002439,0.019562066071564813
27.18063974,0.03372243839169909
27.18071437,0.03714045929655909
27.19400382,0.021484702830548562
27.19404006,0.03187609674219882
27.20677161,0.04080262455176623
27.20683002,0.02276646066987106
27.21558166,0.02504005493247883
27.21563649,0.03904783703364614
27.2199502,0.02618448157473106
27.21999002,0.024628061341268024
27.23360229,0.04080262455176623
27.23367023,0.030212863355458915
27.23372269,0.02230869001297017
27.24852014,0.03915465018692302
27.24854922,0.03434805828946365
27.27295899,0.020645456626230258
27.27305818,0.03633173113603418
27.28609157,0.03987182421606775
27.28616667,0.023651483939879453
27.28621387,0.03335622186617838
27.28625607,0.041992828259708556
27.28873634,0.026382848859388113
27.28880286,0.030518043793392843
27.3011229,0.0435034714274815
27.30117941,0.029785610742351417
27.31857419,0.030289158464942397
27.31865716,0.04737926298924239
27.33252954,0.03675898374914168
27.33258057,0.026001373311970704
27.34855175,0.04090943770504311
27.34862661,0.03772030212863355
27.3486855,0.024963759822995348
27.34873748,0.03903257801174945
27.35455346,0.04023804074158847
27.3546176,0.023468375677119097
27.36367726,0.03347829404135195
27.36378741,0.040833142595559625
27.36899734,0.02371252002746624
27.3830297,0.02732890821698329
27.38309622,0.04072632944228275
27.39567065,0.02627603570611124
27.39578128,0.024109254596780347
27.40480137,0.04097047379262989
27.40493894,0.03079270618753338
27.40501428,0.02119478141451133
27.40506983,0.038452735179674985
27.41986966,0.03471427481498436
27.41997409,0.020416571297779813
27.4337945,0.033783474479285876
27.43395948,0.03614862287327383
27.43403554,0.0208896009765774
27.46061516,0.031616693369954985
27.46069074,0.03906309605554284
27.4625833,0.021164263370717938
27.46263123,0.02571145189593347
27.46801758,0.04036011291676204
27.46813846,0.02630655374990463
27.47665739,0.02418554970626383
27.4767437,0.039887083237964444
27.48456621,0.02917524986648356
27.48462605,0.020996414129854278
27.49896693,0.03756771190966659
27.499089,0.033325703822384985
27.50814342,0.020660715648126955
27.52168155,0.03573662928206302
27.52174425,0.03755245288776989
27.52749395,0.02043183031967651
27.52752018,0.031143663691157397
27.54650617,0.041092545967803464
27.54653573,0.025024795910582133
27.55451226,0.028458075837338826
27.5545485,0.04040588998245213
27.55457759,0.02545204852368963
27.55460715,0.023392080567635615
27.579633,0.03987182421606775
27.5797236,0.029907682917524988
27.57978344,0.021774624246585793
27.57983851,0.03872739757381552
27.57989383,0.03451590753032731
27.58955073,0.02140840772106508
27.58958769,0.035828183413443196
27.60056305,0.03714045929655909
27.61256003,0.02038605325398642
27.61262941,0.030716411078049895
27.61266136,0.03976501106279087
27.62552643,0.023422598611429007
27.62555313,0.027435721370260166
27.63956881,0.040665293354695965
27.6395936,0.027023727779049364
27.66380811,0.024841687647821773
27.66394281,0.041458762493324176
27.66397858,0.0315556572823682
27.66400909,0.022674906538490882
27.67284822,0.03894102388036927
27.67299676,0.0341039139391165
27.67762661,0.020874341954680704
27.67770219,0.03701838712138552
27.68704128,0.04069581139848936
27.68710828,0.024048218509193562
27.69997668,0.033615625238422216
27.70010114,0.04206912336919204
27.71359301,0.026077668421454186
27.71368217,0.03036545357442588
27.71373105,0.04277103837644007
27.72361565,0.027100022888532846
27.72367263,0.024750133516441595
27.72972059,0.04151979858091096
27.72980309,0.03091477836270695
27.74366498,0.02178988326848249
27.74374986,0.03767452506294346
27.75759816,0.033279926756694896
27.75765705,0.020965896086060882
27.77503252,0.03701838712138552
27.7751534,0.03773556115053025
27.77522826,0.01991302357518883
27.78113341,0.029221026932173648
27.78118277,0.03910887312123293
27.78761816,0.027603570611123826
27.78771663,0.03802548256656748
27.80172896,0.05658045319295033
27.80178285,0.049393453879606315
27.80804801,0.05091935606927596
27.80816865,0.05822842755779355
27.83084297,0.031403067063401235
27.83095384,0.01014724956130312
27.83403611,0.02124055848020142
27.83415985,0.027725642786297397
27.83423686,0.01675440604257267
27.84278107,0.030930037384603648
27.84288907,0.04005493247882811
27.85762572,0.022247653925383384
27.85768986,0.02639810788128481
27.8637042,0.04026855878538186
27.86378789,0.025391012436102846
27.88765407,0.023956664377813384
27.88773108,0.03987182421606775
27.88777614,0.02844281681544213
27.88781977,0.0200503547722591
27.90286899,0.037460898756389714
27.90298986,0.0336919203479057
27.90306544,0.02084382391088731
27.90983915,0.03595025558861677
27.90997243,0.037918669413290605
27.92351174,0.021728847180895704
27.9235611,0.031784542610818645
27.9379549,0.039841306172274354
27.93798447,0.023422598611429007
27.96357775,0.028076600289921417
27.9636054,0.04165712977798123
27.96362805,0.027740901808194093
27.96365023,0.025818265049210344
27.97752166,0.04217593652246891
27.97754812,0.0332646677347982
27.97757149,0.02575722896162356
27.98550844,0.04240482185091936
27.98553371,0.03834592202639811
27.99048185,0.02406347753109026
27.99050593,0.03854428931105516
28.00453067,0.04158083466849775
28.01891136,0.026199740596627757
28.01896214,0.0366826886396582
28.01899576,0.044251163500419625
28.02551174,0.027283131151293202
28.02553749,0.0315403982604715
28.03455067,0.04411383230334936
28.03457379,0.029312581063553826
28.04756904,0.026947432669565882
28.04764175,0.04164187075608453
28.05356908,0.03163195239185168
28.05360222,0.02328526741435874
28.07960534,0.03926146334019989
28.07968569,0.03445487144274052
28.07973313,0.020920119020370793
28.07977772,0.035156786449988556
28.08255315,0.037293049515526054
28.08260965,0.020996414129854278
28.09770489,0.0315556572823682
28.09780478,0.03944457160296025
28.09788156,0.0217441062027924
28.11261868,0.025467307545586328
28.11269641,0.04034485389486534
28.12558389,0.02571145189593347
28.12564206,0.02349889372091249
28.13980007,0.039719233997100784
28.1398778,0.029449912260624093
28.14938879,0.02128633554589151
28.14947557,0.03723201342793927
28.14952254,0.03251697566186008
28.1495645,0.0196078431372549
28.16500974,0.03488212405584802
28.16511059,0.03607232776379034
28.16518569,0.019043259327077136
28.1796174,0.03022812237735561
28.17968488,0.03918516823071641
28.19364667,0.023010605020218206
28.19372106,0.028290226596475166
28.20304513,0.041092545967803464
28.20316529,0.02597085526817731
28.20918703,0.02418554970626383
28.20933509,0.03949034866865034
28.22256517,0.028595407034409093
28.22262716,0.021423666742961776
28.22763538,0.03822384985122454
28.22776842,0.03343251697566186
28.23577952,0.020813305867093918
28.25965786,0.035324635690852216
28.25972629,0.036743724727244985
28.26170111,0.020752269779507133
28.26180005,0.031097886625467308
28.26187325,0.038574807354848556
28.26194143,0.022491798275730526
28.27600574,0.02754253452353704
28.27602959,0.040039673456931414
28.28449774,0.024444953078507668
28.28452826,0.02340733958953231
28.30047894,0.04026855878538186
28.30050373,0.03083848325322347
28.30805564,0.022659647516594186
28.32149005,0.03814755474174106
28.32749391,0.03279163805600061
28.32754183,0.020065613794155796
28.3335247,0.03485160601205463
28.33359838,0.0362706950484474
28.33365321,0.02076752880140383
28.3455162,0.0324101625085832
28.35551047,0.04022278171969177
28.35555673,0.023041123064011598
28.35558867,0.027389944304570077
28.36953282,0.04080262455176623
28.3695612,0.02618448157473106
28.3888309,0.024322880903334097
28.38890314,0.04039063096055543
28.40051889,0.030014496070801863
28.40056539,0.02293430991073472
28.40257478,0.04042114900434882
28.40265274,0.03588921950102998
28.41214371,0.022034027618829635
28.41226768,0.03631647211413749
28.42460346,0.03927672236209659
28.42469001,0.024933241779201955
28.4492259,0.03552300297550927
28.44938016,0.041290913252460516
28.44955921,0.02307164110780499
28.46487856,0.027573052567330433
28.4649539,0.0405279621576257
28.46501064,0.025803006027313648
28.46506286,0.02374303807125963
28.48365927,0.03959716182192721
28.48376727,0.02908369573510338
28.48385167,0.020920119020370793
28.48390508,0.0371099412527657
28.48655033,0.03108262760357061
28.48660493,0.018646524757763027
28.50985026,0.03718623636224918
28.50997186,0.04385442893110551
28.51004744,0.032776379034103915
28.5100944,0.05056839856565194
28.51013589,0.060914015411612114
28.52465796,0.04603646906233311
28.52473378,0.03865110246433204
28.53058124,0.03642328526741436
28.53063393,0.01399252307927062
28.54608512,0.010772869459067674
28.54622173,0.028366521705958648
28.56879163,0.033279926756694896
28.56892323,0.018188754100862136
28.5689981,0.03065537499046311
28.56906915,0.03939879453727016
28.56913757,0.022964827954528116
28.57898664,0.026764324406805522
28.57910895,0.03939879453727016
28.59426546,0.02464332036316472
28.5943644,0.023346303501945526
28.59753704,0.039459830624856945
28.5975945,0.028625925078202486
28.62233591,0.020828564888990615
28.62244225,0.03802548256656748
28.62249589,0.03230334935530633
28.62254739,0.018524452582589456
28.63595366,0.033157854581521325
28.63605714,0.03730830853742275
28.63760185,0.02307164110780499
28.64610815,0.034271763179980166
28.64623046,0.040451667048142216
28.65462255,0.023651483939879453
28.65470123,0.02912947280079347
28.67903972,0.042542153047989625
28.67916012,0.027786678873884182
28.69394541,0.02664225223163195
28.69402027,0.042542153047989625
28.69757724,0.032318608377203024
28.69762707,0.025528343633173113
28.70364952,0.04301518272678721
28.70372128,0.037582970931563285
28.70377707,0.024383916990920882
28.71666574,0.03959716182192721
28.71673632,0.04122987716487373
28.73952127,0.024505989166094453
28.73955154,0.0345464255741207
28.74858236,0.04298466468299382
28.7486062,0.027023727779049364
28.74862838,0.032227054245822846
28.74864984,0.046051728084229804
28.76551986,0.0285648889906157
28.76555109,0.026291294728007935
28.77959132,0.04182497901884489
28.77961469,0.030518043793392843
28.77963686,0.02214084077210651
28.77965856,0.03903257801174945
28.77968001,0.033707179369802394
28.79352927,0.021042191195544367
28.79355812,0.0362554360265507
28.79358196,0.03759822995345998
28.79360533,0.020492866407263294
28.8255353,0.030853742275120166
28.82556438,0.038574807354848556
28.82749939,0.0217441062027924
28.82752275,0.026703288319218737
28.82754564,0.039917601281757836
28.82756853,0.02481116960402838
28.8439858,0.022369726100556955
28.84412503,0.03682001983672847
28.85939145,0.026626993209735255
28.85945725,0.021332112611581598
28.87115741,0.040619516289005876
28.87122035,0.03418020904859999
28.88462234,0.020645456626230258
28.88468719,0.03518730449378195
28.88652706,0.03601129167620355
28.88659239,0.01910429541466392
28.899575,0.030212863355458915
28.89963078,0.03904783703364614
28.89967394,0.023468375677119097
28.91510701,0.028702220187685968
28.91522884,0.04081788357366293
28.91949868,0.025314717326619364
28.91956592,0.024124513618677044
28.94384432,0.040207522697795074
28.94396591,0.028824292362859542
28.94404054,0.02128633554589151
28.94410872,0.03830014496070802
28.95359087,0.032654306858930345
28.95367813,0.01969939726863508
28.96796918,0.034241245136186774
28.96811461,0.035660334172579536
28.96819258,0.020798046845197222
28.9866519,0.03305104142824445
28.98671627,0.04065003433279927
28.99956203,0.023254749370565347
28.99963665,0.027344167238879988
29.00601459,0.039719233997100784
29.00613618,0.024872205691615166
29.01304746,0.023819333180743113
29.01316833,0.040329594872968645
29.0195775,0.02970931563286793
29.01964283,0.022186617837796598
29.03376985,0.038956282902265965
29.03384471,0.03321889066910811
29.03389859,0.020370794232089724
29.05861855,0.03529411764705882
29.05869365,0.03634699015793088
29.05873919,0.020462348363469902
29.05878067,0.03192187380788891
29.06888485,0.03897154192416266
29.06894255,0.0208896009765774
29.07806396,0.025726710917830166
29.0781846,0.04257267109178302
29.09060979,0.03036545357442588
29.09068513,0.027740901808194093
29.09759879,0.04370183871213855
29.09767342,0.032654306858930345
29.11167598,0.02362096589608606
29.12507725,0.03913939116502632
29.12515235,0.03488212405584802
29.12519884,0.02316319523918517
29.12524104,0.038117036697947665
29.13450933,0.03797970550087739
29.13453865,0.020981155107957578
29.1485939,0.0315556572823682
29.14861798,0.03871213855191882
29.14863968,0.02162203402761883
29.14866114,0.026855878538185704
29.17352152,0.039719233997100784
29.17355323,0.024444953078507668
29.1956327,0.022796978713664453
29.19568324,0.03802548256656748
29.19572377,0.027237354085603113
29.19575596,0.023605706874189364
29.19748759,0.04531929503318837
29.19752789,0.045258258945601586
29.20862603,0.0405279621576257
29.20872688,0.060914015411612114
29.22258878,0.05859464408331426
29.22267509,0.03215075913633936
29.23554373,0.026382848859388113
29.23559594,0.02610818646524758
29.23562431,0.012298771648737316
29.24505067,0.018356603341725796
29.24516129,0.03747615777828641
29.25354528,0.027512016479743648
29.25362372,0.020874341954680704
29.26799941,0.03790341039139391
29.26805043,0.03204394598306248
29.27600598,0.019089036392767225
29.27611756,0.03434805828946365
29.29057646,0.03555352101930266
29.29066324,0.018829633020523383
29.30459952,0.029922941939421684
29.30466795,0.038239108873121236
29.30471349,0.021347371633478295
29.30965424,0.02630655374990463
29.30976534,0.039337758449683374
29.32450366,0.026321812771801328
29.32456112,0.02606240939955749
29.33581495,0.04110780498970016
29.33586621,0.02946517128252079
29.34966135,0.021255817502098116
29.34981823,0.03851377126726177
29.37358212,0.03479056992446784
29.37366366,0.023315785458152133
29.37372041,0.03797970550087739
29.37377191,0.03822384985122454
29.37382126,0.022613870450904097
29.37608647,0.03479056992446784
29.37615871,0.0422369726100557
29.40047407,0.02542153047989624
29.4005332,0.031143663691157397
29.40056491,0.044129091325246055
29.40059638,0.02917524986648356
29.42462206,0.028244449530785077
29.42469883,0.044510566872663464
29.42474484,0.03372243839169909
29.42478752,0.02594033722438392
29.4281826,0.043091477836270695
29.42824244,0.036957351033798734
29.43508792,0.0247348744945449
29.44817209,0.04005493247882811
29.44829178,0.03961242084382391
29.4526031,0.022339208056763562
29.45266294,0.03312733653772793
29.46553349,0.040665293354695965
29.4655633,0.022964827954528116
29.48953748,0.02725261310749981
29.48956299,0.039078355077439536
29.48958635,0.025238422217135882
29.489609,0.024933241779201955
29.49552226,0.04034485389486534
29.49554825,0.02848859388113222
29.50053167,0.02107270923933776
29.51489568,0.03764400701915007
29.51492476,0.03150988021667811
29.5285449,0.019089036392767225
29.52858973,0.03479056992446784
29.55248332,0.03620965896086061
29.55251479,0.019043259327077136
29.5525403,0.029144731822690166
29.55256391,0.03761348897535668
29.55446839,0.021545738918135347
29.55449247,0.02758831158922713
29.56855893,0.04122987716487373
29.56859016,0.02594033722438392
29.58376884,0.02320897230487526
29.58390331,0.03836118104829481
29.58397985,0.02784771496147097
29.59748626,0.021149004348821242
29.59751105,0.03872739757381552
29.60947752,0.032898451209277486
29.60950136,0.020569161516746776
29.61248088,0.03576714732585641
29.61948872,0.0354009308003357
29.61953902,0.0196078431372549
29.63472533,0.03160143434805829
29.63477135,0.038666361486228734
29.64788318,0.02136263065537499
29.65798712,0.027069504844739453
29.65805888,0.03877317463950561
29.66954803,0.023865110246433202
29.66959143,0.024673838406958113
29.66962314,0.04046692607003891
29.66965246,0.02908369573510338
29.69360161,0.021942473487449453
29.69367814,0.0383764400701915
29.69950366,0.03300526436255436
29.69954658,0.020874341954680704
29.69957852,0.035706111238269625
29.69960833,0.03555352101930266
29.69963789,0.019928282597085525
29.72458911,0.03210498207064927
29.72466302,0.03814755474174106
29.73356581,0.021255817502098116
29.73360753,0.02839703974975204
29.73988366,0.04144350347142748
29.73995614,0.025345235370412757
29.74001288,0.023559929808499275
29.74006462,0.03842221713588159
29.75463843,0.027527275501640344
29.75471616,0.023086900129701687
29.76814795,0.04055848020141909
29.76818919,0.03356984817273213
29.76821995,0.021133745326924545
29.78309727,0.03808651865415427
29.78321862,0.03904783703364614
29.79560661,0.023559929808499275
29.79568338,0.03578240634775311
29.80458426,0.04194705119401846
29.80464482,0.024841687647821773
29.80469179,0.030762188143739988
29.80473185,0.04245059891660945
29.82004428,0.026947432669565882
29.82016492,0.025909819180590526
29.8335824,0.04058899824521248
29.83364964,0.02784771496147097
29.84255624,0.020355535210193027
29.85613298,0.03778133821622034
29.85616183,0.03230334935530633
29.86349726,0.020141908903639278
29.86751842,0.035034714274814985
29.86756492,0.03488212405584802
29.87652707,0.018814373998626687
29.87657261,0.03031967650873579
29.88503289,0.03910887312123293
29.8851409,0.029053177691309988
29.9085598,0.040924696726939803
29.90863514,0.05940337224383917
29.90867019,0.04887464713511864
29.93259621,0.05006485084306096
29.93268442,0.055527580682078276
29.93273163,0.027481498435950255
29.93276715,0.009948882276646066
29.9499321,0.023132677195391776
29.95004439,0.028259708552681773
29.95012426,0.015762569619287403
29.95019531,0.029144731822690166
29.96359515,0.03799496452277409
29.96365738,0.021683070115205615
29.97261524,0.027267872129396506
29.97269535,0.04019226367589838
29.97856116,0.024124513618677044
29.99560595,0.02337682154573892
29.99568295,0.03970397497520409
29.9957211,0.02908369573510338
29.99575949,0.022171358815899902
29.99580073,0.03955138475623712
30.00122476,0.0324101625085832
30.00127649,0.019302662699320974
30.00992227,0.03480582894636454
30.0237453,0.036621652552071414
30.02388167,0.021667811093308918
30.02393723,0.03295948729686427
30.03040528,0.03982604715037766
30.03044891,0.023270008392462044
30.05756712,0.02946517128252079
30.05763268,0.042542153047989625
30.06398535,0.026932173647669186
30.06403184,0.026825360494392308
30.07049274,0.04231326771953918
30.07053232,0.029999237048905166
30.07456565,0.023773556115053024
30.07461619,0.04284733348592355
30.08885503,0.03634699015793088
30.08897567,0.024902723735408562
30.10561371,0.040955214770733196
30.10568762,0.040665293354695965
30.10753322,0.02578774700541695
30.12185502,0.037750820172426945
30.12197804,0.04386968795300221
30.12205505,0.026123445487144275
30.12212443,0.03237964446478981
30.13063741,0.04379339284351873
30.13072658,0.02798504615854124
30.1395874,0.028198672465094988
30.139642,0.04286259250782025
30.1540432,0.029449912260624093
30.15416241,0.022247653925383384
30.17804241,0.03913939116502632
30.17816329,0.033157854581521325
30.17824292,0.020416571297779813
30.18685246,0.035416189822232394
30.18697262,0.03605706874189364
30.18704939,0.021149004348821242
30.18712211,0.03225757228961624
30.20196152,0.03755245288776989
30.20204806,0.021164263370717938
30.20957637,0.02877851529716945
30.20962119,0.03952086671244373
30.23464537,0.023422598611429007
30.23472023,0.024078736552986955
30.24396038,0.04029907682917525
30.2440598,0.027771419851987486
30.24413705,0.02076752880140383
30.25755119,0.03749141680018311
30.25758815,0.031158922713054094
30.25761271,0.020401312275883116
30.25763893,0.036865796902418556
30.26593542,0.035248340581368734
30.2659843,0.019455252918287938
30.27902341,0.032120241092545965
30.27904916,0.038452735179674985
30.29049468,0.021606775005722133
30.29052401,0.02835126268406195
30.30050302,0.039719233997100784
30.3005271,0.024368657969024186
30.32170844,0.024719615472648202
30.32179976,0.0401007095445182
30.32184672,0.02742046234836347
30.32189083,0.02197299153124285
30.33056998,0.038834210727092394
30.33065271,0.032532234683756774
30.33069897,0.021271076523994813
30.34500217,0.03756771190966659
30.34503388,0.03704890516517891
30.35848236,0.02102693217364767
30.37253642,0.032776379034103915
30.37260222,0.03904783703364614
30.37264681,0.021896696421759364
30.38095808,0.027954528114747846
30.3810606,0.040283817807278556
30.38780761,0.024933241779201955
30.38792849,0.02459754329747463
30.40161538,0.03961242084382391
30.40169263,0.027878233005264364
30.40754294,0.0225986114290074
30.40759516,0.038910505836575876
30.43262219,0.03143358510719463
30.43269992,0.020630197604333562
30.4327445,0.03756771190966659
30.43278623,0.03706416418707561
30.43282676,0.021881437399862667
30.44265485,0.03393606469825284
30.44272804,0.04022278171969177
30.45705032,0.023086900129701687
30.45717311,0.03010605020218204
30.46466231,0.04345769436179141
30.46472239,0.027969787136644542
30.48869753,0.026825360494392308
30.48879862,0.041992828259708556
30.48884344,0.030716411078049895
30.48888636,0.025360494392309453
30.50357056,0.042374303807125965
30.50363445,0.034653238727397576
30.50367904,0.02247653925383383
30.5088222,0.03810177767605097
30.50889397,0.03654535744258793
30.52452993,0.01998931868467231
30.52456403,0.03250171663996338
30.53565335,0.03904783703364614
30.53567839,0.022125581750209813
30.54980707,0.02839703974975204
30.5499053,0.03935301747158007
30.56359839,0.023346303501945526
30.56367445,0.024628061341268024
30.56372142,0.04046692607003891
30.56376314,0.02998397802700847
30.57066011,0.02908369573510338
30.57750106,0.05079728389410239
30.57752728,0.05006485084306096
30.59082699,0.045304036011291675
30.5908525,0.06092927443350881
30.59951735,0.04940871290150301
30.62758231,0.018142977035172047
30.62767124,0.0208896009765774
30.62771749,0.027603570611123826
30.62775302,0.015197985809109636
30.62779474,0.020965896086060882
30.62957835,0.03942931258106355
30.62963176,0.027969787136644542
30.6335814,0.021805142290379186
30.64250231,0.03814755474174106
30.64253139,0.030823224231326773
30.66650271,0.01969939726863508
30.67959499,0.03631647211413749
30.67967367,0.03451590753032731
30.68898129,0.018860151064316776
30.68911982,0.03291371023117418
30.7026031,0.04022278171969177
30.70269203,0.02247653925383383
30.70274043,0.028091859311818113
30.70278764,0.04075684748607614
30.71579409,0.025177386129549097
30.71592999,0.026291294728007935
30.71600842,0.041092545967803464
30.72297955,0.02851911192492561
30.72310114,0.023422598611429007
30.74568653,0.04060425726710918
30.74576402,0.033539330128938734
30.7508688,0.022400244144350347
30.75096917,0.038574807354848556
30.7586391,0.03682001983672847
30.75870585,0.021881437399862667
30.76449275,0.036087586785687034
30.7645545,0.042328526741435876
30.76956606,0.026321812771801328
30.77884984,0.03472953383688106
30.77895904,0.04493781948577096
30.79262948,0.028534370946822308
30.79270673,0.029877164873731595
30.80052948,0.04554818036163882
30.80061483,0.03363088426031891
30.81472087,0.02716105897611963
30.81484842,0.04293888761730373
30.82401395,0.03463797970550088
30.82413745,0.02299534599832151
30.82956052,0.03955138475623712
30.82964659,0.038452735179674985
30.8385191,0.022537575341420615
30.83858752,0.033875028610666054
30.83863449,0.03904783703364614
30.86356616,0.022400244144350347
30.8636508,0.0290074006256199
30.86980319,0.03999389639124132
30.86986542,0.023758297093156328
30.87595654,0.02349889372091249
30.87602782,0.03898680094605936
30.88701439,0.028213931486991684
30.88713455,0.023025864042114902
30.89987826,0.039291981383993285
30.89995742,0.030762188143739988
30.90000319,0.020157167925535974
30.92489314,0.03697261005569543
30.92505813,0.034866865033951325
30.92516875,0.019211108567940796
30.92527986,0.03250171663996338
30.93458343,0.038498512245365074
30.93464446,0.021149004348821242
30.94107175,0.02861066605630579
30.94114232,0.039459830624856945
30.95400524,0.023392080567635615
30.95412755,0.02481116960402838
30.96758509,0.04065003433279927
30.96765089,0.02763408865491722
30.96768761,0.021606775005722133
30.98069668,0.03785763332570382
30.98072648,0.030762188143739988
30.9945178,0.01974517433432517
30.99454379,0.036530098420691236
31.0004549,0.03572137026016632
31.00853467,0.02102693217364767
31.00861073,0.0336919203479057
31.01809239,0.03886472877088579
31.01823139,0.022613870450904097
31.01831007,0.03096055542839704
31.03652263,0.04103150988021668
31.0445931,0.023346303501945526
31.05409336,0.024612802319371328
31.05423188,0.04019226367589838
31.05962753,0.02775616083009079
31.05971575,0.022507057297627222
31.05976415,0.03904783703364614
31.06654978,0.03181506065461204
31.07966352,0.020614938582436865
31.07977653,0.036408026245517665
31.0798521,0.03492790112153811
31.08556533,0.020065613794155796
31.0856061,0.032867933165484094
31.10953331,0.03822384985122454
31.10956025,0.021927214465552756
31.12403083,0.029556725413900968
31.12419271,0.03994811932555123
31.13276124,0.024383916990920882
31.13281727,0.026428625925078202
31.13285851,0.041458762493324176
31.13289666,0.02851911192492561
31.14156771,0.024841687647821773
31.14164066,0.04303044174868391
31.16558027,0.034744792858777754
31.16565704,0.02285801480125124
31.17877436,0.03875791561760891
31.17887735,0.0375066758220798
31.17895198,0.023422598611429007
31.19258308,0.0358129243915465
31.19263577,0.03973449301899748
31.19754648,0.02276646066987106
31.19758821,0.030167086289768826
31.20351362,0.04023804074158847
31.20355701,0.023514152742809186
31.21154046,0.02456702525368124
31.21157718,0.038574807354848556
31.21954656,0.025360494392309453
31.21960497,0.020782787823300525
31.23353052,0.03904783703364614
31.23356795,0.03210498207064927
31.24590206,0.02084382391088731
31.24884367,0.037460898756389714
31.24889112,0.039002059967956054
31.25768614,0.027237354085603113
31.2577858,0.04661631189440757
31.26546192,0.06044098573281453
31.2655077,0.04933241779201953
31.27762318,0.050553139543755246
31.27771044,0.044083314259555965
31.30193305,0.01385519188220035
31.30200267,0.008514534218356603
31.3020494,0.02606240939955749
31.30209184,0.03044174868390936
31.30213451,0.018097199969481958
31.31664324,0.03210498207064927
31.31668544,0.03578240634775311
31.3167119,0.018951705195696954
31.31673622,0.028076600289921417
31.33075929,0.038330663004501414
31.33085942,0.021988250553139545
31.34456015,0.024780651560234988
31.34462953,0.039749752040894176
31.35853696,0.026214999618524453
31.35859847,0.02238498512245365
31.3676281,0.03949034866865034
31.36769986,0.03126573586633097
31.36775637,0.020614938582436865
31.38565159,0.03749141680018311
31.38573003,0.03567559319447623
31.38893676,0.01974517433432517
31.38899684,0.03302052338445106
31.40198302,0.03854428931105516
31.4021039,0.02209506370641642
31.42462206,0.03044174868390936
31.42469835,0.0417792019531548
31.42474341,0.02504005493247883
31.42478585,0.0268711375600824
31.4276545,0.04190127412832837
31.42774463,0.028931105516136417
31.43657255,0.02491798275730526
31.44547915,0.04274052033264668
31.44550395,0.03468375677119097
31.45851827,0.024551766231784542
31.45854306,0.04042114900434882
31.48265624,0.03904783703364614
31.48273301,0.025574120698863202
31.4827795,0.03904783703364614
31.48282194,0.04298466468299382
31.48480153,0.02520790417334249
31.48483658,0.03302052338445106
31.49850059,0.044037537193865876
31.49853349,0.02691691462577249
31.51159668,0.027176317998016328
31.51167893,0.041794460975051496
31.52453542,0.028717479209582664
31.52458024,0.023727779049362935
31.53862023,0.03915465018692302
31.53869939,0.030869001297016863
31.53873658,0.01998931868467231
31.53877068,0.03535515373464561
31.55365491,0.033783474479285876
31.55374861,0.019760433356221865
31.56775832,0.03274586099031052
31.56789565,0.03781185626001373
31.56797314,0.022537575341420615
31.58423328,0.030289158464942397
31.58429909,0.038620584420538645
31.60697365,0.022705424582284275
31.60709643,0.024612802319371328
31.60717344,0.03938353551537346
31.60724592,0.027145799954222935
31.6146059,0.022400244144350347
31.61468267,0.03851377126726177
31.62210965,0.02810711833371481
31.62216926,0.018570229648279545
31.62965536,0.03564507515068284
31.62974548,0.03489738307774472
31.63459182,0.02197299153124285
31.65054488,0.03375295643549248
31.65061307,0.03688105592431525
31.67497134,0.021179522392614634
31.67509294,0.0294193942168307
31.68353081,0.04043640802624552
31.68358135,0.024490730144197757
31.68361712,0.025650415808346684
31.68365288,0.040039673456931414
31.68951654,0.026932173647669186
31.6895628,0.021560997940032044
31.70379877,0.038803692683299
31.70393634,0.03205920500495918
31.70401263,0.02102693217364767
31.7186408,0.03643854428931106
31.71871662,0.03494316014343481
31.73250318,0.020477607385366598
31.73252869,0.033234149691004806
31.73255157,0.037415121690699625
31.73257422,0.02093537804226749
31.74448204,0.03065537499046311
31.75051379,0.04040588998245213
31.75056338,0.023514152742809186
31.75988746,0.026001373311970704
31.75993395,0.03982604715037766
31.75996566,0.025528343633173113
31.7665,0.022232394903486687
31.78950286,0.0392309452964065
31.78953004,0.0311284046692607
31.78955507,0.02153047989623865
31.7895782,0.037872892347600516
31.79952168,0.03479056992446784
31.80888152,0.019958800640878918
31.80893993,0.03360036621652552
31.81850219,0.037964446478980694
31.8185513,0.02162203402761883
31.81858444,0.03268482490272374
31.82852697,0.043381399252307926
31.8429842,0.026337071793698024
31.85048413,0.028412298771648737
31.85055327,0.04370183871213855
31.864501,0.03060959792477302
31.86455178,0.02566567483024338
31.86458445,0.04214541847867552
31.86461449,0.032654306858930345
31.87473226,0.021179522392614634
31.87483287,0.03663691157396811
31.88359547,0.033676661326009
31.88367915,0.01901274128328374
31.89823842,0.033493553063248645
31.89828348,0.03889524681467918
31.91166425,0.02186617837796597
31.91953158,0.030182345311665523
31.91958141,0.040543221179522394
31.92913771,0.023270008392462044
31.92918253,0.024582284275577935
31.92921495,0.043137254901960784
31.92924404,0.03472953383688106
31.95360756,0.03614862287327383
31.95368147,0.05987640192263676
31.95372844,0.05787747005416953
31.95377612,0.04522774090180819
31.9785912,0.044037537193865876
31.97866964,0.02798504615854124
31.97870994,0.009246967269398032
31.97875261,0.02034027618829633
31.97879386,0.03389028763256275
31.9885993,0.020355535210193027
31.98866057,0.024612802319371328
32.00261045,0.03942931258106355
32.00268936,0.02627603570611124
32.00784707,0.022354467078660258
32.00795722,0.03897154192416266
32.03058553,0.030472266727702754
32.03064394,0.021301594567788205
32.0325315,0.037201495384145876
32.03256679,0.033615625238422216
32.03261256,0.019729915312428473
32.0465889,0.034119172961013196
32.0466547,0.03836118104829481
32.05954671,0.022980086976424813
32.05958843,0.030472266727702754
32.05961943,0.03904783703364614
32.0596478,0.024200808728160526
32.08460689,0.027924010070954453
32.08467317,0.04180971999694819
32.0902977,0.02920576791027695
32.09034443,0.02545204852368963
32.09857774,0.040497444113832305
32.09863186,0.03259327077134356
32.09868073,0.023529411764705882
32.1136167,0.03906309605554284
32.11369276,0.038162813763637754
32.12054324,0.025101091020065615
32.12058043,0.03735408560311284
32.14452386,0.04217593652246891
32.14456058,0.027771419851987486
32.14840484,0.034821087968261236
32.14848065,0.044922560463874266
32.1545198,0.031036850537880523
32.15454674,0.03237964446478981
32.16051531,0.04377813382162203
32.16053939,0.0315403982604715
32.16756725,0.02877851529716945
32.18050599,0.043305104142824444
32.18053126,0.03372243839169909
32.18752623,0.024460212100404364
32.18755341,0.039917601281757836
32.21054649,0.03738460364690623
32.21058702,0.022415503166247044
32.21247983,0.034485389486533916
32.21250463,0.03759822995345998
32.22051334,0.02243076218814374
32.2205379,0.030762188143739988
32.22952199,0.039337758449683374
32.23465109,0.02426184481574731
32.24857712,0.02832074464026856
32.24866581,0.04040588998245213
32.24871182,0.02554360265506981
32.26352596,0.022339208056763562
32.26355219,0.03970397497520409
32.28752375,0.03015182726787213
32.28755283,0.01957732509346151
32.28757668,0.037247272449835965
32.2875998,0.03514152742809186
32.31054258,0.020477607385366598
32.31057,0.032272831311512935
32.31059837,0.03656061646448463
32.31062555,0.02221713588158999
32.31330514,0.029953459983215077
32.31333232,0.038910505836575876
32.32787251,0.024368657969024186
32.32797599,0.02713054093232624
32.34101105,0.03810177767605097
32.34113503,0.025513084611276417
32.34759045,0.023422598611429007
32.34765458,0.03782711528191043
32.35528946,0.0294193942168307
32.35534096,0.02328526741435874
32.36480451,0.03930724040588998
32.36490393,0.0354009308003357
32.36660194,0.021332112611581598
32.37960029,0.034363317311360345
32.37966633,0.03767452506294346
32.39364767,0.022018768596932938
32.39371324,0.029388876173037308
32.40778375,0.03714045929655909
32.40790534,0.023804074158846417
32.40797973,0.02912947280079347
32.40804887,0.04156557564660105
32.41765952,0.027344167238879988
32.41773558,0.023422598611429007
32.42962813,0.03901731898985275
32.42969251,0.030899519340810255
32.44380999,0.023010605020218206
32.452595,0.03808651865415427
32.45264554,0.03413443198290989
32.47384953,0.019562066071564813
32.47397304,0.03302052338445106
32.47404909,0.03781185626001373
32.47411942,0.022278171969176776
32.47573376,0.029846646829938202
32.47576785,0.038666361486228734
32.4845202,0.0243076218814374
32.48455429,0.02848859388113222
32.5085516,0.04278629739833677
32.50858307,0.02967879758907454
32.50860929,0.02520790417334249
32.51852798,0.041260395208667124
32.52769947,0.033997100785839625
32.5277977,0.02520790417334249
32.53284311,0.04144350347142748
32.53298235,0.03688105592431525
32.54199505,0.021515220874341955
32.54213428,0.035492484931715876
32.5548811,0.03904783703364614
32.5549593,0.021515220874341955
32.570122,0.02967879758907454
32.57035661,0.03817807278553445
32.57201505,0.023346303501945526
32.58459115,0.026657511253528648
32.5846808,0.03999389639124132
32.58472919,0.025650415808346684
32.58477283,0.022034027618829635
32.60008764,0.03842221713588159
32.60022664,0.030579079880979628
32.60910559,0.02511635004196231
32.60922933,0.045014114595254444
32.63280416,0.04695201037613489
32.63292861,0.043259327077134355
32.63300538,0.060914015411612114
32.63308024,0.05645838101777676
32.63314843,0.026367589837491417
32.64296269,0.02178988326848249
32.64308691,0.027359426260776684
32.66658735,0.015426871137560083
32.66665292,0.023773556115053024
32.66669893,0.03927672236209659
32.66674376,0.02401770046540017
32.67964768,0.020950637064164186
32.67972517,0.03860532539864195
32.70398331,0.030518043793392843
32.70410609,0.0208896009765774
32.71777892,0.037415121690699625
32.71787024,0.03276112001220722
32.71791649,0.018646524757763027
32.72297406,0.032898451209277486
32.7230742,0.036789501792935074
32.73200107,0.02009613183794919
32.73212314,0.02967879758907454
32.74380183,0.03918516823071641
32.7439537,0.023422598611429007
32.74958253,0.026535439078355077
32.74965644,0.04086366063935302
32.77380323,0.02742046234836347
32.77392483,0.023758297093156328
32.77400112,0.040711070420386054
32.7740705,0.03146410315098802
32.77413964,0.022781719691767757
32.78866839,0.03903257801174945
32.78874421,0.0354009308003357
32.78878903,0.02247653925383383
32.78883028,0.037415121690699625
32.79858303,0.041626611734187836
32.79865479,0.0243076218814374
32.81334853,0.03262378881513695
32.8134706,0.043091477836270695
32.82592154,0.027679865720607308
32.82599258,0.030853742275120166
32.83959818,0.044251163500419625
32.83969593,0.029556725413900968
32.83974314,0.027222095063706417
32.83978939,0.042999923704890516
32.83983541,0.034439612420843826
32.854496,0.024338139925230793
32.86886907,0.04031433585107195
32.8689692,0.03547722590981918
32.86903834,0.02124055848020142
32.88246655,0.03590447852292668
32.88250017,0.038239108873121236
32.89549327,0.02076752880140383
32.89551711,0.029739833676661324
32.89748883,0.03871213855191882
32.8975141,0.0225986114290074
32.91154575,0.024902723735408562
32.91161418,0.03778133821622034
32.92482924,0.024704356450751506
32.92490339,0.023254749370565347
32.93073297,0.03930724040588998
32.93084192,0.028900587472343024
32.9451499,0.019134813458457314
32.94532371,0.03523308155947204
32.95895123,0.03228809033340963
32.95909166,0.01974517433432517
32.96833038,0.034119172961013196
32.9684875,0.03564507515068284
32.9685781,0.019424734874494545
32.97764659,0.029877164873731595
32.9777236,0.038574807354848556
32.9909389,0.02221713588158999
32.99104142,0.02664225223163195
33.00559855,0.03976501106279087
33.00568485,0.025818265049210344
33.01854491,0.023651483939879453
33.01861954,0.03994811932555123
33.03281951,0.028412298771648737
33.03294563,0.019256885633630885
33.03302073,0.03718623636224918
33.03308988,0.03329518577859159
33.03315806,0.02043183031967651
33.04761434,0.0345616845960174
33.04769111,0.037750820172426945
33.0546062,0.020584420538643473
33.0546782,0.028946364538033113
33.07959294,0.03869687953002213
33.07966852,0.022980086976424813
33.09357214,0.027527275501640344
33.09363294,0.040039673456931414
33.09368873,0.024277103837644008
33.09374022,0.02247653925383383
33.1076014,0.040543221179522394
33.10767746,0.031403067063401235
33.10772467,0.022034027618829635
33.11556005,0.03768978408484016
33.11561108,0.032867933165484094
33.11751771,0.019623102159151598
33.11755776,0.03477531090257115
33.13090134,0.03634699015793088
33.13093829,0.01969939726863508
33.1547122,0.032166018158236054
33.15481496,0.0413519493400473
33.1565237,0.023804074158846417
33.15655589,0.02766460669871061
33.162534,0.04213015945677882
33.16257048,0.02780193789578088
33.16891479,0.025391012436102846
33.17760491,0.04168764782177462
33.19066715,0.03181506065461204
33.19077873,0.024536507209887846
33.1908834,0.04139772640573739
33.20452166,0.03614862287327383
33.2045579,0.021850919356069275
33.21849608,0.03634699015793088
33.21852612,0.03755245288776989
33.21855116,0.019302662699320974
33.21857572,0.02896162355992981
33.23758316,0.03906309605554284
33.23761988,0.023025864042114902
33.24450254,0.02594033722438392
33.24454951,0.03944457160296025
33.24458241,0.025772487983520255
33.25850987,0.023392080567635615
33.25853992,0.039917601281757836
33.27550268,0.03402761882963302
33.27553248,0.02908369573510338
33.27555728,0.04925612268253605
33.28857875,0.05255207141222248
33.28865838,0.04753185320820935
33.29780173,0.05838101777676051
33.29793835,0.0451972228580148
33.29800725,0.012695506218051423
33.29806757,0.014007782101167316
33.32250476,0.029022659647516595
33.3277843,0.023422598611429007
33.3278532,0.017547875181200885
33.33667397,0.03715571831845579
33.33675766,0.033707179369802394
33.3415122,0.019470511940184634
33.34159231,0.03309681849393454
33.35472941,0.03533989471274891
33.3548646,0.019729915312428473
33.36264896,0.029831387808041506
33.362746,0.03765926604104677
33.36861491,0.023010605020218206
33.38257217,0.028122377355611506
33.38264227,0.04113832303349355
33.40565991,0.025955596246280615
33.40573525,0.02349889372091249
33.40753174,0.04013122758831159
33.40759754,0.029190508888380255
33.40763569,0.021774624246585793
33.40766907,0.04017700465400168
33.42284417,0.03506523231860838
33.42291737,0.020996414129854278
33.43173862,0.03607232776379034
33.43187547,0.0388189517051957
33.43195224,0.02204928664072633
33.45558834,0.03179980163271534
33.45567775,0.04058899824521248
33.48257971,0.02583352407110704
33.48265743,0.030334935530632486
33.48270321,0.04464789806973373
33.48280907,0.030548561837186235
33.49797249,0.029495689326314183
33.4980948,0.0456244754711223
33.49816942,0.03334096284428168
33.49824023,0.02447547112230106
33.50177121,0.042999923704890516
33.50189543,0.03886472877088579
33.50197196,0.02499427786678874
33.50999737,0.038956282902265965
33.5100584,0.040787365529869536
33.53377414,0.0243076218814374
33.53389668,0.0341039139391165
33.53397298,0.04007019150072481
33.53404331,0.023422598611429007
33.54358768,0.02937361715114061
33.54366374,0.04213015945677882
33.55253673,0.02691691462577249
33.55259871,0.0243076218814374
33.5656302,0.03985656519417105
33.56574392,0.028290226596475166
33.5675087,0.020401312275883116
33.58095717,0.03872739757381552
33.58101606,0.03393606469825284
33.59496045,0.020492866407263294
33.59508133,0.03352407110704204
33.60359931,0.034363317311360345
33.60371351,0.019165331502250707
33.60954952,0.03213550011444266
33.60961008,0.039795529106584265
33.62252331,0.022110322728313116
33.62255931,0.026657511253528648
33.62884212,0.040787365529869536
33.62894201,0.026581216144045166
33.63477588,0.023514152742809186
33.66250467,0.039627679865720605
33.66254449,0.029266803997863737
33.66256857,0.021423666742961776
33.66259146,0.03773556115053025
33.66720271,0.03230334935530633
33.66732502,0.020111390859845885
33.68049836,0.036087586785687034
33.68052721,0.03822384985122454
33.68251109,0.020798046845197222
33.68254566,0.029449912260624093
33.69678259,0.03904783703364614
33.69688082,0.023697261005569542
33.7239058,0.02861066605630579
33.72400069,0.04065003433279927
33.73020267,0.02537575341420615
33.73032713,0.024246585793850615
33.7304039,0.039337758449683374
33.73050404,0.028244449530785077
33.74457836,0.021499961852445258
33.74464345,0.039749752040894176
33.74959183,0.03480582894636454
33.74965239,0.020401312275883116
33.77361298,0.034988937209124896
33.77370691,0.03743038071259632
33.77375436,0.021438925764858473
33.77380037,0.03201342793926909
33.77384806,0.03994811932555123
33.78886771,0.02349889372091249
33.78894114,0.028534370946822308
33.79893279,0.041626611734187836
33.79905558,0.026321812771801328
33.80752349,0.023392080567635615
33.80761385,0.04063477531090257
33.83057523,0.03219653620202945
33.83068275,0.025177386129549097
33.83683968,0.040451667048142216
33.83691525,0.034653238727397576
33.83695579,0.023636224917982757
33.84499574,0.03985656519417105
33.84505606,0.04048218509193561
33.85386062,0.022568093385214007
33.85393262,0.032364385442893114
33.86808276,0.03981078812848096
33.86824059,0.02299534599832151
33.87565732,0.026794842450598915
33.87576079,0.03956664377813382
33.88990951,0.024582284275577935
33.88998222,0.023392080567635615
33.91461492,0.03927672236209659
33.91469359,0.02891584649423972
33.91474009,0.021133745326924545
33.91478205,0.036957351033798734
33.91482258,0.03480582894636454
33.92464805,0.028336003662165255
33.92472029,0.04785229266803998
33.93082881,0.05522240024414435
33.93086433,0.04666208896009766
33.95251846,0.054779888609140154
33.9525485,0.04937819485770962
33.97553158,0.01770046540016785
33.97555947,0.01560997940032044
33.97750711,0.030731670099946592
33.97753215,0.019897764553292133
33.97755504,0.020920119020370793
33.98853207,0.038284885938811325
33.98857164,0.028000305180437935
33.98860312,0.02145418478675517
33.98863196,0.038284885938811325
33.99552774,0.03181506065461204
33.99555755,0.01915007248035401
34.00950336,0.03462272068360418
34.03423548,0.03584344243533989
34.03430104,0.019943541618982222
34.03433299,0.03039597161821927
34.03436399,0.03851377126726177
34.03439212,0.02247653925383383
34.04352999,0.028412298771648737
34.04357958,0.04194705119401846
34.05752444,0.02618448157473106
34.05756807,0.024383916990920882
34.05760002,0.040451667048142216
34.06665277,0.029846646829938202
34.08956313,0.023865110246433202
34.08963752,0.04036011291676204
34.08967304,0.034439612420843826
34.08970261,0.02178988326848249
34.08972526,0.03730830853742275
34.1085391,0.03842221713588159
34.10857129,0.023392080567635615
34.10859656,0.0354009308003357
34.10862017,0.043091477836270695
34.1225543,0.027603570611123826
34.12261724,0.03262378881513695
34.1307559,0.04469367513542382
34.1308558,0.02975509269855802
34.15536165,0.028824292362859542
34.15543938,0.044800488288700695
34.15552068,0.03616388189517052
34.15557122,0.029312581063553826
34.16262293,0.042755779354543375
34.16269517,0.03535515373464561
34.16875243,0.02340733958953231
34.17955804,0.03773556115053025
34.17961907,0.03871213855191882
34.19052529,0.023086900129701687
34.19056487,0.0332494087129015
34.20464635,0.03942931258106355
34.20472193,0.022278171969176776
34.21854401,0.02716105897611963
34.21858644,0.04098573281452659
34.21861792,0.027237354085603113
34.2186482,0.025696192874036773
34.23396802,0.0405279621576257
34.23406625,0.02877851529716945
34.23414207,0.0196078431372549
34.24941349,0.03764400701915007
34.24948525,0.0336919203479057
34.26272607,0.020737010757610436
34.26282644,0.03389028763256275
34.27662277,0.0345616845960174
34.27670193,0.0208896009765774
34.27675533,0.03288319218738079
34.27679706,0.039169909208819714
34.28556705,0.022583352407110704
34.28560853,0.02699320973525597
34.31264877,0.038330663004501414
34.31272793,0.02401770046540017
34.31957126,0.025772487983520255
34.32752824,0.04173342488746471
34.32755828,0.028976882581826506
34.3275826,0.021484702830548562
34.34054637,0.03656061646448463
34.34060478,0.030579079880979628
34.35772896,0.019851987487602044
34.35777903,0.03546196688792248
34.35781026,0.0362706950484474
34.35783982,0.020752269779507133
34.36899114,0.032074464026855876
34.36910272,0.038956282902265965
34.3691833,0.02272068360418097
34.37758446,0.028625925078202486
34.37765241,0.04122987716487373
34.40184999,0.026382848859388113
34.40197444,0.024795910582131684
34.40205169,0.03938353551537346
34.40212297,0.02848859388113222
34.41661549,0.021652552071412222
34.4167037,0.03860532539864195
34.41675019,0.03280689707789731
34.41679382,0.020584420538643473
34.43060708,0.03578240634775311
34.43068743,0.03671320668345159
34.43275928,0.02026398107881285
34.44558501,0.030762188143739988
34.4456501,0.039627679865720605
34.47003722,0.0251621271076524
34.47015977,0.031403067063401235
34.47164655,0.04423590447852293
34.47169065,0.028381780727855344
34.47172332,0.026703288319218737
34.47175312,0.04219119554436561
34.48718476,0.030975814450293737
34.48722601,0.023590447852292667
34.49978447,0.03981078812848096
34.49986577,0.03396658274204623
34.50179338,0.021316853589684902
34.51862907,0.035416189822232394
34.51870513,0.03437857633325704
34.53267241,0.018493934538796063
34.53274536,0.03131151293202106
34.53280258,0.039002059967956054
34.53285408,0.02136263065537499
34.54249907,0.02630655374990463
34.54254794,0.03851377126726177
34.55552912,0.023422598611429007
34.55557084,0.024719615472648202
34.5626092,0.044541084916456856
34.56268263,0.03756771190966659
34.57659912,0.03572137026016632
34.5845778,0.0605630579079881
34.58463883,0.059037155718318454
34.59903526,0.03970397497520409
34.59906554,0.036575875486381325
34.59909225,0.024078736552986955
34.5991118,0.007797360189211872
34.60856366,0.019592584115358205
34.60862231,0.03596551461051346
34.62307906,0.02328526741435874
34.62315154,0.023819333180743113
34.62766171,0.038498512245365074
34.62776446,0.026337071793698024
34.64159417,0.01986724650949874
34.65458775,0.03772030212863355
34.65464735,0.03259327077134356
34.66090012,0.02084382391088731
34.66097665,0.03527885862516213
34.67258382,0.03518730449378195
34.67265177,0.019790951400015258
34.67270398,0.03079270618753338
34.67273736,0.03744563973449302
34.68759131,0.021820401312275882
34.68766499,0.027557793545433737
34.70216823,0.03994811932555123
34.70228791,0.0247348744945449
34.71450782,0.025879301136797133
34.74250722,0.04107728694590677
34.74253535,0.02929732204165713
34.74255967,0.023468375677119097
34.74258304,0.04303044174868391
34.74260592,0.035873960479133285
34.74262881,0.022613870450904097
34.74269414,0.038284885938811325
34.74271941,0.039627679865720605
34.75662684,0.02401770046540017
34.75669861,0.03500419623102159
34.76956487,0.04187075608453498
34.76958895,0.025436789501792935
34.77912712,0.03176928358892195
34.77921414,0.043961242084382395
34.78759861,0.028702220187685968
34.7876687,0.028458075837338826
34.795856,0.04438849469748989
34.79596591,0.032990005340657665
34.80961776,0.025467307545586328
34.8097167,0.041168841077286945
34.83383584,0.03509575036240177
34.83395839,0.02374303807125963
34.83403397,0.03897154192416266
34.83410692,0.03733882658121614
34.83415461,0.0200503547722591
34.84357238,0.03193713282978561
34.84364986,0.03910887312123293
34.85257792,0.02186617837796597
34.85263443,0.027023727779049364
34.86701512,0.03904783703364614
34.86713791,0.024170290684367133
34.88995028,0.024582284275577935
34.89003801,0.040161745632104985
34.8900938,0.028091859311818113
34.89014482,0.021179522392614634
34.89275265,0.03701838712138552
34.89282465,0.029999237048905166
34.90201998,0.019546807049668116
34.90962338,0.03677424277103838
34.9097085,0.036194399938963916
34.91962314,0.019714656290531776
34.9196856,0.03083848325322347
34.93403769,0.03665217059586481
34.93415666,0.02093537804226749
34.95781589,0.028854810406652935
34.95790386,0.04180971999694819
34.95796156,0.024078736552986955
34.9580133,0.02340733958953231
34.95969224,0.03944457160296025
34.95973945,0.027359426260776684
34.96889377,0.02178988326848249
34.97762728,0.039581902800030516
34.97769284,0.03314259555962463
35.00187135,0.020737010757610436
35.00199175,0.03529411764705882
35.00206828,0.03413443198290989
35.00213718,0.018707560845349813
35.01180005,0.0315556572823682
35.01187849,0.0392156862745098
35.01756024,0.02337682154573892
35.01760602,0.029480430304417486
35.03186798,0.039917601281757836
35.03198886,0.023437857633325704
35.03206563,0.023865110246433202
35.0491991,0.040039673456931414
35.04922891,0.028305485618371862
35.06956911,0.02247653925383383
35.06959391,0.03968871595330739
35.07949352,0.032532234683756774
35.07951999,0.02009613183794919
35.07954383,0.03631647211413749
35.07956648,0.03617914091706722
35.08749771,0.021301594567788205
35.08752203,0.034744792858777754
35.09666038,0.041458762493324176
35.1105125,0.02406347753109026
35.12354946,0.03044174868390936
35.12362957,0.041886015106431675
35.12368679,0.026550698100251773
35.12373829,0.027191577019913024
35.14761519,0.0434882124055848
35.14768147,0.031830319676508734
35.1477201,0.023636224917982757
35.14775515,0.04055848020141909
35.1495564,0.032867933165484094
35.14961076,0.019806210421911954
35.16423535,0.03572137026016632
35.16435742,0.0366826886396582
35.1690371,0.02017242694743267
35.19285822,0.032318608377203024
35.19297838,0.038330663004501414
35.19305444,0.020965896086060882
35.19312763,0.026672770275425344
35.19456053,0.03904783703364614
35.19459915,0.027618829633020522
35.20863318,0.0336919203479057
35.20870996,0.054230563820859085
35.22565079,0.04858472571908141
35.22572494,0.0473334859235523
35.242589,0.05908293278400854
35.24265456,0.038574807354848556
35.24268723,0.013794155794613565
35.25056219,0.02124055848020142
35.25062108,0.029266803997863737
35.25252819,0.016113527122911423
35.25257564,0.02566567483024338
35.26703429,0.03910887312123293
35.26718545,0.023605706874189364
35.2745924,0.02406347753109026
35.27465844,0.039414053559166856
35.29884601,0.026657511253528648
35.29896927,0.020874341954680704
35.29904604,0.03852903028915847
35.29911757,0.031784542610818645
35.29918694,0.020080872816052493
35.30863309,0.03506523231860838
35.30871058,0.03381399252307927
35.3226316,0.01927214465552758
35.32270455,0.03381399252307927
35.33508587,0.038834210727092394
35.33520651,0.02197299153124285
35.34369302,0.029724574654764628
35.34379864,0.04115358205539025
35.36787057,0.025146868085755704
35.36799073,0.025955596246280615
35.36806536,0.041962310215915156
35.3681314,0.029663538567177843
35.36817098,0.023849851224536506
35.37761521,0.0417792019531548
35.37769055,0.03402761882963302
35.38561773,0.023392080567635615
35.3856895,0.03985656519417105
35.40004778,0.03915465018692302
35.40017223,0.02392614633401999
35.42382789,0.03631647211413749
35.42391753,0.04107728694590677
35.42397141,0.023697261005569542
35.42402172,0.032990005340657665
35.42569566,0.04615854123750668
35.42574334,0.02920576791027695
35.43603992,0.029053177691309988
35.44355917,0.04464789806973373
35.44360256,0.03218127718013275
35.45951605,0.025803006027313648
35.45954061,0.04240482185091936
35.47150278,0.034164950026703285
35.47952199,0.021560997940032044
35.47957015,0.03685053788052186
35.48561168,0.036041809719996945
35.48569131,0.020233463035019456
35.49507737,0.031860837720302126
35.49521446,0.0379339284351873
35.50100517,0.02157625696192874
35.51361895,0.02851911192492561
35.51370764,0.039459830624856945
35.53772807,0.02252231631952392
35.53782797,0.024124513618677044
35.53787494,0.0400854505226215
35.53791785,0.02742046234836347
35.54963231,0.0217441062027924
35.54969692,0.03897154192416266
35.55917501,0.03179980163271534
35.55925465,0.020065613794155796
35.56772137,0.03616388189517052
35.56781125,0.035156786449988556
35.5678587,0.019348439765011063
35.5906651,0.031113145647364004
35.59075475,0.03682001983672847
35.60476851,0.021225299458304724
35.60484695,0.02929732204165713
35.61357927,0.04019226367589838
35.61363006,0.024155031662470437
35.62260199,0.025192645151445793
35.62265682,0.040329594872968645
35.62269998,0.027527275501640344
35.62274098,0.02264438849469749
35.63198757,0.039291981383993285
35.63211036,0.03096055542839704
35.64480162,0.020019836728465707
35.65875888,0.03665217059586481
35.65885735,0.03555352101930266
35.65893126,0.02059967956054017
35.65900135,0.03291371023117418
35.66898823,0.03768978408484016
35.66911006,0.02145418478675517
35.67635345,0.0294193942168307
35.67641306,0.039627679865720605
35.68873644,0.022507057297627222
35.6888082,0.02511635004196231
35.70300579,0.041458762493324176
35.70312881,0.027725642786297397
35.70321345,0.022461280231937133
35.72683573,0.04014648661020829
35.72695684,0.03346303501945525
35.72703886,0.021255817502098116
35.72710919,0.03622491798275731
35.72862506,0.035584039063096054
35.72867656,0.021683070115205615
35.74706006,0.036041809719996945
35.74709678,0.04213015945677882
35.74712777,0.024673838406958113
35.74715662,0.03147936217288472
35.77152586,0.04190127412832837
35.77155089,0.026367589837491417
35.7715745,0.02742046234836347
35.78200245,0.04158083466849775
35.78202939,0.029648279545281146
35.78205252,0.02383459220263981
35.7956121,0.0388189517051957
35.79568982,0.030167086289768826
35.80983806,0.019729915312428473
35.80999589,0.03649958037689784
35.82354498,0.03559929808499275
35.82360649,0.01998931868467231
35.83784842,0.03219653620202945
35.83795667,0.03683527885862516
35.83803511,0.02067597467002365
35.84618688,0.03230334935530633
35.84627414,0.04669260700389105
35.85884953,0.0349584191653315
35.85891271,0.04443427176317998
35.8589561,0.06109712367437247
35.86650395,0.0528877698939498
35.88751769,0.03447013046463722
35.88757849,0.03372243839169909
35.89252949,0.01824979018844892
35.8925817,0.009430075532158388
35.89262557,0.02630655374990463
35.8985045,0.037201495384145876
35.89852977,0.021484702830548562
35.91255665,0.028198672465094988
35.91265225,0.03854428931105516
35.92148638,0.023010605020218206
35.92152548,0.024246585793850615
35.94971824,0.039673456931410694
35.94979811,0.02780193789578088
35.94984436,0.023346303501945526
35.94989419,0.039673456931410694
35.9546864,0.030518043793392843
35.95474625,0.018066681925688565
35.96485019,0.03506523231860838
35.96496177,0.03517204547188525
35.97859788,0.02157625696192874
35.97868514,0.0345464255741207
35.97873139,0.03904783703364614
35.98857641,0.02230869001297017
35.98863697,0.03015182726787213
36.00301862,0.04144350347142748
36.00313973,0.025146868085755704
36.03320956,0.027100022888532846
36.03325796,0.043427176317998015
36.03451633,0.030045014114595255
36.0345788,0.024048218509193562
36.04856229,0.04168764782177462
36.04863119,0.034821087968261236
36.04866982,0.02435339894712749
36.05785561,0.04040588998245213
36.0579288,0.03868162050812543
36.07197738,0.024658579385061417
36.07209992,0.03865110246433204
36.07760692,0.04272526131074998
36.07771707,0.02542153047989624
36.0916357,0.03433279926756695
36.091712,0.045181963836118104
36.09176826,0.028641184100099183
36.09181976,0.029724574654764628
36.10502052,0.04322880903334096
36.10515857,0.0302738994430457
36.10661221,0.025604638742656595
36.10666609,0.04072632944228275
36.10670257,0.03129625391012436
36.12205005,0.020798046845197222
36.12213469,0.03810177767605097
36.16955686,0.03649958037689784
36.1695869,0.020065613794155796
36.16960979,0.031860837720302126
36.16963267,0.036621652552071414
36.17286897,0.02067597467002365
36.17299128,0.029617761501487753
36.17306638,0.040711070420386054
36.17313576,0.02328526741435874
36.17504525,0.02418554970626383
36.17849445,0.0392156862745098
36.18752718,0.02696269169146258
36.18760109,0.022842755779354542
36.21157408,0.03904783703364614
36.2116518,0.030334935530632486
36.21168947,0.01943999389639124
36.21172333,0.03646906233310445
36.2185533,0.0345464255741207
36.21862602,0.019043259327077136
36.22756147,0.033447775997558556
36.22763586,0.03817807278553445
36.22771072,0.021011673151750974
36.24455428,0.02887006942854963
36.24464154,0.03944457160296025
36.26887131,0.023270008392462044
36.26900792,0.024719615472648202
36.26908422,0.039673456931410694
36.27053094,0.027359426260776684
36.27688265,0.023422598611429007
36.27698112,0.03961242084382391
36.28954482,0.030746929121843288
36.28961182,0.02021820401312276
36.28965759,0.03685053788052186
36.298491,0.03463797970550088
36.30375743,0.02034027618829633
36.31769419,0.034576943617914094
36.31775498,0.03875791561760891
36.34195209,0.02191195544365606
36.34207463,0.030182345311665523
36.34215498,0.03955138475623712
36.34226966,0.023422598611429007
36.360533,0.025146868085755704
36.36057925,0.03985656519417105
36.36649418,0.027832455939574275
36.36653757,0.024383916990920882
36.37060499,0.04074158846417945
36.37067604,0.03219653620202945
36.37073135,0.021942473487449453
36.38452172,0.038788433661402305
36.38457203,0.03735408560311284
36.39856958,0.022919050888838024
36.39864063,0.03533989471274891
36.40463233,0.03993286030365453
36.40470529,0.024841687647821773
36.41150761,0.03335622186617838
36.41155767,0.04281681544213016
36.41957211,0.025864042114900433
36.41963148,0.027008468757152668
36.43386626,0.040329594872968645
36.43393612,0.025803006027313648
36.43399143,0.02093537804226749
36.46058488,0.03898680094605936
36.46062112,0.031616693369954985
36.46251893,0.020813305867093918
36.46255994,0.036087586785687034
36.4625926,0.03372243839169909
36.46262193,0.01953154802777142
36.47754335,0.033447775997558556
36.47759962,0.03976501106279087
36.48997784,0.027969787136644542
36.4900198,0.04272526131074998
36.50655627,0.0605477988860914
36.50660849,0.051270313572899975
36.50664806,0.04986648355840391
36.52052093,0.047928587777523464
36.52055025,0.019058518348973832
36.52649903,0.00929274433508812
36.52652359,0.026428625925078202
36.5329299,0.028381780727855344
36.53295732,0.016861219195849545
36.54655862,0.03210498207064927
36.54661751,0.036743724727244985
36.55249071,0.020279240100709545
36.55252838,0.028900587472343024
36.57664633,0.03788815136949721
36.57671213,0.022796978713664453
36.57674813,0.025177386129549097
36.57680511,0.039673456931410694
36.59385228,0.026504921034561684
36.59390426,0.022583352407110704
36.59394121,0.03903257801174945
36.59793663,0.030334935530632486
36.59796357,0.020904859998474096
36.61253619,0.036453803311207754
36.61952996,0.03418020904859999
36.61957645,0.021042191195544367
36.61960983,0.03523308155947204
36.64350152,0.03894102388036927
36.64354348,0.02204928664072633
36.6435678,0.03053330281528954
36.64359117,0.04141298542763409
36.65351081,0.02589456015869383
36.65354538,0.028458075837338826
36.65357113,0.04251163500419623
36.66806817,0.02908369573510338
36.67650557,0.026001373311970704
36.67654252,0.042969405661097124
36.68948293,0.03437857633325704
36.68952441,0.025146868085755704
36.68955564,0.04206912336919204
36.71350074,0.0388189517051957
36.71352959,0.023956664377813384
36.72778392,0.038574807354848556
36.72784209,0.04267948424505989
36.73258853,0.02566567483024338
36.73264432,0.03433279926756695
36.74552941,0.044037537193865876
36.74558282,0.026764324406805522
36.7551899,0.02832074464026856
36.755229,0.04213015945677882
36.7785995,0.027862973983367668
36.7786932,0.023682001983672846
36.77874899,0.039627679865720605
36.77880168,0.030899519340810255
36.77885532,0.02153047989623865
36.78856659,0.03706416418707561
36.78862214,0.03352407110704204
36.78866339,0.019592584115358205
36.78870368,0.033203631647211414
36.79767084,0.03680476081483177
36.79774284,0.020202944991226063
36.80718303,0.029922941939421684
36.80730367,0.039246204318303196
36.83594275,0.022278171969176776
36.83606434,0.02542153047989624
36.83613157,0.039963378347447925
36.83616042,0.026031891355764097
36.83618855,0.02264438849469749
36.84459639,0.03904783703364614
36.84467912,0.029922941939421684
36.85521483,0.02026398107881285
36.85525656,0.03714045929655909
36.86794424,0.03489738307774472
36.86804438,0.02059967956054017
36.88162994,0.03308155947203784
36.88170433,0.03605706874189364
36.89453745,0.019806210421911954
36.89457965,0.030090791180285344
36.89461064,0.03959716182192721
36.89463902,0.02294956893263142
36.90297127,0.02594033722438392
36.91453171,0.04019226367589838
36.91456294,0.025818265049210344
36.92451477,0.021850919356069275
36.92454267,0.03918516823071641
36.94852853,0.030472266727702754
36.94855905,0.021271076523994813
36.94858313,0.038330663004501414
36.94860578,0.03485160601205463
36.95151496,0.020782787823300525
36.95153975,0.03363088426031891
36.96450901,0.03694209201190204
36.96453667,0.020996414129854278
36.97459102,0.030334935530632486
36.97465277,0.038330663004501414
36.99865174,0.02162203402761883
36.99872446,0.02627603570611124
36.99876499,0.041504539559014265
36.99880385,0.02758831158922713
37.00893712,0.023849851224536506
37.00909686,0.040039673456931414
37.01790142,0.03141832608529793
37.01795173,0.02320897230487526
37.03181624,0.03930724040588998
37.03191161,0.03659113450827802
37.0319829,0.02349889372091249
37.05660415,0.03689631494621195
37.05668187,0.03981078812848096
37.05672693,0.0234531166552224
37.05676866,0.032867933165484094
37.0665977,0.0409399557488365
37.06665206,0.023422598611429007
37.07580066,0.0255893797207599
37.07597446,0.038574807354848556
37.08358002,0.02554360265506981
37.08363962,0.02383459220263981
37.09757471,0.04025329976348516
37.09763217,0.029831387808041506
37.12195539,0.020401312275883116
37.1220305,0.03715571831845579
37.1220727,0.03372243839169909
37.13381076,0.019165331502250707
37.13390136,0.035156786449988556
37.14908171,0.043259327077134355
37.14916992,0.032166018158236054
37.14922667,0.04914930952925917
37.14927959,0.06100556954299229
37.16166139,0.04878309300373846
37.16175246,0.03904783703364614
37.17767215,0.03585870145723659
37.17773914,0.013717860685130083
37.17778707,0.009842069123369192
37.19160461,0.027222095063706417
37.19165874,0.03405813687342641
37.19170165,0.01879911497672999
37.19174075,0.02896162355992981
37.20684052,0.038742656595712216
37.20696306,0.02320897230487526
37.20703888,0.026428625925078202
37.20710921,0.03877317463950561
37.22162914,0.02435339894712749
37.22173119,0.022186617837796598
37.23061275,0.03897154192416266
37.23067045,0.02929732204165713
37.25375438,0.020752269779507133
37.25382972,0.03797970550087739
37.25387692,0.03421072709239338
37.256567,0.02050812542915999
37.25663161,0.0349736781872282
37.26486111,0.037750820172426945
37.2649312,0.020950637064164186
37.28169537,0.03100633249408713
37.28181148,0.04060425726710918
37.28188634,0.024414435034714275
37.28195691,0.02844281681544213
37.30685401,0.04238956282902266
37.30697536,0.028336003662165255
37.30705285,0.024490730144197757
37.31671572,0.0417792019531548
37.31682611,0.033539330128938734
37.32158017,0.02525368123903258
37.32164454,0.04113832303349355
37.33452106,0.037537193865873196
37.33454823,0.02452124818799115
37.34179831,0.039246204318303196
37.34188032,0.04213015945677882
37.36461854,0.025360494392309453
37.36469245,0.03512626840619516
37.36720967,0.04361028458075837
37.36723614,0.02703898680094606
37.36725903,0.0302738994430457
37.3795135,0.042755779354543375
37.39351392,0.0290074006256199
37.39356446,0.026626993209735255
37.3935957,0.04238956282902266
37.39362574,0.031067368581673915
37.40867138,0.021179522392614634
37.4087708,0.03735408560311284
37.42438412,0.03390554665445945
37.42449951,0.02076752880140383
37.4245472,0.03509575036240177
37.43652248,0.037201495384145876
37.43654847,0.01965362020294499
37.44368076,0.029266803997863737
37.44377661,0.038834210727092394
37.45805192,0.022415503166247044
37.4581027,0.026382848859388113
37.463552,0.04058899824521248
37.46360946,0.025391012436102846
37.47800565,0.02197299153124285
37.47815061,0.03906309605554284
37.49160576,0.028747997253376057
37.49168205,0.020950637064164186
37.49652195,0.03768978408484016
37.49657488,0.033279926756694896
37.50255871,0.019424734874494545
37.51186037,0.03338673990997177
37.51198459,0.03659113450827802
37.51954484,0.021606775005722133
37.5196228,0.0315403982604715
37.54387808,0.03897154192416266
37.54400086,0.021820401312275882
37.54407644,0.026047150377660793
37.54414606,0.03982604715037766
37.55859566,0.025650415808346684
37.55867314,0.023605706874189364
37.55871844,0.03985656519417105
37.55876327,0.029480430304417486
37.56663775,0.021271076523994813
37.58103204,0.03768978408484016
37.58115363,0.03363088426031891
37.58955264,0.020416571297779813
37.58963251,0.03504997329671168
37.60364628,0.03813229571984436
37.60374546,0.021637293049515526
37.61280227,0.03134203097581445
37.61292362,0.03906309605554284
37.61299825,0.022003509575036242
37.61306787,0.026886396581979097
37.62758899,0.04048218509193561
37.62766719,0.025680933852140077
37.6277132,0.02371252002746624
37.64300084,0.04101625085831998
37.6431222,0.031326771953917754
37.6666286,0.022415503166247044
37.66670227,0.0383916990920882
37.66674685,0.035034714274814985
37.66678739,0.023193713282978562
37.67651653,0.03854428931105516
37.67654037,0.04046692607003891
37.68451929,0.023590447852292667
37.68454671,0.03360036621652552
37.693501,0.041428244449530784
37.69352651,0.02447547112230106
37.70309591,0.029266803997863737
37.7185092,0.042969405661097124
37.71853709,0.02699320973525597
37.74253631,0.023315785458152133
37.74256921,0.03942931258106355
37.74259377,0.028946364538033113
37.75540876,0.020828564888990615
37.75545931,0.03825436789501793
37.75548935,0.033325703822384985
37.761482,0.020141908903639278
37.78653908,0.0349736781872282
37.78662777,0.03559929808499275
37.78667378,0.020187685969329367
37.79651046,0.03610284580758373
37.79657531,0.0490424963759823
37.79662967,0.03869687953002213
37.79667187,0.049927519645990695
37.81081343,0.0609597924773022
37.8109374,0.04599069199664302
37.8110137,0.027267872129396506
37.81108332,0.028824292362859542
37.82159877,0.016983291371023116
37.82168818,0.015579461356527047
37.82852268,0.035828183413443196
37.82857871,0.031067368581673915
37.83355045,0.018692301823453116
37.85762668,0.03476005188067445
37.857692,0.03677424277103838
37.85772824,0.019455252918287938
37.8577621,0.03039597161821927
37.86758542,0.03936827649347677
37.86765766,0.022293430991073473
37.87701511,0.026489662012664988
37.87713647,0.03935301747158007
37.88461328,0.024933241779201955
37.88467884,0.024902723735408562
37.89880443,0.04214541847867552
37.8988874,0.029922941939421684
37.90799117,0.02111848630502785
37.92160249,0.03901731898985275
37.9216795,0.034912642099641414
37.92955995,0.021301594567788205
37.92961812,0.03529411764705882
37.9349556,0.037537193865873196
37.93500805,0.022018768596932938
37.94397283,0.03372243839169909
37.94409227,0.04301518272678721
37.95256543,0.026123445487144275
37.95262933,0.03015182726787213
37.96690273,0.04339665827420462
37.96695948,0.02861066605630579
37.97522211,0.02801556420233463
37.98859978,0.04544136720836194
37.98867655,0.034653238727397576
37.99952126,0.026214999618524453
37.9995532,0.04335088120851453
37.99958014,0.03744563973449302
37.99960685,0.02397192339971008
38.01156592,0.03973449301899748
38.01158881,0.0417792019531548
38.01700473,0.025772487983520255
38.01704168,0.03643854428931106
38.03954101,0.04267948424505989
38.03957272,0.024109254596780347
38.04150009,0.029098954757000077
38.05148005,0.042420080872816054
38.05150533,0.026581216144045166
38.05750179,0.02392614633401999
38.05752635,0.039337758449683374
38.06650639,0.02865644312199588
38.07501912,0.021057450217441064
38.07512808,0.03889524681467918
38.09882736,0.0336919203479057
38.09892726,0.02038605325398642
38.098984,0.03500419623102159
38.09903526,0.03651483939879454
38.09908366,0.020233463035019456
38.10894918,0.030777447165636684
38.1090889,0.03682001983672847
38.1236012,0.02128633554589151
38.1236887,0.028336003662165255
38.13164592,0.04080262455176623
38.13171864,0.024444953078507668
38.15560055,0.02371252002746624
38.15567851,0.03970397497520409
38.1687026,0.028412298771648737
38.1688168,0.02157625696192874
38.17809868,0.03884946974898909
38.1782217,0.03131151293202106
38.178298,0.019287403677424278
38.19205523,0.036194399938963916
38.19213176,0.03714045929655909
38.21178699,0.020782787823300525
38.21191072,0.031906614785992216
38.2245934,0.03930724040588998
38.22466111,0.02178988326848249
38.22469759,0.026550698100251773
38.22473121,0.03993286030365453
38.22476387,0.025055313954375526
38.2247963,0.024490730144197757
38.23896742,0.04046692607003891
38.23907018,0.029327840085450523
38.23914742,0.02255283436331731
38.23922038,0.03904783703364614
38.23928857,0.032272831311512935
38.25416517,0.020355535210193027
38.25425267,0.036194399938963916
38.26759577,0.03665217059586481
38.26766801,0.020019836728465707
38.2766428,0.03219653620202945
38.27670789,0.039749752040894176
38.29963517,0.023102159151598384
38.2997086,0.029053177691309988
38.30154228,0.040924696726939803
38.30158925,0.024414435034714275
38.3016293,0.024719615472648202
38.31081748,0.044037537193865876
38.31089568,0.03335622186617838
38.32437706,0.024078736552986955
38.3244729,0.04031433585107195
38.33259726,0.034531166552224005
38.33265519,0.022842755779354542
38.35557151,0.037628747997253374
38.35564423,0.039749752040894176
38.3575573,0.023773556115053024
38.35760546,0.03401235980773632
38.36360526,0.03959716182192721
38.36366272,0.021545738918135347
38.3696146,0.026657511253528648
38.37777853,0.040543221179522394
38.37786341,0.02583352407110704
38.39167404,0.023422598611429007
38.39173603,0.03848325322346838
38.40452528,0.02877851529716945
38.40455317,0.023346303501945526
38.41858053,0.039002059967956054
38.41863894,0.0324101625085832
38.41866994,0.022369726100556955
38.4186995,0.04339665827420462
38.43351603,0.05224689097428855
38.43354416,0.04419012741283284
38.45123005,0.059327077134355685
38.45129323,0.0584267948424506
38.45132303,0.02763408865491722
38.4645052,0.020462348363469902
38.46453166,0.029846646829938202
38.48450971,0.017242694743266958
38.48453593,0.019348439765011063
38.48650837,0.038162813763637754
38.48653293,0.027969787136644542
38.48655581,0.021316853589684902
38.48657894,0.03790341039139391
38.50151992,0.03108262760357061
38.50154567,0.018112458991378654
38.51779556,0.033997100785839625
38.51787162,0.03768978408484016
38.52752876,0.022735942626077667
38.52758789,0.031830319676508734
38.55063391,0.03767452506294346
38.55077267,0.021393148699168384
38.55856371,0.02822919050888838
38.55862284,0.041092545967803464
38.55866838,0.026550698100251773
38.55871129,0.025314717326619364
38.57285023,0.040161745632104985
38.57296038,0.028625925078202486
38.57303596,0.02288853284504463
38.57879615,0.040833142595559625
38.57889628,0.033707179369802394
38.59260392,0.021896696421759364
38.59266686,0.03810177767605097
38.60675263,0.03935301747158007
38.60685325,0.023178454261081866
38.61604476,0.03472953383688106
38.61616611,0.04205386434729534
38.62157273,0.02589456015869383
38.6216321,0.03288319218738079
38.62876105,0.0447699702449073
38.62881851,0.029571984435797664
38.63354897,0.02925154497596704
38.64303708,0.04353398947127489
38.64313817,0.030640115968566414
38.6666317,0.026382848859388113
38.66670632,0.04554818036163882
38.66675067,0.03799496452277409
38.66679335,0.02456702525368124
38.67656732,0.0375219348439765
38.67659235,0.03808651865415427
38.68455839,0.02178988326848249
38.68459034,0.033371480888075074
38.69453335,0.04005493247882811
38.69456291,0.022705424582284275
38.70500302,0.02822919050888838
38.71755457,0.040161745632104985
38.71758652,0.023437857633325704
38.73152351,0.023514152742809186
38.73155355,0.04101625085831998
38.73157787,0.028717479209582664
38.74177003,0.020202944991226063
38.74184275,0.038239108873121236
38.75459051,0.032562752727550166
38.75469112,0.01986724650949874
38.75957608,0.034607461661707486
38.75964069,0.03521782253757534
38.76887107,0.01986724650949874
38.78298616,0.031952391851682305
38.78312731,0.03773556115053025
38.7966187,0.021057450217441064
38.79671359,0.027725642786297397
38.79677153,0.03935301747158007
38.79682565,0.02349889372091249
38.81157041,0.02349889372091249
38.81162953,0.040375371938658734
38.81716132,0.028503852903028915
38.81723928,0.021850919356069275
38.8296361,0.03810177767605097
38.8297236,0.0315403982604715
38.83911347,0.01986724650949874
38.86355901,0.03588921950102998
38.86359763,0.03622491798275731
38.86362314,0.020477607385366598
38.86364698,0.032074464026855876
38.8636694,0.038452735179674985
38.86369228,0.022018768596932938
38.88005304,0.028244449530785077
38.88009477,0.03904783703364614
38.88755941,0.022796978713664453
38.8876009,0.024444953078507668
38.91154861,0.041504539559014265
38.91159678,0.028336003662165255
38.91162872,0.02026398107881285
38.9365952,0.03718623636224918
38.93668103,0.03224231326771954
38.9367342,0.021210040436408027
38.93678808,0.03718623636224918
38.94451666,0.038117036697947665
38.94455671,0.022369726100556955
38.94458842,0.033539330128938734
38.94461727,0.03904783703364614
38.95860147,0.02162203402761883
38.9586916,0.029877164873731595
38.95874095,0.04362554360265507
38.95878911,0.02708476386663615
38.9752717,0.027832455939574275
38.98762989,0.04251163500419623
38.98769426,0.029617761501487753
38.99651575,0.024078736552986955
38.99655485,0.041626611734187836
38.99657845,0.03396658274204623
38.99660134,0.021927214465552756
39.00854874,0.03717097734035248
39.00859404,0.03643854428931106
39.02185869,0.020111390859845885
39.02189541,0.03219653620202945
39.0360527,0.03906309605554284
39.03609538,0.022278171969176776
39.04892182,0.028259708552681773
39.06650591,0.040009155413138014
39.06653833,0.02294956893263142
39.06656504,0.02191195544365606
39.06658864,0.03904783703364614
39.06852388,0.032166018158236054
39.06856585,0.031403067063401235
39.07766414,0.05387960631723507
39.07770562,0.0537575341420615
39.08676314,0.047302967879758906
39.08686137,0.05729762722209506
39.10953593,0.04065003433279927
39.10956097,0.010681315327687495
39.11167431,0.015411612115663387
39.11794877,0.031448844129091325
39.11797643,0.0200503547722591
39.12453318,0.022735942626077667
39.12456274,0.03932249942778668
39.13253188,0.02798504615854124
39.1325686,0.020920119020370793
39.14652205,0.038162813763637754
39.14654779,0.031189440756847486
39.15956259,0.019211108567940796
39.15962338,0.03433279926756695
39.18403053,0.034195468070496685
39.18413329,0.020202944991226063
39.18421054,0.0332646677347982
39.18427944,0.03904783703364614
39.18670368,0.021377889677271687
39.18680692,0.028122377355611506
39.20058799,0.04031433585107195
39.20066452,0.025513084611276417
39.2068615,0.02677958342870222
39.20690107,0.04065003433279927
39.22960949,0.02789349202716106
39.2296865,0.02323949034866865
39.23157144,0.040207522697795074
39.23163366,0.03300526436255436
39.23167896,0.022400244144350347
39.24452305,0.039337758449683374
39.24456501,0.039002059967956054
39.25366092,0.023422598611429007
39.25376034,0.035919737544823374
39.27053404,0.041382467383840695
39.27060103,0.02494850080109865
39.28154731,0.03279163805600061
39.28162766,0.04495307850766766
39.29459476,0.029022659647516595
39.29467249,0.029236285954070344
39.29471803,0.045090409704737926
39.29476166,0.03338673990997177
39.29480314,0.026504921034561684
39.3096149,0.042755779354543375
39.30969071,0.03485160601205463
39.32077575,0.02272068360418097
39.3208611,0.03810177767605097
39.33867884,0.03680476081483177
39.33875465,0.02111848630502785
39.35287976,0.034042877851529714
39.35298157,0.0400854505226215
39.35762429,0.023346303501945526
39.35770512,0.029068436713206684
39.36753416,0.039414053559166856
39.36757779,0.0225986114290074
39.37152243,0.024383916990920882
39.37898231,0.041290913252460516
39.37901902,0.027908751049057757
39.39174128,0.020401312275883116
39.39181519,0.037094682230869
39.40453053,0.02929732204165713
39.40457249,0.018432898451209278
39.42861462,0.03648432135500115
39.42868876,0.03637750820172427
39.42873359,0.02021820401312276
39.42877483,0.03192187380788891
39.45294142,0.0375219348439765
39.45299983,0.021255817502098116
39.45304418,0.027908751049057757
39.4530859,0.03920042725261311
39.45312619,0.02423132677195392
39.45451474,0.025268940260929275
39.45453978,0.03944457160296025
39.47852874,0.026749065384908826
39.47856736,0.022400244144350347
39.47859263,0.039505607690547034
39.478616,0.030472266727702754
39.48852062,0.018265049210345618
39.48854589,0.03598077363241016
39.49446821,0.036865796902418556
39.4944942,0.020920119020370793
39.50898933,0.033279926756694896
39.50903678,0.038040741588464176
39.52283263,0.021255817502098116
39.52296948,0.028641184100099183
39.53648901,0.03981078812848096
39.53653336,0.023651483939879453
39.54666376,0.024780651560234988
39.54670382,0.040711070420386054
39.55182695,0.029526207370107575
39.55188656,0.02316319523918517
39.56451917,0.03830014496070802
39.56456685,0.030930037384603648
39.56652403,0.021377889677271687
39.57986522,0.03782711528191043
39.57993865,0.03639276722362097
39.59364223,0.021179522392614634
39.59371829,0.033279926756694896
39.60323262,0.03901731898985275
39.60329294,0.023682001983672846
39.60772419,0.03204394598306248
39.60779595,0.04260318913557641
39.62165904,0.025879301136797133
39.6217494,0.02639810788128481
39.62706685,0.04284733348592355
39.62714195,0.03105210955977722
39.63805985,0.02499427786678874
39.65154362,0.04101625085831998
39.65158629,0.03334096284428168
39.66448665,0.02204928664072633
39.66453218,0.035584039063096054
39.66648364,0.033829251544975965
39.66651559,0.02111848630502785
39.67458296,0.03245593957427329
39.67464304,0.03564507515068284
39.68902421,0.021728847180895704
39.68914342,0.028671702143892575
39.69767642,0.037247272449835965
39.69775319,0.02494850080109865
39.7218895,0.029739833676661324
39.72201037,0.04574654764629587
39.72208786,0.03955138475623712
39.72361422,0.043045700770580606
39.7236619,0.061127641718165864
39.73254442,0.05505455100328069
39.73259711,0.031784542610818645
39.74185562,0.030930037384603648
39.7419107,0.021087968261234456
39.75451541,0.009323262378881514
39.7545414,0.022735942626077667
39.77872252,0.0371099412527657
39.77882075,0.023025864042114902
39.778898,0.024704356450751506
39.78188658,0.03863584344243534
39.78198624,0.02970931563286793
39.78853774,0.0243076218814374
39.7885673,0.03421072709239338
39.79652095,0.031280994888227664
39.79655123,0.02413977264057374
39.81000662,0.03160143434805829
39.81007838,0.03189135576409552
39.82358265,0.02554360265506981
39.82361126,0.030289158464942397
39.83754683,0.033661402304112305
39.83757901,0.028366521705958648
39.83760333,0.029968719005111773
39.8394978,0.03413443198290989
39.83958697,0.0298619058518349
39.86352658,0.030289158464942397
39.86355329,0.03466849774929427
39.87252665,0.030640115968566414
39.88711262,0.029053177691309988
39.88725257,0.03430228122377356
39.88733029,0.032562752727550166
39.89950156,0.028854810406652935
39.89952803,0.03418020904859999
39.91579914,0.03639276722362097
39.91582537,0.0324254215304799
39.92753434,0.0345464255741207
39.92759562,0.03680476081483177
39.9276216,0.03297474631876097
39.92764711,0.034439612420843826
39.92767024,0.03781185626001373
39.92769337,0.03428702220187686
39.95202184,0.0345464255741207
39.95214558,0.035584039063096054
39.95968175,0.03138780804150454
39.9597609,0.030548561837186235
39.96659708,0.03578240634775311
39.96665978,0.03500419623102159
39.96670699,0.031494621194781414
39.97481585,0.033325703822384985
39.9748888,0.03250171663996338
39.98902345,0.029022659647516595
39.9891448,0.030563820859082932
39.99760032,0.032028686961165787
39.9976759,0.028000305180437935
40.02184796,0.02822919050888838
40.0219667,0.030746929121843288
40.02204442,0.02827496757457847
40.02211547,0.02877851529716945
40.02760458,0.03321889066910811
40.0276823,0.02970931563286793
40.03682113,0.026550698100251773
40.04456949,0.030426489662012664
40.04462242,0.03048752574959945
40.05399966,0.028625925078202486
40.05412102,0.030975814450293737
40.07801723,0.02937361715114061
40.07813835,0.025726710917830166
40.07821321,0.030426489662012664
40.07828379,0.033325703822384985
40.08798862,0.028412298771648737
40.08811092,0.02896162355992981
40.09659553,0.031738765545128556
40.09668183,0.029526207370107575
40.10338902,0.02912947280079347
40.11599565,0.03146410315098802
40.11611652,0.02908369573510338
40.12858605,0.027481498435950255
40.12866521,0.03134203097581445
40.14269662,0.0315556572823682
40.14275622,0.029800869764248113
40.14279938,0.032364385442893114
40.14283943,0.03163195239185168
40.15302467,0.027283131151293202
40.15314507,0.03053330281528954
40.16789603,0.03259327077134356
40.167974,0.028412298771648737
40.16801929,0.029114213778896773
40.18157697,0.031860837720302126
40.18160605,0.028412298771648737
40.19457269,0.028473334859235522
40.19464278,0.033035782406347754
40.2035296,0.030670634012359806
40.20356059,0.028137636377508202
40.2035861,0.03268482490272374
40.2036109,0.031662470435645074
40.21852708,0.028824292362859542
40.21855783,0.032562752727550166
40.23248887,0.033401998931868467
40.23252416,0.03091477836270695
40.26257014,0.033615625238422216
40.26266265,0.03442435339894713
40.26271701,0.030350194552529183
40.26276112,0.03250171663996338
40.26517606,0.03639276722362097
40.26523423,0.0319829098954757
40.27871728,0.030640115968566414
40.27881479,0.033997100785839625
40.28497219,0.030426489662012664
40.28511119,0.0285648889906157
40.28518867,0.03259327077134356
40.30853963,0.03015182726787213
40.30857944,0.02716105897611963
40.32250357,0.032898451209277486
40.32254529,0.0324101625085832
40.32257032,0.026337071793698024
40.32259417,0.029190508888380255
40.3329277,0.031662470435645074
40.33304715,0.029053177691309988
40.3466022,0.03634699015793088
40.34667945,0.0430609597924773
40.3467257,0.04260318913557641
40.34676909,0.05067521171892882
40.37210846,0.060578316929884794
40.3722043,0.04919508659494926
40.3722744,0.02998397802700847
40.38670444,0.022629129472800793
40.3867805,0.01773098344396124
40.38682556,0.019562066071564813
40.38687587,0.03006027313649195
40.39658904,0.03141832608529793
40.39664268,0.02528419928282597
40.41081929,0.029907682917524988
40.41090012,0.0324101625085832
40.42369914,0.02661173418783856
40.42376256,0.02917524986648356
40.43771029,0.032898451209277486
40.43780136,0.026977950713359275
40.43787384,0.027222095063706417
40.44666791,0.033401998931868467
40.44673204,0.029724574654764628
40.45592856,0.02754253452353704
40.45599532,0.03317311360341802
40.46388268,0.029724574654764628
40.46393728,0.02630655374990463
40.47786736,0.03396658274204623
40.47799182,0.03356984817273213
40.50190663,0.02758831158922713
40.50201058,0.0332646677347982
40.50208497,0.03564507515068284
40.50215745,0.02954146639200427
40.50222778,0.031326771953917754
40.51161218,0.03523308155947204
40.51165986,0.030121309224078737
40.52761483,0.031570916304264895
40.52764463,0.03802548256656748
40.52999878,0.03422598611429008
40.53002644,0.03218127718013275
40.55350924,0.03805600061036087
40.55354905,0.03476005188067445
40.55357265,0.03065537499046311
40.55359554,0.036865796902418556
40.56351995,0.03730830853742275
40.56354976,0.03292896925307088
40.57699037,0.03643854428931106
40.57712698,0.0371099412527657
40.58953094,0.030762188143739988
40.58957386,0.033112077515831236
40.60401702,0.036865796902418556
40.60414028,0.030640115968566414
40.61962819,0.030518043793392843
40.61972117,0.03584344243533989
40.62258863,0.03108262760357061
40.62263656,0.028717479209582664
40.63184357,0.03375295643549248
40.6319654,0.0307011520561532
40.63203955,0.026337071793698024
40.64656425,0.03187609674219882
40.64663124,0.03129625391012436
40.65523052,0.025696192874036773
40.65529037,0.02937361715114061
40.68264818,0.032166018158236054
40.68271446,0.02754253452353704
40.68275094,0.029358358129243915
40.68278456,0.03163195239185168
40.68281746,0.027954528114747846
40.68284965,0.02887006942854963
40.69664168,0.03335622186617838
40.69673252,0.029877164873731595
40.70598269,0.02754253452353704
40.71083808,0.031616693369954985
40.71096087,0.029495689326314183
40.72357726,0.027267872129396506
40.723629,0.032394903486686506
40.74758029,0.030563820859082932
40.74764585,0.025223163195239186
40.75691748,0.02981612878614481
40.75696683,0.03302052338445106
40.75700235,0.028259708552681773
40.75703645,0.0294193942168307
40.76987743,0.033661402304112305
40.76999617,0.029098954757000077
40.77007103,0.028946364538033113
40.7787447,0.03360036621652552
40.77884912,0.030212863355458915
40.80304313,0.02896162355992981
40.80307364,0.03308155947203784
40.80309844,0.029404135194934004
40.80312204,0.027344167238879988
40.81002879,0.033325703822384985
40.8100667,0.03189135576409552
40.81850052,0.027191577019913024
40.81852627,0.031998168917372394
40.83257389,0.03360036621652552
40.83259749,0.028259708552681773
40.83261943,0.03048752574959945
40.84750915,0.03381399252307927
40.84753418,0.02937361715114061
40.86352181,0.030762188143739988
40.86354685,0.03598077363241016
40.86357784,0.031998168917372394
40.86360121,0.030670634012359806
40.87951112,0.0354009308003357
40.87953663,0.033401998931868467
40.8845098,0.03031967650873579
40.88453746,0.03521782253757534
40.89878225,0.034271763179980166
40.89884114,0.02908369573510338
40.91362119,0.03228809033340963
40.91372848,0.033401998931868467
40.92765331,0.027832455939574275
40.92776752,0.029449912260624093
40.93379092,0.032272831311512935
40.93391299,0.02725261310749981
40.9428885,0.027832455939574275
40.94296813,0.03350881208514534
40.95158029,0.03048752574959945
40.95166087,0.027832455939574275
40.95170641,0.032562752727550166
40.96350884,0.03372243839169909
40.9778235,0.035248340581368734
40.99160004,0.04611276417181659
40.99166012,0.053101396200503546
40.99665093,0.053894865339131764
40.9967227,0.05262836652170596
41.00506997,0.03851377126726177
41.00519228,0.019058518348973832
41.00526786,0.016449225604638743
41.00534058,0.02406347753109026
41.01960373,0.02333104448004883
41.01968026,0.026825360494392308
41.03397632,0.0332646677347982
41.03407931,0.029022659647516595
41.04758739,0.027008468757152668
41.0525744,0.03234912642099642
41.05263376,0.028793774319066146
41.07068729,0.026459143968871595
41.07076836,0.03228809033340963
41.0760293,0.031036850537880523
41.07615089,0.026581216144045166
41.0762279,0.03170824750133516
41.076298,0.03317311360341802
41.08764911,0.026825360494392308
41.08772397,0.029663538567177843
41.11184859,0.033234149691004806
41.11196947,0.028198672465094988
41.11205268,0.030045014114595255
41.12461615,0.03552300297550927
41.1246798,0.03048752574959945
41.1247251,0.028809033340962846
41.12476707,0.03476005188067445
41.14960647,0.033203631647211414
41.14968491,0.030411230640115968
41.14973235,0.03555352101930266
41.14977455,0.0332646677347982
41.15156865,0.0294193942168307
41.15161633,0.03559929808499275
41.17511702,0.03717097734035248
41.17523742,0.030716411078049895
41.17531681,0.03375295643549248
41.18255329,0.03688105592431525
41.19669986,0.03126573586633097
41.1968081,0.033325703822384985
41.19688725,0.038834210727092394
41.19695854,0.033615625238422216
41.21557665,0.031662470435645074
41.21566534,0.03814755474174106
41.21571302,0.03483634699015793
41.21575522,0.028931105516136417
41.24074626,0.03405813687342641
41.24088192,0.0341039139391165
41.24096179,0.02789349202716106
41.24954677,0.03150988021667811
41.24963522,0.03237964446478981
41.25451732,0.0268711375600824
41.25457096,0.029312581063553826
41.26357555,0.033783474479285876
41.26365614,0.027954528114747846
41.26371288,0.027908751049057757
41.27659225,0.03396658274204623
41.30001068,0.0294193942168307
41.30014968,0.02716105897611963
41.30022931,0.03245593957427329
41.30030036,0.02912947280079347
41.30036759,0.025146868085755704
41.31462693,0.030731670099946592
41.31470418,0.030579079880979628
41.31957793,0.026382848859388113
41.31963849,0.031525139238574806
41.33395386,0.03274586099031052
41.33408999,0.025803006027313648
41.34761858,0.02827496757457847
41.34769702,0.032364385442893114
41.37205052,0.027740901808194093
41.37212801,0.029571984435797664
41.38532519,0.03405813687342641
41.38537455,0.0290074006256199
41.38540721,0.028641184100099183
41.39152908,0.03483634699015793
41.39157128,0.029526207370107575
41.39160442,0.026504921034561684
41.39163399,0.03314259555962463
41.40015697,0.030823224231326773
41.40019917,0.025070572976272222
41.41355991,0.031403067063401235
41.41360378,0.03396658274204623
41.43775845,0.027832455939574275
41.43783116,0.02998397802700847
41.43788743,0.03184557869840543
41.43793941,0.02618448157473106
41.43798876,0.02920576791027695
41.45264459,0.03527885862516213
41.4527216,0.03131151293202106
41.4527669,0.029236285954070344
41.45289445,0.03317311360341802
41.46764374,0.029602502479591057
41.46771622,0.027008468757152668
41.47779083,0.033707179369802394
41.47791123,0.034363317311360345
41.50162458,0.02958724345769436
41.50169945,0.03312733653772793
41.50175571,0.03521782253757534
41.50180602,0.030045014114595255
41.5018549,0.03356984817273213
41.51152277,0.03637750820172427
41.51156259,0.029388876173037308
41.52462816,0.029388876173037308
41.52466774,0.03518730449378195
41.52953815,0.0315556572823682
41.52957249,0.0281528953994049
41.55352592,0.032272831311512935
41.55355477,0.030182345311665523
41.55357885,0.026382848859388113
41.55360198,0.03259327077134356
41.56352186,0.03125047684443427
41.56354952,0.025635156786449988
41.57861042,0.029999237048905166
41.57878399,0.03126573586633097
41.59253454,0.028595407034409093
41.59256935,0.03814755474174106
41.60687137,0.047928587777523464
41.60697317,0.04911879148546578
41.62654424,0.05571068894483864
41.62660527,0.05880827038986801
41.62663174,0.03851377126726177
41.62665534,0.02197299153124285
41.62849879,0.021667811093308918
41.62852907,0.020187685969329367
41.62855172,0.02145418478675517
41.64397883,0.02946517128252079
41.64414144,0.028885328450446328
41.66764307,0.02520790417334249
41.66770673,0.030075532158388648
41.66776443,0.032074464026855876
41.66780448,0.02737468528267338
41.67487526,0.029846646829938202
41.67497873,0.031448844129091325
41.68356657,0.026535439078355077
41.68363047,0.029358358129243915
41.69758534,0.034317540245670256
41.69762588,0.028046082246128024
41.69765711,0.026199740596627757
41.71265531,0.03295948729686427
41.71272612,0.029480430304417486
41.73670912,0.02703898680094606
41.7368083,0.03393606469825284
41.73688555,0.031448844129091325
41.73695636,0.02652018005645838
41.73890185,0.033035782406347754
41.73892903,0.03567559319447623
41.75257826,0.029831387808041506
41.75262523,0.03218127718013275
41.76685619,0.03430228122377356
41.76692796,0.02873273823147936
41.7669847,0.030899519340810255
41.79205322,0.036911573968108645
41.79211783,0.03274586099031052
41.79215455,0.031738765545128556
41.79218936,0.0371099412527657
41.79766774,0.03292896925307088
41.79773903,0.030579079880979628
41.81161928,0.03633173113603418
41.81169987,0.03509575036240177
41.81960082,0.030579079880979628
41.81967211,0.03552300297550927
41.84358764,0.03569085221637293
41.84366393,0.029724574654764628
41.84370995,0.03338673990997177
41.86755633,0.03610284580758373
41.86758494,0.029617761501487753
41.86760879,0.03060959792477302
41.86763215,0.03480582894636454
41.88267303,0.028473334859235522
41.88270283,0.0277103837644007
41.88272619,0.03402761882963302
41.88274908,0.029739833676661324
41.90656638,0.02618448157473106
41.90660858,0.03192187380788891
41.90664339,0.029495689326314183
41.90668011,0.026367589837491417
41.92159963,0.0324101625085832
41.9216795,0.03279163805600061
41.92173362,0.025909819180590526
41.92178488,0.028931105516136417
41.9368279,0.033035782406347754
41.93690681,0.028244449530785077
41.93695378,0.028503852903028915
41.93699574,0.03292896925307088
41.95206022,0.028137636377508202
41.95213532,0.027557793545433737
41.97456861,0.03331044480048829
41.97463417,0.030685893034256503
41.97652864,0.02758831158922713
41.97658134,0.03295948729686427
41.97662354,0.030472266727702754
41.99181581,0.02610818646524758
41.99191236,0.03321889066910811
41.99767733,0.0336919203479057
41.99775958,0.026031891355764097
42.01160789,0.028992141603723202
42.01167393,0.034531166552224005
42.02462316,0.02954146639200427
42.02470183,0.02806134126802472
42.03871226,0.03250171663996338
42.03881073,0.029602502479591057
42.03885961,0.029449912260624093
42.03889561,0.03445487144274052
42.03892827,0.030472266727702754
42.05354905,0.027481498435950255
42.05360913,0.03358510719462882
42.06281281,0.03187609674219882
42.06293416,0.02639810788128481
42.08667946,0.032227054245822846
42.08676767,0.0340886549172198
42.08682299,0.028503852903028915
42.08687329,0.03262378881513695
42.096766,0.03683527885862516
42.09683871,0.030411230640115968
42.09689474,0.03295948729686427
42.11234784,0.03802548256656748
42.11243606,0.03134203097581445
42.11964488,0.031280994888227664
42.11971617,0.037964446478980694
42.14362764,0.03302052338445106
42.14370465,0.0285648889906157
42.15789676,0.03398184176394293
42.15796828,0.0307011520561532
42.15802431,0.027054245822842757
42.158077,0.03274586099031052
42.1815815,0.03192187380788891
42.18166018,0.026047150377660793
42.18170786,0.030807965209430077
42.18174982,0.03356984817273213
42.18179131,0.027878233005264364
42.18854976,0.029663538567177843
42.18862081,0.03546196688792248
42.20266175,0.03631647211413749
42.20269179,0.044083314259555965
42.21650624,0.05619897764553292
42.21654129,0.057068741893644616
42.22984838,0.052399481193255514
42.22988963,0.04597543297474632
42.23155665,0.0315403982604715
42.23159313,0.01982146944380865
42.24470854,0.02406347753109026
42.24476886,0.02822919050888838
42.25889754,0.023895628290226595
42.25897002,0.026382848859388113
42.2590251,0.031952391851682305
42.26460099,0.028885328450446328
42.26464343,0.02844281681544213
42.28850698,0.030975814450293737
42.28853345,0.026657511253528648
42.28855729,0.02578774700541695
42.28857994,0.0311284046692607
42.31649256,0.02963302052338445
42.31652308,0.02583352407110704
42.31654763,0.030762188143739988
42.316571,0.030853742275120166
42.31855917,0.026855878538185704
42.31863165,0.03131151293202106
42.34438705,0.03131151293202106
42.34447765,0.02532997634851606
42.34452462,0.030090791180285344
42.3445673,0.035202563515678645
42.35772324,0.029663538567177843
42.35782337,0.02954146639200427
42.35789752,0.03360036621652552
42.35796642,0.030350194552529183
42.3676312,0.029968719005111773
42.38171148,0.03439383535515374
42.38177395,0.030670634012359806
42.39487553,0.02848859388113222
42.39497781,0.034119172961013196
42.41882539,0.03271534294651713
42.41891479,0.028900587472343024
42.41907859,0.0345464255741207
42.4191556,0.0332646677347982
42.44360852,0.02716105897611963
42.44368863,0.032120241092545965
42.44373608,0.03543144884412909
42.44378638,0.03010605020218204
42.44383836,0.03108262760357061
42.44858766,0.03506523231860838
42.44864297,0.03019760433356222
42.47663379,0.028976882581826506
42.47671604,0.03341725795376516
42.47677064,0.030930037384603648
42.47682452,0.027435721370260166
42.48360538,0.032562752727550166
42.48366189,0.031036850537880523
42.49765444,0.027969787136644542
42.4977324,0.03250171663996338
42.50659728,0.0311284046692607
42.50668836,0.024841687647821773
42.50673842,0.029449912260624093
42.50678277,0.0324101625085832
42.50682569,0.02520790417334249
42.53157663,0.027435721370260166
42.53776002,0.0354009308003357
42.5379374,0.029999237048905166
42.54351211,0.027679865720607308
42.54355574,0.032318608377203024
42.54358816,0.028137636377508202
42.55453062,0.025101091020065615
42.55455923,0.03259327077134356
42.56692958,0.032120241092545965
42.56695437,0.026794842450598915
42.59188724,0.031494621194781414
42.59200096,0.032867933165484094
42.5920794,0.02737468528267338
42.59215331,0.029968719005111773
42.60177159,0.03279163805600061
42.60190845,0.027740901808194093
42.60856533,0.029785610742351417
42.60864067,0.03398184176394293
42.62160897,0.02789349202716106
42.62169075,0.02822919050888838
42.62983966,0.03517204547188525
42.62995005,0.031525139238574806
42.63861895,0.028473334859235522
42.66284418,0.03312733653772793
42.66296506,0.03091477836270695
42.66303945,0.026825360494392308
42.66311121,0.03221179522392614
42.66602111,0.03346303501945525
42.66614366,0.02703898680094606
42.6786468,0.031158922713054094
42.67872739,0.034821087968261236
42.68457913,0.028702220187685968
42.68462777,0.03044174868390936
42.69902897,0.037293049515526054
42.69915223,0.03422598611429008
42.70762014,0.03302052338445106
42.73186255,0.03685053788052186
42.73198342,0.032272831311512935
42.73206115,0.03036545357442588
42.73213553,0.0366826886396582
42.73385143,0.033615625238422216
42.733917,0.028259708552681773
42.74791288,0.033997100785839625
42.74798989,0.034988937209124896
42.74803615,0.027740901808194093
42.74808049,0.030685893034256503
42.77463412,0.033493553063248645
42.77472115,0.027954528114747846
42.77477574,0.02908369573510338
42.78865123,0.03360036621652552
42.78872395,0.028809033340962846
42.78878045,0.02725261310749981
42.78883195,0.0328374151216907
42.81351948,0.03302052338445106
42.81355047,0.036911573968108645
42.81357408,0.04940871290150301
42.81650591,0.053482871747920956
42.81654215,0.0532845044632639
42.81656718,0.05429159990844587
42.83953881,0.04217593652246891
42.83957672,0.02618448157473106
42.84155846,0.023682001983672846
42.84953737,0.026794842450598915
42.84956765,0.024170290684367133
42.85453987,0.026901655603875793
42.8545711,0.031860837720302126
42.86399221,0.026764324406805522
42.86401844,0.027618829633020522
42.87754917,0.03341725795376516
42.87760806,0.028702220187685968
42.89157581,0.026337071793698024
42.89160132,0.03234912642099642
42.90648317,0.02963302052338445
42.9065094,0.025772487983520255
42.90949631,0.03225757228961624
42.90953517,0.03292896925307088
42.9236896,0.026092927443350882
42.92380023,0.02958724345769436
42.93098426,0.03291371023117418
42.93112278,0.028122377355611506
42.94356871,0.030869001297016863
42.94364643,0.035156786449988556
42.95800543,0.02873273823147936
42.95806408,0.027832455939574275
42.96713138,0.0336919203479057
42.9672339,0.031067368581673915
42.96731305,0.028992141603723202
42.98157907,0.034866865033951325
42.98164797,0.03274586099031052
42.98804188,0.029602502479591057
42.98812127,0.035080491340505074
43.01157856,0.03527885862516213
43.01164508,0.029159990844586862
43.01168108,0.03291371023117418
43.0117147,0.03680476081483177
43.02162671,0.03176928358892195
43.02169991,0.0328374151216907
43.02984834,0.037369344625009536
43.02994895,0.032440680552376595
43.03506804,0.03100633249408713
43.04358602,0.03616388189517052
43.04364562,0.032532234683756774
43.05786777,0.0294193942168307
43.05794239,0.035660334172579536
43.0745976,0.03433279926756695
43.07467508,0.028992141603723202
43.08358979,0.03308155947203784
43.08364058,0.03247119859616999
43.08367634,0.026337071793698024
43.083709,0.030624856946669717
43.09893346,0.03414969100480659
43.09905434,0.02844281681544213
43.09912777,0.02967879758907454
43.10859179,0.032700083924620434
43.10865664,0.027115281910429542
43.13400054,0.0285648889906157
43.13411975,0.034988937209124896
43.13419771,0.029694056610971235
43.13426876,0.0268711375600824
43.14151525,0.033203631647211414
43.14155221,0.030685893034256503
43.15499282,0.025726710917830166
43.15506506,0.031494621194781414
43.16173124,0.032776379034103915
43.16183019,0.027359426260776684
43.16968107,0.030548561837186235
43.18148422,0.0324254215304799
43.18151164,0.028259708552681773
43.19604778,0.030518043793392843
43.19616795,0.033997100785839625
43.19968915,0.028809033340962846
43.19972897,0.02937361715114061
43.20850992,0.03442435339894713
43.20853925,0.029236285954070344
43.22253108,0.026764324406805522
43.22255564,0.03329518577859159
43.23194289,0.03167772945754177
43.23196626,0.027359426260776684
43.25865197,0.032486457618066684
43.25873494,0.03292896925307088
43.25879169,0.02661173418783856
43.25884271,0.03031967650873579
43.28268671,0.03312733653772793
43.28276539,0.028580148012512397
43.28762865,0.03048752574959945
43.28770208,0.033997100785839625
43.29703164,0.027573052567330433
43.29715443,0.028641184100099183
43.29723024,0.035080491340505074
43.29730082,0.03108262760357061
43.30958843,0.029846646829938202
43.31958866,0.03675898374914168
43.31966305,0.0345464255741207
43.33412409,0.029190508888380255
43.33424711,0.033615625238422216
43.33432102,0.03393606469825284
43.33438587,0.030289158464942397
43.34159303,0.03511100938429847
43.34167027,0.0371099412527657
43.35461736,0.030426489662012664
43.3546896,0.030945296406500344
43.35995793,0.033203631647211414
43.36005688,0.027512016479743648
43.3794868,0.027557793545433737
43.38651466,0.033325703822384985
43.38657331,0.03006027313649195
43.39993548,0.027771419851987486
43.40003848,0.032944228274967575
43.40187311,0.02937361715114061
43.40189934,0.024277103837644008
43.40949345,0.031738765545128556
43.40952754,0.038117036697947665
43.41849375,0.03886472877088579
43.41853046,0.04916456855115587
43.43283319,0.05795376516365301
43.43291044,0.054352635996032655
43.44669342,0.047013046463721675
43.4525342,0.03451590753032731
43.4525876,0.019668879224841687
43.46457243,0.019470511940184634
43.46460271,0.02877851529716945
43.46666813,0.02613870450904097
43.46671247,0.024750133516441595
43.47949195,0.030945296406500344
43.47951818,0.0290074006256199
43.48164177,0.02575722896162356
43.48168755,0.03138780804150454
43.50575948,0.031494621194781414
43.50583935,0.02652018005645838
43.50588441,0.0311284046692607
43.5145452,0.033112077515831236
43.5145812,0.02606240939955749
43.52055645,0.02851911192492561
43.5205934,0.03421072709239338
43.52852941,0.028625925078202486
43.54455352,0.02784771496147097
43.54462457,0.03375295643549248
43.56659055,0.030350194552529183
43.56667256,0.027954528114747846
43.5667491,0.03334096284428168
43.57963467,0.031738765545128556
43.57971191,0.028366521705958648
43.57975817,0.03381399252307927
43.57979989,0.03381399252307927
43.60770178,0.028946364538033113
43.6077528,0.03476005188067445
43.60949373,0.03663691157396811
43.60953927,0.028809033340962846
43.61852312,0.030426489662012664
43.61856866,0.03646906233310445
43.62755442,0.03279163805600061
43.62759972,0.03291371023117418
43.64156985,0.03646906233310445
43.64163756,0.03138780804150454
43.64167571,0.031021591515983826
43.65082407,0.03836118104829481
43.65086627,0.03555352101930266
43.65670371,0.029877164873731595
43.65674424,0.03530937666895552
43.66476059,0.03564507515068284
43.66486001,0.029114213778896773
43.67363453,0.03247119859616999
43.67370105,0.034653238727397576
43.70184326,0.029434653238727397
43.70196652,0.03091477836270695
43.70204425,0.03402761882963302
43.70211506,0.02827496757457847
43.70218253,0.028641184100099183
43.71154833,0.03292896925307088
43.7116096,0.027969787136644542
43.72346497,0.02713054093232624
43.72350717,0.03402761882963302
43.73389935,0.030899519340810255
43.73403502,0.02618448157473106
43.7426219,0.031662470435645074
43.74269772,0.03201342793926909
43.76672268,0.02681010147249561
43.76683259,0.031067368581673915
43.76690841,0.03254749370565347
43.76698089,0.025436789501792935
43.76705003,0.02861066605630579
43.77659154,0.0328526741435874
43.77664971,0.028122377355611506
43.79085779,0.028946364538033113
43.7908988,0.03466849774929427
43.7990706,0.02963302052338445
43.79919243,0.026504921034561684
43.82336855,0.033279926756694896
43.82343578,0.03274586099031052
43.82346892,0.027359426260776684
43.82349825,0.03170824750133516
43.83784819,0.03338673990997177
43.83802223,0.027679865720607308
43.83809733,0.029358358129243915
43.84356737,0.0302738994430457
43.84362841,0.02661173418783856
43.85752177,0.031143663691157397
43.8575511,0.03480582894636454
43.87151265,0.028534370946822308
43.87153864,0.029449912260624093
43.88471031,0.03529411764705882
43.88474798,0.03010605020218204
43.91151762,0.027222095063706417
43.91154623,0.033951323720149536
43.91156983,0.032227054245822846
43.9115932,0.028534370946822308
43.92349839,0.03480582894636454
43.92353773,0.03530937666895552
43.92958736,0.0294193942168307
43.92963815,0.032364385442893114
43.9435389,0.034866865033951325
43.9436307,0.030823224231326773
43.95680141,0.03329518577859159
43.95683837,0.03567559319447623
43.97093892,0.029022659647516595
43.97109056,0.028885328450446328
43.97119665,0.034821087968261236
43.9712708,0.03096055542839704
43.97133946,0.027878233005264364
43.97950411,0.033279926756694896
43.97956491,0.031280994888227664
43.98546886,0.025909819180590526
43.9855063,0.029922941939421684
43.99897575,0.030121309224078737
43.99907589,0.02571145189593347
44.02660728,0.02912947280079347
44.02668762,0.031494621194781414
44.02674365,0.031097886625467308
44.0267942,0.03976501106279087
44.03406835,0.05111772335393301
44.03416586,0.05233844510566873
44.03424263,0.05358968490119783
44.04852962,0.05037003128099489
44.04857111,0.030411230640115968
44.04860258,0.016403448538948654
44.04863501,0.020523384451056687
44.07571483,0.02423132677195392
44.07579017,0.02349889372091249
44.08255529,0.029968719005111773
44.08262873,0.031189440756847486
44.09008169,0.026169222552834364
44.09012341,0.028625925078202486
44.09653044,0.030640115968566414
44.09656787,0.025223163195239186
44.09660745,0.0268711375600824
44.11158943,0.033325703822384985
44.11165643,0.02877851529716945
44.13528967,0.026977950713359275
44.13540983,0.0324101625085832
44.1435926,0.03019760433356222
44.14366817,0.027191577019913024
44.14371419,0.03170824750133516
44.1437614,0.029358358129243915
44.15354061,0.02691691462577249
44.15358043,0.03329518577859159
44.1626544,0.033875028610666054
44.16270733,0.027679865720607308
44.16759253,0.03146410315098802
44.18652558,0.0340886549172198
44.18655229,0.02844281681544213
44.19153285,0.030823224231326773
44.19156575,0.035660334172579536
44.20551252,0.03150988021667811
44.2055378,0.030975814450293737
44.20556068,0.03651483939879454
44.20558691,0.03335622186617838
44.21952367,0.03065537499046311
44.21954894,0.035034714274814985
44.23356771,0.0345464255741207
44.23359156,0.03167772945754177
44.25884056,0.036194399938963916
44.25898266,0.036865796902418556
44.25906062,0.03204394598306248
44.25913048,0.03375295643549248
44.26180792,0.034607461661707486
44.26189184,0.030685893034256503
44.275594,0.032394903486686506
44.27568269,0.03546196688792248
44.28862524,0.030212863355458915
44.2886827,0.028946364538033113
44.29674745,0.03398184176394293
44.29685545,0.03138780804150454
44.31962156,0.02775616083009079
44.31970549,0.03280689707789731
44.31975007,0.03291371023117418
44.32185197,0.028992141603723202
44.32189035,0.03137254901960784
44.32959557,0.030075532158388648
44.32964468,0.026199740596627757
44.34660387,0.030350194552529183
44.3466692,0.032990005340657665
44.34670734,0.0272983901731899
44.3467412,0.028412298771648737
44.37158775,0.033035782406347754
44.37169623,0.028702220187685968
44.38456774,0.027512016479743648
44.38462901,0.03266956588082704
44.38467503,0.03010605020218204
44.39883614,0.027481498435950255
44.39898419,0.032562752727550166
44.4135983,0.0315556572823682
44.4136622,0.027771419851987486
44.41369843,0.03205920500495918
44.41373181,0.030899519340810255
44.4215951,0.02418554970626383
44.42166066,0.029236285954070344
44.43499017,0.033951323720149536
44.43510962,0.02951094834821088
44.44461966,0.02998397802700847
44.44960642,0.03314259555962463
44.44966602,0.0285648889906157
44.47349668,0.02844281681544213
44.47352743,0.03439383535515374
44.47355151,0.029922941939421684
44.4735744,0.02668802929732204
44.47651386,0.03314259555962463
44.47655535,0.03158617532616159
44.48448753,0.026428625925078202
44.48451209,0.0319829098954757
44.4989152,0.03381399252307927
44.49903607,0.028000305180437935
44.49911118,0.03083848325322347
44.52400589,0.0328374151216907
44.52403712,0.028473334859235522
44.52406144,0.03230334935530633
44.52408504,0.03727779049362936
44.53456545,0.032532234683756774
44.54453564,0.031403067063401235
44.54459381,0.03588921950102998
44.54463434,0.03225757228961624
44.55152607,0.029434653238727397
44.55155325,0.034821087968261236
44.57634854,0.03274586099031052
44.57638764,0.027969787136644542
44.57642555,0.030670634012359806
44.57645726,0.03060959792477302
44.58987665,0.02668802929732204
44.58997869,0.029312581063553826
44.5969789,0.03308155947203784
44.59710479,0.029358358129243915
44.61161494,0.029388876173037308
44.61170244,0.032028686961165787
44.61855984,0.026749065384908826
44.61861897,0.027786678873884182
44.64357471,0.038620584420538645
44.64369607,0.043091477836270695
44.64375997,0.047058823529411764
44.64380288,0.05737392233157854
44.64384365,0.05548180361638819
44.65353203,0.03926146334019989
44.65360928,0.028946364538033113
44.66816044,0.022369726100556955
44.66828108,0.01892118715190356
44.6735909,0.02606240939955749
44.67365742,0.03048752574959945
44.69687104,0.026214999618524453
44.69700909,0.02801556420233463
44.69705939,0.03176928358892195
44.69710565,0.02737468528267338
44.69714952,0.027649347676813915
44.71216297,0.033203631647211414
44.71222687,0.029907682917524988
44.72495365,0.025955596246280615
44.72502828,0.03100633249408713
44.72972846,0.03105210955977722
44.72982788,0.02737468528267338
44.75770426,0.03225757228961624
44.75780582,0.03350881208514534
44.75788069,0.028259708552681773
44.7579515,0.030945296406500344
44.75962257,0.03442435339894713
44.75967002,0.029388876173037308
44.77399659,0.03015182726787213
44.77411604,0.034271763179980166
44.77419281,0.029739833676661324
44.78855228,0.030579079880979628
44.78859091,0.035919737544823374
44.79751134,0.031860837720302126
44.79754162,0.02951094834821088
44.81150246,0.03613336385137713
44.81152964,0.03494316014343481
44.82751918,0.03015182726787213
44.8275435,0.0349584191653315
44.83372808,0.03704890516517891
44.83375072,0.031097886625467308
44.83377337,0.034699015793087665
44.84266615,0.03772030212863355
44.84269214,0.03219653620202945
44.85752869,0.03381399252307927
44.85755992,0.038040741588464176
44.8815105,0.03274586099031052
44.88154221,0.03125047684443427
44.89253664,0.035660334172579536
44.89874721,0.032440680552376595
44.89885592,0.03100633249408713
44.89893413,0.03616388189517052
44.91249847,0.03189135576409552
44.91252923,0.02664225223163195
44.92652297,0.03189135576409552
44.92660332,0.03381399252307927
44.93484497,0.027924010070954453
44.93495417,0.03048752574959945
44.94200015,0.032990005340657665
44.94213772,0.02810711833371481
44.96266198,0.02954146639200427
44.96277881,0.03402761882963302
44.96285486,0.028763256275272753
44.96292448,0.028168154421301595
44.96313405,0.033112077515831236
44.96323061,0.0302738994430457
44.96333194,0.027267872129396506
44.97762752,0.03164721141374838
44.97770405,0.030579079880979628
44.98655701,0.027344167238879988
44.98660684,0.03031967650873579
45.00971127,0.03141832608529793
45.00979042,0.02780193789578088
45.01151896,0.030746929121843288
45.01159334,0.0315403982604715
45.01956367,0.0281528953994049
45.01962543,0.0315556572823682
45.02860451,0.034195468070496685
45.02869081,0.027237354085603113
45.03378081,0.027573052567330433
45.04767346,0.03363088426031891
45.04775,0.03053330281528954
45.06180429,0.02806134126802472
45.06184125,0.033829251544975965
45.07665515,0.03192187380788891
45.07673049,0.026840619516289004
45.07677627,0.03060959792477302
45.07681823,0.03138780804150454
45.08462286,0.02851911192492561
45.0846827,0.03170824750133516
45.09903669,0.0332646677347982
45.0991745,0.028473334859235522
45.09925199,0.030304417486839094
45.11364412,0.03385976958876936
45.11372089,0.02789349202716106
45.12763906,0.027679865720607308
45.12771201,0.034485389486533916
45.14210463,0.03228809033340963
45.14222622,0.02810711833371481
45.15455246,0.033951323720149536
45.15459251,0.03398184176394293
45.15462661,0.03280689707789731
45.15466046,0.03682001983672847
45.16662002,0.034821087968261236
45.16669202,0.02917524986648356
45.16674662,0.03329518577859159
45.18954015,0.03617914091706722
45.18957114,0.03100633249408713
45.19858265,0.030899519340810255
45.19861102,0.03375295643549248
45.1986351,0.028122377355611506
45.21258354,0.026840619516289004
45.21265531,0.032776379034103915
45.21269107,0.030640115968566414
45.21272302,0.027115281910429542
45.22767115,0.0311284046692607
45.22777843,0.0285648889906157
45.22785139,0.024383916990920882
45.24302816,0.03105210955977722
45.24315238,0.0349584191653315
45.26684737,0.0349736781872282
45.26696897,0.04409857328145266
45.26704407,0.053528648813611045
45.26711464,0.05360494392309453
45.27401233,0.0528877698939498
45.27413392,0.0417792019531548
45.28763056,0.020782787823300525
45.28768206,0.014908064393072405
45.29350996,0.024155031662470437
45.2935667,0.02775616083009079
45.29977822,0.024322880903334097
45.31359982,0.02920576791027695
45.31371689,0.03096055542839704
45.32757592,0.0264438849469749
45.32764006,0.030518043793392843
45.33665442,0.03350881208514534
45.33676505,0.0277103837644007
45.33681774,0.026703288319218737
45.33686018,0.030716411078049895
45.35158515,0.02716105897611963
45.35166216,0.026413366903181506
45.37259221,0.03302052338445106
45.37268472,0.03147936217288472
45.37272263,0.028702220187685968
45.38759398,0.03302052338445106
45.38766313,0.031662470435645074
45.38770962,0.02754253452353704
45.38775206,0.03204394598306248
45.4028089,0.03347829404135195
45.40288854,0.029114213778896773
45.4029355,0.03259327077134356
45.40297747,0.03228809033340963
45.41765475,0.026581216144045166
45.41773105,0.03274586099031052
45.44185925,0.03871213855191882
45.44197798,0.031326771953917754
45.44205523,0.02873273823147936
45.44362092,0.03595025558861677
45.44368863,0.03527885862516213
45.46762562,0.032990005340657665
45.46769905,0.03726253147173266
45.46775365,0.03489738307774472
45.46780348,0.030945296406500344
45.47669411,0.03500419623102159
45.47676015,0.0345616845960174
45.48873925,0.0298619058518349
45.48880053,0.03535515373464561
45.51262856,0.03727779049362936
45.51269341,0.03088426031891356
45.51273084,0.030945296406500344
45.51276779,0.03428702220187686
45.51280069,0.03088426031891356
45.52256346,0.02993820096131838
45.52261066,0.03375295643549248
45.53199911,0.02951094834821088
45.53208184,0.02754253452353704
45.54752803,0.03318837262531472
45.54755688,0.030243381399252308
45.55865431,0.024780651560234988
45.55873752,0.031570916304264895
45.56809735,0.03314259555962463
45.56821632,0.028000305180437935
45.56829119,0.029449912260624093
45.57752848,0.030899519340810255
45.59204412,0.02784771496147097
45.59212589,0.030579079880979628
45.59218383,0.03350881208514534
45.59750247,0.027969787136644542
45.59752727,0.027725642786297397
45.61451793,0.03381399252307927
45.61454391,0.028366521705958648
45.62452102,0.023758297093156328
45.62454677,0.03175402456702525
45.63416648,0.03219653620202945
45.6341958,0.028030823224231328
45.64362526,0.030014496070801863
45.64370394,0.03108262760357061
45.65336609,0.026855878538185704
45.65343404,0.030823224231326773
45.67675233,0.03390554665445945
45.67684388,0.02929732204165713
45.68157554,0.030502784771496146
45.68164349,0.033234149691004806
45.68758059,0.028931105516136417
45.68762922,0.028046082246128024
45.69656897,0.03146410315098802
45.69661808,0.030563820859082932
45.69665575,0.029602502479591057
45.7127552,0.03335622186617838
45.71282172,0.031067368581673915
45.72463441,0.027267872129396506
45.72470832,0.032486457618066684
45.73899341,0.03308155947203784
45.73912978,0.02571145189593347
45.74765682,0.0285648889906157
45.74773407,0.033279926756694896
45.75394177,0.028946364538033113
45.75400281,0.02970931563286793
45.7669363,0.03234912642099642
45.76700544,0.026428625925078202
45.76706171,0.026321812771801328
45.77764034,0.035034714274814985
45.77770638,0.03346303501945525
45.79162979,0.03192187380788891
45.79170394,0.035492484931715876
45.80607581,0.03251697566186008
45.80619383,0.028747997253376057
45.81154966,0.035202563515678645
45.81162477,0.0349736781872282
45.81964302,0.027222095063706417
45.81970334,0.029999237048905166
45.83395004,0.03213550011444266
45.83407116,0.025177386129549097
45.8341465,0.028473334859235522
45.84363055,0.033676661326009
45.84369421,0.027481498435950255
45.86784744,0.025391012436102846
45.86796856,0.029022659647516595
45.86804247,0.025223163195239186
45.86811042,0.026764324406805522
45.87588906,0.03312733653772793
45.87609076,0.029846646829938202
45.89859509,0.030045014114595255
45.89862347,0.03985656519417105
45.89864588,0.04570077058060578
45.89866757,0.0494544899671931
45.90167713,0.054901960784313725
45.92453289,0.045090409704737926
45.92456317,0.02294956893263142
45.92752218,0.01530479896238651
45.92754674,0.02247653925383383
45.93259931,0.022796978713664453
45.94222355,0.023483634699015793
45.94236493,0.02832074464026856
45.95522428,0.025009536888685437
45.95527339,0.023193713282978562
45.95530677,0.030548561837186235
45.960536,0.029144731822690166
45.98558426,0.024246585793850615
45.98567557,0.0277103837644007
45.98572302,0.027969787136644542
45.99965787,0.02511635004196231
45.99973416,0.029953459983215077
46.00172758,0.03158617532616159
46.00178623,0.02456702525368124
46.0145607,0.02716105897611963
46.01463604,0.03250171663996338
46.01653671,0.02763408865491722
46.01658106,0.02763408865491722
46.02953434,0.032776379034103915
46.02958107,0.029022659647516595
46.04352331,0.02635233081559472
46.05752087,0.03125047684443427
46.05756283,0.02868696116578927
46.05759168,0.025803006027313648
46.05761981,0.03302052338445106
46.08158946,0.03433279926756695
46.08165145,0.029480430304417486
46.08699036,0.03250171663996338
46.08702683,0.03401235980773632
46.08705831,0.029327840085450523
46.08708668,0.03218127718013275
46.0999763,0.03698786907759213
46.10004973,0.03176928358892195
46.1015687,0.03108262760357061
46.1284163,0.03643854428931106
46.12849379,0.03187609674219882
46.12853193,0.030685893034256503
46.12856841,0.03773556115053025
46.13157082,0.033447775997558556
46.13162398,0.02780193789578088
46.14459777,0.034576943617914094
46.14467406,0.035324635690852216
46.15357471,0.028900587472343024
46.15363622,0.03096055542839704
46.17765045,0.031860837720302126
46.17774034,0.026764324406805522
46.17779493,0.028290226596475166
46.17784786,0.03335622186617838
46.17790079,0.02832074464026856
46.19152331,0.02801556420233463
46.19157052,0.032990005340657665
46.19649482,0.02873273823147936
46.19652557,0.026382848859388113
46.21065712,0.03201342793926909
46.21073771,0.030121309224078737
46.23362041,0.025925078202487222
46.23367882,0.030762188143739988
46.23956871,0.029617761501487753
46.23964691,0.02423132677195392
46.23967099,0.029953459983215077
46.25152946,0.0336919203479057
46.25155878,0.028168154421301595
46.25353026,0.02975509269855802
46.25355577,0.03302052338445106
46.26787901,0.02763408865491722
46.26790404,0.027145799954222935
46.2766335,0.033325703822384985
46.27669263,0.029571984435797664
46.29951787,0.02691691462577249
46.29954648,0.03254749370565347
46.3015573,0.030518043793392843
46.30159163,0.026214999618524453
46.3157692,0.030899519340810255
46.31594086,0.0315556572823682
46.31603456,0.027786678873884182
46.32352304,0.03466849774929427
46.32355452,0.03472953383688106
46.33352613,0.02664225223163195
46.34320593,0.028290226596475166
46.3433435,0.032364385442893114
46.35662341,0.02691691462577249
46.35671258,0.027649347676813915
46.35675883,0.03305104142824445
46.37052917,0.03022812237735561
46.37055874,0.02835126268406195
46.37472248,0.031738765545128556
46.37477136,0.033203631647211414
46.38852,0.03031967650873579
46.38855982,0.03317311360341802
46.39919353,0.030807965209430077
46.39923429,0.023895628290226595
46.40986395,0.031113145647364004
46.40992212,0.03665217059586481
46.42356777,0.03138780804150454
46.42362809,0.03215075913633936
46.43757844,0.03656061646448463
46.43763518,0.0349736781872282
46.43767953,0.034576943617914094
46.44267178,0.036194399938963916
46.44274735,0.030685893034256503
46.45676613,0.027817196917677575
46.45684195,0.03346303501945525
46.46961355,0.030304417486839094
46.46968746,0.024048218509193562
46.48361468,0.0290074006256199
46.48368263,0.03044174868390936
46.50796962,0.02485694666971847
46.50807166,0.02896162355992981
46.50814629,0.031494621194781414
46.50821543,0.028137636377508202
46.51286912,0.029114213778896773
46.51860952,0.0315556572823682
46.51867414,0.027878233005264364
46.52556396,0.032120241092545965
46.52561736,0.04295414663920043
46.54788804,0.04737926298924239
46.54798579,0.05322346837567712
46.56153727,0.059571221484702834
46.56157947,0.047302967879758906
46.56161213,0.024460212100404364
46.56164122,0.018982223239490347
46.57465339,0.021713588158999007
46.57472491,0.022034027618829635
46.57478261,0.02758831158922713
46.58196425,0.030899519340810255
46.58200955,0.026382848859388113
46.58749914,0.029953459983215077
46.60149074,0.03405813687342641
46.60152698,0.027313649195086595
46.60155606,0.027878233005264364
46.6145699,0.033951323720149536
46.61459351,0.029846646829938202
46.6285758,0.026077668421454186
46.6286118,0.03088426031891356
46.63350892,0.031280994888227664
46.63353658,0.029358358129243915
46.64304972,0.034241245136186774
46.64314532,0.03230334935530633
46.6595602,0.025925078202487222
46.65962696,0.030777447165636684
46.66449857,0.03472953383688106
46.66453767,0.029724574654764628
46.68858624,0.030762188143739988
46.68867564,0.03402761882963302
46.68872213,0.02981612878614481
46.68876338,0.030548561837186235
46.69671369,0.03694209201190204
46.69675255,0.03433279926756695
46.70248556,0.0315556572823682
46.71163511,0.03765926604104677
46.71169829,0.03598077363241016
46.72159815,0.03192187380788891
46.72167897,0.03749141680018311
46.74653482,0.036865796902418556
46.74657822,0.03167772945754177
46.74660707,0.036575875486381325
46.74663305,0.03959716182192721
46.74857712,0.03405813687342641
46.74861765,0.03445487144274052
46.76251221,0.03807125963225757
46.76255131,0.03341725795376516
46.76257825,0.033401998931868467
46.77802491,0.038040741588464176
46.77814674,0.033401998931868467
46.80489516,0.029846646829938202
46.80498362,0.03527885862516213
46.81402636,0.030762188143739988
46.81414938,0.027145799954222935
46.81422663,0.034363317311360345
46.81429648,0.03407339589532311
46.8378458,0.02746623941405356
46.83796763,0.03179980163271534
46.83804226,0.03485160601205463
46.83809543,0.02951094834821088
46.8381362,0.030563820859082932
46.856354,0.03543144884412909
46.85641742,0.029114213778896773
46.86154199,0.027405203326466773
46.86158228,0.032730601968413826
46.87856865,0.03031967650873579
46.87859321,0.03088426031891356
46.89271569,0.03546196688792248
46.89274526,0.030426489662012664
46.89276934,0.026459143968871595
46.89279222,0.03305104142824445
46.89281511,0.03167772945754177
46.892838,0.026291294728007935
46.90394044,0.0311284046692607
46.90856743,0.03442435339894713
46.90859222,0.028473334859235522
46.93251252,0.029785610742351417
46.93255663,0.0332494087129015
46.93259001,0.027313649195086595
46.94294286,0.027832455939574275
46.94308066,0.03401235980773632
46.95159698,0.02891584649423972
46.9516964,0.025299458304722668
46.96083546,0.032898451209277486
46.96090174,0.029953459983215077
46.96685076,0.025909819180590526
46.98958516,0.03335622186617838
46.98967743,0.03373769741359579
46.99153829,0.0268711375600824
46.99160457,0.030563820859082932
47.00667119,0.03472953383688106
47.00674438,0.02925154497596704
47.00680017,0.03010605020218204
47.00685382,0.033539330128938734
47.02158666,0.026459143968871595
47.02167416,0.026382848859388113
47.0277338,0.03425650415808347
47.02779436,0.03237964446478981
47.03998637,0.030640115968566414
47.05460858,0.03479056992446784
47.0546751,0.03189135576409552
47.06137943,0.028717479209582664
47.06145215,0.03396658274204623
47.06892157,0.03442435339894713
47.06902051,0.0285648889906157
47.07598233,0.033157854581521325
47.07610559,0.037415121690699625
47.08952379,0.03170824750133516
47.08959961,0.034119172961013196
47.1129806,0.03772030212863355
47.11310434,0.029999237048905166
47.11317921,0.026169222552834364
47.12833405,0.032074464026855876
47.12841439,0.03048752574959945
47.134552,0.028381780727855344
47.13462162,0.03398184176394293
47.14903951,0.03150988021667811
47.14920545,0.027008468757152668
47.14932942,0.031158922713054094
47.1496098,0.031860837720302126
47.15790892,0.02652018005645838
47.157969,0.03288319218738079
47.16503572,0.03976501106279087
47.16510773,0.03897154192416266
47.17909622,0.04782177462424658
47.19380546,0.05917448691538872
47.1938808,0.05429159990844587
47.19392681,0.03942931258106355
47.1939683,0.028763256275272753
47.20155358,0.018646524757763027
47.20160079,0.019134813458457314
47.20756292,0.02868696116578927
47.207587,0.02839703974975204
47.21654296,0.02511635004196231
47.21657991,0.031097886625467308
47.22950482,0.03237964446478981
47.22953033,0.026626993209735255
47.2314961,0.030289158464942397
47.25544858,0.03305104142824445
47.25547957,0.027283131151293202
47.25550461,0.02920576791027695
47.26458335,0.03384451056687266
47.26464033,0.028534370946822308
47.27399874,0.028534370946822308
47.27413702,0.03418020904859999
47.2828927,0.030716411078049895
47.28304148,0.029159990844586862
47.29657745,0.034119172961013196
47.29664707,0.031525139238574806
47.31082177,0.027924010070954453
47.31856441,0.03459220263981079
47.31864095,0.03480582894636454
47.32453465,0.02981612878614481
47.32460022,0.033829251544975965
47.33154035,0.03642328526741436
47.33160138,0.030731670099946592
47.34469056,0.031784542610818645
47.34478188,0.03611810482948043
47.36071706,0.03266956588082704
47.36080408,0.03390554665445945
47.38275003,0.0388189517051957
47.38291001,0.03468375677119097
47.38300085,0.032120241092545965
47.3916235,0.03680476081483177
47.39169073,0.03590447852292668
47.39956975,0.033325703822384985
47.39964318,0.03851377126726177
47.41005445,0.037079423208972305
47.41018224,0.032120241092545965
47.4102571,0.0362706950484474
47.41032743,0.03735408560311284
47.4336381,0.031662470435645074
47.43372655,0.03350881208514534
47.43891668,0.03683527885862516
47.4390192,0.0311284046692607
47.43909764,0.030304417486839094
47.44781685,0.03485160601205463
47.44793844,0.031036850537880523
47.45463896,0.028641184100099183
47.45471573,0.03356984817273213
47.46787119,0.03143358510719463
47.46794295,0.02763408865491722
47.47387528,0.03225757228961624
47.47394657,0.03305104142824445
47.49160576,0.028625925078202486
47.49166727,0.03147936217288472
47.51503539,0.033279926756694896
47.51515818,0.028503852903028915
47.51523399,0.03039597161821927
47.51530337,0.03463797970550088
47.51534796,0.0298619058518349
47.51856446,0.029190508888380255
47.51862431,0.03297474631876097
47.53261542,0.029602502479591057
47.53268814,0.02868696116578927
47.54150176,0.03439383535515374
47.54152751,0.032654306858930345
47.56451416,0.028747997253376057
47.56454754,0.03193713282978561
47.56685352,0.03305104142824445
47.56692553,0.028824292362859542
47.56698155,0.03125047684443427
47.5749197,0.033539330128938734
47.57494497,0.02868696116578927
47.58851147,0.030411230640115968
47.59790444,0.033707179369802394
47.59798908,0.028931105516136417
47.62410092,0.030243381399252308
47.62419009,0.03601129167620355
47.62423563,0.03137254901960784
47.62427759,0.026550698100251773
47.62655735,0.03218127718013275
47.62662554,0.032776379034103915
47.63459182,0.029236285954070344
47.6437819,0.033707179369802394
47.64386177,0.033539330128938734
47.65785623,0.026855878538185704
47.65794611,0.028366521705958648
47.6719234,0.033707179369802394
47.67203283,0.027924010070954453
47.6846509,0.030579079880979628
47.68472767,0.03358510719462882
47.68476582,0.02975509269855802
47.68479991,0.02981612878614481
47.69956493,0.03381399252307927
47.69966793,0.030899519340810255
47.70150852,0.029053177691309988
47.71596193,0.03356984817273213
47.71608543,0.03048752574959945
47.72850323,0.027435721370260166
47.72857594,0.03335622186617838
47.74275398,0.03401235980773632
47.74289346,0.02844281681544213
47.74297214,0.030579079880979628
47.7430439,0.032227054245822846
47.75254989,0.026764324406805522
47.75264025,0.028076600289921417
47.75268793,0.0319829098954757
47.76651502,0.02775616083009079
47.7665596,0.02848859388113222
47.77667809,0.03302052338445106
47.77677655,0.028641184100099183
47.80357528,0.026703288319218737
47.80365396,0.03039597161821927
47.80369973,0.0294193942168307
47.80374169,0.02810711833371481
47.81368995,0.03826962691691463
47.81378722,0.04373235675593194
47.81995749,0.046387426565957124
47.8200779,0.05551232166018158
47.83566761,0.055848020141908906
47.83574462,0.035416189822232394
47.83854485,0.02299534599832151
47.85296154,0.021179522392614634
47.85308146,0.018371862363622492
47.87703609,0.021332112611581598
47.8771522,0.0302738994430457
47.87722731,0.029144731822690166
47.87730122,0.026764324406805522
47.90157747,0.03218127718013275
47.90165377,0.029663538567177843
47.9016993,0.02606240939955749
47.90174127,0.03192187380788891
47.90178275,0.03137254901960784
47.90182304,0.025818265049210344
47.9018631,0.028946364538033113
47.92648673,0.033035782406347754
47.92651987,0.028931105516136417
47.92654538,0.03006027313649195
47.92656875,0.03352407110704204
47.93650317,0.028503852903028915
47.9365449,0.027222095063706417
47.94046831,0.033707179369802394
47.94049549,0.032440680552376595
47.95357466,0.028854810406652935
47.95359826,0.03280689707789731
47.96758437,0.03193713282978561
47.96763682,0.028473334859235522
47.9955492,0.033951323720149536
47.99565053,0.03613336385137713
47.99570847,0.028549629968719004
47.99576306,0.032867933165484094
47.9958117,0.039795529106584265
47.99585819,0.037201495384145876
48.00967121,0.03584344243533989
48.00973129,0.03607232776379034
48.03405786,0.030334935530632486
48.03414893,0.031494621194781414
48.03419399,0.039124132143129625
48.03423595,0.03634699015793088
48.03858209,0.03317311360341802
48.06113577,0.038452735179674985
48.06120825,0.03506523231860838
48.06124878,0.031616693369954985
48.06128716,0.039841306172274354
48.06132531,0.0400854505226215
48.06136274,0.032776379034103915
48.07670641,0.03732356755931945
48.0768075,0.0392309452964065
48.08603144,0.0294193942168307
48.08615255,0.030045014114595255
48.11264801,0.035370412756542305
48.1127367,0.028198672465094988
48.11279297,0.030426489662012664
48.11877346,0.04312199588006409
48.11887169,0.04217593652246891
48.124547,0.029266803997863737
48.12462616,0.028091859311818113
48.13152814,0.02861066605630579
48.13158727,0.0272983901731899
48.14462733,0.03413443198290989
48.14469767,0.035584039063096054
48.15863037,0.029739833676661324
48.15873003,0.03295948729686427
48.17293525,0.035324635690852216
48.17299271,0.030167086289768826
48.17303801,0.03317311360341802
48.17307925,0.037796597238117034
48.17311931,0.033066300450141146
48.18800712,0.03224231326771954
48.18812799,0.03680476081483177
48.20152307,0.0345616845960174
48.20156026,0.03305104142824445
48.21601129,0.035828183413443196
48.21613193,0.03279163805600061
48.22395992,0.03150988021667811
48.22407961,0.03855954833295186
48.22954869,0.03892576485847257
48.22960782,0.03329518577859159
48.23957992,0.03314259555962463
48.24159288,0.034271763179980166
48.24167323,0.03259327077134356
48.25600338,0.03715571831845579
48.25612402,0.04040588998245213
48.27852249,0.035156786449988556
48.27855182,0.0345464255741207
48.27857685,0.03930724040588998
48.2785995,0.03610284580758373
48.28705144,0.032776379034103915
48.28717566,0.037964446478980694
48.29958177,0.03613336385137713
48.29964256,0.03225757228961624
48.31604409,0.036697947661554896
48.31618285,0.03642328526741436
48.31626248,0.03230334935530633
48.33147097,0.03646906233310445
48.33150101,0.03938353551537346
48.33752036,0.03511100938429847
48.33754826,0.03450064850843061
48.3435266,0.039002059967956054
48.35861874,0.03656061646448463
48.35870528,0.035584039063096054
48.35875106,0.04007019150072481
48.36657143,0.037293049515526054
48.36662841,0.034485389486533916
48.38359904,0.0396429388876173
48.38365459,0.03778133821622034
48.39774847,0.03170824750133516
48.39781642,0.03459220263981079
48.41469765,0.034042877851529714
48.4147954,0.028168154421301595
48.41486931,0.03331044480048829
48.41494203,0.03738460364690623
48.44297123,0.03360036621652552
48.44308972,0.03163195239185168
48.44316673,0.031952391851682305
48.44323921,0.027832455939574275
48.45260644,0.03213550011444266
48.46159506,0.042633707179369804
48.46165967,0.04464789806973373
48.4616971,0.04940871290150301
48.46173167,0.05918974593728542
48.4867959,0.05433737697413596
48.48691702,0.0371099412527657
48.48699379,0.02844281681544213
48.48706436,0.023086900129701687
48.4871316,0.01977569237811856
48.48717237,0.02606240939955749
48.49657679,0.032532234683756774
48.4966538,0.0285648889906157
48.50187516,0.03060959792477302
48.51504755,0.03401235980773632
48.51514697,0.029785610742351417
48.53873897,0.030121309224078737
48.53881574,0.03433279926756695
48.53886175,0.02958724345769436
48.53890324,0.027618829633020522
48.54290891,0.035385671778439
48.54298162,0.034699015793087665
48.55698919,0.02975509269855802
48.55711198,0.033707179369802394
48.56261539,0.03309681849393454
48.56267953,0.028854810406652935
48.56970644,0.033203631647211414
48.57750773,0.035660334172579536
48.57753301,0.029617761501487753
48.60150957,0.030334935530632486
48.60154057,0.03552300297550927
48.60156655,0.0315556572823682
48.60158992,0.03274586099031052
48.60921097,0.03717097734035248
48.60925436,0.03187609674219882
48.62189841,0.02934309910734722
48.62950563,0.034699015793087665
48.62954855,0.03533989471274891
48.62958074,0.03150988021667811
48.65556645,0.03517204547188525
48.65561581,0.03588921950102998
48.65564728,0.03329518577859159
48.6556766,0.03744563973449302
48.66451359,0.039246204318303196
48.66455841,0.03463797970550088
48.67392564,0.03555352101930266
48.67396855,0.03778133821622034
48.68789744,0.03405813687342641
48.68796849,0.033401998931868467
48.69650221,0.03813229571984436
48.69654512,0.033951323720149536
48.709589,0.030807965209430077
48.7265923,0.038666361486228734
48.72668386,0.03692683299000534
48.72672915,0.025696192874036773
48.72677088,0.02810711833371481
48.75017357,0.03208972304875257
48.7503252,0.028976882581826506
48.75041413,0.029907682917524988
48.7505064,0.03234912642099642
48.75888991,0.027389944304570077
48.7589674,0.030136568245975433
48.77610254,0.03517204547188525
48.77614498,0.02981612878614481
48.77617717,0.028503852903028915
48.78679943,0.033325703822384985
48.78692102,0.02877851529716945
48.79975724,0.026260776684214542
48.79983521,0.03334096284428168
48.79988027,0.032776379034103915
48.79998112,0.027405203326466773
48.81068754,0.031097886625467308
48.81073117,0.031738765545128556
48.81870747,0.02545204852368963
48.81880736,0.029846646829938202
48.84450197,0.03234912642099642
48.84455967,0.02668802929732204
48.84459162,0.029327840085450523
48.8568418,0.03421072709239338
48.85696268,0.027115281910429542
48.85703969,0.025818265049210344
48.85710907,0.032608529793240255
48.86661077,0.029724574654764628
48.86668706,0.027527275501640344
48.87695456,0.03137254901960784
48.87699628,0.028976882581826506
48.88888955,0.026092927443350882
48.88891554,0.0332646677347982
48.91299057,0.031570916304264895
48.91303658,0.02481116960402838
48.91306901,0.028885328450446328
48.91309953,0.031158922713054094
48.9131279,0.02554360265506981
48.91949964,0.02703898680094606
48.91952944,0.031403067063401235
48.9334991,0.028595407034409093
48.93949842,0.028076600289921417
48.93954444,0.03389028763256275
48.93957782,0.03137254901960784
48.96349216,0.028412298771648737
48.96352339,0.031525139238574806
48.96354866,0.030518043793392843
48.96357465,0.02877851529716945
48.97849798,0.03631647211413749
48.978544,0.0358129243915465
48.9878931,0.02912947280079347
48.98800397,0.033203631647211414
49.00260139,0.03407339589532311
49.00267553,0.02691691462577249
49.01451802,0.03384451056687266
49.0145638,0.03321889066910811
49.02854109,0.022186617837796598
49.02861714,0.022751201647974364
49.0375433,0.030762188143739988
49.0375905,0.02883955138475624
49.03762531,0.026169222552834364
49.03765869,0.030090791180285344
49.03769112,0.02703898680094606
49.05686116,0.02299534599832151
49.05691743,0.03480582894636454
49.06351042,0.04226749065384909
49.06357026,0.03744563973449302
49.08496857,0.044586861982146946
49.08509803,0.05407797360189212
49.08679008,0.04864576180666819
49.08682251,0.03605706874189364
49.09449434,0.027679865720607308
49.09454489,0.017639429312581063
49.10318732,0.015701533531700618
49.11458349,0.02459754329747463
49.11465502,0.023590447852292667
49.12227798,0.022446021210040436
49.12240171,0.028595407034409093
49.14495206,0.02746623941405356
49.1450119,0.022705424582284275
49.15379238,0.0290074006256199
49.1538651,0.030731670099946592
49.16551924,0.023895628290226595
49.1655817,0.025864042114900433
49.17254972,0.029068436713206684
49.17259717,0.023392080567635615
49.17263198,0.025955596246280615
49.17661548,0.0345464255741207
49.17668843,0.0294193942168307
49.19096303,0.02583352407110704
49.19108438,0.031494621194781414
49.20350981,0.028549629968719004
49.20354652,0.02566567483024338
49.22776413,0.03189135576409552
49.22783995,0.030869001297016863
49.22788668,0.026337071793698024
49.22792983,0.03146410315098802
49.24149728,0.03189135576409552
49.24153042,0.026535439078355077
49.24155688,0.02981612878614481
49.24158168,0.03402761882963302
49.25885201,0.029694056610971235
49.25899291,0.03201342793926909
49.27250671,0.035202563515678645
49.27257609,0.03137254901960784
49.27262378,0.030853742275120166
49.28652096,0.03605706874189364
49.28654718,0.03291371023117418
49.2865696,0.02981612878614481
49.30702043,0.03535515373464561
49.30712199,0.03442435339894713
49.30717921,0.02993820096131838
49.30848479,0.032776379034103915
49.30852103,0.031952391851682305
49.32247949,0.026932173647669186
49.32254267,0.029236285954070344
49.33694744,0.031738765545128556
49.33708429,0.026947432669565882
49.34967422,0.027725642786297397
49.34976077,0.032227054245822846
49.34981823,0.027832455939574275
49.3498733,0.026367589837491417
49.36486506,0.03117418173495079
49.36497879,0.027435721370260166
49.3664825,0.02545204852368963
49.38151336,0.030304417486839094
49.38156438,0.02848859388113222
49.39456582,0.02575722896162356
49.39463902,0.030518043793392843
49.40887141,0.03044174868390936
49.40899372,0.025055313954375526
49.40907097,0.028473334859235522
49.40914083,0.03228809033340963
49.41858697,0.02713054093232624
49.4186635,0.02725261310749981
49.43268967,0.030807965209430077
49.43280578,0.02798504615854124
49.4328835,0.02766460669871061
49.45759583,0.033112077515831236
49.45767188,0.02749675745784695
49.45771837,0.02362096589608606
49.45776057,0.029480430304417486
49.46695638,0.029236285954070344
49.46708059,0.025818265049210344
49.47579193,0.030334935530632486
49.47594905,0.030777447165636684
49.48361087,0.025131609063859008
49.48368692,0.02865644312199588
49.49767685,0.03158617532616159
49.49774742,0.02613870450904097
49.51167607,0.027618829633020522
49.51958156,0.03192187380788891
49.51964211,0.02708476386663615
49.52458048,0.02618448157473106
49.52463889,0.031830319676508734
49.53365445,0.02861066605630579
49.53375483,0.025528343633173113
49.54299092,0.032394903486686506
49.5431211,0.03079270618753338
49.55657601,0.025513084611276417
49.55664086,0.030670634012359806
49.5767777,0.03210498207064927
49.5768981,0.028412298771648737
49.57697797,0.0349736781872282
49.58151007,0.03949034866865034
49.58155251,0.0277103837644007
49.58749032,0.02594033722438392
49.58752608,0.03305104142824445
49.60154462,0.03006027313649195
49.60156918,0.033615625238422216
49.6065371,0.039887083237964444
49.60656095,0.028503852903028915
49.64948964,0.021683070115205615
49.65147185,0.02780193789578088
49.65151238,0.028885328450446328
49.6515398,0.025513084611276417
49.6595161,0.029953459983215077
49.6595962,0.030731670099946592
49.65965343,0.025146868085755704
49.65970659,0.02822919050888838
49.68361878,0.031280994888227664
49.68369722,0.02554360265506981
49.68374324,0.03065537499046311
49.68378615,0.04141298542763409
49.70175624,0.04243533989471275
49.70183063,0.04882887006942855
49.70188689,0.06005951018539712
49.70194006,0.04921034561684596
49.70198965,0.028854810406652935
49.71164489,0.023041123064011598
49.71171093,0.022125581750209813
49.7221117,0.02145418478675517
49.72217774,0.02589456015869383
49.73389959,0.02528419928282597
49.73400974,0.022110322728313116
49.75759435,0.026626993209735255
49.75768471,0.030716411078049895
49.75773692,0.02618448157473106
49.75777984,0.027359426260776684
49.75954032,0.033234149691004806
49.75961876,0.02639810788128481
49.76878834,0.024414435034714275
49.77564645,0.031189440756847486
49.77571392,0.029953459983215077
49.78855872,0.029739833676661324
49.78862023,0.03163195239185168
49.81259227,0.028000305180437935
49.81265712,0.024292362859540704
49.81269288,0.030899519340810255
49.81273365,0.0324254215304799
49.81646132,0.026977950713359275
49.8165102,0.03079270618753338
49.8285141,0.03437857633325704
49.82856774,0.0281528953994049
49.82860899,0.02917524986648356
49.84419727,0.034744792858777754
49.8443172,0.030258640421149004
49.86753654,0.027069504844739453
49.86756587,0.03439383535515374
49.86758876,0.032944228274967575
49.86761022,0.030716411078049895
49.87469554,0.03527885862516213
49.87478018,0.03247119859616999
49.88391161,0.028595407034409093
49.88395596,0.03413443198290989
49.89762259,0.03642328526741436
49.89767766,0.031860837720302126
49.89772034,0.0340886549172198
49.92252994,0.03706416418707561
49.92256141,0.03204394598306248
49.93952155,0.031952391851682305
49.93954587,0.03430228122377356
49.94451189,0.02903791866941329
49.95451522,0.028763256275272753
49.95456529,0.03559929808499275
49.95459819,0.03372243839169909
49.95462775,0.02827496757457847
49.95465636,0.03146410315098802
49.97856498,0.03065537499046311
49.97858953,0.026260776684214542
49.99256706,0.02998397802700847
49.99263453,0.031662470435645074
49.99990296,0.02742046234836347
50.00001287,0.03031967650873579
50.01498222,0.03297474631876097
50.01505852,0.02754253452353704
50.01510334,0.02713054093232624
50.0151453,0.0302738994430457
50.01954865,0.02832074464026856
50.01961613,0.02912947280079347
50.0338316,0.03389028763256275
50.03393531,0.0294193942168307
50.0340085,0.025848783093003737
50.05062318,0.03192187380788891
50.0507102,0.031280994888227664
50.06257415,0.026932173647669186
50.06263542,0.031616693369954985
50.06795025,0.03305104142824445
50.06804061,0.027359426260776684
50.07388258,0.029526207370107575
50.07402802,0.03163195239185168
50.08662724,0.026703288319218737
50.08670473,0.029831387808041506
50.09463,0.03585870145723659
50.09470224,0.031403067063401235
50.10471201,0.029144731822690166
50.11884904,0.03375295643549248
50.11892438,0.03019760433356222
50.13171077,0.02699320973525597
50.1318078,0.0332494087129015
50.13188219,0.0332646677347982
50.13195205,0.028717479209582664
50.1417985,0.03192187380788891
50.1419189,0.03271534294651713
50.14956665,0.02801556420233463
50.14964318,0.03088426031891356
50.16362834,0.033707179369802394
50.16369081,0.028534370946822308
50.1779995,0.029785610742351417
50.18358135,0.03643854428931106
50.18366504,0.03335622186617838
50.19357872,0.03100633249408713
50.19363475,0.03422598611429008
50.19367838,0.03179980163271534
50.19371915,0.0315556572823682
50.20803642,0.037628747997253374
50.20817709,0.035538261997405965
50.22159076,0.02993820096131838
50.22167826,0.03360036621652552
50.2446599,0.03343251697566186
50.24472618,0.02681010147249561
50.2447772,0.029617761501487753
50.24655199,0.033875028610666054
50.2544992,0.02832074464026856
50.2545495,0.02835126268406195
50.26395082,0.03421072709239338
50.26404572,0.02954146639200427
50.27291822,0.02681010147249561
50.27305341,0.031570916304264895
50.29254031,0.030823224231326773
50.29261971,0.03181506065461204
50.29996514,0.04226749065384909
50.30006623,0.049973296711680784
50.30013633,0.05241474021515221
50.31351781,0.05731288624399176
50.31359553,0.04577706569008926
50.31946349,0.023422598611429007
50.31951928,0.01739528496223392
50.33401084,0.021149004348821242
50.33409047,0.020584420538643473
50.35758352,0.025406271457999542
50.3576622,0.03251697566186008
50.37173271,0.02832074464026856
50.37185717,0.026657511253528648
50.37190342,0.031692988479438466
50.37194896,0.028747997253376057
50.37962246,0.02583352407110704
50.3935287,0.03088426031891356
50.39359617,0.029724574654764628
50.39364266,0.026413366903181506
50.39368463,0.031204699778744183
50.39854312,0.032272831311512935
50.39861441,0.02766460669871061
50.41263461,0.03048752574959945
50.41272163,0.03381399252307927
50.43679023,0.027389944304570077
50.43691206,0.027969787136644542
50.43698883,0.033157854581521325
50.43706012,0.029922941939421684
50.43880987,0.02908369573510338
50.44564414,0.03442435339894713
50.44573402,0.0315556572823682
50.45406771,0.028717479209582664
50.45412898,0.03428702220187686
50.46289873,0.03418020904859999
50.46296978,0.02929732204165713
50.49700737,0.03334096284428168
50.49709678,0.035751888303959714
50.49715114,0.031403067063401235
50.4972024,0.03389028763256275
50.49861932,0.036743724727244985
50.49869061,0.03201342793926909
50.49874568,0.03219653620202945
50.51361823,0.03701838712138552
50.51369357,0.03297474631876097
50.51955771,0.031448844129091325
50.5196166,0.03651483939879454
50.53401208,0.034271763179980166
50.53413272,0.03048752574959945
50.5576067,0.03476005188067445
50.55768204,0.03308155947203784
50.55772805,0.028168154421301595
50.55777383,0.03288319218738079
50.55954266,0.033539330128938734
50.55960727,0.028091859311818113
50.58653212,0.03015182726787213
50.58852553,0.03413443198290989
50.58856201,0.029236285954070344
50.58859253,0.029434653238727397
50.60399294,0.03338673990997177
50.60414243,0.02868696116578927
50.60422111,0.027069504844739453
50.61650252,0.03245593957427329
50.61652756,0.030243381399252308
50.62551236,0.026459143968871595
50.6255362,0.030945296406500344
50.63388944,0.0315556572823682
50.63398695,0.02758831158922713
50.64385271,0.03126573586633097
50.6440289,0.03279163805600061
50.65821695,0.028198672465094988
50.65829849,0.0307011520561532
50.67152429,0.03335622186617838
50.67156172,0.028213931486991684
50.68497515,0.029480430304417486
50.68503118,0.03430228122377356
50.68506813,0.02958724345769436
50.68510151,0.027618829633020522
50.70585084,0.03384451056687266
50.70599008,0.031952391851682305
50.70606756,0.027832455939574275
50.70767426,0.03268482490272374
50.70772266,0.03213550011444266
50.73171258,0.02737468528267338
50.73183084,0.03170824750133516
50.73190904,0.03418020904859999
50.73199058,0.02989242389562829
50.74204493,0.031692988479438466
50.74216866,0.03445487144274052
50.75459194,0.029068436713206684
50.75466919,0.028473334859235522
50.75958228,0.03350881208514534
50.75965476,0.03108262760357061
50.76863146,0.030670634012359806
50.78260946,0.035370412756542305
50.78268766,0.03179980163271534
50.79769158,0.029358358129243915
50.79780054,0.03509575036240177
50.79790115,0.03633173113603418
50.79797173,0.031189440756847486
50.81261086,0.03518730449378195
50.81268787,0.03572137026016632
50.81273317,0.031189440756847486
50.81277537,0.0340886549172198
50.82784057,0.03749141680018311
50.82794023,0.031952391851682305
50.828017,0.03079270618753338
50.85260749,0.03402761882963302
50.85268474,0.029266803997863737
50.85273004,0.027908751049057757
50.85277438,0.033539330128938734
50.86753011,0.030899519340810255
50.86755896,0.026855878538185704
50.87356663,0.03233386739909972
50.87363124,0.032120241092545965
50.88748837,0.0264438849469749
50.88751674,0.031494621194781414
50.89825869,0.038284885938811325
50.89828205,0.04103150988021668
50.91148591,0.044632639047837035
50.92453265,0.05249103532463569
50.92456031,0.054444190127412834
50.92650604,0.05262836652170596
50.92652941,0.04043640802624552
50.93496227,0.020523384451056687
50.935045,0.016235599298084994
50.94253159,0.027557793545433737
50.94258118,0.027145799954222935
50.95453763,0.026123445487144275
50.95457578,0.03205920500495918
50.98383355,0.03193713282978561
50.98387718,0.026947432669565882
50.99788427,0.03170824750133516
50.99794316,0.033539330128938734
50.99800372,0.028000305180437935
50.99804378,0.03015182726787213
51.01158738,0.03352407110704204
51.01165295,0.028427557793545433
51.0195291,0.0290074006256199
51.01957059,0.03414969100480659
51.01960301,0.03044174868390936
51.0196321,0.02954146639200427
51.02874207,0.03485160601205463
51.02881575,0.03263904783703365
51.03562427,0.029999237048905166
51.05957031,0.03437857633325704
51.05962229,0.03352407110704204
51.06790614,0.029327840085450523
51.06801867,0.033707179369802394
51.06809425,0.035080491340505074
51.06816268,0.029739833676661324
51.0786097,0.03213550011444266
51.07868576,0.036194399938963916
51.0832727,0.031784542610818645
51.08331251,0.032318608377203024
51.09661198,0.03761348897535668
51.09666848,0.03421072709239338
51.09671307,0.032608529793240255
51.11958575,0.03773556115053025
51.119663,0.03564507515068284
51.12294936,0.032166018158236054
51.12298846,0.037293049515526054
51.12985611,0.0371099412527657
51.12990665,0.03215075913633936
51.14530134,0.035584039063096054
51.14538956,0.03743038071259632
51.15252423,0.03193713282978561
51.15257144,0.03262378881513695
51.17666578,0.03472953383688106
51.17674255,0.02951094834821088
51.17679453,0.029907682917524988
51.17684078,0.03480582894636454
51.17688155,0.030518043793392843
51.18651438,0.02832074464026856
51.18655705,0.0324254215304799
51.20096111,0.029556725413900968
51.20108533,0.027176317998016328
51.21060228,0.03334096284428168
51.21069694,0.031967650873579
51.22155499,0.0268711375600824
51.22160697,0.03088426031891356
51.23886967,0.03271534294651713
51.23895931,0.02798504615854124
51.23901796,0.030975814450293737
51.24909711,0.0332646677347982
51.24914002,0.027679865720607308
51.2491684,0.02835126268406195
51.26273131,0.033401998931868467
51.26281071,0.030045014114595255
51.2766223,0.027649347676813915
51.27671599,0.03276112001220722
51.29982948,0.03088426031891356
51.29993081,0.02725261310749981
51.30169749,0.03189135576409552
51.30180693,0.03143358510719463
51.30188322,0.026703288319218737
51.31161618,0.030716411078049895
51.3117044,0.03276112001220722
51.31951761,0.027771419851987486
51.31956387,0.029434653238727397
51.31959629,0.03372243839169909
51.33357835,0.029236285954070344
51.33360624,0.028976882581826506
51.34752703,0.03312733653772793
51.35677624,0.029236285954070344
51.35681701,0.027313649195086595
51.36259246,0.03373769741359579
51.36264968,0.03129625391012436
51.36866975,0.02673380636301213
51.38060784,0.03230334935530633
51.38066483,0.03250171663996338
51.39262581,0.028168154421301595
51.39277554,0.03187609674219882
51.40472031,0.032730601968413826
51.40483451,0.027023727779049364
51.41457796,0.029617761501487753
51.41463971,0.03526359960326543
51.41752934,0.029907682917524988
51.41756749,0.028900587472343024
51.43187976,0.03451590753032731
51.43195224,0.03271534294651713
51.4320085,0.030426489662012664
51.44658661,0.03500419623102159
51.44664979,0.03356984817273213
51.47104549,0.02998397802700847
51.47116542,0.035416189822232394
51.48160434,0.0354009308003357
51.48166513,0.03039597161821927
51.48170972,0.03401235980773632
51.48175287,0.03390554665445945
51.49255037,0.02652018005645838
51.49259281,0.02887006942854963
51.50664234,0.0332646677347982
51.50671601,0.0277103837644007
51.50675964,0.02737468528267338
51.51955223,0.032990005340657665
51.51959443,0.030167086289768826
51.53404355,0.02775616083009079
51.53416753,0.031403067063401235
51.53424335,0.029068436713206684
51.53441477,0.029266803997863737
51.54763317,0.039795529106584265
51.5477109,0.04554818036163882
51.54775715,0.0481879911497673
51.54779935,0.05806057831692989
51.56499124,0.05566491187914855
51.56511354,0.03204394598306248
51.57370162,0.018142977035172047
51.59758162,0.021011673151750974
51.5976181,0.022873273823147935
51.59764123,0.025055313954375526
51.59964681,0.030716411078049895
51.59971285,0.028046082246128024
51.60948563,0.02742046234836347
51.60953069,0.03314259555962463
51.61753297,0.029739833676661324
51.61756921,0.025726710917830166
51.63198447,0.031692988479438466
51.63212228,0.031784542610818645
51.63959217,0.02635233081559472
51.6535356,0.029922941939421684
51.65360546,0.032227054245822846
51.65364957,0.027359426260776684
51.65369177,0.029953459983215077
51.66902947,0.03375295643549248
51.66915154,0.02865644312199588
51.66922688,0.028137636377508202
51.66929626,0.03312733653772793
51.68397522,0.02975509269855802
51.68405366,0.02822919050888838
51.70752811,0.03434805828946365
51.70759487,0.03250171663996338
51.70763063,0.02839703974975204
51.71654248,0.03392080567635614
51.71659589,0.03413443198290989
51.71663904,0.029388876173037308
51.71668077,0.03329518577859159
51.73198009,0.03588921950102998
51.73210216,0.0315403982604715
51.74558353,0.03347829404135195
51.74566102,0.03683527885862516
51.75894165,0.03250171663996338
51.75904441,0.03204394598306248
51.77262783,0.03718623636224918
51.77270484,0.033707179369802394
51.77275038,0.03164721141374838
51.79700494,0.03701838712138552
51.79712701,0.03562981612878614
51.79720283,0.031204699778744183
51.79727483,0.03439383535515374
51.80300236,0.03373769741359579
51.80312371,0.028290226596475166
51.80899811,0.031692988479438466
51.80905867,0.03413443198290989
51.83303308,0.02848859388113222
51.83315706,0.029694056610971235
51.84658957,0.03376821545738918
51.84666681,0.028137636377508202
51.8467145,0.027527275501640344
51.85161114,0.031860837720302126
51.85168529,0.02861066605630579
51.86710501,0.027908751049057757
51.86713481,0.033157854581521325
51.86715937,0.03015182726787213
51.86718249,0.02613870450904097
51.87956905,0.03146410315098802
51.87962055,0.031021591515983826
51.90359211,0.025558861676966506
51.90362477,0.02887006942854963
51.90364742,0.03193713282978561
51.90366912,0.027344167238879988
51.90369105,0.029114213778896773
51.90747666,0.03350881208514534
51.90750217,0.02810711833371481
51.92458868,0.02716105897611963
51.92461848,0.031784542610818645
51.92656803,0.028244449530785077
51.92659235,0.027222095063706417
51.95053983,0.03271534294651713
51.95057106,0.030975814450293737
51.95059538,0.02742046234836347
51.95061874,0.03170824750133516
51.96560216,0.031143663691157397
51.96562576,0.026291294728007935
51.979496,0.02998397802700847
51.97956133,0.03257801174944686
51.98654103,0.027359426260776684
51.98662066,0.02896162355992981
52.0096221,0.032730601968413826
52.0097003,0.02793926909285115
52.01154971,0.0281528953994049
52.01160002,0.03274586099031052
52.01959252,0.02896162355992981
52.01966476,0.02677958342870222
52.02914643,0.03219653620202945
52.02926993,0.030334935530632486
52.02934599,0.02630655374990463
52.04418659,0.03125047684443427
52.04425311,0.030975814450293737
52.0677979,0.026504921034561684
52.06792068,0.03048752574959945
52.06799603,0.03302052338445106
52.06806517,0.02737468528267338
52.08257246,0.028580148012512397
52.08264923,0.03291371023117418
52.08269477,0.028900587472343024
52.08273673,0.028259708552681773
52.09779668,0.03317311360341802
52.09792137,0.0307011520561532
52.09799719,0.02958724345769436
52.112602,0.03506523231860838
52.11267757,0.03321889066910811
52.12904072,0.028717479209582664
52.12916255,0.03300526436255436
52.12924314,0.03389028763256275
52.12931275,0.029480430304417486
52.14390421,0.032486457618066684
52.14398026,0.03418020904859999
52.15265465,0.027359426260776684
52.15272737,0.027649347676813915
52.16700482,0.031570916304264895
52.16712689,0.02844281681544213
52.17358232,0.028625925078202486
52.19801331,0.03219653620202945
52.1981349,0.027557793545433737
52.20401239,0.0260166323338674
52.2041347,0.03179980163271534
52.2175529,0.028473334859235522
52.2176044,0.024582284275577935
52.2176404,0.033875028610666054
52.21767521,0.03942931258106355
52.23201585,0.039673456931410694
52.23213696,0.05107194628824292
52.23221183,0.05992217898832685
52.23228073,0.049683375295643546
52.23669672,0.03300526436255436
52.24249506,0.022827496757457846
52.25667429,0.015915159838254367
52.25678849,0.020309758144502938
52.26962662,0.029068436713206684
52.26970506,0.02703898680094606
52.28360581,0.024872205691615166
52.28369689,0.03146410315098802
52.28374457,0.03096055542839704
52.28378677,0.02630655374990463
52.29886127,0.0302738994430457
52.2989254,0.03129625391012436
52.29897094,0.026047150377660793
52.31357908,0.028976882581826506
52.3136797,0.0315556572823682
52.33776402,0.026672770275425344
52.33789968,0.028198672465094988
52.33797765,0.03205920500495918
52.3380487,0.027878233005264364
52.34056664,0.02839703974975204
52.34068727,0.033829251544975965
52.35375094,0.03031967650873579
52.35382009,0.028030823224231328
52.36321449,0.033112077515831236
52.36335206,0.03215075913633936
52.36345696,0.029190508888380255
52.38762522,0.03305104142824445
52.3876996,0.03358510719462882
52.39263701,0.028946364538033113
52.39273286,0.033112077515831236
52.39903831,0.0366826886396582
52.39911199,0.03147936217288472
52.41260719,0.033615625238422216
52.41269469,0.03732356755931945
52.41755128,0.03230334935530633
52.41760683,0.03254749370565347
52.43178725,0.03814755474174106
52.43189669,0.034271763179980166
52.44599175,0.03228809033340963
52.45161414,0.03826962691691463
52.45170283,0.036621652552071414
52.46476722,0.03179980163271534
52.46483874,0.03492790112153811
52.46666861,0.035034714274814985
52.46674085,0.02975509269855802
52.47360015,0.032776379034103915
52.47370553,0.03488212405584802
52.48753905,0.029312581063553826
52.48757458,0.03022812237735561
52.51157928,0.03363088426031891
52.51165342,0.028244449530785077
52.51169801,0.027969787136644542
52.51174259,0.03364614328221561
52.51178455,0.030472266727702754
52.52150464,0.027512016479743648
52.52153277,0.0324101625085832
52.53702903,0.03083848325322347
52.53714991,0.027359426260776684
52.54284787,0.032440680552376595
52.54291105,0.0336919203479057
52.56704402,0.027405203326466773
52.56716537,0.029526207370107575
52.57961106,0.03268482490272374
52.57968855,0.02806134126802472
52.57973599,0.02963302052338445
52.59760141,0.033951323720149536
52.59762621,0.029694056610971235
52.59764838,0.028900587472343024
52.59766984,0.033279926756694896
52.60753417,0.02912947280079347
52.60758543,0.027069504844739453
52.60761094,0.033234149691004806
52.60763478,0.03266956588082704
52.62291479,0.027771419851987486
52.62294292,0.031692988479438466
52.63703918,0.03201342793926909
52.63728476,0.02725261310749981
52.64148736,0.03100633249408713
52.64155388,0.033707179369802394
52.65459299,0.028595407034409093
52.65466762,0.030212863355458915
52.66399121,0.03389028763256275
52.66411448,0.029449912260624093
52.67287111,0.028641184100099183
52.67299128,0.03407339589532311
52.69684434,0.030807965209430077
52.69696593,0.027924010070954453
52.69704366,0.0328374151216907
52.69711375,0.032074464026855876
52.69718051,0.02801556420233463
52.7124052,0.0328374151216907
52.71248102,0.03271534294651713
52.72495174,0.02691691462577249
52.72505641,0.031280994888227664
52.73097658,0.03389028763256275
52.7311132,0.027924010070954453
52.75460076,0.0290074006256199
52.75468898,0.03292896925307088
52.75654483,0.028854810406652935
52.75660372,0.028885328450446328
52.76454091,0.034912642099641414
52.76459599,0.032120241092545965
52.76657367,0.028931105516136417
52.77953291,0.033279926756694896
52.77959108,0.03271534294651713
52.78855681,0.029556725413900968
52.78861165,0.03504997329671168
52.81262374,0.0357976653696498
52.81269026,0.030045014114595255
52.81272697,0.03314259555962463
52.81276178,0.03675898374914168
52.81959534,0.03176928358892195
52.81964326,0.031860837720302126
52.83403659,0.03546196688792248
52.83415771,0.029190508888380255
52.83423328,0.027283131151293202
52.84359169,0.03263904783703365
52.84367061,0.029907682917524988
52.85795808,0.027359426260776684
52.85805631,0.032532234683756774
52.87202382,0.03117418173495079
52.87214828,0.02664225223163195
52.88460326,0.030930037384603648
52.88467622,0.03138780804150454
52.89902115,0.029526207370107575
52.89914274,0.03759822995345998
52.89921927,0.04522774090180819
52.89928913,0.04748607614251926
52.90762424,0.055893797207598996
52.91256356,0.05897611963073167
52.93698287,0.039841306172274354
52.9371202,0.020904859998474096
52.93719721,0.019058518348973832
52.9465344,0.019592584115358205
52.9465785,0.021652552071412222
52.94661474,0.030289158464942397
52.97702622,0.03048752574959945
52.97710252,0.026260776684214542
52.97713995,0.030563820859082932
52.97717428,0.03143358510719463
52.97720909,0.026245517662317846
52.97724295,0.029907682917524988
52.97727537,0.03221179522392614
52.99657965,0.028702220187685968
52.99667311,0.030640115968566414
52.99675179,0.03300526436255436
52.99682164,0.02742046234836347
53.0115993,0.02749675745784695
53.01167583,0.034119172961013196
53.01755667,0.030258640421149004
53.01762033,0.02763408865491722
53.03181481,0.03414969100480659
53.03195524,0.03341725795376516
53.03203154,0.02758831158922713
53.05688286,0.031448844129091325
53.05697274,0.0340886549172198
53.05702806,0.030472266727702754
53.05707955,0.033951323720149536
53.06670618,0.035324635690852216
53.06680703,0.028290226596475166
53.07454252,0.031204699778744183
53.07459188,0.03759822995345998
53.08886957,0.03375295643549248
53.0889256,0.0315556572823682
53.09457994,0.03665217059586481
53.0946331,0.035202563515678645
53.10854578,0.0332646677347982
53.13284063,0.03872739757381552
53.13296437,0.036285954070344094
53.1330421,0.031067368581673915
53.13311481,0.035492484931715876
53.15259266,0.03744563973449302
53.1526587,0.031280994888227664
53.15658379,0.03308155947203784
53.15663218,0.035416189822232394
53.15667319,0.02993820096131838
53.15671253,0.03224231326771954
53.15881205,0.03616388189517052
53.15884686,0.0302738994430457
53.17447948,0.028976882581826506
53.18851089,0.03396658274204623
53.18855,0.030182345311665523
53.19356155,0.027222095063706417
53.19360852,0.032166018158236054
53.19952798,0.03138780804150454
53.19955444,0.027145799954222935
53.21148396,0.03146410315098802
53.21151114,0.031830319676508734
53.21749163,0.027359426260776684
53.21752167,0.030502784771496146
53.24148011,0.03305104142824445
53.24150491,0.027115281910429542
53.24152851,0.027969787136644542
53.25147748,0.03291371023117418
53.2565043,0.028671702143892575
53.25657058,0.02716105897611963
53.26459837,0.03164721141374838
53.26464605,0.03015182726787213
53.27354836,0.02873273823147936
53.27362299,0.032730601968413826
53.28759956,0.030731670099946592
53.28767467,0.026764324406805522
53.29689622,0.03163195239185168
53.29700494,0.0324254215304799
53.3105793,0.028000305180437935
53.3185668,0.030350194552529183
53.31863356,0.03295948729686427
53.31867957,0.0281528953994049
53.31872368,0.028946364538033113
53.33395267,0.032944228274967575
53.33408999,0.028976882581826506
53.339643,0.028213931486991684
53.33974028,0.033447775997558556
53.3589201,0.0307011520561532
53.35897088,0.027222095063706417
53.37255073,0.0319829098954757
53.37260604,0.030762188143739988
53.37264347,0.026428625925078202
53.37267661,0.030853742275120166
53.37270761,0.03254749370565347
53.38800883,0.027862973983367668
53.38807178,0.029221026932173648
53.40153527,0.03181506065461204
53.40157771,0.02822919050888838
53.41452503,0.029236285954070344
53.41456914,0.032227054245822846
53.42897081,0.027832455939574275
53.42904162,0.027405203326466773
53.42908692,0.03318837262531472
53.42912865,0.03065537499046311
53.42916799,0.02758831158922713
53.44652772,0.03205920500495918
53.44657779,0.03167772945754177
53.45617056,0.029388876173037308
53.45620775,0.03402761882963302
53.46413708,0.03494316014343481
53.4642365,0.0285648889906157
53.48851609,0.03053330281528954
53.48856091,0.034485389486533916
53.51156187,0.030457007705806057
53.5116272,0.03317311360341802
53.51166487,0.03529411764705882
53.5116992,0.029480430304417486
53.51173162,0.027954528114747846
53.5255177,0.032440680552376595
53.5255506,0.029800869764248113
53.53552055,0.02668802929732204
53.53554678,0.031189440756847486
53.55750823,0.030731670099946592
53.55753541,0.0264438849469749
53.55757356,0.030640115968566414
53.55760431,0.031189440756847486
53.56450248,0.02630655374990463
53.56452703,0.03321889066910811
53.56651092,0.04110780498970016
53.56653523,0.04057373922331579
53.56655788,0.04794384679942016
53.57951045,0.05897611963073167
53.57953763,0.0520485236896315
53.58550501,0.03596551461051346
53.59882879,0.026367589837491417
53.59893894,0.017135881589990083
53.60758805,0.01715114061188678
53.60770345,0.027054245822842757
53.61956906,0.028702220187685968
53.61961555,0.02545204852368963
53.64258265,0.030411230640115968
53.64270973,0.031692988479438466
53.64277792,0.026459143968871595
53.64284301,0.02954146639200427
53.64290404,0.03266956588082704
53.6575129,0.02749675745784695
53.65754771,0.02835126268406195
53.66499567,0.032776379034103915
53.66509533,0.028580148012512397
53.68883181,0.027969787136644542
53.68888068,0.03295948729686427
53.68891191,0.030182345311665523
53.68894267,0.02763408865491722
53.69684076,0.033203631647211414
53.6969161,0.032166018158236054
53.702914,0.028046082246128024
53.71152711,0.032440680552376595
53.71159077,0.03280689707789731
53.72092867,0.028473334859235522
53.72096968,0.031525139238574806
53.74630499,0.03483634699015793
53.74638104,0.030350194552529183
53.7464304,0.031143663691157397
53.74647045,0.03546196688792248
53.7535243,0.03213550011444266
53.75356102,0.031692988479438466
53.7626195,0.036743724727244985
53.76271605,0.03288319218738079
53.7669673,0.031326771953917754
53.77688694,0.03718623636224918
53.7770834,0.03616388189517052
53.79980588,0.03138780804150454
53.79990983,0.03506523231860838
53.81363392,0.03610284580758373
53.8137114,0.030899519340810255
53.81375813,0.0328526741435874
53.81380033,0.03561455710688945
53.82760882,0.03048752574959945
53.82768273,0.030823224231326773
53.84203291,0.03433279926756695
53.84215379,0.02917524986648356
53.84222889,0.028641184100099183
53.84965777,0.03309681849393454
53.84973335,0.029480430304417486
53.85566568,0.02652018005645838
53.85576987,0.03134203097581445
53.87851071,0.030731670099946592
53.87854171,0.025818265049210344
53.8785665,0.030212863355458915
53.87858987,0.031280994888227664
53.8935132,0.026291294728007935
53.89354157,0.028763256275272753
53.89356589,0.03219653620202945
53.89358854,0.027176317998016328
53.90756583,0.028717479209582664
53.90764284,0.03338673990997177
53.92008567,0.0290074006256199
53.92013621,0.026749065384908826
53.92016816,0.03309681849393454
53.94257402,0.03164721141374838
53.94260025,0.028992141603723202
53.94262314,0.03292896925307088
53.95252991,0.030975814450293737
53.95256948,0.02758831158922713
53.96195722,0.03230334935530633
53.96202493,0.03389028763256275
53.96701169,0.029068436713206684
53.97958255,0.031784542610818645
53.97967935,0.03488212405584802
53.99360132,0.02975509269855802
53.99367237,0.030182345311665523
54.0077877,0.0340886549172198
54.00788546,0.030548561837186235
54.00795913,0.029495689326314183
54.00803089,0.0345616845960174
54.01754522,0.032944228274967575
54.01760769,0.02998397802700847
54.0176425,0.034653238727397576
54.03157163,0.03317311360341802
54.03159857,0.029068436713206684
54.04654551,0.03372243839169909
54.0466125,0.03517204547188525
54.05960798,0.029327840085450523
54.05966473,0.03175402456702525
54.0647831,0.03543144884412909
54.06486726,0.030731670099946592
54.07412291,0.031280994888227664
54.07424712,0.03521782253757534
54.08362317,0.031692988479438466
54.08368778,0.0315556572823682
54.09285402,0.03646906233310445
54.09291124,0.03259327077134356
54.10702085,0.028931105516136417
54.13088059,0.03500419623102159
54.13099766,0.03556878004119936
54.13107491,0.03138780804150454
54.131145,0.03598077363241016
54.13262773,0.03855954833295186
54.13266587,0.033234149691004806
54.14202881,0.035492484931715876
54.14214921,0.0388189517051957
54.15461779,0.03295948729686427
54.15466666,0.03402761882963302
54.1640861,0.038956282902265965
54.16417575,0.03360036621652552
54.18360567,0.02998397802700847
54.1836822,0.034912642099641414
54.18372941,0.032532234683756774
54.19358206,0.029571984435797664
54.19363976,0.03434805828946365
54.19368362,0.03305104142824445
54.19372392,0.028747997253376057
54.20856261,0.033661402304112305
54.20858645,0.03462272068360418
54.21953559,0.03036545357442588
54.21956491,0.03718623636224918
54.24151969,0.04495307850766766
54.2415452,0.04533455405508507
54.24156833,0.0541542687113756
54.25150204,0.0609597924773022
54.25649095,0.05322346837567712
54.25653625,0.03523308155947204
54.26487231,0.025772487983520255
54.26497722,0.020584420538643473
54.27598715,0.020996414129854278
54.276124,0.02989242389562829
54.28385282,0.03170824750133516
54.2839148,0.027786678873884182
54.30798292,0.03210498207064927
54.30811954,0.03375295643549248
54.3165803,0.02963302052338445
54.32967639,0.03117418173495079
54.32976961,0.03451590753032731
54.32984352,0.029571984435797664
54.32991385,0.029571984435797664
54.34379029,0.03529411764705882
54.34387016,0.032776379034103915
54.34392238,0.030212863355458915
54.34396434,0.03489738307774472
54.3526063,0.03276112001220722
54.35266757,0.02954146639200427
54.36192656,0.03418020904859999
54.36202526,0.03364614328221561
54.37604213,0.029434653238727397
54.39361286,0.03384451056687266
54.39369488,0.03616388189517052
54.39374208,0.03175402456702525
54.3937881,0.03364614328221561
54.39654899,0.03788815136949721
54.39660525,0.03230334935530633
54.41159391,0.03262378881513695
54.41168427,0.03785763332570382
54.41175127,0.03447013046463722
54.41180682,0.03334096284428168
54.42657495,0.039078355077439536
54.42663312,0.036957351033798734
54.4348495,0.03262378881513695
54.45859098,0.03685053788052186
54.45866561,0.03778133821622034
54.45871139,0.033325703822384985
54.45875263,0.03744563973449302
54.46153951,0.0388189517051957
54.46158648,0.03274586099031052
54.47602272,0.034317540245670256
54.47614217,0.0371099412527657
54.48357582,0.03181506065461204
54.48363471,0.03268482490272374
54.51030016,0.036041809719996945
54.51033735,0.02946517128252079
54.51038337,0.02758831158922713
54.51751137,0.03363088426031891
54.51755261,0.03100633249408713
54.52649331,0.02806134126802472
54.52652073,0.031967650873579
54.52654433,0.03146410315098802
54.5265677,0.02713054093232624
54.54149103,0.03163195239185168
54.54151726,0.03363088426031891
54.55452347,0.02844281681544213
54.55457187,0.029694056610971235
54.57961798,0.03350881208514534
54.57970405,0.027786678873884182
54.5797596,0.028336003662165255
54.5974915,0.032898451209277486
54.59751773,0.02908369573510338
54.59754086,0.027344167238879988
54.59756327,0.032730601968413826
54.61150742,0.029968719005111773
54.62014794,0.026245517662317846
54.62019634,0.031494621194781414
54.62022686,0.03201342793926909
54.63552356,0.0281528953994049
54.63554668,0.031906614785992216
54.63557005,0.032120241092545965
54.64273834,0.026855878538185704
54.65653014,0.02937361715114061
54.65657854,0.03338673990997177
54.6566112,0.028625925078202486
54.65664101,0.028473334859235522
54.66674232,0.032776379034103915
54.6668787,0.029221026932173648
54.67596245,0.02737468528267338
54.6760993,0.03280689707789731
54.6986115,0.030457007705806057
54.69868279,0.02746623941405356
54.69872856,0.0324254215304799
54.69876981,0.031830319676508734
54.6988101,0.02664225223163195
54.71365714,0.03022812237735561
54.71374345,0.03201342793926909
54.71949935,0.026947432669565882
54.71954226,0.029907682917524988
54.73287845,0.032272831311512935
54.73297882,0.027679865720607308
54.74661398,0.02758831158922713
54.74669504,0.032227054245822846
54.77082157,0.029327840085450523
54.77094412,0.027557793545433737
54.77101779,0.031784542610818645
54.77109027,0.02951094834821088
54.7711575,0.026703288319218737
54.77298284,0.03219653620202945
54.77310491,0.031738765545128556
54.78753901,0.02827496757457847
54.78760433,0.0328526741435874
54.79655337,0.03421072709239338
54.79661202,0.028747997253376057
54.84083128,0.031158922713054094
54.8409512,0.03358510719462882
54.84102535,0.03065537499046311
54.84109926,0.03292896925307088
54.84468126,0.03433279926756695
54.84477377,0.02861066605630579
54.84483051,0.026123445487144275
54.85357666,0.03146410315098802
54.8536334,0.028198672465094988
54.86257792,0.024551766231784542
54.86263442,0.030899519340810255
54.87201023,0.030014496070801863
54.87212944,0.025604638742656595
54.884624,0.029877164873731595
54.88470078,0.031692988479438466
54.90126133,0.025406271457999542
54.90138245,0.031692988479438466
54.90764022,0.03825436789501793
54.90768147,0.035370412756542305
54.90771508,0.042587930113679714
54.92154932,0.05856412603952087
54.92158008,0.05743495841916533
54.92160439,0.042252231631952394
54.92162752,0.029327840085450523
54.94695187,0.0174868390936141
54.94698,0.014236667429617761
54.94700551,0.022034027618829635
54.94702911,0.026764324406805522
54.9565928,0.024795910582131684
54.95664954,0.028809033340962846
54.96197653,0.03312733653772793
54.96205401,0.026657511253528648
54.96784329,0.025146868085755704
54.98150182,0.031738765545128556
54.98153138,0.02806134126802472
54.98750758,0.02435339894712749
54.98754835,0.03262378881513695
55.00102353,0.030930037384603648
55.00114346,0.02589456015869383
55.02351522,0.029236285954070344
55.02354693,0.031143663691157397
55.02357078,0.027862973983367668
55.02359462,0.031662470435645074
55.02656198,0.03314259555962463
55.02660584,0.02832074464026856
55.04309893,0.03234912642099642
55.04331875,0.03656061646448463
55.06680083,0.030746929121843288
55.06692266,0.03105210955977722
55.06699824,0.036285954070344094
55.06706643,0.03476005188067445
55.07670712,0.035706111238269625
55.07682061,0.04068055237659266
55.08488894,0.03590447852292668
55.084939,0.03176928358892195
55.09868979,0.03949034866865034
55.09879184,0.04069581139848936
55.0988667,0.035706111238269625
55.11354256,0.039841306172274354
55.11361432,0.04174868390936141
55.12754822,0.03639276722362097
55.12761831,0.038406958113984896
55.14178228,0.04101625085831998
55.14190578,0.036911573968108645
55.14198232,0.03694209201190204
55.1420548,0.04119935912108034
55.16676593,0.03677424277103838
55.16689014,0.033875028610666054
55.16696548,0.03860532539864195
55.16703367,0.03584344243533989
55.16878772,0.03163195239185168
55.18259621,0.036865796902418556
55.18267298,0.036453803311207754
55.19665146,0.030807965209430077
55.19683528,0.03459220263981079
55.20596075,0.0362554360265507
55.20608306,0.029877164873731595
55.2125814,0.032608529793240255
55.21264768,0.03764400701915007
55.22111559,0.03230334935530633
55.22118235,0.03251697566186008
55.22879767,0.03607232776379034
55.2288537,0.03280689707789731
55.24279666,0.03129625391012436
55.25654078,0.03556878004119936
55.25659561,0.03335622186617838
55.25663185,0.03181506065461204
55.25666499,0.03663691157396811
55.2805202,0.03462272068360418
55.28054857,0.02998397802700847
55.28849578,0.0349736781872282
55.28852654,0.03680476081483177
55.28855038,0.03044174868390936
55.28857374,0.03245593957427329
55.29347444,0.03659113450827802
55.29350209,0.031525139238574806
55.30748296,0.03204394598306248
55.32147765,0.03730830853742275
55.32994103,0.032394903486686506
55.32999468,0.029968719005111773
55.33775496,0.036530098420691236
55.33786607,0.03445487144274052
55.34693861,0.03108262760357061
55.34707618,0.03572137026016632
55.3516016,0.03418020904859999
55.35169196,0.029053177691309988
55.36452985,0.034119172961013196
55.36459064,0.036697947661554896
55.36463499,0.030380712596322575
55.3875494,0.031662470435645074
55.38762355,0.0354009308003357
55.38766241,0.03126573586633097
55.38769722,0.03039597161821927
55.40349984,0.035202563515678645
55.40354609,0.03160143434805829
55.40952992,0.02832074464026856
55.40959573,0.03379873350118257
55.4195559,0.03314259555962463
55.41960526,0.029999237048905166
55.43293786,0.03442435339894713
55.43304729,0.03335622186617838
55.44696164,0.029617761501487753
55.45457792,0.03266956588082704
55.4546411,0.035080491340505074
55.4565618,0.031906614785992216
55.45661211,0.03321889066910811
55.46461654,0.03688105592431525
55.46468425,0.032486457618066684
55.47403026,0.03219653620202945
55.47415328,0.03659113450827802
55.48297858,0.033371480888075074
55.48309946,0.031784542610818645
55.50682712,0.03544670786602579
55.50693393,0.03147936217288472
55.50701046,0.02810711833371481
55.50707984,0.03364614328221561
55.50714684,0.03363088426031891
55.52158141,0.02725261310749981
55.52164602,0.03044174868390936
55.52954078,0.033447775997558556
55.52959037,0.027924010070954453
55.53861141,0.028747997253376057
55.53869677,0.0340886549172198
55.56263471,0.03129625391012436
55.56271195,0.034042877851529714
55.56275702,0.042801556420233464
55.5627985,0.04415960936903945
55.56283951,0.05029373617151141
55.57764888,0.06085297932402533
55.57772064,0.0532997634851606
55.58657527,0.031738765545128556
55.58665228,0.02252231631952392
55.60224128,0.020691233691920347
55.60228205,0.02055390249485008
55.62279487,0.026825360494392308
55.62285304,0.031189440756847486
55.63547301,0.02832074464026856
55.6355145,0.03091477836270695
55.63554692,0.033707179369802394
55.63557649,0.02827496757457847
55.63560462,0.028336003662165255
55.64253783,0.03350881208514534
55.64257455,0.02970931563286793
55.65650773,0.027054245822842757
55.65653419,0.03314259555962463
55.67957139,0.031738765545128556
55.67960215,0.02946517128252079
55.68156457,0.034195468070496685
55.68158937,0.03405813687342641
55.70652699,0.028702220187685968
55.70655298,0.03189135576409552
55.70657611,0.03376821545738918
55.706599,0.029495689326314183
55.7089417,0.031860837720302126
55.70897675,0.03633173113603418
55.7225008,0.031738765545128556
55.72253346,0.031448844129091325
55.72884822,0.03633173113603418
55.72888231,0.03321889066910811
55.75264692,0.03126573586633097
55.75272441,0.03675898374914168
55.75277138,0.035584039063096054
55.75281477,0.032227054245822846
55.7625761,0.03704890516517891
55.76263642,0.036362249179827576
55.76268172,0.033371480888075074
55.77774715,0.036453803311207754
55.77782059,0.039673456931410694
55.78962183,0.035385671778439
55.78969789,0.035660334172579536
55.8108139,0.03817807278553445
55.81092572,0.03422598611429008
55.81677938,0.033707179369802394
55.8169446,0.03727779049362936
55.81705904,0.03459220263981079
55.81717014,0.031738765545128556
55.83499074,0.036194399938963916
55.83506012,0.03381399252307927
55.83509946,0.029327840085450523
55.84702754,0.03352407110704204
55.84714818,0.0332646677347982
55.8516326,0.028168154421301595
55.85171819,0.03138780804150454
55.87488198,0.032990005340657665
55.87494421,0.028747997253376057
55.87649536,0.031021591515983826
55.8765223,0.03428702220187686
55.88467717,0.027908751049057757
55.8847661,0.0268711375600824
55.8985424,0.03492790112153811
55.89858317,0.03193713282978561
55.89861488,0.028854810406652935
55.9086113,0.03338673990997177
55.90866542,0.031143663691157397
55.93257022,0.028534370946822308
55.93262911,0.03250171663996338
55.93266106,0.0319829098954757
55.93269134,0.028549629968719004
55.94276762,0.031998168917372394
55.94288492,0.033447775997558556
55.95762444,0.029022659647516595
55.95769215,0.031021591515983826
55.95773268,0.034576943617914094
55.95776939,0.030014496070801863
55.96653748,0.02891584649423972
55.98961711,0.03352407110704204
55.98968792,0.02934309910734722
55.99156857,0.028747997253376057
55.99162412,0.03358510719462882
56.0022223,0.03329518577859159
56.00226593,0.029327840085450523
56.01256204,0.0336919203479057
56.0125885,0.034119172961013196
56.01755643,0.028458075837338826
56.0176115,0.0311284046692607
56.03491187,0.03372243839169909
56.03495526,0.028534370946822308
56.06203127,0.030289158464942397
56.06208134,0.034119172961013196
56.06846142,0.029663538567177843
56.06851435,0.02998397802700847
56.08197856,0.035873960479133285
56.08210254,0.03219653620202945
56.08217812,0.02798504615854124
56.08224654,0.03279163805600061
56.08759665,0.03096055542839704
56.08767486,0.028473334859235522
56.09699106,0.03572137026016632
56.09704852,0.038574807354848556
56.11963272,0.03100633249408713
56.12157369,0.03129625391012436
56.12164283,0.035324635690852216
56.14491129,0.03187609674219882
56.14500952,0.03266956588082704
56.14508605,0.03598077363241016
56.14515424,0.030762188143739988
56.14651871,0.028946364538033113
56.14655161,0.03479056992446784
56.14657736,0.032074464026855876
56.1466279,0.02883955138475624
56.17158151,0.034485389486533916
56.17164135,0.03956664377813382
56.17169499,0.0341039139391165
56.18660951,0.027725642786297397
56.18668509,0.02699320973525597
56.18673205,0.025726710917830166
56.18677545,0.03137254901960784
56.20266843,0.03576714732585641
56.20270991,0.0341039139391165
56.20687938,0.03887998779278248
56.20695019,0.05015640497444114
56.21959925,0.053894865339131764
56.21966434,0.05551232166018158
56.24370956,0.049607080186160064
56.24381256,0.02912947280079347
56.24389005,0.017471580071717403
56.2439537,0.02366674296177615
56.24400353,0.026077668421454186
56.2535553,0.02447547112230106
56.25361633,0.03088426031891356
56.2687037,0.03146410315098802
56.26874447,0.027145799954222935
56.27285051,0.030746929121843288
56.27292442,0.03334096284428168
56.29698944,0.028824292362859542
56.29704714,0.030045014114595255
56.29707909,0.034241245136186774
56.29710817,0.029907682917524988
56.29713655,0.028992141603723202
56.31153131,0.03430228122377356
56.31947494,0.030762188143739988
56.31952047,0.029449912260624093
56.32958078,0.03535515373464561
56.32962561,0.03346303501945525
56.32965827,0.02865644312199588
56.35352039,0.03225757228961624
56.35355258,0.03445487144274052
56.35357761,0.030640115968566414
56.36252689,0.033615625238422216
56.36256409,0.03511100938429847
56.36868644,0.03105210955977722
56.37798738,0.033676661326009
56.37812543,0.037247272449835965
56.38657379,0.03262378881513695
56.3866508,0.03274586099031052
56.3866899,0.03826962691691463
56.41054201,0.0357976653696498
56.42350054,0.03407339589532311
56.42354059,0.03778133821622034
56.43657351,0.03596551461051346
56.43665314,0.03335622186617838
56.45137787,0.03846799420157168
56.45150781,0.03947508964675364
56.45154643,0.03390554665445945
56.45158052,0.03768978408484016
56.45161748,0.03852903028915847
56.46354723,0.032776379034103915
56.46360874,0.033279926756694896
56.46365595,0.03616388189517052
56.46369815,0.03221179522392614
56.47900367,0.032028686961165787
56.47912765,0.035584039063096054
56.49281669,0.030472266727702754
56.49289274,0.028473334859235522
56.49858236,0.03334096284428168
56.49864197,0.032364385442893114
56.49868751,0.028503852903028915
56.51300263,0.032532234683756774
56.51312518,0.033035782406347754
56.51960897,0.027924010070954453
56.51968741,0.030258640421149004
56.53263283,0.03288319218738079
56.53270507,0.028931105516136417
56.55664039,0.030762188143739988
56.5567162,0.034241245136186774
56.55676246,0.029144731822690166
56.55680585,0.028366521705958648
56.55859184,0.03218127718013275
56.55864191,0.029785610742351417
56.56753278,0.028595407034409093
56.57489014,0.03358510719462882
56.57498956,0.031692988479438466
56.58858895,0.02661173418783856
56.58866477,0.030853742275120166
56.60304999,0.03225757228961624
56.60312223,0.02775616083009079
56.61718512,0.030579079880979628
56.61722851,0.03401235980773632
56.61726522,0.028931105516136417
56.61729455,0.029602502479591057
56.62653422,0.03291371023117418
56.62656379,0.028091859311818113
56.63251209,0.028336003662165255
56.65058494,0.03376821545738918
56.65060949,0.03031967650873579
56.6605022,0.027527275501640344
56.66869855,0.03146410315098802
56.66880894,0.032166018158236054
56.67383313,0.027786678873884182
56.6739428,0.03146410315098802
56.67402196,0.03036545357442588
56.68289328,0.02606240939955749
56.69650936,0.030594338902876324
56.69656062,0.033112077515831236
56.69659281,0.027313649195086595
56.72161174,0.028213931486991684
56.72170043,0.03271534294651713
56.72174811,0.028702220187685968
56.72179055,0.027862973983367668
56.73157144,0.03230334935530633
56.73162103,0.028809033340962846
56.73973823,0.028137636377508202
56.73981142,0.0341039139391165
56.75359344,0.03247119859616999
56.75366068,0.028381780727855344
56.76760006,0.03291371023117418
56.76769447,0.03341725795376516
56.78202987,0.028198672465094988
56.79460955,0.03010605020218204
56.79468846,0.032867933165484094
56.79473424,0.027862973983367668
56.79477572,0.02861066605630579
56.80888748,0.031158922713054094
56.80896783,0.02594033722438392
56.82281733,0.02575722896162356
56.82295847,0.030777447165636684
56.82303691,0.027557793545433737
56.82310152,0.02426184481574731
56.84781218,0.02958724345769436
56.84795046,0.02827496757457847
56.8480289,0.02447547112230106
56.84809995,0.030762188143739988
56.8481524,0.03602655069810025
56.86404467,0.035584039063096054
56.86412048,0.04594491493095293
56.86416578,0.05703822384985122
56.86420965,0.05191119249256123
56.87263131,0.039673456931410694
56.87270331,0.027176317998016328
56.88598061,0.014175631342030976
56.88609552,0.013397421225299458
56.89859033,0.021332112611581598
56.89866853,0.026459143968871595
56.90783072,0.023315785458152133
56.92179871,0.02681010147249561
56.92187905,0.030167086289768826
56.93044996,0.0260166323338674
56.93052578,0.026535439078355077
56.93057251,0.029846646829938202
56.93061471,0.025925078202487222
56.9447279,0.026337071793698024
56.9448278,0.03193713282978561
56.94658303,0.028412298771648737
56.94664979,0.024826428625925077
56.97057819,0.029785610742351417
56.97066426,0.028976882581826506
56.98679066,0.0255893797207599
56.98693776,0.030380712596322575
56.98704123,0.03137254901960784
56.98902297,0.026581216144045166
56.98917055,0.029526207370107575
56.99760199,0.03189135576409552
56.99767971,0.027603570611123826
57.01188397,0.028900587472343024
57.0119822,0.03385976958876936
57.02568293,0.02998397802700847
57.02575946,0.0298619058518349
57.03856421,0.033783474479285876
57.03862929,0.0311284046692607
57.03867531,0.029312581063553826
57.04462385,0.03530937666895552
57.04469514,0.03485160601205463
57.05399966,0.030731670099946592
57.05412436,0.03500419623102159
57.06753874,0.03595025558861677
57.06757879,0.031143663691157397
57.08190846,0.03372243839169909
57.08200836,0.036575875486381325
57.10461402,0.03147936217288472
57.10468006,0.03219653620202945
57.10471654,0.03584344243533989
57.10474968,0.03079270618753338
57.1200428,0.02908369573510338
57.12016273,0.03425650415808347
57.12760496,0.030975814450293737
57.12769294,0.027267872129396506
57.13260627,0.03268482490272374
57.13267136,0.032608529793240255
57.1472199,0.026337071793698024
57.14732933,0.028717479209582664
57.16960812,0.029480430304417486
57.16969705,0.025604638742656595
57.16975021,0.029388876173037308
57.16979241,0.032394903486686506
57.17156196,0.026169222552834364
57.17162251,0.02720683604180972
57.17166829,0.03125047684443427
57.18700981,0.02763408865491722
57.18714666,0.027115281910429542
57.20059276,0.0319829098954757
57.20068479,0.02839703974975204
57.21806431,0.026153963530937668
57.21818638,0.031403067063401235
57.23260808,0.030182345311665523
57.23269677,0.025803006027313648
57.2327435,0.030563820859082932
57.23278713,0.03131151293202106
57.23282909,0.0272983901731899
57.24686122,0.030090791180285344
57.24696279,0.0319829098954757
57.25201368,0.027405203326466773
57.25213838,0.028213931486991684
57.26462507,0.0328374151216907
57.2647016,0.028534370946822308
57.27871943,0.028305485618371862
57.27882004,0.03300526436255436
57.29260969,0.03053330281528954
57.29267502,0.027679865720607308
57.29857254,0.03189135576409552
57.29863191,0.031784542610818645
57.29867816,0.028763256275272753
57.31289744,0.031692988479438466
57.31299853,0.030121309224078737
57.31904697,0.026077668421454186
57.31916738,0.02998397802700847
57.33260512,0.03373769741359579
57.33268142,0.02810711833371481
57.34679604,0.028854810406652935
57.34686828,0.0336919203479057
57.35605645,0.029922941939421684
57.35617781,0.029098954757000077
57.3636272,0.03346303501945525
57.36370587,0.030411230640115968
57.3675127,0.03091477836270695
57.38206053,0.036530098420691236
57.38218594,0.03318837262531472
57.39461684,0.028717479209582664
57.39471197,0.03376821545738918
57.41874266,0.03755245288776989
57.41884899,0.033279926756694896
57.42757893,0.032272831311512935
57.42764616,0.03381399252307927
57.42768288,0.03022812237735561
57.42771673,0.031448844129091325
57.43658638,0.03405813687342641
57.43664551,0.02848859388113222
57.43669152,0.027908751049057757
57.44652462,0.03274586099031052
57.44655323,0.0332494087129015
57.46850681,0.029739833676661324
57.46853375,0.032166018158236054
57.46855688,0.029617761501487753
57.48397899,0.02499427786678874
57.48411584,0.030457007705806057
57.4841938,0.03611810482948043
57.4842627,0.036621652552071414
57.49858522,0.04274052033264668
57.49868464,0.05191119249256123
57.49873114,0.05404745555809873
57.51418924,0.053147173266193636
57.51432991,0.04170290684367132
57.52772617,0.023010605020218206
57.52782583,0.0166323338673991
57.53958297,0.023987182421606777
57.53964877,0.02511635004196231
57.53969407,0.024536507209887846
57.54653239,0.03147936217288472
57.54656005,0.03105210955977722
57.55388069,0.027023727779049364
57.55395937,0.0307011520561532
57.57151484,0.03125047684443427
57.57153916,0.026932173647669186
57.58270741,0.030350194552529183
57.5827601,0.032486457618066684
57.59658265,0.02681010147249561
57.59667063,0.028198672465094988
57.59671807,0.03360036621652552
57.59676099,0.03002975509269856
57.61176944,0.028702220187685968
57.61184263,0.032867933165484094
57.6199789,0.029907682917524988
57.6200397,0.027573052567330433
57.63182497,0.03352407110704204
57.63189936,0.033112077515831236
57.64473891,0.028580148012512397
57.65876651,0.032562752727550166
57.65890503,0.034271763179980166
57.65895104,0.030075532158388648
57.6590035,0.03233386739909972
57.68290877,0.035492484931715876
57.68301177,0.0311284046692607
57.69195986,0.03187609674219882
57.69208407,0.036575875486381325
57.69959879,0.032532234683756774
57.69965911,0.03164721141374838
57.69970393,0.03675898374914168
57.6997478,0.0336919203479057
57.69979048,0.03083848325322347
57.72402596,0.03651483939879454
57.72414827,0.0357976653696498
57.72422242,0.0315403982604715
57.72429371,0.03512626840619516
57.73361087,0.03611810482948043
57.73367167,0.03015182726787213
57.73958707,0.0315556572823682
57.73971605,0.03425650415808347
57.75367641,0.029449912260624093
57.75375628,0.030045014114595255
57.76160574,0.03373769741359579
57.76169872,0.029053177691309988
57.77462316,0.026749065384908826
57.79092693,0.03184557869840543
57.7909565,0.029831387808041506
57.79346585,0.027527275501640344
57.79349065,0.03189135576409552
57.80047035,0.030289158464942397
57.80860972,0.02594033722438392
57.80868912,0.030121309224078737
57.81762266,0.03219653620202945
57.81770515,0.02754253452353704
57.83206964,0.030502784771496146
57.83216023,0.03189135576409552
57.8456583,0.026794842450598915
57.85297918,0.02810711833371481
57.8531146,0.033234149691004806
57.86561275,0.028046082246128024
57.86570358,0.025101091020065615
57.86575103,0.03036545357442588
57.8657949,0.030243381399252308
57.8756268,0.027313649195086595
57.87568402,0.030594338902876324
57.88400817,0.029358358129243915
57.88413024,0.025528343633173113
57.89882493,0.028931105516136417
57.8989048,0.030579079880979628
57.91164446,0.026337071793698024
57.91170239,0.029312581063553826
57.91174483,0.032120241092545965
57.9266324,0.027512016479743648
57.92671847,0.02887006942854963
57.92675757,0.033234149691004806
57.92679071,0.028473334859235522
57.94161391,0.026901655603875793
57.94167304,0.03314259555962463
57.96460533,0.030457007705806057
57.9646821,0.026581216144045166
57.96718359,0.031403067063401235
57.96724463,0.031036850537880523
57.96729159,0.02668802929732204
57.97968102,0.030685893034256503
57.97978163,0.03259327077134356
57.98602724,0.027924010070954453
57.98614979,0.029602502479591057
57.99864316,0.032562752727550166
57.99871945,0.02883955138475624
58.00759506,0.030731670099946592
58.00765491,0.03595025558861677
58.02176356,0.033157854581521325
58.02184343,0.030685893034256503
58.03474903,0.0349736781872282
58.03482556,0.032440680552376595
58.03487277,0.030289158464942397
58.04369259,0.03593499656672007
58.04376435,0.034119172961013196
58.05802846,0.028198672465094988
58.05815077,0.03187609674219882
58.06478429,0.03572137026016632
58.06483388,0.02912947280079347
58.08701086,0.027679865720607308
58.08713508,0.03002975509269856
58.08721089,0.027191577019913024
58.08728385,0.028534370946822308
58.09950757,0.031860837720302126
58.09955144,0.02763408865491722
58.09958696,0.028595407034409093
58.11657023,0.03756771190966659
58.11659718,0.038040741588464176
58.11853075,0.03936827649347677
58.11855412,0.053238727397573814
58.13468885,0.05876249332417792
58.1347177,0.04791332875562677
58.14651918,0.03529411764705882
58.15478635,0.02328526741435874
58.15485573,0.01399252307927062
58.15492344,0.018234531166552225
58.16159177,0.027618829633020522
58.161659,0.02716105897611963
58.16988134,0.0251621271076524
58.18314409,0.029968719005111773
58.18318129,0.028503852903028915
58.18321204,0.026672770275425344
58.18324089,0.03131151293202106
58.2075994,0.030350194552529183
58.20765591,0.025391012436102846
58.20768714,0.029495689326314183
58.20771599,0.03262378881513695
58.21764851,0.02951094834821088
58.21772408,0.03048752574959945
58.2316153,0.02967879758907454
58.23165393,0.02504005493247883
58.24189472,0.026764324406805522
58.24194074,0.03167772945754177
58.26653194,0.028992141603723202
58.26658297,0.02780193789578088
58.26661587,0.031952391851682305
58.26664543,0.0294193942168307
58.27254105,0.026825360494392308
58.27258325,0.03309681849393454
58.28695369,0.03263904783703365
58.28706288,0.027512016479743648
58.2946465,0.03192187380788891
58.29471207,0.03384451056687266
58.29958105,0.029144731822690166
58.31353498,0.03143358510719463
58.313586,0.03701838712138552
58.32754159,0.031906614785992216
58.32759762,0.031067368581673915
58.33836293,0.035370412756542305
58.33841038,0.03179980163271534
58.34160709,0.030426489662012664
58.34166145,0.036087586785687034
58.34950709,0.034699015793087665
58.349576,0.029800869764248113
58.36352944,0.033951323720149536
58.36357164,0.03347829404135195
58.36360312,0.02784771496147097
58.38862085,0.031097886625467308
58.38868809,0.03204394598306248
58.38872576,0.02746623941405356
58.38875961,0.02946517128252079
58.39852428,0.0311284046692607
58.39856505,0.02597085526817731
58.40763164,0.026825360494392308
58.40770507,0.03164721141374838
58.41656137,0.027512016479743648
58.41661477,0.026382848859388113
58.43094802,0.029785610742351417
58.43100119,0.027924010070954453
58.45467615,0.02545204852368963
58.45474648,0.029571984435797664
58.45478892,0.02896162355992981
58.46860051,0.02504005493247883
58.46867371,0.02951094834821088
58.46872902,0.03228809033340963
58.46878171,0.026626993209735255
58.48261857,0.028076600289921417
58.4826951,0.031189440756847486
58.49198747,0.027191577019913024
58.49202251,0.02851911192492561
58.51621413,0.03230334935530633
58.51628947,0.027618829633020522
58.5163343,0.025925078202487222
58.51637554,0.03143358510719463
58.52977252,0.02883955138475624
58.52981734,0.02606240939955749
58.52984977,0.03179980163271534
58.52987957,0.031280994888227664
58.54097486,0.026092927443350882
58.54111385,0.029190508888380255
58.55357599,0.031403067063401235
58.55365157,0.027069504844739453
58.55878997,0.028412298771648737
58.5588696,0.032532234683756774
58.57300901,0.028259708552681773
58.58660364,0.029922941939421684
58.58669877,0.03439383535515374
58.58957481,0.02963302052338445
58.58964109,0.027878233005264364
58.5987227,0.03358510719462882
58.59880185,0.02993820096131838
58.60758877,0.02627603570611124
58.6076417,0.03117418173495079
58.62158704,0.03192187380788891
58.62169027,0.02844281681544213
58.62654662,0.03384451056687266
58.6265893,0.03543144884412909
58.63986325,0.029739833676661324
58.65363884,0.032166018158236054
58.65371585,0.03488212405584802
58.66061807,0.031326771953917754
58.66069198,0.032898451209277486
58.67389107,0.035538261997405965
58.67399025,0.030472266727702754
58.68496919,0.029266803997863737
58.68503499,0.035034714274814985
58.6879673,0.03230334935530633
58.6880424,0.028473334859235522
58.70206642,0.032990005340657665
58.70218754,0.03096055542839704
58.7155962,0.025803006027313648
58.71567225,0.030930037384603648
58.71571708,0.03321889066910811
58.72859979,0.026947432669565882
58.7286706,0.028549629968719004
58.74290419,0.03527885862516213
58.74298429,0.03601129167620355
58.74302983,0.04029907682917525
58.74307299,0.051056687266346226
58.75163221,0.05592431525139239
58.75170875,0.05360494392309453
58.76476502,0.04385442893110551
58.76486492,0.025879301136797133
58.77864027,0.015716792553597314
58.78454781,0.023025864042114902
58.78460574,0.026886396581979097
58.80170751,0.024551766231784542
58.8017869,0.02970931563286793
58.80184841,0.03250171663996338
58.80191779,0.02746623941405356
58.80860448,0.029785610742351417
58.80864644,0.03308155947203784
58.81831503,0.027786678873884182
58.81838989,0.028412298771648737
58.83351946,0.0332646677347982
58.83354878,0.029327840085450523
58.8398993,0.02780193789578088
58.85350871,0.033371480888075074
58.85353351,0.031021591515983826
58.86051202,0.027679865720607308
58.86666679,0.03308155947203784
58.86677766,0.032730601968413826
58.86685729,0.02832074464026856
58.87456584,0.03201342793926909
58.87458873,0.03396658274204623
58.88449883,0.029846646829938202
58.88452673,0.03250171663996338
58.90888238,0.0358129243915465
58.90890718,0.030975814450293737
58.9107492,0.03163195239185168
58.91082931,0.0362554360265507
58.92353487,0.03292896925307088
58.92357945,0.03105210955977722
58.92977214,0.03630121309224079
58.9298656,0.03546196688792248
58.94477654,0.03271534294651713
58.94498491,0.03718623636224918
58.95757794,0.036453803311207754
58.95764875,0.032074464026855876
58.97177768,0.03590447852292668
58.97191596,0.03660639353017472
58.97199535,0.0328374151216907
58.97206497,0.034744792858777754
58.97213268,0.037750820172426945
58.9868691,0.03262378881513695
58.98694682,0.03134203097581445
59.00091743,0.03489738307774472
59.001019,0.03010605020218204
59.01367497,0.02725261310749981
59.01375318,0.033707179369802394
59.02258635,0.0324101625085832
59.02270532,0.02835126268406195
59.0275948,0.03164721141374838
59.02767015,0.031525139238574806
59.03358746,0.026535439078355077
59.0476141,0.029571984435797664
59.04768205,0.03105210955977722
59.0535717,0.028000305180437935
59.05363202,0.030563820859082932
59.06771588,0.03483634699015793
59.06779456,0.029800869764248113
59.09263968,0.029495689326314183
59.09271502,0.03317311360341802
59.09276009,0.029449912260624093
59.09280133,0.027222095063706417
59.09682226,0.03268482490272374
59.09687066,0.031143663691157397
59.10158682,0.027573052567330433
59.11089039,0.03181506065461204
59.11101174,0.03163195239185168
59.13351798,0.027069504844739453
59.13354897,0.03134203097581445
59.14763236,0.03329518577859159
59.14769936,0.028259708552681773
59.15356541,0.029221026932173648
59.15361023,0.03292896925307088
59.16781712,0.027649347676813915
59.16791749,0.028641184100099183
59.16799307,0.032074464026855876
59.16806102,0.02827496757457847
59.18164396,0.02798504615854124
59.18173075,0.034271763179980166
59.18177652,0.03193713282978561
59.18959999,0.027679865720607308
59.18967056,0.032227054245822846
59.21359777,0.03215075913633936
59.21368766,0.02754253452353704
59.21374369,0.029953459983215077
59.21380091,0.031036850537880523
59.21951699,0.02664225223163195
59.21956444,0.02920576791027695
59.23404455,0.032654306858930345
59.23416591,0.027679865720607308
59.24397326,0.028900587472343024
59.24411106,0.034271763179980166
59.26805305,0.03228809033340963
59.26819134,0.030090791180285344
59.26826835,0.03547722590981918
59.26833391,0.033203631647211414
59.28258061,0.029617761501487753
59.28267527,0.034363317311360345
59.28272939,0.033279926756694896
59.28277469,0.02827496757457847
59.29765296,0.03134203097581445
59.2977829,0.03163195239185168
59.29785895,0.025680933852140077
59.31260824,0.027481498435950255
59.31271625,0.03181506065461204
59.32660198,0.026947432669565882
59.32667518,0.02652018005645838
59.33581352,0.0319829098954757
59.33593512,0.027649347676813915
59.33601332,0.023590447852292667
59.33608341,0.030289158464942397
59.34962344,0.03263904783703365
59.34971046,0.03393606469825284
59.3638761,0.04432745860990311
59.36394978,0.05267414358739605
59.36400533,0.05467307545586328
59.38935161,0.05345235370412756
59.38941646,0.03797970550087739
59.38946629,0.018158236057068743
59.38950062,0.01670862897688258
59.39658046,0.025024795910582133
59.39664364,0.023773556115053024
59.40964389,0.02578774700541695
59.40970492,0.03096055542839704
59.41855836,0.027679865720607308
59.41861963,0.026794842450598915
59.44303131,0.03143358510719463
59.44315314,0.02975509269855802
59.44323015,0.027344167238879988
59.45671439,0.03126573586633097
59.45677423,0.03100633249408713
59.45684123,0.02597085526817731
59.45687842,0.028900587472343024
59.47949243,0.03259327077134356
59.47952199,0.028473334859235522
59.48829722,0.030426489662012664
59.48835325,0.03425650415808347
59.48840189,0.028763256275272753
59.48845482,0.028412298771648737
59.495929,0.03279163805600061
59.4959569,0.028702220187685968
59.51172328,0.026626993209735255
59.5235219,0.03343251697566186
59.53299451,0.03321889066910811
59.53310561,0.02954146639200427
59.55155015,0.033112077515831236
59.55162477,0.033325703822384985
59.55166245,0.029800869764248113
59.55169678,0.03437857633325704
59.55357194,0.03547722590981918
59.55364633,0.029434653238727397
59.56778383,0.0315556572823682
59.5678854,0.036957351033798734
59.57696223,0.032318608377203024
59.58953285,0.03147936217288472
59.58963227,0.037201495384145876
59.58967972,0.033951323720149536
59.59450912,0.03100633249408713
59.59454274,0.035324635690852216
59.60191894,0.031998168917372394
59.60194349,0.028809033340962846
59.61057019,0.03384451056687266
59.62130809,0.033707179369802394
59.62136149,0.027771419851987486
59.63289595,0.03010605020218204
59.63300657,0.03158617532616159
59.64661503,0.026504921034561684
59.64669061,0.028809033340962846
59.64672732,0.03288319218738079
59.66160893,0.027618829633020522
59.6616838,0.026886396581979097
59.66173983,0.03108262760357061
59.66179061,0.027389944304570077
59.67703676,0.025574120698863202
59.67715597,0.031067368581673915
59.68254137,0.029571984435797664
59.68260312,0.025406271457999542
59.70802498,0.029602502479591057
59.70814538,0.029663538567177843
59.71175218,0.025818265049210344
59.71653056,0.029571984435797664
59.71659279,0.031280994888227664
59.71664405,0.025635156786449988
59.71668696,0.027344167238879988
59.72976732,0.03091477836270695
59.72983956,0.026428625925078202
59.73904681,0.026703288319218737
59.73916721,0.03192187380788891
59.76308632,0.028305485618371862
59.76316047,0.026321812771801328
59.76793361,0.032120241092545965
59.76803184,0.03065537499046311
59.76810884,0.02583352407110704
59.77703595,0.02946517128252079
59.77715659,0.030762188143739988
59.78965688,0.027191577019913024
59.78973532,0.03022812237735561
59.79897571,0.03167772945754177
59.7990768,0.02589456015869383
59.82364321,0.025879301136797133
59.82375383,0.02970931563286793
59.82382894,0.028290226596475166
59.82389832,0.03022812237735561
59.83382058,0.033829251544975965
59.8339088,0.028717479209582664
59.83394623,0.026764324406805522
59.84257627,0.03228809033340963
59.85658216,0.03065537499046311
59.85666108,0.0268711375600824
59.86295223,0.03176928358892195
59.86308837,0.03205920500495918
59.87656164,0.026947432669565882
59.8766613,0.030579079880979628
59.90077829,0.03396658274204623
59.90091634,0.031525139238574806
59.90099454,0.03219653620202945
59.90106654,0.03407339589532311
59.90259743,0.0302738994430457
59.91172266,0.030670634012359806
59.91182232,0.03425650415808347
59.91953039,0.029358358129243915
59.9196043,0.027008468757152668
59.94356108,0.03175402456702525
59.94364977,0.03010605020218204
59.95757151,0.02618448157473106
59.9576478,0.030548561837186235
59.95770216,0.030182345311665523
59.95775461,0.02542153047989624
59.97186112,0.029053177691309988
59.97202134,0.030777447165636684
59.9720757,0.02459754329747463
59.98012638,0.026535439078355077
59.98019314,0.03617914091706722
59.98856235,0.038239108873121236
59.9886353,0.04432745860990311
60.00300622,0.05597009231708248
