
/home/kejoperezde/Documents/Proyecto1/C/EjemploDMA/build/EjemploDMA.elf:     file format elf32-littlearm

Sections:
Idx Name          Size      VMA       LMA       File off  Algn
  0 .boot2        00000100  10000000  10000000  00001000  2**0
                  CONTENTS, ALLOC, LOAD, READONLY, CODE
  1 .text         00006afc  10000100  10000100  00001100  2**3
                  CONTENTS, ALLOC, LOAD, READONLY, CODE
  2 .rodata       00001560  10006c00  10006c00  00007c00  2**3
                  CONTENTS, ALLOC, LOAD, READONLY, DATA
  3 .binary_info  0000002c  10008160  10008160  00009160  2**2
                  CONTENTS, ALLOC, LOAD, READONLY, DATA
  4 .ram_vector_table 000000c0  20000000  20000000  0000b000  2**2
                  ALLOC
  5 .uninitialized_data 00000000  200000c0  200000c0  0000acd8  2**0
                  CONTENTS
  6 .data         00000c18  200000c0  1000818c  0000a0c0  2**4
                  CONTENTS, ALLOC, LOAD, READONLY, CODE
  7 .tdata        00000000  20000cd8  20000cd8  0000acd8  2**0
                  CONTENTS, ALLOC, LOAD, DATA, THREAD_LOCAL
  8 .tbss         00000000  20000cd8  20000cd8  00000000  2**0
                  ALLOC, THREAD_LOCAL
  9 .bss          00001098  20000cd8  10008da4  0000acd8  2**3
                  ALLOC
 10 .heap         0003e290  20001d70  10008da4  0000ad70  2**2
                  ALLOC, READONLY
 11 .scratch_x    00000000  20040000  20040000  0000acd8  2**0
                  CONTENTS
 12 .scratch_y    00000000  20041000  20041000  0000acd8  2**0
                  CONTENTS
 13 .stack_dummy  00000800  20041000  20041000  0000ace0  2**5
                  CONTENTS, READONLY
 14 .ARM.attributes 00000028  00000000  00000000  0000b4e0  2**0
                  CONTENTS, READONLY
 15 .comment      00000033  00000000  00000000  0000b508  2**0
                  CONTENTS, READONLY
 16 .debug_info   0002b728  00000000  00000000  0000b53b  2**0
                  CONTENTS, READONLY, DEBUGGING, OCTETS
 17 .debug_abbrev 00008271  00000000  00000000  00036c63  2**0
                  CONTENTS, READONLY, DEBUGGING, OCTETS
 18 .debug_loc    0001a548  00000000  00000000  0003eed4  2**0
                  CONTENTS, READONLY, DEBUGGING, OCTETS
 19 .debug_aranges 000018a8  00000000  00000000  00059420  2**3
                  CONTENTS, READONLY, DEBUGGING, OCTETS
 20 .debug_ranges 000051d8  00000000  00000000  0005acc8  2**3
                  CONTENTS, READONLY, DEBUGGING, OCTETS
 21 .debug_line   0001b439  00000000  00000000  0005fea0  2**0
                  CONTENTS, READONLY, DEBUGGING, OCTETS
 22 .debug_str    0000922e  00000000  00000000  0007b2d9  2**0
                  CONTENTS, READONLY, DEBUGGING, OCTETS
 23 .debug_frame  00003364  00000000  00000000  00084508  2**2
                  CONTENTS, READONLY, DEBUGGING, OCTETS

/home/kejoperezde/Documents/Proyecto1/C/EjemploDMA/build/EjemploDMA.elf:     file format elf32-littlearm


Disassembly of section .boot2:

10000000 <__boot2_start__>:
10000000:	4b32b500 	.word	0x4b32b500
10000004:	60582021 	.word	0x60582021
10000008:	21026898 	.word	0x21026898
1000000c:	60984388 	.word	0x60984388
10000010:	611860d8 	.word	0x611860d8
10000014:	4b2e6158 	.word	0x4b2e6158
10000018:	60992100 	.word	0x60992100
1000001c:	61592102 	.word	0x61592102
10000020:	22f02101 	.word	0x22f02101
10000024:	492b5099 	.word	0x492b5099
10000028:	21016019 	.word	0x21016019
1000002c:	20356099 	.word	0x20356099
10000030:	f844f000 	.word	0xf844f000
10000034:	42902202 	.word	0x42902202
10000038:	2106d014 	.word	0x2106d014
1000003c:	f0006619 	.word	0xf0006619
10000040:	6e19f834 	.word	0x6e19f834
10000044:	66192101 	.word	0x66192101
10000048:	66182000 	.word	0x66182000
1000004c:	f000661a 	.word	0xf000661a
10000050:	6e19f82c 	.word	0x6e19f82c
10000054:	6e196e19 	.word	0x6e196e19
10000058:	f0002005 	.word	0xf0002005
1000005c:	2101f82f 	.word	0x2101f82f
10000060:	d1f94208 	.word	0xd1f94208
10000064:	60992100 	.word	0x60992100
10000068:	6019491b 	.word	0x6019491b
1000006c:	60592100 	.word	0x60592100
10000070:	481b491a 	.word	0x481b491a
10000074:	21016001 	.word	0x21016001
10000078:	21eb6099 	.word	0x21eb6099
1000007c:	21a06619 	.word	0x21a06619
10000080:	f0006619 	.word	0xf0006619
10000084:	2100f812 	.word	0x2100f812
10000088:	49166099 	.word	0x49166099
1000008c:	60014814 	.word	0x60014814
10000090:	60992101 	.word	0x60992101
10000094:	2800bc01 	.word	0x2800bc01
10000098:	4700d000 	.word	0x4700d000
1000009c:	49134812 	.word	0x49134812
100000a0:	c8036008 	.word	0xc8036008
100000a4:	8808f380 	.word	0x8808f380
100000a8:	b5034708 	.word	0xb5034708
100000ac:	20046a99 	.word	0x20046a99
100000b0:	d0fb4201 	.word	0xd0fb4201
100000b4:	42012001 	.word	0x42012001
100000b8:	bd03d1f8 	.word	0xbd03d1f8
100000bc:	6618b502 	.word	0x6618b502
100000c0:	f7ff6618 	.word	0xf7ff6618
100000c4:	6e18fff2 	.word	0x6e18fff2
100000c8:	bd026e18 	.word	0xbd026e18
100000cc:	40020000 	.word	0x40020000
100000d0:	18000000 	.word	0x18000000
100000d4:	00070000 	.word	0x00070000
100000d8:	005f0300 	.word	0x005f0300
100000dc:	00002221 	.word	0x00002221
100000e0:	180000f4 	.word	0x180000f4
100000e4:	a0002022 	.word	0xa0002022
100000e8:	10000100 	.word	0x10000100
100000ec:	e000ed08 	.word	0xe000ed08
	...
100000fc:	7a4eb274 	.word	0x7a4eb274

Disassembly of section .text:

10000100 <__VECTOR_TABLE>:
10000100:	20042000 	.word	0x20042000
10000104:	100001f7 	.word	0x100001f7
10000108:	100001c3 	.word	0x100001c3
1000010c:	100001c5 	.word	0x100001c5
10000110:	100001c1 	.word	0x100001c1
10000114:	100001c1 	.word	0x100001c1
10000118:	100001c1 	.word	0x100001c1
1000011c:	100001c1 	.word	0x100001c1
10000120:	100001c1 	.word	0x100001c1
10000124:	100001c1 	.word	0x100001c1
10000128:	100001c1 	.word	0x100001c1
1000012c:	100001c7 	.word	0x100001c7
10000130:	100001c1 	.word	0x100001c1
10000134:	100001c1 	.word	0x100001c1
10000138:	100001c9 	.word	0x100001c9
1000013c:	100001cb 	.word	0x100001cb
10000140:	100001cd 	.word	0x100001cd
10000144:	100001cd 	.word	0x100001cd
10000148:	100001cd 	.word	0x100001cd
1000014c:	100001cd 	.word	0x100001cd
10000150:	100001cd 	.word	0x100001cd
10000154:	100001cd 	.word	0x100001cd
10000158:	100001cd 	.word	0x100001cd
1000015c:	100001cd 	.word	0x100001cd
10000160:	100001cd 	.word	0x100001cd
10000164:	100001cd 	.word	0x100001cd
10000168:	100001cd 	.word	0x100001cd
1000016c:	100001cd 	.word	0x100001cd
10000170:	100001cd 	.word	0x100001cd
10000174:	100001cd 	.word	0x100001cd
10000178:	100001cd 	.word	0x100001cd
1000017c:	100001cd 	.word	0x100001cd
10000180:	100001cd 	.word	0x100001cd
10000184:	100001cd 	.word	0x100001cd
10000188:	100001cd 	.word	0x100001cd
1000018c:	100001cd 	.word	0x100001cd
10000190:	100001cd 	.word	0x100001cd
10000194:	100001cd 	.word	0x100001cd
10000198:	100001cd 	.word	0x100001cd
1000019c:	100001cd 	.word	0x100001cd
100001a0:	100001cd 	.word	0x100001cd
100001a4:	100001cd 	.word	0x100001cd
100001a8:	100001cd 	.word	0x100001cd
100001ac:	100001cd 	.word	0x100001cd
100001b0:	100001cd 	.word	0x100001cd
100001b4:	100001cd 	.word	0x100001cd
100001b8:	100001cd 	.word	0x100001cd
100001bc:	100001cd 	.word	0x100001cd

100001c0 <isr_invalid>:
100001c0:	be00      	bkpt	0x0000

100001c2 <isr_nmi>:
100001c2:	be00      	bkpt	0x0000

100001c4 <isr_hardfault>:
100001c4:	be00      	bkpt	0x0000

100001c6 <isr_svcall>:
100001c6:	be00      	bkpt	0x0000

100001c8 <isr_pendsv>:
100001c8:	be00      	bkpt	0x0000

100001ca <isr_systick>:
100001ca:	be00      	bkpt	0x0000

100001cc <__unhandled_user_irq>:
100001cc:	f3ef 8005 	mrs	r0, IPSR
100001d0:	3810      	subs	r0, #16

100001d2 <unhandled_user_irq_num_in_r0>:
100001d2:	be00      	bkpt	0x0000

100001d4 <binary_info_header>:
100001d4:	7188ebf2 	.word	0x7188ebf2
100001d8:	10008160 	.word	0x10008160
100001dc:	1000818c 	.word	0x1000818c
100001e0:	10000238 	.word	0x10000238
100001e4:	e71aa390 	.word	0xe71aa390

100001e8 <_entry_point>:
100001e8:	481e      	ldr	r0, [pc, #120]	; (10000264 <data_cpy_table+0x2c>)

100001ea <_enter_vtable_in_r0>:
100001ea:	491f      	ldr	r1, [pc, #124]	; (10000268 <data_cpy_table+0x30>)
100001ec:	6008      	str	r0, [r1, #0]
100001ee:	c806      	ldmia	r0!, {r1, r2}
100001f0:	f381 8808 	msr	MSP, r1
100001f4:	4710      	bx	r2

100001f6 <_reset_handler>:
100001f6:	481d      	ldr	r0, [pc, #116]	; (1000026c <data_cpy_table+0x34>)
100001f8:	6800      	ldr	r0, [r0, #0]
100001fa:	2800      	cmp	r0, #0
100001fc:	d001      	beq.n	10000202 <hold_non_core0_in_bootrom+0x4>

100001fe <hold_non_core0_in_bootrom>:
100001fe:	4819      	ldr	r0, [pc, #100]	; (10000264 <data_cpy_table+0x2c>)
10000200:	e7f3      	b.n	100001ea <_enter_vtable_in_r0>
10000202:	a40d      	add	r4, pc, #52	; (adr r4, 10000238 <data_cpy_table>)
10000204:	cc0e      	ldmia	r4!, {r1, r2, r3}
10000206:	2900      	cmp	r1, #0
10000208:	d002      	beq.n	10000210 <hold_non_core0_in_bootrom+0x12>
1000020a:	f000 f812 	bl	10000232 <data_cpy>
1000020e:	e7f9      	b.n	10000204 <hold_non_core0_in_bootrom+0x6>
10000210:	4917      	ldr	r1, [pc, #92]	; (10000270 <data_cpy_table+0x38>)
10000212:	4a18      	ldr	r2, [pc, #96]	; (10000274 <data_cpy_table+0x3c>)
10000214:	2000      	movs	r0, #0
10000216:	e000      	b.n	1000021a <bss_fill_test>

10000218 <bss_fill_loop>:
10000218:	c101      	stmia	r1!, {r0}

1000021a <bss_fill_test>:
1000021a:	4291      	cmp	r1, r2
1000021c:	d1fc      	bne.n	10000218 <bss_fill_loop>

1000021e <platform_entry>:
1000021e:	4916      	ldr	r1, [pc, #88]	; (10000278 <data_cpy_table+0x40>)
10000220:	4788      	blx	r1
10000222:	4916      	ldr	r1, [pc, #88]	; (1000027c <data_cpy_table+0x44>)
10000224:	4788      	blx	r1
10000226:	4916      	ldr	r1, [pc, #88]	; (10000280 <data_cpy_table+0x48>)
10000228:	4788      	blx	r1
1000022a:	be00      	bkpt	0x0000
1000022c:	e7fd      	b.n	1000022a <platform_entry+0xc>

1000022e <data_cpy_loop>:
1000022e:	c901      	ldmia	r1!, {r0}
10000230:	c201      	stmia	r2!, {r0}

10000232 <data_cpy>:
10000232:	429a      	cmp	r2, r3
10000234:	d3fb      	bcc.n	1000022e <data_cpy_loop>
10000236:	4770      	bx	lr

10000238 <data_cpy_table>:
10000238:	1000818c 	.word	0x1000818c
1000023c:	200000c0 	.word	0x200000c0
10000240:	20000cd8 	.word	0x20000cd8
10000244:	10008da4 	.word	0x10008da4
10000248:	20040000 	.word	0x20040000
1000024c:	20040000 	.word	0x20040000
10000250:	10008da4 	.word	0x10008da4
10000254:	20041000 	.word	0x20041000
10000258:	20041000 	.word	0x20041000
1000025c:	00000000 	.word	0x00000000
10000260:	4770      	bx	lr
10000262:	0000      	.short	0x0000
10000264:	00000000 	.word	0x00000000
10000268:	e000ed08 	.word	0xe000ed08
1000026c:	d0000000 	.word	0xd0000000
10000270:	20000cd8 	.word	0x20000cd8
10000274:	20001d70 	.word	0x20001d70
10000278:	10003ac1 	.word	0x10003ac1
1000027c:	10000321 	.word	0x10000321
10000280:	10003a7d 	.word	0x10003a7d

10000284 <_init>:
10000284:	b5f8      	push	{r3, r4, r5, r6, r7, lr}
10000286:	46c0      	nop			; (mov r8, r8)

10000288 <deregister_tm_clones>:
10000288:	4804      	ldr	r0, [pc, #16]	; (1000029c <deregister_tm_clones+0x14>)
1000028a:	4b05      	ldr	r3, [pc, #20]	; (100002a0 <deregister_tm_clones+0x18>)
1000028c:	b510      	push	{r4, lr}
1000028e:	4283      	cmp	r3, r0
10000290:	d003      	beq.n	1000029a <deregister_tm_clones+0x12>
10000292:	4b04      	ldr	r3, [pc, #16]	; (100002a4 <deregister_tm_clones+0x1c>)
10000294:	2b00      	cmp	r3, #0
10000296:	d000      	beq.n	1000029a <deregister_tm_clones+0x12>
10000298:	4798      	blx	r3
1000029a:	bd10      	pop	{r4, pc}
1000029c:	20000cd8 	.word	0x20000cd8
100002a0:	20000cd8 	.word	0x20000cd8
100002a4:	00000000 	.word	0x00000000

100002a8 <register_tm_clones>:
100002a8:	4806      	ldr	r0, [pc, #24]	; (100002c4 <register_tm_clones+0x1c>)
100002aa:	4907      	ldr	r1, [pc, #28]	; (100002c8 <register_tm_clones+0x20>)
100002ac:	1a09      	subs	r1, r1, r0
100002ae:	108b      	asrs	r3, r1, #2
100002b0:	0fc9      	lsrs	r1, r1, #31
100002b2:	18c9      	adds	r1, r1, r3
100002b4:	b510      	push	{r4, lr}
100002b6:	1049      	asrs	r1, r1, #1
100002b8:	d003      	beq.n	100002c2 <register_tm_clones+0x1a>
100002ba:	4b04      	ldr	r3, [pc, #16]	; (100002cc <register_tm_clones+0x24>)
100002bc:	2b00      	cmp	r3, #0
100002be:	d000      	beq.n	100002c2 <register_tm_clones+0x1a>
100002c0:	4798      	blx	r3
100002c2:	bd10      	pop	{r4, pc}
100002c4:	20000cd8 	.word	0x20000cd8
100002c8:	20000cd8 	.word	0x20000cd8
100002cc:	00000000 	.word	0x00000000

100002d0 <__do_global_dtors_aux>:
100002d0:	b510      	push	{r4, lr}
100002d2:	4c07      	ldr	r4, [pc, #28]	; (100002f0 <__do_global_dtors_aux+0x20>)
100002d4:	7823      	ldrb	r3, [r4, #0]
100002d6:	2b00      	cmp	r3, #0
100002d8:	d109      	bne.n	100002ee <__do_global_dtors_aux+0x1e>
100002da:	f7ff ffd5 	bl	10000288 <deregister_tm_clones>
100002de:	4b05      	ldr	r3, [pc, #20]	; (100002f4 <__do_global_dtors_aux+0x24>)
100002e0:	2b00      	cmp	r3, #0
100002e2:	d002      	beq.n	100002ea <__do_global_dtors_aux+0x1a>
100002e4:	4804      	ldr	r0, [pc, #16]	; (100002f8 <__do_global_dtors_aux+0x28>)
100002e6:	e000      	b.n	100002ea <__do_global_dtors_aux+0x1a>
100002e8:	bf00      	nop
100002ea:	2301      	movs	r3, #1
100002ec:	7023      	strb	r3, [r4, #0]
100002ee:	bd10      	pop	{r4, pc}
100002f0:	20000e60 	.word	0x20000e60
100002f4:	00000000 	.word	0x00000000
100002f8:	10006bfc 	.word	0x10006bfc

100002fc <frame_dummy>:
100002fc:	4b05      	ldr	r3, [pc, #20]	; (10000314 <frame_dummy+0x18>)
100002fe:	b510      	push	{r4, lr}
10000300:	2b00      	cmp	r3, #0
10000302:	d003      	beq.n	1000030c <frame_dummy+0x10>
10000304:	4904      	ldr	r1, [pc, #16]	; (10000318 <frame_dummy+0x1c>)
10000306:	4805      	ldr	r0, [pc, #20]	; (1000031c <frame_dummy+0x20>)
10000308:	e000      	b.n	1000030c <frame_dummy+0x10>
1000030a:	bf00      	nop
1000030c:	f7ff ffcc 	bl	100002a8 <register_tm_clones>
10000310:	bd10      	pop	{r4, pc}
10000312:	46c0      	nop			; (mov r8, r8)
10000314:	00000000 	.word	0x00000000
10000318:	20000e64 	.word	0x20000e64
1000031c:	10006bfc 	.word	0x10006bfc

10000320 <main>:
10000320:	b510      	push	{r4, lr}
10000322:	f003 fceb 	bl	10003cfc <stdio_init_all>
10000326:	2001      	movs	r0, #1
10000328:	f006 fb9e 	bl	10006a68 <dma_claim_unused_channel>
1000032c:	4b1d      	ldr	r3, [pc, #116]	; (100003a4 <main+0x84>)
1000032e:	280c      	cmp	r0, #12
10000330:	d831      	bhi.n	10000396 <main+0x76>
10000332:	4a1d      	ldr	r2, [pc, #116]	; (100003a8 <main+0x88>)
10000334:	4013      	ands	r3, r2
10000336:	02c2      	lsls	r2, r0, #11
10000338:	4313      	orrs	r3, r2
1000033a:	220c      	movs	r2, #12
1000033c:	4393      	bics	r3, r2
1000033e:	2108      	movs	r1, #8
10000340:	430b      	orrs	r3, r1
10000342:	491a      	ldr	r1, [pc, #104]	; (100003ac <main+0x8c>)
10000344:	400b      	ands	r3, r1
10000346:	491a      	ldr	r1, [pc, #104]	; (100003b0 <main+0x90>)
10000348:	400b      	ands	r3, r1
1000034a:	491a      	ldr	r1, [pc, #104]	; (100003b4 <main+0x94>)
1000034c:	400b      	ands	r3, r1
1000034e:	2101      	movs	r1, #1
10000350:	430b      	orrs	r3, r1
10000352:	4919      	ldr	r1, [pc, #100]	; (100003b8 <main+0x98>)
10000354:	400b      	ands	r3, r1
10000356:	2102      	movs	r1, #2
10000358:	438b      	bics	r3, r1
1000035a:	4393      	bics	r3, r2
1000035c:	3204      	adds	r2, #4
1000035e:	4313      	orrs	r3, r2
10000360:	3210      	adds	r2, #16
10000362:	4313      	orrs	r3, r2
10000364:	0182      	lsls	r2, r0, #6
10000366:	21a0      	movs	r1, #160	; 0xa0
10000368:	05c9      	lsls	r1, r1, #23
1000036a:	468c      	mov	ip, r1
1000036c:	4462      	add	r2, ip
1000036e:	4913      	ldr	r1, [pc, #76]	; (100003bc <main+0x9c>)
10000370:	6011      	str	r1, [r2, #0]
10000372:	4913      	ldr	r1, [pc, #76]	; (100003c0 <main+0xa0>)
10000374:	6051      	str	r1, [r2, #4]
10000376:	2119      	movs	r1, #25
10000378:	6091      	str	r1, [r2, #8]
1000037a:	60d3      	str	r3, [r2, #12]
1000037c:	0183      	lsls	r3, r0, #6
1000037e:	22a0      	movs	r2, #160	; 0xa0
10000380:	05d2      	lsls	r2, r2, #23
10000382:	4694      	mov	ip, r2
10000384:	4463      	add	r3, ip
10000386:	691b      	ldr	r3, [r3, #16]
10000388:	01db      	lsls	r3, r3, #7
1000038a:	d4f7      	bmi.n	1000037c <main+0x5c>
1000038c:	480c      	ldr	r0, [pc, #48]	; (100003c0 <main+0xa0>)
1000038e:	f003 fcbc 	bl	10003d0a <__wrap_puts>
10000392:	2000      	movs	r0, #0
10000394:	bd10      	pop	{r4, pc}
10000396:	4b0b      	ldr	r3, [pc, #44]	; (100003c4 <main+0xa4>)
10000398:	4a0b      	ldr	r2, [pc, #44]	; (100003c8 <main+0xa8>)
1000039a:	21cd      	movs	r1, #205	; 0xcd
1000039c:	480b      	ldr	r0, [pc, #44]	; (100003cc <main+0xac>)
1000039e:	f003 fb71 	bl	10003a84 <__assert_func>
100003a2:	46c0      	nop			; (mov r8, r8)
100003a4:	001f8010 	.word	0x001f8010
100003a8:	ffff87ff 	.word	0xffff87ff
100003ac:	fffff83f 	.word	0xfffff83f
100003b0:	ffbfffff 	.word	0xffbfffff
100003b4:	ffdfffff 	.word	0xffdfffff
100003b8:	ff7fffff 	.word	0xff7fffff
100003bc:	10006c9c 	.word	0x10006c9c
100003c0:	200016ec 	.word	0x200016ec
100003c4:	10006c00 	.word	0x10006c00
100003c8:	10006c80 	.word	0x10006c80
100003cc:	10006c20 	.word	0x10006c20

100003d0 <gpio_set_function>:
100003d0:	b510      	push	{r4, lr}
100003d2:	0083      	lsls	r3, r0, #2
100003d4:	4a08      	ldr	r2, [pc, #32]	; (100003f8 <gpio_set_function+0x28>)
100003d6:	189a      	adds	r2, r3, r2
100003d8:	6812      	ldr	r2, [r2, #0]
100003da:	2440      	movs	r4, #64	; 0x40
100003dc:	4054      	eors	r4, r2
100003de:	22c0      	movs	r2, #192	; 0xc0
100003e0:	4022      	ands	r2, r4
100003e2:	4c06      	ldr	r4, [pc, #24]	; (100003fc <gpio_set_function+0x2c>)
100003e4:	46a4      	mov	ip, r4
100003e6:	4463      	add	r3, ip
100003e8:	601a      	str	r2, [r3, #0]
100003ea:	00c0      	lsls	r0, r0, #3
100003ec:	4b04      	ldr	r3, [pc, #16]	; (10000400 <gpio_set_function+0x30>)
100003ee:	469c      	mov	ip, r3
100003f0:	4460      	add	r0, ip
100003f2:	6041      	str	r1, [r0, #4]
100003f4:	bd10      	pop	{r4, pc}
100003f6:	46c0      	nop			; (mov r8, r8)
100003f8:	4001c004 	.word	0x4001c004
100003fc:	4001d004 	.word	0x4001d004
10000400:	40014000 	.word	0x40014000

10000404 <rp2040_chip_version>:
10000404:	b510      	push	{r4, lr}
10000406:	2380      	movs	r3, #128	; 0x80
10000408:	05db      	lsls	r3, r3, #23
1000040a:	6818      	ldr	r0, [r3, #0]
1000040c:	0502      	lsls	r2, r0, #20
1000040e:	0d12      	lsrs	r2, r2, #20
10000410:	0b03      	lsrs	r3, r0, #12
10000412:	041b      	lsls	r3, r3, #16
10000414:	0c1b      	lsrs	r3, r3, #16
10000416:	4909      	ldr	r1, [pc, #36]	; (1000043c <rp2040_chip_version+0x38>)
10000418:	428a      	cmp	r2, r1
1000041a:	d103      	bne.n	10000424 <rp2040_chip_version+0x20>
1000041c:	2b02      	cmp	r3, #2
1000041e:	d107      	bne.n	10000430 <rp2040_chip_version+0x2c>
10000420:	0f00      	lsrs	r0, r0, #28
10000422:	bd10      	pop	{r4, pc}
10000424:	4b06      	ldr	r3, [pc, #24]	; (10000440 <rp2040_chip_version+0x3c>)
10000426:	4a07      	ldr	r2, [pc, #28]	; (10000444 <rp2040_chip_version+0x40>)
10000428:	2122      	movs	r1, #34	; 0x22
1000042a:	4807      	ldr	r0, [pc, #28]	; (10000448 <rp2040_chip_version+0x44>)
1000042c:	f003 fb2a 	bl	10003a84 <__assert_func>
10000430:	4b06      	ldr	r3, [pc, #24]	; (1000044c <rp2040_chip_version+0x48>)
10000432:	4a04      	ldr	r2, [pc, #16]	; (10000444 <rp2040_chip_version+0x40>)
10000434:	2123      	movs	r1, #35	; 0x23
10000436:	4804      	ldr	r0, [pc, #16]	; (10000448 <rp2040_chip_version+0x44>)
10000438:	f003 fb24 	bl	10003a84 <__assert_func>
1000043c:	00000927 	.word	0x00000927
10000440:	10006cb8 	.word	0x10006cb8
10000444:	10006d40 	.word	0x10006d40
10000448:	10006cdc 	.word	0x10006cdc
1000044c:	10006d2c 	.word	0x10006d2c

10000450 <panic>:
10000450:	b40f      	push	{r0, r1, r2, r3}
10000452:	b500      	push	{lr}
10000454:	b083      	sub	sp, #12
10000456:	4808      	ldr	r0, [pc, #32]	; (10000478 <panic+0x28>)
10000458:	f003 fc57 	bl	10003d0a <__wrap_puts>
1000045c:	9b04      	ldr	r3, [sp, #16]
1000045e:	2b00      	cmp	r3, #0
10000460:	d007      	beq.n	10000472 <panic+0x22>
10000462:	a905      	add	r1, sp, #20
10000464:	9101      	str	r1, [sp, #4]
10000466:	0018      	movs	r0, r3
10000468:	f003 fc5e 	bl	10003d28 <__wrap_vprintf>
1000046c:	4803      	ldr	r0, [pc, #12]	; (1000047c <panic+0x2c>)
1000046e:	f003 fc4c 	bl	10003d0a <__wrap_puts>
10000472:	2001      	movs	r0, #1
10000474:	f003 fb00 	bl	10003a78 <_exit>
10000478:	10006d54 	.word	0x10006d54
1000047c:	10006d64 	.word	0x10006d64

10000480 <hw_claim_lock>:
10000480:	f3ef 8010 	mrs	r0, PRIMASK
10000484:	b672      	cpsid	i
10000486:	4b03      	ldr	r3, [pc, #12]	; (10000494 <hw_claim_lock+0x14>)
10000488:	681b      	ldr	r3, [r3, #0]
1000048a:	2b00      	cmp	r3, #0
1000048c:	d0fb      	beq.n	10000486 <hw_claim_lock+0x6>
1000048e:	f3bf 8f5f 	dmb	sy
10000492:	4770      	bx	lr
10000494:	d000012c 	.word	0xd000012c

10000498 <hw_claim_unlock>:
10000498:	f3bf 8f5f 	dmb	sy
1000049c:	4b02      	ldr	r3, [pc, #8]	; (100004a8 <hw_claim_unlock+0x10>)
1000049e:	2200      	movs	r2, #0
100004a0:	601a      	str	r2, [r3, #0]
100004a2:	f380 8810 	msr	PRIMASK, r0
100004a6:	4770      	bx	lr
100004a8:	d000012c 	.word	0xd000012c

100004ac <hw_claim_or_assert>:
100004ac:	b5f8      	push	{r3, r4, r5, r6, r7, lr}
100004ae:	0006      	movs	r6, r0
100004b0:	000c      	movs	r4, r1
100004b2:	0015      	movs	r5, r2
100004b4:	f7ff ffe4 	bl	10000480 <hw_claim_lock>
100004b8:	08e3      	lsrs	r3, r4, #3
100004ba:	18f7      	adds	r7, r6, r3
100004bc:	5cf1      	ldrb	r1, [r6, r3]
100004be:	2207      	movs	r2, #7
100004c0:	4022      	ands	r2, r4
100004c2:	2301      	movs	r3, #1
100004c4:	4093      	lsls	r3, r2
100004c6:	420b      	tst	r3, r1
100004c8:	d105      	bne.n	100004d6 <hw_claim_or_assert+0x2a>
100004ca:	b2db      	uxtb	r3, r3
100004cc:	430b      	orrs	r3, r1
100004ce:	703b      	strb	r3, [r7, #0]
100004d0:	f7ff ffe2 	bl	10000498 <hw_claim_unlock>
100004d4:	bdf8      	pop	{r3, r4, r5, r6, r7, pc}
100004d6:	0021      	movs	r1, r4
100004d8:	0028      	movs	r0, r5
100004da:	f7ff ffb9 	bl	10000450 <panic>

100004de <hw_claim_unused_from_range>:
100004de:	b5f0      	push	{r4, r5, r6, r7, lr}
100004e0:	b083      	sub	sp, #12
100004e2:	0006      	movs	r6, r0
100004e4:	9101      	str	r1, [sp, #4]
100004e6:	0014      	movs	r4, r2
100004e8:	001f      	movs	r7, r3
100004ea:	f7ff ffc9 	bl	10000480 <hw_claim_lock>
100004ee:	e000      	b.n	100004f2 <hw_claim_unused_from_range+0x14>
100004f0:	3401      	adds	r4, #1
100004f2:	42bc      	cmp	r4, r7
100004f4:	d80c      	bhi.n	10000510 <hw_claim_unused_from_range+0x32>
100004f6:	08e3      	lsrs	r3, r4, #3
100004f8:	18f5      	adds	r5, r6, r3
100004fa:	5cf3      	ldrb	r3, [r6, r3]
100004fc:	2107      	movs	r1, #7
100004fe:	4021      	ands	r1, r4
10000500:	2201      	movs	r2, #1
10000502:	408a      	lsls	r2, r1
10000504:	421a      	tst	r2, r3
10000506:	d1f3      	bne.n	100004f0 <hw_claim_unused_from_range+0x12>
10000508:	b2d2      	uxtb	r2, r2
1000050a:	431a      	orrs	r2, r3
1000050c:	702a      	strb	r2, [r5, #0]
1000050e:	e001      	b.n	10000514 <hw_claim_unused_from_range+0x36>
10000510:	2401      	movs	r4, #1
10000512:	4264      	negs	r4, r4
10000514:	f7ff ffc0 	bl	10000498 <hw_claim_unlock>
10000518:	2c00      	cmp	r4, #0
1000051a:	db02      	blt.n	10000522 <hw_claim_unused_from_range+0x44>
1000051c:	0020      	movs	r0, r4
1000051e:	b003      	add	sp, #12
10000520:	bdf0      	pop	{r4, r5, r6, r7, pc}
10000522:	9b01      	ldr	r3, [sp, #4]
10000524:	2b00      	cmp	r3, #0
10000526:	d0f9      	beq.n	1000051c <hw_claim_unused_from_range+0x3e>
10000528:	9808      	ldr	r0, [sp, #32]
1000052a:	f7ff ff91 	bl	10000450 <panic>
	...

10000530 <next_striped_spin_lock_num>:
10000530:	4a05      	ldr	r2, [pc, #20]	; (10000548 <next_striped_spin_lock_num+0x18>)
10000532:	7810      	ldrb	r0, [r2, #0]
10000534:	1c43      	adds	r3, r0, #1
10000536:	b2db      	uxtb	r3, r3
10000538:	7013      	strb	r3, [r2, #0]
1000053a:	2b17      	cmp	r3, #23
1000053c:	d902      	bls.n	10000544 <next_striped_spin_lock_num+0x14>
1000053e:	0013      	movs	r3, r2
10000540:	2210      	movs	r2, #16
10000542:	701a      	strb	r2, [r3, #0]
10000544:	4770      	bx	lr
10000546:	46c0      	nop			; (mov r8, r8)
10000548:	20000bf8 	.word	0x20000bf8

1000054c <spin_lock_claim_unused>:
1000054c:	b500      	push	{lr}
1000054e:	b083      	sub	sp, #12
10000550:	0001      	movs	r1, r0
10000552:	4b04      	ldr	r3, [pc, #16]	; (10000564 <spin_lock_claim_unused+0x18>)
10000554:	9300      	str	r3, [sp, #0]
10000556:	231f      	movs	r3, #31
10000558:	2218      	movs	r2, #24
1000055a:	4803      	ldr	r0, [pc, #12]	; (10000568 <spin_lock_claim_unused+0x1c>)
1000055c:	f7ff ffbf 	bl	100004de <hw_claim_unused_from_range>
10000560:	b003      	add	sp, #12
10000562:	bd00      	pop	{pc}
10000564:	10006d68 	.word	0x10006d68
10000568:	20001690 	.word	0x20001690

1000056c <spin_locks_reset>:
1000056c:	2300      	movs	r3, #0
1000056e:	e007      	b.n	10000580 <spin_locks_reset+0x14>
10000570:	4a05      	ldr	r2, [pc, #20]	; (10000588 <spin_locks_reset+0x1c>)
10000572:	189a      	adds	r2, r3, r2
10000574:	0092      	lsls	r2, r2, #2
10000576:	f3bf 8f5f 	dmb	sy
1000057a:	2100      	movs	r1, #0
1000057c:	6011      	str	r1, [r2, #0]
1000057e:	3301      	adds	r3, #1
10000580:	2b1f      	cmp	r3, #31
10000582:	d9f5      	bls.n	10000570 <spin_locks_reset+0x4>
10000584:	4770      	bx	lr
10000586:	46c0      	nop			; (mov r8, r8)
10000588:	34000040 	.word	0x34000040

1000058c <set_raw_irq_handler_and_unlock>:
1000058c:	4b07      	ldr	r3, [pc, #28]	; (100005ac <set_raw_irq_handler_and_unlock+0x20>)
1000058e:	689b      	ldr	r3, [r3, #8]
10000590:	3010      	adds	r0, #16
10000592:	0080      	lsls	r0, r0, #2
10000594:	5019      	str	r1, [r3, r0]
10000596:	f3bf 8f5f 	dmb	sy
1000059a:	f3bf 8f5f 	dmb	sy
1000059e:	4b04      	ldr	r3, [pc, #16]	; (100005b0 <set_raw_irq_handler_and_unlock+0x24>)
100005a0:	2100      	movs	r1, #0
100005a2:	6019      	str	r1, [r3, #0]
100005a4:	f382 8810 	msr	PRIMASK, r2
100005a8:	4770      	bx	lr
100005aa:	46c0      	nop			; (mov r8, r8)
100005ac:	e000ed00 	.word	0xe000ed00
100005b0:	d0000124 	.word	0xd0000124

100005b4 <nvic_ipr0>:
100005b4:	4800      	ldr	r0, [pc, #0]	; (100005b8 <nvic_ipr0+0x4>)
100005b6:	4770      	bx	lr
100005b8:	e000e400 	.word	0xe000e400

100005bc <runtime_init_per_core_irq_priorities>:
100005bc:	b510      	push	{r4, lr}
100005be:	f7ff fff9 	bl	100005b4 <nvic_ipr0>
100005c2:	2300      	movs	r3, #0
100005c4:	e002      	b.n	100005cc <runtime_init_per_core_irq_priorities+0x10>
100005c6:	4a03      	ldr	r2, [pc, #12]	; (100005d4 <runtime_init_per_core_irq_priorities+0x18>)
100005c8:	c004      	stmia	r0!, {r2}
100005ca:	3301      	adds	r3, #1
100005cc:	2b07      	cmp	r3, #7
100005ce:	d9fa      	bls.n	100005c6 <runtime_init_per_core_irq_priorities+0xa>
100005d0:	bd10      	pop	{r4, pc}
100005d2:	46c0      	nop			; (mov r8, r8)
100005d4:	80808080 	.word	0x80808080

100005d8 <make_j_16>:
100005d8:	b510      	push	{r4, lr}
100005da:	1a09      	subs	r1, r1, r0
100005dc:	1f08      	subs	r0, r1, #4
100005de:	4b0b      	ldr	r3, [pc, #44]	; (1000060c <make_j_16+0x34>)
100005e0:	469c      	mov	ip, r3
100005e2:	4461      	add	r1, ip
100005e4:	4a0a      	ldr	r2, [pc, #40]	; (10000610 <make_j_16+0x38>)
100005e6:	4291      	cmp	r1, r2
100005e8:	d808      	bhi.n	100005fc <make_j_16+0x24>
100005ea:	07c3      	lsls	r3, r0, #31
100005ec:	d406      	bmi.n	100005fc <make_j_16+0x24>
100005ee:	1040      	asrs	r0, r0, #1
100005f0:	0540      	lsls	r0, r0, #21
100005f2:	0d40      	lsrs	r0, r0, #21
100005f4:	4b07      	ldr	r3, [pc, #28]	; (10000614 <make_j_16+0x3c>)
100005f6:	4318      	orrs	r0, r3
100005f8:	b280      	uxth	r0, r0
100005fa:	bd10      	pop	{r4, pc}
100005fc:	2102      	movs	r1, #2
100005fe:	4b06      	ldr	r3, [pc, #24]	; (10000618 <make_j_16+0x40>)
10000600:	4a06      	ldr	r2, [pc, #24]	; (1000061c <make_j_16+0x44>)
10000602:	31ff      	adds	r1, #255	; 0xff
10000604:	4806      	ldr	r0, [pc, #24]	; (10000620 <make_j_16+0x48>)
10000606:	f003 fa3d 	bl	10003a84 <__assert_func>
1000060a:	46c0      	nop			; (mov r8, r8)
1000060c:	000007fc 	.word	0x000007fc
10000610:	00000ffe 	.word	0x00000ffe
10000614:	ffffe000 	.word	0xffffe000
10000618:	10006d84 	.word	0x10006d84
1000061c:	10007008 	.word	0x10007008
10000620:	10006db4 	.word	0x10006db4

10000624 <insert_bl_32>:
10000624:	b510      	push	{r4, lr}
10000626:	1a09      	subs	r1, r1, r0
10000628:	3904      	subs	r1, #4
1000062a:	084c      	lsrs	r4, r1, #1
1000062c:	0b09      	lsrs	r1, r1, #12
1000062e:	d108      	bne.n	10000642 <insert_bl_32+0x1e>
10000630:	0549      	lsls	r1, r1, #21
10000632:	0d49      	lsrs	r1, r1, #21
10000634:	4a06      	ldr	r2, [pc, #24]	; (10000650 <insert_bl_32+0x2c>)
10000636:	4311      	orrs	r1, r2
10000638:	8001      	strh	r1, [r0, #0]
1000063a:	4b06      	ldr	r3, [pc, #24]	; (10000654 <insert_bl_32+0x30>)
1000063c:	4323      	orrs	r3, r4
1000063e:	8043      	strh	r3, [r0, #2]
10000640:	bd10      	pop	{r4, pc}
10000642:	210a      	movs	r1, #10
10000644:	4b04      	ldr	r3, [pc, #16]	; (10000658 <insert_bl_32+0x34>)
10000646:	4a05      	ldr	r2, [pc, #20]	; (1000065c <insert_bl_32+0x38>)
10000648:	31ff      	adds	r1, #255	; 0xff
1000064a:	4805      	ldr	r0, [pc, #20]	; (10000660 <insert_bl_32+0x3c>)
1000064c:	f003 fa1a 	bl	10003a84 <__assert_func>
10000650:	fffff000 	.word	0xfffff000
10000654:	fffff800 	.word	0xfffff800
10000658:	10006e00 	.word	0x10006e00
1000065c:	10006fe4 	.word	0x10006fe4
10000660:	10006db4 	.word	0x10006db4

10000664 <irq_is_enabled>:
10000664:	2301      	movs	r3, #1
10000666:	4083      	lsls	r3, r0
10000668:	4a03      	ldr	r2, [pc, #12]	; (10000678 <irq_is_enabled+0x14>)
1000066a:	6810      	ldr	r0, [r2, #0]
1000066c:	4018      	ands	r0, r3
1000066e:	1e43      	subs	r3, r0, #1
10000670:	4198      	sbcs	r0, r3
10000672:	b2c0      	uxtb	r0, r0
10000674:	4770      	bx	lr
10000676:	46c0      	nop			; (mov r8, r8)
10000678:	e000e100 	.word	0xe000e100

1000067c <irq_set_mask_n_enabled>:
1000067c:	2a00      	cmp	r2, #0
1000067e:	d005      	beq.n	1000068c <irq_set_mask_n_enabled+0x10>
10000680:	4b04      	ldr	r3, [pc, #16]	; (10000694 <irq_set_mask_n_enabled+0x18>)
10000682:	22c0      	movs	r2, #192	; 0xc0
10000684:	0052      	lsls	r2, r2, #1
10000686:	5099      	str	r1, [r3, r2]
10000688:	6019      	str	r1, [r3, #0]
1000068a:	4770      	bx	lr
1000068c:	4a01      	ldr	r2, [pc, #4]	; (10000694 <irq_set_mask_n_enabled+0x18>)
1000068e:	2380      	movs	r3, #128	; 0x80
10000690:	50d1      	str	r1, [r2, r3]
10000692:	e7fa      	b.n	1000068a <irq_set_mask_n_enabled+0xe>
10000694:	e000e100 	.word	0xe000e100

10000698 <irq_set_enabled>:
10000698:	b510      	push	{r4, lr}
1000069a:	000a      	movs	r2, r1
1000069c:	231f      	movs	r3, #31
1000069e:	4003      	ands	r3, r0
100006a0:	2101      	movs	r1, #1
100006a2:	4099      	lsls	r1, r3
100006a4:	0940      	lsrs	r0, r0, #5
100006a6:	f7ff ffe9 	bl	1000067c <irq_set_mask_n_enabled>
100006aa:	bd10      	pop	{r4, pc}

100006ac <irq_set_pending>:
100006ac:	2301      	movs	r3, #1
100006ae:	4083      	lsls	r3, r0
100006b0:	4a01      	ldr	r2, [pc, #4]	; (100006b8 <irq_set_pending+0xc>)
100006b2:	6013      	str	r3, [r2, #0]
100006b4:	4770      	bx	lr
100006b6:	46c0      	nop			; (mov r8, r8)
100006b8:	e000e200 	.word	0xe000e200

100006bc <irq_get_vtable_handler>:
100006bc:	4b02      	ldr	r3, [pc, #8]	; (100006c8 <irq_get_vtable_handler+0xc>)
100006be:	689b      	ldr	r3, [r3, #8]
100006c0:	3010      	adds	r0, #16
100006c2:	0080      	lsls	r0, r0, #2
100006c4:	58c0      	ldr	r0, [r0, r3]
100006c6:	4770      	bx	lr
100006c8:	e000ed00 	.word	0xe000ed00

100006cc <irq_has_shared_handler>:
100006cc:	b510      	push	{r4, lr}
100006ce:	f7ff fff5 	bl	100006bc <irq_get_vtable_handler>
100006d2:	2800      	cmp	r0, #0
100006d4:	d005      	beq.n	100006e2 <irq_has_shared_handler+0x16>
100006d6:	4b05      	ldr	r3, [pc, #20]	; (100006ec <irq_has_shared_handler+0x20>)
100006d8:	1ac0      	subs	r0, r0, r3
100006da:	282f      	cmp	r0, #47	; 0x2f
100006dc:	d803      	bhi.n	100006e6 <irq_has_shared_handler+0x1a>
100006de:	2001      	movs	r0, #1
100006e0:	bd10      	pop	{r4, pc}
100006e2:	2000      	movs	r0, #0
100006e4:	e7fc      	b.n	100006e0 <irq_has_shared_handler+0x14>
100006e6:	2000      	movs	r0, #0
100006e8:	e7fa      	b.n	100006e0 <irq_has_shared_handler+0x14>
100006ea:	46c0      	nop			; (mov r8, r8)
100006ec:	20000bfc 	.word	0x20000bfc

100006f0 <irq_set_exclusive_handler>:
100006f0:	b570      	push	{r4, r5, r6, lr}
100006f2:	0004      	movs	r4, r0
100006f4:	000d      	movs	r5, r1
100006f6:	f3ef 8610 	mrs	r6, PRIMASK
100006fa:	b672      	cpsid	i
100006fc:	4b0c      	ldr	r3, [pc, #48]	; (10000730 <irq_set_exclusive_handler+0x40>)
100006fe:	681b      	ldr	r3, [r3, #0]
10000700:	2b00      	cmp	r3, #0
10000702:	d0fb      	beq.n	100006fc <irq_set_exclusive_handler+0xc>
10000704:	f3bf 8f5f 	dmb	sy
10000708:	0020      	movs	r0, r4
1000070a:	f7ff ffd7 	bl	100006bc <irq_get_vtable_handler>
1000070e:	4b09      	ldr	r3, [pc, #36]	; (10000734 <irq_set_exclusive_handler+0x44>)
10000710:	4298      	cmp	r0, r3
10000712:	d001      	beq.n	10000718 <irq_set_exclusive_handler+0x28>
10000714:	42a8      	cmp	r0, r5
10000716:	d105      	bne.n	10000724 <irq_set_exclusive_handler+0x34>
10000718:	0032      	movs	r2, r6
1000071a:	0029      	movs	r1, r5
1000071c:	0020      	movs	r0, r4
1000071e:	f7ff ff35 	bl	1000058c <set_raw_irq_handler_and_unlock>
10000722:	bd70      	pop	{r4, r5, r6, pc}
10000724:	4b04      	ldr	r3, [pc, #16]	; (10000738 <irq_set_exclusive_handler+0x48>)
10000726:	4a05      	ldr	r2, [pc, #20]	; (1000073c <irq_set_exclusive_handler+0x4c>)
10000728:	21e1      	movs	r1, #225	; 0xe1
1000072a:	4805      	ldr	r0, [pc, #20]	; (10000740 <irq_set_exclusive_handler+0x50>)
1000072c:	f003 f9aa 	bl	10003a84 <__assert_func>
10000730:	d0000124 	.word	0xd0000124
10000734:	100001cd 	.word	0x100001cd
10000738:	10006e10 	.word	0x10006e10
1000073c:	1000703c 	.word	0x1000703c
10000740:	10006db4 	.word	0x10006db4

10000744 <irq_add_shared_handler>:
10000744:	b5f0      	push	{r4, r5, r6, r7, lr}
10000746:	46de      	mov	lr, fp
10000748:	4657      	mov	r7, sl
1000074a:	464e      	mov	r6, r9
1000074c:	4645      	mov	r5, r8
1000074e:	b5e0      	push	{r5, r6, r7, lr}
10000750:	b089      	sub	sp, #36	; 0x24
10000752:	4681      	mov	r9, r0
10000754:	9101      	str	r1, [sp, #4]
10000756:	0015      	movs	r5, r2
10000758:	f3ef 8b10 	mrs	fp, PRIMASK
1000075c:	b672      	cpsid	i
1000075e:	4b75      	ldr	r3, [pc, #468]	; (10000934 <irq_add_shared_handler+0x1f0>)
10000760:	681b      	ldr	r3, [r3, #0]
10000762:	2b00      	cmp	r3, #0
10000764:	d0fb      	beq.n	1000075e <irq_add_shared_handler+0x1a>
10000766:	f3bf 8f5f 	dmb	sy
1000076a:	4b73      	ldr	r3, [pc, #460]	; (10000938 <irq_add_shared_handler+0x1f4>)
1000076c:	2700      	movs	r7, #0
1000076e:	57df      	ldrsb	r7, [r3, r7]
10000770:	2f00      	cmp	r7, #0
10000772:	db3f      	blt.n	100007f4 <irq_add_shared_handler+0xb0>
10000774:	007c      	lsls	r4, r7, #1
10000776:	19e4      	adds	r4, r4, r7
10000778:	00a4      	lsls	r4, r4, #2
1000077a:	4870      	ldr	r0, [pc, #448]	; (1000093c <irq_add_shared_handler+0x1f8>)
1000077c:	1824      	adds	r4, r4, r0
1000077e:	2206      	movs	r2, #6
10000780:	56a2      	ldrsb	r2, [r4, r2]
10000782:	4b6d      	ldr	r3, [pc, #436]	; (10000938 <irq_add_shared_handler+0x1f4>)
10000784:	701a      	strb	r2, [r3, #0]
10000786:	4b6e      	ldr	r3, [pc, #440]	; (10000940 <irq_add_shared_handler+0x1fc>)
10000788:	689a      	ldr	r2, [r3, #8]
1000078a:	464b      	mov	r3, r9
1000078c:	3310      	adds	r3, #16
1000078e:	009b      	lsls	r3, r3, #2
10000790:	58d3      	ldr	r3, [r2, r3]
10000792:	4698      	mov	r8, r3
10000794:	1a1b      	subs	r3, r3, r0
10000796:	2b2f      	cmp	r3, #47	; 0x2f
10000798:	d93a      	bls.n	10000810 <irq_add_shared_handler+0xcc>
1000079a:	4b6a      	ldr	r3, [pc, #424]	; (10000944 <irq_add_shared_handler+0x200>)
1000079c:	4598      	cmp	r8, r3
1000079e:	d130      	bne.n	10000802 <irq_add_shared_handler+0xbe>
100007a0:	ae05      	add	r6, sp, #20
100007a2:	4b69      	ldr	r3, [pc, #420]	; (10000948 <irq_add_shared_handler+0x204>)
100007a4:	8033      	strh	r3, [r6, #0]
100007a6:	007b      	lsls	r3, r7, #1
100007a8:	469a      	mov	sl, r3
100007aa:	19d8      	adds	r0, r3, r7
100007ac:	0080      	lsls	r0, r0, #2
100007ae:	4b63      	ldr	r3, [pc, #396]	; (1000093c <irq_add_shared_handler+0x1f8>)
100007b0:	4698      	mov	r8, r3
100007b2:	4440      	add	r0, r8
100007b4:	3002      	adds	r0, #2
100007b6:	4965      	ldr	r1, [pc, #404]	; (1000094c <irq_add_shared_handler+0x208>)
100007b8:	f7ff ff0e 	bl	100005d8 <make_j_16>
100007bc:	8070      	strh	r0, [r6, #2]
100007be:	4b64      	ldr	r3, [pc, #400]	; (10000950 <irq_add_shared_handler+0x20c>)
100007c0:	80b3      	strh	r3, [r6, #4]
100007c2:	23ff      	movs	r3, #255	; 0xff
100007c4:	71b3      	strb	r3, [r6, #6]
100007c6:	71f5      	strb	r5, [r6, #7]
100007c8:	9b01      	ldr	r3, [sp, #4]
100007ca:	9307      	str	r3, [sp, #28]
100007cc:	4457      	add	r7, sl
100007ce:	00bf      	lsls	r7, r7, #2
100007d0:	4447      	add	r7, r8
100007d2:	ce0e      	ldmia	r6!, {r1, r2, r3}
100007d4:	c70e      	stmia	r7!, {r1, r2, r3}
100007d6:	2301      	movs	r3, #1
100007d8:	431c      	orrs	r4, r3
100007da:	46a0      	mov	r8, r4
100007dc:	465a      	mov	r2, fp
100007de:	4641      	mov	r1, r8
100007e0:	4648      	mov	r0, r9
100007e2:	f7ff fed3 	bl	1000058c <set_raw_irq_handler_and_unlock>
100007e6:	b009      	add	sp, #36	; 0x24
100007e8:	bcf0      	pop	{r4, r5, r6, r7}
100007ea:	46bb      	mov	fp, r7
100007ec:	46b2      	mov	sl, r6
100007ee:	46a9      	mov	r9, r5
100007f0:	46a0      	mov	r8, r4
100007f2:	bdf0      	pop	{r4, r5, r6, r7, pc}
100007f4:	216e      	movs	r1, #110	; 0x6e
100007f6:	4b57      	ldr	r3, [pc, #348]	; (10000954 <irq_add_shared_handler+0x210>)
100007f8:	4a57      	ldr	r2, [pc, #348]	; (10000958 <irq_add_shared_handler+0x214>)
100007fa:	31ff      	adds	r1, #255	; 0xff
100007fc:	4857      	ldr	r0, [pc, #348]	; (1000095c <irq_add_shared_handler+0x218>)
100007fe:	f003 f941 	bl	10003a84 <__assert_func>
10000802:	21ba      	movs	r1, #186	; 0xba
10000804:	4b56      	ldr	r3, [pc, #344]	; (10000960 <irq_add_shared_handler+0x21c>)
10000806:	4a54      	ldr	r2, [pc, #336]	; (10000958 <irq_add_shared_handler+0x214>)
10000808:	0049      	lsls	r1, r1, #1
1000080a:	4854      	ldr	r0, [pc, #336]	; (1000095c <irq_add_shared_handler+0x218>)
1000080c:	f003 f93a 	bl	10003a84 <__assert_func>
10000810:	2301      	movs	r3, #1
10000812:	4642      	mov	r2, r8
10000814:	439a      	bics	r2, r3
10000816:	4692      	mov	sl, r2
10000818:	1a10      	subs	r0, r2, r0
1000081a:	210c      	movs	r1, #12
1000081c:	f001 f98c 	bl	10001b38 <__wrap___aeabi_uidiv>
10000820:	2900      	cmp	r1, #0
10000822:	d10f      	bne.n	10000844 <irq_add_shared_handler+0x100>
10000824:	4653      	mov	r3, sl
10000826:	2600      	movs	r6, #0
10000828:	79da      	ldrb	r2, [r3, #7]
1000082a:	42aa      	cmp	r2, r5
1000082c:	d912      	bls.n	10000854 <irq_add_shared_handler+0x110>
1000082e:	2106      	movs	r1, #6
10000830:	5659      	ldrsb	r1, [r3, r1]
10000832:	2900      	cmp	r1, #0
10000834:	db0d      	blt.n	10000852 <irq_add_shared_handler+0x10e>
10000836:	004a      	lsls	r2, r1, #1
10000838:	1852      	adds	r2, r2, r1
1000083a:	0092      	lsls	r2, r2, #2
1000083c:	001e      	movs	r6, r3
1000083e:	4b3f      	ldr	r3, [pc, #252]	; (1000093c <irq_add_shared_handler+0x1f8>)
10000840:	189b      	adds	r3, r3, r2
10000842:	e7f1      	b.n	10000828 <irq_add_shared_handler+0xe4>
10000844:	2186      	movs	r1, #134	; 0x86
10000846:	4b47      	ldr	r3, [pc, #284]	; (10000964 <irq_add_shared_handler+0x220>)
10000848:	4a43      	ldr	r2, [pc, #268]	; (10000958 <irq_add_shared_handler+0x214>)
1000084a:	31ff      	adds	r1, #255	; 0xff
1000084c:	4843      	ldr	r0, [pc, #268]	; (1000095c <irq_add_shared_handler+0x218>)
1000084e:	f003 f919 	bl	10003a84 <__assert_func>
10000852:	001e      	movs	r6, r3
10000854:	2e00      	cmp	r6, #0
10000856:	d03b      	beq.n	100008d0 <irq_add_shared_handler+0x18c>
10000858:	ab05      	add	r3, sp, #20
1000085a:	4a43      	ldr	r2, [pc, #268]	; (10000968 <irq_add_shared_handler+0x224>)
1000085c:	801a      	strh	r2, [r3, #0]
1000085e:	3a81      	subs	r2, #129	; 0x81
10000860:	805a      	strh	r2, [r3, #2]
10000862:	2306      	movs	r3, #6
10000864:	56f3      	ldrsb	r3, [r6, r3]
10000866:	9302      	str	r3, [sp, #8]
10000868:	2b00      	cmp	r3, #0
1000086a:	da17      	bge.n	1000089c <irq_add_shared_handler+0x158>
1000086c:	483f      	ldr	r0, [pc, #252]	; (1000096c <irq_add_shared_handler+0x228>)
1000086e:	ab05      	add	r3, sp, #20
10000870:	469a      	mov	sl, r3
10000872:	8098      	strh	r0, [r3, #4]
10000874:	9a02      	ldr	r2, [sp, #8]
10000876:	719a      	strb	r2, [r3, #6]
10000878:	71dd      	strb	r5, [r3, #7]
1000087a:	9a01      	ldr	r2, [sp, #4]
1000087c:	9207      	str	r2, [sp, #28]
1000087e:	1d30      	adds	r0, r6, #4
10000880:	0021      	movs	r1, r4
10000882:	f7ff fea9 	bl	100005d8 <make_j_16>
10000886:	80b0      	strh	r0, [r6, #4]
10000888:	71b7      	strb	r7, [r6, #6]
1000088a:	007b      	lsls	r3, r7, #1
1000088c:	19db      	adds	r3, r3, r7
1000088e:	009b      	lsls	r3, r3, #2
10000890:	4f2a      	ldr	r7, [pc, #168]	; (1000093c <irq_add_shared_handler+0x1f8>)
10000892:	18ff      	adds	r7, r7, r3
10000894:	4653      	mov	r3, sl
10000896:	cb07      	ldmia	r3!, {r0, r1, r2}
10000898:	c707      	stmia	r7!, {r0, r1, r2}
1000089a:	e79f      	b.n	100007dc <irq_add_shared_handler+0x98>
1000089c:	0078      	lsls	r0, r7, #1
1000089e:	19c0      	adds	r0, r0, r7
100008a0:	0080      	lsls	r0, r0, #2
100008a2:	4b26      	ldr	r3, [pc, #152]	; (1000093c <irq_add_shared_handler+0x1f8>)
100008a4:	18c0      	adds	r0, r0, r3
100008a6:	3004      	adds	r0, #4
100008a8:	1d32      	adds	r2, r6, #4
100008aa:	88b3      	ldrh	r3, [r6, #4]
100008ac:	0ad9      	lsrs	r1, r3, #11
100008ae:	291c      	cmp	r1, #28
100008b0:	d107      	bne.n	100008c2 <irq_add_shared_handler+0x17e>
100008b2:	055b      	lsls	r3, r3, #21
100008b4:	1559      	asrs	r1, r3, #21
100008b6:	3102      	adds	r1, #2
100008b8:	0049      	lsls	r1, r1, #1
100008ba:	1851      	adds	r1, r2, r1
100008bc:	f7ff fe8c 	bl	100005d8 <make_j_16>
100008c0:	e7d5      	b.n	1000086e <irq_add_shared_handler+0x12a>
100008c2:	2110      	movs	r1, #16
100008c4:	4b2a      	ldr	r3, [pc, #168]	; (10000970 <irq_add_shared_handler+0x22c>)
100008c6:	4a2b      	ldr	r2, [pc, #172]	; (10000974 <irq_add_shared_handler+0x230>)
100008c8:	31ff      	adds	r1, #255	; 0xff
100008ca:	4824      	ldr	r0, [pc, #144]	; (1000095c <irq_add_shared_handler+0x218>)
100008cc:	f003 f8da 	bl	10003a84 <__assert_func>
100008d0:	ae05      	add	r6, sp, #20
100008d2:	4b1d      	ldr	r3, [pc, #116]	; (10000948 <irq_add_shared_handler+0x204>)
100008d4:	8033      	strh	r3, [r6, #0]
100008d6:	007b      	lsls	r3, r7, #1
100008d8:	9302      	str	r3, [sp, #8]
100008da:	19d8      	adds	r0, r3, r7
100008dc:	0080      	lsls	r0, r0, #2
100008de:	4a17      	ldr	r2, [pc, #92]	; (1000093c <irq_add_shared_handler+0x1f8>)
100008e0:	4690      	mov	r8, r2
100008e2:	0002      	movs	r2, r0
100008e4:	4442      	add	r2, r8
100008e6:	9203      	str	r2, [sp, #12]
100008e8:	1c90      	adds	r0, r2, #2
100008ea:	4918      	ldr	r1, [pc, #96]	; (1000094c <irq_add_shared_handler+0x208>)
100008ec:	f7ff fe74 	bl	100005d8 <make_j_16>
100008f0:	8070      	strh	r0, [r6, #2]
100008f2:	9a03      	ldr	r2, [sp, #12]
100008f4:	1d10      	adds	r0, r2, #4
100008f6:	4651      	mov	r1, sl
100008f8:	f7ff fe6e 	bl	100005d8 <make_j_16>
100008fc:	80b0      	strh	r0, [r6, #4]
100008fe:	4b1e      	ldr	r3, [pc, #120]	; (10000978 <irq_add_shared_handler+0x234>)
10000900:	4652      	mov	r2, sl
10000902:	4641      	mov	r1, r8
10000904:	1a52      	subs	r2, r2, r1
10000906:	4152      	adcs	r2, r2
10000908:	4353      	muls	r3, r2
1000090a:	0d1b      	lsrs	r3, r3, #20
1000090c:	71b3      	strb	r3, [r6, #6]
1000090e:	71f5      	strb	r5, [r6, #7]
10000910:	9a01      	ldr	r2, [sp, #4]
10000912:	9207      	str	r2, [sp, #28]
10000914:	9b02      	ldr	r3, [sp, #8]
10000916:	469c      	mov	ip, r3
10000918:	4467      	add	r7, ip
1000091a:	00bf      	lsls	r7, r7, #2
1000091c:	4447      	add	r7, r8
1000091e:	ce0e      	ldmia	r6!, {r1, r2, r3}
10000920:	c70e      	stmia	r7!, {r1, r2, r3}
10000922:	4b11      	ldr	r3, [pc, #68]	; (10000968 <irq_add_shared_handler+0x224>)
10000924:	4652      	mov	r2, sl
10000926:	8013      	strh	r3, [r2, #0]
10000928:	3b81      	subs	r3, #129	; 0x81
1000092a:	8053      	strh	r3, [r2, #2]
1000092c:	2301      	movs	r3, #1
1000092e:	431c      	orrs	r4, r3
10000930:	46a0      	mov	r8, r4
10000932:	e753      	b.n	100007dc <irq_add_shared_handler+0x98>
10000934:	d0000124 	.word	0xd0000124
10000938:	20001d68 	.word	0x20001d68
1000093c:	20000bfc 	.word	0x20000bfc
10000940:	e000ed00 	.word	0xe000ed00
10000944:	100001cd 	.word	0x100001cd
10000948:	ffffa100 	.word	0xffffa100
1000094c:	20000c2c 	.word	0x20000c2c
10000950:	ffffbd01 	.word	0xffffbd01
10000954:	10006e48 	.word	0x10006e48
10000958:	10007024 	.word	0x10007024
1000095c:	10006db4 	.word	0x10006db4
10000960:	10006e70 	.word	0x10006e70
10000964:	10006e98 	.word	0x10006e98
10000968:	00004801 	.word	0x00004801
1000096c:	0000bd01 	.word	0x0000bd01
10000970:	10006f1c 	.word	0x10006f1c
10000974:	10007014 	.word	0x10007014
10000978:	0000aaaa 	.word	0x0000aaaa

1000097c <irq_remove_handler>:
1000097c:	b5f0      	push	{r4, r5, r6, r7, lr}
1000097e:	46ce      	mov	lr, r9
10000980:	4647      	mov	r7, r8
10000982:	b580      	push	{r7, lr}
10000984:	b083      	sub	sp, #12
10000986:	0006      	movs	r6, r0
10000988:	000d      	movs	r5, r1
1000098a:	f3ef 8810 	mrs	r8, PRIMASK
1000098e:	b672      	cpsid	i
10000990:	4b56      	ldr	r3, [pc, #344]	; (10000aec <irq_remove_handler+0x170>)
10000992:	681b      	ldr	r3, [r3, #0]
10000994:	2b00      	cmp	r3, #0
10000996:	d0fb      	beq.n	10000990 <irq_remove_handler+0x14>
10000998:	f3bf 8f5f 	dmb	sy
1000099c:	4b54      	ldr	r3, [pc, #336]	; (10000af0 <irq_remove_handler+0x174>)
1000099e:	689a      	ldr	r2, [r3, #8]
100009a0:	0034      	movs	r4, r6
100009a2:	3410      	adds	r4, #16
100009a4:	00a3      	lsls	r3, r4, #2
100009a6:	58d7      	ldr	r7, [r2, r3]
100009a8:	4b52      	ldr	r3, [pc, #328]	; (10000af4 <irq_remove_handler+0x178>)
100009aa:	429f      	cmp	r7, r3
100009ac:	d007      	beq.n	100009be <irq_remove_handler+0x42>
100009ae:	42af      	cmp	r7, r5
100009b0:	d100      	bne.n	100009b4 <irq_remove_handler+0x38>
100009b2:	e098      	b.n	10000ae6 <irq_remove_handler+0x16a>
100009b4:	9701      	str	r7, [sp, #4]
100009b6:	4b50      	ldr	r3, [pc, #320]	; (10000af8 <irq_remove_handler+0x17c>)
100009b8:	1afb      	subs	r3, r7, r3
100009ba:	2b2f      	cmp	r3, #47	; 0x2f
100009bc:	d909      	bls.n	100009d2 <irq_remove_handler+0x56>
100009be:	4642      	mov	r2, r8
100009c0:	0039      	movs	r1, r7
100009c2:	0030      	movs	r0, r6
100009c4:	f7ff fde2 	bl	1000058c <set_raw_irq_handler_and_unlock>
100009c8:	b003      	add	sp, #12
100009ca:	bcc0      	pop	{r6, r7}
100009cc:	46b9      	mov	r9, r7
100009ce:	46b0      	mov	r8, r6
100009d0:	bdf0      	pop	{r4, r5, r6, r7, pc}
100009d2:	0030      	movs	r0, r6
100009d4:	f7ff fe46 	bl	10000664 <irq_is_enabled>
100009d8:	4681      	mov	r9, r0
100009da:	2100      	movs	r1, #0
100009dc:	0030      	movs	r0, r6
100009de:	f7ff fe5b 	bl	10000698 <irq_set_enabled>
100009e2:	f3bf 8f5f 	dmb	sy
100009e6:	f3ef 8105 	mrs	r1, IPSR
100009ea:	2900      	cmp	r1, #0
100009ec:	d001      	beq.n	100009f2 <irq_remove_handler+0x76>
100009ee:	428c      	cmp	r4, r1
100009f0:	d111      	bne.n	10000a16 <irq_remove_handler+0x9a>
100009f2:	2301      	movs	r3, #1
100009f4:	9c01      	ldr	r4, [sp, #4]
100009f6:	439c      	bics	r4, r3
100009f8:	2200      	movs	r2, #0
100009fa:	68a3      	ldr	r3, [r4, #8]
100009fc:	429d      	cmp	r5, r3
100009fe:	d012      	beq.n	10000a26 <irq_remove_handler+0xaa>
10000a00:	2206      	movs	r2, #6
10000a02:	56a2      	ldrsb	r2, [r4, r2]
10000a04:	2a00      	cmp	r2, #0
10000a06:	db0d      	blt.n	10000a24 <irq_remove_handler+0xa8>
10000a08:	0053      	lsls	r3, r2, #1
10000a0a:	189b      	adds	r3, r3, r2
10000a0c:	009b      	lsls	r3, r3, #2
10000a0e:	0022      	movs	r2, r4
10000a10:	4c39      	ldr	r4, [pc, #228]	; (10000af8 <irq_remove_handler+0x17c>)
10000a12:	18e4      	adds	r4, r4, r3
10000a14:	e7f1      	b.n	100009fa <irq_remove_handler+0x7e>
10000a16:	21f4      	movs	r1, #244	; 0xf4
10000a18:	4b38      	ldr	r3, [pc, #224]	; (10000afc <irq_remove_handler+0x180>)
10000a1a:	4a39      	ldr	r2, [pc, #228]	; (10000b00 <irq_remove_handler+0x184>)
10000a1c:	31ff      	adds	r1, #255	; 0xff
10000a1e:	4839      	ldr	r0, [pc, #228]	; (10000b04 <irq_remove_handler+0x188>)
10000a20:	f003 f830 	bl	10003a84 <__assert_func>
10000a24:	0022      	movs	r2, r4
10000a26:	429d      	cmp	r5, r3
10000a28:	d157      	bne.n	10000ada <irq_remove_handler+0x15e>
10000a2a:	2506      	movs	r5, #6
10000a2c:	5765      	ldrsb	r5, [r4, r5]
10000a2e:	2d00      	cmp	r5, #0
10000a30:	db39      	blt.n	10000aa6 <irq_remove_handler+0x12a>
10000a32:	006b      	lsls	r3, r5, #1
10000a34:	195b      	adds	r3, r3, r5
10000a36:	009a      	lsls	r2, r3, #2
10000a38:	4b2f      	ldr	r3, [pc, #188]	; (10000af8 <irq_remove_handler+0x17c>)
10000a3a:	189b      	adds	r3, r3, r2
10000a3c:	689a      	ldr	r2, [r3, #8]
10000a3e:	60a2      	str	r2, [r4, #8]
10000a40:	79da      	ldrb	r2, [r3, #7]
10000a42:	71e2      	strb	r2, [r4, #7]
10000a44:	2206      	movs	r2, #6
10000a46:	569a      	ldrsb	r2, [r3, r2]
10000a48:	71a2      	strb	r2, [r4, #6]
10000a4a:	799b      	ldrb	r3, [r3, #6]
10000a4c:	b25b      	sxtb	r3, r3
10000a4e:	2b00      	cmp	r3, #0
10000a50:	da0f      	bge.n	10000a72 <irq_remove_handler+0xf6>
10000a52:	482d      	ldr	r0, [pc, #180]	; (10000b08 <irq_remove_handler+0x18c>)
10000a54:	80a0      	strh	r0, [r4, #4]
10000a56:	006b      	lsls	r3, r5, #1
10000a58:	195b      	adds	r3, r3, r5
10000a5a:	009b      	lsls	r3, r3, #2
10000a5c:	4a26      	ldr	r2, [pc, #152]	; (10000af8 <irq_remove_handler+0x17c>)
10000a5e:	18d3      	adds	r3, r2, r3
10000a60:	4a2a      	ldr	r2, [pc, #168]	; (10000b0c <irq_remove_handler+0x190>)
10000a62:	7811      	ldrb	r1, [r2, #0]
10000a64:	7199      	strb	r1, [r3, #6]
10000a66:	7015      	strb	r5, [r2, #0]
10000a68:	4649      	mov	r1, r9
10000a6a:	0030      	movs	r0, r6
10000a6c:	f7ff fe14 	bl	10000698 <irq_set_enabled>
10000a70:	e7a5      	b.n	100009be <irq_remove_handler+0x42>
10000a72:	1d20      	adds	r0, r4, #4
10000a74:	006b      	lsls	r3, r5, #1
10000a76:	195b      	adds	r3, r3, r5
10000a78:	009b      	lsls	r3, r3, #2
10000a7a:	4a1f      	ldr	r2, [pc, #124]	; (10000af8 <irq_remove_handler+0x17c>)
10000a7c:	189b      	adds	r3, r3, r2
10000a7e:	1d1a      	adds	r2, r3, #4
10000a80:	889b      	ldrh	r3, [r3, #4]
10000a82:	0ad9      	lsrs	r1, r3, #11
10000a84:	291c      	cmp	r1, #28
10000a86:	d107      	bne.n	10000a98 <irq_remove_handler+0x11c>
10000a88:	055b      	lsls	r3, r3, #21
10000a8a:	155b      	asrs	r3, r3, #21
10000a8c:	3302      	adds	r3, #2
10000a8e:	0059      	lsls	r1, r3, #1
10000a90:	1851      	adds	r1, r2, r1
10000a92:	f7ff fda1 	bl	100005d8 <make_j_16>
10000a96:	e7dd      	b.n	10000a54 <irq_remove_handler+0xd8>
10000a98:	2110      	movs	r1, #16
10000a9a:	4b1d      	ldr	r3, [pc, #116]	; (10000b10 <irq_remove_handler+0x194>)
10000a9c:	4a1d      	ldr	r2, [pc, #116]	; (10000b14 <irq_remove_handler+0x198>)
10000a9e:	31ff      	adds	r1, #255	; 0xff
10000aa0:	4818      	ldr	r0, [pc, #96]	; (10000b04 <irq_remove_handler+0x188>)
10000aa2:	f002 ffef 	bl	10003a84 <__assert_func>
10000aa6:	2900      	cmp	r1, #0
10000aa8:	d112      	bne.n	10000ad0 <irq_remove_handler+0x154>
10000aaa:	2a00      	cmp	r2, #0
10000aac:	d00e      	beq.n	10000acc <irq_remove_handler+0x150>
10000aae:	23ff      	movs	r3, #255	; 0xff
10000ab0:	7193      	strb	r3, [r2, #6]
10000ab2:	4b19      	ldr	r3, [pc, #100]	; (10000b18 <irq_remove_handler+0x19c>)
10000ab4:	8093      	strh	r3, [r2, #4]
10000ab6:	4a15      	ldr	r2, [pc, #84]	; (10000b0c <irq_remove_handler+0x190>)
10000ab8:	7813      	ldrb	r3, [r2, #0]
10000aba:	71a3      	strb	r3, [r4, #6]
10000abc:	4b17      	ldr	r3, [pc, #92]	; (10000b1c <irq_remove_handler+0x1a0>)
10000abe:	490e      	ldr	r1, [pc, #56]	; (10000af8 <irq_remove_handler+0x17c>)
10000ac0:	1a64      	subs	r4, r4, r1
10000ac2:	4164      	adcs	r4, r4
10000ac4:	4363      	muls	r3, r4
10000ac6:	0d1b      	lsrs	r3, r3, #20
10000ac8:	7013      	strb	r3, [r2, #0]
10000aca:	e7cd      	b.n	10000a68 <irq_remove_handler+0xec>
10000acc:	4f09      	ldr	r7, [pc, #36]	; (10000af4 <irq_remove_handler+0x178>)
10000ace:	e7f2      	b.n	10000ab6 <irq_remove_handler+0x13a>
10000ad0:	1d20      	adds	r0, r4, #4
10000ad2:	4913      	ldr	r1, [pc, #76]	; (10000b20 <irq_remove_handler+0x1a4>)
10000ad4:	f7ff fda6 	bl	10000624 <insert_bl_32>
10000ad8:	e7c6      	b.n	10000a68 <irq_remove_handler+0xec>
10000ada:	4b12      	ldr	r3, [pc, #72]	; (10000b24 <irq_remove_handler+0x1a8>)
10000adc:	4a08      	ldr	r2, [pc, #32]	; (10000b00 <irq_remove_handler+0x184>)
10000ade:	4912      	ldr	r1, [pc, #72]	; (10000b28 <irq_remove_handler+0x1ac>)
10000ae0:	4808      	ldr	r0, [pc, #32]	; (10000b04 <irq_remove_handler+0x188>)
10000ae2:	f002 ffcf 	bl	10003a84 <__assert_func>
10000ae6:	4f03      	ldr	r7, [pc, #12]	; (10000af4 <irq_remove_handler+0x178>)
10000ae8:	e769      	b.n	100009be <irq_remove_handler+0x42>
10000aea:	46c0      	nop			; (mov r8, r8)
10000aec:	d0000124 	.word	0xd0000124
10000af0:	e000ed00 	.word	0xe000ed00
10000af4:	100001cd 	.word	0x100001cd
10000af8:	20000bfc 	.word	0x20000bfc
10000afc:	10006f34 	.word	0x10006f34
10000b00:	10006ff4 	.word	0x10006ff4
10000b04:	10006db4 	.word	0x10006db4
10000b08:	0000bd01 	.word	0x0000bd01
10000b0c:	20001d68 	.word	0x20001d68
10000b10:	10006f1c 	.word	0x10006f1c
10000b14:	10007014 	.word	0x10007014
10000b18:	ffffbd01 	.word	0xffffbd01
10000b1c:	0000aaaa 	.word	0x0000aaaa
10000b20:	20000c36 	.word	0x20000c36
10000b24:	10006f68 	.word	0x10006f68
10000b28:	00000235 	.word	0x00000235

10000b2c <irq_add_tail_to_free_list>:
10000b2c:	b570      	push	{r4, r5, r6, lr}
10000b2e:	2101      	movs	r1, #1
10000b30:	4301      	orrs	r1, r0
10000b32:	4b2c      	ldr	r3, [pc, #176]	; (10000be4 <irq_add_tail_to_free_list+0xb8>)
10000b34:	1acb      	subs	r3, r1, r3
10000b36:	2b2f      	cmp	r3, #47	; 0x2f
10000b38:	d828      	bhi.n	10000b8c <irq_add_tail_to_free_list+0x60>
10000b3a:	f3ef 8305 	mrs	r3, IPSR
10000b3e:	2b00      	cmp	r3, #0
10000b40:	d02a      	beq.n	10000b98 <irq_add_tail_to_free_list+0x6c>
10000b42:	f3ef 8c10 	mrs	ip, PRIMASK
10000b46:	b672      	cpsid	i
10000b48:	4a27      	ldr	r2, [pc, #156]	; (10000be8 <irq_add_tail_to_free_list+0xbc>)
10000b4a:	6812      	ldr	r2, [r2, #0]
10000b4c:	2a00      	cmp	r2, #0
10000b4e:	d0fb      	beq.n	10000b48 <irq_add_tail_to_free_list+0x1c>
10000b50:	f3bf 8f5f 	dmb	sy
10000b54:	4a25      	ldr	r2, [pc, #148]	; (10000bec <irq_add_tail_to_free_list+0xc0>)
10000b56:	0004      	movs	r4, r0
10000b58:	4d22      	ldr	r5, [pc, #136]	; (10000be4 <irq_add_tail_to_free_list+0xb8>)
10000b5a:	1b64      	subs	r4, r4, r5
10000b5c:	4164      	adcs	r4, r4
10000b5e:	4362      	muls	r2, r4
10000b60:	0d12      	lsrs	r2, r2, #20
10000b62:	b254      	sxtb	r4, r2
10000b64:	4a22      	ldr	r2, [pc, #136]	; (10000bf0 <irq_add_tail_to_free_list+0xc4>)
10000b66:	6892      	ldr	r2, [r2, #8]
10000b68:	009b      	lsls	r3, r3, #2
10000b6a:	58d2      	ldr	r2, [r2, r3]
10000b6c:	428a      	cmp	r2, r1
10000b6e:	d019      	beq.n	10000ba4 <irq_add_tail_to_free_list+0x78>
10000b70:	2200      	movs	r2, #0
10000b72:	2a03      	cmp	r2, #3
10000b74:	d830      	bhi.n	10000bd8 <irq_add_tail_to_free_list+0xac>
10000b76:	0053      	lsls	r3, r2, #1
10000b78:	189b      	adds	r3, r3, r2
10000b7a:	009b      	lsls	r3, r3, #2
10000b7c:	4919      	ldr	r1, [pc, #100]	; (10000be4 <irq_add_tail_to_free_list+0xb8>)
10000b7e:	18cb      	adds	r3, r1, r3
10000b80:	799b      	ldrb	r3, [r3, #6]
10000b82:	b25b      	sxtb	r3, r3
10000b84:	42a3      	cmp	r3, r4
10000b86:	d01d      	beq.n	10000bc4 <irq_add_tail_to_free_list+0x98>
10000b88:	3201      	adds	r2, #1
10000b8a:	e7f2      	b.n	10000b72 <irq_add_tail_to_free_list+0x46>
10000b8c:	4b19      	ldr	r3, [pc, #100]	; (10000bf4 <irq_add_tail_to_free_list+0xc8>)
10000b8e:	4a1a      	ldr	r2, [pc, #104]	; (10000bf8 <irq_add_tail_to_free_list+0xcc>)
10000b90:	491a      	ldr	r1, [pc, #104]	; (10000bfc <irq_add_tail_to_free_list+0xd0>)
10000b92:	481b      	ldr	r0, [pc, #108]	; (10000c00 <irq_add_tail_to_free_list+0xd4>)
10000b94:	f002 ff76 	bl	10003a84 <__assert_func>
10000b98:	4b1a      	ldr	r3, [pc, #104]	; (10000c04 <irq_add_tail_to_free_list+0xd8>)
10000b9a:	4a17      	ldr	r2, [pc, #92]	; (10000bf8 <irq_add_tail_to_free_list+0xcc>)
10000b9c:	491a      	ldr	r1, [pc, #104]	; (10000c08 <irq_add_tail_to_free_list+0xdc>)
10000b9e:	4818      	ldr	r0, [pc, #96]	; (10000c00 <irq_add_tail_to_free_list+0xd4>)
10000ba0:	f002 ff70 	bl	10003a84 <__assert_func>
10000ba4:	4a12      	ldr	r2, [pc, #72]	; (10000bf0 <irq_add_tail_to_free_list+0xc4>)
10000ba6:	6892      	ldr	r2, [r2, #8]
10000ba8:	4918      	ldr	r1, [pc, #96]	; (10000c0c <irq_add_tail_to_free_list+0xe0>)
10000baa:	50d1      	str	r1, [r2, r3]
10000bac:	4b18      	ldr	r3, [pc, #96]	; (10000c10 <irq_add_tail_to_free_list+0xe4>)
10000bae:	781a      	ldrb	r2, [r3, #0]
10000bb0:	7182      	strb	r2, [r0, #6]
10000bb2:	701c      	strb	r4, [r3, #0]
10000bb4:	f3bf 8f5f 	dmb	sy
10000bb8:	4b0b      	ldr	r3, [pc, #44]	; (10000be8 <irq_add_tail_to_free_list+0xbc>)
10000bba:	2200      	movs	r2, #0
10000bbc:	601a      	str	r2, [r3, #0]
10000bbe:	f38c 8810 	msr	PRIMASK, ip
10000bc2:	bd70      	pop	{r4, r5, r6, pc}
10000bc4:	000d      	movs	r5, r1
10000bc6:	0053      	lsls	r3, r2, #1
10000bc8:	1899      	adds	r1, r3, r2
10000bca:	0089      	lsls	r1, r1, #2
10000bcc:	1869      	adds	r1, r5, r1
10000bce:	26ff      	movs	r6, #255	; 0xff
10000bd0:	718e      	strb	r6, [r1, #6]
10000bd2:	4a10      	ldr	r2, [pc, #64]	; (10000c14 <irq_add_tail_to_free_list+0xe8>)
10000bd4:	808a      	strh	r2, [r1, #4]
10000bd6:	e7e9      	b.n	10000bac <irq_add_tail_to_free_list+0x80>
10000bd8:	4b0f      	ldr	r3, [pc, #60]	; (10000c18 <irq_add_tail_to_free_list+0xec>)
10000bda:	4a07      	ldr	r2, [pc, #28]	; (10000bf8 <irq_add_tail_to_free_list+0xcc>)
10000bdc:	490f      	ldr	r1, [pc, #60]	; (10000c1c <irq_add_tail_to_free_list+0xf0>)
10000bde:	4808      	ldr	r0, [pc, #32]	; (10000c00 <irq_add_tail_to_free_list+0xd4>)
10000be0:	f002 ff50 	bl	10003a84 <__assert_func>
10000be4:	20000bfc 	.word	0x20000bfc
10000be8:	d0000124 	.word	0xd0000124
10000bec:	0000aaaa 	.word	0x0000aaaa
10000bf0:	e000ed00 	.word	0xe000ed00
10000bf4:	10006f70 	.word	0x10006f70
10000bf8:	10006fc8 	.word	0x10006fc8
10000bfc:	0000026e 	.word	0x0000026e
10000c00:	10006db4 	.word	0x10006db4
10000c04:	10006f98 	.word	0x10006f98
10000c08:	00000271 	.word	0x00000271
10000c0c:	100001cd 	.word	0x100001cd
10000c10:	20001d68 	.word	0x20001d68
10000c14:	ffffbd01 	.word	0xffffbd01
10000c18:	10006fa4 	.word	0x10006fa4
10000c1c:	00000282 	.word	0x00000282

10000c20 <user_irq_claim_unused>:
10000c20:	b500      	push	{lr}
10000c22:	b083      	sub	sp, #12
10000c24:	0001      	movs	r1, r0
10000c26:	4b06      	ldr	r3, [pc, #24]	; (10000c40 <user_irq_claim_unused+0x20>)
10000c28:	9300      	str	r3, [sp, #0]
10000c2a:	2305      	movs	r3, #5
10000c2c:	2200      	movs	r2, #0
10000c2e:	4805      	ldr	r0, [pc, #20]	; (10000c44 <user_irq_claim_unused+0x24>)
10000c30:	f7ff fc55 	bl	100004de <hw_claim_unused_from_range>
10000c34:	2800      	cmp	r0, #0
10000c36:	db01      	blt.n	10000c3c <user_irq_claim_unused+0x1c>
10000c38:	231f      	movs	r3, #31
10000c3a:	1a18      	subs	r0, r3, r0
10000c3c:	b003      	add	sp, #12
10000c3e:	bd00      	pop	{pc}
10000c40:	10006fac 	.word	0x10006fac
10000c44:	20001d6c 	.word	0x20001d6c

10000c48 <lock_init>:
10000c48:	4b02      	ldr	r3, [pc, #8]	; (10000c54 <lock_init+0xc>)
10000c4a:	469c      	mov	ip, r3
10000c4c:	4461      	add	r1, ip
10000c4e:	0089      	lsls	r1, r1, #2
10000c50:	6001      	str	r1, [r0, #0]
10000c52:	4770      	bx	lr
10000c54:	34000040 	.word	0x34000040

10000c58 <mutex_init>:
10000c58:	b510      	push	{r4, lr}
10000c5a:	0004      	movs	r4, r0
10000c5c:	f7ff fc68 	bl	10000530 <next_striped_spin_lock_num>
10000c60:	0001      	movs	r1, r0
10000c62:	0020      	movs	r0, r4
10000c64:	f7ff fff0 	bl	10000c48 <lock_init>
10000c68:	23ff      	movs	r3, #255	; 0xff
10000c6a:	7123      	strb	r3, [r4, #4]
10000c6c:	f3bf 8f5f 	dmb	sy
10000c70:	bd10      	pop	{r4, pc}

10000c72 <recursive_mutex_init>:
10000c72:	b510      	push	{r4, lr}
10000c74:	0004      	movs	r4, r0
10000c76:	f7ff fc5b 	bl	10000530 <next_striped_spin_lock_num>
10000c7a:	0001      	movs	r1, r0
10000c7c:	0020      	movs	r0, r4
10000c7e:	f7ff ffe3 	bl	10000c48 <lock_init>
10000c82:	23ff      	movs	r3, #255	; 0xff
10000c84:	7123      	strb	r3, [r4, #4]
10000c86:	2300      	movs	r3, #0
10000c88:	7163      	strb	r3, [r4, #5]
10000c8a:	f3bf 8f5f 	dmb	sy
10000c8e:	bd10      	pop	{r4, pc}

10000c90 <runtime_init_mutex>:
10000c90:	b510      	push	{r4, lr}
10000c92:	4c0d      	ldr	r4, [pc, #52]	; (10000cc8 <runtime_init_mutex+0x38>)
10000c94:	e009      	b.n	10000caa <runtime_init_mutex+0x1a>
10000c96:	4b0d      	ldr	r3, [pc, #52]	; (10000ccc <runtime_init_mutex+0x3c>)
10000c98:	4a0d      	ldr	r2, [pc, #52]	; (10000cd0 <runtime_init_mutex+0x40>)
10000c9a:	211a      	movs	r1, #26
10000c9c:	480d      	ldr	r0, [pc, #52]	; (10000cd4 <runtime_init_mutex+0x44>)
10000c9e:	f002 fef1 	bl	10003a84 <__assert_func>
10000ca2:	0020      	movs	r0, r4
10000ca4:	f7ff ffd8 	bl	10000c58 <mutex_init>
10000ca8:	3408      	adds	r4, #8
10000caa:	4b0b      	ldr	r3, [pc, #44]	; (10000cd8 <runtime_init_mutex+0x48>)
10000cac:	429c      	cmp	r4, r3
10000cae:	d209      	bcs.n	10000cc4 <runtime_init_mutex+0x34>
10000cb0:	6823      	ldr	r3, [r4, #0]
10000cb2:	2b00      	cmp	r3, #0
10000cb4:	d0f5      	beq.n	10000ca2 <runtime_init_mutex+0x12>
10000cb6:	2b01      	cmp	r3, #1
10000cb8:	d1ed      	bne.n	10000c96 <runtime_init_mutex+0x6>
10000cba:	0020      	movs	r0, r4
10000cbc:	f7ff ffd9 	bl	10000c72 <recursive_mutex_init>
10000cc0:	3408      	adds	r4, #8
10000cc2:	e7f2      	b.n	10000caa <runtime_init_mutex+0x1a>
10000cc4:	bd10      	pop	{r4, pc}
10000cc6:	46c0      	nop			; (mov r8, r8)
10000cc8:	20000cd0 	.word	0x20000cd0
10000ccc:	10007058 	.word	0x10007058
10000cd0:	10007138 	.word	0x10007138
10000cd4:	10007078 	.word	0x10007078
10000cd8:	20000cd8 	.word	0x20000cd8

10000cdc <critical_section_init_with_lock_num>:
10000cdc:	4b03      	ldr	r3, [pc, #12]	; (10000cec <critical_section_init_with_lock_num+0x10>)
10000cde:	469c      	mov	ip, r3
10000ce0:	4461      	add	r1, ip
10000ce2:	0089      	lsls	r1, r1, #2
10000ce4:	6001      	str	r1, [r0, #0]
10000ce6:	f3bf 8f5f 	dmb	sy
10000cea:	4770      	bx	lr
10000cec:	34000040 	.word	0x34000040

10000cf0 <critical_section_init>:
10000cf0:	b510      	push	{r4, lr}
10000cf2:	0004      	movs	r4, r0
10000cf4:	2001      	movs	r0, #1
10000cf6:	f7ff fc29 	bl	1000054c <spin_lock_claim_unused>
10000cfa:	0001      	movs	r1, r0
10000cfc:	0020      	movs	r0, r4
10000cfe:	f7ff ffed 	bl	10000cdc <critical_section_init_with_lock_num>
10000d02:	bd10      	pop	{r4, pc}

10000d04 <make_alarm_id>:
10000d04:	0400      	lsls	r0, r0, #16
10000d06:	4308      	orrs	r0, r1
10000d08:	4770      	bx	lr
	...

10000d0c <sleep_until_callback>:
10000d0c:	4b0a      	ldr	r3, [pc, #40]	; (10000d38 <sleep_until_callback+0x2c>)
10000d0e:	681a      	ldr	r2, [r3, #0]
10000d10:	f3ef 8110 	mrs	r1, PRIMASK
10000d14:	b672      	cpsid	i
10000d16:	6813      	ldr	r3, [r2, #0]
10000d18:	2b00      	cmp	r3, #0
10000d1a:	d0fc      	beq.n	10000d16 <sleep_until_callback+0xa>
10000d1c:	f3bf 8f5f 	dmb	sy
10000d20:	4b05      	ldr	r3, [pc, #20]	; (10000d38 <sleep_until_callback+0x2c>)
10000d22:	681b      	ldr	r3, [r3, #0]
10000d24:	f3bf 8f5f 	dmb	sy
10000d28:	2200      	movs	r2, #0
10000d2a:	601a      	str	r2, [r3, #0]
10000d2c:	f381 8810 	msr	PRIMASK, r1
10000d30:	bf40      	sev
10000d32:	2000      	movs	r0, #0
10000d34:	2100      	movs	r1, #0
10000d36:	4770      	bx	lr
10000d38:	20001d3c 	.word	0x20001d3c

10000d3c <alarm_pool_irq_handler>:
10000d3c:	b5f0      	push	{r4, r5, r6, r7, lr}
10000d3e:	46de      	mov	lr, fp
10000d40:	4657      	mov	r7, sl
10000d42:	464e      	mov	r6, r9
10000d44:	4645      	mov	r5, r8
10000d46:	b5e0      	push	{r5, r6, r7, lr}
10000d48:	b083      	sub	sp, #12
10000d4a:	f3ef 8305 	mrs	r3, IPSR
10000d4e:	2203      	movs	r2, #3
10000d50:	401a      	ands	r2, r3
10000d52:	4693      	mov	fp, r2
10000d54:	0092      	lsls	r2, r2, #2
10000d56:	4bab      	ldr	r3, [pc, #684]	; (10001004 <alarm_pool_irq_handler+0x2c8>)
10000d58:	58d3      	ldr	r3, [r2, r3]
10000d5a:	4698      	mov	r8, r3
10000d5c:	781b      	ldrb	r3, [r3, #0]
10000d5e:	455b      	cmp	r3, fp
10000d60:	d10c      	bne.n	10000d7c <alarm_pool_irq_handler+0x40>
10000d62:	48a9      	ldr	r0, [pc, #676]	; (10001008 <alarm_pool_irq_handler+0x2cc>)
10000d64:	f000 fb06 	bl	10001374 <timer_time_us_64>
10000d68:	0002      	movs	r2, r0
10000d6a:	000b      	movs	r3, r1
10000d6c:	2101      	movs	r1, #1
10000d6e:	4658      	mov	r0, fp
10000d70:	4081      	lsls	r1, r0
10000d72:	0008      	movs	r0, r1
10000d74:	468a      	mov	sl, r1
10000d76:	49a5      	ldr	r1, [pc, #660]	; (1000100c <alarm_pool_irq_handler+0x2d0>)
10000d78:	6008      	str	r0, [r1, #0]
10000d7a:	e077      	b.n	10000e6c <alarm_pool_irq_handler+0x130>
10000d7c:	4ba4      	ldr	r3, [pc, #656]	; (10001010 <alarm_pool_irq_handler+0x2d4>)
10000d7e:	4aa5      	ldr	r2, [pc, #660]	; (10001014 <alarm_pool_irq_handler+0x2d8>)
10000d80:	2190      	movs	r1, #144	; 0x90
10000d82:	48a5      	ldr	r0, [pc, #660]	; (10001018 <alarm_pool_irq_handler+0x2dc>)
10000d84:	f002 fe7e 	bl	10003a84 <__assert_func>
10000d88:	694c      	ldr	r4, [r1, #20]
10000d8a:	0020      	movs	r0, r4
10000d8c:	6923      	ldr	r3, [r4, #16]
10000d8e:	4798      	blx	r3
10000d90:	2800      	cmp	r0, #0
10000d92:	d025      	beq.n	10000de0 <alarm_pool_irq_handler+0xa4>
10000d94:	6823      	ldr	r3, [r4, #0]
10000d96:	6864      	ldr	r4, [r4, #4]
10000d98:	9300      	str	r3, [sp, #0]
10000d9a:	9401      	str	r4, [sp, #4]
10000d9c:	e08d      	b.n	10000eba <alarm_pool_irq_handler+0x17e>
10000d9e:	489a      	ldr	r0, [pc, #616]	; (10001008 <alarm_pool_irq_handler+0x2cc>)
10000da0:	f000 fae8 	bl	10001374 <timer_time_us_64>
10000da4:	9e00      	ldr	r6, [sp, #0]
10000da6:	9f01      	ldr	r7, [sp, #4]
10000da8:	1836      	adds	r6, r6, r0
10000daa:	414f      	adcs	r7, r1
10000dac:	9600      	str	r6, [sp, #0]
10000dae:	9701      	str	r7, [sp, #4]
10000db0:	e091      	b.n	10000ed6 <alarm_pool_irq_handler+0x19a>
10000db2:	4684      	mov	ip, r0
10000db4:	4663      	mov	r3, ip
10000db6:	2400      	movs	r4, #0
10000db8:	5f1c      	ldrsh	r4, [r3, r4]
10000dba:	2c00      	cmp	r4, #0
10000dbc:	db0b      	blt.n	10000dd6 <alarm_pool_irq_handler+0x9a>
10000dbe:	0060      	lsls	r0, r4, #1
10000dc0:	1900      	adds	r0, r0, r4
10000dc2:	00c0      	lsls	r0, r0, #3
10000dc4:	1808      	adds	r0, r1, r0
10000dc6:	9a00      	ldr	r2, [sp, #0]
10000dc8:	9b01      	ldr	r3, [sp, #4]
10000dca:	6886      	ldr	r6, [r0, #8]
10000dcc:	68c7      	ldr	r7, [r0, #12]
10000dce:	1b92      	subs	r2, r2, r6
10000dd0:	41bb      	sbcs	r3, r7
10000dd2:	2b00      	cmp	r3, #0
10000dd4:	daed      	bge.n	10000db2 <alarm_pool_irq_handler+0x76>
10000dd6:	464b      	mov	r3, r9
10000dd8:	801c      	strh	r4, [r3, #0]
10000dda:	4663      	mov	r3, ip
10000ddc:	801d      	strh	r5, [r3, #0]
10000dde:	e01b      	b.n	10000e18 <alarm_pool_irq_handler+0xdc>
10000de0:	464b      	mov	r3, r9
10000de2:	2200      	movs	r2, #0
10000de4:	5e9b      	ldrsh	r3, [r3, r2]
10000de6:	4642      	mov	r2, r8
10000de8:	8113      	strh	r3, [r2, #8]
10000dea:	6912      	ldr	r2, [r2, #16]
10000dec:	f3ef 8310 	mrs	r3, PRIMASK
10000df0:	b672      	cpsid	i
10000df2:	6811      	ldr	r1, [r2, #0]
10000df4:	2900      	cmp	r1, #0
10000df6:	d0fc      	beq.n	10000df2 <alarm_pool_irq_handler+0xb6>
10000df8:	f3bf 8f5f 	dmb	sy
10000dfc:	4642      	mov	r2, r8
10000dfe:	2102      	movs	r1, #2
10000e00:	5e52      	ldrsh	r2, [r2, r1]
10000e02:	4649      	mov	r1, r9
10000e04:	800a      	strh	r2, [r1, #0]
10000e06:	4642      	mov	r2, r8
10000e08:	8055      	strh	r5, [r2, #2]
10000e0a:	6912      	ldr	r2, [r2, #16]
10000e0c:	f3bf 8f5f 	dmb	sy
10000e10:	2100      	movs	r1, #0
10000e12:	6011      	str	r1, [r2, #0]
10000e14:	f383 8810 	msr	PRIMASK, r3
10000e18:	4643      	mov	r3, r8
10000e1a:	889b      	ldrh	r3, [r3, #4]
10000e1c:	b21b      	sxth	r3, r3
10000e1e:	2b00      	cmp	r3, #0
10000e20:	da74      	bge.n	10000f0c <alarm_pool_irq_handler+0x1d0>
10000e22:	4643      	mov	r3, r8
10000e24:	799b      	ldrb	r3, [r3, #6]
10000e26:	2b00      	cmp	r3, #0
10000e28:	d000      	beq.n	10000e2c <alarm_pool_irq_handler+0xf0>
10000e2a:	e0b6      	b.n	10000f9a <alarm_pool_irq_handler+0x25e>
10000e2c:	4876      	ldr	r0, [pc, #472]	; (10001008 <alarm_pool_irq_handler+0x2cc>)
10000e2e:	f000 faa1 	bl	10001374 <timer_time_us_64>
10000e32:	0002      	movs	r2, r0
10000e34:	000b      	movs	r3, r1
10000e36:	4641      	mov	r1, r8
10000e38:	2008      	movs	r0, #8
10000e3a:	5e08      	ldrsh	r0, [r1, r0]
10000e3c:	2800      	cmp	r0, #0
10000e3e:	da00      	bge.n	10000e42 <alarm_pool_irq_handler+0x106>
10000e40:	e0d9      	b.n	10000ff6 <alarm_pool_irq_handler+0x2ba>
10000e42:	0041      	lsls	r1, r0, #1
10000e44:	1809      	adds	r1, r1, r0
10000e46:	00c9      	lsls	r1, r1, #3
10000e48:	4640      	mov	r0, r8
10000e4a:	6940      	ldr	r0, [r0, #20]
10000e4c:	4684      	mov	ip, r0
10000e4e:	4461      	add	r1, ip
10000e50:	6888      	ldr	r0, [r1, #8]
10000e52:	68c9      	ldr	r1, [r1, #12]
10000e54:	465c      	mov	r4, fp
10000e56:	3404      	adds	r4, #4
10000e58:	00a4      	lsls	r4, r4, #2
10000e5a:	4d6b      	ldr	r5, [pc, #428]	; (10001008 <alarm_pool_irq_handler+0x2cc>)
10000e5c:	5160      	str	r0, [r4, r5]
10000e5e:	1a80      	subs	r0, r0, r2
10000e60:	4199      	sbcs	r1, r3
10000e62:	2900      	cmp	r1, #0
10000e64:	dd00      	ble.n	10000e68 <alarm_pool_irq_handler+0x12c>
10000e66:	e0c6      	b.n	10000ff6 <alarm_pool_irq_handler+0x2ba>
10000e68:	d100      	bne.n	10000e6c <alarm_pool_irq_handler+0x130>
10000e6a:	e0c1      	b.n	10000ff0 <alarm_pool_irq_handler+0x2b4>
10000e6c:	4966      	ldr	r1, [pc, #408]	; (10001008 <alarm_pool_irq_handler+0x2cc>)
10000e6e:	4650      	mov	r0, sl
10000e70:	6348      	str	r0, [r1, #52]	; 0x34
10000e72:	4641      	mov	r1, r8
10000e74:	2508      	movs	r5, #8
10000e76:	5f4d      	ldrsh	r5, [r1, r5]
10000e78:	2d00      	cmp	r5, #0
10000e7a:	dbcd      	blt.n	10000e18 <alarm_pool_irq_handler+0xdc>
10000e7c:	0069      	lsls	r1, r5, #1
10000e7e:	1949      	adds	r1, r1, r5
10000e80:	00c9      	lsls	r1, r1, #3
10000e82:	4640      	mov	r0, r8
10000e84:	6940      	ldr	r0, [r0, #20]
10000e86:	4681      	mov	r9, r0
10000e88:	4489      	add	r9, r1
10000e8a:	4649      	mov	r1, r9
10000e8c:	688e      	ldr	r6, [r1, #8]
10000e8e:	68cf      	ldr	r7, [r1, #12]
10000e90:	1b92      	subs	r2, r2, r6
10000e92:	41bb      	sbcs	r3, r7
10000e94:	2b00      	cmp	r3, #0
10000e96:	dbbf      	blt.n	10000e18 <alarm_pool_irq_handler+0xdc>
10000e98:	2f00      	cmp	r7, #0
10000e9a:	dba1      	blt.n	10000de0 <alarm_pool_irq_handler+0xa4>
10000e9c:	690c      	ldr	r4, [r1, #16]
10000e9e:	4b5f      	ldr	r3, [pc, #380]	; (1000101c <alarm_pool_irq_handler+0x2e0>)
10000ea0:	429c      	cmp	r4, r3
10000ea2:	d100      	bne.n	10000ea6 <alarm_pool_irq_handler+0x16a>
10000ea4:	e770      	b.n	10000d88 <alarm_pool_irq_handler+0x4c>
10000ea6:	8849      	ldrh	r1, [r1, #2]
10000ea8:	b289      	uxth	r1, r1
10000eaa:	0028      	movs	r0, r5
10000eac:	f7ff ff2a 	bl	10000d04 <make_alarm_id>
10000eb0:	464b      	mov	r3, r9
10000eb2:	6959      	ldr	r1, [r3, #20]
10000eb4:	47a0      	blx	r4
10000eb6:	9000      	str	r0, [sp, #0]
10000eb8:	9101      	str	r1, [sp, #4]
10000eba:	9900      	ldr	r1, [sp, #0]
10000ebc:	9a01      	ldr	r2, [sp, #4]
10000ebe:	000b      	movs	r3, r1
10000ec0:	4313      	orrs	r3, r2
10000ec2:	d100      	bne.n	10000ec6 <alarm_pool_irq_handler+0x18a>
10000ec4:	e78c      	b.n	10000de0 <alarm_pool_irq_handler+0xa4>
10000ec6:	000b      	movs	r3, r1
10000ec8:	1e14      	subs	r4, r2, #0
10000eca:	db00      	blt.n	10000ece <alarm_pool_irq_handler+0x192>
10000ecc:	e767      	b.n	10000d9e <alarm_pool_irq_handler+0x62>
10000ece:	1af6      	subs	r6, r6, r3
10000ed0:	41a7      	sbcs	r7, r4
10000ed2:	9600      	str	r6, [sp, #0]
10000ed4:	9701      	str	r7, [sp, #4]
10000ed6:	464b      	mov	r3, r9
10000ed8:	9e00      	ldr	r6, [sp, #0]
10000eda:	9f01      	ldr	r7, [sp, #4]
10000edc:	609e      	str	r6, [r3, #8]
10000ede:	60df      	str	r7, [r3, #12]
10000ee0:	2000      	movs	r0, #0
10000ee2:	5e18      	ldrsh	r0, [r3, r0]
10000ee4:	2800      	cmp	r0, #0
10000ee6:	db97      	blt.n	10000e18 <alarm_pool_irq_handler+0xdc>
10000ee8:	4643      	mov	r3, r8
10000eea:	6959      	ldr	r1, [r3, #20]
10000eec:	0043      	lsls	r3, r0, #1
10000eee:	181b      	adds	r3, r3, r0
10000ef0:	00db      	lsls	r3, r3, #3
10000ef2:	18cb      	adds	r3, r1, r3
10000ef4:	689a      	ldr	r2, [r3, #8]
10000ef6:	68db      	ldr	r3, [r3, #12]
10000ef8:	1ab6      	subs	r6, r6, r2
10000efa:	419f      	sbcs	r7, r3
10000efc:	2f00      	cmp	r7, #0
10000efe:	db8b      	blt.n	10000e18 <alarm_pool_irq_handler+0xdc>
10000f00:	4643      	mov	r3, r8
10000f02:	8118      	strh	r0, [r3, #8]
10000f04:	2308      	movs	r3, #8
10000f06:	4443      	add	r3, r8
10000f08:	469c      	mov	ip, r3
10000f0a:	e753      	b.n	10000db4 <alarm_pool_irq_handler+0x78>
10000f0c:	4643      	mov	r3, r8
10000f0e:	691a      	ldr	r2, [r3, #16]
10000f10:	f3ef 8110 	mrs	r1, PRIMASK
10000f14:	b672      	cpsid	i
10000f16:	6813      	ldr	r3, [r2, #0]
10000f18:	2b00      	cmp	r3, #0
10000f1a:	d0fc      	beq.n	10000f16 <alarm_pool_irq_handler+0x1da>
10000f1c:	f3bf 8f5f 	dmb	sy
10000f20:	4643      	mov	r3, r8
10000f22:	889b      	ldrh	r3, [r3, #4]
10000f24:	b21b      	sxth	r3, r3
10000f26:	4699      	mov	r9, r3
10000f28:	2301      	movs	r3, #1
10000f2a:	425b      	negs	r3, r3
10000f2c:	4642      	mov	r2, r8
10000f2e:	8093      	strh	r3, [r2, #4]
10000f30:	6913      	ldr	r3, [r2, #16]
10000f32:	f3bf 8f5f 	dmb	sy
10000f36:	2200      	movs	r2, #0
10000f38:	601a      	str	r2, [r3, #0]
10000f3a:	f381 8810 	msr	PRIMASK, r1
10000f3e:	e018      	b.n	10000f72 <alarm_pool_irq_handler+0x236>
10000f40:	0026      	movs	r6, r4
10000f42:	2300      	movs	r3, #0
10000f44:	5ef5      	ldrsh	r5, [r6, r3]
10000f46:	2d00      	cmp	r5, #0
10000f48:	db0b      	blt.n	10000f62 <alarm_pool_irq_handler+0x226>
10000f4a:	006c      	lsls	r4, r5, #1
10000f4c:	1964      	adds	r4, r4, r5
10000f4e:	00e4      	lsls	r4, r4, #3
10000f50:	193c      	adds	r4, r7, r4
10000f52:	9a00      	ldr	r2, [sp, #0]
10000f54:	9b01      	ldr	r3, [sp, #4]
10000f56:	68a0      	ldr	r0, [r4, #8]
10000f58:	68e1      	ldr	r1, [r4, #12]
10000f5a:	1a12      	subs	r2, r2, r0
10000f5c:	418b      	sbcs	r3, r1
10000f5e:	2b00      	cmp	r3, #0
10000f60:	daee      	bge.n	10000f40 <alarm_pool_irq_handler+0x204>
10000f62:	464b      	mov	r3, r9
10000f64:	8033      	strh	r3, [r6, #0]
10000f66:	4663      	mov	r3, ip
10000f68:	2200      	movs	r2, #0
10000f6a:	5e9b      	ldrsh	r3, [r3, r2]
10000f6c:	4699      	mov	r9, r3
10000f6e:	4663      	mov	r3, ip
10000f70:	801d      	strh	r5, [r3, #0]
10000f72:	464b      	mov	r3, r9
10000f74:	2b00      	cmp	r3, #0
10000f76:	da00      	bge.n	10000f7a <alarm_pool_irq_handler+0x23e>
10000f78:	e753      	b.n	10000e22 <alarm_pool_irq_handler+0xe6>
10000f7a:	4643      	mov	r3, r8
10000f7c:	695f      	ldr	r7, [r3, #20]
10000f7e:	464b      	mov	r3, r9
10000f80:	005b      	lsls	r3, r3, #1
10000f82:	444b      	add	r3, r9
10000f84:	00db      	lsls	r3, r3, #3
10000f86:	469c      	mov	ip, r3
10000f88:	44bc      	add	ip, r7
10000f8a:	4663      	mov	r3, ip
10000f8c:	68dc      	ldr	r4, [r3, #12]
10000f8e:	689b      	ldr	r3, [r3, #8]
10000f90:	9300      	str	r3, [sp, #0]
10000f92:	9401      	str	r4, [sp, #4]
10000f94:	4646      	mov	r6, r8
10000f96:	3608      	adds	r6, #8
10000f98:	e7d3      	b.n	10000f42 <alarm_pool_irq_handler+0x206>
10000f9a:	2300      	movs	r3, #0
10000f9c:	4642      	mov	r2, r8
10000f9e:	7193      	strb	r3, [r2, #6]
10000fa0:	4641      	mov	r1, r8
10000fa2:	3108      	adds	r1, #8
10000fa4:	4643      	mov	r3, r8
10000fa6:	2008      	movs	r0, #8
10000fa8:	5e18      	ldrsh	r0, [r3, r0]
10000faa:	e011      	b.n	10000fd0 <alarm_pool_irq_handler+0x294>
10000fac:	2201      	movs	r2, #1
10000fae:	4252      	negs	r2, r2
10000fb0:	17d3      	asrs	r3, r2, #31
10000fb2:	60a2      	str	r2, [r4, #8]
10000fb4:	60e3      	str	r3, [r4, #12]
10000fb6:	4643      	mov	r3, r8
10000fb8:	2208      	movs	r2, #8
10000fba:	5e9b      	ldrsh	r3, [r3, r2]
10000fbc:	4283      	cmp	r3, r0
10000fbe:	d006      	beq.n	10000fce <alarm_pool_irq_handler+0x292>
10000fc0:	800d      	strh	r5, [r1, #0]
10000fc2:	4643      	mov	r3, r8
10000fc4:	2208      	movs	r2, #8
10000fc6:	5e9b      	ldrsh	r3, [r3, r2]
10000fc8:	8023      	strh	r3, [r4, #0]
10000fca:	4643      	mov	r3, r8
10000fcc:	8118      	strh	r0, [r3, #8]
10000fce:	0028      	movs	r0, r5
10000fd0:	1c43      	adds	r3, r0, #1
10000fd2:	d100      	bne.n	10000fd6 <alarm_pool_irq_handler+0x29a>
10000fd4:	e72a      	b.n	10000e2c <alarm_pool_irq_handler+0xf0>
10000fd6:	4643      	mov	r3, r8
10000fd8:	695a      	ldr	r2, [r3, #20]
10000fda:	0043      	lsls	r3, r0, #1
10000fdc:	181b      	adds	r3, r3, r0
10000fde:	00db      	lsls	r3, r3, #3
10000fe0:	18d4      	adds	r4, r2, r3
10000fe2:	5ed5      	ldrsh	r5, [r2, r3]
10000fe4:	8863      	ldrh	r3, [r4, #2]
10000fe6:	b21b      	sxth	r3, r3
10000fe8:	2b00      	cmp	r3, #0
10000fea:	dbdf      	blt.n	10000fac <alarm_pool_irq_handler+0x270>
10000fec:	0021      	movs	r1, r4
10000fee:	e7ee      	b.n	10000fce <alarm_pool_irq_handler+0x292>
10000ff0:	2800      	cmp	r0, #0
10000ff2:	d100      	bne.n	10000ff6 <alarm_pool_irq_handler+0x2ba>
10000ff4:	e73a      	b.n	10000e6c <alarm_pool_irq_handler+0x130>
10000ff6:	b003      	add	sp, #12
10000ff8:	bcf0      	pop	{r4, r5, r6, r7}
10000ffa:	46bb      	mov	fp, r7
10000ffc:	46b2      	mov	sl, r6
10000ffe:	46a9      	mov	r9, r5
10001000:	46a0      	mov	r8, r4
10001002:	bdf0      	pop	{r4, r5, r6, r7, pc}
10001004:	20001b20 	.word	0x20001b20
10001008:	40054000 	.word	0x40054000
1000100c:	4005703c 	.word	0x4005703c
10001010:	1000714c 	.word	0x1000714c
10001014:	100071fc 	.word	0x100071fc
10001018:	10007178 	.word	0x10007178
1000101c:	10000d3d 	.word	0x10000d3d

10001020 <alarm_pool_post_alloc_init>:
10001020:	b5f8      	push	{r3, r4, r5, r6, r7, lr}
10001022:	46ce      	mov	lr, r9
10001024:	4647      	mov	r7, r8
10001026:	b580      	push	{r7, lr}
10001028:	0006      	movs	r6, r0
1000102a:	4688      	mov	r8, r1
1000102c:	4691      	mov	r9, r2
1000102e:	001f      	movs	r7, r3
10001030:	60c1      	str	r1, [r0, #12]
10001032:	f7ff fa7d 	bl	10000530 <next_striped_spin_lock_num>
10001036:	4b1b      	ldr	r3, [pc, #108]	; (100010a4 <alarm_pool_post_alloc_init+0x84>)
10001038:	469c      	mov	ip, r3
1000103a:	4460      	add	r0, ip
1000103c:	0080      	lsls	r0, r0, #2
1000103e:	6130      	str	r0, [r6, #16]
10001040:	464b      	mov	r3, r9
10001042:	7033      	strb	r3, [r6, #0]
10001044:	b2bb      	uxth	r3, r7
10001046:	8173      	strh	r3, [r6, #10]
10001048:	22d0      	movs	r2, #208	; 0xd0
1000104a:	0612      	lsls	r2, r2, #24
1000104c:	7812      	ldrb	r2, [r2, #0]
1000104e:	7072      	strb	r2, [r6, #1]
10001050:	2201      	movs	r2, #1
10001052:	4252      	negs	r2, r2
10001054:	8132      	strh	r2, [r6, #8]
10001056:	80b2      	strh	r2, [r6, #4]
10001058:	189b      	adds	r3, r3, r2
1000105a:	8073      	strh	r3, [r6, #2]
1000105c:	2400      	movs	r4, #0
1000105e:	e006      	b.n	1000106e <alarm_pool_post_alloc_init+0x4e>
10001060:	1e63      	subs	r3, r4, #1
10001062:	0065      	lsls	r5, r4, #1
10001064:	192d      	adds	r5, r5, r4
10001066:	00ed      	lsls	r5, r5, #3
10001068:	6972      	ldr	r2, [r6, #20]
1000106a:	5353      	strh	r3, [r2, r5]
1000106c:	3401      	adds	r4, #1
1000106e:	42bc      	cmp	r4, r7
10001070:	d3f6      	bcc.n	10001060 <alarm_pool_post_alloc_init+0x40>
10001072:	464b      	mov	r3, r9
10001074:	009a      	lsls	r2, r3, #2
10001076:	4b0c      	ldr	r3, [pc, #48]	; (100010a8 <alarm_pool_post_alloc_init+0x88>)
10001078:	50d6      	str	r6, [r2, r3]
1000107a:	2401      	movs	r4, #1
1000107c:	464b      	mov	r3, r9
1000107e:	409c      	lsls	r4, r3
10001080:	4643      	mov	r3, r8
10001082:	621c      	str	r4, [r3, #32]
10001084:	4909      	ldr	r1, [pc, #36]	; (100010ac <alarm_pool_post_alloc_init+0x8c>)
10001086:	4648      	mov	r0, r9
10001088:	f7ff fb32 	bl	100006f0 <irq_set_exclusive_handler>
1000108c:	2101      	movs	r1, #1
1000108e:	4648      	mov	r0, r9
10001090:	f7ff fb02 	bl	10000698 <irq_set_enabled>
10001094:	4906      	ldr	r1, [pc, #24]	; (100010b0 <alarm_pool_post_alloc_init+0x90>)
10001096:	4441      	add	r1, r8
10001098:	600c      	str	r4, [r1, #0]
1000109a:	bcc0      	pop	{r6, r7}
1000109c:	46b9      	mov	r9, r7
1000109e:	46b0      	mov	r8, r6
100010a0:	bdf8      	pop	{r3, r4, r5, r6, r7, pc}
100010a2:	46c0      	nop			; (mov r8, r8)
100010a4:	34000040 	.word	0x34000040
100010a8:	20001b20 	.word	0x20001b20
100010ac:	10000d3d 	.word	0x10000d3d
100010b0:	00002038 	.word	0x00002038

100010b4 <alarm_pool_get_default>:
100010b4:	b510      	push	{r4, lr}
100010b6:	4b06      	ldr	r3, [pc, #24]	; (100010d0 <alarm_pool_get_default+0x1c>)
100010b8:	691b      	ldr	r3, [r3, #16]
100010ba:	2b00      	cmp	r3, #0
100010bc:	d001      	beq.n	100010c2 <alarm_pool_get_default+0xe>
100010be:	4804      	ldr	r0, [pc, #16]	; (100010d0 <alarm_pool_get_default+0x1c>)
100010c0:	bd10      	pop	{r4, pc}
100010c2:	4b04      	ldr	r3, [pc, #16]	; (100010d4 <alarm_pool_get_default+0x20>)
100010c4:	4a04      	ldr	r2, [pc, #16]	; (100010d8 <alarm_pool_get_default+0x24>)
100010c6:	2165      	movs	r1, #101	; 0x65
100010c8:	4804      	ldr	r0, [pc, #16]	; (100010dc <alarm_pool_get_default+0x28>)
100010ca:	f002 fcdb 	bl	10003a84 <__assert_func>
100010ce:	46c0      	nop			; (mov r8, r8)
100010d0:	20000c44 	.word	0x20000c44
100010d4:	100071c0 	.word	0x100071c0
100010d8:	100071e4 	.word	0x100071e4
100010dc:	10007178 	.word	0x10007178

100010e0 <alarm_pool_add_alarm_at_force_in_context>:
100010e0:	b5f0      	push	{r4, r5, r6, r7, lr}
100010e2:	46c6      	mov	lr, r8
100010e4:	b500      	push	{lr}
100010e6:	0004      	movs	r4, r0
100010e8:	6900      	ldr	r0, [r0, #16]
100010ea:	f3ef 8c10 	mrs	ip, PRIMASK
100010ee:	b672      	cpsid	i
100010f0:	6801      	ldr	r1, [r0, #0]
100010f2:	2900      	cmp	r1, #0
100010f4:	d0fc      	beq.n	100010f0 <alarm_pool_add_alarm_at_force_in_context+0x10>
100010f6:	f3bf 8f5f 	dmb	sy
100010fa:	2102      	movs	r1, #2
100010fc:	5e66      	ldrsh	r6, [r4, r1]
100010fe:	0075      	lsls	r5, r6, #1
10001100:	19ad      	adds	r5, r5, r6
10001102:	00ed      	lsls	r5, r5, #3
10001104:	6961      	ldr	r1, [r4, #20]
10001106:	4688      	mov	r8, r1
10001108:	4445      	add	r5, r8
1000110a:	2e00      	cmp	r6, #0
1000110c:	db02      	blt.n	10001114 <alarm_pool_add_alarm_at_force_in_context+0x34>
1000110e:	2000      	movs	r0, #0
10001110:	5e29      	ldrsh	r1, [r5, r0]
10001112:	8061      	strh	r1, [r4, #2]
10001114:	6921      	ldr	r1, [r4, #16]
10001116:	f3bf 8f5f 	dmb	sy
1000111a:	2000      	movs	r0, #0
1000111c:	6008      	str	r0, [r1, #0]
1000111e:	f38c 8810 	msr	PRIMASK, ip
10001122:	2e00      	cmp	r6, #0
10001124:	db2e      	blt.n	10001184 <alarm_pool_add_alarm_at_force_in_context+0xa4>
10001126:	9906      	ldr	r1, [sp, #24]
10001128:	6129      	str	r1, [r5, #16]
1000112a:	9907      	ldr	r1, [sp, #28]
1000112c:	6169      	str	r1, [r5, #20]
1000112e:	60aa      	str	r2, [r5, #8]
10001130:	60eb      	str	r3, [r5, #12]
10001132:	886b      	ldrh	r3, [r5, #2]
10001134:	3301      	adds	r3, #1
10001136:	045b      	lsls	r3, r3, #17
10001138:	0c59      	lsrs	r1, r3, #17
1000113a:	2b00      	cmp	r3, #0
1000113c:	d100      	bne.n	10001140 <alarm_pool_add_alarm_at_force_in_context+0x60>
1000113e:	2101      	movs	r1, #1
10001140:	8069      	strh	r1, [r5, #2]
10001142:	0030      	movs	r0, r6
10001144:	f7ff fdde 	bl	10000d04 <make_alarm_id>
10001148:	6922      	ldr	r2, [r4, #16]
1000114a:	f3ef 8110 	mrs	r1, PRIMASK
1000114e:	b672      	cpsid	i
10001150:	6813      	ldr	r3, [r2, #0]
10001152:	2b00      	cmp	r3, #0
10001154:	d0fc      	beq.n	10001150 <alarm_pool_add_alarm_at_force_in_context+0x70>
10001156:	f3bf 8f5f 	dmb	sy
1000115a:	88a3      	ldrh	r3, [r4, #4]
1000115c:	802b      	strh	r3, [r5, #0]
1000115e:	80a6      	strh	r6, [r4, #4]
10001160:	6923      	ldr	r3, [r4, #16]
10001162:	f3bf 8f5f 	dmb	sy
10001166:	2200      	movs	r2, #0
10001168:	601a      	str	r2, [r3, #0]
1000116a:	f381 8810 	msr	PRIMASK, r1
1000116e:	68e3      	ldr	r3, [r4, #12]
10001170:	7821      	ldrb	r1, [r4, #0]
10001172:	3201      	adds	r2, #1
10001174:	408a      	lsls	r2, r1
10001176:	4905      	ldr	r1, [pc, #20]	; (1000118c <alarm_pool_add_alarm_at_force_in_context+0xac>)
10001178:	468c      	mov	ip, r1
1000117a:	4463      	add	r3, ip
1000117c:	601a      	str	r2, [r3, #0]
1000117e:	bc80      	pop	{r7}
10001180:	46b8      	mov	r8, r7
10001182:	bdf0      	pop	{r4, r5, r6, r7, pc}
10001184:	2001      	movs	r0, #1
10001186:	4240      	negs	r0, r0
10001188:	e7f9      	b.n	1000117e <alarm_pool_add_alarm_at_force_in_context+0x9e>
1000118a:	46c0      	nop			; (mov r8, r8)
1000118c:	0000203c 	.word	0x0000203c

10001190 <alarm_pool_add_alarm_at>:
10001190:	b570      	push	{r4, r5, r6, lr}
10001192:	b082      	sub	sp, #8
10001194:	0006      	movs	r6, r0
10001196:	0014      	movs	r4, r2
10001198:	001d      	movs	r5, r3
1000119a:	ab08      	add	r3, sp, #32
1000119c:	781b      	ldrb	r3, [r3, #0]
1000119e:	2b00      	cmp	r3, #0
100011a0:	d107      	bne.n	100011b2 <alarm_pool_add_alarm_at+0x22>
100011a2:	f000 f919 	bl	100013d8 <time_us_64>
100011a6:	0022      	movs	r2, r4
100011a8:	002b      	movs	r3, r5
100011aa:	1a12      	subs	r2, r2, r0
100011ac:	418b      	sbcs	r3, r1
100011ae:	2b00      	cmp	r3, #0
100011b0:	db0a      	blt.n	100011c8 <alarm_pool_add_alarm_at+0x38>
100011b2:	9b07      	ldr	r3, [sp, #28]
100011b4:	9301      	str	r3, [sp, #4]
100011b6:	9b06      	ldr	r3, [sp, #24]
100011b8:	9300      	str	r3, [sp, #0]
100011ba:	0022      	movs	r2, r4
100011bc:	002b      	movs	r3, r5
100011be:	0030      	movs	r0, r6
100011c0:	f7ff ff8e 	bl	100010e0 <alarm_pool_add_alarm_at_force_in_context>
100011c4:	b002      	add	sp, #8
100011c6:	bd70      	pop	{r4, r5, r6, pc}
100011c8:	2000      	movs	r0, #0
100011ca:	e7fb      	b.n	100011c4 <alarm_pool_add_alarm_at+0x34>

100011cc <alarm_pool_cancel_alarm>:
100011cc:	b510      	push	{r4, lr}
100011ce:	0003      	movs	r3, r0
100011d0:	1408      	asrs	r0, r1, #16
100011d2:	895a      	ldrh	r2, [r3, #10]
100011d4:	4290      	cmp	r0, r2
100011d6:	da2f      	bge.n	10001238 <alarm_pool_cancel_alarm+0x6c>
100011d8:	0042      	lsls	r2, r0, #1
100011da:	1812      	adds	r2, r2, r0
100011dc:	00d2      	lsls	r2, r2, #3
100011de:	6958      	ldr	r0, [r3, #20]
100011e0:	4684      	mov	ip, r0
100011e2:	4462      	add	r2, ip
100011e4:	691c      	ldr	r4, [r3, #16]
100011e6:	f3ef 8c10 	mrs	ip, PRIMASK
100011ea:	b672      	cpsid	i
100011ec:	6820      	ldr	r0, [r4, #0]
100011ee:	2800      	cmp	r0, #0
100011f0:	d0fc      	beq.n	100011ec <alarm_pool_cancel_alarm+0x20>
100011f2:	f3bf 8f5f 	dmb	sy
100011f6:	8850      	ldrh	r0, [r2, #2]
100011f8:	b280      	uxth	r0, r0
100011fa:	0409      	lsls	r1, r1, #16
100011fc:	0c09      	lsrs	r1, r1, #16
100011fe:	4288      	cmp	r0, r1
10001200:	d012      	beq.n	10001228 <alarm_pool_cancel_alarm+0x5c>
10001202:	2000      	movs	r0, #0
10001204:	691a      	ldr	r2, [r3, #16]
10001206:	f3bf 8f5f 	dmb	sy
1000120a:	2100      	movs	r1, #0
1000120c:	6011      	str	r1, [r2, #0]
1000120e:	f38c 8810 	msr	PRIMASK, ip
10001212:	2800      	cmp	r0, #0
10001214:	d011      	beq.n	1000123a <alarm_pool_cancel_alarm+0x6e>
10001216:	68da      	ldr	r2, [r3, #12]
10001218:	781b      	ldrb	r3, [r3, #0]
1000121a:	3101      	adds	r1, #1
1000121c:	4099      	lsls	r1, r3
1000121e:	4b07      	ldr	r3, [pc, #28]	; (1000123c <alarm_pool_cancel_alarm+0x70>)
10001220:	469c      	mov	ip, r3
10001222:	4462      	add	r2, ip
10001224:	6011      	str	r1, [r2, #0]
10001226:	e008      	b.n	1000123a <alarm_pool_cancel_alarm+0x6e>
10001228:	4905      	ldr	r1, [pc, #20]	; (10001240 <alarm_pool_cancel_alarm+0x74>)
1000122a:	4308      	orrs	r0, r1
1000122c:	b280      	uxth	r0, r0
1000122e:	8050      	strh	r0, [r2, #2]
10001230:	2201      	movs	r2, #1
10001232:	719a      	strb	r2, [r3, #6]
10001234:	2001      	movs	r0, #1
10001236:	e7e5      	b.n	10001204 <alarm_pool_cancel_alarm+0x38>
10001238:	2000      	movs	r0, #0
1000123a:	bd10      	pop	{r4, pc}
1000123c:	0000203c 	.word	0x0000203c
10001240:	ffff8000 	.word	0xffff8000

10001244 <alarm_pool_core_num>:
10001244:	7840      	ldrb	r0, [r0, #1]
10001246:	4770      	bx	lr

10001248 <best_effort_wfe_or_timeout>:
10001248:	b570      	push	{r4, r5, r6, lr}
1000124a:	b084      	sub	sp, #16
1000124c:	0005      	movs	r5, r0
1000124e:	000c      	movs	r4, r1
10001250:	f3ef 8305 	mrs	r3, IPSR
10001254:	2b00      	cmp	r3, #0
10001256:	d012      	beq.n	1000127e <best_effort_wfe_or_timeout+0x36>
10001258:	4b2f      	ldr	r3, [pc, #188]	; (10001318 <best_effort_wfe_or_timeout+0xd0>)
1000125a:	6a5b      	ldr	r3, [r3, #36]	; 0x24
1000125c:	4299      	cmp	r1, r3
1000125e:	d809      	bhi.n	10001274 <best_effort_wfe_or_timeout+0x2c>
10001260:	4a2d      	ldr	r2, [pc, #180]	; (10001318 <best_effort_wfe_or_timeout+0xd0>)
10001262:	6a92      	ldr	r2, [r2, #40]	; 0x28
10001264:	4282      	cmp	r2, r0
10001266:	d208      	bcs.n	1000127a <best_effort_wfe_or_timeout+0x32>
10001268:	4299      	cmp	r1, r3
1000126a:	d001      	beq.n	10001270 <best_effort_wfe_or_timeout+0x28>
1000126c:	2001      	movs	r0, #1
1000126e:	e002      	b.n	10001276 <best_effort_wfe_or_timeout+0x2e>
10001270:	2000      	movs	r0, #0
10001272:	e000      	b.n	10001276 <best_effort_wfe_or_timeout+0x2e>
10001274:	2000      	movs	r0, #0
10001276:	b004      	add	sp, #16
10001278:	bd70      	pop	{r4, r5, r6, pc}
1000127a:	2001      	movs	r0, #1
1000127c:	e7fb      	b.n	10001276 <best_effort_wfe_or_timeout+0x2e>
1000127e:	f7ff ff19 	bl	100010b4 <alarm_pool_get_default>
10001282:	2300      	movs	r3, #0
10001284:	9302      	str	r3, [sp, #8]
10001286:	9301      	str	r3, [sp, #4]
10001288:	4b24      	ldr	r3, [pc, #144]	; (1000131c <best_effort_wfe_or_timeout+0xd4>)
1000128a:	9300      	str	r3, [sp, #0]
1000128c:	002a      	movs	r2, r5
1000128e:	0023      	movs	r3, r4
10001290:	f7ff ff7e 	bl	10001190 <alarm_pool_add_alarm_at>
10001294:	1e06      	subs	r6, r0, #0
10001296:	dd0d      	ble.n	100012b4 <best_effort_wfe_or_timeout+0x6c>
10001298:	bf40      	sev
1000129a:	bf20      	wfe
1000129c:	4b1e      	ldr	r3, [pc, #120]	; (10001318 <best_effort_wfe_or_timeout+0xd0>)
1000129e:	6a5b      	ldr	r3, [r3, #36]	; 0x24
100012a0:	429c      	cmp	r4, r3
100012a2:	d81b      	bhi.n	100012dc <best_effort_wfe_or_timeout+0x94>
100012a4:	4a1c      	ldr	r2, [pc, #112]	; (10001318 <best_effort_wfe_or_timeout+0xd0>)
100012a6:	6a92      	ldr	r2, [r2, #40]	; 0x28
100012a8:	42aa      	cmp	r2, r5
100012aa:	d22c      	bcs.n	10001306 <best_effort_wfe_or_timeout+0xbe>
100012ac:	429c      	cmp	r4, r3
100012ae:	d013      	beq.n	100012d8 <best_effort_wfe_or_timeout+0x90>
100012b0:	2301      	movs	r3, #1
100012b2:	e014      	b.n	100012de <best_effort_wfe_or_timeout+0x96>
100012b4:	4b18      	ldr	r3, [pc, #96]	; (10001318 <best_effort_wfe_or_timeout+0xd0>)
100012b6:	6a5b      	ldr	r3, [r3, #36]	; 0x24
100012b8:	429c      	cmp	r4, r3
100012ba:	d809      	bhi.n	100012d0 <best_effort_wfe_or_timeout+0x88>
100012bc:	4a16      	ldr	r2, [pc, #88]	; (10001318 <best_effort_wfe_or_timeout+0xd0>)
100012be:	6a92      	ldr	r2, [r2, #40]	; 0x28
100012c0:	42aa      	cmp	r2, r5
100012c2:	d207      	bcs.n	100012d4 <best_effort_wfe_or_timeout+0x8c>
100012c4:	429c      	cmp	r4, r3
100012c6:	d001      	beq.n	100012cc <best_effort_wfe_or_timeout+0x84>
100012c8:	2001      	movs	r0, #1
100012ca:	e7d4      	b.n	10001276 <best_effort_wfe_or_timeout+0x2e>
100012cc:	2000      	movs	r0, #0
100012ce:	e7d2      	b.n	10001276 <best_effort_wfe_or_timeout+0x2e>
100012d0:	2000      	movs	r0, #0
100012d2:	e7d0      	b.n	10001276 <best_effort_wfe_or_timeout+0x2e>
100012d4:	2001      	movs	r0, #1
100012d6:	e7ce      	b.n	10001276 <best_effort_wfe_or_timeout+0x2e>
100012d8:	2300      	movs	r3, #0
100012da:	e000      	b.n	100012de <best_effort_wfe_or_timeout+0x96>
100012dc:	2300      	movs	r3, #0
100012de:	2b00      	cmp	r3, #0
100012e0:	d100      	bne.n	100012e4 <best_effort_wfe_or_timeout+0x9c>
100012e2:	bf20      	wfe
100012e4:	f7ff fee6 	bl	100010b4 <alarm_pool_get_default>
100012e8:	0031      	movs	r1, r6
100012ea:	f7ff ff6f 	bl	100011cc <alarm_pool_cancel_alarm>
100012ee:	4b0a      	ldr	r3, [pc, #40]	; (10001318 <best_effort_wfe_or_timeout+0xd0>)
100012f0:	6a5b      	ldr	r3, [r3, #36]	; 0x24
100012f2:	429c      	cmp	r4, r3
100012f4:	d80b      	bhi.n	1000130e <best_effort_wfe_or_timeout+0xc6>
100012f6:	4a08      	ldr	r2, [pc, #32]	; (10001318 <best_effort_wfe_or_timeout+0xd0>)
100012f8:	6a92      	ldr	r2, [r2, #40]	; 0x28
100012fa:	42aa      	cmp	r2, r5
100012fc:	d209      	bcs.n	10001312 <best_effort_wfe_or_timeout+0xca>
100012fe:	429c      	cmp	r4, r3
10001300:	d003      	beq.n	1000130a <best_effort_wfe_or_timeout+0xc2>
10001302:	2001      	movs	r0, #1
10001304:	e7b7      	b.n	10001276 <best_effort_wfe_or_timeout+0x2e>
10001306:	2301      	movs	r3, #1
10001308:	e7e9      	b.n	100012de <best_effort_wfe_or_timeout+0x96>
1000130a:	2000      	movs	r0, #0
1000130c:	e7b3      	b.n	10001276 <best_effort_wfe_or_timeout+0x2e>
1000130e:	2000      	movs	r0, #0
10001310:	e7b1      	b.n	10001276 <best_effort_wfe_or_timeout+0x2e>
10001312:	2001      	movs	r0, #1
10001314:	e7af      	b.n	10001276 <best_effort_wfe_or_timeout+0x2e>
10001316:	46c0      	nop			; (mov r8, r8)
10001318:	40054000 	.word	0x40054000
1000131c:	10000d0d 	.word	0x10000d0d

10001320 <alarm_pool_get_default_timer>:
10001320:	4800      	ldr	r0, [pc, #0]	; (10001324 <alarm_pool_get_default_timer+0x4>)
10001322:	4770      	bx	lr
10001324:	40054000 	.word	0x40054000

10001328 <runtime_init_default_alarm_pool>:
10001328:	b510      	push	{r4, lr}
1000132a:	4b0b      	ldr	r3, [pc, #44]	; (10001358 <runtime_init_default_alarm_pool+0x30>)
1000132c:	691b      	ldr	r3, [r3, #16]
1000132e:	2b00      	cmp	r3, #0
10001330:	d004      	beq.n	1000133c <runtime_init_default_alarm_pool+0x14>
10001332:	210a      	movs	r1, #10
10001334:	4809      	ldr	r0, [pc, #36]	; (1000135c <runtime_init_default_alarm_pool+0x34>)
10001336:	f7ff fc87 	bl	10000c48 <lock_init>
1000133a:	bd10      	pop	{r4, pc}
1000133c:	f7ff fff0 	bl	10001320 <alarm_pool_get_default_timer>
10001340:	0004      	movs	r4, r0
10001342:	2103      	movs	r1, #3
10001344:	f000 f80c 	bl	10001360 <timer_hardware_alarm_claim>
10001348:	2310      	movs	r3, #16
1000134a:	2203      	movs	r2, #3
1000134c:	0021      	movs	r1, r4
1000134e:	4802      	ldr	r0, [pc, #8]	; (10001358 <runtime_init_default_alarm_pool+0x30>)
10001350:	f7ff fe66 	bl	10001020 <alarm_pool_post_alloc_init>
10001354:	e7ed      	b.n	10001332 <runtime_init_default_alarm_pool+0xa>
10001356:	46c0      	nop			; (mov r8, r8)
10001358:	20000c44 	.word	0x20000c44
1000135c:	20001d3c 	.word	0x20001d3c

10001360 <timer_hardware_alarm_claim>:
10001360:	b510      	push	{r4, lr}
10001362:	4a02      	ldr	r2, [pc, #8]	; (1000136c <timer_hardware_alarm_claim+0xc>)
10001364:	4802      	ldr	r0, [pc, #8]	; (10001370 <timer_hardware_alarm_claim+0x10>)
10001366:	f7ff f8a1 	bl	100004ac <hw_claim_or_assert>
1000136a:	bd10      	pop	{r4, pc}
1000136c:	10007214 	.word	0x10007214
10001370:	20001694 	.word	0x20001694

10001374 <timer_time_us_64>:
10001374:	0002      	movs	r2, r0
10001376:	6a43      	ldr	r3, [r0, #36]	; 0x24
10001378:	6a90      	ldr	r0, [r2, #40]	; 0x28
1000137a:	0019      	movs	r1, r3
1000137c:	6a53      	ldr	r3, [r2, #36]	; 0x24
1000137e:	4299      	cmp	r1, r3
10001380:	d1fa      	bne.n	10001378 <timer_time_us_64+0x4>
10001382:	4770      	bx	lr

10001384 <timer_busy_wait_until>:
10001384:	6a41      	ldr	r1, [r0, #36]	; 0x24
10001386:	e000      	b.n	1000138a <timer_busy_wait_until+0x6>
10001388:	6a41      	ldr	r1, [r0, #36]	; 0x24
1000138a:	4299      	cmp	r1, r3
1000138c:	d3fc      	bcc.n	10001388 <timer_busy_wait_until+0x4>
1000138e:	e000      	b.n	10001392 <timer_busy_wait_until+0xe>
10001390:	6a41      	ldr	r1, [r0, #36]	; 0x24
10001392:	4299      	cmp	r1, r3
10001394:	d102      	bne.n	1000139c <timer_busy_wait_until+0x18>
10001396:	6a81      	ldr	r1, [r0, #40]	; 0x28
10001398:	4291      	cmp	r1, r2
1000139a:	d3f9      	bcc.n	10001390 <timer_busy_wait_until+0xc>
1000139c:	4770      	bx	lr

1000139e <timer_busy_wait_us>:
1000139e:	b5f0      	push	{r4, r5, r6, r7, lr}
100013a0:	46c6      	mov	lr, r8
100013a2:	b500      	push	{lr}
100013a4:	4680      	mov	r8, r0
100013a6:	0014      	movs	r4, r2
100013a8:	001d      	movs	r5, r3
100013aa:	f7ff ffe3 	bl	10001374 <timer_time_us_64>
100013ae:	0006      	movs	r6, r0
100013b0:	000f      	movs	r7, r1
100013b2:	0022      	movs	r2, r4
100013b4:	002b      	movs	r3, r5
100013b6:	1992      	adds	r2, r2, r6
100013b8:	417b      	adcs	r3, r7
100013ba:	4299      	cmp	r1, r3
100013bc:	d802      	bhi.n	100013c4 <timer_busy_wait_us+0x26>
100013be:	d104      	bne.n	100013ca <timer_busy_wait_us+0x2c>
100013c0:	4290      	cmp	r0, r2
100013c2:	d902      	bls.n	100013ca <timer_busy_wait_us+0x2c>
100013c4:	2201      	movs	r2, #1
100013c6:	4252      	negs	r2, r2
100013c8:	17d3      	asrs	r3, r2, #31
100013ca:	4640      	mov	r0, r8
100013cc:	f7ff ffda 	bl	10001384 <timer_busy_wait_until>
100013d0:	bc80      	pop	{r7}
100013d2:	46b8      	mov	r8, r7
100013d4:	bdf0      	pop	{r4, r5, r6, r7, pc}
	...

100013d8 <time_us_64>:
100013d8:	b510      	push	{r4, lr}
100013da:	4802      	ldr	r0, [pc, #8]	; (100013e4 <time_us_64+0xc>)
100013dc:	f7ff ffca 	bl	10001374 <timer_time_us_64>
100013e0:	bd10      	pop	{r4, pc}
100013e2:	46c0      	nop			; (mov r8, r8)
100013e4:	40054000 	.word	0x40054000

100013e8 <busy_wait_us>:
100013e8:	b510      	push	{r4, lr}
100013ea:	0002      	movs	r2, r0
100013ec:	000b      	movs	r3, r1
100013ee:	4802      	ldr	r0, [pc, #8]	; (100013f8 <busy_wait_us+0x10>)
100013f0:	f7ff ffd5 	bl	1000139e <timer_busy_wait_us>
100013f4:	bd10      	pop	{r4, pc}
100013f6:	46c0      	nop			; (mov r8, r8)
100013f8:	40054000 	.word	0x40054000

100013fc <uart_disable_before_lcr_write>:
100013fc:	b570      	push	{r4, r5, r6, lr}
100013fe:	6b04      	ldr	r4, [r0, #48]	; 0x30
10001400:	07e3      	lsls	r3, r4, #31
10001402:	d401      	bmi.n	10001408 <uart_disable_before_lcr_write+0xc>
10001404:	0020      	movs	r0, r4
10001406:	bd70      	pop	{r4, r5, r6, pc}
10001408:	4b0b      	ldr	r3, [pc, #44]	; (10001438 <uart_disable_before_lcr_write+0x3c>)
1000140a:	18c3      	adds	r3, r0, r3
1000140c:	4a0b      	ldr	r2, [pc, #44]	; (1000143c <uart_disable_before_lcr_write+0x40>)
1000140e:	601a      	str	r2, [r3, #0]
10001410:	6a45      	ldr	r5, [r0, #36]	; 0x24
10001412:	6a82      	ldr	r2, [r0, #40]	; 0x28
10001414:	01ad      	lsls	r5, r5, #6
10001416:	18ad      	adds	r5, r5, r2
10001418:	02ad      	lsls	r5, r5, #10
1000141a:	2006      	movs	r0, #6
1000141c:	f000 f926 	bl	1000166c <clock_get_hz>
10001420:	4907      	ldr	r1, [pc, #28]	; (10001440 <uart_disable_before_lcr_write+0x44>)
10001422:	f000 fb89 	bl	10001b38 <__wrap___aeabi_uidiv>
10001426:	0001      	movs	r1, r0
10001428:	0028      	movs	r0, r5
1000142a:	f000 fb85 	bl	10001b38 <__wrap___aeabi_uidiv>
1000142e:	2100      	movs	r1, #0
10001430:	f7ff ffda 	bl	100013e8 <busy_wait_us>
10001434:	e7e6      	b.n	10001404 <uart_disable_before_lcr_write+0x8>
10001436:	46c0      	nop			; (mov r8, r8)
10001438:	00003030 	.word	0x00003030
1000143c:	00000301 	.word	0x00000301
10001440:	00000e4e 	.word	0x00000e4e

10001444 <uart_write_lcr_bits_masked>:
10001444:	b570      	push	{r4, r5, r6, lr}
10001446:	0004      	movs	r4, r0
10001448:	000e      	movs	r6, r1
1000144a:	0015      	movs	r5, r2
1000144c:	f7ff ffd6 	bl	100013fc <uart_disable_before_lcr_write>
10001450:	6ae1      	ldr	r1, [r4, #44]	; 0x2c
10001452:	404e      	eors	r6, r1
10001454:	4035      	ands	r5, r6
10001456:	4b02      	ldr	r3, [pc, #8]	; (10001460 <uart_write_lcr_bits_masked+0x1c>)
10001458:	18e3      	adds	r3, r4, r3
1000145a:	601d      	str	r5, [r3, #0]
1000145c:	6320      	str	r0, [r4, #48]	; 0x30
1000145e:	bd70      	pop	{r4, r5, r6, pc}
10001460:	0000102c 	.word	0x0000102c

10001464 <uart_set_baudrate>:
10001464:	b570      	push	{r4, r5, r6, lr}
10001466:	0005      	movs	r5, r0
10001468:	000c      	movs	r4, r1
1000146a:	2006      	movs	r0, #6
1000146c:	f000 f8fe 	bl	1000166c <clock_get_hz>
10001470:	00c0      	lsls	r0, r0, #3
10001472:	0021      	movs	r1, r4
10001474:	f000 fb60 	bl	10001b38 <__wrap___aeabi_uidiv>
10001478:	3001      	adds	r0, #1
1000147a:	09c6      	lsrs	r6, r0, #7
1000147c:	d007      	beq.n	1000148e <uart_set_baudrate+0x2a>
1000147e:	4b0e      	ldr	r3, [pc, #56]	; (100014b8 <uart_set_baudrate+0x54>)
10001480:	429e      	cmp	r6, r3
10001482:	d815      	bhi.n	100014b0 <uart_set_baudrate+0x4c>
10001484:	0840      	lsrs	r0, r0, #1
10001486:	0034      	movs	r4, r6
10001488:	263f      	movs	r6, #63	; 0x3f
1000148a:	4006      	ands	r6, r0
1000148c:	e000      	b.n	10001490 <uart_set_baudrate+0x2c>
1000148e:	2401      	movs	r4, #1
10001490:	626c      	str	r4, [r5, #36]	; 0x24
10001492:	62ae      	str	r6, [r5, #40]	; 0x28
10001494:	2200      	movs	r2, #0
10001496:	2100      	movs	r1, #0
10001498:	0028      	movs	r0, r5
1000149a:	f7ff ffd3 	bl	10001444 <uart_write_lcr_bits_masked>
1000149e:	2006      	movs	r0, #6
100014a0:	f000 f8e4 	bl	1000166c <clock_get_hz>
100014a4:	0080      	lsls	r0, r0, #2
100014a6:	01a1      	lsls	r1, r4, #6
100014a8:	1989      	adds	r1, r1, r6
100014aa:	f000 fb45 	bl	10001b38 <__wrap___aeabi_uidiv>
100014ae:	bd70      	pop	{r4, r5, r6, pc}
100014b0:	2600      	movs	r6, #0
100014b2:	4c02      	ldr	r4, [pc, #8]	; (100014bc <uart_set_baudrate+0x58>)
100014b4:	e7ec      	b.n	10001490 <uart_set_baudrate+0x2c>
100014b6:	46c0      	nop			; (mov r8, r8)
100014b8:	0000fffe 	.word	0x0000fffe
100014bc:	0000ffff 	.word	0x0000ffff

100014c0 <uart_set_translate_crlf>:
100014c0:	2900      	cmp	r1, #0
100014c2:	d009      	beq.n	100014d8 <uart_set_translate_crlf+0x18>
100014c4:	220a      	movs	r2, #10
100014c6:	4b06      	ldr	r3, [pc, #24]	; (100014e0 <uart_set_translate_crlf+0x20>)
100014c8:	469c      	mov	ip, r3
100014ca:	4460      	add	r0, ip
100014cc:	4243      	negs	r3, r0
100014ce:	4158      	adcs	r0, r3
100014d0:	0040      	lsls	r0, r0, #1
100014d2:	4b04      	ldr	r3, [pc, #16]	; (100014e4 <uart_set_translate_crlf+0x24>)
100014d4:	52c2      	strh	r2, [r0, r3]
100014d6:	4770      	bx	lr
100014d8:	2280      	movs	r2, #128	; 0x80
100014da:	0052      	lsls	r2, r2, #1
100014dc:	e7f3      	b.n	100014c6 <uart_set_translate_crlf+0x6>
100014de:	46c0      	nop			; (mov r8, r8)
100014e0:	bffc8000 	.word	0xbffc8000
100014e4:	20001d48 	.word	0x20001d48

100014e8 <uart_init>:
100014e8:	b570      	push	{r4, r5, r6, lr}
100014ea:	0005      	movs	r5, r0
100014ec:	000c      	movs	r4, r1
100014ee:	2006      	movs	r0, #6
100014f0:	f000 f8bc 	bl	1000166c <clock_get_hz>
100014f4:	2800      	cmp	r0, #0
100014f6:	d028      	beq.n	1000154a <uart_init+0x62>
100014f8:	4b16      	ldr	r3, [pc, #88]	; (10001554 <uart_init+0x6c>)
100014fa:	429d      	cmp	r5, r3
100014fc:	d026      	beq.n	1000154c <uart_init+0x64>
100014fe:	2216      	movs	r2, #22
10001500:	2301      	movs	r3, #1
10001502:	4093      	lsls	r3, r2
10001504:	4a14      	ldr	r2, [pc, #80]	; (10001558 <uart_init+0x70>)
10001506:	6013      	str	r3, [r2, #0]
10001508:	4b12      	ldr	r3, [pc, #72]	; (10001554 <uart_init+0x6c>)
1000150a:	429d      	cmp	r5, r3
1000150c:	d020      	beq.n	10001550 <uart_init+0x68>
1000150e:	2316      	movs	r3, #22
10001510:	2201      	movs	r2, #1
10001512:	409a      	lsls	r2, r3
10001514:	4b11      	ldr	r3, [pc, #68]	; (1000155c <uart_init+0x74>)
10001516:	601a      	str	r2, [r3, #0]
10001518:	4b11      	ldr	r3, [pc, #68]	; (10001560 <uart_init+0x78>)
1000151a:	681b      	ldr	r3, [r3, #0]
1000151c:	0011      	movs	r1, r2
1000151e:	4399      	bics	r1, r3
10001520:	d1fa      	bne.n	10001518 <uart_init+0x30>
10001522:	2100      	movs	r1, #0
10001524:	0028      	movs	r0, r5
10001526:	f7ff ffcb 	bl	100014c0 <uart_set_translate_crlf>
1000152a:	0021      	movs	r1, r4
1000152c:	0028      	movs	r0, r5
1000152e:	f7ff ff99 	bl	10001464 <uart_set_baudrate>
10001532:	6aeb      	ldr	r3, [r5, #44]	; 0x2c
10001534:	2270      	movs	r2, #112	; 0x70
10001536:	405a      	eors	r2, r3
10001538:	237e      	movs	r3, #126	; 0x7e
1000153a:	4013      	ands	r3, r2
1000153c:	4a09      	ldr	r2, [pc, #36]	; (10001564 <uart_init+0x7c>)
1000153e:	18aa      	adds	r2, r5, r2
10001540:	6013      	str	r3, [r2, #0]
10001542:	4b09      	ldr	r3, [pc, #36]	; (10001568 <uart_init+0x80>)
10001544:	632b      	str	r3, [r5, #48]	; 0x30
10001546:	2303      	movs	r3, #3
10001548:	64ab      	str	r3, [r5, #72]	; 0x48
1000154a:	bd70      	pop	{r4, r5, r6, pc}
1000154c:	2217      	movs	r2, #23
1000154e:	e7d7      	b.n	10001500 <uart_init+0x18>
10001550:	2317      	movs	r3, #23
10001552:	e7dd      	b.n	10001510 <uart_init+0x28>
10001554:	40038000 	.word	0x40038000
10001558:	4000e000 	.word	0x4000e000
1000155c:	4000f000 	.word	0x4000f000
10001560:	4000c008 	.word	0x4000c008
10001564:	0000102c 	.word	0x0000102c
10001568:	00000301 	.word	0x00000301

1000156c <clock_configure_internal>:
1000156c:	b5f8      	push	{r3, r4, r5, r6, r7, lr}
1000156e:	46d6      	mov	lr, sl
10001570:	4647      	mov	r7, r8
10001572:	b580      	push	{r7, lr}
10001574:	0006      	movs	r6, r0
10001576:	000d      	movs	r5, r1
10001578:	0017      	movs	r7, r2
1000157a:	4698      	mov	r8, r3
1000157c:	0044      	lsls	r4, r0, #1
1000157e:	1824      	adds	r4, r4, r0
10001580:	00a4      	lsls	r4, r4, #2
10001582:	4b29      	ldr	r3, [pc, #164]	; (10001628 <clock_configure_internal+0xbc>)
10001584:	469c      	mov	ip, r3
10001586:	4464      	add	r4, ip
10001588:	6863      	ldr	r3, [r4, #4]
1000158a:	9a08      	ldr	r2, [sp, #32]
1000158c:	4293      	cmp	r3, r2
1000158e:	d200      	bcs.n	10001592 <clock_configure_internal+0x26>
10001590:	6062      	str	r2, [r4, #4]
10001592:	1f33      	subs	r3, r6, #4
10001594:	b2db      	uxtb	r3, r3
10001596:	469a      	mov	sl, r3
10001598:	2b01      	cmp	r3, #1
1000159a:	d92e      	bls.n	100015fa <clock_configure_internal+0x8e>
1000159c:	2280      	movs	r2, #128	; 0x80
1000159e:	0112      	lsls	r2, r2, #4
100015a0:	23c0      	movs	r3, #192	; 0xc0
100015a2:	019b      	lsls	r3, r3, #6
100015a4:	18e3      	adds	r3, r4, r3
100015a6:	601a      	str	r2, [r3, #0]
100015a8:	00b3      	lsls	r3, r6, #2
100015aa:	4a20      	ldr	r2, [pc, #128]	; (1000162c <clock_configure_internal+0xc0>)
100015ac:	5899      	ldr	r1, [r3, r2]
100015ae:	2900      	cmp	r1, #0
100015b0:	d007      	beq.n	100015c2 <clock_configure_internal+0x56>
100015b2:	6950      	ldr	r0, [r2, #20]
100015b4:	f000 fac0 	bl	10001b38 <__wrap___aeabi_uidiv>
100015b8:	1c43      	adds	r3, r0, #1
100015ba:	0058      	lsls	r0, r3, #1
100015bc:	18c0      	adds	r0, r0, r3
100015be:	3803      	subs	r0, #3
100015c0:	d2fd      	bcs.n	100015be <clock_configure_internal+0x52>
100015c2:	017f      	lsls	r7, r7, #5
100015c4:	6822      	ldr	r2, [r4, #0]
100015c6:	4057      	eors	r7, r2
100015c8:	22e0      	movs	r2, #224	; 0xe0
100015ca:	4017      	ands	r7, r2
100015cc:	2380      	movs	r3, #128	; 0x80
100015ce:	015b      	lsls	r3, r3, #5
100015d0:	18e3      	adds	r3, r4, r3
100015d2:	601f      	str	r7, [r3, #0]
100015d4:	4652      	mov	r2, sl
100015d6:	2a01      	cmp	r2, #1
100015d8:	d91a      	bls.n	10001610 <clock_configure_internal+0xa4>
100015da:	2380      	movs	r3, #128	; 0x80
100015dc:	019b      	lsls	r3, r3, #6
100015de:	18e3      	adds	r3, r4, r3
100015e0:	2280      	movs	r2, #128	; 0x80
100015e2:	0112      	lsls	r2, r2, #4
100015e4:	601a      	str	r2, [r3, #0]
100015e6:	9b08      	ldr	r3, [sp, #32]
100015e8:	6063      	str	r3, [r4, #4]
100015ea:	00b6      	lsls	r6, r6, #2
100015ec:	4b0f      	ldr	r3, [pc, #60]	; (1000162c <clock_configure_internal+0xc0>)
100015ee:	4642      	mov	r2, r8
100015f0:	50f2      	str	r2, [r6, r3]
100015f2:	bcc0      	pop	{r6, r7}
100015f4:	46ba      	mov	sl, r7
100015f6:	46b0      	mov	r8, r6
100015f8:	bdf8      	pop	{r3, r4, r5, r6, r7, pc}
100015fa:	2d01      	cmp	r5, #1
100015fc:	d1ce      	bne.n	1000159c <clock_configure_internal+0x30>
100015fe:	2203      	movs	r2, #3
10001600:	23c0      	movs	r3, #192	; 0xc0
10001602:	019b      	lsls	r3, r3, #6
10001604:	18e3      	adds	r3, r4, r3
10001606:	601a      	str	r2, [r3, #0]
10001608:	68a3      	ldr	r3, [r4, #8]
1000160a:	07db      	lsls	r3, r3, #31
1000160c:	d5fc      	bpl.n	10001608 <clock_configure_internal+0x9c>
1000160e:	e7d8      	b.n	100015c2 <clock_configure_internal+0x56>
10001610:	6821      	ldr	r1, [r4, #0]
10001612:	4069      	eors	r1, r5
10001614:	2203      	movs	r2, #3
10001616:	400a      	ands	r2, r1
10001618:	601a      	str	r2, [r3, #0]
1000161a:	68a3      	ldr	r3, [r4, #8]
1000161c:	2201      	movs	r2, #1
1000161e:	40aa      	lsls	r2, r5
10001620:	421a      	tst	r2, r3
10001622:	d0fa      	beq.n	1000161a <clock_configure_internal+0xae>
10001624:	e7d9      	b.n	100015da <clock_configure_internal+0x6e>
10001626:	46c0      	nop			; (mov r8, r8)
10001628:	40008000 	.word	0x40008000
1000162c:	20001698 	.word	0x20001698

10001630 <clock_configure_int_divider>:
10001630:	b5f0      	push	{r4, r5, r6, r7, lr}
10001632:	b083      	sub	sp, #12
10001634:	0005      	movs	r5, r0
10001636:	000e      	movs	r6, r1
10001638:	0017      	movs	r7, r2
1000163a:	0018      	movs	r0, r3
1000163c:	9908      	ldr	r1, [sp, #32]
1000163e:	f000 fa7b 	bl	10001b38 <__wrap___aeabi_uidiv>
10001642:	0003      	movs	r3, r0
10001644:	9a08      	ldr	r2, [sp, #32]
10001646:	0214      	lsls	r4, r2, #8
10001648:	9400      	str	r4, [sp, #0]
1000164a:	003a      	movs	r2, r7
1000164c:	0031      	movs	r1, r6
1000164e:	0028      	movs	r0, r5
10001650:	f7ff ff8c 	bl	1000156c <clock_configure_internal>
10001654:	b003      	add	sp, #12
10001656:	bdf0      	pop	{r4, r5, r6, r7, pc}

10001658 <clock_configure_undivided>:
10001658:	b510      	push	{r4, lr}
1000165a:	b082      	sub	sp, #8
1000165c:	2480      	movs	r4, #128	; 0x80
1000165e:	0064      	lsls	r4, r4, #1
10001660:	9400      	str	r4, [sp, #0]
10001662:	f7ff ff83 	bl	1000156c <clock_configure_internal>
10001666:	b002      	add	sp, #8
10001668:	bd10      	pop	{r4, pc}
	...

1000166c <clock_get_hz>:
1000166c:	0080      	lsls	r0, r0, #2
1000166e:	4b01      	ldr	r3, [pc, #4]	; (10001674 <clock_get_hz+0x8>)
10001670:	58c0      	ldr	r0, [r0, r3]
10001672:	4770      	bx	lr
10001674:	20001698 	.word	0x20001698

10001678 <pll_init>:
10001678:	b5f0      	push	{r4, r5, r6, r7, lr}
1000167a:	46c6      	mov	lr, r8
1000167c:	b500      	push	{lr}
1000167e:	0004      	movs	r4, r0
10001680:	000e      	movs	r6, r1
10001682:	0017      	movs	r7, r2
10001684:	001d      	movs	r5, r3
10001686:	4836      	ldr	r0, [pc, #216]	; (10001760 <pll_init+0xe8>)
10001688:	f000 fa56 	bl	10001b38 <__wrap___aeabi_uidiv>
1000168c:	4680      	mov	r8, r0
1000168e:	4b35      	ldr	r3, [pc, #212]	; (10001764 <pll_init+0xec>)
10001690:	18fa      	adds	r2, r7, r3
10001692:	4b35      	ldr	r3, [pc, #212]	; (10001768 <pll_init+0xf0>)
10001694:	429a      	cmp	r2, r3
10001696:	d838      	bhi.n	1000170a <pll_init+0x92>
10001698:	0001      	movs	r1, r0
1000169a:	0038      	movs	r0, r7
1000169c:	f000 fa4c 	bl	10001b38 <__wrap___aeabi_uidiv>
100016a0:	0002      	movs	r2, r0
100016a2:	3a10      	subs	r2, #16
100016a4:	2398      	movs	r3, #152	; 0x98
100016a6:	005b      	lsls	r3, r3, #1
100016a8:	429a      	cmp	r2, r3
100016aa:	d834      	bhi.n	10001716 <pll_init+0x9e>
100016ac:	1e6b      	subs	r3, r5, #1
100016ae:	2b06      	cmp	r3, #6
100016b0:	d837      	bhi.n	10001722 <pll_init+0xaa>
100016b2:	9b06      	ldr	r3, [sp, #24]
100016b4:	3b01      	subs	r3, #1
100016b6:	2b06      	cmp	r3, #6
100016b8:	d833      	bhi.n	10001722 <pll_init+0xaa>
100016ba:	093f      	lsrs	r7, r7, #4
100016bc:	4547      	cmp	r7, r8
100016be:	d336      	bcc.n	1000172e <pll_init+0xb6>
100016c0:	042d      	lsls	r5, r5, #16
100016c2:	9b06      	ldr	r3, [sp, #24]
100016c4:	031a      	lsls	r2, r3, #12
100016c6:	4315      	orrs	r5, r2
100016c8:	6823      	ldr	r3, [r4, #0]
100016ca:	2b00      	cmp	r3, #0
100016cc:	db35      	blt.n	1000173a <pll_init+0xc2>
100016ce:	4b27      	ldr	r3, [pc, #156]	; (1000176c <pll_init+0xf4>)
100016d0:	429c      	cmp	r4, r3
100016d2:	d043      	beq.n	1000175c <pll_init+0xe4>
100016d4:	230c      	movs	r3, #12
100016d6:	2201      	movs	r2, #1
100016d8:	409a      	lsls	r2, r3
100016da:	4b25      	ldr	r3, [pc, #148]	; (10001770 <pll_init+0xf8>)
100016dc:	601a      	str	r2, [r3, #0]
100016de:	4b25      	ldr	r3, [pc, #148]	; (10001774 <pll_init+0xfc>)
100016e0:	601a      	str	r2, [r3, #0]
100016e2:	4b25      	ldr	r3, [pc, #148]	; (10001778 <pll_init+0x100>)
100016e4:	681b      	ldr	r3, [r3, #0]
100016e6:	0011      	movs	r1, r2
100016e8:	4399      	bics	r1, r3
100016ea:	d1fa      	bne.n	100016e2 <pll_init+0x6a>
100016ec:	6026      	str	r6, [r4, #0]
100016ee:	60a0      	str	r0, [r4, #8]
100016f0:	4b22      	ldr	r3, [pc, #136]	; (1000177c <pll_init+0x104>)
100016f2:	18e2      	adds	r2, r4, r3
100016f4:	2321      	movs	r3, #33	; 0x21
100016f6:	6013      	str	r3, [r2, #0]
100016f8:	6823      	ldr	r3, [r4, #0]
100016fa:	2b00      	cmp	r3, #0
100016fc:	dafc      	bge.n	100016f8 <pll_init+0x80>
100016fe:	60e5      	str	r5, [r4, #12]
10001700:	2308      	movs	r3, #8
10001702:	6013      	str	r3, [r2, #0]
10001704:	bc80      	pop	{r7}
10001706:	46b8      	mov	r8, r7
10001708:	bdf0      	pop	{r4, r5, r6, r7, pc}
1000170a:	4b1d      	ldr	r3, [pc, #116]	; (10001780 <pll_init+0x108>)
1000170c:	4a1d      	ldr	r2, [pc, #116]	; (10001784 <pll_init+0x10c>)
1000170e:	2111      	movs	r1, #17
10001710:	481d      	ldr	r0, [pc, #116]	; (10001788 <pll_init+0x110>)
10001712:	f002 f9b7 	bl	10003a84 <__assert_func>
10001716:	4b1d      	ldr	r3, [pc, #116]	; (1000178c <pll_init+0x114>)
10001718:	4a1a      	ldr	r2, [pc, #104]	; (10001784 <pll_init+0x10c>)
1000171a:	2119      	movs	r1, #25
1000171c:	481a      	ldr	r0, [pc, #104]	; (10001788 <pll_init+0x110>)
1000171e:	f002 f9b1 	bl	10003a84 <__assert_func>
10001722:	4b1b      	ldr	r3, [pc, #108]	; (10001790 <pll_init+0x118>)
10001724:	4a17      	ldr	r2, [pc, #92]	; (10001784 <pll_init+0x10c>)
10001726:	211c      	movs	r1, #28
10001728:	4817      	ldr	r0, [pc, #92]	; (10001788 <pll_init+0x110>)
1000172a:	f002 f9ab 	bl	10003a84 <__assert_func>
1000172e:	4b19      	ldr	r3, [pc, #100]	; (10001794 <pll_init+0x11c>)
10001730:	4a14      	ldr	r2, [pc, #80]	; (10001784 <pll_init+0x10c>)
10001732:	2123      	movs	r1, #35	; 0x23
10001734:	4814      	ldr	r0, [pc, #80]	; (10001788 <pll_init+0x110>)
10001736:	f002 f9a5 	bl	10003a84 <__assert_func>
1000173a:	6822      	ldr	r2, [r4, #0]
1000173c:	233f      	movs	r3, #63	; 0x3f
1000173e:	4013      	ands	r3, r2
10001740:	42b3      	cmp	r3, r6
10001742:	d1c4      	bne.n	100016ce <pll_init+0x56>
10001744:	68a3      	ldr	r3, [r4, #8]
10001746:	051b      	lsls	r3, r3, #20
10001748:	0d1b      	lsrs	r3, r3, #20
1000174a:	4283      	cmp	r3, r0
1000174c:	d1bf      	bne.n	100016ce <pll_init+0x56>
1000174e:	68e3      	ldr	r3, [r4, #12]
10001750:	22ee      	movs	r2, #238	; 0xee
10001752:	02d2      	lsls	r2, r2, #11
10001754:	4013      	ands	r3, r2
10001756:	42ab      	cmp	r3, r5
10001758:	d1b9      	bne.n	100016ce <pll_init+0x56>
1000175a:	e7d3      	b.n	10001704 <pll_init+0x8c>
1000175c:	230d      	movs	r3, #13
1000175e:	e7ba      	b.n	100016d6 <pll_init+0x5e>
10001760:	00b71b00 	.word	0x00b71b00
10001764:	d34be880 	.word	0xd34be880
10001768:	32a9f880 	.word	0x32a9f880
1000176c:	4002c000 	.word	0x4002c000
10001770:	4000e000 	.word	0x4000e000
10001774:	4000f000 	.word	0x4000f000
10001778:	4000c008 	.word	0x4000c008
1000177c:	00003004 	.word	0x00003004
10001780:	10007238 	.word	0x10007238
10001784:	10007358 	.word	0x10007358
10001788:	10007288 	.word	0x10007288
1000178c:	100072d4 	.word	0x100072d4
10001790:	100072f0 	.word	0x100072f0
10001794:	1000733c 	.word	0x1000733c

10001798 <watchdog_update>:
10001798:	4b02      	ldr	r3, [pc, #8]	; (100017a4 <watchdog_update+0xc>)
1000179a:	681a      	ldr	r2, [r3, #0]
1000179c:	4b02      	ldr	r3, [pc, #8]	; (100017a8 <watchdog_update+0x10>)
1000179e:	605a      	str	r2, [r3, #4]
100017a0:	4770      	bx	lr
100017a2:	46c0      	nop			; (mov r8, r8)
100017a4:	20001b10 	.word	0x20001b10
100017a8:	40058000 	.word	0x40058000

100017ac <_watchdog_enable>:
100017ac:	b510      	push	{r4, lr}
100017ae:	4b18      	ldr	r3, [pc, #96]	; (10001810 <_watchdog_enable+0x64>)
100017b0:	2280      	movs	r2, #128	; 0x80
100017b2:	05d2      	lsls	r2, r2, #23
100017b4:	601a      	str	r2, [r3, #0]
100017b6:	4b17      	ldr	r3, [pc, #92]	; (10001814 <_watchdog_enable+0x68>)
100017b8:	4a17      	ldr	r2, [pc, #92]	; (10001818 <_watchdog_enable+0x6c>)
100017ba:	601a      	str	r2, [r3, #0]
100017bc:	2900      	cmp	r1, #0
100017be:	d00a      	beq.n	100017d6 <_watchdog_enable+0x2a>
100017c0:	4b16      	ldr	r3, [pc, #88]	; (1000181c <_watchdog_enable+0x70>)
100017c2:	22e0      	movs	r2, #224	; 0xe0
100017c4:	04d2      	lsls	r2, r2, #19
100017c6:	601a      	str	r2, [r3, #0]
100017c8:	2800      	cmp	r0, #0
100017ca:	d109      	bne.n	100017e0 <_watchdog_enable+0x34>
100017cc:	4b13      	ldr	r3, [pc, #76]	; (1000181c <_watchdog_enable+0x70>)
100017ce:	2280      	movs	r2, #128	; 0x80
100017d0:	0612      	lsls	r2, r2, #24
100017d2:	601a      	str	r2, [r3, #0]
100017d4:	bd10      	pop	{r4, pc}
100017d6:	4b0e      	ldr	r3, [pc, #56]	; (10001810 <_watchdog_enable+0x64>)
100017d8:	22e0      	movs	r2, #224	; 0xe0
100017da:	04d2      	lsls	r2, r2, #19
100017dc:	601a      	str	r2, [r3, #0]
100017de:	e7f3      	b.n	100017c8 <_watchdog_enable+0x1c>
100017e0:	0142      	lsls	r2, r0, #5
100017e2:	1a12      	subs	r2, r2, r0
100017e4:	0093      	lsls	r3, r2, #2
100017e6:	181b      	adds	r3, r3, r0
100017e8:	00db      	lsls	r3, r3, #3
100017ea:	4a0d      	ldr	r2, [pc, #52]	; (10001820 <_watchdog_enable+0x74>)
100017ec:	6013      	str	r3, [r2, #0]
100017ee:	005b      	lsls	r3, r3, #1
100017f0:	6013      	str	r3, [r2, #0]
100017f2:	2280      	movs	r2, #128	; 0x80
100017f4:	0452      	lsls	r2, r2, #17
100017f6:	4293      	cmp	r3, r2
100017f8:	d302      	bcc.n	10001800 <_watchdog_enable+0x54>
100017fa:	4b09      	ldr	r3, [pc, #36]	; (10001820 <_watchdog_enable+0x74>)
100017fc:	4a09      	ldr	r2, [pc, #36]	; (10001824 <_watchdog_enable+0x78>)
100017fe:	601a      	str	r2, [r3, #0]
10001800:	f7ff ffca 	bl	10001798 <watchdog_update>
10001804:	4b05      	ldr	r3, [pc, #20]	; (1000181c <_watchdog_enable+0x70>)
10001806:	2280      	movs	r2, #128	; 0x80
10001808:	05d2      	lsls	r2, r2, #23
1000180a:	601a      	str	r2, [r3, #0]
1000180c:	e7e2      	b.n	100017d4 <_watchdog_enable+0x28>
1000180e:	46c0      	nop			; (mov r8, r8)
10001810:	4005b000 	.word	0x4005b000
10001814:	40012008 	.word	0x40012008
10001818:	0001fffc 	.word	0x0001fffc
1000181c:	4005a000 	.word	0x4005a000
10001820:	20001b10 	.word	0x20001b10
10001824:	00ffffff 	.word	0x00ffffff

10001828 <watchdog_reboot>:
10001828:	b510      	push	{r4, lr}
1000182a:	0003      	movs	r3, r0
1000182c:	0010      	movs	r0, r2
1000182e:	4a0c      	ldr	r2, [pc, #48]	; (10001860 <watchdog_reboot+0x38>)
10001830:	2480      	movs	r4, #128	; 0x80
10001832:	05e4      	lsls	r4, r4, #23
10001834:	6014      	str	r4, [r2, #0]
10001836:	2b00      	cmp	r3, #0
10001838:	d00d      	beq.n	10001856 <watchdog_reboot+0x2e>
1000183a:	2201      	movs	r2, #1
1000183c:	4313      	orrs	r3, r2
1000183e:	4a09      	ldr	r2, [pc, #36]	; (10001864 <watchdog_reboot+0x3c>)
10001840:	4c09      	ldr	r4, [pc, #36]	; (10001868 <watchdog_reboot+0x40>)
10001842:	61d4      	str	r4, [r2, #28]
10001844:	4c09      	ldr	r4, [pc, #36]	; (1000186c <watchdog_reboot+0x44>)
10001846:	405c      	eors	r4, r3
10001848:	6214      	str	r4, [r2, #32]
1000184a:	6251      	str	r1, [r2, #36]	; 0x24
1000184c:	6293      	str	r3, [r2, #40]	; 0x28
1000184e:	2100      	movs	r1, #0
10001850:	f7ff ffac 	bl	100017ac <_watchdog_enable>
10001854:	bd10      	pop	{r4, pc}
10001856:	4b03      	ldr	r3, [pc, #12]	; (10001864 <watchdog_reboot+0x3c>)
10001858:	2200      	movs	r2, #0
1000185a:	61da      	str	r2, [r3, #28]
1000185c:	e7f7      	b.n	1000184e <watchdog_reboot+0x26>
1000185e:	46c0      	nop			; (mov r8, r8)
10001860:	4005b000 	.word	0x4005b000
10001864:	40058000 	.word	0x40058000
10001868:	b007c0d3 	.word	0xb007c0d3
1000186c:	4ff83f2d 	.word	0x4ff83f2d

10001870 <tick_start>:
10001870:	2380      	movs	r3, #128	; 0x80
10001872:	009b      	lsls	r3, r3, #2
10001874:	430b      	orrs	r3, r1
10001876:	4a01      	ldr	r2, [pc, #4]	; (1000187c <tick_start+0xc>)
10001878:	62d3      	str	r3, [r2, #44]	; 0x2c
1000187a:	4770      	bx	lr
1000187c:	40058000 	.word	0x40058000

10001880 <xosc_init>:
10001880:	4b06      	ldr	r3, [pc, #24]	; (1000189c <xosc_init+0x1c>)
10001882:	22aa      	movs	r2, #170	; 0xaa
10001884:	0112      	lsls	r2, r2, #4
10001886:	601a      	str	r2, [r3, #0]
10001888:	222f      	movs	r2, #47	; 0x2f
1000188a:	60da      	str	r2, [r3, #12]
1000188c:	4b04      	ldr	r3, [pc, #16]	; (100018a0 <xosc_init+0x20>)
1000188e:	4a05      	ldr	r2, [pc, #20]	; (100018a4 <xosc_init+0x24>)
10001890:	601a      	str	r2, [r3, #0]
10001892:	4b02      	ldr	r3, [pc, #8]	; (1000189c <xosc_init+0x1c>)
10001894:	685b      	ldr	r3, [r3, #4]
10001896:	2b00      	cmp	r3, #0
10001898:	dafb      	bge.n	10001892 <xosc_init+0x12>
1000189a:	4770      	bx	lr
1000189c:	40024000 	.word	0x40024000
100018a0:	40026000 	.word	0x40026000
100018a4:	00fab000 	.word	0x00fab000

100018a8 <runtime_run_initializers_from>:
100018a8:	b510      	push	{r4, lr}
100018aa:	0004      	movs	r4, r0
100018ac:	e001      	b.n	100018b2 <runtime_run_initializers_from+0xa>
100018ae:	cc08      	ldmia	r4!, {r3}
100018b0:	4798      	blx	r3
100018b2:	4b02      	ldr	r3, [pc, #8]	; (100018bc <runtime_run_initializers_from+0x14>)
100018b4:	429c      	cmp	r4, r3
100018b6:	d3fa      	bcc.n	100018ae <runtime_run_initializers_from+0x6>
100018b8:	bd10      	pop	{r4, pc}
100018ba:	46c0      	nop			; (mov r8, r8)
100018bc:	10006bf4 	.word	0x10006bf4

100018c0 <first_per_core_initializer>:
100018c0:	4770      	bx	lr
	...

100018c4 <runtime_run_initializers>:
100018c4:	b510      	push	{r4, lr}
100018c6:	4802      	ldr	r0, [pc, #8]	; (100018d0 <runtime_run_initializers+0xc>)
100018c8:	f7ff ffee 	bl	100018a8 <runtime_run_initializers_from>
100018cc:	bd10      	pop	{r4, pc}
100018ce:	46c0      	nop			; (mov r8, r8)
100018d0:	10006bb8 	.word	0x10006bb8

100018d4 <runtime_init_early_resets>:
100018d4:	4b05      	ldr	r3, [pc, #20]	; (100018ec <runtime_init_early_resets+0x18>)
100018d6:	4a06      	ldr	r2, [pc, #24]	; (100018f0 <runtime_init_early_resets+0x1c>)
100018d8:	601a      	str	r2, [r3, #0]
100018da:	4b06      	ldr	r3, [pc, #24]	; (100018f4 <runtime_init_early_resets+0x20>)
100018dc:	4a06      	ldr	r2, [pc, #24]	; (100018f8 <runtime_init_early_resets+0x24>)
100018de:	601a      	str	r2, [r3, #0]
100018e0:	4b06      	ldr	r3, [pc, #24]	; (100018fc <runtime_init_early_resets+0x28>)
100018e2:	681a      	ldr	r2, [r3, #0]
100018e4:	4b04      	ldr	r3, [pc, #16]	; (100018f8 <runtime_init_early_resets+0x24>)
100018e6:	4393      	bics	r3, r2
100018e8:	d1fa      	bne.n	100018e0 <runtime_init_early_resets+0xc>
100018ea:	4770      	bx	lr
100018ec:	4000e000 	.word	0x4000e000
100018f0:	fefbcdbf 	.word	0xfefbcdbf
100018f4:	4000f000 	.word	0x4000f000
100018f8:	003c7ffe 	.word	0x003c7ffe
100018fc:	4000c008 	.word	0x4000c008

10001900 <runtime_init_usb_power_down>:
10001900:	4b04      	ldr	r3, [pc, #16]	; (10001914 <runtime_init_usb_power_down+0x14>)
10001902:	6cdb      	ldr	r3, [r3, #76]	; 0x4c
10001904:	2b00      	cmp	r3, #0
10001906:	d103      	bne.n	10001910 <runtime_init_usb_power_down+0x10>
10001908:	4b03      	ldr	r3, [pc, #12]	; (10001918 <runtime_init_usb_power_down+0x18>)
1000190a:	2280      	movs	r2, #128	; 0x80
1000190c:	02d2      	lsls	r2, r2, #11
1000190e:	601a      	str	r2, [r3, #0]
10001910:	4770      	bx	lr
10001912:	46c0      	nop			; (mov r8, r8)
10001914:	50110000 	.word	0x50110000
10001918:	5011204c 	.word	0x5011204c

1000191c <runtime_init_post_clock_resets>:
1000191c:	4b04      	ldr	r3, [pc, #16]	; (10001930 <runtime_init_post_clock_resets+0x14>)
1000191e:	4a05      	ldr	r2, [pc, #20]	; (10001934 <runtime_init_post_clock_resets+0x18>)
10001920:	601a      	str	r2, [r3, #0]
10001922:	4b05      	ldr	r3, [pc, #20]	; (10001938 <runtime_init_post_clock_resets+0x1c>)
10001924:	681b      	ldr	r3, [r3, #0]
10001926:	43db      	mvns	r3, r3
10001928:	01db      	lsls	r3, r3, #7
1000192a:	d1fa      	bne.n	10001922 <runtime_init_post_clock_resets+0x6>
1000192c:	4770      	bx	lr
1000192e:	46c0      	nop			; (mov r8, r8)
10001930:	4000f000 	.word	0x4000f000
10001934:	01ffffff 	.word	0x01ffffff
10001938:	4000c008 	.word	0x4000c008

1000193c <runtime_init_rp2040_gpio_ie_disable>:
1000193c:	4b03      	ldr	r3, [pc, #12]	; (1000194c <runtime_init_rp2040_gpio_ie_disable+0x10>)
1000193e:	2240      	movs	r2, #64	; 0x40
10001940:	679a      	str	r2, [r3, #120]	; 0x78
10001942:	675a      	str	r2, [r3, #116]	; 0x74
10001944:	671a      	str	r2, [r3, #112]	; 0x70
10001946:	66da      	str	r2, [r3, #108]	; 0x6c
10001948:	4770      	bx	lr
1000194a:	46c0      	nop			; (mov r8, r8)
1000194c:	4001f000 	.word	0x4001f000

10001950 <runtime_init_spin_locks_reset>:
10001950:	b510      	push	{r4, lr}
10001952:	f7fe fe0b 	bl	1000056c <spin_locks_reset>
10001956:	bd10      	pop	{r4, pc}

10001958 <runtime_init_install_ram_vector_table>:
10001958:	b570      	push	{r4, r5, r6, lr}
1000195a:	4c04      	ldr	r4, [pc, #16]	; (1000196c <runtime_init_install_ram_vector_table+0x14>)
1000195c:	68a1      	ldr	r1, [r4, #8]
1000195e:	4d04      	ldr	r5, [pc, #16]	; (10001970 <runtime_init_install_ram_vector_table+0x18>)
10001960:	22c0      	movs	r2, #192	; 0xc0
10001962:	0028      	movs	r0, r5
10001964:	f000 ffe2 	bl	1000292c <__wrap___aeabi_memcpy>
10001968:	60a5      	str	r5, [r4, #8]
1000196a:	bd70      	pop	{r4, r5, r6, pc}
1000196c:	e000ed00 	.word	0xe000ed00
10001970:	20000000 	.word	0x20000000

10001974 <start_all_ticks>:
10001974:	b570      	push	{r4, r5, r6, lr}
10001976:	2004      	movs	r0, #4
10001978:	f7ff fe78 	bl	1000166c <clock_get_hz>
1000197c:	4906      	ldr	r1, [pc, #24]	; (10001998 <start_all_ticks+0x24>)
1000197e:	f000 f8db 	bl	10001b38 <__wrap___aeabi_uidiv>
10001982:	0005      	movs	r5, r0
10001984:	2400      	movs	r4, #0
10001986:	2c00      	cmp	r4, #0
10001988:	dd00      	ble.n	1000198c <start_all_ticks+0x18>
1000198a:	bd70      	pop	{r4, r5, r6, pc}
1000198c:	b2e0      	uxtb	r0, r4
1000198e:	0029      	movs	r1, r5
10001990:	f7ff ff6e 	bl	10001870 <tick_start>
10001994:	3401      	adds	r4, #1
10001996:	e7f6      	b.n	10001986 <start_all_ticks+0x12>
10001998:	000f4240 	.word	0x000f4240

1000199c <runtime_init_clocks>:
1000199c:	b530      	push	{r4, r5, lr}
1000199e:	b083      	sub	sp, #12
100019a0:	4b27      	ldr	r3, [pc, #156]	; (10001a40 <runtime_init_clocks+0xa4>)
100019a2:	2200      	movs	r2, #0
100019a4:	679a      	str	r2, [r3, #120]	; 0x78
100019a6:	f7ff ff6b 	bl	10001880 <xosc_init>
100019aa:	4b26      	ldr	r3, [pc, #152]	; (10001a44 <runtime_init_clocks+0xa8>)
100019ac:	2201      	movs	r2, #1
100019ae:	601a      	str	r2, [r3, #0]
100019b0:	4b23      	ldr	r3, [pc, #140]	; (10001a40 <runtime_init_clocks+0xa4>)
100019b2:	6c5b      	ldr	r3, [r3, #68]	; 0x44
100019b4:	2b01      	cmp	r3, #1
100019b6:	d1fb      	bne.n	100019b0 <runtime_init_clocks+0x14>
100019b8:	4b23      	ldr	r3, [pc, #140]	; (10001a48 <runtime_init_clocks+0xac>)
100019ba:	2203      	movs	r2, #3
100019bc:	601a      	str	r2, [r3, #0]
100019be:	4b20      	ldr	r3, [pc, #128]	; (10001a40 <runtime_init_clocks+0xa4>)
100019c0:	6b9b      	ldr	r3, [r3, #56]	; 0x38
100019c2:	2b01      	cmp	r3, #1
100019c4:	d1fb      	bne.n	100019be <runtime_init_clocks+0x22>
100019c6:	3301      	adds	r3, #1
100019c8:	9300      	str	r3, [sp, #0]
100019ca:	3304      	adds	r3, #4
100019cc:	4a1f      	ldr	r2, [pc, #124]	; (10001a4c <runtime_init_clocks+0xb0>)
100019ce:	2101      	movs	r1, #1
100019d0:	481f      	ldr	r0, [pc, #124]	; (10001a50 <runtime_init_clocks+0xb4>)
100019d2:	f7ff fe51 	bl	10001678 <pll_init>
100019d6:	2305      	movs	r3, #5
100019d8:	9300      	str	r3, [sp, #0]
100019da:	4a1e      	ldr	r2, [pc, #120]	; (10001a54 <runtime_init_clocks+0xb8>)
100019dc:	2101      	movs	r1, #1
100019de:	481e      	ldr	r0, [pc, #120]	; (10001a58 <runtime_init_clocks+0xbc>)
100019e0:	f7ff fe4a 	bl	10001678 <pll_init>
100019e4:	4b1d      	ldr	r3, [pc, #116]	; (10001a5c <runtime_init_clocks+0xc0>)
100019e6:	2200      	movs	r2, #0
100019e8:	2102      	movs	r1, #2
100019ea:	2004      	movs	r0, #4
100019ec:	f7ff fe34 	bl	10001658 <clock_configure_undivided>
100019f0:	4d1b      	ldr	r5, [pc, #108]	; (10001a60 <runtime_init_clocks+0xc4>)
100019f2:	002b      	movs	r3, r5
100019f4:	2200      	movs	r2, #0
100019f6:	2101      	movs	r1, #1
100019f8:	2005      	movs	r0, #5
100019fa:	f7ff fe2d 	bl	10001658 <clock_configure_undivided>
100019fe:	4c19      	ldr	r4, [pc, #100]	; (10001a64 <runtime_init_clocks+0xc8>)
10001a00:	0023      	movs	r3, r4
10001a02:	2200      	movs	r2, #0
10001a04:	2100      	movs	r1, #0
10001a06:	2007      	movs	r0, #7
10001a08:	f7ff fe26 	bl	10001658 <clock_configure_undivided>
10001a0c:	0023      	movs	r3, r4
10001a0e:	2200      	movs	r2, #0
10001a10:	2100      	movs	r1, #0
10001a12:	2008      	movs	r0, #8
10001a14:	f7ff fe20 	bl	10001658 <clock_configure_undivided>
10001a18:	2380      	movs	r3, #128	; 0x80
10001a1a:	00db      	lsls	r3, r3, #3
10001a1c:	9300      	str	r3, [sp, #0]
10001a1e:	0023      	movs	r3, r4
10001a20:	2200      	movs	r2, #0
10001a22:	2100      	movs	r1, #0
10001a24:	2009      	movs	r0, #9
10001a26:	f7ff fe03 	bl	10001630 <clock_configure_int_divider>
10001a2a:	002b      	movs	r3, r5
10001a2c:	2200      	movs	r2, #0
10001a2e:	2100      	movs	r1, #0
10001a30:	2006      	movs	r0, #6
10001a32:	f7ff fe11 	bl	10001658 <clock_configure_undivided>
10001a36:	f7ff ff9d 	bl	10001974 <start_all_ticks>
10001a3a:	b003      	add	sp, #12
10001a3c:	bd30      	pop	{r4, r5, pc}
10001a3e:	46c0      	nop			; (mov r8, r8)
10001a40:	40008000 	.word	0x40008000
10001a44:	4000b03c 	.word	0x4000b03c
10001a48:	4000b030 	.word	0x4000b030
10001a4c:	59682f00 	.word	0x59682f00
10001a50:	40028000 	.word	0x40028000
10001a54:	47868c00 	.word	0x47868c00
10001a58:	4002c000 	.word	0x4002c000
10001a5c:	00b71b00 	.word	0x00b71b00
10001a60:	07735940 	.word	0x07735940
10001a64:	02dc6c00 	.word	0x02dc6c00

10001a68 <__aeabi_bits_init>:
10001a68:	4801      	ldr	r0, [pc, #4]	; (10001a70 <__aeabi_bits_init+0x8>)
10001a6a:	2104      	movs	r1, #4
10001a6c:	4b01      	ldr	r3, [pc, #4]	; (10001a74 <__aeabi_bits_init+0xc>)
10001a6e:	4718      	bx	r3
10001a70:	20000c60 	.word	0x20000c60
10001a74:	10001a99 	.word	0x10001a99

10001a78 <rom_func_lookup>:
10001a78:	b510      	push	{r4, lr}
10001a7a:	0001      	movs	r1, r0
10001a7c:	2318      	movs	r3, #24
10001a7e:	881b      	ldrh	r3, [r3, #0]
10001a80:	2214      	movs	r2, #20
10001a82:	8810      	ldrh	r0, [r2, #0]
10001a84:	4798      	blx	r3
10001a86:	bd10      	pop	{r4, pc}

10001a88 <rom_data_lookup>:
10001a88:	b510      	push	{r4, lr}
10001a8a:	0001      	movs	r1, r0
10001a8c:	2318      	movs	r3, #24
10001a8e:	881b      	ldrh	r3, [r3, #0]
10001a90:	2216      	movs	r2, #22
10001a92:	8810      	ldrh	r0, [r2, #0]
10001a94:	4798      	blx	r3
10001a96:	bd10      	pop	{r4, pc}

10001a98 <rom_funcs_lookup>:
10001a98:	b5f0      	push	{r4, r5, r6, r7, lr}
10001a9a:	46c6      	mov	lr, r8
10001a9c:	b500      	push	{lr}
10001a9e:	0007      	movs	r7, r0
10001aa0:	000e      	movs	r6, r1
10001aa2:	2500      	movs	r5, #0
10001aa4:	2301      	movs	r3, #1
10001aa6:	4698      	mov	r8, r3
10001aa8:	e000      	b.n	10001aac <rom_funcs_lookup+0x14>
10001aaa:	3501      	adds	r5, #1
10001aac:	42b5      	cmp	r5, r6
10001aae:	d20a      	bcs.n	10001ac6 <rom_funcs_lookup+0x2e>
10001ab0:	00ac      	lsls	r4, r5, #2
10001ab2:	193c      	adds	r4, r7, r4
10001ab4:	6820      	ldr	r0, [r4, #0]
10001ab6:	f7ff ffdf 	bl	10001a78 <rom_func_lookup>
10001aba:	6020      	str	r0, [r4, #0]
10001abc:	2800      	cmp	r0, #0
10001abe:	d1f4      	bne.n	10001aaa <rom_funcs_lookup+0x12>
10001ac0:	2300      	movs	r3, #0
10001ac2:	4698      	mov	r8, r3
10001ac4:	e7f1      	b.n	10001aaa <rom_funcs_lookup+0x12>
10001ac6:	4640      	mov	r0, r8
10001ac8:	bc80      	pop	{r7}
10001aca:	46b8      	mov	r8, r7
10001acc:	bdf0      	pop	{r4, r5, r6, r7, pc}
	...

10001ad0 <rom_reset_usb_boot>:
10001ad0:	b570      	push	{r4, r5, r6, lr}
10001ad2:	0004      	movs	r4, r0
10001ad4:	000d      	movs	r5, r1
10001ad6:	4803      	ldr	r0, [pc, #12]	; (10001ae4 <rom_reset_usb_boot+0x14>)
10001ad8:	f7ff ffce 	bl	10001a78 <rom_func_lookup>
10001adc:	0003      	movs	r3, r0
10001ade:	0029      	movs	r1, r5
10001ae0:	0020      	movs	r0, r4
10001ae2:	4798      	blx	r3
10001ae4:	00004255 	.word	0x00004255

10001ae8 <__wrap___aeabi_idiv>:
10001ae8:	4a12      	ldr	r2, [pc, #72]	; (10001b34 <divmod_s32s32_savestate+0x18>)
10001aea:	6f93      	ldr	r3, [r2, #120]	; 0x78
10001aec:	089b      	lsrs	r3, r3, #2
10001aee:	d215      	bcs.n	10001b1c <divmod_s32s32_savestate>

10001af0 <divmod_s32s32_unsafe>:
10001af0:	6690      	str	r0, [r2, #104]	; 0x68
10001af2:	66d1      	str	r1, [r2, #108]	; 0x6c
10001af4:	2900      	cmp	r1, #0
10001af6:	d005      	beq.n	10001b04 <divmod_s32s32_unsafe+0x14>
10001af8:	e7ff      	b.n	10001afa <divmod_s32s32_unsafe+0xa>
10001afa:	e7ff      	b.n	10001afc <divmod_s32s32_unsafe+0xc>
10001afc:	e7ff      	b.n	10001afe <divmod_s32s32_unsafe+0xe>
10001afe:	6f51      	ldr	r1, [r2, #116]	; 0x74
10001b00:	6f10      	ldr	r0, [r2, #112]	; 0x70
10001b02:	4770      	bx	lr
10001b04:	b504      	push	{r2, lr}
10001b06:	2180      	movs	r1, #128	; 0x80
10001b08:	0609      	lsls	r1, r1, #24
10001b0a:	17c2      	asrs	r2, r0, #31
10001b0c:	4051      	eors	r1, r2
10001b0e:	2800      	cmp	r0, #0
10001b10:	d000      	beq.n	10001b14 <divmod_s32s32_unsafe+0x24>
10001b12:	43c8      	mvns	r0, r1
10001b14:	f005 f810 	bl	10006b38 <____aeabi_idiv0_veneer>
10001b18:	2100      	movs	r1, #0
10001b1a:	bd04      	pop	{r2, pc}

10001b1c <divmod_s32s32_savestate>:
10001b1c:	b5f0      	push	{r4, r5, r6, r7, lr}
10001b1e:	6e14      	ldr	r4, [r2, #96]	; 0x60
10001b20:	6e55      	ldr	r5, [r2, #100]	; 0x64
10001b22:	6f57      	ldr	r7, [r2, #116]	; 0x74
10001b24:	6f16      	ldr	r6, [r2, #112]	; 0x70
10001b26:	f7ff ffe3 	bl	10001af0 <divmod_s32s32_unsafe>
10001b2a:	6614      	str	r4, [r2, #96]	; 0x60
10001b2c:	6655      	str	r5, [r2, #100]	; 0x64
10001b2e:	6757      	str	r7, [r2, #116]	; 0x74
10001b30:	6716      	str	r6, [r2, #112]	; 0x70
10001b32:	bdf0      	pop	{r4, r5, r6, r7, pc}
10001b34:	d0000000 	.word	0xd0000000

10001b38 <__wrap___aeabi_uidiv>:
10001b38:	4a11      	ldr	r2, [pc, #68]	; (10001b80 <divmod_u32u32_savestate+0x18>)
10001b3a:	6f93      	ldr	r3, [r2, #120]	; 0x78
10001b3c:	089b      	lsrs	r3, r3, #2
10001b3e:	d213      	bcs.n	10001b68 <divmod_u32u32_savestate>

10001b40 <divmod_u32u32_unsafe>:
10001b40:	6610      	str	r0, [r2, #96]	; 0x60
10001b42:	6651      	str	r1, [r2, #100]	; 0x64
10001b44:	2900      	cmp	r1, #0
10001b46:	d005      	beq.n	10001b54 <divmod_u32u32_unsafe+0x14>
10001b48:	e7ff      	b.n	10001b4a <divmod_u32u32_unsafe+0xa>
10001b4a:	e7ff      	b.n	10001b4c <divmod_u32u32_unsafe+0xc>
10001b4c:	e7ff      	b.n	10001b4e <divmod_u32u32_unsafe+0xe>
10001b4e:	6f51      	ldr	r1, [r2, #116]	; 0x74
10001b50:	6f10      	ldr	r0, [r2, #112]	; 0x70
10001b52:	4770      	bx	lr
10001b54:	b504      	push	{r2, lr}
10001b56:	2800      	cmp	r0, #0
10001b58:	d001      	beq.n	10001b5e <divmod_u32u32_unsafe+0x1e>
10001b5a:	2000      	movs	r0, #0
10001b5c:	43c0      	mvns	r0, r0
10001b5e:	f004 ffeb 	bl	10006b38 <____aeabi_idiv0_veneer>
10001b62:	2100      	movs	r1, #0
10001b64:	bd04      	pop	{r2, pc}
10001b66:	46c0      	nop			; (mov r8, r8)

10001b68 <divmod_u32u32_savestate>:
10001b68:	b5f0      	push	{r4, r5, r6, r7, lr}
10001b6a:	6e14      	ldr	r4, [r2, #96]	; 0x60
10001b6c:	6e55      	ldr	r5, [r2, #100]	; 0x64
10001b6e:	6f57      	ldr	r7, [r2, #116]	; 0x74
10001b70:	6f16      	ldr	r6, [r2, #112]	; 0x70
10001b72:	f7ff ffe5 	bl	10001b40 <divmod_u32u32_unsafe>
10001b76:	6614      	str	r4, [r2, #96]	; 0x60
10001b78:	6655      	str	r5, [r2, #100]	; 0x64
10001b7a:	6757      	str	r7, [r2, #116]	; 0x74
10001b7c:	6716      	str	r6, [r2, #112]	; 0x70
10001b7e:	bdf0      	pop	{r4, r5, r6, r7, pc}
10001b80:	d0000000 	.word	0xd0000000

10001b84 <__wrap___aeabi_ldivmod>:
10001b84:	4694      	mov	ip, r2
10001b86:	4a4a      	ldr	r2, [pc, #296]	; (10001cb0 <udiv0+0x1a>)
10001b88:	6f92      	ldr	r2, [r2, #120]	; 0x78
10001b8a:	0892      	lsrs	r2, r2, #2
10001b8c:	4662      	mov	r2, ip
10001b8e:	d201      	bcs.n	10001b94 <divmod_s64s64_savestate>
10001b90:	e028      	b.n	10001be4 <divmod_s64s64_unsafe>
10001b92:	46c0      	nop			; (mov r8, r8)

10001b94 <divmod_s64s64_savestate>:
10001b94:	b5f0      	push	{r4, r5, r6, r7, lr}
10001b96:	4e46      	ldr	r6, [pc, #280]	; (10001cb0 <udiv0+0x1a>)
10001b98:	6e34      	ldr	r4, [r6, #96]	; 0x60
10001b9a:	6e75      	ldr	r5, [r6, #100]	; 0x64
10001b9c:	6f77      	ldr	r7, [r6, #116]	; 0x74
10001b9e:	6f36      	ldr	r6, [r6, #112]	; 0x70
10001ba0:	f000 f820 	bl	10001be4 <divmod_s64s64_unsafe>
10001ba4:	4694      	mov	ip, r2
10001ba6:	4a42      	ldr	r2, [pc, #264]	; (10001cb0 <udiv0+0x1a>)
10001ba8:	6614      	str	r4, [r2, #96]	; 0x60
10001baa:	6655      	str	r5, [r2, #100]	; 0x64
10001bac:	6757      	str	r7, [r2, #116]	; 0x74
10001bae:	6716      	str	r6, [r2, #112]	; 0x70
10001bb0:	4662      	mov	r2, ip
10001bb2:	bdf0      	pop	{r4, r5, r6, r7, pc}

10001bb4 <__wrap___aeabi_uldivmod>:
10001bb4:	4694      	mov	ip, r2
10001bb6:	4a3e      	ldr	r2, [pc, #248]	; (10001cb0 <udiv0+0x1a>)
10001bb8:	6f92      	ldr	r2, [r2, #120]	; 0x78
10001bba:	0892      	lsrs	r2, r2, #2
10001bbc:	4662      	mov	r2, ip
10001bbe:	d201      	bcs.n	10001bc4 <divmod_u64u64_savestate>
10001bc0:	e054      	b.n	10001c6c <divmod_u64u64_unsafe>
10001bc2:	46c0      	nop			; (mov r8, r8)

10001bc4 <divmod_u64u64_savestate>:
10001bc4:	b5f0      	push	{r4, r5, r6, r7, lr}
10001bc6:	4e3a      	ldr	r6, [pc, #232]	; (10001cb0 <udiv0+0x1a>)
10001bc8:	6e34      	ldr	r4, [r6, #96]	; 0x60
10001bca:	6e75      	ldr	r5, [r6, #100]	; 0x64
10001bcc:	6f77      	ldr	r7, [r6, #116]	; 0x74
10001bce:	6f36      	ldr	r6, [r6, #112]	; 0x70
10001bd0:	f000 f84c 	bl	10001c6c <divmod_u64u64_unsafe>
10001bd4:	4694      	mov	ip, r2
10001bd6:	4a36      	ldr	r2, [pc, #216]	; (10001cb0 <udiv0+0x1a>)
10001bd8:	6614      	str	r4, [r2, #96]	; 0x60
10001bda:	6655      	str	r5, [r2, #100]	; 0x64
10001bdc:	6757      	str	r7, [r2, #116]	; 0x74
10001bde:	6716      	str	r6, [r2, #112]	; 0x70
10001be0:	4662      	mov	r2, ip
10001be2:	bdf0      	pop	{r4, r5, r6, r7, pc}

10001be4 <divmod_s64s64_unsafe>:
10001be4:	2b00      	cmp	r3, #0
10001be6:	db24      	blt.n	10001c32 <l42_1+0x26>
10001be8:	d011      	beq.n	10001c0e <l42_1+0x2>
10001bea:	2900      	cmp	r1, #0
10001bec:	da3e      	bge.n	10001c6c <divmod_u64u64_unsafe>
10001bee:	b500      	push	{lr}
10001bf0:	43c9      	mvns	r1, r1
10001bf2:	4240      	negs	r0, r0
10001bf4:	d100      	bne.n	10001bf8 <l40_1>
10001bf6:	3101      	adds	r1, #1

10001bf8 <l40_1>:
10001bf8:	f000 f838 	bl	10001c6c <divmod_u64u64_unsafe>
10001bfc:	43c9      	mvns	r1, r1
10001bfe:	4240      	negs	r0, r0
10001c00:	d100      	bne.n	10001c04 <l41_1>
10001c02:	3101      	adds	r1, #1

10001c04 <l41_1>:
10001c04:	43db      	mvns	r3, r3
10001c06:	4252      	negs	r2, r2
10001c08:	d100      	bne.n	10001c0c <l42_1>
10001c0a:	3301      	adds	r3, #1

10001c0c <l42_1>:
10001c0c:	bd00      	pop	{pc}
10001c0e:	2a00      	cmp	r2, #0
10001c10:	d1eb      	bne.n	10001bea <divmod_s64s64_unsafe+0x6>
10001c12:	2800      	cmp	r0, #0
10001c14:	d101      	bne.n	10001c1a <l42_1+0xe>
10001c16:	2900      	cmp	r1, #0
10001c18:	d005      	beq.n	10001c26 <l42_1+0x1a>
10001c1a:	2000      	movs	r0, #0
10001c1c:	0fc9      	lsrs	r1, r1, #31
10001c1e:	07c9      	lsls	r1, r1, #31
10001c20:	d101      	bne.n	10001c26 <l42_1+0x1a>
10001c22:	43c0      	mvns	r0, r0
10001c24:	0841      	lsrs	r1, r0, #1
10001c26:	b500      	push	{lr}
10001c28:	f004 ff76 	bl	10006b18 <____aeabi_ldiv0_veneer>
10001c2c:	2200      	movs	r2, #0
10001c2e:	2300      	movs	r3, #0
10001c30:	bd00      	pop	{pc}
10001c32:	b500      	push	{lr}
10001c34:	2900      	cmp	r1, #0
10001c36:	db0a      	blt.n	10001c4e <l44_1+0x2>
10001c38:	43db      	mvns	r3, r3
10001c3a:	4252      	negs	r2, r2
10001c3c:	d100      	bne.n	10001c40 <l43_1>
10001c3e:	3301      	adds	r3, #1

10001c40 <l43_1>:
10001c40:	f000 f814 	bl	10001c6c <divmod_u64u64_unsafe>
10001c44:	43c9      	mvns	r1, r1
10001c46:	4240      	negs	r0, r0
10001c48:	d100      	bne.n	10001c4c <l44_1>
10001c4a:	3101      	adds	r1, #1

10001c4c <l44_1>:
10001c4c:	bd00      	pop	{pc}
10001c4e:	43c9      	mvns	r1, r1
10001c50:	4240      	negs	r0, r0
10001c52:	d100      	bne.n	10001c56 <l45_1>
10001c54:	3101      	adds	r1, #1

10001c56 <l45_1>:
10001c56:	43db      	mvns	r3, r3
10001c58:	4252      	negs	r2, r2
10001c5a:	d100      	bne.n	10001c5e <l46_1>
10001c5c:	3301      	adds	r3, #1

10001c5e <l46_1>:
10001c5e:	f000 f805 	bl	10001c6c <divmod_u64u64_unsafe>
10001c62:	43db      	mvns	r3, r3
10001c64:	4252      	negs	r2, r2
10001c66:	d100      	bne.n	10001c6a <l47_1>
10001c68:	3301      	adds	r3, #1

10001c6a <l47_1>:
10001c6a:	bd00      	pop	{pc}

10001c6c <divmod_u64u64_unsafe>:
10001c6c:	2900      	cmp	r1, #0
10001c6e:	d123      	bne.n	10001cb8 <y64>
10001c70:	2b00      	cmp	r3, #0
10001c72:	d118      	bne.n	10001ca6 <udiv0+0x10>
10001c74:	2a00      	cmp	r2, #0
10001c76:	d00c      	beq.n	10001c92 <divmod_u64u64_unsafe+0x26>
10001c78:	46bc      	mov	ip, r7
10001c7a:	4f0d      	ldr	r7, [pc, #52]	; (10001cb0 <udiv0+0x1a>)
10001c7c:	6638      	str	r0, [r7, #96]	; 0x60
10001c7e:	667a      	str	r2, [r7, #100]	; 0x64
10001c80:	2100      	movs	r1, #0
10001c82:	2300      	movs	r3, #0
10001c84:	e7ff      	b.n	10001c86 <divmod_u64u64_unsafe+0x1a>
10001c86:	e7ff      	b.n	10001c88 <divmod_u64u64_unsafe+0x1c>
10001c88:	e7ff      	b.n	10001c8a <divmod_u64u64_unsafe+0x1e>
10001c8a:	6f7a      	ldr	r2, [r7, #116]	; 0x74
10001c8c:	6f38      	ldr	r0, [r7, #112]	; 0x70
10001c8e:	4667      	mov	r7, ip
10001c90:	4770      	bx	lr
10001c92:	2800      	cmp	r0, #0
10001c94:	d001      	beq.n	10001c9a <udiv0+0x4>

10001c96 <udiv0>:
10001c96:	4807      	ldr	r0, [pc, #28]	; (10001cb4 <udiv0+0x1e>)
10001c98:	0001      	movs	r1, r0
10001c9a:	b500      	push	{lr}
10001c9c:	f004 ff3c 	bl	10006b18 <____aeabi_ldiv0_veneer>
10001ca0:	2200      	movs	r2, #0
10001ca2:	2300      	movs	r3, #0
10001ca4:	bd00      	pop	{pc}
10001ca6:	0002      	movs	r2, r0
10001ca8:	000b      	movs	r3, r1
10001caa:	2000      	movs	r0, #0
10001cac:	2100      	movs	r1, #0
10001cae:	4770      	bx	lr
10001cb0:	d0000000 	.word	0xd0000000
10001cb4:	ffffffff 	.word	0xffffffff

10001cb8 <y64>:
10001cb8:	2b00      	cmp	r3, #0
10001cba:	d000      	beq.n	10001cbe <y64+0x6>
10001cbc:	e0bf      	b.n	10001e3e <y64_x48>
10001cbe:	0c13      	lsrs	r3, r2, #16
10001cc0:	d128      	bne.n	10001d14 <y64_x32>
10001cc2:	2a00      	cmp	r2, #0
10001cc4:	d0e7      	beq.n	10001c96 <udiv0>
10001cc6:	b480      	push	{r7}
10001cc8:	4f11      	ldr	r7, [pc, #68]	; (10001d10 <y64+0x58>)
10001cca:	6639      	str	r1, [r7, #96]	; 0x60
10001ccc:	667a      	str	r2, [r7, #100]	; 0x64
10001cce:	e7ff      	b.n	10001cd0 <y64+0x18>
10001cd0:	e7ff      	b.n	10001cd2 <y64+0x1a>
10001cd2:	b430      	push	{r4, r5}
10001cd4:	0c04      	lsrs	r4, r0, #16
10001cd6:	6f7b      	ldr	r3, [r7, #116]	; 0x74
10001cd8:	6f39      	ldr	r1, [r7, #112]	; 0x70
10001cda:	041b      	lsls	r3, r3, #16
10001cdc:	4323      	orrs	r3, r4
10001cde:	663b      	str	r3, [r7, #96]	; 0x60
10001ce0:	667a      	str	r2, [r7, #100]	; 0x64
10001ce2:	e7ff      	b.n	10001ce4 <y64+0x2c>
10001ce4:	e7ff      	b.n	10001ce6 <y64+0x2e>
10001ce6:	e7ff      	b.n	10001ce8 <y64+0x30>
10001ce8:	46c0      	nop			; (mov r8, r8)
10001cea:	b284      	uxth	r4, r0
10001cec:	6f7b      	ldr	r3, [r7, #116]	; 0x74
10001cee:	6f3d      	ldr	r5, [r7, #112]	; 0x70
10001cf0:	041b      	lsls	r3, r3, #16
10001cf2:	4323      	orrs	r3, r4
10001cf4:	663b      	str	r3, [r7, #96]	; 0x60
10001cf6:	667a      	str	r2, [r7, #100]	; 0x64
10001cf8:	e7ff      	b.n	10001cfa <y64+0x42>
10001cfa:	e7ff      	b.n	10001cfc <y64+0x44>
10001cfc:	46c0      	nop			; (mov r8, r8)
10001cfe:	2300      	movs	r3, #0
10001d00:	042c      	lsls	r4, r5, #16
10001d02:	0c2d      	lsrs	r5, r5, #16
10001d04:	6f7a      	ldr	r2, [r7, #116]	; 0x74
10001d06:	6f38      	ldr	r0, [r7, #112]	; 0x70
10001d08:	1900      	adds	r0, r0, r4
10001d0a:	4169      	adcs	r1, r5
10001d0c:	bcb0      	pop	{r4, r5, r7}
10001d0e:	4770      	bx	lr
10001d10:	d0000000 	.word	0xd0000000

10001d14 <y64_x32>:
10001d14:	b5f0      	push	{r4, r5, r6, r7, lr}
10001d16:	4694      	mov	ip, r2
10001d18:	2500      	movs	r5, #0
10001d1a:	0e14      	lsrs	r4, r2, #24
10001d1c:	d101      	bne.n	10001d22 <y64_x32+0xe>
10001d1e:	0212      	lsls	r2, r2, #8
10001d20:	3508      	adds	r5, #8
10001d22:	0f14      	lsrs	r4, r2, #28
10001d24:	d101      	bne.n	10001d2a <y64_x32+0x16>
10001d26:	0112      	lsls	r2, r2, #4
10001d28:	3504      	adds	r5, #4
10001d2a:	0f94      	lsrs	r4, r2, #30
10001d2c:	d101      	bne.n	10001d32 <y64_x32+0x1e>
10001d2e:	0092      	lsls	r2, r2, #2
10001d30:	3502      	adds	r5, #2
10001d32:	0fd4      	lsrs	r4, r2, #31
10001d34:	d101      	bne.n	10001d3a <y64_x32+0x26>
10001d36:	0052      	lsls	r2, r2, #1
10001d38:	3501      	adds	r5, #1
10001d3a:	0bd4      	lsrs	r4, r2, #15
10001d3c:	3401      	adds	r4, #1
10001d3e:	4f25      	ldr	r7, [pc, #148]	; (10001dd4 <y64_x32+0xc0>)
10001d40:	667c      	str	r4, [r7, #100]	; 0x64
10001d42:	4c25      	ldr	r4, [pc, #148]	; (10001dd8 <y64_x32+0xc4>)
10001d44:	663c      	str	r4, [r7, #96]	; 0x60
10001d46:	0c0e      	lsrs	r6, r1, #16
10001d48:	b293      	uxth	r3, r2
10001d4a:	e7ff      	b.n	10001d4c <y64_x32+0x38>
10001d4c:	e7ff      	b.n	10001d4e <y64_x32+0x3a>
10001d4e:	e7ff      	b.n	10001d50 <y64_x32+0x3c>
10001d50:	6f3c      	ldr	r4, [r7, #112]	; 0x70
10001d52:	4366      	muls	r6, r4
10001d54:	0c36      	lsrs	r6, r6, #16
10001d56:	0377      	lsls	r7, r6, #13
10001d58:	46be      	mov	lr, r7
10001d5a:	4373      	muls	r3, r6
10001d5c:	0bdf      	lsrs	r7, r3, #15
10001d5e:	045b      	lsls	r3, r3, #17
10001d60:	1ac0      	subs	r0, r0, r3
10001d62:	41b9      	sbcs	r1, r7
10001d64:	0c13      	lsrs	r3, r2, #16
10001d66:	4373      	muls	r3, r6
10001d68:	18db      	adds	r3, r3, r3
10001d6a:	1ac9      	subs	r1, r1, r3
10001d6c:	08ce      	lsrs	r6, r1, #3
10001d6e:	4366      	muls	r6, r4
10001d70:	0c36      	lsrs	r6, r6, #16
10001d72:	44b6      	add	lr, r6
10001d74:	b293      	uxth	r3, r2
10001d76:	4373      	muls	r3, r6
10001d78:	0f1f      	lsrs	r7, r3, #28
10001d7a:	011b      	lsls	r3, r3, #4
10001d7c:	1ac0      	subs	r0, r0, r3
10001d7e:	41b9      	sbcs	r1, r7
10001d80:	0c13      	lsrs	r3, r2, #16
10001d82:	4373      	muls	r3, r6
10001d84:	0b1f      	lsrs	r7, r3, #12
10001d86:	051b      	lsls	r3, r3, #20
10001d88:	1ac0      	subs	r0, r0, r3
10001d8a:	41b9      	sbcs	r1, r7
10001d8c:	0d86      	lsrs	r6, r0, #22
10001d8e:	028f      	lsls	r7, r1, #10
10001d90:	433e      	orrs	r6, r7
10001d92:	4366      	muls	r6, r4
10001d94:	0c36      	lsrs	r6, r6, #16
10001d96:	2d09      	cmp	r5, #9
10001d98:	db24      	blt.n	10001de4 <last0>
10001d9a:	0a52      	lsrs	r2, r2, #9
10001d9c:	4372      	muls	r2, r6
10001d9e:	1a80      	subs	r0, r0, r2
10001da0:	0377      	lsls	r7, r6, #13
10001da2:	0a46      	lsrs	r6, r0, #9
10001da4:	4366      	muls	r6, r4
10001da6:	0c36      	lsrs	r6, r6, #16
10001da8:	2316      	movs	r3, #22
10001daa:	1b5b      	subs	r3, r3, r5
10001dac:	40de      	lsrs	r6, r3
10001dae:	40df      	lsrs	r7, r3
10001db0:	19bf      	adds	r7, r7, r6
10001db2:	4664      	mov	r4, ip
10001db4:	4366      	muls	r6, r4
10001db6:	1b82      	subs	r2, r0, r6
10001db8:	4670      	mov	r0, lr
10001dba:	3504      	adds	r5, #4
10001dbc:	3306      	adds	r3, #6
10001dbe:	0001      	movs	r1, r0
10001dc0:	40d9      	lsrs	r1, r3
10001dc2:	40a8      	lsls	r0, r5
10001dc4:	19c0      	adds	r0, r0, r7
10001dc6:	d300      	bcc.n	10001dca <y64_x32+0xb6>
10001dc8:	3101      	adds	r1, #1
10001dca:	42a2      	cmp	r2, r4
10001dcc:	d206      	bcs.n	10001ddc <y64_x32+0xc8>
10001dce:	2300      	movs	r3, #0
10001dd0:	bdf0      	pop	{r4, r5, r6, r7, pc}
10001dd2:	0000      	.short	0x0000
10001dd4:	d0000000 	.word	0xd0000000
10001dd8:	ffffffff 	.word	0xffffffff
10001ddc:	1b12      	subs	r2, r2, r4
10001dde:	3001      	adds	r0, #1
10001de0:	d3f3      	bcc.n	10001dca <y64_x32+0xb6>
10001de2:	e7f1      	b.n	10001dc8 <y64_x32+0xb4>

10001de4 <last0>:
10001de4:	2709      	movs	r7, #9
10001de6:	1b7f      	subs	r7, r7, r5
10001de8:	40fe      	lsrs	r6, r7
10001dea:	4664      	mov	r4, ip
10001dec:	b2a2      	uxth	r2, r4
10001dee:	4372      	muls	r2, r6
10001df0:	1a80      	subs	r0, r0, r2
10001df2:	d200      	bcs.n	10001df6 <last0+0x12>
10001df4:	3901      	subs	r1, #1
10001df6:	0c22      	lsrs	r2, r4, #16
10001df8:	4372      	muls	r2, r6
10001dfa:	0c13      	lsrs	r3, r2, #16
10001dfc:	0412      	lsls	r2, r2, #16
10001dfe:	1a82      	subs	r2, r0, r2
10001e00:	4199      	sbcs	r1, r3
10001e02:	000b      	movs	r3, r1
10001e04:	4670      	mov	r0, lr
10001e06:	3504      	adds	r5, #4
10001e08:	3713      	adds	r7, #19
10001e0a:	0001      	movs	r1, r0
10001e0c:	40f9      	lsrs	r1, r7
10001e0e:	40a8      	lsls	r0, r5
10001e10:	1980      	adds	r0, r0, r6
10001e12:	d300      	bcc.n	10001e16 <last0+0x32>
10001e14:	3101      	adds	r1, #1
10001e16:	2b00      	cmp	r3, #0
10001e18:	d102      	bne.n	10001e20 <last0+0x3c>
10001e1a:	42a2      	cmp	r2, r4
10001e1c:	d20a      	bcs.n	10001e34 <last0+0x50>
10001e1e:	bdf0      	pop	{r4, r5, r6, r7, pc}
10001e20:	3001      	adds	r0, #1
10001e22:	d300      	bcc.n	10001e26 <last0+0x42>
10001e24:	3101      	adds	r1, #1
10001e26:	1b12      	subs	r2, r2, r4
10001e28:	d2fa      	bcs.n	10001e20 <last0+0x3c>
10001e2a:	3b01      	subs	r3, #1
10001e2c:	d1f8      	bne.n	10001e20 <last0+0x3c>
10001e2e:	42a2      	cmp	r2, r4
10001e30:	d200      	bcs.n	10001e34 <last0+0x50>
10001e32:	bdf0      	pop	{r4, r5, r6, r7, pc}
10001e34:	3001      	adds	r0, #1
10001e36:	d300      	bcc.n	10001e3a <last0+0x56>
10001e38:	3101      	adds	r1, #1
10001e3a:	1b12      	subs	r2, r2, r4
10001e3c:	e7f7      	b.n	10001e2e <last0+0x4a>

10001e3e <y64_x48>:
10001e3e:	b5f0      	push	{r4, r5, r6, r7, lr}
10001e40:	0c1c      	lsrs	r4, r3, #16
10001e42:	d000      	beq.n	10001e46 <y64_x48+0x8>
10001e44:	e080      	b.n	10001f48 <y64_x64>
10001e46:	b40c      	push	{r2, r3}
10001e48:	2500      	movs	r5, #0
10001e4a:	0a1c      	lsrs	r4, r3, #8
10001e4c:	d104      	bne.n	10001e58 <y64_x48+0x1a>
10001e4e:	021b      	lsls	r3, r3, #8
10001e50:	0e16      	lsrs	r6, r2, #24
10001e52:	4333      	orrs	r3, r6
10001e54:	0212      	lsls	r2, r2, #8
10001e56:	3508      	adds	r5, #8
10001e58:	0b1c      	lsrs	r4, r3, #12
10001e5a:	d104      	bne.n	10001e66 <y64_x48+0x28>
10001e5c:	011b      	lsls	r3, r3, #4
10001e5e:	0f16      	lsrs	r6, r2, #28
10001e60:	4333      	orrs	r3, r6
10001e62:	0112      	lsls	r2, r2, #4
10001e64:	3504      	adds	r5, #4
10001e66:	0b9c      	lsrs	r4, r3, #14
10001e68:	d104      	bne.n	10001e74 <y64_x48+0x36>
10001e6a:	009b      	lsls	r3, r3, #2
10001e6c:	0f96      	lsrs	r6, r2, #30
10001e6e:	4333      	orrs	r3, r6
10001e70:	0092      	lsls	r2, r2, #2
10001e72:	3502      	adds	r5, #2
10001e74:	0bdc      	lsrs	r4, r3, #15
10001e76:	d102      	bne.n	10001e7e <y64_x48+0x40>
10001e78:	1892      	adds	r2, r2, r2
10001e7a:	415b      	adcs	r3, r3
10001e7c:	3501      	adds	r5, #1
10001e7e:	001c      	movs	r4, r3
10001e80:	1897      	adds	r7, r2, r2
10001e82:	4164      	adcs	r4, r4
10001e84:	3401      	adds	r4, #1
10001e86:	4f46      	ldr	r7, [pc, #280]	; (10001fa0 <y64_x64+0x58>)
10001e88:	667c      	str	r4, [r7, #100]	; 0x64
10001e8a:	4c46      	ldr	r4, [pc, #280]	; (10001fa4 <y64_x64+0x5c>)
10001e8c:	663c      	str	r4, [r7, #96]	; 0x60
10001e8e:	0c0e      	lsrs	r6, r1, #16
10001e90:	e7ff      	b.n	10001e92 <y64_x48+0x54>
10001e92:	e7ff      	b.n	10001e94 <y64_x48+0x56>
10001e94:	e7ff      	b.n	10001e96 <y64_x48+0x58>
10001e96:	46c0      	nop			; (mov r8, r8)
10001e98:	6f3c      	ldr	r4, [r7, #112]	; 0x70
10001e9a:	4366      	muls	r6, r4
10001e9c:	0c36      	lsrs	r6, r6, #16
10001e9e:	0377      	lsls	r7, r6, #13
10001ea0:	46be      	mov	lr, r7
10001ea2:	b297      	uxth	r7, r2
10001ea4:	4377      	muls	r7, r6
10001ea6:	1bc0      	subs	r0, r0, r7
10001ea8:	d200      	bcs.n	10001eac <y64_x48+0x6e>
10001eaa:	3901      	subs	r1, #1
10001eac:	1bc0      	subs	r0, r0, r7
10001eae:	d200      	bcs.n	10001eb2 <y64_x48+0x74>
10001eb0:	3901      	subs	r1, #1
10001eb2:	b29f      	uxth	r7, r3
10001eb4:	4377      	muls	r7, r6
10001eb6:	1bc9      	subs	r1, r1, r7
10001eb8:	1bc9      	subs	r1, r1, r7
10001eba:	0c17      	lsrs	r7, r2, #16
10001ebc:	4377      	muls	r7, r6
10001ebe:	047e      	lsls	r6, r7, #17
10001ec0:	0bff      	lsrs	r7, r7, #15
10001ec2:	1b80      	subs	r0, r0, r6
10001ec4:	41b9      	sbcs	r1, r7
10001ec6:	08ce      	lsrs	r6, r1, #3
10001ec8:	4366      	muls	r6, r4
10001eca:	0c36      	lsrs	r6, r6, #16
10001ecc:	2d0c      	cmp	r5, #12
10001ece:	db33      	blt.n	10001f38 <last1>
10001ed0:	44b6      	add	lr, r6
10001ed2:	0b12      	lsrs	r2, r2, #12
10001ed4:	051f      	lsls	r7, r3, #20
10001ed6:	433a      	orrs	r2, r7
10001ed8:	0b1b      	lsrs	r3, r3, #12
10001eda:	b297      	uxth	r7, r2
10001edc:	4377      	muls	r7, r6
10001ede:	1bc0      	subs	r0, r0, r7
10001ee0:	d200      	bcs.n	10001ee4 <y64_x48+0xa6>
10001ee2:	3901      	subs	r1, #1
10001ee4:	b29f      	uxth	r7, r3
10001ee6:	4377      	muls	r7, r6
10001ee8:	1bc9      	subs	r1, r1, r7
10001eea:	0c17      	lsrs	r7, r2, #16
10001eec:	4377      	muls	r7, r6
10001eee:	043e      	lsls	r6, r7, #16
10001ef0:	0c3f      	lsrs	r7, r7, #16
10001ef2:	1b80      	subs	r0, r0, r6
10001ef4:	41b9      	sbcs	r1, r7
10001ef6:	0d86      	lsrs	r6, r0, #22
10001ef8:	028f      	lsls	r7, r1, #10
10001efa:	433e      	orrs	r6, r7
10001efc:	4366      	muls	r6, r4
10001efe:	2729      	movs	r7, #41	; 0x29
10001f00:	1b7f      	subs	r7, r7, r5
10001f02:	40fe      	lsrs	r6, r7
10001f04:	3d0c      	subs	r5, #12
10001f06:	4677      	mov	r7, lr
10001f08:	40af      	lsls	r7, r5
10001f0a:	19bf      	adds	r7, r7, r6
10001f0c:	bc30      	pop	{r4, r5}
10001f0e:	b2a2      	uxth	r2, r4
10001f10:	b2ab      	uxth	r3, r5
10001f12:	4372      	muls	r2, r6
10001f14:	4373      	muls	r3, r6
10001f16:	1a80      	subs	r0, r0, r2
10001f18:	4199      	sbcs	r1, r3
10001f1a:	0c22      	lsrs	r2, r4, #16
10001f1c:	4372      	muls	r2, r6
10001f1e:	0c13      	lsrs	r3, r2, #16
10001f20:	0412      	lsls	r2, r2, #16
10001f22:	1a80      	subs	r0, r0, r2
10001f24:	4199      	sbcs	r1, r3
10001f26:	0002      	movs	r2, r0
10001f28:	000b      	movs	r3, r1
10001f2a:	3701      	adds	r7, #1
10001f2c:	1b00      	subs	r0, r0, r4
10001f2e:	41a9      	sbcs	r1, r5
10001f30:	d2f9      	bcs.n	10001f26 <y64_x48+0xe8>
10001f32:	1e78      	subs	r0, r7, #1
10001f34:	2100      	movs	r1, #0
10001f36:	bdf0      	pop	{r4, r5, r6, r7, pc}

10001f38 <last1>:
10001f38:	270c      	movs	r7, #12
10001f3a:	1b7f      	subs	r7, r7, r5
10001f3c:	40fe      	lsrs	r6, r7
10001f3e:	4677      	mov	r7, lr
10001f40:	0b7f      	lsrs	r7, r7, #13
10001f42:	40af      	lsls	r7, r5
10001f44:	19ff      	adds	r7, r7, r7
10001f46:	e7e0      	b.n	10001f0a <y64_x48+0xcc>

10001f48 <y64_x64>:
10001f48:	2400      	movs	r4, #0
10001f4a:	1c5d      	adds	r5, r3, #1
10001f4c:	d007      	beq.n	10001f5e <y64_x64+0x16>
10001f4e:	4f14      	ldr	r7, [pc, #80]	; (10001fa0 <y64_x64+0x58>)
10001f50:	667d      	str	r5, [r7, #100]	; 0x64
10001f52:	6639      	str	r1, [r7, #96]	; 0x60
10001f54:	e7ff      	b.n	10001f56 <y64_x64+0xe>
10001f56:	e7ff      	b.n	10001f58 <y64_x64+0x10>
10001f58:	e7ff      	b.n	10001f5a <y64_x64+0x12>
10001f5a:	e7ff      	b.n	10001f5c <y64_x64+0x14>
10001f5c:	6f3c      	ldr	r4, [r7, #112]	; 0x70
10001f5e:	b295      	uxth	r5, r2
10001f60:	b29e      	uxth	r6, r3
10001f62:	4365      	muls	r5, r4
10001f64:	4366      	muls	r6, r4
10001f66:	1b40      	subs	r0, r0, r5
10001f68:	41b1      	sbcs	r1, r6
10001f6a:	0c15      	lsrs	r5, r2, #16
10001f6c:	0c1e      	lsrs	r6, r3, #16
10001f6e:	4365      	muls	r5, r4
10001f70:	4366      	muls	r6, r4
10001f72:	0436      	lsls	r6, r6, #16
10001f74:	0c2f      	lsrs	r7, r5, #16
10001f76:	433e      	orrs	r6, r7
10001f78:	042d      	lsls	r5, r5, #16
10001f7a:	1b40      	subs	r0, r0, r5
10001f7c:	41b1      	sbcs	r1, r6
10001f7e:	4299      	cmp	r1, r3
10001f80:	d204      	bcs.n	10001f8c <y64_x64+0x44>
10001f82:	0002      	movs	r2, r0
10001f84:	000b      	movs	r3, r1
10001f86:	0020      	movs	r0, r4
10001f88:	2100      	movs	r1, #0
10001f8a:	bdf0      	pop	{r4, r5, r6, r7, pc}
10001f8c:	d101      	bne.n	10001f92 <y64_x64+0x4a>
10001f8e:	4290      	cmp	r0, r2
10001f90:	d3f7      	bcc.n	10001f82 <y64_x64+0x3a>
10001f92:	1a80      	subs	r0, r0, r2
10001f94:	4199      	sbcs	r1, r3
10001f96:	3401      	adds	r4, #1
10001f98:	4299      	cmp	r1, r3
10001f9a:	d3f2      	bcc.n	10001f82 <y64_x64+0x3a>
10001f9c:	e7f6      	b.n	10001f8c <y64_x64+0x44>
10001f9e:	0000      	.short	0x0000
10001fa0:	d0000000 	.word	0xd0000000
10001fa4:	ffffffff 	.word	0xffffffff

10001fa8 <__wrap___aeabi_drsub>:
10001fa8:	4048      	eors	r0, r1
10001faa:	4041      	eors	r1, r0
10001fac:	4048      	eors	r0, r1

10001fae <__wrap___aeabi_dsub>:
10001fae:	b418      	push	{r3, r4}
10001fb0:	4b1b      	ldr	r3, [pc, #108]	; (10002020 <__wrap___aeabi_dmul+0x12>)
10001fb2:	685b      	ldr	r3, [r3, #4]
10001fb4:	46fc      	mov	ip, pc
10001fb6:	9301      	str	r3, [sp, #4]
10001fb8:	bd08      	pop	{r3, pc}
10001fba:	df04      	.short	0xdf04
10001fbc:	1000227f 	.word	0x1000227f

10001fc0 <__wrap___aeabi_dadd>:
10001fc0:	b418      	push	{r3, r4}
10001fc2:	4b17      	ldr	r3, [pc, #92]	; (10002020 <__wrap___aeabi_dmul+0x12>)
10001fc4:	681b      	ldr	r3, [r3, #0]
10001fc6:	46fc      	mov	ip, pc
10001fc8:	9301      	str	r3, [sp, #4]
10001fca:	bd08      	pop	{r3, pc}
10001fcc:	2289df00 	.word	0x2289df00
10001fd0:	1000      	.short	0x1000

10001fd2 <__wrap___aeabi_ddiv>:
10001fd2:	4694      	mov	ip, r2
10001fd4:	4a13      	ldr	r2, [pc, #76]	; (10002024 <__wrap___aeabi_dmul+0x16>)
10001fd6:	6f92      	ldr	r2, [r2, #120]	; 0x78
10001fd8:	0892      	lsrs	r2, r2, #2
10001fda:	d209      	bcs.n	10001ff0 <ddiv_save_state>
10001fdc:	4662      	mov	r2, ip

10001fde <ddiv_shim_call>:
10001fde:	b418      	push	{r3, r4}
10001fe0:	4b0f      	ldr	r3, [pc, #60]	; (10002020 <__wrap___aeabi_dmul+0x12>)
10001fe2:	68db      	ldr	r3, [r3, #12]
10001fe4:	46fc      	mov	ip, pc
10001fe6:	9301      	str	r3, [sp, #4]
10001fe8:	bd08      	pop	{r3, pc}
10001fea:	df0c      	.short	0xdf0c
10001fec:	10002541 	.word	0x10002541

10001ff0 <ddiv_save_state>:
10001ff0:	4a0c      	ldr	r2, [pc, #48]	; (10002024 <__wrap___aeabi_dmul+0x16>)
10001ff2:	b5f0      	push	{r4, r5, r6, r7, lr}
10001ff4:	6e14      	ldr	r4, [r2, #96]	; 0x60
10001ff6:	6e55      	ldr	r5, [r2, #100]	; 0x64
10001ff8:	6f57      	ldr	r7, [r2, #116]	; 0x74
10001ffa:	6f16      	ldr	r6, [r2, #112]	; 0x70
10001ffc:	4662      	mov	r2, ip
10001ffe:	f7ff ffee 	bl	10001fde <ddiv_shim_call>
10002002:	4a08      	ldr	r2, [pc, #32]	; (10002024 <__wrap___aeabi_dmul+0x16>)
10002004:	6614      	str	r4, [r2, #96]	; 0x60
10002006:	6655      	str	r5, [r2, #100]	; 0x64
10002008:	6757      	str	r7, [r2, #116]	; 0x74
1000200a:	6716      	str	r6, [r2, #112]	; 0x70
1000200c:	bdf0      	pop	{r4, r5, r6, r7, pc}

1000200e <__wrap___aeabi_dmul>:
1000200e:	b418      	push	{r3, r4}
10002010:	4b03      	ldr	r3, [pc, #12]	; (10002020 <__wrap___aeabi_dmul+0x12>)
10002012:	689b      	ldr	r3, [r3, #8]
10002014:	46fc      	mov	ip, pc
10002016:	9301      	str	r3, [sp, #4]
10002018:	bd08      	pop	{r3, pc}
1000201a:	df08      	.short	0xdf08
1000201c:	100023e5 	.word	0x100023e5
10002020:	20001b38 	.word	0x20001b38
10002024:	d0000000 	.word	0xd0000000

10002028 <__wrap___aeabi_cdrcmple>:
10002028:	b5ff      	push	{r0, r1, r2, r3, r4, r5, r6, r7, lr}
1000202a:	4050      	eors	r0, r2
1000202c:	4042      	eors	r2, r0
1000202e:	4050      	eors	r0, r2
10002030:	4059      	eors	r1, r3
10002032:	404b      	eors	r3, r1
10002034:	4059      	eors	r1, r3
10002036:	e000      	b.n	1000203a <__aeabi_dfcmple_guts>

10002038 <__wrap___aeabi_cdcmpeq>:
10002038:	b5ff      	push	{r0, r1, r2, r3, r4, r5, r6, r7, lr}

1000203a <__aeabi_dfcmple_guts>:
1000203a:	4f15      	ldr	r7, [pc, #84]	; (10002090 <__aeabi_dfcmple_guts+0x56>)
1000203c:	004c      	lsls	r4, r1, #1
1000203e:	0d64      	lsrs	r4, r4, #21
10002040:	d003      	beq.n	1000204a <__aeabi_dfcmple_guts+0x10>
10002042:	42bc      	cmp	r4, r7
10002044:	d104      	bne.n	10002050 <__aeabi_dfcmple_guts+0x16>
10002046:	030c      	lsls	r4, r1, #12
10002048:	d814      	bhi.n	10002074 <__aeabi_dfcmple_guts+0x3a>
1000204a:	2000      	movs	r0, #0
1000204c:	0d09      	lsrs	r1, r1, #20
1000204e:	0509      	lsls	r1, r1, #20
10002050:	005c      	lsls	r4, r3, #1
10002052:	0d64      	lsrs	r4, r4, #21
10002054:	d003      	beq.n	1000205e <__aeabi_dfcmple_guts+0x24>
10002056:	42bc      	cmp	r4, r7
10002058:	d104      	bne.n	10002064 <__aeabi_dfcmple_guts+0x2a>
1000205a:	031c      	lsls	r4, r3, #12
1000205c:	d80a      	bhi.n	10002074 <__aeabi_dfcmple_guts+0x3a>
1000205e:	2200      	movs	r2, #0
10002060:	0d1b      	lsrs	r3, r3, #20
10002062:	051b      	lsls	r3, r3, #20
10002064:	2601      	movs	r6, #1
10002066:	404b      	eors	r3, r1
10002068:	d409      	bmi.n	1000207e <__aeabi_dfcmple_guts+0x44>
1000206a:	404b      	eors	r3, r1
1000206c:	d503      	bpl.n	10002076 <__aeabi_dfcmple_guts+0x3c>
1000206e:	428b      	cmp	r3, r1
10002070:	d100      	bne.n	10002074 <__aeabi_dfcmple_guts+0x3a>
10002072:	4282      	cmp	r2, r0
10002074:	bdff      	pop	{r0, r1, r2, r3, r4, r5, r6, r7, pc}
10002076:	4299      	cmp	r1, r3
10002078:	d1fc      	bne.n	10002074 <__aeabi_dfcmple_guts+0x3a>
1000207a:	4290      	cmp	r0, r2
1000207c:	bdff      	pop	{r0, r1, r2, r3, r4, r5, r6, r7, pc}
1000207e:	430b      	orrs	r3, r1
10002080:	18db      	adds	r3, r3, r3
10002082:	4303      	orrs	r3, r0
10002084:	4313      	orrs	r3, r2
10002086:	d0f5      	beq.n	10002074 <__aeabi_dfcmple_guts+0x3a>
10002088:	43c9      	mvns	r1, r1
1000208a:	1849      	adds	r1, r1, r1
1000208c:	bdff      	pop	{r0, r1, r2, r3, r4, r5, r6, r7, pc}
1000208e:	0000      	.short	0x0000
10002090:	000007ff 	.word	0x000007ff

10002094 <__wrap___aeabi_dcmplt>:
10002094:	b500      	push	{lr}
10002096:	f7ff ffcf 	bl	10002038 <__wrap___aeabi_cdcmpeq>
1000209a:	4180      	sbcs	r0, r0
1000209c:	bd00      	pop	{pc}
1000209e:	46c0      	nop			; (mov r8, r8)

100020a0 <__wrap___aeabi_dcmple>:
100020a0:	b500      	push	{lr}
100020a2:	f7ff ffc9 	bl	10002038 <__wrap___aeabi_cdcmpeq>
100020a6:	d901      	bls.n	100020ac <__wrap___aeabi_dcmple+0xc>
100020a8:	2000      	movs	r0, #0
100020aa:	bd00      	pop	{pc}
100020ac:	2001      	movs	r0, #1
100020ae:	bd00      	pop	{pc}

100020b0 <__wrap___aeabi_dcmpge>:
100020b0:	b500      	push	{lr}
100020b2:	f7ff ffb9 	bl	10002028 <__wrap___aeabi_cdrcmple>
100020b6:	d901      	bls.n	100020bc <__wrap___aeabi_dcmpge+0xc>
100020b8:	2000      	movs	r0, #0
100020ba:	bd00      	pop	{pc}
100020bc:	2001      	movs	r0, #1
100020be:	bd00      	pop	{pc}

100020c0 <__wrap___aeabi_dcmpgt>:
100020c0:	b500      	push	{lr}
100020c2:	f7ff ffb1 	bl	10002028 <__wrap___aeabi_cdrcmple>
100020c6:	4180      	sbcs	r0, r0
100020c8:	bd00      	pop	{pc}

100020ca <__wrap___aeabi_dcmpun>:
100020ca:	2001      	movs	r0, #1
100020cc:	0540      	lsls	r0, r0, #21
100020ce:	004a      	lsls	r2, r1, #1
100020d0:	1812      	adds	r2, r2, r0
100020d2:	d804      	bhi.n	100020de <__wrap___aeabi_dcmpun+0x14>
100020d4:	005a      	lsls	r2, r3, #1
100020d6:	1812      	adds	r2, r2, r0
100020d8:	d801      	bhi.n	100020de <__wrap___aeabi_dcmpun+0x14>
100020da:	2000      	movs	r0, #0
100020dc:	4770      	bx	lr
100020de:	2001      	movs	r0, #1
100020e0:	4770      	bx	lr
	...

100020e4 <__wrap___aeabi_ui2d>:
100020e4:	2100      	movs	r1, #0
100020e6:	2800      	cmp	r0, #0
100020e8:	d105      	bne.n	100020f6 <__wrap___aeabi_i2d+0xa>
100020ea:	4770      	bx	lr

100020ec <__wrap___aeabi_i2d>:
100020ec:	17c1      	asrs	r1, r0, #31
100020ee:	4048      	eors	r0, r1
100020f0:	1a40      	subs	r0, r0, r1
100020f2:	d0fa      	beq.n	100020ea <__wrap___aeabi_ui2d+0x6>
100020f4:	07c9      	lsls	r1, r1, #31
100020f6:	b513      	push	{r0, r1, r4, lr}
100020f8:	4b06      	ldr	r3, [pc, #24]	; (10002114 <__wrap___aeabi_i2d+0x28>)
100020fa:	681b      	ldr	r3, [r3, #0]
100020fc:	4798      	blx	r3
100020fe:	bc0c      	pop	{r2, r3}
10002100:	1c44      	adds	r4, r0, #1
10002102:	40a2      	lsls	r2, r4
10002104:	0510      	lsls	r0, r2, #20
10002106:	0b12      	lsrs	r2, r2, #12
10002108:	4903      	ldr	r1, [pc, #12]	; (10002118 <__wrap___aeabi_i2d+0x2c>)
1000210a:	1b09      	subs	r1, r1, r4
1000210c:	0509      	lsls	r1, r1, #20
1000210e:	4319      	orrs	r1, r3
10002110:	4311      	orrs	r1, r2
10002112:	bd10      	pop	{r4, pc}
10002114:	20001c38 	.word	0x20001c38
10002118:	0000041f 	.word	0x0000041f

1000211c <__wrap___aeabi_d2iz>:
1000211c:	b510      	push	{r4, lr}
1000211e:	004c      	lsls	r4, r1, #1
10002120:	0d62      	lsrs	r2, r4, #21
10002122:	2380      	movs	r3, #128	; 0x80
10002124:	18d2      	adds	r2, r2, r3
10002126:	00db      	lsls	r3, r3, #3
10002128:	1ad2      	subs	r2, r2, r3
1000212a:	055b      	lsls	r3, r3, #21
1000212c:	2a7e      	cmp	r2, #126	; 0x7e
1000212e:	dd10      	ble.n	10002152 <__wrap___aeabi_d2iz+0x36>
10002130:	3a9e      	subs	r2, #158	; 0x9e
10002132:	da13      	bge.n	1000215c <__wrap___aeabi_d2iz+0x40>
10002134:	17cc      	asrs	r4, r1, #31
10002136:	0309      	lsls	r1, r1, #12
10002138:	0849      	lsrs	r1, r1, #1
1000213a:	4319      	orrs	r1, r3
1000213c:	4252      	negs	r2, r2
1000213e:	40d1      	lsrs	r1, r2
10002140:	0064      	lsls	r4, r4, #1
10002142:	3401      	adds	r4, #1
10002144:	3215      	adds	r2, #21
10002146:	2a20      	cmp	r2, #32
10002148:	da05      	bge.n	10002156 <__wrap___aeabi_d2iz+0x3a>
1000214a:	40d0      	lsrs	r0, r2
1000214c:	4308      	orrs	r0, r1
1000214e:	4360      	muls	r0, r4
10002150:	bd10      	pop	{r4, pc}
10002152:	2000      	movs	r0, #0
10002154:	bd10      	pop	{r4, pc}
10002156:	4608      	mov	r0, r1
10002158:	4360      	muls	r0, r4
1000215a:	bd10      	pop	{r4, pc}
1000215c:	0fc8      	lsrs	r0, r1, #31
1000215e:	18c0      	adds	r0, r0, r3
10002160:	3801      	subs	r0, #1
10002162:	bd10      	pop	{r4, pc}

10002164 <__wrap___aeabi_d2uiz>:
10002164:	b418      	push	{r3, r4}
10002166:	4b04      	ldr	r3, [pc, #16]	; (10002178 <__wrap___aeabi_d2uiz+0x14>)
10002168:	6a5b      	ldr	r3, [r3, #36]	; 0x24
1000216a:	46fc      	mov	ip, pc
1000216c:	9301      	str	r3, [sp, #4]
1000216e:	bd08      	pop	{r3, pc}
10002170:	26f1df24 	.word	0x26f1df24
10002174:	00001000 	.word	0x00001000
10002178:	20001b38 	.word	0x20001b38

1000217c <__aeabi_double_init>:
1000217c:	b570      	push	{r4, r5, r6, lr}
1000217e:	2313      	movs	r3, #19
10002180:	781c      	ldrb	r4, [r3, #0]
10002182:	2c01      	cmp	r4, #1
10002184:	d014      	beq.n	100021b0 <__aeabi_double_init+0x34>
10002186:	2c01      	cmp	r4, #1
10002188:	dc14      	bgt.n	100021b4 <__aeabi_double_init+0x38>
1000218a:	2c02      	cmp	r4, #2
1000218c:	dc02      	bgt.n	10002194 <__aeabi_double_init+0x18>
1000218e:	4a1f      	ldr	r2, [pc, #124]	; (1000220c <__aeabi_double_init+0x90>)
10002190:	4b1f      	ldr	r3, [pc, #124]	; (10002210 <__aeabi_double_init+0x94>)
10002192:	649a      	str	r2, [r3, #72]	; 0x48
10002194:	481f      	ldr	r0, [pc, #124]	; (10002214 <__aeabi_double_init+0x98>)
10002196:	f7ff fc6f 	bl	10001a78 <rom_func_lookup>
1000219a:	4b1f      	ldr	r3, [pc, #124]	; (10002218 <__aeabi_double_init+0x9c>)
1000219c:	6018      	str	r0, [r3, #0]
1000219e:	bd70      	pop	{r4, r5, r6, pc}
100021a0:	0099      	lsls	r1, r3, #2
100021a2:	481a      	ldr	r0, [pc, #104]	; (1000220c <__aeabi_double_init+0x90>)
100021a4:	4a1a      	ldr	r2, [pc, #104]	; (10002210 <__aeabi_double_init+0x94>)
100021a6:	5088      	str	r0, [r1, r2]
100021a8:	3301      	adds	r3, #1
100021aa:	2b1f      	cmp	r3, #31
100021ac:	d9f8      	bls.n	100021a0 <__aeabi_double_init+0x24>
100021ae:	e7ea      	b.n	10002186 <__aeabi_double_init+0xa>
100021b0:	2300      	movs	r3, #0
100021b2:	e7fa      	b.n	100021aa <__aeabi_double_init+0x2e>
100021b4:	4819      	ldr	r0, [pc, #100]	; (1000221c <__aeabi_double_init+0xa0>)
100021b6:	f7ff fc67 	bl	10001a88 <rom_data_lookup>
100021ba:	0005      	movs	r5, r0
100021bc:	4818      	ldr	r0, [pc, #96]	; (10002220 <__aeabi_double_init+0xa4>)
100021be:	f7ff fc63 	bl	10001a88 <rom_data_lookup>
100021c2:	3802      	subs	r0, #2
100021c4:	7803      	ldrb	r3, [r0, #0]
100021c6:	009b      	lsls	r3, r3, #2
100021c8:	2b7f      	cmp	r3, #127	; 0x7f
100021ca:	dd19      	ble.n	10002200 <__aeabi_double_init+0x84>
100021cc:	2280      	movs	r2, #128	; 0x80
100021ce:	0029      	movs	r1, r5
100021d0:	480f      	ldr	r0, [pc, #60]	; (10002210 <__aeabi_double_init+0x94>)
100021d2:	f000 fbab 	bl	1000292c <__wrap___aeabi_memcpy>
100021d6:	2c02      	cmp	r4, #2
100021d8:	d1d7      	bne.n	1000218a <__aeabi_double_init+0xe>
100021da:	4b12      	ldr	r3, [pc, #72]	; (10002224 <__aeabi_double_init+0xa8>)
100021dc:	881a      	ldrh	r2, [r3, #0]
100021de:	23b5      	movs	r3, #181	; 0xb5
100021e0:	021b      	lsls	r3, r3, #8
100021e2:	429a      	cmp	r2, r3
100021e4:	d109      	bne.n	100021fa <__aeabi_double_init+0x7e>
100021e6:	4b10      	ldr	r3, [pc, #64]	; (10002228 <__aeabi_double_init+0xac>)
100021e8:	881a      	ldrh	r2, [r3, #0]
100021ea:	4b10      	ldr	r3, [pc, #64]	; (1000222c <__aeabi_double_init+0xb0>)
100021ec:	429a      	cmp	r2, r3
100021ee:	d104      	bne.n	100021fa <__aeabi_double_init+0x7e>
100021f0:	4b0f      	ldr	r3, [pc, #60]	; (10002230 <__aeabi_double_init+0xb4>)
100021f2:	881a      	ldrh	r2, [r3, #0]
100021f4:	4b0f      	ldr	r3, [pc, #60]	; (10002234 <__aeabi_double_init+0xb8>)
100021f6:	429a      	cmp	r2, r3
100021f8:	d0c7      	beq.n	1000218a <__aeabi_double_init+0xe>
100021fa:	2000      	movs	r0, #0
100021fc:	f7fe f928 	bl	10000450 <panic>
10002200:	4b0d      	ldr	r3, [pc, #52]	; (10002238 <__aeabi_double_init+0xbc>)
10002202:	4a0e      	ldr	r2, [pc, #56]	; (1000223c <__aeabi_double_init+0xc0>)
10002204:	2133      	movs	r1, #51	; 0x33
10002206:	480e      	ldr	r0, [pc, #56]	; (10002240 <__aeabi_double_init+0xc4>)
10002208:	f001 fc3c 	bl	10003a84 <__assert_func>
1000220c:	10002245 	.word	0x10002245
10002210:	20001b38 	.word	0x20001b38
10002214:	0000334c 	.word	0x0000334c
10002218:	20001c38 	.word	0x20001c38
1000221c:	00004453 	.word	0x00004453
10002220:	00004653 	.word	0x00004653
10002224:	00003854 	.word	0x00003854
10002228:	000038d8 	.word	0x000038d8
1000222c:	00004649 	.word	0x00004649
10002230:	0000389c 	.word	0x0000389c
10002234:	00004659 	.word	0x00004659
10002238:	10007364 	.word	0x10007364
1000223c:	10007408 	.word	0x10007408
10002240:	100073a8 	.word	0x100073a8

10002244 <double_table_shim_on_use_helper>:
10002244:	b507      	push	{r0, r1, r2, lr}
10002246:	4660      	mov	r0, ip
10002248:	2800      	cmp	r0, #0
1000224a:	d100      	bne.n	1000224e <double_table_shim_on_use_helper+0xa>
1000224c:	be00      	bkpt	0x0000
1000224e:	8801      	ldrh	r1, [r0, #0]
10002250:	0a0a      	lsrs	r2, r1, #8
10002252:	3002      	adds	r0, #2
10002254:	2adf      	cmp	r2, #223	; 0xdf
10002256:	d1fa      	bne.n	1000224e <double_table_shim_on_use_helper+0xa>
10002258:	b2c9      	uxtb	r1, r1
1000225a:	0882      	lsrs	r2, r0, #2
1000225c:	d304      	bcc.n	10002268 <double_table_shim_on_use_helper+0x24>
1000225e:	8802      	ldrh	r2, [r0, #0]
10002260:	8840      	ldrh	r0, [r0, #2]
10002262:	0400      	lsls	r0, r0, #16
10002264:	4310      	orrs	r0, r2
10002266:	e000      	b.n	1000226a <double_table_shim_on_use_helper+0x26>
10002268:	6800      	ldr	r0, [r0, #0]
1000226a:	4a02      	ldr	r2, [pc, #8]	; (10002274 <double_table_shim_on_use_helper+0x30>)
1000226c:	5050      	str	r0, [r2, r1]
1000226e:	9003      	str	r0, [sp, #12]
10002270:	bd07      	pop	{r0, r1, r2, pc}
10002272:	0000      	.short	0x0000
10002274:	20001b38 	.word	0x20001b38

10002278 <drsub_shim>:
10002278:	b40f      	push	{r0, r1, r2, r3}
1000227a:	bc03      	pop	{r0, r1}
1000227c:	bc0c      	pop	{r2, r3}

1000227e <dsub_shim>:
1000227e:	b5f0      	push	{r4, r5, r6, r7, lr}
10002280:	2401      	movs	r4, #1
10002282:	07e4      	lsls	r4, r4, #31
10002284:	4063      	eors	r3, r4
10002286:	e000      	b.n	1000228a <da_entry>

10002288 <dadd_shim>:
10002288:	b5f0      	push	{r4, r5, r6, r7, lr}

1000228a <da_entry>:
1000228a:	0d0c      	lsrs	r4, r1, #20
1000228c:	0fcf      	lsrs	r7, r1, #31
1000228e:	1e66      	subs	r6, r4, #1
10002290:	0536      	lsls	r6, r6, #20
10002292:	1b89      	subs	r1, r1, r6
10002294:	0564      	lsls	r4, r4, #21
10002296:	d303      	bcc.n	100022a0 <l8_1>
10002298:	43c9      	mvns	r1, r1
1000229a:	4240      	negs	r0, r0
1000229c:	d300      	bcc.n	100022a0 <l8_1>
1000229e:	3101      	adds	r1, #1

100022a0 <l8_1>:
100022a0:	0d64      	lsrs	r4, r4, #21
100022a2:	d003      	beq.n	100022ac <l8_2>
100022a4:	1c66      	adds	r6, r4, #1
100022a6:	0af6      	lsrs	r6, r6, #11
100022a8:	d007      	beq.n	100022ba <l8_3>
100022aa:	1be4      	subs	r4, r4, r7

100022ac <l8_2>:
100022ac:	2000      	movs	r0, #0
100022ae:	007f      	lsls	r7, r7, #1
100022b0:	1c79      	adds	r1, r7, #1
100022b2:	0789      	lsls	r1, r1, #30
100022b4:	1289      	asrs	r1, r1, #10
100022b6:	3c80      	subs	r4, #128	; 0x80
100022b8:	0324      	lsls	r4, r4, #12

100022ba <l8_3>:
100022ba:	0d1d      	lsrs	r5, r3, #20
100022bc:	0fdf      	lsrs	r7, r3, #31
100022be:	1e6e      	subs	r6, r5, #1
100022c0:	0536      	lsls	r6, r6, #20
100022c2:	1b9b      	subs	r3, r3, r6
100022c4:	056d      	lsls	r5, r5, #21
100022c6:	d303      	bcc.n	100022d0 <l9_1>
100022c8:	43db      	mvns	r3, r3
100022ca:	4252      	negs	r2, r2
100022cc:	d300      	bcc.n	100022d0 <l9_1>
100022ce:	3301      	adds	r3, #1

100022d0 <l9_1>:
100022d0:	0d6d      	lsrs	r5, r5, #21
100022d2:	d003      	beq.n	100022dc <l9_2>
100022d4:	1c6e      	adds	r6, r5, #1
100022d6:	0af6      	lsrs	r6, r6, #11
100022d8:	d007      	beq.n	100022ea <l9_3>
100022da:	1bed      	subs	r5, r5, r7

100022dc <l9_2>:
100022dc:	2200      	movs	r2, #0
100022de:	007f      	lsls	r7, r7, #1
100022e0:	1c7b      	adds	r3, r7, #1
100022e2:	079b      	lsls	r3, r3, #30
100022e4:	129b      	asrs	r3, r3, #10
100022e6:	3d80      	subs	r5, #128	; 0x80
100022e8:	032d      	lsls	r5, r5, #12

100022ea <l9_3>:
100022ea:	1b2f      	subs	r7, r5, r4
100022ec:	1b66      	subs	r6, r4, r5
100022ee:	d458      	bmi.n	100023a2 <da_ygtx>
100022f0:	46a4      	mov	ip, r4
100022f2:	2e20      	cmp	r6, #32
100022f4:	da46      	bge.n	10002384 <da_xrgty>
100022f6:	3720      	adds	r7, #32
100022f8:	0014      	movs	r4, r2
100022fa:	40bc      	lsls	r4, r7

100022fc <da_xgty0>:
100022fc:	001d      	movs	r5, r3
100022fe:	40bd      	lsls	r5, r7
10002300:	40f2      	lsrs	r2, r6
10002302:	4133      	asrs	r3, r6
10002304:	432a      	orrs	r2, r5

10002306 <da_add>:
10002306:	1880      	adds	r0, r0, r2
10002308:	4159      	adcs	r1, r3

1000230a <da_pack>:
1000230a:	0fcb      	lsrs	r3, r1, #31
1000230c:	d005      	beq.n	1000231a <da_pack+0x10>
1000230e:	43c9      	mvns	r1, r1
10002310:	43c0      	mvns	r0, r0
10002312:	2200      	movs	r2, #0
10002314:	4264      	negs	r4, r4
10002316:	4150      	adcs	r0, r2
10002318:	4151      	adcs	r1, r2
1000231a:	4662      	mov	r2, ip
1000231c:	0d4d      	lsrs	r5, r1, #21
1000231e:	d128      	bne.n	10002372 <da_0>
10002320:	0d0d      	lsrs	r5, r1, #20
10002322:	d107      	bne.n	10002334 <da_1>
10002324:	2800      	cmp	r0, #0
10002326:	d01f      	beq.n	10002368 <da_5>

10002328 <da_2>:
10002328:	1924      	adds	r4, r4, r4
1000232a:	4140      	adcs	r0, r0
1000232c:	4149      	adcs	r1, r1
1000232e:	3a01      	subs	r2, #1
10002330:	0d0d      	lsrs	r5, r1, #20
10002332:	d0f9      	beq.n	10002328 <da_2>

10002334 <da_1>:
10002334:	0064      	lsls	r4, r4, #1
10002336:	d306      	bcc.n	10002346 <da_3>

10002338 <da_4>:
10002338:	3001      	adds	r0, #1
1000233a:	d300      	bcc.n	1000233e <da_4+0x6>
1000233c:	3101      	adds	r1, #1
1000233e:	2c00      	cmp	r4, #0
10002340:	d101      	bne.n	10002346 <da_3>
10002342:	0840      	lsrs	r0, r0, #1
10002344:	0040      	lsls	r0, r0, #1

10002346 <da_3>:
10002346:	3a01      	subs	r2, #1
10002348:	d40b      	bmi.n	10002362 <da_6>
1000234a:	1c94      	adds	r4, r2, #2
1000234c:	0ae4      	lsrs	r4, r4, #11
1000234e:	d104      	bne.n	1000235a <da_7>
10002350:	0512      	lsls	r2, r2, #20
10002352:	4411      	add	r1, r2
10002354:	07db      	lsls	r3, r3, #31
10002356:	4419      	add	r1, r3
10002358:	bdf0      	pop	{r4, r5, r6, r7, pc}

1000235a <da_7>:
1000235a:	07d9      	lsls	r1, r3, #31
1000235c:	4b20      	ldr	r3, [pc, #128]	; (100023e0 <da_xmgty+0x4>)
1000235e:	4319      	orrs	r1, r3
10002360:	e000      	b.n	10002364 <da_6+0x2>

10002362 <da_6>:
10002362:	07d9      	lsls	r1, r3, #31
10002364:	2000      	movs	r0, #0
10002366:	bdf0      	pop	{r4, r5, r6, r7, pc}

10002368 <da_5>:
10002368:	2900      	cmp	r1, #0
1000236a:	d1dd      	bne.n	10002328 <da_2>
1000236c:	2c00      	cmp	r4, #0
1000236e:	d1db      	bne.n	10002328 <da_2>
10002370:	bdf0      	pop	{r4, r5, r6, r7, pc}

10002372 <da_0>:
10002372:	3201      	adds	r2, #1
10002374:	07c6      	lsls	r6, r0, #31
10002376:	0840      	lsrs	r0, r0, #1
10002378:	07cd      	lsls	r5, r1, #31
1000237a:	4328      	orrs	r0, r5
1000237c:	0849      	lsrs	r1, r1, #1
1000237e:	2e00      	cmp	r6, #0
10002380:	d0e1      	beq.n	10002346 <da_3>
10002382:	e7d9      	b.n	10002338 <da_4>

10002384 <da_xrgty>:
10002384:	2e3c      	cmp	r6, #60	; 0x3c
10002386:	da29      	bge.n	100023dc <da_xmgty>
10002388:	3e20      	subs	r6, #32
1000238a:	3740      	adds	r7, #64	; 0x40
1000238c:	0014      	movs	r4, r2
1000238e:	40bc      	lsls	r4, r7
10002390:	d000      	beq.n	10002394 <da_xrgty+0x10>
10002392:	2401      	movs	r4, #1
10002394:	40f2      	lsrs	r2, r6
10002396:	4314      	orrs	r4, r2
10002398:	001a      	movs	r2, r3
1000239a:	40bb      	lsls	r3, r7
1000239c:	431c      	orrs	r4, r3
1000239e:	17d3      	asrs	r3, r2, #31
100023a0:	e7ac      	b.n	100022fc <da_xgty0>

100023a2 <da_ygtx>:
100023a2:	46ac      	mov	ip, r5
100023a4:	2f20      	cmp	r7, #32
100023a6:	da08      	bge.n	100023ba <da_yrgtx>
100023a8:	3620      	adds	r6, #32
100023aa:	0004      	movs	r4, r0
100023ac:	40b4      	lsls	r4, r6

100023ae <da_ygtx0>:
100023ae:	000d      	movs	r5, r1
100023b0:	40b5      	lsls	r5, r6
100023b2:	40f8      	lsrs	r0, r7
100023b4:	4139      	asrs	r1, r7
100023b6:	4328      	orrs	r0, r5
100023b8:	e7a5      	b.n	10002306 <da_add>

100023ba <da_yrgtx>:
100023ba:	2f3c      	cmp	r7, #60	; 0x3c
100023bc:	da0c      	bge.n	100023d8 <da_ymgtx>
100023be:	3f20      	subs	r7, #32
100023c0:	3640      	adds	r6, #64	; 0x40
100023c2:	0004      	movs	r4, r0
100023c4:	40b4      	lsls	r4, r6
100023c6:	d000      	beq.n	100023ca <da_yrgtx+0x10>
100023c8:	2401      	movs	r4, #1
100023ca:	40f8      	lsrs	r0, r7
100023cc:	4304      	orrs	r4, r0
100023ce:	0008      	movs	r0, r1
100023d0:	40b1      	lsls	r1, r6
100023d2:	430c      	orrs	r4, r1
100023d4:	17c1      	asrs	r1, r0, #31
100023d6:	e7ea      	b.n	100023ae <da_ygtx0>

100023d8 <da_ymgtx>:
100023d8:	0010      	movs	r0, r2
100023da:	0019      	movs	r1, r3

100023dc <da_xmgty>:
100023dc:	2400      	movs	r4, #0
100023de:	e794      	b.n	1000230a <da_pack>
100023e0:	7ff00000 	.word	0x7ff00000

100023e4 <dmul_shim>:
100023e4:	b5f0      	push	{r4, r5, r6, r7, lr}
100023e6:	0d0c      	lsrs	r4, r1, #20
100023e8:	1e66      	subs	r6, r4, #1
100023ea:	0536      	lsls	r6, r6, #20
100023ec:	1b89      	subs	r1, r1, r6
100023ee:	0ae6      	lsrs	r6, r4, #11
100023f0:	0564      	lsls	r4, r4, #21
100023f2:	0d64      	lsrs	r4, r4, #21
100023f4:	d002      	beq.n	100023fc <l12_1>
100023f6:	1c65      	adds	r5, r4, #1
100023f8:	0aed      	lsrs	r5, r5, #11
100023fa:	d004      	beq.n	10002406 <l12_2>

100023fc <l12_1>:
100023fc:	2000      	movs	r0, #0
100023fe:	2101      	movs	r1, #1
10002400:	0509      	lsls	r1, r1, #20
10002402:	3c80      	subs	r4, #128	; 0x80
10002404:	0324      	lsls	r4, r4, #12

10002406 <l12_2>:
10002406:	46a4      	mov	ip, r4
10002408:	0d1c      	lsrs	r4, r3, #20
1000240a:	1e67      	subs	r7, r4, #1
1000240c:	053f      	lsls	r7, r7, #20
1000240e:	1bdb      	subs	r3, r3, r7
10002410:	0ae7      	lsrs	r7, r4, #11
10002412:	0564      	lsls	r4, r4, #21
10002414:	0d64      	lsrs	r4, r4, #21
10002416:	d002      	beq.n	1000241e <l13_1>
10002418:	1c65      	adds	r5, r4, #1
1000241a:	0aed      	lsrs	r5, r5, #11
1000241c:	d004      	beq.n	10002428 <l13_2>

1000241e <l13_1>:
1000241e:	2200      	movs	r2, #0
10002420:	2301      	movs	r3, #1
10002422:	051b      	lsls	r3, r3, #20
10002424:	3c80      	subs	r4, #128	; 0x80
10002426:	0324      	lsls	r4, r4, #12

10002428 <l13_2>:
10002428:	4077      	eors	r7, r6
1000242a:	4464      	add	r4, ip
1000242c:	b497      	push	{r0, r1, r2, r4, r7}
1000242e:	b284      	uxth	r4, r0
10002430:	b296      	uxth	r6, r2
10002432:	4374      	muls	r4, r6
10002434:	0c07      	lsrs	r7, r0, #16
10002436:	437e      	muls	r6, r7
10002438:	0c15      	lsrs	r5, r2, #16
1000243a:	436f      	muls	r7, r5
1000243c:	b280      	uxth	r0, r0
1000243e:	4368      	muls	r0, r5
10002440:	1836      	adds	r6, r6, r0
10002442:	d302      	bcc.n	1000244a <l14_1>
10002444:	2001      	movs	r0, #1
10002446:	0400      	lsls	r0, r0, #16
10002448:	183f      	adds	r7, r7, r0

1000244a <l14_1>:
1000244a:	0430      	lsls	r0, r6, #16
1000244c:	0c35      	lsrs	r5, r6, #16
1000244e:	1900      	adds	r0, r0, r4
10002450:	417d      	adcs	r5, r7
10002452:	4684      	mov	ip, r0
10002454:	b288      	uxth	r0, r1
10002456:	b29a      	uxth	r2, r3
10002458:	4350      	muls	r0, r2
1000245a:	0c0c      	lsrs	r4, r1, #16
1000245c:	4362      	muls	r2, r4
1000245e:	0c1f      	lsrs	r7, r3, #16
10002460:	437c      	muls	r4, r7
10002462:	b28e      	uxth	r6, r1
10002464:	437e      	muls	r6, r7
10002466:	1992      	adds	r2, r2, r6
10002468:	d302      	bcc.n	10002470 <l15_1>
1000246a:	2601      	movs	r6, #1
1000246c:	0436      	lsls	r6, r6, #16
1000246e:	19a4      	adds	r4, r4, r6

10002470 <l15_1>:
10002470:	0416      	lsls	r6, r2, #16
10002472:	0c17      	lsrs	r7, r2, #16
10002474:	1836      	adds	r6, r6, r0
10002476:	4167      	adcs	r7, r4
10002478:	bc01      	pop	{r0}
1000247a:	b281      	uxth	r1, r0
1000247c:	b29a      	uxth	r2, r3
1000247e:	4351      	muls	r1, r2
10002480:	0c04      	lsrs	r4, r0, #16
10002482:	4362      	muls	r2, r4
10002484:	0c1b      	lsrs	r3, r3, #16
10002486:	435c      	muls	r4, r3
10002488:	b280      	uxth	r0, r0
1000248a:	4358      	muls	r0, r3
1000248c:	1812      	adds	r2, r2, r0
1000248e:	d302      	bcc.n	10002496 <l16_1>
10002490:	2001      	movs	r0, #1
10002492:	0400      	lsls	r0, r0, #16
10002494:	1824      	adds	r4, r4, r0

10002496 <l16_1>:
10002496:	0410      	lsls	r0, r2, #16
10002498:	0c13      	lsrs	r3, r2, #16
1000249a:	1840      	adds	r0, r0, r1
1000249c:	4163      	adcs	r3, r4
1000249e:	182d      	adds	r5, r5, r0
100024a0:	415e      	adcs	r6, r3
100024a2:	2000      	movs	r0, #0
100024a4:	4147      	adcs	r7, r0
100024a6:	bc06      	pop	{r1, r2}
100024a8:	b288      	uxth	r0, r1
100024aa:	b293      	uxth	r3, r2
100024ac:	4358      	muls	r0, r3
100024ae:	0c0c      	lsrs	r4, r1, #16
100024b0:	4363      	muls	r3, r4
100024b2:	0c12      	lsrs	r2, r2, #16
100024b4:	4354      	muls	r4, r2
100024b6:	b289      	uxth	r1, r1
100024b8:	4351      	muls	r1, r2
100024ba:	185b      	adds	r3, r3, r1
100024bc:	d302      	bcc.n	100024c4 <l17_1>
100024be:	2101      	movs	r1, #1
100024c0:	0409      	lsls	r1, r1, #16
100024c2:	1864      	adds	r4, r4, r1

100024c4 <l17_1>:
100024c4:	0419      	lsls	r1, r3, #16
100024c6:	0c1a      	lsrs	r2, r3, #16
100024c8:	1809      	adds	r1, r1, r0
100024ca:	4162      	adcs	r2, r4
100024cc:	186d      	adds	r5, r5, r1
100024ce:	4156      	adcs	r6, r2
100024d0:	2000      	movs	r0, #0
100024d2:	4147      	adcs	r7, r0
100024d4:	bc18      	pop	{r3, r4}
100024d6:	02f9      	lsls	r1, r7, #11
100024d8:	0d72      	lsrs	r2, r6, #21
100024da:	4311      	orrs	r1, r2
100024dc:	02f0      	lsls	r0, r6, #11
100024de:	0d6a      	lsrs	r2, r5, #21
100024e0:	4310      	orrs	r0, r2
100024e2:	02ed      	lsls	r5, r5, #11
100024e4:	0d0a      	lsrs	r2, r1, #20
100024e6:	d103      	bne.n	100024f0 <l17_1+0x2c>
100024e8:	196d      	adds	r5, r5, r5
100024ea:	4140      	adcs	r0, r0
100024ec:	4149      	adcs	r1, r1
100024ee:	3b01      	subs	r3, #1
100024f0:	4e12      	ldr	r6, [pc, #72]	; (1000253c <dm_1+0xa>)
100024f2:	1b9b      	subs	r3, r3, r6
100024f4:	0076      	lsls	r6, r6, #1
100024f6:	42b3      	cmp	r3, r6
100024f8:	d20e      	bcs.n	10002518 <dm_0>
100024fa:	006d      	lsls	r5, r5, #1
100024fc:	d307      	bcc.n	1000250e <l17_1+0x4a>
100024fe:	3001      	adds	r0, #1
10002500:	2600      	movs	r6, #0
10002502:	4171      	adcs	r1, r6
10002504:	4666      	mov	r6, ip
10002506:	4335      	orrs	r5, r6
10002508:	d101      	bne.n	1000250e <l17_1+0x4a>
1000250a:	0840      	lsrs	r0, r0, #1
1000250c:	0040      	lsls	r0, r0, #1
1000250e:	051b      	lsls	r3, r3, #20
10002510:	18c9      	adds	r1, r1, r3

10002512 <dm_2>:
10002512:	07e4      	lsls	r4, r4, #31
10002514:	4421      	add	r1, r4
10002516:	bdf0      	pop	{r4, r5, r6, r7, pc}

10002518 <dm_0>:
10002518:	da0b      	bge.n	10002532 <dm_1>
1000251a:	3301      	adds	r3, #1
1000251c:	d106      	bne.n	1000252c <dm_0+0x14>
1000251e:	3001      	adds	r0, #1
10002520:	d104      	bne.n	1000252c <dm_0+0x14>
10002522:	3101      	adds	r1, #1
10002524:	0d4f      	lsrs	r7, r1, #21
10002526:	d001      	beq.n	1000252c <dm_0+0x14>
10002528:	0849      	lsrs	r1, r1, #1
1000252a:	e7f2      	b.n	10002512 <dm_2>
1000252c:	07e1      	lsls	r1, r4, #31
1000252e:	2000      	movs	r0, #0
10002530:	bdf0      	pop	{r4, r5, r6, r7, pc}

10002532 <dm_1>:
10002532:	3601      	adds	r6, #1
10002534:	0531      	lsls	r1, r6, #20
10002536:	2000      	movs	r0, #0
10002538:	e7eb      	b.n	10002512 <dm_2>
1000253a:	0000      	.short	0x0000
1000253c:	000003ff 	.word	0x000003ff

10002540 <ddiv_shim>:
10002540:	b5f0      	push	{r4, r5, r6, r7, lr}

10002542 <ddiv0>:
10002542:	0d1c      	lsrs	r4, r3, #20
10002544:	1e67      	subs	r7, r4, #1
10002546:	053f      	lsls	r7, r7, #20
10002548:	1bdb      	subs	r3, r3, r7
1000254a:	0ae7      	lsrs	r7, r4, #11
1000254c:	0564      	lsls	r4, r4, #21
1000254e:	0d64      	lsrs	r4, r4, #21
10002550:	d002      	beq.n	10002558 <l20_1>
10002552:	1c66      	adds	r6, r4, #1
10002554:	0af6      	lsrs	r6, r6, #11
10002556:	d004      	beq.n	10002562 <l20_2>

10002558 <l20_1>:
10002558:	2200      	movs	r2, #0
1000255a:	2301      	movs	r3, #1
1000255c:	051b      	lsls	r3, r3, #20
1000255e:	3c80      	subs	r4, #128	; 0x80
10002560:	0324      	lsls	r4, r4, #12

10002562 <l20_2>:
10002562:	25d0      	movs	r5, #208	; 0xd0
10002564:	062d      	lsls	r5, r5, #24
10002566:	2600      	movs	r6, #0
10002568:	43f6      	mvns	r6, r6
1000256a:	662e      	str	r6, [r5, #96]	; 0x60
1000256c:	091e      	lsrs	r6, r3, #4
1000256e:	666e      	str	r6, [r5, #100]	; 0x64
10002570:	0fce      	lsrs	r6, r1, #31
10002572:	19f6      	adds	r6, r6, r7
10002574:	46b4      	mov	ip, r6
10002576:	0049      	lsls	r1, r1, #1
10002578:	0d4f      	lsrs	r7, r1, #21
1000257a:	d002      	beq.n	10002582 <l20_2+0x20>
1000257c:	1c7e      	adds	r6, r7, #1
1000257e:	0af6      	lsrs	r6, r6, #11
10002580:	d003      	beq.n	1000258a <l20_2+0x28>
10002582:	2000      	movs	r0, #0
10002584:	2100      	movs	r1, #0
10002586:	3f40      	subs	r7, #64	; 0x40
10002588:	033f      	lsls	r7, r7, #12
1000258a:	1b3e      	subs	r6, r7, r4
1000258c:	00b6      	lsls	r6, r6, #2
1000258e:	44b4      	add	ip, r6
10002590:	3f01      	subs	r7, #1
10002592:	057f      	lsls	r7, r7, #21
10002594:	1bc9      	subs	r1, r1, r7
10002596:	0849      	lsrs	r1, r1, #1
10002598:	6f2e      	ldr	r6, [r5, #112]	; 0x70
1000259a:	3601      	adds	r6, #1
1000259c:	0876      	lsrs	r6, r6, #1
1000259e:	029c      	lsls	r4, r3, #10
100025a0:	0d95      	lsrs	r5, r2, #22
100025a2:	4325      	orrs	r5, r4
100025a4:	4375      	muls	r5, r6
100025a6:	13ed      	asrs	r5, r5, #15
100025a8:	4375      	muls	r5, r6
100025aa:	13ad      	asrs	r5, r5, #14
100025ac:	3501      	adds	r5, #1
100025ae:	106d      	asrs	r5, r5, #1
100025b0:	03f6      	lsls	r6, r6, #15
100025b2:	1b76      	subs	r6, r6, r5
100025b4:	b40c      	push	{r2, r3}
100025b6:	02cc      	lsls	r4, r1, #11
100025b8:	0d45      	lsrs	r5, r0, #21
100025ba:	432c      	orrs	r4, r5
100025bc:	b2a2      	uxth	r2, r4
100025be:	b2b3      	uxth	r3, r6
100025c0:	435a      	muls	r2, r3
100025c2:	0c27      	lsrs	r7, r4, #16
100025c4:	437b      	muls	r3, r7
100025c6:	0c35      	lsrs	r5, r6, #16
100025c8:	436f      	muls	r7, r5
100025ca:	b2a4      	uxth	r4, r4
100025cc:	436c      	muls	r4, r5
100025ce:	191b      	adds	r3, r3, r4
100025d0:	d302      	bcc.n	100025d8 <l21_1>
100025d2:	2401      	movs	r4, #1
100025d4:	0424      	lsls	r4, r4, #16
100025d6:	193f      	adds	r7, r7, r4

100025d8 <l21_1>:
100025d8:	041c      	lsls	r4, r3, #16
100025da:	0c1d      	lsrs	r5, r3, #16
100025dc:	18a4      	adds	r4, r4, r2
100025de:	417d      	adcs	r5, r7
100025e0:	1924      	adds	r4, r4, r4
100025e2:	416d      	adcs	r5, r5
100025e4:	9a00      	ldr	r2, [sp, #0]
100025e6:	b291      	uxth	r1, r2
100025e8:	b2ac      	uxth	r4, r5
100025ea:	4361      	muls	r1, r4
100025ec:	0c17      	lsrs	r7, r2, #16
100025ee:	437c      	muls	r4, r7
100025f0:	0c2b      	lsrs	r3, r5, #16
100025f2:	435f      	muls	r7, r3
100025f4:	b292      	uxth	r2, r2
100025f6:	435a      	muls	r2, r3
100025f8:	18a4      	adds	r4, r4, r2
100025fa:	d302      	bcc.n	10002602 <l22_1>
100025fc:	2201      	movs	r2, #1
100025fe:	0412      	lsls	r2, r2, #16
10002600:	18bf      	adds	r7, r7, r2

10002602 <l22_1>:
10002602:	0422      	lsls	r2, r4, #16
10002604:	0c23      	lsrs	r3, r4, #16
10002606:	1852      	adds	r2, r2, r1
10002608:	417b      	adcs	r3, r7
1000260a:	9c01      	ldr	r4, [sp, #4]
1000260c:	436c      	muls	r4, r5
1000260e:	191b      	adds	r3, r3, r4
10002610:	0e52      	lsrs	r2, r2, #25
10002612:	01d9      	lsls	r1, r3, #7
10002614:	430a      	orrs	r2, r1
10002616:	0144      	lsls	r4, r0, #5
10002618:	1aa0      	subs	r0, r4, r2
1000261a:	b281      	uxth	r1, r0
1000261c:	b2b2      	uxth	r2, r6
1000261e:	4351      	muls	r1, r2
10002620:	1403      	asrs	r3, r0, #16
10002622:	435a      	muls	r2, r3
10002624:	0c36      	lsrs	r6, r6, #16
10002626:	4373      	muls	r3, r6
10002628:	b287      	uxth	r7, r0
1000262a:	4377      	muls	r7, r6
1000262c:	17d6      	asrs	r6, r2, #31
1000262e:	19d2      	adds	r2, r2, r7
10002630:	2700      	movs	r7, #0
10002632:	417e      	adcs	r6, r7
10002634:	0436      	lsls	r6, r6, #16
10002636:	199b      	adds	r3, r3, r6
10002638:	0417      	lsls	r7, r2, #16
1000263a:	0c16      	lsrs	r6, r2, #16
1000263c:	187f      	adds	r7, r7, r1
1000263e:	415e      	adcs	r6, r3
10002640:	1673      	asrs	r3, r6, #25
10002642:	18ed      	adds	r5, r5, r3
10002644:	01f3      	lsls	r3, r6, #7
10002646:	2600      	movs	r6, #0
10002648:	3380      	adds	r3, #128	; 0x80
1000264a:	4175      	adcs	r5, r6
1000264c:	0fa9      	lsrs	r1, r5, #30
1000264e:	d106      	bne.n	1000265e <dd_0>
10002650:	0064      	lsls	r4, r4, #1
10002652:	0a69      	lsrs	r1, r5, #9
10002654:	05e8      	lsls	r0, r5, #23
10002656:	0a5b      	lsrs	r3, r3, #9
10002658:	4318      	orrs	r0, r3
1000265a:	d209      	bcs.n	10002670 <dd_1>
1000265c:	e02f      	b.n	100026be <dd_2>

1000265e <dd_0>:
1000265e:	2204      	movs	r2, #4
10002660:	4494      	add	ip, r2
10002662:	3380      	adds	r3, #128	; 0x80
10002664:	4175      	adcs	r5, r6
10002666:	0aa9      	lsrs	r1, r5, #10
10002668:	05a8      	lsls	r0, r5, #22
1000266a:	0a9b      	lsrs	r3, r3, #10
1000266c:	4318      	orrs	r0, r3
1000266e:	d326      	bcc.n	100026be <dd_2>

10002670 <dd_1>:
10002670:	4140      	adcs	r0, r0
10002672:	4149      	adcs	r1, r1
10002674:	0424      	lsls	r4, r4, #16
10002676:	9a00      	ldr	r2, [sp, #0]
10002678:	9b01      	ldr	r3, [sp, #4]
1000267a:	000d      	movs	r5, r1
1000267c:	4355      	muls	r5, r2
1000267e:	1b64      	subs	r4, r4, r5
10002680:	4343      	muls	r3, r0
10002682:	1ae4      	subs	r4, r4, r3
10002684:	b295      	uxth	r5, r2
10002686:	b286      	uxth	r6, r0
10002688:	4375      	muls	r5, r6
1000268a:	0c17      	lsrs	r7, r2, #16
1000268c:	437e      	muls	r6, r7
1000268e:	0c03      	lsrs	r3, r0, #16
10002690:	435f      	muls	r7, r3
10002692:	b292      	uxth	r2, r2
10002694:	435a      	muls	r2, r3
10002696:	18b6      	adds	r6, r6, r2
10002698:	d302      	bcc.n	100026a0 <l24_1>
1000269a:	2201      	movs	r2, #1
1000269c:	0412      	lsls	r2, r2, #16
1000269e:	18bf      	adds	r7, r7, r2

100026a0 <l24_1>:
100026a0:	0432      	lsls	r2, r6, #16
100026a2:	0c33      	lsrs	r3, r6, #16
100026a4:	1952      	adds	r2, r2, r5
100026a6:	417b      	adcs	r3, r7
100026a8:	4252      	negs	r2, r2
100026aa:	419c      	sbcs	r4, r3
100026ac:	2c00      	cmp	r4, #0
100026ae:	d402      	bmi.n	100026b6 <l24_1+0x16>
100026b0:	2200      	movs	r2, #0
100026b2:	3001      	adds	r0, #1
100026b4:	4151      	adcs	r1, r2
100026b6:	0840      	lsrs	r0, r0, #1
100026b8:	07ca      	lsls	r2, r1, #31
100026ba:	4310      	orrs	r0, r2
100026bc:	0849      	lsrs	r1, r1, #1

100026be <dd_2>:
100026be:	b002      	add	sp, #8
100026c0:	4662      	mov	r2, ip
100026c2:	07d7      	lsls	r7, r2, #31
100026c4:	1092      	asrs	r2, r2, #2
100026c6:	4b08      	ldr	r3, [pc, #32]	; (100026e8 <dd_4+0x6>)
100026c8:	18d2      	adds	r2, r2, r3
100026ca:	4b08      	ldr	r3, [pc, #32]	; (100026ec <dd_4+0xa>)
100026cc:	429a      	cmp	r2, r3
100026ce:	d203      	bcs.n	100026d8 <dd_3>
100026d0:	0512      	lsls	r2, r2, #20
100026d2:	1889      	adds	r1, r1, r2

100026d4 <dd_5>:
100026d4:	19c9      	adds	r1, r1, r7
100026d6:	bdf0      	pop	{r4, r5, r6, r7, pc}

100026d8 <dd_3>:
100026d8:	2000      	movs	r0, #0
100026da:	2a00      	cmp	r2, #0
100026dc:	dc01      	bgt.n	100026e2 <dd_4>
100026de:	0039      	movs	r1, r7
100026e0:	bdf0      	pop	{r4, r5, r6, r7, pc}

100026e2 <dd_4>:
100026e2:	3301      	adds	r3, #1
100026e4:	0519      	lsls	r1, r3, #20
100026e6:	e7f5      	b.n	100026d4 <dd_5>
100026e8:	000003fd 	.word	0x000003fd
100026ec:	000007fe 	.word	0x000007fe

100026f0 <double2uint_shim>:
100026f0:	2200      	movs	r2, #0

100026f2 <double2ufix_shim>:
100026f2:	b500      	push	{lr}
100026f4:	3220      	adds	r2, #32
100026f6:	f000 f804 	bl	10002702 <double2ufix64_shim>
100026fa:	0008      	movs	r0, r1
100026fc:	bd00      	pop	{pc}
	...

10002700 <double2uint64_shim>:
10002700:	2200      	movs	r2, #0

10002702 <double2ufix64_shim>:
10002702:	150b      	asrs	r3, r1, #20
10002704:	d40a      	bmi.n	1000271c <ret_dzero>

10002706 <d2fix>:
10002706:	b510      	push	{r4, lr}
10002708:	4694      	mov	ip, r2
1000270a:	f000 f831 	bl	10002770 <dunpacks>
1000270e:	1414      	asrs	r4, r2, #16
10002710:	3401      	adds	r4, #1
10002712:	da00      	bge.n	10002716 <d2fix+0x10>
10002714:	2100      	movs	r1, #0
10002716:	17cb      	asrs	r3, r1, #31
10002718:	4c14      	ldr	r4, [pc, #80]	; (1000276c <d2fix_a+0x4a>)
1000271a:	4720      	bx	r4

1000271c <ret_dzero>:
1000271c:	2000      	movs	r0, #0
1000271e:	2100      	movs	r1, #0
10002720:	4770      	bx	lr

10002722 <d2fix_a>:
10002722:	4462      	add	r2, ip
10002724:	3a34      	subs	r2, #52	; 0x34
10002726:	d40c      	bmi.n	10002742 <d2fix_a+0x20>
10002728:	2a0c      	cmp	r2, #12
1000272a:	da07      	bge.n	1000273c <d2fix_a+0x1a>
1000272c:	0004      	movs	r4, r0
1000272e:	4091      	lsls	r1, r2
10002730:	4090      	lsls	r0, r2
10002732:	4252      	negs	r2, r2
10002734:	3220      	adds	r2, #32
10002736:	40d4      	lsrs	r4, r2
10002738:	4321      	orrs	r1, r4
1000273a:	bd10      	pop	{r4, pc}
1000273c:	43d8      	mvns	r0, r3
1000273e:	43d9      	mvns	r1, r3
10002740:	bd10      	pop	{r4, pc}
10002742:	3220      	adds	r2, #32
10002744:	d407      	bmi.n	10002756 <d2fix_a+0x34>
10002746:	460c      	mov	r4, r1
10002748:	4094      	lsls	r4, r2
1000274a:	4252      	negs	r2, r2
1000274c:	3220      	adds	r2, #32
1000274e:	4111      	asrs	r1, r2
10002750:	40d0      	lsrs	r0, r2
10002752:	4320      	orrs	r0, r4
10002754:	bd10      	pop	{r4, pc}
10002756:	0008      	movs	r0, r1
10002758:	17c9      	asrs	r1, r1, #31
1000275a:	3220      	adds	r2, #32
1000275c:	d403      	bmi.n	10002766 <d2fix_a+0x44>
1000275e:	4252      	negs	r2, r2
10002760:	3220      	adds	r2, #32
10002762:	4110      	asrs	r0, r2
10002764:	bd10      	pop	{r4, pc}
10002766:	0018      	movs	r0, r3
10002768:	0019      	movs	r1, r3
1000276a:	bd10      	pop	{r4, pc}
1000276c:	10002723 	.word	0x10002723

10002770 <dunpacks>:
10002770:	0d0a      	lsrs	r2, r1, #20
10002772:	0fcc      	lsrs	r4, r1, #31
10002774:	1e53      	subs	r3, r2, #1
10002776:	051b      	lsls	r3, r3, #20
10002778:	1ac9      	subs	r1, r1, r3
1000277a:	0552      	lsls	r2, r2, #21
1000277c:	d303      	bcc.n	10002786 <l60_1>
1000277e:	43c9      	mvns	r1, r1
10002780:	4240      	negs	r0, r0
10002782:	d300      	bcc.n	10002786 <l60_1>
10002784:	3101      	adds	r1, #1

10002786 <l60_1>:
10002786:	0d52      	lsrs	r2, r2, #21
10002788:	d003      	beq.n	10002792 <l60_2>
1000278a:	1c53      	adds	r3, r2, #1
1000278c:	0adb      	lsrs	r3, r3, #11
1000278e:	d007      	beq.n	100027a0 <l60_3>
10002790:	1b12      	subs	r2, r2, r4

10002792 <l60_2>:
10002792:	2000      	movs	r0, #0
10002794:	0064      	lsls	r4, r4, #1
10002796:	1c61      	adds	r1, r4, #1
10002798:	0789      	lsls	r1, r1, #30
1000279a:	1289      	asrs	r1, r1, #10
1000279c:	3a80      	subs	r2, #128	; 0x80
1000279e:	0312      	lsls	r2, r2, #12

100027a0 <l60_3>:
100027a0:	4b01      	ldr	r3, [pc, #4]	; (100027a8 <l60_3+0x8>)
100027a2:	1ad2      	subs	r2, r2, r3
100027a4:	4770      	bx	lr
100027a6:	0000      	.short	0x0000
100027a8:	000003ff 	.word	0x000003ff

100027ac <__wrap___aeabi_lmul>:
100027ac:	4351      	muls	r1, r2
100027ae:	4343      	muls	r3, r0
100027b0:	18c9      	adds	r1, r1, r3
100027b2:	468c      	mov	ip, r1
100027b4:	0c11      	lsrs	r1, r2, #16
100027b6:	b283      	uxth	r3, r0
100027b8:	434b      	muls	r3, r1
100027ba:	b410      	push	{r4}
100027bc:	0c04      	lsrs	r4, r0, #16
100027be:	4361      	muls	r1, r4
100027c0:	b292      	uxth	r2, r2
100027c2:	b280      	uxth	r0, r0
100027c4:	4350      	muls	r0, r2
100027c6:	4362      	muls	r2, r4
100027c8:	041c      	lsls	r4, r3, #16
100027ca:	0c1b      	lsrs	r3, r3, #16
100027cc:	1900      	adds	r0, r0, r4
100027ce:	bc10      	pop	{r4}
100027d0:	4159      	adcs	r1, r3
100027d2:	0413      	lsls	r3, r2, #16
100027d4:	0c12      	lsrs	r2, r2, #16
100027d6:	18c0      	adds	r0, r0, r3
100027d8:	4151      	adcs	r1, r2
100027da:	4461      	add	r1, ip
100027dc:	4770      	bx	lr
	...

100027e0 <__aeabi_float_init>:
100027e0:	b570      	push	{r4, r5, r6, lr}
100027e2:	2313      	movs	r3, #19
100027e4:	781d      	ldrb	r5, [r3, #0]
100027e6:	482a      	ldr	r0, [pc, #168]	; (10002890 <__aeabi_float_init+0xb0>)
100027e8:	f7ff f94e 	bl	10001a88 <rom_data_lookup>
100027ec:	0004      	movs	r4, r0
100027ee:	2d01      	cmp	r5, #1
100027f0:	d011      	beq.n	10002816 <__aeabi_float_init+0x36>
100027f2:	2d01      	cmp	r5, #1
100027f4:	dd09      	ble.n	1000280a <__aeabi_float_init+0x2a>
100027f6:	1ea3      	subs	r3, r4, #2
100027f8:	781b      	ldrb	r3, [r3, #0]
100027fa:	009b      	lsls	r3, r3, #2
100027fc:	2b7f      	cmp	r3, #127	; 0x7f
100027fe:	dd40      	ble.n	10002882 <__aeabi_float_init+0xa2>
10002800:	2280      	movs	r2, #128	; 0x80
10002802:	0021      	movs	r1, r4
10002804:	4823      	ldr	r0, [pc, #140]	; (10002894 <__aeabi_float_init+0xb4>)
10002806:	f000 f891 	bl	1000292c <__wrap___aeabi_memcpy>
1000280a:	4823      	ldr	r0, [pc, #140]	; (10002898 <__aeabi_float_init+0xb8>)
1000280c:	f7ff f934 	bl	10001a78 <rom_func_lookup>
10002810:	4b22      	ldr	r3, [pc, #136]	; (1000289c <__aeabi_float_init+0xbc>)
10002812:	6018      	str	r0, [r3, #0]
10002814:	bd70      	pop	{r4, r5, r6, pc}
10002816:	2254      	movs	r2, #84	; 0x54
10002818:	0001      	movs	r1, r0
1000281a:	481e      	ldr	r0, [pc, #120]	; (10002894 <__aeabi_float_init+0xb4>)
1000281c:	f000 f886 	bl	1000292c <__wrap___aeabi_memcpy>
10002820:	4b1f      	ldr	r3, [pc, #124]	; (100028a0 <__aeabi_float_init+0xc0>)
10002822:	881a      	ldrh	r2, [r3, #0]
10002824:	4b1f      	ldr	r3, [pc, #124]	; (100028a4 <__aeabi_float_init+0xc4>)
10002826:	429a      	cmp	r2, r3
10002828:	d11c      	bne.n	10002864 <__aeabi_float_init+0x84>
1000282a:	23a7      	movs	r3, #167	; 0xa7
1000282c:	019b      	lsls	r3, r3, #6
1000282e:	881a      	ldrh	r2, [r3, #0]
10002830:	4b1d      	ldr	r3, [pc, #116]	; (100028a8 <__aeabi_float_init+0xc8>)
10002832:	429a      	cmp	r2, r3
10002834:	d116      	bne.n	10002864 <__aeabi_float_init+0x84>
10002836:	4b1d      	ldr	r3, [pc, #116]	; (100028ac <__aeabi_float_init+0xcc>)
10002838:	881a      	ldrh	r2, [r3, #0]
1000283a:	4b1d      	ldr	r3, [pc, #116]	; (100028b0 <__aeabi_float_init+0xd0>)
1000283c:	429a      	cmp	r2, r3
1000283e:	d111      	bne.n	10002864 <__aeabi_float_init+0x84>
10002840:	4b1c      	ldr	r3, [pc, #112]	; (100028b4 <__aeabi_float_init+0xd4>)
10002842:	881a      	ldrh	r2, [r3, #0]
10002844:	2394      	movs	r3, #148	; 0x94
10002846:	019b      	lsls	r3, r3, #6
10002848:	429a      	cmp	r2, r3
1000284a:	d10b      	bne.n	10002864 <__aeabi_float_init+0x84>
1000284c:	4b1a      	ldr	r3, [pc, #104]	; (100028b8 <__aeabi_float_init+0xd8>)
1000284e:	881a      	ldrh	r2, [r3, #0]
10002850:	4b1a      	ldr	r3, [pc, #104]	; (100028bc <__aeabi_float_init+0xdc>)
10002852:	429a      	cmp	r2, r3
10002854:	d106      	bne.n	10002864 <__aeabi_float_init+0x84>
10002856:	4b1a      	ldr	r3, [pc, #104]	; (100028c0 <__aeabi_float_init+0xe0>)
10002858:	681a      	ldr	r2, [r3, #0]
1000285a:	4b1a      	ldr	r3, [pc, #104]	; (100028c4 <__aeabi_float_init+0xe4>)
1000285c:	429a      	cmp	r2, r3
1000285e:	d101      	bne.n	10002864 <__aeabi_float_init+0x84>
10002860:	2315      	movs	r3, #21
10002862:	e007      	b.n	10002874 <__aeabi_float_init+0x94>
10002864:	4818      	ldr	r0, [pc, #96]	; (100028c8 <__aeabi_float_init+0xe8>)
10002866:	f7fd fdf3 	bl	10000450 <panic>
1000286a:	0099      	lsls	r1, r3, #2
1000286c:	4817      	ldr	r0, [pc, #92]	; (100028cc <__aeabi_float_init+0xec>)
1000286e:	4a09      	ldr	r2, [pc, #36]	; (10002894 <__aeabi_float_init+0xb4>)
10002870:	5088      	str	r0, [r1, r2]
10002872:	3301      	adds	r3, #1
10002874:	2b1f      	cmp	r3, #31
10002876:	d9f8      	bls.n	1000286a <__aeabi_float_init+0x8a>
10002878:	4a14      	ldr	r2, [pc, #80]	; (100028cc <__aeabi_float_init+0xec>)
1000287a:	4b06      	ldr	r3, [pc, #24]	; (10002894 <__aeabi_float_init+0xb4>)
1000287c:	621a      	str	r2, [r3, #32]
1000287e:	61da      	str	r2, [r3, #28]
10002880:	e7b7      	b.n	100027f2 <__aeabi_float_init+0x12>
10002882:	4b13      	ldr	r3, [pc, #76]	; (100028d0 <__aeabi_float_init+0xf0>)
10002884:	4a13      	ldr	r2, [pc, #76]	; (100028d4 <__aeabi_float_init+0xf4>)
10002886:	2142      	movs	r1, #66	; 0x42
10002888:	4813      	ldr	r0, [pc, #76]	; (100028d8 <__aeabi_float_init+0xf8>)
1000288a:	f001 f8fb 	bl	10003a84 <__assert_func>
1000288e:	46c0      	nop			; (mov r8, r8)
10002890:	00004653 	.word	0x00004653
10002894:	20001c3c 	.word	0x20001c3c
10002898:	0000334c 	.word	0x0000334c
1000289c:	20001c38 	.word	0x20001c38
100028a0:	000029ee 	.word	0x000029ee
100028a4:	00000fc4 	.word	0x00000fc4
100028a8:	00000dc2 	.word	0x00000dc2
100028ac:	00002b96 	.word	0x00002b96
100028b0:	0000b5c0 	.word	0x0000b5c0
100028b4:	00002b18 	.word	0x00002b18
100028b8:	00002acc 	.word	0x00002acc
100028bc:	0000b510 	.word	0x0000b510
100028c0:	00002cfc 	.word	0x00002cfc
100028c4:	6487ed51 	.word	0x6487ed51
100028c8:	1000779c 	.word	0x1000779c
100028cc:	100028dd 	.word	0x100028dd
100028d0:	1000741c 	.word	0x1000741c
100028d4:	100074ac 	.word	0x100074ac
100028d8:	10007450 	.word	0x10007450

100028dc <float_table_shim_on_use_helper>:
100028dc:	b507      	push	{r0, r1, r2, lr}
100028de:	4660      	mov	r0, ip
100028e0:	2800      	cmp	r0, #0
100028e2:	d100      	bne.n	100028e6 <float_table_shim_on_use_helper+0xa>
100028e4:	be00      	bkpt	0x0000
100028e6:	8801      	ldrh	r1, [r0, #0]
100028e8:	0a0a      	lsrs	r2, r1, #8
100028ea:	3002      	adds	r0, #2
100028ec:	2adf      	cmp	r2, #223	; 0xdf
100028ee:	d1fa      	bne.n	100028e6 <float_table_shim_on_use_helper+0xa>
100028f0:	b2c9      	uxtb	r1, r1
100028f2:	0882      	lsrs	r2, r0, #2
100028f4:	d304      	bcc.n	10002900 <float_table_shim_on_use_helper+0x24>
100028f6:	8802      	ldrh	r2, [r0, #0]
100028f8:	8840      	ldrh	r0, [r0, #2]
100028fa:	0400      	lsls	r0, r0, #16
100028fc:	4310      	orrs	r0, r2
100028fe:	e000      	b.n	10002902 <float_table_shim_on_use_helper+0x26>
10002900:	6800      	ldr	r0, [r0, #0]
10002902:	4a02      	ldr	r2, [pc, #8]	; (1000290c <float_table_shim_on_use_helper+0x30>)
10002904:	5050      	str	r0, [r2, r1]
10002906:	9003      	str	r0, [sp, #12]
10002908:	bd07      	pop	{r0, r1, r2, pc}
1000290a:	0000      	.short	0x0000
1000290c:	20001c3c 	.word	0x20001c3c

10002910 <__aeabi_mem_init>:
10002910:	4801      	ldr	r0, [pc, #4]	; (10002918 <__aeabi_mem_init+0x8>)
10002912:	2104      	movs	r1, #4
10002914:	4b01      	ldr	r3, [pc, #4]	; (1000291c <__aeabi_mem_init+0xc>)
10002916:	4718      	bx	r3
10002918:	20000c70 	.word	0x20000c70
1000291c:	10001a99 	.word	0x10001a99

10002920 <__wrap_memset>:
10002920:	4b01      	ldr	r3, [pc, #4]	; (10002928 <__wrap_memset+0x8>)
10002922:	681b      	ldr	r3, [r3, #0]
10002924:	4718      	bx	r3
10002926:	0000      	.short	0x0000
10002928:	20000c70 	.word	0x20000c70

1000292c <__wrap___aeabi_memcpy>:
1000292c:	4b01      	ldr	r3, [pc, #4]	; (10002934 <__wrap___aeabi_memcpy+0x8>)
1000292e:	685b      	ldr	r3, [r3, #4]
10002930:	4718      	bx	r3
10002932:	0000      	.short	0x0000
10002934:	20000c70 	.word	0x20000c70

10002938 <_out_null>:
10002938:	4770      	bx	lr

1000293a <_out_fct>:
1000293a:	b510      	push	{r4, lr}
1000293c:	2800      	cmp	r0, #0
1000293e:	d002      	beq.n	10002946 <_out_fct+0xc>
10002940:	680b      	ldr	r3, [r1, #0]
10002942:	6849      	ldr	r1, [r1, #4]
10002944:	4798      	blx	r3
10002946:	bd10      	pop	{r4, pc}

10002948 <_atoi>:
10002948:	0001      	movs	r1, r0
1000294a:	2000      	movs	r0, #0
1000294c:	e007      	b.n	1000295e <_atoi+0x16>
1000294e:	0083      	lsls	r3, r0, #2
10002950:	181b      	adds	r3, r3, r0
10002952:	005b      	lsls	r3, r3, #1
10002954:	1c50      	adds	r0, r2, #1
10002956:	6008      	str	r0, [r1, #0]
10002958:	7810      	ldrb	r0, [r2, #0]
1000295a:	18c0      	adds	r0, r0, r3
1000295c:	3830      	subs	r0, #48	; 0x30
1000295e:	680a      	ldr	r2, [r1, #0]
10002960:	7813      	ldrb	r3, [r2, #0]
10002962:	3b30      	subs	r3, #48	; 0x30
10002964:	b2db      	uxtb	r3, r3
10002966:	2b09      	cmp	r3, #9
10002968:	d9f1      	bls.n	1000294e <_atoi+0x6>
1000296a:	4770      	bx	lr

1000296c <_out_rev>:
1000296c:	b5f0      	push	{r4, r5, r6, r7, lr}
1000296e:	46de      	mov	lr, fp
10002970:	4657      	mov	r7, sl
10002972:	464e      	mov	r6, r9
10002974:	4645      	mov	r5, r8
10002976:	b5e0      	push	{r5, r6, r7, lr}
10002978:	b083      	sub	sp, #12
1000297a:	4693      	mov	fp, r2
1000297c:	001f      	movs	r7, r3
1000297e:	9b0c      	ldr	r3, [sp, #48]	; 0x30
10002980:	469a      	mov	sl, r3
10002982:	9c0d      	ldr	r4, [sp, #52]	; 0x34
10002984:	9b0e      	ldr	r3, [sp, #56]	; 0x38
10002986:	4699      	mov	r9, r3
10002988:	9b0f      	ldr	r3, [sp, #60]	; 0x3c
1000298a:	079b      	lsls	r3, r3, #30
1000298c:	d003      	beq.n	10002996 <_out_rev+0x2a>
1000298e:	46b8      	mov	r8, r7
10002990:	000f      	movs	r7, r1
10002992:	0006      	movs	r6, r0
10002994:	e022      	b.n	100029dc <_out_rev+0x70>
10002996:	9201      	str	r2, [sp, #4]
10002998:	46a3      	mov	fp, r4
1000299a:	4688      	mov	r8, r1
1000299c:	464e      	mov	r6, r9
1000299e:	46b9      	mov	r9, r7
100029a0:	0007      	movs	r7, r0
100029a2:	42b4      	cmp	r4, r6
100029a4:	d207      	bcs.n	100029b6 <_out_rev+0x4a>
100029a6:	1c55      	adds	r5, r2, #1
100029a8:	464b      	mov	r3, r9
100029aa:	4641      	mov	r1, r8
100029ac:	2020      	movs	r0, #32
100029ae:	47b8      	blx	r7
100029b0:	3401      	adds	r4, #1
100029b2:	002a      	movs	r2, r5
100029b4:	e7f5      	b.n	100029a2 <_out_rev+0x36>
100029b6:	003d      	movs	r5, r7
100029b8:	464f      	mov	r7, r9
100029ba:	465c      	mov	r4, fp
100029bc:	9b01      	ldr	r3, [sp, #4]
100029be:	469b      	mov	fp, r3
100029c0:	46b1      	mov	r9, r6
100029c2:	4646      	mov	r6, r8
100029c4:	46b8      	mov	r8, r7
100029c6:	0037      	movs	r7, r6
100029c8:	002e      	movs	r6, r5
100029ca:	e007      	b.n	100029dc <_out_rev+0x70>
100029cc:	3c01      	subs	r4, #1
100029ce:	1c55      	adds	r5, r2, #1
100029d0:	4653      	mov	r3, sl
100029d2:	5d18      	ldrb	r0, [r3, r4]
100029d4:	4643      	mov	r3, r8
100029d6:	0039      	movs	r1, r7
100029d8:	47b0      	blx	r6
100029da:	002a      	movs	r2, r5
100029dc:	2c00      	cmp	r4, #0
100029de:	d1f5      	bne.n	100029cc <_out_rev+0x60>
100029e0:	0035      	movs	r5, r6
100029e2:	003e      	movs	r6, r7
100029e4:	4647      	mov	r7, r8
100029e6:	9b0f      	ldr	r3, [sp, #60]	; 0x3c
100029e8:	079b      	lsls	r3, r3, #30
100029ea:	d407      	bmi.n	100029fc <_out_rev+0x90>
100029ec:	0010      	movs	r0, r2
100029ee:	b003      	add	sp, #12
100029f0:	bcf0      	pop	{r4, r5, r6, r7}
100029f2:	46bb      	mov	fp, r7
100029f4:	46b2      	mov	sl, r6
100029f6:	46a9      	mov	r9, r5
100029f8:	46a0      	mov	r8, r4
100029fa:	bdf0      	pop	{r4, r5, r6, r7, pc}
100029fc:	46b0      	mov	r8, r6
100029fe:	464e      	mov	r6, r9
10002a00:	46b9      	mov	r9, r7
10002a02:	002f      	movs	r7, r5
10002a04:	465d      	mov	r5, fp
10002a06:	1b53      	subs	r3, r2, r5
10002a08:	42b3      	cmp	r3, r6
10002a0a:	d2ef      	bcs.n	100029ec <_out_rev+0x80>
10002a0c:	1c54      	adds	r4, r2, #1
10002a0e:	464b      	mov	r3, r9
10002a10:	4641      	mov	r1, r8
10002a12:	2020      	movs	r0, #32
10002a14:	47b8      	blx	r7
10002a16:	0022      	movs	r2, r4
10002a18:	e7f5      	b.n	10002a06 <_out_rev+0x9a>

10002a1a <_ntoa_format>:
10002a1a:	b5f0      	push	{r4, r5, r6, r7, lr}
10002a1c:	46ce      	mov	lr, r9
10002a1e:	4647      	mov	r7, r8
10002a20:	b580      	push	{r7, lr}
10002a22:	b085      	sub	sp, #20
10002a24:	4694      	mov	ip, r2
10002a26:	4698      	mov	r8, r3
10002a28:	9d0c      	ldr	r5, [sp, #48]	; 0x30
10002a2a:	9c0d      	ldr	r4, [sp, #52]	; 0x34
10002a2c:	ab0e      	add	r3, sp, #56	; 0x38
10002a2e:	781b      	ldrb	r3, [r3, #0]
10002a30:	4699      	mov	r9, r3
10002a32:	9a10      	ldr	r2, [sp, #64]	; 0x40
10002a34:	9b11      	ldr	r3, [sp, #68]	; 0x44
10002a36:	9e12      	ldr	r6, [sp, #72]	; 0x48
10002a38:	07b7      	lsls	r7, r6, #30
10002a3a:	d41c      	bmi.n	10002a76 <_ntoa_format+0x5c>
10002a3c:	2b00      	cmp	r3, #0
10002a3e:	d00c      	beq.n	10002a5a <_ntoa_format+0x40>
10002a40:	07f7      	lsls	r7, r6, #31
10002a42:	d50a      	bpl.n	10002a5a <_ntoa_format+0x40>
10002a44:	464f      	mov	r7, r9
10002a46:	2f00      	cmp	r7, #0
10002a48:	d102      	bne.n	10002a50 <_ntoa_format+0x36>
10002a4a:	370c      	adds	r7, #12
10002a4c:	4237      	tst	r7, r6
10002a4e:	d004      	beq.n	10002a5a <_ntoa_format+0x40>
10002a50:	3b01      	subs	r3, #1
10002a52:	e002      	b.n	10002a5a <_ntoa_format+0x40>
10002a54:	2730      	movs	r7, #48	; 0x30
10002a56:	552f      	strb	r7, [r5, r4]
10002a58:	3401      	adds	r4, #1
10002a5a:	4294      	cmp	r4, r2
10002a5c:	d201      	bcs.n	10002a62 <_ntoa_format+0x48>
10002a5e:	2c1f      	cmp	r4, #31
10002a60:	d9f8      	bls.n	10002a54 <_ntoa_format+0x3a>
10002a62:	07f7      	lsls	r7, r6, #31
10002a64:	d507      	bpl.n	10002a76 <_ntoa_format+0x5c>
10002a66:	429c      	cmp	r4, r3
10002a68:	d205      	bcs.n	10002a76 <_ntoa_format+0x5c>
10002a6a:	2c1f      	cmp	r4, #31
10002a6c:	d803      	bhi.n	10002a76 <_ntoa_format+0x5c>
10002a6e:	2730      	movs	r7, #48	; 0x30
10002a70:	552f      	strb	r7, [r5, r4]
10002a72:	3401      	adds	r4, #1
10002a74:	e7f5      	b.n	10002a62 <_ntoa_format+0x48>
10002a76:	06f7      	lsls	r7, r6, #27
10002a78:	d515      	bpl.n	10002aa6 <_ntoa_format+0x8c>
10002a7a:	0577      	lsls	r7, r6, #21
10002a7c:	d405      	bmi.n	10002a8a <_ntoa_format+0x70>
10002a7e:	2c00      	cmp	r4, #0
10002a80:	d003      	beq.n	10002a8a <_ntoa_format+0x70>
10002a82:	4294      	cmp	r4, r2
10002a84:	d024      	beq.n	10002ad0 <_ntoa_format+0xb6>
10002a86:	429c      	cmp	r4, r3
10002a88:	d022      	beq.n	10002ad0 <_ntoa_format+0xb6>
10002a8a:	9a0f      	ldr	r2, [sp, #60]	; 0x3c
10002a8c:	2a10      	cmp	r2, #16
10002a8e:	d02b      	beq.n	10002ae8 <_ntoa_format+0xce>
10002a90:	9a0f      	ldr	r2, [sp, #60]	; 0x3c
10002a92:	2a10      	cmp	r2, #16
10002a94:	d030      	beq.n	10002af8 <_ntoa_format+0xde>
10002a96:	9a0f      	ldr	r2, [sp, #60]	; 0x3c
10002a98:	2a02      	cmp	r2, #2
10002a9a:	d035      	beq.n	10002b08 <_ntoa_format+0xee>
10002a9c:	2c1f      	cmp	r4, #31
10002a9e:	d802      	bhi.n	10002aa6 <_ntoa_format+0x8c>
10002aa0:	2230      	movs	r2, #48	; 0x30
10002aa2:	552a      	strb	r2, [r5, r4]
10002aa4:	3401      	adds	r4, #1
10002aa6:	2c1f      	cmp	r4, #31
10002aa8:	d805      	bhi.n	10002ab6 <_ntoa_format+0x9c>
10002aaa:	464a      	mov	r2, r9
10002aac:	2a00      	cmp	r2, #0
10002aae:	d031      	beq.n	10002b14 <_ntoa_format+0xfa>
10002ab0:	222d      	movs	r2, #45	; 0x2d
10002ab2:	552a      	strb	r2, [r5, r4]
10002ab4:	3401      	adds	r4, #1
10002ab6:	9603      	str	r6, [sp, #12]
10002ab8:	9302      	str	r3, [sp, #8]
10002aba:	9401      	str	r4, [sp, #4]
10002abc:	9500      	str	r5, [sp, #0]
10002abe:	4643      	mov	r3, r8
10002ac0:	4662      	mov	r2, ip
10002ac2:	f7ff ff53 	bl	1000296c <_out_rev>
10002ac6:	b005      	add	sp, #20
10002ac8:	bcc0      	pop	{r6, r7}
10002aca:	46b9      	mov	r9, r7
10002acc:	46b0      	mov	r8, r6
10002ace:	bdf0      	pop	{r4, r5, r6, r7, pc}
10002ad0:	1e62      	subs	r2, r4, #1
10002ad2:	2c01      	cmp	r4, #1
10002ad4:	d006      	beq.n	10002ae4 <_ntoa_format+0xca>
10002ad6:	9f0f      	ldr	r7, [sp, #60]	; 0x3c
10002ad8:	2f10      	cmp	r7, #16
10002ada:	d001      	beq.n	10002ae0 <_ntoa_format+0xc6>
10002adc:	0014      	movs	r4, r2
10002ade:	e7d4      	b.n	10002a8a <_ntoa_format+0x70>
10002ae0:	3c02      	subs	r4, #2
10002ae2:	e7d2      	b.n	10002a8a <_ntoa_format+0x70>
10002ae4:	0014      	movs	r4, r2
10002ae6:	e7d0      	b.n	10002a8a <_ntoa_format+0x70>
10002ae8:	06b2      	lsls	r2, r6, #26
10002aea:	d4d1      	bmi.n	10002a90 <_ntoa_format+0x76>
10002aec:	2c1f      	cmp	r4, #31
10002aee:	d8cf      	bhi.n	10002a90 <_ntoa_format+0x76>
10002af0:	2278      	movs	r2, #120	; 0x78
10002af2:	552a      	strb	r2, [r5, r4]
10002af4:	3401      	adds	r4, #1
10002af6:	e7d1      	b.n	10002a9c <_ntoa_format+0x82>
10002af8:	06b2      	lsls	r2, r6, #26
10002afa:	d5cc      	bpl.n	10002a96 <_ntoa_format+0x7c>
10002afc:	2c1f      	cmp	r4, #31
10002afe:	d8ca      	bhi.n	10002a96 <_ntoa_format+0x7c>
10002b00:	2258      	movs	r2, #88	; 0x58
10002b02:	552a      	strb	r2, [r5, r4]
10002b04:	3401      	adds	r4, #1
10002b06:	e7c9      	b.n	10002a9c <_ntoa_format+0x82>
10002b08:	2c1f      	cmp	r4, #31
10002b0a:	d8c7      	bhi.n	10002a9c <_ntoa_format+0x82>
10002b0c:	3260      	adds	r2, #96	; 0x60
10002b0e:	552a      	strb	r2, [r5, r4]
10002b10:	3401      	adds	r4, #1
10002b12:	e7c3      	b.n	10002a9c <_ntoa_format+0x82>
10002b14:	0772      	lsls	r2, r6, #29
10002b16:	d503      	bpl.n	10002b20 <_ntoa_format+0x106>
10002b18:	222b      	movs	r2, #43	; 0x2b
10002b1a:	552a      	strb	r2, [r5, r4]
10002b1c:	3401      	adds	r4, #1
10002b1e:	e7ca      	b.n	10002ab6 <_ntoa_format+0x9c>
10002b20:	0732      	lsls	r2, r6, #28
10002b22:	d5c8      	bpl.n	10002ab6 <_ntoa_format+0x9c>
10002b24:	2220      	movs	r2, #32
10002b26:	552a      	strb	r2, [r5, r4]
10002b28:	3401      	adds	r4, #1
10002b2a:	e7c4      	b.n	10002ab6 <_ntoa_format+0x9c>

10002b2c <_ntoa_long>:
10002b2c:	b5f0      	push	{r4, r5, r6, r7, lr}
10002b2e:	46de      	mov	lr, fp
10002b30:	4657      	mov	r7, sl
10002b32:	464e      	mov	r6, r9
10002b34:	4645      	mov	r5, r8
10002b36:	b5e0      	push	{r5, r6, r7, lr}
10002b38:	b093      	sub	sp, #76	; 0x4c
10002b3a:	4681      	mov	r9, r0
10002b3c:	468a      	mov	sl, r1
10002b3e:	9208      	str	r2, [sp, #32]
10002b40:	9309      	str	r3, [sp, #36]	; 0x24
10002b42:	ab1c      	add	r3, sp, #112	; 0x70
10002b44:	cb10      	ldmia	r3!, {r4}
10002b46:	781b      	ldrb	r3, [r3, #0]
10002b48:	469b      	mov	fp, r3
10002b4a:	9d1e      	ldr	r5, [sp, #120]	; 0x78
10002b4c:	9b21      	ldr	r3, [sp, #132]	; 0x84
10002b4e:	4698      	mov	r8, r3
10002b50:	2c00      	cmp	r4, #0
10002b52:	d103      	bne.n	10002b5c <_ntoa_long+0x30>
10002b54:	2310      	movs	r3, #16
10002b56:	4642      	mov	r2, r8
10002b58:	439a      	bics	r2, r3
10002b5a:	4690      	mov	r8, r2
10002b5c:	2380      	movs	r3, #128	; 0x80
10002b5e:	00db      	lsls	r3, r3, #3
10002b60:	4646      	mov	r6, r8
10002b62:	401e      	ands	r6, r3
10002b64:	4642      	mov	r2, r8
10002b66:	421a      	tst	r2, r3
10002b68:	d012      	beq.n	10002b90 <_ntoa_long+0x64>
10002b6a:	2c00      	cmp	r4, #0
10002b6c:	d022      	beq.n	10002bb4 <_ntoa_long+0x88>
10002b6e:	2600      	movs	r6, #0
10002b70:	e00e      	b.n	10002b90 <_ntoa_long+0x64>
10002b72:	3330      	adds	r3, #48	; 0x30
10002b74:	b2d9      	uxtb	r1, r3
10002b76:	1c77      	adds	r7, r6, #1
10002b78:	ab0a      	add	r3, sp, #40	; 0x28
10002b7a:	5599      	strb	r1, [r3, r6]
10002b7c:	0029      	movs	r1, r5
10002b7e:	0020      	movs	r0, r4
10002b80:	f7fe ffda 	bl	10001b38 <__wrap___aeabi_uidiv>
10002b84:	42ac      	cmp	r4, r5
10002b86:	d316      	bcc.n	10002bb6 <_ntoa_long+0x8a>
10002b88:	2f1f      	cmp	r7, #31
10002b8a:	d814      	bhi.n	10002bb6 <_ntoa_long+0x8a>
10002b8c:	003e      	movs	r6, r7
10002b8e:	0004      	movs	r4, r0
10002b90:	0029      	movs	r1, r5
10002b92:	0020      	movs	r0, r4
10002b94:	f7fe ffd0 	bl	10001b38 <__wrap___aeabi_uidiv>
10002b98:	b2cb      	uxtb	r3, r1
10002b9a:	2b09      	cmp	r3, #9
10002b9c:	d9e9      	bls.n	10002b72 <_ntoa_long+0x46>
10002b9e:	4642      	mov	r2, r8
10002ba0:	0692      	lsls	r2, r2, #26
10002ba2:	d505      	bpl.n	10002bb0 <_ntoa_long+0x84>
10002ba4:	2141      	movs	r1, #65	; 0x41
10002ba6:	18c9      	adds	r1, r1, r3
10002ba8:	b2c9      	uxtb	r1, r1
10002baa:	390a      	subs	r1, #10
10002bac:	b2c9      	uxtb	r1, r1
10002bae:	e7e2      	b.n	10002b76 <_ntoa_long+0x4a>
10002bb0:	2161      	movs	r1, #97	; 0x61
10002bb2:	e7f8      	b.n	10002ba6 <_ntoa_long+0x7a>
10002bb4:	0027      	movs	r7, r4
10002bb6:	4643      	mov	r3, r8
10002bb8:	9306      	str	r3, [sp, #24]
10002bba:	9b20      	ldr	r3, [sp, #128]	; 0x80
10002bbc:	9305      	str	r3, [sp, #20]
10002bbe:	9b1f      	ldr	r3, [sp, #124]	; 0x7c
10002bc0:	9304      	str	r3, [sp, #16]
10002bc2:	9503      	str	r5, [sp, #12]
10002bc4:	465b      	mov	r3, fp
10002bc6:	9302      	str	r3, [sp, #8]
10002bc8:	9701      	str	r7, [sp, #4]
10002bca:	ab0a      	add	r3, sp, #40	; 0x28
10002bcc:	9300      	str	r3, [sp, #0]
10002bce:	9b09      	ldr	r3, [sp, #36]	; 0x24
10002bd0:	9a08      	ldr	r2, [sp, #32]
10002bd2:	4651      	mov	r1, sl
10002bd4:	4648      	mov	r0, r9
10002bd6:	f7ff ff20 	bl	10002a1a <_ntoa_format>
10002bda:	b013      	add	sp, #76	; 0x4c
10002bdc:	bcf0      	pop	{r4, r5, r6, r7}
10002bde:	46bb      	mov	fp, r7
10002be0:	46b2      	mov	sl, r6
10002be2:	46a9      	mov	r9, r5
10002be4:	46a0      	mov	r8, r4
10002be6:	bdf0      	pop	{r4, r5, r6, r7, pc}

10002be8 <_ntoa_long_long>:
10002be8:	b5f0      	push	{r4, r5, r6, r7, lr}
10002bea:	46de      	mov	lr, fp
10002bec:	4657      	mov	r7, sl
10002bee:	464e      	mov	r6, r9
10002bf0:	4645      	mov	r5, r8
10002bf2:	b5e0      	push	{r5, r6, r7, lr}
10002bf4:	b095      	sub	sp, #84	; 0x54
10002bf6:	9008      	str	r0, [sp, #32]
10002bf8:	9109      	str	r1, [sp, #36]	; 0x24
10002bfa:	920a      	str	r2, [sp, #40]	; 0x28
10002bfc:	930b      	str	r3, [sp, #44]	; 0x2c
10002bfe:	9e1e      	ldr	r6, [sp, #120]	; 0x78
10002c00:	9c1f      	ldr	r4, [sp, #124]	; 0x7c
10002c02:	ab20      	add	r3, sp, #128	; 0x80
10002c04:	781b      	ldrb	r3, [r3, #0]
10002c06:	469b      	mov	fp, r3
10002c08:	9b22      	ldr	r3, [sp, #136]	; 0x88
10002c0a:	4699      	mov	r9, r3
10002c0c:	9d23      	ldr	r5, [sp, #140]	; 0x8c
10002c0e:	9b26      	ldr	r3, [sp, #152]	; 0x98
10002c10:	469a      	mov	sl, r3
10002c12:	0033      	movs	r3, r6
10002c14:	4323      	orrs	r3, r4
10002c16:	d103      	bne.n	10002c20 <_ntoa_long_long+0x38>
10002c18:	3310      	adds	r3, #16
10002c1a:	4652      	mov	r2, sl
10002c1c:	439a      	bics	r2, r3
10002c1e:	4692      	mov	sl, r2
10002c20:	2380      	movs	r3, #128	; 0x80
10002c22:	00db      	lsls	r3, r3, #3
10002c24:	4657      	mov	r7, sl
10002c26:	401f      	ands	r7, r3
10002c28:	4652      	mov	r2, sl
10002c2a:	421a      	tst	r2, r3
10002c2c:	d019      	beq.n	10002c62 <_ntoa_long_long+0x7a>
10002c2e:	0033      	movs	r3, r6
10002c30:	4323      	orrs	r3, r4
10002c32:	d02d      	beq.n	10002c90 <_ntoa_long_long+0xa8>
10002c34:	2700      	movs	r7, #0
10002c36:	e014      	b.n	10002c62 <_ntoa_long_long+0x7a>
10002c38:	3330      	adds	r3, #48	; 0x30
10002c3a:	b2da      	uxtb	r2, r3
10002c3c:	1c7b      	adds	r3, r7, #1
10002c3e:	4698      	mov	r8, r3
10002c40:	ab0c      	add	r3, sp, #48	; 0x30
10002c42:	55da      	strb	r2, [r3, r7]
10002c44:	464a      	mov	r2, r9
10002c46:	002b      	movs	r3, r5
10002c48:	0030      	movs	r0, r6
10002c4a:	0021      	movs	r1, r4
10002c4c:	f7fe ffb2 	bl	10001bb4 <__wrap___aeabi_uldivmod>
10002c50:	42a5      	cmp	r5, r4
10002c52:	d81f      	bhi.n	10002c94 <_ntoa_long_long+0xac>
10002c54:	d019      	beq.n	10002c8a <_ntoa_long_long+0xa2>
10002c56:	4643      	mov	r3, r8
10002c58:	2b1f      	cmp	r3, #31
10002c5a:	d81b      	bhi.n	10002c94 <_ntoa_long_long+0xac>
10002c5c:	4647      	mov	r7, r8
10002c5e:	0006      	movs	r6, r0
10002c60:	000c      	movs	r4, r1
10002c62:	464a      	mov	r2, r9
10002c64:	002b      	movs	r3, r5
10002c66:	0030      	movs	r0, r6
10002c68:	0021      	movs	r1, r4
10002c6a:	f7fe ffa3 	bl	10001bb4 <__wrap___aeabi_uldivmod>
10002c6e:	b2d3      	uxtb	r3, r2
10002c70:	2b09      	cmp	r3, #9
10002c72:	d9e1      	bls.n	10002c38 <_ntoa_long_long+0x50>
10002c74:	4652      	mov	r2, sl
10002c76:	0692      	lsls	r2, r2, #26
10002c78:	d505      	bpl.n	10002c86 <_ntoa_long_long+0x9e>
10002c7a:	2241      	movs	r2, #65	; 0x41
10002c7c:	18d2      	adds	r2, r2, r3
10002c7e:	b2d2      	uxtb	r2, r2
10002c80:	3a0a      	subs	r2, #10
10002c82:	b2d2      	uxtb	r2, r2
10002c84:	e7da      	b.n	10002c3c <_ntoa_long_long+0x54>
10002c86:	2261      	movs	r2, #97	; 0x61
10002c88:	e7f8      	b.n	10002c7c <_ntoa_long_long+0x94>
10002c8a:	45b1      	cmp	r9, r6
10002c8c:	d9e3      	bls.n	10002c56 <_ntoa_long_long+0x6e>
10002c8e:	e001      	b.n	10002c94 <_ntoa_long_long+0xac>
10002c90:	2300      	movs	r3, #0
10002c92:	4698      	mov	r8, r3
10002c94:	4653      	mov	r3, sl
10002c96:	9306      	str	r3, [sp, #24]
10002c98:	9b25      	ldr	r3, [sp, #148]	; 0x94
10002c9a:	9305      	str	r3, [sp, #20]
10002c9c:	9b24      	ldr	r3, [sp, #144]	; 0x90
10002c9e:	9304      	str	r3, [sp, #16]
10002ca0:	464b      	mov	r3, r9
10002ca2:	9303      	str	r3, [sp, #12]
10002ca4:	465b      	mov	r3, fp
10002ca6:	9302      	str	r3, [sp, #8]
10002ca8:	4643      	mov	r3, r8
10002caa:	9301      	str	r3, [sp, #4]
10002cac:	ab0c      	add	r3, sp, #48	; 0x30
10002cae:	9300      	str	r3, [sp, #0]
10002cb0:	9b0b      	ldr	r3, [sp, #44]	; 0x2c
10002cb2:	9a0a      	ldr	r2, [sp, #40]	; 0x28
10002cb4:	9909      	ldr	r1, [sp, #36]	; 0x24
10002cb6:	9808      	ldr	r0, [sp, #32]
10002cb8:	f7ff feaf 	bl	10002a1a <_ntoa_format>
10002cbc:	b015      	add	sp, #84	; 0x54
10002cbe:	bcf0      	pop	{r4, r5, r6, r7}
10002cc0:	46bb      	mov	fp, r7
10002cc2:	46b2      	mov	sl, r6
10002cc4:	46a9      	mov	r9, r5
10002cc6:	46a0      	mov	r8, r4
10002cc8:	bdf0      	pop	{r4, r5, r6, r7, pc}
	...

10002ccc <_etoa>:
10002ccc:	b5f0      	push	{r4, r5, r6, r7, lr}
10002cce:	46de      	mov	lr, fp
10002cd0:	4657      	mov	r7, sl
10002cd2:	464e      	mov	r6, r9
10002cd4:	4645      	mov	r5, r8
10002cd6:	b5e0      	push	{r5, r6, r7, lr}
10002cd8:	b091      	sub	sp, #68	; 0x44
10002cda:	4683      	mov	fp, r0
10002cdc:	468a      	mov	sl, r1
10002cde:	920c      	str	r2, [sp, #48]	; 0x30
10002ce0:	4698      	mov	r8, r3
10002ce2:	9c1a      	ldr	r4, [sp, #104]	; 0x68
10002ce4:	9408      	str	r4, [sp, #32]
10002ce6:	9d1b      	ldr	r5, [sp, #108]	; 0x6c
10002ce8:	9509      	str	r5, [sp, #36]	; 0x24
10002cea:	0022      	movs	r2, r4
10002cec:	002b      	movs	r3, r5
10002cee:	0020      	movs	r0, r4
10002cf0:	0029      	movs	r1, r5
10002cf2:	f7ff f9ea 	bl	100020ca <__wrap___aeabi_dcmpun>
10002cf6:	2800      	cmp	r0, #0
10002cf8:	d000      	beq.n	10002cfc <_etoa+0x30>
10002cfa:	e0e5      	b.n	10002ec8 <_etoa+0x1fc>
10002cfc:	2201      	movs	r2, #1
10002cfe:	4252      	negs	r2, r2
10002d00:	4bd7      	ldr	r3, [pc, #860]	; (10003060 <_etoa+0x394>)
10002d02:	0020      	movs	r0, r4
10002d04:	0029      	movs	r1, r5
10002d06:	f7ff f9db 	bl	100020c0 <__wrap___aeabi_dcmpgt>
10002d0a:	2800      	cmp	r0, #0
10002d0c:	d000      	beq.n	10002d10 <_etoa+0x44>
10002d0e:	e0db      	b.n	10002ec8 <_etoa+0x1fc>
10002d10:	2201      	movs	r2, #1
10002d12:	4252      	negs	r2, r2
10002d14:	4bd3      	ldr	r3, [pc, #844]	; (10003064 <_etoa+0x398>)
10002d16:	0020      	movs	r0, r4
10002d18:	0029      	movs	r1, r5
10002d1a:	f7ff f9bb 	bl	10002094 <__wrap___aeabi_dcmplt>
10002d1e:	2800      	cmp	r0, #0
10002d20:	d000      	beq.n	10002d24 <_etoa+0x58>
10002d22:	e0d1      	b.n	10002ec8 <_etoa+0x1fc>
10002d24:	2200      	movs	r2, #0
10002d26:	2300      	movs	r3, #0
10002d28:	9e08      	ldr	r6, [sp, #32]
10002d2a:	0030      	movs	r0, r6
10002d2c:	9d09      	ldr	r5, [sp, #36]	; 0x24
10002d2e:	0029      	movs	r1, r5
10002d30:	f7ff f9b0 	bl	10002094 <__wrap___aeabi_dcmplt>
10002d34:	2800      	cmp	r0, #0
10002d36:	d000      	beq.n	10002d3a <_etoa+0x6e>
10002d38:	e0dd      	b.n	10002ef6 <_etoa+0x22a>
10002d3a:	9808      	ldr	r0, [sp, #32]
10002d3c:	9909      	ldr	r1, [sp, #36]	; 0x24
10002d3e:	9006      	str	r0, [sp, #24]
10002d40:	9107      	str	r1, [sp, #28]
10002d42:	2380      	movs	r3, #128	; 0x80
10002d44:	00db      	lsls	r3, r3, #3
10002d46:	9a1e      	ldr	r2, [sp, #120]	; 0x78
10002d48:	401a      	ands	r2, r3
10002d4a:	920d      	str	r2, [sp, #52]	; 0x34
10002d4c:	9a1e      	ldr	r2, [sp, #120]	; 0x78
10002d4e:	421a      	tst	r2, r3
10002d50:	d101      	bne.n	10002d56 <_etoa+0x8a>
10002d52:	2306      	movs	r3, #6
10002d54:	931c      	str	r3, [sp, #112]	; 0x70
10002d56:	9806      	ldr	r0, [sp, #24]
10002d58:	9907      	ldr	r1, [sp, #28]
10002d5a:	0004      	movs	r4, r0
10002d5c:	000d      	movs	r5, r1
10002d5e:	000a      	movs	r2, r1
10002d60:	0006      	movs	r6, r0
10002d62:	4302      	orrs	r2, r0
10002d64:	d100      	bne.n	10002d68 <_etoa+0x9c>
10002d66:	e0d1      	b.n	10002f0c <_etoa+0x240>
10002d68:	0d08      	lsrs	r0, r1, #20
10002d6a:	0540      	lsls	r0, r0, #21
10002d6c:	0d40      	lsrs	r0, r0, #21
10002d6e:	4cbe      	ldr	r4, [pc, #760]	; (10003068 <_etoa+0x39c>)
10002d70:	46a4      	mov	ip, r4
10002d72:	4460      	add	r0, ip
10002d74:	030a      	lsls	r2, r1, #12
10002d76:	0b12      	lsrs	r2, r2, #12
10002d78:	4bbc      	ldr	r3, [pc, #752]	; (1000306c <_etoa+0x3a0>)
10002d7a:	4313      	orrs	r3, r2
10002d7c:	001f      	movs	r7, r3
10002d7e:	f7ff f9b5 	bl	100020ec <__wrap___aeabi_i2d>
10002d82:	4abb      	ldr	r2, [pc, #748]	; (10003070 <_etoa+0x3a4>)
10002d84:	4bbb      	ldr	r3, [pc, #748]	; (10003074 <_etoa+0x3a8>)
10002d86:	f7ff f942 	bl	1000200e <__wrap___aeabi_dmul>
10002d8a:	4abb      	ldr	r2, [pc, #748]	; (10003078 <_etoa+0x3ac>)
10002d8c:	4bbb      	ldr	r3, [pc, #748]	; (1000307c <_etoa+0x3b0>)
10002d8e:	f7ff f917 	bl	10001fc0 <__wrap___aeabi_dadd>
10002d92:	0004      	movs	r4, r0
10002d94:	000d      	movs	r5, r1
10002d96:	2200      	movs	r2, #0
10002d98:	4bb9      	ldr	r3, [pc, #740]	; (10003080 <_etoa+0x3b4>)
10002d9a:	0030      	movs	r0, r6
10002d9c:	0039      	movs	r1, r7
10002d9e:	f7ff f906 	bl	10001fae <__wrap___aeabi_dsub>
10002da2:	4ab8      	ldr	r2, [pc, #736]	; (10003084 <_etoa+0x3b8>)
10002da4:	4bb8      	ldr	r3, [pc, #736]	; (10003088 <_etoa+0x3bc>)
10002da6:	f7ff f932 	bl	1000200e <__wrap___aeabi_dmul>
10002daa:	0002      	movs	r2, r0
10002dac:	000b      	movs	r3, r1
10002dae:	0020      	movs	r0, r4
10002db0:	0029      	movs	r1, r5
10002db2:	f7ff f905 	bl	10001fc0 <__wrap___aeabi_dadd>
10002db6:	f7ff f9b1 	bl	1000211c <__wrap___aeabi_d2iz>
10002dba:	4681      	mov	r9, r0
10002dbc:	f7ff f996 	bl	100020ec <__wrap___aeabi_i2d>
10002dc0:	0004      	movs	r4, r0
10002dc2:	000d      	movs	r5, r1
10002dc4:	4ab1      	ldr	r2, [pc, #708]	; (1000308c <_etoa+0x3c0>)
10002dc6:	4bb2      	ldr	r3, [pc, #712]	; (10003090 <_etoa+0x3c4>)
10002dc8:	f7ff f921 	bl	1000200e <__wrap___aeabi_dmul>
10002dcc:	2200      	movs	r2, #0
10002dce:	4bb1      	ldr	r3, [pc, #708]	; (10003094 <_etoa+0x3c8>)
10002dd0:	f7ff f8f6 	bl	10001fc0 <__wrap___aeabi_dadd>
10002dd4:	f7ff f9a2 	bl	1000211c <__wrap___aeabi_d2iz>
10002dd8:	0006      	movs	r6, r0
10002dda:	4aaf      	ldr	r2, [pc, #700]	; (10003098 <_etoa+0x3cc>)
10002ddc:	4baf      	ldr	r3, [pc, #700]	; (1000309c <_etoa+0x3d0>)
10002dde:	0020      	movs	r0, r4
10002de0:	0029      	movs	r1, r5
10002de2:	f7ff f914 	bl	1000200e <__wrap___aeabi_dmul>
10002de6:	0004      	movs	r4, r0
10002de8:	000d      	movs	r5, r1
10002dea:	0030      	movs	r0, r6
10002dec:	f7ff f97e 	bl	100020ec <__wrap___aeabi_i2d>
10002df0:	4aab      	ldr	r2, [pc, #684]	; (100030a0 <_etoa+0x3d4>)
10002df2:	4bac      	ldr	r3, [pc, #688]	; (100030a4 <_etoa+0x3d8>)
10002df4:	f7ff f90b 	bl	1000200e <__wrap___aeabi_dmul>
10002df8:	0002      	movs	r2, r0
10002dfa:	000b      	movs	r3, r1
10002dfc:	0020      	movs	r0, r4
10002dfe:	0029      	movs	r1, r5
10002e00:	f7ff f8d5 	bl	10001fae <__wrap___aeabi_dsub>
10002e04:	0004      	movs	r4, r0
10002e06:	000d      	movs	r5, r1
10002e08:	0002      	movs	r2, r0
10002e0a:	000b      	movs	r3, r1
10002e0c:	f7ff f8ff 	bl	1000200e <__wrap___aeabi_dmul>
10002e10:	900a      	str	r0, [sp, #40]	; 0x28
10002e12:	910b      	str	r1, [sp, #44]	; 0x2c
10002e14:	4ba4      	ldr	r3, [pc, #656]	; (100030a8 <_etoa+0x3dc>)
10002e16:	18f3      	adds	r3, r6, r3
10002e18:	2600      	movs	r6, #0
10002e1a:	051f      	lsls	r7, r3, #20
10002e1c:	0022      	movs	r2, r4
10002e1e:	002b      	movs	r3, r5
10002e20:	0020      	movs	r0, r4
10002e22:	0029      	movs	r1, r5
10002e24:	f7ff f8cc 	bl	10001fc0 <__wrap___aeabi_dadd>
10002e28:	900e      	str	r0, [sp, #56]	; 0x38
10002e2a:	910f      	str	r1, [sp, #60]	; 0x3c
10002e2c:	0022      	movs	r2, r4
10002e2e:	002b      	movs	r3, r5
10002e30:	2000      	movs	r0, #0
10002e32:	2180      	movs	r1, #128	; 0x80
10002e34:	05c9      	lsls	r1, r1, #23
10002e36:	f7ff f8ba 	bl	10001fae <__wrap___aeabi_dsub>
10002e3a:	0004      	movs	r4, r0
10002e3c:	000d      	movs	r5, r1
10002e3e:	2200      	movs	r2, #0
10002e40:	4b9a      	ldr	r3, [pc, #616]	; (100030ac <_etoa+0x3e0>)
10002e42:	980a      	ldr	r0, [sp, #40]	; 0x28
10002e44:	990b      	ldr	r1, [sp, #44]	; 0x2c
10002e46:	f7ff f8c4 	bl	10001fd2 <__wrap___aeabi_ddiv>
10002e4a:	2200      	movs	r2, #0
10002e4c:	4b98      	ldr	r3, [pc, #608]	; (100030b0 <_etoa+0x3e4>)
10002e4e:	f7ff f8b7 	bl	10001fc0 <__wrap___aeabi_dadd>
10002e52:	0002      	movs	r2, r0
10002e54:	000b      	movs	r3, r1
10002e56:	980a      	ldr	r0, [sp, #40]	; 0x28
10002e58:	990b      	ldr	r1, [sp, #44]	; 0x2c
10002e5a:	f7ff f8ba 	bl	10001fd2 <__wrap___aeabi_ddiv>
10002e5e:	2200      	movs	r2, #0
10002e60:	4b94      	ldr	r3, [pc, #592]	; (100030b4 <_etoa+0x3e8>)
10002e62:	f7ff f8ad 	bl	10001fc0 <__wrap___aeabi_dadd>
10002e66:	0002      	movs	r2, r0
10002e68:	000b      	movs	r3, r1
10002e6a:	980a      	ldr	r0, [sp, #40]	; 0x28
10002e6c:	990b      	ldr	r1, [sp, #44]	; 0x2c
10002e6e:	f7ff f8b0 	bl	10001fd2 <__wrap___aeabi_ddiv>
10002e72:	0002      	movs	r2, r0
10002e74:	000b      	movs	r3, r1
10002e76:	0020      	movs	r0, r4
10002e78:	0029      	movs	r1, r5
10002e7a:	f7ff f8a1 	bl	10001fc0 <__wrap___aeabi_dadd>
10002e7e:	0002      	movs	r2, r0
10002e80:	000b      	movs	r3, r1
10002e82:	980e      	ldr	r0, [sp, #56]	; 0x38
10002e84:	990f      	ldr	r1, [sp, #60]	; 0x3c
10002e86:	f7ff f8a4 	bl	10001fd2 <__wrap___aeabi_ddiv>
10002e8a:	2200      	movs	r2, #0
10002e8c:	4b77      	ldr	r3, [pc, #476]	; (1000306c <_etoa+0x3a0>)
10002e8e:	f7ff f897 	bl	10001fc0 <__wrap___aeabi_dadd>
10002e92:	0032      	movs	r2, r6
10002e94:	003b      	movs	r3, r7
10002e96:	f7ff f8ba 	bl	1000200e <__wrap___aeabi_dmul>
10002e9a:	0006      	movs	r6, r0
10002e9c:	000f      	movs	r7, r1
10002e9e:	0004      	movs	r4, r0
10002ea0:	000d      	movs	r5, r1
10002ea2:	9a06      	ldr	r2, [sp, #24]
10002ea4:	9b07      	ldr	r3, [sp, #28]
10002ea6:	f7ff f90b 	bl	100020c0 <__wrap___aeabi_dcmpgt>
10002eaa:	2800      	cmp	r0, #0
10002eac:	d030      	beq.n	10002f10 <_etoa+0x244>
10002eae:	2301      	movs	r3, #1
10002eb0:	425b      	negs	r3, r3
10002eb2:	469c      	mov	ip, r3
10002eb4:	44e1      	add	r9, ip
10002eb6:	2200      	movs	r2, #0
10002eb8:	4b7d      	ldr	r3, [pc, #500]	; (100030b0 <_etoa+0x3e4>)
10002eba:	0030      	movs	r0, r6
10002ebc:	0039      	movs	r1, r7
10002ebe:	f7ff f888 	bl	10001fd2 <__wrap___aeabi_ddiv>
10002ec2:	0004      	movs	r4, r0
10002ec4:	000d      	movs	r5, r1
10002ec6:	e023      	b.n	10002f10 <_etoa+0x244>
10002ec8:	9b1e      	ldr	r3, [sp, #120]	; 0x78
10002eca:	9304      	str	r3, [sp, #16]
10002ecc:	9b1d      	ldr	r3, [sp, #116]	; 0x74
10002ece:	9303      	str	r3, [sp, #12]
10002ed0:	9b1c      	ldr	r3, [sp, #112]	; 0x70
10002ed2:	9302      	str	r3, [sp, #8]
10002ed4:	9a08      	ldr	r2, [sp, #32]
10002ed6:	9b09      	ldr	r3, [sp, #36]	; 0x24
10002ed8:	9200      	str	r2, [sp, #0]
10002eda:	9301      	str	r3, [sp, #4]
10002edc:	4643      	mov	r3, r8
10002ede:	9a0c      	ldr	r2, [sp, #48]	; 0x30
10002ee0:	4651      	mov	r1, sl
10002ee2:	4658      	mov	r0, fp
10002ee4:	f000 f8fc 	bl	100030e0 <_ftoa>
10002ee8:	b011      	add	sp, #68	; 0x44
10002eea:	bcf0      	pop	{r4, r5, r6, r7}
10002eec:	46bb      	mov	fp, r7
10002eee:	46b2      	mov	sl, r6
10002ef0:	46a9      	mov	r9, r5
10002ef2:	46a0      	mov	r8, r4
10002ef4:	bdf0      	pop	{r4, r5, r6, r7, pc}
10002ef6:	2300      	movs	r3, #0
10002ef8:	2400      	movs	r4, #0
10002efa:	9306      	str	r3, [sp, #24]
10002efc:	9407      	str	r4, [sp, #28]
10002efe:	9606      	str	r6, [sp, #24]
10002f00:	2380      	movs	r3, #128	; 0x80
10002f02:	061b      	lsls	r3, r3, #24
10002f04:	469c      	mov	ip, r3
10002f06:	4465      	add	r5, ip
10002f08:	9507      	str	r5, [sp, #28]
10002f0a:	e71a      	b.n	10002d42 <_etoa+0x76>
10002f0c:	2300      	movs	r3, #0
10002f0e:	4699      	mov	r9, r3
10002f10:	464b      	mov	r3, r9
10002f12:	3363      	adds	r3, #99	; 0x63
10002f14:	2bc6      	cmp	r3, #198	; 0xc6
10002f16:	d81e      	bhi.n	10002f56 <_etoa+0x28a>
10002f18:	2604      	movs	r6, #4
10002f1a:	9b1e      	ldr	r3, [sp, #120]	; 0x78
10002f1c:	051b      	lsls	r3, r3, #20
10002f1e:	d526      	bpl.n	10002f6e <_etoa+0x2a2>
10002f20:	002b      	movs	r3, r5
10002f22:	4323      	orrs	r3, r4
10002f24:	d00f      	beq.n	10002f46 <_etoa+0x27a>
10002f26:	4a64      	ldr	r2, [pc, #400]	; (100030b8 <_etoa+0x3ec>)
10002f28:	4b64      	ldr	r3, [pc, #400]	; (100030bc <_etoa+0x3f0>)
10002f2a:	9806      	ldr	r0, [sp, #24]
10002f2c:	9907      	ldr	r1, [sp, #28]
10002f2e:	f7ff f8bf 	bl	100020b0 <__wrap___aeabi_dcmpge>
10002f32:	2800      	cmp	r0, #0
10002f34:	d079      	beq.n	1000302a <_etoa+0x35e>
10002f36:	2200      	movs	r2, #0
10002f38:	4b61      	ldr	r3, [pc, #388]	; (100030c0 <_etoa+0x3f4>)
10002f3a:	9806      	ldr	r0, [sp, #24]
10002f3c:	9907      	ldr	r1, [sp, #28]
10002f3e:	f7ff f8a9 	bl	10002094 <__wrap___aeabi_dcmplt>
10002f42:	2800      	cmp	r0, #0
10002f44:	d071      	beq.n	1000302a <_etoa+0x35e>
10002f46:	9b1c      	ldr	r3, [sp, #112]	; 0x70
10002f48:	454b      	cmp	r3, r9
10002f4a:	dd06      	ble.n	10002f5a <_etoa+0x28e>
10002f4c:	464a      	mov	r2, r9
10002f4e:	1a98      	subs	r0, r3, r2
10002f50:	1e43      	subs	r3, r0, #1
10002f52:	931c      	str	r3, [sp, #112]	; 0x70
10002f54:	e003      	b.n	10002f5e <_etoa+0x292>
10002f56:	2605      	movs	r6, #5
10002f58:	e7df      	b.n	10002f1a <_etoa+0x24e>
10002f5a:	2300      	movs	r3, #0
10002f5c:	931c      	str	r3, [sp, #112]	; 0x70
10002f5e:	2380      	movs	r3, #128	; 0x80
10002f60:	00db      	lsls	r3, r3, #3
10002f62:	9a1e      	ldr	r2, [sp, #120]	; 0x78
10002f64:	431a      	orrs	r2, r3
10002f66:	921e      	str	r2, [sp, #120]	; 0x78
10002f68:	2600      	movs	r6, #0
10002f6a:	2300      	movs	r3, #0
10002f6c:	4699      	mov	r9, r3
10002f6e:	9b1d      	ldr	r3, [sp, #116]	; 0x74
10002f70:	429e      	cmp	r6, r3
10002f72:	d264      	bcs.n	1000303e <_etoa+0x372>
10002f74:	1b9f      	subs	r7, r3, r6
10002f76:	2302      	movs	r3, #2
10002f78:	9a1e      	ldr	r2, [sp, #120]	; 0x78
10002f7a:	401a      	ands	r2, r3
10002f7c:	920a      	str	r2, [sp, #40]	; 0x28
10002f7e:	9a1e      	ldr	r2, [sp, #120]	; 0x78
10002f80:	4213      	tst	r3, r2
10002f82:	d002      	beq.n	10002f8a <_etoa+0x2be>
10002f84:	2e00      	cmp	r6, #0
10002f86:	d000      	beq.n	10002f8a <_etoa+0x2be>
10002f88:	2700      	movs	r7, #0
10002f8a:	464b      	mov	r3, r9
10002f8c:	2b00      	cmp	r3, #0
10002f8e:	d007      	beq.n	10002fa0 <_etoa+0x2d4>
10002f90:	0022      	movs	r2, r4
10002f92:	002b      	movs	r3, r5
10002f94:	9806      	ldr	r0, [sp, #24]
10002f96:	9907      	ldr	r1, [sp, #28]
10002f98:	f7ff f81b 	bl	10001fd2 <__wrap___aeabi_ddiv>
10002f9c:	9006      	str	r0, [sp, #24]
10002f9e:	9107      	str	r1, [sp, #28]
10002fa0:	2200      	movs	r2, #0
10002fa2:	2300      	movs	r3, #0
10002fa4:	9808      	ldr	r0, [sp, #32]
10002fa6:	9909      	ldr	r1, [sp, #36]	; 0x24
10002fa8:	f7ff f874 	bl	10002094 <__wrap___aeabi_dcmplt>
10002fac:	2800      	cmp	r0, #0
10002fae:	d148      	bne.n	10003042 <_etoa+0x376>
10002fb0:	4b44      	ldr	r3, [pc, #272]	; (100030c4 <_etoa+0x3f8>)
10002fb2:	9a1e      	ldr	r2, [sp, #120]	; 0x78
10002fb4:	4013      	ands	r3, r2
10002fb6:	9304      	str	r3, [sp, #16]
10002fb8:	9703      	str	r7, [sp, #12]
10002fba:	9b1c      	ldr	r3, [sp, #112]	; 0x70
10002fbc:	9302      	str	r3, [sp, #8]
10002fbe:	9b06      	ldr	r3, [sp, #24]
10002fc0:	9c07      	ldr	r4, [sp, #28]
10002fc2:	9300      	str	r3, [sp, #0]
10002fc4:	9401      	str	r4, [sp, #4]
10002fc6:	4643      	mov	r3, r8
10002fc8:	9a0c      	ldr	r2, [sp, #48]	; 0x30
10002fca:	4651      	mov	r1, sl
10002fcc:	4658      	mov	r0, fp
10002fce:	f000 f887 	bl	100030e0 <_ftoa>
10002fd2:	2e00      	cmp	r6, #0
10002fd4:	d100      	bne.n	10002fd8 <_etoa+0x30c>
10002fd6:	e787      	b.n	10002ee8 <_etoa+0x21c>
10002fd8:	9b1e      	ldr	r3, [sp, #120]	; 0x78
10002fda:	069b      	lsls	r3, r3, #26
10002fdc:	d53d      	bpl.n	1000305a <_etoa+0x38e>
10002fde:	2545      	movs	r5, #69	; 0x45
10002fe0:	1c44      	adds	r4, r0, #1
10002fe2:	4643      	mov	r3, r8
10002fe4:	0002      	movs	r2, r0
10002fe6:	4651      	mov	r1, sl
10002fe8:	0028      	movs	r0, r5
10002fea:	47d8      	blx	fp
10002fec:	464b      	mov	r3, r9
10002fee:	17da      	asrs	r2, r3, #31
10002ff0:	189b      	adds	r3, r3, r2
10002ff2:	4053      	eors	r3, r2
10002ff4:	2205      	movs	r2, #5
10002ff6:	9205      	str	r2, [sp, #20]
10002ff8:	3e01      	subs	r6, #1
10002ffa:	9604      	str	r6, [sp, #16]
10002ffc:	2200      	movs	r2, #0
10002ffe:	9203      	str	r2, [sp, #12]
10003000:	320a      	adds	r2, #10
10003002:	9202      	str	r2, [sp, #8]
10003004:	464a      	mov	r2, r9
10003006:	0fd0      	lsrs	r0, r2, #31
10003008:	9001      	str	r0, [sp, #4]
1000300a:	9300      	str	r3, [sp, #0]
1000300c:	4643      	mov	r3, r8
1000300e:	0022      	movs	r2, r4
10003010:	4651      	mov	r1, sl
10003012:	4658      	mov	r0, fp
10003014:	f7ff fd8a 	bl	10002b2c <_ntoa_long>
10003018:	9b0a      	ldr	r3, [sp, #40]	; 0x28
1000301a:	2b00      	cmp	r3, #0
1000301c:	d100      	bne.n	10003020 <_etoa+0x354>
1000301e:	e763      	b.n	10002ee8 <_etoa+0x21c>
10003020:	0002      	movs	r2, r0
10003022:	465f      	mov	r7, fp
10003024:	9e0c      	ldr	r6, [sp, #48]	; 0x30
10003026:	9d1d      	ldr	r5, [sp, #116]	; 0x74
10003028:	e054      	b.n	100030d4 <_etoa+0x408>
1000302a:	9b1c      	ldr	r3, [sp, #112]	; 0x70
1000302c:	2b00      	cmp	r3, #0
1000302e:	d09e      	beq.n	10002f6e <_etoa+0x2a2>
10003030:	9b0d      	ldr	r3, [sp, #52]	; 0x34
10003032:	2b00      	cmp	r3, #0
10003034:	d09b      	beq.n	10002f6e <_etoa+0x2a2>
10003036:	9b1c      	ldr	r3, [sp, #112]	; 0x70
10003038:	3b01      	subs	r3, #1
1000303a:	931c      	str	r3, [sp, #112]	; 0x70
1000303c:	e797      	b.n	10002f6e <_etoa+0x2a2>
1000303e:	2700      	movs	r7, #0
10003040:	e799      	b.n	10002f76 <_etoa+0x2aa>
10003042:	9c06      	ldr	r4, [sp, #24]
10003044:	9d07      	ldr	r5, [sp, #28]
10003046:	0022      	movs	r2, r4
10003048:	0029      	movs	r1, r5
1000304a:	2080      	movs	r0, #128	; 0x80
1000304c:	0600      	lsls	r0, r0, #24
1000304e:	4684      	mov	ip, r0
10003050:	4461      	add	r1, ip
10003052:	000b      	movs	r3, r1
10003054:	9206      	str	r2, [sp, #24]
10003056:	9307      	str	r3, [sp, #28]
10003058:	e7aa      	b.n	10002fb0 <_etoa+0x2e4>
1000305a:	2565      	movs	r5, #101	; 0x65
1000305c:	e7c0      	b.n	10002fe0 <_etoa+0x314>
1000305e:	46c0      	nop			; (mov r8, r8)
10003060:	7fefffff 	.word	0x7fefffff
10003064:	ffefffff 	.word	0xffefffff
10003068:	fffffc01 	.word	0xfffffc01
1000306c:	3ff00000 	.word	0x3ff00000
10003070:	509f79fb 	.word	0x509f79fb
10003074:	3fd34413 	.word	0x3fd34413
10003078:	8b60c8b3 	.word	0x8b60c8b3
1000307c:	3fc68a28 	.word	0x3fc68a28
10003080:	3ff80000 	.word	0x3ff80000
10003084:	636f4361 	.word	0x636f4361
10003088:	3fd287a7 	.word	0x3fd287a7
1000308c:	0979a371 	.word	0x0979a371
10003090:	400a934f 	.word	0x400a934f
10003094:	3fe00000 	.word	0x3fe00000
10003098:	bbb55516 	.word	0xbbb55516
1000309c:	40026bb1 	.word	0x40026bb1
100030a0:	fefa39ef 	.word	0xfefa39ef
100030a4:	3fe62e42 	.word	0x3fe62e42
100030a8:	000003ff 	.word	0x000003ff
100030ac:	402c0000 	.word	0x402c0000
100030b0:	40240000 	.word	0x40240000
100030b4:	40180000 	.word	0x40180000
100030b8:	eb1c432d 	.word	0xeb1c432d
100030bc:	3f1a36e2 	.word	0x3f1a36e2
100030c0:	412e8480 	.word	0x412e8480
100030c4:	fffff7ff 	.word	0xfffff7ff
100030c8:	1c54      	adds	r4, r2, #1
100030ca:	4643      	mov	r3, r8
100030cc:	4651      	mov	r1, sl
100030ce:	2020      	movs	r0, #32
100030d0:	47b8      	blx	r7
100030d2:	0022      	movs	r2, r4
100030d4:	1b93      	subs	r3, r2, r6
100030d6:	42ab      	cmp	r3, r5
100030d8:	d3f6      	bcc.n	100030c8 <_etoa+0x3fc>
100030da:	0010      	movs	r0, r2
100030dc:	e704      	b.n	10002ee8 <_etoa+0x21c>
100030de:	46c0      	nop			; (mov r8, r8)

100030e0 <_ftoa>:
100030e0:	b5f0      	push	{r4, r5, r6, r7, lr}
100030e2:	46de      	mov	lr, fp
100030e4:	4657      	mov	r7, sl
100030e6:	464e      	mov	r6, r9
100030e8:	4645      	mov	r5, r8
100030ea:	b5e0      	push	{r5, r6, r7, lr}
100030ec:	b095      	sub	sp, #84	; 0x54
100030ee:	9006      	str	r0, [sp, #24]
100030f0:	9107      	str	r1, [sp, #28]
100030f2:	4693      	mov	fp, r2
100030f4:	4699      	mov	r9, r3
100030f6:	9f20      	ldr	r7, [sp, #128]	; 0x80
100030f8:	9a1e      	ldr	r2, [sp, #120]	; 0x78
100030fa:	9b1f      	ldr	r3, [sp, #124]	; 0x7c
100030fc:	0010      	movs	r0, r2
100030fe:	0019      	movs	r1, r3
10003100:	f7fe ffe3 	bl	100020ca <__wrap___aeabi_dcmpun>
10003104:	2800      	cmp	r0, #0
10003106:	d131      	bne.n	1000316c <_ftoa+0x8c>
10003108:	2201      	movs	r2, #1
1000310a:	4252      	negs	r2, r2
1000310c:	4bbf      	ldr	r3, [pc, #764]	; (1000340c <_ftoa+0x32c>)
1000310e:	981e      	ldr	r0, [sp, #120]	; 0x78
10003110:	991f      	ldr	r1, [sp, #124]	; 0x7c
10003112:	f7fe ffbf 	bl	10002094 <__wrap___aeabi_dcmplt>
10003116:	2800      	cmp	r0, #0
10003118:	d137      	bne.n	1000318a <_ftoa+0xaa>
1000311a:	2201      	movs	r2, #1
1000311c:	4252      	negs	r2, r2
1000311e:	4bbc      	ldr	r3, [pc, #752]	; (10003410 <_ftoa+0x330>)
10003120:	981e      	ldr	r0, [sp, #120]	; 0x78
10003122:	991f      	ldr	r1, [sp, #124]	; 0x7c
10003124:	f7fe ffcc 	bl	100020c0 <__wrap___aeabi_dcmpgt>
10003128:	2800      	cmp	r0, #0
1000312a:	d13d      	bne.n	100031a8 <_ftoa+0xc8>
1000312c:	2200      	movs	r2, #0
1000312e:	4bb9      	ldr	r3, [pc, #740]	; (10003414 <_ftoa+0x334>)
10003130:	981e      	ldr	r0, [sp, #120]	; 0x78
10003132:	991f      	ldr	r1, [sp, #124]	; 0x7c
10003134:	f7fe ffc4 	bl	100020c0 <__wrap___aeabi_dcmpgt>
10003138:	2800      	cmp	r0, #0
1000313a:	d150      	bne.n	100031de <_ftoa+0xfe>
1000313c:	2200      	movs	r2, #0
1000313e:	4bb6      	ldr	r3, [pc, #728]	; (10003418 <_ftoa+0x338>)
10003140:	981e      	ldr	r0, [sp, #120]	; 0x78
10003142:	991f      	ldr	r1, [sp, #124]	; 0x7c
10003144:	f7fe ffa6 	bl	10002094 <__wrap___aeabi_dcmplt>
10003148:	2800      	cmp	r0, #0
1000314a:	d148      	bne.n	100031de <_ftoa+0xfe>
1000314c:	2200      	movs	r2, #0
1000314e:	2300      	movs	r3, #0
10003150:	981e      	ldr	r0, [sp, #120]	; 0x78
10003152:	991f      	ldr	r1, [sp, #124]	; 0x7c
10003154:	f7fe ff9e 	bl	10002094 <__wrap___aeabi_dcmplt>
10003158:	2800      	cmp	r0, #0
1000315a:	d150      	bne.n	100031fe <_ftoa+0x11e>
1000315c:	2300      	movs	r3, #0
1000315e:	4698      	mov	r8, r3
10003160:	9b22      	ldr	r3, [sp, #136]	; 0x88
10003162:	055b      	lsls	r3, r3, #21
10003164:	d400      	bmi.n	10003168 <_ftoa+0x88>
10003166:	e0b6      	b.n	100032d6 <_ftoa+0x1f6>
10003168:	2400      	movs	r4, #0
1000316a:	e058      	b.n	1000321e <_ftoa+0x13e>
1000316c:	9b22      	ldr	r3, [sp, #136]	; 0x88
1000316e:	9303      	str	r3, [sp, #12]
10003170:	9b21      	ldr	r3, [sp, #132]	; 0x84
10003172:	9302      	str	r3, [sp, #8]
10003174:	2303      	movs	r3, #3
10003176:	9301      	str	r3, [sp, #4]
10003178:	4ba8      	ldr	r3, [pc, #672]	; (1000341c <_ftoa+0x33c>)
1000317a:	9300      	str	r3, [sp, #0]
1000317c:	464b      	mov	r3, r9
1000317e:	465a      	mov	r2, fp
10003180:	9907      	ldr	r1, [sp, #28]
10003182:	9806      	ldr	r0, [sp, #24]
10003184:	f7ff fbf2 	bl	1000296c <_out_rev>
10003188:	e10e      	b.n	100033a8 <_ftoa+0x2c8>
1000318a:	9b22      	ldr	r3, [sp, #136]	; 0x88
1000318c:	9303      	str	r3, [sp, #12]
1000318e:	9b21      	ldr	r3, [sp, #132]	; 0x84
10003190:	9302      	str	r3, [sp, #8]
10003192:	2304      	movs	r3, #4
10003194:	9301      	str	r3, [sp, #4]
10003196:	4ba2      	ldr	r3, [pc, #648]	; (10003420 <_ftoa+0x340>)
10003198:	9300      	str	r3, [sp, #0]
1000319a:	464b      	mov	r3, r9
1000319c:	465a      	mov	r2, fp
1000319e:	9907      	ldr	r1, [sp, #28]
100031a0:	9806      	ldr	r0, [sp, #24]
100031a2:	f7ff fbe3 	bl	1000296c <_out_rev>
100031a6:	e0ff      	b.n	100033a8 <_ftoa+0x2c8>
100031a8:	2304      	movs	r3, #4
100031aa:	9a22      	ldr	r2, [sp, #136]	; 0x88
100031ac:	401a      	ands	r2, r3
100031ae:	9922      	ldr	r1, [sp, #136]	; 0x88
100031b0:	420b      	tst	r3, r1
100031b2:	d010      	beq.n	100031d6 <_ftoa+0xf6>
100031b4:	4b9b      	ldr	r3, [pc, #620]	; (10003424 <_ftoa+0x344>)
100031b6:	2a00      	cmp	r2, #0
100031b8:	d00f      	beq.n	100031da <_ftoa+0xfa>
100031ba:	2204      	movs	r2, #4
100031bc:	9922      	ldr	r1, [sp, #136]	; 0x88
100031be:	9103      	str	r1, [sp, #12]
100031c0:	9921      	ldr	r1, [sp, #132]	; 0x84
100031c2:	9102      	str	r1, [sp, #8]
100031c4:	9201      	str	r2, [sp, #4]
100031c6:	9300      	str	r3, [sp, #0]
100031c8:	464b      	mov	r3, r9
100031ca:	465a      	mov	r2, fp
100031cc:	9907      	ldr	r1, [sp, #28]
100031ce:	9806      	ldr	r0, [sp, #24]
100031d0:	f7ff fbcc 	bl	1000296c <_out_rev>
100031d4:	e0e8      	b.n	100033a8 <_ftoa+0x2c8>
100031d6:	4b94      	ldr	r3, [pc, #592]	; (10003428 <_ftoa+0x348>)
100031d8:	e7ed      	b.n	100031b6 <_ftoa+0xd6>
100031da:	2203      	movs	r2, #3
100031dc:	e7ee      	b.n	100031bc <_ftoa+0xdc>
100031de:	9b22      	ldr	r3, [sp, #136]	; 0x88
100031e0:	9304      	str	r3, [sp, #16]
100031e2:	9b21      	ldr	r3, [sp, #132]	; 0x84
100031e4:	9303      	str	r3, [sp, #12]
100031e6:	9702      	str	r7, [sp, #8]
100031e8:	9b1e      	ldr	r3, [sp, #120]	; 0x78
100031ea:	9c1f      	ldr	r4, [sp, #124]	; 0x7c
100031ec:	9300      	str	r3, [sp, #0]
100031ee:	9401      	str	r4, [sp, #4]
100031f0:	464b      	mov	r3, r9
100031f2:	465a      	mov	r2, fp
100031f4:	9907      	ldr	r1, [sp, #28]
100031f6:	9806      	ldr	r0, [sp, #24]
100031f8:	f7ff fd68 	bl	10002ccc <_etoa>
100031fc:	e0d4      	b.n	100033a8 <_ftoa+0x2c8>
100031fe:	9a1e      	ldr	r2, [sp, #120]	; 0x78
10003200:	9b1f      	ldr	r3, [sp, #124]	; 0x7c
10003202:	2000      	movs	r0, #0
10003204:	2100      	movs	r1, #0
10003206:	f7fe fed2 	bl	10001fae <__wrap___aeabi_dsub>
1000320a:	901e      	str	r0, [sp, #120]	; 0x78
1000320c:	911f      	str	r1, [sp, #124]	; 0x7c
1000320e:	2301      	movs	r3, #1
10003210:	4698      	mov	r8, r3
10003212:	e7a5      	b.n	10003160 <_ftoa+0x80>
10003214:	ab0c      	add	r3, sp, #48	; 0x30
10003216:	2230      	movs	r2, #48	; 0x30
10003218:	551a      	strb	r2, [r3, r4]
1000321a:	3f01      	subs	r7, #1
1000321c:	3401      	adds	r4, #1
1000321e:	2c1f      	cmp	r4, #31
10003220:	d801      	bhi.n	10003226 <_ftoa+0x146>
10003222:	2f09      	cmp	r7, #9
10003224:	d8f6      	bhi.n	10003214 <_ftoa+0x134>
10003226:	981e      	ldr	r0, [sp, #120]	; 0x78
10003228:	991f      	ldr	r1, [sp, #124]	; 0x7c
1000322a:	f7fe ff77 	bl	1000211c <__wrap___aeabi_d2iz>
1000322e:	0005      	movs	r5, r0
10003230:	f7fe ff5c 	bl	100020ec <__wrap___aeabi_i2d>
10003234:	0002      	movs	r2, r0
10003236:	000b      	movs	r3, r1
10003238:	981e      	ldr	r0, [sp, #120]	; 0x78
1000323a:	991f      	ldr	r1, [sp, #124]	; 0x7c
1000323c:	f7fe feb7 	bl	10001fae <__wrap___aeabi_dsub>
10003240:	00fa      	lsls	r2, r7, #3
10003242:	4b7a      	ldr	r3, [pc, #488]	; (1000342c <_ftoa+0x34c>)
10003244:	189b      	adds	r3, r3, r2
10003246:	681a      	ldr	r2, [r3, #0]
10003248:	685b      	ldr	r3, [r3, #4]
1000324a:	920a      	str	r2, [sp, #40]	; 0x28
1000324c:	930b      	str	r3, [sp, #44]	; 0x2c
1000324e:	f7fe fede 	bl	1000200e <__wrap___aeabi_dmul>
10003252:	9008      	str	r0, [sp, #32]
10003254:	9109      	str	r1, [sp, #36]	; 0x24
10003256:	f7fe ff85 	bl	10002164 <__wrap___aeabi_d2uiz>
1000325a:	0006      	movs	r6, r0
1000325c:	f7fe ff42 	bl	100020e4 <__wrap___aeabi_ui2d>
10003260:	0002      	movs	r2, r0
10003262:	000b      	movs	r3, r1
10003264:	9808      	ldr	r0, [sp, #32]
10003266:	9909      	ldr	r1, [sp, #36]	; 0x24
10003268:	f7fe fea1 	bl	10001fae <__wrap___aeabi_dsub>
1000326c:	9008      	str	r0, [sp, #32]
1000326e:	9109      	str	r1, [sp, #36]	; 0x24
10003270:	2200      	movs	r2, #0
10003272:	4b6f      	ldr	r3, [pc, #444]	; (10003430 <_ftoa+0x350>)
10003274:	f7fe ff24 	bl	100020c0 <__wrap___aeabi_dcmpgt>
10003278:	2800      	cmp	r0, #0
1000327a:	d02e      	beq.n	100032da <_ftoa+0x1fa>
1000327c:	3601      	adds	r6, #1
1000327e:	0030      	movs	r0, r6
10003280:	f7fe ff30 	bl	100020e4 <__wrap___aeabi_ui2d>
10003284:	0002      	movs	r2, r0
10003286:	000b      	movs	r3, r1
10003288:	980a      	ldr	r0, [sp, #40]	; 0x28
1000328a:	990b      	ldr	r1, [sp, #44]	; 0x2c
1000328c:	f7fe ff08 	bl	100020a0 <__wrap___aeabi_dcmple>
10003290:	2800      	cmp	r0, #0
10003292:	d001      	beq.n	10003298 <_ftoa+0x1b8>
10003294:	3501      	adds	r5, #1
10003296:	2600      	movs	r6, #0
10003298:	2f00      	cmp	r7, #0
1000329a:	d12c      	bne.n	100032f6 <_ftoa+0x216>
1000329c:	0028      	movs	r0, r5
1000329e:	f7fe ff25 	bl	100020ec <__wrap___aeabi_i2d>
100032a2:	0002      	movs	r2, r0
100032a4:	000b      	movs	r3, r1
100032a6:	981e      	ldr	r0, [sp, #120]	; 0x78
100032a8:	991f      	ldr	r1, [sp, #124]	; 0x7c
100032aa:	f7fe fe80 	bl	10001fae <__wrap___aeabi_dsub>
100032ae:	0006      	movs	r6, r0
100032b0:	000f      	movs	r7, r1
100032b2:	2200      	movs	r2, #0
100032b4:	4b5e      	ldr	r3, [pc, #376]	; (10003430 <_ftoa+0x350>)
100032b6:	f7fe feed 	bl	10002094 <__wrap___aeabi_dcmplt>
100032ba:	2800      	cmp	r0, #0
100032bc:	d146      	bne.n	1000334c <_ftoa+0x26c>
100032be:	2200      	movs	r2, #0
100032c0:	4b5b      	ldr	r3, [pc, #364]	; (10003430 <_ftoa+0x350>)
100032c2:	0030      	movs	r0, r6
100032c4:	0039      	movs	r1, r7
100032c6:	f7fe fefb 	bl	100020c0 <__wrap___aeabi_dcmpgt>
100032ca:	2800      	cmp	r0, #0
100032cc:	d13e      	bne.n	1000334c <_ftoa+0x26c>
100032ce:	07eb      	lsls	r3, r5, #31
100032d0:	d53c      	bpl.n	1000334c <_ftoa+0x26c>
100032d2:	3501      	adds	r5, #1
100032d4:	e03a      	b.n	1000334c <_ftoa+0x26c>
100032d6:	2706      	movs	r7, #6
100032d8:	e746      	b.n	10003168 <_ftoa+0x88>
100032da:	2200      	movs	r2, #0
100032dc:	4b54      	ldr	r3, [pc, #336]	; (10003430 <_ftoa+0x350>)
100032de:	9808      	ldr	r0, [sp, #32]
100032e0:	9909      	ldr	r1, [sp, #36]	; 0x24
100032e2:	f7fe fed7 	bl	10002094 <__wrap___aeabi_dcmplt>
100032e6:	2800      	cmp	r0, #0
100032e8:	d1d6      	bne.n	10003298 <_ftoa+0x1b8>
100032ea:	2e00      	cmp	r6, #0
100032ec:	d001      	beq.n	100032f2 <_ftoa+0x212>
100032ee:	07f3      	lsls	r3, r6, #31
100032f0:	d5d2      	bpl.n	10003298 <_ftoa+0x1b8>
100032f2:	3601      	adds	r6, #1
100032f4:	e7d0      	b.n	10003298 <_ftoa+0x1b8>
100032f6:	46aa      	mov	sl, r5
100032f8:	2c1f      	cmp	r4, #31
100032fa:	d811      	bhi.n	10003320 <_ftoa+0x240>
100032fc:	3f01      	subs	r7, #1
100032fe:	210a      	movs	r1, #10
10003300:	0030      	movs	r0, r6
10003302:	f7fe fc19 	bl	10001b38 <__wrap___aeabi_uidiv>
10003306:	1c65      	adds	r5, r4, #1
10003308:	3130      	adds	r1, #48	; 0x30
1000330a:	ab0c      	add	r3, sp, #48	; 0x30
1000330c:	5519      	strb	r1, [r3, r4]
1000330e:	210a      	movs	r1, #10
10003310:	0030      	movs	r0, r6
10003312:	f7fe fc11 	bl	10001b38 <__wrap___aeabi_uidiv>
10003316:	2e09      	cmp	r6, #9
10003318:	d90e      	bls.n	10003338 <_ftoa+0x258>
1000331a:	0006      	movs	r6, r0
1000331c:	002c      	movs	r4, r5
1000331e:	e7eb      	b.n	100032f8 <_ftoa+0x218>
10003320:	4655      	mov	r5, sl
10003322:	2c1f      	cmp	r4, #31
10003324:	d80c      	bhi.n	10003340 <_ftoa+0x260>
10003326:	1e7b      	subs	r3, r7, #1
10003328:	2f00      	cmp	r7, #0
1000332a:	d009      	beq.n	10003340 <_ftoa+0x260>
1000332c:	aa0c      	add	r2, sp, #48	; 0x30
1000332e:	2130      	movs	r1, #48	; 0x30
10003330:	5511      	strb	r1, [r2, r4]
10003332:	001f      	movs	r7, r3
10003334:	3401      	adds	r4, #1
10003336:	e7f4      	b.n	10003322 <_ftoa+0x242>
10003338:	002b      	movs	r3, r5
1000333a:	4655      	mov	r5, sl
1000333c:	001c      	movs	r4, r3
1000333e:	e7f0      	b.n	10003322 <_ftoa+0x242>
10003340:	2c1f      	cmp	r4, #31
10003342:	d803      	bhi.n	1000334c <_ftoa+0x26c>
10003344:	ab0c      	add	r3, sp, #48	; 0x30
10003346:	222e      	movs	r2, #46	; 0x2e
10003348:	551a      	strb	r2, [r3, r4]
1000334a:	3401      	adds	r4, #1
1000334c:	2c1f      	cmp	r4, #31
1000334e:	d810      	bhi.n	10003372 <_ftoa+0x292>
10003350:	210a      	movs	r1, #10
10003352:	0028      	movs	r0, r5
10003354:	f7fe fbc8 	bl	10001ae8 <__wrap___aeabi_idiv>
10003358:	1c66      	adds	r6, r4, #1
1000335a:	3130      	adds	r1, #48	; 0x30
1000335c:	ab0c      	add	r3, sp, #48	; 0x30
1000335e:	5519      	strb	r1, [r3, r4]
10003360:	210a      	movs	r1, #10
10003362:	0028      	movs	r0, r5
10003364:	f7fe fbc0 	bl	10001ae8 <__wrap___aeabi_idiv>
10003368:	1e05      	subs	r5, r0, #0
1000336a:	d001      	beq.n	10003370 <_ftoa+0x290>
1000336c:	0034      	movs	r4, r6
1000336e:	e7ed      	b.n	1000334c <_ftoa+0x26c>
10003370:	0034      	movs	r4, r6
10003372:	2303      	movs	r3, #3
10003374:	9a22      	ldr	r2, [sp, #136]	; 0x88
10003376:	4013      	ands	r3, r2
10003378:	2b01      	cmp	r3, #1
1000337a:	d01c      	beq.n	100033b6 <_ftoa+0x2d6>
1000337c:	2c1f      	cmp	r4, #31
1000337e:	d806      	bhi.n	1000338e <_ftoa+0x2ae>
10003380:	4643      	mov	r3, r8
10003382:	2b00      	cmp	r3, #0
10003384:	d032      	beq.n	100033ec <_ftoa+0x30c>
10003386:	ab0c      	add	r3, sp, #48	; 0x30
10003388:	222d      	movs	r2, #45	; 0x2d
1000338a:	551a      	strb	r2, [r3, r4]
1000338c:	3401      	adds	r4, #1
1000338e:	9b22      	ldr	r3, [sp, #136]	; 0x88
10003390:	9303      	str	r3, [sp, #12]
10003392:	9b21      	ldr	r3, [sp, #132]	; 0x84
10003394:	9302      	str	r3, [sp, #8]
10003396:	9401      	str	r4, [sp, #4]
10003398:	ab0c      	add	r3, sp, #48	; 0x30
1000339a:	9300      	str	r3, [sp, #0]
1000339c:	464b      	mov	r3, r9
1000339e:	465a      	mov	r2, fp
100033a0:	9907      	ldr	r1, [sp, #28]
100033a2:	9806      	ldr	r0, [sp, #24]
100033a4:	f7ff fae2 	bl	1000296c <_out_rev>
100033a8:	b015      	add	sp, #84	; 0x54
100033aa:	bcf0      	pop	{r4, r5, r6, r7}
100033ac:	46bb      	mov	fp, r7
100033ae:	46b2      	mov	sl, r6
100033b0:	46a9      	mov	r9, r5
100033b2:	46a0      	mov	r8, r4
100033b4:	bdf0      	pop	{r4, r5, r6, r7, pc}
100033b6:	9b21      	ldr	r3, [sp, #132]	; 0x84
100033b8:	2b00      	cmp	r3, #0
100033ba:	d013      	beq.n	100033e4 <_ftoa+0x304>
100033bc:	4643      	mov	r3, r8
100033be:	2b00      	cmp	r3, #0
100033c0:	d102      	bne.n	100033c8 <_ftoa+0x2e8>
100033c2:	330c      	adds	r3, #12
100033c4:	4213      	tst	r3, r2
100033c6:	d00f      	beq.n	100033e8 <_ftoa+0x308>
100033c8:	9b21      	ldr	r3, [sp, #132]	; 0x84
100033ca:	3b01      	subs	r3, #1
100033cc:	9321      	str	r3, [sp, #132]	; 0x84
100033ce:	0019      	movs	r1, r3
100033d0:	e003      	b.n	100033da <_ftoa+0x2fa>
100033d2:	ab0c      	add	r3, sp, #48	; 0x30
100033d4:	2230      	movs	r2, #48	; 0x30
100033d6:	551a      	strb	r2, [r3, r4]
100033d8:	3401      	adds	r4, #1
100033da:	428c      	cmp	r4, r1
100033dc:	d2ce      	bcs.n	1000337c <_ftoa+0x29c>
100033de:	2c1f      	cmp	r4, #31
100033e0:	d9f7      	bls.n	100033d2 <_ftoa+0x2f2>
100033e2:	e7cb      	b.n	1000337c <_ftoa+0x29c>
100033e4:	9921      	ldr	r1, [sp, #132]	; 0x84
100033e6:	e7f8      	b.n	100033da <_ftoa+0x2fa>
100033e8:	9921      	ldr	r1, [sp, #132]	; 0x84
100033ea:	e7f6      	b.n	100033da <_ftoa+0x2fa>
100033ec:	9b22      	ldr	r3, [sp, #136]	; 0x88
100033ee:	075b      	lsls	r3, r3, #29
100033f0:	d504      	bpl.n	100033fc <_ftoa+0x31c>
100033f2:	ab0c      	add	r3, sp, #48	; 0x30
100033f4:	222b      	movs	r2, #43	; 0x2b
100033f6:	551a      	strb	r2, [r3, r4]
100033f8:	3401      	adds	r4, #1
100033fa:	e7c8      	b.n	1000338e <_ftoa+0x2ae>
100033fc:	9b22      	ldr	r3, [sp, #136]	; 0x88
100033fe:	071b      	lsls	r3, r3, #28
10003400:	d5c5      	bpl.n	1000338e <_ftoa+0x2ae>
10003402:	ab0c      	add	r3, sp, #48	; 0x30
10003404:	2220      	movs	r2, #32
10003406:	551a      	strb	r2, [r3, r4]
10003408:	3401      	adds	r4, #1
1000340a:	e7c0      	b.n	1000338e <_ftoa+0x2ae>
1000340c:	ffefffff 	.word	0xffefffff
10003410:	7fefffff 	.word	0x7fefffff
10003414:	41cdcd65 	.word	0x41cdcd65
10003418:	c1cdcd65 	.word	0xc1cdcd65
1000341c:	10007554 	.word	0x10007554
10003420:	10007558 	.word	0x10007558
10003424:	1000754c 	.word	0x1000754c
10003428:	10007548 	.word	0x10007548
1000342c:	10007740 	.word	0x10007740
10003430:	3fe00000 	.word	0x3fe00000

10003434 <_vsnprintf>:
10003434:	b5f0      	push	{r4, r5, r6, r7, lr}
10003436:	46de      	mov	lr, fp
10003438:	4657      	mov	r7, sl
1000343a:	464e      	mov	r6, r9
1000343c:	4645      	mov	r5, r8
1000343e:	b5e0      	push	{r5, r6, r7, lr}
10003440:	b093      	sub	sp, #76	; 0x4c
10003442:	4682      	mov	sl, r0
10003444:	468b      	mov	fp, r1
10003446:	4690      	mov	r8, r2
10003448:	9311      	str	r3, [sp, #68]	; 0x44
1000344a:	2900      	cmp	r1, #0
1000344c:	d100      	bne.n	10003450 <_vsnprintf+0x1c>
1000344e:	e2eb      	b.n	10003a28 <_vsnprintf+0x5f4>
10003450:	2700      	movs	r7, #0
10003452:	4655      	mov	r5, sl
10003454:	9b11      	ldr	r3, [sp, #68]	; 0x44
10003456:	7818      	ldrb	r0, [r3, #0]
10003458:	2800      	cmp	r0, #0
1000345a:	d100      	bne.n	1000345e <_vsnprintf+0x2a>
1000345c:	e2e7      	b.n	10003a2e <_vsnprintf+0x5fa>
1000345e:	2825      	cmp	r0, #37	; 0x25
10003460:	d009      	beq.n	10003476 <_vsnprintf+0x42>
10003462:	1c7c      	adds	r4, r7, #1
10003464:	4643      	mov	r3, r8
10003466:	003a      	movs	r2, r7
10003468:	4659      	mov	r1, fp
1000346a:	47a8      	blx	r5
1000346c:	9b11      	ldr	r3, [sp, #68]	; 0x44
1000346e:	3301      	adds	r3, #1
10003470:	9311      	str	r3, [sp, #68]	; 0x44
10003472:	0027      	movs	r7, r4
10003474:	e7ee      	b.n	10003454 <_vsnprintf+0x20>
10003476:	3301      	adds	r3, #1
10003478:	9311      	str	r3, [sp, #68]	; 0x44
1000347a:	2400      	movs	r4, #0
1000347c:	9a11      	ldr	r2, [sp, #68]	; 0x44
1000347e:	7811      	ldrb	r1, [r2, #0]
10003480:	000b      	movs	r3, r1
10003482:	3b20      	subs	r3, #32
10003484:	b2d8      	uxtb	r0, r3
10003486:	2810      	cmp	r0, #16
10003488:	d803      	bhi.n	10003492 <_vsnprintf+0x5e>
1000348a:	0083      	lsls	r3, r0, #2
1000348c:	48d0      	ldr	r0, [pc, #832]	; (100037d0 <_vsnprintf+0x39c>)
1000348e:	58c3      	ldr	r3, [r0, r3]
10003490:	469f      	mov	pc, r3
10003492:	000b      	movs	r3, r1
10003494:	3b30      	subs	r3, #48	; 0x30
10003496:	b2db      	uxtb	r3, r3
10003498:	2b09      	cmp	r3, #9
1000349a:	d92c      	bls.n	100034f6 <_vsnprintf+0xc2>
1000349c:	292a      	cmp	r1, #42	; 0x2a
1000349e:	d02f      	beq.n	10003500 <_vsnprintf+0xcc>
100034a0:	2300      	movs	r3, #0
100034a2:	930a      	str	r3, [sp, #40]	; 0x28
100034a4:	9b11      	ldr	r3, [sp, #68]	; 0x44
100034a6:	781a      	ldrb	r2, [r3, #0]
100034a8:	2a2e      	cmp	r2, #46	; 0x2e
100034aa:	d039      	beq.n	10003520 <_vsnprintf+0xec>
100034ac:	2300      	movs	r3, #0
100034ae:	469a      	mov	sl, r3
100034b0:	9a11      	ldr	r2, [sp, #68]	; 0x44
100034b2:	7813      	ldrb	r3, [r2, #0]
100034b4:	3b68      	subs	r3, #104	; 0x68
100034b6:	b2d9      	uxtb	r1, r3
100034b8:	2912      	cmp	r1, #18
100034ba:	d876      	bhi.n	100035aa <_vsnprintf+0x176>
100034bc:	008b      	lsls	r3, r1, #2
100034be:	49c5      	ldr	r1, [pc, #788]	; (100037d4 <_vsnprintf+0x3a0>)
100034c0:	58cb      	ldr	r3, [r1, r3]
100034c2:	469f      	mov	pc, r3
100034c4:	2301      	movs	r3, #1
100034c6:	431c      	orrs	r4, r3
100034c8:	3201      	adds	r2, #1
100034ca:	9211      	str	r2, [sp, #68]	; 0x44
100034cc:	e7d6      	b.n	1000347c <_vsnprintf+0x48>
100034ce:	2302      	movs	r3, #2
100034d0:	431c      	orrs	r4, r3
100034d2:	3201      	adds	r2, #1
100034d4:	9211      	str	r2, [sp, #68]	; 0x44
100034d6:	e7d1      	b.n	1000347c <_vsnprintf+0x48>
100034d8:	2304      	movs	r3, #4
100034da:	431c      	orrs	r4, r3
100034dc:	3201      	adds	r2, #1
100034de:	9211      	str	r2, [sp, #68]	; 0x44
100034e0:	e7cc      	b.n	1000347c <_vsnprintf+0x48>
100034e2:	2308      	movs	r3, #8
100034e4:	431c      	orrs	r4, r3
100034e6:	3201      	adds	r2, #1
100034e8:	9211      	str	r2, [sp, #68]	; 0x44
100034ea:	e7c7      	b.n	1000347c <_vsnprintf+0x48>
100034ec:	2310      	movs	r3, #16
100034ee:	431c      	orrs	r4, r3
100034f0:	3201      	adds	r2, #1
100034f2:	9211      	str	r2, [sp, #68]	; 0x44
100034f4:	e7c2      	b.n	1000347c <_vsnprintf+0x48>
100034f6:	a811      	add	r0, sp, #68	; 0x44
100034f8:	f7ff fa26 	bl	10002948 <_atoi>
100034fc:	900a      	str	r0, [sp, #40]	; 0x28
100034fe:	e7d1      	b.n	100034a4 <_vsnprintf+0x70>
10003500:	9b1c      	ldr	r3, [sp, #112]	; 0x70
10003502:	1d1a      	adds	r2, r3, #4
10003504:	921c      	str	r2, [sp, #112]	; 0x70
10003506:	6818      	ldr	r0, [r3, #0]
10003508:	2800      	cmp	r0, #0
1000350a:	db04      	blt.n	10003516 <_vsnprintf+0xe2>
1000350c:	900a      	str	r0, [sp, #40]	; 0x28
1000350e:	9b11      	ldr	r3, [sp, #68]	; 0x44
10003510:	3301      	adds	r3, #1
10003512:	9311      	str	r3, [sp, #68]	; 0x44
10003514:	e7c6      	b.n	100034a4 <_vsnprintf+0x70>
10003516:	2302      	movs	r3, #2
10003518:	431c      	orrs	r4, r3
1000351a:	4243      	negs	r3, r0
1000351c:	930a      	str	r3, [sp, #40]	; 0x28
1000351e:	e7f6      	b.n	1000350e <_vsnprintf+0xda>
10003520:	2280      	movs	r2, #128	; 0x80
10003522:	00d2      	lsls	r2, r2, #3
10003524:	4314      	orrs	r4, r2
10003526:	1c5a      	adds	r2, r3, #1
10003528:	9211      	str	r2, [sp, #68]	; 0x44
1000352a:	785a      	ldrb	r2, [r3, #1]
1000352c:	0013      	movs	r3, r2
1000352e:	3b30      	subs	r3, #48	; 0x30
10003530:	b2db      	uxtb	r3, r3
10003532:	2b09      	cmp	r3, #9
10003534:	d904      	bls.n	10003540 <_vsnprintf+0x10c>
10003536:	2a2a      	cmp	r2, #42	; 0x2a
10003538:	d007      	beq.n	1000354a <_vsnprintf+0x116>
1000353a:	2300      	movs	r3, #0
1000353c:	469a      	mov	sl, r3
1000353e:	e7b7      	b.n	100034b0 <_vsnprintf+0x7c>
10003540:	a811      	add	r0, sp, #68	; 0x44
10003542:	f7ff fa01 	bl	10002948 <_atoi>
10003546:	4682      	mov	sl, r0
10003548:	e7b2      	b.n	100034b0 <_vsnprintf+0x7c>
1000354a:	9b1c      	ldr	r3, [sp, #112]	; 0x70
1000354c:	1d1a      	adds	r2, r3, #4
1000354e:	921c      	str	r2, [sp, #112]	; 0x70
10003550:	6818      	ldr	r0, [r3, #0]
10003552:	2800      	cmp	r0, #0
10003554:	db04      	blt.n	10003560 <_vsnprintf+0x12c>
10003556:	4682      	mov	sl, r0
10003558:	9b11      	ldr	r3, [sp, #68]	; 0x44
1000355a:	3301      	adds	r3, #1
1000355c:	9311      	str	r3, [sp, #68]	; 0x44
1000355e:	e7a7      	b.n	100034b0 <_vsnprintf+0x7c>
10003560:	2000      	movs	r0, #0
10003562:	e7f8      	b.n	10003556 <_vsnprintf+0x122>
10003564:	2380      	movs	r3, #128	; 0x80
10003566:	005b      	lsls	r3, r3, #1
10003568:	4323      	orrs	r3, r4
1000356a:	1c51      	adds	r1, r2, #1
1000356c:	9111      	str	r1, [sp, #68]	; 0x44
1000356e:	7852      	ldrb	r2, [r2, #1]
10003570:	2a6c      	cmp	r2, #108	; 0x6c
10003572:	d001      	beq.n	10003578 <_vsnprintf+0x144>
10003574:	001c      	movs	r4, r3
10003576:	e018      	b.n	100035aa <_vsnprintf+0x176>
10003578:	23c0      	movs	r3, #192	; 0xc0
1000357a:	009b      	lsls	r3, r3, #2
1000357c:	431c      	orrs	r4, r3
1000357e:	3101      	adds	r1, #1
10003580:	9111      	str	r1, [sp, #68]	; 0x44
10003582:	e012      	b.n	100035aa <_vsnprintf+0x176>
10003584:	2380      	movs	r3, #128	; 0x80
10003586:	4323      	orrs	r3, r4
10003588:	1c51      	adds	r1, r2, #1
1000358a:	9111      	str	r1, [sp, #68]	; 0x44
1000358c:	7852      	ldrb	r2, [r2, #1]
1000358e:	2a68      	cmp	r2, #104	; 0x68
10003590:	d001      	beq.n	10003596 <_vsnprintf+0x162>
10003592:	001c      	movs	r4, r3
10003594:	e009      	b.n	100035aa <_vsnprintf+0x176>
10003596:	23c0      	movs	r3, #192	; 0xc0
10003598:	431c      	orrs	r4, r3
1000359a:	3101      	adds	r1, #1
1000359c:	9111      	str	r1, [sp, #68]	; 0x44
1000359e:	e004      	b.n	100035aa <_vsnprintf+0x176>
100035a0:	2380      	movs	r3, #128	; 0x80
100035a2:	005b      	lsls	r3, r3, #1
100035a4:	431c      	orrs	r4, r3
100035a6:	3201      	adds	r2, #1
100035a8:	9211      	str	r2, [sp, #68]	; 0x44
100035aa:	9b11      	ldr	r3, [sp, #68]	; 0x44
100035ac:	7818      	ldrb	r0, [r3, #0]
100035ae:	0003      	movs	r3, r0
100035b0:	3b25      	subs	r3, #37	; 0x25
100035b2:	b2da      	uxtb	r2, r3
100035b4:	2a53      	cmp	r2, #83	; 0x53
100035b6:	d900      	bls.n	100035ba <_vsnprintf+0x186>
100035b8:	e22c      	b.n	10003a14 <_vsnprintf+0x5e0>
100035ba:	0093      	lsls	r3, r2, #2
100035bc:	4a86      	ldr	r2, [pc, #536]	; (100037d8 <_vsnprintf+0x3a4>)
100035be:	58d3      	ldr	r3, [r2, r3]
100035c0:	469f      	mov	pc, r3
100035c2:	2380      	movs	r3, #128	; 0x80
100035c4:	009b      	lsls	r3, r3, #2
100035c6:	431c      	orrs	r4, r3
100035c8:	3201      	adds	r2, #1
100035ca:	9211      	str	r2, [sp, #68]	; 0x44
100035cc:	e7ed      	b.n	100035aa <_vsnprintf+0x176>
100035ce:	2380      	movs	r3, #128	; 0x80
100035d0:	005b      	lsls	r3, r3, #1
100035d2:	431c      	orrs	r4, r3
100035d4:	3201      	adds	r2, #1
100035d6:	9211      	str	r2, [sp, #68]	; 0x44
100035d8:	e7e7      	b.n	100035aa <_vsnprintf+0x176>
100035da:	2878      	cmp	r0, #120	; 0x78
100035dc:	d009      	beq.n	100035f2 <_vsnprintf+0x1be>
100035de:	2858      	cmp	r0, #88	; 0x58
100035e0:	d038      	beq.n	10003654 <_vsnprintf+0x220>
100035e2:	286f      	cmp	r0, #111	; 0x6f
100035e4:	d038      	beq.n	10003658 <_vsnprintf+0x224>
100035e6:	2862      	cmp	r0, #98	; 0x62
100035e8:	d038      	beq.n	1000365c <_vsnprintf+0x228>
100035ea:	2310      	movs	r3, #16
100035ec:	439c      	bics	r4, r3
100035ee:	260a      	movs	r6, #10
100035f0:	e000      	b.n	100035f4 <_vsnprintf+0x1c0>
100035f2:	2610      	movs	r6, #16
100035f4:	2858      	cmp	r0, #88	; 0x58
100035f6:	d033      	beq.n	10003660 <_vsnprintf+0x22c>
100035f8:	2869      	cmp	r0, #105	; 0x69
100035fa:	d003      	beq.n	10003604 <_vsnprintf+0x1d0>
100035fc:	2864      	cmp	r0, #100	; 0x64
100035fe:	d001      	beq.n	10003604 <_vsnprintf+0x1d0>
10003600:	220c      	movs	r2, #12
10003602:	4394      	bics	r4, r2
10003604:	0563      	lsls	r3, r4, #21
10003606:	d501      	bpl.n	1000360c <_vsnprintf+0x1d8>
10003608:	2201      	movs	r2, #1
1000360a:	4394      	bics	r4, r2
1000360c:	2869      	cmp	r0, #105	; 0x69
1000360e:	d02a      	beq.n	10003666 <_vsnprintf+0x232>
10003610:	2864      	cmp	r0, #100	; 0x64
10003612:	d028      	beq.n	10003666 <_vsnprintf+0x232>
10003614:	05a3      	lsls	r3, r4, #22
10003616:	d500      	bpl.n	1000361a <_vsnprintf+0x1e6>
10003618:	e09f      	b.n	1000375a <_vsnprintf+0x326>
1000361a:	05e3      	lsls	r3, r4, #23
1000361c:	d500      	bpl.n	10003620 <_vsnprintf+0x1ec>
1000361e:	e0b8      	b.n	10003792 <_vsnprintf+0x35e>
10003620:	0663      	lsls	r3, r4, #25
10003622:	d400      	bmi.n	10003626 <_vsnprintf+0x1f2>
10003624:	e0ca      	b.n	100037bc <_vsnprintf+0x388>
10003626:	9a1c      	ldr	r2, [sp, #112]	; 0x70
10003628:	1d11      	adds	r1, r2, #4
1000362a:	911c      	str	r1, [sp, #112]	; 0x70
1000362c:	6811      	ldr	r1, [r2, #0]
1000362e:	22ff      	movs	r2, #255	; 0xff
10003630:	400a      	ands	r2, r1
10003632:	9405      	str	r4, [sp, #20]
10003634:	9b0a      	ldr	r3, [sp, #40]	; 0x28
10003636:	9304      	str	r3, [sp, #16]
10003638:	4653      	mov	r3, sl
1000363a:	9303      	str	r3, [sp, #12]
1000363c:	9602      	str	r6, [sp, #8]
1000363e:	2300      	movs	r3, #0
10003640:	9301      	str	r3, [sp, #4]
10003642:	9200      	str	r2, [sp, #0]
10003644:	4643      	mov	r3, r8
10003646:	003a      	movs	r2, r7
10003648:	4659      	mov	r1, fp
1000364a:	0028      	movs	r0, r5
1000364c:	f7ff fa6e 	bl	10002b2c <_ntoa_long>
10003650:	0007      	movs	r7, r0
10003652:	e027      	b.n	100036a4 <_vsnprintf+0x270>
10003654:	2610      	movs	r6, #16
10003656:	e7cd      	b.n	100035f4 <_vsnprintf+0x1c0>
10003658:	2608      	movs	r6, #8
1000365a:	e7cb      	b.n	100035f4 <_vsnprintf+0x1c0>
1000365c:	2602      	movs	r6, #2
1000365e:	e7c9      	b.n	100035f4 <_vsnprintf+0x1c0>
10003660:	2220      	movs	r2, #32
10003662:	4314      	orrs	r4, r2
10003664:	e7c8      	b.n	100035f8 <_vsnprintf+0x1c4>
10003666:	05a3      	lsls	r3, r4, #22
10003668:	d420      	bmi.n	100036ac <_vsnprintf+0x278>
1000366a:	05e3      	lsls	r3, r4, #23
1000366c:	d450      	bmi.n	10003710 <_vsnprintf+0x2dc>
1000366e:	0663      	lsls	r3, r4, #25
10003670:	d566      	bpl.n	10003740 <_vsnprintf+0x30c>
10003672:	9a1c      	ldr	r2, [sp, #112]	; 0x70
10003674:	1d11      	adds	r1, r2, #4
10003676:	911c      	str	r1, [sp, #112]	; 0x70
10003678:	6811      	ldr	r1, [r2, #0]
1000367a:	22ff      	movs	r2, #255	; 0xff
1000367c:	400a      	ands	r2, r1
1000367e:	17d3      	asrs	r3, r2, #31
10003680:	18d1      	adds	r1, r2, r3
10003682:	4059      	eors	r1, r3
10003684:	9405      	str	r4, [sp, #20]
10003686:	9b0a      	ldr	r3, [sp, #40]	; 0x28
10003688:	9304      	str	r3, [sp, #16]
1000368a:	4653      	mov	r3, sl
1000368c:	9303      	str	r3, [sp, #12]
1000368e:	9602      	str	r6, [sp, #8]
10003690:	0fd2      	lsrs	r2, r2, #31
10003692:	9201      	str	r2, [sp, #4]
10003694:	9100      	str	r1, [sp, #0]
10003696:	4643      	mov	r3, r8
10003698:	003a      	movs	r2, r7
1000369a:	4659      	mov	r1, fp
1000369c:	0028      	movs	r0, r5
1000369e:	f7ff fa45 	bl	10002b2c <_ntoa_long>
100036a2:	0007      	movs	r7, r0
100036a4:	9b11      	ldr	r3, [sp, #68]	; 0x44
100036a6:	3301      	adds	r3, #1
100036a8:	9311      	str	r3, [sp, #68]	; 0x44
100036aa:	e6d3      	b.n	10003454 <_vsnprintf+0x20>
100036ac:	9b1c      	ldr	r3, [sp, #112]	; 0x70
100036ae:	1dda      	adds	r2, r3, #7
100036b0:	2107      	movs	r1, #7
100036b2:	438a      	bics	r2, r1
100036b4:	0011      	movs	r1, r2
100036b6:	3108      	adds	r1, #8
100036b8:	911c      	str	r1, [sp, #112]	; 0x70
100036ba:	6811      	ldr	r1, [r2, #0]
100036bc:	6853      	ldr	r3, [r2, #4]
100036be:	469c      	mov	ip, r3
100036c0:	17db      	asrs	r3, r3, #31
100036c2:	930c      	str	r3, [sp, #48]	; 0x30
100036c4:	930d      	str	r3, [sp, #52]	; 0x34
100036c6:	9a0c      	ldr	r2, [sp, #48]	; 0x30
100036c8:	9b0d      	ldr	r3, [sp, #52]	; 0x34
100036ca:	0010      	movs	r0, r2
100036cc:	4048      	eors	r0, r1
100036ce:	900e      	str	r0, [sp, #56]	; 0x38
100036d0:	4662      	mov	r2, ip
100036d2:	4053      	eors	r3, r2
100036d4:	930f      	str	r3, [sp, #60]	; 0x3c
100036d6:	980e      	ldr	r0, [sp, #56]	; 0x38
100036d8:	990f      	ldr	r1, [sp, #60]	; 0x3c
100036da:	9a0c      	ldr	r2, [sp, #48]	; 0x30
100036dc:	9b0d      	ldr	r3, [sp, #52]	; 0x34
100036de:	1a80      	subs	r0, r0, r2
100036e0:	4199      	sbcs	r1, r3
100036e2:	900e      	str	r0, [sp, #56]	; 0x38
100036e4:	910f      	str	r1, [sp, #60]	; 0x3c
100036e6:	9408      	str	r4, [sp, #32]
100036e8:	9b0a      	ldr	r3, [sp, #40]	; 0x28
100036ea:	9307      	str	r3, [sp, #28]
100036ec:	4653      	mov	r3, sl
100036ee:	9306      	str	r3, [sp, #24]
100036f0:	9604      	str	r6, [sp, #16]
100036f2:	2300      	movs	r3, #0
100036f4:	9305      	str	r3, [sp, #20]
100036f6:	4663      	mov	r3, ip
100036f8:	0fda      	lsrs	r2, r3, #31
100036fa:	9202      	str	r2, [sp, #8]
100036fc:	9000      	str	r0, [sp, #0]
100036fe:	9101      	str	r1, [sp, #4]
10003700:	4643      	mov	r3, r8
10003702:	003a      	movs	r2, r7
10003704:	4659      	mov	r1, fp
10003706:	0028      	movs	r0, r5
10003708:	f7ff fa6e 	bl	10002be8 <_ntoa_long_long>
1000370c:	0007      	movs	r7, r0
1000370e:	e7c9      	b.n	100036a4 <_vsnprintf+0x270>
10003710:	9a1c      	ldr	r2, [sp, #112]	; 0x70
10003712:	1d11      	adds	r1, r2, #4
10003714:	911c      	str	r1, [sp, #112]	; 0x70
10003716:	6812      	ldr	r2, [r2, #0]
10003718:	17d3      	asrs	r3, r2, #31
1000371a:	18d1      	adds	r1, r2, r3
1000371c:	4059      	eors	r1, r3
1000371e:	9405      	str	r4, [sp, #20]
10003720:	9b0a      	ldr	r3, [sp, #40]	; 0x28
10003722:	9304      	str	r3, [sp, #16]
10003724:	4653      	mov	r3, sl
10003726:	9303      	str	r3, [sp, #12]
10003728:	9602      	str	r6, [sp, #8]
1000372a:	0fd2      	lsrs	r2, r2, #31
1000372c:	9201      	str	r2, [sp, #4]
1000372e:	9100      	str	r1, [sp, #0]
10003730:	4643      	mov	r3, r8
10003732:	003a      	movs	r2, r7
10003734:	4659      	mov	r1, fp
10003736:	0028      	movs	r0, r5
10003738:	f7ff f9f8 	bl	10002b2c <_ntoa_long>
1000373c:	0007      	movs	r7, r0
1000373e:	e7b1      	b.n	100036a4 <_vsnprintf+0x270>
10003740:	0623      	lsls	r3, r4, #24
10003742:	d505      	bpl.n	10003750 <_vsnprintf+0x31c>
10003744:	9a1c      	ldr	r2, [sp, #112]	; 0x70
10003746:	1d11      	adds	r1, r2, #4
10003748:	911c      	str	r1, [sp, #112]	; 0x70
1000374a:	2300      	movs	r3, #0
1000374c:	5ed2      	ldrsh	r2, [r2, r3]
1000374e:	e796      	b.n	1000367e <_vsnprintf+0x24a>
10003750:	9a1c      	ldr	r2, [sp, #112]	; 0x70
10003752:	1d11      	adds	r1, r2, #4
10003754:	911c      	str	r1, [sp, #112]	; 0x70
10003756:	6812      	ldr	r2, [r2, #0]
10003758:	e791      	b.n	1000367e <_vsnprintf+0x24a>
1000375a:	9b1c      	ldr	r3, [sp, #112]	; 0x70
1000375c:	1dda      	adds	r2, r3, #7
1000375e:	2107      	movs	r1, #7
10003760:	438a      	bics	r2, r1
10003762:	0011      	movs	r1, r2
10003764:	3108      	adds	r1, #8
10003766:	911c      	str	r1, [sp, #112]	; 0x70
10003768:	9408      	str	r4, [sp, #32]
1000376a:	9b0a      	ldr	r3, [sp, #40]	; 0x28
1000376c:	9307      	str	r3, [sp, #28]
1000376e:	4653      	mov	r3, sl
10003770:	9306      	str	r3, [sp, #24]
10003772:	9604      	str	r6, [sp, #16]
10003774:	2300      	movs	r3, #0
10003776:	9305      	str	r3, [sp, #20]
10003778:	9302      	str	r3, [sp, #8]
1000377a:	6813      	ldr	r3, [r2, #0]
1000377c:	6854      	ldr	r4, [r2, #4]
1000377e:	9300      	str	r3, [sp, #0]
10003780:	9401      	str	r4, [sp, #4]
10003782:	4643      	mov	r3, r8
10003784:	003a      	movs	r2, r7
10003786:	4659      	mov	r1, fp
10003788:	0028      	movs	r0, r5
1000378a:	f7ff fa2d 	bl	10002be8 <_ntoa_long_long>
1000378e:	0007      	movs	r7, r0
10003790:	e788      	b.n	100036a4 <_vsnprintf+0x270>
10003792:	9a1c      	ldr	r2, [sp, #112]	; 0x70
10003794:	1d11      	adds	r1, r2, #4
10003796:	911c      	str	r1, [sp, #112]	; 0x70
10003798:	9405      	str	r4, [sp, #20]
1000379a:	9b0a      	ldr	r3, [sp, #40]	; 0x28
1000379c:	9304      	str	r3, [sp, #16]
1000379e:	4653      	mov	r3, sl
100037a0:	9303      	str	r3, [sp, #12]
100037a2:	9602      	str	r6, [sp, #8]
100037a4:	2300      	movs	r3, #0
100037a6:	9301      	str	r3, [sp, #4]
100037a8:	6813      	ldr	r3, [r2, #0]
100037aa:	9300      	str	r3, [sp, #0]
100037ac:	4643      	mov	r3, r8
100037ae:	003a      	movs	r2, r7
100037b0:	4659      	mov	r1, fp
100037b2:	0028      	movs	r0, r5
100037b4:	f7ff f9ba 	bl	10002b2c <_ntoa_long>
100037b8:	0007      	movs	r7, r0
100037ba:	e773      	b.n	100036a4 <_vsnprintf+0x270>
100037bc:	0623      	lsls	r3, r4, #24
100037be:	d50d      	bpl.n	100037dc <_vsnprintf+0x3a8>
100037c0:	9a1c      	ldr	r2, [sp, #112]	; 0x70
100037c2:	1d11      	adds	r1, r2, #4
100037c4:	911c      	str	r1, [sp, #112]	; 0x70
100037c6:	6812      	ldr	r2, [r2, #0]
100037c8:	0412      	lsls	r2, r2, #16
100037ca:	0c12      	lsrs	r2, r2, #16
100037cc:	e731      	b.n	10003632 <_vsnprintf+0x1fe>
100037ce:	46c0      	nop			; (mov r8, r8)
100037d0:	10007560 	.word	0x10007560
100037d4:	100075a4 	.word	0x100075a4
100037d8:	100075f0 	.word	0x100075f0
100037dc:	9a1c      	ldr	r2, [sp, #112]	; 0x70
100037de:	1d11      	adds	r1, r2, #4
100037e0:	911c      	str	r1, [sp, #112]	; 0x70
100037e2:	6812      	ldr	r2, [r2, #0]
100037e4:	e725      	b.n	10003632 <_vsnprintf+0x1fe>
100037e6:	2846      	cmp	r0, #70	; 0x46
100037e8:	d01a      	beq.n	10003820 <_vsnprintf+0x3ec>
100037ea:	9b1c      	ldr	r3, [sp, #112]	; 0x70
100037ec:	3307      	adds	r3, #7
100037ee:	2207      	movs	r2, #7
100037f0:	4393      	bics	r3, r2
100037f2:	001a      	movs	r2, r3
100037f4:	3208      	adds	r2, #8
100037f6:	921c      	str	r2, [sp, #112]	; 0x70
100037f8:	9404      	str	r4, [sp, #16]
100037fa:	9a0a      	ldr	r2, [sp, #40]	; 0x28
100037fc:	9203      	str	r2, [sp, #12]
100037fe:	4652      	mov	r2, sl
10003800:	9202      	str	r2, [sp, #8]
10003802:	685c      	ldr	r4, [r3, #4]
10003804:	681b      	ldr	r3, [r3, #0]
10003806:	9300      	str	r3, [sp, #0]
10003808:	9401      	str	r4, [sp, #4]
1000380a:	4643      	mov	r3, r8
1000380c:	003a      	movs	r2, r7
1000380e:	4659      	mov	r1, fp
10003810:	0028      	movs	r0, r5
10003812:	f7ff fc65 	bl	100030e0 <_ftoa>
10003816:	0007      	movs	r7, r0
10003818:	9b11      	ldr	r3, [sp, #68]	; 0x44
1000381a:	3301      	adds	r3, #1
1000381c:	9311      	str	r3, [sp, #68]	; 0x44
1000381e:	e619      	b.n	10003454 <_vsnprintf+0x20>
10003820:	2320      	movs	r3, #32
10003822:	431c      	orrs	r4, r3
10003824:	e7e1      	b.n	100037ea <_vsnprintf+0x3b6>
10003826:	2867      	cmp	r0, #103	; 0x67
10003828:	d001      	beq.n	1000382e <_vsnprintf+0x3fa>
1000382a:	2847      	cmp	r0, #71	; 0x47
1000382c:	d102      	bne.n	10003834 <_vsnprintf+0x400>
1000382e:	2380      	movs	r3, #128	; 0x80
10003830:	011b      	lsls	r3, r3, #4
10003832:	431c      	orrs	r4, r3
10003834:	2845      	cmp	r0, #69	; 0x45
10003836:	d001      	beq.n	1000383c <_vsnprintf+0x408>
10003838:	2847      	cmp	r0, #71	; 0x47
1000383a:	d101      	bne.n	10003840 <_vsnprintf+0x40c>
1000383c:	2320      	movs	r3, #32
1000383e:	431c      	orrs	r4, r3
10003840:	9b1c      	ldr	r3, [sp, #112]	; 0x70
10003842:	3307      	adds	r3, #7
10003844:	2207      	movs	r2, #7
10003846:	4393      	bics	r3, r2
10003848:	001a      	movs	r2, r3
1000384a:	3208      	adds	r2, #8
1000384c:	921c      	str	r2, [sp, #112]	; 0x70
1000384e:	9404      	str	r4, [sp, #16]
10003850:	9a0a      	ldr	r2, [sp, #40]	; 0x28
10003852:	9203      	str	r2, [sp, #12]
10003854:	4652      	mov	r2, sl
10003856:	9202      	str	r2, [sp, #8]
10003858:	685c      	ldr	r4, [r3, #4]
1000385a:	681b      	ldr	r3, [r3, #0]
1000385c:	9300      	str	r3, [sp, #0]
1000385e:	9401      	str	r4, [sp, #4]
10003860:	4643      	mov	r3, r8
10003862:	003a      	movs	r2, r7
10003864:	4659      	mov	r1, fp
10003866:	0028      	movs	r0, r5
10003868:	f7ff fa30 	bl	10002ccc <_etoa>
1000386c:	0007      	movs	r7, r0
1000386e:	9b11      	ldr	r3, [sp, #68]	; 0x44
10003870:	3301      	adds	r3, #1
10003872:	9311      	str	r3, [sp, #68]	; 0x44
10003874:	e5ee      	b.n	10003454 <_vsnprintf+0x20>
10003876:	2302      	movs	r3, #2
10003878:	001a      	movs	r2, r3
1000387a:	4022      	ands	r2, r4
1000387c:	4692      	mov	sl, r2
1000387e:	4223      	tst	r3, r4
10003880:	d01f      	beq.n	100038c2 <_vsnprintf+0x48e>
10003882:	2401      	movs	r4, #1
10003884:	9b1c      	ldr	r3, [sp, #112]	; 0x70
10003886:	1d1a      	adds	r2, r3, #4
10003888:	921c      	str	r2, [sp, #112]	; 0x70
1000388a:	1c7a      	adds	r2, r7, #1
1000388c:	4691      	mov	r9, r2
1000388e:	7818      	ldrb	r0, [r3, #0]
10003890:	4643      	mov	r3, r8
10003892:	003a      	movs	r2, r7
10003894:	4659      	mov	r1, fp
10003896:	47a8      	blx	r5
10003898:	4653      	mov	r3, sl
1000389a:	2b00      	cmp	r3, #0
1000389c:	d116      	bne.n	100038cc <_vsnprintf+0x498>
1000389e:	9b11      	ldr	r3, [sp, #68]	; 0x44
100038a0:	3301      	adds	r3, #1
100038a2:	9311      	str	r3, [sp, #68]	; 0x44
100038a4:	464f      	mov	r7, r9
100038a6:	e5d5      	b.n	10003454 <_vsnprintf+0x20>
100038a8:	1c56      	adds	r6, r2, #1
100038aa:	4643      	mov	r3, r8
100038ac:	4659      	mov	r1, fp
100038ae:	2020      	movs	r0, #32
100038b0:	47b8      	blx	r7
100038b2:	0023      	movs	r3, r4
100038b4:	0032      	movs	r2, r6
100038b6:	1c5c      	adds	r4, r3, #1
100038b8:	429d      	cmp	r5, r3
100038ba:	d8f5      	bhi.n	100038a8 <_vsnprintf+0x474>
100038bc:	003d      	movs	r5, r7
100038be:	0017      	movs	r7, r2
100038c0:	e7e0      	b.n	10003884 <_vsnprintf+0x450>
100038c2:	2301      	movs	r3, #1
100038c4:	003a      	movs	r2, r7
100038c6:	002f      	movs	r7, r5
100038c8:	9d0a      	ldr	r5, [sp, #40]	; 0x28
100038ca:	e7f4      	b.n	100038b6 <_vsnprintf+0x482>
100038cc:	464a      	mov	r2, r9
100038ce:	46a9      	mov	r9, r5
100038d0:	9d0a      	ldr	r5, [sp, #40]	; 0x28
100038d2:	e006      	b.n	100038e2 <_vsnprintf+0x4ae>
100038d4:	1c57      	adds	r7, r2, #1
100038d6:	4643      	mov	r3, r8
100038d8:	4659      	mov	r1, fp
100038da:	2020      	movs	r0, #32
100038dc:	47c8      	blx	r9
100038de:	0034      	movs	r4, r6
100038e0:	003a      	movs	r2, r7
100038e2:	1c66      	adds	r6, r4, #1
100038e4:	42a5      	cmp	r5, r4
100038e6:	d8f5      	bhi.n	100038d4 <_vsnprintf+0x4a0>
100038e8:	464d      	mov	r5, r9
100038ea:	4691      	mov	r9, r2
100038ec:	e7d7      	b.n	1000389e <_vsnprintf+0x46a>
100038ee:	9b1c      	ldr	r3, [sp, #112]	; 0x70
100038f0:	1d1a      	adds	r2, r3, #4
100038f2:	921c      	str	r2, [sp, #112]	; 0x70
100038f4:	681b      	ldr	r3, [r3, #0]
100038f6:	4699      	mov	r9, r3
100038f8:	4653      	mov	r3, sl
100038fa:	2b00      	cmp	r3, #0
100038fc:	d100      	bne.n	10003900 <_vsnprintf+0x4cc>
100038fe:	3b01      	subs	r3, #1
10003900:	464e      	mov	r6, r9
10003902:	e001      	b.n	10003908 <_vsnprintf+0x4d4>
10003904:	3601      	adds	r6, #1
10003906:	0013      	movs	r3, r2
10003908:	7832      	ldrb	r2, [r6, #0]
1000390a:	2a00      	cmp	r2, #0
1000390c:	d002      	beq.n	10003914 <_vsnprintf+0x4e0>
1000390e:	1e5a      	subs	r2, r3, #1
10003910:	2b00      	cmp	r3, #0
10003912:	d1f7      	bne.n	10003904 <_vsnprintf+0x4d0>
10003914:	464b      	mov	r3, r9
10003916:	1af2      	subs	r2, r6, r3
10003918:	9210      	str	r2, [sp, #64]	; 0x40
1000391a:	2380      	movs	r3, #128	; 0x80
1000391c:	00db      	lsls	r3, r3, #3
1000391e:	0026      	movs	r6, r4
10003920:	401e      	ands	r6, r3
10003922:	421c      	tst	r4, r3
10003924:	d003      	beq.n	1000392e <_vsnprintf+0x4fa>
10003926:	4552      	cmp	r2, sl
10003928:	d901      	bls.n	1000392e <_vsnprintf+0x4fa>
1000392a:	4653      	mov	r3, sl
1000392c:	9310      	str	r3, [sp, #64]	; 0x40
1000392e:	2302      	movs	r3, #2
10003930:	001a      	movs	r2, r3
10003932:	4022      	ands	r2, r4
10003934:	920b      	str	r2, [sp, #44]	; 0x2c
10003936:	4223      	tst	r3, r4
10003938:	d005      	beq.n	10003946 <_vsnprintf+0x512>
1000393a:	003a      	movs	r2, r7
1000393c:	0037      	movs	r7, r6
1000393e:	464c      	mov	r4, r9
10003940:	46a9      	mov	r9, r5
10003942:	4655      	mov	r5, sl
10003944:	e020      	b.n	10003988 <_vsnprintf+0x554>
10003946:	003a      	movs	r2, r7
10003948:	9b10      	ldr	r3, [sp, #64]	; 0x40
1000394a:	465f      	mov	r7, fp
1000394c:	46b3      	mov	fp, r6
1000394e:	002e      	movs	r6, r5
10003950:	e006      	b.n	10003960 <_vsnprintf+0x52c>
10003952:	1c55      	adds	r5, r2, #1
10003954:	4643      	mov	r3, r8
10003956:	0039      	movs	r1, r7
10003958:	2020      	movs	r0, #32
1000395a:	47b0      	blx	r6
1000395c:	0023      	movs	r3, r4
1000395e:	002a      	movs	r2, r5
10003960:	1c5c      	adds	r4, r3, #1
10003962:	990a      	ldr	r1, [sp, #40]	; 0x28
10003964:	4299      	cmp	r1, r3
10003966:	d8f4      	bhi.n	10003952 <_vsnprintf+0x51e>
10003968:	0035      	movs	r5, r6
1000396a:	465e      	mov	r6, fp
1000396c:	46bb      	mov	fp, r7
1000396e:	9410      	str	r4, [sp, #64]	; 0x40
10003970:	0037      	movs	r7, r6
10003972:	464c      	mov	r4, r9
10003974:	46a9      	mov	r9, r5
10003976:	4655      	mov	r5, sl
10003978:	e006      	b.n	10003988 <_vsnprintf+0x554>
1000397a:	001d      	movs	r5, r3
1000397c:	3401      	adds	r4, #1
1000397e:	1c56      	adds	r6, r2, #1
10003980:	4643      	mov	r3, r8
10003982:	4659      	mov	r1, fp
10003984:	47c8      	blx	r9
10003986:	0032      	movs	r2, r6
10003988:	7820      	ldrb	r0, [r4, #0]
1000398a:	2800      	cmp	r0, #0
1000398c:	d004      	beq.n	10003998 <_vsnprintf+0x564>
1000398e:	2f00      	cmp	r7, #0
10003990:	d0f4      	beq.n	1000397c <_vsnprintf+0x548>
10003992:	1e6b      	subs	r3, r5, #1
10003994:	2d00      	cmp	r5, #0
10003996:	d1f0      	bne.n	1000397a <_vsnprintf+0x546>
10003998:	0017      	movs	r7, r2
1000399a:	464d      	mov	r5, r9
1000399c:	9b0b      	ldr	r3, [sp, #44]	; 0x2c
1000399e:	2b00      	cmp	r3, #0
100039a0:	d103      	bne.n	100039aa <_vsnprintf+0x576>
100039a2:	9b11      	ldr	r3, [sp, #68]	; 0x44
100039a4:	3301      	adds	r3, #1
100039a6:	9311      	str	r3, [sp, #68]	; 0x44
100039a8:	e554      	b.n	10003454 <_vsnprintf+0x20>
100039aa:	9f0a      	ldr	r7, [sp, #40]	; 0x28
100039ac:	9b10      	ldr	r3, [sp, #64]	; 0x40
100039ae:	e006      	b.n	100039be <_vsnprintf+0x58a>
100039b0:	1c56      	adds	r6, r2, #1
100039b2:	4643      	mov	r3, r8
100039b4:	4659      	mov	r1, fp
100039b6:	2020      	movs	r0, #32
100039b8:	47a8      	blx	r5
100039ba:	0023      	movs	r3, r4
100039bc:	0032      	movs	r2, r6
100039be:	1c5c      	adds	r4, r3, #1
100039c0:	429f      	cmp	r7, r3
100039c2:	d8f5      	bhi.n	100039b0 <_vsnprintf+0x57c>
100039c4:	0017      	movs	r7, r2
100039c6:	e7ec      	b.n	100039a2 <_vsnprintf+0x56e>
100039c8:	2321      	movs	r3, #33	; 0x21
100039ca:	431c      	orrs	r4, r3
100039cc:	9b1c      	ldr	r3, [sp, #112]	; 0x70
100039ce:	1d1a      	adds	r2, r3, #4
100039d0:	921c      	str	r2, [sp, #112]	; 0x70
100039d2:	681b      	ldr	r3, [r3, #0]
100039d4:	9300      	str	r3, [sp, #0]
100039d6:	9405      	str	r4, [sp, #20]
100039d8:	2308      	movs	r3, #8
100039da:	9304      	str	r3, [sp, #16]
100039dc:	4653      	mov	r3, sl
100039de:	9303      	str	r3, [sp, #12]
100039e0:	2310      	movs	r3, #16
100039e2:	9302      	str	r3, [sp, #8]
100039e4:	2300      	movs	r3, #0
100039e6:	9301      	str	r3, [sp, #4]
100039e8:	4643      	mov	r3, r8
100039ea:	003a      	movs	r2, r7
100039ec:	4659      	mov	r1, fp
100039ee:	0028      	movs	r0, r5
100039f0:	f7ff f89c 	bl	10002b2c <_ntoa_long>
100039f4:	0007      	movs	r7, r0
100039f6:	9b11      	ldr	r3, [sp, #68]	; 0x44
100039f8:	3301      	adds	r3, #1
100039fa:	9311      	str	r3, [sp, #68]	; 0x44
100039fc:	e52a      	b.n	10003454 <_vsnprintf+0x20>
100039fe:	1c7c      	adds	r4, r7, #1
10003a00:	4643      	mov	r3, r8
10003a02:	003a      	movs	r2, r7
10003a04:	4659      	mov	r1, fp
10003a06:	2025      	movs	r0, #37	; 0x25
10003a08:	47a8      	blx	r5
10003a0a:	9b11      	ldr	r3, [sp, #68]	; 0x44
10003a0c:	3301      	adds	r3, #1
10003a0e:	9311      	str	r3, [sp, #68]	; 0x44
10003a10:	0027      	movs	r7, r4
10003a12:	e51f      	b.n	10003454 <_vsnprintf+0x20>
10003a14:	1c7c      	adds	r4, r7, #1
10003a16:	4643      	mov	r3, r8
10003a18:	003a      	movs	r2, r7
10003a1a:	4659      	mov	r1, fp
10003a1c:	47a8      	blx	r5
10003a1e:	9b11      	ldr	r3, [sp, #68]	; 0x44
10003a20:	3301      	adds	r3, #1
10003a22:	9311      	str	r3, [sp, #68]	; 0x44
10003a24:	0027      	movs	r7, r4
10003a26:	e515      	b.n	10003454 <_vsnprintf+0x20>
10003a28:	4b0a      	ldr	r3, [pc, #40]	; (10003a54 <_vsnprintf+0x620>)
10003a2a:	469a      	mov	sl, r3
10003a2c:	e510      	b.n	10003450 <_vsnprintf+0x1c>
10003a2e:	46aa      	mov	sl, r5
10003a30:	4547      	cmp	r7, r8
10003a32:	d302      	bcc.n	10003a3a <_vsnprintf+0x606>
10003a34:	4643      	mov	r3, r8
10003a36:	1e5a      	subs	r2, r3, #1
10003a38:	e000      	b.n	10003a3c <_vsnprintf+0x608>
10003a3a:	003a      	movs	r2, r7
10003a3c:	4643      	mov	r3, r8
10003a3e:	4659      	mov	r1, fp
10003a40:	2000      	movs	r0, #0
10003a42:	47d0      	blx	sl
10003a44:	0038      	movs	r0, r7
10003a46:	b013      	add	sp, #76	; 0x4c
10003a48:	bcf0      	pop	{r4, r5, r6, r7}
10003a4a:	46bb      	mov	fp, r7
10003a4c:	46b2      	mov	sl, r6
10003a4e:	46a9      	mov	r9, r5
10003a50:	46a0      	mov	r8, r4
10003a52:	bdf0      	pop	{r4, r5, r6, r7, pc}
10003a54:	10002939 	.word	0x10002939

10003a58 <vfctprintf>:
10003a58:	b500      	push	{lr}
10003a5a:	b085      	sub	sp, #20
10003a5c:	9002      	str	r0, [sp, #8]
10003a5e:	9103      	str	r1, [sp, #12]
10003a60:	2101      	movs	r1, #1
10003a62:	9300      	str	r3, [sp, #0]
10003a64:	0013      	movs	r3, r2
10003a66:	424a      	negs	r2, r1
10003a68:	a902      	add	r1, sp, #8
10003a6a:	4802      	ldr	r0, [pc, #8]	; (10003a74 <vfctprintf+0x1c>)
10003a6c:	f7ff fce2 	bl	10003434 <_vsnprintf>
10003a70:	b005      	add	sp, #20
10003a72:	bd00      	pop	{pc}
10003a74:	1000293b 	.word	0x1000293b

10003a78 <_exit>:
10003a78:	be00      	bkpt	0x0000
10003a7a:	e7fd      	b.n	10003a78 <_exit>

10003a7c <exit>:
10003a7c:	b510      	push	{r4, lr}
10003a7e:	f7ff fffb 	bl	10003a78 <_exit>
	...

10003a84 <__assert_func>:
10003a84:	b510      	push	{r4, lr}
10003a86:	b082      	sub	sp, #8
10003a88:	000c      	movs	r4, r1
10003a8a:	0019      	movs	r1, r3
10003a8c:	2a00      	cmp	r2, #0
10003a8e:	d00c      	beq.n	10003aaa <__assert_func+0x26>
10003a90:	4b08      	ldr	r3, [pc, #32]	; (10003ab4 <__assert_func+0x30>)
10003a92:	2a00      	cmp	r2, #0
10003a94:	d00b      	beq.n	10003aae <__assert_func+0x2a>
10003a96:	9201      	str	r2, [sp, #4]
10003a98:	9300      	str	r3, [sp, #0]
10003a9a:	0023      	movs	r3, r4
10003a9c:	0002      	movs	r2, r0
10003a9e:	4806      	ldr	r0, [pc, #24]	; (10003ab8 <__assert_func+0x34>)
10003aa0:	f000 f962 	bl	10003d68 <__wrap_printf>
10003aa4:	2001      	movs	r0, #1
10003aa6:	f7ff ffe7 	bl	10003a78 <_exit>
10003aaa:	4b04      	ldr	r3, [pc, #16]	; (10003abc <__assert_func+0x38>)
10003aac:	e7f1      	b.n	10003a92 <__assert_func+0xe>
10003aae:	4a03      	ldr	r2, [pc, #12]	; (10003abc <__assert_func+0x38>)
10003ab0:	e7f1      	b.n	10003a96 <__assert_func+0x12>
10003ab2:	46c0      	nop			; (mov r8, r8)
10003ab4:	10007790 	.word	0x10007790
10003ab8:	100077a0 	.word	0x100077a0
10003abc:	1000779c 	.word	0x1000779c

10003ac0 <runtime_init>:
10003ac0:	b510      	push	{r4, lr}
10003ac2:	f3ef 8305 	mrs	r3, IPSR
10003ac6:	2b00      	cmp	r3, #0
10003ac8:	d000      	beq.n	10003acc <runtime_init+0xc>
10003aca:	be00      	bkpt	0x0000
10003acc:	f7fd fefa 	bl	100018c4 <runtime_run_initializers>
10003ad0:	4c03      	ldr	r4, [pc, #12]	; (10003ae0 <runtime_init+0x20>)
10003ad2:	e001      	b.n	10003ad8 <runtime_init+0x18>
10003ad4:	cc08      	ldmia	r4!, {r3}
10003ad6:	4798      	blx	r3
10003ad8:	4b02      	ldr	r3, [pc, #8]	; (10003ae4 <runtime_init+0x24>)
10003ada:	429c      	cmp	r4, r3
10003adc:	d3fa      	bcc.n	10003ad4 <runtime_init+0x14>
10003ade:	bd10      	pop	{r4, pc}
10003ae0:	10006bf4 	.word	0x10006bf4
10003ae4:	10006bfc 	.word	0x10006bfc

10003ae8 <stdio_out_chars_no_crlf>:
10003ae8:	b510      	push	{r4, lr}
10003aea:	0003      	movs	r3, r0
10003aec:	0008      	movs	r0, r1
10003aee:	0011      	movs	r1, r2
10003af0:	681b      	ldr	r3, [r3, #0]
10003af2:	4798      	blx	r3
10003af4:	bd10      	pop	{r4, pc}
	...

10003af8 <stdio_out_chars_crlf>:
10003af8:	b5f8      	push	{r3, r4, r5, r6, r7, lr}
10003afa:	0007      	movs	r7, r0
10003afc:	000d      	movs	r5, r1
10003afe:	0016      	movs	r6, r2
10003b00:	7d43      	ldrb	r3, [r0, #21]
10003b02:	2b00      	cmp	r3, #0
10003b04:	d002      	beq.n	10003b0c <stdio_out_chars_crlf+0x14>
10003b06:	2400      	movs	r4, #0
10003b08:	2000      	movs	r0, #0
10003b0a:	e00c      	b.n	10003b26 <stdio_out_chars_crlf+0x2e>
10003b0c:	6803      	ldr	r3, [r0, #0]
10003b0e:	0011      	movs	r1, r2
10003b10:	0028      	movs	r0, r5
10003b12:	4798      	blx	r3
10003b14:	e02d      	b.n	10003b72 <stdio_out_chars_crlf+0x7a>
10003b16:	7d3b      	ldrb	r3, [r7, #20]
10003b18:	e010      	b.n	10003b3c <stdio_out_chars_crlf+0x44>
10003b1a:	2102      	movs	r1, #2
10003b1c:	4815      	ldr	r0, [pc, #84]	; (10003b74 <stdio_out_chars_crlf+0x7c>)
10003b1e:	683b      	ldr	r3, [r7, #0]
10003b20:	4798      	blx	r3
10003b22:	1c60      	adds	r0, r4, #1
10003b24:	3401      	adds	r4, #1
10003b26:	42b4      	cmp	r4, r6
10003b28:	da14      	bge.n	10003b54 <stdio_out_chars_crlf+0x5c>
10003b2a:	2c00      	cmp	r4, #0
10003b2c:	ddf3      	ble.n	10003b16 <stdio_out_chars_crlf+0x1e>
10003b2e:	192b      	adds	r3, r5, r4
10003b30:	3b01      	subs	r3, #1
10003b32:	781b      	ldrb	r3, [r3, #0]
10003b34:	3b0d      	subs	r3, #13
10003b36:	425a      	negs	r2, r3
10003b38:	4153      	adcs	r3, r2
10003b3a:	b2db      	uxtb	r3, r3
10003b3c:	5d2a      	ldrb	r2, [r5, r4]
10003b3e:	2a0a      	cmp	r2, #10
10003b40:	d1f0      	bne.n	10003b24 <stdio_out_chars_crlf+0x2c>
10003b42:	2b00      	cmp	r3, #0
10003b44:	d1ee      	bne.n	10003b24 <stdio_out_chars_crlf+0x2c>
10003b46:	42a0      	cmp	r0, r4
10003b48:	dae7      	bge.n	10003b1a <stdio_out_chars_crlf+0x22>
10003b4a:	1a21      	subs	r1, r4, r0
10003b4c:	1828      	adds	r0, r5, r0
10003b4e:	683b      	ldr	r3, [r7, #0]
10003b50:	4798      	blx	r3
10003b52:	e7e2      	b.n	10003b1a <stdio_out_chars_crlf+0x22>
10003b54:	42b0      	cmp	r0, r6
10003b56:	da03      	bge.n	10003b60 <stdio_out_chars_crlf+0x68>
10003b58:	1a31      	subs	r1, r6, r0
10003b5a:	1828      	adds	r0, r5, r0
10003b5c:	683b      	ldr	r3, [r7, #0]
10003b5e:	4798      	blx	r3
10003b60:	2e00      	cmp	r6, #0
10003b62:	dd06      	ble.n	10003b72 <stdio_out_chars_crlf+0x7a>
10003b64:	19ad      	adds	r5, r5, r6
10003b66:	3d01      	subs	r5, #1
10003b68:	782b      	ldrb	r3, [r5, #0]
10003b6a:	3b0d      	subs	r3, #13
10003b6c:	425a      	negs	r2, r3
10003b6e:	4153      	adcs	r3, r2
10003b70:	753b      	strb	r3, [r7, #20]
10003b72:	bdf8      	pop	{r3, r4, r5, r6, r7, pc}
10003b74:	100077d0 	.word	0x100077d0

10003b78 <stdio_stack_buffer_flush>:
10003b78:	b570      	push	{r4, r5, r6, lr}
10003b7a:	0005      	movs	r5, r0
10003b7c:	6803      	ldr	r3, [r0, #0]
10003b7e:	2b00      	cmp	r3, #0
10003b80:	d016      	beq.n	10003bb0 <stdio_stack_buffer_flush+0x38>
10003b82:	4b0c      	ldr	r3, [pc, #48]	; (10003bb4 <stdio_stack_buffer_flush+0x3c>)
10003b84:	681c      	ldr	r4, [r3, #0]
10003b86:	e005      	b.n	10003b94 <stdio_stack_buffer_flush+0x1c>
10003b88:	0029      	movs	r1, r5
10003b8a:	c904      	ldmia	r1!, {r2}
10003b8c:	0020      	movs	r0, r4
10003b8e:	f7ff ffb3 	bl	10003af8 <stdio_out_chars_crlf>
10003b92:	6924      	ldr	r4, [r4, #16]
10003b94:	2c00      	cmp	r4, #0
10003b96:	d009      	beq.n	10003bac <stdio_stack_buffer_flush+0x34>
10003b98:	6823      	ldr	r3, [r4, #0]
10003b9a:	2b00      	cmp	r3, #0
10003b9c:	d0f9      	beq.n	10003b92 <stdio_stack_buffer_flush+0x1a>
10003b9e:	4b06      	ldr	r3, [pc, #24]	; (10003bb8 <stdio_stack_buffer_flush+0x40>)
10003ba0:	681b      	ldr	r3, [r3, #0]
10003ba2:	2b00      	cmp	r3, #0
10003ba4:	d0f0      	beq.n	10003b88 <stdio_stack_buffer_flush+0x10>
10003ba6:	42a3      	cmp	r3, r4
10003ba8:	d1f3      	bne.n	10003b92 <stdio_stack_buffer_flush+0x1a>
10003baa:	e7ed      	b.n	10003b88 <stdio_stack_buffer_flush+0x10>
10003bac:	2300      	movs	r3, #0
10003bae:	602b      	str	r3, [r5, #0]
10003bb0:	bd70      	pop	{r4, r5, r6, pc}
10003bb2:	46c0      	nop			; (mov r8, r8)
10003bb4:	200016e8 	.word	0x200016e8
10003bb8:	2000170c 	.word	0x2000170c

10003bbc <stdio_buffered_printer>:
10003bbc:	b570      	push	{r4, r5, r6, lr}
10003bbe:	0005      	movs	r5, r0
10003bc0:	000c      	movs	r4, r1
10003bc2:	680b      	ldr	r3, [r1, #0]
10003bc4:	2b80      	cmp	r3, #128	; 0x80
10003bc6:	d005      	beq.n	10003bd4 <stdio_buffered_printer+0x18>
10003bc8:	6821      	ldr	r1, [r4, #0]
10003bca:	1c4b      	adds	r3, r1, #1
10003bcc:	6023      	str	r3, [r4, #0]
10003bce:	1864      	adds	r4, r4, r1
10003bd0:	7125      	strb	r5, [r4, #4]
10003bd2:	bd70      	pop	{r4, r5, r6, pc}
10003bd4:	0008      	movs	r0, r1
10003bd6:	f7ff ffcf 	bl	10003b78 <stdio_stack_buffer_flush>
10003bda:	e7f5      	b.n	10003bc8 <stdio_buffered_printer+0xc>

10003bdc <stdout_serialize_begin>:
10003bdc:	b510      	push	{r4, lr}
10003bde:	f7fd fbfb 	bl	100013d8 <time_us_64>
10003be2:	4a07      	ldr	r2, [pc, #28]	; (10003c00 <stdout_serialize_begin+0x24>)
10003be4:	2300      	movs	r3, #0
10003be6:	1812      	adds	r2, r2, r0
10003be8:	414b      	adcs	r3, r1
10003bea:	2b00      	cmp	r3, #0
10003bec:	db03      	blt.n	10003bf6 <stdout_serialize_begin+0x1a>
10003bee:	4805      	ldr	r0, [pc, #20]	; (10003c04 <stdout_serialize_begin+0x28>)
10003bf0:	f002 ffba 	bl	10006b68 <__mutex_try_enter_block_until_veneer>
10003bf4:	bd10      	pop	{r4, pc}
10003bf6:	2201      	movs	r2, #1
10003bf8:	4252      	negs	r2, r2
10003bfa:	4b03      	ldr	r3, [pc, #12]	; (10003c08 <stdout_serialize_begin+0x2c>)
10003bfc:	e7f7      	b.n	10003bee <stdout_serialize_begin+0x12>
10003bfe:	46c0      	nop			; (mov r8, r8)
10003c00:	000f4240 	.word	0x000f4240
10003c04:	20000cd0 	.word	0x20000cd0
10003c08:	7fffffff 	.word	0x7fffffff

10003c0c <stdout_serialize_end>:
10003c0c:	b510      	push	{r4, lr}
10003c0e:	4802      	ldr	r0, [pc, #8]	; (10003c18 <stdout_serialize_end+0xc>)
10003c10:	f002 ff72 	bl	10006af8 <__mutex_exit_veneer>
10003c14:	bd10      	pop	{r4, pc}
10003c16:	46c0      	nop			; (mov r8, r8)
10003c18:	20000cd0 	.word	0x20000cd0

10003c1c <stdio_put_string>:
10003c1c:	b5f0      	push	{r4, r5, r6, r7, lr}
10003c1e:	46ce      	mov	lr, r9
10003c20:	4647      	mov	r7, r8
10003c22:	b580      	push	{r7, lr}
10003c24:	b083      	sub	sp, #12
10003c26:	0006      	movs	r6, r0
10003c28:	000d      	movs	r5, r1
10003c2a:	4690      	mov	r8, r2
10003c2c:	001c      	movs	r4, r3
10003c2e:	f7ff ffd5 	bl	10003bdc <stdout_serialize_begin>
10003c32:	4681      	mov	r9, r0
10003c34:	1c6b      	adds	r3, r5, #1
10003c36:	d005      	beq.n	10003c44 <stdio_put_string+0x28>
10003c38:	2c00      	cmp	r4, #0
10003c3a:	d008      	beq.n	10003c4e <stdio_put_string+0x32>
10003c3c:	4f18      	ldr	r7, [pc, #96]	; (10003ca0 <stdio_put_string+0x84>)
10003c3e:	4b19      	ldr	r3, [pc, #100]	; (10003ca4 <stdio_put_string+0x88>)
10003c40:	681c      	ldr	r4, [r3, #0]
10003c42:	e007      	b.n	10003c54 <stdio_put_string+0x38>
10003c44:	0030      	movs	r0, r6
10003c46:	f002 ff1f 	bl	10006a88 <strlen>
10003c4a:	0005      	movs	r5, r0
10003c4c:	e7f4      	b.n	10003c38 <stdio_put_string+0x1c>
10003c4e:	4f16      	ldr	r7, [pc, #88]	; (10003ca8 <stdio_put_string+0x8c>)
10003c50:	e7f5      	b.n	10003c3e <stdio_put_string+0x22>
10003c52:	6924      	ldr	r4, [r4, #16]
10003c54:	2c00      	cmp	r4, #0
10003c56:	d017      	beq.n	10003c88 <stdio_put_string+0x6c>
10003c58:	6823      	ldr	r3, [r4, #0]
10003c5a:	2b00      	cmp	r3, #0
10003c5c:	d0f9      	beq.n	10003c52 <stdio_put_string+0x36>
10003c5e:	4b13      	ldr	r3, [pc, #76]	; (10003cac <stdio_put_string+0x90>)
10003c60:	681b      	ldr	r3, [r3, #0]
10003c62:	2b00      	cmp	r3, #0
10003c64:	d001      	beq.n	10003c6a <stdio_put_string+0x4e>
10003c66:	42a3      	cmp	r3, r4
10003c68:	d1f3      	bne.n	10003c52 <stdio_put_string+0x36>
10003c6a:	002a      	movs	r2, r5
10003c6c:	0031      	movs	r1, r6
10003c6e:	0020      	movs	r0, r4
10003c70:	47b8      	blx	r7
10003c72:	4643      	mov	r3, r8
10003c74:	2b00      	cmp	r3, #0
10003c76:	d0ec      	beq.n	10003c52 <stdio_put_string+0x36>
10003c78:	466b      	mov	r3, sp
10003c7a:	1dd9      	adds	r1, r3, #7
10003c7c:	230a      	movs	r3, #10
10003c7e:	700b      	strb	r3, [r1, #0]
10003c80:	2201      	movs	r2, #1
10003c82:	0020      	movs	r0, r4
10003c84:	47b8      	blx	r7
10003c86:	e7e4      	b.n	10003c52 <stdio_put_string+0x36>
10003c88:	464b      	mov	r3, r9
10003c8a:	2b00      	cmp	r3, #0
10003c8c:	d105      	bne.n	10003c9a <stdio_put_string+0x7e>
10003c8e:	0028      	movs	r0, r5
10003c90:	b003      	add	sp, #12
10003c92:	bcc0      	pop	{r6, r7}
10003c94:	46b9      	mov	r9, r7
10003c96:	46b0      	mov	r8, r6
10003c98:	bdf0      	pop	{r4, r5, r6, r7, pc}
10003c9a:	f7ff ffb7 	bl	10003c0c <stdout_serialize_end>
10003c9e:	e7f6      	b.n	10003c8e <stdio_put_string+0x72>
10003ca0:	10003af9 	.word	0x10003af9
10003ca4:	200016e8 	.word	0x200016e8
10003ca8:	10003ae9 	.word	0x10003ae9
10003cac:	2000170c 	.word	0x2000170c

10003cb0 <stdio_set_driver_enabled>:
10003cb0:	4a09      	ldr	r2, [pc, #36]	; (10003cd8 <stdio_set_driver_enabled+0x28>)
10003cb2:	e001      	b.n	10003cb8 <stdio_set_driver_enabled+0x8>
10003cb4:	3310      	adds	r3, #16
10003cb6:	001a      	movs	r2, r3
10003cb8:	6813      	ldr	r3, [r2, #0]
10003cba:	2b00      	cmp	r3, #0
10003cbc:	d008      	beq.n	10003cd0 <stdio_set_driver_enabled+0x20>
10003cbe:	4283      	cmp	r3, r0
10003cc0:	d1f8      	bne.n	10003cb4 <stdio_set_driver_enabled+0x4>
10003cc2:	2900      	cmp	r1, #0
10003cc4:	d107      	bne.n	10003cd6 <stdio_set_driver_enabled+0x26>
10003cc6:	6903      	ldr	r3, [r0, #16]
10003cc8:	6013      	str	r3, [r2, #0]
10003cca:	2300      	movs	r3, #0
10003ccc:	6103      	str	r3, [r0, #16]
10003cce:	e002      	b.n	10003cd6 <stdio_set_driver_enabled+0x26>
10003cd0:	2900      	cmp	r1, #0
10003cd2:	d000      	beq.n	10003cd6 <stdio_set_driver_enabled+0x26>
10003cd4:	6010      	str	r0, [r2, #0]
10003cd6:	4770      	bx	lr
10003cd8:	200016e8 	.word	0x200016e8

10003cdc <stdio_flush>:
10003cdc:	b510      	push	{r4, lr}
10003cde:	4b06      	ldr	r3, [pc, #24]	; (10003cf8 <stdio_flush+0x1c>)
10003ce0:	681c      	ldr	r4, [r3, #0]
10003ce2:	e001      	b.n	10003ce8 <stdio_flush+0xc>
10003ce4:	4798      	blx	r3
10003ce6:	6924      	ldr	r4, [r4, #16]
10003ce8:	2c00      	cmp	r4, #0
10003cea:	d003      	beq.n	10003cf4 <stdio_flush+0x18>
10003cec:	6863      	ldr	r3, [r4, #4]
10003cee:	2b00      	cmp	r3, #0
10003cf0:	d1f8      	bne.n	10003ce4 <stdio_flush+0x8>
10003cf2:	e7f8      	b.n	10003ce6 <stdio_flush+0xa>
10003cf4:	bd10      	pop	{r4, pc}
10003cf6:	46c0      	nop			; (mov r8, r8)
10003cf8:	200016e8 	.word	0x200016e8

10003cfc <stdio_init_all>:
10003cfc:	b510      	push	{r4, lr}
10003cfe:	f000 f93f 	bl	10003f80 <stdio_uart_init>
10003d02:	f000 fab7 	bl	10004274 <stdio_usb_init>
10003d06:	2001      	movs	r0, #1
10003d08:	bd10      	pop	{r4, pc}

10003d0a <__wrap_puts>:
10003d0a:	b570      	push	{r4, r5, r6, lr}
10003d0c:	0005      	movs	r5, r0
10003d0e:	f002 febb 	bl	10006a88 <strlen>
10003d12:	0004      	movs	r4, r0
10003d14:	2301      	movs	r3, #1
10003d16:	2201      	movs	r2, #1
10003d18:	0001      	movs	r1, r0
10003d1a:	0028      	movs	r0, r5
10003d1c:	f7ff ff7e 	bl	10003c1c <stdio_put_string>
10003d20:	f7ff ffdc 	bl	10003cdc <stdio_flush>
10003d24:	0020      	movs	r0, r4
10003d26:	bd70      	pop	{r4, r5, r6, pc}

10003d28 <__wrap_vprintf>:
10003d28:	b570      	push	{r4, r5, r6, lr}
10003d2a:	b0a2      	sub	sp, #136	; 0x88
10003d2c:	0004      	movs	r4, r0
10003d2e:	000e      	movs	r6, r1
10003d30:	f7ff ff54 	bl	10003bdc <stdout_serialize_begin>
10003d34:	0005      	movs	r5, r0
10003d36:	2300      	movs	r3, #0
10003d38:	9301      	str	r3, [sp, #4]
10003d3a:	0033      	movs	r3, r6
10003d3c:	0022      	movs	r2, r4
10003d3e:	a901      	add	r1, sp, #4
10003d40:	4808      	ldr	r0, [pc, #32]	; (10003d64 <__wrap_vprintf+0x3c>)
10003d42:	f7ff fe89 	bl	10003a58 <vfctprintf>
10003d46:	0004      	movs	r4, r0
10003d48:	a801      	add	r0, sp, #4
10003d4a:	f7ff ff15 	bl	10003b78 <stdio_stack_buffer_flush>
10003d4e:	f7ff ffc5 	bl	10003cdc <stdio_flush>
10003d52:	2d00      	cmp	r5, #0
10003d54:	d102      	bne.n	10003d5c <__wrap_vprintf+0x34>
10003d56:	0020      	movs	r0, r4
10003d58:	b022      	add	sp, #136	; 0x88
10003d5a:	bd70      	pop	{r4, r5, r6, pc}
10003d5c:	f7ff ff56 	bl	10003c0c <stdout_serialize_end>
10003d60:	e7f9      	b.n	10003d56 <__wrap_vprintf+0x2e>
10003d62:	46c0      	nop			; (mov r8, r8)
10003d64:	10003bbd 	.word	0x10003bbd

10003d68 <__wrap_printf>:
10003d68:	b40f      	push	{r0, r1, r2, r3}
10003d6a:	b500      	push	{lr}
10003d6c:	b083      	sub	sp, #12
10003d6e:	a904      	add	r1, sp, #16
10003d70:	c901      	ldmia	r1!, {r0}
10003d72:	9101      	str	r1, [sp, #4]
10003d74:	f7ff ffd8 	bl	10003d28 <__wrap_vprintf>
10003d78:	b003      	add	sp, #12
10003d7a:	bc08      	pop	{r3}
10003d7c:	b004      	add	sp, #16
10003d7e:	4718      	bx	r3

10003d80 <stdio_uart_out_chars>:
10003d80:	b5f0      	push	{r4, r5, r6, r7, lr}
10003d82:	b083      	sub	sp, #12
10003d84:	0005      	movs	r5, r0
10003d86:	000e      	movs	r6, r1
10003d88:	2400      	movs	r4, #0
10003d8a:	e00f      	b.n	10003dac <stdio_uart_out_chars+0x2c>
10003d8c:	466b      	mov	r3, sp
10003d8e:	1dd9      	adds	r1, r3, #7
10003d90:	230d      	movs	r3, #13
10003d92:	700b      	strb	r3, [r1, #0]
10003d94:	2000      	movs	r0, #0
10003d96:	2800      	cmp	r0, #0
10003d98:	d116      	bne.n	10003dc8 <stdio_uart_out_chars+0x48>
10003d9a:	6993      	ldr	r3, [r2, #24]
10003d9c:	069b      	lsls	r3, r3, #26
10003d9e:	d4fc      	bmi.n	10003d9a <stdio_uart_out_chars+0x1a>
10003da0:	780b      	ldrb	r3, [r1, #0]
10003da2:	6013      	str	r3, [r2, #0]
10003da4:	3001      	adds	r0, #1
10003da6:	3101      	adds	r1, #1
10003da8:	e7f5      	b.n	10003d96 <stdio_uart_out_chars+0x16>
10003daa:	3401      	adds	r4, #1
10003dac:	42b4      	cmp	r4, r6
10003dae:	da19      	bge.n	10003de4 <stdio_uart_out_chars+0x64>
10003db0:	4b0d      	ldr	r3, [pc, #52]	; (10003de8 <stdio_uart_out_chars+0x68>)
10003db2:	681a      	ldr	r2, [r3, #0]
10003db4:	5d2f      	ldrb	r7, [r5, r4]
10003db6:	4b0d      	ldr	r3, [pc, #52]	; (10003dec <stdio_uart_out_chars+0x6c>)
10003db8:	18d3      	adds	r3, r2, r3
10003dba:	4259      	negs	r1, r3
10003dbc:	414b      	adcs	r3, r1
10003dbe:	005b      	lsls	r3, r3, #1
10003dc0:	490b      	ldr	r1, [pc, #44]	; (10003df0 <stdio_uart_out_chars+0x70>)
10003dc2:	5e5b      	ldrsh	r3, [r3, r1]
10003dc4:	42bb      	cmp	r3, r7
10003dc6:	d0e1      	beq.n	10003d8c <stdio_uart_out_chars+0xc>
10003dc8:	466b      	mov	r3, sp
10003dca:	1dd9      	adds	r1, r3, #7
10003dcc:	700f      	strb	r7, [r1, #0]
10003dce:	2000      	movs	r0, #0
10003dd0:	2800      	cmp	r0, #0
10003dd2:	d1ea      	bne.n	10003daa <stdio_uart_out_chars+0x2a>
10003dd4:	6993      	ldr	r3, [r2, #24]
10003dd6:	069b      	lsls	r3, r3, #26
10003dd8:	d4fc      	bmi.n	10003dd4 <stdio_uart_out_chars+0x54>
10003dda:	780b      	ldrb	r3, [r1, #0]
10003ddc:	6013      	str	r3, [r2, #0]
10003dde:	3001      	adds	r0, #1
10003de0:	3101      	adds	r1, #1
10003de2:	e7f5      	b.n	10003dd0 <stdio_uart_out_chars+0x50>
10003de4:	b003      	add	sp, #12
10003de6:	bdf0      	pop	{r4, r5, r6, r7, pc}
10003de8:	20001d4c 	.word	0x20001d4c
10003dec:	bffc8000 	.word	0xbffc8000
10003df0:	20001d48 	.word	0x20001d48

10003df4 <stdio_uart_in_chars>:
10003df4:	b5f0      	push	{r4, r5, r6, r7, lr}
10003df6:	b083      	sub	sp, #12
10003df8:	0006      	movs	r6, r0
10003dfa:	000f      	movs	r7, r1
10003dfc:	2500      	movs	r5, #0
10003dfe:	e004      	b.n	10003e0a <stdio_uart_in_chars+0x16>
10003e00:	466b      	mov	r3, sp
10003e02:	3307      	adds	r3, #7
10003e04:	781b      	ldrb	r3, [r3, #0]
10003e06:	702b      	strb	r3, [r5, #0]
10003e08:	0025      	movs	r5, r4
10003e0a:	42bd      	cmp	r5, r7
10003e0c:	da15      	bge.n	10003e3a <stdio_uart_in_chars+0x46>
10003e0e:	4b16      	ldr	r3, [pc, #88]	; (10003e68 <stdio_uart_in_chars+0x74>)
10003e10:	681a      	ldr	r2, [r3, #0]
10003e12:	6993      	ldr	r3, [r2, #24]
10003e14:	2410      	movs	r4, #16
10003e16:	0021      	movs	r1, r4
10003e18:	4019      	ands	r1, r3
10003e1a:	421c      	tst	r4, r3
10003e1c:	d10d      	bne.n	10003e3a <stdio_uart_in_chars+0x46>
10003e1e:	1c6c      	adds	r4, r5, #1
10003e20:	1975      	adds	r5, r6, r5
10003e22:	466b      	mov	r3, sp
10003e24:	1dd8      	adds	r0, r3, #7
10003e26:	2900      	cmp	r1, #0
10003e28:	d1ea      	bne.n	10003e00 <stdio_uart_in_chars+0xc>
10003e2a:	6993      	ldr	r3, [r2, #24]
10003e2c:	06db      	lsls	r3, r3, #27
10003e2e:	d4fc      	bmi.n	10003e2a <stdio_uart_in_chars+0x36>
10003e30:	6813      	ldr	r3, [r2, #0]
10003e32:	7003      	strb	r3, [r0, #0]
10003e34:	3101      	adds	r1, #1
10003e36:	3001      	adds	r0, #1
10003e38:	e7f5      	b.n	10003e26 <stdio_uart_in_chars+0x32>
10003e3a:	4b0c      	ldr	r3, [pc, #48]	; (10003e6c <stdio_uart_in_chars+0x78>)
10003e3c:	681b      	ldr	r3, [r3, #0]
10003e3e:	2b00      	cmp	r3, #0
10003e40:	d00a      	beq.n	10003e58 <stdio_uart_in_chars+0x64>
10003e42:	4b09      	ldr	r3, [pc, #36]	; (10003e68 <stdio_uart_in_chars+0x74>)
10003e44:	681b      	ldr	r3, [r3, #0]
10003e46:	2250      	movs	r2, #80	; 0x50
10003e48:	639a      	str	r2, [r3, #56]	; 0x38
10003e4a:	6b59      	ldr	r1, [r3, #52]	; 0x34
10003e4c:	3a18      	subs	r2, #24
10003e4e:	400a      	ands	r2, r1
10003e50:	4907      	ldr	r1, [pc, #28]	; (10003e70 <stdio_uart_in_chars+0x7c>)
10003e52:	468c      	mov	ip, r1
10003e54:	4463      	add	r3, ip
10003e56:	601a      	str	r2, [r3, #0]
10003e58:	2d00      	cmp	r5, #0
10003e5a:	d002      	beq.n	10003e62 <stdio_uart_in_chars+0x6e>
10003e5c:	0028      	movs	r0, r5
10003e5e:	b003      	add	sp, #12
10003e60:	bdf0      	pop	{r4, r5, r6, r7, pc}
10003e62:	3d03      	subs	r5, #3
10003e64:	e7fa      	b.n	10003e5c <stdio_uart_in_chars+0x68>
10003e66:	46c0      	nop			; (mov r8, r8)
10003e68:	20001d4c 	.word	0x20001d4c
10003e6c:	20001680 	.word	0x20001680
10003e70:	00001034 	.word	0x00001034

10003e74 <on_uart_rx>:
10003e74:	b510      	push	{r4, lr}
10003e76:	4b06      	ldr	r3, [pc, #24]	; (10003e90 <on_uart_rx+0x1c>)
10003e78:	681b      	ldr	r3, [r3, #0]
10003e7a:	2b00      	cmp	r3, #0
10003e7c:	d006      	beq.n	10003e8c <on_uart_rx+0x18>
10003e7e:	4a05      	ldr	r2, [pc, #20]	; (10003e94 <on_uart_rx+0x20>)
10003e80:	6812      	ldr	r2, [r2, #0]
10003e82:	2100      	movs	r1, #0
10003e84:	6391      	str	r1, [r2, #56]	; 0x38
10003e86:	4a04      	ldr	r2, [pc, #16]	; (10003e98 <on_uart_rx+0x24>)
10003e88:	6810      	ldr	r0, [r2, #0]
10003e8a:	4798      	blx	r3
10003e8c:	bd10      	pop	{r4, pc}
10003e8e:	46c0      	nop			; (mov r8, r8)
10003e90:	20001680 	.word	0x20001680
10003e94:	20001d4c 	.word	0x20001d4c
10003e98:	20001688 	.word	0x20001688

10003e9c <stdio_uart_out_flush>:
10003e9c:	4b02      	ldr	r3, [pc, #8]	; (10003ea8 <stdio_uart_out_flush+0xc>)
10003e9e:	699b      	ldr	r3, [r3, #24]
10003ea0:	071b      	lsls	r3, r3, #28
10003ea2:	d4fb      	bmi.n	10003e9c <stdio_uart_out_flush>
10003ea4:	4770      	bx	lr
10003ea6:	46c0      	nop			; (mov r8, r8)
10003ea8:	40034000 	.word	0x40034000

10003eac <stdio_uart_set_chars_available_callback>:
10003eac:	b570      	push	{r4, r5, r6, lr}
10003eae:	0004      	movs	r4, r0
10003eb0:	000d      	movs	r5, r1
10003eb2:	4b1c      	ldr	r3, [pc, #112]	; (10003f24 <stdio_uart_set_chars_available_callback+0x78>)
10003eb4:	681b      	ldr	r3, [r3, #0]
10003eb6:	4a1c      	ldr	r2, [pc, #112]	; (10003f28 <stdio_uart_set_chars_available_callback+0x7c>)
10003eb8:	4293      	cmp	r3, r2
10003eba:	d00d      	beq.n	10003ed8 <stdio_uart_set_chars_available_callback+0x2c>
10003ebc:	2614      	movs	r6, #20
10003ebe:	2c00      	cmp	r4, #0
10003ec0:	d003      	beq.n	10003eca <stdio_uart_set_chars_available_callback+0x1e>
10003ec2:	4a1a      	ldr	r2, [pc, #104]	; (10003f2c <stdio_uart_set_chars_available_callback+0x80>)
10003ec4:	6812      	ldr	r2, [r2, #0]
10003ec6:	2a00      	cmp	r2, #0
10003ec8:	d008      	beq.n	10003edc <stdio_uart_set_chars_available_callback+0x30>
10003eca:	2c00      	cmp	r4, #0
10003ecc:	d01a      	beq.n	10003f04 <stdio_uart_set_chars_available_callback+0x58>
10003ece:	4b17      	ldr	r3, [pc, #92]	; (10003f2c <stdio_uart_set_chars_available_callback+0x80>)
10003ed0:	601c      	str	r4, [r3, #0]
10003ed2:	4b17      	ldr	r3, [pc, #92]	; (10003f30 <stdio_uart_set_chars_available_callback+0x84>)
10003ed4:	601d      	str	r5, [r3, #0]
10003ed6:	bd70      	pop	{r4, r5, r6, pc}
10003ed8:	2615      	movs	r6, #21
10003eda:	e7f0      	b.n	10003ebe <stdio_uart_set_chars_available_callback+0x12>
10003edc:	4915      	ldr	r1, [pc, #84]	; (10003f34 <stdio_uart_set_chars_available_callback+0x88>)
10003ede:	0030      	movs	r0, r6
10003ee0:	f7fc fc06 	bl	100006f0 <irq_set_exclusive_handler>
10003ee4:	2101      	movs	r1, #1
10003ee6:	0030      	movs	r0, r6
10003ee8:	f7fc fbd6 	bl	10000698 <irq_set_enabled>
10003eec:	4b0d      	ldr	r3, [pc, #52]	; (10003f24 <stdio_uart_set_chars_available_callback+0x78>)
10003eee:	681b      	ldr	r3, [r3, #0]
10003ef0:	2250      	movs	r2, #80	; 0x50
10003ef2:	639a      	str	r2, [r3, #56]	; 0x38
10003ef4:	6b59      	ldr	r1, [r3, #52]	; 0x34
10003ef6:	3a18      	subs	r2, #24
10003ef8:	400a      	ands	r2, r1
10003efa:	490f      	ldr	r1, [pc, #60]	; (10003f38 <stdio_uart_set_chars_available_callback+0x8c>)
10003efc:	468c      	mov	ip, r1
10003efe:	4463      	add	r3, ip
10003f00:	601a      	str	r2, [r3, #0]
10003f02:	e7e4      	b.n	10003ece <stdio_uart_set_chars_available_callback+0x22>
10003f04:	4a09      	ldr	r2, [pc, #36]	; (10003f2c <stdio_uart_set_chars_available_callback+0x80>)
10003f06:	6812      	ldr	r2, [r2, #0]
10003f08:	2a00      	cmp	r2, #0
10003f0a:	d0e0      	beq.n	10003ece <stdio_uart_set_chars_available_callback+0x22>
10003f0c:	2200      	movs	r2, #0
10003f0e:	639a      	str	r2, [r3, #56]	; 0x38
10003f10:	2100      	movs	r1, #0
10003f12:	0030      	movs	r0, r6
10003f14:	f7fc fbc0 	bl	10000698 <irq_set_enabled>
10003f18:	4906      	ldr	r1, [pc, #24]	; (10003f34 <stdio_uart_set_chars_available_callback+0x88>)
10003f1a:	0030      	movs	r0, r6
10003f1c:	f7fc fd2e 	bl	1000097c <irq_remove_handler>
10003f20:	e7d5      	b.n	10003ece <stdio_uart_set_chars_available_callback+0x22>
10003f22:	46c0      	nop			; (mov r8, r8)
10003f24:	20001d4c 	.word	0x20001d4c
10003f28:	40038000 	.word	0x40038000
10003f2c:	20001680 	.word	0x20001680
10003f30:	20001688 	.word	0x20001688
10003f34:	10003e75 	.word	0x10003e75
10003f38:	00001034 	.word	0x00001034

10003f3c <stdio_uart_init_full>:
10003f3c:	b570      	push	{r4, r5, r6, lr}
10003f3e:	000d      	movs	r5, r1
10003f40:	001c      	movs	r4, r3
10003f42:	4b0d      	ldr	r3, [pc, #52]	; (10003f78 <stdio_uart_init_full+0x3c>)
10003f44:	6018      	str	r0, [r3, #0]
10003f46:	2a00      	cmp	r2, #0
10003f48:	da0b      	bge.n	10003f62 <stdio_uart_init_full+0x26>
10003f4a:	2c00      	cmp	r4, #0
10003f4c:	da0e      	bge.n	10003f6c <stdio_uart_init_full+0x30>
10003f4e:	4b0a      	ldr	r3, [pc, #40]	; (10003f78 <stdio_uart_init_full+0x3c>)
10003f50:	6818      	ldr	r0, [r3, #0]
10003f52:	0029      	movs	r1, r5
10003f54:	f7fd fac8 	bl	100014e8 <uart_init>
10003f58:	2101      	movs	r1, #1
10003f5a:	4808      	ldr	r0, [pc, #32]	; (10003f7c <stdio_uart_init_full+0x40>)
10003f5c:	f7ff fea8 	bl	10003cb0 <stdio_set_driver_enabled>
10003f60:	bd70      	pop	{r4, r5, r6, pc}
10003f62:	2102      	movs	r1, #2
10003f64:	0010      	movs	r0, r2
10003f66:	f7fc fa33 	bl	100003d0 <gpio_set_function>
10003f6a:	e7ee      	b.n	10003f4a <stdio_uart_init_full+0xe>
10003f6c:	2102      	movs	r1, #2
10003f6e:	0020      	movs	r0, r4
10003f70:	f7fc fa2e 	bl	100003d0 <gpio_set_function>
10003f74:	e7eb      	b.n	10003f4e <stdio_uart_init_full+0x12>
10003f76:	46c0      	nop			; (mov r8, r8)
10003f78:	20001d4c 	.word	0x20001d4c
10003f7c:	20000c80 	.word	0x20000c80

10003f80 <stdio_uart_init>:
10003f80:	b510      	push	{r4, lr}
10003f82:	4b07      	ldr	r3, [pc, #28]	; (10003fa0 <stdio_uart_init+0x20>)
10003f84:	781b      	ldrb	r3, [r3, #0]
10003f86:	4b07      	ldr	r3, [pc, #28]	; (10003fa4 <stdio_uart_init+0x24>)
10003f88:	781b      	ldrb	r3, [r3, #0]
10003f8a:	4b07      	ldr	r3, [pc, #28]	; (10003fa8 <stdio_uart_init+0x28>)
10003f8c:	781b      	ldrb	r3, [r3, #0]
10003f8e:	21e1      	movs	r1, #225	; 0xe1
10003f90:	2301      	movs	r3, #1
10003f92:	2200      	movs	r2, #0
10003f94:	0249      	lsls	r1, r1, #9
10003f96:	4805      	ldr	r0, [pc, #20]	; (10003fac <stdio_uart_init+0x2c>)
10003f98:	f7ff ffd0 	bl	10003f3c <stdio_uart_init_full>
10003f9c:	bd10      	pop	{r4, pc}
10003f9e:	46c0      	nop			; (mov r8, r8)
10003fa0:	1000817c 	.word	0x1000817c
10003fa4:	10008180 	.word	0x10008180
10003fa8:	10008184 	.word	0x10008184
10003fac:	40034000 	.word	0x40034000

10003fb0 <resetd_init>:
10003fb0:	4770      	bx	lr
	...

10003fb4 <resetd_reset>:
10003fb4:	4b01      	ldr	r3, [pc, #4]	; (10003fbc <resetd_reset+0x8>)
10003fb6:	2200      	movs	r2, #0
10003fb8:	701a      	strb	r2, [r3, #0]
10003fba:	4770      	bx	lr
10003fbc:	20001d69 	.word	0x20001d69

10003fc0 <resetd_open>:
10003fc0:	794b      	ldrb	r3, [r1, #5]
10003fc2:	2bff      	cmp	r3, #255	; 0xff
10003fc4:	d10c      	bne.n	10003fe0 <resetd_open+0x20>
10003fc6:	798b      	ldrb	r3, [r1, #6]
10003fc8:	2b00      	cmp	r3, #0
10003fca:	d10b      	bne.n	10003fe4 <resetd_open+0x24>
10003fcc:	79cb      	ldrb	r3, [r1, #7]
10003fce:	2b01      	cmp	r3, #1
10003fd0:	d10a      	bne.n	10003fe8 <resetd_open+0x28>
10003fd2:	2a08      	cmp	r2, #8
10003fd4:	d90a      	bls.n	10003fec <resetd_open+0x2c>
10003fd6:	788a      	ldrb	r2, [r1, #2]
10003fd8:	4b05      	ldr	r3, [pc, #20]	; (10003ff0 <resetd_open+0x30>)
10003fda:	701a      	strb	r2, [r3, #0]
10003fdc:	2009      	movs	r0, #9
10003fde:	e000      	b.n	10003fe2 <resetd_open+0x22>
10003fe0:	2000      	movs	r0, #0
10003fe2:	4770      	bx	lr
10003fe4:	2000      	movs	r0, #0
10003fe6:	e7fc      	b.n	10003fe2 <resetd_open+0x22>
10003fe8:	2000      	movs	r0, #0
10003fea:	e7fa      	b.n	10003fe2 <resetd_open+0x22>
10003fec:	2000      	movs	r0, #0
10003fee:	e7f8      	b.n	10003fe2 <resetd_open+0x22>
10003ff0:	20001d69 	.word	0x20001d69

10003ff4 <resetd_xfer_cb>:
10003ff4:	2001      	movs	r0, #1
10003ff6:	4770      	bx	lr

10003ff8 <resetd_control_xfer_cb>:
10003ff8:	b510      	push	{r4, lr}
10003ffa:	2901      	cmp	r1, #1
10003ffc:	d126      	bne.n	1000404c <resetd_control_xfer_cb+0x54>
10003ffe:	7911      	ldrb	r1, [r2, #4]
10004000:	7953      	ldrb	r3, [r2, #5]
10004002:	021b      	lsls	r3, r3, #8
10004004:	430b      	orrs	r3, r1
10004006:	4912      	ldr	r1, [pc, #72]	; (10004050 <resetd_control_xfer_cb+0x58>)
10004008:	7809      	ldrb	r1, [r1, #0]
1000400a:	428b      	cmp	r3, r1
1000400c:	d001      	beq.n	10004012 <resetd_control_xfer_cb+0x1a>
1000400e:	2000      	movs	r0, #0
10004010:	e01d      	b.n	1000404e <resetd_control_xfer_cb+0x56>
10004012:	7853      	ldrb	r3, [r2, #1]
10004014:	2b01      	cmp	r3, #1
10004016:	d003      	beq.n	10004020 <resetd_control_xfer_cb+0x28>
10004018:	2b02      	cmp	r3, #2
1000401a:	d010      	beq.n	1000403e <resetd_control_xfer_cb+0x46>
1000401c:	2000      	movs	r0, #0
1000401e:	e016      	b.n	1000404e <resetd_control_xfer_cb+0x56>
10004020:	7891      	ldrb	r1, [r2, #2]
10004022:	78d3      	ldrb	r3, [r2, #3]
10004024:	021b      	lsls	r3, r3, #8
10004026:	4319      	orrs	r1, r3
10004028:	05db      	lsls	r3, r3, #23
1000402a:	d506      	bpl.n	1000403a <resetd_control_xfer_cb+0x42>
1000402c:	0a4b      	lsrs	r3, r1, #9
1000402e:	2001      	movs	r0, #1
10004030:	4098      	lsls	r0, r3
10004032:	237f      	movs	r3, #127	; 0x7f
10004034:	4019      	ands	r1, r3
10004036:	f7fd fd4b 	bl	10001ad0 <rom_reset_usb_boot>
1000403a:	2000      	movs	r0, #0
1000403c:	e7f9      	b.n	10004032 <resetd_control_xfer_cb+0x3a>
1000403e:	2264      	movs	r2, #100	; 0x64
10004040:	2100      	movs	r1, #0
10004042:	2000      	movs	r0, #0
10004044:	f7fd fbf0 	bl	10001828 <watchdog_reboot>
10004048:	2001      	movs	r0, #1
1000404a:	e000      	b.n	1000404e <resetd_control_xfer_cb+0x56>
1000404c:	2001      	movs	r0, #1
1000404e:	bd10      	pop	{r4, pc}
10004050:	20001d69 	.word	0x20001d69

10004054 <tud_descriptor_bos_cb>:
10004054:	4800      	ldr	r0, [pc, #0]	; (10004058 <tud_descriptor_bos_cb+0x4>)
10004056:	4770      	bx	lr
10004058:	1000783c 	.word	0x1000783c

1000405c <tud_vendor_control_xfer_cb>:
1000405c:	b510      	push	{r4, lr}
1000405e:	0014      	movs	r4, r2
10004060:	2901      	cmp	r1, #1
10004062:	d110      	bne.n	10004086 <tud_vendor_control_xfer_cb+0x2a>
10004064:	7853      	ldrb	r3, [r2, #1]
10004066:	2b01      	cmp	r3, #1
10004068:	d10f      	bne.n	1000408a <tud_vendor_control_xfer_cb+0x2e>
1000406a:	7912      	ldrb	r2, [r2, #4]
1000406c:	7963      	ldrb	r3, [r4, #5]
1000406e:	021b      	lsls	r3, r3, #8
10004070:	4313      	orrs	r3, r2
10004072:	2b07      	cmp	r3, #7
10004074:	d001      	beq.n	1000407a <tud_vendor_control_xfer_cb+0x1e>
10004076:	2000      	movs	r0, #0
10004078:	e006      	b.n	10004088 <tud_vendor_control_xfer_cb+0x2c>
1000407a:	339f      	adds	r3, #159	; 0x9f
1000407c:	4a04      	ldr	r2, [pc, #16]	; (10004090 <tud_vendor_control_xfer_cb+0x34>)
1000407e:	0021      	movs	r1, r4
10004080:	f001 fb2a 	bl	100056d8 <tud_control_xfer>
10004084:	e000      	b.n	10004088 <tud_vendor_control_xfer_cb+0x2c>
10004086:	2001      	movs	r0, #1
10004088:	bd10      	pop	{r4, pc}
1000408a:	2000      	movs	r0, #0
1000408c:	e7fc      	b.n	10004088 <tud_vendor_control_xfer_cb+0x2c>
1000408e:	46c0      	nop			; (mov r8, r8)
10004090:	10007860 	.word	0x10007860

10004094 <usbd_app_driver_get_cb>:
10004094:	2301      	movs	r3, #1
10004096:	7003      	strb	r3, [r0, #0]
10004098:	4800      	ldr	r0, [pc, #0]	; (1000409c <usbd_app_driver_get_cb+0x8>)
1000409a:	4770      	bx	lr
1000409c:	1000781c 	.word	0x1000781c

100040a0 <tud_cdc_line_coding_cb>:
100040a0:	b510      	push	{r4, lr}
100040a2:	780b      	ldrb	r3, [r1, #0]
100040a4:	7848      	ldrb	r0, [r1, #1]
100040a6:	0200      	lsls	r0, r0, #8
100040a8:	4318      	orrs	r0, r3
100040aa:	788a      	ldrb	r2, [r1, #2]
100040ac:	0412      	lsls	r2, r2, #16
100040ae:	4310      	orrs	r0, r2
100040b0:	78cb      	ldrb	r3, [r1, #3]
100040b2:	061b      	lsls	r3, r3, #24
100040b4:	4303      	orrs	r3, r0
100040b6:	2296      	movs	r2, #150	; 0x96
100040b8:	00d2      	lsls	r2, r2, #3
100040ba:	4293      	cmp	r3, r2
100040bc:	d000      	beq.n	100040c0 <tud_cdc_line_coding_cb+0x20>
100040be:	bd10      	pop	{r4, pc}
100040c0:	2100      	movs	r1, #0
100040c2:	0008      	movs	r0, r1
100040c4:	f7fd fd04 	bl	10001ad0 <rom_reset_usb_boot>

100040c8 <stdio_usb_set_chars_available_callback>:
100040c8:	4b02      	ldr	r3, [pc, #8]	; (100040d4 <stdio_usb_set_chars_available_callback+0xc>)
100040ca:	6018      	str	r0, [r3, #0]
100040cc:	4b02      	ldr	r3, [pc, #8]	; (100040d8 <stdio_usb_set_chars_available_callback+0x10>)
100040ce:	6019      	str	r1, [r3, #0]
100040d0:	4770      	bx	lr
100040d2:	46c0      	nop			; (mov r8, r8)
100040d4:	20001684 	.word	0x20001684
100040d8:	2000168c 	.word	0x2000168c

100040dc <stdio_usb_out_flush>:
100040dc:	b510      	push	{r4, lr}
100040de:	f7fd f97b 	bl	100013d8 <time_us_64>
100040e2:	4a0e      	ldr	r2, [pc, #56]	; (1000411c <stdio_usb_out_flush+0x40>)
100040e4:	2300      	movs	r3, #0
100040e6:	1812      	adds	r2, r2, r0
100040e8:	414b      	adcs	r3, r1
100040ea:	2b00      	cmp	r3, #0
100040ec:	db12      	blt.n	10004114 <stdio_usb_out_flush+0x38>
100040ee:	480c      	ldr	r0, [pc, #48]	; (10004120 <stdio_usb_out_flush+0x44>)
100040f0:	f002 fd3a 	bl	10006b68 <__mutex_try_enter_block_until_veneer>
100040f4:	2800      	cmp	r0, #0
100040f6:	d00c      	beq.n	10004112 <stdio_usb_out_flush+0x36>
100040f8:	2001      	movs	r0, #1
100040fa:	2100      	movs	r1, #0
100040fc:	4240      	negs	r0, r0
100040fe:	f001 f9b3 	bl	10005468 <tud_task_ext>
10004102:	2000      	movs	r0, #0
10004104:	f001 fc58 	bl	100059b8 <tud_cdc_n_write_flush>
10004108:	2800      	cmp	r0, #0
1000410a:	d1f5      	bne.n	100040f8 <stdio_usb_out_flush+0x1c>
1000410c:	4804      	ldr	r0, [pc, #16]	; (10004120 <stdio_usb_out_flush+0x44>)
1000410e:	f002 fcf3 	bl	10006af8 <__mutex_exit_veneer>
10004112:	bd10      	pop	{r4, pc}
10004114:	2201      	movs	r2, #1
10004116:	4252      	negs	r2, r2
10004118:	4b02      	ldr	r3, [pc, #8]	; (10004124 <stdio_usb_out_flush+0x48>)
1000411a:	e7e8      	b.n	100040ee <stdio_usb_out_flush+0x12>
1000411c:	000f4240 	.word	0x000f4240
10004120:	20001d40 	.word	0x20001d40
10004124:	7fffffff 	.word	0x7fffffff

10004128 <usb_irq>:
10004128:	b510      	push	{r4, lr}
1000412a:	4b02      	ldr	r3, [pc, #8]	; (10004134 <usb_irq+0xc>)
1000412c:	7818      	ldrb	r0, [r3, #0]
1000412e:	f7fc fabd 	bl	100006ac <irq_set_pending>
10004132:	bd10      	pop	{r4, pc}
10004134:	20001d6a 	.word	0x20001d6a

10004138 <low_priority_worker_irq>:
10004138:	b510      	push	{r4, lr}
1000413a:	b084      	sub	sp, #16
1000413c:	2100      	movs	r1, #0
1000413e:	482b      	ldr	r0, [pc, #172]	; (100041ec <low_priority_worker_irq+0xb4>)
10004140:	f002 fd02 	bl	10006b48 <__mutex_try_enter_veneer>
10004144:	2800      	cmp	r0, #0
10004146:	d121      	bne.n	1000418c <low_priority_worker_irq+0x54>
10004148:	4b29      	ldr	r3, [pc, #164]	; (100041f0 <low_priority_worker_irq+0xb8>)
1000414a:	681b      	ldr	r3, [r3, #0]
1000414c:	2b00      	cmp	r3, #0
1000414e:	d01b      	beq.n	10004188 <low_priority_worker_irq+0x50>
10004150:	4b27      	ldr	r3, [pc, #156]	; (100041f0 <low_priority_worker_irq+0xb8>)
10004152:	6819      	ldr	r1, [r3, #0]
10004154:	f3ef 8210 	mrs	r2, PRIMASK
10004158:	b672      	cpsid	i
1000415a:	680b      	ldr	r3, [r1, #0]
1000415c:	2b00      	cmp	r3, #0
1000415e:	d0fc      	beq.n	1000415a <low_priority_worker_irq+0x22>
10004160:	f3bf 8f5f 	dmb	sy
10004164:	4922      	ldr	r1, [pc, #136]	; (100041f0 <low_priority_worker_irq+0xb8>)
10004166:	604a      	str	r2, [r1, #4]
10004168:	4822      	ldr	r0, [pc, #136]	; (100041f4 <low_priority_worker_irq+0xbc>)
1000416a:	7803      	ldrb	r3, [r0, #0]
1000416c:	2401      	movs	r4, #1
1000416e:	4063      	eors	r3, r4
10004170:	b2db      	uxtb	r3, r3
10004172:	2401      	movs	r4, #1
10004174:	7004      	strb	r4, [r0, #0]
10004176:	6809      	ldr	r1, [r1, #0]
10004178:	f3bf 8f5f 	dmb	sy
1000417c:	2000      	movs	r0, #0
1000417e:	6008      	str	r0, [r1, #0]
10004180:	f382 8810 	msr	PRIMASK, r2
10004184:	2b00      	cmp	r3, #0
10004186:	d117      	bne.n	100041b8 <low_priority_worker_irq+0x80>
10004188:	b004      	add	sp, #16
1000418a:	bd10      	pop	{r4, pc}
1000418c:	2001      	movs	r0, #1
1000418e:	2100      	movs	r1, #0
10004190:	4240      	negs	r0, r0
10004192:	f001 f969 	bl	10005468 <tud_task_ext>
10004196:	2000      	movs	r0, #0
10004198:	f001 fbe6 	bl	10005968 <tud_cdc_n_available>
1000419c:	0004      	movs	r4, r0
1000419e:	4813      	ldr	r0, [pc, #76]	; (100041ec <low_priority_worker_irq+0xb4>)
100041a0:	f002 fcaa 	bl	10006af8 <__mutex_exit_veneer>
100041a4:	2c00      	cmp	r4, #0
100041a6:	d0ef      	beq.n	10004188 <low_priority_worker_irq+0x50>
100041a8:	4b13      	ldr	r3, [pc, #76]	; (100041f8 <low_priority_worker_irq+0xc0>)
100041aa:	681b      	ldr	r3, [r3, #0]
100041ac:	2b00      	cmp	r3, #0
100041ae:	d0eb      	beq.n	10004188 <low_priority_worker_irq+0x50>
100041b0:	4a12      	ldr	r2, [pc, #72]	; (100041fc <low_priority_worker_irq+0xc4>)
100041b2:	6810      	ldr	r0, [r2, #0]
100041b4:	4798      	blx	r3
100041b6:	e7e7      	b.n	10004188 <low_priority_worker_irq+0x50>
100041b8:	f7fc ff7c 	bl	100010b4 <alarm_pool_get_default>
100041bc:	0004      	movs	r4, r0
100041be:	f7fd f90b 	bl	100013d8 <time_us_64>
100041c2:	22fa      	movs	r2, #250	; 0xfa
100041c4:	0092      	lsls	r2, r2, #2
100041c6:	2300      	movs	r3, #0
100041c8:	1812      	adds	r2, r2, r0
100041ca:	414b      	adcs	r3, r1
100041cc:	2b00      	cmp	r3, #0
100041ce:	db09      	blt.n	100041e4 <low_priority_worker_irq+0xac>
100041d0:	2101      	movs	r1, #1
100041d2:	9102      	str	r1, [sp, #8]
100041d4:	2100      	movs	r1, #0
100041d6:	9101      	str	r1, [sp, #4]
100041d8:	4909      	ldr	r1, [pc, #36]	; (10004200 <low_priority_worker_irq+0xc8>)
100041da:	9100      	str	r1, [sp, #0]
100041dc:	0020      	movs	r0, r4
100041de:	f7fc ffd7 	bl	10001190 <alarm_pool_add_alarm_at>
100041e2:	e7d1      	b.n	10004188 <low_priority_worker_irq+0x50>
100041e4:	2201      	movs	r2, #1
100041e6:	4252      	negs	r2, r2
100041e8:	4b06      	ldr	r3, [pc, #24]	; (10004204 <low_priority_worker_irq+0xcc>)
100041ea:	e7f1      	b.n	100041d0 <low_priority_worker_irq+0x98>
100041ec:	20001d40 	.word	0x20001d40
100041f0:	20001b18 	.word	0x20001b18
100041f4:	20001d6b 	.word	0x20001d6b
100041f8:	20001684 	.word	0x20001684
100041fc:	2000168c 	.word	0x2000168c
10004200:	10004209 	.word	0x10004209
10004204:	7fffffff 	.word	0x7fffffff

10004208 <timer_task>:
10004208:	b570      	push	{r4, r5, r6, lr}
1000420a:	4b17      	ldr	r3, [pc, #92]	; (10004268 <timer_task+0x60>)
1000420c:	681b      	ldr	r3, [r3, #0]
1000420e:	2b00      	cmp	r3, #0
10004210:	d021      	beq.n	10004256 <timer_task+0x4e>
10004212:	4b15      	ldr	r3, [pc, #84]	; (10004268 <timer_task+0x60>)
10004214:	6819      	ldr	r1, [r3, #0]
10004216:	f3ef 8310 	mrs	r3, PRIMASK
1000421a:	b672      	cpsid	i
1000421c:	680a      	ldr	r2, [r1, #0]
1000421e:	2a00      	cmp	r2, #0
10004220:	d0fc      	beq.n	1000421c <timer_task+0x14>
10004222:	f3bf 8f5f 	dmb	sy
10004226:	4910      	ldr	r1, [pc, #64]	; (10004268 <timer_task+0x60>)
10004228:	604b      	str	r3, [r1, #4]
1000422a:	2200      	movs	r2, #0
1000422c:	480f      	ldr	r0, [pc, #60]	; (1000426c <timer_task+0x64>)
1000422e:	7002      	strb	r2, [r0, #0]
10004230:	6809      	ldr	r1, [r1, #0]
10004232:	f3bf 8f5f 	dmb	sy
10004236:	600a      	str	r2, [r1, #0]
10004238:	f383 8810 	msr	PRIMASK, r3
1000423c:	2400      	movs	r4, #0
1000423e:	2500      	movs	r5, #0
10004240:	4b0b      	ldr	r3, [pc, #44]	; (10004270 <timer_task+0x68>)
10004242:	7818      	ldrb	r0, [r3, #0]
10004244:	f7fc fa0e 	bl	10000664 <irq_is_enabled>
10004248:	2800      	cmp	r0, #0
1000424a:	d108      	bne.n	1000425e <timer_task+0x56>
1000424c:	2400      	movs	r4, #0
1000424e:	2500      	movs	r5, #0
10004250:	0020      	movs	r0, r4
10004252:	0029      	movs	r1, r5
10004254:	bd70      	pop	{r4, r5, r6, pc}
10004256:	24fa      	movs	r4, #250	; 0xfa
10004258:	00a4      	lsls	r4, r4, #2
1000425a:	2500      	movs	r5, #0
1000425c:	e7f0      	b.n	10004240 <timer_task+0x38>
1000425e:	4b04      	ldr	r3, [pc, #16]	; (10004270 <timer_task+0x68>)
10004260:	7818      	ldrb	r0, [r3, #0]
10004262:	f7fc fa23 	bl	100006ac <irq_set_pending>
10004266:	e7f3      	b.n	10004250 <timer_task+0x48>
10004268:	20001b18 	.word	0x20001b18
1000426c:	20001d6b 	.word	0x20001d6b
10004270:	20001d6a 	.word	0x20001d6a

10004274 <stdio_usb_init>:
10004274:	b510      	push	{r4, lr}
10004276:	b084      	sub	sp, #16
10004278:	23d0      	movs	r3, #208	; 0xd0
1000427a:	061b      	lsls	r3, r3, #24
1000427c:	681c      	ldr	r4, [r3, #0]
1000427e:	f7fc ff19 	bl	100010b4 <alarm_pool_get_default>
10004282:	f7fc ffdf 	bl	10001244 <alarm_pool_core_num>
10004286:	42a0      	cmp	r0, r4
10004288:	d12c      	bne.n	100042e4 <stdio_usb_init+0x70>
1000428a:	4b2d      	ldr	r3, [pc, #180]	; (10004340 <stdio_usb_init+0xcc>)
1000428c:	781b      	ldrb	r3, [r3, #0]
1000428e:	f002 f891 	bl	100063b4 <tusb_init>
10004292:	4b2c      	ldr	r3, [pc, #176]	; (10004344 <stdio_usb_init+0xd0>)
10004294:	681b      	ldr	r3, [r3, #0]
10004296:	2b00      	cmp	r3, #0
10004298:	d02a      	beq.n	100042f0 <stdio_usb_init+0x7c>
1000429a:	2001      	movs	r0, #1
1000429c:	f7fc fcc0 	bl	10000c20 <user_irq_claim_unused>
100042a0:	b2c0      	uxtb	r0, r0
100042a2:	4c29      	ldr	r4, [pc, #164]	; (10004348 <stdio_usb_init+0xd4>)
100042a4:	7020      	strb	r0, [r4, #0]
100042a6:	4929      	ldr	r1, [pc, #164]	; (1000434c <stdio_usb_init+0xd8>)
100042a8:	f7fc fa22 	bl	100006f0 <irq_set_exclusive_handler>
100042ac:	7820      	ldrb	r0, [r4, #0]
100042ae:	2101      	movs	r1, #1
100042b0:	f7fc f9f2 	bl	10000698 <irq_set_enabled>
100042b4:	2005      	movs	r0, #5
100042b6:	f7fc fa09 	bl	100006cc <irq_has_shared_handler>
100042ba:	1e04      	subs	r4, r0, #0
100042bc:	d01c      	beq.n	100042f8 <stdio_usb_init+0x84>
100042be:	2001      	movs	r0, #1
100042c0:	f7fc f944 	bl	1000054c <spin_lock_claim_unused>
100042c4:	0001      	movs	r1, r0
100042c6:	4822      	ldr	r0, [pc, #136]	; (10004350 <stdio_usb_init+0xdc>)
100042c8:	f7fc fd08 	bl	10000cdc <critical_section_init_with_lock_num>
100042cc:	2200      	movs	r2, #0
100042ce:	4921      	ldr	r1, [pc, #132]	; (10004354 <stdio_usb_init+0xe0>)
100042d0:	2005      	movs	r0, #5
100042d2:	f7fc fa37 	bl	10000744 <irq_add_shared_handler>
100042d6:	2101      	movs	r1, #1
100042d8:	481f      	ldr	r0, [pc, #124]	; (10004358 <stdio_usb_init+0xe4>)
100042da:	f7ff fce9 	bl	10003cb0 <stdio_set_driver_enabled>
100042de:	0020      	movs	r0, r4
100042e0:	b004      	add	sp, #16
100042e2:	bd10      	pop	{r4, pc}
100042e4:	4b1d      	ldr	r3, [pc, #116]	; (1000435c <stdio_usb_init+0xe8>)
100042e6:	4a1e      	ldr	r2, [pc, #120]	; (10004360 <stdio_usb_init+0xec>)
100042e8:	21c1      	movs	r1, #193	; 0xc1
100042ea:	481e      	ldr	r0, [pc, #120]	; (10004364 <stdio_usb_init+0xf0>)
100042ec:	f7ff fbca 	bl	10003a84 <__assert_func>
100042f0:	4814      	ldr	r0, [pc, #80]	; (10004344 <stdio_usb_init+0xd0>)
100042f2:	f7fc fcb1 	bl	10000c58 <mutex_init>
100042f6:	e7d0      	b.n	1000429a <stdio_usb_init+0x26>
100042f8:	2208      	movs	r2, #8
100042fa:	2100      	movs	r1, #0
100042fc:	4814      	ldr	r0, [pc, #80]	; (10004350 <stdio_usb_init+0xdc>)
100042fe:	f7fe fb0f 	bl	10002920 <__wrap_memset>
10004302:	f7fc fed7 	bl	100010b4 <alarm_pool_get_default>
10004306:	0004      	movs	r4, r0
10004308:	f7fd f866 	bl	100013d8 <time_us_64>
1000430c:	22fa      	movs	r2, #250	; 0xfa
1000430e:	0092      	lsls	r2, r2, #2
10004310:	2300      	movs	r3, #0
10004312:	1812      	adds	r2, r2, r0
10004314:	414b      	adcs	r3, r1
10004316:	2b00      	cmp	r3, #0
10004318:	db0d      	blt.n	10004336 <stdio_usb_init+0xc2>
1000431a:	2101      	movs	r1, #1
1000431c:	9102      	str	r1, [sp, #8]
1000431e:	2100      	movs	r1, #0
10004320:	9101      	str	r1, [sp, #4]
10004322:	4911      	ldr	r1, [pc, #68]	; (10004368 <stdio_usb_init+0xf4>)
10004324:	9100      	str	r1, [sp, #0]
10004326:	0020      	movs	r0, r4
10004328:	f7fc ff32 	bl	10001190 <alarm_pool_add_alarm_at>
1000432c:	43c0      	mvns	r0, r0
1000432e:	0fc4      	lsrs	r4, r0, #31
10004330:	2800      	cmp	r0, #0
10004332:	dad4      	bge.n	100042de <stdio_usb_init+0x6a>
10004334:	e7cf      	b.n	100042d6 <stdio_usb_init+0x62>
10004336:	2201      	movs	r2, #1
10004338:	4252      	negs	r2, r2
1000433a:	4b0c      	ldr	r3, [pc, #48]	; (1000436c <stdio_usb_init+0xf8>)
1000433c:	e7ed      	b.n	1000431a <stdio_usb_init+0xa6>
1000433e:	46c0      	nop			; (mov r8, r8)
10004340:	10008188 	.word	0x10008188
10004344:	20001d40 	.word	0x20001d40
10004348:	20001d6a 	.word	0x20001d6a
1000434c:	10004139 	.word	0x10004139
10004350:	20001b18 	.word	0x20001b18
10004354:	10004129 	.word	0x10004129
10004358:	20000c98 	.word	0x20000c98
1000435c:	10006f68 	.word	0x10006f68
10004360:	1000797c 	.word	0x1000797c
10004364:	10007908 	.word	0x10007908
10004368:	10004209 	.word	0x10004209
1000436c:	7fffffff 	.word	0x7fffffff

10004370 <stdio_usb_connected>:
10004370:	b510      	push	{r4, lr}
10004372:	2000      	movs	r0, #0
10004374:	f001 fad6 	bl	10005924 <tud_cdc_n_connected>
10004378:	bd10      	pop	{r4, pc}
	...

1000437c <stdio_usb_in_chars>:
1000437c:	b570      	push	{r4, r5, r6, lr}
1000437e:	0005      	movs	r5, r0
10004380:	000c      	movs	r4, r1
10004382:	f7ff fff5 	bl	10004370 <stdio_usb_connected>
10004386:	2800      	cmp	r0, #0
10004388:	d034      	beq.n	100043f4 <stdio_usb_in_chars+0x78>
1000438a:	2000      	movs	r0, #0
1000438c:	f001 faec 	bl	10005968 <tud_cdc_n_available>
10004390:	2800      	cmp	r0, #0
10004392:	d032      	beq.n	100043fa <stdio_usb_in_chars+0x7e>
10004394:	f7fd f820 	bl	100013d8 <time_us_64>
10004398:	4a1b      	ldr	r2, [pc, #108]	; (10004408 <stdio_usb_in_chars+0x8c>)
1000439a:	2300      	movs	r3, #0
1000439c:	1812      	adds	r2, r2, r0
1000439e:	414b      	adcs	r3, r1
100043a0:	2b00      	cmp	r3, #0
100043a2:	db19      	blt.n	100043d8 <stdio_usb_in_chars+0x5c>
100043a4:	4819      	ldr	r0, [pc, #100]	; (1000440c <stdio_usb_in_chars+0x90>)
100043a6:	f002 fbdf 	bl	10006b68 <__mutex_try_enter_block_until_veneer>
100043aa:	2800      	cmp	r0, #0
100043ac:	d028      	beq.n	10004400 <stdio_usb_in_chars+0x84>
100043ae:	f7ff ffdf 	bl	10004370 <stdio_usb_connected>
100043b2:	2800      	cmp	r0, #0
100043b4:	d004      	beq.n	100043c0 <stdio_usb_in_chars+0x44>
100043b6:	2000      	movs	r0, #0
100043b8:	f001 fad6 	bl	10005968 <tud_cdc_n_available>
100043bc:	2800      	cmp	r0, #0
100043be:	d10f      	bne.n	100043e0 <stdio_usb_in_chars+0x64>
100043c0:	2001      	movs	r0, #1
100043c2:	2100      	movs	r1, #0
100043c4:	4240      	negs	r0, r0
100043c6:	f001 f84f 	bl	10005468 <tud_task_ext>
100043ca:	2403      	movs	r4, #3
100043cc:	4264      	negs	r4, r4
100043ce:	480f      	ldr	r0, [pc, #60]	; (1000440c <stdio_usb_in_chars+0x90>)
100043d0:	f002 fb92 	bl	10006af8 <__mutex_exit_veneer>
100043d4:	0020      	movs	r0, r4
100043d6:	bd70      	pop	{r4, r5, r6, pc}
100043d8:	2201      	movs	r2, #1
100043da:	4252      	negs	r2, r2
100043dc:	4b0c      	ldr	r3, [pc, #48]	; (10004410 <stdio_usb_in_chars+0x94>)
100043de:	e7e1      	b.n	100043a4 <stdio_usb_in_chars+0x28>
100043e0:	0022      	movs	r2, r4
100043e2:	0029      	movs	r1, r5
100043e4:	2000      	movs	r0, #0
100043e6:	f001 facb 	bl	10005980 <tud_cdc_n_read>
100043ea:	1e04      	subs	r4, r0, #0
100043ec:	d1ef      	bne.n	100043ce <stdio_usb_in_chars+0x52>
100043ee:	2403      	movs	r4, #3
100043f0:	4264      	negs	r4, r4
100043f2:	e7ec      	b.n	100043ce <stdio_usb_in_chars+0x52>
100043f4:	2403      	movs	r4, #3
100043f6:	4264      	negs	r4, r4
100043f8:	e7ec      	b.n	100043d4 <stdio_usb_in_chars+0x58>
100043fa:	2403      	movs	r4, #3
100043fc:	4264      	negs	r4, r4
100043fe:	e7e9      	b.n	100043d4 <stdio_usb_in_chars+0x58>
10004400:	2403      	movs	r4, #3
10004402:	4264      	negs	r4, r4
10004404:	e7e6      	b.n	100043d4 <stdio_usb_in_chars+0x58>
10004406:	46c0      	nop			; (mov r8, r8)
10004408:	000f4240 	.word	0x000f4240
1000440c:	20001d40 	.word	0x20001d40
10004410:	7fffffff 	.word	0x7fffffff

10004414 <stdio_usb_out_chars>:
10004414:	b5f0      	push	{r4, r5, r6, r7, lr}
10004416:	46c6      	mov	lr, r8
10004418:	b500      	push	{lr}
1000441a:	4680      	mov	r8, r0
1000441c:	000c      	movs	r4, r1
1000441e:	f7fc ffdb 	bl	100013d8 <time_us_64>
10004422:	4a31      	ldr	r2, [pc, #196]	; (100044e8 <stdio_usb_out_chars+0xd4>)
10004424:	2300      	movs	r3, #0
10004426:	1812      	adds	r2, r2, r0
10004428:	414b      	adcs	r3, r1
1000442a:	2b00      	cmp	r3, #0
1000442c:	db07      	blt.n	1000443e <stdio_usb_out_chars+0x2a>
1000442e:	482f      	ldr	r0, [pc, #188]	; (100044ec <stdio_usb_out_chars+0xd8>)
10004430:	f002 fb9a 	bl	10006b68 <__mutex_try_enter_block_until_veneer>
10004434:	2800      	cmp	r0, #0
10004436:	d106      	bne.n	10004446 <stdio_usb_out_chars+0x32>
10004438:	bc80      	pop	{r7}
1000443a:	46b8      	mov	r8, r7
1000443c:	bdf0      	pop	{r4, r5, r6, r7, pc}
1000443e:	2201      	movs	r2, #1
10004440:	4252      	negs	r2, r2
10004442:	4b2b      	ldr	r3, [pc, #172]	; (100044f0 <stdio_usb_out_chars+0xdc>)
10004444:	e7f3      	b.n	1000442e <stdio_usb_out_chars+0x1a>
10004446:	f7ff ff93 	bl	10004370 <stdio_usb_connected>
1000444a:	2800      	cmp	r0, #0
1000444c:	d149      	bne.n	100044e2 <stdio_usb_out_chars+0xce>
1000444e:	4b29      	ldr	r3, [pc, #164]	; (100044f4 <stdio_usb_out_chars+0xe0>)
10004450:	2000      	movs	r0, #0
10004452:	2100      	movs	r1, #0
10004454:	6018      	str	r0, [r3, #0]
10004456:	6059      	str	r1, [r3, #4]
10004458:	4824      	ldr	r0, [pc, #144]	; (100044ec <stdio_usb_out_chars+0xd8>)
1000445a:	f002 fb4d 	bl	10006af8 <__mutex_exit_veneer>
1000445e:	e7eb      	b.n	10004438 <stdio_usb_out_chars+0x24>
10004460:	2001      	movs	r0, #1
10004462:	2100      	movs	r1, #0
10004464:	4240      	negs	r0, r0
10004466:	f000 ffff 	bl	10005468 <tud_task_ext>
1000446a:	2000      	movs	r0, #0
1000446c:	f001 faa4 	bl	100059b8 <tud_cdc_n_write_flush>
10004470:	f7ff ff7e 	bl	10004370 <stdio_usb_connected>
10004474:	2800      	cmp	r0, #0
10004476:	d0ef      	beq.n	10004458 <stdio_usb_out_chars+0x44>
10004478:	2000      	movs	r0, #0
1000447a:	f001 fb27 	bl	10005acc <tud_cdc_n_write_available>
1000447e:	2800      	cmp	r0, #0
10004480:	d020      	beq.n	100044c4 <stdio_usb_out_chars+0xb0>
10004482:	42a5      	cmp	r5, r4
10004484:	dae8      	bge.n	10004458 <stdio_usb_out_chars+0x44>
10004486:	1b66      	subs	r6, r4, r5
10004488:	2000      	movs	r0, #0
1000448a:	f001 fb1f 	bl	10005acc <tud_cdc_n_write_available>
1000448e:	0002      	movs	r2, r0
10004490:	4286      	cmp	r6, r0
10004492:	dc00      	bgt.n	10004496 <stdio_usb_out_chars+0x82>
10004494:	0032      	movs	r2, r6
10004496:	2a00      	cmp	r2, #0
10004498:	d0e2      	beq.n	10004460 <stdio_usb_out_chars+0x4c>
1000449a:	4643      	mov	r3, r8
1000449c:	1959      	adds	r1, r3, r5
1000449e:	2000      	movs	r0, #0
100044a0:	f001 faf0 	bl	10005a84 <tud_cdc_n_write>
100044a4:	0006      	movs	r6, r0
100044a6:	2001      	movs	r0, #1
100044a8:	2100      	movs	r1, #0
100044aa:	4240      	negs	r0, r0
100044ac:	f000 ffdc 	bl	10005468 <tud_task_ext>
100044b0:	2000      	movs	r0, #0
100044b2:	f001 fa81 	bl	100059b8 <tud_cdc_n_write_flush>
100044b6:	19ad      	adds	r5, r5, r6
100044b8:	f7fc ff8e 	bl	100013d8 <time_us_64>
100044bc:	4b0d      	ldr	r3, [pc, #52]	; (100044f4 <stdio_usb_out_chars+0xe0>)
100044be:	6018      	str	r0, [r3, #0]
100044c0:	6059      	str	r1, [r3, #4]
100044c2:	e7de      	b.n	10004482 <stdio_usb_out_chars+0x6e>
100044c4:	f7fc ff88 	bl	100013d8 <time_us_64>
100044c8:	4b0a      	ldr	r3, [pc, #40]	; (100044f4 <stdio_usb_out_chars+0xe0>)
100044ca:	681e      	ldr	r6, [r3, #0]
100044cc:	685f      	ldr	r7, [r3, #4]
100044ce:	4a0a      	ldr	r2, [pc, #40]	; (100044f8 <stdio_usb_out_chars+0xe4>)
100044d0:	2300      	movs	r3, #0
100044d2:	1992      	adds	r2, r2, r6
100044d4:	417b      	adcs	r3, r7
100044d6:	4299      	cmp	r1, r3
100044d8:	d8be      	bhi.n	10004458 <stdio_usb_out_chars+0x44>
100044da:	d1d2      	bne.n	10004482 <stdio_usb_out_chars+0x6e>
100044dc:	4290      	cmp	r0, r2
100044de:	d9d0      	bls.n	10004482 <stdio_usb_out_chars+0x6e>
100044e0:	e7ba      	b.n	10004458 <stdio_usb_out_chars+0x44>
100044e2:	2500      	movs	r5, #0
100044e4:	e7cd      	b.n	10004482 <stdio_usb_out_chars+0x6e>
100044e6:	46c0      	nop			; (mov r8, r8)
100044e8:	000f4240 	.word	0x000f4240
100044ec:	20001d40 	.word	0x20001d40
100044f0:	7fffffff 	.word	0x7fffffff
100044f4:	20000e58 	.word	0x20000e58
100044f8:	0007a120 	.word	0x0007a120

100044fc <tud_descriptor_device_cb>:
100044fc:	4800      	ldr	r0, [pc, #0]	; (10004500 <tud_descriptor_device_cb+0x4>)
100044fe:	4770      	bx	lr
10004500:	10007a0c 	.word	0x10007a0c

10004504 <tud_descriptor_configuration_cb>:
10004504:	4800      	ldr	r0, [pc, #0]	; (10004508 <tud_descriptor_configuration_cb+0x4>)
10004506:	4770      	bx	lr
10004508:	100079b8 	.word	0x100079b8

1000450c <tud_descriptor_string_cb>:
1000450c:	b510      	push	{r4, lr}
1000450e:	0004      	movs	r4, r0
10004510:	4b15      	ldr	r3, [pc, #84]	; (10004568 <tud_descriptor_string_cb+0x5c>)
10004512:	781b      	ldrb	r3, [r3, #0]
10004514:	2b00      	cmp	r3, #0
10004516:	d00e      	beq.n	10004536 <tud_descriptor_string_cb+0x2a>
10004518:	2c00      	cmp	r4, #0
1000451a:	d111      	bne.n	10004540 <tud_descriptor_string_cb+0x34>
1000451c:	4b13      	ldr	r3, [pc, #76]	; (1000456c <tud_descriptor_string_cb+0x60>)
1000451e:	4a14      	ldr	r2, [pc, #80]	; (10004570 <tud_descriptor_string_cb+0x64>)
10004520:	805a      	strh	r2, [r3, #2]
10004522:	2301      	movs	r3, #1
10004524:	3301      	adds	r3, #1
10004526:	005b      	lsls	r3, r3, #1
10004528:	b21b      	sxth	r3, r3
1000452a:	22c0      	movs	r2, #192	; 0xc0
1000452c:	0092      	lsls	r2, r2, #2
1000452e:	4313      	orrs	r3, r2
10004530:	480e      	ldr	r0, [pc, #56]	; (1000456c <tud_descriptor_string_cb+0x60>)
10004532:	8003      	strh	r3, [r0, #0]
10004534:	bd10      	pop	{r4, pc}
10004536:	2111      	movs	r1, #17
10004538:	480b      	ldr	r0, [pc, #44]	; (10004568 <tud_descriptor_string_cb+0x5c>)
1000453a:	f000 f825 	bl	10004588 <pico_get_unique_board_id_string>
1000453e:	e7eb      	b.n	10004518 <tud_descriptor_string_cb+0xc>
10004540:	2c05      	cmp	r4, #5
10004542:	d80e      	bhi.n	10004562 <tud_descriptor_string_cb+0x56>
10004544:	00a4      	lsls	r4, r4, #2
10004546:	4b0b      	ldr	r3, [pc, #44]	; (10004574 <tud_descriptor_string_cb+0x68>)
10004548:	58e4      	ldr	r4, [r4, r3]
1000454a:	2300      	movs	r3, #0
1000454c:	2b12      	cmp	r3, #18
1000454e:	d8e9      	bhi.n	10004524 <tud_descriptor_string_cb+0x18>
10004550:	5ce2      	ldrb	r2, [r4, r3]
10004552:	2a00      	cmp	r2, #0
10004554:	d0e6      	beq.n	10004524 <tud_descriptor_string_cb+0x18>
10004556:	3301      	adds	r3, #1
10004558:	0059      	lsls	r1, r3, #1
1000455a:	4804      	ldr	r0, [pc, #16]	; (1000456c <tud_descriptor_string_cb+0x60>)
1000455c:	5242      	strh	r2, [r0, r1]
1000455e:	b2db      	uxtb	r3, r3
10004560:	e7f4      	b.n	1000454c <tud_descriptor_string_cb+0x40>
10004562:	2000      	movs	r0, #0
10004564:	e7e6      	b.n	10004534 <tud_descriptor_string_cb+0x28>
10004566:	46c0      	nop			; (mov r8, r8)
10004568:	20001d50 	.word	0x20001d50
1000456c:	200016c0 	.word	0x200016c0
10004570:	00000409 	.word	0x00000409
10004574:	10007a20 	.word	0x10007a20

10004578 <_retrieve_unique_id_on_boot>:
10004578:	b510      	push	{r4, lr}
1000457a:	4802      	ldr	r0, [pc, #8]	; (10004584 <_retrieve_unique_id_on_boot+0xc>)
1000457c:	f000 f834 	bl	100045e8 <flash_get_unique_id>
10004580:	bd10      	pop	{r4, pc}
10004582:	46c0      	nop			; (mov r8, r8)
10004584:	20001b30 	.word	0x20001b30

10004588 <pico_get_unique_board_id_string>:
10004588:	b510      	push	{r4, lr}
1000458a:	2900      	cmp	r1, #0
1000458c:	d001      	beq.n	10004592 <pico_get_unique_board_id_string+0xa>
1000458e:	2300      	movs	r3, #0
10004590:	e00a      	b.n	100045a8 <pico_get_unique_board_id_string+0x20>
10004592:	4b11      	ldr	r3, [pc, #68]	; (100045d8 <pico_get_unique_board_id_string+0x50>)
10004594:	4a11      	ldr	r2, [pc, #68]	; (100045dc <pico_get_unique_board_id_string+0x54>)
10004596:	312d      	adds	r1, #45	; 0x2d
10004598:	4811      	ldr	r0, [pc, #68]	; (100045e0 <pico_get_unique_board_id_string+0x58>)
1000459a:	f7ff fa73 	bl	10003a84 <__assert_func>
1000459e:	2400      	movs	r4, #0
100045a0:	e00d      	b.n	100045be <pico_get_unique_board_id_string+0x36>
100045a2:	3237      	adds	r2, #55	; 0x37
100045a4:	54c2      	strb	r2, [r0, r3]
100045a6:	3301      	adds	r3, #1
100045a8:	1e4a      	subs	r2, r1, #1
100045aa:	429a      	cmp	r2, r3
100045ac:	d90f      	bls.n	100045ce <pico_get_unique_board_id_string+0x46>
100045ae:	2b0f      	cmp	r3, #15
100045b0:	d80d      	bhi.n	100045ce <pico_get_unique_board_id_string+0x46>
100045b2:	085a      	lsrs	r2, r3, #1
100045b4:	4c0b      	ldr	r4, [pc, #44]	; (100045e4 <pico_get_unique_board_id_string+0x5c>)
100045b6:	5ca2      	ldrb	r2, [r4, r2]
100045b8:	07dc      	lsls	r4, r3, #31
100045ba:	d4f0      	bmi.n	1000459e <pico_get_unique_board_id_string+0x16>
100045bc:	2404      	movs	r4, #4
100045be:	4122      	asrs	r2, r4
100045c0:	0014      	movs	r4, r2
100045c2:	220f      	movs	r2, #15
100045c4:	4022      	ands	r2, r4
100045c6:	2a09      	cmp	r2, #9
100045c8:	dceb      	bgt.n	100045a2 <pico_get_unique_board_id_string+0x1a>
100045ca:	3230      	adds	r2, #48	; 0x30
100045cc:	e7ea      	b.n	100045a4 <pico_get_unique_board_id_string+0x1c>
100045ce:	18c0      	adds	r0, r0, r3
100045d0:	2300      	movs	r3, #0
100045d2:	7003      	strb	r3, [r0, #0]
100045d4:	bd10      	pop	{r4, pc}
100045d6:	46c0      	nop			; (mov r8, r8)
100045d8:	10007a38 	.word	0x10007a38
100045dc:	10007a94 	.word	0x10007a94
100045e0:	10007a40 	.word	0x10007a40
100045e4:	20001b30 	.word	0x20001b30

100045e8 <flash_get_unique_id>:
100045e8:	b570      	push	{r4, r5, r6, lr}
100045ea:	b088      	sub	sp, #32
100045ec:	0004      	movs	r4, r0
100045ee:	ad04      	add	r5, sp, #16
100045f0:	2600      	movs	r6, #0
100045f2:	9604      	str	r6, [sp, #16]
100045f4:	2209      	movs	r2, #9
100045f6:	2100      	movs	r1, #0
100045f8:	a805      	add	r0, sp, #20
100045fa:	f7fe f991 	bl	10002920 <__wrap_memset>
100045fe:	9600      	str	r6, [sp, #0]
10004600:	2209      	movs	r2, #9
10004602:	2100      	movs	r1, #0
10004604:	a801      	add	r0, sp, #4
10004606:	f7fe f98b 	bl	10002920 <__wrap_memset>
1000460a:	234b      	movs	r3, #75	; 0x4b
1000460c:	702b      	strb	r3, [r5, #0]
1000460e:	220d      	movs	r2, #13
10004610:	4669      	mov	r1, sp
10004612:	0028      	movs	r0, r5
10004614:	f002 fa68 	bl	10006ae8 <__flash_do_cmd_veneer>
10004618:	2300      	movs	r3, #0
1000461a:	e004      	b.n	10004626 <flash_get_unique_id+0x3e>
1000461c:	1d5a      	adds	r2, r3, #5
1000461e:	4669      	mov	r1, sp
10004620:	5c8a      	ldrb	r2, [r1, r2]
10004622:	54e2      	strb	r2, [r4, r3]
10004624:	3301      	adds	r3, #1
10004626:	2b07      	cmp	r3, #7
10004628:	ddf8      	ble.n	1000461c <flash_get_unique_id+0x34>
1000462a:	b008      	add	sp, #32
1000462c:	bd70      	pop	{r4, r5, r6, pc}
	...

10004630 <_hw_endpoint_alloc>:
10004630:	b510      	push	{r4, lr}
10004632:	8b03      	ldrh	r3, [r0, #24]
10004634:	333f      	adds	r3, #63	; 0x3f
10004636:	223f      	movs	r2, #63	; 0x3f
10004638:	4393      	bics	r3, r2
1000463a:	2902      	cmp	r1, #2
1000463c:	d015      	beq.n	1000466a <_hw_endpoint_alloc+0x3a>
1000463e:	4c12      	ldr	r4, [pc, #72]	; (10004688 <_hw_endpoint_alloc+0x58>)
10004640:	6822      	ldr	r2, [r4, #0]
10004642:	60c2      	str	r2, [r0, #12]
10004644:	18d3      	adds	r3, r2, r3
10004646:	6023      	str	r3, [r4, #0]
10004648:	069c      	lsls	r4, r3, #26
1000464a:	d110      	bne.n	1000466e <_hw_endpoint_alloc+0x3e>
1000464c:	4c0f      	ldr	r4, [pc, #60]	; (1000468c <_hw_endpoint_alloc+0x5c>)
1000464e:	4062      	eors	r2, r4
10004650:	4063      	eors	r3, r4
10004652:	2480      	movs	r4, #128	; 0x80
10004654:	0164      	lsls	r4, r4, #5
10004656:	42a3      	cmp	r3, r4
10004658:	d80f      	bhi.n	1000467a <_hw_endpoint_alloc+0x4a>
1000465a:	0689      	lsls	r1, r1, #26
1000465c:	4311      	orrs	r1, r2
1000465e:	2380      	movs	r3, #128	; 0x80
10004660:	061b      	lsls	r3, r3, #24
10004662:	4319      	orrs	r1, r3
10004664:	6843      	ldr	r3, [r0, #4]
10004666:	6019      	str	r1, [r3, #0]
10004668:	bd10      	pop	{r4, pc}
1000466a:	005b      	lsls	r3, r3, #1
1000466c:	e7e7      	b.n	1000463e <_hw_endpoint_alloc+0xe>
1000466e:	4b08      	ldr	r3, [pc, #32]	; (10004690 <_hw_endpoint_alloc+0x60>)
10004670:	4a08      	ldr	r2, [pc, #32]	; (10004694 <_hw_endpoint_alloc+0x64>)
10004672:	2151      	movs	r1, #81	; 0x51
10004674:	4808      	ldr	r0, [pc, #32]	; (10004698 <_hw_endpoint_alloc+0x68>)
10004676:	f7ff fa05 	bl	10003a84 <__assert_func>
1000467a:	4b08      	ldr	r3, [pc, #32]	; (1000469c <_hw_endpoint_alloc+0x6c>)
1000467c:	4a05      	ldr	r2, [pc, #20]	; (10004694 <_hw_endpoint_alloc+0x64>)
1000467e:	2153      	movs	r1, #83	; 0x53
10004680:	4805      	ldr	r0, [pc, #20]	; (10004698 <_hw_endpoint_alloc+0x68>)
10004682:	f7ff f9ff 	bl	10003a84 <__assert_func>
10004686:	46c0      	nop			; (mov r8, r8)
10004688:	20001b14 	.word	0x20001b14
1000468c:	50100000 	.word	0x50100000
10004690:	10007c64 	.word	0x10007c64
10004694:	10007d8c 	.word	0x10007d8c
10004698:	10007c94 	.word	0x10007c94
1000469c:	10007cf8 	.word	0x10007cf8

100046a0 <hw_endpoint_init>:
100046a0:	b570      	push	{r4, r5, r6, lr}
100046a2:	0004      	movs	r4, r0
100046a4:	237f      	movs	r3, #127	; 0x7f
100046a6:	4003      	ands	r3, r0
100046a8:	09c5      	lsrs	r5, r0, #7
100046aa:	0058      	lsls	r0, r3, #1
100046ac:	1940      	adds	r0, r0, r5
100046ae:	0140      	lsls	r0, r0, #5
100046b0:	4e26      	ldr	r6, [pc, #152]	; (1000474c <hw_endpoint_init+0xac>)
100046b2:	1980      	adds	r0, r0, r6
100046b4:	7084      	strb	r4, [r0, #2]
100046b6:	426c      	negs	r4, r5
100046b8:	416c      	adcs	r4, r5
100046ba:	7044      	strb	r4, [r0, #1]
100046bc:	2400      	movs	r4, #0
100046be:	70c4      	strb	r4, [r0, #3]
100046c0:	8301      	strh	r1, [r0, #24]
100046c2:	76c2      	strb	r2, [r0, #27]
100046c4:	2d01      	cmp	r5, #1
100046c6:	d01d      	beq.n	10004704 <hw_endpoint_init+0x64>
100046c8:	00de      	lsls	r6, r3, #3
100046ca:	4921      	ldr	r1, [pc, #132]	; (10004750 <hw_endpoint_init+0xb0>)
100046cc:	468c      	mov	ip, r1
100046ce:	4466      	add	r6, ip
100046d0:	0059      	lsls	r1, r3, #1
100046d2:	1949      	adds	r1, r1, r5
100046d4:	0149      	lsls	r1, r1, #5
100046d6:	4c1d      	ldr	r4, [pc, #116]	; (1000474c <hw_endpoint_init+0xac>)
100046d8:	1861      	adds	r1, r4, r1
100046da:	608e      	str	r6, [r1, #8]
100046dc:	005c      	lsls	r4, r3, #1
100046de:	1964      	adds	r4, r4, r5
100046e0:	0164      	lsls	r4, r4, #5
100046e2:	491a      	ldr	r1, [pc, #104]	; (1000474c <hw_endpoint_init+0xac>)
100046e4:	190c      	adds	r4, r1, r4
100046e6:	68a1      	ldr	r1, [r4, #8]
100046e8:	2400      	movs	r4, #0
100046ea:	600c      	str	r4, [r1, #0]
100046ec:	2b00      	cmp	r3, #0
100046ee:	d10f      	bne.n	10004710 <hw_endpoint_init+0x70>
100046f0:	005b      	lsls	r3, r3, #1
100046f2:	195b      	adds	r3, r3, r5
100046f4:	015b      	lsls	r3, r3, #5
100046f6:	4d15      	ldr	r5, [pc, #84]	; (1000474c <hw_endpoint_init+0xac>)
100046f8:	18eb      	adds	r3, r5, r3
100046fa:	2200      	movs	r2, #0
100046fc:	605a      	str	r2, [r3, #4]
100046fe:	4a15      	ldr	r2, [pc, #84]	; (10004754 <hw_endpoint_init+0xb4>)
10004700:	60da      	str	r2, [r3, #12]
10004702:	bd70      	pop	{r4, r5, r6, pc}
10004704:	00de      	lsls	r6, r3, #3
10004706:	4914      	ldr	r1, [pc, #80]	; (10004758 <hw_endpoint_init+0xb8>)
10004708:	468c      	mov	ip, r1
1000470a:	4466      	add	r6, ip
1000470c:	6086      	str	r6, [r0, #8]
1000470e:	e7e5      	b.n	100046dc <hw_endpoint_init+0x3c>
10004710:	2d01      	cmp	r5, #1
10004712:	d00e      	beq.n	10004732 <hw_endpoint_init+0x92>
10004714:	1e59      	subs	r1, r3, #1
10004716:	00c9      	lsls	r1, r1, #3
10004718:	4c10      	ldr	r4, [pc, #64]	; (1000475c <hw_endpoint_init+0xbc>)
1000471a:	46a4      	mov	ip, r4
1000471c:	4461      	add	r1, ip
1000471e:	005b      	lsls	r3, r3, #1
10004720:	195b      	adds	r3, r3, r5
10004722:	015b      	lsls	r3, r3, #5
10004724:	4c09      	ldr	r4, [pc, #36]	; (1000474c <hw_endpoint_init+0xac>)
10004726:	18e3      	adds	r3, r4, r3
10004728:	6059      	str	r1, [r3, #4]
1000472a:	0011      	movs	r1, r2
1000472c:	f7ff ff80 	bl	10004630 <_hw_endpoint_alloc>
10004730:	e7e7      	b.n	10004702 <hw_endpoint_init+0x62>
10004732:	1e59      	subs	r1, r3, #1
10004734:	00c9      	lsls	r1, r1, #3
10004736:	4c0a      	ldr	r4, [pc, #40]	; (10004760 <hw_endpoint_init+0xc0>)
10004738:	46a4      	mov	ip, r4
1000473a:	4461      	add	r1, ip
1000473c:	005b      	lsls	r3, r3, #1
1000473e:	195b      	adds	r3, r3, r5
10004740:	015b      	lsls	r3, r3, #5
10004742:	4d02      	ldr	r5, [pc, #8]	; (1000474c <hw_endpoint_init+0xac>)
10004744:	18eb      	adds	r3, r5, r3
10004746:	6059      	str	r1, [r3, #4]
10004748:	e7ef      	b.n	1000472a <hw_endpoint_init+0x8a>
1000474a:	46c0      	nop			; (mov r8, r8)
1000474c:	20001710 	.word	0x20001710
10004750:	50100084 	.word	0x50100084
10004754:	50100100 	.word	0x50100100
10004758:	50100080 	.word	0x50100080
1000475c:	5010000c 	.word	0x5010000c
10004760:	50100008 	.word	0x50100008

10004764 <hw_endpoint_xfer>:
10004764:	b510      	push	{r4, lr}
10004766:	0004      	movs	r4, r0
10004768:	207f      	movs	r0, #127	; 0x7f
1000476a:	4020      	ands	r0, r4
1000476c:	09e4      	lsrs	r4, r4, #7
1000476e:	0040      	lsls	r0, r0, #1
10004770:	1900      	adds	r0, r0, r4
10004772:	0140      	lsls	r0, r0, #5
10004774:	4b02      	ldr	r3, [pc, #8]	; (10004780 <hw_endpoint_xfer+0x1c>)
10004776:	18c0      	adds	r0, r0, r3
10004778:	f000 f932 	bl	100049e0 <hw_endpoint_xfer_start>
1000477c:	bd10      	pop	{r4, pc}
1000477e:	46c0      	nop			; (mov r8, r8)
10004780:	20001710 	.word	0x20001710

10004784 <dcd_int_enable>:
10004784:	b510      	push	{r4, lr}
10004786:	2800      	cmp	r0, #0
10004788:	d104      	bne.n	10004794 <dcd_int_enable+0x10>
1000478a:	2101      	movs	r1, #1
1000478c:	2005      	movs	r0, #5
1000478e:	f7fb ff83 	bl	10000698 <irq_set_enabled>
10004792:	bd10      	pop	{r4, pc}
10004794:	21d4      	movs	r1, #212	; 0xd4
10004796:	4b03      	ldr	r3, [pc, #12]	; (100047a4 <dcd_int_enable+0x20>)
10004798:	4a03      	ldr	r2, [pc, #12]	; (100047a8 <dcd_int_enable+0x24>)
1000479a:	0049      	lsls	r1, r1, #1
1000479c:	4803      	ldr	r0, [pc, #12]	; (100047ac <dcd_int_enable+0x28>)
1000479e:	f7ff f971 	bl	10003a84 <__assert_func>
100047a2:	46c0      	nop			; (mov r8, r8)
100047a4:	10007d40 	.word	0x10007d40
100047a8:	10007d7c 	.word	0x10007d7c
100047ac:	10007c94 	.word	0x10007c94

100047b0 <dcd_set_address>:
100047b0:	b510      	push	{r4, lr}
100047b2:	2800      	cmp	r0, #0
100047b4:	d105      	bne.n	100047c2 <dcd_set_address+0x12>
100047b6:	2200      	movs	r2, #0
100047b8:	2100      	movs	r1, #0
100047ba:	2080      	movs	r0, #128	; 0x80
100047bc:	f7ff ffd2 	bl	10004764 <hw_endpoint_xfer>
100047c0:	bd10      	pop	{r4, pc}
100047c2:	21d9      	movs	r1, #217	; 0xd9
100047c4:	4b02      	ldr	r3, [pc, #8]	; (100047d0 <dcd_set_address+0x20>)
100047c6:	4a03      	ldr	r2, [pc, #12]	; (100047d4 <dcd_set_address+0x24>)
100047c8:	0049      	lsls	r1, r1, #1
100047ca:	4803      	ldr	r0, [pc, #12]	; (100047d8 <dcd_set_address+0x28>)
100047cc:	f7ff f95a 	bl	10003a84 <__assert_func>
100047d0:	10007d40 	.word	0x10007d40
100047d4:	10007d6c 	.word	0x10007d6c
100047d8:	10007c94 	.word	0x10007c94

100047dc <dcd_connect>:
100047dc:	4b02      	ldr	r3, [pc, #8]	; (100047e8 <dcd_connect+0xc>)
100047de:	2280      	movs	r2, #128	; 0x80
100047e0:	0252      	lsls	r2, r2, #9
100047e2:	64da      	str	r2, [r3, #76]	; 0x4c
100047e4:	4770      	bx	lr
100047e6:	46c0      	nop			; (mov r8, r8)
100047e8:	50112000 	.word	0x50112000

100047ec <dcd_init>:
100047ec:	b570      	push	{r4, r5, r6, lr}
100047ee:	1e04      	subs	r4, r0, #0
100047f0:	d126      	bne.n	10004840 <dcd_init+0x54>
100047f2:	f000 f8d3 	bl	1000499c <rp2040_usb_init>
100047f6:	4d16      	ldr	r5, [pc, #88]	; (10004850 <dcd_init+0x64>)
100047f8:	230c      	movs	r3, #12
100047fa:	67ab      	str	r3, [r5, #120]	; 0x78
100047fc:	22ff      	movs	r2, #255	; 0xff
100047fe:	4915      	ldr	r1, [pc, #84]	; (10004854 <dcd_init+0x68>)
10004800:	2005      	movs	r0, #5
10004802:	f7fb ff9f 	bl	10000744 <irq_add_shared_handler>
10004806:	2240      	movs	r2, #64	; 0x40
10004808:	2100      	movs	r1, #0
1000480a:	4813      	ldr	r0, [pc, #76]	; (10004858 <dcd_init+0x6c>)
1000480c:	f7fe f888 	bl	10002920 <__wrap_memset>
10004810:	2200      	movs	r2, #0
10004812:	2140      	movs	r1, #64	; 0x40
10004814:	2000      	movs	r0, #0
10004816:	f7ff ff43 	bl	100046a0 <hw_endpoint_init>
1000481a:	2200      	movs	r2, #0
1000481c:	2140      	movs	r1, #64	; 0x40
1000481e:	2080      	movs	r0, #128	; 0x80
10004820:	f7ff ff3e 	bl	100046a0 <hw_endpoint_init>
10004824:	f002 f980 	bl	10006b28 <__reset_non_control_endpoints_veneer>
10004828:	2301      	movs	r3, #1
1000482a:	642b      	str	r3, [r5, #64]	; 0x40
1000482c:	2380      	movs	r3, #128	; 0x80
1000482e:	059b      	lsls	r3, r3, #22
10004830:	64eb      	str	r3, [r5, #76]	; 0x4c
10004832:	2390      	movs	r3, #144	; 0x90
10004834:	4a09      	ldr	r2, [pc, #36]	; (1000485c <dcd_init+0x70>)
10004836:	50ea      	str	r2, [r5, r3]
10004838:	0020      	movs	r0, r4
1000483a:	f7ff ffcf 	bl	100047dc <dcd_connect>
1000483e:	bd70      	pop	{r4, r5, r6, pc}
10004840:	2176      	movs	r1, #118	; 0x76
10004842:	4b07      	ldr	r3, [pc, #28]	; (10004860 <dcd_init+0x74>)
10004844:	4a07      	ldr	r2, [pc, #28]	; (10004864 <dcd_init+0x78>)
10004846:	31ff      	adds	r1, #255	; 0xff
10004848:	4807      	ldr	r0, [pc, #28]	; (10004868 <dcd_init+0x7c>)
1000484a:	f7ff f91b 	bl	10003a84 <__assert_func>
1000484e:	46c0      	nop			; (mov r8, r8)
10004850:	50110000 	.word	0x50110000
10004854:	20000475 	.word	0x20000475
10004858:	20001710 	.word	0x20001710
1000485c:	0001d010 	.word	0x0001d010
10004860:	10007d40 	.word	0x10007d40
10004864:	10007da0 	.word	0x10007da0
10004868:	10007c94 	.word	0x10007c94

1000486c <dcd_sof_enable>:
1000486c:	4b04      	ldr	r3, [pc, #16]	; (10004880 <dcd_sof_enable+0x14>)
1000486e:	7019      	strb	r1, [r3, #0]
10004870:	2900      	cmp	r1, #0
10004872:	d004      	beq.n	1000487e <dcd_sof_enable+0x12>
10004874:	4a03      	ldr	r2, [pc, #12]	; (10004884 <dcd_sof_enable+0x18>)
10004876:	2390      	movs	r3, #144	; 0x90
10004878:	2180      	movs	r1, #128	; 0x80
1000487a:	0289      	lsls	r1, r1, #10
1000487c:	50d1      	str	r1, [r2, r3]
1000487e:	4770      	bx	lr
10004880:	20001d65 	.word	0x20001d65
10004884:	50112000 	.word	0x50112000

10004888 <dcd_edpt0_status_complete>:
10004888:	780b      	ldrb	r3, [r1, #0]
1000488a:	065b      	lsls	r3, r3, #25
1000488c:	d102      	bne.n	10004894 <dcd_edpt0_status_complete+0xc>
1000488e:	784b      	ldrb	r3, [r1, #1]
10004890:	2b05      	cmp	r3, #5
10004892:	d000      	beq.n	10004896 <dcd_edpt0_status_complete+0xe>
10004894:	4770      	bx	lr
10004896:	788a      	ldrb	r2, [r1, #2]
10004898:	4b01      	ldr	r3, [pc, #4]	; (100048a0 <dcd_edpt0_status_complete+0x18>)
1000489a:	601a      	str	r2, [r3, #0]
1000489c:	e7fa      	b.n	10004894 <dcd_edpt0_status_complete+0xc>
1000489e:	46c0      	nop			; (mov r8, r8)
100048a0:	50110000 	.word	0x50110000

100048a4 <dcd_edpt_open>:
100048a4:	b510      	push	{r4, lr}
100048a6:	000c      	movs	r4, r1
100048a8:	2800      	cmp	r0, #0
100048aa:	d10d      	bne.n	100048c8 <dcd_edpt_open+0x24>
100048ac:	7909      	ldrb	r1, [r1, #4]
100048ae:	7963      	ldrb	r3, [r4, #5]
100048b0:	021b      	lsls	r3, r3, #8
100048b2:	430b      	orrs	r3, r1
100048b4:	055b      	lsls	r3, r3, #21
100048b6:	0d59      	lsrs	r1, r3, #21
100048b8:	78e2      	ldrb	r2, [r4, #3]
100048ba:	0792      	lsls	r2, r2, #30
100048bc:	0f92      	lsrs	r2, r2, #30
100048be:	78a0      	ldrb	r0, [r4, #2]
100048c0:	f7ff feee 	bl	100046a0 <hw_endpoint_init>
100048c4:	2001      	movs	r0, #1
100048c6:	bd10      	pop	{r4, pc}
100048c8:	21f0      	movs	r1, #240	; 0xf0
100048ca:	4b03      	ldr	r3, [pc, #12]	; (100048d8 <dcd_edpt_open+0x34>)
100048cc:	4a03      	ldr	r2, [pc, #12]	; (100048dc <dcd_edpt_open+0x38>)
100048ce:	31ff      	adds	r1, #255	; 0xff
100048d0:	4803      	ldr	r0, [pc, #12]	; (100048e0 <dcd_edpt_open+0x3c>)
100048d2:	f7ff f8d7 	bl	10003a84 <__assert_func>
100048d6:	46c0      	nop			; (mov r8, r8)
100048d8:	10007d40 	.word	0x10007d40
100048dc:	10007d5c 	.word	0x10007d5c
100048e0:	10007c94 	.word	0x10007c94

100048e4 <dcd_edpt_close_all>:
100048e4:	b510      	push	{r4, lr}
100048e6:	f002 f91f 	bl	10006b28 <__reset_non_control_endpoints_veneer>
100048ea:	bd10      	pop	{r4, pc}

100048ec <dcd_edpt_xfer>:
100048ec:	b510      	push	{r4, lr}
100048ee:	0004      	movs	r4, r0
100048f0:	0008      	movs	r0, r1
100048f2:	0011      	movs	r1, r2
100048f4:	001a      	movs	r2, r3
100048f6:	2c00      	cmp	r4, #0
100048f8:	d103      	bne.n	10004902 <dcd_edpt_xfer+0x16>
100048fa:	f7ff ff33 	bl	10004764 <hw_endpoint_xfer>
100048fe:	2001      	movs	r0, #1
10004900:	bd10      	pop	{r4, pc}
10004902:	21fe      	movs	r1, #254	; 0xfe
10004904:	4b02      	ldr	r3, [pc, #8]	; (10004910 <dcd_edpt_xfer+0x24>)
10004906:	4a03      	ldr	r2, [pc, #12]	; (10004914 <dcd_edpt_xfer+0x28>)
10004908:	0049      	lsls	r1, r1, #1
1000490a:	4803      	ldr	r0, [pc, #12]	; (10004918 <dcd_edpt_xfer+0x2c>)
1000490c:	f7ff f8ba 	bl	10003a84 <__assert_func>
10004910:	10007d40 	.word	0x10007d40
10004914:	10007d4c 	.word	0x10007d4c
10004918:	10007c94 	.word	0x10007c94

1000491c <dcd_edpt_stall>:
1000491c:	b510      	push	{r4, lr}
1000491e:	227f      	movs	r2, #127	; 0x7f
10004920:	0013      	movs	r3, r2
10004922:	400b      	ands	r3, r1
10004924:	420a      	tst	r2, r1
10004926:	d105      	bne.n	10004934 <dcd_edpt_stall+0x18>
10004928:	09ca      	lsrs	r2, r1, #7
1000492a:	2a01      	cmp	r2, #1
1000492c:	d00e      	beq.n	1000494c <dcd_edpt_stall+0x30>
1000492e:	2002      	movs	r0, #2
10004930:	4a07      	ldr	r2, [pc, #28]	; (10004950 <dcd_edpt_stall+0x34>)
10004932:	6690      	str	r0, [r2, #104]	; 0x68
10004934:	09c9      	lsrs	r1, r1, #7
10004936:	0058      	lsls	r0, r3, #1
10004938:	1840      	adds	r0, r0, r1
1000493a:	0140      	lsls	r0, r0, #5
1000493c:	4905      	ldr	r1, [pc, #20]	; (10004954 <dcd_edpt_stall+0x38>)
1000493e:	1840      	adds	r0, r0, r1
10004940:	2280      	movs	r2, #128	; 0x80
10004942:	0112      	lsls	r2, r2, #4
10004944:	2100      	movs	r1, #0
10004946:	f002 f927 	bl	10006b98 <___hw_endpoint_buffer_control_update32_veneer>
1000494a:	bd10      	pop	{r4, pc}
1000494c:	2001      	movs	r0, #1
1000494e:	e7ef      	b.n	10004930 <dcd_edpt_stall+0x14>
10004950:	50112000 	.word	0x50112000
10004954:	20001710 	.word	0x20001710

10004958 <dcd_edpt_clear_stall>:
10004958:	b510      	push	{r4, lr}
1000495a:	227f      	movs	r2, #127	; 0x7f
1000495c:	0010      	movs	r0, r2
1000495e:	4008      	ands	r0, r1
10004960:	420a      	tst	r2, r1
10004962:	d100      	bne.n	10004966 <dcd_edpt_clear_stall+0xe>
10004964:	bd10      	pop	{r4, pc}
10004966:	09c9      	lsrs	r1, r1, #7
10004968:	0040      	lsls	r0, r0, #1
1000496a:	1840      	adds	r0, r0, r1
1000496c:	0140      	lsls	r0, r0, #5
1000496e:	4904      	ldr	r1, [pc, #16]	; (10004980 <dcd_edpt_clear_stall+0x28>)
10004970:	1840      	adds	r0, r0, r1
10004972:	2300      	movs	r3, #0
10004974:	70c3      	strb	r3, [r0, #3]
10004976:	2200      	movs	r2, #0
10004978:	4902      	ldr	r1, [pc, #8]	; (10004984 <dcd_edpt_clear_stall+0x2c>)
1000497a:	f002 f90d 	bl	10006b98 <___hw_endpoint_buffer_control_update32_veneer>
1000497e:	e7f1      	b.n	10004964 <dcd_edpt_clear_stall+0xc>
10004980:	20001710 	.word	0x20001710
10004984:	fffff7ff 	.word	0xfffff7ff

10004988 <unaligned_memcpy>:
10004988:	e004      	b.n	10004994 <unaligned_memcpy+0xc>
1000498a:	780a      	ldrb	r2, [r1, #0]
1000498c:	7002      	strb	r2, [r0, #0]
1000498e:	3101      	adds	r1, #1
10004990:	3001      	adds	r0, #1
10004992:	001a      	movs	r2, r3
10004994:	1e53      	subs	r3, r2, #1
10004996:	2a00      	cmp	r2, #0
10004998:	d1f7      	bne.n	1000498a <unaligned_memcpy+0x2>
1000499a:	4770      	bx	lr

1000499c <rp2040_usb_init>:
1000499c:	b510      	push	{r4, lr}
1000499e:	2380      	movs	r3, #128	; 0x80
100049a0:	045b      	lsls	r3, r3, #17
100049a2:	4a0a      	ldr	r2, [pc, #40]	; (100049cc <rp2040_usb_init+0x30>)
100049a4:	6013      	str	r3, [r2, #0]
100049a6:	4a0a      	ldr	r2, [pc, #40]	; (100049d0 <rp2040_usb_init+0x34>)
100049a8:	6013      	str	r3, [r2, #0]
100049aa:	4b0a      	ldr	r3, [pc, #40]	; (100049d4 <rp2040_usb_init+0x38>)
100049ac:	681a      	ldr	r2, [r3, #0]
100049ae:	2380      	movs	r3, #128	; 0x80
100049b0:	045b      	lsls	r3, r3, #17
100049b2:	4393      	bics	r3, r2
100049b4:	d1f9      	bne.n	100049aa <rp2040_usb_init+0xe>
100049b6:	2280      	movs	r2, #128	; 0x80
100049b8:	0152      	lsls	r2, r2, #5
100049ba:	2100      	movs	r1, #0
100049bc:	4806      	ldr	r0, [pc, #24]	; (100049d8 <rp2040_usb_init+0x3c>)
100049be:	f7fd ffaf 	bl	10002920 <__wrap_memset>
100049c2:	4b06      	ldr	r3, [pc, #24]	; (100049dc <rp2040_usb_init+0x40>)
100049c4:	2209      	movs	r2, #9
100049c6:	675a      	str	r2, [r3, #116]	; 0x74
100049c8:	bd10      	pop	{r4, pc}
100049ca:	46c0      	nop			; (mov r8, r8)
100049cc:	4000e000 	.word	0x4000e000
100049d0:	4000f000 	.word	0x4000f000
100049d4:	4000c008 	.word	0x4000c008
100049d8:	50100000 	.word	0x50100000
100049dc:	50110000 	.word	0x50110000

100049e0 <hw_endpoint_xfer_start>:
100049e0:	b570      	push	{r4, r5, r6, lr}
100049e2:	0004      	movs	r4, r0
100049e4:	000d      	movs	r5, r1
100049e6:	0016      	movs	r6, r2
100049e8:	7e83      	ldrb	r3, [r0, #26]
100049ea:	2b00      	cmp	r3, #0
100049ec:	d117      	bne.n	10004a1e <hw_endpoint_xfer_start+0x3e>
100049ee:	82a6      	strh	r6, [r4, #20]
100049f0:	2300      	movs	r3, #0
100049f2:	82e3      	strh	r3, [r4, #22]
100049f4:	3301      	adds	r3, #1
100049f6:	76a3      	strb	r3, [r4, #26]
100049f8:	6125      	str	r5, [r4, #16]
100049fa:	0020      	movs	r0, r4
100049fc:	f002 f8d4 	bl	10006ba8 <__e15_is_bulkin_ep_veneer>
10004a00:	2800      	cmp	r0, #0
10004a02:	d004      	beq.n	10004a0e <hw_endpoint_xfer_start+0x2e>
10004a04:	4a0c      	ldr	r2, [pc, #48]	; (10004a38 <hw_endpoint_xfer_start+0x58>)
10004a06:	2390      	movs	r3, #144	; 0x90
10004a08:	2180      	movs	r1, #128	; 0x80
10004a0a:	0289      	lsls	r1, r1, #10
10004a0c:	50d1      	str	r1, [r2, r3]
10004a0e:	0020      	movs	r0, r4
10004a10:	f002 f87a 	bl	10006b08 <__e15_is_critical_frame_period_veneer>
10004a14:	2800      	cmp	r0, #0
10004a16:	d00a      	beq.n	10004a2e <hw_endpoint_xfer_start+0x4e>
10004a18:	2301      	movs	r3, #1
10004a1a:	7723      	strb	r3, [r4, #28]
10004a1c:	bd70      	pop	{r4, r5, r6, pc}
10004a1e:	7881      	ldrb	r1, [r0, #2]
10004a20:	4806      	ldr	r0, [pc, #24]	; (10004a3c <hw_endpoint_xfer_start+0x5c>)
10004a22:	f7ff f9a1 	bl	10003d68 <__wrap_printf>
10004a26:	0020      	movs	r0, r4
10004a28:	f002 f8ae 	bl	10006b88 <__hw_endpoint_reset_transfer_veneer>
10004a2c:	e7df      	b.n	100049ee <hw_endpoint_xfer_start+0xe>
10004a2e:	0020      	movs	r0, r4
10004a30:	f002 f8a2 	bl	10006b78 <__hw_endpoint_start_next_buffer_veneer>
10004a34:	e7f2      	b.n	10004a1c <hw_endpoint_xfer_start+0x3c>
10004a36:	46c0      	nop			; (mov r8, r8)
10004a38:	50112000 	.word	0x50112000
10004a3c:	10007e98 	.word	0x10007e98

10004a40 <configuration_reset>:
10004a40:	b570      	push	{r4, r5, r6, lr}
10004a42:	0005      	movs	r5, r0
10004a44:	2400      	movs	r4, #0
10004a46:	e00a      	b.n	10004a5e <configuration_reset+0x1e>
10004a48:	1ad2      	subs	r2, r2, r3
10004a4a:	0152      	lsls	r2, r2, #5
10004a4c:	4b16      	ldr	r3, [pc, #88]	; (10004aa8 <configuration_reset+0x68>)
10004a4e:	189b      	adds	r3, r3, r2
10004a50:	2b00      	cmp	r3, #0
10004a52:	d011      	beq.n	10004a78 <configuration_reset+0x38>
10004a54:	68db      	ldr	r3, [r3, #12]
10004a56:	0028      	movs	r0, r5
10004a58:	4798      	blx	r3
10004a5a:	3401      	adds	r4, #1
10004a5c:	b2e4      	uxtb	r4, r4
10004a5e:	4b13      	ldr	r3, [pc, #76]	; (10004aac <configuration_reset+0x6c>)
10004a60:	781b      	ldrb	r3, [r3, #0]
10004a62:	1c59      	adds	r1, r3, #1
10004a64:	0022      	movs	r2, r4
10004a66:	42a1      	cmp	r1, r4
10004a68:	db0c      	blt.n	10004a84 <configuration_reset+0x44>
10004a6a:	42a3      	cmp	r3, r4
10004a6c:	d9ec      	bls.n	10004a48 <configuration_reset+0x8>
10004a6e:	4b10      	ldr	r3, [pc, #64]	; (10004ab0 <configuration_reset+0x70>)
10004a70:	681b      	ldr	r3, [r3, #0]
10004a72:	0162      	lsls	r2, r4, #5
10004a74:	189b      	adds	r3, r3, r2
10004a76:	e7eb      	b.n	10004a50 <configuration_reset+0x10>
10004a78:	4a0e      	ldr	r2, [pc, #56]	; (10004ab4 <configuration_reset+0x74>)
10004a7a:	490f      	ldr	r1, [pc, #60]	; (10004ab8 <configuration_reset+0x78>)
10004a7c:	480f      	ldr	r0, [pc, #60]	; (10004abc <configuration_reset+0x7c>)
10004a7e:	f7ff f973 	bl	10003d68 <__wrap_printf>
10004a82:	e010      	b.n	10004aa6 <configuration_reset+0x66>
10004a84:	4c0e      	ldr	r4, [pc, #56]	; (10004ac0 <configuration_reset+0x80>)
10004a86:	2254      	movs	r2, #84	; 0x54
10004a88:	2100      	movs	r1, #0
10004a8a:	0020      	movs	r0, r4
10004a8c:	f7fd ff48 	bl	10002920 <__wrap_memset>
10004a90:	1d20      	adds	r0, r4, #4
10004a92:	2210      	movs	r2, #16
10004a94:	21ff      	movs	r1, #255	; 0xff
10004a96:	f7fd ff43 	bl	10002920 <__wrap_memset>
10004a9a:	0020      	movs	r0, r4
10004a9c:	3014      	adds	r0, #20
10004a9e:	2220      	movs	r2, #32
10004aa0:	21ff      	movs	r1, #255	; 0xff
10004aa2:	f7fd ff3d 	bl	10002920 <__wrap_memset>
10004aa6:	bd70      	pop	{r4, r5, r6, pc}
10004aa8:	10008054 	.word	0x10008054
10004aac:	20001d64 	.word	0x20001d64
10004ab0:	20000e7c 	.word	0x20000e7c
10004ab4:	00000216 	.word	0x00000216
10004ab8:	10007fb8 	.word	0x10007fb8
10004abc:	10007ee0 	.word	0x10007ee0
10004ac0:	200011a8 	.word	0x200011a8

10004ac4 <usbd_reset>:
10004ac4:	b510      	push	{r4, lr}
10004ac6:	f7ff ffbb 	bl	10004a40 <configuration_reset>
10004aca:	f000 fe59 	bl	10005780 <usbd_control_reset>
10004ace:	bd10      	pop	{r4, pc}

10004ad0 <invoke_class_control>:
10004ad0:	b570      	push	{r4, r5, r6, lr}
10004ad2:	0005      	movs	r5, r0
10004ad4:	000c      	movs	r4, r1
10004ad6:	0016      	movs	r6, r2
10004ad8:	6948      	ldr	r0, [r1, #20]
10004ada:	f000 fe5b 	bl	10005794 <usbd_control_set_complete_callback>
10004ade:	6963      	ldr	r3, [r4, #20]
10004ae0:	0032      	movs	r2, r6
10004ae2:	2101      	movs	r1, #1
10004ae4:	0028      	movs	r0, r5
10004ae6:	4798      	blx	r3
10004ae8:	bd70      	pop	{r4, r5, r6, pc}
	...

10004aec <process_set_config>:
10004aec:	b5f0      	push	{r4, r5, r6, r7, lr}
10004aee:	46de      	mov	lr, fp
10004af0:	4657      	mov	r7, sl
10004af2:	464e      	mov	r6, r9
10004af4:	4645      	mov	r5, r8
10004af6:	b5e0      	push	{r5, r6, r7, lr}
10004af8:	b083      	sub	sp, #12
10004afa:	4682      	mov	sl, r0
10004afc:	3901      	subs	r1, #1
10004afe:	b2c8      	uxtb	r0, r1
10004b00:	f7ff fd00 	bl	10004504 <tud_descriptor_configuration_cb>
10004b04:	2800      	cmp	r0, #0
10004b06:	d003      	beq.n	10004b10 <process_set_config+0x24>
10004b08:	7843      	ldrb	r3, [r0, #1]
10004b0a:	9301      	str	r3, [sp, #4]
10004b0c:	2b02      	cmp	r3, #2
10004b0e:	d00c      	beq.n	10004b2a <process_set_config+0x3e>
10004b10:	4a51      	ldr	r2, [pc, #324]	; (10004c58 <process_set_config+0x16c>)
10004b12:	4952      	ldr	r1, [pc, #328]	; (10004c5c <process_set_config+0x170>)
10004b14:	4852      	ldr	r0, [pc, #328]	; (10004c60 <process_set_config+0x174>)
10004b16:	f7ff f927 	bl	10003d68 <__wrap_printf>
10004b1a:	2000      	movs	r0, #0
10004b1c:	b003      	add	sp, #12
10004b1e:	bcf0      	pop	{r4, r5, r6, r7}
10004b20:	46bb      	mov	fp, r7
10004b22:	46b2      	mov	sl, r6
10004b24:	46a9      	mov	r9, r5
10004b26:	46a0      	mov	r8, r4
10004b28:	bdf0      	pop	{r4, r5, r6, r7, pc}
10004b2a:	79c5      	ldrb	r5, [r0, #7]
10004b2c:	116a      	asrs	r2, r5, #5
10004b2e:	2301      	movs	r3, #1
10004b30:	494c      	ldr	r1, [pc, #304]	; (10004c64 <process_set_config+0x178>)
10004b32:	401a      	ands	r2, r3
10004b34:	0114      	lsls	r4, r2, #4
10004b36:	780a      	ldrb	r2, [r1, #0]
10004b38:	2610      	movs	r6, #16
10004b3a:	43b2      	bics	r2, r6
10004b3c:	4322      	orrs	r2, r4
10004b3e:	700a      	strb	r2, [r1, #0]
10004b40:	11ad      	asrs	r5, r5, #6
10004b42:	402b      	ands	r3, r5
10004b44:	015b      	lsls	r3, r3, #5
10004b46:	b2d2      	uxtb	r2, r2
10004b48:	2420      	movs	r4, #32
10004b4a:	43a2      	bics	r2, r4
10004b4c:	4313      	orrs	r3, r2
10004b4e:	700b      	strb	r3, [r1, #0]
10004b50:	0006      	movs	r6, r0
10004b52:	3609      	adds	r6, #9
10004b54:	7882      	ldrb	r2, [r0, #2]
10004b56:	78c3      	ldrb	r3, [r0, #3]
10004b58:	021b      	lsls	r3, r3, #8
10004b5a:	4313      	orrs	r3, r2
10004b5c:	4683      	mov	fp, r0
10004b5e:	449b      	add	fp, r3
10004b60:	455e      	cmp	r6, fp
10004b62:	d277      	bcs.n	10004c54 <process_set_config+0x168>
10004b64:	7873      	ldrb	r3, [r6, #1]
10004b66:	2b0b      	cmp	r3, #11
10004b68:	d00a      	beq.n	10004b80 <process_set_config+0x94>
10004b6a:	2301      	movs	r3, #1
10004b6c:	4699      	mov	r9, r3
10004b6e:	7873      	ldrb	r3, [r6, #1]
10004b70:	2b04      	cmp	r3, #4
10004b72:	d10a      	bne.n	10004b8a <process_set_config+0x9e>
10004b74:	465b      	mov	r3, fp
10004b76:	1b9b      	subs	r3, r3, r6
10004b78:	b29b      	uxth	r3, r3
10004b7a:	4698      	mov	r8, r3
10004b7c:	2400      	movs	r4, #0
10004b7e:	e03d      	b.n	10004bfc <process_set_config+0x110>
10004b80:	78f3      	ldrb	r3, [r6, #3]
10004b82:	4699      	mov	r9, r3
10004b84:	7833      	ldrb	r3, [r6, #0]
10004b86:	18f6      	adds	r6, r6, r3
10004b88:	e7f1      	b.n	10004b6e <process_set_config+0x82>
10004b8a:	4a37      	ldr	r2, [pc, #220]	; (10004c68 <process_set_config+0x17c>)
10004b8c:	4933      	ldr	r1, [pc, #204]	; (10004c5c <process_set_config+0x170>)
10004b8e:	4834      	ldr	r0, [pc, #208]	; (10004c60 <process_set_config+0x174>)
10004b90:	f7ff f8ea 	bl	10003d68 <__wrap_printf>
10004b94:	2000      	movs	r0, #0
10004b96:	e7c1      	b.n	10004b1c <process_set_config+0x30>
10004b98:	1b7d      	subs	r5, r7, r5
10004b9a:	016d      	lsls	r5, r5, #5
10004b9c:	4b33      	ldr	r3, [pc, #204]	; (10004c6c <process_set_config+0x180>)
10004b9e:	195d      	adds	r5, r3, r5
10004ba0:	e038      	b.n	10004c14 <process_set_config+0x128>
10004ba2:	4a33      	ldr	r2, [pc, #204]	; (10004c70 <process_set_config+0x184>)
10004ba4:	492d      	ldr	r1, [pc, #180]	; (10004c5c <process_set_config+0x170>)
10004ba6:	482e      	ldr	r0, [pc, #184]	; (10004c60 <process_set_config+0x174>)
10004ba8:	f7ff f8de 	bl	10003d68 <__wrap_printf>
10004bac:	2000      	movs	r0, #0
10004bae:	e7b5      	b.n	10004b1c <process_set_config+0x30>
10004bb0:	692a      	ldr	r2, [r5, #16]
10004bb2:	4b30      	ldr	r3, [pc, #192]	; (10004c74 <process_set_config+0x188>)
10004bb4:	429a      	cmp	r2, r3
10004bb6:	d13c      	bne.n	10004c32 <process_set_config+0x146>
10004bb8:	9b01      	ldr	r3, [sp, #4]
10004bba:	4699      	mov	r9, r3
10004bbc:	e039      	b.n	10004c32 <process_set_config+0x146>
10004bbe:	4a2e      	ldr	r2, [pc, #184]	; (10004c78 <process_set_config+0x18c>)
10004bc0:	4926      	ldr	r1, [pc, #152]	; (10004c5c <process_set_config+0x170>)
10004bc2:	4827      	ldr	r0, [pc, #156]	; (10004c60 <process_set_config+0x174>)
10004bc4:	f7ff f8d0 	bl	10003d68 <__wrap_printf>
10004bc8:	2000      	movs	r0, #0
10004bca:	e7a7      	b.n	10004b1c <process_set_config+0x30>
10004bcc:	4825      	ldr	r0, [pc, #148]	; (10004c64 <process_set_config+0x178>)
10004bce:	0023      	movs	r3, r4
10004bd0:	9c00      	ldr	r4, [sp, #0]
10004bd2:	0022      	movs	r2, r4
10004bd4:	0031      	movs	r1, r6
10004bd6:	3014      	adds	r0, #20
10004bd8:	f001 fc9a 	bl	10006510 <tu_edpt_bind_driver>
10004bdc:	46a4      	mov	ip, r4
10004bde:	4466      	add	r6, ip
10004be0:	4b26      	ldr	r3, [pc, #152]	; (10004c7c <process_set_config+0x190>)
10004be2:	781b      	ldrb	r3, [r3, #0]
10004be4:	3301      	adds	r3, #1
10004be6:	429f      	cmp	r7, r3
10004be8:	ddba      	ble.n	10004b60 <process_set_config+0x74>
10004bea:	4a25      	ldr	r2, [pc, #148]	; (10004c80 <process_set_config+0x194>)
10004bec:	491b      	ldr	r1, [pc, #108]	; (10004c5c <process_set_config+0x170>)
10004bee:	481c      	ldr	r0, [pc, #112]	; (10004c60 <process_set_config+0x174>)
10004bf0:	f7ff f8ba 	bl	10003d68 <__wrap_printf>
10004bf4:	2000      	movs	r0, #0
10004bf6:	e791      	b.n	10004b1c <process_set_config+0x30>
10004bf8:	3401      	adds	r4, #1
10004bfa:	b2e4      	uxtb	r4, r4
10004bfc:	4b1f      	ldr	r3, [pc, #124]	; (10004c7c <process_set_config+0x190>)
10004bfe:	781d      	ldrb	r5, [r3, #0]
10004c00:	1c6b      	adds	r3, r5, #1
10004c02:	0027      	movs	r7, r4
10004c04:	42a3      	cmp	r3, r4
10004c06:	dbeb      	blt.n	10004be0 <process_set_config+0xf4>
10004c08:	42a5      	cmp	r5, r4
10004c0a:	d9c5      	bls.n	10004b98 <process_set_config+0xac>
10004c0c:	4b1d      	ldr	r3, [pc, #116]	; (10004c84 <process_set_config+0x198>)
10004c0e:	681d      	ldr	r5, [r3, #0]
10004c10:	0163      	lsls	r3, r4, #5
10004c12:	18ed      	adds	r5, r5, r3
10004c14:	2d00      	cmp	r5, #0
10004c16:	d0c4      	beq.n	10004ba2 <process_set_config+0xb6>
10004c18:	4642      	mov	r2, r8
10004c1a:	0031      	movs	r1, r6
10004c1c:	4650      	mov	r0, sl
10004c1e:	692b      	ldr	r3, [r5, #16]
10004c20:	4798      	blx	r3
10004c22:	9000      	str	r0, [sp, #0]
10004c24:	2808      	cmp	r0, #8
10004c26:	d9e7      	bls.n	10004bf8 <process_set_config+0x10c>
10004c28:	4580      	cmp	r8, r0
10004c2a:	d3e5      	bcc.n	10004bf8 <process_set_config+0x10c>
10004c2c:	464b      	mov	r3, r9
10004c2e:	2b01      	cmp	r3, #1
10004c30:	d0be      	beq.n	10004bb0 <process_set_config+0xc4>
10004c32:	2100      	movs	r1, #0
10004c34:	4589      	cmp	r9, r1
10004c36:	d9c9      	bls.n	10004bcc <process_set_config+0xe0>
10004c38:	78b3      	ldrb	r3, [r6, #2]
10004c3a:	185b      	adds	r3, r3, r1
10004c3c:	b2db      	uxtb	r3, r3
10004c3e:	4a09      	ldr	r2, [pc, #36]	; (10004c64 <process_set_config+0x178>)
10004c40:	18d2      	adds	r2, r2, r3
10004c42:	7912      	ldrb	r2, [r2, #4]
10004c44:	2aff      	cmp	r2, #255	; 0xff
10004c46:	d1ba      	bne.n	10004bbe <process_set_config+0xd2>
10004c48:	4a06      	ldr	r2, [pc, #24]	; (10004c64 <process_set_config+0x178>)
10004c4a:	18d3      	adds	r3, r2, r3
10004c4c:	711c      	strb	r4, [r3, #4]
10004c4e:	3101      	adds	r1, #1
10004c50:	b2c9      	uxtb	r1, r1
10004c52:	e7ef      	b.n	10004c34 <process_set_config+0x148>
10004c54:	2001      	movs	r0, #1
10004c56:	e761      	b.n	10004b1c <process_set_config+0x30>
10004c58:	000003c7 	.word	0x000003c7
10004c5c:	10008040 	.word	0x10008040
10004c60:	10007ee0 	.word	0x10007ee0
10004c64:	200011a8 	.word	0x200011a8
10004c68:	000003e2 	.word	0x000003e2
10004c6c:	10008054 	.word	0x10008054
10004c70:	000003eb 	.word	0x000003eb
10004c74:	10005c71 	.word	0x10005c71
10004c78:	0000040a 	.word	0x0000040a
10004c7c:	20001d64 	.word	0x20001d64
10004c80:	00000419 	.word	0x00000419
10004c84:	20000e7c 	.word	0x20000e7c

10004c88 <tud_event_hook_cb>:
10004c88:	4770      	bx	lr

10004c8a <tud_sof_cb>:
10004c8a:	4770      	bx	lr

10004c8c <tud_descriptor_device_qualifier_cb>:
10004c8c:	2000      	movs	r0, #0
10004c8e:	4770      	bx	lr

10004c90 <tud_descriptor_other_speed_configuration_cb>:
10004c90:	2000      	movs	r0, #0
10004c92:	4770      	bx	lr

10004c94 <process_get_descriptor>:
10004c94:	b570      	push	{r4, r5, r6, lr}
10004c96:	0005      	movs	r5, r0
10004c98:	000c      	movs	r4, r1
10004c9a:	78cb      	ldrb	r3, [r1, #3]
10004c9c:	7888      	ldrb	r0, [r1, #2]
10004c9e:	2b0f      	cmp	r3, #15
10004ca0:	d853      	bhi.n	10004d4a <process_get_descriptor+0xb6>
10004ca2:	009a      	lsls	r2, r3, #2
10004ca4:	492e      	ldr	r1, [pc, #184]	; (10004d60 <process_get_descriptor+0xcc>)
10004ca6:	588a      	ldr	r2, [r1, r2]
10004ca8:	4697      	mov	pc, r2
10004caa:	f7ff fc27 	bl	100044fc <tud_descriptor_device_cb>
10004cae:	1e02      	subs	r2, r0, #0
10004cb0:	d005      	beq.n	10004cbe <process_get_descriptor+0x2a>
10004cb2:	2312      	movs	r3, #18
10004cb4:	0021      	movs	r1, r4
10004cb6:	0028      	movs	r0, r5
10004cb8:	f000 fd0e 	bl	100056d8 <tud_control_xfer>
10004cbc:	e046      	b.n	10004d4c <process_get_descriptor+0xb8>
10004cbe:	4a29      	ldr	r2, [pc, #164]	; (10004d64 <process_get_descriptor+0xd0>)
10004cc0:	4929      	ldr	r1, [pc, #164]	; (10004d68 <process_get_descriptor+0xd4>)
10004cc2:	482a      	ldr	r0, [pc, #168]	; (10004d6c <process_get_descriptor+0xd8>)
10004cc4:	f7ff f850 	bl	10003d68 <__wrap_printf>
10004cc8:	2000      	movs	r0, #0
10004cca:	e03f      	b.n	10004d4c <process_get_descriptor+0xb8>
10004ccc:	f7ff f9c2 	bl	10004054 <tud_descriptor_bos_cb>
10004cd0:	1e02      	subs	r2, r0, #0
10004cd2:	d03c      	beq.n	10004d4e <process_get_descriptor+0xba>
10004cd4:	7881      	ldrb	r1, [r0, #2]
10004cd6:	78c3      	ldrb	r3, [r0, #3]
10004cd8:	021b      	lsls	r3, r3, #8
10004cda:	430b      	orrs	r3, r1
10004cdc:	0021      	movs	r1, r4
10004cde:	0028      	movs	r0, r5
10004ce0:	f000 fcfa 	bl	100056d8 <tud_control_xfer>
10004ce4:	e032      	b.n	10004d4c <process_get_descriptor+0xb8>
10004ce6:	2b02      	cmp	r3, #2
10004ce8:	d00c      	beq.n	10004d04 <process_get_descriptor+0x70>
10004cea:	f7ff ffd1 	bl	10004c90 <tud_descriptor_other_speed_configuration_cb>
10004cee:	1e02      	subs	r2, r0, #0
10004cf0:	d02f      	beq.n	10004d52 <process_get_descriptor+0xbe>
10004cf2:	7891      	ldrb	r1, [r2, #2]
10004cf4:	78d3      	ldrb	r3, [r2, #3]
10004cf6:	021b      	lsls	r3, r3, #8
10004cf8:	430b      	orrs	r3, r1
10004cfa:	0021      	movs	r1, r4
10004cfc:	0028      	movs	r0, r5
10004cfe:	f000 fceb 	bl	100056d8 <tud_control_xfer>
10004d02:	e023      	b.n	10004d4c <process_get_descriptor+0xb8>
10004d04:	f7ff fbfe 	bl	10004504 <tud_descriptor_configuration_cb>
10004d08:	1e02      	subs	r2, r0, #0
10004d0a:	d1f2      	bne.n	10004cf2 <process_get_descriptor+0x5e>
10004d0c:	4a18      	ldr	r2, [pc, #96]	; (10004d70 <process_get_descriptor+0xdc>)
10004d0e:	4916      	ldr	r1, [pc, #88]	; (10004d68 <process_get_descriptor+0xd4>)
10004d10:	4816      	ldr	r0, [pc, #88]	; (10004d6c <process_get_descriptor+0xd8>)
10004d12:	f7ff f829 	bl	10003d68 <__wrap_printf>
10004d16:	2000      	movs	r0, #0
10004d18:	e018      	b.n	10004d4c <process_get_descriptor+0xb8>
10004d1a:	7923      	ldrb	r3, [r4, #4]
10004d1c:	7961      	ldrb	r1, [r4, #5]
10004d1e:	0209      	lsls	r1, r1, #8
10004d20:	4319      	orrs	r1, r3
10004d22:	f7ff fbf3 	bl	1000450c <tud_descriptor_string_cb>
10004d26:	1e02      	subs	r2, r0, #0
10004d28:	d015      	beq.n	10004d56 <process_get_descriptor+0xc2>
10004d2a:	7803      	ldrb	r3, [r0, #0]
10004d2c:	0021      	movs	r1, r4
10004d2e:	0028      	movs	r0, r5
10004d30:	f000 fcd2 	bl	100056d8 <tud_control_xfer>
10004d34:	e00a      	b.n	10004d4c <process_get_descriptor+0xb8>
10004d36:	f7ff ffa9 	bl	10004c8c <tud_descriptor_device_qualifier_cb>
10004d3a:	1e02      	subs	r2, r0, #0
10004d3c:	d00d      	beq.n	10004d5a <process_get_descriptor+0xc6>
10004d3e:	7803      	ldrb	r3, [r0, #0]
10004d40:	0021      	movs	r1, r4
10004d42:	0028      	movs	r0, r5
10004d44:	f000 fcc8 	bl	100056d8 <tud_control_xfer>
10004d48:	e000      	b.n	10004d4c <process_get_descriptor+0xb8>
10004d4a:	2000      	movs	r0, #0
10004d4c:	bd70      	pop	{r4, r5, r6, pc}
10004d4e:	2000      	movs	r0, #0
10004d50:	e7fc      	b.n	10004d4c <process_get_descriptor+0xb8>
10004d52:	2000      	movs	r0, #0
10004d54:	e7fa      	b.n	10004d4c <process_get_descriptor+0xb8>
10004d56:	2000      	movs	r0, #0
10004d58:	e7f8      	b.n	10004d4c <process_get_descriptor+0xb8>
10004d5a:	2000      	movs	r0, #0
10004d5c:	e7f6      	b.n	10004d4c <process_get_descriptor+0xb8>
10004d5e:	46c0      	nop			; (mov r8, r8)
10004d60:	10007ef8 	.word	0x10007ef8
10004d64:	0000042b 	.word	0x0000042b
10004d68:	10008028 	.word	0x10008028
10004d6c:	10007ee0 	.word	0x10007ee0
10004d70:	00000452 	.word	0x00000452

10004d74 <tud_mount_cb>:
10004d74:	4770      	bx	lr

10004d76 <tud_umount_cb>:
10004d76:	4770      	bx	lr

10004d78 <tud_suspend_cb>:
10004d78:	4770      	bx	lr

10004d7a <tud_resume_cb>:
10004d7a:	4770      	bx	lr

10004d7c <tud_mounted>:
10004d7c:	4b02      	ldr	r3, [pc, #8]	; (10004d88 <tud_mounted+0xc>)
10004d7e:	7858      	ldrb	r0, [r3, #1]
10004d80:	1e43      	subs	r3, r0, #1
10004d82:	4198      	sbcs	r0, r3
10004d84:	b2c0      	uxtb	r0, r0
10004d86:	4770      	bx	lr
10004d88:	200011a8 	.word	0x200011a8

10004d8c <tud_suspended>:
10004d8c:	4b02      	ldr	r3, [pc, #8]	; (10004d98 <tud_suspended+0xc>)
10004d8e:	7818      	ldrb	r0, [r3, #0]
10004d90:	0740      	lsls	r0, r0, #29
10004d92:	0fc0      	lsrs	r0, r0, #31
10004d94:	4770      	bx	lr
10004d96:	46c0      	nop			; (mov r8, r8)
10004d98:	200011a8 	.word	0x200011a8

10004d9c <tud_inited>:
10004d9c:	4b03      	ldr	r3, [pc, #12]	; (10004dac <tud_inited+0x10>)
10004d9e:	7818      	ldrb	r0, [r3, #0]
10004da0:	38ff      	subs	r0, #255	; 0xff
10004da2:	1e43      	subs	r3, r0, #1
10004da4:	4198      	sbcs	r0, r3
10004da6:	b2c0      	uxtb	r0, r0
10004da8:	4770      	bx	lr
10004daa:	46c0      	nop			; (mov r8, r8)
10004dac:	20000ccc 	.word	0x20000ccc

10004db0 <tud_init>:
10004db0:	b570      	push	{r4, r5, r6, lr}
10004db2:	0005      	movs	r5, r0
10004db4:	f7ff fff2 	bl	10004d9c <tud_inited>
10004db8:	1e06      	subs	r6, r0, #0
10004dba:	d001      	beq.n	10004dc0 <tud_init+0x10>
10004dbc:	0030      	movs	r0, r6
10004dbe:	bd70      	pop	{r4, r5, r6, pc}
10004dc0:	2254      	movs	r2, #84	; 0x54
10004dc2:	2100      	movs	r1, #0
10004dc4:	4824      	ldr	r0, [pc, #144]	; (10004e58 <tud_init+0xa8>)
10004dc6:	f7fd fdab 	bl	10002920 <__wrap_memset>
10004dca:	4b24      	ldr	r3, [pc, #144]	; (10004e5c <tud_init+0xac>)
10004dcc:	2200      	movs	r2, #0
10004dce:	701a      	strb	r2, [r3, #0]
10004dd0:	4c23      	ldr	r4, [pc, #140]	; (10004e60 <tud_init+0xb0>)
10004dd2:	0020      	movs	r0, r4
10004dd4:	f7fb ff40 	bl	10000c58 <mutex_init>
10004dd8:	4b22      	ldr	r3, [pc, #136]	; (10004e64 <tud_init+0xb4>)
10004dda:	601c      	str	r4, [r3, #0]
10004ddc:	4c22      	ldr	r4, [pc, #136]	; (10004e68 <tud_init+0xb8>)
10004dde:	0020      	movs	r0, r4
10004de0:	3014      	adds	r0, #20
10004de2:	f7fb ff85 	bl	10000cf0 <critical_section_init>
10004de6:	0020      	movs	r0, r4
10004de8:	f001 fdfb 	bl	100069e2 <tu_fifo_clear>
10004dec:	4b1f      	ldr	r3, [pc, #124]	; (10004e6c <tud_init+0xbc>)
10004dee:	601c      	str	r4, [r3, #0]
10004df0:	4b1f      	ldr	r3, [pc, #124]	; (10004e70 <tud_init+0xc0>)
10004df2:	2b00      	cmp	r3, #0
10004df4:	d004      	beq.n	10004e00 <tud_init+0x50>
10004df6:	481f      	ldr	r0, [pc, #124]	; (10004e74 <tud_init+0xc4>)
10004df8:	f7ff f94c 	bl	10004094 <usbd_app_driver_get_cb>
10004dfc:	4b1e      	ldr	r3, [pc, #120]	; (10004e78 <tud_init+0xc8>)
10004dfe:	6018      	str	r0, [r3, #0]
10004e00:	2400      	movs	r4, #0
10004e02:	e00b      	b.n	10004e1c <tud_init+0x6c>
10004e04:	1ad2      	subs	r2, r2, r3
10004e06:	0152      	lsls	r2, r2, #5
10004e08:	4b1c      	ldr	r3, [pc, #112]	; (10004e7c <tud_init+0xcc>)
10004e0a:	189b      	adds	r3, r3, r2
10004e0c:	2b00      	cmp	r3, #0
10004e0e:	d012      	beq.n	10004e36 <tud_init+0x86>
10004e10:	685b      	ldr	r3, [r3, #4]
10004e12:	2b00      	cmp	r3, #0
10004e14:	d00f      	beq.n	10004e36 <tud_init+0x86>
10004e16:	4798      	blx	r3
10004e18:	3401      	adds	r4, #1
10004e1a:	b2e4      	uxtb	r4, r4
10004e1c:	4b15      	ldr	r3, [pc, #84]	; (10004e74 <tud_init+0xc4>)
10004e1e:	781b      	ldrb	r3, [r3, #0]
10004e20:	1c59      	adds	r1, r3, #1
10004e22:	0022      	movs	r2, r4
10004e24:	42a1      	cmp	r1, r4
10004e26:	db0d      	blt.n	10004e44 <tud_init+0x94>
10004e28:	42a3      	cmp	r3, r4
10004e2a:	d9eb      	bls.n	10004e04 <tud_init+0x54>
10004e2c:	4b12      	ldr	r3, [pc, #72]	; (10004e78 <tud_init+0xc8>)
10004e2e:	681b      	ldr	r3, [r3, #0]
10004e30:	0162      	lsls	r2, r4, #5
10004e32:	189b      	adds	r3, r3, r2
10004e34:	e7ea      	b.n	10004e0c <tud_init+0x5c>
10004e36:	22f1      	movs	r2, #241	; 0xf1
10004e38:	0052      	lsls	r2, r2, #1
10004e3a:	4911      	ldr	r1, [pc, #68]	; (10004e80 <tud_init+0xd0>)
10004e3c:	4811      	ldr	r0, [pc, #68]	; (10004e84 <tud_init+0xd4>)
10004e3e:	f7fe ff93 	bl	10003d68 <__wrap_printf>
10004e42:	e7bb      	b.n	10004dbc <tud_init+0xc>
10004e44:	4b10      	ldr	r3, [pc, #64]	; (10004e88 <tud_init+0xd8>)
10004e46:	701d      	strb	r5, [r3, #0]
10004e48:	0028      	movs	r0, r5
10004e4a:	f7ff fccf 	bl	100047ec <dcd_init>
10004e4e:	0028      	movs	r0, r5
10004e50:	f7ff fc98 	bl	10004784 <dcd_int_enable>
10004e54:	2601      	movs	r6, #1
10004e56:	e7b1      	b.n	10004dbc <tud_init+0xc>
10004e58:	200011a8 	.word	0x200011a8
10004e5c:	20001d66 	.word	0x20001d66
10004e60:	20001160 	.word	0x20001160
10004e64:	200011fc 	.word	0x200011fc
10004e68:	20000cb0 	.word	0x20000cb0
10004e6c:	20001200 	.word	0x20001200
10004e70:	10004095 	.word	0x10004095
10004e74:	20001d64 	.word	0x20001d64
10004e78:	20000e7c 	.word	0x20000e7c
10004e7c:	10008054 	.word	0x10008054
10004e80:	10007fdc 	.word	0x10007fdc
10004e84:	10007ee0 	.word	0x10007ee0
10004e88:	20000ccc 	.word	0x20000ccc

10004e8c <usbd_edpt_open>:
10004e8c:	b570      	push	{r4, r5, r6, lr}
10004e8e:	000d      	movs	r5, r1
10004e90:	4b10      	ldr	r3, [pc, #64]	; (10004ed4 <usbd_edpt_open+0x48>)
10004e92:	781e      	ldrb	r6, [r3, #0]
10004e94:	788b      	ldrb	r3, [r1, #2]
10004e96:	2270      	movs	r2, #112	; 0x70
10004e98:	421a      	tst	r2, r3
10004e9a:	d10d      	bne.n	10004eb8 <usbd_edpt_open+0x2c>
10004e9c:	4b0e      	ldr	r3, [pc, #56]	; (10004ed8 <usbd_edpt_open+0x4c>)
10004e9e:	7899      	ldrb	r1, [r3, #2]
10004ea0:	0028      	movs	r0, r5
10004ea2:	f001 fadf 	bl	10006464 <tu_edpt_validate>
10004ea6:	1e04      	subs	r4, r0, #0
10004ea8:	d00d      	beq.n	10004ec6 <usbd_edpt_open+0x3a>
10004eaa:	0029      	movs	r1, r5
10004eac:	0030      	movs	r0, r6
10004eae:	f7ff fcf9 	bl	100048a4 <dcd_edpt_open>
10004eb2:	0004      	movs	r4, r0
10004eb4:	0020      	movs	r0, r4
10004eb6:	bd70      	pop	{r4, r5, r6, pc}
10004eb8:	4a08      	ldr	r2, [pc, #32]	; (10004edc <usbd_edpt_open+0x50>)
10004eba:	4909      	ldr	r1, [pc, #36]	; (10004ee0 <usbd_edpt_open+0x54>)
10004ebc:	4809      	ldr	r0, [pc, #36]	; (10004ee4 <usbd_edpt_open+0x58>)
10004ebe:	f7fe ff53 	bl	10003d68 <__wrap_printf>
10004ec2:	2400      	movs	r4, #0
10004ec4:	e7f6      	b.n	10004eb4 <usbd_edpt_open+0x28>
10004ec6:	4a08      	ldr	r2, [pc, #32]	; (10004ee8 <usbd_edpt_open+0x5c>)
10004ec8:	4905      	ldr	r1, [pc, #20]	; (10004ee0 <usbd_edpt_open+0x54>)
10004eca:	4806      	ldr	r0, [pc, #24]	; (10004ee4 <usbd_edpt_open+0x58>)
10004ecc:	f7fe ff4c 	bl	10003d68 <__wrap_printf>
10004ed0:	e7f0      	b.n	10004eb4 <usbd_edpt_open+0x28>
10004ed2:	46c0      	nop			; (mov r8, r8)
10004ed4:	20000ccc 	.word	0x20000ccc
10004ed8:	200011a8 	.word	0x200011a8
10004edc:	000004fd 	.word	0x000004fd
10004ee0:	10007ff8 	.word	0x10007ff8
10004ee4:	10007ee0 	.word	0x10007ee0
10004ee8:	000004fe 	.word	0x000004fe

10004eec <usbd_open_edpt_pair>:
10004eec:	b5f0      	push	{r4, r5, r6, r7, lr}
10004eee:	46d6      	mov	lr, sl
10004ef0:	464f      	mov	r7, r9
10004ef2:	4646      	mov	r6, r8
10004ef4:	b5c0      	push	{r6, r7, lr}
10004ef6:	4681      	mov	r9, r0
10004ef8:	000c      	movs	r4, r1
10004efa:	0017      	movs	r7, r2
10004efc:	4698      	mov	r8, r3
10004efe:	9b08      	ldr	r3, [sp, #32]
10004f00:	469a      	mov	sl, r3
10004f02:	2500      	movs	r5, #0
10004f04:	e016      	b.n	10004f34 <usbd_open_edpt_pair+0x48>
10004f06:	4a18      	ldr	r2, [pc, #96]	; (10004f68 <usbd_open_edpt_pair+0x7c>)
10004f08:	4918      	ldr	r1, [pc, #96]	; (10004f6c <usbd_open_edpt_pair+0x80>)
10004f0a:	4819      	ldr	r0, [pc, #100]	; (10004f70 <usbd_open_edpt_pair+0x84>)
10004f0c:	f7fe ff2c 	bl	10003d68 <__wrap_printf>
10004f10:	2600      	movs	r6, #0
10004f12:	0030      	movs	r0, r6
10004f14:	bce0      	pop	{r5, r6, r7}
10004f16:	46ba      	mov	sl, r7
10004f18:	46b1      	mov	r9, r6
10004f1a:	46a8      	mov	r8, r5
10004f1c:	bdf0      	pop	{r4, r5, r6, r7, pc}
10004f1e:	4a15      	ldr	r2, [pc, #84]	; (10004f74 <usbd_open_edpt_pair+0x88>)
10004f20:	4912      	ldr	r1, [pc, #72]	; (10004f6c <usbd_open_edpt_pair+0x80>)
10004f22:	4813      	ldr	r0, [pc, #76]	; (10004f70 <usbd_open_edpt_pair+0x84>)
10004f24:	f7fe ff20 	bl	10003d68 <__wrap_printf>
10004f28:	e7f3      	b.n	10004f12 <usbd_open_edpt_pair+0x26>
10004f2a:	9a09      	ldr	r2, [sp, #36]	; 0x24
10004f2c:	7013      	strb	r3, [r2, #0]
10004f2e:	7823      	ldrb	r3, [r4, #0]
10004f30:	18e4      	adds	r4, r4, r3
10004f32:	3501      	adds	r5, #1
10004f34:	42af      	cmp	r7, r5
10004f36:	dd14      	ble.n	10004f62 <usbd_open_edpt_pair+0x76>
10004f38:	7863      	ldrb	r3, [r4, #1]
10004f3a:	2b05      	cmp	r3, #5
10004f3c:	d1e3      	bne.n	10004f06 <usbd_open_edpt_pair+0x1a>
10004f3e:	78e1      	ldrb	r1, [r4, #3]
10004f40:	0789      	lsls	r1, r1, #30
10004f42:	0f89      	lsrs	r1, r1, #30
10004f44:	4541      	cmp	r1, r8
10004f46:	d1de      	bne.n	10004f06 <usbd_open_edpt_pair+0x1a>
10004f48:	0021      	movs	r1, r4
10004f4a:	4648      	mov	r0, r9
10004f4c:	f7ff ff9e 	bl	10004e8c <usbd_edpt_open>
10004f50:	1e06      	subs	r6, r0, #0
10004f52:	d0e4      	beq.n	10004f1e <usbd_open_edpt_pair+0x32>
10004f54:	78a3      	ldrb	r3, [r4, #2]
10004f56:	09da      	lsrs	r2, r3, #7
10004f58:	2a01      	cmp	r2, #1
10004f5a:	d0e6      	beq.n	10004f2a <usbd_open_edpt_pair+0x3e>
10004f5c:	4652      	mov	r2, sl
10004f5e:	7013      	strb	r3, [r2, #0]
10004f60:	e7e5      	b.n	10004f2e <usbd_open_edpt_pair+0x42>
10004f62:	2601      	movs	r6, #1
10004f64:	e7d5      	b.n	10004f12 <usbd_open_edpt_pair+0x26>
10004f66:	46c0      	nop			; (mov r8, r8)
10004f68:	000004d9 	.word	0x000004d9
10004f6c:	10008008 	.word	0x10008008
10004f70:	10007ee0 	.word	0x10007ee0
10004f74:	000004da 	.word	0x000004da

10004f78 <usbd_edpt_claim>:
10004f78:	b510      	push	{r4, lr}
10004f7a:	207f      	movs	r0, #127	; 0x7f
10004f7c:	4008      	ands	r0, r1
10004f7e:	09c9      	lsrs	r1, r1, #7
10004f80:	0040      	lsls	r0, r0, #1
10004f82:	1840      	adds	r0, r0, r1
10004f84:	3030      	adds	r0, #48	; 0x30
10004f86:	4904      	ldr	r1, [pc, #16]	; (10004f98 <usbd_edpt_claim+0x20>)
10004f88:	1808      	adds	r0, r1, r0
10004f8a:	3004      	adds	r0, #4
10004f8c:	4b03      	ldr	r3, [pc, #12]	; (10004f9c <usbd_edpt_claim+0x24>)
10004f8e:	6819      	ldr	r1, [r3, #0]
10004f90:	f001 fa22 	bl	100063d8 <tu_edpt_claim>
10004f94:	bd10      	pop	{r4, pc}
10004f96:	46c0      	nop			; (mov r8, r8)
10004f98:	200011a8 	.word	0x200011a8
10004f9c:	200011fc 	.word	0x200011fc

10004fa0 <usbd_edpt_release>:
10004fa0:	b510      	push	{r4, lr}
10004fa2:	207f      	movs	r0, #127	; 0x7f
10004fa4:	4008      	ands	r0, r1
10004fa6:	09c9      	lsrs	r1, r1, #7
10004fa8:	0040      	lsls	r0, r0, #1
10004faa:	1840      	adds	r0, r0, r1
10004fac:	3030      	adds	r0, #48	; 0x30
10004fae:	4904      	ldr	r1, [pc, #16]	; (10004fc0 <usbd_edpt_release+0x20>)
10004fb0:	1808      	adds	r0, r1, r0
10004fb2:	3004      	adds	r0, #4
10004fb4:	4b03      	ldr	r3, [pc, #12]	; (10004fc4 <usbd_edpt_release+0x24>)
10004fb6:	6819      	ldr	r1, [r3, #0]
10004fb8:	f001 fa36 	bl	10006428 <tu_edpt_release>
10004fbc:	bd10      	pop	{r4, pc}
10004fbe:	46c0      	nop			; (mov r8, r8)
10004fc0:	200011a8 	.word	0x200011a8
10004fc4:	200011fc 	.word	0x200011fc

10004fc8 <usbd_edpt_xfer>:
10004fc8:	b5f0      	push	{r4, r5, r6, r7, lr}
10004fca:	46c6      	mov	lr, r8
10004fcc:	b500      	push	{lr}
10004fce:	b082      	sub	sp, #8
10004fd0:	9301      	str	r3, [sp, #4]
10004fd2:	481a      	ldr	r0, [pc, #104]	; (1000503c <usbd_edpt_xfer+0x74>)
10004fd4:	7800      	ldrb	r0, [r0, #0]
10004fd6:	257f      	movs	r5, #127	; 0x7f
10004fd8:	400d      	ands	r5, r1
10004fda:	09ce      	lsrs	r6, r1, #7
10004fdc:	006f      	lsls	r7, r5, #1
10004fde:	4c18      	ldr	r4, [pc, #96]	; (10005040 <usbd_edpt_xfer+0x78>)
10004fe0:	19e4      	adds	r4, r4, r7
10004fe2:	19a4      	adds	r4, r4, r6
10004fe4:	3430      	adds	r4, #48	; 0x30
10004fe6:	7924      	ldrb	r4, [r4, #4]
10004fe8:	07e4      	lsls	r4, r4, #31
10004fea:	d41d      	bmi.n	10005028 <usbd_edpt_xfer+0x60>
10004fec:	006f      	lsls	r7, r5, #1
10004fee:	4c14      	ldr	r4, [pc, #80]	; (10005040 <usbd_edpt_xfer+0x78>)
10004ff0:	19e4      	adds	r4, r4, r7
10004ff2:	19a4      	adds	r4, r4, r6
10004ff4:	3430      	adds	r4, #48	; 0x30
10004ff6:	7923      	ldrb	r3, [r4, #4]
10004ff8:	2701      	movs	r7, #1
10004ffa:	46bc      	mov	ip, r7
10004ffc:	4667      	mov	r7, ip
10004ffe:	433b      	orrs	r3, r7
10005000:	7123      	strb	r3, [r4, #4]
10005002:	9b01      	ldr	r3, [sp, #4]
10005004:	f7ff fc72 	bl	100048ec <dcd_edpt_xfer>
10005008:	2800      	cmp	r0, #0
1000500a:	d113      	bne.n	10005034 <usbd_edpt_xfer+0x6c>
1000500c:	006d      	lsls	r5, r5, #1
1000500e:	4b0c      	ldr	r3, [pc, #48]	; (10005040 <usbd_edpt_xfer+0x78>)
10005010:	195d      	adds	r5, r3, r5
10005012:	19ae      	adds	r6, r5, r6
10005014:	3630      	adds	r6, #48	; 0x30
10005016:	7933      	ldrb	r3, [r6, #4]
10005018:	2201      	movs	r2, #1
1000501a:	4393      	bics	r3, r2
1000501c:	7133      	strb	r3, [r6, #4]
1000501e:	7933      	ldrb	r3, [r6, #4]
10005020:	3203      	adds	r2, #3
10005022:	4393      	bics	r3, r2
10005024:	7133      	strb	r3, [r6, #4]
10005026:	e005      	b.n	10005034 <usbd_edpt_xfer+0x6c>
10005028:	4a06      	ldr	r2, [pc, #24]	; (10005044 <usbd_edpt_xfer+0x7c>)
1000502a:	4907      	ldr	r1, [pc, #28]	; (10005048 <usbd_edpt_xfer+0x80>)
1000502c:	4807      	ldr	r0, [pc, #28]	; (1000504c <usbd_edpt_xfer+0x84>)
1000502e:	f7fe fe9b 	bl	10003d68 <__wrap_printf>
10005032:	2000      	movs	r0, #0
10005034:	b002      	add	sp, #8
10005036:	bc80      	pop	{r7}
10005038:	46b8      	mov	r8, r7
1000503a:	bdf0      	pop	{r4, r5, r6, r7, pc}
1000503c:	20000ccc 	.word	0x20000ccc
10005040:	200011a8 	.word	0x200011a8
10005044:	0000052b 	.word	0x0000052b
10005048:	10007fe8 	.word	0x10007fe8
1000504c:	10007ee0 	.word	0x10007ee0

10005050 <usbd_edpt_stall>:
10005050:	b570      	push	{r4, r5, r6, lr}
10005052:	4b0a      	ldr	r3, [pc, #40]	; (1000507c <usbd_edpt_stall+0x2c>)
10005054:	7818      	ldrb	r0, [r3, #0]
10005056:	247f      	movs	r4, #127	; 0x7f
10005058:	400c      	ands	r4, r1
1000505a:	09cd      	lsrs	r5, r1, #7
1000505c:	f7ff fc5e 	bl	1000491c <dcd_edpt_stall>
10005060:	0064      	lsls	r4, r4, #1
10005062:	4b07      	ldr	r3, [pc, #28]	; (10005080 <usbd_edpt_stall+0x30>)
10005064:	191b      	adds	r3, r3, r4
10005066:	195b      	adds	r3, r3, r5
10005068:	3330      	adds	r3, #48	; 0x30
1000506a:	791a      	ldrb	r2, [r3, #4]
1000506c:	2102      	movs	r1, #2
1000506e:	430a      	orrs	r2, r1
10005070:	711a      	strb	r2, [r3, #4]
10005072:	791a      	ldrb	r2, [r3, #4]
10005074:	2101      	movs	r1, #1
10005076:	430a      	orrs	r2, r1
10005078:	711a      	strb	r2, [r3, #4]
1000507a:	bd70      	pop	{r4, r5, r6, pc}
1000507c:	20000ccc 	.word	0x20000ccc
10005080:	200011a8 	.word	0x200011a8

10005084 <usbd_edpt_clear_stall>:
10005084:	b570      	push	{r4, r5, r6, lr}
10005086:	4b0a      	ldr	r3, [pc, #40]	; (100050b0 <usbd_edpt_clear_stall+0x2c>)
10005088:	7818      	ldrb	r0, [r3, #0]
1000508a:	247f      	movs	r4, #127	; 0x7f
1000508c:	400c      	ands	r4, r1
1000508e:	09cd      	lsrs	r5, r1, #7
10005090:	f7ff fc62 	bl	10004958 <dcd_edpt_clear_stall>
10005094:	0064      	lsls	r4, r4, #1
10005096:	4b07      	ldr	r3, [pc, #28]	; (100050b4 <usbd_edpt_clear_stall+0x30>)
10005098:	191b      	adds	r3, r3, r4
1000509a:	195b      	adds	r3, r3, r5
1000509c:	3330      	adds	r3, #48	; 0x30
1000509e:	791a      	ldrb	r2, [r3, #4]
100050a0:	2102      	movs	r1, #2
100050a2:	438a      	bics	r2, r1
100050a4:	711a      	strb	r2, [r3, #4]
100050a6:	791a      	ldrb	r2, [r3, #4]
100050a8:	3901      	subs	r1, #1
100050aa:	438a      	bics	r2, r1
100050ac:	711a      	strb	r2, [r3, #4]
100050ae:	bd70      	pop	{r4, r5, r6, pc}
100050b0:	20000ccc 	.word	0x20000ccc
100050b4:	200011a8 	.word	0x200011a8

100050b8 <usbd_edpt_stalled>:
100050b8:	227f      	movs	r2, #127	; 0x7f
100050ba:	400a      	ands	r2, r1
100050bc:	09cb      	lsrs	r3, r1, #7
100050be:	0052      	lsls	r2, r2, #1
100050c0:	4903      	ldr	r1, [pc, #12]	; (100050d0 <usbd_edpt_stalled+0x18>)
100050c2:	1889      	adds	r1, r1, r2
100050c4:	18c9      	adds	r1, r1, r3
100050c6:	3130      	adds	r1, #48	; 0x30
100050c8:	7908      	ldrb	r0, [r1, #4]
100050ca:	0780      	lsls	r0, r0, #30
100050cc:	0fc0      	lsrs	r0, r0, #31
100050ce:	4770      	bx	lr
100050d0:	200011a8 	.word	0x200011a8

100050d4 <process_control_request>:
100050d4:	b5f0      	push	{r4, r5, r6, r7, lr}
100050d6:	46c6      	mov	lr, r8
100050d8:	b500      	push	{lr}
100050da:	b082      	sub	sp, #8
100050dc:	0004      	movs	r4, r0
100050de:	000d      	movs	r5, r1
100050e0:	2000      	movs	r0, #0
100050e2:	f000 fb57 	bl	10005794 <usbd_control_set_complete_callback>
100050e6:	782b      	ldrb	r3, [r5, #0]
100050e8:	2260      	movs	r2, #96	; 0x60
100050ea:	401a      	ands	r2, r3
100050ec:	2a60      	cmp	r2, #96	; 0x60
100050ee:	d012      	beq.n	10005116 <process_control_request+0x42>
100050f0:	2a40      	cmp	r2, #64	; 0x40
100050f2:	d017      	beq.n	10005124 <process_control_request+0x50>
100050f4:	782b      	ldrb	r3, [r5, #0]
100050f6:	06db      	lsls	r3, r3, #27
100050f8:	0edb      	lsrs	r3, r3, #27
100050fa:	2b01      	cmp	r3, #1
100050fc:	d100      	bne.n	10005100 <process_control_request+0x2c>
100050fe:	e0da      	b.n	100052b6 <process_control_request+0x1e2>
10005100:	2b02      	cmp	r3, #2
10005102:	d100      	bne.n	10005106 <process_control_request+0x32>
10005104:	e11a      	b.n	1000533c <process_control_request+0x268>
10005106:	2b00      	cmp	r3, #0
10005108:	d016      	beq.n	10005138 <process_control_request+0x64>
1000510a:	2600      	movs	r6, #0
1000510c:	0030      	movs	r0, r6
1000510e:	b002      	add	sp, #8
10005110:	bc80      	pop	{r7}
10005112:	46b8      	mov	r8, r7
10005114:	bdf0      	pop	{r4, r5, r6, r7, pc}
10005116:	4ac9      	ldr	r2, [pc, #804]	; (1000543c <process_control_request+0x368>)
10005118:	49c9      	ldr	r1, [pc, #804]	; (10005440 <process_control_request+0x36c>)
1000511a:	48ca      	ldr	r0, [pc, #808]	; (10005444 <process_control_request+0x370>)
1000511c:	f7fe fe24 	bl	10003d68 <__wrap_printf>
10005120:	2600      	movs	r6, #0
10005122:	e7f3      	b.n	1000510c <process_control_request+0x38>
10005124:	48c8      	ldr	r0, [pc, #800]	; (10005448 <process_control_request+0x374>)
10005126:	f000 fb35 	bl	10005794 <usbd_control_set_complete_callback>
1000512a:	002a      	movs	r2, r5
1000512c:	2101      	movs	r1, #1
1000512e:	0020      	movs	r0, r4
10005130:	f7fe ff94 	bl	1000405c <tud_vendor_control_xfer_cb>
10005134:	0006      	movs	r6, r0
10005136:	e7e9      	b.n	1000510c <process_control_request+0x38>
10005138:	2a20      	cmp	r2, #32
1000513a:	d00a      	beq.n	10005152 <process_control_request+0x7e>
1000513c:	2a00      	cmp	r2, #0
1000513e:	d000      	beq.n	10005142 <process_control_request+0x6e>
10005140:	e16e      	b.n	10005420 <process_control_request+0x34c>
10005142:	786b      	ldrb	r3, [r5, #1]
10005144:	2b09      	cmp	r3, #9
10005146:	d900      	bls.n	1000514a <process_control_request+0x76>
10005148:	e16c      	b.n	10005424 <process_control_request+0x350>
1000514a:	009b      	lsls	r3, r3, #2
1000514c:	4abf      	ldr	r2, [pc, #764]	; (1000544c <process_control_request+0x378>)
1000514e:	58d3      	ldr	r3, [r2, r3]
10005150:	469f      	mov	pc, r3
10005152:	792b      	ldrb	r3, [r5, #4]
10005154:	2b0f      	cmp	r3, #15
10005156:	d900      	bls.n	1000515a <process_control_request+0x86>
10005158:	e15c      	b.n	10005414 <process_control_request+0x340>
1000515a:	4abd      	ldr	r2, [pc, #756]	; (10005450 <process_control_request+0x37c>)
1000515c:	18d3      	adds	r3, r2, r3
1000515e:	791b      	ldrb	r3, [r3, #4]
10005160:	4abc      	ldr	r2, [pc, #752]	; (10005454 <process_control_request+0x380>)
10005162:	7811      	ldrb	r1, [r2, #0]
10005164:	428b      	cmp	r3, r1
10005166:	d20c      	bcs.n	10005182 <process_control_request+0xae>
10005168:	4abb      	ldr	r2, [pc, #748]	; (10005458 <process_control_request+0x384>)
1000516a:	6812      	ldr	r2, [r2, #0]
1000516c:	0159      	lsls	r1, r3, #5
1000516e:	1851      	adds	r1, r2, r1
10005170:	2900      	cmp	r1, #0
10005172:	d100      	bne.n	10005176 <process_control_request+0xa2>
10005174:	e152      	b.n	1000541c <process_control_request+0x348>
10005176:	002a      	movs	r2, r5
10005178:	0020      	movs	r0, r4
1000517a:	f7ff fca9 	bl	10004ad0 <invoke_class_control>
1000517e:	0006      	movs	r6, r0
10005180:	e7c4      	b.n	1000510c <process_control_request+0x38>
10005182:	1c4a      	adds	r2, r1, #1
10005184:	429a      	cmp	r2, r3
10005186:	da00      	bge.n	1000518a <process_control_request+0xb6>
10005188:	e146      	b.n	10005418 <process_control_request+0x344>
1000518a:	1a59      	subs	r1, r3, r1
1000518c:	0149      	lsls	r1, r1, #5
1000518e:	4bb3      	ldr	r3, [pc, #716]	; (1000545c <process_control_request+0x388>)
10005190:	1859      	adds	r1, r3, r1
10005192:	e7ed      	b.n	10005170 <process_control_request+0x9c>
10005194:	0028      	movs	r0, r5
10005196:	f000 fb03 	bl	100057a0 <usbd_control_set_request>
1000519a:	78a9      	ldrb	r1, [r5, #2]
1000519c:	0020      	movs	r0, r4
1000519e:	f7ff fb07 	bl	100047b0 <dcd_set_address>
100051a2:	4aab      	ldr	r2, [pc, #684]	; (10005450 <process_control_request+0x37c>)
100051a4:	7813      	ldrb	r3, [r2, #0]
100051a6:	2102      	movs	r1, #2
100051a8:	430b      	orrs	r3, r1
100051aa:	7013      	strb	r3, [r2, #0]
100051ac:	2601      	movs	r6, #1
100051ae:	e7ad      	b.n	1000510c <process_control_request+0x38>
100051b0:	4ba7      	ldr	r3, [pc, #668]	; (10005450 <process_control_request+0x37c>)
100051b2:	785b      	ldrb	r3, [r3, #1]
100051b4:	466a      	mov	r2, sp
100051b6:	3206      	adds	r2, #6
100051b8:	7013      	strb	r3, [r2, #0]
100051ba:	2301      	movs	r3, #1
100051bc:	0029      	movs	r1, r5
100051be:	0020      	movs	r0, r4
100051c0:	f000 fa8a 	bl	100056d8 <tud_control_xfer>
100051c4:	2601      	movs	r6, #1
100051c6:	e7a1      	b.n	1000510c <process_control_request+0x38>
100051c8:	78ae      	ldrb	r6, [r5, #2]
100051ca:	4ba1      	ldr	r3, [pc, #644]	; (10005450 <process_control_request+0x37c>)
100051cc:	785b      	ldrb	r3, [r3, #1]
100051ce:	b2db      	uxtb	r3, r3
100051d0:	42b3      	cmp	r3, r6
100051d2:	d02b      	beq.n	1000522c <process_control_request+0x158>
100051d4:	4b9e      	ldr	r3, [pc, #632]	; (10005450 <process_control_request+0x37c>)
100051d6:	785b      	ldrb	r3, [r3, #1]
100051d8:	2b00      	cmp	r3, #0
100051da:	d10c      	bne.n	100051f6 <process_control_request+0x122>
100051dc:	4b9c      	ldr	r3, [pc, #624]	; (10005450 <process_control_request+0x37c>)
100051de:	705e      	strb	r6, [r3, #1]
100051e0:	2e00      	cmp	r6, #0
100051e2:	d021      	beq.n	10005228 <process_control_request+0x154>
100051e4:	0031      	movs	r1, r6
100051e6:	0020      	movs	r0, r4
100051e8:	f7ff fc80 	bl	10004aec <process_set_config>
100051ec:	1e06      	subs	r6, r0, #0
100051ee:	d012      	beq.n	10005216 <process_control_request+0x142>
100051f0:	f7ff fdc0 	bl	10004d74 <tud_mount_cb>
100051f4:	e01a      	b.n	1000522c <process_control_request+0x158>
100051f6:	2100      	movs	r1, #0
100051f8:	0020      	movs	r0, r4
100051fa:	f7ff fb37 	bl	1000486c <dcd_sof_enable>
100051fe:	0020      	movs	r0, r4
10005200:	f7ff fb70 	bl	100048e4 <dcd_edpt_close_all>
10005204:	4f92      	ldr	r7, [pc, #584]	; (10005450 <process_control_request+0x37c>)
10005206:	78bb      	ldrb	r3, [r7, #2]
10005208:	4698      	mov	r8, r3
1000520a:	0020      	movs	r0, r4
1000520c:	f7ff fc18 	bl	10004a40 <configuration_reset>
10005210:	4643      	mov	r3, r8
10005212:	70bb      	strb	r3, [r7, #2]
10005214:	e7e2      	b.n	100051dc <process_control_request+0x108>
10005216:	4a92      	ldr	r2, [pc, #584]	; (10005460 <process_control_request+0x38c>)
10005218:	4989      	ldr	r1, [pc, #548]	; (10005440 <process_control_request+0x36c>)
1000521a:	488a      	ldr	r0, [pc, #552]	; (10005444 <process_control_request+0x370>)
1000521c:	f7fe fda4 	bl	10003d68 <__wrap_printf>
10005220:	4b8b      	ldr	r3, [pc, #556]	; (10005450 <process_control_request+0x37c>)
10005222:	2200      	movs	r2, #0
10005224:	705a      	strb	r2, [r3, #1]
10005226:	e771      	b.n	1000510c <process_control_request+0x38>
10005228:	f7ff fda5 	bl	10004d76 <tud_umount_cb>
1000522c:	0029      	movs	r1, r5
1000522e:	0020      	movs	r0, r4
10005230:	f000 fa36 	bl	100056a0 <tud_control_status>
10005234:	2601      	movs	r6, #1
10005236:	e769      	b.n	1000510c <process_control_request+0x38>
10005238:	0029      	movs	r1, r5
1000523a:	0020      	movs	r0, r4
1000523c:	f7ff fd2a 	bl	10004c94 <process_get_descriptor>
10005240:	0006      	movs	r6, r0
10005242:	e763      	b.n	1000510c <process_control_request+0x38>
10005244:	78a9      	ldrb	r1, [r5, #2]
10005246:	78eb      	ldrb	r3, [r5, #3]
10005248:	021b      	lsls	r3, r3, #8
1000524a:	430b      	orrs	r3, r1
1000524c:	2b01      	cmp	r3, #1
1000524e:	d001      	beq.n	10005254 <process_control_request+0x180>
10005250:	2600      	movs	r6, #0
10005252:	e75b      	b.n	1000510c <process_control_request+0x38>
10005254:	4a7e      	ldr	r2, [pc, #504]	; (10005450 <process_control_request+0x37c>)
10005256:	7813      	ldrb	r3, [r2, #0]
10005258:	2108      	movs	r1, #8
1000525a:	430b      	orrs	r3, r1
1000525c:	7013      	strb	r3, [r2, #0]
1000525e:	0029      	movs	r1, r5
10005260:	0020      	movs	r0, r4
10005262:	f000 fa1d 	bl	100056a0 <tud_control_status>
10005266:	2601      	movs	r6, #1
10005268:	e750      	b.n	1000510c <process_control_request+0x38>
1000526a:	78a9      	ldrb	r1, [r5, #2]
1000526c:	78eb      	ldrb	r3, [r5, #3]
1000526e:	021b      	lsls	r3, r3, #8
10005270:	430b      	orrs	r3, r1
10005272:	2b01      	cmp	r3, #1
10005274:	d001      	beq.n	1000527a <process_control_request+0x1a6>
10005276:	2600      	movs	r6, #0
10005278:	e748      	b.n	1000510c <process_control_request+0x38>
1000527a:	4a75      	ldr	r2, [pc, #468]	; (10005450 <process_control_request+0x37c>)
1000527c:	7813      	ldrb	r3, [r2, #0]
1000527e:	2108      	movs	r1, #8
10005280:	438b      	bics	r3, r1
10005282:	7013      	strb	r3, [r2, #0]
10005284:	0029      	movs	r1, r5
10005286:	0020      	movs	r0, r4
10005288:	f000 fa0a 	bl	100056a0 <tud_control_status>
1000528c:	2601      	movs	r6, #1
1000528e:	e73d      	b.n	1000510c <process_control_request+0x38>
10005290:	4b6f      	ldr	r3, [pc, #444]	; (10005450 <process_control_request+0x37c>)
10005292:	781a      	ldrb	r2, [r3, #0]
10005294:	0951      	lsrs	r1, r2, #5
10005296:	0892      	lsrs	r2, r2, #2
10005298:	2301      	movs	r3, #1
1000529a:	400b      	ands	r3, r1
1000529c:	2102      	movs	r1, #2
1000529e:	400a      	ands	r2, r1
100052a0:	4313      	orrs	r3, r2
100052a2:	466a      	mov	r2, sp
100052a4:	3206      	adds	r2, #6
100052a6:	8013      	strh	r3, [r2, #0]
100052a8:	2302      	movs	r3, #2
100052aa:	0029      	movs	r1, r5
100052ac:	0020      	movs	r0, r4
100052ae:	f000 fa13 	bl	100056d8 <tud_control_xfer>
100052b2:	2601      	movs	r6, #1
100052b4:	e72a      	b.n	1000510c <process_control_request+0x38>
100052b6:	792b      	ldrb	r3, [r5, #4]
100052b8:	2b0f      	cmp	r3, #15
100052ba:	d900      	bls.n	100052be <process_control_request+0x1ea>
100052bc:	e0b4      	b.n	10005428 <process_control_request+0x354>
100052be:	4a64      	ldr	r2, [pc, #400]	; (10005450 <process_control_request+0x37c>)
100052c0:	18d3      	adds	r3, r2, r3
100052c2:	791b      	ldrb	r3, [r3, #4]
100052c4:	4a63      	ldr	r2, [pc, #396]	; (10005454 <process_control_request+0x380>)
100052c6:	7811      	ldrb	r1, [r2, #0]
100052c8:	428b      	cmp	r3, r1
100052ca:	d223      	bcs.n	10005314 <process_control_request+0x240>
100052cc:	4a62      	ldr	r2, [pc, #392]	; (10005458 <process_control_request+0x384>)
100052ce:	6812      	ldr	r2, [r2, #0]
100052d0:	0159      	lsls	r1, r3, #5
100052d2:	1851      	adds	r1, r2, r1
100052d4:	2900      	cmp	r1, #0
100052d6:	d100      	bne.n	100052da <process_control_request+0x206>
100052d8:	e0aa      	b.n	10005430 <process_control_request+0x35c>
100052da:	002a      	movs	r2, r5
100052dc:	0020      	movs	r0, r4
100052de:	f7ff fbf7 	bl	10004ad0 <invoke_class_control>
100052e2:	1e06      	subs	r6, r0, #0
100052e4:	d000      	beq.n	100052e8 <process_control_request+0x214>
100052e6:	e711      	b.n	1000510c <process_control_request+0x38>
100052e8:	782b      	ldrb	r3, [r5, #0]
100052ea:	2260      	movs	r2, #96	; 0x60
100052ec:	421a      	tst	r2, r3
100052ee:	d000      	beq.n	100052f2 <process_control_request+0x21e>
100052f0:	e70c      	b.n	1000510c <process_control_request+0x38>
100052f2:	786b      	ldrb	r3, [r5, #1]
100052f4:	3b0a      	subs	r3, #10
100052f6:	2b01      	cmp	r3, #1
100052f8:	d900      	bls.n	100052fc <process_control_request+0x228>
100052fa:	e707      	b.n	1000510c <process_control_request+0x38>
100052fc:	2000      	movs	r0, #0
100052fe:	f000 fa49 	bl	10005794 <usbd_control_set_complete_callback>
10005302:	786b      	ldrb	r3, [r5, #1]
10005304:	2b0a      	cmp	r3, #10
10005306:	d00e      	beq.n	10005326 <process_control_request+0x252>
10005308:	0029      	movs	r1, r5
1000530a:	0020      	movs	r0, r4
1000530c:	f000 f9c8 	bl	100056a0 <tud_control_status>
10005310:	2601      	movs	r6, #1
10005312:	e6fb      	b.n	1000510c <process_control_request+0x38>
10005314:	1c4a      	adds	r2, r1, #1
10005316:	429a      	cmp	r2, r3
10005318:	da00      	bge.n	1000531c <process_control_request+0x248>
1000531a:	e087      	b.n	1000542c <process_control_request+0x358>
1000531c:	1a59      	subs	r1, r3, r1
1000531e:	0149      	lsls	r1, r1, #5
10005320:	4b4e      	ldr	r3, [pc, #312]	; (1000545c <process_control_request+0x388>)
10005322:	1859      	adds	r1, r3, r1
10005324:	e7d6      	b.n	100052d4 <process_control_request+0x200>
10005326:	466b      	mov	r3, sp
10005328:	1d9a      	adds	r2, r3, #6
1000532a:	2300      	movs	r3, #0
1000532c:	7013      	strb	r3, [r2, #0]
1000532e:	3301      	adds	r3, #1
10005330:	0029      	movs	r1, r5
10005332:	0020      	movs	r0, r4
10005334:	f000 f9d0 	bl	100056d8 <tud_control_xfer>
10005338:	3601      	adds	r6, #1
1000533a:	e6e7      	b.n	1000510c <process_control_request+0x38>
1000533c:	7929      	ldrb	r1, [r5, #4]
1000533e:	237f      	movs	r3, #127	; 0x7f
10005340:	400b      	ands	r3, r1
10005342:	09ce      	lsrs	r6, r1, #7
10005344:	2070      	movs	r0, #112	; 0x70
10005346:	4208      	tst	r0, r1
10005348:	d117      	bne.n	1000537a <process_control_request+0x2a6>
1000534a:	005b      	lsls	r3, r3, #1
1000534c:	4840      	ldr	r0, [pc, #256]	; (10005450 <process_control_request+0x37c>)
1000534e:	18c3      	adds	r3, r0, r3
10005350:	199b      	adds	r3, r3, r6
10005352:	7d1b      	ldrb	r3, [r3, #20]
10005354:	483f      	ldr	r0, [pc, #252]	; (10005454 <process_control_request+0x380>)
10005356:	7800      	ldrb	r0, [r0, #0]
10005358:	4283      	cmp	r3, r0
1000535a:	d215      	bcs.n	10005388 <process_control_request+0x2b4>
1000535c:	483e      	ldr	r0, [pc, #248]	; (10005458 <process_control_request+0x384>)
1000535e:	6806      	ldr	r6, [r0, #0]
10005360:	015b      	lsls	r3, r3, #5
10005362:	18f6      	adds	r6, r6, r3
10005364:	2a00      	cmp	r2, #0
10005366:	d019      	beq.n	1000539c <process_control_request+0x2c8>
10005368:	2e00      	cmp	r6, #0
1000536a:	d063      	beq.n	10005434 <process_control_request+0x360>
1000536c:	002a      	movs	r2, r5
1000536e:	0031      	movs	r1, r6
10005370:	0020      	movs	r0, r4
10005372:	f7ff fbad 	bl	10004ad0 <invoke_class_control>
10005376:	0006      	movs	r6, r0
10005378:	e6c8      	b.n	1000510c <process_control_request+0x38>
1000537a:	4a3a      	ldr	r2, [pc, #232]	; (10005464 <process_control_request+0x390>)
1000537c:	4930      	ldr	r1, [pc, #192]	; (10005440 <process_control_request+0x36c>)
1000537e:	4831      	ldr	r0, [pc, #196]	; (10005444 <process_control_request+0x370>)
10005380:	f7fe fcf2 	bl	10003d68 <__wrap_printf>
10005384:	2600      	movs	r6, #0
10005386:	e6c1      	b.n	1000510c <process_control_request+0x38>
10005388:	1c46      	adds	r6, r0, #1
1000538a:	429e      	cmp	r6, r3
1000538c:	db04      	blt.n	10005398 <process_control_request+0x2c4>
1000538e:	1a1b      	subs	r3, r3, r0
10005390:	015b      	lsls	r3, r3, #5
10005392:	4e32      	ldr	r6, [pc, #200]	; (1000545c <process_control_request+0x388>)
10005394:	18f6      	adds	r6, r6, r3
10005396:	e7e5      	b.n	10005364 <process_control_request+0x290>
10005398:	2600      	movs	r6, #0
1000539a:	e7e3      	b.n	10005364 <process_control_request+0x290>
1000539c:	786a      	ldrb	r2, [r5, #1]
1000539e:	2a01      	cmp	r2, #1
100053a0:	d012      	beq.n	100053c8 <process_control_request+0x2f4>
100053a2:	2a03      	cmp	r2, #3
100053a4:	d010      	beq.n	100053c8 <process_control_request+0x2f4>
100053a6:	2a00      	cmp	r2, #0
100053a8:	d001      	beq.n	100053ae <process_control_request+0x2da>
100053aa:	2600      	movs	r6, #0
100053ac:	e6ae      	b.n	1000510c <process_control_request+0x38>
100053ae:	0020      	movs	r0, r4
100053b0:	f7ff fe82 	bl	100050b8 <usbd_edpt_stalled>
100053b4:	466b      	mov	r3, sp
100053b6:	1d9a      	adds	r2, r3, #6
100053b8:	8010      	strh	r0, [r2, #0]
100053ba:	2302      	movs	r3, #2
100053bc:	0029      	movs	r1, r5
100053be:	0020      	movs	r0, r4
100053c0:	f000 f98a 	bl	100056d8 <tud_control_xfer>
100053c4:	2601      	movs	r6, #1
100053c6:	e6a1      	b.n	1000510c <process_control_request+0x38>
100053c8:	78a8      	ldrb	r0, [r5, #2]
100053ca:	78eb      	ldrb	r3, [r5, #3]
100053cc:	021b      	lsls	r3, r3, #8
100053ce:	4303      	orrs	r3, r0
100053d0:	d104      	bne.n	100053dc <process_control_request+0x308>
100053d2:	2a01      	cmp	r2, #1
100053d4:	d01a      	beq.n	1000540c <process_control_request+0x338>
100053d6:	0020      	movs	r0, r4
100053d8:	f7ff fe3a 	bl	10005050 <usbd_edpt_stall>
100053dc:	2e00      	cmp	r6, #0
100053de:	d02b      	beq.n	10005438 <process_control_request+0x364>
100053e0:	002a      	movs	r2, r5
100053e2:	0031      	movs	r1, r6
100053e4:	0020      	movs	r0, r4
100053e6:	f7ff fb73 	bl	10004ad0 <invoke_class_control>
100053ea:	2000      	movs	r0, #0
100053ec:	f000 f9d2 	bl	10005794 <usbd_control_set_complete_callback>
100053f0:	4a17      	ldr	r2, [pc, #92]	; (10005450 <process_control_request+0x37c>)
100053f2:	2335      	movs	r3, #53	; 0x35
100053f4:	5cd3      	ldrb	r3, [r2, r3]
100053f6:	07db      	lsls	r3, r3, #31
100053f8:	0fde      	lsrs	r6, r3, #31
100053fa:	2b00      	cmp	r3, #0
100053fc:	d000      	beq.n	10005400 <process_control_request+0x32c>
100053fe:	e685      	b.n	1000510c <process_control_request+0x38>
10005400:	0029      	movs	r1, r5
10005402:	0020      	movs	r0, r4
10005404:	f000 f94c 	bl	100056a0 <tud_control_status>
10005408:	2601      	movs	r6, #1
1000540a:	e67f      	b.n	1000510c <process_control_request+0x38>
1000540c:	0020      	movs	r0, r4
1000540e:	f7ff fe39 	bl	10005084 <usbd_edpt_clear_stall>
10005412:	e7e3      	b.n	100053dc <process_control_request+0x308>
10005414:	2600      	movs	r6, #0
10005416:	e679      	b.n	1000510c <process_control_request+0x38>
10005418:	2600      	movs	r6, #0
1000541a:	e677      	b.n	1000510c <process_control_request+0x38>
1000541c:	2600      	movs	r6, #0
1000541e:	e675      	b.n	1000510c <process_control_request+0x38>
10005420:	2600      	movs	r6, #0
10005422:	e673      	b.n	1000510c <process_control_request+0x38>
10005424:	2600      	movs	r6, #0
10005426:	e671      	b.n	1000510c <process_control_request+0x38>
10005428:	2600      	movs	r6, #0
1000542a:	e66f      	b.n	1000510c <process_control_request+0x38>
1000542c:	2600      	movs	r6, #0
1000542e:	e66d      	b.n	1000510c <process_control_request+0x38>
10005430:	2600      	movs	r6, #0
10005432:	e66b      	b.n	1000510c <process_control_request+0x38>
10005434:	2600      	movs	r6, #0
10005436:	e669      	b.n	1000510c <process_control_request+0x38>
10005438:	2601      	movs	r6, #1
1000543a:	e667      	b.n	1000510c <process_control_request+0x38>
1000543c:	000002c5 	.word	0x000002c5
10005440:	10007fa0 	.word	0x10007fa0
10005444:	10007ee0 	.word	0x10007ee0
10005448:	1000405d 	.word	0x1000405d
1000544c:	10007f54 	.word	0x10007f54
10005450:	200011a8 	.word	0x200011a8
10005454:	20001d64 	.word	0x20001d64
10005458:	20000e7c 	.word	0x20000e7c
1000545c:	10008054 	.word	0x10008054
10005460:	00000315 	.word	0x00000315
10005464:	00000386 	.word	0x00000386

10005468 <tud_task_ext>:
10005468:	b530      	push	{r4, r5, lr}
1000546a:	b085      	sub	sp, #20
1000546c:	f7ff fc96 	bl	10004d9c <tud_inited>
10005470:	2800      	cmp	r0, #0
10005472:	d108      	bne.n	10005486 <tud_task_ext+0x1e>
10005474:	b005      	add	sp, #20
10005476:	bd30      	pop	{r4, r5, pc}
10005478:	ac01      	add	r4, sp, #4
1000547a:	7820      	ldrb	r0, [r4, #0]
1000547c:	f7ff fb22 	bl	10004ac4 <usbd_reset>
10005480:	7922      	ldrb	r2, [r4, #4]
10005482:	4b64      	ldr	r3, [pc, #400]	; (10005614 <tud_task_ext+0x1ac>)
10005484:	709a      	strb	r2, [r3, #2]
10005486:	4b64      	ldr	r3, [pc, #400]	; (10005618 <tud_task_ext+0x1b0>)
10005488:	681c      	ldr	r4, [r3, #0]
1000548a:	0021      	movs	r1, r4
1000548c:	3114      	adds	r1, #20
1000548e:	6962      	ldr	r2, [r4, #20]
10005490:	f3ef 8010 	mrs	r0, PRIMASK
10005494:	b672      	cpsid	i
10005496:	6813      	ldr	r3, [r2, #0]
10005498:	2b00      	cmp	r3, #0
1000549a:	d0fc      	beq.n	10005496 <tud_task_ext+0x2e>
1000549c:	f3bf 8f5f 	dmb	sy
100054a0:	6048      	str	r0, [r1, #4]
100054a2:	a901      	add	r1, sp, #4
100054a4:	0020      	movs	r0, r4
100054a6:	f001 fa3f 	bl	10006928 <tu_fifo_read>
100054aa:	6962      	ldr	r2, [r4, #20]
100054ac:	69a3      	ldr	r3, [r4, #24]
100054ae:	f3bf 8f5f 	dmb	sy
100054b2:	2100      	movs	r1, #0
100054b4:	6011      	str	r1, [r2, #0]
100054b6:	f383 8810 	msr	PRIMASK, r3
100054ba:	2800      	cmp	r0, #0
100054bc:	d0da      	beq.n	10005474 <tud_task_ext+0xc>
100054be:	ab01      	add	r3, sp, #4
100054c0:	785b      	ldrb	r3, [r3, #1]
100054c2:	2b08      	cmp	r3, #8
100054c4:	d8df      	bhi.n	10005486 <tud_task_ext+0x1e>
100054c6:	009b      	lsls	r3, r3, #2
100054c8:	4a54      	ldr	r2, [pc, #336]	; (1000561c <tud_task_ext+0x1b4>)
100054ca:	58d3      	ldr	r3, [r2, r3]
100054cc:	469f      	mov	pc, r3
100054ce:	ab01      	add	r3, sp, #4
100054d0:	7818      	ldrb	r0, [r3, #0]
100054d2:	f7ff faf7 	bl	10004ac4 <usbd_reset>
100054d6:	f7ff fc4e 	bl	10004d76 <tud_umount_cb>
100054da:	e7d4      	b.n	10005486 <tud_task_ext+0x1e>
100054dc:	4b50      	ldr	r3, [pc, #320]	; (10005620 <tud_task_ext+0x1b8>)
100054de:	781b      	ldrb	r3, [r3, #0]
100054e0:	2b00      	cmp	r3, #0
100054e2:	d02d      	beq.n	10005540 <tud_task_ext+0xd8>
100054e4:	4a4e      	ldr	r2, [pc, #312]	; (10005620 <tud_task_ext+0x1b8>)
100054e6:	7813      	ldrb	r3, [r2, #0]
100054e8:	3b01      	subs	r3, #1
100054ea:	b2db      	uxtb	r3, r3
100054ec:	7013      	strb	r3, [r2, #0]
100054ee:	7813      	ldrb	r3, [r2, #0]
100054f0:	2b00      	cmp	r3, #0
100054f2:	d1c8      	bne.n	10005486 <tud_task_ext+0x1e>
100054f4:	4b47      	ldr	r3, [pc, #284]	; (10005614 <tud_task_ext+0x1ac>)
100054f6:	781a      	ldrb	r2, [r3, #0]
100054f8:	2401      	movs	r4, #1
100054fa:	2101      	movs	r1, #1
100054fc:	430a      	orrs	r2, r1
100054fe:	701a      	strb	r2, [r3, #0]
10005500:	2234      	movs	r2, #52	; 0x34
10005502:	5c99      	ldrb	r1, [r3, r2]
10005504:	43a1      	bics	r1, r4
10005506:	5499      	strb	r1, [r3, r2]
10005508:	5c99      	ldrb	r1, [r3, r2]
1000550a:	2004      	movs	r0, #4
1000550c:	4381      	bics	r1, r0
1000550e:	5499      	strb	r1, [r3, r2]
10005510:	3201      	adds	r2, #1
10005512:	5c99      	ldrb	r1, [r3, r2]
10005514:	43a1      	bics	r1, r4
10005516:	5499      	strb	r1, [r3, r2]
10005518:	5c99      	ldrb	r1, [r3, r2]
1000551a:	4381      	bics	r1, r0
1000551c:	5499      	strb	r1, [r3, r2]
1000551e:	ab01      	add	r3, sp, #4
10005520:	7818      	ldrb	r0, [r3, #0]
10005522:	a902      	add	r1, sp, #8
10005524:	f7ff fdd6 	bl	100050d4 <process_control_request>
10005528:	2800      	cmp	r0, #0
1000552a:	d1ac      	bne.n	10005486 <tud_task_ext+0x1e>
1000552c:	ac01      	add	r4, sp, #4
1000552e:	7820      	ldrb	r0, [r4, #0]
10005530:	2100      	movs	r1, #0
10005532:	f7ff f9f3 	bl	1000491c <dcd_edpt_stall>
10005536:	7820      	ldrb	r0, [r4, #0]
10005538:	2180      	movs	r1, #128	; 0x80
1000553a:	f7ff f9ef 	bl	1000491c <dcd_edpt_stall>
1000553e:	e7a2      	b.n	10005486 <tud_task_ext+0x1e>
10005540:	4a38      	ldr	r2, [pc, #224]	; (10005624 <tud_task_ext+0x1bc>)
10005542:	4939      	ldr	r1, [pc, #228]	; (10005628 <tud_task_ext+0x1c0>)
10005544:	4839      	ldr	r0, [pc, #228]	; (1000562c <tud_task_ext+0x1c4>)
10005546:	f7fe fc0f 	bl	10003d68 <__wrap_printf>
1000554a:	e793      	b.n	10005474 <tud_task_ext+0xc>
1000554c:	ab01      	add	r3, sp, #4
1000554e:	7919      	ldrb	r1, [r3, #4]
10005550:	227f      	movs	r2, #127	; 0x7f
10005552:	400a      	ands	r2, r1
10005554:	09cc      	lsrs	r4, r1, #7
10005556:	0050      	lsls	r0, r2, #1
10005558:	4b2e      	ldr	r3, [pc, #184]	; (10005614 <tud_task_ext+0x1ac>)
1000555a:	181b      	adds	r3, r3, r0
1000555c:	191b      	adds	r3, r3, r4
1000555e:	3330      	adds	r3, #48	; 0x30
10005560:	7918      	ldrb	r0, [r3, #4]
10005562:	2501      	movs	r5, #1
10005564:	43a8      	bics	r0, r5
10005566:	7118      	strb	r0, [r3, #4]
10005568:	7918      	ldrb	r0, [r3, #4]
1000556a:	3503      	adds	r5, #3
1000556c:	43a8      	bics	r0, r5
1000556e:	7118      	strb	r0, [r3, #4]
10005570:	2a00      	cmp	r2, #0
10005572:	d015      	beq.n	100055a0 <tud_task_ext+0x138>
10005574:	0052      	lsls	r2, r2, #1
10005576:	4b27      	ldr	r3, [pc, #156]	; (10005614 <tud_task_ext+0x1ac>)
10005578:	189a      	adds	r2, r3, r2
1000557a:	1912      	adds	r2, r2, r4
1000557c:	7d13      	ldrb	r3, [r2, #20]
1000557e:	4a2c      	ldr	r2, [pc, #176]	; (10005630 <tud_task_ext+0x1c8>)
10005580:	7812      	ldrb	r2, [r2, #0]
10005582:	4293      	cmp	r3, r2
10005584:	d213      	bcs.n	100055ae <tud_task_ext+0x146>
10005586:	4a2b      	ldr	r2, [pc, #172]	; (10005634 <tud_task_ext+0x1cc>)
10005588:	6812      	ldr	r2, [r2, #0]
1000558a:	015b      	lsls	r3, r3, #5
1000558c:	18d3      	adds	r3, r2, r3
1000558e:	2b00      	cmp	r3, #0
10005590:	d015      	beq.n	100055be <tud_task_ext+0x156>
10005592:	699c      	ldr	r4, [r3, #24]
10005594:	a801      	add	r0, sp, #4
10005596:	7942      	ldrb	r2, [r0, #5]
10005598:	9b03      	ldr	r3, [sp, #12]
1000559a:	7800      	ldrb	r0, [r0, #0]
1000559c:	47a0      	blx	r4
1000559e:	e772      	b.n	10005486 <tud_task_ext+0x1e>
100055a0:	a801      	add	r0, sp, #4
100055a2:	7942      	ldrb	r2, [r0, #5]
100055a4:	9b03      	ldr	r3, [sp, #12]
100055a6:	7800      	ldrb	r0, [r0, #0]
100055a8:	f000 f908 	bl	100057bc <usbd_control_xfer_cb>
100055ac:	e76b      	b.n	10005486 <tud_task_ext+0x1e>
100055ae:	1c50      	adds	r0, r2, #1
100055b0:	4298      	cmp	r0, r3
100055b2:	db04      	blt.n	100055be <tud_task_ext+0x156>
100055b4:	1a9b      	subs	r3, r3, r2
100055b6:	015b      	lsls	r3, r3, #5
100055b8:	4a1f      	ldr	r2, [pc, #124]	; (10005638 <tud_task_ext+0x1d0>)
100055ba:	18d3      	adds	r3, r2, r3
100055bc:	e7e7      	b.n	1000558e <tud_task_ext+0x126>
100055be:	4a1f      	ldr	r2, [pc, #124]	; (1000563c <tud_task_ext+0x1d4>)
100055c0:	4919      	ldr	r1, [pc, #100]	; (10005628 <tud_task_ext+0x1c0>)
100055c2:	481a      	ldr	r0, [pc, #104]	; (1000562c <tud_task_ext+0x1c4>)
100055c4:	f7fe fbd0 	bl	10003d68 <__wrap_printf>
100055c8:	e754      	b.n	10005474 <tud_task_ext+0xc>
100055ca:	4b12      	ldr	r3, [pc, #72]	; (10005614 <tud_task_ext+0x1ac>)
100055cc:	781b      	ldrb	r3, [r3, #0]
100055ce:	07db      	lsls	r3, r3, #31
100055d0:	d400      	bmi.n	100055d4 <tud_task_ext+0x16c>
100055d2:	e758      	b.n	10005486 <tud_task_ext+0x1e>
100055d4:	4b0f      	ldr	r3, [pc, #60]	; (10005614 <tud_task_ext+0x1ac>)
100055d6:	7818      	ldrb	r0, [r3, #0]
100055d8:	0700      	lsls	r0, r0, #28
100055da:	0fc0      	lsrs	r0, r0, #31
100055dc:	f7ff fbcc 	bl	10004d78 <tud_suspend_cb>
100055e0:	e751      	b.n	10005486 <tud_task_ext+0x1e>
100055e2:	4b0c      	ldr	r3, [pc, #48]	; (10005614 <tud_task_ext+0x1ac>)
100055e4:	781b      	ldrb	r3, [r3, #0]
100055e6:	07db      	lsls	r3, r3, #31
100055e8:	d400      	bmi.n	100055ec <tud_task_ext+0x184>
100055ea:	e74c      	b.n	10005486 <tud_task_ext+0x1e>
100055ec:	f7ff fbc5 	bl	10004d7a <tud_resume_cb>
100055f0:	e749      	b.n	10005486 <tud_task_ext+0x1e>
100055f2:	9b02      	ldr	r3, [sp, #8]
100055f4:	2b00      	cmp	r3, #0
100055f6:	d100      	bne.n	100055fa <tud_task_ext+0x192>
100055f8:	e745      	b.n	10005486 <tud_task_ext+0x1e>
100055fa:	9803      	ldr	r0, [sp, #12]
100055fc:	4798      	blx	r3
100055fe:	e742      	b.n	10005486 <tud_task_ext+0x1e>
10005600:	4b04      	ldr	r3, [pc, #16]	; (10005614 <tud_task_ext+0x1ac>)
10005602:	78db      	ldrb	r3, [r3, #3]
10005604:	07db      	lsls	r3, r3, #31
10005606:	d400      	bmi.n	1000560a <tud_task_ext+0x1a2>
10005608:	e73d      	b.n	10005486 <tud_task_ext+0x1e>
1000560a:	9802      	ldr	r0, [sp, #8]
1000560c:	f7ff fb3d 	bl	10004c8a <tud_sof_cb>
10005610:	e739      	b.n	10005486 <tud_task_ext+0x1e>
10005612:	46c0      	nop			; (mov r8, r8)
10005614:	200011a8 	.word	0x200011a8
10005618:	20001200 	.word	0x20001200
1000561c:	10007f7c 	.word	0x10007f7c
10005620:	20001d66 	.word	0x20001d66
10005624:	00000256 	.word	0x00000256
10005628:	10007fcc 	.word	0x10007fcc
1000562c:	10007ee0 	.word	0x10007ee0
10005630:	20001d64 	.word	0x20001d64
10005634:	20000e7c 	.word	0x20000e7c
10005638:	10008054 	.word	0x10008054
1000563c:	00000281 	.word	0x00000281

10005640 <_data_stage_xact>:
10005640:	b5f8      	push	{r3, r4, r5, r6, r7, lr}
10005642:	0005      	movs	r5, r0
10005644:	4b14      	ldr	r3, [pc, #80]	; (10005698 <_data_stage_xact+0x58>)
10005646:	899f      	ldrh	r7, [r3, #12]
10005648:	89de      	ldrh	r6, [r3, #14]
1000564a:	1bbb      	subs	r3, r7, r6
1000564c:	b29b      	uxth	r3, r3
1000564e:	1c1c      	adds	r4, r3, #0
10005650:	2b40      	cmp	r3, #64	; 0x40
10005652:	d900      	bls.n	10005656 <_data_stage_xact+0x16>
10005654:	2440      	movs	r4, #64	; 0x40
10005656:	b2a4      	uxth	r4, r4
10005658:	4b0f      	ldr	r3, [pc, #60]	; (10005698 <_data_stage_xact+0x58>)
1000565a:	781b      	ldrb	r3, [r3, #0]
1000565c:	b25b      	sxtb	r3, r3
1000565e:	2b00      	cmp	r3, #0
10005660:	db08      	blt.n	10005674 <_data_stage_xact+0x34>
10005662:	2100      	movs	r1, #0
10005664:	42b7      	cmp	r7, r6
10005666:	d013      	beq.n	10005690 <_data_stage_xact+0x50>
10005668:	4a0c      	ldr	r2, [pc, #48]	; (1000569c <_data_stage_xact+0x5c>)
1000566a:	0023      	movs	r3, r4
1000566c:	0028      	movs	r0, r5
1000566e:	f7ff fcab 	bl	10004fc8 <usbd_edpt_xfer>
10005672:	bdf8      	pop	{r3, r4, r5, r6, r7, pc}
10005674:	42b7      	cmp	r7, r6
10005676:	d009      	beq.n	1000568c <_data_stage_xact+0x4c>
10005678:	4b07      	ldr	r3, [pc, #28]	; (10005698 <_data_stage_xact+0x58>)
1000567a:	6899      	ldr	r1, [r3, #8]
1000567c:	2c40      	cmp	r4, #64	; 0x40
1000567e:	d809      	bhi.n	10005694 <_data_stage_xact+0x54>
10005680:	0022      	movs	r2, r4
10005682:	4806      	ldr	r0, [pc, #24]	; (1000569c <_data_stage_xact+0x5c>)
10005684:	f7fd f952 	bl	1000292c <__wrap___aeabi_memcpy>
10005688:	2180      	movs	r1, #128	; 0x80
1000568a:	e7eb      	b.n	10005664 <_data_stage_xact+0x24>
1000568c:	2180      	movs	r1, #128	; 0x80
1000568e:	e7e9      	b.n	10005664 <_data_stage_xact+0x24>
10005690:	2200      	movs	r2, #0
10005692:	e7ea      	b.n	1000566a <_data_stage_xact+0x2a>
10005694:	2000      	movs	r0, #0
10005696:	e7ec      	b.n	10005672 <_data_stage_xact+0x32>
10005698:	2000114c 	.word	0x2000114c
1000569c:	20001168 	.word	0x20001168

100056a0 <tud_control_status>:
100056a0:	b570      	push	{r4, r5, r6, lr}
100056a2:	0006      	movs	r6, r0
100056a4:	000c      	movs	r4, r1
100056a6:	4d0b      	ldr	r5, [pc, #44]	; (100056d4 <tud_control_status+0x34>)
100056a8:	2208      	movs	r2, #8
100056aa:	0028      	movs	r0, r5
100056ac:	f7fd f93e 	bl	1000292c <__wrap___aeabi_memcpy>
100056b0:	2300      	movs	r3, #0
100056b2:	60ab      	str	r3, [r5, #8]
100056b4:	81eb      	strh	r3, [r5, #14]
100056b6:	81ab      	strh	r3, [r5, #12]
100056b8:	2300      	movs	r3, #0
100056ba:	56e3      	ldrsb	r3, [r4, r3]
100056bc:	2b00      	cmp	r3, #0
100056be:	db06      	blt.n	100056ce <tud_control_status+0x2e>
100056c0:	2180      	movs	r1, #128	; 0x80
100056c2:	2300      	movs	r3, #0
100056c4:	2200      	movs	r2, #0
100056c6:	0030      	movs	r0, r6
100056c8:	f7ff fc7e 	bl	10004fc8 <usbd_edpt_xfer>
100056cc:	bd70      	pop	{r4, r5, r6, pc}
100056ce:	2100      	movs	r1, #0
100056d0:	e7f7      	b.n	100056c2 <tud_control_status+0x22>
100056d2:	46c0      	nop			; (mov r8, r8)
100056d4:	2000114c 	.word	0x2000114c

100056d8 <tud_control_xfer>:
100056d8:	b5f0      	push	{r4, r5, r6, r7, lr}
100056da:	46c6      	mov	lr, r8
100056dc:	b500      	push	{lr}
100056de:	4680      	mov	r8, r0
100056e0:	000c      	movs	r4, r1
100056e2:	0016      	movs	r6, r2
100056e4:	001d      	movs	r5, r3
100056e6:	4f23      	ldr	r7, [pc, #140]	; (10005774 <tud_control_xfer+0x9c>)
100056e8:	2208      	movs	r2, #8
100056ea:	0038      	movs	r0, r7
100056ec:	f7fd f91e 	bl	1000292c <__wrap___aeabi_memcpy>
100056f0:	60be      	str	r6, [r7, #8]
100056f2:	2300      	movs	r3, #0
100056f4:	81fb      	strh	r3, [r7, #14]
100056f6:	79a3      	ldrb	r3, [r4, #6]
100056f8:	79e1      	ldrb	r1, [r4, #7]
100056fa:	0209      	lsls	r1, r1, #8
100056fc:	4319      	orrs	r1, r3
100056fe:	1c0b      	adds	r3, r1, #0
10005700:	42a9      	cmp	r1, r5
10005702:	d900      	bls.n	10005706 <tud_control_xfer+0x2e>
10005704:	1c2b      	adds	r3, r5, #0
10005706:	b299      	uxth	r1, r3
10005708:	4a1a      	ldr	r2, [pc, #104]	; (10005774 <tud_control_xfer+0x9c>)
1000570a:	8193      	strh	r3, [r2, #12]
1000570c:	79a2      	ldrb	r2, [r4, #6]
1000570e:	79e3      	ldrb	r3, [r4, #7]
10005710:	021b      	lsls	r3, r3, #8
10005712:	4313      	orrs	r3, r2
10005714:	d019      	beq.n	1000574a <tud_control_xfer+0x72>
10005716:	2900      	cmp	r1, #0
10005718:	d001      	beq.n	1000571e <tud_control_xfer+0x46>
1000571a:	2e00      	cmp	r6, #0
1000571c:	d008      	beq.n	10005730 <tud_control_xfer+0x58>
1000571e:	4640      	mov	r0, r8
10005720:	f7ff ff8e 	bl	10005640 <_data_stage_xact>
10005724:	1e04      	subs	r4, r0, #0
10005726:	d00a      	beq.n	1000573e <tud_control_xfer+0x66>
10005728:	0020      	movs	r0, r4
1000572a:	bc80      	pop	{r7}
1000572c:	46b8      	mov	r8, r7
1000572e:	bdf0      	pop	{r4, r5, r6, r7, pc}
10005730:	2277      	movs	r2, #119	; 0x77
10005732:	4911      	ldr	r1, [pc, #68]	; (10005778 <tud_control_xfer+0xa0>)
10005734:	4811      	ldr	r0, [pc, #68]	; (1000577c <tud_control_xfer+0xa4>)
10005736:	f7fe fb17 	bl	10003d68 <__wrap_printf>
1000573a:	2400      	movs	r4, #0
1000573c:	e7f4      	b.n	10005728 <tud_control_xfer+0x50>
1000573e:	227d      	movs	r2, #125	; 0x7d
10005740:	490d      	ldr	r1, [pc, #52]	; (10005778 <tud_control_xfer+0xa0>)
10005742:	480e      	ldr	r0, [pc, #56]	; (1000577c <tud_control_xfer+0xa4>)
10005744:	f7fe fb10 	bl	10003d68 <__wrap_printf>
10005748:	e7ee      	b.n	10005728 <tud_control_xfer+0x50>
1000574a:	2300      	movs	r3, #0
1000574c:	56e3      	ldrsb	r3, [r4, r3]
1000574e:	2b00      	cmp	r3, #0
10005750:	db0d      	blt.n	1000576e <tud_control_xfer+0x96>
10005752:	2180      	movs	r1, #128	; 0x80
10005754:	2300      	movs	r3, #0
10005756:	2200      	movs	r2, #0
10005758:	4640      	mov	r0, r8
1000575a:	f7ff fc35 	bl	10004fc8 <usbd_edpt_xfer>
1000575e:	1e04      	subs	r4, r0, #0
10005760:	d1e2      	bne.n	10005728 <tud_control_xfer+0x50>
10005762:	2280      	movs	r2, #128	; 0x80
10005764:	4904      	ldr	r1, [pc, #16]	; (10005778 <tud_control_xfer+0xa0>)
10005766:	4805      	ldr	r0, [pc, #20]	; (1000577c <tud_control_xfer+0xa4>)
10005768:	f7fe fafe 	bl	10003d68 <__wrap_printf>
1000576c:	e7dc      	b.n	10005728 <tud_control_xfer+0x50>
1000576e:	2100      	movs	r1, #0
10005770:	e7f0      	b.n	10005754 <tud_control_xfer+0x7c>
10005772:	46c0      	nop			; (mov r8, r8)
10005774:	2000114c 	.word	0x2000114c
10005778:	100080ac 	.word	0x100080ac
1000577c:	10007ee0 	.word	0x10007ee0

10005780 <usbd_control_reset>:
10005780:	b510      	push	{r4, lr}
10005782:	2214      	movs	r2, #20
10005784:	2100      	movs	r1, #0
10005786:	4802      	ldr	r0, [pc, #8]	; (10005790 <usbd_control_reset+0x10>)
10005788:	f7fd f8ca 	bl	10002920 <__wrap_memset>
1000578c:	bd10      	pop	{r4, pc}
1000578e:	46c0      	nop			; (mov r8, r8)
10005790:	2000114c 	.word	0x2000114c

10005794 <usbd_control_set_complete_callback>:
10005794:	4b01      	ldr	r3, [pc, #4]	; (1000579c <usbd_control_set_complete_callback+0x8>)
10005796:	6118      	str	r0, [r3, #16]
10005798:	4770      	bx	lr
1000579a:	46c0      	nop			; (mov r8, r8)
1000579c:	2000114c 	.word	0x2000114c

100057a0 <usbd_control_set_request>:
100057a0:	b510      	push	{r4, lr}
100057a2:	0001      	movs	r1, r0
100057a4:	4c04      	ldr	r4, [pc, #16]	; (100057b8 <usbd_control_set_request+0x18>)
100057a6:	2208      	movs	r2, #8
100057a8:	0020      	movs	r0, r4
100057aa:	f7fd f8bf 	bl	1000292c <__wrap___aeabi_memcpy>
100057ae:	2300      	movs	r3, #0
100057b0:	60a3      	str	r3, [r4, #8]
100057b2:	81e3      	strh	r3, [r4, #14]
100057b4:	81a3      	strh	r3, [r4, #12]
100057b6:	bd10      	pop	{r4, pc}
100057b8:	2000114c 	.word	0x2000114c

100057bc <usbd_control_xfer_cb>:
100057bc:	b570      	push	{r4, r5, r6, lr}
100057be:	0005      	movs	r5, r0
100057c0:	001c      	movs	r4, r3
100057c2:	09c9      	lsrs	r1, r1, #7
100057c4:	4b36      	ldr	r3, [pc, #216]	; (100058a0 <usbd_control_xfer_cb+0xe4>)
100057c6:	781b      	ldrb	r3, [r3, #0]
100057c8:	09db      	lsrs	r3, r3, #7
100057ca:	428b      	cmp	r3, r1
100057cc:	d016      	beq.n	100057fc <usbd_control_xfer_cb+0x40>
100057ce:	2c00      	cmp	r4, #0
100057d0:	d007      	beq.n	100057e2 <usbd_control_xfer_cb+0x26>
100057d2:	22a7      	movs	r2, #167	; 0xa7
100057d4:	4933      	ldr	r1, [pc, #204]	; (100058a4 <usbd_control_xfer_cb+0xe8>)
100057d6:	4834      	ldr	r0, [pc, #208]	; (100058a8 <usbd_control_xfer_cb+0xec>)
100057d8:	f7fe fac6 	bl	10003d68 <__wrap_printf>
100057dc:	2400      	movs	r4, #0
100057de:	0020      	movs	r0, r4
100057e0:	bd70      	pop	{r4, r5, r6, pc}
100057e2:	4c2f      	ldr	r4, [pc, #188]	; (100058a0 <usbd_control_xfer_cb+0xe4>)
100057e4:	0021      	movs	r1, r4
100057e6:	f7ff f84f 	bl	10004888 <dcd_edpt0_status_complete>
100057ea:	6923      	ldr	r3, [r4, #16]
100057ec:	2b00      	cmp	r3, #0
100057ee:	d003      	beq.n	100057f8 <usbd_control_xfer_cb+0x3c>
100057f0:	4a2b      	ldr	r2, [pc, #172]	; (100058a0 <usbd_control_xfer_cb+0xe4>)
100057f2:	2103      	movs	r1, #3
100057f4:	0028      	movs	r0, r5
100057f6:	4798      	blx	r3
100057f8:	2401      	movs	r4, #1
100057fa:	e7f0      	b.n	100057de <usbd_control_xfer_cb+0x22>
100057fc:	4b28      	ldr	r3, [pc, #160]	; (100058a0 <usbd_control_xfer_cb+0xe4>)
100057fe:	781b      	ldrb	r3, [r3, #0]
10005800:	b25b      	sxtb	r3, r3
10005802:	2b00      	cmp	r3, #0
10005804:	db07      	blt.n	10005816 <usbd_control_xfer_cb+0x5a>
10005806:	4b26      	ldr	r3, [pc, #152]	; (100058a0 <usbd_control_xfer_cb+0xe4>)
10005808:	6898      	ldr	r0, [r3, #8]
1000580a:	2800      	cmp	r0, #0
1000580c:	d045      	beq.n	1000589a <usbd_control_xfer_cb+0xde>
1000580e:	0022      	movs	r2, r4
10005810:	4926      	ldr	r1, [pc, #152]	; (100058ac <usbd_control_xfer_cb+0xf0>)
10005812:	f7fd f88b 	bl	1000292c <__wrap___aeabi_memcpy>
10005816:	b2a2      	uxth	r2, r4
10005818:	4921      	ldr	r1, [pc, #132]	; (100058a0 <usbd_control_xfer_cb+0xe4>)
1000581a:	89cb      	ldrh	r3, [r1, #14]
1000581c:	18d3      	adds	r3, r2, r3
1000581e:	b29b      	uxth	r3, r3
10005820:	81cb      	strh	r3, [r1, #14]
10005822:	688a      	ldr	r2, [r1, #8]
10005824:	1912      	adds	r2, r2, r4
10005826:	608a      	str	r2, [r1, #8]
10005828:	88ca      	ldrh	r2, [r1, #6]
1000582a:	4293      	cmp	r3, r2
1000582c:	d001      	beq.n	10005832 <usbd_control_xfer_cb+0x76>
1000582e:	2c3f      	cmp	r4, #63	; 0x3f
10005830:	d828      	bhi.n	10005884 <usbd_control_xfer_cb+0xc8>
10005832:	4b1b      	ldr	r3, [pc, #108]	; (100058a0 <usbd_control_xfer_cb+0xe4>)
10005834:	691b      	ldr	r3, [r3, #16]
10005836:	2b00      	cmp	r3, #0
10005838:	d005      	beq.n	10005846 <usbd_control_xfer_cb+0x8a>
1000583a:	4a19      	ldr	r2, [pc, #100]	; (100058a0 <usbd_control_xfer_cb+0xe4>)
1000583c:	2102      	movs	r1, #2
1000583e:	0028      	movs	r0, r5
10005840:	4798      	blx	r3
10005842:	2800      	cmp	r0, #0
10005844:	d014      	beq.n	10005870 <usbd_control_xfer_cb+0xb4>
10005846:	4b16      	ldr	r3, [pc, #88]	; (100058a0 <usbd_control_xfer_cb+0xe4>)
10005848:	781b      	ldrb	r3, [r3, #0]
1000584a:	b25b      	sxtb	r3, r3
1000584c:	2b00      	cmp	r3, #0
1000584e:	db0d      	blt.n	1000586c <usbd_control_xfer_cb+0xb0>
10005850:	2180      	movs	r1, #128	; 0x80
10005852:	2300      	movs	r3, #0
10005854:	2200      	movs	r2, #0
10005856:	0028      	movs	r0, r5
10005858:	f7ff fbb6 	bl	10004fc8 <usbd_edpt_xfer>
1000585c:	1e04      	subs	r4, r0, #0
1000585e:	d1be      	bne.n	100057de <usbd_control_xfer_cb+0x22>
10005860:	22d0      	movs	r2, #208	; 0xd0
10005862:	4910      	ldr	r1, [pc, #64]	; (100058a4 <usbd_control_xfer_cb+0xe8>)
10005864:	4810      	ldr	r0, [pc, #64]	; (100058a8 <usbd_control_xfer_cb+0xec>)
10005866:	f7fe fa7f 	bl	10003d68 <__wrap_printf>
1000586a:	e7b8      	b.n	100057de <usbd_control_xfer_cb+0x22>
1000586c:	2100      	movs	r1, #0
1000586e:	e7f0      	b.n	10005852 <usbd_control_xfer_cb+0x96>
10005870:	2100      	movs	r1, #0
10005872:	0028      	movs	r0, r5
10005874:	f7ff f852 	bl	1000491c <dcd_edpt_stall>
10005878:	2180      	movs	r1, #128	; 0x80
1000587a:	0028      	movs	r0, r5
1000587c:	f7ff f84e 	bl	1000491c <dcd_edpt_stall>
10005880:	2401      	movs	r4, #1
10005882:	e7ac      	b.n	100057de <usbd_control_xfer_cb+0x22>
10005884:	0028      	movs	r0, r5
10005886:	f7ff fedb 	bl	10005640 <_data_stage_xact>
1000588a:	1e04      	subs	r4, r0, #0
1000588c:	d1a7      	bne.n	100057de <usbd_control_xfer_cb+0x22>
1000588e:	22d8      	movs	r2, #216	; 0xd8
10005890:	4904      	ldr	r1, [pc, #16]	; (100058a4 <usbd_control_xfer_cb+0xe8>)
10005892:	4805      	ldr	r0, [pc, #20]	; (100058a8 <usbd_control_xfer_cb+0xec>)
10005894:	f7fe fa68 	bl	10003d68 <__wrap_printf>
10005898:	e7a1      	b.n	100057de <usbd_control_xfer_cb+0x22>
1000589a:	2400      	movs	r4, #0
1000589c:	e79f      	b.n	100057de <usbd_control_xfer_cb+0x22>
1000589e:	46c0      	nop			; (mov r8, r8)
100058a0:	2000114c 	.word	0x2000114c
100058a4:	10008094 	.word	0x10008094
100058a8:	10007ee0 	.word	0x10007ee0
100058ac:	20001168 	.word	0x20001168

100058b0 <_prep_out_transaction>:
100058b0:	b570      	push	{r4, r5, r6, lr}
100058b2:	0004      	movs	r4, r0
100058b4:	f7ff fa62 	bl	10004d7c <tud_mounted>
100058b8:	2800      	cmp	r0, #0
100058ba:	d107      	bne.n	100058cc <_prep_out_transaction+0x1c>
100058bc:	2000      	movs	r0, #0
100058be:	2800      	cmp	r0, #0
100058c0:	d003      	beq.n	100058ca <_prep_out_transaction+0x1a>
100058c2:	78e3      	ldrb	r3, [r4, #3]
100058c4:	2b00      	cmp	r3, #0
100058c6:	d109      	bne.n	100058dc <_prep_out_transaction+0x2c>
100058c8:	2000      	movs	r0, #0
100058ca:	bd70      	pop	{r4, r5, r6, pc}
100058cc:	f7ff fa5e 	bl	10004d8c <tud_suspended>
100058d0:	2800      	cmp	r0, #0
100058d2:	d101      	bne.n	100058d8 <_prep_out_transaction+0x28>
100058d4:	3001      	adds	r0, #1
100058d6:	e7f2      	b.n	100058be <_prep_out_transaction+0xe>
100058d8:	2000      	movs	r0, #0
100058da:	e7f0      	b.n	100058be <_prep_out_transaction+0xe>
100058dc:	0025      	movs	r5, r4
100058de:	3510      	adds	r5, #16
100058e0:	0028      	movs	r0, r5
100058e2:	f001 f80b 	bl	100068fc <tu_fifo_remaining>
100058e6:	283f      	cmp	r0, #63	; 0x3f
100058e8:	d801      	bhi.n	100058ee <_prep_out_transaction+0x3e>
100058ea:	2000      	movs	r0, #0
100058ec:	e7ed      	b.n	100058ca <_prep_out_transaction+0x1a>
100058ee:	78e1      	ldrb	r1, [r4, #3]
100058f0:	2000      	movs	r0, #0
100058f2:	f7ff fb41 	bl	10004f78 <usbd_edpt_claim>
100058f6:	2800      	cmp	r0, #0
100058f8:	d0e7      	beq.n	100058ca <_prep_out_transaction+0x1a>
100058fa:	0028      	movs	r0, r5
100058fc:	f000 fffe 	bl	100068fc <tu_fifo_remaining>
10005900:	283f      	cmp	r0, #63	; 0x3f
10005902:	d908      	bls.n	10005916 <_prep_out_transaction+0x66>
10005904:	2392      	movs	r3, #146	; 0x92
10005906:	009b      	lsls	r3, r3, #2
10005908:	18e2      	adds	r2, r4, r3
1000590a:	78e1      	ldrb	r1, [r4, #3]
1000590c:	2340      	movs	r3, #64	; 0x40
1000590e:	2000      	movs	r0, #0
10005910:	f7ff fb5a 	bl	10004fc8 <usbd_edpt_xfer>
10005914:	e7d9      	b.n	100058ca <_prep_out_transaction+0x1a>
10005916:	78e1      	ldrb	r1, [r4, #3]
10005918:	2000      	movs	r0, #0
1000591a:	f7ff fb41 	bl	10004fa0 <usbd_edpt_release>
1000591e:	2000      	movs	r0, #0
10005920:	e7d3      	b.n	100058ca <_prep_out_transaction+0x1a>
	...

10005924 <tud_cdc_n_connected>:
10005924:	b510      	push	{r4, lr}
10005926:	0004      	movs	r4, r0
10005928:	f7ff fa28 	bl	10004d7c <tud_mounted>
1000592c:	2800      	cmp	r0, #0
1000592e:	d10c      	bne.n	1000594a <tud_cdc_n_connected+0x26>
10005930:	2200      	movs	r2, #0
10005932:	2a00      	cmp	r2, #0
10005934:	d011      	beq.n	1000595a <tud_cdc_n_connected+0x36>
10005936:	23b2      	movs	r3, #178	; 0xb2
10005938:	009b      	lsls	r3, r3, #2
1000593a:	4363      	muls	r3, r4
1000593c:	4809      	ldr	r0, [pc, #36]	; (10005964 <tud_cdc_n_connected+0x40>)
1000593e:	18c0      	adds	r0, r0, r3
10005940:	7903      	ldrb	r3, [r0, #4]
10005942:	07db      	lsls	r3, r3, #31
10005944:	d50b      	bpl.n	1000595e <tud_cdc_n_connected+0x3a>
10005946:	2001      	movs	r0, #1
10005948:	e008      	b.n	1000595c <tud_cdc_n_connected+0x38>
1000594a:	f7ff fa1f 	bl	10004d8c <tud_suspended>
1000594e:	2800      	cmp	r0, #0
10005950:	d101      	bne.n	10005956 <tud_cdc_n_connected+0x32>
10005952:	2201      	movs	r2, #1
10005954:	e7ed      	b.n	10005932 <tud_cdc_n_connected+0xe>
10005956:	2200      	movs	r2, #0
10005958:	e7eb      	b.n	10005932 <tud_cdc_n_connected+0xe>
1000595a:	2000      	movs	r0, #0
1000595c:	bd10      	pop	{r4, pc}
1000595e:	2000      	movs	r0, #0
10005960:	e7fc      	b.n	1000595c <tud_cdc_n_connected+0x38>
10005962:	46c0      	nop			; (mov r8, r8)
10005964:	20000e84 	.word	0x20000e84

10005968 <tud_cdc_n_available>:
10005968:	b510      	push	{r4, lr}
1000596a:	23b2      	movs	r3, #178	; 0xb2
1000596c:	009b      	lsls	r3, r3, #2
1000596e:	4358      	muls	r0, r3
10005970:	3010      	adds	r0, #16
10005972:	4b02      	ldr	r3, [pc, #8]	; (1000597c <tud_cdc_n_available+0x14>)
10005974:	18c0      	adds	r0, r0, r3
10005976:	f000 ff90 	bl	1000689a <tu_fifo_count>
1000597a:	bd10      	pop	{r4, pc}
1000597c:	20000e84 	.word	0x20000e84

10005980 <tud_cdc_n_read>:
10005980:	b570      	push	{r4, r5, r6, lr}
10005982:	23b2      	movs	r3, #178	; 0xb2
10005984:	009b      	lsls	r3, r3, #2
10005986:	4358      	muls	r0, r3
10005988:	4b08      	ldr	r3, [pc, #32]	; (100059ac <tud_cdc_n_read+0x2c>)
1000598a:	18c5      	adds	r5, r0, r3
1000598c:	3010      	adds	r0, #16
1000598e:	18c0      	adds	r0, r0, r3
10005990:	4b07      	ldr	r3, [pc, #28]	; (100059b0 <tud_cdc_n_read+0x30>)
10005992:	429a      	cmp	r2, r3
10005994:	d808      	bhi.n	100059a8 <tud_cdc_n_read+0x28>
10005996:	b292      	uxth	r2, r2
10005998:	f000 ffe7 	bl	1000696a <tu_fifo_read_n>
1000599c:	0004      	movs	r4, r0
1000599e:	0028      	movs	r0, r5
100059a0:	f7ff ff86 	bl	100058b0 <_prep_out_transaction>
100059a4:	0020      	movs	r0, r4
100059a6:	bd70      	pop	{r4, r5, r6, pc}
100059a8:	4a02      	ldr	r2, [pc, #8]	; (100059b4 <tud_cdc_n_read+0x34>)
100059aa:	e7f5      	b.n	10005998 <tud_cdc_n_read+0x18>
100059ac:	20000e84 	.word	0x20000e84
100059b0:	0000fffe 	.word	0x0000fffe
100059b4:	0000ffff 	.word	0x0000ffff

100059b8 <tud_cdc_n_write_flush>:
100059b8:	b570      	push	{r4, r5, r6, lr}
100059ba:	0005      	movs	r5, r0
100059bc:	f7ff f9de 	bl	10004d7c <tud_mounted>
100059c0:	2800      	cmp	r0, #0
100059c2:	d104      	bne.n	100059ce <tud_cdc_n_write_flush+0x16>
100059c4:	2300      	movs	r3, #0
100059c6:	2b00      	cmp	r3, #0
100059c8:	d109      	bne.n	100059de <tud_cdc_n_write_flush+0x26>
100059ca:	2000      	movs	r0, #0
100059cc:	bd70      	pop	{r4, r5, r6, pc}
100059ce:	f7ff f9dd 	bl	10004d8c <tud_suspended>
100059d2:	2800      	cmp	r0, #0
100059d4:	d101      	bne.n	100059da <tud_cdc_n_write_flush+0x22>
100059d6:	2301      	movs	r3, #1
100059d8:	e7f5      	b.n	100059c6 <tud_cdc_n_write_flush+0xe>
100059da:	2300      	movs	r3, #0
100059dc:	e7f3      	b.n	100059c6 <tud_cdc_n_write_flush+0xe>
100059de:	24b2      	movs	r4, #178	; 0xb2
100059e0:	00a4      	lsls	r4, r4, #2
100059e2:	436c      	muls	r4, r5
100059e4:	3420      	adds	r4, #32
100059e6:	4b24      	ldr	r3, [pc, #144]	; (10005a78 <tud_cdc_n_write_flush+0xc0>)
100059e8:	18e4      	adds	r4, r4, r3
100059ea:	3404      	adds	r4, #4
100059ec:	0020      	movs	r0, r4
100059ee:	f000 ff54 	bl	1000689a <tu_fifo_count>
100059f2:	2800      	cmp	r0, #0
100059f4:	d101      	bne.n	100059fa <tud_cdc_n_write_flush+0x42>
100059f6:	2000      	movs	r0, #0
100059f8:	e7e8      	b.n	100059cc <tud_cdc_n_write_flush+0x14>
100059fa:	22b2      	movs	r2, #178	; 0xb2
100059fc:	0092      	lsls	r2, r2, #2
100059fe:	436a      	muls	r2, r5
10005a00:	4b1d      	ldr	r3, [pc, #116]	; (10005a78 <tud_cdc_n_write_flush+0xc0>)
10005a02:	189b      	adds	r3, r3, r2
10005a04:	7899      	ldrb	r1, [r3, #2]
10005a06:	2000      	movs	r0, #0
10005a08:	f7ff fab6 	bl	10004f78 <usbd_edpt_claim>
10005a0c:	2800      	cmp	r0, #0
10005a0e:	d101      	bne.n	10005a14 <tud_cdc_n_write_flush+0x5c>
10005a10:	2000      	movs	r0, #0
10005a12:	e7db      	b.n	100059cc <tud_cdc_n_write_flush+0x14>
10005a14:	26b2      	movs	r6, #178	; 0xb2
10005a16:	00b6      	lsls	r6, r6, #2
10005a18:	436e      	muls	r6, r5
10005a1a:	23a2      	movs	r3, #162	; 0xa2
10005a1c:	009b      	lsls	r3, r3, #2
10005a1e:	469c      	mov	ip, r3
10005a20:	4466      	add	r6, ip
10005a22:	4b15      	ldr	r3, [pc, #84]	; (10005a78 <tud_cdc_n_write_flush+0xc0>)
10005a24:	18f6      	adds	r6, r6, r3
10005a26:	2240      	movs	r2, #64	; 0x40
10005a28:	0031      	movs	r1, r6
10005a2a:	0020      	movs	r0, r4
10005a2c:	f000 ff9d 	bl	1000696a <tu_fifo_read_n>
10005a30:	1e04      	subs	r4, r0, #0
10005a32:	d015      	beq.n	10005a60 <tud_cdc_n_write_flush+0xa8>
10005a34:	20b2      	movs	r0, #178	; 0xb2
10005a36:	0080      	lsls	r0, r0, #2
10005a38:	4368      	muls	r0, r5
10005a3a:	4d0f      	ldr	r5, [pc, #60]	; (10005a78 <tud_cdc_n_write_flush+0xc0>)
10005a3c:	182d      	adds	r5, r5, r0
10005a3e:	78a9      	ldrb	r1, [r5, #2]
10005a40:	0023      	movs	r3, r4
10005a42:	0032      	movs	r2, r6
10005a44:	2000      	movs	r0, #0
10005a46:	f7ff fabf 	bl	10004fc8 <usbd_edpt_xfer>
10005a4a:	2800      	cmp	r0, #0
10005a4c:	d001      	beq.n	10005a52 <tud_cdc_n_write_flush+0x9a>
10005a4e:	0020      	movs	r0, r4
10005a50:	e7bc      	b.n	100059cc <tud_cdc_n_write_flush+0x14>
10005a52:	22cd      	movs	r2, #205	; 0xcd
10005a54:	4909      	ldr	r1, [pc, #36]	; (10005a7c <tud_cdc_n_write_flush+0xc4>)
10005a56:	480a      	ldr	r0, [pc, #40]	; (10005a80 <tud_cdc_n_write_flush+0xc8>)
10005a58:	f7fe f986 	bl	10003d68 <__wrap_printf>
10005a5c:	2000      	movs	r0, #0
10005a5e:	e7b5      	b.n	100059cc <tud_cdc_n_write_flush+0x14>
10005a60:	20b2      	movs	r0, #178	; 0xb2
10005a62:	0080      	lsls	r0, r0, #2
10005a64:	4368      	muls	r0, r5
10005a66:	4d04      	ldr	r5, [pc, #16]	; (10005a78 <tud_cdc_n_write_flush+0xc0>)
10005a68:	182d      	adds	r5, r5, r0
10005a6a:	78a9      	ldrb	r1, [r5, #2]
10005a6c:	2000      	movs	r0, #0
10005a6e:	f7ff fa97 	bl	10004fa0 <usbd_edpt_release>
10005a72:	2000      	movs	r0, #0
10005a74:	e7aa      	b.n	100059cc <tud_cdc_n_write_flush+0x14>
10005a76:	46c0      	nop			; (mov r8, r8)
10005a78:	20000e84 	.word	0x20000e84
10005a7c:	100080dc 	.word	0x100080dc
10005a80:	10007ee0 	.word	0x10007ee0

10005a84 <tud_cdc_n_write>:
10005a84:	b570      	push	{r4, r5, r6, lr}
10005a86:	0005      	movs	r5, r0
10005a88:	24b2      	movs	r4, #178	; 0xb2
10005a8a:	00a4      	lsls	r4, r4, #2
10005a8c:	4344      	muls	r4, r0
10005a8e:	3420      	adds	r4, #32
10005a90:	4b0b      	ldr	r3, [pc, #44]	; (10005ac0 <tud_cdc_n_write+0x3c>)
10005a92:	18e4      	adds	r4, r4, r3
10005a94:	3404      	adds	r4, #4
10005a96:	4b0b      	ldr	r3, [pc, #44]	; (10005ac4 <tud_cdc_n_write+0x40>)
10005a98:	429a      	cmp	r2, r3
10005a9a:	d80b      	bhi.n	10005ab4 <tud_cdc_n_write+0x30>
10005a9c:	b292      	uxth	r2, r2
10005a9e:	0020      	movs	r0, r4
10005aa0:	f000 ff9a 	bl	100069d8 <tu_fifo_write_n>
10005aa4:	0006      	movs	r6, r0
10005aa6:	0020      	movs	r0, r4
10005aa8:	f000 fef7 	bl	1000689a <tu_fifo_count>
10005aac:	283f      	cmp	r0, #63	; 0x3f
10005aae:	d803      	bhi.n	10005ab8 <tud_cdc_n_write+0x34>
10005ab0:	0030      	movs	r0, r6
10005ab2:	bd70      	pop	{r4, r5, r6, pc}
10005ab4:	4a04      	ldr	r2, [pc, #16]	; (10005ac8 <tud_cdc_n_write+0x44>)
10005ab6:	e7f2      	b.n	10005a9e <tud_cdc_n_write+0x1a>
10005ab8:	0028      	movs	r0, r5
10005aba:	f7ff ff7d 	bl	100059b8 <tud_cdc_n_write_flush>
10005abe:	e7f7      	b.n	10005ab0 <tud_cdc_n_write+0x2c>
10005ac0:	20000e84 	.word	0x20000e84
10005ac4:	0000fffe 	.word	0x0000fffe
10005ac8:	0000ffff 	.word	0x0000ffff

10005acc <tud_cdc_n_write_available>:
10005acc:	b510      	push	{r4, lr}
10005ace:	23b2      	movs	r3, #178	; 0xb2
10005ad0:	009b      	lsls	r3, r3, #2
10005ad2:	4358      	muls	r0, r3
10005ad4:	3020      	adds	r0, #32
10005ad6:	4b03      	ldr	r3, [pc, #12]	; (10005ae4 <tud_cdc_n_write_available+0x18>)
10005ad8:	18c0      	adds	r0, r0, r3
10005ada:	3004      	adds	r0, #4
10005adc:	f000 ff0e 	bl	100068fc <tu_fifo_remaining>
10005ae0:	bd10      	pop	{r4, pc}
10005ae2:	46c0      	nop			; (mov r8, r8)
10005ae4:	20000e84 	.word	0x20000e84

10005ae8 <cdcd_init>:
10005ae8:	b5f0      	push	{r4, r5, r6, r7, lr}
10005aea:	46ce      	mov	lr, r9
10005aec:	4647      	mov	r7, r8
10005aee:	b580      	push	{r7, lr}
10005af0:	b083      	sub	sp, #12
10005af2:	22b2      	movs	r2, #178	; 0xb2
10005af4:	0092      	lsls	r2, r2, #2
10005af6:	2100      	movs	r1, #0
10005af8:	4829      	ldr	r0, [pc, #164]	; (10005ba0 <cdcd_init+0xb8>)
10005afa:	f7fc ff11 	bl	10002920 <__wrap_memset>
10005afe:	4b29      	ldr	r3, [pc, #164]	; (10005ba4 <cdcd_init+0xbc>)
10005b00:	2200      	movs	r2, #0
10005b02:	701a      	strb	r2, [r3, #0]
10005b04:	2600      	movs	r6, #0
10005b06:	2e00      	cmp	r6, #0
10005b08:	d004      	beq.n	10005b14 <cdcd_init+0x2c>
10005b0a:	b003      	add	sp, #12
10005b0c:	bcc0      	pop	{r6, r7}
10005b0e:	46b9      	mov	r9, r7
10005b10:	46b0      	mov	r8, r6
10005b12:	bdf0      	pop	{r4, r5, r6, r7, pc}
10005b14:	4f22      	ldr	r7, [pc, #136]	; (10005ba0 <cdcd_init+0xb8>)
10005b16:	24b2      	movs	r4, #178	; 0xb2
10005b18:	00a4      	lsls	r4, r4, #2
10005b1a:	4374      	muls	r4, r6
10005b1c:	193d      	adds	r5, r7, r4
10005b1e:	23ff      	movs	r3, #255	; 0xff
10005b20:	716b      	strb	r3, [r5, #5]
10005b22:	23e1      	movs	r3, #225	; 0xe1
10005b24:	025b      	lsls	r3, r3, #9
10005b26:	60ab      	str	r3, [r5, #8]
10005b28:	2300      	movs	r3, #0
10005b2a:	4698      	mov	r8, r3
10005b2c:	732b      	strb	r3, [r5, #12]
10005b2e:	736b      	strb	r3, [r5, #13]
10005b30:	3308      	adds	r3, #8
10005b32:	73ab      	strb	r3, [r5, #14]
10005b34:	0021      	movs	r1, r4
10005b36:	3138      	adds	r1, #56	; 0x38
10005b38:	19c9      	adds	r1, r1, r7
10005b3a:	33f8      	adds	r3, #248	; 0xf8
10005b3c:	4699      	mov	r9, r3
10005b3e:	0020      	movs	r0, r4
10005b40:	3010      	adds	r0, #16
10005b42:	19c0      	adds	r0, r0, r7
10005b44:	4643      	mov	r3, r8
10005b46:	9300      	str	r3, [sp, #0]
10005b48:	3301      	adds	r3, #1
10005b4a:	464a      	mov	r2, r9
10005b4c:	f000 fe67 	bl	1000681e <tu_fifo_config>
10005b50:	0021      	movs	r1, r4
10005b52:	3139      	adds	r1, #57	; 0x39
10005b54:	31ff      	adds	r1, #255	; 0xff
10005b56:	19c9      	adds	r1, r1, r7
10005b58:	0020      	movs	r0, r4
10005b5a:	3020      	adds	r0, #32
10005b5c:	19c0      	adds	r0, r0, r7
10005b5e:	3004      	adds	r0, #4
10005b60:	2301      	movs	r3, #1
10005b62:	9300      	str	r3, [sp, #0]
10005b64:	464a      	mov	r2, r9
10005b66:	f000 fe5a 	bl	1000681e <tu_fifo_config>
10005b6a:	238e      	movs	r3, #142	; 0x8e
10005b6c:	009b      	lsls	r3, r3, #2
10005b6e:	18e3      	adds	r3, r4, r3
10005b70:	4699      	mov	r9, r3
10005b72:	44b9      	add	r9, r7
10005b74:	4648      	mov	r0, r9
10005b76:	f7fb f86f 	bl	10000c58 <mutex_init>
10005b7a:	2390      	movs	r3, #144	; 0x90
10005b7c:	009b      	lsls	r3, r3, #2
10005b7e:	469c      	mov	ip, r3
10005b80:	4464      	add	r4, ip
10005b82:	19e4      	adds	r4, r4, r7
10005b84:	0020      	movs	r0, r4
10005b86:	f7fb f867 	bl	10000c58 <mutex_init>
10005b8a:	4643      	mov	r3, r8
10005b8c:	61eb      	str	r3, [r5, #28]
10005b8e:	464b      	mov	r3, r9
10005b90:	622b      	str	r3, [r5, #32]
10005b92:	632c      	str	r4, [r5, #48]	; 0x30
10005b94:	4643      	mov	r3, r8
10005b96:	636b      	str	r3, [r5, #52]	; 0x34
10005b98:	3601      	adds	r6, #1
10005b9a:	b2f6      	uxtb	r6, r6
10005b9c:	e7b3      	b.n	10005b06 <cdcd_init+0x1e>
10005b9e:	46c0      	nop			; (mov r8, r8)
10005ba0:	20000e84 	.word	0x20000e84
10005ba4:	20000e80 	.word	0x20000e80

10005ba8 <cdcd_deinit>:
10005ba8:	b510      	push	{r4, lr}
10005baa:	2300      	movs	r3, #0
10005bac:	2b00      	cmp	r3, #0
10005bae:	d001      	beq.n	10005bb4 <cdcd_deinit+0xc>
10005bb0:	2001      	movs	r0, #1
10005bb2:	bd10      	pop	{r4, pc}
10005bb4:	0018      	movs	r0, r3
10005bb6:	21b2      	movs	r1, #178	; 0xb2
10005bb8:	0089      	lsls	r1, r1, #2
10005bba:	4359      	muls	r1, r3
10005bbc:	4a0d      	ldr	r2, [pc, #52]	; (10005bf4 <cdcd_deinit+0x4c>)
10005bbe:	1852      	adds	r2, r2, r1
10005bc0:	6a11      	ldr	r1, [r2, #32]
10005bc2:	6b14      	ldr	r4, [r2, #48]	; 0x30
10005bc4:	2900      	cmp	r1, #0
10005bc6:	d007      	beq.n	10005bd8 <cdcd_deinit+0x30>
10005bc8:	22b2      	movs	r2, #178	; 0xb2
10005bca:	0092      	lsls	r2, r2, #2
10005bcc:	435a      	muls	r2, r3
10005bce:	4909      	ldr	r1, [pc, #36]	; (10005bf4 <cdcd_deinit+0x4c>)
10005bd0:	1889      	adds	r1, r1, r2
10005bd2:	2200      	movs	r2, #0
10005bd4:	61ca      	str	r2, [r1, #28]
10005bd6:	620a      	str	r2, [r1, #32]
10005bd8:	2c00      	cmp	r4, #0
10005bda:	d007      	beq.n	10005bec <cdcd_deinit+0x44>
10005bdc:	22b2      	movs	r2, #178	; 0xb2
10005bde:	0092      	lsls	r2, r2, #2
10005be0:	4350      	muls	r0, r2
10005be2:	4a04      	ldr	r2, [pc, #16]	; (10005bf4 <cdcd_deinit+0x4c>)
10005be4:	1812      	adds	r2, r2, r0
10005be6:	2100      	movs	r1, #0
10005be8:	6311      	str	r1, [r2, #48]	; 0x30
10005bea:	6351      	str	r1, [r2, #52]	; 0x34
10005bec:	3301      	adds	r3, #1
10005bee:	b2db      	uxtb	r3, r3
10005bf0:	e7dc      	b.n	10005bac <cdcd_deinit+0x4>
10005bf2:	46c0      	nop			; (mov r8, r8)
10005bf4:	20000e84 	.word	0x20000e84

10005bf8 <cdcd_reset>:
10005bf8:	b570      	push	{r4, r5, r6, lr}
10005bfa:	2400      	movs	r4, #0
10005bfc:	2c00      	cmp	r4, #0
10005bfe:	d000      	beq.n	10005c02 <cdcd_reset+0xa>
10005c00:	bd70      	pop	{r4, r5, r6, pc}
10005c02:	0025      	movs	r5, r4
10005c04:	20b2      	movs	r0, #178	; 0xb2
10005c06:	0080      	lsls	r0, r0, #2
10005c08:	4360      	muls	r0, r4
10005c0a:	4b17      	ldr	r3, [pc, #92]	; (10005c68 <cdcd_reset+0x70>)
10005c0c:	18c0      	adds	r0, r0, r3
10005c0e:	2205      	movs	r2, #5
10005c10:	2100      	movs	r1, #0
10005c12:	f7fc fe85 	bl	10002920 <__wrap_memset>
10005c16:	4b15      	ldr	r3, [pc, #84]	; (10005c6c <cdcd_reset+0x74>)
10005c18:	781b      	ldrb	r3, [r3, #0]
10005c1a:	07db      	lsls	r3, r3, #31
10005c1c:	d510      	bpl.n	10005c40 <cdcd_reset+0x48>
10005c1e:	4b13      	ldr	r3, [pc, #76]	; (10005c6c <cdcd_reset+0x74>)
10005c20:	781b      	ldrb	r3, [r3, #0]
10005c22:	079b      	lsls	r3, r3, #30
10005c24:	d515      	bpl.n	10005c52 <cdcd_reset+0x5a>
10005c26:	20b2      	movs	r0, #178	; 0xb2
10005c28:	0080      	lsls	r0, r0, #2
10005c2a:	4368      	muls	r0, r5
10005c2c:	3020      	adds	r0, #32
10005c2e:	4b0e      	ldr	r3, [pc, #56]	; (10005c68 <cdcd_reset+0x70>)
10005c30:	18c0      	adds	r0, r0, r3
10005c32:	3004      	adds	r0, #4
10005c34:	2101      	movs	r1, #1
10005c36:	f000 fef3 	bl	10006a20 <tu_fifo_set_overwritable>
10005c3a:	3401      	adds	r4, #1
10005c3c:	b2e4      	uxtb	r4, r4
10005c3e:	e7dd      	b.n	10005bfc <cdcd_reset+0x4>
10005c40:	20b2      	movs	r0, #178	; 0xb2
10005c42:	0080      	lsls	r0, r0, #2
10005c44:	4360      	muls	r0, r4
10005c46:	3010      	adds	r0, #16
10005c48:	4b07      	ldr	r3, [pc, #28]	; (10005c68 <cdcd_reset+0x70>)
10005c4a:	18c0      	adds	r0, r0, r3
10005c4c:	f000 fec9 	bl	100069e2 <tu_fifo_clear>
10005c50:	e7e5      	b.n	10005c1e <cdcd_reset+0x26>
10005c52:	20b2      	movs	r0, #178	; 0xb2
10005c54:	0080      	lsls	r0, r0, #2
10005c56:	4368      	muls	r0, r5
10005c58:	3020      	adds	r0, #32
10005c5a:	4b03      	ldr	r3, [pc, #12]	; (10005c68 <cdcd_reset+0x70>)
10005c5c:	18c0      	adds	r0, r0, r3
10005c5e:	3004      	adds	r0, #4
10005c60:	f000 febf 	bl	100069e2 <tu_fifo_clear>
10005c64:	e7df      	b.n	10005c26 <cdcd_reset+0x2e>
10005c66:	46c0      	nop			; (mov r8, r8)
10005c68:	20000e84 	.word	0x20000e84
10005c6c:	20000e80 	.word	0x20000e80

10005c70 <cdcd_open>:
10005c70:	b5f0      	push	{r4, r5, r6, r7, lr}
10005c72:	b083      	sub	sp, #12
10005c74:	0006      	movs	r6, r0
10005c76:	794b      	ldrb	r3, [r1, #5]
10005c78:	2b02      	cmp	r3, #2
10005c7a:	d168      	bne.n	10005d4e <cdcd_open+0xde>
10005c7c:	798b      	ldrb	r3, [r1, #6]
10005c7e:	2b02      	cmp	r3, #2
10005c80:	d169      	bne.n	10005d56 <cdcd_open+0xe6>
10005c82:	2300      	movs	r3, #0
10005c84:	2b00      	cmp	r3, #0
10005c86:	d008      	beq.n	10005c9a <cdcd_open+0x2a>
10005c88:	2700      	movs	r7, #0
10005c8a:	2f00      	cmp	r7, #0
10005c8c:	d013      	beq.n	10005cb6 <cdcd_open+0x46>
10005c8e:	788b      	ldrb	r3, [r1, #2]
10005c90:	703b      	strb	r3, [r7, #0]
10005c92:	780c      	ldrb	r4, [r1, #0]
10005c94:	190c      	adds	r4, r1, r4
10005c96:	2509      	movs	r5, #9
10005c98:	e019      	b.n	10005cce <cdcd_open+0x5e>
10005c9a:	24b2      	movs	r4, #178	; 0xb2
10005c9c:	00a4      	lsls	r4, r4, #2
10005c9e:	435c      	muls	r4, r3
10005ca0:	482e      	ldr	r0, [pc, #184]	; (10005d5c <cdcd_open+0xec>)
10005ca2:	1900      	adds	r0, r0, r4
10005ca4:	7880      	ldrb	r0, [r0, #2]
10005ca6:	2800      	cmp	r0, #0
10005ca8:	d002      	beq.n	10005cb0 <cdcd_open+0x40>
10005caa:	3301      	adds	r3, #1
10005cac:	b2db      	uxtb	r3, r3
10005cae:	e7e9      	b.n	10005c84 <cdcd_open+0x14>
10005cb0:	4f2a      	ldr	r7, [pc, #168]	; (10005d5c <cdcd_open+0xec>)
10005cb2:	19e7      	adds	r7, r4, r7
10005cb4:	e7e9      	b.n	10005c8a <cdcd_open+0x1a>
10005cb6:	229a      	movs	r2, #154	; 0x9a
10005cb8:	0052      	lsls	r2, r2, #1
10005cba:	4929      	ldr	r1, [pc, #164]	; (10005d60 <cdcd_open+0xf0>)
10005cbc:	4829      	ldr	r0, [pc, #164]	; (10005d64 <cdcd_open+0xf4>)
10005cbe:	f7fe f853 	bl	10003d68 <__wrap_printf>
10005cc2:	2500      	movs	r5, #0
10005cc4:	e044      	b.n	10005d50 <cdcd_open+0xe0>
10005cc6:	7821      	ldrb	r1, [r4, #0]
10005cc8:	194d      	adds	r5, r1, r5
10005cca:	b2ad      	uxth	r5, r5
10005ccc:	1864      	adds	r4, r4, r1
10005cce:	7863      	ldrb	r3, [r4, #1]
10005cd0:	2b24      	cmp	r3, #36	; 0x24
10005cd2:	d101      	bne.n	10005cd8 <cdcd_open+0x68>
10005cd4:	4295      	cmp	r5, r2
10005cd6:	d9f6      	bls.n	10005cc6 <cdcd_open+0x56>
10005cd8:	2b05      	cmp	r3, #5
10005cda:	d009      	beq.n	10005cf0 <cdcd_open+0x80>
10005cdc:	7863      	ldrb	r3, [r4, #1]
10005cde:	2b04      	cmp	r3, #4
10005ce0:	d102      	bne.n	10005ce8 <cdcd_open+0x78>
10005ce2:	7963      	ldrb	r3, [r4, #5]
10005ce4:	2b0a      	cmp	r3, #10
10005ce6:	d018      	beq.n	10005d1a <cdcd_open+0xaa>
10005ce8:	0038      	movs	r0, r7
10005cea:	f7ff fde1 	bl	100058b0 <_prep_out_transaction>
10005cee:	e02f      	b.n	10005d50 <cdcd_open+0xe0>
10005cf0:	0021      	movs	r1, r4
10005cf2:	0030      	movs	r0, r6
10005cf4:	f7ff f8ca 	bl	10004e8c <usbd_edpt_open>
10005cf8:	2800      	cmp	r0, #0
10005cfa:	d006      	beq.n	10005d0a <cdcd_open+0x9a>
10005cfc:	78a3      	ldrb	r3, [r4, #2]
10005cfe:	707b      	strb	r3, [r7, #1]
10005d00:	7822      	ldrb	r2, [r4, #0]
10005d02:	1955      	adds	r5, r2, r5
10005d04:	b2ad      	uxth	r5, r5
10005d06:	18a4      	adds	r4, r4, r2
10005d08:	e7e8      	b.n	10005cdc <cdcd_open+0x6c>
10005d0a:	22a3      	movs	r2, #163	; 0xa3
10005d0c:	0052      	lsls	r2, r2, #1
10005d0e:	4914      	ldr	r1, [pc, #80]	; (10005d60 <cdcd_open+0xf0>)
10005d10:	4814      	ldr	r0, [pc, #80]	; (10005d64 <cdcd_open+0xf4>)
10005d12:	f7fe f829 	bl	10003d68 <__wrap_printf>
10005d16:	2500      	movs	r5, #0
10005d18:	e01a      	b.n	10005d50 <cdcd_open+0xe0>
10005d1a:	7821      	ldrb	r1, [r4, #0]
10005d1c:	194d      	adds	r5, r1, r5
10005d1e:	b2ad      	uxth	r5, r5
10005d20:	1861      	adds	r1, r4, r1
10005d22:	1cbb      	adds	r3, r7, #2
10005d24:	9301      	str	r3, [sp, #4]
10005d26:	1cfb      	adds	r3, r7, #3
10005d28:	9300      	str	r3, [sp, #0]
10005d2a:	2302      	movs	r3, #2
10005d2c:	2202      	movs	r2, #2
10005d2e:	0030      	movs	r0, r6
10005d30:	f7ff f8dc 	bl	10004eec <usbd_open_edpt_pair>
10005d34:	2800      	cmp	r0, #0
10005d36:	d002      	beq.n	10005d3e <cdcd_open+0xce>
10005d38:	350e      	adds	r5, #14
10005d3a:	b2ad      	uxth	r5, r5
10005d3c:	e7d4      	b.n	10005ce8 <cdcd_open+0x78>
10005d3e:	2256      	movs	r2, #86	; 0x56
10005d40:	32ff      	adds	r2, #255	; 0xff
10005d42:	4907      	ldr	r1, [pc, #28]	; (10005d60 <cdcd_open+0xf0>)
10005d44:	4807      	ldr	r0, [pc, #28]	; (10005d64 <cdcd_open+0xf4>)
10005d46:	f7fe f80f 	bl	10003d68 <__wrap_printf>
10005d4a:	2500      	movs	r5, #0
10005d4c:	e000      	b.n	10005d50 <cdcd_open+0xe0>
10005d4e:	2500      	movs	r5, #0
10005d50:	0028      	movs	r0, r5
10005d52:	b003      	add	sp, #12
10005d54:	bdf0      	pop	{r4, r5, r6, r7, pc}
10005d56:	2500      	movs	r5, #0
10005d58:	e7fa      	b.n	10005d50 <cdcd_open+0xe0>
10005d5a:	46c0      	nop			; (mov r8, r8)
10005d5c:	20000e84 	.word	0x20000e84
10005d60:	100080d0 	.word	0x100080d0
10005d64:	10007ee0 	.word	0x10007ee0

10005d68 <cdcd_control_xfer_cb>:
10005d68:	b5f8      	push	{r3, r4, r5, r6, r7, lr}
10005d6a:	0014      	movs	r4, r2
10005d6c:	7812      	ldrb	r2, [r2, #0]
10005d6e:	2360      	movs	r3, #96	; 0x60
10005d70:	4013      	ands	r3, r2
10005d72:	2b20      	cmp	r3, #32
10005d74:	d000      	beq.n	10005d78 <cdcd_control_xfer_cb+0x10>
10005d76:	e080      	b.n	10005e7a <cdcd_control_xfer_cb+0x112>
10005d78:	4a45      	ldr	r2, [pc, #276]	; (10005e90 <cdcd_control_xfer_cb+0x128>)
10005d7a:	2500      	movs	r5, #0
10005d7c:	2d00      	cmp	r5, #0
10005d7e:	d000      	beq.n	10005d82 <cdcd_control_xfer_cb+0x1a>
10005d80:	e07d      	b.n	10005e7e <cdcd_control_xfer_cb+0x116>
10005d82:	7816      	ldrb	r6, [r2, #0]
10005d84:	7927      	ldrb	r7, [r4, #4]
10005d86:	7963      	ldrb	r3, [r4, #5]
10005d88:	021b      	lsls	r3, r3, #8
10005d8a:	433b      	orrs	r3, r7
10005d8c:	429e      	cmp	r6, r3
10005d8e:	d006      	beq.n	10005d9e <cdcd_control_xfer_cb+0x36>
10005d90:	3501      	adds	r5, #1
10005d92:	b2ed      	uxtb	r5, r5
10005d94:	23b2      	movs	r3, #178	; 0xb2
10005d96:	009b      	lsls	r3, r3, #2
10005d98:	469c      	mov	ip, r3
10005d9a:	4462      	add	r2, ip
10005d9c:	e7ee      	b.n	10005d7c <cdcd_control_xfer_cb+0x14>
10005d9e:	7863      	ldrb	r3, [r4, #1]
10005da0:	2b22      	cmp	r3, #34	; 0x22
10005da2:	d032      	beq.n	10005e0a <cdcd_control_xfer_cb+0xa2>
10005da4:	d809      	bhi.n	10005dba <cdcd_control_xfer_cb+0x52>
10005da6:	2b20      	cmp	r3, #32
10005da8:	d011      	beq.n	10005dce <cdcd_control_xfer_cb+0x66>
10005daa:	2b21      	cmp	r3, #33	; 0x21
10005dac:	d103      	bne.n	10005db6 <cdcd_control_xfer_cb+0x4e>
10005dae:	2901      	cmp	r1, #1
10005db0:	d024      	beq.n	10005dfc <cdcd_control_xfer_cb+0x94>
10005db2:	2001      	movs	r0, #1
10005db4:	e062      	b.n	10005e7c <cdcd_control_xfer_cb+0x114>
10005db6:	2000      	movs	r0, #0
10005db8:	e060      	b.n	10005e7c <cdcd_control_xfer_cb+0x114>
10005dba:	2b23      	cmp	r3, #35	; 0x23
10005dbc:	d105      	bne.n	10005dca <cdcd_control_xfer_cb+0x62>
10005dbe:	2901      	cmp	r1, #1
10005dc0:	d04a      	beq.n	10005e58 <cdcd_control_xfer_cb+0xf0>
10005dc2:	2903      	cmp	r1, #3
10005dc4:	d04d      	beq.n	10005e62 <cdcd_control_xfer_cb+0xfa>
10005dc6:	2001      	movs	r0, #1
10005dc8:	e058      	b.n	10005e7c <cdcd_control_xfer_cb+0x114>
10005dca:	2000      	movs	r0, #0
10005dcc:	e056      	b.n	10005e7c <cdcd_control_xfer_cb+0x114>
10005dce:	2901      	cmp	r1, #1
10005dd0:	d003      	beq.n	10005dda <cdcd_control_xfer_cb+0x72>
10005dd2:	2903      	cmp	r1, #3
10005dd4:	d008      	beq.n	10005de8 <cdcd_control_xfer_cb+0x80>
10005dd6:	2001      	movs	r0, #1
10005dd8:	e050      	b.n	10005e7c <cdcd_control_xfer_cb+0x114>
10005dda:	3208      	adds	r2, #8
10005ddc:	2307      	movs	r3, #7
10005dde:	0021      	movs	r1, r4
10005de0:	f7ff fc7a 	bl	100056d8 <tud_control_xfer>
10005de4:	2001      	movs	r0, #1
10005de6:	e049      	b.n	10005e7c <cdcd_control_xfer_cb+0x114>
10005de8:	4b2a      	ldr	r3, [pc, #168]	; (10005e94 <cdcd_control_xfer_cb+0x12c>)
10005dea:	2b00      	cmp	r3, #0
10005dec:	d049      	beq.n	10005e82 <cdcd_control_xfer_cb+0x11a>
10005dee:	3208      	adds	r2, #8
10005df0:	0011      	movs	r1, r2
10005df2:	0028      	movs	r0, r5
10005df4:	f7fe f954 	bl	100040a0 <tud_cdc_line_coding_cb>
10005df8:	2001      	movs	r0, #1
10005dfa:	e03f      	b.n	10005e7c <cdcd_control_xfer_cb+0x114>
10005dfc:	3208      	adds	r2, #8
10005dfe:	2307      	movs	r3, #7
10005e00:	0021      	movs	r1, r4
10005e02:	f7ff fc69 	bl	100056d8 <tud_control_xfer>
10005e06:	2001      	movs	r0, #1
10005e08:	e038      	b.n	10005e7c <cdcd_control_xfer_cb+0x114>
10005e0a:	2901      	cmp	r1, #1
10005e0c:	d003      	beq.n	10005e16 <cdcd_control_xfer_cb+0xae>
10005e0e:	2903      	cmp	r1, #3
10005e10:	d006      	beq.n	10005e20 <cdcd_control_xfer_cb+0xb8>
10005e12:	2001      	movs	r0, #1
10005e14:	e032      	b.n	10005e7c <cdcd_control_xfer_cb+0x114>
10005e16:	0021      	movs	r1, r4
10005e18:	f7ff fc42 	bl	100056a0 <tud_control_status>
10005e1c:	2001      	movs	r0, #1
10005e1e:	e02d      	b.n	10005e7c <cdcd_control_xfer_cb+0x114>
10005e20:	78a1      	ldrb	r1, [r4, #2]
10005e22:	78e3      	ldrb	r3, [r4, #3]
10005e24:	021b      	lsls	r3, r3, #8
10005e26:	430b      	orrs	r3, r1
10005e28:	2001      	movs	r0, #1
10005e2a:	0019      	movs	r1, r3
10005e2c:	4001      	ands	r1, r0
10005e2e:	000e      	movs	r6, r1
10005e30:	085c      	lsrs	r4, r3, #1
10005e32:	4004      	ands	r4, r0
10005e34:	7113      	strb	r3, [r2, #4]
10005e36:	424b      	negs	r3, r1
10005e38:	4159      	adcs	r1, r3
10005e3a:	b2c9      	uxtb	r1, r1
10005e3c:	3224      	adds	r2, #36	; 0x24
10005e3e:	0010      	movs	r0, r2
10005e40:	f000 fdee 	bl	10006a20 <tu_fifo_set_overwritable>
10005e44:	4b14      	ldr	r3, [pc, #80]	; (10005e98 <cdcd_control_xfer_cb+0x130>)
10005e46:	2b00      	cmp	r3, #0
10005e48:	d01d      	beq.n	10005e86 <cdcd_control_xfer_cb+0x11e>
10005e4a:	0022      	movs	r2, r4
10005e4c:	0031      	movs	r1, r6
10005e4e:	0028      	movs	r0, r5
10005e50:	e000      	b.n	10005e54 <cdcd_control_xfer_cb+0xec>
10005e52:	bf00      	nop
10005e54:	2001      	movs	r0, #1
10005e56:	e011      	b.n	10005e7c <cdcd_control_xfer_cb+0x114>
10005e58:	0021      	movs	r1, r4
10005e5a:	f7ff fc21 	bl	100056a0 <tud_control_status>
10005e5e:	2001      	movs	r0, #1
10005e60:	e00c      	b.n	10005e7c <cdcd_control_xfer_cb+0x114>
10005e62:	4b0e      	ldr	r3, [pc, #56]	; (10005e9c <cdcd_control_xfer_cb+0x134>)
10005e64:	2b00      	cmp	r3, #0
10005e66:	d010      	beq.n	10005e8a <cdcd_control_xfer_cb+0x122>
10005e68:	78a3      	ldrb	r3, [r4, #2]
10005e6a:	78e1      	ldrb	r1, [r4, #3]
10005e6c:	0209      	lsls	r1, r1, #8
10005e6e:	4319      	orrs	r1, r3
10005e70:	0028      	movs	r0, r5
10005e72:	e000      	b.n	10005e76 <cdcd_control_xfer_cb+0x10e>
10005e74:	bf00      	nop
10005e76:	2001      	movs	r0, #1
10005e78:	e000      	b.n	10005e7c <cdcd_control_xfer_cb+0x114>
10005e7a:	2000      	movs	r0, #0
10005e7c:	bdf8      	pop	{r3, r4, r5, r6, r7, pc}
10005e7e:	2000      	movs	r0, #0
10005e80:	e7fc      	b.n	10005e7c <cdcd_control_xfer_cb+0x114>
10005e82:	2001      	movs	r0, #1
10005e84:	e7fa      	b.n	10005e7c <cdcd_control_xfer_cb+0x114>
10005e86:	2001      	movs	r0, #1
10005e88:	e7f8      	b.n	10005e7c <cdcd_control_xfer_cb+0x114>
10005e8a:	2001      	movs	r0, #1
10005e8c:	e7f6      	b.n	10005e7c <cdcd_control_xfer_cb+0x114>
10005e8e:	46c0      	nop			; (mov r8, r8)
10005e90:	20000e84 	.word	0x20000e84
10005e94:	100040a1 	.word	0x100040a1
	...

10005ea0 <cdcd_xfer_cb>:
10005ea0:	b5f0      	push	{r4, r5, r6, r7, lr}
10005ea2:	46d6      	mov	lr, sl
10005ea4:	b500      	push	{lr}
10005ea6:	b082      	sub	sp, #8
10005ea8:	9001      	str	r0, [sp, #4]
10005eaa:	000f      	movs	r7, r1
10005eac:	9300      	str	r3, [sp, #0]
10005eae:	2400      	movs	r4, #0
10005eb0:	2c00      	cmp	r4, #0
10005eb2:	d00d      	beq.n	10005ed0 <cdcd_xfer_cb+0x30>
10005eb4:	2c00      	cmp	r4, #0
10005eb6:	d119      	bne.n	10005eec <cdcd_xfer_cb+0x4c>
10005eb8:	78eb      	ldrb	r3, [r5, #3]
10005eba:	42bb      	cmp	r3, r7
10005ebc:	d01e      	beq.n	10005efc <cdcd_xfer_cb+0x5c>
10005ebe:	78ab      	ldrb	r3, [r5, #2]
10005ec0:	42bb      	cmp	r3, r7
10005ec2:	d055      	beq.n	10005f70 <cdcd_xfer_cb+0xd0>
10005ec4:	2401      	movs	r4, #1
10005ec6:	0020      	movs	r0, r4
10005ec8:	b002      	add	sp, #8
10005eca:	bc80      	pop	{r7}
10005ecc:	46ba      	mov	sl, r7
10005ece:	bdf0      	pop	{r4, r5, r6, r7, pc}
10005ed0:	25b2      	movs	r5, #178	; 0xb2
10005ed2:	00ad      	lsls	r5, r5, #2
10005ed4:	4365      	muls	r5, r4
10005ed6:	4b3d      	ldr	r3, [pc, #244]	; (10005fcc <cdcd_xfer_cb+0x12c>)
10005ed8:	18ed      	adds	r5, r5, r3
10005eda:	78eb      	ldrb	r3, [r5, #3]
10005edc:	42bb      	cmp	r3, r7
10005ede:	d0e9      	beq.n	10005eb4 <cdcd_xfer_cb+0x14>
10005ee0:	78ab      	ldrb	r3, [r5, #2]
10005ee2:	42bb      	cmp	r3, r7
10005ee4:	d0e6      	beq.n	10005eb4 <cdcd_xfer_cb+0x14>
10005ee6:	3401      	adds	r4, #1
10005ee8:	b2e4      	uxtb	r4, r4
10005eea:	e7e1      	b.n	10005eb0 <cdcd_xfer_cb+0x10>
10005eec:	22b6      	movs	r2, #182	; 0xb6
10005eee:	32ff      	adds	r2, #255	; 0xff
10005ef0:	4937      	ldr	r1, [pc, #220]	; (10005fd0 <cdcd_xfer_cb+0x130>)
10005ef2:	4838      	ldr	r0, [pc, #224]	; (10005fd4 <cdcd_xfer_cb+0x134>)
10005ef4:	f7fd ff38 	bl	10003d68 <__wrap_printf>
10005ef8:	2400      	movs	r4, #0
10005efa:	e7e4      	b.n	10005ec6 <cdcd_xfer_cb+0x26>
10005efc:	2310      	movs	r3, #16
10005efe:	469a      	mov	sl, r3
10005f00:	44aa      	add	sl, r5
10005f02:	2392      	movs	r3, #146	; 0x92
10005f04:	009b      	lsls	r3, r3, #2
10005f06:	18e9      	adds	r1, r5, r3
10005f08:	466b      	mov	r3, sp
10005f0a:	881a      	ldrh	r2, [r3, #0]
10005f0c:	4650      	mov	r0, sl
10005f0e:	f000 fd63 	bl	100069d8 <tu_fifo_write_n>
10005f12:	4b31      	ldr	r3, [pc, #196]	; (10005fd8 <cdcd_xfer_cb+0x138>)
10005f14:	2b00      	cmp	r3, #0
10005f16:	d01b      	beq.n	10005f50 <cdcd_xfer_cb+0xb0>
10005f18:	796b      	ldrb	r3, [r5, #5]
10005f1a:	2bff      	cmp	r3, #255	; 0xff
10005f1c:	d018      	beq.n	10005f50 <cdcd_xfer_cb+0xb0>
10005f1e:	2600      	movs	r6, #0
10005f20:	e000      	b.n	10005f24 <cdcd_xfer_cb+0x84>
10005f22:	3601      	adds	r6, #1
10005f24:	9b00      	ldr	r3, [sp, #0]
10005f26:	429e      	cmp	r6, r3
10005f28:	d212      	bcs.n	10005f50 <cdcd_xfer_cb+0xb0>
10005f2a:	796a      	ldrb	r2, [r5, #5]
10005f2c:	19ab      	adds	r3, r5, r6
10005f2e:	2192      	movs	r1, #146	; 0x92
10005f30:	0089      	lsls	r1, r1, #2
10005f32:	468c      	mov	ip, r1
10005f34:	4463      	add	r3, ip
10005f36:	781b      	ldrb	r3, [r3, #0]
10005f38:	429a      	cmp	r2, r3
10005f3a:	d1f2      	bne.n	10005f22 <cdcd_xfer_cb+0x82>
10005f3c:	4650      	mov	r0, sl
10005f3e:	f000 fcc1 	bl	100068c4 <tu_fifo_empty>
10005f42:	2800      	cmp	r0, #0
10005f44:	d1ed      	bne.n	10005f22 <cdcd_xfer_cb+0x82>
10005f46:	7969      	ldrb	r1, [r5, #5]
10005f48:	0020      	movs	r0, r4
10005f4a:	e000      	b.n	10005f4e <cdcd_xfer_cb+0xae>
10005f4c:	bf00      	nop
10005f4e:	e7e8      	b.n	10005f22 <cdcd_xfer_cb+0x82>
10005f50:	4b22      	ldr	r3, [pc, #136]	; (10005fdc <cdcd_xfer_cb+0x13c>)
10005f52:	2b00      	cmp	r3, #0
10005f54:	d004      	beq.n	10005f60 <cdcd_xfer_cb+0xc0>
10005f56:	4650      	mov	r0, sl
10005f58:	f000 fcb4 	bl	100068c4 <tu_fifo_empty>
10005f5c:	2800      	cmp	r0, #0
10005f5e:	d003      	beq.n	10005f68 <cdcd_xfer_cb+0xc8>
10005f60:	0028      	movs	r0, r5
10005f62:	f7ff fca5 	bl	100058b0 <_prep_out_transaction>
10005f66:	e7aa      	b.n	10005ebe <cdcd_xfer_cb+0x1e>
10005f68:	0020      	movs	r0, r4
10005f6a:	e000      	b.n	10005f6e <cdcd_xfer_cb+0xce>
10005f6c:	bf00      	nop
10005f6e:	e7f7      	b.n	10005f60 <cdcd_xfer_cb+0xc0>
10005f70:	4b1b      	ldr	r3, [pc, #108]	; (10005fe0 <cdcd_xfer_cb+0x140>)
10005f72:	2b00      	cmp	r3, #0
10005f74:	d002      	beq.n	10005f7c <cdcd_xfer_cb+0xdc>
10005f76:	0020      	movs	r0, r4
10005f78:	e000      	b.n	10005f7c <cdcd_xfer_cb+0xdc>
10005f7a:	bf00      	nop
10005f7c:	0020      	movs	r0, r4
10005f7e:	f7ff fd1b 	bl	100059b8 <tud_cdc_n_write_flush>
10005f82:	2800      	cmp	r0, #0
10005f84:	d001      	beq.n	10005f8a <cdcd_xfer_cb+0xea>
10005f86:	2401      	movs	r4, #1
10005f88:	e79d      	b.n	10005ec6 <cdcd_xfer_cb+0x26>
10005f8a:	0028      	movs	r0, r5
10005f8c:	3024      	adds	r0, #36	; 0x24
10005f8e:	f000 fc84 	bl	1000689a <tu_fifo_count>
10005f92:	2800      	cmp	r0, #0
10005f94:	d115      	bne.n	10005fc2 <cdcd_xfer_cb+0x122>
10005f96:	9b00      	ldr	r3, [sp, #0]
10005f98:	2b00      	cmp	r3, #0
10005f9a:	d014      	beq.n	10005fc6 <cdcd_xfer_cb+0x126>
10005f9c:	069b      	lsls	r3, r3, #26
10005f9e:	d001      	beq.n	10005fa4 <cdcd_xfer_cb+0x104>
10005fa0:	2401      	movs	r4, #1
10005fa2:	e790      	b.n	10005ec6 <cdcd_xfer_cb+0x26>
10005fa4:	78a9      	ldrb	r1, [r5, #2]
10005fa6:	9801      	ldr	r0, [sp, #4]
10005fa8:	f7fe ffe6 	bl	10004f78 <usbd_edpt_claim>
10005fac:	1e04      	subs	r4, r0, #0
10005fae:	d101      	bne.n	10005fb4 <cdcd_xfer_cb+0x114>
10005fb0:	2401      	movs	r4, #1
10005fb2:	e788      	b.n	10005ec6 <cdcd_xfer_cb+0x26>
10005fb4:	78a9      	ldrb	r1, [r5, #2]
10005fb6:	2300      	movs	r3, #0
10005fb8:	2200      	movs	r2, #0
10005fba:	9801      	ldr	r0, [sp, #4]
10005fbc:	f7ff f804 	bl	10004fc8 <usbd_edpt_xfer>
10005fc0:	e781      	b.n	10005ec6 <cdcd_xfer_cb+0x26>
10005fc2:	2401      	movs	r4, #1
10005fc4:	e77f      	b.n	10005ec6 <cdcd_xfer_cb+0x26>
10005fc6:	2401      	movs	r4, #1
10005fc8:	e77d      	b.n	10005ec6 <cdcd_xfer_cb+0x26>
10005fca:	46c0      	nop			; (mov r8, r8)
10005fcc:	20000e84 	.word	0x20000e84
10005fd0:	100080c0 	.word	0x100080c0
10005fd4:	10007ee0 	.word	0x10007ee0
	...

10005fe4 <_prep_out_transaction>:
10005fe4:	b510      	push	{r4, lr}
10005fe6:	0004      	movs	r4, r0
10005fe8:	7881      	ldrb	r1, [r0, #2]
10005fea:	2000      	movs	r0, #0
10005fec:	f7fe ffc4 	bl	10004f78 <usbd_edpt_claim>
10005ff0:	2800      	cmp	r0, #0
10005ff2:	d100      	bne.n	10005ff6 <_prep_out_transaction+0x12>
10005ff4:	bd10      	pop	{r4, pc}
10005ff6:	1d20      	adds	r0, r4, #4
10005ff8:	f000 fc80 	bl	100068fc <tu_fifo_remaining>
10005ffc:	283f      	cmp	r0, #63	; 0x3f
10005ffe:	d909      	bls.n	10006014 <_prep_out_transaction+0x30>
10006000:	238f      	movs	r3, #143	; 0x8f
10006002:	009b      	lsls	r3, r3, #2
10006004:	18e2      	adds	r2, r4, r3
10006006:	78a1      	ldrb	r1, [r4, #2]
10006008:	3bfd      	subs	r3, #253	; 0xfd
1000600a:	3bff      	subs	r3, #255	; 0xff
1000600c:	2000      	movs	r0, #0
1000600e:	f7fe ffdb 	bl	10004fc8 <usbd_edpt_xfer>
10006012:	e7ef      	b.n	10005ff4 <_prep_out_transaction+0x10>
10006014:	78a1      	ldrb	r1, [r4, #2]
10006016:	2000      	movs	r0, #0
10006018:	f7fe ffc2 	bl	10004fa0 <usbd_edpt_release>
1000601c:	e7ea      	b.n	10005ff4 <_prep_out_transaction+0x10>
	...

10006020 <tud_vendor_n_write_flush>:
10006020:	b570      	push	{r4, r5, r6, lr}
10006022:	0005      	movs	r5, r0
10006024:	f7fe feaa 	bl	10004d7c <tud_mounted>
10006028:	2800      	cmp	r0, #0
1000602a:	d104      	bne.n	10006036 <tud_vendor_n_write_flush+0x16>
1000602c:	2300      	movs	r3, #0
1000602e:	2b00      	cmp	r3, #0
10006030:	d109      	bne.n	10006046 <tud_vendor_n_write_flush+0x26>
10006032:	2000      	movs	r0, #0
10006034:	bd70      	pop	{r4, r5, r6, pc}
10006036:	f7fe fea9 	bl	10004d8c <tud_suspended>
1000603a:	2800      	cmp	r0, #0
1000603c:	d101      	bne.n	10006042 <tud_vendor_n_write_flush+0x22>
1000603e:	2301      	movs	r3, #1
10006040:	e7f5      	b.n	1000602e <tud_vendor_n_write_flush+0xe>
10006042:	2300      	movs	r3, #0
10006044:	e7f3      	b.n	1000602e <tud_vendor_n_write_flush+0xe>
10006046:	24af      	movs	r4, #175	; 0xaf
10006048:	00a4      	lsls	r4, r4, #2
1000604a:	436c      	muls	r4, r5
1000604c:	3418      	adds	r4, #24
1000604e:	4b24      	ldr	r3, [pc, #144]	; (100060e0 <tud_vendor_n_write_flush+0xc0>)
10006050:	18e4      	adds	r4, r4, r3
10006052:	0020      	movs	r0, r4
10006054:	f000 fc21 	bl	1000689a <tu_fifo_count>
10006058:	2800      	cmp	r0, #0
1000605a:	d101      	bne.n	10006060 <tud_vendor_n_write_flush+0x40>
1000605c:	2000      	movs	r0, #0
1000605e:	e7e9      	b.n	10006034 <tud_vendor_n_write_flush+0x14>
10006060:	22af      	movs	r2, #175	; 0xaf
10006062:	0092      	lsls	r2, r2, #2
10006064:	436a      	muls	r2, r5
10006066:	4b1e      	ldr	r3, [pc, #120]	; (100060e0 <tud_vendor_n_write_flush+0xc0>)
10006068:	189b      	adds	r3, r3, r2
1000606a:	7859      	ldrb	r1, [r3, #1]
1000606c:	2000      	movs	r0, #0
1000606e:	f7fe ff83 	bl	10004f78 <usbd_edpt_claim>
10006072:	2800      	cmp	r0, #0
10006074:	d101      	bne.n	1000607a <tud_vendor_n_write_flush+0x5a>
10006076:	2000      	movs	r0, #0
10006078:	e7dc      	b.n	10006034 <tud_vendor_n_write_flush+0x14>
1000607a:	26af      	movs	r6, #175	; 0xaf
1000607c:	00b6      	lsls	r6, r6, #2
1000607e:	436e      	muls	r6, r5
10006080:	239e      	movs	r3, #158	; 0x9e
10006082:	009b      	lsls	r3, r3, #2
10006084:	469c      	mov	ip, r3
10006086:	4466      	add	r6, ip
10006088:	4b15      	ldr	r3, [pc, #84]	; (100060e0 <tud_vendor_n_write_flush+0xc0>)
1000608a:	18f6      	adds	r6, r6, r3
1000608c:	3604      	adds	r6, #4
1000608e:	2240      	movs	r2, #64	; 0x40
10006090:	0031      	movs	r1, r6
10006092:	0020      	movs	r0, r4
10006094:	f000 fc69 	bl	1000696a <tu_fifo_read_n>
10006098:	1e04      	subs	r4, r0, #0
1000609a:	d015      	beq.n	100060c8 <tud_vendor_n_write_flush+0xa8>
1000609c:	20af      	movs	r0, #175	; 0xaf
1000609e:	0080      	lsls	r0, r0, #2
100060a0:	4345      	muls	r5, r0
100060a2:	480f      	ldr	r0, [pc, #60]	; (100060e0 <tud_vendor_n_write_flush+0xc0>)
100060a4:	1940      	adds	r0, r0, r5
100060a6:	7841      	ldrb	r1, [r0, #1]
100060a8:	0023      	movs	r3, r4
100060aa:	0032      	movs	r2, r6
100060ac:	2000      	movs	r0, #0
100060ae:	f7fe ff8b 	bl	10004fc8 <usbd_edpt_xfer>
100060b2:	2800      	cmp	r0, #0
100060b4:	d001      	beq.n	100060ba <tud_vendor_n_write_flush+0x9a>
100060b6:	0020      	movs	r0, r4
100060b8:	e7bc      	b.n	10006034 <tud_vendor_n_write_flush+0x14>
100060ba:	229b      	movs	r2, #155	; 0x9b
100060bc:	4909      	ldr	r1, [pc, #36]	; (100060e4 <tud_vendor_n_write_flush+0xc4>)
100060be:	480a      	ldr	r0, [pc, #40]	; (100060e8 <tud_vendor_n_write_flush+0xc8>)
100060c0:	f7fd fe52 	bl	10003d68 <__wrap_printf>
100060c4:	2000      	movs	r0, #0
100060c6:	e7b5      	b.n	10006034 <tud_vendor_n_write_flush+0x14>
100060c8:	20af      	movs	r0, #175	; 0xaf
100060ca:	0080      	lsls	r0, r0, #2
100060cc:	4345      	muls	r5, r0
100060ce:	4804      	ldr	r0, [pc, #16]	; (100060e0 <tud_vendor_n_write_flush+0xc0>)
100060d0:	1940      	adds	r0, r0, r5
100060d2:	7841      	ldrb	r1, [r0, #1]
100060d4:	2000      	movs	r0, #0
100060d6:	f7fe ff63 	bl	10004fa0 <usbd_edpt_release>
100060da:	2000      	movs	r0, #0
100060dc:	e7aa      	b.n	10006034 <tud_vendor_n_write_flush+0x14>
100060de:	46c0      	nop			; (mov r8, r8)
100060e0:	200012c4 	.word	0x200012c4
100060e4:	10008104 	.word	0x10008104
100060e8:	10007ee0 	.word	0x10007ee0

100060ec <vendord_init>:
100060ec:	b5f0      	push	{r4, r5, r6, r7, lr}
100060ee:	46ce      	mov	lr, r9
100060f0:	4647      	mov	r7, r8
100060f2:	b580      	push	{r7, lr}
100060f4:	b083      	sub	sp, #12
100060f6:	22af      	movs	r2, #175	; 0xaf
100060f8:	0092      	lsls	r2, r2, #2
100060fa:	2100      	movs	r1, #0
100060fc:	4822      	ldr	r0, [pc, #136]	; (10006188 <vendord_init+0x9c>)
100060fe:	f7fc fc0f 	bl	10002920 <__wrap_memset>
10006102:	2500      	movs	r5, #0
10006104:	2d00      	cmp	r5, #0
10006106:	d004      	beq.n	10006112 <vendord_init+0x26>
10006108:	b003      	add	sp, #12
1000610a:	bcc0      	pop	{r6, r7}
1000610c:	46b9      	mov	r9, r7
1000610e:	46b0      	mov	r8, r6
10006110:	bdf0      	pop	{r4, r5, r6, r7, pc}
10006112:	24af      	movs	r4, #175	; 0xaf
10006114:	00a4      	lsls	r4, r4, #2
10006116:	436c      	muls	r4, r5
10006118:	0021      	movs	r1, r4
1000611a:	3128      	adds	r1, #40	; 0x28
1000611c:	4b1a      	ldr	r3, [pc, #104]	; (10006188 <vendord_init+0x9c>)
1000611e:	4699      	mov	r9, r3
10006120:	4449      	add	r1, r9
10006122:	3104      	adds	r1, #4
10006124:	2680      	movs	r6, #128	; 0x80
10006126:	0076      	lsls	r6, r6, #1
10006128:	18e7      	adds	r7, r4, r3
1000612a:	1d38      	adds	r0, r7, #4
1000612c:	2300      	movs	r3, #0
1000612e:	4698      	mov	r8, r3
10006130:	9300      	str	r3, [sp, #0]
10006132:	3301      	adds	r3, #1
10006134:	0032      	movs	r2, r6
10006136:	f000 fb72 	bl	1000681e <tu_fifo_config>
1000613a:	0021      	movs	r1, r4
1000613c:	3129      	adds	r1, #41	; 0x29
1000613e:	31ff      	adds	r1, #255	; 0xff
10006140:	4449      	add	r1, r9
10006142:	3104      	adds	r1, #4
10006144:	0020      	movs	r0, r4
10006146:	3018      	adds	r0, #24
10006148:	4448      	add	r0, r9
1000614a:	4643      	mov	r3, r8
1000614c:	9300      	str	r3, [sp, #0]
1000614e:	3301      	adds	r3, #1
10006150:	0032      	movs	r2, r6
10006152:	f000 fb64 	bl	1000681e <tu_fifo_config>
10006156:	238a      	movs	r3, #138	; 0x8a
10006158:	009b      	lsls	r3, r3, #2
1000615a:	18e6      	adds	r6, r4, r3
1000615c:	444e      	add	r6, r9
1000615e:	3604      	adds	r6, #4
10006160:	0030      	movs	r0, r6
10006162:	f7fa fd79 	bl	10000c58 <mutex_init>
10006166:	238c      	movs	r3, #140	; 0x8c
10006168:	009b      	lsls	r3, r3, #2
1000616a:	469c      	mov	ip, r3
1000616c:	4464      	add	r4, ip
1000616e:	444c      	add	r4, r9
10006170:	3404      	adds	r4, #4
10006172:	0020      	movs	r0, r4
10006174:	f7fa fd70 	bl	10000c58 <mutex_init>
10006178:	4643      	mov	r3, r8
1000617a:	613b      	str	r3, [r7, #16]
1000617c:	617e      	str	r6, [r7, #20]
1000617e:	627c      	str	r4, [r7, #36]	; 0x24
10006180:	62bb      	str	r3, [r7, #40]	; 0x28
10006182:	3501      	adds	r5, #1
10006184:	b2ed      	uxtb	r5, r5
10006186:	e7bd      	b.n	10006104 <vendord_init+0x18>
10006188:	200012c4 	.word	0x200012c4

1000618c <vendord_deinit>:
1000618c:	b510      	push	{r4, lr}
1000618e:	2300      	movs	r3, #0
10006190:	2b00      	cmp	r3, #0
10006192:	d001      	beq.n	10006198 <vendord_deinit+0xc>
10006194:	2001      	movs	r0, #1
10006196:	bd10      	pop	{r4, pc}
10006198:	0018      	movs	r0, r3
1000619a:	21af      	movs	r1, #175	; 0xaf
1000619c:	0089      	lsls	r1, r1, #2
1000619e:	4359      	muls	r1, r3
100061a0:	4a0d      	ldr	r2, [pc, #52]	; (100061d8 <vendord_deinit+0x4c>)
100061a2:	1852      	adds	r2, r2, r1
100061a4:	6951      	ldr	r1, [r2, #20]
100061a6:	6a54      	ldr	r4, [r2, #36]	; 0x24
100061a8:	2900      	cmp	r1, #0
100061aa:	d007      	beq.n	100061bc <vendord_deinit+0x30>
100061ac:	22af      	movs	r2, #175	; 0xaf
100061ae:	0092      	lsls	r2, r2, #2
100061b0:	435a      	muls	r2, r3
100061b2:	4909      	ldr	r1, [pc, #36]	; (100061d8 <vendord_deinit+0x4c>)
100061b4:	1889      	adds	r1, r1, r2
100061b6:	2200      	movs	r2, #0
100061b8:	610a      	str	r2, [r1, #16]
100061ba:	614a      	str	r2, [r1, #20]
100061bc:	2c00      	cmp	r4, #0
100061be:	d007      	beq.n	100061d0 <vendord_deinit+0x44>
100061c0:	22af      	movs	r2, #175	; 0xaf
100061c2:	0092      	lsls	r2, r2, #2
100061c4:	4350      	muls	r0, r2
100061c6:	4a04      	ldr	r2, [pc, #16]	; (100061d8 <vendord_deinit+0x4c>)
100061c8:	1812      	adds	r2, r2, r0
100061ca:	2100      	movs	r1, #0
100061cc:	6251      	str	r1, [r2, #36]	; 0x24
100061ce:	6291      	str	r1, [r2, #40]	; 0x28
100061d0:	3301      	adds	r3, #1
100061d2:	b2db      	uxtb	r3, r3
100061d4:	e7dc      	b.n	10006190 <vendord_deinit+0x4>
100061d6:	46c0      	nop			; (mov r8, r8)
100061d8:	200012c4 	.word	0x200012c4

100061dc <vendord_reset>:
100061dc:	b5f8      	push	{r3, r4, r5, r6, r7, lr}
100061de:	2500      	movs	r5, #0
100061e0:	2d00      	cmp	r5, #0
100061e2:	d000      	beq.n	100061e6 <vendord_reset+0xa>
100061e4:	bdf8      	pop	{r3, r4, r5, r6, r7, pc}
100061e6:	24af      	movs	r4, #175	; 0xaf
100061e8:	00a4      	lsls	r4, r4, #2
100061ea:	436c      	muls	r4, r5
100061ec:	4f08      	ldr	r7, [pc, #32]	; (10006210 <vendord_reset+0x34>)
100061ee:	19e6      	adds	r6, r4, r7
100061f0:	2204      	movs	r2, #4
100061f2:	2100      	movs	r1, #0
100061f4:	0030      	movs	r0, r6
100061f6:	f7fc fb93 	bl	10002920 <__wrap_memset>
100061fa:	1d30      	adds	r0, r6, #4
100061fc:	f000 fbf1 	bl	100069e2 <tu_fifo_clear>
10006200:	0020      	movs	r0, r4
10006202:	3018      	adds	r0, #24
10006204:	19c0      	adds	r0, r0, r7
10006206:	f000 fbec 	bl	100069e2 <tu_fifo_clear>
1000620a:	3501      	adds	r5, #1
1000620c:	b2ed      	uxtb	r5, r5
1000620e:	e7e7      	b.n	100061e0 <vendord_reset+0x4>
10006210:	200012c4 	.word	0x200012c4

10006214 <vendord_open>:
10006214:	b5f0      	push	{r4, r5, r6, r7, lr}
10006216:	b083      	sub	sp, #12
10006218:	000d      	movs	r5, r1
1000621a:	794b      	ldrb	r3, [r1, #5]
1000621c:	2bff      	cmp	r3, #255	; 0xff
1000621e:	d157      	bne.n	100062d0 <vendord_open+0xbc>
10006220:	780c      	ldrb	r4, [r1, #0]
10006222:	190c      	adds	r4, r1, r4
10006224:	18a3      	adds	r3, r4, r2
10006226:	2200      	movs	r2, #0
10006228:	2a00      	cmp	r2, #0
1000622a:	d00a      	beq.n	10006242 <vendord_open+0x2e>
1000622c:	2700      	movs	r7, #0
1000622e:	2f00      	cmp	r7, #0
10006230:	d051      	beq.n	100062d6 <vendord_open+0xc2>
10006232:	78aa      	ldrb	r2, [r5, #2]
10006234:	703a      	strb	r2, [r7, #0]
10006236:	792a      	ldrb	r2, [r5, #4]
10006238:	2a00      	cmp	r2, #0
1000623a:	d11b      	bne.n	10006274 <vendord_open+0x60>
1000623c:	1b60      	subs	r0, r4, r5
1000623e:	b280      	uxth	r0, r0
10006240:	e047      	b.n	100062d2 <vendord_open+0xbe>
10006242:	27af      	movs	r7, #175	; 0xaf
10006244:	00bf      	lsls	r7, r7, #2
10006246:	4357      	muls	r7, r2
10006248:	4924      	ldr	r1, [pc, #144]	; (100062dc <vendord_open+0xc8>)
1000624a:	19c9      	adds	r1, r1, r7
1000624c:	7849      	ldrb	r1, [r1, #1]
1000624e:	2900      	cmp	r1, #0
10006250:	d107      	bne.n	10006262 <vendord_open+0x4e>
10006252:	27af      	movs	r7, #175	; 0xaf
10006254:	00bf      	lsls	r7, r7, #2
10006256:	4357      	muls	r7, r2
10006258:	4920      	ldr	r1, [pc, #128]	; (100062dc <vendord_open+0xc8>)
1000625a:	19c9      	adds	r1, r1, r7
1000625c:	7889      	ldrb	r1, [r1, #2]
1000625e:	2900      	cmp	r1, #0
10006260:	d002      	beq.n	10006268 <vendord_open+0x54>
10006262:	3201      	adds	r2, #1
10006264:	b2d2      	uxtb	r2, r2
10006266:	e7df      	b.n	10006228 <vendord_open+0x14>
10006268:	003a      	movs	r2, r7
1000626a:	4f1c      	ldr	r7, [pc, #112]	; (100062dc <vendord_open+0xc8>)
1000626c:	19d7      	adds	r7, r2, r7
1000626e:	e7de      	b.n	1000622e <vendord_open+0x1a>
10006270:	7821      	ldrb	r1, [r4, #0]
10006272:	1864      	adds	r4, r4, r1
10006274:	7861      	ldrb	r1, [r4, #1]
10006276:	2905      	cmp	r1, #5
10006278:	d001      	beq.n	1000627e <vendord_open+0x6a>
1000627a:	429c      	cmp	r4, r3
1000627c:	d3f8      	bcc.n	10006270 <vendord_open+0x5c>
1000627e:	1c7b      	adds	r3, r7, #1
10006280:	9301      	str	r3, [sp, #4]
10006282:	1cbb      	adds	r3, r7, #2
10006284:	9300      	str	r3, [sp, #0]
10006286:	2302      	movs	r3, #2
10006288:	0021      	movs	r1, r4
1000628a:	f7fe fe2f 	bl	10004eec <usbd_open_edpt_pair>
1000628e:	2800      	cmp	r0, #0
10006290:	d012      	beq.n	100062b8 <vendord_open+0xa4>
10006292:	792a      	ldrb	r2, [r5, #4]
10006294:	00d3      	lsls	r3, r2, #3
10006296:	1a9b      	subs	r3, r3, r2
10006298:	18e4      	adds	r4, r4, r3
1000629a:	78bb      	ldrb	r3, [r7, #2]
1000629c:	2b00      	cmp	r3, #0
1000629e:	d113      	bne.n	100062c8 <vendord_open+0xb4>
100062a0:	787b      	ldrb	r3, [r7, #1]
100062a2:	2b00      	cmp	r3, #0
100062a4:	d0ca      	beq.n	1000623c <vendord_open+0x28>
100062a6:	480d      	ldr	r0, [pc, #52]	; (100062dc <vendord_open+0xc8>)
100062a8:	1a38      	subs	r0, r7, r0
100062aa:	1080      	asrs	r0, r0, #2
100062ac:	4f0c      	ldr	r7, [pc, #48]	; (100062e0 <vendord_open+0xcc>)
100062ae:	4378      	muls	r0, r7
100062b0:	b2c0      	uxtb	r0, r0
100062b2:	f7ff feb5 	bl	10006020 <tud_vendor_n_write_flush>
100062b6:	e7c1      	b.n	1000623c <vendord_open+0x28>
100062b8:	2282      	movs	r2, #130	; 0x82
100062ba:	0052      	lsls	r2, r2, #1
100062bc:	4909      	ldr	r1, [pc, #36]	; (100062e4 <vendord_open+0xd0>)
100062be:	480a      	ldr	r0, [pc, #40]	; (100062e8 <vendord_open+0xd4>)
100062c0:	f7fd fd52 	bl	10003d68 <__wrap_printf>
100062c4:	2000      	movs	r0, #0
100062c6:	e004      	b.n	100062d2 <vendord_open+0xbe>
100062c8:	0038      	movs	r0, r7
100062ca:	f7ff fe8b 	bl	10005fe4 <_prep_out_transaction>
100062ce:	e7e7      	b.n	100062a0 <vendord_open+0x8c>
100062d0:	2000      	movs	r0, #0
100062d2:	b003      	add	sp, #12
100062d4:	bdf0      	pop	{r4, r5, r6, r7, pc}
100062d6:	2000      	movs	r0, #0
100062d8:	e7fb      	b.n	100062d2 <vendord_open+0xbe>
100062da:	46c0      	nop			; (mov r8, r8)
100062dc:	200012c4 	.word	0x200012c4
100062e0:	1bcb564f 	.word	0x1bcb564f
100062e4:	100080f4 	.word	0x100080f4
100062e8:	10007ee0 	.word	0x10007ee0

100062ec <vendord_xfer_cb>:
100062ec:	b5f8      	push	{r3, r4, r5, r6, r7, lr}
100062ee:	0005      	movs	r5, r0
100062f0:	001e      	movs	r6, r3
100062f2:	4f2d      	ldr	r7, [pc, #180]	; (100063a8 <vendord_xfer_cb+0xbc>)
100062f4:	2400      	movs	r4, #0
100062f6:	2c00      	cmp	r4, #0
100062f8:	d14f      	bne.n	1000639a <vendord_xfer_cb+0xae>
100062fa:	78bb      	ldrb	r3, [r7, #2]
100062fc:	428b      	cmp	r3, r1
100062fe:	d009      	beq.n	10006314 <vendord_xfer_cb+0x28>
10006300:	787a      	ldrb	r2, [r7, #1]
10006302:	428a      	cmp	r2, r1
10006304:	d006      	beq.n	10006314 <vendord_xfer_cb+0x28>
10006306:	3401      	adds	r4, #1
10006308:	b2e4      	uxtb	r4, r4
1000630a:	23af      	movs	r3, #175	; 0xaf
1000630c:	009b      	lsls	r3, r3, #2
1000630e:	469c      	mov	ip, r3
10006310:	4467      	add	r7, ip
10006312:	e7f0      	b.n	100062f6 <vendord_xfer_cb+0xa>
10006314:	428b      	cmp	r3, r1
10006316:	d004      	beq.n	10006322 <vendord_xfer_cb+0x36>
10006318:	787b      	ldrb	r3, [r7, #1]
1000631a:	428b      	cmp	r3, r1
1000631c:	d013      	beq.n	10006346 <vendord_xfer_cb+0x5a>
1000631e:	2401      	movs	r4, #1
10006320:	e03c      	b.n	1000639c <vendord_xfer_cb+0xb0>
10006322:	238f      	movs	r3, #143	; 0x8f
10006324:	009b      	lsls	r3, r3, #2
10006326:	18f9      	adds	r1, r7, r3
10006328:	b2b2      	uxth	r2, r6
1000632a:	1d38      	adds	r0, r7, #4
1000632c:	f000 fb54 	bl	100069d8 <tu_fifo_write_n>
10006330:	4b1e      	ldr	r3, [pc, #120]	; (100063ac <vendord_xfer_cb+0xc0>)
10006332:	2b00      	cmp	r3, #0
10006334:	d002      	beq.n	1000633c <vendord_xfer_cb+0x50>
10006336:	0020      	movs	r0, r4
10006338:	e000      	b.n	1000633c <vendord_xfer_cb+0x50>
1000633a:	bf00      	nop
1000633c:	0038      	movs	r0, r7
1000633e:	f7ff fe51 	bl	10005fe4 <_prep_out_transaction>
10006342:	2401      	movs	r4, #1
10006344:	e02a      	b.n	1000639c <vendord_xfer_cb+0xb0>
10006346:	4b1a      	ldr	r3, [pc, #104]	; (100063b0 <vendord_xfer_cb+0xc4>)
10006348:	2b00      	cmp	r3, #0
1000634a:	d004      	beq.n	10006356 <vendord_xfer_cb+0x6a>
1000634c:	0431      	lsls	r1, r6, #16
1000634e:	0c09      	lsrs	r1, r1, #16
10006350:	0020      	movs	r0, r4
10006352:	e000      	b.n	10006356 <vendord_xfer_cb+0x6a>
10006354:	bf00      	nop
10006356:	0020      	movs	r0, r4
10006358:	f7ff fe62 	bl	10006020 <tud_vendor_n_write_flush>
1000635c:	2800      	cmp	r0, #0
1000635e:	d001      	beq.n	10006364 <vendord_xfer_cb+0x78>
10006360:	2401      	movs	r4, #1
10006362:	e01b      	b.n	1000639c <vendord_xfer_cb+0xb0>
10006364:	0038      	movs	r0, r7
10006366:	3018      	adds	r0, #24
10006368:	f000 fa97 	bl	1000689a <tu_fifo_count>
1000636c:	2800      	cmp	r0, #0
1000636e:	d117      	bne.n	100063a0 <vendord_xfer_cb+0xb4>
10006370:	2e00      	cmp	r6, #0
10006372:	d017      	beq.n	100063a4 <vendord_xfer_cb+0xb8>
10006374:	06b3      	lsls	r3, r6, #26
10006376:	d001      	beq.n	1000637c <vendord_xfer_cb+0x90>
10006378:	2401      	movs	r4, #1
1000637a:	e00f      	b.n	1000639c <vendord_xfer_cb+0xb0>
1000637c:	7879      	ldrb	r1, [r7, #1]
1000637e:	0028      	movs	r0, r5
10006380:	f7fe fdfa 	bl	10004f78 <usbd_edpt_claim>
10006384:	1e04      	subs	r4, r0, #0
10006386:	d101      	bne.n	1000638c <vendord_xfer_cb+0xa0>
10006388:	2401      	movs	r4, #1
1000638a:	e007      	b.n	1000639c <vendord_xfer_cb+0xb0>
1000638c:	7879      	ldrb	r1, [r7, #1]
1000638e:	2300      	movs	r3, #0
10006390:	001a      	movs	r2, r3
10006392:	0028      	movs	r0, r5
10006394:	f7fe fe18 	bl	10004fc8 <usbd_edpt_xfer>
10006398:	e000      	b.n	1000639c <vendord_xfer_cb+0xb0>
1000639a:	2400      	movs	r4, #0
1000639c:	0020      	movs	r0, r4
1000639e:	bdf8      	pop	{r3, r4, r5, r6, r7, pc}
100063a0:	2401      	movs	r4, #1
100063a2:	e7fb      	b.n	1000639c <vendord_xfer_cb+0xb0>
100063a4:	2401      	movs	r4, #1
100063a6:	e7f9      	b.n	1000639c <vendord_xfer_cb+0xb0>
100063a8:	200012c4 	.word	0x200012c4
	...

100063b4 <tusb_init>:
100063b4:	b510      	push	{r4, lr}
100063b6:	2000      	movs	r0, #0
100063b8:	f7fe fcfa 	bl	10004db0 <tud_init>
100063bc:	1e04      	subs	r4, r0, #0
100063be:	d001      	beq.n	100063c4 <tusb_init+0x10>
100063c0:	0020      	movs	r0, r4
100063c2:	bd10      	pop	{r4, pc}
100063c4:	2231      	movs	r2, #49	; 0x31
100063c6:	4902      	ldr	r1, [pc, #8]	; (100063d0 <tusb_init+0x1c>)
100063c8:	4802      	ldr	r0, [pc, #8]	; (100063d4 <tusb_init+0x20>)
100063ca:	f7fd fccd 	bl	10003d68 <__wrap_printf>
100063ce:	e7f7      	b.n	100063c0 <tusb_init+0xc>
100063d0:	10008134 	.word	0x10008134
100063d4:	10007ee0 	.word	0x10007ee0

100063d8 <tu_edpt_claim>:
100063d8:	b570      	push	{r4, r5, r6, lr}
100063da:	0004      	movs	r4, r0
100063dc:	000d      	movs	r5, r1
100063de:	7803      	ldrb	r3, [r0, #0]
100063e0:	07db      	lsls	r3, r3, #31
100063e2:	0fde      	lsrs	r6, r3, #31
100063e4:	2b00      	cmp	r3, #0
100063e6:	d11c      	bne.n	10006422 <tu_edpt_claim+0x4a>
100063e8:	7803      	ldrb	r3, [r0, #0]
100063ea:	075b      	lsls	r3, r3, #29
100063ec:	d41a      	bmi.n	10006424 <tu_edpt_claim+0x4c>
100063ee:	2101      	movs	r1, #1
100063f0:	4249      	negs	r1, r1
100063f2:	0028      	movs	r0, r5
100063f4:	f000 fbb0 	bl	10006b58 <__mutex_enter_timeout_ms_veneer>
100063f8:	7823      	ldrb	r3, [r4, #0]
100063fa:	07db      	lsls	r3, r3, #31
100063fc:	d404      	bmi.n	10006408 <tu_edpt_claim+0x30>
100063fe:	7823      	ldrb	r3, [r4, #0]
10006400:	075b      	lsls	r3, r3, #29
10006402:	d50c      	bpl.n	1000641e <tu_edpt_claim+0x46>
10006404:	2600      	movs	r6, #0
10006406:	e000      	b.n	1000640a <tu_edpt_claim+0x32>
10006408:	2600      	movs	r6, #0
1000640a:	2e00      	cmp	r6, #0
1000640c:	d003      	beq.n	10006416 <tu_edpt_claim+0x3e>
1000640e:	7823      	ldrb	r3, [r4, #0]
10006410:	2204      	movs	r2, #4
10006412:	4313      	orrs	r3, r2
10006414:	7023      	strb	r3, [r4, #0]
10006416:	0028      	movs	r0, r5
10006418:	f000 fb6e 	bl	10006af8 <__mutex_exit_veneer>
1000641c:	e002      	b.n	10006424 <tu_edpt_claim+0x4c>
1000641e:	2601      	movs	r6, #1
10006420:	e7f3      	b.n	1000640a <tu_edpt_claim+0x32>
10006422:	2600      	movs	r6, #0
10006424:	0030      	movs	r0, r6
10006426:	bd70      	pop	{r4, r5, r6, pc}

10006428 <tu_edpt_release>:
10006428:	b570      	push	{r4, r5, r6, lr}
1000642a:	0004      	movs	r4, r0
1000642c:	000e      	movs	r6, r1
1000642e:	2101      	movs	r1, #1
10006430:	4249      	negs	r1, r1
10006432:	0030      	movs	r0, r6
10006434:	f000 fb90 	bl	10006b58 <__mutex_enter_timeout_ms_veneer>
10006438:	7823      	ldrb	r3, [r4, #0]
1000643a:	075b      	lsls	r3, r3, #29
1000643c:	d40b      	bmi.n	10006456 <tu_edpt_release+0x2e>
1000643e:	2500      	movs	r5, #0
10006440:	2d00      	cmp	r5, #0
10006442:	d003      	beq.n	1000644c <tu_edpt_release+0x24>
10006444:	7823      	ldrb	r3, [r4, #0]
10006446:	2204      	movs	r2, #4
10006448:	4393      	bics	r3, r2
1000644a:	7023      	strb	r3, [r4, #0]
1000644c:	0030      	movs	r0, r6
1000644e:	f000 fb53 	bl	10006af8 <__mutex_exit_veneer>
10006452:	0028      	movs	r0, r5
10006454:	bd70      	pop	{r4, r5, r6, pc}
10006456:	7823      	ldrb	r3, [r4, #0]
10006458:	07db      	lsls	r3, r3, #31
1000645a:	d501      	bpl.n	10006460 <tu_edpt_release+0x38>
1000645c:	2500      	movs	r5, #0
1000645e:	e7ef      	b.n	10006440 <tu_edpt_release+0x18>
10006460:	2501      	movs	r5, #1
10006462:	e7ed      	b.n	10006440 <tu_edpt_release+0x18>

10006464 <tu_edpt_validate>:
10006464:	b510      	push	{r4, lr}
10006466:	7904      	ldrb	r4, [r0, #4]
10006468:	7943      	ldrb	r3, [r0, #5]
1000646a:	021b      	lsls	r3, r3, #8
1000646c:	4323      	orrs	r3, r4
1000646e:	055b      	lsls	r3, r3, #21
10006470:	0d5b      	lsrs	r3, r3, #21
10006472:	78c2      	ldrb	r2, [r0, #3]
10006474:	0792      	lsls	r2, r2, #30
10006476:	0f92      	lsrs	r2, r2, #30
10006478:	2a02      	cmp	r2, #2
1000647a:	d016      	beq.n	100064aa <tu_edpt_validate+0x46>
1000647c:	2a03      	cmp	r2, #3
1000647e:	d02f      	beq.n	100064e0 <tu_edpt_validate+0x7c>
10006480:	2a01      	cmp	r2, #1
10006482:	d001      	beq.n	10006488 <tu_edpt_validate+0x24>
10006484:	2000      	movs	r0, #0
10006486:	bd10      	pop	{r4, pc}
10006488:	2902      	cmp	r1, #2
1000648a:	d004      	beq.n	10006496 <tu_edpt_validate+0x32>
1000648c:	4a1d      	ldr	r2, [pc, #116]	; (10006504 <tu_edpt_validate+0xa0>)
1000648e:	429a      	cmp	r2, r3
10006490:	d304      	bcc.n	1000649c <tu_edpt_validate+0x38>
10006492:	2001      	movs	r0, #1
10006494:	e7f7      	b.n	10006486 <tu_edpt_validate+0x22>
10006496:	2280      	movs	r2, #128	; 0x80
10006498:	00d2      	lsls	r2, r2, #3
1000649a:	e7f8      	b.n	1000648e <tu_edpt_validate+0x2a>
1000649c:	2290      	movs	r2, #144	; 0x90
1000649e:	491a      	ldr	r1, [pc, #104]	; (10006508 <tu_edpt_validate+0xa4>)
100064a0:	481a      	ldr	r0, [pc, #104]	; (1000650c <tu_edpt_validate+0xa8>)
100064a2:	f7fd fc61 	bl	10003d68 <__wrap_printf>
100064a6:	2000      	movs	r0, #0
100064a8:	e7ed      	b.n	10006486 <tu_edpt_validate+0x22>
100064aa:	2902      	cmp	r1, #2
100064ac:	d003      	beq.n	100064b6 <tu_edpt_validate+0x52>
100064ae:	2b40      	cmp	r3, #64	; 0x40
100064b0:	d80f      	bhi.n	100064d2 <tu_edpt_validate+0x6e>
100064b2:	2001      	movs	r0, #1
100064b4:	e7e7      	b.n	10006486 <tu_edpt_validate+0x22>
100064b6:	2280      	movs	r2, #128	; 0x80
100064b8:	0092      	lsls	r2, r2, #2
100064ba:	4293      	cmp	r3, r2
100064bc:	d101      	bne.n	100064c2 <tu_edpt_validate+0x5e>
100064be:	2001      	movs	r0, #1
100064c0:	e7e1      	b.n	10006486 <tu_edpt_validate+0x22>
100064c2:	3a6a      	subs	r2, #106	; 0x6a
100064c4:	3aff      	subs	r2, #255	; 0xff
100064c6:	4910      	ldr	r1, [pc, #64]	; (10006508 <tu_edpt_validate+0xa4>)
100064c8:	4810      	ldr	r0, [pc, #64]	; (1000650c <tu_edpt_validate+0xa8>)
100064ca:	f7fd fc4d 	bl	10003d68 <__wrap_printf>
100064ce:	2000      	movs	r0, #0
100064d0:	e7d9      	b.n	10006486 <tu_edpt_validate+0x22>
100064d2:	229a      	movs	r2, #154	; 0x9a
100064d4:	490c      	ldr	r1, [pc, #48]	; (10006508 <tu_edpt_validate+0xa4>)
100064d6:	480d      	ldr	r0, [pc, #52]	; (1000650c <tu_edpt_validate+0xa8>)
100064d8:	f7fd fc46 	bl	10003d68 <__wrap_printf>
100064dc:	2000      	movs	r0, #0
100064de:	e7d2      	b.n	10006486 <tu_edpt_validate+0x22>
100064e0:	2902      	cmp	r1, #2
100064e2:	d004      	beq.n	100064ee <tu_edpt_validate+0x8a>
100064e4:	2240      	movs	r2, #64	; 0x40
100064e6:	429a      	cmp	r2, r3
100064e8:	d304      	bcc.n	100064f4 <tu_edpt_validate+0x90>
100064ea:	2001      	movs	r0, #1
100064ec:	e7cb      	b.n	10006486 <tu_edpt_validate+0x22>
100064ee:	2280      	movs	r2, #128	; 0x80
100064f0:	00d2      	lsls	r2, r2, #3
100064f2:	e7f8      	b.n	100064e6 <tu_edpt_validate+0x82>
100064f4:	22a0      	movs	r2, #160	; 0xa0
100064f6:	4904      	ldr	r1, [pc, #16]	; (10006508 <tu_edpt_validate+0xa4>)
100064f8:	4804      	ldr	r0, [pc, #16]	; (1000650c <tu_edpt_validate+0xa8>)
100064fa:	f7fd fc35 	bl	10003d68 <__wrap_printf>
100064fe:	2000      	movs	r0, #0
10006500:	e7c1      	b.n	10006486 <tu_edpt_validate+0x22>
10006502:	46c0      	nop			; (mov r8, r8)
10006504:	000003ff 	.word	0x000003ff
10006508:	10008120 	.word	0x10008120
1000650c:	10007ee0 	.word	0x10007ee0

10006510 <tu_edpt_bind_driver>:
10006510:	b530      	push	{r4, r5, lr}
10006512:	188a      	adds	r2, r1, r2
10006514:	e001      	b.n	1000651a <tu_edpt_bind_driver+0xa>
10006516:	780c      	ldrb	r4, [r1, #0]
10006518:	1909      	adds	r1, r1, r4
1000651a:	4291      	cmp	r1, r2
1000651c:	d20a      	bcs.n	10006534 <tu_edpt_bind_driver+0x24>
1000651e:	784c      	ldrb	r4, [r1, #1]
10006520:	2c05      	cmp	r4, #5
10006522:	d1f8      	bne.n	10006516 <tu_edpt_bind_driver+0x6>
10006524:	788d      	ldrb	r5, [r1, #2]
10006526:	347a      	adds	r4, #122	; 0x7a
10006528:	402c      	ands	r4, r5
1000652a:	0064      	lsls	r4, r4, #1
1000652c:	1904      	adds	r4, r0, r4
1000652e:	09ed      	lsrs	r5, r5, #7
10006530:	5563      	strb	r3, [r4, r5]
10006532:	e7f0      	b.n	10006516 <tu_edpt_bind_driver+0x6>
10006534:	bd30      	pop	{r4, r5, pc}

10006536 <advance_index>:
10006536:	0003      	movs	r3, r0
10006538:	188a      	adds	r2, r1, r2
1000653a:	b290      	uxth	r0, r2
1000653c:	4281      	cmp	r1, r0
1000653e:	d802      	bhi.n	10006546 <advance_index+0x10>
10006540:	005a      	lsls	r2, r3, #1
10006542:	4290      	cmp	r0, r2
10006544:	db03      	blt.n	1000654e <advance_index+0x18>
10006546:	005b      	lsls	r3, r3, #1
10006548:	b29b      	uxth	r3, r3
1000654a:	1ac0      	subs	r0, r0, r3
1000654c:	b280      	uxth	r0, r0
1000654e:	4770      	bx	lr

10006550 <_tu_fifo_peek>:
10006550:	b570      	push	{r4, r5, r6, lr}
10006552:	0005      	movs	r5, r0
10006554:	0008      	movs	r0, r1
10006556:	88ac      	ldrh	r4, [r5, #4]
10006558:	429a      	cmp	r2, r3
1000655a:	d30b      	bcc.n	10006574 <_tu_fifo_peek+0x24>
1000655c:	1ad1      	subs	r1, r2, r3
1000655e:	b289      	uxth	r1, r1
10006560:	2900      	cmp	r1, #0
10006562:	d01e      	beq.n	100065a2 <_tu_fifo_peek+0x52>
10006564:	428c      	cmp	r4, r1
10006566:	d210      	bcs.n	1000658a <_tu_fifo_peek+0x3a>
10006568:	4294      	cmp	r4, r2
1000656a:	d809      	bhi.n	10006580 <_tu_fifo_peek+0x30>
1000656c:	1b13      	subs	r3, r2, r4
1000656e:	b29b      	uxth	r3, r3
10006570:	816b      	strh	r3, [r5, #10]
10006572:	e00a      	b.n	1000658a <_tu_fifo_peek+0x3a>
10006574:	1ad1      	subs	r1, r2, r3
10006576:	b289      	uxth	r1, r1
10006578:	0066      	lsls	r6, r4, #1
1000657a:	1989      	adds	r1, r1, r6
1000657c:	b289      	uxth	r1, r1
1000657e:	e7ef      	b.n	10006560 <_tu_fifo_peek+0x10>
10006580:	18a2      	adds	r2, r4, r2
10006582:	b293      	uxth	r3, r2
10006584:	e7f4      	b.n	10006570 <_tu_fifo_peek+0x20>
10006586:	1b1b      	subs	r3, r3, r4
10006588:	b29b      	uxth	r3, r3
1000658a:	429c      	cmp	r4, r3
1000658c:	d9fb      	bls.n	10006586 <_tu_fifo_peek+0x36>
1000658e:	6829      	ldr	r1, [r5, #0]
10006590:	88ea      	ldrh	r2, [r5, #6]
10006592:	0452      	lsls	r2, r2, #17
10006594:	0c52      	lsrs	r2, r2, #17
10006596:	4353      	muls	r3, r2
10006598:	18c9      	adds	r1, r1, r3
1000659a:	f7fc f9c7 	bl	1000292c <__wrap___aeabi_memcpy>
1000659e:	2001      	movs	r0, #1
100065a0:	bd70      	pop	{r4, r5, r6, pc}
100065a2:	2000      	movs	r0, #0
100065a4:	e7fc      	b.n	100065a0 <_tu_fifo_peek+0x50>

100065a6 <_ff_pull_n>:
100065a6:	b5f8      	push	{r3, r4, r5, r6, r7, lr}
100065a8:	46ce      	mov	lr, r9
100065aa:	4647      	mov	r7, r8
100065ac:	b580      	push	{r7, lr}
100065ae:	0005      	movs	r5, r0
100065b0:	4688      	mov	r8, r1
100065b2:	a908      	add	r1, sp, #32
100065b4:	7809      	ldrb	r1, [r1, #0]
100065b6:	8884      	ldrh	r4, [r0, #4]
100065b8:	1ae0      	subs	r0, r4, r3
100065ba:	b280      	uxth	r0, r0
100065bc:	1b1c      	subs	r4, r3, r4
100065be:	1914      	adds	r4, r2, r4
100065c0:	b2a4      	uxth	r4, r4
100065c2:	88ef      	ldrh	r7, [r5, #6]
100065c4:	047f      	lsls	r7, r7, #17
100065c6:	0c7e      	lsrs	r6, r7, #17
100065c8:	0007      	movs	r7, r0
100065ca:	4377      	muls	r7, r6
100065cc:	b2bf      	uxth	r7, r7
100065ce:	4374      	muls	r4, r6
100065d0:	b2a4      	uxth	r4, r4
100065d2:	46a1      	mov	r9, r4
100065d4:	4373      	muls	r3, r6
100065d6:	682c      	ldr	r4, [r5, #0]
100065d8:	46a4      	mov	ip, r4
100065da:	4463      	add	r3, ip
100065dc:	2900      	cmp	r1, #0
100065de:	d106      	bne.n	100065ee <_ff_pull_n+0x48>
100065e0:	4290      	cmp	r0, r2
100065e2:	d308      	bcc.n	100065f6 <_ff_pull_n+0x50>
100065e4:	4372      	muls	r2, r6
100065e6:	0019      	movs	r1, r3
100065e8:	4640      	mov	r0, r8
100065ea:	f7fc f99f 	bl	1000292c <__wrap___aeabi_memcpy>
100065ee:	bcc0      	pop	{r6, r7}
100065f0:	46b9      	mov	r9, r7
100065f2:	46b0      	mov	r8, r6
100065f4:	bdf8      	pop	{r3, r4, r5, r6, r7, pc}
100065f6:	003a      	movs	r2, r7
100065f8:	0019      	movs	r1, r3
100065fa:	4644      	mov	r4, r8
100065fc:	4640      	mov	r0, r8
100065fe:	f7fc f995 	bl	1000292c <__wrap___aeabi_memcpy>
10006602:	6829      	ldr	r1, [r5, #0]
10006604:	19e0      	adds	r0, r4, r7
10006606:	464a      	mov	r2, r9
10006608:	f7fc f990 	bl	1000292c <__wrap___aeabi_memcpy>
1000660c:	e7ef      	b.n	100065ee <_ff_pull_n+0x48>

1000660e <_tu_fifo_peek_n>:
1000660e:	b5f0      	push	{r4, r5, r6, r7, lr}
10006610:	46c6      	mov	lr, r8
10006612:	b500      	push	{lr}
10006614:	b082      	sub	sp, #8
10006616:	001e      	movs	r6, r3
10006618:	ab08      	add	r3, sp, #32
1000661a:	881b      	ldrh	r3, [r3, #0]
1000661c:	ac09      	add	r4, sp, #36	; 0x24
1000661e:	7827      	ldrb	r7, [r4, #0]
10006620:	8884      	ldrh	r4, [r0, #4]
10006622:	429e      	cmp	r6, r3
10006624:	d30f      	bcc.n	10006646 <_tu_fifo_peek_n+0x38>
10006626:	1af5      	subs	r5, r6, r3
10006628:	b2ad      	uxth	r5, r5
1000662a:	2d00      	cmp	r5, #0
1000662c:	d01f      	beq.n	1000666e <_tu_fifo_peek_n+0x60>
1000662e:	42ac      	cmp	r4, r5
10006630:	d205      	bcs.n	1000663e <_tu_fifo_peek_n+0x30>
10006632:	42b4      	cmp	r4, r6
10006634:	d810      	bhi.n	10006658 <_tu_fifo_peek_n+0x4a>
10006636:	1b33      	subs	r3, r6, r4
10006638:	b29b      	uxth	r3, r3
1000663a:	8143      	strh	r3, [r0, #10]
1000663c:	0025      	movs	r5, r4
1000663e:	4295      	cmp	r5, r2
10006640:	d30f      	bcc.n	10006662 <_tu_fifo_peek_n+0x54>
10006642:	0015      	movs	r5, r2
10006644:	e00d      	b.n	10006662 <_tu_fifo_peek_n+0x54>
10006646:	1af5      	subs	r5, r6, r3
10006648:	b2ad      	uxth	r5, r5
1000664a:	46a8      	mov	r8, r5
1000664c:	0065      	lsls	r5, r4, #1
1000664e:	46ac      	mov	ip, r5
10006650:	4645      	mov	r5, r8
10006652:	4465      	add	r5, ip
10006654:	b2ad      	uxth	r5, r5
10006656:	e7e8      	b.n	1000662a <_tu_fifo_peek_n+0x1c>
10006658:	19a6      	adds	r6, r4, r6
1000665a:	b2b3      	uxth	r3, r6
1000665c:	e7ed      	b.n	1000663a <_tu_fifo_peek_n+0x2c>
1000665e:	1b1b      	subs	r3, r3, r4
10006660:	b29b      	uxth	r3, r3
10006662:	429c      	cmp	r4, r3
10006664:	d9fb      	bls.n	1000665e <_tu_fifo_peek_n+0x50>
10006666:	9700      	str	r7, [sp, #0]
10006668:	002a      	movs	r2, r5
1000666a:	f7ff ff9c 	bl	100065a6 <_ff_pull_n>
1000666e:	0028      	movs	r0, r5
10006670:	b002      	add	sp, #8
10006672:	bc80      	pop	{r7}
10006674:	46b8      	mov	r8, r7
10006676:	bdf0      	pop	{r4, r5, r6, r7, pc}

10006678 <_tu_fifo_read_n>:
10006678:	b5f0      	push	{r4, r5, r6, r7, lr}
1000667a:	b083      	sub	sp, #12
1000667c:	0004      	movs	r4, r0
1000667e:	000d      	movs	r5, r1
10006680:	0016      	movs	r6, r2
10006682:	001f      	movs	r7, r3
10006684:	6900      	ldr	r0, [r0, #16]
10006686:	2800      	cmp	r0, #0
10006688:	d003      	beq.n	10006692 <_tu_fifo_read_n+0x1a>
1000668a:	2101      	movs	r1, #1
1000668c:	4249      	negs	r1, r1
1000668e:	f000 fa63 	bl	10006b58 <__mutex_enter_timeout_ms_veneer>
10006692:	8923      	ldrh	r3, [r4, #8]
10006694:	b29b      	uxth	r3, r3
10006696:	8962      	ldrh	r2, [r4, #10]
10006698:	9701      	str	r7, [sp, #4]
1000669a:	9200      	str	r2, [sp, #0]
1000669c:	0032      	movs	r2, r6
1000669e:	0029      	movs	r1, r5
100066a0:	0020      	movs	r0, r4
100066a2:	f7ff ffb4 	bl	1000660e <_tu_fifo_peek_n>
100066a6:	0005      	movs	r5, r0
100066a8:	8961      	ldrh	r1, [r4, #10]
100066aa:	b289      	uxth	r1, r1
100066ac:	88a0      	ldrh	r0, [r4, #4]
100066ae:	002a      	movs	r2, r5
100066b0:	f7ff ff41 	bl	10006536 <advance_index>
100066b4:	8160      	strh	r0, [r4, #10]
100066b6:	6920      	ldr	r0, [r4, #16]
100066b8:	2800      	cmp	r0, #0
100066ba:	d001      	beq.n	100066c0 <_tu_fifo_read_n+0x48>
100066bc:	f000 fa1c 	bl	10006af8 <__mutex_exit_veneer>
100066c0:	0028      	movs	r0, r5
100066c2:	b003      	add	sp, #12
100066c4:	bdf0      	pop	{r4, r5, r6, r7, pc}

100066c6 <_ff_push_n>:
100066c6:	b5f8      	push	{r3, r4, r5, r6, r7, lr}
100066c8:	46ce      	mov	lr, r9
100066ca:	4647      	mov	r7, r8
100066cc:	b580      	push	{r7, lr}
100066ce:	0005      	movs	r5, r0
100066d0:	4688      	mov	r8, r1
100066d2:	a908      	add	r1, sp, #32
100066d4:	7808      	ldrb	r0, [r1, #0]
100066d6:	88ac      	ldrh	r4, [r5, #4]
100066d8:	1ae1      	subs	r1, r4, r3
100066da:	b289      	uxth	r1, r1
100066dc:	1b1c      	subs	r4, r3, r4
100066de:	1914      	adds	r4, r2, r4
100066e0:	b2a4      	uxth	r4, r4
100066e2:	88ef      	ldrh	r7, [r5, #6]
100066e4:	047f      	lsls	r7, r7, #17
100066e6:	0c7e      	lsrs	r6, r7, #17
100066e8:	000f      	movs	r7, r1
100066ea:	4377      	muls	r7, r6
100066ec:	b2bf      	uxth	r7, r7
100066ee:	4374      	muls	r4, r6
100066f0:	b2a4      	uxth	r4, r4
100066f2:	46a1      	mov	r9, r4
100066f4:	4373      	muls	r3, r6
100066f6:	682c      	ldr	r4, [r5, #0]
100066f8:	46a4      	mov	ip, r4
100066fa:	4463      	add	r3, ip
100066fc:	2800      	cmp	r0, #0
100066fe:	d106      	bne.n	1000670e <_ff_push_n+0x48>
10006700:	4291      	cmp	r1, r2
10006702:	d308      	bcc.n	10006716 <_ff_push_n+0x50>
10006704:	4372      	muls	r2, r6
10006706:	4641      	mov	r1, r8
10006708:	0018      	movs	r0, r3
1000670a:	f7fc f90f 	bl	1000292c <__wrap___aeabi_memcpy>
1000670e:	bcc0      	pop	{r6, r7}
10006710:	46b9      	mov	r9, r7
10006712:	46b0      	mov	r8, r6
10006714:	bdf8      	pop	{r3, r4, r5, r6, r7, pc}
10006716:	003a      	movs	r2, r7
10006718:	4644      	mov	r4, r8
1000671a:	4641      	mov	r1, r8
1000671c:	0018      	movs	r0, r3
1000671e:	f7fc f905 	bl	1000292c <__wrap___aeabi_memcpy>
10006722:	6828      	ldr	r0, [r5, #0]
10006724:	19e1      	adds	r1, r4, r7
10006726:	464a      	mov	r2, r9
10006728:	f7fc f900 	bl	1000292c <__wrap___aeabi_memcpy>
1000672c:	e7ef      	b.n	1000670e <_ff_push_n+0x48>

1000672e <_tu_fifo_write_n>:
1000672e:	b5f0      	push	{r4, r5, r6, r7, lr}
10006730:	b085      	sub	sp, #20
10006732:	0006      	movs	r6, r0
10006734:	9103      	str	r1, [sp, #12]
10006736:	1e15      	subs	r5, r2, #0
10006738:	9302      	str	r3, [sp, #8]
1000673a:	d100      	bne.n	1000673e <_tu_fifo_write_n+0x10>
1000673c:	e06d      	b.n	1000681a <_tu_fifo_write_n+0xec>
1000673e:	68c0      	ldr	r0, [r0, #12]
10006740:	2800      	cmp	r0, #0
10006742:	d003      	beq.n	1000674c <_tu_fifo_write_n+0x1e>
10006744:	2101      	movs	r1, #1
10006746:	4249      	negs	r1, r1
10006748:	f000 fa06 	bl	10006b58 <__mutex_enter_timeout_ms_veneer>
1000674c:	8934      	ldrh	r4, [r6, #8]
1000674e:	b2a4      	uxth	r4, r4
10006750:	8971      	ldrh	r1, [r6, #10]
10006752:	b289      	uxth	r1, r1
10006754:	79f3      	ldrb	r3, [r6, #7]
10006756:	09db      	lsrs	r3, r3, #7
10006758:	d11a      	bne.n	10006790 <_tu_fifo_write_n+0x62>
1000675a:	88b3      	ldrh	r3, [r6, #4]
1000675c:	428c      	cmp	r4, r1
1000675e:	d30f      	bcc.n	10006780 <_tu_fifo_write_n+0x52>
10006760:	1a61      	subs	r1, r4, r1
10006762:	b289      	uxth	r1, r1
10006764:	428b      	cmp	r3, r1
10006766:	d911      	bls.n	1000678c <_tu_fifo_write_n+0x5e>
10006768:	1a5b      	subs	r3, r3, r1
1000676a:	b29b      	uxth	r3, r3
1000676c:	1c2f      	adds	r7, r5, #0
1000676e:	429d      	cmp	r5, r3
10006770:	d900      	bls.n	10006774 <_tu_fifo_write_n+0x46>
10006772:	1c1f      	adds	r7, r3, #0
10006774:	b2bf      	uxth	r7, r7
10006776:	2f00      	cmp	r7, #0
10006778:	d047      	beq.n	1000680a <_tu_fifo_write_n+0xdc>
1000677a:	88b2      	ldrh	r2, [r6, #4]
1000677c:	0023      	movs	r3, r4
1000677e:	e035      	b.n	100067ec <_tu_fifo_write_n+0xbe>
10006780:	1a61      	subs	r1, r4, r1
10006782:	b289      	uxth	r1, r1
10006784:	005a      	lsls	r2, r3, #1
10006786:	1889      	adds	r1, r1, r2
10006788:	b289      	uxth	r1, r1
1000678a:	e7eb      	b.n	10006764 <_tu_fifo_write_n+0x36>
1000678c:	2300      	movs	r3, #0
1000678e:	e7ed      	b.n	1000676c <_tu_fifo_write_n+0x3e>
10006790:	88b7      	ldrh	r7, [r6, #4]
10006792:	42af      	cmp	r7, r5
10006794:	d80e      	bhi.n	100067b4 <_tu_fifo_write_n+0x86>
10006796:	9b02      	ldr	r3, [sp, #8]
10006798:	2b00      	cmp	r3, #0
1000679a:	d121      	bne.n	100067e0 <_tu_fifo_write_n+0xb2>
1000679c:	1bed      	subs	r5, r5, r7
1000679e:	88f3      	ldrh	r3, [r6, #6]
100067a0:	045b      	lsls	r3, r3, #17
100067a2:	0c5a      	lsrs	r2, r3, #17
100067a4:	436a      	muls	r2, r5
100067a6:	9b03      	ldr	r3, [sp, #12]
100067a8:	469c      	mov	ip, r3
100067aa:	4494      	add	ip, r2
100067ac:	4663      	mov	r3, ip
100067ae:	9303      	str	r3, [sp, #12]
100067b0:	000c      	movs	r4, r1
100067b2:	e7e0      	b.n	10006776 <_tu_fifo_write_n+0x48>
100067b4:	428c      	cmp	r4, r1
100067b6:	d30d      	bcc.n	100067d4 <_tu_fifo_write_n+0xa6>
100067b8:	1a63      	subs	r3, r4, r1
100067ba:	b29b      	uxth	r3, r3
100067bc:	195b      	adds	r3, r3, r5
100067be:	007a      	lsls	r2, r7, #1
100067c0:	4293      	cmp	r3, r2
100067c2:	db0f      	blt.n	100067e4 <_tu_fifo_write_n+0xb6>
100067c4:	1b7a      	subs	r2, r7, r5
100067c6:	b292      	uxth	r2, r2
100067c8:	0038      	movs	r0, r7
100067ca:	f7ff feb4 	bl	10006536 <advance_index>
100067ce:	0004      	movs	r4, r0
100067d0:	002f      	movs	r7, r5
100067d2:	e7d0      	b.n	10006776 <_tu_fifo_write_n+0x48>
100067d4:	1a63      	subs	r3, r4, r1
100067d6:	b29b      	uxth	r3, r3
100067d8:	007a      	lsls	r2, r7, #1
100067da:	189b      	adds	r3, r3, r2
100067dc:	b29b      	uxth	r3, r3
100067de:	e7ed      	b.n	100067bc <_tu_fifo_write_n+0x8e>
100067e0:	000c      	movs	r4, r1
100067e2:	e7c8      	b.n	10006776 <_tu_fifo_write_n+0x48>
100067e4:	002f      	movs	r7, r5
100067e6:	e7c6      	b.n	10006776 <_tu_fifo_write_n+0x48>
100067e8:	1a9b      	subs	r3, r3, r2
100067ea:	b29b      	uxth	r3, r3
100067ec:	429a      	cmp	r2, r3
100067ee:	d9fb      	bls.n	100067e8 <_tu_fifo_write_n+0xba>
100067f0:	9a02      	ldr	r2, [sp, #8]
100067f2:	9200      	str	r2, [sp, #0]
100067f4:	003a      	movs	r2, r7
100067f6:	9903      	ldr	r1, [sp, #12]
100067f8:	0030      	movs	r0, r6
100067fa:	f7ff ff64 	bl	100066c6 <_ff_push_n>
100067fe:	88b0      	ldrh	r0, [r6, #4]
10006800:	003a      	movs	r2, r7
10006802:	0021      	movs	r1, r4
10006804:	f7ff fe97 	bl	10006536 <advance_index>
10006808:	8130      	strh	r0, [r6, #8]
1000680a:	68f0      	ldr	r0, [r6, #12]
1000680c:	2800      	cmp	r0, #0
1000680e:	d001      	beq.n	10006814 <_tu_fifo_write_n+0xe6>
10006810:	f000 f972 	bl	10006af8 <__mutex_exit_veneer>
10006814:	0038      	movs	r0, r7
10006816:	b005      	add	sp, #20
10006818:	bdf0      	pop	{r4, r5, r6, r7, pc}
1000681a:	0017      	movs	r7, r2
1000681c:	e7fa      	b.n	10006814 <_tu_fifo_write_n+0xe6>

1000681e <tu_fifo_config>:
1000681e:	b5f0      	push	{r4, r5, r6, r7, lr}
10006820:	b083      	sub	sp, #12
10006822:	0004      	movs	r4, r0
10006824:	9101      	str	r1, [sp, #4]
10006826:	0016      	movs	r6, r2
10006828:	001d      	movs	r5, r3
1000682a:	ab08      	add	r3, sp, #32
1000682c:	781f      	ldrb	r7, [r3, #0]
1000682e:	2380      	movs	r3, #128	; 0x80
10006830:	021b      	lsls	r3, r3, #8
10006832:	429a      	cmp	r2, r3
10006834:	d82d      	bhi.n	10006892 <tu_fifo_config+0x74>
10006836:	68c0      	ldr	r0, [r0, #12]
10006838:	2800      	cmp	r0, #0
1000683a:	d003      	beq.n	10006844 <tu_fifo_config+0x26>
1000683c:	2101      	movs	r1, #1
1000683e:	4249      	negs	r1, r1
10006840:	f000 f98a 	bl	10006b58 <__mutex_enter_timeout_ms_veneer>
10006844:	6920      	ldr	r0, [r4, #16]
10006846:	2800      	cmp	r0, #0
10006848:	d003      	beq.n	10006852 <tu_fifo_config+0x34>
1000684a:	2101      	movs	r1, #1
1000684c:	4249      	negs	r1, r1
1000684e:	f000 f983 	bl	10006b58 <__mutex_enter_timeout_ms_veneer>
10006852:	9b01      	ldr	r3, [sp, #4]
10006854:	6023      	str	r3, [r4, #0]
10006856:	80a6      	strh	r6, [r4, #4]
10006858:	046d      	lsls	r5, r5, #17
1000685a:	0c6b      	lsrs	r3, r5, #17
1000685c:	88e2      	ldrh	r2, [r4, #6]
1000685e:	0bd2      	lsrs	r2, r2, #15
10006860:	03d5      	lsls	r5, r2, #15
10006862:	431d      	orrs	r5, r3
10006864:	80e5      	strh	r5, [r4, #6]
10006866:	01fb      	lsls	r3, r7, #7
10006868:	79e2      	ldrb	r2, [r4, #7]
1000686a:	277f      	movs	r7, #127	; 0x7f
1000686c:	4017      	ands	r7, r2
1000686e:	431f      	orrs	r7, r3
10006870:	71e7      	strb	r7, [r4, #7]
10006872:	2300      	movs	r3, #0
10006874:	8163      	strh	r3, [r4, #10]
10006876:	8123      	strh	r3, [r4, #8]
10006878:	68e0      	ldr	r0, [r4, #12]
1000687a:	2800      	cmp	r0, #0
1000687c:	d001      	beq.n	10006882 <tu_fifo_config+0x64>
1000687e:	f000 f93b 	bl	10006af8 <__mutex_exit_veneer>
10006882:	6920      	ldr	r0, [r4, #16]
10006884:	2800      	cmp	r0, #0
10006886:	d006      	beq.n	10006896 <tu_fifo_config+0x78>
10006888:	f000 f936 	bl	10006af8 <__mutex_exit_veneer>
1000688c:	2001      	movs	r0, #1
1000688e:	b003      	add	sp, #12
10006890:	bdf0      	pop	{r4, r5, r6, r7, pc}
10006892:	2000      	movs	r0, #0
10006894:	e7fb      	b.n	1000688e <tu_fifo_config+0x70>
10006896:	2001      	movs	r0, #1
10006898:	e7f9      	b.n	1000688e <tu_fifo_config+0x70>

1000689a <tu_fifo_count>:
1000689a:	8881      	ldrh	r1, [r0, #4]
1000689c:	8903      	ldrh	r3, [r0, #8]
1000689e:	b29b      	uxth	r3, r3
100068a0:	8942      	ldrh	r2, [r0, #10]
100068a2:	b292      	uxth	r2, r2
100068a4:	4293      	cmp	r3, r2
100068a6:	d307      	bcc.n	100068b8 <tu_fifo_count+0x1e>
100068a8:	1a9b      	subs	r3, r3, r2
100068aa:	b29b      	uxth	r3, r3
100068ac:	1c08      	adds	r0, r1, #0
100068ae:	4299      	cmp	r1, r3
100068b0:	d900      	bls.n	100068b4 <tu_fifo_count+0x1a>
100068b2:	1c18      	adds	r0, r3, #0
100068b4:	b280      	uxth	r0, r0
100068b6:	4770      	bx	lr
100068b8:	1a9b      	subs	r3, r3, r2
100068ba:	b29b      	uxth	r3, r3
100068bc:	004a      	lsls	r2, r1, #1
100068be:	189b      	adds	r3, r3, r2
100068c0:	b29b      	uxth	r3, r3
100068c2:	e7f3      	b.n	100068ac <tu_fifo_count+0x12>

100068c4 <tu_fifo_empty>:
100068c4:	0003      	movs	r3, r0
100068c6:	8900      	ldrh	r0, [r0, #8]
100068c8:	895b      	ldrh	r3, [r3, #10]
100068ca:	1ac0      	subs	r0, r0, r3
100068cc:	4243      	negs	r3, r0
100068ce:	4158      	adcs	r0, r3
100068d0:	b2c0      	uxtb	r0, r0
100068d2:	4770      	bx	lr

100068d4 <tu_fifo_full>:
100068d4:	8881      	ldrh	r1, [r0, #4]
100068d6:	8903      	ldrh	r3, [r0, #8]
100068d8:	b29b      	uxth	r3, r3
100068da:	8942      	ldrh	r2, [r0, #10]
100068dc:	b292      	uxth	r2, r2
100068de:	4293      	cmp	r3, r2
100068e0:	d306      	bcc.n	100068f0 <tu_fifo_full+0x1c>
100068e2:	1a9b      	subs	r3, r3, r2
100068e4:	b29b      	uxth	r3, r3
100068e6:	2000      	movs	r0, #0
100068e8:	428b      	cmp	r3, r1
100068ea:	4140      	adcs	r0, r0
100068ec:	b2c0      	uxtb	r0, r0
100068ee:	4770      	bx	lr
100068f0:	1a9b      	subs	r3, r3, r2
100068f2:	b29b      	uxth	r3, r3
100068f4:	004a      	lsls	r2, r1, #1
100068f6:	189b      	adds	r3, r3, r2
100068f8:	b29b      	uxth	r3, r3
100068fa:	e7f4      	b.n	100068e6 <tu_fifo_full+0x12>

100068fc <tu_fifo_remaining>:
100068fc:	8882      	ldrh	r2, [r0, #4]
100068fe:	8903      	ldrh	r3, [r0, #8]
10006900:	b29b      	uxth	r3, r3
10006902:	8940      	ldrh	r0, [r0, #10]
10006904:	b280      	uxth	r0, r0
10006906:	4283      	cmp	r3, r0
10006908:	d306      	bcc.n	10006918 <tu_fifo_remaining+0x1c>
1000690a:	1a1b      	subs	r3, r3, r0
1000690c:	b29b      	uxth	r3, r3
1000690e:	429a      	cmp	r2, r3
10006910:	d908      	bls.n	10006924 <tu_fifo_remaining+0x28>
10006912:	1ad3      	subs	r3, r2, r3
10006914:	b298      	uxth	r0, r3
10006916:	4770      	bx	lr
10006918:	1a1b      	subs	r3, r3, r0
1000691a:	b29b      	uxth	r3, r3
1000691c:	0050      	lsls	r0, r2, #1
1000691e:	181b      	adds	r3, r3, r0
10006920:	b29b      	uxth	r3, r3
10006922:	e7f4      	b.n	1000690e <tu_fifo_remaining+0x12>
10006924:	2000      	movs	r0, #0
10006926:	e7f6      	b.n	10006916 <tu_fifo_remaining+0x1a>

10006928 <tu_fifo_read>:
10006928:	b570      	push	{r4, r5, r6, lr}
1000692a:	0004      	movs	r4, r0
1000692c:	000d      	movs	r5, r1
1000692e:	6900      	ldr	r0, [r0, #16]
10006930:	2800      	cmp	r0, #0
10006932:	d003      	beq.n	1000693c <tu_fifo_read+0x14>
10006934:	2101      	movs	r1, #1
10006936:	4249      	negs	r1, r1
10006938:	f000 f90e 	bl	10006b58 <__mutex_enter_timeout_ms_veneer>
1000693c:	8922      	ldrh	r2, [r4, #8]
1000693e:	b292      	uxth	r2, r2
10006940:	8963      	ldrh	r3, [r4, #10]
10006942:	b29b      	uxth	r3, r3
10006944:	0029      	movs	r1, r5
10006946:	0020      	movs	r0, r4
10006948:	f7ff fe02 	bl	10006550 <_tu_fifo_peek>
1000694c:	0005      	movs	r5, r0
1000694e:	8961      	ldrh	r1, [r4, #10]
10006950:	b289      	uxth	r1, r1
10006952:	b282      	uxth	r2, r0
10006954:	88a0      	ldrh	r0, [r4, #4]
10006956:	f7ff fdee 	bl	10006536 <advance_index>
1000695a:	8160      	strh	r0, [r4, #10]
1000695c:	6920      	ldr	r0, [r4, #16]
1000695e:	2800      	cmp	r0, #0
10006960:	d001      	beq.n	10006966 <tu_fifo_read+0x3e>
10006962:	f000 f8c9 	bl	10006af8 <__mutex_exit_veneer>
10006966:	0028      	movs	r0, r5
10006968:	bd70      	pop	{r4, r5, r6, pc}

1000696a <tu_fifo_read_n>:
1000696a:	b510      	push	{r4, lr}
1000696c:	2300      	movs	r3, #0
1000696e:	f7ff fe83 	bl	10006678 <_tu_fifo_read_n>
10006972:	bd10      	pop	{r4, pc}

10006974 <tu_fifo_write>:
10006974:	b5f8      	push	{r3, r4, r5, r6, r7, lr}
10006976:	0004      	movs	r4, r0
10006978:	000e      	movs	r6, r1
1000697a:	68c0      	ldr	r0, [r0, #12]
1000697c:	2800      	cmp	r0, #0
1000697e:	d003      	beq.n	10006988 <tu_fifo_write+0x14>
10006980:	2101      	movs	r1, #1
10006982:	4249      	negs	r1, r1
10006984:	f000 f8e8 	bl	10006b58 <__mutex_enter_timeout_ms_veneer>
10006988:	8925      	ldrh	r5, [r4, #8]
1000698a:	b2ad      	uxth	r5, r5
1000698c:	0020      	movs	r0, r4
1000698e:	f7ff ffa1 	bl	100068d4 <tu_fifo_full>
10006992:	2800      	cmp	r0, #0
10006994:	d002      	beq.n	1000699c <tu_fifo_write+0x28>
10006996:	79e7      	ldrb	r7, [r4, #7]
10006998:	09ff      	lsrs	r7, r7, #7
1000699a:	d016      	beq.n	100069ca <tu_fifo_write+0x56>
1000699c:	88a2      	ldrh	r2, [r4, #4]
1000699e:	002b      	movs	r3, r5
100069a0:	e001      	b.n	100069a6 <tu_fifo_write+0x32>
100069a2:	1a9b      	subs	r3, r3, r2
100069a4:	b29b      	uxth	r3, r3
100069a6:	429a      	cmp	r2, r3
100069a8:	d9fb      	bls.n	100069a2 <tu_fifo_write+0x2e>
100069aa:	88e2      	ldrh	r2, [r4, #6]
100069ac:	0452      	lsls	r2, r2, #17
100069ae:	0c52      	lsrs	r2, r2, #17
100069b0:	4353      	muls	r3, r2
100069b2:	6821      	ldr	r1, [r4, #0]
100069b4:	18c8      	adds	r0, r1, r3
100069b6:	0031      	movs	r1, r6
100069b8:	f7fb ffb8 	bl	1000292c <__wrap___aeabi_memcpy>
100069bc:	88a0      	ldrh	r0, [r4, #4]
100069be:	2201      	movs	r2, #1
100069c0:	0029      	movs	r1, r5
100069c2:	f7ff fdb8 	bl	10006536 <advance_index>
100069c6:	8120      	strh	r0, [r4, #8]
100069c8:	2701      	movs	r7, #1
100069ca:	68e0      	ldr	r0, [r4, #12]
100069cc:	2800      	cmp	r0, #0
100069ce:	d001      	beq.n	100069d4 <tu_fifo_write+0x60>
100069d0:	f000 f892 	bl	10006af8 <__mutex_exit_veneer>
100069d4:	0038      	movs	r0, r7
100069d6:	bdf8      	pop	{r3, r4, r5, r6, r7, pc}

100069d8 <tu_fifo_write_n>:
100069d8:	b510      	push	{r4, lr}
100069da:	2300      	movs	r3, #0
100069dc:	f7ff fea7 	bl	1000672e <_tu_fifo_write_n>
100069e0:	bd10      	pop	{r4, pc}

100069e2 <tu_fifo_clear>:
100069e2:	b510      	push	{r4, lr}
100069e4:	0004      	movs	r4, r0
100069e6:	68c0      	ldr	r0, [r0, #12]
100069e8:	2800      	cmp	r0, #0
100069ea:	d003      	beq.n	100069f4 <tu_fifo_clear+0x12>
100069ec:	2101      	movs	r1, #1
100069ee:	4249      	negs	r1, r1
100069f0:	f000 f8b2 	bl	10006b58 <__mutex_enter_timeout_ms_veneer>
100069f4:	6920      	ldr	r0, [r4, #16]
100069f6:	2800      	cmp	r0, #0
100069f8:	d003      	beq.n	10006a02 <tu_fifo_clear+0x20>
100069fa:	2101      	movs	r1, #1
100069fc:	4249      	negs	r1, r1
100069fe:	f000 f8ab 	bl	10006b58 <__mutex_enter_timeout_ms_veneer>
10006a02:	2300      	movs	r3, #0
10006a04:	8163      	strh	r3, [r4, #10]
10006a06:	8123      	strh	r3, [r4, #8]
10006a08:	68e0      	ldr	r0, [r4, #12]
10006a0a:	2800      	cmp	r0, #0
10006a0c:	d001      	beq.n	10006a12 <tu_fifo_clear+0x30>
10006a0e:	f000 f873 	bl	10006af8 <__mutex_exit_veneer>
10006a12:	6920      	ldr	r0, [r4, #16]
10006a14:	2800      	cmp	r0, #0
10006a16:	d001      	beq.n	10006a1c <tu_fifo_clear+0x3a>
10006a18:	f000 f86e 	bl	10006af8 <__mutex_exit_veneer>
10006a1c:	2001      	movs	r0, #1
10006a1e:	bd10      	pop	{r4, pc}

10006a20 <tu_fifo_set_overwritable>:
10006a20:	b570      	push	{r4, r5, r6, lr}
10006a22:	0004      	movs	r4, r0
10006a24:	000d      	movs	r5, r1
10006a26:	68c0      	ldr	r0, [r0, #12]
10006a28:	2800      	cmp	r0, #0
10006a2a:	d003      	beq.n	10006a34 <tu_fifo_set_overwritable+0x14>
10006a2c:	2101      	movs	r1, #1
10006a2e:	4249      	negs	r1, r1
10006a30:	f000 f892 	bl	10006b58 <__mutex_enter_timeout_ms_veneer>
10006a34:	6920      	ldr	r0, [r4, #16]
10006a36:	2800      	cmp	r0, #0
10006a38:	d003      	beq.n	10006a42 <tu_fifo_set_overwritable+0x22>
10006a3a:	2101      	movs	r1, #1
10006a3c:	4249      	negs	r1, r1
10006a3e:	f000 f88b 	bl	10006b58 <__mutex_enter_timeout_ms_veneer>
10006a42:	01ed      	lsls	r5, r5, #7
10006a44:	79e3      	ldrb	r3, [r4, #7]
10006a46:	217f      	movs	r1, #127	; 0x7f
10006a48:	4019      	ands	r1, r3
10006a4a:	4329      	orrs	r1, r5
10006a4c:	71e1      	strb	r1, [r4, #7]
10006a4e:	68e0      	ldr	r0, [r4, #12]
10006a50:	2800      	cmp	r0, #0
10006a52:	d001      	beq.n	10006a58 <tu_fifo_set_overwritable+0x38>
10006a54:	f000 f850 	bl	10006af8 <__mutex_exit_veneer>
10006a58:	6920      	ldr	r0, [r4, #16]
10006a5a:	2800      	cmp	r0, #0
10006a5c:	d001      	beq.n	10006a62 <tu_fifo_set_overwritable+0x42>
10006a5e:	f000 f84b 	bl	10006af8 <__mutex_exit_veneer>
10006a62:	2001      	movs	r0, #1
10006a64:	bd70      	pop	{r4, r5, r6, pc}
	...

10006a68 <dma_claim_unused_channel>:
10006a68:	b500      	push	{lr}
10006a6a:	b083      	sub	sp, #12
10006a6c:	0001      	movs	r1, r0
10006a6e:	4b04      	ldr	r3, [pc, #16]	; (10006a80 <dma_claim_unused_channel+0x18>)
10006a70:	9300      	str	r3, [sp, #0]
10006a72:	230b      	movs	r3, #11
10006a74:	2200      	movs	r2, #0
10006a76:	4803      	ldr	r0, [pc, #12]	; (10006a84 <dma_claim_unused_channel+0x1c>)
10006a78:	f7f9 fd31 	bl	100004de <hw_claim_unused_from_range>
10006a7c:	b003      	add	sp, #12
10006a7e:	bd00      	pop	{pc}
10006a80:	10008140 	.word	0x10008140
10006a84:	20001d62 	.word	0x20001d62

10006a88 <strlen>:
10006a88:	b510      	push	{r4, lr}
10006a8a:	0783      	lsls	r3, r0, #30
10006a8c:	d00a      	beq.n	10006aa4 <strlen+0x1c>
10006a8e:	0003      	movs	r3, r0
10006a90:	2103      	movs	r1, #3
10006a92:	e002      	b.n	10006a9a <strlen+0x12>
10006a94:	3301      	adds	r3, #1
10006a96:	420b      	tst	r3, r1
10006a98:	d005      	beq.n	10006aa6 <strlen+0x1e>
10006a9a:	781a      	ldrb	r2, [r3, #0]
10006a9c:	2a00      	cmp	r2, #0
10006a9e:	d1f9      	bne.n	10006a94 <strlen+0xc>
10006aa0:	1a18      	subs	r0, r3, r0
10006aa2:	bd10      	pop	{r4, pc}
10006aa4:	0003      	movs	r3, r0
10006aa6:	6819      	ldr	r1, [r3, #0]
10006aa8:	4a0c      	ldr	r2, [pc, #48]	; (10006adc <strlen+0x54>)
10006aaa:	4c0d      	ldr	r4, [pc, #52]	; (10006ae0 <strlen+0x58>)
10006aac:	188a      	adds	r2, r1, r2
10006aae:	438a      	bics	r2, r1
10006ab0:	4222      	tst	r2, r4
10006ab2:	d10f      	bne.n	10006ad4 <strlen+0x4c>
10006ab4:	6859      	ldr	r1, [r3, #4]
10006ab6:	4a09      	ldr	r2, [pc, #36]	; (10006adc <strlen+0x54>)
10006ab8:	3304      	adds	r3, #4
10006aba:	188a      	adds	r2, r1, r2
10006abc:	438a      	bics	r2, r1
10006abe:	4222      	tst	r2, r4
10006ac0:	d108      	bne.n	10006ad4 <strlen+0x4c>
10006ac2:	6859      	ldr	r1, [r3, #4]
10006ac4:	4a05      	ldr	r2, [pc, #20]	; (10006adc <strlen+0x54>)
10006ac6:	3304      	adds	r3, #4
10006ac8:	188a      	adds	r2, r1, r2
10006aca:	438a      	bics	r2, r1
10006acc:	4222      	tst	r2, r4
10006ace:	d0f1      	beq.n	10006ab4 <strlen+0x2c>
10006ad0:	e000      	b.n	10006ad4 <strlen+0x4c>
10006ad2:	3301      	adds	r3, #1
10006ad4:	781a      	ldrb	r2, [r3, #0]
10006ad6:	2a00      	cmp	r2, #0
10006ad8:	d1fb      	bne.n	10006ad2 <strlen+0x4a>
10006ada:	e7e1      	b.n	10006aa0 <strlen+0x18>
10006adc:	fefefeff 	.word	0xfefefeff
10006ae0:	80808080 	.word	0x80808080

10006ae4 <_fini>:
10006ae4:	b5f8      	push	{r3, r4, r5, r6, r7, lr}
10006ae6:	46c0      	nop			; (mov r8, r8)

10006ae8 <__flash_do_cmd_veneer>:
10006ae8:	b401      	push	{r0}
10006aea:	4802      	ldr	r0, [pc, #8]	; (10006af4 <__flash_do_cmd_veneer+0xc>)
10006aec:	4684      	mov	ip, r0
10006aee:	bc01      	pop	{r0}
10006af0:	4760      	bx	ip
10006af2:	bf00      	nop
10006af4:	200002b9 	.word	0x200002b9

10006af8 <__mutex_exit_veneer>:
10006af8:	b401      	push	{r0}
10006afa:	4802      	ldr	r0, [pc, #8]	; (10006b04 <__mutex_exit_veneer+0xc>)
10006afc:	4684      	mov	ip, r0
10006afe:	bc01      	pop	{r0}
10006b00:	4760      	bx	ip
10006b02:	bf00      	nop
10006b04:	20000205 	.word	0x20000205

10006b08 <__e15_is_critical_frame_period_veneer>:
10006b08:	b401      	push	{r0}
10006b0a:	4802      	ldr	r0, [pc, #8]	; (10006b14 <__e15_is_critical_frame_period_veneer+0xc>)
10006b0c:	4684      	mov	ip, r0
10006b0e:	bc01      	pop	{r0}
10006b10:	4760      	bx	ip
10006b12:	bf00      	nop
10006b14:	2000073d 	.word	0x2000073d

10006b18 <____aeabi_ldiv0_veneer>:
10006b18:	b401      	push	{r0}
10006b1a:	4802      	ldr	r0, [pc, #8]	; (10006b24 <____aeabi_ldiv0_veneer+0xc>)
10006b1c:	4684      	mov	ip, r0
10006b1e:	bc01      	pop	{r0}
10006b20:	4760      	bx	ip
10006b22:	bf00      	nop
10006b24:	20000b41 	.word	0x20000b41

10006b28 <__reset_non_control_endpoints_veneer>:
10006b28:	b401      	push	{r0}
10006b2a:	4802      	ldr	r0, [pc, #8]	; (10006b34 <__reset_non_control_endpoints_veneer+0xc>)
10006b2c:	4684      	mov	ip, r0
10006b2e:	bc01      	pop	{r0}
10006b30:	4760      	bx	ip
10006b32:	bf00      	nop
10006b34:	20000391 	.word	0x20000391

10006b38 <____aeabi_idiv0_veneer>:
10006b38:	b401      	push	{r0}
10006b3a:	4802      	ldr	r0, [pc, #8]	; (10006b44 <____aeabi_idiv0_veneer+0xc>)
10006b3c:	4684      	mov	ip, r0
10006b3e:	bc01      	pop	{r0}
10006b40:	4760      	bx	ip
10006b42:	bf00      	nop
10006b44:	20000b41 	.word	0x20000b41

10006b48 <__mutex_try_enter_veneer>:
10006b48:	b401      	push	{r0}
10006b4a:	4802      	ldr	r0, [pc, #8]	; (10006b54 <__mutex_try_enter_veneer+0xc>)
10006b4c:	4684      	mov	ip, r0
10006b4e:	bc01      	pop	{r0}
10006b50:	4760      	bx	ip
10006b52:	bf00      	nop
10006b54:	200000c1 	.word	0x200000c1

10006b58 <__mutex_enter_timeout_ms_veneer>:
10006b58:	b401      	push	{r0}
10006b5a:	4802      	ldr	r0, [pc, #8]	; (10006b64 <__mutex_enter_timeout_ms_veneer+0xc>)
10006b5c:	4684      	mov	ip, r0
10006b5e:	bc01      	pop	{r0}
10006b60:	4760      	bx	ip
10006b62:	bf00      	nop
10006b64:	200001c9 	.word	0x200001c9

10006b68 <__mutex_try_enter_block_until_veneer>:
10006b68:	b401      	push	{r0}
10006b6a:	4802      	ldr	r0, [pc, #8]	; (10006b74 <__mutex_try_enter_block_until_veneer+0xc>)
10006b6c:	4684      	mov	ip, r0
10006b6e:	bc01      	pop	{r0}
10006b70:	4760      	bx	ip
10006b72:	bf00      	nop
10006b74:	20000195 	.word	0x20000195

10006b78 <__hw_endpoint_start_next_buffer_veneer>:
10006b78:	b401      	push	{r0}
10006b7a:	4802      	ldr	r0, [pc, #8]	; (10006b84 <__hw_endpoint_start_next_buffer_veneer+0xc>)
10006b7c:	4684      	mov	ip, r0
10006b7e:	bc01      	pop	{r0}
10006b80:	4760      	bx	ip
10006b82:	bf00      	nop
10006b84:	20000869 	.word	0x20000869

10006b88 <__hw_endpoint_reset_transfer_veneer>:
10006b88:	b401      	push	{r0}
10006b8a:	4802      	ldr	r0, [pc, #8]	; (10006b94 <__hw_endpoint_reset_transfer_veneer+0xc>)
10006b8c:	4684      	mov	ip, r0
10006b8e:	bc01      	pop	{r0}
10006b90:	4760      	bx	ip
10006b92:	bf00      	nop
10006b94:	20000811 	.word	0x20000811

10006b98 <___hw_endpoint_buffer_control_update32_veneer>:
10006b98:	b401      	push	{r0}
10006b9a:	4802      	ldr	r0, [pc, #8]	; (10006ba4 <___hw_endpoint_buffer_control_update32_veneer+0xc>)
10006b9c:	4684      	mov	ip, r0
10006b9e:	bc01      	pop	{r0}
10006ba0:	4760      	bx	ip
10006ba2:	bf00      	nop
10006ba4:	2000081d 	.word	0x2000081d

10006ba8 <__e15_is_bulkin_ep_veneer>:
10006ba8:	b401      	push	{r0}
10006baa:	4802      	ldr	r0, [pc, #8]	; (10006bb4 <__e15_is_bulkin_ep_veneer+0xc>)
10006bac:	4684      	mov	ip, r0
10006bae:	bc01      	pop	{r0}
10006bb0:	4760      	bx	ip
10006bb2:	bf00      	nop
10006bb4:	20000711 	.word	0x20000711

10006bb8 <__pre_init_runtime_init_early_resets>:
10006bb8:	100018d5                                ....

10006bbc <__pre_init_runtime_init_usb_power_down>:
10006bbc:	10001901 10001a69 10002911 1000217d     ....i....)..}!..
10006bcc:	100027e1                                .'..

10006bd0 <__pre_init_runtime_init_clocks>:
10006bd0:	1000199d                                ....

10006bd4 <__pre_init_runtime_init_post_clock_resets>:
10006bd4:	1000191d                                ....

10006bd8 <__pre_init_runtime_init_rp2040_gpio_ie_disable>:
10006bd8:	1000193d                                =...

10006bdc <__pre_init_runtime_init_spin_locks_reset>:
10006bdc:	10001951                                Q...

10006be0 <__pre_init_runtime_init_mutex>:
10006be0:	10000c91                                ....

10006be4 <__pre_init_runtime_init_install_ram_vector_table>:
10006be4:	10001959                                Y...

10006be8 <__pre_init_runtime_init_default_alarm_pool>:
10006be8:	10001329                                )...

10006bec <__pre_init_first_per_core_initializer>:
10006bec:	100018c1                                ....

10006bf0 <__pre_init_runtime_init_per_core_irq_priorities>:
10006bf0:	100005bd                                ....

10006bf4 <__frame_dummy_init_array_entry>:
10006bf4:	100002fd 10004579                       ....yE..

Disassembly of section .data:

200000c0 <mutex_try_enter>:
200000c0:	0003      	movs	r3, r0
200000c2:	6800      	ldr	r0, [r0, #0]
200000c4:	f3ef 8c10 	mrs	ip, PRIMASK
200000c8:	b672      	cpsid	i
200000ca:	6802      	ldr	r2, [r0, #0]
200000cc:	2a00      	cmp	r2, #0
200000ce:	d0fc      	beq.n	200000ca <mutex_try_enter+0xa>
200000d0:	f3bf 8f5f 	dmb	sy
200000d4:	2204      	movs	r2, #4
200000d6:	569a      	ldrsb	r2, [r3, r2]
200000d8:	2a00      	cmp	r2, #0
200000da:	db0b      	blt.n	200000f4 <mutex_try_enter+0x34>
200000dc:	2900      	cmp	r1, #0
200000de:	d010      	beq.n	20000102 <mutex_try_enter+0x42>
200000e0:	600a      	str	r2, [r1, #0]
200000e2:	2000      	movs	r0, #0
200000e4:	681b      	ldr	r3, [r3, #0]
200000e6:	f3bf 8f5f 	dmb	sy
200000ea:	2200      	movs	r2, #0
200000ec:	601a      	str	r2, [r3, #0]
200000ee:	f38c 8810 	msr	PRIMASK, ip
200000f2:	4770      	bx	lr
200000f4:	22d0      	movs	r2, #208	; 0xd0
200000f6:	0612      	lsls	r2, r2, #24
200000f8:	7812      	ldrb	r2, [r2, #0]
200000fa:	b252      	sxtb	r2, r2
200000fc:	711a      	strb	r2, [r3, #4]
200000fe:	2001      	movs	r0, #1
20000100:	e7f0      	b.n	200000e4 <mutex_try_enter+0x24>
20000102:	2000      	movs	r0, #0
20000104:	e7ee      	b.n	200000e4 <mutex_try_enter+0x24>
	...

20000108 <mutex_enter_block_until>:
20000108:	b5f8      	push	{r3, r4, r5, r6, r7, lr}
2000010a:	46ce      	mov	lr, r9
2000010c:	4647      	mov	r7, r8
2000010e:	b580      	push	{r7, lr}
20000110:	0004      	movs	r4, r0
20000112:	0017      	movs	r7, r2
20000114:	4698      	mov	r8, r3
20000116:	6803      	ldr	r3, [r0, #0]
20000118:	2b00      	cmp	r3, #0
2000011a:	d020      	beq.n	2000015e <mutex_enter_block_until+0x56>
2000011c:	23d0      	movs	r3, #208	; 0xd0
2000011e:	061b      	lsls	r3, r3, #24
20000120:	781b      	ldrb	r3, [r3, #0]
20000122:	b25b      	sxtb	r3, r3
20000124:	4699      	mov	r9, r3
20000126:	6826      	ldr	r6, [r4, #0]
20000128:	f3ef 8c10 	mrs	ip, PRIMASK
2000012c:	b672      	cpsid	i
2000012e:	6835      	ldr	r5, [r6, #0]
20000130:	2d00      	cmp	r5, #0
20000132:	d0fc      	beq.n	2000012e <mutex_enter_block_until+0x26>
20000134:	f3bf 8f5f 	dmb	sy
20000138:	2504      	movs	r5, #4
2000013a:	5765      	ldrsb	r5, [r4, r5]
2000013c:	2d00      	cmp	r5, #0
2000013e:	db14      	blt.n	2000016a <mutex_enter_block_until+0x62>
20000140:	6823      	ldr	r3, [r4, #0]
20000142:	f3bf 8f5f 	dmb	sy
20000146:	2200      	movs	r2, #0
20000148:	601a      	str	r2, [r3, #0]
2000014a:	f38c 8810 	msr	PRIMASK, ip
2000014e:	0038      	movs	r0, r7
20000150:	4641      	mov	r1, r8
20000152:	f000 fd39 	bl	20000bc8 <__best_effort_wfe_or_timeout_veneer>
20000156:	2800      	cmp	r0, #0
20000158:	d0e5      	beq.n	20000126 <mutex_enter_block_until+0x1e>
2000015a:	2000      	movs	r0, #0
2000015c:	e00f      	b.n	2000017e <mutex_enter_block_until+0x76>
2000015e:	4b0a      	ldr	r3, [pc, #40]	; (20000188 <mutex_enter_block_until+0x80>)
20000160:	4a0a      	ldr	r2, [pc, #40]	; (2000018c <mutex_enter_block_until+0x84>)
20000162:	21a6      	movs	r1, #166	; 0xa6
20000164:	480a      	ldr	r0, [pc, #40]	; (20000190 <mutex_enter_block_until+0x88>)
20000166:	f000 fd0f 	bl	20000b88 <____assert_func_veneer>
2000016a:	464b      	mov	r3, r9
2000016c:	7123      	strb	r3, [r4, #4]
2000016e:	6823      	ldr	r3, [r4, #0]
20000170:	f3bf 8f5f 	dmb	sy
20000174:	2200      	movs	r2, #0
20000176:	601a      	str	r2, [r3, #0]
20000178:	f38c 8810 	msr	PRIMASK, ip
2000017c:	2001      	movs	r0, #1
2000017e:	bcc0      	pop	{r6, r7}
20000180:	46b9      	mov	r9, r7
20000182:	46b0      	mov	r8, r6
20000184:	bdf8      	pop	{r3, r4, r5, r6, r7, pc}
20000186:	46c0      	nop			; (mov r8, r8)
20000188:	100070c8 	.word	0x100070c8
2000018c:	10007120 	.word	0x10007120
20000190:	10007078 	.word	0x10007078

20000194 <mutex_try_enter_block_until>:
20000194:	b570      	push	{r4, r5, r6, lr}
20000196:	b082      	sub	sp, #8
20000198:	0006      	movs	r6, r0
2000019a:	0015      	movs	r5, r2
2000019c:	001c      	movs	r4, r3
2000019e:	a901      	add	r1, sp, #4
200001a0:	f7ff ff8e 	bl	200000c0 <mutex_try_enter>
200001a4:	2800      	cmp	r0, #0
200001a6:	d107      	bne.n	200001b8 <mutex_try_enter_block_until+0x24>
200001a8:	9b01      	ldr	r3, [sp, #4]
200001aa:	b25b      	sxtb	r3, r3
200001ac:	22d0      	movs	r2, #208	; 0xd0
200001ae:	0612      	lsls	r2, r2, #24
200001b0:	7812      	ldrb	r2, [r2, #0]
200001b2:	b252      	sxtb	r2, r2
200001b4:	4293      	cmp	r3, r2
200001b6:	d101      	bne.n	200001bc <mutex_try_enter_block_until+0x28>
200001b8:	b002      	add	sp, #8
200001ba:	bd70      	pop	{r4, r5, r6, pc}
200001bc:	002a      	movs	r2, r5
200001be:	0023      	movs	r3, r4
200001c0:	0030      	movs	r0, r6
200001c2:	f7ff ffa1 	bl	20000108 <mutex_enter_block_until>
200001c6:	e7f7      	b.n	200001b8 <mutex_try_enter_block_until+0x24>

200001c8 <mutex_enter_timeout_ms>:
200001c8:	b5f8      	push	{r3, r4, r5, r6, r7, lr}
200001ca:	0006      	movs	r6, r0
200001cc:	000f      	movs	r7, r1
200001ce:	f000 fd0b 	bl	20000be8 <__time_us_64_veneer>
200001d2:	0004      	movs	r4, r0
200001d4:	000d      	movs	r5, r1
200001d6:	22fa      	movs	r2, #250	; 0xfa
200001d8:	0092      	lsls	r2, r2, #2
200001da:	2300      	movs	r3, #0
200001dc:	0038      	movs	r0, r7
200001de:	2100      	movs	r1, #0
200001e0:	f000 fcea 	bl	20000bb8 <____wrap___aeabi_lmul_veneer>
200001e4:	0022      	movs	r2, r4
200001e6:	002b      	movs	r3, r5
200001e8:	1812      	adds	r2, r2, r0
200001ea:	414b      	adcs	r3, r1
200001ec:	2b00      	cmp	r3, #0
200001ee:	db03      	blt.n	200001f8 <mutex_enter_timeout_ms+0x30>
200001f0:	0030      	movs	r0, r6
200001f2:	f7ff ff89 	bl	20000108 <mutex_enter_block_until>
200001f6:	bdf8      	pop	{r3, r4, r5, r6, r7, pc}
200001f8:	2201      	movs	r2, #1
200001fa:	4252      	negs	r2, r2
200001fc:	4b00      	ldr	r3, [pc, #0]	; (20000200 <mutex_enter_timeout_ms+0x38>)
200001fe:	e7f7      	b.n	200001f0 <mutex_enter_timeout_ms+0x28>
20000200:	7fffffff 	.word	0x7fffffff

20000204 <mutex_exit>:
20000204:	b510      	push	{r4, lr}
20000206:	6802      	ldr	r2, [r0, #0]
20000208:	f3ef 8110 	mrs	r1, PRIMASK
2000020c:	b672      	cpsid	i
2000020e:	6813      	ldr	r3, [r2, #0]
20000210:	2b00      	cmp	r3, #0
20000212:	d0fc      	beq.n	2000020e <mutex_exit+0xa>
20000214:	f3bf 8f5f 	dmb	sy
20000218:	2304      	movs	r3, #4
2000021a:	56c3      	ldrsb	r3, [r0, r3]
2000021c:	2b00      	cmp	r3, #0
2000021e:	db0a      	blt.n	20000236 <mutex_exit+0x32>
20000220:	23ff      	movs	r3, #255	; 0xff
20000222:	7103      	strb	r3, [r0, #4]
20000224:	6803      	ldr	r3, [r0, #0]
20000226:	f3bf 8f5f 	dmb	sy
2000022a:	2200      	movs	r2, #0
2000022c:	601a      	str	r2, [r3, #0]
2000022e:	f381 8810 	msr	PRIMASK, r1
20000232:	bf40      	sev
20000234:	bd10      	pop	{r4, pc}
20000236:	4b03      	ldr	r3, [pc, #12]	; (20000244 <mutex_exit+0x40>)
20000238:	4a03      	ldr	r2, [pc, #12]	; (20000248 <mutex_exit+0x44>)
2000023a:	21d5      	movs	r1, #213	; 0xd5
2000023c:	4803      	ldr	r0, [pc, #12]	; (2000024c <mutex_exit+0x48>)
2000023e:	f000 fca3 	bl	20000b88 <____assert_func_veneer>
20000242:	46c0      	nop			; (mov r8, r8)
20000244:	100070dc 	.word	0x100070dc
20000248:	10007114 	.word	0x10007114
2000024c:	10007078 	.word	0x10007078

20000250 <flash_init_boot2_copyout>:
20000250:	4b09      	ldr	r3, [pc, #36]	; (20000278 <flash_init_boot2_copyout+0x28>)
20000252:	781b      	ldrb	r3, [r3, #0]
20000254:	2b00      	cmp	r3, #0
20000256:	d008      	beq.n	2000026a <flash_init_boot2_copyout+0x1a>
20000258:	e00c      	b.n	20000274 <flash_init_boot2_copyout+0x24>
2000025a:	009a      	lsls	r2, r3, #2
2000025c:	2180      	movs	r1, #128	; 0x80
2000025e:	0549      	lsls	r1, r1, #21
20000260:	1851      	adds	r1, r2, r1
20000262:	6808      	ldr	r0, [r1, #0]
20000264:	4905      	ldr	r1, [pc, #20]	; (2000027c <flash_init_boot2_copyout+0x2c>)
20000266:	5050      	str	r0, [r2, r1]
20000268:	3301      	adds	r3, #1
2000026a:	2b3f      	cmp	r3, #63	; 0x3f
2000026c:	ddf5      	ble.n	2000025a <flash_init_boot2_copyout+0xa>
2000026e:	4b02      	ldr	r3, [pc, #8]	; (20000278 <flash_init_boot2_copyout+0x28>)
20000270:	2201      	movs	r2, #1
20000272:	701a      	strb	r2, [r3, #0]
20000274:	4770      	bx	lr
20000276:	46c0      	nop			; (mov r8, r8)
20000278:	20001d67 	.word	0x20001d67
2000027c:	20001580 	.word	0x20001580

20000280 <flash_enable_xip_via_boot2>:
20000280:	b510      	push	{r4, lr}
20000282:	4b02      	ldr	r3, [pc, #8]	; (2000028c <flash_enable_xip_via_boot2+0xc>)
20000284:	3301      	adds	r3, #1
20000286:	4798      	blx	r3
20000288:	bd10      	pop	{r4, pc}
2000028a:	46c0      	nop			; (mov r8, r8)
2000028c:	20001580 	.word	0x20001580

20000290 <flash_cs_force>:
20000290:	2800      	cmp	r0, #0
20000292:	d00a      	beq.n	200002aa <flash_cs_force+0x1a>
20000294:	2303      	movs	r3, #3
20000296:	021b      	lsls	r3, r3, #8
20000298:	4a05      	ldr	r2, [pc, #20]	; (200002b0 <flash_cs_force+0x20>)
2000029a:	6812      	ldr	r2, [r2, #0]
2000029c:	4053      	eors	r3, r2
2000029e:	22c0      	movs	r2, #192	; 0xc0
200002a0:	0092      	lsls	r2, r2, #2
200002a2:	4013      	ands	r3, r2
200002a4:	4a03      	ldr	r2, [pc, #12]	; (200002b4 <flash_cs_force+0x24>)
200002a6:	6013      	str	r3, [r2, #0]
200002a8:	4770      	bx	lr
200002aa:	2302      	movs	r3, #2
200002ac:	e7f3      	b.n	20000296 <flash_cs_force+0x6>
200002ae:	46c0      	nop			; (mov r8, r8)
200002b0:	4001800c 	.word	0x4001800c
200002b4:	4001900c 	.word	0x4001900c

200002b8 <flash_do_cmd>:
200002b8:	b5f0      	push	{r4, r5, r6, r7, lr}
200002ba:	46d6      	mov	lr, sl
200002bc:	464f      	mov	r7, r9
200002be:	4646      	mov	r6, r8
200002c0:	b5c0      	push	{r6, r7, lr}
200002c2:	0007      	movs	r7, r0
200002c4:	000e      	movs	r6, r1
200002c6:	0015      	movs	r5, r2
200002c8:	2318      	movs	r3, #24
200002ca:	469a      	mov	sl, r3
200002cc:	881b      	ldrh	r3, [r3, #0]
200002ce:	2214      	movs	r2, #20
200002d0:	4690      	mov	r8, r2
200002d2:	8810      	ldrh	r0, [r2, #0]
200002d4:	4928      	ldr	r1, [pc, #160]	; (20000378 <flash_do_cmd+0xc0>)
200002d6:	4798      	blx	r3
200002d8:	4681      	mov	r9, r0
200002da:	4653      	mov	r3, sl
200002dc:	881b      	ldrh	r3, [r3, #0]
200002de:	4642      	mov	r2, r8
200002e0:	8810      	ldrh	r0, [r2, #0]
200002e2:	4926      	ldr	r1, [pc, #152]	; (2000037c <flash_do_cmd+0xc4>)
200002e4:	4798      	blx	r3
200002e6:	0004      	movs	r4, r0
200002e8:	4653      	mov	r3, sl
200002ea:	881b      	ldrh	r3, [r3, #0]
200002ec:	4642      	mov	r2, r8
200002ee:	8810      	ldrh	r0, [r2, #0]
200002f0:	4923      	ldr	r1, [pc, #140]	; (20000380 <flash_do_cmd+0xc8>)
200002f2:	4798      	blx	r3
200002f4:	4680      	mov	r8, r0
200002f6:	464b      	mov	r3, r9
200002f8:	2b00      	cmp	r3, #0
200002fa:	d00c      	beq.n	20000316 <flash_do_cmd+0x5e>
200002fc:	2c00      	cmp	r4, #0
200002fe:	d00a      	beq.n	20000316 <flash_do_cmd+0x5e>
20000300:	2800      	cmp	r0, #0
20000302:	d008      	beq.n	20000316 <flash_do_cmd+0x5e>
20000304:	f7ff ffa4 	bl	20000250 <flash_init_boot2_copyout>
20000308:	47c8      	blx	r9
2000030a:	47a0      	blx	r4
2000030c:	2000      	movs	r0, #0
2000030e:	f7ff ffbf 	bl	20000290 <flash_cs_force>
20000312:	002a      	movs	r2, r5
20000314:	e00f      	b.n	20000336 <flash_do_cmd+0x7e>
20000316:	4b1b      	ldr	r3, [pc, #108]	; (20000384 <flash_do_cmd+0xcc>)
20000318:	4a1b      	ldr	r2, [pc, #108]	; (20000388 <flash_do_cmd+0xd0>)
2000031a:	2199      	movs	r1, #153	; 0x99
2000031c:	481b      	ldr	r0, [pc, #108]	; (2000038c <flash_do_cmd+0xd4>)
2000031e:	f000 fc33 	bl	20000b88 <____assert_func_veneer>
20000322:	2b00      	cmp	r3, #0
20000324:	d007      	beq.n	20000336 <flash_do_cmd+0x7e>
20000326:	2a00      	cmp	r2, #0
20000328:	d005      	beq.n	20000336 <flash_do_cmd+0x7e>
2000032a:	23c0      	movs	r3, #192	; 0xc0
2000032c:	055b      	lsls	r3, r3, #21
2000032e:	6e1b      	ldr	r3, [r3, #96]	; 0x60
20000330:	7033      	strb	r3, [r6, #0]
20000332:	3a01      	subs	r2, #1
20000334:	3601      	adds	r6, #1
20000336:	002b      	movs	r3, r5
20000338:	4313      	orrs	r3, r2
2000033a:	d012      	beq.n	20000362 <flash_do_cmd+0xaa>
2000033c:	23c0      	movs	r3, #192	; 0xc0
2000033e:	055b      	lsls	r3, r3, #21
20000340:	6a9c      	ldr	r4, [r3, #40]	; 0x28
20000342:	2308      	movs	r3, #8
20000344:	4023      	ands	r3, r4
20000346:	07a1      	lsls	r1, r4, #30
20000348:	d5eb      	bpl.n	20000322 <flash_do_cmd+0x6a>
2000034a:	2d00      	cmp	r5, #0
2000034c:	d0e9      	beq.n	20000322 <flash_do_cmd+0x6a>
2000034e:	1b51      	subs	r1, r2, r5
20000350:	290d      	cmp	r1, #13
20000352:	d8e6      	bhi.n	20000322 <flash_do_cmd+0x6a>
20000354:	7838      	ldrb	r0, [r7, #0]
20000356:	21c0      	movs	r1, #192	; 0xc0
20000358:	0549      	lsls	r1, r1, #21
2000035a:	6608      	str	r0, [r1, #96]	; 0x60
2000035c:	3d01      	subs	r5, #1
2000035e:	3701      	adds	r7, #1
20000360:	e7df      	b.n	20000322 <flash_do_cmd+0x6a>
20000362:	2001      	movs	r0, #1
20000364:	f7ff ff94 	bl	20000290 <flash_cs_force>
20000368:	47c0      	blx	r8
2000036a:	f7ff ff89 	bl	20000280 <flash_enable_xip_via_boot2>
2000036e:	bce0      	pop	{r5, r6, r7}
20000370:	46ba      	mov	sl, r7
20000372:	46b1      	mov	r9, r6
20000374:	46a8      	mov	r8, r5
20000376:	bdf0      	pop	{r4, r5, r6, r7, pc}
20000378:	00004649 	.word	0x00004649
2000037c:	00005845 	.word	0x00005845
20000380:	00004346 	.word	0x00004346
20000384:	10007c04 	.word	0x10007c04
20000388:	10007c54 	.word	0x10007c54
2000038c:	10007ae0 	.word	0x10007ae0

20000390 <reset_non_control_endpoints>:
20000390:	b510      	push	{r4, lr}
20000392:	2300      	movs	r3, #0
20000394:	e008      	b.n	200003a8 <reset_non_control_endpoints+0x18>
20000396:	3301      	adds	r3, #1
20000398:	00da      	lsls	r2, r3, #3
2000039a:	2100      	movs	r1, #0
2000039c:	4808      	ldr	r0, [pc, #32]	; (200003c0 <reset_non_control_endpoints+0x30>)
2000039e:	5011      	str	r1, [r2, r0]
200003a0:	4684      	mov	ip, r0
200003a2:	4462      	add	r2, ip
200003a4:	6051      	str	r1, [r2, #4]
200003a6:	b2db      	uxtb	r3, r3
200003a8:	2b0e      	cmp	r3, #14
200003aa:	d9f4      	bls.n	20000396 <reset_non_control_endpoints+0x6>
200003ac:	22f0      	movs	r2, #240	; 0xf0
200003ae:	0092      	lsls	r2, r2, #2
200003b0:	2100      	movs	r1, #0
200003b2:	4804      	ldr	r0, [pc, #16]	; (200003c4 <reset_non_control_endpoints+0x34>)
200003b4:	f000 fbf0 	bl	20000b98 <____wrap_memset_veneer>
200003b8:	4b03      	ldr	r3, [pc, #12]	; (200003c8 <reset_non_control_endpoints+0x38>)
200003ba:	4a04      	ldr	r2, [pc, #16]	; (200003cc <reset_non_control_endpoints+0x3c>)
200003bc:	601a      	str	r2, [r3, #0]
200003be:	bd10      	pop	{r4, pc}
200003c0:	50100000 	.word	0x50100000
200003c4:	20001750 	.word	0x20001750
200003c8:	20001b14 	.word	0x20001b14
200003cc:	50100180 	.word	0x50100180

200003d0 <hw_handle_buff_status>:
200003d0:	b5f0      	push	{r4, r5, r6, r7, lr}
200003d2:	46ce      	mov	lr, r9
200003d4:	4647      	mov	r7, r8
200003d6:	b580      	push	{r7, lr}
200003d8:	b085      	sub	sp, #20
200003da:	4b23      	ldr	r3, [pc, #140]	; (20000468 <hw_handle_buff_status+0x98>)
200003dc:	6d9f      	ldr	r7, [r3, #88]	; 0x58
200003de:	2400      	movs	r4, #0
200003e0:	2601      	movs	r6, #1
200003e2:	e003      	b.n	200003ec <hw_handle_buff_status+0x1c>
200003e4:	43b7      	bics	r7, r6
200003e6:	0076      	lsls	r6, r6, #1
200003e8:	3401      	adds	r4, #1
200003ea:	b2e4      	uxtb	r4, r4
200003ec:	2f00      	cmp	r7, #0
200003ee:	d036      	beq.n	2000045e <hw_handle_buff_status+0x8e>
200003f0:	2c1f      	cmp	r4, #31
200003f2:	d834      	bhi.n	2000045e <hw_handle_buff_status+0x8e>
200003f4:	423e      	tst	r6, r7
200003f6:	d0f6      	beq.n	200003e6 <hw_handle_buff_status+0x16>
200003f8:	4b1c      	ldr	r3, [pc, #112]	; (2000046c <hw_handle_buff_status+0x9c>)
200003fa:	659e      	str	r6, [r3, #88]	; 0x58
200003fc:	0863      	lsrs	r3, r4, #1
200003fe:	4699      	mov	r9, r3
20000400:	2301      	movs	r3, #1
20000402:	4063      	eors	r3, r4
20000404:	2201      	movs	r2, #1
20000406:	401a      	ands	r2, r3
20000408:	4690      	mov	r8, r2
2000040a:	464b      	mov	r3, r9
2000040c:	005d      	lsls	r5, r3, #1
2000040e:	4445      	add	r5, r8
20000410:	016d      	lsls	r5, r5, #5
20000412:	4b17      	ldr	r3, [pc, #92]	; (20000470 <hw_handle_buff_status+0xa0>)
20000414:	18ed      	adds	r5, r5, r3
20000416:	0028      	movs	r0, r5
20000418:	f000 fa6a 	bl	200008f0 <hw_endpoint_xfer_continue>
2000041c:	2800      	cmp	r0, #0
2000041e:	d0e1      	beq.n	200003e4 <hw_handle_buff_status+0x14>
20000420:	464b      	mov	r3, r9
20000422:	005b      	lsls	r3, r3, #1
20000424:	4443      	add	r3, r8
20000426:	015b      	lsls	r3, r3, #5
20000428:	4a11      	ldr	r2, [pc, #68]	; (20000470 <hw_handle_buff_status+0xa0>)
2000042a:	18d3      	adds	r3, r2, r3
2000042c:	789a      	ldrb	r2, [r3, #2]
2000042e:	4691      	mov	r9, r2
20000430:	8adb      	ldrh	r3, [r3, #22]
20000432:	4698      	mov	r8, r3
20000434:	220c      	movs	r2, #12
20000436:	2100      	movs	r1, #0
20000438:	a801      	add	r0, sp, #4
2000043a:	f000 fbad 	bl	20000b98 <____wrap_memset_veneer>
2000043e:	2307      	movs	r3, #7
20000440:	466a      	mov	r2, sp
20000442:	7153      	strb	r3, [r2, #5]
20000444:	466b      	mov	r3, sp
20000446:	464a      	mov	r2, r9
20000448:	721a      	strb	r2, [r3, #8]
2000044a:	4643      	mov	r3, r8
2000044c:	9303      	str	r3, [sp, #12]
2000044e:	2101      	movs	r1, #1
20000450:	a801      	add	r0, sp, #4
20000452:	f000 fa6d 	bl	20000930 <dcd_event_handler>
20000456:	0028      	movs	r0, r5
20000458:	f000 f9da 	bl	20000810 <hw_endpoint_reset_transfer>
2000045c:	e7c2      	b.n	200003e4 <hw_handle_buff_status+0x14>
2000045e:	b005      	add	sp, #20
20000460:	bcc0      	pop	{r6, r7}
20000462:	46b9      	mov	r9, r7
20000464:	46b0      	mov	r8, r6
20000466:	bdf0      	pop	{r4, r5, r6, r7, pc}
20000468:	50110000 	.word	0x50110000
2000046c:	50113000 	.word	0x50113000
20000470:	20001710 	.word	0x20001710

20000474 <dcd_rp2040_irq>:
20000474:	b5f0      	push	{r4, r5, r6, r7, lr}
20000476:	46ce      	mov	lr, r9
20000478:	4647      	mov	r7, r8
2000047a:	b580      	push	{r7, lr}
2000047c:	b085      	sub	sp, #20
2000047e:	4a7f      	ldr	r2, [pc, #508]	; (2000067c <dcd_rp2040_irq+0x208>)
20000480:	2398      	movs	r3, #152	; 0x98
20000482:	58d5      	ldr	r5, [r2, r3]
20000484:	2380      	movs	r3, #128	; 0x80
20000486:	029b      	lsls	r3, r3, #10
20000488:	002f      	movs	r7, r5
2000048a:	401f      	ands	r7, r3
2000048c:	421d      	tst	r5, r3
2000048e:	d048      	beq.n	20000522 <dcd_rp2040_irq+0xae>
20000490:	4b7b      	ldr	r3, [pc, #492]	; (20000680 <dcd_rp2040_irq+0x20c>)
20000492:	6a9a      	ldr	r2, [r3, #40]	; 0x28
20000494:	4b7b      	ldr	r3, [pc, #492]	; (20000684 <dcd_rp2040_irq+0x210>)
20000496:	601a      	str	r2, [r3, #0]
20000498:	2400      	movs	r4, #0
2000049a:	2600      	movs	r6, #0
2000049c:	e009      	b.n	200004b2 <dcd_rp2040_irq+0x3e>
2000049e:	4b7a      	ldr	r3, [pc, #488]	; (20000688 <dcd_rp2040_irq+0x214>)
200004a0:	1899      	adds	r1, r3, r2
200004a2:	313c      	adds	r1, #60	; 0x3c
200004a4:	2300      	movs	r3, #0
200004a6:	700b      	strb	r3, [r1, #0]
200004a8:	f000 f9de 	bl	20000868 <hw_endpoint_start_next_buffer>
200004ac:	003e      	movs	r6, r7
200004ae:	3401      	adds	r4, #1
200004b0:	b2e4      	uxtb	r4, r4
200004b2:	2c0f      	cmp	r4, #15
200004b4:	d817      	bhi.n	200004e6 <dcd_rp2040_irq+0x72>
200004b6:	01a2      	lsls	r2, r4, #6
200004b8:	0010      	movs	r0, r2
200004ba:	3020      	adds	r0, #32
200004bc:	4b72      	ldr	r3, [pc, #456]	; (20000688 <dcd_rp2040_irq+0x214>)
200004be:	18c0      	adds	r0, r0, r3
200004c0:	189b      	adds	r3, r3, r2
200004c2:	333b      	adds	r3, #59	; 0x3b
200004c4:	781b      	ldrb	r3, [r3, #0]
200004c6:	2b02      	cmp	r3, #2
200004c8:	d1f1      	bne.n	200004ae <dcd_rp2040_irq+0x3a>
200004ca:	4b6f      	ldr	r3, [pc, #444]	; (20000688 <dcd_rp2040_irq+0x214>)
200004cc:	189b      	adds	r3, r3, r2
200004ce:	333a      	adds	r3, #58	; 0x3a
200004d0:	781f      	ldrb	r7, [r3, #0]
200004d2:	2f00      	cmp	r7, #0
200004d4:	d0eb      	beq.n	200004ae <dcd_rp2040_irq+0x3a>
200004d6:	4b6c      	ldr	r3, [pc, #432]	; (20000688 <dcd_rp2040_irq+0x214>)
200004d8:	189b      	adds	r3, r3, r2
200004da:	333c      	adds	r3, #60	; 0x3c
200004dc:	781b      	ldrb	r3, [r3, #0]
200004de:	2b00      	cmp	r3, #0
200004e0:	d1dd      	bne.n	2000049e <dcd_rp2040_irq+0x2a>
200004e2:	003e      	movs	r6, r7
200004e4:	e7e3      	b.n	200004ae <dcd_rp2040_irq+0x3a>
200004e6:	2e00      	cmp	r6, #0
200004e8:	d108      	bne.n	200004fc <dcd_rp2040_irq+0x88>
200004ea:	4b68      	ldr	r3, [pc, #416]	; (2000068c <dcd_rp2040_irq+0x218>)
200004ec:	781b      	ldrb	r3, [r3, #0]
200004ee:	2b00      	cmp	r3, #0
200004f0:	d104      	bne.n	200004fc <dcd_rp2040_irq+0x88>
200004f2:	4a67      	ldr	r2, [pc, #412]	; (20000690 <dcd_rp2040_irq+0x21c>)
200004f4:	3390      	adds	r3, #144	; 0x90
200004f6:	2180      	movs	r1, #128	; 0x80
200004f8:	0289      	lsls	r1, r1, #10
200004fa:	50d1      	str	r1, [r2, r3]
200004fc:	4b5f      	ldr	r3, [pc, #380]	; (2000067c <dcd_rp2040_irq+0x208>)
200004fe:	6c9c      	ldr	r4, [r3, #72]	; 0x48
20000500:	0564      	lsls	r4, r4, #21
20000502:	0d64      	lsrs	r4, r4, #21
20000504:	ae01      	add	r6, sp, #4
20000506:	220c      	movs	r2, #12
20000508:	2100      	movs	r1, #0
2000050a:	0030      	movs	r0, r6
2000050c:	f000 fb44 	bl	20000b98 <____wrap_memset_veneer>
20000510:	2303      	movs	r3, #3
20000512:	7073      	strb	r3, [r6, #1]
20000514:	9402      	str	r4, [sp, #8]
20000516:	2101      	movs	r1, #1
20000518:	0030      	movs	r0, r6
2000051a:	f000 fa09 	bl	20000930 <dcd_event_handler>
2000051e:	2780      	movs	r7, #128	; 0x80
20000520:	02bf      	lsls	r7, r7, #10
20000522:	06eb      	lsls	r3, r5, #27
20000524:	d406      	bmi.n	20000534 <dcd_rp2040_irq+0xc0>
20000526:	03eb      	lsls	r3, r5, #15
20000528:	d555      	bpl.n	200005d6 <dcd_rp2040_irq+0x162>
2000052a:	2380      	movs	r3, #128	; 0x80
2000052c:	025b      	lsls	r3, r3, #9
2000052e:	431f      	orrs	r7, r3
20000530:	2400      	movs	r4, #0
20000532:	e019      	b.n	20000568 <dcd_rp2040_irq+0xf4>
20000534:	2310      	movs	r3, #16
20000536:	431f      	orrs	r7, r3
20000538:	f7ff ff4a 	bl	200003d0 <hw_handle_buff_status>
2000053c:	e7f3      	b.n	20000526 <dcd_rp2040_irq+0xb2>
2000053e:	2302      	movs	r3, #2
20000540:	4698      	mov	r8, r3
20000542:	e01e      	b.n	20000582 <dcd_rp2040_irq+0x10e>
20000544:	4b53      	ldr	r3, [pc, #332]	; (20000694 <dcd_rp2040_irq+0x220>)
20000546:	4642      	mov	r2, r8
20000548:	661a      	str	r2, [r3, #96]	; 0x60
2000054a:	4b4c      	ldr	r3, [pc, #304]	; (2000067c <dcd_rp2040_irq+0x208>)
2000054c:	6e5b      	ldr	r3, [r3, #100]	; 0x64
2000054e:	4642      	mov	r2, r8
20000550:	4013      	ands	r3, r2
20000552:	4598      	cmp	r8, r3
20000554:	d1f9      	bne.n	2000054a <dcd_rp2040_irq+0xd6>
20000556:	e018      	b.n	2000058a <dcd_rp2040_irq+0x116>
20000558:	464b      	mov	r3, r9
2000055a:	015a      	lsls	r2, r3, #5
2000055c:	4b4a      	ldr	r3, [pc, #296]	; (20000688 <dcd_rp2040_irq+0x214>)
2000055e:	189b      	adds	r3, r3, r2
20000560:	2201      	movs	r2, #1
20000562:	70da      	strb	r2, [r3, #3]
20000564:	3401      	adds	r4, #1
20000566:	b2e4      	uxtb	r4, r4
20000568:	2c01      	cmp	r4, #1
2000056a:	d820      	bhi.n	200005ae <dcd_rp2040_irq+0x13a>
2000056c:	46a1      	mov	r9, r4
2000056e:	0163      	lsls	r3, r4, #5
20000570:	4e45      	ldr	r6, [pc, #276]	; (20000688 <dcd_rp2040_irq+0x214>)
20000572:	199e      	adds	r6, r3, r6
20000574:	7eb3      	ldrb	r3, [r6, #26]
20000576:	2b00      	cmp	r3, #0
20000578:	d0ee      	beq.n	20000558 <dcd_rp2040_irq+0xe4>
2000057a:	2c00      	cmp	r4, #0
2000057c:	d0df      	beq.n	2000053e <dcd_rp2040_irq+0xca>
2000057e:	2301      	movs	r3, #1
20000580:	4698      	mov	r8, r3
20000582:	f000 faf1 	bl	20000b68 <__rp2040_chip_version_veneer>
20000586:	2801      	cmp	r0, #1
20000588:	d8dc      	bhi.n	20000544 <dcd_rp2040_irq+0xd0>
2000058a:	22c0      	movs	r2, #192	; 0xc0
2000058c:	0192      	lsls	r2, r2, #6
2000058e:	2100      	movs	r1, #0
20000590:	0030      	movs	r0, r6
20000592:	f000 f943 	bl	2000081c <_hw_endpoint_buffer_control_update32>
20000596:	0030      	movs	r0, r6
20000598:	f000 f93a 	bl	20000810 <hw_endpoint_reset_transfer>
2000059c:	f000 fae4 	bl	20000b68 <__rp2040_chip_version_veneer>
200005a0:	2801      	cmp	r0, #1
200005a2:	d9d9      	bls.n	20000558 <dcd_rp2040_irq+0xe4>
200005a4:	4b3a      	ldr	r3, [pc, #232]	; (20000690 <dcd_rp2040_irq+0x21c>)
200005a6:	4642      	mov	r2, r8
200005a8:	665a      	str	r2, [r3, #100]	; 0x64
200005aa:	661a      	str	r2, [r3, #96]	; 0x60
200005ac:	e7d4      	b.n	20000558 <dcd_rp2040_irq+0xe4>
200005ae:	ac01      	add	r4, sp, #4
200005b0:	220c      	movs	r2, #12
200005b2:	2100      	movs	r1, #0
200005b4:	0020      	movs	r0, r4
200005b6:	f000 faef 	bl	20000b98 <____wrap_memset_veneer>
200005ba:	2306      	movs	r3, #6
200005bc:	7063      	strb	r3, [r4, #1]
200005be:	4a36      	ldr	r2, [pc, #216]	; (20000698 <dcd_rp2040_irq+0x224>)
200005c0:	ab02      	add	r3, sp, #8
200005c2:	ca03      	ldmia	r2!, {r0, r1}
200005c4:	c303      	stmia	r3!, {r0, r1}
200005c6:	2101      	movs	r1, #1
200005c8:	0020      	movs	r0, r4
200005ca:	f000 f9b1 	bl	20000930 <dcd_event_handler>
200005ce:	4b30      	ldr	r3, [pc, #192]	; (20000690 <dcd_rp2040_irq+0x21c>)
200005d0:	2280      	movs	r2, #128	; 0x80
200005d2:	0292      	lsls	r2, r2, #10
200005d4:	651a      	str	r2, [r3, #80]	; 0x50
200005d6:	04eb      	lsls	r3, r5, #19
200005d8:	d40a      	bmi.n	200005f0 <dcd_rp2040_irq+0x17c>
200005da:	046b      	lsls	r3, r5, #17
200005dc:	d421      	bmi.n	20000622 <dcd_rp2040_irq+0x1ae>
200005de:	042b      	lsls	r3, r5, #16
200005e0:	d432      	bmi.n	20000648 <dcd_rp2040_irq+0x1d4>
200005e2:	42af      	cmp	r7, r5
200005e4:	d144      	bne.n	20000670 <dcd_rp2040_irq+0x1fc>
200005e6:	b005      	add	sp, #20
200005e8:	bcc0      	pop	{r6, r7}
200005ea:	46b9      	mov	r9, r7
200005ec:	46b0      	mov	r8, r6
200005ee:	bdf0      	pop	{r4, r5, r6, r7, pc}
200005f0:	2380      	movs	r3, #128	; 0x80
200005f2:	015b      	lsls	r3, r3, #5
200005f4:	431f      	orrs	r7, r3
200005f6:	4b21      	ldr	r3, [pc, #132]	; (2000067c <dcd_rp2040_irq+0x208>)
200005f8:	2200      	movs	r2, #0
200005fa:	601a      	str	r2, [r3, #0]
200005fc:	f7ff fec8 	bl	20000390 <reset_non_control_endpoints>
20000600:	ac01      	add	r4, sp, #4
20000602:	220c      	movs	r2, #12
20000604:	2100      	movs	r1, #0
20000606:	0020      	movs	r0, r4
20000608:	f000 fac6 	bl	20000b98 <____wrap_memset_veneer>
2000060c:	2301      	movs	r3, #1
2000060e:	7063      	strb	r3, [r4, #1]
20000610:	2101      	movs	r1, #1
20000612:	0020      	movs	r0, r4
20000614:	f000 f98c 	bl	20000930 <dcd_event_handler>
20000618:	4b1d      	ldr	r3, [pc, #116]	; (20000690 <dcd_rp2040_irq+0x21c>)
2000061a:	2280      	movs	r2, #128	; 0x80
2000061c:	0312      	lsls	r2, r2, #12
2000061e:	651a      	str	r2, [r3, #80]	; 0x50
20000620:	e7db      	b.n	200005da <dcd_rp2040_irq+0x166>
20000622:	2380      	movs	r3, #128	; 0x80
20000624:	01db      	lsls	r3, r3, #7
20000626:	431f      	orrs	r7, r3
20000628:	ac01      	add	r4, sp, #4
2000062a:	220c      	movs	r2, #12
2000062c:	2100      	movs	r1, #0
2000062e:	0020      	movs	r0, r4
20000630:	f000 fab2 	bl	20000b98 <____wrap_memset_veneer>
20000634:	2304      	movs	r3, #4
20000636:	7063      	strb	r3, [r4, #1]
20000638:	2101      	movs	r1, #1
2000063a:	0020      	movs	r0, r4
2000063c:	f000 f978 	bl	20000930 <dcd_event_handler>
20000640:	4b13      	ldr	r3, [pc, #76]	; (20000690 <dcd_rp2040_irq+0x21c>)
20000642:	2210      	movs	r2, #16
20000644:	651a      	str	r2, [r3, #80]	; 0x50
20000646:	e7ca      	b.n	200005de <dcd_rp2040_irq+0x16a>
20000648:	2380      	movs	r3, #128	; 0x80
2000064a:	021b      	lsls	r3, r3, #8
2000064c:	431f      	orrs	r7, r3
2000064e:	ac01      	add	r4, sp, #4
20000650:	220c      	movs	r2, #12
20000652:	2100      	movs	r1, #0
20000654:	0020      	movs	r0, r4
20000656:	f000 fa9f 	bl	20000b98 <____wrap_memset_veneer>
2000065a:	2305      	movs	r3, #5
2000065c:	7063      	strb	r3, [r4, #1]
2000065e:	2101      	movs	r1, #1
20000660:	0020      	movs	r0, r4
20000662:	f000 f965 	bl	20000930 <dcd_event_handler>
20000666:	4b0a      	ldr	r3, [pc, #40]	; (20000690 <dcd_rp2040_irq+0x21c>)
20000668:	2280      	movs	r2, #128	; 0x80
2000066a:	0112      	lsls	r2, r2, #4
2000066c:	651a      	str	r2, [r3, #80]	; 0x50
2000066e:	e7b8      	b.n	200005e2 <dcd_rp2040_irq+0x16e>
20000670:	0039      	movs	r1, r7
20000672:	4069      	eors	r1, r5
20000674:	4809      	ldr	r0, [pc, #36]	; (2000069c <dcd_rp2040_irq+0x228>)
20000676:	f000 faaf 	bl	20000bd8 <__panic_veneer>
2000067a:	46c0      	nop			; (mov r8, r8)
2000067c:	50110000 	.word	0x50110000
20000680:	40054000 	.word	0x40054000
20000684:	20001708 	.word	0x20001708
20000688:	20001710 	.word	0x20001710
2000068c:	20001d65 	.word	0x20001d65
20000690:	50113000 	.word	0x50113000
20000694:	50112000 	.word	0x50112000
20000698:	50100000 	.word	0x50100000
2000069c:	10007d2c 	.word	0x10007d2c

200006a0 <prepare_ep_buffer>:
200006a0:	b5f8      	push	{r3, r4, r5, r6, r7, lr}
200006a2:	0004      	movs	r4, r0
200006a4:	000f      	movs	r7, r1
200006a6:	8a83      	ldrh	r3, [r0, #20]
200006a8:	8b02      	ldrh	r2, [r0, #24]
200006aa:	1c1e      	adds	r6, r3, #0
200006ac:	4293      	cmp	r3, r2
200006ae:	d900      	bls.n	200006b2 <prepare_ep_buffer+0x12>
200006b0:	1c16      	adds	r6, r2, #0
200006b2:	b2b6      	uxth	r6, r6
200006b4:	1b9b      	subs	r3, r3, r6
200006b6:	82a3      	strh	r3, [r4, #20]
200006b8:	2580      	movs	r5, #128	; 0x80
200006ba:	00ed      	lsls	r5, r5, #3
200006bc:	4335      	orrs	r5, r6
200006be:	78e3      	ldrb	r3, [r4, #3]
200006c0:	2b00      	cmp	r3, #0
200006c2:	d013      	beq.n	200006ec <prepare_ep_buffer+0x4c>
200006c4:	2280      	movs	r2, #128	; 0x80
200006c6:	0192      	lsls	r2, r2, #6
200006c8:	4315      	orrs	r5, r2
200006ca:	2201      	movs	r2, #1
200006cc:	4053      	eors	r3, r2
200006ce:	70e3      	strb	r3, [r4, #3]
200006d0:	7863      	ldrb	r3, [r4, #1]
200006d2:	2b00      	cmp	r3, #0
200006d4:	d00c      	beq.n	200006f0 <prepare_ep_buffer+0x50>
200006d6:	8aa3      	ldrh	r3, [r4, #20]
200006d8:	2b00      	cmp	r3, #0
200006da:	d102      	bne.n	200006e2 <prepare_ep_buffer+0x42>
200006dc:	2380      	movs	r3, #128	; 0x80
200006de:	01db      	lsls	r3, r3, #7
200006e0:	431d      	orrs	r5, r3
200006e2:	2f00      	cmp	r7, #0
200006e4:	d000      	beq.n	200006e8 <prepare_ep_buffer+0x48>
200006e6:	042d      	lsls	r5, r5, #16
200006e8:	0028      	movs	r0, r5
200006ea:	bdf8      	pop	{r3, r4, r5, r6, r7, pc}
200006ec:	2200      	movs	r2, #0
200006ee:	e7eb      	b.n	200006c8 <prepare_ep_buffer+0x28>
200006f0:	01b8      	lsls	r0, r7, #6
200006f2:	68e3      	ldr	r3, [r4, #12]
200006f4:	469c      	mov	ip, r3
200006f6:	4460      	add	r0, ip
200006f8:	0032      	movs	r2, r6
200006fa:	6921      	ldr	r1, [r4, #16]
200006fc:	f000 fa2c 	bl	20000b58 <__unaligned_memcpy_veneer>
20000700:	6923      	ldr	r3, [r4, #16]
20000702:	469c      	mov	ip, r3
20000704:	4466      	add	r6, ip
20000706:	6126      	str	r6, [r4, #16]
20000708:	2380      	movs	r3, #128	; 0x80
2000070a:	021b      	lsls	r3, r3, #8
2000070c:	431d      	orrs	r5, r3
2000070e:	e7e2      	b.n	200006d6 <prepare_ep_buffer+0x36>

20000710 <e15_is_bulkin_ep>:
20000710:	4b09      	ldr	r3, [pc, #36]	; (20000738 <e15_is_bulkin_ep+0x28>)
20000712:	6c1b      	ldr	r3, [r3, #64]	; 0x40
20000714:	079b      	lsls	r3, r3, #30
20000716:	d40c      	bmi.n	20000732 <e15_is_bulkin_ep+0x22>
20000718:	7883      	ldrb	r3, [r0, #2]
2000071a:	09db      	lsrs	r3, r3, #7
2000071c:	2b01      	cmp	r3, #1
2000071e:	d001      	beq.n	20000724 <e15_is_bulkin_ep+0x14>
20000720:	2000      	movs	r0, #0
20000722:	e007      	b.n	20000734 <e15_is_bulkin_ep+0x24>
20000724:	7ec3      	ldrb	r3, [r0, #27]
20000726:	2b02      	cmp	r3, #2
20000728:	d001      	beq.n	2000072e <e15_is_bulkin_ep+0x1e>
2000072a:	2000      	movs	r0, #0
2000072c:	e002      	b.n	20000734 <e15_is_bulkin_ep+0x24>
2000072e:	2001      	movs	r0, #1
20000730:	e000      	b.n	20000734 <e15_is_bulkin_ep+0x24>
20000732:	2000      	movs	r0, #0
20000734:	4770      	bx	lr
20000736:	46c0      	nop			; (mov r8, r8)
20000738:	50110000 	.word	0x50110000

2000073c <e15_is_critical_frame_period>:
2000073c:	b510      	push	{r4, lr}
2000073e:	f7ff ffe7 	bl	20000710 <e15_is_bulkin_ep>
20000742:	2800      	cmp	r0, #0
20000744:	d009      	beq.n	2000075a <e15_is_critical_frame_period+0x1e>
20000746:	4b06      	ldr	r3, [pc, #24]	; (20000760 <e15_is_critical_frame_period+0x24>)
20000748:	6a9b      	ldr	r3, [r3, #40]	; 0x28
2000074a:	4a06      	ldr	r2, [pc, #24]	; (20000764 <e15_is_critical_frame_period+0x28>)
2000074c:	6812      	ldr	r2, [r2, #0]
2000074e:	1a9b      	subs	r3, r3, r2
20000750:	4a05      	ldr	r2, [pc, #20]	; (20000768 <e15_is_critical_frame_period+0x2c>)
20000752:	4694      	mov	ip, r2
20000754:	4463      	add	r3, ip
20000756:	2bc6      	cmp	r3, #198	; 0xc6
20000758:	d800      	bhi.n	2000075c <e15_is_critical_frame_period+0x20>
2000075a:	bd10      	pop	{r4, pc}
2000075c:	2000      	movs	r0, #0
2000075e:	e7fc      	b.n	2000075a <e15_is_critical_frame_period+0x1e>
20000760:	40054000 	.word	0x40054000
20000764:	20001708 	.word	0x20001708
20000768:	fffffce0 	.word	0xfffffce0

2000076c <sync_ep_buffer>:
2000076c:	b570      	push	{r4, r5, r6, lr}
2000076e:	0004      	movs	r4, r0
20000770:	6883      	ldr	r3, [r0, #8]
20000772:	681b      	ldr	r3, [r3, #0]
20000774:	2900      	cmp	r1, #0
20000776:	d000      	beq.n	2000077a <sync_ep_buffer+0xe>
20000778:	0c1b      	lsrs	r3, r3, #16
2000077a:	059d      	lsls	r5, r3, #22
2000077c:	0dad      	lsrs	r5, r5, #22
2000077e:	7862      	ldrb	r2, [r4, #1]
20000780:	2a00      	cmp	r2, #0
20000782:	d111      	bne.n	200007a8 <sync_ep_buffer+0x3c>
20000784:	041b      	lsls	r3, r3, #16
20000786:	d409      	bmi.n	2000079c <sync_ep_buffer+0x30>
20000788:	8ae3      	ldrh	r3, [r4, #22]
2000078a:	195b      	adds	r3, r3, r5
2000078c:	82e3      	strh	r3, [r4, #22]
2000078e:	8b23      	ldrh	r3, [r4, #24]
20000790:	42ab      	cmp	r3, r5
20000792:	d901      	bls.n	20000798 <sync_ep_buffer+0x2c>
20000794:	2300      	movs	r3, #0
20000796:	82a3      	strh	r3, [r4, #20]
20000798:	0028      	movs	r0, r5
2000079a:	bd70      	pop	{r4, r5, r6, pc}
2000079c:	4b0e      	ldr	r3, [pc, #56]	; (200007d8 <sync_ep_buffer+0x6c>)
2000079e:	4a0f      	ldr	r2, [pc, #60]	; (200007dc <sync_ep_buffer+0x70>)
200007a0:	21e8      	movs	r1, #232	; 0xe8
200007a2:	480f      	ldr	r0, [pc, #60]	; (200007e0 <sync_ep_buffer+0x74>)
200007a4:	f000 f9f0 	bl	20000b88 <____assert_func_veneer>
200007a8:	041b      	lsls	r3, r3, #16
200007aa:	d50e      	bpl.n	200007ca <sync_ep_buffer+0x5e>
200007ac:	0189      	lsls	r1, r1, #6
200007ae:	68e3      	ldr	r3, [r4, #12]
200007b0:	469c      	mov	ip, r3
200007b2:	4461      	add	r1, ip
200007b4:	002a      	movs	r2, r5
200007b6:	6920      	ldr	r0, [r4, #16]
200007b8:	f000 f9ce 	bl	20000b58 <__unaligned_memcpy_veneer>
200007bc:	8ae3      	ldrh	r3, [r4, #22]
200007be:	195b      	adds	r3, r3, r5
200007c0:	82e3      	strh	r3, [r4, #22]
200007c2:	6923      	ldr	r3, [r4, #16]
200007c4:	195b      	adds	r3, r3, r5
200007c6:	6123      	str	r3, [r4, #16]
200007c8:	e7e1      	b.n	2000078e <sync_ep_buffer+0x22>
200007ca:	4b06      	ldr	r3, [pc, #24]	; (200007e4 <sync_ep_buffer+0x78>)
200007cc:	4a03      	ldr	r2, [pc, #12]	; (200007dc <sync_ep_buffer+0x70>)
200007ce:	21ee      	movs	r1, #238	; 0xee
200007d0:	4803      	ldr	r0, [pc, #12]	; (200007e0 <sync_ep_buffer+0x74>)
200007d2:	f000 f9d9 	bl	20000b88 <____assert_func_veneer>
200007d6:	46c0      	nop			; (mov r8, r8)
200007d8:	10007dac 	.word	0x10007dac
200007dc:	10007ed0 	.word	0x10007ed0
200007e0:	10007dcc 	.word	0x10007dcc
200007e4:	10007e30 	.word	0x10007e30

200007e8 <_hw_endpoint_xfer_sync>:
200007e8:	b510      	push	{r4, lr}
200007ea:	0004      	movs	r4, r0
200007ec:	6883      	ldr	r3, [r0, #8]
200007ee:	681b      	ldr	r3, [r3, #0]
200007f0:	2100      	movs	r1, #0
200007f2:	f7ff ffbb 	bl	2000076c <sync_ep_buffer>
200007f6:	6863      	ldr	r3, [r4, #4]
200007f8:	681b      	ldr	r3, [r3, #0]
200007fa:	005b      	lsls	r3, r3, #1
200007fc:	d502      	bpl.n	20000804 <_hw_endpoint_xfer_sync+0x1c>
200007fe:	8b23      	ldrh	r3, [r4, #24]
20000800:	4283      	cmp	r3, r0
20000802:	d000      	beq.n	20000806 <_hw_endpoint_xfer_sync+0x1e>
20000804:	bd10      	pop	{r4, pc}
20000806:	2101      	movs	r1, #1
20000808:	0020      	movs	r0, r4
2000080a:	f7ff ffaf 	bl	2000076c <sync_ep_buffer>
2000080e:	e7f9      	b.n	20000804 <_hw_endpoint_xfer_sync+0x1c>

20000810 <hw_endpoint_reset_transfer>:
20000810:	2300      	movs	r3, #0
20000812:	7683      	strb	r3, [r0, #26]
20000814:	8283      	strh	r3, [r0, #20]
20000816:	82c3      	strh	r3, [r0, #22]
20000818:	6103      	str	r3, [r0, #16]
2000081a:	4770      	bx	lr

2000081c <_hw_endpoint_buffer_control_update32>:
2000081c:	b510      	push	{r4, lr}
2000081e:	2900      	cmp	r1, #0
20000820:	d002      	beq.n	20000828 <_hw_endpoint_buffer_control_update32+0xc>
20000822:	6883      	ldr	r3, [r0, #8]
20000824:	681b      	ldr	r3, [r3, #0]
20000826:	4019      	ands	r1, r3
20000828:	2a00      	cmp	r2, #0
2000082a:	d010      	beq.n	2000084e <_hw_endpoint_buffer_control_update32+0x32>
2000082c:	4311      	orrs	r1, r2
2000082e:	0553      	lsls	r3, r2, #21
20000830:	d50d      	bpl.n	2000084e <_hw_endpoint_buffer_control_update32+0x32>
20000832:	6882      	ldr	r2, [r0, #8]
20000834:	6813      	ldr	r3, [r2, #0]
20000836:	055b      	lsls	r3, r3, #21
20000838:	d40c      	bmi.n	20000854 <_hw_endpoint_buffer_control_update32+0x38>
2000083a:	4b08      	ldr	r3, [pc, #32]	; (2000085c <_hw_endpoint_buffer_control_update32+0x40>)
2000083c:	400b      	ands	r3, r1
2000083e:	6013      	str	r3, [r2, #0]
20000840:	4b07      	ldr	r3, [pc, #28]	; (20000860 <_hw_endpoint_buffer_control_update32+0x44>)
20000842:	6c1b      	ldr	r3, [r3, #64]	; 0x40
20000844:	079b      	lsls	r3, r3, #30
20000846:	d402      	bmi.n	2000084e <_hw_endpoint_buffer_control_update32+0x32>
20000848:	230c      	movs	r3, #12
2000084a:	3b03      	subs	r3, #3
2000084c:	d2fd      	bcs.n	2000084a <_hw_endpoint_buffer_control_update32+0x2e>
2000084e:	6883      	ldr	r3, [r0, #8]
20000850:	6019      	str	r1, [r3, #0]
20000852:	bd10      	pop	{r4, pc}
20000854:	7881      	ldrb	r1, [r0, #2]
20000856:	4803      	ldr	r0, [pc, #12]	; (20000864 <_hw_endpoint_buffer_control_update32+0x48>)
20000858:	f000 f9be 	bl	20000bd8 <__panic_veneer>
2000085c:	fffffbff 	.word	0xfffffbff
20000860:	50110000 	.word	0x50110000
20000864:	10007e50 	.word	0x10007e50

20000868 <hw_endpoint_start_next_buffer>:
20000868:	b570      	push	{r4, r5, r6, lr}
2000086a:	0004      	movs	r4, r0
2000086c:	6843      	ldr	r3, [r0, #4]
2000086e:	681e      	ldr	r6, [r3, #0]
20000870:	2100      	movs	r1, #0
20000872:	f7ff ff15 	bl	200006a0 <prepare_ep_buffer>
20000876:	2580      	movs	r5, #128	; 0x80
20000878:	016d      	lsls	r5, r5, #5
2000087a:	4305      	orrs	r5, r0
2000087c:	4b19      	ldr	r3, [pc, #100]	; (200008e4 <hw_endpoint_start_next_buffer+0x7c>)
2000087e:	6c1b      	ldr	r3, [r3, #64]	; 0x40
20000880:	2202      	movs	r2, #2
20000882:	0011      	movs	r1, r2
20000884:	4019      	ands	r1, r3
20000886:	421a      	tst	r2, r3
20000888:	d102      	bne.n	20000890 <hw_endpoint_start_next_buffer+0x28>
2000088a:	78a3      	ldrb	r3, [r4, #2]
2000088c:	09db      	lsrs	r3, r3, #7
2000088e:	d006      	beq.n	2000089e <hw_endpoint_start_next_buffer+0x36>
20000890:	2900      	cmp	r1, #0
20000892:	d006      	beq.n	200008a2 <hw_endpoint_start_next_buffer+0x3a>
20000894:	78a3      	ldrb	r3, [r4, #2]
20000896:	065b      	lsls	r3, r3, #25
20000898:	d116      	bne.n	200008c8 <hw_endpoint_start_next_buffer+0x60>
2000089a:	2300      	movs	r3, #0
2000089c:	e002      	b.n	200008a4 <hw_endpoint_start_next_buffer+0x3c>
2000089e:	2301      	movs	r3, #1
200008a0:	e000      	b.n	200008a4 <hw_endpoint_start_next_buffer+0x3c>
200008a2:	2300      	movs	r3, #0
200008a4:	8aa2      	ldrh	r2, [r4, #20]
200008a6:	2a00      	cmp	r2, #0
200008a8:	d001      	beq.n	200008ae <hw_endpoint_start_next_buffer+0x46>
200008aa:	2b00      	cmp	r3, #0
200008ac:	d00e      	beq.n	200008cc <hw_endpoint_start_next_buffer+0x64>
200008ae:	4b0e      	ldr	r3, [pc, #56]	; (200008e8 <hw_endpoint_start_next_buffer+0x80>)
200008b0:	401e      	ands	r6, r3
200008b2:	2380      	movs	r3, #128	; 0x80
200008b4:	059b      	lsls	r3, r3, #22
200008b6:	4333      	orrs	r3, r6
200008b8:	6862      	ldr	r2, [r4, #4]
200008ba:	6013      	str	r3, [r2, #0]
200008bc:	002a      	movs	r2, r5
200008be:	2100      	movs	r1, #0
200008c0:	0020      	movs	r0, r4
200008c2:	f7ff ffab 	bl	2000081c <_hw_endpoint_buffer_control_update32>
200008c6:	bd70      	pop	{r4, r5, r6, pc}
200008c8:	2301      	movs	r3, #1
200008ca:	e7eb      	b.n	200008a4 <hw_endpoint_start_next_buffer+0x3c>
200008cc:	2101      	movs	r1, #1
200008ce:	0020      	movs	r0, r4
200008d0:	f7ff fee6 	bl	200006a0 <prepare_ep_buffer>
200008d4:	4305      	orrs	r5, r0
200008d6:	4b05      	ldr	r3, [pc, #20]	; (200008ec <hw_endpoint_start_next_buffer+0x84>)
200008d8:	401e      	ands	r6, r3
200008da:	23a0      	movs	r3, #160	; 0xa0
200008dc:	05db      	lsls	r3, r3, #23
200008de:	4333      	orrs	r3, r6
200008e0:	e7ea      	b.n	200008b8 <hw_endpoint_start_next_buffer+0x50>
200008e2:	46c0      	nop			; (mov r8, r8)
200008e4:	50110000 	.word	0x50110000
200008e8:	afffffff 	.word	0xafffffff
200008ec:	dfffffff 	.word	0xdfffffff

200008f0 <hw_endpoint_xfer_continue>:
200008f0:	b570      	push	{r4, r5, r6, lr}
200008f2:	0004      	movs	r4, r0
200008f4:	7e85      	ldrb	r5, [r0, #26]
200008f6:	2d00      	cmp	r5, #0
200008f8:	d006      	beq.n	20000908 <hw_endpoint_xfer_continue+0x18>
200008fa:	f7ff ff75 	bl	200007e8 <_hw_endpoint_xfer_sync>
200008fe:	8aa3      	ldrh	r3, [r4, #20]
20000900:	2b00      	cmp	r3, #0
20000902:	d105      	bne.n	20000910 <hw_endpoint_xfer_continue+0x20>
20000904:	0028      	movs	r0, r5
20000906:	bd70      	pop	{r4, r5, r6, pc}
20000908:	7881      	ldrb	r1, [r0, #2]
2000090a:	4808      	ldr	r0, [pc, #32]	; (2000092c <hw_endpoint_xfer_continue+0x3c>)
2000090c:	f000 f964 	bl	20000bd8 <__panic_veneer>
20000910:	0020      	movs	r0, r4
20000912:	f7ff ff13 	bl	2000073c <e15_is_critical_frame_period>
20000916:	1e05      	subs	r5, r0, #0
20000918:	d003      	beq.n	20000922 <hw_endpoint_xfer_continue+0x32>
2000091a:	2301      	movs	r3, #1
2000091c:	7723      	strb	r3, [r4, #28]
2000091e:	2500      	movs	r5, #0
20000920:	e7f0      	b.n	20000904 <hw_endpoint_xfer_continue+0x14>
20000922:	0020      	movs	r0, r4
20000924:	f7ff ffa0 	bl	20000868 <hw_endpoint_start_next_buffer>
20000928:	e7ec      	b.n	20000904 <hw_endpoint_xfer_continue+0x14>
2000092a:	46c0      	nop			; (mov r8, r8)
2000092c:	10007e70 	.word	0x10007e70

20000930 <dcd_event_handler>:
20000930:	b570      	push	{r4, r5, r6, lr}
20000932:	b086      	sub	sp, #24
20000934:	0005      	movs	r5, r0
20000936:	000e      	movs	r6, r1
20000938:	7843      	ldrb	r3, [r0, #1]
2000093a:	2b06      	cmp	r3, #6
2000093c:	d812      	bhi.n	20000964 <dcd_event_handler+0x34>
2000093e:	009b      	lsls	r3, r3, #2
20000940:	4a76      	ldr	r2, [pc, #472]	; (20000b1c <dcd_event_handler+0x1ec>)
20000942:	58d3      	ldr	r3, [r2, r3]
20000944:	469f      	mov	pc, r3
20000946:	4b76      	ldr	r3, [pc, #472]	; (20000b20 <dcd_event_handler+0x1f0>)
20000948:	781a      	ldrb	r2, [r3, #0]
2000094a:	2101      	movs	r1, #1
2000094c:	438a      	bics	r2, r1
2000094e:	701a      	strb	r2, [r3, #0]
20000950:	781a      	ldrb	r2, [r3, #0]
20000952:	3101      	adds	r1, #1
20000954:	438a      	bics	r2, r1
20000956:	701a      	strb	r2, [r3, #0]
20000958:	2200      	movs	r2, #0
2000095a:	705a      	strb	r2, [r3, #1]
2000095c:	781a      	ldrb	r2, [r3, #0]
2000095e:	3102      	adds	r1, #2
20000960:	438a      	bics	r2, r1
20000962:	701a      	strb	r2, [r3, #0]
20000964:	4b6f      	ldr	r3, [pc, #444]	; (20000b24 <dcd_event_handler+0x1f4>)
20000966:	681c      	ldr	r4, [r3, #0]
20000968:	0021      	movs	r1, r4
2000096a:	3114      	adds	r1, #20
2000096c:	6962      	ldr	r2, [r4, #20]
2000096e:	f3ef 8010 	mrs	r0, PRIMASK
20000972:	b672      	cpsid	i
20000974:	6813      	ldr	r3, [r2, #0]
20000976:	2b00      	cmp	r3, #0
20000978:	d0fc      	beq.n	20000974 <dcd_event_handler+0x44>
2000097a:	f3bf 8f5f 	dmb	sy
2000097e:	6048      	str	r0, [r1, #4]
20000980:	0029      	movs	r1, r5
20000982:	0020      	movs	r0, r4
20000984:	f000 f8f8 	bl	20000b78 <__tu_fifo_write_veneer>
20000988:	6962      	ldr	r2, [r4, #20]
2000098a:	69a3      	ldr	r3, [r4, #24]
2000098c:	f3bf 8f5f 	dmb	sy
20000990:	2100      	movs	r1, #0
20000992:	6011      	str	r1, [r2, #0]
20000994:	f383 8810 	msr	PRIMASK, r3
20000998:	2800      	cmp	r0, #0
2000099a:	d100      	bne.n	2000099e <dcd_event_handler+0x6e>
2000099c:	e0b6      	b.n	20000b0c <dcd_event_handler+0x1dc>
2000099e:	7869      	ldrb	r1, [r5, #1]
200009a0:	7828      	ldrb	r0, [r5, #0]
200009a2:	0032      	movs	r2, r6
200009a4:	f000 f8d0 	bl	20000b48 <__tud_event_hook_cb_veneer>
200009a8:	b006      	add	sp, #24
200009aa:	bd70      	pop	{r4, r5, r6, pc}
200009ac:	4b5c      	ldr	r3, [pc, #368]	; (20000b20 <dcd_event_handler+0x1f0>)
200009ae:	781b      	ldrb	r3, [r3, #0]
200009b0:	07db      	lsls	r3, r3, #31
200009b2:	d5f9      	bpl.n	200009a8 <dcd_event_handler+0x78>
200009b4:	4a5a      	ldr	r2, [pc, #360]	; (20000b20 <dcd_event_handler+0x1f0>)
200009b6:	7813      	ldrb	r3, [r2, #0]
200009b8:	2104      	movs	r1, #4
200009ba:	430b      	orrs	r3, r1
200009bc:	7013      	strb	r3, [r2, #0]
200009be:	e7d1      	b.n	20000964 <dcd_event_handler+0x34>
200009c0:	4b57      	ldr	r3, [pc, #348]	; (20000b20 <dcd_event_handler+0x1f0>)
200009c2:	781b      	ldrb	r3, [r3, #0]
200009c4:	07db      	lsls	r3, r3, #31
200009c6:	d5ef      	bpl.n	200009a8 <dcd_event_handler+0x78>
200009c8:	4a55      	ldr	r2, [pc, #340]	; (20000b20 <dcd_event_handler+0x1f0>)
200009ca:	7813      	ldrb	r3, [r2, #0]
200009cc:	2104      	movs	r1, #4
200009ce:	438b      	bics	r3, r1
200009d0:	7013      	strb	r3, [r2, #0]
200009d2:	e7c7      	b.n	20000964 <dcd_event_handler+0x34>
200009d4:	1ad2      	subs	r2, r2, r3
200009d6:	0152      	lsls	r2, r2, #5
200009d8:	4b53      	ldr	r3, [pc, #332]	; (20000b28 <dcd_event_handler+0x1f8>)
200009da:	189b      	adds	r3, r3, r2
200009dc:	e00d      	b.n	200009fa <dcd_event_handler+0xca>
200009de:	3401      	adds	r4, #1
200009e0:	b2e4      	uxtb	r4, r4
200009e2:	4b52      	ldr	r3, [pc, #328]	; (20000b2c <dcd_event_handler+0x1fc>)
200009e4:	781b      	ldrb	r3, [r3, #0]
200009e6:	1c59      	adds	r1, r3, #1
200009e8:	0022      	movs	r2, r4
200009ea:	42a1      	cmp	r1, r4
200009ec:	db10      	blt.n	20000a10 <dcd_event_handler+0xe0>
200009ee:	42a3      	cmp	r3, r4
200009f0:	d9f0      	bls.n	200009d4 <dcd_event_handler+0xa4>
200009f2:	4b4f      	ldr	r3, [pc, #316]	; (20000b30 <dcd_event_handler+0x200>)
200009f4:	681b      	ldr	r3, [r3, #0]
200009f6:	0162      	lsls	r2, r4, #5
200009f8:	189b      	adds	r3, r3, r2
200009fa:	2b00      	cmp	r3, #0
200009fc:	d0ef      	beq.n	200009de <dcd_event_handler+0xae>
200009fe:	69db      	ldr	r3, [r3, #28]
20000a00:	2b00      	cmp	r3, #0
20000a02:	d0ec      	beq.n	200009de <dcd_event_handler+0xae>
20000a04:	7828      	ldrb	r0, [r5, #0]
20000a06:	6869      	ldr	r1, [r5, #4]
20000a08:	4798      	blx	r3
20000a0a:	e7e8      	b.n	200009de <dcd_event_handler+0xae>
20000a0c:	2400      	movs	r4, #0
20000a0e:	e7e8      	b.n	200009e2 <dcd_event_handler+0xb2>
20000a10:	4b43      	ldr	r3, [pc, #268]	; (20000b20 <dcd_event_handler+0x1f0>)
20000a12:	781b      	ldrb	r3, [r3, #0]
20000a14:	075b      	lsls	r3, r3, #29
20000a16:	d433      	bmi.n	20000a80 <dcd_event_handler+0x150>
20000a18:	4b41      	ldr	r3, [pc, #260]	; (20000b20 <dcd_event_handler+0x1f0>)
20000a1a:	78db      	ldrb	r3, [r3, #3]
20000a1c:	07db      	lsls	r3, r3, #31
20000a1e:	d5c3      	bpl.n	200009a8 <dcd_event_handler+0x78>
20000a20:	220c      	movs	r2, #12
20000a22:	2100      	movs	r1, #0
20000a24:	a803      	add	r0, sp, #12
20000a26:	f000 f8b7 	bl	20000b98 <____wrap_memset_veneer>
20000a2a:	782b      	ldrb	r3, [r5, #0]
20000a2c:	aa02      	add	r2, sp, #8
20000a2e:	7113      	strb	r3, [r2, #4]
20000a30:	2303      	movs	r3, #3
20000a32:	7153      	strb	r3, [r2, #5]
20000a34:	686b      	ldr	r3, [r5, #4]
20000a36:	9301      	str	r3, [sp, #4]
20000a38:	9304      	str	r3, [sp, #16]
20000a3a:	4b3a      	ldr	r3, [pc, #232]	; (20000b24 <dcd_event_handler+0x1f4>)
20000a3c:	681c      	ldr	r4, [r3, #0]
20000a3e:	0021      	movs	r1, r4
20000a40:	3114      	adds	r1, #20
20000a42:	6962      	ldr	r2, [r4, #20]
20000a44:	f3ef 8010 	mrs	r0, PRIMASK
20000a48:	b672      	cpsid	i
20000a4a:	6813      	ldr	r3, [r2, #0]
20000a4c:	2b00      	cmp	r3, #0
20000a4e:	d0fc      	beq.n	20000a4a <dcd_event_handler+0x11a>
20000a50:	f3bf 8f5f 	dmb	sy
20000a54:	6048      	str	r0, [r1, #4]
20000a56:	a903      	add	r1, sp, #12
20000a58:	0020      	movs	r0, r4
20000a5a:	f000 f88d 	bl	20000b78 <__tu_fifo_write_veneer>
20000a5e:	6962      	ldr	r2, [r4, #20]
20000a60:	69a3      	ldr	r3, [r4, #24]
20000a62:	f3bf 8f5f 	dmb	sy
20000a66:	2100      	movs	r1, #0
20000a68:	6011      	str	r1, [r2, #0]
20000a6a:	f383 8810 	msr	PRIMASK, r3
20000a6e:	2800      	cmp	r0, #0
20000a70:	d03f      	beq.n	20000af2 <dcd_event_handler+0x1c2>
20000a72:	ab03      	add	r3, sp, #12
20000a74:	7859      	ldrb	r1, [r3, #1]
20000a76:	7818      	ldrb	r0, [r3, #0]
20000a78:	0032      	movs	r2, r6
20000a7a:	f000 f865 	bl	20000b48 <__tud_event_hook_cb_veneer>
20000a7e:	e793      	b.n	200009a8 <dcd_event_handler+0x78>
20000a80:	4a27      	ldr	r2, [pc, #156]	; (20000b20 <dcd_event_handler+0x1f0>)
20000a82:	7813      	ldrb	r3, [r2, #0]
20000a84:	2104      	movs	r1, #4
20000a86:	438b      	bics	r3, r1
20000a88:	7013      	strb	r3, [r2, #0]
20000a8a:	220c      	movs	r2, #12
20000a8c:	2100      	movs	r1, #0
20000a8e:	a803      	add	r0, sp, #12
20000a90:	f000 f882 	bl	20000b98 <____wrap_memset_veneer>
20000a94:	782b      	ldrb	r3, [r5, #0]
20000a96:	aa02      	add	r2, sp, #8
20000a98:	7113      	strb	r3, [r2, #4]
20000a9a:	2305      	movs	r3, #5
20000a9c:	7153      	strb	r3, [r2, #5]
20000a9e:	4b21      	ldr	r3, [pc, #132]	; (20000b24 <dcd_event_handler+0x1f4>)
20000aa0:	681c      	ldr	r4, [r3, #0]
20000aa2:	0021      	movs	r1, r4
20000aa4:	3114      	adds	r1, #20
20000aa6:	6962      	ldr	r2, [r4, #20]
20000aa8:	f3ef 8010 	mrs	r0, PRIMASK
20000aac:	b672      	cpsid	i
20000aae:	6813      	ldr	r3, [r2, #0]
20000ab0:	2b00      	cmp	r3, #0
20000ab2:	d0fc      	beq.n	20000aae <dcd_event_handler+0x17e>
20000ab4:	f3bf 8f5f 	dmb	sy
20000ab8:	6048      	str	r0, [r1, #4]
20000aba:	a903      	add	r1, sp, #12
20000abc:	0020      	movs	r0, r4
20000abe:	f000 f85b 	bl	20000b78 <__tu_fifo_write_veneer>
20000ac2:	6962      	ldr	r2, [r4, #20]
20000ac4:	69a3      	ldr	r3, [r4, #24]
20000ac6:	f3bf 8f5f 	dmb	sy
20000aca:	2100      	movs	r1, #0
20000acc:	6011      	str	r1, [r2, #0]
20000ace:	f383 8810 	msr	PRIMASK, r3
20000ad2:	2800      	cmp	r0, #0
20000ad4:	d006      	beq.n	20000ae4 <dcd_event_handler+0x1b4>
20000ad6:	ab03      	add	r3, sp, #12
20000ad8:	7859      	ldrb	r1, [r3, #1]
20000ada:	7818      	ldrb	r0, [r3, #0]
20000adc:	0032      	movs	r2, r6
20000ade:	f000 f833 	bl	20000b48 <__tud_event_hook_cb_veneer>
20000ae2:	e799      	b.n	20000a18 <dcd_event_handler+0xe8>
20000ae4:	22ad      	movs	r2, #173	; 0xad
20000ae6:	0052      	lsls	r2, r2, #1
20000ae8:	4912      	ldr	r1, [pc, #72]	; (20000b34 <dcd_event_handler+0x204>)
20000aea:	4813      	ldr	r0, [pc, #76]	; (20000b38 <dcd_event_handler+0x208>)
20000aec:	f000 f85c 	bl	20000ba8 <____wrap_printf_veneer>
20000af0:	e792      	b.n	20000a18 <dcd_event_handler+0xe8>
20000af2:	22ad      	movs	r2, #173	; 0xad
20000af4:	0052      	lsls	r2, r2, #1
20000af6:	490f      	ldr	r1, [pc, #60]	; (20000b34 <dcd_event_handler+0x204>)
20000af8:	480f      	ldr	r0, [pc, #60]	; (20000b38 <dcd_event_handler+0x208>)
20000afa:	f000 f855 	bl	20000ba8 <____wrap_printf_veneer>
20000afe:	e753      	b.n	200009a8 <dcd_event_handler+0x78>
20000b00:	4a0e      	ldr	r2, [pc, #56]	; (20000b3c <dcd_event_handler+0x20c>)
20000b02:	7813      	ldrb	r3, [r2, #0]
20000b04:	3301      	adds	r3, #1
20000b06:	b2db      	uxtb	r3, r3
20000b08:	7013      	strb	r3, [r2, #0]
20000b0a:	e72b      	b.n	20000964 <dcd_event_handler+0x34>
20000b0c:	22ad      	movs	r2, #173	; 0xad
20000b0e:	0052      	lsls	r2, r2, #1
20000b10:	4908      	ldr	r1, [pc, #32]	; (20000b34 <dcd_event_handler+0x204>)
20000b12:	4809      	ldr	r0, [pc, #36]	; (20000b38 <dcd_event_handler+0x208>)
20000b14:	f000 f848 	bl	20000ba8 <____wrap_printf_veneer>
20000b18:	e746      	b.n	200009a8 <dcd_event_handler+0x78>
20000b1a:	46c0      	nop			; (mov r8, r8)
20000b1c:	10007f38 	.word	0x10007f38
20000b20:	200011a8 	.word	0x200011a8
20000b24:	20001200 	.word	0x20001200
20000b28:	10008054 	.word	0x10008054
20000b2c:	20001d64 	.word	0x20001d64
20000b30:	20000e7c 	.word	0x20000e7c
20000b34:	1000801c 	.word	0x1000801c
20000b38:	10007ee0 	.word	0x10007ee0
20000b3c:	20001d66 	.word	0x20001d66

20000b40 <__aeabi_idiv0>:
20000b40:	4770      	bx	lr
20000b42:	46c0      	nop			; (mov r8, r8)
20000b44:	0000      	movs	r0, r0
	...

20000b48 <__tud_event_hook_cb_veneer>:
20000b48:	b401      	push	{r0}
20000b4a:	4802      	ldr	r0, [pc, #8]	; (20000b54 <__tud_event_hook_cb_veneer+0xc>)
20000b4c:	4684      	mov	ip, r0
20000b4e:	bc01      	pop	{r0}
20000b50:	4760      	bx	ip
20000b52:	bf00      	nop
20000b54:	10004c89 	.word	0x10004c89

20000b58 <__unaligned_memcpy_veneer>:
20000b58:	b401      	push	{r0}
20000b5a:	4802      	ldr	r0, [pc, #8]	; (20000b64 <__unaligned_memcpy_veneer+0xc>)
20000b5c:	4684      	mov	ip, r0
20000b5e:	bc01      	pop	{r0}
20000b60:	4760      	bx	ip
20000b62:	bf00      	nop
20000b64:	10004989 	.word	0x10004989

20000b68 <__rp2040_chip_version_veneer>:
20000b68:	b401      	push	{r0}
20000b6a:	4802      	ldr	r0, [pc, #8]	; (20000b74 <__rp2040_chip_version_veneer+0xc>)
20000b6c:	4684      	mov	ip, r0
20000b6e:	bc01      	pop	{r0}
20000b70:	4760      	bx	ip
20000b72:	bf00      	nop
20000b74:	10000405 	.word	0x10000405

20000b78 <__tu_fifo_write_veneer>:
20000b78:	b401      	push	{r0}
20000b7a:	4802      	ldr	r0, [pc, #8]	; (20000b84 <__tu_fifo_write_veneer+0xc>)
20000b7c:	4684      	mov	ip, r0
20000b7e:	bc01      	pop	{r0}
20000b80:	4760      	bx	ip
20000b82:	bf00      	nop
20000b84:	10006975 	.word	0x10006975

20000b88 <____assert_func_veneer>:
20000b88:	b401      	push	{r0}
20000b8a:	4802      	ldr	r0, [pc, #8]	; (20000b94 <____assert_func_veneer+0xc>)
20000b8c:	4684      	mov	ip, r0
20000b8e:	bc01      	pop	{r0}
20000b90:	4760      	bx	ip
20000b92:	bf00      	nop
20000b94:	10003a85 	.word	0x10003a85

20000b98 <____wrap_memset_veneer>:
20000b98:	b401      	push	{r0}
20000b9a:	4802      	ldr	r0, [pc, #8]	; (20000ba4 <____wrap_memset_veneer+0xc>)
20000b9c:	4684      	mov	ip, r0
20000b9e:	bc01      	pop	{r0}
20000ba0:	4760      	bx	ip
20000ba2:	bf00      	nop
20000ba4:	10002921 	.word	0x10002921

20000ba8 <____wrap_printf_veneer>:
20000ba8:	b401      	push	{r0}
20000baa:	4802      	ldr	r0, [pc, #8]	; (20000bb4 <____wrap_printf_veneer+0xc>)
20000bac:	4684      	mov	ip, r0
20000bae:	bc01      	pop	{r0}
20000bb0:	4760      	bx	ip
20000bb2:	bf00      	nop
20000bb4:	10003d69 	.word	0x10003d69

20000bb8 <____wrap___aeabi_lmul_veneer>:
20000bb8:	b401      	push	{r0}
20000bba:	4802      	ldr	r0, [pc, #8]	; (20000bc4 <____wrap___aeabi_lmul_veneer+0xc>)
20000bbc:	4684      	mov	ip, r0
20000bbe:	bc01      	pop	{r0}
20000bc0:	4760      	bx	ip
20000bc2:	bf00      	nop
20000bc4:	100027ad 	.word	0x100027ad

20000bc8 <__best_effort_wfe_or_timeout_veneer>:
20000bc8:	b401      	push	{r0}
20000bca:	4802      	ldr	r0, [pc, #8]	; (20000bd4 <__best_effort_wfe_or_timeout_veneer+0xc>)
20000bcc:	4684      	mov	ip, r0
20000bce:	bc01      	pop	{r0}
20000bd0:	4760      	bx	ip
20000bd2:	bf00      	nop
20000bd4:	10001249 	.word	0x10001249

20000bd8 <__panic_veneer>:
20000bd8:	b401      	push	{r0}
20000bda:	4802      	ldr	r0, [pc, #8]	; (20000be4 <__panic_veneer+0xc>)
20000bdc:	4684      	mov	ip, r0
20000bde:	bc01      	pop	{r0}
20000be0:	4760      	bx	ip
20000be2:	bf00      	nop
20000be4:	10000451 	.word	0x10000451

20000be8 <__time_us_64_veneer>:
20000be8:	b401      	push	{r0}
20000bea:	4802      	ldr	r0, [pc, #8]	; (20000bf4 <__time_us_64_veneer+0xc>)
20000bec:	4684      	mov	ip, r0
20000bee:	bc01      	pop	{r0}
20000bf0:	4760      	bx	ip
20000bf2:	bf00      	nop
20000bf4:	100013d9 	.word	0x100013d9

20000bf8 <striped_spin_lock_num>:
20000bf8:	00000010                                ....

20000bfc <irq_handler_chain_slots>:
20000bfc:	00000000 	.word	0x00000000
20000c00:	00010000 	.word	0x00010000
	...
20000c0c:	00020000 	.word	0x00020000
	...
20000c18:	00030000 	.word	0x00030000
	...
20000c24:	00ff0000 	.word	0x00ff0000
20000c28:	00000000 	.word	0x00000000

20000c2c <irq_handler_chain_first_slot>:
20000c2c:	b501      	push	{r0, lr}
20000c2e:	6848      	ldr	r0, [r1, #4]
20000c30:	3101      	adds	r1, #1
20000c32:	468e      	mov	lr, r1
20000c34:	4700      	bx	r0

20000c36 <irq_handler_chain_remove_tail>:
20000c36:	4670      	mov	r0, lr
20000c38:	3809      	subs	r0, #9
20000c3a:	4901      	ldr	r1, [pc, #4]	; (20000c40 <irq_handler_chain_remove_tail+0xa>)
20000c3c:	4788      	blx	r1
20000c3e:	bd01      	pop	{r0, pc}
20000c40:	10000b2d 	.word	0x10000b2d

20000c44 <default_alarm_pool>:
	...
20000c58:	20000cd8 00000000                       ... ....

20000c60 <aeabi_bits_funcs>:
20000c60:	00003350 	.word	0x00003350
20000c64:	0000334c 	.word	0x0000334c
20000c68:	00003354 	.word	0x00003354
20000c6c:	00003352 	.word	0x00003352

20000c70 <aeabi_bits_funcs_end>:
20000c70:	0000534d 	.word	0x0000534d
20000c74:	0000434d 	.word	0x0000434d
20000c78:	00003453 	.word	0x00003453
20000c7c:	00003443 	.word	0x00003443

20000c80 <stdio_uart>:
20000c80:	10003d81 10003e9d 10003df5 10003ead     .=...>...=...>..
20000c90:	00000000 00000100                       ........

20000c98 <stdio_usb>:
20000c98:	10004415 100040dd 1000437d 100040c9     .D...@..}C...@..
20000ca8:	00000000 00000100                       ........

20000cb0 <_usbd_qdef>:
20000cb0:	20001204 000c0010 00000000 00000000     ... ............
	...

20000ccc <_usbd_rhport>:
20000ccc:	000000ff                                ....

20000cd0 <print_mutex>:
	...
