Seg,mV
0.05860567,0.011825741969939726
0.0586648,0.012085145342183566
0.06150985,0.012161440451667048
0.061584,0.012420843823910887
0.0616138,0.012588693064774548
0.08469272,0.012771801327534905
0.08479548,0.012939650568398567
0.08756065,0.01309224078736553
0.08761954,0.013199053940642405
0.08767629,0.012252994583047227
0.08771682,0.013488975356679637
0.08775997,0.014297703517204547
0.09868431,0.013321126115815976
0.0987947,0.011734187838559548
0.09885597,0.01313801785305562
0.09890556,0.01399252307927062
0.11373949,0.01309224078736553
0.11382627,0.011444266422522316
0.13165498,0.01297016861219196
0.13181877,0.01390096894789044
0.13187075,0.013031204699778745
0.13192081,0.011490043488212406
0.13196325,0.012954909590295263
0.14782882,0.013717860685130083
0.14793038,0.012985427634088656
0.14797306,0.01147478446631571
0.15152431,0.012741283283741512
0.15157986,0.013839932860303654
0.16466737,0.013015945677882048
0.16476011,0.01147478446631571
0.16480494,0.012939650568398567
0.16752791,0.013870450904097047
0.18081236,0.012985427634088656
0.18091679,0.011505302510109103
0.2036202,0.012909132524605172
0.20368695,0.013885709925993743
0.20371556,0.012985427634088656
0.20374203,0.011490043488212406
0.20376778,0.01297016861219196
0.20677519,0.013885709925993743
0.20688701,0.013046463721675441
0.20691895,0.011490043488212406
0.21957159,0.01287861448081178
0.21960807,0.01385519188220035
0.23355675,0.012985427634088656
0.23361731,0.011505302510109103
0.23365283,0.012909132524605172
0.24780679,0.013885709925993743
0.25667644,0.012985427634088656
0.2567935,0.011444266422522316
0.26150036,0.012893873502708476
0.26155543,0.013824673838406958
0.26158404,0.013015945677882048
0.26954436,0.011535820553902495
0.26960373,0.01287861448081178
0.27759528,0.013870450904097047
0.27769327,0.013031204699778745
0.27774906,0.01147478446631571
0.29061007,0.012909132524605172
0.29070139,0.01385519188220035
0.31472158,0.013031204699778745
0.3149004,0.01147478446631571
0.31492972,0.012909132524605172
0.31495643,0.013885709925993743
0.32321095,0.013076981765468834
0.32328963,0.011352712291142137
0.32331729,0.012909132524605172
0.32334661,0.013870450904097047
0.32337165,0.013061722743572137
0.33461666,0.01147478446631571
0.33465815,0.012939650568398567
0.34856653,0.013839932860303654
0.34861851,0.013015945677882048
0.3486464,0.011490043488212406
0.37362862,0.012909132524605172
0.37369418,0.01385519188220035
0.38168168,0.012985427634088656
0.38180161,0.011490043488212406
0.38183784,0.012909132524605172
0.3818717,0.01385519188220035
0.39076161,0.012893873502708476
0.39088488,0.011459525444419012
0.40358281,0.012893873502708476
0.40365839,0.01385519188220035
0.40369368,0.013061722743572137
0.40372896,0.01142900740062562
0.40376306,0.012741283283741512
0.40953183,0.013870450904097047
0.40957904,0.013122758831158923
0.40960813,0.01147478446631571
0.42256451,0.012909132524605172
0.42259908,0.013824673838406958
0.44670033,0.01309224078736553
0.44685292,0.01147478446631571
0.44691563,0.012893873502708476
0.44697022,0.013916227969787138
0.44954991,0.01326009002822919
0.44959736,0.011535820553902495
0.45758367,0.01287861448081178
0.45766616,0.013824673838406958
0.45770264,0.013122758831158923
0.4727025,0.011505302510109103
0.47282934,0.012848096437018387
0.47286558,0.01385519188220035
0.48654032,0.013061722743572137
0.48657322,0.011505302510109103
0.49858761,0.012848096437018387
0.4986434,0.013885709925993743
0.49867177,0.01309224078736553
0.50354958,0.01147478446631571
0.50359058,0.01271076523994812
0.50361633,0.013824673838406958
0.51372862,0.013153276874952316
0.5138154,0.011535820553902495
0.52173328,0.01287861448081178
0.52184772,0.013824673838406958
0.52190995,0.013122758831158923
0.53609705,0.011505302510109103
0.53620815,0.012863355458915083
0.54864192,0.013763637750820172
0.5487349,0.013107499809262227
0.54876423,0.011444266422522316
0.56284428,0.01271076523994812
0.56295919,0.013809414816510261
0.56302547,0.013122758831158923
0.56307983,0.011459525444419012
0.56313467,0.01283283741512169
0.56318927,0.013809414816510261
0.57876611,0.013153276874952316
0.57885933,0.011459525444419012
0.59264612,0.012863355458915083
0.59277773,0.013794155794613565
0.59282589,0.013107499809262227
0.59852743,0.011490043488212406
0.59857321,0.012695506218051423
0.62162113,0.013839932860303654
0.62169838,0.013153276874952316
0.6217339,0.011490043488212406
0.62176943,0.012848096437018387
0.62180185,0.013870450904097047
0.63170886,0.01313801785305562
0.63175964,0.01168841077286946
0.63179469,0.012863355458915083
0.63183165,0.013809414816510261
0.65770006,0.01309224078736553
0.65777755,0.011520561532005799
0.65781116,0.012787060349431601
0.65783882,0.013824673838406958
0.65786529,0.013107499809262227
0.67566895,0.011444266422522316
0.67575622,0.012817578393224994
0.69856238,0.013809414816510261
0.69861531,0.013076981765468834
0.69864392,0.011490043488212406
0.69867015,0.01283283741512169
0.69869661,0.01385519188220035
0.71354842,0.013107499809262227
0.71366215,0.011459525444419012
0.71372151,0.01283283741512169
0.71377754,0.013794155794613565
0.7276392,0.013183794918745708
0.72770023,0.011490043488212406
0.74017072,0.012817578393224994
0.74030614,0.013870450904097047
0.74036717,0.01313801785305562
0.74692702,0.011444266422522316
0.7470448,0.012771801327534905
0.75953627,0.013824673838406958
0.75959706,0.01313801785305562
0.75962615,0.011398489356832226
0.75965214,0.012756542305638208
0.75967932,0.013824673838406958
0.77371478,0.013244831006332494
0.77380347,0.01142900740062562
0.77386117,0.012787060349431601
0.77391553,0.013809414816510261
0.7739675,0.013168535896849012
0.77402234,0.011444266422522316
0.78962469,0.01287861448081178
0.78970003,0.013794155794613565
0.7897284,0.013122758831158923
0.79757786,0.011505302510109103
0.79760861,0.01283283741512169
0.82259893,0.013824673838406958
0.82269001,0.013153276874952316
0.82271957,0.01147478446631571
0.82274556,0.012787060349431601
0.82277369,0.013809414816510261
0.83157396,0.013107499809262227
0.83163357,0.011459525444419012
0.83166838,0.01283283741512169
0.83651304,0.013809414816510261
0.84968328,0.013183794918745708
0.84975719,0.011490043488212406
0.84978557,0.012726024261844816
0.85649753,0.013824673838406958
0.85653353,0.013183794918745708
0.88066339,0.011520561532005799
0.88074613,0.012756542305638208
0.8807776,0.013794155794613565
0.88080668,0.013168535896849012
0.88084269,0.01142900740062562
0.88957357,0.012817578393224994
0.8896246,0.013763637750820172
0.8896668,0.013199053940642405
0.89856005,0.011535820553902495
0.8986001,0.012756542305638208
0.89862514,0.013778896772716868
0.91386533,0.013244831006332494
0.91399813,0.01147478446631571
0.92768669,0.012787060349431601
0.92777944,0.013824673838406958
0.92784071,0.013214312962539101
0.94508195,0.011490043488212406
0.94512916,0.012848096437018387
0.94855618,0.01385519188220035
0.94861364,0.01313801785305562
0.94865727,0.011520561532005799
0.95451188,0.012680247196154727
0.95454407,0.013763637750820172
0.96769881,0.013244831006332494
0.96777868,0.011459525444419012
0.96783733,0.012787060349431601
0.96789026,0.013809414816510261
0.98274398,0.013199053940642405
0.98283291,0.011596856641489281
0.99467564,0.012771801327534905
0.9947691,0.013794155794613565
0.9948287,0.013244831006332494
1.01856637,0.011505302510109103
1.01862431,0.012726024261844816
1.0186646,0.013763637750820172
1.01869678,0.01326009002822919
1.01873016,0.011490043488212406
1.04257369,0.012741283283741512
1.04261279,0.013824673838406958
1.0426507,0.013229571984435798
1.04267597,0.01147478446631571
1.04270148,0.01283283741512169
1.04781461,0.013824673838406958
1.05655575,0.013244831006332494
1.0565989,0.011535820553902495
1.06367326,0.012771801327534905
1.06376433,0.013763637750820172
1.06382465,0.013199053940642405
1.07670879,0.011490043488212406
1.07678699,0.012741283283741512
1.08970833,0.013839932860303654
1.08979988,0.013244831006332494
1.0898726,0.011444266422522316
1.08992672,0.012771801327534905
1.08998418,0.01373311970702678
1.09965444,0.013199053940642405
1.09974718,0.011505302510109103
1.09980845,0.01271076523994812
1.10349488,0.013748378728923476
1.11567378,0.013229571984435798
1.11576509,0.011444266422522316
1.1287055,0.01271076523994812
1.12880015,0.01373311970702678
1.12886024,0.013214312962539101
1.14517808,0.011413748378728923
1.14522791,0.012726024261844816
1.14527869,0.01373311970702678
1.14531207,0.013153276874952316
1.14534402,0.011490043488212406
1.15756321,0.012695506218051423
1.15759706,0.013717860685130083
1.16269612,0.013214312962539101
1.1627903,0.01138323033493553
1.16285086,0.012588693064774548
1.17211461,0.01373311970702678
1.17692375,0.013244831006332494
1.17706847,0.01138323033493553
1.19968414,0.01266498817425803
1.1997416,0.01368734264133669
1.19977713,0.013199053940642405
1.20153069,0.01142900740062562
1.20156598,0.012695506218051423
1.2096951,0.01368734264133669
1.20978093,0.01326009002822919
1.20985389,0.011444266422522316
1.2185297,0.012649729152361334
1.21856236,0.013763637750820172
1.23268056,0.01326009002822919
1.23274136,0.01142900740062562
1.23277688,0.012726024261844816
1.23280883,0.013717860685130083
1.25856161,0.013275349050125887
1.25862718,0.011490043488212406
1.2586844,0.012695506218051423
1.2587409,0.01373311970702678
1.25879478,0.013336385137712672
1.26871896,0.011459525444419012
1.26879764,0.012680247196154727
1.27609754,0.013748378728923476
1.27621531,0.013321126115815976
1.27627563,0.011520561532005799
1.28854156,0.01271076523994812
1.28860092,0.013763637750820172
1.29668093,0.013336385137712672
1.29677248,0.011551079575799192
1.29683399,0.01271076523994812
1.31958365,0.013824673838406958
1.33373737,0.013382162203402761
1.33381557,0.011505302510109103
1.33387303,0.01271076523994812
1.33392644,0.013809414816510261
1.33397865,0.013382162203402761
1.34758973,0.011551079575799192
1.34762406,0.012756542305638208
1.35656357,0.013748378728923476
1.35661578,0.013366903181506065
1.35665154,0.011535820553902495
1.36951518,0.012695506218051423
1.36955452,0.013748378728923476
1.36958027,0.013336385137712672
1.36960506,0.011490043488212406
1.3696301,0.012634470130464637
1.37453246,0.01373311970702678
1.38861227,0.013321126115815976
1.38865972,0.01147478446631571
1.39759445,0.01266498817425803
1.3976481,0.013702601663233387
1.39769149,0.01330586709391928
1.41262436,0.011490043488212406
1.41267419,0.012603952086671245
1.41270828,0.013702601663233387
1.41274023,0.013366903181506065
1.4127717,0.011490043488212406
1.42152286,0.01266498817425803
1.42156625,0.01373311970702678
1.42984748,0.013321126115815976
1.42998719,0.011520561532005799
1.430053,0.012695506218051423
1.43656635,0.013748378728923476
1.45867324,0.013351644159609368
1.4587512,0.011551079575799192
1.45878696,0.012634470130464637
1.45881915,0.01373311970702678
1.45885086,0.013412680247196154
1.46883965,0.011505302510109103
1.46895456,0.012695506218051423
1.47767997,0.013763637750820172
1.47781014,0.013351644159609368
1.47784638,0.011535820553902495
1.48657608,0.01266498817425803
1.4866209,0.013748378728923476
1.48664904,0.013336385137712672
1.49952292,0.011535820553902495
1.49956226,0.012649729152361334
1.51368237,0.013717860685130083
1.52358699,0.013382162203402761
1.52363753,0.011490043488212406
1.52368069,0.012634470130464637
1.52371359,0.013748378728923476
1.52374697,0.013336385137712672
1.53347969,0.011413748378728923
1.53352594,0.012695506218051423
1.54194808,0.01368734264133669
1.54206562,0.013382162203402761
1.54212356,0.011505302510109103
1.5555768,0.012634470130464637
1.55563045,0.01373311970702678
1.57956457,0.013427939269092852
1.57963228,0.011505302510109103
1.579669,0.012634470130464637
1.57970381,0.01373311970702678
1.57973599,0.013321126115815976
1.5797677,0.01147478446631571
1.588732,0.01266498817425803
1.58881426,0.013672083619439994
1.58887124,0.013382162203402761
1.60261011,0.011505302510109103
1.60265756,0.012603952086671245
1.6075716,0.013702601663233387
1.6076262,0.013366903181506065
1.60766172,0.01147478446631571
1.63564682,0.012634470130464637
1.63568091,0.01373311970702678
1.63570666,0.013382162203402761
1.63573217,0.01147478446631571
1.63575721,0.012603952086671245
1.635782,0.013702601663233387
1.64564061,0.013366903181506065
1.64572406,0.011505302510109103
1.65865111,0.012603952086671245
1.65874577,0.013672083619439994
1.65880656,0.013427939269092852
1.66907334,0.011505302510109103
1.6691854,0.012619211108567941
1.69161057,0.013717860685130083
1.6917026,0.013397421225299458
1.69173956,0.011490043488212406
1.69672036,0.012634470130464637
1.69677901,0.013702601663233387
1.69681478,0.013397421225299458
1.70288825,0.011520561532005799
1.70291805,0.012573434042877852
1.70294785,0.01368734264133669
1.71661425,0.013443198290989548
1.71669483,0.01147478446631571
1.71673131,0.012588693064774548
1.72149801,0.01373311970702678
1.72153807,0.013366903181506065
1.73489594,0.011520561532005799
1.73497534,0.012619211108567941
1.74862766,0.01368734264133669
1.74871802,0.013427939269092852
1.74875402,0.011490043488212406
1.76283479,0.012573434042877852
1.76294756,0.013656824597543298
1.76777864,0.013443198290989548
1.76791215,0.011505302510109103
1.76797318,0.012603952086671245
1.77284002,0.01368734264133669
1.7815752,0.013397421225299458
1.78162289,0.011535820553902495
1.78973031,0.012649729152361334
1.78983903,0.013672083619439994
1.78990698,0.013382162203402761
1.80352116,0.011551079575799192
1.80356288,0.012573434042877852
1.82777524,0.013672083619439994
1.82786298,0.013427939269092852
1.82792234,0.011520561532005799
1.8370173,0.012588693064774548
1.83707976,0.01368734264133669
1.84954047,0.013458457312886245
1.84958482,0.011520561532005799
1.84962249,0.012603952086671245
1.84964895,0.013641565575646601
1.85960698,0.013351644159609368
1.85965466,0.011551079575799192
1.85969138,0.012573434042877852
1.8685503,0.013702601663233387
1.86858225,0.013443198290989548
1.88170838,0.011551079575799192
1.88178468,0.012619211108567941
1.88182044,0.013763637750820172
1.88185287,0.013458457312886245
1.88188434,0.011490043488212406
1.90992141,0.012603952086671245
1.91011024,0.01368734264133669
1.91015196,0.013443198290989548
1.91018605,0.011566338597695888
1.91021872,0.012649729152361334
1.91025066,0.013794155794613565
1.91259885,0.013580529488059816
1.91264606,0.011551079575799192
1.93784714,0.012726024261844816
1.93798256,0.013870450904097047
1.93804169,0.013626306553749905
1.93809628,0.011718928816662852
1.93814921,0.01283283741512169
1.95363164,0.014007782101167316
1.95373464,0.013763637750820172
1.95377254,0.011795223926146334
1.95380616,0.013000686655985352
1.95383883,0.014190890363927672
1.9645431,0.01399252307927062
1.96459389,0.011917296101319905
1.96462297,0.013153276874952316
1.97275209,0.01441977569237812
1.97860575,0.014129854276340887
1.97866011,0.012008850232700085
1.99253416,0.013229571984435798
1.99257922,0.01441977569237812
1.99260879,0.014129854276340887
2.00757599,0.011917296101319905
2.00764585,0.013153276874952316
2.02068186,0.014389257648584725
2.02080607,0.014206149385824368
2.02086639,0.011871519035629816
2.02092052,0.013153276874952316
2.02097511,0.014465552758068208
2.03585577,0.01411459525444419
2.03598905,0.011596856641489281
2.03604865,0.012817578393224994
2.03610349,0.014038300144960708
2.04965186,0.01368734264133669
2.04972935,0.011123826962691692
2.04976559,0.01240558480201419
2.06355739,0.013839932860303654
2.06359076,0.013473716334782941
2.07974458,0.010925459678034637
2.07982659,0.012314030670634012
2.07986259,0.013748378728923476
2.07988954,0.013397421225299458
2.07991481,0.010879682612344548
2.08768415,0.012344548714427405
2.08776641,0.01368734264133669
2.08782506,0.013366903181506065
2.10182023,0.010772869459067674
2.10189819,0.012207217517357137
2.10195732,0.013702601663233387
2.11661816,0.013366903181506065
2.1167047,0.010772869459067674
2.1167407,0.012222476539253834
2.12949586,0.01368734264133669
2.12953925,0.013366903181506065
2.13673544,0.010696574349584192
2.13681269,0.01223773556115053
2.14476848,0.01373311970702678
2.14490843,0.013366903181506065
2.14494562,0.010818646524757763
2.15376854,0.01223773556115053
2.1538496,0.01390096894789044
2.15390801,0.013397421225299458
2.16768956,0.010711833371480888
2.16776752,0.01228351262684062
2.17417955,0.013763637750820172
2.19770789,0.013427939269092852
2.19779849,0.01078812848096437
2.19785714,0.01228351262684062
2.19791222,0.013794155794613565
2.19796562,0.013458457312886245
2.19801784,0.010803387502861066
2.1980691,0.012314030670634012
2.21356845,0.013809414816510261
2.21362996,0.013458457312886245
2.21367073,0.010757610437170977
2.22250938,0.012344548714427405
2.22255087,0.013794155794613565
2.23078704,0.013397421225299458
2.23088574,0.010772869459067674
2.23094344,0.012329289692530708
2.25354123,0.013809414816510261
2.26328373,0.013504234378576334
2.26342511,0.010818646524757763
2.27481627,0.012329289692530708
2.27501035,0.013839932860303654
2.27508235,0.013488975356679637
2.27514029,0.010864423590447852
2.27519393,0.012359807736324101
2.28974843,0.013916227969787138
2.28981686,0.013534752422369727
2.2898531,0.010864423590447852
2.28988552,0.012390325780117494
2.28991723,0.013916227969787138
2.31262493,0.013611047531853208
2.31268907,0.010925459678034637
2.31272936,0.012436102845807583
2.31276298,0.01390096894789044
2.31279588,0.013595788509956512
2.31282759,0.010910200656137941
2.32273936,0.01240558480201419
2.32284975,0.013977264057373923
2.32291079,0.013672083619439994
2.33172679,0.010879682612344548
2.33180881,0.012512397955291066
2.34457517,0.01399252307927062
2.34464955,0.01368734264133669
2.34468937,0.010940718699931334
2.35374618,0.012466620889600977
2.35382414,0.014038300144960708
2.37857985,0.013717860685130083
2.37865162,0.010940718699931334
2.37868667,0.012512397955291066
2.37872005,0.01399252307927062
2.37875152,0.01373311970702678
2.37878275,0.010940718699931334
2.39259124,0.012512397955291066
2.39264631,0.014038300144960708
2.39268208,0.013763637750820172
2.39874864,0.010971236743724726
2.39882612,0.01249713893339437
2.4137094,0.014038300144960708
2.41383767,0.013717860685130083
2.41389894,0.010910200656137941
2.42753601,0.012527656977187763
2.42756915,0.014068818188754101
2.43983698,0.013763637750820172
2.44003773,0.01104753185320821
2.4401691,0.012481879911497674
2.4402597,0.014038300144960708
2.4415648,0.013763637750820172
2.44161105,0.010940718699931334
2.45568681,0.012512397955291066
2.45577693,0.014053559166857405
2.45583749,0.013794155794613565
2.46990013,0.010940718699931334
2.46999574,0.01249713893339437
2.48360062,0.01411459525444419
2.48366308,0.013763637750820172
2.48369741,0.011001754787518121
2.4917028,0.012512397955291066
2.491781,0.014099336232547494
2.49773073,0.013916227969787138
2.49782014,0.011017013809414817
2.4978807,0.012527656977187763
2.50365639,0.014099336232547494
2.51260257,0.013824673838406958
2.51265907,0.010925459678034637
2.52668762,0.012527656977187763
2.52677751,0.014099336232547494
2.52683711,0.013809414816510261
2.55070806,0.011017013809414817
2.55078125,0.012512397955291066
2.55081058,0.014068818188754101
2.55083656,0.01385519188220035
2.55086303,0.01095597772182803
2.55255723,0.012527656977187763
2.55259562,0.01416037232013428
2.56674671,0.01385519188220035
2.56683612,0.01095597772182803
2.56689572,0.012512397955291066
2.5669508,0.01416037232013428
2.57662868,0.013885709925993743
2.57669187,0.010940718699931334
2.59373116,0.01254291599908446
2.5938139,0.014129854276340887
2.59387326,0.013916227969787138
2.61147904,0.011017013809414817
2.61152768,0.012558175020981156
2.61758685,0.014190890363927672
2.61763477,0.013885709925993743
2.61766982,0.010894941634241245
2.61770225,0.012512397955291066
2.61773372,0.01411459525444419
2.63172722,0.01385519188220035
2.63180804,0.010833905546654459
2.63186669,0.012512397955291066
2.63193774,0.014068818188754101
2.65772653,0.013839932860303654
2.6578083,0.010833905546654459
2.66373634,0.012420843823910887
2.66384745,0.014084077210650798
2.66390705,0.01385519188220035
2.67660785,0.010772869459067674
2.67664623,0.012466620889600977
2.67667437,0.014053559166857405
2.67670035,0.013794155794613565
2.67672682,0.010818646524757763
2.69272065,0.012451361867704281
2.69280052,0.014099336232547494
2.69286084,0.013824673838406958
2.69653153,0.010818646524757763
2.69656134,0.012451361867704281
2.70300937,0.014099336232547494
2.71774817,0.013870450904097047
2.71784401,0.010757610437170977
2.71790409,0.012512397955291066
2.72953606,0.014190890363927672
2.7295661,0.013870450904097047
2.73885512,0.010925459678034637
2.73898792,0.01249713893339437
2.73907781,0.014190890363927672
2.73915339,0.01394674601358053
2.73922539,0.010864423590447852
2.75368595,0.01254291599908446
2.75376749,0.01428244449530785
2.76773167,0.014007782101167316
2.76784515,0.010925459678034637
2.76790452,0.012619211108567941
2.76795912,0.01432822156099794
2.78263283,0.014053559166857405
2.78269434,0.010940718699931334
2.80963254,0.01266498817425803
2.80974698,0.01432822156099794
2.80978251,0.01416037232013428
2.80981541,0.010971236743724726
2.80984902,0.012649729152361334
2.80988073,0.014404516670481423
2.81157589,0.014145113298237583
2.81161237,0.010986495765621425
2.82468343,0.012726024261844816
2.82476401,0.014435034714274816
2.82482481,0.01411459525444419
2.83273911,0.010940718699931334
2.83278251,0.012726024261844816
2.84465718,0.014358739604791332
2.854738,0.014175631342030976
2.85483909,0.010925459678034637
2.86777616,0.01266498817425803
2.86788964,0.014404516670481423
2.86794972,0.01411459525444419
2.86800361,0.010818646524757763
2.86805558,0.01266498817425803
2.87764549,0.014343480582894636
2.87773061,0.014068818188754101
2.8777678,0.010772869459067674
2.88551641,0.012481879911497674
2.88554907,0.014175631342030976
2.89911389,0.013870450904097047
2.89921141,0.010574502174410621
2.89929485,0.012298771648737316
2.91253209,0.014038300144960708
2.92682338,0.013748378728923476
2.92692089,0.010452429999237048
2.92697859,0.01228351262684062
2.92703223,0.013962005035477227
2.92708421,0.013702601663233387
2.93299937,0.010589761196307317
2.93309641,0.01223773556115053
2.94778109,0.01394674601358053
2.94789124,0.013702601663233387
2.94795346,0.010452429999237048
2.95474076,0.012146181429770352
2.95481968,0.013916227969787138
2.97853231,0.013672083619439994
2.97859693,0.010406652933546959
2.97862744,0.012161440451667048
2.97865438,0.013962005035477227
3.00395036,0.01368734264133669
3.00406909,0.010574502174410621
3.0041368,0.012176699473563745
3.00419068,0.013931486991683834
3.00424409,0.013763637750820172
3.01863575,0.010467689021133745
3.01871562,0.01223773556115053
3.026649,0.014038300144960708
3.02675629,0.01385519188220035
3.02681732,0.010589761196307317
3.03966856,0.012359807736324101
3.03971457,0.014129854276340887
3.03974843,0.01394674601358053
3.03978038,0.010681315327687495
3.03981161,0.012390325780117494
3.03984261,0.01411459525444419
3.05471444,0.01399252307927062
3.05480886,0.010711833371480888
3.05486703,0.012512397955291066
3.0549221,0.014221408407721065
3.05497646,0.014007782101167316
3.06887817,0.010833905546654459
3.06897378,0.012466620889600977
3.07595682,0.014221408407721065
3.07605433,0.014068818188754101
3.07614064,0.010772869459067674
3.08964157,0.01249713893339437
3.08972263,0.014236667429617761
3.11351514,0.01411459525444419
3.11357927,0.010849164568551155
3.11360884,0.012466620889600977
3.11363459,0.014312962539101243
3.11365962,0.01411459525444419
3.11368465,0.010833905546654459
3.12252665,0.01254291599908446
3.12259364,0.014312962539101243
3.1226294,0.014145113298237583
3.13261509,0.010864423590447852
3.13269353,0.012527656977187763
3.1447072,0.01428244449530785
3.14480519,0.014129854276340887
3.14484215,0.010894941634241245
3.15967059,0.01249713893339437
3.15975189,0.014343480582894636
3.17294979,0.01416037232013428
3.17304945,0.010864423590447852
3.17313218,0.01254291599908446
3.17319441,0.014297703517204547
3.17972183,0.014175631342030976
3.17980027,0.010925459678034637
3.17982864,0.012527656977187763
3.19253731,0.01432822156099794
3.19256783,0.014175631342030976
3.2185843,0.010894941634241245
3.218647,0.012527656977187763
3.21867633,0.014312962539101243
3.21870303,0.014236667429617761
3.21873093,0.010879682612344548
3.2187562,0.01254291599908446
3.21878099,0.014343480582894636
3.21880603,0.014221408407721065
3.23693013,0.010925459678034637
3.23696375,0.012512397955291066
3.23699093,0.014297703517204547
3.24764848,0.01416037232013428
3.24772072,0.010879682612344548
3.24775052,0.012481879911497674
3.25553417,0.014251926451514458
3.25556397,0.014206149385824368
3.27861238,0.010833905546654459
3.27869272,0.012436102845807583
3.27873182,0.014236667429617761
3.27877307,0.014084077210650798
3.27880979,0.010833905546654459
3.28870726,0.012451361867704281
3.2887876,0.01416037232013428
3.2979176,0.01416037232013428
3.29803038,0.010833905546654459
3.29809046,0.012359807736324101
3.30295157,0.014221408407721065
3.31172705,0.01411459525444419
3.31184363,0.010818646524757763
3.31187868,0.012375066758220797
3.33451152,0.014206149385824368
3.33455586,0.014175631342030976
3.34175944,0.010894941634241245
3.34185839,0.012390325780117494
3.34751034,0.014175631342030976
3.34759283,0.014175631342030976
3.34764242,0.010879682612344548
3.35367537,0.012375066758220797
3.35375452,0.014190890363927672
3.3676095,0.014190890363927672
3.36771894,0.010925459678034637
3.36777949,0.01240558480201419
3.36783433,0.014206149385824368
3.38359857,0.014251926451514458
3.38366604,0.011001754787518121
3.39793491,0.01240558480201419
3.39804912,0.014251926451514458
3.39810967,0.014236667429617761
3.41059399,0.01104753185320821
3.41066647,0.012390325780117494
3.42364931,0.014206149385824368
3.42373919,0.014236667429617761
3.42380071,0.011108567940794995
3.4238553,0.012375066758220797
3.42390752,0.01416037232013428
3.43795228,0.014206149385824368
3.43806601,0.011108567940794995
3.43815184,0.012359807736324101
3.43821621,0.01416037232013428
3.44661021,0.014206149385824368
3.44666958,0.011139085984588388
3.46994638,0.012359807736324101
3.47005796,0.014129854276340887
3.47011638,0.014251926451514458
3.47597933,0.011139085984588388
3.47616148,0.012359807736324101
3.47626019,0.014099336232547494
3.48352146,0.014175631342030976
3.48355627,0.011169604028381781
3.48358274,0.012329289692530708
3.48360825,0.014129854276340887
3.49868822,0.014251926451514458
3.49877691,0.011169604028381781
3.4988358,0.012329289692530708
3.4988904,0.014084077210650798
3.51360679,0.014206149385824368
3.51367927,0.011169604028381781
3.52872658,0.012298771648737316
3.52884293,0.014099336232547494
3.52890277,0.014206149385824368
3.54264069,0.011200122072175174
3.5427227,0.012344548714427405
3.54650831,0.01411459525444419
3.54655719,0.014236667429617761
3.54659319,0.011200122072175174
3.55450892,0.012252994583047227
3.55454135,0.014068818188754101
3.56392288,0.014206149385824368
3.56402254,0.011200122072175174
3.56408215,0.012252994583047227
3.56413651,0.014053559166857405
3.58974457,0.014175631342030976
3.58983922,0.011123826962691692
3.58989835,0.01223773556115053
3.58995342,0.01399252307927062
3.59000802,0.014175631342030976
3.59854794,0.01121538109407187
3.59858799,0.012222476539253834
3.60772729,0.014038300144960708
3.60783291,0.014221408407721065
3.60790372,0.011230640115968566
3.62152743,0.012268253604943923
3.62157249,0.014053559166857405
3.62995195,0.01428244449530785
3.63005447,0.011291676203555352
3.63011479,0.012344548714427405
3.64453077,0.014084077210650798
3.65768147,0.01441977569237812
3.6577611,0.011291676203555352
3.66290641,0.01228351262684062
3.66302109,0.014068818188754101
3.66308165,0.014221408407721065
3.67000723,0.011245899137865263
3.67010283,0.012298771648737316
3.67766213,0.014007782101167316
3.67774868,0.014236667429617761
3.67777848,0.01126115815976196
3.68655109,0.012222476539253834
3.68658376,0.013977264057373923
3.71162868,0.014190890363927672
3.71169543,0.011230640115968566
3.71174216,0.01223773556115053
3.71177268,0.01394674601358053
3.71975827,0.014190890363927672
3.71983695,0.01121538109407187
3.72573376,0.012207217517357137
3.72582293,0.013977264057373923
3.72588348,0.014175631342030976
3.73365021,0.011490043488212406
3.73367929,0.01223773556115053
3.74279046,0.013977264057373923
3.7429266,0.014251926451514458
3.74303746,0.011291676203555352
3.75157762,0.012252994583047227
3.75160837,0.01399252307927062
3.77589893,0.014236667429617761
3.77605104,0.011245899137865263
3.77611661,0.012207217517357137
3.77617264,0.013977264057373923
3.77622533,0.014206149385824368
3.77628112,0.011306935225452048
3.79070401,0.012176699473563745
3.79078603,0.01394674601358053
3.79084468,0.014221408407721065
3.79857421,0.011276417181658656
3.79860568,0.012176699473563745
3.80798697,0.013977264057373923
3.80811477,0.014190890363927672
3.80817318,0.011306935225452048
3.83253169,0.012207217517357137
3.83259654,0.013931486991683834
3.84467959,0.014236667429617761
3.84476066,0.011276417181658656
3.84478927,0.012207217517357137
3.84481573,0.013931486991683834
3.86877632,0.014358739604791332
3.86887503,0.011322194247348745
3.86893392,0.012176699473563745
3.86898804,0.013931486991683834
3.86903977,0.014221408407721065
3.88363409,0.011306935225452048
3.88369584,0.012130922407873656
3.88375545,0.013916227969787138
3.88381124,0.014221408407721065
3.88386393,0.011291676203555352
3.88871646,0.012176699473563745
3.8887949,0.013931486991683834
3.90308332,0.014221408407721065
3.90319514,0.011322194247348745
3.90325379,0.012161440451667048
3.90892172,0.013931486991683834
3.92374182,0.014251926451514458
3.92382216,0.011367971313038834
3.92388225,0.012176699473563745
3.92953277,0.013885709925993743
3.92956924,0.014206149385824368
3.93583822,0.011352712291142137
3.93593526,0.012146181429770352
3.94374847,0.013931486991683834
3.94385767,0.014236667429617761
3.94389033,0.011352712291142137
3.95268178,0.012176699473563745
3.95276165,0.014068818188754101
3.97675705,0.014236667429617761
3.97689629,0.011337453269245441
3.97697353,0.012161440451667048
3.97700906,0.013885709925993743
3.97704053,0.014236667429617761
3.977072,0.01138323033493553
3.99172211,0.012130922407873656
3.99180412,0.01394674601358053
3.99186373,0.014267185473411154
3.99752474,0.011306935225452048
3.99755406,0.012130922407873656
4.01167607,0.014053559166857405
4.01175261,0.014236667429617761
4.03590703,0.011322194247348745
4.03601909,0.012100404364080263
4.0360806,0.013931486991683834
4.03613639,0.014251926451514458
4.03618884,0.011245899137865263
4.03624082,0.01211566338597696
4.03629279,0.013931486991683834
4.04462528,0.014312962539101243
4.0446918,0.01126115815976196
4.0587008,0.012100404364080263
4.05878997,0.013977264057373923
4.058851,0.014343480582894636
4.06798601,0.011291676203555352
4.06808496,0.012100404364080263
4.09170222,0.013962005035477227
4.09175777,0.014297703517204547
4.09179807,0.011245899137865263
4.10554886,0.012085145342183566
4.10558534,0.01394674601358053
4.10561156,0.014358739604791332
4.10565114,0.011230640115968566
4.10567665,0.012054627298390174
4.12353539,0.013977264057373923
4.12357354,0.014343480582894636
4.12359905,0.011230640115968566
4.12797713,0.01211566338597696
4.12808919,0.013962005035477227
4.12815046,0.014373998626688029
4.1366508,0.011245899137865263
4.13668108,0.012039368276493477
4.16061711,0.014007782101167316
4.1606791,0.014343480582894636
4.16071582,0.011230640115968566
4.16074991,0.012054627298390174
4.16078186,0.014007782101167316
4.1698699,0.014389257648584725
4.16991878,0.01126115815976196
4.16995478,0.012039368276493477
4.1699872,0.013977264057373923
4.17755532,0.014343480582894636
4.17760396,0.011169604028381781
4.19195509,0.012024109254596781
4.19205403,0.014007782101167316
4.19211435,0.014358739604791332
4.19758272,0.011200122072175174
4.19762063,0.012024109254596781
4.2217381,0.013962005035477227
4.22183657,0.014373998626688029
4.22189522,0.011169604028381781
4.22194886,0.012008850232700085
4.22200108,0.014007782101167316
4.23670697,0.014358739604791332
4.2368257,0.011169604028381781
4.2368927,0.012008850232700085
4.23694825,0.01399252307927062
4.24661279,0.01441977569237812
4.24668837,0.011169604028381781
4.24671602,0.012054627298390174
4.25458002,0.014038300144960708
4.25460768,0.014465552758068208
4.27861023,0.011230640115968566
4.27867508,0.012085145342183566
4.27871037,0.014068818188754101
4.27874494,0.014465552758068208
4.27877712,0.01121538109407187
4.29371166,0.012024109254596781
4.2937901,0.014053559166857405
4.29384732,0.014496070801861601
4.29390192,0.011169604028381781
4.2939539,0.012054627298390174
4.30198741,0.014053559166857405
4.31466794,0.014450293736171512
4.31472349,0.011184863050278477
4.32168341,0.012039368276493477
4.32177258,0.014053559166857405
4.3218317,0.014496070801861601
4.34453607,0.011169604028381781
4.34457159,0.012024109254596781
4.34655976,0.014038300144960708
4.34660816,0.014465552758068208
4.34664321,0.011184863050278477
4.35453892,0.011978332188906692
4.3545773,0.014038300144960708
4.36381793,0.014450293736171512
4.36391687,0.011169604028381781
4.36397457,0.012085145342183566
4.36867023,0.014038300144960708
4.38265085,0.014450293736171512
4.38271165,0.011139085984588388
4.38274693,0.011963073167009996
4.39754462,0.013977264057373923
4.39758158,0.014404516670481423
4.41979957,0.011139085984588388
4.41989541,0.011902037079423208
4.42875528,0.01399252307927062
4.42884612,0.014373998626688029
4.42890692,0.011062790875104906
4.42896104,0.011902037079423208
4.42901468,0.013931486991683834
4.43795609,0.014373998626688029
4.43806839,0.011139085984588388
4.43812919,0.011886778057526512
4.43818283,0.01394674601358053
4.44766045,0.014358739604791332
4.44772649,0.011078049897001603
4.47080517,0.011902037079423208
4.47094703,0.013931486991683834
4.47100759,0.014404516670481423
4.47106266,0.011123826962691692
4.47111654,0.011886778057526512
4.47116852,0.013962005035477227
4.49751687,0.014435034714274816
4.49757552,0.011123826962691692
4.49760151,0.011871519035629816
4.49762678,0.01394674601358053
4.49765253,0.014404516670481423
4.50055718,0.011108567940794995
4.5005877,0.011871519035629816
4.50061321,0.01394674601358053
4.52775955,0.014450293736171512
4.5278523,0.011123826962691692
4.52791047,0.011841000991836423
4.53453231,0.013931486991683834
4.53456402,0.01441977569237812
4.53774667,0.011154345006485085
4.53782415,0.011871519035629816
4.54766679,0.013962005035477227
4.54773974,0.014465552758068208
4.54776955,0.011154345006485085
4.55374503,0.01185626001373312
4.55385303,0.013931486991683834
4.5667963,0.014450293736171512
4.56690955,0.011200122072175174
4.56696892,0.011871519035629816
4.5670228,0.01399252307927062
4.59278893,0.014496070801861601
4.59288287,0.011230640115968566
4.59294128,0.011871519035629816
4.59299707,0.013977264057373923
4.59305048,0.014480811779964905
4.60254598,0.011200122072175174
4.60257387,0.011841000991836423
4.60757899,0.013977264057373923
4.60762906,0.014465552758068208
4.6076653,0.011230640115968566
4.62254643,0.011841000991836423
4.62257934,0.01394674601358053
4.63082409,0.014480811779964905
4.63092613,0.011230640115968566
4.63098526,0.01181048294804303
4.64753532,0.014007782101167316
4.65778613,0.014480811779964905
4.65788484,0.011230640115968566
4.65794325,0.011795223926146334
4.65799689,0.013962005035477227
4.65804982,0.014496070801861601
4.67267513,0.01121538109407187
4.6727581,0.011841000991836423
4.67279434,0.013962005035477227
4.67282724,0.014496070801861601
4.67285967,0.011276417181658656
4.68754673,0.011841000991836423
4.68757701,0.013962005035477227
4.71174145,0.014511329823758298
4.71185207,0.011230640115968566
4.71191192,0.011795223926146334
4.71196604,0.013962005035477227
4.73576069,0.014511329823758298
4.73585749,0.011245899137865263
4.73591566,0.011841000991836423
4.73596954,0.013931486991683834
4.73602152,0.014480811779964905
4.73607349,0.011291676203555352
4.73612523,0.011795223926146334
4.75172496,0.01394674601358053
4.75182223,0.01454184786755169
4.75188136,0.011276417181658656
4.75193477,0.011841000991836423
4.75198793,0.013931486991683834
4.77565551,0.014496070801861601
4.7757616,0.011322194247348745
4.77579427,0.011779964904249637
4.77582192,0.013962005035477227
4.78568196,0.014526588845654994
4.78576088,0.011306935225452048
4.79070759,0.01181048294804303
4.79078746,0.01394674601358053
4.79084682,0.014557106889448387
4.79751348,0.011291676203555352
4.79754567,0.011841000991836423
4.81172276,0.013977264057373923
4.8118186,0.014526588845654994
4.81868911,0.01138323033493553
4.81877875,0.011764705882352941
4.81883883,0.013962005035477227
4.84165239,0.01454184786755169
4.84172988,0.011306935225452048
4.84177136,0.011779964904249637
4.84180498,0.013931486991683834
4.8516891,0.014480811779964905
4.85176826,0.01138323033493553
4.8518281,0.011734187838559548
4.8518815,0.013977264057373923
4.85193324,0.014480811779964905
4.86698556,0.011352712291142137
4.86708188,0.011779964904249637
4.88180375,0.013931486991683834
4.88192749,0.01454184786755169
4.88201261,0.011367971313038834
4.8937366,0.011749446860456245
4.89381599,0.013977264057373923
4.90760517,0.014557106889448387
4.90768027,0.011367971313038834
4.90771747,0.011734187838559548
4.90774989,0.01390096894789044
4.90778112,0.014480811779964905
4.90781236,0.011337453269245441
4.92268562,0.011779964904249637
4.92277718,0.013916227969787138
4.92283797,0.014572365911345083
4.93651938,0.011352712291142137
4.93655229,0.01168841077286946
4.96059608,0.013931486991683834
4.96067095,0.01454184786755169
4.9607091,0.011367971313038834
4.96076083,0.011718928816662852
4.960814,0.013916227969787138
4.96807694,0.01454184786755169
4.96819162,0.011352712291142137
4.96825075,0.011749446860456245
4.97263408,0.013931486991683834
4.97971296,0.014526588845654994
4.97979259,0.011413748378728923
4.9929328,0.01168841077286946
4.99303102,0.01394674601358053
4.99309039,0.014572365911345083
5.01776361,0.011413748378728923
5.01785803,0.011734187838559548
5.02362299,0.013931486991683834
5.02373219,0.014526588845654994
5.02379251,0.011398489356832226
5.02874517,0.011673151750972763
5.02884221,0.01394674601358053
5.03861928,0.014526588845654994
5.03875279,0.011444266422522316
5.03878188,0.011657892729076066
5.03881121,0.013931486991683834
5.04772019,0.014557106889448387
5.04781818,0.011413748378728923
5.06089568,0.01164263370717937
5.06100845,0.01394674601358053
5.06106949,0.01454184786755169
5.07359457,0.01147478446631571
5.07366967,0.011627374685282674
5.07372355,0.013885709925993743
5.08253169,0.014557106889448387
5.08257079,0.011444266422522316
5.08259749,0.011657892729076066
5.08262277,0.013931486991683834
5.0977149,0.01454184786755169
5.09782791,0.011459525444419012
5.09788775,0.011612115663385977
5.09794211,0.013931486991683834
5.11657691,0.014526588845654994
5.11662912,0.01147478446631571
5.11665845,0.011627374685282674
5.12882757,0.013916227969787138
5.12886357,0.014557106889448387
5.14260936,0.011490043488212406
5.14267254,0.011612115663385977
5.14270115,0.01390096894789044
5.14272666,0.014526588845654994
5.14275241,0.011459525444419012
5.15768456,0.011596856641489281
5.15776277,0.013885709925993743
5.16306376,0.014557106889448387
5.16317677,0.011490043488212406
5.16323757,0.011566338597695888
5.16892982,0.01385519188220035
5.1929369,0.014526588845654994
5.19303298,0.011520561532005799
5.19309068,0.011581597619592585
5.19314384,0.013916227969787138
5.19319606,0.014526588845654994
5.20300269,0.011505302510109103
5.2031002,0.011612115663385977
5.20316219,0.01390096894789044
5.21153498,0.014557106889448387
5.21156621,0.011505302510109103
5.22076297,0.011596856641489281
5.22087526,0.013885709925993743
5.2209332,0.014526588845654994
5.23364592,0.011535820553902495
5.23367524,0.011535820553902495
5.23864484,0.013916227969787138
5.26276565,0.014526588845654994
5.26284552,0.011520561532005799
5.26290464,0.011551079575799192
5.26295853,0.013809414816510261
5.26301074,0.014526588845654994
5.26582336,0.011535820553902495
5.26590085,0.011535820553902495
5.27875257,0.013870450904097047
5.2788496,0.014526588845654994
5.27891088,0.011535820553902495
5.28552532,0.011551079575799192
5.28556538,0.013824673838406958
5.29903626,0.01454184786755169
5.29915547,0.011520561532005799
5.29921365,0.011596856641489281
5.31254125,0.013870450904097047
5.32670379,0.014557106889448387
5.32678294,0.011596856641489281
5.32684255,0.011490043488212406
5.3268981,0.01385519188220035
5.32694983,0.014526588845654994
5.33497453,0.011535820553902495
5.33507466,0.011520561532005799
5.34869385,0.013824673838406958
5.34874916,0.014557106889448387
5.34878564,0.011535820553902495
5.36178803,0.011490043488212406
5.36188984,0.01385519188220035
5.36194849,0.014526588845654994
5.38607097,0.011596856641489281
5.38610148,0.011535820553902495
5.38612747,0.013809414816510261
5.39401627,0.014602883955138476
5.3941133,0.011505302510109103
5.39417386,0.01147478446631571
5.3942275,0.01385519188220035
5.3942802,0.01454184786755169
5.40764022,0.011612115663385977
5.4076705,0.011490043488212406
5.41373277,0.01385519188220035
5.41381311,0.01458762493324178
5.41388178,0.011627374685282674
5.42652011,0.011505302510109103
5.42655516,0.013839932860303654
5.44068336,0.01454184786755169
5.44078231,0.011566338597695888
5.4408257,0.011444266422522316
5.44085789,0.013839932860303654
5.4888401,0.014557106889448387
5.48892832,0.011627374685282674
5.4889636,0.011459525444419012
5.48899722,0.013824673838406958
5.48902965,0.014557106889448387
5.48906064,0.011612115663385977
5.48909211,0.011459525444419012
5.4927218,0.013839932860303654
5.4928019,0.014557106889448387
5.49286056,0.011657892729076066
5.49291539,0.01142900740062562
5.49296784,0.013824673838406958
5.50764513,0.01454184786755169
5.5077734,0.011627374685282674
5.50782371,0.011444266422522316
5.50786686,0.013824673838406958
5.5157578,0.01458762493324178
5.51587439,0.011718928816662852
5.52082419,0.01147478446631571
5.52091312,0.01385519188220035
5.52097154,0.014618142977035172
5.53351498,0.01168841077286946
5.53355122,0.011413748378728923
5.54257607,0.01385519188220035
5.54262948,0.014557106889448387
5.54265857,0.011657892729076066
5.56671357,0.011444266422522316
5.56675196,0.013809414816510261
5.56678724,0.01454184786755169
5.56681657,0.011673151750972763
5.56684208,0.011398489356832226
5.56686735,0.013809414816510261
5.58161235,0.014602883955138476
5.58166122,0.011703669794766156
5.58698702,0.01142900740062562
5.58708668,0.013794155794613565
5.58714533,0.014572365911345083
5.60064554,0.011718928816662852
5.60067344,0.011413748378728923
5.61380053,0.013824673838406958
5.6138823,0.014572365911345083
5.62796521,0.011779964904249637
5.62807846,0.011444266422522316
5.62813973,0.013824673838406958
5.63399625,0.01458762493324178
5.63409376,0.011764705882352941
5.63415408,0.011413748378728923
5.63420963,0.013809414816510261
5.6487422,0.014572365911345083
5.64882231,0.011764705882352941
5.65672588,0.011444266422522316
5.65681648,0.01385519188220035
5.65687633,0.014557106889448387
5.67065525,0.011779964904249637
5.67075229,0.011444266422522316
5.67078781,0.013794155794613565
5.69365811,0.014602883955138476
5.69369793,0.011734187838559548
5.70279813,0.011367971313038834
5.70293951,0.013809414816510261
5.70300603,0.01454184786755169
5.70306063,0.011734187838559548
5.70311356,0.011367971313038834
5.70316577,0.013748378728923476
5.71274519,0.01454184786755169
5.71282625,0.011718928816662852
5.7267642,0.011367971313038834
5.72687554,0.013763637750820172
5.72693658,0.014526588845654994
5.74060512,0.011749446860456245
5.74070787,0.011322194247348745
5.76388025,0.013763637750820172
5.76399159,0.014557106889448387
5.76405239,0.011734187838559548
5.78179526,0.011322194247348745
5.78188992,0.013717860685130083
5.78194952,0.014557106889448387
5.78200459,0.011718928816662852
5.78205752,0.011306935225452048
5.7821095,0.013748378728923476
5.78364182,0.014526588845654994
5.78368044,0.011749446860456245
5.78370905,0.011322194247348745
5.78373551,0.01373311970702678
5.78376126,0.014526588845654994
5.8105247,0.011749446860456245
5.81055713,0.011306935225452048
5.81058407,0.013763637750820172
5.81060982,0.01454184786755169
5.81063485,0.011779964904249637
5.82870722,0.011276417181658656
5.82873464,0.013763637750820172
5.82876849,0.014602883955138476
5.82879758,0.01181048294804303
5.82882261,0.011276417181658656
5.83565688,0.013748378728923476
5.84973788,0.014572365911345083
5.84981751,0.01181048294804303
5.85798669,0.011352712291142137
5.85809946,0.013763637750820172
5.85816002,0.01454184786755169
5.88176608,0.011841000991836423
5.8818593,0.011276417181658656
5.88191724,0.013717860685130083
5.8819716,0.01458762493324178
5.88202357,0.011795223926146334
5.88364959,0.01126115815976196
5.8837297,0.013763637750820172
5.89778304,0.01454184786755169
5.8979342,0.011841000991836423
5.89799404,0.011245899137865263
5.89804792,0.013717860685130083
5.91376948,0.014572365911345083
5.9138639,0.01181048294804303
5.93662453,0.01126115815976196
5.93672323,0.013702601663233387
5.93675447,0.014602883955138476
5.93678331,0.011871519035629816
5.93680906,0.01126115815976196
5.94368744,0.013702601663233387
5.94377565,0.014557106889448387
5.94383574,0.011871519035629816
5.95679688,0.011230640115968566
5.95689464,0.01368734264133669
5.96277761,0.014572365911345083
5.96288753,0.011886778057526512
5.96294761,0.01126115815976196
5.97158456,0.01368734264133669
5.99582672,0.014557106889448387
5.99592257,0.01185626001373312
5.99598312,0.011230640115968566
5.99603844,0.01368734264133669
5.99609065,0.01458762493324178
6.00551867,0.01185626001373312
6.00554729,0.01126115815976196
6.01068377,0.013717860685130083
6.01076412,0.014557106889448387
6.018713,0.011902037079423208
6.01880145,0.01121538109407187
6.01886296,0.013702601663233387
6.02800632,0.014557106889448387
6.02810168,0.011917296101319905
6.02816176,0.011245899137865263
6.03649759,0.013748378728923476
6.0609746,0.01458762493324178
6.0610702,0.011917296101319905
6.07463098,0.011230640115968566
6.07470512,0.013717860685130083
6.07474113,0.01454184786755169
6.07477355,0.011963073167009996
6.07480669,0.011230640115968566
6.09181237,0.01373311970702678
6.09195757,0.014572365911345083
6.09201837,0.011902037079423208
6.09749746,0.011200122072175174
6.09755564,0.013702601663233387
6.11258841,0.014572365911345083
6.11264372,0.011963073167009996
6.11267996,0.011184863050278477
6.11271262,0.01373311970702678
6.12582016,0.01454184786755169
6.12591624,0.011963073167009996
6.12597513,0.011230640115968566
6.12603307,0.013672083619439994
6.12608838,0.014572365911345083
6.14849854,0.011963073167009996
6.14854312,0.01121538109407187
6.15072417,0.013717860685130083
6.15080452,0.01458762493324178
6.15086317,0.011978332188906692
6.15091753,0.011200122072175174
6.15097094,0.01368734264133669
6.16562486,0.014557106889448387
6.16573501,0.011963073167009996
6.16577029,0.011200122072175174
6.1658051,0.013641565575646601
6.19085479,0.01458762493324178
6.190938,0.011963073167009996
6.19099712,0.011139085984588388
6.19105172,0.013702601663233387
6.19110417,0.014526588845654994
6.2005136,0.011963073167009996
6.20054698,0.011184863050278477
6.20965934,0.01368734264133669
6.20973992,0.014557106889448387
6.22296143,0.012008850232700085
6.22307181,0.011108567940794995
6.22313142,0.013672083619439994
6.22882748,0.014572365911345083
6.22892714,0.011978332188906692
6.2289865,0.011139085984588388
6.24353027,0.01368734264133669
6.25683236,0.014526588845654994
6.25693035,0.012008850232700085
6.25698876,0.011230640115968566
6.25704241,0.013672083619439994
6.25709462,0.014572365911345083
6.27177477,0.012024109254596781
6.27186966,0.011154345006485085
6.27193856,0.013717860685130083
6.27199507,0.014572365911345083
6.27204752,0.01206988632028687
6.28668165,0.011123826962691692
6.28676295,0.013626306553749905
6.31070113,0.014572365911345083
6.31081104,0.012024109254596781
6.31087089,0.011139085984588388
6.3109262,0.01368734264133669
6.32100487,0.014557106889448387
6.32110238,0.012100404364080263
6.32596183,0.011123826962691692
6.32607484,0.013641565575646601
6.32613707,0.014602883955138476
6.33348918,0.012085145342183566
6.33353043,0.011139085984588388
6.34369993,0.013641565575646601
6.34378052,0.014602883955138476
6.34383798,0.01211566338597696
6.35774517,0.011200122072175174
6.35779381,0.01368734264133669
6.38079596,0.01458762493324178
6.38089323,0.01211566338597696
6.38095284,0.011123826962691692
6.38100767,0.013626306553749905
6.38105989,0.014618142977035172
6.38111115,0.012100404364080263
6.3881557,0.011154345006485085
6.38825393,0.013626306553749905
6.3883121,0.014557106889448387
6.40150547,0.012130922407873656
6.40155172,0.011108567940794995
6.41071773,0.013626306553749905
6.41079831,0.014572365911345083
6.41085744,0.012130922407873656
6.42464375,0.011123826962691692
6.42467284,0.013611047531853208
6.44874215,0.014572365911345083
6.44885278,0.012146181429770352
6.44891262,0.011078049897001603
6.4489665,0.013641565575646601
6.46205688,0.014557106889448387
6.46219182,0.012161440451667048
6.46755385,0.011123826962691692
6.46760678,0.013626306553749905
6.4676435,0.01458762493324178
6.47661281,0.012176699473563745
6.47666621,0.011078049897001603
6.48608065,0.013595788509956512
6.4861939,0.01454184786755169
6.48625422,0.012176699473563745
6.49355531,0.01104753185320821
6.49358845,0.013595788509956512
6.50855923,0.014602883955138476
6.5086031,0.012130922407873656
6.50863218,0.011078049897001603
6.50865865,0.013595788509956512
6.52183032,0.01454184786755169
6.52193022,0.012176699473563745
6.5220139,0.01104753185320821
6.52206945,0.013611047531853208
6.52212286,0.014557106889448387
6.53277469,0.012146181429770352
6.53286123,0.01104753185320821
6.54578543,0.013595788509956512
6.54589176,0.014557106889448387
6.54595113,0.012146181429770352
6.55880904,0.011078049897001603
6.55891585,0.013626306553749905
6.5726881,0.014572365911345083
6.57282805,0.012207217517357137
6.57289433,0.01104753185320821
6.57296467,0.013611047531853208
6.57868099,0.014572365911345083
6.57879353,0.012191958495460441
6.57885909,0.011017013809414817
6.592659,0.013595788509956512
6.5927012,0.01458762493324178
6.5996592,0.012191958495460441
6.59972334,0.011032272831311514
6.59976125,0.013595788509956512
6.62251568,0.01454184786755169
6.62255597,0.012222476539253834
6.62258244,0.011062790875104906
6.6226151,0.01356527046616312
6.6376214,0.014602883955138476
6.63769388,0.012222476539253834
6.63773012,0.011001754787518121
6.63776374,0.013595788509956512
6.64464092,0.01458762493324178
6.64472127,0.012222476539253834
6.65793824,0.011017013809414817
6.65805125,0.013611047531853208
6.6581099,0.014602883955138476
6.67276168,0.012298771648737316
6.67285466,0.011001754787518121
6.68690538,0.013580529488059816
6.68700457,0.01458762493324178
6.68706322,0.012268253604943923
6.69165015,0.011001754787518121
6.69167781,0.013595788509956512
6.70158672,0.014572365911345083
6.70164037,0.012268253604943923
6.70166898,0.011001754787518121
6.70169544,0.01356527046616312
6.71165061,0.01458762493324178
6.71173239,0.01228351262684062
6.72075009,0.010986495765621425
6.72086382,0.013595788509956512
6.72092414,0.014602883955138476
6.74351406,0.012298771648737316
6.74354339,0.010971236743724726
6.7466507,0.013595788509956512
6.74673128,0.014618142977035172
6.74678898,0.012268253604943923
6.75438213,0.011001754787518121
6.75453043,0.013595788509956512
6.76759887,0.01458762493324178
6.76767254,0.012329289692530708
6.76770949,0.011001754787518121
6.76774335,0.013595788509956512
6.78269863,0.014618142977035172
6.78277922,0.012329289692530708
6.78283834,0.010940718699931334
6.79659271,0.01356527046616312
6.79663706,0.014618142977035172
6.82069111,0.012268253604943923
6.82076955,0.011001754787518121
6.82082987,0.013550011444266423
6.82088542,0.014572365911345083
6.82093835,0.012329289692530708
6.83558369,0.010925459678034637
6.83564496,0.013534752422369727
6.8356812,0.014648661020828565
6.8357141,0.012298771648737316
6.83574677,0.010925459678034637
6.85071802,0.013550011444266423
6.86361623,0.014572365911345083
6.86370325,0.012359807736324101
6.86373901,0.010940718699931334
6.86377192,0.013550011444266423
6.8638041,0.01458762493324178
6.88780904,0.012359807736324101
6.88790703,0.010971236743724726
6.8879652,0.01356527046616312
6.88801861,0.014618142977035172
6.88807154,0.012359807736324101
6.89100385,0.010879682612344548
6.89105153,0.013550011444266423
6.90375113,0.014602883955138476
6.90381384,0.012359807736324101
6.90385008,0.010879682612344548
6.90388441,0.01356527046616312
6.91977525,0.01458762493324178
6.91988277,0.012344548714427405
6.93360949,0.010894941634241245
6.93370318,0.013550011444266423
6.93373299,0.014602883955138476
6.93375969,0.012420843823910887
6.93378568,0.010879682612344548
6.9486351,0.01356527046616312
6.94871855,0.014602883955138476
6.94877768,0.012375066758220797
6.94883108,0.01095597772182803
6.94888306,0.01356527046616312
6.96276569,0.014648661020828565
6.96284676,0.012436102845807583
6.962883,0.010925459678034637
6.96291542,0.013580529488059816
6.98783755,0.014724956130312047
6.98793626,0.012451361867704281
6.9880085,0.010910200656137941
6.98806405,0.013611047531853208
6.98811936,0.014663920042725261
7.00250292,0.01240558480201419
7.00256014,0.010925459678034637
7.01107883,0.013580529488059816
7.01119089,0.014724956130312047
7.01125336,0.012466620889600977
7.02387381,0.01095597772182803
7.02391148,0.013641565575646601
7.03770638,0.014724956130312047
7.03781796,0.01249713893339437
7.0378778,0.010971236743724726
7.04468536,0.013626306553749905
7.05781746,0.014785992217898832
7.05791426,0.012512397955291066
7.05797219,0.010925459678034637
7.0580256,0.013672083619439994
7.05807805,0.014740215152208743
7.06660414,0.012603952086671245
7.06665659,0.010940718699931334
7.07872295,0.01368734264133669
7.07888103,0.014816510261692225
7.07895136,0.012588693064774548
7.08650756,0.010940718699931334
7.08654618,0.013641565575646601
7.10969782,0.014770733196002136
7.10979438,0.012603952086671245
7.1098547,0.010940718699931334
7.1099093,0.01373311970702678
7.12396717,0.014816510261692225
7.12406516,0.01271076523994812
7.12865829,0.010925459678034637
7.12876153,0.013717860685130083
7.12880683,0.014953841458762494
7.13554859,0.012726024261844816
7.1355772,0.011032272831311514
7.14357424,0.01385519188220035
7.14362216,0.014953841458762494
7.14365864,0.012787060349431601
7.15765977,0.011108567940794995
7.15770459,0.013809414816510261
7.18192935,0.01496910048065919
7.18202806,0.012771801327534905
7.18208647,0.01104753185320821
7.18214011,0.013794155794613565
7.19566226,0.014938582436865798
7.19573092,0.012726024261844816
7.20476198,0.010940718699931334
7.20484209,0.013672083619439994
7.20490122,0.014770733196002136
7.21255922,0.012512397955291066
7.21258759,0.01078812848096437
7.21261334,0.013473716334782941
7.21263838,0.014679179064621958
7.21266365,0.012527656977187763
7.22952962,0.010772869459067674
7.22955871,0.013504234378576334
7.24173427,0.014618142977035172
7.24181461,0.01249713893339437
7.24187422,0.01062027924010071
7.24192834,0.013427939269092852
7.24574184,0.01458762493324178
7.245821,0.012390325780117494
7.25496674,0.010681315327687495
7.25508022,0.013382162203402761
7.25514007,0.014526588845654994
7.26764536,0.01240558480201419
7.26770639,0.010589761196307317
7.27774763,0.013382162203402761
7.27782869,0.014557106889448387
7.27788758,0.012451361867704281
7.29065466,0.01062027924010071
7.29068327,0.013397421225299458
7.303792,0.01458762493324178
7.30393338,0.012436102845807583
7.304003,0.010650797283894103
7.30569315,0.013382162203402761
7.3187604,0.014572365911345083
7.31884003,0.012481879911497674
7.32071042,0.010650797283894103
7.32079983,0.013412680247196154
7.32085848,0.014618142977035172
7.33650231,0.012481879911497674
7.33654666,0.010589761196307317
7.34572101,0.013382162203402761
7.34580207,0.01458762493324178
7.34586072,0.01249713893339437
7.35865116,0.010635538261997406
7.35867858,0.013427939269092852
7.37278724,0.01458762493324178
7.3728857,0.012512397955291066
7.37294388,0.01062027924010071
7.37299871,0.013366903181506065
7.37881494,0.014648661020828565
7.37891269,0.012481879911497674
7.37897348,0.010605020218204014
7.39164782,0.013443198290989548
7.39167547,0.014663920042725261
7.40059972,0.012527656977187763
7.40064812,0.010650797283894103
7.41371226,0.013412680247196154
7.41380191,0.014663920042725261
7.41387296,0.012573434042877852
7.42760444,0.010589761196307317
7.42768669,0.013427939269092852
7.43459773,0.01470969710841535
7.43468618,0.012527656977187763
7.43474627,0.010574502174410621
7.43870687,0.013473716334782941
7.4457953,0.014694438086518654
7.44589376,0.01254291599908446
7.45869207,0.010559243152513925
7.45876074,0.013427939269092852
7.45879769,0.01470969710841535
7.48275423,0.01254291599908446
7.48285031,0.010574502174410621
7.48291135,0.013473716334782941
7.48296952,0.014694438086518654
7.48302484,0.012588693064774548
7.49758673,0.010574502174410621
7.49768305,0.01351949340047303
7.49771857,0.014801251239795529
7.49775863,0.01266498817425803
7.4977901,0.010681315327687495
7.497823,0.013488975356679637
7.51268744,0.014801251239795529
7.51276636,0.012695506218051423
7.52202797,0.010589761196307317
7.52214384,0.01351949340047303
7.52220297,0.014785992217898832
7.54569411,0.012726024261844816
7.54578948,0.010589761196307317
7.54584885,0.013534752422369727
7.54590154,0.014816510261692225
7.54595375,0.012680247196154727
7.55589652,0.010574502174410621
7.5559926,0.01351949340047303
7.56370854,0.014801251239795529
7.56384897,0.012695506218051423
7.56390405,0.010543984130617228
7.56854606,0.013473716334782941
7.57768774,0.014831769283588921
7.57776666,0.01266498817425803
7.57782507,0.010543984130617228
7.60147238,0.013443198290989548
7.60151052,0.014816510261692225
7.60674,0.01271076523994812
7.6068573,0.010589761196307317
7.61271524,0.013473716334782941
7.61280465,0.014785992217898832
7.61286616,0.012726024261844816
7.62175083,0.010528725108720532
7.62182975,0.013443198290989548
7.63165927,0.014816510261692225
7.63177609,0.012649729152361334
7.6318121,0.010513466086823835
7.64071608,0.013443198290989548
7.64567733,0.014740215152208743
7.64575577,0.012695506218051423
7.65892434,0.010452429999237048
7.65902352,0.013366903181506065
7.6590817,0.014740215152208743
7.67277598,0.012726024261844816
7.67287326,0.010498207064927139
7.67856026,0.013366903181506065
7.67864084,0.014724956130312047
7.67867708,0.012726024261844816
7.68754768,0.010452429999237048
7.68757939,0.013427939269092852
7.70161676,0.014679179064621958
7.70172429,0.012726024261844816
7.70175385,0.010574502174410621
7.70178223,0.013397421225299458
7.71676016,0.01470969710841535
7.71683979,0.012756542305638208
7.71689844,0.010498207064927139
7.74352574,0.013366903181506065
7.74357128,0.014694438086518654
7.74359775,0.012741283283741512
7.74362326,0.010498207064927139
7.74364853,0.013366903181506065
7.74367428,0.014648661020828565
7.74369931,0.012726024261844816
7.75677824,0.010498207064927139
7.75687742,0.01330586709391928
7.7569356,0.014648661020828565
7.77053499,0.01283283741512169
7.77056432,0.010543984130617228
7.77675366,0.013366903181506065
7.78563333,0.014648661020828565
7.78568411,0.012787060349431601
7.79860139,0.010574502174410621
7.79865456,0.013321126115815976
7.7986908,0.014633401998931869
7.80451298,0.012817578393224994
7.80455256,0.010589761196307317
7.81275725,0.013366903181506065
7.81283879,0.014663920042725261
7.81289935,0.01287861448081178
7.82070494,0.010589761196307317
7.82073307,0.013366903181506065
7.84278226,0.01470969710841535
7.84288096,0.012863355458915083
7.84293914,0.010605020218204014
7.8517077,0.013351644159609368
7.86365962,0.014663920042725261
7.86372948,0.01283283741512169
7.86377144,0.010574502174410621
7.86380839,0.013321126115815976
7.86383986,0.014633401998931869
7.88776374,0.01283283741512169
7.88784862,0.010635538261997406
7.88790822,0.01330586709391928
7.88796234,0.014679179064621958
7.88801432,0.012893873502708476
7.88806558,0.01062027924010071
7.88811684,0.01330586709391928
7.90261054,0.014663920042725261
7.90268064,0.01287861448081178
7.90271783,0.010589761196307317
7.9076817,0.013321126115815976
7.92183471,0.014648661020828565
7.92193246,0.012909132524605172
7.92199206,0.010666056305790799
7.93556809,0.01330586709391928
7.93560147,0.014633401998931869
7.93562794,0.01287861448081178
7.93565321,0.010559243152513925
7.94272518,0.013336385137712672
7.94281197,0.014618142977035172
7.94287324,0.012909132524605172
7.95681047,0.010528725108720532
7.9569304,0.013244831006332494
7.97060037,0.014602883955138476
7.97194266,0.012939650568398567
7.97200775,0.010574502174410621
7.97557902,0.01330586709391928
7.98996067,0.014648661020828565
7.99005675,0.012924391546501868
7.99758959,0.010543984130617228
7.99765635,0.01326009002822919
7.9976933,0.014618142977035172
7.99772525,0.012909132524605172
7.99775672,0.010635538261997406
8.01362872,0.013275349050125887
8.01372075,0.014648661020828565
8.01378202,0.013000686655985352
8.01865864,0.010589761196307317
8.01873755,0.013244831006332494
8.04254222,0.014648661020828565
8.04260564,0.01297016861219196
8.04263568,0.010589761196307317
8.04267573,0.013229571984435798
8.04272842,0.014618142977035172
8.04278016,0.012954909590295263
8.05810142,0.010589761196307317
8.05821562,0.013229571984435798
8.05827594,0.014602883955138476
8.06666183,0.01297016861219196
8.06674647,0.010543984130617228
8.08057475,0.013229571984435798
8.08061457,0.014663920042725261
8.0806427,0.012985427634088656
8.08673096,0.010574502174410621
8.08681059,0.013199053940642405
8.11068106,0.014602883955138476
8.11079264,0.013015945677882048
8.11085248,0.010589761196307317
8.11090708,0.013244831006332494
8.11095977,0.01458762493324178
8.11101222,0.013061722743572137
8.12596321,0.010589761196307317
8.12607741,0.013244831006332494
8.12613773,0.014602883955138476
8.1326344,0.013031204699778745
8.13272023,0.010559243152513925
8.14566946,0.013214312962539101
8.14575076,0.01458762493324178
8.14581013,0.013046463721675441
8.15854263,0.010528725108720532
8.15858364,0.01326009002822919
8.18362355,0.01458762493324178
8.18370748,0.013015945677882048
8.18376589,0.010574502174410621
8.18382001,0.013199053940642405
8.18387437,0.014572365911345083
8.18392634,0.013061722743572137
8.18397808,0.010452429999237048
8.18850255,0.01326009002822919
8.18853354,0.01458762493324178
8.20256162,0.013015945677882048
8.20262361,0.010635538261997406
8.20853329,0.013229571984435798
8.20858622,0.014618142977035172
8.20862269,0.01309224078736553
8.23357654,0.010574502174410621
8.23363876,0.013244831006332494
8.23367453,0.014618142977035172
8.23370719,0.013107499809262227
8.23373914,0.010574502174410621
8.23377037,0.013229571984435798
8.24776816,0.014572365911345083
8.24786615,0.013061722743572137
8.25480747,0.010559243152513925
8.25491309,0.013183794918745708
8.25497198,0.014618142977035172
8.26754069,0.013122758831158923
8.26757312,0.010559243152513925
8.29074311,0.013199053940642405
8.29084229,0.014572365911345083
8.29090118,0.01309224078736553
8.29095435,0.010589761196307317
8.29100752,0.013199053940642405
8.30683661,0.014602883955138476
8.30699253,0.013061722743572137
8.30706692,0.010605020218204014
8.30712199,0.013214312962539101
8.31383491,0.01454184786755169
8.31391263,0.013122758831158923
8.32296443,0.010574502174410621
8.32307863,0.013168535896849012
8.32313967,0.01458762493324178
8.34162855,0.013122758831158923
8.34169126,0.010589761196307317
8.35478044,0.013153276874952316
8.35489321,0.014618142977035172
8.35495186,0.013153276874952316
8.36759162,0.010574502174410621
8.36765265,0.013229571984435798
8.36768794,0.014557106889448387
8.3677206,0.013183794918745708
8.36775231,0.010574502174410621
8.38169098,0.01313801785305562
8.3817699,0.014602883955138476
8.38182878,0.013153276874952316
8.3907361,0.010543984130617228
8.39081717,0.013199053940642405
8.39087653,0.014557106889448387
8.39849973,0.01313801785305562
8.3985374,0.010559243152513925
8.4127202,0.013168535896849012
8.4128015,0.01458762493324178
8.41286135,0.013153276874952316
8.42760587,0.01062027924010071
8.42766023,0.01313801785305562
8.43698907,0.014618142977035172
8.4370923,0.013214312962539101
8.43716717,0.010589761196307317
8.43722153,0.013183794918745708
8.44680285,0.014572365911345083
8.44688225,0.013168535896849012
8.45500255,0.010528725108720532
8.4551146,0.013107499809262227
8.45517588,0.014602883955138476
8.47778869,0.01313801785305562
8.47789645,0.01062027924010071
8.47795677,0.013122758831158923
8.47801089,0.01454184786755169
8.47806358,0.013244831006332494
8.48771906,0.010543984130617228
8.48775029,0.013107499809262227
8.49768424,0.014602883955138476
8.49774861,0.013199053940642405
8.49779367,0.010589761196307317
8.50257659,0.013122758831158923
8.51702857,0.014496070801861601
8.51712561,0.013214312962539101
8.51718593,0.010559243152513925
8.53055477,0.013122758831158923
8.53058767,0.014557106889448387
8.55477881,0.013244831006332494
8.55489492,0.010559243152513925
8.55495572,0.013122758831158923
8.55500937,0.01458762493324178
8.55506182,0.013229571984435798
8.55678368,0.010574502174410621
8.55686474,0.013107499809262227
8.55692315,0.01454184786755169
8.57053852,0.013275349050125887
8.57058096,0.010559243152513925
8.57060695,0.013122758831158923
8.57768893,0.01454184786755169
8.57776761,0.013244831006332494
8.60158587,0.010574502174410621
8.60164833,0.013107499809262227
8.60168386,0.014572365911345083
8.61552262,0.01326009002822919
8.61555171,0.010513466086823835
8.61557794,0.013122758831158923
8.61560297,0.01454184786755169
8.61562824,0.01326009002822919
8.63849807,0.010574502174410621
8.63854432,0.013015945677882048
8.63856983,0.014572365911345083
8.6385951,0.013244831006332494
8.6386292,0.010559243152513925
8.64982438,0.013122758831158923
8.6548214,0.01458762493324178
8.65491819,0.013275349050125887
8.65497851,0.010559243152513925
8.65503263,0.013122758831158923
8.65508461,0.014480811779964905
8.6788826,0.01326009002822919
8.6789782,0.010543984130617228
8.68395233,0.013015945677882048
8.68406439,0.014557106889448387
8.6841259,0.013244831006332494
8.69064426,0.010498207064927139
8.6906724,0.013076981765468834
8.69661641,0.01454184786755169
8.69670153,0.01326009002822919
8.6967392,0.010574502174410621
8.70574403,0.013061722743572137
8.710675,0.01454184786755169
8.71075368,0.01330586709391928
8.7240777,0.010559243152513925
8.72418952,0.013076981765468834
8.72424865,0.014526588845654994
8.73780179,0.013366903181506065
8.73789501,0.010543984130617228
8.75181079,0.01309224078736553
8.75190973,0.01458762493324178
8.75196838,0.013397421225299458
8.75204849,0.01062027924010071
8.75210166,0.013061722743572137
8.76656246,0.01458762493324178
8.7666254,0.013427939269092852
8.76666117,0.010605020218204014
8.76669455,0.01309224078736553
8.78265762,0.014572365911345083
8.78273726,0.013443198290989548
8.79563427,0.010574502174410621
8.79576874,0.013061722743572137
8.79579806,0.01458762493324178
8.80473924,0.013427939269092852
8.80481958,0.01062027924010071
8.81071806,0.01309224078736553
8.81080699,0.014572365911345083
8.81086779,0.013458457312886245
8.82397532,0.010650797283894103
8.82407308,0.013031204699778745
8.83060193,0.014602883955138476
8.83069229,0.013473716334782941
8.83072805,0.010711833371480888
8.83674526,0.013061722743572137
8.86059713,0.014602883955138476
8.86067533,0.013504234378576334
8.8607142,0.010681315327687495
8.86074686,0.01309224078736553
8.86077905,0.01458762493324178
8.86252189,0.013488975356679637
8.86256933,0.010650797283894103
8.87676477,0.012954909590295263
8.87686324,0.01458762493324178
8.87692308,0.013504234378576334
8.88654494,0.010666056305790799
8.88657784,0.013015945677882048
8.89561725,0.014557106889448387
8.89572215,0.013488975356679637
8.89575911,0.010666056305790799
8.90874696,0.013046463721675441
8.92296529,0.014572365911345083
8.92306185,0.013488975356679637
8.92856145,0.010681315327687495
8.92865753,0.012985427634088656
8.92869449,0.01454184786755169
8.93565941,0.01356527046616312
8.9357388,0.01062027924010071
8.94492197,0.012985427634088656
8.94503498,0.014526588845654994
8.94509602,0.013443198290989548
8.95297289,0.010635538261997406
8.95306921,0.012985427634088656
8.95313025,0.014511329823758298
8.9765377,0.013458457312886245
8.97656918,0.010650797283894103
8.9765954,0.012954909590295263
8.97662115,0.014465552758068208
8.97664642,0.013427939269092852
8.99194002,0.010559243152513925
8.99203968,0.012939650568398567
8.99209929,0.014465552758068208
8.99761844,0.013473716334782941
8.99765301,0.010574502174410621
9.01168346,0.012909132524605172
9.01176691,0.014450293736171512
9.02099395,0.013473716334782941
9.02113128,0.010605020218204014
9.02119017,0.012909132524605172
9.04359508,0.014435034714274816
9.04370642,0.013458457312886245
9.04376435,0.010574502174410621
9.04382086,0.01287861448081178
9.04554868,0.014496070801861601
9.04558754,0.013473716334782941
9.06001377,0.010589761196307317
9.06011081,0.012954909590295263
9.06016994,0.014450293736171512
9.06775975,0.013504234378576334
9.06784129,0.010635538261997406
9.07667446,0.012893873502708476
9.0767622,0.014435034714274816
9.076823,0.013504234378576334
9.09072471,0.01062027924010071
9.09075546,0.012893873502708476
9.11468148,0.014496070801861601
9.11479163,0.013550011444266423
9.11485052,0.01062027924010071
9.1149044,0.012893873502708476
9.12796974,0.01441977569237812
9.12806678,0.013504234378576334
9.12812805,0.010711833371480888
9.1281817,0.01287861448081178
9.12823367,0.014435034714274816
9.13665056,0.01351949340047303
9.13672781,0.01062027924010071
9.14367056,0.012893873502708476
9.14375424,0.014404516670481423
9.14381409,0.01351949340047303
9.1566515,0.010635538261997406
9.15668297,0.012848096437018387
9.18169785,0.014404516670481423
9.18179464,0.01351949340047303
9.18185401,0.010696574349584192
9.18191075,0.012848096437018387
9.18196392,0.01441977569237812
9.18201709,0.013504234378576334
9.18781614,0.010589761196307317
9.18791413,0.012848096437018387
9.18797326,0.014373998626688029
9.19871497,0.013550011444266423
9.19874215,0.01062027924010071
9.2115891,0.012817578393224994
9.21166062,0.014404516670481423
9.22975087,0.01351949340047303
9.22986293,0.010666056305790799
9.22992349,0.012848096437018387
9.23758721,0.014373998626688029
9.23768353,0.013595788509956512
9.23771358,0.01062027924010071
9.23774052,0.012817578393224994
9.24770927,0.01441977569237812
9.24778771,0.013550011444266423
9.2560091,0.010666056305790799
9.25611019,0.012848096437018387
9.25616932,0.014373998626688029
9.26365376,0.013580529488059816
9.26368046,0.010742351415274281
9.28777122,0.01283283741512169
9.2878685,0.014389257648584725
9.28794646,0.013611047531853208
9.28800082,0.010650797283894103
9.28805304,0.01283283741512169
9.29797649,0.01441977569237812
9.29807448,0.01356527046616312
9.31180143,0.010696574349584192
9.31189632,0.012848096437018387
9.31197095,0.014343480582894636
9.31202722,0.013611047531853208
9.32196999,0.01078812848096437
9.322083,0.012787060349431601
9.3221488,0.014404516670481423
9.34576225,0.013611047531853208
9.34586048,0.010696574349584192
9.34592009,0.012787060349431601
9.34597373,0.014404516670481423
9.34602642,0.013595788509956512
9.35582757,0.010650797283894103
9.35592532,0.01283283741512169
9.36396575,0.01432822156099794
9.36408019,0.013595788509956512
9.36413956,0.010757610437170977
9.36862469,0.012787060349431601
9.38270855,0.014358739604791332
9.38278794,0.013626306553749905
9.38284707,0.010681315327687495
9.38854909,0.012771801327534905
9.38858247,0.014343480582894636
9.41373873,0.013595788509956512
9.41383386,0.010666056305790799
9.42692852,0.01283283741512169
9.4270401,0.014297703517204547
9.42710137,0.013580529488059816
9.42715549,0.010772869459067674
9.42720842,0.012695506218051423
9.44171476,0.014312962539101243
9.44182467,0.013672083619439994
9.44188404,0.010666056305790799
9.44194388,0.012771801327534905
9.44873071,0.01432822156099794
9.44880867,0.013595788509956512
9.4628756,0.010742351415274281
9.46298194,0.012771801327534905
9.46304107,0.014312962539101243
9.47653484,0.013641565575646601
9.47657561,0.010727092393377585
9.49096799,0.012771801327534905
9.49108124,0.014343480582894636
9.49114394,0.013672083619439994
9.49119854,0.010681315327687495
9.49125147,0.012802319371328297
9.50359201,0.014343480582894636
9.50366712,0.013611047531853208
9.50371337,0.010650797283894103
9.50562286,0.012771801327534905
9.51168489,0.014343480582894636
9.5117681,0.013611047531853208
9.53561783,0.010696574349584192
9.53571057,0.012726024261844816
9.53574085,0.014297703517204547
9.54052806,0.013672083619439994
9.54058027,0.010681315327687495
9.54770565,0.012741283283741512
9.5477922,0.014312962539101243
9.5479157,0.013595788509956512
9.55502415,0.010666056305790799
9.55512023,0.012787060349431601
9.56763816,0.014297703517204547
9.56772256,0.013672083619439994
9.56777096,0.010711833371480888
9.56780219,0.012756542305638208
9.58370519,0.014358739604791332
9.58378506,0.013702601663233387
9.58384418,0.010666056305790799
9.59665275,0.012741283283741512
9.596699,0.014297703517204547
9.61786938,0.013611047531853208
9.61796689,0.010650797283894103
9.61802554,0.012787060349431601
9.61808062,0.014297703517204547
9.61813354,0.01368734264133669
9.62107563,0.010681315327687495
9.62117457,0.012619211108567941
9.63370967,0.014312962539101243
9.63388634,0.013702601663233387
9.6339376,0.010635538261997406
9.63648653,0.012756542305638208
9.65982819,0.01432822156099794
9.65992451,0.013672083619439994
9.6599834,0.010635538261997406
9.66003871,0.012741283283741512
9.6600914,0.01432822156099794
9.66571474,0.013672083619439994
9.66584134,0.010681315327687495
9.67960811,0.012741283283741512
9.67969799,0.01432822156099794
9.67975974,0.013717860685130083
9.6879189,0.010681315327687495
9.68801427,0.012726024261844816
9.71172214,0.014343480582894636
9.71185136,0.01368734264133669
9.71194911,0.010635538261997406
9.7120235,0.012726024261844816
9.73562646,0.014343480582894636
9.73568058,0.01368734264133669
9.73571277,0.010650797283894103
9.73573923,0.01271076523994812
9.73576522,0.014312962539101243
9.760782,0.013717860685130083
9.76087713,0.010666056305790799
9.76093626,0.012741283283741512
9.7609899,0.01441977569237812
9.76104569,0.01373311970702678
9.76110411,0.010711833371480888
9.76117587,0.01271076523994812
9.76292634,0.014343480582894636
9.76303911,0.013748378728923476
9.76309943,0.010696574349584192
9.76751375,0.012726024261844816
9.79176259,0.01432822156099794
9.79186106,0.01373311970702678
9.79191971,0.010696574349584192
9.79197454,0.012726024261844816
9.79202724,0.014373998626688029
9.79849648,0.01373311970702678
9.79854345,0.010696574349584192
9.80851388,0.01271076523994812
9.80856061,0.014312962539101243
9.80859804,0.013763637750820172
9.82251191,0.010696574349584192
9.82254958,0.012695506218051423
9.83078694,0.014297703517204547
9.83088517,0.013763637750820172
9.83094597,0.010666056305790799
9.84351039,0.012695506218051423
9.85574555,0.014312962539101243
9.85584092,0.013763637750820172
9.86859846,0.010666056305790799
9.86868644,0.012726024261844816
9.86873674,0.01428244449530785
9.87052155,0.013748378728923476
9.87054944,0.010742351415274281
9.87665415,0.012680247196154727
9.87675643,0.014312962539101243
9.87681794,0.013809414816510261
9.89048433,0.010711833371480888
9.89052916,0.01271076523994812
9.90355015,0.014358739604791332
9.90363669,0.01373311970702678
9.90367317,0.010742351415274281
9.91068149,0.012726024261844816
9.92495394,0.014312962539101243
9.92505026,0.013794155794613565
9.92989731,0.010772869459067674
9.9300108,0.012726024261844816
9.93007112,0.014343480582894636
9.93661952,0.013824673838406958
9.93672299,0.010696574349584192
9.9436276,0.012726024261844816
9.9437108,0.014297703517204547
9.94377041,0.013839932860303654
9.9525547,0.01078812848096437
9.95258498,0.012741283283741512
9.97763777,0.014358739604791332
9.9777348,0.013824673838406958
9.97779489,0.01078812848096437
9.97785044,0.012726024261844816
9.97790504,0.014343480582894636
9.97795868,0.013916227969787138
9.99292731,0.010742351415274281
9.99302435,0.01271076523994812
9.993083,0.014404516670481423
9.99973536,0.013885709925993743
9.99985933,0.010757610437170977
10.01262569,0.012634470130464637
10.01271534,0.014358739604791332
10.01277423,0.01385519188220035
10.02678871,0.010772869459067674
10.02688551,0.012726024261844816
10.04157948,0.014343480582894636
10.04168987,0.013809414816510261
10.04175091,0.010757610437170977
10.04180646,0.012695506218051423
10.04186177,0.014373998626688029
10.04191446,0.013885709925993743
10.05594373,0.010772869459067674
10.05604291,0.012756542305638208
10.05610132,0.014358739604791332
10.06356215,0.013931486991683834
10.06359053,0.010818646524757763
10.08780503,0.012695506218051423
10.08790326,0.014389257648584725
10.08798766,0.013931486991683834
10.0880456,0.01078812848096437
10.08809972,0.012695506218051423
10.09784889,0.014343480582894636
10.0979476,0.01394674601358053
10.09800553,0.010803387502861066
10.09805989,0.012726024261844816
10.11264801,0.014358739604791332
10.11272955,0.013931486991683834
10.12206006,0.010803387502861066
10.1221745,0.012634470130464637
10.12225437,0.014373998626688029
10.14570117,0.01394674601358053
10.14579964,0.01078812848096437
10.14585733,0.012649729152361334
10.14591169,0.014358739604791332
10.14596295,0.013916227969787138
10.15610862,0.010757610437170977
10.15620542,0.012680247196154727
10.16853237,0.014343480582894636
10.16860366,0.013916227969787138
10.16863298,0.010833905546654459
10.17176008,0.012634470130464637
10.17874575,0.014312962539101243
10.17882395,0.013977264057373923
10.19274235,0.010742351415274281
10.19285488,0.01266498817425803
10.19291377,0.01432822156099794
10.20663166,0.013962005035477227
10.20669246,0.010803387502861066
10.21670866,0.01271076523994812
10.21679688,0.014343480582894636
10.21685982,0.01394674601358053
10.22182727,0.010803387502861066
10.22192764,0.012634470130464637
10.23366451,0.01428244449530785
10.23377252,0.01394674601358053
10.23381996,0.010711833371480888
10.23557425,0.012634470130464637
10.24873567,0.014312962539101243
10.24881268,0.013931486991683834
10.26295638,0.010757610437170977
10.26306987,0.012634470130464637
10.26313019,0.01432822156099794
10.27769351,0.013977264057373923
10.27779388,0.010635538261997406
10.27785492,0.012634470130464637
10.27790999,0.01428244449530785
10.2779634,0.01394674601358053
10.28676391,0.01078812848096437
10.28684235,0.012573434042877852
10.28689957,0.014312962539101243
10.30048037,0.013931486991683834
10.30051613,0.010757610437170977
10.30054212,0.012634470130464637
10.31569171,0.014312962539101243
10.31576943,0.01394674601358053
10.32995629,0.01078812848096437
10.33007121,0.012588693064774548
10.33012986,0.014251926451514458
10.33650422,0.013809414816510261
10.33657265,0.010772869459067674
10.3426702,0.01254291599908446
10.34277058,0.014312962539101243
10.3428309,0.013931486991683834
10.35599637,0.010727092393377585
10.35609627,0.012527656977187763
10.36486363,0.014251926451514458
10.36497951,0.013931486991683834
10.36505365,0.010650797283894103
10.37751102,0.012558175020981156
10.39175034,0.01428244449530785
10.39184713,0.01394674601358053
10.39190698,0.010757610437170977
10.39196205,0.012573434042877852
10.39203882,0.01428244449530785
10.40155721,0.014007782101167316
10.40159798,0.010742351415274281
10.40868998,0.012573434042877852
10.40877151,0.01428244449530785
10.4088316,0.01399252307927062
10.42160845,0.010772869459067674
10.42163682,0.01254291599908446
10.44658732,0.014267185473411154
10.44665504,0.013809414816510261
10.44668984,0.010757610437170977
10.4467237,0.01254291599908446
10.45500374,0.014267185473411154
10.45509934,0.014007782101167316
10.46298885,0.010757610437170977
10.46308827,0.012512397955291066
10.46314645,0.01428244449530785
10.4685204,0.01399252307927062
10.46855187,0.010772869459067674
10.47668409,0.012573434042877852
10.47677374,0.014236667429617761
10.47683454,0.014038300144960708
10.49155903,0.010757610437170977
10.49158883,0.01249713893339437
10.50261688,0.01428244449530785
10.50270319,0.013977264057373923
10.50274014,0.010772869459067674
10.50277591,0.01249713893339437
10.51671147,0.014251926451514458
10.51682067,0.01399252307927062
10.51688004,0.010818646524757763
10.52153754,0.012481879911497674
10.52156973,0.014236667429617761
10.53646398,0.014007782101167316
10.53656983,0.010742351415274281
10.54358959,0.012466620889600977
10.54369307,0.014221408407721065
10.54372787,0.01399252307927062
10.56791139,0.01078812848096437
10.56800961,0.012329289692530708
10.56806993,0.014236667429617761
10.56812596,0.014038300144960708
10.56817889,0.010772869459067674
10.56823158,0.012481879911497674
10.57763386,0.014251926451514458
10.57772636,0.014038300144960708
10.57778144,0.010803387502861066
10.59154749,0.012436102845807583
10.59157753,0.014236667429617761
10.60106897,0.014007782101167316
10.60116434,0.010772869459067674
10.62367988,0.01249713893339437
10.62380314,0.014236667429617761
10.62386489,0.014038300144960708
10.63804317,0.010803387502861066
10.63813949,0.012436102845807583
10.64663386,0.01428244449530785
10.6467042,0.01394674601358053
10.64673448,0.010833905546654459
10.64676237,0.012466620889600977
10.66082692,0.014175631342030976
10.6609242,0.014068818188754101
10.66098475,0.010727092393377585
10.66104889,0.012527656977187763
10.66108203,0.014221408407721065
10.66864538,0.014038300144960708
10.66867232,0.01078812848096437
10.67758179,0.01249713893339437
10.67765856,0.014251926451514458
10.6776948,0.014145113298237583
10.69158268,0.010833905546654459
10.6916256,0.012466620889600977
10.70599651,0.014297703517204547
10.7060957,0.01411459525444419
10.70615458,0.010910200656137941
10.7062099,0.01254291599908446
10.7115345,0.014312962539101243
10.71158457,0.014145113298237583
10.72468996,0.01095597772182803
10.72477984,0.012512397955291066
10.7248404,0.014343480582894636
10.73303652,0.014007782101167316
10.73313284,0.010910200656137941
10.74661326,0.012588693064774548
10.74668455,0.014343480582894636
10.74671602,0.01416037232013428
10.77083755,0.010910200656137941
10.7709353,0.012512397955291066
10.77099538,0.014312962539101243
10.77105093,0.01416037232013428
10.7711041,0.010925459678034637
10.77117872,0.012512397955291066
10.77765965,0.01428244449530785
10.77775741,0.01416037232013428
10.78763986,0.010925459678034637
10.78772974,0.01249713893339437
10.78779101,0.01428244449530785
10.80172253,0.014129854276340887
10.80174994,0.010894941634241245
10.81560874,0.01254291599908446
10.81566167,0.014236667429617761
10.8156898,0.01416037232013428
10.82956934,0.010879682612344548
10.82960749,0.012512397955291066
10.82963371,0.014297703517204547
10.8296597,0.014068818188754101
10.82968569,0.010894941634241245
10.83564854,0.01249713893339437
10.84862614,0.014297703517204547
10.84868741,0.014129854276340887
10.85570264,0.010833905546654459
10.85579038,0.012451361867704281
10.8558507,0.014221408407721065
10.86987662,0.01416037232013428
10.86998415,0.010666056305790799
10.88273907,0.01240558480201419
10.90307331,0.014236667429617761
10.90312219,0.014129854276340887
10.90315104,0.010833905546654459
10.90317702,0.012466620889600977
10.90320253,0.014236667429617761
10.90322781,0.014145113298237583
10.90325284,0.010864423590447852
10.90327764,0.012451361867704281
10.91279173,0.014236667429617761
10.91288495,0.014145113298237583
10.93678808,0.010894941634241245
10.93690109,0.012359807736324101
10.93695927,0.01428244449530785
10.93701386,0.014221408407721065
10.93706632,0.010894941634241245
10.94760203,0.012436102845807583
10.94772387,0.014236667429617761
10.94775343,0.014190890363927672
10.95271254,0.010910200656137941
10.95279217,0.012451361867704281
10.96803761,0.014251926451514458
10.96815062,0.014175631342030976
10.96821117,0.01095597772182803
10.96826601,0.012420843823910887
10.98159814,0.014236667429617761
10.98165894,0.014221408407721065
10.99666023,0.010910200656137941
10.99674892,0.012466620889600977
10.9968102,0.014312962539101243
11.003824,0.014221408407721065
11.00385451,0.010971236743724726
11.00598264,0.01228351262684062
11.0060811,0.014267185473411154
11.00613999,0.014312962539101243
11.03066039,0.010940718699931334
11.03070402,0.012466620889600977
11.03578258,0.014312962539101243
11.03588104,0.014297703517204547
11.03594184,0.010925459678034637
11.04151011,0.012512397955291066
11.06608534,0.014343480582894636
11.06618142,0.01428244449530785
11.08367562,0.010986495765621425
11.0837903,0.012466620889600977
11.08387065,0.01432822156099794
11.08392477,0.014389257648584725
11.0839777,0.010986495765621425
11.08663964,0.012512397955291066
11.08676529,0.014236667429617761
11.08683634,0.014236667429617761
11.09502769,0.01095597772182803
11.09506655,0.012420843823910887
11.10302162,0.014236667429617761
11.10313725,0.014221408407721065
11.1031971,0.010803387502861066
11.10325193,0.012344548714427405
11.12675953,0.014145113298237583
11.12685871,0.014099336232547494
11.12693095,0.010696574349584192
11.1269877,0.01228351262684062
11.12703991,0.014190890363927672
11.13313079,0.01411459525444419
11.13322997,0.010833905546654459
11.14761043,0.012359807736324101
11.1477046,0.014175631342030976
11.14774227,0.014099336232547494
11.15273595,0.010879682612344548
11.1528151,0.012161440451667048
11.17754722,0.01411459525444419
11.17763305,0.014175631342030976
11.17766237,0.010864423590447852
11.17769003,0.012268253604943923
11.18764639,0.01416037232013428
11.18772435,0.014053559166857405
11.19265628,0.010818646524757763
11.19274592,0.012329289692530708
11.19280648,0.01411459525444419
11.19949818,0.01416037232013428
11.19954133,0.010910200656137941
11.2125926,0.012161440451667048
11.21268654,0.014145113298237583
11.21272469,0.014175631342030976
11.21771479,0.010833905546654459
11.21779418,0.01228351262684062
11.24268198,0.014129854276340887
11.24277091,0.014084077210650798
11.24279928,0.010894941634241245
11.24282575,0.012390325780117494
11.24285221,0.014236667429617761
11.24287987,0.014236667429617761
11.25771952,0.010971236743724726
11.25779986,0.012344548714427405
11.25785756,0.01416037232013428
11.26653838,0.014221408407721065
11.26656675,0.010910200656137941
11.2748661,0.012298771648737316
11.2750144,0.014129854276340887
11.27511191,0.014206149385824368
11.29754782,0.010818646524757763
11.2975781,0.01223773556115053
11.29760385,0.01411459525444419
11.29762936,0.01416037232013428
11.29765439,0.010879682612344548
11.29767942,0.012252994583047227
11.31366158,0.014007782101167316
11.31372809,0.014221408407721065
11.3217206,0.010711833371480888
11.32180977,0.012222476539253834
11.3218708,0.01416037232013428
11.33599901,0.014221408407721065
11.33609819,0.010894941634241245
11.3496592,0.012252994583047227
11.34977055,0.01416037232013428
11.3498311,0.01428244449530785
11.36398888,0.011001754787518121
11.36408424,0.012268253604943923
11.36414266,0.014190890363927672
11.36419773,0.01432822156099794
11.36425114,0.011001754787518121
11.36430264,0.012298771648737316
11.377635,0.01428244449530785
11.37770987,0.014343480582894636
11.39263844,0.011062790875104906
11.39274883,0.01240558480201419
11.39280868,0.014251926451514458
11.40051866,0.014373998626688029
11.40054941,0.011108567940794995
11.41872644,0.012344548714427405
11.41882277,0.014297703517204547
11.41888213,0.014404516670481423
11.44152546,0.011032272831311514
11.44156861,0.012390325780117494
11.44159555,0.014267185473411154
11.44162154,0.014358739604791332
11.44164729,0.01104753185320821
11.44167209,0.012420843823910887
11.46790171,0.014221408407721065
11.46798277,0.014404516670481423
11.46804047,0.011017013809414817
11.46809387,0.012329289692530708
11.46814656,0.014206149385824368
11.46819806,0.014297703517204547
11.4682498,0.010940718699931334
11.49273157,0.012222476539253834
11.49282765,0.01411459525444419
11.49288535,0.014221408407721065
11.49293852,0.010833905546654459
11.49299049,0.01211566338597696
11.50671649,0.013962005035477227
11.50681925,0.014084077210650798
11.50686717,0.010818646524757763
11.50692129,0.011993591210803388
11.50696826,0.013870450904097047
11.50701332,0.014084077210650798
11.52262139,0.010711833371480888
11.52271271,0.011993591210803388
11.52277303,0.013885709925993743
11.53584099,0.014023041123064012
11.53593755,0.010742351415274281
11.54860401,0.012024109254596781
11.54866552,0.013870450904097047
11.54870129,0.014068818188754101
11.55868578,0.010803387502861066
11.55876446,0.012039368276493477
11.56794763,0.01385519188220035
11.56806111,0.01416037232013428
11.56812119,0.010818646524757763
11.56817698,0.012085145342183566
11.57664728,0.014007782101167316
11.57670283,0.014175631342030976
11.59163499,0.010864423590447852
11.59172392,0.01211566338597696
11.59178448,0.014007782101167316
11.6135335,0.01416037232013428
11.61358118,0.010925459678034637
11.61555576,0.012130922407873656
11.61563373,0.01399252307927062
11.6156919,0.014221408407721065
11.61574602,0.010940718699931334
11.61579823,0.012100404364080263
11.63080788,0.014053559166857405
11.6309073,0.014175631342030976
11.63096762,0.010910200656137941
11.63102269,0.012161440451667048
11.64556718,0.01399252307927062
11.6456275,0.014206149385824368
11.66871262,0.011001754787518121
11.66879249,0.012146181429770352
11.66885209,0.014068818188754101
11.67111373,0.014312962539101243
11.67121172,0.010971236743724726
11.67655659,0.012191958495460441
11.67662287,0.014068818188754101
11.67665172,0.014251926451514458
11.68871069,0.011169604028381781
11.68879223,0.012176699473563745
11.69878983,0.014038300144960708
11.69890332,0.014297703517204547
11.69896269,0.011017013809414817
11.70686698,0.01211566338597696
11.7317512,0.014053559166857405
11.73183107,0.014297703517204547
11.73188901,0.011001754787518121
11.73194385,0.012085145342183566
11.73199606,0.014084077210650798
11.7320478,0.014343480582894636
11.73209977,0.011017013809414817
11.74462271,0.012161440451667048
11.7446878,0.014099336232547494
11.74473119,0.01432822156099794
11.75871277,0.011123826962691692
11.75879335,0.012191958495460441
11.75885248,0.014221408407721065
11.78158665,0.014404516670481423
11.78161836,0.011123826962691692
11.78164434,0.012161440451667048
11.7959578,0.014129854276340887
11.79605532,0.014404516670481423
11.80491209,0.011017013809414817
11.8050251,0.012146181429770352
11.80508637,0.014099336232547494
11.81750202,0.014297703517204547
11.81753516,0.011154345006485085
11.81756043,0.012161440451667048
11.81758571,0.014084077210650798
11.8176105,0.014404516670481423
11.82247639,0.01104753185320821
11.82253671,0.012146181429770352
11.83707356,0.014129854276340887
11.83717394,0.014358739604791332
11.83723283,0.011001754787518121
11.8505044,0.012176699473563745
11.85053468,0.014084077210650798
11.85056067,0.014389257648584725
11.85981441,0.011078049897001603
11.85991359,0.012130922407873656
11.85997486,0.014068818188754101
11.86364961,0.014358739604791332
11.86367798,0.01104753185320821
11.87766743,0.012100404364080263
11.87773848,0.014099336232547494
11.87777472,0.014343480582894636
11.88751698,0.01104753185320821
11.88754964,0.012161440451667048
11.91670918,0.014038300144960708
11.9168067,0.014358739604791332
11.91686869,0.01104753185320821
11.91692472,0.01211566338597696
11.91968083,0.014007782101167316
11.91979337,0.014343480582894636
11.91985726,0.010986495765621425
11.91991949,0.012054627298390174
11.91997218,0.014053559166857405
11.93277764,0.014358739604791332
11.93285847,0.011017013809414817
11.94757795,0.012146181429770352
11.94763255,0.014038300144960708
11.94766378,0.014358739604791332
11.9536562,0.011108567940794995
11.95373654,0.012039368276493477
11.96665072,0.014068818188754101
11.96673965,0.014373998626688029
11.96679878,0.011062790875104906
11.98156714,0.01211566338597696
11.98665857,0.014099336232547494
11.98676515,0.014373998626688029
11.99168634,0.011078049897001603
11.99179935,0.012130922407873656
11.9918611,0.014038300144960708
12.00363922,0.014358739604791332
12.00367141,0.011139085984588388
12.00851798,0.012085145342183566
12.00856757,0.014099336232547494
12.00859642,0.014404516670481423
12.03264999,0.011062790875104906
12.03268123,0.012100404364080263
12.03270698,0.014099336232547494
12.03273201,0.014373998626688029
12.03275728,0.011108567940794995
12.03278255,0.012130922407873656
12.04797959,0.014084077210650798
12.04807615,0.014389257648584725
12.05353618,0.011108567940794995
12.05359364,0.012100404364080263
12.0536294,0.014053559166857405
12.06851387,0.014435034714274816
12.06857681,0.011062790875104906
12.08101153,0.012100404364080263
12.08111191,0.01411459525444419
12.08117032,0.01441977569237812
12.10365343,0.011078049897001603
12.10368419,0.012100404364080263
12.1057148,0.014038300144960708
12.10579658,0.014389257648584725
12.10585403,0.011078049897001603
12.10590649,0.012054627298390174
12.11577153,0.014038300144960708
12.11588478,0.014435034714274816
12.12156391,0.01104753185320821
12.12161899,0.012024109254596781
12.12166452,0.014068818188754101
12.13573575,0.014358739604791332
12.13581538,0.01104753185320821
12.14993119,0.012085145342183566
12.15009165,0.014038300144960708
12.15015149,0.01441977569237812
12.1626904,0.011108567940794995
12.16277218,0.012024109254596781
12.16461134,0.014206149385824368
12.16471648,0.014404516670481423
12.16477752,0.01104753185320821
12.18070674,0.012039368276493477
12.18075156,0.014068818188754101
12.1807785,0.01441977569237812
12.19054294,0.011108567940794995
12.1905899,0.012085145342183566
12.19061899,0.014053559166857405
12.20464826,0.014435034714274816
12.20468569,0.011108567940794995
12.21762848,0.012024109254596781
12.2177217,0.01411459525444419
12.2177577,0.014496070801861601
12.22246933,0.011200122072175174
12.22251296,0.012100404364080263
12.2286067,0.01416037232013428
12.228688,0.014526588845654994
12.22874594,0.011062790875104906
12.23556685,0.012100404364080263
12.24878216,0.014129854276340887
12.24885798,0.014496070801861601
12.27367783,0.011184863050278477
12.27376795,0.012054627298390174
12.27382755,0.014068818188754101
12.2866776,0.014526588845654994
12.28676367,0.011123826962691692
12.28680301,0.012054627298390174
12.28683591,0.014053559166857405
12.28687024,0.014435034714274816
12.31178164,0.011123826962691692
12.31187844,0.012024109254596781
12.31193686,0.014007782101167316
12.31199121,0.01441977569237812
12.31204271,0.011108567940794995
12.3120935,0.011932555123216601
12.3168745,0.01399252307927062
12.31695843,0.014465552758068208
12.33068275,0.011093308918898299
12.33077216,0.011993591210803388
12.33083344,0.01399252307927062
12.34483194,0.014373998626688029
12.34493017,0.011062790875104906
12.35064578,0.011963073167009996
12.35074472,0.013962005035477227
12.35078311,0.014435034714274816
12.35754919,0.011123826962691692
12.35758758,0.011978332188906692
12.35761619,0.013977264057373923
12.37082601,0.014404516670481423
12.37085938,0.011062790875104906
12.37088871,0.011932555123216601
12.37784433,0.014053559166857405
12.37794161,0.014404516670481423
12.40175891,0.011123826962691692
12.40187144,0.011993591210803388
12.40193248,0.014007782101167316
12.4019866,0.014404516670481423
12.40203905,0.011123826962691692
12.41176295,0.011932555123216601
12.41186333,0.01394674601358053
12.41192412,0.01441977569237812
12.42052007,0.011108567940794995
12.42055583,0.011993591210803388
12.43478489,0.014038300144960708
12.43488431,0.014404516670481423
12.43494368,0.011108567940794995
12.43500042,0.011963073167009996
12.45973372,0.01399252307927062
12.4598279,0.014435034714274816
12.45988798,0.011200122072175174
12.45994234,0.011902037079423208
12.45999551,0.014007782101167316
12.47479916,0.01441977569237812
12.47491693,0.011093308918898299
12.47497535,0.011947814145113297
12.47502971,0.013977264057373923
12.47508144,0.014465552758068208
12.48860192,0.011139085984588388
12.48865461,0.011963073167009996
12.49755406,0.014007782101167316
12.49759722,0.014480811779964905
12.49762654,0.011169604028381781
12.51181483,0.011947814145113297
12.52068353,0.014007782101167316
12.52075958,0.014450293736171512
12.53370118,0.011108567940794995
12.53381014,0.011963073167009996
12.53390336,0.01399252307927062
12.53563333,0.014465552758068208
12.53567195,0.011123826962691692
12.54480648,0.011947814145113297
12.54490471,0.01399252307927062
12.54496408,0.014450293736171512
12.55247855,0.011139085984588388
12.55253148,0.011932555123216601
12.56674695,0.013977264057373923
12.56684613,0.014465552758068208
12.5669055,0.011123826962691692
12.58188915,0.011917296101319905
12.58854342,0.014038300144960708
12.58859229,0.014465552758068208
12.60278249,0.011169604028381781
12.60287261,0.011902037079423208
12.60293317,0.01399252307927062
12.61166644,0.014465552758068208
12.61170363,0.011200122072175174
12.62063313,0.011902037079423208
12.62073135,0.014007782101167316
12.62076402,0.014526588845654994
12.62972522,0.011169604028381781
12.62980461,0.011886778057526512
12.63804197,0.014068818188754101
12.63814282,0.014496070801861601
12.638201,0.011200122072175174
12.65160465,0.011886778057526512
12.65169978,0.013977264057373923
12.65173602,0.014465552758068208
12.66668129,0.011230640115968566
12.66676235,0.011841000991836423
12.66682029,0.014007782101167316
12.67903399,0.014480811779964905
12.6790874,0.011169604028381781
12.67911339,0.011886778057526512
12.67913842,0.013977264057373923
12.67916322,0.014526588845654994
12.68651581,0.011169604028381781
12.6865449,0.011932555123216601
12.70107388,0.013962005035477227
12.70117354,0.014496070801861601
12.70123124,0.011276417181658656
12.71011162,0.011902037079423208
12.72263002,0.01399252307927062
12.72268248,0.014526588845654994
12.73706293,0.011154345006485085
12.73717618,0.01185626001373312
12.73723531,0.013962005035477227
12.737288,0.014526588845654994
12.73736596,0.011184863050278477
12.74520588,0.011902037079423208
12.74531984,0.01394674601358053
12.74537969,0.014480811779964905
12.75266838,0.01126115815976196
12.75274587,0.011841000991836423
12.75277495,0.013962005035477227
12.76664782,0.014526588845654994
12.76667953,0.011184863050278477
12.77602029,0.011886778057526512
12.78861284,0.01394674601358053
12.78866506,0.014465552758068208
12.79563332,0.011230640115968566
12.79573917,0.011841000991836423
12.79579997,0.013962005035477227
12.80154276,0.014480811779964905
12.80157828,0.011230640115968566
12.8109982,0.011871519035629816
12.81112099,0.014007782101167316
12.81118035,0.014526588845654994
12.81865001,0.011230640115968566
12.81871915,0.01185626001373312
12.84299874,0.014007782101167316
12.84311318,0.014465552758068208
12.84317303,0.01126115815976196
12.84322715,0.011871519035629816
12.84477067,0.01399252307927062
12.84488821,0.014465552758068208
12.85859108,0.01121538109407187
12.85865474,0.01185626001373312
12.85869098,0.013962005035477227
12.86554003,0.014465552758068208
12.86557531,0.011230640115968566
12.87792969,0.011795223926146334
12.87802625,0.013977264057373923
12.87808752,0.014465552758068208
12.8914957,0.011245899137865263
12.89154363,0.011917296101319905
12.90599895,0.013977264057373923
12.90609956,0.014496070801861601
12.90615869,0.011291676203555352
12.90621185,0.011886778057526512
12.91202307,0.014084077210650798
12.91211939,0.014602883955138476
12.92567253,0.011322194247348745
12.92578363,0.011917296101319905
12.92584348,0.01411459525444419
12.93169594,0.014526588845654994
12.93177485,0.011306935225452048
12.94597983,0.011902037079423208
12.94609427,0.014007782101167316
12.94615412,0.014602883955138476
12.95875692,0.011367971313038834
12.95885301,0.011871519035629816
12.97292614,0.014038300144960708
12.97303748,0.014557106889448387
12.97309756,0.011276417181658656
12.97315478,0.011902037079423208
12.97464204,0.014038300144960708
12.97467971,0.014557106889448387
12.9875946,0.011352712291142137
12.98768044,0.011886778057526512
12.98771739,0.014038300144960708
13.01559758,0.014557106889448387
13.01563573,0.011322194247348745
13.01566219,0.01185626001373312
13.0156908,0.014038300144960708
13.01571703,0.014602883955138476
13.0215652,0.011352712291142137
13.02161884,0.011871519035629816
13.03067255,0.014038300144960708
13.0307529,0.014572365911345083
13.03081155,0.011352712291142137
13.03652501,0.011902037079423208
13.04923105,0.014038300144960708
13.04937243,0.01458762493324178
13.05357766,0.011398489356832226
13.05366206,0.01185626001373312
13.05371261,0.014007782101167316
13.07900286,0.014618142977035172
13.07909894,0.011291676203555352
13.07915926,0.011841000991836423
13.079216,0.014038300144960708
13.07926893,0.014526588845654994
13.09375453,0.011367971313038834
13.0938468,0.011779964904249637
13.09390712,0.013931486991683834
13.09396148,0.01454184786755169
13.09401393,0.011276417181658656
13.10399961,0.011749446860456245
13.11222029,0.013931486991683834
13.11234331,0.01454184786755169
13.13675833,0.011306935225452048
13.13686776,0.011779964904249637
13.13692784,0.013977264057373923
13.13698268,0.014465552758068208
13.13703585,0.011306935225452048
13.15078831,0.011749446860456245
13.1508534,0.013870450904097047
13.15089107,0.014526588845654994
13.15092373,0.011276417181658656
13.15095568,0.011657892729076066
13.16370726,0.013885709925993743
13.16378951,0.014450293736171512
13.16384912,0.011245899137865263
13.16850185,0.011703669794766156
13.18959379,0.013870450904097047
13.18964601,0.014496070801861601
13.19569731,0.011291676203555352
13.195786,0.011718928816662852
13.19584656,0.013839932860303654
13.20308065,0.014450293736171512
13.20311093,0.011367971313038834
13.21002436,0.011673151750972763
13.21013904,0.013885709925993743
13.21019912,0.014480811779964905
13.21777511,0.011245899137865263
13.21785998,0.011718928816662852
13.23170352,0.01390096894789044
13.23178506,0.014480811779964905
13.23184395,0.011352712291142137
13.2375257,0.011749446860456245
13.26169229,0.013870450904097047
13.26178646,0.014435034714274816
13.26184487,0.011367971313038834
13.26187944,0.011627374685282674
13.26190472,0.013916227969787138
13.2644825,0.014465552758068208
13.26453972,0.011276417181658656
13.27896571,0.011703669794766156
13.27906346,0.013870450904097047
13.28657579,0.014480811779964905
13.28666282,0.011413748378728923
13.28673029,0.011718928816662852
13.31076241,0.013931486991683834
13.31086183,0.014526588845654994
13.31092024,0.011413748378728923
13.31097507,0.011764705882352941
13.32160449,0.01394674601358053
13.32167101,0.014572365911345083
13.32969546,0.01142900740062562
13.32978463,0.011779964904249637
13.32984614,0.013977264057373923
13.33599782,0.01454184786755169
13.33609843,0.011444266422522316
13.34516287,0.011764705882352941
13.34529757,0.01394674601358053
13.34539199,0.014557106889448387
13.35250616,0.01142900740062562
13.35255194,0.011749446860456245
13.37699771,0.013931486991683834
13.37709689,0.014572365911345083
13.37715602,0.011306935225452048
13.38551378,0.01168841077286946
13.39875484,0.013916227969787138
13.39884973,0.014496070801861601
13.39890957,0.01138323033493553
13.39896417,0.01168841077286946
13.3990171,0.01385519188220035
13.41286469,0.01458762493324178
13.41289783,0.011352712291142137
13.41292334,0.011596856641489281
13.41294837,0.01390096894789044
13.41297293,0.014496070801861601
13.42167854,0.01147478446631571
13.42176986,0.011673151750972763
13.46073151,0.01390096894789044
13.46082735,0.014526588845654994
13.46088672,0.011398489356832226
13.46094108,0.011673151750972763
13.46269011,0.013870450904097047
13.46276999,0.014557106889448387
13.46282887,0.011413748378728923
13.46288633,0.011627374685282674
13.46293974,0.013916227969787138
13.46299148,0.014511329823758298
13.46304274,0.011413748378728923
13.47899032,0.011657892729076066
13.47908854,0.013885709925993743
13.48659396,0.014496070801861601
13.48666048,0.01142900740062562
13.48669028,0.011673151750972763
13.51184154,0.013916227969787138
13.51194,0.01454184786755169
13.5119977,0.011490043488212406
13.51205087,0.011657892729076066
13.51499295,0.013916227969787138
13.51508904,0.01458762493324178
13.52255034,0.01147478446631571
13.52261686,0.011703669794766156
13.52265406,0.013916227969787138
13.53699636,0.014557106889448387
13.5370934,0.011535820553902495
13.54195666,0.011703669794766156
13.54207063,0.013885709925993743
13.54213071,0.014572365911345083
13.56577349,0.011520561532005799
13.5658679,0.01168841077286946
13.56592703,0.01394674601358053
13.56598234,0.014618142977035172
13.56603479,0.011505302510109103
13.56608653,0.011703669794766156
13.58072543,0.01390096894789044
13.58089852,0.01454184786755169
13.58969569,0.011535820553902495
13.5898087,0.011673151750972763
13.58986998,0.013885709925993743
13.60289717,0.014618142977035172
13.60296845,0.011551079575799192
13.61652756,0.011657892729076066
13.61658859,0.013870450904097047
13.61662459,0.01454184786755169
13.64068675,0.011490043488212406
13.64075136,0.01164263370717937
13.64668918,0.013885709925993743
13.6467483,0.014526588845654994
13.64680576,0.011535820553902495
13.64686346,0.01164263370717937
13.65508866,0.013885709925993743
13.65521002,0.01454184786755169
13.66799331,0.011505302510109103
13.66809154,0.011535820553902495
13.66815019,0.013824673838406958
13.67651415,0.014465552758068208
13.67654443,0.011505302510109103
13.6856885,0.011566338597695888
13.68576884,0.013839932860303654
13.68583179,0.014526588845654994
13.70854449,0.01147478446631571
13.70857692,0.011566338597695888
13.71164608,0.013717860685130083
13.71173406,0.014450293736171512
13.71179295,0.011490043488212406
13.71184635,0.011566338597695888
13.7260499,0.013794155794613565
13.72614837,0.014450293736171512
13.72620654,0.011520561532005799
13.72626019,0.011535820553902495
13.72631145,0.013748378728923476
13.73509979,0.014450293736171512
13.73519659,0.011444266422522316
13.74766016,0.011535820553902495
13.74775338,0.013763637750820172
13.74782085,0.014465552758068208
13.76184106,0.011444266422522316
13.76193786,0.011596856641489281
13.77075243,0.013763637750820172
13.770854,0.01441977569237812
13.7709012,0.011398489356832226
13.77093387,0.011520561532005799
13.77870059,0.013763637750820172
13.7787807,0.014450293736171512
13.78809333,0.01142900740062562
13.7882762,0.011490043488212406
13.78833866,0.013748378728923476
13.80192757,0.014450293736171512
13.80202389,0.011444266422522316
13.82670403,0.011505302510109103
13.8267982,0.013748378728923476
13.82685947,0.014480811779964905
13.82691288,0.01142900740062562
13.82696581,0.011535820553902495
13.82701755,0.013809414816510261
13.82706881,0.014480811779964905
13.8271215,0.011505302510109103
13.83676195,0.011535820553902495
13.84574842,0.013794155794613565
13.84582734,0.014526588845654994
13.8587172,0.011535820553902495
13.85880709,0.011566338597695888
13.85886669,0.013824673838406958
13.88265038,0.014557106889448387
13.88271165,0.011566338597695888
13.88468981,0.011566338597695888
13.88478065,0.013885709925993743
13.88484144,0.014496070801861601
13.8848958,0.011627374685282674
13.88494778,0.011566338597695888
13.89973879,0.01385519188220035
13.89989996,0.014602883955138476
13.89996076,0.011657892729076066
13.90001583,0.011627374685282674
13.91473055,0.013977264057373923
13.9148643,0.014648661020828565
13.92789459,0.01168841077286946
13.92800999,0.011627374685282674
13.92807055,0.013885709925993743
13.94257402,0.014648661020828565
13.9426403,0.011657892729076066
13.94267559,0.011551079575799192
13.94270706,0.013870450904097047
13.94273853,0.01458762493324178
13.95557427,0.011657892729076066
13.95561528,0.011535820553902495
13.96497321,0.013885709925993743
13.96508574,0.014572365911345083
13.96514606,0.011657892729076066
13.97751307,0.011551079575799192
13.99170494,0.013809414816510261
13.99178624,0.014526588845654994
14.00560236,0.011596856641489281
14.00571251,0.011505302510109103
14.00574994,0.013763637750820172
14.00578427,0.014480811779964905
14.00581646,0.011551079575799192
14.02959108,0.01142900740062562
14.02963209,0.013748378728923476
14.02966022,0.014496070801861601
14.02968574,0.011535820553902495
14.02971101,0.011444266422522316
14.03950238,0.013702601663233387
14.03956151,0.014404516670481423
14.03959084,0.011551079575799192
14.03961658,0.011398489356832226
14.06306171,0.013794155794613565
14.06315732,0.014450293736171512
14.0649426,0.011566338597695888
14.06504059,0.011520561532005799
14.06509948,0.013794155794613565
14.07260871,0.014496070801861601
14.0726831,0.01164263370717937
14.0754838,0.011490043488212406
14.0755403,0.013824673838406958
14.07556963,0.014572365911345083
14.09048605,0.011657892729076066
14.09053302,0.011444266422522316
14.09696507,0.013809414816510261
14.09706283,0.014526588845654994
14.09712243,0.011596856641489281
14.10255527,0.01142900740062562
14.11771703,0.013778896772716868
14.11779737,0.014480811779964905
14.11785579,0.011612115663385977
14.13365889,0.011398489356832226
14.13369513,0.01373311970702678
14.13583446,0.014435034714274816
14.13596177,0.011520561532005799
14.1360333,0.011352712291142137
14.14450479,0.013672083619439994
14.14453936,0.014450293736171512
14.15269327,0.011505302510109103
14.15277457,0.011291676203555352
14.15283322,0.013702601663233387
14.16675973,0.014435034714274816
14.16680598,0.011490043488212406
14.17560816,0.011322194247348745
14.19098473,0.013702601663233387
14.19108272,0.014450293736171512
14.19596791,0.011520561532005799
14.19608164,0.011322194247348745
14.19614267,0.013672083619439994
14.20448589,0.014602883955138476
14.20451427,0.011520561532005799
14.20454359,0.011291676203555352
14.20456839,0.01373311970702678
14.20459318,0.014480811779964905
14.22073841,0.011566338597695888
14.22080088,0.011413748378728923
14.24255967,0.013748378728923476
14.24261904,0.01454184786755169
14.24264956,0.011612115663385977
14.24267673,0.011367971313038834
14.24451971,0.013778896772716868
14.24455786,0.014526588845654994
14.25768709,0.011627374685282674
14.25779057,0.01138323033493553
14.25784874,0.013763637750820172
14.26554036,0.01454184786755169
14.26557469,0.011657892729076066
14.27973914,0.011337453269245441
14.27983785,0.013763637750820172
14.27990556,0.01454184786755169
14.28554249,0.011627374685282674
14.28557992,0.011352712291142137
14.30860853,0.013794155794613565
14.30869985,0.014465552758068208
14.30873895,0.011657892729076066
14.30877256,0.011352712291142137
14.31867671,0.013748378728923476
14.31876636,0.014526588845654994
14.31884003,0.011612115663385977
14.31889296,0.011352712291142137
14.31894588,0.013794155794613565
14.33402371,0.014496070801861601
14.33412027,0.011673151750972763
14.34672904,0.011322194247348745
14.34681034,0.01373311970702678
14.3468709,0.014557106889448387
14.3609786,0.01164263370717937
14.36107445,0.011322194247348745
14.37558961,0.013763637750820172
14.37569618,0.01454184786755169
14.37573266,0.01168841077286946
14.37576485,0.011551079575799192
14.37579656,0.013717860685130083
14.37582779,0.014526588845654994
14.38978291,0.011703669794766156
14.38989544,0.011367971313038834
14.38995576,0.013748378728923476
14.39952779,0.014572365911345083
14.39955544,0.01168841077286946
14.42275643,0.01138323033493553
14.42286682,0.013763637750820172
14.42292595,0.014557106889448387
14.44681692,0.011718928816662852
14.44695139,0.011367971313038834
14.44702601,0.013763637750820172
14.44708037,0.014618142977035172
14.44713426,0.011734187838559548
14.44718575,0.011398489356832226
14.46101594,0.013794155794613565
14.46111369,0.01458762493324178
14.46117353,0.011779964904249637
14.46122932,0.011367971313038834
14.4612813,0.013824673838406958
14.46983027,0.01458762493324178
14.46995759,0.01181048294804303
14.4755528,0.011413748378728923
14.47562766,0.013824673838406958
14.47566414,0.014618142977035172
14.48954272,0.011795223926146334
14.48958182,0.01138323033493553
14.50279903,0.013809414816510261
14.50294042,0.014572365911345083
14.50302553,0.011779964904249637
14.51655221,0.011367971313038834
14.5165863,0.013824673838406958
14.51661396,0.014557106889448387
14.51664019,0.011764705882352941
14.5237546,0.011535820553902495
14.52378249,0.013763637750820172
14.53674769,0.014572365911345083
14.53688264,0.01181048294804303
14.53694129,0.011322194247348745
14.54352283,0.013794155794613565
14.54355145,0.01458762493324178
14.56684089,0.011764705882352941
14.56693912,0.011367971313038834
14.56699848,0.013794155794613565
14.56705236,0.014602883955138476
14.56710482,0.01181048294804303
14.56715631,0.01138323033493553
14.5778091,0.013824673838406958
14.57790184,0.014602883955138476
14.58767033,0.011841000991836423
14.58774424,0.011352712291142137
14.58779526,0.013763637750820172
14.60183334,0.01454184786755169
14.60186362,0.011764705882352941
14.60755849,0.011352712291142137
14.60759902,0.013763637750820172
14.60762691,0.01458762493324178
14.63164544,0.011779964904249637
14.63167477,0.011306935225452048
14.63170004,0.013748378728923476
14.63172531,0.014572365911345083
14.63175058,0.011795223926146334
14.63177562,0.011322194247348745
14.64688277,0.013763637750820172
14.64700651,0.014602883955138476
14.65570045,0.01181048294804303
14.65578055,0.011306935225452048
14.65583968,0.013794155794613565
14.66492844,0.014572365911345083
14.66496825,0.01185626001373312
14.6877017,0.011306935225452048
14.68781114,0.013794155794613565
14.6878705,0.014618142977035172
14.68962741,0.011993591210803388
14.68968534,0.011291676203555352
14.70274544,0.013748378728923476
14.70286727,0.01458762493324178
14.7029388,0.011795223926146334
14.70949888,0.011276417181658656
14.71558642,0.013763637750820172
14.71563578,0.014557106889448387
14.7156713,0.011841000991836423
14.72551465,0.01126115815976196
14.72555685,0.013702601663233387
14.74576163,0.014557106889448387
14.74587226,0.011825741969939726
14.74594855,0.011245899137865263
14.76110601,0.013748378728923476
14.76120234,0.014572365911345083
14.76126003,0.011841000991836423
14.76131272,0.011230640115968566
14.76136494,0.013702601663233387
14.78362012,0.014557106889448387
14.78368425,0.011795223926146334
14.78374028,0.01126115815976196
14.78876352,0.013702601663233387
14.78884292,0.014557106889448387
14.79382157,0.01185626001373312
14.79394698,0.01126115815976196
14.79400706,0.013717860685130083
14.79964709,0.014557106889448387
14.79967475,0.011795223926146334
14.81274199,0.011276417181658656
14.81282377,0.013702601663233387
14.81288218,0.014557106889448387
14.82719612,0.01181048294804303
14.82730222,0.011245899137865263
14.83588457,0.01368734264133669
14.83600068,0.01454184786755169
14.83607721,0.01185626001373312
14.83613062,0.011184863050278477
14.8495903,0.013672083619439994
14.84963918,0.014572365911345083
14.85477853,0.011841000991836423
14.85486603,0.011230640115968566
14.85494637,0.013672083619439994
14.86893153,0.014526588845654994
14.86901951,0.011841000991836423
14.89179301,0.011200122072175174
14.89190602,0.01368734264133669
14.8919661,0.014526588845654994
14.89201975,0.01185626001373312
14.89207339,0.011230640115968566
14.89500666,0.013702601663233387
14.89512086,0.01454184786755169
14.8951807,0.011841000991836423
14.90290689,0.011200122072175174
14.91268182,0.013672083619439994
14.9127636,0.014496070801861601
14.92696428,0.011871519035629816
14.92707753,0.011184863050278477
14.9271369,0.01368734264133669
14.94066525,0.01454184786755169
14.94072104,0.01185626001373312
14.9407506,0.011169604028381781
14.95053172,0.013672083619439994
14.95057225,0.01454184786755169
14.95501184,0.011886778057526512
14.9551065,0.011184863050278477
14.96772456,0.013702601663233387
14.96784449,0.014496070801861601
14.96790457,0.01185626001373312
14.97061086,0.011200122072175174
14.98275757,0.013641565575646601
14.98283696,0.01454184786755169
14.98289466,0.011886778057526512
15.00650072,0.011200122072175174
15.00653672,0.013702601663233387
15.00656343,0.014572365911345083
15.00658846,0.011902037079423208
15.01066065,0.011184863050278477
15.01075006,0.01368734264133669
15.0108099,0.014526588845654994
15.02398372,0.011886778057526512
15.02408314,0.011154345006485085
15.0241642,0.013672083619439994
15.03166747,0.014557106889448387
15.03169799,0.011886778057526512
15.03172469,0.011154345006485085
15.05781674,0.01368734264133669
15.0579102,0.01454184786755169
15.05796885,0.011886778057526512
15.05802226,0.011230640115968566
15.05807424,0.01368734264133669
15.07153988,0.01458762493324178
15.07156897,0.011902037079423208
15.07159638,0.011200122072175174
15.07162428,0.013717860685130083
15.08676791,0.014557106889448387
15.08688116,0.011902037079423208
15.08694148,0.011184863050278477
15.10057306,0.01373311970702678
15.10063839,0.014602883955138476
15.10067368,0.011947814145113297
15.1107111,0.011184863050278477
15.12282801,0.013672083619439994
15.12290573,0.014602883955138476
15.13665199,0.012008850232700085
15.1367414,0.011184863050278477
15.13682222,0.013702601663233387
15.13685441,0.014572365911345083
15.13688588,0.011993591210803388
15.16096807,0.011139085984588388
15.16110325,0.013672083619439994
15.16118431,0.01458762493324178
15.16665196,0.011963073167009996
15.1667304,0.011139085984588388
15.16676593,0.013717860685130083
15.16679811,0.01454184786755169
15.16682935,0.011963073167009996
15.1668601,0.011139085984588388
15.19203162,0.013672083619439994
15.19213033,0.014602883955138476
15.19218993,0.011963073167009996
15.19224286,0.011169604028381781
15.19229555,0.013672083619439994
15.2064898,0.014602883955138476
15.20653415,0.011993591210803388
15.21574211,0.011154345006485085
15.21583343,0.01368734264133669
15.21589351,0.01458762493324178
15.21594763,0.011978332188906692
15.21600008,0.011123826962691692
15.23271036,0.013641565575646601
15.23277164,0.014602883955138476
15.23280764,0.011978332188906692
15.23462653,0.011139085984588388
15.25906801,0.01368734264133669
15.25917888,0.014572365911345083
15.259238,0.011963073167009996
15.25929165,0.011123826962691692
15.25934434,0.013626306553749905
15.26754928,0.01458762493324178
15.2675879,0.011963073167009996
15.27773738,0.011123826962691692
15.27783132,0.013611047531853208
15.2778964,0.014557106889448387
15.28612113,0.012008850232700085
15.28614998,0.011062790875104906
15.29969263,0.013641565575646601
15.29980278,0.014557106889448387
15.29983211,0.011978332188906692
15.30554605,0.011139085984588388
15.32786441,0.013672083619439994
15.32796121,0.014572365911345083
15.32974219,0.011978332188906692
15.32985473,0.011078049897001603
15.32991719,0.013611047531853208
15.32997203,0.014526588845654994
15.33002543,0.012008850232700085
15.34465289,0.01104753185320821
15.34473491,0.013641565575646601
15.34479475,0.01454184786755169
15.35252047,0.011993591210803388
15.35255384,0.01104753185320821
15.36662531,0.013611047531853208
15.36671424,0.014526588845654994
15.36675,0.012008850232700085
15.38152957,0.011032272831311514
15.39002538,0.013626306553749905
15.39012265,0.014496070801861601
15.39595008,0.011963073167009996
15.39606524,0.011032272831311514
15.3961513,0.013611047531853208
15.40049601,0.014526588845654994
15.40052938,0.011963073167009996
15.4096694,0.01104753185320821
15.40976119,0.013641565575646601
15.40982294,0.01458762493324178
15.42298532,0.012024109254596781
15.4230845,0.01104753185320821
15.42314315,0.013626306553749905
15.44752979,0.014557106889448387
15.44757581,0.011963073167009996
15.44760323,0.011032272831311514
15.4476285,0.013595788509956512
15.44765377,0.01458762493324178
15.45671296,0.011963073167009996
15.45679379,0.010986495765621425
15.45685291,0.013626306553749905
15.4654994,0.01454184786755169
15.46553159,0.011963073167009996
15.47573853,0.011032272831311514
15.47581983,0.013595788509956512
15.47587919,0.01458762493324178
15.49748015,0.011978332188906692
15.49753022,0.010986495765621425
15.49950671,0.01368734264133669
15.49955058,0.01458762493324178
15.49957943,0.012024109254596781
15.49962664,0.011001754787518121
15.51253366,0.013626306553749905
15.51257181,0.014618142977035172
15.52257514,0.012039368276493477
15.52265,0.011032272831311514
15.5226872,0.013641565575646601
15.53257632,0.014618142977035172
15.53264761,0.012024109254596781
15.53268719,0.010986495765621425
15.54752374,0.01368734264133669
15.54757071,0.01458762493324178
15.57167983,0.011993591210803388
15.5717423,0.010986495765621425
15.57178044,0.013611047531853208
15.57181334,0.014602883955138476
15.57184482,0.011993591210803388
15.57187581,0.01095597772182803
15.57869768,0.013641565575646601
15.57877612,0.01458762493324178
15.59166622,0.012024109254596781
15.59175587,0.010910200656137941
15.59181547,0.013611047531853208
15.59850287,0.014602883955138476
15.59854198,0.011978332188906692
15.62183285,0.010910200656137941
15.62193155,0.013611047531853208
15.62199044,0.014557106889448387
15.6220448,0.012054627298390174
15.62209725,0.010940718699931334
15.63168764,0.013611047531853208
15.63177228,0.01458762493324178
15.63180852,0.012054627298390174
15.63184285,0.010940718699931334
15.64799881,0.013626306553749905
15.64809465,0.014618142977035172
15.65582824,0.011993591210803388
15.65595269,0.010925459678034637
15.65601182,0.013595788509956512
15.67952871,0.014572365911345083
15.67957187,0.01206988632028687
15.67959738,0.010894941634241245
15.67962313,0.013580529488059816
15.67964816,0.014618142977035172
15.68949962,0.011978332188906692
15.68952918,0.010925459678034637
15.6959548,0.013626306553749905
15.69605327,0.014618142977035172
15.69611239,0.012039368276493477
15.70148611,0.010894941634241245
15.71570349,0.013611047531853208
15.71578574,0.014602883955138476
15.7300415,0.012100404364080263
15.73019791,0.010925459678034637
15.7302587,0.013611047531853208
15.74277258,0.014663920042725261
15.74285269,0.012085145342183566
15.74472451,0.010879682612344548
15.74480462,0.013611047531853208
15.74486613,0.014618142977035172
15.75899506,0.01206988632028687
15.75909209,0.010879682612344548
15.75915194,0.013641565575646601
15.76652431,0.014618142977035172
15.76656008,0.012054627298390174
15.77256632,0.010925459678034637
15.77766085,0.013611047531853208
15.77774143,0.014663920042725261
15.79203606,0.012085145342183566
15.79215121,0.010879682612344548
15.79221201,0.01368734264133669
15.81554937,0.014602883955138476
15.81558871,0.012054627298390174
15.82992721,0.010894941634241245
15.83005333,0.013611047531853208
15.8301115,0.014679179064621958
15.83016467,0.012039368276493477
15.83021903,0.010894941634241245
15.83753157,0.013641565575646601
15.83763075,0.014694438086518654
15.83768106,0.012100404364080263
15.83775306,0.010864423590447852
15.84558797,0.013641565575646601
15.84563494,0.014663920042725261
15.86957288,0.012039368276493477
15.86962628,0.010894941634241245
15.86965489,0.013626306553749905
15.87470531,0.01470969710841535
15.87478518,0.012054627298390174
15.88294744,0.010864423590447852
15.88306117,0.013641565575646601
15.88312149,0.014679179064621958
15.8849833,0.012085145342183566
15.8850801,0.010879682612344548
15.89766741,0.013641565575646601
15.89778304,0.01470969710841535
15.8978529,0.012039368276493477
15.89955139,0.010833905546654459
15.91272736,0.01368734264133669
15.91280651,0.014694438086518654
15.93771935,0.012130922407873656
15.93784714,0.01078812848096437
15.93790817,0.013672083619439994
15.93796229,0.014724956130312047
15.93801379,0.01211566338597696
15.93806529,0.010833905546654459
15.94250989,0.013672083619439994
15.94254422,0.014724956130312047
15.95710278,0.012085145342183566
15.95720029,0.010803387502861066
15.96363854,0.013702601663233387
15.963732,0.01470969710841535
15.9637692,0.01211566338597696
15.96956468,0.010803387502861066
15.98301744,0.013641565575646601
15.98311424,0.014770733196002136
15.98317313,0.012100404364080263
15.99655199,0.01078812848096437
15.99658465,0.01368734264133669
16.00154424,0.014724956130312047
16.0016048,0.012100404364080263
16.0180006,0.010803387502861066
16.01811314,0.013626306553749905
16.01817322,0.014740215152208743
16.01968765,0.012085145342183566
16.01976585,0.010757610437170977
16.01982641,0.01368734264133669
16.03474212,0.014785992217898832
16.03480411,0.012130922407873656
16.04171968,0.010772869459067674
16.05596447,0.01373311970702678
16.05605936,0.014785992217898832
16.06463718,0.012085145342183566
16.06471896,0.010742351415274281
16.06475377,0.01368734264133669
16.06479025,0.014801251239795529
16.06482172,0.01211566338597696
16.08068681,0.010742351415274281
16.08079648,0.01368734264133669
16.08085775,0.014770733196002136
16.08588028,0.012146181429770352
16.08597732,0.010757610437170977
16.11076164,0.01373311970702678
16.11089897,0.014847028305485618
16.11095905,0.01211566338597696
16.11101246,0.010833905546654459
16.13262653,0.013748378728923476
16.13268924,0.014816510261692225
16.14061928,0.012161440451667048
16.14070916,0.010757610437170977
16.14076972,0.01373311970702678
16.1477201,0.014831769283588921
16.14779973,0.012176699473563745
16.14785886,0.010772869459067674
16.14791274,0.013702601663233387
16.14796495,0.014847028305485618
16.15599656,0.012146181429770352
16.15609312,0.010772869459067674
16.15615249,0.01373311970702678
16.18354726,0.014816510261692225
16.18357992,0.012176699473563745
16.18360686,0.010742351415274281
16.18896174,0.01373311970702678
16.18905759,0.014801251239795529
16.19668746,0.012161440451667048
16.19682741,0.010742351415274281
16.19686413,0.013702601663233387
16.20257974,0.014801251239795529
16.20262003,0.012176699473563745
16.21074796,0.010742351415274281
16.21090102,0.013702601663233387
16.2110014,0.014801251239795529
16.21981072,0.012176699473563745
16.21990728,0.010772869459067674
16.21996665,0.013672083619439994
16.23249602,0.014862287327382314
16.23253942,0.012207217517357137
16.24668956,0.010757610437170977
16.25614238,0.01373311970702678
16.25624108,0.014862287327382314
16.2621119,0.01223773556115053
16.26221275,0.010757610437170977
16.26228595,0.013717860685130083
16.26752353,0.014816510261692225
16.26757479,0.012222476539253834
16.27777481,0.010727092393377585
16.27789474,0.013702601663233387
16.27795863,0.014862287327382314
16.29064894,0.012252994583047227
16.29067683,0.010727092393377585
16.31574726,0.01373311970702678
16.31585717,0.014831769283588921
16.31593609,0.012252994583047227
16.31599283,0.010772869459067674
16.31604528,0.013717860685130083
16.31609583,0.014847028305485618
16.32479405,0.01228351262684062
16.3249433,0.010727092393377585
16.3250401,0.01373311970702678
16.33261371,0.014831769283588921
16.33268595,0.012314030670634012
16.3467021,0.010757610437170977
16.34678364,0.01373311970702678
16.34684253,0.014892805371175709
16.36090279,0.012359807736324101
16.36099935,0.010818646524757763
16.37473392,0.01373311970702678
16.37486148,0.01487754634927901
16.3748982,0.012344548714427405
16.37493134,0.010772869459067674
16.37496328,0.013763637750820172
16.37499452,0.01487754634927901
16.38978267,0.012420843823910887
16.38989496,0.010742351415274281
16.38995457,0.013748378728923476
16.40251327,0.01487754634927901
16.40255547,0.012344548714427405
16.41692591,0.010757610437170977
16.41706657,0.01373311970702678
16.41712737,0.014847028305485618
16.43171883,0.012390325780117494
16.43178463,0.010742351415274281
16.431813,0.013672083619439994
16.43183899,0.014862287327382314
16.43186522,0.01240558480201419
16.43189096,0.01078812848096437
16.44669652,0.013626306553749905
16.44677591,0.014831769283588921
16.45968962,0.012420843823910887
16.45983171,0.010772869459067674
16.45989203,0.013626306553749905
16.47256112,0.014785992217898832
16.47261238,0.012451361867704281
16.4847548,0.010711833371480888
16.48486781,0.013580529488059816
16.48492718,0.014816510261692225
16.49401951,0.012344548714427405
16.49411488,0.010757610437170977
16.49417353,0.01356527046616312
16.49422717,0.014770733196002136
16.49427843,0.012390325780117494
16.50869513,0.010742351415274281
16.50877404,0.013550011444266423
16.50883436,0.01475547417410544
16.53289795,0.012390325780117494
16.53302097,0.010711833371480888
16.53308535,0.01351949340047303
16.53314471,0.014740215152208743
16.53318882,0.01240558480201419
16.54777169,0.010650797283894103
16.54785252,0.013580529488059816
16.54791236,0.01470969710841535
16.55500913,0.012420843823910887
16.55510521,0.010711833371480888
16.56761551,0.013580529488059816
16.56770802,0.014770733196002136
16.56774712,0.012420843823910887
16.57257199,0.010681315327687495
16.59700608,0.01351949340047303
16.5971036,0.01475547417410544
16.60357356,0.012436102845807583
16.60362458,0.010635538261997406
16.60367608,0.01356527046616312
16.61751103,0.014724956130312047
16.61755943,0.012390325780117494
16.61758542,0.010681315327687495
16.61761069,0.013550011444266423
16.61763597,0.014724956130312047
16.64052868,0.012451361867704281
16.64056873,0.010650797283894103
16.64059401,0.013550011444266423
16.6406188,0.014724956130312047
16.64064407,0.012451361867704281
16.64750338,0.010681315327687495
16.64754677,0.01351949340047303
16.6475718,0.014770733196002136
16.66194296,0.012466620889600977
16.66204166,0.010696574349584192
16.66210103,0.013580529488059816
16.67050481,0.014770733196002136
16.67053652,0.012481879911497674
16.67056203,0.010681315327687495
16.67058682,0.013550011444266423
16.68697453,0.01470969710841535
16.68708611,0.012466620889600977
16.68714714,0.010681315327687495
16.6997273,0.013504234378576334
16.6998167,0.014770733196002136
16.69989753,0.012451361867704281
16.70648503,0.010650797283894103
16.7297895,0.01351949340047303
16.72988605,0.01470969710841535
16.72996664,0.012481879911497674
16.73002052,0.010681315327687495
16.73007178,0.013488975356679637
16.73196268,0.01475547417410544
16.73208213,0.012466620889600977
16.74564052,0.01062027924010071
16.74572182,0.013550011444266423
16.74578023,0.014724956130312047
16.75249314,0.012512397955291066
16.75252342,0.010681315327687495
16.77572417,0.013550011444266423
16.77582097,0.014770733196002136
16.77587771,0.012573434042877852
16.77593207,0.010681315327687495
16.77598405,0.01351949340047303
16.77603555,0.014770733196002136
16.78863645,0.012451361867704281
16.78872538,0.010650797283894103
16.78878641,0.013550011444266423
16.80152941,0.014724956130312047
16.80158114,0.012527656977187763
16.80867171,0.010650797283894103
16.80875254,0.013504234378576334
16.80880976,0.014740215152208743
16.83153486,0.012527656977187763
16.83158326,0.010650797283894103
16.83161259,0.013550011444266423
16.83163762,0.014724956130312047
16.83169103,0.012573434042877852
16.83171701,0.01062027924010071
16.84773231,0.013504234378576334
16.84781218,0.014770733196002136
16.85610628,0.012527656977187763
16.85620379,0.010681315327687495
16.85626364,0.013488975356679637
16.86950302,0.014770733196002136
16.86955309,0.012634470130464637
16.88267946,0.010681315327687495
16.8827703,0.013473716334782941
16.88282895,0.01475547417410544
16.89464378,0.012573434042877852
16.89467454,0.010635538261997406
16.90772009,0.01351949340047303
16.90781641,0.014770733196002136
16.90787768,0.01254291599908446
16.90793228,0.010681315327687495
16.91070366,0.013458457312886245
16.91080213,0.014694438086518654
16.92294693,0.012619211108567941
16.92305994,0.01062027924010071
16.92312026,0.013458457312886245
16.94678164,0.014770733196002136
16.94687581,0.012603952086671245
16.9469347,0.010666056305790799
16.94698787,0.013488975356679637
16.94704032,0.014694438086518654
16.95695329,0.012634470130464637
16.95705009,0.010666056305790799
16.96392202,0.013488975356679637
16.96404076,0.01470969710841535
16.96412516,0.012649729152361334
16.96961594,0.010696574349584192
16.98273778,0.013473716334782941
16.9828167,0.014770733196002136
16.98289394,0.012634470130464637
16.9919014,0.010666056305790799
16.99192977,0.013488975356679637
17.00658154,0.014694438086518654
17.00663567,0.012649729152361334
17.02982354,0.010681315327687495
17.02992034,0.013458457312886245
17.02998161,0.014694438086518654
17.0300374,0.012619211108567941
17.03009009,0.01062027924010071
17.03014207,0.013458457312886245
17.04252052,0.014724956130312047
17.04255104,0.01266498817425803
17.04257751,0.010635538261997406
17.05187821,0.013458457312886245
17.05197501,0.014679179064621958
17.05395317,0.012619211108567941
17.05405307,0.010681315327687495
17.05411386,0.013458457312886245
17.07653141,0.01470969710841535
17.07656074,0.012634470130464637
17.09175539,0.010681315327687495
17.09186935,0.013473716334782941
17.09192991,0.01470969710841535
17.09669161,0.012649729152361334
17.0967195,0.010635538261997406
17.10256696,0.013458457312886245
17.10266328,0.014679179064621958
17.10270834,0.012619211108567941
17.10274172,0.010666056305790799
17.11176133,0.013443198290989548
17.11184096,0.014724956130312047
17.12196612,0.012634470130464637
17.12208056,0.010635538261997406
17.12214088,0.013443198290989548
17.13566828,0.014694438086518654
17.13574791,0.012649729152361334
17.14971828,0.010666056305790799
17.14981604,0.013443198290989548
17.14987612,0.01470969710841535
17.15765214,0.012634470130464637
17.15768027,0.010635538261997406
17.16419005,0.013458457312886245
17.16433358,0.014679179064621958
17.16439342,0.012695506218051423
17.17153859,0.010635538261997406
17.17671061,0.013443198290989548
17.17679024,0.01470969710841535
17.19098902,0.012695506218051423
17.19110155,0.010650797283894103
17.19116139,0.013443198290989548
17.21454906,0.014694438086518654
17.21457887,0.012634470130464637
17.21460509,0.010666056305790799
17.21463037,0.013443198290989548
17.2146554,0.014663920042725261
17.21651697,0.01271076523994812
17.21655583,0.01062027924010071
17.23096633,0.013397421225299458
17.23112535,0.01470969710841535
17.23118663,0.012680247196154727
17.23125076,0.010650797283894103
17.24663615,0.013427939269092852
17.24671555,0.014679179064621958
17.26964879,0.01271076523994812
17.2697804,0.01062027924010071
17.26983905,0.013427939269092852
17.26990151,0.014724956130312047
17.26993394,0.01266498817425803
17.27657986,0.010635538261997406
17.27667546,0.013412680247196154
17.27674031,0.01470969710841535
17.29963446,0.01266498817425803
17.29971147,0.010650797283894103
17.29974151,0.013473716334782941
17.29976773,0.01470969710841535
17.29979396,0.012695506218051423
17.29982305,0.010605020218204014
17.3247602,0.013397421225299458
17.32485723,0.014740215152208743
17.32491708,0.01271076523994812
17.32496977,0.010589761196307317
17.32502174,0.013397421225299458
17.33561707,0.014724956130312047
17.33569837,0.01271076523994812
17.34359717,0.010589761196307317
17.34369659,0.013427939269092852
17.34375572,0.014770733196002136
17.35652375,0.012695506218051423
17.35655785,0.010650797283894103
17.37062335,0.013443198290989548
17.37073255,0.014740215152208743
17.37077045,0.012771801327534905
17.37768817,0.010635538261997406
17.39205766,0.013473716334782941
17.39215422,0.014785992217898832
17.3960135,0.012787060349431601
17.39612651,0.010650797283894103
17.39618778,0.01351949340047303
17.40146184,0.014785992217898832
17.40150785,0.012771801327534905
17.41061687,0.010666056305790799
17.41073608,0.013443198290989548
17.41079402,0.014740215152208743
17.42352462,0.012863355458915083
17.42356396,0.010696574349584192
17.47185683,0.01351949340047303
17.47201538,0.014816510261692225
17.47206545,0.012817578393224994
17.47210789,0.010681315327687495
17.47471142,0.01351949340047303
17.47478914,0.014831769283588921
17.47484756,0.012848096437018387
17.47490168,0.010666056305790799
17.47495484,0.01368734264133669
17.48051667,0.014816510261692225
17.48055029,0.01283283741512169
17.48057556,0.010666056305790799
17.48060012,0.013488975356679637
17.48062468,0.014892805371175709
17.5045433,0.01283283741512169
17.50457311,0.010681315327687495
17.50459933,0.013580529488059816
17.50462961,0.014908064393072405
17.50465417,0.01283283741512169
17.50468063,0.010650797283894103
17.5107162,0.013550011444266423
17.5107944,0.014831769283588921
17.52476835,0.012787060349431601
17.52488184,0.010650797283894103
17.52494121,0.013504234378576334
17.53367209,0.014862287327382314
17.53374529,0.012771801327534905
17.55672002,0.010559243152513925
17.5568018,0.013488975356679637
17.55685925,0.014816510261692225
17.55691409,0.012787060349431601
17.5569663,0.010589761196307317
17.57258081,0.013488975356679637
17.572644,0.014831769283588921
17.57267284,0.01283283741512169
17.57270026,0.010589761196307317
17.57768798,0.013550011444266423
17.57778931,0.014847028305485618
17.5917716,0.01287861448081178
17.59188485,0.010574502174410621
17.59194541,0.01351949340047303
17.59951162,0.014862287327382314
17.59955144,0.012848096437018387
17.6125927,0.010605020218204014
17.61264181,0.013504234378576334
17.61267662,0.014831769283588921
17.62701583,0.01283283741512169
17.62711263,0.010589761196307317
17.63263559,0.013458457312886245
17.63272285,0.014831769283588921
17.63275886,0.012848096437018387
17.63279366,0.010559243152513925
17.64773226,0.013473716334782941
17.64781117,0.014801251239795529
17.655792,0.01283283741512169
17.65588903,0.010635538261997406
17.6559484,0.013458457312886245
17.67955232,0.014740215152208743
17.6795857,0.01287861448081178
17.67961144,0.010559243152513925
17.67963672,0.013412680247196154
17.67966151,0.014801251239795529
17.69463921,0.01283283741512169
17.69466686,0.010574502174410621
17.69469428,0.013382162203402761
17.69471908,0.014740215152208743
17.69474363,0.012848096437018387
17.70149827,0.010635538261997406
17.71593952,0.013427939269092852
17.71603537,0.014724956130312047
17.72190237,0.01283283741512169
17.72201681,0.010528725108720532
17.72207618,0.013351644159609368
17.74566221,0.01470969710841535
17.74572515,0.012817578393224994
17.74576092,0.010559243152513925
17.74579287,0.013336385137712672
17.7458241,0.014663920042725261
17.75595021,0.012817578393224994
17.75604701,0.010559243152513925
17.76468205,0.013336385137712672
17.76474953,0.01470969710841535
17.76477838,0.01283283741512169
17.76480508,0.010543984130617228
17.78259468,0.013321126115815976
17.78266335,0.01470969710841535
17.80355215,0.012848096437018387
17.80362463,0.010498207064927139
17.80365992,0.013336385137712672
17.80369186,0.014694438086518654
17.80372334,0.01283283741512169
17.81267047,0.010559243152513925
17.81275916,0.013321126115815976
17.81281972,0.01470969710841535
17.81974936,0.012848096437018387
17.8198278,0.010513466086823835
17.83356905,0.013336385137712672
17.83363605,0.014679179064621958
17.83366561,0.012863355458915083
17.8336916,0.010513466086823835
17.84772682,0.013336385137712672
17.84780693,0.014679179064621958
17.85705948,0.01283283741512169
17.85715818,0.010528725108720532
17.85721898,0.013321126115815976
17.88054848,0.014679179064621958
17.88057947,0.012909132524605172
17.88060617,0.010498207064927139
17.88063145,0.013351644159609368
17.88065624,0.014679179064621958
17.88252354,0.012848096437018387
17.88255191,0.010543984130617228
17.89671373,0.013366903181506065
17.89688182,0.014679179064621958
17.89696145,0.01283283741512169
17.89701509,0.01062027924010071
17.94166994,0.013351644159609368
17.94176507,0.01470969710841535
17.94182396,0.012924391546501868
17.94187737,0.010559243152513925
17.9419291,0.013351644159609368
17.94198227,0.014694438086518654
17.94203448,0.012863355458915083
17.94208574,0.010574502174410621
17.95656848,0.013321126115815976
17.95659924,0.014724956130312047
17.95662475,0.01287861448081178
17.95664954,0.010559243152513925
17.98065209,0.013336385137712672
17.98076248,0.014679179064621958
17.98082376,0.012893873502708476
17.9808774,0.010589761196307317
17.98092937,0.01330586709391928
17.98098135,0.014694438086518654
17.99090266,0.012924391546501868
17.99101615,0.010513466086823835
17.99107647,0.013336385137712672
17.99951696,0.014694438086518654
17.99956036,0.01287861448081178
18.00753951,0.010528725108720532
18.00758815,0.013321126115815976
18.00762415,0.01470969710841535
18.02189493,0.012954909590295263
18.02199221,0.010528725108720532
18.0465827,0.013321126115815976
18.04664636,0.01470969710841535
18.04667449,0.012909132524605172
18.04670048,0.010513466086823835
18.04672527,0.01330586709391928
18.04676056,0.014663920042725261
18.06099486,0.012909132524605172
18.06109381,0.010559243152513925
18.06115222,0.013290608072022583
18.06120825,0.014679179064621958
18.0612607,0.012893873502708476
18.07764077,0.010528725108720532
18.07775235,0.013336385137712672
18.07781243,0.01470969710841535
18.09251213,0.012954909590295263
18.09254456,0.010513466086823835
18.10654187,0.013275349050125887
18.10659885,0.014724956130312047
18.10662746,0.012909132524605172
18.10666919,0.010589761196307317
18.1116116,0.013336385137712672
18.11169267,0.01470969710841535
18.12589836,0.012939650568398567
18.12601161,0.010559243152513925
18.1260705,0.013336385137712672
18.13381004,0.014679179064621958
18.1339066,0.01297016861219196
18.15687609,0.010559243152513925
18.156991,0.013290608072022583
18.15705204,0.01470969710841535
18.15895891,0.012939650568398567
18.15905499,0.010559243152513925
18.16670275,0.013321126115815976
18.16685629,0.014618142977035172
18.16691589,0.013000686655985352
18.16697001,0.010513466086823835
18.18063402,0.013275349050125887
18.18069482,0.014740215152208743
18.18996572,0.012954909590295263
18.19007969,0.010543984130617228
18.19014025,0.01326009002822919
18.21358776,0.014679179064621958
18.21365881,0.01297016861219196
18.21369791,0.010498207064927139
18.21375394,0.013275349050125887
18.21377993,0.014694438086518654
18.23768282,0.01297016861219196
18.23776674,0.010559243152513925
18.2395494,0.013321126115815976
18.23959279,0.014694438086518654
18.23962283,0.013000686655985352
18.2396524,0.010513466086823835
18.23967791,0.013351644159609368
18.2397027,0.01470969710841535
18.2546804,0.012985427634088656
18.25476122,0.010528725108720532
18.25481987,0.013366903181506065
18.26753855,0.014724956130312047
18.2675755,0.012954909590295263
18.28268456,0.010467689021133745
18.28276825,0.013321126115815976
18.28282642,0.014770733196002136
18.28287935,0.01297016861219196
18.28293061,0.010421911955443655
18.29698467,0.013366903181506065
18.29708314,0.014724956130312047
18.29714203,0.012939650568398567
18.29863739,0.010467689021133745
18.31289577,0.013321126115815976
18.31303,0.01475547417410544
18.33574557,0.012939650568398567
18.33586049,0.010513466086823835
18.33595395,0.013382162203402761
18.33604145,0.014770733196002136
18.33614969,0.012954909590295263
18.34565997,0.010482948043030441
18.34574199,0.013321126115815976
18.34577966,0.014740215152208743
18.35477567,0.012939650568398567
18.3548727,0.010543984130617228
18.36876106,0.013336385137712672
18.36887407,0.014770733196002136
18.36893511,0.01297016861219196
18.36899209,0.010467689021133745
18.39378691,0.013336385137712672
18.3938849,0.014724956130312047
18.39394498,0.012954909590295263
18.39399815,0.010498207064927139
18.39404988,0.013382162203402761
18.40654254,0.014770733196002136
18.4066112,0.012954909590295263
18.41050601,0.010437170977340352
18.41055751,0.013382162203402761
18.41058731,0.014770733196002136
18.41967058,0.01297016861219196
18.41975069,0.010452429999237048
18.41982508,0.013366903181506065
18.43355155,0.014816510261692225
18.43357968,0.013000686655985352
18.43360567,0.010513466086823835
18.45971346,0.013351644159609368
18.45980811,0.014770733196002136
18.459867,0.01297016861219196
18.45992041,0.010513466086823835
18.45997334,0.013336385137712672
18.46927261,0.014740215152208743
18.46932459,0.013031204699778745
18.47672033,0.010452429999237048
18.47680259,0.013336385137712672
18.476861,0.014785992217898832
18.48555303,0.013000686655985352
18.48558497,0.010452429999237048
18.4999218,0.013397421225299458
18.50003505,0.014740215152208743
18.50009608,0.013015945677882048
18.51277304,0.010452429999237048
18.52699351,0.013351644159609368
18.52709985,0.014770733196002136
18.52715945,0.013031204699778745
18.52721334,0.010528725108720532
18.52726722,0.013321126115815976
18.55051827,0.014785992217898832
18.55055046,0.013076981765468834
18.55567217,0.010543984130617228
18.55575585,0.013382162203402761
18.55581546,0.014770733196002136
18.57754278,0.013031204699778745
18.57757187,0.010543984130617228
18.57759762,0.013382162203402761
18.57762241,0.014785992217898832
18.57764721,0.013076981765468834
18.57947159,0.010543984130617228
18.57950354,0.013336385137712672
18.57954049,0.014770733196002136
18.60455489,0.013061722743572137
18.60468602,0.010513466086823835
18.60472488,0.013366903181506065
18.60475779,0.014831769283588921
18.60478926,0.013061722743572137
18.60670304,0.010574502174410621
18.60677147,0.013351644159609368
18.60680795,0.014770733196002136
18.62070704,0.013122758831158923
18.62078595,0.010543984130617228
18.63492727,0.013366903181506065
18.63503957,0.014801251239795529
18.63510108,0.01313801785305562
18.64359188,0.010589761196307317
18.65795112,0.013397421225299458
18.65804863,0.014831769283588921
18.66201067,0.01313801785305562
18.6621182,0.010574502174410621
18.66218662,0.013382162203402761
18.67047262,0.014801251239795529
18.67050076,0.013214312962539101
18.67053032,0.010605020218204014
18.67055535,0.013443198290989548
18.68564653,0.014847028305485618
18.68575621,0.013183794918745708
18.68581772,0.010635538261997406
18.70958662,0.013458457312886245
18.70964241,0.014908064393072405
18.70967054,0.013229571984435798
18.70969653,0.010574502174410621
18.71660161,0.013473716334782941
18.71668077,0.01487754634927901
18.73075056,0.013229571984435798
18.7308507,0.010681315327687495
18.73090863,0.013443198290989548
18.73096251,0.014938582436865798
18.73101449,0.013229571984435798
18.76577497,0.010681315327687495
18.76587319,0.01351949340047303
18.76593137,0.014923323414969101
18.76598597,0.013244831006332494
18.7660377,0.010635538261997406
18.76926351,0.013473716334782941
18.76946998,0.014847028305485618
18.76962352,0.013199053940642405
18.7775631,0.010650797283894103
18.78169465,0.013397421225299458
18.7817359,0.01487754634927901
18.79182911,0.013183794918745708
18.79194355,0.010589761196307317
18.79200387,0.013427939269092852
18.79976392,0.014831769283588921
18.79982662,0.013183794918745708
18.81395817,0.010605020218204014
18.81408119,0.013382162203402761
18.8141396,0.014831769283588921
18.82682133,0.013168535896849012
18.8269186,0.010635538261997406
18.84161878,0.013382162203402761
18.84173703,0.014801251239795529
18.8417747,0.013183794918745708
18.84180713,0.010589761196307317
18.8418529,0.013366903181506065
18.84188485,0.014816510261692225
18.85606265,0.01313801785305562
18.85616231,0.01062027924010071
18.85622215,0.013366903181506065
18.86453152,0.014785992217898832
18.8645587,0.01313801785305562
18.87870598,0.010513466086823835
18.87881517,0.01330586709391928
18.87887621,0.014740215152208743
18.90165162,0.013153276874952316
18.90168023,0.010467689021133745
18.91555953,0.01326009002822919
18.91559958,0.01470969710841535
18.91562867,0.01309224078736553
18.91565466,0.010452429999237048
18.92509866,0.013351644159609368
18.92519379,0.01470969710841535
18.93009114,0.013122758831158923
18.93020296,0.010452429999237048
18.93026423,0.01326009002822919
18.93591666,0.014724956130312047
18.93604112,0.01309224078736553
18.95983434,0.010467689021133745
18.95994806,0.013275349050125887
18.96000886,0.014770733196002136
18.96770215,0.013122758831158923
18.96772933,0.010528725108720532
18.96777201,0.013275349050125887
18.96779752,0.01470969710841535
18.96782303,0.013107499809262227
18.9794755,0.010452429999237048
18.97950959,0.013229571984435798
18.97953629,0.014740215152208743
18.98996711,0.013076981765468834
18.99008918,0.010482948043030441
18.9901588,0.013244831006332494
18.99901628,0.014679179064621958
18.99911237,0.013076981765468834
19.0117259,0.010452429999237048
19.01186776,0.013229571984435798
19.01192832,0.014694438086518654
19.02600431,0.013076981765468834
19.02610135,0.010437170977340352
19.03572559,0.013199053940642405
19.03587437,0.014648661020828565
19.03596282,0.013122758831158923
19.04579425,0.010391393911650263
19.04584312,0.013199053940642405
19.04588437,0.014663920042725261
19.04591656,0.013061722743572137
19.05973458,0.010452429999237048
19.05977774,0.013183794918745708
19.06479502,0.014648661020828565
19.06485772,0.013107499809262227
19.08877802,0.010482948043030441
19.08889103,0.013122758831158923
19.08895135,0.01458762493324178
19.08900619,0.013122758831158923
19.08905816,0.010452429999237048
19.1038146,0.013153276874952316
19.1039331,0.01454184786755169
19.10399389,0.013015945677882048
19.10404921,0.010391393911650263
19.11458921,0.01309224078736553
19.11463737,0.014496070801861601
19.12268043,0.013061722743572137
19.12276244,0.010345616845960174
19.12282062,0.013031204699778745
19.14550877,0.014465552758068208
19.1455586,0.01297016861219196
19.14558482,0.010330357824063477
19.14561033,0.013000686655985352
19.14563537,0.014435034714274816
19.15870094,0.012939650568398567
19.15872812,0.010269321736476692
19.1619904,0.013000686655985352
19.16208768,0.014435034714274816
19.16214776,0.012939650568398567
19.17057991,0.010269321736476692
19.17974544,0.012954909590295263
19.1798234,0.014404516670481423
19.203614,0.01287861448081178
19.20369029,0.010223544670786603
19.20372701,0.012893873502708476
19.20375967,0.014389257648584725
19.20379376,0.01283283741512169
19.21373987,0.010208285648889906
19.21383357,0.012939650568398567
19.21391058,0.014312962539101243
19.2207427,0.012848096437018387
19.22083974,0.010238803692683299
19.23377395,0.01287861448081178
19.23388577,0.014358739604791332
19.23394728,0.012863355458915083
19.23400187,0.010177767605096514
19.24867702,0.012924391546501868
19.24873757,0.014373998626688029
19.26179957,0.012909132524605172
19.26189828,0.010223544670786603
19.26195955,0.01297016861219196
19.27052546,0.014435034714274816
19.27056646,0.01297016861219196
19.28065372,0.010299839780270085
19.28070521,0.01297016861219196
19.28075218,0.014465552758068208
19.2865243,0.01297016861219196
19.28656411,0.010254062714579995
19.29981065,0.013000686655985352
19.29991007,0.014465552758068208
19.29996943,0.012954909590295263
19.31050563,0.010315098802166781
19.32998991,0.013015945677882048
19.3300879,0.014480811779964905
19.33479762,0.013015945677882048
19.33489513,0.010345616845960174
19.33495522,0.013031204699778745
19.35754538,0.014526588845654994
19.35758305,0.013076981765468834
19.3576107,0.010376134889753566
19.35763645,0.013031204699778745
19.35766172,0.014557106889448387
19.36664867,0.013046463721675441
19.36667538,0.010391393911650263
19.38073802,0.013076981765468834
19.38078833,0.014557106889448387
19.38082385,0.013122758831158923
19.38085699,0.010437170977340352
19.38977051,0.01309224078736553
19.3898499,0.014572365911345083
19.39597774,0.013122758831158923
19.39609122,0.010391393911650263
19.39615226,0.013076981765468834
19.4106648,0.014648661020828565
19.41075921,0.013107499809262227
19.41670394,0.010467689021133745
19.41679311,0.013107499809262227
19.41685295,0.014572365911345083
19.42272711,0.013168535896849012
19.42280579,0.010452429999237048
19.43077874,0.013107499809262227
19.43089128,0.014602883955138476
19.43095112,0.013199053940642405
19.43100548,0.010452429999237048
19.44579816,0.013122758831158923
19.44592619,0.014618142977035172
19.46009755,0.013199053940642405
19.46021008,0.010452429999237048
19.46026921,0.013153276874952316
19.47361732,0.014618142977035172
19.47369623,0.013214312962539101
19.47375703,0.010528725108720532
19.47380924,0.013168535896849012
19.47385192,0.014663920042725261
19.48976421,0.013229571984435798
19.48987174,0.010406652933546959
19.50188279,0.01313801785305562
19.50199795,0.014663920042725261
19.50205898,0.013229571984435798
19.50756454,0.010482948043030441
19.53182077,0.013214312962539101
19.53193474,0.014648661020828565
19.53199434,0.013214312962539101
19.5320487,0.010528725108720532
19.53210044,0.013183794918745708
19.53480053,0.014648661020828565
19.53485513,0.01326009002822919
19.54369378,0.010406652933546959
19.54380584,0.013168535896849012
19.54389167,0.014648661020828565
19.55656409,0.013199053940642405
19.55661297,0.010498207064927139
19.56170225,0.013153276874952316
19.56179237,0.014648661020828565
19.56185174,0.013214312962539101
19.57580018,0.010528725108720532
19.58958817,0.013153276874952316
19.58962727,0.014618142977035172
19.59753895,0.013244831006332494
19.59760118,0.010452429999237048
19.59762979,0.013153276874952316
19.60296893,0.01470969710841535
19.60307741,0.013199053940642405
19.61161184,0.010498207064927139
19.61171746,0.013122758831158923
19.61176586,0.014648661020828565
19.61975336,0.013183794918745708
19.61984086,0.010467689021133745
19.64377761,0.013122758831158923
19.64391541,0.014618142977035172
19.64397883,0.013229571984435798
19.65155387,0.010467689021133745
19.65159774,0.013122758831158923
19.65162277,0.014663920042725261
19.66573739,0.013244831006332494
19.66581917,0.010421911955443655
19.66588712,0.013183794918745708
19.67950344,0.014602883955138476
19.67954159,0.013214312962539101
19.67956901,0.010452429999237048
19.67959404,0.013122758831158923
19.67962337,0.014648661020828565
19.69256735,0.013244831006332494
19.69260263,0.010452429999237048
19.70199609,0.013153276874952316
19.70210767,0.014618142977035172
19.70217299,0.013214312962539101
19.71056533,0.010452429999237048
19.71974564,0.013183794918745708
19.71982574,0.01458762493324178
19.73297358,0.013229571984435798
19.73308945,0.010467689021133745
19.73315239,0.01309224078736553
19.7419591,0.014648661020828565
19.74205565,0.013244831006332494
19.74211335,0.010421911955443655
19.74216771,0.013153276874952316
19.74221992,0.014648661020828565
19.75661135,0.013229571984435798
19.7566843,0.010437170977340352
19.76270914,0.013122758831158923
19.76279736,0.01458762493324178
19.76285768,0.013199053940642405
19.77005482,0.010437170977340352
19.78410363,0.013107499809262227
19.78416014,0.014602883955138476
19.7841897,0.013275349050125887
19.79965496,0.010452429999237048
19.79969859,0.013153276874952316
19.80400991,0.014679179064621958
19.80410743,0.013244831006332494
19.81177998,0.010513466086823835
19.81186557,0.01309224078736553
19.81189489,0.01458762493324178
19.82070947,0.013214312962539101
19.82080221,0.010467689021133745
19.82087159,0.01309224078736553
19.84481001,0.014572365911345083
19.84488821,0.01326009002822919
19.84492278,0.010437170977340352
19.8596909,0.013107499809262227
19.85977077,0.014663920042725261
19.85982966,0.013214312962539101
19.85988307,0.010452429999237048
19.85993552,0.013107499809262227
19.86579156,0.014572365911345083
19.8658886,0.013244831006332494
19.87958646,0.010482948043030441
19.87968183,0.013076981765468834
19.87971091,0.014648661020828565
19.88664222,0.013244831006332494
19.88672113,0.010467689021133745
19.90995955,0.013107499809262227
19.91006351,0.014602883955138476
19.91013074,0.013229571984435798
19.91025472,0.010513466086823835
19.91252756,0.013153276874952316
19.91257167,0.014618142977035172
19.9256897,0.01326009002822919
19.9257741,0.010467689021133745
19.9258337,0.01309224078736553
19.93272972,0.014602883955138476
19.93280911,0.01326009002822919
19.95757341,0.010452429999237048
19.95765162,0.013076981765468834
19.95772362,0.014618142977035172
19.95777965,0.013275349050125887
19.9578321,0.010467689021133745
19.97207665,0.013122758831158923
19.97219205,0.01458762493324178
19.97225332,0.013244831006332494
19.97230697,0.010528725108720532
19.97779346,0.013061722743572137
19.9778707,0.014618142977035172
19.99164343,0.013275349050125887
19.99174738,0.010467689021133745
19.99180698,0.013122758831158923
19.99878263,0.014648661020828565
19.99887967,0.013275349050125887
20.01181483,0.010498207064927139
20.01193929,0.013076981765468834
20.01197648,0.01458762493324178
20.03578019,0.01326009002822919
20.03589988,0.010528725108720532
20.03596044,0.013061722743572137
20.0360136,0.014618142977035172
20.03606677,0.01326009002822919
20.03611922,0.010421911955443655
20.04568934,0.013122758831158923
20.04577184,0.014648661020828565
20.05487633,0.013244831006332494
20.05501485,0.010437170977340352
20.05508399,0.01313801785305562
20.06796503,0.014663920042725261
20.06806755,0.013214312962539101
20.09167933,0.010467689021133745
20.09179115,0.01313801785305562
20.09185004,0.014663920042725261
20.10576391,0.013275349050125887
20.10586143,0.010452429999237048
20.10592055,0.013153276874952316
20.10597372,0.01470969710841535
20.10602617,0.01326009002822919
20.11468315,0.010437170977340352
20.11475611,0.013153276874952316
20.11479235,0.014663920042725261
20.12352061,0.013244831006332494
20.1235826,0.010406652933546959
20.12361789,0.013153276874952316
20.14757776,0.014663920042725261
20.14764094,0.01330586709391928
20.14767647,0.010376134889753566
20.16353178,0.013122758831158923
20.16357398,0.014679179064621958
20.16360021,0.013214312962539101
20.16362643,0.010391393911650263
20.16671014,0.013153276874952316
20.16680121,0.014648661020828565
20.16686106,0.01326009002822919
20.16693306,0.010437170977340352
20.18061042,0.01313801785305562
20.18066502,0.014663920042725261
20.19475913,0.01326009002822919
20.19487071,0.010406652933546959
20.19493079,0.01313801785305562
20.20901203,0.014679179064621958
20.2091074,0.01326009002822919
20.21763563,0.010391393911650263
20.21769738,0.013153276874952316
20.21773195,0.014679179064621958
20.21776366,0.013290608072022583
20.21779537,0.010482948043030441
20.23200393,0.013107499809262227
20.23210478,0.014694438086518654
20.23216438,0.01326009002822919
20.2322197,0.010437170977340352
20.24661899,0.01309224078736553
20.24669313,0.014602883955138476
20.27087688,0.01326009002822919
20.27095819,0.010391393911650263
20.27101707,0.013122758831158923
20.27107024,0.014679179064621958
20.2711215,0.01326009002822919
20.27300119,0.010513466086823835
20.27309966,0.013076981765468834
20.27315807,0.014633401998931869
20.2875545,0.013275349050125887
20.28758287,0.010406652933546959
20.29774737,0.013122758831158923
20.29782939,0.014663920042725261
20.29788756,0.013275349050125887
20.30253816,0.010437170977340352
20.31660986,0.013153276874952316
20.31666231,0.014663920042725261
20.32970619,0.01330586709391928
20.32979536,0.010452429999237048
20.3298552,0.013122758831158923
20.33484554,0.014602883955138476
20.33494544,0.013321126115815976
20.34364247,0.010376134889753566
20.34374738,0.013122758831158923
20.34378481,0.014663920042725261
20.35771346,0.01326009002822919
20.35779285,0.010406652933546959
20.36267281,0.01313801785305562
20.36276174,0.014618142977035172
20.36282206,0.013321126115815976
20.37601614,0.010437170977340352
20.38970017,0.013122758831158923
20.38978004,0.014618142977035172
20.39571595,0.013321126115815976
20.39580607,0.010421911955443655
20.3958652,0.013076981765468834
20.40183377,0.014648661020828565
20.40192938,0.01330586709391928
20.41084123,0.010406652933546959
20.41097212,0.013076981765468834
20.41103053,0.014648661020828565
20.42463684,0.01330586709391928
20.42471695,0.010437170977340352
20.42477584,0.01309224078736553
20.43755269,0.014648661020828565
20.43758059,0.013336385137712672
20.43761539,0.010421911955443655
20.46182775,0.01309224078736553
20.46192122,0.01470969710841535
20.47080398,0.013275349050125887
20.47094011,0.010376134889753566
20.47099972,0.01313801785305562
20.47105432,0.014648661020828565
20.47110605,0.01326009002822919
20.48461843,0.010467689021133745
20.48468065,0.013107499809262227
20.48471618,0.014679179064621958
20.49551511,0.01326009002822919
20.49555683,0.010391393911650263
20.50476885,0.013107499809262227
20.50486875,0.014663920042725261
20.50492811,0.013321126115815976
20.51347852,0.010391393911650263
20.526824,0.013122758831158923
20.52694845,0.014679179064621958
20.52700806,0.013321126115815976
20.52706718,0.010376134889753566
20.52711964,0.013107499809262227
20.5356617,0.014648661020828565
20.53569007,0.01326009002822919
20.54194927,0.010391393911650263
20.54204702,0.013107499809262227
20.54210663,0.014663920042725261
20.55554271,0.013336385137712672
20.55557346,0.010421911955443655
20.5608294,0.01309224078736553
20.56092763,0.014618142977035172
20.57008982,0.013321126115815976
20.57020116,0.010482948043030441
20.58273411,0.01309224078736553
20.58283353,0.01458762493324178
20.58286905,0.013382162203402761
20.59956288,0.010452429999237048
20.5995965,0.013031204699778745
20.60499072,0.014648661020828565
20.60509014,0.013321126115815976
20.61097765,0.010467689021133745
20.61111188,0.013076981765468834
20.61117339,0.014679179064621958
20.62460947,0.013336385137712672
20.62465835,0.010315098802166781
20.62469363,0.013061722743572137
20.63053942,0.01458762493324178
20.63057852,0.013397421225299458
20.64466143,0.010467689021133745
20.65759444,0.013031204699778745
20.65763354,0.014648661020828565
20.65958309,0.013336385137712672
20.65962553,0.010467689021133745
20.65965486,0.013076981765468834
20.66770267,0.01458762493324178
20.66773772,0.013351644159609368
20.67480659,0.010498207064927139
20.67490458,0.013015945677882048
20.67496371,0.014618142977035172
20.68771124,0.013351644159609368
20.68775582,0.010467689021133745
20.70200467,0.013031204699778745
20.70210505,0.014496070801861601
20.70216393,0.013382162203402761
20.71554947,0.010437170977340352
20.72259474,0.01309224078736553
20.72263336,0.014602883955138476
20.72266173,0.013382162203402761
20.72268844,0.010528725108720532
20.72271371,0.01309224078736553
20.73611879,0.014618142977035172
20.73621798,0.013382162203402761
20.74195671,0.010482948043030441
20.74206901,0.013031204699778745
20.74213076,0.014602883955138476
20.75663495,0.013397421225299458
20.75668716,0.010452429999237048
20.77963781,0.013107499809262227
20.77978492,0.01458762493324178
20.77983975,0.013351644159609368
20.77991223,0.010513466086823835
20.7799623,0.013046463721675441
20.78000546,0.01458762493324178
20.78965521,0.013397421225299458
20.78969884,0.010452429999237048
20.78972745,0.013061722743572137
20.80271268,0.014602883955138476
20.80279279,0.013351644159609368
20.80973196,0.010467689021133745
20.80987191,0.013015945677882048
20.80996513,0.014618142977035172
20.82260227,0.013366903181506065
20.82264996,0.010528725108720532
20.83771706,0.01309224078736553
20.83783364,0.014618142977035172
20.83789301,0.013366903181506065
20.83794737,0.010467689021133745
20.84572649,0.013061722743572137
20.84580755,0.014602883955138476
20.85459423,0.013382162203402761
20.85464811,0.010482948043030441
20.85468554,0.013076981765468834
20.86796141,0.014618142977035172
20.86805868,0.013351644159609368
20.88160753,0.010467689021133745
20.8817091,0.013061722743572137
20.88174725,0.01458762493324178
20.89581847,0.013382162203402761
20.89591336,0.010513466086823835
20.90499401,0.013015945677882048
20.90509319,0.014618142977035172
20.90515137,0.013366903181506065
20.9052043,0.010452429999237048
20.91173863,0.01309224078736553
20.91180754,0.01458762493324178
20.93581295,0.013397421225299458
20.93591332,0.010498207064927139
20.93597245,0.013046463721675441
20.93602562,0.01458762493324178
20.93607831,0.013275349050125887
20.95063543,0.010513466086823835
20.950701,0.013031204699778745
20.95073032,0.014618142977035172
20.95661426,0.013443198290989548
20.9566884,0.010498207064927139
20.96578002,0.01309224078736553
20.96589303,0.014557106889448387
20.96597362,0.013412680247196154
20.96602821,0.010498207064927139
20.98160911,0.013015945677882048
20.98169231,0.014572365911345083
20.98959303,0.013382162203402761
20.98964691,0.010452429999237048
20.98968387,0.013046463721675441
21.01463008,0.014557106889448387
21.01469421,0.013397421225299458
21.01474309,0.010467689021133745
21.0147903,0.01287861448081178
21.01482248,0.01458762493324178
21.02073693,0.013366903181506065
21.02081585,0.010543984130617228
21.03592682,0.013015945677882048
21.03604031,0.01458762493324178
21.03610039,0.013397421225299458
21.03615522,0.010528725108720532
21.05015922,0.013046463721675441
21.05025506,0.01458762493324178
21.05031443,0.013382162203402761
21.07356811,0.010467689021133745
21.07361054,0.012985427634088656
21.07363653,0.01458762493324178
21.07366133,0.013366903181506065
21.07572317,0.010559243152513925
21.07583284,0.013000686655985352
21.07589436,0.01454184786755169
21.09064746,0.013382162203402761
21.09072185,0.010391393911650263
21.09974122,0.013015945677882048
21.09983039,0.014618142977035172
21.09989047,0.013366903181506065
21.10377049,0.010528725108720532
21.11790323,0.013000686655985352
21.11803889,0.014557106889448387
21.13877797,0.013412680247196154
21.1388762,0.010498207064927139
21.13895154,0.013199053940642405
21.13900757,0.014572365911345083
21.13905978,0.013458457312886245
21.140769,0.010528725108720532
21.14086795,0.013015945677882048
21.14092755,0.01458762493324178
21.15451455,0.013382162203402761
21.15454555,0.010559243152513925
21.16369414,0.013000686655985352
21.16379213,0.014526588845654994
21.17799067,0.013443198290989548
21.1781044,0.010543984130617228
21.20077062,0.013015945677882048
21.20086384,0.014526588845654994
21.20092177,0.013382162203402761
21.20097589,0.010528725108720532
21.20102906,0.012985427634088656
21.22997832,0.01454184786755169
21.23012924,0.013427939269092852
21.23020554,0.010452429999237048
21.23029065,0.013031204699778745
21.23038578,0.014496070801861601
21.23649955,0.013382162203402761
21.23654509,0.010589761196307317
21.23657107,0.01297016861219196
21.23659563,0.014526588845654994
21.23662877,0.013443198290989548
21.24357009,0.010559243152513925
21.25664353,0.013015945677882048
21.2567451,0.014526588845654994
21.26373625,0.013427939269092852
21.26387262,0.010574502174410621
21.26396322,0.01297016861219196
21.27652383,0.014480811779964905
21.27656841,0.013336385137712672
21.27659535,0.010543984130617228
21.27662396,0.013000686655985352
21.276649,0.014526588845654994
21.28646541,0.013458457312886245
21.28651166,0.010543984130617228
21.29698753,0.013000686655985352
21.29708552,0.014480811779964905
21.31072402,0.013397421225299458
21.31083703,0.010589761196307317
21.32364726,0.01283283741512169
21.32373643,0.014526588845654994
21.33274055,0.013412680247196154
21.33282113,0.01062027924010071
21.33288121,0.012985427634088656
21.33293438,0.014496070801861601
21.33298588,0.013427939269092852
21.34198189,0.010574502174410621
21.34208035,0.013015945677882048
21.3421607,0.01454184786755169
21.35173726,0.013427939269092852
21.35179424,0.010574502174410621
21.37472582,0.013000686655985352
21.374825,0.014496070801861601
21.38005686,0.013382162203402761
21.38017058,0.010543984130617228
21.38560319,0.013183794918745708
21.38566422,0.014480811779964905
21.39152694,0.01326009002822919
21.39162636,0.010528725108720532
21.39168572,0.012954909590295263
21.40061617,0.014526588845654994
21.40069723,0.013397421225299458
21.41466761,0.010589761196307317
21.41478205,0.013031204699778745
21.41484141,0.014465552758068208
21.42873406,0.013397421225299458
21.42883062,0.010574502174410621
21.42889237,0.012954909590295263
21.44249344,0.014526588845654994
21.44253206,0.013397421225299458
21.44255924,0.010528725108720532
21.44258499,0.012985427634088656
21.44261003,0.01454184786755169
21.45659614,0.013427939269092852
21.45672894,0.01062027924010071
21.45676494,0.013031204699778745
21.46652555,0.014480811779964905
21.46656084,0.013427939269092852
21.4749763,0.01062027924010071
21.47507572,0.012954909590295263
21.4751358,0.014526588845654994
21.49857616,0.013427939269092852
21.49863791,0.010589761196307317
21.49867296,0.012954909590295263
21.49870586,0.014435034714274816
21.49875164,0.013397421225299458
21.4987843,0.010574502174410621
21.51410246,0.012787060349431601
21.5141983,0.014526588845654994
21.52158451,0.013427939269092852
21.52165151,0.010650797283894103
21.52168036,0.01297016861219196
21.53552508,0.014511329823758298
21.5355618,0.013412680247196154
21.55859447,0.010513466086823835
21.55865765,0.013015945677882048
21.55869365,0.014572365911345083
21.55872726,0.013580529488059816
21.55875897,0.010498207064927139
21.56168818,0.013031204699778745
21.56176996,0.014633401998931869
21.57479548,0.013443198290989548
21.57490993,0.010406652933546959
21.57496929,0.013000686655985352
21.57502294,0.01458762493324178
21.59060836,0.013427939269092852
21.59073782,0.010391393911650263
21.59077573,0.01309224078736553
21.61496162,0.01458762493324178
21.6150589,0.013382162203402761
21.62668681,0.010406652933546959
21.62679791,0.013015945677882048
21.62687397,0.014740215152208743
21.62693048,0.013458457312886245
21.62698293,0.010437170977340352
21.65073442,0.013061722743572137
21.65084624,0.014633401998931869
21.65090775,0.013427939269092852
21.65096164,0.010437170977340352
21.65101385,0.013076981765468834
21.65106535,0.014648661020828565
21.65351582,0.013397421225299458
21.65357804,0.010437170977340352
21.65360761,0.013046463721675441
21.67657042,0.014633401998931869
21.67659807,0.013458457312886245
21.67662358,0.010452429999237048
21.67664886,0.01309224078736553
21.67667365,0.014694438086518654
21.68648314,0.013427939269092852
21.68652678,0.010391393911650263
21.70069122,0.013076981765468834
21.70078158,0.014663920042725261
21.70084357,0.013397421225299458
21.70089674,0.010452429999237048
21.71576667,0.01309224078736553
21.71586204,0.014618142977035172
21.72957325,0.013397421225299458
21.72965813,0.010437170977340352
21.7297101,0.013046463721675441
21.74372244,0.014694438086518654
21.74380112,0.013427939269092852
21.74385929,0.010421911955443655
21.74391198,0.013107499809262227
21.74396563,0.014602883955138476
21.75362587,0.013382162203402761
21.7537117,0.010467689021133745
21.75374818,0.013076981765468834
21.76753044,0.014648661020828565
21.7675848,0.013473716334782941
21.76761198,0.010559243152513925
21.78192425,0.012985427634088656
21.78202105,0.014618142977035172
21.79652762,0.013473716334782941
21.79660177,0.010498207064927139
21.7966485,0.013031204699778745
21.80170703,0.014480811779964905
21.80178618,0.013473716334782941
21.81094122,0.010528725108720532
21.8110404,0.013015945677882048
21.81109953,0.014557106889448387
21.82463098,0.013443198290989548
21.82471824,0.010498207064927139
21.82475352,0.013000686655985352
21.83151579,0.014557106889448387
21.83154392,0.013382162203402761
21.84365606,0.010498207064927139
21.85658073,0.013015945677882048
21.85666013,0.014572365911345083
21.86672401,0.013443198290989548
21.86681247,0.010574502174410621
21.86687112,0.013015945677882048
21.87152982,0.014526588845654994
21.87156057,0.01351949340047303
21.87902856,0.010589761196307317
21.8791256,0.013000686655985352
21.87920713,0.014602883955138476
21.88664579,0.013488975356679637
21.88673401,0.010513466086823835
21.89972973,0.013000686655985352
21.89981174,0.014557106889448387
21.89986897,0.013443198290989548
21.92367983,0.010559243152513925
21.92375684,0.012893873502708476
21.92379379,0.01454184786755169
21.92382717,0.013488975356679637
21.92385864,0.010543984130617228
21.92389011,0.01297016861219196
21.933532,0.014602883955138476
21.93355966,0.013458457312886245
21.94299173,0.010543984130617228
21.9430902,0.013000686655985352
21.94315076,0.014526588845654994
21.95064998,0.013458457312886245
21.95067739,0.010559243152513925
21.96566916,0.01297016861219196
21.9657681,0.014526588845654994
21.97977972,0.013473716334782941
21.97989345,0.010559243152513925
22.00182152,0.012924391546501868
22.00192881,0.014557106889448387
22.0019877,0.013458457312886245
22.00204515,0.010543984130617228
22.00209641,0.013015945677882048
22.01718163,0.01454184786755169
22.01727891,0.013397421225299458
22.01733756,0.010559243152513925
22.01739168,0.013015945677882048
22.01747394,0.014480811779964905
22.04079366,0.013443198290989548
22.04089141,0.010559243152513925
22.04095006,0.012954909590295263
22.04102635,0.014526588845654994
22.04107881,0.013473716334782941
22.04113007,0.010513466086823835
22.04884672,0.01297016861219196
22.04898143,0.014465552758068208
22.06175709,0.013412680247196154
22.06189251,0.010574502174410621
22.06195498,0.012954909590295263
22.07152176,0.014496070801861601
22.0715642,0.013382162203402761
22.07689953,0.010559243152513925
22.07700038,0.01297016861219196
22.07706046,0.014496070801861601
22.08566046,0.013382162203402761
22.0857017,0.010513466086823835
22.0985713,0.012954909590295263
22.0986197,0.014496070801861601
22.09865546,0.013336385137712672
22.10651541,0.010605020218204014
22.1306231,0.012954909590295263
22.13068366,0.014480811779964905
22.13071918,0.013427939269092852
22.13075209,0.010498207064927139
22.13078427,0.012939650568398567
22.13451195,0.014465552758068208
22.13455272,0.013397421225299458
22.14279938,0.010528725108720532
22.14289761,0.012954909590295263
22.14298177,0.014465552758068208
22.1555016,0.01330586709391928
22.15553856,0.010543984130617228
22.16275382,0.012909132524605172
22.16286564,0.014435034714274816
22.18578434,0.013427939269092852
22.18595958,0.010498207064927139
22.18602037,0.012939650568398567
22.18607521,0.014480811779964905
22.19453382,0.013397421225299458
22.19459128,0.010528725108720532
22.194628,0.012939650568398567
22.20070124,0.014465552758068208
22.20078135,0.013366903181506065
22.2136879,0.010513466086823835
22.21376848,0.012893873502708476
22.21382833,0.01441977569237812
22.21975017,0.013427939269092852
22.21985459,0.010467689021133745
22.23369884,0.01287861448081178
22.23378897,0.014465552758068208
22.23384929,0.013336385137712672
22.24152327,0.010711833371480888
22.25658894,0.012954909590295263
22.25666285,0.01441977569237812
22.25669837,0.013336385137712672
22.25673079,0.010406652933546959
22.25676346,0.012939650568398567
22.26554322,0.014526588845654994
22.26557326,0.013336385137712672
22.27995872,0.010299839780270085
22.28005719,0.012909132524605172
22.28011608,0.014526588845654994
22.28571773,0.013336385137712672
22.28581285,0.010330357824063477
22.30070043,0.012985427634088656
22.30079842,0.014526588845654994
22.30085778,0.013336385137712672
22.3167007,0.010391393911650263
22.31983852,0.012893873502708476
22.31992149,0.014480811779964905
22.32669282,0.013351644159609368
22.3267746,0.010376134889753566
22.32683563,0.012893873502708476
22.33154297,0.014496070801861601
22.33157825,0.013321126115815976
22.34099364,0.010330357824063477
22.34109282,0.012939650568398567
22.34115052,0.014526588845654994
22.36451721,0.013275349050125887
22.36455107,0.010391393911650263
22.37876534,0.01287861448081178
22.37886453,0.014465552758068208
22.37892294,0.013351644159609368
22.37897587,0.010284580758373388
22.39169192,0.012893873502708476
22.39175892,0.014480811779964905
22.41875744,0.01330586709391928
22.41887188,0.010345616845960174
22.41893244,0.01297016861219196
22.41898656,0.014480811779964905
22.41903949,0.01330586709391928
22.42067647,0.010315098802166781
22.42076516,0.012848096437018387
22.42080283,0.01441977569237812
22.42083716,0.013336385137712672
22.42086983,0.010299839780270085
22.44480872,0.012909132524605172
22.44492269,0.014450293736171512
22.44498348,0.013244831006332494
22.4450376,0.010315098802166781
22.44508934,0.012863355458915083
22.44514036,0.014435034714274816
22.45662236,0.01330586709391928
22.45670414,0.010299839780270085
22.45673728,0.01287861448081178
22.46562314,0.014404516670481423
22.46567035,0.01330586709391928
22.46570539,0.010315098802166781
22.4795239,0.01283283741512169
22.47955203,0.01441977569237812
22.49360633,0.01326009002822919
22.49366832,0.010269321736476692
22.5067749,0.012909132524605172
22.50688744,0.014404516670481423
22.50694776,0.01330586709391928
22.50700068,0.01036087586785687
22.51405001,0.012893873502708476
22.51414633,0.014404516670481423
22.52261901,0.013244831006332494
22.52269053,0.010330357824063477
22.5227468,0.012863355458915083
22.53451419,0.014450293736171512
22.53455472,0.013214312962539101
22.54492593,0.010299839780270085
22.54504061,0.012893873502708476
22.54510164,0.014404516670481423
22.55849552,0.013229571984435798
22.55852461,0.010376134889753566
22.57265472,0.01283283741512169
22.57276535,0.01441977569237812
22.57283592,0.013244831006332494
22.572896,0.010284580758373388
22.57853556,0.01287861448081178
22.57858777,0.01441977569237812
22.59176159,0.013229571984435798
22.59187579,0.010299839780270085
22.59193683,0.01287861448081178
22.59877157,0.014435034714274816
22.59886813,0.013229571984435798
22.62196851,0.01036087586785687
22.62208223,0.01287861448081178
22.62214279,0.014435034714274816
22.6361444,0.013321126115815976
22.63624382,0.010299839780270085
22.63789678,0.012909132524605172
22.63801193,0.01441977569237812
22.63807368,0.01326009002822919
22.63812804,0.010299839780270085
22.64657521,0.012893873502708476
22.64661932,0.014435034714274816
22.65465713,0.013199053940642405
22.65476012,0.010330357824063477
22.65481853,0.012909132524605172
22.66899443,0.014435034714274816
22.66909313,0.013336385137712672
22.68152428,0.010284580758373388
22.68159866,0.012893873502708476
22.6816349,0.014480811779964905
22.70574713,0.01326009002822919
22.70588374,0.010238803692683299
22.71253824,0.012924391546501868
22.71259427,0.014465552758068208
22.71263099,0.01330586709391928
22.71266723,0.010345616845960174
22.72574878,0.01287861448081178
22.72584701,0.014465552758068208
22.72590661,0.01330586709391928
22.72596002,0.010254062714579995
22.72601175,0.012863355458915083
22.73271251,0.014496070801861601
22.73280811,0.013229571984435798
22.75566626,0.010284580758373388
22.75578475,0.012909132524605172
22.75584602,0.01441977569237812
22.7559011,0.013275349050125887
22.75595331,0.010330357824063477
22.77077103,0.01287861448081178
22.77088523,0.014465552758068208
22.77094722,0.01326009002822919
22.77261376,0.010315098802166781
22.78056407,0.012863355458915083
22.7806046,0.014450293736171512
22.78966737,0.01326009002822919
22.78975749,0.010269321736476692
22.78981781,0.012909132524605172
22.80265307,0.014435034714274816
22.8027153,0.013275349050125887
22.81571484,0.010345616845960174
22.8158114,0.012848096437018387
22.815871,0.014450293736171512
22.82972503,0.013244831006332494
22.82982254,0.010284580758373388
22.82988214,0.012909132524605172
22.82996225,0.014435034714274816
22.83001518,0.013229571984435798
22.8314898,0.010269321736476692
22.84657383,0.01287861448081178
22.8466258,0.014373998626688029
22.8619175,0.013183794918745708
22.86203098,0.010208285648889906
22.86209106,0.01283283741512169
22.87557125,0.014389257648584725
22.87562537,0.013199053940642405
22.88163257,0.01014724956130312
22.88172293,0.012863355458915083
22.88178325,0.01441977569237812
22.88869405,0.013122758831158923
22.88877416,0.010254062714579995
22.89780807,0.012848096437018387
22.89790702,0.014404516670481423
22.89796543,0.013153276874952316
22.90180731,0.010238803692683299
22.91669536,0.012863355458915083
22.91679096,0.014373998626688029
22.92992806,0.013199053940642405
22.93004251,0.010177767605096514
22.9301033,0.012863355458915083
22.9436028,0.014389257648584725
22.94367504,0.013122758831158923
22.94371128,0.010177767605096514
22.9437623,0.01283283741512169
22.9437952,0.014404516670481423
22.95370698,0.01313801785305562
22.95378542,0.010131990539406424
22.95384455,0.012817578393224994
22.96667027,0.014373998626688029
22.96669793,0.01313801785305562
22.96883488,0.010131990539406424
22.98175311,0.01283283741512169
22.98184848,0.014450293736171512
22.99589586,0.013107499809262227
22.99600935,0.010101472495613032
22.99606919,0.012893873502708476
23.00093532,0.014343480582894636
23.00103283,0.013153276874952316
23.01061511,0.010101472495613032
23.01066971,0.01283283741512169
23.01069975,0.01441977569237812
23.01853347,0.013214312962539101
23.01857471,0.01014724956130312
23.03166485,0.01283283741512169
23.03175497,0.014435034714274816
23.0318141,0.01309224078736553
23.04549909,0.010086213473716335
23.06000996,0.012863355458915083
23.06010556,0.014373998626688029
23.0746367,0.013183794918745708
23.07472324,0.010101472495613032
23.07475376,0.012802319371328297
23.0747838,0.014389257648584725
23.07481074,0.01313801785305562
23.0827179,0.010131990539406424
23.08282089,0.012863355458915083
23.08288217,0.014435034714274816
23.08972669,0.01313801785305562
23.0898068,0.010131990539406424
23.09882927,0.012817578393224994
23.09894466,0.014389257648584725
23.09900451,0.013122758831158923
23.12279844,0.01019302662699321
23.12289429,0.01283283741512169
23.12295365,0.014389257648584725
23.14756584,0.013183794918745708
23.1476202,0.01019302662699321
23.14764881,0.012924391546501868
23.14767504,0.014373998626688029
23.14770031,0.013122758831158923
23.14772558,0.010101472495613032
23.14775109,0.012771801327534905
23.14777708,0.014373998626688029
23.15452194,0.013107499809262227
23.1545577,0.010162508583199817
23.1636982,0.012756542305638208
23.16377783,0.014358739604791332
23.16383624,0.013214312962539101
23.16870594,0.01014724956130312
23.18159914,0.012726024261844816
23.1816597,0.014373998626688029
23.1959691,0.013107499809262227
23.19608068,0.010162508583199817
23.19614077,0.012817578393224994
23.2096107,0.01432822156099794
23.20969248,0.01313801785305562
23.20972729,0.01014724956130312
23.20979118,0.012787060349431601
23.20982313,0.01432822156099794
23.2195518,0.013168535896849012
23.21959972,0.01019302662699321
23.21963453,0.012817578393224994
23.23452187,0.014404516670481423
23.23455477,0.01313801785305562
23.23458028,0.01019302662699321
23.24877667,0.012756542305638208
23.24887037,0.014312962539101243
23.26298118,0.013183794918745708
23.26309395,0.010254062714579995
23.26315403,0.012787060349431601
23.26864624,0.014312962539101243
23.26867318,0.01313801785305562
23.27659202,0.01019302662699321
23.27665496,0.012787060349431601
23.27669168,0.014312962539101243
23.28551221,0.013199053940642405
23.28555131,0.010254062714579995
23.29993773,0.01283283741512169
23.3000505,0.01432822156099794
23.30011106,0.013199053940642405
23.31359529,0.010284580758373388
23.3226974,0.012787060349431601
23.32277775,0.014373998626688029
23.33670115,0.013214312962539101
23.3367815,0.010330357824063477
23.33684158,0.01287861448081178
23.34051895,0.014404516670481423
23.34055161,0.013244831006332494
23.34652281,0.010345616845960174
23.3465755,0.012863355458915083
23.34661245,0.014358739604791332
23.35369015,0.013244831006332494
23.35376859,0.010376134889753566
23.36697626,0.01287861448081178
23.36708808,0.014435034714274816
23.36714697,0.01326009002822919
23.37669134,0.010299839780270085
23.39069796,0.012863355458915083
23.3907764,0.014343480582894636
23.40380001,0.013214312962539101
23.40391374,0.010315098802166781
23.40397525,0.012787060349431601
23.40402961,0.014312962539101243
23.40408206,0.013168535896849012
23.41158223,0.010269321736476692
23.41166019,0.012771801327534905
23.41170645,0.01428244449530785
23.42071199,0.013214312962539101
23.420789,0.010208285648889906
23.42084646,0.012771801327534905
23.44353414,0.01428244449530785
23.44356704,0.013122758831158923
23.44359231,0.010254062714579995
23.44361854,0.012741283283741512
23.443645,0.014236667429617761
23.45467997,0.013122758831158923
23.45477104,0.010208285648889906
23.45483351,0.012726024261844816
23.46654439,0.014236667429617761
23.46657491,0.01313801785305562
23.47562885,0.010162508583199817
23.47568321,0.01271076523994812
23.47571135,0.014267185473411154
23.50050402,0.013122758831158923
23.50054073,0.010223544670786603
23.50056624,0.012771801327534905
23.50059104,0.014190890363927672
23.50061607,0.013153276874952316
23.50064087,0.010254062714579995
23.51574278,0.01271076523994812
23.51583648,0.01428244449530785
23.51975131,0.013183794918745708
23.51983118,0.010238803692683299
23.51988912,0.012741283283741512
23.53365445,0.01428244449530785
23.53370094,0.013168535896849012
23.5476563,0.010315098802166781
23.5477519,0.012817578393224994
23.54781079,0.01428244449530785
23.56052446,0.013199053940642405
23.56055069,0.010269321736476692
23.56780744,0.012726024261844816
23.56790686,0.014312962539101243
23.56796575,0.013153276874952316
23.56802058,0.010254062714579995
23.580616,0.012756542305638208
23.58067727,0.014267185473411154
23.590693,0.013183794918745708
23.59078145,0.010284580758373388
23.59084129,0.012802319371328297
23.60408258,0.014312962539101243
23.60417962,0.013183794918745708
23.61670232,0.010315098802166781
23.61681247,0.012741283283741512
23.61687326,0.014297703517204547
23.62676835,0.013168535896849012
23.62686586,0.010269321736476692
23.63308573,0.012771801327534905
23.63319898,0.014312962539101243
23.63326025,0.013199053940642405
23.64050269,0.010330357824063477
23.64053011,0.012756542305638208
23.64055896,0.01428244449530785
23.65589571,0.013199053940642405
23.65601039,0.010345616845960174
23.65607023,0.012756542305638208
23.6795373,0.01428244449530785
23.67958164,0.013244831006332494
23.67960715,0.010269321736476692
23.67963243,0.012787060349431601
23.67965722,0.014221408407721065
23.69897032,0.013107499809262227
23.69906569,0.010315098802166781
23.69912577,0.012741283283741512
23.69918132,0.014221408407721065
23.69923401,0.013214312962539101
23.70081568,0.01036087586785687
23.71160197,0.012756542305638208
23.71166277,0.014236667429617761
23.73482943,0.013199053940642405
23.73492932,0.010299839780270085
23.73498845,0.012741283283741512
23.73504233,0.01428244449530785
23.73509526,0.013168535896849012
23.74559927,0.010345616845960174
23.74565291,0.012817578393224994
23.74568057,0.01428244449530785
23.75452423,0.013244831006332494
23.75456667,0.010315098802166781
23.76194477,0.012726024261844816
23.762043,0.014190890363927672
23.76210189,0.013153276874952316
23.76898456,0.010315098802166781
23.7917695,0.012741283283741512
23.79186535,0.014297703517204547
23.80575824,0.013153276874952316
23.8058877,0.010391393911650263
23.80595064,0.012756542305638208
23.81471777,0.014206149385824368
23.81479764,0.013153276874952316
23.82979894,0.010345616845960174
23.82993507,0.012726024261844816
23.83002949,0.01428244449530785
23.8301146,0.013183794918745708
23.83019972,0.010345616845960174
23.84163356,0.012771801327534905
23.84174275,0.014236667429617761
23.84177232,0.013183794918745708
23.84179926,0.010345616845960174
23.85174799,0.012817578393224994
23.85182929,0.014251926451514458
23.87466002,0.013214312962539101
23.87475061,0.010376134889753566
23.87477994,0.012771801327534905
23.87480617,0.01428244449530785
23.87483406,0.013199053940642405
23.88981462,0.010299839780270085
23.88993073,0.012787060349431601
23.88999152,0.014251926451514458
23.8900466,0.013183794918745708
23.89010024,0.01036087586785687
23.89599991,0.012756542305638208
23.89609909,0.014236667429617761
23.8961587,0.013183794918745708
23.90164542,0.010330357824063477
23.92603874,0.012787060349431601
23.92616415,0.014267185473411154
23.92756748,0.013244831006332494
23.92768073,0.010330357824063477
23.92774034,0.012756542305638208
23.94163513,0.01428244449530785
23.94171381,0.013168535896849012
23.94174266,0.010391393911650263
23.94176841,0.012771801327534905
23.94179392,0.01428244449530785
23.95594835,0.013244831006332494
23.95604587,0.010406652933546959
23.96497297,0.012771801327534905
23.96508718,0.014297703517204547
23.96514654,0.013229571984435798
23.97365665,0.010345616845960174
23.98671699,0.012756542305638208
23.98679733,0.014312962539101243
24.00092888,0.013183794918745708
24.00104189,0.010421911955443655
24.00110173,0.012771801327534905
24.00280476,0.014236667429617761
24.00290179,0.013244831006332494
24.00965619,0.010391393911650263
24.00975037,0.012787060349431601
24.00978708,0.014312962539101243
24.02354193,0.013199053940642405
24.02357769,0.010376134889753566
24.0289681,0.012726024261844816
24.02908301,0.014251926451514458
24.02914381,0.013199053940642405
24.04149818,0.010391393911650263
24.05600047,0.012771801327534905
24.05609703,0.014251926451514458
24.06479573,0.013244831006332494
24.06490993,0.010406652933546959
24.06497002,0.012726024261844816
24.06502557,0.014297703517204547
24.06507778,0.013214312962539101
24.07969499,0.010391393911650263
24.07978678,0.012863355458915083
24.07984853,0.014236667429617761
24.08616233,0.013183794918745708
24.08625889,0.010376134889753566
24.09983373,0.012787060349431601
24.09990358,0.014190890363927672
24.0999403,0.013183794918745708
24.11452365,0.010391393911650263
24.11972666,0.012756542305638208
24.11980629,0.014221408407721065
24.12893343,0.013214312962539101
24.12903118,0.010330357824063477
24.12909102,0.012771801327534905
24.1335001,0.014236667429617761
24.13354349,0.013153276874952316
24.14156199,0.010330357824063477
24.14161062,0.012756542305638208
24.15612507,0.014236667429617761
24.15623951,0.013199053940642405
24.15632558,0.010406652933546959
24.17972159,0.012771801327534905
24.17981863,0.01428244449530785
24.17987776,0.013199053940642405
24.17993259,0.010315098802166781
24.17998528,0.012756542305638208
24.18003702,0.014236667429617761
24.18985415,0.013168535896849012
24.18996644,0.010406652933546959
24.19002795,0.012756542305638208
24.19894242,0.014251926451514458
24.19903803,0.013183794918745708
24.21151376,0.010391393911650263
24.21158099,0.012771801327534905
24.21161723,0.014236667429617761
24.23564196,0.013183794918745708
24.23573089,0.010406652933546959
24.23576736,0.012771801327534905
24.23580003,0.01428244449530785
24.2358315,0.013153276874952316
24.23586321,0.010376134889753566
24.24564624,0.012771801327534905
24.24572682,0.014206149385824368
24.25471926,0.01326009002822919
24.25483298,0.010376134889753566
24.25489235,0.01271076523994812
24.26956248,0.014221408407721065
24.2696259,0.01313801785305562
24.28162527,0.010391393911650263
24.28171611,0.012741283283741512
24.28177691,0.014251926451514458
24.30560541,0.013168535896849012
24.30569577,0.010513466086823835
24.31157088,0.012695506218051423
24.31168079,0.014175631342030976
24.31174016,0.013183794918745708
24.31179333,0.010376134889753566
24.31896877,0.012695506218051423
24.31906438,0.014221408407721065
24.33094716,0.013153276874952316
24.33104396,0.010376134889753566
24.33110285,0.012771801327534905
24.35571241,0.014206149385824368
24.35579228,0.013122758831158923
24.35585165,0.010376134889753566
24.36371565,0.012741283283741512
24.36374402,0.01428244449530785
24.37267613,0.013153276874952316
24.37274003,0.010406652933546959
24.3727684,0.012741283283741512
24.37279415,0.014236667429617761
24.37281942,0.013199053940642405
24.38670945,0.010406652933546959
24.3867898,0.012726024261844816
24.38684893,0.014221408407721065
24.39497089,0.013183794918745708
24.39508438,0.010391393911650263
24.39514709,0.012726024261844816
24.4197669,0.014221408407721065
24.4198637,0.013168535896849012
24.41992259,0.010406652933546959
24.41997671,0.01271076523994812
24.42002916,0.014206149385824368
24.42751932,0.013183794918745708
24.4275701,0.010391393911650263
24.43570852,0.012756542305638208
24.43577647,0.014236667429617761
24.43580461,0.01313801785305562
24.43583059,0.010635538261997406
24.44970965,0.012726024261844816
24.44979143,0.01416037232013428
24.44985056,0.013183794918745708
24.45451927,0.010391393911650263
24.45455813,0.012756542305638208
24.47973895,0.014221408407721065
24.47983503,0.013183794918745708
24.47989297,0.010345616845960174
24.47994661,0.012771801327534905
24.47999835,0.014236667429617761
24.48899746,0.013153276874952316
24.48909426,0.010589761196307317
24.48915219,0.012741283283741512
24.50149059,0.014190890363927672
24.50153661,0.013183794918745708
24.50360537,0.010391393911650263
24.51171827,0.012741283283741512
24.51179576,0.014251926451514458
24.52571607,0.01313801785305562
24.52580619,0.010391393911650263
24.52586603,0.012756542305638208
24.53962922,0.014206149385824368
24.53969145,0.013168535896849012
24.5546639,0.010406652933546959
24.55475163,0.012756542305638208
24.55481172,0.014175631342030976
24.55486536,0.013153276874952316
24.55491996,0.010437170977340352
24.56498027,0.012726024261844816
24.5650785,0.014221408407721065
24.56513643,0.013153276874952316
24.57048655,0.010437170977340352
24.57972288,0.012802319371328297
24.57978225,0.014251926451514458
24.60362411,0.013183794918745708
24.60373139,0.010437170977340352
24.60378218,0.012771801327534905
24.61897945,0.014206149385824368
24.61907792,0.01313801785305562
24.61913872,0.010421911955443655
24.61919403,0.012741283283741512
24.61924672,0.014206149385824368
24.63313556,0.013168535896849012
24.63326716,0.010391393911650263
24.63954568,0.012771801327534905
24.63960409,0.014221408407721065
24.63963509,0.01313801785305562
24.65278888,0.010452429999237048
24.65975714,0.012756542305638208
24.65983534,0.01428244449530785
24.68475533,0.01313801785305562
24.68486524,0.010406652933546959
24.68492746,0.012771801327534905
24.6849823,0.014221408407721065
24.68503571,0.013183794918745708
24.68508792,0.010421911955443655
24.6851387,0.012817578393224994
24.68518972,0.014221408407721065
24.69083762,0.013122758831158923
24.69095612,0.010467689021133745
24.69881439,0.012787060349431601
24.69894338,0.014251926451514458
24.69901514,0.013199053940642405
24.69909334,0.010421911955443655
24.71372819,0.012787060349431601
24.71380639,0.014221408407721065
24.73659587,0.013183794918745708
24.73669744,0.010437170977340352
24.73673463,0.012787060349431601
24.73954248,0.014236667429617761
24.73957276,0.013153276874952316
24.73959899,0.010437170977340352
24.73962402,0.012802319371328297
24.73964977,0.014221408407721065
24.75453472,0.013336385137712672
24.75457811,0.010391393911650263
24.76680636,0.012756542305638208
24.76693869,0.014236667429617761
24.76703167,0.01313801785305562
24.76957011,0.010406652933546959
24.7927413,0.012787060349431601
24.79280138,0.014221408407721065
24.79282999,0.013168535896849012
24.79285693,0.010452429999237048
24.79288197,0.012817578393224994
24.80260205,0.014251926451514458
24.80266452,0.013183794918745708
24.8117094,0.010467689021133745
24.81178999,0.012771801327534905
24.81185007,0.014251926451514458
24.82001185,0.013153276874952316
24.82010937,0.010437170977340352
24.82016778,0.012771801327534905
24.83354902,0.014206149385824368
24.83358407,0.013183794918745708
24.84171915,0.010437170977340352
24.86580133,0.012771801327534905
24.86592436,0.014251926451514458
24.86600137,0.01313801785305562
24.86605549,0.010452429999237048
24.86610746,0.012771801327534905
24.89065456,0.014343480582894636
24.89069366,0.013183794918745708
24.89071941,0.010406652933546959
24.89074445,0.012817578393224994
24.89076948,0.014221408407721065
24.89079428,0.013183794918745708
24.89081955,0.010467689021133745
24.9157517,0.012817578393224994
24.91584635,0.014251926451514458
24.91590571,0.013183794918745708
24.91595936,0.010498207064927139
24.92499256,0.01287861448081178
24.92509174,0.014236667429617761
24.92514896,0.013183794918745708
24.92520142,0.010452429999237048
24.92525315,0.01283283741512169
24.93370485,0.014221408407721065
24.93380666,0.013183794918745708
24.94166684,0.010482948043030441
24.94175601,0.012817578393224994
24.94181681,0.014251926451514458
24.95583844,0.013244831006332494
24.95595503,0.010498207064927139
24.97973585,0.012863355458915083
24.97984648,0.014251926451514458
24.97990704,0.013183794918745708
24.97996354,0.010528725108720532
24.98802876,0.012848096437018387
24.98812604,0.01428244449530785
24.99602771,0.013199053940642405
24.9961412,0.010543984130617228
24.99620247,0.01287861448081178
25.00176263,0.014297703517204547
25.00185156,0.013183794918745708
25.00188661,0.010498207064927139
25.0115211,0.012863355458915083
25.01156235,0.014312962539101243
25.02583742,0.013183794918745708
25.02593446,0.010528725108720532
25.02599382,0.01283283741512169
25.03856826,0.01428244449530785
25.03861308,0.013153276874952316
25.03863931,0.010467689021133745
25.05228329,0.01283283741512169
25.05237889,0.014236667429617761
25.05370736,0.013153276874952316
25.05379677,0.010498207064927139
25.05385494,0.012817578393224994
25.06651735,0.014236667429617761
25.06657481,0.013153276874952316
25.07670712,0.010482948043030441
25.07679176,0.012863355458915083
25.07686448,0.014236667429617761
25.09953809,0.013183794918745708
25.09959316,0.010498207064927139
25.09962273,0.012848096437018387
25.09964752,0.01428244449530785
25.09968066,0.013199053940642405
25.09971809,0.010513466086823835
25.11074734,0.01283283741512169
25.11082554,0.014251926451514458
25.12472773,0.01313801785305562
25.12480879,0.010467689021133745
25.12486863,0.012848096437018387
25.13213611,0.014221408407721065
25.13216805,0.013183794918745708
25.15589523,0.010467689021133745
25.15599585,0.012817578393224994
25.15607595,0.014251926451514458
25.15760756,0.01313801785305562
25.15766811,0.010452429999237048
25.17062259,0.012848096437018387
25.17073298,0.014236667429617761
25.1707685,0.013153276874952316
25.17080617,0.010467689021133745
25.17974401,0.012939650568398567
25.17982292,0.014236667429617761
25.19308281,0.013122758831158923
25.19321346,0.010498207064927139
25.19331431,0.012787060349431601
25.20559025,0.014251926451514458
25.20564651,0.013153276874952316
25.21970654,0.010482948043030441
25.21978688,0.012817578393224994
25.21984577,0.014236667429617761
25.21991587,0.013122758831158923
25.21996832,0.010452429999237048
25.23465157,0.012771801327534905
25.23475718,0.014221408407721065
25.2347939,0.013107499809262227
25.2348268,0.010482948043030441
25.24975061,0.012756542305638208
25.24983191,0.014206149385824368
25.24988914,0.01313801785305562
25.25764179,0.010452429999237048
25.2576704,0.012787060349431601
25.27873659,0.014221408407721065
25.27883196,0.01309224078736553
25.27889085,0.010482948043030441
25.27894592,0.012787060349431601
25.2789979,0.014206149385824368
25.28901649,0.01313801785305562
25.28911281,0.010406652933546959
25.28917146,0.012848096437018387
25.3015039,0.014236667429617761
25.30155849,0.013183794918745708
25.30356455,0.010513466086823835
25.31174946,0.012863355458915083
25.31182837,0.014267185473411154
25.33560801,0.013122758831158923
25.33568406,0.010482948043030441
25.33572006,0.012817578393224994
25.34273386,0.014206149385824368
25.3428309,0.013122758831158923
25.35596061,0.010452429999237048
25.35607457,0.01283283741512169
25.35613585,0.014190890363927672
25.36165476,0.013076981765468834
25.36168146,0.010452429999237048
25.36962295,0.012771801327534905
25.36968756,0.014190890363927672
25.3697238,0.013107499809262227
25.37469506,0.010437170977340352
25.38698983,0.012817578393224994
25.38708854,0.014175631342030976
25.41172743,0.013076981765468834
25.41184092,0.010574502174410621
25.41190076,0.012771801327534905
25.4119544,0.014206149385824368
25.41200638,0.013076981765468834
25.43560386,0.010452429999237048
25.43565917,0.01283283741512169
25.43568778,0.014221408407721065
25.43571377,0.013076981765468834
25.43573976,0.010452429999237048
25.43576479,0.012771801327534905
25.43578935,0.014175631342030976
25.43581438,0.013061722743572137
25.43587375,0.010498207064927139
25.46197772,0.012787060349431601
25.46211696,0.014221408407721065
25.46221256,0.013061722743572137
25.4622829,0.010437170977340352
25.4623363,0.012787060349431601
25.47064543,0.014221408407721065
25.47074413,0.013031204699778745
25.47562456,0.010467689021133745
25.47571373,0.012787060349431601
25.47577381,0.014206149385824368
25.4897809,0.013061722743572137
25.48987794,0.010406652933546959
25.49885154,0.012817578393224994
25.49900436,0.014190890363927672
25.49910355,0.01309224078736553
25.50653791,0.010452429999237048
25.53173542,0.01283283741512169
25.53183246,0.014251926451514458
25.5318923,0.013076981765468834
25.53194594,0.010498207064927139
25.53199911,0.01283283741512169
25.53355241,0.014190890363927672
25.53361726,0.013031204699778745
25.54268861,0.010437170977340352
25.54276848,0.01283283741512169
25.54282594,0.014190890363927672
25.55647492,0.013107499809262227
25.55651975,0.010437170977340352
25.56295085,0.012787060349431601
25.5630517,0.014221408407721065
25.5631125,0.013046463721675441
25.58550191,0.010467689021133745
25.5855763,0.012848096437018387
25.58560276,0.014206149385824368
25.59403777,0.013076981765468834
25.59415007,0.010452429999237048
25.59420919,0.012817578393224994
25.60259438,0.014236667429617761
25.60268259,0.013061722743572137
25.6117394,0.010498207064927139
25.61181974,0.01283283741512169
25.61187887,0.014251926451514458
25.61974835,0.01309224078736553
25.61982608,0.010513466086823835
25.64374661,0.012848096437018387
25.64384341,0.014221408407721065
25.64390182,0.013076981765468834
25.64395547,0.010391393911650263
25.6588335,0.012802319371328297
25.65893173,0.014221408407721065
25.65901613,0.013046463721675441
25.65907502,0.010467689021133745
25.65912938,0.012817578393224994
25.66563821,0.014175631342030976
25.66566563,0.013046463721675441
25.67473578,0.010452429999237048
25.67481613,0.012817578393224994
25.67487431,0.014221408407721065
25.68873191,0.013031204699778745
25.68881083,0.010467689021133745
25.71275353,0.012787060349431601
25.71285009,0.014190890363927672
25.71292162,0.013076981765468834
25.71301007,0.010437170977340352
25.71308708,0.012848096437018387
25.7131424,0.014206149385824368
25.72173667,0.013076981765468834
25.72181821,0.010467689021133745
25.72187829,0.012863355458915083
25.73564553,0.014221408407721065
25.73573661,0.013076981765468834
25.74055052,0.010467689021133745
25.74060488,0.012817578393224994
25.74064088,0.014206149385824368
25.76464725,0.013076981765468834
25.76468587,0.010452429999237048
25.77954197,0.01287861448081178
25.77959323,0.014206149385824368
25.77962852,0.013031204699778745
25.7796607,0.010498207064927139
25.79297018,0.012848096437018387
25.79306602,0.014221408407721065
25.79767561,0.01309224078736553
25.79776525,0.010452429999237048
25.7978251,0.01287861448081178
25.802562,0.014221408407721065
25.80262113,0.013061722743572137
25.81162357,0.010513466086823835
25.81170607,0.01287861448081178
25.81177664,0.014221408407721065
25.83448243,0.013046463721675441
25.83451176,0.010528725108720532
25.84854794,0.012893873502708476
25.84859872,0.014251926451514458
25.84863329,0.013076981765468834
25.84866524,0.010498207064927139
25.86276221,0.01287861448081178
25.86286044,0.014206149385824368
25.86292052,0.013061722743572137
25.86297607,0.010528725108720532
25.863029,0.012848096437018387
25.86310101,0.014221408407721065
25.8631537,0.013031204699778745
25.87773681,0.010498207064927139
25.8778336,0.012863355458915083
25.87789226,0.014221408407721065
25.89170337,0.013015945677882048
25.89178276,0.010528725108720532
25.90457654,0.012848096437018387
25.90465212,0.014236667429617761
25.90469718,0.01297016861219196
25.90474701,0.010482948043030441
25.90988898,0.01287861448081178
25.90996981,0.014221408407721065
25.92168784,0.013031204699778745
25.92176914,0.010498207064927139
25.92182827,0.012863355458915083
25.93062663,0.014221408407721065
25.93065619,0.013015945677882048
25.95473647,0.010498207064927139
25.95485067,0.012848096437018387
25.95491099,0.014221408407721065
25.95496488,0.013000686655985352
25.95501661,0.010467689021133745
25.96485329,0.01287861448081178
25.96495295,0.014221408407721065
25.96501231,0.013000686655985352
25.97053528,0.010452429999237048
25.98364949,0.01283283741512169
25.98372793,0.014206149385824368
25.98378587,0.01297016861219196
25.98850083,0.010467689021133745
25.98854113,0.012863355458915083
26.01172972,0.014206149385824368
26.01182508,0.013000686655985352
26.01188374,0.010437170977340352
26.01450634,0.01283283741512169
26.01453924,0.014221408407721065
26.02298403,0.01297016861219196
26.02308321,0.010467689021133745
26.02314067,0.012863355458915083
26.03660321,0.014221408407721065
26.03665709,0.013031204699778745
26.03668571,0.010498207064927139
26.04669023,0.012863355458915083
26.04680777,0.014221408407721065
26.06070352,0.013000686655985352
26.06079173,0.010452429999237048
26.06085181,0.012863355458915083
26.07359982,0.014236667429617761
26.07365251,0.01297016861219196
26.08666062,0.010467689021133745
26.08676934,0.01283283741512169
26.08682919,0.014190890363927672
26.09002423,0.013015945677882048
26.09013653,0.010421911955443655
26.09795642,0.012848096437018387
26.09806824,0.014236667429617761
26.09812832,0.012985427634088656
26.10265398,0.010467689021133745
26.11568213,0.01287861448081178
26.11576176,0.014206149385824368
26.1158216,0.013015945677882048
26.12964821,0.010513466086823835
26.12967753,0.012817578393224994
26.13869572,0.014221408407721065
26.13878822,0.013000686655985352
26.1446321,0.010513466086823835
26.14479303,0.01287861448081178
26.14489365,0.014221408407721065
26.15273976,0.013000686655985352
26.15281773,0.010482948043030441
26.16600704,0.012848096437018387
26.16615129,0.014206149385824368
26.16624522,0.012985427634088656
26.16786551,0.010467689021133745
26.19068408,0.012893873502708476
26.19076109,0.014206149385824368
26.1908195,0.012954909590295263
26.19087338,0.010513466086823835
26.19092774,0.012863355458915083
26.20085168,0.014206149385824368
26.20094109,0.013015945677882048
26.20872116,0.010467689021133745
26.20880318,0.012893873502708476
26.20886326,0.014221408407721065
26.22250915,0.012954909590295263
26.22254038,0.010513466086823835
26.23080373,0.01287861448081178
26.23095202,0.014236667429617761
26.23101425,0.013015945677882048
26.2445159,0.010528725108720532
26.25879073,0.012909132524605172
26.25888848,0.014236667429617761
26.25894737,0.01297016861219196
26.25900006,0.010498207064927139
26.25905156,0.012939650568398567
26.27351403,0.014236667429617761
26.27354503,0.01297016861219196
26.27357197,0.010559243152513925
26.27359724,0.01287861448081178
26.27363133,0.014251926451514458
26.28864503,0.012954909590295263
26.2886765,0.010498207064927139
26.30166125,0.012893873502708476
26.30173945,0.014221408407721065
26.30176806,0.012954909590295263
26.3115716,0.010528725108720532
26.32482624,0.012954909590295263
26.32492137,0.01428244449530785
26.32498121,0.012924391546501868
26.32503629,0.010543984130617228
26.32508874,0.01287861448081178
26.33467174,0.014221408407721065
26.33478975,0.013000686655985352
26.34356403,0.010513466086823835
26.34361815,0.012909132524605172
26.34365535,0.014251926451514458
26.35652089,0.012985427634088656
26.35655928,0.010498207064927139
26.38171625,0.012893873502708476
26.38182759,0.014221408407721065
26.38188815,0.012939650568398567
26.38194275,0.010482948043030441
26.38199472,0.012939650568398567
26.38204741,0.014221408407721065
26.39096427,0.01297016861219196
26.39107752,0.010467689021133745
26.39113736,0.012893873502708476
26.40073729,0.014236667429617761
26.40084624,0.012954909590295263
26.41371632,0.010498207064927139
26.41379857,0.012939650568398567
26.4138577,0.014236667429617761
26.42170787,0.012954909590295263
26.42178774,0.010513466086823835
26.4466145,0.012909132524605172
26.44671726,0.01428244449530785
26.44675541,0.012954909590295263
26.44679594,0.010498207064927139
26.44682789,0.012893873502708476
26.4468596,0.014221408407721065
26.45693946,0.013000686655985352
26.45705271,0.010498207064927139
26.45711255,0.012985427634088656
26.47063351,0.014236667429617761
26.47071314,0.01297016861219196
26.48370934,0.010543984130617228
26.48379803,0.012909132524605172
26.48385859,0.014221408407721065
26.4977963,0.01297016861219196
26.49789333,0.010528725108720532
26.4979527,0.012893873502708476
26.49800801,0.014251926451514458
26.49806046,0.012924391546501868
26.49811125,0.010498207064927139
26.51263261,0.012893873502708476
26.51268101,0.01428244449530785
26.52175403,0.012909132524605172
26.52183461,0.010528725108720532
26.52189374,0.012909132524605172
26.53660846,0.014236667429617761
26.53667855,0.013000686655985352
26.54964876,0.010498207064927139
26.54973698,0.012939650568398567
26.54981327,0.014297703517204547
26.5597403,0.012909132524605172
26.55981851,0.010528725108720532
26.5639329,0.012954909590295263
26.56404614,0.014297703517204547
26.56410575,0.012939650568398567
26.57056355,0.010513466086823835
26.58366609,0.012909132524605172
26.58374429,0.014236667429617761
26.58380365,0.012985427634088656
26.58952951,0.010452429999237048
26.58955812,0.012954909590295263
26.60361671,0.014221408407721065
26.60368824,0.012909132524605172
26.60372448,0.010513466086823835
26.61651778,0.01297016861219196
26.61655688,0.014236667429617761
26.62172365,0.012939650568398567
26.62180543,0.010513466086823835
26.62186551,0.01297016861219196
26.63551211,0.014236667429617761
26.63556075,0.012954909590295263
26.63559079,0.010528725108720532
26.64574671,0.012909132524605172
26.64582658,0.014251926451514458
26.66960812,0.012924391546501868
26.66969824,0.010528725108720532
26.66974497,0.012954909590295263
26.67458177,0.01428244449530785
26.67463183,0.012924391546501868
26.68055868,0.010528725108720532
26.68061113,0.012939650568398567
26.68064761,0.014236667429617761
26.6897161,0.012939650568398567
26.68979669,0.010513466086823835
26.68985438,0.012924391546501868
26.69911098,0.014312962539101243
26.69914031,0.012893873502708476
26.69916582,0.010498207064927139
26.71370935,0.012985427634088656
26.71378946,0.014251926451514458
26.737607,0.01287861448081178
26.73767018,0.010543984130617228
26.73770165,0.012954909590295263
26.74653888,0.01428244449530785
26.74657011,0.01287861448081178
26.74659657,0.010513466086823835
26.74662161,0.012954909590295263
26.75976515,0.014236667429617761
26.75987864,0.012863355458915083
26.759938,0.010513466086823835
26.768682,0.013015945677882048
26.76876903,0.014297703517204547
26.76879835,0.012909132524605172
26.78251719,0.010528725108720532
26.78254914,0.012954909590295263
26.78257537,0.014251926451514458
26.80757904,0.012863355458915083
26.80764246,0.010513466086823835
26.80767107,0.01297016861219196
26.80769753,0.014236667429617761
26.80772281,0.012909132524605172
26.8077476,0.010498207064927139
26.80777216,0.012939650568398567
26.80780721,0.014251926451514458
26.82277107,0.012863355458915083
26.82290649,0.010498207064927139
26.82977843,0.012985427634088656
26.8298943,0.014236667429617761
26.82995486,0.012893873502708476
26.83855176,0.010498207064927139
26.84458447,0.012954909590295263
26.84463143,0.014267185473411154
26.85874939,0.012863355458915083
26.85886192,0.010482948043030441
26.85892129,0.012954909590295263
26.87153864,0.014236667429617761
26.87158418,0.01287861448081178
26.87872338,0.010574502174410621
26.87880564,0.013000686655985352
26.87886429,0.014251926451514458
26.88652158,0.012893873502708476
26.88655186,0.010513466086823835
26.89780784,0.012954909590295263
26.8979063,0.014297703517204547
26.89796472,0.012863355458915083
26.90260601,0.010543984130617228
26.92683053,0.013000686655985352
26.92692733,0.014251926451514458
26.92698622,0.01287861448081178
26.92703962,0.010559243152513925
26.9271121,0.012954909590295263
26.94176865,0.014297703517204547
26.94186449,0.012863355458915083
26.94192386,0.010589761196307317
26.94197845,0.012954909590295263
26.94203067,0.014297703517204547
26.9558723,0.012863355458915083
26.9560008,0.010498207064927139
26.96479416,0.012985427634088656
26.96490741,0.01428244449530785
26.96496654,0.01287861448081178
26.97969127,0.010605020218204014
26.99170923,0.013000686655985352
26.9917891,0.01428244449530785
26.99467635,0.012863355458915083
26.99476552,0.010559243152513925
26.99482512,0.013015945677882048
27.00261378,0.01428244449530785
27.00266886,0.01283283741512169
27.00870395,0.010528725108720532
27.00878739,0.013015945677882048
27.00884748,0.014251926451514458
27.02149892,0.012817578393224994
27.02153349,0.010543984130617228
27.0309751,0.01297016861219196
27.03108859,0.014251926451514458
27.03114986,0.01287861448081178
27.0445118,0.010543984130617228
27.05869842,0.013000686655985352
27.05877805,0.014251926451514458
27.05883551,0.01283283741512169
27.05888939,0.010559243152513925
27.05894113,0.012985427634088656
27.08152628,0.01428244449530785
27.0815568,0.01283283741512169
27.0907166,0.010513466086823835
27.09079814,0.013000686655985352
27.09087372,0.01428244449530785
27.09092879,0.01283283741512169
27.09098148,0.010543984130617228
27.09982538,0.013015945677882048
27.09992456,0.014312962539101243
27.09998345,0.01283283741512169
27.11352539,0.010513466086823835
27.12780023,0.012985427634088656
27.12789655,0.014297703517204547
27.12795448,0.012817578393224994
27.12800837,0.010513466086823835
27.12806201,0.013000686655985352
27.13592672,0.01428244449530785
27.1359601,0.012817578393224994
27.14157653,0.010574502174410621
27.14164996,0.013000686655985352
27.14167857,0.014297703517204547
27.15551329,0.012817578393224994
27.15555859,0.010528725108720532
27.16471505,0.013015945677882048
27.16479683,0.01428244449530785
27.16485524,0.01283283741512169
27.17749429,0.010559243152513925
27.19180131,0.013015945677882048
27.1918993,0.014297703517204547
27.191957,0.01283283741512169
27.19201088,0.010559243152513925
27.19208312,0.013031204699778745
27.20106339,0.014343480582894636
27.20116115,0.012848096437018387
27.20967031,0.010543984130617228
27.20973444,0.013015945677882048
27.20977139,0.014297703517204547
27.2245326,0.012817578393224994
27.2245698,0.010559243152513925
27.24661279,0.013015945677882048
27.24668598,0.014297703517204547
27.24672246,0.012802319371328297
27.24676967,0.010543984130617228
27.24856687,0.013061722743572137
27.24860454,0.014297703517204547
27.25768661,0.01283283741512169
27.25777459,0.010513466086823835
27.25783491,0.013031204699778745
27.26565099,0.014312962539101243
27.26567936,0.012787060349431601
27.27464294,0.010574502174410621
27.27470136,0.013000686655985352
27.27473712,0.01428244449530785
27.28872418,0.012848096437018387
27.28880382,0.010543984130617228
27.30298638,0.013061722743572137
27.30308604,0.01432822156099794
27.30314541,0.012787060349431601
27.31048536,0.010559243152513925
27.31956053,0.013015945677882048
27.3196106,0.01432822156099794
27.31964636,0.012787060349431601
27.31967878,0.010589761196307317
27.31971002,0.013015945677882048
27.33517599,0.01428244449530785
27.33527279,0.01283283741512169
27.3436389,0.010559243152513925
27.34377193,0.013015945677882048
27.34382892,0.014343480582894636
27.3576777,0.012787060349431601
27.35775733,0.010559243152513925
27.37096596,0.013015945677882048
27.37107944,0.014251926451514458
27.3711412,0.012787060349431601
27.37120223,0.010559243152513925
27.38060713,0.013061722743572137
27.38065529,0.014297703517204547
27.38877773,0.012848096437018387
27.38889027,0.010559243152513925
27.3889513,0.013076981765468834
27.40298414,0.014343480582894636
27.40308309,0.012787060349431601
27.40314221,0.010559243152513925
27.42553186,0.013061722743572137
27.4255743,0.014297703517204547
27.42560053,0.012787060349431601
27.42562604,0.010605020218204014
27.43591523,0.013076981765468834
27.43603134,0.014297703517204547
27.43609309,0.012771801327534905
27.4361465,0.010574502174410621
27.44662213,0.013031204699778745
27.44667506,0.014297703517204547
27.45980787,0.01283283741512169
27.45990825,0.010528725108720532
27.46000123,0.01309224078736553
27.46005559,0.01428244449530785
27.46010852,0.012741283283741512
27.48576975,0.010635538261997406
27.48586631,0.013046463721675441
27.4859271,0.014297703517204547
27.49052334,0.012756542305638208
27.49055433,0.010559243152513925
27.49800038,0.013076981765468834
27.49809742,0.014343480582894636
27.50366855,0.012771801327534905
27.50373387,0.010559243152513925
27.51156521,0.01309224078736553
27.51160598,0.014267185473411154
27.53872609,0.01271076523994812
27.53885555,0.01062027924010071
27.53895617,0.013031204699778745
27.53909039,0.014312962539101243
27.53916836,0.012741283283741512
27.56395984,0.010528725108720532
27.56407309,0.013061722743572137
27.56413198,0.014297703517204547
27.564188,0.012695506218051423
27.56424046,0.010574502174410621
27.5767014,0.013061722743572137
27.57681489,0.014312962539101243
27.57685924,0.012695506218051423
27.57688832,0.010543984130617228
27.58673692,0.01309224078736553
27.5868156,0.01428244449530785
27.59069085,0.012726024261844816
27.59078026,0.010574502174410621
27.59084034,0.013061722743572137
27.59980202,0.01432822156099794
27.59989834,0.012741283283741512
27.62470531,0.010574502174410621
27.62483263,0.013076981765468834
27.62489462,0.014343480582894636
27.62494946,0.012680247196154727
27.62500191,0.010574502174410621
27.6296804,0.013107499809262227
27.62976909,0.01428244449530785
27.62983179,0.012756542305638208
27.63600111,0.010528725108720532
27.64974427,0.013061722743572137
27.64983892,0.01432822156099794
27.64989758,0.01271076523994812
27.65697718,0.010543984130617228
27.65702033,0.013122758831158923
27.67962694,0.014312962539101243
27.67968941,0.012726024261844816
27.67972541,0.010559243152513925
27.67975736,0.013061722743572137
27.67978835,0.01432822156099794
27.69477844,0.01271076523994812
27.69487858,0.010513466086823835
27.69493794,0.01309224078736553
27.69499111,0.014312962539101243
27.69504261,0.012726024261844816
27.70106077,0.010589761196307317
27.7096715,0.013122758831158923
27.70974779,0.014312962539101243
27.72376633,0.012726024261844816
27.72392321,0.010650797283894103
27.72398376,0.01309224078736553
27.73665524,0.014297703517204547
27.73668528,0.01271076523994812
27.74570942,0.01062027924010071
27.74577475,0.013076981765468834
27.74581718,0.014297703517204547
27.75451636,0.012695506218051423
27.75455117,0.010574502174410621
27.76665258,0.013107499809262227
27.76674485,0.014358739604791332
27.76684046,0.01266498817425803
27.76912928,0.01062027924010071
27.78658342,0.013061722743572137
27.78664923,0.014312962539101243
27.79567242,0.012726024261844816
27.79582262,0.010574502174410621
27.79592919,0.01309224078736553
27.80478501,0.01432822156099794
27.80490661,0.01271076523994812
27.81055379,0.01062027924010071
27.81059909,0.013153276874952316
27.81063271,0.01432822156099794
27.82470369,0.012695506218051423
27.82478142,0.010635538261997406
27.82483983,0.013107499809262227
27.82953477,0.014312962539101243
27.8295629,0.012726024261844816
27.84363031,0.010574502174410621
27.85668111,0.013122758831158923
27.85676026,0.014312962539101243
27.86266255,0.012649729152361334
27.8627522,0.010589761196307317
27.86281228,0.013122758831158923
27.87109756,0.014297703517204547
27.87114429,0.012695506218051423
27.87560701,0.010635538261997406
27.87569404,0.013122758831158923
27.87573051,0.014297703517204547
27.8856895,0.01266498817425803
27.88576889,0.01062027924010071
27.89900422,0.01309224078736553
27.89910269,0.01432822156099794
27.8991611,0.01266498817425803
27.92154217,0.010574502174410621
27.92158008,0.01313801785305562
27.92160606,0.014312962539101243
27.93599367,0.01266498817425803
27.93609405,0.01062027924010071
27.93615294,0.013153276874952316
27.94953752,0.014358739604791332
27.94957542,0.012695506218051423
27.94960141,0.01062027924010071
27.94962645,0.013107499809262227
27.94965124,0.014343480582894636
27.95556927,0.012619211108567941
27.9556098,0.010589761196307317
27.96499991,0.013168535896849012
27.96509719,0.01432822156099794
27.96515822,0.012619211108567941
27.97851896,0.010650797283894103
27.99273825,0.013122758831158923
27.99281883,0.01432822156099794
28.00177836,0.012634470130464637
28.00190306,0.010574502174410621
28.00196385,0.013153276874952316
28.0076263,0.014343480582894636
28.00769734,0.012680247196154727
28.01353121,0.01062027924010071
28.01357532,0.013183794918745708
28.01360416,0.014343480582894636
28.01952195,0.012619211108567941
28.01956844,0.010681315327687495
28.02871609,0.013153276874952316
28.02880645,0.014343480582894636
28.02886581,0.012634470130464637
28.03456235,0.01062027924010071
28.05879974,0.013153276874952316
28.05889702,0.014343480582894636
28.05895638,0.012649729152361334
28.05901003,0.010589761196307317
28.05906296,0.01313801785305562
28.06581402,0.014343480582894636
28.06591058,0.012588693064774548
28.08073187,0.010635538261997406
28.08084249,0.013183794918745708
28.08090281,0.01432822156099794
28.0856986,0.012695506218051423
28.08577824,0.010666056305790799
28.09999228,0.01313801785305562
28.10009098,0.014343480582894636
28.1001482,0.012603952086671245
28.10861015,0.010650797283894103
28.12273574,0.01313801785305562
28.12281466,0.014343480582894636
28.13095999,0.012634470130464637
28.13105798,0.010696574349584192
28.13111925,0.01313801785305562
28.13117385,0.014358739604791332
28.13122749,0.01266498817425803
28.14665842,0.01062027924010071
28.14680386,0.013153276874952316
28.14686465,0.014404516670481423
28.15363717,0.012588693064774548
28.15371704,0.010635538261997406
28.17662978,0.01313801785305562
28.17672992,0.01432822156099794
28.17676544,0.012603952086671245
28.17679763,0.01062027924010071
28.17683077,0.01313801785305562
28.176862,0.014373998626688029
28.19068789,0.012619211108567941
28.19077802,0.010650797283894103
28.19084024,0.01313801785305562
28.20002556,0.014312962539101243
28.2001276,0.012634470130464637
28.21474957,0.010605020218204014
28.21481657,0.013214312962539101
28.21485138,0.014358739604791332
28.22070503,0.012588693064774548
28.22078466,0.010635538261997406
28.24456263,0.013199053940642405
28.24462581,0.014343480582894636
28.24465537,0.012634470130464637
28.24468327,0.010666056305790799
28.26786351,0.013199053940642405
28.26795983,0.014358739604791332
28.26802158,0.012619211108567941
28.26810169,0.010635538261997406
28.26815701,0.013183794918745708
28.28050351,0.01432822156099794
28.28053308,0.012573434042877852
28.28567147,0.010650797283894103
28.28575253,0.013168535896849012
28.28581238,0.01432822156099794
28.29665208,0.012603952086671245
28.29668212,0.010681315327687495
28.3041842,0.013183794918745708
28.30428195,0.014343480582894636
28.30434179,0.012573434042877852
28.31648922,0.010666056305790799
28.31653476,0.013199053940642405
28.31656027,0.014373998626688029
28.33076859,0.012573434042877852
28.33086801,0.010711833371480888
28.3309257,0.013199053940642405
28.33097911,0.014358739604791332
28.33103156,0.012634470130464637
28.34068441,0.010635538261997406
28.34075999,0.013183794918745708
28.34079504,0.01432822156099794
28.35554981,0.012558175020981156
28.35557818,0.010666056305790799
28.37864661,0.013214312962539101
28.37871814,0.014373998626688029
28.37875319,0.01254291599908446
28.37878609,0.010696574349584192
28.38571858,0.013183794918745708
28.38579798,0.01432822156099794
28.3936379,0.01254291599908446
28.3937273,0.010681315327687495
28.39378786,0.013183794918745708
28.40300298,0.014373998626688029
28.40310049,0.012527656977187763
28.41063356,0.010650797283894103
28.41071367,0.013244831006332494
28.41075253,0.01432822156099794
28.42049193,0.012573434042877852
28.4205389,0.010635538261997406
28.44359779,0.013214312962539101
28.44367194,0.014373998626688029
28.44371414,0.012603952086671245
28.44747257,0.010666056305790799
28.45256996,0.013214312962539101
28.45261884,0.014358739604791332
28.45865226,0.012527656977187763
28.4587419,0.010574502174410621
28.45880222,0.01326009002822919
28.46784782,0.01432822156099794
28.46794605,0.012573434042877852
28.48069143,0.010650797283894103
28.48080111,0.013183794918745708
28.48086095,0.014343480582894636
28.48766255,0.01249713893339437
28.4877429,0.010666056305790799
28.4878037,0.013244831006332494
28.51047993,0.014358739604791332
28.51053429,0.01254291599908446
28.51056004,0.010635538261997406
28.5125668,0.013229571984435798
28.51261473,0.014373998626688029
28.52573919,0.012512397955291066
28.5258379,0.010742351415274281
28.52589893,0.013199053940642405
28.53296185,0.014358739604791332
28.53305888,0.012573434042877852
28.54578137,0.010681315327687495
28.54592133,0.013229571984435798
28.54598689,0.014343480582894636
28.56072474,0.012527656977187763
28.56080365,0.010650797283894103
28.57375121,0.013199053940642405
28.57386637,0.014358739604791332
28.57392645,0.01249713893339437
28.57398081,0.010681315327687495
28.58767486,0.013229571984435798
28.58774137,0.01432822156099794
28.58777714,0.012527656977187763
28.58780932,0.010666056305790799
28.58784151,0.013183794918745708
28.60299945,0.014373998626688029
28.60309601,0.012512397955291066
28.60899591,0.010696574349584192
28.6090951,0.013183794918745708
28.60915589,0.014358739604791332
28.63265014,0.012527656977187763
28.63267779,0.010650797283894103
28.63270283,0.013214312962539101
28.63272834,0.014343480582894636
28.63275361,0.012573434042877852
28.63277841,0.010711833371480888
28.64760423,0.013244831006332494
28.64766836,0.014404516670481423
28.65559149,0.012512397955291066
28.65568161,0.010589761196307317
28.65574217,0.01326009002822919
28.66482997,0.014358739604791332
28.6649251,0.012512397955291066
28.68969679,0.010666056305790799
28.68980932,0.01326009002822919
28.68987036,0.014358739604791332
28.7037797,0.012481879911497674
28.7038753,0.010681315327687495
28.70393467,0.013229571984435798
28.70399141,0.014343480582894636
28.70404458,0.01254291599908446
28.71548295,0.010696574349584192
28.72870231,0.013275349050125887
28.72878122,0.014358739604791332
28.72884011,0.012512397955291066
28.72889352,0.010742351415274281
28.72894478,0.013229571984435798
28.74284959,0.014373998626688029
28.74294639,0.01249713893339437
28.76571584,0.01078812848096437
28.76582813,0.01326009002822919
28.76588726,0.01441977569237812
28.76866436,0.01254291599908446
28.76874352,0.010711833371480888
28.7761445,0.013275349050125887
28.77625751,0.014343480582894636
28.77631831,0.012451361867704281
28.77637386,0.010772869459067674
28.78464794,0.013229571984435798
28.78470993,0.014373998626688029
28.78476238,0.01249713893339437
28.78479505,0.010742351415274281
28.78482699,0.013244831006332494
28.80068827,0.014358739604791332
28.80076981,0.012436102845807583
28.81979465,0.010742351415274281
28.81989002,0.013229571984435798
28.8199482,0.014373998626688029
28.8200016,0.012451361867704281
28.82005525,0.010757610437170977
28.84376454,0.01326009002822919
28.84387851,0.014358739604791332
28.84393954,0.01249713893339437
28.84401965,0.010681315327687495
28.84560323,0.013244831006332494
28.84564114,0.01441977569237812
28.85451746,0.01249713893339437
28.85456061,0.010711833371480888
28.85459018,0.013244831006332494
28.86871147,0.014389257648584725
28.86879134,0.012451361867704281
28.88274121,0.010711833371480888
28.88283324,0.013275349050125887
28.88286948,0.014358739604791332
28.89668345,0.012466620889600977
28.89679241,0.010711833371480888
28.89685249,0.013244831006332494
28.89690542,0.014373998626688029
28.89695668,0.012451361867704281
28.89868999,0.010696574349584192
28.91276145,0.013336385137712672
28.9128561,0.014373998626688029
28.92670774,0.012481879911497674
28.92678833,0.010757610437170977
28.92684579,0.013244831006332494
28.94002247,0.014404516670481423
28.94011927,0.012451361867704281
28.94020295,0.010742351415274281
28.94850707,0.01326009002822919
28.94854641,0.014389257648584725
28.95364594,0.012466620889600977
28.95372701,0.010711833371480888
28.96767735,0.013336385137712672
28.96776581,0.014404516670481423
28.96782613,0.012466620889600977
28.96788096,0.010681315327687495
28.98260212,0.013275349050125887
28.98266792,0.014404516670481423
28.99565887,0.012481879911497674
28.99574828,0.010757610437170977
28.99580884,0.01326009002822919
29.01001525,0.014404516670481423
29.01011252,0.012436102845807583
29.018641,0.010711833371480888
29.01871371,0.01330586709391928
29.01875091,0.014435034714274816
29.01878333,0.012451361867704281
29.01881742,0.01078812848096437
29.03569889,0.01326009002822919
29.03578877,0.014373998626688029
29.03584838,0.012466620889600977
29.03953004,0.010711833371480888
29.06175017,0.01330586709391928
29.06187344,0.014358739604791332
29.06195092,0.012466620889600977
29.06200671,0.010772869459067674
29.06205916,0.01330586709391928
29.06357765,0.01441977569237812
29.06361771,0.012451361867704281
29.07796645,0.010757610437170977
29.07808065,0.01326009002822919
29.07814074,0.014373998626688029
29.09057927,0.012451361867704281
29.09061885,0.010742351415274281
29.09064698,0.013321126115815976
29.09764695,0.014373998626688029
29.09767509,0.012436102845807583
29.11186957,0.010757610437170977
29.1246779,0.013275349050125887
29.12475705,0.014389257648584725
29.12481546,0.012466620889600977
29.12486839,0.010803387502861066
29.12492204,0.013336385137712672
29.14364243,0.014389257648584725
29.14367056,0.012451361867704281
29.14369607,0.010772869459067674
29.1437211,0.01330586709391928
29.14374614,0.014435034714274816
29.15451097,0.01240558480201419
29.15453792,0.01078812848096437
29.16872931,0.013321126115815976
29.16882825,0.01441977569237812
29.16888809,0.012436102845807583
29.17765808,0.010833905546654459
29.19074392,0.013336385137712672
29.19083786,0.014389257648584725
29.19366193,0.012451361867704281
29.19372654,0.010803387502861066
29.19375491,0.013321126115815976
29.20104694,0.014450293736171512
29.20114422,0.01240558480201419
29.21010494,0.010742351415274281
29.21021867,0.013351644159609368
29.21027756,0.014373998626688029
29.22751236,0.01240558480201419
29.22755527,0.010833905546654459
29.23797798,0.013321126115815976
29.23809314,0.01441977569237812
29.23815322,0.012420843823910887
29.23820734,0.010772869459067674
29.2506752,0.013336385137712672
29.25076771,0.01441977569237812
29.25354838,0.012390325780117494
29.25360227,0.010772869459067674
29.25363803,0.013336385137712672
29.26652145,0.01441977569237812
29.26655293,0.01240558480201419
29.27573037,0.01078812848096437
29.27581263,0.013336385137712672
29.27587008,0.014435034714274816
29.29877543,0.012466620889600977
29.29886866,0.01078812848096437
29.2989285,0.013366903181506065
29.29898262,0.014404516670481423
29.29903483,0.012451361867704281
29.29908681,0.010681315327687495
29.31467843,0.013366903181506065
29.31475067,0.01441977569237812
29.32371998,0.012359807736324101
29.32381725,0.010818646524757763
29.323879,0.013366903181506065
29.33153081,0.014404516670481423
29.33157086,0.012390325780117494
29.35460186,0.010803387502861066
29.35466647,0.013321126115815976
29.35469627,0.01441977569237812
29.35472274,0.012390325780117494
29.35474896,0.010711833371480888
29.36986852,0.013321126115815976
29.36996818,0.014465552758068208
29.37002921,0.012420843823910887
29.37364006,0.010864423590447852
29.37981915,0.013397421225299458
29.37991405,0.01441977569237812
29.38856173,0.01240558480201419
29.38861012,0.010772869459067674
29.38864517,0.013321126115815976
29.40564156,0.014465552758068208
29.4056716,0.012390325780117494
29.42674494,0.010818646524757763
29.42684245,0.013351644159609368
29.42690063,0.014404516670481423
29.43965125,0.012390325780117494
29.43967962,0.010772869459067674
29.43970466,0.013321126115815976
29.43972945,0.014435034714274816
29.43975496,0.012390325780117494
29.44950032,0.010818646524757763
29.4587338,0.013321126115815976
29.45881224,0.01441977569237812
29.45887065,0.012436102845807583
29.45892334,0.010803387502861066
29.45897508,0.013351644159609368
29.47195768,0.01441977569237812
29.47207975,0.012359807736324101
29.49478054,0.010849164568551155
29.49487782,0.013382162203402761
29.49493599,0.014435034714274816
29.4949894,0.012390325780117494
29.49504161,0.010910200656137941
29.49793625,0.013366903181506065
29.49804926,0.014404516670481423
29.49811196,0.012390325780117494
29.49816608,0.010772869459067674
29.51195598,0.013366903181506065
29.51209879,0.014404516670481423
29.52469444,0.012344548714427405
29.52477717,0.010833905546654459
29.52483559,0.013351644159609368
29.53864741,0.014404516670481423
29.53867555,0.012359807736324101
29.55260873,0.010818646524757763
29.55267048,0.013366903181506065
29.55270529,0.014404516670481423
29.55273771,0.01240558480201419
29.55276918,0.010757610437170977
29.56781745,0.013336385137712672
29.56791735,0.014450293736171512
29.56797647,0.012344548714427405
29.56803012,0.010879682612344548
29.58361602,0.013397421225299458
29.58368969,0.014450293736171512
29.5896771,0.012359807736324101
29.58976746,0.010849164568551155
29.58982754,0.013397421225299458
29.6026628,0.014465552758068208
29.60272551,0.012375066758220797
29.61659861,0.010879682612344548
29.61668611,0.013382162203402761
29.61672664,0.014465552758068208
29.62474251,0.012329289692530708
29.62482214,0.010833905546654459
29.62997031,0.013382162203402761
29.63008571,0.014373998626688029
29.63014555,0.012344548714427405
29.6370244,0.010864423590447852
29.64480019,0.013351644159609368
29.64489555,0.014465552758068208
29.64495468,0.012329289692530708
29.66854334,0.010864423590447852
29.66857171,0.013397421225299458
29.68259144,0.014435034714274816
29.68265605,0.01228351262684062
29.68269205,0.010864423590447852
29.68272424,0.013382162203402761
29.68275547,0.014435034714274816
29.70601416,0.012329289692530708
29.70611286,0.010879682612344548
29.70617414,0.013382162203402761
29.71250153,0.014450293736171512
29.71254587,0.012329289692530708
29.7125721,0.010803387502861066
29.72070718,0.013427939269092852
29.72076106,0.014450293736171512
29.72569919,0.012344548714427405
29.72579098,0.010818646524757763
29.72587061,0.013382162203402761
29.74000645,0.014435034714274816
29.74012923,0.012298771648737316
29.75364614,0.010833905546654459
29.75377035,0.013397421225299458
29.75380802,0.014435034714274816
29.75868034,0.012359807736324101
29.75875974,0.010818646524757763
29.76771069,0.013382162203402761
29.76779103,0.014465552758068208
29.76784945,0.012268253604943923
29.76790309,0.010864423590447852
29.78261948,0.013397421225299458
29.782686,0.014450293736171512
29.78857827,0.012344548714427405
29.7886343,0.010910200656137941
29.78869081,0.013443198290989548
29.81282759,0.014465552758068208
29.81294394,0.012344548714427405
29.81300855,0.010818646524757763
29.81306505,0.013382162203402761
29.8131175,0.014465552758068208
29.8225894,0.01228351262684062
29.82262826,0.010879682612344548
29.83178425,0.013382162203402761
29.83189607,0.014373998626688029
29.83195686,0.01228351262684062
29.83581161,0.010879682612344548
29.84515667,0.013382162203402761
29.84527874,0.014465552758068208
29.84533978,0.012329289692530708
29.86869693,0.010879682612344548
29.8687253,0.013382162203402761
29.86875129,0.014450293736171512
29.86877656,0.012298771648737316
29.8789525,0.010864423590447852
29.87906528,0.013488975356679637
29.87912536,0.014450293736171512
29.8876102,0.012314030670634012
29.88765788,0.010925459678034637
29.90196323,0.013427939269092852
29.90207696,0.014465552758068208
29.90213704,0.012329289692530708
29.90221143,0.010864423590447852
29.92587018,0.013397421225299458
29.92597461,0.014450293736171512
29.9260335,0.012298771648737316
29.92953825,0.010864423590447852
29.92957377,0.013443198290989548
29.93600321,0.014389257648584725
29.93609953,0.012268253604943923
29.94280457,0.010910200656137941
29.94291949,0.013397421225299458
29.94300294,0.014450293736171512
29.95464206,0.012344548714427405
29.95470357,0.010818646524757763
29.96876884,0.013427939269092852
29.96888256,0.014450293736171512
29.96894431,0.012268253604943923
29.97801757,0.010910200656137941
29.99178767,0.013427939269092852
29.99188185,0.01441977569237812
29.99873662,0.012268253604943923
29.99882698,0.010910200656137941
29.99888659,0.013443198290989548
30.00682139,0.014465552758068208
30.00693846,0.012298771648737316
30.01197624,0.010879682612344548
30.01208901,0.013458457312886245
30.0121479,0.014496070801861601
30.01950383,0.012252994583047227
30.01955032,0.010864423590447852
30.04381537,0.013443198290989548
30.04391408,0.014450293736171512
30.04397225,0.01223773556115053
30.0440259,0.010910200656137941
30.04407835,0.013427939269092852
30.04412961,0.014450293736171512
30.05373025,0.012329289692530708
30.05387235,0.010910200656137941
30.05393171,0.013427939269092852
30.06773019,0.014480811779964905
30.0678153,0.01223773556115053
30.07672095,0.010879682612344548
30.07680345,0.013473716334782941
30.07686186,0.01441977569237812
30.09853387,0.012268253604943923
30.09856486,0.010925459678034637
30.1129775,0.013458457312886245
30.11308718,0.014465552758068208
30.11314511,0.012298771648737316
30.11319876,0.010910200656137941
30.12563729,0.013427939269092852
30.12574768,0.014480811779964905
30.14073443,0.01223773556115053
30.1408484,0.010879682612344548
30.14090896,0.013488975356679637
30.1409626,0.014435034714274816
30.14101553,0.012268253604943923
30.14889216,0.010894941634241245
30.14900517,0.013412680247196154
30.14906478,0.014465552758068208
30.15468311,0.01223773556115053
30.15476322,0.010879682612344548
30.16869164,0.013473716334782941
30.16877341,0.014450293736171512
30.16883111,0.012268253604943923
30.18252182,0.010910200656137941
30.19061279,0.013443198290989548
30.19068408,0.014465552758068208
30.19251323,0.012222476539253834
30.19258046,0.010925459678034637
30.19261622,0.013473716334782941
30.20171642,0.014480811779964905
30.20179486,0.012268253604943923
30.20967388,0.010925459678034637
30.20976448,0.013427939269092852
30.2098248,0.014480811779964905
30.22350669,0.012268253604943923
30.22353649,0.010925459678034637
30.23762536,0.013458457312886245
30.2377553,0.014480811779964905
30.2378161,0.012222476539253834
30.23787189,0.01095597772182803
30.25274491,0.013427939269092852
30.25284076,0.014435034714274816
30.25289917,0.012268253604943923
30.25295377,0.010879682612344548
30.25300741,0.013443198290989548
30.26968336,0.014480811779964905
30.26978016,0.012222476539253834
30.26983881,0.010940718699931334
30.26989198,0.013427939269092852
30.26994371,0.014435034714274816
30.29474211,0.01223773556115053
30.29486537,0.010940718699931334
30.3037436,0.013412680247196154
30.30382466,0.014465552758068208
30.30388474,0.012252994583047227
30.30393815,0.010986495765621425
30.31301808,0.013473716334782941
30.31311536,0.014496070801861601
30.32562375,0.012222476539253834
30.32571173,0.010925459678034637
30.32575727,0.013488975356679637
30.33272362,0.014435034714274816
30.33280325,0.012252994583047227
30.35563421,0.010940718699931334
30.35570884,0.013458457312886245
30.3557508,0.014435034714274816
30.35757327,0.012222476539253834
30.35762691,0.010894941634241245
30.37076664,0.013443198290989548
30.37084079,0.014465552758068208
30.37088609,0.01223773556115053
30.37094021,0.010925459678034637
30.37812781,0.013504234378576334
30.37824655,0.014435034714274816
30.39060616,0.012207217517357137
30.39067936,0.010986495765621425
30.39071465,0.013427939269092852
30.40454745,0.014465552758068208
30.40458465,0.01223773556115053
30.41892958,0.010940718699931334
30.41902995,0.013488975356679637
30.41908765,0.014511329823758298
30.4235096,0.012207217517357137
30.42353678,0.01095597772182803
30.43269515,0.013458457312886245
30.43277597,0.014435034714274816
30.43283582,0.012191958495460441
30.43288898,0.010986495765621425
30.44870782,0.013443198290989548
30.44878578,0.014465552758068208
30.45562124,0.012222476539253834
30.45573902,0.010910200656137941
30.45577598,0.013458457312886245
30.47978377,0.014480811779964905
30.47988009,0.012161440451667048
30.47993898,0.01095597772182803
30.47999167,0.013443198290989548
30.48004293,0.014465552758068208
30.48717713,0.012146181429770352
30.48727798,0.010940718699931334
30.49965429,0.013473716334782941
30.49974608,0.014465552758068208
30.49980617,0.012252994583047227
30.49985981,0.010910200656137941
30.51009488,0.013473716334782941
30.51019192,0.014496070801861601
30.53373742,0.012207217517357137
30.53384781,0.010940718699931334
30.53390837,0.013504234378576334
30.54253745,0.014450293736171512
30.5425663,0.012146181429770352
30.54870367,0.010910200656137941
30.54878545,0.013488975356679637
30.54884624,0.014450293736171512
30.55451941,0.01223773556115053
30.55455542,0.010910200656137941
30.56258726,0.013458457312886245
30.56263638,0.014496070801861601
30.5626719,0.012161440451667048
30.57553005,0.010940718699931334
30.59975052,0.01351949340047303
30.59984422,0.014450293736171512
30.59990311,0.012207217517357137
30.59995794,0.01095597772182803
30.60001016,0.013458457312886245
30.61452055,0.014465552758068208
30.61454749,0.012130922407873656
30.614573,0.010940718699931334
30.61459804,0.013458457312886245
30.61462283,0.014465552758068208
30.63878131,0.012207217517357137
30.63887668,0.010986495765621425
30.63893414,0.013473716334782941
30.63898754,0.014465552758068208
30.63903975,0.012191958495460441
30.63909125,0.01095597772182803
30.6457088,0.013488975356679637
30.64580369,0.014496070801861601
30.66959858,0.012161440451667048
30.66966105,0.01095597772182803
30.66968989,0.013458457312886245
30.66971636,0.014450293736171512
30.66974139,0.012161440451667048
30.6789484,0.010940718699931334
30.67906046,0.013504234378576334
30.67912054,0.014480811779964905
30.68769646,0.012161440451667048
30.6877985,0.011017013809414817
30.7006464,0.013473716334782941
30.70076132,0.014435034714274816
30.70082116,0.012222476539253834
30.70265055,0.010925459678034637
30.72658825,0.013488975356679637
30.72666621,0.014480811779964905
30.72669411,0.012161440451667048
30.72672009,0.010971236743724726
30.72674513,0.013550011444266423
30.73658848,0.014480811779964905
30.73666596,0.012161440451667048
30.74466491,0.010986495765621425
30.74477959,0.013473716334782941
30.74484205,0.014450293736171512
30.75400424,0.012222476539253834
30.75412798,0.010833905546654459
30.75418973,0.013504234378576334
30.7695303,0.014465552758068208
30.7695601,0.012146181429770352
30.7695868,0.010986495765621425
30.79657793,0.013504234378576334
30.79663968,0.014496070801861601
30.79667473,0.012176699473563745
30.79670668,0.010910200656137941
30.79673862,0.013488975356679637
30.79950809,0.014450293736171512
30.79953504,0.012161440451667048
30.80762815,0.010986495765621425
30.80770946,0.013458457312886245
30.80776739,0.014496070801861601
30.82048821,0.012146181429770352
30.82053328,0.01095597772182803
30.83464718,0.01356527046616312
30.83472753,0.014435034714274816
30.84700322,0.012207217517357137
30.84711647,0.011001754787518121
30.85481811,0.013504234378576334
30.8549366,0.014496070801861601
30.86762118,0.012100404364080263
30.86774802,0.011001754787518121
30.86781979,0.013473716334782941
30.86787534,0.014526588845654994
30.86793137,0.01211566338597696
30.87690401,0.010986495765621425
30.8770175,0.013534752422369727
30.87707782,0.014450293736171512
30.88965893,0.012130922407873656
30.8897388,0.011017013809414817
30.88977528,0.013473716334782941
30.91355848,0.014480811779964905
30.91359496,0.012146181429770352
30.91362143,0.01095597772182803
30.9136548,0.013504234378576334
30.91368032,0.014465552758068208
30.92172432,0.012146181429770352
30.92184353,0.010971236743724726
30.92189527,0.013443198290989548
30.93552423,0.014480811779964905
30.9355545,0.012161440451667048
30.94262671,0.011032272831311514
30.94270754,0.013550011444266423
30.94276547,0.014465552758068208
30.96550345,0.012161440451667048
30.96553302,0.01095597772182803
30.98075962,0.013550011444266423
30.98085713,0.014480811779964905
30.98091674,0.012252994583047227
30.98099089,0.01095597772182803
30.99363518,0.013504234378576334
30.99370432,0.014465552758068208
31.0025332,0.012146181429770352
31.00258255,0.011017013809414817
31.00261855,0.01351949340047303
31.01051497,0.014465552758068208
31.01055002,0.012191958495460441
31.01057577,0.01095597772182803
31.01060104,0.013473716334782941
31.01062584,0.014465552758068208
31.02450466,0.012130922407873656
31.02453661,0.011001754787518121
31.03864646,0.013504234378576334
31.03873014,0.014496070801861601
31.03880715,0.012146181429770352
31.03886032,0.011062790875104906
31.05260754,0.01351949340047303
31.05266929,0.014465552758068208
31.05270433,0.012176699473563745
31.05273652,0.011001754787518121
31.05276847,0.013473716334782941
31.06776237,0.014435034714274816
31.06785297,0.01211566338597696
31.07570744,0.011017013809414817
31.07578993,0.013473716334782941
31.07585025,0.014450293736171512
31.09032393,0.012130922407873656
31.09037066,0.011001754787518121
31.10462761,0.013488975356679637
31.10470819,0.014496070801861601
31.10476732,0.012146181429770352
31.10949016,0.011032272831311514
31.11891603,0.013488975356679637
31.11901212,0.014480811779964905
31.12753558,0.012176699473563745
31.1276052,0.010971236743724726
31.12765455,0.01356527046616312
31.12769341,0.014450293736171512
31.12773037,0.012146181429770352
31.14270926,0.01104753185320821
31.14279127,0.01356527046616312
31.14284992,0.014480811779964905
31.1655221,0.012176699473563745
31.16557145,0.011001754787518121
31.16773415,0.013488975356679637
31.16782117,0.014480811779964905
31.16787863,0.012146181429770352
31.16793156,0.010986495765621425
31.18074107,0.013550011444266423
31.18083882,0.014465552758068208
31.18784833,0.012130922407873656
31.18799639,0.01104753185320821
31.18811464,0.013504234378576334
31.20052385,0.014450293736171512
31.20055842,0.012176699473563745
31.2126286,0.010986495765621425
31.21271777,0.013550011444266423
31.21277881,0.014465552758068208
31.23051,0.012130922407873656
31.23054147,0.011032272831311514
31.23264003,0.013550011444266423
31.23272014,0.014496070801861601
31.23278022,0.01211566338597696
31.23852873,0.011078049897001603
31.25275278,0.01356527046616312
31.25284886,0.014496070801861601
31.25290585,0.012176699473563745
31.25295949,0.011032272831311514
31.25301266,0.01351949340047303
31.27773833,0.014465552758068208
31.27783632,0.01211566338597696
31.27789426,0.011032272831311514
31.27794862,0.01351949340047303
31.27800059,0.014511329823758298
31.28802919,0.01211566338597696
31.28805685,0.01104753185320821
31.29865098,0.013550011444266423
31.29873133,0.014465552758068208
31.29878974,0.012161440451667048
31.29884267,0.011017013809414817
31.31166601,0.013504234378576334
31.31174421,0.014496070801861601
31.33565354,0.01211566338597696
31.33574557,0.011001754787518121
31.33577514,0.01356527046616312
31.33581161,0.01458762493324178
31.33583784,0.01211566338597696
31.34266305,0.011017013809414817
31.34274578,0.013550011444266423
31.34280467,0.014496070801861601
31.35482621,0.011917296101319905
31.3548584,0.011062790875104906
31.36465979,0.01351949340047303
31.36474013,0.01441977569237812
31.36479998,0.012130922407873656
31.36485338,0.011017013809414817
31.38413429,0.013580529488059816
31.38422894,0.014480811779964905
31.40889788,0.012130922407873656
31.40899706,0.010864423590447852
31.40905762,0.01351949340047303
31.41753244,0.014496070801861601
31.41755986,0.01211566338597696
31.42359972,0.011032272831311514
31.42371845,0.01356527046616312
31.42376328,0.014496070801861601
31.4238112,0.012085145342183566
31.42383718,0.011001754787518121
31.43369174,0.013488975356679637
31.43377352,0.014480811779964905
31.43383217,0.012085145342183566
31.44552803,0.011078049897001603
31.46069098,0.013534752422369727
31.46077728,0.014480811779964905
31.46081448,0.01211566338597696
31.46084762,0.01104753185320821
31.46088123,0.01351949340047303
31.47396207,0.01454184786755169
31.47406197,0.012130922407873656
31.47775149,0.011017013809414817
31.47786522,0.013427939269092852
31.47792554,0.014526588845654994
31.48697162,0.012130922407873656
31.4870677,0.011108567940794995
31.48712921,0.01351949340047303
31.49952769,0.014450293736171512
31.4995749,0.012161440451667048
31.49960065,0.011032272831311514
31.51838636,0.01351949340047303
31.51850677,0.014496070801861601
31.53056812,0.012130922407873656
31.53063035,0.01104753185320821
31.53065896,0.013366903181506065
31.5325346,0.014465552758068208
31.53256178,0.012146181429770352
31.54692698,0.010879682612344548
31.54703903,0.013580529488059816
31.54712343,0.014496070801861601
31.55078506,0.012161440451667048
31.55088139,0.01104753185320821
31.57472491,0.013550011444266423
31.57484174,0.014526588845654994
31.57490158,0.012130922407873656
31.57496142,0.011078049897001603
31.58466887,0.01356527046616312
31.58474922,0.014465552758068208
31.59193301,0.012146181429770352
31.59203362,0.011062790875104906
31.59212756,0.013550011444266423
31.59762836,0.014496070801861601
31.59767079,0.012100404364080263
31.61056495,0.01104753185320821
31.6106267,0.01351949340047303
31.61065674,0.014480811779964905
31.62051678,0.012146181429770352
31.62056231,0.011032272831311514
31.63396668,0.01356527046616312
31.63406587,0.014465552758068208
31.6341238,0.012100404364080263
31.64552283,0.01104753185320821
31.64870214,0.013550011444266423
31.64882541,0.014496070801861601
31.65567756,0.012085145342183566
31.65576577,0.01104753185320821
31.65582585,0.01356527046616312
31.67182994,0.014404516670481423
31.67192602,0.012130922407873656
31.67198491,0.011062790875104906
31.67203832,0.013580529488059816
31.67209125,0.014465552758068208
31.69576645,0.012085145342183566
31.69586039,0.011108567940794995
31.7028811,0.01351949340047303
31.70299435,0.014496070801861601
31.70305395,0.012054627298390174
31.70310736,0.011017013809414817
31.71675968,0.01356527046616312
31.71685338,0.014496070801861601
31.72161937,0.01211566338597696
31.72166991,0.01104753185320821
31.72170472,0.013504234378576334
31.73480415,0.014480811779964905
31.73491812,0.012085145342183566
31.75469184,0.011062790875104906
31.75476384,0.013550011444266423
31.75480247,0.014465552758068208
31.75978041,0.012146181429770352
31.75989842,0.01095597772182803
31.76995516,0.013580529488059816
31.77005267,0.014526588845654994
31.77011251,0.012100404364080263
31.77016687,0.011062790875104906
31.77859998,0.013580529488059816
31.77867723,0.014496070801861601
31.79465103,0.012085145342183566
31.794734,0.011001754787518121
31.79479432,0.01356527046616312
31.80875254,0.014465552758068208
31.80884266,0.012130922407873656
31.82351875,0.011001754787518121
31.82362294,0.013550011444266423
31.82368422,0.014480811779964905
31.82373762,0.012085145342183566
31.82379031,0.011032272831311514
31.83257461,0.013595788509956512
31.83267689,0.014480811779964905
31.83273911,0.012146181429770352
31.83863354,0.011017013809414817
31.84553313,0.01351949340047303
31.84559464,0.014526588845654994
31.85959911,0.012146181429770352
31.85968947,0.011032272831311514
31.85976624,0.013534752422369727
31.87378669,0.01454184786755169
31.87391949,0.012146181429770352
31.89874268,0.011062790875104906
31.89885497,0.013443198290989548
31.89891505,0.014496070801861601
31.89896894,0.012130922407873656
31.89902115,0.011062790875104906
31.89907265,0.01351949340047303
31.89912367,0.014496070801861601
31.89917445,0.012130922407873656
31.90077662,0.01104753185320821
31.91462612,0.01351949340047303
31.9146874,0.014450293736171512
31.92866492,0.01211566338597696
31.92875338,0.011032272831311514
31.92881322,0.013366903181506065
31.94251513,0.014526588845654994
31.94254589,0.012146181429770352
31.94257164,0.011062790875104906
31.94259739,0.01351949340047303
31.9426229,0.014480811779964905
31.95252013,0.011993591210803388
31.95254898,0.011032272831311514
31.9667244,0.013580529488059816
31.96683812,0.014496070801861601
31.96689701,0.012100404364080263
31.96697879,0.011108567940794995
31.98058534,0.013611047531853208
31.98067141,0.014511329823758298
31.9956584,0.012161440451667048
31.99573874,0.01104753185320821
31.99579763,0.01351949340047303
32.00049114,0.014480811779964905
32.0005374,0.012176699473563745
32.00863457,0.01095597772182803
32.00870848,0.01356527046616312
32.00874805,0.014511329823758298
32.01852036,0.012100404364080263
32.01855135,0.011062790875104906
32.03064251,0.01356527046616312
32.03072309,0.014480811779964905
32.04553366,0.012161440451667048
32.0456636,0.01104753185320821
32.06873703,0.01356527046616312
32.06883526,0.014480811779964905
32.06889439,0.012130922407873656
32.06894779,0.01104753185320821
32.06900048,0.01351949340047303
32.09469509,0.014526588845654994
32.09478855,0.012085145342183566
32.09484649,0.011108567940794995
32.09490037,0.013611047531853208
32.09495211,0.014526588845654994
32.10074711,0.012176699473563745
32.10084486,0.011108567940794995
32.10856247,0.013534752422369727
32.1086669,0.014496070801861601
32.10871291,0.012130922407873656
32.10874629,0.01104753185320821
32.12362671,0.013473716334782941
32.12370563,0.014465552758068208
32.13186407,0.012100404364080263
32.13197994,0.011062790875104906
32.13206148,0.01356527046616312
32.13884258,0.014465552758068208
32.13888359,0.012039368276493477
32.14752197,0.011017013809414817
32.14758873,0.013550011444266423
32.14762473,0.014526588845654994
32.15466762,0.012130922407873656
32.15474725,0.011032272831311514
32.16770959,0.01356527046616312
32.16779089,0.014526588845654994
32.16785002,0.01211566338597696
32.17560554,0.01104753185320821
32.1897049,0.013550011444266423
32.18978477,0.014526588845654994
32.19468665,0.012191958495460441
32.19476771,0.010894941634241245
32.19482517,0.01356527046616312
32.20050669,0.01454184786755169
32.20053625,0.012054627298390174
32.2110703,0.011017013809414817
32.21114397,0.013611047531853208
32.21119642,0.014480811779964905
32.22354412,0.012146181429770352
32.22357941,0.011078049897001603
32.23792672,0.01356527046616312
32.23806238,0.014480811779964905
32.23812413,0.012161440451667048
32.23819828,0.011032272831311514
32.2516799,0.01373311970702678
32.25174069,0.014496070801861601
32.25177717,0.012161440451667048
32.25180912,0.011001754787518121
32.25184035,0.01356527046616312
32.2669642,0.014496070801861601
32.26706171,0.012100404364080263
32.28060269,0.01104753185320821
32.28066683,0.013443198290989548
32.28069496,0.014526588845654994
32.30378604,0.012207217517357137
32.30388689,0.011062790875104906
32.3039465,0.01356527046616312
32.3039999,0.014526588845654994
32.30405188,0.012130922407873656
32.30410337,0.01095597772182803
32.31161857,0.013595788509956512
32.31175399,0.01454184786755169
32.32575226,0.012130922407873656
32.32586527,0.011108567940794995
32.32592487,0.013550011444266423
32.33051682,0.014480811779964905
32.33055496,0.012191958495460441
32.3555553,0.01104753185320821
32.35560751,0.01351949340047303
32.35563612,0.01454184786755169
32.35566306,0.012130922407873656
32.35568857,0.011062790875104906
32.36503792,0.01356527046616312
32.36513686,0.014404516670481423
32.36519575,0.012146181429770352
32.3667562,0.01104753185320821
32.37963367,0.013550011444266423
32.3797574,0.014480811779964905
32.38954973,0.012207217517357137
32.38959908,0.011108567940794995
32.3896513,0.01356527046616312
32.41253424,0.01454184786755169
32.41256475,0.012146181429770352
32.41761112,0.01104753185320821
32.41772556,0.01356527046616312
32.4177866,0.014480811779964905
32.42650986,0.012085145342183566
32.42654014,0.011078049897001603
32.43064308,0.01356527046616312
32.4307282,0.014480811779964905
32.43080592,0.012161440451667048
32.43748689,0.011062790875104906
32.44561291,0.013504234378576334
32.44572759,0.014496070801861601
32.46988606,0.012161440451667048
32.46999931,0.011001754787518121
32.4700582,0.013580529488059816
32.4836669,0.014480811779964905
32.48376513,0.012130922407873656
32.48382878,0.011108567940794995
32.48388624,0.013550011444266423
32.48394036,0.014496070801861601
32.50784755,0.012176699473563745
32.50798273,0.01104753185320821
32.51558781,0.013550011444266423
32.51567793,0.01454184786755169
32.51573825,0.012191958495460441
32.51580834,0.011032272831311514
32.52253938,0.013504234378576334
32.52258682,0.014450293736171512
32.52855539,0.012130922407873656
32.52867079,0.011123826962691692
32.52873111,0.013550011444266423
32.54251242,0.014511329823758298
32.54255342,0.012100404364080263
32.55657935,0.01104753185320821
32.55667686,0.013580529488059816
32.55673623,0.014450293736171512
32.5647521,0.012130922407873656
32.56484771,0.01104753185320821
32.56490779,0.01356527046616312
32.56496143,0.014526588845654994
32.56501317,0.012130922407873656
32.57447195,0.011062790875104906
32.5795579,0.013550011444266423
32.57960439,0.014465552758068208
32.58860826,0.012207217517357137
32.5886898,0.011001754787518121
32.58874726,0.013550011444266423
32.6125114,0.014557106889448387
32.61255479,0.012207217517357137
32.61258101,0.01104753185320821
32.61260653,0.013580529488059816
32.61263108,0.014465552758068208
32.6235044,0.01223773556115053
32.6235404,0.01104753185320821
32.6286552,0.013550011444266423
32.62873745,0.014465552758068208
32.6287961,0.012222476539253834
32.63555288,0.011017013809414817
32.65873861,0.01351949340047303
32.6588707,0.014526588845654994
32.65894055,0.012146181429770352
32.65905738,0.011001754787518121
32.65911365,0.013580529488059816
32.67410803,0.014465552758068208
32.67420244,0.012176699473563745
32.67426085,0.01104753185320821
32.67431402,0.013488975356679637
32.67435455,0.014526588845654994
32.68852401,0.012207217517357137
32.68856311,0.011017013809414817
32.69765949,0.013534752422369727
32.69777369,0.014526588845654994
32.69783282,0.012207217517357137
32.70250368,0.011032272831311514
32.71653819,0.013580529488059816
32.71658659,0.014480811779964905
32.71662259,0.012176699473563745
32.73964357,0.011032272831311514
32.73967171,0.013504234378576334
32.74872732,0.014526588845654994
32.74880862,0.012207217517357137
32.74886751,0.011032272831311514
32.74892092,0.013488975356679637
32.74897385,0.014511329823758298
32.77660322,0.012176699473563745
32.77668023,0.01121538109407187
32.78466415,0.01351949340047303
32.78475308,0.014526588845654994
32.78481269,0.012161440451667048
32.78488588,0.01104753185320821
32.79869318,0.013488975356679637
32.79877257,0.014480811779964905
32.79883099,0.012176699473563745
32.79888391,0.010986495765621425
32.79893875,0.01356527046616312
32.80751848,0.014526588845654994
32.80755591,0.012207217517357137
32.81255841,0.011032272831311514
32.81260705,0.013580529488059816
32.812644,0.014511329823758298
32.82151318,0.012191958495460441
32.82155323,0.010986495765621425
32.82970095,0.01351949340047303
32.82978296,0.014480811779964905
32.82984161,0.012252994583047227
32.82989573,0.01095597772182803
32.85462737,0.013550011444266423
32.85469651,0.014496070801861601
32.85964561,0.012176699473563745
32.85973525,0.011001754787518121
32.85979438,0.013550011444266423
32.86896491,0.014480811779964905
32.86906147,0.012222476539253834
32.87493467,0.011032272831311514
32.87503958,0.013550011444266423
32.87510896,0.014465552758068208
32.88960242,0.012222476539253834
32.88968253,0.011032272831311514
32.89775229,0.013488975356679637
32.89786601,0.01454184786755169
32.89792728,0.012191958495460441
32.91049075,0.011017013809414817
32.93481898,0.013580529488059816
32.9349165,0.014496070801861601
32.93497634,0.01223773556115053
32.93505549,0.01104753185320821
32.93510795,0.01351949340047303
32.93515921,0.014511329823758298
32.93521094,0.012222476539253834
32.94180632,0.011017013809414817
32.94192219,0.013488975356679637
32.94195795,0.014511329823758298
32.95550084,0.01223773556115053
32.95553827,0.010971236743724726
32.97864795,0.013550011444266423
32.97873425,0.014465552758068208
32.97877359,0.012191958495460441
32.97880816,0.011062790875104906
32.99270201,0.013504234378576334
32.99278188,0.014526588845654994
32.99283981,0.01223773556115053
32.99289417,0.01095597772182803
32.9929471,0.01351949340047303
33.01558304,0.014526588845654994
33.01563573,0.01223773556115053
33.0225389,0.011001754787518121
33.02259326,0.013550011444266423
33.02263045,0.014511329823758298
33.02266288,0.01223773556115053
33.02269435,0.011017013809414817
33.03192449,0.01351949340047303
33.03203821,0.014526588845654994
33.03212309,0.01223773556115053
33.04562807,0.01095597772182803
33.05869675,0.013534752422369727
33.05878711,0.014496070801861601
33.06393647,0.012252994583047227
33.06404853,0.01095597772182803
33.06410837,0.013488975356679637
33.07368016,0.014480811779964905
33.07376885,0.012222476539253834
33.07379842,0.011001754787518121
33.07382703,0.013550011444266423
33.07385302,0.014480811779964905
33.08753085,0.012268253604943923
33.08758473,0.010940718699931334
33.09797978,0.013488975356679637
33.09807706,0.014526588845654994
33.09813571,0.012207217517357137
33.11181068,0.010986495765621425
33.12496924,0.013550011444266423
33.12506723,0.014496070801861601
33.13197064,0.012268253604943923
33.13208508,0.011017013809414817
33.13214421,0.013504234378576334
33.14454222,0.014496070801861601
33.14457297,0.012268253604943923
33.14459968,0.010940718699931334
33.14462519,0.013473716334782941
33.14465046,0.01454184786755169
33.15057516,0.012222476539253834
33.15060663,0.011001754787518121
33.16499615,0.013504234378576334
33.16509557,0.014465552758068208
33.16515732,0.012252994583047227
33.17855096,0.010986495765621425
33.18833208,0.013473716334782941
33.18846154,0.014526588845654994
33.19398975,0.012252994583047227
33.19412398,0.01095597772182803
33.19418645,0.013473716334782941
33.20069194,0.014496070801861601
33.20077324,0.012252994583047227
33.21471596,0.010940718699931334
33.21480656,0.013504234378576334
33.21486712,0.014480811779964905
33.21974516,0.012207217517357137
33.21982431,0.011017013809414817
33.2437675,0.013488975356679637
33.24387717,0.014526588845654994
33.24393821,0.01228351262684062
33.2440269,0.01095597772182803
33.24410081,0.013458457312886245
33.24419689,0.014465552758068208
33.25795054,0.012268253604943923
33.25806522,0.010940718699931334
33.25812507,0.013550011444266423
33.26702905,0.014465552758068208
33.26716161,0.01223773556115053
33.27960134,0.01095597772182803
33.27965164,0.013443198290989548
33.27968764,0.014465552758068208
33.29400587,0.012298771648737316
33.29410219,0.01095597772182803
33.30758619,0.013504234378576334
33.30765939,0.014480811779964905
33.30769873,0.01223773556115053
33.30772591,0.010971236743724726
33.30775213,0.013488975356679637
33.3077774,0.014465552758068208
33.32289338,0.012268253604943923
33.32300568,0.010986495765621425
33.32306767,0.013504234378576334
33.33571458,0.014511329823758298
33.3357594,0.012298771648737316
33.34267354,0.010925459678034637
33.3427639,0.013488975356679637
33.34282422,0.014465552758068208
33.36684251,0.012252994583047227
33.36696172,0.010986495765621425
33.36705399,0.013473716334782941
33.36714101,0.014496070801861601
33.36721683,0.01228351262684062
33.36727333,0.010971236743724726
33.38269806,0.013473716334782941
33.38277745,0.014480811779964905
33.38569021,0.012329289692530708
33.38576984,0.010940718699931334
33.38582921,0.013473716334782941
33.39953375,0.014526588845654994
33.39957118,0.012268253604943923
33.42835069,0.010940718699931334
33.42847896,0.013534752422369727
33.42853832,0.014465552758068208
33.44051719,0.012298771648737316
33.44056153,0.01095597772182803
33.44058728,0.013488975356679637
33.44061255,0.014526588845654994
33.44064045,0.012329289692530708
33.44067502,0.010925459678034637
33.45481944,0.013488975356679637
33.45491338,0.014526588845654994
33.46404552,0.01228351262684062
33.46417975,0.010910200656137941
33.46424007,0.013488975356679637
33.46962547,0.014480811779964905
33.46972203,0.012359807736324101
33.48369932,0.010986495765621425
33.48384953,0.013443198290989548
33.48390794,0.014465552758068208
33.49797463,0.012314030670634012
33.49807096,0.010894941634241245
33.51171207,0.013504234378576334
33.51185799,0.014480811779964905
33.51199245,0.012359807736324101
33.51208782,0.010910200656137941
33.52080655,0.013458457312886245
33.52090359,0.014480811779964905
33.52497315,0.012298771648737316
33.52508759,0.010940718699931334
33.52514696,0.013443198290989548
33.53424525,0.014526588845654994
33.53428435,0.01240558480201419
33.54855919,0.010925459678034637
33.54860854,0.013458457312886245
33.54864335,0.014526588845654994
33.56057882,0.012359807736324101
33.56061196,0.010910200656137941
33.56780577,0.013488975356679637
33.56790447,0.014480811779964905
33.56802702,0.012314030670634012
33.56808639,0.010940718699931334
33.581635,0.013427939269092852
33.58168292,0.014480811779964905
33.58756113,0.012390325780117494
33.58760977,0.010879682612344548
33.58764577,0.013443198290989548
33.60050106,0.014557106889448387
33.60054564,0.012344548714427405
33.61471105,0.010925459678034637
33.61479282,0.013488975356679637
33.614851,0.014450293736171512
33.62453556,0.012375066758220797
33.62456608,0.010925459678034637
33.62884641,0.013397421225299458
33.62894607,0.014480811779964905
33.63752341,0.012344548714427405
33.63758707,0.010894941634241245
33.64554691,0.013443198290989548
33.64559412,0.014526588845654994
33.65966344,0.012359807736324101
33.65975308,0.010940718699931334
33.65981793,0.013427939269092852
33.67360926,0.014465552758068208
33.67370462,0.012359807736324101
33.68863034,0.010910200656137941
33.68871975,0.013443198290989548
33.68878031,0.014480811779964905
33.68883586,0.012359807736324101
33.68888783,0.010894941634241245
33.69777584,0.013443198290989548
33.69788861,0.014496070801861601
33.69794869,0.012375066758220797
33.70257473,0.010894941634241245
33.71070242,0.013504234378576334
33.71080232,0.014480811779964905
33.71087766,0.012375066758220797
33.73455858,0.010971236743724726
33.73459721,0.013382162203402761
33.73463273,0.014496070801861601
33.73465896,0.012375066758220797
33.74372244,0.010925459678034637
33.74381328,0.013473716334782941
33.74387336,0.014526588845654994
33.75701666,0.01240558480201419
33.7571137,0.011108567940794995
33.76496768,0.013443198290989548
33.76508069,0.014450293736171512
33.7651403,0.012375066758220797
33.77262306,0.010910200656137941
33.79497719,0.013427939269092852
33.79507613,0.014496070801861601
33.80358958,0.01240558480201419
33.80368114,0.010803387502861066
33.80371618,0.013458457312886245
33.81355858,0.014465552758068208
33.81359911,0.012359807736324101
33.82670259,0.010925459678034637
33.8267777,0.013427939269092852
33.82681441,0.014496070801861601
33.82684803,0.012359807736324101
33.82688022,0.010879682612344548
33.83964324,0.013443198290989548
33.83971667,0.014480811779964905
33.83975601,0.012420843823910887
33.839782,0.010925459678034637
33.84555149,0.013427939269092852
33.84559965,0.014496070801861601
33.86961055,0.012375066758220797
33.86971855,0.010925459678034637
33.86975741,0.013427939269092852
33.87155128,0.014557106889448387
33.87161541,0.012436102845807583
33.88572931,0.010925459678034637
33.88581729,0.013473716334782941
33.88587666,0.014465552758068208
33.88593054,0.012420843823910887
33.88598347,0.010894941634241245
33.89879036,0.013473716334782941
33.89890361,0.014480811779964905
33.89896488,0.012375066758220797
33.89901924,0.010864423590447852
33.91363597,0.013458457312886245
33.91369724,0.014465552758068208
33.93856359,0.012451361867704281
33.93866634,0.010833905546654459
33.93870425,0.013397421225299458
33.93873668,0.014526588845654994
33.93876791,0.012466620889600977
33.94057488,0.010833905546654459
33.94062424,0.013412680247196154
33.94065976,0.014511329823758298
33.95652866,0.012390325780117494
33.95656824,0.010879682612344548
33.96408224,0.013473716334782941
33.96418238,0.014480811779964905
33.96424127,0.012481879911497674
33.96848845,0.010894941634241245
33.98274612,0.013397421225299458
33.982831,0.014526588845654994
33.99685431,0.012481879911497674
33.99696827,0.010864423590447852
33.99702573,0.013397421225299458
34.00266647,0.014465552758068208
34.00278807,0.012451361867704281
34.01172447,0.010864423590447852
34.01184225,0.013382162203402761
34.01190257,0.014496070801861601
34.01980925,0.012451361867704281
34.01988864,0.010864423590447852
34.01994848,0.013366903181506065
34.03356481,0.014480811779964905
34.03359699,0.012481879911497674
34.04868579,0.010803387502861066
34.05500293,0.013427939269092852
34.05509877,0.01454184786755169
34.07263303,0.012451361867704281
34.07273746,0.010910200656137941
34.07277322,0.013427939269092852
34.07280564,0.014480811779964905
34.07283831,0.01249713893339437
34.07286668,0.010833905546654459
34.07289529,0.013382162203402761
34.0729208,0.014496070801861601
34.08754516,0.01254291599908446
34.08758307,0.010803387502861066
34.11077166,0.013427939269092852
34.11088777,0.014496070801861601
34.11095428,0.012481879911497674
34.11100912,0.010864423590447852
34.11354876,0.013382162203402761
34.11359549,0.014465552758068208
34.12579465,0.012481879911497674
34.12590766,0.010879682612344548
34.12596869,0.013366903181506065
34.13200974,0.014465552758068208
34.13210654,0.012481879911497674
34.14473939,0.010849164568551155
34.14487767,0.013366903181506065
34.14493847,0.014526588845654994
34.16865683,0.012466620889600977
34.16872048,0.010864423590447852
34.16877007,0.013443198290989548
34.16879678,0.014465552758068208
34.16882181,0.012512397955291066
34.16884708,0.010879682612344548
34.17888379,0.013366903181506065
34.17897725,0.014480811779964905
34.19296169,0.012481879911497674
34.19307423,0.010803387502861066
34.19313383,0.013366903181506065
34.19800925,0.014480811779964905
34.19810462,0.012466620889600977
34.22172308,0.010818646524757763
34.22183394,0.013427939269092852
34.22189474,0.014465552758068208
34.22195005,0.01249713893339437
34.22200322,0.010833905546654459
34.23196936,0.013336385137712672
34.23206854,0.014496070801861601
34.23212695,0.01249713893339437
34.23648334,0.01078812848096437
34.2497201,0.013397421225299458
34.24979877,0.014465552758068208
34.24987626,0.012527656977187763
34.25453806,0.010803387502861066
34.25457239,0.013397421225299458
34.27870631,0.014480811779964905
34.27884865,0.012558175020981156
34.27892184,0.010864423590447852
34.27897668,0.013366903181506065
34.27902889,0.014480811779964905
34.29378057,0.012512397955291066
34.29388666,0.010742351415274281
34.29394579,0.013397421225299458
34.29400039,0.014480811779964905
34.29405379,0.01254291599908446
34.30454707,0.010803387502861066
34.31265521,0.013336385137712672
34.3127048,0.014465552758068208
34.326967,0.012527656977187763
34.32707906,0.010803387502861066
34.32714057,0.013382162203402761
34.33964396,0.014480811779964905
34.33971953,0.01254291599908446
34.34867549,0.010742351415274281
34.34876561,0.013336385137712672
34.34882522,0.014496070801861601
34.35375834,0.012512397955291066
34.35383773,0.010818646524757763
34.36792517,0.013336385137712672
34.36807775,0.014496070801861601
34.36814952,0.012588693064774548
34.36820841,0.010833905546654459
34.37976098,0.013366903181506065
34.37982631,0.014496070801861601
34.39476514,0.012573434042877852
34.39487767,0.010772869459067674
34.39493585,0.013382162203402761
34.40766311,0.014496070801861601
34.40775847,0.01249713893339437
34.40781999,0.010833905546654459
34.42153382,0.013336385137712672
34.42156482,0.014450293736171512
34.42159104,0.012588693064774548
34.42161655,0.01078812848096437
34.435673,0.013336385137712672
34.43577027,0.014496070801861601
34.43580675,0.012573434042877852
34.43761635,0.010757610437170977
34.45079184,0.013321126115815976
34.45090246,0.014465552758068208
34.45096231,0.012603952086671245
34.46554184,0.010772869459067674
34.46558046,0.013351644159609368
34.47956491,0.014450293736171512
34.4796164,0.012619211108567941
34.48469138,0.010833905546654459
34.48478103,0.013366903181506065
34.48484087,0.014496070801861601
34.49381208,0.012634470130464637
34.49390936,0.010742351415274281
34.49909234,0.013321126115815976
34.49920368,0.014480811779964905
34.49926591,0.012634470130464637
34.50354862,0.010772869459067674
34.51774764,0.013336385137712672
34.5178256,0.014465552758068208
34.54066157,0.012695506218051423
34.54076433,0.010772869459067674
34.54080939,0.013275349050125887
34.5408392,0.014465552758068208
34.54086637,0.01266498817425803
34.56496906,0.010727092393377585
34.5650692,0.013351644159609368
34.56512809,0.014450293736171512
34.56518078,0.01254291599908446
34.56523347,0.010803387502861066
34.56670594,0.01330586709391928
34.56678557,0.014526588845654994
34.56684446,0.012634470130464637
34.56689978,0.01078812848096437
34.58175945,0.013321126115815976
34.58185339,0.014496070801861601
34.59476399,0.012649729152361334
34.59486246,0.010864423590447852
34.59492278,0.013321126115815976
34.60848498,0.014450293736171512
34.60852647,0.01266498817425803
34.60855198,0.01078812848096437
34.60857725,0.01330586709391928
34.60860205,0.014465552758068208
34.61852169,0.012756542305638208
34.61855936,0.010742351415274281
34.63278747,0.013275349050125887
34.63292599,0.014465552758068208
34.6329875,0.012619211108567941
34.63304067,0.010742351415274281
34.65876365,0.01330586709391928
34.65885735,0.014480811779964905
34.65891623,0.012619211108567941
34.65896964,0.010772869459067674
34.65902209,0.013336385137712672
34.66822052,0.014465552758068208
34.6683476,0.01266498817425803
34.67559004,0.010757610437170977
34.67563987,0.013275349050125887
34.67567658,0.014480811779964905
34.69051456,0.012634470130464637
34.69055676,0.010742351415274281
34.70201254,0.013321126115815976
34.70214462,0.014480811779964905
34.7022059,0.01266498817425803
34.71570063,0.010772869459067674
34.71961641,0.013336385137712672
34.71966338,0.014450293736171512
34.72895813,0.012726024261844816
34.7290709,0.010742351415274281
34.7291317,0.01326009002822919
34.73465204,0.014480811779964905
34.7346971,0.012695506218051423
34.74054646,0.010742351415274281
34.7405951,0.013336385137712672
34.74063039,0.014465552758068208
34.75554657,0.01271076523994812
34.7555809,0.010742351415274281
34.77884388,0.013290608072022583
34.77895498,0.014480811779964905
34.77903509,0.012649729152361334
34.7790916,0.010757610437170977
34.78176188,0.01326009002822919
34.7818594,0.014496070801861601
34.7899971,0.012741283283741512
34.79009604,0.010772869459067674
34.79015446,0.013321126115815976
34.79880977,0.014480811779964905
34.79890609,0.01271076523994812
34.81362033,0.010742351415274281
34.81368279,0.01326009002822919
34.8137176,0.014480811779964905
34.82564616,0.01271076523994812
34.82567334,0.01078812848096437
34.83483529,0.01326009002822919
34.83495188,0.014465552758068208
34.83503699,0.012726024261844816
34.83509064,0.010696574349584192
34.84971786,0.013412680247196154
34.84979773,0.014480811779964905
34.85492802,0.01266498817425803
34.85504389,0.010772869459067674
34.85510468,0.01326009002822919
34.86806464,0.014450293736171512
34.86817098,0.012771801327534905
34.89098859,0.010742351415274281
34.8910892,0.013275349050125887
34.89114833,0.014480811779964905
34.89368868,0.012756542305638208
34.89373279,0.010772869459067674
34.8937676,0.01330586709391928
34.89381456,0.014496070801861601
34.89384699,0.012726024261844816
34.90248823,0.010757610437170977
34.91173983,0.01326009002822919
34.91181827,0.014450293736171512
34.92470646,0.012802319371328297
34.92478704,0.010711833371480888
34.92484641,0.013275349050125887
34.93851614,0.014465552758068208
34.93856049,0.012741283283741512
34.94769526,0.010742351415274281
34.94778347,0.01326009002822919
34.94784188,0.014450293736171512
34.95476222,0.012787060349431601
34.9548564,0.010681315327687495
34.96785903,0.013275349050125887
34.96796989,0.01441977569237812
34.96804738,0.012771801327534905
34.96811104,0.010757610437170977
34.98569942,0.013244831006332494
34.98578167,0.014480811779964905
35.00857186,0.012802319371328297
35.0086441,0.010757610437170977
35.00868082,0.013275349050125887
35.00871301,0.014480811779964905
35.00874448,0.012787060349431601
35.03278732,0.010742351415274281
35.03290129,0.013275349050125887
35.03296185,0.01454184786755169
35.0330162,0.012817578393224994
35.03306818,0.010742351415274281
35.04768538,0.013275349050125887
35.04789448,0.014465552758068208
35.04799867,0.012771801327534905
35.0480926,0.010711833371480888
35.04817963,0.013244831006332494
35.04827309,0.014450293736171512
35.06278634,0.012771801327534905
35.06289768,0.010757610437170977
35.06297708,0.013214312962539101
35.07672048,0.014465552758068208
35.07681584,0.012787060349431601
35.0768733,0.010696574349584192
35.07692623,0.01330586709391928
35.07697916,0.014450293736171512
35.09070206,0.012817578393224994
35.09078288,0.010696574349584192
35.09084058,0.013244831006332494
35.0997231,0.014480811779964905
35.09975004,0.012802319371328297
35.10160279,0.010742351415274281
35.11083913,0.013244831006332494
35.11092925,0.014465552758068208
35.13377666,0.01283283741512169
35.13389325,0.010711833371480888
35.13395333,0.013244831006332494
35.13400602,0.01458762493324178
35.13405967,0.012863355458915083
35.14357877,0.010681315327687495
35.1436286,0.013214312962539101
35.14366364,0.014450293736171512
35.15354323,0.012817578393224994
35.15357471,0.010696574349584192
35.16080451,0.013244831006332494
35.16090322,0.014435034714274816
35.16096377,0.01287861448081178
35.16752362,0.010681315327687495
35.19169068,0.013199053940642405
35.1917696,0.014480811779964905
35.19183493,0.012848096437018387
35.19188952,0.010711833371480888
35.19194245,0.013214312962539101
35.20077276,0.014465552758068208
35.20084119,0.01287861448081178
35.21868968,0.010925459678034637
35.21877265,0.013229571984435798
35.21883225,0.014450293736171512
35.21888518,0.01287861448081178
35.21893668,0.010681315327687495
35.23386693,0.013183794918745708
35.23396397,0.014496070801861601
35.23402905,0.012863355458915083
35.24771738,0.010711833371480888
35.26304388,0.013199053940642405
35.26314116,0.014435034714274816
35.26968718,0.012893873502708476
35.2697742,0.010696574349584192
35.26981568,0.013244831006332494
35.28471732,0.014465552758068208
35.28479862,0.01287861448081178
35.28485799,0.010711833371480888
35.28491116,0.013183794918745708
35.28496337,0.014450293736171512
35.29283261,0.012924391546501868
35.29289007,0.010681315327687495
35.31071663,0.013214312962539101
35.31082439,0.014450293736171512
35.31089973,0.012939650568398567
35.31752777,0.010742351415274281
35.33965683,0.013229571984435798
35.33975983,0.014465552758068208
35.3398273,0.012924391546501868
35.33987188,0.010711833371480888
35.33990145,0.013153276874952316
35.33993602,0.014435034714274816
35.3399713,0.012939650568398567
35.34000278,0.010666056305790799
35.34002757,0.013199053940642405
35.34005308,0.014435034714274816
35.35753894,0.012924391546501868
35.35756946,0.010711833371480888
35.36385369,0.013183794918745708
35.36395216,0.014435034714274816
35.364012,0.01297016861219196
35.36406946,0.010696574349584192
35.38878012,0.013214312962539101
35.38887429,0.014435034714274816
35.38893318,0.012909132524605172
35.38898706,0.010711833371480888
35.3890388,0.01313801785305562
35.40354872,0.014450293736171512
35.40358686,0.012939650568398567
35.40362835,0.010681315327687495
35.4036715,0.013199053940642405
35.4037044,0.014480811779964905
35.41852331,0.012924391546501868
35.41856599,0.010696574349584192
35.43281531,0.013183794918745708
35.43291354,0.014435034714274816
35.43297029,0.012939650568398567
35.43302345,0.010711833371480888
35.44762349,0.01330586709391928
35.44770336,0.014465552758068208
35.4619844,0.012939650568398567
35.46209884,0.010666056305790799
35.4621594,0.013183794918745708
35.46221375,0.014435034714274816
35.46226716,0.012939650568398567
35.47675204,0.010711833371480888
35.47684932,0.013153276874952316
35.47690988,0.014465552758068208
35.48451757,0.012939650568398567
35.4845624,0.010696574349584192
35.49902272,0.013199053940642405
35.49913645,0.01441977569237812
35.49919653,0.01297016861219196
35.51252699,0.010696574349584192
35.5207274,0.013168535896849012
35.52080655,0.014465552758068208
35.52870035,0.01297016861219196
35.52878857,0.010711833371480888
35.52884912,0.013183794918745708
35.5336194,0.014496070801861601
35.53368568,0.013015945677882048
35.54758024,0.010696574349584192
35.5476346,0.013168535896849012
35.54767084,0.014480811779964905
35.56180263,0.013061722743572137
35.56190324,0.010696574349584192
35.5619626,0.013168535896849012
35.57454109,0.014480811779964905
35.57458091,0.013015945677882048
35.57460642,0.010696574349584192
35.57770586,0.013199053940642405
35.57783651,0.014557106889448387
35.58972335,0.013015945677882048
35.58980489,0.010666056305790799
35.58986402,0.013153276874952316
35.59881949,0.014465552758068208
35.59885621,0.013000686655985352
35.60973072,0.010711833371480888
35.60981107,0.013122758831158923
35.60986996,0.014465552758068208
35.62255144,0.013046463721675441
35.62258697,0.010681315327687495
35.64661431,0.013183794918745708
35.64667606,0.014435034714274816
35.64671206,0.013000686655985352
35.64674449,0.010666056305790799
35.6485703,0.013229571984435798
35.64861727,0.014435034714274816
35.65795088,0.012985427634088656
35.65806365,0.010681315327687495
35.65812492,0.01309224078736553
35.66684937,0.01441977569237812
35.66698575,0.013031204699778745
35.67954445,0.010635538261997406
35.67959881,0.01309224078736553
35.67963457,0.014465552758068208
35.69384885,0.013000686655985352
35.69391227,0.010666056305790799
35.71870255,0.01309224078736553
35.71881199,0.01441977569237812
35.71887183,0.013031204699778745
35.71892548,0.010650797283894103
35.72570705,0.013122758831158923
35.72578526,0.014435034714274816
35.73476005,0.013061722743572137
35.73489952,0.010681315327687495
35.73495913,0.01313801785305562
35.74856043,0.014450293736171512
35.74859118,0.013061722743572137
35.74861741,0.010681315327687495
35.74864244,0.013107499809262227
35.74866724,0.01441977569237812
35.76400232,0.01309224078736553
35.76409888,0.010666056305790799
35.77574587,0.013122758831158923
35.77584481,0.014404516670481423
35.77590466,0.013031204699778745
35.77596021,0.010681315327687495
35.7827363,0.013107499809262227
35.78281426,0.014435034714274816
35.78872919,0.013122758831158923
35.78881001,0.010681315327687495
35.78886986,0.013183794918745708
35.80251074,0.014465552758068208
35.80254793,0.013122758831158923
35.80866385,0.010757610437170977
35.80875492,0.013153276874952316
35.80882978,0.014511329823758298
35.83053255,0.01313801785305562
35.83057022,0.010711833371480888
35.83277917,0.013153276874952316
35.83285856,0.014450293736171512
35.83291745,0.01313801785305562
35.83297133,0.010681315327687495
35.8476975,0.013153276874952316
35.84777761,0.014465552758068208
35.85677624,0.013107499809262227
35.85688925,0.01078812848096437
35.85694981,0.013076981765468834
35.8687067,0.014435034714274816
35.86878324,0.013076981765468834
35.86883092,0.010635538261997406
35.88351321,0.013107499809262227
35.88355422,0.01441977569237812
35.89683175,0.01309224078736553
35.89692783,0.010681315327687495
35.89698625,0.01309224078736553
35.89704084,0.014435034714274816
35.89709282,0.01309224078736553
35.89714408,0.010666056305790799
35.91181016,0.013107499809262227
35.91191816,0.014404516670481423
35.92591095,0.013153276874952316
35.92602468,0.010681315327687495
35.92608547,0.013107499809262227
35.93198109,0.014465552758068208
35.9320116,0.013168535896849012
35.95080209,0.010696574349584192
35.95089006,0.013107499809262227
35.95094919,0.014450293736171512
35.96364617,0.01313801785305562
35.96367931,0.010696574349584192
35.96371293,0.013107499809262227
35.9637382,0.014435034714274816
35.96376348,0.013214312962539101
35.96378851,0.010696574349584192
35.97881603,0.013107499809262227
35.97891116,0.014465552758068208
35.99280334,0.013183794918745708
35.99290133,0.010681315327687495
35.99296045,0.013122758831158923
36.0075953,0.014450293736171512
36.00765514,0.013229571984435798
36.01959848,0.010696574349584192
36.01969004,0.013076981765468834
36.0197506,0.014465552758068208
36.02513647,0.013153276874952316
36.02523255,0.010696574349584192
36.03374815,0.013076981765468834
36.03386045,0.014480811779964905
36.03392053,0.013214312962539101
36.03397489,0.010742351415274281
36.04366517,0.01309224078736553
36.04375887,0.014450293736171512
36.05808568,0.013214312962539101
36.0582068,0.010742351415274281
36.05826807,0.013076981765468834
36.07196093,0.014465552758068208
36.07209444,0.013199053940642405
36.08572698,0.010696574349584192
36.08580852,0.013031204699778745
36.08586574,0.01441977569237812
36.08591938,0.013214312962539101
36.08597159,0.010666056305790799
36.09496427,0.013061722743572137
36.0950768,0.014465552758068208
36.0951376,0.013199053940642405
36.10365605,0.010742351415274281
36.11778259,0.013015945677882048
36.11787701,0.01441977569237812
36.13181138,0.013244831006332494
36.13188553,0.010681315327687495
36.13193846,0.013061722743572137
36.13956952,0.014450293736171512
36.13959956,0.013244831006332494
36.14462519,0.010711833371480888
36.14468694,0.01309224078736553
36.14472318,0.014450293736171512
36.15455365,0.01326009002822919
36.1545825,0.010742351415274281
36.16799378,0.013015945677882048
36.16809273,0.01441977569237812
36.1681509,0.013275349050125887
36.17661715,0.010666056305790799
36.18976378,0.013061722743572137
36.18984413,0.01441977569237812
36.20399117,0.013229571984435798
36.20409012,0.010681315327687495
36.20414853,0.013015945677882048
36.20420218,0.014373998626688029
36.20425463,0.013244831006332494
36.22799325,0.010666056305790799
36.22809219,0.013031204699778745
36.22814965,0.014373998626688029
36.23463821,0.013229571984435798
36.23468828,0.010681315327687495
36.24357677,0.013000686655985352
36.24365044,0.014404516670481423
36.24367952,0.013229571984435798
36.25252056,0.010681315327687495
36.26098871,0.013000686655985352
36.26108956,0.014435034714274816
36.27375817,0.013275349050125887
36.27388358,0.010681315327687495
36.27396059,0.013000686655985352
36.27401423,0.014389257648584725
36.27406549,0.013229571984435798
36.27411723,0.010681315327687495
36.28751254,0.012985427634088656
36.28754544,0.01441977569237812
36.28757095,0.01326009002822919
36.28759623,0.010650797283894103
36.28762174,0.013000686655985352
36.30265236,0.014389257648584725
36.3026917,0.013244831006332494
36.30271792,0.010681315327687495
36.31772494,0.012985427634088656
36.31782079,0.014404516670481423
36.33195376,0.013244831006332494
36.3320682,0.010650797283894103
36.33213019,0.013015945677882048
36.33975744,0.014373998626688029
36.33987451,0.013275349050125887
36.34156251,0.010666056305790799
36.34160781,0.013000686655985352
36.34164238,0.014404516670481423
36.35467291,0.013321126115815976
36.35475159,0.010635538261997406
36.36373591,0.01297016861219196
36.36381769,0.014404516670481423
36.36387706,0.01326009002822919
36.36900163,0.01062027924010071
36.38382506,0.01297016861219196
36.3839407,0.014358739604791332
36.38400173,0.01330586709391928
36.39664626,0.010635538261997406
36.39667606,0.012909132524605172
36.40200782,0.014358739604791332
36.40210414,0.01330586709391928
36.40963888,0.010666056305790799
36.40971279,0.01297016861219196
36.40974879,0.014358739604791332
36.41974831,0.01330586709391928
36.41982841,0.010589761196307317
36.43296885,0.01297016861219196
36.43308234,0.014389257648584725
36.43314075,0.01326009002822919
36.44164777,0.010650797283894103
36.46579337,0.012954909590295263
36.46588898,0.014373998626688029
36.46594882,0.013321126115815976
36.46600509,0.010681315327687495
36.4660573,0.012954909590295263
36.46610928,0.014373998626688029
36.46616101,0.013321126115815976
36.47962785,0.010635538261997406
36.4796803,0.012924391546501868
36.47970915,0.014404516670481423
36.49879146,0.013321126115815976
36.49890685,0.010666056305790799
36.50494218,0.012939650568398567
36.50505495,0.014358739604791332
36.50511575,0.013366903181506065
36.50518775,0.010650797283894103
36.51454329,0.012909132524605172
36.51458287,0.014435034714274816
36.52271438,0.013290608072022583
36.52280331,0.010681315327687495
36.52286196,0.012954909590295263
36.53664994,0.014373998626688029
36.53667712,0.013366903181506065
36.5456562,0.010681315327687495
36.54574823,0.012939650568398567
36.54578424,0.014358739604791332
36.55867243,0.013366903181506065
36.55872679,0.010711833371480888
36.58674049,0.012954909590295263
36.5868516,0.014389257648584725
36.58691287,0.013382162203402761
36.58696699,0.010666056305790799
36.59979939,0.012893873502708476
36.59989882,0.014358739604791332
36.5999589,0.013366903181506065
36.60001326,0.010635538261997406
36.60006618,0.012939650568398567
36.60697341,0.014343480582894636
36.6070416,0.013351644159609368
36.61354899,0.010635538261997406
36.61359286,0.01287861448081178
36.61362219,0.014343480582894636
36.62695932,0.013382162203402761
36.62705874,0.010650797283894103
36.63993073,0.012924391546501868
36.64006782,0.01432822156099794
36.64017081,0.013351644159609368
36.64029694,0.010681315327687495
36.64874673,0.012893873502708476
36.64882684,0.014358739604791332
36.65377283,0.013366903181506065
36.65386343,0.010681315327687495
36.65392447,0.012924391546501868
36.66801548,0.014373998626688029
36.66811347,0.013412680247196154
36.67659426,0.010650797283894103
36.67667246,0.012909132524605172
36.67670918,0.014373998626688029
36.69965267,0.013366903181506065
36.69969249,0.010711833371480888
36.70193028,0.012848096437018387
36.70204282,0.01432822156099794
36.70210361,0.013412680247196154
36.7021594,0.010635538261997406
36.71574235,0.012848096437018387
36.715837,0.014358739604791332
36.72162032,0.013412680247196154
36.72170877,0.010650797283894103
36.72176862,0.01287861448081178
36.73465538,0.014343480582894636
36.73468637,0.013382162203402761
36.74873304,0.010666056305790799
36.74883056,0.012893873502708476
36.74889159,0.01432822156099794
36.76272345,0.013458457312886245
36.76281834,0.010635538261997406
36.76879191,0.01287861448081178
36.76891208,0.014389257648584725
36.76897025,0.013397421225299458
36.76902747,0.010666056305790799
36.77871633,0.01287861448081178
36.77880454,0.014358739604791332
36.7916615,0.013427939269092852
36.79175138,0.01062027924010071
36.79181123,0.012909132524605172
36.80001664,0.01432822156099794
36.80011272,0.013458457312886245
36.8135519,0.010635538261997406
36.81362438,0.012848096437018387
36.81366086,0.014373998626688029
36.83782482,0.013443198290989548
36.83792257,0.01062027924010071
36.83798218,0.01287861448081178
36.8380363,0.01432822156099794
36.83808827,0.013473716334782941
36.83814001,0.010635538261997406
36.84459949,0.012863355458915083
36.84470105,0.014358739604791332
36.85866952,0.013488975356679637
36.85876012,0.010681315327687495
36.85882187,0.012863355458915083
36.87276459,0.014404516670481423
36.87288332,0.013488975356679637
36.88667917,0.010681315327687495
36.88676071,0.012909132524605172
36.88682032,0.014358739604791332
36.88687515,0.013488975356679637
36.8869288,0.010696574349584192
36.90170693,0.01283283741512169
36.90181947,0.014358739604791332
36.90187979,0.013473716334782941
36.90195155,0.010681315327687495
36.92869353,0.01283283741512169
36.92877555,0.01432822156099794
36.92883492,0.013504234378576334
36.92888832,0.010635538261997406
36.92894101,0.01283283741512169
36.94459438,0.014373998626688029
36.94471574,0.013473716334782941
36.94474959,0.010681315327687495
36.95354843,0.01283283741512169
36.95357776,0.01432822156099794
36.95360327,0.013550011444266423
36.9536283,0.010574502174410621
36.95365334,0.012848096437018387
36.97055793,0.014343480582894636
36.97058749,0.01351949340047303
36.97061276,0.010681315327687495
36.97760105,0.012893873502708476
36.9776423,0.014343480582894636
36.97767615,0.013504234378576334
37.00164461,0.010666056305790799
37.00168085,0.01283283741512169
37.00170684,0.014312962539101243
37.00173187,0.013534752422369727
37.01266718,0.010605020218204014
37.0127449,0.012848096437018387
37.01279092,0.014343480582894636
37.01973152,0.01351949340047303
37.01982498,0.010635538261997406
37.03378344,0.012817578393224994
37.03389788,0.014297703517204547
37.03395844,0.01356527046616312
37.03401423,0.010650797283894103
37.05979395,0.01283283741512169
37.05989122,0.014312962539101243
37.05994987,0.01356527046616312
37.06000352,0.010650797283894103
37.06005549,0.012787060349431601
37.06879187,0.014343480582894636
37.06891894,0.01356527046616312
37.0747087,0.010696574349584192
37.07477903,0.01283283741512169
37.07481074,0.014343480582894636
37.08866096,0.01356527046616312
37.08876991,0.010681315327687495
37.09814477,0.01283283741512169
37.09825778,0.014312962539101243
37.09831882,0.013550011444266423
37.11149955,0.010711833371480888
37.12572193,0.012802319371328297
37.12582016,0.014358739604791332
37.12588024,0.01356527046616312
37.12593532,0.010681315327687495
37.12598753,0.012817578393224994
37.13447642,0.01432822156099794
37.13450503,0.01356527046616312
37.14162469,0.010772869459067674
37.14170098,0.012787060349431601
37.14173675,0.014358739604791332
37.15452433,0.013580529488059816
37.15455532,0.010681315327687495
37.17963147,0.012817578393224994
37.17968488,0.01432822156099794
37.17971349,0.013611047531853208
37.1797483,0.010681315327687495
37.18765783,0.012863355458915083
37.18773866,0.014389257648584725
37.19581437,0.013626306553749905
37.19591737,0.010681315327687495
37.19598985,0.012817578393224994
37.20300627,0.01432822156099794
37.20310354,0.013641565575646601
37.21151423,0.010711833371480888
37.21158981,0.012817578393224994
37.21163106,0.01432822156099794
37.22463822,0.013626306553749905
37.22471976,0.010666056305790799
37.22477865,0.012817578393224994
37.23856163,0.014343480582894636
37.23861146,0.013595788509956512
37.23865485,0.010666056305790799
37.26276922,0.012787060349431601
37.26286888,0.01428244449530785
37.27196813,0.013611047531853208
37.27210498,0.010605020218204014
37.27221417,0.012741283283741512
37.27233338,0.01432822156099794
37.27247143,0.013611047531853208
37.28468585,0.010666056305790799
37.28477597,0.012726024261844816
37.28483629,0.014343480582894636
37.28995252,0.013641565575646601
37.29004908,0.010681315327687495
37.30397344,0.012756542305638208
37.30408669,0.014312962539101243
37.30414772,0.013626306553749905
37.30957961,0.010666056305790799
37.32382441,0.012726024261844816
37.32392001,0.014312962539101243
37.33096123,0.013595788509956512
37.33107376,0.010681315327687495
37.33113408,0.01271076523994812
37.33889413,0.01428244449530785
37.33894753,0.013626306553749905
37.33897591,0.010650797283894103
37.33900642,0.012695506218051423
37.33904505,0.01432822156099794
37.35348296,0.013656824597543298
37.35352564,0.010711833371480888
37.37765932,0.01271076523994812
37.3777442,0.014297703517204547
37.37778759,0.01368734264133669
37.37782264,0.010681315327687495
37.37785482,0.012741283283741512
37.37788653,0.014312962539101243
37.39313221,0.013702601663233387
37.39323044,0.010711833371480888
37.39328933,0.012726024261844816
37.39900112,0.01432822156099794
37.39909959,0.013702601663233387
37.41261053,0.010757610437170977
37.41269994,0.01271076523994812
37.41273904,0.01432822156099794
37.42700028,0.013702601663233387
37.42709684,0.010666056305790799
37.44067645,0.012771801327534905
37.4407804,0.014236667429617761
37.44082832,0.013672083619439994
37.44090223,0.010742351415274281
37.44975305,0.012726024261844816
37.4498322,0.01428244449530785
37.45357776,0.01373311970702678
37.45363069,0.010681315327687495
37.45366597,0.012726024261844816
37.46884465,0.01432822156099794
37.46894145,0.01368734264133669
37.4776597,0.010696574349584192
37.47776365,0.01271076523994812
37.47779894,0.01428244449530785
37.49995279,0.01368734264133669
37.49998808,0.010742351415274281
37.50195765,0.012695506218051423
37.50207329,0.014297703517204547
37.50213337,0.013717860685130083
37.50218749,0.010696574349584192
37.51069427,0.01266498817425803
37.5107851,0.01428244449530785
37.52466321,0.013702601663233387
37.52475405,0.010666056305790799
37.52481556,0.012634470130464637
37.53267312,0.014236667429617761
37.53270149,0.013672083619439994
37.55769515,0.010681315327687495
37.55779076,0.012649729152361334
37.55784845,0.014236667429617761
37.56971645,0.013702601663233387
37.56979561,0.010711833371480888
37.57710886,0.012695506218051423
37.57720613,0.014312962539101243
37.57726359,0.01373311970702678
37.57731676,0.010696574349584192
37.59982538,0.012726024261844816
37.59993196,0.014297703517204547
37.60173488,0.013763637750820172
37.60181546,0.010727092393377585
37.60187364,0.012726024261844816
37.6019268,0.014312962539101243
37.60197878,0.013794155794613565
37.61238098,0.010696574349584192
37.61252904,0.012649729152361334
37.6256578,0.014312962539101243
37.62574983,0.013748378728923476
37.62583971,0.010666056305790799
37.63974047,0.01266498817425803
37.63982224,0.014236667429617761
37.63988185,0.013748378728923476
37.63993669,0.010635538261997406
37.6476891,0.012619211108567941
37.64778566,0.014251926451514458
37.65768051,0.013763637750820172
37.65777016,0.010635538261997406
37.65783048,0.01266498817425803
37.66501284,0.014236667429617761
37.66513705,0.013763637750820172
37.66519952,0.010650797283894103
37.67880583,0.01266498817425803
37.67886496,0.01428244449530785
37.69270301,0.01373311970702678
37.69278312,0.010742351415274281
37.70676899,0.012603952086671245
37.70688319,0.014236667429617761
37.70694327,0.013794155794613565
37.70702004,0.010711833371480888
37.70707464,0.012603952086671245
37.70712709,0.014236667429617761
37.72257495,0.01373311970702678
37.72264671,0.010650797283894103
37.72268271,0.012573434042877852
37.73551416,0.014206149385824368
37.73555279,0.01368734264133669
37.7486155,0.010696574349584192
37.74868488,0.012512397955291066
37.74872231,0.01416037232013428
37.76353836,0.013717860685130083
37.76356864,0.010666056305790799
37.7805624,0.012527656977187763
37.78064013,0.014236667429617761
37.78067017,0.013763637750820172
37.78069782,0.010711833371480888
37.78853106,0.012603952086671245
37.78858423,0.014236667429617761
37.79772115,0.013824673838406958
37.79780388,0.010711833371480888
37.79786205,0.012634470130464637
37.80673575,0.014251926451514458
37.80683255,0.01385519188220035
37.81951785,0.010757610437170977
37.81958365,0.012634470130464637
37.81961489,0.014236667429617761
37.84379077,0.013809414816510261
37.84388828,0.010696574349584192
37.84394622,0.012573434042877852
37.84400082,0.014206149385824368
37.84405279,0.013824673838406958
37.84410524,0.010696574349584192
37.84415746,0.012634470130464637
37.84421015,0.014221408407721065
37.85957479,0.013824673838406958
37.85965228,0.010757610437170977
37.85969067,0.012603952086671245
37.87274051,0.014297703517204547
37.87283778,0.013931486991683834
37.89767814,0.010772869459067674
37.89778972,0.012649729152361334
37.89785028,0.014251926451514458
37.89790726,0.01385519188220035
37.89796042,0.010772869459067674
37.89801216,0.012619211108567941
37.89806366,0.01428244449530785
37.89811516,0.013885709925993743
37.89816809,0.01078812848096437
37.9128623,0.01266498817425803
37.91298366,0.014312962539101243
37.92764854,0.014068818188754101
37.92773914,0.010757610437170977
37.92780137,0.012619211108567941
37.94956374,0.014236667429617761
37.94963837,0.013870450904097047
37.94967484,0.01078812848096437
37.94970846,0.012588693064774548
37.94974184,0.01428244449530785
37.9525466,0.01385519188220035
37.95259571,0.010727092393377585
37.96466351,0.012603952086671245
37.9647572,0.014236667429617761
37.96483421,0.01385519188220035
37.96677113,0.010742351415274281
37.98072529,0.012588693064774548
37.98079872,0.014221408407721065
37.99467492,0.013824673838406958
37.99475527,0.010742351415274281
37.9948144,0.012573434042877852
38.00758743,0.014221408407721065
38.00762463,0.013916227969787138
38.00765133,0.010696574349584192
38.0076766,0.01254291599908446
38.0236814,0.01428244449530785
38.02379251,0.013916227969787138
38.02385139,0.010864423590447852
38.02881384,0.012695506218051423
38.02891302,0.01432822156099794
38.0289712,0.013931486991683834
38.03773046,0.010772869459067674
38.05260921,0.012603952086671245
38.05267096,0.014206149385824368
38.0650208,0.013931486991683834
38.06513572,0.010742351415274281
38.06519651,0.01249713893339437
38.06684327,0.014206149385824368
38.06694102,0.013839932860303654
38.07980251,0.010696574349584192
38.07990098,0.012527656977187763
38.07997036,0.014175631342030976
38.08752728,0.013870450904097047
38.08756638,0.010681315327687495
38.09974337,0.01249713893339437
38.09986281,0.014221408407721065
38.09992313,0.013885709925993743
38.1092391,0.010711833371480888
38.12369442,0.012481879911497674
38.12378955,0.014236667429617761
38.13267088,0.013916227969787138
38.13275933,0.010757610437170977
38.13282037,0.012558175020981156
38.13287473,0.014236667429617761
38.13292575,0.013916227969787138
38.14672375,0.010727092393377585
38.14685488,0.01249713893339437
38.14691687,0.014236667429617761
38.1535306,0.013931486991683834
38.15357637,0.010772869459067674
38.17680264,0.012481879911497674
38.17690516,0.014206149385824368
38.17696381,0.013916227969787138
38.17701888,0.010742351415274281
38.18358183,0.012512397955291066
38.18364048,0.014251926451514458
38.19268203,0.013931486991683834
38.19276285,0.01078812848096437
38.19282079,0.01249713893339437
38.19851303,0.014190890363927672
38.19854093,0.013977264057373923
38.20799184,0.010681315327687495
38.2080915,0.012512397955291066
38.20815635,0.014206149385824368
38.23152733,0.013977264057373923
38.23157024,0.010772869459067674
38.24594855,0.012527656977187763
38.24607682,0.014175631342030976
38.24621534,0.013931486991683834
38.24630213,0.010772869459067674
38.25874376,0.012451361867704281
38.25882292,0.014145113298237583
38.25888062,0.01394674601358053
38.25893354,0.010727092393377585
38.25898671,0.012481879911497674
38.2730155,0.014190890363927672
38.27311349,0.013931486991683834
38.27317262,0.010742351415274281
38.28153324,0.012466620889600977
38.28157401,0.014206149385824368
38.28653908,0.013931486991683834
38.28659773,0.01078812848096437
38.30178809,0.01249713893339437
38.3019011,0.014175631342030976
38.30196023,0.013977264057373923
38.31376195,0.010803387502861066
38.32054138,0.012466620889600977
38.32058024,0.014190890363927672
38.33469391,0.013977264057373923
38.33478761,0.010757610437170977
38.33484745,0.012512397955291066
38.33490181,0.014206149385824368
38.33495355,0.01399252307927062
38.34371543,0.01078812848096437
38.34379554,0.01249713893339437
38.34387088,0.014175631342030976
38.35255504,0.013977264057373923
38.35261083,0.010803387502861066
38.37678623,0.012451361867704281
38.37688518,0.014221408407721065
38.37694287,0.01399252307927062
38.37699485,0.010772869459067674
38.38656926,0.01249713893339437
38.38663054,0.014175631342030976
38.38666677,0.013977264057373923
38.38670206,0.010849164568551155
38.38673401,0.012466620889600977
38.40156627,0.014206149385824368
38.40159941,0.014007782101167316
38.40795994,0.010772869459067674
38.40805817,0.012481879911497674
38.40814877,0.014206149385824368
38.42150831,0.014053559166857405
38.42154622,0.010803387502861066
38.44606209,0.012481879911497674
38.44616747,0.014190890363927672
38.44623375,0.014038300144960708
38.44628978,0.010818646524757763
38.44634271,0.012451361867704281
38.44642639,0.014221408407721065
38.45453477,0.014038300144960708
38.4545939,0.01078812848096437
38.45462942,0.012466620889600977
38.46899319,0.014206149385824368
38.46909142,0.014053559166857405
38.4691515,0.010772869459067674
38.4825182,0.012451361867704281
38.48256063,0.014175631342030976
38.4966886,0.01399252307927062
38.49677777,0.010742351415274281
38.50392222,0.012451361867704281
38.504035,0.01416037232013428
38.50411654,0.014053559166857405
38.50417209,0.010772869459067674
38.51313591,0.01240558480201419
38.51324058,0.014221408407721065
38.52667689,0.014038300144960708
38.52676773,0.01078812848096437
38.52682734,0.012451361867704281
38.53265357,0.014190890363927672
38.53273416,0.014053559166857405
38.55659246,0.010864423590447852
38.55666399,0.012451361867704281
38.55670023,0.014175631342030976
38.57100248,0.014068818188754101
38.57109904,0.010803387502861066
38.57904053,0.012390325780117494
38.57916451,0.014190890363927672
38.57926726,0.014038300144960708
38.57935095,0.010803387502861066
38.59273601,0.012390325780117494
38.59281588,0.01416037232013428
38.60175228,0.014053559166857405
38.60183239,0.010833905546654459
38.60189247,0.01240558480201419
38.60194874,0.014175631342030976
38.60200357,0.014007782101167316
38.61485648,0.010879682612344548
38.61493969,0.012329289692530708
38.61499524,0.01416037232013428
38.62870312,0.014053559166857405
38.62878299,0.010772869459067674
38.64275932,0.01240558480201419
38.6428721,0.01416037232013428
38.64293313,0.014053559166857405
38.64298701,0.010818646524757763
38.64304018,0.01240558480201419
38.64309168,0.01411459525444419
38.65878439,0.014068818188754101
38.65889382,0.010803387502861066
38.65895319,0.012329289692530708
38.66686082,0.01411459525444419
38.66695714,0.014038300144960708
38.68974447,0.010772869459067674
38.68984199,0.01240558480201419
38.68990016,0.01411459525444419
38.69160843,0.014038300144960708
38.69168043,0.010772869459067674
38.70096421,0.012344548714427405
38.7010777,0.014099336232547494
38.70113802,0.01411459525444419
38.70119262,0.010818646524757763
38.71392703,0.012375066758220797
38.71400261,0.014145113298237583
38.72370982,0.014084077210650798
38.72380042,0.010818646524757763
38.72386146,0.012314030670634012
38.74653459,0.014145113298237583
38.74658656,0.014053559166857405
38.74661231,0.010803387502861066
38.74663758,0.012344548714427405
38.74666476,0.014129854276340887
38.76270318,0.014068818188754101
38.76278186,0.010803387502861066
38.76284146,0.012329289692530708
38.76289558,0.014084077210650798
38.76296449,0.014038300144960708
38.76971674,0.01078812848096437
38.78267908,0.012298771648737316
38.78276706,0.014084077210650798
38.78280306,0.01399252307927062
38.78851867,0.01078812848096437
38.78855753,0.01228351262684062
38.8317728,0.014084077210650798
38.83186722,0.014068818188754101
38.83192587,0.010833905546654459
38.83197808,0.012298771648737316
38.83203006,0.01411459525444419
38.84185243,0.014053559166857405
38.84194803,0.010833905546654459
38.84200788,0.012390325780117494
38.84206152,0.01411459525444419
38.84211445,0.014129854276340887
38.84216619,0.010910200656137941
38.85882616,0.012359807736324101
38.85891986,0.014175631342030976
38.8737092,0.014145113298237583
38.87379241,0.010925459678034637
38.87385297,0.012344548714427405
38.87390804,0.014190890363927672
38.87396073,0.01416037232013428
38.87401175,0.010864423590447852
38.88652349,0.012390325780117494
38.88657188,0.014206149385824368
38.88659835,0.014175631342030976
38.88662386,0.010925459678034637
38.88664889,0.01240558480201419
38.90150571,0.014190890363927672
38.90155077,0.014190890363927672
38.90157604,0.010940718699931334
38.91765833,0.012390325780117494
38.91774368,0.014190890363927672
38.91777921,0.014190890363927672
38.93051529,0.010894941634241245
38.93055797,0.012390325780117494
38.93874264,0.014190890363927672
38.93882346,0.01416037232013428
38.94493532,0.010925459678034637
38.94509149,0.012344548714427405
38.94516778,0.014190890363927672
38.95258212,0.014190890363927672
38.95264339,0.010864423590447852
38.95268011,0.012344548714427405
38.96751928,0.014190890363927672
38.96756339,0.01416037232013428
38.96758914,0.010833905546654459
38.99181628,0.01228351262684062
38.99194574,0.01416037232013428
38.99201798,0.014129854276340887
38.99207234,0.010925459678034637
38.99212432,0.012252994583047227
39.00151992,0.014084077210650798
39.00155425,0.014175631342030976
39.01099515,0.010818646524757763
39.01109433,0.012268253604943923
39.01115346,0.01416037232013428
39.01848364,0.014129854276340887
39.01851225,0.010864423590447852
39.03264761,0.01228351262684062
39.03275371,0.014084077210650798
39.03282237,0.01416037232013428
39.05857563,0.010818646524757763
39.05866528,0.012268253604943923
39.0587008,0.014099336232547494
39.06253958,0.014206149385824368
39.06262136,0.010894941634241245
39.06268072,0.01228351262684062
39.06273413,0.01416037232013428
39.06278658,0.01416037232013428
39.08678627,0.010864423590447852
39.08688474,0.01228351262684062
39.08695316,0.014084077210650798
39.08700752,0.014190890363927672
39.0870626,0.010925459678034637
39.11181164,0.012329289692530708
39.1119101,0.01411459525444419
39.11197114,0.01416037232013428
39.11202502,0.010894941634241245
39.112077,0.012222476539253834
39.11212945,0.014068818188754101
39.12170386,0.014190890363927672
39.12187982,0.010879682612344548
39.1219368,0.012268253604943923
39.13570213,0.014129854276340887
39.13578391,0.014221408407721065
39.14398456,0.010940718699931334
39.14409781,0.012268253604943923
39.14417768,0.01411459525444419
39.17171693,0.01416037232013428
39.17181182,0.010925459678034637
39.17187023,0.012268253604943923
39.17192483,0.01411459525444419
39.1719768,0.014175631342030976
39.1720283,0.010894941634241245
39.18218255,0.012298771648737316
39.18227959,0.014068818188754101
39.18777132,0.01416037232013428
39.18787766,0.01095597772182803
39.18790889,0.012222476539253834
39.20150232,0.014099336232547494
39.20153856,0.014145113298237583
39.20783949,0.010879682612344548
39.20793748,0.01223773556115053
39.20799732,0.014099336232547494
39.23153329,0.014175631342030976
39.23156357,0.010925459678034637
39.23159027,0.012252994583047227
39.23161554,0.014099336232547494
39.23164058,0.01411459525444419
39.23166609,0.010940718699931334
39.24701047,0.01223773556115053
39.24710536,0.014068818188754101
39.25486994,0.014175631342030976
39.25496745,0.010910200656137941
39.25501871,0.012252994583047227
39.26452875,0.014129854276340887
39.26456809,0.014206149385824368
39.28776622,0.010925459678034637
39.28786445,0.012207217517357137
39.28792238,0.014099336232547494
39.28797698,0.014175631342030976
39.28803015,0.010940718699931334
39.29767871,0.01223773556115053
39.2977767,0.014038300144960708
39.30492949,0.014251926451514458
39.30504251,0.010910200656137941
39.31382966,0.012222476539253834
39.31392694,0.01411459525444419
39.32161713,0.014221408407721065
39.32174063,0.010925459678034637
39.32181358,0.01223773556115053
39.34577799,0.014099336232547494
39.34587646,0.014267185473411154
39.34593487,0.010910200656137941
39.34598923,0.01223773556115053
39.3460412,0.01411459525444419
39.35961628,0.014251926451514458
39.35970521,0.010925459678034637
39.36153817,0.012222476539253834
39.36159134,0.014068818188754101
39.36162758,0.014251926451514458
39.36773205,0.010940718699931334
39.38199472,0.01228351262684062
39.38209081,0.014084077210650798
39.38777781,0.014251926451514458
39.38791227,0.010940718699931334
39.38797903,0.012207217517357137
39.40157032,0.014053559166857405
39.40160704,0.014236667429617761
39.42082167,0.01095597772182803
39.42095852,0.012161440451667048
39.4210279,0.014068818188754101
39.42108321,0.014236667429617761
39.42113519,0.010910200656137941
39.43466496,0.012207217517357137
39.43476367,0.014084077210650798
39.43482375,0.014145113298237583
39.43748999,0.010986495765621425
39.44601488,0.012146181429770352
39.44611263,0.014038300144960708
39.46466565,0.014206149385824368
39.46477604,0.010940718699931334
39.46483684,0.012146181429770352
39.47800756,0.014084077210650798
39.47810411,0.014236667429617761
39.48380494,0.010940718699931334
39.48390365,0.012207217517357137
39.48398018,0.014053559166857405
39.48948884,0.014236667429617761
39.48953438,0.010940718699931334
39.49765182,0.012146181429770352
39.4977324,0.014007782101167316
39.49779129,0.01428244449530785
39.5035162,0.010940718699931334
39.51736522,0.012176699473563745
39.51749325,0.014023041123064012
39.51755381,0.014251926451514458
39.52948403,0.01095597772182803
39.52953076,0.012130922407873656
39.54368448,0.014038300144960708
39.54376531,0.014267185473411154
39.54382348,0.010986495765621425
39.54387689,0.012176699473563745
39.5439291,0.014053559166857405
39.55377841,0.014297703517204547
39.55390692,0.010986495765621425
39.55396485,0.012146181429770352
39.57780933,0.014099336232547494
39.57790661,0.014251926451514458
39.58372855,0.010971236743724726
39.59258175,0.012146181429770352
39.59264183,0.014084077210650798
39.60695839,0.01428244449530785
39.60705876,0.011017013809414817
39.60711908,0.012146181429770352
39.60717416,0.01394674601358053
39.60722613,0.014267185473411154
39.62962794,0.010986495765621425
39.62972379,0.01206988632028687
39.62978244,0.014068818188754101
39.62983656,0.01428244449530785
39.62988877,0.010940718699931334
39.63772368,0.012146181429770352
39.63780499,0.01399252307927062
39.63786411,0.014221408407721065
39.6379168,0.011032272831311514
39.64615893,0.01211566338597696
39.64625573,0.014053559166857405
39.65862417,0.014267185473411154
39.65872478,0.011017013809414817
39.65876007,0.012161440451667048
39.67315435,0.014038300144960708
39.67325068,0.014251926451514458
39.67809701,0.010986495765621425
39.67823267,0.012146181429770352
39.67829394,0.014084077210650798
39.69147658,0.01428244449530785
39.69151902,0.011001754787518121
39.6915493,0.01211566338597696
39.69748926,0.014038300144960708
39.69753027,0.014251926451514458
39.70369291,0.010986495765621425
39.71801567,0.01211566338597696
39.71811104,0.014007782101167316
39.73273015,0.014251926451514458
39.73284078,0.010940718699931334
39.7328999,0.01211566338597696
39.7329545,0.01399252307927062
39.73300719,0.014236667429617761
39.74699092,0.011017013809414817
39.7470901,0.012146181429770352
39.74714875,0.01399252307927062
39.75300288,0.014297703517204547
39.75309873,0.01095597772182803
39.76671481,0.012085145342183566
39.76681304,0.014007782101167316
39.7668829,0.014251926451514458
39.76693606,0.011017013809414817
39.7936492,0.012130922407873656
39.79373002,0.014038300144960708
39.7937746,0.014312962539101243
39.79382372,0.011032272831311514
39.7938745,0.012146181429770352
39.80051088,0.014007782101167316
39.80055571,0.014343480582894636
39.80869985,0.011001754787518121
39.80878162,0.012085145342183566
39.80884123,0.014068818188754101
39.81765532,0.014297703517204547
39.81768298,0.011032272831311514
39.83173633,0.012100404364080263
39.83184934,0.01399252307927062
39.8319087,0.014297703517204547
39.84454179,0.010971236743724726
39.85864878,0.012054627298390174
39.85872602,0.01394674601358053
39.85876131,0.014312962539101243
39.85879374,0.01104753185320821
39.8588264,0.012039368276493477
39.86875629,0.014007782101167316
39.86883616,0.014312962539101243
39.8757987,0.011001754787518121
39.87591147,0.01211566338597696
39.87597322,0.014007782101167316
39.8886013,0.01432822156099794
39.88863182,0.011078049897001603
39.90253115,0.012100404364080263
39.90259171,0.014007782101167316
39.90262747,0.014312962539101243
39.91247725,0.01104753185320821
39.91673899,0.012024109254596781
39.91681814,0.013977264057373923
39.91687727,0.01432822156099794
39.92642689,0.011032272831311514
39.92648864,0.012100404364080263
39.93369603,0.013962005035477227
39.93377781,0.01428244449530785
39.94796515,0.011001754787518121
39.94810414,0.012039368276493477
39.94816637,0.013962005035477227
39.97181273,0.014312962539101243
39.97191191,0.011017013809414817
39.97197008,0.012039368276493477
39.97202444,0.01394674601358053
39.97207689,0.014297703517204547
39.97212768,0.01104753185320821
39.97899866,0.011993591210803388
39.9790957,0.01399252307927062
39.99263644,0.014297703517204547
39.99271369,0.011108567940794995
39.99275064,0.012054627298390174
39.99969268,0.014007782101167316
39.99983072,0.014358739604791332
40.01275802,0.011078049897001603
40.01286888,0.012008850232700085
40.01292872,0.014007782101167316
40.02663898,0.01432822156099794
40.02671409,0.011078049897001603
40.0346899,0.012039368276493477
40.03477979,0.01399252307927062
40.03484035,0.014297703517204547
40.03674388,0.011032272831311514
40.05097008,0.012054627298390174
40.05106711,0.013962005035477227
40.05674601,0.014312962539101243
40.05686736,0.011093308918898299
40.05691457,0.012008850232700085
40.08101916,0.01399252307927062
40.08111739,0.01432822156099794
40.08117557,0.011062790875104906
40.09352493,0.012054627298390174
40.09357858,0.014038300144960708
40.09360576,0.014343480582894636
40.09363127,0.011078049897001603
40.11774707,0.012085145342183566
40.11786103,0.014007782101167316
40.11792135,0.014389257648584725
40.11797547,0.011108567940794995
40.127671,0.01206988632028687
40.12777781,0.014007782101167316
40.12781692,0.014343480582894636
40.12785077,0.01104753185320821
40.12788272,0.01206988632028687
40.14072657,0.014007782101167316
40.14078593,0.014358739604791332
40.15392399,0.01104753185320821
40.15402174,0.011993591210803388
40.15407968,0.01399252307927062
40.15584373,0.01432822156099794
40.15589023,0.011062790875104906
40.16853762,0.012039368276493477
40.16867709,0.013977264057373923
40.16873693,0.014373998626688029
40.16879272,0.011032272831311514
40.1787889,0.011993591210803388
40.1788857,0.014038300144960708
40.19360542,0.01432822156099794
40.19371319,0.011078049897001603
40.19374204,0.012008850232700085
40.20714378,0.014007782101167316
40.20723939,0.014373998626688029
40.22073126,0.011108567940794995
40.2208786,0.011993591210803388
40.22097397,0.013977264057373923
40.22104955,0.014404516670481423
40.22110534,0.011154345006485085
40.23054171,0.011993591210803388
40.23059106,0.013977264057373923
40.23062611,0.014343480582894636
40.23450541,0.011108567940794995
40.24897265,0.012008850232700085
40.24906898,0.013962005035477227
40.26357961,0.014389257648584725
40.2636528,0.011139085984588388
40.26368856,0.012024109254596781
40.27168989,0.014007782101167316
40.27176762,0.014404516670481423
40.27770567,0.011139085984588388
40.27781796,0.012008850232700085
40.27787757,0.014007782101167316
40.28703761,0.01441977569237812
40.28713441,0.011139085984588388
40.28719497,0.012024109254596781
40.30059385,0.01399252307927062
40.30062604,0.01441977569237812
40.30065298,0.011169604028381781
40.32467699,0.012008850232700085
40.32475591,0.013977264057373923
40.326545,0.01441977569237812
40.32659936,0.011139085984588388
40.3266356,0.012024109254596781
40.34101415,0.01399252307927062
40.34110999,0.014358739604791332
40.34116912,0.011139085984588388
40.34122252,0.012024109254596781
40.3412745,0.013977264057373923
40.35474348,0.014373998626688029
40.35484123,0.011123826962691692
40.36993217,0.011932555123216601
40.37004757,0.01394674601358053
40.37011337,0.014404516670481423
40.37853861,0.011108567940794995
40.39163661,0.011978332188906692
40.39170051,0.01394674601358053
40.39173794,0.014312962539101243
40.39652562,0.011123826962691692
40.39656305,0.011917296101319905
40.40578151,0.013885709925993743
40.40586233,0.014358739604791332
40.41191959,0.011139085984588388
40.4120357,0.011932555123216601
40.41209626,0.01394674601358053
40.42095852,0.014358739604791332
40.42105842,0.011032272831311514
40.42111874,0.011902037079423208
40.44376612,0.01394674601358053
40.4438045,0.014358739604791332
40.44383168,0.011123826962691692
40.44580603,0.011917296101319905
40.44588423,0.01394674601358053
40.45854449,0.014343480582894636
40.4586091,0.011123826962691692
40.45864463,0.011902037079423208
40.46769452,0.013916227969787138
40.46777296,0.014358739604791332
40.47688246,0.011139085984588388
40.47699547,0.011886778057526512
40.47705555,0.013962005035477227
40.4997437,0.014343480582894636
40.49983954,0.011123826962691692
40.51392365,0.011963073167009996
40.51403642,0.013962005035477227
40.51409626,0.014373998626688029
40.51415062,0.011123826962691692
40.52758336,0.011917296101319905
40.5276525,0.013977264057373923
40.53668451,0.014435034714274816
40.53677487,0.011139085984588388
40.53683496,0.011917296101319905
40.54600763,0.014007782101167316
40.54610419,0.014373998626688029
40.54616332,0.011154345006485085
40.54621649,0.011963073167009996
40.54626942,0.013916227969787138
40.5586431,0.014435034714274816
40.55872011,0.011154345006485085
40.57271695,0.011871519035629816
40.57280707,0.013977264057373923
40.57286787,0.014435034714274816
40.57293415,0.011123826962691692
40.58271503,0.011932555123216601
40.58279514,0.013931486991683834
40.58759332,0.01441977569237812
40.58764195,0.011139085984588388
40.58767676,0.011932555123216601
40.60165262,0.013962005035477227
40.60168576,0.014389257648584725
40.60776138,0.011184863050278477
40.60790682,0.011886778057526512
40.63178587,0.013962005035477227
40.63187504,0.014465552758068208
40.63193583,0.011200122072175174
40.63201046,0.011917296101319905
40.63206387,0.01399252307927062
40.63211608,0.01441977569237812
40.6321671,0.011184863050278477
40.64664078,0.011963073167009996
40.64669347,0.013977264057373923
40.65456271,0.014450293736171512
40.65460157,0.011276417181658656
40.65463734,0.011917296101319905
40.66364789,0.01394674601358053
40.66368222,0.014480811779964905
40.6875844,0.011184863050278477
40.68764758,0.011902037079423208
40.68768382,0.014038300144960708
40.68771625,0.014465552758068208
40.68774796,0.011200122072175174
40.702806,0.011902037079423208
40.70290351,0.013916227969787138
40.70296574,0.014450293736171512
40.7030201,0.01121538109407187
40.71275568,0.011871519035629816
40.71282053,0.01394674601358053
40.71284962,0.014526588845654994
40.72253084,0.011230640115968566
40.72257018,0.011917296101319905
40.73715448,0.013977264057373923
40.73727918,0.014450293736171512
40.74965835,0.011245899137865263
40.74976802,0.011917296101319905
40.74982858,0.013916227969787138
40.75866938,0.014480811779964905
40.75874972,0.011200122072175174
40.76365638,0.011871519035629816
40.76374602,0.01394674601358053
40.7638061,0.014450293736171512
40.76971102,0.011200122072175174
40.77963901,0.011841000991836423
40.77975178,0.013962005035477227
40.79277802,0.014465552758068208
40.79287839,0.011230640115968566
40.79293704,0.011902037079423208
40.80681682,0.013931486991683834
40.80694723,0.014450293736171512
40.81453729,0.011276417181658656
40.81459188,0.011841000991836423
40.81462812,0.01394674601358053
40.82158947,0.014496070801861601
40.82163644,0.01126115815976196
40.83573413,0.011886778057526512
40.83584785,0.014007782101167316
40.83590889,0.014465552758068208
40.83596563,0.011291676203555352
40.84467316,0.011902037079423208
40.84474969,0.013931486991683834
40.85872555,0.014465552758068208
40.85890985,0.011322194247348745
40.85897183,0.011902037079423208
40.87299919,0.013962005035477227
40.87313533,0.014435034714274816
40.88166428,0.011245899137865263
40.88175893,0.01185626001373312
40.88181806,0.013977264057373923
40.88187099,0.014465552758068208
40.88192344,0.011291676203555352
40.89678884,0.011886778057526512
40.8968873,0.013977264057373923
40.89694715,0.014465552758068208
40.89700103,0.011291676203555352
40.92271066,0.01185626001373312
40.92280722,0.013931486991683834
40.92768955,0.014496070801861601
40.92779398,0.01126115815976196
40.92785454,0.011841000991836423
40.93697143,0.013977264057373923
40.93706799,0.014480811779964905
40.94254708,0.011276417181658656
40.94262385,0.01185626001373312
40.94267535,0.013916227969787138
40.9525311,0.01441977569237812
40.9525795,0.01126115815976196
40.96489954,0.011795223926146334
40.9650259,0.013885709925993743
40.96508765,0.014465552758068208
40.97849011,0.01121538109407187
40.993011,0.011749446860456245
40.99314475,0.013885709925993743
40.99320436,0.014404516670481423
40.99326015,0.011245899137865263
40.99331427,0.01181048294804303
41.01671076,0.013870450904097047
41.0168047,0.014435034714274816
41.02472734,0.01126115815976196
41.02484202,0.011749446860456245
41.02492666,0.013931486991683834
41.0250051,0.014404516670481423
41.02506351,0.01121538109407187
41.03167939,0.011749446860456245
41.03176904,0.01385519188220035
41.03183055,0.014435034714274816
41.05577278,0.01126115815976196
41.05586863,0.011779964904249637
41.05592585,0.013870450904097047
41.06468725,0.014435034714274816
41.06477642,0.01126115815976196
41.06483603,0.011718928816662852
41.07477617,0.013839932860303654
41.07488275,0.01441977569237812
41.07492042,0.01126115815976196
41.07854676,0.011734187838559548
41.07859874,0.013870450904097047
41.08756495,0.014435034714274816
41.08761191,0.011245899137865263
41.12159562,0.011749446860456245
41.12166762,0.013885709925993743
41.12170529,0.014435034714274816
41.12173891,0.011306935225452048
41.12366939,0.011703669794766156
41.12374759,0.013824673838406958
41.12380552,0.014389257648584725
41.12385964,0.011200122072175174
41.12391329,0.01168841077286946
41.13422894,0.013824673838406958
41.13432837,0.014373998626688029
41.14264607,0.01126115815976196
41.14273548,0.011718928816662852
41.14277315,0.013824673838406958
41.15175009,0.014404516670481423
41.15185332,0.011276417181658656
41.1747508,0.011657892729076066
41.1748302,0.013809414816510261
41.1748662,0.014435034714274816
41.17724633,0.011230640115968566
41.19054508,0.01168841077286946
41.19058323,0.013839932860303654
41.19061446,0.014373998626688029
41.19066501,0.01126115815976196
41.19071674,0.011734187838559548
41.19965768,0.013824673838406958
41.19968438,0.014450293736171512
41.20860267,0.011306935225452048
41.208673,0.011703669794766156
41.22295809,0.01385519188220035
41.22307134,0.014480811779964905
41.22313213,0.011322194247348745
41.24660826,0.011703669794766156
41.24668694,0.01385519188220035
41.24671555,0.014435034714274816
41.24674082,0.011306935225452048
41.24676585,0.011657892729076066
41.24679112,0.01385519188220035
41.25669289,0.014496070801861601
41.25677371,0.01138323033493553
41.25683141,0.011673151750972763
41.26556182,0.01385519188220035
41.26558948,0.014480811779964905
41.27381325,0.011352712291142137
41.27389193,0.011673151750972763
41.27393079,0.013931486991683834
41.28858638,0.014435034714274816
41.28861904,0.011322194247348745
41.31167221,0.011718928816662852
41.31174779,0.01385519188220035
41.31178975,0.01441977569237812
41.3118217,0.011413748378728923
41.31458759,0.011718928816662852
41.31463528,0.01385519188220035
41.32156444,0.014404516670481423
41.32161713,0.011306935225452048
41.32165313,0.011673151750972763
41.33582687,0.01385519188220035
41.33592391,0.014435034714274816
41.34860539,0.011306935225452048
41.34867835,0.01168841077286946
41.34871507,0.013824673838406958
41.37300825,0.014450293736171512
41.37310839,0.011367971313038834
41.37853718,0.011627374685282674
41.37860298,0.013809414816510261
41.37863994,0.014435034714274816
41.3786726,0.01126115815976196
41.3926878,0.011627374685282674
41.39276552,0.013824673838406958
41.39282489,0.01441977569237812
41.39287853,0.011291676203555352
41.39292979,0.01164263370717937
41.40185213,0.013794155794613565
41.40194845,0.014404516670481423
41.42487597,0.011367971313038834
41.42501926,0.011627374685282674
41.4250834,0.013809414816510261
41.42661285,0.01441977569237812
41.42667079,0.011306935225452048
41.44103026,0.011581597619592585
41.44117284,0.013870450904097047
41.4412396,0.01441977569237812
41.44129872,0.011367971313038834
41.44133162,0.011612115663385977
41.44136381,0.013839932860303654
41.45467234,0.014450293736171512
41.45476317,0.011444266422522316
41.45482373,0.011627374685282674
41.46980906,0.013824673838406958
41.46990609,0.014480811779964905
41.49275088,0.011352712291142137
41.49286151,0.011612115663385977
41.49292326,0.013885709925993743
41.4929781,0.01441977569237812
41.49303102,0.011398489356832226
41.49979281,0.011535820553902495
41.49990702,0.013839932860303654
41.49996567,0.014465552758068208
41.50583386,0.011398489356832226
41.51356936,0.011596856641489281
41.51361775,0.013839932860303654
41.52265763,0.014450293736171512
41.52274704,0.01142900740062562
41.52280593,0.011551079575799192
41.54661107,0.013839932860303654
41.54668427,0.014465552758068208
41.54672003,0.01138323033493553
41.54675198,0.011627374685282674
41.54678369,0.013824673838406958
41.55669546,0.014465552758068208
41.55677438,0.011459525444419012
41.56390715,0.011612115663385977
41.5640223,0.013824673838406958
41.56408334,0.014465552758068208
41.5697391,0.011398489356832226
41.58270669,0.011551079575799192
41.5827682,0.013824673838406958
41.5828042,0.014465552758068208
41.59653163,0.01138323033493553
41.59658241,0.011612115663385977
41.6187737,0.013778896772716868
41.61892128,0.014435034714274816
41.61898232,0.011444266422522316
41.61904168,0.011566338597695888
41.61909389,0.013778896772716868
41.62156558,0.014496070801861601
41.62161446,0.011291676203555352
41.6347549,0.011566338597695888
41.63488507,0.013809414816510261
41.63494635,0.014435034714274816
41.63683462,0.01142900740062562
41.64662933,0.011566338597695888
41.6467092,0.013809414816510261
41.6607101,0.014435034714274816
41.66080022,0.011490043488212406
41.66085982,0.011581597619592585
41.67393827,0.013839932860303654
41.67403531,0.014496070801861601
41.68058133,0.01147478446631571
41.68063021,0.011551079575799192
41.68066525,0.013824673838406958
41.68861222,0.014435034714274816
41.68866372,0.011444266422522316
41.695719,0.011566338597695888
41.69579911,0.013824673838406958
41.69585824,0.014435034714274816
41.70153952,0.01147478446631571
41.71580029,0.011535820553902495
41.71589565,0.013794155794613565
41.74004579,0.014480811779964905
41.74018598,0.01147478446631571
41.7402513,0.011520561532005799
41.74871945,0.01385519188220035
41.74880028,0.014435034714274816
41.74885869,0.01147478446631571
41.7489109,0.011520561532005799
41.74896312,0.013794155794613565
41.76173687,0.014465552758068208
41.76181507,0.011459525444419012
41.77092981,0.011566338597695888
41.77104616,0.013824673838406958
41.77110648,0.014404516670481423
41.77853513,0.011490043488212406
41.78778672,0.011535820553902495
41.78786874,0.013748378728923476
41.81163836,0.014480811779964905
41.81175542,0.011444266422522316
41.81179166,0.011535820553902495
41.81182694,0.013794155794613565
41.81188536,0.014480811779964905
41.82693696,0.011505302510109103
41.82705212,0.011520561532005799
41.82711196,0.013794155794613565
41.82716632,0.014480811779964905
41.82722068,0.011490043488212406
41.83576512,0.011535820553902495
41.83587885,0.013763637750820172
41.83594036,0.014496070801861601
41.83599448,0.011444266422522316
41.84976697,0.011566338597695888
41.84986115,0.013824673838406958
41.86396909,0.014450293736171512
41.86408091,0.01147478446631571
41.86414099,0.011520561532005799
41.87310338,0.013824673838406958
41.87320924,0.01454184786755169
41.87756753,0.011535820553902495
41.87762284,0.011535820553902495
41.87766862,0.013794155794613565
41.88651967,0.014496070801861601
41.88655734,0.011490043488212406
41.89984059,0.011535820553902495
41.89994097,0.013824673838406958
41.90000129,0.014465552758068208
41.90269279,0.011596856641489281
41.92477489,0.011490043488212406
41.92486978,0.013794155794613565
41.92666745,0.014465552758068208
41.92675614,0.011520561532005799
41.92681456,0.011490043488212406
41.93600297,0.01368734264133669
41.93612885,0.014480811779964905
41.94360542,0.011535820553902495
41.94366431,0.011505302510109103
41.94369507,0.013794155794613565
41.95669198,0.014496070801861601
41.95679092,0.011520561532005799
41.96265841,0.011520561532005799
41.96274734,0.013794155794613565
41.96280742,0.014496070801861601
41.97652721,0.011551079575799192
41.9897604,0.011490043488212406
41.9898386,0.013794155794613565
42.00397825,0.014496070801861601
42.00408936,0.011566338597695888
42.00415015,0.011291676203555352
42.00563526,0.013763637750820172
42.00566816,0.014496070801861601
42.00569963,0.011535820553902495
42.00573015,0.01147478446631571
42.00576115,0.013748378728923476
42.01955724,0.014480811779964905
42.01958847,0.011535820553902495
42.04459214,0.01142900740062562
42.04465914,0.013748378728923476
42.04470181,0.014496070801861601
42.04473519,0.011535820553902495
42.04476714,0.011352712291142137
42.04479837,0.013763637750820172
42.05879426,0.014465552758068208
42.05889463,0.011596856641489281
42.05895376,0.01142900740062562
42.06595945,0.013748378728923476
42.06608129,0.014526588845654994
42.07859349,0.011551079575799192
42.07866669,0.01147478446631571
42.07870317,0.013763637750820172
42.08772898,0.014496070801861601
42.0877707,0.011566338597695888
42.11262035,0.011490043488212406
42.11269283,0.013748378728923476
42.1127286,0.014480811779964905
42.11676335,0.011627374685282674
42.11684346,0.011444266422522316
42.1169014,0.013794155794613565
42.12596869,0.014358739604791332
42.12608051,0.011581597619592585
42.12614226,0.011444266422522316
42.1310153,0.013748378728923476
42.13111186,0.014526588845654994
42.14372015,0.011596856641489281
42.14380717,0.011459525444419012
42.14384317,0.013778896772716868
42.15756989,0.014450293736171512
42.15760684,0.011596856641489281
42.17167115,0.011444266422522316
42.17175317,0.013748378728923476
42.17178917,0.014511329823758298
42.17182136,0.011596856641489281
42.17958975,0.011444266422522316
42.17963886,0.013809414816510261
42.18971419,0.014496070801861601
42.18976688,0.01164263370717937
42.18979597,0.011444266422522316
42.20296168,0.01373311970702678
42.20300198,0.014480811779964905
42.20871782,0.01164263370717937
42.20880699,0.011444266422522316
42.20888281,0.013748378728923476
42.23282576,0.014496070801861601
42.23292685,0.011612115663385977
42.23298955,0.01142900740062562
42.23304701,0.013794155794613565
42.23310208,0.014465552758068208
42.2331574,0.011627374685282674
42.24277377,0.011444266422522316
42.24285245,0.01373311970702678
42.25792003,0.014496070801861601
42.25801992,0.011444266422522316
42.25807953,0.011413748378728923
42.26470256,0.013794155794613565
42.26473141,0.014496070801861601
42.28899026,0.01164263370717937
42.28908873,0.011398489356832226
42.28914762,0.013794155794613565
42.29364729,0.014526588845654994
42.29367399,0.01168841077286946
42.30270696,0.01147478446631571
42.30280042,0.013763637750820172
42.30554843,0.014511329823758298
42.30563331,0.011627374685282674
42.31360173,0.011367971313038834
42.31364012,0.013794155794613565
42.3136692,0.014373998626688029
42.32257223,0.01168841077286946
42.32260609,0.011413748378728923
42.346807,0.013763637750820172
42.34692073,0.014511329823758298
42.34698009,0.011657892729076066
42.34703374,0.011367971313038834
42.34708571,0.013748378728923476
42.35783362,0.014526588845654994
42.35793114,0.011490043488212406
42.35799074,0.01138323033493553
42.36585784,0.013763637750820172
42.36589599,0.014526588845654994
42.36592197,0.011657892729076066
42.37962079,0.011413748378728923
42.37966871,0.013794155794613565
42.38872027,0.014526588845654994
42.38880968,0.011749446860456245
42.38887072,0.011413748378728923
42.41253829,0.013763637750820172
42.41256666,0.014526588845654994
42.41259217,0.011657892729076066
42.41261744,0.011306935225452048
42.41264224,0.013748378728923476
42.42072821,0.014404516670481423
42.42080688,0.011673151750972763
42.43377781,0.01138323033493553
42.43389177,0.013717860685130083
42.43395877,0.014480811779964905
42.43555975,0.011718928816662852
42.44877148,0.011352712291142137
42.44885111,0.013702601663233387
42.46295595,0.014496070801861601
42.46306849,0.01168841077286946
42.46312833,0.01138323033493553
42.47785521,0.013717860685130083
42.47795439,0.014450293736171512
42.47801375,0.011703669794766156
42.47807097,0.011367971313038834
42.47812295,0.01373311970702678
42.4916594,0.014480811779964905
42.4917028,0.011734187838559548
42.49173069,0.011413748378728923
42.49764585,0.013748378728923476
42.49767232,0.014526588845654994
42.50368023,0.011749446860456245
42.51775074,0.011322194247348745
42.51783037,0.013717860685130083
42.53191948,0.014496070801861601
42.53203297,0.011718928816662852
42.53209305,0.011322194247348745
42.53775597,0.01356527046616312
42.53785706,0.014480811779964905
42.54370785,0.011734187838559548
42.54381323,0.011352712291142137
42.54387188,0.013702601663233387
42.55452442,0.014496070801861601
42.55456114,0.011779964904249637
42.55458808,0.011322194247348745
42.56752443,0.01373311970702678
42.56756711,0.014465552758068208
42.56759262,0.011703669794766156
42.58376074,0.01138323033493553
42.58384109,0.013702601663233387
42.5838995,0.014450293736171512
42.60655236,0.011749446860456245
42.60658121,0.01138323033493553
42.62100649,0.013672083619439994
42.62110353,0.014526588845654994
42.62116194,0.011779964904249637
42.62121606,0.011322194247348745
42.62126851,0.013702601663233387
42.62699294,0.014496070801861601
42.6270926,0.011734187838559548
42.63578606,0.01138323033493553
42.63592076,0.01373311970702678
42.63596249,0.014496070801861601
42.63599586,0.011764705882352941
42.65880132,0.01126115815976196
42.65889812,0.013702601663233387
42.66597438,0.014450293736171512
42.6660881,0.011718928816662852
42.66614771,0.011535820553902495
42.67875504,0.013717860685130083
42.67882633,0.014526588845654994
42.67886281,0.011718928816662852
42.67889547,0.011322194247348745
42.67892671,0.013702601663233387
42.68454623,0.014465552758068208
42.68458104,0.011795223926146334
42.69898152,0.011306935225452048
42.69911289,0.01373311970702678
42.6991725,0.014557106889448387
42.72280884,0.011749446860456245
42.72288752,0.011322194247348745
42.7229476,0.01373311970702678
42.72596502,0.01441977569237812
42.72607827,0.011749446860456245
42.72613811,0.011306935225452048
42.73376155,0.013717860685130083
42.73389292,0.014465552758068208
42.74272609,0.01181048294804303
42.74289823,0.011291676203555352
42.74300289,0.013672083619439994
42.7577951,0.014526588845654994
42.75789118,0.011795223926146334
42.77056336,0.011276417181658656
42.77063727,0.01373311970702678
42.77067375,0.014480811779964905
42.77070737,0.011795223926146334
42.779567,0.011306935225452048
42.77960539,0.013717860685130083
42.79306912,0.014526588845654994
42.79318213,0.011841000991836423
42.79324174,0.011306935225452048
42.79817605,0.01368734264133669
42.79827261,0.014526588845654994
42.81156278,0.011825741969939726
42.81161785,0.011200122072175174
42.81165409,0.013763637750820172
42.82601452,0.014526588845654994
42.82611156,0.011841000991836423
42.83859706,0.011306935225452048
42.83867788,0.01368734264133669
42.83870769,0.014526588845654994
42.84169173,0.01181048294804303
42.84773779,0.011291676203555352
42.84781933,0.013672083619439994
42.84787869,0.014526588845654994
42.85972476,0.01185626001373312
42.8597517,0.011245899137865263
42.86593437,0.013717860685130083
42.86603284,0.014557106889448387
42.86609292,0.01181048294804303
42.89961982,0.011291676203555352
42.89971542,0.01368734264133669
42.89974308,0.014496070801861601
42.89976859,0.01185626001373312
42.90153432,0.011108567940794995
42.90157747,0.01368734264133669
42.90160584,0.014557106889448387
42.90163183,0.011902037079423208
42.91456437,0.011291676203555352
42.91463113,0.01373311970702678
42.91971636,0.014465552758068208
42.91980505,0.011841000991836423
42.91986489,0.011306935225452048
42.93466592,0.01368734264133669
42.93475509,0.014480811779964905
42.9587338,0.011886778057526512
42.95881486,0.011245899137865263
42.95887303,0.013702601663233387
42.96651459,0.014526588845654994
42.96656084,0.011779964904249637
42.97687197,0.011230640115968566
42.97696257,0.013672083619439994
42.97702909,0.014435034714274816
42.97708392,0.011886778057526512
42.98471642,0.01126115815976196
42.98479581,0.01368734264133669
42.99086499,0.014480811779964905
42.99098921,0.011886778057526512
42.99104905,0.011276417181658656
43.01353502,0.013641565575646601
43.01357555,0.014480811779964905
43.02814364,0.011841000991836423
43.02824235,0.011230640115968566
43.02830148,0.013717860685130083
43.02838421,0.014526588845654994
43.02846932,0.01185626001373312
43.03660464,0.011169604028381781
43.03665972,0.013702601663233387
43.03668833,0.014511329823758298
43.03671432,0.011902037079423208
43.04572344,0.011108567940794995
43.0458045,0.013626306553749905
43.05978632,0.01454184786755169
43.05988622,0.011841000991836423
43.05994511,0.011184863050278477
43.07259798,0.013626306553749905
43.07265091,0.014465552758068208
43.08169961,0.01185626001373312
43.08178926,0.011200122072175174
43.08185005,0.013611047531853208
43.08782601,0.014526588845654994
43.08787036,0.011917296101319905
43.10163307,0.011245899137865263
43.101722,0.01368734264133669
43.10175848,0.014526588845654994
43.10179138,0.011902037079423208
43.11669946,0.011200122072175174
43.11677742,0.013717860685130083
43.11683464,0.01454184786755169
43.12964845,0.011902037079423208
43.12968016,0.01126115815976196
43.13862252,0.013672083619439994
43.13872361,0.014572365911345083
43.13875294,0.011917296101319905
43.14453411,0.011184863050278477
43.14456296,0.013656824597543298
43.15410781,0.014496070801861601
43.15420675,0.011886778057526512
43.15426588,0.011169604028381781
43.16650844,0.013672083619439994
43.16655493,0.014526588845654994
43.16658092,0.011902037079423208
43.19185472,0.011200122072175174
43.19195199,0.01368734264133669
43.1920104,0.014480811779964905
43.19206333,0.011978332188906692
43.19211555,0.011139085984588388
43.20551753,0.013580529488059816
43.20555639,0.014572365911345083
43.21076655,0.011902037079423208
43.21081448,0.011184863050278477
43.21085024,0.013672083619439994
43.22408271,0.014526588845654994
43.22417808,0.011947814145113297
43.23289704,0.011245899137865263
43.23304343,0.013611047531853208
43.23312163,0.014496070801861601
43.2467134,0.011978332188906692
43.26105976,0.011154345006485085
43.26115537,0.013595788509956512
43.2612133,0.01454184786755169
43.26126695,0.011871519035629816
43.2613194,0.011169604028381781
43.27453804,0.013611047531853208
43.27457905,0.014480811779964905
43.2977798,0.011917296101319905
43.29789114,0.011169604028381781
43.29801297,0.013611047531853208
43.29806876,0.014496070801861601
43.29812241,0.011963073167009996
43.30769277,0.011123826962691692
43.30777478,0.013580529488059816
43.30783343,0.014496070801861601
43.31753325,0.011978332188906692
43.33117914,0.011139085984588388
43.33127689,0.013641565575646601
43.33133626,0.014480811779964905
43.33138967,0.011932555123216601
43.33147383,0.011200122072175174
43.34384465,0.013626306553749905
43.34395432,0.014496070801861601
43.3439908,0.011932555123216601
43.34402347,0.011123826962691692
43.34405541,0.013611047531853208
43.35601807,0.014526588845654994
43.35611415,0.011993591210803388
43.36855316,0.011123826962691692
43.3686471,0.013672083619439994
43.36867857,0.014480811779964905
43.3715508,0.011932555123216601
43.38373232,0.011184863050278477
43.383811,0.013611047531853208
43.39777231,0.014480811779964905
43.39788628,0.012054627298390174
43.39794612,0.011139085984588388
43.3980217,0.01356527046616312
43.3980751,0.014526588845654994
43.41254163,0.011978332188906692
43.41258717,0.011169604028381781
43.41261554,0.013641565575646601
43.4187746,0.014526588845654994
43.41885471,0.011917296101319905
43.43284035,0.011184863050278477
43.43298197,0.013641565575646601
43.43305373,0.014526588845654994
43.44153976,0.012054627298390174
43.45593858,0.011169604028381781
43.45603633,0.013641565575646601
43.46191502,0.014557106889448387
43.46201301,0.011993591210803388
43.46207094,0.011154345006485085
43.46782637,0.013626306553749905
43.46787667,0.01454184786755169
43.47665691,0.011902037079423208
43.47676992,0.011169604028381781
43.47684956,0.013611047531853208
43.49057889,0.014480811779964905
43.49061918,0.012008850232700085
43.50359464,0.011154345006485085
43.50370908,0.013595788509956512
43.50376296,0.01454184786755169
43.50380206,0.011978332188906692
43.52177763,0.011108567940794995
43.52187467,0.013641565575646601
43.52193475,0.014480811779964905
43.52198958,0.011978332188906692
43.52204275,0.011169604028381781
43.53671622,0.01356527046616312
43.53679204,0.014496070801861601
43.54161835,0.012039368276493477
43.54170871,0.011123826962691692
43.54178619,0.013595788509956512
43.55594921,0.01454184786755169
43.55604577,0.012039368276493477
43.57973838,0.011108567940794995
43.5798502,0.013641565575646601
43.57991123,0.014480811779964905
43.57996535,0.012039368276493477
43.58269691,0.011123826962691692
43.58281016,0.01356527046616312
43.59096813,0.014496070801861601
43.59108186,0.012039368276493477
43.59114242,0.011062790875104906
43.60030246,0.013641565575646601
43.60060668,0.014511329823758298
43.60084081,0.012039368276493477
43.61252809,0.011078049897001603
43.61255789,0.013595788509956512
43.63666749,0.014526588845654994
43.63677263,0.012024109254596781
43.65064168,0.011154345006485085
43.65073252,0.013580529488059816
43.65079188,0.014450293736171512
43.65084577,0.012100404364080263
43.65995145,0.011139085984588388
43.66005039,0.013580529488059816
43.67264724,0.014496070801861601
43.67272711,0.012054627298390174
43.67282939,0.011078049897001603
43.67287326,0.013595788509956512
43.67292213,0.014496070801861601
43.6785624,0.012024109254596781
43.6786027,0.011139085984588388
43.67863131,0.01356527046616312
43.68755031,0.014480811779964905
43.68758559,0.01211566338597696
43.70174193,0.011062790875104906
43.70181847,0.01356527046616312
43.70185137,0.014557106889448387
43.71556306,0.012039368276493477
43.71559381,0.011108567940794995
43.7156198,0.013580529488059816
43.72895455,0.014480811779964905
43.72906709,0.012085145342183566
43.72912693,0.011078049897001603
43.72918153,0.013580529488059816
43.72925615,0.014511329823758298
43.74373293,0.012100404364080263
43.74380374,0.011078049897001603
43.74383926,0.013611047531853208
43.75772309,0.01454184786755169
43.75775552,0.01206988632028687
43.75778103,0.011078049897001603
43.77147412,0.013611047531853208
43.7715137,0.014465552758068208
43.77153921,0.012100404364080263
43.78170967,0.011093308918898299
43.7817893,0.013611047531853208
43.79002523,0.014465552758068208
43.79013848,0.012054627298390174
43.79019904,0.011078049897001603
43.8024807,0.013504234378576334
43.80252123,0.014496070801861601
43.80979109,0.01211566338597696
43.80987668,0.011078049897001603
43.80994606,0.013595788509956512
43.83283663,0.014465552758068208
43.83293366,0.012085145342183566
43.83299255,0.011108567940794995
43.83304667,0.013550011444266423
43.83309913,0.014526588845654994
43.83315086,0.012100404364080263
43.84555292,0.011078049897001603
43.84560156,0.013595788509956512
43.85913301,0.014557106889448387
43.85923314,0.012085145342183566
43.85929179,0.011078049897001603
43.86601615,0.013580529488059816
43.86611271,0.014465552758068208
43.87969875,0.012100404364080263
43.87978768,0.011154345006485085
43.87984824,0.013550011444266423
43.8930006,0.014526588845654994
43.89309835,0.012100404364080263
43.90177345,0.011017013809414817
43.90189123,0.01356527046616312
43.901968,0.014480811779964905
43.90201664,0.012085145342183566
43.91054535,0.011078049897001603
43.91059041,0.013550011444266423
43.92475462,0.014496070801861601
43.92484331,0.012085145342183566
43.92491961,0.011032272831311514
43.93286014,0.01356527046616312
43.9329567,0.014465552758068208
43.95675588,0.012176699473563745
43.95685434,0.011032272831311514
43.95691347,0.013580529488059816
43.95696688,0.014526588845654994
43.95701838,0.01211566338597696
43.96390891,0.011062790875104906
43.96402335,0.01356527046616312
43.96408415,0.014480811779964905
43.97158217,0.01211566338597696
43.97852921,0.01104753185320821
43.97856808,0.01356527046616312
43.98863649,0.014496070801861601
43.98872662,0.012146181429770352
43.98878741,0.011032272831311514
44.01157641,0.013550011444266423
44.01163721,0.01454184786755169
44.01167297,0.012100404364080263
44.0117054,0.010986495765621425
44.01173711,0.013580529488059816
44.02165961,0.014496070801861601
44.02173829,0.012146181429770352
44.03099704,0.011032272831311514
44.03109384,0.01356527046616312
44.03115296,0.014526588845654994
44.03554749,0.012161440451667048
44.0498054,0.011032272831311514
44.04988551,0.01356527046616312
44.06267428,0.01454184786755169
44.06276345,0.012146181429770352
44.06282306,0.011032272831311514
44.07682014,0.013580529488059816
44.07698584,0.014496070801861601
44.07708383,0.012161440451667048
44.0771625,0.011032272831311514
44.07727408,0.013488975356679637
44.08669901,0.014526588845654994
44.08677745,0.012130922407873656
44.08683681,0.011017013809414817
44.10058069,0.013550011444266423
44.10061073,0.014480811779964905
44.10064149,0.01211566338597696
44.11570454,0.011001754787518121
44.11578918,0.013580529488059816
44.1386137,0.014496070801861601
44.13872313,0.012130922407873656
44.13876772,0.011078049897001603
44.14877319,0.013473716334782941
44.14886498,0.014480811779964905
44.16174197,0.012161440451667048
44.16182232,0.010986495765621425
44.16188145,0.013550011444266423
44.16193485,0.01454184786755169
44.16198635,0.012161440451667048
44.18270946,0.01104753185320821
44.18283248,0.013611047531853208
44.18291116,0.014480811779964905
44.18296504,0.012176699473563745
44.19580674,0.011032272831311514
44.19590235,0.01356527046616312
44.19596267,0.014496070801861601
44.19601727,0.012207217517357137
44.19608927,0.011017013809414817
44.20370626,0.013504234378576334
44.20373869,0.014496070801861601
44.20979476,0.012130922407873656
44.20987678,0.011017013809414817
44.20993614,0.013504234378576334
44.22250795,0.014450293736171512
44.22253752,0.012207217517357137
44.23180103,0.011062790875104906
44.23189926,0.01351949340047303
44.23195863,0.014480811779964905
44.23201275,0.012161440451667048
44.25673699,0.011001754787518121
44.25683117,0.013504234378576334
44.25689006,0.014496070801861601
44.25694251,0.012161440451667048
44.25699449,0.011017013809414817
44.2667551,0.013550011444266423
44.2667923,0.014496070801861601
44.27670979,0.012222476539253834
44.27679157,0.011017013809414817
44.2768507,0.013504234378576334
44.28353262,0.014465552758068208
44.2835722,0.012161440451667048
44.29813027,0.011017013809414817
44.29823089,0.013504234378576334
44.30354905,0.01454184786755169
44.30359578,0.012161440451667048
44.31768227,0.010940718699931334
44.31776142,0.013504234378576334
44.33172178,0.014480811779964905
44.33183479,0.012207217517357137
44.33189583,0.01104753185320821
44.33195043,0.013488975356679637
44.33200216,0.014526588845654994
44.34769082,0.012161440451667048
44.34779191,0.010971236743724726
44.34785032,0.013550011444266423
44.35399532,0.014465552758068208
44.35409236,0.012176699473563745
44.37669301,0.010986495765621425
44.37680435,0.01356527046616312
44.37686419,0.014496070801861601
44.37689996,0.012222476539253834
44.38673615,0.011017013809414817
44.38683486,0.01351949340047303
44.3917737,0.014526588845654994
44.39188766,0.012222476539253834
44.39194727,0.010971236743724726
44.40056634,0.013504234378576334
44.4006145,0.014480811779964905
44.40855217,0.012207217517357137
44.40860033,0.010986495765621425
44.40863633,0.013504234378576334
44.42258549,0.014496070801861601
44.42261815,0.012222476539253834
44.44659781,0.011032272831311514
44.44665146,0.013488975356679637
44.44668007,0.014496070801861601
44.4467063,0.012222476539253834
44.44673157,0.010925459678034637
44.44675779,0.013488975356679637
44.45700192,0.014526588845654994
44.45711279,0.012176699473563745
44.45719862,0.011001754787518121
44.46355677,0.013504234378576334
44.46358705,0.014526588845654994
44.47750998,0.012268253604943923
44.47757983,0.011001754787518121
44.47761726,0.013504234378576334
44.4915359,0.014526588845654994
44.49159002,0.01223773556115053
44.51670837,0.010971236743724726
44.51680517,0.013504234378576334
44.51686287,0.014511329823758298
44.51691604,0.012191958495460441
44.52895021,0.011001754787518121
44.52904654,0.013488975356679637
44.53761864,0.014496070801861601
44.5377202,0.012268253604943923
44.53778195,0.011001754787518121
44.54355073,0.013443198290989548
44.54361463,0.014526588845654994
44.54365134,0.012222476539253834
44.54368448,0.01104753185320821
44.54371619,0.013473716334782941
44.5679245,0.014496070801861601
44.56801772,0.012329289692530708
44.56807637,0.010940718699931334
44.56813431,0.01351949340047303
44.568187,0.014450293736171512
44.56823492,0.012268253604943923
44.58279133,0.010986495765621425
44.5829339,0.013550011444266423
44.58793664,0.014480811779964905
44.5880363,0.012298771648737316
44.588094,0.01095597772182803
44.60267687,0.013641565575646601
44.60275412,0.014450293736171512
44.6115613,0.01223773556115053
44.61162567,0.01095597772182803
44.61166167,0.01351949340047303
44.63392758,0.014465552758068208
44.63405204,0.012314030670634012
44.63414264,0.01095597772182803
44.63419819,0.013443198290989548
44.63425136,0.014480811779964905
44.6343255,0.012268253604943923
44.64967942,0.010910200656137941
44.64975882,0.013504234378576334
44.65471363,0.014480811779964905
44.65480351,0.012252994583047227
44.65486407,0.010986495765621425
44.66781664,0.013458457312886245
44.66796565,0.014450293736171512
44.68272138,0.01228351262684062
44.68283296,0.010940718699931334
44.68289757,0.013504234378576334
44.69554424,0.014496070801861601
44.69557714,0.012298771648737316
44.70264339,0.010925459678034637
44.70270777,0.013473716334782941
44.70273781,0.014496070801861601
44.70276904,0.012252994583047227
44.7167542,0.010986495765621425
44.71683478,0.013504234378576334
44.72371531,0.014511329823758298
44.72382784,0.012268253604943923
44.72388911,0.010925459678034637
44.73306823,0.013473716334782941
44.73323917,0.014450293736171512
44.74770474,0.012268253604943923
44.74782991,0.01095597772182803
44.74794221,0.013473716334782941
44.76096368,0.014496070801861601
44.76106024,0.012268253604943923
44.7667315,0.010940718699931334
44.766855,0.013488975356679637
44.76694083,0.014435034714274816
44.76700425,0.01228351262684062
44.781708,0.01095597772182803
44.78178787,0.013443198290989548
44.78869796,0.014526588845654994
44.78878665,0.01228351262684062
44.78884602,0.01095597772182803
44.81253123,0.013473716334782941
44.81257439,0.014526588845654994
44.8126092,0.012268253604943923
44.81263518,0.010940718699931334
44.81266093,0.013488975356679637
44.826092,0.014450293736171512
44.82619071,0.012329289692530708
44.83204842,0.010940718699931334
44.83217216,0.013458457312886245
44.83223152,0.014526588845654994
44.84057903,0.012298771648737316
44.84062552,0.010925459678034637
44.8406713,0.013458457312886245
44.85613704,0.014480811779964905
44.85624862,0.01228351262684062
44.8563087,0.010910200656137941
44.89992023,0.01351949340047303
44.90005422,0.014526588845654994
44.90013957,0.012329289692530708
44.9002893,0.01095597772182803
44.90033317,0.013443198290989548
44.90036583,0.014557106889448387
44.90041971,0.012344548714427405
44.90153456,0.010879682612344548
44.90159774,0.013488975356679637
44.90162635,0.014526588845654994
44.9016521,0.012314030670634012
44.91166973,0.010925459678034637
44.91175866,0.013443198290989548
44.92170024,0.014496070801861601
44.92178965,0.012329289692530708
44.92184901,0.010971236743724726
44.94408751,0.013443198290989548
44.94418287,0.014480811779964905
44.94872093,0.012359807736324101
44.94881248,0.010894941634241245
44.94887137,0.013458457312886245
44.95553946,0.014496070801861601
44.95558167,0.012252994583047227
44.9648664,0.010940718699931334
44.96496487,0.013427939269092852
44.96502423,0.014465552758068208
44.96507764,0.012390325780117494
44.9786005,0.010925459678034637
44.97864914,0.013458457312886245
45.00357485,0.014511329823758298
45.00365734,0.012390325780117494
45.00369763,0.010940718699931334
45.00372481,0.013458457312886245
45.00375104,0.014480811779964905
45.0135529,0.012329289692530708
45.01360774,0.01095597772182803
45.01364422,0.013488975356679637
45.01974535,0.014450293736171512
45.0198257,0.012390325780117494
45.03277564,0.010910200656137941
45.03287506,0.013458457312886245
45.03293419,0.014465552758068208
45.0329895,0.012359807736324101
45.04763508,0.010925459678034637
45.04769707,0.013443198290989548
45.05673385,0.014480811779964905
45.05681467,0.012298771648737316
45.05687547,0.010894941634241245
45.07064629,0.013473716334782941
45.0706749,0.014450293736171512
45.07960463,0.012298771648737316
45.07966709,0.010925459678034637
45.07970238,0.013397421225299458
45.08450437,0.014496070801861601
45.08454943,0.012359807736324101
45.09897041,0.010910200656137941
45.09907842,0.013473716334782941
45.09913945,0.014450293736171512
45.0991919,0.012390325780117494
45.12675381,0.011032272831311514
45.12685108,0.013458457312886245
45.12691116,0.014450293736171512
45.12696648,0.012359807736324101
45.12701845,0.010925459678034637
45.1368978,0.013427939269092852
45.13699436,0.014526588845654994
45.13705373,0.012359807736324101
45.13713121,0.010864423590447852
45.13718486,0.013458457312886245
45.15152216,0.014480811779964905
45.15155268,0.012344548714427405
45.16579223,0.010940718699931334
45.16589046,0.013443198290989548
45.16595197,0.014496070801861601
45.16600633,0.012375066758220797
45.19079232,0.010910200656137941
45.19088697,0.013412680247196154
45.19094515,0.014465552758068208
45.19099951,0.012390325780117494
45.19105291,0.010879682612344548
45.20153213,0.013473716334782941
45.20157051,0.01454184786755169
45.20960808,0.01240558480201419
45.20968676,0.010925459678034637
45.20972204,0.013458457312886245
45.21756172,0.014450293736171512
45.21759057,0.012390325780117494
45.24161577,0.010894941634241245
45.24170256,0.013458457312886245
45.24173164,0.014480811779964905
45.24176121,0.012420843823910887
45.25769019,0.010803387502861066
45.25781274,0.013443198290989548
45.25787711,0.014496070801861601
45.25796175,0.012359807736324101
45.25803685,0.010894941634241245
45.26451182,0.013458457312886245
45.26455021,0.014465552758068208
45.27779388,0.012436102845807583
45.2778554,0.010864423590447852
45.28371692,0.013397421225299458
45.28382254,0.014526588845654994
45.28391647,0.012390325780117494
45.307657,0.010894941634241245
45.3077805,0.013443198290989548
45.30782771,0.014526588845654994
45.30788064,0.012420843823910887
45.31575561,0.010894941634241245
45.31586385,0.013427939269092852
45.32470798,0.014511329823758298
45.32479715,0.012451361867704281
45.32485557,0.010879682612344548
45.3328414,0.013366903181506065
45.33293748,0.014526588845654994
45.34760642,0.01240558480201419
45.34769273,0.010894941634241245
45.34775162,0.013427939269092852
45.36173677,0.014480811779964905
45.36181688,0.012420843823910887
45.38469696,0.010879682612344548
45.38480711,0.013397421225299458
45.38486648,0.014480811779964905
45.38492203,0.012420843823910887
45.39258838,0.010894941634241245
45.39263558,0.013397421225299458
45.40191221,0.014480811779964905
45.40202785,0.012451361867704281
45.40208697,0.010940718699931334
45.41174126,0.013397421225299458
45.41180611,0.014480811779964905
45.41187334,0.012390325780117494
45.41190052,0.010910200656137941
45.41192651,0.013412680247196154
45.43974137,0.014496070801861601
45.43989706,0.012466620889600977
45.44359875,0.010894941634241245
45.44366145,0.013443198290989548
45.44370937,0.014465552758068208
45.44374943,0.012451361867704281
45.45974898,0.010833905546654459
45.45982838,0.013443198290989548
45.45988631,0.014480811779964905
45.45993924,0.012436102845807583
45.45999122,0.010864423590447852
45.46252728,0.013382162203402761
45.46256042,0.014450293736171512
45.47562814,0.012481879911497674
45.47569346,0.010833905546654459
45.47574949,0.013458457312886245
45.48953199,0.014465552758068208
45.48956251,0.012420843823910887
45.51262784,0.010864423590447852
45.51269054,0.013580529488059816
45.51272607,0.014496070801861601
45.51275969,0.012436102845807583
45.51554847,0.010833905546654459
45.51559615,0.013397421225299458
45.52460694,0.014450293736171512
45.52471209,0.012481879911497674
45.52477455,0.010833905546654459
45.53279543,0.013397421225299458
45.5328927,0.014526588845654994
45.547647,0.012451361867704281
45.54775715,0.010894941634241245
45.54781961,0.013382162203402761
45.56072283,0.014480811779964905
45.56080222,0.012420843823910887
45.56892037,0.010833905546654459
45.5690341,0.013427939269092852
45.56909418,0.014435034714274816
45.56915903,0.012451361867704281
45.57768035,0.010864423590447852
45.57775736,0.013366903181506065
45.59169626,0.014480811779964905
45.59177661,0.012420843823910887
45.59183383,0.010818646524757763
45.60081506,0.013412680247196154
45.60089254,0.014465552758068208
45.61358476,0.012466620889600977
45.61367035,0.010849164568551155
45.61370659,0.013412680247196154
45.63877535,0.014496070801861601
45.63889551,0.012649729152361334
45.6389606,0.010864423590447852
45.65253353,0.013351644159609368
45.65256429,0.014480811779964905
45.65259027,0.012436102845807583
45.65768743,0.010833905546654459
45.6577661,0.013427939269092852
45.66778016,0.014450293736171512
45.66787744,0.012481879911497674
45.66793633,0.010833905546654459
45.6679914,0.013351644159609368
45.66804457,0.014465552758068208
45.69171882,0.012466620889600977
45.69181466,0.010803387502861066
45.69187474,0.013382162203402761
45.6919291,0.014465552758068208
45.69198322,0.01249713893339437
45.70572782,0.010803387502861066
45.70585275,0.013366903181506065
45.70591521,0.014465552758068208
45.70598459,0.012466620889600977
45.71054912,0.010833905546654459
45.71059728,0.013351644159609368
45.72572565,0.01454184786755169
45.72585082,0.012512397955291066
45.72592449,0.010864423590447852
45.73271465,0.013427939269092852
45.73279309,0.014480811779964905
45.75677991,0.012512397955291066
45.75687528,0.01078812848096437
45.75693417,0.013351644159609368
45.75698853,0.014496070801861601
45.75704002,0.012481879911497674
45.75709152,0.010864423590447852
45.76865315,0.013366903181506065
45.76868558,0.014450293736171512
45.76871109,0.012512397955291066
45.77768016,0.010803387502861066
45.77777743,0.013351644159609368
45.77782583,0.014496070801861601
45.79253411,0.012512397955291066
45.79257631,0.010833905546654459
45.80580997,0.013366903181506065
45.80591726,0.014465552758068208
45.8196795,0.012527656977187763
45.81977081,0.011017013809414817
45.8198297,0.013366903181506065
45.82671332,0.014480811779964905
45.82679176,0.01266498817425803
45.83317423,0.010833905546654459
45.83328533,0.013366903181506065
45.83334517,0.014496070801861601
45.83801961,0.012527656977187763
45.84757113,0.010818646524757763
45.84763575,0.013366903181506065
45.84769511,0.014450293736171512
45.85654068,0.01254291599908446
45.85656905,0.010803387502861066
45.87872291,0.013366903181506065
45.87879968,0.014450293736171512
45.87883472,0.012680247196154727
45.87886906,0.010818646524757763
45.8789022,0.013351644159609368
45.88901687,0.014572365911345083
45.88911557,0.01254291599908446
45.89872837,0.010803387502861066
45.89884067,0.013366903181506065
45.89890075,0.014450293736171512
45.90315485,0.012512397955291066
45.91263962,0.010864423590447852
45.91270185,0.013336385137712672
45.91273093,0.014465552758068208
45.93560839,0.01254291599908446
45.93565249,0.010833905546654459
45.93567824,0.013382162203402761
45.93570375,0.014496070801861601
45.93573952,0.012558175020981156
45.94553232,0.010803387502861066
45.9455626,0.013366903181506065
45.95466876,0.014465552758068208
45.95475078,0.012527656977187763
45.96785831,0.010864423590447852
45.9679718,0.013336385137712672
45.96803188,0.014480811779964905
45.96968746,0.01254291599908446
45.99375415,0.01078812848096437
45.99384761,0.013366903181506065
45.99390864,0.014465552758068208
45.9985075,0.012527656977187763
45.99853683,0.010818646524757763
46.00759578,0.013336385137712672
46.00769353,0.014480811779964905
46.00772309,0.01254291599908446
46.00775981,0.010833905546654459
46.00780392,0.013366903181506065
46.02152348,0.014465552758068208
46.02158403,0.01249713893339437
46.04654789,0.010803387502861066
46.04662085,0.013351644159609368
46.04665709,0.014496070801861601
46.04668975,0.012573434042877852
46.07070947,0.010833905546654459
46.07078671,0.013351644159609368
46.07090902,0.014496070801861601
46.07096314,0.012603952086671245
46.07101488,0.010757610437170977
46.07759929,0.013336385137712672
46.07765055,0.014465552758068208
46.07768798,0.012619211108567941
46.07772255,0.010772869459067674
46.07775402,0.013336385137712672
46.10155964,0.014480811779964905
46.10159016,0.012573434042877852
46.10161591,0.01078812848096437
46.10164142,0.013366903181506065
46.10166621,0.014450293736171512
46.10665202,0.012588693064774548
46.12172198,0.010772869459067674
46.12180328,0.013321126115815976
46.13470149,0.014465552758068208
46.13479042,0.012573434042877852
46.13485098,0.010803387502861066
46.13490438,0.013321126115815976
46.13495636,0.014496070801861601
46.14968753,0.012603952086671245
46.14979768,0.010818646524757763
46.14985871,0.013336385137712672
46.14991403,0.014465552758068208
46.14996719,0.012603952086671245
46.15001917,0.010757610437170977
46.16452742,0.013321126115815976
46.16455626,0.014435034714274816
46.16458201,0.012588693064774548
46.18873358,0.010803387502861066
46.18882775,0.013321126115815976
46.19054699,0.014450293736171512
46.19059038,0.012588693064774548
46.19061971,0.010757610437170977
46.19882584,0.013321126115815976
46.19887567,0.014480811779964905
46.20853376,0.012573434042877852
46.20861053,0.010803387502861066
46.20864916,0.01330586709391928
46.22266626,0.014480811779964905
46.22274494,0.012634470130464637
46.23070621,0.010757610437170977
46.23078704,0.013336385137712672
46.23084688,0.014480811779964905
46.24347281,0.012634470130464637
46.2587285,0.010803387502861066
46.25880814,0.013351644159609368
46.25886798,0.014480811779964905
46.25892401,0.012634470130464637
46.2589798,0.010803387502861066
46.26753473,0.01330586709391928
46.26757193,0.014465552758068208
46.27462149,0.01266498817425803
46.27469325,0.01078812848096437
46.27472258,0.013336385137712672
46.28852344,0.014465552758068208
46.28855228,0.012619211108567941
46.30173016,0.010803387502861066
46.30181026,0.01326009002822919
46.30186868,0.014450293736171512
46.31552315,0.012649729152361334
46.32073689,0.010772869459067674
46.32081652,0.013336385137712672
46.32869363,0.014450293736171512
46.32878304,0.012634470130464637
46.32884336,0.010833905546654459
46.33499956,0.01330586709391928
46.33509636,0.014496070801861601
46.34262729,0.012619211108567941
46.34269786,0.010803387502861066
46.34274507,0.013336385137712672
46.35251927,0.014480811779964905
46.35256481,0.012649729152361334
46.37552333,0.010803387502861066
46.37562943,0.013321126115815976
46.3756721,0.014450293736171512
46.37570572,0.012634470130464637
46.37573934,0.01078812848096437
46.37577033,0.013321126115815976
46.38767624,0.014496070801861601
46.38776565,0.012634470130464637
46.38782573,0.010757610437170977
46.40153503,0.013321126115815976
46.40156507,0.014450293736171512
46.40862203,0.012619211108567941
46.40869904,0.010803387502861066
46.40872765,0.01330586709391928
46.43151331,0.014480811779964905
46.43154836,0.012634470130464637
46.43157434,0.010772869459067674
46.43159962,0.01330586709391928
46.43162489,0.014450293736171512
46.43164968,0.012680247196154727
46.44662905,0.010772869459067674
46.44669056,0.013336385137712672
46.45554686,0.014496070801861601
46.45559597,0.012695506218051423
46.45563221,0.01078812848096437
46.46853971,0.01330586709391928
46.46858454,0.014465552758068208
46.48276281,0.012695506218051423
46.48287249,0.010772869459067674
46.48294711,0.013336385137712672
46.49757242,0.014480811779964905
46.49760294,0.01266498817425803
46.51066995,0.010757610437170977
46.51076007,0.013275349050125887
46.51079297,0.014465552758068208
46.51083755,0.012649729152361334
46.53481627,0.010757610437170977
46.53491545,0.013321126115815976
46.53497458,0.014465552758068208
46.5350287,0.01271076523994812
46.53508234,0.010742351415274281
46.54975748,0.013275349050125887
46.54985905,0.014480811779964905
46.54988885,0.012649729152361334
46.54991603,0.010772869459067674
46.54994154,0.01326009002822919
46.56370664,0.014465552758068208
46.56378913,0.012695506218051423
46.56384754,0.010772869459067674
46.57153821,0.01330586709391928
46.57156944,0.014465552758068208
46.57159519,0.01271076523994812
46.57799697,0.010742351415274281
46.57809496,0.013244831006332494
46.5875535,0.014465552758068208
46.58761001,0.01266498817425803
46.58764577,0.010757610437170977
46.60050988,0.01326009002822919
46.6005466,0.014435034714274816
46.62470293,0.012695506218051423
46.62481451,0.010742351415274281
46.62487769,0.013244831006332494
46.624933,0.014465552758068208
46.62498689,0.012695506218051423
46.62753963,0.010757610437170977
46.62758803,0.01326009002822919
46.62762356,0.014450293736171512
46.64054894,0.012726024261844816
46.64059782,0.010711833371480888
46.640625,0.013275349050125887
46.64065027,0.014450293736171512
46.65553164,0.01271076523994812
46.65556264,0.01078812848096437
46.67987561,0.01330586709391928
46.68003702,0.014480811779964905
46.68011165,0.012726024261844816
46.68022704,0.010742351415274281
46.68033838,0.013244831006332494
46.68970108,0.014435034714274816
46.68978,0.012726024261844816
46.69868731,0.010727092393377585
46.69877601,0.013275349050125887
46.69883895,0.01441977569237812
46.70275688,0.01271076523994812
46.71270704,0.010757610437170977
46.7127924,0.013244831006332494
46.71285462,0.014450293736171512
46.73852611,0.012756542305638208
46.73857188,0.010711833371480888
46.74074483,0.01330586709391928
46.74086547,0.014435034714274816
46.74092484,0.012680247196154727
46.74097872,0.010742351415274281
46.74103093,0.013244831006332494
46.75571895,0.014450293736171512
46.75581527,0.01271076523994812
46.75587487,0.010772869459067674
46.76853538,0.013275349050125887
46.76857805,0.014465552758068208
46.7707057,0.012726024261844816
46.77980924,0.010742351415274281
46.77994037,0.013321126115815976
46.79266644,0.014450293736171512
46.79275727,0.01271076523994812
46.79281616,0.010772869459067674
46.8067975,0.01326009002822919
46.80689645,0.014465552758068208
46.80695605,0.012741283283741512
46.80701017,0.010727092393377585
46.80706286,0.01326009002822919
46.82169461,0.014465552758068208
46.82178831,0.012695506218051423
46.83665323,0.010772869459067674
46.83674169,0.013275349050125887
46.83679986,0.014480811779964905
46.83685279,0.012726024261844816
46.86173701,0.01078812848096437
46.86184955,0.013275349050125887
46.86190987,0.014450293736171512
46.86196542,0.012756542305638208
46.86201811,0.010696574349584192
46.87175751,0.013229571984435798
46.87185431,0.014480811779964905
46.87595654,0.012771801327534905
46.8760705,0.010757610437170977
46.87613273,0.013244831006332494
46.88851213,0.014480811779964905
46.88854241,0.012787060349431601
46.89771748,0.010727092393377585
46.89779782,0.013275349050125887
46.89785528,0.014450293736171512
46.91184187,0.012802319371328297
46.92654252,0.010742351415274281
46.9266026,0.013229571984435798
46.92663908,0.014465552758068208
46.92669845,0.012741283283741512
46.92675185,0.010711833371480888
46.9506104,0.01326009002822919
46.95068026,0.014465552758068208
46.95767617,0.012787060349431601
46.95775819,0.010711833371480888
46.95781827,0.01326009002822919
46.96649909,0.014465552758068208
46.96654367,0.012756542305638208
46.9807241,0.010742351415274281
46.98087144,0.013244831006332494
46.98095179,0.014465552758068208
46.98099637,0.012787060349431601
46.98102903,0.010757610437170977
46.98107457,0.013244831006332494
47.00574756,0.014480811779964905
47.00586104,0.012756542305638208
47.00592184,0.010711833371480888
47.00597572,0.013244831006332494
47.00606036,0.014496070801861601
47.01667023,0.012771801327534905
47.01676583,0.010742351415274281
47.01682258,0.013214312962539101
47.02151728,0.014435034714274816
47.02154803,0.012817578393224994
47.03676271,0.010696574349584192
47.03685999,0.013229571984435798
47.03692222,0.014435034714274816
47.03697634,0.012771801327534905
47.0597744,0.010742351415274281
47.05986857,0.013199053940642405
47.0599277,0.014435034714274816
47.05998111,0.01283283741512169
47.06003356,0.010650797283894103
47.06872368,0.013214312962539101
47.06880212,0.014450293736171512
47.07597375,0.01283283741512169
47.07608724,0.010742351415274281
47.07614875,0.013244831006332494
47.0885191,0.014480811779964905
47.08854985,0.012802319371328297
47.09771252,0.010711833371480888
47.09780192,0.013214312962539101
47.09786248,0.01441977569237812
47.10702038,0.012863355458915083
47.12059855,0.010696574349584192
47.12067056,0.013229571984435798
47.13369322,0.01441977569237812
47.13378239,0.012771801327534905
47.13384223,0.010742351415274281
47.13697577,0.013199053940642405
47.13709855,0.014450293736171512
47.14498091,0.012848096437018387
47.14508033,0.010696574349584192
47.14514232,0.013244831006332494
47.15250444,0.01441977569237812
47.15254593,0.012802319371328297
47.16170454,0.010696574349584192
47.16178489,0.013199053940642405
47.16184497,0.014450293736171512
47.17554188,0.01283283741512169
47.18974304,0.010711833371480888
47.18983793,0.01326009002822919
47.18989706,0.014465552758068208
47.18995023,0.012817578393224994
47.19000387,0.010696574349584192
47.20351791,0.013214312962539101
47.20355797,0.014465552758068208
47.20565677,0.01283283741512169
47.20574546,0.010742351415274281
47.20580578,0.013199053940642405
47.21960688,0.014465552758068208
47.21966887,0.01283283741512169
47.24271607,0.010681315327687495
47.2428143,0.013199053940642405
47.24287558,0.014435034714274816
47.24292994,0.01283283741512169
47.2687223,0.010742351415274281
47.26881695,0.013214312962539101
47.26887631,0.014465552758068208
47.26893044,0.012863355458915083
47.26898217,0.010681315327687495
47.28148484,0.013214312962539101
47.28155923,0.014450293736171512
47.29172516,0.012817578393224994
47.29180598,0.010696574349584192
47.29186583,0.013214312962539101
47.30352783,0.014465552758068208
47.3035655,0.01287861448081178
47.30359173,0.010711833371480888
47.30361724,0.013168535896849012
47.30364251,0.014450293736171512
47.31750345,0.01283283741512169
47.31753349,0.010681315327687495
47.31755948,0.013214312962539101
47.33165717,0.014450293736171512
47.33174777,0.01287861448081178
47.33180666,0.010681315327687495
47.33186412,0.013183794918745708
47.33191586,0.01441977569237812
47.34499002,0.012848096437018387
47.34508944,0.010696574349584192
47.34514856,0.013244831006332494
47.35252953,0.014450293736171512
47.35257435,0.01287861448081178
47.3526094,0.010666056305790799
47.36748552,0.013183794918745708
47.36752796,0.014496070801861601
47.37571359,0.012863355458915083
47.38975954,0.010696574349584192
47.38987017,0.013229571984435798
47.39662623,0.014435034714274816
47.39671636,0.012893873502708476
47.3967762,0.010711833371480888
47.40247393,0.013183794918745708
47.40251708,0.014450293736171512
47.41074991,0.01287861448081178
47.41086149,0.010696574349584192
47.41092014,0.013168535896849012
47.41852355,0.014496070801861601
47.41857719,0.01287861448081178
47.44297457,0.010711833371480888
47.44308853,0.013153276874952316
47.44314837,0.01441977569237812
47.44320321,0.01287861448081178
47.44506931,0.010681315327687495
47.44516635,0.013183794918745708
47.45863199,0.014480811779964905
47.45871329,0.01287861448081178
47.45877099,0.010711833371480888
47.46452689,0.013168535896849012
47.46456528,0.014435034714274816
47.4781456,0.012893873502708476
47.47824478,0.010681315327687495
47.49264812,0.013183794918745708
47.49273849,0.014435034714274816
47.49279809,0.012909132524605172
47.50675726,0.010772869459067674
47.50686383,0.013153276874952316
47.50692153,0.014465552758068208
47.50697613,0.012909132524605172
47.51373291,0.010711833371480888
47.51383209,0.013168535896849012
47.52659798,0.014435034714274816
47.52670503,0.012939650568398567
47.52676678,0.010696574349584192
47.53165269,0.013199053940642405
47.53173304,0.01441977569237812
47.5458765,0.012893873502708476
47.54597807,0.010742351415274281
47.54603815,0.013183794918745708
47.5596807,0.014435034714274816
47.55976009,0.01297016861219196
47.57267118,0.010681315327687495
47.57277966,0.013183794918745708
47.5728395,0.01441977569237812
47.57289433,0.012909132524605172
47.57294703,0.010711833371480888
47.57299829,0.01313801785305562
47.58755279,0.01441977569237812
47.58762455,0.012909132524605172
47.58766055,0.010711833371480888
47.60251141,0.013214312962539101
47.60255051,0.014465552758068208
47.61563087,0.012985427634088656
47.61572766,0.010711833371480888
47.61575675,0.013183794918745708
47.62448645,0.01441977569237812
47.62452912,0.012924391546501868
47.62964272,0.010681315327687495
47.62972522,0.01313801785305562
47.62978435,0.014450293736171512
47.63651109,0.012939650568398567
47.64963984,0.010666056305790799
47.64972067,0.013183794918745708
47.64975023,0.01441977569237812
47.65749884,0.012924391546501868
47.65753627,0.010742351415274281
47.70073771,0.013153276874952316
47.7008338,0.014450293736171512
47.70089245,0.012924391546501868
47.70094657,0.010666056305790799
47.70099998,0.013183794918745708
47.70106292,0.014435034714274816
47.70112681,0.012939650568398567
47.70117927,0.010681315327687495
47.70250821,0.013183794918745708
47.70253992,0.014465552758068208
47.70256567,0.01297016861219196
47.71294856,0.010635538261997406
47.71309805,0.013153276874952316
47.71315742,0.014435034714274816
47.7365067,0.012939650568398567
47.73654032,0.010635538261997406
47.73656726,0.013214312962539101
47.73659253,0.014496070801861601
47.7366178,0.012954909590295263
47.74646854,0.010711833371480888
47.74651551,0.013122758831158923
47.75367713,0.01441977569237812
47.75375843,0.012924391546501868
47.75381613,0.010650797283894103
47.76753068,0.013168535896849012
47.76756787,0.01441977569237812
47.76759362,0.012954909590295263
47.78162503,0.010635538261997406
47.78170204,0.013168535896849012
47.79667854,0.014435034714274816
47.79678202,0.012924391546501868
47.79684234,0.010681315327687495
47.80883312,0.01313801785305562
47.80886602,0.014435034714274816
47.81091118,0.01297016861219196
47.81101108,0.010696574349584192
47.81106949,0.013153276874952316
47.81849265,0.014465552758068208
47.81852889,0.012954909590295263
47.83390641,0.010635538261997406
47.83402014,0.013153276874952316
47.83408093,0.01441977569237812
47.83413482,0.012939650568398567
47.84870768,0.010696574349584192
47.8487885,0.013122758831158923
47.8627255,0.014404516670481423
47.86281705,0.013000686655985352
47.86290121,0.010666056305790799
47.86749387,0.013107499809262227
47.86753798,0.014450293736171512
47.87592983,0.012939650568398567
47.87602782,0.010681315327687495
47.87608695,0.013122758831158923
47.88851547,0.014435034714274816
47.88854575,0.013000686655985352
47.89366555,0.010666056305790799
47.89374638,0.013153276874952316
47.89380646,0.014450293736171512
47.90755701,0.013000686655985352
47.92270088,0.010681315327687495
47.92279506,0.013122758831158923
47.92851067,0.014450293736171512
47.92856956,0.012985427634088656
47.92859793,0.010696574349584192
47.934587,0.013153276874952316
47.93463469,0.014435034714274816
47.94302082,0.013031204699778745
47.94312024,0.010650797283894103
47.94317865,0.013122758831158923
47.95251322,0.014404516670481423
47.95254445,0.012985427634088656
47.9766829,0.010681315327687495
47.9767735,0.013122758831158923
47.97683263,0.014435034714274816
47.97688699,0.013000686655985352
47.99173951,0.010635538261997406
47.99183583,0.01313801785305562
47.99189615,0.014389257648584725
47.99196792,0.013000686655985352
47.99202347,0.010681315327687495
47.9985261,0.013076981765468834
47.998559,0.014435034714274816
48.01860404,0.012985427634088656
48.01867962,0.010681315327687495
48.0187161,0.013153276874952316
48.02148438,0.014465552758068208
48.0215261,0.013015945677882048
48.04411745,0.010666056305790799
48.04421711,0.013122758831158923
48.04427624,0.014404516670481423
48.04433441,0.012985427634088656
48.04438877,0.010742351415274281
48.04448223,0.013122758831158923
48.05863166,0.01441977569237812
48.05873036,0.012985427634088656
48.05876565,0.010650797283894103
48.06582332,0.013122758831158923
48.06590986,0.014435034714274816
48.07986736,0.01297016861219196
48.07998037,0.010681315327687495
48.08003974,0.013122758831158923
48.09267521,0.014435034714274816
48.09275937,0.012985427634088656
48.10766292,0.010696574349584192
48.10775518,0.013122758831158923
48.10781598,0.014389257648584725
48.10786915,0.013061722743572137
48.1164341,0.010696574349584192
48.11654615,0.013122758831158923
48.12152147,0.014435034714274816
48.12157536,0.013061722743572137
48.12161112,0.010681315327687495
48.13663626,0.013168535896849012
48.13671517,0.014435034714274816
48.14376092,0.013000686655985352
48.14385796,0.010696574349584192
48.14391947,0.013122758831158923
48.15747786,0.01441977569237812
48.15751314,0.013031204699778745
48.18200088,0.01062027924010071
48.18209767,0.013107499809262227
48.18215585,0.01441977569237812
48.18221164,0.013031204699778745
48.19671059,0.010650797283894103
48.19680595,0.01313801785305562
48.20260525,0.014435034714274816
48.20269442,0.013076981765468834
48.20275617,0.010635538261997406
48.21149898,0.013076981765468834
48.21153736,0.014435034714274816
48.21156335,0.013015945677882048
48.21158862,0.010681315327687495
48.21161413,0.01309224078736553
48.23373175,0.014435034714274816
48.23382664,0.013076981765468834
48.23388672,0.010681315327687495
48.23648286,0.013107499809262227
48.23652029,0.01441977569237812
48.23654556,0.013046463721675441
48.24868035,0.010650797283894103
48.24875951,0.013076981765468834
48.24881887,0.01441977569237812
48.25550175,0.013031204699778745
48.2555306,0.010681315327687495
48.26865292,0.013061722743572137
48.26873255,0.014404516670481423
48.2766006,0.013061722743572137
48.27672529,0.010635538261997406
48.27678466,0.013107499809262227
48.29357886,0.014435034714274816
48.29364014,0.013015945677882048
48.30871701,0.010696574349584192
48.30883002,0.013076981765468834
48.30889058,0.014435034714274816
48.30894399,0.013076981765468834
48.30899668,0.010681315327687495
48.30904865,0.01309224078736553
48.32413888,0.014450293736171512
48.3242116,0.013061722743572137
48.32428169,0.010681315327687495
48.33172655,0.013122758831158923
48.33183837,0.01454184786755169
48.3319006,0.013046463721675441
48.34654117,0.010711833371480888
48.34657669,0.013015945677882048
48.35962462,0.014373998626688029
48.35970783,0.01309224078736553
48.37394786,0.010650797283894103
48.37406039,0.01309224078736553
48.37412143,0.01441977569237812
48.37417483,0.013061722743572137
48.37422585,0.010650797283894103
48.37427735,0.01309224078736553
48.38869309,0.014373998626688029
48.38878369,0.01309224078736553
48.38882613,0.010666056305790799
48.40251231,0.013107499809262227
48.40254569,0.014373998626688029
48.41570735,0.013031204699778745
48.41580462,0.010681315327687495
48.41586232,0.013061722743572137
48.42851329,0.014435034714274816
48.42854261,0.013107499809262227
48.43053198,0.010650797283894103
48.43057179,0.013122758831158923
48.43062329,0.014435034714274816
48.4355011,0.013107499809262227
48.44367528,0.010681315327687495
48.44375229,0.013076981765468834
48.44381022,0.014389257648584725
48.45746398,0.013076981765468834
48.45749712,0.010666056305790799
48.47265148,0.013061722743572137
48.47273135,0.01441977569237812
48.48567343,0.013076981765468834
48.4857862,0.010635538261997406
48.48584819,0.01309224078736553
48.48590398,0.014389257648584725
48.48595667,0.013061722743572137
48.50061846,0.010696574349584192
48.50072694,0.013031204699778745
48.50078654,0.014435034714274816
48.50083947,0.01309224078736553
48.51579738,0.010681315327687495
48.5158937,0.01309224078736553
48.52359557,0.01441977569237812
48.5236845,0.013076981765468834
48.52372074,0.010635538261997406
48.5487349,0.013076981765468834
48.54883194,0.014404516670481423
48.54889011,0.013076981765468834
48.54894376,0.010681315327687495
48.54899645,0.013061722743572137
48.55167508,0.014435034714274816
48.55175352,0.01309224078736553
48.56464028,0.010635538261997406
48.56475282,0.013076981765468834
48.56481266,0.014404516670481423
48.56486607,0.013122758831158923
48.58965611,0.01062027924010071
48.58974528,0.013061722743572137
48.5944767,0.014389257648584725
48.59452105,0.01309224078736553
48.59458947,0.010666056305790799
48.60247803,0.013122758831158923
48.60252213,0.014358739604791332
48.61187792,0.013122758831158923
48.61199212,0.010635538261997406
48.61205316,0.013031204699778745
48.62092781,0.01441977569237812
48.6211319,0.013076981765468834
48.6335392,0.01062027924010071
48.63358855,0.013076981765468834
48.63362408,0.014373998626688029
48.64775181,0.013107499809262227
48.66280127,0.010666056305790799
48.66289616,0.013015945677882048
48.66295457,0.014404516670481423
48.66300845,0.01313801785305562
48.66305971,0.010650797283894103
48.68584609,0.013031204699778745
48.68589187,0.014435034714274816
48.69157696,0.013107499809262227
48.69162798,0.010650797283894103
48.69166398,0.013015945677882048
48.69169641,0.014373998626688029
48.69172788,0.013107499809262227
48.70064473,0.010650797283894103
48.70072508,0.013061722743572137
48.70078588,0.014435034714274816
48.70084,0.013122758831158923
48.72562981,0.010650797283894103
48.72571516,0.013015945677882048
48.72575712,0.014389257648584725
48.72578931,0.013153276874952316
48.72582173,0.010650797283894103
48.74166346,0.013031204699778745
48.74174118,0.01441977569237812
48.74182796,0.01309224078736553
48.74188256,0.010681315327687495
48.74193525,0.013031204699778745
48.75666976,0.01441977569237812
48.7567482,0.013153276874952316
48.76469254,0.010681315327687495
48.76478291,0.013076981765468834
48.76484656,0.01441977569237812
48.77879834,0.013153276874952316
48.79157925,0.010635538261997406
48.79168773,0.01309224078736553
48.79173827,0.014373998626688029
48.79179096,0.013107499809262227
48.79183173,0.010666056305790799
48.80253553,0.013015945677882048
48.80256557,0.014389257648584725
48.80778766,0.013168535896849012
48.80788589,0.01062027924010071
48.80794477,0.013061722743572137
48.82248044,0.014389257648584725
48.82252622,0.013122758831158923
48.83157563,0.010666056305790799
48.83162689,0.013015945677882048
48.83166289,0.014373998626688029
48.85453534,0.013153276874952316
48.85458136,0.010635538261997406
48.85461831,0.013061722743572137
48.85651493,0.014389257648584725
48.85655522,0.013183794918745708
48.85659504,0.01062027924010071
48.87051606,0.013061722743572137
48.87054729,0.01441977569237812
48.87057281,0.013199053940642405
48.87059832,0.010666056305790799
48.87062311,0.013046463721675441
48.88588905,0.014404516670481423
48.885921,0.013122758831158923
48.91304278,0.010650797283894103
48.91314077,0.013015945677882048
48.91319942,0.014389257648584725
48.91325426,0.01313801785305562
48.91496563,0.010650797283894103
48.91507149,0.013015945677882048
48.92360735,0.014435034714274816
48.92368889,0.013122758831158923
48.92373872,0.010635538261997406
48.93263268,0.013076981765468834
48.93271685,0.014373998626688029
48.93277502,0.01313801785305562
48.94555759,0.010635538261997406
48.94558954,0.013061722743572137
48.95481539,0.01441977569237812
48.95500779,0.013214312962539101
48.9777422,0.010681315327687495
48.97785521,0.013031204699778745
48.97791481,0.01441977569237812
48.97798634,0.01313801785305562
48.97803974,0.010589761196307317
48.97809196,0.013061722743572137
48.98787332,0.014373998626688029
48.98807573,0.013183794918745708
48.98816633,0.010681315327687495
49.00169253,0.013061722743572137
49.00177288,0.014389257648584725
49.01069498,0.01313801785305562
49.01078486,0.010635538261997406
49.01084447,0.013031204699778745
49.02558637,0.014373998626688029
49.02565026,0.013199053940642405
49.02569389,0.01062027924010071
49.0476265,0.013015945677882048
49.04766726,0.01441977569237812
49.04769325,0.013153276874952316
49.06256676,0.010681315327687495
49.06262851,0.013015945677882048
49.06861997,0.01441977569237812
49.06870103,0.013229571984435798
49.06877637,0.010666056305790799
49.07648706,0.013000686655985352
49.07652688,0.014435034714274816
49.07655263,0.013183794918745708
49.07657766,0.01062027924010071
49.07660222,0.013015945677882048
49.10049057,0.014435034714274816
49.10052657,0.013168535896849012
49.10995889,0.010666056305790799
49.11007285,0.013015945677882048
49.11013269,0.014343480582894636
49.11018586,0.013214312962539101
49.13372993,0.010635538261997406
49.13382983,0.012985427634088656
49.13388872,0.014435034714274816
49.13394189,0.013168535896849012
49.13401103,0.010650797283894103
49.13567781,0.013015945677882048
49.13579941,0.014373998626688029
49.14351583,0.013199053940642405
49.14355493,0.010666056305790799
49.14358306,0.013031204699778745
49.16868067,0.014373998626688029
49.16877508,0.013244831006332494
49.16883326,0.010650797283894103
49.16888666,0.013015945677882048
49.16893911,0.014435034714274816
49.16899037,0.013199053940642405
49.18322873,0.010650797283894103
49.18332481,0.012985427634088656
49.18795037,0.014373998626688029
49.1880672,0.013199053940642405
49.18814349,0.010666056305790799
49.20274949,0.013015945677882048
49.2028327,0.014373998626688029
49.21096683,0.013229571984435798
49.21108031,0.010666056305790799
49.21114087,0.013000686655985352
49.22463012,0.014373998626688029
49.2247293,0.013229571984435798
49.2247684,0.010635538261997406
49.23749161,0.013061722743572137
49.23753047,0.014389257648584725
49.23756552,0.013199053940642405
49.24300408,0.010711833371480888
49.24310184,0.013000686655985352
49.2566421,0.014404516670481423
49.25672913,0.013229571984435798
49.25676894,0.010666056305790799
49.26551104,0.013015945677882048
49.26556253,0.014435034714274816
49.2987206,0.013229571984435798
49.29881644,0.010666056305790799
49.29889464,0.013061722743572137
49.30149484,0.014373998626688029
49.3015337,0.013199053940642405
49.30155969,0.010711833371480888
49.30158496,0.01297016861219196
49.30160975,0.014404516670481423
49.30163503,0.013199053940642405
49.31200743,0.01062027924010071
49.31210446,0.013000686655985352
49.32558942,0.014373998626688029
49.32568884,0.013199053940642405
49.32572103,0.010681315327687495
49.33173466,0.01297016861219196
49.33181167,0.01441977569237812
49.35486126,0.013199053940642405
49.35500979,0.010635538261997406
49.35507154,0.013031204699778745
49.35513258,0.014389257648584725
49.35518456,0.013244831006332494
49.36889577,0.010650797283894103
49.36898732,0.012985427634088656
49.36904693,0.014435034714274816
49.36910152,0.013214312962539101
49.37995005,0.010681315327687495
49.38004923,0.013031204699778745
49.38010812,0.014404516670481423
49.38756871,0.013244831006332494
49.3876214,0.01062027924010071
49.41173244,0.013015945677882048
49.41183138,0.014373998626688029
49.41189075,0.013229571984435798
49.41194534,0.010635538261997406
49.41199756,0.01297016861219196
49.42193198,0.014373998626688029
49.42204785,0.013214312962539101
49.43166018,0.01062027924010071
49.43175554,0.013000686655985352
49.43184495,0.014358739604791332
49.43573976,0.013244831006332494
49.44500947,0.010666056305790799
49.44510746,0.012985427634088656
49.44516683,0.014404516670481423
49.4675169,0.013199053940642405
49.46756196,0.010650797283894103
49.48203588,0.01297016861219196
49.48213124,0.01441977569237812
49.49061751,0.01326009002822919
49.49073815,0.010650797283894103
49.49077487,0.013031204699778745
49.49867606,0.014373998626688029
49.49875426,0.01326009002822919
49.50561166,0.010666056305790799
49.50571847,0.012939650568398567
49.50577903,0.014389257648584725
49.50585437,0.01326009002822919
49.53067303,0.010650797283894103
49.5307672,0.012954909590295263
49.53967714,0.014358739604791332
49.53975964,0.013214312962539101
49.53981948,0.010635538261997406
49.55185246,0.013000686655985352
49.55194902,0.014373998626688029
49.5520072,0.013244831006332494
49.5520637,0.010650797283894103
49.55211592,0.012954909590295263
49.57552099,0.014373998626688029
49.57555962,0.01330586709391928
49.57558608,0.010574502174410621
49.57561159,0.01297016861219196
49.57563639,0.01441977569237812
49.57566142,0.013275349050125887
49.57568598,0.010650797283894103
49.57571077,0.01297016861219196
49.60187745,0.014373998626688029
49.60199118,0.01326009002822919
49.60205173,0.010711833371480888
49.60210562,0.01297016861219196
49.60215831,0.014373998626688029
49.61568117,0.01326009002822919
49.61577916,0.01062027924010071
49.61583829,0.012985427634088656
49.61589193,0.014373998626688029
49.61594462,0.013244831006332494
49.61599684,0.010635538261997406
49.63147998,0.01297016861219196
49.63151598,0.014343480582894636
49.63154531,0.013275349050125887
49.64560795,0.010681315327687495
49.64569569,0.013000686655985352
49.65853453,0.014343480582894636
49.65859413,0.013275349050125887
49.65862989,0.010650797283894103
49.67379808,0.012893873502708476
49.67392254,0.014373998626688029
49.67399549,0.01326009002822919
49.67407799,0.010650797283894103
49.67417264,0.01297016861219196
49.68873858,0.014373998626688029
49.68881822,0.013275349050125887
49.70164847,0.010696574349584192
49.70172334,0.012985427634088656
49.70175862,0.014343480582894636
49.706985,0.013244831006332494
49.73077559,0.010681315327687495
49.73085904,0.012939650568398567
49.73091626,0.01441977569237812
49.73096895,0.01326009002822919
49.73102069,0.01062027924010071
49.73300934,0.013000686655985352
49.73310637,0.014358739604791332
49.74162483,0.013244831006332494
49.74171257,0.010711833371480888
49.74174976,0.012939650568398567
49.75562215,0.014373998626688029
49.75570202,0.01330586709391928
49.76872182,0.010589761196307317
49.76883292,0.01297016861219196
49.768893,0.014404516670481423
49.77759218,0.013275349050125887
49.79264951,0.010635538261997406
49.79272914,0.012909132524605172
49.79278779,0.014373998626688029
49.79284167,0.01326009002822919
49.79289436,0.010635538261997406
49.80164742,0.012939650568398567
49.80172944,0.014404516670481423
49.81060815,0.01330586709391928
49.81070209,0.010650797283894103
49.81073904,0.01297016861219196
49.82384825,0.014358739604791332
49.82395267,0.013275349050125887
49.82401824,0.01062027924010071
49.83750439,0.012939650568398567
49.83755255,0.014358739604791332
49.83757806,0.013275349050125887
49.84759355,0.010589761196307317
49.84765387,0.012985427634088656
49.85570383,0.014358739604791332
49.85578585,0.013336385137712672
49.8558445,0.01062027924010071
49.86850834,0.012924391546501868
49.86855197,0.014404516670481423
49.87462115,0.013275349050125887
49.87478304,0.010635538261997406
49.87484384,0.01297016861219196
49.89752245,0.014373998626688029
49.8975544,0.013321126115815976
49.89758015,0.010711833371480888
49.89760566,0.012954909590295263
49.89763021,0.014358739604791332
49.89765549,0.013275349050125887
49.91359591,0.010666056305790799
49.91364932,0.012909132524605172
49.92266989,0.014373998626688029
49.92276669,0.013275349050125887
49.92282772,0.010650797283894103
49.93150353,0.012954909590295263
49.93153191,0.014343480582894636
49.95457864,0.01330586709391928
49.95464182,0.010589761196307317
49.95469046,0.012939650568398567
49.96956038,0.014404516670481423
49.96959782,0.013336385137712672
49.96962476,0.010696574349584192
49.96965075,0.012893873502708476
49.99168348,0.014373998626688029
49.99179387,0.013336385137712672
49.99185467,0.01062027924010071
49.99190927,0.01297016861219196
49.9976058,0.014373998626688029
49.99771333,0.013336385137712672
49.9977591,0.010666056305790799
50.0065639,0.012954909590295263
50.0065937,0.014358739604791332
50.01567245,0.013351644159609368
50.01575375,0.010635538261997406
50.01581478,0.012909132524605172
50.02847958,0.014343480582894636
50.02852345,0.013366903181506065
50.03812742,0.010635538261997406
50.03822517,0.012954909590295263
50.03830624,0.014343480582894636
50.03836131,0.01330586709391928
50.04457808,0.010589761196307317
50.04462743,0.012939650568398567
50.05777001,0.01428244449530785
50.0578692,0.013397421225299458
50.05794597,0.01062027924010071
50.06350994,0.012954909590295263
50.06355143,0.014358739604791332
50.08867812,0.013321126115815976
50.08877349,0.010666056305790799
50.08883286,0.012893873502708476
50.08888769,0.014373998626688029
50.08894038,0.013321126115815976
50.10291958,0.010696574349584192
50.10301757,0.012954909590295263
50.10307693,0.014389257648584725
50.10455561,0.013382162203402761
50.11876369,0.010650797283894103
50.11887121,0.012909132524605172
50.11893797,0.014358739604791332
50.11899853,0.01330586709391928
50.1190505,0.010650797283894103
50.13313079,0.012939650568398567
50.13322687,0.014373998626688029
50.15669417,0.013321126115815976
50.15679598,0.010650797283894103
50.15686369,0.012909132524605172
50.15691996,0.01432822156099794
50.15697169,0.013321126115815976
50.16490078,0.010650797283894103
50.16501617,0.012893873502708476
50.16507816,0.014358739604791332
50.17200685,0.013321126115815976
50.18159819,0.010559243152513925
50.18164992,0.012954909590295263
50.18167853,0.014358739604791332
50.19364834,0.013351644159609368
50.19368219,0.01062027924010071
50.20873809,0.012939650568398567
50.20888424,0.014373998626688029
50.20898771,0.013321126115815976
50.21749425,0.010650797283894103
50.21753526,0.012909132524605172
50.22262692,0.01441977569237812
50.22270799,0.013382162203402761
50.2227664,0.010635538261997406
50.23655128,0.012909132524605172
50.23658156,0.014358739604791332
50.23660731,0.013366903181506065
50.24558687,0.010589761196307317
50.24569631,0.01287861448081178
50.26802468,0.014358739604791332
50.26812363,0.013366903181506065
50.26818132,0.010635538261997406
50.26966953,0.012939650568398567
50.26974154,0.01432822156099794
50.27859569,0.013382162203402761
50.27865005,0.01062027924010071
50.2786932,0.012909132524605172
50.28748631,0.014373998626688029
50.28752518,0.01330586709391928
50.30077434,0.010681315327687495
50.30087304,0.01287861448081178
50.30095196,0.014358739604791332
50.30100775,0.013412680247196154
50.32593083,0.010681315327687495
50.32602501,0.012893873502708476
50.33980203,0.014343480582894636
50.33992362,0.013366903181506065
50.3399837,0.01062027924010071
50.34003878,0.01287861448081178
50.34009361,0.014373998626688029
50.36287713,0.013321126115815976
50.36299038,0.010681315327687495
50.3630507,0.01287861448081178
50.36815023,0.01432822156099794
50.36824822,0.013382162203402761
50.36961055,0.010635538261997406
50.36966467,0.01287861448081178
50.36969352,0.014404516670481423
50.36971998,0.013412680247196154
50.39373851,0.010635538261997406
50.39383197,0.012893873502708476
50.39389205,0.01432822156099794
50.39750504,0.013382162203402761
50.39754748,0.010650797283894103
50.41168857,0.012893873502708476
50.41176581,0.01432822156099794
50.41182113,0.013412680247196154
50.41189122,0.010696574349584192
50.41194868,0.012893873502708476
50.4217391,0.014373998626688029
50.42181897,0.013382162203402761
50.42187762,0.01062027924010071
50.43563771,0.01287861448081178
50.43566871,0.014358739604791332
50.43569422,0.013397421225299458
50.46178102,0.010574502174410621
50.46187496,0.012924391546501868
50.46193242,0.014343480582894636
50.46200418,0.013382162203402761
50.46205664,0.01062027924010071
50.47099137,0.012848096437018387
50.47108912,0.01432822156099794
50.47557473,0.013397421225299458
50.47567654,0.010605020218204014
50.47570658,0.012909132524605172
50.48978257,0.01432822156099794
50.4898901,0.013382162203402761
50.49799156,0.010681315327687495
50.49808908,0.012863355458915083
50.49814773,0.01432822156099794
50.50697923,0.013336385137712672
50.53082657,0.010650797283894103
50.53092408,0.012909132524605172
50.53098273,0.014343480582894636
50.53103614,0.013397421225299458
50.53108835,0.010605020218204014
50.53264737,0.01287861448081178
50.53268576,0.014312962539101243
50.54659677,0.013321126115815976
50.5466783,0.010650797283894103
50.54670691,0.012848096437018387
50.55356908,0.014358739604791332
50.55361629,0.013336385137712672
50.58063149,0.010605020218204014
50.58072758,0.01283283741512169
50.5807693,0.014312962539101243
50.5808022,0.013382162203402761
50.58082747,0.010635538261997406
50.58085251,0.01283283741512169
50.59079838,0.014343480582894636
50.59088802,0.013336385137712672
50.59095025,0.010589761196307317
50.59999704,0.012893873502708476
50.6000936,0.01428244449530785
50.61354446,0.013382162203402761
50.61360693,0.01062027924010071
50.61363578,0.01287861448081178
50.61955476,0.01432822156099794
50.6196022,0.013427939269092852
50.63374257,0.010635538261997406
50.63385653,0.012863355458915083
50.63391685,0.01432822156099794
50.64149761,0.013382162203402761
50.6566503,0.01062027924010071
50.65674019,0.012893873502708476
50.65679955,0.014312962539101243
50.65685773,0.013427939269092852
50.65690994,0.010635538261997406
50.66570234,0.012787060349431601
50.66573095,0.014343480582894636
50.67958951,0.013397421225299458
50.67966962,0.01062027924010071
50.67969894,0.012909132524605172
50.68446589,0.014343480582894636
50.68451142,0.013412680247196154
50.70802522,0.010574502174410621
50.70821214,0.012893873502708476
50.70831537,0.014343480582894636
50.70837808,0.013382162203402761
50.70857525,0.01062027924010071
50.70864248,0.012863355458915083
50.7226789,0.014343480582894636
50.72275996,0.013458457312886245
50.72281933,0.010635538261997406
50.73696041,0.01287861448081178
50.73705602,0.014343480582894636
50.73711491,0.013443198290989548
50.74148941,0.010650797283894103
50.74155641,0.012863355458915083
50.76562428,0.014373998626688029
50.76568699,0.013397421225299458
50.76572227,0.010681315327687495
50.7657547,0.01283283741512169
50.76578569,0.014343480582894636
50.76581693,0.013458457312886245
50.77754927,0.010681315327687495
50.77760482,0.012863355458915083
50.79171515,0.014404516670481423
50.79180622,0.013427939269092852
50.79186702,0.010681315327687495
50.79916501,0.012863355458915083
50.79926181,0.014343480582894636
50.82175732,0.013488975356679637
50.82185531,0.010681315327687495
50.82191324,0.01287861448081178
50.82196712,0.014373998626688029
50.82202053,0.013504234378576334
50.83680558,0.010696574349584192
50.83690548,0.012909132524605172
50.83698654,0.01441977569237812
50.83704209,0.013488975356679637
50.84569621,0.010711833371480888
50.84578133,0.012909132524605172
50.85968709,0.01432822156099794
50.85976839,0.013550011444266423
50.85982704,0.010711833371480888
50.86581254,0.012909132524605172
50.86590981,0.01441977569237812
50.88973379,0.013550011444266423
50.8898468,0.010772869459067674
50.88990879,0.012924391546501868
50.88996267,0.01441977569237812
50.89001513,0.01351949340047303
50.89975309,0.010742351415274281
50.89986658,0.01297016861219196
50.89992666,0.014389257648584725
50.89997983,0.013534752422369727
50.91578031,0.010772869459067674
50.91587496,0.012893873502708476
50.92169166,0.014404516670481423
50.92177224,0.01351949340047303
50.92183208,0.010711833371480888
50.94459891,0.012924391546501868
50.94467592,0.014435034714274816
50.94471431,0.013488975356679637
50.94474697,0.010681315327687495
50.94477892,0.012893873502708476
50.96050549,0.014312962539101243
50.96054745,0.013443198290989548
50.96057248,0.010696574349584192
50.96059752,0.012756542305638208
50.96992731,0.014343480582894636
50.97004128,0.013443198290989548
50.97763586,0.010589761196307317
50.97770762,0.01283283741512169
51.00178385,0.014297703517204547
51.00188303,0.013397421225299458
51.00194407,0.010650797283894103
51.00199842,0.012771801327534905
51.00205088,0.014297703517204547
51.01165104,0.013366903181506065
51.01171613,0.010605020218204014
51.01175547,0.01271076523994812
51.0217092,0.014221408407721065
51.02177548,0.013382162203402761
51.03475142,0.010513466086823835
51.03486562,0.012741283283741512
51.03492546,0.014267185473411154
51.03497934,0.013366903181506065
51.05074596,0.010574502174410621
51.05084753,0.012771801327534905
51.05088353,0.014236667429617761
51.063519,0.013321126115815976
51.06355596,0.010513466086823835
51.07203484,0.01266498817425803
51.07208562,0.014190890363927672
51.08067155,0.013336385137712672
51.08076215,0.010467689021133745
51.08082294,0.012680247196154727
51.08771729,0.014221408407721065
51.08779526,0.01326009002822919
51.10187173,0.010452429999237048
51.10200739,0.012726024261844816
51.1021111,0.014145113298237583
51.11059713,0.013275349050125887
51.1248672,0.010467689021133745
51.12496471,0.012649729152361334
51.13857675,0.014175631342030976
51.13864255,0.01330586709391928
51.1386714,0.010467689021133745
51.13869762,0.012695506218051423
51.13872361,0.014175631342030976
51.1618855,0.01330586709391928
51.16199827,0.010452429999237048
51.16205835,0.012726024261844816
51.16673779,0.014175631342030976
51.16683459,0.013351644159609368
51.17254996,0.010559243152513925
51.17260957,0.01266498817425803
51.17265987,0.014236667429617761
51.1727097,0.013366903181506065
51.18666434,0.010543984130617228
51.18674541,0.01271076523994812
51.20091319,0.014236667429617761
51.20105553,0.013366903181506065
51.20114827,0.010528725108720532
51.20555353,0.012741283283741512
51.20560694,0.014251926451514458
51.2115531,0.013382162203402761
51.21160102,0.010559243152513925
51.21163702,0.012695506218051423
51.22573256,0.014206149385824368
51.22583127,0.013412680247196154
51.22588992,0.010559243152513925
51.2318573,0.012726024261844816
51.23195362,0.014236667429617761
51.23801327,0.013382162203402761
51.25167322,0.010559243152513925
51.25175357,0.012817578393224994
51.26577544,0.014236667429617761
51.26587486,0.013397421225299458
51.26593256,0.010574502174410621
51.26598549,0.01271076523994812
51.26603675,0.014236667429617761
51.28173494,0.013473716334782941
51.28183293,0.010543984130617228
51.28193092,0.012771801327534905
51.28201723,0.014251926451514458
51.28207064,0.013412680247196154
51.29577947,0.01062027924010071
51.29587984,0.012787060349431601
51.29593849,0.01428244449530785
51.29599214,0.013458457312886245
51.3207891,0.01062027924010071
51.3208859,0.012787060349431601
51.32094646,0.014236667429617761
51.32100034,0.013458457312886245
51.32105374,0.01062027924010071
51.33571577,0.012771801327534905
51.33584785,0.014297703517204547
51.342623,0.013397421225299458
51.3427031,0.010650797283894103
51.34276104,0.012863355458915083
51.35650206,0.01432822156099794
51.35654211,0.013488975356679637
51.37061954,0.010696574349584192
51.37069726,0.01283283741512169
51.37073851,0.014343480582894636
51.38353062,0.013504234378576334
51.39600587,0.010666056305790799
51.39610171,0.012817578393224994
51.39615965,0.014389257648584725
51.39621234,0.013488975356679637
51.39626408,0.010650797283894103
51.41975403,0.01287861448081178
51.41985106,0.01432822156099794
51.41991067,0.013504234378576334
51.41996455,0.010742351415274281
51.42001724,0.012787060349431601
51.42682433,0.014358739604791332
51.42691994,0.013458457312886245
51.42697763,0.010635538261997406
51.44951868,0.01283283741512169
51.44957685,0.01432822156099794
51.44960308,0.01351949340047303
51.46485376,0.010635538261997406
51.46495152,0.01287861448081178
51.46500969,0.014358739604791332
51.46506333,0.013488975356679637
51.46511507,0.010681315327687495
51.46516609,0.01283283741512169
51.46521688,0.014373998626688029
51.47975373,0.013550011444266423
51.47984934,0.010666056305790799
51.47990656,0.012863355458915083
51.48550177,0.014373998626688029
51.4855454,0.013504234378576334
51.49779034,0.010711833371480888
51.49788833,0.012863355458915083
51.49794722,0.014343480582894636
51.50450754,0.01351949340047303
51.52901244,0.010711833371480888
51.52910995,0.01287861448081178
51.52918983,0.014358739604791332
51.52924633,0.013595788509956512
51.52929878,0.010650797283894103
51.52935004,0.012863355458915083
51.52943373,0.01441977569237812
51.54456258,0.01351949340047303
51.54463983,0.010681315327687495
51.54469991,0.012863355458915083
51.55248165,0.014404516670481423
51.55252981,0.01356527046616312
51.57654405,0.010711833371480888
51.57659841,0.01283283741512169
51.57662678,0.014358739604791332
51.57665658,0.013550011444266423
51.58674121,0.010635538261997406
51.58682013,0.012756542305638208
51.59211683,0.014373998626688029
51.59222865,0.013473716334782941
51.59228778,0.010666056305790799
51.60116673,0.012726024261844816
51.60133243,0.01428244449530785
51.60968614,0.013488975356679637
51.60978198,0.010666056305790799
51.60988045,0.012741283283741512
51.61851764,0.01432822156099794
51.6185472,0.013488975356679637
51.6416111,0.01062027924010071
51.64167309,0.012741283283741512
51.64170241,0.014312962539101243
51.6417284,0.013488975356679637
51.65581775,0.010589761196307317
51.65591383,0.012802319371328297
51.66177654,0.014251926451514458
51.66187477,0.013488975356679637
51.66193414,0.010681315327687495
51.66764808,0.012756542305638208
51.66770744,0.014297703517204547
51.67754126,0.01356527046616312
51.67760587,0.01062027924010071
51.67764497,0.012756542305638208
51.70095372,0.014297703517204547
51.7010808,0.013488975356679637
51.71572971,0.01062027924010071
51.7158215,0.012817578393224994
51.71588159,0.01428244449530785
51.71593595,0.013488975356679637
51.72784066,0.010650797283894103
51.72793746,0.012756542305638208
51.72799587,0.01428244449530785
51.72804904,0.01356527046616312
51.72810054,0.01062027924010071
51.75179911,0.012771801327534905
51.75189495,0.014297703517204547
51.75195217,0.013488975356679637
51.75200558,0.010635538261997406
51.75205779,0.012756542305638208
51.75210929,0.014297703517204547
51.75216103,0.013488975356679637
51.77665043,0.010666056305790799
51.77672458,0.012756542305638208
51.77675986,0.01428244449530785
51.77679348,0.01356527046616312
51.77975535,0.010635538261997406
51.77985287,0.012787060349431601
51.79295731,0.014343480582894636
51.79307246,0.013473716334782941
51.79313207,0.010666056305790799
51.7999866,0.012787060349431601
51.80008435,0.014297703517204547
51.81272984,0.013473716334782941
51.81282115,0.010666056305790799
51.81288171,0.012756542305638208
51.82700682,0.014297703517204547
51.82710481,0.013504234378576334
51.84064317,0.01062027924010071
51.8407166,0.012741283283741512
51.84074545,0.014312962539101243
51.84077454,0.013458457312886245
51.84080124,0.010635538261997406
51.84082651,0.012771801327534905
51.86077929,0.014251926451514458
51.86086082,0.013488975356679637
51.86091757,0.010650797283894103
51.86097121,0.012756542305638208
51.86102223,0.014297703517204547
51.88580561,0.013550011444266423
51.88590431,0.010589761196307317
51.88596511,0.012741283283741512
51.88601923,0.014312962539101243
51.88607121,0.013473716334782941
51.89599919,0.010574502174410621
51.89612317,0.012817578393224994
51.89618421,0.014251926451514458
51.90053296,0.013534752422369727
51.91472006,0.010650797283894103
51.91480112,0.012756542305638208
51.92071104,0.01428244449530785
51.92079186,0.013504234378576334
51.92085028,0.010589761196307317
51.95252419,0.012787060349431601
51.95256162,0.01428244449530785
51.95472121,0.01351949340047303
51.95480323,0.010589761196307317
51.95486116,0.012680247196154727
51.95491433,0.014297703517204547
51.95496678,0.013488975356679637
51.9627738,0.010650797283894103
51.96286273,0.012756542305638208
51.96292186,0.014236667429617761
51.96757436,0.013550011444266423
51.98271704,0.01062027924010071
51.98279548,0.012771801327534905
51.99594235,0.01428244449530785
51.99605417,0.01351949340047303
51.99611425,0.01062027924010071
52.01062989,0.012741283283741512
52.01069045,0.014312962539101243
52.01072598,0.013488975356679637
52.01075912,0.010681315327687495
52.01079082,0.012726024261844816
52.01995659,0.014236667429617761
52.02005315,0.013488975356679637
52.02011228,0.01062027924010071
52.03300381,0.01271076523994812
52.03304052,0.014251926451514458
52.03579187,0.01351949340047303
52.05209208,0.010635538261997406
52.05221391,0.012756542305638208
52.07462239,0.01428244449530785
52.07469583,0.013550011444266423
52.07474446,0.010666056305790799
52.07477617,0.012771801327534905
52.07480741,0.01428244449530785
52.09073615,0.013488975356679637
52.09083366,0.010681315327687495
52.09089327,0.012787060349431601
52.09094787,0.01432822156099794
52.09099984,0.013550011444266423
52.10283303,0.010650797283894103
52.10289907,0.012771801327534905
52.1029346,0.01428244449530785
52.11158037,0.013580529488059816
52.12072825,0.010696574349584192
52.12080789,0.012771801327534905
52.1348927,0.01428244449530785
52.13496828,0.013504234378576334
52.13501096,0.010650797283894103
52.14877582,0.012756542305638208
52.14887619,0.014312962539101243
52.14893389,0.01356527046616312
52.14898705,0.010635538261997406
52.14903831,0.01283283741512169
52.16164565,0.01428244449530785
52.1616745,0.01351949340047303
52.16171026,0.010711833371480888
52.16173625,0.012756542305638208
52.16176105,0.014312962539101243
52.16965842,0.013504234378576334
52.1930449,0.010681315327687495
52.19314051,0.012771801327534905
52.19458389,0.014312962539101243
52.19468665,0.01351949340047303
52.19474602,0.010666056305790799
52.20763254,0.012787060349431601
52.20769358,0.014297703517204547
52.21053815,0.01351949340047303
52.21057677,0.010711833371480888
52.21060562,0.012741283283741512
52.21749997,0.014312962539101243
52.21754313,0.013397421225299458
52.23177719,0.010635538261997406
52.23187494,0.012756542305638208
52.23193407,0.014297703517204547
52.23198891,0.01351949340047303
52.24770999,0.010681315327687495
52.24780416,0.012649729152361334
52.26095891,0.014312962539101243
52.26105833,0.013504234378576334
52.26111817,0.010666056305790799
52.26717854,0.012771801327534905
52.2672286,0.01428244449530785
52.276546,0.013580529488059816
52.27660275,0.010650797283894103
52.28996921,0.012787060349431601
52.29008412,0.014236667429617761
52.29014516,0.01356527046616312
52.29599905,0.010650797283894103
52.29609728,0.012787060349431601
52.29615664,0.01432822156099794
52.31967092,0.01356527046616312
52.31971335,0.010666056305790799
52.31975007,0.012802319371328297
52.32697606,0.01428244449530785
52.32707596,0.013595788509956512
52.32713389,0.010650797283894103
52.33281446,0.012756542305638208
52.33287263,0.014343480582894636
52.34254479,0.01356527046616312
52.34262967,0.010635538261997406
52.34267735,0.012848096437018387
52.35798454,0.014297703517204547
52.35808015,0.01356527046616312
52.37059689,0.010666056305790799
52.37066221,0.012756542305638208
52.37069082,0.014312962539101243
52.37656951,0.013412680247196154
52.39071345,0.010666056305790799
52.39079547,0.012771801327534905
52.39085364,0.014312962539101243
52.39090705,0.013580529488059816
52.39095902,0.010666056305790799
52.40565085,0.012771801327534905
52.40574121,0.014312962539101243
52.40578365,0.013580529488059816
52.40581536,0.010559243152513925
52.40584683,0.012771801327534905
52.42555094,0.01428244449530785
52.42558336,0.013550011444266423
52.44574118,0.010681315327687495
52.44583917,0.012741283283741512
52.44589758,0.014312962539101243
52.44595027,0.01356527046616312
52.44600129,0.010635538261997406
52.44605255,0.012771801327534905
52.46068525,0.01432822156099794
52.46077394,0.013550011444266423
52.46083426,0.010528725108720532
52.46499944,0.012756542305638208
52.46509624,0.014297703517204547
52.47865915,0.013580529488059816
52.47874999,0.010650797283894103
52.47881174,0.012756542305638208
52.49182415,0.014297703517204547
52.49192119,0.013580529488059816
52.50559425,0.010681315327687495
52.50566626,0.01266498817425803
52.50569439,0.01432822156099794
52.5057199,0.01356527046616312
52.51157069,0.010666056305790799
52.51165271,0.012756542305638208
52.52561378,0.01428244449530785
52.52570343,0.013611047531853208
52.52576423,0.010650797283894103
52.53949451,0.012771801327534905
52.53953552,0.014297703517204547
52.53956318,0.013550011444266423
52.56264901,0.010650797283894103
52.56268072,0.012771801327534905
52.57259226,0.01428244449530785
52.5726459,0.013580529488059816
52.57267451,0.010605020218204014
52.57270074,0.012787060349431601
52.57272673,0.01428244449530785
52.57754612,0.01356527046616312
52.58464122,0.010696574349584192
52.58473945,0.012741283283741512
52.5907023,0.01432822156099794
52.59081459,0.01356527046616312
52.59087443,0.010696574349584192
52.60465193,0.01283283741512169
52.60472655,0.014312962539101243
52.62765646,0.013580529488059816
52.62777185,0.01062027924010071
52.62783241,0.012771801327534905
52.63508034,0.01428244449530785
52.63517785,0.013580529488059816
52.64761066,0.010681315327687495
52.64770293,0.012756542305638208
52.6477623,0.014343480582894636
52.64781642,0.013550011444266423
52.64786911,0.010666056305790799
52.64792204,0.012817578393224994
52.65568852,0.01428244449530785
52.6558032,0.013504234378576334
52.65586472,0.010742351415274281
52.67750764,0.012741283283741512
52.67757344,0.01428244449530785
52.68036699,0.01351949340047303
52.68047357,0.010666056305790799
52.68055677,0.012787060349431601
52.68977404,0.014312962539101243
52.68988299,0.013580529488059816
52.69798112,0.010666056305790799
52.69808006,0.012756542305638208
52.69814086,0.014251926451514458
52.70247626,0.013611047531853208
52.71156859,0.010727092393377585
52.71161699,0.012771801327534905
52.72564936,0.014312962539101243
52.72572947,0.013550011444266423
52.7257874,0.010650797283894103
52.74962926,0.012802319371328297
52.74969053,0.014129854276340887
52.74972558,0.013595788509956512
52.74975777,0.010666056305790799
52.74978924,0.012771801327534905
52.75363803,0.01428244449530785
52.75366545,0.01356527046616312
52.76575041,0.010696574349584192
52.76586318,0.012787060349431601
52.76592374,0.014297703517204547
52.76597929,0.013580529488059816
52.78174281,0.010635538261997406
52.781847,0.012741283283741512
52.79496956,0.014343480582894636
52.79508209,0.013550011444266423
52.7951436,0.010650797283894103
52.80371976,0.012741283283741512
52.80380702,0.014312962539101243
52.80956054,0.013611047531853208
52.80961061,0.010711833371480888
52.80964851,0.012771801327534905
52.81752801,0.01432822156099794
52.81756973,0.013595788509956512
52.83171368,0.010635538261997406
52.83182573,0.012726024261844816
52.83188653,0.014297703517204547
52.83193946,0.01356527046616312
52.85794759,0.010681315327687495
52.85804486,0.012603952086671245
52.85810399,0.014297703517204547
52.85815787,0.013595788509956512
52.85820961,0.010696574349584192
52.86665034,0.012741283283741512
52.86667776,0.014343480582894636
52.87679958,0.013504234378576334
52.87691593,0.010666056305790799
52.87699056,0.012726024261844816
52.88556433,0.014145113298237583
52.8855927,0.013611047531853208
52.898067,0.010650797283894103
52.89817452,0.012771801327534905
52.8982358,0.014297703517204547
52.92152596,0.013595788509956512
52.92155766,0.010528725108720532
52.92158318,0.012802319371328297
52.92476749,0.014312962539101243
52.92486739,0.013626306553749905
52.92492557,0.010696574349584192
52.93265057,0.012817578393224994
52.93267822,0.014343480582894636
52.94257998,0.013550011444266423
52.94263721,0.010696574349584192
52.94267011,0.012771801327534905
52.95580435,0.014236667429617761
52.95585823,0.013595788509956512
52.96887374,0.010742351415274281
52.96897602,0.012741283283741512
52.98171139,0.01428244449530785
52.98181486,0.013611047531853208
52.98188019,0.010894941634241245
52.98193836,0.012817578393224994
52.99208069,0.01428244449530785
52.99219656,0.013550011444266423
52.99225664,0.010681315327687495
52.99897003,0.012771801327534905
52.99906802,0.01428244449530785
53.01169968,0.013580529488059816
53.0118444,0.010605020218204014
53.01190495,0.012787060349431601
53.02573752,0.01432822156099794
53.02584195,0.013611047531853208
53.04971671,0.010681315327687495
53.04982805,0.012787060349431601
53.04988694,0.014206149385824368
53.04994249,0.013595788509956512
53.06398678,0.010696574349584192
53.06408548,0.012802319371328297
53.0641439,0.014297703517204547
53.06419683,0.013611047531853208
53.06424952,0.010711833371480888
53.07154822,0.012787060349431601
53.07159019,0.01432822156099794
53.07751417,0.013550011444266423
53.07755589,0.010696574349584192
53.07760763,0.012771801327534905
53.10065746,0.014358739604791332
53.1006844,0.01356527046616312
53.10659432,0.010574502174410621
53.10669303,0.012756542305638208
53.10672212,0.014297703517204547
53.10674858,0.013595788509956512
53.11574054,0.010650797283894103
53.1158185,0.012741283283741512
53.12081385,0.014343480582894636
53.12091231,0.013611047531853208
53.12096977,0.010681315327687495
53.13959026,0.012787060349431601
53.13962269,0.014343480582894636
53.13965249,0.013550011444266423
53.13967729,0.010696574349584192
53.13970232,0.012787060349431601
53.16554093,0.01428244449530785
53.1655798,0.013611047531853208
53.16560602,0.010498207064927139
53.16563129,0.012741283283741512
53.16565633,0.014343480582894636
53.16568136,0.013580529488059816
53.18979597,0.010650797283894103
53.18989062,0.012787060349431601
53.18994951,0.014297703517204547
53.19000435,0.013611047531853208
53.1900568,0.010696574349584192
53.20465851,0.012771801327534905
53.20474315,0.014312962539101243
53.204772,0.01356527046616312
53.21773243,0.010666056305790799
53.21781135,0.012741283283741512
53.22700667,0.014343480582894636
53.22712493,0.013626306553749905
53.22718453,0.010681315327687495
53.2348845,0.012771801327534905
53.23492312,0.014312962539101243
53.23495007,0.013550011444266423
53.24756932,0.010681315327687495
53.24761915,0.012771801327534905
53.25566721,0.014312962539101243
53.25577188,0.013580529488059816
53.25583172,0.010742351415274281
53.27952886,0.012741283283741512
53.27956533,0.014312962539101243
53.2795918,0.013595788509956512
53.27961755,0.010650797283894103
53.27964306,0.012787060349431601
53.28555465,0.014358739604791332
53.28559327,0.013595788509956512
53.29894567,0.010696574349584192
53.29905796,0.012741283283741512
53.29911876,0.01428244449530785
53.3050952,0.013672083619439994
53.31264162,0.010635538261997406
53.3127408,0.012756542305638208
53.33666778,0.014297703517204547
53.33675742,0.013641565575646601
53.33679342,0.010696574349584192
53.3368268,0.012802319371328297
53.33685923,0.014297703517204547
53.3517046,0.01356527046616312
53.35178661,0.010696574349584192
53.35184836,0.012817578393224994
53.35190272,0.014236667429617761
53.35195589,0.01368734264133669
53.36696744,0.010727092393377585
53.36709166,0.012771801327534905
53.36719036,0.014343480582894636
53.36877632,0.013626306553749905
53.38174367,0.010696574349584192
53.38183784,0.012771801327534905
53.39589453,0.014312962539101243
53.39600778,0.013626306553749905
53.39606881,0.010727092393377585
53.41056371,0.012817578393224994
53.41061544,0.014297703517204547
53.41064382,0.013626306553749905
53.4106698,0.010757610437170977
53.41069579,0.012741283283741512
53.41950989,0.01432822156099794
53.4195447,0.013595788509956512
53.41956997,0.010696574349584192
53.43255496,0.012787060349431601
53.43258142,0.01428244449530785
53.43541574,0.013626306553749905
53.44766879,0.010757610437170977
53.44774866,0.012771801327534905
53.46186709,0.01428244449530785
53.46198034,0.013595788509956512
53.46204019,0.010711833371480888
53.46657038,0.012649729152361334
53.46659803,0.014358739604791332
53.47655344,0.013550011444266423
53.47660708,0.010681315327687495
53.47663569,0.012817578393224994
53.48551607,0.014297703517204547
53.4855659,0.013595788509956512
53.49891949,0.010757610437170977
53.49901724,0.012756542305638208
53.49907565,0.01428244449530785
53.5065217,0.013626306553749905
53.53075981,0.010711833371480888
53.53085756,0.012771801327534905
53.53091693,0.014312962539101243
53.53097081,0.013626306553749905
53.53102231,0.010681315327687495
53.53258944,0.012817578393224994
53.53262305,0.014343480582894636
53.54158139,0.013611047531853208
53.54163408,0.010757610437170977
53.54166293,0.012771801327534905
53.55652356,0.014221408407721065
53.55655432,0.013641565575646601
53.5698247,0.010589761196307317
53.56991339,0.012771801327534905
53.57754302,0.01432822156099794
53.57762194,0.013626306553749905
53.58665895,0.010681315327687495
53.58673692,0.012756542305638208
53.58679581,0.01428244449530785
53.59553814,0.013595788509956512
53.59557176,0.010696574349584192
53.60099649,0.012817578393224994
53.60109448,0.01428244449530785
53.60117936,0.013641565575646601
53.60955238,0.010666056305790799
53.60958433,0.012741283283741512
53.63309574,0.014343480582894636
53.63319302,0.01356527046616312
53.63325167,0.010696574349584192
53.63462687,0.012817578393224994
53.63472009,0.014297703517204547
53.63479638,0.013611047531853208
53.64259529,0.010772869459067674
53.64263535,0.012771801327534905
53.65796137,0.014312962539101243
53.65807414,0.013626306553749905
53.65815377,0.010681315327687495
53.66559935,0.012726024261844816
53.66564941,0.014343480582894636
53.68074131,0.013595788509956512
53.68083739,0.010681315327687495
53.680897,0.012756542305638208
53.69417477,0.014297703517204547
53.69427037,0.013595788509956512
53.7019186,0.010711833371480888
53.70205426,0.012695506218051423
53.70213389,0.01432822156099794
53.70219851,0.013626306553749905
53.71171546,0.010681315327687495
53.71179461,0.012726024261844816
53.72593904,0.014343480582894636
53.72605228,0.013626306553749905
53.7261126,0.010650797283894103
53.73301077,0.012787060349431601
53.73310709,0.014312962539101243
53.74673343,0.013595788509956512
53.7468431,0.010711833371480888
53.74690199,0.012741283283741512
53.76100254,0.014312962539101243
53.7611196,0.013611047531853208
53.7696588,0.010742351415274281
53.76975536,0.012649729152361334
53.76981544,0.01432822156099794
53.76985502,0.013641565575646601
53.78058624,0.010681315327687495
53.78063416,0.012787060349431601
53.78868794,0.01428244449530785
53.78877735,0.013580529488059816
53.788836,0.010696574349584192
53.81161237,0.012726024261844816
53.81166625,0.01428244449530785
53.82596898,0.013672083619439994
53.82608104,0.010666056305790799
53.8261416,0.01266498817425803
53.82619691,0.014297703517204547
53.82624912,0.013595788509956512
53.84062338,0.010681315327687495
53.84073997,0.012756542305638208
53.84080791,0.014312962539101243
53.84083867,0.013580529488059816
53.84670472,0.010742351415274281
53.8467834,0.012771801327534905
53.86976337,0.014297703517204547
53.86985898,0.013626306553749905
53.8699162,0.010681315327687495
53.88256407,0.012741283283741512
53.88261151,0.01428244449530785
53.88264751,0.01356527046616312
53.88268018,0.010681315327687495
53.88271165,0.012756542305638208
53.89690638,0.014312962539101243
53.8970027,0.013580529488059816
53.89879918,0.010696574349584192
53.89889789,0.012726024261844816
53.89895725,0.014251926451514458
53.8990314,0.013580529488059816
53.91270995,0.010650797283894103
53.91280532,0.01271076523994812
53.92174172,0.014297703517204547
53.92182446,0.013580529488059816
53.92190099,0.010650797283894103
53.94474268,0.012771801327534905
53.94483733,0.014251926451514458
53.94489551,0.013595788509956512
53.94950509,0.010696574349584192
53.94953251,0.012756542305638208
53.95776391,0.014251926451514458
53.95786095,0.013641565575646601
53.95792174,0.010696574349584192
53.96265674,0.012756542305638208
53.96269727,0.014312962539101243
53.97264242,0.013580529488059816
53.97655821,0.010650797283894103
53.97659612,0.012787060349431601
54.00072789,0.014267185473411154
54.00083995,0.013611047531853208
54.00089908,0.010696574349584192
54.00095868,0.01271076523994812
54.00101256,0.01428244449530785
54.01053834,0.013611047531853208
54.01057887,0.010650797283894103
54.01060653,0.012756542305638208
54.02050829,0.014297703517204547
54.02055597,0.013611047531853208
54.02767587,0.010650797283894103
54.02775788,0.012741283283741512
54.02781796,0.014297703517204547
54.03454399,0.013580529488059816
54.04868746,0.010711833371480888
54.04878354,0.01271076523994812
54.06276202,0.014297703517204547
54.06287551,0.013656824597543298
54.06293607,0.010681315327687495
54.07633519,0.012649729152361334
54.07637978,0.014312962539101243
54.07641268,0.013611047531853208
54.07643867,0.010650797283894103
54.07646775,0.012741283283741512
54.08555198,0.014312962539101243
54.08558106,0.013595788509956512
54.09986615,0.010711833371480888
54.09997725,0.01271076523994812
54.10003757,0.014206149385824368
54.1000917,0.013626306553749905
54.11576891,0.010666056305790799
54.11586213,0.01271076523994812
54.1280241,0.014312962539101243
54.12812161,0.013595788509956512
54.12818146,0.010681315327687495
54.13265181,0.01271076523994812
54.13268161,0.014251926451514458
54.14168644,0.01356527046616312
54.1417923,0.010696574349584192
54.14182401,0.012695506218051423
54.15150571,0.014297703517204547
54.15154529,0.013626306553749905
54.17481756,0.010666056305790799
54.17491603,0.012726024261844816
54.18371654,0.01432822156099794
54.18380666,0.013595788509956512
54.19165707,0.010711833371480888
54.19173551,0.012726024261844816
54.20614362,0.014236667429617761
54.2062583,0.013641565575646601
54.20631933,0.010727092393377585
54.20637655,0.012726024261844816
54.20648408,0.01428244449530785
54.22068596,0.013626306553749905
54.22077799,0.010666056305790799
54.22083807,0.01271076523994812
54.2255578,0.014297703517204547
54.2255969,0.013641565575646601
54.25073767,0.010666056305790799
54.25084758,0.012756542305638208
54.25091743,0.014251926451514458
54.25097156,0.013611047531853208
54.2646594,0.010757610437170977
54.26472187,0.012680247196154727
54.26475716,0.01428244449530785
54.26479006,0.013656824597543298
54.26482224,0.010696574349584192
54.27352214,0.012726024261844816
54.27355123,0.01432822156099794
54.28658772,0.013626306553749905
54.28663659,0.010681315327687495
54.28667235,0.012741283283741512
54.28671551,0.014236667429617761
54.28674912,0.013611047531853208
54.29696155,0.010757610437170977
54.2970612,0.012726024261844816
54.29712033,0.014297703517204547
54.30282784,0.013611047531853208
54.31564355,0.010650797283894103
54.31570458,0.012726024261844816
54.32996798,0.01428244449530785
54.33008218,0.013595788509956512
54.33014345,0.010635538261997406
54.33884501,0.01271076523994812
54.3389411,0.01428244449530785
54.34261155,0.013672083619439994
54.34271121,0.010681315327687495
54.34274721,0.01271076523994812
54.35178399,0.014267185473411154
54.3518877,0.013641565575646601
54.36580205,0.010650797283894103
54.36594009,0.012741283283741512
54.36600113,0.014312962539101243
54.36605549,0.013626306553749905
54.39080715,0.010711833371480888
54.39096141,0.012771801327534905
54.39102197,0.01428244449530785
54.39107537,0.013611047531853208
54.39112759,0.010681315327687495
54.40099311,0.012726024261844816
54.40109015,0.014267185473411154
54.42276192,0.013672083619439994
54.42285895,0.010650797283894103
54.42291903,0.01271076523994812
54.42297411,0.014297703517204547
54.42302871,0.013611047531853208
54.43177438,0.010666056305790799
54.43188691,0.012787060349431601
54.43194795,0.014251926451514458
54.44577527,0.013656824597543298
54.4547298,0.010666056305790799
54.45481014,0.01266498817425803
54.46902299,0.014297703517204547
54.46916819,0.013626306553749905
54.46924138,0.010681315327687495
54.4692955,0.01271076523994812
54.46934795,0.014343480582894636
54.47766709,0.013641565575646601
54.47774315,0.010650797283894103
54.47778416,0.012741283283741512
54.48767161,0.01428244449530785
54.48775005,0.013641565575646601
54.51088262,0.010681315327687495
54.51096702,0.012695506218051423
54.51100469,0.014312962539101243
54.51104188,0.013672083619439994
54.5110743,0.010666056305790799
54.51110649,0.012695506218051423
54.52370644,0.014297703517204547
54.52379179,0.013611047531853208
54.52385163,0.010666056305790799
54.53242421,0.012680247196154727
54.53253698,0.01428244449530785
54.53259563,0.013672083619439994
54.54552507,0.010696574349584192
54.54556632,0.01266498817425803
54.55574965,0.014251926451514458
54.55583024,0.013702601663233387
54.57758927,0.010666056305790799
54.57771492,0.012680247196154727
54.57775116,0.014251926451514458
54.57778382,0.013595788509956512
54.57955909,0.010650797283894103
54.57960701,0.01271076523994812
54.5876174,0.01428244449530785
54.58770657,0.013641565575646601
54.58776665,0.010742351415274281
54.60276747,0.012695506218051423
54.60286689,0.014236667429617761
54.6116004,0.013717860685130083
54.6117065,0.010650797283894103
54.61173582,0.012726024261844816
54.63507175,0.014297703517204547
54.63516808,0.013626306553749905
54.63522601,0.010681315327687495
54.64755177,0.012695506218051423
54.64759159,0.014236667429617761
54.64762449,0.013672083619439994
54.66206431,0.010681315327687495
54.66216111,0.012695506218051423
54.67077088,0.014236667429617761
54.67088556,0.013626306553749905
54.67094564,0.010666056305790799
54.68563581,0.012649729152361334
54.68569636,0.014297703517204547
54.68573189,0.013626306553749905
54.68576503,0.010711833371480888
54.6857965,0.012756542305638208
54.68582797,0.014297703517204547
54.6858592,0.013672083619439994
54.7096169,0.010666056305790799
54.70972657,0.012756542305638208
54.70977187,0.014251926451514458
54.70982051,0.013626306553749905
54.71158862,0.010666056305790799
54.71164584,0.01271076523994812
54.72593808,0.014297703517204547
54.72603607,0.013672083619439994
54.72609401,0.010666056305790799
54.7323575,0.012741283283741512
54.73249745,0.014251926451514458
54.74560666,0.013595788509956512
54.74569654,0.010711833371480888
54.74572468,0.012649729152361334
54.76970291,0.014297703517204547
54.76973104,0.01368734264133669
54.76975799,0.010666056305790799
54.76978326,0.012909132524605172
54.76980829,0.014236667429617761
54.76983309,0.013672083619439994
54.77959085,0.010681315327687495
54.77964258,0.012726024261844816
54.77967143,0.01428244449530785
54.78755188,0.01368734264133669
54.78758574,0.010696574349584192
54.80269504,0.01271076523994812
54.8027761,0.01428244449530785
54.81558037,0.01368734264133669
54.81565332,0.010666056305790799
54.81568956,0.012726024261844816
54.82966971,0.014297703517204547
54.82974911,0.013641565575646601
54.83789754,0.010681315327687495
54.83801222,0.012726024261844816
54.83807373,0.014251926451514458
54.83812904,0.013641565575646601
54.84254599,0.010666056305790799
54.84259462,0.012695506218051423
54.85963583,0.014251926451514458
54.85972571,0.013672083619439994
54.85978794,0.010635538261997406
54.86556721,0.012695506218051423
54.86560297,0.014297703517204547
54.88060856,0.013626306553749905
54.8806715,0.010681315327687495
54.88070703,0.012741283283741512
54.90379739,0.014251926451514458
54.90389276,0.01368734264133669
54.9177835,0.010681315327687495
54.91787982,0.01266498817425803
54.91795135,0.014251926451514458
54.91800618,0.013717860685130083
54.92376947,0.010742351415274281
54.92384839,0.01266498817425803
54.93699956,0.01428244449530785
54.93709779,0.013611047531853208
54.93715644,0.010696574349584192
54.94564295,0.012695506218051423
54.94571733,0.014206149385824368
54.9457531,0.013672083619439994
54.95249796,0.010711833371480888
54.95253396,0.012695506218051423
54.96574283,0.01428244449530785
54.96584249,0.013626306553749905
54.9796834,0.010666056305790799
54.9798069,0.012649729152361334
54.97985697,0.01428244449530785
54.97989058,0.013641565575646601
54.97992253,0.01062027924010071
54.97995424,0.012695506218051423
54.98953366,0.014236667429617761
54.98959041,0.013702601663233387
54.98963118,0.010696574349584192
54.99769354,0.012741283283741512
54.99777293,0.01428244449530785
55.02270293,0.01368734264133669
55.0228138,0.010681315327687495
55.0228734,0.01266498817425803
55.02292871,0.014236667429617761
55.0229826,0.013672083619439994
55.03693485,0.010666056305790799
55.03704691,0.012741283283741512
55.03710699,0.014236667429617761
55.03886294,0.013672083619439994
55.04555202,0.010681315327687495
55.04559088,0.012634470130464637
55.05867982,0.014251926451514458
55.05876946,0.013702601663233387
55.05883002,0.010650797283894103
55.0648551,0.012695506218051423
55.06489134,0.01428244449530785
55.07763648,0.01368734264133669
55.07771516,0.010742351415274281
55.07775211,0.012649729152361334
55.10267019,0.014206149385824368
55.10270572,0.01368734264133669
55.1027329,0.010681315327687495
55.10275817,0.01266498817425803
55.10278392,0.014251926451514458
55.10463977,0.01373311970702678
55.11358023,0.010666056305790799
55.11364055,0.012695506218051423
55.12162161,0.014236667429617761
55.12171888,0.013672083619439994
55.12178183,0.010696574349584192
55.14565277,0.01266498817425803
55.14574194,0.014236667429617761
55.14577103,0.013702601663233387
55.14579701,0.010727092393377585
55.14582229,0.01266498817425803
55.15551543,0.014236667429617761
55.15558004,0.013672083619439994
55.16271687,0.010681315327687495
55.16279721,0.01266498817425803
55.16285706,0.014267185473411154
55.17164421,0.013626306553749905
55.17763329,0.010681315327687495
55.17770934,0.012695506218051423
55.20275331,0.014236667429617761
55.20286727,0.01368734264133669
55.20292664,0.010757610437170977
55.20774841,0.01266498817425803
55.20788574,0.014251926451514458
55.21666145,0.013702601663233387
55.21678448,0.010696574349584192
55.21683264,0.012695506218051423
55.21686459,0.014251926451514458
55.21689582,0.013641565575646601
55.23234081,0.010681315327687495
55.23248506,0.012695506218051423
55.23257828,0.014221408407721065
55.23564458,0.013702601663233387
55.24761462,0.010696574349584192
55.24767637,0.012634470130464637
55.27095556,0.01428244449530785
55.27107143,0.01368734264133669
55.27113175,0.010635538261997406
55.28453684,0.012695506218051423
55.28457403,0.014267185473411154
55.2845993,0.013702601663233387
55.28462458,0.010666056305790799
55.28464937,0.012695506218051423
55.30782223,0.014221408407721065
55.30796719,0.01368734264133669
55.30802512,0.010742351415274281
55.30806375,0.012649729152361334
55.30809593,0.01428244449530785
55.31150484,0.013717860685130083
55.33416033,0.010772869459067674
55.33425736,0.012680247196154727
55.33593631,0.01428244449530785
55.33603454,0.01373311970702678
55.33609247,0.010666056305790799
55.34950328,0.012649729152361334
55.34954238,0.014312962539101243
55.34957099,0.01368734264133669
55.34959602,0.010696574349584192
55.34963036,0.012695506218051423
55.35773683,0.014236667429617761
55.35783339,0.013702601663233387
55.36578202,0.010742351415274281
55.36589289,0.012619211108567941
55.36595368,0.014267185473411154
55.36600924,0.013717860685130083
55.38074064,0.010696574349584192
55.38083529,0.012634470130464637
55.39496493,0.014221408407721065
55.39507866,0.013763637750820172
55.39513898,0.010666056305790799
55.40400958,0.012634470130464637
55.40410709,0.014251926451514458
55.4105978,0.01373311970702678
55.41067886,0.010650797283894103
55.41071606,0.01266498817425803
55.41850305,0.014267185473411154
55.41854763,0.01368734264133669
55.43206668,0.010696574349584192
55.43220448,0.012649729152361334
55.43226576,0.014236667429617761
55.43232083,0.01373311970702678
55.45682287,0.010696574349584192
55.45694709,0.012603952086671245
55.45856333,0.014221408407721065
55.45861745,0.01368734264133669
55.4586544,0.010666056305790799
55.46554804,0.012649729152361334
55.46558261,0.014236667429617761
55.47956228,0.01373311970702678
55.4796257,0.010696574349584192
55.47966194,0.012695506218051423
55.48469687,0.014175631342030976
55.48480487,0.013702601663233387
55.4987309,0.010742351415274281
55.4988296,0.012634470130464637
55.49891138,0.014251926451514458
55.50653911,0.013717860685130083
55.53097773,0.010650797283894103
55.53107548,0.012695506218051423
55.53274632,0.01428244449530785
55.53282619,0.013702601663233387
55.53288507,0.010711833371480888
55.53294015,0.01266498817425803
55.53299236,0.014236667429617761
55.54197907,0.01368734264133669
55.54207754,0.010711833371480888
55.54213572,0.012619211108567941
55.55951047,0.014312962539101243
55.5595572,0.01373311970702678
55.57980156,0.010605020218204014
55.5799005,0.012649729152361334
55.57997298,0.014236667429617761
55.58002806,0.01368734264133669
55.58167005,0.010742351415274281
55.58170795,0.012649729152361334
55.59069467,0.014206149385824368
55.59078479,0.013702601663233387
55.59084511,0.010696574349584192
55.59971833,0.012634470130464637
55.59979725,0.014221408407721065
55.61377072,0.013717860685130083
55.61391616,0.010696574349584192
55.61402655,0.012649729152361334
55.62757897,0.014267185473411154
55.62763405,0.01373311970702678
55.64073467,0.010711833371480888
55.64084649,0.012649729152361334
55.64090872,0.014190890363927672
55.64096451,0.013702601663233387
55.64101768,0.010696574349584192
55.64107037,0.012634470130464637
55.65560651,0.014236667429617761
55.6557157,0.01373311970702678
55.65577483,0.010666056305790799
55.66953135,0.012619211108567941
55.6695652,0.014236667429617761
55.68263626,0.013717860685130083
55.68274522,0.010696574349584192
55.6827898,0.01266498817425803
55.7050755,0.014206149385824368
55.70517302,0.01373311970702678
55.71405149,0.010666056305790799
55.71418309,0.012603952086671245
55.71424389,0.01428244449530785
55.71430564,0.013717860685130083
55.72676682,0.010711833371480888
55.72683859,0.012634470130464637
55.72688222,0.01428244449530785
55.72691464,0.013702601663233387
55.72694755,0.010742351415274281
55.73556066,0.012649729152361334
55.73559165,0.014236667429617761
55.74964023,0.01373311970702678
55.74974275,0.010696574349584192
55.74977183,0.012649729152361334
55.77286196,0.014251926451514458
55.77290654,0.013717860685130083
55.77293229,0.010711833371480888
55.77295709,0.012603952086671245
55.77299118,0.014221408407721065
55.77881765,0.013702601663233387
55.77887297,0.010681315327687495
55.77889848,0.012603952086671245
55.78754973,0.014236667429617761
55.78760433,0.013839932860303654
55.78763986,0.010696574349584192
55.80196857,0.012573434042877852
55.8020649,0.014221408407721065
55.81566381,0.01373311970702678
55.81574035,0.010666056305790799
55.81577587,0.012634470130464637
55.83065438,0.014221408407721065
55.83073378,0.013748378728923476
55.83079195,0.010879682612344548
55.83084631,0.012619211108567941
55.83089781,0.014221408407721065
55.83094931,0.01373311970702678
55.84480524,0.010681315327687495
55.84490204,0.012573434042877852
55.85888529,0.014206149385824368
55.85900855,0.013748378728923476
55.8590703,0.010666056305790799
55.86257911,0.012634470130464637
55.862607,0.014206149385824368
55.88656902,0.01368734264133669
55.88662267,0.010696574349584192
55.88666058,0.012603952086671245
55.88668656,0.014206149385824368
55.88671207,0.013763637750820172
55.90275145,0.010696574349584192
55.90283418,0.012573434042877852
55.90289283,0.014221408407721065
55.90294623,0.01373311970702678
55.91304398,0.010711833371480888
55.91314006,0.012588693064774548
55.92167044,0.014221408407721065
55.92176056,0.013717860685130083
55.92182064,0.010742351415274281
55.94483423,0.012634470130464637
55.94493127,0.014251926451514458
55.94498944,0.013763637750820172
55.9450438,0.010711833371480888
55.94509578,0.012603952086671245
55.9544785,0.014221408407721065
55.9545176,0.01373311970702678
55.96285033,0.010711833371480888
55.96293235,0.012619211108567941
55.96299124,0.014236667429617761
55.96750426,0.01373311970702678
55.98182034,0.010696574349584192
55.98193574,0.012603952086671245
55.99663448,0.014206149385824368
55.99672556,0.013748378728923476
55.99678445,0.010742351415274281
56.00983191,0.012558175020981156
56.00993013,0.014236667429617761
56.00998926,0.01373311970702678
56.01004481,0.010681315327687495
56.0100975,0.012649729152361334
56.02574825,0.014221408407721065
56.02585888,0.013763637750820172
56.02591777,0.010711833371480888
56.02952027,0.012619211108567941
56.02955532,0.014206149385824368
56.03580999,0.013794155794613565
56.04965973,0.010696574349584192
56.04971504,0.012603952086671245
56.04975295,0.014251926451514458
56.06254244,0.013794155794613565
56.06257153,0.010696574349584192
56.07781696,0.012787060349431601
56.07791662,0.014190890363927672
56.07797694,0.013748378728923476
56.07803082,0.010696574349584192
56.07808232,0.012573434042877852
56.09575677,0.014190890363927672
56.09585333,0.013717860685130083
56.09591317,0.010681315327687495
56.09596658,0.012603952086671245
56.09601903,0.014221408407721065
56.10483527,0.013763637750820172
56.11100769,0.010681315327687495
56.11110497,0.012588693064774548
56.13273621,0.014236667429617761
56.13283324,0.01373311970702678
56.13289309,0.010696574349584192
56.13466978,0.012588693064774548
56.13470078,0.014206149385824368
56.1439898,0.013809414816510261
56.14408875,0.010742351415274281
56.15155387,0.012573434042877852
56.15162611,0.014236667429617761
56.15166283,0.013794155794613565
56.16155171,0.010681315327687495
56.1615994,0.012573434042877852
56.16763258,0.014236667429617761
56.16772318,0.013748378728923476
56.19071937,0.010742351415274281
56.19081283,0.012588693064774548
56.19087195,0.014206149385824368
56.19092488,0.013794155794613565
56.1909759,0.010696574349584192
56.20073032,0.012573434042877852
56.20080924,0.014251926451514458
56.21107745,0.013763637750820172
56.21117759,0.010711833371480888
56.21126199,0.012726024261844816
56.21750832,0.014190890363927672
56.21754003,0.013794155794613565
56.23270917,0.010696574349584192
56.23282242,0.012603952086671245
56.23288298,0.014206149385824368
56.24051595,0.013809414816510261
56.26572919,0.010742351415274281
56.26582623,0.012603952086671245
56.26588559,0.014236667429617761
56.265939,0.013794155794613565
56.26599145,0.010696574349584192
56.26604295,0.012573434042877852
56.26609492,0.014206149385824368
56.27566314,0.013824673838406958
56.27574301,0.010711833371480888
56.27580142,0.012588693064774548
56.2895546,0.014175631342030976
56.28958559,0.013763637750820172
56.30370569,0.010711833371480888
56.30380321,0.01254291599908446
56.3038609,0.014206149385824368
56.30391693,0.013824673838406958
56.31759167,0.010696574349584192
56.31764007,0.012603952086671245
56.31768513,0.014190890363927672
56.31771684,0.013763637750820172
56.31775069,0.010742351415274281
56.33253336,0.012558175020981156
56.33256054,0.014175631342030976
56.34579206,0.013809414816510261
56.34589148,0.010696574349584192
56.34595108,0.012573434042877852
56.35953522,0.014206149385824368
56.35957456,0.013809414816510261
56.37382627,0.010711833371480888
56.37392759,0.012603952086671245
56.37398815,0.014251926451514458
56.37404251,0.013794155794613565
56.37409544,0.010757610437170977
56.37414765,0.012558175020981156
56.39058399,0.014221408407721065
56.39065742,0.013794155794613565
56.39069319,0.010711833371480888
56.39962292,0.012573434042877852
56.39968395,0.014206149385824368
56.41274667,0.013794155794613565
56.41286826,0.010742351415274281
56.41292787,0.012558175020981156
56.4369607,0.014221408407721065
56.43705726,0.013794155794613565
56.45063806,0.010803387502861066
56.45074677,0.012573434042877852
56.45077634,0.014190890363927672
56.45080304,0.013824673838406958
56.45768285,0.010711833371480888
56.45776272,0.012573434042877852
56.46571016,0.014236667429617761
56.46579862,0.013824673838406958
56.46586037,0.01078812848096437
56.46592879,0.012573434042877852
56.46598125,0.014206149385824368
56.49070358,0.013809414816510261
56.49080157,0.010711833371480888
56.4908607,0.012603952086671245
56.50283122,0.014221408407721065
56.50292897,0.013839932860303654
56.50298715,0.010696574349584192
56.50306153,0.012573434042877852
56.50311542,0.014206149385824368
56.50686216,0.013794155794613565
56.51399684,0.010696574349584192
56.51410222,0.012588693064774548
56.52157021,0.014190890363927672
56.5216186,0.013839932860303654
56.52165437,0.010711833371480888
56.53050399,0.012558175020981156
56.53055239,0.014236667429617761
56.55455327,0.013809414816510261
56.55461669,0.010711833371480888
56.55464578,0.01254291599908446
56.554672,0.014221408407721065
56.55469894,0.01385519188220035
56.56467819,0.010742351415274281
56.56478643,0.012588693064774548
56.5648489,0.014221408407721065
56.56491089,0.013839932860303654
56.57982516,0.010711833371480888
56.57992315,0.012527656977187763
56.59361696,0.014206149385824368
56.59367657,0.013824673838406958
56.59371305,0.010742351415274281
56.60269308,0.012527656977187763
56.6027739,0.014206149385824368
56.6156559,0.013839932860303654
56.61574984,0.010711833371480888
56.61578631,0.012527656977187763
56.6215446,0.014221408407721065
56.62159252,0.013824673838406958
56.63165545,0.010772869459067674
56.63174462,0.012527656977187763
56.63180494,0.014175631342030976
56.63186097,0.013870450904097047
56.64580321,0.010696574349584192
56.6458838,0.01254291599908446
56.66972661,0.014190890363927672
56.66983533,0.01385519188220035
56.66989636,0.010757610437170977
56.66995764,0.012573434042877852
56.67001009,0.014221408407721065
56.67898941,0.01385519188220035
56.67912889,0.010757610437170977
56.67919087,0.012512397955291066
56.68665624,0.014175631342030976
56.68675113,0.013870450904097047
56.70171738,0.010711833371480888
56.70179892,0.012573434042877852
56.70185924,0.014190890363927672
56.70191216,0.013839932860303654
56.71204686,0.010742351415274281
56.71214318,0.012527656977187763
56.71220183,0.014175631342030976
56.73552418,0.013885709925993743
56.73556185,0.010742351415274281
56.7355876,0.012527656977187763
56.73561287,0.014175631342030976
56.74584627,0.013839932860303654
56.74595976,0.010757610437170977
56.74601936,0.012512397955291066
56.75574279,0.014206149385824368
56.75583744,0.013839932860303654
56.76771688,0.010757610437170977
56.7678082,0.012573434042877852
56.76786852,0.014206149385824368
56.76970196,0.013870450904097047
56.79270697,0.010772869459067674
56.79280186,0.01254291599908446
56.79286289,0.014236667429617761
56.80052662,0.013824673838406958
56.80056787,0.010772869459067674
56.80513763,0.012527656977187763
56.80523729,0.014221408407721065
56.80529547,0.013839932860303654
56.81064916,0.010711833371480888
56.81067657,0.012512397955291066
56.82579803,0.014175631342030976
56.82589912,0.01385519188220035
56.82594967,0.010772869459067674
56.83154726,0.012512397955291066
56.83158016,0.014221408407721065
56.84499693,0.01385519188220035
56.85260296,0.010727092393377585
56.85266757,0.012527656977187763
56.86753488,0.014251926451514458
56.8675828,0.013870450904097047
56.8676126,0.010727092393377585
56.86763883,0.012512397955291066
56.86766505,0.014206149385824368
56.87671709,0.013885709925993743
56.87679839,0.010772869459067674
56.87685823,0.012527656977187763
56.88548708,0.014175631342030976
56.88552547,0.013885709925993743
56.89971995,0.010742351415274281
56.89980102,0.01254291599908446
56.89986205,0.014190890363927672
56.91453624,0.013885709925993743
56.9267211,0.010711833371480888
56.92681694,0.01249713893339437
56.93572545,0.014190890363927672
56.93580413,0.01385519188220035
56.93586373,0.010742351415274281
56.94952679,0.01254291599908446
56.94956017,0.014175631342030976
56.94958544,0.013931486991683834
56.94962096,0.010696574349584192
56.96392941,0.012481879911497674
56.9640429,0.014206149385824368
56.96411061,0.013870450904097047
56.98188829,0.010803387502861066
56.98198533,0.012481879911497674
56.9820447,0.014206149385824368
56.98210454,0.013916227969787138
56.98456931,0.010772869459067674
56.98460865,0.01249713893339437
56.99866104,0.014190890363927672
56.99875093,0.01394674601358053
56.99881053,0.010727092393377585
57.01199174,0.012481879911497674
57.01208758,0.014221408407721065
57.01214647,0.013885709925993743
57.01220012,0.01078812848096437
57.01225281,0.01249713893339437
57.02061534,0.014190890363927672
57.02069998,0.013931486991683834
57.03469563,0.010757610437170977
57.03478622,0.01249713893339437
57.03484964,0.014251926451514458
57.03490448,0.013931486991683834
57.05862999,0.01078812848096437
57.05870628,0.012527656977187763
57.05874157,0.01428244449530785
57.05877495,0.01394674601358053
57.0588088,0.010757610437170977
57.06853437,0.01254291599908446
57.06857586,0.014206149385824368
57.07782626,0.01394674601358053
57.07792473,0.010818646524757763
57.07798386,0.012573434042877852
57.08583546,0.01428244449530785
57.08593106,0.013962005035477227
57.10075521,0.010818646524757763
57.10086513,0.012527656977187763
57.10092735,0.014236667429617761
57.10976648,0.01399252307927062
57.1327157,0.010818646524757763
57.1327951,0.012573434042877852
57.13285685,0.014221408407721065
57.13291121,0.013962005035477227
57.13296413,0.010849164568551155
57.13553071,0.01254291599908446
57.1355741,0.014236667429617761
57.14396596,0.014007782101167316
57.1440661,0.010818646524757763
57.1441462,0.012573434042877852
57.15157557,0.014251926451514458
57.15160799,0.01399252307927062
57.17696977,0.010894941634241245
57.17706895,0.012573434042877852
57.17712712,0.01428244449530785
57.18503213,0.014023041123064012
57.18512845,0.010894941634241245
57.18518806,0.012603952086671245
57.20875502,0.014297703517204547
57.20882869,0.014038300144960708
57.2088654,0.010864423590447852
57.21702099,0.012573434042877852
57.21711826,0.014236667429617761
57.22560334,0.013977264057373923
57.22570801,0.010849164568551155
57.2257452,0.01254291599908446
57.22578049,0.014251926451514458
57.22581244,0.013977264057373923
57.23468232,0.010803387502861066
57.23477459,0.012527656977187763
57.23484659,0.014221408407721065
57.24453449,0.013962005035477227
57.25205898,0.010833905546654459
57.25215507,0.012512397955291066
57.26671576,0.014236667429617761
57.26685143,0.01394674601358053
57.2669208,0.01078812848096437
57.27451134,0.01254291599908446
57.27456093,0.014221408407721065
57.28376341,0.013977264057373923
57.28386116,0.010818646524757763
57.28392029,0.012512397955291066
57.28397298,0.014236667429617761
57.28402495,0.01399252307927062
57.29872561,0.010803387502861066
57.29882169,0.01249713893339437
57.29888034,0.014206149385824368
57.29893541,0.013931486991683834
57.3236177,0.010757610437170977
57.32372093,0.01249713893339437
57.32375598,0.014175631342030976
57.32378578,0.013962005035477227
57.32381344,0.010742351415274281
57.33649421,0.012451361867704281
57.33653498,0.014190890363927672
57.34067988,0.013931486991683834
57.34076071,0.010742351415274281
57.35496426,0.012512397955291066
57.35511494,0.01411459525444419
57.35517621,0.013931486991683834
57.36258316,0.010757610437170977
57.36263227,0.012436102845807583
57.36266732,0.01416037232013428
57.37152553,0.013931486991683834
57.38600087,0.010681315327687495
57.38609719,0.012420843823910887
57.40069342,0.01416037232013428
57.40082049,0.01390096894789044
57.40088153,0.010742351415274281
57.40093398,0.012436102845807583
57.40097141,0.01416037232013428
57.40998507,0.013916227969787138
57.41008592,0.010696574349584192
57.41014504,0.01240558480201419
57.42370772,0.01416037232013428
57.42380071,0.013885709925993743
57.42857838,0.010742351415274281
57.4286325,0.012390325780117494
57.42866874,0.014129854276340887
57.44153738,0.013870450904097047
57.45579505,0.010696574349584192
57.45592523,0.012390325780117494
57.46156335,0.01416037232013428
57.46160698,0.01390096894789044
57.4616375,0.010742351415274281
57.46852088,0.012390325780117494
57.4685514,0.01411459525444419
57.47796178,0.013962005035477227
57.47810388,0.010696574349584192
57.47816515,0.012390325780117494
57.4907887,0.014129854276340887
57.49088836,0.013916227969787138
57.50469756,0.010742351415274281
57.50478673,0.012390325780117494
57.50484681,0.014175631342030976
57.51399827,0.013916227969787138
57.51409602,0.010742351415274281
57.5141542,0.012390325780117494
57.53675628,0.01411459525444419
57.5368526,0.01394674601358053
57.53691173,0.010742351415274281
57.54285336,0.012436102845807583
57.54288149,0.01411459525444419
57.54883742,0.013931486991683834
57.54894018,0.010742351415274281
57.54899883,0.012390325780117494
57.55510497,0.014129854276340887
57.55515957,0.013977264057373923
57.56852293,0.010742351415274281
57.56857705,0.012466620889600977
57.56862497,0.014129854276340887
57.5817647,0.013931486991683834
57.58186507,0.010772869459067674
57.5819273,0.01240558480201419
57.60571051,0.01411459525444419
57.60581994,0.013962005035477227
57.60587883,0.010757610437170977
57.612993,0.012436102845807583
57.61309242,0.01411459525444419
57.61315298,0.013977264057373923
57.61320591,0.010772869459067674
57.61325765,0.012481879911497674
57.6186564,0.014175631342030976
57.61869836,0.013962005035477227
57.64285684,0.010772869459067674
57.64297771,0.012420843823910887
57.6430397,0.014175631342030976
57.64309311,0.013962005035477227
57.6431458,0.010772869459067674
57.64319801,0.012420843823910887
57.65573692,0.014129854276340887
57.65587664,0.013962005035477227
57.65596032,0.010803387502861066
57.66949058,0.012451361867704281
57.66953468,0.014175631342030976
57.67573047,0.013962005035477227
57.67586541,0.010818646524757763
57.67592645,0.012451361867704281
57.6898334,0.014145113298237583
57.68995237,0.013962005035477227
57.71378565,0.01078812848096437
57.71390009,0.012390325780117494
57.7139616,0.014190890363927672
57.71401691,0.013977264057373923
57.71406913,0.010803387502861066
57.71412039,0.012451361867704281
57.7236774,0.014190890363927672
57.72376704,0.014007782101167316
57.7238028,0.010803387502861066
57.73150063,0.012451361867704281
57.73153567,0.014129854276340887
57.7406745,0.01399252307927062
57.74075675,0.010757610437170977
57.74081779,0.012390325780117494
57.76454353,0.014175631342030976
57.76457858,0.013977264057373923
57.76460552,0.010803387502861066
57.76463056,0.012481879911497674
57.76465631,0.01416037232013428
57.76468086,0.014007782101167316
57.77981949,0.010742351415274281
57.77991724,0.01240558480201419
57.78886008,0.014175631342030976
57.78902721,0.013977264057373923
57.78909039,0.01078812848096437
57.80158401,0.012375066758220797
57.80163383,0.014175631342030976
57.80167055,0.014007782101167316
57.81564569,0.010864423590447852
57.81567454,0.012436102845807583
57.83976936,0.014129854276340887
57.83988285,0.01399252307927062
57.83994102,0.010772869459067674
57.83999515,0.012390325780117494
57.84004784,0.01416037232013428
57.84009933,0.013977264057373923
57.84174132,0.01078812848096437
57.84182191,0.012375066758220797
57.85670161,0.01411459525444419
57.85684776,0.01399252307927062
57.85689282,0.010772869459067674
57.86956263,0.012390325780117494
57.86961246,0.01416037232013428
57.89462543,0.01399252307927062
57.89472866,0.010803387502861066
57.89476418,0.012375066758220797
57.89479685,0.01416037232013428
57.89482856,0.014053559166857405
57.89488196,0.010772869459067674
57.89491391,0.012390325780117494
57.89494562,0.014129854276340887
57.90154457,0.014038300144960708
57.91579413,0.010803387502861066
57.91588974,0.012420843823910887
57.91594934,0.01416037232013428
57.92247796,0.01399252307927062
57.92252588,0.010818646524757763
57.93557453,0.012375066758220797
57.93562269,0.01416037232013428
57.95959687,0.014038300144960708
57.95966363,0.010772869459067674
57.95969296,0.012390325780117494
57.97465086,0.01411459525444419
57.97478986,0.01399252307927062
57.97484827,0.010803387502861066
57.97490501,0.012390325780117494
57.97495747,0.014129854276340887
57.98092556,0.014068818188754101
57.98896503,0.010833905546654459
57.98907876,0.012390325780117494
58.00161004,0.014099336232547494
58.00173783,0.013977264057373923
58.00179744,0.010818646524757763
58.02562499,0.012359807736324101
58.02571726,0.014129854276340887
58.02576685,0.014023041123064012
58.02579999,0.010803387502861066
58.02583146,0.012390325780117494
58.02586293,0.01416037232013428
58.02589369,0.014053559166857405
58.02592492,0.010772869459067674
58.0355227,0.012375066758220797
58.03556585,0.01411459525444419
58.04072642,0.014099336232547494
58.04780197,0.01078812848096437
58.04789829,0.012390325780117494
58.05574512,0.014129854276340887
58.05585718,0.014053559166857405
58.0559299,0.01078812848096437
58.06949377,0.01240558480201419
58.06953835,0.01411459525444419
58.08392668,0.014068818188754101
58.08403873,0.010833905546654459
58.08409977,0.012344548714427405
58.09168029,0.014129854276340887
58.09175754,0.013977264057373923
58.09354663,0.01078812848096437
58.09361315,0.012390325780117494
58.09364986,0.014129854276340887
58.10658669,0.014038300144960708
58.108742,0.010818646524757763
58.10882044,0.012390325780117494
58.1219883,0.014145113298237583
58.122087,0.014068818188754101
58.12214661,0.010833905546654459
58.14549613,0.012375066758220797
58.14552379,0.01416037232013428
58.14555073,0.014023041123064012
58.14557719,0.010772869459067674
58.14560175,0.012375066758220797
58.1518836,0.01411459525444419
58.15193319,0.014053559166857405
58.16570115,0.010803387502861066
58.16579723,0.012344548714427405
58.16585469,0.014129854276340887
58.16590858,0.014053559166857405
58.18096304,0.01078812848096437
58.18105865,0.012390325780117494
58.20471835,0.014145113298237583
58.20482874,0.014068818188754101
58.20488787,0.01078812848096437
58.2049427,0.012390325780117494
58.20499468,0.01416037232013428
58.20759821,0.014007782101167316
58.20767832,0.010833905546654459
58.20773673,0.012359807736324101
58.22073865,0.014129854276340887
58.22083473,0.014068818188754101
58.23560333,0.010864423590447852
58.23569417,0.012375066758220797
58.23575354,0.01411459525444419
58.23971534,0.014053559166857405
58.25962758,0.010803387502861066
58.25968099,0.012344548714427405
58.25970936,0.01416037232013428
58.25973487,0.014053559166857405
58.2597599,0.010833905546654459
58.26569772,0.012344548714427405
58.26573324,0.014099336232547494
58.27874589,0.01411459525444419
58.27884293,0.010803387502861066
58.27890086,0.012329289692530708
58.28705835,0.014190890363927672
58.28715563,0.014053559166857405
58.31109309,0.010818646524757763
58.31119084,0.012329289692530708
58.31124973,0.01411459525444419
58.31130314,0.014084077210650798
58.33477998,0.010864423590447852
58.33484149,0.012298771648737316
58.33486962,0.01411459525444419
58.33489537,0.014084077210650798
58.33492064,0.010864423590447852
58.34848928,0.012375066758220797
58.34852958,0.014145113298237583
58.34855485,0.014084077210650798
58.34857941,0.010833905546654459
58.3486042,0.012329289692530708
58.35352659,0.014099336232547494
58.3535552,0.014099336232547494
58.36257005,0.010833905546654459
58.36262298,0.01228351262684062
58.36265182,0.01416037232013428
58.37671137,0.014084077210650798
58.39000416,0.010833905546654459
58.39014935,0.012314030670634012
58.39549136,0.014084077210650798
58.39555359,0.014099336232547494
58.39558291,0.010818646524757763
58.40253782,0.012329289692530708
58.40257645,0.014068818188754101
58.40260482,0.014084077210650798
58.41055465,0.010879682612344548
58.41058135,0.012329289692530708
58.42484522,0.014099336232547494
58.42506933,0.014099336232547494
58.42513871,0.010879682612344548
58.43853903,0.012359807736324101
58.43858409,0.014145113298237583
58.43861032,0.01411459525444419
58.45200658,0.010833905546654459
58.45210409,0.012344548714427405
58.4577353,0.014099336232547494
58.45784712,0.014053559166857405
58.45790792,0.010879682612344548
58.46649146,0.012252994583047227
58.46653175,0.014129854276340887
58.47988009,0.014084077210650798
58.47998071,0.010833905546654459
58.48004866,0.012329289692530708
58.48500562,0.014129854276340887
58.48510265,0.014068818188754101
58.50971437,0.010864423590447852
58.50976992,0.012314030670634012
58.50979781,0.014129854276340887
58.50982428,0.014053559166857405
58.50984955,0.010833905546654459
58.50987411,0.012344548714427405
58.52380395,0.014099336232547494
58.52390313,0.014099336232547494
58.52396846,0.010833905546654459
58.53256631,0.012344548714427405
58.53260899,0.014129854276340887
58.54597092,0.01416037232013428
58.54607105,0.010864423590447852
58.5461309,0.012359807736324101
58.55969477,0.01411459525444419
58.5597496,0.014084077210650798
58.57369995,0.010879682612344548
58.57378244,0.012375066758220797
58.57384014,0.014084077210650798
58.57389235,0.01416037232013428
58.58768106,0.010803387502861066
58.58775997,0.01228351262684062
58.58781791,0.01411459525444419
58.58787131,0.014099336232547494
58.58792686,0.010833905546654459
58.59771562,0.012375066758220797
58.59779406,0.014099336232547494
58.62172365,0.01411459525444419
58.62182045,0.010879682612344548
58.62187886,0.01228351262684062
58.62654638,0.01411459525444419
58.62657452,0.014099336232547494
58.6408143,0.010803387502861066
58.64091229,0.012298771648737316
58.64097166,0.014099336232547494
58.6410265,0.014129854276340887
58.64107823,0.010864423590447852
58.64113259,0.012344548714427405
58.65667653,0.014145113298237583
58.65676856,0.014129854276340887
58.65682769,0.010925459678034637
58.66989374,0.012298771648737316
58.66992402,0.014129854276340887
58.68366027,0.014129854276340887
58.68376756,0.010894941634241245
58.68380404,0.012268253604943923
58.69172382,0.014084077210650798
58.6918211,0.01411459525444419
58.69696164,0.010833905546654459
58.69707465,0.01228351262684062
58.69713569,0.014129854276340887
58.70601988,0.014099336232547494
58.7116642,0.010879682612344548
58.71175027,0.012268253604943923
58.71177912,0.014084077210650798
58.72452188,0.014129854276340887
58.72455263,0.010864423590447852
58.73897195,0.01228351262684062
58.73906922,0.01411459525444419
58.7466259,0.014129854276340887
58.7467227,0.010879682612344548
58.7467618,0.012298771648737316
58.75161362,0.014099336232547494
58.75166082,0.01411459525444419
58.76590276,0.010879682612344548
58.76601648,0.012222476539253834
58.76607633,0.014068818188754101
58.76780891,0.014129854276340887
58.7806437,0.010864423590447852
58.78070593,0.01228351262684062
58.79494786,0.014099336232547494
58.79506135,0.014099336232547494
58.79512286,0.010864423590447852
58.80397201,0.012268253604943923
58.80409384,0.014053559166857405
58.80969429,0.014129854276340887
58.80979419,0.010864423590447852
58.80984664,0.012298771648737316
58.82353258,0.014053559166857405
58.82356215,0.014129854276340887
58.82978582,0.010879682612344548
58.8298986,0.012252994583047227
58.82995868,0.014099336232547494
58.83604431,0.01411459525444419
58.86076188,0.010879682612344548
58.86085629,0.012298771648737316
58.86091375,0.01411459525444419
58.86096644,0.014129854276340887
58.86101866,0.010894941634241245
58.86813474,0.012329289692530708
58.86823225,0.014053559166857405
58.88059211,0.014129854276340887
58.88067722,0.010864423590447852
58.88071299,0.012252994583047227
58.8877008,0.01411459525444419
58.88778138,0.014084077210650798
58.88783979,0.010849164568551155
58.900635,0.012268253604943923
58.90066218,0.014068818188754101
58.91463637,0.014099336232547494
58.92261386,0.01095597772182803
58.92269254,0.012222476539253834
58.94661617,0.014099336232547494
58.94669294,0.01411459525444419
58.94672132,0.010864423590447852
58.9467473,0.012268253604943923
58.94677329,0.014068818188754101
58.95967007,0.01411459525444419
58.95975924,0.010864423590447852
58.95982075,0.01228351262684062
58.95987415,0.014084077210650798
58.95994449,0.01411459525444419
58.97396731,0.010925459678034637
58.9740808,0.012252994583047227
58.97414136,0.014084077210650798
58.97419524,0.01416037232013428
58.99705911,0.010910200656137941
58.99715924,0.012268253604943923
58.99886346,0.014038300144960708
58.9990294,0.014129854276340887
58.99909115,0.010894941634241245
59.00497103,0.012222476539253834
59.00507116,0.014084077210650798
59.01054001,0.01411459525444419
59.01061893,0.010864423590447852
59.01066351,0.012268253604943923
59.02068758,0.014053559166857405
59.0207684,0.01416037232013428
59.02082849,0.010833905546654459
59.04547334,0.01223773556115053
59.04550242,0.014099336232547494
59.04552865,0.014129854276340887
59.0455544,0.010894941634241245
59.04557967,0.012268253604943923
59.05366945,0.014068818188754101
59.05375934,0.014175631342030976
59.05382013,0.010925459678034637
59.06656718,0.01223773556115053
59.0666163,0.014099336232547494
59.07578492,0.014175631342030976
59.07591486,0.010879682612344548
59.07597733,0.012222476539253834
59.10064268,0.01411459525444419
59.10067081,0.01416037232013428
59.10069752,0.010910200656137941
59.10072255,0.012222476539253834
59.10074711,0.014053559166857405
59.1007719,0.01416037232013428
59.10983944,0.010894941634241245
59.10994267,0.012222476539253834
59.12370634,0.014099336232547494
59.1237874,0.01416037232013428
59.12384725,0.010925459678034637
59.13164544,0.012191958495460441
59.13167357,0.014053559166857405
59.14612222,0.014175631342030976
59.14621425,0.010864423590447852
59.14624977,0.01223773556115053
59.15965199,0.014068818188754101
59.15969443,0.01416037232013428
59.16899991,0.010925459678034637
59.16909719,0.012252994583047227
59.16915536,0.014084077210650798
59.1692121,0.014175631342030976
59.1826055,0.010894941634241245
59.1826663,0.012252994583047227
59.18760633,0.014053559166857405
59.18769526,0.014129854276340887
59.18775535,0.010879682612344548
59.20073986,0.012268253604943923
59.20083714,0.014053559166857405
59.22472763,0.014145113298237583
59.22482395,0.010925459678034637
59.22488236,0.012191958495460441
59.2249558,0.014053559166857405
59.22501183,0.014206149385824368
59.22671342,0.010910200656137941
59.22679377,0.012252994583047227
59.22685289,0.014053559166857405
59.23856759,0.01416037232013428
59.24557877,0.010940718699931334
59.24567032,0.012222476539253834
59.25365639,0.014068818188754101
59.25373769,0.01416037232013428
59.25379562,0.010940718699931334
59.2766819,0.01223773556115053
59.27680326,0.014084077210650798
59.27940702,0.014175631342030976
59.27944613,0.010894941634241245
59.27949691,0.012161440451667048
59.28763914,0.014068818188754101
59.28771782,0.014129854276340887
59.30072737,0.010910200656137941
59.30084229,0.012191958495460441
59.30090523,0.014068818188754101
59.30096173,0.014129854276340887
59.3165648,0.010910200656137941
59.31662726,0.012191958495460441
59.31666255,0.014007782101167316
59.3395741,0.01416037232013428
59.33961654,0.010925459678034637
59.34855533,0.012176699473563745
59.34860325,0.014068818188754101
59.35760689,0.014129854276340887
59.35769749,0.010894941634241245
59.35775828,0.012222476539253834
59.37075019,0.014023041123064012
59.37084699,0.01416037232013428
59.37090516,0.010925459678034637
59.37095904,0.012207217517357137
59.37101245,0.014053559166857405
59.38063312,0.014206149385824368
59.38971972,0.01095597772182803
59.38980031,0.012176699473563745
59.41168284,0.014053559166857405
59.41177416,0.014175631342030976
59.41180348,0.010879682612344548
59.41183519,0.01223773556115053
59.4118669,0.014007782101167316
59.41189837,0.014190890363927672
59.42650199,0.010910200656137941
59.4265399,0.012161440451667048
59.42656469,0.014038300144960708
59.42658949,0.01416037232013428
59.42854857,0.010894941634241245
59.42859459,0.012207217517357137
59.42862415,0.014053559166857405
59.43694162,0.014190890363927672
59.44559979,0.010879682612344548
59.44566989,0.012191958495460441
59.45467091,0.014084077210650798
59.45476127,0.014175631342030976
59.45482254,0.010925459678034637
59.47861433,0.012161440451667048
59.47869897,0.014053559166857405
59.47873402,0.014236667429617761
59.4787674,0.010940718699931334
59.4787991,0.012161440451667048
59.48869443,0.014068818188754101
59.48877525,0.014206149385824368
59.49814129,0.010879682612344548
59.4982543,0.012146181429770352
59.49831557,0.014068818188754101
59.50300145,0.014175631342030976
59.51079106,0.01095597772182803
59.51085591,0.012146181429770352
59.51089168,0.01399252307927062
59.53965139,0.014175631342030976
59.53968167,0.010910200656137941
59.53970838,0.012130922407873656
59.53973365,0.014053559166857405
59.54184914,0.01416037232013428
59.5419631,0.010925459678034637
59.54202461,0.012161440451667048
59.55583596,0.014007782101167316
59.55592108,0.014206149385824368
59.56395102,0.010925459678034637
59.56407428,0.012146181429770352
59.56413603,0.014007782101167316
59.57315779,0.014221408407721065
59.59582639,0.01095597772182803
59.5959487,0.012176699473563745
59.59600735,0.014053559166857405
59.59606338,0.014221408407721065
59.59611893,0.010925459678034637
59.62070966,0.012161440451667048
59.62080574,0.014007782101167316
59.62086558,0.014251926451514458
59.62091875,0.01095597772182803
59.62097073,0.012329289692530708
59.62652826,0.01399252307927062
59.62655568,0.014206149385824368
59.63476801,0.010986495765621425
59.63485813,0.012130922407873656
59.63491774,0.014007782101167316
59.63497257,0.014251926451514458
59.64968276,0.010940718699931334
59.64977717,0.012161440451667048
59.6727016,0.01399252307927062
59.6728375,0.014206149385824368
59.67291045,0.01095597772182803
59.67647147,0.012146181429770352
59.67651939,0.014053559166857405
59.67654467,0.014221408407721065
59.6765697,0.010986495765621425
59.67659473,0.012161440451667048
59.69050097,0.014068818188754101
59.69054866,0.014236667429617761
59.69057417,0.01095597772182803
59.6965251,0.012161440451667048
59.69655776,0.01399252307927062
59.70296335,0.014206149385824368
59.72570825,0.011017013809414817
59.72580409,0.012161440451667048
59.7258637,0.014053559166857405
59.7316463,0.014206149385824368
59.73167348,0.010910200656137941
59.74559093,0.012146181429770352
59.74564528,0.014038300144960708
59.74567437,0.014221408407721065
59.74570084,0.010986495765621425
59.74572587,0.012176699473563745
59.75367618,0.014053559166857405
59.75375772,0.014221408407721065
59.76704764,0.010986495765621425
59.76716733,0.012161440451667048
59.76722622,0.014007782101167316
59.76896739,0.014206149385824368
59.79185915,0.010971236743724726
59.79195476,0.012130922407873656
59.79201293,0.014053559166857405
59.79206729,0.014236667429617761
59.79211855,0.011001754787518121
59.79877138,0.012130922407873656
59.79886723,0.014007782101167316
59.81260562,0.014221408407721065
59.81268191,0.011001754787518121
59.81272292,0.012176699473563745
59.8206811,0.014007782101167316
59.82076073,0.01428244449530785
59.8455863,0.010940718699931334
59.84566116,0.01211566338597696
59.8456986,0.014053559166857405
59.84573174,0.014236667429617761
59.84576321,0.010940718699931334
59.84579492,0.012176699473563745
59.859833,0.01399252307927062
59.85994577,0.014251926451514458
59.86000681,0.011001754787518121
59.86498284,0.012146181429770352
59.86508226,0.014007782101167316
59.87861228,0.014206149385824368
59.87868547,0.010925459678034637
59.87872171,0.012100404364080263
59.8905766,0.01399252307927062
59.89062381,0.014251926451514458
59.91459894,0.010940718699931334
59.91466165,0.012146181429770352
59.91469145,0.013977264057373923
59.91471863,0.014251926451514458
59.9147439,0.010971236743724726
59.91476893,0.01211566338597696
59.92166948,0.014007782101167316
59.92174959,0.014267185473411154
59.92181015,0.010986495765621425
59.93066621,0.012100404364080263
59.93069458,0.014038300144960708
59.94465351,0.014236667429617761
59.94474244,0.010971236743724726
59.94477892,0.012130922407873656
59.96865463,0.014038300144960708
59.96868467,0.014236667429617761
59.98160934,0.010971236743724726
59.98167253,0.012100404364080263
59.98170161,0.01399252307927062
59.9817276,0.014297703517204547
59.99582195,0.010986495765621425
59.99592018,0.01211566338597696
59.99597883,0.014053559166857405
59.99603415,0.014251926451514458
59.99608612,0.011001754787518121
60.00300789,0.012130922407873656
