Seg,mV
0.03495932,0.012466620889600977
0.03499293,0.01892118715190356
0.03501368,0.005020218204013123
0.03503799,0.021927214465552756
0.03506136,0.02656595712214847
0.03508043,0.004745555809872587
0.03510022,0.012359807736324101
0.03512359,0.027649347676813915
0.03514838,0.01889066910811017
0.03517842,0.005004959182116427
0.0352037,0.02191195544365606
0.03522754,0.026626993209735255
0.03524661,0.004715037766079194
0.03526592,0.012298771648737316
0.03528833,0.02758831158922713
0.03531146,0.018860151064316776
0.03533053,0.004974441138323033
0.0353539,0.021942473487449453
0.03537679,0.026672770275425344
0.03539562,0.00473029678797589
0.03541446,0.012481879911497674
0.03543711,0.027786678873884182
0.03546071,0.019058518348973832
0.03547955,0.004974441138323033
0.03550243,0.02197299153124285
0.03552532,0.02664225223163195
0.03554416,0.004699778744182498
0.03694034,0.012268253604943923
0.03698611,0.027649347676813915
0.03701925,0.018997482261387044
0.03704429,0.004974441138323033
0.03707314,0.02191195544365606
0.03710175,0.026703288319218737
0.03712654,0.004791332875562677
0.03715038,0.012298771648737316
0.03717923,0.02766460669871061
0.03720784,0.018951705195696954
0.03723121,0.004974441138323033
0.03725958,0.021881437399862667
0.03728843,0.02668802929732204
0.03731203,0.004760814831769284
0.03733635,0.012359807736324101
0.03736496,0.02763408865491722
0.03739381,0.01901274128328374
0.03741813,0.004913405050736248
0.03744698,0.021881437399862667
0.03747559,0.026672770275425344
0.03749919,0.004791332875562677
0.03752279,0.012298771648737316
0.0375514,0.02758831158922713
0.03758001,0.019043259327077136
0.03761148,0.004928664072632944
0.03764057,0.021850919356069275
0.03767085,0.02664225223163195
0.03768992,0.004791332875562677
0.0409224,0.012222476539253834
0.04095697,0.027603570611123826
0.04098606,0.01901274128328374
0.0410099,0.004959182116426337
0.04103923,0.021850919356069275
0.04106784,0.02668802929732204
0.04109144,0.004715037766079194
0.04111457,0.01228351262684062
0.04114318,0.02766460669871061
0.04117179,0.019089036392767225
0.04119587,0.004867627985046159
0.04122448,0.02178988326848249
0.04125261,0.026657511253528648
0.04127645,0.004669260700389105
0.04130006,0.01223773556115053
0.04132843,0.027603570611123826
0.04135704,0.01907377737087053
0.04138088,0.004898146028839551
0.04140973,0.021820401312275882
0.04143834,0.02673380636301213
0.04146194,0.004806591897459373
0.04148555,0.012161440451667048
0.04151511,0.027603570611123826
0.04154348,0.01910429541466392
0.04156709,0.004913405050736248
0.04159546,0.021850919356069275
0.04162407,0.02673380636301213
0.04165268,0.004806591897459373
0.04492736,0.012252994583047227
0.04495764,0.02763408865491722
0.04498148,0.019119554436560618
0.04500079,0.004898146028839551
0.04502392,0.021805142290379186
0.04504681,0.026703288319218737
0.04506564,0.004852368963149462
0.04508448,0.012161440451667048
0.04510713,0.027557793545433737
0.04513001,0.01907377737087053
0.04514933,0.004806591897459373
0.04517198,0.0217441062027924
0.04519463,0.026703288319218737
0.04521346,0.0048218509193560695
0.04523277,0.012085145342183566
0.04525566,0.027603570611123826
0.04527855,0.019119554436560618
0.04529715,0.004913405050736248
0.0453198,0.021728847180895704
0.04534292,0.02673380636301213
0.04536176,0.00477607385366598
0.04538035,0.012161440451667048
0.04540324,0.027603570611123826
0.04542589,0.01915007248035401
0.04544449,0.004837109941252766
0.04546738,0.02169832913710231
0.0454905,0.026749065384908826
0.04550934,0.004699778744182498
0.05596876,0.012146181429770352
0.05599523,0.027557793545433737
0.05601883,0.019165331502250707
0.05603766,0.004745555809872587
0.05606055,0.021728847180895704
0.0560832,0.026794842450598915
0.05610228,0.004913405050736248
0.05612063,0.012130922407873656
0.05614376,0.027618829633020522
0.05616617,0.019211108567940796
0.05618477,0.004898146028839551
0.05620766,0.02178988326848249
0.05623007,0.026825360494392308
0.0562489,0.004852368963149462
0.0562675,0.012146181429770352
0.05629015,0.027649347676813915
0.05631256,0.019287403677424278
0.0563314,0.004928664072632944
0.05635452,0.0217441062027924
0.05637741,0.026840619516289004
0.05639601,0.004898146028839551
0.05641484,0.012207217517357137
0.05643749,0.02766460669871061
0.05646014,0.019348439765011063
0.05647874,0.004913405050736248
0.05650139,0.02178988326848249
0.05652404,0.026901655603875793
0.06531954,0.005020218204013123
0.06534982,0.012146181429770352
0.06537914,0.027695124742504004
0.06540847,0.019348439765011063
0.06543255,0.004913405050736248
0.06546211,0.021805142290379186
0.06549072,0.026901655603875793
0.06551433,0.004898146028839551
0.06555009,0.012191958495460441
0.06558347,0.02763408865491722
0.06561184,0.01931792172121767
0.06563616,0.004882887006942855
0.06566453,0.021728847180895704
0.0656929,0.026840619516289004
0.06571674,0.0048218509193560695
0.06574035,0.012100404364080263
0.06576872,0.02754253452353704
0.06579685,0.019302662699320974
0.06582046,0.00477607385366598
0.06584883,0.021683070115205615
0.06588888,0.02681010147249561
0.0659163,0.004913405050736248
0.0659399,0.012024109254596781
0.06596851,0.02754253452353704
0.06599712,0.019226367589837492
0.06602049,0.004852368963149462
0.06604886,0.021606775005722133
0.06607723,0.02673380636301213
0.07195783,0.004806591897459373
0.07198739,0.012176699473563745
0.07201719,0.02766460669871061
0.07204604,0.01936369878690776
0.07206964,0.004882887006942855
0.07209778,0.021637293049515526
0.07212591,0.026749065384908826
0.07214952,0.004791332875562677
0.07217312,0.012008850232700085
0.07220125,0.02746623941405356
0.07222962,0.019256885633630885
0.07225299,0.004684519722285801
0.07228088,0.021667811093308918
0.07230902,0.026932173647669186
0.08115005,0.02868696116578927
0.08119369,0.027176317998016328
0.08796191,0.025696192874036773
0.08800817,0.024536507209887846
0.10000801,0.023422598611429007
0.10007405,0.022613870450904097
0.10493612,0.0217441062027924
0.10496449,0.0157778286411841
0.11395621,0.003250171663996338
0.11398482,0.01957732509346151
0.12297153,0.0264438849469749
0.12300205,0.0050354772259098195
0.13196635,0.010925459678034637
0.13993478,0.02661173418783856
0.13997746,0.020202944991226063
0.14891934,0.004242008087281605
0.14896369,0.02050812542915999
0.15599251,0.027069504844739453
0.15602803,0.005523765926604105
0.15605378,0.011200122072175174
0.16401482,0.026886396581979097
0.16408324,0.020416571297779813
0.1730051,0.004318303196765088
0.17304587,0.020752269779507133
0.18419099,0.02725261310749981
0.18422937,0.005661097123674372
0.18800235,0.011352712291142137
0.21431637,0.026977950713359275
0.21436691,0.020355535210193027
0.21441126,0.0043945983062485695
0.2144413,0.020706492713817044
0.21447039,0.027145799954222935
0.21449399,0.0054169527733272296
0.21451783,0.011367971313038834
0.21897173,0.02699320973525597
0.21901274,0.02026398107881285
0.23298526,0.004455634393835355
0.23301482,0.02076752880140383
0.23898602,0.02708476386663615
0.23904157,0.005432211795223926
0.24396968,0.011444266422522316
0.2579639,0.026947432669565882
0.25801802,0.02029449912260624
0.27298927,0.004470893415732051
0.27305031,0.020904859998474096
0.27897716,0.027222095063706417
0.27903271,0.005523765926604105
0.27905917,0.011520561532005799
0.2869575,0.027054245822842757
0.2869916,0.02026398107881285
0.30003285,0.004516670481422141
0.30006242,0.02102693217364767
0.31006074,0.027222095063706417
0.31011319,0.005523765926604105
0.31393719,0.011657892729076066
0.33798075,0.027100022888532846
0.33803964,0.020141908903639278
0.34893656,0.004501411459525444
0.34898877,0.0208896009765774
0.34901953,0.027008468757152668
0.34904265,0.005279621576256962
0.34906626,0.011734187838559548
0.36801338,0.027115281910429542
0.36805749,0.020233463035019456
0.37696981,0.004669260700389105
0.37701726,0.021301594567788205
0.37704802,0.027191577019913024
0.37707162,0.005386434729533837
0.38493562,0.011673151750972763
0.39799929,0.02703898680094606
0.39805126,0.0196078431372549
0.40796232,0.004455634393835355
0.40800786,0.020813305867093918
0.41781259,0.026825360494392308
0.41784978,0.005279621576256962
0.41788936,0.01185626001373312
0.42192721,0.027237354085603113
0.42195034,0.020035095750362403
0.42792249,0.004669260700389105
0.42794776,0.021316853589684902
0.45199656,0.02713054093232624
0.45204401,0.005310139620050355
0.45206904,0.01181048294804303
0.46695328,0.02716105897611963
0.46700454,0.019760433356221865
0.47193909,0.004547188525215534
0.4719739,0.02119478141451133
0.48001671,0.02699320973525597
0.48008823,0.005279621576256962
0.48011494,0.011932555123216601
0.48293281,0.02725261310749981
0.48295879,0.019897764553292133
0.49705625,0.004791332875562677
0.49711633,0.021316853589684902
0.51012325,0.026932173647669186
0.51019001,0.005188067444876783
0.52501822,0.011886778057526512
0.52896142,0.027222095063706417
0.52900028,0.019684138246738384
0.54296255,0.004760814831769284
0.54301238,0.021393148699168384
0.54304242,0.0268711375600824
0.54306602,0.005127031357289998
0.54308939,0.012130922407873656
0.55295229,0.027344167238879988
0.55298114,0.019684138246738384
0.56191564,0.00477607385366598
0.561939,0.021377889677271687
0.57494497,0.02681010147249561
0.57497358,0.005127031357289998
0.58899236,0.011825741969939726
0.59700108,0.02713054093232624
0.59705663,0.019378957808804456
0.60499263,0.0048218509193560695
0.60503817,0.021423666742961776
0.60999703,0.026886396581979097
0.61005545,0.0051575494010833904
0.61009908,0.012466620889600977
0.61899495,0.027481498435950255
0.61903358,0.01965362020294499
0.63995743,0.0048218509193560695
0.64000058,0.02145418478675517
0.64198923,0.026535439078355077
0.64202738,0.004715037766079194
0.6420598,0.011657892729076066
0.65499949,0.027054245822842757
0.65505433,0.01910429541466392
0.66896033,0.004806591897459373
0.66900921,0.021545738918135347
0.66904116,0.0268711375600824
0.67393804,0.005172808422980087
0.67395806,0.01240558480201419
0.69904256,0.027527275501640344
0.6990962,0.01953154802777142
0.69912696,0.004913405050736248
0.69916177,0.021759365224689096
0.71500921,0.026794842450598915
0.71506691,0.005096513313496605
0.71996546,0.012252994583047227
0.72003436,0.027389944304570077
0.72007728,0.019119554436560618
0.73396969,0.004791332875562677
0.73403192,0.021652552071412222
0.74899745,0.02664225223163195
0.74904752,0.00494392309452964
0.749084,0.012451361867704281
0.77296424,0.027359426260776684
0.77299476,0.019180590524147403
0.77301431,0.0050354772259098195
0.77303648,0.021637293049515526
0.7980113,0.0264438849469749
0.79806042,0.004791332875562677
0.79808617,0.012100404364080263
0.79811454,0.027267872129396506
0.79814267,0.01892118715190356
0.79816604,0.005050736247806516
0.79819345,0.021774624246585793
0.8230269,0.02661173418783856
0.82309508,0.004974441138323033
0.82314658,0.012512397955291066
0.82318616,0.02742046234836347
0.82322645,0.018997482261387044
0.83301425,0.0051575494010833904
0.83308005,0.021942473487449453
0.83894587,0.026657511253528648
0.83897758,0.004852368963149462
0.84490752,0.012588693064774548
0.85900807,0.027481498435950255
0.85906696,0.018875410086213473
0.85909605,0.005004959182116427
0.86396408,0.021820401312275882
0.8640008,0.026367589837491417
0.88910055,0.00473029678797589
0.88913226,0.012420843823910887
0.88916278,0.027405203326466773
0.88919091,0.018738078889143205
0.89695954,0.005020218204013123
0.89700341,0.02191195544365606
0.90699005,0.026413366903181506
0.90704012,0.004852368963149462
0.91503286,0.01271076523994812
0.92145896,0.027557793545433737
0.92156959,0.018738078889143205
0.94397235,0.005142290379186694
0.94403148,0.022034027618829635
0.94406223,0.02652018005645838
0.94408607,0.004654001678492409
0.94410872,0.012954909590295263
0.96396589,0.027603570611123826
0.96399093,0.018829633020523383
0.96401024,0.005218585488670176
0.96403289,0.022125581750209813
0.97497201,0.02627603570611124
0.97502089,0.004638742656595712
0.97504616,0.012298771648737316
0.99902868,0.027313649195086595
0.99909997,0.018188754100862136
1.01305008,0.0051575494010833904
1.01311707,0.02204928664072633
1.0131681,0.0264438849469749
1.01320887,0.004852368963149462
1.01324868,0.013199053940642405
1.03697681,0.02784771496147097
1.03700709,0.018829633020523383
1.04493284,0.005508506904707409
1.04495716,0.02221713588158999
1.05199766,0.026199740596627757
1.05204129,0.004486152437628748
1.05208063,0.012390325780117494
1.05797148,0.02725261310749981
1.05801725,0.01799038681620508
1.0580442,0.005111772335393301
1.07193518,0.022064545662623027
1.07196188,0.02627603570611124
1.08495116,0.004715037766079194
1.08498216,0.01313801785305562
1.09194207,0.027740901808194093
1.09198189,0.01855497062638285
1.09794331,0.005386434729533837
1.09799099,0.02247653925383383
1.11219096,0.026428625925078202
1.11229396,0.004715037766079194
1.11235571,0.012985427634088656
1.12704372,0.02754253452353704
1.12710238,0.01812771801327535
1.14001107,0.005310139620050355
1.14008546,0.02230869001297017
1.14914465,0.026291294728007935
1.14922547,0.004654001678492409
1.1492846,0.01330586709391928
1.14935017,0.0277103837644007
1.14941573,0.018356603341725796
1.16399741,0.0054169527733272296
1.16404247,0.022369726100556955
1.17325139,0.025925078202487222
1.17332125,0.004409857328145266
1.17812109,0.012512397955291066
1.19222355,0.027359426260776684
1.19228387,0.017669947356374456
1.20520258,0.005386434729533837
1.20529914,0.02243076218814374
1.21014857,0.026245517662317846
1.21024346,0.004654001678492409
1.21030307,0.013443198290989548
1.22604299,0.02789349202716106
1.22611046,0.01812771801327535
1.22614694,0.005523765926604105
1.22619915,0.022491798275730526
1.23957348,0.02594033722438392
1.23965526,0.0043945983062485695
1.23971462,0.012939650568398567
1.26403546,0.027527275501640344
1.26410556,0.017792019531548027
1.26414299,0.005508506904707409
1.26418281,0.022705424582284275
1.27501202,0.026260776684214542
1.2750628,0.004669260700389105
1.27510333,0.013397421225299458
1.28796768,0.027725642786297397
1.28800869,0.017761501487754634
1.29895616,0.005477988860914015
1.29899549,0.02243076218814374
1.31357861,0.025818265049210344
1.31367898,0.004425116350041962
1.32204366,0.013336385137712672
1.33500075,0.027786678873884182
1.33506417,0.017837796597238116
1.33693361,0.005996795605401694
1.33698225,0.02276646066987106
1.34500051,0.0260166323338674
1.34506536,0.004440375371938659
1.34510899,0.013595788509956512
1.35229802,0.02780193789578088
1.35235095,0.017853055619134812
1.36501932,0.005661097123674372
1.36507726,0.022873273823147935
1.38906002,0.02594033722438392
1.38911486,0.004333562218661784
1.38914514,0.01326009002822919
1.38918114,0.027603570611123826
1.38921285,0.01731898985275044
1.39917397,0.005569542992294194
1.39924145,0.022659647516594186
1.40829587,0.025818265049210344
1.40837145,0.004364080262455177
1.40842891,0.01373311970702678
1.41730928,0.02784771496147097
1.41735101,0.017624170290684367
1.44295931,0.005737392233157855
1.44298506,0.02285801480125124
1.45401311,0.02578774700541695
1.45405626,0.004196231021591516
1.45407629,0.013382162203402761
1.46814227,0.027679865720607308
1.46824884,0.01731898985275044
1.46831036,0.00563057907988098
1.46837831,0.022964827954528116
1.49296951,0.025848783093003737
1.49303651,0.00434882124055848
1.49307323,0.013839932860303654
1.50399446,0.027862973983367668
1.50404739,0.0174868390936141
1.50408173,0.005874723430228122
1.50411963,0.023147936217288473
1.51727009,0.02589456015869383
1.51736784,0.0043945983062485695
1.51742697,0.013885709925993743
1.52406788,0.02775616083009079
1.5241375,0.017181658655680172
1.53205204,0.005737392233157855
1.53211951,0.022796978713664453
1.5450263,0.025391012436102846
1.54507232,0.004211490043488212
1.54510593,0.013870450904097047
1.55203485,0.02780193789578088
1.55209184,0.017135881589990083
1.57505393,0.005874723430228122
1.57513118,0.02316319523918517
1.57701254,0.025696192874036773
1.57706976,0.0042725261310749985
1.57711244,0.013870450904097047
1.58503914,0.027862973983367668
1.58511162,0.01692225528343633
1.60006738,0.005859464408331426
1.60013747,0.023102159151598384
1.60704207,0.025604638742656595
1.60710263,0.004242008087281605
1.6071465,0.014099336232547494
1.6199832,0.027969787136644542
1.6343596,0.0170443274586099
1.63442588,0.005996795605401694
1.63447976,0.023224231326771955
1.64812684,0.0255893797207599
1.64819527,0.0041809719996948195
1.64823866,0.014038300144960708
1.65299964,0.027908751049057757
1.6530571,0.016891737239642938
1.6670897,0.006042572671091783
1.66718841,0.023224231326771955
1.68253207,0.025528343633173113
1.68262863,0.004150453955901427
1.68267846,0.014236667429617761
1.70497012,0.02801556420233463
1.70499969,0.01696803234912642
1.70696092,0.0061341268024719614
1.70700908,0.023346303501945526
1.70704746,0.02545204852368963
1.7070787,0.004150453955901427
1.70712018,0.01416037232013428
1.72295332,0.027954528114747846
1.72301197,0.01667811093308919
1.73510265,0.00605783169298848
1.73517561,0.023300526436255437
1.74920344,0.025391012436102846
1.74929261,0.004165712977798123
1.74935508,0.01441977569237812
1.76304412,0.028030823224231328
1.76311159,0.016739147020675974
1.76315427,0.006103608758678569
1.76320219,0.023437857633325704
1.77347708,0.02566567483024338
1.77357411,0.0041809719996948195
1.77825332,0.014557106889448387
1.78704429,0.028030823224231328
1.78711367,0.016495002670328832
1.81165838,0.0061341268024719614
1.81178641,0.023270008392462044
1.81185889,0.025070572976272222
1.81193686,0.003997863736934462
1.81199193,0.014480811779964905
1.82023048,0.028122377355611506
1.82030225,0.01667811093308919
1.82902575,0.006317235065232319
1.82908392,0.02349889372091249
1.8383708,0.025406271457999542
1.83846879,0.004089417868314641
1.84551954,0.014511329823758298
1.86917067,0.028046082246128024
1.86928058,0.016327153429465172
1.86932397,0.0062256809338521405
1.86936426,0.023422598611429007
1.86940336,0.025238422217135882
1.88109136,0.004028381780727856
1.88113737,0.014663920042725261
1.88575721,0.028091859311818113
1.88579249,0.01634241245136187
1.89895654,0.006363012130922408
1.89899492,0.023529411764705882
1.90803885,0.025223163195239186
1.90808225,0.003982604715037766
1.90811491,0.014648661020828565
1.92804432,0.028046082246128024
1.92809939,0.01617456321049821
1.94224072,0.006317235065232319
1.94236779,0.02349889372091249
1.94243956,0.0251621271076524
1.94249535,0.004028381780727856
1.94255161,0.014908064393072405
1.95202231,0.0281528953994049
1.95205951,0.016281376363775083
1.96496487,0.006515602349889372
1.96498919,0.023758297093156328
1.9701283,0.025238422217135882
1.97016716,0.003997863736934462
1.98442841,0.014908064393072405
1.99805307,0.02801556420233463
1.99812245,0.015930418860151063
2.01210213,0.00643930724040589
2.01217341,0.02349889372091249
2.01221633,0.024795910582131684
2.01224947,0.003860532539864195
2.01228237,0.014892805371175709
2.02506542,0.028046082246128024
2.02513456,0.01599145494773785
2.02897716,0.006668192568856336
2.02901244,0.02383459220263981
2.0514369,0.025101091020065615
2.05156994,0.003982604715037766
2.05900025,0.015030136568245976
2.06810689,0.028030823224231328
2.06818962,0.01556420233463035
2.08230495,0.00648508430609598
2.08245945,0.023590447852292667
2.08253121,0.024780651560234988
2.08258891,0.003906309605554284
2.08264089,0.01518272678721294
2.09001899,0.028122377355611506
2.09006643,0.015808346684977492
2.09705806,0.00665293354695964
2.09711099,0.023865110246433202
2.10803556,0.024933241779201955
2.10808086,0.004104676890211338
2.10812187,0.015381094071869994
2.128052,0.02883955138475624
2.12810493,0.010238803692683299
2.1422708,0.00708018616006714
2.14239597,0.024216067750057222
2.14246893,0.025146868085755704
2.14254832,0.004303044174868391
2.15404415,0.015716792553597314
2.15411305,0.029114213778896773
2.15414333,0.010467689021133745
2.16301513,0.0073243305104142824
2.16305161,0.024460212100404364
2.17728853,0.025268940260929275
2.17738438,0.004287785152971695
2.17745662,0.015701533531700618
2.20232677,0.02896162355992981
2.20242453,0.010345616845960174
2.20248556,0.00729381246662089
2.20255184,0.024414435034714275
2.20844197,0.025101091020065615
2.20855689,0.0042725261310749985
2.20863056,0.015838864728770885
2.22595692,0.029098954757000077
2.22597957,0.010406652933546959
2.23005152,0.007385366598001068
2.23011827,0.024536507209887846
2.25603938,0.02511635004196231
2.25609136,0.004303044174868391
2.2561264,0.015884641794460974
2.25615883,0.029022659647516595
2.25618529,0.010177767605096514
2.26915097,0.007400625619897764
2.26921153,0.024490730144197757
2.26925445,0.02508583199816892
2.27398682,0.004303044174868391
2.27402091,0.016006713969634545
2.28911614,0.028992141603723202
2.28918505,0.010299839780270085
2.29704499,0.007522697795071336
2.29709458,0.02468909742885481
2.31126475,0.02504005493247883
2.31136227,0.004623483634699016
2.32405019,0.01589990081635767
2.32412052,0.028900587472343024
2.32417202,0.009964141298542763
2.33625579,0.007736324101625086
2.33638024,0.02459754329747463
2.3364532,0.024963759822995348
2.33650875,0.004242008087281605
2.35124636,0.016220340276188298
2.35134721,0.029068436713206684
2.3513813,0.010131990539406424
2.36400914,0.007598992904554818
2.36404514,0.024658579385061417
2.38909316,0.024795910582131684
2.38917661,0.004196231021591516
2.38924098,0.016052491035324634
2.39495945,0.028931105516136417
2.39499521,0.01019302662699321
2.40194058,0.007690547035934997
2.40199614,0.024795910582131684
2.41002059,0.024902723735408562
2.41011119,0.004287785152971695
2.41018271,0.016327153429465172
2.41895819,0.02903791866941329
2.41898775,0.00993362325474937
2.43293667,0.007705806057831693
2.43296027,0.024826428625925077
2.4473002,0.0247348744945449
2.44739842,0.004242008087281605
2.44748974,0.016311894407568476
2.45406437,0.028976882581826506
2.45412612,0.00976577401388571
2.46844554,0.007736324101625086
2.46857381,0.024841687647821773
2.47738767,0.024795910582131684
2.47750139,0.004242008087281605
2.50138974,0.016433966582742047
2.50151229,0.028900587472343024
2.5015738,0.009781033035782406
2.51404166,0.007797360189211872
2.51407456,0.025009536888685437
2.5141046,0.024795910582131684
2.51412916,0.004211490043488212
2.5279932,0.016479743648432136
2.52804327,0.02887006942854963
2.52806783,0.00955214770733196
2.55198598,0.007766842145418479
2.55204511,0.024780651560234988
2.55208731,0.024460212100404364
2.55211425,0.004150453955901427
2.55214548,0.016601815823605707
2.55394053,0.028992141603723202
2.55396867,0.009643701838712139
2.57820058,0.007812619211108568
2.57830906,0.025024795910582133
2.57837963,0.024628061341268024
2.57843518,0.004242008087281605
2.57849932,0.016723887998779278
2.58826566,0.028931105516136417
2.58832717,0.00959792477302205
2.59708405,0.007919432364385443
2.59718037,0.0251621271076524
2.61140203,0.024658579385061417
2.61151314,0.004196231021591516
2.61158705,0.01667811093308919
2.62396979,0.028854810406652935
2.62401319,0.009353780422674906
2.63928819,0.007797360189211872
2.63931465,0.02494850080109865
2.63933802,0.024338139925230793
2.63935661,0.004165712977798123
2.64519858,0.01684596017395285
2.65396047,0.028976882581826506
2.65399718,0.009475852597848477
2.66840768,0.007995727473868924
2.6685071,0.02520790417334249
2.67740154,0.024460212100404364
2.67751503,0.004211490043488212
2.70001364,0.01684596017395285
2.70008302,0.028854810406652935
2.70011282,0.00929274433508812
2.70193624,0.007995727473868924
2.70196843,0.025238422217135882
2.7019999,0.024628061341268024
2.70202565,0.0042267490653849086
2.71708035,0.01715114061188678
2.71717,0.028992141603723202
2.71720505,0.009323262378881514
2.73229599,0.007980468451972228
2.73242044,0.02508583199816892
2.7550559,0.024048218509193562
2.75510907,0.004043640802624552
2.75514364,0.016769665064469367
2.75700283,0.028824292362859542
2.75703001,0.009155413138017853
2.77335596,0.008087281605249104
2.77346683,0.02528419928282597
2.77548862,0.024505989166094453
2.77558661,0.004257267109178301
2.77565718,0.017257953765163654
2.80069351,0.029053177691309988
2.8007884,0.009231708247501335
2.81458282,0.00814831769283589
2.81470799,0.025223163195239186
2.8227284,0.02401770046540017
2.82278562,0.004043640802624552
2.82283044,0.016937514305333027
2.83498073,0.028763256275272753
2.83500361,0.009063859006637675
2.83502197,0.008209353780422675
2.83504295,0.02532997634851606
2.84929466,0.024216067750057222
2.84943032,0.004196231021591516
2.84946489,0.01736476691844053
2.86344957,0.028931105516136417
2.86353064,0.009048599984740979
2.88703227,0.008255130846112764
2.88711166,0.025299458304722668
2.88715601,0.02392614633401999
2.88719082,0.004089417868314641
2.8895793,0.017181658655680172
2.88964081,0.028809033340962846
2.889678,0.008926527809567406
2.90298057,0.008361943999389639
2.90300727,0.02545204852368963
2.90303016,0.024216067750057222
2.90304828,0.0042725261310749985
2.91355062,0.01739528496223392
2.92706895,0.028809033340962846
2.92711997,0.008804455634393835
2.94908428,0.008300907911802853
2.94916415,0.025360494392309453
2.94920826,0.023941405355916687
2.94924474,0.00413519493400473
2.95202708,0.01739528496223392
2.95207667,0.028747997253376057
2.95210624,0.008819714656290532
2.96498895,0.00843823910887312
2.96501756,0.025513084611276417
2.97043133,0.02406347753109026
2.97049165,0.004196231021591516
2.97909713,0.017578393224994278
2.99308085,0.028702220187685968
2.99314117,0.008621347371633479
3.00730014,0.008361943999389639
3.00741053,0.025406271457999542
3.00748301,0.023682001983672846
3.00753856,0.004119935912108034
3.02200866,0.017502098115510796
3.02209902,0.02873273823147936
3.02214742,0.008636606393530175
3.02729297,0.008606088349736783
3.0273273,0.02561989776455329
3.0415132,0.02392614633401999
3.04161048,0.004211490043488212
3.05475545,0.017639429312581063
3.06319022,0.028763256275272753
3.06328917,0.008499275196459906
3.07228017,0.00848401617456321
3.07240558,0.025467307545586328
3.07247972,0.02362096589608606
3.0725348,0.004074158846417945
3.07259941,0.017715724422064545
3.08986616,0.028702220187685968
3.08990145,0.008499275196459906
3.10341454,0.008667124437323568
3.10350728,0.025680933852140077
3.11747622,0.02371252002746624
3.11759567,0.004150453955901427
3.11766744,0.017761501487754634
3.12941074,0.028641184100099183
3.12945914,0.008361943999389639
3.12949538,0.008422980086976424
3.12953496,0.02545204852368963
3.1444068,0.023422598611429007
3.14450622,0.0038452735179674985
3.15007305,0.017456321049820707
3.15015459,0.028336003662165255
3.15019107,0.008087281605249104
3.17406893,0.008545052262149997
3.17409587,0.025558861676966506
3.17411828,0.023468375677119097
3.17413592,0.0038452735179674985
3.17415762,0.017456321049820707
3.1890595,0.0281528953994049
3.1891315,0.007797360189211872
3.19801378,0.008300907911802853
3.19807935,0.02528419928282597
3.20711017,0.023315785458152133
3.20719194,0.003799496452277409
3.2072649,0.017669947356374456
3.22996616,0.028336003662165255
3.22999001,0.00801098649576562
3.24804473,0.008545052262149997
3.24808097,0.0255893797207599
3.25017762,0.023422598611429007
3.25021696,0.0038300144960708017
3.25025606,0.01773098344396124
3.26405549,0.02822919050888838
3.264112,0.007797360189211872
3.27807236,0.008377203021286335
3.27815437,0.025345235370412757
3.27819824,0.023025864042114902
3.27823281,0.0037842374303807126
3.28736806,0.017792019531548027
3.28751516,0.028290226596475166
3.28760099,0.007812619211108568
3.31130886,0.008819714656290532
3.31141901,0.02578774700541695
3.31148911,0.023483634699015793
3.31154442,0.003906309605554284
3.31161022,0.0178988326848249
3.32507634,0.02818341344319829
3.32513785,0.007644769970244907
3.32517457,0.008468757152666513
3.33000803,0.02542153047989624
3.33004665,0.02276646066987106
3.34701848,0.0036774242771038376
3.34704423,0.017746242465857938
3.35994864,0.028137636377508202
3.35997915,0.0077515831235217825
3.3745079,0.00891126878767071
3.37461638,0.025772487983520255
3.37608123,0.023193713282978562
3.3761611,0.0038757915617608912
3.37623191,0.017914091706721598
3.3890512,0.028168154421301595
3.38910413,0.0075379568169680325
3.39821935,0.008728160524910353
3.39827251,0.025604638742656595
3.42498732,0.023086900129701687
3.42503738,0.003906309605554284
3.42507958,0.01841763942931258
3.42511868,0.028366521705958648
3.42515135,0.007797360189211872
3.43595457,0.008880750743877317
3.4359827,0.025772487983520255
3.44628477,0.022613870450904097
3.44638228,0.003692683299000534
3.44645309,0.017502098115510796
3.45510912,0.02780193789578088
3.45517612,0.007263294422827497
3.45521235,0.008880750743877317
3.4689877,0.02583352407110704
3.46901679,0.023193713282978562
3.48330617,0.0039673456931410694
3.48333049,0.018326085297932403
3.49702501,0.02848859388113222
3.49708462,0.0075379568169680325
3.49710989,0.00886549172198062
3.49713778,0.02575722896162356
3.51241064,0.022629129472800793
3.5125072,0.0037842374303807126
3.51442194,0.018188754100862136
3.52313185,0.028198672465094988
3.52319407,0.007476920729381247
3.54718876,0.009094377050431068
3.54731417,0.02594033722438392
3.54744673,0.02307164110780499
3.54750681,0.0039673456931410694
3.54757309,0.018524452582589456
3.55698681,0.02827496757457847
3.55701447,0.007553215838864729
3.55704045,0.00912489509422446
3.55707097,0.025925078202487222
3.57212114,0.022537575341420615
3.57220101,0.0038300144960708017
3.57227325,0.018066681925688565
3.58719063,0.027878233005264364
3.58728886,0.007171740291447318
3.61004162,0.008972304875257495
3.61010337,0.02583352407110704
3.61203551,0.022735942626077667
3.61208487,0.004028381780727856
3.61795068,0.01858548867017624
3.61799288,0.028244449530785077
3.61801958,0.00750743877317464
3.631984,0.009308003356984817
3.63201237,0.02606240939955749
3.6370635,0.022629129472800793
3.63710189,0.003952086671244373
3.65012217,0.0183413443198291
3.66403103,0.027969787136644542
3.66408324,0.007125963225757229
3.67828631,0.009231708247501335
3.67838788,0.02594033722438392
3.67846155,0.022583352407110704
3.67851663,0.00392156862745098
3.68710256,0.018768596932936598
3.68721032,0.028458075837338826
3.68727064,0.007354848554207675
3.70004177,0.009613183794918746
3.70009637,0.026260776684214542
3.71414948,0.02272068360418097
3.71422458,0.0039673456931410694
3.71429276,0.018356603341725796
3.73820853,0.027649347676813915
3.73830295,0.006744487678339819
3.7460916,0.008834973678187228
3.74618745,0.025726710917830166
3.76305819,0.02204928664072633
3.76312137,0.003936827649347677
3.76316357,0.01884489204242008
3.76320696,0.02822919050888838
3.76324034,0.007385366598001068
3.763273,0.009689478904402228
3.7633121,0.026321812771801328
3.77845097,0.022568093385214007
3.77854753,0.004043640802624552
3.7920723,0.018646524757763027
3.79701495,0.027908751049057757
3.79706955,0.006927595941100175
3.7971065,0.00929274433508812
3.80496883,0.0260166323338674
3.80702305,0.022186617837796598
3.80708051,0.004043640802624552
3.80711913,0.018951705195696954
3.81996727,0.028030823224231328
3.81999516,0.007064927138170443
3.82899141,0.009658960860608835
3.82903099,0.026199740596627757
3.84345746,0.022186617837796598
3.84355402,0.004104676890211338
3.8590703,0.018738078889143205
3.85914063,0.027786678873884182
3.85917664,0.006805523765926604
3.87221861,0.009582665751125354
3.8723166,0.02613870450904097
3.87236071,0.022293430991073473
3.87239432,0.003997863736934462
3.88738632,0.019256885633630885
3.88746619,0.02801556420233463
3.88750315,0.007019150072480354
3.90296292,0.009796292057679103
3.9029932,0.02627603570611124
3.91415668,0.021927214465552756
3.91423488,0.00392156862745098
3.91430521,0.018524452582589456
3.92105675,0.02737468528267338
3.9211185,0.006378271152819104
3.93401146,0.009323262378881514
3.93408632,0.025925078202487222
3.94011903,0.021881437399862667
3.94020104,0.004089417868314641
3.94027185,0.01924162661173419
3.95198703,0.028046082246128024
3.95200872,0.0069886320286869615
3.97799277,0.010055695429922943
3.97802615,0.026489662012664988
3.97804856,0.02214084077210651
3.97806621,0.004043640802624552
3.97808766,0.019058518348973832
3.9880197,0.027649347676813915
3.98806167,0.006530861371786069
4.01222682,0.009643701838712139
4.01235461,0.026214999618524453
4.01242733,0.021850919356069275
4.01248264,0.004074158846417945
4.01254702,0.019394216830701153
4.0269866,0.027969787136644542
4.02702022,0.006927595941100175
4.05298018,0.010254062714579995
4.05303073,0.026550698100251773
4.05307007,0.02214084077210651
4.05309963,0.004089417868314641
4.0531292,0.019256885633630885
4.05498075,0.027603570611123826
4.05501652,0.006408789196612497
4.06499982,0.009796292057679103
4.06507301,0.02618448157473106
4.06512642,0.021484702830548562
4.08895397,0.0040131227588311585
4.08898091,0.019348439765011063
4.08900404,0.027771419851987486
4.08902502,0.006637674525062943
4.09930873,0.010254062714579995
4.09936023,0.026596475165941862
4.10531068,0.022034027618829635
4.10538912,0.004104676890211338
4.11206603,0.019714656290531776
4.12656569,0.027786678873884182
4.12660789,0.006469825284199283
4.12664652,0.010040436408026246
4.13895416,0.026337071793698024
4.138978,0.021484702830548562
4.16997147,0.0040588998245212485
4.16999769,0.019470511940184634
4.17001987,0.027649347676813915
4.17005181,0.00643930724040589
4.19003844,0.010315098802166781
4.19010782,0.026550698100251773
4.19016528,0.02157625696192874
4.19019914,0.0040588998245212485
4.19023871,0.019287403677424278
4.19202614,0.02732890821698329
4.19207406,0.0061341268024719614
4.19800711,0.009964141298542763
4.19805169,0.026321812771801328
4.21247363,0.021545738918135347
4.21257472,0.004196231021591516
4.21264744,0.020019836728465707
4.22603655,0.02789349202716106
4.22606921,0.006591897459372854
4.22609806,0.010589761196307317
4.22612929,0.026703288319218737
4.24016023,0.021484702830548562
4.24021482,0.004242008087281605
4.24247241,0.019226367589837492
4.25504827,0.027054245822842757
4.25511575,0.005706874189364461
4.27903628,0.00971999694819562
4.27910137,0.026153963530937668
4.27915716,0.020996414129854278
4.28395462,0.004165712977798123
4.28398037,0.01991302357518883
4.2909925,0.027862973983367668
4.29102874,0.00665293354695964
4.29700661,0.010772869459067674
4.29707551,0.02691691462577249
4.31017685,0.02162203402761883
4.31023216,0.0042267490653849086
4.31216335,0.019668879224841687
4.32609177,0.02732890821698329
4.32615352,0.006042572671091783
4.32618904,0.010131990539406424
4.34897161,0.026428625925078202
4.34899879,0.021087968261234456
4.35314584,0.004303044174868391
4.35317802,0.020080872816052493
4.35322165,0.02784771496147097
4.35324264,0.00643930724040589
4.36505461,0.010940718699931334
4.36510825,0.02691691462577249
4.3794446,0.021332112611581598
4.37955928,0.0042267490653849086
4.37963247,0.0196078431372549
4.40352011,0.027054245822842757
4.40358233,0.005737392233157855
4.40361834,0.010055695429922943
4.40365791,0.026321812771801328
4.4055829,0.021133745326924545
4.40561604,0.0042725261310749985
4.41922498,0.020416571297779813
4.41932797,0.027862973983367668
4.4330039,0.006469825284199283
4.43306208,0.010864423590447852
4.43310428,0.02681010147249561
4.46007013,0.0208896009765774
4.46013975,0.004287785152971695
4.46020508,0.01943999389639124
4.46025562,0.026855878538185704
4.46029544,0.005554283970397498
4.46399212,0.01019302662699321
4.46404552,0.026489662012664988
4.47851944,0.020904859998474096
4.47863269,0.004425116350041962
4.48453069,0.020401312275883116
4.48465562,0.02775616083009079
4.48471713,0.006286717021438926
4.49801016,0.011062790875104906
4.49804902,0.02699320973525597
4.52220488,0.020996414129854278
4.5222857,0.004455634393835355
4.52235055,0.019974059662775615
4.52242231,0.027100022888532846
4.52247381,0.005783169298847944
4.53203654,0.010650797283894103
4.53208756,0.02664225223163195
4.54643917,0.020782787823300525
4.54655433,0.004409857328145266
4.54662657,0.02029449912260624
4.55118442,0.02758831158922713
4.55122519,0.006027313649195087
4.57831407,0.011139085984588388
4.57842159,0.026947432669565882
4.57851624,0.020904859998474096
4.57857227,0.004379339284351873
4.57863688,0.020157167925535974
4.59107947,0.027115281910429542
4.59115076,0.005676356145571069
4.60226297,0.010681315327687495
4.60233808,0.02668802929732204
4.60719395,0.02059967956054017
4.60728502,0.004425116350041962
4.60735822,0.020462348363469902
4.62101102,0.027405203326466773
4.62103939,0.0060120546272983905
4.63402009,0.011093308918898299
4.63404369,0.026977950713359275
4.64855957,0.02059967956054017
4.64863586,0.004455634393835355
4.64867926,0.020202944991226063
4.65496755,0.026977950713359275
4.65501523,0.005539024948500801
4.66722608,0.010894941634241245
4.66732574,0.02681010147249561
4.67643428,0.020538643472953384
4.67654777,0.004455634393835355
4.6766212,0.020614938582436865
4.69898343,0.02737468528267338
4.69900775,0.005859464408331426
4.69902754,0.01138323033493553
4.69904971,0.027023727779049364
4.70702791,0.020538643472953384
4.70708179,0.004409857328145266
4.7161262,0.02034027618829633
4.72053003,0.026886396581979097
4.72057748,0.005462729839017319
4.73405743,0.010833905546654459
4.73413086,0.02673380636301213
4.74816561,0.020157167925535974
4.74823451,0.004470893415732051
4.76206779,0.020691233691920347
4.76216102,0.027313649195086595
4.76220632,0.005752651255054551
4.76224709,0.011551079575799192
4.76229501,0.02716105897611963
4.781394,0.020523384451056687
4.78144956,0.004577706569008927
4.781497,0.02055390249485008
4.78302598,0.026947432669565882
4.78308034,0.005462729839017319
4.80724812,0.011032272831311514
4.80735874,0.0268711375600824
4.80742931,0.020141908903639278
4.80748367,0.004577706569008927
4.8230238,0.020798046845197222
4.82310462,0.02725261310749981
4.82314134,0.005706874189364461
4.82801366,0.011535820553902495
4.82806253,0.027222095063706417
4.8423202,0.02021820401312276
4.84241581,0.004669260700389105
4.84248614,0.020706492713817044
4.86728621,0.027023727779049364
4.86737823,0.005508506904707409
4.86743784,0.011367971313038834
4.86750364,0.027023727779049364
4.87720013,0.02012664988174258
4.87729311,0.004577706569008927
4.87733769,0.02093537804226749
4.88600087,0.027145799954222935
4.88602805,0.0055848020141908905
4.89896894,0.011535820553902495
4.89899182,0.027115281910429542
4.90646529,0.019943541618982222
4.90656281,0.004592965590905623
4.9195683,0.020782787823300525
4.93306327,0.0268711375600824
4.9331224,0.005462729839017319
4.93829226,0.011490043488212406
4.93839431,0.027100022888532846
4.94456625,0.01991302357518883
4.94466686,0.00473029678797589
4.95502424,0.021057450217441064
4.95508599,0.027100022888532846
4.95512319,0.005401693751430533
4.96201134,0.011779964904249637
4.96204948,0.027237354085603113
4.98806405,0.019943541618982222
4.98811603,0.004669260700389105
4.98815084,0.020874341954680704
4.98818326,0.02668802929732204
4.98821139,0.005172808422980087
5.01514363,0.011444266422522316
5.01521492,0.02699320973525597
5.01526141,0.019684138246738384
5.01529551,0.004669260700389105
5.01533556,0.021133745326924545
5.02996993,0.026947432669565882
5.02999783,0.005462729839017319
5.03002119,0.011841000991836423
5.03004742,0.027222095063706417
5.04333472,0.019668879224841687
5.04343295,0.004715037766079194
5.04350281,0.020965896086060882
5.05815983,0.02673380636301213
5.05822134,0.005142290379186694
5.07228327,0.01168841077286946
5.07238412,0.02713054093232624
5.08115339,0.0196078431372549
5.08122873,0.004791332875562677
5.0812726,0.021301594567788205
5.08131075,0.026932173647669186
5.08133745,0.005310139620050355
5.09497166,0.011963073167009996
5.0950017,0.0272983901731899
5.10913277,0.019546807049668116
5.10919404,0.004806591897459373
5.10923624,0.021133745326924545
5.12405849,0.02661173418783856
5.12411952,0.005127031357289998
5.13840747,0.011779964904249637
5.13850927,0.027237354085603113
5.13858175,0.019455252918287938
5.1386373,0.0048218509193560695
5.15308642,0.021423666742961776
5.15317535,0.0268711375600824
5.15321493,0.0052033264667734795
5.16209054,0.012039368276493477
5.1621573,0.0272983901731899
5.17647099,0.019333180743114367
5.17657208,0.0048218509193560695
5.18506217,0.021271076523994813
5.1979866,0.026626993209735255
5.19802094,0.0050354772259098195
5.19804621,0.011993591210803388
5.19807386,0.027283131151293202
5.21340036,0.019348439765011063
5.2135005,0.004928664072632944
5.21358943,0.021499961852445258
5.21364117,0.026703288319218737
5.21367383,0.005172808422980087
5.22797918,0.012054627298390174
5.22800636,0.0272983901731899
5.24246907,0.019165331502250707
5.24256539,0.004837109941252766
5.2550602,0.021438925764858473
5.26416326,0.02664225223163195
5.2642417,0.005050736247806516
5.26947951,0.012329289692530708
5.26959229,0.02742046234836347
5.26966357,0.019287403677424278
5.27513289,0.004974441138323033
5.27518225,0.021560997940032044
5.29202056,0.026535439078355077
5.29206753,0.00494392309452964
5.29209161,0.012222476539253834
5.29211879,0.027359426260776684
5.31905317,0.01907377737087053
5.31911612,0.004913405050736248
5.31915951,0.02157625696192874
5.33406925,0.026504921034561684
5.33412886,0.005004959182116427
5.33611178,0.012298771648737316
5.33618546,0.027389944304570077
5.34023738,0.018936446173800258
5.3403182,0.005004959182116427
5.3540349,0.0217441062027924
5.35410357,0.026550698100251773
5.35414219,0.004974441138323033
5.36796594,0.012466620889600977
5.36799288,0.027481498435950255
5.38408709,0.01889066910811017
5.38414645,0.005020218204013123
5.38418698,0.021728847180895704
5.4024353,0.026367589837491417
5.40253425,0.004867627985046159
5.40259361,0.01228351262684062
5.41002274,0.027344167238879988
5.41006017,0.018768596932936598
5.41008615,0.0051575494010833904
5.41011691,0.02191195544365606
5.4239893,0.02647440299076829
5.42402339,0.0050354772259098195
5.43838716,0.012787060349431601
5.43851185,0.027603570611123826
5.46206856,0.018936446173800258
5.46214104,0.0051575494010833904
5.46219301,0.021805142290379186
5.46224117,0.026245517662317846
5.46228004,0.00473029678797589
5.46397114,0.012390325780117494
5.46404171,0.027359426260776684
5.47808027,0.018524452582589456
5.47815585,0.005172808422980087
5.47819948,0.022018768596932938
5.48562098,0.026489662012664988
5.48564863,0.005004959182116427
5.49815321,0.012817578393224994
5.49824548,0.027603570611123826
5.52297139,0.01858548867017624
5.52303362,0.005218585488670176
5.52307558,0.021850919356069275
5.52313018,0.026047150377660793
5.52316284,0.004699778744182498
5.53205705,0.012512397955291066
5.53215957,0.02746623941405356
5.54148912,0.018432898451209278
5.5416019,0.005340657663843748
5.54167318,0.022247653925383384
5.55568242,0.0264438849469749
5.55571032,0.0048218509193560695
5.57921505,0.012817578393224994
5.57937479,0.02758831158922713
5.57942533,0.018310826276035707
5.57945848,0.0052033264667734795
5.57950068,0.02197299153124285
5.59018517,0.026092927443350882
5.59023499,0.004592965590905623
5.60239005,0.012771801327534905
5.60251832,0.027512016479743648
5.60740876,0.01838712138551919
5.60752225,0.005401693751430533
5.60759544,0.022278171969176776
5.63150048,0.026245517662317846
5.63153005,0.004699778744182498
5.63155437,0.012909132524605172
5.63158202,0.027649347676813915
5.64146543,0.01812771801327535
5.6415627,0.005264362554360266
5.64614964,0.022018768596932938
5.65901828,0.025909819180590526
5.65907884,0.004516670481422141
5.65913391,0.013031204699778745
5.65918159,0.0277103837644007
5.68406129,0.018265049210345618
5.68412924,0.005462729839017319
5.69305348,0.02243076218814374
5.6931169,0.026260776684214542
5.69315457,0.004654001678492409
5.69897199,0.013244831006332494
5.6989994,0.027725642786297397
5.70817637,0.018066681925688565
5.70825696,0.0053711757076371405
5.70830774,0.022232394903486687
5.72309995,0.025879301136797133
5.72316027,0.004440375371938659
5.74703264,0.01309224078736553
5.74710941,0.02766460669871061
5.75604796,0.017975127794308383
5.75609493,0.005569542992294194
5.75613689,0.022491798275730526
5.75617695,0.02606240939955749
5.75620914,0.004547188525215534
5.77908897,0.013244831006332494
5.77915859,0.027725642786297397
5.77920294,0.017975127794308383
5.77923608,0.005539024948500801
5.77928662,0.022583352407110704
5.79502773,0.026077668421454186
5.79507828,0.004486152437628748
5.81910658,0.013214312962539101
5.81919336,0.02763408865491722
5.81924653,0.01760891126878767
5.81928849,0.0053711757076371405
5.81933761,0.022293430991073473
5.82299495,0.025650415808346684
5.82302308,0.0043945983062485695
5.82997036,0.013336385137712672
5.82999277,0.027771419851987486
5.84445143,0.01782253757534142
5.84454918,0.005676356145571069
5.84601116,0.022629129472800793
5.8589561,0.025909819180590526
5.85898733,0.004501411459525444
5.87321281,0.013321126115815976
5.87333846,0.027695124742504004
5.8734107,0.017502098115510796
5.8734653,0.005325398641947051
5.88801098,0.02252231631952392
5.88809061,0.025772487983520255
5.88813019,0.004409857328145266
5.89395666,0.013595788509956512
5.89398336,0.027832455939574275
5.90830135,0.01770046540016785
5.90839815,0.005752651255054551
5.90846944,0.02272068360418097
5.93322778,0.02575722896162356
5.9332912,0.004303044174868391
5.93332744,0.01330586709391928
5.93336749,0.0277103837644007
5.94340181,0.017334248874647136
5.94350195,0.005676356145571069
5.95099926,0.02269016556038758
5.95107889,0.02575722896162356
5.95111704,0.004440375371938659
5.96396399,0.013748378728923476
5.96400023,0.02789349202716106
5.97348261,0.017502098115510796
5.97357988,0.005737392233157855
5.99721289,0.022751201647974364
5.99731803,0.025650415808346684
5.99737716,0.004287785152971695
5.99922323,0.013550011444266423
5.99931622,0.02775616083009079
6.01140904,0.017257953765163654
6.01151037,0.0057984283207446405
6.01898599,0.02285801480125124
6.01904559,0.025726710917830166
6.01908278,0.004409857328145266
6.02802205,0.013885709925993743
6.02806401,0.02789349202716106
6.05205464,0.017257953765163654
6.05211759,0.005676356145571069
6.05215955,0.022751201647974364
6.05219889,0.025482566567483024
6.05223227,0.0042267490653849086
6.0670228,0.01356527046616312
6.06709743,0.027725642786297397
6.07647991,0.017090104524299994
6.07659554,0.0057984283207446405
6.07666731,0.022964827954528116
6.08398342,0.025680933852140077
6.08402777,0.00434882124055848
6.09809542,0.013916227969787138
6.09818792,0.02789349202716106
6.12207246,0.017059586480506598
6.12214303,0.005828946364538033
6.12219334,0.022873273823147935
6.12398672,0.025345235370412757
6.12402582,0.0042267490653849086
6.13345027,0.013870450904097047
6.13355064,0.02784771496147097
6.14393377,0.01701380941481651
6.14398742,0.00605783169298848
6.14403129,0.023086900129701687
6.15797329,0.025482566567483024
6.15799665,0.0042267490653849086
6.1704514,0.013962005035477227
6.17055941,0.02784771496147097
6.19343138,0.016815442130159456
6.19352508,0.005920500495918211
6.19359541,0.023056382085908295
6.20244646,0.025360494392309453
6.20254374,0.004165712977798123
6.21704149,0.01399252307927062
6.21712017,0.027786678873884182
6.21716404,0.01675440604257267
6.21719837,0.005981536583504998
6.21723795,0.023193713282978562
6.217278,0.02545204852368963
6.21730995,0.004287785152971695
6.24204159,0.014190890363927672
6.24212193,0.027878233005264364
6.24217653,0.01667811093308919
6.24221873,0.00605783169298848
6.24226737,0.023132677195391776
6.25704455,0.025268940260929275
6.25709152,0.004119935912108034
6.26312137,0.014129854276340887
6.26323462,0.027771419851987486
6.27503943,0.016556038757915618
6.27509308,0.006073090714885176
6.29936075,0.023254749370565347
6.29948807,0.025314717326619364
6.29954982,0.0041809719996948195
6.30114293,0.01416037232013428
6.30118728,0.02784771496147097
6.31402111,0.016449225604638743
6.3140738,0.0061341268024719614
6.31410789,0.023270008392462044
6.31942844,0.02520790417334249
6.31946659,0.004165712977798123
6.33330774,0.014343480582894636
6.33335066,0.027954528114747846
6.34200931,0.016449225604638743
6.34205317,0.006240939955748837
6.35493898,0.02337682154573892
6.3549726,0.025192645151445793
6.35499287,0.004089417868314641
6.36947536,0.014251926451514458
6.36958385,0.027878233005264364
6.37794113,0.01629663538567178
6.37800264,0.006118867780575265
6.38300395,0.023422598611429007
6.38728476,0.02532997634851606
6.38732815,0.004150453955901427
6.40030909,0.014740215152208743
6.4004035,0.02798504615854124
6.41432834,0.016449225604638743
6.4143908,0.006301976043335622
6.42795753,0.0234531166552224
6.42799973,0.025177386129549097
6.42802501,0.004074158846417945
6.42804885,0.014358739604791332
6.42807603,0.02784771496147097
6.44295025,0.01589990081635767
6.4429884,0.006118867780575265
6.44302464,0.023178454261081866
6.45799828,0.024841687647821773
6.45803189,0.003982604715037766
6.46419454,0.014785992217898832
6.46426749,0.02810711833371481
6.48985219,0.01634241245136187
6.48989987,0.006424048218509193
6.48993063,0.023514152742809186
6.489959,0.02508583199816892
6.48998189,0.004074158846417945
6.49507475,0.014740215152208743
6.49514127,0.028000305180437935
6.51006866,0.016052491035324634
6.51013112,0.006469825284199283
6.51017356,0.02357518883039597
6.52414417,0.025101091020065615
6.52417469,0.004104676890211338
6.53534293,0.014953841458762494
6.53544569,0.02801556420233463
6.53551698,0.01589990081635767
6.55895686,0.006317235065232319
6.55898142,0.023422598611429007
6.56930637,0.02485694666971847
6.56932998,0.003952086671244373
6.56934834,0.014938582436865798
6.56937051,0.02801556420233463
6.59220409,0.01582360570687419
6.59228563,0.006408789196612497
6.59235692,0.023437857633325704
6.5924263,0.024780651560234988
6.59248257,0.004043640802624552
6.61301637,0.015045395590142672
6.61308718,0.028091859311818113
6.61313081,0.015915159838254367
6.61316562,0.006683451590753032
6.62812829,0.023804074158846417
6.62822533,0.02504005493247883
6.62828541,0.004028381780727856
6.62834001,0.015228503852903029
6.62840533,0.028137636377508202
6.64405751,0.015793087663080796
6.64411974,0.0065613794155794615
6.64416265,0.02362096589608606
6.66801262,0.02456702525368124
6.66806245,0.003799496452277409
6.66809869,0.014679179064621958
6.6681385,0.027878233005264364
6.684093,0.015289539940489814
6.68415189,0.006424048218509193
6.68420506,0.023605706874189364
6.68424535,0.02468909742885481
6.68427753,0.004028381780727856
6.69446993,0.015274280918593118
6.6946044,0.028702220187685968
6.71809816,0.01014724956130312
6.7181592,0.006897077897306782
6.71820211,0.024002441443503473
6.7373085,0.02485694666971847
6.73740625,0.004028381780727856
6.73746657,0.015213244831006332
6.73753238,0.028137636377508202
6.73904967,0.015503166247043565
6.73913956,0.006820782787823301
6.75303698,0.02392614633401999
6.75311208,0.02468909742885481
6.7531569,0.00392156862745098
6.76198888,0.015259021896696421
6.76201582,0.028625925078202486
6.78493357,0.009903105210955977
6.78495717,0.006897077897306782
6.78695774,0.024048218509193562
6.80126691,0.024750133516441595
6.80136395,0.0040588998245212485
6.80143523,0.015426871137560083
6.80150342,0.028717479209582664
6.80800486,0.009948882276646066
6.80806446,0.007049668116273747
6.81696153,0.02413977264057374
6.81701326,0.0247348744945449
6.81704736,0.003982604715037766
6.82902455,0.015671015487907225
6.82904816,0.02877851529716945
6.85298896,0.010101472495613032
6.85301781,0.007248035400930801
6.85304737,0.024414435034714275
6.85307574,0.024963759822995348
6.85309863,0.003982604715037766
6.86874652,0.015426871137560083
6.86885524,0.0285648889906157
6.87398243,0.009399557488364995
6.87406945,0.006637674525062943
6.8741138,0.02371252002746624
6.88794804,0.02418554970626383
6.88796806,0.003952086671244373
6.90398049,0.015884641794460974
6.90400767,0.02883955138475624
6.91193819,0.010162508583199817
6.91197157,0.00750743877317464
6.91200185,0.024719615472648202
6.92633414,0.024887464713511862
6.92641377,0.004043640802624552
6.92648339,0.015289539940489814
6.92654896,0.02832074464026856
6.94011402,0.008880750743877317
6.94016862,0.006530861371786069
6.96435761,0.023590447852292667
6.96448231,0.023987182421606777
6.96454549,0.003860532539864195
6.96813035,0.0162050812542916
6.96817017,0.0290074006256199
6.9739337,0.01014724956130312
6.97397113,0.007598992904554818
6.97400236,0.024795910582131684
6.98906755,0.024658579385061417
6.98911762,0.004028381780727856
6.99845243,0.015106431677729458
6.99858928,0.027862973983367668
7.02208805,0.013702601663233387
7.02219868,0.0040588998245212485
7.02226996,0.01965362020294499
7.04713058,0.026718547341115433
7.0471909,0.005554283970397498
7.04722691,0.011230640115968566
7.04726624,0.027237354085603113
7.06226683,0.020965896086060882
7.06234622,0.00494392309452964
7.06241608,0.021255817502098116
7.06248498,0.027740901808194093
7.06253934,0.0060120546272983905
7.06259251,0.01126115815976196
7.06265521,0.02703898680094606
7.06271887,0.019943541618982222
7.0769403,0.004425116350041962
7.07696772,0.02026398107881285
7.09195375,0.02681010147249561
7.0919733,0.005401693751430533
7.10417771,0.011169604028381781
7.10432816,0.02699320973525597
7.1043961,0.020416571297779813
7.10442877,0.004654001678492409
7.10446072,0.021057450217441064
7.11900663,0.027359426260776684
7.11906838,0.005676356145571069
7.11911392,0.011352712291142137
7.13302374,0.027008468757152668
7.13304663,0.020004577706569007
7.14893746,0.004470893415732051
7.14896107,0.0208896009765774
7.15995574,0.027222095063706417
7.15997744,0.00563057907988098
7.16742015,0.01164263370717937
7.16752911,0.027115281910429542
7.17498899,0.020080872816052493
7.17503047,0.00456244754711223
7.1769588,0.020874341954680704
7.19033694,0.026947432669565882
7.19041967,0.005386434729533837
7.19047856,0.011551079575799192
7.197052,0.027115281910429542
7.19708467,0.020157167925535974
7.22194672,0.004669260700389105
7.22197938,0.021210040436408027
7.22200251,0.027145799954222935
7.22202063,0.005432211795223926
7.22947359,0.011520561532005799
7.22958422,0.027023727779049364
7.24821234,0.019638361181048294
7.24826336,0.0046082246128023195
7.24829769,0.02084382391088731
7.25097799,0.02673380636301213
7.25101233,0.0052033264667734795
7.27399707,0.011596856641489281
7.27407527,0.027176317998016328
7.27913094,0.01998931868467231
7.27918601,0.004699778744182498
7.27922916,0.021393148699168384
7.287956,0.02713054093232624
7.28797841,0.0053711757076371405
7.29406023,0.011535820553902495
7.29413295,0.027008468757152668
7.308002,0.01910429541466392
7.30805516,0.004440375371938659
7.30808926,0.02050812542915999
7.33342576,0.026321812771801328
7.33352423,0.005004959182116427
7.33358502,0.011535820553902495
7.34695935,0.027145799954222935
7.34699368,0.01974517433432517
7.34701633,0.004852368963149462
7.34704375,0.021560997940032044
7.34707069,0.027237354085603113
7.34709311,0.005462729839017319
7.36243939,0.011886778057526512
7.36254668,0.027267872129396506
7.37508178,0.019424734874494545
7.37514377,0.00473029678797589
7.37715816,0.02102693217364767
7.40125704,0.02652018005645838
7.40135646,0.0050354772259098195
7.40141606,0.011703669794766156
7.40148234,0.027176317998016328
7.40752792,0.019562066071564813
7.40759039,0.004928664072632944
7.40762615,0.02157625696192874
7.42122269,0.026977950713359275
7.42124915,0.005279621576256962
7.42919683,0.011947814145113297
7.42927527,0.02725261310749981
7.44325447,0.019180590524147403
7.44332266,0.00477607385366598
7.45750666,0.021255817502098116
7.46333075,0.026581216144045166
7.46342921,0.0049897001602197295
7.47697926,0.011917296101319905
7.47705936,0.027237354085603113
7.47710228,0.01936369878690776
7.47713685,0.004928664072632944
7.47719216,0.021683070115205615
7.48695111,0.026855878538185704
7.48697138,0.005172808422980087
7.49646783,0.012085145342183566
7.49658012,0.027267872129396506
7.50902486,0.019043259327077136
7.50908709,0.004837109941252766
7.52305984,0.02140840772106508
7.52316308,0.026489662012664988
7.52322459,0.004974441138323033
7.52328062,0.012085145342183566
7.53608418,0.02737468528267338
7.53612137,0.01924162661173419
7.54245877,0.005020218204013123
7.54248738,0.021774624246585793
7.55498552,0.026764324406805522
7.55500817,0.005127031357289998
7.5694077,0.012130922407873656
7.56951809,0.0272983901731899
7.58350968,0.01892118715190356
7.5835731,0.004974441138323033
7.58361602,0.021637293049515526
7.58899832,0.02656595712214847
7.58904958,0.004974441138323033
7.59860206,0.012344548714427405
7.59872699,0.027481498435950255
7.60717535,0.019226367589837492
7.60726404,0.0051575494010833904
7.6073072,0.02204928664072633
7.62001276,0.026825360494392308
7.62006116,0.0050354772259098195
7.63429976,0.012359807736324101
7.6343925,0.027344167238879988
7.64845872,0.018371862363622492
7.64851141,0.004745555809872587
7.64854574,0.021133745326924545
7.65397549,0.025909819180590526
7.65401888,0.0046082246128023195
7.65404844,0.012100404364080263
7.66796064,0.027344167238879988
7.66798806,0.018936446173800258
7.67692232,0.005264362554360266
7.67694759,0.022247653925383384
7.70148063,0.02681010147249561
7.7015779,0.005081254291599909
7.71454358,0.012619211108567941
7.71461177,0.02754253452353704
7.71464658,0.018600747692072938
7.71467352,0.0049897001602197295
7.71470499,0.02162203402761883
7.72802258,0.026123445487144275
7.72804141,0.004654001678492409
7.72805977,0.012726024261844816
7.73930669,0.027618829633020522
7.73933339,0.01910429541466392
7.7429328,0.0053711757076371405
7.74296093,0.022400244144350347
7.76702452,0.026581216144045166
7.76704311,0.004852368963149462
7.7732203,0.01228351262684062
7.77333832,0.0272983901731899
7.78703856,0.01770046540016785
7.78708315,0.004760814831769284
7.7871232,0.021332112611581598
7.78717542,0.025848783093003737
7.78720713,0.004684519722285801
7.7872386,0.013000686655985352
7.80202413,0.02780193789578088
7.80204654,0.019134813458457314
7.807935,0.005554283970397498
7.80795884,0.02264438849469749
7.83132386,0.026749065384908826
7.83142233,0.00494392309452964
7.83148098,0.012787060349431601
7.83154535,0.02749675745784695
7.84112453,0.017883573662928205
7.84120154,0.005096513313496605
7.84127235,0.021850919356069275
7.862463,0.0260166323338674
7.86254859,0.004654001678492409
7.86260915,0.013153276874952316
7.86267591,0.027771419851987486
7.89322472,0.018692301823453116
7.89333797,0.005523765926604105
7.89340949,0.0225986114290074
7.89347601,0.02639810788128481
7.89352965,0.004699778744182498
7.89647079,0.01240558480201419
7.89658093,0.027283131151293202
7.90903997,0.017135881589990083
7.90909266,0.004913405050736248
7.90915489,0.021545738918135347
7.92427135,0.0255893797207599
7.92432785,0.004486152437628748
7.92436981,0.013061722743572137
7.93802118,0.02784771496147097
7.93804312,0.018616006713969634
7.95597267,0.005783169298847944
7.95599699,0.022781719691767757
7.95839357,0.026459143968871595
7.95841861,0.004806591897459373
7.96411324,0.013061722743572137
7.96416616,0.027649347676813915
7.97310877,0.017715724422064545
7.97315335,0.005294880598153659
7.97319698,0.022171358815899902
7.98811579,0.02583352407110704
7.98819041,0.00456244754711223
7.98824716,0.013229571984435798
8.01197243,0.027771419851987486
8.0120008,0.018234531166552225
8.0120194,0.005661097123674372
8.012043,0.022919050888838024
8.01793218,0.026504921034561684
8.01795888,0.00473029678797589
8.03201818,0.013275349050125887
8.03206921,0.027695124742504004
8.03999305,0.017425803006027314
8.04003382,0.005218585488670176
8.04286885,0.02191195544365606
8.06728768,0.02528419928282597
8.06738567,0.004211490043488212
8.06744623,0.013336385137712672
8.06751227,0.027832455939574275
8.06757712,0.01824979018844892
8.07696152,0.005828946364538033
8.07700109,0.023102159151598384
8.08793163,0.02630655374990463
8.08796215,0.004684519722285801
8.09945655,0.013351644159609368
8.09956717,0.0277103837644007
8.11001658,0.017181658655680172
8.11007071,0.005325398641947051
8.12205791,0.022125581750209813
8.13651347,0.02542153047989624
8.13661432,0.0042725261310749985
8.13667297,0.013382162203402761
8.13673782,0.027771419851987486
8.1368022,0.017792019531548027
8.15958071,0.005828946364538033
8.15968847,0.022980086976424813
8.16859722,0.026199740596627757
8.1686945,0.004638742656595712
8.1687541,0.013641565575646601
8.16882181,0.027771419851987486
8.17697191,0.01727321278706035
8.1770339,0.005523765926604105
8.19445896,0.02243076218814374
8.19626594,0.025391012436102846
8.1963594,0.0041809719996948195
8.21902823,0.013336385137712672
8.21910739,0.02766460669871061
8.21915269,0.01739528496223392
8.21918726,0.005889982452124819
8.219244,0.022964827954528116
8.21929121,0.025879301136797133
8.21932936,0.004425116350041962
8.22927737,0.01368734264133669
8.22934842,0.02780193789578088
8.23825002,0.017166399633783476
8.23839211,0.0057984283207446405
8.2622726,0.02272068360418097
8.26238179,0.025482566567483024
8.26244068,0.004242008087281605
8.26438069,0.013717860685130083
8.2645061,0.027817196917677575
8.27798963,0.017257953765163654
8.27806354,0.005889982452124819
8.27810812,0.023025864042114902
8.28336024,0.025650415808346684
8.28340816,0.004303044174868391
8.29727316,0.013611047531853208
8.29733896,0.027740901808194093
8.31178164,0.01692225528343633
8.31183362,0.005874723430228122
8.32403994,0.022980086976424813
8.32413411,0.025574120698863202
8.324193,0.004287785152971695
8.32424879,0.01399252307927062
8.33325243,0.027908751049057757
8.33329082,0.017120622568093387
8.34493589,0.005996795605401694
8.34496117,0.023132677195391776
8.35196257,0.025574120698863202
8.35200787,0.004333562218661784
8.36639905,0.013931486991683834
8.36650729,0.02784771496147097
8.38064718,0.016861219195849545
8.38071346,0.005981536583504998
8.38076115,0.023132677195391776
8.39034295,0.02545204852368963
8.39038706,0.004318303196765088
8.39042497,0.014099336232547494
8.40198588,0.02784771496147097
8.40200949,0.016906996261539634
8.40693784,0.0061341268024719614
8.40696335,0.02328526741435874
8.43010831,0.02554360265506981
8.43018866,0.004211490043488212
8.43230271,0.014053559166857405
8.43237114,0.027786678873884182
8.45653844,0.01641870756084535
8.4566009,0.005859464408331426
8.45664573,0.022796978713664453
8.45793724,0.024963759822995348
8.4579668,0.004028381780727856
8.46811867,0.014526588845654994
8.46821046,0.028000305180437935
8.47196007,0.017029068436713205
8.47200274,0.006301976043335622
8.47203851,0.023422598611429007
8.49938583,0.025635156786449988
8.49940681,0.0042267490653849086
8.49942565,0.013962005035477227
8.49944782,0.027603570611123826
8.50692725,0.01582360570687419
8.506953,0.005706874189364461
8.51391864,0.022674906538490882
8.5224092,0.024750133516441595
8.52245498,0.003997863736934462
8.52249312,0.014496070801861601
8.52997279,0.02798504615854124
8.52999759,0.01675440604257267
8.55631495,0.006424048218509193
8.55638552,0.023422598611429007
8.55643129,0.025406271457999542
8.55646873,0.004196231021591516
8.56945038,0.014618142977035172
8.5695591,0.027954528114747846
8.57599425,0.016357671473258565
8.57605433,0.006195162890058747
8.57608843,0.02323949034866865
8.58995771,0.02511635004196231
8.58999109,0.004043640802624552
8.59001613,0.014679179064621958
8.60398459,0.027878233005264364
8.62801313,0.016281376363775083
8.6280694,0.006195162890058747
8.62811184,0.023422598611429007
8.6281507,0.025146868085755704
8.62818265,0.004074158846417945
8.65298557,0.014648661020828565
8.65303802,0.027832455939574275
8.65306783,0.015930418860151063
8.65309143,0.006164644846265354
8.65311885,0.023254749370565347
8.65871143,0.024902723735408562
8.65876484,0.0039673456931410694
8.66896844,0.014938582436865798
8.66904235,0.028030823224231328
8.68292594,0.016357671473258565
8.68296218,0.006546120393682765
8.68298697,0.023636224917982757
8.69196916,0.025055313954375526
8.69200063,0.004043640802624552
8.69203377,0.01441977569237812
8.69206166,0.027771419851987486
8.70703578,0.015457389181353476
8.70709968,0.0060120546272983905
8.70714498,0.02320897230487526
8.72194672,0.024704356450751506
8.72197652,0.004028381780727856
8.72199631,0.015152208743419547
8.74493909,0.028213931486991684
8.74496555,0.016281376363775083
8.74792147,0.006744487678339819
8.74796772,0.023819333180743113
8.75295854,0.02511635004196231
8.75299072,0.0040588998245212485
8.76403046,0.014816510261692225
8.76409268,0.027908751049057757
8.77890205,0.015411612115663387
8.77895832,0.006195162890058747
8.77900243,0.023254749370565347
8.80922174,0.024414435034714275
8.80929041,0.003936827649347677
8.80934072,0.015289539940489814
8.80938983,0.028763256275272753
8.80943823,0.010681315327687495
8.80947971,0.007110704203860532
8.80952811,0.024155031662470437
8.82197928,0.025131609063859008
8.82203484,0.004089417868314641
8.82802463,0.014770733196002136
8.82808661,0.02784771496147097
8.84203839,0.01496910048065919
8.84210658,0.004165712977798123
8.84214854,0.019287403677424278
8.86561251,0.027176317998016328
8.86564231,0.006027313649195087
8.8656683,0.010635538261997406
8.8679986,0.026764324406805522
8.86802554,0.021484702830548562
8.87903571,0.004470893415732051
8.87906337,0.020233463035019456
8.88296533,0.027679865720607308
8.88299155,0.0062256809338521405
8.89715576,0.010528725108720532
8.89724779,0.02661173418783856
8.91302752,0.020752269779507133
8.91308975,0.004211490043488212
8.92395544,0.019623102159151598
8.92398691,0.027237354085603113
8.92400646,0.005554283970397498
8.92402506,0.010971236743724726
8.94947815,0.026886396581979097
8.94951916,0.021438925764858473
8.95697212,0.004516670481422141
8.95701003,0.02043183031967651
8.95703959,0.027557793545433737
8.95706272,0.006073090714885176
8.96327686,0.010284580758373388
8.96340227,0.02627603570611124
8.97700882,0.019882505531395436
8.9770813,0.003906309605554284
8.97712517,0.019424734874494545
8.9903605,0.027008468757152668
8.990381,0.005889982452124819
8.99040055,0.010940718699931334
9.00643206,0.027008468757152668
9.00649691,0.02128633554589151
9.00653028,0.004592965590905623
9.00656843,0.02055390249485008
9.01903772,0.02758831158922713
9.01909614,0.006118867780575265
9.02839994,0.010864423590447852
9.02849436,0.026703288319218737
9.06729698,0.020447089341573205
9.06739545,0.004287785152971695
9.06746578,0.020111390859845885
9.06913519,0.027283131151293202
9.06918931,0.005935759517814908
9.06922698,0.010864423590447852
9.0692668,0.026886396581979097
9.06930661,0.020752269779507133
9.07431412,0.004470893415732051
9.07435179,0.020401312275883116
9.09008431,0.0272983901731899
9.09014153,0.005767910276951248
9.10444665,0.010757610437170977
9.10455871,0.026657511253528648
9.11305356,0.02026398107881285
9.11311579,0.004364080262455177
9.11315799,0.020309758144502938
9.11995339,0.02716105897611963
9.12000775,0.005432211795223926
9.12005711,0.010986495765621425
9.13542271,0.02681010147249561
9.13553095,0.020538643472953384
9.14140153,0.004501411459525444
9.1415112,0.020462348363469902
9.15500593,0.027176317998016328
9.15506744,0.005752651255054551
9.17329597,0.011017013809414817
9.17340612,0.026855878538185704
9.17347765,0.02034027618829633
9.17353296,0.004592965590905623
9.17359805,0.02050812542915999
9.18881893,0.027115281910429542
9.18890023,0.005493247882810712
9.18893766,0.01126115815976196
9.20233059,0.0268711375600824
9.20242,0.02029449912260624
9.21710825,0.004470893415732051
9.21717834,0.02055390249485008
9.23949862,0.027054245822842757
9.23959565,0.005615320057984283
9.23965573,0.011230640115968566
9.23972273,0.0268711375600824
9.2530911,0.02017242694743267
9.25315428,0.004440375371938659
9.25319719,0.020630197604333562
9.26731658,0.027069504844739453
9.26741862,0.005661097123674372
9.26748133,0.011306935225452048
9.26754785,0.026977950713359275
9.26761293,0.020141908903639278
9.2740941,0.0046082246128023195
9.27413273,0.02072175173571374
9.29848647,0.027008468757152668
9.2985673,0.005493247882810712
9.29862785,0.011367971313038834
9.29869747,0.026886396581979097
9.30643129,0.020004577706569007
9.30653143,0.004379339284351873
9.31202126,0.020706492713817044
9.32599807,0.026901655603875793
9.32606506,0.005127031357289998
9.32611012,0.011398489356832226
9.33229065,0.02699320973525597
9.33238077,0.019974059662775615
9.3450985,0.004577706569008927
9.34516621,0.020828564888990615
9.35901332,0.026947432669565882
9.35907578,0.005523765926604105
9.3591187,0.011352712291142137
9.3649621,0.027100022888532846
9.3650012,0.01986724650949874
9.3801806,0.00473029678797589
9.38020802,0.020813305867093918
9.38728857,0.026794842450598915
9.38732672,0.005340657663843748
9.38735294,0.011535820553902495
9.41107273,0.027008468757152668
9.41113353,0.019790951400015258
9.41116643,0.004669260700389105
9.41119909,0.020965896086060882
9.42500949,0.026901655603875793
9.42505836,0.005447470817120622
9.4270525,0.011718928816662852
9.42712021,0.02713054093232624
9.43930864,0.019851987487602044
9.43938899,0.004470893415732051
9.44741249,0.02128633554589151
9.45905995,0.027023727779049364
9.4591248,0.005432211795223926
9.4591682,0.011734187838559548
9.47296453,0.02708476386663615
9.4729898,0.01936369878690776
9.48024225,0.004699778744182498
9.48026609,0.020706492713817044
9.4850018,0.026413366903181506
9.48503661,0.005020218204013123
9.49931383,0.011627374685282674
9.49940634,0.027069504844739453
9.50844097,0.019729915312428473
9.50855637,0.004882887006942855
9.50862908,0.021393148699168384
9.535182,0.026977950713359275
9.53524709,0.0054169527733272296
9.53529215,0.011993591210803388
9.54902434,0.027237354085603113
9.54908156,0.019668879224841687
9.54911065,0.004760814831769284
9.54914379,0.021393148699168384
9.56316829,0.026855878538185704
9.5632503,0.005401693751430533
9.57726574,0.011932555123216601
9.57737446,0.027145799954222935
9.57741952,0.019165331502250707
9.57745314,0.0046082246128023195
9.57749343,0.020996414129854278
9.59297371,0.0264438849469749
9.59299541,0.005004959182116427
9.59301376,0.011932555123216601
9.6181066,0.02716105897611963
9.61816382,0.019378957808804456
9.6182065,0.004928664072632944
9.61823916,0.02145418478675517
9.62004614,0.026749065384908826
9.62009382,0.005218585488670176
9.62012959,0.011978332188906692
9.62897897,0.027191577019913024
9.62900376,0.019134813458457314
9.64337659,0.004745555809872587
9.64352036,0.02128633554589151
9.65804052,0.026535439078355077
9.65810895,0.005172808422980087
9.65815306,0.012207217517357137
9.67238021,0.027389944304570077
9.67245674,0.019302662699320974
9.67798615,0.005050736247806516
9.6780324,0.021484702830548562
9.68398213,0.026550698100251773
9.68402553,0.005004959182116427
9.69810939,0.012176699473563745
9.69821262,0.02732890821698329
9.70747018,0.019089036392767225
9.70758438,0.0050354772259098195
9.70765591,0.021545738918135347
9.7291925,0.02652018005645838
9.72930121,0.005004959182116427
9.72937322,0.012054627298390174
9.74255276,0.02725261310749981
9.74266243,0.018982223239490347
9.75106597,0.005050736247806516
9.751122,0.021606775005722133
9.75117254,0.026550698100251773
9.75120616,0.005111772335393301
9.76544404,0.012314030670634012
9.76557159,0.02732890821698329
9.77133846,0.018936446173800258
9.77145505,0.005096513313496605
9.78646612,0.021637293049515526
9.79815054,0.02652018005645838
9.79824162,0.005065995269703212
9.79830265,0.012420843823910887
9.7983706,0.027389944304570077
9.79843616,0.01889066910811017
9.81294703,0.005127031357289998
9.81297374,0.021683070115205615
9.81299806,0.02639810788128481
9.81301713,0.004959182116426337
9.82802582,0.012451361867704281
9.82808232,0.02737468528267338
9.85256076,0.018768596932936598
9.85261393,0.005172808422980087
9.85264874,0.0217441062027924
9.86839461,0.026367589837491417
9.86851001,0.004959182116426337
9.86857319,0.012588693064774548
9.87202001,0.027435721370260166
9.87205338,0.018814373998626687
9.87207937,0.005279621576256962
9.87211061,0.022125581750209813
9.88404799,0.026581216144045166
9.88409901,0.005004959182116427
9.8986032,0.012695506218051423
9.89871597,0.027405203326466773
9.91404247,0.018356603341725796
9.91412449,0.005386434729533837
9.9199996,0.021515220874341955
9.93405557,0.025879301136797133
9.93410945,0.004623483634699016
9.93414712,0.012420843823910887
9.93949604,0.02732890821698329
9.93960595,0.01863126573586633
9.94760513,0.0053711757076371405
9.94767499,0.022186617837796598
9.95429397,0.026504921034561684
9.95434165,0.005065995269703212
9.96313047,0.012756542305638208
9.9632318,0.02749675745784695
9.97711396,0.01838712138551919
9.97718811,0.005294880598153659
9.97723842,0.021805142290379186
10.00127077,0.026031891355764097
10.00138664,0.004470893415732051
10.00144982,0.012726024261844816
10.00151706,0.027481498435950255
10.00158286,0.018493934538796063
10.00824237,0.0054169527733272296
10.00829458,0.02221713588158999
10.01698565,0.026291294728007935
10.01703072,0.00477607385366598
10.04122758,0.012817578393224994
10.0413537,0.02746623941405356
10.04145098,0.018188754100862136
10.04151011,0.005294880598153659
10.04157662,0.021988250553139545
10.05604219,0.026077668421454186
10.05611372,0.00473029678797589
10.05615067,0.012924391546501868
10.06435871,0.027557793545433737
10.06438375,0.01829556725413901
10.08093023,0.005462729839017319
10.08095574,0.022278171969176776
10.08294702,0.026153963530937668
10.08297515,0.004684519722285801
10.10842395,0.01297016861219196
10.1085341,0.027512016479743648
10.12059236,0.018020904859998473
10.12064385,0.0053711757076371405
10.12068677,0.022156099794003205
10.12072778,0.026031891355764097
10.12075973,0.0046082246128023195
10.12080717,0.013183794918745708
10.13007355,0.02763408865491722
10.13013959,0.0183413443198291
10.14412975,0.005554283970397498
10.14419556,0.022537575341420615
10.15852356,0.026214999618524453
10.15858364,0.004791332875562677
10.18256664,0.012954909590295263
10.18263459,0.02746623941405356
10.18266964,0.017502098115510796
10.18269682,0.005172808422980087
10.18272853,0.021759365224689096
10.18393874,0.025406271457999542
10.18398452,0.00434882124055848
10.18401074,0.013000686655985352
10.19843173,0.027618829633020522
10.19852567,0.018066681925688565
10.21194482,0.005676356145571069
10.21198535,0.02264438849469749
10.22528791,0.026199740596627757
10.22533321,0.004760814831769284
10.23924208,0.013275349050125887
10.23936725,0.027603570611123826
10.23943973,0.017639429312581063
10.23949432,0.0053711757076371405
10.23955941,0.022156099794003205
10.25332165,0.025604638742656595
10.25337791,0.004486152437628748
10.25340796,0.013229571984435798
10.27100706,0.027649347676813915
10.27103066,0.017883573662928205
10.30003047,0.005752651255054551
10.3000617,0.02276646066987106
10.30202317,0.026153963530937668
10.30204558,0.004669260700389105
10.3020637,0.013473716334782941
10.30208492,0.0277103837644007
10.30424094,0.017425803006027314
10.30429292,0.005401693751430533
10.31392145,0.022232394903486687
10.32192898,0.025574120698863202
10.32196069,0.004303044174868391
10.32198143,0.013611047531853208
10.3490963,0.027740901808194093
10.34916401,0.01794460975051499
10.36306119,0.005859464408331426
10.36311483,0.022919050888838024
10.36315656,0.026031891355764097
10.36318946,0.004531929503318838
10.37698007,0.013550011444266423
10.37706447,0.02763408865491722
10.40119791,0.017212176699473565
10.40131259,0.005569542992294194
10.40143752,0.022339208056763562
10.40150666,0.02545204852368963
10.40155125,0.004318303196765088
10.40158319,0.013595788509956512
10.40162158,0.02766460669871061
10.40166044,0.017425803006027314
10.42195272,0.005722133211261158
10.42198014,0.022705424582284275
10.42200351,0.025574120698863202
10.4220221,0.0042725261310749985
10.4293313,0.013458457312886245
10.42942715,0.02758831158922713
10.45303297,0.017181658655680172
10.45309472,0.005783169298847944
10.45313764,0.022705424582284275
10.4559772,0.025604638742656595
10.45602846,0.004364080262455177
10.45606494,0.013672083619439994
10.46897149,0.027771419851987486
10.46899772,0.01727321278706035
10.47997165,0.005920500495918211
10.48002315,0.022842755779354542
10.48398256,0.025650415808346684
10.48401618,0.004409857328145266
10.49835634,0.013931486991683834
10.49844885,0.027786678873884182
10.50443578,0.017120622568093387
10.50453615,0.005676356145571069
10.51717782,0.02264438849469749
10.5300591,0.025314717326619364
10.53011394,0.004211490043488212
10.53015041,0.013931486991683834
10.53948975,0.027786678873884182
10.53959942,0.017288471808957047
10.5396595,0.006027313649195087
10.53972626,0.02316319523918517
10.55408072,0.02571145189593347
10.55414557,0.00434882124055848
10.5633018,0.013763637750820172
10.56337714,0.02763408865491722
10.58701754,0.016525520714122225
10.58709073,0.005569542992294194
10.58713341,0.02238498512245365
10.58717394,0.024841687647821773
10.58720875,0.004074158846417945
10.58724141,0.01373311970702678
10.60728645,0.027771419851987486
10.60739565,0.017090104524299994
10.60745454,0.0061799038681620505
10.6075201,0.02328526741435874
10.62202311,0.025726710917830166
10.62208414,0.004425116350041962
10.63623548,0.014068818188754101
10.63633776,0.027817196917677575
10.65903616,0.016693369954985885
10.65911579,0.005783169298847944
10.65916061,0.022659647516594186
10.67307115,0.024841687647821773
10.67313671,0.004165712977798123
10.6731813,0.013977264057373923
10.67322993,0.02784771496147097
10.67327714,0.016983291371023116
10.67899179,0.006363012130922408
10.67903042,0.02328526741435874
10.6882062,0.02545204852368963
10.68827415,0.004287785152971695
10.70005178,0.014175631342030976
10.70012784,0.02775616083009079
10.71542573,0.016525520714122225
10.71552587,0.005920500495918211
10.71559668,0.022903791866941327
10.72201443,0.024963759822995348
10.72208714,0.003982604715037766
10.72212529,0.01416037232013428
10.73513794,0.02775616083009079
10.73520422,0.0166323338673991
10.74111652,0.006027313649195087
10.74120927,0.023193713282978562
10.75395226,0.025101091020065615
10.75399995,0.004074158846417945
10.77823806,0.014068818188754101
10.77831125,0.02766460669871061
10.7783637,0.016266117341878387
10.77840424,0.006088349736781872
10.77845359,0.023102159151598384
10.78981376,0.025070572976272222
10.78989577,0.004211490043488212
10.78993273,0.014480811779964905
10.80306458,0.02798504615854124
10.80310178,0.0166323338673991
10.80705166,0.006286717021438926
10.8071394,0.023254749370565347
10.83125663,0.024933241779201955
10.83131862,0.003952086671244373
10.83134651,0.014190890363927672
10.83137417,0.027603570611123826
10.84448361,0.016159304188601512
10.84456491,0.0061341268024719614
10.84463763,0.023193713282978562
10.85399675,0.02485694666971847
10.85405087,0.003860532539864195
10.85408902,0.014358739604791332
10.86570024,0.0277103837644007
10.86573815,0.01617456321049821
10.88697457,0.006149385824368658
10.88700724,0.02316319523918517
10.88703156,0.024719615472648202
10.88705063,0.003799496452277409
10.89697385,0.014221408407721065
10.89701796,0.027573052567330433
10.90498948,0.01589990081635767
10.90502357,0.006103608758678569
10.91038132,0.023224231326771955
10.92405939,0.024795910582131684
10.92412138,0.0038300144960708017
10.92415261,0.014496070801861601
10.93798971,0.027832455939574275
10.9380281,0.016266117341878387
10.95215297,0.006424048218509193
10.95223713,0.023636224917982757
10.95802832,0.02545204852368963
10.958076,0.0042725261310749985
10.96346498,0.014923323414969101
10.9635148,0.02798504615854124
10.97730899,0.01602197299153124
10.97737455,0.0061799038681620505
10.97742677,0.023102159151598384
10.99401712,0.02409399557488365
10.9940722,0.0033875028610666057
10.99410915,0.013809414816510261
10.99999213,0.02725261310749981
11.00003076,0.015320057984283207
11.02807331,0.00605783169298848
11.02815342,0.02320897230487526
11.02819705,0.024673838406958113
11.02823067,0.0037079423208972303
11.02826405,0.014602883955138476
11.03200865,0.0277103837644007
11.03204703,0.01560997940032044
11.04535007,0.0061341268024719614
11.04544306,0.023224231326771955
11.07218027,0.024444953078507668
11.07224751,0.0037079423208972303
11.07229233,0.01454184786755169
11.08594537,0.027740901808194093
11.08597231,0.015762569619287403
11.09397483,0.006500343327992676
11.09400058,0.023422598611429007
11.09999251,0.0247348744945449
11.10002232,0.0038757915617608912
11.10928059,0.014740215152208743
11.10933542,0.02780193789578088
11.11827159,0.015640497444113832
11.11836767,0.00643930724040589
11.11839962,0.0234531166552224
11.13216543,0.024719615472648202
11.13221574,0.004028381780727856
11.13224268,0.014862287327382314
11.1453619,0.028000305180437935
11.14541435,0.015762569619287403
11.14544892,0.006683451590753032
11.14548707,0.023773556115053024
11.16899586,0.025146868085755704
11.16902971,0.004074158846417945
11.16905832,0.01539635309376669
11.16908574,0.028747997253376057
11.17202377,0.010421911955443655
11.17208004,0.006744487678339819
11.17709947,0.023636224917982757
11.19002676,0.024322880903334097
11.1900816,0.003799496452277409
11.19011879,0.014572365911345083
11.20402956,0.02784771496147097
11.20406651,0.01560997940032044
11.23112178,0.0067750057221332115
11.23115492,0.02391088731212329
11.23118353,0.025070572976272222
11.23120642,0.004196231021591516
11.23295569,0.01539635309376669
11.2329843,0.028824292362859542
11.24207282,0.010299839780270085
11.24213219,0.00708018616006714
11.24218535,0.02413977264057374
11.26105165,0.02499427786678874
11.26111484,0.004211490043488212
11.26999116,0.015457389181353476
11.27003574,0.02887006942854963
11.27006078,0.010376134889753566
11.28403735,0.007232776379034104
11.28407168,0.02435339894712749
11.28410101,0.025314717326619364
11.28412414,0.004303044174868391
11.29698324,0.01582360570687419
11.29702187,0.028854810406652935
11.3100462,0.01019302662699321
11.31009889,0.0069886320286869615
11.31014132,0.02392614633401999
11.33653855,0.02423132677195392
11.33657885,0.0038147554741741053
11.3366046,0.014847028305485618
11.33663297,0.027924010070954453
11.33665562,0.015197985809109636
11.34230208,0.004318303196765088
11.34235859,0.020523384451056687
11.35624838,0.027771419851987486
11.35631514,0.0063477531090257115
11.35634685,0.011139085984588388
11.36400986,0.02699320973525597
11.364048,0.020920119020370793
11.38806009,0.004211490043488212
11.38813019,0.01977569237811856
11.38817453,0.02681010147249561
11.39501357,0.005493247882810712
11.39504337,0.010330357824063477
11.40406632,0.02668802929732204
11.40411615,0.021087968261234456
11.4114604,0.004745555809872587
11.41157174,0.020950637064164186
11.41915584,0.028030823224231328
11.41921282,0.006317235065232319
11.41925859,0.011184863050278477
11.42904568,0.026977950713359275
11.42907834,0.020630197604333562
11.45194459,0.004165712977798123
11.45196724,0.01974517433432517
11.45198965,0.026626993209735255
11.45694852,0.005218585488670176
11.45696998,0.010330357824063477
11.46301246,0.026367589837491417
11.46305251,0.020187685969329367
11.47732425,0.0041809719996948195
11.47741556,0.020309758144502938
11.48347282,0.02716105897611963
11.48357105,0.005828946364538033
11.49704862,0.011032272831311514
11.49711204,0.026901655603875793
11.52105474,0.020752269779507133
11.52111697,0.004531929503318838
11.5211525,0.020584420538643473
11.52118611,0.02754253452353704
11.5212121,0.005996795605401694
11.52123833,0.011352712291142137
11.54016161,0.027191577019913024
11.54024839,0.020752269779507133
11.54626226,0.004592965590905623
11.54638791,0.02038605325398642
11.55407286,0.02703898680094606
11.55414867,0.005645838101777676
11.55418539,0.010864423590447852
11.56795168,0.02691691462577249
11.567981,0.020492866407263294
11.5919714,0.004669260700389105
11.59199715,0.02076752880140383
11.59202051,0.027481498435950255
11.60294962,0.005920500495918211
11.60297012,0.011413748378728923
11.60935712,0.027145799954222935
11.60945344,0.020584420538643473
11.6172874,0.0046082246128023195
11.61740017,0.02055390249485008
11.61748528,0.027054245822842757
11.61754203,0.005569542992294194
11.64128017,0.011169604028381781
11.64140391,0.026901655603875793
11.64752293,0.020462348363469902
11.64763761,0.004455634393835355
11.64771056,0.020874341954680704
11.64777708,0.027313649195086595
11.65596008,0.00563057907988098
11.65598965,0.011490043488212406
11.66404247,0.027023727779049364
11.6640811,0.020187685969329367
11.67807841,0.004440375371938659
11.67814541,0.020355535210193027
11.68400359,0.02661173418783856
11.68404746,0.005050736247806516
11.70826697,0.010772869459067674
11.7083931,0.02661173418783856
11.70846534,0.019851987487602044
11.70852113,0.004440375371938659
11.70858645,0.020813305867093918
11.70865154,0.02725261310749981
11.73297262,0.0055848020141908905
11.73299432,0.011520561532005799
11.73302603,0.027191577019913024
11.73304844,0.020187685969329367
11.74328804,0.004547188525215534
11.74339867,0.020706492713817044
11.75937796,0.026840619516289004
11.75943947,0.0052491035324635695
11.77305698,0.011245899137865263
11.77315807,0.026901655603875793
11.77322984,0.019928282597085525
11.77328753,0.004516670481422141
11.77335262,0.020813305867093918
11.77341652,0.026947432669565882
11.78794599,0.005340657663843748
11.78796577,0.011657892729076066
11.80211449,0.027115281910429542
11.80220556,0.019928282597085525
11.81111574,0.004455634393835355
11.81118345,0.02059967956054017
11.82404709,0.026367589837491417
11.82412791,0.004791332875562677
11.82416463,0.010742351415274281
11.84105849,0.026459143968871595
11.84511209,0.019134813458457314
11.84517074,0.004455634393835355
11.84520936,0.020660715648126955
11.84524798,0.0268711375600824
11.85397196,0.0053711757076371405
11.85399365,0.011917296101319905
11.86833906,0.027267872129396506
11.8683939,0.020065613794155796
11.88230705,0.00477607385366598
11.88240576,0.0208896009765774
11.9063983,0.02652018005645838
11.9064939,0.004959182116426337
11.90655541,0.010986495765621425
11.9140892,0.02664225223163195
11.91412282,0.01943999389639124
11.91414905,0.004684519722285801
11.91418004,0.021301594567788205
11.92300367,0.02725261310749981
11.93195391,0.005691615167467765
11.93197489,0.012268253604943923
11.95110726,0.027603570611123826
11.95117784,0.02009613183794919
11.95122719,0.004898146028839551
11.9512856,0.02093537804226749
11.9680469,0.026428625925078202
11.96812248,0.005081254291599909
11.96818137,0.011306935225452048
11.96824574,0.02716105897611963
11.96831012,0.019684138246738384
11.97797513,0.0051575494010833904
11.97800064,0.021850919356069275
11.97802496,0.027771419851987486
11.9869411,0.006118867780575265
11.98696303,0.013031204699778745
12.00000954,0.02839703974975204
12.00006485,0.020965896086060882
12.01524234,0.005767910276951248
12.01534963,0.022339208056763562
12.02806377,0.027679865720607308
12.02810931,0.00605783169298848
12.02813888,0.012176699473563745
12.0281713,0.027924010070954453
12.04325223,0.019943541618982222
12.04336596,0.005554283970397498
12.04343748,0.022232394903486687
12.043504,0.02784771496147097
12.05797744,0.0061799038681620505
12.05800128,0.013275349050125887
12.07303333,0.028381780727855344
12.07306838,0.020355535210193027
12.08625007,0.005355916685740444
12.08636069,0.021759365224689096
12.08643031,0.026321812771801328
12.08648419,0.004913405050736248
12.08653808,0.01147478446631571
12.09497142,0.02703898680094606
12.09500647,0.01858548867017624
12.10901332,0.0048218509193560695
12.10905194,0.021438925764858473
12.11851263,0.026703288319218737
12.1529994,0.005127031357289998
12.15302229,0.01254291599908446
12.15304422,0.02758831158922713
12.15306544,0.01936369878690776
12.15308285,0.004928664072632944
12.15310407,0.021393148699168384
12.16800213,0.025909819180590526
12.16805959,0.004287785152971695
12.16809654,0.011245899137865263
12.16812491,0.026581216144045166
12.16815305,0.018066681925688565
12.17695713,0.004531929503318838
12.17698312,0.02124055848020142
12.17700577,0.026153963530937668
12.19101834,0.004470893415732051
12.19103813,0.012100404364080263
12.20416713,0.02699320973525597
12.20420766,0.018646524757763027
12.21327496,0.004516670481422141
12.21338463,0.021377889677271687
12.21345592,0.026031891355764097
12.21351266,0.004333562218661784
12.22804856,0.01164263370717937
12.22812796,0.02681010147249561
12.24201417,0.018432898451209278
12.2420814,0.004791332875562677
12.24213529,0.021560997940032044
12.24218464,0.026489662012664988
12.26697969,0.0048218509193560695
12.26702237,0.012558175020981156
12.26704478,0.027481498435950255
12.26706719,0.019028000305180436
12.27404451,0.0049897001602197295
12.27408838,0.021591515983825436
12.28851032,0.025909819180590526
12.28860927,0.004516670481422141
12.29510832,0.011703669794766156
12.29518151,0.027100022888532846
12.31825209,0.018448157473105974
12.3183651,0.005111772335393301
12.31843853,0.02221713588158999
12.31850457,0.027191577019913024
12.3300035,0.00563057907988098
12.33003426,0.01356527046616312
12.33199358,0.02851911192492561
12.33203459,0.0200503547722591
12.34504652,0.0060120546272983905
12.34510303,0.022796978713664453
12.35254788,0.027023727779049364
12.35266066,0.0054169527733272296
12.35272241,0.012130922407873656
12.36400676,0.027679865720607308
12.36404276,0.018646524757763027
12.37801623,0.005554283970397498
12.37806892,0.022415503166247044
12.37810993,0.027069504844739453
12.39197397,0.005477988860914015
12.39199543,0.01351949340047303
12.39694333,0.02832074464026856
12.39697528,0.01943999389639124
12.41099358,0.005615320057984283
12.41106391,0.022613870450904097
12.42440653,0.026550698100251773
12.42450452,0.004882887006942855
12.42456484,0.012298771648737316
12.43795967,0.027359426260776684
12.43799829,0.01808194094758526
12.44394279,0.005294880598153659
12.44396782,0.022156099794003205
12.44398999,0.026428625925078202
12.45797658,0.004837109941252766
12.45799732,0.013443198290989548
12.46295691,0.028000305180437935
12.46299314,0.01879911497672999
12.47699285,0.005432211795223926
12.47704554,0.022247653925383384
12.49140191,0.025803006027313648
12.49150157,0.004303044174868391
12.51403642,0.011978332188906692
12.51415372,0.02703898680094606
12.51420712,0.017456321049820707
12.51424718,0.005127031357289998
12.51429415,0.022247653925383384
12.5160203,0.0264438849469749
12.51605821,0.004928664072632944
12.51608706,0.013580529488059816
12.53006363,0.027954528114747846
12.5301435,0.01855497062638285
12.55436635,0.005462729839017319
12.55447888,0.022247653925383384
12.55625033,0.02554360265506981
12.55634904,0.004211490043488212
12.55641055,0.01164263370717937
12.56198001,0.026886396581979097
12.56201792,0.017181658655680172
12.5709424,0.005218585488670176
12.57097626,0.022278171969176776
12.57695174,0.026245517662317846
12.58702135,0.004806591897459373
12.5870409,0.013427939269092852
12.6013732,0.027969787136644542
12.6014111,0.018493934538796063
12.62447882,0.005615320057984283
12.62458634,0.022613870450904097
12.62626982,0.026047150377660793
12.62642694,0.00456244754711223
12.62652755,0.01271076523994812
12.62662172,0.02742046234836347
12.64003015,0.017593652246890974
12.64009762,0.005447470817120622
12.64015365,0.022507057297627222
12.6422534,0.026245517662317846
12.6559732,0.004577706569008927
12.65599418,0.013550011444266423
12.66902328,0.027832455939574275
12.66907501,0.01799038681620508
12.68296623,0.005477988860914015
12.68300605,0.022293430991073473
12.68303561,0.025436789501792935
12.68305922,0.004089417868314641
12.69806361,0.012420843823910887
12.69813228,0.027191577019913024
12.70402956,0.017181658655680172
12.70409298,0.0053711757076371405
12.70413423,0.022507057297627222
12.7109468,0.026153963530937668
12.73396468,0.004699778744182498
12.73398614,0.013839932860303654
12.73400855,0.027908751049057757
12.73403096,0.018066681925688565
12.74198341,0.005645838101777676
12.74203157,0.02247653925383383
12.75640965,0.025467307545586328
12.75650978,0.0040588998245212485
12.75656939,0.01266498817425803
12.76195979,0.027313649195086595
12.76200604,0.017029068436713205
12.77094579,0.005386434729533837
12.77097416,0.02243076218814374
12.78397965,0.025879301136797133
12.79794002,0.004440375371938659
12.79796076,0.013977264057373923
12.80299115,0.027954528114747846
12.80303526,0.0178988326848249
12.80897951,0.00563057907988098
12.809026,0.02264438849469749
12.82307172,0.025223163195239186
12.82317114,0.004028381780727856
12.82323265,0.012252994583047227
12.83804679,0.027008468757152668
12.83814025,0.01658655680170901
12.86369252,0.005493247882810712
12.86376143,0.022796978713664453
12.86380529,0.026123445487144275
12.86898637,0.004592965590905623
12.86901832,0.014312962539101243
12.86904955,0.028122377355611506
12.86908054,0.01782253757534142
12.8934269,0.005767910276951248
12.89350462,0.02264438849469749
12.8935349,0.024963759822995348
12.8935678,0.003906309605554284
12.9014008,0.012359807736324101
12.901443,0.027191577019913024
12.91397524,0.01641870756084535
12.91401005,0.005508506904707409
12.91403985,0.022705424582284275
12.91406798,0.025818265049210344
12.92810726,0.004669260700389105
12.92817092,0.014190890363927672
12.93702722,0.028198672465094988
12.93710756,0.017761501487754634
12.93714237,0.0060120546272983905
12.93718719,0.02311741817349508
12.95211959,0.025726710917830166
12.9521842,0.004318303196765088
12.95222092,0.01356527046616312
12.96501613,0.027679865720607308
12.96505189,0.01696803234912642
12.98102093,0.005767910276951248
12.98104596,0.02285801480125124
12.98106837,0.025528343633173113
12.99335241,0.0042267490653849086
12.99337506,0.013839932860303654
12.9934001,0.027740901808194093
12.99342418,0.0170443274586099
13.01316237,0.005874723430228122
13.01325297,0.022827496757457846
13.01332307,0.025360494392309453
13.01337934,0.004257267109178301
13.02809501,0.013702601663233387
13.02816367,0.02766460669871061
13.04204416,0.017074845502403294
13.04209995,0.0060120546272983905
13.04214358,0.02320897230487526
13.05602193,0.025696192874036773
13.056041,0.0042725261310749985
13.05605888,0.014190890363927672
13.06501222,0.02780193789578088
13.06506228,0.016906996261539634
13.07402587,0.005828946364538033
13.07407475,0.022751201647974364
13.08846688,0.024780651560234988
13.08856583,0.0038757915617608912
13.10206032,0.013382162203402761
13.10214067,0.027527275501640344
13.11549044,0.01654077973601892
13.11560369,0.0059662775616083005
13.11567783,0.023086900129701687
13.11574435,0.025574120698863202
13.11578941,0.004425116350041962
13.11581516,0.014496070801861601
13.13008332,0.02801556420233463
13.13014078,0.01696803234912642
13.1439786,0.00605783169298848
13.14402127,0.02299534599832151
13.15345192,0.02476539253833829
13.15354967,0.0038757915617608912
13.15361047,0.013244831006332494
13.17699075,0.0272983901731899
13.1770227,0.015915159838254367
13.17704749,0.005767910276951248
13.17707682,0.022919050888838024
13.17710614,0.025223163195239186
13.19396758,0.0042267490653849086
13.19398808,0.014557106889448387
13.19693232,0.02798504615854124
13.19696689,0.016784924086366063
13.21096206,0.006210421911955443
13.21099758,0.023270008392462044
13.22807455,0.02504005493247883
13.22813249,0.004119935912108034
13.22815967,0.01394674601358053
13.25252604,0.02766460669871061
13.25255036,0.01637293049515526
13.2525692,0.00627145799954223
13.25259161,0.023422598611429007
13.2613194,0.02542153047989624
13.26137114,0.004150453955901427
13.26139188,0.014694438086518654
13.28404164,0.027954528114747846
13.28408599,0.016357671473258565
13.28411102,0.006073090714885176
13.28413987,0.023086900129701687
13.2940495,0.02459754329747463
13.2940836,0.0037384603646906235
13.3049984,0.014068818188754101
13.3050456,0.02766460669871061
13.30507636,0.0162050812542916
13.31766486,0.006240939955748837
13.31769037,0.02349889372091249
13.31771278,0.025345235370412757
13.31773114,0.0041809719996948195
13.31774926,0.01470969710841535
13.33199644,0.02789349202716106
13.33203721,0.016006713969634545
13.34045243,0.005859464408331426
13.34049201,0.023300526436255437
13.36675239,0.024795910582131684
13.36681509,0.003906309605554284
13.36685133,0.014816510261692225
13.36693072,0.027924010070954453
13.36698318,0.016235599298084994
13.37496734,0.006378271152819104
13.37499118,0.02354467078660258
13.37501335,0.02508583199816892
13.38896942,0.003936827649347677
13.38899279,0.014724956130312047
13.39934492,0.027862973983367668
13.3993907,0.015869382772564278
13.41198111,0.006286717021438926
13.41201973,0.023422598611429007
13.42647099,0.02481116960402838
13.42657137,0.0036316472114137485
13.42663193,0.014785992217898832
13.435956,0.028076600289921417
13.43598795,0.016083009079118027
13.44004273,0.00665293354695964
13.44006824,0.023804074158846417
13.44907641,0.025391012436102846
13.44913507,0.0042725261310749985
13.44918609,0.015365835049973296
13.46570659,0.029022659647516595
13.4657743,0.010833905546654459
13.48827243,0.0069886320286869615
13.48832774,0.02406347753109026
13.48835707,0.025223163195239186
13.48838019,0.004318303196765088
13.48840261,0.015106431677729458
13.49906373,0.028412298771648737
13.49910021,0.016189822232394905
13.50897169,0.0069886320286869615
13.50899839,0.02426184481574731
13.51286864,0.025604638742656595
13.52395701,0.004669260700389105
13.52398372,0.01560997940032044
13.53931522,0.02925154497596704
13.53934932,0.01078812848096437
13.55213189,0.007232776379034104
13.55218315,0.02442969405661097
13.57500529,0.02554360265506981
13.57504439,0.004547188525215534
13.57700753,0.01589990081635767
13.57706285,0.029404135194934004
13.57709599,0.011017013809414817
13.57712722,0.007446402685587854
13.57716489,0.02468909742885481
13.57895923,0.025696192874036773
13.59101081,0.004455634393835355
13.59103346,0.015747310597390707
13.61198139,0.029144731822690166
13.61200857,0.010452429999237048
13.61202979,0.007446402685587854
13.61205173,0.02426184481574731
13.61408615,0.025055313954375526
13.61412668,0.0042267490653849086
13.62802267,0.01565575646601053
13.62806654,0.029068436713206684
13.64223313,0.010315098802166781
13.64231396,0.007263294422827497
13.64238453,0.02447547112230106
13.64245319,0.025268940260929275
13.65697455,0.004211490043488212
13.65700126,0.016006713969634545
13.67993832,0.029053177691309988
13.67995882,0.010376134889753566
13.69898605,0.007263294422827497
13.6990366,0.024460212100404364
13.69906068,0.024979018844892044
13.69907951,0.0040131227588311585
13.70805907,0.015503166247043565
13.70812654,0.02868696116578927
13.71697259,0.009613183794918746
13.71701741,0.006790264744029908
13.71705222,0.023865110246433202
13.71708441,0.024368657969024186
13.72998381,0.00375371938658732
13.73000956,0.015808346684977492
13.74450493,0.028793774319066146
13.74460578,0.009964141298542763
13.74909544,0.007309071488517586
13.74915433,0.02447547112230106
13.75904536,0.024780651560234988
13.75911546,0.0038757915617608912
13.75918627,0.015671015487907225
13.75924253,0.028503852903028915
13.75928664,0.00933852140077821
13.77597451,0.006805523765926604
13.77600551,0.023865110246433202
13.77603269,0.024002441443503473
13.79297924,0.0037079423208972303
13.7930069,0.015640497444113832
13.80732393,0.028793774319066146
13.80742431,0.009964141298542763
13.80748558,0.007446402685587854
13.80755329,0.024658579385061417
13.8223083,0.024826428625925077
13.82237005,0.004165712977798123
13.82704186,0.016006713969634545
13.8271277,0.028854810406652935
13.84226847,0.009811551079575799
13.84238601,0.007476920729381247
13.84245825,0.024628061341268024
13.84252596,0.02494850080109865
13.85911751,0.004165712977798123
13.85914445,0.016311894407568476
13.88293266,0.028931105516136417
13.88295364,0.009674219882505532
13.88297248,0.007217517357137408
13.88299489,0.024246585793850615
13.88495517,0.023895628290226595
13.88498068,0.0038147554741741053
13.90478754,0.015518425268940261
13.90492964,0.028702220187685968
13.9049921,0.009582665751125354
13.90595198,0.0075837338826581216
13.90598583,0.024872205691615166
13.91252351,0.024979018844892044
13.93499064,0.004287785152971695
13.93501592,0.016647592889295796
13.93705034,0.029114213778896773
13.93707299,0.00988784618905928
13.93709111,0.007263294422827497
13.93711305,0.0247348744945449
13.95198059,0.024536507209887846
13.95202827,0.003997863736934462
13.96503639,0.015930418860151063
13.96510148,0.028702220187685968
13.96514297,0.009277485313191424
13.97097111,0.007339589532310979
13.97099519,0.024414435034714275
13.99394608,0.02413977264057374
14.00298476,0.003936827649347677
14.0030098,0.016403448538948654
14.01241827,0.028824292362859542
14.0125165,0.00955214770733196
14.0250051,0.007598992904554818
14.02504539,0.024795910582131684
14.0250752,0.0243076218814374
14.02510977,0.0038757915617608912
14.03930855,0.016281376363775083
14.03940296,0.02861066605630579
14.04640961,0.009063859006637675
14.04652333,0.00750743877317464
14.04659581,0.024719615472648202
14.04666352,0.024490730144197757
14.0589962,0.0040588998245212485
14.05903554,0.016617074845502403
14.08424497,0.02873273823147936
14.08426881,0.009246967269398032
14.0842886,0.007461661707484551
14.0843122,0.02456702525368124
14.08433437,0.02374303807125963
14.08435297,0.003723201342793927
14.09297276,0.01602197299153124
14.09301186,0.028458075837338826
14.10721946,0.008987563897154192
14.10733438,0.007690547035934997
14.10740638,0.024750133516441595
14.10747409,0.02418554970626383
14.13195395,0.0038300144960708017
14.13197827,0.016601815823605707
14.13742375,0.028641184100099183
14.13751912,0.009063859006637675
14.14341617,0.007736324101625086
14.14352822,0.024795910582131684
14.15853477,0.024124513618677044
14.15859866,0.0038147554741741053
14.15864706,0.01651026169222553
14.16294909,0.028473334859235522
14.16296887,0.008682383459220264
14.17332721,0.007385366598001068
14.17341828,0.02442969405661097
14.1995616,0.02354467078660258
14.2032578,0.003692683299000534
14.20328784,0.01667811093308919
14.20331573,0.028595407034409093
14.20333838,0.009063859006637675
14.20336056,0.007797360189211872
14.20338726,0.024872205691615166
14.22012639,0.023804074158846417
14.2201972,0.00375371938658732
14.22702575,0.016357671473258565
14.22707176,0.028290226596475166
14.24142599,0.00848401617456321
14.24157,0.0075379568169680325
14.24164271,0.02456702525368124
14.25439835,0.023514152742809186
14.26298261,0.003723201342793927
14.26300836,0.01641870756084535
14.26796985,0.028336003662165255
14.2679894,0.008499275196459906
14.27748775,0.0077515831235217825
14.27759814,0.02464332036316472
14.29303169,0.02349889372091249
14.29307938,0.0036621652552071412
14.29310942,0.016556038757915618
14.2931385,0.028336003662165255
14.29316139,0.008453498130769817
14.31970954,0.007782101167315175
14.31973791,0.024719615472648202
14.31976199,0.023605706874189364
14.31978059,0.0037384603646906235
14.31980324,0.01684596017395285
14.3332324,0.02844281681544213
14.33328986,0.008560311284046693
14.34248018,0.007797360189211872
14.34259152,0.024750133516441595
14.35507846,0.023422598611429007
14.3551414,0.0036316472114137485
14.37929082,0.016601815823605707
14.3794167,0.0281528953994049
14.37947798,0.008209353780422675
14.37953353,0.00788891432059205
14.37959862,0.024902723735408562
14.37966347,0.02366674296177615
14.38757706,0.0034180209048599985
14.38760972,0.016830701152056152
14.40136313,0.028076600289921417
14.40144396,0.007934691386282139
14.408499,0.007476920729381247
14.40860844,0.02426184481574731
14.43225908,0.022491798275730526
14.43233061,0.003295948729686427
14.44643617,0.01629663538567178
14.44656134,0.028030823224231328
14.45438266,0.008056763561455712
14.454458,0.007812619211108568
14.45450854,0.024979018844892044
14.4545505,0.023559929808499275
14.46819687,0.0038147554741741053
14.46822357,0.017120622568093387
14.47703195,0.02832074464026856
14.47705102,0.008056763561455712
14.49012804,0.007705806057831693
14.49016905,0.024658579385061417
14.49900389,0.022827496757457846
14.49903369,0.003433279926756695
14.50747395,0.016693369954985885
14.50758457,0.02806134126802472
14.50764418,0.007934691386282139
14.52082276,0.007949950408178835
14.52085185,0.02499427786678874
14.52088261,0.023422598611429007
14.53396273,0.0036316472114137485
14.53399301,0.017181658655680172
14.53401542,0.028244449530785077
14.53403378,0.008133058670939193
14.53932548,0.0081025406271458
14.53941846,0.02504005493247883
14.55329156,0.02328526741435874
14.55333638,0.003692683299000534
14.56226492,0.016983291371023116
14.56233239,0.02801556420233463
14.58604264,0.007782101167315175
14.58611584,0.007797360189211872
14.58615994,0.0247348744945449
14.58620095,0.02288853284504463
14.59303641,0.00354009308003357
14.59307027,0.01727321278706035
14.59921694,0.0281528953994049
14.59927464,0.007965209430075532
14.60945177,0.008194094758525979
14.60956144,0.025055313954375526
14.61975932,0.02307164110780499
14.61982059,0.003585870145723659
14.64230299,0.016983291371023116
14.64241457,0.027862973983367668
14.64247394,0.007598992904554818
14.64252901,0.00772106507972839
14.64259338,0.0247348744945449
14.64265347,0.022674906538490882
14.65723348,0.003509575036240177
14.65726566,0.017212176699473565
14.66198111,0.02801556420233463
14.66201305,0.00772106507972839
14.69501758,0.008072022583352408
14.69508195,0.024902723735408562
14.69796205,0.022751201647974364
14.69800568,0.003448538948653391
14.69804478,0.017090104524299994
14.69808292,0.02780193789578088
14.70822334,0.0075379568169680325
14.70833802,0.008117799649042497
14.70841241,0.024902723735408562
14.70848012,0.022796978713664453
14.72295022,0.0036011291676203558
14.72297764,0.017456321049820707
14.72709203,0.028076600289921417
14.72712564,0.007797360189211872
14.75106359,0.008194094758525979
14.75114417,0.025101091020065615
14.75119352,0.022674906538490882
14.75123453,0.0036316472114137485
14.76543045,0.017288471808957047
14.76554656,0.027969787136644542
14.76560688,0.007522697795071336
14.77101111,0.008194094758525979
14.77104616,0.025009536888685437
14.77994561,0.02264438849469749
14.79295421,0.0034180209048599985
14.79297781,0.017471580071717403
14.80750799,0.02784771496147097
14.80760384,0.0075379568169680325
14.81972456,0.008117799649042497
14.81980014,0.0251621271076524
14.8198514,0.02264438849469749
14.81990123,0.0036316472114137485
14.83340716,0.017517357137407492
14.83350158,0.02801556420233463
14.83356357,0.007660028992141603
14.84009528,0.008560311284046693
14.84015512,0.025406271457999542
14.84659743,0.023193713282978562
14.85904241,0.0037842374303807126
14.85907912,0.0178988326848249
14.87297821,0.027908751049057757
14.87299681,0.007232776379034104
14.87847614,0.008056763561455712
14.87858486,0.024704356450751506
14.88772607,0.021423666742961776
14.88777375,0.0028686961165789275
14.8950491,0.016739147020675974
14.89511633,0.02716105897611963
14.90744042,0.006683451590753032
14.90755367,0.008194094758525979
14.90762711,0.025101091020065615
14.9120512,0.02264438849469749
14.92493725,0.003585870145723659
14.92496252,0.017975127794308383
14.94905353,0.02789349202716106
14.9491241,0.007339589532310979
14.95603704,0.00857557030594339
14.95610285,0.02525368123903258
14.96960878,0.022247653925383384
14.96970677,0.003433279926756695
14.96977854,0.017547875181200885
14.96984506,0.02754253452353704
14.9699235,0.006790264744029908
14.97822285,0.008255130846112764
14.97826958,0.025070572976272222
14.97830105,0.022110322728313116
15.00203347,0.003448538948653391
15.00205827,0.01799038681620508
15.00838685,0.027771419851987486
15.00846982,0.0069886320286869615
15.02823877,0.008499275196459906
15.02832913,0.02520790417334249
15.02838278,0.021896696421759364
15.02842283,0.0032654306858930344
15.02847099,0.017517357137407492
15.02997231,0.027267872129396506
15.02999139,0.00648508430609598
15.04451919,0.008255130846112764
15.04462886,0.025024795910582133
15.04605746,0.021850919356069275
15.05896688,0.0032043945983062485
15.05900383,0.017792019531548027
15.07344627,0.027191577019913024
15.07356501,0.006286717021438926
15.08202624,0.00831616693369955
15.08208585,0.024872205691615166
15.08212042,0.021225299458304724
15.08214688,0.0028992141603723202
15.09700418,0.01744106202792401
15.09705997,0.026947432669565882
15.105057,0.0060120546272983905
15.10514641,0.008300907911802853
15.10521841,0.02499427786678874
15.11271095,0.02153047989623865
15.12495828,0.003189135576409552
15.12498331,0.0178988326848249
15.14911437,0.027405203326466773
15.14917922,0.00648508430609598
15.15100622,0.00848401617456321
15.15104508,0.025268940260929275
15.15107751,0.021652552071412222
15.15110373,0.003448538948653391
15.16006827,0.01812771801327535
15.16013241,0.02746623941405356
15.16017437,0.006668192568856336
15.17440176,0.009063859006637675
15.1744256,0.02583352407110704
15.17596722,0.022354467078660258
15.19935608,0.00375371938658732
15.19938302,0.018692301823453116
15.20132279,0.027908751049057757
15.20135927,0.006790264744029908
15.20911264,0.008941786831464103
15.20925689,0.02583352407110704
15.21943641,0.022034027618829635
15.2194798,0.003723201342793927
15.22739792,0.018493934538796063
15.2274909,0.027954528114747846
15.24144077,0.006958113984893569
15.24160361,0.00946059357595178
15.24173617,0.026291294728007935
15.26439905,0.022705424582284275
15.26597118,0.004104676890211338
15.26599574,0.019378957808804456
15.26601815,0.028412298771648737
15.26603627,0.007125963225757229
15.27541947,0.009582665751125354
15.27553725,0.02630655374990463
15.28583479,0.02214084077210651
15.28587413,0.003982604715037766
15.29831362,0.019058518348973832
15.29835963,0.028198672465094988
15.29839182,0.006973373006790265
15.31307721,0.009796292057679103
15.31310272,0.026535439078355077
15.31312537,0.022537575341420615
15.32543421,0.004074158846417945
15.32545972,0.019501029983978027
15.32750964,0.028412298771648737
15.32753396,0.007141222247653925
15.34146523,0.009857328145265888
15.34162951,0.026626993209735255
15.35647988,0.02252231631952392
15.35651469,0.004165712977798123
15.3683331,0.019378957808804456
15.36842561,0.02822919050888838
15.38519073,0.00686655985351339
15.38527703,0.009964141298542763
15.38532066,0.026657511253528648
15.38536119,0.022537575341420615
15.39099121,0.004211490043488212
15.39102054,0.01969939726863508
15.39696097,0.028336003662165255
15.39698076,0.00686655985351339
15.40497994,0.009704737926298924
15.40501881,0.026489662012664988
15.43221474,0.021713588158999007
15.43227458,0.004043640802624552
15.43232679,0.01924162661173419
15.43237782,0.02810711833371481
15.4392941,0.006759746700236515
15.43938446,0.010070954451819639
15.43945646,0.026825360494392308
15.4459517,0.022446021210040436
15.4539597,0.004287785152971695
15.4539845,0.01986724650949874
15.46997881,0.028259708552681773
15.46999955,0.006973373006790265
15.48201108,0.010315098802166781
15.48205781,0.0268711375600824
15.49602699,0.022171358815899902
15.4960866,0.0038910505836575876
15.49613905,0.019623102159151598
15.49620318,0.02806134126802472
15.49624395,0.006530861371786069
15.51996493,0.01002517738612955
15.51998973,0.02673380636301213
15.5219481,0.02226291294728008
15.52197337,0.004242008087281605
15.52199531,0.020019836728465707
15.54709029,0.028381780727855344
15.5471518,0.006836041809719997
15.54719305,0.010299839780270085
15.54723835,0.02691691462577249
15.55698633,0.02197299153124285
15.55702376,0.004150453955901427
15.57325363,0.01965362020294499
15.5733788,0.028122377355611506
15.57344127,0.00665293354695964
15.57349634,0.010589761196307317
15.57356167,0.027222095063706417
15.57701397,0.02243076218814374
15.58895493,0.004364080262455177
15.58897948,0.020279240100709545
15.61303639,0.028366521705958648
15.61309671,0.006622415503166247
15.61313581,0.010040436408026246
15.61318183,0.026703288319218737
15.61495447,0.021271076523994813
15.61499,0.0041809719996948195
15.62904215,0.019928282597085525
15.62910843,0.02844281681544213
15.63843179,0.006927595941100175
15.63854527,0.010833905546654459
15.63861847,0.02749675745784695
15.6430583,0.022491798275730526
15.65696001,0.004654001678492409
15.65698504,0.020401312275883116
15.66998267,0.02832074464026856
15.67000341,0.006378271152819104
15.67894506,0.01019302662699321
15.67898965,0.026794842450598915
15.6809175,0.021332112611581598
15.68094444,0.004089417868314641
15.69401288,0.019958800640878918
15.69406128,0.027954528114747846
15.70408726,0.0062256809338521405
15.70417738,0.010421911955443655
15.70425081,0.026947432669565882
15.7179606,0.021637293049515526
15.74198627,0.004196231021591516
15.74201417,0.02017242694743267
15.74203706,0.028122377355611506
15.74205518,0.0063935301747158006
15.74395776,0.010681315327687495
15.74398971,0.027191577019913024
15.75405884,0.021820401312275882
15.75409126,0.004440375371938659
15.76213717,0.020325017166399634
15.76220894,0.028137636377508202
15.77602768,0.006363012130922408
15.77612042,0.010742351415274281
15.77616429,0.02725261310749981
15.78900862,0.021896696421759364
15.79495931,0.004425116350041962
15.79498529,0.020660715648126955
15.809057,0.028412298771648737
15.80914187,0.006637674525062943
15.80917668,0.011154345006485085
15.80921507,0.027512016479743648
15.81940341,0.021988250553139545
15.81943774,0.004486152437628748
15.82804537,0.020660715648126955
15.82807565,0.02832074464026856
15.85319948,0.006469825284199283
15.85327101,0.010650797283894103
15.85331464,0.027069504844739453
15.85335469,0.021560997940032044
15.87799025,0.0046082246128023195
15.87801838,0.0208896009765774
15.87804174,0.028702220187685968
15.87806034,0.006897077897306782
15.88697958,0.01138323033493553
15.88701129,0.02789349202716106
15.90072536,0.022201876859693295
15.90075922,0.0048218509193560695
15.90896702,0.020950637064164186
15.90901256,0.028534370946822308
15.90903378,0.006744487678339819
15.92406011,0.011123826962691692
15.92409658,0.027725642786297397
15.92412472,0.021927214465552756
15.92899489,0.004898146028839551
15.92902756,0.02111848630502785
15.9429667,0.028809033340962846
15.94299555,0.006958113984893569
15.94301534,0.011871519035629816
15.94303775,0.028198672465094988
15.95365906,0.022613870450904097
15.95369172,0.0051575494010833904
15.95372105,0.021316853589684902
15.96710849,0.028763256275272753
15.96712971,0.006927595941100175
15.97997355,0.011352712291142137
15.98003721,0.02784771496147097
15.98007369,0.022003509575036242
15.99397802,0.00494392309452964
15.9940033,0.021377889677271687
15.99402642,0.02877851529716945
15.99404526,0.006805523765926604
16.0090878,0.011627374685282674
16.00917101,0.027832455939574275
16.01867318,0.0217441062027924
16.01871705,0.004577706569008927
16.03146958,0.02093537804226749
16.03157854,0.028046082246128024
16.04513383,0.00605783169298848
16.04520726,0.011062790875104906
16.04525113,0.027359426260776684
16.04529071,0.021210040436408027
16.05400491,0.004440375371938659
16.05403924,0.020874341954680704
16.06797409,0.027878233005264364
16.0679934,0.0060120546272983905
16.07420564,0.010986495765621425
16.07435322,0.027267872129396506
16.088027,0.020828564888990615
16.08807302,0.004379339284351873
16.1140399,0.020645456626230258
16.11414576,0.027740901808194093
16.11419892,0.00584420538643473
16.11426711,0.011184863050278477
16.11433244,0.027435721370260166
16.11439443,0.021255817502098116
16.12197709,0.0046082246128023195
16.12200904,0.021210040436408027
16.12995315,0.028168154421301595
16.12997246,0.00627145799954223
16.14027047,0.011490043488212406
16.1404047,0.027603570611123826
16.1631813,0.02124055848020142
16.16323042,0.004699778744182498
16.16326189,0.0208896009765774
16.16329098,0.02763408865491722
16.17312813,0.005889982452124819
16.1732192,0.011062790875104906
16.17329121,0.02737468528267338
16.17802453,0.020996414129854278
16.18701434,0.00473029678797589
16.1870513,0.021301594567788205
16.20118451,0.02810711833371481
16.20124674,0.0062256809338521405
16.22405672,0.011703669794766156
16.22414851,0.02775616083009079
16.22420144,0.021271076523994813
16.22424173,0.00473029678797589
16.22429013,0.021087968261234456
16.22833586,0.027786678873884182
16.228369,0.005874723430228122
16.2410593,0.011230640115968566
16.24112821,0.02754253452353704
16.24117064,0.020950637064164186
16.27406335,0.004806591897459373
16.27409053,0.021301594567788205
16.27412176,0.028046082246128024
16.27414823,0.006149385824368658
16.2890985,0.01181048294804303
16.28920913,0.02789349202716106
16.29801512,0.021179522392614634
16.29804778,0.004898146028839551
16.29807997,0.02136263065537499
16.31296515,0.02798504615854124
16.31298757,0.006149385824368658
16.31300735,0.011718928816662852
16.31303,0.02784771496147097
16.322047,0.021301594567788205
16.33095622,0.005172808422980087
16.33098125,0.021881437399862667
16.3429625,0.02851911192492561
16.34298372,0.006546120393682765
16.36731648,0.012298771648737316
16.36742449,0.028137636377508202
16.36749673,0.021393148699168384
16.36755371,0.004974441138323033
16.36761928,0.02124055848020142
16.36768341,0.02742046234836347
16.3677361,0.005569542992294194
16.3740592,0.01138323033493553
16.37409544,0.02746623941405356
16.381001,0.020782787823300525
16.38696265,0.004669260700389105
16.38698864,0.02153047989623865
16.4014976,0.02789349202716106
16.40159845,0.006042572671091783
16.4150877,0.011963073167009996
16.41516924,0.027786678873884182
16.42005491,0.020752269779507133
16.42010283,0.004638742656595712
16.42927337,0.021179522392614634
16.42938542,0.027359426260776684
16.44305301,0.005615320057984283
16.44312501,0.011291676203555352
16.44316864,0.027481498435950255
16.44320869,0.020813305867093918
16.46045732,0.005127031357289998
16.46049809,0.021942473487449453
16.47134686,0.02839703974975204
16.47142863,0.006713969634546426
16.4790163,0.01223773556115053
16.47907209,0.02827496757457847
16.48402405,0.021164263370717938
16.48407531,0.005325398641947051
16.48411465,0.021774624246585793
16.49869728,0.02801556420233463
16.49872017,0.0061341268024719614
16.50795221,0.012039368276493477
16.50797749,0.02806134126802472
16.51297235,0.021042191195544367
16.537045,0.0052033264667734795
16.53707147,0.022018768596932938
16.53709269,0.0281528953994049
16.53711033,0.006164644846265354
16.54296279,0.012085145342183566
16.54299521,0.027969787136644542
16.5520184,0.020691233691920347
16.55205154,0.0050354772259098195
16.56646752,0.02178988326848249
16.56657934,0.02793926909285115
16.56663847,0.0060120546272983905
16.57324862,0.012451361867704281
16.57330489,0.0281528953994049
16.58397675,0.020950637064164186
16.59798717,0.005096513313496605
16.59801483,0.021850919356069275
16.60735679,0.0277103837644007
16.60745382,0.005645838101777676
16.60751224,0.012054627298390174
16.6075778,0.02775616083009079
16.62204146,0.020309758144502938
16.62208843,0.004913405050736248
16.6291337,0.021728847180895704
16.6292572,0.027603570611123826
16.62931967,0.005661097123674372
16.64298987,0.012039368276493477
16.64302373,0.027832455939574275
16.65200472,0.020462348363469902
16.66402173,0.004974441138323033
16.66404724,0.02204928664072633
16.67009664,0.027786678873884182
16.67011666,0.005767910276951248
16.67704988,0.012100404364080263
16.67710161,0.02784771496147097
16.6849885,0.020080872816052493
16.68502474,0.004913405050736248
16.69397902,0.021560997940032044
16.69401479,0.027344167238879988
16.69403529,0.005432211795223926
16.71797299,0.01223773556115053
16.71800709,0.027954528114747846
16.72405386,0.020447089341573205
16.73795748,0.004928664072632944
16.73798251,0.021988250553139545
16.73800564,0.027481498435950255
16.738024,0.005340657663843748
16.76233172,0.011779964904249637
16.76242733,0.027527275501640344
16.76249695,0.019501029983978027
16.7625525,0.004638742656595712
16.76261735,0.021423666742961776
16.76268244,0.027008468757152668
16.76273513,0.005065995269703212
16.776968,0.012207217517357137
16.77699518,0.027649347676813915
16.78600597,0.019851987487602044
16.79934907,0.004699778744182498
16.79937363,0.02157625696192874
16.80449867,0.026855878538185704
16.80459571,0.00494392309452964
16.82330632,0.01164263370717937
16.8233881,0.02716105897611963
16.82344055,0.019134813458457314
16.82348156,0.004486152437628748
16.82501578,0.021484702830548562
16.82504559,0.026901655603875793
16.85427833,0.004913405050736248
16.85435081,0.01206988632028687
16.85439396,0.02754253452353704
16.85443473,0.01957732509346151
16.85446858,0.004715037766079194
16.85450745,0.021652552071412222
16.8700738,0.026749065384908826
16.87009382,0.004684519722285801
16.87246299,0.01168841077286946
16.87257457,0.027237354085603113
16.88503814,0.018982223239490347
16.88508654,0.004577706569008927
16.89944243,0.021499961852445258
16.89956856,0.02668802929732204
16.89963031,0.004760814831769284
16.91295195,0.011963073167009996
16.91297698,0.02749675745784695
16.91299939,0.01931792172121767
16.93705988,0.004760814831769284
16.93708348,0.021805142290379186
16.93710566,0.027191577019913024
16.93712378,0.0051575494010833904
16.93938589,0.012375066758220797
16.93945503,0.027862973983367668
16.95300293,0.019714656290531776
16.95303917,0.005004959182116427
16.9673028,0.022003509575036242
16.9674139,0.02703898680094606
16.98235917,0.0050354772259098195
16.98243308,0.012207217517357137
16.98247671,0.027786678873884182
16.98251724,0.01974517433432517
16.98698688,0.005127031357289998
16.98702359,0.02243076218814374
17.0014987,0.027557793545433737
17.00159574,0.005493247882810712
17.00746679,0.012771801327534905
17.00757885,0.02822919050888838
17.03050542,0.01986724650949874
17.03060269,0.005127031357289998
17.03625178,0.022125581750209813
17.0363791,0.027176317998016328
17.03644013,0.005310139620050355
17.04224133,0.012268253604943923
17.04229188,0.028076600289921417
17.04232693,0.01974517433432517
17.05593252,0.005264362554360266
17.0559566,0.022247653925383384
17.06497478,0.027054245822842757
17.06499743,0.004898146028839551
17.07455444,0.01223773556115053
17.07466221,0.027405203326466773
17.08795881,0.018616006713969634
17.08798718,0.004531929503318838
17.10200334,0.021332112611581598
17.10204792,0.02594033722438392
17.10207653,0.004043640802624552
17.10210252,0.011795223926146334
17.10213375,0.02713054093232624
17.11198568,0.018600747692072938
17.12094903,0.004638742656595712
17.12097263,0.02191195544365606
17.13398743,0.026703288319218737
17.13400578,0.004638742656595712
17.1480329,0.01223773556115053
17.14807725,0.027450980392156862
17.17220831,0.01863126573586633
17.17227054,0.004669260700389105
17.1723218,0.02162203402761883
17.17237067,0.02618448157473106
17.17240977,0.004333562218661784
17.18495846,0.011917296101319905
17.1849823,0.027283131151293202
17.18500447,0.01867704280155642
17.1939764,0.004791332875562677
17.19401217,0.02204928664072633
17.20156002,0.026672770275425344
17.2016573,0.004516670481422141
17.21406722,0.012436102845807583
17.21413302,0.027557793545433737
17.23828721,0.018692301823453116
17.23838735,0.004898146028839551
17.23845649,0.021774624246585793
17.23852229,0.02639810788128481
17.23857689,0.004516670481422141
17.24202681,0.012481879911497674
17.24207449,0.027740901808194093
17.24707818,0.019043259327077136
17.25306821,0.005004959182116427
17.25311399,0.02230869001297017
17.27035642,0.026672770275425344
17.27039742,0.005096513313496605
17.27898502,0.012207217517357137
17.27902102,0.027512016479743648
17.29313779,0.018356603341725796
17.2931819,0.004913405050736248
17.30248356,0.021942473487449453
17.30256009,0.02656595712214847
17.30743098,0.00477607385366598
17.30754709,0.012817578393224994
17.30761886,0.028046082246128024
17.32099938,0.019211108567940796
17.32104421,0.005172808422980087
17.32107711,0.0225986114290074
17.34397578,0.027100022888532846
17.34399962,0.004974441138323033
17.34401917,0.012848096437018387
17.3440423,0.02801556420233463
17.35199738,0.018905928130006865
17.35203218,0.005127031357289998
17.36647344,0.022278171969176776
17.36658359,0.02656595712214847
17.36664486,0.004654001678492409
17.37413859,0.012527656977187763
17.3741827,0.027908751049057757
17.37797022,0.01892118715190356
17.4020443,0.005294880598153659
17.4020679,0.022659647516594186
17.40208983,0.02713054093232624
17.40210748,0.005020218204013123
17.41156888,0.01326009002822919
17.41160607,0.02832074464026856
17.4231391,0.01924162661173419
17.42317367,0.0053711757076371405
17.42320371,0.022461280231937133
17.42898011,0.02652018005645838
17.42900324,0.0046082246128023195
17.44306588,0.012420843823910887
17.44313383,0.027832455939574275
17.44316602,0.01889066910811017
17.46805763,0.005386434729533837
17.46808219,0.023010605020218206
17.46810341,0.02737468528267338
17.46813393,0.005264362554360266
17.47801876,0.013504234378576334
17.47807217,0.028503852903028915
17.48698878,0.0191958495460441
17.48702383,0.005447470817120622
17.48705435,0.022674906538490882
17.49498343,0.026794842450598915
17.49500704,0.004837109941252766
17.51904345,0.012787060349431601
17.51909876,0.02810711833371481
17.51913548,0.01892118715190356
17.52399373,0.005523765926604105
17.52402687,0.02307164110780499
17.53321695,0.027389944304570077
17.5332737,0.0052033264667734795
17.5423274,0.013550011444266423
17.54240012,0.028534370946822308
17.55117416,0.019211108567940796
17.55122471,0.005554283970397498
17.56420279,0.02285801480125124
17.56430364,0.026825360494392308
17.56436348,0.004882887006942855
17.57795358,0.01287861448081178
17.57797694,0.028198672465094988
17.59630728,0.018768596932936598
17.59640479,0.005981536583504998
17.59647441,0.02299534599832151
17.61933398,0.027176317998016328
17.61939597,0.005127031357289998
17.61943173,0.013458457312886245
17.61947131,0.028473334859235522
17.62499475,0.018982223239490347
17.62503195,0.0055848020141908905
17.62507653,0.022796978713664453
17.63902712,0.026825360494392308
17.63904929,0.004882887006942855
17.65301466,0.013351644159609368
17.65304542,0.02839703974975204
17.65306926,0.019089036392767225
17.66702533,0.005676356145571069
17.66704893,0.023147936217288473
17.6670773,0.027008468757152668
17.66709518,0.00494392309452964
17.67311716,0.013015945677882048
17.67316198,0.028168154421301595
17.68596458,0.018432898451209278
17.6859982,0.005462729839017319
17.69906735,0.022796978713664453
17.69911909,0.026932173647669186
17.71304727,0.004928664072632944
17.71309423,0.01385519188220035
17.71313906,0.02861066605630579
17.71318126,0.019089036392767225
17.72202659,0.005645838101777676
17.7220602,0.023086900129701687
17.73497868,0.026764324406805522
17.73499966,0.004654001678492409
17.73719454,0.013031204699778745
17.73723722,0.02806134126802472
17.75008559,0.018234531166552225
17.75011396,0.0054169527733272296
17.77451396,0.022873273823147935
17.77462411,0.02668802929732204
17.77604103,0.004760814831769284
17.77609563,0.013443198290989548
17.77613878,0.02832074464026856
17.77619696,0.018524452582589456
17.78798866,0.005600061036087587
17.78802586,0.02307164110780499
17.80214477,0.026840619516289004
17.80224824,0.004806591897459373
17.80740523,0.013626306553749905
17.80753112,0.02844281681544213
17.83243275,0.018646524757763027
17.83247232,0.005645838101777676
17.8325088,0.023086900129701687
17.83254433,0.026535439078355077
17.83257127,0.004638742656595712
17.84496951,0.01313801785305562
17.84499741,0.028137636377508202
17.84502125,0.018142977035172047
17.85395479,0.005539024948500801
17.85397983,0.023025864042114902
17.86299396,0.02668802929732204
17.86301947,0.00473029678797589
17.88798952,0.01356527046616312
17.88803053,0.02827496757457847
17.88805985,0.018234531166552225
17.88808274,0.005554283970397498
17.89804292,0.022903791866941327
17.89809752,0.0264438849469749
17.90409708,0.004531929503318838
17.90417433,0.013717860685130083
17.90423965,0.02839703974975204
17.91109657,0.018493934538796063
17.91998148,0.005661097123674372
17.92003155,0.02316319523918517
17.94713378,0.026550698100251773
17.94719577,0.004531929503318838
17.94722724,0.013336385137712672
17.94725895,0.02798504615854124
17.95406365,0.018112458991378654
17.95412755,0.005645838101777676
17.96341133,0.023193713282978562
17.96348429,0.026703288319218737
17.96352983,0.004791332875562677
17.97693396,0.01368734264133669
17.9769578,0.028458075837338826
17.97698021,0.018356603341725796
17.99397445,0.005752651255054551
17.99399877,0.023254749370565347
18.00647712,0.026657511253528648
18.00657535,0.004791332875562677
18.02906418,0.01368734264133669
18.02914381,0.02851911192492561
18.03844404,0.01846341649500267
18.03856683,0.005905241474021515
18.03864932,0.02337682154573892
18.03872108,0.026901655603875793
18.03877473,0.004882887006942855
18.04406285,0.014206149385824368
18.04412079,0.028747997253376057
18.04415464,0.018738078889143205
18.06802988,0.0060120546272983905
18.06805658,0.023437857633325704
18.07751775,0.026718547341115433
18.07761669,0.004791332875562677
18.08606672,0.013427939269092852
18.08613467,0.028366521705958648
18.09898186,0.01782253757534142
18.09901571,0.005737392233157855
18.09904552,0.023270008392462044
18.09907341,0.026703288319218737
18.09909678,0.004867627985046159
18.10897183,0.014129854276340887
18.10899591,0.028717479209582664
18.11960626,0.018524452582589456
18.13300538,0.006073090714885176
18.13304377,0.023514152742809186
18.13307476,0.02691691462577249
18.1330986,0.004882887006942855
18.14322066,0.013839932860303654
18.14331365,0.028534370946822308
18.15318203,0.017914091706721598
18.1532445,0.005767910276951248
18.16099286,0.02323949034866865
18.16104078,0.026581216144045166
18.16107202,0.004852368963149462
18.18396473,0.014343480582894636
18.18399,0.028854810406652935
18.18598104,0.018600747692072938
18.19395304,0.006042572671091783
18.19397783,0.02357518883039597
18.19998097,0.02677958342870222
18.20001435,0.004791332875562677
18.20800304,0.013717860685130083
18.20804238,0.028458075837338826
18.2220161,0.017669947356374456
18.2220583,0.005767910276951248
18.22895455,0.02316319523918517
18.22899818,0.02652018005645838
18.22901917,0.004715037766079194
18.25298214,0.014557106889448387
18.2530086,0.028885328450446328
18.25303245,0.01855497062638285
18.25305128,0.006149385824368658
18.25307345,0.023559929808499275
18.26294971,0.026504921034561684
18.26296926,0.004592965590905623
18.28707957,0.013550011444266423
18.28714871,0.02822919050888838
18.28719425,0.017288471808957047
18.28722739,0.005661097123674372
18.29942107,0.023178454261081866
18.29947424,0.026489662012664988
18.29951262,0.00477607385366598
18.3229804,0.014694438086518654
18.32300711,0.02887006942854963
18.32303047,0.018448157473105974
18.32304907,0.006118867780575265
18.32307124,0.023651483939879453
18.32897711,0.026535439078355077
18.32899714,0.004577706569008927
18.34335589,0.013443198290989548
18.34348083,0.02822919050888838
18.35205865,0.016998550392919812
18.35212231,0.005569542992294194
18.37636185,0.022980086976424813
18.37645531,0.026199740596627757
18.37651515,0.004699778744182498
18.3765707,0.014740215152208743
18.37663531,0.029022659647516595
18.37670088,0.018616006713969634
18.38595152,0.006317235065232319
18.38597631,0.02383459220263981
18.39937615,0.026626993209735255
18.39945436,0.004669260700389105
18.4082911,0.013443198290989548
18.40840316,0.028290226596475166
18.43209362,0.01667811093308919
18.43216562,0.005645838101777676
18.43221736,0.02307164110780499
18.43226576,0.026245517662317846
18.432307,0.004760814831769284
18.44104767,0.014602883955138476
18.44107676,0.028992141603723202
18.44110179,0.01850919356069276
18.45594788,0.0063935301747158006
18.45597339,0.023941405355916687
18.46397161,0.02673380636301213
18.46399331,0.004791332875562677
18.47845387,0.013824673838406958
18.47856259,0.02844281681544213
18.49242187,0.017135881589990083
18.4924953,0.005767910276951248
18.50522304,0.02316319523918517
18.50534678,0.026092927443350882
18.50540686,0.0046082246128023195
18.50546408,0.01454184786755169
18.5055306,0.02896162355992981
18.51112461,0.01855497062638285
18.52394891,0.006500343327992676
18.52397418,0.024155031662470437
18.53104448,0.026886396581979097
18.53112864,0.004852368963149462
18.54446316,0.014038300144960708
18.5445745,0.02861066605630579
18.5621109,0.016983291371023116
18.56218266,0.005554283970397498
18.56223536,0.022796978713664453
18.56228447,0.0255893797207599
18.56232429,0.004470893415732051
18.57701826,0.014251926451514458
18.5770421,0.028885328450446328
18.57706308,0.018326085297932403
18.59201837,0.006530861371786069
18.59204435,0.02423132677195392
18.59702659,0.02699320973525597
18.59706926,0.004928664072632944
18.62134838,0.014389257648584725
18.62142754,0.028702220187685968
18.62147117,0.017303730830853743
18.62150526,0.005813687342641337
18.62154436,0.02320897230487526
18.63099098,0.02575722896162356
18.63101435,0.0043945983062485695
18.64454603,0.014465552758068208
18.64467049,0.02877851529716945
18.64474368,0.018097199969481958
18.65797615,0.006363012130922408
18.65800118,0.02401770046540017
18.6724925,0.026504921034561684
18.67259026,0.0046082246128023195
18.68606901,0.013794155794613565
18.68613911,0.02832074464026856
18.68618202,0.016357671473258565
18.68621588,0.005462729839017319
18.69605708,0.02294956893263142
18.69613147,0.02566567483024338
18.69617677,0.004455634393835355
18.70904636,0.014450293736171512
18.7091217,0.02891584649423972
18.71135807,0.018097199969481958
18.73396635,0.006530861371786069
18.73399234,0.02413977264057374
18.73401546,0.02668802929732204
18.7340343,0.004760814831769284
18.75911689,0.014251926451514458
18.75916028,0.028625925078202486
18.75919199,0.017090104524299994
18.75921726,0.005905241474021515
18.76204753,0.02328526741435874
18.76212192,0.025818265049210344
18.76216674,0.004409857328145266
18.77602172,0.014343480582894636
18.77604532,0.028763256275272753
18.79082489,0.017883573662928205
18.79597855,0.006469825284199283
18.79600358,0.024078736552986955
18.81032395,0.026672770275425344
18.81042099,0.004837109941252766
18.81048012,0.014602883955138476
18.81054688,0.028763256275272753
18.82008505,0.017334248874647136
18.82014799,0.006027313649195087
18.82803941,0.023422598611429007
18.82809377,0.02597085526817731
18.85205364,0.004425116350041962
18.85215354,0.014618142977035172
18.85220599,0.028824292362859542
18.85901427,0.017761501487754634
18.88297915,0.0062256809338521405
18.88300729,0.023727779049362935
18.88303113,0.026245517662317846
18.88304996,0.004287785152971695
18.89744782,0.013916227969787138
18.8975141,0.028259708552681773
18.89757919,0.01654077973601892
18.89761949,0.005706874189364461
18.91122413,0.023086900129701687
18.91135049,0.02545204852368963
18.91141295,0.0040588998245212485
18.91146874,0.014038300144960708
18.91153455,0.028473334859235522
18.91159892,0.017349507896543832
18.92106247,0.006118867780575265
18.92110157,0.023697261005569542
18.93402052,0.026153963530937668
18.93406677,0.004333562218661784
18.94815135,0.014526588845654994
18.94824052,0.02848859388113222
18.95399928,0.017242694743266958
18.95403862,0.0060120546272983905
18.96302056,0.023422598611429007
18.96307135,0.02571145189593347
18.97723413,0.0040588998245212485
18.97741914,0.013794155794613565
18.97753739,0.0281528953994049
18.97761559,0.016662851911192492
19.00303292,0.005889982452124819
19.00305843,0.023422598611429007
19.00308084,0.02575722896162356
19.00309849,0.004196231021591516
19.01243711,0.014358739604791332
19.01256323,0.02848859388113222
19.03101683,0.017135881589990083
19.03108883,0.00605783169298848
19.03113198,0.023514152742809186
19.0311718,0.02571145189593347
19.03120327,0.004089417868314641
19.0462563,0.014038300144960708
19.04632759,0.02827496757457847
19.04637027,0.01687647821774624
19.06899667,0.006042572671091783
19.06902218,0.023559929808499275
19.07104206,0.02597085526817731
19.07108259,0.0042725261310749985
19.0711143,0.014618142977035172
19.07115221,0.028458075837338826
19.08694291,0.017120622568093387
19.08698797,0.006073090714885176
19.09395027,0.023483634699015793
19.09402514,0.0255893797207599
19.11993599,0.003997863736934462
19.12000942,0.013977264057373923
19.12006116,0.028213931486991684
19.12011218,0.016662851911192492
19.13295484,0.006042572671091783
19.13298059,0.023559929808499275
19.13300323,0.025955596246280615
19.13302398,0.004242008087281605
19.1481154,0.01470969710841535
19.14824104,0.028503852903028915
19.15304279,0.016983291371023116
19.15309668,0.006027313649195087
19.1619997,0.023468375677119097
19.16204238,0.025482566567483024
19.17453599,0.0039673456931410694
19.17468882,0.013916227969787138
19.17476869,0.028213931486991684
19.1983788,0.016647592889295796
19.20631099,0.005935759517814908
19.2063458,0.02357518883039597
19.21902943,0.025864042114900433
19.21907759,0.004211490043488212
19.21911192,0.014648661020828565
19.21915102,0.0285648889906157
19.23340702,0.016937514305333027
19.23348403,0.006042572671091783
19.23909831,0.023422598611429007
19.23916173,0.025391012436102846
19.23919439,0.003952086671244373
19.24812555,0.013962005035477227
19.24818468,0.028259708552681773
19.25703478,0.016647592889295796
19.27102613,0.0060120546272983905
19.27105331,0.023590447852292667
19.27107501,0.025772487983520255
19.27109265,0.004165712977798123
19.27110982,0.014526588845654994
19.27113032,0.028473334859235522
19.2875526,0.016815442130159456
19.28759003,0.005996795605401694
19.2939837,0.023529411764705882
19.29403663,0.0255893797207599
19.29407001,0.004074158846417945
19.30801773,0.014267185473411154
19.30804205,0.02835126268406195
19.32197332,0.01675440604257267
19.3359735,0.0061799038681620505
19.33599925,0.023605706874189364
19.33602262,0.025772487983520255
19.33604145,0.004119935912108034
19.3383007,0.014602883955138476
19.33834505,0.02844281681544213
19.35200763,0.01680018310826276
19.35205817,0.006195162890058747
19.36600518,0.02362096589608606
19.3660717,0.025650415808346684
19.36611366,0.004074158846417945
19.380301,0.014557106889448387
19.38035417,0.028381780727855344
19.38597369,0.016723887998779278
19.38893247,0.006164644846265354
19.38895655,0.023605706874189364
19.41329598,0.025650415808346684
19.41339374,0.004150453955901427
19.41345239,0.014496070801861601
19.41351724,0.028336003662165255
19.41597152,0.016556038757915618
19.41601181,0.006027313649195087
19.43944311,0.023529411764705882
19.439569,0.02554360265506981
19.43963242,0.003952086671244373
19.44615817,0.014663920042725261
19.44621062,0.028412298771648737
19.44900656,0.016784924086366063
19.45794344,0.0062256809338521405
19.45796776,0.02374303807125963
19.46306467,0.025513084611276417
19.46312475,0.0038757915617608912
19.47528148,0.013962005035477227
19.47537541,0.028030823224231328
19.49906707,0.016006713969634545
19.49915409,0.005828946364538033
19.49922633,0.023422598611429007
19.50096822,0.025238422217135882
19.50099564,0.004028381780727856
19.50901079,0.014648661020828565
19.50903273,0.0285648889906157
19.51103854,0.016937514305333027
19.52597332,0.006317235065232319
19.52601218,0.0238803692683299
19.53106236,0.02578774700541695
19.53112006,0.004119935912108034
19.54404974,0.014435034714274816
19.54409862,0.028336003662165255
19.56808543,0.01634241245136187
19.56817079,0.0060120546272983905
19.57738066,0.023468375677119097
19.57750607,0.025528343633173113
19.57756734,0.003952086671244373
19.58602214,0.014633401998931869
19.58605552,0.028458075837338826
19.58608699,0.016815442130159456
19.60917354,0.0063477531090257115
19.60919762,0.023895628290226595
19.61150146,0.02571145189593347
19.61159873,0.004028381780727856
19.6240077,0.014373998626688029
19.62407088,0.02827496757457847
19.62410688,0.016159304188601512
19.62415051,0.005935759517814908
19.63804555,0.023422598611429007
19.63811374,0.02520790417334249
19.64740157,0.003936827649347677
19.64751387,0.014526588845654994
19.64758658,0.028427557793545433
19.64765525,0.016647592889295796
19.65502834,0.00627145799954223
19.65507603,0.02392614633401999
19.66617441,0.025986114290074008
19.66623282,0.0041809719996948195
19.67406034,0.014953841458762494
19.67413759,0.028473334859235522
19.69939661,0.016479743648432136
19.69945645,0.006088349736781872
19.69949961,0.0234531166552224
19.69954014,0.0251621271076524
19.70601392,0.003860532539864195
19.70605779,0.014496070801861601
19.70609665,0.028381780727855344
19.71197581,0.01646448462653544
19.72195792,0.006256198977645533
19.72198105,0.02371252002746624
19.73126078,0.025528343633173113
19.73127937,0.004028381780727856
19.75427198,0.01470969710841535
19.75437331,0.028458075837338826
19.75897694,0.016327153429465172
19.75902677,0.006103608758678569
19.7659843,0.023529411764705882
19.76603293,0.025299458304722668
19.76607609,0.003952086671244373
19.77396703,0.014770733196002136
19.77399254,0.02844281681544213
19.77595377,0.0166323338673991
19.7880826,0.0063477531090257115
19.7881124,0.023987182421606777
19.80215573,0.02578774700541695
19.80220318,0.004211490043488212
19.81644273,0.014785992217898832
19.8165679,0.028412298771648737
19.82402563,0.016052491035324634
19.82408786,0.005859464408331426
19.82996416,0.023270008392462044
19.83002329,0.02464332036316472
19.8300581,0.00375371938658732
19.84295678,0.01454184786755169
19.84298182,0.028503852903028915
19.84300447,0.01680018310826276
19.86056614,0.006546120393682765
19.86058927,0.024246585793850615
19.86697841,0.026001373311970704
19.86701417,0.004242008087281605
19.89157319,0.014618142977035172
19.8916316,0.02839703974975204
19.89166594,0.015793087663080796
19.89169288,0.0055848020141908905
19.89172506,0.022842755779354542
19.89175677,0.024460212100404364
19.89178252,0.00375371938658732
19.90838552,0.015060654612039369
19.90841103,0.028809033340962846
19.9084332,0.017166399633783476
19.96197319,0.006744487678339819
19.96201015,0.02435339894712749
19.96203375,0.025925078202487222
19.96205235,0.0041809719996948195
19.96478844,0.014343480582894636
19.96482706,0.02827496757457847
19.96485806,0.01539635309376669
19.96488833,0.005615320057984283
19.96902037,0.023086900129701687
19.96908855,0.024780651560234988
19.98340464,0.00392156862745098
19.98352146,0.015167467765316243
19.98359323,0.028824292362859542
19.98365927,0.01710536354619669
19.99842381,0.006668192568856336
19.99845028,0.02426184481574731
20.00304866,0.025864042114900433
20.00311804,0.004165712977798123
20.00927544,0.015030136568245976
20.00934291,0.028595407034409093
20.01843524,0.016403448538948654
20.01853323,0.006332494087129015
20.03202224,0.023865110246433202
20.03208065,0.025467307545586328
20.03210926,0.0039673456931410694
20.03699684,0.014785992217898832
20.03702974,0.02844281681544213
20.06176901,0.016144045166704816
20.0617981,0.006073090714885176
20.06182075,0.023559929808499275
20.07136464,0.02520790417334249
20.07140899,0.00392156862745098
20.07144213,0.014816510261692225
20.07148075,0.02851911192492561
20.08653688,0.016327153429465172
20.0866468,0.00627145799954223
20.09303284,0.023773556115053024
20.09309316,0.02532997634851606
20.10742354,0.003982604715037766
20.10748768,0.01496910048065919
20.10754085,0.028503852903028915
20.13093805,0.016479743648432136
20.13096142,0.00643930724040589
20.13099456,0.024002441443503473
20.13293791,0.025604638742656595
20.13295841,0.004028381780727856
20.1420505,0.014679179064621958
20.14211583,0.02832074464026856
20.15129209,0.015762569619287403
20.15139055,0.005905241474021515
20.17434692,0.023422598611429007
20.17441702,0.02481116960402838
20.17445612,0.0038147554741741053
20.17449403,0.01470969710841535
20.17454338,0.028473334859235522
20.17457461,0.0166323338673991
20.18898296,0.006500343327992676
20.18901849,0.02426184481574731
20.19900775,0.025818265049210344
20.1990416,0.004150453955901427
20.20700431,0.014892805371175709
20.20704412,0.028458075837338826
20.22108388,0.015747310597390707
20.22116852,0.005722133211261158
20.23799014,0.02299534599832151
20.23805022,0.02423132677195392
20.23807645,0.0036011291676203558
20.24310327,0.01470969710841535
20.24312854,0.028625925078202486
20.24315166,0.01680018310826276
20.2539928,0.00665293354695964
20.25401926,0.024444953078507668
20.26799488,0.0260166323338674
20.26802945,0.004257267109178301
20.27298784,0.014984359502555887
20.2730279,0.028473334859235522
20.29702568,0.015793087663080796
20.29706788,0.005874723430228122
20.31105947,0.02337682154573892
20.31113434,0.024628061341268024
20.31118727,0.0038300144960708017
20.31122756,0.015106431677729458
20.31127667,0.02868696116578927
20.32599354,0.016815442130159456
20.32601714,0.006683451590753032
20.32604384,0.024338139925230793
20.33198833,0.02571145189593347
20.33202267,0.004089417868314641
20.35702538,0.014801251239795529
20.35709548,0.028412298771648737
20.36599302,0.015762569619287403
20.3660481,0.005920500495918211
20.37397313,0.023422598611429007
20.37401533,0.024826428625925077
20.3740418,0.0038452735179674985
20.38339424,0.015075913633936065
20.38342071,0.028625925078202486
20.38344359,0.016617074845502403
20.39248347,0.006622415503166247
20.39250708,0.024277103837644008
20.40040421,0.02571145189593347
20.40043879,0.004074158846417945
20.42213583,0.014953841458762494
20.4222095,0.028458075837338826
20.42226076,0.0157778286411841
20.42229438,0.005920500495918211
20.43098235,0.02333104448004883
20.43103194,0.024460212100404364
20.43106127,0.003616388189517052
20.44597268,0.014953841458762494
20.44600034,0.028595407034409093
20.4460237,0.016662851911192492
20.4532125,0.006622415503166247
20.45323801,0.024322880903334097
20.46722913,0.025803006027313648
20.46726298,0.004150453955901427
20.48134327,0.014938582436865798
20.48139405,0.02844281681544213
20.48908472,0.015640497444113832
20.48916268,0.005676356145571069
20.49401999,0.023178454261081866
20.49406719,0.024444953078507668
20.50734472,0.0037384603646906235
20.50738263,0.015075913633936065
20.50741339,0.028717479209582664
20.50896978,0.01684596017395285
20.52605057,0.006759746700236515
20.52607846,0.024368657969024186
20.53959823,0.025772487983520255
20.53963017,0.004043640802624552
20.55114341,0.014816510261692225
20.55120921,0.028458075837338826
20.55126119,0.015548943312733654
20.55130172,0.005737392233157855
20.56598449,0.023132677195391776
20.56603312,0.024414435034714275
20.5660634,0.00375371938658732
20.57594585,0.015045395590142672
20.5759728,0.028747997253376057
20.58310318,0.01680018310826276
20.60695243,0.006759746700236515
20.60697818,0.024551766231784542
20.61654377,0.025909819180590526
20.61662316,0.004211490043488212
20.61668253,0.014984359502555887
20.61674833,0.028503852903028915
20.6297276,0.01565575646601053
20.62977791,0.005706874189364461
20.64022446,0.022980086976424813
20.64026594,0.024338139925230793
20.64761806,0.0036774242771038376
20.64770746,0.015075913633936065
20.64778399,0.02873273823147936
20.64785147,0.01675440604257267
20.6609447,0.0067750057221332115
20.66097927,0.024490730144197757
20.69307804,0.02594033722438392
20.69313931,0.004318303196765088
20.6931746,0.015197985809109636
20.69321394,0.028625925078202486
20.69325304,0.01589990081635767
20.69328594,0.006042572671091783
20.69598746,0.023422598611429007
20.69604325,0.024673838406958113
20.70395136,0.0038452735179674985
20.70398641,0.01496910048065919
20.70401096,0.028641184100099183
20.71095777,0.016601815823605707
20.73399949,0.006744487678339819
20.73403287,0.02435339894712749
20.73406196,0.025818265049210344
20.73408508,0.004150453955901427
20.7409656,0.015152208743419547
20.74100399,0.0285648889906157
20.75712442,0.015808346684977492
20.75717998,0.005951018539711604
20.75722647,0.02337682154573892
20.75725842,0.02442969405661097
20.75728488,0.0036316472114137485
20.77197051,0.014847028305485618
20.77199769,0.028595407034409093
20.78630686,0.016556038757915618
20.79898477,0.006713969634546426
20.79901242,0.024460212100404364
20.80097103,0.025879301136797133
20.8009975,0.004165712977798123
20.80909681,0.01513694972152285
20.80917501,0.028534370946822308
20.81847811,0.01565575646601053
20.81857538,0.005813687342641337
20.8297255,0.023193713282978562
20.82978439,0.02442969405661097
20.82982516,0.003692683299000534
20.8530252,0.014938582436865798
20.85305142,0.02868696116578927
20.85307431,0.01658655680170901
20.85897493,0.006637674525062943
20.85900259,0.024322880903334097
20.86296272,0.02571145189593347
20.86298847,0.004165712977798123
20.87743831,0.014999618524452583
20.87754679,0.028534370946822308
20.88309026,0.015838864728770885
20.88315487,0.00605783169298848
20.90717196,0.023422598611429007
20.90725327,0.024704356450751506
20.91210365,0.0037384603646906235
20.91216779,0.015075913633936065
20.91222119,0.02868696116578927
20.91227007,0.016556038757915618
20.92672324,0.006713969634546426
20.92675257,0.024338139925230793
20.92677784,0.02566567483024338
20.92679787,0.0039673456931410694
20.94105339,0.014694438086518654
20.94110537,0.02832074464026856
20.95447993,0.015335317006179903
20.95457625,0.005569542992294194
20.9680059,0.022964827954528116
20.96806264,0.024322880903334097
20.9774282,0.003692683299000534
20.97754288,0.01470969710841535
20.97761512,0.028625925078202486
20.97768235,0.016525520714122225
20.9862833,0.006729228656443122
20.98632479,0.02442969405661097
20.99958992,0.02589456015869383
20.99962974,0.0042267490653849086
21.0083468,0.01530479896238651
21.00843668,0.029190508888380255
21.03283048,0.010391393911650263
21.03289914,0.006301976043335622
21.03294182,0.023605706874189364
21.03298163,0.024719615472648202
21.03301382,0.00375371938658732
21.03922296,0.014572365911345083
21.0392468,0.028473334859235522
21.04635692,0.0162050812542916
21.05301261,0.006546120393682765
21.05303812,0.024170290684367133
21.06609607,0.025772487983520255
21.0661304,0.0041809719996948195
21.07955527,0.015381094071869994
21.07966518,0.029236285954070344
21.09330249,0.010482948043030441
21.0934,0.006363012130922408
21.09347081,0.023682001983672846
21.09353733,0.024826428625925077
21.10838866,0.003860532539864195
21.10846186,0.014679179064621958
21.10852027,0.028458075837338826
21.11000896,0.016266117341878387
21.12301493,0.00665293354695964
21.12304115,0.0243076218814374
21.13699245,0.025818265049210344
21.13701749,0.004104676890211338
21.15143347,0.015259021896696421
21.1515255,0.02912947280079347
21.15158558,0.010284580758373388
21.15164232,0.006164644846265354
21.16610098,0.023437857633325704
21.16617179,0.02442969405661097
21.16620874,0.0036774242771038376
21.17099977,0.014450293736171512
21.17103839,0.02844281681544213
21.1791327,0.016357671473258565
21.19400764,0.006713969634546426
21.19403172,0.02447547112230106
21.21736026,0.02597085526817731
21.21745515,0.004242008087281605
21.2265451,0.015411612115663387
21.22665477,0.029236285954070344
21.22671628,0.010299839780270085
21.22677064,0.006103608758678569
21.23202443,0.023300526436255437
21.23210478,0.024109254596780347
21.23214293,0.00354009308003357
21.24097276,0.014175631342030976
21.2410078,0.028336003662165255
21.24103999,0.01617456321049821
21.28599882,0.006683451590753032
21.2860291,0.024460212100404364
21.2860527,0.0260166323338674
21.28608036,0.004440375371938659
21.28610349,0.015640497444113832
21.28612614,0.0294193942168307
21.29206967,0.010650797283894103
21.29211974,0.006301976043335622
21.30095673,0.023514152742809186
21.30099082,0.024109254596780347
21.30101061,0.003616388189517052
21.30696654,0.014312962539101243
21.30699015,0.028381780727855344
21.30701923,0.01641870756084535
21.32201815,0.006790264744029908
21.32204723,0.02459754329747463
21.33596063,0.026092927443350882
21.33598113,0.004333562218661784
21.35954642,0.015472648203250172
21.35965443,0.029358358129243915
21.36102724,0.01062027924010071
21.36106539,0.00643930724040589
21.36109924,0.023804074158846417
21.36113191,0.024963759822995348
21.3690629,0.0038452735179674985
21.36913657,0.015228503852903029
21.36918068,0.028641184100099183
21.38306546,0.01651026169222553
21.38311148,0.006683451590753032
21.38315105,0.02426184481574731
21.40809178,0.025574120698863202
21.40816164,0.003982604715037766
21.40820551,0.015167467765316243
21.40825534,0.02851911192492561
21.41816783,0.015762569619287403
21.41824961,0.005905241474021515
21.42744112,0.023422598611429007
21.42756677,0.024292362859540704
21.42762899,0.0035706111238269626
21.44495344,0.014465552758068208
21.44499063,0.028366521705958648
21.44501352,0.016159304188601512
21.46597576,0.006591897459372854
21.46600103,0.02423132677195392
21.46602368,0.025696192874036773
21.46604204,0.00413519493400473
21.4759984,0.015320057984283207
21.47603583,0.02929732204165713
21.48413754,0.010589761196307317
21.4842484,0.00648508430609598
21.49344039,0.0238803692683299
21.49355078,0.02504005493247883
21.50699925,0.003997863736934462
21.50706148,0.015045395590142672
21.50709772,0.028641184100099183
21.51198101,0.016479743648432136
21.53695536,0.00665293354695964
21.53698063,0.024322880903334097
21.53700304,0.025696192874036773
21.53702116,0.004089417868314641
21.5389576,0.015274280918593118
21.53899384,0.029144731822690166
21.56331038,0.010299839780270085
21.56345224,0.006286717021438926
21.5635581,0.023514152742809186
21.56365371,0.02447547112230106
21.58324337,0.003616388189517052
21.5832994,0.014496070801861601
21.5833416,0.02844281681544213
21.58338118,0.01634241245136187
21.59793639,0.006744487678339819
21.59796095,0.024460212100404364
21.5979836,0.025909819180590526
21.59800172,0.004287785152971695
21.60801721,0.015503166247043565
21.60808253,0.02925154497596704
21.62245202,0.010315098802166781
21.62256837,0.006149385824368658
21.6282115,0.02340733958953231
21.62833643,0.024170290684367133
21.6283977,0.003585870145723659
21.65199518,0.014221408407721065
21.65202165,0.02835126268406195
21.65204406,0.016159304188601512
21.66895962,0.00665293354695964
21.66898513,0.024368657969024186
21.66900754,0.025955596246280615
21.66902614,0.004333562218661784
21.69332147,0.015640497444113832
21.69343019,0.029449912260624093
21.69348955,0.010681315327687495
21.69354582,0.0063935301747158006
21.6936121,0.023697261005569542
21.69367743,0.024536507209887846
21.70808768,0.003692683299000534
21.70817566,0.014435034714274816
21.70824051,0.02844281681544213
21.70830512,0.016327153429465172
21.72302389,0.006713969634546426
21.72304845,0.024414435034714275
21.73692989,0.025909819180590526
21.73695159,0.004196231021591516
21.74605989,0.01539635309376669
21.74611211,0.02929732204165713
21.75120997,0.010406652933546959
21.75128198,0.006149385824368658
21.75952649,0.023422598611429007
21.75963616,0.024216067750057222
21.7745688,0.00354009308003357
21.77465034,0.014221408407721065
21.77470255,0.02835126268406195
21.77475572,0.01625085831998169
21.79985619,0.006744487678339819
21.79988885,0.024490730144197757
21.79991269,0.02606240939955749
21.799932,0.004409857328145266
21.80906224,0.01556420233463035
21.80912852,0.029327840085450523
21.81831002,0.010315098802166781
21.81839061,0.006027313649195087
21.82929182,0.02337682154573892
21.82940245,0.023956664377813384
21.82946181,0.003509575036240177
21.84297752,0.013977264057373923
21.84301353,0.028290226596475166
21.85749364,0.016281376363775083
21.86204243,0.006805523765926604
21.862077,0.024505989166094453
21.87598443,0.026169222552834364
21.87601852,0.004379339284351873
21.87606406,0.01565575646601053
21.8760922,0.02946517128252079
21.88639522,0.010543984130617228
21.88649225,0.0062256809338521405
21.894274,0.023422598611429007
21.89434648,0.024109254596780347
21.91836166,0.003585870145723659
21.91847444,0.014175631342030976
21.91854644,0.028336003662165255
21.92714286,0.016083009079118027
21.94094181,0.006637674525062943
21.94097042,0.024322880903334097
21.94099426,0.025955596246280615
21.9410131,0.004303044174868391
21.95449686,0.015625238422217136
21.95460534,0.029556725413900968
21.97312212,0.010925459678034637
21.97318363,0.006622415503166247
21.97322607,0.02401770046540017
21.97326565,0.02499427786678874
21.98623872,0.00392156862745098
21.98632836,0.014526588845654994
21.98640227,0.02839703974975204
21.98646879,0.016006713969634545
21.99897337,0.0063935301747158006
21.99900627,0.024048218509193562
22.00799584,0.0255893797207599
22.00802159,0.004211490043488212
22.008044,0.01560997940032044
22.00806665,0.0294193942168307
22.00808477,0.01078812848096437
22.02601576,0.006607156481269551
22.02604008,0.023941405355916687
22.0290122,0.024826428625925077
22.02903247,0.0037384603646906235
22.0532918,0.014190890363927672
22.05340052,0.028259708552681773
22.05349422,0.01573205157549401
22.05355048,0.006378271152819104
22.05361772,0.023895628290226595
22.06343079,0.0255893797207599
22.06352735,0.004119935912108034
22.07699656,0.015579461356527047
22.07705379,0.02951094834821088
22.08629656,0.01104753185320821
22.08639574,0.0067750057221332115
22.10904789,0.024292362859540704
22.10911727,0.025528343633173113
22.1091466,0.0039673456931410694
22.11297917,0.01487754634927901
22.11301255,0.028473334859235522
22.11304355,0.015915159838254367
22.12396693,0.0061799038681620505
22.12399268,0.023590447852292667
22.12905145,0.02499427786678874
22.12908912,0.0038452735179674985
22.14294362,0.01496910048065919
22.14297652,0.028580148012512397
22.15246415,0.016357671473258565
22.15256691,0.006424048218509193
22.17604208,0.02406347753109026
22.17610121,0.025391012436102846
22.17612982,0.003906309605554284
22.17615676,0.014847028305485618
22.17621851,0.02848859388113222
22.1762507,0.0162050812542916
22.18647742,0.006424048218509193
22.1865015,0.023987182421606777
22.19909787,0.025391012436102846
22.19914412,0.0039673456931410694
22.20860004,0.015197985809109636
22.2086513,0.028625925078202486
22.23214269,0.0162050812542916
22.2322042,0.0061799038681620505
22.23224688,0.02362096589608606
22.23228669,0.02468909742885481
22.23231936,0.003692683299000534
22.24696159,0.01454184786755169
22.24698639,0.02844281681544213
22.24700904,0.01625085831998169
22.25093985,0.006515602349889372
22.25096321,0.024109254596780347
22.26323271,0.025558861676966506
22.26338172,0.0040588998245212485
22.27766728,0.01518272678721294
22.27773643,0.028625925078202486
22.29150391,0.016144045166704816
22.29160213,0.0062256809338521405
22.31853318,0.023636224917982757
22.31865716,0.024872205691615166
22.31871843,0.003723201342793927
22.31877518,0.014724956130312047
22.31884193,0.028473334859235522
22.32717371,0.016327153429465172
22.32723713,0.006530861371786069
22.32728052,0.024078736552986955
22.34096408,0.025528343633173113
22.34098887,0.003982604715037766
22.34101152,0.015060654612039369
22.34103823,0.028534370946822308
22.36903405,0.016113527122911423
22.36916685,0.006164644846265354
22.36921024,0.02362096589608606
22.36925054,0.02485694666971847
22.38105297,0.0038452735179674985
22.3811121,0.014801251239795529
22.38116097,0.02851911192492561
22.38120914,0.016357671473258565
22.38603354,0.00648508430609598
22.38607192,0.023987182421606777
22.3990612,0.025406271457999542
22.39912343,0.0039673456931410694
22.40884352,0.015030136568245976
22.40891171,0.028580148012512397
22.42244029,0.016235599298084994
22.42253613,0.006286717021438926
22.43604469,0.02371252002746624
22.43611217,0.02511635004196231
22.43614244,0.003906309605554284
22.44198084,0.01487754634927901
22.44201708,0.02848859388113222
22.44204807,0.016311894407568476
22.4669435,0.006424048218509193
22.46697354,0.02392614633401999
22.46699572,0.025299458304722668
22.46701407,0.003906309605554284
22.47695374,0.014740215152208743
22.47698545,0.028412298771648737
22.5010612,0.016083009079118027
22.50111485,0.00627145799954223
22.50115991,0.023773556115053024
22.50119233,0.025238422217135882
22.50295687,0.0038452735179674985
22.50298738,0.014984359502555887
22.5030241,0.028580148012512397
22.51196575,0.016388189517051958
22.52095962,0.0063935301747158006
22.52099299,0.02401770046540017
22.53404427,0.025513084611276417
22.53409624,0.003906309605554284
22.5609591,0.015060654612039369
22.56102061,0.028503852903028915
22.5610652,0.01606775005722133
22.56109333,0.005951018539711604
22.56343913,0.023422598611429007
22.5635488,0.024490730144197757
22.56360912,0.0035706111238269626
22.57296467,0.014251926451514458
22.57299662,0.02832074464026856
22.57794356,0.016327153429465172
22.58896661,0.006500343327992676
22.58899236,0.02409399557488365
22.61602259,0.025696192874036773
22.61606884,0.004028381780727856
22.61610651,0.015152208743419547
22.61614919,0.0285648889906157
22.61619449,0.016159304188601512
22.621979,0.006027313649195087
22.62200832,0.023422598611429007
22.6359632,0.02485694666971847
22.63598251,0.003692683299000534
22.64426398,0.01496910048065919
22.64433217,0.02851911192492561
22.64611483,0.0166323338673991
22.66897511,0.00643930724040589
22.66901255,0.024078736552986955
22.67843604,0.025482566567483024
22.67851615,0.003906309605554284
22.67857528,0.014557106889448387
22.67864203,0.028290226596475166
22.70202827,0.01606775005722133
22.7021091,0.006256198977645533
22.71108723,0.023849851224536506
22.7111752,0.02554360265506981
22.71121955,0.003906309605554284
22.71126127,0.015167467765316243
22.71130991,0.028580148012512397
22.71726155,0.016433966582742047
22.72594547,0.006317235065232319
22.7259717,0.02374303807125963
22.73748183,0.025268940260929275
22.73753905,0.0037842374303807126
22.75111675,0.01458762493324178
22.75122356,0.02832074464026856
22.76015353,0.01602197299153124
22.76020217,0.005981536583504998
22.76024437,0.023559929808499275
22.76028371,0.025268940260929275
22.76031566,0.0038910505836575876
22.77470613,0.014908064393072405
22.77473426,0.028503852903028915
22.77601194,0.01641870756084535
22.78951097,0.0063477531090257115
22.78953648,0.023956664377813384
22.80921507,0.02554360265506981
22.80927229,0.0040131227588311585
22.81206894,0.014816510261692225
22.81213522,0.02839703974975204
22.82201958,0.01606775005722133
22.82207179,0.005981536583504998
22.82990909,0.023483634699015793
22.82994747,0.0251621271076524
22.83701563,0.0038757915617608912
22.8370533,0.015075913633936065
22.83708334,0.028625925078202486
22.84336686,0.016739147020675974
22.86799955,0.006424048218509193
22.86802435,0.024078736552986955
22.86804676,0.0255893797207599
22.86806512,0.0040131227588311585
22.87095785,0.01441977569237812
22.87098789,0.02827496757457847
22.88421679,0.015762569619287403
22.88431549,0.005859464408331426
22.90151405,0.02333104448004883
22.90155935,0.02504005493247883
22.91205144,0.0038300144960708017
22.91211724,0.015091172655832761
22.91216993,0.02873273823147936
22.91222119,0.016906996261539634
22.93029141,0.006500343327992676
22.93031669,0.02409399557488365
22.94332981,0.025726710917830166
22.94335103,0.0039673456931410694
22.94336987,0.014373998626688029
22.9433918,0.028244449530785077
22.95297861,0.01568627450980392
22.9530139,0.00563057907988098
22.96302485,0.023224231326771955
22.96307302,0.024963759822995348
22.97628284,0.0038300144960708017
22.97637296,0.014862287327382314
22.97644472,0.028641184100099183
23.00191283,0.01692225528343633
23.00196648,0.006500343327992676
23.00200295,0.024216067750057222
23.02507257,0.02594033722438392
23.02513433,0.004119935912108034
23.02517152,0.014892805371175709
23.02521372,0.02848859388113222
23.03096747,0.01629663538567178
23.03100634,0.006042572671091783
23.03103828,0.023559929808499275
23.03107023,0.025238422217135882
23.03900766,0.0038147554741741053
23.03905916,0.01470969710841535
23.03909922,0.02844281681544213
23.06340408,0.01641870756084535
23.06342602,0.005905241474021515
23.06344914,0.023483634699015793
23.06791329,0.02532997634851606
23.0679388,0.003936827649347677
23.0740447,0.014724956130312047
23.0741086,0.028473334859235522
23.08807898,0.016433966582742047
23.08815575,0.0061341268024719614
23.09301639,0.023651483939879453
23.09307933,0.025406271457999542
23.11806679,0.003906309605554284
23.11817861,0.014816510261692225
23.11823654,0.02848859388113222
23.1182704,0.016647592889295796
23.1182971,0.0062256809338521405
23.11832952,0.023849851224536506
23.13484168,0.025680933852140077
23.13486338,0.003952086671244373
23.13927174,0.014648661020828565
23.13931513,0.028336003662165255
23.15306592,0.016159304188601512
23.15314007,0.005874723430228122
23.16696906,0.023422598611429007
23.16700935,0.025192645151445793
23.18140221,0.0039673456931410694
23.18151641,0.01475547417410544
23.1815877,0.0285648889906157
23.18165565,0.016769665064469367
23.18599343,0.0062256809338521405
23.18604946,0.023865110246433202
23.19934034,0.025696192874036773
23.1993866,0.004028381780727856
23.20921445,0.014618142977035172
23.20929813,0.028458075837338826
23.22306657,0.016433966582742047
23.22313476,0.006027313649195087
23.23712373,0.023468375677119097
23.2372179,0.025345235370412757
23.23727894,0.00392156862745098
23.25293875,0.01458762493324178
23.2529645,0.02839703974975204
23.25298715,0.0166323338673991
23.25300622,0.006240939955748837
23.25302839,0.023651483939879453
23.26644897,0.025513084611276417
23.26650763,0.0039673456931410694
23.27421689,0.014435034714274816
23.27430987,0.028336003662165255
23.29803753,0.016357671473258565
23.29810214,0.006027313649195087
23.29813719,0.02349889372091249
23.29817009,0.025436789501792935
23.29819703,0.00392156862745098
23.31330562,0.014618142977035172
23.31341696,0.028381780727855344
23.31527185,0.016662851911192492
23.31897187,0.006103608758678569
23.31901908,0.023727779049362935
23.33296776,0.0255893797207599
23.3329885,0.0038757915617608912
23.3475306,0.014221408407721065
23.3476398,0.028168154421301595
23.36229014,0.01612878614480812
23.3623507,0.005828946364538033
23.36239433,0.023346303501945526
23.36243558,0.025146868085755704
23.38604379,0.003692683299000534
23.38612628,0.014373998626688029
23.38618016,0.028412298771648737
23.38623047,0.016784924086366063
23.38800335,0.006027313649195087
23.38806939,0.023727779049362935
23.40238118,0.02571145189593347
23.40245795,0.003997863736934462
23.42006087,0.014496070801861601
23.42015123,0.028412298771648737
23.42020488,0.016433966582742047
23.42025161,0.005920500495918211
23.42902994,0.023422598611429007
23.42910242,0.02532997634851606
23.42913914,0.003860532539864195
23.44444895,0.014312962539101243
23.44448209,0.028366521705958648
23.44450521,0.016769665064469367
23.4530859,0.0061341268024719614
23.45310926,0.023697261005569542
23.47720861,0.025772487983520255
23.47726631,0.0041809719996948195
23.4773109,0.014358739604791332
23.47736025,0.028412298771648737
23.48702526,0.016647592889295796
23.48714805,0.006042572671091783
23.49716282,0.023483634699015793
23.49722791,0.025650415808346684
23.49726486,0.004043640802624552
23.50792956,0.014816510261692225
23.50795627,0.028580148012512397
23.51096964,0.01715114061188678
23.52897334,0.0062256809338521405
23.52900147,0.023819333180743113
23.53821182,0.02575722896162356
23.53827,0.003982604715037766
23.54404068,0.013916227969787138
23.54410315,0.028091859311818113
23.55202818,0.016083009079118027
23.55207825,0.005661097123674372
23.56731963,0.02320897230487526
23.56739664,0.025436789501792935
23.56745458,0.004119935912108034
23.56749511,0.014862287327382314
23.56754279,0.028702220187685968
23.58250046,0.01739528496223392
23.59898901,0.006363012130922408
23.59901524,0.02397192339971008
23.60112977,0.02594033722438392
23.60118747,0.004104676890211338
23.60849285,0.013824673838406958
23.60860205,0.028168154421301595
23.62206268,0.016037232013427938
23.62212276,0.005554283970397498
23.62799025,0.023102159151598384
23.62805343,0.025238422217135882
23.6280911,0.004028381780727856
23.65193915,0.014450293736171512
23.65196395,0.028580148012512397
23.6519866,0.017334248874647136
23.6520052,0.0063477531090257115
23.65202737,0.023987182421606777
23.66602898,0.026169222552834364
23.66608334,0.004455634393835355
23.67400098,0.014404516670481423
23.67404532,0.02851911192492561
23.68344665,0.016693369954985885
23.68354511,0.005874723430228122
23.69702506,0.023315785458152133
23.69710016,0.02545204852368963
23.72101593,0.004028381780727856
23.72107887,0.01454184786755169
23.72112489,0.02851911192492561
23.72298479,0.017257953765163654
23.72301221,0.006118867780575265
23.72304392,0.023727779049362935
23.73336673,0.025772487983520255
23.73342466,0.003952086671244373
23.74219036,0.013794155794613565
23.74232149,0.027954528114747846
23.75601697,0.015976195925841152
23.7560811,0.0054169527733272296
23.75613117,0.022842755779354542
23.7689774,0.024933241779201955
23.76900029,0.003799496452277409
23.7835474,0.01411459525444419
23.78357458,0.028366521705958648
23.78359699,0.017120622568093387
23.80847621,0.005874723430228122
23.80858445,0.023727779049362935
23.80865479,0.02606240939955749
23.80870962,0.004242008087281605
23.81721687,0.01416037232013428
23.81729198,0.02832074464026856
23.82298279,0.01667811093308919
23.82305312,0.005691615167467765
23.83719444,0.023315785458152133
23.83729458,0.025696192874036773
23.83735633,0.004196231021591516
23.85109401,0.014679179064621958
23.85112047,0.028625925078202486
23.85114479,0.017578393224994278
23.86830878,0.006256198977645533
23.86833906,0.023849851224536506
23.86836147,0.026077668421454186
23.86837959,0.0042725261310749985
23.87620568,0.01385519188220035
23.87627172,0.02822919050888838
23.88510633,0.016357671473258565
23.88518405,0.005493247882810712
23.90830588,0.022919050888838024
23.90841556,0.02532997634851606
23.90847802,0.004028381780727856
23.9085331,0.014190890363927672
23.90859723,0.028503852903028915
23.90866208,0.01739528496223392
23.92395282,0.006118867780575265
23.92397904,0.023804074158846417
23.92593122,0.02627603570611124
23.92595172,0.004364080262455177
23.93902373,0.014175631342030976
23.93909001,0.028198672465094988
23.95306206,0.016495002670328832
23.95312977,0.005447470817120622
23.9773016,0.022751201647974364
23.97743011,0.02494850080109865
23.97749043,0.0038910505836575876
23.97754693,0.01373311970702678
23.97761273,0.028244449530785077
23.97767711,0.017181658655680172
23.98698044,0.006149385824368658
23.98701501,0.023773556115053024
24.00114179,0.02630655374990463
24.0012002,0.004379339284351873
24.00626779,0.014251926451514458
24.00633454,0.02827496757457847
24.03208637,0.01667811093308919
24.0321579,0.005493247882810712
24.03220963,0.022735942626077667
24.0322578,0.024795910582131684
24.03909636,0.0035706111238269626
24.03916144,0.013321126115815976
24.03921509,0.02784771496147097
24.04602242,0.01680018310826276
24.05393934,0.005889982452124819
24.05396199,0.023422598611429007
24.06803799,0.026031891355764097
24.06809568,0.0042725261310749985
24.08246636,0.014221408407721065
24.08257842,0.02832074464026856
24.09600234,0.016983291371023116
24.09605336,0.005218585488670176
24.09797096,0.02294956893263142
24.09803367,0.025223163195239186
24.11203718,0.0038757915617608912
24.11212635,0.013672083619439994
24.11216497,0.028091859311818113
24.12100601,0.017212176699473565
24.13094473,0.005951018539711604
24.13098454,0.023605706874189364
24.13937163,0.02630655374990463
24.13939214,0.004425116350041962
24.15194988,0.014175631342030976
24.15199184,0.028381780727855344
24.1661346,0.016983291371023116
24.16621709,0.00563057907988098
24.16628981,0.022903791866941327
24.16635633,0.025345235370412757
24.16641045,0.00392156862745098
24.17893291,0.01368734264133669
24.1789701,0.02827496757457847
24.17899394,0.017456321049820707
24.19092822,0.006103608758678569
24.19095397,0.023590447852292667
24.21805954,0.026367589837491417
24.2181108,0.004364080262455177
24.21813917,0.01432822156099794
24.2181716,0.028534370946822308
24.21820331,0.017502098115510796
24.21822929,0.005859464408331426
24.22798681,0.02323949034866865
24.22803664,0.025574120698863202
24.22806859,0.0040131227588311585
24.24231124,0.013473716334782941
24.24241924,0.028122377355611506
24.24248958,0.017334248874647136
24.2569468,0.005981536583504998
24.2569747,0.023529411764705882
24.27121973,0.02630655374990463
24.27127767,0.004409857328145266
24.28407788,0.01394674601358053
24.28414655,0.02827496757457847
24.28601837,0.01710536354619669
24.28606772,0.00563057907988098
24.31076384,0.022919050888838024
24.31095195,0.025513084611276417
24.31106019,0.004150453955901427
24.31111741,0.013748378728923476
24.31115174,0.028259708552681773
24.31118321,0.017593652246890974
24.33777595,0.0060120546272983905
24.33780074,0.023605706874189364
24.33782411,0.026367589837491417
24.3378427,0.004486152437628748
24.34600639,0.01390096894789044
24.3460772,0.028244449530785077
24.35196447,0.017303730830853743
24.35199857,0.00563057907988098
24.36632276,0.023102159151598384
24.36641741,0.025772487983520255
24.36647701,0.004242008087281605
24.37449908,0.013763637750820172
24.3745327,0.02827496757457847
24.37654209,0.017639429312581063
24.39938092,0.005951018539711604
24.39940715,0.023422598611429007
24.40861726,0.026337071793698024
24.40871501,0.004486152437628748
24.41301036,0.014038300144960708
24.41306567,0.02839703974975204
24.42197061,0.017624170290684367
24.42200422,0.0057984283207446405
24.43101168,0.023193713282978562
24.43108511,0.02578774700541695
24.43113065,0.004089417868314641
24.44302034,0.01351949340047303
24.44304514,0.02801556420233463
24.4569571,0.017456321049820707
24.45697832,0.005706874189364461
24.45700073,0.023422598611429007
24.48111176,0.026367589837491417
24.48117352,0.004409857328145266
24.48902035,0.013885709925993743
24.48909044,0.028122377355611506
24.48913336,0.017242694743266958
24.48916626,0.005569542992294194
24.49839544,0.02285801480125124
24.4984684,0.025604638742656595
24.49851441,0.004119935912108034
24.51209664,0.013870450904097047
24.51217985,0.028198672465094988
24.51702332,0.017807278553444723
24.53337216,0.005691615167467765
24.5333972,0.023422598611429007
24.53342056,0.026092927443350882
24.53343868,0.004089417868314641
24.54802227,0.013107499809262227
24.5480783,0.027969787136644542
24.54811168,0.016556038757915618
24.54813838,0.005279621576256962
24.56918788,0.02252231631952392
24.56922865,0.02554360265506981
24.58701491,0.004287785152971695
24.58710384,0.013763637750820172
24.58713555,0.02844281681544213
24.58716393,0.018142977035172047
24.59397864,0.005706874189364461
24.59400606,0.02349889372091249
24.60337949,0.02664225223163195
24.60347652,0.004684519722285801
24.60506606,0.013931486991683834
24.6051147,0.02832074464026856
24.61822939,0.01770046540016785
24.61828971,0.005783169298847944
24.63212848,0.02307164110780499
24.63219666,0.026199740596627757
24.6322403,0.004486152437628748
24.64594746,0.013885709925993743
24.64597011,0.028366521705958648
24.64599228,0.018005645838101776
24.65895367,0.005935759517814908
24.6589787,0.023422598611429007
24.661062,0.026550698100251773
24.6611197,0.004760814831769284
24.67444372,0.01368734264133669
24.6745522,0.028458075837338826
24.68807745,0.01817349507896544
24.68813848,0.005905241474021515
24.69329333,0.023193713282978562
24.69336653,0.02630655374990463
24.71725345,0.004684519722285801
24.71732712,0.01394674601358053
24.71737981,0.02835126268406195
24.71743321,0.01824979018844892
24.71747065,0.005981536583504998
24.71750331,0.023315785458152133
24.73239303,0.02627603570611124
24.73241448,0.004409857328145266
24.74134469,0.013122758831158923
24.74143624,0.027725642786297397
24.75399041,0.016906996261539634
24.75402594,0.0051575494010833904
24.76830626,0.022186617837796598
24.76839924,0.02532997634851606
24.78201246,0.004119935912108034
24.78208637,0.013443198290989548
24.78213096,0.02775616083009079
24.78218865,0.0178988326848249
24.809057,0.005615320057984283
24.80908203,0.023041123064011598
24.81196809,0.026321812771801328
24.81200504,0.004440375371938659
24.8159368,0.013458457312886245
24.81596518,0.027786678873884182
24.81598854,0.01753261615930419
24.81600714,0.005294880598153659
24.83940315,0.022354467078660258
24.83956242,0.025513084611276417
24.83962369,0.0041809719996948195
24.85598993,0.012939650568398567
24.85601735,0.027527275501640344
24.85604024,0.01760891126878767
24.85605836,0.005539024948500801
24.85608053,0.02272068360418097
24.86619282,0.026077668421454186
24.86625004,0.004196231021591516
24.87905025,0.013504234378576334
24.87916613,0.027786678873884182
24.88596177,0.017914091706721598
24.88600063,0.005508506904707409
24.88604116,0.022369726100556955
24.90897918,0.025467307545586328
24.90900278,0.004196231021591516
24.91104102,0.012481879911497674
24.91107607,0.02725261310749981
24.91109943,0.01727321278706035
24.91894436,0.005462729839017319
24.91896725,0.022293430991073473
24.93614554,0.02583352407110704
24.93622661,0.00456244754711223
24.94149709,0.013290608072022583
24.94162273,0.027450980392156862
24.95488811,0.01777676050965133
24.95494437,0.0054169527733272296
24.95498776,0.022186617837796598
24.96796465,0.02561989776455329
24.96798491,0.004440375371938659
24.98194003,0.01309224078736553
24.98196292,0.027222095063706417
24.98198557,0.017837796597238116
24.98200369,0.005432211795223926
24.98202586,0.022186617837796598
24.99698091,0.025528343633173113
24.99701524,0.004470893415732051
25.01106477,0.012375066758220797
25.01112223,0.026825360494392308
25.03439212,0.01715114061188678
25.03444123,0.0052491035324635695
25.03618765,0.021728847180895704
25.03622007,0.025513084611276417
25.03623915,0.00473029678797589
25.03625941,0.013290608072022583
25.03628087,0.027222095063706417
25.04596281,0.018142977035172047
25.05645227,0.005493247882810712
25.0564754,0.02178988326848249
25.06398559,0.0251621271076524
25.06401658,0.00456244754711223
25.08803797,0.01185626001373312
25.08809972,0.026214999618524453
25.08813739,0.01696803234912642
25.0881803,0.005188067444876783
25.0961287,0.021393148699168384
25.09617829,0.025406271457999542
25.09620404,0.005065995269703212
25.10898542,0.01297016861219196
25.10900879,0.026901655603875793
25.11465049,0.01812771801327535
25.1271534,0.005554283970397498
25.12718177,0.02140840772106508
25.13915324,0.025024795910582133
25.1392107,0.004699778744182498
25.16341949,0.01168841077286946
25.16347933,0.025925078202487222
25.16351652,0.01675440604257267
25.1635468,0.005020218204013123
25.19516134,0.020737010757610436
25.1952219,0.02499427786678874
25.19524789,0.005065995269703212
25.19527149,0.012802319371328297
25.19529939,0.026596475165941862
25.19532704,0.01812771801327535
25.19534922,0.005386434729533837
25.19537616,0.021149004348821242
25.20662832,0.024612802319371328
25.20673108,0.004486152437628748
25.22004151,0.011154345006485085
25.22012377,0.025299458304722668
25.22835064,0.01612878614480812
25.22838354,0.004760814831769284
25.23228264,0.02029449912260624
25.23233891,0.024612802319371328
25.23237348,0.004913405050736248
25.24595642,0.012481879911497674
25.24601698,0.026489662012664988
25.24606848,0.01812771801327535
25.25296664,0.005508506904707409
25.25300074,0.02128633554589151
25.27723908,0.02520790417334249
25.27730536,0.005188067444876783
25.27734184,0.011963073167009996
25.2773819,0.02606240939955749
25.28715992,0.017471580071717403
25.28720665,0.0052491035324635695
25.29643416,0.021011673151750974
25.29648662,0.02520790417334249
25.30928636,0.005401693751430533
25.30937576,0.012527656977187763
25.3094492,0.0264438849469749
25.31110311,0.018112458991378654
25.33397365,0.005569542992294194
25.33400106,0.021103227283131153
25.3389976,0.02504005493247883
25.33904219,0.005142290379186694
25.34595847,0.011947814145113297
25.34598923,0.025955596246280615
25.35195255,0.01753261615930419
25.35198355,0.005325398641947051
25.3520112,0.020981155107957578
25.36917949,0.025299458304722668
25.36920881,0.005569542992294194
25.37359905,0.012619211108567941
25.37362266,0.026657511253528648
25.3780098,0.018524452582589456
25.39195728,0.005859464408331426
25.39199281,0.021606775005722133
25.40635347,0.026001373311970704
25.40643311,0.006149385824368658
25.41108251,0.012954909590295263
25.41117001,0.0272983901731899
25.41811299,0.019333180743114367
25.41816092,0.0063477531090257115
25.43108487,0.022278171969176776
25.43115211,0.02673380636301213
25.43913031,0.0063477531090257115
25.43921614,0.013397421225299458
25.43926883,0.027679865720607308
25.45295382,0.01948577096208133
25.47336435,0.006088349736781872
25.47339106,0.022278171969176776
25.47341633,0.026489662012664988
25.47343516,0.005752651255054551
25.49105287,0.012588693064774548
25.4911046,0.027100022888532846
25.49698234,0.018326085297932403
25.49700975,0.0054169527733272296
25.51109314,0.021637293049515526
25.51117468,0.02597085526817731
25.51121664,0.005294880598153659
25.5112443,0.012848096437018387
25.51127434,0.02732890821698329
25.52297354,0.018875410086213473
25.53296065,0.005554283970397498
25.53298688,0.022110322728313116
25.54829025,0.026153963530937668
25.54831958,0.004959182116426337
25.54834008,0.012527656977187763
25.54836297,0.027054245822842757
25.55533504,0.01803616388189517
25.55536985,0.005127031357289998
25.56308746,0.02162203402761883
25.56313014,0.025803006027313648
25.56315637,0.004699778744182498
25.57796264,0.012588693064774548
25.57798862,0.027191577019913024
25.57801151,0.0183413443198291
25.59196568,0.005188067444876783
25.5919919,0.022018768596932938
25.60633707,0.026169222552834364
25.60643411,0.004898146028839551
25.60649323,0.012573434042877852
25.60655832,0.02720683604180972
25.62107539,0.018204013122758832
25.62113547,0.005188067444876783
25.62707758,0.02178988326848249
25.62714553,0.02606240939955749
25.64143944,0.004760814831769284
25.64155388,0.012848096437018387
25.64162707,0.027405203326466773
25.65401435,0.018616006713969634
25.66299319,0.005279621576256962
25.66301894,0.022034027618829635
25.66933703,0.026031891355764097
25.66941667,0.004669260700389105
25.67098856,0.011978332188906692
25.67102265,0.026947432669565882
25.68564916,0.01770046540016785
25.68570662,0.004913405050736248
25.69818044,0.021515220874341955
25.69825387,0.02589456015869383
25.69829822,0.004806591897459373
25.71193242,0.01271076523994812
25.71195769,0.02758831158922713
25.71198034,0.018905928130006865
25.72596765,0.005493247882810712
25.72599173,0.022278171969176776
25.74895906,0.02652018005645838
25.74898362,0.004974441138323033
25.75094247,0.012420843823910887
25.75097299,0.027344167238879988
25.75292778,0.01821927214465553
25.75295305,0.005096513313496605
25.76735234,0.021667811093308918
25.7674439,0.026123445487144275
25.78103113,0.00477607385366598
25.78110504,0.012817578393224994
25.7811482,0.02758831158922713
25.78118873,0.019119554436560618
25.78803873,0.005386434729533837
25.78809381,0.022400244144350347
25.81302238,0.026672770275425344
25.81308341,0.005142290379186694
25.81311941,0.012619211108567941
25.81315899,0.02746623941405356
25.82799625,0.01858548867017624
25.82807755,0.005172808422980087
25.82813048,0.021896696421759364
25.84253836,0.026245517662317846
25.84256077,0.004791332875562677
25.84258056,0.012359807736324101
25.84260225,0.027405203326466773
25.84262419,0.018692301823453116
25.85758209,0.005264362554360266
25.85760522,0.022034027618829635
25.86246395,0.0264438849469749
25.86252117,0.004882887006942855
25.88495278,0.012481879911497674
25.88502073,0.02749675745784695
25.88506293,0.018768596932936598
25.88509607,0.005172808422980087
25.90043831,0.02197299153124285
25.9005475,0.026489662012664988
25.90060806,0.005020218204013123
25.90066504,0.012726024261844816
25.90073037,0.027679865720607308
25.91679573,0.019119554436560618
25.92086506,0.005294880598153659
25.92090297,0.022171358815899902
25.94334126,0.026504921034561684
25.94342279,0.004852368963149462
25.94989491,0.011963073167009996
25.94993114,0.02713054093232624
25.95394278,0.01803616388189517
25.95397687,0.004715037766079194
25.96330214,0.021377889677271687
25.96340418,0.02613870450904097
25.9634645,0.004837109941252766
25.97696853,0.012603952086671245
25.97699332,0.027618829633020522
25.97701573,0.01936369878690776
25.98745918,0.005310139620050355
25.98748708,0.022293430991073473
26.00127339,0.026855878538185704
26.00137043,0.005172808422980087
26.01404405,0.01228351262684062
26.01413488,0.027344167238879988
26.01599908,0.01855497062638285
26.01603746,0.005004959182116427
26.02919865,0.02145418478675517
26.02926588,0.026169222552834364
26.04330206,0.0048218509193560695
26.04341793,0.01266498817425803
26.04348993,0.027618829633020522
26.04502892,0.019333180743114367
26.07002592,0.005264362554360266
26.07005191,0.022064545662623027
26.07007432,0.026550698100251773
26.07009387,0.004837109941252766
26.07740307,0.011779964904249637
26.07765412,0.026977950713359275
26.08744979,0.017914091706721598
26.08748579,0.004638742656595712
26.08751678,0.021164263370717938
26.09598708,0.02606240939955749
26.09601521,0.004837109941252766
26.11907411,0.012390325780117494
26.11914325,0.027603570611123826
26.1210196,0.019424734874494545
26.12896991,0.005355916685740444
26.12900472,0.02221713588158999
26.1400156,0.026977950713359275
26.14003372,0.0052033264667734795
26.14244318,0.012481879911497674
26.14257312,0.027481498435950255
26.15167189,0.018982223239490347
26.15170836,0.005004959182116427
26.15173841,0.021728847180895704
26.16395307,0.026489662012664988
26.16397715,0.004974441138323033
26.18793654,0.012207217517357137
26.18796682,0.02737468528267338
26.18799114,0.019043259327077136
26.18801904,0.00494392309452964
26.18804193,0.02178988326848249
26.19829011,0.026703288319218737
26.19831109,0.005127031357289998
26.20740628,0.012512397955291066
26.20753098,0.027512016479743648
26.22119427,0.01924162661173419
26.22126055,0.005050736247806516
26.2442584,0.021774624246585793
26.24438334,0.026581216144045166
26.24444437,0.004928664072632944
26.25794625,0.01223773556115053
26.25797558,0.027359426260776684
26.25800371,0.019134813458457314
26.26737809,0.00494392309452964
26.26740479,0.0217441062027924
26.28381729,0.02656595712214847
26.28386593,0.005020218204013123
26.28389668,0.012024109254596781
26.28392673,0.02716105897611963
26.29198265,0.01892118715190356
26.29201794,0.004867627985046159
26.29204822,0.021484702830548562
26.29207635,0.026535439078355077
26.29211116,0.004974441138323033
26.3190949,0.01211566338597696
26.31916285,0.0272983901731899
26.31920576,0.019180590524147403
26.32197452,0.00494392309452964
26.32200813,0.02169832913710231
26.33095741,0.02673380636301213
26.33097625,0.005340657663843748
26.34341478,0.012161440451667048
26.34352612,0.027313649195086595
26.35417843,0.019211108567940796
26.35421729,0.004913405050736248
26.37624812,0.021515220874341955
26.37635875,0.026489662012664988
26.37642002,0.004898146028839551
26.37647533,0.011779964904249637
26.37654042,0.02713054093232624
26.3766048,0.01896696421759365
26.38750672,0.004791332875562677
26.38753963,0.021499961852445258
26.39643502,0.02673380636301213
26.3964932,0.005127031357289998
26.41038561,0.012100404364080263
26.41059232,0.027405203326466773
26.42198491,0.019256885633630885
26.42203403,0.00494392309452964
26.44748402,0.02140840772106508
26.4475534,0.026459143968871595
26.4475894,0.004928664072632944
26.44762278,0.011764705882352941
26.4476614,0.02713054093232624
26.44770026,0.019134813458457314
26.45597959,0.004852368963149462
26.45601821,0.021515220874341955
26.46462274,0.026749065384908826
26.46470141,0.005020218204013123
26.47811031,0.011932555123216601
26.47817945,0.027267872129396506
26.49228334,0.019287403677424278
26.49234414,0.004806591897459373
26.50626659,0.021377889677271687
26.50639081,0.026657511253528648
26.50645232,0.005096513313496605
26.50650835,0.01185626001373312
26.50657344,0.027267872129396506
26.50663733,0.01940947585259785
26.52096701,0.004882887006942855
26.52099538,0.021499961852445258
26.53396297,0.026749065384908826
26.53399229,0.0051575494010833904
26.55831838,0.011779964904249637
26.5583868,0.027176317998016328
26.55842829,0.019302662699320974
26.55846143,0.004837109941252766
26.56094193,0.021316853589684902
26.56100488,0.026703288319218737
26.56103659,0.005142290379186694
26.57891202,0.011902037079423208
26.57893562,0.0272983901731899
26.57895803,0.01953154802777142
26.58725286,0.004852368963149462
26.58728051,0.021499961852445258
26.60127187,0.026901655603875793
26.60136962,0.0052033264667734795
26.61603737,0.011932555123216601
26.61610842,0.02725261310749981
26.62804747,0.01948577096208133
26.62810659,0.00473029678797589
26.63419676,0.02128633554589151
26.63426471,0.026764324406805522
26.64324594,0.005142290379186694
26.64335895,0.011993591210803388
26.64343143,0.027283131151293202
26.64974642,0.019729915312428473
26.66294909,0.004791332875562677
26.66298246,0.02140840772106508
26.67724299,0.02673380636301213
26.67737365,0.00494392309452964
26.67743301,0.011276417181658656
26.67761993,0.026901655603875793
26.69402862,0.01892118715190356
26.69408894,0.004501411459525444
26.7084043,0.020904859998474096
26.70853138,0.02661173418783856
26.7085917,0.005188067444876783
26.70864773,0.01181048294804303
26.70871329,0.02737468528267338
26.71701884,0.019974059662775615
26.72795272,0.004852368963149462
26.72798014,0.021484702830548562
26.74395514,0.026977950713359275
26.7439816,0.005355916685740444
26.74699187,0.011505302510109103
26.74703121,0.027054245822842757
26.75400496,0.019333180743114367
26.75403857,0.004654001678492409
26.76325727,0.020965896086060882
26.76332283,0.026703288319218737
26.77244997,0.005127031357289998
26.7725656,0.01168841077286946
26.7726388,0.02725261310749981
26.77704144,0.01991302357518883
26.79097438,0.00473029678797589
26.79099798,0.021377889677271687
26.80531597,0.02716105897611963
26.80541229,0.005462729839017319
26.80947018,0.011902037079423208
26.80958295,0.027283131151293202
26.81804681,0.019897764553292133
26.81809735,0.004669260700389105
26.82708144,0.021042191195544367
26.82715654,0.02661173418783856
26.82720089,0.005065995269703212
26.8410852,0.011032272831311514
26.84111643,0.026764324406805522
26.85400367,0.01936369878690776
26.86302876,0.004669260700389105
26.86305356,0.021210040436408027
26.87206411,0.027100022888532846
26.87210631,0.005432211795223926
26.87728596,0.011902037079423208
26.87736416,0.0272983901731899
26.88598752,0.019897764553292133
26.88601494,0.004623483634699016
26.89409471,0.020904859998474096
26.89418006,0.026703288319218737
26.89423609,0.0052491035324635695
26.9180789,0.011566338597695888
26.91815805,0.027100022888532846
26.91821027,0.020035095750362403
26.91825318,0.004669260700389105
26.91830349,0.02136263065537499
26.93313599,0.02716105897611963
26.93315721,0.005447470817120622
26.93923926,0.011367971313038834
26.93931675,0.026947432669565882
26.95369887,0.01943999389639124
26.95373249,0.004470893415732051
26.97722912,0.02067597467002365
26.97732663,0.026672770275425344
26.97739601,0.005264362554360266
26.9774456,0.011627374685282674
26.9774797,0.027023727779049364
26.97751117,0.020019836728465707
26.98870993,0.004516670481422141
26.98874903,0.021149004348821242
27.00135565,0.02716105897611963
27.00141287,0.005569542992294194
27.01038337,0.011520561532005799
27.01045346,0.02713054093232624
27.01805973,0.020004577706569007
27.01809716,0.004592965590905623
27.03234911,0.020920119020370793
27.03244352,0.0268711375600824
27.03252125,0.005340657663843748
27.05595636,0.011200122072175174
27.0559876,0.02691691462577249
27.05601215,0.01982146944380865
27.07302356,0.004577706569008927
27.07304907,0.020950637064164186
27.07949376,0.02713054093232624
27.07958984,0.005523765926604105
27.09296203,0.011673151750972763
27.09299636,0.027115281910429542
27.09302115,0.02009613183794919
27.09304237,0.004577706569008927
27.11321735,0.02076752880140383
27.11335397,0.0268711375600824
27.11341476,0.005310139620050355
27.11347437,0.011306935225452048
27.1135323,0.02673380636301213
27.11357164,0.02021820401312276
27.11603761,0.0046082246128023195
27.11608553,0.021057450217441064
27.1289618,0.027267872129396506
27.12899327,0.005661097123674372
27.14312339,0.011352712291142137
27.14321542,0.02691691462577249
27.16613531,0.019851987487602044
27.16619802,0.0043945983062485695
27.16624975,0.020584420538643473
27.16629767,0.02691691462577249
27.1762023,0.005310139620050355
27.17631435,0.011032272831311514
27.17638636,0.026794842450598915
27.17645311,0.020065613794155796
27.19207788,0.004440375371938659
27.19214606,0.020798046845197222
27.19218898,0.027176317998016328
27.19222474,0.00563057907988098
27.21807432,0.01126115815976196
27.21815443,0.026932173647669186
27.21819711,0.020111390859845885
27.21823096,0.004440375371938659
27.22799921,0.020477607385366598
27.22806239,0.026886396581979097
27.22809982,0.005477988860914015
27.24227381,0.011078049897001603
27.24238491,0.0268711375600824
27.2424562,0.020202944991226063
27.25198627,0.004501411459525444
27.25202513,0.020691233691920347
27.2764256,0.02713054093232624
27.27652287,0.005645838101777676
27.28140044,0.011291676203555352
27.28151131,0.026825360494392308
27.28900695,0.020141908903639278
27.28905702,0.004409857328145266
27.29414535,0.020538643472953384
27.29419184,0.02708476386663615
27.30304074,0.005645838101777676
27.30310559,0.011032272831311514
27.30315924,0.02691691462577249
27.31108236,0.02029449912260624
27.33394647,0.004501411459525444
27.33397484,0.020691233691920347
27.33604145,0.027267872129396506
27.33610058,0.005676356145571069
27.35004592,0.011001754787518121
27.3501277,0.026901655603875793
27.35016918,0.02017242694743267
27.35020161,0.004425116350041962
27.35024095,0.020416571297779813
27.36193514,0.027100022888532846
27.36195827,0.005645838101777676
27.37595129,0.011093308918898299
27.37597656,0.026886396581979097
27.3814528,0.020660715648126955
27.40579128,0.004516670481422141
27.40581727,0.020798046845197222
27.40584016,0.02742046234836347
27.40585852,0.005889982452124819
27.40706134,0.011108567940794995
27.40709186,0.02681010147249561
27.42099071,0.020157167925535974
27.42102456,0.004303044174868391
27.42693663,0.02009613183794919
27.42696881,0.027008468757152668
27.44112301,0.00563057907988098
27.44118738,0.01126115815976196
27.45406842,0.027008468757152668
27.45415354,0.020874341954680704
27.46296191,0.004486152437628748
27.46298671,0.020706492713817044
27.47200823,0.027359426260776684
27.47205329,0.005828946364538033
27.47811341,0.011001754787518121
27.4781847,0.026749065384908826
27.48397183,0.02034027618829633
27.48401594,0.0042725261310749985
27.49795818,0.020355535210193027
27.49799633,0.02725261310749981
27.49802113,0.0057984283207446405
27.51204729,0.010940718699931334
27.51209474,0.026825360494392308
27.52610874,0.020569161516746776
27.52616954,0.00434882124055848
27.52621245,0.02029449912260624
27.53908134,0.027222095063706417
27.53912735,0.005859464408331426
27.55304408,0.01095597772182803
27.55311918,0.0268711375600824
27.55316281,0.020630197604333562
27.55319762,0.004364080262455177
27.56211233,0.02021820401312276
27.56214309,0.027222095063706417
27.58821988,0.005813687342641337
27.58830714,0.010864423590447852
27.58835125,0.026825360494392308
27.58839083,0.020660715648126955
27.59896374,0.004455634393835355
27.5989902,0.02026398107881285
27.60096216,0.027359426260776684
27.60098171,0.005920500495918211
27.60903978,0.010910200656137941
27.60910344,0.02677958342870222
27.61797452,0.02072175173571374
27.61801195,0.004333562218661784
27.62695789,0.02026398107881285
27.62699032,0.027405203326466773
27.62701368,0.0060120546272983905
27.65094662,0.010818646524757763
27.6509726,0.026764324406805522
27.65099549,0.020706492713817044
27.66630554,0.004165712977798123
27.66634226,0.020187685969329367
27.66636467,0.027435721370260166
27.66638303,0.006042572671091783
27.67602825,0.011108567940794995
27.67608166,0.02677958342870222
27.68653035,0.020828564888990615
27.68656564,0.004303044174868391
27.69795775,0.020111390859845885
27.69798994,0.027389944304570077
27.71241021,0.005996795605401694
27.71252584,0.010864423590447852
27.71259975,0.026825360494392308
27.71266794,0.02111848630502785
27.72096062,0.004333562218661784
27.72098708,0.020325017166399634
27.73523092,0.02742046234836347
27.73525405,0.006027313649195087
27.74104428,0.010543984130617228
27.74111986,0.026550698100251773
27.75405502,0.02034027618829633
27.7541151,0.004119935912108034
27.7780447,0.019729915312428473
27.77812481,0.027222095063706417
27.77815199,0.005935759517814908
27.77817631,0.010772869459067674
27.77820492,0.02677958342870222
27.77823257,0.021179522392614634
27.78812814,0.00434882124055848
27.78817105,0.020401312275883116
27.79696202,0.02766460669871061
27.79699183,0.0062256809338521405
27.80601144,0.010681315327687495
27.80605817,0.02661173418783856
27.82902312,0.020569161516746776
27.82908368,0.004089417868314641
27.83093977,0.019592584115358205
27.83097291,0.027145799954222935
27.83991218,0.005981536583504998
27.83995795,0.010650797283894103
27.84291816,0.026718547341115433
27.84296322,0.021316853589684902
27.85692763,0.00434882124055848
27.85695219,0.02034027618829633
27.86294699,0.027679865720607308
27.86297679,0.00627145799954223
27.88706708,0.010574502174410621
27.88713527,0.02656595712214847
27.88717794,0.02055390249485008
27.88721108,0.0040588998245212485
27.90231681,0.019302662699320974
27.90236115,0.02703898680094606
27.90238667,0.005905241474021515
27.90240979,0.010635538261997406
27.90243697,0.02677958342870222
27.90895796,0.021606775005722133
27.91896152,0.004440375371938659
27.91898775,0.02034027618829633
27.93412757,0.027649347676813915
27.93416071,0.0062256809338521405
27.94741797,0.010162508583199817
27.94754696,0.02627603570611124
27.97175145,0.02017242694743267
27.97184491,0.003906309605554284
27.97195148,0.018997482261387044
27.97202229,0.027100022888532846
27.98404074,0.006088349736781872
27.98410368,0.010742351415274281
27.98413944,0.02691691462577249
27.98417234,0.021881437399862667
27.99297905,0.004470893415732051
27.99302292,0.020355535210193027
28.0019412,0.027878233005264364
28.00196028,0.006363012130922408
28.01444221,0.010040436408026246
28.0145514,0.026260776684214542
28.0279808,0.020309758144502938
28.02804041,0.003997863736934462
28.03747559,0.019211108567940796
28.03759813,0.0272983901731899
28.03766036,0.006256198977645533
28.04209137,0.010605020218204014
28.04212308,0.026855878538185704
28.04215384,0.021774624246585793
28.05594873,0.004425116350041962
28.05597186,0.020019836728465707
28.06409764,0.027832455939574275
28.06416655,0.006469825284199283
28.08802223,0.010238803692683299
28.08809423,0.026489662012664988
28.08813691,0.020981155107957578
28.08817029,0.004089417868314641
28.09797502,0.019501029983978027
28.09803295,0.027435721370260166
28.09806752,0.006301976043335622
28.10393238,0.010406652933546959
28.10396171,0.026413366903181506
28.11394906,0.02169832913710231
28.12621403,0.004303044174868391
28.12624359,0.020035095750362403
28.12626624,0.027786678873884182
28.12628436,0.006500343327992676
28.15102005,0.010101472495613032
28.15107894,0.026337071793698024
28.15111327,0.020782787823300525
28.15114021,0.0040131227588311585
28.16099429,0.01910429541466392
28.16104293,0.027313649195086595
28.16107225,0.006256198977645533
28.17398739,0.010376134889753566
28.1740098,0.02668802929732204
28.17605472,0.022003509575036242
28.18964362,0.0043945983062485695
28.18966699,0.02009613183794919
28.20303082,0.027969787136644542
28.2030623,0.0065613794155794615
28.21703124,0.009781033035782406
28.21708107,0.02610818646524758
28.21710825,0.020019836728465707
28.21712947,0.0037384603646906235
28.22796917,0.018646524757763027
28.2280035,0.027267872129396506
28.22802472,0.006363012130922408
28.24238682,0.010437170977340352
28.24241185,0.0268711375600824
28.24244142,0.022354467078660258
28.28864765,0.004547188525215534
28.28868461,0.020141908903639278
28.28871441,0.02818341344319829
28.28873849,0.0067750057221332115
28.30200505,0.010162508583199817
28.30207539,0.026260776684214542
28.3021338,0.020691233691920347
28.30217457,0.0038757915617608912
28.30831218,0.01889066910811017
28.30841088,0.02742046234836347
28.30847192,0.006500343327992676
28.32595325,0.010467689021133745
28.32597947,0.026794842450598915
28.326015,0.022278171969176776
28.32604265,0.004333562218661784
28.32607603,0.019897764553292133
28.35100675,0.027954528114747846
28.3510294,0.006622415503166247
28.35104895,0.009857328145265888
28.3510716,0.026260776684214542
28.35109401,0.021423666742961776
28.35111213,0.004028381780727856
28.37333965,0.019501029983978027
28.37344956,0.02780193789578088
28.37350941,0.006622415503166247
28.37509489,0.010009918364232854
28.37512398,0.02639810788128481
28.38313556,0.02162203402761883
28.4069922,0.004028381780727856
28.40701962,0.019470511940184634
28.40704274,0.02784771496147097
28.40706158,0.006668192568856336
28.40918112,0.010131990539406424
28.40922928,0.02652018005645838
28.41911197,0.021927214465552756
28.41915703,0.004089417868314641
28.43198347,0.01936369878690776
28.4320581,0.027649347676813915
28.43210316,0.006408789196612497
28.44877219,0.00946059357595178
28.44881558,0.02597085526817731
28.44884944,0.021042191195544367
28.46297097,0.003906309605554284
28.46299601,0.019043259327077136
28.46301842,0.027817196917677575
28.46303701,0.006805523765926604
28.47546577,0.01014724956130312
28.47557712,0.02652018005645838
28.488235,0.02214084077210651
28.4882865,0.004089417868314641
28.49701166,0.01948577096208133
28.49706912,0.027924010070954453
28.49710393,0.006713969634546426
28.52097154,0.009796292057679103
28.52099919,0.02623025864042115
28.52102256,0.02178988326848249
28.52104115,0.003997863736934462
28.52106357,0.019348439765011063
28.5310204,0.027878233005264364
28.53107715,0.006713969634546426
28.53915262,0.009689478904402228
28.53924632,0.02618448157473106
28.56307125,0.021499961852445258
28.56316066,0.003936827649347677
28.56321335,0.018814373998626687
28.56326175,0.027618829633020522
28.57854533,0.006622415503166247
28.57861567,0.009903105210955977
28.57865572,0.026382848859388113
28.57869291,0.022278171969176776
28.58727264,0.004196231021591516
28.58731174,0.019501029983978027
28.6130228,0.028046082246128024
28.61304116,0.006805523765926604
28.6130693,0.009521629663538568
28.61309075,0.02597085526817731
28.6260035,0.02111848630502785
28.62605214,0.0037384603646906235
28.62608337,0.01846341649500267
28.62611198,0.02746623941405356
28.62613559,0.006515602349889372
28.63792014,0.009567406729228657
28.63794398,0.026245517662317846
28.64723396,0.022186617837796598
28.67096567,0.004150453955901427
28.67099023,0.01943999389639124
28.67101264,0.028198672465094988
28.671031,0.007171740291447318
28.68613338,0.009994659342336155
28.68620443,0.026504921034561684
28.68624663,0.022064545662623027
28.68627977,0.0039673456931410694
28.69607854,0.018783855954833294
28.69613862,0.027771419851987486
28.70946336,0.006744487678339819
28.70955324,0.00959792477302205
28.70962834,0.026199740596627757
28.7110064,0.02214084077210651
28.73595214,0.0039673456931410694
28.73597765,0.01910429541466392
28.74200058,0.02798504615854124
28.74204683,0.007003891050583658
28.74207997,0.009628442816815443
28.74211764,0.026199740596627757
28.75203896,0.021881437399862667
28.75208235,0.003906309605554284
28.76106501,0.018432898451209278
28.7611444,0.027573052567330433
28.76118135,0.0065613794155794615
28.77397108,0.00933852140077821
28.7739954,0.026031891355764097
28.77605295,0.022247653925383384
28.79897451,0.0040588998245212485
28.79899955,0.019256885633630885
28.80094934,0.02818341344319829
28.80096936,0.0073243305104142824
28.8074491,0.00971999694819562
28.80753946,0.026260776684214542
28.82147908,0.021942473487449453
28.82157731,0.0038147554741741053
28.82707691,0.018142977035172047
28.82715368,0.02746623941405356
28.84134197,0.006500343327992676
28.84140849,0.009109636072327764
28.85043311,0.0260166323338674
28.85055876,0.022583352407110704
28.8729949,0.004043640802624552
28.87301898,0.019302662699320974
28.87304163,0.02839703974975204
28.87306046,0.007461661707484551
28.87633681,0.009567406729228657
28.87644696,0.026169222552834364
28.88536477,0.02157625696192874
28.88546205,0.003723201342793927
28.89807963,0.017761501487754634
28.89814377,0.02716105897611963
28.89817572,0.006408789196612497
28.91197538,0.008957045853360799
28.91200233,0.02597085526817731
28.921345,0.02247653925383383
28.92791653,0.004165712977798123
28.92794037,0.019256885633630885
28.93692994,0.028625925078202486
28.93694901,0.00772106507972839
28.95018601,0.009842069123369192
28.95024872,0.026489662012664988
28.95028424,0.022583352407110704
28.9503119,0.0040588998245212485
28.9731462,0.018280308232242314
28.97323942,0.02775616083009079
28.97328353,0.006836041809719997
28.98704243,0.009216449225604639
28.98706841,0.02606240939955749
28.98708963,0.02276646066987106
28.98710704,0.004104676890211338
28.98712778,0.01915007248035401
28.99695253,0.02839703974975204
28.99697185,0.007522697795071336
29.03336692,0.00929274433508812
29.03342652,0.0260166323338674
29.03346229,0.021652552071412222
29.03348851,0.0036316472114137485
29.03351974,0.017425803006027314
29.03355074,0.027222095063706417
29.03800702,0.006622415503166247
29.03805137,0.008880750743877317
29.03809166,0.025955596246280615
29.04796696,0.02293430991073472
29.05401874,0.004287785152971695
29.05404472,0.01924162661173419
29.06296277,0.028625925078202486
29.06299758,0.007797360189211872
29.08746004,0.009414816510261692
29.08758521,0.02613870450904097
29.10102916,0.02191195544365606
29.10108018,0.003723201342793927
29.10906982,0.017547875181200885
29.10918641,0.02732890821698329
29.10924721,0.006637674525062943
29.12301111,0.008880750743877317
29.12303424,0.025955596246280615
29.12305689,0.023041123064011598
29.12307501,0.0042725261310749985
29.12309694,0.0191958495460441
29.13708019,0.02873273823147936
29.13714027,0.007797360189211872
29.13718319,0.00933852140077821
29.13723111,0.02606240939955749
29.16337252,0.021896696421759364
29.16343546,0.003692683299000534
29.16349125,0.017502098115510796
29.16353202,0.02737468528267338
29.17303395,0.006698710612649729
29.17309999,0.00874341954680705
29.17315316,0.025848783093003737
29.17799425,0.02294956893263142
29.18702793,0.0042267490653849086
29.18705273,0.01907377737087053
29.20097589,0.028702220187685968
29.20099854,0.007873655298695353
29.21527863,0.00946059357595178
29.2153883,0.02618448157473106
29.22807288,0.022369726100556955
29.22812629,0.0038147554741741053
29.2281611,0.01744106202792401
29.22819376,0.02737468528267338
29.22821975,0.006820782787823301
29.23896074,0.008606088349736783
29.23898482,0.02575722896162356
29.24839973,0.022980086976424813
29.25402379,0.004150453955901427
29.25404859,0.01896696421759365
29.26798129,0.02868696116578927
29.26801538,0.007827878233005264
29.28244328,0.009246967269398032
29.28256869,0.0260166323338674
29.29111314,0.022110322728313116
29.29116678,0.0037079423208972303
29.29120135,0.017288471808957047
29.29123306,0.027359426260776684
29.29125953,0.0067750057221332115
29.30600262,0.008590829327840086
29.30603337,0.02571145189593347
29.30605984,0.023041123064011598
29.32102132,0.0041809719996948195
29.32104588,0.01889066910811017
29.34417701,0.02873273823147936
29.34427834,0.007965209430075532
29.34702277,0.009201190203707943
29.34707284,0.0260166323338674
29.35134268,0.02238498512245365
29.35142422,0.0037842374303807126
29.36054564,0.017029068436713205
29.36063385,0.027405203326466773
29.37305737,0.0069886320286869615
29.37312341,0.008728160524910353
29.37318707,0.025864042114900433
29.37323642,0.023361562523842222
29.39895844,0.004303044174868391
29.39898324,0.01879911497672999
29.39900732,0.028625925078202486
29.39902687,0.007873655298695353
29.4080143,0.009002822919050888
29.40806699,0.02583352407110704
29.41732574,0.02209506370641642
29.41740489,0.003585870145723659
29.42755985,0.016815442130159456
29.42762876,0.02749675745784695
29.4390676,0.00708018616006714
29.43913317,0.008667124437323568
29.44628024,0.025741969939726862
29.44638109,0.02340733958953231
29.46897745,0.004089417868314641
29.46900439,0.01879911497672999
29.47109246,0.028702220187685968
29.47114992,0.007980468451972228
29.47119403,0.008987563897154192
29.4712441,0.025803006027313648
29.48647761,0.022278171969176776
29.48657513,0.0037079423208972303
29.49727321,0.016784924086366063
29.4973321,0.027435721370260166
29.51844215,0.007095445181963836
29.51855636,0.008468757152666513
29.51862788,0.025635156786449988
29.51869512,0.023147936217288473
29.53207326,0.004119935912108034
29.53210568,0.018600747692072938
29.54418039,0.02865644312199588
29.54421473,0.008117799649042497
29.55331182,0.009063859006637675
29.5533824,0.02594033722438392
29.56808186,0.022781719691767757
29.56814313,0.003860532539864195
29.56818581,0.01722743572137026
29.56822848,0.0277103837644007
29.5920763,0.0071564812695506215
29.59213996,0.008178835736629282
29.59217548,0.025406271457999542
29.59220791,0.02285801480125124
29.60185003,0.0039673456931410694
29.60189819,0.01829556725413901
29.60910273,0.0285648889906157
29.60917115,0.008026245517662317
29.61833715,0.009018081940947584
29.61844873,0.025925078202487222
29.61851931,0.023102159151598384
29.61857462,0.003860532539864195
29.63464236,0.017502098115510796
29.63472199,0.028046082246128024
29.63475919,0.007461661707484551
29.63481188,0.008300907911802853
29.63485217,0.025345235370412757
29.65357685,0.022751201647974364
29.66439438,0.0038147554741741053
29.66442847,0.018020904859998473
29.66446114,0.02844281681544213
29.66448665,0.007965209430075532
29.67430305,0.008758678568703746
29.67437029,0.025818265049210344
29.68343949,0.02311741817349508
29.68353915,0.0038757915617608912
29.69716549,0.017502098115510796
29.69723392,0.028046082246128024
29.69726348,0.0075837338826581216
29.71195722,0.008453498130769817
29.71198153,0.025436789501792935
29.72393656,0.02294956893263142
29.73294306,0.003799496452277409
29.73296785,0.017883573662928205
29.7329905,0.028427557793545433
29.73300934,0.007934691386282139
29.74199605,0.008682383459220264
29.74204206,0.025696192874036773
29.75143862,0.023010605020218206
29.75154066,0.003799496452277409
29.75161672,0.01753261615930419
29.76797724,0.028137636377508202
29.76800823,0.007797360189211872
29.78236675,0.008621347371633479
29.78239155,0.025650415808346684
29.7824142,0.023422598611429007
29.78243279,0.003936827649347677
29.78245473,0.018112458991378654
29.79695296,0.028549629968719004
29.79697609,0.00801098649576562
29.80956531,0.00857557030594339
29.80960512,0.025513084611276417
29.81897545,0.02264438849469749
29.81901169,0.0036316472114137485
29.83397079,0.016983291371023116
29.83401108,0.027924010070954453
29.84729481,0.0077515831235217825
29.84734988,0.00857557030594339
29.84739256,0.025772487983520255
29.84743333,0.02362096589608606
29.85097003,0.0040588998245212485
29.85099339,0.018097199969481958
29.8659873,0.028503852903028915
29.86602163,0.007965209430075532
29.87538695,0.008346684977492943
29.87542534,0.025345235370412757
29.88848019,0.022735942626077667
29.88857675,0.0037079423208972303
29.91202116,0.01736476691844053
29.91211462,0.028244449530785077
29.91215897,0.007873655298695353
29.93702149,0.008606088349736783
29.93704534,0.025696192874036773
29.93706822,0.023422598611429007
29.93708682,0.0038300144960708017
29.93710947,0.017685206378271152
29.94606018,0.028290226596475166
29.94610715,0.007858396276798657
29.94614124,0.008346684977492943
29.94619131,0.025391012436102846
29.97299266,0.023041123064011598
29.97302246,0.0037079423208972303
29.97304702,0.01739528496223392
29.97307014,0.02835126268406195
29.97308826,0.007904173342488746
29.97694945,0.00848401617456321
29.97697282,0.02554360265506981
29.97699475,0.023483634699015793
29.9890089,0.0038757915617608912
29.98903513,0.01786831464103151
29.99603891,0.02848859388113222
29.99605918,0.008117799649042497
30.00897145,0.00843823910887312
30.00900435,0.02549782558937972
30.02322793,0.023086900129701687
30.0233252,0.0036621652552071412
30.03701544,0.016937514305333027
30.03705955,0.0281528953994049
30.03708625,0.007782101167315175
30.03711104,0.00831616693369955
30.04297996,0.025513084611276417
30.04302049,0.023651483939879453
30.05698824,0.0039673456931410694
30.05701113,0.017929350728618294
30.06396818,0.02851911192492561
30.06400347,0.008255130846112764
30.087291,0.00831616693369955
30.08740234,0.025360494392309453
30.08747244,0.02276646066987106
30.08752704,0.003692683299000534
30.0973103,0.016556038757915618
30.09745169,0.027908751049057757
30.09751391,0.007690547035934997
30.10598421,0.008117799649042497
30.10601807,0.02542153047989624
30.10604978,0.023727779049362935
30.12394238,0.0040588998245212485
30.12396812,0.017975127794308383
30.145015,0.028763256275272753
30.14506149,0.00848401617456321
30.1489985,0.008392462043183032
30.14903736,0.025406271457999542
30.15597034,0.022964827954528116
30.15600467,0.003616388189517052
30.16261554,0.01599145494773785
30.16271758,0.02758831158922713
30.19225526,0.007598992904554818
30.19237089,0.007934691386282139
30.19244313,0.025223163195239186
30.19251227,0.023804074158846417
30.2085371,0.0042725261310749985
30.20860171,0.018005645838101776
30.20863605,0.028885328450446328
30.20866299,0.008636606393530175
30.23152804,0.008514534218356603
30.23160768,0.0255893797207599
30.23164368,0.023422598611429007
30.23167205,0.0038147554741741053
30.23599696,0.016769665064469367
30.236058,0.028091859311818113
30.23609495,0.007797360189211872
30.2439971,0.007904173342488746
30.24402571,0.025146868085755704
30.24406481,0.0234531166552224
30.25696826,0.00392156862745098
30.2569921,0.01760891126878767
30.27799249,0.028625925078202486
30.2780292,0.008422980086976424
30.27805448,0.008255130846112764
30.27808309,0.025360494392309453
30.28805041,0.023422598611429007
30.2881093,0.0038300144960708017
30.29443288,0.017029068436713205
30.29453468,0.028366521705958648
30.29459906,0.008072022583352408
30.30795336,0.008178835736629282
30.30797768,0.025299458304722668
30.30800033,0.023758297093156328
30.32501912,0.0038910505836575876
30.32504344,0.017593652246890974
30.33701992,0.02861066605630579
30.33706689,0.008514534218356603
30.35098314,0.008178835736629282
30.35101342,0.02532997634851606
30.35103679,0.023422598611429007
30.35105515,0.0037384603646906235
30.36105275,0.01680018310826276
30.3611021,0.02818341344319829
30.36112404,0.008026245517662317
30.3739717,0.0081025406271458
30.3739965,0.02532997634851606
30.37654138,0.023895628290226595
30.39097452,0.004089417868314641
30.39099979,0.01753261615930419
30.40297031,0.028641184100099183
30.40298986,0.008453498130769817
30.40799475,0.00801098649576562
30.40802717,0.0251621271076524
30.4169724,0.02337682154573892
30.41699886,0.0037079423208972303
30.42669106,0.01675440604257267
30.42680216,0.028305485618371862
30.43906689,0.008224612802319372
30.4391396,0.00814831769283589
30.44910979,0.025406271457999542
30.44915175,0.024002441443503473
30.47194624,0.00392156862745098
30.47197366,0.01739528496223392
30.47199631,0.028595407034409093
30.47201514,0.008514534218356603
30.47700024,0.007873655298695353
30.47704005,0.025070572976272222
30.48398256,0.02333104448004883
30.4840169,0.0036621652552071412
30.49823308,0.016571297779812314
30.49832559,0.02822919050888838
30.49836421,0.008026245517662317
30.52197933,0.007797360189211872
30.52200699,0.02508583199816892
30.52203059,0.023865110246433202
30.53794742,0.00392156862745098
30.53797245,0.017410543984130618
30.54445148,0.028717479209582664
30.54448533,0.008712901503013657
30.55302811,0.008087281605249104
30.55308199,0.025314717326619364
30.55313635,0.023590447852292667
30.5531683,0.0037079423208972303
30.57713151,0.016357671473258565
30.57718515,0.028076600289921417
30.58701468,0.007827878233005264
30.58708024,0.007690547035934997
30.58713269,0.024887464713511862
30.58718085,0.023727779049362935
30.60194921,0.003860532539864195
30.60197592,0.017425803006027314
30.60199857,0.02883955138475624
30.6020174,0.008896009765774014
30.60895967,0.008087281605249104
30.60899878,0.025268940260929275
30.61721706,0.023529411764705882
30.61730003,0.003692683299000534
30.63140702,0.01625085831998169
30.6315372,0.028137636377508202
30.63161707,0.007934691386282139
30.65470767,0.007614251926451514
30.65473413,0.024841687647821773
30.65595746,0.023651483939879453
30.65597987,0.003906309605554284
30.65600276,0.017212176699473565
30.66606641,0.028793774319066146
30.66612267,0.009033340962844283
30.67565775,0.008133058670939193
30.67570853,0.025467307545586328
30.68852592,0.0238803692683299
30.68862486,0.0038910505836575876
30.70202804,0.01637293049515526
30.70210719,0.02822919050888838
30.70214415,0.007995727473868924
30.71096039,0.007431143663691157
30.71099925,0.024673838406958113
30.7110343,0.023605706874189364
30.71893287,0.0038300144960708017
30.71895742,0.01715114061188678
30.73293734,0.02883955138475624
30.73295903,0.008987563897154192
30.74198985,0.008072022583352408
30.74202991,0.025406271457999542
30.75646043,0.023956664377813384
30.75657511,0.0038452735179674985
30.75664663,0.016235599298084994
30.77897811,0.0281528953994049
30.77900052,0.007995727473868924
30.78094673,0.007385366598001068
30.78097439,0.02456702525368124
30.78100967,0.023559929808499275
30.78598166,0.0037842374303807126
30.78602219,0.017135881589990083
30.79700017,0.02896162355992981
30.79702377,0.009002822919050888
30.81429982,0.007995727473868924
30.81435466,0.025223163195239186
30.82847166,0.023697261005569542
30.82857299,0.003616388189517052
30.83710456,0.015960936903944456
30.83717394,0.028076600289921417
30.84307146,0.007934691386282139
30.84312558,0.0075379568169680325
30.84316897,0.02485694666971847
30.84807658,0.024078736552986955
30.85727906,0.003906309605554284
30.85731125,0.01715114061188678
30.86802173,0.028747997253376057
30.86807036,0.008941786831464103
30.88201427,0.007797360189211872
30.88208985,0.02504005493247883
30.90206289,0.023437857633325704
30.9021256,0.0035706111238269626
30.90217066,0.01556420233463035
30.90221214,0.027817196917677575
30.90224504,0.007797360189211872
30.91295815,0.007278553444724193
30.91300058,0.02456702525368124
30.91302943,0.023697261005569542
30.93496037,0.0038147554741741053
30.9349854,0.01692225528343633
30.94303417,0.028885328450446328
30.94307089,0.009109636072327764
30.95215106,0.007904173342488746
30.9522419,0.025314717326619364
30.96619534,0.024124513618677044
30.96630454,0.003936827649347677
30.97399855,0.01625085831998169
30.97404766,0.02839703974975204
30.97407794,0.008392462043183032
30.98595381,0.007339589532310979
30.98597789,0.02459754329747463
30.98601007,0.023849851224536506
30.98935246,0.0038452735179674985
30.9893775,0.01701380941481651
30.99722099,0.028992141603723202
30.99728394,0.009308003356984817
31.02114606,0.007949950408178835
31.0212121,0.025299458304722668
31.02125049,0.024109254596780347
31.02128029,0.003799496452277409
31.03625822,0.01589990081635767
31.03633499,0.0281528953994049
31.03637695,0.007904173342488746
31.03641605,0.00708018616006714
31.03646207,0.02442969405661097
31.04602718,0.023849851224536506
31.0539732,0.003952086671244373
31.05399776,0.016983291371023116
31.06936073,0.029022659647516595
31.06943464,0.00946059357595178
31.08239865,0.008056763561455712
31.08247304,0.025406271457999542
31.09146595,0.024338139925230793
31.09156609,0.0038910505836575876
31.09608531,0.016052491035324634
31.0961659,0.02835126268406195
31.09620357,0.008224612802319372
31.10902524,0.0071564812695506215
31.10906959,0.024414435034714275
31.11194062,0.023819333180743113
31.12097597,0.00392156862745098
31.12100101,0.016861219195849545
31.13406634,0.029053177691309988
31.13412762,0.009521629663538568
31.14809203,0.007904173342488746
31.1481607,0.025299458304722668
31.15746689,0.024383916990920882
31.15756679,0.00392156862745098
31.16244173,0.0162050812542916
31.16256785,0.028534370946822308
31.16262913,0.008636606393530175
31.17601013,0.007415884641794461
31.17605448,0.024719615472648202
31.17609286,0.024170290684367133
31.19103289,0.003952086671244373
31.19105792,0.016784924086366063
31.20404434,0.02887006942854963
31.20408511,0.00929274433508812
31.21828985,0.007797360189211872
31.21835756,0.025024795910582133
31.22317004,0.024078736552986955
31.22331309,0.0038300144960708017
31.23257208,0.01602197299153124
31.23268104,0.02844281681544213
31.23275685,0.008621347371633479
31.24111557,0.007385366598001068
31.24115181,0.024719615472648202
31.24423218,0.024322880903334097
31.2579782,0.003997863736934462
31.25800228,0.016769665064469367
31.27271271,0.02887006942854963
31.27275944,0.009353780422674906
31.28599763,0.007766842145418479
31.2860806,0.024933241779201955
31.28614354,0.02409399557488365
31.2861855,0.003860532539864195
31.30106783,0.015793087663080796
31.30114603,0.028381780727855344
31.3011837,0.008621347371633479
31.30708766,0.007217517357137408
31.30714488,0.02447547112230106
31.31301403,0.024155031662470437
31.33913946,0.003936827649347677
31.33916664,0.016693369954985885
31.33918977,0.02896162355992981
31.33920884,0.00950637064164187
31.34398484,0.007797360189211872
31.34402347,0.024979018844892044
31.35108614,0.024322880903334097
31.35114408,0.003936827649347677
31.35919666,0.01568627450980392
31.35929036,0.028213931486991684
31.37304974,0.008545052262149997
31.37313056,0.007003891050583658
31.37317562,0.024124513618677044
31.37321687,0.02383459220263981
31.39801526,0.0038910505836575876
31.39804006,0.016556038757915618
31.3980639,0.028900587472343024
31.39808178,0.00976577401388571
31.40825486,0.007797360189211872
31.40829372,0.025055313954375526
31.41708136,0.02435339894712749
31.41713929,0.00392156862745098
31.42648268,0.015411612115663387
31.4265933,0.028076600289921417
31.43946004,0.008468757152666513
31.43955588,0.006759746700236515
31.45312643,0.023895628290226595
31.45322514,0.023865110246433202
31.46220827,0.003952086671244373
31.46224856,0.016647592889295796
31.47250724,0.029068436713206684
31.4725337,0.010040436408026246
31.47255349,0.007812619211108568
31.47257614,0.025055313954375526
31.50721574,0.024444953078507668
31.50727701,0.003997863736934462
31.50732231,0.015335317006179903
31.50736547,0.02810711833371481
31.50740027,0.00857557030594339
31.50743532,0.006668192568856336
31.50747705,0.0238803692683299
31.50751829,0.023697261005569542
31.525002,0.00392156862745098
31.52502608,0.016266117341878387
31.53114676,0.02891584649423972
31.53120971,0.00993362325474937
31.54419017,0.007797360189211872
31.54422188,0.02508583199816892
31.55141759,0.024780651560234988
31.5515213,0.0041809719996948195
31.57401347,0.01585412375066758
31.57409406,0.028427557793545433
31.57413244,0.008880750743877317
31.57599807,0.006836041809719997
31.57604337,0.023865110246433202
31.57608628,0.02374303807125963
31.58903837,0.003952086671244373
31.58906221,0.016159304188601512
31.59601784,0.028809033340962846
31.59603786,0.009857328145265888
31.60909772,0.007797360189211872
31.60913777,0.02485694666971847
31.63204312,0.02464332036316472
31.63209295,0.0040588998245212485
31.63213348,0.015716792553597314
31.63217187,0.028503852903028915
31.64722276,0.008972304875257495
31.64733744,0.006927595941100175
31.64741135,0.02401770046540017
31.64747834,0.02413977264057374
31.64939594,0.004165712977798123
31.64944887,0.01654077973601892
31.66308665,0.029358358129243915
31.66315508,0.010574502174410621
31.67761683,0.00788891432059205
31.67772818,0.02528419928282597
31.70108533,0.02520790417334249
31.70115876,0.004440375371938659
31.7154479,0.016266117341878387
31.7155726,0.0290074006256199
31.71563292,0.009704737926298924
31.71568918,0.007339589532310979
31.71575451,0.02442969405661097
31.72298002,0.02426184481574731
31.72301435,0.004150453955901427
31.72304583,0.015960936903944456
31.7329464,0.029053177691309988
31.73298407,0.010208285648889906
31.74732113,0.007736324101625086
31.74742627,0.02499427786678874
31.7714107,0.025024795910582133
31.7715044,0.004486152437628748
31.77157474,0.01617456321049821
31.77166152,0.029068436713206684
31.77339435,0.00988784618905928
31.77350879,0.00729381246662089
31.77358103,0.02435339894712749
31.78224611,0.0243076218814374
31.78227663,0.003982604715037766
31.7823081,0.015762569619287403
31.79697037,0.028809033340962846
31.79699206,0.009857328145265888
31.81648111,0.007492179751277943
31.81658959,0.024582284275577935
31.82636929,0.024628061341268024
31.82641816,0.0039673456931410694
31.83338046,0.015747310597390707
31.83343911,0.028747997253376057
31.83897924,0.00959792477302205
31.83901668,0.007064927138170443
31.8390491,0.02423132677195392
31.8469491,0.024444953078507668
31.85794711,0.0038910505836575876
31.85797286,0.01602197299153124
31.86737061,0.02868696116578927
31.86742759,0.009658960860608835
31.8914814,0.007110704203860532
31.89154339,0.024200808728160526
31.89157438,0.023987182421606777
31.89159775,0.0036316472114137485
31.89162993,0.014801251239795529
31.89293218,0.027740901808194093
31.89295459,0.01432822156099794
31.90705037,0.004074158846417945
31.90709829,0.02034027618829633
31.90712333,0.027344167238879988
31.92473817,0.005889982452124819
31.92480612,0.011139085984588388
31.93603396,0.02699320973525597
31.93610048,0.020630197604333562
31.9590435,0.004165712977798123
31.95910239,0.01977569237811856
31.96110368,0.026459143968871595
31.96115661,0.004974441138323033
31.96120071,0.010086213473716335
31.96125245,0.026337071793698024
31.96130538,0.02021820401312276
31.97140026,0.004150453955901427
31.97142458,0.020355535210193027
31.97740412,0.027344167238879988
31.99105191,0.005737392233157855
31.99111319,0.010757610437170977
32.00432491,0.026825360494392308
32.00441694,0.020538643472953384
32.02006912,0.004119935912108034
32.02016354,0.019897764553292133
32.02021575,0.0268711375600824
32.02025676,0.005310139620050355
32.0202992,0.010330357824063477
32.03003097,0.02661173418783856
32.03008056,0.020630197604333562
32.04332113,0.0042725261310749985
32.04341364,0.02038605325398642
32.04348373,0.02742046234836347
32.06838799,0.005752651255054551
32.06845951,0.010742351415274281
32.06851053,0.026855878538185704
32.06857395,0.020538643472953384
32.06861472,0.004165712977798123
32.07427001,0.019897764553292133
32.07429886,0.027023727779049364
32.08836651,0.005493247882810712
32.08838844,0.010498207064927139
32.09699512,0.02668802929732204
32.09703398,0.020752269779507133
32.11129928,0.004165712977798123
32.11141181,0.020309758144502938
32.11148334,0.027527275501640344
32.13406396,0.005951018539711604
32.13412428,0.010543984130617228
32.13595915,0.026901655603875793
32.13600922,0.020813305867093918
32.14105082,0.0042267490653849086
32.14112401,0.02017242694743267
32.15402222,0.027573052567330433
32.15408516,0.005996795605401694
32.1541152,0.010940718699931334
32.1632061,0.02708476386663615
32.16326737,0.021210040436408027
32.18711042,0.004303044174868391
32.18720555,0.020080872816052493
32.18725538,0.027237354085603113
32.21558499,0.00563057907988098
32.21564865,0.010223544670786603
32.21570253,0.026535439078355077
32.21574426,0.020523384451056687
32.21910572,0.0042725261310749985
32.21916795,0.020111390859845885
32.21921992,0.02763408865491722
32.21926045,0.0061341268024719614
32.21928811,0.010864423590447852
32.23296881,0.02716105897611963
32.23299408,0.02128633554589151
32.23301268,0.004364080262455177
32.23303437,0.020080872816052493
32.24314809,0.027435721370260166
32.2586782,0.005813687342641337
32.25873995,0.010284580758373388
32.27106357,0.026626993209735255
32.27113056,0.020828564888990615
32.27735043,0.004211490043488212
32.27747583,0.020111390859845885
32.28612447,0.027740901808194093
32.28618598,0.006149385824368658
32.28621912,0.010833905546654459
32.29898643,0.027115281910429542
32.2990458,0.021393148699168384
32.30394936,0.004242008087281605
32.30400229,0.020157167925535974
32.31832838,0.027527275501640344
32.33240461,0.005874723430228122
32.33244658,0.01014724956130312
32.3390131,0.02656595712214847
32.33906651,0.020691233691920347
32.3494606,0.004089417868314641
32.34957147,0.019836728465705347
32.35315418,0.027481498435950255
32.35322738,0.005920500495918211
32.35327768,0.010513466086823835
32.3620019,0.0268711375600824
32.36203718,0.021179522392614634
32.37596536,0.004104676890211338
32.37599087,0.019836728465705347
32.3857336,0.02725261310749981
32.39827776,0.005508506904707409
32.39831662,0.010101472495613032
32.40600014,0.026489662012664988
32.40604782,0.02072175173571374
32.41103721,0.0038452735179674985
32.41110539,0.019714656290531776
32.41733027,0.027344167238879988
32.41740799,0.005828946364538033
32.4289999,0.010315098802166781
32.42904067,0.026626993209735255
32.42906785,0.02111848630502785
32.44295692,0.004028381780727856
32.4429822,0.019958800640878918
32.44799256,0.027557793545433737
32.46198511,0.0057984283207446405
32.46201992,0.010284580758373388
32.46205068,0.026672770275425344
32.46208048,0.021149004348821242
32.47712111,0.003936827649347677
32.47721648,0.019928282597085525
32.48346877,0.027557793545433737
32.48356676,0.005859464408331426
32.4836266,0.010208285648889906
32.50709009,0.02661173418783856
32.50715685,0.021225299458304724
32.50719213,0.004028381780727856
32.50723052,0.0200503547722591
32.50726867,0.027771419851987486
32.52209067,0.0061799038681620505
32.52215385,0.010421911955443655
32.53109169,0.026825360494392308
32.53114223,0.02128633554589151
32.54406476,0.004043640802624552
32.54413223,0.01965362020294499
32.55141473,0.02742046234836347
32.55154991,0.005859464408331426
32.55163431,0.00993362325474937
32.57408357,0.02656595712214847
32.57413864,0.021225299458304724
32.57639909,0.004165712977798123
32.57642961,0.020065613794155796
32.5764513,0.02793926909285115
32.59004545,0.0063477531090257115
32.59010172,0.010406652933546959
32.59857082,0.026825360494392308
32.59861755,0.021423666742961776
32.60696173,0.0039673456931410694
32.60700011,0.01974517433432517
32.64107347,0.0277103837644007
32.64113569,0.0061341268024719614
32.64117146,0.010162508583199817
32.64121127,0.02664225223163195
32.64124894,0.021438925764858473
32.6609664,0.004028381780727856
32.66099334,0.01982146944380865
32.66101575,0.0277103837644007
32.67003679,0.006515602349889372
32.6700716,0.010070954451819639
32.67010212,0.02661173418783856
32.67013073,0.021377889677271687
32.68119359,0.004043640802624552
32.68128133,0.019714656290531776
32.68133378,0.027603570611123826
32.68137503,0.006164644846265354
32.6814158,0.010070954451819639
32.70654607,0.026550698100251773
32.70661402,0.021332112611581598
32.71128893,0.003982604715037766
32.71135378,0.019790951400015258
32.71140409,0.027771419851987486
32.7192564,0.00627145799954223
32.71931124,0.01036087586785687
32.73498368,0.026749065384908826
32.73502755,0.02157625696192874
32.73895359,0.003982604715037766
32.73898888,0.019562066071564813
32.76306939,0.027435721370260166
32.76313877,0.005951018539711604
32.76317263,0.009567406729228657
32.76321077,0.026214999618524453
32.76324677,0.02102693217364767
32.77797222,0.003982604715037766
32.77799821,0.019714656290531776
32.77802086,0.027969787136644542
32.78706622,0.0065613794155794615
32.78710747,0.010345616845960174
32.80200052,0.026825360494392308
32.8020494,0.021850919356069275
32.81113148,0.004165712977798123
32.81122708,0.019714656290531776
32.82539606,0.027786678873884182
32.82544756,0.0062256809338521405
32.82548475,0.009811551079575799
32.83823466,0.0264438849469749
32.83826447,0.02153047989623865
32.83828378,0.004104676890211338
32.83830643,0.01991302357518883
32.83832908,0.028091859311818113
32.85308361,0.00665293354695964
32.85315847,0.010345616845960174
32.87039447,0.026901655603875793
32.8704381,0.021881437399862667
32.88122559,0.004119935912108034
32.88132739,0.019501029983978027
32.89405179,0.027649347676813915
32.89411306,0.006149385824368658
32.89414835,0.009704737926298924
32.89597392,0.026382848859388113
32.89601016,0.021515220874341955
32.90903687,0.004074158846417945
32.90908861,0.019760433356221865
32.91096997,0.028122377355611506
32.92410517,0.006637674525062943
32.92417455,0.010223544670786603
32.92898011,0.02677958342870222
32.92903399,0.021896696421759364
32.92907238,0.004074158846417945
32.95398116,0.019562066071564813
32.96795797,0.027832455939574275
32.96798921,0.006408789196612497
32.96801019,0.009826810101472495
32.97706556,0.02652018005645838
32.97713232,0.021774624246585793
32.98901105,0.004074158846417945
32.98908639,0.019714656290531776
32.98913956,0.028076600289921417
32.98917937,0.006576638437476158
32.98921704,0.009979400320439459
33.00307488,0.026581216144045166
33.00314188,0.02178988326848249
33.02758169,0.004074158846417945
33.02768946,0.019592584115358205
33.02776265,0.028030823224231328
33.0278089,0.006622415503166247
33.02785015,0.010162508583199817
33.02791166,0.026749065384908826
33.02796412,0.021942473487449453
33.04339647,0.003952086671244373
33.04350591,0.019226367589837492
33.0454123,0.027603570611123826
33.05806303,0.006164644846265354
33.0581255,0.009399557488364995
33.06545949,0.026199740596627757
33.06550527,0.021255817502098116
33.06553364,0.0038452735179674985
33.07798219,0.019211108567940796
33.07800651,0.027862973983367668
33.09238648,0.006515602349889372
33.09242797,0.01002517738612955
33.12609005,0.026657511253528648
33.12614751,0.02195773250934615
33.12618852,0.003982604715037766
33.12622118,0.019287403677424278
33.12625241,0.02784771496147097
33.12836099,0.006424048218509193
33.12841892,0.009613183794918746
33.12847209,0.026413366903181506
33.1285212,0.021774624246585793
33.15508246,0.004028381780727856
33.15515113,0.019638361181048294
33.15519428,0.028259708552681773
33.15522861,0.006912336919203479
33.15526128,0.010131990539406424
33.16396594,0.026764324406805522
33.16399312,0.022110322728313116
33.16953087,0.004074158846417945
33.16955352,0.019089036392767225
33.17848468,0.027679865720607308
33.18731046,0.0062256809338521405
33.18735814,0.00933852140077821
33.21130562,0.026214999618524453
33.21141458,0.021606775005722133
33.21147466,0.003952086671244373
33.21154118,0.019333180743114367
33.22102547,0.028137636377508202
33.22108912,0.006805523765926604
33.22111988,0.010040436408026246
33.22903609,0.02673380636301213
33.22908616,0.02230869001297017
33.24330807,0.004028381780727856
33.24341583,0.019302662699320974
33.2434876,0.02798504615854124
33.25464678,0.006668192568856336
33.2547276,0.009735255970092317
33.27724147,0.02647440299076829
33.27736878,0.021896696421759364
33.2774303,0.003936827649347677
33.27749848,0.01910429541466392
33.2775712,0.02798504615854124
33.29198551,0.006622415503166247
33.29201055,0.00976577401388571
33.29699659,0.02652018005645838
33.29704189,0.02209506370641642
33.31150842,0.0040588998245212485
33.31162024,0.019226367589837492
33.31169033,0.028122377355611506
33.32404423,0.0067750057221332115
33.32408524,0.00976577401388571
33.35274935,0.026581216144045166
33.35285091,0.02214084077210651
33.35290265,0.003982604715037766
33.35901189,0.019165331502250707
33.35904717,0.028030823224231328
33.35907364,0.00686655985351339
33.35909963,0.009811551079575799
33.36813498,0.02664225223163195
33.36822653,0.022278171969176776
33.37739873,0.0040588998245212485
33.37750959,0.019165331502250707
33.38604832,0.028122377355611506
33.3940115,0.006805523765926604
33.3940587,0.009643701838712139
33.40832281,0.026504921034561684
33.40844679,0.022125581750209813
33.41005397,0.003997863736934462
33.41011667,0.019134813458457314
33.42383456,0.028137636377508202
33.42390895,0.006836041809719997
33.42394185,0.009704737926298924
33.42799282,0.026535439078355077
33.42804551,0.022232394903486687
33.44226456,0.0039673456931410694
33.44237351,0.018997482261387044
33.45369625,0.028091859311818113
33.46203685,0.006836041809719997
33.46209383,0.009536888685435264
33.47623396,0.026413366903181506
33.47636628,0.022186617837796598
33.47642684,0.00392156862745098
33.47649264,0.01901274128328374
33.49302053,0.02810711833371481
33.49307394,0.0067750057221332115
33.49310279,0.009521629663538568
33.49313498,0.026337071793698024
33.49316621,0.022110322728313116
33.52197576,0.0038910505836575876
33.52200484,0.01884489204242008
33.52202892,0.028000305180437935
33.52796149,0.006729228656443122
33.52799129,0.009475852597848477
33.53311086,0.026321812771801328
33.53318596,0.022171358815899902
33.53731585,0.0038757915617608912
33.53741765,0.01889066910811017
33.55208039,0.028091859311818113
33.55214286,0.006836041809719997
33.55217886,0.00955214770733196
33.56396985,0.026382848859388113
33.56399655,0.022400244144350347
33.59095454,0.003936827649347677
33.59098101,0.0191958495460441
33.59100366,0.028259708552681773
33.60346961,0.0069886320286869615
33.60356736,0.009521629663538568
33.6036377,0.026382848859388113
33.6037035,0.022003509575036242
33.6160481,0.003723201342793927
33.61613679,0.0183413443198291
33.63924575,0.02758831158922713
33.63934565,0.0063935301747158006
33.63940525,0.009079118028534372
33.63947129,0.026077668421454186
33.6395359,0.02243076218814374
33.65298772,0.0039673456931410694
33.6530261,0.01936369878690776
33.65305376,0.02844281681544213
33.6620698,0.007339589532310979
33.66213226,0.009674219882505532
33.66834378,0.026489662012664988
33.66843629,0.02204928664072633
33.67543507,0.00375371938658732
33.67556357,0.017929350728618294
33.6880672,0.02725261310749981
33.68813872,0.006103608758678569
33.68817568,0.00874341954680705
33.70204902,0.0260166323338674
33.70209646,0.022232394903486687
33.71148372,0.004119935912108034
33.71161175,0.019287403677424278
33.71168303,0.028763256275272753
33.71911955,0.007629510948348211
33.71918035,0.009979400320439459
33.73301935,0.0268711375600824
33.73307157,0.022919050888838024
33.74205256,0.004150453955901427
33.74210978,0.01867704280155642
33.76624393,0.028046082246128024
33.7663331,0.006836041809719997
33.76639438,0.009002822919050888
33.76646066,0.026123445487144275
33.76652598,0.022186617837796598
33.77346325,0.004074158846417945
33.77357602,0.01910429541466392
33.7802825,0.028824292362859542
33.78797841,0.007782101167315175
33.78802848,0.009842069123369192
33.80216861,0.02681010147249561
33.80226946,0.023041123064011598
33.80233073,0.004104676890211338
33.81694913,0.01889066910811017
33.81697345,0.028366521705958648
33.82893538,0.007141222247653925
33.82895589,0.009155413138017853
33.83093977,0.026245517662317846
33.83096576,0.02230869001297017
33.83913398,0.0038757915617608912
33.83920836,0.01872281986724651
33.8442421,0.028290226596475166
33.853158,0.007278553444724193
33.85319686,0.00946059357595178
33.87724853,0.026535439078355077
33.87737322,0.022827496757457846
33.87741709,0.003997863736934462
33.87744927,0.01879911497672999
33.87748218,0.028366521705958648
33.88699389,0.007263294422827497
33.88704729,0.009491111619745174
33.89607215,0.026489662012664988
33.89612222,0.022796978713664453
33.91032767,0.003936827649347677
33.91045833,0.01863126573586633
33.91053677,0.028198672465094988
33.93729925,0.007003891050583658
33.93739653,0.009063859006637675
33.93746948,0.026077668421454186
33.93753505,0.022323949034866866
33.93758893,0.0038300144960708017
33.94713998,0.01863126573586633
33.94718647,0.028336003662165255
33.9472208,0.007354848554207675
33.94725442,0.009399557488364995
33.97531462,0.026382848859388113
33.97544026,0.022674906538490882
33.97550082,0.003906309605554284
33.97556782,0.018493934538796063
33.97711563,0.028213931486991684
34.00136614,0.007141222247653925
34.00146317,0.009079118028534372
34.00344038,0.026169222552834364
34.00356698,0.022613870450904097
34.0178144,0.00392156862745098
34.01790118,0.018768596932936598
34.01795864,0.028458075837338826
34.01799369,0.0073701075761043715
34.01802778,0.009323262378881514
34.03221726,0.026337071793698024
34.0323081,0.022629129472800793
34.03747845,0.0038452735179674985
34.03758669,0.018310826276035707
34.05104089,0.028030823224231328
34.06730747,0.007003891050583658
34.06740499,0.008941786831464103
34.06747627,0.026047150377660793
34.06754231,0.02252231631952392
34.07744288,0.003692683299000534
34.07756901,0.01858548867017624
34.08405209,0.028366521705958648
34.08410549,0.007415884641794461
34.08413434,0.009201190203707943
34.09734535,0.026214999618524453
34.09743381,0.022629129472800793
34.11144185,0.0038147554741741053
34.11220479,0.018371862363622492
34.11991167,0.028213931486991684
34.13322997,0.007141222247653925
34.13331008,0.008941786831464103
34.13338113,0.026047150377660793
34.13344812,0.0225986114290074
34.13350248,0.0038452735179674985
34.14303946,0.018616006713969634
34.15200233,0.02839703974975204
34.15204239,0.007400625619897764
34.15206861,0.009079118028534372
34.16108155,0.026169222552834364
34.16113377,0.0225986114290074
34.18109059,0.0038300144960708017
34.18116212,0.018204013122758832
34.18120527,0.02818341344319829
34.18803668,0.00729381246662089
34.18809557,0.008941786831464103
34.19708061,0.026092927443350882
34.19714427,0.022796978713664453
34.20648623,0.003936827649347677
34.20659757,0.01863126573586633
34.21805167,0.028534370946822308
34.21812439,0.007568474860761425
34.21816134,0.009201190203707943
34.24202633,0.026291294728007935
34.24204946,0.02276646066987106
34.24206758,0.0038452735179674985
34.24208951,0.018066681925688565
34.24211049,0.02801556420233463
34.25783134,0.007003891050583658
34.25786233,0.008667124437323568
34.26243877,0.025879301136797133
34.26248717,0.02255283436331731
34.27544069,0.003860532539864195
34.27556467,0.01846341649500267
34.28974819,0.0285648889906157
34.28981185,0.007629510948348211
34.28984761,0.009201190203707943
34.30235243,0.026291294728007935
34.30244398,0.02320897230487526
34.31126547,0.003982604715037766
34.31133795,0.018570229648279545
34.31138134,0.02848859388113222
34.31920362,0.007461661707484551
34.31924295,0.008880750743877317
34.33325362,0.02597085526817731
34.33334565,0.022537575341420615
34.33340526,0.0037384603646906235
34.34223366,0.017929350728618294
34.3662498,0.028046082246128024
34.36636376,0.0072022583352407115
34.36642528,0.008819714656290532
34.36649227,0.0260166323338674
34.36655688,0.02288853284504463
34.37356877,0.003860532539864195
34.37368059,0.0183413443198291
34.38013625,0.02839703974975204
34.38805175,0.00750743877317464
34.38810277,0.00886549172198062
34.39737225,0.025925078202487222
34.39747357,0.022613870450904097
34.39753699,0.003692683299000534
34.42098475,0.018097199969481958
34.42101145,0.02822919050888838
34.421031,0.007339589532310979
34.42104959,0.008880750743877317
34.43109155,0.0260166323338674
34.4311583,0.02288853284504463
34.43904686,0.0037384603646906235
34.43909192,0.018204013122758832
34.44444036,0.028259708552681773
34.45799065,0.007400625619897764
34.4580195,0.008758678568703746
34.472399,0.025879301136797133
34.47252512,0.02294956893263142
34.47258687,0.003997863736934462
34.49799991,0.01863126573586633
34.49802518,0.028854810406652935
34.49804401,0.007919432364385443
34.49806166,0.009246967269398032
34.51919198,0.026367589837491417
34.51925206,0.02320897230487526
34.5192821,0.0039673456931410694
34.51931643,0.018142977035172047
34.51934981,0.028503852903028915
34.51937675,0.007660028992141603
34.51940417,0.008957045853360799
34.54445624,0.026245517662317846
34.54456806,0.02328526741435874
34.54463005,0.003997863736934462
34.54599524,0.018310826276035707
34.55302596,0.0285648889906157
34.55306983,0.007644769970244907
34.55309987,0.008972304875257495
34.56209207,0.02610818646524758
34.56215572,0.023193713282978562
34.57627439,0.0038452735179674985
34.57638526,0.018112458991378654
34.57645631,0.02835126268406195
34.59212756,0.007598992904554818
34.59219003,0.008728160524910353
34.60540533,0.025879301136797133
34.60552835,0.022919050888838024
34.61309075,0.0037842374303807126
34.61317325,0.01808194094758526
34.61900043,0.028412298771648737
34.61905217,0.007629510948348211
34.619102,0.008789196612497139
34.62706566,0.02594033722438392
34.62711763,0.022964827954528116
34.64129496,0.0037689784084840162
34.64140463,0.01799038681620508
34.64147639,0.028336003662165255
34.66617489,0.007553215838864729
34.66626954,0.008682383459220264
34.6663394,0.025955596246280615
34.66640663,0.023132677195391776
34.6762588,0.00392156862745098
34.67638469,0.018097199969481958
34.68505359,0.028503852903028915
34.68512893,0.0077515831235217825
34.6851666,0.00874341954680705
34.69302654,0.026001373311970704
34.69306278,0.023086900129701687
34.70744801,0.0038147554741741053
34.70755696,0.01799038681620508
34.73136568,0.02844281681544213
34.73143768,0.007690547035934997
34.73152828,0.00869764248111696
34.73299384,0.02597085526817731
34.73303509,0.02316319523918517
34.74233556,0.003906309605554284
34.74239874,0.018051422903791865
34.75102949,0.028809033340962846
34.75109005,0.007797360189211872
34.75112724,0.008789196612497139
34.77359414,0.0260166323338674
34.77362037,0.023270008392462044
34.7736392,0.00392156862745098
34.77366161,0.01803616388189517
34.81129265,0.028595407034409093
34.8113904,0.007797360189211872
34.81145287,0.008758678568703746
34.8132,0.0260166323338674
34.8133533,0.02328526741435874
34.81342745,0.00392156862745098
34.81349516,0.018097199969481958
34.81597209,0.028625925078202486
34.81602573,0.007797360189211872
34.81607032,0.008789196612497139
34.83897781,0.026001373311970704
34.83901286,0.023422598611429007
34.84171677,0.003906309605554284
34.84174228,0.018066681925688565
34.84176445,0.0285648889906157
34.85680223,0.007797360189211872
34.85684538,0.008789196612497139
34.87099862,0.02597085526817731
34.87105274,0.023422598611429007
34.87107778,0.0038757915617608912
34.87110591,0.01786831464103151
34.87113285,0.028473334859235522
34.89598298,0.007782101167315175
34.89600372,0.008545052262149997
34.92011976,0.02583352407110704
34.92018843,0.023422598611429007
34.92022419,0.003860532539864195
34.92026567,0.01821927214465553
34.92030549,0.02865644312199588
34.93400311,0.007919432364385443
34.93404651,0.008789196612497139
34.93407583,0.02589456015869383
34.93410778,0.023270008392462044
34.93413019,0.0037384603646906235
34.94994092,0.017914091706721598
34.96552634,0.0285648889906157
34.96556473,0.007797360189211872
34.96559596,0.00869764248111696
34.97625542,0.025955596246280615
34.97636318,0.023422598611429007
34.97642517,0.0038452735179674985
34.97649145,0.01765468833447776
34.97653055,0.028305485618371862
34.9922092,0.007568474860761425
34.99223709,0.00814831769283589
34.99813724,0.025513084611276417
34.99818015,0.02320897230487526
35.01021266,0.0037689784084840162
35.01033759,0.018142977035172047
35.02450585,0.02873273823147936
35.02457142,0.00814831769283589
35.02460194,0.008804455634393835
35.03705573,0.02606240939955749
35.03710723,0.023422598611429007
35.0422349,0.00375371938658732
35.04231143,0.01731898985275044
35.04753518,0.028046082246128024
35.05798531,0.0073243305104142824
35.05802202,0.007995727473868924
35.05805969,0.025391012436102846
35.05808854,0.023224231326771955
35.08303523,0.0038757915617608912
35.08311677,0.01803616388189517
35.1033051,0.02873273823147936
35.10335255,0.008056763561455712
35.10338688,0.008621347371633479
35.10342574,0.025879301136797133
35.10346365,0.023392080567635615
35.10595989,0.0037842374303807126
35.1059916,0.0174868390936141
35.10601926,0.028473334859235522
35.12102294,0.007736324101625086
35.12106919,0.008361943999389639
35.1339767,0.025604638742656595
35.13401294,0.02340733958953231
35.13403702,0.0037842374303807126
35.14798617,0.01773098344396124
35.15699172,0.02848859388113222
35.15702724,0.007797360189211872
35.15706635,0.008300907911802853
35.16196775,0.025558861676966506
35.16200042,0.023315785458152133
35.17636776,0.0037384603646906235
35.17647767,0.017593652246890974
35.17825913,0.02839703974975204
35.19198537,0.007812619211108568
35.1920197,0.008361943999389639
35.19900465,0.025635156786449988
35.19906545,0.023422598611429007
35.22439837,0.0037689784084840162
35.22447753,0.01782253757534142
35.22452092,0.028549629968719004
35.22455454,0.00788891432059205
35.22458696,0.008545052262149997
35.22463894,0.02566567483024338
35.22467828,0.02323949034866865
35.24046445,0.0036316472114137485
35.24055672,0.017242694743266958
35.24062753,0.02822919050888838
35.26402426,0.007629510948348211
35.26407051,0.008087281605249104
35.27839637,0.02542153047989624
35.27850747,0.023422598611429007
35.27856731,0.0038300144960708017
35.27863598,0.017853055619134812
35.27870178,0.02865644312199588
35.29697275,0.0081025406271458
35.29699469,0.008422980086976424
35.29701734,0.025696192874036773
35.29703975,0.023422598611429007
35.31244516,0.003906309605554284
35.31255484,0.017471580071717403
35.32100105,0.028534370946822308
35.34527063,0.007873655298695353
35.34536743,0.008392462043183032
35.34543777,0.02571145189593347
35.34550428,0.02366674296177615
35.34555769,0.003906309605554284
35.34562421,0.01777676050965133
35.3520515,0.028702220187685968
35.35212421,0.007995727473868924
35.35216188,0.008392462043183032
35.37151551,0.02571145189593347
35.37157798,0.02357518883039597
35.37161374,0.0038300144960708017
35.37165284,0.017425803006027314
35.37302184,0.028412298771648737
35.39708638,0.007797360189211872
35.39714837,0.008209353780422675
35.39718938,0.025528343633173113
35.39722753,0.023437857633325704
35.40710163,0.0038452735179674985
35.40718341,0.017624170290684367
35.41803098,0.02865644312199588
35.41810226,0.00801098649576562
35.41814661,0.008377203021286335
35.42896771,0.025635156786449988
35.42899561,0.023422598611429007
35.43895626,0.00375371938658732
35.43897963,0.0174868390936141
35.45201492,0.02865644312199588
35.4663353,0.008026245517662317
35.46639872,0.008209353780422675
35.46645188,0.025574120698863202
35.46650338,0.023422598611429007
35.47613144,0.00375371938658732
35.47623348,0.017425803006027314
35.48911715,0.028595407034409093
35.48919702,0.008072022583352408
35.48923278,0.008300907911802853
35.49096322,0.02561989776455329
35.49099588,0.02374303807125963
35.51601982,0.003936827649347677
35.51607728,0.017639429312581063
35.51611137,0.028702220187685968
35.52598715,0.008209353780422675
35.52602935,0.00827038986800946
35.53094959,0.025558861676966506
35.53099251,0.02340733958953231
35.54546905,0.003692683299000534
35.54557991,0.01710536354619669
35.55199289,0.028412298771648737
35.55204749,0.007904173342488746
35.55208445,0.008087281605249104
35.57532716,0.025482566567483024
35.57544446,0.023514152742809186
35.57550335,0.00375371938658732
35.57556558,0.017502098115510796
35.57561183,0.028717479209582664
35.59104848,0.008331425955596246
35.59110975,0.008331425955596246
35.5911572,0.02561989776455329
35.59120703,0.023529411764705882
35.60637069,0.0038452735179674985
35.60646462,0.017334248874647136
35.63117671,0.02868696116578927
35.63127518,0.008194094758525979
35.6404016,0.008255130846112764
35.64052796,0.025528343633173113
35.64059949,0.023514152742809186
35.65297318,0.003799496452277409
35.65301156,0.017380025940337225
35.65304542,0.028717479209582664
35.66743422,0.008239871824216068
35.6675303,0.008209353780422675
35.68112183,0.025574120698863202
35.68121791,0.023559929808499275
35.68125677,0.0038757915617608912
35.68129826,0.01727321278706035
35.68133712,0.02868696116578927
35.6813693,0.008194094758525979
35.6814034,0.008133058670939193
35.70602703,0.02554360265506981
35.70604992,0.023636224917982757
35.71491075,0.003860532539864195
35.71494436,0.017349507896543832
35.71496654,0.028717479209582664
35.72093964,0.008300907911802853
35.72097492,0.008255130846112764
35.73446345,0.0255893797207599
35.73458362,0.023651483939879453
35.73464251,0.0038147554741741053
35.73896313,0.017242694743266958
35.75313592,0.02865644312199588
35.7531805,0.008300907911802853
35.75320625,0.008087281605249104
35.76715064,0.025436789501792935
35.76723886,0.023773556115053024
35.78106856,0.0038757915617608912
35.7811265,0.017547875181200885
35.78116322,0.028824292362859542
35.7869947,0.008590829327840086
35.78703547,0.008285648889906157
35.80126333,0.025635156786449988
35.80138993,0.023727779049362935
35.80843425,0.0038910505836575876
35.80856371,0.017074845502403294
35.83205748,0.028580148012512397
35.83213115,0.008239871824216068
35.83216953,0.008072022583352408
35.83220911,0.025467307545586328
35.83224773,0.02374303807125963
35.84228659,0.0038452735179674985
35.84241414,0.017242694743266958
35.842484,0.028747997253376057
35.85806727,0.00848401617456321
35.85813618,0.0081025406271458
35.86307144,0.02554360265506981
35.86311984,0.02374303807125963
35.86315298,0.003860532539864195
35.88696814,0.017135881589990083
35.88699222,0.028702220187685968
35.88701606,0.008377203021286335
35.88703537,0.008041504539559013
35.90235734,0.025436789501792935
35.90244865,0.023697261005569542
35.90250874,0.0038757915617608912
35.90259719,0.017135881589990083
35.91043067,0.028702220187685968
35.92153311,0.00831616693369955
35.92160773,0.008056763561455712
35.94517922,0.02542153047989624
35.94528866,0.023804074158846417
35.94534802,0.0038300144960708017
35.94541717,0.017349507896543832
35.95905805,0.028885328450446328
35.9591291,0.008728160524910353
35.95916629,0.008133058670939193
35.96618629,0.025574120698863202
35.96627903,0.02374303807125963
35.97521901,0.0037384603646906235
35.97533035,0.016601815823605707
35.9811058,0.028381780727855344
35.9877305,0.007965209430075532
35.98777914,0.007705806057831693
36.01352501,0.025009536888685437
36.01360464,0.023514152742809186
36.02196503,0.003906309605554284
36.02203083,0.017242694743266958
36.03102231,0.0290074006256199
36.03109455,0.00874341954680705
36.03115225,0.008255130846112764
36.05303025,0.0255893797207599
36.0530982,0.02392614633401999
36.05313468,0.0038757915617608912
36.05317664,0.01680018310826276
36.05321574,0.0285648889906157
36.06302476,0.008255130846112764
36.0630703,0.007797360189211872
36.07240462,0.025177386129549097
36.07254839,0.023651483939879453
36.07261157,0.0038300144960708017
36.08595634,0.01715114061188678
36.085989,0.028809033340962846
36.09594321,0.008758678568703746
36.09597945,0.008072022583352408
36.0960021,0.025436789501792935
36.09602427,0.02383459220263981
36.10842419,0.0038147554741741053
36.10853481,0.016861219195849545
36.1130898,0.02865644312199588
36.12006402,0.008392462043183032
36.12012911,0.007858396276798657
36.13300729,0.025223163195239186
36.13305664,0.02378881513694972
36.14745593,0.003860532539864195
36.14756608,0.017090104524299994
36.15306258,0.02877851529716945
36.15311599,0.00869764248111696
36.15314436,0.008072022583352408
36.16199493,0.025513084611276417
36.16202903,0.024124513618677044
36.17624807,0.00392156862745098
36.17627192,0.016891737239642938
36.17629433,0.0285648889906157
36.19102764,0.008239871824216068
36.19107461,0.007629510948348211
36.20562124,0.024933241779201955
36.20574689,0.023422598611429007
36.21343827,0.0038147554741741053
36.21356273,0.01687647821774624
36.22101521,0.028763256275272753
36.2210784,0.008682383459220264
36.22110844,0.008041504539559013
36.22801352,0.025513084611276417
36.22805619,0.02423132677195392
36.2422905,0.003952086671244373
36.24242854,0.017135881589990083
36.25602698,0.028824292362859542
36.26903653,0.008590829327840086
36.26908398,0.007812619211108568
36.27848148,0.025177386129549097
36.27859044,0.023804074158846417
36.2920351,0.0037384603646906235
36.29211545,0.01680018310826276
36.29215956,0.028641184100099183
36.29219294,0.008590829327840086
36.29222608,0.007827878233005264
36.30597425,0.02520790417334249
36.30599761,0.0238803692683299
36.3111248,0.003906309605554284
36.31116986,0.016937514305333027
36.31120968,0.028809033340962846
36.33611274,0.008621347371633479
36.33618355,0.007827878233005264
36.33623552,0.025223163195239186
36.33628464,0.023987182421606777
36.33632493,0.003860532539864195
36.3510232,0.016830701152056152
36.35104585,0.028747997253376057
36.35106373,0.008636606393530175
36.35108113,0.007797360189211872
36.36099339,0.025238422217135882
36.36102653,0.024078736552986955
36.37549329,0.003952086671244373
36.37560415,0.01701380941481651
36.37568903,0.028747997253376057
36.4007225,0.008667124437323568
36.40078354,0.007797360189211872
36.40082479,0.025192645151445793
36.40086389,0.02392614633401999
36.41146278,0.0038300144960708017
36.41157436,0.016983291371023116
36.42015576,0.028809033340962846
36.42021823,0.008834973678187228
36.42025447,0.007965209430075532
36.4279995,0.025314717326619364
36.42803764,0.023987182421606777
36.44202232,0.0037842374303807126
36.44205761,0.016449225604638743
36.44716716,0.028503852903028915
36.47105122,0.008300907911802853
36.47109795,0.007492179751277943
36.47113824,0.024841687647821773
36.47117829,0.023605706874189364
36.47294354,0.0037842374303807126
36.47298336,0.016815442130159456
36.50735235,0.02887006942854963
36.50745177,0.009002822919050888
36.50751352,0.00788891432059205
36.50758171,0.025360494392309453
36.5076468,0.024246585793850615
36.50919104,0.003997863736934462
36.50922608,0.01692225528343633
36.51877642,0.02877851529716945
36.53101492,0.008636606393530175
36.53107405,0.0077515831235217825
36.53113246,0.025101091020065615
36.53117275,0.02392614633401999
36.54146624,0.0038147554741741053
36.54157925,0.01658655680170901
36.55041313,0.028641184100099183
36.55052781,0.008590829327840086
36.55059123,0.0077515831235217825
36.56306148,0.02508583199816892
36.56312943,0.024002441443503473
36.58796072,0.00375371938658732
36.58798909,0.016617074845502403
36.58801246,0.02861066605630579
36.58803177,0.00874341954680705
36.5880506,0.007736324101625086
36.59693074,0.02504005493247883
36.59696817,0.023941405355916687
36.60614681,0.0038452735179674985
36.60624695,0.016662851911192492
36.61999893,0.028747997253376057
36.62010241,0.008712901503013657
36.62013245,0.007797360189211872
36.6381824,0.025070572976272222
36.63820648,0.02409399557488365
36.63822556,0.003860532539864195
36.63824773,0.016891737239642938
36.64624047,0.02887006942854963
36.65221119,0.008987563897154192
36.65230775,0.007797360189211872
36.6660347,0.02520790417334249
36.66608548,0.024109254596780347
36.67419291,0.0037384603646906235
36.67429304,0.016235599298084994
36.68801689,0.028366521705958648
36.68807888,0.008255130846112764
36.68811512,0.0073243305104142824
36.70202971,0.02468909742885481
36.70208049,0.023865110246433202
36.7092278,0.003906309605554284
36.70930696,0.01684596017395285
36.71547079,0.028976882581826506
36.72412539,0.009079118028534372
36.72418666,0.007827878233005264
36.73002625,0.025268940260929275
36.73008299,0.02409399557488365
36.75308871,0.0038452735179674985
36.75314569,0.016266117341878387
36.7532022,0.028641184100099183
36.75323677,0.00857557030594339
36.75327063,0.007476920729381247
36.76301003,0.024902723735408562
36.7630434,0.024109254596780347
36.77394557,0.003860532539864195
36.77397513,0.016693369954985885
36.77399731,0.028931105516136417
36.78707075,0.009201190203707943
36.78711843,0.007797360189211872
36.80110574,0.0251621271076524
36.80115819,0.024200808728160526
36.82535958,0.0037842374303807126
36.82542825,0.01641870756084535
36.82546353,0.028763256275272753
36.82549119,0.008804455634393835
36.82551813,0.007614251926451514
36.82708049,0.02491798275730526
36.8271358,0.024246585793850615
36.8413105,0.0038300144960708017
36.84142017,0.016769665064469367
36.84149098,0.028931105516136417
36.85610032,0.009048599984740979
36.85616159,0.00772106507972839
36.86955333,0.025024795910582133
36.86959147,0.024109254596780347
36.88458395,0.0038300144960708017
36.88469553,0.01625085831998169
36.88476729,0.028641184100099183
36.88482308,0.008804455634393835
36.88490105,0.0075379568169680325
36.89795899,0.024963759822995348
36.89798617,0.024216067750057222
36.90728879,0.003936827649347677
36.90738082,0.016556038757915618
36.91649485,0.02891584649423972
36.93915033,0.009140154116121157
36.93925452,0.007705806057831693
36.94851303,0.024979018844892044
36.94862604,0.024246585793850615
36.96275783,0.0038452735179674985
36.96281648,0.016601815823605707
36.96285915,0.028900587472343024
36.96290493,0.009048599984740979
36.96293926,0.00772106507972839
36.97136497,0.025070572976272222
36.9713881,0.024338139925230793
36.98691607,0.0038910505836575876
36.98693991,0.016403448538948654
36.9869628,0.028717479209582664
36.99795079,0.008880750743877317
36.99798369,0.0075379568169680325
36.9980123,0.024780651560234988
36.99804068,0.024048218509193562
37.01250577,0.0038757915617608912
37.01261568,0.01641870756084535
37.0182395,0.028885328450446328
37.01833725,0.009185931181811246
37.01839757,0.007766842145418479
37.03197885,0.025146868085755704
37.03201294,0.024490730144197757
37.03203917,0.0039673456931410694
37.03207016,0.016662851911192492
37.042099,0.02896162355992981
37.06606603,0.009201190203707943
37.06612992,0.007766842145418479
37.06617618,0.025101091020065615
37.06622028,0.024368657969024186
37.07601929,0.0038757915617608912
37.07605886,0.01606775005722133
37.08410478,0.02861066605630579
37.08413982,0.008621347371633479
37.08416486,0.007278553444724193
37.097965,0.024612802319371328
37.09799242,0.02401770046540017
37.12298894,0.003860532539864195
37.12303114,0.01654077973601892
37.12305593,0.028992141603723202
37.12822771,0.009308003356984817
37.12825537,0.007782101167315175
37.13295412,0.02504005493247883
37.13298202,0.024383916990920882
37.13924336,0.00375371938658732
37.1393435,0.01654077973601892
37.15308881,0.028931105516136417
37.15316653,0.009231708247501335
37.15321112,0.00772106507972839
37.16225505,0.0251621271076524
37.16231585,0.024719615472648202
37.1762116,0.0039673456931410694
37.17630196,0.016556038757915618
37.18910074,0.028885328450446328
37.19101858,0.009185931181811246
37.19106007,0.007492179751277943
37.19897461,0.02481116960402838
37.19902492,0.02413977264057374
37.20713186,0.0037079423208972303
37.2072258,0.01617456321049821
37.21638155,0.028809033340962846
37.21648121,0.009079118028534372
37.21654081,0.007476920729381247
37.23895097,0.024963759822995348
37.2389791,0.024490730144197757
37.24096131,0.003936827649347677
37.24098706,0.016433966582742047
37.24100924,0.028976882581826506
37.25706148,0.009262226291294728
37.25711465,0.00750743877317464
37.26340485,0.02485694666971847
37.26344895,0.0243076218814374
37.27252197,0.003906309605554284
37.27263522,0.016235599298084994
37.29689813,0.028885328450446328
37.29696679,0.009185931181811246
37.29700303,0.007598992904554818
37.30902791,0.024979018844892044
37.30905342,0.024582284275577935
37.31991553,0.003906309605554284
37.319947,0.016525520714122225
37.31997037,0.028992141603723202
37.33305907,0.00929274433508812
37.33310056,0.00750743877317464
37.34747577,0.024826428625925077
37.34758449,0.024292362859540704
37.34764481,0.0038147554741741053
37.34771276,0.01617456321049821
37.35305429,0.02873273823147936
37.35311961,0.009048599984740979
37.35314846,0.007400625619897764
37.37094355,0.02481116960402838
37.37096858,0.024444953078507668
37.38101268,0.003997863736934462
37.3810389,0.016479743648432136
37.38106084,0.028931105516136417
37.3860085,0.009445334554055084
37.38607907,0.007598992904554818
37.39894843,0.024963759822995348
37.39900827,0.02435339894712749
37.40809941,0.003799496452277409
37.40820074,0.015915159838254367
37.41738105,0.028625925078202486
37.41749668,0.008880750743877317
37.41756034,0.007171740291447318
37.44127464,0.024536507209887846
37.44138241,0.024292362859540704
37.46327758,0.0038300144960708017
37.4633193,0.016601815823605707
37.46334362,0.029053177691309988
37.46336269,0.00959792477302205
37.46338105,0.007690547035934997
37.46340251,0.025055313954375526
37.46342421,0.02447547112230106
37.47655296,0.0038452735179674985
37.47666454,0.015625238422217136
37.49002647,0.028503852903028915
37.49009609,0.008606088349736783
37.49014091,0.006927595941100175
37.50295281,0.024383916990920882
37.50297689,0.02409399557488365
37.50801253,0.0038910505836575876
37.50803494,0.016403448538948654
37.50805616,0.029114213778896773
37.52207994,0.009689478904402228
37.52213883,0.007736324101625086
37.53097987,0.025238422217135882
37.53104305,0.024841687647821773
37.5474093,0.0039673456931410694
37.54753494,0.01602197299153124
37.56103802,0.02883955138475624
37.56110144,0.008941786831464103
37.56113148,0.007034409094377051
37.56717086,0.024444953078507668
37.56721759,0.024292362859540704
37.576123,0.003906309605554284
37.5761683,0.016388189517051958
37.5762074,0.029114213778896773
37.591434,0.009643701838712139
37.59154534,0.007568474860761425
37.59699106,0.02494850080109865
37.59706497,0.024536507209887846
37.62122798,0.00392156862745098
37.62135386,0.01594567788204776
37.62142873,0.028824292362859542
37.62148619,0.009155413138017853
37.62154031,0.007248035400930801
37.62812209,0.024628061341268024
37.6281805,0.024444953078507668
37.64219952,0.0038452735179674985
37.64225388,0.01617456321049821
37.64229393,0.029053177691309988
37.66007948,0.009445334554055084
37.66017222,0.0073701075761043715
37.67304301,0.024826428625925077
37.67309928,0.02459754329747463
37.69703126,0.0039673456931410694
37.69711113,0.01606775005722133
37.69715548,0.028900587472343024
37.71096039,0.009323262378881514
37.71098208,0.007339589532310979
37.72549295,0.024673838406958113
37.72560024,0.024505989166094453
37.72566628,0.003906309605554284
37.72572565,0.016144045166704816
37.72576761,0.028793774319066146
37.72580028,0.009399557488364995
37.72583342,0.0073701075761043715
37.73316503,0.02468909742885481
37.7332375,0.024505989166094453
37.73327446,0.003860532539864195
37.7609899,0.016083009079118027
37.76104164,0.028885328450446328
37.76106668,0.009445334554055084
37.76108623,0.00729381246662089
37.76110959,0.024673838406958113
37.76113153,0.024490730144197757
37.77300811,0.0038452735179674985
37.77307129,0.016159304188601512
37.77312112,0.028992141603723202
37.78848505,0.009445334554055084
37.78858399,0.007278553444724193
37.81221175,0.02459754329747463
37.81231999,0.024444953078507668
37.81238008,0.0037842374303807126
37.81244659,0.016235599298084994
37.82047319,0.02877851529716945
37.82057428,0.009643701838712139
37.8206358,0.007476920729381247
37.82800817,0.02491798275730526
37.82805705,0.024841687647821773
37.84205222,0.003906309605554284
37.8420763,0.01594567788204776
37.84209895,0.028809033340962846
37.86714292,0.009018081940947584
37.86720395,0.006729228656443122
37.86724663,0.02409399557488365
37.86728621,0.023804074158846417
37.87706709,0.003692683299000534
37.87714005,0.015716792553597314
37.88337469,0.028900587472343024
37.88346457,0.009582665751125354
37.88352776,0.007553215838864729
37.89809227,0.024979018844892044
37.89816093,0.02504005493247883
37.90605807,0.004074158846417945
37.90611243,0.01637293049515526
37.92929196,0.029068436713206684
37.92935395,0.009475852597848477
37.92938995,0.007049668116273747
37.93201351,0.024322880903334097
37.93207002,0.02391088731212329
37.9410708,0.0036774242771038376
37.94114375,0.015411612115663387
37.95825362,0.028824292362859542
37.95836997,0.00946059357595178
37.95843291,0.007232776379034104
37.95850039,0.024795910582131684
37.95856643,0.02491798275730526
37.98631167,0.004089417868314641
37.98642039,0.01629663538567178
37.98649287,0.02912947280079347
37.98654985,0.009521629663538568
37.98660541,0.007141222247653925
38.00115633,0.02447547112230106
38.00122595,0.024292362859540704
38.00700831,0.003799496452277409
38.00706959,0.015747310597390707
38.02149653,0.028641184100099183
38.02161121,0.009445334554055084
38.02167249,0.007248035400930801
38.03110075,0.0247348744945449
38.03117824,0.02481116960402838
38.0535326,0.003936827649347677
38.05364251,0.016083009079118027
38.05371523,0.0290074006256199
38.05558324,0.009521629663538568
38.05568337,0.007095445181963836
38.06305075,0.024536507209887846
38.06312037,0.024414435034714275
38.07200098,0.0038452735179674985
38.07205367,0.015869382772564278
38.08642983,0.028885328450446328
38.08652949,0.009491111619745174
38.08658862,0.007232776379034104
38.09898376,0.024628061341268024
38.09901881,0.024658579385061417
38.11297011,0.0038910505836575876
38.11299491,0.01594567788204776
38.11301661,0.028946364538033113
38.11814165,0.00946059357595178
38.11820865,0.007110704203860532
38.13202643,0.02447547112230106
38.13208365,0.02447547112230106
38.14097047,0.0038300144960708017
38.1410141,0.015884641794460974
38.1534338,0.028946364538033113
38.15353322,0.00959792477302205
38.15359378,0.0072022583352407115
38.17795491,0.024658579385061417
38.17798162,0.0247348744945449
38.19236994,0.0039673456931410694
38.19239569,0.016144045166704816
38.19241834,0.029022659647516595
38.19243693,0.00955214770733196
38.19245553,0.007125963225757229
38.20600915,0.024490730144197757
38.20607352,0.024490730144197757
38.21106648,0.0037842374303807126
38.21119761,0.015869382772564278
38.22539973,0.02883955138475624
38.225528,0.00946059357595178
38.22558928,0.007171740291447318
38.23805904,0.02456702525368124
38.2381146,0.024551766231784542
38.24592876,0.003799496452277409
38.24595308,0.016098268101014723
38.24597526,0.02896162355992981
38.25344658,0.009826810101472495
38.25354433,0.007263294422827497
38.26308155,0.024719615472648202
38.26317668,0.024719615472648202
38.2770083,0.0038452735179674985
38.27708435,0.01565575646601053
38.291399,0.028747997253376057
38.29151392,0.009109636072327764
38.29157639,0.0067750057221332115
38.30450869,0.024124513618677044
38.30457759,0.02418554970626383
38.30461359,0.0037842374303807126
38.30465364,0.01594567788204776
38.31239963,0.02908369573510338
38.32133079,0.00988784618905928
38.32142901,0.007354848554207675
38.33435655,0.02481116960402838
38.33443594,0.024872205691615166
38.33448148,0.003906309605554284
38.34798861,0.0157778286411841
38.36201572,0.02887006942854963
38.36207414,0.009491111619745174
38.3621006,0.006927595941100175
38.36212945,0.024383916990920882
38.36215782,0.02452124818799115
38.37197113,0.0038910505836575876
38.37200832,0.015884641794460974
38.37203693,0.029053177691309988
38.38747835,0.00976577401388571
38.3875761,0.007309071488517586
38.41107559,0.024658579385061417
38.41114259,0.024750133516441595
38.41117835,0.003906309605554284
38.41121888,0.01594567788204776
38.41729069,0.02903791866941329
38.41737866,0.009689478904402228
38.41743326,0.007141222247653925
38.44105268,0.024505989166094453
38.44111419,0.024719615472648202
38.4411459,0.0038452735179674985
38.44119668,0.0157778286411841
38.44302702,0.028992141603723202
38.46768761,0.009704737926298924
38.4677496,0.007034409094377051
38.48169136,0.024490730144197757
38.48178387,0.024719615472648202
38.49044251,0.0038452735179674985
38.4905684,0.0157778286411841
38.50368214,0.028992141603723202
38.50373578,0.009674219882505532
38.50377345,0.00708018616006714
38.5038147,0.02447547112230106
38.50389051,0.024704356450751506
38.51235032,0.00392156862745098
38.51243615,0.015793087663080796
38.51250482,0.028946364538033113
38.5264771,0.009643701838712139
38.52656746,0.007049668116273747
38.55030107,0.024460212100404364
38.55042481,0.02468909742885481
38.55048561,0.0038452735179674985
38.55055285,0.015716792553597314
38.55328488,0.028931105516136417
38.55339956,0.009674219882505532
38.55345964,0.007049668116273747
38.56805158,0.02447547112230106
38.56813383,0.024704356450751506
38.56817031,0.00392156862745098
38.56821036,0.015716792553597314
38.57701349,0.028900587472343024
38.59148955,0.009613183794918746
38.59158707,0.0069886320286869615
38.6133945,0.024383916990920882
38.61348748,0.024612802319371328
38.6135478,0.0038147554741741053
38.61361694,0.01582360570687419
38.61729264,0.02896162355992981
38.6174221,0.009704737926298924
38.63107252,0.00708018616006714
38.63115358,0.024460212100404364
38.63119674,0.024704356450751506
38.63123035,0.0038300144960708017
38.63126993,0.015701533531700618
38.64897537,0.028900587472343024
38.66027784,0.009689478904402228
38.66033101,0.007003891050583658
38.67296576,0.02442969405661097
38.67299914,0.0247348744945449
38.67301989,0.003936827649347677
38.67304277,0.015747310597390707
38.68324208,0.028946364538033113
38.68329859,0.009689478904402228
38.68332911,0.007049668116273747
38.69906044,0.024460212100404364
38.69912982,0.024704356450751506
38.71134591,0.0038757915617608912
38.71141362,0.015930418860151063
38.72557998,0.029053177691309988
38.73300791,0.009826810101472495
38.73304868,0.0071564812695506215
38.73308372,0.024551766231784542
38.73311639,0.02481116960402838
38.73314476,0.0039673456931410694
38.74294901,0.015640497444113832
38.75206423,0.028854810406652935
38.7521162,0.009582665751125354
38.75215077,0.006897077897306782
38.76606965,0.02426184481574731
38.76613855,0.024551766231784542
38.79128909,0.0038452735179674985
38.79139996,0.015625238422217136
38.79147291,0.02896162355992981
38.79152846,0.009781033035782406
38.79158354,0.007125963225757229
38.79356003,0.024490730144197757
38.79361773,0.024795910582131684
38.80707383,0.0038910505836575876
38.80714226,0.01582360570687419
38.81646705,0.0290074006256199
38.81656885,0.00976577401388571
38.81662846,0.0069886320286869615
38.83898878,0.024368657969024186
38.83902693,0.024658579385061417
38.84096241,0.0038147554741741053
38.84098816,0.015579461356527047
38.84101105,0.02887006942854963
38.85548401,0.009781033035782406
38.85558176,0.006958113984893569
38.8660512,0.024460212100404364
38.86610842,0.024795910582131684
38.87204409,0.00392156862745098
38.87211776,0.015625238422217136
38.89905071,0.028885328450446328
38.89911413,0.009658960860608835
38.89915371,0.007003891050583658
38.89920282,0.024414435034714275
38.89925122,0.024872205691615166
38.90601802,0.003936827649347677
38.9060576,0.015869382772564278
38.91298795,0.029022659647516595
38.92181897,0.009811551079575799
38.92194462,0.006897077897306782
38.93406987,0.024200808728160526
38.93413615,0.02435339894712749
38.93417025,0.0036774242771038376
38.94856024,0.015152208743419547
38.94858503,0.028336003662165255
38.97598171,0.014984359502555887
38.97600365,0.004303044174868391
38.98156309,0.020477607385366598
38.98159385,0.027725642786297397
38.98161674,0.006027313649195087
38.98163915,0.01104753185320821
38.98898554,0.027267872129396506
39.00298309,0.02107270923933776
39.00302052,0.004303044174868391
39.00305223,0.020355535210193027
39.00308299,0.02746623941405356
39.01719856,0.005676356145571069
39.01726437,0.010849164568551155
39.01731706,0.027115281910429542
39.03106332,0.021087968261234456
39.03111529,0.004318303196765088
39.03114986,0.02059967956054017
39.03118181,0.027771419851987486
39.04599237,0.005920500495918211
39.04602575,0.010910200656137941
39.04606962,0.027054245822842757
39.05104566,0.02072175173571374
39.05109167,0.004104676890211338
39.06404305,0.020141908903639278
39.0641098,0.027359426260776684
39.08818674,0.005676356145571069
39.08825278,0.010833905546654459
39.08830595,0.02708476386663615
39.08835483,0.02093537804226749
39.08839464,0.004211490043488212
39.09121227,0.02026398107881285
39.09127736,0.027405203326466773
39.10501933,0.00563057907988098
39.10506916,0.010711833371480888
39.10512495,0.02699320973525597
39.12057352,0.020859082932784007
39.12061238,0.004165712977798123
39.14320159,0.02038605325398642
39.14325857,0.02754253452353704
39.14329338,0.0057984283207446405
39.14536309,0.010803387502861066
39.14540267,0.027100022888532846
39.1509645,0.020920119020370793
39.15098548,0.004196231021591516
39.16496849,0.02034027618829633
39.16499949,0.027512016479743648
39.16900301,0.005783169298847944
39.16904283,0.010833905546654459
39.17831445,0.027115281910429542
39.19764638,0.02111848630502785
39.19768429,0.004333562218661784
39.21129298,0.020584420538643473
39.21140361,0.0277103837644007
39.21146297,0.005859464408331426
39.21152139,0.010757610437170977
39.21158862,0.027023727779049364
39.21816468,0.020859082932784007
39.21821952,0.0041809719996948195
39.23102832,0.020401312275883116
39.23108006,0.02758831158922713
39.24118257,0.005752651255054551
39.24124146,0.010635538261997406
39.26398039,0.026901655603875793
39.26597476,0.020691233691920347
39.26600814,0.004165712977798123
39.27399874,0.020325017166399634
39.27403736,0.027740901808194093
39.276191,0.005905241474021515
39.27625656,0.010742351415274281
39.27630997,0.027023727779049364
39.28598022,0.020828564888990615
39.28600478,0.004165712977798123
39.2935133,0.020325017166399634
39.29355574,0.02758831158922713
39.30697227,0.0057984283207446405
39.3069942,0.010635538261997406
39.32097697,0.026947432669565882
39.3299036,0.02084382391088731
39.32993722,0.004196231021591516
39.33400774,0.02034027618829633
39.33407164,0.027603570611123826
39.33410311,0.005813687342641337
39.34332538,0.010772869459067674
39.34338737,0.027054245822842757
39.35201263,0.021087968261234456
39.35207009,0.004242008087281605
39.36634016,0.020523384451056687
39.36640668,0.0277103837644007
39.37998343,0.005996795605401694
39.380059,0.01078812848096437
39.38399649,0.027054245822842757
39.39713717,0.020828564888990615
39.39721751,0.004074158846417945
39.3972888,0.020401312275883116
39.39735794,0.027618829633020522
39.40740204,0.005828946364538033
39.40751648,0.010635538261997406
39.40758896,0.026932173647669186
39.41798997,0.020782787823300525
39.41802073,0.0041809719996948195
39.44030929,0.02038605325398642
39.44041824,0.027725642786297397
39.44047809,0.005935759517814908
39.44053292,0.010757610437170977
39.44059896,0.027069504844739453
39.46548939,0.020965896086060882
39.46558809,0.004242008087281605
39.46565914,0.020325017166399634
39.46572518,0.027512016479743648
39.47542214,0.005752651255054551
39.47556067,0.010574502174410621
39.47563529,0.02699320973525597
39.4979744,0.02093537804226749
39.49799538,0.0042725261310749985
39.49801755,0.02050812542915999
39.49803925,0.02775616083009079
39.50960827,0.005951018539711604
39.5097065,0.010696574349584192
39.50977802,0.027023727779049364
39.52304292,0.020874341954680704
39.5230999,0.004211490043488212
39.5310266,0.020279240100709545
39.53108811,0.027573052567330433
39.5311296,0.005828946364538033
39.54399085,0.010742351415274281
39.54402542,0.02703898680094606
39.55805564,0.021042191195544367
39.55810094,0.0042725261310749985
39.57211781,0.02055390249485008
39.57218838,0.027771419851987486
39.57222533,0.005981536583504998
39.57226849,0.010696574349584192
39.57851148,0.02691691462577249
39.58703089,0.02067597467002365
39.58707404,0.004104676890211338
39.59937716,0.020080872816052493
39.59947467,0.027450980392156862
39.59953308,0.005752651255054551
39.62300706,0.010910200656137941
39.623034,0.027145799954222935
39.62305784,0.021301594567788205
39.62307739,0.004364080262455177
39.62599874,0.020569161516746776
39.62604761,0.027649347676813915
39.64048433,0.005767910276951248
39.64058113,0.010177767605096514
39.64801025,0.02661173418783856
39.65496564,0.0200503547722591
39.65502453,0.003952086671244373
39.67844796,0.019806210421911954
39.67856073,0.027313649195086595
39.68704391,0.005813687342641337
39.6870985,0.010894941634241245
39.68714213,0.0272983901731899
39.6871829,0.02157625696192874
39.68721485,0.004486152437628748
39.70748973,0.020798046845197222
39.70759749,0.02789349202716106
39.7160275,0.005996795605401694
39.71608019,0.010269321736476692
39.716115,0.026703288319218737
39.72199655,0.019943541618982222
39.72203588,0.00392156862745098
39.74602056,0.0196078431372549
39.74612069,0.027222095063706417
39.74615145,0.005676356145571069
39.74617887,0.010650797283894103
39.74621367,0.027145799954222935
39.75302219,0.021393148699168384
39.75307131,0.004486152437628748
39.76317573,0.020752269779507133
39.76326847,0.027969787136644542
39.77230954,0.006073090714885176
39.77236819,0.010650797283894103
39.77731323,0.02696269169146258
39.79103398,0.02067597467002365
39.79108524,0.004242008087281605
39.79112864,0.020111390859845885
39.80535507,0.027557793545433737
39.80537796,0.005905241474021515
39.8129375,0.010574502174410621
39.81296396,0.027023727779049364
39.81836796,0.021179522392614634
39.81839514,0.004333562218661784
39.82729149,0.020584420538643473
39.82735729,0.027817196917677575
39.83908939,0.0060120546272983905
39.83917212,0.010681315327687495
39.85301518,0.027008468757152668
39.86235857,0.02072175173571374
39.86241746,0.004165712977798123
39.87614441,0.020157167925535974
39.87621617,0.027557793545433737
39.87625289,0.005935759517814908
39.87628698,0.011001754787518121
39.87632632,0.027237354085603113
39.89304376,0.021316853589684902
39.89309454,0.004303044174868391
39.89313793,0.020477607385366598
39.89317894,0.027527275501640344
39.90746403,0.005752651255054551
39.90756345,0.010040436408026246
39.9160347,0.02652018005645838
39.94029999,0.020035095750362403
39.9404006,0.003982604715037766
39.94047451,0.019851987487602044
39.94054508,0.02742046234836347
39.94059896,0.005783169298847944
39.9442122,0.010864423590447852
39.94425869,0.027145799954222935
39.95096922,0.021347371633478295
39.95099926,0.004364080262455177
39.96412778,0.020630197604333562
39.96423554,0.027740901808194093
39.98806643,0.005905241474021515
39.98814964,0.010467689021133745
39.98819208,0.0268711375600824
39.98823309,0.020584420538643473
39.98826647,0.004150453955901427
39.9979887,0.02009613183794919
39.99806452,0.02749675745784695
40.00715518,0.0060120546272983905
40.00726891,0.010818646524757763
40.0073421,0.027176317998016328
40.02103066,0.021255817502098116
40.02108121,0.004364080262455177
40.03544831,0.02050812542915999
40.03551722,0.027695124742504004
40.04801702,0.005874723430228122
40.04808402,0.010513466086823835
40.04815006,0.0268711375600824
40.07245636,0.020630197604333562
40.07255626,0.004196231021591516
40.07262802,0.02017242694743267
40.07269382,0.027527275501640344
40.08100796,0.005874723430228122
40.08108139,0.010833905546654459
40.08112526,0.027145799954222935
40.09522748,0.021210040436408027
40.09528685,0.004196231021591516
40.10832262,0.020614938582436865
40.1084125,0.02789349202716106
40.1084733,0.006042572671091783
40.1085279,0.010681315327687495
40.12205505,0.026947432669565882
40.12213492,0.02072175173571374
40.12217212,0.004089417868314641
40.13208961,0.020035095750362403
40.13219023,0.027313649195086595
40.13224816,0.005661097123674372
40.1409688,0.010406652933546959
40.14099765,0.026886396581979097
40.15395617,0.020996414129854278
40.15398788,0.004318303196765088
40.17149234,0.02050812542915999
40.17160344,0.027786678873884182
40.18008995,0.006027313649195087
40.18014359,0.010742351415274281
40.1801796,0.027054245822842757
40.18708301,0.02093537804226749
40.18713307,0.004257267109178301
40.20014238,0.02017242694743267
40.20024419,0.02746623941405356
40.20429921,0.0057984283207446405
40.20438933,0.010772869459067674
40.20446157,0.027115281910429542
40.2289772,0.021255817502098116
40.22900105,0.004379339284351873
40.23142695,0.020584420538643473
40.2314918,0.027649347676813915
40.24030662,0.005828946364538033
40.24040389,0.010284580758373388
40.24047446,0.02664225223163195
40.2550652,0.02017242694743267
40.25512767,0.004028381780727856
40.26331019,0.01991302357518883
40.26337647,0.02742046234836347
40.27761388,0.005859464408331426
40.2776866,0.010864423590447852
40.27772975,0.027191577019913024
40.30114126,0.02145418478675517
40.30120158,0.004501411459525444
40.31051803,0.020828564888990615
40.31065392,0.027908751049057757
40.31071377,0.0061341268024719614
40.31077313,0.010635538261997406
40.31398082,0.02691691462577249
40.32302213,0.020401312275883116
40.32307172,0.004119935912108034
40.33743691,0.01982146944380865
40.33756232,0.027267872129396506
40.33762383,0.0055848020141908905
40.36095238,0.010543984130617228
40.36097932,0.027054245822842757
40.36100221,0.021210040436408027
40.3610208,0.004470893415732051
40.36104298,0.02072175173571374
40.36106515,0.027969787136644542
40.37614083,0.006103608758678569
40.37620473,0.010681315327687495
40.37624764,0.027023727779049364
40.38975692,0.020752269779507133
40.38981938,0.004303044174868391
40.39799738,0.02017242694743267
40.39804983,0.027527275501640344
40.41800308,0.005783169298847944
40.41807675,0.010772869459067674
40.41812062,0.027069504844739453
40.41816092,0.021149004348821242
40.41819334,0.00434882124055848
40.42803812,0.020691233691920347
40.42810416,0.02784771496147097
40.44228363,0.005981536583504998
40.44238257,0.010696574349584192
40.44245243,0.02691691462577249
40.45711446,0.02050812542915999
40.45716691,0.004089417868314641
40.47140813,0.020019836728465707
40.47153354,0.02732890821698329
40.47159672,0.005645838101777676
40.47996426,0.010543984130617228
40.47999954,0.02699320973525597
40.48399591,0.021011673151750974
40.48404908,0.004303044174868391
40.49840617,0.020538643472953384
40.49849629,0.027603570611123826
40.50347733,0.005905241474021515
40.50357842,0.010696574349584192
40.51230311,0.027023727779049364
40.52605367,0.020859082932784007
40.52611589,0.004287785152971695
40.54027104,0.02021820401312276
40.54039907,0.027435721370260166
40.54046178,0.005737392233157855
40.54051876,0.01062027924010071
40.54058504,0.02699320973525597
40.55397224,0.020981155107957578
40.55400467,0.004242008087281605
40.56097436,0.020523384451056687
40.56102252,0.0277103837644007
40.57508087,0.005889982452124819
40.57513928,0.01062027924010071
40.59817815,0.02691691462577249
40.59828568,0.020706492713817044
40.59834623,0.004242008087281605
40.61766601,0.02026398107881285
40.61774611,0.027527275501640344
40.61778259,0.005935759517814908
40.61781693,0.010772869459067674
40.61785626,0.02708476386663615
40.6289866,0.02107270923933776
40.62900925,0.004318303196765088
40.64301658,0.020630197604333562
40.64307141,0.02780193789578088
40.64310145,0.005981536583504998
40.64312911,0.010666056305790799
40.6431632,0.027008468757152668
40.6684227,0.02072175173571374
40.6685214,0.004211490043488212
40.67001987,0.020202944991226063
40.67006803,0.027435721370260166
40.6700983,0.005737392233157855
40.67904782,0.010833905546654459
40.67908597,0.02713054093232624
40.68305445,0.02111848630502785
40.68311572,0.004318303196765088
40.69716811,0.020477607385366598
40.69722056,0.027557793545433737
40.70345688,0.005828946364538033
40.70355844,0.010833905546654459
40.7120595,0.02703898680094606
40.72604084,0.020920119020370793
40.72609997,0.004196231021591516
40.7390554,0.020279240100709545
40.7391386,0.02737468528267338
40.73917651,0.005600061036087587
40.74099398,0.010513466086823835
40.74103212,0.026855878538185704
40.75400901,0.02076752880140383
40.75404263,0.004196231021591516
40.76104808,0.020462348363469902
40.76113009,0.027618829633020522
40.77410936,0.005905241474021515
40.77418041,0.010803387502861066
40.78803778,0.027023727779049364
40.79628301,0.0208896009765774
40.79632449,0.0042267490653849086
40.81103706,0.020325017166399634
40.81112647,0.027481498435950255
40.81117082,0.005828946364538033
40.81121159,0.010772869459067674
40.8112607,0.02708476386663615
40.81698227,0.02102693217364767
40.81701446,0.0043945983062485695
40.82611322,0.020538643472953384
40.82619596,0.027618829633020522
40.85091972,0.005828946364538033
40.850981,0.010681315327687495
40.85102415,0.026977950713359275
40.85106421,0.02076752880140383
40.85109663,0.004211490043488212
40.86534429,0.020309758144502938
40.86545539,0.027512016479743648
40.87313557,0.005767910276951248
40.87320161,0.010757610437170977
40.87323737,0.02708476386663615
40.88282084,0.020965896086060882
40.88285065,0.004318303196765088
40.9068141,0.020401312275883116
40.90691519,0.027481498435950255
40.91902661,0.005737392233157855
40.91906691,0.010650797283894103
40.91910124,0.026932173647669186
40.93347645,0.020782787823300525
40.93357563,0.0042725261310749985
40.947052,0.02034027618829633
40.94713044,0.027557793545433737
40.94716954,0.005752651255054551
40.94720364,0.010803387502861066
40.94724298,0.02703898680094606
40.95303893,0.02093537804226749
40.95309234,0.004211490043488212
40.97709799,0.020477607385366598
40.97716498,0.02749675745784695
40.98566985,0.0057984283207446405
40.98571563,0.010559243152513925
40.98575616,0.02691691462577249
40.99731255,0.02076752880140383
40.99735856,0.004196231021591516
40.99741197,0.020325017166399634
40.99745107,0.02742046234836347
40.99748254,0.005737392233157855
41.01197577,0.010757610437170977
41.01200175,0.027069504844739453
41.01797915,0.020904859998474096
41.01801276,0.0042267490653849086
41.04305196,0.02038605325398642
41.04312277,0.027512016479743648
41.04316854,0.005645838101777676
41.04320216,0.010635538261997406
41.04324174,0.026932173647669186
41.05302405,0.020660715648126955
41.05307198,0.004165712977798123
41.06782913,0.020538643472953384
41.06798053,0.027649347676813915
41.06804252,0.005935759517814908
41.0723381,0.011108567940794995
41.07239532,0.02720683604180972
41.09627342,0.020996414129854278
41.0963552,0.0042725261310749985
41.09642673,0.020233463035019456
41.09649253,0.027069504844739453
41.11264539,0.005386434729533837
41.11269879,0.010040436408026246
41.11273384,0.026550698100251773
41.11900425,0.02009613183794919
41.11905122,0.004196231021591516
41.11909294,0.02021820401312276
41.13702273,0.02758831158922713
41.137043,0.0059662775616083005
41.14799619,0.011139085984588388
41.14803433,0.027389944304570077
41.17309999,0.021255817502098116
41.17314863,0.004455634393835355
41.18198061,0.02059967956054017
41.18201947,0.027527275501640344
41.18204474,0.00563057907988098
41.18208122,0.010376134889753566
41.18211055,0.02681010147249561
41.20598435,0.020462348363469902
41.20601797,0.004211490043488212
41.20795274,0.020584420538643473
41.20799041,0.02780193789578088
41.22196341,0.0061341268024719614
41.22199702,0.011337453269245441
41.22202754,0.02746623941405356
41.23098445,0.021271076523994813
41.23100901,0.0043945983062485695
41.23103189,0.020447089341573205
41.23105407,0.027313649195086595
41.24468422,0.005493247882810712
41.24471879,0.010528725108720532
41.24474883,0.026825360494392308
41.25340295,0.020630197604333562
41.25343418,0.0042267490653849086
41.26731324,0.020706492713817044
41.26742363,0.027832455939574275
41.26748466,0.00605783169298848
41.28101587,0.01126115815976196
41.28105211,0.027313649195086595
41.29505444,0.021057450217441064
41.29510379,0.004303044174868391
41.29514456,0.02055390249485008
41.29521966,0.02742046234836347
41.3092978,0.00563057907988098
41.30934453,0.010559243152513925
41.30938005,0.02696269169146258
41.31899142,0.020782787823300525
41.31902456,0.00434882124055848
41.31905413,0.02067597467002365
41.34299231,0.027649347676813915
41.34301448,0.005828946364538033
41.3489778,0.011078049897001603
41.34900999,0.027237354085603113
41.35397649,0.020996414129854278
41.35400414,0.004303044174868391
41.36320424,0.020584420538643473
41.36327195,0.027527275501640344
41.37802577,0.005661097123674372
41.37810946,0.010650797283894103
41.37816143,0.026947432669565882
41.39198089,0.020691233691920347
41.39201522,0.0042267490653849086
41.40612984,0.020691233691920347
41.40621209,0.027725642786297397
41.40626812,0.005981536583504998
41.41528773,0.011154345006485085
41.41532254,0.027283131151293202
41.41535425,0.020920119020370793
41.41537929,0.00434882124055848
41.43034983,0.020325017166399634
41.4304142,0.02725261310749981
41.43840003,0.0054169527733272296
41.43849134,0.010376134889753566
41.44468117,0.026749065384908826
41.45711231,0.02050812542915999
41.45714951,0.004287785152971695
41.48102093,0.02072175173571374
41.48109365,0.02784771496147097
41.48112559,0.0059662775616083005
41.48117518,0.011139085984588388
41.48121095,0.02725261310749981
41.49099326,0.020904859998474096
41.4910183,0.004364080262455177
41.4961307,0.020538643472953384
41.49617767,0.02746623941405356
41.51045251,0.005706874189364461
41.51051068,0.010772869459067674
41.51054811,0.027054245822842757
41.53531933,0.020782787823300525
41.53541923,0.004318303196765088
41.5354917,0.020706492713817044
41.53555846,0.02766460669871061
41.53561211,0.005783169298847944
41.54391503,0.011017013809414817
41.54398108,0.02716105897611963
41.55676985,0.02072175173571374
41.55679822,0.004242008087281605
41.56303048,0.02059967956054017
41.56308103,0.02754253452353704
41.58704233,0.005661097123674372
41.58712125,0.010864423590447852
41.58716059,0.027023727779049364
41.59423828,0.020660715648126955
41.59429693,0.004242008087281605
41.60805988,0.020630197604333562
41.60815191,0.027527275501640344
41.6081903,0.005767910276951248
41.60822535,0.010925459678034637
41.60826468,0.027054245822842757
41.61802697,0.020645456626230258
41.61807251,0.004333562218661784
41.62701654,0.020614938582436865
41.62707543,0.027481498435950255
41.64202118,0.005676356145571069
41.64207101,0.010818646524757763
41.65672994,0.027054245822842757
41.66102028,0.020584420538643473
41.6610651,0.0042725261310749985
41.66705346,0.020630197604333562
41.66710043,0.027527275501640344
41.6759913,0.005706874189364461
41.67603564,0.010910200656137941
41.67607069,0.027054245822842757
41.68197584,0.020706492713817044
41.68200111,0.004333562218661784
41.69635725,0.02067597467002365
41.6964221,0.027435721370260166
41.72266412,0.005569542992294194
41.72271085,0.010818646524757763
41.72274184,0.027008468757152668
41.72278619,0.020447089341573205
41.72282338,0.004303044174868391
41.73535633,0.020523384451056687
41.73548341,0.02737468528267338
41.7355442,0.005539024948500801
41.74006629,0.010940718699931334
41.74013162,0.02703898680094606
41.76299858,0.020645456626230258
41.76303601,0.0042725261310749985
41.76806331,0.020584420538643473
41.7681129,0.02746623941405356
41.77899885,0.005615320057984283
41.77904916,0.010757610437170977
41.77911282,0.026947432669565882
41.79113841,0.020538643472953384
41.79120994,0.004165712977798123
41.79127717,0.020660715648126955
41.79604363,0.02749675745784695
41.79606509,0.005661097123674372
41.80896592,0.010894941634241245
41.80899072,0.027100022888532846
41.82323623,0.020660715648126955
41.82331491,0.004364080262455177
41.83248353,0.020645456626230258
41.8325932,0.027450980392156862
41.83829284,0.005645838101777676
41.83839035,0.010940718699931334
41.84401751,0.02716105897611963
41.85202289,0.020630197604333562
41.85206652,0.004333562218661784
41.86647391,0.02055390249485008
41.86659646,0.027481498435950255
41.87940192,0.005737392233157855
41.87946725,0.011245899137865263
41.87951112,0.027313649195086595
41.89299226,0.020874341954680704
41.89301419,0.00434882124055848
41.89303684,0.020584420538643473
41.89305854,0.02725261310749981
41.90940976,0.005340657663843748
41.90945983,0.010406652933546959
41.91405201,0.026749065384908826
41.91933632,0.020111390859845885
41.91938519,0.004303044174868391
41.93305874,0.020462348363469902
41.93312931,0.027512016479743648
41.93316221,0.005752651255054551
41.95837235,0.011184863050278477
41.9583993,0.02732890821698329
41.96602607,0.020904859998474096
41.96604538,0.004425116350041962
41.96606708,0.020691233691920347
41.96608806,0.02746623941405356
41.97897553,0.005691615167467765
41.97901177,0.010864423590447852
41.97904158,0.027023727779049364
41.98843455,0.020538643472953384
41.98851156,0.004303044174868391
42.00243115,0.020523384451056687
42.0025568,0.027344167238879988
42.01633716,0.0055848020141908905
42.01639295,0.011032272831311514
42.01643753,0.027222095063706417
42.02449346,0.02076752880140383
42.02459168,0.004455634393835355
42.03048682,0.02084382391088731
42.03059697,0.027618829633020522
42.03820705,0.005706874189364461
42.03827047,0.011108567940794995
42.04303074,0.027176317998016328
42.05301952,0.02050812542915999
42.05306292,0.004303044174868391
42.06751204,0.020309758144502938
42.06763864,0.027115281910429542
42.06770086,0.005279621576256962
42.09148359,0.010742351415274281
42.09152126,0.02699320973525597
42.09155512,0.020523384451056687
42.09157491,0.00434882124055848
42.09340692,0.02076752880140383
42.09346032,0.02758831158922713
42.10717392,0.005691615167467765
42.10726118,0.011108567940794995
42.10729599,0.02725261310749981
42.13251233,0.02059967956054017
42.13261104,0.004425116350041962
42.13268256,0.020584420538643473
42.13275027,0.027313649195086595
42.13280392,0.005523765926604105
42.14197278,0.010910200656137941
42.14200878,0.027176317998016328
42.15098548,0.020752269779507133
42.15101862,0.004425116350041962
42.16525674,0.020950637064164186
42.16532731,0.027603570611123826
42.17143226,0.005676356145571069
42.17153192,0.010925459678034637
42.18505907,0.027100022888532846
42.19817638,0.020325017166399634
42.19826078,0.0042725261310749985
42.20544672,0.020416571297779813
42.20557237,0.02720683604180972
42.21099567,0.005432211795223926
42.21106339,0.011078049897001603
42.21110725,0.027267872129396506
42.21799612,0.020798046845197222
42.21802878,0.004470893415732051
42.22802043,0.020828564888990615
42.22807002,0.02746623941405356
42.23947692,0.005554283970397498
42.23957515,0.010803387502861066
42.25302911,0.026947432669565882
42.26629734,0.020065613794155796
42.26639652,0.0042267490653849086
42.26646757,0.020355535210193027
42.26653647,0.02725261310749981
42.26659226,0.005554283970397498
42.27602339,0.011169604028381781
42.27606106,0.027283131151293202
42.28501558,0.02084382391088731
42.28505254,0.004516670481422141
42.31105447,0.020950637064164186
42.31112218,0.027618829633020522
42.31115913,0.005676356145571069
42.31119227,0.01095597772182803
42.32306361,0.02716105897611963
42.32832098,0.020447089341573205
42.32840228,0.004455634393835355
42.33322263,0.020584420538643473
42.33331227,0.027359426260776684
42.33334994,0.0055848020141908905
42.3409977,0.011230640115968566
42.34105492,0.02732890821698329
42.35797787,0.020813305867093918
42.35800052,0.004455634393835355
42.36914372,0.020904859998474096
42.36923361,0.027435721370260166
42.39305568,0.005554283970397498
42.39313912,0.010894941634241245
42.39319348,0.027054245822842757
42.40203333,0.02029449912260624
42.40209246,0.004333562218661784
42.40213561,0.020630197604333562
42.40217566,0.027405203326466773
42.41600466,0.005661097123674372
42.41607404,0.011276417181658656
42.41613007,0.027313649195086595
42.41617036,0.0208896009765774
42.41620278,0.004516670481422141
42.43142581,0.021057450217441064
42.43153787,0.027527275501640344
42.45632172,0.005615320057984283
42.45639324,0.010864423590447852
42.45644522,0.02691691462577249
42.45649433,0.0200503547722591
42.45653462,0.0042267490653849086
42.4631741,0.020492866407263294
42.46328497,0.02725261310749981
42.47233534,0.005493247882810712
42.47245145,0.011154345006485085
42.47252488,0.027313649195086595
42.48603058,0.020660715648126955
42.48607945,0.004440375371938659
42.50026798,0.020874341954680704
42.50037718,0.02737468528267338
42.51302409,0.005462729839017319
42.51308703,0.01095597772182803
42.51314259,0.02716105897611963
42.51803637,0.02029449912260624
42.51808643,0.004425116350041962
42.53237128,0.02067597467002365
42.53249836,0.02732890821698329
42.53255963,0.005508506904707409
42.5410347,0.011123826962691692
42.54108763,0.027237354085603113
42.56402922,0.020538643472953384
42.56405067,0.004409857328145266
42.56611586,0.020782787823300525
42.56616092,0.027359426260776684
42.57218766,0.005447470817120622
42.57224751,0.010986495765621425
42.57795835,0.027100022888532846
42.58695102,0.020355535210193027
42.58698368,0.00434882124055848
42.60140109,0.02072175173571374
42.60152626,0.027389944304570077
42.60158801,0.005615320057984283
42.61400461,0.011169604028381781
42.61404848,0.027237354085603113
42.62829757,0.02059967956054017
42.62835526,0.004440375371938659
42.63236594,0.02102693217364767
42.63245893,0.027527275501640344
42.63840079,0.005554283970397498
42.63849854,0.011108567940794995
42.64702749,0.027176317998016328
42.65160346,0.02043183031967651
42.65166473,0.004425116350041962
42.68006349,0.02067597467002365
42.68013239,0.02725261310749981
42.68016911,0.005493247882810712
42.68020439,0.01104753185320821
42.68024516,0.027267872129396506
42.68804717,0.02050812542915999
42.6881063,0.0043945983062485695
42.68814611,0.0208896009765774
42.68818331,0.02742046234836347
42.70358014,0.005569542992294194
42.70367932,0.011078049897001603
42.70375037,0.027237354085603113
42.71830368,0.02038605325398642
42.71836448,0.004440375371938659
42.74500012,0.020798046845197222
42.74507642,0.02732890821698329
42.7451067,0.005493247882810712
42.74513388,0.011154345006485085
42.74516535,0.027176317998016328
42.75201631,0.020447089341573205
42.75204921,0.004425116350041962
42.76098871,0.02084382391088731
42.76103187,0.027481498435950255
42.76932836,0.0055848020141908905
42.76940775,0.011169604028381781
42.78022432,0.027283131151293202
42.80246711,0.020447089341573205
42.80256534,0.004486152437628748
42.81109285,0.020828564888990615
42.81117439,0.027359426260776684
42.81121159,0.005554283970397498
42.81124473,0.011200122072175174
42.81129932,0.027283131151293202
42.83550477,0.02043183031967651
42.83560348,0.004455634393835355
42.84111476,0.020874341954680704
42.84119105,0.027344167238879988
42.85411429,0.005447470817120622
42.85416198,0.011078049897001603
42.85420275,0.027115281910429542
42.86031699,0.02029449912260624
42.86039305,0.0043945983062485695
42.87405372,0.020798046845197222
42.87411189,0.027359426260776684
42.88308382,0.0054169527733272296
42.88313937,0.011169604028381781
42.88318324,0.027237354085603113
42.88803458,0.020401312275883116
42.88806891,0.004425116350041962
42.89745975,0.02076752880140383
42.89757109,0.027237354085603113
42.90631723,0.0054169527733272296
42.90641522,0.011184863050278477
42.91201234,0.027222095063706417
42.93530059,0.020325017166399634
42.93539977,0.004425116350041962
42.93546987,0.020874341954680704
42.93553853,0.0272983901731899
42.93559313,0.005386434729533837
42.9420507,0.011169604028381781
42.94211769,0.027222095063706417
42.95102882,0.020325017166399634
42.95107675,0.004409857328145266
42.96459007,0.02093537804226749
42.96470213,0.027405203326466773
42.97223639,0.0054169527733272296
42.97235537,0.011123826962691692
42.97244573,0.027191577019913024
42.99601674,0.02026398107881285
42.99604201,0.004364080262455177
42.99607205,0.020813305867093918
42.9960947,0.027237354085603113
43.00604153,0.005340657663843748
43.00607872,0.011184863050278477
43.00610971,0.027283131151293202
43.01907086,0.02034027618829633
43.01912856,0.004425116350041962
43.02850032,0.02084382391088731
43.02861071,0.027237354085603113
43.05204344,0.0053711757076371405
43.05210423,0.011123826962691692
43.0521462,0.027267872129396506
43.05218673,0.02038605325398642
43.05221868,0.0043945983062485695
43.06746769,0.02111848630502785
43.06757879,0.02754253452353704
43.06764007,0.005539024948500801
43.07299924,0.01138323033493553
43.07303762,0.027283131151293202
43.09206939,0.02021820401312276
43.0921278,0.00434882124055848
43.09218001,0.020584420538643473
43.09222794,0.026932173647669186
43.11708784,0.0051575494010833904
43.11715031,0.010894941634241245
43.11719322,0.027054245822842757
43.11726594,0.02009613183794919
43.1172998,0.004364080262455177
43.13241172,0.020965896086060882
43.13253713,0.027435721370260166
43.13259912,0.005615320057984283
43.14098716,0.011352712291142137
43.14102864,0.027313649195086595
43.15393639,0.020401312275883116
43.15396047,0.004440375371938659
43.16826248,0.020950637064164186
43.16832805,0.027222095063706417
43.1820004,0.005355916685740444
43.18204236,0.011017013809414817
43.18207693,0.02716105897611963
43.18210912,0.020111390859845885
43.18214464,0.004455634393835355
43.20704651,0.020965896086060882
43.20711565,0.027435721370260166
43.20714545,0.005554283970397498
43.20717192,0.011566338597695888
43.20720506,0.027512016479743648
43.2219615,0.02059967956054017
43.22199011,0.004531929503318838
43.2360661,0.021133745326924545
43.23614025,0.027313649195086595
43.25403166,0.0054169527733272296
43.254107,0.010925459678034637
43.25418067,0.02703898680094606
43.2559514,0.01977569237811856
43.25597358,0.004287785152971695
43.26530385,0.020752269779507133
43.26541615,0.02725261310749981
43.27312255,0.005462729839017319
43.27319551,0.011505302510109103
43.27324057,0.02749675745784695
43.29897428,0.02059967956054017
43.29899859,0.004577706569008927
43.30601501,0.02128633554589151
43.30606151,0.02749675745784695
43.30608535,0.005508506904707409
43.30610824,0.011291676203555352
43.32305717,0.027313649195086595
43.33746696,0.0200503547722591
43.33756614,0.00434882124055848
43.33763766,0.02072175173571374
43.33770442,0.027023727779049364
43.3377583,0.0052033264667734795
43.37800717,0.011245899137865263
43.37807679,0.027283131151293202
43.37993145,0.020309758144502938
43.37996149,0.004486152437628748
43.3799932,0.021301594567788205
43.38002491,0.027557793545433737
43.38192177,0.005539024948500801
43.38195705,0.01147478446631571
43.38199592,0.02742046234836347
43.38798189,0.020157167925535974
43.38804078,0.004409857328145266
43.39743114,0.02072175173571374
43.39752388,0.026840619516289004
43.39758396,0.0050354772259098195
43.42099452,0.011017013809414817
43.42102218,0.02713054093232624
43.42305303,0.020065613794155796
43.42310143,0.004440375371938659
43.43033552,0.021133745326924545
43.43038392,0.027191577019913024
43.43830872,0.005554283970397498
43.43842435,0.011413748378728923
43.44535089,0.027359426260776684
43.45706582,0.020157167925535974
43.45712161,0.00434882124055848
43.45717406,0.020828564888990615
43.46324372,0.027054245822842757
43.46326566,0.005188067444876783
43.47895002,0.011230640115968566
43.47897696,0.02725261310749981
43.49221206,0.020325017166399634
43.49229217,0.00456244754711223
43.49236465,0.021210040436408027
43.49244452,0.027344167238879988
43.50715327,0.005279621576256962
43.50720692,0.011230640115968566
43.50724149,0.027145799954222935
43.52231836,0.019806210421911954
43.522367,0.004318303196765088
43.53644443,0.02072175173571374
43.53656912,0.027100022888532846
43.53662968,0.005310139620050355
43.55595899,0.011734187838559548
43.55598927,0.027603570611123826
43.55601311,0.020523384451056687
43.5560317,0.004516670481422141
43.55894637,0.021164263370717938
43.55897832,0.02703898680094606
43.57213855,0.0051575494010833904
43.57217479,0.010650797283894103
43.57221293,0.0268711375600824
43.58695817,0.019302662699320974
43.58699346,0.004333562218661784
43.61580038,0.02067597467002365
43.61586261,0.027145799954222935
43.61591268,0.005432211795223926
43.62101293,0.011749446860456245
43.62105131,0.02758831158922713
43.62108159,0.020584420538643473
43.62110543,0.004699778744182498
43.64598942,0.021484702830548562
43.646034,0.027435721370260166
43.6529603,0.005401693751430533
43.65299368,0.011245899137865263
43.65302396,0.027176317998016328
43.65849638,0.019806210421911954
43.65852761,0.004364080262455177
43.66396952,0.021011673151750974
43.66399813,0.027145799954222935
43.68918514,0.005310139620050355
43.68925858,0.01142900740062562
43.68930316,0.02737468528267338
43.68934584,0.020157167925535974
43.68938088,0.004547188525215534
43.70147085,0.021225299458304724
43.70152378,0.027267872129396506
43.7015667,0.0052033264667734795
43.70159841,0.01142900740062562
43.71133852,0.027237354085603113
43.72191954,0.01982146944380865
43.72198105,0.004333562218661784
43.73604202,0.020996414129854278
43.73611283,0.02703898680094606
43.7361567,0.005096513313496605
43.74994278,0.011352712291142137
43.74996924,0.02716105897611963
43.74999189,0.019806210421911954
43.75001073,0.004455634393835355
43.7639668,0.021057450217441064
43.76400447,0.027145799954222935
43.77000546,0.0052491035324635695
43.7700541,0.011505302510109103
43.77648997,0.027283131151293202
43.78897166,0.019851987487602044
43.78901362,0.004470893415732051
43.80302358,0.02111848630502785
43.80309105,0.027145799954222935
43.82103086,0.005218585488670176
43.82110596,0.011612115663385977
43.82115054,0.02746623941405356
43.82119274,0.02017242694743267
43.82122684,0.004470893415732051
43.82696819,0.021316853589684902
43.82700324,0.02716105897611963
43.8413105,0.0051575494010833904
43.8414104,0.011200122072175174
43.84148264,0.027115281910429542
43.85726547,0.01953154802777142
43.85732484,0.004364080262455177
43.87906504,0.020950637064164186
43.87914062,0.027145799954222935
43.88834262,0.005386434729533837
43.88839602,0.011596856641489281
43.88843775,0.027557793545433737
43.88847852,0.02017242694743267
43.88851047,0.004699778744182498
43.90771985,0.021438925764858473
43.90783072,0.02742046234836347
43.91211176,0.005462729839017319
43.91218066,0.01147478446631571
43.9122386,0.02746623941405356
43.93629551,0.01998931868467231
43.93634844,0.004684519722285801
43.93639088,0.021210040436408027
43.93642974,0.027359426260776684
43.93646193,0.005493247882810712
43.9480021,0.011718928816662852
43.94802928,0.027603570611123826
43.95296454,0.020279240100709545
43.95299768,0.004715037766079194
43.96399021,0.02140840772106508
43.96402907,0.027405203326466773
43.97218227,0.005508506904707409
43.97226238,0.011612115663385977
43.97739339,0.02746623941405356
43.9914124,0.020019836728465707
43.99145007,0.004654001678492409
43.99148965,0.02124055848020142
44.01597285,0.027222095063706417
44.01600432,0.005264362554360266
44.01602864,0.01168841077286946
44.01605701,0.02754253452353704
44.01798081,0.020248722056916153
44.01801062,0.0046082246128023195
44.0291779,0.021377889677271687
44.02921581,0.027191577019913024
44.04152179,0.005142290379186694
44.04162288,0.01126115815976196
44.05524325,0.02716105897611963
44.06332707,0.019424734874494545
44.0633738,0.0043945983062485695
44.07241511,0.02111848630502785
44.07250643,0.027222095063706417
44.07256842,0.0052033264667734795
44.07262444,0.011932555123216601
44.07268953,0.027603570611123826
44.08861494,0.020233463035019456
44.08866119,0.004654001678492409
44.09584951,0.02136263065537499
44.09589171,0.027023727779049364
44.1213026,0.005020218204013123
44.12136555,0.01095597772182803
44.12140965,0.026901655603875793
44.12144947,0.018982223239490347
44.1214819,0.004287785152971695
44.13295841,0.020996414129854278
44.13299847,0.027100022888532846
44.13302326,0.005401693751430533
44.14043999,0.011825741969939726
44.14046478,0.027618829633020522
44.15297413,0.020202944991226063
44.15299749,0.004654001678492409
44.16702294,0.021499961852445258
44.16708875,0.02725261310749981
44.1822052,0.005340657663843748
44.18227363,0.01138323033493553
44.18230844,0.02720683604180972
44.18848157,0.019424734874494545
44.18851709,0.00456244754711223
44.20098639,0.020965896086060882
44.20106006,0.027100022888532846
44.2011044,0.005310139620050355
44.21538663,0.011917296101319905
44.21542168,0.027679865720607308
44.21544504,0.020325017166399634
44.2154634,0.004684519722285801
44.23854423,0.021484702830548562
44.23863626,0.02703898680094606
44.23869824,0.0050354772259098195
44.2387538,0.010925459678034637
44.23881936,0.026825360494392308
44.25748014,0.018783855954833294
44.25751257,0.00434882124055848
44.26395488,0.020813305867093918
44.26398611,0.02703898680094606
44.26400566,0.005401693751430533
44.27798939,0.01211566338597696
44.27801466,0.027786678873884182
44.29199696,0.020447089341573205
44.2920289,0.0048218509193560695
44.30106735,0.021560997940032044
44.3011179,0.027115281910429542
44.31026554,0.005142290379186694
44.3103652,0.010925459678034637
44.31043673,0.026901655603875793
44.32397819,0.018646524757763027
44.32401538,0.0042725261310749985
44.32898402,0.02076752880140383
44.32903862,0.027023727779049364
44.32907057,0.0053711757076371405
44.34996819,0.012207217517357137
44.3500011,0.02784771496147097
44.3500247,0.020538643472953384
44.35004354,0.005081254291599909
44.36023188,0.021560997940032044
44.36026764,0.027100022888532846
44.37507057,0.005218585488670176
44.37511992,0.011001754787518121
44.37514949,0.02696269169146258
44.38796234,0.018860151064316776
44.3880024,0.004455634393835355
44.40235758,0.021011673151750974
44.40245819,0.02713054093232624
44.41606307,0.005432211795223926
44.41615558,0.012268253604943923
44.4162004,0.027771419851987486
44.41624141,0.02034027618829633
44.41627431,0.00473029678797589
44.43328595,0.021438925764858473
44.4333744,0.026932173647669186
44.43343258,0.005004959182116427
44.43348813,0.01095597772182803
44.45910239,0.026901655603875793
44.46096826,0.019134813458457314
44.46099854,0.004547188525215534
44.46102166,0.021210040436408027
44.46601772,0.02720683604180972
44.46603656,0.005188067444876783
44.47601366,0.011963073167009996
44.47603774,0.02766460669871061
44.48800898,0.020065613794155796
44.4880507,0.004486152437628748
44.49608517,0.02136263065537499
44.49613523,0.026977950713359275
44.51465249,0.005127031357289998
44.5147059,0.011398489356832226
44.51475453,0.02725261310749981
44.52801609,0.01957732509346151
44.52807164,0.0046082246128023195
44.52811337,0.021332112611581598
44.52815199,0.027145799954222935
44.52818322,0.005310139620050355
44.54296112,0.012039368276493477
44.54299092,0.027573052567330433
44.55095625,0.020065613794155796
44.55097651,0.004699778744182498
44.55899358,0.02128633554589151
44.55905032,0.02668802929732204
44.58433414,0.004852368963149462
44.58439803,0.010986495765621425
44.58444262,0.026901655603875793
44.58620095,0.018982223239490347
44.58623672,0.004547188525215534
44.60022283,0.021133745326924545
44.60031843,0.02713054093232624
44.605443,0.005401693751430533
44.60555744,0.012344548714427405
44.60562968,0.027771419851987486
44.6180346,0.020309758144502938
44.61806488,0.004791332875562677
44.64249444,0.02145418478675517
44.64260364,0.026749065384908826
44.64445615,0.004882887006942855
44.64449716,0.010650797283894103
44.64453506,0.02677958342870222
44.65203691,0.018371862363622492
44.65208602,0.004379339284351873
44.66640306,0.02093537804226749
44.66652894,0.026977950713359275
44.66659093,0.0054169527733272296
44.67403722,0.01211566338597696
44.67407084,0.02789349202716106
44.69837499,0.020416571297779813
44.69847155,0.005004959182116427
44.70534444,0.021728847180895704
44.70547271,0.027237354085603113
44.73066139,0.005279621576256962
44.73075747,0.01147478446631571
44.73083019,0.027313649195086595
44.73522544,0.01931792172121767
44.73532319,0.004577706569008927
44.74803448,0.021087968261234456
44.74811387,0.0268711375600824
44.74815249,0.005142290379186694
44.75494671,0.011871519035629816
44.75498056,0.027557793545433737
44.767946,0.020035095750362403
44.76796746,0.004837109941252766
44.76799059,0.02162203402761883
44.76801276,0.02716105897611963
44.78501129,0.0051575494010833904
44.78506494,0.01147478446631571
44.78510141,0.02725261310749981
44.7961154,0.019211108567940796
44.79622889,0.004104676890211338
44.7980938,0.02107270923933776
44.79819441,0.0268711375600824
44.81210351,0.0051575494010833904
44.81217694,0.01185626001373312
44.81222129,0.02754253452353704
44.83410406,0.019974059662775615
44.83415675,0.004852368963149462
44.83598828,0.02169832913710231
44.83603048,0.027267872129396506
44.83605766,0.005142290379186694
44.83608365,0.01181048294804303
44.84246445,0.02742046234836347
44.85608673,0.0196078431372549
44.85614753,0.004684519722285801
44.86205649,0.021332112611581598
44.86210513,0.026855878538185704
44.88603497,0.005050736247806516
44.88612866,0.01164263370717937
44.88617373,0.02732890821698329
44.88621545,0.01953154802777142
44.88625073,0.004303044174868391
44.89634943,0.02140840772106508
44.89640164,0.027023727779049364
44.90948439,0.005096513313496605
44.90958142,0.011779964904249637
44.91109657,0.027435721370260166
44.92234039,0.019592584115358205
44.92238903,0.00473029678797589
44.92243195,0.02145418478675517
44.94595337,0.026947432669565882
44.94597507,0.005127031357289998
44.94600391,0.011749446860456245
44.94602704,0.027603570611123826
44.95195603,0.019623102159151598
44.95198441,0.004699778744182498
44.96652222,0.021499961852445258
44.96660805,0.02699320973525597
44.97520375,0.0052033264667734795
44.97531939,0.011718928816662852
44.97539115,0.027435721370260166
44.98925161,0.019592584115358205
44.989326,0.004715037766079194
45.01303315,0.021545738918135347
45.01311207,0.02716105897611963
45.01315022,0.005279621576256962
45.01318455,0.012146181429770352
45.01322341,0.027618829633020522
45.01604295,0.01982146944380865
45.01607084,0.004791332875562677
45.03042936,0.02140840772106508
45.03052187,0.026672770275425344
45.03844643,0.004791332875562677
45.03854656,0.011123826962691692
45.04507995,0.027054245822842757
45.06942868,0.018860151064316776
45.06952715,0.0046082246128023195
45.07706237,0.021255817502098116
45.07713413,0.026901655603875793
45.07717037,0.004715037766079194
45.07720447,0.012100404364080263
45.07724452,0.0277103837644007
45.10095787,0.019974059662775615
45.1009798,0.004959182116426337
45.10698104,0.021683070115205615
45.10700369,0.027100022888532846
45.10702133,0.005172808422980087
45.10703897,0.011612115663385977
45.11638618,0.027313649195086595
45.14126062,0.01927214465552758
45.14136219,0.004699778744182498
45.14143443,0.02136263065537499
45.14150167,0.02691691462577249
45.14155483,0.005111772335393301
45.141608,0.01181048294804303
45.14167237,0.027481498435950255
45.15096116,0.01965362020294499
45.15098238,0.0052491035324635695
45.16396451,0.021606775005722133
45.16400552,0.027054245822842757
45.16997719,0.0046082246128023195
45.17001653,0.011993591210803388
45.18313837,0.027512016479743648
45.19705534,0.019424734874494545
45.19710851,0.004684519722285801
45.20323706,0.02136263065537499
45.20330238,0.02681010147249561
45.21111226,0.005020218204013123
45.21118093,0.011886778057526512
45.21124768,0.027512016479743648
45.2190671,0.0196078431372549
45.21913862,0.004837109941252766
45.23816776,0.0217441062027924
45.23826003,0.027115281910429542
45.23831892,0.005127031357289998
45.24405074,0.011841000991836423
45.24408627,0.027389944304570077
45.26837754,0.019165331502250707
45.26842761,0.0046082246128023195
45.26846957,0.021210040436408027
45.26850891,0.02668802929732204
45.27132678,0.0050354772259098195
45.27138352,0.011657892729076066
45.2714231,0.027450980392156862
45.28496742,0.019546807049668116
45.28501368,0.004837109941252766
45.29306459,0.021820401312275882
45.29309034,0.027176317998016328
45.30699372,0.005310139620050355
45.30701423,0.011947814145113297
45.32375813,0.027527275501640344
45.32380843,0.01924162661173419
45.32383227,0.004760814831769284
45.35806823,0.02128633554589151
45.35814691,0.02673380636301213
45.35818386,0.005004959182116427
45.35821819,0.012054627298390174
45.35825777,0.027603570611123826
45.36102343,0.019851987487602044
45.36107183,0.004928664072632944
45.37456846,0.022003509575036242
45.37468004,0.027267872129396506
45.38009477,0.005310139620050355
45.38016009,0.012008850232700085
45.38020182,0.02746623941405356
45.3859787,0.019028000305180436
45.38602853,0.004501411459525444
45.40001702,0.020996414129854278
45.40007424,0.026413366903181506
45.40625548,0.004837109941252766
45.40630412,0.011795223926146334
45.40634322,0.02749675745784695
45.42896008,0.019592584115358205
45.42899513,0.004913405050736248
45.43403435,0.02197299153124285
45.43408155,0.02725261310749981
45.44314194,0.005218585488670176
45.44322348,0.012054627298390174
45.44329429,0.027527275501640344
45.45308924,0.019287403677424278
45.45315194,0.004715037766079194
45.46702814,0.021484702830548562
45.467103,0.026855878538185704
45.46714807,0.0050354772259098195
45.47324157,0.012008850232700085
45.47328186,0.027603570611123826
45.49707794,0.019714656290531776
45.49712515,0.004440375371938659
45.49715495,0.021988250553139545
45.49718308,0.027176317998016328
45.50723886,0.005279621576256962
45.50733948,0.01168841077286946
45.50741053,0.02746623941405356
45.52413797,0.018875410086213473
45.52419162,0.004547188525215534
45.53843069,0.020920119020370793
45.53853345,0.026321812771801328
45.53859353,0.004760814831769284
45.54727554,0.011978332188906692
45.54730988,0.027603570611123826
45.5609417,0.019668879224841687
45.56096292,0.004913405050736248
45.57411528,0.021942473487449453
45.57418227,0.027145799954222935
45.5742259,0.005188067444876783
45.5742662,0.011902037079423208
45.58802891,0.027389944304570077
45.58808804,0.01896696421759365
45.58811831,0.00456244754711223
45.5972662,0.021149004348821242
45.59731412,0.02652018005645838
45.62294912,0.00494392309452964
45.62302184,0.011978332188906692
45.62306285,0.027557793545433737
45.62309527,0.019684138246738384
45.62312126,0.004852368963149462
45.63833714,0.022110322728313116
45.63842177,0.0272983901731899
45.63846684,0.005294880598153659
45.6385076,0.011902037079423208
45.63855505,0.027435721370260166
45.65310669,0.018860151064316776
45.65319943,0.004516670481422141
45.66791129,0.020920119020370793
45.66794944,0.026214999618524453
45.6679697,0.004684519722285801
45.68101978,0.011703669794766156
45.68104506,0.02746623941405356
45.69398427,0.019592584115358205
45.69401574,0.0050354772259098195
45.69596219,0.022064545662623027
45.69599462,0.02737468528267338
45.70930266,0.005432211795223926
45.70938349,0.012298771648737316
45.70945716,0.02784771496147097
45.72408724,0.01943999389639124
45.72416115,0.004867627985046159
45.72599339,0.02140840772106508
45.72605252,0.026703288319218737
45.72608638,0.004898146028839551
45.74997067,0.01223773556115053
45.74999499,0.027679865720607308
45.7500174,0.019668879224841687
45.75003552,0.004913405050736248
45.7650733,0.021988250553139545
45.76512361,0.027100022888532846
45.77007532,0.005111772335393301
45.77011967,0.011718928816662852
45.77824593,0.0272983901731899
45.79008508,0.018692301823453116
45.79014707,0.004577706569008927
45.81127167,0.021087968261234456
45.81139803,0.026489662012664988
45.81145859,0.004974441138323033
45.81151462,0.012298771648737316
45.81157994,0.0277103837644007
45.82224154,0.019790951400015258
45.82230258,0.005020218204013123
45.82905579,0.021988250553139545
45.82911396,0.026977950713359275
45.84647036,0.004974441138323033
45.84656882,0.011673151750972763
45.84664059,0.027176317998016328
45.87626934,0.018356603341725796
45.87638521,0.0043945983062485695
45.87645793,0.020859082932784007
45.8765254,0.026153963530937668
45.87657952,0.004684519722285801
45.90099382,0.01185626001373312
45.901021,0.02749675745784695
45.90104365,0.019501029983978027
45.90106249,0.004928664072632944
45.90905833,0.021988250553139545
45.90911078,0.02703898680094606
45.90914464,0.005127031357289998
45.90917611,0.011978332188906692
45.90921378,0.027435721370260166
45.91834092,0.018905928130006865
45.91836309,0.004592965590905623
45.94322538,0.02136263065537499
45.94339967,0.02661173418783856
45.94346499,0.004806591897459373
45.94811463,0.011932555123216601
45.94815898,0.02746623941405356
45.95469713,0.019333180743114367
45.95476079,0.004806591897459373
45.9610126,0.02191195544365606
45.96105671,0.027023727779049364
45.97530222,0.0050354772259098195
45.97540259,0.011963073167009996
45.97547436,0.027435721370260166
45.9918797,0.01910429541466392
45.99193788,0.00473029678797589
46.00301218,0.021515220874341955
46.00307035,0.02661173418783856
46.01723123,0.004806591897459373
46.01734495,0.011886778057526512
46.01741838,0.027405203326466773
46.01748705,0.019089036392767225
46.0175426,0.004837109941252766
46.0272615,0.021652552071412222
46.02734113,0.026794842450598915
46.0412333,0.004974441138323033
46.0413475,0.012085145342183566
46.04142237,0.02758831158922713
46.06607246,0.01910429541466392
46.0661366,0.004806591897459373
46.06618023,0.021683070115205615
46.06622028,0.026764324406805522
46.07303667,0.004974441138323033
46.07309031,0.012024109254596781
46.07313085,0.027481498435950255
46.0869863,0.019180590524147403
46.08700752,0.004882887006942855
46.09273458,0.0217441062027924
46.09276557,0.0268711375600824
46.10597348,0.005081254291599909
46.10600376,0.012039368276493477
46.12002683,0.027603570611123826
46.12861896,0.0191958495460441
46.12865353,0.004974441138323033
46.13701892,0.021759365224689096
46.13707232,0.02691691462577249
46.13710666,0.005096513313496605
46.14197159,0.012222476539253834
46.14199781,0.0277103837644007
46.16252971,0.01936369878690776
46.16259193,0.00494392309452964
46.17012954,0.021988250553139545
46.17016864,0.027069504844739453
46.19302273,0.005081254291599909
46.19308543,0.012573434042877852
46.19312119,0.02766460669871061
46.20196915,0.019256885633630885
46.20199919,0.004882887006942855
46.20202732,0.021606775005722133
46.20205665,0.026657511253528648
46.20207953,0.00494392309452964
46.21636939,0.012146181429770352
46.21639347,0.027618829633020522
46.2226615,0.01931792172121767
46.22268319,0.004974441138323033
46.22794366,0.021850919356069275
46.22797728,0.02691691462577249
46.25196671,0.0050354772259098195
46.25199866,0.012268253604943923
46.25202775,0.02763408865491722
46.26097631,0.019119554436560618
46.26100898,0.0048218509193560695
46.26595521,0.021637293049515526
46.26598358,0.026764324406805522
46.27448988,0.004959182116426337
46.27452374,0.012481879911497674
46.27455449,0.027771419851987486
46.29597688,0.019592584115358205
46.296,0.005004959182116427
46.29602313,0.02209506370641642
46.29604554,0.02699320973525597
46.31144547,0.005065995269703212
46.31154346,0.012054627298390174
46.32203364,0.027527275501640344
46.32209277,0.01907377737087053
46.32212257,0.00494392309452964
46.3329618,0.021850919356069275
46.33300614,0.026901655603875793
46.33302689,0.004974441138323033
46.34099269,0.01249713893339437
46.34102654,0.02775616083009079
46.35695004,0.01948577096208133
46.35697293,0.004928664072632944
46.36600947,0.021942473487449453
46.36604285,0.026855878538185704
46.37896895,0.004867627985046159
46.37899637,0.011978332188906692
46.37902117,0.027405203326466773
46.38457131,0.0187533379110399
46.38467169,0.004699778744182498
46.39830041,0.021515220874341955
46.39834642,0.026672770275425344
46.40699697,0.004913405050736248
46.40703464,0.01254291599908446
46.40706587,0.027862973983367668
46.42094016,0.019562066071564813
46.42096162,0.005004959182116427
46.43709612,0.02197299153124285
46.43713522,0.02681010147249561
46.44307899,0.004882887006942855
46.44313669,0.011963073167009996
46.44318843,0.027359426260776684
46.45705676,0.018692301823453116
46.45715547,0.004699778744182498
46.45722055,0.02157625696192874
46.4659965,0.02673380636301213
46.46601868,0.00494392309452964
46.49296999,0.012527656977187763
46.49300456,0.027771419851987486
46.50709629,0.019546807049668116
46.50715399,0.004974441138323033
46.50720596,0.022034027618829635
46.50725365,0.0268711375600824
46.52112126,0.00494392309452964
46.52118731,0.011963073167009996
46.52123117,0.027512016479743648
46.52900863,0.018616006713969634
46.52905107,0.00473029678797589
46.53197908,0.02140840772106508
46.53201342,0.02656595712214847
46.53203297,0.004928664072632944
46.54632807,0.012787060349431601
46.5463891,0.02801556420233463
46.57096481,0.019684138246738384
46.57102585,0.0051575494010833904
46.57105613,0.02226291294728008
46.57108641,0.026977950713359275
46.5711112,0.004928664072632944
46.57113338,0.011917296101319905
46.57116055,0.02737468528267338
46.5863502,0.018326085297932403
46.58643198,0.004516670481422141
46.60395336,0.02119478141451133
46.60401702,0.02639810788128481
46.61312842,0.004882887006942855
46.61316633,0.01254291599908446
46.6131978,0.027908751049057757
46.62404728,0.01957732509346151
46.62406754,0.005264362554360266
46.62696695,0.022201876859693295
46.62700582,0.026977950713359275
46.64097738,0.005020218204013123
46.64099884,0.012359807736324101
46.64102221,0.0277103837644007
46.65636516,0.01901274128328374
46.65644884,0.004837109941252766
46.66903782,0.021667811093308918
46.66910481,0.02652018005645838
46.68423986,0.00473029678797589
46.68430448,0.012436102845807583
46.68435812,0.027725642786297397
46.68440795,0.019378957808804456
46.68444729,0.005065995269703212
46.69808888,0.022278171969176776
46.69815707,0.027054245822842757
46.70697403,0.005127031357289998
46.70700812,0.012451361867704281
46.71294808,0.02766460669871061
46.73727989,0.01872281986724651
46.73732996,0.004791332875562677
46.73898268,0.021271076523994813
46.73902512,0.02594033722438392
46.73905039,0.004486152437628748
46.73907328,0.012024109254596781
46.73910046,0.027527275501640344
46.75602508,0.019134813458457314
46.75604749,0.005020218204013123
46.76033545,0.022110322728313116
46.76038742,0.02691691462577249
46.76796317,0.004959182116426337
46.76800036,0.01240558480201419
46.7861433,0.02766460669871061
46.79499221,0.018951705195696954
46.7950418,0.004882887006942855
46.81155896,0.02183566033417258
46.81160331,0.026626993209735255
46.81163335,0.004852368963149462
46.81166315,0.01240558480201419
46.8116982,0.027725642786297397
46.81802487,0.019226367589837492
46.81804514,0.005020218204013123
46.82805419,0.022034027618829635
46.82811594,0.026703288319218737
46.8521564,0.004760814831769284
46.85220528,0.012329289692530708
46.85224748,0.027512016479743648
46.8630712,0.018646524757763027
46.86312509,0.00473029678797589
46.86316061,0.021377889677271687
46.86319304,0.0260166323338674
46.86321926,0.004333562218661784
46.87298179,0.012161440451667048
46.87300801,0.027512016479743648
46.88747597,0.018951705195696954
46.88757324,0.004837109941252766
46.9010613,0.022034027618829635
46.90113688,0.02668802929732204
46.91398311,0.004898146028839551
46.91401601,0.012344548714427405
46.91404605,0.027573052567330433
46.92123389,0.018646524757763027
46.92129302,0.004760814831769284
46.93405557,0.02145418478675517
46.93413544,0.02610818646524758
46.93417358,0.004455634393835355
46.93995976,0.01223773556115053
46.93998575,0.02754253452353704
46.9533484,0.018951705195696954
46.95340753,0.004852368963149462
46.9741137,0.02197299153124285
46.974195,0.026581216144045166
46.97596741,0.004699778744182498
46.97599149,0.012222476539253834
46.97601342,0.027481498435950255
46.9842608,0.01863126573586633
46.98432875,0.004699778744182498
46.99802899,0.021637293049515526
46.99809933,0.026321812771801328
47.00704527,0.004669260700389105
47.00709486,0.012268253604943923
47.00713611,0.02758831158922713
47.02101994,0.01892118715190356
47.02103806,0.005050736247806516
47.03499961,0.021881437399862667
47.03503895,0.026504921034561684
47.03506494,0.004669260700389105
47.03508782,0.01223773556115053
47.06063914,0.02758831158922713
47.06071162,0.018707560845349813
47.0607481,0.004913405050736248
47.06302166,0.0217441062027924
47.06313682,0.026489662012664988
47.0862937,0.004699778744182498
47.08640933,0.012573434042877852
47.08648181,0.027786678873884182
47.08654618,0.019211108567940796
47.08658004,0.004959182116426337
47.09808826,0.02221713588158999
47.09815693,0.02681010147249561
47.10706425,0.004882887006942855
47.10711336,0.012375066758220797
47.10715699,0.02758831158922713
47.12246656,0.01841763942931258
47.12256837,0.004684519722285801
47.13108325,0.021332112611581598
47.13115215,0.02597085526817731
47.13125277,0.0043945983062485695
47.15704775,0.012054627298390174
47.15707278,0.027573052567330433
47.16820788,0.018814373998626687
47.16825628,0.005020218204013123
47.16828704,0.02214084077210651
47.16831541,0.026718547341115433
47.19234586,0.00494392309452964
47.19244742,0.01249713893339437
47.19252038,0.02775616083009079
47.19258785,0.01884489204242008
47.19264126,0.004913405050736248
47.19500422,0.021774624246585793
47.19508481,0.026459143968871595
47.195122,0.004837109941252766
47.21803284,0.012527656977187763
47.21806502,0.02784771496147097
47.21808767,0.0191958495460441
47.21810603,0.005111772335393301
47.22831678,0.022369726100556955
47.22836804,0.02699320973525597
47.24205232,0.005004959182116427
47.24211311,0.012634470130464637
47.24216986,0.027771419851987486
47.2571578,0.018616006713969634
47.25723958,0.004837109941252766
47.25731158,0.021499961852445258
47.27098775,0.02613870450904097
47.27101493,0.004592965590905623
47.28701401,0.012451361867704281
47.28703737,0.02784771496147097
47.28705907,0.01936369878690776
47.28707623,0.005218585488670176
47.29348183,0.022568093385214007
47.2935915,0.027115281910429542
47.30699778,0.005096513313496605
47.30703783,0.012695506218051423
47.30706811,0.027786678873884182
47.32246733,0.018707560845349813
47.32256722,0.004974441138323033
47.3360641,0.021545738918135347
47.3361237,0.02606240939955749
47.34949946,0.004486152437628748
47.34961534,0.012481879911497674
47.34968758,0.02784771496147097
47.34975505,0.019211108567940796
47.34980917,0.005218585488670176
47.36120653,0.022400244144350347
47.36128879,0.026855878538185704
47.37308264,0.004913405050736248
47.37313247,0.012573434042877852
47.37318158,0.027679865720607308
47.39704609,0.018356603341725796
47.39711905,0.004669260700389105
47.39718103,0.02136263065537499
47.39723086,0.025879301136797133
47.40701723,0.004333562218661784
47.40706587,0.012146181429770352
47.40711522,0.02763408865491722
47.42151904,0.01892118715190356
47.42164612,0.005188067444876783
47.42647672,0.022446021210040436
47.42658734,0.026977950713359275
47.45029783,0.005065995269703212
47.45036244,0.012695506218051423
47.45040464,0.027862973983367668
47.46789336,0.01867704280155642
47.46794796,0.00494392309452964
47.46798325,0.0217441062027924
47.46801567,0.02613870450904097
47.47406769,0.004531929503318838
47.47413492,0.012344548714427405
47.47419739,0.0277103837644007
47.48297405,0.01884489204242008
47.48299432,0.005050736247806516
47.49995494,0.022232394903486687
47.49997854,0.026672770275425344
47.51109815,0.004806591897459373
47.51115727,0.012512397955291066
47.51120877,0.0277103837644007
47.52044511,0.01855497062638285
47.52054405,0.004913405050736248
47.53303123,0.021774624246585793
47.53310084,0.026260776684214542
47.53313732,0.00456244754711223
47.54199815,0.012451361867704281
47.54204464,0.0277103837644007
47.55648613,0.01892118715190356
47.55658484,0.005142290379186694
47.57310414,0.022369726100556955
47.5731883,0.02681010147249561
47.58738804,0.004852368963149462
47.58750391,0.01283283741512169
47.58757782,0.027878233005264364
47.60108638,0.01846341649500267
47.60114956,0.00494392309452964
47.601192,0.02162203402761883
47.60123277,0.025879301136797133
47.60126519,0.004547188525215534
47.6153841,0.012390325780117494
47.61547709,0.027786678873884182
47.61555004,0.01889066910811017
47.61560535,0.005493247882810712
47.63004088,0.02269016556038758
47.6300993,0.02716105897611963
47.65349483,0.005218585488670176
47.65359354,0.013107499809262227
47.65366459,0.028213931486991684
47.65503335,0.018951705195696954
47.65507269,0.005752651255054551
47.66308355,0.022110322728313116
47.6631422,0.026382848859388113
47.6631844,0.004516670481422141
47.6769557,0.012451361867704281
47.67698431,0.027786678873884182
47.6831708,0.018829633020523383
47.68324947,0.005172808422980087
47.69707775,0.02230869001297017
47.69716048,0.026764324406805522
47.71120429,0.004913405050736248
47.71126318,0.01266498817425803
47.71131563,0.02789349202716106
47.72044349,0.01863126573586633
47.72054219,0.005020218204013123
47.73409724,0.021988250553139545
47.7341547,0.026337071793698024
47.73418808,0.004638742656595712
47.74103498,0.012588693064774548
47.74107528,0.027771419851987486
47.76406074,0.018768596932936598
47.76412129,0.0051575494010833904
47.77006006,0.022247653925383384
47.77011538,0.02656595712214847
47.77594733,0.004654001678492409
47.77599716,0.012512397955291066
47.77604079,0.027740901808194093
47.79038692,0.018524452582589456
47.79048538,0.005065995269703212
47.7952311,0.022018768596932938
47.7953155,0.026428625925078202
47.80797243,0.004684519722285801
47.8080287,0.01266498817425803
47.80807328,0.02784771496147097
47.82305264,0.01872281986724651
47.82307148,0.0051575494010833904
47.83198643,0.022186617837796598
47.83202505,0.0264438849469749
47.83807397,0.004669260700389105
47.83810735,0.012634470130464637
47.84297109,0.027786678873884182
47.85747004,0.018616006713969634
47.85756922,0.0051575494010833904
47.8576417,0.022125581750209813
47.86300135,0.026413366903181506
47.86302972,0.004638742656595712
47.87996006,0.012741283283741512
47.87998509,0.027862973983367668
47.89132571,0.018860151064316776
47.8914237,0.005172808422980087
47.89611173,0.02238498512245365
47.89617038,0.026657511253528648
47.90902781,0.00473029678797589
47.90908885,0.012771801327534905
47.90915298,0.027618829633020522
47.92046332,0.01838712138551919
47.92056346,0.004974441138323033
47.94305253,0.02191195544365606
47.94312167,0.02613870450904097
47.94315195,0.004516670481422141
47.95701933,0.012817578393224994
47.95704556,0.027969787136644542
47.9659636,0.018860151064316776
47.9659946,0.005264362554360266
47.97909617,0.022461280231937133
47.97918344,0.02661173418783856
47.97924089,0.004669260700389105
47.9793129,0.012787060349431601
47.98655963,0.027771419851987486
48.00405192,0.018448157473105974
48.00410676,0.0052033264667734795
48.00595379,0.022186617837796598
48.00600529,0.026367589837491417
48.00603509,0.004638742656595712
48.01902246,0.012848096437018387
48.01904559,0.0277103837644007
48.02873468,0.018738078889143205
48.02880359,0.005188067444876783
48.04196882,0.022323949034866866
48.04202247,0.02652018005645838
48.04204845,0.00473029678797589
48.04207277,0.012848096437018387
48.04210138,0.02784771496147097
48.05528235,0.018524452582589456
48.05538201,0.005111772335393301
48.05543828,0.022018768596932938
48.06999397,0.026199740596627757
48.07001543,0.004486152437628748
48.08250999,0.012863355458915083
48.08261943,0.027862973983367668
48.09613895,0.01889066910811017
48.09619999,0.005615320057984283
48.09624386,0.023147936217288473
48.09628391,0.02754253452353704
48.11109042,0.005523765926604105
48.1111505,0.013366903181506065
48.11120152,0.02835126268406195
48.12101793,0.01889066910811017
48.12106562,0.005264362554360266
48.1290493,0.022186617837796598
48.1291163,0.026428625925078202
48.14344573,0.005142290379186694
48.14359403,0.012939650568398567
48.14366794,0.028091859311818113
48.1569829,0.018875410086213473
48.15703154,0.005432211795223926
48.15706182,0.02255283436331731
48.15709162,0.02661173418783856
48.17229605,0.004715037766079194
48.17239308,0.012787060349431601
48.17246699,0.02789349202716106
48.18784666,0.018524452582589456
48.18792677,0.0052033264667734795
48.20239925,0.022369726100556955
48.20252466,0.026413366903181506
48.20258665,0.004592965590905623
48.22603154,0.012695506218051423
48.226089,0.02754253452353704
48.22612357,0.018326085297932403
48.22616482,0.005127031357289998
48.22796535,0.022339208056763562
48.22800469,0.026321812771801328
48.24229741,0.004486152437628748
48.24233747,0.012619211108567941
48.24237823,0.02766460669871061
48.25699568,0.018204013122758832
48.25703168,0.005096513313496605
48.25706196,0.02226291294728008
48.27403235,0.02627603570611124
48.27405381,0.004486152437628748
48.28398561,0.012695506218051423
48.28402328,0.02766460669871061
48.28598547,0.01824979018844892
48.28601956,0.005127031357289998
48.29405236,0.022339208056763562
48.29411793,0.026321812771801328
48.31816411,0.004577706569008927
48.31823778,0.012726024261844816
48.31828523,0.02758831158922713
48.33216381,0.0183413443198291
48.33221126,0.005188067444876783
48.34647417,0.02252231631952392
48.34658551,0.026581216144045166
48.34664679,0.004715037766079194
48.34670305,0.01313801785305562
48.34676886,0.02798504615854124
48.36307859,0.018570229648279545
48.36312938,0.005325398641947051
48.38713622,0.02243076218814374
48.38721395,0.026199740596627757
48.38725758,0.004516670481422141
48.38729167,0.01228351262684062
48.38732386,0.027512016479743648
48.38903499,0.017761501487754634
48.38908625,0.005065995269703212
48.40443659,0.02221713588158999
48.404562,0.02630655374990463
48.40462232,0.004592965590905623
48.41895866,0.013031204699778745
48.41898632,0.02798504615854124
48.41900945,0.01855497062638285
48.41902828,0.005355916685740444
48.42802429,0.022537575341420615
48.42808795,0.02639810788128481
48.44229388,0.00456244754711223
48.4423933,0.012603952086671245
48.44246578,0.027679865720607308
48.45706248,0.018051422903791865
48.4571147,0.0051575494010833904
48.45716333,0.022354467078660258
48.48104095,0.026367589837491417
48.48107719,0.00456244754711223
48.48111176,0.013076981765468834
48.48115277,0.027832455939574275
48.48396921,0.01841763942931258
48.48400402,0.005340657663843748
48.492975,0.022629129472800793
48.49301386,0.026504921034561684
48.50628877,0.00456244754711223
48.50638866,0.012741283283741512
48.50646067,0.027527275501640344
48.53109813,0.017883573662928205
48.53117013,0.005081254291599909
48.53122282,0.022125581750209813
48.53127193,0.026153963530937668
48.54128933,0.00494392309452964
48.54140306,0.013229571984435798
48.54146981,0.028030823224231328
48.54905796,0.01855497062638285
48.54912949,0.005325398641947051
48.56333017,0.022674906538490882
48.56339717,0.02627603570611124
48.57746291,0.004379339284351873
48.57756376,0.012222476539253834
48.59215856,0.027344167238879988
48.59901929,0.016983291371023116
48.59907866,0.004791332875562677
48.59913015,0.021805142290379186
48.60897684,0.025879301136797133
48.60899973,0.004409857328145266
48.61144495,0.013031204699778745
48.61155272,0.028046082246128024
48.62024999,0.018616006713969634
48.62028933,0.005523765926604105
48.62804222,0.022873273823147935
48.62810779,0.026535439078355077
48.64245629,0.004669260700389105
48.64255691,0.012726024261844816
48.65910125,0.027786678873884182
48.65918064,0.01777676050965133
48.65921736,0.005142290379186694
48.68305707,0.022201876859693295
48.6831274,0.026077668421454186
48.68316364,0.004470893415732051
48.6831975,0.01326009002822919
48.68323803,0.027969787136644542
48.6989603,0.018432898451209278
48.69897962,0.005462729839017319
48.7063036,0.022796978713664453
48.70639372,0.02639810788128481
48.71511745,0.004470893415732051
48.7152133,0.012695506218051423
48.72154355,0.027603570611123826
48.73421454,0.017502098115510796
48.7342968,0.005020218204013123
48.73436785,0.02197299153124285
48.73443484,0.025726710917830166
48.74341154,0.0042725261310749985
48.74352646,0.01287861448081178
48.74360132,0.02780193789578088
48.74820065,0.018234531166552225
48.7482338,0.0054169527733272296
48.7648387,0.022827496757457846
48.76488256,0.026489662012664988
48.77656078,0.004577706569008927
48.77661824,0.013046463721675441
48.7864213,0.02780193789578088
48.79810953,0.01777676050965133
48.79814172,0.005127031357289998
48.79817271,0.022232394903486687
48.79820085,0.02578774700541695
48.7982235,0.0042267490653849086
48.81304479,0.012756542305638208
48.81306863,0.027771419851987486
48.81309009,0.01808194094758526
48.81310749,0.005401693751430533
48.82797718,0.02276646066987106
48.82801032,0.02639810788128481
48.8539443,0.00456244754711223
48.85400224,0.013183794918745708
48.8540597,0.027924010070954453
48.85413098,0.017959868772411687
48.8541646,0.005264362554360266
48.8629725,0.022415503166247044
48.86301279,0.026123445487144275
48.86303806,0.004409857328145266
48.89698386,0.013321126115815976
48.89701056,0.02798504615854124
48.89704227,0.01817349507896544
48.89706111,0.0054169527733272296
48.8999629,0.022659647516594186
48.89999723,0.02613870450904097
48.90002131,0.004287785152971695
48.9000442,0.012680247196154727
48.91512465,0.027527275501640344
48.9152,0.017303730830853743
48.9152472,0.005096513313496605
48.93954301,0.02230869001297017
48.93964505,0.02618448157473106
48.93970585,0.004516670481422141
48.94808102,0.01368734264133669
48.94811893,0.0281528953994049
48.96273541,0.018326085297932403
48.96277046,0.005722133211261158
48.98611665,0.022735942626077667
48.98619342,0.02606240939955749
48.98622894,0.0042725261310749985
48.98626328,0.01240558480201419
48.98630476,0.027389944304570077
49.00358701,0.016891737239642938
49.0036335,0.004959182116426337
49.00367355,0.02209506370641642
49.00371218,0.025909819180590526
49.00374436,0.004409857328145266
49.00700903,0.013595788509956512
49.0070343,0.02822919050888838
49.02799129,0.018570229648279545
49.02801251,0.005645838101777676
49.0280354,0.023025864042114902
49.02805781,0.026321812771801328
49.0435195,0.004440375371938659
49.04361653,0.012649729152361334
49.04497981,0.027527275501640344
49.05323744,0.016861219195849545
49.05329132,0.005004959182116427
49.06697273,0.022125581750209813
49.06702614,0.02594033722438392
49.06705236,0.004455634393835355
49.08495927,0.01368734264133669
49.08498383,0.02827496757457847
49.0977757,0.01855497062638285
49.09780955,0.005691615167467765
49.09783959,0.023193713282978562
49.09786868,0.02639810788128481
49.10907698,0.004470893415732051
49.10913634,0.012619211108567941
49.10918951,0.027512016479743648
49.11900067,0.016784924086366063
49.11904335,0.004837109941252766
49.13297892,0.02197299153124285
49.13302135,0.025803006027313648
49.13304758,0.004547188525215534
49.14714622,0.013885709925993743
49.14717603,0.02848859388113222
49.1560688,0.01872281986724651
49.15609479,0.00584420538643473
49.16096783,0.023315785458152133
49.16099691,0.026489662012664988
49.16912103,0.004592965590905623
49.16916251,0.012771801327534905
49.17622495,0.027649347676813915
49.18903661,0.016662851911192492
49.18911147,0.005127031357289998
49.2031033,0.022369726100556955
49.20317459,0.026214999618524453
49.20320463,0.004699778744182498
49.21692181,0.01416037232013428
49.21694636,0.0285648889906157
49.22393894,0.018692301823453116
49.22396207,0.005874723430228122
49.22398448,0.02307164110780499
49.22400641,0.026001373311970704
49.23922777,0.004333562218661784
49.23932719,0.012268253604943923
49.23939967,0.027405203326466773
49.26409698,0.016769665064469367
49.26416969,0.005188067444876783
49.26422238,0.022491798275730526
49.26427054,0.02627603570611124
49.27331924,0.00494392309452964
49.27345586,0.014053559166857405
49.27352858,0.028763256275272753
49.28500104,0.018997482261387044
49.28503013,0.006149385824368658
49.29735088,0.023483634699015793
49.29741001,0.02673380636301213
49.30342865,0.004791332875562677
49.30350852,0.013061722743572137
49.32705164,0.02789349202716106
49.32710505,0.017242694743266958
49.32713127,0.005264362554360266
49.33318162,0.022339208056763562
49.33327317,0.02571145189593347
49.33919644,0.004425116350041962
49.33928585,0.013458457312886245
49.33935976,0.028213931486991684
49.35298085,0.0183413443198291
49.35300422,0.005920500495918211
49.35911083,0.023346303501945526
49.35915661,0.02652018005645838
49.37429118,0.004684519722285801
49.37439179,0.013397421225299458
49.39737034,0.02798504615854124
49.39744973,0.017349507896543832
49.39749336,0.005325398641947051
49.40003705,0.022415503166247044
49.40008521,0.025604638742656595
49.40011621,0.004242008087281605
49.41002059,0.013427939269092852
49.41004562,0.028030823224231328
49.41789317,0.018066681925688565
49.41792703,0.005767910276951248
49.44043469,0.02328526741435874
49.44056916,0.026260776684214542
49.44540262,0.004516670481422141
49.44551802,0.01313801785305562
49.44559121,0.027786678873884182
49.45341396,0.017029068436713205
49.45346284,0.005294880598153659
49.46728945,0.022400244144350347
49.46738076,0.025635156786449988
49.4674418,0.004364080262455177
49.47644234,0.013702601663233387
49.47647548,0.028198672465094988
49.48698521,0.018066681925688565
49.48701191,0.005874723430228122
49.5013845,0.02316319523918517
49.5014751,0.026092927443350882
49.51518369,0.0043945983062485695
49.51524878,0.012985427634088656
49.51529408,0.027725642786297397
49.51533365,0.016998550392919812
49.51536632,0.0053711757076371405
49.53257537,0.022491798275730526
49.53266907,0.02566567483024338
49.53845358,0.004364080262455177
49.53856802,0.013672083619439994
49.53864026,0.028213931486991684
49.56232142,0.01812771801327535
49.56234264,0.005874723430228122
49.56236506,0.02328526741435874
49.56238699,0.026291294728007935
49.57203531,0.004516670481422141
49.57207751,0.01330586709391928
49.57210207,0.02780193789578088
49.58712697,0.01696803234912642
49.58720326,0.005340657663843748
49.59910226,0.022461280231937133
49.5992229,0.025528343633173113
49.59928584,0.004257267109178301
49.62308455,0.01351949340047303
49.62315106,0.028030823224231328
49.63712955,0.01786831464103151
49.63719368,0.005859464408331426
49.64304376,0.02337682154573892
49.64311314,0.02627603570611124
49.65696716,0.004547188525215534
49.65703559,0.013504234378576334
49.65708947,0.02789349202716106
49.65713835,0.017029068436713205
49.65717793,0.005294880598153659
49.65722513,0.022232394903486687
49.67098904,0.02491798275730526
49.67100859,0.0038147554741741053
49.67103672,0.01297016861219196
49.6710577,0.027435721370260166
49.69730401,0.016891737239642938
49.69741821,0.005325398641947051
49.69748807,0.022507057297627222
49.6975565,0.025055313954375526
49.7220304,0.003448538948653391
49.72208381,0.012771801327534905
49.72211766,0.026977950713359275
49.72497368,0.016037232013427938
49.72501159,0.00494392309452964
49.72505188,0.022018768596932938
49.7250905,0.024795910582131684
49.72512197,0.00354009308003357
49.74893928,0.013321126115815976
49.74896407,0.027283131151293202
49.75601149,0.016556038757915618
49.75605631,0.005264362554360266
49.76426029,0.022415503166247044
49.76433611,0.024902723735408562
49.77029347,0.0036316472114137485
49.77039075,0.012741283283741512
49.77601767,0.027145799954222935
49.78898072,0.016235599298084994
49.78902769,0.0052033264667734795
49.79602003,0.022400244144350347
49.79608297,0.025391012436102846
49.79611731,0.004089417868314641
49.80995774,0.014038300144960708
49.80998421,0.028000305180437935
49.82292914,0.017593652246890974
49.82295036,0.005783169298847944
49.83203721,0.023010605020218206
49.83208632,0.025299458304722668
49.83821368,0.00392156862745098
49.83828998,0.012695506218051423
49.84010053,0.027344167238879988
49.85296011,0.016144045166704816
49.8529923,0.005432211795223926
49.87704706,0.022613870450904097
49.87717962,0.025635156786449988
49.87722611,0.00434882124055848
49.87726903,0.014465552758068208
49.87731886,0.028381780727855344
49.89207673,0.01786831464103151
49.89214706,0.006073090714885176
49.8921988,0.023361562523842222
49.89224696,0.025650415808346684
49.91009426,0.004104676890211338
49.91015601,0.012771801327534905
49.91019893,0.02737468528267338
49.92402482,0.01582360570687419
49.92407489,0.005264362554360266
49.94042373,0.02252231631952392
49.9405694,0.02545204852368963
49.94063258,0.004318303196765088
49.94597554,0.014053559166857405
49.9460237,0.028244449530785077
49.95233679,0.017807278553444723
49.95240283,0.006149385824368658
49.9614985,0.023422598611429007
49.96158695,0.025909819180590526
49.97048569,0.004425116350041962
49.97060561,0.013580529488059816
49.98005486,0.027908751049057757
50.00257015,0.016861219195849545
50.00267005,0.005783169298847944
50.01303601,0.022827496757457846
50.01312399,0.02545204852368963
50.01316929,0.004318303196765088
50.02003884,0.013931486991683834
50.0200758,0.02810711833371481
50.03302336,0.01753261615930419
50.03304291,0.006103608758678569
50.03306437,0.02337682154573892
50.03308558,0.02583352407110704
50.04597712,0.004409857328145266
50.04601502,0.01368734264133669
50.04605055,0.02798504615854124
50.05973768,0.017059586480506598
50.05981088,0.005905241474021515
50.08364558,0.023102159151598384
50.08371234,0.02566567483024338
50.08374166,0.004379339284351873
50.08376908,0.014068818188754101
50.08380032,0.028168154421301595
50.08383179,0.017471580071717403
50.0838573,0.0061341268024719614
50.0983789,0.023422598611429007
50.09848857,0.025986114290074008
50.10557151,0.004516670481422141
50.10567212,0.014206149385824368
50.11305594,0.028198672465094988
50.13330674,0.017380025940337225
50.13340735,0.006042572671091783
50.13506651,0.023254749370565347
50.13514829,0.0255893797207599
50.13518691,0.004455634393835355
50.14305878,0.01373311970702678
50.1431191,0.02798504615854124
50.15200734,0.01715114061188678
50.15204644,0.006103608758678569
50.16628242,0.02328526741435874
50.16641569,0.025696192874036773
50.17239499,0.004379339284351873
50.1725111,0.01411459525444419
50.17258453,0.028030823224231328
50.20021796,0.017090104524299994
50.200279,0.005920500495918211
50.20639133,0.022980086976424813
50.20651698,0.02520790417334249
50.20658088,0.003997863736934462
50.21196675,0.013626306553749905
50.21200562,0.0277103837644007
50.21896458,0.01667811093308919
50.21899247,0.005767910276951248
50.22816586,0.023010605020218206
50.22824287,0.02520790417334249
50.24208355,0.004043640802624552
50.24213743,0.013824673838406958
50.25602698,0.02775616083009079
50.25610328,0.016769665064469367
50.25614762,0.005889982452124819
50.27124166,0.023102159151598384
50.27136683,0.02528419928282597
50.27143002,0.0040588998245212485
50.27148652,0.013794155794613565
50.27157497,0.027786678873884182
50.28598166,0.01675440604257267
50.28600407,0.005859464408331426
50.29198527,0.02307164110780499
50.2920301,0.025177386129549097
50.31637859,0.004043640802624552
50.31643963,0.01385519188220035
50.31648231,0.027832455939574275
50.32203913,0.016693369954985885
50.32208586,0.005935759517814908
50.33646417,0.023132677195391776
50.33657432,0.025238422217135882
50.34135079,0.004211490043488212
50.34155369,0.013977264057373923
50.34162784,0.02789349202716106
50.35897684,0.016891737239642938
50.35899687,0.006073090714885176
50.37346792,0.02323949034866865
50.37357593,0.02528419928282597
50.38724446,0.004104676890211338
50.38731718,0.013885709925993743
50.38736105,0.02784771496147097
50.40146494,0.01667811093308919
50.40156507,0.0060120546272983905
50.4016366,0.02316319523918517
50.40170455,0.025314717326619364
50.40178251,0.004150453955901427
50.41507316,0.014190890363927672
50.41513109,0.027954528114747846
50.4151659,0.01684596017395285
50.4151926,0.006073090714885176
50.44033289,0.02333104448004883
50.44049335,0.025268940260929275
50.44057417,0.004165712977798123
50.44066763,0.013962005035477227
50.44073772,0.027832455939574275
50.45403647,0.016571297779812314
50.45410252,0.005905241474021515
50.46443391,0.023224231326771955
50.46456099,0.025299458304722668
50.47702575,0.004165712977798123
50.47709894,0.014099336232547494
50.47714233,0.027954528114747846
50.4830122,0.016769665064469367
50.48305249,0.006240939955748837
50.49761701,0.02340733958953231
50.49772811,0.025345235370412757
50.51307058,0.004196231021591516
50.51314044,0.01411459525444419
50.51319385,0.027924010070954453
50.52024698,0.0166323338673991
50.52031565,0.006103608758678569
50.53347087,0.023254749370565347
50.53358078,0.02532997634851606
50.53364229,0.004196231021591516
50.54102755,0.014190890363927672
50.54109931,0.02798504615854124
50.56468606,0.016723887998779278
50.56476808,0.006256198977645533
50.56615162,0.023422598611429007
50.56622028,0.025299458304722668
50.57908988,0.004196231021591516
50.5791738,0.01411459525444419
50.57923865,0.027954528114747846
50.58398485,0.016617074845502403
50.58402324,0.0061799038681620505
50.59823227,0.023270008392462044
50.59830165,0.025268940260929275
50.5983355,0.004242008087281605
50.60726762,0.014465552758068208
50.60733509,0.028046082246128024
50.63103819,0.016784924086366063
50.63105965,0.0062256809338521405
50.63108182,0.02340733958953231
50.63110304,0.02520790417334249
50.63799357,0.0041809719996948195
50.63801813,0.014084077210650798
50.64660835,0.027878233005264364
50.65295959,0.01651026169222553
50.65299416,0.0062256809338521405
50.66227865,0.023422598611429007
50.66237926,0.02520790417334249
50.66244006,0.004196231021591516
50.68649602,0.014618142977035172
50.68652344,0.028122377355611506
50.6865468,0.01684596017395285
50.68656564,0.006424048218509193
50.69635892,0.023529411764705882
50.69644904,0.02542153047989624
50.70548177,0.0042267490653849086
50.70560217,0.014465552758068208
50.70996141,0.027969787136644542
50.72297478,0.016449225604638743
50.72302246,0.0061799038681620505
50.73731947,0.02337682154573892
50.73744535,0.02511635004196231
50.73750639,0.0041809719996948195
50.75156069,0.014724956130312047
50.75159287,0.028137636377508202
50.75163579,0.016861219195849545
50.75165868,0.006515602349889372
50.76100135,0.023682001983672846
50.76104784,0.025314717326619364
50.77524543,0.004303044174868391
50.77532911,0.014053559166857405
50.77537489,0.027832455939574275
50.7889955,0.015960936903944456
50.7890451,0.006042572671091783
50.80353761,0.023102159151598384
50.80366206,0.024826428625925077
50.80372381,0.004242008087281605
50.81198525,0.014694438086518654
50.81202149,0.02832074464026856
50.81695533,0.017029068436713205
50.81697989,0.006729228656443122
50.82617021,0.023819333180743113
50.82627797,0.02554360265506981
50.83946848,0.004486152437628748
50.83956885,0.01441977569237812
50.85205078,0.028030823224231328
50.87701774,0.01629663538567178
50.87707138,0.006301976043335622
50.87710619,0.02340733958953231
50.87713861,0.025055313954375526
50.89097357,0.004303044174868391
50.89102578,0.014847028305485618
50.89106822,0.028244449530785077
50.8911078,0.01680018310826276
50.89115477,0.00665293354695964
50.90523887,0.023682001983672846
50.90534806,0.025238422217135882
50.90540862,0.004287785152971695
50.90546393,0.014373998626688029
50.90552831,0.028000305180437935
50.93023419,0.016189822232394905
50.93033504,0.0063477531090257115
50.93040705,0.023437857633325704
50.93047476,0.025360494392309453
50.94400454,0.004409857328145266
50.94407868,0.014908064393072405
50.94413257,0.028168154421301595
50.94797969,0.016525520714122225
50.94801188,0.00643930724040589
50.95897484,0.023422598611429007
50.95901084,0.02481116960402838
50.97321296,0.004043640802624552
50.9732554,0.014206149385824368
50.98758888,0.027679865720607308
50.99639654,0.015869382772564278
50.99645472,0.0062256809338521405
51.00134373,0.02328526741435874
51.00141621,0.024704356450751506
51.00146103,0.003906309605554284
51.01214933,0.014618142977035172
51.01220989,0.027786678873884182
51.01799703,0.01594567788204776
51.01802754,0.00627145799954223
51.03256965,0.023346303501945526
51.03265738,0.024719615472648202
51.0460248,0.003860532539864195
51.04609776,0.014679179064621958
51.05097818,0.027771419851987486
51.06751776,0.01589990081635767
51.06756425,0.006164644846265354
51.06760502,0.02337682154573892
51.06764317,0.024444953078507668
51.06909728,0.0037384603646906235
51.06915212,0.013977264057373923
51.06919074,0.027405203326466773
51.08296299,0.015365835049973296
51.08298445,0.006164644846265354
51.10709357,0.02328526741435874
51.10715032,0.024658579385061417
51.1071856,0.0038147554741741053
51.10721946,0.014663920042725261
51.10726094,0.027649347676813915
51.12222123,0.015426871137560083
51.12225604,0.0060120546272983905
51.1279676,0.023086900129701687
51.12800646,0.02418554970626383
51.14229512,0.003509575036240177
51.14245296,0.01441977569237812
51.14249778,0.02742046234836347
51.15596843,0.015365835049973296
51.15598989,0.006103608758678569
51.17331934,0.02320897230487526
51.17344832,0.024170290684367133
51.17522597,0.0034790569924467844
51.17536044,0.013870450904097047
51.17543459,0.02720683604180972
51.18888164,0.014801251239795529
51.18894315,0.0037079423208972303
51.18897462,0.018982223239490347
51.19698954,0.027023727779049364
51.19701076,0.005752651255054551
51.22159028,0.009842069123369192
51.22164202,0.02589456015869383
51.23404622,0.020737010757610436
51.23409367,0.0037384603646906235
51.23413515,0.01931792172121767
51.23417354,0.027008468757152668
51.25229192,0.005661097123674372
51.25235605,0.009582665751125354
51.25239253,0.025772487983520255
51.27519846,0.020248722056916153
51.27527976,0.0036621652552071412
51.27531672,0.019165331502250707
51.27534509,0.027054245822842757
51.27536821,0.00584420538643473
51.27539134,0.010101472495613032
51.27541876,0.026123445487144275
51.30010295,0.0208896009765774
51.30017185,0.003723201342793927
51.30022526,0.019226367589837492
51.30027604,0.026703288319218737
51.31506777,0.005264362554360266
51.31511736,0.009399557488364995
51.31516218,0.025406271457999542
51.32231641,0.01977569237811856
51.32235432,0.003509575036240177
51.32238555,0.018982223239490347
51.33093953,0.02673380636301213
51.3309598,0.005432211795223926
51.34399176,0.010131990539406424
51.34404135,0.026123445487144275
51.36139655,0.020874341954680704
51.36142826,0.0038452735179674985
51.36396122,0.01953154802777142
51.36399388,0.02703898680094606
51.37308025,0.0055848020141908905
51.37316895,0.009643701838712139
51.37323475,0.02571145189593347
51.38794374,0.01998931868467231
51.38798308,0.0036011291676203558
51.38801241,0.01936369878690776
51.3969624,0.027344167238879988
51.39698315,0.0063935301747158006
51.41598749,0.01078812848096437
51.41602778,0.02696269169146258
51.41605854,0.021683070115205615
51.41608334,0.004577706569008927
51.43100452,0.020233463035019456
51.43105221,0.027954528114747846
51.4370153,0.006713969634546426
51.43707037,0.01078812848096437
51.44302821,0.02716105897611963
51.45971251,0.021927214465552756
51.45975947,0.004928664072632944
51.45979047,0.02076752880140383
51.47141266,0.02851911192492561
51.47149158,0.007125963225757229
51.48364782,0.011200122072175174
51.48372483,0.027267872129396506
51.49099588,0.021728847180895704
51.49102879,0.0046082246128023195
51.49597287,0.02026398107881285
51.49600458,0.02780193789578088
51.51003027,0.0063935301747158006
51.51009417,0.010574502174410621
51.51013041,0.02673380636301213
51.52495909,0.02119478141451133
51.5249939,0.004455634393835355
51.5250237,0.020233463035019456
51.54799628,0.027695124742504004
51.54801869,0.006332494087129015
51.54803777,0.010635538261997406
51.54806018,0.026672770275425344
51.55097246,0.020981155107957578
51.55099988,0.0042267490653849086
51.56544518,0.01998931868467231
51.56555462,0.027481498435950255
51.57119107,0.006103608758678569
51.57130551,0.010589761196307317
51.57137847,0.026626993209735255
51.59524608,0.021011673151750974
51.59533715,0.0042725261310749985
51.59540963,0.020157167925535974
51.60852361,0.027527275501640344
51.60855246,0.006149385824368658
51.60857677,0.010833905546654459
51.60860491,0.026840619516289004
51.61871767,0.021149004348821242
51.61875248,0.00434882124055848
51.6271677,0.020004577706569007
51.62726259,0.02713054093232624
51.63646245,0.005676356145571069
51.63656282,0.010162508583199817
51.65005398,0.026291294728007935
51.67357588,0.020630197604333562
51.67370915,0.0042725261310749985
51.67378283,0.020202944991226063
51.67509103,0.02749675745784695
51.67513108,0.00605783169298848
51.70003867,0.010894941634241245
51.70006466,0.026794842450598915
51.70008683,0.02102693217364767
51.70010471,0.004242008087281605
51.70321083,0.019958800640878918
51.70333457,0.026947432669565882
51.70339847,0.005615320057984283
51.71694374,0.009903105210955977
51.71696901,0.026092927443350882
51.73136115,0.019974059662775615
51.73145175,0.004196231021591516
51.73637843,0.019897764553292133
51.73650479,0.027267872129396506
51.7365675,0.005951018539711604
51.74198866,0.010925459678034637
51.74204326,0.026840619516289004
51.75096178,0.020996414129854278
51.75099611,0.00434882124055848
51.76536798,0.02029449912260624
51.76547742,0.027176317998016328
51.77332306,0.005737392233157855
51.7734642,0.010559243152513925
51.77353883,0.026489662012664988
51.79095244,0.020477607385366598
51.79097533,0.0040588998245212485
51.79099751,0.019943541618982222
51.81598759,0.026886396581979097
51.81601071,0.005523765926604105
51.81602979,0.010391393911650263
51.81605196,0.026337071793698024
51.81607413,0.02029449912260624
51.81609273,0.0042267490653849086
51.82600594,0.020065613794155796
51.8260529,0.027069504844739453
51.85001183,0.005661097123674372
51.85008454,0.010650797283894103
51.85012841,0.026489662012664988
51.85897803,0.020416571297779813
51.85901856,0.0042267490653849086
51.85905957,0.02021820401312276
51.86599731,0.027176317998016328
51.86602449,0.005783169298847944
51.87321997,0.01095597772182803
51.87324667,0.026672770275425344
51.88641238,0.020584420538643473
51.88644433,0.0042725261310749985
51.89205098,0.020065613794155796
51.89213443,0.026749065384908826
51.91603589,0.005432211795223926
51.91610122,0.010055695429922943
51.91614771,0.0260166323338674
51.92599058,0.019562066071564813
51.92606926,0.004089417868314641
51.92611957,0.019806210421911954
51.92616653,0.026901655603875793
51.92620516,0.00563057907988098
51.94131827,0.011032272831311514
51.94135642,0.02673380636301213
51.95398068,0.02072175173571374
51.95401406,0.0043945983062485695
51.96842456,0.02029449912260624
51.96853375,0.026825360494392308
51.98286891,0.0053711757076371405
51.98293495,0.010070954451819639
51.98296952,0.02594033722438392
51.98300242,0.01924162661173419
51.98302865,0.003936827649347677
51.98305988,0.019546807049668116
51.99697995,0.02664225223163195
51.99699903,0.005691615167467765
52.00634694,0.011108567940794995
52.00642395,0.026764324406805522
52.01895976,0.020813305867093918
52.01899242,0.004638742656595712
52.04317164,0.020447089341573205
52.04325223,0.02691691462577249
52.04329634,0.0054169527733272296
52.04333878,0.010086213473716335
52.0433917,0.02589456015869383
52.0529952,0.01896696421759365
52.05304646,0.0040588998245212485
52.05308795,0.01969939726863508
52.06247783,0.026657511253528648
52.06250024,0.0055848020141908905
52.07607484,0.011154345006485085
52.07613015,0.026703288319218737
52.09103608,0.020523384451056687
52.0910809,0.004287785152971695
52.09849763,0.02012664988174258
52.09857559,0.02639810788128481
52.12202024,0.005065995269703212
52.12209249,0.009948882276646066
52.12213635,0.025635156786449988
52.12498951,0.018829633020523383
52.12503815,0.003906309605554284
52.12697935,0.019516289005874723
52.12703776,0.026337071793698024
52.127069,0.005310139620050355
52.1509738,0.011001754787518121
52.15100026,0.026504921034561684
52.15102339,0.020309758144502938
52.15104198,0.004486152437628748
52.16122508,0.020309758144502938
52.16129708,0.026749065384908826
52.17046094,0.005447470817120622
52.17057538,0.010498207064927139
52.17064786,0.02606240939955749
52.18999028,0.01943999389639124
52.1900301,0.0042267490653849086
52.19006157,0.01982146944380865
52.2029593,0.026550698100251773
52.20298004,0.005554283970397498
52.22713995,0.011062790875104906
52.22722244,0.026337071793698024
52.22729421,0.019958800640878918
52.22734976,0.004074158846417945
52.23039627,0.019684138246738384
52.23050833,0.025604638742656595
52.23836374,0.0043945983062485695
52.23847842,0.00959792477302205
52.23855305,0.024887464713511862
52.25700188,0.01782253757534142
52.2570672,0.003585870145723659
52.25712657,0.019119554436560618
52.27143407,0.025558861676966506
52.27153134,0.004654001678492409
52.28008938,0.010772869459067674
52.28014803,0.02578774700541695
52.28678536,0.019348439765011063
52.28683329,0.003952086671244373
52.29633522,0.0196078431372549
52.29640841,0.025513084611276417
52.29645324,0.004425116350041962
52.30911803,0.009704737926298924
52.30921984,0.025146868085755704
52.32299995,0.018112458991378654
52.32305622,0.00392156862745098
52.32309961,0.019378957808804456
52.33702683,0.025879301136797133
52.33704615,0.005050736247806516
52.34296274,0.010986495765621425
52.34299445,0.02623025864042115
52.35225725,0.019836728465705347
52.35228348,0.004470893415732051
52.36663151,0.020279240100709545
52.36673999,0.026337071793698024
52.36680079,0.005294880598153659
52.37700152,0.010650797283894103
52.37704015,0.025925078202487222
52.41004801,0.019226367589837492
52.41011119,0.0043945983062485695
52.41014647,0.020035095750362403
52.41602778,0.0264438849469749
52.41609049,0.005523765926604105
52.42504406,0.01138323033493553
52.42511296,0.0264438849469749
52.42516637,0.020019836728465707
52.42520595,0.004623483634699016
52.43947697,0.020279240100709545
52.43958807,0.026153963530937668
52.43964911,0.0052033264667734795
52.45199132,0.010452429999237048
52.45202661,0.025879301136797133
52.46643877,0.019165331502250707
52.46655345,0.004547188525215534
52.46662545,0.02034027618829633
52.46669173,0.026535439078355077
52.46674514,0.005539024948500801
52.49002433,0.011413748378728923
52.49005151,0.026489662012664988
52.49007463,0.019806210421911954
52.49009323,0.004699778744182498
52.49201107,0.02026398107881285
52.49205542,0.026245517662317846
52.51505113,0.005401693751430533
52.51511431,0.010925459678034637
52.51515722,0.026199740596627757
52.53043985,0.019546807049668116
52.53055286,0.004669260700389105
52.53064895,0.020538643472953384
52.53072023,0.026489662012664988
52.53077769,0.005539024948500801
52.54001784,0.01138323033493553
52.54005957,0.0264438849469749
52.54802203,0.019668879224841687
52.54806852,0.004684519722285801
52.57234859,0.02055390249485008
52.57245779,0.026367589837491417
52.57468271,0.005127031357289998
52.57479858,0.010925459678034637
52.58701229,0.0260166323338674
52.58707285,0.01896696421759365
52.58711052,0.004425116350041962
52.5871501,0.020202944991226063
52.59801126,0.026123445487144275
52.59803033,0.0052491035324635695
52.60635352,0.011352712291142137
52.60642982,0.02652018005645838
52.62004852,0.01974517433432517
52.62009931,0.004882887006942855
52.63416243,0.02072175173571374
52.63423014,0.026382848859388113
52.64728832,0.0053711757076371405
52.64739251,0.011154345006485085
52.64746904,0.026337071793698024
52.64754057,0.019119554436560618
52.64760089,0.00473029678797589
52.64767098,0.020569161516746776
52.66198277,0.02656595712214847
52.66200757,0.005615320057984283
52.67902064,0.011825741969939726
52.67904496,0.026855878538185704
52.69299364,0.019790951400015258
52.6930275,0.004852368963149462
52.69306827,0.02084382391088731
52.69310665,0.02652018005645838
52.70855093,0.005477988860914015
52.708673,0.011367971313038834
52.70874405,0.02656595712214847
52.72303462,0.019333180743114367
52.72310686,0.004898146028839551
52.72315145,0.020904859998474096
52.72795725,0.02677958342870222
52.72797704,0.005737392233157855
52.75205541,0.012130922407873656
52.75211334,0.027054245822842757
52.75214958,0.019897764553292133
52.75217867,0.005081254291599909
52.7620213,0.021057450217441064
52.76207423,0.026428625925078202
52.76210904,0.005264362554360266
52.77602315,0.011139085984588388
52.77604604,0.026428625925078202
52.79094434,0.018829633020523383
52.79098368,0.004791332875562677
52.79101372,0.020813305867093918
52.80521297,0.02661173418783856
52.8052721,0.005706874189364461
52.82064795,0.01211566338597696
52.82070756,0.02720683604180972
52.83213782,0.019943541618982222
52.83221912,0.0052033264667734795
52.83228993,0.021271076523994813
52.83237839,0.02664225223163195
52.83243251,0.005569542992294194
52.85595918,0.011871519035629816
52.85598397,0.02691691462577249
52.85600638,0.0196078431372549
52.85602498,0.005127031357289998
52.85604668,0.021393148699168384
52.86496902,0.026703288319218737
52.86498976,0.005600061036087587
52.87602282,0.011917296101319905
52.87604856,0.02681010147249561
52.89109135,0.019043259327077136
52.89113903,0.004928664072632944
52.89600062,0.0208896009765774
52.89603949,0.026214999618524453
52.90546656,0.0052491035324635695
52.90556669,0.012008850232700085
52.91143703,0.026886396581979097
52.92003465,0.019623102159151598
52.92010808,0.005127031357289998
52.93426085,0.021545738918135347
52.93437791,0.02661173418783856
52.93443966,0.0053711757076371405
52.95749235,0.011932555123216601
52.95755625,0.026886396581979097
52.95759749,0.018829633020523383
52.95762682,0.0048218509193560695
52.96099973,0.02093537804226749
52.96106458,0.026092927443350882
52.98598385,0.004913405050736248
52.98604393,0.011734187838559548
52.98607802,0.02673380636301213
52.98610902,0.018860151064316776
52.98613405,0.004760814831769284
52.98616385,0.02111848630502785
53.01378965,0.02613870450904097
53.01382017,0.004928664072632944
53.01384497,0.01168841077286946
53.01388907,0.026657511253528648
53.0190711,0.018646524757763027
53.01909876,0.004852368963149462
53.03109074,0.021057450217441064
53.0311749,0.026123445487144275
53.03123307,0.005004959182116427
53.04046917,0.011841000991836423
53.04049277,0.026825360494392308
53.05545449,0.018768596932936598
53.0555141,0.005020218204013123
53.05555582,0.021423666742961776
53.08095241,0.026459143968871595
53.08097386,0.005004959182116427
53.08393884,0.012268253604943923
53.08396649,0.027054245822842757
53.09749985,0.01896696421759365
53.09757519,0.005020218204013123
53.09764314,0.021316853589684902
53.09770799,0.026047150377660793
53.1072042,0.004898146028839551
53.10730314,0.011932555123216601
53.12104845,0.0268711375600824
53.13550806,0.0187533379110399
53.13559771,0.005096513313496605
53.1356709,0.02162203402761883
53.13573766,0.0264438849469749
53.13581252,0.005111772335393301
53.15792513,0.012512397955291066
53.15794945,0.027191577019913024
53.15996218,0.01892118715190356
53.16002035,0.005050736247806516
53.16007137,0.021484702830548562
53.16011953,0.025955596246280615
53.17665362,0.004852368963149462
53.17671895,0.011657892729076066
53.17676163,0.02668802929732204
53.20006919,0.01812771801327535
53.20015287,0.005050736247806516
53.20020652,0.021393148699168384
53.20025563,0.026214999618524453
53.20029521,0.005065995269703212
53.20606589,0.01254291599908446
53.20614958,0.0272983901731899
53.22141552,0.01907377737087053
53.22147679,0.005355916685740444
53.22799373,0.02197299153124285
53.22804856,0.026428625925078202
53.25405765,0.005081254291599909
53.25413203,0.012085145342183566
53.25417638,0.02699320973525597
53.26101232,0.01812771801327535
53.26104522,0.005310139620050355
53.26107764,0.021225299458304724
53.27001953,0.025848783093003737
53.27003932,0.004852368963149462
53.27801895,0.012375066758220797
53.27804112,0.027283131151293202
53.27806234,0.018860151064316776
53.27807999,0.005340657663843748
53.29304266,0.021942473487449453
53.29309726,0.02630655374990463
53.31705809,0.004928664072632944
53.31712174,0.012207217517357137
53.31716609,0.027054245822842757
53.31996775,0.018188754100862136
53.32001472,0.005096513313496605
53.3354466,0.021484702830548562
53.33557343,0.026001373311970704
53.33563471,0.004806591897459373
53.33569002,0.012771801327534905
53.33575487,0.027267872129396506
53.35118937,0.01872281986724651
53.35124159,0.0052491035324635695
53.37350631,0.021850919356069275
53.3736155,0.02594033722438392
53.38700891,0.004577706569008927
53.38708234,0.011718928816662852
53.38712525,0.02664225223163195
53.39594769,0.017410543984130618
53.39599276,0.004852368963149462
53.39602184,0.021316853589684902
53.40509677,0.025818265049210344
53.40512133,0.00477607385366598
53.41142726,0.012726024261844816
53.41146398,0.02742046234836347
53.4361515,0.018768596932936598
53.43619657,0.005477988860914015
53.44795275,0.02204928664072633
53.44798613,0.026245517662317846
53.44800901,0.004913405050736248
53.44803667,0.01249713893339437
53.44806099,0.027283131151293202
53.46703219,0.018158236057068743
53.46708751,0.005264362554360266
53.46712852,0.02186617837796597
53.46716738,0.026245517662317846
53.4671998,0.004959182116426337
53.47228885,0.013229571984435798
53.47233605,0.0277103837644007
53.48708057,0.018860151064316776
53.4871335,0.005661097123674372
53.49998283,0.02226291294728008
53.50001383,0.026214999618524453
53.51405239,0.004837109941252766
53.51413441,0.01254291599908446
53.51418304,0.027191577019913024
53.51421571,0.01803616388189517
53.51826119,0.005355916685740444
53.51829362,0.022064545662623027
53.53198624,0.026214999618524453
53.53200603,0.004913405050736248
53.54531622,0.013061722743572137
53.54540849,0.027481498435950255
53.55890441,0.018234531166552225
53.55893779,0.005813687342641337
53.56718969,0.021988250553139545
53.56726336,0.025925078202487222
53.57332039,0.00473029678797589
53.57338524,0.012695506218051423
53.57343936,0.027359426260776684
53.59212089,0.01812771801327535
53.59215808,0.005477988860914015
53.5921874,0.022278171969176776
53.59221482,0.026260776684214542
53.59223652,0.004837109941252766
53.61609936,0.013061722743572137
53.61616755,0.027512016479743648
53.61622667,0.01808194094758526
53.61626005,0.005432211795223926
53.62616801,0.022034027618829635
53.62620711,0.02583352407110704
53.64048791,0.0046082246128023195
53.64057732,0.013076981765468834
53.64065027,0.02746623941405356
53.65702343,0.018158236057068743
53.65708923,0.005523765926604105
53.65712667,0.022354467078660258
53.66596222,0.02606240939955749
53.66599393,0.004699778744182498
53.68997312,0.012817578393224994
53.6899991,0.027267872129396506
53.69002223,0.017456321049820707
53.69004059,0.0052491035324635695
53.69208622,0.021881437399862667
53.6921134,0.025696192874036773
53.70664215,0.004592965590905623
53.70672441,0.013153276874952316
53.70796323,0.02754253452353704
53.73200607,0.018097199969481958
53.7320478,0.005661097123674372
53.73207879,0.022507057297627222
53.73210669,0.02610818646524758
53.73212957,0.004760814831769284
53.74198771,0.013366903181506065
53.74201107,0.02766460669871061
53.75103426,0.018066681925688565
53.75108528,0.00563057907988098
53.76040816,0.022461280231937133
53.76044583,0.025818265049210344
53.77328086,0.004547188525215534
53.77338219,0.012802319371328297
53.77347064,0.027313649195086595
53.78696895,0.017410543984130618
53.80396676,0.0053711757076371405
53.8039937,0.022156099794003205
53.80401683,0.025803006027313648
53.8040359,0.004638742656595712
53.82574391,0.013595788509956512
53.82577729,0.027725642786297397
53.83296561,0.01803616388189517
53.83299732,0.0057984283207446405
53.83302665,0.022613870450904097
53.83305407,0.025818265049210344
53.83307672,0.004486152437628748
53.8424027,0.01287861448081178
53.84242797,0.027283131151293202
53.85693908,0.01739528496223392
53.85697293,0.005615320057984283
53.85700345,0.02255283436331731
53.88375497,0.026047150377660793
53.88377762,0.00473029678797589
53.88379645,0.013672083619439994
53.8838191,0.027603570611123826
53.88384151,0.017669947356374456
53.88386011,0.005554283970397498
53.89196754,0.02230869001297017
53.89199948,0.025482566567483024
53.90626407,0.004409857328145266
53.90630913,0.013275349050125887
53.90634918,0.02746623941405356
53.93097281,0.017578393224994278
53.93104029,0.005722133211261158
53.93107128,0.022583352407110704
53.93109941,0.025803006027313648
53.93112206,0.004440375371938659
53.94201803,0.013611047531853208
53.94204211,0.027527275501640344
53.94999313,0.017547875181200885
53.95002651,0.005706874189364461
53.95996594,0.02243076218814374
53.95999646,0.025391012436102846
53.97443128,0.00434882124055848
53.97449589,0.013031204699778745
53.98703408,0.027283131151293202
53.99241138,0.016983291371023116
53.99247074,0.005554283970397498
53.99252033,0.022369726100556955
54.00096869,0.025604638742656595
54.00098825,0.004516670481422141
54.00718641,0.013885709925993743
54.0072701,0.027649347676813915
54.02105618,0.01760891126878767
54.02110672,0.005813687342641337
54.03649926,0.022735942626077667
54.03662539,0.02542153047989624
54.03668857,0.00434882124055848
54.06135178,0.012787060349431601
54.06138635,0.027069504844739453
54.061409,0.016433966582742047
54.06142759,0.005462729839017319
54.06144977,0.022171358815899902
54.06297183,0.02532997634851606
54.06299233,0.004516670481422141
54.07930446,0.013916227969787138
54.07935405,0.027771419851987486
54.08295727,0.017639429312581063
54.08299398,0.006073090714885176
54.10728621,0.022903791866941327
54.10735989,0.025558861676966506
54.1073966,0.004409857328145266
54.10743022,0.013229571984435798
54.10746908,0.027344167238879988
54.12348819,0.016937514305333027
54.12356067,0.005859464408331426
54.12763906,0.02281223773556115
54.12771297,0.02566567483024338
54.12775111,0.004531929503318838
54.14095092,0.014175631342030976
54.14097786,0.027771419851987486
54.16501737,0.017303730830853743
54.16508174,0.005920500495918211
54.16511154,0.022674906538490882
54.16513968,0.02499427786678874
54.18022013,0.004089417868314641
54.18031931,0.012863355458915083
54.18039322,0.02708476386663615
54.18204904,0.01606775005722133
54.18213987,0.005539024948500801
54.18221188,0.022461280231937133
54.19992352,0.025391012436102846
54.19994402,0.004501411459525444
54.21054292,0.014404516670481423
54.2106328,0.027969787136644542
54.22416592,0.017425803006027314
54.22422838,0.0061341268024719614
54.23198938,0.02316319523918517
54.23204446,0.025528343633173113
54.23208141,0.0042725261310749985
54.23211575,0.013580529488059816
54.24222541,0.027481498435950255
54.25680113,0.016403448538948654
54.25686598,0.005737392233157855
54.25691104,0.022613870450904097
54.26099014,0.025177386129549097
54.26102114,0.004303044174868391
54.28697014,0.014221408407721065
54.28699756,0.02789349202716106
54.30004883,0.01710536354619669
54.30009604,0.006073090714885176
54.30013776,0.02307164110780499
54.30017781,0.02528419928282597
54.32307291,0.004211490043488212
54.32314134,0.013717860685130083
54.32319379,0.027435721370260166
54.32324195,0.016403448538948654
54.33212399,0.005889982452124819
54.33216667,0.02288853284504463
54.33219862,0.025192645151445793
54.33222485,0.004257267109178301
54.34241486,0.01454184786755169
54.34252501,0.027969787136644542
54.36609459,0.017059586480506598
54.36615801,0.0061799038681620505
54.36620235,0.02340733958953231
54.36624384,0.025360494392309453
54.3762207,0.004211490043488212
54.37633657,0.013763637750820172
54.3764112,0.027573052567330433
54.39103293,0.015793087663080796
54.39110708,0.0055848020141908905
54.39115167,0.022583352407110704
54.39119172,0.02459754329747463
54.39122534,0.003997863736934462
54.40649199,0.01416037232013428
54.40655518,0.02789349202716106
54.4321692,0.016693369954985885
54.43221831,0.006317235065232319
54.43226171,0.023422598611429007
54.43230152,0.025391012436102846
54.43500757,0.004196231021591516
54.43505454,0.014175631342030976
54.44528604,0.02780193789578088
54.45330667,0.016113527122911423
54.45346045,0.005951018539711604
54.45359802,0.022980086976424813
54.4670229,0.0247348744945449
54.46705246,0.0038910505836575876
54.49110603,0.014221408407721065
54.491184,0.027786678873884182
54.49123526,0.01625085831998169
54.49127531,0.006103608758678569
54.49301887,0.02328526741435874
54.49308038,0.02491798275730526
54.50715876,0.003936827649347677
54.50724149,0.014190890363927672
54.50731373,0.027649347676813915
54.51744509,0.015762569619287403
54.51755929,0.005889982452124819
54.54148865,0.023102159151598384
54.5416348,0.02468909742885481
54.54169703,0.0038147554741741053
54.55312419,0.01441977569237812
54.55316091,0.027786678873884182
54.55318403,0.015960936903944456
54.55320644,0.006164644846265354
54.55795121,0.023361562523842222
54.55798936,0.024780651560234988
54.57235718,0.0038300144960708017
54.57243943,0.014312962539101243
54.5725112,0.027832455939574275
54.60016012,0.015869382772564278
54.60023117,0.006164644846265354
54.60027575,0.023392080567635615
54.60500669,0.024826428625925077
54.60504532,0.003906309605554284
54.61130953,0.014526588845654994
54.61137605,0.027862973983367668
54.62031007,0.015884641794460974
54.62040877,0.006256198977645533
54.62798214,0.023468375677119097
54.62802863,0.025024795910582133
54.64228559,0.0039673456931410694
54.64237785,0.014679179064621958
54.64245009,0.028030823224231328
54.66531372,0.015747310597390707
54.66538215,0.006088349736781872
54.66541314,0.023361562523842222
54.67352819,0.024612802319371328
54.67354894,0.0038147554741741053
54.6755631,0.01454184786755169
54.67558885,0.028076600289921417
54.68321323,0.01602197299153124
54.68326998,0.006500343327992676
54.69197607,0.023773556115053024
54.69202518,0.0251621271076524
54.7165308,0.00413519493400473
54.71662974,0.014908064393072405
54.7167027,0.028168154421301595
54.72200561,0.015884641794460974
54.72206926,0.006363012130922408
54.72797799,0.023590447852292667
54.72803378,0.025024795910582133
54.7280674,0.004104676890211338
54.74402094,0.015213244831006332
54.74404407,0.02835126268406195
54.75056005,0.016083009079118027
54.75065851,0.006591897459372854
54.75799942,0.02371252002746624
54.75804543,0.02481116960402838
54.78238797,0.003952086671244373
54.78246522,0.01470969710841535
54.78404403,0.028091859311818113
54.78410721,0.01556420233463035
54.78416371,0.006408789196612497
54.78423429,0.02362096589608606
54.79799509,0.02485694666971847
54.79802752,0.004028381780727856
54.80706763,0.015335317006179903
54.80713391,0.028900587472343024
54.82097626,0.010498207064927139
54.82099795,0.006958113984893569
54.83502293,0.024170290684367133
54.83510494,0.02520790417334249
54.84849596,0.004165712977798123
54.84860945,0.015060654612039369
54.8486836,0.028168154421301595
54.85005116,0.0153505760280766
54.8500948,0.006317235065232319
54.85013032,0.02357518883039597
54.86463714,0.024582284275577935
54.86466408,0.003982604715037766
54.87702632,0.015381094071869994
54.87704897,0.028976882581826506
54.90101552,0.010498207064927139
54.90106297,0.007171740291447318
54.90109229,0.024490730144197757
54.9011209,0.025345235370412757
54.90293455,0.004150453955901427
54.90297532,0.015167467765316243
54.90299797,0.0281528953994049
54.91096735,0.014953841458762494
54.92011738,0.0039673456931410694
54.92014742,0.019302662699320974
54.93295813,0.027054245822842757
54.93297839,0.005783169298847944
54.94706941,0.010772869459067674
54.94712186,0.027100022888532846
54.9570272,0.02162203402761883
54.9571104,0.004425116350041962
54.95716238,0.020645456626230258
54.95721269,0.027969787136644542
54.95725298,0.006301976043335622
54.98310065,0.010803387502861066
54.98313046,0.026947432669565882
54.98315454,0.021057450217441064
54.9969902,0.004318303196765088
54.99701762,0.020401312275883116
55.01144481,0.027771419851987486
55.01154852,0.006103608758678569
55.01164603,0.010803387502861066
55.01173019,0.02699320973525597
55.03505158,0.020813305867093918
55.0351069,0.004119935912108034
55.03514433,0.019943541618982222
55.03517795,0.027283131151293202
55.03520536,0.005737392233157855
55.03523231,0.010879682612344548
55.03526473,0.027100022888532846
55.04496932,0.021332112611581598
55.05302334,0.004364080262455177
55.05304527,0.02072175173571374
55.07735944,0.02775616083009079
55.07745767,0.006088349736781872
55.07939506,0.010574502174410621
55.07951903,0.026825360494392308
55.08722997,0.019943541618982222
55.08736134,0.0038757915617608912
55.09302092,0.019226367589837492
55.09308243,0.026764324406805522
55.09311891,0.005493247882810712
55.10902643,0.01095597772182803
55.1090517,0.027237354085603113
55.10907364,0.021438925764858473
55.14204216,0.004638742656595712
55.14206815,0.021042191195544367
55.14209008,0.027969787136644542
55.14211822,0.0061799038681620505
55.14512396,0.01078812848096437
55.14517236,0.026932173647669186
55.1452105,0.019851987487602044
55.14524126,0.0039673456931410694
55.15997767,0.019546807049668116
55.16001821,0.026794842450598915
55.1680479,0.005539024948500801
55.16809726,0.010940718699931334
55.16813779,0.027237354085603113
55.18001747,0.021316853589684902
55.19096231,0.004715037766079194
55.19098783,0.021149004348821242
55.20503545,0.027954528114747846
55.20511341,0.006118867780575265
55.2100513,0.011322194247348745
55.2101326,0.027267872129396506
55.22305179,0.020462348363469902
55.2231245,0.004303044174868391
55.22796345,0.02009613183794919
55.22802997,0.027023727779049364
55.22807384,0.005493247882810712
55.23803949,0.011139085984588388
55.23810482,0.027191577019913024
55.25344419,0.02093537804226749
55.25798178,0.004516670481422141
55.25802994,0.021087968261234456
55.26701188,0.027725642786297397
55.26706028,0.005905241474021515
55.27642131,0.010940718699931334
55.27654624,0.026947432669565882
55.28546381,0.019668879224841687
55.28556299,0.003982604715037766
55.29375148,0.019592584115358205
55.29381275,0.02661173418783856
55.29384923,0.005218585488670176
55.31730247,0.010910200656137941
55.31741238,0.027145799954222935
55.31748319,0.020706492713817044
55.34194565,0.0046082246128023195
55.34197044,0.02119478141451133
55.34199333,0.027786678873884182
55.34201169,0.005996795605401694
55.35602283,0.011367971313038834
55.35608053,0.0272983901731899
55.36104012,0.020279240100709545
55.36108923,0.004364080262455177
55.36806321,0.02043183031967651
55.36813235,0.027008468757152668
55.36995769,0.005310139620050355
55.36998606,0.011276417181658656
55.37000775,0.02708476386663615
55.39309692,0.020325017166399634
55.39315891,0.004577706569008927
55.39320207,0.020996414129854278
55.40799141,0.02749675745784695
55.40801668,0.005737392233157855
55.41001201,0.011612115663385977
55.41005039,0.027405203326466773
55.41819954,0.020355535210193027
55.41825795,0.004455634393835355
55.42840886,0.020691233691920347
55.42844772,0.027054245822842757
55.43599439,0.005325398641947051
55.43604183,0.011200122072175174
55.43607259,0.02713054093232624
55.45003057,0.020065613794155796
55.46697664,0.004440375371938659
55.46700144,0.0208896009765774
55.46702409,0.027237354085603113
55.46704292,0.005539024948500801
55.47851467,0.01142900740062562
55.47862434,0.02725261310749981
55.4800241,0.020187685969329367
55.48005986,0.004531929503318838
55.49304986,0.020996414129854278
55.49313569,0.02725261310749981
55.52108645,0.0054169527733272296
55.52116179,0.01147478446631571
55.52120709,0.027283131151293202
55.52124977,0.02021820401312276
55.52128267,0.004547188525215534
55.52132177,0.021164263370717938
55.53099966,0.027237354085603113
55.53102756,0.0052033264667734795
55.54013515,0.011398489356832226
55.5402019,0.02708476386663615
55.55334687,0.01953154802777142
55.55344439,0.004318303196765088
55.56201768,0.02043183031967651
55.56208658,0.026550698100251773
55.58708477,0.0050354772259098195
55.58715892,0.01126115815976196
55.58720279,0.027191577019913024
55.59310222,0.019928282597085525
55.59313083,0.004516670481422141
55.59316206,0.021332112611581598
55.6070044,0.027313649195086595
55.60704064,0.005340657663843748
55.62144351,0.011657892729076066
55.62157083,0.027359426260776684
55.62164354,0.019760433356221865
55.62169981,0.0046082246128023195
55.63006258,0.02093537804226749
55.63013053,0.026886396581979097
55.63015962,0.0051575494010833904
55.6550281,0.011398489356832226
55.65505123,0.027344167238879988
55.65507317,0.01982146944380865
55.65509057,0.004669260700389105
55.65511179,0.021301594567788205
55.66500497,0.027176317998016328
55.66504478,0.005432211795223926
55.67294884,0.011764705882352941
55.67298436,0.027481498435950255
55.68734789,0.019806210421911954
55.68744707,0.004699778744182498
55.69244242,0.02111848630502785
55.69256926,0.026855878538185704
55.7161026,0.005096513313496605
55.71621513,0.01164263370717937
55.71628976,0.027527275501640344
55.71635699,0.019958800640878918
55.7164104,0.004837109941252766
55.71647549,0.021545738918135347
55.73095441,0.027237354085603113
55.73097658,0.005294880598153659
55.74083495,0.011902037079423208
55.74088931,0.027527275501640344
55.74811411,0.019562066071564813
55.74818015,0.0046082246128023195
55.7795105,0.020950637064164186
55.77956247,0.02647440299076829
55.77958846,0.00494392309452964
55.77961135,0.011734187838559548
55.77963853,0.027313649195086595
55.77966523,0.019668879224841687
55.78762364,0.004715037766079194
55.78764677,0.021667811093308918
55.80250144,0.0272983901731899
55.80254221,0.0054169527733272296
55.80596423,0.012329289692530708
55.80600691,0.027740901808194093
55.83216715,0.019729915312428473
55.83220959,0.004715037766079194
55.83225036,0.021149004348821242
55.83227968,0.026321812771801328
55.83230305,0.004669260700389105
55.84501457,0.01121538109407187
55.84504151,0.027145799954222935
55.8450644,0.019348439765011063
55.85194802,0.0048218509193560695
55.85197449,0.021850919356069275
55.88600755,0.02737468528267338
55.88605499,0.005447470817120622
55.88608193,0.012466620889600977
55.88610935,0.027832455939574275
55.88805652,0.019806210421911954
55.88808274,0.004760814831769284
55.89534569,0.021484702830548562
55.89541149,0.02673380636301213
55.90843248,0.0049897001602197295
55.90848136,0.012008850232700085
55.9085207,0.027557793545433737
55.91300392,0.019546807049668116
55.92002439,0.004913405050736248
55.92005038,0.021759365224689096
55.94698381,0.026932173647669186
55.94700599,0.005004959182116427
55.95704937,0.012054627298390174
55.9570992,0.027679865720607308
55.96603107,0.0191958495460441
55.96607828,0.00473029678797589
55.96611905,0.021393148699168384
55.97996092,0.026596475165941862
55.97998381,0.0046082246128023195
55.98000288,0.011978332188906692
55.98002505,0.027435721370260166
55.9934988,0.019378957808804456
56.00001645,0.004852368963149462
56.00007486,0.022018768596932938
56.00011826,0.02713054093232624
56.00015163,0.0052491035324635695
56.0129993,0.012451361867704281
56.01303744,0.027740901808194093
56.0274682,0.019287403677424278
56.02760005,0.004913405050736248
56.03445458,0.021423666742961776
56.03451633,0.026214999618524453
56.03454614,0.004409857328145266
56.04197359,0.011993591210803388
56.04202223,0.027481498435950255
56.04497838,0.019256885633630885
56.05424428,0.005004959182116427
56.0542779,0.022034027618829635
56.07197714,0.026901655603875793
56.07200122,0.00477607385366598
56.07202077,0.012390325780117494
56.07204294,0.0277103837644007
56.09805202,0.019119554436560618
56.09810519,0.00494392309452964
56.09813905,0.021728847180895704
56.09817123,0.026535439078355077
56.10082603,0.004837109941252766
56.1008935,0.012329289692530708
56.10093617,0.02766460669871061
56.11296177,0.019287403677424278
56.12003279,0.005065995269703212
56.12008429,0.022293430991073473
56.13308001,0.027069504844739453
56.13312984,0.005081254291599909
56.16807842,0.01266498817425803
56.16814923,0.02775616083009079
56.16819787,0.018936446173800258
56.16823244,0.005142290379186694
56.17001176,0.021423666742961776
56.17009282,0.025909819180590526
56.17014456,0.0042725261310749985
56.17018056,0.011932555123216601
56.17022038,0.02742046234836347
56.17601323,0.019058518348973832
56.20098472,0.005142290379186694
56.20101237,0.022354467078660258
56.20103598,0.02699320973525597
56.20105481,0.0051575494010833904
56.21150661,0.01266498817425803
56.21154022,0.02784771496147097
56.21605206,0.01892118715190356
56.21609735,0.005065995269703212
56.23007083,0.02186617837796597
56.23013735,0.026260776684214542
56.23017454,0.00456244754711223
56.23833871,0.012314030670634012
56.23837042,0.02766460669871061
56.2475214,0.01901274128328374
56.27097893,0.005172808422980087
56.27100492,0.02243076218814374
56.27102804,0.026932173647669186
56.2710464,0.005004959182116427
56.2730279,0.012848096437018387
56.27305818,0.02780193789578088
56.28204894,0.018646524757763027
56.28209329,0.004913405050736248
56.29604864,0.021560997940032044
56.29615378,0.025803006027313648
56.31324029,0.004425116350041962
56.31327415,0.012146181429770352
56.31329966,0.027557793545433737
56.31860352,0.018860151064316776
56.33358288,0.0052491035324635695
56.33361483,0.02272068360418097
56.33836269,0.027100022888532846
56.3383944,0.005065995269703212
56.34297967,0.01297016861219196
56.34301424,0.02789349202716106
56.35005736,0.01858548867017624
56.35010195,0.004882887006942855
56.36304951,0.021515220874341955
56.36312056,0.02528419928282597
56.36316824,0.004043640802624552
56.39097452,0.011963073167009996
56.3910017,0.02746623941405356
56.39102554,0.01872281986724651
56.41597438,0.0053711757076371405
56.4160006,0.02281223773556115
56.41602325,0.02713054093232624
56.41604233,0.005188067444876783
56.42101502,0.013183794918745708
56.42106056,0.028122377355611506
56.42109871,0.018616006713969634
56.4211297,0.005065995269703212
56.43498039,0.021728847180895704
56.43503356,0.025574120698863202
56.43506503,0.004211490043488212
56.44797373,0.012298771648737316
56.44799805,0.02766460669871061
56.4480207,0.018707560845349813
56.46038508,0.005401693751430533
56.46041703,0.022873273823147935
56.46044326,0.027023727779049364
56.46046162,0.004959182116426337
56.47888565,0.013229571984435798
56.47891879,0.02798504615854124
56.47894311,0.01838712138551919
56.47896171,0.005081254291599909
56.50404406,0.02186617837796597
56.5041132,0.0255893797207599
56.51190972,0.004211490043488212
56.51195717,0.012466620889600977
56.51198792,0.027786678873884182
56.51201749,0.018478675516899367
56.51995873,0.005462729839017319
56.51998854,0.022873273823147935
56.53295946,0.026794842450598915
56.53297925,0.0048218509193560695
56.5408206,0.013183794918745708
56.54085946,0.027954528114747846
56.56309605,0.01803616388189517
56.56318665,0.005020218204013123
56.56601596,0.0217441062027924
56.5660882,0.025223163195239186
56.56612515,0.003952086671244373
56.57298565,0.01228351262684062
56.57302165,0.027557793545433737
56.57698178,0.0183413443198291
56.58603048,0.005523765926604105
56.58605433,0.023041123064011598
56.59804869,0.026886396581979097
56.59810352,0.004974441138323033
56.61232281,0.013443198290989548
56.6124084,0.028076600289921417
56.62648678,0.018112458991378654
56.62658572,0.005142290379186694
56.63107181,0.02191195544365606
56.63113236,0.025223163195239186
56.64527845,0.003982604715037766
56.64534307,0.012512397955291066
56.64539194,0.027649347676813915
56.64543915,0.018234531166552225
56.65538144,0.005325398641947051
56.65540528,0.023041123064011598
56.66405869,0.02677958342870222
56.66411328,0.004791332875562677
56.68741965,0.01351949340047303
56.68755698,0.028137636377508202
56.70108247,0.01812771801327535
56.70113492,0.005172808422980087
56.70999479,0.022186617837796598
56.710042,0.02545204852368963
56.71007109,0.004150453955901427
56.72328544,0.012451361867704281
56.72339582,0.027771419851987486
56.72346735,0.017914091706721598
56.7235229,0.0055848020141908905
56.72358966,0.02294956893263142
56.73304486,0.026596475165941862
56.73309803,0.004791332875562677
56.74602222,0.013748378728923476
56.74607563,0.028290226596475166
56.76040268,0.018142977035172047
56.76050234,0.0053711757076371405
56.76803732,0.02230869001297017
56.76811814,0.025406271457999542
56.76815557,0.003982604715037766
56.7749989,0.012481879911497674
56.77507114,0.027603570611123826
56.77510452,0.017517357137407492
56.79210067,0.005432211795223926
56.79217625,0.022781719691767757
56.79223084,0.026428625925078202
56.79226613,0.004760814831769284
56.81600404,0.013748378728923476
56.81606221,0.028290226596475166
56.81610322,0.018142977035172047
56.81613541,0.0055848020141908905
56.83105755,0.02269016556038758
56.83114552,0.025864042114900433
56.83118343,0.0043945983062485695
56.83698416,0.013015945677882048
56.83701777,0.027862973983367668
56.84299803,0.01765468833447776
56.85698104,0.005554283970397498
56.85700464,0.022827496757457846
56.87095308,0.026169222552834364
56.87098336,0.004440375371938659
56.88524461,0.013550011444266423
56.88531756,0.0281528953994049
56.88537169,0.017883573662928205
56.88541842,0.005523765926604105
56.89517832,0.02272068360418097
56.89530253,0.025818265049210344
56.89536452,0.004242008087281605
56.90796375,0.013321126115815976
56.90802169,0.027969787136644542
56.9099412,0.017746242465857938
56.92298007,0.005645838101777676
56.92300439,0.023102159151598384
56.93693376,0.026245517662317846
56.93696475,0.004455634393835355
56.94194126,0.013748378728923476
56.94197154,0.028122377355611506
56.95102262,0.01753261615930419
56.95106363,0.005401693751430533
56.96038795,0.02252231631952392
56.96051383,0.025299458304722668
56.96057534,0.003952086671244373
56.9729619,0.01309224078736553
56.97299743,0.027786678873884182
56.9874351,0.017624170290684367
56.99600077,0.005691615167467765
56.9960568,0.023315785458152133
57.00494099,0.026367589837491417
57.00496268,0.004577706569008927
57.00771546,0.013962005035477227
57.007761,0.028244449530785077
57.02128029,0.017471580071717403
57.02137256,0.005462729839017319
57.02731872,0.02247653925383383
57.02744365,0.025101091020065615
57.02750707,0.003936827649347677
57.05130339,0.013061722743572137
57.05141091,0.027832455939574275
57.05148101,0.01731898985275044
57.05153704,0.0057984283207446405
57.05160117,0.023224231326771955
57.06603003,0.02627603570611124
57.06609464,0.004486152437628748
57.07200766,0.014190890363927672
57.07206941,0.028381780727855344
57.08204603,0.017715724422064545
57.08210421,0.005737392233157855
57.09641671,0.023010605020218206
57.09652853,0.025482566567483024
57.12074375,0.00413519493400473
57.12081051,0.013183794918745708
57.1208477,0.027862973983367668
57.12089229,0.016983291371023116
57.12092042,0.005615320057984283
57.12095761,0.022980086976424813
57.14498973,0.02589456015869383
57.14501071,0.004364080262455177
57.14502883,0.014084077210650798
57.14505005,0.02835126268406195
57.14704227,0.01760891126878767
57.14708328,0.005783169298847944
57.17113423,0.02311741817349508
57.17122984,0.02566567483024338
57.17128921,0.004165712977798123
57.17134404,0.013504234378576334
57.17140937,0.02798504615854124
57.18595767,0.017242694743266958
57.18597913,0.005859464408331426
57.18600225,0.02337682154573892
57.19596744,0.026123445487144275
57.19598794,0.004364080262455177
57.21138144,0.014358739604791332
57.2115109,0.02832074464026856
57.22502041,0.017380025940337225
57.22509313,0.005935759517814908
57.22513652,0.023132677195391776
57.23795724,0.02542153047989624
57.23797894,0.0039673456931410694
57.23997498,0.013336385137712672
57.24001813,0.027817196917677575
57.24005604,0.016815442130159456
57.25293779,0.005813687342641337
57.25297093,0.023422598611429007
57.26203299,0.026123445487144275
57.26207256,0.00434882124055848
57.27637529,0.014251926451514458
57.27650309,0.028198672465094988
57.29030275,0.016998550392919812
57.29036546,0.005661097123674372
57.29816914,0.02285801480125124
57.29827046,0.025268940260929275
57.29833221,0.004089417868314641
57.30500913,0.01394674601358053
57.30504179,0.028213931486991684
57.31427121,0.01736476691844053
57.31436896,0.006088349736781872
57.31444192,0.023605706874189364
57.32795572,0.025986114290074008
57.32797766,0.004287785152971695
57.35403395,0.01368734264133669
57.35411167,0.02798504615854124
57.35416389,0.01625085831998169
57.35420418,0.005386434729533837
57.36019993,0.02269016556038758
57.36025143,0.024963759822995348
57.37327695,0.0038757915617608912
57.37338901,0.013839932860303654
57.37343764,0.028198672465094988
57.37546492,0.017257953765163654
57.38697147,0.006164644846265354
57.38700104,0.02371252002746624
57.41697502,0.026153963530937668
57.41699862,0.004531929503318838
57.43101311,0.014312962539101243
57.43109155,0.028336003662165255
57.43113136,0.016739147020675974
57.43116283,0.005737392233157855
57.4312005,0.022964827954528116
57.44839764,0.024979018844892044
57.44842887,0.0039673456931410694
57.45097613,0.013794155794613565
57.4510181,0.028122377355611506
57.451056,0.01696803234912642
57.4569459,0.006149385824368658
57.45697761,0.02374303807125963
57.47145987,0.02618448157473106
57.4715569,0.004486152437628748
57.48710132,0.014801251239795529
57.4871707,0.02844281681544213
57.49355268,0.016998550392919812
57.49360061,0.005996795605401694
57.49364328,0.023392080567635615
57.49368238,0.025299458304722668
57.49371481,0.0039673456931410694
57.5094769,0.01416037232013428
57.50958848,0.028213931486991684
57.50965905,0.016937514305333027
57.51801777,0.006149385824368658
57.51805568,0.023590447852292667
57.54231191,0.025604638742656595
57.54241037,0.004074158846417945
57.54247093,0.01399252307927062
57.54253745,0.028091859311818113
57.55890989,0.01625085831998169
57.55897307,0.005767910276951248
57.55901623,0.023193713282978562
57.55906749,0.02511635004196231
57.55910158,0.003952086671244373
57.57204795,0.01428244449530785
57.5720737,0.028305485618371862
57.57209516,0.01680018310826276
57.58699846,0.006149385824368658
57.58702135,0.023636224917982757
57.60405302,0.025635156786449988
57.60407352,0.004089417868314641
57.61528683,0.01428244449530785
57.61541867,0.028122377355611506
57.61918783,0.016235599298084994
57.61921763,0.005951018539711604
57.62599897,0.02323949034866865
57.6260376,0.025101091020065615
57.62606359,0.003952086671244373
57.63999152,0.014724956130312047
57.6400249,0.028336003662165255
57.64005375,0.016861219195849545
57.66496515,0.006286717021438926
57.66499043,0.023773556115053024
57.66501331,0.025650415808346684
57.66503167,0.0040588998245212485
57.67548037,0.014236667429617761
57.67560053,0.028030823224231328
57.68882227,0.015884641794460974
57.6889081,0.005752651255054551
57.68895364,0.02320897230487526
57.68899512,0.02508583199816892
57.71606445,0.00392156862745098
57.71612692,0.014923323414969101
57.7161634,0.028473334859235522
57.71619582,0.01684596017395285
57.73099184,0.0063477531090257115
57.7310183,0.023819333180743113
57.73104167,0.025391012436102846
57.73106074,0.00392156862745098
57.74148083,0.013977264057373923
57.74158978,0.027954528114747846
57.75010252,0.01530479896238651
57.7501564,0.005508506904707409
57.7630167,0.02294956893263142
57.76306152,0.02456702525368124
57.78706288,0.0037689784084840162
57.78715205,0.014343480582894636
57.78719616,0.028336003662165255
57.78723693,0.016617074845502403
57.81348658,0.0063477531090257115
57.81351376,0.023987182421606777
57.82226253,0.02566567483024338
57.82228231,0.004211490043488212
57.82496691,0.01470969710841535
57.82499862,0.02827496757457847
57.8380301,0.01594567788204776
57.83807588,0.005981536583504998
57.83998299,0.023422598611429007
57.84003615,0.024704356450751506
57.85301542,0.0038452735179674985
57.85307646,0.014297703517204547
57.85311079,0.028198672465094988
57.85314202,0.0162050812542916
57.85995674,0.006378271152819104
57.85998344,0.023849851224536506
57.8660934,0.025558861676966506
57.86616683,0.004028381780727856
57.87542963,0.01518272678721294
57.8755548,0.028458075837338826
57.88875556,0.016449225604638743
57.88882184,0.00643930724040589
57.88886523,0.023849851224536506
57.90197825,0.025238422217135882
57.90199828,0.003982604715037766
57.91606617,0.01454184786755169
57.91612482,0.028198672465094988
57.91615891,0.015838864728770885
57.91618586,0.00627145799954223
57.91621685,0.02371252002746624
57.93094563,0.025177386129549097
57.93096972,0.0039673456931410694
57.94026899,0.014953841458762494
57.94035959,0.02844281681544213
57.95309734,0.016052491035324634
57.95315957,0.006363012130922408
57.96733689,0.023727779049362935
57.96740389,0.025146868085755704
57.97608733,0.003997863736934462
57.97615266,0.014923323414969101
57.97618794,0.028366521705958648
57.97622085,0.016037232013427938
57.98499584,0.006408789196612497
57.98504519,0.023895628290226595
57.99805427,0.025223163195239186
57.99809361,0.0040588998245212485
58.00748587,0.014908064393072405
58.00759578,0.02835126268406195
58.02103448,0.01599145494773785
58.02108788,0.006408789196612497
58.03306651,0.02374303807125963
58.03313851,0.024963759822995348
58.03318405,0.00392156862745098
58.0470407,0.014892805371175709
58.04706693,0.028381780727855344
58.04708815,0.01599145494773785
58.05049825,0.006713969634546426
58.05052829,0.023956664377813384
58.0630362,0.0251621271076524
58.06309414,0.003936827649347677
58.08856893,0.014938582436865798
58.08862758,0.02835126268406195
58.08866215,0.015701533531700618
58.08868909,0.006317235065232319
58.0887239,0.023758297093156328
58.09696865,0.02491798275730526
58.09699178,0.00392156862745098
58.10618758,0.015060654612039369
58.10623527,0.028366521705958648
58.10627389,0.01599145494773785
58.12097406,0.00665293354695964
58.12100148,0.024170290684367133
58.12998557,0.025268940260929275
58.1300056,0.004028381780727856
58.15466166,0.01487754634927901
58.15473056,0.02832074464026856
58.16204572,0.015274280918593118
58.16208577,0.006164644846265354
58.17134166,0.0234531166552224
58.17143631,0.024460212100404364
58.17644763,0.00375371938658732
58.17658734,0.015106431677729458
58.1766634,0.028503852903028915
58.18395758,0.016113527122911423
58.19094157,0.006805523765926604
58.19097137,0.02447547112230106
58.20353699,0.025528343633173113
58.20365143,0.004119935912108034
58.21704435,0.015091172655832761
58.21710467,0.028336003662165255
58.23608828,0.015167467765316243
58.23617864,0.0039673456931410694
58.23624897,0.019119554436560618
58.23632193,0.02703898680094606
58.23637605,0.005661097123674372
58.24546146,0.010162508583199817
58.24556923,0.026855878538185704
58.24564171,0.02153047989623865
58.26834106,0.004455634393835355
58.26844597,0.020691233691920347
58.27010727,0.028366521705958648
58.27014256,0.006546120393682765
58.27016902,0.01078812848096437
58.28300333,0.027145799954222935
58.2919724,0.02111848630502785
58.29200959,0.0042267490653849086
58.29204154,0.019729915312428473
58.29207826,0.027359426260776684
58.29210162,0.005828946364538033
58.30737305,0.010254062714579995
58.30748057,0.026855878538185704
58.30941796,0.021179522392614634
58.31709599,0.004211490043488212
58.31715488,0.02043183031967651
58.34737515,0.028000305180437935
58.34747386,0.006240939955748837
58.34753609,0.010696574349584192
58.34760451,0.027054245822842757
58.34904885,0.021133745326924545
58.34908843,0.004211490043488212
58.36199331,0.02029449912260624
58.36205244,0.02784771496147097
58.3620882,0.005996795605401694
58.37460327,0.010528725108720532
58.37462997,0.026886396581979097
58.37640405,0.020920119020370793
58.38998437,0.004165712977798123
58.39003158,0.02009613183794919
58.40298343,0.027603570611123826
58.40302944,0.005889982452124819
58.41022205,0.01062027924010071
58.41030455,0.026932173647669186
58.41802239,0.021087968261234456
58.41810203,0.004211490043488212
58.41815734,0.020279240100709545
58.4269824,0.027725642786297397
58.42700791,0.005981536583504998
58.44109464,0.01078812848096437
58.4411335,0.02703898680094606
58.46336865,0.021149004348821242
58.46496606,0.004196231021591516
58.46499586,0.020401312275883116
58.48802423,0.027649347676813915
58.48806882,0.005920500495918211
58.4881022,0.010650797283894103
58.48812819,0.02691691462577249
58.49696779,0.020706492713817044
58.49699712,0.00413519493400473
58.4970212,0.0200503547722591
58.49704337,0.02742046234836347
58.49706173,0.0057984283207446405
58.5111239,0.010925459678034637
58.51117539,0.027100022888532846
58.51121545,0.021179522392614634
58.52403402,0.004211490043488212
58.52408671,0.020584420538643473
58.53299689,0.027679865720607308
58.53303266,0.005828946364538033
58.54722834,0.010650797283894103
58.54732108,0.02681010147249561
58.54739046,0.020401312275883116
58.54744506,0.004104676890211338
58.54750943,0.0200503547722591
58.56595302,0.027389944304570077
58.56598091,0.005889982452124819
58.57754326,0.010925459678034637
58.57762885,0.027115281910429542
58.57769656,0.021042191195544367
58.59204936,0.004318303196765088
58.59209919,0.02043183031967651
58.60629916,0.02749675745784695
58.60638022,0.005752651255054551
58.61669803,0.010772869459067674
58.61674237,0.02691691462577249
58.61677361,0.020691233691920347
58.61679745,0.004211490043488212
58.63031602,0.020447089341573205
58.63038921,0.02758831158922713
58.63043356,0.005889982452124819
58.63836217,0.011017013809414817
58.63838887,0.027145799954222935
58.64129734,0.020752269779507133
58.66845131,0.004211490043488212
58.66854548,0.02029449912260624
58.66996264,0.027344167238879988
58.66998696,0.005645838101777676
58.6810503,0.010711833371480888
58.6811204,0.027054245822842757
58.6811552,0.02084382391088731
58.68118358,0.004409857328145266
58.69380212,0.020660715648126955
58.69384384,0.02758831158922713
58.69386935,0.005783169298847944
58.70239305,0.011017013809414817
58.70241904,0.027115281910429542
58.70930147,0.020752269779507133
58.73224092,0.0042725261310749985
58.73230934,0.020630197604333562
58.74727893,0.02749675745784695
58.74733996,0.005554283970397498
58.75502372,0.010894941634241245
58.75506186,0.027008468757152668
58.76129913,0.020569161516746776
58.76138997,0.004211490043488212
58.76146436,0.020569161516746776
58.76153064,0.02754253452353704
58.76158404,0.005783169298847944
58.77897906,0.011169604028381781
58.77902079,0.027222095063706417
58.78801847,0.020813305867093918
58.80207205,0.0043945983062485695
58.80213666,0.020691233691920347
58.81106091,0.02742046234836347
58.81111789,0.005615320057984283
58.82504964,0.010833905546654459
58.82510829,0.027023727779049364
58.82515001,0.020355535210193027
58.82518363,0.0042267490653849086
58.83329368,0.020477607385366598
58.83335352,0.02737468528267338
58.83338594,0.005615320057984283
58.84055305,0.011200122072175174
58.84061337,0.027267872129396506
58.84797645,0.02076752880140383
58.86233807,0.004303044174868391
58.86242843,0.02076752880140383
58.87124181,0.027283131151293202
58.87130404,0.005539024948500801
58.88006949,0.010528725108720532
58.88015842,0.02668802929732204
58.88020992,0.019638361181048294
58.88025117,0.004089417868314641
58.89528775,0.020187685969329367
58.89539194,0.027054245822842757
58.89547014,0.005447470817120622
58.90858674,0.011154345006485085
58.90861583,0.027237354085603113
58.91883612,0.020660715648126955
58.93133426,0.004379339284351873
58.93144345,0.0208896009765774
58.93649888,0.027359426260776684
58.93659639,0.005493247882810712
58.94509602,0.010711833371480888
58.94518852,0.02691691462577249
58.95319748,0.019943541618982222
58.95325541,0.004242008087281605
58.96096683,0.020477607385366598
58.96101809,0.027176317998016328
58.96105623,0.005462729839017319
58.98638296,0.011230640115968566
58.9864521,0.027344167238879988
58.98649478,0.02076752880140383
58.98652792,0.004531929503318838
58.98658085,0.021057450217441064
59.00007439,0.027405203326466773
59.00013208,0.005462729839017319
59.006284,0.010864423590447852
59.0063858,0.02699320973525597
59.02004504,0.019714656290531776
59.02012467,0.004211490043488212
59.02828836,0.020416571297779813
59.02836132,0.027054245822842757
59.02840662,0.005432211795223926
59.05308104,0.011291676203555352
59.05315065,0.02737468528267338
59.05319333,0.020660715648126955
59.07626534,0.004470893415732051
59.07636976,0.021179522392614634
59.07641006,0.027512016479743648
59.07643723,0.0055848020141908905
59.09627461,0.011032272831311514
59.09637928,0.027145799954222935
59.09647131,0.020035095750362403
59.09652805,0.004455634393835355
59.09659266,0.020798046845197222
59.10307741,0.02725261310749981
59.10310555,0.005508506904707409
59.11606765,0.011352712291142137
59.11612439,0.02737468528267338
59.11615872,0.020416571297779813
59.12218833,0.004501411459525444
59.12221861,0.020950637064164186
59.12796545,0.02716105897611963
59.12799263,0.005310139620050355
59.14221621,0.011017013809414817
59.14236164,0.02703898680094606
59.14837551,0.019897764553292133
59.14841604,0.004409857328145266
59.17224503,0.020782787823300525
59.1723702,0.02713054093232624
59.17243171,0.0053711757076371405
59.17248702,0.01138323033493553
59.1725533,0.027283131151293202
59.17261839,0.020187685969329367
59.18702793,0.004516670481422141
59.18709636,0.02102693217364767
59.19615054,0.027222095063706417
59.19622946,0.0052491035324635695
59.20542693,0.01121538109407187
59.2055397,0.02713054093232624
59.22834754,0.019897764553292133
59.22841978,0.004425116350041962
59.22995949,0.020904859998474096
59.23000598,0.027069504844739453
59.23003244,0.005294880598153659
59.2379756,0.011367971313038834
59.23801088,0.027313649195086595
59.2399857,0.02017242694743267
59.25298882,0.004455634393835355
59.25302839,0.021133745326924545
59.26728129,0.02725261310749981
59.26737547,0.005432211795223926
59.26741338,0.011306935225452048
59.28097725,0.027283131151293202
59.29511166,0.0200503547722591
59.29520202,0.004684519722285801
59.29527545,0.021087968261234456
59.29534316,0.027222095063706417
59.29539704,0.005340657663843748
59.32511282,0.011596856641489281
59.32519245,0.027344167238879988
59.32524443,0.02017242694743267
59.32731533,0.004577706569008927
59.32736063,0.021133745326924545
59.34107661,0.02703898680094606
59.34114051,0.005127031357289998
59.34999895,0.011200122072175174
59.35006738,0.027069504844739453
59.3580215,0.019790951400015258
59.35808229,0.004440375371938659
59.35813475,0.02124055848020142
59.3600235,0.027237354085603113
59.36006665,0.0053711757076371405
59.3734653,0.01147478446631571
59.37357473,0.0272983901731899
59.37610245,0.01982146944380865
59.40035129,0.004547188525215534
59.40046,0.021011673151750974
59.40053058,0.026947432669565882
59.40058541,0.0051575494010833904
59.41000652,0.01138323033493553
59.41007495,0.027313649195086595
59.41595244,0.01991302357518883
59.41599369,0.004577706569008927
59.41603351,0.021301594567788205
59.42996764,0.026977950713359275
59.42999387,0.005233844510566872
59.43942714,0.01147478446631571
59.43953657,0.027283131151293202
59.4626379,0.019806210421911954
59.46275282,0.004547188525215534
59.46282601,0.021210040436408027
59.46291494,0.02713054093232624
59.46297073,0.0053711757076371405
59.47244763,0.011673151750972763
59.47258806,0.027527275501640344
59.48604727,0.01998931868467231
59.48612833,0.004837109941252766
59.48618698,0.021484702830548562
59.4956789,0.0272983901731899
59.49569941,0.0053711757076371405
59.51931524,0.011734187838559548
59.51939154,0.027481498435950255
59.51942945,0.019806210421911954
59.51945829,0.004592965590905623
59.51949239,0.021271076523994813
59.5283668,0.026932173647669186
59.52842498,0.005050736247806516
59.54236817,0.01147478446631571
59.54253316,0.027222095063706417
59.55250621,0.019516289005874723
59.55256033,0.004470893415732051
59.55260468,0.021316853589684902
59.56437254,0.027069504844739453
59.56439424,0.005218585488670176
59.58372092,0.01164263370717937
59.58379173,0.027405203326466773
59.58383846,0.019668879224841687
59.58387852,0.004654001678492409
59.58391547,0.021301594567788205
59.59821415,0.026932173647669186
59.59827137,0.005050736247806516
59.60745287,0.011612115663385977
59.60757899,0.027359426260776684
59.61999416,0.019684138246738384
59.62005591,0.004669260700389105
59.62010646,0.02145418478675517
59.64595604,0.027145799954222935
59.64597988,0.005218585488670176
59.65195274,0.011825741969939726
59.65198398,0.027481498435950255
59.65201211,0.01969939726863508
59.67709351,0.004592965590905623
59.67716908,0.021377889677271687
59.6772244,0.0268711375600824
59.67726851,0.004852368963149462
59.67732406,0.011566338597695888
59.68700838,0.027389944304570077
59.68704534,0.01948577096208133
59.68709159,0.004638742656595712
59.68712354,0.021484702830548562
59.69634366,0.027100022888532846
59.69642305,0.0052033264667734795
59.720052,0.012207217517357137
59.72012925,0.027679865720607308
59.72016358,0.019928282597085525
59.720191,0.00473029678797589
59.72022319,0.021499961852445258
59.73007035,0.026749065384908826
59.73012781,0.00494392309452964
59.738451,0.011108567940794995
59.73857689,0.02703898680094606
59.75206828,0.01872281986724651
59.75216103,0.004440375371938659
59.75221491,0.021149004348821242
59.76110888,0.026855878538185704
59.76112866,0.005172808422980087
59.77993107,0.012024109254596781
59.77995658,0.0277103837644007
59.77997923,0.01986724650949874
59.78492856,0.00494392309452964
59.78496099,0.021713588158999007
59.79849935,0.027008468757152668
59.79859757,0.0050354772259098195
59.80526114,0.011596856641489281
59.80540681,0.027344167238879988
59.81882715,0.019180590524147403
59.81888866,0.004669260700389105
59.84218454,0.021423666742961776
59.84230828,0.026977950713359275
59.84236383,0.0051575494010833904
59.84241748,0.012359807736324101
59.84249139,0.027771419851987486
59.84255981,0.019958800640878918
59.85206294,0.004837109941252766
59.85211825,0.021667811093308918
59.86145854,0.02673380636301213
59.86153889,0.004913405050736248
59.87344933,0.011291676203555352
59.87356091,0.027069504844739453
59.89742613,0.018616006713969634
59.89752841,0.00456244754711223
59.89760089,0.021255817502098116
59.89766812,0.026749065384908826
59.89772153,0.0049897001602197295
59.90743327,0.012100404364080263
59.90754032,0.02766460669871061
59.90761065,0.01969939726863508
59.92102385,0.004928664072632944
59.92106938,0.021850919356069275
59.93047523,0.02699320973525597
59.9305737,0.0050354772259098195
59.94308615,0.011764705882352941
59.94314599,0.027405203326466773
59.96737289,0.019134813458457314
59.96749401,0.004715037766079194
59.96756768,0.021438925764858473
59.9711051,0.02673380636301213
59.9711349,0.005065995269703212
59.97116113,0.011978332188906692
59.9711926,0.027649347676813915
59.97902322,0.01957732509346151
59.98724318,0.004898146028839551
59.98731422,0.02178988326848249
60.00025725,0.026886396581979097
