Seg,mV
0.08486557,0.02725261310749981
0.08491611,0.027344167238879988
0.08494258,0.027405203326466773
0.08496666,0.027512016479743648
0.0867784,0.027557793545433737
0.08681583,0.027649347676813915
0.09181356,0.027740901808194093
0.09185386,0.04147402151522087
0.11583161,0.04318303196765087
0.11587214,0.012573434042877852
0.11590433,0.027557793545433737
0.1159358,0.0524452582589456
0.11596727,0.022400244144350347
0.11982489,0.021057450217441064
0.11986256,0.052262149996185246
0.13185596,0.030457007705806057
0.13190985,0.01696803234912642
0.14182448,0.04985122453650721
0.14188051,0.038834210727092394
0.15581226,0.015197985809109636
0.15586901,0.03859006637674525
0.16178775,0.05258258945601587
0.16183066,0.01953154802777142
0.1637845,0.0307011520561532
0.16383195,0.05482566567483024
0.17683697,0.02639810788128481
0.17886972,0.026123445487144275
0.17892146,0.0567177843900206
0.2018559,0.034744792858777754
0.20190835,0.021515220874341955
0.2188077,0.05467307545586328
0.21887708,0.04379339284351873
0.21892643,0.020019836728465707
0.21897674,0.05001907377737087
0.22084093,0.052185854886701764
0.22087693,0.02072175173571374
0.23479295,0.04290836957351034
0.23483896,0.05691615167467765
0.23880029,0.023865110246433202
0.26193261,0.03506523231860838
0.26196885,0.057694361791409174
0.26199389,0.027435721370260166
0.2620182,0.025101091020065615
0.28681564,0.0537422751201648
0.28875995,0.031021591515983826
0.2888155,0.017334248874647136
0.28885365,0.0498970016021973
0.28888607,0.03776607919432364
0.28891587,0.012985427634088656
0.29882908,0.03535515373464561
0.29887676,0.04887464713511864
0.30480289,0.015838864728770885
0.32980537,0.027344167238879988
0.32983613,0.05041580834668498
0.32986069,0.019897764553292133
0.33182049,0.019943541618982222
0.33187175,0.05008010986495766
0.33191204,0.025955596246280615
0.34579182,0.014648661020828565
0.34581947,0.042252231631952394
0.35480952,0.042755779354543375
0.35484934,0.011841000991836423
0.37289071,0.026657511253528648
0.37294841,0.05084306095979248
0.38881373,0.02093537804226749
0.38888359,0.02034027618829633
0.38893557,0.050385290302891586
0.40383291,0.02742046234836347
0.40388298,0.015793087663080796
0.40580511,0.04759288929579614
0.40584826,0.035416189822232394
0.41380525,0.01211566338597696
0.41386628,0.03546196688792248
0.42181349,0.0486152437628748
0.42186069,0.01568627450980392
0.44579268,0.028381780727855344
0.4458456,0.05177386129549096
0.44588232,0.021728847180895704
0.44977832,0.020538643472953384
0.44982123,0.051026169222552833
0.45979452,0.02737468528267338
0.45984244,0.015289539940489814
0.47384763,0.048844129091325246
0.47390652,0.036408026245517665
0.48084712,0.012939650568398567
0.4809072,0.03590447852292668
0.50485134,0.04794384679942016
0.50491047,0.015030136568245976
0.52888608,0.020523384451056687
0.52898884,0.051224536507209886
0.52902508,0.027725642786297397
0.52905869,0.015518425268940261
0.52909303,0.04824902723735409
0.5368576,0.03605706874189364
0.53691292,0.012649729152361334
0.53878951,0.03559929808499275
0.53882718,0.04846265354390784
0.54686379,0.015838864728770885
0.54694915,0.028381780727855344
0.55983591,0.05130083161669337
0.55989766,0.02059967956054017
0.58386755,0.020737010757610436
0.58395648,0.05085831998168917
0.58399415,0.027115281910429542
0.58586001,0.015335317006179903
0.58592057,0.04803540093080034
0.59281754,0.03489738307774472
0.59286737,0.011932555123216601
0.60081124,0.035538261997405965
0.60088205,0.048096437018387124
0.62480712,0.01501487754634928
0.62488937,0.02107270923933776
0.62493491,0.05133134966048676
0.62497568,0.02758831158922713
0.64079881,0.01589990081635767
0.64085793,0.048203250171664
0.64090037,0.03488212405584802
0.64878607,0.012863355458915083
0.64885521,0.036453803311207754
0.67380118,0.048844129091325246
0.67387819,0.016083009079118027
0.67392135,0.02896162355992981
0.67396164,0.05146868085755703
0.69882751,0.020920119020370793
0.69889641,0.02197299153124285
0.69893932,0.05166704814221408
0.69898272,0.0281528953994049
0.6990242,0.016571297779812314
0.69906569,0.048264286259250784
0.70176721,0.03476005188067445
0.71980929,0.012573434042877852
0.71988511,0.03656061646448463
0.72477722,0.04740978103303578
0.72482324,0.014099336232547494
0.74880528,0.020630197604333562
0.74887872,0.050598916609445335
0.74892235,0.026550698100251773
0.7489562,0.014496070801861601
0.74899554,0.04119935912108034
0.76377726,0.04022278171969177
0.76380467,0.01164263370717937
0.76383066,0.02798504615854124
0.7638545,0.049607080186160064
0.77481985,0.01863126573586633
0.78381562,0.020416571297779813
0.78388095,0.05029373617151141
0.79776764,0.025406271457999542
0.79779053,0.014572365911345083
0.81987381,0.04362554360265507
0.81997061,0.04652475776302739
0.83183503,0.0247348744945449
0.83190918,0.05774013885709926
0.83196449,0.06092927443350881
0.8320148,0.03329518577859159
0.84584641,0.03836118104829481
0.8459022,0.05198748760204471
0.84593892,0.016937514305333027
0.85479927,0.018829633020523383
0.85484791,0.048889906157015335
0.86885881,0.02481116960402838
0.86891413,0.015213244831006332
0.87981629,0.042999923704890516
0.87987399,0.04130617227435721
0.88980818,0.011001754787518121
0.88986468,0.027786678873884182
0.89276361,0.04982070649271382
0.89281178,0.018005645838101776
0.9057889,0.019928282597085525
0.90585685,0.04986648355840391
0.9059,0.025726710917830166
0.91580534,0.015289539940489814
0.91586661,0.04769970244907301
0.93984413,0.03375295643549248
0.93990231,0.01164263370717937
0.93994665,0.03544670786602579
0.9399879,0.04658579385061418
0.94982266,0.014251926451514458
0.94988775,0.02169832913710231
0.95577598,0.051483939879453725
0.95583534,0.026855878538185704
0.9698298,0.016479743648432136
0.96989918,0.04963759822995346
0.96994233,0.035385671778439
0.98481202,0.013717860685130083
0.98487306,0.03801022354467078
0.99880719,0.04913405050736248
0.99886441,0.016815442130159456
1.00381279,0.030823224231326773
1.00390458,0.05305561913481346
1.01476908,0.022156099794003205
1.01484132,0.025192645151445793
1.02678013,0.05476462958724346
1.02684307,0.030731670099946592
1.03077507,0.02059967956054017
1.03083777,0.053101396200503546
1.04481435,0.03825436789501793
1.05880189,0.016662851911192492
1.05886459,0.04702830548561837
1.06681657,0.04499885557335775
1.06687093,0.014465552758068208
1.06884933,0.031204699778744183
1.06890154,0.05111772335393301
1.08283281,0.019180590524147403
1.0829072,0.021271076523994813
1.08577704,0.04974441138323033
1.08582234,0.024414435034714275
1.10080528,0.01432822156099794
1.10087085,0.04113832303349355
1.11379528,0.03788815136949721
1.1138649,0.008621347371633479
1.12677789,0.02549782558937972
1.12680888,0.04579232471198596
1.13077331,0.015228503852903029
1.130795,0.012817578393224994
1.13782144,0.04029907682917525
1.13786983,0.03714045929655909
1.14579201,0.008255130846112764
1.14585018,0.025558861676966506
1.15479493,0.046723125047684444
1.15483832,0.014465552758068208
1.17992187,0.012024109254596781
1.18003726,0.04084840161745632
1.18008232,0.03755245288776989
1.18011284,0.00831616693369955
1.19176793,0.02545204852368963
1.19376922,0.04609750514991989
1.19381332,0.0157778286411841
1.20177007,0.020035095750362403
1.20182133,0.048599984740978104
1.21078992,0.022919050888838024
1.21084929,0.013153276874952316
1.21089315,0.04086366063935302
1.22477102,0.03822384985122454
1.22479558,0.009674219882505532
1.2488389,0.02691691462577249
1.24891233,0.047394522011139084
1.24895692,0.01637293049515526
1.24899769,0.02017242694743267
1.24903703,0.04841687647821775
1.2738626,0.02276646066987106
1.27390981,0.014221408407721065
1.27393556,0.04261844815747311
1.2739594,0.03860532539864195
1.27978516,0.00917067215991455
1.27983522,0.02713054093232624
1.29485345,0.04779125658045319
1.29492164,0.01641870756084535
1.31680846,0.019851987487602044
1.31686711,0.048508430609597926
1.32077694,0.022751201647974364
1.32081628,0.014190890363927672
1.32085657,0.041931792172121764
1.32382059,0.037964446478980694
1.32388496,0.009369039444571603
1.33882952,0.027618829633020522
1.33889794,0.049011978332188906
1.34679222,0.01739528496223392
1.34685636,0.020645456626230258
1.36089993,0.04907301441977569
1.36101007,0.02294956893263142
1.36107683,0.013916227969787138
1.37479949,0.04240482185091936
1.37484074,0.03910887312123293
1.37486935,0.010223544670786603
1.38076782,0.02877851529716945
1.39479899,0.04962233920805676
1.39488077,0.017853055619134812
1.40078282,0.02178988326848249
1.40083551,0.05001907377737087
1.42585921,0.023758297093156328
1.42593384,0.015320057984283207
1.42597508,0.04724193179217212
1.42602682,0.031021591515983826
1.42606759,0.011505302510109103
1.43483686,0.03706416418707561
1.43489575,0.045593957427328906
1.43493414,0.01297016861219196
1.4497993,0.021988250553139545
1.44984651,0.050644693675135424
1.45885062,0.024536507209887846
1.45891094,0.016403448538948654
1.48184085,0.04911879148546578
1.48191833,0.032898451209277486
1.48382401,0.012954909590295263
1.48389578,0.03773556115053025
1.49984598,0.04643320363164721
1.49991465,0.013580529488059816
1.49996924,0.02247653925383383
1.50002289,0.05090409704737926
1.50007343,0.024002441443503473
1.5148313,0.015716792553597314
1.51490283,0.04870679789425498
1.52981305,0.03164721141374838
1.52986956,0.011154345006485085
1.54179049,0.03572137026016632
1.54183459,0.04428168154421302
1.55588245,0.01254291599908446
1.55596447,0.02178988326848249
1.55602288,0.049881742580300606
1.55606508,0.023468375677119097
1.57081699,0.015793087663080796
1.57089162,0.04808117799649043
1.57379699,0.03079270618753338
1.58180451,0.011078049897001603
1.58188272,0.03680476081483177
1.59682107,0.04681467917906462
1.59690928,0.0187533379110399
1.60985565,0.043472953383688104
1.60993505,0.061127641718165864
1.6139133,0.04119935912108034
1.61404562,0.03721675440604257
1.625808,0.05420004577706569
1.62588191,0.023422598611429007
1.62592888,0.015197985809109636
1.63479233,0.04370183871213855
1.63482809,0.037628747997253374
1.63883185,0.008300907911802853
1.66176891,0.027603570611123826
1.6617949,0.04908827344167239
1.67577028,0.018371862363622492
1.67579627,0.023483634699015793
1.68477535,0.051529716945143814
1.6987915,0.024444953078507668
1.69887209,0.01753261615930419
1.69892788,0.05078202487220569
1.69897938,0.03445487144274052
1.69902992,0.015503166247043565
1.71180487,0.046509498741130695
1.71183109,0.04130617227435721
1.71185136,0.01390096894789044
1.71681666,0.033234149691004806
1.71684098,0.05200274662394141
1.74078965,0.020065613794155796
1.7408154,0.025818265049210344
1.740839,0.05383382925154498
1.74086261,0.026825360494392308
1.75576568,0.02038605325398642
1.75579095,0.05262836652170596
1.75581431,0.03494316014343481
1.78080964,0.016357671473258565
1.78090501,0.04840161745632105
1.78095222,0.04269474326695659
1.78389025,0.016113527122911423
1.78395605,0.043335622186617836
1.80682325,0.05123979552910658
1.80689907,0.018707560845349813
1.80879736,0.03682001983672847
1.80887699,0.055115587090867474
1.80893397,0.022980086976424813
1.80898476,0.02929732204165713
1.82381868,0.05654993514915694
1.82388306,0.029739833676661324
1.8367815,0.023773556115053024
1.83683395,0.05770962081330587
1.83975983,0.03887998779278248
1.86282468,0.01889066910811017
1.86288714,0.04864576180666819
1.86292863,0.04168764782177462
1.86296201,0.014618142977035172
1.87279701,0.03401235980773632
1.87285542,0.05171282520790417
1.87914467,0.01855497062638285
1.87920094,0.023514152742809186
1.89177608,0.04983596551461052
1.89183259,0.021820401312275882
1.8918674,0.01513694972152285
1.90079451,0.041046768902113374
1.91481686,0.03305104142824445
1.91485953,0.00886549172198062
1.92878723,0.030746929121843288
1.92881608,0.04782177462424658
1.92883635,0.014663920042725261
1.92885995,0.015426871137560083
1.94078016,0.04779125658045319
1.94080687,0.027557793545433737
1.9458673,0.008255130846112764
1.94589353,0.0354009308003357
1.95482588,0.04310673685816739
1.95487976,0.012100404364080263
1.97881079,0.022583352407110704
1.97886252,0.04858472571908141
1.97890091,0.019684138246738384
1.9938345,0.010009918364232854
1.99389243,0.03859006637674525
2.00186014,0.034744792858777754
2.00190377,0.013748378728923476
2.00381994,0.03352407110704204
2.00386786,0.046631570916304266
2.01679611,0.013717860685130083
2.01688385,0.0166323338673991
2.04126191,0.0515907530327306
2.04146123,0.03250171663996338
2.04152966,0.013214312962539101
2.04980493,0.0383764400701915
2.04984784,0.04336614023041123
2.04987884,0.011444266422522316
2.06379509,0.02221713588158999
2.06384563,0.04931715877012283
2.08690691,0.022491798275730526
2.08700156,0.018097199969481958
2.08879733,0.04969863431754024
2.08884764,0.0285648889906157
2.08889723,0.006378271152819104
2.08895087,0.031448844129091325
2.08900285,0.045258258945601586
2.0890522,0.016983291371023116
2.11382461,0.03476005188067445
2.11390495,0.05012588693064775
2.11395097,0.016891737239642938
2.12381315,0.024551766231784542
2.12386727,0.05146868085755703
2.12979269,0.02391088731212329
2.12983489,0.01309224078736553
2.13880277,0.03682001983672847
2.13885689,0.0375066758220798
2.1447866,0.0162050812542916
2.14483333,0.044007019150072484
2.15882087,0.044708934157320517
2.15888047,0.010879682612344548
2.1818521,0.023636224917982757
2.18192768,0.05339131761654078
2.18198371,0.025680933852140077
2.18380809,0.019882505531395436
2.18385553,0.051270313572899975
2.19183564,0.03158617532616159
2.1918993,0.01368734264133669
2.20081615,0.03717097734035248
2.20088887,0.04310673685816739
2.21480799,0.01544213015945678
2.21487236,0.03920042725261311
2.22883463,0.051972228580148015
2.22890615,0.01773098344396124
2.24090385,0.027176317998016328
2.24096465,0.05522240024414435
2.24481297,0.026504921034561684
2.24487329,0.020874341954680704
2.24491835,0.051972228580148015
2.26181602,0.03268482490272374
2.26188922,0.016906996261539634
2.27586126,0.047638666361486226
2.27591658,0.03877317463950561
2.2897861,0.01266498817425803
2.28984427,0.033035782406347754
2.28988791,0.04847791256580453
2.28992224,0.014862287327382314
2.30595255,0.016739147020675974
2.30600762,0.04846265354390784
2.30604649,0.02861066605630579
2.31982684,0.014496070801861601
2.31990695,0.041336690318150605
2.31996417,0.04490730144197757
2.32680607,0.013061722743572137
2.32684159,0.024505989166094453
2.39595127,0.05012588693064775
2.39604163,0.02209506370641642
2.40027523,0.018158236057068743
2.40040374,0.05037003128099489
2.40492129,0.03181506065461204
2.40498042,0.018768596932936598
2.40502596,0.06033417257953765
2.40507054,0.05917448691538872
2.40511322,0.03826962691691463
2.40515423,0.05322346837567712
2.40519428,0.04681467917906462
2.4052279,0.010238803692683299
2.40526843,0.020660715648126955
2.41078615,0.044800488288700695
2.41082048,0.015533684290836958
2.41876268,0.011841000991836423
2.41879106,0.03997863736934462
2.42584944,0.032562752727550166
2.42591214,0.006698710612649729
2.4388535,0.02737468528267338
2.43890715,0.042923628595407035
2.43893909,0.010498207064927139
2.46382546,0.012512397955291066
2.46388555,0.04057373922331579
2.46393085,0.03158617532616159
2.46396661,0.007263294422827497
2.46400833,0.029358358129243915
2.47581315,0.045136186770428015
2.47585249,0.012939650568398567
2.47588587,0.0157778286411841
2.47591853,0.0477454795147631
2.49185562,0.027512016479743648
2.49190688,0.013702601663233387
2.50580859,0.040497444113832305
2.50585794,0.0434882124055848
2.51380706,0.012344548714427405
2.52683663,0.0251621271076524
2.52690816,0.050385290302891586
2.53183508,0.022796978713664453
2.53188252,0.020462348363469902
2.5387907,0.0532997634851606
2.5388267,0.03317311360341802
2.54677176,0.018005645838101776
2.54680204,0.050720988784618906
2.55576038,0.04174868390936141
2.55578446,0.01687647821774624
2.58380795,0.04644846265354391
2.58384585,0.05029373617151141
2.58386946,0.019226367589837492
2.58389282,0.04029907682917525
2.59381247,0.05560387579156176
2.59389567,0.02316319523918517
2.60186529,0.0328374151216907
2.60193586,0.0575570305943389
2.61078525,0.02758831158922713
2.61084199,0.02409399557488365
2.62524176,0.05487144274052033
2.62537932,0.03250171663996338
2.64882922,0.016617074845502403
2.64893174,0.04786755168993668
2.64898682,0.03739986266880293
2.64902401,0.012024109254596781
2.64906669,0.033035782406347754
2.64910865,0.04766918440527962
2.6637876,0.014847028305485618
2.66382694,0.0178988326848249
2.66879964,0.048554207675288015
2.66885805,0.02716105897611963
2.68184519,0.012375066758220797
2.68191719,0.03918516823071641
2.69587827,0.041458762493324176
2.69594836,0.010284580758373388
2.70982146,0.023819333180743113
2.70989537,0.048554207675288015
2.70995331,0.019058518348973832
2.71001387,0.01675440604257267
2.71006274,0.047470817120622566
2.72496438,0.02630655374990463
2.7250886,0.012054627298390174
2.73481369,0.03904783703364614
2.73486137,0.040955214770733196
2.75689888,0.010498207064927139
2.7569592,0.02464332036316472
2.75882578,0.0490272373540856
2.75890064,0.019684138246738384
2.78080893,0.017807278553444723
2.78088164,0.04895094224460212
2.7809391,0.02677958342870222
2.78379369,0.01309224078736553
2.7838695,0.03999389639124132
2.79182768,0.041992828259708556
2.79188395,0.011154345006485085
2.79192948,0.02491798275730526
2.80678105,0.04959182116426337
2.80681157,0.020233463035019456
2.82979059,0.01821927214465553
2.83981299,0.049973296711680784
2.83989334,0.027603570611123826
2.83994222,0.013244831006332494
2.839993,0.04022278171969177
2.84004354,0.04194705119401846
2.85192466,0.012298771648737316
2.85202694,0.027008468757152668
2.85210323,0.05120927748531319
2.86084127,0.020874341954680704
2.86091399,0.01931792172121767
2.88498783,0.05084306095979248
2.8850596,0.028290226596475166
2.88510656,0.014450293736171512
2.88515997,0.041626611734187836
2.8998313,0.04202334630350195
2.89989543,0.011764705882352941
2.89995217,0.026947432669565882
2.90000439,0.051194018463416494
2.90005445,0.021210040436408027
2.91709447,0.019790951400015258
2.91716218,0.05082780193789578
2.93687797,0.02839703974975204
2.9369607,0.014770733196002136
2.94492698,0.04132143129625391
2.94499779,0.04238956282902266
2.95985818,0.01240558480201419
2.95995998,0.027618829633020522
2.96001577,0.0511635004196231
2.96006799,0.020691233691920347
2.96882677,0.01998931868467231
2.96889973,0.051316090638590064
2.96895528,0.02827496757457847
2.98394895,0.015243762874799725
2.98406601,0.042664225223163196
3.0081718,0.04402227817196918
3.00823855,0.013397421225299458
3.00829577,0.028030823224231328
3.0083468,0.05191119249256123
3.01429462,0.022232394903486687
3.01437306,0.021423666742961776
3.02181172,0.05195696955825132
3.02186751,0.029617761501487753
3.02190471,0.017502098115510796
3.03679538,0.050812542915999084
3.03682518,0.03685053788052186
3.03684711,0.012191958495460441
3.06080747,0.03518730449378195
3.06083751,0.048172732127870606
3.0658052,0.015289539940489814
3.06584263,0.027069504844739453
3.07177639,0.050263218127718015
3.08092856,0.020202944991226063
3.08102655,0.019974059662775615
3.08981442,0.049103532463569084
3.08987617,0.025436789501792935
3.08991289,0.013672083619439994
3.11379933,0.041962310215915156
3.11382508,0.041672388799877925
3.11384535,0.010681315327687495
3.12386847,0.025818265049210344
3.12393117,0.049561303120469975
3.12986922,0.01924162661173419
3.12994123,0.01948577096208133
3.13581204,0.04875257495994507
3.13584304,0.02789349202716106
3.14878082,0.018112458991378654
3.14880872,0.05474937056534676
3.15678096,0.05062943465323873
3.15680528,0.0354009308003357
3.18379688,0.06102082856488899
3.18382478,0.052307927061875335
3.18384862,0.018875410086213473
3.18387222,0.03634699015793088
3.19082093,0.045014114595254444
3.19086981,0.011841000991836423
3.1909101,0.018066681925688565
3.20484662,0.049011978332188906
3.20490527,0.026596475165941862
3.21190238,0.015274280918593118
3.21199918,0.04745555809872587
3.23581076,0.03347829404135195
3.23583698,0.011322194247348745
3.24980187,0.0349584191653315
3.24984622,0.04687571526665141
3.2498734,0.013885709925993743
3.26484418,0.01998931868467231
3.26490235,0.05012588693064775
3.26494455,0.02661173418783856
3.26497865,0.014953841458762494
3.27180362,0.042969405661097124
3.27186775,0.042542153047989625
3.27191067,0.012985427634088656
3.28580976,0.028580148012512397
3.29983759,0.05084306095979248
3.29991722,0.02055390249485008
3.29997325,0.022583352407110704
3.32488608,0.05194171053635462
3.32496142,0.028168154421301595
3.3250165,0.017547875181200885
3.32506657,0.050308995193408104
3.32511544,0.036911573968108645
3.32516432,0.015289539940489814
3.3400526,0.04574654764629587
3.34012365,0.04461738002594034
3.34387207,0.0157778286411841
3.34393215,0.04110780498970016
3.3668623,0.050598916609445335
3.36695862,0.019562066071564813
3.36883807,0.033279926756694896
3.36888695,0.05664148928053712
3.36892366,0.026321812771801328
3.38281345,0.026672770275425344
3.38287616,0.05578698405432212
3.39583778,0.03254749370565347
3.39589834,0.02076752880140383
3.40186238,0.05262836652170596
3.40193367,0.03820859082932784
3.42680693,0.015289539940489814
3.4268682,0.04466315709163043
3.42691255,0.04205386434729534
3.42694712,0.011413748378728923
3.4409461,0.02798504615854124
3.44103312,0.049225604638742655
3.44479275,0.017807278553444723
3.44485402,0.019714656290531776
3.44489932,0.04887464713511864
3.46183562,0.02349889372091249
3.46188116,0.012451361867704281
3.4688468,0.040207522697795074
3.46892071,0.03884946974898909
3.49189305,0.009033340962844283
3.49196792,0.02594033722438392
3.49891329,0.047562371252002744
3.49898767,0.01722743572137026
3.50090003,0.01901274128328374
3.50097823,0.0481879911497673
3.50103331,0.024963759822995348
3.51583099,0.015274280918593118
3.5159061,0.04678416113527123
3.53021073,0.03234912642099642
3.53027606,0.011337453269245441
3.54185939,0.03547722590981918
3.54195213,0.04602121004043641
3.54199243,0.013458457312886245
3.56580472,0.02017242694743267
3.565835,0.04911879148546578
3.56586027,0.024887464713511862
3.57982016,0.01582360570687419
3.57988262,0.04870679789425498
3.57992625,0.03350881208514534
3.57996202,0.012649729152361334
3.60384464,0.03649958037689784
3.60387278,0.046509498741130695
3.60389638,0.014465552758068208
3.6039362,0.022064545662623027
3.61878967,0.05053788052185855
3.61881685,0.025604638742656595
3.62382126,0.015594720378423743
3.62386894,0.048096437018387124
3.63689923,0.03280689707789731
3.63694167,0.012207217517357137
3.63698721,0.03659113450827802
3.63702393,0.046295872434576946
3.63879824,0.013809414816510261
3.64678502,0.02178988326848249
3.64683652,0.04985122453650721
3.66082263,0.024673838406958113
3.66086793,0.015289539940489814
3.67480302,0.047638666361486226
3.6748631,0.0315403982604715
3.68879247,0.011566338597695888
3.68884444,0.036087586785687034
3.69482088,0.04545662623025864
3.69488597,0.012893873502708476
3.70380569,0.021133745326924545
3.70386004,0.05017166399633784
3.70389652,0.024505989166094453
3.7300632,0.01496910048065919
3.73020029,0.042496375982299536
3.73027635,0.0392309452964065
3.73033786,0.010452429999237048
3.76507854,0.02810711833371481
3.76521707,0.04899671931029221
3.76529646,0.017502098115510796
3.76536822,0.021133745326924545
3.76543617,0.049683375295643546
3.76708984,0.024444953078507668
3.76714587,0.015747310597390707
3.76719642,0.04847791256580453
3.76979685,0.03274586099031052
3.76985717,0.012130922407873656
3.78379083,0.036957351033798734
3.806813,0.046082246128023197
3.80689478,0.01326009002822919
3.80694175,0.021515220874341955
3.8087821,0.04971389333943694
3.80882502,0.023682001983672846
3.81079388,0.014557106889448387
3.81083107,0.041458762493324176
3.83585668,0.03765926604104677
3.83594275,0.01019302662699321
3.83598876,0.028702220187685968
3.83603358,0.04815747310597391
3.8398087,0.016479743648432136
3.86686254,0.020798046845197222
3.8669138,0.048767833981841764
3.86983919,0.02285801480125124
3.86989141,0.014190890363927672
3.86993647,0.04214541847867552
3.86997843,0.0388189517051957
3.87982678,0.010315098802166781
3.87990236,0.027969787136644542
3.88881469,0.04736400396734569
3.88889408,0.01565575646601053
3.91189098,0.02238498512245365
3.91201305,0.05426108186465248
3.91979218,0.035156786449988556
3.92377377,0.03521782253757534
3.92382216,0.06123445487144274
3.93182111,0.044708934157320517
3.93188691,0.020813305867093918
3.93381524,0.04533455405508507
3.93387651,0.037415121690699625
3.94580913,0.008514534218356603
3.94590425,0.026977950713359275
3.95905614,0.04660105287251087
3.95915484,0.015228503852903029
3.9592216,0.014938582436865798
3.99198151,0.04367132066834516
3.99201059,0.03930724040588998
3.99203134,0.011490043488212406
3.99396372,0.03125047684443427
3.99400949,0.05130083161669337
3.99405003,0.019043259327077136
3.99409032,0.024460212100404364
4.00682807,0.05267414358739605
4.00690031,0.02583352407110704
4.01078653,0.01744106202792401
4.01083422,0.05020218204013123
4.02524233,0.03421072709239338
4.02534175,0.015579461356527047
4.06003547,0.04658579385061418
4.06014085,0.04065003433279927
4.06021094,0.012680247196154727
4.06028557,0.03224231326771954
4.06035781,0.05212481879911498
4.06194353,0.02021820401312276
4.06199932,0.025650415808346684
4.07083821,0.05368123903257801
4.07089615,0.027740901808194093
4.07985401,0.020569161516746776
4.07990837,0.052765697718776226
4.09402061,0.03567559319447623
4.09410048,0.017456321049820707
4.10686255,0.04924086366063935
4.1069212,0.04432745860990311
4.10696673,0.016571297779812314
4.11582088,0.043259327077134355
4.11585784,0.05107194628824292
4.12686133,0.019958800640878918
4.12688565,0.03784237430380712
4.13886523,0.056275272755016405
4.13888979,0.023422598611429007
4.15178061,0.028702220187685968
4.15180659,0.05532921339742122
4.16580653,0.028168154421301595
4.17485523,0.020187685969329367
4.17494392,0.05079728389410239
4.17499542,0.032394903486686506
4.17503691,0.013443198290989548
4.18078208,0.03814755474174106
4.19481134,0.0439459830624857
4.19485879,0.012024109254596781
4.19489956,0.022186617837796598
4.20180559,0.04849317158770123
4.20184135,0.02102693217364767
4.22578168,0.01441977569237812
4.22580814,0.04243533989471275
4.22583199,0.03665217059586481
4.22585154,0.008728160524910353
4.24190569,0.027618829633020522
4.24197125,0.04657053482871748
4.24477768,0.014847028305485618
4.24776721,0.014618142977035172
4.24782133,0.042252231631952394
4.26079988,0.03573662928206302
4.26085973,0.008972304875257495
4.26090217,0.028366521705958648
4.27480912,0.04702830548561837
4.27483916,0.015197985809109636
4.29878139,0.01487754634927901
4.29880762,0.042374303807125965
4.3058691,0.03602655069810025
4.305933,0.00933852140077821
4.31981301,0.02954146639200427
4.31986237,0.04858472571908141
4.31989861,0.0166323338673991
4.31993222,0.022781719691767757
4.31996727,0.04971389333943694
4.32883859,0.021820401312275882
4.3288877,0.015930418860151063
4.3418119,0.048844129091325246
4.34186077,0.030426489662012664
4.36582899,0.012451361867704281
4.36588335,0.038239108873121236
4.36592507,0.04353398947127489
4.36595845,0.011932555123216601
4.37382245,0.0234531166552224
4.37389731,0.05056839856565194
4.37394094,0.023224231326771955
4.38181591,0.01684596017395285
4.3818655,0.049103532463569084
4.39682817,0.03039597161821927
4.39687705,0.013427939269092852
4.4098351,0.03915465018692302
4.40989614,0.0447699702449073
4.40993166,0.012619211108567941
4.42387247,0.02383459220263981
4.42392206,0.05011062790875105
4.42396188,0.02209506370641642
4.42400074,0.017166399633783476
4.43877435,0.04950026703288319
4.43880534,0.030579079880979628
4.43882918,0.013214312962539101
4.4537816,0.03875791561760891
4.4538064,0.04399176012817579
4.46186614,0.012268253604943923
4.46192098,0.02409399557488365
4.48587203,0.050812542915999084
4.48594761,0.022629129472800793
4.48600292,0.017090104524299994
4.48605371,0.049393453879606315
4.4888649,0.03015182726787213
4.48892832,0.013412680247196154
4.50581884,0.040009155413138014
4.50587034,0.044800488288700695
4.50590277,0.012466620889600977
4.5158453,0.024505989166094453
4.51590228,0.051026169222552833
4.52992082,0.022461280231937133
4.52999258,0.01786831464103151
4.54384184,0.05067521171892882
4.54390216,0.031326771953917754
4.54882812,0.014526588845654994
4.54887986,0.04072632944228275
4.55682373,0.044922560463874266
4.55686712,0.012893873502708476
4.57084322,0.024322880903334097
4.57092357,0.050476844434271764
4.57096148,0.02209506370641642
4.59583831,0.01855497062638285
4.59589767,0.05006485084306096
4.60979509,0.02925154497596704
4.60987568,0.012481879911497674
4.61880803,0.03859006637674525
4.61886215,0.04335088120851453
4.61889672,0.012085145342183566
4.63195229,0.024002441443503473
4.63199043,0.049805447470817124
4.63202381,0.021728847180895704
4.63205624,0.017639429312581063
4.64078546,0.049347676813916226
4.64081097,0.028809033340962846
4.64083076,0.012726024261844816
4.65579319,0.039078355077439536
4.6558435,0.043381399252307926
4.67876601,0.014053559166857405
4.67879343,0.029144731822690166
4.67881703,0.06001373311970703
4.6788404,0.04147402151522087
4.69080424,0.043884946974898906
4.69085717,0.061158159761959256
4.69089794,0.040115968566414896
4.69093704,0.020035095750362403
4.70580435,0.046387426565957124
4.70586109,0.034409094377050434
4.70589638,0.008087281605249104
4.73084593,0.030045014114595255
4.73090124,0.0477607385366598
4.73094225,0.01585412375066758
4.73098159,0.025177386129549097
4.73379326,0.050476844434271764
4.73385167,0.02178988326848249
4.74681449,0.018448157473105974
4.74687004,0.05018692301823453
4.76083112,0.029999237048905166
4.76087761,0.014663920042725261
4.77084589,0.040833142595559625
4.77090693,0.04438849469748989
4.80883431,0.012954909590295263
4.80889416,0.025635156786449988
4.80893755,0.051270313572899975
4.81182051,0.023147936217288473
4.81188416,0.020141908903639278
4.81390214,0.05130083161669337
4.81395125,0.030548561837186235
4.81398678,0.01513694972152285
4.81403065,0.04147402151522087
4.82483816,0.04489204242008087
4.82488751,0.01416037232013428
4.83382058,0.027771419851987486
4.83386707,0.053528648813611045
4.85683656,0.024490730144197757
4.85882449,0.022110322728313116
4.85886955,0.053406576638437474
4.85890913,0.032608529793240255
4.85894775,0.017624170290684367
4.86881638,0.05096513313496605
4.86887407,0.042420080872816054
4.88282084,0.01846341649500267
4.88287592,0.04766918440527962
4.89178777,0.05090409704737926
4.89183378,0.018616006713969634
4.90578556,0.03968871595330739
4.90584302,0.05476462958724346
4.91878438,0.02140840772106508
4.92177844,0.030640115968566414
4.92182398,0.05493247882810712
4.92694163,0.025192645151445793
4.92702079,0.021652552071412222
4.9358027,0.051758602273594266
4.93585896,0.029556725413900968
4.95078635,0.013885709925993743
4.95083952,0.04005493247882811
4.96383715,0.04226749065384909
4.96388173,0.01062027924010071
4.97682476,0.02354467078660258
4.97687936,0.04835584039063096
4.97692132,0.019165331502250707
4.98181629,0.01696803234912642
4.98186231,0.04815747310597391
4.9958446,0.026321812771801328
4.99589491,0.011657892729076066
5.00482035,0.038406958113984896
5.00488114,0.04046692607003891
5.0049181,0.009796292057679103
5.02876759,0.023590447852292667
5.02879357,0.04814221408407721
5.04178762,0.01884489204242008
5.0418117,0.016662851911192492
5.05079532,0.0477454795147631
5.05081964,0.026092927443350882
5.05084062,0.012298771648737316
5.06479239,0.03936827649347677
5.06481934,0.04077210650797284
5.06483912,0.010406652933546959
5.06486225,0.024460212100404364
5.07381487,0.04924086366063935
5.07387471,0.01974517433432517
5.07577276,0.018204013122758832
5.0757966,0.049225604638742655
5.10189533,0.027191577019913024
5.101964,0.013458457312886245
5.10586262,0.04019226367589838
5.10593486,0.04214541847867552
5.10598111,0.011001754787518121
5.12886882,0.025192645151445793
5.128932,0.0494544899671931
5.13285184,0.02017242694743267
5.13292432,0.018982223239490347
5.13297987,0.0498970016021973
5.13303185,0.027786678873884182
5.1579535,0.013916227969787138
5.1580739,0.040451667048142216
5.15812397,0.04174868390936141
5.15816259,0.011276417181658656
5.18184114,0.026031891355764097
5.1819036,0.05011062790875105
5.18480873,0.020828564888990615
5.184865,0.01943999389639124
5.18491817,0.04971389333943694
5.19382071,0.02754253452353704
5.19387698,0.014953841458762494
5.20176983,0.04219119554436561
5.20182037,0.04231326771953918
5.22584105,0.011398489356832226
5.22591615,0.026382848859388113
5.22596288,0.05099565117875944
5.2260077,0.020920119020370793
5.22605062,0.0191958495460441
5.23582625,0.049103532463569084
5.23586082,0.026596475165941862
5.23588872,0.014297703517204547
5.25078702,0.04174868390936141
5.25081134,0.04228274967574579
5.25978518,0.01181048294804303
5.25981379,0.026886396581979097
5.28393006,0.0503242542153048
5.28400254,0.01991302357518883
5.28405714,0.019470511940184634
5.28410816,0.04963759822995346
5.28984594,0.027405203326466773
5.28988957,0.014953841458762494
5.30384564,0.04231326771953918
5.30390453,0.04235904478522927
5.30394244,0.01181048294804303
5.31411958,0.02703898680094606
5.31424141,0.05058365758754864
5.33887625,0.020538643472953384
5.33895278,0.02055390249485008
5.33899832,0.05050736247806516
5.33904052,0.027359426260776684
5.34886813,0.01470969710841535
5.34894013,0.04200808728160525
5.35684609,0.04281681544213016
5.35690618,0.01240558480201419
5.37182474,0.027817196917677575
5.37187743,0.05061417563134203
5.37191987,0.02107270923933776
5.39589858,0.021271076523994813
5.39597511,0.05133134966048676
5.40581346,0.028412298771648737
5.40588307,0.01629663538567178
5.41394258,0.0494697489890898
5.41404533,0.03643854428931106
5.41411209,0.012634470130464637
5.41418576,0.0357976653696498
5.41425538,0.04812695506218052
5.42686129,0.015411612115663387
5.42692065,0.02801556420233463
5.44079018,0.05061417563134203
5.44082069,0.019424734874494545
5.45483828,0.01991302357518883
5.45490527,0.05044632639047837
5.47895598,0.026657511253528648
5.47904682,0.014908064393072405
5.48697758,0.04260318913557641
5.48709297,0.041428244449530784
5.48713708,0.01168841077286946
5.48718715,0.028000305180437935
5.48723483,0.05058365758754864
5.50080013,0.020355535210193027
5.50083375,0.02072175173571374
5.50086188,0.05023270008392462
5.50088954,0.027679865720607308
5.52078128,0.017975127794308383
5.52084541,0.053650720988784616
5.53477001,0.047730220492866404
5.53482127,0.03421072709239338
5.53877783,0.061203936827649345
5.53882337,0.053482871747920956
5.54697061,0.020569161516746776
5.54702663,0.03904783703364614
5.55579925,0.04602121004043641
5.55585098,0.012008850232700085
5.56979489,0.018204013122758832
5.56986451,0.04864576180666819
5.56990576,0.025925078202487222
5.59485149,0.01617456321049821
5.59501028,0.048767833981841764
5.59505844,0.034363317311360345
5.59509563,0.01211566338597696
5.60476661,0.036453803311207754
5.60481763,0.04824902723735409
5.6187861,0.015533684290836958
5.61885023,0.028900587472343024
5.61889911,0.05140764476997024
5.61894703,0.021316853589684902
5.61900377,0.021942473487449453
5.63477015,0.051850156404974444
5.63480425,0.02775616083009079
5.661098,0.016601815823605707
5.66123652,0.04873731593804837
5.66131377,0.034912642099641414
5.66137362,0.013824673838406958
5.66144419,0.038162813763637754
5.67482138,0.04875257495994507
5.67997384,0.016113527122911423
5.68004537,0.030563820859082932
5.69489646,0.05291828793774319
5.69505167,0.02197299153124285
5.69510102,0.02423132677195392
5.70976496,0.05381857022964828
5.70979095,0.03019760433356222
5.73278666,0.01998931868467231
5.73285103,0.05261310749980926
5.73876858,0.038910505836575876
5.73881745,0.017181658655680172
5.73885775,0.04849317158770123
5.73889685,0.047058823529411764
5.7457819,0.01803616388189517
5.7458303,0.04211490043488213
5.77081871,0.05249103532463569
5.77088642,0.019684138246738384
5.78377748,0.034195468070496685
5.78382826,0.0549935149156939
5.7838695,0.023132677195391776
5.7917912,0.02442969405661097
5.79186416,0.0524452582589456
5.80080009,0.026626993209735255
5.80085707,0.015838864728770885
5.80679035,0.047562371252002744
5.80684352,0.03225757228961624
5.81479907,0.010986495765621425
5.81484866,0.03521782253757534
5.82391357,0.04504463263904784
5.82398939,0.011505302510109103
5.82403588,0.019180590524147403
5.84679151,0.04777599755855649
5.84681845,0.02264438849469749
5.84878135,0.013244831006332494
5.86177588,0.04098573281452659
5.86180353,0.03820859082932784
5.863765,0.008987563897154192
5.8637898,0.026321812771801328
5.86381388,0.04757763027389944
5.86383748,0.016571297779812314
5.87880898,0.019714656290531776
5.87883449,0.04852368963149462
5.89179754,0.023773556115053024
5.89182472,0.014358739604791332
5.91590834,0.041931792172121764
5.91596293,0.03898680094605936
5.91599822,0.010254062714579995
5.91603947,0.027679865720607308
5.91607928,0.04823376821545739
5.9258523,0.017471580071717403
5.92591047,0.022110322728313116
5.93984485,0.050263218127718015
5.93989968,0.023895628290226595
5.94485879,0.014938582436865798
5.944911,0.04315251392385748
5.96880889,0.03973449301899748
5.96886778,0.010971236743724726
5.96891427,0.02851911192492561
5.96895695,0.04878309300373846
5.968997,0.01651026169222553
5.98381233,0.02076752880140383
5.98386025,0.05003433279926757
5.99179077,0.02426184481574731
5.99184251,0.015289539940489814
6.00581169,0.04802014190890364
6.00587368,0.032074464026855876
6.01980805,0.011734187838559548
6.01987696,0.03639276722362097
6.03378081,0.044968337529564355
6.03382635,0.012603952086671245
6.03386807,0.02183566033417258
6.03390789,0.0503395132372015
6.0437727,0.024414435034714275
6.04382253,0.016113527122911423
6.0438633,0.048218509193560695
6.0608201,0.03193713282978561
6.06087971,0.01254291599908446
6.06092572,0.037247272449835965
6.07478166,0.04498359655146105
6.07480907,0.013153276874952316
6.09877348,0.02276646066987106
6.09880137,0.051056687266346226
6.10680389,0.024322880903334097
6.1068573,0.016571297779812314
6.11597228,0.04966811627374685
6.11604857,0.03350881208514534
6.11610579,0.014084077210650798
6.12980986,0.039002059967956054
6.12986803,0.04654001678492409
6.12990379,0.014007782101167316
6.12994385,0.02337682154573892
6.15487766,0.05053788052185855
6.15495801,0.024414435034714275
6.15499592,0.01654077973601892
6.15504265,0.048432135500114444
6.15508795,0.03100633249408713
6.15511727,0.011871519035629816
6.17079329,0.03717097734035248
6.17085028,0.04461738002594034
6.17088699,0.012527656977187763
6.18391681,0.021927214465552756
6.18400717,0.05070572976272221
6.19179869,0.024002441443503473
6.19185638,0.016769665064469367
6.21643519,0.04892042420080873
6.21664691,0.03108262760357061
6.21675372,0.012008850232700085
6.21683049,0.03759822995345998
6.23080087,0.04498359655146105
6.23085546,0.013473716334782941
6.23089981,0.024414435034714275
6.23094058,0.05580224307621882
6.23677683,0.03785763332570382
6.25098443,0.03898680094605936
6.25108194,0.061203936827649345
6.25980473,0.045426108186465246
6.2598691,0.020965896086060882
6.28379869,0.04505989166094453
6.28385353,0.0362554360265507
6.28388572,0.008453498130769817
6.28391957,0.02827496757457847
6.28395271,0.047135118638895246
6.29079604,0.01651026169222553
6.29083729,0.023422598611429007
6.30477023,0.05125505455100328
6.30479765,0.023987182421606777
6.31978679,0.01710536354619669
6.31985569,0.049393453879606315
6.31990051,0.03201342793926909
6.34376907,0.013443198290989548
6.34379792,0.0383916990920882
6.34382248,0.04493781948577096
6.34384227,0.01283283741512169
6.34577942,0.023819333180743113
6.34580493,0.051529716945143814
6.36085057,0.025146868085755704
6.3609097,0.018524452582589456
6.3688345,0.05011062790875105
6.3688941,0.032318608377203024
6.36893797,0.014618142977035172
6.3959105,0.040665293354695965
6.39598536,0.047302967879758906
6.39602637,0.014847028305485618
6.39607143,0.02571145189593347
6.41100574,0.052735179674982834
6.41109538,0.026291294728007935
6.41497374,0.02084382391088731
6.41508579,0.05308613717860685
6.42385149,0.03500419623102159
6.4238925,0.017410543984130618
6.43281841,0.04975967040512703
6.43284488,0.044251163500419625
6.44133973,0.017456321049820707
6.4547894,0.044754711223010606
6.45483112,0.05099565117875944
6.46884131,0.01940947585259785
6.46891284,0.03817807278553445
6.46896815,0.05592431525139239
6.46901846,0.023422598611429007
6.49379873,0.030334935530632486
6.49383044,0.05636682688639658
6.49385476,0.02763408865491722
6.49387932,0.020813305867093918
6.50948095,0.05217059586480507
6.50961018,0.032898451209277486
6.5169208,0.014190890363927672
6.53086257,0.03935301747158007
6.53093195,0.044037537193865876
6.54511786,0.012039368276493477
6.5452888,0.02285801480125124
6.54543209,0.04924086366063935
6.54554391,0.02140840772106508
6.54558492,0.016113527122911423
6.54562783,0.04744029907682917
6.56083441,0.02839703974975204
6.56088662,0.011169604028381781
6.57419324,0.03718623636224918
6.57439184,0.042221713588159
6.57447481,0.010452429999237048
6.58986497,0.02204928664072633
6.58995795,0.048844129091325246
6.59001446,0.020737010757610436
6.5900681,0.015747310597390707
6.59987569,0.04742504005493248
6.59994912,0.028473334859235522
6.61885595,0.012130922407873656
6.61894751,0.038162813763637754
6.63479447,0.042420080872816054
6.6348455,0.011459525444419012
6.6398108,0.022827496757457846
6.63985991,0.049805447470817124
6.63990092,0.022537575341420615
6.6487813,0.0166323338673991
6.64884377,0.04803540093080034
6.65677261,0.02920576791027695
6.65682602,0.013153276874952316
6.6568687,0.03904783703364614
6.67082715,0.04327458609903105
6.67085671,0.011871519035629816
6.68477678,0.023987182421606777
6.68480587,0.05017166399633784
6.70080376,0.021637293049515526
6.70084739,0.01692225528343633
6.70378494,0.048676279850461586
6.70381188,0.0294193942168307
6.70383215,0.012985427634088656
6.72886467,0.03894102388036927
6.72893953,0.04344243533989471
6.72898436,0.011993591210803388
6.72903442,0.023895628290226595
6.74400806,0.050263218127718015
6.74415493,0.02186617837796597
6.75684381,0.017334248874647136
6.75690317,0.04878309300373846
6.76388383,0.029190508888380255
6.76396203,0.01287861448081178
6.7732935,0.03976501106279087
6.77341795,0.043884946974898906
6.77348351,0.012817578393224994
6.78382587,0.024750133516441595
6.78388548,0.05094987411306935
6.79183078,0.02243076218814374
6.79188704,0.018493934538796063
6.81585407,0.049439230945296404
6.81593561,0.029526207370107575
6.81884861,0.014084077210650798
6.81890631,0.04005493247882811
6.82579708,0.04357976653696498
6.82586288,0.013000686655985352
6.83378601,0.02532997634851606
6.83384514,0.05128557259479667
6.83983612,0.02337682154573892
6.84981036,0.019806210421911954
6.84987283,0.050385290302891586
6.8628099,0.029907682917524988
6.86287546,0.014740215152208743
6.86292887,0.04187075608453498
6.87583566,0.04487678339818418
6.87587094,0.013870450904097047
6.90079618,0.026932173647669186
6.90082669,0.05212481879911498
6.91178703,0.023422598611429007
6.9118154,0.01965362020294499
6.91183972,0.05079728389410239
6.91186357,0.030167086289768826
6.91878128,0.014236667429617761
6.93187785,0.04060425726710918
6.93195057,0.04386968795300221
6.93199825,0.012771801327534905
6.93205094,0.024887464713511862
6.95587063,0.050095368886854355
6.95594478,0.021515220874341955
6.95602584,0.018265049210345618
6.95608807,0.04971389333943694
6.95613956,0.029327840085450523
6.95618176,0.013794155794613565
6.98287821,0.040161745632104985
6.98296762,0.04290836957351034
6.98301506,0.012130922407873656
6.98679471,0.025879301136797133
6.98686838,0.052094300755321586
7.0098381,0.0255893797207599
7.00990677,0.028809033340962846
7.00995398,0.06117341878385595
7.00999641,0.05467307545586328
7.01679802,0.04042114900434882
7.01685596,0.05938811322194247
7.02383351,0.04042114900434882
7.02388263,0.010635538261997406
7.03385758,0.03129625391012436
7.03393054,0.04452582589456016
7.03397775,0.011673151750972763
7.05080795,0.016433966582742047
7.05086303,0.050385290302891586
7.07392764,0.029221026932173648
7.07397699,0.014007782101167316
7.07401872,0.0401007095445182
7.07405329,0.04245059891660945
7.07408118,0.011932555123216601
7.08082199,0.02589456015869383
7.08089471,0.05049210345616846
7.09282732,0.021255817502098116
7.09288526,0.019790951400015258
7.10680842,0.051148241397726404
7.10686851,0.028824292362859542
7.10690808,0.014572365911345083
7.13092422,0.0417792019531548
7.1309967,0.043595025558861675
7.13104439,0.012863355458915083
7.13109493,0.026703288319218737
7.13926935,0.051651789120317385
7.13939047,0.02252231631952392
7.14833307,0.021042191195544367
7.14845514,0.05177386129549096
7.15634489,0.03060959792477302
7.15646815,0.016662851911192492
7.16999292,0.04936293583581292
7.17006135,0.03886472877088579
7.17009306,0.014465552758068208
7.19490552,0.03698786907759213
7.19499707,0.05133134966048676
7.19505358,0.019424734874494545
7.19510603,0.031403067063401235
7.20145321,0.0563057907988098
7.20155263,0.02575722896162356
7.21485376,0.024582284275577935
7.21491456,0.055893797207598996
7.2238574,0.03396658274204623
7.2239275,0.019897764553292133
7.23812699,0.05233844510566873
7.23822975,0.04168764782177462
7.24685884,0.01680018310826276
7.25984454,0.045471885252155335
7.25991654,0.04548714427405203
7.27483726,0.01416037232013428
7.27489781,0.027924010070954453
7.27494502,0.05096513313496605
7.27499938,0.020691233691920347
7.28835249,0.0187533379110399
7.28842497,0.04870679789425498
7.28848386,0.025635156786449988
7.28852963,0.012649729152361334
7.31181097,0.03997863736934462
7.31188297,0.03973449301899748
7.32714367,0.009063859006637675
7.33981729,0.023605706874189364
7.33987975,0.047562371252002744
7.33992457,0.018371862363622492
7.33996582,0.01696803234912642
7.34480739,0.04771496147096971
7.34486651,0.024750133516441595
7.35481215,0.011779964904249637
7.35487819,0.03906309605554284
7.36080861,0.03994811932555123
7.36087894,0.010406652933546959
7.36093521,0.024795910582131684
7.36581111,0.04783703364614328
7.36584949,0.018326085297932403
7.38877702,0.01821927214465553
7.38883734,0.048264286259250784
7.41188335,0.0255893797207599
7.41198301,0.01313801785305562
7.41380024,0.04005493247882811
7.41385007,0.04048218509193561
7.4138813,0.010528725108720532
7.4139154,0.025818265049210344
7.41394782,0.04953078507667658
7.42381263,0.018951705195696954
7.42385197,0.019165331502250707
7.43681908,0.04954604409857328
7.43689537,0.026123445487144275
7.44580674,0.013580529488059816
7.45979643,0.04068055237659266
7.4598484,0.040711070420386054
7.45988488,0.011154345006485085
7.45992494,0.026504921034561684
7.47580338,0.049439230945296404
7.4758625,0.0191958495460441
7.47590709,0.019378957808804456
7.47594881,0.049439230945296404
7.49079227,0.025726710917830166
7.49083924,0.013595788509956512
7.5137949,0.04058899824521248
7.51385522,0.040329594872968645
7.51389313,0.010742351415274281
7.52378058,0.026626993209735255
7.52383232,0.04896620126649882
7.52877975,0.019165331502250707
7.52882624,0.019623102159151598
7.53591037,0.04957656214236667
7.53598166,0.02606240939955749
7.55079317,0.014923323414969101
7.55084825,0.041672388799877925
7.55477953,0.040451667048142216
7.55482697,0.010635538261997406
7.57883835,0.02656595712214847
7.57892656,0.049805447470817124
7.57897377,0.018936446173800258
7.57901621,0.020019836728465707
7.57905793,0.05065995269703212
7.59391904,0.026367589837491417
7.59400845,0.014557106889448387
7.60291839,0.04190127412832837
7.60307527,0.04103150988021668
7.6031208,0.011413748378728923
7.61579514,0.027649347676813915
7.61583185,0.05062943465323873
7.63977313,0.019562066071564813
7.63980103,0.020447089341573205
7.63982558,0.0498970016021973
7.63985109,0.025818265049210344
7.63987112,0.01501487754634928
7.64477539,0.04272526131074998
7.64481258,0.04139772640573739
7.65876293,0.011291676203555352
7.65878797,0.027237354085603113
7.66698146,0.05024795910582132
7.66712976,0.019562066071564813
7.68180442,0.021255817502098116
7.6818614,0.05091935606927596
7.69480109,0.026581216144045166
7.69485354,0.015518425268940261
7.70881176,0.04846265354390784
7.70886731,0.034912642099641414
7.7089026,0.01394674601358053
7.71679521,0.03830014496070802
7.71684527,0.04853894865339132
7.72585678,0.01582360570687419
7.72591734,0.029785610742351417
7.74988246,0.0507362478065156
7.74995804,0.01965362020294499
7.75582433,0.02107270923933776
7.75587487,0.05018692301823453
7.77981448,0.026169222552834364
7.77987599,0.01544213015945678
7.7799201,0.04791332875562677
7.77996182,0.033157854581521325
7.77999711,0.011200122072175174
7.79535604,0.03529411764705882
7.7954762,0.04571602960250248
7.79553986,0.013427939269092852
7.79561043,0.021011673151750974
7.8010745,0.05001907377737087
7.80117178,0.02499427786678874
7.81483674,0.015121690699626154
7.81489754,0.042969405661097124
7.82884097,0.0400854505226215
7.82890868,0.010803387502861066
7.84182549,0.02798504615854124
7.84188938,0.04994277866788739
7.84193277,0.023849851224536506
7.84197354,0.032486457618066684
7.84883785,0.06117341878385595
7.86215091,0.052933546959639886
7.86225915,0.040924696726939803
7.86884975,0.05976958876935989
7.8689642,0.03656061646448463
7.86901665,0.010711833371480888
7.89902449,0.03414969100480659
7.89907837,0.04345769436179141
7.89910674,0.011154345006485085
7.89913774,0.019455252918287938
7.90081072,0.04925612268253605
7.90084553,0.02504005493247883
7.90087271,0.015381094071869994
7.92622209,0.04759288929579614
7.92625165,0.03274586099031052
7.92627406,0.011902037079423208
7.92629862,0.03620965896086061
7.95085645,0.0460669871061265
7.95091152,0.013702601663233387
7.95095611,0.021637293049515526
7.95099735,0.05090409704737926
7.95954299,0.02578774700541695
7.95966673,0.016601815823605707
7.97185683,0.04913405050736248
7.97194076,0.033829251544975965
7.97477531,0.012817578393224994
7.98380637,0.03732356755931945
7.98386121,0.04664682993820096
8.00684071,0.015060654612039369
8.00691938,0.02362096589608606
8.00979137,0.05255207141222248
8.00984216,0.02716105897611963
8.02189112,0.017975127794308383
8.02196383,0.05037003128099489
8.02684021,0.03523308155947204
8.02690077,0.015426871137560083
8.03587842,0.048004882887006946
8.03594565,0.04448004882887007
8.04078412,0.015533684290836958
8.04980302,0.04156557564660105
8.04986596,0.05154497596704051
8.06414247,0.018768596932936598
8.06426811,0.034821087968261236
8.08781505,0.0567177843900206
8.0878768,0.02459754329747463
8.09587264,0.027359426260776684
8.09592247,0.05592431525139239
8.09596252,0.030304417486839094
8.09600306,0.020965896086060882
8.1048336,0.0528877698939498
8.10488081,0.036087586785687034
8.10491133,0.01518272678721294
8.11889434,0.03904783703364614
8.11894608,0.046967269398031586
8.13297176,0.01411459525444419
8.13307595,0.022354467078660258
8.1558218,0.04994277866788739
8.15587878,0.023422598611429007
8.15591598,0.014297703517204547
8.15595651,0.04219119554436561
8.15880179,0.03822384985122454
8.15883994,0.009979400320439459
8.16777468,0.028000305180437935
8.16784072,0.04753185320820935
8.16788387,0.01568627450980392
8.1858294,0.020447089341573205
8.18587923,0.04928664072632944
8.18591952,0.023422598611429007
8.19978404,0.014908064393072405
8.19982433,0.04213015945677882
8.20877075,0.0371099412527657
8.20879221,0.009353780422674906
8.21378756,0.027954528114747846
8.21384239,0.04846265354390784
8.22283602,0.01651026169222553
8.22290683,0.021225299458304724
8.23582053,0.04936293583581292
8.23589277,0.023422598611429007
8.23594689,0.016144045166704816
8.25378203,0.04812695506218052
8.26690507,0.03036545357442588
8.2670176,0.01078812848096437
8.26705384,0.03610284580758373
8.26876259,0.04449530785076677
8.26878452,0.012863355458915083
8.28081894,0.02221713588158999
8.28087354,0.04982070649271382
8.28985882,0.02333104448004883
8.28991699,0.016281376363775083
8.30380821,0.048599984740978104
8.30386996,0.031189440756847486
8.31679392,0.012268253604943923
8.33079553,0.037872892347600516
8.33085537,0.045304036011291675
8.33979654,0.012863355458915083
8.33985519,0.022583352407110704
8.35423303,0.05070572976272221
8.35435653,0.023865110246433202
8.35443068,0.016235599298084994
8.35450029,0.04881361104753185
8.36303329,0.03137254901960784
8.36313653,0.012512397955291066
8.3708446,0.03781185626001373
8.37091589,0.045258258945601586
8.38484788,0.012695506218051423
8.39060616,0.02264438849469749
8.3906703,0.05037003128099489
8.39071131,0.023605706874189364
8.40383005,0.016739147020675974
8.41681933,0.04931715877012283
8.41687727,0.0315556572823682
8.41691494,0.012512397955291066
8.41695714,0.03814755474174106
8.41699696,0.04487678339818418
8.42620826,0.013076981765468834
8.42632866,0.023315785458152133
8.4358933,0.05070572976272221
8.43596864,0.02362096589608606
8.43982053,0.01684596017395285
8.45385814,0.048767833981841764
8.46680379,0.03129625391012436
8.46686292,0.013336385137712672
8.46690798,0.038452735179674985
8.4758091,0.04510566872663462
8.47585464,0.01271076523994812
8.47589588,0.02340733958953231
8.47593522,0.051194018463416494
8.49132037,0.023514152742809186
8.49144268,0.017090104524299994
8.50091577,0.049347676813916226
8.50100541,0.03163195239185168
8.504807,0.013580529488059816
8.51886702,0.039078355077439536
8.51893878,0.045807583733882655
8.53184009,0.014053559166857405
8.53190136,0.02406347753109026
8.54188609,0.0515907530327306
8.54195881,0.02511635004196231
8.54201365,0.018524452582589456
8.54206562,0.05049210345616846
8.56583762,0.032486457618066684
8.56589365,0.014465552758068208
8.56593966,0.0392156862745098
8.56598234,0.044846265354390784
8.56878781,0.012726024261844816
8.59586024,0.023422598611429007
8.59593892,0.051026169222552833
8.59597564,0.023422598611429007
8.59601068,0.01701380941481651
8.60183382,0.048599984740978104
8.60190701,0.030334935530632486
8.61080909,0.012649729152361334
8.61086178,0.03826962691691463
8.62528682,0.044251163500419625
8.62541437,0.01249713893339437
8.62549186,0.02423132677195392
8.63429594,0.051056687266346226
8.63435555,0.023041123064011598
8.65121651,0.01684596017395285
8.66077995,0.048508430609597926
8.67626715,0.030731670099946592
8.67634821,0.0153505760280766
8.67640328,0.05123979552910658
8.6764555,0.051529716945143814
8.68987632,0.03398184176394293
8.68996859,0.061036087586785685
8.69882989,0.0571297779812314
8.69890976,0.02288853284504463
8.71185398,0.03450064850843061
8.71193266,0.046799420157167926
8.71197987,0.013824673838406958
8.71202374,0.014038300144960708
8.73588848,0.042420080872816054
8.73594785,0.03634699015793088
8.73598528,0.011032272831311514
8.73602581,0.031784542610818645
8.75043654,0.048889906157015335
8.75053167,0.017074845502403294
8.75062871,0.023865110246433202
8.75069952,0.0503395132372015
8.75985527,0.02272068360418097
8.75991297,0.018112458991378654
8.76683474,0.04979018844892042
8.76688457,0.0307011520561532
8.78101826,0.013824673838406958
8.79490304,0.03968871595330739
8.79497814,0.044632639047837035
8.80084419,0.013122758831158923
8.80089664,0.024704356450751506
8.80583382,0.051560234988937206
8.80588055,0.023727779049362935
8.81532645,0.01936369878690776
8.81544733,0.051270313572899975
8.82389641,0.032028686961165787
8.82397294,0.014892805371175709
8.83683825,0.041046768902113374
8.83690071,0.04644846265354391
8.83693957,0.014984359502555887
8.85083055,0.02630655374990463
8.85085773,0.053238727397573814
8.87489891,0.025635156786449988
8.87496114,0.02186617837796597
8.87500358,0.05366598001068131
8.87504339,0.03421072709239338
8.87685275,0.018234531166552225
8.87689757,0.05145342183566033
8.89088202,0.04419012741283284
8.89094186,0.01727321278706035
8.91495562,0.04426642252231632
8.9150219,0.04914930952925917
8.91506577,0.017502098115510796
8.91510797,0.03723201342793927
8.91514993,0.05333028152895399
8.92684269,0.01940947585259785
8.92691326,0.026031891355764097
8.9358449,0.05134660868238346
8.93590617,0.02299534599832151
8.97088838,0.018570229648279545
8.97097683,0.04870679789425498
8.97103381,0.02832074464026856
8.97107863,0.011902037079423208
8.97119737,0.03764400701915007
8.97125053,0.0409399557488365
8.9712925,0.009430075532158388
8.98390985,0.022186617837796598
8.98397493,0.048722056916151675
9.00186992,0.019501029983978027
9.0019238,0.014862287327382314
9.00380826,0.04251163500419623
9.00385952,0.034317540245670256
9.00388813,0.00886549172198062
9.0268631,0.02967879758907454
9.02692318,0.046051728084229804
9.02983451,0.01394674601358053
9.02989078,0.0153505760280766
9.03483105,0.047013046463721675
9.03488231,0.028000305180437935
9.04305077,0.012848096437018387
9.04926181,0.03842221713588159
9.04931092,0.04269474326695659
9.06181502,0.010543984130617228
9.06188035,0.023346303501945526
9.08659124,0.049561303120469975
9.08665395,0.021057450217441064
9.08669233,0.01736476691844053
9.08675885,0.04840161745632105
9.09583259,0.027527275501640344
9.09588408,0.012375066758220797
9.09592748,0.04007019150072481
9.09596944,0.0435034714274815
9.09600377,0.01223773556115053
9.11081553,0.025055313954375526
9.11084723,0.05079728389410239
9.13985109,0.020798046845197222
9.13993359,0.01760891126878767
9.13999176,0.04890516517891203
9.14004374,0.027954528114747846
9.1400857,0.012527656977187763
9.14997864,0.039246204318303196
9.15007377,0.042664225223163196
9.15683031,0.011657892729076066
9.15686727,0.024490730144197757
9.17927003,0.05050736247806516
9.17934227,0.021805142290379186
9.17939734,0.01889066910811017
9.18884468,0.05017166399633784
9.18888378,0.02861066605630579
9.20479584,0.013427939269092852
9.20482206,0.03952086671244373
9.20679665,0.04289311055161364
9.20683217,0.012649729152361334
9.21387196,0.025314717326619364
9.21392083,0.049881742580300606
9.22683668,0.02136263065537499
9.22688603,0.018493934538796063
9.23387861,0.04864576180666819
9.23393202,0.027725642786297397
9.24755192,0.01351949340047303
9.26084948,0.04057373922331579
9.26091504,0.043472953383688104
9.26682734,0.012100404364080263
9.26687646,0.02575722896162356
9.27182269,0.05041580834668498
9.27186894,0.02128633554589151
9.2809,0.019501029983978027
9.28097939,0.0503242542153048
9.28986478,0.028641184100099183
9.28991699,0.01368734264133669
9.30386376,0.04025329976348516
9.30391884,0.04303044174868391
9.31793928,0.012466620889600977
9.32182264,0.026199740596627757
9.32187772,0.05070572976272221
9.33583212,0.02157625696192874
9.33588243,0.019623102159151598
9.33591938,0.050385290302891586
9.33595324,0.029266803997863737
9.34584785,0.015411612115663387
9.34589553,0.04835584039063096
9.35587335,0.038239108873121236
9.35592413,0.013580529488059816
9.37930894,0.035034714274814985
9.37940598,0.04875257495994507
9.37947798,0.01594567788204776
9.37954617,0.02630655374990463
9.37961268,0.05078202487220569
9.39388728,0.02140840772106508
9.39396644,0.019790951400015258
9.40285182,0.04975967040512703
9.40290236,0.02766460669871061
9.41165066,0.013748378728923476
9.41175485,0.040711070420386054
9.43486238,0.042298008697642483
9.43492532,0.011627374685282674
9.4349699,0.0260166323338674
9.43501163,0.049973296711680784
9.43505263,0.019897764553292133
9.43509173,0.019058518348973832
9.44982815,0.050095368886854355
9.45982862,0.02746623941405356
9.45988512,0.013397421225299458
9.45992804,0.040833142595559625
9.46678329,0.04448004882887007
9.46680832,0.016327153429465172
9.48180962,0.043137254901960784
9.4818368,0.0609750514991989
9.49479055,0.041840238040741586
9.49482131,0.048264286259250784
9.50880098,0.060196841382467385
9.50883746,0.024826428625925077
9.50886297,0.01901274128328374
9.51279902,0.04803540093080034
9.51282525,0.025192645151445793
9.5357728,0.012848096437018387
9.53580451,0.04090943770504311
9.54180193,0.04318303196765087
9.54185224,0.012207217517357137
9.56581378,0.026794842450598915
9.56587601,0.050095368886854355
9.57480788,0.0200503547722591
9.57486749,0.018936446173800258
9.57491779,0.04878309300373846
9.57496738,0.02801556420233463
9.58982563,0.0153505760280766
9.59480047,0.04762340733958953
9.59485316,0.0358129243915465
9.59488916,0.012527656977187763
9.5949297,0.03559929808499275
9.60383725,0.04840161745632105
9.60390043,0.016144045166704816
9.62681985,0.028046082246128024
9.62688136,0.052018005645838104
9.62877345,0.022079804684519724
9.62882042,0.021728847180895704
9.62886405,0.0520332646677348
9.6289053,0.02946517128252079
9.64383197,0.0170443274586099
9.64390373,0.04959182116426337
9.64396024,0.03773556115053025
9.65881491,0.015426871137560083
9.6588757,0.045807583733882655
9.68492246,0.04602121004043641
9.6850214,0.015930418860151063
9.68505836,0.039459830624856945
9.68509316,0.052399481193255514
9.69986534,0.020904859998474096
9.69993687,0.033447775997558556
9.69999266,0.05676356145571069
9.70004296,0.02716105897611963
9.70184445,0.02725261310749981
9.7158215,0.0562905317769131
9.7158556,0.033157854581521325
9.7297864,0.01977569237811856
9.72981143,0.05194171053635462
9.7548418,0.039002059967956054
9.7548964,0.014435034714274816
9.75494146,0.03717097734035248
9.75498271,0.04933241779201953
9.75502205,0.015930418860151063
9.75506091,0.027389944304570077
9.76980996,0.05012588693064775
9.76986623,0.019668879224841687
9.76990843,0.01910429541466392
9.78481102,0.04870679789425498
9.78484273,0.02594033722438392
9.79877472,0.012634470130464637
9.79880214,0.039246204318303196
9.8157742,0.03904783703364614
9.81580329,0.008728160524910353
9.81582713,0.02459754329747463
9.81585026,0.04827954528114748
9.82380295,0.01803616388189517
9.82386255,0.01858548867017624
9.83480072,0.048767833981841764
9.83488631,0.02504005493247883
9.83492446,0.012695506218051423
9.85984802,0.040283817807278556
9.85991287,0.04013122758831159
9.8599515,0.010406652933546959
9.8599937,0.02606240939955749
9.87496519,0.049561303120469975
9.87508607,0.018158236057068743
9.8751626,0.01910429541466392
9.87523317,0.049607080186160064
9.88988233,0.025879301136797133
9.88995147,0.013977264057373923
9.8988378,0.041214618142977034
9.89889407,0.04081788357366293
9.91218948,0.01142900740062562
9.92682505,0.026825360494392308
9.9268918,0.04890516517891203
9.93181205,0.019134813458457314
9.93186402,0.020187685969329367
9.93680692,0.050308995193408104
9.9368577,0.02681010147249561
9.93689275,0.014206149385824368
9.95082474,0.041596093690394444
9.95088816,0.04113832303349355
9.9568243,0.011169604028381781
9.95687318,0.02681010147249561
9.98109412,0.050385290302891586
9.98122644,0.01940947585259785
9.98127103,0.020523384451056687
9.99481058,0.05008010986495766
9.99484277,0.02578774700541695
9.99486828,0.014465552758068208
9.99489808,0.0417792019531548
10.0087862,0.04084840161745632
10.00880766,0.011139085984588388
10.01379728,0.02691691462577249
10.01383352,0.04953078507667658
10.02685213,0.01901274128328374
10.02690792,0.020019836728465707
10.05093741,0.04995803768978409
10.05105996,0.02571145189593347
10.05109978,0.014923323414969101
10.07496166,0.042084382391088734
10.07504106,0.04057373922331579
10.07507992,0.011413748378728923
10.07512212,0.027817196917677575
10.0784359,0.049805447470817124
10.07855678,0.019089036392767225
10.07866144,0.021210040436408027
10.07881451,0.05056839856565194
10.09185028,0.02639810788128481
10.09190941,0.016083009079118027
10.10599184,0.04811169604028382
10.10605717,0.03385976958876936
10.11503434,0.012863355458915083
10.12182069,0.03735408560311284
10.12188244,0.0477607385366598
10.12192273,0.015075913633936065
10.12684774,0.022034027618829635
10.12690449,0.051606012054627295
10.1357739,0.027649347676813915
10.14978194,0.016601815823605707
10.1498313,0.04853894865339132
10.16378641,0.03396658274204623
10.16383958,0.012329289692530708
10.16388345,0.03614862287327383
10.17279363,0.04626535439078355
10.1728301,0.013839932860303654
10.17286372,0.02124055848020142
10.18577075,0.050141145952544444
10.1907773,0.0255893797207599
10.19082713,0.015548943312733654
10.19086742,0.048386358434424355
10.2088635,0.03390554665445945
10.20888519,0.012893873502708476
10.22883439,0.036621652552071414
10.22889113,0.045960173952849626
10.22893953,0.013473716334782941
10.22903633,0.02136263065537499
10.23077512,0.050644693675135424
10.23081374,0.027344167238879988
10.24493599,0.020080872816052493
10.24503136,0.05830472266727703
10.24510407,0.05294880598153658
10.27084494,0.038284885938811325
10.27091694,0.06083772030212863
10.27485275,0.04892042420080873
10.27491736,0.014938582436865798
10.28379059,0.028549629968719004
10.28385067,0.04744029907682917
10.29279399,0.016403448538948654
10.29284525,0.019714656290531776
10.31096411,0.04937819485770962
10.31108761,0.02532997634851606
10.31480718,0.01651026169222553
10.32178497,0.049011978332188906
10.32183433,0.033707179369802394
10.33591056,0.011306935225452048
10.3359828,0.036194399938963916
10.35083342,0.04615854123750668
10.35091424,0.014221408407721065
10.35095835,0.021942473487449453
10.35100007,0.0507362478065156
10.3744967,0.026047150377660793
10.3746202,0.016113527122911423
10.38085866,0.04895094224460212
10.38094044,0.0345464255741207
10.3809793,0.014679179064621958
10.38977814,0.038956282902265965
10.38982844,0.048386358434424355
10.40198159,0.015838864728770885
10.40208364,0.031036850537880523
10.41113281,0.0524605172808423
10.41124797,0.02084382391088731
10.42079067,0.02418554970626383
10.42084885,0.05346761272602426
10.42478228,0.028381780727855344
10.42483091,0.01924162661173419
10.43384981,0.05220111390859846
10.4339211,0.03759822995345998
10.43885446,0.01739528496223392
10.46081352,0.04849317158770123
10.46088576,0.045136186770428015
10.46679401,0.016693369954985885
10.4668591,0.04277103837644007
10.4758575,0.05261310749980926
10.47592831,0.020660715648126955
10.48180127,0.03656061646448463
10.4818635,0.05645838101777676
10.49079061,0.025024795910582133
10.49084759,0.027771419851987486
10.5048871,0.05525291828793774
10.50496197,0.02912947280079347
10.50501657,0.01948577096208133
10.52881312,0.05037003128099489
10.52887464,0.03384451056687266
10.52891302,0.013244831006332494
10.52895451,0.03768978408484016
10.53582263,0.04602121004043641
10.53587198,0.013382162203402761
10.55079961,0.021759365224689096
10.55085969,0.049652857251850153
10.5567894,0.023224231326771955
10.55683708,0.01373311970702678
10.5718801,0.04170290684367132
10.57195687,0.0383764400701915
10.58079767,0.00988784618905928
10.59477949,0.027283131151293202
10.594841,0.04742504005493248
10.5997963,0.01594567788204776
10.59986186,0.020798046845197222
10.60481715,0.04928664072632944
10.6048646,0.023178454261081866
10.61077785,0.014663920042725261
10.61083436,0.04260318913557641
10.6108706,0.038040741588464176
10.62477732,0.009857328145265888
10.62481093,0.028046082246128024
10.64877033,0.04840161745632105
10.6487968,0.017181658655680172
10.6488204,0.021393148699168384
10.64884353,0.04921034561684596
10.6587832,0.023422598611429007
10.65886474,0.015426871137560083
10.67186642,0.048096437018387124
10.67194605,0.03205920500495918
10.67199445,0.012344548714427405
10.67682457,0.03797970550087739
10.67687345,0.04533455405508507
10.70178413,0.013183794918745708
10.70181274,0.022156099794003205
10.70386958,0.04974441138323033
10.70394135,0.024216067750057222
10.70399809,0.016083009079118027
10.7178123,0.048264286259250784
10.71787453,0.031616693369954985
10.72582364,0.011551079575799192
10.72587609,0.03639276722362097
10.7405467,0.04504463263904784
10.74065638,0.01313801785305562
10.75386,0.02221713588158999
10.75393891,0.049607080186160064
10.77083158,0.023514152742809186
10.77089572,0.015747310597390707
10.7948513,0.04831006332494087
10.79491282,0.03138780804150454
10.79495311,0.012268253604943923
10.79499435,0.03730830853742275
10.79503512,0.04495307850766766
10.80382395,0.012588693064774548
10.80388832,0.022018768596932938
10.8039391,0.04994277866788739
10.80398846,0.024078736552986955
10.81980419,0.017059586480506598
10.81986523,0.048554207675288015
10.84382844,0.03176928358892195
10.84389424,0.013275349050125887
10.84577703,0.03842221713588159
10.84583354,0.0456244754711223
10.84587049,0.013595788509956512
10.84591317,0.023422598611429007
10.84595418,0.04995803768978409
10.86181927,0.022919050888838024
10.86188078,0.015838864728770885
10.86781478,0.04852368963149462
10.86787224,0.03131151293202106
10.86791706,0.01181048294804303
10.8907814,0.03637750820172427
10.89081097,0.043091477836270695
10.89083171,0.011154345006485085
10.89085507,0.020904859998474096
10.90601873,0.048767833981841764
10.90611815,0.022400244144350347
10.90619373,0.01612878614480812
10.91583347,0.04737926298924239
10.91589189,0.02877851529716945
10.92986536,0.010406652933546959
10.92993593,0.03607232776379034
10.93947816,0.04322880903334096
10.93956971,0.012909132524605172
10.98784065,0.02406347753109026
10.98791695,0.05467307545586328
10.98796201,0.03552300297550927
10.98800349,0.03877317463950561
10.98977613,0.061203936827649345
10.98981428,0.04422064545662623
10.98985505,0.02140840772106508
10.99177051,0.04541084916456855
10.99180579,0.03527885862516213
10.99377322,0.007568474860761425
10.99381757,0.02763408865491722
11.01885056,0.04765392538338292
11.01895165,0.017547875181200885
11.01900554,0.023697261005569542
11.01904964,0.04940871290150301
11.0217905,0.021210040436408027
11.0218401,0.015960936903944456
11.03497314,0.04878309300373846
11.03507137,0.029877164873731595
11.03513265,0.011367971313038834
11.04983521,0.03727779049362936
11.04991198,0.04531929503318837
11.06480432,0.013534752422369727
11.06487465,0.02406347753109026
11.07689071,0.051102464332036315
11.07697797,0.024109254596780347
11.08378935,0.018234531166552225
11.08387613,0.0503395132372015
11.09178853,0.03254749370565347
11.09183502,0.01470969710841535
11.10085964,0.04017700465400168
11.10091257,0.04631113145647364
11.10094738,0.014831769283588921
11.10098743,0.02578774700541695
11.11583328,0.05267414358739605
11.11587143,0.025848783093003737
11.13982725,0.020584420538643473
11.13986635,0.05217059586480507
11.14180923,0.03363088426031891
11.14184976,0.016433966582742047
11.1437788,0.04985122453650721
11.14380527,0.04373235675593194
11.15679407,0.01637293049515526
11.15682149,0.0439002059967956
11.17080545,0.05056839856565194
11.17083168,0.019134813458457314
11.19992256,0.03749141680018311
11.20000386,0.05467307545586328
11.20006013,0.022735942626077667
11.2001133,0.028641184100099183
11.20187616,0.05526817730983444
11.2019248,0.02758831158922713
11.21078396,0.020538643472953384
11.21083975,0.0511787594415198
11.22478056,0.03158617532616159
11.22483397,0.013458457312886245
11.23918128,0.03886472877088579
11.23926377,0.04377813382162203
11.23938441,0.011902037079423208
11.25179982,0.02288853284504463
11.25183892,0.04852368963149462
11.25187278,0.02067597467002365
11.27577829,0.015197985809109636
11.27581215,0.04345769436179141
11.2908442,0.03631647211413749
11.29090762,0.009491111619745174
11.29096246,0.029327840085450523
11.29101396,0.04676890211337453
11.29585767,0.014618142977035172
11.2959218,0.01513694972152285
11.30988288,0.04261844815747311
11.30997324,0.035660334172579536
11.31001592,0.009674219882505532
11.33184743,0.029770351720454717
11.3319273,0.04658579385061418
11.33197594,0.014297703517204547
11.3320272,0.015594720378423743
11.33207726,0.04716563668268864
11.34679389,0.028931105516136417
11.34682393,0.012146181429770352
11.3468523,0.037415121690699625
11.34688067,0.04213015945677882
11.35683489,0.011184863050278477
11.35690784,0.023025864042114902
11.370121,0.04950026703288319
11.3702445,0.02204928664072633
11.37032104,0.017380025940337225
11.39490032,0.04762340733958953
11.39499235,0.028366521705958648
11.3950398,0.012222476539253834
11.39509392,0.03842221713588159
11.40184474,0.042969405661097124
11.40190935,0.011459525444419012
11.41683483,0.02418554970626383
11.41690803,0.049774929427023724
11.42082119,0.021042191195544367
11.42089486,0.016357671473258565
11.43547893,0.04827954528114748
11.43560028,0.029388876173037308
11.45986962,0.013351644159609368
11.45996213,0.03904783703364614
11.46001625,0.042969405661097124
11.46379781,0.01142900740062562
11.46387148,0.023758297093156328
11.46882749,0.05012588693064775
11.46890163,0.022415503166247044
11.47679663,0.017578393224994278
11.47685742,0.0486152437628748
11.49079967,0.02954146639200427
11.49086452,0.013275349050125887
11.51485634,0.03938353551537346
11.51493883,0.043472953383688104
11.51498795,0.011718928816662852
11.51503968,0.024124513618677044
11.51508951,0.05029373617151141
11.51513839,0.02204928664072633
11.52980947,0.018646524757763027
11.52985263,0.05029373617151141
11.53483844,0.03022812237735561
11.53488064,0.014785992217898832
11.54881811,0.04147402151522087
11.5488801,0.044251163500419625
11.56181836,0.012939650568398567
11.56188822,0.02542153047989624
11.57590199,0.050720988784618906
11.57599783,0.022980086976424813
11.57604408,0.019958800640878918
11.57608771,0.0511787594415198
11.5761323,0.030563820859082932
11.59084201,0.014526588845654994
11.59090114,0.04046692607003891
11.60601306,0.04419012741283284
11.60613275,0.013229571984435798
11.61880279,0.025696192874036773
11.61886525,0.050980392156862744
11.64293814,0.02243076218814374
11.64303923,0.018982223239490347
11.65086174,0.04907301441977569
11.65093708,0.02851911192492561
11.65098476,0.01356527046616312
11.65980148,0.03982604715037766
11.65987682,0.04327458609903105
11.65992475,0.012573434042877852
11.65997553,0.026031891355764097
11.67396355,0.0511787594415198
11.67404127,0.022537575341420615
11.67409706,0.01863126573586633
11.6967783,0.0494544899671931
11.6987741,0.02896162355992981
11.69882751,0.01487754634927901
11.69887948,0.042755779354543375
11.7117722,0.050553139543755246
11.71179962,0.026825360494392308
11.71378088,0.05526817730983444
11.71382523,0.06083772030212863
11.73915029,0.03015182726787213
11.73922634,0.03187609674219882
11.73927212,0.05090409704737926
11.73931384,0.019806210421911954
11.74679804,0.017349507896543832
11.74685931,0.0477454795147631
11.77107191,0.027069504844739453
11.77122331,0.014068818188754101
11.77130079,0.041428244449530784
11.77137423,0.044800488288700695
11.77143526,0.013717860685130083
11.7715044,0.0268711375600824
11.78078341,0.05154497596704051
11.79480886,0.021927214465552756
11.79488873,0.0191958495460441
11.794945,0.05069047074082551
11.80379891,0.02981612878614481
11.80383539,0.01641870756084535
11.82676911,0.04924086366063935
11.82679439,0.03772030212863355
11.82878232,0.012603952086671245
11.82882595,0.034531166552224005
11.84187865,0.04985122453650721
11.84193206,0.01773098344396124
11.84386063,0.028030823224231328
11.85083747,0.0528877698939498
11.85089064,0.02320897230487526
11.85983419,0.020691233691920347
11.85988498,0.0524605172808423
11.87433672,0.03184557869840543
11.87452149,0.017303730830853743
11.88785195,0.0494544899671931
11.88791037,0.03897154192416266
11.89780283,0.015747310597390707
11.89784145,0.04626535439078355
11.90179133,0.04890516517891203
11.90182066,0.01770046540016785
11.91083598,0.03949034866865034
11.91087961,0.05436789501792935
11.92583156,0.02162203402761883
11.92590785,0.032486457618066684
11.95081925,0.0571297779812314
11.95091105,0.027557793545433737
11.95096064,0.025513084611276417
11.95099497,0.05548180361638819
11.95381045,0.03305104142824445
11.95387149,0.017853055619134812
11.96738291,0.04925612268253605
11.96752763,0.03822384985122454
11.96941781,0.014312962539101243
11.98283648,0.0349584191653315
11.9829247,0.0477607385366598
11.9829638,0.014984359502555887
12.00579906,0.01896696421759365
12.0058279,0.04892042420080873
12.00585246,0.02594033722438392
12.00587249,0.012146181429770352
12.01584101,0.03961242084382391
12.01589918,0.04170290684367132
12.02282953,0.010559243152513925
12.02288461,0.024582284275577935
12.0358851,0.048767833981841764
12.03594565,0.018738078889143205
12.03888631,0.017502098115510796
12.0538373,0.04811169604028382
12.05389476,0.026245517662317846
12.0768311,0.012512397955291066
12.07690001,0.039337758449683374
12.07881665,0.04090943770504311
12.07885885,0.011139085984588388
12.0788939,0.02566567483024338
12.07892728,0.049607080186160064
12.09382772,0.0200503547722591
12.09388471,0.01858548867017624
12.09985757,0.04962233920805676
12.09991574,0.028168154421301595
12.10611176,0.014496070801861601
12.11981797,0.04086366063935302
12.11986899,0.04182497901884489
12.11990142,0.011749446860456245
12.13383389,0.026199740596627757
12.13386893,0.049439230945296404
12.14007473,0.019851987487602044
12.14012122,0.019501029983978027
12.14677429,0.0498970016021973
12.14680505,0.026977950713359275
12.16077638,0.01394674601358053
12.16080427,0.04103150988021668
12.16784096,0.04205386434729534
12.16789174,0.011398489356832226
12.18080568,0.026291294728007935
12.19476509,0.05012588693064775
12.19478989,0.019684138246738384
12.20676279,0.019180590524147403
12.20678878,0.050049591821164266
12.20681238,0.026947432669565882
12.20683193,0.013778896772716868
12.21176696,0.04046692607003891
12.21179175,0.04106202792401007
12.22076464,0.011200122072175174
12.22078919,0.026337071793698024
12.24513245,0.0503242542153048
12.24519753,0.02050812542915999
12.24524379,0.020111390859845885
12.25979972,0.051270313572899975
12.25985432,0.02789349202716106
12.25989056,0.014679179064621958
12.25993061,0.041992828259708556
12.26990843,0.04174868390936141
12.26997137,0.011764705882352941
12.27980208,0.026291294728007935
12.27986336,0.04911879148546578
12.29281783,0.01884489204242008
12.29288244,0.01803616388189517
12.31582308,0.04794384679942016
12.31588149,0.02537575341420615
12.31591916,0.013031204699778745
12.31595969,0.040161745632104985
12.31599903,0.040878919661249714
12.32179451,0.01078812848096437
12.32184672,0.02589456015869383
12.33584619,0.04962233920805676
12.3359015,0.019592584115358205
12.35384774,0.01974517433432517
12.35391498,0.04919508659494926
12.36708403,0.02578774700541695
12.36715436,0.01287861448081178
12.36721182,0.04023804074158847
12.37385821,0.042633707179369804
12.37389398,0.016983291371023116
12.38183737,0.04814221408407721
12.381917,0.06106660563057908
12.39188099,0.039337758449683374
12.39195943,0.04057373922331579
12.40538883,0.05082780193789578
12.40555358,0.016861219195849545
12.41885948,0.017547875181200885
12.41896105,0.04783703364614328
12.43184924,0.024170290684367133
12.43190479,0.011963073167009996
12.43382621,0.0396429388876173
12.4338882,0.04101625085831998
12.43392158,0.011505302510109103
12.44183731,0.02677958342870222
12.44381285,0.04940871290150301
12.45788455,0.01977569237811856
12.45796251,0.020569161516746776
12.4714632,0.05069047074082551
12.47157454,0.027176317998016328
12.47165728,0.015152208743419547
12.48482943,0.0422369726100557
12.48486567,0.041626611734187836
12.49381542,0.012512397955291066
12.4938426,0.028412298771648737
12.49991083,0.05096513313496605
12.49998212,0.021667811093308918
12.50581622,0.022735942626077667
12.51984453,0.05171282520790417
12.51991677,0.0285648889906157
12.52586341,0.017380025940337225
12.52593517,0.04959182116426337
12.53999949,0.03701838712138552
12.54013109,0.0153505760280766
12.5638721,0.04567025253681239
12.56394744,0.04495307850766766
12.57205248,0.016006713969634545
12.57211757,0.03997863736934462
12.57984972,0.05206378271152819
12.5799129,0.01943999389639124
12.57995868,0.032867933165484094
12.58380771,0.05645838101777676
12.58384132,0.026489662012664988
12.60695148,0.027527275501640344
12.6071229,0.05725185015640497
12.62083125,0.0336919203479057
12.62089062,0.022034027618829635
12.62093663,0.054474708171206226
12.62097979,0.040115968566414896
12.63484073,0.017029068436713205
12.63489938,0.04699778744182498
12.64081502,0.044785229266804
12.64089632,0.013916227969787138
12.64094949,0.02975509269855802
12.64882851,0.051361867704280154
12.66091514,0.020157167925535974
12.66096807,0.021210040436408027
12.68682218,0.050263218127718015
12.68691039,0.025299458304722668
12.68695116,0.013717860685130083
12.68699503,0.04153505760280766
12.68703747,0.04077210650797284
12.70977592,0.011367971313038834
12.70980573,0.027176317998016328
12.70983005,0.04911879148546578
12.70985365,0.018768596932936598
12.70992041,0.020569161516746776
12.71178484,0.04982070649271382
12.71181798,0.02627603570611124
12.72586131,0.015274280918593118
12.72591424,0.04660105287251087
12.73501468,0.033447775997558556
12.73508525,0.012161440451667048
12.75992346,0.036285954070344094
12.75999689,0.04676890211337453
12.7600441,0.014221408407721065
12.7600975,0.020965896086060882
12.77493429,0.04835584039063096
12.77507353,0.02578774700541695
12.77512288,0.01565575646601053
12.78080297,0.04779125658045319
12.78085828,0.0336919203479057
12.79487205,0.012359807736324101
12.79494357,0.035660334172579536
12.80983996,0.04599069199664302
12.80990005,0.013550011444266423
12.82179356,0.020706492713817044
12.82185006,0.04942397192339971
12.8238008,0.02504005493247883
12.82385492,0.014847028305485618
12.83701086,0.042542153047989625
12.83718562,0.040711070420386054
12.8373003,0.011520561532005799
12.83884025,0.027862973983367668
12.85181737,0.04933241779201953
12.85185695,0.018646524757763027
12.85879111,0.020813305867093918
12.85881972,0.04937819485770962
12.87180567,0.024704356450751506
12.87183094,0.014770733196002136
12.88582563,0.042252231631952394
12.8858757,0.04022278171969177
12.89183378,0.011841000991836423
12.89188242,0.0285648889906157
12.90131092,0.049927519645990695
12.90141058,0.019562066071564813
12.90601707,0.021652552071412222
12.91984463,0.05130083161669337
12.91990614,0.027176317998016328
12.93387246,0.017166399633783476
12.93394446,0.04814221408407721
12.94682837,0.032822156099794005
12.94688249,0.011657892729076066
12.94880271,0.03601129167620355
12.94885373,0.04597543297474632
12.96199393,0.014358739604791332
12.96210194,0.022278171969176776
12.96219254,0.05104142824444953
12.97088552,0.025482566567483024
12.97092724,0.0153505760280766
12.99184418,0.0477454795147631
12.99191546,0.03308155947203784
13.01888561,0.011413748378728923
13.01896238,0.03552300297550927
13.0190084,0.045639734493018995
13.01904392,0.01399252307927062
13.02691102,0.022171358815899902
13.02699661,0.050217441062027926
13.02706599,0.024338139925230793
13.02713323,0.016052491035324634
13.04089928,0.05000381475547418
13.04098368,0.03778133821622034
13.04105186,0.022919050888838024
13.04989219,0.06109712367437247
13.04994822,0.0601358052948806
13.07384777,0.032730601968413826
13.07390952,0.04310673685816739
13.07395554,0.04367132066834516
13.07399249,0.00993362325474937
13.08882236,0.019134813458457314
13.08888698,0.048676279850461586
13.08894396,0.022674906538490882
13.08898115,0.01297016861219196
13.09911942,0.04057373922331579
13.09921074,0.03993286030365453
13.09927011,0.012100404364080263
13.10482883,0.028809033340962846
13.11880803,0.04875257495994507
13.11884212,0.017792019531548027
13.14188671,0.021484702830548562
13.14191198,0.050095368886854355
13.1441915,0.02456702525368124
13.14423084,0.015930418860151063
13.14425778,0.048340581368734266
13.14429116,0.03318837262531472
13.1587646,0.013183794918745708
13.15878916,0.036697947661554896
13.16785622,0.045960173952849626
13.1679213,0.014358739604791332
13.16797757,0.022919050888838024
13.19182682,0.05163653009842069
13.19190145,0.02594033722438392
13.19378781,0.016433966582742047
13.19382715,0.048386358434424355
13.21182036,0.033279926756694896
13.21184373,0.014496070801861601
13.21380067,0.03935301747158007
13.21383834,0.04829480430304418
13.22182441,0.01589990081635767
13.22187281,0.03224231326771954
13.23601508,0.05316243228809033
13.23611355,0.022400244144350347
13.24332666,0.027786678873884182
13.29089355,0.05618371862363623
13.29097056,0.03039597161821927
13.2910161,0.021683070115205615
13.29105783,0.05316243228809033
13.29380536,0.03689631494621195
13.29385185,0.01765468833447776
13.29388499,0.04954604409857328
13.29391742,0.045181963836118104
13.29583573,0.01513694972152285
13.29588914,0.031616693369954985
13.3059876,0.05084306095979248
13.30606985,0.020019836728465707
13.32086802,0.023422598611429007
13.32093453,0.05000381475547418
13.32097101,0.023422598611429007
13.33482265,0.014435034714274816
13.33487558,0.041763942931258104
13.33491707,0.03714045929655909
13.33495116,0.00848401617456321
13.34981942,0.026703288319218737
13.3498683,0.04635690852216373
13.35581326,0.01518272678721294
13.35586834,0.014465552758068208
13.35591221,0.042465857938506144
13.37982106,0.038452735179674985
13.37985015,0.008682383459220264
13.37987566,0.02630655374990463
13.37989902,0.0469062333104448
13.37992287,0.016571297779812314
13.39480162,0.021057450217441064
13.39983487,0.048676279850461586
13.39990306,0.022156099794003205
13.39994407,0.014435034714274816
13.41380811,0.041931792172121764
13.41383338,0.03765926604104677
13.42179561,0.00959792477302205
13.42182016,0.027740901808194093
13.43624139,0.047806515602349886
13.43631506,0.01602197299153124
13.46088171,0.020996414129854278
13.46095586,0.04940871290150301
13.46101356,0.023422598611429007
13.47581172,0.01585412375066758
13.47584105,0.0486305027847715
13.47586799,0.032028686961165787
13.47589016,0.012344548714427405
13.49989581,0.03675898374914168
13.49996877,0.044586861982146946
13.50001502,0.013168535896849012
13.50006628,0.022964827954528116
13.50011683,0.050385290302891586
13.50016594,0.02409399557488365
13.52390957,0.016647592889295796
13.52398252,0.04899671931029221
13.52403688,0.031784542610818645
13.52589369,0.012848096437018387
13.52596807,0.03799496452277409
13.53489494,0.04623483634699016
13.5349834,0.01411459525444419
13.54889393,0.023361562523842222
13.54898286,0.050812542915999084
13.56185818,0.024124513618677044
13.56192303,0.016784924086366063
13.57588458,0.05000381475547418
13.57596469,0.03308155947203784
13.576015,0.01411459525444419
13.57606697,0.03854428931105516
13.57611799,0.04577706569008926
13.576159,0.014663920042725261
13.59079289,0.024780651560234988
13.60540009,0.052903028915846494
13.6054666,0.026337071793698024
13.61101842,0.019226367589837492
13.6111114,0.05085831998168917
13.62977648,0.0328374151216907
13.62983465,0.013275349050125887
13.62988162,0.03826962691691463
13.64196658,0.04507515068284123
13.64199758,0.013031204699778745
13.64203048,0.02316319523918517
13.64879465,0.05085831998168917
13.64884925,0.02328526741435874
13.66285467,0.015457389181353476
13.66292596,0.04715037766079194
13.67021823,0.029785610742351417
13.67030573,0.011779964904249637
13.68489456,0.0375219348439765
13.68498278,0.04312199588006409
13.69785166,0.011459525444419012
13.69792461,0.020996414129854278
13.70598507,0.0486152437628748
13.70608759,0.022674906538490882
13.70616412,0.015411612115663387
13.72080946,0.04742504005493248
13.72085905,0.030899519340810255
13.72582746,0.01496910048065919
13.7259016,0.04483100633249409
13.73887348,0.05951018539711604
13.73895192,0.036408026245517665
13.76281404,0.05085831998168917
13.76289725,0.05761806668192569
13.76295304,0.01940947585259785
13.76300597,0.023056382085908295
13.76581454,0.0490272373540856
13.76588702,0.021683070115205615
13.77386498,0.014358739604791332
13.78280783,0.042252231631952394
13.7828815,0.03767452506294346
13.79677415,0.012024109254596781
13.7968359,0.03125047684443427
13.81983304,0.04919508659494926
13.81992173,0.017166399633783476
13.81996894,0.023682001983672846
13.82001114,0.051056687266346226
13.82177114,0.023422598611429007
13.82182503,0.017456321049820707
13.83736348,0.04950026703288319
13.83750057,0.031616693369954985
13.83756638,0.014007782101167316
13.85084796,0.03981078812848096
13.85092998,0.045853360799572744
13.86481738,0.01385519188220035
13.86489701,0.024338139925230793
13.87978196,0.05137712672617685
13.87984991,0.024444953078507668
13.89178371,0.01850919356069276
13.89184642,0.05091935606927596
13.89188838,0.03314259555962463
13.89192224,0.014770733196002136
13.89196157,0.04017700465400168
13.90619206,0.04641794460975052
13.90622544,0.01582360570687419
13.90625596,0.034988937209124896
13.91976666,0.05337605859464408
13.91979146,0.0208896009765774
13.96895361,0.027740901808194093
13.96902919,0.05517662317845426
13.96908426,0.02832074464026856
13.96920681,0.02337682154573892
13.96926022,0.055725947966735336
13.96931171,0.036865796902418556
13.970824,0.01850919356069276
13.97085929,0.05070572976272221
13.97089171,0.04406805523765927
13.97092438,0.016723887998779278
13.99782968,0.04312199588006409
13.9979136,0.048050659952697035
13.99797153,0.015533684290836958
13.99802327,0.033279926756694896
14.01284647,0.04937819485770962
14.01290321,0.01687647821774624
14.01294112,0.023086900129701687
14.01297593,0.04898146028839551
14.02682519,0.02076752880140383
14.02689743,0.014923323414969101
14.02695417,0.042252231631952394
14.03383565,0.03555352101930266
14.03386593,0.009185931181811246
14.0403223,0.029327840085450523
14.0637846,0.04640268558785382
14.06380653,0.01385519188220035
14.06382632,0.014557106889448387
14.06385088,0.04272526131074998
14.06987739,0.03556878004119936
14.06992388,0.008804455634393835
14.07881546,0.028931105516136417
14.07886863,0.04664682993820096
14.0918498,0.01428244449530785
14.09191394,0.014862287327382314
14.09887123,0.04260318913557641
14.09895182,0.036285954070344094
14.09899998,0.009689478904402228
14.1118083,0.02958724345769436
14.12576747,0.04676890211337453
14.12579107,0.014694438086518654
14.13179731,0.015594720378423743
14.13185358,0.04785229266803998
14.13691115,0.0285648889906157
14.13697553,0.011596856641489281
14.14683628,0.03801022354467078
14.14688635,0.042542153047989625
14.15982413,0.01126115815976196
14.15989685,0.022674906538490882
14.17414618,0.048844129091325246
14.17425895,0.021042191195544367
14.17433619,0.01606775005722133
14.18781614,0.048096437018387124
14.18787551,0.02903791866941329
14.18791318,0.011841000991836423
14.18795419,0.03799496452277409
14.20185447,0.042969405661097124
14.20191836,0.011703669794766156
14.21580553,0.02328526741435874
14.2158668,0.04853894865339132
14.22377276,0.022079804684519724
14.22382593,0.016388189517051958
14.23585558,0.04841687647821775
14.23591447,0.0298619058518349
14.25078535,0.012787060349431601
14.25577188,0.03872739757381552
14.2558291,0.043595025558861675
14.26277757,0.011703669794766156
14.2628274,0.023422598611429007
14.27080846,0.050217441062027926
14.27085567,0.022873273823147935
14.28077555,0.01760891126878767
14.28083563,0.04907301441977569
14.30577302,0.02975509269855802
14.3058219,0.01330586709391928
14.3058629,0.03913939116502632
14.31381679,0.0439002059967956
14.31386518,0.012603952086671245
14.31390738,0.024109254596780347
14.32878041,0.05017166399633784
14.3288312,0.022903791866941327
14.34085631,0.018707560845349813
14.34092975,0.05011062790875105
14.3409853,0.030243381399252308
14.34102631,0.014099336232547494
14.35080504,0.040543221179522394
14.35086465,0.04469367513542382
14.35979271,0.013076981765468834
14.35985088,0.025299458304722668
14.38283038,0.05094987411306935
14.38289022,0.023102159151598384
14.38293409,0.018616006713969634
14.39681578,0.05011062790875105
14.39686441,0.03065537499046311
14.39879894,0.014175631342030976
14.39885378,0.04040588998245213
14.40680885,0.04498359655146105
14.4068532,0.01297016861219196
14.40925455,0.02491798275730526
14.40930605,0.051392385748073546
14.42381573,0.023483634699015793
14.42386985,0.019424734874494545
14.43680692,0.05017166399633784
14.4368546,0.030334935530632486
14.4498179,0.01428244449530785
14.45577741,0.04141298542763409
14.45584774,0.04541084916456855
14.46982789,0.013641565575646601
14.46990705,0.02575722896162356
14.46996331,0.05181963836118105
14.47001529,0.02397192339971008
14.4787879,0.020828564888990615
14.47885728,0.051529716945143814
14.48677254,0.03150988021667811
14.48683119,0.015197985809109636
14.48687625,0.04089417868314641
14.51077104,0.044968337529564355
14.51079774,0.014297703517204547
14.51082253,0.026794842450598915
14.51876903,0.05181963836118105
14.51880288,0.02374303807125963
14.52779555,0.01977569237811856
14.52785277,0.05084306095979248
14.53584313,0.030426489662012664
14.53590631,0.015167467765316243
14.5508616,0.041626611734187836
14.5509212,0.04489204242008087
14.56384039,0.013672083619439994
14.56389475,0.026428625925078202
14.57727838,0.05181963836118105
14.57734084,0.022919050888838024
14.57738686,0.019333180743114367
14.58181548,0.05151445792324712
14.58186555,0.03146410315098802
14.59077454,0.015167467765316243
14.59082198,0.04069581139848936
14.60478163,0.04432745860990311
14.6048243,0.014053559166857405
14.62881446,0.0272983901731899
14.62887526,0.052262149996185246
14.62891722,0.02272068360418097
14.62895656,0.019226367589837492
14.63077712,0.05087357900358587
14.63082719,0.030624856946669717
14.63980937,0.015579461356527047
14.64939952,0.04724193179217212
14.64954281,0.03894102388036927
14.662817,0.01394674601358053
14.66289806,0.035080491340505074
14.68681192,0.05020218204013123
14.6868794,0.017746242465857938
14.68692732,0.026123445487144275
14.68697619,0.05070572976272221
14.68878412,0.022323949034866866
14.68883181,0.020157167925535974
14.70178175,0.05065995269703212
14.70184135,0.029922941939421684
14.70187497,0.014404516670481423
14.71944785,0.04113832303349355
14.71950293,0.04399176012817579
14.71953535,0.01223773556115053
14.73180079,0.025360494392309453
14.73183846,0.05078202487220569
14.75678492,0.022293430991073473
14.7568109,0.019501029983978027
14.75683475,0.049973296711680784
14.75685787,0.028625925078202486
14.77076459,0.013580529488059816
14.77078938,0.041382467383840695
14.77081275,0.04707408255130846
14.77083588,0.02026398107881285
14.77085924,0.04824902723735409
14.78585434,0.06118867780575265
14.78588414,0.0464789806973373
14.80082011,0.04757763027389944
14.80088973,0.05888456549935149
14.81391215,0.022171358815899902
14.81398535,0.017059586480506598
14.81779599,0.04847791256580453
14.81783414,0.02746623941405356
14.82578444,0.013290608072022583
14.82581902,0.04046692607003891
14.83985853,0.04383916990920882
14.83992171,0.012649729152361334
14.83997679,0.025955596246280615
14.84787321,0.051026169222552833
14.84794521,0.021652552071412222
14.86081243,0.019211108567940796
14.86085415,0.050141145952544444
14.8787837,0.028763256275272753
14.87880611,0.014404516670481423
14.8818264,0.04124513618677043
14.88187051,0.04422064545662623
14.88982105,0.013351644159609368
14.88987947,0.026657511253528648
14.90281558,0.05125505455100328
14.90286922,0.022735942626077667
14.90291095,0.02017242694743267
14.92684245,0.05151445792324712
14.92691588,0.030334935530632486
14.92881584,0.015869382772564278
14.92886519,0.04829480430304418
14.94385886,0.037872892347600516
14.94392204,0.01368734264133669
14.94397926,0.0358129243915465
14.94403362,0.05133134966048676
14.95783734,0.01872281986724651
14.95789623,0.029358358129243915
14.98183131,0.054016937514305335
14.98188758,0.025314717326619364
14.98193192,0.023193713282978562
14.98983836,0.05433737697413596
14.98989582,0.0336919203479057
14.99781871,0.01957732509346151
14.99787283,0.0520332646677348
15.00582743,0.0417792019531548
15.00587678,0.017349507896543832
15.01483822,0.04687571526665141
15.01488328,0.047882810711833375
15.02684641,0.01680018310826276
15.02691031,0.03817807278553445
15.04082465,0.051926451514457926
15.04087472,0.0183413443198291
15.04091501,0.028290226596475166
15.05585146,0.05236896314946212
15.05591249,0.02230869001297017
15.05595684,0.01953154802777142
15.05599928,0.04983596551461052
15.07079625,0.02758831158922713
15.07081962,0.013000686655985352
15.07884073,0.040009155413138014
15.07888865,0.04153505760280766
15.10183144,0.010406652933546959
15.10188985,0.024002441443503473
15.10382366,0.048050659952697035
15.10386825,0.018738078889143205
15.10390973,0.016693369954985885
15.11692071,0.04777599755855649
15.1170063,0.026428625925078202
15.13084626,0.012390325780117494
15.13090348,0.039002059967956054
15.1358192,0.04101625085831998
15.1358633,0.010864423590447852
15.1598444,0.024963759822995348
15.15990376,0.048340581368734266
15.15994644,0.018951705195696954
15.16000748,0.01756313420309758
15.16980267,0.04882887006942855
15.16989851,0.026825360494392308
15.1699903,0.012802319371328297
15.18184161,0.03956664377813382
15.18189812,0.041992828259708556
15.18193245,0.011657892729076066
15.19085693,0.025650415808346684
15.19089699,0.04908827344167239
15.20478773,0.020111390859845885
15.20481467,0.01948577096208133
15.21880627,0.049927519645990695
15.21885133,0.027512016479743648
15.22778416,0.013977264057373923
15.22781134,0.040955214770733196
15.23377943,0.04257267109178302
15.23380136,0.012619211108567941
15.24184585,0.02732890821698329
15.24488711,0.050980392156862744
15.2449584,0.021179522392614634
15.25880027,0.019760433356221865
15.25883174,0.05056839856565194
15.28182864,0.028473334859235522
15.28185058,0.01501487754634928
15.28461409,0.04147402151522087
15.28465867,0.04206912336919204
15.29078197,0.012024109254596781
15.29082084,0.027100022888532846
15.29982853,0.050812542915999084
15.29989934,0.02043183031967651
15.30482578,0.01977569237811856
15.31879401,0.05018692301823453
15.31884742,0.02780193789578088
15.33285594,0.013916227969787138
15.33292961,0.039719233997100784
15.34685206,0.04005493247882811
15.34691787,0.009308003356984817
15.34697366,0.024628061341268024
15.34702539,0.04815747310597391
15.36583662,0.01773098344396124
15.36590528,0.01684596017395285
15.36594963,0.04815747310597391
15.3659904,0.02583352407110704
15.36602497,0.012741283283741512
15.39186049,0.03961242084382391
15.39192772,0.04063477531090257
15.3919673,0.010818646524757763
15.39479899,0.025192645151445793
15.40383816,0.04827954528114748
15.4039185,0.01872281986724651
15.40397358,0.018570229648279545
15.41281199,0.049973296711680784
15.4258287,0.027100022888532846
15.42589164,0.012603952086671245
15.42593694,0.039749752040894176
15.43179536,0.041336690318150605
15.43183017,0.011322194247348745
15.44584298,0.025925078202487222
15.46084356,0.04925612268253605
15.46090531,0.019760433356221865
15.46680737,0.02038605325398642
15.46684742,0.05006485084306096
15.47578216,0.0272983901731899
15.47580314,0.014724956130312047
15.48581028,0.04228274967574579
15.48585272,0.04267948424505989
15.48587942,0.01185626001373312
15.48591042,0.026550698100251773
15.50083232,0.05023270008392462
15.50088358,0.020691233691920347
15.5058229,0.02055390249485008
15.52979779,0.0507362478065156
15.52985835,0.02801556420233463
15.52989364,0.014938582436865798
15.52993369,0.04335088120851453
15.53776741,0.042206454566262305
15.53781128,0.012603952086671245
15.53785276,0.02784771496147097
15.55079746,0.05128557259479667
15.55084252,0.02072175173571374
15.56076956,0.02038605325398642
15.56079435,0.050980392156862744
15.58182311,0.028198672465094988
15.58185172,0.015716792553597314
15.5917809,0.04811169604028382
15.59180522,0.03620965896086061
15.60683966,0.011993591210803388
15.60691857,0.03552300297550927
15.62084079,0.04899671931029221
15.620924,0.016037232013427938
15.62097025,0.027573052567330433
15.62101316,0.051606012054627295
15.62582445,0.022247653925383384
15.62589002,0.022781719691767757
15.6358459,0.05371175707637141
15.63592196,0.030426489662012664
15.64184546,0.018280308232242314
15.6648345,0.05163653009842069
15.66491008,0.03953612573434043
15.66496634,0.016784924086366063
15.66501808,0.046631570916304266
15.67083573,0.046341649500267035
15.67090797,0.015701533531700618
15.67791486,0.03872739757381552
15.67798758,0.051148241397726404
15.6908102,0.018310826276035707
15.69086981,0.030426489662012664
15.69979191,0.05270466163118944
15.69983912,0.022034027618829635
15.71388793,0.022034027618829635
15.72684121,0.05128557259479667
15.72691464,0.027237354085603113
15.72981215,0.015228503852903029
15.72988605,0.042465857938506144
15.73881578,0.042206454566262305
15.73887944,0.012314030670634012
15.74683833,0.02746623941405356
15.74694633,0.04995803768978409
15.76079893,0.020080872816052493
15.7608602,0.02209506370641642
15.77476907,0.05426108186465248
15.77483654,0.035828183413443196
15.78180647,0.03335622186617838
15.79579043,0.06121919584954604
15.79584885,0.05522240024414435
15.79589152,0.030762188143739988
15.79593205,0.04846265354390784
15.80576944,0.03875791561760891
15.80581379,0.006637674525062943
15.81182003,0.022903791866941327
15.8118906,0.04664682993820096
15.81195569,0.016327153429465172
15.83777738,0.017410543984130618
15.83780813,0.046631570916304266
15.83783293,0.02293430991073472
15.83785272,0.011322194247348745
15.85076189,0.03875791561760891
15.850806,0.03810177767605097
15.85083008,0.008758678568703746
15.87485385,0.024582284275577935
15.87490773,0.04744029907682917
15.87496305,0.017914091706721598
15.87500262,0.01892118715190356
15.88979959,0.04782177462424658
15.8898561,0.024292362859540704
15.91384864,0.01373311970702678
15.91390371,0.04106202792401007
15.91394544,0.04023804074158847
15.91397882,0.010742351415274281
15.91401792,0.026657511253528648
15.92980576,0.04919508659494926
15.92986321,0.019424734874494545
15.92990613,0.02050812542915999
15.92994642,0.04953078507667658
15.93578911,0.026504921034561684
15.93583751,0.016327153429465172
15.94886065,0.04919508659494926
15.94891238,0.03590447852292668
15.97181726,0.01399252307927062
15.97186303,0.03805600061036087
15.97382188,0.04983596551461052
15.9738698,0.018020904859998473
15.97391057,0.03247119859616999
15.98295283,0.054688334477759976
15.98299742,0.024292362859540704
15.99580932,0.025635156786449988
15.99584627,0.05517662317845426
16.00280857,0.03201342793926909
16.00285935,0.020691233691920347
16.01594353,0.052689402609292744
16.01598883,0.03877317463950561
16.02981901,0.01602197299153124
16.02987003,0.046555275806820784
16.03883004,0.043427176317998015
16.03887153,0.012527656977187763
16.03891349,0.028076600289921417
16.05284381,0.05035477225909819
16.05290031,0.018936446173800258
16.05884624,0.019211108567940796
16.05889273,0.04803540093080034
16.0818634,0.024170290684367133
16.08191347,0.01309224078736553
16.08384824,0.04022278171969177
16.08390713,0.038574807354848556
16.09686208,0.009094377050431068
16.09693384,0.025101091020065615
16.09885859,0.046967269398031586
16.09893012,0.016723887998779278
16.10392094,0.01829556725413901
16.11784983,0.04744029907682917
16.11791253,0.023468375677119097
16.13082886,0.01309224078736553
16.13090777,0.04046692607003891
16.14480782,0.03852903028915847
16.14485478,0.008758678568703746
16.14680386,0.025192645151445793
16.14685893,0.04797436484321355
16.16087151,0.017807278553444723
16.16093826,0.019165331502250707
16.16686058,0.04908827344167239
16.16693449,0.024719615472648202
16.17383456,0.013962005035477227
16.18183208,0.04139772640573739
16.18191314,0.039795529106584265
16.18196154,0.010452429999237048
16.19579291,0.02708476386663615
16.19583297,0.04887464713511864
16.21983981,0.01808194094758526
16.21991348,0.020477607385366598
16.22878957,0.05003433279926757
16.22882462,0.02571145189593347
16.22885776,0.015365835049973296
16.22889137,0.047806515602349886
16.24183536,0.0336919203479057
16.24189878,0.012100404364080263
16.24195361,0.03605706874189364
16.24982858,0.046387426565957124
16.249892,0.013794155794613565
16.26280212,0.02119478141451133
16.26285315,0.05029373617151141
16.27581763,0.025726710917830166
16.27586246,0.015045395590142672
16.28484917,0.042084382391088734
16.284904,0.04058899824521248
16.28782535,0.01138323033493553
16.28788161,0.028885328450446328
16.30378699,0.05024795910582132
16.30384612,0.019287403677424278
16.30389142,0.021560997940032044
16.31882262,0.05079728389410239
16.3188715,0.02566567483024338
16.34283471,0.01589990081635767
16.34289169,0.048218509193560695
16.34579992,0.03350881208514534
16.34584069,0.012649729152361334
16.34588408,0.036743724727244985
16.34592485,0.04748607614251926
16.35984302,0.015472648203250172
16.35990691,0.029602502479591057
16.3638308,0.051056687266346226
16.36389089,0.02021820401312276
16.37186098,0.02214084077210651
16.39582825,0.05046158541237507
16.39587951,0.025696192874036773
16.39591599,0.016037232013427938
16.39594984,0.04812695506218052
16.39981341,0.03376821545738918
16.39986372,0.013046463721675441
16.41182709,0.0371099412527657
16.41188598,0.04724193179217212
16.42086864,0.01470969710841535
16.42094254,0.0225986114290074
16.43582273,0.05104142824444953
16.43588471,0.026321812771801328
16.44880939,0.016525520714122225
16.46282411,0.04896620126649882
16.46287537,0.033234149691004806
16.46290755,0.01271076523994812
16.46294141,0.03665217059586481
16.46879506,0.04719615472648203
16.46884847,0.015381094071869994
16.48081374,0.02981612878614481
16.48086834,0.04985122453650721
16.49380493,0.018997482261387044
16.49386287,0.022354467078660258
16.50780082,0.051392385748073546
16.50786114,0.026428625925078202
16.50790286,0.01667811093308919
16.51583481,0.04875257495994507
16.51588607,0.03350881208514534
16.53080273,0.013794155794613565
16.53086209,0.03826962691691463
16.53090644,0.047180895704585335
16.53094125,0.014908064393072405
16.53098154,0.023254749370565347
16.54883862,0.05189593347066453
16.54889226,0.02613870450904097
16.57179999,0.016617074845502403
16.57183123,0.0498970016021973
16.57579231,0.033875028610666054
16.57581711,0.012481879911497674
16.57584119,0.037293049515526054
16.58178544,0.047516594186312655
16.58181262,0.015411612115663387
16.59582496,0.031113145647364004
16.59587169,0.05227740901808194
16.60586286,0.020798046845197222
16.60591674,0.023468375677119097
16.62979841,0.05217059586480507
16.62983012,0.026718547341115433
16.64278173,0.017212176699473565
16.64280891,0.049393453879606315
16.64283299,0.0345464255741207
16.64285254,0.014099336232547494
16.6558342,0.03884946974898909
16.65588212,0.04771496147096971
16.65591645,0.014984359502555887
16.66384053,0.023483634699015793
16.66390204,0.05261310749980926
16.6818471,0.02673380636301213
16.68190265,0.017792019531548027
16.68194509,0.05044632639047837
16.68198586,0.03483634699015793
16.69684243,0.014465552758068208
16.69689989,0.03904783703364614
16.69694138,0.049179827573052566
16.69698143,0.01991302357518883
16.70588231,0.04074158846417945
16.71583939,0.06118867780575265
16.71588778,0.047562371252002744
16.72383642,0.04597543297474632
16.72389722,0.06073090714885176
16.75084758,0.02946517128252079
16.75090384,0.016693369954985885
16.75094461,0.04802014190890364
16.75098372,0.032166018158236054
16.75886869,0.011367971313038834
16.75892329,0.03651483939879454
16.76787663,0.04657053482871748
16.76793575,0.014831769283588921
16.77183151,0.023025864042114902
16.78689766,0.050263218127718015
16.78697133,0.02409399557488365
16.794806,0.01602197299153124
16.79487133,0.04840161745632105
16.81985664,0.0324101625085832
16.81992197,0.011932555123216601
16.81997728,0.036285954070344094
16.82002759,0.04527351796749828
16.8200686,0.013595788509956512
16.82011747,0.021988250553139545
16.82016563,0.04936293583581292
16.83482862,0.02392614633401999
16.8348701,0.01556420233463035
16.85982704,0.047638666361486226
16.85989332,0.03193713282978561
16.86678767,0.012207217517357137
16.86684561,0.03688105592431525
16.87580037,0.04570077058060578
16.875844,0.013290608072022583
16.87588763,0.022354467078660258
16.88180423,0.05133134966048676
16.88184071,0.02525368123903258
16.88982725,0.01696803234912642
16.88986111,0.04986648355840391
16.90379739,0.03422598611429008
16.90382242,0.014831769283588921
16.90384698,0.039841306172274354
16.92880154,0.04847791256580453
16.92883182,0.017090104524299994
16.92885637,0.0336919203479057
16.92888021,0.05378805218585489
16.93678045,0.022034027618829635
16.93680668,0.026382848859388113
16.94984174,0.054779888609140154
16.9498806,0.02917524986648356
16.95882344,0.020019836728465707
16.95886135,0.051270313572899975
16.96878076,0.034241245136186774
16.96880627,0.014251926451514458
16.98076987,0.038620584420538645
16.99578381,0.04550240329594873
16.99580956,0.012024109254596781
16.99583435,0.020706492713817044
16.99585819,0.048844129091325246
17.02286839,0.022629129472800793
17.02288938,0.014221408407721065
17.02782011,0.04147402151522087
17.02786255,0.036743724727244985
17.02788973,0.009079118028534372
17.02792001,0.026886396581979097
17.03480172,0.04640268558785382
17.03485537,0.014740215152208743
17.04693127,0.013885709925993743
17.06189275,0.041763942931258104
17.06197762,0.03704890516517891
17.06201363,0.008957045853360799
17.06204915,0.02749675745784695
17.07482147,0.047058823529411764
17.0749023,0.015808346684977492
17.07495904,0.02029449912260624
17.07501078,0.048386358434424355
17.09015942,0.022110322728313116
17.09028649,0.014740215152208743
17.09036279,0.042206454566262305
17.10383272,0.03807125963225757
17.10386825,0.010009918364232854
17.11284113,0.028458075837338826
17.12614608,0.048004882887006946
17.1262219,0.016906996261539634
17.13982511,0.02157625696192874
17.13989687,0.048935683222705424
17.13995075,0.023422598611429007
17.14000201,0.016281376363775083
17.14279151,0.04754711223010605
17.142838,0.030548561837186235
17.15578771,0.011734187838559548
17.1558311,0.036575875486381325
17.17982984,0.044464789806973375
17.1798954,0.012329289692530708
17.17994976,0.021820401312275882
17.18988562,0.04931715877012283
17.18995643,0.023514152742809186
17.20081663,0.016052491035324634
17.2008791,0.047180895704585335
17.20092511,0.030090791180285344
17.20096183,0.012207217517357137
17.21686816,0.0371099412527657
17.21694064,0.04455634393835355
17.22084379,0.012344548714427405
17.22092342,0.021728847180895704
17.24483943,0.04896620126649882
17.24491453,0.022964827954528116
17.24496841,0.015716792553597314
17.25294733,0.047882810711833375
17.25304866,0.031403067063401235
17.26083469,0.012527656977187763
17.26089597,0.0371099412527657
17.2698338,0.04483100633249409
17.26987863,0.013153276874952316
17.27885985,0.022186617837796598
17.2789197,0.04986648355840391
17.3019619,0.02409399557488365
17.30204821,0.016571297779812314
17.30378771,0.048889906157015335
17.30383658,0.030640115968566414
17.30386591,0.01223773556115053
17.30390596,0.03747615777828641
17.3184886,0.04539559014267185
17.31851149,0.013336385137712672
17.32777905,0.023224231326771955
17.32780766,0.0503242542153048
17.33982491,0.023605706874189364
17.33988309,0.017212176699473565
17.35389233,0.04890516517891203
17.35396433,0.03137254901960784
17.37689614,0.012863355458915083
17.3769722,0.03817807278553445
17.39131689,0.04548714427405203
17.39148188,0.013931486991683834
17.3916018,0.02383459220263981
17.39176631,0.05140764476997024
17.39184475,0.025314717326619364
17.40485191,0.018692301823453116
17.40491128,0.04957656214236667
17.40495634,0.03262378881513695
17.40499806,0.015533684290836958
17.41190267,0.04750133516441596
17.41196895,0.04153505760280766
17.43487072,0.014190890363927672
17.43496609,0.03266956588082704
17.43500543,0.050598916609445335
17.43506241,0.018356603341725796
17.43510675,0.024109254596780347
17.45999241,0.05108720531013962
17.46014619,0.024383916990920882
17.4601841,0.017639429312581063
17.46022701,0.0490272373540856
17.46979833,0.031097886625467308
17.46984172,0.01271076523994812
17.48390889,0.03842221713588159
17.48398018,0.044510566872663464
17.49684668,0.011902037079423208
17.49691486,0.02204928664072633
17.50379705,0.050431067368581675
17.50385523,0.023529411764705882
17.50389838,0.01667811093308919
17.5182333,0.0486152437628748
17.51833367,0.030579079880979628
17.52591395,0.01181048294804303
17.52598929,0.038040741588464176
17.54081488,0.047135118638895246
17.54087067,0.019180590524147403
17.54090881,0.04399176012817579
17.55385876,0.061158159761959256
17.57684445,0.04545662623025864
17.57692266,0.043472953383688104
17.57697749,0.05835049973296712
17.57702827,0.02447547112230106
17.57707,0.014847028305485618
17.60090923,0.04228274967574579
17.60094023,0.03643854428931106
17.60096145,0.009796292057679103
17.60098553,0.02981612878614481
17.60380721,0.0490272373540856
17.60386872,0.017471580071717403
17.61708236,0.023025864042114902
17.617172,0.04971389333943694
17.62301207,0.023514152742809186
17.62312078,0.017517357137407492
17.63249898,0.04957656214236667
17.63263655,0.031738765545128556
17.63273263,0.013458457312886245
17.63680482,0.03906309605554284
17.65077949,0.04533455405508507
17.65080261,0.013794155794613565
17.66477728,0.023651483939879453
17.66480613,0.05163653009842069
17.67878747,0.02554360265506981
17.67881751,0.018493934538796063
17.67884207,0.049683375295643546
17.67886662,0.0328526741435874
17.68878508,0.015579461356527047
17.68881416,0.04744029907682917
17.70195174,0.04110780498970016
17.70201802,0.01432822156099794
17.7158277,0.03428702220187686
17.7288487,0.0528725108720531
17.72892141,0.020645456626230258
17.73385215,0.027313649195086595
17.73390436,0.05438315403982605
17.74187589,0.027832455939574275
17.7419498,0.022339208056763562
17.74787664,0.05467307545586328
17.74794674,0.03743038071259632
17.75680256,0.019333180743114367
17.756845,0.051438162813763635
17.76978779,0.04536507209887846
17.76981878,0.017578393224994278
17.77478337,0.04415960936903945
17.79878736,0.05001907377737087
17.79881668,0.018326085297932403
17.79884148,0.036621652552071414
17.80079007,0.05366598001068131
17.80084467,0.02017242694743267
17.81482172,0.025482566567483024
17.81490183,0.05206378271152819
17.8208158,0.02391088731212329
17.82089424,0.01727321278706035
17.83482862,0.04849317158770123
17.83490849,0.03002975509269856
17.83495522,0.01181048294804303
17.85877061,0.03677424277103838
17.85879803,0.04248111696040284
17.85881805,0.01121538109407187
17.86078787,0.022125581750209813
17.86081409,0.048599984740978104
17.8697865,0.021255817502098116
17.8698144,0.015426871137560083
17.87877989,0.04670786602578775
17.87880564,0.029053177691309988
17.89176941,0.011749446860456245
17.89179444,0.03735408560311284
17.90579939,0.042710002288853285
17.90583968,0.01142900740062562
17.92080736,0.022232394903486687
17.92880797,0.04873731593804837
17.92886972,0.021820401312275882
17.94181991,0.016861219195849545
17.94188142,0.04824902723735409
17.94192505,0.029663538567177843
17.9419589,0.01181048294804303
17.95579219,0.03772030212863355
17.95584679,0.04335088120851453
17.95588231,0.011749446860456245
17.95592237,0.022613870450904097
17.98078871,0.049439230945296404
17.98085213,0.0225986114290074
17.980896,0.01641870756084535
17.99482107,0.04823376821545739
17.99487162,0.029877164873731595
17.99979639,0.012726024261844816
17.99986529,0.03846799420157168
18.00678515,0.043884946974898906
18.00683856,0.01254291599908446
18.00688124,0.023682001983672846
18.01378822,0.05046158541237507
18.01384211,0.02362096589608606
18.02676558,0.01777676050965133
18.02679229,0.049515526054779886
18.03397989,0.030731670099946592
18.03404903,0.013321126115815976
18.04682899,0.0388189517051957
18.06477141,0.044586861982146946
18.06479692,0.013336385137712672
18.06482196,0.02423132677195392
18.0648458,0.05085831998168917
18.07177091,0.023346303501945526
18.07179809,0.01846341649500267
18.08276367,0.05046158541237507
18.08278942,0.031189440756847486
18.08677673,0.013778896772716868
18.08680105,0.03976501106279087
18.11083674,0.04553292133974212
18.11088347,0.013916227969787138
18.11780715,0.02499427786678874
18.12182522,0.05145342183566033
18.12187123,0.024002441443503473
18.13881588,0.019546807049668116
18.13887048,0.05079728389410239
18.13891196,0.03201342793926909
18.13894606,0.015152208743419547
18.14481997,0.040787365529869536
18.1448698,0.046295872434576946
18.15881872,0.015152208743419547
18.15886426,0.025803006027313648
18.17182302,0.051758602273594266
18.17187738,0.02362096589608606
18.18582535,0.01846341649500267
18.18587732,0.0503242542153048
18.18591833,0.03234912642099642
18.18595362,0.015045395590142672
18.18881297,0.04029907682917525
18.18884778,0.04536507209887846
18.20278454,0.014038300144960708
18.20281053,0.0255893797207599
18.21578479,0.05087357900358587
18.21580887,0.02366674296177615
18.22980404,0.018616006713969634
18.22982836,0.049805447470817124
18.23879695,0.031067368581673915
18.23882008,0.013870450904097047
18.23884392,0.03927672236209659
18.2517817,0.044968337529564355
18.25180268,0.013824673838406958
18.25886178,0.024872205691615166
18.25891709,0.05029373617151141
18.27083087,0.022171358815899902
18.27089024,0.01777676050965133
18.29485703,0.04882887006942855
18.2949295,0.029022659647516595
18.29498029,0.01181048294804303
18.29503202,0.03788815136949721
18.29883599,0.04274052033264668
18.29889917,0.011108567940794995
18.30684233,0.02255283436331731
18.31685734,0.04924086366063935
18.31692934,0.021316853589684902
18.33084583,0.016388189517051958
18.33091736,0.04794384679942016
18.3458097,0.028747997253376057
18.34587574,0.01223773556115053
18.3688128,0.038574807354848556
18.36889935,0.04312199588006409
18.3689537,0.011184863050278477
18.36900282,0.023392080567635615
18.39380336,0.05046158541237507
18.39386702,0.02323949034866865
18.3939116,0.018524452582589456
18.39395666,0.04931715877012283
18.39400768,0.030426489662012664
18.41081524,0.013763637750820172
18.41088223,0.0400854505226215
18.41092896,0.04548714427405203
18.41096449,0.014496070801861601
18.41100788,0.02613870450904097
18.42381001,0.05195696955825132
18.42384338,0.02371252002746624
18.42387295,0.018646524757763027
18.43383908,0.04962233920805676
18.43388915,0.0302738994430457
18.43392301,0.013885709925993743
18.43884134,0.03968871595330739
18.45178843,0.04444953078507668
18.45181179,0.012954909590295263
18.46088314,0.02401770046540017
18.46093035,0.04879835202563516
18.48584151,0.022507057297627222
18.48589969,0.01799038681620508
18.4859426,0.049225604638742655
18.48598266,0.02967879758907454
18.4860158,0.01330586709391928
18.48605466,0.03955138475623712
18.50099683,0.04428168154421302
18.50117898,0.012573434042877852
18.50128317,0.024170290684367133
18.51589584,0.04995803768978409
18.51595545,0.023422598611429007
18.53008962,0.022537575341420615
18.53023267,0.06009002822919051
18.5389955,0.050476844434271764
18.53906274,0.03904783703364614
18.54484582,0.061081864652475774
18.54490399,0.04695201037613489
18.55883312,0.0162050812542916
18.55888271,0.03877317463950561
18.56791687,0.04209964141298543
18.56797147,0.009964141298542763
18.5680151,0.022171358815899902
18.59185719,0.04950026703288319
18.59191418,0.022705424582284275
18.59384346,0.018432898451209278
18.59390283,0.04879835202563516
18.60088396,0.028854810406652935
18.60099554,0.012802319371328297
18.61585689,0.039246204318303196
18.61591554,0.0434882124055848
18.62485242,0.012176699473563745
18.62490869,0.024780651560234988
18.63692379,0.05101091020065614
18.63697481,0.02269016556038758
18.65181637,0.018280308232242314
18.67480183,0.04924086366063935
18.67486048,0.02998397802700847
18.67489648,0.013977264057373923
18.67493653,0.03985656519417105
18.67497635,0.04512092774853132
18.67500877,0.013595788509956512
18.68881607,0.025558861676966506
18.68886828,0.05191119249256123
18.69686556,0.024460212100404364
18.69693303,0.020447089341573205
18.72182345,0.051560234988937206
18.72189069,0.03175402456702525
18.72193646,0.016052491035324634
18.7287972,0.04879835202563516
18.72885895,0.040512703135729
18.73580933,0.01470969710841535
18.73587346,0.03585870145723659
18.73592353,0.052689402609292744
18.74483061,0.021774624246585793
18.74487042,0.03134203097581445
18.74979401,0.05691615167467765
18.74982762,0.028824292362859542
18.75577855,0.024750133516441595
18.75580263,0.0558785381857023
18.77978086,0.03659113450827802
18.77981019,0.019836728465705347
18.79487705,0.050812542915999084
18.79495645,0.04213015945677882
18.795012,0.015930418860151063
18.7950654,0.04248111696040284
18.80381012,0.04599069199664302
18.80385971,0.014496070801861601
18.82682776,0.02610818646524758
18.82690978,0.051392385748073546
18.82696605,0.02252231631952392
18.82702017,0.01782253757534142
18.82707143,0.04870679789425498
18.83582664,0.02780193789578088
18.83586073,0.011657892729076066
18.84984398,0.038452735179674985
18.84989548,0.042084382391088734
18.84993076,0.010437170977340352
18.85480714,0.022964827954528116
18.85484147,0.049225604638742655
18.86879158,0.021820401312275882
18.86882019,0.017257953765163654
18.88178492,0.04740978103303578
18.88181114,0.027191577019913024
18.89579844,0.011902037079423208
18.89582372,0.03836118104829481
18.90482688,0.04211490043488213
18.90486979,0.010925459678034637
18.90490365,0.023315785458152133
18.9148643,0.04953078507667658
18.91493845,0.02169832913710231
18.93885756,0.016891737239642938
18.93891859,0.04824902723735409
18.93896556,0.028702220187685968
18.93900156,0.013031204699778745
18.95486164,0.03904783703364614
18.95493698,0.04214541847867552
18.96684003,0.010986495765621425
18.96691942,0.02362096589608606
18.99084115,0.04925612268253605
18.99091101,0.021332112611581598
18.99095654,0.017380025940337225
19.00188804,0.04895094224460212
19.00194287,0.02908369573510338
19.00197911,0.011993591210803388
19.00202346,0.038284885938811325
19.00387049,0.04235904478522927
19.00391412,0.01126115815976196
19.02987647,0.0238803692683299
19.02995443,0.04962233920805676
19.03001046,0.021423666742961776
19.03006268,0.017212176699473565
19.03184533,0.04824902723735409
19.03189754,0.0281528953994049
19.03193092,0.01283283741512169
19.04279685,0.03930724040588998
19.04578066,0.04298466468299382
19.04581118,0.011779964904249637
19.05976295,0.02401770046540017
19.05978775,0.05008010986495766
19.06877112,0.022796978713664453
19.06879568,0.01931792172121767
19.08176541,0.04979018844892042
19.08178949,0.028763256275272753
19.09575748,0.013748378728923476
19.0957818,0.04068055237659266
19.09982777,0.043762874799725335
19.09986448,0.012207217517357137
19.1057961,0.025101091020065615
19.11482716,0.05078202487220569
19.11487913,0.02204928664072633
19.12885427,0.018829633020523383
19.12890339,0.04963759822995346
19.14583778,0.028809033340962846
19.14589,0.013321126115815976
19.15378284,0.03968871595330739
19.15385604,0.042969405661097124
19.15878201,0.011963073167009996
19.15883088,0.02481116960402838
19.16677165,0.05065995269703212
19.16682458,0.023041123064011598
19.16875982,0.018738078889143205
19.1827774,0.04913405050736248
19.1828239,0.028976882581826506
19.20677996,0.01373311970702678
19.20684385,0.039795529106584265
19.20688772,0.0430609597924773
19.20880508,0.01240558480201419
19.20884323,0.02554360265506981
19.21683955,0.04962233920805676
19.21688056,0.022369726100556955
19.21884513,0.018951705195696954
19.21888232,0.05058365758754864
19.23177958,0.02954146639200427
19.2317996,0.013794155794613565
19.23683095,0.04029907682917525
19.25080276,0.04399176012817579
19.25082374,0.01271076523994812
19.26483488,0.025101091020065615
19.26489115,0.05070572976272221
19.27377462,0.022705424582284275
19.27379942,0.01931792172121767
19.27876925,0.05084306095979248
19.2787931,0.03091477836270695
19.28678393,0.015594720378423743
19.28681302,0.04728770885786221
19.30076599,0.037964446478980694
19.30078673,0.012466620889600977
19.31489635,0.03358510719462882
19.32887197,0.04913405050736248
19.32894921,0.016556038757915618
19.35178566,0.025436789501792935
19.35181165,0.051056687266346226
19.35183549,0.022537575341420615
19.351861,0.018768596932936598
19.36081791,0.049729152361333635
19.36089206,0.029831387808041506
19.36676073,0.014129854276340887
19.36678672,0.04046692607003891
19.37685275,0.04315251392385748
19.37691522,0.012359807736324101
19.37697172,0.025314717326619364
19.39983535,0.05090409704737926
19.39991117,0.022980086976424813
19.39995837,0.019562066071564813
19.40000105,0.04998855573357748
19.41889,0.02958724345769436
19.41895485,0.014862287327382314
19.41901159,0.04141298542763409
19.41906333,0.04498359655146105
19.42084932,0.014099336232547494
19.4209013,0.027359426260776684
19.43578196,0.052567330434119174
19.43584967,0.024292362859540704
19.43589544,0.02084382391088731
19.45979548,0.05174334325169756
19.45984459,0.031097886625467308
19.45987535,0.014847028305485618
19.45990968,0.041260395208667124
19.4708035,0.04397650110627909
19.47084713,0.012603952086671245
19.47879243,0.025238422217135882
19.47885609,0.051270313572899975
19.48982358,0.022674906538490882
19.48986936,0.01867704280155642
19.50380659,0.04928664072632944
19.50388551,0.028641184100099183
19.50393414,0.013366903181506065
19.51185656,0.03970397497520409
19.52579331,0.042923628595407035
19.52582908,0.012359807736324101
19.53376412,0.02575722896162356
19.53378892,0.05091935606927596
19.54176426,0.022018768596932938
19.54178786,0.018478675516899367
19.5467627,0.04998855573357748
19.54678679,0.03031967650873579
19.55577707,0.017257953765163654
19.55580139,0.05424582284275578
19.56976366,0.05441367208361944
19.56978798,0.03846799420157168
19.58376884,0.061036087586785685
19.59576559,0.054352635996032655
19.59579134,0.020691233691920347
19.59581494,0.03485160601205463
19.59583831,0.047013046463721675
19.60578442,0.014007782101167316
19.6058104,0.017288471808957047
19.60982776,0.049927519645990695
19.60987306,0.029602502479591057
19.62186193,0.014404516670481423
19.6219213,0.04013122758831159
19.64587426,0.04318303196765087
19.64592505,0.011795223926146334
19.64596915,0.02504005493247883
19.64884663,0.050308995193408104
19.6488924,0.02209506370641642
19.66083217,0.018875410086213473
19.66088057,0.04924086366063935
19.66985273,0.028976882581826506
19.66990209,0.014404516670481423
19.67882967,0.04132143129625391
19.67888117,0.043717097734035246
19.70181727,0.012863355458915083
19.70186591,0.02618448157473106
19.71682835,0.051026169222552833
19.71688271,0.02276646066987106
19.71692419,0.019943541618982222
19.72982812,0.051056687266346226
19.72988605,0.03010605020218204
19.73883986,0.015518425268940261
19.73889375,0.047928587777523464
19.75282669,0.03884946974898909
19.75287199,0.014068818188754101
19.75291491,0.03601129167620355
19.7529552,0.05134660868238346
19.78621626,0.019180590524147403
19.78627729,0.028625925078202486
19.7863183,0.053849088273441675
19.78635812,0.025803006027313648
19.78639698,0.023056382085908295
19.78888249,0.054612039368276494
19.78895068,0.033997100785839625
19.7889924,0.019546807049668116
19.78904343,0.05123979552910658
19.80378747,0.042252231631952394
19.80384254,0.01687647821774624
19.81680226,0.04499885557335775
19.81685138,0.048050659952697035
19.83081102,0.016617074845502403
19.83086848,0.03610284580758373
19.83091021,0.050553139543755246
19.8309505,0.017029068436713205
19.83098984,0.02545204852368963
19.84582829,0.050217441062027926
19.84588766,0.02214084077210651
19.85956955,0.018234531166552225
19.85963655,0.048386358434424355
19.8818419,0.026825360494392308
19.88190627,0.012130922407873656
19.88379574,0.03831540398260472
19.88386679,0.04089417868314641
19.89178777,0.01014724956130312
19.89184451,0.023361562523842222
19.90082335,0.04864576180666819
19.90087771,0.019790951400015258
19.90092015,0.016449225604638743
19.91684794,0.04711985961699855
19.91689825,0.026367589837491417
19.9308455,0.01223773556115053
19.93090487,0.03904783703364614
19.94482946,0.042496375982299536
19.94487667,0.010437170977340352
19.95080614,0.02337682154573892
19.9508698,0.04846265354390784
19.95580864,0.020355535210193027
19.95587111,0.01753261615930419
19.96980381,0.04864576180666819
19.96985364,0.02766460669871061
19.96988392,0.012207217517357137
19.96991682,0.038910505836575876
19.9888134,0.042160677500572216
19.98883653,0.011291676203555352
20.01083899,0.024078736552986955
20.01089478,0.04974441138323033
20.01281047,0.021210040436408027
20.01284933,0.01753261615930419
20.01288295,0.04858472571908141
20.01291513,0.027924010070954453
20.02189112,0.013656824597543298
20.02194595,0.039627679865720605
20.03582191,0.042710002288853285
20.03586435,0.012252994583047227
20.03589964,0.02481116960402838
20.06184483,0.0498970016021973
20.061903,0.021179522392614634
20.06194639,0.01794460975051499
20.06198716,0.04892042420080873
20.0708406,0.027771419851987486
20.07089067,0.012756542305638208
20.07686329,0.040161745632104985
20.07691407,0.04312199588006409
20.09083867,0.012359807736324101
20.09089065,0.025055313954375526
20.09985518,0.04994277866788739
20.09991074,0.021301594567788205
20.11386824,0.01907377737087053
20.1288693,0.04983596551461052
20.12892771,0.028076600289921417
20.1289649,0.01326009002822919
20.12900519,0.040161745632104985
20.13685203,0.042969405661097124
20.13690519,0.011932555123216601
20.14484882,0.02504005493247883
20.14490414,0.050385290302891586
20.15683627,0.021499961852445258
20.15689707,0.018600747692072938
20.17181587,0.0494697489890898
20.171875,0.02851911192492561
20.18082881,0.01416037232013428
20.18088317,0.04019226367589838
20.20481586,0.04327458609903105
20.20484352,0.012252994583047227
20.20486784,0.025803006027313648
20.20489144,0.05091935606927596
20.20883179,0.022369726100556955
20.20888019,0.01943999389639124
20.21279788,0.04962233920805676
20.21282268,0.02887006942854963
20.22085929,0.013748378728923476
20.22090626,0.04022278171969177
20.24489307,0.04344243533989471
20.24494505,0.012603952086671245
20.24498701,0.02597085526817731
20.24502683,0.051026169222552833
20.24506593,0.02178988326848249
20.27984953,0.018814373998626687
20.27991152,0.04881361104753185
20.27995563,0.02929732204165713
20.27999067,0.014740215152208743
20.28183246,0.04148928053711757
20.2818799,0.044678416113527124
20.29583979,0.013229571984435798
20.29589844,0.02627603570611124
20.31983399,0.05084306095979248
20.3198905,0.02243076218814374
20.3199327,0.019943541618982222
20.32984877,0.05035477225909819
20.32990623,0.029663538567177843
20.32994151,0.014724956130312047
20.32998157,0.04060425726710918
20.33683085,0.04303044174868391
20.33688092,0.012603952086671245
20.33692312,0.026169222552834364
20.3468163,0.051651789120317385
20.38984036,0.023315785458152133
20.38992739,0.02026398107881285
20.38997269,0.05113298237582971
20.3918016,0.030762188143739988
20.39183784,0.01641870756084535
20.39377117,0.04907301441977569
20.39382458,0.03982604715037766
20.39385986,0.013595788509956512
20.39390016,0.0349736781872282
20.39393997,0.04957656214236667
20.4097631,0.016449225604638743
20.40978885,0.02618448157473106
20.41480184,0.0515754940108339
20.41485572,0.02311741817349508
20.43981767,0.019790951400015258
20.43987846,0.049774929427023724
20.43992376,0.028091859311818113
20.43995786,0.013641565575646601
20.43999791,0.04017700465400168
20.4488225,0.0430609597924773
20.44885421,0.012619211108567941
20.46183085,0.026031891355764097
20.46187997,0.05146868085755703
20.46684337,0.022247653925383384
20.46689868,0.019134813458457314
20.49479985,0.05001907377737087
20.49484873,0.029053177691309988
20.49488378,0.0157778286411841
20.49491882,0.05099565117875944
20.50980258,0.0469062333104448
20.50985789,0.031448844129091325
20.50989962,0.061081864652475774
20.51479125,0.05645838101777676
20.5148375,0.024216067750057222
20.52882361,0.03761348897535668
20.52886248,0.04766918440527962
20.54177952,0.013611047531853208
20.54180574,0.016144045166704816
20.56685019,0.04766918440527962
20.56690836,0.027924010070954453
20.56695342,0.014236667429617761
20.5669961,0.04058899824521248
20.56982327,0.0426489662012665
20.56986904,0.011413748378728923
20.56991267,0.02491798275730526
20.58384228,0.05090409704737926
20.58388948,0.022369726100556955
20.60284352,0.018951705195696954
20.60290098,0.05017166399633784
20.60582566,0.028824292362859542
20.60586667,0.013794155794613565
20.61985683,0.04023804074158847
20.61990333,0.04367132066834516
20.61993647,0.01326009002822919
20.62185311,0.02618448157473106
20.62189102,0.05191119249256123
20.64581037,0.023086900129701687
20.64583707,0.020325017166399634
20.65085888,0.051392385748073546
20.65090585,0.030930037384603648
20.6648314,0.01612878614480812
20.66489029,0.04875257495994507
20.67888141,0.03978027008468757
20.67892361,0.01496910048065919
20.6789639,0.03646906233310445
20.67900324,0.05261310749980926
20.69887209,0.020569161516746776
20.69892979,0.029800869764248113
20.69897223,0.05467307545586328
20.69901252,0.02673380636301213
20.70083189,0.023727779049362935
20.7248354,0.05578698405432212
20.7248981,0.03573662928206302
20.7268188,0.02034027618829633
20.72686505,0.05224689097428855
20.75099802,0.04428168154421302
20.75110507,0.01821927214465553
20.76084423,0.04657053482871748
20.76090574,0.0490272373540856
20.7658155,0.016662851911192492
20.7658782,0.03688105592431525
20.7737906,0.0515907530327306
20.77383685,0.018616006713969634
20.77979827,0.027145799954222935
20.80384398,0.050934615091172655
20.80390406,0.021545738918135347
20.81181931,0.018951705195696954
20.81186843,0.048889906157015335
20.82082796,0.02810711833371481
20.82086992,0.01266498817425803
20.82090473,0.03855954833295186
20.82093811,0.0417792019531548
20.83582854,0.010925459678034637
20.83588409,0.024002441443503473
20.83592701,0.04913405050736248
20.83596706,0.019943541618982222
20.83600664,0.01710536354619669
20.88488865,0.048767833981841764
20.88497972,0.027603570611123826
20.8850174,0.012222476539253834
20.88506222,0.03887998779278248
20.88680816,0.042542153047989625
20.88685465,0.011032272831311514
20.88879681,0.023559929808499275
20.8888495,0.0494697489890898
20.88889027,0.020706492713817044
20.88892984,0.017349507896543832
20.90383863,0.048767833981841764
20.90391731,0.02883955138475624
20.90396643,0.013000686655985352
20.91288519,0.03898680094605936
20.92581344,0.042252231631952394
20.92586422,0.011734187838559548
20.93478537,0.02435339894712749
20.93481064,0.04936293583581292
20.934834,0.020035095750362403
20.93485665,0.016662851911192492
20.9447844,0.048340581368734266
20.94480848,0.028747997253376057
20.96376181,0.01330586709391928
20.96378636,0.03894102388036927
20.97787333,0.04211490043488213
20.97793794,0.011230640115968566
20.97799349,0.0238803692683299
20.97804666,0.04890516517891203
20.97809649,0.02059967956054017
21.01195908,0.018402380407415885
21.01205826,0.048554207675288015
21.01387405,0.02784771496147097
21.01391721,0.012939650568398567
21.01395869,0.0392309452964065
21.01403236,0.0426489662012665
21.03881431,0.011490043488212406
21.03888273,0.02423132677195392
21.03892803,0.04913405050736248
21.03896856,0.020523384451056687
21.03900838,0.017975127794308383
21.04944921,0.04882887006942855
21.04957724,0.028381780727855344
21.05779886,0.013336385137712672
21.05787921,0.03901731898985275
21.07178545,0.0413519493400473
21.07184219,0.010757610437170977
21.07189584,0.02468909742885481
21.09476995,0.04983596551461052
21.0947957,0.020920119020370793
21.09481931,0.01692225528343633
21.09484267,0.048050659952697035
21.10176325,0.028168154421301595
21.10178351,0.013199053940642405
21.11084938,0.03955138475623712
21.11978364,0.042877851529716945
21.11981106,0.011734187838559548
21.12984109,0.024704356450751506
21.12991285,0.05003433279926757
21.14186692,0.02124055848020142
21.14193845,0.01765468833447776
21.16687226,0.049271381704432744
21.16694951,0.0290074006256199
21.17482352,0.013107499809262227
21.17486072,0.039246204318303196
21.17489433,0.04327458609903105
21.17492199,0.01228351262684062
21.1838882,0.025101091020065615
21.19780421,0.05018692301823453
21.19785142,0.02178988326848249
21.197891,0.01879911497672999
21.19793057,0.049912260624094
21.21084285,0.030045014114595255
21.21090651,0.014358739604791332
21.22482705,0.03993286030365453
21.22490191,0.044205386434729536
21.23080134,0.013031204699778745
21.23088002,0.0260166323338674
21.24503565,0.052262149996185246
21.24514651,0.023819333180743113
21.24522257,0.020737010757610436
21.24529481,0.05279621576256962
21.245363,0.032074464026855876
21.26081109,0.014785992217898832
21.26087856,0.03994811932555123
21.27385283,0.044037537193865876
21.27390933,0.013061722743572137
21.28980637,0.025803006027313648
21.28987384,0.05151445792324712
21.2917769,0.022323949034866866
21.29183221,0.018661783779659723
21.30076909,0.049561303120469975
21.30081654,0.028900587472343024
21.30085278,0.01330586709391928
21.30577898,0.03978027008468757
21.31479597,0.04443427176317998
21.31482291,0.01283283741512169
21.32876682,0.02491798275730526
21.32879162,0.04995803768978409
21.35203505,0.021667811093308918
21.35211468,0.01884489204242008
21.35384297,0.05027847714961471
21.35398197,0.02917524986648356
21.35403013,0.015259021896696421
21.35407424,0.05099565117875944
21.36891437,0.049927519645990695
21.36898661,0.033325703822384985
21.36904263,0.06105134660868238
21.38380075,0.055573357747768365
21.38383198,0.021087968261234456
21.39678574,0.035416189822232394
21.39681029,0.04676890211337453
21.41079617,0.014053559166857405
21.41083384,0.016189822232394905
21.41085696,0.04737926298924239
21.41088033,0.02873273823147936
21.42378211,0.014801251239795529
21.42380714,0.04034485389486534
21.43790817,0.04351873044937819
21.43797445,0.012466620889600977
21.43802929,0.024719615472648202
21.48314118,0.050553139543755246
21.48322916,0.02255283436331731
21.48327708,0.019134813458457314
21.48331976,0.050385290302891586
21.49685025,0.030090791180285344
21.49691653,0.014480811779964905
21.49882412,0.041168841077286945
21.49887443,0.04524299992370489
21.49892068,0.014007782101167316
21.49897218,0.0264438849469749
21.52178812,0.052307927061875335
21.52185607,0.024658579385061417
21.52190375,0.020706492713817044
21.52478385,0.05178912031738766
21.52484679,0.03164721141374838
21.53179765,0.016189822232394905
21.53185534,0.04896620126649882
21.53682733,0.03982604715037766
21.53688216,0.014557106889448387
21.54725623,0.0362706950484474
21.54739451,0.05296406500343328
21.55986619,0.021423666742961776
21.55994272,0.030579079880979628
21.57386327,0.055985351338979174
21.57395101,0.027832455939574275
21.5798769,0.024032959487296866
21.59479523,0.055237659266041045
21.59485459,0.03733882658121614
21.59982443,0.021560997940032044
21.59987807,0.0528877698939498
21.60581779,0.04428168154421302
21.60586715,0.018402380407415885
21.60881877,0.046387426565957124
21.60886645,0.049774929427023724
21.62288141,0.017914091706721598
21.62293744,0.03680476081483177
21.64590836,0.051392385748073546
21.64596152,0.01803616388189517
21.64600205,0.02606240939955749
21.64604163,0.05094987411306935
21.64608026,0.022186617837796598
21.66185188,0.01799038681620508
21.66191125,0.048340581368734266
21.66683412,0.029114213778896773
21.66687822,0.01283283741512169
21.68984699,0.03903257801174945
21.68990564,0.04235904478522927
21.69482422,0.01138323033493553
21.69487929,0.023682001983672846
21.70904517,0.04858472571908141
21.70914721,0.020523384451056687
21.70922327,0.0166323338673991
21.71082926,0.04742504005493248
21.71088195,0.027435721370260166
21.72486901,0.01181048294804303
21.72496629,0.03810177767605097
21.74184465,0.04202334630350195
21.7418921,0.010574502174410621
21.74193382,0.02294956893263142
21.75978589,0.04878309300373846
21.77398562,0.020706492713817044
21.77409697,0.01651026169222553
21.77417469,0.04748607614251926
21.7742455,0.027878233005264364
21.77430391,0.012939650568398567
21.77931499,0.03932249942778668
21.7848084,0.042801556420233464
21.78484344,0.01147478446631571
21.7908597,0.023422598611429007
21.79091811,0.04895094224460212
21.81524587,0.020996414129854278
21.81535435,0.01765468833447776
21.82881236,0.04936293583581292
21.82884955,0.02975509269855802
21.82887745,0.013107499809262227
21.82891059,0.03869687953002213
21.8518405,0.042877851529716945
21.85189033,0.012481879911497674
21.851928,0.024658579385061417
21.85482788,0.05027847714961471
21.85488296,0.02204928664072633
21.85492539,0.017761501487754634
21.85496569,0.04919508659494926
21.87089252,0.02958724345769436
21.87095642,0.013656824597543298
21.88384223,0.03944457160296025
21.8839047,0.043259327077134355
21.89685225,0.012527656977187763
21.89692593,0.02508583199816892
21.89885378,0.050308995193408104
21.89892769,0.02162203402761883
21.90486789,0.01736476691844053
21.93883348,0.049103532463569084
21.93891358,0.029831387808041506
21.93896103,0.013473716334782941
21.93901324,0.03949034866865034
21.94081712,0.043305104142824444
21.94088817,0.012603952086671245
21.94094443,0.02528419928282597
21.94683623,0.0507362478065156
21.94689107,0.02195773250934615
21.95581937,0.017639429312581063
21.95585418,0.04953078507667658
21.97906446,0.0307011520561532
21.97917461,0.014038300144960708
21.97925258,0.03976501106279087
21.98094702,0.04379339284351873
21.9809854,0.012176699473563745
22.00485969,0.024414435034714275
22.00492287,0.05029373617151141
22.00496888,0.022461280231937133
22.00501561,0.01879911497672999
22.0128212,0.04998855573357748
22.01285768,0.030334935530632486
22.02686095,0.013488975356679637
22.02691245,0.03920042725261311
22.03186703,0.04397650110627909
22.03191066,0.013000686655985352
22.03982687,0.0247348744945449
22.05186152,0.05035477225909819
22.05192494,0.02221713588158999
22.07584214,0.017669947356374456
22.07589984,0.04921034561684596
22.07594419,0.030411230640115968
22.07597899,0.014053559166857405
22.09185195,0.039719233997100784
22.09191036,0.04397650110627909
22.09194684,0.01271076523994812
22.09198642,0.02456702525368124
22.10083079,0.05062943465323873
22.10088134,0.02323949034866865
22.11514783,0.01884489204242008
22.12881231,0.049927519645990695
22.12887573,0.030579079880979628
22.12891507,0.013672083619439994
22.12895846,0.039337758449683374
22.15297651,0.04444953078507668
22.15310645,0.01368734264133669
22.15315413,0.02491798275730526
22.15682006,0.051148241397726404
22.15686536,0.023422598611429007
22.15690064,0.018356603341725796
22.15693378,0.05001907377737087
22.18079138,0.031097886625467308
22.18081975,0.01411459525444419
22.18084478,0.03959716182192721
22.1947763,0.04481574731059739
22.19479775,0.014175631342030976
22.20083642,0.025955596246280615
22.20089388,0.05123979552910658
22.21019244,0.023941405355916687
22.21026492,0.019501029983978027
22.21516824,0.05090409704737926
22.21526957,0.03259327077134356
22.2249403,0.015701533531700618
22.22501898,0.04742504005493248
22.23684144,0.03848325322346838
22.23688936,0.011902037079423208
22.24599004,0.03257801174944686
22.25983763,0.04937819485770962
22.25989795,0.016662851911192492
22.26582932,0.02401770046540017
22.26590943,0.05011062790875105
22.27180076,0.02264438849469749
22.27183557,0.0174868390936141
22.27884316,0.048844129091325246
22.2788775,0.029800869764248113
22.28679156,0.013366903181506065
22.2868216,0.039078355077439536
22.31202221,0.0439154650186923
22.31208563,0.012344548714427405
22.3121407,0.023987182421606777
22.32181907,0.049607080186160064
22.32186937,0.022278171969176776
22.32190609,0.01803616388189517
22.32194066,0.050934615091172655
22.33784747,0.03512626840619516
22.33790421,0.026123445487144275
22.34385657,0.06123445487144274
22.34392881,0.05859464408331426
22.35689569,0.03364614328221561
22.35695815,0.04803540093080034
22.3858676,0.044251163500419625
22.38592005,0.010391393911650263
22.3878243,0.02276646066987106
22.38787127,0.04950026703288319
22.38790727,0.02157625696192874
22.38980746,0.01719691767757687
22.38986087,0.04940871290150301
22.40483212,0.030426489662012664
22.40487719,0.013443198290989548
22.41402626,0.03877317463950561
22.41411996,0.044083314259555965
22.4368372,0.012680247196154727
22.43689585,0.024216067750057222
22.43693972,0.05044632639047837
22.43698049,0.022842755779354542
22.43880963,0.01838712138551919
22.45299983,0.04948500801098649
22.45312047,0.0311284046692607
22.45315194,0.015228503852903029
22.45318675,0.04065003433279927
22.46681976,0.04528877698939498
22.46688676,0.013702601663233387
22.48091388,0.02491798275730526
22.48102379,0.05200274662394141
22.49582386,0.02383459220263981
22.49588943,0.01867704280155642
22.50382543,0.05062943465323873
22.50388169,0.03218127718013275
22.5039258,0.015381094071869994
22.50396609,0.04725719081406882
22.518852,0.04043640802624552
22.51888824,0.014602883955138476
22.52480531,0.035080491340505074
22.5248301,0.05284199282825971
22.53879881,0.02084382391088731
22.53882313,0.02801556420233463
22.55181384,0.05520714122224765
22.55184102,0.02806134126802472
22.56578374,0.022537575341420615
22.56580877,0.05450522621499962
22.56583238,0.03675898374914168
22.56585574,0.018829633020523383
22.58078766,0.05003433279926757
22.58083558,0.0434882124055848
22.59083271,0.01629663538567178
22.59089875,0.04293888761730373
22.61417961,0.04779125658045319
22.61425161,0.015075913633936065
22.6143074,0.025680933852140077
22.61435986,0.051026169222552833
22.6238296,0.022964827954528116
22.62391114,0.01710536354619669
22.63181829,0.04837109941252766
22.631881,0.02934309910734722
22.63192534,0.011871519035629816
22.63780046,0.037369344625009536
22.66178918,0.042999923704890516
22.66181254,0.01095597772182803
22.66378999,0.021850919356069275
22.66381621,0.04824902723735409
22.67079043,0.020904859998474096
22.67081046,0.01470969710841535
22.69483232,0.042496375982299536
22.69488358,0.0362554360265507
22.69491482,0.009491111619745174
22.69494963,0.029434653238727397
22.69679308,0.04704356450751507
22.69683242,0.01530479896238651
22.70582652,0.022125581750209813
22.72082305,0.049011978332188906
22.72087049,0.021316853589684902
22.74493408,0.015289539940489814
22.74500537,0.047806515602349886
22.75383902,0.029388876173037308
22.7538836,0.01164263370717937
22.77687526,0.0366826886396582
22.77694941,0.042664225223163196
22.77699757,0.011566338597695888
22.77704859,0.022873273823147935
22.77886653,0.050095368886854355
22.77892041,0.02299534599832151
22.77895784,0.016311894407568476
22.79482484,0.04789806973373007
22.7948873,0.02993820096131838
22.80081749,0.01211566338597696
22.80087137,0.03715571831845579
22.81483674,0.043305104142824444
22.8149085,0.012130922407873656
22.81496429,0.023422598611429007
22.81501555,0.04998855573357748
22.81506491,0.02252231631952392
22.82381034,0.0162050812542916
22.82384539,0.04802014190890364
22.83677959,0.0302738994430457
22.83680105,0.012268253604943923
22.83886957,0.037750820172426945
22.86180282,0.044205386434729536
22.86182714,0.012451361867704281
22.86681104,0.02294956893263142
22.86684322,0.04995803768978409
22.87381458,0.023437857633325704
22.87385869,0.016433966582742047
22.87981772,0.04757763027389944
22.87986326,0.02981612878614481
22.89388728,0.012390325780117494
22.89396214,0.03717097734035248
22.89984417,0.04419012741283284
22.89990735,0.012603952086671245
22.91424894,0.02340733958953231
22.92887998,0.05003433279926757
22.92896914,0.02294956893263142
22.92902374,0.017059586480506598
22.92907643,0.04892042420080873
22.94187284,0.03065537499046311
22.94193816,0.01313801785305562
22.94436526,0.03863584344243534
22.9444387,0.04524299992370489
22.95779395,0.012634470130464637
22.95785499,0.023422598611429007
22.97083449,0.05050736247806516
22.97089767,0.02340733958953231
22.97936606,0.01696803234912642
22.99180341,0.04840161745632105
22.99185443,0.03091477836270695
23.00580025,0.013839932860303654
23.00587416,0.038956282902265965
23.00592923,0.045181963836118104
23.00597191,0.012787060349431601
23.0060215,0.023468375677119097
23.01182461,0.05058365758754864
23.01187015,0.02333104448004883
23.02679133,0.01658655680170901
23.02682066,0.04837109941252766
23.04479051,0.03096055542839704
23.04481602,0.013443198290989548
23.04483986,0.03872739757381552
23.04981232,0.04516670481422141
23.0498476,0.012741283283741512
23.05989623,0.022903791866941327
23.05995297,0.04982070649271382
23.09178281,0.023559929808499275
23.09180903,0.017471580071717403
23.09481597,0.04919508659494926
23.09486079,0.03167772945754177
23.09489417,0.01351949340047303
23.09493327,0.03898680094605936
23.10083151,0.04557869840543221
23.10087752,0.013473716334782941
23.10785413,0.023941405355916687
23.11640048,0.05091935606927596
23.11655164,0.024078736552986955
23.1298573,0.017837796597238116
23.12992167,0.049347676813916226
23.14414334,0.03160143434805829
23.14425445,0.013473716334782941
23.15686965,0.03877317463950561
23.15696025,0.04539559014267185
23.15699959,0.014633401998931869
23.16384149,0.02435339894712749
23.16387892,0.05090409704737926
23.17679405,0.024505989166094453
23.17682409,0.01850919356069276
23.17877603,0.051102464332036315
23.17880225,0.0340886549172198
23.19378114,0.01530479896238651
23.19382381,0.046387426565957124
23.21891165,0.0409399557488365
23.21898699,0.013397421225299458
23.22587132,0.03150988021667811
23.22592425,0.04971389333943694
23.22596717,0.018860151064316776
23.22600746,0.024750133516441595
23.25886178,0.05191119249256123
23.25894856,0.024933241779201955
23.25899363,0.01773098344396124
23.25903511,0.0494697489890898
23.25907755,0.0324101625085832
23.25911093,0.013076981765468834
23.25915051,0.038117036697947665
23.27385974,0.04539559014267185
23.2739253,0.01356527046616312
23.2739799,0.023514152742809186
23.28681517,0.051850156404974444
23.2868576,0.02594033722438392
23.28878951,0.017669947356374456
23.29682493,0.048599984740978104
23.29687929,0.032867933165484094
23.31106615,0.01654077973601892
23.31116533,0.05387960631723507
23.3129673,0.05708400091554131
23.32582808,0.03851377126726177
23.3258903,0.05770962081330587
23.34988928,0.05432211795223926
23.34996915,0.018005645838101776
23.35002542,0.03129625391012436
23.35008287,0.0490272373540856
23.35783219,0.0162050812542916
23.35791159,0.021423666742961776
23.37083626,0.05008010986495766
23.37091541,0.02491798275730526
23.37097096,0.018234531166552225
23.38585234,0.04931715877012283
23.3859148,0.03228809033340963
23.38595414,0.013122758831158923
23.40982175,0.03826962691691463
23.40984726,0.04599069199664302
23.40986729,0.013717860685130083
23.40989017,0.023422598611429007
23.41205835,0.051529716945143814
23.41212964,0.02566567483024338
23.4258728,0.017792019531548027
23.425946,0.049805447470817124
23.43484497,0.03385976958876936
23.43488669,0.014862287327382314
23.43492699,0.03949034866865034
23.45978785,0.04742504005493248
23.4598124,0.014908064393072405
23.46583557,0.02442969405661097
23.46589041,0.05210955977721828
23.47377944,0.026550698100251773
23.47380567,0.01936369878690776
23.47382879,0.05104142824444953
23.47385168,0.03437857633325704
23.48877978,0.015548943312733654
23.48880434,0.0473182269016556
23.49677753,0.042923628595407035
23.49680185,0.01582360570687419
23.50577664,0.041458762493324176
23.51976848,0.049927519645990695
23.54560876,0.01846341649500267
23.54574084,0.03573662928206302
23.54582214,0.05510032806897078
23.54589176,0.023987182421606777
23.54699063,0.028854810406652935
23.54705,0.05641260395208667
23.55583787,0.0307011520561532
23.55590367,0.022018768596932938
23.55595136,0.053360799572747385
23.56977224,0.037918669413290605
23.56980085,0.01760891126878767
23.5908072,0.046082246128023197
23.59088802,0.040207522697795074
23.5909369,0.011978332188906692
23.60478973,0.03015182726787213
23.6048162,0.04858472571908141
23.60483956,0.016327153429465172
23.61084032,0.021255817502098116
23.61092043,0.04899671931029221
23.61097717,0.022659647516594186
23.62476993,0.014068818188754101
23.62479615,0.04101625085831998
23.64888597,0.03704890516517891
23.64894938,0.009002822919050888
23.64900422,0.027023727779049364
23.65086794,0.04695201037613489
23.6509161,0.015472648203250172
23.65982914,0.01969939726863508
23.65989041,0.04835584039063096
23.66883159,0.0225986114290074
23.66888404,0.013839932860303654
23.6838274,0.041168841077286945
23.68390012,0.03698786907759213
23.69780278,0.009613183794918746
23.69787931,0.027618829633020522
23.71182728,0.0473182269016556
23.71190023,0.01539635309376669
23.71195459,0.01991302357518883
23.74484277,0.04844739452201114
23.74491596,0.023422598611429007
23.74496269,0.014618142977035172
23.74501348,0.041886015106431675
23.74506259,0.037750820172426945
23.74510312,0.009964141298542763
23.74515128,0.027862973983367668
23.74877977,0.04797436484321355
23.74881554,0.01701380941481651
23.77078652,0.02093537804226749
23.77081275,0.04879835202563516
23.77083588,0.023651483939879453
23.77085876,0.015518425268940261
23.78621387,0.0473182269016556
23.78628588,0.031189440756847486
23.79082561,0.011749446860456245
23.79089093,0.03631647211413749
23.7909379,0.045304036011291675
23.80578232,0.013122758831158923
23.80580783,0.022293430991073473
23.81389046,0.05023270008392462
23.81396151,0.023590447852292667
23.83676291,0.014785992217898832
23.83683085,0.04257267109178302
23.83982921,0.03985656519417105
23.83989453,0.010849164568551155
23.83994913,0.028259708552681773
23.84686184,0.0486305027847715
23.84693289,0.01773098344396124
23.86090231,0.021515220874341955
23.86098099,0.04986648355840391
23.87480092,0.024414435034714275
23.87486243,0.01544213015945678
23.88880849,0.04728770885786221
23.88888073,0.03215075913633936
23.90379333,0.011322194247348745
23.90384555,0.034241245136186774
23.90388751,0.04493781948577096
23.90392113,0.01330586709391928
23.90396166,0.02178988326848249
23.9128406,0.04936293583581292
23.91291213,0.023865110246433202
23.92587543,0.014953841458762494
23.92594028,0.04274052033264668
23.94385028,0.0392309452964065
23.94391584,0.011108567940794995
23.95888352,0.028900587472343024
23.95895338,0.049347676813916226
23.96680951,0.018371862363622492
23.96687078,0.020782787823300525
23.97180367,0.04931715877012283
23.97185683,0.024963759822995348
23.97189832,0.01585412375066758
23.99587703,0.047730220492866404
23.99595571,0.032272831311512935
23.99599504,0.011902037079423208
23.99603724,0.03634699015793088
23.99607921,0.0456244754711223
24.01177645,0.01373311970702678
24.01180124,0.02162203402761883
24.01691461,0.049973296711680784
24.01699138,0.02525368123903258
24.02583122,0.016601815823605707
24.02588725,0.048432135500114444
24.04083753,0.033661402304112305
24.04088449,0.01351949340047303
24.04092526,0.0383916990920882
24.04679966,0.048096437018387124
24.04683018,0.015091172655832761
24.06184435,0.022735942626077667
24.06190157,0.0515907530327306
24.07478666,0.027237354085603113
24.07481551,0.018097199969481958
24.08880544,0.0507362478065156
24.08884144,0.035706111238269625
24.09380889,0.014526588845654994
24.0938375,0.03826962691691463
24.10188389,0.047684443427176315
24.10194778,0.015121690699626154
24.10789704,0.022796978713664453
24.11652756,0.051194018463416494
24.11660004,0.026672770275425344
24.12989235,0.017090104524299994
24.12995195,0.04864576180666819
24.15389705,0.033539330128938734
24.15395069,0.012252994583047227
24.15985465,0.035538261997405965
24.15991569,0.04632639047837034
24.18386173,0.014938582436865798
24.18391418,0.022446021210040436
24.18395495,0.05134660868238346
24.18399549,0.025803006027313648
24.18403459,0.01637293049515526
24.18582225,0.0486152437628748
24.1858654,0.03363088426031891
24.19986176,0.012024109254596781
24.19992399,0.037125200274662394
24.21387744,0.05078202487220569
24.21395659,0.02481116960402838
24.2140162,0.048386358434424355
24.21406889,0.06118867780575265
24.22400904,0.03761348897535668
24.22419095,0.03022812237735561
24.22424126,0.05079728389410239
24.2407949,0.023941405355916687
24.24082017,0.01385519188220035
24.24580526,0.04141298542763409
24.24586248,0.03894102388036927
24.24589658,0.009750514991989014
24.26979542,0.027405203326466773
24.26982427,0.05046158541237507
24.26984835,0.020019836728465707
24.27980566,0.022156099794003205
24.27986813,0.05099565117875944
24.28881955,0.025955596246280615
24.28888655,0.017181658655680172
24.29780865,0.04959182116426337
24.29786921,0.03439383535515374
24.29790282,0.012848096437018387
24.30380797,0.03692683299000534
24.35083795,0.047684443427176315
24.35086536,0.015228503852903029
24.35089135,0.021896696421759364
24.35091567,0.05189593347066453
24.35382223,0.027878233005264364
24.35384774,0.017471580071717403
24.35387158,0.049561303120469975
24.35389495,0.035492484931715876
24.3557806,0.01351949340047303
24.3558073,0.03767452506294346
24.36982751,0.049561303120469975
24.36988378,0.017425803006027314
24.37480807,0.031143663691157397
24.39985371,0.05317769130998703
24.39991331,0.023315785458152133
24.39995742,0.02452124818799115
24.39999819,0.053528648813611045
24.40382338,0.03079270618753338
24.40387106,0.02059967956054017
24.41584015,0.05236896314946212
24.41588068,0.039795529106584265
24.42183208,0.019134813458457314
24.42189717,0.0494697489890898
24.44584179,0.04795910582131686
24.4458952,0.01850919356069276
24.44593668,0.041718165865568015
24.46978235,0.05294880598153658
24.46981239,0.01943999389639124
24.46983767,0.03262378881513695
24.49481845,0.05438315403982605
24.49489379,0.02288853284504463
24.49493384,0.022980086976424813
24.4949677,0.0520485236896315
24.49500155,0.026886396581979097
24.49502921,0.014938582436865798
24.49506259,0.041504539559014265
24.51078296,0.039749752040894176
24.5108068,0.010437170977340352
24.51487255,0.02639810788128481
24.53883815,0.04827954528114748
24.53889918,0.01770046540016785
24.53894281,0.018493934538796063
24.53898406,0.04959182116426337
24.53902435,0.025818265049210344
24.53905749,0.013183794918745708
24.54581714,0.03913939116502632
24.54588103,0.03872739757381552
24.55584669,0.009948882276646066
24.55591273,0.026047150377660793
24.57979703,0.048172732127870606
24.57985401,0.017792019531548027
24.57990074,0.0187533379110399
24.57994223,0.048599984740978104
24.57998204,0.02485694666971847
24.59480667,0.012893873502708476
24.59486818,0.03978027008468757
24.60079479,0.039246204318303196
24.60084534,0.010299839780270085
24.61479044,0.026459143968871595
24.61485338,0.04925612268253605
24.62386346,0.019226367589837492
24.62391686,0.01948577096208133
24.63683105,0.04919508659494926
24.6368866,0.02545204852368963
24.63692284,0.01385519188220035
24.65281796,0.040955214770733196
24.65284777,0.039673456931410694
24.65287018,0.010925459678034637
24.66078615,0.026977950713359275
24.666785,0.049607080186160064
24.66683125,0.019287403677424278
24.68190289,0.019684138246738384
24.68198276,0.05008010986495766
24.69482017,0.026947432669565882
24.69488049,0.01428244449530785
24.69492936,0.04089417868314641
24.70883465,0.040833142595559625
24.70886469,0.011108567940794995
24.70889449,0.026382848859388113
24.71186209,0.04969863431754024
24.71190977,0.019806210421911954
24.72586417,0.0200503547722591
24.72591066,0.049683375295643546
24.73988199,0.026596475165941862
24.73992944,0.014511329823758298
24.75397253,0.04115358205539025
24.75405431,0.04058899824521248
24.76785326,0.011673151750972763
24.76792121,0.02713054093232624
24.76796889,0.04925612268253605
24.76801181,0.01931792172121767
24.76805449,0.02029449912260624
24.78294063,0.05078202487220569
24.78301573,0.027191577019913024
24.7908895,0.014831769283588921
24.79095888,0.042328526741435876
24.80481505,0.04200808728160525
24.80488515,0.012802319371328297
24.80492783,0.028213931486991684
24.81879544,0.0511635004196231
24.84207463,0.021332112611581598
24.84214139,0.02102693217364767
24.84218502,0.05099565117875944
24.84222913,0.027649347676813915
24.84227252,0.014358739604791332
24.84579968,0.04090943770504311
24.84583521,0.04124513618677043
24.8458631,0.011535820553902495
24.86380219,0.02652018005645838
24.87685966,0.049561303120469975
24.87692189,0.019348439765011063
24.89082909,0.018539711604486152
24.89090014,0.04914930952925917
24.89093661,0.026901655603875793
24.89096618,0.014129854276340887
24.89100027,0.041168841077286945
24.90082526,0.041840238040741586
24.90085959,0.01138323033493553
24.90281582,0.026047150377660793
24.91587806,0.04924086366063935
24.91593409,0.01931792172121767
24.94079852,0.019501029983978027
24.94082785,0.050934615091172655
24.94979858,0.03039597161821927
24.94982409,0.023941405355916687
24.94984746,0.06117341878385595
24.94987082,0.056733043411917296
24.96378136,0.03300526436255436
24.96380782,0.04969863431754024
24.96383095,0.042755779354543375
24.96385074,0.011245899137865263
24.98900437,0.025635156786449988
24.99896169,0.04921034561684596
24.99903512,0.018478675516899367
25.01092386,0.01684596017395285
25.01099849,0.0490424963759823
25.01105356,0.02848859388113222
25.01110482,0.01539635309376669
25.02023506,0.047058823529411764
25.02033401,0.03576714732585641
25.02286053,0.012359807736324101
25.02290893,0.034988937209124896
25.03587508,0.04882887006942855
25.03592515,0.0162050812542916
25.03596592,0.02784771496147097
25.05090475,0.05145342183566033
25.05097651,0.0217441062027924
25.06585455,0.020630197604333562
25.06600738,0.05108720531013962
25.07081127,0.02920576791027695
25.0708487,0.015808346684977492
25.0807898,0.048218509193560695
25.0808208,0.038239108873121236
25.08888674,0.014602883955138476
25.08893013,0.03649958037689784
25.1018734,0.050598916609445335
25.10192895,0.018875410086213473
25.10384798,0.02954146639200427
25.12786841,0.05395590142671855
25.1279285,0.025192645151445793
25.12797284,0.02320897230487526
25.12801385,0.05432211795223926
25.13381696,0.03341725795376516
25.13385391,0.02026398107881285
25.14678574,0.053238727397573814
25.14681101,0.04289311055161364
25.15579319,0.01924162661173419
25.15581822,0.04808117799649043
25.16980648,0.049805447470817124
25.16984439,0.0196078431372549
25.17780042,0.04107728694590677
25.20078778,0.05526817730983444
25.20081735,0.02140840772106508
25.20084143,0.03134203097581445
25.20086479,0.054566262302586405
25.20378089,0.024338139925230793
25.21280622,0.021759365224689096
25.21285987,0.05120927748531319
25.21290016,0.028412298771648737
25.22782135,0.013672083619439994
25.22784829,0.039749752040894176
25.2398417,0.04153505760280766
25.23989177,0.010482948043030441
25.24888992,0.024200808728160526
25.25707102,0.04846265354390784
25.25716949,0.018982223239490347
25.25886059,0.016357671473258565
25.25889897,0.047562371252002744
25.27284336,0.026855878538185704
25.27289557,0.012039368276493477
25.27883005,0.03808651865415427
25.27888179,0.03994811932555123
25.2918663,0.010315098802166781
25.29191923,0.023804074158846417
25.31587219,0.047516594186312655
25.31593275,0.01824979018844892
25.31597638,0.01692225528343633
25.31885314,0.048844129091325246
25.31889868,0.02661173418783856
25.32387209,0.01181048294804303
25.32391906,0.038498512245365074
25.33483863,0.041382467383840695
25.33488941,0.010543984130617228
25.35082722,0.02366674296177615
25.35088015,0.048432135500114444
25.37484646,0.0200503547722591
25.37491632,0.017349507896543832
25.37496185,0.04791332875562677
25.37500405,0.027359426260776684
25.37503862,0.012451361867704281
25.39985108,0.03904783703364614
25.3999083,0.04226749065384909
25.39994001,0.011734187838559548
25.39997339,0.024750133516441595
25.40000749,0.04969863431754024
25.40383482,0.020965896086060882
25.42585778,0.017471580071717403
25.42591929,0.048767833981841764
25.42596149,0.028747997253376057
25.42599511,0.012375066758220797
25.42603445,0.03877317463950561
25.43383217,0.04228274967574579
25.43387747,0.011841000991836423
25.43983507,0.02456702525368124
25.45383382,0.04957656214236667
25.45388246,0.020538643472953384
25.45681477,0.01739528496223392
25.45686126,0.04866102082856489
25.48084903,0.028473334859235522
25.48090148,0.013199053940642405
25.48094511,0.03904783703364614
25.48098588,0.042633707179369804
25.49423981,0.011779964904249637
25.49434853,0.02413977264057374
25.50281763,0.049729152361333635
25.50288463,0.022110322728313116
25.50292945,0.018432898451209278
25.51787472,0.048554207675288015
25.51793122,0.028137636377508202
25.5228498,0.012634470130464637
25.52289963,0.03904783703364614
25.54587698,0.042877851529716945
25.54592848,0.012146181429770352
25.54597139,0.02459754329747463
25.54601216,0.050385290302891586
25.55585456,0.0217441062027924
25.55590248,0.018112458991378654
25.57082558,0.04942397192339971
25.57088733,0.029571984435797664
25.57092333,0.014175631342030976
25.58587027,0.04031433585107195
25.58593655,0.04414435034714275
25.5859704,0.012909132524605172
25.59881353,0.025803006027313648
25.59885097,0.05194171053635462
25.61277866,0.023422598611429007
25.6128068,0.01974517433432517
25.61283064,0.049927519645990695
25.612854,0.02970931563286793
25.62777853,0.01356527046616312
25.6278038,0.039581902800030516
25.6368413,0.04373235675593194
25.6368866,0.01283283741512169
25.63692641,0.02468909742885481
25.65083599,0.05035477225909819
25.65088224,0.02157625696192874
25.6749084,0.0174868390936141
25.67498827,0.0490424963759823
25.67503476,0.028809033340962846
25.675071,0.012451361867704281
25.6778338,0.039002059967956054
25.67788744,0.04386968795300221
25.69084096,0.01254291599908446
25.69090819,0.023865110246433202
25.6998446,0.05018692301823453
25.69990516,0.022415503166247044
25.70485735,0.018097199969481958
25.7188375,0.049011978332188906
25.71888781,0.030518043793392843
25.7428267,0.017242694743266958
25.7428894,0.05470359349965667
25.75084662,0.0550087739375906
25.75089502,0.036911573968108645
25.75093603,0.05889982452124819
25.75097632,0.053360799572747385
25.7648356,0.017914091706721598
25.76491928,0.03176928358892195
25.7738843,0.04657053482871748
25.77393389,0.014297703517204547
25.77397609,0.015259021896696421
25.7978642,0.04721141374837873
25.79793453,0.029739833676661324
25.80483127,0.013885709925993743
25.8048861,0.039291981383993285
25.80492878,0.04312199588006409
25.80496383,0.011993591210803388
25.80500531,0.024109254596780347
25.81880379,0.050476844434271764
25.8188374,0.023254749370565347
25.81886744,0.0187533379110399
25.81889653,0.049973296711680784
25.83379865,0.03022812237735561
25.83382607,0.013885709925993743
25.85283542,0.03982604715037766
25.85291457,0.04486152437628748
25.85296273,0.013824673838406958
25.86684728,0.02504005493247883
25.86690855,0.05149919890135042
25.87486339,0.024505989166094453
25.87492204,0.01927214465552758
25.87980437,0.050644693675135424
25.87983942,0.03274586099031052
25.88884521,0.015640497444113832
25.88890219,0.04766918440527962
25.90284944,0.04081788357366293
25.90290451,0.015060654612039369
25.90295148,0.03543144884412909
25.91781092,0.05229266803997864
25.93181252,0.020904859998474096
25.93187857,0.028503852903028915
25.93578887,0.055573357747768365
25.93584895,0.029144731822690166
25.94581628,0.02374303807125963
25.94587255,0.05496299687190051
25.95485163,0.03749141680018311
25.95492959,0.020447089341573205
25.96783662,0.05177386129549096
25.96790695,0.04512092774853132
25.9778347,0.018005645838101776
25.9908421,0.044129091325246055
25.99092126,0.049439230945296404
25.99985242,0.017181658655680172
25.999933,0.03476005188067445
25.99998975,0.051483939879453725
26.00004292,0.01803616388189517
26.01485062,0.023651483939879453
26.01492381,0.05001907377737087
26.02083158,0.02230869001297017
26.02089214,0.016281376363775083
26.04486251,0.04779125658045319
26.04493833,0.02963302052338445
26.04498506,0.011154345006485085
26.04503584,0.03616388189517052
26.04508519,0.04293888761730373
26.04512572,0.01138323033493553
26.05982327,0.02124055848020142
26.06982446,0.04864576180666819
26.06988692,0.022171358815899902
26.0699265,0.01513694972152285
26.07779741,0.042923628595407035
26.07782245,0.03639276722362097
26.10095334,0.009735255970092317
26.10102892,0.02912947280079347
26.10591388,0.0464789806973373
26.10597825,0.014663920042725261
26.10602593,0.014999618524452583
26.11490798,0.04257267109178302
26.11496687,0.03660639353017472
26.12888265,0.010070954451819639
26.12895846,0.029480430304417486
26.13582611,0.04873731593804837
26.13590455,0.016052491035324634
26.1608777,0.021774624246585793
26.16096115,0.04913405050736248
26.16101742,0.02226291294728008
26.18378401,0.015594720378423743
26.18380976,0.04748607614251926
26.18383312,0.03100633249408713
26.18385243,0.01254291599908446
26.19978857,0.03663691157396811
26.19983697,0.04327458609903105
26.19987559,0.012375066758220797
26.19991493,0.023361562523842222
26.19995522,0.050553139543755246
26.20379424,0.02333104448004883
26.20382547,0.01594567788204776
26.21278048,0.04864576180666819
26.23882723,0.03096055542839704
26.23888874,0.012344548714427405
26.23893476,0.03825436789501793
26.23897767,0.04498359655146105
26.23901129,0.012375066758220797
26.23905039,0.02230869001297017
26.24785495,0.05023270008392462
26.24792266,0.023804074158846417
26.2611661,0.01701380941481651
26.26124287,0.04852368963149462
26.26984668,0.03126573586633097
26.26990032,0.01266498817425803
26.28383327,0.03756771190966659
26.28388762,0.04473945220111391
26.30781937,0.013031204699778745
26.30788255,0.02333104448004883
26.30798411,0.05067521171892882
26.30802798,0.023437857633325704
26.30806851,0.016235599298084994
26.31080604,0.04812695506218052
26.31085706,0.030930037384603648
26.32482123,0.012146181429770352
26.32486725,0.03730830853742275
26.3338716,0.04464789806973373
26.33392429,0.012726024261844816
26.38382006,0.02197299153124285
26.38388562,0.050095368886854355
26.38392949,0.024048218509193562
26.38397074,0.015533684290836958
26.38401008,0.048676279850461586
26.38404894,0.03184557869840543
26.38578939,0.013214312962539101
26.38583946,0.03781185626001373
26.38587308,0.04512092774853132
26.3859005,0.013443198290989548
26.39581418,0.022873273823147935
26.3958497,0.051056687266346226
26.42092538,0.02468909742885481
26.42099833,0.016281376363775083
26.42105293,0.04797436484321355
26.42110443,0.031830319676508734
26.42285776,0.012512397955291066
26.4229064,0.03706416418707561
26.44082832,0.04473945220111391
26.44088268,0.012619211108567941
26.44092727,0.022186617837796598
26.44784403,0.05085831998168917
26.44789648,0.02485694666971847
26.46120763,0.017257953765163654
26.46130586,0.049103532463569084
26.47485113,0.031998168917372394
26.47488093,0.01228351262684062
26.48385262,0.03700312809948882
26.48389816,0.046509498741130695
26.48889923,0.014679179064621958
26.48897028,0.02316319523918517
26.50387406,0.051224536507209886
26.50394869,0.026047150377660793
26.50984764,0.01765468833447776
26.51890254,0.049347676813916226
26.51897597,0.033035782406347754
26.53188968,0.013382162203402761
26.53196859,0.038284885938811325
26.54490066,0.04675364309147784
26.54496431,0.014358739604791332
26.55886102,0.022980086976424813
26.55892205,0.051316090638590064
26.55897307,0.026413366903181506
26.55902338,0.01727321278706035
26.57285953,0.04994277866788739
26.5729351,0.034195468070496685
26.57298231,0.01399252307927062
26.58582354,0.03852903028915847
26.58588886,0.0477454795147631
26.60984874,0.01544213015945678
26.60993671,0.0315403982604715
26.6099844,0.05236896314946212
26.61002707,0.0217441062027924
26.61007023,0.025177386129549097
26.61011195,0.0528725108720531
26.62485838,0.027344167238879988
26.62493825,0.018570229648279545
26.63438129,0.05024795910582132
26.63448954,0.03450064850843061
26.63455486,0.01373311970702678
26.64879131,0.03822384985122454
26.64885712,0.04794384679942016
26.66522479,0.015381094071869994
26.6653161,0.02993820096131838
26.66536307,0.049439230945296404
26.67281747,0.018738078889143205
26.67980433,0.021988250553139545
26.67988706,0.05090409704737926
26.69279885,0.026031891355764097
26.69287848,0.016647592889295796
26.69981217,0.04899671931029221
26.69989181,0.03405813687342641
26.69994068,0.013321126115815976
26.73080969,0.03730830853742275
26.7308898,0.046890974288548104
26.73093939,0.01432822156099794
26.73099184,0.02333104448004883
26.7327888,0.05493247882810712
26.73284078,0.036194399938963916
26.74583721,0.0354009308003357
26.74591923,0.06123445487144274
26.75983191,0.05551232166018158
26.75989294,0.033447775997558556
26.76584554,0.05212481879911498
26.76592398,0.040161745632104985
26.76597404,0.009246967269398032
26.78081632,0.026321812771801328
26.78979397,0.04786755168993668
26.78981853,0.018066681925688565
26.80777931,0.0217441062027924
26.80780458,0.05123979552910658
26.81479383,0.026123445487144275
26.81481838,0.015838864728770885
26.82889771,0.048203250171664
26.82892275,0.03335622186617838
26.82894206,0.012466620889600977
26.82896423,0.036453803311207754
26.84378839,0.047135118638895246
26.84382701,0.015091172655832761
26.84385967,0.02209506370641642
26.85817337,0.05113298237582971
26.85824537,0.027145799954222935
26.85830021,0.016891737239642938
26.85835028,0.04913405050736248
26.87279606,0.03555352101930266
26.87282348,0.014923323414969101
26.88682508,0.03848325322346838
26.8869009,0.04791332875562677
26.89081264,0.01617456321049821
26.89087248,0.0311284046692607
26.90484476,0.053269245441367206
26.90490675,0.021896696421759364
26.90495467,0.02349889372091249
26.92988253,0.053025101091020065
26.92995501,0.029602502479591057
26.93001246,0.019333180743114367
26.93006301,0.05191119249256123
26.93811274,0.03814755474174106
26.93824148,0.017456321049820707
26.9468677,0.04811169604028382
26.94694018,0.04707408255130846
26.9708569,0.01892118715190356
26.97092032,0.04301518272678721
26.9848516,0.05403219653620203
26.98492932,0.020996414129854278
26.98498487,0.034439612420843826
26.99884748,0.0558785381857023
26.99888897,0.025879301136797133
27.00379014,0.02664225223163195
27.00382614,0.05467307545586328
27.01777339,0.02946517128252079
27.01779866,0.017502098115510796
27.01782227,0.04942397192339971
27.01784515,0.03523308155947204
27.02384019,0.011841000991836423
27.0238955,0.034531166552224005
27.04586267,0.04556343938353551
27.04592776,0.013214312962539101
27.04598308,0.019455252918287938
27.04788327,0.04847791256580453
27.04795599,0.024383916990920882
27.05588412,0.012649729152361334
27.05595732,0.04013122758831159
27.07008338,0.03910887312123293
27.07020926,0.009063859006637675
27.07786083,0.024780651560234988
27.07792044,0.04782177462424658
27.09986973,0.01794460975051499
27.09992146,0.018158236057068743
27.10783958,0.04682993820096132
27.10789824,0.02371252002746624
27.10793567,0.012466620889600977
27.11378074,0.03949034866865034
27.11382675,0.03904783703364614
27.12783456,0.009674219882505532
27.12791419,0.025192645151445793
27.1468153,0.04829480430304418
27.1468823,0.01812771801327535
27.15276742,0.018234531166552225
27.15281725,0.04765392538338292
27.15285802,0.02442969405661097
27.17584705,0.013183794918745708
27.17587352,0.04042114900434882
27.17589903,0.03936827649347677
27.17591906,0.00971999694819562
27.17594218,0.025726710917830166
27.17876482,0.04921034561684596
27.17878914,0.019043259327077136
27.1978128,0.018768596932936598
27.19784451,0.04829480430304418
27.20477462,0.025070572976272222
27.20479727,0.01399252307927062
27.22885227,0.04058899824521248
27.22892404,0.040039673456931414
27.23083448,0.011017013809414817
27.23093724,0.025909819180590526
27.23284864,0.04870679789425498
27.23297453,0.01924162661173419
27.24105334,0.01957732509346151
27.24587011,0.04925612268253605
27.24592948,0.025909819180590526
27.25986314,0.013580529488059816
27.25991774,0.04074158846417945
27.28387547,0.041168841077286945
27.28394055,0.011367971313038834
27.29086852,0.026199740596627757
27.29094148,0.04899671931029221
27.32391381,0.018829633020523383
27.32400441,0.01910429541466392
27.32406092,0.04985122453650721
27.3241117,0.02784771496147097
27.32416391,0.015259021896696421
27.33397341,0.04652475776302739
27.33407211,0.03381399252307927
27.34289861,0.011291676203555352
27.34297252,0.034363317311360345
27.34302831,0.047226672770275424
27.34307146,0.014511329823758298
27.36648321,0.018493934538796063
27.36662197,0.04885938811322194
27.36896968,0.027191577019913024
27.36904359,0.014450293736171512
27.36908102,0.040787365529869536
27.36911559,0.041123064011596856
27.36914349,0.012146181429770352
27.36917591,0.026947432669565882
27.38382554,0.05046158541237507
27.38386106,0.020538643472953384
27.39278722,0.019684138246738384
27.39281178,0.049973296711680784
27.41579628,0.027771419851987486
27.41581941,0.014984359502555887
27.41781712,0.04165712977798123
27.41786051,0.042252231631952394
27.42783856,0.012268253604943923
27.42788219,0.026031891355764097
27.43598723,0.050598916609445335
27.43606663,0.021484702830548562
27.43787336,0.019729915312428473
27.4459157,0.04995803768978409
27.44598722,0.028046082246128024
27.45984864,0.015274280918593118
27.45991969,0.04704356450751507
27.47381639,0.03544670786602579
27.47384953,0.011734187838559548
27.49792862,0.03413443198290989
27.49800134,0.04806591897459373
27.4980576,0.016601815823605707
27.49810863,0.027267872129396506
27.4998858,0.051926451514457926
27.4999342,0.02349889372091249
27.50406456,0.02209506370641642
27.51784372,0.05163653009842069
27.51789308,0.02958724345769436
27.5268209,0.015716792553597314
27.52685928,0.04753185320820935
27.53979731,0.03646906233310445
27.53982401,0.012161440451667048
27.54887366,0.03390554665445945
27.5489378,0.047638666361486226
27.55384111,0.014908064393072405
27.55389714,0.018814373998626687
27.56784487,0.0494697489890898
27.56790423,0.02848859388113222
27.56794333,0.014312962539101243
27.59283423,0.04089417868314641
27.59289241,0.04293888761730373
27.60586143,0.012603952086671245
27.60591483,0.026428625925078202
27.60595179,0.050812542915999084
27.60598755,0.021683070115205615
27.60602069,0.01907377737087053
27.6297884,0.04875257495994507
27.63881755,0.028076600289921417
27.63885927,0.014847028305485618
27.63888645,0.04290836957351034
27.64779425,0.04779125658045319
27.64782262,0.02435339894712749
27.66083097,0.0541695277332723
27.6609056,0.06106660563057908
27.66095948,0.03445487144274052
27.67479706,0.034912642099641414
27.67482519,0.05120927748531319
27.67484903,0.019714656290531776
27.67487216,0.016449225604638743
27.67489505,0.04693675135423819
27.690804,0.026413366903181506
27.69085455,0.012741283283741512
27.69089603,0.03997863736934462
27.70430493,0.043549248493171586
27.70434952,0.012420843823910887
27.70887971,0.025177386129549097
27.72078705,0.05046158541237507
27.73288465,0.021515220874341955
27.73296309,0.018478675516899367
27.74082112,0.0498970016021973
27.74088955,0.029922941939421684
27.7409308,0.01454184786755169
27.74783564,0.04023804074158847
27.74787068,0.043335622186617836
27.75579333,0.012619211108567941
27.75582099,0.02566567483024338
27.78284979,0.05154497596704051
27.78290653,0.023468375677119097
27.78295255,0.020401312275883116
27.78584528,0.05058365758754864
27.78589106,0.03010605020218204
27.79282713,0.01530479896238651
27.79288077,0.0477454795147631
27.80162311,0.03904783703364614
27.80168557,0.014435034714274816
27.81483126,0.03544670786602579
27.81489277,0.051316090638590064
27.82483625,0.019501029983978027
27.82488728,0.028931105516136417
27.84784174,0.05426108186465248
27.84790301,0.026382848859388113
27.84794879,0.023804074158846417
27.84798956,0.056397344930189976
27.8480289,0.037293049515526054
27.86293149,0.020660715648126955
27.86300278,0.05212481879911498
27.86792898,0.04370183871213855
27.86800027,0.018280308232242314
27.8818655,0.04654001678492409
27.8819263,0.05024795910582132
27.89483833,0.01821927214465553
27.89489794,0.03749141680018311
27.91885757,0.05154497596704051
27.91891742,0.018204013122758832
27.91896176,0.026214999618524453
27.91900206,0.05090409704737926
27.91904402,0.022034027618829635
27.92793012,0.016937514305333027
27.92800093,0.04779125658045319
27.93585873,0.027954528114747846
27.93588924,0.011749446860456245
27.95988226,0.03761348897535668
27.95995522,0.041092545967803464
27.96000195,0.009857328145265888
27.96005249,0.02214084077210651
27.9759016,0.04742504005493248
27.97596741,0.019424734874494545
27.97600698,0.014526588845654994
27.9808073,0.04267948424505989
27.98085809,0.0354009308003357
27.99484921,0.009857328145265888
27.99492216,0.030121309224078737
28.00982499,0.045960173952849626
28.00988626,0.013199053940642405
28.00992727,0.014465552758068208
28.02389622,0.042252231631952394
28.02396774,0.034912642099641414
28.02883077,0.009689478904402228
28.02886844,0.02975509269855802
28.03829598,0.04635690852216373
28.03843999,0.014572365911345083
28.03852654,0.016037232013427938
28.05085135,0.04815747310597391
28.05091166,0.0281528953994049
28.05879617,0.011367971313038834
28.05883193,0.03747615777828641
28.0828135,0.042755779354543375
28.08286738,0.011841000991836423
28.08291674,0.023102159151598384
28.08296061,0.04950026703288319
28.08977985,0.021896696421759364
28.08982849,0.01715114061188678
28.103894,0.048844129091325246
28.10397053,0.030334935530632486
28.10403228,0.01351949340047303
28.11384058,0.03814755474174106
28.11390209,0.043472953383688104
28.11394191,0.012909132524605172
28.14082384,0.023987182421606777
28.14085627,0.04998855573357748
28.14088225,0.022293430991073473
28.14090657,0.016647592889295796
28.1477809,0.048722056916151675
28.14780712,0.030548561837186235
28.15579486,0.013199053940642405
28.15583229,0.03846799420157168
28.16982341,0.04379339284351873
28.16987514,0.012741283283741512
28.16992044,0.024048218509193562
28.19480705,0.05087357900358587
28.19483399,0.022919050888838024
28.19485879,0.017029068436713205
28.19488287,0.04866102082856489
28.2047987,0.030518043793392843
28.20481992,0.013244831006332494
28.21089244,0.03894102388036927
28.21095276,0.04505989166094453
28.22499061,0.013214312962539101
28.22508955,0.0234531166552224
28.23887587,0.05044632639047837
28.23894954,0.023514152742809186
28.24286866,0.0183413443198291
28.25637603,0.04879835202563516
28.25649619,0.03031967650873579
28.2698617,0.01330586709391928
28.26992226,0.03944457160296025
28.27284145,0.04625009536888686
28.272892,0.014526588845654994
28.28083634,0.024658579385061417
28.28089881,0.051270313572899975
28.29003692,0.023422598611429007
28.29017854,0.016998550392919812
28.31484246,0.04879835202563516
28.31490636,0.03138780804150454
28.3149457,0.013244831006332494
28.32782149,0.03863584344243534
28.32787228,0.04489204242008087
28.32790446,0.012573434042877852
28.32793975,0.022278171969176776
28.35088897,0.04998855573357748
28.3509624,0.02383459220263981
28.35986876,0.017380025940337225
28.35993981,0.04815747310597391
28.35998678,0.03048752574959945
28.36002231,0.012695506218051423
28.37883949,0.03799496452277409
28.3789196,0.044754711223010606
28.37896776,0.01287861448081178
28.38480496,0.02294956893263142
28.39379978,0.05079728389410239
28.39383173,0.02374303807125963
28.40278792,0.017715724422064545
28.40281415,0.051270313572899975
28.40283775,0.038574807354848556
28.41688395,0.028534370946822308
28.41696239,0.06121919584954604
28.41701865,0.0571297779812314
28.42385006,0.02873273823147936
28.42388868,0.044251163500419625
28.44580913,0.04353398947127489
28.44583082,0.010437170977340352
28.44783092,0.020813305867093918
28.45580435,0.04786755168993668
28.45583153,0.02226291294728008
28.46278167,0.015426871137560083
28.4698019,0.04873731593804837
28.46987081,0.03176928358892195
28.46991396,0.012375066758220797
28.48278117,0.03715571831845579
28.48280644,0.04461738002594034
28.48790479,0.013321126115815976
28.48798442,0.022903791866941327
28.51091933,0.05084306095979248
28.51099443,0.02426184481574731
28.51104903,0.01637293049515526
28.5128479,0.04835584039063096
28.51289511,0.032394903486686506
28.52584147,0.013580529488059816
28.52588201,0.03863584344243534
28.53585029,0.046677347981994355
28.53590178,0.014358739604791332
28.54483747,0.0234531166552224
28.54488754,0.051438162813763635
28.55783272,0.026199740596627757
28.55788255,0.01872281986724651
28.58101153,0.0507362478065156
28.58111262,0.0340886549172198
28.58286166,0.015197985809109636
28.58291149,0.039841306172274354
28.58294773,0.048386358434424355
28.5929966,0.01687647821774624
28.59307408,0.033951323720149536
28.60582829,0.05337605859464408
28.60589027,0.02299534599832151
28.61081481,0.028076600289921417
28.61087418,0.05549706263828488
28.62481785,0.03053330281528954
28.62487769,0.02276646066987106
28.64883184,0.05467307545586328
28.64888787,0.038162813763637754
28.64893079,0.019165331502250707
28.6508224,0.050308995193408104
28.65086913,0.04597543297474632
28.66087961,0.01687647821774624
28.66092849,0.040955214770733196
28.66890788,0.04892042420080873
28.66895819,0.015930418860151063
28.69892764,0.031021591515983826
28.699018,0.05003433279926757
28.69907451,0.017517357137407492
28.69912529,0.020828564888990615
28.70083857,0.048722056916151675
28.7008996,0.02288853284504463
28.70094228,0.01368734264133669
28.71482992,0.04101625085831998
28.71488118,0.037964446478980694
28.72988367,0.009399557488364995
28.72994018,0.027115281910429542
28.73886299,0.04708934157320516
28.73891354,0.01594567788204776
28.75094581,0.01965362020294499
28.75101471,0.04827954528114748
28.77587652,0.02255283436331731
28.77594733,0.013672083619439994
28.77599144,0.041763942931258104
28.77609348,0.03901731898985275
28.77613091,0.010894941634241245
28.7898376,0.028137636377508202
28.78995848,0.04846265354390784
28.79000831,0.017578393224994278
28.79007101,0.020523384451056687
28.81539297,0.049225604638742655
28.81547141,0.02418554970626383
28.81551862,0.01475547417410544
28.82882595,0.041718165865568015
28.82886648,0.03904783703364614
28.82889533,0.011505302510109103
28.82892919,0.02827496757457847
28.84285569,0.04866102082856489
28.84292579,0.017883573662928205
28.84297729,0.021423666742961776
28.84302711,0.04982070649271382
28.84307599,0.02571145189593347
28.8678093,0.016769665064469367
28.86783934,0.04798962386511025
28.86786318,0.03262378881513695
28.86788297,0.011932555123216601
28.89282846,0.036453803311207754
28.89286494,0.046219577325093464
28.89583206,0.014679179064621958
28.89587927,0.02255283436331731
28.90082574,0.049607080186160064
28.90087986,0.025406271457999542
28.90779829,0.015457389181353476
28.91584349,0.04786755168993668
28.91590261,0.033371480888075074
28.92491937,0.012329289692530708
28.92501855,0.03637750820172427
28.94984293,0.04666208896009766
28.94989657,0.014602883955138476
28.94994092,0.021652552071412222
28.94998407,0.04908827344167239
28.95980644,0.02578774700541695
28.95986176,0.015533684290836958
28.96582818,0.04811169604028382
28.96587491,0.033997100785839625
28.96590805,0.012314030670634012
28.98086715,0.03610284580758373
28.98094082,0.04620431830319677
28.99032855,0.01441977569237812
28.99048424,0.021652552071412222
29.01780701,0.05035477225909819
29.01787758,0.026123445487144275
29.01792479,0.016327153429465172
29.01796865,0.04853894865339132
29.02385902,0.03375295643549248
29.02395868,0.012054627298390174
29.0338099,0.03622491798275731
29.03387237,0.04740978103303578
29.04080868,0.015259021896696421
29.04580569,0.0298619058518349
29.04587269,0.05107194628824292
29.06985641,0.019851987487602044
29.06994486,0.021316853589684902
29.06999111,0.0507362478065156
29.0700326,0.02703898680094606
29.0798316,0.016235599298084994
29.07988334,0.04853894865339132
29.08928919,0.03459220263981079
29.08941555,0.01271076523994812
29.09782195,0.036408026245517665
29.09788799,0.048096437018387124
29.10382795,0.015701533531700618
29.11810875,0.029053177691309988
29.11818695,0.05107194628824292
29.13184786,0.0200503547722591
29.13194561,0.02145418478675517
29.15488052,0.0515907530327306
29.15494919,0.027771419851987486
29.15500259,0.01692225528343633
29.1550529,0.04895094224460212
29.16981149,0.035492484931715876
29.1698637,0.014038300144960708
29.16990566,0.03776607919432364
29.16994715,0.04963759822995346
29.16998696,0.017410543984130618
29.18379426,0.03036545357442588
29.18382621,0.051270313572899975
29.20882964,0.020813305867093918
29.20888829,0.022171358815899902
29.21381831,0.051056687266346226
29.21386981,0.027267872129396506
29.21391058,0.015960936903944456
29.21395016,0.04824902723735409
29.22081923,0.035202563515678645
29.22086143,0.01249713893339437
29.22090197,0.035370412756542305
29.2348268,0.04698252841992828
29.2348609,0.015060654612039369
29.23489451,0.021011673151750974
29.25179005,0.05041580834668498
29.25181746,0.02749675745784695
29.26381683,0.01539635309376669
29.26384592,0.04716563668268864
29.27077699,0.03442435339894713
29.27079892,0.012527656977187763
29.27880073,0.03535515373464561
29.27883577,0.046890974288548104
29.28783536,0.017059586480506598
29.28786039,0.03230334935530633
29.31079984,0.05833524071107042
29.31082797,0.036362249179827576
29.31278038,0.04623483634699016
29.32583618,0.061127641718165864
29.33081293,0.042298008697642483
29.33086991,0.025482566567483024
29.33985329,0.04785229266803998
29.33992529,0.03065537499046311
29.33997083,0.008667124437323568
29.34783506,0.033112077515831236
29.35462213,0.046967269398031586
29.35466146,0.015060654612039369
29.35469317,0.020630197604333562
29.37785316,0.04979018844892042
29.37791204,0.026764324406805522
29.37794781,0.014267185473411154
29.38788652,0.041123064011596856
29.38796639,0.041626611734187836
29.38802385,0.013153276874952316
29.38807702,0.02798504615854124
29.40285325,0.05078202487220569
29.40291142,0.02119478141451133
29.41587377,0.021271076523994813
29.41594863,0.05130083161669337
29.42601991,0.028885328450446328
29.42617774,0.01602197299153124
29.44887185,0.04779125658045319
29.44893312,0.03598077363241016
29.44897103,0.01373311970702678
29.4490118,0.036575875486381325
29.44905448,0.04924086366063935
29.45883489,0.016739147020675974
29.45889688,0.028824292362859542
29.4688344,0.052399481193255514
29.46889091,0.023132677195391776
29.49092793,0.022369726100556955
29.49103665,0.052262149996185246
29.4935298,0.030685893034256503
29.49360394,0.01867704280155642
29.50591874,0.051102464332036315
29.50597525,0.03938353551537346
29.50601864,0.01637293049515526
29.51484513,0.04609750514991989
29.51489925,0.04777599755855649
29.52783465,0.01808194094758526
29.52788234,0.04057373922331579
29.53482842,0.05412375066758221
29.53488111,0.021713588158999007
29.55805373,0.031570916304264895
29.55819201,0.05467307545586328
29.5582602,0.025192645151445793
29.55831933,0.02328526741435874
29.56782651,0.0528877698939498
29.56788468,0.03053330281528954
29.56792831,0.01641870756084535
29.58282804,0.046677347981994355
29.5828805,0.03433279926756695
29.59184456,0.010650797283894103
29.59189892,0.03279163805600061
29.61484408,0.04579232471198596
29.61489725,0.01266498817425803
29.63383818,0.01637293049515526
29.63389945,0.04658579385061418
29.64083028,0.025406271457999542
29.64087749,0.012008850232700085
29.66011286,0.03869687953002213
29.6601634,0.04029907682917525
29.66019893,0.009704737926298924
29.66880274,0.023422598611429007
29.66887069,0.0473334859235523
29.66891146,0.018524452582589456
29.66895127,0.017029068436713205
29.67781639,0.04745555809872587
29.67786837,0.02627603570611124
29.69084859,0.011718928816662852
29.6909101,0.038330663004501414
29.69096088,0.041290913252460516
29.72480369,0.011001754787518121
29.72483325,0.02418554970626383
29.72485709,0.0477607385366598
29.72488022,0.01953154802777142
29.72778153,0.01794460975051499
29.7278049,0.04827954528114748
29.72782803,0.027069504844739453
29.72977781,0.013015945677882048
29.72980809,0.03944457160296025
29.7368412,0.04213015945677882
29.73688841,0.01168841077286946
29.75023222,0.025101091020065615
29.7503047,0.049103532463569084
29.76386476,0.020141908903639278
29.76394081,0.01824979018844892
29.77386618,0.04916456855115587
29.77393794,0.027954528114747846
29.77398467,0.01283283741512169
29.78086543,0.03959716182192721
29.78093696,0.04211490043488213
29.79589295,0.012176699473563745
29.79596806,0.025238422217135882
29.80087423,0.04998855573357748
29.80094814,0.02191195544365606
29.81512618,0.018768596932936598
29.81525087,0.0490424963759823
29.84918785,0.028122377355611506
29.84927821,0.013427939269092852
29.84931421,0.04031433585107195
29.84934926,0.04336614023041123
29.84937716,0.011871519035629816
29.85384059,0.025101091020065615
29.85391092,0.05024795910582132
29.86083937,0.02136263065537499
29.86091805,0.01846341649500267
29.8850677,0.04921034561684596
29.88525915,0.02839703974975204
29.88530087,0.013153276874952316
29.88534522,0.0392156862745098
29.88539243,0.04312199588006409
29.88785815,0.012176699473563745
29.88790464,0.024612802319371328
29.91085744,0.049439230945296404
29.91091537,0.021057450217441064
29.91481495,0.01812771801327535
29.91485167,0.04913405050736248
29.91488481,0.028885328450446328
29.93778563,0.013717860685130083
29.93781972,0.03985656519417105
29.93784952,0.04336614023041123
29.93787098,0.011795223926146334
29.9511826,0.024612802319371328
29.95128798,0.05006485084306096
29.95586324,0.021820401312275882
29.95591164,0.018142977035172047
29.96487594,0.048889906157015335
29.96492934,0.028931105516136417
29.96985602,0.013931486991683834
29.98389578,0.04007019150072481
29.98395205,0.04345769436179141
29.99784112,0.012024109254596781
29.997895,0.02459754329747463
30.00581717,0.05056839856565194
30.00591993,0.022461280231937133
30.00781345,0.018493934538796063
30.00785708,0.050217441062027926
30.02091694,0.030579079880979628
30.02096033,0.01441977569237812
30.03482056,0.040451667048142216
30.03487301,0.04531929503318837
30.03490806,0.012909132524605172
30.06286073,0.024933241779201955
30.06292939,0.0515754940108339
30.06297517,0.02316319523918517
30.06301665,0.018814373998626687
30.06579828,0.050049591821164266
30.06586003,0.03079270618753338
30.0788548,0.014435034714274816
30.07892013,0.04019226367589838
30.08882284,0.04449530785076677
30.08888745,0.01368734264133669
30.08893228,0.025436789501792935
30.1132772,0.05162127107652399
30.11330342,0.024170290684367133
30.12379265,0.01965362020294499
30.13477802,0.05108720531013962
30.13480377,0.032028686961165787
30.13482809,0.015869382772564278
30.14908743,0.048172732127870606
30.14916801,0.04025329976348516
30.14921737,0.014236667429617761
30.14926863,0.03405813687342641
30.14932084,0.05035477225909819
30.17281651,0.017761501487754634
30.1728456,0.025436789501792935
30.17286992,0.051606012054627295
30.17289329,0.023422598611429007
30.17980051,0.018539711604486152
30.19379163,0.05015640497444114
30.20480275,0.03053330281528954
30.20485878,0.01326009002822919
30.20489979,0.039078355077439536
30.20493937,0.04443427176317998
30.20497251,0.012787060349431601
30.20785952,0.023987182421606777
30.20790362,0.050263218127718015
30.2208755,0.023224231326771955
30.22093868,0.01777676050965133
30.24520636,0.049607080186160064
30.2453289,0.030594338902876324
30.24913836,0.013488975356679637
30.25886226,0.03987182421606775
30.25893974,0.047013046463721675
30.26383209,0.018402380407415885
30.26390481,0.04414435034714275
30.27083802,0.061158159761959256
30.27091098,0.044464789806973375
30.28019905,0.043762874799725335
30.28031278,0.0584115358205539
30.29488683,0.025055313954375526
30.29496455,0.01617456321049821
30.30786204,0.04643320363164721
30.30793476,0.027313649195086595
30.30798149,0.010666056305790799
30.32284474,0.03743038071259632
30.32290411,0.04464789806973373
30.32294226,0.013488975356679637
30.32301044,0.023849851224536506
30.33787298,0.05024795910582132
30.33794475,0.022842755779354542
30.34388065,0.01710536354619669
30.3439517,0.04913405050736248
30.36884475,0.03117418173495079
30.36889791,0.013794155794613565
30.36894298,0.0388189517051957
30.3689847,0.044968337529564355
30.36902046,0.013473716334782941
30.3838141,0.023682001983672846
30.38390112,0.050934615091172655
30.38580155,0.024872205691615166
30.38584685,0.01850919356069276
30.40081453,0.049805447470817124
30.40086365,0.032028686961165787
30.4008975,0.014175631342030976
30.42878866,0.03932249942778668
30.42881656,0.046082246128023197
30.42883658,0.014801251239795529
30.42886019,0.02545204852368963
30.42888379,0.053070878156710154
30.42890692,0.026260776684214542
30.44378233,0.02043183031967651
30.44380736,0.052429999237048906
30.44383097,0.0349584191653315
30.45878291,0.017425803006027314
30.45881653,0.049225604638742655
30.48282242,0.043381399252307926
30.48284984,0.017059586480506598
30.48287368,0.044007019150072484
30.48289704,0.05065995269703212
30.49281454,0.019546807049668116
30.49284148,0.038452735179674985
30.49880886,0.055939574273289085
30.50487471,0.02333104448004883
30.51494193,0.0281528953994049
30.51502085,0.05474937056534676
30.52891421,0.027771419851987486
30.52899575,0.01998931868467231
30.54322505,0.05037003128099489
30.54332137,0.03279163805600061
30.5433712,0.01309224078736553
30.56479287,0.03802548256656748
30.5648222,0.04481574731059739
30.57478094,0.012512397955291066
30.57480788,0.0217441062027924
30.57483149,0.04885938811322194
30.57485509,0.022491798275730526
30.57487822,0.015579461356527047
30.58886695,0.04745555809872587
30.58894157,0.03006027313649195
30.60376811,0.011749446860456245
30.60379481,0.03634699015793088
30.61591673,0.04353398947127489
30.61598086,0.011596856641489281
30.61603546,0.020874341954680704
30.61608863,0.0477454795147631
30.63085604,0.02221713588158999
30.63091016,0.015167467765316243
30.63582158,0.042496375982299536
30.63587117,0.0375219348439765
30.64282441,0.009735255970092317
30.64289117,0.0277103837644007
30.64294434,0.0469214923323415
30.65783286,0.015838864728770885
30.65789437,0.02084382391088731
30.6808815,0.048599984740978104
30.6809566,0.022705424582284275
30.68289161,0.014572365911345083
30.68302131,0.042038605325398645
30.69083118,0.0375066758220798
30.69088387,0.009918364232852674
30.6909287,0.027969787136644542
30.70082378,0.04789806973373007
30.70279813,0.016998550392919812
30.71587491,0.021881437399862667
30.71595359,0.04936293583581292
30.72981501,0.02362096589608606
30.72988963,0.014847028305485618
30.74388576,0.04174868390936141
30.74396491,0.03813229571984436
30.74401426,0.010833905546654459
30.74406552,0.029098954757000077
30.74411774,0.048889906157015335
30.75381184,0.017456321049820707
30.75385118,0.02157625696192874
30.77079582,0.05058365758754864
30.77082181,0.0247348744945449
30.77084661,0.015793087663080796
30.79279304,0.04779125658045319
30.79282141,0.03143358510719463
30.79284167,0.011734187838559548
30.79286528,0.03643854428931106
30.80278039,0.0451972228580148
30.80280256,0.01297016861219196
30.8159225,0.021637293049515526
30.81599498,0.05006485084306096
30.81782532,0.024612802319371328
30.81786966,0.015701533531700618
30.83382678,0.04812695506218052
30.83387566,0.032166018158236054
30.83980703,0.011902037079423208
30.86386752,0.036453803311207754
30.86392999,0.04531929503318837
30.86396885,0.013641565575646601
30.86401081,0.02238498512245365
30.86581826,0.05029373617151141
30.86586571,0.023987182421606777
30.8908782,0.01565575646601053
30.89095211,0.04814221408407721
30.89484572,0.03347829404135195
30.89489079,0.01326009002822919
30.90885448,0.037293049515526054
30.90890932,0.04654001678492409
30.90894461,0.014358739604791332
30.93886137,0.022537575341420615
30.9389255,0.0511787594415198
30.93897223,0.02677958342870222
30.93901443,0.017517357137407492
30.9390552,0.04962233920805676
30.9390955,0.034531166552224005
30.9408145,0.013229571984435798
30.94086432,0.03718623636224918
30.96585989,0.046219577325093464
30.96591926,0.014145113298237583
30.96596432,0.022232394903486687
30.97485423,0.05044632639047837
30.97489071,0.025513084611276417
30.98268437,0.01625085831998169
30.99377918,0.048096437018387124
30.99380922,0.03205920500495918
30.99383092,0.010940718699931334
30.99385524,0.0354009308003357
30.99976659,0.04556343938353551
30.99978757,0.013794155794613565
31.01435494,0.021683070115205615
31.01447558,0.05070572976272221
31.02789927,0.02542153047989624
31.02798057,0.01513694972152285
31.04087186,0.04182497901884489
31.04094434,0.03970397497520409
31.04099321,0.012008850232700085
31.04815769,0.02883955138475624
31.04825974,0.04974441138323033
31.06282854,0.02059967956054017
31.06289053,0.027603570611123826
31.06781125,0.061127641718165864
31.06786752,0.047882810711833375
31.08089614,0.03894102388036927
31.08095479,0.060364690623331045
31.10590696,0.03761348897535668
31.10597205,0.012207217517357137
31.10602617,0.03430228122377356
31.10607696,0.04353398947127489
31.10611844,0.011001754787518121
31.11512661,0.01812771801327535
31.11520481,0.04832532234683757
31.12484741,0.02561989776455329
31.12491155,0.0157778286411841
31.13785601,0.04702830548561837
31.13794947,0.03271534294651713
31.13799453,0.01168841077286946
31.16078401,0.035828183413443196
31.16081047,0.0460669871061265
31.16277456,0.01373311970702678
31.16279984,0.020752269779507133
31.16282272,0.04998855573357748
31.16284704,0.026367589837491417
31.17788124,0.016098268101014723
31.17795253,0.04835584039063096
31.17800736,0.03428702220187686
31.19577789,0.013107499809262227
31.19580388,0.036743724727244985
31.20994329,0.047730220492866404
31.21001172,0.015228503852903029
31.22386789,0.021774624246585793
31.22393394,0.05198748760204471
31.23882651,0.027267872129396506
31.2388916,0.016998550392919812
31.24487066,0.04971389333943694
31.24499822,0.036789501792935074
31.24503851,0.015075913633936065
31.26887298,0.03904783703364614
31.2689333,0.05018692301823453
31.26897788,0.018616006713969634
31.26901984,0.03268482490272374
31.28397536,0.0550087739375906
31.28407454,0.025604638742656595
31.2841537,0.026977950713359275
31.28422523,0.056488899061570154
31.29786563,0.033783474479285876
31.29793882,0.022613870450904097
31.30282474,0.05510032806897078
31.30288339,0.041428244449530784
31.30293512,0.01901274128328374
31.31695652,0.048889906157015335
31.31702948,0.047058823529411764
31.32986259,0.01629663538567178
31.32992721,0.03892576485847257
31.34382248,0.050141145952544444
31.34386301,0.01687647821774624
31.35277486,0.02887006942854963
31.35280085,0.04924086366063935
31.35778308,0.019180590524147403
31.35780811,0.01969939726863508
31.36577773,0.04919508659494926
31.36580205,0.025467307545586328
31.36779547,0.013504234378576334
31.38150072,0.04029907682917525
31.38160348,0.03915465018692302
31.40480518,0.010208285648889906
31.40483212,0.025604638742656595
31.40486479,0.04797436484321355
31.40488911,0.01808194094758526
31.41393352,0.018875410086213473
31.41401315,0.048676279850461586
31.42587996,0.025314717326619364
31.42593455,0.013382162203402761
31.43290114,0.04065003433279927
31.43297434,0.04118410009918364
31.44695568,0.010055695429922943
31.45989799,0.02554360265506981
31.4599793,0.04844739452201114
31.46584558,0.018997482261387044
31.4659059,0.019043259327077136
31.46984673,0.04875257495994507
31.46989632,0.02554360265506981
31.47884822,0.013427939269092852
31.47889447,0.040955214770733196
31.49484396,0.040009155413138014
31.49490333,0.010543984130617228
31.49494648,0.02571145189593347
31.49498844,0.04896620126649882
31.52281308,0.01901274128328374
31.53081155,0.019165331502250707
31.53086233,0.048722056916151675
31.53090358,0.02630655374990463
31.53093743,0.014236667429617761
31.54585052,0.04086366063935302
31.54590583,0.04122987716487373
31.54594088,0.011841000991836423
31.55882001,0.02681010147249561
31.55885649,0.04974441138323033
31.55889106,0.020202944991226063
31.55892444,0.020477607385366598
31.58280253,0.05029373617151141
31.58282995,0.027557793545433737
31.58879566,0.014770733196002136
31.5888207,0.04097047379262989
31.58884454,0.04185549706263828
31.60577536,0.011978332188906692
31.60580039,0.02703898680094606
31.60883498,0.050049591821164266
31.6088798,0.020462348363469902
31.62387371,0.020187685969329367
31.62394786,0.050049591821164266
31.62400484,0.027649347676813915
31.62405038,0.014938582436865798
31.63886261,0.04174868390936141
31.63893509,0.04281681544213016
31.63898206,0.012420843823910887
31.65385365,0.02618448157473106
31.65390801,0.050431067368581675
31.67807245,0.021133745326924545
31.6782136,0.019668879224841687
31.6782918,0.050217441062027926
31.67836213,0.02801556420233463
31.68028975,0.014465552758068208
31.6804285,0.04164187075608453
31.68891335,0.043091477836270695
31.68902946,0.012375066758220797
31.68907905,0.026382848859388113
31.702847,0.050812542915999084
31.70290518,0.02157625696192874
31.72779346,0.02026398107881285
31.72787476,0.05082780193789578
31.72793007,0.028198672465094988
31.72797322,0.01411459525444419
31.7378459,0.04074158846417945
31.73792553,0.04170290684367132
31.73797607,0.01228351262684062
31.74416351,0.026749065384908826
31.7441988,0.05061417563134203
31.7577641,0.021149004348821242
31.75778866,0.01969939726863508
31.76576161,0.0503242542153048
31.76578593,0.028809033340962846
31.7797935,0.014663920042725261
31.79384494,0.040787365529869536
31.79390359,0.042633707179369804
31.79394031,0.01271076523994812
31.79398084,0.026367589837491417
31.80384398,0.050980392156862744
31.803895,0.022171358815899902
31.8128891,0.020141908903639278
31.81296706,0.05017166399633784
31.82384443,0.02839703974975204
31.82389975,0.014785992217898832
31.83582544,0.04153505760280766
31.83587432,0.04353398947127489
31.84997702,0.013382162203402761
31.8598361,0.027435721370260166
31.85990047,0.051361867704280154
31.86481881,0.022827496757457846
31.86487627,0.02136263065537499
31.87385964,0.0524605172808423
31.87393403,0.03146410315098802
31.87399006,0.016495002670328832
31.8740437,0.048172732127870606
31.90883589,0.03784237430380712
31.90890622,0.012649729152361334
31.90896153,0.033661402304112305
31.90901351,0.04814221408407721
31.90906358,0.01667811093308919
31.91281462,0.0268711375600824
31.91288781,0.05107194628824292
31.92580628,0.021606775005722133
31.9258821,0.019058518348973832
31.93480158,0.05003433279926757
31.93486214,0.029663538567177843
31.95982456,0.014557106889448387
31.95988655,0.04080262455176623
31.97384095,0.0435034714274815
31.97391081,0.012375066758220797
31.98090267,0.025558861676966506
31.98101258,0.05069047074082551
31.9810884,0.022232394903486687
31.99680972,0.019714656290531776
31.99689293,0.05070572976272221
31.99694991,0.032166018158236054
31.99700165,0.0196078431372549
32.01006079,0.0567025253681239
32.01016188,0.05650415808346685
32.0188992,0.03973449301899748
32.01899171,0.05934233615625238
32.01903248,0.05212481879911498
32.01906919,0.017303730830853743
32.0438838,0.0332646677347982
32.04395819,0.04583810177767605
32.04400611,0.01351949340047303
32.05879951,0.01731898985275044
32.05887008,0.049774929427023724
32.05891991,0.02998397802700847
32.05895853,0.014465552758068208
32.05900097,0.03994811932555123
32.07281375,0.042999923704890516
32.07284641,0.012252994583047227
32.07783532,0.025513084611276417
32.07788372,0.051316090638590064
32.09091854,0.022537575341420615
32.09097862,0.018692301823453116
32.11513281,0.049561303120469975
32.11526036,0.029846646829938202
32.11533809,0.015808346684977492
32.11793494,0.04637216754406043
32.11798143,0.03633173113603418
32.12880301,0.01254291599908446
32.12883902,0.033447775997558556
32.13488364,0.04898146028839551
32.13495517,0.017593652246890974
32.14793897,0.02594033722438392
32.14803863,0.05094987411306935
32.17081928,0.023132677195391776
32.17087913,0.019806210421911954
32.17276692,0.05084306095979248
32.17280602,0.030823224231326773
32.17284012,0.01568627450980392
32.18081641,0.04844739452201114
32.18085241,0.03997863736934462
32.20678234,0.014847028305485618
32.20681095,0.03602655069810025
32.20683503,0.05224689097428855
32.20685816,0.02084382391088731
32.21980119,0.029785610742351417
32.21985245,0.05607690547035935
32.23380375,0.029022659647516595
32.23383045,0.023559929808499275
32.23385453,0.0537422751201648
32.23387742,0.03543144884412909
32.2398777,0.019470511940184634
32.24879956,0.05044632639047837
32.24882507,0.04180971999694819
32.26577544,0.015411612115663387
32.26580405,0.04158083466849775
32.26879311,0.04512092774853132
32.26883388,0.013275349050125887
32.29286814,0.024612802319371328
32.29294467,0.04971389333943694
32.29299235,0.020813305867093918
32.29303551,0.016495002670328832
32.30285978,0.04791332875562677
32.30291247,0.027649347676813915
32.302948,0.011078049897001603
32.32787251,0.03694209201190204
32.32794857,0.041260395208667124
32.32798648,0.009857328145265888
32.32802701,0.021805142290379186
32.34385204,0.048432135500114444
32.34390903,0.020813305867093918
32.35285687,0.014953841458762494
32.35290599,0.041596093690394444
32.36183786,0.03466849774929427
32.36189032,0.009781033035782406
32.36193442,0.029694056610971235
32.36197543,0.04652475776302739
32.3958559,0.014770733196002136
32.39778805,0.015762569619287403
32.39785624,0.04673838406958114
32.40278769,0.027786678873884182
32.40284443,0.011657892729076066
32.40288448,0.037293049515526054
32.41878533,0.042633707179369804
32.41881204,0.011459525444419012
32.41883588,0.02299534599832151
32.41885924,0.04896620126649882
32.42381859,0.020920119020370793
32.42386198,0.01617456321049821
32.43790102,0.04740978103303578
32.4379735,0.028885328450446328
32.44655561,0.012176699473563745
32.45882249,0.037964446478980694
32.45888615,0.043213550011444266
32.48317504,0.011841000991836423
32.48341393,0.023682001983672846
32.48355317,0.049881742580300606
32.48381424,0.021881437399862667
32.49684,0.0170443274586099
32.49689889,0.04892042420080873
32.49694324,0.030518043793392843
32.49697804,0.01266498817425803
32.49701762,0.038574807354848556
32.49705696,0.04464789806973373
32.50482702,0.013183794918745708
32.52789497,0.023804074158846417
32.52797318,0.05049210345616846
32.52801776,0.023254749370565347
32.52805877,0.017029068436713205
32.53885865,0.048340581368734266
32.53890991,0.030212863355458915
32.54590416,0.012939650568398567
32.54599977,0.038620584420538645
32.55980229,0.04473945220111391
32.5598774,0.012909132524605172
32.55994439,0.023804074158846417
32.5668273,0.05099565117875944
32.56686616,0.02366674296177615
32.59579015,0.016861219195849545
32.59586334,0.04785229266803998
32.59877467,0.030518043793392843
32.5988183,0.013382162203402761
32.60479069,0.038788433661402305
32.60484052,0.044419012741283286
32.60487413,0.012726024261844816
32.61282706,0.0234531166552224
32.61286187,0.049912260624094
32.62679243,0.023086900129701687
32.62681937,0.017425803006027314
32.63183331,0.04878309300373846
32.631881,0.03053330281528954
32.65512252,0.012420843823910887
32.65524149,0.037796597238117034
32.65532613,0.04473945220111391
32.66285443,0.013122758831158923
32.66291428,0.023559929808499275
32.66884732,0.050431067368581675
32.66890502,0.023437857633325704
32.6828711,0.0166323338673991
32.68291879,0.04831006332494087
32.6888566,0.030930037384603648
32.68889785,0.012375066758220797
32.7028296,0.037369344625009536
32.70288587,0.04455634393835355
32.71596026,0.013183794918745708
32.71601462,0.023422598611429007
32.71605587,0.05029373617151141
32.72482109,0.023651483939879453
32.72486782,0.01794460975051499
32.73382902,0.04936293583581292
32.73388147,0.031143663691157397
32.7481606,0.012893873502708476
32.74822092,0.03799496452277409
32.75599313,0.04557869840543221
32.75610566,0.013504234378576334
32.75614333,0.023422598611429007
32.76981711,0.05085831998168917
32.76985335,0.024383916990920882
32.79281592,0.016998550392919812
32.79284382,0.0486152437628748
32.79485106,0.031952391851682305
32.79489589,0.013351644159609368
32.79493642,0.03846799420157168
32.80376887,0.045685511558709084
32.80379128,0.01399252307927062
32.81310391,0.023437857633325704
32.81315017,0.04986648355840391
32.8259325,0.024673838406958113
32.82601523,0.018448157473105974
32.85121608,0.05003433279926757
32.85133815,0.03341725795376516
32.85140514,0.014084077210650798
32.8529098,0.03768978408484016
32.85295987,0.047013046463721675
32.85789847,0.015594720378423743
32.85796642,0.032440680552376595
32.86984491,0.05163653009842069
32.8699019,0.02043183031967651
32.88578224,0.026214999618524453
32.88580847,0.052933546959639886
32.89690161,0.025070572976272222
32.8969655,0.017166399633783476
32.91984797,0.04895094224460212
32.91990852,0.033035782406347754
32.91994667,0.01432822156099794
32.92886996,0.03802548256656748
32.92892814,0.04545662623025864
32.93782282,0.013931486991683834
32.93787146,0.02294956893263142
32.95106363,0.05084306095979248
32.95113516,0.025070572976272222
32.95118999,0.016815442130159456
32.95124173,0.04824902723735409
32.96586037,0.032700083924620434
32.96591616,0.013763637750820172
32.97887373,0.037918669413290605
32.97893524,0.04597543297474632
32.97897959,0.014038300144960708
32.984972,0.022674906538490882
32.98502946,0.05206378271152819
32.99088788,0.028366521705958648
32.9909513,0.023468375677119097
33.0059073,0.060990310521095596
33.0059607,0.05488670176241703
33.01088071,0.03981078812848096
33.01095939,0.05891508354314488
33.03486848,0.04486152437628748
33.03492332,0.012481879911497674
33.0349679,0.02868696116578927
33.0350101,0.04786755168993668
33.03505063,0.016189822232394905
33.05029535,0.020004577706569007
33.05036974,0.04931715877012283
33.05882096,0.02575722896162356
33.05887794,0.016998550392919812
33.06887078,0.048386358434424355
33.06893063,0.032562752727550166
33.08081555,0.012787060349431601
33.08088303,0.03744563973449302
33.09581089,0.046463721675440606
33.09588981,0.01368734264133669
33.09593439,0.022674906538490882
33.11278701,0.05146868085755703
33.11281204,0.026001373311970704
33.11283541,0.01719691767757687
33.11285949,0.04898146028839551
33.12783313,0.03479056992446784
33.12789083,0.01394674601358053
33.13279724,0.03790341039139391
33.13285494,0.04725719081406882
33.13288713,0.015197985809109636
33.15581465,0.02333104448004883
33.15585232,0.05142290379186694
33.15784311,0.026550698100251773
33.1578722,0.0174868390936141
33.16582823,0.04982070649271382
33.1658535,0.035660334172579536
33.17080355,0.01496910048065919
33.18490624,0.039078355077439536
33.18497801,0.04959182116426337
33.18986511,0.017746242465857938
33.18991494,0.033035782406347754
33.21383309,0.053940642404821854
33.21388125,0.0238803692683299
33.21392274,0.02716105897611963
33.21396542,0.0558632791638056
33.22401524,0.03164721141374838
33.22411704,0.022232394903486687
33.23479414,0.054276340886549174
33.23484969,0.03994811932555123
33.23489356,0.018188754100862136
33.2497716,0.048676279850461586
33.24979734,0.04586861982146944
33.26377344,0.015640497444113832
33.26380205,0.038910505836575876
33.27978468,0.048340581368734266
33.27980971,0.015533684290836958
33.27983308,0.029327840085450523
33.2898016,0.04962233920805676
33.28984261,0.01910429541466392
33.29978418,0.02111848630502785
33.29983377,0.049607080186160064
33.30780673,0.024368657969024186
33.30786705,0.014190890363927672
33.31280828,0.04141298542763409
33.31284285,0.03932249942778668
33.33779311,0.010421911955443655
33.33782291,0.026749065384908826
33.33977795,0.047928587777523464
33.3398037,0.017639429312581063
33.34577894,0.019714656290531776
33.34580326,0.04827954528114748
33.35480237,0.024612802319371328
33.35482597,0.014038300144960708
33.37380862,0.041626611734187836
33.3738668,0.039459830624856945
33.37390327,0.010559243152513925
33.38916206,0.027145799954222935
33.38927293,0.04849317158770123
33.41586471,0.017502098115510796
33.41593838,0.01927214465552758
33.41786861,0.049271381704432744
33.41794062,0.025925078202487222
33.44080234,0.015197985809109636
33.44086289,0.04226749065384909
33.440907,0.04058899824521248
33.44094253,0.011749446860456245
33.44477725,0.027878233005264364
33.44483423,0.0498970016021973
33.44488406,0.0200503547722591
33.45388722,0.021637293049515526
33.45396256,0.05046158541237507
33.47893882,0.026977950713359275
33.47901392,0.015869382772564278
33.47906876,0.04779125658045319
33.47911978,0.034363317311360345
33.48093343,0.012603952086671245
33.48101473,0.03595025558861677
33.49883223,0.047058823529411764
33.49891233,0.014923323414969101
33.49895763,0.02128633554589151
33.49900436,0.04983596551461052
33.4990449,0.026367589837491417
33.52492023,0.015747310597390707
33.52500033,0.048050659952697035
33.52503753,0.0349736781872282
33.52506685,0.01228351262684062
33.53483295,0.03509575036240177
33.53489423,0.04693675135423819
33.53493738,0.015533684290836958
33.55079436,0.028244449530785077
33.55081987,0.04975967040512703
33.55387163,0.01982146944380865
33.57788396,0.020859082932784007
33.57796502,0.05040054932478828
33.57802153,0.02703898680094606
33.59279799,0.015671015487907225
33.59286904,0.04750133516441596
33.59291744,0.035202563515678645
33.59295487,0.012466620889600977
33.6028161,0.03512626840619516
33.6028955,0.04715037766079194
33.60294366,0.014724956130312047
33.61181664,0.02050812542915999
33.6248064,0.04983596551461052
33.62486029,0.026031891355764097
33.62489319,0.015152208743419547
33.63882732,0.042084382391088734
33.63888717,0.04187075608453498
33.64484787,0.012146181429770352
33.65286589,0.028198672465094988
33.65293837,0.0503242542153048
33.66083336,0.02038605325398642
33.66089368,0.021042191195544367
33.66982698,0.051270313572899975
33.66988254,0.028137636377508202
33.68385911,0.015289539940489814
33.68393254,0.047562371252002744
33.69789147,0.035202563515678645
33.69796872,0.012954909590295263
33.70680165,0.03651483939879454
33.70686316,0.04916456855115587
33.70696354,0.016617074845502403
33.71482873,0.028549629968719004
33.71488833,0.051148241397726404
33.72882915,0.020874341954680704
33.7288897,0.020447089341573205
33.73380899,0.050217441062027926
33.73386192,0.027389944304570077
33.75780678,0.014862287327382314
33.75785947,0.04122987716487373
33.75789857,0.04130617227435721
33.75792885,0.01147478446631571
33.77381039,0.026367589837491417
33.77386427,0.049912260624094
33.77390575,0.020279240100709545
33.78789854,0.01982146944380865
33.78795886,0.04950026703288319
33.78800225,0.026901655603875793
33.78803635,0.014511329823758298
33.81283808,0.04107728694590677
33.81289744,0.041458762493324176
33.81789231,0.011963073167009996
33.81795359,0.026672770275425344
33.82484794,0.04998855573357748
33.82491302,0.021057450217441064
33.82496047,0.022980086976424813
33.83781457,0.05923552300297551
33.83785486,0.045181963836118104
33.85288572,0.03851377126726177
33.85296392,0.061158159761959256
33.85302019,0.044968337529564355
33.86581802,0.017120622568093387
33.86586499,0.04106202792401007
33.87977362,0.03942931258106355
33.87980533,0.00857557030594339
33.87983203,0.022613870450904097
33.87985587,0.04779125658045319
33.89580989,0.02021820401312276
33.89586949,0.019470511940184634
33.9017942,0.04969863431754024
33.9018507,0.027237354085603113
33.9077754,0.01399252307927062
33.915802,0.040833142595559625
33.91583776,0.04235904478522927
33.93093681,0.012359807736324101
33.93097639,0.02630655374990463
33.94378304,0.04881361104753185
33.94380808,0.020965896086060882
33.94383121,0.01969939726863508
33.94385433,0.050431067368581675
33.95382261,0.02967879758907454
33.95386052,0.01530479896238651
33.9677763,0.046082246128023197
33.96780562,0.03567559319447623
33.96782589,0.012954909590295263
33.98330808,0.03544670786602579
33.98338079,0.04937819485770962
33.99980712,0.01654077973601892
33.99983644,0.027832455939574275
34.0138042,0.05233844510566873
34.0138309,0.023422598611429007
34.01385474,0.02204928664072633
34.02486229,0.05253681239032578
34.02490377,0.031662470435645074
34.02493024,0.019089036392767225
34.03278613,0.05053788052185855
34.03281426,0.03997863736934462
34.0328393,0.016556038757915618
34.05782533,0.04597543297474632
34.05785489,0.04913405050736248
34.05787921,0.019211108567940796
34.05790281,0.04098573281452659
34.06779838,0.05484092469672694
34.06782436,0.022278171969176776
34.08080363,0.0324101625085832
34.08082819,0.05603112840466926
34.08982825,0.02661173418783856
34.08987069,0.023315785458152133
34.10381532,0.052903028915846494
34.1038444,0.031067368581673915
34.11480713,0.015121690699626154
34.12582231,0.040543221179522394
34.12585068,0.043137254901960784
34.132797,0.012695506218051423
34.13282537,0.024933241779201955
34.13780546,0.04870679789425498
34.13783145,0.01969939726863508
34.14780807,0.016617074845502403
34.14783335,0.047058823529411764
34.15782857,0.026489662012664988
34.15784955,0.011596856641489281
34.18084741,0.03784237430380712
34.18089938,0.04034485389486534
34.18280816,0.009735255970092317
34.20592403,0.022827496757457846
34.20600915,0.04786755168993668
34.20605445,0.019790951400015258
34.20609498,0.016433966582742047
34.219872,0.04708934157320516
34.2199285,0.027008468757152668
34.21996498,0.01211566338597696
34.22000504,0.03865110246433204
34.26490855,0.04164187075608453
34.26499867,0.011078049897001603
34.26506162,0.023605706874189364
34.26512146,0.048676279850461586
34.26517963,0.020965896086060882
34.26523829,0.017959868772411687
34.26528788,0.04858472571908141
34.26882505,0.027878233005264364
34.26886797,0.013427939269092852
34.26890445,0.03994811932555123
34.2689395,0.042755779354543375
34.28384399,0.01168841077286946
34.28390431,0.02435339894712749
34.28394604,0.04933241779201953
34.29783201,0.021393148699168384
34.29788089,0.018112458991378654
34.30582523,0.04908827344167239
34.3058567,0.028076600289921417
34.30587697,0.012054627298390174
34.31277728,0.038284885938811325
34.3128016,0.041886015106431675
34.32581782,0.011505302510109103
34.32584453,0.02485694666971847
34.33481789,0.050476844434271764
34.33484674,0.022018768596932938
34.34879375,0.018188754100862136
34.34882069,0.04925612268253605
34.36285233,0.028458075837338826
34.36289501,0.013122758831158923
34.36293912,0.03936827649347677
34.36299467,0.043640802624551764
34.3778801,0.01249713893339437
34.37793541,0.02392614633401999
34.3779788,0.049103532463569084
34.41390204,0.02145418478675517
34.41396022,0.01786831464103151
34.41400266,0.04908827344167239
34.41404271,0.029022659647516595
34.41407585,0.013107499809262227
34.41411448,0.03926146334019989
34.42486501,0.04367132066834516
34.42491293,0.013031204699778745
34.43283224,0.024444953078507668
34.43288422,0.04962233920805676
34.43888354,0.02230869001297017
34.46296954,0.018188754100862136
34.46301818,0.04911879148546578
34.46482396,0.029694056610971235
34.46489811,0.01330586709391928
34.46494865,0.03904783703364614
34.47879934,0.04339665827420462
34.47882771,0.012848096437018387
34.50384927,0.024551766231784542
34.50391221,0.05018692301823453
34.5098331,0.022674906538490882
34.50988317,0.018066681925688565
34.51481962,0.05029373617151141
34.51486611,0.03083848325322347
34.51489997,0.013061722743572137
34.52780199,0.03887998779278248
34.52783775,0.0439154650186923
34.52786517,0.014007782101167316
34.52789688,0.026337071793698024
34.55079484,0.051270313572899975
34.55082369,0.022873273823147935
34.55787325,0.018066681925688565
34.55792928,0.049515526054779886
34.55797887,0.030579079880979628
34.55801964,0.014450293736171512
34.5719192,0.04019226367589838
34.57199216,0.044846265354390784
34.574862,0.013336385137712672
34.58187938,0.02491798275730526
34.58195019,0.05133134966048676
34.5949018,0.024109254596780347
34.59499264,0.0191958495460441
34.60882854,0.05037003128099489
34.60888457,0.031525139238574806
34.61482573,0.01411459525444419
34.61488819,0.040711070420386054
34.62386584,0.04571602960250248
34.62392926,0.015075913633936065
34.65082121,0.026947432669565882
34.65089059,0.05241474021515221
34.65093637,0.024963759822995348
34.65380001,0.01998931868467231
34.65383482,0.051697566186007474
34.66682959,0.032227054245822846
34.66688418,0.013916227969787138
34.67482305,0.03938353551537346
34.67488456,0.045426108186465246
34.67492104,0.013962005035477227
34.67496061,0.02464332036316472
34.68983984,0.051224536507209886
34.68991923,0.02340733958953231
34.68997598,0.017746242465857938
34.70483088,0.04971389333943694
34.70487261,0.031326771953917754
34.70490336,0.013916227969787138
34.7288506,0.039795529106584265
34.72888494,0.046387426565957124
34.72891021,0.014343480582894636
34.72893572,0.02468909742885481
34.73684216,0.050980392156862744
34.73689938,0.024383916990920882
34.74987698,0.018371862363622492
34.74992919,0.050431067368581675
34.75929594,0.033951323720149536
34.75934744,0.01915007248035401
34.78085017,0.05685511558709087
34.78090811,0.05889982452124819
34.7828052,0.03985656519417105
34.80580759,0.056778820477607385
34.80583501,0.05291828793774319
34.80585909,0.016693369954985885
34.80588245,0.030304417486839094
34.81480885,0.04658579385061418
34.81483078,0.01518272678721294
34.81485438,0.015625238422217136
34.81487751,0.04878309300373846
34.82883048,0.03228809033340963
34.82886529,0.01326009002822919
34.82889271,0.03747615777828641
34.8289175,0.043427176317998015
34.83883882,0.013076981765468834
34.86284304,0.024109254596780347
34.86289549,0.05023270008392462
34.86293697,0.023193713282978562
34.86297774,0.016739147020675974
34.87886047,0.04921034561684596
34.87891912,0.031692988479438466
34.87895989,0.013427939269092852
34.87900114,0.03897154192416266
34.88789487,0.04586861982146944
34.88795924,0.01432822156099794
34.90082645,0.024338139925230793
34.90088129,0.051560234988937206
34.90382743,0.025055313954375526
34.92587495,0.01803616388189517
34.9259491,0.05017166399633784
34.92785764,0.0332494087129015
34.92792034,0.014679179064621958
34.93487644,0.04019226367589838
34.93493605,0.047730220492866404
34.95086074,0.01617456321049821
34.95091677,0.03343251697566186
34.9548893,0.052765697718776226
34.95496345,0.021560997940032044
34.96451235,0.027573052567330433
34.96457815,0.05467307545586328
34.9778676,0.02865644312199588
34.99084377,0.021667811093308918
34.99089861,0.0549935149156939
34.99285913,0.038406958113984896
34.99290514,0.019333180743114367
35.00084805,0.050980392156862744
35.00089478,0.04652475776302739
35.01486921,0.017959868772411687
35.01492643,0.043884946974898906
35.02083659,0.0515754940108339
35.0208838,0.018692301823453116
35.03485966,0.03384451056687266
35.03491807,0.05194171053635462
35.04985476,0.019943541618982222
35.05788159,0.023819333180743113
35.05793881,0.05065995269703212
35.06291389,0.02435339894712749
35.06298757,0.016220340276188298
35.07185602,0.047394522011139084
35.07193112,0.030502784771496146
35.07985282,0.010818646524757763
35.07990694,0.03517204547188525
35.09390283,0.04324406805523766
35.09398413,0.011413748378728923
35.09406543,0.020325017166399634
35.11782312,0.04823376821545739
35.11785316,0.023147936217288473
35.14084649,0.014297703517204547
35.14090991,0.040711070420386054
35.1409483,0.03685053788052186
35.14097738,0.009369039444571603
35.14383459,0.027435721370260166
35.14388251,0.047302967879758906
35.14392185,0.016693369954985885
35.14396167,0.020538643472953384
35.14400029,0.048050659952697035
35.17080188,0.022674906538490882
35.17082787,0.01432822156099794
35.17678308,0.04180971999694819
35.1768086,0.03826962691691463
35.17682862,0.009521629663538568
35.18987226,0.027115281910429542
35.18994355,0.047882810711833375
35.18999982,0.01701380941481651
35.19005251,0.021255817502098116
35.19980335,0.04916456855115587
35.19983697,0.02423132677195392
35.2239089,0.015930418860151063
35.2239809,0.047638666361486226
35.22403717,0.03150988021667811
35.2240808,0.011841000991836423
35.24983835,0.03614862287327383
35.24989939,0.04486152437628748
35.24993801,0.013061722743572137
35.24998045,0.02119478141451133
35.25002003,0.049805447470817124
35.25986671,0.024628061341268024
35.25993896,0.016388189517051958
35.26884675,0.047730220492866404
35.26890683,0.03189135576409552
35.29283619,0.011795223926146334
35.29290318,0.0362554360265507
35.29295611,0.04524299992370489
35.29299855,0.013046463721675441
35.31787872,0.020752269779507133
35.31796098,0.04911879148546578
35.31801724,0.02426184481574731
35.31806827,0.015533684290836958
35.31811786,0.04791332875562677
35.32389116,0.032776379034103915
35.32395887,0.011749446860456245
35.33783555,0.03601129167620355
35.33789849,0.0456244754711223
35.3608737,0.013214312962539101
35.36095357,0.0208896009765774
35.36286855,0.049393453879606315
35.36294675,0.0251621271076524
35.36299562,0.01501487754634928
35.36304879,0.041931792172121764
35.36309862,0.03976501106279087
35.37380099,0.010589761196307317
35.38288331,0.02725261310749981
35.38295531,0.048599984740978104
35.40185523,0.01907377737087053
35.40190387,0.021255817502098116
35.40989685,0.04914930952925917
35.40996981,0.024322880903334097
35.41984797,0.014679179064621958
35.419909,0.04202334630350195
35.42487407,0.03981078812848096
35.42493749,0.011505302510109103
35.43293381,0.028336003662165255
35.43299508,0.049805447470817124
35.44090295,0.019043259327077136
35.45090723,0.021881437399862667
35.45097852,0.051392385748073546
35.4738915,0.025848783093003737
35.47395182,0.015197985809109636
35.48391604,0.04226749065384909
35.48398948,0.04057373922331579
35.4909246,0.012039368276493477
35.49099731,0.028595407034409093
35.50082135,0.050431067368581675
35.50088263,0.020065613794155796
35.50092959,0.021332112611581598
35.50097203,0.05011062790875105
35.51582313,0.026428625925078202
35.52391601,0.016159304188601512
35.5239892,0.04814221408407721
35.53884101,0.033997100785839625
35.538908,0.012634470130464637
35.53896356,0.03634699015793088
35.55082941,0.047135118638895246
35.55085874,0.015091172655832761
35.55089116,0.022339208056763562
35.55092335,0.05101091020065614
35.56482625,0.027008468757152668
35.56486154,0.01675440604257267
35.56488943,0.04974441138323033
35.56491351,0.036362249179827576
35.56493354,0.014358739604791332
35.5828104,0.03799496452277409
35.59085608,0.04908827344167239
35.59091949,0.017090104524299994
35.60582042,0.02951094834821088
35.60588813,0.05140764476997024
35.60593438,0.020691233691920347
35.6188097,0.021377889677271687
35.61884332,0.05008010986495766
35.61887169,0.026153963530937668
35.63408756,0.015960936903944456
35.63416648,0.04797436484321355
35.63422394,0.03350881208514534
35.634269,0.011444266422522316
35.64882851,0.03472953383688106
35.6488657,0.046387426565957124
35.6728003,0.014526588845654994
35.67283511,0.020645456626230258
35.67577267,0.049683375295643546
35.67581224,0.026855878538185704
35.67779446,0.014694438086518654
35.67786694,0.04213015945677882
35.69587636,0.04156557564660105
35.69594073,0.012466620889600977
35.69599581,0.029785610742351417
35.69604659,0.0554207675288014
35.7048068,0.03204394598306248
35.71383047,0.04187075608453498
35.71390224,0.061203936827649345
35.737854,0.044251163500419625
35.73790431,0.02566567483024338
35.7379415,0.04895094224460212
35.73797536,0.03163195239185168
35.74587393,0.009033340962844283
35.74592948,0.03230334935530633
35.75382876,0.04443427176317998
35.75387692,0.013061722743572137
35.77887082,0.019546807049668116
35.77894664,0.04975967040512703
35.77899265,0.026901655603875793
35.79283071,0.015320057984283207
35.79288554,0.04673838406958114
35.8158412,0.033401998931868467
35.81588483,0.010177767605096514
35.81880355,0.03405813687342641
35.81885719,0.047058823529411764
35.82384324,0.014435034714274816
35.82389832,0.01991302357518883
35.82393813,0.04959182116426337
35.82397676,0.027527275501640344
35.83783817,0.015594720378423743
35.83789301,0.04777599755855649
35.85185337,0.03530937666895552
35.85190868,0.013000686655985352
35.86483407,0.03567559319447623
35.86487079,0.048767833981841764
35.86490393,0.017059586480506598
35.86493587,0.029053177691309988
35.88880873,0.052185854886701764
35.88884425,0.022629129472800793
35.88886976,0.023025864042114902
35.89384675,0.05334554055085069
35.89389777,0.030777447165636684
35.90315294,0.0187533379110399
35.90328288,0.05168230716411078
35.90336227,0.039658197909514
35.92381787,0.01696803234912642
35.92388129,0.04657053482871748
35.93584514,0.04786755168993668
35.93595672,0.018478675516899367
35.94282222,0.0405279621576257
35.94287086,0.05337605859464408
35.94884562,0.02145418478675517
35.94890332,0.032776379034103915
35.95581007,0.05600061036087587
35.95585489,0.026596475165941862
35.96933389,0.025101091020065615
35.96950531,0.05467307545586328
35.98285508,0.03137254901960784
35.98883414,0.016662851911192492
35.98890233,0.047882810711833375
35.99783707,0.03660639353017472
35.9978888,0.012344548714427405
36.00412083,0.034317540245670256
36.00420856,0.04748607614251926
36.00981212,0.014465552758068208
36.00986362,0.01867704280155642
36.024827,0.048722056916151675
36.02488422,0.02746623941405356
36.0249207,0.013275349050125887
36.04879785,0.039002059967956054
36.04882765,0.03973449301899748
36.04884768,0.010009918364232854
36.06406546,0.02423132677195392
36.06416488,0.04858472571908141
36.06424046,0.0191958495460441
36.0643096,0.01760891126878767
36.06654072,0.04798962386511025
36.06660867,0.02673380636301213
36.08993268,0.01287861448081178
36.0900104,0.03894102388036927
36.09005523,0.04077210650797284
36.0900898,0.010635538261997406
36.10494733,0.02459754329747463
36.1050427,0.04879835202563516
36.10508132,0.019333180743114367
36.11983657,0.017578393224994278
36.1198957,0.04847791256580453
36.12383413,0.02703898680094606
36.12387681,0.01368734264133669
36.13795662,0.040115968566414896
36.13803482,0.04168764782177462
36.15182328,0.010772869459067674
36.15188956,0.024795910582131684
36.15979886,0.049561303120469975
36.1598649,0.020996414129854278
36.17381454,0.01889066910811017
36.17387986,0.04925612268253605
36.17393661,0.029068436713206684
36.17578101,0.013290608072022583
36.17583394,0.03932249942778668
36.19082332,0.04130617227435721
36.19087005,0.011032272831311514
36.21581459,0.02435339894712749
36.21588254,0.04882887006942855
36.21593547,0.02017242694743267
36.21597743,0.017837796597238116
36.2217927,0.04840161745632105
36.22185326,0.027527275501640344
36.2218864,0.013183794918745708
36.22980881,0.039719233997100784
36.22984624,0.04214541847867552
36.23670959,0.011703669794766156
36.26089096,0.02494850080109865
36.26095271,0.04983596551461052
36.26485634,0.02119478141451133
36.26490521,0.018204013122758832
36.27083635,0.04878309300373846
36.27089524,0.028168154421301595
36.28578806,0.013962005035477227
36.2858181,0.04048218509193561
36.28584552,0.04344243533989471
36.28586793,0.012054627298390174
36.29986978,0.024658579385061417
36.29991841,0.050888838025482566
36.29995823,0.02204928664072633
36.32484221,0.017975127794308383
36.3249011,0.04882887006942855
36.32494235,0.02861066605630579
36.32497549,0.014175631342030976
36.33503747,0.040497444113832305
36.33511782,0.043961242084382395
36.34484124,0.013809414816510261
36.3449297,0.026947432669565882
36.35881042,0.05200274662394141
36.35886645,0.023590447852292667
36.37279558,0.02055390249485008
36.37285781,0.05049210345616846
36.37978268,0.03031967650873579
36.39379358,0.014190890363927672
36.39384842,0.03973449301899748
36.3938911,0.04422064545662623
36.39392424,0.013794155794613565
36.4007895,0.025818265049210344
36.40085411,0.05078202487220569
36.41080904,0.022537575341420615
36.41087127,0.01850919356069276
36.42383027,0.04885938811322194
36.42388201,0.028625925078202486
36.423913,0.012863355458915083
36.43980551,0.03906309605554284
36.43984103,0.043381399252307926
36.44478536,0.013107499809262227
36.46890259,0.025192645151445793
36.46897459,0.05006485084306096
36.46902943,0.021606775005722133
36.46907973,0.017410543984130618
36.47087789,0.04940871290150301
36.4709363,0.03184557869840543
36.4808023,0.01965362020294499
36.48083901,0.05914396887159533
36.48983264,0.057984283207446405
36.48988199,0.03649958037689784
36.5127809,0.05232318608377203
36.51280737,0.04687571526665141
36.51282763,0.012954909590295263
36.51285076,0.023941405355916687
36.51287389,0.04806591897459373
36.52789283,0.01936369878690776
36.5279572,0.015121690699626154
36.53387332,0.043640802624551764
36.53394604,0.03764400701915007
36.54891467,0.012787060349431601
36.54898357,0.03263904783703365
36.56181192,0.04924086366063935
36.56186152,0.01710536354619669
36.57480693,0.024612802319371328
36.5748651,0.05029373617151141
36.57490921,0.023102159151598384
36.5807929,0.018616006713969634
36.58084249,0.049881742580300606
36.59477615,0.03105210955977722
36.59481525,0.014862287327382314
36.60077858,0.040115968566414896
36.60083222,0.045014114595254444
36.60087323,0.014312962539101243
36.61480856,0.02575722896162356
36.61485076,0.0515754940108339
36.62883139,0.02435339894712749
36.64278126,0.020080872816052493
36.6428194,0.05206378271152819
36.6428473,0.0332646677347982
36.64287186,0.015579461356527047
36.64289689,0.046555275806820784
36.65783548,0.040543221179522394
36.65789175,0.015274280918593118
36.67093778,0.042587930113679714
36.67107439,0.048599984740978104
36.69498324,0.018265049210345618
36.69508457,0.03665217059586481
36.69890094,0.053894865339131764
36.69900155,0.023010605020218206
36.69907737,0.030579079880979628
36.69914722,0.0571297779812314
36.70592213,0.030685893034256503
36.72084117,0.02464332036316472
36.72089982,0.055817502098115514
36.72583556,0.03785763332570382
36.72588873,0.019668879224841687
36.76902509,0.05085831998168917
36.76911259,0.04328984512092775
36.76916742,0.01606775005722133
36.76921844,0.04107728694590677
36.77885771,0.04631113145647364
36.77891278,0.014312962539101243
36.77895713,0.024872205691615166
36.77899933,0.050980392156862744
36.77903914,0.023804074158846417
36.80284953,0.01722743572137026
36.80291319,0.04853894865339132
36.80492449,0.03022812237735561
36.80496335,0.012085145342183566
36.8148458,0.03735408560311284
36.81491876,0.043961242084382395
36.82482314,0.01138323033493553
36.82491708,0.02204928664072633
36.82496953,0.0490272373540856
36.82502151,0.02226291294728008
36.83804512,0.016281376363775083
36.83822274,0.04794384679942016
36.83828855,0.03039597161821927
36.84578538,0.012222476539253834
36.84585214,0.037247272449835965
36.87018919,0.043884946974898906
36.87028956,0.012588693064774548
36.87036777,0.022751201647974364
36.87044621,0.049271381704432744
36.87981772,0.02337682154573892
36.87988067,0.0170443274586099
36.8888154,0.04913405050736248
36.88888121,0.03164721141374838
36.88891745,0.013443198290989548
36.90282321,0.03871213855191882
36.90285611,0.0456092164492256
36.9028821,0.01385519188220035
36.92784667,0.023529411764705882
36.92790842,0.050263218127718015
36.93287277,0.02349889372091249
36.93294477,0.01687647821774624
36.93882036,0.049439230945296404
36.93886852,0.031616693369954985
36.94479394,0.012695506218051423
36.9448514,0.037796597238117034
36.9587965,0.04544136720836194
36.95884633,0.013794155794613565
36.96478415,0.023422598611429007
36.96484137,0.05029373617151141
36.97887373,0.024109254596780347
37.0009017,0.016723887998779278
37.00097418,0.048004882887006946
37.00303578,0.0315556572823682
37.00312352,0.013000686655985352
37.00486922,0.037750820172426945
37.00492859,0.04499885557335775
37.01385641,0.013107499809262227
37.01391768,0.02238498512245365
37.02279997,0.04983596551461052
37.02285743,0.024444953078507668
37.04682565,0.016784924086366063
37.04688501,0.047806515602349886
37.04692817,0.03134203097581445
37.04696488,0.012649729152361334
37.04700446,0.03730830853742275
37.06180811,0.04495307850766766
37.06185722,0.012924391546501868
37.06189847,0.022583352407110704
37.06583095,0.05065995269703212
37.08078456,0.024582284275577935
37.08085418,0.016006713969634545
37.09481001,0.04866102082856489
37.09486628,0.032562752727550166
37.09490252,0.012481879911497674
37.10780621,0.036957351033798734
37.10784388,0.04541084916456855
37.10787129,0.013916227969787138
37.11479998,0.022705424582284275
37.11484718,0.050431067368581675
37.12484074,0.02508583199816892
37.12489367,0.017303730830853743
37.13822365,0.049912260624094
37.1383853,0.03390554665445945
37.14378428,0.014099336232547494
37.14382172,0.038284885938811325
37.16781521,0.046509498741130695
37.167871,0.01394674601358053
37.16791606,0.02186617837796597
37.16795588,0.05023270008392462
37.16799617,0.025650415808346684
37.18336987,0.01680018310826276
37.18350649,0.048264286259250784
37.1912117,0.03224231326771954
37.19131041,0.012100404364080263
37.20486093,0.03637750820172427
37.20493388,0.04505989166094453
37.21882176,0.013183794918745708
37.21888041,0.021484702830548562
37.23578978,0.0490272373540856
37.23584795,0.023651483939879453
37.2497828,0.015472648203250172
37.24983549,0.04766918440527962
37.24987674,0.032166018158236054
37.26277828,0.011764705882352941
37.26284027,0.03613336385137713
37.26288366,0.04589913786526284
37.26292372,0.015518425268940261
37.26296353,0.03338673990997177
37.26978588,0.05922026398107881
37.26982188,0.03776607919432364
37.29377747,0.0473334859235523
37.29380369,0.061081864652475774
37.30278707,0.037201495384145876
37.30281281,0.02191195544365606
37.31582451,0.04699778744182498
37.31584978,0.02981612878614481
37.31785369,0.009735255970092317
37.31788874,0.03414969100480659
37.33984041,0.04499885557335775
37.33991337,0.013916227969787138
37.33997107,0.022110322728313116
37.34002304,0.05046158541237507
37.3400743,0.02447547112230106
37.34379888,0.014892805371175709
37.34383416,0.041992828259708556
37.36597013,0.03985656519417105
37.36603642,0.01168841077286946
37.36609149,0.028824292362859542
37.36614466,0.049607080186160064
37.36619473,0.018997482261387044
37.38084459,0.021896696421759364
37.38090372,0.05053788052185855
37.39278531,0.025818265049210344
37.39282298,0.015671015487907225
37.41589403,0.04841687647821775
37.41595197,0.03468375677119097
37.41783881,0.01351949340047303
37.41788387,0.03663691157396811
37.42581058,0.04687571526665141
37.42586017,0.015274280918593118
37.43578672,0.02993820096131838
37.43583822,0.051926451514457926
37.43587899,0.021560997940032044
37.44981885,0.023315785458152133
37.44986725,0.05279621576256962
37.45784283,0.029434653238727397
37.4579165,0.019165331502250707
37.47082424,0.05181963836118105
37.47088265,0.038788433661402305
37.49480081,0.01692225528343633
37.494838,0.04736400396734569
37.49876976,0.04641794460975052
37.49880004,0.01794460975051499
37.49882436,0.04219119554436561
37.49884987,0.05362020294499122
37.50075841,0.019790951400015258
37.51476812,0.0336919203479057
37.51479292,0.05554283970397497
37.52877021,0.02456702525368124
37.52879667,0.025055313954375526
37.54477739,0.053528648813611045
37.54481721,0.02832074464026856
37.54484749,0.015762569619287403
37.54487681,0.04728770885786221
37.56976962,0.03329518577859159
37.56979275,0.011764705882352941
37.56981683,0.034988937209124896
37.56984019,0.04538033112077516
37.57278371,0.012893873502708476
37.58086014,0.01889066910811017
37.58093214,0.04824902723735409
37.59477997,0.025070572976272222
37.59480309,0.013199053940642405
37.60986066,0.039627679865720605
37.6099329,0.03865110246433204
37.61796808,0.009872587167162584
37.61807084,0.025604638742656595
37.62688756,0.04794384679942016
37.62695241,0.017502098115510796
37.63583946,0.018310826276035707
37.63590026,0.048004882887006946
37.6408205,0.024841687647821773
37.65411353,0.013763637750820172
37.65421581,0.04029907682917525
37.6788888,0.039505607690547034
37.67895865,0.010803387502861066
37.67900538,0.026550698100251773
37.67904758,0.04846265354390784
37.7038312,0.018371862363622492
37.70390677,0.019287403677424278
37.70396161,0.048676279850461586
37.70401549,0.02583352407110704
37.70406008,0.014404516670481423
37.7041111,0.041260395208667124
37.70416188,0.04110780498970016
37.70420337,0.011520561532005799
37.72877908,0.02699320973525597
37.72880459,0.049347676813916226
37.72882819,0.01940947585259785
37.72885156,0.01940947585259785
37.7398665,0.04933241779201953
37.73993826,0.026459143968871595
37.74576545,0.013595788509956512
37.74579096,0.03973449301899748
37.75981474,0.04058899824521248
37.75986934,0.011718928816662852
37.77782583,0.02656595712214847
37.77789879,0.04916456855115587
37.77795219,0.01943999389639124
37.79388022,0.0196078431372549
37.7939589,0.04907301441977569
37.7940042,0.026825360494392308
37.79404283,0.014251926451514458
37.8068049,0.04058899824521248
37.80686426,0.04107728694590677
37.80690336,0.011703669794766156
37.8069489,0.026291294728007935
37.82079029,0.04916456855115587
37.82083845,0.01957732509346151
37.83479118,0.02043183031967651
37.83484459,0.05000381475547418
37.84884524,0.026550698100251773
37.85291171,0.014068818188754101
37.85298491,0.040955214770733196
37.86080718,0.041626611734187836
37.86086154,0.011734187838559548
37.86090732,0.026123445487144275
37.86980128,0.05012588693064775
37.86983848,0.020645456626230258
37.88376522,0.01943999389639124
37.88379002,0.049652857251850153
37.89176583,0.027191577019913024
37.89178777,0.013962005035477227
37.90484142,0.04043640802624552
37.90491343,0.04200808728160525
37.90984058,0.012680247196154727
37.92377782,0.02766460669871061
37.92380548,0.05154497596704051
37.92876649,0.021545738918135347
37.93577504,0.020523384451056687
37.93583441,0.051392385748073546
37.94884062,0.02951094834821088
37.94891882,0.016189822232394905
37.9489758,0.04837109941252766
37.95480514,0.036530098420691236
37.95483565,0.011932555123216601
37.9787662,0.03341725795376516
37.97879148,0.04754711223010605
37.97881532,0.015594720378423743
37.98876381,0.026245517662317846
37.98878956,0.05003433279926757
37.98881292,0.021423666742961776
38.00381184,0.01940947585259785
38.00389433,0.048676279850461586
38.00981188,0.02716105897611963
38.0098815,0.01351949340047303
38.00993776,0.04055848020141909
38.03279996,0.042664225223163196
38.03282285,0.011963073167009996
38.04588151,0.025391012436102846
38.0459528,0.04953078507667658
38.0460093,0.021179522392614634
38.05711246,0.019348439765011063
38.05723238,0.05011062790875105
38.06978559,0.02946517128252079
38.0698173,0.017303730830853743
38.08384085,0.05291828793774319
38.0839119,0.050934615091172655
38.09081054,0.03598077363241016
38.09085941,0.061158159761959256
38.11494279,0.054947737850003814
38.11504269,0.022461280231937133
38.11512017,0.036743724727244985
38.11519051,0.04666208896009766
38.11524749,0.013702601663233387
38.12992311,0.017425803006027314
38.13001156,0.049439230945296404
38.1300683,0.029831387808041506
38.13011098,0.01501487754634928
38.13016033,0.040955214770733196
38.13020873,0.04373235675593194
38.14485574,0.01309224078736553
38.14492893,0.025574120698863202
38.16885877,0.04953078507667658
38.1689384,0.021683070115205615
38.16898513,0.019165331502250707
38.16902661,0.05001907377737087
38.16906643,0.02998397802700847
38.18392897,0.01501487754634928
38.1840024,0.04029907682917525
38.19039464,0.04385442893110551
38.19049454,0.014038300144960708
38.2038331,0.027191577019913024
38.20389247,0.051850156404974444
38.2183826,0.023193713282978562
38.21844935,0.0200503547722591
38.22586083,0.051026169222552833
38.22592187,0.03146410315098802
38.23285651,0.01629663538567178
38.23291707,0.048050659952697035
38.2388556,0.03894102388036927
38.24782491,0.014312962539101243
38.24788833,0.03613336385137713
38.26085043,0.05233844510566873
38.26089811,0.01991302357518883
38.27585745,0.02887006942854963
38.27591753,0.054612039368276494
38.28909993,0.026672770275425344
38.28924251,0.024078736552986955
38.28932142,0.05569542992294194
38.28939295,0.035416189822232394
38.30385685,0.019958800640878918
38.30392313,0.05224689097428855
38.30396819,0.04357976653696498
38.31585836,0.018936446173800258
38.31591725,0.046219577325093464
38.34093428,0.04914930952925917
38.34102464,0.017471580071717403
38.35389781,0.03672846570534829
38.35397124,0.0515754940108339
38.3540256,0.01858548867017624
38.35407615,0.02661173418783856
38.37779737,0.05142290379186694
38.37785888,0.022201876859693295
38.37790346,0.01821927214465553
38.37794399,0.049011978332188906
38.37798381,0.0285648889906157
38.37976122,0.012726024261844816
38.37979674,0.03889524681467918
38.40582228,0.04324406805523766
38.4058888,0.011169604028381781
38.40779901,0.02247653925383383
38.40783691,0.04791332875562677
38.40787029,0.02055390249485008
38.40790272,0.016647592889295796
38.42389512,0.04687571526665141
38.42398763,0.02810711833371481
38.43378401,0.01168841077286946
38.43383479,0.0366674296177615
38.43877101,0.042160677500572216
38.43881941,0.011017013809414817
38.46077776,0.022629129472800793
38.46080422,0.04827954528114748
38.46276712,0.020355535210193027
38.46279192,0.01602197299153124
38.4708147,0.04812695506218052
38.47083998,0.02951094834821088
38.47977519,0.012603952086671245
38.47980118,0.03790341039139391
38.49379086,0.04301518272678721
38.4938252,0.012451361867704281
38.49980187,0.023849851224536506
38.49983978,0.04985122453650721
38.5144062,0.022034027618829635
38.52324033,0.01701380941481651
38.52339792,0.04829480430304418
38.53584433,0.03044174868390936
38.53589725,0.013641565575646601
38.53779912,0.0383764400701915
38.53785229,0.043640802624551764
38.5458436,0.012466620889600977
38.54590607,0.023895628290226595
38.55529308,0.05001907377737087
38.55539536,0.022491798275730526
38.57886887,0.01696803234912642
38.57893085,0.04785229266803998
38.57898474,0.029327840085450523
38.59382701,0.012817578393224994
38.59388208,0.038406958113984896
38.59391952,0.043595025558861675
38.59394813,0.012329289692530708
38.60079837,0.023422598611429007
38.60084391,0.05020218204013123
38.61920142,0.022827496757457846
38.61927605,0.017090104524299994
38.6193316,0.04846265354390784
38.61938453,0.030594338902876324
38.64382792,0.01206988632028687
38.64389563,0.03651483939879454
38.6439395,0.04356450751506828
38.6439774,0.013061722743572137
38.64407492,0.02374303807125963
38.64411783,0.05023270008392462
38.65880942,0.023392080567635615
38.65883946,0.017380025940337225
38.66778898,0.04824902723735409
38.66781497,0.030945296406500344
38.68086505,0.01385519188220035
38.68093777,0.03863584344243534
38.69585609,0.04367132066834516
38.69591022,0.011749446860456245
38.70783138,0.02255283436331731
38.70788383,0.049607080186160064
38.70792532,0.023422598611429007
38.73086691,0.01701380941481651
38.73093247,0.04829480430304418
38.73281169,0.030472266727702754
38.73285079,0.01271076523994812
38.74081063,0.037796597238117034
38.74085665,0.0443579766536965
38.75484014,0.012512397955291066
38.75490284,0.022842755779354542
38.7888186,0.049881742580300606
38.7888763,0.023697261005569542
38.78891897,0.01782253757534142
38.78896022,0.049805447470817124
38.78900027,0.032272831311512935
38.7890327,0.013183794918745708
38.78907132,0.03863584344243534
38.79183507,0.04583810177767605
38.79188323,0.014724956130312047
38.80581808,0.025299458304722668
38.80587006,0.05261310749980926
38.80780816,0.026123445487144275
38.80787539,0.018814373998626687
38.83187389,0.050049591821164266
38.83194137,0.032166018158236054
38.83198953,0.013061722743572137
38.8320415,0.03820859082932784
38.84695005,0.0456092164492256
38.84703565,0.013702601663233387
38.84708476,0.023758297093156328
38.86086154,0.05134660868238346
38.86096311,0.023590447852292667
38.86101961,0.01556420233463035
38.86783695,0.048340581368734266
38.86788344,0.032227054245822846
38.8927865,0.013214312962539101
38.8928144,0.037796597238117034
38.89283848,0.045090409704737926
38.89285851,0.013015945677882048
38.90783405,0.02264438849469749
38.90788221,0.05067521171892882
38.90792274,0.024612802319371328
38.91284275,0.016891737239642938
38.91288877,0.048889906157015335
38.92584491,0.034363317311360345
38.92590618,0.01931792172121767
38.93988013,0.058030060273136494
38.93993115,0.0592660410467689
38.95380592,0.03704890516517891
38.95385027,0.050598916609445335
38.95979404,0.04957656214236667
38.95981884,0.013244831006332494
38.96983767,0.021011673151750974
38.96989226,0.04882887006942855
38.96993399,0.022232394903486687
38.97983742,0.013916227969787138
38.97988582,0.04202334630350195
38.99283004,0.03918516823071641
38.99288321,0.011963073167009996
39.00587201,0.029694056610971235
39.00592422,0.04870679789425498
39.0153172,0.017502098115510796
39.01543641,0.021728847180895704
39.02390003,0.05044632639047837
39.02396941,0.024719615472648202
39.03685236,0.016861219195849545
39.03690696,0.04873731593804837
39.03694963,0.032654306858930345
39.05086875,0.013366903181506065
39.0509758,0.03805600061036087
39.07584238,0.0469214923323415
39.07589221,0.014740215152208743
39.07593393,0.022919050888838024
39.0759747,0.05120927748531319
39.07878852,0.026672770275425344
39.07885051,0.018265049210345618
39.09082317,0.050431067368581675
39.09088826,0.03468375677119097
39.09092879,0.014984359502555887
39.09981847,0.03906309605554284
39.09985447,0.04831006332494087
39.12378788,0.01701380941481651
39.12381363,0.03250171663996338
39.13080859,0.05261310749980926
39.13087201,0.021759365224689096
39.1338532,0.025864042114900433
39.13393331,0.054947737850003814
39.14589715,0.030548561837186235
39.14597034,0.021423666742961776
39.15485406,0.05404745555809873
39.15491438,0.03973449301899748
39.16386294,0.018570229648279545
39.16393733,0.04835584039063096
39.17885542,0.04533455405508507
39.1908381,0.017029068436713205
39.19089818,0.041886015106431675
39.19781446,0.05120927748531319
39.19786429,0.01824979018844892
39.20385456,0.032654306858930345
39.20390081,0.051697566186007474
39.2131691,0.020325017166399634
39.2132957,0.022873273823147935
39.22195196,0.050598916609445335
39.22204161,0.02485694666971847
39.24580359,0.014557106889448387
39.24587703,0.04110780498970016
39.24591899,0.03884946974898909
39.24595404,0.010421911955443655
39.24599528,0.027267872129396506
39.26082873,0.04835584039063096
39.26089025,0.01739528496223392
39.26881289,0.01924162661173419
39.26887536,0.04841687647821775
39.27783895,0.02423132677195392
39.27789545,0.014236667429617761
39.2779448,0.04115358205539025
39.29080606,0.03859006637674525
39.29083776,0.00976577401388571
39.31591129,0.026367589837491417
39.31598282,0.04779125658045319
39.3178525,0.017914091706721598
39.31790495,0.01936369878690776
39.31794953,0.048554207675288015
39.32580328,0.02447547112230106
39.32583332,0.013931486991683834
39.33883882,0.041382467383840695
39.33891225,0.03987182421606775
39.34483671,0.010254062714579995
39.34490848,0.026550698100251773
39.38788795,0.049225604638742655
39.38796163,0.01863126573586633
39.38979506,0.019684138246738384
39.38983393,0.048767833981841764
39.38986754,0.024551766231784542
39.39878464,0.015060654612039369
39.39883113,0.042801556420233464
39.39887404,0.04101625085831998
39.39891148,0.011306935225452048
39.4138298,0.02716105897611963
39.413903,0.04930189974822614
39.42579246,0.019546807049668116
39.42585444,0.020874341954680704
39.4259007,0.050431067368581675
39.42594385,0.026169222552834364
39.43982601,0.015152208743419547
39.43990588,0.041718165865568015
39.43996143,0.04069581139848936
39.44735885,0.012024109254596781
39.44748664,0.028046082246128024
39.46116328,0.05008010986495766
39.46121955,0.020202944991226063
39.46779919,0.020538643472953384
39.46785641,0.04974441138323033
39.49080491,0.026047150377660793
39.49086285,0.01518272678721294
39.4957695,0.04248111696040284
39.4958272,0.04103150988021668
39.49586296,0.01126115815976196
39.5027945,0.026794842450598915
39.50283647,0.04948500801098649
39.50287342,0.019714656290531776
39.51580381,0.019714656290531776
39.51582861,0.04985122453650721
39.52477741,0.026932173647669186
39.52480197,0.015671015487907225
39.54876757,0.0477454795147631
39.54879284,0.034699015793087665
39.54881358,0.012085145342183566
39.54883742,0.03556878004119936
39.56379223,0.048432135500114444
39.56383753,0.01617456321049821
39.56386995,0.02967879758907454
39.56389952,0.05053788052185855
39.56676316,0.020798046845197222
39.58177781,0.020630197604333562
39.59480762,0.05012588693064775
39.59487081,0.027176317998016328
39.59490681,0.014663920042725261
39.60887671,0.041336690318150605
39.60894918,0.04139772640573739
39.61787319,0.011306935225452048
39.61793756,0.025696192874036773
39.61999345,0.04840161745632105
39.62004352,0.01936369878690776
39.63390946,0.019974059662775615
39.6339817,0.04969863431754024
39.63403726,0.026581216144045166
39.6491375,0.014618142977035172
39.6492281,0.041672388799877925
39.66883922,0.04164187075608453
39.66889215,0.01138323033493553
39.69687843,0.026245517662317846
39.69695425,0.04962233920805676
39.69700885,0.020462348363469902
39.69706011,0.020828564888990615
39.71985674,0.051270313572899975
39.71991134,0.03125047684443427
39.71994853,0.024444953078507668
39.7199862,0.06117341878385595
39.72001886,0.05780117494468605
39.7288475,0.0358129243915465
39.72890472,0.053406576638437474
39.73282743,0.04539559014267185
39.73287272,0.012085145342183566
39.7809329,0.026489662012664988
39.78102446,0.049805447470817124
39.78108096,0.019623102159151598
39.78113222,0.0191958495460441
39.78288317,0.05070572976272221
39.78295541,0.029388876173037308
39.78301048,0.015472648203250172
39.78306842,0.04654001678492409
39.7854898,0.03595025558861677
39.78784895,0.012588693064774548
39.78791094,0.034439612420843826
39.79287124,0.049347676813916226
39.79294181,0.017685206378271152
39.81729102,0.027924010070954453
39.8173902,0.05020218204013123
39.81743979,0.02214084077210651
39.81748509,0.020828564888990615
39.83090329,0.05108720531013962
39.83096504,0.029327840085450523
39.83390284,0.016006713969634545
39.83397484,0.047638666361486226
39.83402991,0.0366826886396582
39.84943795,0.013794155794613565
39.84955812,0.036789501792935074
39.86290932,0.05090409704737926
39.86298394,0.018188754100862136
39.87686157,0.02887006942854963
39.87693453,0.05294880598153658
39.88089895,0.02413977264057374
39.88097119,0.023651483939879453
39.89990449,0.05438315403982605
39.89997959,0.032776379034103915
39.9000349,0.019424734874494545
39.90008593,0.05207904173342489
39.90014005,0.04226749065384909
39.91605878,0.0187533379110399
39.91615009,0.04847791256580453
39.93885446,0.049103532463569084
39.93891835,0.018402380407415885
39.95282483,0.040161745632104985
39.95289063,0.05432211795223926
39.95293593,0.020965896086060882
39.95297766,0.030746929121843288
39.97787309,0.05450522621499962
39.97793841,0.02468909742885481
39.97798371,0.02153047989623865
39.97802639,0.05090409704737926
39.98387718,0.02954146639200427
40.00081158,0.014450293736171512
40.0008812,0.03999389639124132
40.00093603,0.042038605325398645
40.0009799,0.010727092393377585
40.02579975,0.023773556115053024
40.0258615,0.048340581368734266
40.02590871,0.01948577096208133
40.02595162,0.017212176699473565
40.02599311,0.04803540093080034
40.02603412,0.026855878538185704
40.03277469,0.012451361867704281
40.03282118,0.038834210727092394
40.03881788,0.041931792172121764
40.05278134,0.01095597772182803
40.05283546,0.024414435034714275
40.06579685,0.04971389333943694
40.06586385,0.020996414129854278
40.07080102,0.01594567788204776
40.07087994,0.04676890211337453
40.07784581,0.027389944304570077
40.07791066,0.012634470130464637
40.09383464,0.03814755474174106
40.09392238,0.041336690318150605
40.09396195,0.010971236743724726
40.09400392,0.023559929808499275
40.09404588,0.04866102082856489
40.10879517,0.020645456626230258
40.12276793,0.017853055619134812
40.12279367,0.04824902723735409
40.13576603,0.027557793545433737
40.13578677,0.012695506218051423
40.13778901,0.03903257801174945
40.13783288,0.042664225223163196
40.14578891,0.011505302510109103
40.14581561,0.02391088731212329
40.15480375,0.04971389333943694
40.15484953,0.022293430991073473
40.1638453,0.018478675516899367
40.16391683,0.04878309300373846
40.17783856,0.028641184100099183
40.19083834,0.013717860685130083
40.19091177,0.038956282902265965
40.19383073,0.042206454566262305
40.1938951,0.011413748378728923
40.20583177,0.024277103837644008
40.20590377,0.0494544899671931
40.20784974,0.021423666742961776
40.20792222,0.017303730830853743
40.23079562,0.048676279850461586
40.23085594,0.028885328450446328
40.23978043,0.013107499809262227
40.23982739,0.03889524681467918
40.23986936,0.043213550011444266
40.25377655,0.012146181429770352
40.25383186,0.02426184481574731
40.25386667,0.05023270008392462
40.25390029,0.022156099794003205
40.26878643,0.017593652246890974
40.26884341,0.04948500801098649
40.27782726,0.030472266727702754
40.27786756,0.013656824597543298
40.27790761,0.038742656595712216
40.30077267,0.042755779354543375
40.30079412,0.012909132524605172
40.31893444,0.024780651560234988
40.31898499,0.049393453879606315
40.31902146,0.021805142290379186
40.33277512,0.017349507896543832
40.33280778,0.04924086366063935
40.33283615,0.02967879758907454
40.33285809,0.01309224078736553
40.34586573,0.038788433661402305
40.3459394,0.04379339284351873
40.3478322,0.012481879911497674
40.34790373,0.024338139925230793
40.37082052,0.05041580834668498
40.37089586,0.023132677195391776
40.37277484,0.018005645838101776
40.37281346,0.0490424963759823
40.37284803,0.029999237048905166
40.38085723,0.013641565575646601
40.3809042,0.03981078812848096
40.39580083,0.04487678339818418
40.39584923,0.013015945677882048
40.40078282,0.024002441443503473
40.40083194,0.04971389333943694
40.41390824,0.02307164110780499
40.41398573,0.018524452582589456
40.43883038,0.04931715877012283
40.43890524,0.02981612878614481
40.43894506,0.013015945677882048
40.43898702,0.03904783703364614
40.43902707,0.04455634393835355
40.44785666,0.013000686655985352
40.44792342,0.024155031662470437
40.46078825,0.05056839856565194
40.46085167,0.023346303501945526
40.46577096,0.018020904859998473
40.46582055,0.049271381704432744
40.48988032,0.030594338902876324
40.48996401,0.013397421225299458
40.49001026,0.038910505836575876
40.49005532,0.044373235675593196
40.49009109,0.013122758831158923
40.49981308,0.024338139925230793
40.49984813,0.0511635004196231
40.50477791,0.023849851224536506
40.51880622,0.018951705195696954
40.51884103,0.050141145952544444
40.52381301,0.03179980163271534
40.52386451,0.014404516670481423
40.54788589,0.03932249942778668
40.54801822,0.04541084916456855
40.54807758,0.013885709925993743
40.54816103,0.02561989776455329
40.55781436,0.052689402609292744
40.55788088,0.025909819180590526
40.57182693,0.019501029983978027
40.57188869,0.050812542915999084
40.57193303,0.031830319676508734
40.58785629,0.013916227969787138
40.58791757,0.03904783703364614
40.59983706,0.04528877698939498
40.59988999,0.013778896772716868
40.62380528,0.02406347753109026
40.62387466,0.05078202487220569
40.62392044,0.023651483939879453
40.6239624,0.016937514305333027
40.65089273,0.04879835202563516
40.65102315,0.031067368581673915
40.65112805,0.01309224078736553
40.65119815,0.03889524681467918
40.65125012,0.04516670481422141
40.66082478,0.013473716334782941
40.66088915,0.023422598611429007
40.66581345,0.05018692301823453
40.66586828,0.023422598611429007
40.68025994,0.01696803234912642
40.68036318,0.04950026703288319
40.68595934,0.03451590753032731
40.68606377,0.02034027618829633
40.69485927,0.05966277561608301
40.69493246,0.05983062485694667
40.69983459,0.039917601281757836
40.69989514,0.05474937056534676
40.70586395,0.05094987411306935
40.71487594,0.013275349050125887
40.71495485,0.02204928664072633
40.72887874,0.048386358434424355
40.72895956,0.022751201647974364
40.7290163,0.016525520714122225
40.74282241,0.04846265354390784
40.74285364,0.03143358510719463
40.74287724,0.013366903181506065
40.74290633,0.03848325322346838
40.75779247,0.04487678339818418
40.75781846,0.012939650568398567
40.76581001,0.023483634699015793
40.76585722,0.051392385748073546
40.77081537,0.024383916990920882
40.79479814,0.017212176699473565
40.79482698,0.04925612268253605
40.79882669,0.032394903486686506
40.79886556,0.013824673838406958
40.80384326,0.038666361486228734
40.80389857,0.04620431830319677
40.81789088,0.014297703517204547
40.81798005,0.02383459220263981
40.81806159,0.05163653009842069
40.81814885,0.025513084611276417
40.83284521,0.018600747692072938
40.83290386,0.05024795910582132
40.83883619,0.032990005340657665
40.86389112,0.014435034714274816
40.86396098,0.039246204318303196
40.86401534,0.04724193179217212
40.86406708,0.016189822232394905
40.86691642,0.033783474479285876
40.86698723,0.05398641947051194
40.88065171,0.021332112611581598
40.88077974,0.026932173647669186
40.88895512,0.05517662317845426
40.88903737,0.029617761501487753
40.9028542,0.021927214465552756
40.90291214,0.054306858930342566
40.92689085,0.03808651865415427
40.92694545,0.018951705195696954
40.92699051,0.05000381475547418
40.92988181,0.04573128862439917
40.92993927,0.018326085297932403
40.93587136,0.04473945220111391
40.93592477,0.051361867704280154
40.94485283,0.018158236057068743
40.9448905,0.033234149691004806
40.95380855,0.05174334325169756
40.9538362,0.020950637064164186
40.97781634,0.023636224917982757
40.97784519,0.05006485084306096
40.97786951,0.023422598611429007
40.99281979,0.014984359502555887
40.9928484,0.042084382391088734
40.99287271,0.03961242084382391
40.99289274,0.010406652933546959
41.01734304,0.0277103837644007
41.01746798,0.047180895704585335
41.03088617,0.016403448538948654
41.03096008,0.02072175173571374
41.03101444,0.04866102082856489
41.03106427,0.022903791866941327
41.03985119,0.014404516670481423
41.03991032,0.04168764782177462
41.04590034,0.03825436789501793
41.06084847,0.010437170977340352
41.06092477,0.028473334859235522
41.06786442,0.04866102082856489
41.06793737,0.016937514305333027
41.0809176,0.020462348363469902
41.08099055,0.04928664072632944
41.08104801,0.0238803692683299
41.08110023,0.015274280918593118
41.08793759,0.04695201037613489
41.08800936,0.03167772945754177
41.10085702,0.01164263370717937
41.10091424,0.036194399938963916
41.10585594,0.04498359655146105
41.12993765,0.013107499809262227
41.13010073,0.022034027618829635
41.13014984,0.050049591821164266
41.13019252,0.024841687647821773
41.13283038,0.0157778286411841
41.13289213,0.04748607614251926
41.14689708,0.032166018158236054
41.1469543,0.012298771648737316
41.15482688,0.03659113450827802
41.15490651,0.04570077058060578
41.15494585,0.013458457312886245
41.17879534,0.022034027618829635
41.17882442,0.05006485084306096
41.17884922,0.025146868085755704
41.18879724,0.015594720378423743
41.18882585,0.047730220492866404
41.19480538,0.03363088426031891
41.19482946,0.012863355458915083
41.19979382,0.036621652552071414
41.19982004,0.04583810177767605
41.21382046,0.013656824597543298
41.21384573,0.02162203402761883
41.23286414,0.049973296711680784
41.23292494,0.02485694666971847
41.23296237,0.014892805371175709
41.23300457,0.04205386434729534
41.25013256,0.03918516823071641
41.25019717,0.011245899137865263
41.25025415,0.028336003662165255
41.25985861,0.049103532463569084
41.2599318,0.018829633020523383
41.26989007,0.02162203402761883
41.26996326,0.050049591821164266
41.27790737,0.025650415808346684
41.27797985,0.01539635309376669
41.30086184,0.04693675135423819
41.30093884,0.03266956588082704
41.30992579,0.012695506218051423
41.31003451,0.03631647211413749
41.31011081,0.04623483634699016
41.31992006,0.014450293736171512
41.32006311,0.021927214465552756
41.32582116,0.05011062790875105
41.32588363,0.02545204852368963
41.33485079,0.01539635309376669
41.33491182,0.0477454795147631
41.34883308,0.03439383535515374
41.34890318,0.012298771648737316
41.34896064,0.03506523231860838
41.36282587,0.04550240329594873
41.36286044,0.013962005035477227
41.37591314,0.021499961852445258
41.37599206,0.049439230945296404
41.37605095,0.025055313954375526
41.37785029,0.0157778286411841
41.37788892,0.04798962386511025
41.39077997,0.03434805828946365
41.39080596,0.012466620889600977
41.40479422,0.03605706874189364
41.40482235,0.046631570916304266
41.41889501,0.014618142977035172
41.41896033,0.02162203402761883
41.43285155,0.05044632639047837
41.43290877,0.025955596246280615
41.43295574,0.015518425268940261
41.4329989,0.04742504005493248
41.43984628,0.03402761882963302
41.44887686,0.012909132524605172
41.44894934,0.03654535744258793
41.45887208,0.047180895704585335
41.45892549,0.01411459525444419
41.47086763,0.020904859998474096
41.47091866,0.050049591821164266
41.48500752,0.026123445487144275
41.48511124,0.01602197299153124
41.48520684,0.04742504005493248
41.4852519,0.03418020904859999
41.49879837,0.013427939269092852
41.49887562,0.03761348897535668
41.50377178,0.04870679789425498
41.51794934,0.016144045166704816
41.51804638,0.029694056610971235
41.54079533,0.051697566186007474
41.54085708,0.021942473487449453
41.54277349,0.022156099794003205
41.54281354,0.05011062790875105
41.54284739,0.026169222552834364
41.54288006,0.016037232013427938
41.55481219,0.04835584039063096
41.5548625,0.03500419623102159
41.56978559,0.013122758831158923
41.56984472,0.036362249179827576
41.56988692,0.046463721675440606
41.5947907,0.013153276874952316
41.59485865,0.019501029983978027
41.59490514,0.04925612268253605
41.59494638,0.02606240939955749
41.59498,0.014938582436865798
41.60480118,0.04130617227435721
41.60484362,0.04170290684367132
41.61381316,0.01254291599908446
41.61384201,0.02822919050888838
41.62780666,0.0503242542153048
41.62786508,0.019623102159151598
41.63478255,0.021637293049515526
41.634835,0.05407797360189212
41.64836955,0.03521782253757534
41.66098332,0.03100633249408713
41.66107821,0.06121919584954604
41.66279387,0.05465781643396658
41.66282916,0.029739833676661324
41.67082095,0.049347676813916226
41.67086434,0.041092545967803464
41.68076229,0.009826810101472495
41.6807878,0.0251621271076524
41.68881989,0.04571602960250248
41.68887258,0.017578393224994278
41.71395206,0.01957732509346151
41.71405506,0.05056839856565194
41.71413064,0.02746623941405356
41.71419215,0.014892805371175709
41.71426129,0.041214618142977034
41.72884393,0.04173342488746471
41.72890544,0.01283283741512169
41.73378396,0.028076600289921417
41.7338376,0.05049210345616846
41.74784708,0.020584420538643473
41.74789691,0.021042191195544367
41.75601602,0.0507362478065156
41.75611234,0.028091859311818113
41.7798543,0.01599145494773785
41.77992415,0.048340581368734266
41.77997875,0.03596551461051346
41.80380058,0.013824673838406958
41.80386043,0.037125200274662394
41.80390573,0.04870679789425498
41.80394673,0.016433966582742047
41.81981015,0.029053177691309988
41.81986308,0.05188067444876784
41.81990409,0.02243076218814374
41.81994462,0.02269016556038758
41.82880974,0.05299458304722667
41.82886863,0.03088426031891356
41.85295057,0.01841763942931258
41.85304356,0.05003433279926757
41.85311532,0.039337758449683374
41.85318398,0.016937514305333027
41.85325146,0.04698252841992828
41.85481811,0.04740978103303578
41.85485601,0.01824979018844892
41.86877942,0.04197756923781185
41.86881042,0.05462729839017319
41.87576342,0.02230869001297017
41.87578797,0.03372243839169909
41.89976907,0.0567025253681239
41.89979625,0.027313649195086595
41.89981985,0.026123445487144275
41.89984345,0.05487144274052033
41.89986682,0.031860837720302126
41.91480541,0.0178988326848249
41.91483355,0.049561303120469975
41.92377472,0.037293049515526054
41.92379713,0.013275349050125887
41.93780899,0.034821087968261236
41.93786788,0.047394522011139084
41.95080113,0.014862287327382314
41.95085645,0.018860151064316776
41.97480631,0.0481879911497673
41.97486401,0.025772487983520255
41.97490001,0.013214312962539101
41.97493887,0.03904783703364614
41.97497821,0.03904783703364614
41.97777867,0.009308003356984817
41.97782803,0.024200808728160526
41.99182034,0.04753185320820935
41.99187088,0.0178988326848249
42.00484371,0.016998550392919812
42.00490046,0.047394522011139084
42.01907659,0.025680933852140077
42.01915288,0.012359807736324101
42.03284526,0.03886472877088579
42.03293228,0.040283817807278556
42.03297162,0.011078049897001603
42.03301239,0.02494850080109865
42.03305244,0.048264286259250784
42.0467906,0.019211108567940796
42.04684162,0.018356603341725796
42.06180739,0.048767833981841764
42.06187296,0.027527275501640344
42.06191587,0.013473716334782941
42.07479763,0.03942931258106355
42.07482839,0.04036011291676204
42.08379102,0.011123826962691692
42.08381653,0.02575722896162356
42.09076452,0.05029373617151141
42.09078956,0.02034027618829633
42.09778666,0.01892118715190356
42.09783673,0.0490272373540856
42.10480046,0.0277103837644007
42.11786819,0.014465552758068208
42.11789417,0.04107728694590677
42.13181329,0.04213015945677882
42.13186359,0.011886778057526512
42.15479517,0.02578774700541695
42.15484595,0.04907301441977569
42.16382337,0.02102693217364767
42.16387987,0.019562066071564813
42.16392159,0.04971389333943694
42.16396141,0.02827496757457847
42.17782593,0.014831769283588921
42.17788053,0.0413519493400473
42.17792201,0.0435034714274815
42.18286157,0.012573434042877852
42.18290997,0.02532997634851606
42.19679904,0.05012588693064775
42.19686055,0.021774624246585793
42.22391105,0.018768596932936598
42.22400045,0.04937819485770962
42.22403765,0.02848859388113222
42.22406626,0.01416037232013428
42.2240994,0.04040588998245213
42.22413206,0.04255741206988632
42.23383188,0.012359807736324101
42.23391366,0.025635156786449988
42.23880363,0.05029373617151141
42.24781799,0.021728847180895704
42.24789667,0.019424734874494545
42.27087379,0.0498970016021973
42.27093506,0.029053177691309988
42.27097368,0.014862287327382314
42.27480054,0.04153505760280766
42.27483797,0.043213550011444266
42.27879429,0.012726024261844816
42.27883339,0.025955596246280615
42.28817797,0.05183489738307775
42.2882297,0.022201876859693295
42.30083323,0.019729915312428473
42.30088973,0.050934615091172655
42.30280852,0.03036545357442588
42.3257761,0.0157778286411841
42.32580328,0.04766918440527962
42.32776642,0.03797970550087739
42.3277874,0.013824673838406958
42.34184027,0.034821087968261236
42.34191179,0.04870679789425498
42.34196687,0.016433966582742047
42.34208512,0.026047150377660793
42.35577297,0.05023270008392462
42.3557992,0.02191195544365606
42.36976528,0.019562066071564813
42.3697896,0.05001907377737087
42.3698132,0.02839703974975204
42.39476275,0.013076981765468834
42.39478803,0.039627679865720605
42.39481258,0.043167772945754176
42.39483213,0.012771801327534905
42.40179777,0.0255893797207599
42.40185547,0.0503242542153048
42.41489482,0.022461280231937133
42.4149549,0.01924162661173419
42.42385674,0.050141145952544444
42.4239099,0.028168154421301595
42.44982433,0.01411459525444419
42.44989824,0.040161745632104985
42.44995427,0.04365606164644846
42.46279454,0.01513694972152285
42.46285486,0.031036850537880523
42.4629004,0.06089875638971542
42.4629426,0.044251163500419625
42.48579025,0.04286259250782025
42.48584008,0.061036087586785685
42.48777461,0.03567559319447623
42.48781824,0.01585412375066758
42.48785853,0.0443579766536965
42.48789787,0.03418020904859999
42.49880171,0.008926527809567406
42.49885941,0.030518043793392843
42.5047667,0.04736400396734569
42.51786017,0.016311894407568476
42.51793218,0.025299458304722668
42.54183316,0.050049591821164266
42.5418942,0.021637293049515526
42.54193902,0.018768596932936598
42.54197979,0.04959182116426337
42.54480052,0.028931105516136417
42.54484177,0.013580529488059816
42.55922771,0.04069581139848936
42.55932879,0.04461738002594034
42.55936122,0.013702601663233387
42.56580544,0.025558861676966506
42.56774807,0.051224536507209886
42.59111881,0.023422598611429007
42.59120989,0.019928282597085525
42.59124017,0.05090409704737926
42.59126687,0.030548561837186235
42.60087562,0.0153505760280766
42.6009326,0.047882810711833375
42.61516905,0.03942931258106355
42.6152606,0.01399252307927062
42.61533856,0.03479056992446784
42.61993742,0.05145342183566033
42.63485241,0.020279240100709545
42.63495827,0.028595407034409093
42.64782596,0.0541695277332723
42.6659205,0.02627603570611124
42.66600752,0.022705424582284275
42.66884351,0.053971160448615246
42.66889,0.03439383535515374
42.66893101,0.0191958495460441
42.66897082,0.052262149996185246
42.67877841,0.043549248493171586
42.67882586,0.018356603341725796
42.69178414,0.04643320363164721
42.69184637,0.05011062790875105
42.71484566,0.018692301823453116
42.71491408,0.03785763332570382
42.71496606,0.05366598001068131
42.71501613,0.021057450217441064
42.71506453,0.028458075837338826
42.72993422,0.052857251850156405
42.73001194,0.024277103837644008
42.7358017,0.019592584115358205
42.73585057,0.049881742580300606
42.74481082,0.029495689326314183
42.74484944,0.012939650568398567
42.74488854,0.03852903028915847
42.76877379,0.04245059891660945
42.76879501,0.010818646524757763
42.78283858,0.021988250553139545
42.78290987,0.04754711223010605
42.79584837,0.019928282597085525
42.79592991,0.015625238422217136
42.80581832,0.047302967879758906
42.80588794,0.027649347676813915
42.81983972,0.011200122072175174
42.81990099,0.03698786907759213
42.81994224,0.04165712977798123
42.81997585,0.01095597772182803
42.82001734,0.022354467078660258
42.82005692,0.04779125658045319
42.82009578,0.020584420538643473
42.84878588,0.016403448538948654
42.84881091,0.047562371252002744
42.84883428,0.028290226596475166
42.84885359,0.011535820553902495
42.84887671,0.0375219348439765
42.85878849,0.043137254901960784
42.85881138,0.011886778057526512
42.86885667,0.023224231326771955
42.86892891,0.0490424963759823
42.87684512,0.022247653925383384
42.87691689,0.017074845502403294
42.88984251,0.048386358434424355
42.88990211,0.03031967650873579
42.91484594,0.013443198290989548
42.91490746,0.03802548256656748
42.91495347,0.04274052033264668
42.91498923,0.012466620889600977
42.91503096,0.02409399557488365
42.92880869,0.05082780193789578
42.92887044,0.022903791866941327
42.93478751,0.01715114061188678
42.93484998,0.0486305027847715
42.94781637,0.030045014114595255
42.94786668,0.012863355458915083
42.9607923,0.03848325322346838
42.96084976,0.043717097734035246
42.96088147,0.01240558480201419
42.96980286,0.02349889372091249
42.96983814,0.049607080186160064
42.98381948,0.022705424582284275
42.98387027,0.0174868390936141
42.98981214,0.04885938811322194
42.98987031,0.029724574654764628
43.01378345,0.013061722743572137
43.01384234,0.038620584420538645
43.02777481,0.04345769436179141
43.02782369,0.012085145342183566
43.02786088,0.023193713282978562
43.02789569,0.05012588693064775
43.02793241,0.02299534599832151
43.05278468,0.016998550392919812
43.05281091,0.04786755168993668
43.05283427,0.02963302052338445
43.06478381,0.012680247196154727
43.06482673,0.038284885938811325
43.06878304,0.04402227817196918
43.06882167,0.01271076523994812
43.07477903,0.023468375677119097
43.07482386,0.04983596551461052
43.08925009,0.022735942626077667
43.08937502,0.01612878614480812
43.10283637,0.04924086366063935
43.10290933,0.031570916304264895
43.10781384,0.012939650568398567
43.10788679,0.038284885938811325
43.1079421,0.04361028458075837
43.11382222,0.012008850232700085
43.11389542,0.023392080567635615
43.12883592,0.05052262149996185
43.12891412,0.023086900129701687
43.13377953,0.01739528496223392
43.13382721,0.04913405050736248
43.15815353,0.030899519340810255
43.15826583,0.012298771648737316
43.15834427,0.03801022354467078
43.15841484,0.04486152437628748
43.15847278,0.013031204699778745
43.16779375,0.023147936217288473
43.16783071,0.04969863431754024
43.17980099,0.022919050888838024
43.1798811,0.016144045166704816
43.19382906,0.04791332875562677
43.19390774,0.030289158464942397
43.19979405,0.012146181429770352
43.19987297,0.03706416418707561
43.22388458,0.043549248493171586
43.2239759,0.012863355458915083
43.22404289,0.022980086976424813
43.22410679,0.049683375295643546
43.22415662,0.023529411764705882
43.23380947,0.017410543984130618
43.23385215,0.04953078507667658
43.23388767,0.03192187380788891
43.24876285,0.01416037232013428
43.24878716,0.0392156862745098
43.25780511,0.04582284275577935
43.25782704,0.013839932860303654
43.28081512,0.023422598611429007
43.28087378,0.05035477225909819
43.28278351,0.02362096589608606
43.28282952,0.016693369954985885
43.28890562,0.048676279850461586
43.28897691,0.031738765545128556
43.2951107,0.013412680247196154
43.29523253,0.038162813763637754
43.30487823,0.04448004882887007
43.31281233,0.01297016861219196
43.31286383,0.023422598611429007
43.33779883,0.051224536507209886
43.33786011,0.02447547112230106
43.33790517,0.016891737239642938
43.33794594,0.049057755397878995
43.34778762,0.0319829098954757
43.34782815,0.014038300144960708
43.35581994,0.038956282902265965
43.355896,0.04615854123750668
43.36978102,0.015716792553597314
43.36984706,0.03472953383688106
43.36989307,0.057572289616235596
43.38478279,0.0357976653696498
43.38483405,0.04858472571908141
43.39978933,0.061158159761959256
43.39985108,0.03939879453727016
43.40476561,0.026489662012664988
43.40481067,0.04986648355840391
43.41382504,0.02917524986648356
43.41389132,0.010406652933546959
43.41394806,0.0362554360265507
43.42281651,0.044678416113527124
43.42284679,0.013580529488059816
43.43580651,0.023422598611429007
43.43586612,0.050476844434271764
43.46586323,0.02435339894712749
43.46594214,0.01654077973601892
43.46597934,0.0477454795147631
43.46601343,0.03137254901960784
43.4660418,0.012466620889600977
43.46779513,0.03743038071259632
43.46783137,0.045471885252155335
43.47778106,0.013580529488059816
43.47781563,0.023102159151598384
43.49076962,0.05069047074082551
43.4907949,0.024460212100404364
43.49977946,0.017135881589990083
43.49980497,0.049271381704432744
43.52078509,0.032532234683756774
43.52980304,0.013382162203402761
43.529845,0.03810177767605097
43.5298717,0.04567025253681239
43.5298965,0.014648661020828565
43.55481482,0.02423132677195392
43.55488849,0.05232318608377203
43.5628891,0.02673380636301213
43.56295347,0.019211108567940796
43.56302404,0.05044632639047837
43.56309962,0.03437857633325704
43.57680106,0.01629663538567178
43.57686043,0.04785229266803998
43.58579636,0.04295414663920043
43.59883618,0.01565575646601053
43.59893727,0.04187075608453498
43.59897542,0.051316090638590064
43.59901023,0.01892118715190356
43.59904456,0.03517204547188525
43.59908509,0.05476462958724346
43.61388087,0.023727779049362935
43.61395264,0.02839703974975204
43.62336349,0.05566491187914855
43.62350154,0.02920576791027695
43.63580441,0.020798046845197222
43.63584185,0.05224689097428855
43.64987612,0.03556878004119936
43.65883017,0.014526588845654994
43.65886736,0.03851377126726177
43.66379094,0.04641794460975052
43.66381574,0.013839932860303654
43.67087936,0.022034027618829635
43.67095327,0.04931715877012283
43.67988205,0.02349889372091249
43.67995739,0.015274280918593118
43.68891358,0.047180895704585335
43.68898678,0.030563820859082932
43.71183562,0.010406652933546959
43.71189928,0.03466849774929427
43.71194649,0.04367132066834516
43.71198249,0.011841000991836423
43.71202445,0.020447089341573205
43.73882699,0.049393453879606315
43.73888993,0.023895628290226595
43.73893332,0.014938582436865798
43.73897624,0.04165712977798123
43.74079943,0.03799496452277409
43.74083138,0.010452429999237048
43.74086475,0.028213931486991684
43.7648046,0.04806591897459373
43.76483345,0.016891737239642938
43.76485705,0.02021820401312276
43.76488161,0.04899671931029221
43.77982926,0.023956664377813384
43.77987957,0.01487754634927901
43.77991939,0.041763942931258104
43.79381371,0.03810177767605097
43.7938354,0.010284580758373388
43.79878759,0.02851911192492561
43.79881239,0.049347676813916226
43.82629991,0.017334248874647136
43.82632542,0.020141908903639278
43.83480167,0.04840161745632105
43.83482575,0.024368657969024186
43.83484554,0.014740215152208743
43.83486843,0.04180971999694819
43.84080172,0.03904783703364614
43.8478334,0.010452429999237048
43.84788609,0.027222095063706417
43.86120367,0.04797436484321355
43.86130333,0.0178988326848249
43.86785102,0.02093537804226749
43.86791158,0.049179827573052566
43.89089346,0.02423132677195392
43.89096522,0.015548943312733654
43.89294243,0.04744029907682917
43.89301324,0.03219653620202945
43.90081668,0.011184863050278477
43.90086627,0.03567559319447623
43.90280461,0.04536507209887846
43.91583204,0.013839932860303654
43.91589022,0.021545738918135347
43.92533326,0.05056839856565194
43.9254334,0.025680933852140077
43.94984722,0.015808346684977492
43.94991422,0.04757763027389944
43.94995809,0.032532234683756774
43.9499929,0.01223773556115053
43.95888734,0.03610284580758373
43.95896673,0.04571602960250248
43.95901632,0.014312962539101243
43.96782136,0.02243076218814374
43.9678576,0.050720988784618906
43.98283577,0.02545204852368963
43.98291421,0.015915159838254367
43.99087143,0.04853894865339132
43.99094963,0.033676661326009
44.00584149,0.012375066758220797
44.00592279,0.03601129167620355
44.00598097,0.04573128862439917
44.01881075,0.01411459525444419
44.01884699,0.021484702830548562
44.01887941,0.050598916609445335
44.01890779,0.026031891355764097
44.03378892,0.016662851911192492
44.03381371,0.04840161745632105
44.03383684,0.03407339589532311
44.0487783,0.013244831006332494
44.04880261,0.03700312809948882
44.06281829,0.04725719081406882
44.06285453,0.01556420233463035
44.07577419,0.030090791180285344
44.07579899,0.05130083161669337
44.07976651,0.020325017166399634
44.08981133,0.02252231631952392
44.08989048,0.04985122453650721
44.08994555,0.02618448157473106
44.10280871,0.016647592889295796
44.10286856,0.04870679789425498
44.10291386,0.03402761882963302
44.11378646,0.01254291599908446
44.11382365,0.036575875486381325
44.12781525,0.0464789806973373
44.12786961,0.013977264057373923
44.15280366,0.020904859998474096
44.15286303,0.05041580834668498
44.15290642,0.026153963530937668
44.15294838,0.01589990081635767
44.15298867,0.048218509193560695
44.15302849,0.03434805828946365
44.17779899,0.013015945677882048
44.17785001,0.03642328526741436
44.17788506,0.04660105287251087
44.18878841,0.014679179064621958
44.18884444,0.022842755779354542
44.20279217,0.05407797360189212
44.20284963,0.036453803311207754
44.2028935,0.034485389486533916
44.20293665,0.061249713893339434
44.21683526,0.05084306095979248
44.21689081,0.025467307545586328
44.21693325,0.04686045624475471
44.21697474,0.03973449301899748
44.23082113,0.009353780422674906
44.23087263,0.025436789501792935
44.24081421,0.04727244983596551
44.26389909,0.017761501487754634
44.26399875,0.021087968261234456
44.27784204,0.05053788052185855
44.2779007,0.026504921034561684
44.27794504,0.01565575646601053
44.27798653,0.047806515602349886
44.29196525,0.03445487144274052
44.29203677,0.013199053940642405
44.29991603,0.036285954070344094
44.29998541,0.04707408255130846
44.31379867,0.015030136568245976
44.31387568,0.021850919356069275
44.31392002,0.051026169222552833
44.33882761,0.027389944304570077
44.33889604,0.016479743648432136
44.3389411,0.04870679789425498
44.33898306,0.035706111238269625
44.3390193,0.014099336232547494
44.33906078,0.03718623636224918
44.33910084,0.04899671931029221
44.34884095,0.017288471808957047
44.34889364,0.03060959792477302
44.35785198,0.051758602273594266
44.35788822,0.021850919356069275
44.37084651,0.0234531166552224
44.37090254,0.053238727397573814
44.38687706,0.029953459983215077
44.38695645,0.019455252918287938
44.39980865,0.052094300755321586
44.39986277,0.03904783703364614
44.40581632,0.017502098115510796
44.4058671,0.04823376821545739
44.41179919,0.0473334859235523
44.41188455,0.018570229648279545
44.42183638,0.04251163500419623
44.42191672,0.053894865339131764
44.434793,0.021301594567788205
44.43485403,0.03466849774929427
44.43489981,0.05626001373311971
44.44982362,0.026123445487144275
44.44989753,0.025879301136797133
44.46388531,0.05360494392309453
44.46393418,0.029907682917524988
44.47782874,0.018020904859998473
44.47790122,0.049347676813916226
44.47795606,0.035660334172579536
44.47799945,0.012268253604943923
44.48781753,0.034988937209124896
44.48789001,0.046295872434576946
44.48794007,0.014465552758068208
44.50080657,0.019806210421911954
44.50084639,0.048172732127870606
44.52555466,0.024933241779201955
44.52557802,0.013458457312886245
44.52560186,0.039795529106584265
44.54977369,0.039459830624856945
44.54979968,0.01019302662699321
44.54982424,0.02575722896162356
44.5498476,0.04766918440527962
44.55679989,0.017593652246890974
44.55685663,0.018478675516899367
44.55690551,0.048218509193560695
44.55695391,0.024933241779201955
44.5708034,0.01390096894789044
44.57086444,0.04046692607003891
44.58383894,0.03904783703364614
44.58390355,0.00955214770733196
44.58395815,0.025436789501792935
44.59786248,0.048767833981841764
44.59795117,0.019287403677424278
44.59800172,0.019302662699320974
44.59803843,0.04812695506218052
44.6128509,0.025772487983520255
44.6129005,0.01390096894789044
44.6209178,0.04103150988021668
44.62099767,0.04118410009918364
44.64583778,0.011291676203555352
44.64591479,0.02610818646524758
44.64595866,0.04899671931029221
44.65479064,0.019287403677424278
44.65485311,0.019302662699320974
44.65988421,0.04899671931029221
44.65995693,0.02691691462577249
44.66911483,0.014847028305485618
44.66923571,0.041168841077286945
44.68386483,0.04097047379262989
44.68393397,0.011352712291142137
44.68399024,0.026657511253528648
44.6840415,0.04936293583581292
44.70779681,0.019546807049668116
44.70787048,0.019958800640878918
44.70791698,0.04953078507667658
44.72379255,0.026749065384908826
44.72385192,0.014572365911345083
44.7238965,0.041214618142977034
44.7239399,0.04164187075608453
44.72397327,0.012039368276493477
44.73584223,0.026703288319218737
44.73591304,0.04969863431754024
44.74582624,0.020080872816052493
44.74588728,0.020141908903639278
44.76931548,0.04982070649271382
44.7694149,0.02703898680094606
44.76948118,0.014679179064621958
44.76955485,0.04122987716487373
44.76962543,0.04200808728160525
44.78380275,0.011932555123216601
44.78386354,0.026855878538185704
44.78978324,0.05099565117875944
44.7898314,0.021087968261234456
44.80293941,0.02029449912260624
44.80303669,0.04998855573357748
44.81682682,0.027527275501640344
44.8168807,0.01501487754634928
44.82983351,0.04132143129625391
44.82988238,0.04214541847867552
44.83582163,0.012100404364080263
44.8358686,0.0268711375600824
44.83590865,0.04962233920805676
44.8508184,0.020157167925535974
44.85087895,0.02043183031967651
44.85987902,0.05056839856565194
44.85992599,0.027527275501640344
44.86285281,0.014831769283588921
44.86289811,0.04151979858091096
44.88783741,0.04219119554436561
44.88789415,0.012207217517357137
44.88793874,0.02677958342870222
44.88798165,0.05012588693064775
44.91184092,0.02076752880140383
44.91191626,0.020401312275883116
44.91196132,0.05012588693064775
44.9138093,0.027862973983367668
44.91386676,0.015487907225146869
44.92880464,0.048218509193560695
44.92886281,0.03738460364690623
44.92889905,0.013504234378576334
44.95180416,0.03544670786602579
44.95985341,0.04869153887235828
44.95992184,0.01727321278706035
44.95997548,0.029785610742351417
44.96002579,0.05300984206912337
44.96007466,0.02333104448004883
44.98382139,0.02230869001297017
44.98385262,0.05108720531013962
44.9838779,0.0285648889906157
44.98390222,0.0157778286411841
44.98984671,0.04907301441977569
44.98990035,0.03654535744258793
45.00425673,0.012390325780117494
45.0043993,0.0349584191653315
45.01886415,0.04745555809872587
45.01892996,0.015472648203250172
45.01897573,0.027008468757152668
45.0190177,0.050980392156862744
45.03440404,0.02111848630502785
45.03451371,0.01986724650949874
45.03602028,0.049561303120469975
45.04988861,0.028625925078202486
45.04997635,0.015793087663080796
45.05885053,0.047470817120622566
45.05895996,0.03564507515068284
45.07100677,0.013000686655985352
45.07108712,0.03631647211413749
45.07114792,0.051972228580148015
45.09579635,0.025391012436102846
45.09582734,0.04603646906233311
45.09585333,0.06106660563057908
45.09776807,0.04455634393835355
45.09780264,0.0362706950484474
45.10390329,0.05476462958724346
45.11780667,0.026169222552834364
45.11786103,0.01211566338597696
45.11790395,0.03909361409933623
45.13082314,0.041260395208667124
45.13084602,0.011841000991836423
45.14485455,0.026489662012664988
45.14491463,0.050263218127718015
45.14496064,0.021133745326924545
45.14500165,0.019180590524147403
45.15987086,0.04942397192339971
45.15992141,0.028290226596475166
45.16486812,0.01496910048065919
45.16492438,0.04156557564660105
45.17087078,0.043335622186617836
45.18482685,0.012863355458915083
45.18488169,0.026749065384908826
45.19982457,0.050812542915999084
45.19987392,0.021728847180895704
45.20678401,0.02009613183794919
45.20683026,0.05104142824444953
45.21579194,0.029358358129243915
45.21584368,0.015472648203250172
45.21984482,0.0473182269016556
45.21989894,0.037293049515526054
45.23285341,0.013870450904097047
45.23290205,0.03595025558861677
45.23294234,0.04962233920805676
45.25786662,0.01782253757534142
45.25792003,0.02851911192492561
45.2579608,0.0524605172808423
45.25800085,0.02349889372091249
45.26786709,0.02307164110780499
45.26791406,0.053803311207751586
45.28088617,0.03279163805600061
45.2809453,0.019256885633630885
45.28587246,0.05120927748531319
45.2859199,0.041504539559014265
45.29986954,0.018112458991378654
45.29991579,0.046509498741130695
45.30884051,0.048767833981841764
45.33288074,0.018310826276035707
45.33295226,0.039795529106584265
45.34082603,0.05429159990844587
45.34087062,0.02197299153124285
45.349828,0.030670634012359806
45.34988499,0.05368123903257801
45.34992623,0.02456702525368124
45.34996676,0.02178988326848249
45.36786556,0.050720988784618906
45.36788988,0.028824292362859542
45.39184999,0.014251926451514458
45.39190841,0.04017700465400168
45.39195013,0.04194705119401846
45.39988399,0.010864423590447852
45.39994001,0.02413977264057374
45.39997983,0.048264286259250784
45.40001893,0.01940947585259785
45.41385245,0.017181658655680172
45.4139092,0.04762340733958953
45.41983056,0.026626993209735255
45.41987896,0.012817578393224994
45.4238205,0.03887998779278248
45.42387223,0.04068055237659266
45.43851042,0.01036087586785687
45.43866444,0.02401770046540017
45.45079613,0.0494697489890898
45.45982647,0.020080872816052493
45.45987964,0.017593652246890974
45.45992231,0.048386358434424355
45.45996284,0.026794842450598915
45.46889019,0.012359807736324101
45.46897697,0.03877317463950561
45.48281527,0.04084840161745632
45.48287058,0.011032272831311514
45.48291326,0.024841687647821773
45.48780513,0.04954604409857328
45.4878397,0.02059967956054017
45.51078415,0.018066681925688565
45.5108099,0.04831006332494087
45.51281261,0.027557793545433737
45.51285386,0.01351949340047303
45.51289344,0.03955138475623712
45.52577639,0.041962310215915156
45.52579689,0.011367971313038834
45.53488255,0.024872205691615166
45.53495336,0.04931715877012283
45.54878426,0.020965896086060882
45.5488162,0.018448157473105974
45.56288266,0.048767833981841764
45.56295514,0.027283131151293202
45.5760181,0.012787060349431601
45.57608438,0.03904783703364614
45.57613087,0.04240482185091936
45.57616711,0.011886778057526512
45.57620835,0.02468909742885481
45.59186363,0.049805447470817124
45.59193516,0.020447089341573205
45.60500073,0.017746242465857938
45.60505962,0.048340581368734266
45.61186862,0.02789349202716106
45.61193347,0.013000686655985352
45.63489008,0.039078355077439536
45.63496327,0.04217593652246891
45.6350112,0.011444266422522316
45.63506293,0.024673838406958113
45.63511276,0.04959182116426337
45.6458292,0.021896696421759364
45.64589596,0.018997482261387044
45.65881515,0.048767833981841764
45.65886354,0.02784771496147097
45.66783929,0.013061722743572137
45.66788554,0.04005493247882811
45.69391727,0.043335622186617836
45.69398451,0.01147478446631571
45.69404006,0.023987182421606777
45.69409513,0.04986648355840391
45.69790626,0.020965896086060882
45.69798541,0.0178988326848249
45.70882916,0.04890516517891203
45.71888518,0.028259708552681773
45.71895576,0.013580529488059816
45.71901226,0.03961242084382391
45.72684407,0.04260318913557641
45.72687578,0.012085145342183566
45.73590589,0.024979018844892044
45.73597789,0.05012588693064775
45.75880337,0.02169832913710231
45.75882912,0.017883573662928205
45.77285528,0.048676279850461586
45.77292609,0.030121309224078737
45.78083801,0.01573205157549401
45.7809093,0.04728770885786221
45.78096461,0.03739986266880293
45.79476547,0.01283283741512169
45.79479289,0.03393606469825284
45.80982518,0.04908827344167239
45.80988264,0.01736476691844053
45.80992699,0.026626993209735255
45.80996871,0.05123979552910658
45.83388662,0.0225986114290074
45.83395839,0.019470511940184634
45.8340137,0.050431067368581675
45.83406544,0.030548561837186235
45.83410954,0.014862287327382314
45.83415842,0.040955214770733196
45.8342061,0.04415960936903945
45.84879684,0.013427939269092852
45.84884667,0.025955596246280615
45.85780597,0.05128557259479667
45.85785651,0.023086900129701687
45.87082577,0.020035095750362403
45.87087321,0.05111772335393301
45.88583899,0.030991073472190434
45.88589859,0.015579461356527047
45.89884162,0.047516594186312655
45.89889789,0.03955138475623712
45.89893436,0.014679179064621958
45.89897466,0.03506523231860838
45.90595961,0.05070572976272221
45.91484213,0.01812771801327535
45.91489935,0.0255893797207599
45.92883039,0.05084306095979248
45.92888522,0.02252231631952392
45.94282889,0.01940947585259785
45.94288731,0.049729152361333635
45.95283651,0.029022659647516595
45.95288181,0.013321126115815976
45.95292354,0.03910887312123293
45.95296431,0.04231326771953918
45.96581554,0.012085145342183566
45.96586847,0.025055313954375526
45.96780038,0.050598916609445335
45.98083448,0.022491798275730526
45.98090625,0.018951705195696954
46.00533986,0.04913405050736248
46.00545263,0.029602502479591057
46.00551844,0.013626306553749905
46.00560594,0.03915465018692302
46.00982118,0.04324406805523766
46.00988078,0.014816510261692225
46.00992751,0.0298619058518349
46.02378654,0.0584267948424506
46.0328486,0.03872739757381552
46.03292751,0.04379339284351873
46.03298354,0.06117341878385595
46.05184221,0.04295414663920043
46.05192375,0.022751201647974364
46.05198097,0.046631570916304266
46.06478763,0.03381399252307927
46.06481123,0.008682383459220264
46.07278109,0.030304417486839094
46.07280636,0.048050659952697035
46.07978082,0.01684596017395285
46.0798049,0.02520790417334249
46.09377885,0.04948500801098649
46.09380341,0.021545738918135347
46.09889889,0.01846341649500267
46.09897184,0.049683375295643546
46.13788247,0.029724574654764628
46.13796234,0.013748378728923476
46.13801813,0.03976501106279087
46.14082551,0.044007019150072484
46.14085698,0.013626306553749905
46.14984846,0.025955596246280615
46.14991117,0.05101091020065614
46.14995503,0.023392080567635615
46.14999676,0.01927214465552758
46.16485167,0.050385290302891586
46.16490936,0.03048752574959945
46.178828,0.015838864728770885
46.17887592,0.04766918440527962
46.17891645,0.038284885938811325
46.20081067,0.012527656977187763
46.2008369,0.03338673990997177
46.2027998,0.049973296711680784
46.2028265,0.018997482261387044
46.21578217,0.027313649195086595
46.2158072,0.05300984206912337
46.21777964,0.025528343633173113
46.21780467,0.022186617837796598
46.22386694,0.05299458304722667
46.22392321,0.03373769741359579
46.24884391,0.01846341649500267
46.24890065,0.05067521171892882
46.25106573,0.042496375982299536
46.25111651,0.017669947356374456
46.26585269,0.04556343938353551
46.26593089,0.04962233920805676
46.26597309,0.018600747692072938
46.26883507,0.03851377126726177
46.26886964,0.0541695277332723
46.28178763,0.02157625696192874
46.29981542,0.029800869764248113
46.29987526,0.05420004577706569
46.29991722,0.02499427786678874
46.3088038,0.020645456626230258
46.30883169,0.05065995269703212
46.3328135,0.029434653238727397
46.33287477,0.013443198290989548
46.33292174,0.03942931258106355
46.33296704,0.04298466468299382
46.33300281,0.011902037079423208
46.33782315,0.023468375677119097
46.33786845,0.04849317158770123
46.3458147,0.02050812542915999
46.34584928,0.016556038757915618
46.36178684,0.04765392538338292
46.36181378,0.0272983901731899
46.37377596,0.011062790875104906
46.3738029,0.03723201342793927
46.37382674,0.042038605325398645
46.38284039,0.011200122072175174
46.38288355,0.023102159151598384
46.39203858,0.04852368963149462
46.39218354,0.020996414129854278
46.40489268,0.016906996261539634
46.40494847,0.04785229266803998
46.41186428,0.028168154421301595
46.41190553,0.012634470130464637
46.42502546,0.03877317463950561
46.4251585,0.04269474326695659
46.44986129,0.011398489356832226
46.44994211,0.023086900129701687
46.45000076,0.04852368963149462
46.45005488,0.021545738918135347
46.45010567,0.017471580071717403
46.45690036,0.04844739452201114
46.45697331,0.028641184100099183
46.46987414,0.012817578393224994
46.46993637,0.03865110246433204
46.48386645,0.04293888761730373
46.48391438,0.01211566338597696
46.50889015,0.024124513618677044
46.50897217,0.05006485084306096
46.50902867,0.021560997940032044
46.50907969,0.017074845502403294
46.50913119,0.04827954528114748
46.51187778,0.02896162355992981
46.51194811,0.013015945677882048
46.51200557,0.038910505836575876
46.52486777,0.04345769436179141
46.52490187,0.011993591210803388
46.53887725,0.023849851224536506
46.53893423,0.04969863431754024
46.55287147,0.02169832913710231
46.55293083,0.017212176699473565
46.56084347,0.04853894865339132
46.56089258,0.028854810406652935
46.56786895,0.01240558480201419
46.56792617,0.038574807354848556
46.58187366,0.04373235675593194
46.58193064,0.01271076523994812
46.58198285,0.02409399557488365
46.59586406,0.04986648355840391
46.59591627,0.02209506370641642
46.60987234,0.017624170290684367
46.60993361,0.04870679789425498
46.61890769,0.02903791866941329
46.61897182,0.013275349050125887
46.6248672,0.03920042725261311
46.62494135,0.043961242084382395
46.6328361,0.013214312962539101
46.63289189,0.024582284275577935
46.63885283,0.049927519645990695
46.6478982,0.02272068360418097
46.64797258,0.018371862363622492
46.67088747,0.049561303120469975
46.67094731,0.030167086289768826
46.67383456,0.013595788509956512
46.67389584,0.03920042725261311
46.67393684,0.04379339284351873
46.68084359,0.012649729152361334
46.68088317,0.024673838406958113
46.68986583,0.05079728389410239
46.68991256,0.023437857633325704
46.70382047,0.019028000305180436
46.70385218,0.04994277866788739
46.72882485,0.030594338902876324
46.7288866,0.01411459525444419
46.72893381,0.03976501106279087
46.72897792,0.04464789806973373
46.72901344,0.013809414816510261
46.73886609,0.02542153047989624
46.73892307,0.051056687266346226
46.74083042,0.02374303807125963
46.74086356,0.01931792172121767
46.75481391,0.05067521171892882
46.75484037,0.031494621194781414
46.76777697,0.01589990081635767
46.76780438,0.04811169604028382
46.77277899,0.03987182421606775
46.78579807,0.013824673838406958
46.78582478,0.03360036621652552
46.800879,0.04986648355840391
46.8009522,0.01794460975051499
46.80100703,0.025803006027313648
46.80106306,0.05194171053635462
46.81577897,0.023956664377813384
46.81580424,0.018997482261387044
46.82086706,0.04994277866788739
46.8209393,0.030991073472190434
46.83478737,0.014175631342030976
46.83481503,0.03993286030365453
46.83987069,0.04409857328145266
46.86287594,0.01283283741512169
46.86294961,0.02418554970626383
46.8630054,0.05094987411306935
46.86305785,0.023346303501945526
46.86485672,0.01872281986724651
46.86490417,0.049393453879606315
46.87887073,0.030350194552529183
46.87893414,0.01373311970702678
46.88792753,0.03999389639124132
46.88800001,0.046341649500267035
46.90188098,0.019378957808804456
46.90195417,0.04567025253681239
46.91486692,0.06111238269626917
46.92286992,0.04168764782177462
46.92294168,0.03930724040588998
46.935853,0.05398641947051194
46.93593025,0.02276646066987106
46.93780756,0.01710536354619669
46.93785095,0.04785229266803998
46.94582868,0.02784771496147097
46.94588447,0.010986495765621425
46.95982289,0.037125200274662394
46.95992351,0.04336614023041123
46.95998812,0.013153276874952316
46.98682356,0.0243076218814374
46.98685551,0.049515526054779886
46.99881387,0.02276646066987106
46.99885869,0.018188754100862136
47.00581622,0.04919508659494926
47.00586557,0.030289158464942397
47.02083111,0.01416037232013428
47.02090406,0.03985656519417105
47.02095413,0.044846265354390784
47.02099514,0.013702601663233387
47.02104425,0.025146868085755704
47.02883291,0.05125505455100328
47.04280901,0.024002441443503473
47.04286647,0.01940947585259785
47.04290771,0.05104142824444953
47.05686688,0.03225757228961624
47.05696106,0.015579461356527047
47.05982614,0.04686045624475471
47.05987835,0.039749752040894176
47.06881666,0.01411459525444419
47.06888008,0.03442435339894713
47.07781553,0.05120927748531319
47.07787204,0.01969939726863508
47.09188247,0.028030823224231328
47.09196115,0.054474708171206226
47.11483264,0.027527275501640344
47.11489868,0.022873273823147935
47.1149447,0.05441367208361944
47.11778426,0.03607232776379034
47.11784911,0.01982146944380865
47.12582326,0.05200274662394141
47.12590694,0.045181963836118104
47.12597203,0.019165331502250707
47.14080238,0.04614328221560998
47.14277983,0.05133134966048676
47.14283895,0.019714656290531776
47.16591072,0.037796597238117034
47.16598725,0.05383382925154498
47.16784239,0.02119478141451133
47.16791964,0.027725642786297397
47.16797662,0.052185854886701764
47.18085241,0.024292362859540704
47.18092561,0.018860151064316776
47.18986893,0.04936293583581292
47.18994284,0.029739833676661324
47.18999004,0.01254291599908446
47.20384264,0.038162813763637754
47.21787381,0.04303044174868391
47.21794462,0.011413748378728923
47.21800303,0.02243076218814374
47.23082423,0.047928587777523464
47.23086071,0.020874341954680704
47.23278189,0.015808346684977492
47.23280644,0.04669260700389105
47.24786448,0.0277103837644007
47.24793601,0.01147478446631571
47.26089644,0.037125200274662394
47.26098037,0.04213015945677882
47.26101327,0.010711833371480888
47.27483439,0.022354467078660258
47.27489209,0.04803540093080034
47.28392386,0.02055390249485008
47.28399491,0.015808346684977492
47.29022861,0.047302967879758906
47.29030085,0.028198672465094988
47.30384135,0.013061722743572137
47.30390263,0.038666361486228734
47.30882382,0.04310673685816739
47.3138237,0.012054627298390174
47.31387162,0.0234531166552224
47.32984495,0.049607080186160064
47.32990408,0.02243076218814374
47.34282804,0.017471580071717403
47.34287906,0.04885938811322194
47.35081196,0.029922941939421684
47.35085201,0.013321126115815976
47.35983133,0.039002059967956054
47.35990691,0.043930724040588995
47.36785126,0.012588693064774548
47.36791658,0.02409399557488365
47.3698535,0.05012588693064775
47.39387035,0.023025864042114902
47.39393592,0.017746242465857938
47.40882635,0.04892042420080873
47.40888476,0.0302738994430457
47.40892124,0.013427939269092852
47.40896177,0.03860532539864195
47.43087387,0.0439154650186923
47.43094921,0.013290608072022583
47.43100286,0.024322880903334097
47.43281269,0.04998855573357748
47.43782544,0.023392080567635615
47.43788433,0.018936446173800258
47.43792653,0.04983596551461052
47.45082426,0.030777447165636684
47.45088816,0.013672083619439994
47.45094085,0.03904783703364614
47.47488737,0.044754711223010606
47.47494197,0.013580529488059816
47.47498608,0.024628061341268024
47.4750278,0.05061417563134203
47.47785282,0.023147936217288473
47.47789884,0.01777676050965133
47.49208093,0.04882887006942855
47.49220371,0.030472266727702754
47.49982357,0.013977264057373923
47.4998827,0.03935301747158007
47.5058248,0.04452582589456016
47.513834,0.013061722743572137
47.51388454,0.024460212100404364
47.53784442,0.05020218204013123
47.53790593,0.023224231326771955
47.53795028,0.018432898451209278
47.53799081,0.04995803768978409
47.54793429,0.03100633249408713
47.54798698,0.014053559166857405
47.55518508,0.03955138475623712
47.55528617,0.04481574731059739
47.57883358,0.013717860685130083
47.57890964,0.025146868085755704
47.57895613,0.05128557259479667
47.58884668,0.023956664377813384
47.58889532,0.01892118715190356
47.59379959,0.05011062790875105
47.59385824,0.03105210955977722
47.60279393,0.014770733196002136
47.6028564,0.04101625085831998
47.61085939,0.04721141374837873
47.61093307,0.016113527122911423
47.61993241,0.03433279926756695
47.61999178,0.05029373617151141
47.6437974,0.017425803006027314
47.64385891,0.024536507209887846
47.64390492,0.051102464332036315
47.65895844,0.02392614633401999
47.65907025,0.018707560845349813
47.65911508,0.0498970016021973
47.65914822,0.030762188143739988
47.66880155,0.013473716334782941
47.66887164,0.038956282902265965
47.67882466,0.04469367513542382
47.67889166,0.01313801785305562
47.69081974,0.024200808728160526
47.69088149,0.050431067368581675
47.71581006,0.022903791866941327
47.71587443,0.017135881589990083
47.71591663,0.049103532463569084
47.74081755,0.030457007705806057
47.74087524,0.013275349050125887
47.74091935,0.03863584344243534
47.74096107,0.04432745860990311
47.74099541,0.015075913633936065
47.75486255,0.02839703974975204
47.75491571,0.059540703440909434
47.75495124,0.041214618142977034
47.75498652,0.042374303807125965
47.76782084,0.061127641718165864
47.76789427,0.04072632944228275
47.79081178,0.01889066910811017
47.79086137,0.04481574731059739
47.79089832,0.03518730449378195
47.79277468,0.009033340962844283
47.79280925,0.02912947280079347
47.79284191,0.047684443427176315
47.79287505,0.0170443274586099
47.80386066,0.02447547112230106
47.80396962,0.050431067368581675
47.81586933,0.02307164110780499
47.81594205,0.017502098115510796
47.824826,0.0486305027847715
47.82487559,0.030212863355458915
47.84985328,0.013382162203402761
47.84992719,0.03889524681467918
47.84998465,0.04341191729610132
47.8500278,0.01254291599908446
47.85007691,0.02426184481574731
47.85583401,0.051026169222552833
47.85589647,0.023636224917982757
47.87085676,0.018142977035172047
47.87092853,0.04908827344167239
47.88287663,0.031021591515983826
47.88294125,0.01432822156099794
47.90684509,0.040161745632104985
47.90692234,0.04528877698939498
47.90696907,0.014206149385824368
47.90702033,0.02504005493247883
47.90706944,0.051270313572899975
47.91386414,0.024704356450751506
47.91393638,0.020111390859845885
47.92382622,0.05151445792324712
47.92387748,0.03292896925307088
47.93783712,0.01625085831998169
47.93791008,0.04864576180666819
47.94986629,0.041794460975051496
47.94993854,0.016266117341878387
47.96387315,0.04361028458075837
47.96394849,0.04898146028839551
47.9640038,0.017914091706721598
47.96405602,0.03744563973449302
47.97388411,0.05453574425879301
47.97889328,0.022827496757457846
47.97896576,0.029877164873731595
47.99480605,0.05514610513466087
47.99486542,0.027069504844739453
48.00878716,0.021423666742961776
48.00884128,0.05171282520790417
48.03384304,0.03205920500495918
48.03389406,0.014389257648584725
48.03393769,0.03909361409933623
48.03397894,0.04367132066834516
48.0340116,0.012039368276493477
48.03405046,0.022796978713664453
48.04481149,0.04864576180666819
48.04882336,0.021133745326924545
48.04887247,0.015518425268940261
48.06284547,0.046463721675440606
48.06290221,0.02754253452353704
48.0768168,0.010833905546654459
48.076864,0.03622491798275731
48.09983277,0.04141298542763409
48.09989262,0.010269321736476692
48.09993696,0.02140840772106508
48.10179639,0.047806515602349886
48.12582636,0.020737010757610436
48.12589455,0.01568627450980392
48.12593937,0.04699778744182498
48.1259799,0.028122377355611506
48.12601399,0.01147478446631571
48.13981748,0.03727779049362936
48.13987541,0.04298466468299382
48.13991022,0.011718928816662852
48.1399498,0.022613870450904097
48.1399889,0.04879835202563516
48.15488315,0.021515220874341955
48.1549511,0.016266117341878387
48.15782356,0.04785229266803998
48.15787005,0.029068436713206684
48.16483998,0.012573434042877852
48.16489267,0.038330663004501414
48.17481041,0.04324406805523766
48.17484832,0.011825741969939726
48.17488289,0.022903791866941327
48.20383668,0.049347676813916226
48.20389247,0.022110322728313116
48.20393443,0.017135881589990083
48.20397568,0.04841687647821775
48.21283627,0.029312581063553826
48.21287704,0.01240558480201419
48.22583961,0.038406958113984896
48.22589803,0.04419012741283284
48.22780108,0.012787060349431601
48.2278409,0.024078736552986955
48.23585582,0.050598916609445335
48.26081443,0.023270008392462044
48.26086879,0.01782253757534142
48.26090693,0.04895094224460212
48.26094866,0.029846646829938202
48.2708137,0.01297016861219196
48.27087975,0.038742656595712216
48.27883267,0.044083314259555965
48.27890372,0.013183794918745708
48.27895975,0.024078736552986955
48.28783298,0.05001907377737087
48.28787231,0.02264438849469749
48.30078602,0.017578393224994278
48.30081224,0.048722056916151675
48.32984614,0.029495689326314183
48.32992125,0.012756542305638208
48.32997918,0.0383916990920882
48.33003092,0.043961242084382395
48.33007288,0.013031204699778745
48.33387494,0.023758297093156328
48.33394694,0.050049591821164266
48.34581757,0.022705424582284275
48.34585595,0.017593652246890974
48.35878325,0.048599984740978104
48.35881352,0.029999237048905166
48.36878157,0.013504234378576334
48.36880684,0.03904783703364614
48.39291692,0.04370183871213855
48.3929987,0.012359807736324101
48.39305496,0.023514152742809186
48.40786481,0.05041580834668498
48.40793514,0.023422598611429007
48.40799165,0.018280308232242314
48.40804267,0.04921034561684596
48.43083191,0.030731670099946592
48.43087792,0.01432822156099794
48.43091536,0.039673456931410694
48.43094969,0.04483100633249409
48.43281984,0.01368734264133669
48.43286896,0.024979018844892044
48.43290567,0.05108720531013962
48.45784926,0.024322880903334097
48.45792603,0.019623102159151598
48.46281385,0.051056687266346226
48.46287441,0.03181506065461204
48.47082019,0.01454184786755169
48.47087073,0.03942931258106355
48.47882628,0.04461738002594034
48.47887945,0.013351644159609368
48.47893023,0.024460212100404364
48.49078417,0.05044632639047837
48.49082017,0.023422598611429007
48.50276256,0.017975127794308383
48.50278711,0.048508430609597926
48.52977824,0.029144731822690166
48.52983546,0.012588693064774548
48.52987933,0.03848325322346838
48.52997661,0.043884946974898906
48.53001261,0.012817578393224994
48.5300529,0.0238803692683299
48.53009319,0.05012588693064775
48.54476476,0.02272068360418097
48.54479003,0.017471580071717403
48.55381227,0.04847791256580453
48.55383658,0.02958724345769436
48.57787418,0.014038300144960708
48.57793427,0.04098573281452659
48.57797861,0.04881361104753185
48.5928576,0.023773556115053024
48.59291029,0.05181963836118105
48.5958271,0.06105134660868238
48.59587479,0.036911573968108645
48.60184884,0.03527885862516213
48.60190177,0.05183489738307775
48.60985923,0.020202944991226063
48.60988998,0.014984359502555887
48.62383103,0.042298008697642483
48.62388968,0.03509575036240177
48.63782954,0.010009918364232854
48.63787842,0.030563820859082932
48.65137911,0.04835584039063096
48.66083789,0.016311894407568476
48.6608901,0.023422598611429007
48.67382407,0.04962233920805676
48.67387295,0.023147936217288473
48.67391276,0.017975127794308383
48.67395282,0.04919508659494926
48.68887472,0.03010605020218204
48.68892956,0.013763637750820172
48.69479251,0.03949034866865034
48.69484258,0.04457160296025025
48.7278409,0.01326009002822919
48.72792912,0.024658579385061417
48.72797418,0.050934615091172655
48.72801495,0.023987182421606777
48.72805476,0.01907377737087053
48.7297771,0.0503242542153048
48.7298224,0.031616693369954985
48.7298553,0.015045395590142672
48.73679328,0.040375371938658734
48.73682952,0.045685511558709084
48.75979066,0.015274280918593118
48.75981808,0.03494316014343481
48.75984144,0.05200274662394141
48.75986505,0.01957732509346151
48.77478456,0.027878233005264364
48.7748096,0.0541542687113756
48.78884387,0.02754253452353704
48.78888988,0.022964827954528116
48.78892422,0.05436789501792935
48.78895712,0.036530098420691236
48.80391169,0.02017242694743267
48.80398417,0.05123979552910658
48.80990672,0.044251163500419625
48.80997896,0.018402380407415885
48.82387161,0.04545662623025864
48.82393289,0.05049210345616846
48.85986757,0.01850919356069276
48.85994315,0.036697947661554896
48.85999799,0.05282673380636301
48.86004972,0.01991302357518883
48.86009979,0.026581216144045166
48.86014891,0.051972228580148015
48.86019731,0.023773556115053024
48.86784911,0.017975127794308383
48.86790156,0.04831006332494087
48.88092327,0.029556725413900968
48.88096595,0.012466620889600977
48.8858242,0.03799496452277409
48.88587618,0.04211490043488213
48.9098196,0.010467689021133745
48.90987134,0.021484702830548562
48.90991259,0.04765392538338292
48.90996408,0.020645456626230258
48.91000366,0.015426871137560083
48.92583704,0.0469062333104448
48.9258945,0.028122377355611506
48.9388597,0.011276417181658656
48.93892813,0.03665217059586481
48.9389801,0.04190127412832837
48.9438026,0.011184863050278477
48.94384098,0.02252231631952392
48.96780229,0.0481879911497673
48.96783257,0.020706492713817044
48.96785665,0.01568627450980392
48.96787977,0.04711985961699855
48.98286843,0.028625925078202486
48.9829247,0.011963073167009996
48.98297572,0.03767452506294346
48.99184895,0.04248111696040284
48.99188352,0.011413748378728923
49.02479625,0.023010605020218206
49.02482533,0.049271381704432744
49.02484918,0.022034027618829635
49.02487254,0.016784924086366063
49.02779651,0.04794384679942016
49.02783132,0.029221026932173648
49.0358274,0.012573434042877852
49.03587675,0.038284885938811325
49.03781176,0.04312199588006409
49.04740953,0.012329289692530708
49.04753423,0.023422598611429007
49.06088781,0.04931715877012283
49.06096482,0.022156099794003205
49.07484269,0.01701380941481651
49.07490635,0.048340581368734266
49.09783983,0.029144731822690166
49.09789538,0.01240558480201419
49.09794116,0.03852903028915847
49.09798288,0.04379339284351873
49.1008029,0.012756542305638208
49.10086393,0.02401770046540017
49.10882449,0.05027847714961471
49.10888577,0.022980086976424813
49.10893559,0.01736476691844053
49.12388396,0.04890516517891203
49.12396097,0.030289158464942397
49.1428349,0.013672083619439994
49.14289498,0.039078355077439536
49.15888023,0.044129091325246055
49.15893674,0.013107499809262227
49.15898108,0.02418554970626383
49.15902233,0.0503242542153048
49.15906215,0.023590447852292667
49.17378926,0.019058518348973832
49.1738193,0.05078202487220569
49.17580557,0.03225757228961624
49.17586756,0.015472648203250172
49.18980145,0.04686045624475471
49.18985724,0.039719233997100784
49.18988824,0.013122758831158923
49.2138288,0.03247119859616999
49.21385694,0.04896620126649882
49.21388221,0.017349507896543832
49.21390986,0.024963759822995348
49.22181749,0.050980392156862744
49.24485898,0.02340733958953231
49.24493814,0.017853055619134812
49.24499297,0.04895094224460212
49.24787378,0.030045014114595255
49.24794436,0.01373311970702678
49.27107358,0.03913939116502632
49.27115488,0.04431219958800641
49.27120304,0.012787060349431601
49.27125573,0.024200808728160526
49.27130818,0.050263218127718015
49.27797031,0.02333104448004883
49.2780683,0.018448157473105974
49.29093862,0.049347676813916226
49.29102063,0.03010605020218204
49.29585314,0.01351949340047303
49.29592538,0.039795529106584265
49.3048377,0.04812695506218052
49.3278842,0.02323949034866865
49.32795763,0.0507362478065156
49.34190392,0.06111238269626917
49.34197521,0.037964446478980694
49.36484885,0.035370412756542305
49.36489964,0.05189593347066453
49.36493611,0.02107270923933776
49.36497092,0.015381094071869994
49.36500382,0.04725719081406882
49.36504197,0.028076600289921417
49.39284611,0.012161440451667048
49.3929081,0.03906309605554284
49.39295197,0.04527351796749828
49.39298773,0.013931486991683834
49.39302778,0.02456702525368124
49.39983177,0.05001907377737087
49.39989066,0.023193713282978562
49.41383862,0.0187533379110399
49.41389036,0.05018692301823453
49.41393161,0.031143663691157397
49.41396499,0.014480811779964905
49.42082453,0.0401007095445182
49.42087674,0.045349813076981764
49.4452765,0.014694438086518654
49.44543624,0.026047150377660793
49.44897747,0.051850156404974444
49.45786595,0.02435339894712749
49.457932,0.020019836728465707
49.46585941,0.051224536507209886
49.46591616,0.03266956588082704
49.47083688,0.01589990081635767
49.47088861,0.047302967879758906
49.48885393,0.04017700465400168
49.48892736,0.014908064393072405
49.4889648,0.03529411764705882
49.48900509,0.052262149996185246
49.48905683,0.020752269779507133
49.51382136,0.02810711833371481
49.51385164,0.05474937056534676
49.51387596,0.028885328450446328
49.51389956,0.02545204852368963
49.5238111,0.05737392233157854
49.52385378,0.03930724040588998
49.53902626,0.02293430991073472
49.53910112,0.054474708171206226
49.54289985,0.047516594186312655
49.54295588,0.020782787823300525
49.56589127,0.04777599755855649
49.5659678,0.052429999237048906
49.57790327,0.0200503547722591
49.5779748,0.03714045929655909
49.57803035,0.05421530479896239
49.57808161,0.02107270923933776
49.57813144,0.027557793545433737
49.5928843,0.05261310749980926
49.59295607,0.023865110246433202
49.6068871,0.01829556725413901
49.60696316,0.04913405050736248
49.6118722,0.029602502479591057
49.61193776,0.012359807736324101
49.63482976,0.03782711528191043
49.63489795,0.04248111696040284
49.63493705,0.011184863050278477
49.63497901,0.022674906538490882
49.63502121,0.04925612268253605
49.64482355,0.021759365224689096
49.64487314,0.01629663538567178
49.65986013,0.047180895704585335
49.65991855,0.027954528114747846
49.6688683,0.011535820553902495
49.66892409,0.03723201342793927
49.69086528,0.04200808728160525
49.69093513,0.010589761196307317
49.69279552,0.02214084077210651
49.69286108,0.048432135500114444
49.70584106,0.020477607385366598
49.70591736,0.01568627450980392
49.70596027,0.04736400396734569
49.71285701,0.02848859388113222
49.71290493,0.011764705882352941
49.72682142,0.037201495384145876
49.72688508,0.04214541847867552
49.72692633,0.011169604028381781
49.73482895,0.022583352407110704
49.73486805,0.048508430609597926
49.75879693,0.02093537804226749
49.75882506,0.016235599298084994
49.77288461,0.047928587777523464
49.77295709,0.02868696116578927
49.7808907,0.011993591210803388
49.78096175,0.0375066758220798
49.78102279,0.04231326771953918
49.79385138,0.01138323033493553
49.79392385,0.02307164110780499
49.79397941,0.049103532463569084
49.79403257,0.02136263065537499
49.81790781,0.016449225604638743
49.81801939,0.04794384679942016
49.8258791,0.02865644312199588
49.82594347,0.012329289692530708
49.8259995,0.038040741588464176
49.82605124,0.04269474326695659
49.83982754,0.01147478446631571
49.83988762,0.023193713282978562
49.83993363,0.04931715877012283
49.84481788,0.021850919356069275
49.84487414,0.017029068436713205
49.87885928,0.04852368963149462
49.87893033,0.02912947280079347
49.87896967,0.012634470130464637
49.87901115,0.03834592202639811
49.88081193,0.04324406805523766
49.88085008,0.01228351262684062
49.88981056,0.023682001983672846
49.88986397,0.04950026703288319
49.90482807,0.022003509575036242
49.90489984,0.016784924086366063
49.90495515,0.04849317158770123
49.91427088,0.029495689326314183
49.91439748,0.01271076523994812
49.91447425,0.03820859082932784
49.93780088,0.04310673685816739
49.93782806,0.01223773556115053
49.93785286,0.02362096589608606
49.93787694,0.04985122453650721
49.95284128,0.022735942626077667
49.95289445,0.01782253757534142
49.95292521,0.04919508659494926
49.95295405,0.030350194552529183
49.96780515,0.014801251239795529
49.96783066,0.04043640802624552
49.97283244,0.04553292133974212
49.98287868,0.014007782101167316
49.98295045,0.024795910582131684
49.99885893,0.05001907377737087
49.99891973,0.02209506370641642
50.01108909,0.017883573662928205
50.01116133,0.049652857251850153
50.01121593,0.030930037384603648
50.01125932,0.014267185473411154
50.02088666,0.03904783703364614
50.02094841,0.042038605325398645
50.0209887,0.012222476539253834
50.03581333,0.024322880903334097
50.0398221,0.050476844434271764
50.06393743,0.023102159151598384
50.06401634,0.01812771801327535
50.06406069,0.0494544899671931
50.0641017,0.03039597161821927
50.07279968,0.013763637750820172
50.07286644,0.038956282902265965
50.07815289,0.04362554360265507
50.07821178,0.012771801327534905
50.07826138,0.024536507209887846
50.08681655,0.051697566186007474
50.09983373,0.02661173418783856
50.09990835,0.026932173647669186
50.09996152,0.06123445487144274
50.12584114,0.05482566567483024
50.12592411,0.03854428931105516
50.13985729,0.05726710917830167
50.13992977,0.04156557564660105
50.13997746,0.011444266422522316
50.14002895,0.03010605020218204
50.14389801,0.046341649500267035
50.1439712,0.014801251239795529
50.1440289,0.017029068436713205
50.15581274,0.04916456855115587
50.15584922,0.030762188143739988
50.16478872,0.013794155794613565
50.16481352,0.03894102388036927
50.18878484,0.043213550011444266
50.18881273,0.012024109254596781
50.18883657,0.02406347753109026
50.19583535,0.05044632639047837
50.19591045,0.023010605020218206
50.20282769,0.017807278553444723
50.20289969,0.04931715877012283
50.21084118,0.030579079880979628
50.21090603,0.01411459525444419
50.22062564,0.03970397497520409
50.22068739,0.044373235675593196
50.24380851,0.013763637750820172
50.24388242,0.02511635004196231
50.24393773,0.050720988784618906
50.26280046,0.023422598611429007
50.26285315,0.01879911497672999
50.26288962,0.0507362478065156
50.26292419,0.031860837720302126
50.28581309,0.015152208743419547
50.28587985,0.04069581139848936
50.28882527,0.044922560463874266
50.28889179,0.015335317006179903
50.2928071,0.03483634699015793
50.2928865,0.05183489738307775
50.3008256,0.02009613183794919
50.30089903,0.027954528114747846
50.31593537,0.05470359349965667
50.32880783,0.02851911192492561
50.32888103,0.02423132677195392
50.32893658,0.055451285572594794
50.32898736,0.03671320668345159
50.33879638,0.019958800640878918
50.33885527,0.05137712672617685
50.34381557,0.0434882124055848
50.34387326,0.0174868390936141
50.35881734,0.044800488288700695
50.35888171,0.049103532463569084
50.3637898,0.016861219195849545
50.36383629,0.0345616845960174
50.38787246,0.05041580834668498
50.38794065,0.017624170290684367
50.38797712,0.02447547112230106
50.39580011,0.049973296711680784
50.39585924,0.021942473487449453
50.40478897,0.016784924086366063
50.40484428,0.04785229266803998
50.4128015,0.028213931486991684
50.41285229,0.011718928816662852
50.4217813,0.0371099412527657
50.42183113,0.04168764782177462
50.44478536,0.010421911955443655
50.44484305,0.022110322728313116
50.44488621,0.04786755168993668
50.45981765,0.02026398107881285
50.45987916,0.015930418860151063
50.45992446,0.04728770885786221
50.45996666,0.028046082246128024
50.46777391,0.011764705882352941
50.46782637,0.03747615777828641
50.47586203,0.042374303807125965
50.47590542,0.011612115663385977
50.48978019,0.023346303501945526
50.48983288,0.04896620126649882
50.51511049,0.021179522392614634
50.51524711,0.016449225604638743
50.51532388,0.04759288929579614
50.5179739,0.028473334859235522
50.51814127,0.012344548714427405
50.52178812,0.0383764400701915
50.52184248,0.043167772945754176
50.52187514,0.012176699473563745
50.53481531,0.023682001983672846
50.53485107,0.04959182116426337
50.54927802,0.022156099794003205
50.54930401,0.016693369954985885
50.56287026,0.048218509193560695
50.56293011,0.028992141603723202
50.5758779,0.012390325780117494
50.57594204,0.038239108873121236
50.57598543,0.04289311055161364
50.57785296,0.01266498817425803
50.57789874,0.02442969405661097
50.5918467,0.0494544899671931
50.59190226,0.021438925764858473
50.60083938,0.017029068436713205
50.60088992,0.048218509193560695
50.61390018,0.029114213778896773
50.61394382,0.012726024261844816
50.62783122,0.037964446478980694
50.62788844,0.04252689402609293
50.63682461,0.011749446860456245
50.63688445,0.023254749370565347
50.63692641,0.0490424963759823
50.6499474,0.022156099794003205
50.65002728,0.01753261615930419
50.65898156,0.04823376821545739
50.65904999,0.028976882581826506
50.66783404,0.01271076523994812
50.6678946,0.038239108873121236
50.68087506,0.043167772945754176
50.680933,0.012100404364080263
50.70488477,0.023651483939879453
50.70497203,0.04933241779201953
50.7188592,0.021713588158999007
50.718925,0.017181658655680172
50.71897769,0.04771496147096971
50.72785735,0.029571984435797664
50.72790408,0.013382162203402761
50.73984885,0.03903257801174945
50.73990846,0.04365606164644846
50.73994517,0.012649729152361334
50.74884152,0.02413977264057374
50.74887776,0.05000381475547418
50.75985527,0.022629129472800793
50.75990486,0.018097199969481958
50.75994158,0.04936293583581292
50.75997615,0.029724574654764628
50.77479839,0.013717860685130083
50.77482653,0.039719233997100784
50.77485013,0.04382391088731212
50.77986574,0.012634470130464637
50.77991366,0.02464332036316472
50.79283142,0.05111772335393301
50.79289246,0.02406347753109026
50.80091906,0.01901274128328374
50.80099106,0.05023270008392462
50.82494998,0.031036850537880523
50.82502127,0.01501487754634928
50.825068,0.04058899824521248
50.82511568,0.04571602960250248
50.83282113,0.015228503852903029
50.8328867,0.027283131151293202
50.83787227,0.05299458304722667
50.85096097,0.02447547112230106
50.85104203,0.01927214465552758
50.85701776,0.04994277866788739
50.85718322,0.030457007705806057
50.87985802,0.014343480582894636
50.87992144,0.03985656519417105
50.88585997,0.04411383230334936
50.88591337,0.012848096437018387
50.88597536,0.024246585793850615
50.89988041,0.05017166399633784
50.89993787,0.022537575341420615
50.89998078,0.018448157473105974
50.90002227,0.04950026703288319
50.91584253,0.029724574654764628
50.91588664,0.013611047531853208
50.92385268,0.03952086671244373
50.92390943,0.044373235675593196
50.923944,0.013153276874952316
50.94778776,0.0247348744945449
50.94781446,0.05046158541237507
50.94783783,0.02264438849469749
50.94786096,0.01841763942931258
50.95580697,0.0507362478065156
50.95583463,0.03402761882963302
50.96477056,0.022461280231937133
50.97382855,0.06105134660868238
50.97388959,0.058869306477454794
50.97978306,0.03744563973449302
50.97980881,0.05311665522240024
50.99378514,0.04841687647821775
50.99385071,0.011886778057526512
51.00884318,0.022369726100556955
51.00889683,0.048172732127870606
51.03077221,0.021087968261234456
51.03079796,0.017853055619134812
51.03082156,0.05000381475547418
51.03084469,0.030731670099946592
51.04477978,0.013626306553749905
51.0448153,0.039246204318303196
51.04483938,0.0439002059967956
51.04985118,0.013076981765468834
51.04989862,0.02456702525368124
51.06380415,0.050812542915999084
51.06386256,0.023361562523842222
51.08816171,0.01892118715190356
51.08828259,0.050217441062027926
51.08836102,0.03079270618753338
51.08841681,0.014770733196002136
51.08845115,0.04098573281452659
51.08848357,0.04557869840543221
51.10287213,0.014694438086518654
51.1029489,0.026001373311970704
51.10299397,0.051804379339284355
51.11783266,0.024338139925230793
51.11788797,0.02009613183794919
51.12286544,0.05128557259479667
51.12295079,0.03234912642099642
51.14583755,0.01594567788204776
51.145895,0.047638666361486226
51.14783549,0.04036011291676204
51.14787555,0.01501487754634928
51.15698075,0.03588921950102998
51.15709162,0.053894865339131764
51.15716457,0.020996414129854278
51.1707983,0.02946517128252079
51.17083192,0.0554207675288014
51.18492794,0.028336003662165255
51.18500257,0.024322880903334097
51.20886421,0.05548180361638819
51.20894551,0.03672846570534829
51.20900202,0.020401312275883116
51.20905399,0.051758602273594266
51.21085095,0.04406805523765927
51.21092391,0.0183413443198291
51.2259326,0.04473945220111391
51.22609401,0.04921034561684596
51.2338388,0.017166399633783476
51.23391819,0.03569085221637293
51.2339747,0.050812542915999084
51.25990415,0.018097199969481958
51.25996614,0.025024795910582133
51.26001096,0.05012588693064775
51.26005292,0.022034027618829635
51.27090287,0.017288471808957047
51.27097583,0.04811169604028382
51.27890682,0.028412298771648737
51.27897,0.011902037079423208
51.28796864,0.03759822995345998
51.28804302,0.041962310215915156
51.3008914,0.011245899137865263
51.30097198,0.02311741817349508
51.30288053,0.048554207675288015
51.31731439,0.020569161516746776
51.31743789,0.01612878614480812
51.33994198,0.04754711223010605
51.34003139,0.0285648889906157
51.34885716,0.01254291599908446
51.34894037,0.03825436789501793
51.34899783,0.04293888761730373
51.34904122,0.012146181429770352
51.35602117,0.02378881513694972
51.35612583,0.04954604409857328
51.37984657,0.02169832913710231
51.37992811,0.017410543984130618
51.38944244,0.04832532234683757
51.40287375,0.029495689326314183
51.40294814,0.013229571984435798
51.40300393,0.03872739757381552
51.40305614,0.04318303196765087
51.40310073,0.01211566338597696
51.41895056,0.023849851224536506
51.41902184,0.04963759822995346
51.41907644,0.022232394903486687
51.41912913,0.018020904859998473
51.4208374,0.049393453879606315
51.4208734,0.029770351720454717
51.42983294,0.013458457312886245
51.42990613,0.03904783703364614
51.43683863,0.04345769436179141
51.45985532,0.012451361867704281
51.45992279,0.024582284275577935
51.46291423,0.05023270008392462
51.46296692,0.022278171969176776
51.4697876,0.017914091706721598
51.46983528,0.04870679789425498
51.47877955,0.029266803997863737
51.47881913,0.01356527046616312
51.48785567,0.039505607690547034
51.48790145,0.04415960936903945
51.50178242,0.012893873502708476
51.50185132,0.024582284275577935
51.50579834,0.05023270008392462
51.52986169,0.022278171969176776
51.52992702,0.0174868390936141
51.52996445,0.04882887006942855
51.52999878,0.030411230640115968
51.53280425,0.014679179064621958
51.53286982,0.040009155413138014
51.54579997,0.04415960936903945
51.54584551,0.012954909590295263
51.55485058,0.024872205691615166
51.55491257,0.05099565117875944
51.56980705,0.02272068360418097
51.56986856,0.018478675516899367
51.58278108,0.04950026703288319
51.59078383,0.02970931563286793
51.59083509,0.013672083619439994
51.59087324,0.03987182421606775
51.5988071,0.044586861982146946
51.59883904,0.014007782101167316
51.60583234,0.026260776684214542
51.60588026,0.05085831998168917
51.60982871,0.023392080567635615
51.6098752,0.01982146944380865
51.62321782,0.0511635004196231
51.62333965,0.03150988021667811
51.6458528,0.015075913633936065
51.64592528,0.04005493247882811
51.64597511,0.04383916990920882
51.6488204,0.012771801327534905
51.64887428,0.024795910582131684
51.65586734,0.05067521171892882
51.65593982,0.023147936217288473
51.68990779,0.018402380407415885
51.68998432,0.049179827573052566
51.69003844,0.02975509269855802
51.69008136,0.013183794918745708
51.69283175,0.038910505836575876
51.69289351,0.04310673685816739
51.70687556,0.012054627298390174
51.70695114,0.024460212100404364
51.70700717,0.04974441138323033
51.71285748,0.02252231631952392
51.71292973,0.018280308232242314
51.72687531,0.04919508659494926
51.72693658,0.02920576791027695
51.73982906,0.012924391546501868
51.73988819,0.038834210727092394
51.7488215,0.044464789806973375
51.74887991,0.015915159838254367
51.76085353,0.04139772640573739
51.76091528,0.061036087586785685
51.77582431,0.041504539559014265
51.77587843,0.040619516289005876
51.77591991,0.056061646448462656
51.78081536,0.023224231326771955
51.78086233,0.01715114061188678
51.78986645,0.04762340733958953
51.78991532,0.027405203326466773
51.78994727,0.010467689021133745
51.82058406,0.036621652552071414
51.82061052,0.043091477836270695
51.82063031,0.013748378728923476
51.82065344,0.025635156786449988
51.83088517,0.050598916609445335
51.83094144,0.02269016556038758
51.83383465,0.019043259327077136
51.83388615,0.050720988784618906
51.86891675,0.032227054245822846
51.86901879,0.01602197299153124
51.86907458,0.0477607385366598
51.86912656,0.039246204318303196
51.86917138,0.01368734264133669
51.86922264,0.03385976958876936
51.86927176,0.05018692301823453
51.88080788,0.018860151064316776
51.88084269,0.02691691462577249
51.88981056,0.052567330434119174
51.88983488,0.024979018844892044
51.90378141,0.02111848630502785
51.90380573,0.05188067444876784
51.91917992,0.032486457618066684
51.91925955,0.016266117341878387
51.93382502,0.04795910582131686
51.93389249,0.040543221179522394
51.94980383,0.015701533531700618
51.94988179,0.04411383230334936
51.95178151,0.04875257495994507
51.95183492,0.0178988326848249
51.95186901,0.03723201342793927
51.95190215,0.053971160448615246
51.96783257,0.022827496757457846
51.96789098,0.03147936217288472
51.96793365,0.05696192874036774
51.98301744,0.029571984435797664
51.98312092,0.02532997634851606
51.9968791,0.05618371862363623
51.99695468,0.036697947661554896
52.00483036,0.02009613183794919
52.00488758,0.05137712672617685
52.00493097,0.04255741206988632
52.00497079,0.016601815823605707
52.01982903,0.04332036316472114
52.01987696,0.04654001678492409
52.03383183,0.014908064393072405
52.03388953,0.026047150377660793
52.03393173,0.05069047074082551
52.05894828,0.022339208056763562
52.05902815,0.017303730830853743
52.05907345,0.047730220492866404
52.05911565,0.028198672465094988
52.0688405,0.012359807736324101
52.06890106,0.03810177767605097
52.08383179,0.04238956282902266
52.08387923,0.01126115815976196
52.08881712,0.022903791866941327
52.08890653,0.048096437018387124
52.1038239,0.020157167925535974
52.1038866,0.016159304188601512
52.10392976,0.0473182269016556
52.12983799,0.027603570611123826
52.12990928,0.011062790875104906
52.12994647,0.037125200274662394
52.12997985,0.04202334630350195
52.13000774,0.010925459678034637
52.15379381,0.02276646066987106
52.15382051,0.04812695506218052
52.15384412,0.020538643472953384
52.15386724,0.016601815823605707
52.16288161,0.04786755168993668
52.1629107,0.028503852903028915
52.16680312,0.01249713893339437
52.16683269,0.03810177767605097
52.17479467,0.04214541847867552
52.18583441,0.011779964904249637
52.18587732,0.023697261005569542
52.20097566,0.049515526054779886
52.20107746,0.021713588158999007
52.20991158,0.0170443274586099
52.20996714,0.048004882887006946
52.21385193,0.02848859388113222
52.21389627,0.012771801327534905
52.22293019,0.0388189517051957
52.22300386,0.04324406805523766
52.23585439,0.012420843823910887
52.23599052,0.024216067750057222
52.23783374,0.0494697489890898
52.2648499,0.02191195544365606
52.26490235,0.01753261615930419
52.26686573,0.04885938811322194
52.26691532,0.0290074006256199
52.2669456,0.012893873502708476
52.26697993,0.039002059967956054
52.28085566,0.04327458609903105
52.28090787,0.012161440451667048
52.28095055,0.023849851224536506
52.28987193,0.049515526054779886
52.28991008,0.02209506370641642
52.3148253,0.017853055619134812
52.31485558,0.04896620126649882
52.32186031,0.0294193942168307
52.32191634,0.01297016861219196
52.33490205,0.03898680094605936
52.33497787,0.04324406805523766
52.33501124,0.013382162203402761
52.33504653,0.02532997634851606
52.33508039,0.05079728389410239
52.34488416,0.023025864042114902
52.3449657,0.018738078889143205
52.35390019,0.04983596551461052
52.35396314,0.03091477836270695
52.37783885,0.014847028305485618
52.37791228,0.04075684748607614
52.37796879,0.04504463263904784
52.37801266,0.01394674601358053
52.37806344,0.025055313954375526
52.39341807,0.04998855573357748
52.39353371,0.02209506370641642
52.40289378,0.018493934538796063
52.40297079,0.04942397192339971
52.41188288,0.02963302052338445
52.41193223,0.013412680247196154
52.43490696,0.03887998779278248
52.43498778,0.04252689402609293
52.43680263,0.011352712291142137
52.43686581,0.023010605020218206
52.44483328,0.04908827344167239
52.449821,0.021759365224689096
52.44987178,0.017334248874647136
52.46386909,0.04827954528114748
52.46394229,0.02908369573510338
52.4639883,0.013595788509956512
52.46402526,0.03949034866865034
52.48181319,0.0439459830624857
52.48186517,0.012893873502708476
52.48190784,0.024490730144197757
52.49601173,0.051804379339284355
52.50881577,0.027008468757152668
52.50889635,0.02887006942854963
52.50895286,0.06123445487144274
52.53379297,0.05450522621499962
52.53384709,0.036530098420691236
52.53880644,0.05548180361638819
52.53885651,0.04042114900434882
52.54478931,0.012039368276493477
52.5448525,0.031952391851682305
52.54489326,0.04715037766079194
52.54493284,0.0153505760280766
52.56887031,0.024490730144197757
52.56898665,0.051529716945143814
52.56903458,0.02378881513694972
52.56907821,0.019165331502250707
52.56912017,0.04969863431754024
52.58603144,0.030243381399252308
52.58609176,0.014435034714274816
52.58613443,0.04019226367589838
52.58617425,0.044632639047837035
52.58620715,0.013824673838406958
52.602844,0.02583352407110704
52.60290813,0.05151445792324712
52.61483216,0.023727779049362935
52.6148777,0.01936369878690776
52.62895942,0.04969863431754024
52.62904334,0.030426489662012664
52.63784623,0.015091172655832761
52.63790298,0.04107728694590677
52.63794732,0.04538033112077516
52.6468122,0.014190890363927672
52.64686513,0.026291294728007935
52.66135573,0.052353704127565424
52.66147542,0.024338139925230793
52.66886568,0.02059967956054017
52.66893172,0.05120927748531319
52.69895244,0.03230334935530633
52.6990726,0.0166323338673991
52.69911599,0.04849317158770123
52.69915009,0.040878919661249714
52.70080161,0.01599145494773785
52.70084929,0.0439154650186923
52.70281959,0.04890516517891203
52.716856,0.01858548867017624
52.71691084,0.03802548256656748
52.72292805,0.054688334477759976
52.72296929,0.02299534599832151
52.74579763,0.031036850537880523
52.74582624,0.05600061036087587
52.76329017,0.027679865720607308
52.76335621,0.023010605020218206
52.76881218,0.05322346837567712
52.76884222,0.033325703822384985
52.78380775,0.016784924086366063
52.78383541,0.04748607614251926
52.78385925,0.03836118104829481
52.7963438,0.012146181429770352
52.79636955,0.032074464026855876
52.79642057,0.04737926298924239
52.79644966,0.015503166247043565
52.8018291,0.023422598611429007
52.80188513,0.04846265354390784
52.81476474,0.020492866407263294
52.81479239,0.0162050812542916
52.83981299,0.04716563668268864
52.83987451,0.02763408865491722
52.83991289,0.011871519035629816
52.83995509,0.03749141680018311
52.83999586,0.04147402151522087
52.84779501,0.010437170977340352
52.84784675,0.02264438849469749
52.85583282,0.048432135500114444
52.85588074,0.020798046845197222
52.86987257,0.016739147020675974
52.86995316,0.04711985961699855
52.88384748,0.02766460669871061
52.88390875,0.011779964904249637
52.89785576,0.03773556115053025
52.8979156,0.041992828259708556
52.90283418,0.011322194247348745
52.90289211,0.023422598611429007
52.90293574,0.04882887006942855
52.91183114,0.02153047989623865
52.91188598,0.01727321278706035
52.92556667,0.047806515602349886
52.92568779,0.02835126268406195
52.93889093,0.012802319371328297
52.93896985,0.03859006637674525
52.95286584,0.04255741206988632
52.95291734,0.01164263370717937
52.95981359,0.023422598611429007
52.95987606,0.04895094224460212
52.96591067,0.021515220874341955
52.96598697,0.017853055619134812
52.97480822,0.0486152437628748
52.97979307,0.029312581063553826
52.9798584,0.013183794918745708
52.97990227,0.03884946974898909
52.9928031,0.04289311055161364
52.99283338,0.01228351262684062
53.00686693,0.024322880903334097
53.00692439,0.049927519645990695
53.01478553,0.022171358815899902
53.01481247,0.017669947356374456
53.02083611,0.04847791256580453
53.02088404,0.029556725413900968
53.03492689,0.013641565575646601
53.03501701,0.0392156862745098
53.03783607,0.043595025558861675
53.04983425,0.012603952086671245
53.04988742,0.024536507209887846
53.0640955,0.04985122453650721
53.0642786,0.021988250553139545
53.07383561,0.01799038681620508
53.07389545,0.04892042420080873
53.07984209,0.02920576791027695
53.07989502,0.013473716334782941
53.09297919,0.03927672236209659
53.09307718,0.043381399252307926
53.09881878,0.012802319371328297
53.09887695,0.024628061341268024
53.10482192,0.050049591821164266
53.12885952,0.022278171969176776
53.12893367,0.017959868772411687
53.1289885,0.048599984740978104
53.12903905,0.02975509269855802
53.13084316,0.01411459525444419
53.13089323,0.0396429388876173
53.14483428,0.04377813382162203
53.14488864,0.012603952086671245
53.15885568,0.024368657969024186
53.15892911,0.05015640497444114
53.15897989,0.022659647516594186
53.16431904,0.018646524757763027
53.16436172,0.049103532463569084
53.18777847,0.029739833676661324
53.18780398,0.013626306553749905
53.18782854,0.03985656519417105
53.19478297,0.04452582589456016
53.19480705,0.01368734264133669
53.20580888,0.025558861676966506
53.20588732,0.05091935606927596
53.20979166,0.023254749370565347
53.20982909,0.01977569237811856
53.22296619,0.050934615091172655
53.22303843,0.03131151293202106
53.24689269,0.015091172655832761
53.24698257,0.03994811932555123
53.24704051,0.04357976653696498
53.26021552,0.012603952086671245
53.26030445,0.02456702525368124
53.2603755,0.050598916609445335
53.26044893,0.022827496757457846
53.28392243,0.018707560845349813
53.28401232,0.0494697489890898
53.29132628,0.02934309910734722
53.29141378,0.013076981765468834
53.29148984,0.0388189517051957
53.29156899,0.043045700770580606
53.2989397,0.01223773556115053
53.29902697,0.024460212100404364
53.31383085,0.05008010986495766
53.32689953,0.022232394903486687
53.32697248,0.01794460975051499
53.33284712,0.048676279850461586
53.33290768,0.029404135194934004
53.33783388,0.013229571984435798
53.3378942,0.039795529106584265
53.34483862,0.04644846265354391
53.34491205,0.01850919356069276
53.35846543,0.044037537193865876
53.35858989,0.061158159761959256
53.36598039,0.04399176012817579
53.36607814,0.042969405661097124
53.37981796,0.05780117494468605
53.393857,0.023422598611429007
53.39393091,0.016266117341878387
53.3939867,0.04695201037613489
53.39404035,0.02763408865491722
53.40384531,0.012787060349431601
53.40392876,0.03985656519417105
53.41083837,0.044754711223010606
53.41090322,0.01249713893339437
53.41095853,0.023514152742809186
53.41985846,0.04933241779201953
53.41990089,0.022156099794003205
53.44478703,0.01812771801327535
53.44481587,0.04907301441977569
53.45951509,0.02929732204165713
53.45961428,0.013107499809262227
53.45969296,0.03904783703364614
53.45979881,0.044083314259555965
53.45986056,0.013626306553749905
53.46883917,0.025268940260929275
53.46888018,0.05099565117875944
53.47818923,0.02340733958953231
53.47822714,0.01927214465552758
53.49081683,0.05044632639047837
53.49084711,0.031021591515983826
53.51478767,0.015060654612039369
53.51481771,0.040711070420386054
53.51484466,0.04538033112077516
53.5168016,0.014892805371175709
53.5168283,0.026626993209735255
53.52398276,0.05270466163118944
53.52405691,0.025696192874036773
53.53789592,0.02157625696192874
53.53797364,0.052933546959639886
53.54281378,0.03347829404135195
53.54286528,0.017517357137407492
53.56690669,0.05008010986495766
53.56698608,0.042252231631952394
53.56703758,0.017166399633783476
53.56707907,0.04536507209887846
53.56711984,0.049805447470817124
53.58085155,0.018951705195696954
53.58091021,0.038666361486228734
53.59483433,0.0545967803463798
53.5948832,0.022796978713664453
53.60383701,0.03096055542839704
53.6038959,0.05569542992294194
53.61887336,0.027115281910429542
53.6189239,0.021667811093308918
53.64083886,0.051361867704280154
53.6408999,0.03126573586633097
53.64781928,0.014679179064621958
53.64787269,0.03938353551537346
53.64791584,0.04319829098954757
53.66086102,0.011841000991836423
53.66090775,0.02337682154573892
53.66094685,0.04866102082856489
53.66098595,0.02084382391088731
53.67030931,0.016662851911192492
53.67041039,0.04748607614251926
53.68383241,0.027618829633020522
53.68388438,0.011505302510109103
53.70786786,0.03727779049362936
53.70795846,0.04168764782177462
53.70801377,0.010757610437170977
53.70805049,0.022980086976424813
53.70808411,0.048676279850461586
53.70981026,0.020904859998474096
53.70986986,0.016479743648432136
53.72382569,0.04785229266803998
53.7238822,0.028030823224231328
53.73782659,0.01211566338597696
53.73787618,0.03814755474174106
53.75178838,0.0426489662012665
53.7518661,0.011779964904249637
53.76480246,0.023636224917982757
53.76486778,0.04875257495994507
53.7649157,0.020950637064164186
53.76496077,0.016784924086366063
53.76500297,0.04815747310597391
53.77978468,0.02908369573510338
53.77984476,0.012573434042877852
53.77989125,0.03851377126726177
53.79377627,0.04312199588006409
53.79380155,0.012085145342183566
53.79978967,0.023865110246433202
53.7998364,0.04940871290150301
53.82377243,0.0217441062027924
53.82379723,0.017471580071717403
53.82382059,0.04840161745632105
53.82384372,0.029098954757000077
53.83387423,0.013229571984435798
53.83394718,0.03877317463950561
53.83400297,0.04310673685816739
53.84882641,0.012100404364080263
53.8488903,0.023773556115053024
53.85683417,0.04959182116426337
53.85690546,0.022003509575036242
53.87988091,0.017792019531548027
53.87996268,0.048340581368734266
53.88001823,0.029053177691309988
53.88006043,0.01287861448081178
53.89493179,0.0388189517051957
53.89500332,0.04339665827420462
53.90042734,0.012939650568398567
53.90052962,0.024963759822995348
53.90896273,0.05029373617151141
53.91387033,0.02243076218814374
53.91392827,0.018371862363622492
53.93809891,0.04937819485770962
53.93819857,0.030457007705806057
53.97884846,0.013809414816510261
53.97893143,0.038620584420538645
53.97897744,0.04365606164644846
53.97901464,0.012817578393224994
53.9790554,0.02456702525368124
53.98281288,0.05035477225909819
53.98285174,0.022781719691767757
53.9828856,0.018265049210345618
53.98291874,0.04975967040512703
53.9829514,0.03083848325322347
53.98298049,0.014465552758068208
53.98301387,0.039658197909514
53.99079967,0.04443427176317998
53.99082947,0.01373311970702678
54.01482391,0.025803006027313648
54.01488185,0.051697566186007474
54.01492882,0.023804074158846417
54.01496959,0.01943999389639124
54.02482867,0.05011062790875105
54.02488184,0.031525139238574806
54.03134751,0.015747310597390707
54.03144574,0.04757763027389944
54.0380106,0.04017700465400168
54.05081511,0.014816510261692225
54.05085588,0.034744792858777754
54.06484485,0.050308995193408104
54.06489921,0.017547875181200885
54.07883906,0.025238422217135882
54.07889366,0.05090409704737926
54.08481669,0.023224231326771955
54.08486605,0.0187533379110399
54.0908072,0.049607080186160064
54.09085345,0.030334935530632486
54.09989166,0.014129854276340887
54.09993744,0.03993286030365453
54.09997654,0.044251163500419625
54.11482882,0.013229571984435798
54.11487699,0.024795910582131684
54.12887383,0.050720988784618906
54.12894607,0.02328526741435874
54.14290071,0.018600747692072938
54.14297795,0.04957656214236667
54.14302468,0.030502784771496146
54.14306116,0.014084077210650798
54.15791488,0.03949034866865034
54.15798712,0.04487678339818418
54.16527605,0.016281376363775083
54.16534495,0.03926146334019989
54.17189813,0.060868238345922025
54.19492245,0.04019226367589838
54.19499421,0.04660105287251087
54.19504762,0.06050202182040131
54.19509935,0.026749065384908826
54.20494556,0.019028000305180436
54.20505738,0.048508430609597926
54.21383834,0.028534370946822308
54.21389341,0.011032272831311514
54.23820353,0.03730830853742275
54.23836994,0.043381399252307926
54.23844385,0.013962005035477227
54.23855758,0.026153963530937668
54.23863626,0.051270313572899975
54.26409531,0.02337682154573892
54.26421833,0.018432898451209278
54.26429367,0.04942397192339971
54.26436353,0.030411230640115968
54.26709557,0.01470969710841535
54.26721787,0.04034485389486534
54.2808876,0.044800488288700695
54.28094792,0.013931486991683834
54.2858274,0.025360494392309453
54.28589559,0.05123979552910658
54.3002944,0.023483634699015793
54.30046749,0.019256885633630885
54.31388259,0.05069047074082551
54.32797217,0.031662470435645074
54.32808065,0.015289539940489814
54.32997727,0.046723125047684444
54.33008051,0.03942931258106355
54.33014655,0.014251926451514458
54.33022308,0.03433279926756695
54.33029175,0.050980392156862744
54.3448379,0.01965362020294499
54.35885572,0.02766460669871061
54.35891843,0.053406576638437474
54.35897136,0.026291294728007935
54.37287951,0.02204928664072633
54.37290812,0.05316243228809033
54.38084245,0.034699015793087665
54.38089943,0.018982223239490347
54.39524937,0.05091935606927596
54.39532828,0.044510566872663464
54.39538431,0.019043259327077136
54.40289044,0.04620431830319677
54.40292954,0.05084306095979248
54.41380429,0.019348439765011063
54.43816781,0.03820859082932784
54.4384079,0.05426108186465248
54.44184923,0.021728847180895704
54.44191504,0.02848859388113222
54.44196367,0.052903028915846494
54.44785714,0.02439917601281758
54.44791746,0.01936369878690776
54.46085048,0.04856946669718471
54.4609282,0.02989242389562829
54.4609766,0.013031204699778745
54.4683435,0.03830014496070802
54.48081899,0.042801556420233464
54.48088264,0.011444266422522316
54.48093057,0.02269016556038758
54.50481129,0.04803540093080034
54.5048368,0.020080872816052493
54.5048604,0.015259021896696421
54.50488329,0.046890974288548104
54.51084065,0.02789349202716106
54.51089787,0.011245899137865263
54.52487707,0.037293049515526054
54.52495599,0.04168764782177462
54.52500486,0.010711833371480888
54.5379591,0.022278171969176776
54.53801036,0.048218509193560695
54.55287623,0.021225299458304724
54.55294919,0.016235599298084994
54.560812,0.04675364309147784
54.56084347,0.027512016479743648
54.56479478,0.01168841077286946
54.564821,0.03799496452277409
54.57191014,0.042710002288853285
54.58585429,0.011551079575799192
54.58592606,0.023193713282978562
54.59183383,0.04895094224460212
54.59189129,0.02157625696192874
54.60486174,0.016937514305333027
54.6049118,0.04802014190890364
54.61886334,0.029327840085450523
54.61890864,0.012954909590295263
54.62483287,0.03871213855191882
54.62489271,0.04328984512092775
54.62492657,0.012375066758220797
54.63887286,0.024109254596780347
54.63891649,0.049973296711680784
54.64278865,0.021988250553139545
54.64281249,0.017135881589990083
54.66792059,0.04852368963149462
54.66799355,0.02929732204165713
54.66804075,0.012848096437018387
54.66809225,0.03863584344243534
54.68289685,0.04315251392385748
54.68296552,0.011749446860456245
54.68302107,0.023514152742809186
54.68307257,0.04959182116426337
54.69803405,0.021774624246585793
54.69816327,0.01739528496223392
54.69832969,0.0490424963759823
54.72291207,0.030243381399252308
54.72301006,0.013107499809262227
54.72306705,0.038406958113984896
54.72311926,0.04318303196765087
54.72316217,0.012939650568398567
54.74181151,0.024551766231784542
54.74183917,0.050308995193408104
54.74186444,0.022980086976424813
54.74188781,0.018493934538796063
54.75480103,0.049805447470817124
54.75483012,0.03146410315098802
54.76786685,0.014938582436865798
54.76789451,0.040329594872968645
54.79188943,0.04481574731059739
54.79994154,0.013275349050125887
54.80001354,0.024444953078507668
54.80006862,0.05018692301823453
54.8001194,0.022461280231937133
54.81486797,0.017914091706721598
54.81493044,0.04931715877012283
54.82785559,0.029953459983215077
54.82790089,0.01287861448081178
54.82794189,0.03805600061036087
54.82798314,0.04281681544213016
54.83597755,0.01228351262684062
54.83608699,0.023819333180743113
54.8361659,0.0494544899671931
54.8498795,0.02197299153124285
54.84994054,0.017349507896543832
54.86396313,0.04852368963149462
54.86403537,0.03006027313649195
54.87794161,0.013366903181506065
54.87803578,0.03906309605554284
54.88486457,0.04414435034714275
54.8849113,0.01283283741512169
54.88495302,0.024322880903334097
54.89083624,0.051483939879453725
54.89886427,0.027069504844739453
54.8989253,0.028412298771648737
54.90414715,0.06106660563057908
54.91786027,0.05441367208361944
54.91792846,0.035156786449988556
54.91797376,0.05325398641947051
54.93280602,0.038284885938811325
54.93282843,0.010559243152513925
54.94481635,0.03031967650873579
54.94484496,0.046128023193713286
54.9448657,0.014038300144960708
54.94488978,0.015838864728770885
54.95486617,0.04849317158770123
54.95491385,0.030640115968566414
54.96887827,0.014358739604791332
54.96893406,0.039673456931410694
54.982831,0.04406805523765927
54.99590373,0.01330586709391928
54.99595523,0.024795910582131684
54.99808455,0.05090409704737926
54.99813819,0.023514152742809186
55.01183629,0.018616006713969634
55.01188898,0.049607080186160064
55.01192975,0.031097886625467308
55.01196408,0.014724956130312047
55.02083921,0.03994811932555123
55.02089119,0.044586861982146946
55.03014374,0.013885709925993743
55.03024554,0.025635156786449988
55.0391252,0.05206378271152819
55.05384326,0.024750133516441595
55.05390406,0.0200503547722591
55.06686211,0.05078202487220569
55.06692791,0.032318608377203024
55.06697869,0.015747310597390707
55.06702852,0.048004882887006946
55.07982755,0.04098573281452659
55.07989144,0.015381094071869994
55.09282207,0.042877851529716945
55.09287357,0.04864576180666819
55.09884405,0.01782253757534142
55.09889007,0.037628747997253374
55.11383891,0.05467307545586328
55.12687588,0.02316319523918517
55.12694073,0.03088426031891356
55.13298345,0.05659571221484703
55.13308358,0.030075532158388648
55.14185405,0.02528419928282597
55.14192057,0.05616845960173953
55.14783788,0.037293049515526054
55.14789653,0.019806210421911954
55.15581775,0.050476844434271764
55.15585446,0.04245059891660945
55.1688242,0.015411612115663387
55.16888571,0.04151979858091096
55.1929903,0.04579232471198596
55.19311786,0.014084077210650798
55.19317889,0.024536507209887846
55.21780777,0.05018692301823453
55.21786571,0.022171358815899902
55.21790862,0.01684596017395285
55.21794939,0.0477454795147631
55.24079776,0.028534370946822308
55.2408464,0.01181048294804303
55.24276757,0.03706416418707561
55.24281216,0.042038605325398645
55.24284577,0.011322194247348745
55.2428844,0.02276646066987106
55.24292302,0.04824902723735409
55.25984716,0.020752269779507133
55.25994921,0.016052491035324634
55.26002574,0.04797436484321355
55.26008797,0.029358358129243915
55.26982689,0.012054627298390174
55.26988149,0.03759822995345998
55.27783942,0.04257267109178302
55.2778883,0.011673151750972763
55.29198265,0.022964827954528116
55.29212832,0.04911879148546578
55.30483675,0.021393148699168384
55.30490565,0.016266117341878387
55.30980659,0.048050659952697035
55.3240273,0.02970931563286793
55.32425213,0.012588693064774548
55.32446957,0.03826962691691463
55.32456803,0.043259327077134355
55.32463622,0.012436102845807583
55.33879542,0.02383459220263981
55.33882833,0.05006485084306096
55.33885717,0.022415503166247044
55.33888769,0.017380025940337225
55.36377478,0.0486152437628748
55.36380243,0.02967879758907454
55.36382818,0.01313801785305562
55.36385131,0.03894102388036927
55.37384462,0.043930724040588995
55.37883496,0.012512397955291066
55.37888527,0.0238803692683299
55.3949132,0.050553139543755246
55.39499068,0.023178454261081866
55.40287733,0.01812771801327535
55.40294933,0.049225604638742655
55.42583084,0.030350194552529183
55.42587757,0.013488975356679637
55.43982959,0.0388189517051957
55.43988013,0.043808651865415424
55.44885659,0.012848096437018387
55.44892168,0.02397192339971008
55.44897366,0.05029373617151141
55.4630549,0.023147936217288473
55.46316409,0.01808194094758526
55.4632113,0.04887464713511864
55.46325421,0.030212863355458915
55.4768436,0.01373311970702678
55.47691751,0.03915465018692302
55.48990011,0.04415960936903945
55.48996496,0.012741283283741512
55.49002004,0.023956664377813384
55.49684548,0.05037003128099489
55.5098443,0.02294956893263142
55.50992203,0.017853055619134812
55.50997949,0.048844129091325246
55.51185822,0.03036545357442588
55.51195002,0.013550011444266423
55.5248971,0.03904783703364614
55.52498698,0.0443579766536965
55.52502728,0.01326009002822919
55.53982019,0.02459754329747463
55.53985095,0.050934615091172655
55.55278444,0.023346303501945526
55.55280995,0.017975127794308383
55.56079078,0.04919508659494926
55.56081963,0.030762188143739988
55.56277728,0.013717860685130083
55.56280565,0.0392309452964065
55.57288599,0.044754711223010606
55.58084893,0.013748378728923476
55.58089781,0.0247348744945449
55.5905273,0.0511787594415198
55.5906775,0.02392614633401999
55.60386872,0.018738078889143205
55.60394168,0.04998855573357748
55.61790824,0.03205920500495918
55.61797905,0.015503166247043565
55.62293935,0.04719615472648203
55.6230104,0.039459830624856945
55.6359024,0.012985427634088656
55.63597965,0.03268482490272374
55.63783979,0.04924086366063935
55.65215564,0.01756313420309758
55.65222359,0.024979018844892044
55.66585875,0.05107194628824292
55.66594934,0.023422598611429007
55.67979264,0.01799038681620508
55.67984772,0.048508430609597926
55.69283676,0.029480430304417486
55.69288349,0.012909132524605172
55.69292116,0.03871213855191882
55.69295597,0.043762874799725335
55.69298387,0.012588693064774548
55.70681071,0.023651483939879453
55.70684695,0.05067521171892882
55.7148385,0.022980086976424813
55.71489,0.017975127794308383
55.73784661,0.04911879148546578
55.73790646,0.030304417486839094
55.74583268,0.013672083619439994
55.74588442,0.04025329976348516
55.74592519,0.04853894865339132
55.74596429,0.022232394903486687
55.75986814,0.04957656214236667
55.75995159,0.06111238269626917
55.76477981,0.041336690318150605
55.76484299,0.03904783703364614
55.76977706,0.0541695277332723
55.78383088,0.021484702830548562
55.78388667,0.015518425268940261
55.78991532,0.04675364309147784
55.78999448,0.027954528114747846
55.80383444,0.012039368276493477
55.80389476,0.03877317463950561
55.81786752,0.04481574731059739
55.81792641,0.013076981765468834
55.81797814,0.023804074158846417
55.82183766,0.05024795910582132
55.82187533,0.023422598611429007
55.83478165,0.018600747692072938
55.83679581,0.04953078507667658
55.85027289,0.030518043793392843
55.85037065,0.013794155794613565
55.85044837,0.03930724040588998
55.863801,0.044846265354390784
55.86382771,0.013748378728923476
55.87778926,0.024933241779201955
55.87781572,0.050812542915999084
55.87783933,0.023804074158846417
55.87786293,0.01936369878690776
55.88823962,0.05037003128099489
55.88831186,0.031998168917372394
55.90187764,0.015671015487907225
55.90193772,0.04702830548561837
55.90198159,0.03944457160296025
55.91678405,0.013672083619439994
55.91680884,0.03421072709239338
55.92978048,0.05104142824444953
55.92980504,0.020019836728465707
55.93880343,0.02713054093232624
55.93887329,0.05368123903257801
55.9447825,0.026749065384908826
55.94480896,0.022018768596932938
55.95780993,0.053574425879301134
55.95783472,0.035492484931715876
55.98788285,0.018997482261387044
55.98793626,0.0507515068284123
55.98797345,0.0439154650186923
55.98980331,0.018234531166552225
55.98983741,0.04489204242008087
55.98987007,0.05024795910582132
55.9899025,0.018524452582589456
55.9998095,0.036530098420691236
55.9998486,0.05258258945601587
56.01279545,0.020233463035019456
56.01282048,0.02639810788128481
56.02153897,0.051483939879453725
56.02156615,0.023529411764705882
56.04585576,0.017715724422064545
56.04591846,0.04795910582131686
56.06880713,0.029434653238727397
56.06888151,0.012039368276493477
56.06893873,0.037918669413290605
56.07079506,0.04310673685816739
56.07083082,0.01164263370717937
56.08483696,0.022583352407110704
56.08490849,0.048889906157015335
56.08496261,0.021667811093308918
56.08501434,0.016083009079118027
56.09086919,0.0473334859235523
56.09094524,0.02896162355992981
56.10481453,0.011902037079423208
56.10487485,0.03701838712138552
56.10492063,0.04260318913557641
56.12987876,0.011505302510109103
56.12996149,0.0225986114290074
56.13000727,0.048844129091325246
56.1300509,0.021683070115205615
56.13009357,0.017059586480506598
56.13013744,0.04795910582131686
56.15489173,0.028992141603723202
56.15494084,0.012588693064774548
56.15498233,0.0383916990920882
56.15502238,0.043808651865415424
56.17987633,0.01228351262684062
56.17993522,0.023224231326771955
56.18183351,0.04907301441977569
56.18187523,0.021850919356069275
56.18190837,0.016449225604638743
56.19100213,0.047882810711833375
56.19119811,0.029694056610971235
56.19127011,0.01240558480201419
56.20581627,0.03788815136949721
56.20585608,0.04341191729610132
56.21878052,0.012207217517357137
56.21880651,0.02340733958953231
56.23278952,0.04975967040512703
56.23281741,0.022339208056763562
56.23284173,0.016815442130159456
56.23286557,0.04789806973373007
56.25810862,0.02967879758907454
56.2582202,0.013000686655985352
56.25829983,0.038574807354848556
56.25834441,0.043549248493171586
56.25838327,0.012207217517357137
56.27383828,0.023254749370565347
56.27389717,0.0494544899671931
56.2860465,0.022293430991073473
56.2861445,0.017059586480506598
56.29496598,0.04814221408407721
56.29508805,0.02967879758907454
56.30486894,0.013061722743572137
56.30492568,0.03852903028915847
56.30496836,0.04357976653696498
56.31903315,0.012252994583047227
56.31915498,0.02337682154573892
56.31924319,0.04985122453650721
56.319314,0.022507057297627222
56.35087228,0.016815442130159456
56.35092878,0.04791332875562677
56.35097241,0.02946517128252079
56.35100579,0.01266498817425803
56.35788774,0.03799496452277409
56.35797095,0.04345769436179141
56.36682224,0.012863355458915083
56.36687922,0.02426184481574731
56.36692238,0.05023270008392462
56.38089013,0.022674906538490882
56.38093901,0.0174868390936141
56.40492916,0.04895094224460212
56.40500689,0.030579079880979628
56.40504456,0.013183794918745708
56.41183305,0.03877317463950561
56.41188288,0.04399176012817579
56.41191697,0.012939650568398567
56.41195273,0.02406347753109026
56.42581224,0.05101091020065614
56.42584062,0.023590447852292667
56.43288565,0.018005645838101776
56.43294024,0.04866102082856489
56.45590568,0.030548561837186235
56.45597816,0.013641565575646601
56.4560349,0.03904783703364614
56.47180533,0.04402227817196918
56.47183061,0.012741283283741512
56.48386931,0.024216067750057222
56.48389411,0.050812542915999084
56.49481106,0.02401770046540017
56.49484563,0.018570229648279545
56.49487042,0.04975967040512703
56.49489474,0.030991073472190434
56.519871,0.013931486991683834
56.51989651,0.039246204318303196
56.51991963,0.045349813076981764
56.51993847,0.014038300144960708
56.51996112,0.02499427786678874
56.53884435,0.0511787594415198
56.5388999,0.024078736552986955
56.53894138,0.019134813458457314
56.5389812,0.050308995193408104
56.55297756,0.031998168917372394
56.55310082,0.015289539940489814
56.55317807,0.04678416113527123
56.55324841,0.04002441443503471
56.5688765,0.014068818188754101
56.56895447,0.03384451056687266
56.56899881,0.051270313572899975
56.59383345,0.020401312275883116
56.59388447,0.02737468528267338
56.59391904,0.05322346837567712
56.59395218,0.02508583199816892
56.61796379,0.019134813458457314
56.61805367,0.05023270008392462
56.61812329,0.03179980163271534
56.61818004,0.01501487754634928
56.61995149,0.03999389639124132
56.62002921,0.045349813076981764
56.63480115,0.01416037232013428
56.63488412,0.024826428625925077
56.63492942,0.05058365758754864
56.65385771,0.023041123064011598
56.65390825,0.0178988326848249
56.66784048,0.04936293583581292
56.66789842,0.031158922713054094
56.67585588,0.013931486991683834
56.67590761,0.03886472877088579
56.67884159,0.04528877698939498
56.67889047,0.013244831006332494
56.67893267,0.024338139925230793
56.69282317,0.05050736247806516
56.69286323,0.024826428625925077
56.69879699,0.02214084077210651
56.69883418,0.057282368200198365
56.7388196,0.047516594186312655
56.7388804,0.03904783703364614
56.73892307,0.06118867780575265
56.73896456,0.051270313572899975
56.74079823,0.022232394903486687
56.74083686,0.04068055237659266
56.74283028,0.04205386434729534
56.7428689,0.01062027924010071
56.75582051,0.022110322728313116
56.75588465,0.049561303120469975
56.76486301,0.02406347753109026
56.76492119,0.018707560845349813
56.77383804,0.04895094224460212
56.78791761,0.029739833676661324
56.78803229,0.013153276874952316
56.78807974,0.03894102388036927
56.81382465,0.04423590447852293
56.81384873,0.012939650568398567
56.81387258,0.023956664377813384
56.81389809,0.05065995269703212
56.81392097,0.024002441443503473
56.81394434,0.018570229648279545
56.82388663,0.04985122453650721
56.82395148,0.031326771953917754
56.84580255,0.01428244449530785
56.84584165,0.03970397497520409
56.84586525,0.045181963836118104
56.84785199,0.014175631342030976
56.84790349,0.025314717326619364
56.86184359,0.051316090638590064
56.861902,0.024444953078507668
56.86783552,0.019455252918287938
56.86789417,0.050598916609445335
56.87999749,0.03268482490272374
56.88009644,0.016266117341878387
56.89485931,0.0477454795147631
56.89491987,0.040833142595559625
56.90792108,0.014847028305485618
56.90799546,0.03439383535515374
56.90805078,0.052185854886701764
56.91410017,0.021484702830548562
56.91418028,0.02877851529716945
56.92791605,0.05496299687190051
56.92800736,0.028717479209582664
56.93482733,0.023422598611429007
56.9348774,0.05438315403982605
56.94784069,0.03616388189517052
56.94789124,0.019378957808804456
56.95983291,0.050431067368581675
56.95988941,0.0430609597924773
56.98395896,0.015960936903944456
56.9840548,0.04213015945677882
56.98413801,0.046723125047684444
56.98419094,0.015030136568245976
56.98424125,0.025360494392309453
56.99083638,0.050553139543755246
56.99089789,0.023025864042114902
57.00583744,0.01701380941481651
57.00590873,0.047562371252002744
57.0188446,0.029053177691309988
57.01889205,0.011551079575799192
57.03382778,0.03675898374914168
57.0338881,0.04243533989471275
57.03392673,0.011078049897001603
57.03396749,0.02153047989623865
57.03400803,0.046967269398031586
57.04828525,0.020523384451056687
57.04837298,0.015625238422217136
57.05581355,0.04699778744182498
57.05586219,0.028641184100099183
57.05589271,0.011184863050278477
57.07981348,0.036285954070344094
57.07984138,0.04200808728160525
57.07986164,0.011490043488212406
57.07988524,0.02247653925383383
57.0897882,0.04802014190890364
57.08981657,0.021393148699168384
57.1017971,0.016311894407568476
57.101825,0.04762340733958953
57.11802626,0.029327840085450523
57.11813927,0.01266498817425803
57.11825705,0.03825436789501793
57.13188863,0.043335622186617836
57.13193989,0.011932555123216601
57.14491534,0.022751201647974364
57.14498782,0.048722056916151675
57.14504337,0.022491798275730526
57.14509439,0.017288471808957047
57.15489912,0.04823376821545739
57.15498066,0.029800869764248113
57.17892814,0.013076981765468834
57.17900372,0.03830014496070802
57.17912722,0.043595025558861675
57.18084025,0.012466620889600977
57.18088841,0.023346303501945526
57.20489693,0.049347676813916226
57.2049675,0.022827496757457846
57.20502186,0.01710536354619669
57.2050736,0.048218509193560695
57.20789433,0.030518043793392843
57.20796132,0.013107499809262227
57.22079682,0.038284885938811325
57.2208488,0.043762874799725335
57.23478103,0.01271076523994812
57.23484349,0.0234531166552224
57.2397964,0.04963759822995346
57.26887798,0.023392080567635615
57.26895618,0.01782253757534142
57.26900148,0.04840161745632105
57.26904321,0.029144731822690166
57.2808578,0.013183794918745708
57.28093123,0.03904783703364614
57.28098631,0.044754711223010606
57.28102946,0.013183794918745708
57.28108001,0.02392614633401999
57.2948153,0.04963759822995346
57.30884147,0.022980086976424813
57.30892181,0.017792019531548027
57.31497121,0.04931715877012283
57.32884073,0.031036850537880523
57.32894921,0.013962005035477227
57.32903194,0.03906309605554284
57.32910991,0.04448004882887007
57.32917714,0.013366903181506065
57.35280347,0.02423132677195392
57.35283542,0.05006485084306096
57.35285974,0.023422598611429007
57.3528831,0.01838712138551919
57.35480285,0.04962233920805676
57.35486174,0.03125047684443427
57.36886764,0.013885709925993743
57.36893845,0.03906309605554284
57.36899447,0.044922560463874266
57.39389729,0.013977264057373923
57.39398599,0.025146868085755704
57.39404297,0.05085831998168917
57.39409518,0.02366674296177615
57.39984608,0.0183413443198291
57.39991832,0.049393453879606315
57.41387439,0.03141832608529793
57.41393781,0.014404516670481423
57.42280769,0.03981078812848096
57.42285848,0.046005951018539715
57.44691634,0.014602883955138476
57.4469986,0.02571145189593347
57.44705486,0.05151445792324712
57.44710636,0.024460212100404364
57.44715643,0.019378957808804456
57.46082306,0.05142290379186694
57.46089792,0.033493553063248645
57.46680856,0.01606775005722133
57.46686363,0.04654001678492409
57.47993803,0.03927672236209659
57.48001742,0.013000686655985352
57.48892188,0.032318608377203024
57.48903608,0.04914930952925917
57.51285815,0.017456321049820707
57.51292062,0.02447547112230106
57.51296496,0.05037003128099489
57.51484203,0.02337682154573892
57.51489615,0.0178988326848249
57.52384186,0.04858472571908141
57.5238986,0.030426489662012664
57.53781629,0.013809414816510261
57.53787136,0.03904783703364614
57.5427947,0.04440375371938659
57.54285455,0.013443198290989548
57.56582355,0.024368657969024186
57.5658896,0.050476844434271764
57.570786,0.023270008392462044
57.5708518,0.01770046540016785
57.57089186,0.04908827344167239
57.58485174,0.03228809033340963
57.58491278,0.0183413443198291
57.58495665,0.05517662317845426
57.58499813,0.055985351338979174
57.59982133,0.036865796902418556
57.59987521,0.05722133211261158
57.61488152,0.051850156404974444
57.61493468,0.016281376363775083
57.62783813,0.031906614785992216
57.62789607,0.047180895704585335
57.63481522,0.014618142977035172
57.63486862,0.014801251239795529
57.63491249,0.04269474326695659
57.63495302,0.03808651865415427
57.648808,0.013580529488059816
57.64884639,0.032867933165484094
57.65785456,0.04907301441977569
57.65791106,0.017242694743266958
57.67387629,0.02426184481574731
57.67390394,0.0507362478065156
57.68581629,0.02374303807125963
57.68585682,0.018310826276035707
57.69484425,0.04959182116426337
57.69490027,0.031738765545128556
57.69983101,0.014785992217898832
57.6998868,0.04026855878538186
57.7048552,0.045426108186465246
57.71898246,0.01432822156099794
57.71911502,0.02554360265506981
57.72781205,0.051972228580148015
57.7278924,0.024780651560234988
57.74086022,0.019546807049668116
57.74093437,0.05101091020065614
57.7648747,0.03314259555962463
57.76495337,0.016357671473258565
57.77393007,0.04823376821545739
57.77400994,0.04068055237659266
57.78885436,0.015167467765316243
57.78896213,0.035324635690852216
57.78902173,0.05261310749980926
57.78906107,0.021301594567788205
57.78912258,0.028992141603723202
57.79784942,0.05514610513466087
57.79790473,0.028625925078202486
57.81897521,0.02362096589608606
57.81909275,0.05508506904707408
57.81913185,0.03759822995345998
57.81916761,0.020782787823300525
57.83384013,0.05163653009842069
57.83389783,0.044800488288700695
57.83394003,0.018829633020523383
57.83398032,0.04533455405508507
57.83402085,0.05067521171892882
57.84938765,0.018875410086213473
57.84952712,0.036285954070344094
57.85889959,0.0524605172808423
57.85895944,0.020187685969329367
57.88079071,0.026245517662317846
57.88081884,0.05142290379186694
57.88284183,0.023758297093156328
57.88292241,0.01812771801327535
57.89084053,0.04873731593804837
57.89089561,0.03002975509269856
57.89983034,0.01266498817425803
57.89988565,0.03744563973449302
57.90182495,0.04252689402609293
57.91788363,0.011734187838559548
57.91794872,0.023010605020218206
57.91799068,0.04882887006942855
57.91803169,0.021560997940032044
57.94291639,0.0157778286411841
57.94297338,0.046723125047684444
57.94301653,0.02865644312199588
57.94305062,0.012039368276493477
57.95786071,0.03747615777828641
57.95792079,0.04240482185091936
57.96380949,0.011612115663385977
57.96385622,0.022964827954528116
57.97383165,0.04937819485770962
57.97884464,0.02255283436331731
57.97889185,0.017624170290684367
58.00383973,0.04846265354390784
58.00390196,0.029480430304417486
58.00393891,0.012848096437018387
58.00397873,0.03860532539864195
58.01281381,0.043640802624551764
58.01285529,0.012481879911497674
58.02081704,0.023422598611429007
58.02087784,0.049774929427023724
58.02984238,0.022781719691767757
58.02989173,0.017746242465857938
58.03682733,0.04885938811322194
58.04987979,0.030670634012359806
58.04997301,0.013550011444266423
58.05003166,0.0388189517051957
58.08432841,0.043640802624551764
58.08436847,0.012726024261844816
58.08439684,0.023941405355916687
58.08442116,0.05023270008392462
58.08582163,0.023422598611429007
58.08586454,0.017746242465857938
58.08778977,0.048508430609597926
58.08781624,0.02998397802700847
58.09579825,0.013275349050125887
58.09582615,0.039002059967956054
58.10286617,0.043762874799725335
58.11803102,0.012588693064774548
58.11818004,0.02349889372091249
58.13092422,0.049805447470817124
58.13098335,0.023102159151598384
58.13890171,0.017212176699473565
58.13896632,0.04808117799649043
58.14566708,0.02998397802700847
58.14577889,0.013931486991683834
58.15992498,0.03918516823071641
58.16000223,0.044251163500419625
58.17285609,0.013214312962539101
58.17292547,0.02447547112230106
58.18216133,0.050980392156862744
58.20487428,0.023804074158846417
58.20495534,0.018265049210345618
58.20500088,0.049225604638742655
58.2050426,0.03150988021667811
58.20507932,0.015030136568245976
58.22281265,0.040451667048142216
58.22284031,0.04571602960250248
58.22879028,0.014312962539101243
58.22881722,0.02508583199816892
58.24280167,0.050812542915999084
58.24282765,0.02323949034866865
58.24779844,0.017593652246890974
58.24782372,0.04879835202563516
58.26182485,0.030853742275120166
58.26188278,0.013748378728923476
58.26192641,0.03887998779278248
58.26196599,0.04336614023041123
58.26199961,0.012191958495460441
58.26982951,0.023270008392462044
58.26987815,0.04959182116426337
58.27889466,0.0225986114290074
58.27896547,0.017456321049820707
58.28887749,0.0486152437628748
58.28894234,0.03039597161821927
58.31186652,0.013199053940642405
58.31191826,0.03863584344243534
58.31196022,0.0439002059967956
58.32386589,0.012848096437018387
58.32392311,0.023422598611429007
58.32983351,0.05082780193789578
58.32989025,0.026367589837491417
58.33586645,0.02575722896162356
58.33592057,0.061127641718165864
58.34488225,0.0541542687113756
58.34493852,0.037537193865873196
58.35984945,0.056275272755016405
58.35991263,0.04069581139848936
58.37382984,0.010498207064927139
58.37387824,0.02920576791027695
58.37391996,0.04628061341268025
58.38782644,0.014084077210650798
58.38789082,0.015808346684977492
58.39282227,0.04870679789425498
58.39287519,0.031494621194781414
58.40281081,0.013962005035477227
58.40287328,0.038956282902265965
58.4148376,0.04402227817196918
58.41489124,0.012985427634088656
58.4149375,0.02406347753109026
58.42582893,0.05027847714961471
58.42586827,0.023193713282978562
58.43478465,0.018188754100862136
58.43480992,0.049271381704432744
58.45782495,0.030472266727702754
58.45788503,0.013794155794613565
58.45792842,0.039337758449683374
58.45796847,0.044632639047837035
58.45800138,0.01385519188220035
58.46782756,0.02481116960402838
58.467875,0.051148241397726404
58.48188806,0.024246585793850615
58.48193717,0.0191958495460441
58.49485302,0.05050736247806516
58.49491405,0.03237964446478981
58.50880194,0.01544213015945678
58.50883317,0.04704356450751507
58.5088594,0.0405279621576257
58.55780387,0.014648661020828565
58.55783558,0.034485389486533916
58.55786037,0.05212481879911498
58.55788422,0.021179522392614634
58.55790734,0.02868696116578927
58.55793071,0.054947737850003814
58.55982971,0.028168154421301595
58.5598743,0.023590447852292667
58.56183171,0.054947737850003814
58.56186342,0.0371099412527657
58.57691884,0.020325017166399634
58.57699037,0.051224536507209886
58.5770452,0.04426642252231632
58.58317494,0.017807278553444723
58.58320999,0.044251163500419625
58.59180331,0.04916456855115587
58.59183526,0.016937514305333027
58.60479116,0.03401235980773632
58.60482049,0.05049210345616846
58.61389613,0.018280308232242314
58.61396766,0.024414435034714275
58.63779783,0.0503395132372015
58.63782859,0.02293430991073472
58.63785362,0.016891737239642938
58.63787723,0.04728770885786221
58.64786792,0.029388876173037308
58.64793825,0.012176699473563745
58.64799619,0.03721675440604257
58.6608634,0.041992828259708556
58.66091728,0.011184863050278477
58.66687322,0.02226291294728008
58.66693449,0.04815747310597391
58.68143201,0.021210040436408027
58.68150449,0.015793087663080796
58.70488191,0.047058823529411764
58.70495582,0.02848859388113222
58.70500278,0.011367971313038834
58.70505619,0.03682001983672847
58.7088666,0.042420080872816054
58.71383429,0.011444266422522316
58.71389842,0.022186617837796598
58.7228322,0.04840161745632105
58.72288227,0.021774624246585793
58.73684788,0.01637293049515526
58.73691535,0.04708934157320516
58.75042963,0.028747997253376057
58.75057125,0.012146181429770352
58.75985813,0.03784237430380712
58.75991917,0.042877851529716945
58.76584935,0.011627374685282674
58.76591086,0.023224231326771955
58.77182221,0.049729152361333635
58.77985859,0.022461280231937133
58.77993178,0.017181658655680172
58.79384923,0.048340581368734266
58.79391146,0.02993820096131838
58.80781603,0.012985427634088656
58.80787778,0.03817807278553445
58.81681371,0.04345769436179141
58.81686282,0.012680247196154727
58.82280779,0.023727779049362935
58.82287216,0.049729152361333635
58.8229177,0.022735942626077667
58.83679223,0.017517357137407492
58.83682323,0.04840161745632105
58.84883976,0.03036545357442588
58.84888268,0.013427939269092852
58.84892321,0.03897154192416266
58.87387872,0.0439154650186923
58.87394381,0.01266498817425803
58.87399507,0.02374303807125963
58.87404728,0.05000381475547418
58.88103104,0.02316319523918517
58.88112903,0.018066681925688565
58.88985062,0.04916456855115587
58.88991213,0.030182345311665523
58.90482473,0.013763637750820172
58.90488195,0.03918516823071641
58.90492415,0.04448004882887007
58.92887497,0.013534752422369727
58.92894149,0.024246585793850615
58.93884254,0.05006485084306096
58.93889713,0.023025864042114902
58.94481373,0.017959868772411687
58.94486094,0.04913405050736248
58.95887208,0.031097886625467308
58.95893788,0.01428244449530785
58.9589963,0.03953612573434043
58.95904851,0.04457160296025025
58.98283935,0.013473716334782941
58.98290658,0.02456702525368124
58.9829514,0.050812542915999084
58.98299408,0.023605706874189364
58.98303461,0.018570229648279545
59.00786257,0.049515526054779886
59.00793862,0.03126573586633097
59.00798774,0.014694438086518654
59.00803947,0.04014648661020829
59.02384686,0.04599069199664302
59.02391505,0.015518425268940261
59.02396059,0.03451590753032731
59.02400327,0.0507362478065156
59.03282189,0.01858548867017624
59.03288054,0.02504005493247883
59.03881121,0.05104142824444953
59.04588604,0.023987182421606777
59.04595923,0.019134813458457314
59.06982994,0.04995803768978409
59.06989813,0.031036850537880523
59.06993651,0.013580529488059816
59.07280731,0.03884946974898909
59.08480716,0.04415960936903945
59.08485627,0.01309224078736553
59.08489394,0.024322880903334097
59.09880686,0.05029373617151141
59.09884071,0.023270008392462044
59.10182714,0.01817349507896544
59.10187364,0.04953078507667658
59.11784744,0.03125047684443427
59.1179111,0.01411459525444419
59.1318295,0.03904783703364614
59.13189101,0.043762874799725335
59.13192987,0.013183794918745708
59.13981295,0.026260776684214542
59.13985181,0.055024032959487296
59.1467855,0.03329518577859159
59.15378261,0.037247272449835965
59.15382171,0.06109712367437247
59.16279483,0.05000381475547418
59.16284156,0.029770351720454717
59.16287732,0.05108720531013962
59.16979098,0.03717097734035248
59.18287277,0.00976577401388571
59.182899,0.029663538567177843
59.1957984,0.04769970244907301
59.19582844,0.017257953765163654
59.21490121,0.02508583199816892
59.21492624,0.05130083161669337
59.21683717,0.023468375677119097
59.21686935,0.01858548867017624
59.21689296,0.04957656214236667
59.21692443,0.030975814450293737
59.23377705,0.014358739604791332
59.23380566,0.03956664377813382
59.23382902,0.044846265354390784
59.25880456,0.014206149385824368
59.25886631,0.0251621271076524
59.25891137,0.0511635004196231
59.25895166,0.02392614633401999
59.26879239,0.019119554436560618
59.26884103,0.05000381475547418
59.2777884,0.031692988479438466
59.27783346,0.015381094071869994
59.28680825,0.047058823529411764
59.2868619,0.0396429388876173
59.29978561,0.013717860685130083
59.29983306,0.033615625238422216
59.31399488,0.05091935606927596
59.32789803,0.019226367589837492
59.32799673,0.026672770275425344
59.32805204,0.053238727397573814
59.32810235,0.026413366903181506
59.33383727,0.021393148699168384
59.33389711,0.05241474021515221
59.35783362,0.03480582894636454
59.35789084,0.018646524757763027
59.35793281,0.05008010986495766
59.35797262,0.04322880903334096
59.37280536,0.0174868390936141
59.37285614,0.044708934157320517
59.37289619,0.05069047074082551
59.37883878,0.01931792172121767
59.37888432,0.03765926604104677
59.39284039,0.054612039368276494
59.39288044,0.02252231631952392
59.41184711,0.0290074006256199
59.41190004,0.05420004577706569
59.41982841,0.025772487983520255
59.41987777,0.019623102159151598
59.4348774,0.04995803768978409
59.43494892,0.03065537499046311
59.45029759,0.013076981765468834
59.45039701,0.03802548256656748
59.45049596,0.042877851529716945
59.46285939,0.011444266422522316
59.4629333,0.02221713588158999
59.46298766,0.048386358434424355
59.46304107,0.020874341954680704
59.47082758,0.015320057984283207
59.47089911,0.04664682993820096
59.49384546,0.02732890821698329
59.49392104,0.011108567940794995
59.49399495,0.03665217059586481
59.49406505,0.04174868390936141
59.50982261,0.010864423590447852
59.50988793,0.02221713588158999
59.50993848,0.04840161745632105
59.50998735,0.02111848630502785
59.51003504,0.016189822232394905
59.52281094,0.04742504005493248
59.52287865,0.028717479209582664
59.53683472,0.012390325780117494
59.53688955,0.0379339284351873
59.5598197,0.04277103837644007
59.55987334,0.011520561532005799
59.55991626,0.02252231631952392
59.55995727,0.048935683222705424
59.55999875,0.02197299153124285
59.56780052,0.01675440604257267
59.56783795,0.04797436484321355
59.57979822,0.02903791866941329
59.57985044,0.012649729152361334
59.57989097,0.03820859082932784
59.59378958,0.04202334630350195
59.5938127,0.012054627298390174
59.60286593,0.023254749370565347
59.60293245,0.04908827344167239
59.62590909,0.02178988326848249
59.62598538,0.016098268101014723
59.62602925,0.04777599755855649
59.62606978,0.02917524986648356
59.63182569,0.012527656977187763
59.63188362,0.03788815136949721
59.63883638,0.043259327077134355
59.65184045,0.012603952086671245
59.65189195,0.023697261005569542
59.65193272,0.04998855573357748
59.65197206,0.022339208056763562
59.67888284,0.017059586480506598
59.67893744,0.04808117799649043
59.67897892,0.02920576791027695
59.67901206,0.012588693064774548
59.69383144,0.03799496452277409
59.6939292,0.043091477836270695
59.69398999,0.012481879911497674
59.69403577,0.023941405355916687
59.70283389,0.05011062790875105
59.71682143,0.02272068360418097
59.7168684,0.017761501487754634
59.74185205,0.04864576180666819
59.74193621,0.029434653238727397
59.74587202,0.012924391546501868
59.74595046,0.03848325322346838
59.75597215,0.0439459830624857
59.75607634,0.013275349050125887
59.75612354,0.024414435034714275
59.75982189,0.050308995193408104
59.75987291,0.02311741817349508
59.76885176,0.018234531166552225
59.76893592,0.049011978332188906
59.78882766,0.03002975509269856
59.78890586,0.013397421225299458
59.8018198,0.03901731898985275
59.80188179,0.0439154650186923
59.80191946,0.012573434042877852
59.80778885,0.02406347753109026
59.80783844,0.05069047074082551
59.81678224,0.023422598611429007
59.816818,0.01867704280155642
59.81685138,0.04998855573357748
59.81688452,0.03125047684443427
59.83280253,0.014602883955138476
59.83286023,0.039841306172274354
59.8347702,0.044800488288700695
59.86086035,0.013641565575646601
59.86091805,0.024841687647821773
59.86096001,0.05134660868238346
59.86100054,0.02357518883039597
59.86985302,0.01884489204242008
59.86990619,0.04975967040512703
59.87781763,0.031570916304264895
59.87785697,0.015106431677729458
59.88984418,0.04046692607003891
59.88990307,0.04567025253681239
59.89888573,0.015747310597390707
59.89895749,0.03451590753032731
59.91290474,0.05087357900358587
59.92692637,0.019348439765011063
59.92702055,0.026855878538185704
59.92706585,0.0532997634851606
59.92710853,0.02606240939955749
59.93782854,0.02029449912260624
59.93789053,0.050720988784618906
59.9438169,0.031143663691157397
59.94386125,0.014465552758068208
59.95683837,0.040283817807278556
59.95689416,0.04522774090180819
59.96979094,0.013962005035477227
59.96984911,0.024750133516441595
59.97779679,0.05011062790875105
59.98982549,0.02323949034866865
59.98988271,0.018265049210345618
59.99984264,0.04982070649271382
59.999897,0.030975814450293737
60.00280857,0.014267185473411154
