
/home/kevinperez/Documents/Servicio/C/PruebaUSB/build/PruebaUSB.elf:     file format elf32-littlearm

Sections:
Idx Name          Size      VMA       LMA       File off  Algn
  0 .boot2        00000100  10000000  10000000  00001000  2**0
                  CONTENTS, ALLOC, LOAD, READONLY, CODE
  1 .text         00003f90  10000100  10000100  00001100  2**3
                  CONTENTS, ALLOC, LOAD, READONLY, CODE
  2 .rodata       00000354  10004090  10004090  00005090  2**3
                  CONTENTS, ALLOC, LOAD, READONLY, DATA
  3 .binary_info  00000024  100043e4  100043e4  000053e4  2**2
                  CONTENTS, ALLOC, LOAD, READONLY, DATA
  4 .ram_vector_table 000000c0  20000000  20000000  00007000  2**2
                  ALLOC
  5 .uninitialized_data 00000000  200000c0  200000c0  00006240  2**0
                  CONTENTS
  6 .data         00000180  200000c0  10004408  000060c0  2**4
                  CONTENTS, ALLOC, LOAD, READONLY, CODE
  7 .tdata        00000000  20000240  20000240  00006240  2**0
                  CONTENTS, ALLOC, LOAD, DATA, THREAD_LOCAL
  8 .tbss         00000000  20000240  20000240  00000000  2**0
                  ALLOC, THREAD_LOCAL
  9 .bss          00000400  20000240  10004588  00006240  2**3
                  ALLOC
 10 .heap         0003f9c0  20000640  10004588  00006640  2**2
                  ALLOC, READONLY
 11 .scratch_x    00000000  20040000  20040000  00006240  2**0
                  CONTENTS
 12 .scratch_y    00000000  20041000  20041000  00006240  2**0
                  CONTENTS
 13 .stack_dummy  00000800  20041000  20041000  00006240  2**5
                  CONTENTS, READONLY
 14 .ARM.attributes 00000028  00000000  00000000  00006a40  2**0
                  CONTENTS, READONLY
 15 .comment      00000033  00000000  00000000  00006a68  2**0
                  CONTENTS, READONLY
 16 .debug_info   0001d004  00000000  00000000  00006a9b  2**0
                  CONTENTS, READONLY, DEBUGGING, OCTETS
 17 .debug_abbrev 00004fb6  00000000  00000000  00023a9f  2**0
                  CONTENTS, READONLY, DEBUGGING, OCTETS
 18 .debug_loc    00018537  00000000  00000000  00028a55  2**0
                  CONTENTS, READONLY, DEBUGGING, OCTETS
 19 .debug_aranges 00000f68  00000000  00000000  00040f90  2**3
                  CONTENTS, READONLY, DEBUGGING, OCTETS
 20 .debug_ranges 00009490  00000000  00000000  00041ef8  2**3
                  CONTENTS, READONLY, DEBUGGING, OCTETS
 21 .debug_line   000165e1  00000000  00000000  0004b388  2**0
                  CONTENTS, READONLY, DEBUGGING, OCTETS
 22 .debug_str    00004b6f  00000000  00000000  00061969  2**0
                  CONTENTS, READONLY, DEBUGGING, OCTETS
 23 .debug_frame  00001ba8  00000000  00000000  000664d8  2**2
                  CONTENTS, READONLY, DEBUGGING, OCTETS

/home/kevinperez/Documents/Servicio/C/PruebaUSB/build/PruebaUSB.elf:     file format elf32-littlearm


Disassembly of section .boot2:

10000000 <__boot2_start__>:
10000000:	4b32b500 	.word	0x4b32b500
10000004:	60582021 	.word	0x60582021
10000008:	21026898 	.word	0x21026898
1000000c:	60984388 	.word	0x60984388
10000010:	611860d8 	.word	0x611860d8
10000014:	4b2e6158 	.word	0x4b2e6158
10000018:	60992100 	.word	0x60992100
1000001c:	61592102 	.word	0x61592102
10000020:	22f02101 	.word	0x22f02101
10000024:	492b5099 	.word	0x492b5099
10000028:	21016019 	.word	0x21016019
1000002c:	20356099 	.word	0x20356099
10000030:	f844f000 	.word	0xf844f000
10000034:	42902202 	.word	0x42902202
10000038:	2106d014 	.word	0x2106d014
1000003c:	f0006619 	.word	0xf0006619
10000040:	6e19f834 	.word	0x6e19f834
10000044:	66192101 	.word	0x66192101
10000048:	66182000 	.word	0x66182000
1000004c:	f000661a 	.word	0xf000661a
10000050:	6e19f82c 	.word	0x6e19f82c
10000054:	6e196e19 	.word	0x6e196e19
10000058:	f0002005 	.word	0xf0002005
1000005c:	2101f82f 	.word	0x2101f82f
10000060:	d1f94208 	.word	0xd1f94208
10000064:	60992100 	.word	0x60992100
10000068:	6019491b 	.word	0x6019491b
1000006c:	60592100 	.word	0x60592100
10000070:	481b491a 	.word	0x481b491a
10000074:	21016001 	.word	0x21016001
10000078:	21eb6099 	.word	0x21eb6099
1000007c:	21a06619 	.word	0x21a06619
10000080:	f0006619 	.word	0xf0006619
10000084:	2100f812 	.word	0x2100f812
10000088:	49166099 	.word	0x49166099
1000008c:	60014814 	.word	0x60014814
10000090:	60992101 	.word	0x60992101
10000094:	2800bc01 	.word	0x2800bc01
10000098:	4700d000 	.word	0x4700d000
1000009c:	49134812 	.word	0x49134812
100000a0:	c8036008 	.word	0xc8036008
100000a4:	8808f380 	.word	0x8808f380
100000a8:	b5034708 	.word	0xb5034708
100000ac:	20046a99 	.word	0x20046a99
100000b0:	d0fb4201 	.word	0xd0fb4201
100000b4:	42012001 	.word	0x42012001
100000b8:	bd03d1f8 	.word	0xbd03d1f8
100000bc:	6618b502 	.word	0x6618b502
100000c0:	f7ff6618 	.word	0xf7ff6618
100000c4:	6e18fff2 	.word	0x6e18fff2
100000c8:	bd026e18 	.word	0xbd026e18
100000cc:	40020000 	.word	0x40020000
100000d0:	18000000 	.word	0x18000000
100000d4:	00070000 	.word	0x00070000
100000d8:	005f0300 	.word	0x005f0300
100000dc:	00002221 	.word	0x00002221
100000e0:	180000f4 	.word	0x180000f4
100000e4:	a0002022 	.word	0xa0002022
100000e8:	10000100 	.word	0x10000100
100000ec:	e000ed08 	.word	0xe000ed08
	...
100000fc:	7a4eb274 	.word	0x7a4eb274

Disassembly of section .text:

10000100 <__VECTOR_TABLE>:
10000100:	20042000 	.word	0x20042000
10000104:	100001f7 	.word	0x100001f7
10000108:	100001c3 	.word	0x100001c3
1000010c:	100001c5 	.word	0x100001c5
10000110:	100001c1 	.word	0x100001c1
10000114:	100001c1 	.word	0x100001c1
10000118:	100001c1 	.word	0x100001c1
1000011c:	100001c1 	.word	0x100001c1
10000120:	100001c1 	.word	0x100001c1
10000124:	100001c1 	.word	0x100001c1
10000128:	100001c1 	.word	0x100001c1
1000012c:	100001c7 	.word	0x100001c7
10000130:	100001c1 	.word	0x100001c1
10000134:	100001c1 	.word	0x100001c1
10000138:	100001c9 	.word	0x100001c9
1000013c:	100001cb 	.word	0x100001cb
10000140:	100001cd 	.word	0x100001cd
10000144:	100001cd 	.word	0x100001cd
10000148:	100001cd 	.word	0x100001cd
1000014c:	100001cd 	.word	0x100001cd
10000150:	100001cd 	.word	0x100001cd
10000154:	100001cd 	.word	0x100001cd
10000158:	100001cd 	.word	0x100001cd
1000015c:	100001cd 	.word	0x100001cd
10000160:	100001cd 	.word	0x100001cd
10000164:	100001cd 	.word	0x100001cd
10000168:	100001cd 	.word	0x100001cd
1000016c:	100001cd 	.word	0x100001cd
10000170:	100001cd 	.word	0x100001cd
10000174:	100001cd 	.word	0x100001cd
10000178:	100001cd 	.word	0x100001cd
1000017c:	100001cd 	.word	0x100001cd
10000180:	100001cd 	.word	0x100001cd
10000184:	100001cd 	.word	0x100001cd
10000188:	100001cd 	.word	0x100001cd
1000018c:	100001cd 	.word	0x100001cd
10000190:	100001cd 	.word	0x100001cd
10000194:	100001cd 	.word	0x100001cd
10000198:	100001cd 	.word	0x100001cd
1000019c:	100001cd 	.word	0x100001cd
100001a0:	100001cd 	.word	0x100001cd
100001a4:	100001cd 	.word	0x100001cd
100001a8:	100001cd 	.word	0x100001cd
100001ac:	100001cd 	.word	0x100001cd
100001b0:	100001cd 	.word	0x100001cd
100001b4:	100001cd 	.word	0x100001cd
100001b8:	100001cd 	.word	0x100001cd
100001bc:	100001cd 	.word	0x100001cd

100001c0 <isr_invalid>:
100001c0:	be00      	bkpt	0x0000

100001c2 <isr_nmi>:
100001c2:	be00      	bkpt	0x0000

100001c4 <isr_hardfault>:
100001c4:	be00      	bkpt	0x0000

100001c6 <isr_svcall>:
100001c6:	be00      	bkpt	0x0000

100001c8 <isr_pendsv>:
100001c8:	be00      	bkpt	0x0000

100001ca <isr_systick>:
100001ca:	be00      	bkpt	0x0000

100001cc <__unhandled_user_irq>:
100001cc:	f3ef 8005 	mrs	r0, IPSR
100001d0:	3810      	subs	r0, #16

100001d2 <unhandled_user_irq_num_in_r0>:
100001d2:	be00      	bkpt	0x0000

100001d4 <binary_info_header>:
100001d4:	7188ebf2 	.word	0x7188ebf2
100001d8:	100043e4 	.word	0x100043e4
100001dc:	10004408 	.word	0x10004408
100001e0:	10000238 	.word	0x10000238
100001e4:	e71aa390 	.word	0xe71aa390

100001e8 <_entry_point>:
100001e8:	481e      	ldr	r0, [pc, #120]	; (10000264 <data_cpy_table+0x2c>)

100001ea <_enter_vtable_in_r0>:
100001ea:	491f      	ldr	r1, [pc, #124]	; (10000268 <data_cpy_table+0x30>)
100001ec:	6008      	str	r0, [r1, #0]
100001ee:	c806      	ldmia	r0!, {r1, r2}
100001f0:	f381 8808 	msr	MSP, r1
100001f4:	4710      	bx	r2

100001f6 <_reset_handler>:
100001f6:	481d      	ldr	r0, [pc, #116]	; (1000026c <data_cpy_table+0x34>)
100001f8:	6800      	ldr	r0, [r0, #0]
100001fa:	2800      	cmp	r0, #0
100001fc:	d001      	beq.n	10000202 <hold_non_core0_in_bootrom+0x4>

100001fe <hold_non_core0_in_bootrom>:
100001fe:	4819      	ldr	r0, [pc, #100]	; (10000264 <data_cpy_table+0x2c>)
10000200:	e7f3      	b.n	100001ea <_enter_vtable_in_r0>
10000202:	a40d      	add	r4, pc, #52	; (adr r4, 10000238 <data_cpy_table>)
10000204:	cc0e      	ldmia	r4!, {r1, r2, r3}
10000206:	2900      	cmp	r1, #0
10000208:	d002      	beq.n	10000210 <hold_non_core0_in_bootrom+0x12>
1000020a:	f000 f812 	bl	10000232 <data_cpy>
1000020e:	e7f9      	b.n	10000204 <hold_non_core0_in_bootrom+0x6>
10000210:	4917      	ldr	r1, [pc, #92]	; (10000270 <data_cpy_table+0x38>)
10000212:	4a18      	ldr	r2, [pc, #96]	; (10000274 <data_cpy_table+0x3c>)
10000214:	2000      	movs	r0, #0
10000216:	e000      	b.n	1000021a <bss_fill_test>

10000218 <bss_fill_loop>:
10000218:	c101      	stmia	r1!, {r0}

1000021a <bss_fill_test>:
1000021a:	4291      	cmp	r1, r2
1000021c:	d1fc      	bne.n	10000218 <bss_fill_loop>

1000021e <platform_entry>:
1000021e:	4916      	ldr	r1, [pc, #88]	; (10000278 <data_cpy_table+0x40>)
10000220:	4788      	blx	r1
10000222:	4916      	ldr	r1, [pc, #88]	; (1000027c <data_cpy_table+0x44>)
10000224:	4788      	blx	r1
10000226:	4916      	ldr	r1, [pc, #88]	; (10000280 <data_cpy_table+0x48>)
10000228:	4788      	blx	r1
1000022a:	be00      	bkpt	0x0000
1000022c:	e7fd      	b.n	1000022a <platform_entry+0xc>

1000022e <data_cpy_loop>:
1000022e:	c901      	ldmia	r1!, {r0}
10000230:	c201      	stmia	r2!, {r0}

10000232 <data_cpy>:
10000232:	429a      	cmp	r2, r3
10000234:	d3fb      	bcc.n	1000022e <data_cpy_loop>
10000236:	4770      	bx	lr

10000238 <data_cpy_table>:
10000238:	10004408 	.word	0x10004408
1000023c:	200000c0 	.word	0x200000c0
10000240:	20000240 	.word	0x20000240
10000244:	10004588 	.word	0x10004588
10000248:	20040000 	.word	0x20040000
1000024c:	20040000 	.word	0x20040000
10000250:	10004588 	.word	0x10004588
10000254:	20041000 	.word	0x20041000
10000258:	20041000 	.word	0x20041000
1000025c:	00000000 	.word	0x00000000
10000260:	4770      	bx	lr
10000262:	0000      	.short	0x0000
10000264:	00000000 	.word	0x00000000
10000268:	e000ed08 	.word	0xe000ed08
1000026c:	d0000000 	.word	0xd0000000
10000270:	20000240 	.word	0x20000240
10000274:	20000640 	.word	0x20000640
10000278:	10003a91 	.word	0x10003a91
1000027c:	10000321 	.word	0x10000321
10000280:	10003a89 	.word	0x10003a89

10000284 <_init>:
10000284:	b5f8      	push	{r3, r4, r5, r6, r7, lr}
10000286:	46c0      	nop			; (mov r8, r8)

10000288 <deregister_tm_clones>:
10000288:	4804      	ldr	r0, [pc, #16]	; (1000029c <deregister_tm_clones+0x14>)
1000028a:	4b05      	ldr	r3, [pc, #20]	; (100002a0 <deregister_tm_clones+0x18>)
1000028c:	b510      	push	{r4, lr}
1000028e:	4283      	cmp	r3, r0
10000290:	d003      	beq.n	1000029a <deregister_tm_clones+0x12>
10000292:	4b04      	ldr	r3, [pc, #16]	; (100002a4 <deregister_tm_clones+0x1c>)
10000294:	2b00      	cmp	r3, #0
10000296:	d000      	beq.n	1000029a <deregister_tm_clones+0x12>
10000298:	4798      	blx	r3
1000029a:	bd10      	pop	{r4, pc}
1000029c:	20000240 	.word	0x20000240
100002a0:	20000240 	.word	0x20000240
100002a4:	00000000 	.word	0x00000000

100002a8 <register_tm_clones>:
100002a8:	4806      	ldr	r0, [pc, #24]	; (100002c4 <register_tm_clones+0x1c>)
100002aa:	4907      	ldr	r1, [pc, #28]	; (100002c8 <register_tm_clones+0x20>)
100002ac:	1a09      	subs	r1, r1, r0
100002ae:	108b      	asrs	r3, r1, #2
100002b0:	0fc9      	lsrs	r1, r1, #31
100002b2:	18c9      	adds	r1, r1, r3
100002b4:	b510      	push	{r4, lr}
100002b6:	1049      	asrs	r1, r1, #1
100002b8:	d003      	beq.n	100002c2 <register_tm_clones+0x1a>
100002ba:	4b04      	ldr	r3, [pc, #16]	; (100002cc <register_tm_clones+0x24>)
100002bc:	2b00      	cmp	r3, #0
100002be:	d000      	beq.n	100002c2 <register_tm_clones+0x1a>
100002c0:	4798      	blx	r3
100002c2:	bd10      	pop	{r4, pc}
100002c4:	20000240 	.word	0x20000240
100002c8:	20000240 	.word	0x20000240
100002cc:	00000000 	.word	0x00000000

100002d0 <__do_global_dtors_aux>:
100002d0:	b510      	push	{r4, lr}
100002d2:	4c07      	ldr	r4, [pc, #28]	; (100002f0 <__do_global_dtors_aux+0x20>)
100002d4:	7823      	ldrb	r3, [r4, #0]
100002d6:	2b00      	cmp	r3, #0
100002d8:	d109      	bne.n	100002ee <__do_global_dtors_aux+0x1e>
100002da:	f7ff ffd5 	bl	10000288 <deregister_tm_clones>
100002de:	4b05      	ldr	r3, [pc, #20]	; (100002f4 <__do_global_dtors_aux+0x24>)
100002e0:	2b00      	cmp	r3, #0
100002e2:	d002      	beq.n	100002ea <__do_global_dtors_aux+0x1a>
100002e4:	4804      	ldr	r0, [pc, #16]	; (100002f8 <__do_global_dtors_aux+0x28>)
100002e6:	e000      	b.n	100002ea <__do_global_dtors_aux+0x1a>
100002e8:	bf00      	nop
100002ea:	2301      	movs	r3, #1
100002ec:	7023      	strb	r3, [r4, #0]
100002ee:	bd10      	pop	{r4, pc}
100002f0:	200005c0 	.word	0x200005c0
100002f4:	00000000 	.word	0x00000000
100002f8:	10004090 	.word	0x10004090

100002fc <frame_dummy>:
100002fc:	4b05      	ldr	r3, [pc, #20]	; (10000314 <frame_dummy+0x18>)
100002fe:	b510      	push	{r4, lr}
10000300:	2b00      	cmp	r3, #0
10000302:	d003      	beq.n	1000030c <frame_dummy+0x10>
10000304:	4904      	ldr	r1, [pc, #16]	; (10000318 <frame_dummy+0x1c>)
10000306:	4805      	ldr	r0, [pc, #20]	; (1000031c <frame_dummy+0x20>)
10000308:	e000      	b.n	1000030c <frame_dummy+0x10>
1000030a:	bf00      	nop
1000030c:	f7ff ffcc 	bl	100002a8 <register_tm_clones>
10000310:	bd10      	pop	{r4, pc}
10000312:	46c0      	nop			; (mov r8, r8)
10000314:	00000000 	.word	0x00000000
10000318:	200005c4 	.word	0x200005c4
1000031c:	10004090 	.word	0x10004090

10000320 <main>:
10000320:	b5f0      	push	{r4, r5, r6, r7, lr}
10000322:	46de      	mov	lr, fp
10000324:	4645      	mov	r5, r8
10000326:	4657      	mov	r7, sl
10000328:	464e      	mov	r6, r9
1000032a:	b5e0      	push	{r5, r6, r7, lr}
1000032c:	b091      	sub	sp, #68	; 0x44
1000032e:	f003 fcbf 	bl	10003cb0 <stdio_init_all>
10000332:	2196      	movs	r1, #150	; 0x96
10000334:	4834      	ldr	r0, [pc, #208]	; (10000408 <main+0xe8>)
10000336:	0189      	lsls	r1, r1, #6
10000338:	f000 fec0 	bl	100010bc <uart_init>
1000033c:	2102      	movs	r1, #2
1000033e:	2010      	movs	r0, #16
10000340:	f000 f86e 	bl	10000420 <gpio_set_function>
10000344:	f003 fe16 	bl	10003f74 <adc_init>
10000348:	211f      	movs	r1, #31
1000034a:	201a      	movs	r0, #26
1000034c:	f000 f868 	bl	10000420 <gpio_set_function>
10000350:	2200      	movs	r2, #0
10000352:	2100      	movs	r1, #0
10000354:	201a      	movs	r0, #26
10000356:	f000 f87d 	bl	10000454 <gpio_set_pulls>
1000035a:	2100      	movs	r1, #0
1000035c:	201a      	movs	r0, #26
1000035e:	f000 f893 	bl	10000488 <gpio_set_input_enabled>
10000362:	22e0      	movs	r2, #224	; 0xe0
10000364:	4b29      	ldr	r3, [pc, #164]	; (1000040c <main+0xec>)
10000366:	01d2      	lsls	r2, r2, #7
10000368:	681b      	ldr	r3, [r3, #0]
1000036a:	4c27      	ldr	r4, [pc, #156]	; (10000408 <main+0xe8>)
1000036c:	4013      	ands	r3, r2
1000036e:	4a28      	ldr	r2, [pc, #160]	; (10000410 <main+0xf0>)
10000370:	ad03      	add	r5, sp, #12
10000372:	6013      	str	r3, [r2, #0]
10000374:	4b27      	ldr	r3, [pc, #156]	; (10000414 <main+0xf4>)
10000376:	4698      	mov	r8, r3
10000378:	4b27      	ldr	r3, [pc, #156]	; (10000418 <main+0xf8>)
1000037a:	4699      	mov	r9, r3
1000037c:	4b27      	ldr	r3, [pc, #156]	; (1000041c <main+0xfc>)
1000037e:	469b      	mov	fp, r3
10000380:	2304      	movs	r3, #4
10000382:	469a      	mov	sl, r3
10000384:	4652      	mov	r2, sl
10000386:	465b      	mov	r3, fp
10000388:	2180      	movs	r1, #128	; 0x80
1000038a:	601a      	str	r2, [r3, #0]
1000038c:	4a1f      	ldr	r2, [pc, #124]	; (1000040c <main+0xec>)
1000038e:	0049      	lsls	r1, r1, #1
10000390:	6813      	ldr	r3, [r2, #0]
10000392:	420b      	tst	r3, r1
10000394:	d0fc      	beq.n	10000390 <main+0x70>
10000396:	6850      	ldr	r0, [r2, #4]
10000398:	b280      	uxth	r0, r0
1000039a:	f001 fff2 	bl	10002382 <__wrap___aeabi_ui2f>
1000039e:	f002 f817 	bl	100023d0 <__wrap___aeabi_f2d>
100003a2:	4642      	mov	r2, r8
100003a4:	9000      	str	r0, [sp, #0]
100003a6:	9101      	str	r1, [sp, #4]
100003a8:	2132      	movs	r1, #50	; 0x32
100003aa:	0028      	movs	r0, r5
100003ac:	f003 fb3e 	bl	10003a2c <__wrap_snprintf>
100003b0:	7828      	ldrb	r0, [r5, #0]
100003b2:	2800      	cmp	r0, #0
100003b4:	d017      	beq.n	100003e6 <main+0xc6>
100003b6:	464b      	mov	r3, r9
100003b8:	0029      	movs	r1, r5
100003ba:	2700      	movs	r7, #0
100003bc:	5fdf      	ldrsh	r7, [r3, r7]
100003be:	2200      	movs	r2, #0
100003c0:	2320      	movs	r3, #32
100003c2:	260d      	movs	r6, #13
100003c4:	2a00      	cmp	r2, #0
100003c6:	d112      	bne.n	100003ee <main+0xce>
100003c8:	4287      	cmp	r7, r0
100003ca:	d017      	beq.n	100003fc <main+0xdc>
100003cc:	69a2      	ldr	r2, [r4, #24]
100003ce:	4213      	tst	r3, r2
100003d0:	d1fc      	bne.n	100003cc <main+0xac>
100003d2:	6020      	str	r0, [r4, #0]
100003d4:	780a      	ldrb	r2, [r1, #0]
100003d6:	3101      	adds	r1, #1
100003d8:	3a0d      	subs	r2, #13
100003da:	4250      	negs	r0, r2
100003dc:	4142      	adcs	r2, r0
100003de:	7808      	ldrb	r0, [r1, #0]
100003e0:	b2d2      	uxtb	r2, r2
100003e2:	2800      	cmp	r0, #0
100003e4:	d1ee      	bne.n	100003c4 <main+0xa4>
100003e6:	2032      	movs	r0, #50	; 0x32
100003e8:	f000 fd6a 	bl	10000ec0 <sleep_ms>
100003ec:	e7ca      	b.n	10000384 <main+0x64>
100003ee:	69a2      	ldr	r2, [r4, #24]
100003f0:	4213      	tst	r3, r2
100003f2:	d0ee      	beq.n	100003d2 <main+0xb2>
100003f4:	69a2      	ldr	r2, [r4, #24]
100003f6:	4213      	tst	r3, r2
100003f8:	d1f9      	bne.n	100003ee <main+0xce>
100003fa:	e7ea      	b.n	100003d2 <main+0xb2>
100003fc:	69a2      	ldr	r2, [r4, #24]
100003fe:	4213      	tst	r3, r2
10000400:	d1fc      	bne.n	100003fc <main+0xdc>
10000402:	6026      	str	r6, [r4, #0]
10000404:	e7e2      	b.n	100003cc <main+0xac>
10000406:	46c0      	nop			; (mov r8, r8)
10000408:	40034000 	.word	0x40034000
1000040c:	4004c000 	.word	0x4004c000
10000410:	4004d000 	.word	0x4004d000
10000414:	10004090 	.word	0x10004090
10000418:	20000634 	.word	0x20000634
1000041c:	4004e000 	.word	0x4004e000

10000420 <gpio_set_function>:
10000420:	b510      	push	{r4, lr}
10000422:	2440      	movs	r4, #64	; 0x40
10000424:	4a08      	ldr	r2, [pc, #32]	; (10000448 <gpio_set_function+0x28>)
10000426:	0083      	lsls	r3, r0, #2
10000428:	189a      	adds	r2, r3, r2
1000042a:	6812      	ldr	r2, [r2, #0]
1000042c:	00c0      	lsls	r0, r0, #3
1000042e:	4054      	eors	r4, r2
10000430:	22c0      	movs	r2, #192	; 0xc0
10000432:	4022      	ands	r2, r4
10000434:	4c05      	ldr	r4, [pc, #20]	; (1000044c <gpio_set_function+0x2c>)
10000436:	46a4      	mov	ip, r4
10000438:	4463      	add	r3, ip
1000043a:	601a      	str	r2, [r3, #0]
1000043c:	4b04      	ldr	r3, [pc, #16]	; (10000450 <gpio_set_function+0x30>)
1000043e:	469c      	mov	ip, r3
10000440:	4460      	add	r0, ip
10000442:	6041      	str	r1, [r0, #4]
10000444:	bd10      	pop	{r4, pc}
10000446:	46c0      	nop			; (mov r8, r8)
10000448:	4001c004 	.word	0x4001c004
1000044c:	4001d004 	.word	0x4001d004
10000450:	40014000 	.word	0x40014000

10000454 <gpio_set_pulls>:
10000454:	4b0b      	ldr	r3, [pc, #44]	; (10000484 <gpio_set_pulls+0x30>)
10000456:	0080      	lsls	r0, r0, #2
10000458:	469c      	mov	ip, r3
1000045a:	4460      	add	r0, ip
1000045c:	2900      	cmp	r1, #0
1000045e:	d10e      	bne.n	1000047e <gpio_set_pulls+0x2a>
10000460:	2300      	movs	r3, #0
10000462:	3104      	adds	r1, #4
10000464:	2a00      	cmp	r2, #0
10000466:	d100      	bne.n	1000046a <gpio_set_pulls+0x16>
10000468:	0019      	movs	r1, r3
1000046a:	2280      	movs	r2, #128	; 0x80
1000046c:	6803      	ldr	r3, [r0, #0]
1000046e:	0152      	lsls	r2, r2, #5
10000470:	4059      	eors	r1, r3
10000472:	4694      	mov	ip, r2
10000474:	230c      	movs	r3, #12
10000476:	4460      	add	r0, ip
10000478:	400b      	ands	r3, r1
1000047a:	6003      	str	r3, [r0, #0]
1000047c:	4770      	bx	lr
1000047e:	210c      	movs	r1, #12
10000480:	2308      	movs	r3, #8
10000482:	e7ef      	b.n	10000464 <gpio_set_pulls+0x10>
10000484:	4001c004 	.word	0x4001c004

10000488 <gpio_set_input_enabled>:
10000488:	0080      	lsls	r0, r0, #2
1000048a:	2900      	cmp	r1, #0
1000048c:	d005      	beq.n	1000049a <gpio_set_input_enabled+0x12>
1000048e:	4b06      	ldr	r3, [pc, #24]	; (100004a8 <gpio_set_input_enabled+0x20>)
10000490:	469c      	mov	ip, r3
10000492:	2340      	movs	r3, #64	; 0x40
10000494:	4460      	add	r0, ip
10000496:	6003      	str	r3, [r0, #0]
10000498:	4770      	bx	lr
1000049a:	4b04      	ldr	r3, [pc, #16]	; (100004ac <gpio_set_input_enabled+0x24>)
1000049c:	469c      	mov	ip, r3
1000049e:	2340      	movs	r3, #64	; 0x40
100004a0:	4460      	add	r0, ip
100004a2:	6003      	str	r3, [r0, #0]
100004a4:	e7f8      	b.n	10000498 <gpio_set_input_enabled+0x10>
100004a6:	46c0      	nop			; (mov r8, r8)
100004a8:	4001e004 	.word	0x4001e004
100004ac:	4001f004 	.word	0x4001f004

100004b0 <panic>:
100004b0:	b40f      	push	{r0, r1, r2, r3}
100004b2:	b500      	push	{lr}
100004b4:	4808      	ldr	r0, [pc, #32]	; (100004d8 <panic+0x28>)
100004b6:	b083      	sub	sp, #12
100004b8:	f003 fc4c 	bl	10003d54 <__wrap_puts>
100004bc:	9b04      	ldr	r3, [sp, #16]
100004be:	2b00      	cmp	r3, #0
100004c0:	d007      	beq.n	100004d2 <panic+0x22>
100004c2:	a905      	add	r1, sp, #20
100004c4:	0018      	movs	r0, r3
100004c6:	9101      	str	r1, [sp, #4]
100004c8:	f003 fac4 	bl	10003a54 <weak_raw_vprintf>
100004cc:	4803      	ldr	r0, [pc, #12]	; (100004dc <panic+0x2c>)
100004ce:	f003 fc41 	bl	10003d54 <__wrap_puts>
100004d2:	2001      	movs	r0, #1
100004d4:	f003 fad6 	bl	10003a84 <_exit>
100004d8:	10004094 	.word	0x10004094
100004dc:	100040a4 	.word	0x100040a4

100004e0 <hw_claim_or_assert>:
100004e0:	b570      	push	{r4, r5, r6, lr}
100004e2:	f3ef 8c10 	mrs	ip, PRIMASK
100004e6:	b672      	cpsid	i
100004e8:	4d0d      	ldr	r5, [pc, #52]	; (10000520 <hw_claim_or_assert+0x40>)
100004ea:	682b      	ldr	r3, [r5, #0]
100004ec:	2b00      	cmp	r3, #0
100004ee:	d0fc      	beq.n	100004ea <hw_claim_or_assert+0xa>
100004f0:	f3bf 8f5f 	dmb	sy
100004f4:	2407      	movs	r4, #7
100004f6:	08cb      	lsrs	r3, r1, #3
100004f8:	18c6      	adds	r6, r0, r3
100004fa:	5cc0      	ldrb	r0, [r0, r3]
100004fc:	2301      	movs	r3, #1
100004fe:	400c      	ands	r4, r1
10000500:	40a3      	lsls	r3, r4
10000502:	001c      	movs	r4, r3
10000504:	4004      	ands	r4, r0
10000506:	4203      	tst	r3, r0
10000508:	d107      	bne.n	1000051a <hw_claim_or_assert+0x3a>
1000050a:	4303      	orrs	r3, r0
1000050c:	7033      	strb	r3, [r6, #0]
1000050e:	f3bf 8f5f 	dmb	sy
10000512:	602c      	str	r4, [r5, #0]
10000514:	f38c 8810 	msr	PRIMASK, ip
10000518:	bd70      	pop	{r4, r5, r6, pc}
1000051a:	0010      	movs	r0, r2
1000051c:	f7ff ffc8 	bl	100004b0 <panic>
10000520:	d000012c 	.word	0xd000012c

10000524 <next_striped_spin_lock_num>:
10000524:	4a04      	ldr	r2, [pc, #16]	; (10000538 <next_striped_spin_lock_num+0x14>)
10000526:	7810      	ldrb	r0, [r2, #0]
10000528:	1c43      	adds	r3, r0, #1
1000052a:	b2db      	uxtb	r3, r3
1000052c:	2b17      	cmp	r3, #23
1000052e:	d900      	bls.n	10000532 <next_striped_spin_lock_num+0xe>
10000530:	2310      	movs	r3, #16
10000532:	7013      	strb	r3, [r2, #0]
10000534:	4770      	bx	lr
10000536:	46c0      	nop			; (mov r8, r8)
10000538:	20000198 	.word	0x20000198

1000053c <spin_locks_reset>:
1000053c:	2100      	movs	r1, #0
1000053e:	4b04      	ldr	r3, [pc, #16]	; (10000550 <spin_locks_reset+0x14>)
10000540:	4a04      	ldr	r2, [pc, #16]	; (10000554 <spin_locks_reset+0x18>)
10000542:	f3bf 8f5f 	dmb	sy
10000546:	c302      	stmia	r3!, {r1}
10000548:	4293      	cmp	r3, r2
1000054a:	d1fa      	bne.n	10000542 <spin_locks_reset+0x6>
1000054c:	4770      	bx	lr
1000054e:	46c0      	nop			; (mov r8, r8)
10000550:	d0000100 	.word	0xd0000100
10000554:	d0000180 	.word	0xd0000180

10000558 <runtime_init_per_core_irq_priorities>:
10000558:	4b05      	ldr	r3, [pc, #20]	; (10000570 <runtime_init_per_core_irq_priorities+0x18>)
1000055a:	4a06      	ldr	r2, [pc, #24]	; (10000574 <runtime_init_per_core_irq_priorities+0x1c>)
1000055c:	6013      	str	r3, [r2, #0]
1000055e:	4a06      	ldr	r2, [pc, #24]	; (10000578 <runtime_init_per_core_irq_priorities+0x20>)
10000560:	6013      	str	r3, [r2, #0]
10000562:	6053      	str	r3, [r2, #4]
10000564:	6093      	str	r3, [r2, #8]
10000566:	60d3      	str	r3, [r2, #12]
10000568:	6113      	str	r3, [r2, #16]
1000056a:	6153      	str	r3, [r2, #20]
1000056c:	6193      	str	r3, [r2, #24]
1000056e:	4770      	bx	lr
10000570:	80808080 	.word	0x80808080
10000574:	e000e400 	.word	0xe000e400
10000578:	e000e404 	.word	0xe000e404

1000057c <irq_set_enabled>:
1000057c:	231f      	movs	r3, #31
1000057e:	4018      	ands	r0, r3
10000580:	3b1e      	subs	r3, #30
10000582:	4083      	lsls	r3, r0
10000584:	2900      	cmp	r1, #0
10000586:	d005      	beq.n	10000594 <irq_set_enabled+0x18>
10000588:	21c0      	movs	r1, #192	; 0xc0
1000058a:	4a04      	ldr	r2, [pc, #16]	; (1000059c <irq_set_enabled+0x20>)
1000058c:	0049      	lsls	r1, r1, #1
1000058e:	5053      	str	r3, [r2, r1]
10000590:	6013      	str	r3, [r2, #0]
10000592:	4770      	bx	lr
10000594:	2280      	movs	r2, #128	; 0x80
10000596:	4901      	ldr	r1, [pc, #4]	; (1000059c <irq_set_enabled+0x20>)
10000598:	508b      	str	r3, [r1, r2]
1000059a:	e7fa      	b.n	10000592 <irq_set_enabled+0x16>
1000059c:	e000e100 	.word	0xe000e100

100005a0 <irq_set_exclusive_handler>:
100005a0:	b570      	push	{r4, r5, r6, lr}
100005a2:	000d      	movs	r5, r1
100005a4:	f3ef 8610 	mrs	r6, PRIMASK
100005a8:	b672      	cpsid	i
100005aa:	4a0f      	ldr	r2, [pc, #60]	; (100005e8 <irq_set_exclusive_handler+0x48>)
100005ac:	6813      	ldr	r3, [r2, #0]
100005ae:	2b00      	cmp	r3, #0
100005b0:	d0fc      	beq.n	100005ac <irq_set_exclusive_handler+0xc>
100005b2:	f3bf 8f5f 	dmb	sy
100005b6:	4b0d      	ldr	r3, [pc, #52]	; (100005ec <irq_set_exclusive_handler+0x4c>)
100005b8:	3010      	adds	r0, #16
100005ba:	689b      	ldr	r3, [r3, #8]
100005bc:	0084      	lsls	r4, r0, #2
100005be:	591b      	ldr	r3, [r3, r4]
100005c0:	4a0b      	ldr	r2, [pc, #44]	; (100005f0 <irq_set_exclusive_handler+0x50>)
100005c2:	4293      	cmp	r3, r2
100005c4:	d003      	beq.n	100005ce <irq_set_exclusive_handler+0x2e>
100005c6:	429d      	cmp	r5, r3
100005c8:	d001      	beq.n	100005ce <irq_set_exclusive_handler+0x2e>
100005ca:	f000 ff67 	bl	1000149c <hard_assertion_failure>
100005ce:	4b07      	ldr	r3, [pc, #28]	; (100005ec <irq_set_exclusive_handler+0x4c>)
100005d0:	689b      	ldr	r3, [r3, #8]
100005d2:	511d      	str	r5, [r3, r4]
100005d4:	f3bf 8f5f 	dmb	sy
100005d8:	f3bf 8f5f 	dmb	sy
100005dc:	2200      	movs	r2, #0
100005de:	4b02      	ldr	r3, [pc, #8]	; (100005e8 <irq_set_exclusive_handler+0x48>)
100005e0:	601a      	str	r2, [r3, #0]
100005e2:	f386 8810 	msr	PRIMASK, r6
100005e6:	bd70      	pop	{r4, r5, r6, pc}
100005e8:	d0000124 	.word	0xd0000124
100005ec:	e000ed00 	.word	0xe000ed00
100005f0:	100001cd 	.word	0x100001cd

100005f4 <irq_remove_handler>:
100005f4:	b5f0      	push	{r4, r5, r6, r7, lr}
100005f6:	46de      	mov	lr, fp
100005f8:	4657      	mov	r7, sl
100005fa:	464e      	mov	r6, r9
100005fc:	4645      	mov	r5, r8
100005fe:	b5e0      	push	{r5, r6, r7, lr}
10000600:	000c      	movs	r4, r1
10000602:	b083      	sub	sp, #12
10000604:	f3ef 8910 	mrs	r9, PRIMASK
10000608:	b672      	cpsid	i
1000060a:	4a5f      	ldr	r2, [pc, #380]	; (10000788 <irq_remove_handler+0x194>)
1000060c:	6813      	ldr	r3, [r2, #0]
1000060e:	2b00      	cmp	r3, #0
10000610:	d0fc      	beq.n	1000060c <irq_remove_handler+0x18>
10000612:	f3bf 8f5f 	dmb	sy
10000616:	4b5d      	ldr	r3, [pc, #372]	; (1000078c <irq_remove_handler+0x198>)
10000618:	689a      	ldr	r2, [r3, #8]
1000061a:	0003      	movs	r3, r0
1000061c:	3310      	adds	r3, #16
1000061e:	009f      	lsls	r7, r3, #2
10000620:	59d5      	ldr	r5, [r2, r7]
10000622:	4a5b      	ldr	r2, [pc, #364]	; (10000790 <irq_remove_handler+0x19c>)
10000624:	4690      	mov	r8, r2
10000626:	4295      	cmp	r5, r2
10000628:	d03d      	beq.n	100006a6 <irq_remove_handler+0xb2>
1000062a:	42a5      	cmp	r5, r4
1000062c:	d04e      	beq.n	100006cc <irq_remove_handler+0xd8>
1000062e:	4e59      	ldr	r6, [pc, #356]	; (10000794 <irq_remove_handler+0x1a0>)
10000630:	1baa      	subs	r2, r5, r6
10000632:	2a2f      	cmp	r2, #47	; 0x2f
10000634:	d837      	bhi.n	100006a6 <irq_remove_handler+0xb2>
10000636:	4a58      	ldr	r2, [pc, #352]	; (10000798 <irq_remove_handler+0x1a4>)
10000638:	4693      	mov	fp, r2
1000063a:	6812      	ldr	r2, [r2, #0]
1000063c:	4694      	mov	ip, r2
1000063e:	2201      	movs	r2, #1
10000640:	4661      	mov	r1, ip
10000642:	4692      	mov	sl, r2
10000644:	4082      	lsls	r2, r0
10000646:	4011      	ands	r1, r2
10000648:	221f      	movs	r2, #31
1000064a:	4010      	ands	r0, r2
1000064c:	4652      	mov	r2, sl
1000064e:	4082      	lsls	r2, r0
10000650:	4692      	mov	sl, r2
10000652:	9101      	str	r1, [sp, #4]
10000654:	2280      	movs	r2, #128	; 0x80
10000656:	4651      	mov	r1, sl
10000658:	4658      	mov	r0, fp
1000065a:	5081      	str	r1, [r0, r2]
1000065c:	f3bf 8f5f 	dmb	sy
10000660:	f3ef 8205 	mrs	r2, IPSR
10000664:	4693      	mov	fp, r2
10000666:	2a00      	cmp	r2, #0
10000668:	d132      	bne.n	100006d0 <irq_remove_handler+0xdc>
1000066a:	2301      	movs	r3, #1
1000066c:	002a      	movs	r2, r5
1000066e:	439a      	bics	r2, r3
10000670:	6890      	ldr	r0, [r2, #8]
10000672:	4284      	cmp	r4, r0
10000674:	d108      	bne.n	10000688 <irq_remove_handler+0x94>
10000676:	e07c      	b.n	10000772 <irq_remove_handler+0x17e>
10000678:	004b      	lsls	r3, r1, #1
1000067a:	185b      	adds	r3, r3, r1
1000067c:	009b      	lsls	r3, r3, #2
1000067e:	18f3      	adds	r3, r6, r3
10000680:	6898      	ldr	r0, [r3, #8]
10000682:	4284      	cmp	r4, r0
10000684:	d02e      	beq.n	100006e4 <irq_remove_handler+0xf0>
10000686:	001a      	movs	r2, r3
10000688:	2106      	movs	r1, #6
1000068a:	5651      	ldrsb	r1, [r2, r1]
1000068c:	2900      	cmp	r1, #0
1000068e:	daf3      	bge.n	10000678 <irq_remove_handler+0x84>
10000690:	4284      	cmp	r4, r0
10000692:	d04d      	beq.n	10000730 <irq_remove_handler+0x13c>
10000694:	9b01      	ldr	r3, [sp, #4]
10000696:	2b00      	cmp	r3, #0
10000698:	d01f      	beq.n	100006da <irq_remove_handler+0xe6>
1000069a:	22c0      	movs	r2, #192	; 0xc0
1000069c:	4651      	mov	r1, sl
1000069e:	4b3e      	ldr	r3, [pc, #248]	; (10000798 <irq_remove_handler+0x1a4>)
100006a0:	0052      	lsls	r2, r2, #1
100006a2:	5099      	str	r1, [r3, r2]
100006a4:	6019      	str	r1, [r3, #0]
100006a6:	4b39      	ldr	r3, [pc, #228]	; (1000078c <irq_remove_handler+0x198>)
100006a8:	689b      	ldr	r3, [r3, #8]
100006aa:	51dd      	str	r5, [r3, r7]
100006ac:	f3bf 8f5f 	dmb	sy
100006b0:	f3bf 8f5f 	dmb	sy
100006b4:	2200      	movs	r2, #0
100006b6:	4b34      	ldr	r3, [pc, #208]	; (10000788 <irq_remove_handler+0x194>)
100006b8:	601a      	str	r2, [r3, #0]
100006ba:	f389 8810 	msr	PRIMASK, r9
100006be:	b003      	add	sp, #12
100006c0:	bcf0      	pop	{r4, r5, r6, r7}
100006c2:	46bb      	mov	fp, r7
100006c4:	46b2      	mov	sl, r6
100006c6:	46a9      	mov	r9, r5
100006c8:	46a0      	mov	r8, r4
100006ca:	bdf0      	pop	{r4, r5, r6, r7, pc}
100006cc:	0015      	movs	r5, r2
100006ce:	e7ea      	b.n	100006a6 <irq_remove_handler+0xb2>
100006d0:	4293      	cmp	r3, r2
100006d2:	d0ca      	beq.n	1000066a <irq_remove_handler+0x76>
100006d4:	f000 fee2 	bl	1000149c <hard_assertion_failure>
100006d8:	e7c7      	b.n	1000066a <irq_remove_handler+0x76>
100006da:	2380      	movs	r3, #128	; 0x80
100006dc:	4651      	mov	r1, sl
100006de:	4a2e      	ldr	r2, [pc, #184]	; (10000798 <irq_remove_handler+0x1a4>)
100006e0:	50d1      	str	r1, [r2, r3]
100006e2:	e7e0      	b.n	100006a6 <irq_remove_handler+0xb2>
100006e4:	2106      	movs	r1, #6
100006e6:	5659      	ldrsb	r1, [r3, r1]
100006e8:	2900      	cmp	r1, #0
100006ea:	db22      	blt.n	10000732 <irq_remove_handler+0x13e>
100006ec:	004a      	lsls	r2, r1, #1
100006ee:	1850      	adds	r0, r2, r1
100006f0:	0080      	lsls	r0, r0, #2
100006f2:	1834      	adds	r4, r6, r0
100006f4:	4680      	mov	r8, r0
100006f6:	68a0      	ldr	r0, [r4, #8]
100006f8:	6098      	str	r0, [r3, #8]
100006fa:	79e0      	ldrb	r0, [r4, #7]
100006fc:	71d8      	strb	r0, [r3, #7]
100006fe:	2006      	movs	r0, #6
10000700:	5620      	ldrsb	r0, [r4, r0]
10000702:	7198      	strb	r0, [r3, #6]
10000704:	2800      	cmp	r0, #0
10000706:	db25      	blt.n	10000754 <irq_remove_handler+0x160>
10000708:	88a4      	ldrh	r4, [r4, #4]
1000070a:	1af0      	subs	r0, r6, r3
1000070c:	0564      	lsls	r4, r4, #21
1000070e:	1524      	asrs	r4, r4, #20
10000710:	4444      	add	r4, r8
10000712:	1900      	adds	r0, r0, r4
10000714:	24e0      	movs	r4, #224	; 0xe0
10000716:	0500      	lsls	r0, r0, #20
10000718:	0d40      	lsrs	r0, r0, #21
1000071a:	0224      	lsls	r4, r4, #8
1000071c:	4320      	orrs	r0, r4
1000071e:	8098      	strh	r0, [r3, #4]
10000720:	1852      	adds	r2, r2, r1
10000722:	4b1e      	ldr	r3, [pc, #120]	; (1000079c <irq_remove_handler+0x1a8>)
10000724:	0092      	lsls	r2, r2, #2
10000726:	18b6      	adds	r6, r6, r2
10000728:	781a      	ldrb	r2, [r3, #0]
1000072a:	7019      	strb	r1, [r3, #0]
1000072c:	71b2      	strb	r2, [r6, #6]
1000072e:	e7b1      	b.n	10000694 <irq_remove_handler+0xa0>
10000730:	0013      	movs	r3, r2
10000732:	4659      	mov	r1, fp
10000734:	2900      	cmp	r1, #0
10000736:	d10f      	bne.n	10000758 <irq_remove_handler+0x164>
10000738:	31ff      	adds	r1, #255	; 0xff
1000073a:	7191      	strb	r1, [r2, #6]
1000073c:	4918      	ldr	r1, [pc, #96]	; (100007a0 <irq_remove_handler+0x1ac>)
1000073e:	8091      	strh	r1, [r2, #4]
10000740:	4916      	ldr	r1, [pc, #88]	; (1000079c <irq_remove_handler+0x1a8>)
10000742:	780a      	ldrb	r2, [r1, #0]
10000744:	719a      	strb	r2, [r3, #6]
10000746:	4a17      	ldr	r2, [pc, #92]	; (100007a4 <irq_remove_handler+0x1b0>)
10000748:	1b9b      	subs	r3, r3, r6
1000074a:	415b      	adcs	r3, r3
1000074c:	435a      	muls	r2, r3
1000074e:	0d12      	lsrs	r2, r2, #20
10000750:	700a      	strb	r2, [r1, #0]
10000752:	e79f      	b.n	10000694 <irq_remove_handler+0xa0>
10000754:	4814      	ldr	r0, [pc, #80]	; (100007a8 <irq_remove_handler+0x1b4>)
10000756:	e7e2      	b.n	1000071e <irq_remove_handler+0x12a>
10000758:	4a14      	ldr	r2, [pc, #80]	; (100007ac <irq_remove_handler+0x1b8>)
1000075a:	4915      	ldr	r1, [pc, #84]	; (100007b0 <irq_remove_handler+0x1bc>)
1000075c:	1ad2      	subs	r2, r2, r3
1000075e:	3a08      	subs	r2, #8
10000760:	0250      	lsls	r0, r2, #9
10000762:	0d40      	lsrs	r0, r0, #21
10000764:	4301      	orrs	r1, r0
10000766:	8099      	strh	r1, [r3, #4]
10000768:	4912      	ldr	r1, [pc, #72]	; (100007b4 <irq_remove_handler+0x1c0>)
1000076a:	0852      	lsrs	r2, r2, #1
1000076c:	430a      	orrs	r2, r1
1000076e:	80da      	strh	r2, [r3, #6]
10000770:	e790      	b.n	10000694 <irq_remove_handler+0xa0>
10000772:	2106      	movs	r1, #6
10000774:	5651      	ldrsb	r1, [r2, r1]
10000776:	0013      	movs	r3, r2
10000778:	2900      	cmp	r1, #0
1000077a:	dab7      	bge.n	100006ec <irq_remove_handler+0xf8>
1000077c:	465a      	mov	r2, fp
1000077e:	2a00      	cmp	r2, #0
10000780:	d1ea      	bne.n	10000758 <irq_remove_handler+0x164>
10000782:	4645      	mov	r5, r8
10000784:	e7dc      	b.n	10000740 <irq_remove_handler+0x14c>
10000786:	46c0      	nop			; (mov r8, r8)
10000788:	d0000124 	.word	0xd0000124
1000078c:	e000ed00 	.word	0xe000ed00
10000790:	100001cd 	.word	0x100001cd
10000794:	2000019c 	.word	0x2000019c
10000798:	e000e100 	.word	0xe000e100
1000079c:	2000063c 	.word	0x2000063c
100007a0:	ffffbd01 	.word	0xffffbd01
100007a4:	0000aaaa 	.word	0x0000aaaa
100007a8:	0000bd01 	.word	0x0000bd01
100007ac:	200001d6 	.word	0x200001d6
100007b0:	fffff000 	.word	0xfffff000
100007b4:	fffff800 	.word	0xfffff800

100007b8 <irq_add_tail_to_free_list>:
100007b8:	b570      	push	{r4, r5, r6, lr}
100007ba:	2401      	movs	r4, #1
100007bc:	4304      	orrs	r4, r0
100007be:	f3ef 8105 	mrs	r1, IPSR
100007c2:	f3ef 8c10 	mrs	ip, PRIMASK
100007c6:	b672      	cpsid	i
100007c8:	4a21      	ldr	r2, [pc, #132]	; (10000850 <irq_add_tail_to_free_list+0x98>)
100007ca:	6813      	ldr	r3, [r2, #0]
100007cc:	2b00      	cmp	r3, #0
100007ce:	d0fc      	beq.n	100007ca <irq_add_tail_to_free_list+0x12>
100007d0:	f3bf 8f5f 	dmb	sy
100007d4:	4b1f      	ldr	r3, [pc, #124]	; (10000854 <irq_add_tail_to_free_list+0x9c>)
100007d6:	0005      	movs	r5, r0
100007d8:	4a1f      	ldr	r2, [pc, #124]	; (10000858 <irq_add_tail_to_free_list+0xa0>)
100007da:	1aed      	subs	r5, r5, r3
100007dc:	416d      	adcs	r5, r5
100007de:	436a      	muls	r2, r5
100007e0:	0d12      	lsrs	r2, r2, #20
100007e2:	4d1e      	ldr	r5, [pc, #120]	; (1000085c <irq_add_tail_to_free_list+0xa4>)
100007e4:	0089      	lsls	r1, r1, #2
100007e6:	68ae      	ldr	r6, [r5, #8]
100007e8:	b252      	sxtb	r2, r2
100007ea:	5876      	ldr	r6, [r6, r1]
100007ec:	42a6      	cmp	r6, r4
100007ee:	d01c      	beq.n	1000082a <irq_add_tail_to_free_list+0x72>
100007f0:	2106      	movs	r1, #6
100007f2:	5659      	ldrsb	r1, [r3, r1]
100007f4:	4291      	cmp	r1, r2
100007f6:	d01c      	beq.n	10000832 <irq_add_tail_to_free_list+0x7a>
100007f8:	2112      	movs	r1, #18
100007fa:	5659      	ldrsb	r1, [r3, r1]
100007fc:	4291      	cmp	r1, r2
100007fe:	d022      	beq.n	10000846 <irq_add_tail_to_free_list+0x8e>
10000800:	211e      	movs	r1, #30
10000802:	5659      	ldrsb	r1, [r3, r1]
10000804:	4291      	cmp	r1, r2
10000806:	d020      	beq.n	1000084a <irq_add_tail_to_free_list+0x92>
10000808:	212a      	movs	r1, #42	; 0x2a
1000080a:	5659      	ldrsb	r1, [r3, r1]
1000080c:	2403      	movs	r4, #3
1000080e:	4291      	cmp	r1, r2
10000810:	d010      	beq.n	10000834 <irq_add_tail_to_free_list+0x7c>
10000812:	4b13      	ldr	r3, [pc, #76]	; (10000860 <irq_add_tail_to_free_list+0xa8>)
10000814:	7819      	ldrb	r1, [r3, #0]
10000816:	701a      	strb	r2, [r3, #0]
10000818:	7181      	strb	r1, [r0, #6]
1000081a:	f3bf 8f5f 	dmb	sy
1000081e:	2200      	movs	r2, #0
10000820:	4b0b      	ldr	r3, [pc, #44]	; (10000850 <irq_add_tail_to_free_list+0x98>)
10000822:	601a      	str	r2, [r3, #0]
10000824:	f38c 8810 	msr	PRIMASK, ip
10000828:	bd70      	pop	{r4, r5, r6, pc}
1000082a:	68ab      	ldr	r3, [r5, #8]
1000082c:	4c0d      	ldr	r4, [pc, #52]	; (10000864 <irq_add_tail_to_free_list+0xac>)
1000082e:	505c      	str	r4, [r3, r1]
10000830:	e7ef      	b.n	10000812 <irq_add_tail_to_free_list+0x5a>
10000832:	2400      	movs	r4, #0
10000834:	0061      	lsls	r1, r4, #1
10000836:	1909      	adds	r1, r1, r4
10000838:	0089      	lsls	r1, r1, #2
1000083a:	185b      	adds	r3, r3, r1
1000083c:	21ff      	movs	r1, #255	; 0xff
1000083e:	7199      	strb	r1, [r3, #6]
10000840:	4909      	ldr	r1, [pc, #36]	; (10000868 <irq_add_tail_to_free_list+0xb0>)
10000842:	8099      	strh	r1, [r3, #4]
10000844:	e7e5      	b.n	10000812 <irq_add_tail_to_free_list+0x5a>
10000846:	2401      	movs	r4, #1
10000848:	e7f4      	b.n	10000834 <irq_add_tail_to_free_list+0x7c>
1000084a:	2402      	movs	r4, #2
1000084c:	e7f2      	b.n	10000834 <irq_add_tail_to_free_list+0x7c>
1000084e:	46c0      	nop			; (mov r8, r8)
10000850:	d0000124 	.word	0xd0000124
10000854:	2000019c 	.word	0x2000019c
10000858:	0000aaaa 	.word	0x0000aaaa
1000085c:	e000ed00 	.word	0xe000ed00
10000860:	2000063c 	.word	0x2000063c
10000864:	100001cd 	.word	0x100001cd
10000868:	ffffbd01 	.word	0xffffbd01

1000086c <lock_init>:
1000086c:	4b02      	ldr	r3, [pc, #8]	; (10000878 <lock_init+0xc>)
1000086e:	469c      	mov	ip, r3
10000870:	4461      	add	r1, ip
10000872:	0089      	lsls	r1, r1, #2
10000874:	6001      	str	r1, [r0, #0]
10000876:	4770      	bx	lr
10000878:	34000040 	.word	0x34000040

1000087c <runtime_init_mutex>:
1000087c:	b5f8      	push	{r3, r4, r5, r6, r7, lr}
1000087e:	4d13      	ldr	r5, [pc, #76]	; (100008cc <runtime_init_mutex+0x50>)
10000880:	4e13      	ldr	r6, [pc, #76]	; (100008d0 <runtime_init_mutex+0x54>)
10000882:	002c      	movs	r4, r5
10000884:	27ff      	movs	r7, #255	; 0xff
10000886:	42b5      	cmp	r5, r6
10000888:	d21e      	bcs.n	100008c8 <runtime_init_mutex+0x4c>
1000088a:	6823      	ldr	r3, [r4, #0]
1000088c:	2b00      	cmp	r3, #0
1000088e:	d00f      	beq.n	100008b0 <runtime_init_mutex+0x34>
10000890:	f7ff fe48 	bl	10000524 <next_striped_spin_lock_num>
10000894:	0001      	movs	r1, r0
10000896:	0028      	movs	r0, r5
10000898:	f7ff ffe8 	bl	1000086c <lock_init>
1000089c:	80a7      	strh	r7, [r4, #4]
1000089e:	f3bf 8f5f 	dmb	sy
100008a2:	3408      	adds	r4, #8
100008a4:	42b4      	cmp	r4, r6
100008a6:	d20f      	bcs.n	100008c8 <runtime_init_mutex+0x4c>
100008a8:	6823      	ldr	r3, [r4, #0]
100008aa:	0025      	movs	r5, r4
100008ac:	2b00      	cmp	r3, #0
100008ae:	d1ef      	bne.n	10000890 <runtime_init_mutex+0x14>
100008b0:	f7ff fe38 	bl	10000524 <next_striped_spin_lock_num>
100008b4:	0001      	movs	r1, r0
100008b6:	0028      	movs	r0, r5
100008b8:	f7ff ffd8 	bl	1000086c <lock_init>
100008bc:	7127      	strb	r7, [r4, #4]
100008be:	f3bf 8f5f 	dmb	sy
100008c2:	3408      	adds	r4, #8
100008c4:	42b4      	cmp	r4, r6
100008c6:	d3ef      	bcc.n	100008a8 <runtime_init_mutex+0x2c>
100008c8:	bdf8      	pop	{r3, r4, r5, r6, r7, pc}
100008ca:	46c0      	nop			; (mov r8, r8)
100008cc:	20000238 	.word	0x20000238
100008d0:	20000240 	.word	0x20000240

100008d4 <sleep_until_callback>:
100008d4:	4b0a      	ldr	r3, [pc, #40]	; (10000900 <sleep_until_callback+0x2c>)
100008d6:	6819      	ldr	r1, [r3, #0]
100008d8:	f3ef 8010 	mrs	r0, PRIMASK
100008dc:	b672      	cpsid	i
100008de:	680a      	ldr	r2, [r1, #0]
100008e0:	2a00      	cmp	r2, #0
100008e2:	d0fc      	beq.n	100008de <sleep_until_callback+0xa>
100008e4:	f3bf 8f5f 	dmb	sy
100008e8:	681b      	ldr	r3, [r3, #0]
100008ea:	f3bf 8f5f 	dmb	sy
100008ee:	2200      	movs	r2, #0
100008f0:	601a      	str	r2, [r3, #0]
100008f2:	f380 8810 	msr	PRIMASK, r0
100008f6:	bf40      	sev
100008f8:	2000      	movs	r0, #0
100008fa:	2100      	movs	r1, #0
100008fc:	4770      	bx	lr
100008fe:	46c0      	nop			; (mov r8, r8)
10000900:	20000630 	.word	0x20000630

10000904 <alarm_pool_irq_handler>:
10000904:	b5f0      	push	{r4, r5, r6, r7, lr}
10000906:	46de      	mov	lr, fp
10000908:	4657      	mov	r7, sl
1000090a:	464e      	mov	r6, r9
1000090c:	4645      	mov	r5, r8
1000090e:	b5e0      	push	{r5, r6, r7, lr}
10000910:	b085      	sub	sp, #20
10000912:	f3ef 8305 	mrs	r3, IPSR
10000916:	2203      	movs	r2, #3
10000918:	401a      	ands	r2, r3
1000091a:	4baf      	ldr	r3, [pc, #700]	; (10000bd8 <alarm_pool_irq_handler+0x2d4>)
1000091c:	4691      	mov	r9, r2
1000091e:	0092      	lsls	r2, r2, #2
10000920:	58d3      	ldr	r3, [r2, r3]
10000922:	48ae      	ldr	r0, [pc, #696]	; (10000bdc <alarm_pool_irq_handler+0x2d8>)
10000924:	4698      	mov	r8, r3
10000926:	f000 fb7d 	bl	10001024 <timer_time_us_64>
1000092a:	0002      	movs	r2, r0
1000092c:	000b      	movs	r3, r1
1000092e:	4648      	mov	r0, r9
10000930:	2101      	movs	r1, #1
10000932:	4081      	lsls	r1, r0
10000934:	0008      	movs	r0, r1
10000936:	9103      	str	r1, [sp, #12]
10000938:	49a9      	ldr	r1, [pc, #676]	; (10000be0 <alarm_pool_irq_handler+0x2dc>)
1000093a:	6008      	str	r0, [r1, #0]
1000093c:	4641      	mov	r1, r8
1000093e:	2008      	movs	r0, #8
10000940:	5e09      	ldrsh	r1, [r1, r0]
10000942:	468a      	mov	sl, r1
10000944:	e025      	b.n	10000992 <alarm_pool_irq_handler+0x8e>
10000946:	4643      	mov	r3, r8
10000948:	799b      	ldrb	r3, [r3, #6]
1000094a:	2b00      	cmp	r3, #0
1000094c:	d000      	beq.n	10000950 <alarm_pool_irq_handler+0x4c>
1000094e:	e0c7      	b.n	10000ae0 <alarm_pool_irq_handler+0x1dc>
10000950:	4ca2      	ldr	r4, [pc, #648]	; (10000bdc <alarm_pool_irq_handler+0x2d8>)
10000952:	0020      	movs	r0, r4
10000954:	f000 fb66 	bl	10001024 <timer_time_us_64>
10000958:	000b      	movs	r3, r1
1000095a:	4641      	mov	r1, r8
1000095c:	0002      	movs	r2, r0
1000095e:	2008      	movs	r0, #8
10000960:	5e09      	ldrsh	r1, [r1, r0]
10000962:	468a      	mov	sl, r1
10000964:	2900      	cmp	r1, #0
10000966:	da00      	bge.n	1000096a <alarm_pool_irq_handler+0x66>
10000968:	e108      	b.n	10000b7c <alarm_pool_irq_handler+0x278>
1000096a:	4640      	mov	r0, r8
1000096c:	6940      	ldr	r0, [r0, #20]
1000096e:	464d      	mov	r5, r9
10000970:	4684      	mov	ip, r0
10000972:	0049      	lsls	r1, r1, #1
10000974:	4451      	add	r1, sl
10000976:	00c9      	lsls	r1, r1, #3
10000978:	3504      	adds	r5, #4
1000097a:	4461      	add	r1, ip
1000097c:	00ad      	lsls	r5, r5, #2
1000097e:	6888      	ldr	r0, [r1, #8]
10000980:	68c9      	ldr	r1, [r1, #12]
10000982:	5128      	str	r0, [r5, r4]
10000984:	1a80      	subs	r0, r0, r2
10000986:	4199      	sbcs	r1, r3
10000988:	2900      	cmp	r1, #0
1000098a:	dd00      	ble.n	1000098e <alarm_pool_irq_handler+0x8a>
1000098c:	e0f6      	b.n	10000b7c <alarm_pool_irq_handler+0x278>
1000098e:	d100      	bne.n	10000992 <alarm_pool_irq_handler+0x8e>
10000990:	e0f1      	b.n	10000b76 <alarm_pool_irq_handler+0x272>
10000992:	4992      	ldr	r1, [pc, #584]	; (10000bdc <alarm_pool_irq_handler+0x2d8>)
10000994:	9803      	ldr	r0, [sp, #12]
10000996:	6348      	str	r0, [r1, #52]	; 0x34
10000998:	4651      	mov	r1, sl
1000099a:	2900      	cmp	r1, #0
1000099c:	db44      	blt.n	10000a28 <alarm_pool_irq_handler+0x124>
1000099e:	4640      	mov	r0, r8
100009a0:	6940      	ldr	r0, [r0, #20]
100009a2:	0049      	lsls	r1, r1, #1
100009a4:	4683      	mov	fp, r0
100009a6:	4451      	add	r1, sl
100009a8:	00c9      	lsls	r1, r1, #3
100009aa:	448b      	add	fp, r1
100009ac:	4659      	mov	r1, fp
100009ae:	688e      	ldr	r6, [r1, #8]
100009b0:	68cf      	ldr	r7, [r1, #12]
100009b2:	1b92      	subs	r2, r2, r6
100009b4:	41bb      	sbcs	r3, r7
100009b6:	2b00      	cmp	r3, #0
100009b8:	db36      	blt.n	10000a28 <alarm_pool_irq_handler+0x124>
100009ba:	2f00      	cmp	r7, #0
100009bc:	da00      	bge.n	100009c0 <alarm_pool_irq_handler+0xbc>
100009be:	e0be      	b.n	10000b3e <alarm_pool_irq_handler+0x23a>
100009c0:	690b      	ldr	r3, [r1, #16]
100009c2:	4a88      	ldr	r2, [pc, #544]	; (10000be4 <alarm_pool_irq_handler+0x2e0>)
100009c4:	4293      	cmp	r3, r2
100009c6:	d100      	bne.n	100009ca <alarm_pool_irq_handler+0xc6>
100009c8:	e0df      	b.n	10000b8a <alarm_pool_irq_handler+0x286>
100009ca:	884a      	ldrh	r2, [r1, #2]
100009cc:	4651      	mov	r1, sl
100009ce:	0408      	lsls	r0, r1, #16
100009d0:	4310      	orrs	r0, r2
100009d2:	465a      	mov	r2, fp
100009d4:	6951      	ldr	r1, [r2, #20]
100009d6:	4798      	blx	r3
100009d8:	0004      	movs	r4, r0
100009da:	000d      	movs	r5, r1
100009dc:	0023      	movs	r3, r4
100009de:	432b      	orrs	r3, r5
100009e0:	d100      	bne.n	100009e4 <alarm_pool_irq_handler+0xe0>
100009e2:	e0ac      	b.n	10000b3e <alarm_pool_irq_handler+0x23a>
100009e4:	1b36      	subs	r6, r6, r4
100009e6:	41af      	sbcs	r7, r5
100009e8:	2d00      	cmp	r5, #0
100009ea:	db06      	blt.n	100009fa <alarm_pool_irq_handler+0xf6>
100009ec:	487b      	ldr	r0, [pc, #492]	; (10000bdc <alarm_pool_irq_handler+0x2d8>)
100009ee:	f000 fb19 	bl	10001024 <timer_time_us_64>
100009f2:	1900      	adds	r0, r0, r4
100009f4:	4169      	adcs	r1, r5
100009f6:	0006      	movs	r6, r0
100009f8:	000f      	movs	r7, r1
100009fa:	465b      	mov	r3, fp
100009fc:	609e      	str	r6, [r3, #8]
100009fe:	60df      	str	r7, [r3, #12]
10000a00:	2100      	movs	r1, #0
10000a02:	5e59      	ldrsh	r1, [r3, r1]
10000a04:	2900      	cmp	r1, #0
10000a06:	db0f      	blt.n	10000a28 <alarm_pool_irq_handler+0x124>
10000a08:	4643      	mov	r3, r8
10000a0a:	695b      	ldr	r3, [r3, #20]
10000a0c:	0032      	movs	r2, r6
10000a0e:	469c      	mov	ip, r3
10000a10:	003b      	movs	r3, r7
10000a12:	0048      	lsls	r0, r1, #1
10000a14:	1840      	adds	r0, r0, r1
10000a16:	00c0      	lsls	r0, r0, #3
10000a18:	4460      	add	r0, ip
10000a1a:	6884      	ldr	r4, [r0, #8]
10000a1c:	68c5      	ldr	r5, [r0, #12]
10000a1e:	1b12      	subs	r2, r2, r4
10000a20:	41ab      	sbcs	r3, r5
10000a22:	2b00      	cmp	r3, #0
10000a24:	db00      	blt.n	10000a28 <alarm_pool_irq_handler+0x124>
10000a26:	e0b9      	b.n	10000b9c <alarm_pool_irq_handler+0x298>
10000a28:	4643      	mov	r3, r8
10000a2a:	889b      	ldrh	r3, [r3, #4]
10000a2c:	b21b      	sxth	r3, r3
10000a2e:	2b00      	cmp	r3, #0
10000a30:	db89      	blt.n	10000946 <alarm_pool_irq_handler+0x42>
10000a32:	4643      	mov	r3, r8
10000a34:	691a      	ldr	r2, [r3, #16]
10000a36:	f3ef 8110 	mrs	r1, PRIMASK
10000a3a:	b672      	cpsid	i
10000a3c:	6813      	ldr	r3, [r2, #0]
10000a3e:	2b00      	cmp	r3, #0
10000a40:	d0fc      	beq.n	10000a3c <alarm_pool_irq_handler+0x138>
10000a42:	f3bf 8f5f 	dmb	sy
10000a46:	4643      	mov	r3, r8
10000a48:	889b      	ldrh	r3, [r3, #4]
10000a4a:	4642      	mov	r2, r8
10000a4c:	b21b      	sxth	r3, r3
10000a4e:	469a      	mov	sl, r3
10000a50:	2301      	movs	r3, #1
10000a52:	425b      	negs	r3, r3
10000a54:	8093      	strh	r3, [r2, #4]
10000a56:	6913      	ldr	r3, [r2, #16]
10000a58:	f3bf 8f5f 	dmb	sy
10000a5c:	2200      	movs	r2, #0
10000a5e:	601a      	str	r2, [r3, #0]
10000a60:	f381 8810 	msr	PRIMASK, r1
10000a64:	4653      	mov	r3, sl
10000a66:	2b00      	cmp	r3, #0
10000a68:	da00      	bge.n	10000a6c <alarm_pool_irq_handler+0x168>
10000a6a:	e76c      	b.n	10000946 <alarm_pool_irq_handler+0x42>
10000a6c:	4643      	mov	r3, r8
10000a6e:	695b      	ldr	r3, [r3, #20]
10000a70:	469c      	mov	ip, r3
10000a72:	2308      	movs	r3, #8
10000a74:	4443      	add	r3, r8
10000a76:	469b      	mov	fp, r3
10000a78:	4653      	mov	r3, sl
10000a7a:	005f      	lsls	r7, r3, #1
10000a7c:	4643      	mov	r3, r8
10000a7e:	4457      	add	r7, sl
10000a80:	00ff      	lsls	r7, r7, #3
10000a82:	2208      	movs	r2, #8
10000a84:	5e9a      	ldrsh	r2, [r3, r2]
10000a86:	4467      	add	r7, ip
10000a88:	465e      	mov	r6, fp
10000a8a:	68bc      	ldr	r4, [r7, #8]
10000a8c:	68fd      	ldr	r5, [r7, #12]
10000a8e:	2a00      	cmp	r2, #0
10000a90:	db19      	blt.n	10000ac6 <alarm_pool_irq_handler+0x1c2>
10000a92:	003b      	movs	r3, r7
10000a94:	9400      	str	r4, [sp, #0]
10000a96:	9501      	str	r5, [sp, #4]
10000a98:	4667      	mov	r7, ip
10000a9a:	469c      	mov	ip, r3
10000a9c:	e004      	b.n	10000aa8 <alarm_pool_irq_handler+0x1a4>
10000a9e:	001e      	movs	r6, r3
10000aa0:	2300      	movs	r3, #0
10000aa2:	5ef2      	ldrsh	r2, [r6, r3]
10000aa4:	2a00      	cmp	r2, #0
10000aa6:	db0b      	blt.n	10000ac0 <alarm_pool_irq_handler+0x1bc>
10000aa8:	9800      	ldr	r0, [sp, #0]
10000aaa:	9901      	ldr	r1, [sp, #4]
10000aac:	0053      	lsls	r3, r2, #1
10000aae:	189b      	adds	r3, r3, r2
10000ab0:	00db      	lsls	r3, r3, #3
10000ab2:	18fb      	adds	r3, r7, r3
10000ab4:	689c      	ldr	r4, [r3, #8]
10000ab6:	68dd      	ldr	r5, [r3, #12]
10000ab8:	1b00      	subs	r0, r0, r4
10000aba:	41a9      	sbcs	r1, r5
10000abc:	2900      	cmp	r1, #0
10000abe:	daee      	bge.n	10000a9e <alarm_pool_irq_handler+0x19a>
10000ac0:	4663      	mov	r3, ip
10000ac2:	46bc      	mov	ip, r7
10000ac4:	001f      	movs	r7, r3
10000ac6:	4653      	mov	r3, sl
10000ac8:	8033      	strh	r3, [r6, #0]
10000aca:	2100      	movs	r1, #0
10000acc:	5e7b      	ldrsh	r3, [r7, r1]
10000ace:	803a      	strh	r2, [r7, #0]
10000ad0:	469a      	mov	sl, r3
10000ad2:	2b00      	cmp	r3, #0
10000ad4:	dad0      	bge.n	10000a78 <alarm_pool_irq_handler+0x174>
10000ad6:	4643      	mov	r3, r8
10000ad8:	799b      	ldrb	r3, [r3, #6]
10000ada:	2b00      	cmp	r3, #0
10000adc:	d100      	bne.n	10000ae0 <alarm_pool_irq_handler+0x1dc>
10000ade:	e737      	b.n	10000950 <alarm_pool_irq_handler+0x4c>
10000ae0:	2300      	movs	r3, #0
10000ae2:	4642      	mov	r2, r8
10000ae4:	7193      	strb	r3, [r2, #6]
10000ae6:	4643      	mov	r3, r8
10000ae8:	4645      	mov	r5, r8
10000aea:	2108      	movs	r1, #8
10000aec:	5e59      	ldrsh	r1, [r3, r1]
10000aee:	3508      	adds	r5, #8
10000af0:	1c4b      	adds	r3, r1, #1
10000af2:	d100      	bne.n	10000af6 <alarm_pool_irq_handler+0x1f2>
10000af4:	e72c      	b.n	10000950 <alarm_pool_irq_handler+0x4c>
10000af6:	46c4      	mov	ip, r8
10000af8:	6954      	ldr	r4, [r2, #20]
10000afa:	e002      	b.n	10000b02 <alarm_pool_irq_handler+0x1fe>
10000afc:	0005      	movs	r5, r0
10000afe:	1c4b      	adds	r3, r1, #1
10000b00:	d01b      	beq.n	10000b3a <alarm_pool_irq_handler+0x236>
10000b02:	004b      	lsls	r3, r1, #1
10000b04:	185b      	adds	r3, r3, r1
10000b06:	00db      	lsls	r3, r3, #3
10000b08:	18e0      	adds	r0, r4, r3
10000b0a:	000a      	movs	r2, r1
10000b0c:	5ee1      	ldrsh	r1, [r4, r3]
10000b0e:	8843      	ldrh	r3, [r0, #2]
10000b10:	b21b      	sxth	r3, r3
10000b12:	2b00      	cmp	r3, #0
10000b14:	daf2      	bge.n	10000afc <alarm_pool_irq_handler+0x1f8>
10000b16:	2601      	movs	r6, #1
10000b18:	4276      	negs	r6, r6
10000b1a:	17f7      	asrs	r7, r6, #31
10000b1c:	4663      	mov	r3, ip
10000b1e:	6086      	str	r6, [r0, #8]
10000b20:	60c7      	str	r7, [r0, #12]
10000b22:	2608      	movs	r6, #8
10000b24:	5f9b      	ldrsh	r3, [r3, r6]
10000b26:	4293      	cmp	r3, r2
10000b28:	d0e9      	beq.n	10000afe <alarm_pool_irq_handler+0x1fa>
10000b2a:	4663      	mov	r3, ip
10000b2c:	8029      	strh	r1, [r5, #0]
10000b2e:	891b      	ldrh	r3, [r3, #8]
10000b30:	8003      	strh	r3, [r0, #0]
10000b32:	4663      	mov	r3, ip
10000b34:	811a      	strh	r2, [r3, #8]
10000b36:	1c4b      	adds	r3, r1, #1
10000b38:	d1e3      	bne.n	10000b02 <alarm_pool_irq_handler+0x1fe>
10000b3a:	46e0      	mov	r8, ip
10000b3c:	e708      	b.n	10000950 <alarm_pool_irq_handler+0x4c>
10000b3e:	465b      	mov	r3, fp
10000b40:	4642      	mov	r2, r8
10000b42:	881b      	ldrh	r3, [r3, #0]
10000b44:	8113      	strh	r3, [r2, #8]
10000b46:	6912      	ldr	r2, [r2, #16]
10000b48:	f3ef 8310 	mrs	r3, PRIMASK
10000b4c:	b672      	cpsid	i
10000b4e:	6811      	ldr	r1, [r2, #0]
10000b50:	2900      	cmp	r1, #0
10000b52:	d0fc      	beq.n	10000b4e <alarm_pool_irq_handler+0x24a>
10000b54:	f3bf 8f5f 	dmb	sy
10000b58:	4642      	mov	r2, r8
10000b5a:	4659      	mov	r1, fp
10000b5c:	8852      	ldrh	r2, [r2, #2]
10000b5e:	800a      	strh	r2, [r1, #0]
10000b60:	4642      	mov	r2, r8
10000b62:	4651      	mov	r1, sl
10000b64:	8051      	strh	r1, [r2, #2]
10000b66:	6912      	ldr	r2, [r2, #16]
10000b68:	f3bf 8f5f 	dmb	sy
10000b6c:	2100      	movs	r1, #0
10000b6e:	6011      	str	r1, [r2, #0]
10000b70:	f383 8810 	msr	PRIMASK, r3
10000b74:	e758      	b.n	10000a28 <alarm_pool_irq_handler+0x124>
10000b76:	2800      	cmp	r0, #0
10000b78:	d100      	bne.n	10000b7c <alarm_pool_irq_handler+0x278>
10000b7a:	e70a      	b.n	10000992 <alarm_pool_irq_handler+0x8e>
10000b7c:	b005      	add	sp, #20
10000b7e:	bcf0      	pop	{r4, r5, r6, r7}
10000b80:	46bb      	mov	fp, r7
10000b82:	46b2      	mov	sl, r6
10000b84:	46a9      	mov	r9, r5
10000b86:	46a0      	mov	r8, r4
10000b88:	bdf0      	pop	{r4, r5, r6, r7, pc}
10000b8a:	694c      	ldr	r4, [r1, #20]
10000b8c:	0020      	movs	r0, r4
10000b8e:	6923      	ldr	r3, [r4, #16]
10000b90:	4798      	blx	r3
10000b92:	2800      	cmp	r0, #0
10000b94:	d0d3      	beq.n	10000b3e <alarm_pool_irq_handler+0x23a>
10000b96:	6865      	ldr	r5, [r4, #4]
10000b98:	6824      	ldr	r4, [r4, #0]
10000b9a:	e71f      	b.n	100009dc <alarm_pool_irq_handler+0xd8>
10000b9c:	4643      	mov	r3, r8
10000b9e:	4664      	mov	r4, ip
10000ba0:	0002      	movs	r2, r0
10000ba2:	9600      	str	r6, [sp, #0]
10000ba4:	9701      	str	r7, [sp, #4]
10000ba6:	8119      	strh	r1, [r3, #8]
10000ba8:	e00c      	b.n	10000bc4 <alarm_pool_irq_handler+0x2c0>
10000baa:	006b      	lsls	r3, r5, #1
10000bac:	195b      	adds	r3, r3, r5
10000bae:	00db      	lsls	r3, r3, #3
10000bb0:	18e3      	adds	r3, r4, r3
10000bb2:	9800      	ldr	r0, [sp, #0]
10000bb4:	9901      	ldr	r1, [sp, #4]
10000bb6:	689e      	ldr	r6, [r3, #8]
10000bb8:	68df      	ldr	r7, [r3, #12]
10000bba:	1b80      	subs	r0, r0, r6
10000bbc:	41b9      	sbcs	r1, r7
10000bbe:	2900      	cmp	r1, #0
10000bc0:	db04      	blt.n	10000bcc <alarm_pool_irq_handler+0x2c8>
10000bc2:	001a      	movs	r2, r3
10000bc4:	2300      	movs	r3, #0
10000bc6:	5ed5      	ldrsh	r5, [r2, r3]
10000bc8:	2d00      	cmp	r5, #0
10000bca:	daee      	bge.n	10000baa <alarm_pool_irq_handler+0x2a6>
10000bcc:	465b      	mov	r3, fp
10000bce:	801d      	strh	r5, [r3, #0]
10000bd0:	4653      	mov	r3, sl
10000bd2:	8013      	strh	r3, [r2, #0]
10000bd4:	e728      	b.n	10000a28 <alarm_pool_irq_handler+0x124>
10000bd6:	46c0      	nop			; (mov r8, r8)
10000bd8:	2000061c 	.word	0x2000061c
10000bdc:	40054000 	.word	0x40054000
10000be0:	4005703c 	.word	0x4005703c
10000be4:	10000905 	.word	0x10000905

10000be8 <runtime_init_default_alarm_pool>:
10000be8:	b570      	push	{r4, r5, r6, lr}
10000bea:	4c2e      	ldr	r4, [pc, #184]	; (10000ca4 <runtime_init_default_alarm_pool+0xbc>)
10000bec:	6925      	ldr	r5, [r4, #16]
10000bee:	2d00      	cmp	r5, #0
10000bf0:	d004      	beq.n	10000bfc <runtime_init_default_alarm_pool+0x14>
10000bf2:	210a      	movs	r1, #10
10000bf4:	482c      	ldr	r0, [pc, #176]	; (10000ca8 <runtime_init_default_alarm_pool+0xc0>)
10000bf6:	f7ff fe39 	bl	1000086c <lock_init>
10000bfa:	bd70      	pop	{r4, r5, r6, pc}
10000bfc:	4e2b      	ldr	r6, [pc, #172]	; (10000cac <runtime_init_default_alarm_pool+0xc4>)
10000bfe:	2103      	movs	r1, #3
10000c00:	0030      	movs	r0, r6
10000c02:	f000 fa05 	bl	10001010 <timer_hardware_alarm_claim>
10000c06:	60e6      	str	r6, [r4, #12]
10000c08:	f7ff fc8c 	bl	10000524 <next_striped_spin_lock_num>
10000c0c:	4b28      	ldr	r3, [pc, #160]	; (10000cb0 <runtime_init_default_alarm_pool+0xc8>)
10000c0e:	2203      	movs	r2, #3
10000c10:	469c      	mov	ip, r3
10000c12:	23d0      	movs	r3, #208	; 0xd0
10000c14:	7022      	strb	r2, [r4, #0]
10000c16:	061b      	lsls	r3, r3, #24
10000c18:	681b      	ldr	r3, [r3, #0]
10000c1a:	2101      	movs	r1, #1
10000c1c:	7063      	strb	r3, [r4, #1]
10000c1e:	4b25      	ldr	r3, [pc, #148]	; (10000cb4 <runtime_init_default_alarm_pool+0xcc>)
10000c20:	4460      	add	r0, ip
10000c22:	60a3      	str	r3, [r4, #8]
10000c24:	230f      	movs	r3, #15
10000c26:	0080      	lsls	r0, r0, #2
10000c28:	6120      	str	r0, [r4, #16]
10000c2a:	2002      	movs	r0, #2
10000c2c:	8063      	strh	r3, [r4, #2]
10000c2e:	6963      	ldr	r3, [r4, #20]
10000c30:	4249      	negs	r1, r1
10000c32:	80a1      	strh	r1, [r4, #4]
10000c34:	8019      	strh	r1, [r3, #0]
10000c36:	3102      	adds	r1, #2
10000c38:	8619      	strh	r1, [r3, #48]	; 0x30
10000c3a:	3147      	adds	r1, #71	; 0x47
10000c3c:	831d      	strh	r5, [r3, #24]
10000c3e:	5258      	strh	r0, [r3, r1]
10000c40:	3118      	adds	r1, #24
10000c42:	525a      	strh	r2, [r3, r1]
10000c44:	3275      	adds	r2, #117	; 0x75
10000c46:	395c      	subs	r1, #92	; 0x5c
10000c48:	5299      	strh	r1, [r3, r2]
10000c4a:	3218      	adds	r2, #24
10000c4c:	3101      	adds	r1, #1
10000c4e:	5299      	strh	r1, [r3, r2]
10000c50:	3218      	adds	r2, #24
10000c52:	3101      	adds	r1, #1
10000c54:	5299      	strh	r1, [r3, r2]
10000c56:	3218      	adds	r2, #24
10000c58:	3101      	adds	r1, #1
10000c5a:	5299      	strh	r1, [r3, r2]
10000c5c:	3508      	adds	r5, #8
10000c5e:	3218      	adds	r2, #24
10000c60:	529d      	strh	r5, [r3, r2]
10000c62:	3102      	adds	r1, #2
10000c64:	3218      	adds	r2, #24
10000c66:	5299      	strh	r1, [r3, r2]
10000c68:	3218      	adds	r2, #24
10000c6a:	3101      	adds	r1, #1
10000c6c:	5299      	strh	r1, [r3, r2]
10000c6e:	3218      	adds	r2, #24
10000c70:	3101      	adds	r1, #1
10000c72:	5299      	strh	r1, [r3, r2]
10000c74:	3218      	adds	r2, #24
10000c76:	3101      	adds	r1, #1
10000c78:	5299      	strh	r1, [r3, r2]
10000c7a:	3218      	adds	r2, #24
10000c7c:	3101      	adds	r1, #1
10000c7e:	5299      	strh	r1, [r3, r2]
10000c80:	3218      	adds	r2, #24
10000c82:	3101      	adds	r1, #1
10000c84:	5299      	strh	r1, [r3, r2]
10000c86:	4b0c      	ldr	r3, [pc, #48]	; (10000cb8 <runtime_init_default_alarm_pool+0xd0>)
10000c88:	490c      	ldr	r1, [pc, #48]	; (10000cbc <runtime_init_default_alarm_pool+0xd4>)
10000c8a:	60dc      	str	r4, [r3, #12]
10000c8c:	3001      	adds	r0, #1
10000c8e:	6235      	str	r5, [r6, #32]
10000c90:	f7ff fc86 	bl	100005a0 <irq_set_exclusive_handler>
10000c94:	2101      	movs	r1, #1
10000c96:	2003      	movs	r0, #3
10000c98:	f7ff fc70 	bl	1000057c <irq_set_enabled>
10000c9c:	4b08      	ldr	r3, [pc, #32]	; (10000cc0 <runtime_init_default_alarm_pool+0xd8>)
10000c9e:	601d      	str	r5, [r3, #0]
10000ca0:	e7a7      	b.n	10000bf2 <runtime_init_default_alarm_pool+0xa>
10000ca2:	46c0      	nop			; (mov r8, r8)
10000ca4:	200001e4 	.word	0x200001e4
10000ca8:	20000630 	.word	0x20000630
10000cac:	40054000 	.word	0x40054000
10000cb0:	34000040 	.word	0x34000040
10000cb4:	0010ffff 	.word	0x0010ffff
10000cb8:	2000061c 	.word	0x2000061c
10000cbc:	10000905 	.word	0x10000905
10000cc0:	40056038 	.word	0x40056038

10000cc4 <alarm_pool_add_alarm_at_force_in_context>:
10000cc4:	b570      	push	{r4, r5, r6, lr}
10000cc6:	46c6      	mov	lr, r8
10000cc8:	0001      	movs	r1, r0
10000cca:	b500      	push	{lr}
10000ccc:	6904      	ldr	r4, [r0, #16]
10000cce:	f3ef 8c10 	mrs	ip, PRIMASK
10000cd2:	b672      	cpsid	i
10000cd4:	6820      	ldr	r0, [r4, #0]
10000cd6:	2800      	cmp	r0, #0
10000cd8:	d0fc      	beq.n	10000cd4 <alarm_pool_add_alarm_at_force_in_context+0x10>
10000cda:	f3bf 8f5f 	dmb	sy
10000cde:	2002      	movs	r0, #2
10000ce0:	5e0d      	ldrsh	r5, [r1, r0]
10000ce2:	6948      	ldr	r0, [r1, #20]
10000ce4:	006c      	lsls	r4, r5, #1
10000ce6:	4680      	mov	r8, r0
10000ce8:	1964      	adds	r4, r4, r5
10000cea:	00e4      	lsls	r4, r4, #3
10000cec:	4444      	add	r4, r8
10000cee:	2d00      	cmp	r5, #0
10000cf0:	db01      	blt.n	10000cf6 <alarm_pool_add_alarm_at_force_in_context+0x32>
10000cf2:	8820      	ldrh	r0, [r4, #0]
10000cf4:	8048      	strh	r0, [r1, #2]
10000cf6:	6908      	ldr	r0, [r1, #16]
10000cf8:	f3bf 8f5f 	dmb	sy
10000cfc:	2600      	movs	r6, #0
10000cfe:	6006      	str	r6, [r0, #0]
10000d00:	f38c 8810 	msr	PRIMASK, ip
10000d04:	2d00      	cmp	r5, #0
10000d06:	db30      	blt.n	10000d6a <alarm_pool_add_alarm_at_force_in_context+0xa6>
10000d08:	60e3      	str	r3, [r4, #12]
10000d0a:	8863      	ldrh	r3, [r4, #2]
10000d0c:	9805      	ldr	r0, [sp, #20]
10000d0e:	3301      	adds	r3, #1
10000d10:	6120      	str	r0, [r4, #16]
10000d12:	045b      	lsls	r3, r3, #17
10000d14:	9806      	ldr	r0, [sp, #24]
10000d16:	0c5b      	lsrs	r3, r3, #17
10000d18:	60a2      	str	r2, [r4, #8]
10000d1a:	6160      	str	r0, [r4, #20]
10000d1c:	1c1a      	adds	r2, r3, #0
10000d1e:	2b00      	cmp	r3, #0
10000d20:	d021      	beq.n	10000d66 <alarm_pool_add_alarm_at_force_in_context+0xa2>
10000d22:	b290      	uxth	r0, r2
10000d24:	042b      	lsls	r3, r5, #16
10000d26:	8062      	strh	r2, [r4, #2]
10000d28:	4318      	orrs	r0, r3
10000d2a:	690a      	ldr	r2, [r1, #16]
10000d2c:	f3ef 8610 	mrs	r6, PRIMASK
10000d30:	b672      	cpsid	i
10000d32:	6813      	ldr	r3, [r2, #0]
10000d34:	2b00      	cmp	r3, #0
10000d36:	d0fc      	beq.n	10000d32 <alarm_pool_add_alarm_at_force_in_context+0x6e>
10000d38:	f3bf 8f5f 	dmb	sy
10000d3c:	888b      	ldrh	r3, [r1, #4]
10000d3e:	8023      	strh	r3, [r4, #0]
10000d40:	808d      	strh	r5, [r1, #4]
10000d42:	690b      	ldr	r3, [r1, #16]
10000d44:	f3bf 8f5f 	dmb	sy
10000d48:	2200      	movs	r2, #0
10000d4a:	601a      	str	r2, [r3, #0]
10000d4c:	f386 8810 	msr	PRIMASK, r6
10000d50:	780b      	ldrb	r3, [r1, #0]
10000d52:	3201      	adds	r2, #1
10000d54:	409a      	lsls	r2, r3
10000d56:	68cb      	ldr	r3, [r1, #12]
10000d58:	4905      	ldr	r1, [pc, #20]	; (10000d70 <alarm_pool_add_alarm_at_force_in_context+0xac>)
10000d5a:	468c      	mov	ip, r1
10000d5c:	4463      	add	r3, ip
10000d5e:	601a      	str	r2, [r3, #0]
10000d60:	bc40      	pop	{r6}
10000d62:	46b0      	mov	r8, r6
10000d64:	bd70      	pop	{r4, r5, r6, pc}
10000d66:	2201      	movs	r2, #1
10000d68:	e7db      	b.n	10000d22 <alarm_pool_add_alarm_at_force_in_context+0x5e>
10000d6a:	2001      	movs	r0, #1
10000d6c:	4240      	negs	r0, r0
10000d6e:	e7f7      	b.n	10000d60 <alarm_pool_add_alarm_at_force_in_context+0x9c>
10000d70:	0000203c 	.word	0x0000203c

10000d74 <alarm_pool_cancel_alarm>:
10000d74:	b510      	push	{r4, lr}
10000d76:	8943      	ldrh	r3, [r0, #10]
10000d78:	140a      	asrs	r2, r1, #16
10000d7a:	4293      	cmp	r3, r2
10000d7c:	dd33      	ble.n	10000de6 <alarm_pool_cancel_alarm+0x72>
10000d7e:	0053      	lsls	r3, r2, #1
10000d80:	189b      	adds	r3, r3, r2
10000d82:	6942      	ldr	r2, [r0, #20]
10000d84:	00db      	lsls	r3, r3, #3
10000d86:	4694      	mov	ip, r2
10000d88:	6904      	ldr	r4, [r0, #16]
10000d8a:	4463      	add	r3, ip
10000d8c:	f3ef 8c10 	mrs	ip, PRIMASK
10000d90:	b672      	cpsid	i
10000d92:	6822      	ldr	r2, [r4, #0]
10000d94:	2a00      	cmp	r2, #0
10000d96:	d0fc      	beq.n	10000d92 <alarm_pool_cancel_alarm+0x1e>
10000d98:	f3bf 8f5f 	dmb	sy
10000d9c:	885a      	ldrh	r2, [r3, #2]
10000d9e:	0409      	lsls	r1, r1, #16
10000da0:	b294      	uxth	r4, r2
10000da2:	0c09      	lsrs	r1, r1, #16
10000da4:	428a      	cmp	r2, r1
10000da6:	d008      	beq.n	10000dba <alarm_pool_cancel_alarm+0x46>
10000da8:	6903      	ldr	r3, [r0, #16]
10000daa:	f3bf 8f5f 	dmb	sy
10000dae:	2200      	movs	r2, #0
10000db0:	601a      	str	r2, [r3, #0]
10000db2:	f38c 8810 	msr	PRIMASK, ip
10000db6:	2000      	movs	r0, #0
10000db8:	bd10      	pop	{r4, pc}
10000dba:	2280      	movs	r2, #128	; 0x80
10000dbc:	0212      	lsls	r2, r2, #8
10000dbe:	4314      	orrs	r4, r2
10000dc0:	805c      	strh	r4, [r3, #2]
10000dc2:	2301      	movs	r3, #1
10000dc4:	6902      	ldr	r2, [r0, #16]
10000dc6:	7183      	strb	r3, [r0, #6]
10000dc8:	f3bf 8f5f 	dmb	sy
10000dcc:	2100      	movs	r1, #0
10000dce:	6011      	str	r1, [r2, #0]
10000dd0:	f38c 8810 	msr	PRIMASK, ip
10000dd4:	4905      	ldr	r1, [pc, #20]	; (10000dec <alarm_pool_cancel_alarm+0x78>)
10000dd6:	7802      	ldrb	r2, [r0, #0]
10000dd8:	468c      	mov	ip, r1
10000dda:	4093      	lsls	r3, r2
10000ddc:	68c2      	ldr	r2, [r0, #12]
10000dde:	2001      	movs	r0, #1
10000de0:	4462      	add	r2, ip
10000de2:	6013      	str	r3, [r2, #0]
10000de4:	e7e8      	b.n	10000db8 <alarm_pool_cancel_alarm+0x44>
10000de6:	2000      	movs	r0, #0
10000de8:	e7e6      	b.n	10000db8 <alarm_pool_cancel_alarm+0x44>
10000dea:	46c0      	nop			; (mov r8, r8)
10000dec:	0000203c 	.word	0x0000203c

10000df0 <sleep_until>:
10000df0:	b5f0      	push	{r4, r5, r6, r7, lr}
10000df2:	0004      	movs	r4, r0
10000df4:	000d      	movs	r5, r1
10000df6:	2606      	movs	r6, #6
10000df8:	4276      	negs	r6, r6
10000dfa:	17f7      	asrs	r7, r6, #31
10000dfc:	46c6      	mov	lr, r8
10000dfe:	1936      	adds	r6, r6, r4
10000e00:	416f      	adcs	r7, r5
10000e02:	b500      	push	{lr}
10000e04:	b082      	sub	sp, #8
10000e06:	428f      	cmp	r7, r1
10000e08:	d814      	bhi.n	10000e34 <sleep_until+0x44>
10000e0a:	d011      	beq.n	10000e30 <sleep_until+0x40>
10000e0c:	f000 f912 	bl	10001034 <time_us_64>
10000e10:	0032      	movs	r2, r6
10000e12:	003b      	movs	r3, r7
10000e14:	1a12      	subs	r2, r2, r0
10000e16:	418b      	sbcs	r3, r1
10000e18:	2b00      	cmp	r3, #0
10000e1a:	dc15      	bgt.n	10000e48 <sleep_until+0x58>
10000e1c:	2b00      	cmp	r3, #0
10000e1e:	d044      	beq.n	10000eaa <sleep_until+0xba>
10000e20:	0020      	movs	r0, r4
10000e22:	0029      	movs	r1, r5
10000e24:	f000 f93a 	bl	1000109c <busy_wait_until>
10000e28:	b002      	add	sp, #8
10000e2a:	bc80      	pop	{r7}
10000e2c:	46b8      	mov	r8, r7
10000e2e:	bdf0      	pop	{r4, r5, r6, r7, pc}
10000e30:	4286      	cmp	r6, r0
10000e32:	d9eb      	bls.n	10000e0c <sleep_until+0x1c>
10000e34:	2600      	movs	r6, #0
10000e36:	2700      	movs	r7, #0
10000e38:	f000 f8fc 	bl	10001034 <time_us_64>
10000e3c:	0032      	movs	r2, r6
10000e3e:	003b      	movs	r3, r7
10000e40:	1a12      	subs	r2, r2, r0
10000e42:	418b      	sbcs	r3, r1
10000e44:	2b00      	cmp	r3, #0
10000e46:	dde9      	ble.n	10000e1c <sleep_until+0x2c>
10000e48:	f000 f8f4 	bl	10001034 <time_us_64>
10000e4c:	0032      	movs	r2, r6
10000e4e:	003b      	movs	r3, r7
10000e50:	1a12      	subs	r2, r2, r0
10000e52:	418b      	sbcs	r3, r1
10000e54:	2b00      	cmp	r3, #0
10000e56:	db0a      	blt.n	10000e6e <sleep_until+0x7e>
10000e58:	2300      	movs	r3, #0
10000e5a:	9301      	str	r3, [sp, #4]
10000e5c:	4b14      	ldr	r3, [pc, #80]	; (10000eb0 <sleep_until+0xc0>)
10000e5e:	0032      	movs	r2, r6
10000e60:	9300      	str	r3, [sp, #0]
10000e62:	4814      	ldr	r0, [pc, #80]	; (10000eb4 <sleep_until+0xc4>)
10000e64:	003b      	movs	r3, r7
10000e66:	f7ff ff2d 	bl	10000cc4 <alarm_pool_add_alarm_at_force_in_context>
10000e6a:	2800      	cmp	r0, #0
10000e6c:	dbd8      	blt.n	10000e20 <sleep_until+0x30>
10000e6e:	46b0      	mov	r8, r6
10000e70:	2600      	movs	r6, #0
10000e72:	46bc      	mov	ip, r7
10000e74:	4a10      	ldr	r2, [pc, #64]	; (10000eb8 <sleep_until+0xc8>)
10000e76:	4f11      	ldr	r7, [pc, #68]	; (10000ebc <sleep_until+0xcc>)
10000e78:	6a7b      	ldr	r3, [r7, #36]	; 0x24
10000e7a:	459c      	cmp	ip, r3
10000e7c:	d804      	bhi.n	10000e88 <sleep_until+0x98>
10000e7e:	6ab9      	ldr	r1, [r7, #40]	; 0x28
10000e80:	4588      	cmp	r8, r1
10000e82:	d9cd      	bls.n	10000e20 <sleep_until+0x30>
10000e84:	459c      	cmp	ip, r3
10000e86:	d1cb      	bne.n	10000e20 <sleep_until+0x30>
10000e88:	6811      	ldr	r1, [r2, #0]
10000e8a:	f3ef 8010 	mrs	r0, PRIMASK
10000e8e:	b672      	cpsid	i
10000e90:	680b      	ldr	r3, [r1, #0]
10000e92:	2b00      	cmp	r3, #0
10000e94:	d0fc      	beq.n	10000e90 <sleep_until+0xa0>
10000e96:	f3bf 8f5f 	dmb	sy
10000e9a:	6813      	ldr	r3, [r2, #0]
10000e9c:	f3bf 8f5f 	dmb	sy
10000ea0:	601e      	str	r6, [r3, #0]
10000ea2:	f380 8810 	msr	PRIMASK, r0
10000ea6:	bf20      	wfe
10000ea8:	e7e6      	b.n	10000e78 <sleep_until+0x88>
10000eaa:	2a00      	cmp	r2, #0
10000eac:	d0b8      	beq.n	10000e20 <sleep_until+0x30>
10000eae:	e7cb      	b.n	10000e48 <sleep_until+0x58>
10000eb0:	100008d5 	.word	0x100008d5
10000eb4:	200001e4 	.word	0x200001e4
10000eb8:	20000630 	.word	0x20000630
10000ebc:	40054000 	.word	0x40054000

10000ec0 <sleep_ms>:
10000ec0:	b570      	push	{r4, r5, r6, lr}
10000ec2:	0006      	movs	r6, r0
10000ec4:	f000 f8b6 	bl	10001034 <time_us_64>
10000ec8:	22fa      	movs	r2, #250	; 0xfa
10000eca:	0004      	movs	r4, r0
10000ecc:	000d      	movs	r5, r1
10000ece:	2300      	movs	r3, #0
10000ed0:	0030      	movs	r0, r6
10000ed2:	2100      	movs	r1, #0
10000ed4:	0092      	lsls	r2, r2, #2
10000ed6:	f001 fa3b 	bl	10002350 <__wrap___aeabi_lmul>
10000eda:	1900      	adds	r0, r0, r4
10000edc:	4169      	adcs	r1, r5
10000ede:	2900      	cmp	r1, #0
10000ee0:	db02      	blt.n	10000ee8 <sleep_ms+0x28>
10000ee2:	f7ff ff85 	bl	10000df0 <sleep_until>
10000ee6:	bd70      	pop	{r4, r5, r6, pc}
10000ee8:	2001      	movs	r0, #1
10000eea:	4901      	ldr	r1, [pc, #4]	; (10000ef0 <sleep_ms+0x30>)
10000eec:	4240      	negs	r0, r0
10000eee:	e7f8      	b.n	10000ee2 <sleep_ms+0x22>
10000ef0:	7fffffff 	.word	0x7fffffff

10000ef4 <best_effort_wfe_or_timeout>:
10000ef4:	b5f8      	push	{r3, r4, r5, r6, r7, lr}
10000ef6:	0004      	movs	r4, r0
10000ef8:	000d      	movs	r5, r1
10000efa:	f3ef 8305 	mrs	r3, IPSR
10000efe:	2b00      	cmp	r3, #0
10000f00:	d00e      	beq.n	10000f20 <best_effort_wfe_or_timeout+0x2c>
10000f02:	4a3f      	ldr	r2, [pc, #252]	; (10001000 <best_effort_wfe_or_timeout+0x10c>)
10000f04:	2000      	movs	r0, #0
10000f06:	6a53      	ldr	r3, [r2, #36]	; 0x24
10000f08:	42ab      	cmp	r3, r5
10000f0a:	d303      	bcc.n	10000f14 <best_effort_wfe_or_timeout+0x20>
10000f0c:	6a92      	ldr	r2, [r2, #40]	; 0x28
10000f0e:	3001      	adds	r0, #1
10000f10:	42a2      	cmp	r2, r4
10000f12:	d300      	bcc.n	10000f16 <best_effort_wfe_or_timeout+0x22>
10000f14:	bdf8      	pop	{r3, r4, r5, r6, r7, pc}
10000f16:	1ae8      	subs	r0, r5, r3
10000f18:	1e42      	subs	r2, r0, #1
10000f1a:	4190      	sbcs	r0, r2
10000f1c:	b2c0      	uxtb	r0, r0
10000f1e:	e7f9      	b.n	10000f14 <best_effort_wfe_or_timeout+0x20>
10000f20:	f000 f888 	bl	10001034 <time_us_64>
10000f24:	0022      	movs	r2, r4
10000f26:	002b      	movs	r3, r5
10000f28:	1a12      	subs	r2, r2, r0
10000f2a:	418b      	sbcs	r3, r1
10000f2c:	2b00      	cmp	r3, #0
10000f2e:	dbe8      	blt.n	10000f02 <best_effort_wfe_or_timeout+0xe>
10000f30:	4834      	ldr	r0, [pc, #208]	; (10001004 <best_effort_wfe_or_timeout+0x110>)
10000f32:	6902      	ldr	r2, [r0, #16]
10000f34:	f3ef 8110 	mrs	r1, PRIMASK
10000f38:	b672      	cpsid	i
10000f3a:	6813      	ldr	r3, [r2, #0]
10000f3c:	2b00      	cmp	r3, #0
10000f3e:	d0fc      	beq.n	10000f3a <best_effort_wfe_or_timeout+0x46>
10000f40:	f3bf 8f5f 	dmb	sy
10000f44:	6942      	ldr	r2, [r0, #20]
10000f46:	2302      	movs	r3, #2
10000f48:	5ec6      	ldrsh	r6, [r0, r3]
10000f4a:	4694      	mov	ip, r2
10000f4c:	0073      	lsls	r3, r6, #1
10000f4e:	199b      	adds	r3, r3, r6
10000f50:	00db      	lsls	r3, r3, #3
10000f52:	4463      	add	r3, ip
10000f54:	2e00      	cmp	r6, #0
10000f56:	db01      	blt.n	10000f5c <best_effort_wfe_or_timeout+0x68>
10000f58:	881a      	ldrh	r2, [r3, #0]
10000f5a:	8042      	strh	r2, [r0, #2]
10000f5c:	6907      	ldr	r7, [r0, #16]
10000f5e:	f3bf 8f5f 	dmb	sy
10000f62:	2200      	movs	r2, #0
10000f64:	603a      	str	r2, [r7, #0]
10000f66:	f381 8810 	msr	PRIMASK, r1
10000f6a:	2e00      	cmp	r6, #0
10000f6c:	dbc9      	blt.n	10000f02 <best_effort_wfe_or_timeout+0xe>
10000f6e:	615a      	str	r2, [r3, #20]
10000f70:	885a      	ldrh	r2, [r3, #2]
10000f72:	4925      	ldr	r1, [pc, #148]	; (10001008 <best_effort_wfe_or_timeout+0x114>)
10000f74:	3201      	adds	r2, #1
10000f76:	0452      	lsls	r2, r2, #17
10000f78:	0c52      	lsrs	r2, r2, #17
10000f7a:	609c      	str	r4, [r3, #8]
10000f7c:	60dd      	str	r5, [r3, #12]
10000f7e:	6119      	str	r1, [r3, #16]
10000f80:	1c17      	adds	r7, r2, #0
10000f82:	2a00      	cmp	r2, #0
10000f84:	d039      	beq.n	10000ffa <best_effort_wfe_or_timeout+0x106>
10000f86:	b2b9      	uxth	r1, r7
10000f88:	0432      	lsls	r2, r6, #16
10000f8a:	805f      	strh	r7, [r3, #2]
10000f8c:	4311      	orrs	r1, r2
10000f8e:	6907      	ldr	r7, [r0, #16]
10000f90:	f3ef 8c10 	mrs	ip, PRIMASK
10000f94:	b672      	cpsid	i
10000f96:	683a      	ldr	r2, [r7, #0]
10000f98:	2a00      	cmp	r2, #0
10000f9a:	d0fc      	beq.n	10000f96 <best_effort_wfe_or_timeout+0xa2>
10000f9c:	f3bf 8f5f 	dmb	sy
10000fa0:	8882      	ldrh	r2, [r0, #4]
10000fa2:	801a      	strh	r2, [r3, #0]
10000fa4:	6903      	ldr	r3, [r0, #16]
10000fa6:	8086      	strh	r6, [r0, #4]
10000fa8:	f3bf 8f5f 	dmb	sy
10000fac:	2200      	movs	r2, #0
10000fae:	601a      	str	r2, [r3, #0]
10000fb0:	f38c 8810 	msr	PRIMASK, ip
10000fb4:	4e15      	ldr	r6, [pc, #84]	; (1000100c <best_effort_wfe_or_timeout+0x118>)
10000fb6:	7803      	ldrb	r3, [r0, #0]
10000fb8:	46b4      	mov	ip, r6
10000fba:	3201      	adds	r2, #1
10000fbc:	409a      	lsls	r2, r3
10000fbe:	68c3      	ldr	r3, [r0, #12]
10000fc0:	4463      	add	r3, ip
10000fc2:	601a      	str	r2, [r3, #0]
10000fc4:	bf40      	sev
10000fc6:	bf20      	wfe
10000fc8:	4b0d      	ldr	r3, [pc, #52]	; (10001000 <best_effort_wfe_or_timeout+0x10c>)
10000fca:	002e      	movs	r6, r5
10000fcc:	6a5a      	ldr	r2, [r3, #36]	; 0x24
10000fce:	4295      	cmp	r5, r2
10000fd0:	d804      	bhi.n	10000fdc <best_effort_wfe_or_timeout+0xe8>
10000fd2:	6a9b      	ldr	r3, [r3, #40]	; 0x28
10000fd4:	42a3      	cmp	r3, r4
10000fd6:	d202      	bcs.n	10000fde <best_effort_wfe_or_timeout+0xea>
10000fd8:	4295      	cmp	r5, r2
10000fda:	d100      	bne.n	10000fde <best_effort_wfe_or_timeout+0xea>
10000fdc:	bf20      	wfe
10000fde:	f7ff fec9 	bl	10000d74 <alarm_pool_cancel_alarm>
10000fe2:	4a07      	ldr	r2, [pc, #28]	; (10001000 <best_effort_wfe_or_timeout+0x10c>)
10000fe4:	2000      	movs	r0, #0
10000fe6:	6a53      	ldr	r3, [r2, #36]	; 0x24
10000fe8:	429e      	cmp	r6, r3
10000fea:	d900      	bls.n	10000fee <best_effort_wfe_or_timeout+0xfa>
10000fec:	e792      	b.n	10000f14 <best_effort_wfe_or_timeout+0x20>
10000fee:	6a92      	ldr	r2, [r2, #40]	; 0x28
10000ff0:	3001      	adds	r0, #1
10000ff2:	42a2      	cmp	r2, r4
10000ff4:	d300      	bcc.n	10000ff8 <best_effort_wfe_or_timeout+0x104>
10000ff6:	e78d      	b.n	10000f14 <best_effort_wfe_or_timeout+0x20>
10000ff8:	e78d      	b.n	10000f16 <best_effort_wfe_or_timeout+0x22>
10000ffa:	2701      	movs	r7, #1
10000ffc:	e7c3      	b.n	10000f86 <best_effort_wfe_or_timeout+0x92>
10000ffe:	46c0      	nop			; (mov r8, r8)
10001000:	40054000 	.word	0x40054000
10001004:	200001e4 	.word	0x200001e4
10001008:	100008d5 	.word	0x100008d5
1000100c:	0000203c 	.word	0x0000203c

10001010 <timer_hardware_alarm_claim>:
10001010:	b510      	push	{r4, lr}
10001012:	4a02      	ldr	r2, [pc, #8]	; (1000101c <timer_hardware_alarm_claim+0xc>)
10001014:	4802      	ldr	r0, [pc, #8]	; (10001020 <timer_hardware_alarm_claim+0x10>)
10001016:	f7ff fa63 	bl	100004e0 <hw_claim_or_assert>
1000101a:	bd10      	pop	{r4, pc}
1000101c:	100040a8 	.word	0x100040a8
10001020:	200005e4 	.word	0x200005e4

10001024 <timer_time_us_64>:
10001024:	0003      	movs	r3, r0
10001026:	6a41      	ldr	r1, [r0, #36]	; 0x24
10001028:	000a      	movs	r2, r1
1000102a:	6a98      	ldr	r0, [r3, #40]	; 0x28
1000102c:	6a59      	ldr	r1, [r3, #36]	; 0x24
1000102e:	428a      	cmp	r2, r1
10001030:	d1fa      	bne.n	10001028 <timer_time_us_64+0x4>
10001032:	4770      	bx	lr

10001034 <time_us_64>:
10001034:	4b03      	ldr	r3, [pc, #12]	; (10001044 <time_us_64+0x10>)
10001036:	6a59      	ldr	r1, [r3, #36]	; 0x24
10001038:	000a      	movs	r2, r1
1000103a:	6a98      	ldr	r0, [r3, #40]	; 0x28
1000103c:	6a59      	ldr	r1, [r3, #36]	; 0x24
1000103e:	4291      	cmp	r1, r2
10001040:	d1fa      	bne.n	10001038 <time_us_64+0x4>
10001042:	4770      	bx	lr
10001044:	40054000 	.word	0x40054000

10001048 <busy_wait_us>:
10001048:	b570      	push	{r4, r5, r6, lr}
1000104a:	0004      	movs	r4, r0
1000104c:	000d      	movs	r5, r1
1000104e:	4a12      	ldr	r2, [pc, #72]	; (10001098 <busy_wait_us+0x50>)
10001050:	6a53      	ldr	r3, [r2, #36]	; 0x24
10001052:	0019      	movs	r1, r3
10001054:	6a96      	ldr	r6, [r2, #40]	; 0x28
10001056:	6a53      	ldr	r3, [r2, #36]	; 0x24
10001058:	428b      	cmp	r3, r1
1000105a:	d1fa      	bne.n	10001052 <busy_wait_us+0xa>
1000105c:	0030      	movs	r0, r6
1000105e:	0019      	movs	r1, r3
10001060:	1824      	adds	r4, r4, r0
10001062:	414d      	adcs	r5, r1
10001064:	42ab      	cmp	r3, r5
10001066:	d811      	bhi.n	1000108c <busy_wait_us+0x44>
10001068:	d00e      	beq.n	10001088 <busy_wait_us+0x40>
1000106a:	002b      	movs	r3, r5
1000106c:	490a      	ldr	r1, [pc, #40]	; (10001098 <busy_wait_us+0x50>)
1000106e:	6a4a      	ldr	r2, [r1, #36]	; 0x24
10001070:	429a      	cmp	r2, r3
10001072:	d3fc      	bcc.n	1000106e <busy_wait_us+0x26>
10001074:	d107      	bne.n	10001086 <busy_wait_us+0x3e>
10001076:	4a08      	ldr	r2, [pc, #32]	; (10001098 <busy_wait_us+0x50>)
10001078:	e002      	b.n	10001080 <busy_wait_us+0x38>
1000107a:	6a51      	ldr	r1, [r2, #36]	; 0x24
1000107c:	4299      	cmp	r1, r3
1000107e:	d102      	bne.n	10001086 <busy_wait_us+0x3e>
10001080:	6a91      	ldr	r1, [r2, #40]	; 0x28
10001082:	42a1      	cmp	r1, r4
10001084:	d3f9      	bcc.n	1000107a <busy_wait_us+0x32>
10001086:	bd70      	pop	{r4, r5, r6, pc}
10001088:	42a6      	cmp	r6, r4
1000108a:	d9ee      	bls.n	1000106a <busy_wait_us+0x22>
1000108c:	2301      	movs	r3, #1
1000108e:	2401      	movs	r4, #1
10001090:	4264      	negs	r4, r4
10001092:	17e5      	asrs	r5, r4, #31
10001094:	425b      	negs	r3, r3
10001096:	e7e9      	b.n	1000106c <busy_wait_us+0x24>
10001098:	40054000 	.word	0x40054000

1000109c <busy_wait_until>:
1000109c:	4a06      	ldr	r2, [pc, #24]	; (100010b8 <busy_wait_until+0x1c>)
1000109e:	6a53      	ldr	r3, [r2, #36]	; 0x24
100010a0:	4299      	cmp	r1, r3
100010a2:	d8fc      	bhi.n	1000109e <busy_wait_until+0x2>
100010a4:	d107      	bne.n	100010b6 <busy_wait_until+0x1a>
100010a6:	4b04      	ldr	r3, [pc, #16]	; (100010b8 <busy_wait_until+0x1c>)
100010a8:	e002      	b.n	100010b0 <busy_wait_until+0x14>
100010aa:	6a5a      	ldr	r2, [r3, #36]	; 0x24
100010ac:	4291      	cmp	r1, r2
100010ae:	d102      	bne.n	100010b6 <busy_wait_until+0x1a>
100010b0:	6a9a      	ldr	r2, [r3, #40]	; 0x28
100010b2:	4282      	cmp	r2, r0
100010b4:	d3f9      	bcc.n	100010aa <busy_wait_until+0xe>
100010b6:	4770      	bx	lr
100010b8:	40054000 	.word	0x40054000

100010bc <uart_init>:
100010bc:	b5f8      	push	{r3, r4, r5, r6, r7, lr}
100010be:	0004      	movs	r4, r0
100010c0:	2006      	movs	r0, #6
100010c2:	000d      	movs	r5, r1
100010c4:	f000 f976 	bl	100013b4 <clock_get_hz>
100010c8:	2800      	cmp	r0, #0
100010ca:	d042      	beq.n	10001152 <uart_init+0x96>
100010cc:	4b36      	ldr	r3, [pc, #216]	; (100011a8 <uart_init+0xec>)
100010ce:	4937      	ldr	r1, [pc, #220]	; (100011ac <uart_init+0xf0>)
100010d0:	18e2      	adds	r2, r4, r3
100010d2:	4253      	negs	r3, r2
100010d4:	415a      	adcs	r2, r3
100010d6:	2380      	movs	r3, #128	; 0x80
100010d8:	03db      	lsls	r3, r3, #15
100010da:	469c      	mov	ip, r3
100010dc:	0592      	lsls	r2, r2, #22
100010de:	4b34      	ldr	r3, [pc, #208]	; (100011b0 <uart_init+0xf4>)
100010e0:	4462      	add	r2, ip
100010e2:	601a      	str	r2, [r3, #0]
100010e4:	4b33      	ldr	r3, [pc, #204]	; (100011b4 <uart_init+0xf8>)
100010e6:	601a      	str	r2, [r3, #0]
100010e8:	0010      	movs	r0, r2
100010ea:	680b      	ldr	r3, [r1, #0]
100010ec:	4398      	bics	r0, r3
100010ee:	d1fb      	bne.n	100010e8 <uart_init+0x2c>
100010f0:	4b2d      	ldr	r3, [pc, #180]	; (100011a8 <uart_init+0xec>)
100010f2:	2180      	movs	r1, #128	; 0x80
100010f4:	18e3      	adds	r3, r4, r3
100010f6:	425a      	negs	r2, r3
100010f8:	4153      	adcs	r3, r2
100010fa:	4a2f      	ldr	r2, [pc, #188]	; (100011b8 <uart_init+0xfc>)
100010fc:	005b      	lsls	r3, r3, #1
100010fe:	0049      	lsls	r1, r1, #1
10001100:	5299      	strh	r1, [r3, r2]
10001102:	2006      	movs	r0, #6
10001104:	f000 f956 	bl	100013b4 <clock_get_hz>
10001108:	0029      	movs	r1, r5
1000110a:	00c0      	lsls	r0, r0, #3
1000110c:	f000 fafe 	bl	1000170c <__wrap___aeabi_uidiv>
10001110:	3001      	adds	r0, #1
10001112:	09c3      	lsrs	r3, r0, #7
10001114:	d11e      	bne.n	10001154 <uart_init+0x98>
10001116:	2740      	movs	r7, #64	; 0x40
10001118:	2201      	movs	r2, #1
1000111a:	6262      	str	r2, [r4, #36]	; 0x24
1000111c:	62a3      	str	r3, [r4, #40]	; 0x28
1000111e:	6b26      	ldr	r6, [r4, #48]	; 0x30
10001120:	07f3      	lsls	r3, r6, #31
10001122:	d422      	bmi.n	1000116a <uart_init+0xae>
10001124:	6ae3      	ldr	r3, [r4, #44]	; 0x2c
10001126:	4b25      	ldr	r3, [pc, #148]	; (100011bc <uart_init+0x100>)
10001128:	2006      	movs	r0, #6
1000112a:	18e5      	adds	r5, r4, r3
1000112c:	2300      	movs	r3, #0
1000112e:	602b      	str	r3, [r5, #0]
10001130:	6326      	str	r6, [r4, #48]	; 0x30
10001132:	f000 f93f 	bl	100013b4 <clock_get_hz>
10001136:	0039      	movs	r1, r7
10001138:	0080      	lsls	r0, r0, #2
1000113a:	f000 fae7 	bl	1000170c <__wrap___aeabi_uidiv>
1000113e:	2270      	movs	r2, #112	; 0x70
10001140:	6ae3      	ldr	r3, [r4, #44]	; 0x2c
10001142:	405a      	eors	r2, r3
10001144:	237e      	movs	r3, #126	; 0x7e
10001146:	4013      	ands	r3, r2
10001148:	602b      	str	r3, [r5, #0]
1000114a:	4b1d      	ldr	r3, [pc, #116]	; (100011c0 <uart_init+0x104>)
1000114c:	6323      	str	r3, [r4, #48]	; 0x30
1000114e:	2303      	movs	r3, #3
10001150:	64a3      	str	r3, [r4, #72]	; 0x48
10001152:	bdf8      	pop	{r3, r4, r5, r6, r7, pc}
10001154:	4a1b      	ldr	r2, [pc, #108]	; (100011c4 <uart_init+0x108>)
10001156:	4293      	cmp	r3, r2
10001158:	d91e      	bls.n	10001198 <uart_init+0xdc>
1000115a:	2300      	movs	r3, #0
1000115c:	4a1a      	ldr	r2, [pc, #104]	; (100011c8 <uart_init+0x10c>)
1000115e:	4f1b      	ldr	r7, [pc, #108]	; (100011cc <uart_init+0x110>)
10001160:	6262      	str	r2, [r4, #36]	; 0x24
10001162:	62a3      	str	r3, [r4, #40]	; 0x28
10001164:	6b26      	ldr	r6, [r4, #48]	; 0x30
10001166:	07f3      	lsls	r3, r6, #31
10001168:	d5dc      	bpl.n	10001124 <uart_init+0x68>
1000116a:	4b19      	ldr	r3, [pc, #100]	; (100011d0 <uart_init+0x114>)
1000116c:	4a14      	ldr	r2, [pc, #80]	; (100011c0 <uart_init+0x104>)
1000116e:	18e3      	adds	r3, r4, r3
10001170:	601a      	str	r2, [r3, #0]
10001172:	6a65      	ldr	r5, [r4, #36]	; 0x24
10001174:	6aa2      	ldr	r2, [r4, #40]	; 0x28
10001176:	2006      	movs	r0, #6
10001178:	01ad      	lsls	r5, r5, #6
1000117a:	18ad      	adds	r5, r5, r2
1000117c:	f000 f91a 	bl	100013b4 <clock_get_hz>
10001180:	4914      	ldr	r1, [pc, #80]	; (100011d4 <uart_init+0x118>)
10001182:	f000 fac3 	bl	1000170c <__wrap___aeabi_uidiv>
10001186:	02ad      	lsls	r5, r5, #10
10001188:	0001      	movs	r1, r0
1000118a:	0028      	movs	r0, r5
1000118c:	f000 fabe 	bl	1000170c <__wrap___aeabi_uidiv>
10001190:	2100      	movs	r1, #0
10001192:	f7ff ff59 	bl	10001048 <busy_wait_us>
10001196:	e7c5      	b.n	10001124 <uart_init+0x68>
10001198:	0640      	lsls	r0, r0, #25
1000119a:	0e80      	lsrs	r0, r0, #26
1000119c:	019f      	lsls	r7, r3, #6
1000119e:	001a      	movs	r2, r3
100011a0:	183f      	adds	r7, r7, r0
100011a2:	0003      	movs	r3, r0
100011a4:	e7b9      	b.n	1000111a <uart_init+0x5e>
100011a6:	46c0      	nop			; (mov r8, r8)
100011a8:	bffc8000 	.word	0xbffc8000
100011ac:	4000c008 	.word	0x4000c008
100011b0:	4000e000 	.word	0x4000e000
100011b4:	4000f000 	.word	0x4000f000
100011b8:	20000634 	.word	0x20000634
100011bc:	0000102c 	.word	0x0000102c
100011c0:	00000301 	.word	0x00000301
100011c4:	0000fffe 	.word	0x0000fffe
100011c8:	0000ffff 	.word	0x0000ffff
100011cc:	003fffc0 	.word	0x003fffc0
100011d0:	00003030 	.word	0x00003030
100011d4:	00000e4e 	.word	0x00000e4e

100011d8 <clock_configure_int_divider>:
100011d8:	b5f8      	push	{r3, r4, r5, r6, r7, lr}
100011da:	46de      	mov	lr, fp
100011dc:	464e      	mov	r6, r9
100011de:	4657      	mov	r7, sl
100011e0:	4645      	mov	r5, r8
100011e2:	b5e0      	push	{r5, r6, r7, lr}
100011e4:	468b      	mov	fp, r1
100011e6:	0005      	movs	r5, r0
100011e8:	990a      	ldr	r1, [sp, #40]	; 0x28
100011ea:	0018      	movs	r0, r3
100011ec:	0016      	movs	r6, r2
100011ee:	f000 fa8d 	bl	1000170c <__wrap___aeabi_uidiv>
100011f2:	9b0a      	ldr	r3, [sp, #40]	; 0x28
100011f4:	006c      	lsls	r4, r5, #1
100011f6:	021f      	lsls	r7, r3, #8
100011f8:	4b32      	ldr	r3, [pc, #200]	; (100012c4 <clock_configure_int_divider+0xec>)
100011fa:	1964      	adds	r4, r4, r5
100011fc:	469c      	mov	ip, r3
100011fe:	00a4      	lsls	r4, r4, #2
10001200:	4464      	add	r4, ip
10001202:	6863      	ldr	r3, [r4, #4]
10001204:	4681      	mov	r9, r0
10001206:	429f      	cmp	r7, r3
10001208:	d900      	bls.n	1000120c <clock_configure_int_divider+0x34>
1000120a:	6067      	str	r7, [r4, #4]
1000120c:	1f2b      	subs	r3, r5, #4
1000120e:	b2db      	uxtb	r3, r3
10001210:	4698      	mov	r8, r3
10001212:	2b01      	cmp	r3, #1
10001214:	d930      	bls.n	10001278 <clock_configure_int_divider+0xa0>
10001216:	23c0      	movs	r3, #192	; 0xc0
10001218:	2280      	movs	r2, #128	; 0x80
1000121a:	019b      	lsls	r3, r3, #6
1000121c:	18e3      	adds	r3, r4, r3
1000121e:	0112      	lsls	r2, r2, #4
10001220:	601a      	str	r2, [r3, #0]
10001222:	4b29      	ldr	r3, [pc, #164]	; (100012c8 <clock_configure_int_divider+0xf0>)
10001224:	00ad      	lsls	r5, r5, #2
10001226:	5959      	ldr	r1, [r3, r5]
10001228:	469a      	mov	sl, r3
1000122a:	2900      	cmp	r1, #0
1000122c:	d11b      	bne.n	10001266 <clock_configure_int_divider+0x8e>
1000122e:	6822      	ldr	r2, [r4, #0]
10001230:	0176      	lsls	r6, r6, #5
10001232:	4072      	eors	r2, r6
10001234:	26e0      	movs	r6, #224	; 0xe0
10001236:	2380      	movs	r3, #128	; 0x80
10001238:	4016      	ands	r6, r2
1000123a:	4642      	mov	r2, r8
1000123c:	015b      	lsls	r3, r3, #5
1000123e:	18e3      	adds	r3, r4, r3
10001240:	601e      	str	r6, [r3, #0]
10001242:	2a01      	cmp	r2, #1
10001244:	d930      	bls.n	100012a8 <clock_configure_int_divider+0xd0>
10001246:	2380      	movs	r3, #128	; 0x80
10001248:	2280      	movs	r2, #128	; 0x80
1000124a:	019b      	lsls	r3, r3, #6
1000124c:	18e3      	adds	r3, r4, r3
1000124e:	0112      	lsls	r2, r2, #4
10001250:	601a      	str	r2, [r3, #0]
10001252:	4653      	mov	r3, sl
10001254:	464a      	mov	r2, r9
10001256:	6067      	str	r7, [r4, #4]
10001258:	515a      	str	r2, [r3, r5]
1000125a:	bcf0      	pop	{r4, r5, r6, r7}
1000125c:	46bb      	mov	fp, r7
1000125e:	46b2      	mov	sl, r6
10001260:	46a9      	mov	r9, r5
10001262:	46a0      	mov	r8, r4
10001264:	bdf8      	pop	{r3, r4, r5, r6, r7, pc}
10001266:	6958      	ldr	r0, [r3, #20]
10001268:	f000 fa50 	bl	1000170c <__wrap___aeabi_uidiv>
1000126c:	1c43      	adds	r3, r0, #1
1000126e:	0058      	lsls	r0, r3, #1
10001270:	18c0      	adds	r0, r0, r3
10001272:	3803      	subs	r0, #3
10001274:	d2fd      	bcs.n	10001272 <clock_configure_int_divider+0x9a>
10001276:	e7da      	b.n	1000122e <clock_configure_int_divider+0x56>
10001278:	465b      	mov	r3, fp
1000127a:	2b01      	cmp	r3, #1
1000127c:	d1cb      	bne.n	10001216 <clock_configure_int_divider+0x3e>
1000127e:	23c0      	movs	r3, #192	; 0xc0
10001280:	2203      	movs	r2, #3
10001282:	019b      	lsls	r3, r3, #6
10001284:	18e3      	adds	r3, r4, r3
10001286:	601a      	str	r2, [r3, #0]
10001288:	3a02      	subs	r2, #2
1000128a:	68a3      	ldr	r3, [r4, #8]
1000128c:	421a      	tst	r2, r3
1000128e:	d0fc      	beq.n	1000128a <clock_configure_int_divider+0xb2>
10001290:	23e0      	movs	r3, #224	; 0xe0
10001292:	6822      	ldr	r2, [r4, #0]
10001294:	0176      	lsls	r6, r6, #5
10001296:	4056      	eors	r6, r2
10001298:	401e      	ands	r6, r3
1000129a:	2380      	movs	r3, #128	; 0x80
1000129c:	4a0a      	ldr	r2, [pc, #40]	; (100012c8 <clock_configure_int_divider+0xf0>)
1000129e:	015b      	lsls	r3, r3, #5
100012a0:	4692      	mov	sl, r2
100012a2:	18e3      	adds	r3, r4, r3
100012a4:	601e      	str	r6, [r3, #0]
100012a6:	00ad      	lsls	r5, r5, #2
100012a8:	465a      	mov	r2, fp
100012aa:	6821      	ldr	r1, [r4, #0]
100012ac:	4051      	eors	r1, r2
100012ae:	2203      	movs	r2, #3
100012b0:	400a      	ands	r2, r1
100012b2:	601a      	str	r2, [r3, #0]
100012b4:	2201      	movs	r2, #1
100012b6:	465b      	mov	r3, fp
100012b8:	409a      	lsls	r2, r3
100012ba:	68a3      	ldr	r3, [r4, #8]
100012bc:	421a      	tst	r2, r3
100012be:	d0fc      	beq.n	100012ba <clock_configure_int_divider+0xe2>
100012c0:	e7c1      	b.n	10001246 <clock_configure_int_divider+0x6e>
100012c2:	46c0      	nop			; (mov r8, r8)
100012c4:	40008000 	.word	0x40008000
100012c8:	200005e8 	.word	0x200005e8

100012cc <clock_configure_undivided>:
100012cc:	b5f0      	push	{r4, r5, r6, r7, lr}
100012ce:	4646      	mov	r6, r8
100012d0:	464f      	mov	r7, r9
100012d2:	46d6      	mov	lr, sl
100012d4:	b5c0      	push	{r6, r7, lr}
100012d6:	001f      	movs	r7, r3
100012d8:	4b34      	ldr	r3, [pc, #208]	; (100013ac <clock_configure_undivided+0xe0>)
100012da:	0044      	lsls	r4, r0, #1
100012dc:	469c      	mov	ip, r3
100012de:	1824      	adds	r4, r4, r0
100012e0:	00a4      	lsls	r4, r4, #2
100012e2:	4464      	add	r4, ip
100012e4:	6863      	ldr	r3, [r4, #4]
100012e6:	4688      	mov	r8, r1
100012e8:	0016      	movs	r6, r2
100012ea:	2bff      	cmp	r3, #255	; 0xff
100012ec:	d802      	bhi.n	100012f4 <clock_configure_undivided+0x28>
100012ee:	2380      	movs	r3, #128	; 0x80
100012f0:	005b      	lsls	r3, r3, #1
100012f2:	6063      	str	r3, [r4, #4]
100012f4:	1f03      	subs	r3, r0, #4
100012f6:	b2db      	uxtb	r3, r3
100012f8:	469a      	mov	sl, r3
100012fa:	2b01      	cmp	r3, #1
100012fc:	d930      	bls.n	10001360 <clock_configure_undivided+0x94>
100012fe:	23c0      	movs	r3, #192	; 0xc0
10001300:	2280      	movs	r2, #128	; 0x80
10001302:	019b      	lsls	r3, r3, #6
10001304:	18e3      	adds	r3, r4, r3
10001306:	0112      	lsls	r2, r2, #4
10001308:	601a      	str	r2, [r3, #0]
1000130a:	4b29      	ldr	r3, [pc, #164]	; (100013b0 <clock_configure_undivided+0xe4>)
1000130c:	0085      	lsls	r5, r0, #2
1000130e:	5959      	ldr	r1, [r3, r5]
10001310:	4699      	mov	r9, r3
10001312:	2900      	cmp	r1, #0
10001314:	d11b      	bne.n	1000134e <clock_configure_undivided+0x82>
10001316:	6822      	ldr	r2, [r4, #0]
10001318:	0176      	lsls	r6, r6, #5
1000131a:	4072      	eors	r2, r6
1000131c:	26e0      	movs	r6, #224	; 0xe0
1000131e:	2380      	movs	r3, #128	; 0x80
10001320:	4016      	ands	r6, r2
10001322:	4652      	mov	r2, sl
10001324:	015b      	lsls	r3, r3, #5
10001326:	18e3      	adds	r3, r4, r3
10001328:	601e      	str	r6, [r3, #0]
1000132a:	2a01      	cmp	r2, #1
1000132c:	d930      	bls.n	10001390 <clock_configure_undivided+0xc4>
1000132e:	2380      	movs	r3, #128	; 0x80
10001330:	2280      	movs	r2, #128	; 0x80
10001332:	019b      	lsls	r3, r3, #6
10001334:	18e3      	adds	r3, r4, r3
10001336:	0112      	lsls	r2, r2, #4
10001338:	601a      	str	r2, [r3, #0]
1000133a:	2380      	movs	r3, #128	; 0x80
1000133c:	005b      	lsls	r3, r3, #1
1000133e:	6063      	str	r3, [r4, #4]
10001340:	464b      	mov	r3, r9
10001342:	515f      	str	r7, [r3, r5]
10001344:	bce0      	pop	{r5, r6, r7}
10001346:	46ba      	mov	sl, r7
10001348:	46b1      	mov	r9, r6
1000134a:	46a8      	mov	r8, r5
1000134c:	bdf0      	pop	{r4, r5, r6, r7, pc}
1000134e:	6958      	ldr	r0, [r3, #20]
10001350:	f000 f9dc 	bl	1000170c <__wrap___aeabi_uidiv>
10001354:	1c43      	adds	r3, r0, #1
10001356:	0058      	lsls	r0, r3, #1
10001358:	18c0      	adds	r0, r0, r3
1000135a:	3803      	subs	r0, #3
1000135c:	d2fd      	bcs.n	1000135a <clock_configure_undivided+0x8e>
1000135e:	e7da      	b.n	10001316 <clock_configure_undivided+0x4a>
10001360:	4643      	mov	r3, r8
10001362:	2b01      	cmp	r3, #1
10001364:	d1cb      	bne.n	100012fe <clock_configure_undivided+0x32>
10001366:	23c0      	movs	r3, #192	; 0xc0
10001368:	2203      	movs	r2, #3
1000136a:	019b      	lsls	r3, r3, #6
1000136c:	18e3      	adds	r3, r4, r3
1000136e:	601a      	str	r2, [r3, #0]
10001370:	3a02      	subs	r2, #2
10001372:	68a3      	ldr	r3, [r4, #8]
10001374:	421a      	tst	r2, r3
10001376:	d0fc      	beq.n	10001372 <clock_configure_undivided+0xa6>
10001378:	23e0      	movs	r3, #224	; 0xe0
1000137a:	6822      	ldr	r2, [r4, #0]
1000137c:	0176      	lsls	r6, r6, #5
1000137e:	4056      	eors	r6, r2
10001380:	401e      	ands	r6, r3
10001382:	2380      	movs	r3, #128	; 0x80
10001384:	4a0a      	ldr	r2, [pc, #40]	; (100013b0 <clock_configure_undivided+0xe4>)
10001386:	015b      	lsls	r3, r3, #5
10001388:	4691      	mov	r9, r2
1000138a:	18e3      	adds	r3, r4, r3
1000138c:	601e      	str	r6, [r3, #0]
1000138e:	0085      	lsls	r5, r0, #2
10001390:	4642      	mov	r2, r8
10001392:	6821      	ldr	r1, [r4, #0]
10001394:	4051      	eors	r1, r2
10001396:	2203      	movs	r2, #3
10001398:	400a      	ands	r2, r1
1000139a:	601a      	str	r2, [r3, #0]
1000139c:	2301      	movs	r3, #1
1000139e:	4642      	mov	r2, r8
100013a0:	4093      	lsls	r3, r2
100013a2:	68a2      	ldr	r2, [r4, #8]
100013a4:	4213      	tst	r3, r2
100013a6:	d0fc      	beq.n	100013a2 <clock_configure_undivided+0xd6>
100013a8:	e7c1      	b.n	1000132e <clock_configure_undivided+0x62>
100013aa:	46c0      	nop			; (mov r8, r8)
100013ac:	40008000 	.word	0x40008000
100013b0:	200005e8 	.word	0x200005e8

100013b4 <clock_get_hz>:
100013b4:	4b01      	ldr	r3, [pc, #4]	; (100013bc <clock_get_hz+0x8>)
100013b6:	0080      	lsls	r0, r0, #2
100013b8:	58c0      	ldr	r0, [r0, r3]
100013ba:	4770      	bx	lr
100013bc:	200005e8 	.word	0x200005e8

100013c0 <pll_init>:
100013c0:	b5f8      	push	{r3, r4, r5, r6, r7, lr}
100013c2:	0004      	movs	r4, r0
100013c4:	4820      	ldr	r0, [pc, #128]	; (10001448 <pll_init+0x88>)
100013c6:	001d      	movs	r5, r3
100013c8:	0017      	movs	r7, r2
100013ca:	000e      	movs	r6, r1
100013cc:	f000 f99e 	bl	1000170c <__wrap___aeabi_uidiv>
100013d0:	0001      	movs	r1, r0
100013d2:	0038      	movs	r0, r7
100013d4:	f000 f99a 	bl	1000170c <__wrap___aeabi_uidiv>
100013d8:	9b06      	ldr	r3, [sp, #24]
100013da:	0429      	lsls	r1, r5, #16
100013dc:	031b      	lsls	r3, r3, #12
100013de:	4319      	orrs	r1, r3
100013e0:	6823      	ldr	r3, [r4, #0]
100013e2:	2b00      	cmp	r3, #0
100013e4:	db1e      	blt.n	10001424 <pll_init+0x64>
100013e6:	4b19      	ldr	r3, [pc, #100]	; (1000144c <pll_init+0x8c>)
100013e8:	4d19      	ldr	r5, [pc, #100]	; (10001450 <pll_init+0x90>)
100013ea:	18e2      	adds	r2, r4, r3
100013ec:	4253      	negs	r3, r2
100013ee:	415a      	adcs	r2, r3
100013f0:	2380      	movs	r3, #128	; 0x80
100013f2:	015b      	lsls	r3, r3, #5
100013f4:	469c      	mov	ip, r3
100013f6:	0312      	lsls	r2, r2, #12
100013f8:	4b16      	ldr	r3, [pc, #88]	; (10001454 <pll_init+0x94>)
100013fa:	4462      	add	r2, ip
100013fc:	601a      	str	r2, [r3, #0]
100013fe:	4b16      	ldr	r3, [pc, #88]	; (10001458 <pll_init+0x98>)
10001400:	601a      	str	r2, [r3, #0]
10001402:	0017      	movs	r7, r2
10001404:	682b      	ldr	r3, [r5, #0]
10001406:	439f      	bics	r7, r3
10001408:	d1fb      	bne.n	10001402 <pll_init+0x42>
1000140a:	4b14      	ldr	r3, [pc, #80]	; (1000145c <pll_init+0x9c>)
1000140c:	6026      	str	r6, [r4, #0]
1000140e:	18e2      	adds	r2, r4, r3
10001410:	2321      	movs	r3, #33	; 0x21
10001412:	60a0      	str	r0, [r4, #8]
10001414:	6013      	str	r3, [r2, #0]
10001416:	6823      	ldr	r3, [r4, #0]
10001418:	2b00      	cmp	r3, #0
1000141a:	dafc      	bge.n	10001416 <pll_init+0x56>
1000141c:	2308      	movs	r3, #8
1000141e:	60e1      	str	r1, [r4, #12]
10001420:	6013      	str	r3, [r2, #0]
10001422:	bdf8      	pop	{r3, r4, r5, r6, r7, pc}
10001424:	233f      	movs	r3, #63	; 0x3f
10001426:	6822      	ldr	r2, [r4, #0]
10001428:	4013      	ands	r3, r2
1000142a:	42b3      	cmp	r3, r6
1000142c:	d1db      	bne.n	100013e6 <pll_init+0x26>
1000142e:	68a3      	ldr	r3, [r4, #8]
10001430:	051b      	lsls	r3, r3, #20
10001432:	0d1b      	lsrs	r3, r3, #20
10001434:	4283      	cmp	r3, r0
10001436:	d1d6      	bne.n	100013e6 <pll_init+0x26>
10001438:	22ee      	movs	r2, #238	; 0xee
1000143a:	68e3      	ldr	r3, [r4, #12]
1000143c:	02d2      	lsls	r2, r2, #11
1000143e:	4013      	ands	r3, r2
10001440:	428b      	cmp	r3, r1
10001442:	d1d0      	bne.n	100013e6 <pll_init+0x26>
10001444:	e7ed      	b.n	10001422 <pll_init+0x62>
10001446:	46c0      	nop			; (mov r8, r8)
10001448:	00b71b00 	.word	0x00b71b00
1000144c:	bffd4000 	.word	0xbffd4000
10001450:	4000c008 	.word	0x4000c008
10001454:	4000e000 	.word	0x4000e000
10001458:	4000f000 	.word	0x4000f000
1000145c:	00003004 	.word	0x00003004

10001460 <tick_start>:
10001460:	2380      	movs	r3, #128	; 0x80
10001462:	4a02      	ldr	r2, [pc, #8]	; (1000146c <tick_start+0xc>)
10001464:	009b      	lsls	r3, r3, #2
10001466:	430b      	orrs	r3, r1
10001468:	62d3      	str	r3, [r2, #44]	; 0x2c
1000146a:	4770      	bx	lr
1000146c:	40058000 	.word	0x40058000

10001470 <xosc_init>:
10001470:	23aa      	movs	r3, #170	; 0xaa
10001472:	4a06      	ldr	r2, [pc, #24]	; (1000148c <xosc_init+0x1c>)
10001474:	011b      	lsls	r3, r3, #4
10001476:	6013      	str	r3, [r2, #0]
10001478:	232f      	movs	r3, #47	; 0x2f
1000147a:	4905      	ldr	r1, [pc, #20]	; (10001490 <xosc_init+0x20>)
1000147c:	60d3      	str	r3, [r2, #12]
1000147e:	4b05      	ldr	r3, [pc, #20]	; (10001494 <xosc_init+0x24>)
10001480:	6019      	str	r1, [r3, #0]
10001482:	6853      	ldr	r3, [r2, #4]
10001484:	2b00      	cmp	r3, #0
10001486:	dafc      	bge.n	10001482 <xosc_init+0x12>
10001488:	4770      	bx	lr
1000148a:	46c0      	nop			; (mov r8, r8)
1000148c:	40024000 	.word	0x40024000
10001490:	00fab000 	.word	0x00fab000
10001494:	40026000 	.word	0x40026000

10001498 <first_per_core_initializer>:
10001498:	4770      	bx	lr
1000149a:	46c0      	nop			; (mov r8, r8)

1000149c <hard_assertion_failure>:
1000149c:	b510      	push	{r4, lr}
1000149e:	4801      	ldr	r0, [pc, #4]	; (100014a4 <hard_assertion_failure+0x8>)
100014a0:	f7ff f806 	bl	100004b0 <panic>
100014a4:	100040cc 	.word	0x100040cc

100014a8 <runtime_run_initializers>:
100014a8:	b570      	push	{r4, r5, r6, lr}
100014aa:	4d07      	ldr	r5, [pc, #28]	; (100014c8 <runtime_run_initializers+0x20>)
100014ac:	4e07      	ldr	r6, [pc, #28]	; (100014cc <runtime_run_initializers+0x24>)
100014ae:	42b5      	cmp	r5, r6
100014b0:	d209      	bcs.n	100014c6 <runtime_run_initializers+0x1e>
100014b2:	2400      	movs	r4, #0
100014b4:	3e01      	subs	r6, #1
100014b6:	1b76      	subs	r6, r6, r5
100014b8:	08b6      	lsrs	r6, r6, #2
100014ba:	cd08      	ldmia	r5!, {r3}
100014bc:	4798      	blx	r3
100014be:	0023      	movs	r3, r4
100014c0:	3401      	adds	r4, #1
100014c2:	42b3      	cmp	r3, r6
100014c4:	d1f9      	bne.n	100014ba <runtime_run_initializers+0x12>
100014c6:	bd70      	pop	{r4, r5, r6, pc}
100014c8:	10004050 	.word	0x10004050
100014cc:	1000408c 	.word	0x1000408c

100014d0 <runtime_init_early_resets>:
100014d0:	4b05      	ldr	r3, [pc, #20]	; (100014e8 <runtime_init_early_resets+0x18>)
100014d2:	4a06      	ldr	r2, [pc, #24]	; (100014ec <runtime_init_early_resets+0x1c>)
100014d4:	4906      	ldr	r1, [pc, #24]	; (100014f0 <runtime_init_early_resets+0x20>)
100014d6:	601a      	str	r2, [r3, #0]
100014d8:	4a06      	ldr	r2, [pc, #24]	; (100014f4 <runtime_init_early_resets+0x24>)
100014da:	4b07      	ldr	r3, [pc, #28]	; (100014f8 <runtime_init_early_resets+0x28>)
100014dc:	601a      	str	r2, [r3, #0]
100014de:	0010      	movs	r0, r2
100014e0:	680b      	ldr	r3, [r1, #0]
100014e2:	4398      	bics	r0, r3
100014e4:	d1fb      	bne.n	100014de <runtime_init_early_resets+0xe>
100014e6:	4770      	bx	lr
100014e8:	4000e000 	.word	0x4000e000
100014ec:	fefbcdbf 	.word	0xfefbcdbf
100014f0:	4000c008 	.word	0x4000c008
100014f4:	003c7ffe 	.word	0x003c7ffe
100014f8:	4000f000 	.word	0x4000f000

100014fc <runtime_init_usb_power_down>:
100014fc:	4b04      	ldr	r3, [pc, #16]	; (10001510 <runtime_init_usb_power_down+0x14>)
100014fe:	6cdb      	ldr	r3, [r3, #76]	; 0x4c
10001500:	2b00      	cmp	r3, #0
10001502:	d103      	bne.n	1000150c <runtime_init_usb_power_down+0x10>
10001504:	2280      	movs	r2, #128	; 0x80
10001506:	4b03      	ldr	r3, [pc, #12]	; (10001514 <runtime_init_usb_power_down+0x18>)
10001508:	02d2      	lsls	r2, r2, #11
1000150a:	601a      	str	r2, [r3, #0]
1000150c:	4770      	bx	lr
1000150e:	46c0      	nop			; (mov r8, r8)
10001510:	50110000 	.word	0x50110000
10001514:	5011204c 	.word	0x5011204c

10001518 <runtime_init_post_clock_resets>:
10001518:	4a04      	ldr	r2, [pc, #16]	; (1000152c <runtime_init_post_clock_resets+0x14>)
1000151a:	4b05      	ldr	r3, [pc, #20]	; (10001530 <runtime_init_post_clock_resets+0x18>)
1000151c:	601a      	str	r2, [r3, #0]
1000151e:	4a05      	ldr	r2, [pc, #20]	; (10001534 <runtime_init_post_clock_resets+0x1c>)
10001520:	6813      	ldr	r3, [r2, #0]
10001522:	01db      	lsls	r3, r3, #7
10001524:	3380      	adds	r3, #128	; 0x80
10001526:	d1fb      	bne.n	10001520 <runtime_init_post_clock_resets+0x8>
10001528:	4770      	bx	lr
1000152a:	46c0      	nop			; (mov r8, r8)
1000152c:	01ffffff 	.word	0x01ffffff
10001530:	4000f000 	.word	0x4000f000
10001534:	4000c008 	.word	0x4000c008

10001538 <runtime_init_rp2040_gpio_ie_disable>:
10001538:	2240      	movs	r2, #64	; 0x40
1000153a:	4b03      	ldr	r3, [pc, #12]	; (10001548 <runtime_init_rp2040_gpio_ie_disable+0x10>)
1000153c:	679a      	str	r2, [r3, #120]	; 0x78
1000153e:	675a      	str	r2, [r3, #116]	; 0x74
10001540:	671a      	str	r2, [r3, #112]	; 0x70
10001542:	66da      	str	r2, [r3, #108]	; 0x6c
10001544:	4770      	bx	lr
10001546:	46c0      	nop			; (mov r8, r8)
10001548:	4001f000 	.word	0x4001f000

1000154c <runtime_init_spin_locks_reset>:
1000154c:	b510      	push	{r4, lr}
1000154e:	f7fe fff5 	bl	1000053c <spin_locks_reset>
10001552:	bd10      	pop	{r4, pc}

10001554 <runtime_init_install_ram_vector_table>:
10001554:	b570      	push	{r4, r5, r6, lr}
10001556:	4d04      	ldr	r5, [pc, #16]	; (10001568 <runtime_init_install_ram_vector_table+0x14>)
10001558:	4c04      	ldr	r4, [pc, #16]	; (1000156c <runtime_init_install_ram_vector_table+0x18>)
1000155a:	0028      	movs	r0, r5
1000155c:	22c0      	movs	r2, #192	; 0xc0
1000155e:	68a1      	ldr	r1, [r4, #8]
10001560:	f000 ffa8 	bl	100024b4 <__wrap___aeabi_memcpy>
10001564:	60a5      	str	r5, [r4, #8]
10001566:	bd70      	pop	{r4, r5, r6, pc}
10001568:	20000000 	.word	0x20000000
1000156c:	e000ed00 	.word	0xe000ed00

10001570 <runtime_init_clocks>:
10001570:	2300      	movs	r3, #0
10001572:	b510      	push	{r4, lr}
10001574:	4c29      	ldr	r4, [pc, #164]	; (1000161c <runtime_init_clocks+0xac>)
10001576:	b082      	sub	sp, #8
10001578:	67a3      	str	r3, [r4, #120]	; 0x78
1000157a:	f7ff ff79 	bl	10001470 <xosc_init>
1000157e:	2201      	movs	r2, #1
10001580:	4b27      	ldr	r3, [pc, #156]	; (10001620 <runtime_init_clocks+0xb0>)
10001582:	601a      	str	r2, [r3, #0]
10001584:	6c63      	ldr	r3, [r4, #68]	; 0x44
10001586:	2b01      	cmp	r3, #1
10001588:	d1fc      	bne.n	10001584 <runtime_init_clocks+0x14>
1000158a:	2203      	movs	r2, #3
1000158c:	4b25      	ldr	r3, [pc, #148]	; (10001624 <runtime_init_clocks+0xb4>)
1000158e:	601a      	str	r2, [r3, #0]
10001590:	4a22      	ldr	r2, [pc, #136]	; (1000161c <runtime_init_clocks+0xac>)
10001592:	6b93      	ldr	r3, [r2, #56]	; 0x38
10001594:	2b01      	cmp	r3, #1
10001596:	d1fc      	bne.n	10001592 <runtime_init_clocks+0x22>
10001598:	3301      	adds	r3, #1
1000159a:	9300      	str	r3, [sp, #0]
1000159c:	2101      	movs	r1, #1
1000159e:	4a22      	ldr	r2, [pc, #136]	; (10001628 <runtime_init_clocks+0xb8>)
100015a0:	4822      	ldr	r0, [pc, #136]	; (1000162c <runtime_init_clocks+0xbc>)
100015a2:	3304      	adds	r3, #4
100015a4:	f7ff ff0c 	bl	100013c0 <pll_init>
100015a8:	2305      	movs	r3, #5
100015aa:	2101      	movs	r1, #1
100015ac:	9300      	str	r3, [sp, #0]
100015ae:	4a20      	ldr	r2, [pc, #128]	; (10001630 <runtime_init_clocks+0xc0>)
100015b0:	4820      	ldr	r0, [pc, #128]	; (10001634 <runtime_init_clocks+0xc4>)
100015b2:	f7ff ff05 	bl	100013c0 <pll_init>
100015b6:	2200      	movs	r2, #0
100015b8:	2102      	movs	r1, #2
100015ba:	2004      	movs	r0, #4
100015bc:	4b1e      	ldr	r3, [pc, #120]	; (10001638 <runtime_init_clocks+0xc8>)
100015be:	f7ff fe85 	bl	100012cc <clock_configure_undivided>
100015c2:	2200      	movs	r2, #0
100015c4:	2101      	movs	r1, #1
100015c6:	2005      	movs	r0, #5
100015c8:	4b1c      	ldr	r3, [pc, #112]	; (1000163c <runtime_init_clocks+0xcc>)
100015ca:	f7ff fe7f 	bl	100012cc <clock_configure_undivided>
100015ce:	2200      	movs	r2, #0
100015d0:	2100      	movs	r1, #0
100015d2:	2007      	movs	r0, #7
100015d4:	4b1a      	ldr	r3, [pc, #104]	; (10001640 <runtime_init_clocks+0xd0>)
100015d6:	f7ff fe79 	bl	100012cc <clock_configure_undivided>
100015da:	2200      	movs	r2, #0
100015dc:	2100      	movs	r1, #0
100015de:	2008      	movs	r0, #8
100015e0:	4b17      	ldr	r3, [pc, #92]	; (10001640 <runtime_init_clocks+0xd0>)
100015e2:	f7ff fe73 	bl	100012cc <clock_configure_undivided>
100015e6:	2380      	movs	r3, #128	; 0x80
100015e8:	00db      	lsls	r3, r3, #3
100015ea:	9300      	str	r3, [sp, #0]
100015ec:	2200      	movs	r2, #0
100015ee:	2100      	movs	r1, #0
100015f0:	2009      	movs	r0, #9
100015f2:	4b13      	ldr	r3, [pc, #76]	; (10001640 <runtime_init_clocks+0xd0>)
100015f4:	f7ff fdf0 	bl	100011d8 <clock_configure_int_divider>
100015f8:	2200      	movs	r2, #0
100015fa:	4b10      	ldr	r3, [pc, #64]	; (1000163c <runtime_init_clocks+0xcc>)
100015fc:	2100      	movs	r1, #0
100015fe:	2006      	movs	r0, #6
10001600:	f7ff fe64 	bl	100012cc <clock_configure_undivided>
10001604:	2004      	movs	r0, #4
10001606:	f7ff fed5 	bl	100013b4 <clock_get_hz>
1000160a:	490e      	ldr	r1, [pc, #56]	; (10001644 <runtime_init_clocks+0xd4>)
1000160c:	f000 f87e 	bl	1000170c <__wrap___aeabi_uidiv>
10001610:	0001      	movs	r1, r0
10001612:	2000      	movs	r0, #0
10001614:	f7ff ff24 	bl	10001460 <tick_start>
10001618:	b002      	add	sp, #8
1000161a:	bd10      	pop	{r4, pc}
1000161c:	40008000 	.word	0x40008000
10001620:	4000b03c 	.word	0x4000b03c
10001624:	4000b030 	.word	0x4000b030
10001628:	59682f00 	.word	0x59682f00
1000162c:	40028000 	.word	0x40028000
10001630:	47868c00 	.word	0x47868c00
10001634:	4002c000 	.word	0x4002c000
10001638:	00b71b00 	.word	0x00b71b00
1000163c:	07735940 	.word	0x07735940
10001640:	02dc6c00 	.word	0x02dc6c00
10001644:	000f4240 	.word	0x000f4240

10001648 <__aeabi_bits_init>:
10001648:	4801      	ldr	r0, [pc, #4]	; (10001650 <__aeabi_bits_init+0x8>)
1000164a:	2104      	movs	r1, #4
1000164c:	4b01      	ldr	r3, [pc, #4]	; (10001654 <__aeabi_bits_init+0xc>)
1000164e:	4718      	bx	r3
10001650:	20000200 	.word	0x20000200
10001654:	10001679 	.word	0x10001679

10001658 <rom_func_lookup>:
10001658:	2314      	movs	r3, #20
1000165a:	b510      	push	{r4, lr}
1000165c:	0001      	movs	r1, r0
1000165e:	8818      	ldrh	r0, [r3, #0]
10001660:	3304      	adds	r3, #4
10001662:	881b      	ldrh	r3, [r3, #0]
10001664:	4798      	blx	r3
10001666:	bd10      	pop	{r4, pc}

10001668 <rom_data_lookup>:
10001668:	2316      	movs	r3, #22
1000166a:	b510      	push	{r4, lr}
1000166c:	0001      	movs	r1, r0
1000166e:	8818      	ldrh	r0, [r3, #0]
10001670:	3302      	adds	r3, #2
10001672:	881b      	ldrh	r3, [r3, #0]
10001674:	4798      	blx	r3
10001676:	bd10      	pop	{r4, pc}

10001678 <rom_funcs_lookup>:
10001678:	b5f8      	push	{r3, r4, r5, r6, r7, lr}
1000167a:	4647      	mov	r7, r8
1000167c:	46ce      	mov	lr, r9
1000167e:	b580      	push	{r7, lr}
10001680:	1e0f      	subs	r7, r1, #0
10001682:	d019      	beq.n	100016b8 <rom_funcs_lookup+0x40>
10001684:	2314      	movs	r3, #20
10001686:	4699      	mov	r9, r3
10001688:	3304      	adds	r3, #4
1000168a:	0004      	movs	r4, r0
1000168c:	2500      	movs	r5, #0
1000168e:	2601      	movs	r6, #1
10001690:	4698      	mov	r8, r3
10001692:	464b      	mov	r3, r9
10001694:	8818      	ldrh	r0, [r3, #0]
10001696:	4643      	mov	r3, r8
10001698:	6821      	ldr	r1, [r4, #0]
1000169a:	881b      	ldrh	r3, [r3, #0]
1000169c:	4798      	blx	r3
1000169e:	c401      	stmia	r4!, {r0}
100016a0:	1e43      	subs	r3, r0, #1
100016a2:	4198      	sbcs	r0, r3
100016a4:	3501      	adds	r5, #1
100016a6:	4240      	negs	r0, r0
100016a8:	4006      	ands	r6, r0
100016aa:	42af      	cmp	r7, r5
100016ac:	d1f1      	bne.n	10001692 <rom_funcs_lookup+0x1a>
100016ae:	0030      	movs	r0, r6
100016b0:	bcc0      	pop	{r6, r7}
100016b2:	46b9      	mov	r9, r7
100016b4:	46b0      	mov	r8, r6
100016b6:	bdf8      	pop	{r3, r4, r5, r6, r7, pc}
100016b8:	2601      	movs	r6, #1
100016ba:	e7f8      	b.n	100016ae <rom_funcs_lookup+0x36>

100016bc <__wrap___aeabi_idiv>:
100016bc:	4a12      	ldr	r2, [pc, #72]	; (10001708 <divmod_s32s32_savestate+0x18>)
100016be:	6f93      	ldr	r3, [r2, #120]	; 0x78
100016c0:	089b      	lsrs	r3, r3, #2
100016c2:	d215      	bcs.n	100016f0 <divmod_s32s32_savestate>

100016c4 <divmod_s32s32_unsafe>:
100016c4:	6690      	str	r0, [r2, #104]	; 0x68
100016c6:	66d1      	str	r1, [r2, #108]	; 0x6c
100016c8:	2900      	cmp	r1, #0
100016ca:	d005      	beq.n	100016d8 <divmod_s32s32_unsafe+0x14>
100016cc:	e7ff      	b.n	100016ce <divmod_s32s32_unsafe+0xa>
100016ce:	e7ff      	b.n	100016d0 <divmod_s32s32_unsafe+0xc>
100016d0:	e7ff      	b.n	100016d2 <divmod_s32s32_unsafe+0xe>
100016d2:	6f51      	ldr	r1, [r2, #116]	; 0x74
100016d4:	6f10      	ldr	r0, [r2, #112]	; 0x70
100016d6:	4770      	bx	lr
100016d8:	b504      	push	{r2, lr}
100016da:	2180      	movs	r1, #128	; 0x80
100016dc:	0609      	lsls	r1, r1, #24
100016de:	17c2      	asrs	r2, r0, #31
100016e0:	4051      	eors	r1, r2
100016e2:	2800      	cmp	r0, #0
100016e4:	d000      	beq.n	100016e8 <divmod_s32s32_unsafe+0x24>
100016e6:	43c8      	mvns	r0, r1
100016e8:	f002 fca2 	bl	10004030 <____aeabi_idiv0_veneer>
100016ec:	2100      	movs	r1, #0
100016ee:	bd04      	pop	{r2, pc}

100016f0 <divmod_s32s32_savestate>:
100016f0:	b5f0      	push	{r4, r5, r6, r7, lr}
100016f2:	6e14      	ldr	r4, [r2, #96]	; 0x60
100016f4:	6e55      	ldr	r5, [r2, #100]	; 0x64
100016f6:	6f57      	ldr	r7, [r2, #116]	; 0x74
100016f8:	6f16      	ldr	r6, [r2, #112]	; 0x70
100016fa:	f7ff ffe3 	bl	100016c4 <divmod_s32s32_unsafe>
100016fe:	6614      	str	r4, [r2, #96]	; 0x60
10001700:	6655      	str	r5, [r2, #100]	; 0x64
10001702:	6757      	str	r7, [r2, #116]	; 0x74
10001704:	6716      	str	r6, [r2, #112]	; 0x70
10001706:	bdf0      	pop	{r4, r5, r6, r7, pc}
10001708:	d0000000 	.word	0xd0000000

1000170c <__wrap___aeabi_uidiv>:
1000170c:	4a11      	ldr	r2, [pc, #68]	; (10001754 <divmod_u32u32_savestate+0x18>)
1000170e:	6f93      	ldr	r3, [r2, #120]	; 0x78
10001710:	089b      	lsrs	r3, r3, #2
10001712:	d213      	bcs.n	1000173c <divmod_u32u32_savestate>

10001714 <divmod_u32u32_unsafe>:
10001714:	6610      	str	r0, [r2, #96]	; 0x60
10001716:	6651      	str	r1, [r2, #100]	; 0x64
10001718:	2900      	cmp	r1, #0
1000171a:	d005      	beq.n	10001728 <divmod_u32u32_unsafe+0x14>
1000171c:	e7ff      	b.n	1000171e <divmod_u32u32_unsafe+0xa>
1000171e:	e7ff      	b.n	10001720 <divmod_u32u32_unsafe+0xc>
10001720:	e7ff      	b.n	10001722 <divmod_u32u32_unsafe+0xe>
10001722:	6f51      	ldr	r1, [r2, #116]	; 0x74
10001724:	6f10      	ldr	r0, [r2, #112]	; 0x70
10001726:	4770      	bx	lr
10001728:	b504      	push	{r2, lr}
1000172a:	2800      	cmp	r0, #0
1000172c:	d001      	beq.n	10001732 <divmod_u32u32_unsafe+0x1e>
1000172e:	2000      	movs	r0, #0
10001730:	43c0      	mvns	r0, r0
10001732:	f002 fc7d 	bl	10004030 <____aeabi_idiv0_veneer>
10001736:	2100      	movs	r1, #0
10001738:	bd04      	pop	{r2, pc}
1000173a:	46c0      	nop			; (mov r8, r8)

1000173c <divmod_u32u32_savestate>:
1000173c:	b5f0      	push	{r4, r5, r6, r7, lr}
1000173e:	6e14      	ldr	r4, [r2, #96]	; 0x60
10001740:	6e55      	ldr	r5, [r2, #100]	; 0x64
10001742:	6f57      	ldr	r7, [r2, #116]	; 0x74
10001744:	6f16      	ldr	r6, [r2, #112]	; 0x70
10001746:	f7ff ffe5 	bl	10001714 <divmod_u32u32_unsafe>
1000174a:	6614      	str	r4, [r2, #96]	; 0x60
1000174c:	6655      	str	r5, [r2, #100]	; 0x64
1000174e:	6757      	str	r7, [r2, #116]	; 0x74
10001750:	6716      	str	r6, [r2, #112]	; 0x70
10001752:	bdf0      	pop	{r4, r5, r6, r7, pc}
10001754:	d0000000 	.word	0xd0000000

10001758 <__wrap___aeabi_ldivmod>:
10001758:	4694      	mov	ip, r2
1000175a:	4a4a      	ldr	r2, [pc, #296]	; (10001884 <udiv0+0x1a>)
1000175c:	6f92      	ldr	r2, [r2, #120]	; 0x78
1000175e:	0892      	lsrs	r2, r2, #2
10001760:	4662      	mov	r2, ip
10001762:	d201      	bcs.n	10001768 <divmod_s64s64_savestate>
10001764:	e028      	b.n	100017b8 <divmod_s64s64_unsafe>
10001766:	46c0      	nop			; (mov r8, r8)

10001768 <divmod_s64s64_savestate>:
10001768:	b5f0      	push	{r4, r5, r6, r7, lr}
1000176a:	4e46      	ldr	r6, [pc, #280]	; (10001884 <udiv0+0x1a>)
1000176c:	6e34      	ldr	r4, [r6, #96]	; 0x60
1000176e:	6e75      	ldr	r5, [r6, #100]	; 0x64
10001770:	6f77      	ldr	r7, [r6, #116]	; 0x74
10001772:	6f36      	ldr	r6, [r6, #112]	; 0x70
10001774:	f000 f820 	bl	100017b8 <divmod_s64s64_unsafe>
10001778:	4694      	mov	ip, r2
1000177a:	4a42      	ldr	r2, [pc, #264]	; (10001884 <udiv0+0x1a>)
1000177c:	6614      	str	r4, [r2, #96]	; 0x60
1000177e:	6655      	str	r5, [r2, #100]	; 0x64
10001780:	6757      	str	r7, [r2, #116]	; 0x74
10001782:	6716      	str	r6, [r2, #112]	; 0x70
10001784:	4662      	mov	r2, ip
10001786:	bdf0      	pop	{r4, r5, r6, r7, pc}

10001788 <__wrap___aeabi_uldivmod>:
10001788:	4694      	mov	ip, r2
1000178a:	4a3e      	ldr	r2, [pc, #248]	; (10001884 <udiv0+0x1a>)
1000178c:	6f92      	ldr	r2, [r2, #120]	; 0x78
1000178e:	0892      	lsrs	r2, r2, #2
10001790:	4662      	mov	r2, ip
10001792:	d201      	bcs.n	10001798 <divmod_u64u64_savestate>
10001794:	e054      	b.n	10001840 <divmod_u64u64_unsafe>
10001796:	46c0      	nop			; (mov r8, r8)

10001798 <divmod_u64u64_savestate>:
10001798:	b5f0      	push	{r4, r5, r6, r7, lr}
1000179a:	4e3a      	ldr	r6, [pc, #232]	; (10001884 <udiv0+0x1a>)
1000179c:	6e34      	ldr	r4, [r6, #96]	; 0x60
1000179e:	6e75      	ldr	r5, [r6, #100]	; 0x64
100017a0:	6f77      	ldr	r7, [r6, #116]	; 0x74
100017a2:	6f36      	ldr	r6, [r6, #112]	; 0x70
100017a4:	f000 f84c 	bl	10001840 <divmod_u64u64_unsafe>
100017a8:	4694      	mov	ip, r2
100017aa:	4a36      	ldr	r2, [pc, #216]	; (10001884 <udiv0+0x1a>)
100017ac:	6614      	str	r4, [r2, #96]	; 0x60
100017ae:	6655      	str	r5, [r2, #100]	; 0x64
100017b0:	6757      	str	r7, [r2, #116]	; 0x74
100017b2:	6716      	str	r6, [r2, #112]	; 0x70
100017b4:	4662      	mov	r2, ip
100017b6:	bdf0      	pop	{r4, r5, r6, r7, pc}

100017b8 <divmod_s64s64_unsafe>:
100017b8:	2b00      	cmp	r3, #0
100017ba:	db24      	blt.n	10001806 <l42_1+0x26>
100017bc:	d011      	beq.n	100017e2 <l42_1+0x2>
100017be:	2900      	cmp	r1, #0
100017c0:	da3e      	bge.n	10001840 <divmod_u64u64_unsafe>
100017c2:	b500      	push	{lr}
100017c4:	43c9      	mvns	r1, r1
100017c6:	4240      	negs	r0, r0
100017c8:	d100      	bne.n	100017cc <l40_1>
100017ca:	3101      	adds	r1, #1

100017cc <l40_1>:
100017cc:	f000 f838 	bl	10001840 <divmod_u64u64_unsafe>
100017d0:	43c9      	mvns	r1, r1
100017d2:	4240      	negs	r0, r0
100017d4:	d100      	bne.n	100017d8 <l41_1>
100017d6:	3101      	adds	r1, #1

100017d8 <l41_1>:
100017d8:	43db      	mvns	r3, r3
100017da:	4252      	negs	r2, r2
100017dc:	d100      	bne.n	100017e0 <l42_1>
100017de:	3301      	adds	r3, #1

100017e0 <l42_1>:
100017e0:	bd00      	pop	{pc}
100017e2:	2a00      	cmp	r2, #0
100017e4:	d1eb      	bne.n	100017be <divmod_s64s64_unsafe+0x6>
100017e6:	2800      	cmp	r0, #0
100017e8:	d101      	bne.n	100017ee <l42_1+0xe>
100017ea:	2900      	cmp	r1, #0
100017ec:	d005      	beq.n	100017fa <l42_1+0x1a>
100017ee:	2000      	movs	r0, #0
100017f0:	0fc9      	lsrs	r1, r1, #31
100017f2:	07c9      	lsls	r1, r1, #31
100017f4:	d101      	bne.n	100017fa <l42_1+0x1a>
100017f6:	43c0      	mvns	r0, r0
100017f8:	0841      	lsrs	r1, r0, #1
100017fa:	b500      	push	{lr}
100017fc:	f002 fc10 	bl	10004020 <____aeabi_ldiv0_veneer>
10001800:	2200      	movs	r2, #0
10001802:	2300      	movs	r3, #0
10001804:	bd00      	pop	{pc}
10001806:	b500      	push	{lr}
10001808:	2900      	cmp	r1, #0
1000180a:	db0a      	blt.n	10001822 <l44_1+0x2>
1000180c:	43db      	mvns	r3, r3
1000180e:	4252      	negs	r2, r2
10001810:	d100      	bne.n	10001814 <l43_1>
10001812:	3301      	adds	r3, #1

10001814 <l43_1>:
10001814:	f000 f814 	bl	10001840 <divmod_u64u64_unsafe>
10001818:	43c9      	mvns	r1, r1
1000181a:	4240      	negs	r0, r0
1000181c:	d100      	bne.n	10001820 <l44_1>
1000181e:	3101      	adds	r1, #1

10001820 <l44_1>:
10001820:	bd00      	pop	{pc}
10001822:	43c9      	mvns	r1, r1
10001824:	4240      	negs	r0, r0
10001826:	d100      	bne.n	1000182a <l45_1>
10001828:	3101      	adds	r1, #1

1000182a <l45_1>:
1000182a:	43db      	mvns	r3, r3
1000182c:	4252      	negs	r2, r2
1000182e:	d100      	bne.n	10001832 <l46_1>
10001830:	3301      	adds	r3, #1

10001832 <l46_1>:
10001832:	f000 f805 	bl	10001840 <divmod_u64u64_unsafe>
10001836:	43db      	mvns	r3, r3
10001838:	4252      	negs	r2, r2
1000183a:	d100      	bne.n	1000183e <l47_1>
1000183c:	3301      	adds	r3, #1

1000183e <l47_1>:
1000183e:	bd00      	pop	{pc}

10001840 <divmod_u64u64_unsafe>:
10001840:	2900      	cmp	r1, #0
10001842:	d123      	bne.n	1000188c <y64>
10001844:	2b00      	cmp	r3, #0
10001846:	d118      	bne.n	1000187a <udiv0+0x10>
10001848:	2a00      	cmp	r2, #0
1000184a:	d00c      	beq.n	10001866 <divmod_u64u64_unsafe+0x26>
1000184c:	46bc      	mov	ip, r7
1000184e:	4f0d      	ldr	r7, [pc, #52]	; (10001884 <udiv0+0x1a>)
10001850:	6638      	str	r0, [r7, #96]	; 0x60
10001852:	667a      	str	r2, [r7, #100]	; 0x64
10001854:	2100      	movs	r1, #0
10001856:	2300      	movs	r3, #0
10001858:	e7ff      	b.n	1000185a <divmod_u64u64_unsafe+0x1a>
1000185a:	e7ff      	b.n	1000185c <divmod_u64u64_unsafe+0x1c>
1000185c:	e7ff      	b.n	1000185e <divmod_u64u64_unsafe+0x1e>
1000185e:	6f7a      	ldr	r2, [r7, #116]	; 0x74
10001860:	6f38      	ldr	r0, [r7, #112]	; 0x70
10001862:	4667      	mov	r7, ip
10001864:	4770      	bx	lr
10001866:	2800      	cmp	r0, #0
10001868:	d001      	beq.n	1000186e <udiv0+0x4>

1000186a <udiv0>:
1000186a:	4807      	ldr	r0, [pc, #28]	; (10001888 <udiv0+0x1e>)
1000186c:	0001      	movs	r1, r0
1000186e:	b500      	push	{lr}
10001870:	f002 fbd6 	bl	10004020 <____aeabi_ldiv0_veneer>
10001874:	2200      	movs	r2, #0
10001876:	2300      	movs	r3, #0
10001878:	bd00      	pop	{pc}
1000187a:	0002      	movs	r2, r0
1000187c:	000b      	movs	r3, r1
1000187e:	2000      	movs	r0, #0
10001880:	2100      	movs	r1, #0
10001882:	4770      	bx	lr
10001884:	d0000000 	.word	0xd0000000
10001888:	ffffffff 	.word	0xffffffff

1000188c <y64>:
1000188c:	2b00      	cmp	r3, #0
1000188e:	d000      	beq.n	10001892 <y64+0x6>
10001890:	e0bf      	b.n	10001a12 <y64_x48>
10001892:	0c13      	lsrs	r3, r2, #16
10001894:	d128      	bne.n	100018e8 <y64_x32>
10001896:	2a00      	cmp	r2, #0
10001898:	d0e7      	beq.n	1000186a <udiv0>
1000189a:	b480      	push	{r7}
1000189c:	4f11      	ldr	r7, [pc, #68]	; (100018e4 <y64+0x58>)
1000189e:	6639      	str	r1, [r7, #96]	; 0x60
100018a0:	667a      	str	r2, [r7, #100]	; 0x64
100018a2:	e7ff      	b.n	100018a4 <y64+0x18>
100018a4:	e7ff      	b.n	100018a6 <y64+0x1a>
100018a6:	b430      	push	{r4, r5}
100018a8:	0c04      	lsrs	r4, r0, #16
100018aa:	6f7b      	ldr	r3, [r7, #116]	; 0x74
100018ac:	6f39      	ldr	r1, [r7, #112]	; 0x70
100018ae:	041b      	lsls	r3, r3, #16
100018b0:	4323      	orrs	r3, r4
100018b2:	663b      	str	r3, [r7, #96]	; 0x60
100018b4:	667a      	str	r2, [r7, #100]	; 0x64
100018b6:	e7ff      	b.n	100018b8 <y64+0x2c>
100018b8:	e7ff      	b.n	100018ba <y64+0x2e>
100018ba:	e7ff      	b.n	100018bc <y64+0x30>
100018bc:	46c0      	nop			; (mov r8, r8)
100018be:	b284      	uxth	r4, r0
100018c0:	6f7b      	ldr	r3, [r7, #116]	; 0x74
100018c2:	6f3d      	ldr	r5, [r7, #112]	; 0x70
100018c4:	041b      	lsls	r3, r3, #16
100018c6:	4323      	orrs	r3, r4
100018c8:	663b      	str	r3, [r7, #96]	; 0x60
100018ca:	667a      	str	r2, [r7, #100]	; 0x64
100018cc:	e7ff      	b.n	100018ce <y64+0x42>
100018ce:	e7ff      	b.n	100018d0 <y64+0x44>
100018d0:	46c0      	nop			; (mov r8, r8)
100018d2:	2300      	movs	r3, #0
100018d4:	042c      	lsls	r4, r5, #16
100018d6:	0c2d      	lsrs	r5, r5, #16
100018d8:	6f7a      	ldr	r2, [r7, #116]	; 0x74
100018da:	6f38      	ldr	r0, [r7, #112]	; 0x70
100018dc:	1900      	adds	r0, r0, r4
100018de:	4169      	adcs	r1, r5
100018e0:	bcb0      	pop	{r4, r5, r7}
100018e2:	4770      	bx	lr
100018e4:	d0000000 	.word	0xd0000000

100018e8 <y64_x32>:
100018e8:	b5f0      	push	{r4, r5, r6, r7, lr}
100018ea:	4694      	mov	ip, r2
100018ec:	2500      	movs	r5, #0
100018ee:	0e14      	lsrs	r4, r2, #24
100018f0:	d101      	bne.n	100018f6 <y64_x32+0xe>
100018f2:	0212      	lsls	r2, r2, #8
100018f4:	3508      	adds	r5, #8
100018f6:	0f14      	lsrs	r4, r2, #28
100018f8:	d101      	bne.n	100018fe <y64_x32+0x16>
100018fa:	0112      	lsls	r2, r2, #4
100018fc:	3504      	adds	r5, #4
100018fe:	0f94      	lsrs	r4, r2, #30
10001900:	d101      	bne.n	10001906 <y64_x32+0x1e>
10001902:	0092      	lsls	r2, r2, #2
10001904:	3502      	adds	r5, #2
10001906:	0fd4      	lsrs	r4, r2, #31
10001908:	d101      	bne.n	1000190e <y64_x32+0x26>
1000190a:	0052      	lsls	r2, r2, #1
1000190c:	3501      	adds	r5, #1
1000190e:	0bd4      	lsrs	r4, r2, #15
10001910:	3401      	adds	r4, #1
10001912:	4f25      	ldr	r7, [pc, #148]	; (100019a8 <y64_x32+0xc0>)
10001914:	667c      	str	r4, [r7, #100]	; 0x64
10001916:	4c25      	ldr	r4, [pc, #148]	; (100019ac <y64_x32+0xc4>)
10001918:	663c      	str	r4, [r7, #96]	; 0x60
1000191a:	0c0e      	lsrs	r6, r1, #16
1000191c:	b293      	uxth	r3, r2
1000191e:	e7ff      	b.n	10001920 <y64_x32+0x38>
10001920:	e7ff      	b.n	10001922 <y64_x32+0x3a>
10001922:	e7ff      	b.n	10001924 <y64_x32+0x3c>
10001924:	6f3c      	ldr	r4, [r7, #112]	; 0x70
10001926:	4366      	muls	r6, r4
10001928:	0c36      	lsrs	r6, r6, #16
1000192a:	0377      	lsls	r7, r6, #13
1000192c:	46be      	mov	lr, r7
1000192e:	4373      	muls	r3, r6
10001930:	0bdf      	lsrs	r7, r3, #15
10001932:	045b      	lsls	r3, r3, #17
10001934:	1ac0      	subs	r0, r0, r3
10001936:	41b9      	sbcs	r1, r7
10001938:	0c13      	lsrs	r3, r2, #16
1000193a:	4373      	muls	r3, r6
1000193c:	18db      	adds	r3, r3, r3
1000193e:	1ac9      	subs	r1, r1, r3
10001940:	08ce      	lsrs	r6, r1, #3
10001942:	4366      	muls	r6, r4
10001944:	0c36      	lsrs	r6, r6, #16
10001946:	44b6      	add	lr, r6
10001948:	b293      	uxth	r3, r2
1000194a:	4373      	muls	r3, r6
1000194c:	0f1f      	lsrs	r7, r3, #28
1000194e:	011b      	lsls	r3, r3, #4
10001950:	1ac0      	subs	r0, r0, r3
10001952:	41b9      	sbcs	r1, r7
10001954:	0c13      	lsrs	r3, r2, #16
10001956:	4373      	muls	r3, r6
10001958:	0b1f      	lsrs	r7, r3, #12
1000195a:	051b      	lsls	r3, r3, #20
1000195c:	1ac0      	subs	r0, r0, r3
1000195e:	41b9      	sbcs	r1, r7
10001960:	0d86      	lsrs	r6, r0, #22
10001962:	028f      	lsls	r7, r1, #10
10001964:	433e      	orrs	r6, r7
10001966:	4366      	muls	r6, r4
10001968:	0c36      	lsrs	r6, r6, #16
1000196a:	2d09      	cmp	r5, #9
1000196c:	db24      	blt.n	100019b8 <last0>
1000196e:	0a52      	lsrs	r2, r2, #9
10001970:	4372      	muls	r2, r6
10001972:	1a80      	subs	r0, r0, r2
10001974:	0377      	lsls	r7, r6, #13
10001976:	0a46      	lsrs	r6, r0, #9
10001978:	4366      	muls	r6, r4
1000197a:	0c36      	lsrs	r6, r6, #16
1000197c:	2316      	movs	r3, #22
1000197e:	1b5b      	subs	r3, r3, r5
10001980:	40de      	lsrs	r6, r3
10001982:	40df      	lsrs	r7, r3
10001984:	19bf      	adds	r7, r7, r6
10001986:	4664      	mov	r4, ip
10001988:	4366      	muls	r6, r4
1000198a:	1b82      	subs	r2, r0, r6
1000198c:	4670      	mov	r0, lr
1000198e:	3504      	adds	r5, #4
10001990:	3306      	adds	r3, #6
10001992:	0001      	movs	r1, r0
10001994:	40d9      	lsrs	r1, r3
10001996:	40a8      	lsls	r0, r5
10001998:	19c0      	adds	r0, r0, r7
1000199a:	d300      	bcc.n	1000199e <y64_x32+0xb6>
1000199c:	3101      	adds	r1, #1
1000199e:	42a2      	cmp	r2, r4
100019a0:	d206      	bcs.n	100019b0 <y64_x32+0xc8>
100019a2:	2300      	movs	r3, #0
100019a4:	bdf0      	pop	{r4, r5, r6, r7, pc}
100019a6:	0000      	.short	0x0000
100019a8:	d0000000 	.word	0xd0000000
100019ac:	ffffffff 	.word	0xffffffff
100019b0:	1b12      	subs	r2, r2, r4
100019b2:	3001      	adds	r0, #1
100019b4:	d3f3      	bcc.n	1000199e <y64_x32+0xb6>
100019b6:	e7f1      	b.n	1000199c <y64_x32+0xb4>

100019b8 <last0>:
100019b8:	2709      	movs	r7, #9
100019ba:	1b7f      	subs	r7, r7, r5
100019bc:	40fe      	lsrs	r6, r7
100019be:	4664      	mov	r4, ip
100019c0:	b2a2      	uxth	r2, r4
100019c2:	4372      	muls	r2, r6
100019c4:	1a80      	subs	r0, r0, r2
100019c6:	d200      	bcs.n	100019ca <last0+0x12>
100019c8:	3901      	subs	r1, #1
100019ca:	0c22      	lsrs	r2, r4, #16
100019cc:	4372      	muls	r2, r6
100019ce:	0c13      	lsrs	r3, r2, #16
100019d0:	0412      	lsls	r2, r2, #16
100019d2:	1a82      	subs	r2, r0, r2
100019d4:	4199      	sbcs	r1, r3
100019d6:	000b      	movs	r3, r1
100019d8:	4670      	mov	r0, lr
100019da:	3504      	adds	r5, #4
100019dc:	3713      	adds	r7, #19
100019de:	0001      	movs	r1, r0
100019e0:	40f9      	lsrs	r1, r7
100019e2:	40a8      	lsls	r0, r5
100019e4:	1980      	adds	r0, r0, r6
100019e6:	d300      	bcc.n	100019ea <last0+0x32>
100019e8:	3101      	adds	r1, #1
100019ea:	2b00      	cmp	r3, #0
100019ec:	d102      	bne.n	100019f4 <last0+0x3c>
100019ee:	42a2      	cmp	r2, r4
100019f0:	d20a      	bcs.n	10001a08 <last0+0x50>
100019f2:	bdf0      	pop	{r4, r5, r6, r7, pc}
100019f4:	3001      	adds	r0, #1
100019f6:	d300      	bcc.n	100019fa <last0+0x42>
100019f8:	3101      	adds	r1, #1
100019fa:	1b12      	subs	r2, r2, r4
100019fc:	d2fa      	bcs.n	100019f4 <last0+0x3c>
100019fe:	3b01      	subs	r3, #1
10001a00:	d1f8      	bne.n	100019f4 <last0+0x3c>
10001a02:	42a2      	cmp	r2, r4
10001a04:	d200      	bcs.n	10001a08 <last0+0x50>
10001a06:	bdf0      	pop	{r4, r5, r6, r7, pc}
10001a08:	3001      	adds	r0, #1
10001a0a:	d300      	bcc.n	10001a0e <last0+0x56>
10001a0c:	3101      	adds	r1, #1
10001a0e:	1b12      	subs	r2, r2, r4
10001a10:	e7f7      	b.n	10001a02 <last0+0x4a>

10001a12 <y64_x48>:
10001a12:	b5f0      	push	{r4, r5, r6, r7, lr}
10001a14:	0c1c      	lsrs	r4, r3, #16
10001a16:	d000      	beq.n	10001a1a <y64_x48+0x8>
10001a18:	e080      	b.n	10001b1c <y64_x64>
10001a1a:	b40c      	push	{r2, r3}
10001a1c:	2500      	movs	r5, #0
10001a1e:	0a1c      	lsrs	r4, r3, #8
10001a20:	d104      	bne.n	10001a2c <y64_x48+0x1a>
10001a22:	021b      	lsls	r3, r3, #8
10001a24:	0e16      	lsrs	r6, r2, #24
10001a26:	4333      	orrs	r3, r6
10001a28:	0212      	lsls	r2, r2, #8
10001a2a:	3508      	adds	r5, #8
10001a2c:	0b1c      	lsrs	r4, r3, #12
10001a2e:	d104      	bne.n	10001a3a <y64_x48+0x28>
10001a30:	011b      	lsls	r3, r3, #4
10001a32:	0f16      	lsrs	r6, r2, #28
10001a34:	4333      	orrs	r3, r6
10001a36:	0112      	lsls	r2, r2, #4
10001a38:	3504      	adds	r5, #4
10001a3a:	0b9c      	lsrs	r4, r3, #14
10001a3c:	d104      	bne.n	10001a48 <y64_x48+0x36>
10001a3e:	009b      	lsls	r3, r3, #2
10001a40:	0f96      	lsrs	r6, r2, #30
10001a42:	4333      	orrs	r3, r6
10001a44:	0092      	lsls	r2, r2, #2
10001a46:	3502      	adds	r5, #2
10001a48:	0bdc      	lsrs	r4, r3, #15
10001a4a:	d102      	bne.n	10001a52 <y64_x48+0x40>
10001a4c:	1892      	adds	r2, r2, r2
10001a4e:	415b      	adcs	r3, r3
10001a50:	3501      	adds	r5, #1
10001a52:	001c      	movs	r4, r3
10001a54:	1897      	adds	r7, r2, r2
10001a56:	4164      	adcs	r4, r4
10001a58:	3401      	adds	r4, #1
10001a5a:	4f46      	ldr	r7, [pc, #280]	; (10001b74 <y64_x64+0x58>)
10001a5c:	667c      	str	r4, [r7, #100]	; 0x64
10001a5e:	4c46      	ldr	r4, [pc, #280]	; (10001b78 <y64_x64+0x5c>)
10001a60:	663c      	str	r4, [r7, #96]	; 0x60
10001a62:	0c0e      	lsrs	r6, r1, #16
10001a64:	e7ff      	b.n	10001a66 <y64_x48+0x54>
10001a66:	e7ff      	b.n	10001a68 <y64_x48+0x56>
10001a68:	e7ff      	b.n	10001a6a <y64_x48+0x58>
10001a6a:	46c0      	nop			; (mov r8, r8)
10001a6c:	6f3c      	ldr	r4, [r7, #112]	; 0x70
10001a6e:	4366      	muls	r6, r4
10001a70:	0c36      	lsrs	r6, r6, #16
10001a72:	0377      	lsls	r7, r6, #13
10001a74:	46be      	mov	lr, r7
10001a76:	b297      	uxth	r7, r2
10001a78:	4377      	muls	r7, r6
10001a7a:	1bc0      	subs	r0, r0, r7
10001a7c:	d200      	bcs.n	10001a80 <y64_x48+0x6e>
10001a7e:	3901      	subs	r1, #1
10001a80:	1bc0      	subs	r0, r0, r7
10001a82:	d200      	bcs.n	10001a86 <y64_x48+0x74>
10001a84:	3901      	subs	r1, #1
10001a86:	b29f      	uxth	r7, r3
10001a88:	4377      	muls	r7, r6
10001a8a:	1bc9      	subs	r1, r1, r7
10001a8c:	1bc9      	subs	r1, r1, r7
10001a8e:	0c17      	lsrs	r7, r2, #16
10001a90:	4377      	muls	r7, r6
10001a92:	047e      	lsls	r6, r7, #17
10001a94:	0bff      	lsrs	r7, r7, #15
10001a96:	1b80      	subs	r0, r0, r6
10001a98:	41b9      	sbcs	r1, r7
10001a9a:	08ce      	lsrs	r6, r1, #3
10001a9c:	4366      	muls	r6, r4
10001a9e:	0c36      	lsrs	r6, r6, #16
10001aa0:	2d0c      	cmp	r5, #12
10001aa2:	db33      	blt.n	10001b0c <last1>
10001aa4:	44b6      	add	lr, r6
10001aa6:	0b12      	lsrs	r2, r2, #12
10001aa8:	051f      	lsls	r7, r3, #20
10001aaa:	433a      	orrs	r2, r7
10001aac:	0b1b      	lsrs	r3, r3, #12
10001aae:	b297      	uxth	r7, r2
10001ab0:	4377      	muls	r7, r6
10001ab2:	1bc0      	subs	r0, r0, r7
10001ab4:	d200      	bcs.n	10001ab8 <y64_x48+0xa6>
10001ab6:	3901      	subs	r1, #1
10001ab8:	b29f      	uxth	r7, r3
10001aba:	4377      	muls	r7, r6
10001abc:	1bc9      	subs	r1, r1, r7
10001abe:	0c17      	lsrs	r7, r2, #16
10001ac0:	4377      	muls	r7, r6
10001ac2:	043e      	lsls	r6, r7, #16
10001ac4:	0c3f      	lsrs	r7, r7, #16
10001ac6:	1b80      	subs	r0, r0, r6
10001ac8:	41b9      	sbcs	r1, r7
10001aca:	0d86      	lsrs	r6, r0, #22
10001acc:	028f      	lsls	r7, r1, #10
10001ace:	433e      	orrs	r6, r7
10001ad0:	4366      	muls	r6, r4
10001ad2:	2729      	movs	r7, #41	; 0x29
10001ad4:	1b7f      	subs	r7, r7, r5
10001ad6:	40fe      	lsrs	r6, r7
10001ad8:	3d0c      	subs	r5, #12
10001ada:	4677      	mov	r7, lr
10001adc:	40af      	lsls	r7, r5
10001ade:	19bf      	adds	r7, r7, r6
10001ae0:	bc30      	pop	{r4, r5}
10001ae2:	b2a2      	uxth	r2, r4
10001ae4:	b2ab      	uxth	r3, r5
10001ae6:	4372      	muls	r2, r6
10001ae8:	4373      	muls	r3, r6
10001aea:	1a80      	subs	r0, r0, r2
10001aec:	4199      	sbcs	r1, r3
10001aee:	0c22      	lsrs	r2, r4, #16
10001af0:	4372      	muls	r2, r6
10001af2:	0c13      	lsrs	r3, r2, #16
10001af4:	0412      	lsls	r2, r2, #16
10001af6:	1a80      	subs	r0, r0, r2
10001af8:	4199      	sbcs	r1, r3
10001afa:	0002      	movs	r2, r0
10001afc:	000b      	movs	r3, r1
10001afe:	3701      	adds	r7, #1
10001b00:	1b00      	subs	r0, r0, r4
10001b02:	41a9      	sbcs	r1, r5
10001b04:	d2f9      	bcs.n	10001afa <y64_x48+0xe8>
10001b06:	1e78      	subs	r0, r7, #1
10001b08:	2100      	movs	r1, #0
10001b0a:	bdf0      	pop	{r4, r5, r6, r7, pc}

10001b0c <last1>:
10001b0c:	270c      	movs	r7, #12
10001b0e:	1b7f      	subs	r7, r7, r5
10001b10:	40fe      	lsrs	r6, r7
10001b12:	4677      	mov	r7, lr
10001b14:	0b7f      	lsrs	r7, r7, #13
10001b16:	40af      	lsls	r7, r5
10001b18:	19ff      	adds	r7, r7, r7
10001b1a:	e7e0      	b.n	10001ade <y64_x48+0xcc>

10001b1c <y64_x64>:
10001b1c:	2400      	movs	r4, #0
10001b1e:	1c5d      	adds	r5, r3, #1
10001b20:	d007      	beq.n	10001b32 <y64_x64+0x16>
10001b22:	4f14      	ldr	r7, [pc, #80]	; (10001b74 <y64_x64+0x58>)
10001b24:	667d      	str	r5, [r7, #100]	; 0x64
10001b26:	6639      	str	r1, [r7, #96]	; 0x60
10001b28:	e7ff      	b.n	10001b2a <y64_x64+0xe>
10001b2a:	e7ff      	b.n	10001b2c <y64_x64+0x10>
10001b2c:	e7ff      	b.n	10001b2e <y64_x64+0x12>
10001b2e:	e7ff      	b.n	10001b30 <y64_x64+0x14>
10001b30:	6f3c      	ldr	r4, [r7, #112]	; 0x70
10001b32:	b295      	uxth	r5, r2
10001b34:	b29e      	uxth	r6, r3
10001b36:	4365      	muls	r5, r4
10001b38:	4366      	muls	r6, r4
10001b3a:	1b40      	subs	r0, r0, r5
10001b3c:	41b1      	sbcs	r1, r6
10001b3e:	0c15      	lsrs	r5, r2, #16
10001b40:	0c1e      	lsrs	r6, r3, #16
10001b42:	4365      	muls	r5, r4
10001b44:	4366      	muls	r6, r4
10001b46:	0436      	lsls	r6, r6, #16
10001b48:	0c2f      	lsrs	r7, r5, #16
10001b4a:	433e      	orrs	r6, r7
10001b4c:	042d      	lsls	r5, r5, #16
10001b4e:	1b40      	subs	r0, r0, r5
10001b50:	41b1      	sbcs	r1, r6
10001b52:	4299      	cmp	r1, r3
10001b54:	d204      	bcs.n	10001b60 <y64_x64+0x44>
10001b56:	0002      	movs	r2, r0
10001b58:	000b      	movs	r3, r1
10001b5a:	0020      	movs	r0, r4
10001b5c:	2100      	movs	r1, #0
10001b5e:	bdf0      	pop	{r4, r5, r6, r7, pc}
10001b60:	d101      	bne.n	10001b66 <y64_x64+0x4a>
10001b62:	4290      	cmp	r0, r2
10001b64:	d3f7      	bcc.n	10001b56 <y64_x64+0x3a>
10001b66:	1a80      	subs	r0, r0, r2
10001b68:	4199      	sbcs	r1, r3
10001b6a:	3401      	adds	r4, #1
10001b6c:	4299      	cmp	r1, r3
10001b6e:	d3f2      	bcc.n	10001b56 <y64_x64+0x3a>
10001b70:	e7f6      	b.n	10001b60 <y64_x64+0x44>
10001b72:	0000      	.short	0x0000
10001b74:	d0000000 	.word	0xd0000000
10001b78:	ffffffff 	.word	0xffffffff

10001b7c <__wrap___aeabi_drsub>:
10001b7c:	4048      	eors	r0, r1
10001b7e:	4041      	eors	r1, r0
10001b80:	4048      	eors	r0, r1

10001b82 <__wrap___aeabi_dsub>:
10001b82:	b418      	push	{r3, r4}
10001b84:	4b1b      	ldr	r3, [pc, #108]	; (10001bf4 <__wrap___aeabi_dmul+0x12>)
10001b86:	685b      	ldr	r3, [r3, #4]
10001b88:	46fc      	mov	ip, pc
10001b8a:	9301      	str	r3, [sp, #4]
10001b8c:	bd08      	pop	{r3, pc}
10001b8e:	df04      	.short	0xdf04
10001b90:	10001e23 	.word	0x10001e23

10001b94 <__wrap___aeabi_dadd>:
10001b94:	b418      	push	{r3, r4}
10001b96:	4b17      	ldr	r3, [pc, #92]	; (10001bf4 <__wrap___aeabi_dmul+0x12>)
10001b98:	681b      	ldr	r3, [r3, #0]
10001b9a:	46fc      	mov	ip, pc
10001b9c:	9301      	str	r3, [sp, #4]
10001b9e:	bd08      	pop	{r3, pc}
10001ba0:	1e2ddf00 	.word	0x1e2ddf00
10001ba4:	1000      	.short	0x1000

10001ba6 <__wrap___aeabi_ddiv>:
10001ba6:	4694      	mov	ip, r2
10001ba8:	4a13      	ldr	r2, [pc, #76]	; (10001bf8 <__wrap___aeabi_dmul+0x16>)
10001baa:	6f92      	ldr	r2, [r2, #120]	; 0x78
10001bac:	0892      	lsrs	r2, r2, #2
10001bae:	d209      	bcs.n	10001bc4 <ddiv_save_state>
10001bb0:	4662      	mov	r2, ip

10001bb2 <ddiv_shim_call>:
10001bb2:	b418      	push	{r3, r4}
10001bb4:	4b0f      	ldr	r3, [pc, #60]	; (10001bf4 <__wrap___aeabi_dmul+0x12>)
10001bb6:	68db      	ldr	r3, [r3, #12]
10001bb8:	46fc      	mov	ip, pc
10001bba:	9301      	str	r3, [sp, #4]
10001bbc:	bd08      	pop	{r3, pc}
10001bbe:	df0c      	.short	0xdf0c
10001bc0:	100020e5 	.word	0x100020e5

10001bc4 <ddiv_save_state>:
10001bc4:	4a0c      	ldr	r2, [pc, #48]	; (10001bf8 <__wrap___aeabi_dmul+0x16>)
10001bc6:	b5f0      	push	{r4, r5, r6, r7, lr}
10001bc8:	6e14      	ldr	r4, [r2, #96]	; 0x60
10001bca:	6e55      	ldr	r5, [r2, #100]	; 0x64
10001bcc:	6f57      	ldr	r7, [r2, #116]	; 0x74
10001bce:	6f16      	ldr	r6, [r2, #112]	; 0x70
10001bd0:	4662      	mov	r2, ip
10001bd2:	f7ff ffee 	bl	10001bb2 <ddiv_shim_call>
10001bd6:	4a08      	ldr	r2, [pc, #32]	; (10001bf8 <__wrap___aeabi_dmul+0x16>)
10001bd8:	6614      	str	r4, [r2, #96]	; 0x60
10001bda:	6655      	str	r5, [r2, #100]	; 0x64
10001bdc:	6757      	str	r7, [r2, #116]	; 0x74
10001bde:	6716      	str	r6, [r2, #112]	; 0x70
10001be0:	bdf0      	pop	{r4, r5, r6, r7, pc}

10001be2 <__wrap___aeabi_dmul>:
10001be2:	b418      	push	{r3, r4}
10001be4:	4b03      	ldr	r3, [pc, #12]	; (10001bf4 <__wrap___aeabi_dmul+0x12>)
10001be6:	689b      	ldr	r3, [r3, #8]
10001be8:	46fc      	mov	ip, pc
10001bea:	9301      	str	r3, [sp, #4]
10001bec:	bd08      	pop	{r3, pc}
10001bee:	df08      	.short	0xdf08
10001bf0:	10001f89 	.word	0x10001f89
10001bf4:	200003c0 	.word	0x200003c0
10001bf8:	d0000000 	.word	0xd0000000

10001bfc <__wrap___aeabi_cdrcmple>:
10001bfc:	b5ff      	push	{r0, r1, r2, r3, r4, r5, r6, r7, lr}
10001bfe:	4050      	eors	r0, r2
10001c00:	4042      	eors	r2, r0
10001c02:	4050      	eors	r0, r2
10001c04:	4059      	eors	r1, r3
10001c06:	404b      	eors	r3, r1
10001c08:	4059      	eors	r1, r3
10001c0a:	e000      	b.n	10001c0e <__aeabi_dfcmple_guts>

10001c0c <__wrap___aeabi_cdcmpeq>:
10001c0c:	b5ff      	push	{r0, r1, r2, r3, r4, r5, r6, r7, lr}

10001c0e <__aeabi_dfcmple_guts>:
10001c0e:	4f15      	ldr	r7, [pc, #84]	; (10001c64 <__aeabi_dfcmple_guts+0x56>)
10001c10:	004c      	lsls	r4, r1, #1
10001c12:	0d64      	lsrs	r4, r4, #21
10001c14:	d003      	beq.n	10001c1e <__aeabi_dfcmple_guts+0x10>
10001c16:	42bc      	cmp	r4, r7
10001c18:	d104      	bne.n	10001c24 <__aeabi_dfcmple_guts+0x16>
10001c1a:	030c      	lsls	r4, r1, #12
10001c1c:	d814      	bhi.n	10001c48 <__aeabi_dfcmple_guts+0x3a>
10001c1e:	2000      	movs	r0, #0
10001c20:	0d09      	lsrs	r1, r1, #20
10001c22:	0509      	lsls	r1, r1, #20
10001c24:	005c      	lsls	r4, r3, #1
10001c26:	0d64      	lsrs	r4, r4, #21
10001c28:	d003      	beq.n	10001c32 <__aeabi_dfcmple_guts+0x24>
10001c2a:	42bc      	cmp	r4, r7
10001c2c:	d104      	bne.n	10001c38 <__aeabi_dfcmple_guts+0x2a>
10001c2e:	031c      	lsls	r4, r3, #12
10001c30:	d80a      	bhi.n	10001c48 <__aeabi_dfcmple_guts+0x3a>
10001c32:	2200      	movs	r2, #0
10001c34:	0d1b      	lsrs	r3, r3, #20
10001c36:	051b      	lsls	r3, r3, #20
10001c38:	2601      	movs	r6, #1
10001c3a:	404b      	eors	r3, r1
10001c3c:	d409      	bmi.n	10001c52 <__aeabi_dfcmple_guts+0x44>
10001c3e:	404b      	eors	r3, r1
10001c40:	d503      	bpl.n	10001c4a <__aeabi_dfcmple_guts+0x3c>
10001c42:	428b      	cmp	r3, r1
10001c44:	d100      	bne.n	10001c48 <__aeabi_dfcmple_guts+0x3a>
10001c46:	4282      	cmp	r2, r0
10001c48:	bdff      	pop	{r0, r1, r2, r3, r4, r5, r6, r7, pc}
10001c4a:	4299      	cmp	r1, r3
10001c4c:	d1fc      	bne.n	10001c48 <__aeabi_dfcmple_guts+0x3a>
10001c4e:	4290      	cmp	r0, r2
10001c50:	bdff      	pop	{r0, r1, r2, r3, r4, r5, r6, r7, pc}
10001c52:	430b      	orrs	r3, r1
10001c54:	18db      	adds	r3, r3, r3
10001c56:	4303      	orrs	r3, r0
10001c58:	4313      	orrs	r3, r2
10001c5a:	d0f5      	beq.n	10001c48 <__aeabi_dfcmple_guts+0x3a>
10001c5c:	43c9      	mvns	r1, r1
10001c5e:	1849      	adds	r1, r1, r1
10001c60:	bdff      	pop	{r0, r1, r2, r3, r4, r5, r6, r7, pc}
10001c62:	0000      	.short	0x0000
10001c64:	000007ff 	.word	0x000007ff

10001c68 <__wrap___aeabi_dcmplt>:
10001c68:	b500      	push	{lr}
10001c6a:	f7ff ffcf 	bl	10001c0c <__wrap___aeabi_cdcmpeq>
10001c6e:	4180      	sbcs	r0, r0
10001c70:	bd00      	pop	{pc}
10001c72:	46c0      	nop			; (mov r8, r8)

10001c74 <__wrap___aeabi_dcmple>:
10001c74:	b500      	push	{lr}
10001c76:	f7ff ffc9 	bl	10001c0c <__wrap___aeabi_cdcmpeq>
10001c7a:	d901      	bls.n	10001c80 <__wrap___aeabi_dcmple+0xc>
10001c7c:	2000      	movs	r0, #0
10001c7e:	bd00      	pop	{pc}
10001c80:	2001      	movs	r0, #1
10001c82:	bd00      	pop	{pc}

10001c84 <__wrap___aeabi_dcmpge>:
10001c84:	b500      	push	{lr}
10001c86:	f7ff ffb9 	bl	10001bfc <__wrap___aeabi_cdrcmple>
10001c8a:	d901      	bls.n	10001c90 <__wrap___aeabi_dcmpge+0xc>
10001c8c:	2000      	movs	r0, #0
10001c8e:	bd00      	pop	{pc}
10001c90:	2001      	movs	r0, #1
10001c92:	bd00      	pop	{pc}

10001c94 <__wrap___aeabi_dcmpgt>:
10001c94:	b500      	push	{lr}
10001c96:	f7ff ffb1 	bl	10001bfc <__wrap___aeabi_cdrcmple>
10001c9a:	4180      	sbcs	r0, r0
10001c9c:	bd00      	pop	{pc}

10001c9e <__wrap___aeabi_dcmpun>:
10001c9e:	2001      	movs	r0, #1
10001ca0:	0540      	lsls	r0, r0, #21
10001ca2:	004a      	lsls	r2, r1, #1
10001ca4:	1812      	adds	r2, r2, r0
10001ca6:	d804      	bhi.n	10001cb2 <__wrap___aeabi_dcmpun+0x14>
10001ca8:	005a      	lsls	r2, r3, #1
10001caa:	1812      	adds	r2, r2, r0
10001cac:	d801      	bhi.n	10001cb2 <__wrap___aeabi_dcmpun+0x14>
10001cae:	2000      	movs	r0, #0
10001cb0:	4770      	bx	lr
10001cb2:	2001      	movs	r0, #1
10001cb4:	4770      	bx	lr
	...

10001cb8 <__wrap___aeabi_ui2d>:
10001cb8:	2100      	movs	r1, #0
10001cba:	2800      	cmp	r0, #0
10001cbc:	d105      	bne.n	10001cca <__wrap___aeabi_i2d+0xa>
10001cbe:	4770      	bx	lr

10001cc0 <__wrap___aeabi_i2d>:
10001cc0:	17c1      	asrs	r1, r0, #31
10001cc2:	4048      	eors	r0, r1
10001cc4:	1a40      	subs	r0, r0, r1
10001cc6:	d0fa      	beq.n	10001cbe <__wrap___aeabi_ui2d+0x6>
10001cc8:	07c9      	lsls	r1, r1, #31
10001cca:	b513      	push	{r0, r1, r4, lr}
10001ccc:	4b06      	ldr	r3, [pc, #24]	; (10001ce8 <__wrap___aeabi_i2d+0x28>)
10001cce:	681b      	ldr	r3, [r3, #0]
10001cd0:	4798      	blx	r3
10001cd2:	bc0c      	pop	{r2, r3}
10001cd4:	1c44      	adds	r4, r0, #1
10001cd6:	40a2      	lsls	r2, r4
10001cd8:	0510      	lsls	r0, r2, #20
10001cda:	0b12      	lsrs	r2, r2, #12
10001cdc:	4903      	ldr	r1, [pc, #12]	; (10001cec <__wrap___aeabi_i2d+0x2c>)
10001cde:	1b09      	subs	r1, r1, r4
10001ce0:	0509      	lsls	r1, r1, #20
10001ce2:	4319      	orrs	r1, r3
10001ce4:	4311      	orrs	r1, r2
10001ce6:	bd10      	pop	{r4, pc}
10001ce8:	2000062c 	.word	0x2000062c
10001cec:	0000041f 	.word	0x0000041f

10001cf0 <__wrap___aeabi_d2iz>:
10001cf0:	b510      	push	{r4, lr}
10001cf2:	004c      	lsls	r4, r1, #1
10001cf4:	0d62      	lsrs	r2, r4, #21
10001cf6:	2380      	movs	r3, #128	; 0x80
10001cf8:	18d2      	adds	r2, r2, r3
10001cfa:	00db      	lsls	r3, r3, #3
10001cfc:	1ad2      	subs	r2, r2, r3
10001cfe:	055b      	lsls	r3, r3, #21
10001d00:	2a7e      	cmp	r2, #126	; 0x7e
10001d02:	dd10      	ble.n	10001d26 <__wrap___aeabi_d2iz+0x36>
10001d04:	3a9e      	subs	r2, #158	; 0x9e
10001d06:	da13      	bge.n	10001d30 <__wrap___aeabi_d2iz+0x40>
10001d08:	17cc      	asrs	r4, r1, #31
10001d0a:	0309      	lsls	r1, r1, #12
10001d0c:	0849      	lsrs	r1, r1, #1
10001d0e:	4319      	orrs	r1, r3
10001d10:	4252      	negs	r2, r2
10001d12:	40d1      	lsrs	r1, r2
10001d14:	0064      	lsls	r4, r4, #1
10001d16:	3401      	adds	r4, #1
10001d18:	3215      	adds	r2, #21
10001d1a:	2a20      	cmp	r2, #32
10001d1c:	da05      	bge.n	10001d2a <__wrap___aeabi_d2iz+0x3a>
10001d1e:	40d0      	lsrs	r0, r2
10001d20:	4308      	orrs	r0, r1
10001d22:	4360      	muls	r0, r4
10001d24:	bd10      	pop	{r4, pc}
10001d26:	2000      	movs	r0, #0
10001d28:	bd10      	pop	{r4, pc}
10001d2a:	4608      	mov	r0, r1
10001d2c:	4360      	muls	r0, r4
10001d2e:	bd10      	pop	{r4, pc}
10001d30:	0fc8      	lsrs	r0, r1, #31
10001d32:	18c0      	adds	r0, r0, r3
10001d34:	3801      	subs	r0, #1
10001d36:	bd10      	pop	{r4, pc}

10001d38 <__wrap___aeabi_d2uiz>:
10001d38:	b418      	push	{r3, r4}
10001d3a:	4b04      	ldr	r3, [pc, #16]	; (10001d4c <__wrap___aeabi_d2uiz+0x14>)
10001d3c:	6a5b      	ldr	r3, [r3, #36]	; 0x24
10001d3e:	46fc      	mov	ip, pc
10001d40:	9301      	str	r3, [sp, #4]
10001d42:	bd08      	pop	{r3, pc}
10001d44:	2295df24 	.word	0x2295df24
10001d48:	00001000 	.word	0x00001000
10001d4c:	200003c0 	.word	0x200003c0

10001d50 <__aeabi_double_init>:
10001d50:	2313      	movs	r3, #19
10001d52:	b570      	push	{r4, r5, r6, lr}
10001d54:	781d      	ldrb	r5, [r3, #0]
10001d56:	2d01      	cmp	r5, #1
10001d58:	d019      	beq.n	10001d8e <__aeabi_double_init+0x3e>
10001d5a:	dd14      	ble.n	10001d86 <__aeabi_double_init+0x36>
10001d5c:	481e      	ldr	r0, [pc, #120]	; (10001dd8 <__aeabi_double_init+0x88>)
10001d5e:	f7ff fc83 	bl	10001668 <rom_data_lookup>
10001d62:	0006      	movs	r6, r0
10001d64:	481d      	ldr	r0, [pc, #116]	; (10001ddc <__aeabi_double_init+0x8c>)
10001d66:	f7ff fc7f 	bl	10001668 <rom_data_lookup>
10001d6a:	4c1d      	ldr	r4, [pc, #116]	; (10001de0 <__aeabi_double_init+0x90>)
10001d6c:	2280      	movs	r2, #128	; 0x80
10001d6e:	0031      	movs	r1, r6
10001d70:	0020      	movs	r0, r4
10001d72:	f000 fb9f 	bl	100024b4 <__wrap___aeabi_memcpy>
10001d76:	2d02      	cmp	r5, #2
10001d78:	d006      	beq.n	10001d88 <__aeabi_double_init+0x38>
10001d7a:	481a      	ldr	r0, [pc, #104]	; (10001de4 <__aeabi_double_init+0x94>)
10001d7c:	f7ff fc6c 	bl	10001658 <rom_func_lookup>
10001d80:	4b19      	ldr	r3, [pc, #100]	; (10001de8 <__aeabi_double_init+0x98>)
10001d82:	6018      	str	r0, [r3, #0]
10001d84:	bd70      	pop	{r4, r5, r6, pc}
10001d86:	4c16      	ldr	r4, [pc, #88]	; (10001de0 <__aeabi_double_init+0x90>)
10001d88:	4b18      	ldr	r3, [pc, #96]	; (10001dec <__aeabi_double_init+0x9c>)
10001d8a:	64a3      	str	r3, [r4, #72]	; 0x48
10001d8c:	e7f5      	b.n	10001d7a <__aeabi_double_init+0x2a>
10001d8e:	4b17      	ldr	r3, [pc, #92]	; (10001dec <__aeabi_double_init+0x9c>)
10001d90:	4c13      	ldr	r4, [pc, #76]	; (10001de0 <__aeabi_double_init+0x90>)
10001d92:	6023      	str	r3, [r4, #0]
10001d94:	6063      	str	r3, [r4, #4]
10001d96:	60a3      	str	r3, [r4, #8]
10001d98:	60e3      	str	r3, [r4, #12]
10001d9a:	6123      	str	r3, [r4, #16]
10001d9c:	6163      	str	r3, [r4, #20]
10001d9e:	61a3      	str	r3, [r4, #24]
10001da0:	61e3      	str	r3, [r4, #28]
10001da2:	6223      	str	r3, [r4, #32]
10001da4:	6263      	str	r3, [r4, #36]	; 0x24
10001da6:	62a3      	str	r3, [r4, #40]	; 0x28
10001da8:	62e3      	str	r3, [r4, #44]	; 0x2c
10001daa:	6323      	str	r3, [r4, #48]	; 0x30
10001dac:	6363      	str	r3, [r4, #52]	; 0x34
10001dae:	63a3      	str	r3, [r4, #56]	; 0x38
10001db0:	63e3      	str	r3, [r4, #60]	; 0x3c
10001db2:	6423      	str	r3, [r4, #64]	; 0x40
10001db4:	6463      	str	r3, [r4, #68]	; 0x44
10001db6:	64a3      	str	r3, [r4, #72]	; 0x48
10001db8:	64e3      	str	r3, [r4, #76]	; 0x4c
10001dba:	6523      	str	r3, [r4, #80]	; 0x50
10001dbc:	6563      	str	r3, [r4, #84]	; 0x54
10001dbe:	65a3      	str	r3, [r4, #88]	; 0x58
10001dc0:	65e3      	str	r3, [r4, #92]	; 0x5c
10001dc2:	6623      	str	r3, [r4, #96]	; 0x60
10001dc4:	6663      	str	r3, [r4, #100]	; 0x64
10001dc6:	66a3      	str	r3, [r4, #104]	; 0x68
10001dc8:	66e3      	str	r3, [r4, #108]	; 0x6c
10001dca:	6723      	str	r3, [r4, #112]	; 0x70
10001dcc:	6763      	str	r3, [r4, #116]	; 0x74
10001dce:	67a3      	str	r3, [r4, #120]	; 0x78
10001dd0:	67e3      	str	r3, [r4, #124]	; 0x7c
10001dd2:	64a3      	str	r3, [r4, #72]	; 0x48
10001dd4:	e7d1      	b.n	10001d7a <__aeabi_double_init+0x2a>
10001dd6:	46c0      	nop			; (mov r8, r8)
10001dd8:	00004453 	.word	0x00004453
10001ddc:	00004653 	.word	0x00004653
10001de0:	200003c0 	.word	0x200003c0
10001de4:	0000334c 	.word	0x0000334c
10001de8:	2000062c 	.word	0x2000062c
10001dec:	10001df1 	.word	0x10001df1

10001df0 <double_table_shim_on_use_helper>:
10001df0:	b507      	push	{r0, r1, r2, lr}
10001df2:	4660      	mov	r0, ip
10001df4:	8801      	ldrh	r1, [r0, #0]
10001df6:	0a0a      	lsrs	r2, r1, #8
10001df8:	3002      	adds	r0, #2
10001dfa:	2adf      	cmp	r2, #223	; 0xdf
10001dfc:	d1fa      	bne.n	10001df4 <double_table_shim_on_use_helper+0x4>
10001dfe:	b2c9      	uxtb	r1, r1
10001e00:	0882      	lsrs	r2, r0, #2
10001e02:	d304      	bcc.n	10001e0e <double_table_shim_on_use_helper+0x1e>
10001e04:	8802      	ldrh	r2, [r0, #0]
10001e06:	8840      	ldrh	r0, [r0, #2]
10001e08:	0400      	lsls	r0, r0, #16
10001e0a:	4310      	orrs	r0, r2
10001e0c:	e000      	b.n	10001e10 <double_table_shim_on_use_helper+0x20>
10001e0e:	6800      	ldr	r0, [r0, #0]
10001e10:	4a01      	ldr	r2, [pc, #4]	; (10001e18 <double_table_shim_on_use_helper+0x28>)
10001e12:	5050      	str	r0, [r2, r1]
10001e14:	9003      	str	r0, [sp, #12]
10001e16:	bd07      	pop	{r0, r1, r2, pc}
10001e18:	200003c0 	.word	0x200003c0

10001e1c <drsub_shim>:
10001e1c:	b40f      	push	{r0, r1, r2, r3}
10001e1e:	bc03      	pop	{r0, r1}
10001e20:	bc0c      	pop	{r2, r3}

10001e22 <dsub_shim>:
10001e22:	b5f0      	push	{r4, r5, r6, r7, lr}
10001e24:	2401      	movs	r4, #1
10001e26:	07e4      	lsls	r4, r4, #31
10001e28:	4063      	eors	r3, r4
10001e2a:	e000      	b.n	10001e2e <da_entry>

10001e2c <dadd_shim>:
10001e2c:	b5f0      	push	{r4, r5, r6, r7, lr}

10001e2e <da_entry>:
10001e2e:	0d0c      	lsrs	r4, r1, #20
10001e30:	0fcf      	lsrs	r7, r1, #31
10001e32:	1e66      	subs	r6, r4, #1
10001e34:	0536      	lsls	r6, r6, #20
10001e36:	1b89      	subs	r1, r1, r6
10001e38:	0564      	lsls	r4, r4, #21
10001e3a:	d303      	bcc.n	10001e44 <l8_1>
10001e3c:	43c9      	mvns	r1, r1
10001e3e:	4240      	negs	r0, r0
10001e40:	d300      	bcc.n	10001e44 <l8_1>
10001e42:	3101      	adds	r1, #1

10001e44 <l8_1>:
10001e44:	0d64      	lsrs	r4, r4, #21
10001e46:	d003      	beq.n	10001e50 <l8_2>
10001e48:	1c66      	adds	r6, r4, #1
10001e4a:	0af6      	lsrs	r6, r6, #11
10001e4c:	d007      	beq.n	10001e5e <l8_3>
10001e4e:	1be4      	subs	r4, r4, r7

10001e50 <l8_2>:
10001e50:	2000      	movs	r0, #0
10001e52:	007f      	lsls	r7, r7, #1
10001e54:	1c79      	adds	r1, r7, #1
10001e56:	0789      	lsls	r1, r1, #30
10001e58:	1289      	asrs	r1, r1, #10
10001e5a:	3c80      	subs	r4, #128	; 0x80
10001e5c:	0324      	lsls	r4, r4, #12

10001e5e <l8_3>:
10001e5e:	0d1d      	lsrs	r5, r3, #20
10001e60:	0fdf      	lsrs	r7, r3, #31
10001e62:	1e6e      	subs	r6, r5, #1
10001e64:	0536      	lsls	r6, r6, #20
10001e66:	1b9b      	subs	r3, r3, r6
10001e68:	056d      	lsls	r5, r5, #21
10001e6a:	d303      	bcc.n	10001e74 <l9_1>
10001e6c:	43db      	mvns	r3, r3
10001e6e:	4252      	negs	r2, r2
10001e70:	d300      	bcc.n	10001e74 <l9_1>
10001e72:	3301      	adds	r3, #1

10001e74 <l9_1>:
10001e74:	0d6d      	lsrs	r5, r5, #21
10001e76:	d003      	beq.n	10001e80 <l9_2>
10001e78:	1c6e      	adds	r6, r5, #1
10001e7a:	0af6      	lsrs	r6, r6, #11
10001e7c:	d007      	beq.n	10001e8e <l9_3>
10001e7e:	1bed      	subs	r5, r5, r7

10001e80 <l9_2>:
10001e80:	2200      	movs	r2, #0
10001e82:	007f      	lsls	r7, r7, #1
10001e84:	1c7b      	adds	r3, r7, #1
10001e86:	079b      	lsls	r3, r3, #30
10001e88:	129b      	asrs	r3, r3, #10
10001e8a:	3d80      	subs	r5, #128	; 0x80
10001e8c:	032d      	lsls	r5, r5, #12

10001e8e <l9_3>:
10001e8e:	1b2f      	subs	r7, r5, r4
10001e90:	1b66      	subs	r6, r4, r5
10001e92:	d458      	bmi.n	10001f46 <da_ygtx>
10001e94:	46a4      	mov	ip, r4
10001e96:	2e20      	cmp	r6, #32
10001e98:	da46      	bge.n	10001f28 <da_xrgty>
10001e9a:	3720      	adds	r7, #32
10001e9c:	0014      	movs	r4, r2
10001e9e:	40bc      	lsls	r4, r7

10001ea0 <da_xgty0>:
10001ea0:	001d      	movs	r5, r3
10001ea2:	40bd      	lsls	r5, r7
10001ea4:	40f2      	lsrs	r2, r6
10001ea6:	4133      	asrs	r3, r6
10001ea8:	432a      	orrs	r2, r5

10001eaa <da_add>:
10001eaa:	1880      	adds	r0, r0, r2
10001eac:	4159      	adcs	r1, r3

10001eae <da_pack>:
10001eae:	0fcb      	lsrs	r3, r1, #31
10001eb0:	d005      	beq.n	10001ebe <da_pack+0x10>
10001eb2:	43c9      	mvns	r1, r1
10001eb4:	43c0      	mvns	r0, r0
10001eb6:	2200      	movs	r2, #0
10001eb8:	4264      	negs	r4, r4
10001eba:	4150      	adcs	r0, r2
10001ebc:	4151      	adcs	r1, r2
10001ebe:	4662      	mov	r2, ip
10001ec0:	0d4d      	lsrs	r5, r1, #21
10001ec2:	d128      	bne.n	10001f16 <da_0>
10001ec4:	0d0d      	lsrs	r5, r1, #20
10001ec6:	d107      	bne.n	10001ed8 <da_1>
10001ec8:	2800      	cmp	r0, #0
10001eca:	d01f      	beq.n	10001f0c <da_5>

10001ecc <da_2>:
10001ecc:	1924      	adds	r4, r4, r4
10001ece:	4140      	adcs	r0, r0
10001ed0:	4149      	adcs	r1, r1
10001ed2:	3a01      	subs	r2, #1
10001ed4:	0d0d      	lsrs	r5, r1, #20
10001ed6:	d0f9      	beq.n	10001ecc <da_2>

10001ed8 <da_1>:
10001ed8:	0064      	lsls	r4, r4, #1
10001eda:	d306      	bcc.n	10001eea <da_3>

10001edc <da_4>:
10001edc:	3001      	adds	r0, #1
10001ede:	d300      	bcc.n	10001ee2 <da_4+0x6>
10001ee0:	3101      	adds	r1, #1
10001ee2:	2c00      	cmp	r4, #0
10001ee4:	d101      	bne.n	10001eea <da_3>
10001ee6:	0840      	lsrs	r0, r0, #1
10001ee8:	0040      	lsls	r0, r0, #1

10001eea <da_3>:
10001eea:	3a01      	subs	r2, #1
10001eec:	d40b      	bmi.n	10001f06 <da_6>
10001eee:	1c94      	adds	r4, r2, #2
10001ef0:	0ae4      	lsrs	r4, r4, #11
10001ef2:	d104      	bne.n	10001efe <da_7>
10001ef4:	0512      	lsls	r2, r2, #20
10001ef6:	4411      	add	r1, r2
10001ef8:	07db      	lsls	r3, r3, #31
10001efa:	4419      	add	r1, r3
10001efc:	bdf0      	pop	{r4, r5, r6, r7, pc}

10001efe <da_7>:
10001efe:	07d9      	lsls	r1, r3, #31
10001f00:	4b20      	ldr	r3, [pc, #128]	; (10001f84 <da_xmgty+0x4>)
10001f02:	4319      	orrs	r1, r3
10001f04:	e000      	b.n	10001f08 <da_6+0x2>

10001f06 <da_6>:
10001f06:	07d9      	lsls	r1, r3, #31
10001f08:	2000      	movs	r0, #0
10001f0a:	bdf0      	pop	{r4, r5, r6, r7, pc}

10001f0c <da_5>:
10001f0c:	2900      	cmp	r1, #0
10001f0e:	d1dd      	bne.n	10001ecc <da_2>
10001f10:	2c00      	cmp	r4, #0
10001f12:	d1db      	bne.n	10001ecc <da_2>
10001f14:	bdf0      	pop	{r4, r5, r6, r7, pc}

10001f16 <da_0>:
10001f16:	3201      	adds	r2, #1
10001f18:	07c6      	lsls	r6, r0, #31
10001f1a:	0840      	lsrs	r0, r0, #1
10001f1c:	07cd      	lsls	r5, r1, #31
10001f1e:	4328      	orrs	r0, r5
10001f20:	0849      	lsrs	r1, r1, #1
10001f22:	2e00      	cmp	r6, #0
10001f24:	d0e1      	beq.n	10001eea <da_3>
10001f26:	e7d9      	b.n	10001edc <da_4>

10001f28 <da_xrgty>:
10001f28:	2e3c      	cmp	r6, #60	; 0x3c
10001f2a:	da29      	bge.n	10001f80 <da_xmgty>
10001f2c:	3e20      	subs	r6, #32
10001f2e:	3740      	adds	r7, #64	; 0x40
10001f30:	0014      	movs	r4, r2
10001f32:	40bc      	lsls	r4, r7
10001f34:	d000      	beq.n	10001f38 <da_xrgty+0x10>
10001f36:	2401      	movs	r4, #1
10001f38:	40f2      	lsrs	r2, r6
10001f3a:	4314      	orrs	r4, r2
10001f3c:	001a      	movs	r2, r3
10001f3e:	40bb      	lsls	r3, r7
10001f40:	431c      	orrs	r4, r3
10001f42:	17d3      	asrs	r3, r2, #31
10001f44:	e7ac      	b.n	10001ea0 <da_xgty0>

10001f46 <da_ygtx>:
10001f46:	46ac      	mov	ip, r5
10001f48:	2f20      	cmp	r7, #32
10001f4a:	da08      	bge.n	10001f5e <da_yrgtx>
10001f4c:	3620      	adds	r6, #32
10001f4e:	0004      	movs	r4, r0
10001f50:	40b4      	lsls	r4, r6

10001f52 <da_ygtx0>:
10001f52:	000d      	movs	r5, r1
10001f54:	40b5      	lsls	r5, r6
10001f56:	40f8      	lsrs	r0, r7
10001f58:	4139      	asrs	r1, r7
10001f5a:	4328      	orrs	r0, r5
10001f5c:	e7a5      	b.n	10001eaa <da_add>

10001f5e <da_yrgtx>:
10001f5e:	2f3c      	cmp	r7, #60	; 0x3c
10001f60:	da0c      	bge.n	10001f7c <da_ymgtx>
10001f62:	3f20      	subs	r7, #32
10001f64:	3640      	adds	r6, #64	; 0x40
10001f66:	0004      	movs	r4, r0
10001f68:	40b4      	lsls	r4, r6
10001f6a:	d000      	beq.n	10001f6e <da_yrgtx+0x10>
10001f6c:	2401      	movs	r4, #1
10001f6e:	40f8      	lsrs	r0, r7
10001f70:	4304      	orrs	r4, r0
10001f72:	0008      	movs	r0, r1
10001f74:	40b1      	lsls	r1, r6
10001f76:	430c      	orrs	r4, r1
10001f78:	17c1      	asrs	r1, r0, #31
10001f7a:	e7ea      	b.n	10001f52 <da_ygtx0>

10001f7c <da_ymgtx>:
10001f7c:	0010      	movs	r0, r2
10001f7e:	0019      	movs	r1, r3

10001f80 <da_xmgty>:
10001f80:	2400      	movs	r4, #0
10001f82:	e794      	b.n	10001eae <da_pack>
10001f84:	7ff00000 	.word	0x7ff00000

10001f88 <dmul_shim>:
10001f88:	b5f0      	push	{r4, r5, r6, r7, lr}
10001f8a:	0d0c      	lsrs	r4, r1, #20
10001f8c:	1e66      	subs	r6, r4, #1
10001f8e:	0536      	lsls	r6, r6, #20
10001f90:	1b89      	subs	r1, r1, r6
10001f92:	0ae6      	lsrs	r6, r4, #11
10001f94:	0564      	lsls	r4, r4, #21
10001f96:	0d64      	lsrs	r4, r4, #21
10001f98:	d002      	beq.n	10001fa0 <l12_1>
10001f9a:	1c65      	adds	r5, r4, #1
10001f9c:	0aed      	lsrs	r5, r5, #11
10001f9e:	d004      	beq.n	10001faa <l12_2>

10001fa0 <l12_1>:
10001fa0:	2000      	movs	r0, #0
10001fa2:	2101      	movs	r1, #1
10001fa4:	0509      	lsls	r1, r1, #20
10001fa6:	3c80      	subs	r4, #128	; 0x80
10001fa8:	0324      	lsls	r4, r4, #12

10001faa <l12_2>:
10001faa:	46a4      	mov	ip, r4
10001fac:	0d1c      	lsrs	r4, r3, #20
10001fae:	1e67      	subs	r7, r4, #1
10001fb0:	053f      	lsls	r7, r7, #20
10001fb2:	1bdb      	subs	r3, r3, r7
10001fb4:	0ae7      	lsrs	r7, r4, #11
10001fb6:	0564      	lsls	r4, r4, #21
10001fb8:	0d64      	lsrs	r4, r4, #21
10001fba:	d002      	beq.n	10001fc2 <l13_1>
10001fbc:	1c65      	adds	r5, r4, #1
10001fbe:	0aed      	lsrs	r5, r5, #11
10001fc0:	d004      	beq.n	10001fcc <l13_2>

10001fc2 <l13_1>:
10001fc2:	2200      	movs	r2, #0
10001fc4:	2301      	movs	r3, #1
10001fc6:	051b      	lsls	r3, r3, #20
10001fc8:	3c80      	subs	r4, #128	; 0x80
10001fca:	0324      	lsls	r4, r4, #12

10001fcc <l13_2>:
10001fcc:	4077      	eors	r7, r6
10001fce:	4464      	add	r4, ip
10001fd0:	b497      	push	{r0, r1, r2, r4, r7}
10001fd2:	b284      	uxth	r4, r0
10001fd4:	b296      	uxth	r6, r2
10001fd6:	4374      	muls	r4, r6
10001fd8:	0c07      	lsrs	r7, r0, #16
10001fda:	437e      	muls	r6, r7
10001fdc:	0c15      	lsrs	r5, r2, #16
10001fde:	436f      	muls	r7, r5
10001fe0:	b280      	uxth	r0, r0
10001fe2:	4368      	muls	r0, r5
10001fe4:	1836      	adds	r6, r6, r0
10001fe6:	d302      	bcc.n	10001fee <l14_1>
10001fe8:	2001      	movs	r0, #1
10001fea:	0400      	lsls	r0, r0, #16
10001fec:	183f      	adds	r7, r7, r0

10001fee <l14_1>:
10001fee:	0430      	lsls	r0, r6, #16
10001ff0:	0c35      	lsrs	r5, r6, #16
10001ff2:	1900      	adds	r0, r0, r4
10001ff4:	417d      	adcs	r5, r7
10001ff6:	4684      	mov	ip, r0
10001ff8:	b288      	uxth	r0, r1
10001ffa:	b29a      	uxth	r2, r3
10001ffc:	4350      	muls	r0, r2
10001ffe:	0c0c      	lsrs	r4, r1, #16
10002000:	4362      	muls	r2, r4
10002002:	0c1f      	lsrs	r7, r3, #16
10002004:	437c      	muls	r4, r7
10002006:	b28e      	uxth	r6, r1
10002008:	437e      	muls	r6, r7
1000200a:	1992      	adds	r2, r2, r6
1000200c:	d302      	bcc.n	10002014 <l15_1>
1000200e:	2601      	movs	r6, #1
10002010:	0436      	lsls	r6, r6, #16
10002012:	19a4      	adds	r4, r4, r6

10002014 <l15_1>:
10002014:	0416      	lsls	r6, r2, #16
10002016:	0c17      	lsrs	r7, r2, #16
10002018:	1836      	adds	r6, r6, r0
1000201a:	4167      	adcs	r7, r4
1000201c:	bc01      	pop	{r0}
1000201e:	b281      	uxth	r1, r0
10002020:	b29a      	uxth	r2, r3
10002022:	4351      	muls	r1, r2
10002024:	0c04      	lsrs	r4, r0, #16
10002026:	4362      	muls	r2, r4
10002028:	0c1b      	lsrs	r3, r3, #16
1000202a:	435c      	muls	r4, r3
1000202c:	b280      	uxth	r0, r0
1000202e:	4358      	muls	r0, r3
10002030:	1812      	adds	r2, r2, r0
10002032:	d302      	bcc.n	1000203a <l16_1>
10002034:	2001      	movs	r0, #1
10002036:	0400      	lsls	r0, r0, #16
10002038:	1824      	adds	r4, r4, r0

1000203a <l16_1>:
1000203a:	0410      	lsls	r0, r2, #16
1000203c:	0c13      	lsrs	r3, r2, #16
1000203e:	1840      	adds	r0, r0, r1
10002040:	4163      	adcs	r3, r4
10002042:	182d      	adds	r5, r5, r0
10002044:	415e      	adcs	r6, r3
10002046:	2000      	movs	r0, #0
10002048:	4147      	adcs	r7, r0
1000204a:	bc06      	pop	{r1, r2}
1000204c:	b288      	uxth	r0, r1
1000204e:	b293      	uxth	r3, r2
10002050:	4358      	muls	r0, r3
10002052:	0c0c      	lsrs	r4, r1, #16
10002054:	4363      	muls	r3, r4
10002056:	0c12      	lsrs	r2, r2, #16
10002058:	4354      	muls	r4, r2
1000205a:	b289      	uxth	r1, r1
1000205c:	4351      	muls	r1, r2
1000205e:	185b      	adds	r3, r3, r1
10002060:	d302      	bcc.n	10002068 <l17_1>
10002062:	2101      	movs	r1, #1
10002064:	0409      	lsls	r1, r1, #16
10002066:	1864      	adds	r4, r4, r1

10002068 <l17_1>:
10002068:	0419      	lsls	r1, r3, #16
1000206a:	0c1a      	lsrs	r2, r3, #16
1000206c:	1809      	adds	r1, r1, r0
1000206e:	4162      	adcs	r2, r4
10002070:	186d      	adds	r5, r5, r1
10002072:	4156      	adcs	r6, r2
10002074:	2000      	movs	r0, #0
10002076:	4147      	adcs	r7, r0
10002078:	bc18      	pop	{r3, r4}
1000207a:	02f9      	lsls	r1, r7, #11
1000207c:	0d72      	lsrs	r2, r6, #21
1000207e:	4311      	orrs	r1, r2
10002080:	02f0      	lsls	r0, r6, #11
10002082:	0d6a      	lsrs	r2, r5, #21
10002084:	4310      	orrs	r0, r2
10002086:	02ed      	lsls	r5, r5, #11
10002088:	0d0a      	lsrs	r2, r1, #20
1000208a:	d103      	bne.n	10002094 <l17_1+0x2c>
1000208c:	196d      	adds	r5, r5, r5
1000208e:	4140      	adcs	r0, r0
10002090:	4149      	adcs	r1, r1
10002092:	3b01      	subs	r3, #1
10002094:	4e12      	ldr	r6, [pc, #72]	; (100020e0 <dm_1+0xa>)
10002096:	1b9b      	subs	r3, r3, r6
10002098:	0076      	lsls	r6, r6, #1
1000209a:	42b3      	cmp	r3, r6
1000209c:	d20e      	bcs.n	100020bc <dm_0>
1000209e:	006d      	lsls	r5, r5, #1
100020a0:	d307      	bcc.n	100020b2 <l17_1+0x4a>
100020a2:	3001      	adds	r0, #1
100020a4:	2600      	movs	r6, #0
100020a6:	4171      	adcs	r1, r6
100020a8:	4666      	mov	r6, ip
100020aa:	4335      	orrs	r5, r6
100020ac:	d101      	bne.n	100020b2 <l17_1+0x4a>
100020ae:	0840      	lsrs	r0, r0, #1
100020b0:	0040      	lsls	r0, r0, #1
100020b2:	051b      	lsls	r3, r3, #20
100020b4:	18c9      	adds	r1, r1, r3

100020b6 <dm_2>:
100020b6:	07e4      	lsls	r4, r4, #31
100020b8:	4421      	add	r1, r4
100020ba:	bdf0      	pop	{r4, r5, r6, r7, pc}

100020bc <dm_0>:
100020bc:	da0b      	bge.n	100020d6 <dm_1>
100020be:	3301      	adds	r3, #1
100020c0:	d106      	bne.n	100020d0 <dm_0+0x14>
100020c2:	3001      	adds	r0, #1
100020c4:	d104      	bne.n	100020d0 <dm_0+0x14>
100020c6:	3101      	adds	r1, #1
100020c8:	0d4f      	lsrs	r7, r1, #21
100020ca:	d001      	beq.n	100020d0 <dm_0+0x14>
100020cc:	0849      	lsrs	r1, r1, #1
100020ce:	e7f2      	b.n	100020b6 <dm_2>
100020d0:	07e1      	lsls	r1, r4, #31
100020d2:	2000      	movs	r0, #0
100020d4:	bdf0      	pop	{r4, r5, r6, r7, pc}

100020d6 <dm_1>:
100020d6:	3601      	adds	r6, #1
100020d8:	0531      	lsls	r1, r6, #20
100020da:	2000      	movs	r0, #0
100020dc:	e7eb      	b.n	100020b6 <dm_2>
100020de:	0000      	.short	0x0000
100020e0:	000003ff 	.word	0x000003ff

100020e4 <ddiv_shim>:
100020e4:	b5f0      	push	{r4, r5, r6, r7, lr}

100020e6 <ddiv0>:
100020e6:	0d1c      	lsrs	r4, r3, #20
100020e8:	1e67      	subs	r7, r4, #1
100020ea:	053f      	lsls	r7, r7, #20
100020ec:	1bdb      	subs	r3, r3, r7
100020ee:	0ae7      	lsrs	r7, r4, #11
100020f0:	0564      	lsls	r4, r4, #21
100020f2:	0d64      	lsrs	r4, r4, #21
100020f4:	d002      	beq.n	100020fc <l20_1>
100020f6:	1c66      	adds	r6, r4, #1
100020f8:	0af6      	lsrs	r6, r6, #11
100020fa:	d004      	beq.n	10002106 <l20_2>

100020fc <l20_1>:
100020fc:	2200      	movs	r2, #0
100020fe:	2301      	movs	r3, #1
10002100:	051b      	lsls	r3, r3, #20
10002102:	3c80      	subs	r4, #128	; 0x80
10002104:	0324      	lsls	r4, r4, #12

10002106 <l20_2>:
10002106:	25d0      	movs	r5, #208	; 0xd0
10002108:	062d      	lsls	r5, r5, #24
1000210a:	2600      	movs	r6, #0
1000210c:	43f6      	mvns	r6, r6
1000210e:	662e      	str	r6, [r5, #96]	; 0x60
10002110:	091e      	lsrs	r6, r3, #4
10002112:	666e      	str	r6, [r5, #100]	; 0x64
10002114:	0fce      	lsrs	r6, r1, #31
10002116:	19f6      	adds	r6, r6, r7
10002118:	46b4      	mov	ip, r6
1000211a:	0049      	lsls	r1, r1, #1
1000211c:	0d4f      	lsrs	r7, r1, #21
1000211e:	d002      	beq.n	10002126 <l20_2+0x20>
10002120:	1c7e      	adds	r6, r7, #1
10002122:	0af6      	lsrs	r6, r6, #11
10002124:	d003      	beq.n	1000212e <l20_2+0x28>
10002126:	2000      	movs	r0, #0
10002128:	2100      	movs	r1, #0
1000212a:	3f40      	subs	r7, #64	; 0x40
1000212c:	033f      	lsls	r7, r7, #12
1000212e:	1b3e      	subs	r6, r7, r4
10002130:	00b6      	lsls	r6, r6, #2
10002132:	44b4      	add	ip, r6
10002134:	3f01      	subs	r7, #1
10002136:	057f      	lsls	r7, r7, #21
10002138:	1bc9      	subs	r1, r1, r7
1000213a:	0849      	lsrs	r1, r1, #1
1000213c:	6f2e      	ldr	r6, [r5, #112]	; 0x70
1000213e:	3601      	adds	r6, #1
10002140:	0876      	lsrs	r6, r6, #1
10002142:	029c      	lsls	r4, r3, #10
10002144:	0d95      	lsrs	r5, r2, #22
10002146:	4325      	orrs	r5, r4
10002148:	4375      	muls	r5, r6
1000214a:	13ed      	asrs	r5, r5, #15
1000214c:	4375      	muls	r5, r6
1000214e:	13ad      	asrs	r5, r5, #14
10002150:	3501      	adds	r5, #1
10002152:	106d      	asrs	r5, r5, #1
10002154:	03f6      	lsls	r6, r6, #15
10002156:	1b76      	subs	r6, r6, r5
10002158:	b40c      	push	{r2, r3}
1000215a:	02cc      	lsls	r4, r1, #11
1000215c:	0d45      	lsrs	r5, r0, #21
1000215e:	432c      	orrs	r4, r5
10002160:	b2a2      	uxth	r2, r4
10002162:	b2b3      	uxth	r3, r6
10002164:	435a      	muls	r2, r3
10002166:	0c27      	lsrs	r7, r4, #16
10002168:	437b      	muls	r3, r7
1000216a:	0c35      	lsrs	r5, r6, #16
1000216c:	436f      	muls	r7, r5
1000216e:	b2a4      	uxth	r4, r4
10002170:	436c      	muls	r4, r5
10002172:	191b      	adds	r3, r3, r4
10002174:	d302      	bcc.n	1000217c <l21_1>
10002176:	2401      	movs	r4, #1
10002178:	0424      	lsls	r4, r4, #16
1000217a:	193f      	adds	r7, r7, r4

1000217c <l21_1>:
1000217c:	041c      	lsls	r4, r3, #16
1000217e:	0c1d      	lsrs	r5, r3, #16
10002180:	18a4      	adds	r4, r4, r2
10002182:	417d      	adcs	r5, r7
10002184:	1924      	adds	r4, r4, r4
10002186:	416d      	adcs	r5, r5
10002188:	9a00      	ldr	r2, [sp, #0]
1000218a:	b291      	uxth	r1, r2
1000218c:	b2ac      	uxth	r4, r5
1000218e:	4361      	muls	r1, r4
10002190:	0c17      	lsrs	r7, r2, #16
10002192:	437c      	muls	r4, r7
10002194:	0c2b      	lsrs	r3, r5, #16
10002196:	435f      	muls	r7, r3
10002198:	b292      	uxth	r2, r2
1000219a:	435a      	muls	r2, r3
1000219c:	18a4      	adds	r4, r4, r2
1000219e:	d302      	bcc.n	100021a6 <l22_1>
100021a0:	2201      	movs	r2, #1
100021a2:	0412      	lsls	r2, r2, #16
100021a4:	18bf      	adds	r7, r7, r2

100021a6 <l22_1>:
100021a6:	0422      	lsls	r2, r4, #16
100021a8:	0c23      	lsrs	r3, r4, #16
100021aa:	1852      	adds	r2, r2, r1
100021ac:	417b      	adcs	r3, r7
100021ae:	9c01      	ldr	r4, [sp, #4]
100021b0:	436c      	muls	r4, r5
100021b2:	191b      	adds	r3, r3, r4
100021b4:	0e52      	lsrs	r2, r2, #25
100021b6:	01d9      	lsls	r1, r3, #7
100021b8:	430a      	orrs	r2, r1
100021ba:	0144      	lsls	r4, r0, #5
100021bc:	1aa0      	subs	r0, r4, r2
100021be:	b281      	uxth	r1, r0
100021c0:	b2b2      	uxth	r2, r6
100021c2:	4351      	muls	r1, r2
100021c4:	1403      	asrs	r3, r0, #16
100021c6:	435a      	muls	r2, r3
100021c8:	0c36      	lsrs	r6, r6, #16
100021ca:	4373      	muls	r3, r6
100021cc:	b287      	uxth	r7, r0
100021ce:	4377      	muls	r7, r6
100021d0:	17d6      	asrs	r6, r2, #31
100021d2:	19d2      	adds	r2, r2, r7
100021d4:	2700      	movs	r7, #0
100021d6:	417e      	adcs	r6, r7
100021d8:	0436      	lsls	r6, r6, #16
100021da:	199b      	adds	r3, r3, r6
100021dc:	0417      	lsls	r7, r2, #16
100021de:	0c16      	lsrs	r6, r2, #16
100021e0:	187f      	adds	r7, r7, r1
100021e2:	415e      	adcs	r6, r3
100021e4:	1673      	asrs	r3, r6, #25
100021e6:	18ed      	adds	r5, r5, r3
100021e8:	01f3      	lsls	r3, r6, #7
100021ea:	2600      	movs	r6, #0
100021ec:	3380      	adds	r3, #128	; 0x80
100021ee:	4175      	adcs	r5, r6
100021f0:	0fa9      	lsrs	r1, r5, #30
100021f2:	d106      	bne.n	10002202 <dd_0>
100021f4:	0064      	lsls	r4, r4, #1
100021f6:	0a69      	lsrs	r1, r5, #9
100021f8:	05e8      	lsls	r0, r5, #23
100021fa:	0a5b      	lsrs	r3, r3, #9
100021fc:	4318      	orrs	r0, r3
100021fe:	d209      	bcs.n	10002214 <dd_1>
10002200:	e02f      	b.n	10002262 <dd_2>

10002202 <dd_0>:
10002202:	2204      	movs	r2, #4
10002204:	4494      	add	ip, r2
10002206:	3380      	adds	r3, #128	; 0x80
10002208:	4175      	adcs	r5, r6
1000220a:	0aa9      	lsrs	r1, r5, #10
1000220c:	05a8      	lsls	r0, r5, #22
1000220e:	0a9b      	lsrs	r3, r3, #10
10002210:	4318      	orrs	r0, r3
10002212:	d326      	bcc.n	10002262 <dd_2>

10002214 <dd_1>:
10002214:	4140      	adcs	r0, r0
10002216:	4149      	adcs	r1, r1
10002218:	0424      	lsls	r4, r4, #16
1000221a:	9a00      	ldr	r2, [sp, #0]
1000221c:	9b01      	ldr	r3, [sp, #4]
1000221e:	000d      	movs	r5, r1
10002220:	4355      	muls	r5, r2
10002222:	1b64      	subs	r4, r4, r5
10002224:	4343      	muls	r3, r0
10002226:	1ae4      	subs	r4, r4, r3
10002228:	b295      	uxth	r5, r2
1000222a:	b286      	uxth	r6, r0
1000222c:	4375      	muls	r5, r6
1000222e:	0c17      	lsrs	r7, r2, #16
10002230:	437e      	muls	r6, r7
10002232:	0c03      	lsrs	r3, r0, #16
10002234:	435f      	muls	r7, r3
10002236:	b292      	uxth	r2, r2
10002238:	435a      	muls	r2, r3
1000223a:	18b6      	adds	r6, r6, r2
1000223c:	d302      	bcc.n	10002244 <l24_1>
1000223e:	2201      	movs	r2, #1
10002240:	0412      	lsls	r2, r2, #16
10002242:	18bf      	adds	r7, r7, r2

10002244 <l24_1>:
10002244:	0432      	lsls	r2, r6, #16
10002246:	0c33      	lsrs	r3, r6, #16
10002248:	1952      	adds	r2, r2, r5
1000224a:	417b      	adcs	r3, r7
1000224c:	4252      	negs	r2, r2
1000224e:	419c      	sbcs	r4, r3
10002250:	2c00      	cmp	r4, #0
10002252:	d402      	bmi.n	1000225a <l24_1+0x16>
10002254:	2200      	movs	r2, #0
10002256:	3001      	adds	r0, #1
10002258:	4151      	adcs	r1, r2
1000225a:	0840      	lsrs	r0, r0, #1
1000225c:	07ca      	lsls	r2, r1, #31
1000225e:	4310      	orrs	r0, r2
10002260:	0849      	lsrs	r1, r1, #1

10002262 <dd_2>:
10002262:	b002      	add	sp, #8
10002264:	4662      	mov	r2, ip
10002266:	07d7      	lsls	r7, r2, #31
10002268:	1092      	asrs	r2, r2, #2
1000226a:	4b08      	ldr	r3, [pc, #32]	; (1000228c <dd_4+0x6>)
1000226c:	18d2      	adds	r2, r2, r3
1000226e:	4b08      	ldr	r3, [pc, #32]	; (10002290 <dd_4+0xa>)
10002270:	429a      	cmp	r2, r3
10002272:	d203      	bcs.n	1000227c <dd_3>
10002274:	0512      	lsls	r2, r2, #20
10002276:	1889      	adds	r1, r1, r2

10002278 <dd_5>:
10002278:	19c9      	adds	r1, r1, r7
1000227a:	bdf0      	pop	{r4, r5, r6, r7, pc}

1000227c <dd_3>:
1000227c:	2000      	movs	r0, #0
1000227e:	2a00      	cmp	r2, #0
10002280:	dc01      	bgt.n	10002286 <dd_4>
10002282:	0039      	movs	r1, r7
10002284:	bdf0      	pop	{r4, r5, r6, r7, pc}

10002286 <dd_4>:
10002286:	3301      	adds	r3, #1
10002288:	0519      	lsls	r1, r3, #20
1000228a:	e7f5      	b.n	10002278 <dd_5>
1000228c:	000003fd 	.word	0x000003fd
10002290:	000007fe 	.word	0x000007fe

10002294 <double2uint_shim>:
10002294:	2200      	movs	r2, #0

10002296 <double2ufix_shim>:
10002296:	b500      	push	{lr}
10002298:	3220      	adds	r2, #32
1000229a:	f000 f804 	bl	100022a6 <double2ufix64_shim>
1000229e:	0008      	movs	r0, r1
100022a0:	bd00      	pop	{pc}
	...

100022a4 <double2uint64_shim>:
100022a4:	2200      	movs	r2, #0

100022a6 <double2ufix64_shim>:
100022a6:	150b      	asrs	r3, r1, #20
100022a8:	d40a      	bmi.n	100022c0 <ret_dzero>

100022aa <d2fix>:
100022aa:	b510      	push	{r4, lr}
100022ac:	4694      	mov	ip, r2
100022ae:	f000 f831 	bl	10002314 <dunpacks>
100022b2:	1414      	asrs	r4, r2, #16
100022b4:	3401      	adds	r4, #1
100022b6:	da00      	bge.n	100022ba <d2fix+0x10>
100022b8:	2100      	movs	r1, #0
100022ba:	17cb      	asrs	r3, r1, #31
100022bc:	4c14      	ldr	r4, [pc, #80]	; (10002310 <d2fix_a+0x4a>)
100022be:	4720      	bx	r4

100022c0 <ret_dzero>:
100022c0:	2000      	movs	r0, #0
100022c2:	2100      	movs	r1, #0
100022c4:	4770      	bx	lr

100022c6 <d2fix_a>:
100022c6:	4462      	add	r2, ip
100022c8:	3a34      	subs	r2, #52	; 0x34
100022ca:	d40c      	bmi.n	100022e6 <d2fix_a+0x20>
100022cc:	2a0c      	cmp	r2, #12
100022ce:	da07      	bge.n	100022e0 <d2fix_a+0x1a>
100022d0:	0004      	movs	r4, r0
100022d2:	4091      	lsls	r1, r2
100022d4:	4090      	lsls	r0, r2
100022d6:	4252      	negs	r2, r2
100022d8:	3220      	adds	r2, #32
100022da:	40d4      	lsrs	r4, r2
100022dc:	4321      	orrs	r1, r4
100022de:	bd10      	pop	{r4, pc}
100022e0:	43d8      	mvns	r0, r3
100022e2:	43d9      	mvns	r1, r3
100022e4:	bd10      	pop	{r4, pc}
100022e6:	3220      	adds	r2, #32
100022e8:	d407      	bmi.n	100022fa <d2fix_a+0x34>
100022ea:	460c      	mov	r4, r1
100022ec:	4094      	lsls	r4, r2
100022ee:	4252      	negs	r2, r2
100022f0:	3220      	adds	r2, #32
100022f2:	4111      	asrs	r1, r2
100022f4:	40d0      	lsrs	r0, r2
100022f6:	4320      	orrs	r0, r4
100022f8:	bd10      	pop	{r4, pc}
100022fa:	0008      	movs	r0, r1
100022fc:	17c9      	asrs	r1, r1, #31
100022fe:	3220      	adds	r2, #32
10002300:	d403      	bmi.n	1000230a <d2fix_a+0x44>
10002302:	4252      	negs	r2, r2
10002304:	3220      	adds	r2, #32
10002306:	4110      	asrs	r0, r2
10002308:	bd10      	pop	{r4, pc}
1000230a:	0018      	movs	r0, r3
1000230c:	0019      	movs	r1, r3
1000230e:	bd10      	pop	{r4, pc}
10002310:	100022c7 	.word	0x100022c7

10002314 <dunpacks>:
10002314:	0d0a      	lsrs	r2, r1, #20
10002316:	0fcc      	lsrs	r4, r1, #31
10002318:	1e53      	subs	r3, r2, #1
1000231a:	051b      	lsls	r3, r3, #20
1000231c:	1ac9      	subs	r1, r1, r3
1000231e:	0552      	lsls	r2, r2, #21
10002320:	d303      	bcc.n	1000232a <l60_1>
10002322:	43c9      	mvns	r1, r1
10002324:	4240      	negs	r0, r0
10002326:	d300      	bcc.n	1000232a <l60_1>
10002328:	3101      	adds	r1, #1

1000232a <l60_1>:
1000232a:	0d52      	lsrs	r2, r2, #21
1000232c:	d003      	beq.n	10002336 <l60_2>
1000232e:	1c53      	adds	r3, r2, #1
10002330:	0adb      	lsrs	r3, r3, #11
10002332:	d007      	beq.n	10002344 <l60_3>
10002334:	1b12      	subs	r2, r2, r4

10002336 <l60_2>:
10002336:	2000      	movs	r0, #0
10002338:	0064      	lsls	r4, r4, #1
1000233a:	1c61      	adds	r1, r4, #1
1000233c:	0789      	lsls	r1, r1, #30
1000233e:	1289      	asrs	r1, r1, #10
10002340:	3a80      	subs	r2, #128	; 0x80
10002342:	0312      	lsls	r2, r2, #12

10002344 <l60_3>:
10002344:	4b01      	ldr	r3, [pc, #4]	; (1000234c <l60_3+0x8>)
10002346:	1ad2      	subs	r2, r2, r3
10002348:	4770      	bx	lr
1000234a:	0000      	.short	0x0000
1000234c:	000003ff 	.word	0x000003ff

10002350 <__wrap___aeabi_lmul>:
10002350:	4351      	muls	r1, r2
10002352:	4343      	muls	r3, r0
10002354:	18c9      	adds	r1, r1, r3
10002356:	468c      	mov	ip, r1
10002358:	0c11      	lsrs	r1, r2, #16
1000235a:	b283      	uxth	r3, r0
1000235c:	434b      	muls	r3, r1
1000235e:	b410      	push	{r4}
10002360:	0c04      	lsrs	r4, r0, #16
10002362:	4361      	muls	r1, r4
10002364:	b292      	uxth	r2, r2
10002366:	b280      	uxth	r0, r0
10002368:	4350      	muls	r0, r2
1000236a:	4362      	muls	r2, r4
1000236c:	041c      	lsls	r4, r3, #16
1000236e:	0c1b      	lsrs	r3, r3, #16
10002370:	1900      	adds	r0, r0, r4
10002372:	bc10      	pop	{r4}
10002374:	4159      	adcs	r1, r3
10002376:	0413      	lsls	r3, r2, #16
10002378:	0c12      	lsrs	r2, r2, #16
1000237a:	18c0      	adds	r0, r0, r3
1000237c:	4151      	adcs	r1, r2
1000237e:	4461      	add	r1, ip
10002380:	4770      	bx	lr

10002382 <__wrap___aeabi_ui2f>:
10002382:	1a49      	subs	r1, r1, r1
10002384:	2800      	cmp	r0, #0
10002386:	d107      	bne.n	10002398 <__aeabi_i2f_main>
10002388:	4608      	mov	r0, r1
1000238a:	4770      	bx	lr

1000238c <__wrap___aeabi_i2f>:
1000238c:	0fc1      	lsrs	r1, r0, #31
1000238e:	07c9      	lsls	r1, r1, #31
10002390:	d500      	bpl.n	10002394 <__wrap___aeabi_i2f+0x8>
10002392:	4240      	negs	r0, r0
10002394:	2800      	cmp	r0, #0
10002396:	d017      	beq.n	100023c8 <__aeabi_i2f_main+0x30>

10002398 <__aeabi_i2f_main>:
10002398:	46f4      	mov	ip, lr
1000239a:	b403      	push	{r0, r1}
1000239c:	4b0b      	ldr	r3, [pc, #44]	; (100023cc <__aeabi_i2f_main+0x34>)
1000239e:	681b      	ldr	r3, [r3, #0]
100023a0:	4798      	blx	r3
100023a2:	bc06      	pop	{r1, r2}
100023a4:	4081      	lsls	r1, r0
100023a6:	389e      	subs	r0, #158	; 0x9e
100023a8:	4240      	negs	r0, r0
100023aa:	3180      	adds	r1, #128	; 0x80
100023ac:	d207      	bcs.n	100023be <__aeabi_i2f_main+0x26>
100023ae:	060b      	lsls	r3, r1, #24
100023b0:	d007      	beq.n	100023c2 <__aeabi_i2f_main+0x2a>
100023b2:	0049      	lsls	r1, r1, #1
100023b4:	0a49      	lsrs	r1, r1, #9
100023b6:	05c0      	lsls	r0, r0, #23
100023b8:	4310      	orrs	r0, r2
100023ba:	4308      	orrs	r0, r1
100023bc:	4760      	bx	ip
100023be:	3001      	adds	r0, #1
100023c0:	e7f8      	b.n	100023b4 <__aeabi_i2f_main+0x1c>
100023c2:	0a49      	lsrs	r1, r1, #9
100023c4:	0289      	lsls	r1, r1, #10
100023c6:	e7f5      	b.n	100023b4 <__aeabi_i2f_main+0x1c>
100023c8:	4770      	bx	lr
100023ca:	0000      	.short	0x0000
100023cc:	2000062c 	.word	0x2000062c

100023d0 <__wrap___aeabi_f2d>:
100023d0:	4b03      	ldr	r3, [pc, #12]	; (100023e0 <__wrap___aeabi_f2d+0x10>)
100023d2:	6fdb      	ldr	r3, [r3, #124]	; 0x7c
100023d4:	46fc      	mov	ip, pc
100023d6:	4718      	bx	r3
100023d8:	2475df7c 	.word	0x2475df7c
100023dc:	00001000 	.word	0x00001000
100023e0:	200004c0 	.word	0x200004c0

100023e4 <__aeabi_float_init>:
100023e4:	2313      	movs	r3, #19
100023e6:	b510      	push	{r4, lr}
100023e8:	4812      	ldr	r0, [pc, #72]	; (10002434 <__aeabi_float_init+0x50>)
100023ea:	781c      	ldrb	r4, [r3, #0]
100023ec:	f7ff f93c 	bl	10001668 <rom_data_lookup>
100023f0:	0001      	movs	r1, r0
100023f2:	2c01      	cmp	r4, #1
100023f4:	d00a      	beq.n	1000240c <__aeabi_float_init+0x28>
100023f6:	dd03      	ble.n	10002400 <__aeabi_float_init+0x1c>
100023f8:	2280      	movs	r2, #128	; 0x80
100023fa:	480f      	ldr	r0, [pc, #60]	; (10002438 <__aeabi_float_init+0x54>)
100023fc:	f000 f85a 	bl	100024b4 <__wrap___aeabi_memcpy>
10002400:	480e      	ldr	r0, [pc, #56]	; (1000243c <__aeabi_float_init+0x58>)
10002402:	f7ff f929 	bl	10001658 <rom_func_lookup>
10002406:	4b0e      	ldr	r3, [pc, #56]	; (10002440 <__aeabi_float_init+0x5c>)
10002408:	6018      	str	r0, [r3, #0]
1000240a:	bd10      	pop	{r4, pc}
1000240c:	4c0a      	ldr	r4, [pc, #40]	; (10002438 <__aeabi_float_init+0x54>)
1000240e:	2254      	movs	r2, #84	; 0x54
10002410:	0020      	movs	r0, r4
10002412:	f000 f84f 	bl	100024b4 <__wrap___aeabi_memcpy>
10002416:	4b0b      	ldr	r3, [pc, #44]	; (10002444 <__aeabi_float_init+0x60>)
10002418:	6563      	str	r3, [r4, #84]	; 0x54
1000241a:	65a3      	str	r3, [r4, #88]	; 0x58
1000241c:	65e3      	str	r3, [r4, #92]	; 0x5c
1000241e:	6623      	str	r3, [r4, #96]	; 0x60
10002420:	6663      	str	r3, [r4, #100]	; 0x64
10002422:	66a3      	str	r3, [r4, #104]	; 0x68
10002424:	66e3      	str	r3, [r4, #108]	; 0x6c
10002426:	6723      	str	r3, [r4, #112]	; 0x70
10002428:	6763      	str	r3, [r4, #116]	; 0x74
1000242a:	67a3      	str	r3, [r4, #120]	; 0x78
1000242c:	67e3      	str	r3, [r4, #124]	; 0x7c
1000242e:	6223      	str	r3, [r4, #32]
10002430:	61e3      	str	r3, [r4, #28]
10002432:	e7e5      	b.n	10002400 <__aeabi_float_init+0x1c>
10002434:	00004653 	.word	0x00004653
10002438:	200004c0 	.word	0x200004c0
1000243c:	0000334c 	.word	0x0000334c
10002440:	2000062c 	.word	0x2000062c
10002444:	10002449 	.word	0x10002449

10002448 <float_table_shim_on_use_helper>:
10002448:	b507      	push	{r0, r1, r2, lr}
1000244a:	4660      	mov	r0, ip
1000244c:	8801      	ldrh	r1, [r0, #0]
1000244e:	0a0a      	lsrs	r2, r1, #8
10002450:	3002      	adds	r0, #2
10002452:	2adf      	cmp	r2, #223	; 0xdf
10002454:	d1fa      	bne.n	1000244c <float_table_shim_on_use_helper+0x4>
10002456:	b2c9      	uxtb	r1, r1
10002458:	0882      	lsrs	r2, r0, #2
1000245a:	d304      	bcc.n	10002466 <float_table_shim_on_use_helper+0x1e>
1000245c:	8802      	ldrh	r2, [r0, #0]
1000245e:	8840      	ldrh	r0, [r0, #2]
10002460:	0400      	lsls	r0, r0, #16
10002462:	4310      	orrs	r0, r2
10002464:	e000      	b.n	10002468 <float_table_shim_on_use_helper+0x20>
10002466:	6800      	ldr	r0, [r0, #0]
10002468:	4a01      	ldr	r2, [pc, #4]	; (10002470 <float_table_shim_on_use_helper+0x28>)
1000246a:	5050      	str	r0, [r2, r1]
1000246c:	9003      	str	r0, [sp, #12]
1000246e:	bd07      	pop	{r0, r1, r2, pc}
10002470:	200004c0 	.word	0x200004c0

10002474 <float2double_shim>:
10002474:	0fc3      	lsrs	r3, r0, #31
10002476:	07db      	lsls	r3, r3, #31
10002478:	0041      	lsls	r1, r0, #1
1000247a:	0e0a      	lsrs	r2, r1, #24
1000247c:	d007      	beq.n	1000248e <float2double_shim+0x1a>
1000247e:	2aff      	cmp	r2, #255	; 0xff
10002480:	d008      	beq.n	10002494 <float2double_shim+0x20>
10002482:	0909      	lsrs	r1, r1, #4
10002484:	4a05      	ldr	r2, [pc, #20]	; (1000249c <float2double_shim+0x28>)
10002486:	1889      	adds	r1, r1, r2
10002488:	4319      	orrs	r1, r3
1000248a:	0740      	lsls	r0, r0, #29
1000248c:	4770      	bx	lr
1000248e:	0019      	movs	r1, r3
10002490:	2000      	movs	r0, #0
10002492:	4770      	bx	lr
10002494:	4902      	ldr	r1, [pc, #8]	; (100024a0 <float2double_shim+0x2c>)
10002496:	18c9      	adds	r1, r1, r3
10002498:	e7fa      	b.n	10002490 <float2double_shim+0x1c>
1000249a:	0000      	.short	0x0000
1000249c:	38000000 	.word	0x38000000
100024a0:	7ff00000 	.word	0x7ff00000

100024a4 <__aeabi_mem_init>:
100024a4:	4801      	ldr	r0, [pc, #4]	; (100024ac <__aeabi_mem_init+0x8>)
100024a6:	2104      	movs	r1, #4
100024a8:	4b01      	ldr	r3, [pc, #4]	; (100024b0 <__aeabi_mem_init+0xc>)
100024aa:	4718      	bx	r3
100024ac:	20000210 	.word	0x20000210
100024b0:	10001679 	.word	0x10001679

100024b4 <__wrap___aeabi_memcpy>:
100024b4:	4b01      	ldr	r3, [pc, #4]	; (100024bc <__wrap___aeabi_memcpy+0x8>)
100024b6:	685b      	ldr	r3, [r3, #4]
100024b8:	4718      	bx	r3
100024ba:	0000      	.short	0x0000
100024bc:	20000210 	.word	0x20000210

100024c0 <_out_buffer>:
100024c0:	429a      	cmp	r2, r3
100024c2:	d200      	bcs.n	100024c6 <_out_buffer+0x6>
100024c4:	5488      	strb	r0, [r1, r2]
100024c6:	4770      	bx	lr

100024c8 <_out_null>:
100024c8:	4770      	bx	lr
100024ca:	46c0      	nop			; (mov r8, r8)

100024cc <_out_rev>:
100024cc:	b5f8      	push	{r3, r4, r5, r6, r7, lr}
100024ce:	4657      	mov	r7, sl
100024d0:	464e      	mov	r6, r9
100024d2:	4645      	mov	r5, r8
100024d4:	46de      	mov	lr, fp
100024d6:	b5e0      	push	{r5, r6, r7, lr}
100024d8:	4699      	mov	r9, r3
100024da:	9b0a      	ldr	r3, [sp, #40]	; 0x28
100024dc:	0007      	movs	r7, r0
100024de:	469a      	mov	sl, r3
100024e0:	9b0d      	ldr	r3, [sp, #52]	; 0x34
100024e2:	4688      	mov	r8, r1
100024e4:	4693      	mov	fp, r2
100024e6:	0015      	movs	r5, r2
100024e8:	9e0b      	ldr	r6, [sp, #44]	; 0x2c
100024ea:	079b      	lsls	r3, r3, #30
100024ec:	d110      	bne.n	10002510 <_out_rev+0x44>
100024ee:	9b0c      	ldr	r3, [sp, #48]	; 0x30
100024f0:	429e      	cmp	r6, r3
100024f2:	d20d      	bcs.n	10002510 <_out_rev+0x44>
100024f4:	1b9d      	subs	r5, r3, r6
100024f6:	0014      	movs	r4, r2
100024f8:	000e      	movs	r6, r1
100024fa:	445d      	add	r5, fp
100024fc:	0022      	movs	r2, r4
100024fe:	464b      	mov	r3, r9
10002500:	3401      	adds	r4, #1
10002502:	0031      	movs	r1, r6
10002504:	2020      	movs	r0, #32
10002506:	47b8      	blx	r7
10002508:	42a5      	cmp	r5, r4
1000250a:	d1f7      	bne.n	100024fc <_out_rev+0x30>
1000250c:	46b0      	mov	r8, r6
1000250e:	9e0b      	ldr	r6, [sp, #44]	; 0x2c
10002510:	2e00      	cmp	r6, #0
10002512:	d027      	beq.n	10002564 <_out_rev+0x98>
10002514:	4644      	mov	r4, r8
10002516:	1975      	adds	r5, r6, r5
10002518:	4653      	mov	r3, sl
1000251a:	1baa      	subs	r2, r5, r6
1000251c:	3e01      	subs	r6, #1
1000251e:	5d98      	ldrb	r0, [r3, r6]
10002520:	0021      	movs	r1, r4
10002522:	464b      	mov	r3, r9
10002524:	47b8      	blx	r7
10002526:	2e00      	cmp	r6, #0
10002528:	d1f6      	bne.n	10002518 <_out_rev+0x4c>
1000252a:	0023      	movs	r3, r4
1000252c:	002c      	movs	r4, r5
1000252e:	4698      	mov	r8, r3
10002530:	9b0d      	ldr	r3, [sp, #52]	; 0x34
10002532:	079b      	lsls	r3, r3, #30
10002534:	d50f      	bpl.n	10002556 <_out_rev+0x8a>
10002536:	465b      	mov	r3, fp
10002538:	1ae5      	subs	r5, r4, r3
1000253a:	9b0c      	ldr	r3, [sp, #48]	; 0x30
1000253c:	42ab      	cmp	r3, r5
1000253e:	d90a      	bls.n	10002556 <_out_rev+0x8a>
10002540:	4646      	mov	r6, r8
10002542:	4698      	mov	r8, r3
10002544:	0022      	movs	r2, r4
10002546:	464b      	mov	r3, r9
10002548:	0031      	movs	r1, r6
1000254a:	2020      	movs	r0, #32
1000254c:	3501      	adds	r5, #1
1000254e:	47b8      	blx	r7
10002550:	3401      	adds	r4, #1
10002552:	45a8      	cmp	r8, r5
10002554:	d8f6      	bhi.n	10002544 <_out_rev+0x78>
10002556:	0020      	movs	r0, r4
10002558:	bcf0      	pop	{r4, r5, r6, r7}
1000255a:	46bb      	mov	fp, r7
1000255c:	46b2      	mov	sl, r6
1000255e:	46a9      	mov	r9, r5
10002560:	46a0      	mov	r8, r4
10002562:	bdf8      	pop	{r3, r4, r5, r6, r7, pc}
10002564:	002c      	movs	r4, r5
10002566:	e7e3      	b.n	10002530 <_out_rev+0x64>

10002568 <_ntoa_format>:
10002568:	b5f0      	push	{r4, r5, r6, r7, lr}
1000256a:	464f      	mov	r7, r9
1000256c:	4646      	mov	r6, r8
1000256e:	46d6      	mov	lr, sl
10002570:	b5c0      	push	{r6, r7, lr}
10002572:	b084      	sub	sp, #16
10002574:	4698      	mov	r8, r3
10002576:	ab0e      	add	r3, sp, #56	; 0x38
10002578:	781b      	ldrb	r3, [r3, #0]
1000257a:	9f12      	ldr	r7, [sp, #72]	; 0x48
1000257c:	4699      	mov	r9, r3
1000257e:	4694      	mov	ip, r2
10002580:	9c0d      	ldr	r4, [sp, #52]	; 0x34
10002582:	9b10      	ldr	r3, [sp, #64]	; 0x40
10002584:	9e11      	ldr	r6, [sp, #68]	; 0x44
10002586:	07ba      	lsls	r2, r7, #30
10002588:	d425      	bmi.n	100025d6 <_ntoa_format+0x6e>
1000258a:	2e00      	cmp	r6, #0
1000258c:	d14b      	bne.n	10002626 <_ntoa_format+0xbe>
1000258e:	429c      	cmp	r4, r3
10002590:	d300      	bcc.n	10002594 <_ntoa_format+0x2c>
10002592:	e0bf      	b.n	10002714 <_ntoa_format+0x1ac>
10002594:	2201      	movs	r2, #1
10002596:	403a      	ands	r2, r7
10002598:	4692      	mov	sl, r2
1000259a:	2c1f      	cmp	r4, #31
1000259c:	d900      	bls.n	100025a0 <_ntoa_format+0x38>
1000259e:	e0b8      	b.n	10002712 <_ntoa_format+0x1aa>
100025a0:	9a0c      	ldr	r2, [sp, #48]	; 0x30
100025a2:	1e55      	subs	r5, r2, #1
100025a4:	2230      	movs	r2, #48	; 0x30
100025a6:	e001      	b.n	100025ac <_ntoa_format+0x44>
100025a8:	2c20      	cmp	r4, #32
100025aa:	d003      	beq.n	100025b4 <_ntoa_format+0x4c>
100025ac:	3401      	adds	r4, #1
100025ae:	552a      	strb	r2, [r5, r4]
100025b0:	42a3      	cmp	r3, r4
100025b2:	d8f9      	bhi.n	100025a8 <_ntoa_format+0x40>
100025b4:	4652      	mov	r2, sl
100025b6:	2a00      	cmp	r2, #0
100025b8:	d00d      	beq.n	100025d6 <_ntoa_format+0x6e>
100025ba:	42a6      	cmp	r6, r4
100025bc:	d90b      	bls.n	100025d6 <_ntoa_format+0x6e>
100025be:	2c20      	cmp	r4, #32
100025c0:	d044      	beq.n	1000264c <_ntoa_format+0xe4>
100025c2:	9a0c      	ldr	r2, [sp, #48]	; 0x30
100025c4:	1e55      	subs	r5, r2, #1
100025c6:	2230      	movs	r2, #48	; 0x30
100025c8:	e001      	b.n	100025ce <_ntoa_format+0x66>
100025ca:	2c20      	cmp	r4, #32
100025cc:	d03e      	beq.n	1000264c <_ntoa_format+0xe4>
100025ce:	3401      	adds	r4, #1
100025d0:	552a      	strb	r2, [r5, r4]
100025d2:	42b4      	cmp	r4, r6
100025d4:	d1f9      	bne.n	100025ca <_ntoa_format+0x62>
100025d6:	06fa      	lsls	r2, r7, #27
100025d8:	d54d      	bpl.n	10002676 <_ntoa_format+0x10e>
100025da:	057a      	lsls	r2, r7, #21
100025dc:	d43f      	bmi.n	1000265e <_ntoa_format+0xf6>
100025de:	2c00      	cmp	r4, #0
100025e0:	d139      	bne.n	10002656 <_ntoa_format+0xee>
100025e2:	9b0f      	ldr	r3, [sp, #60]	; 0x3c
100025e4:	2b10      	cmp	r3, #16
100025e6:	d100      	bne.n	100025ea <_ntoa_format+0x82>
100025e8:	e079      	b.n	100026de <_ntoa_format+0x176>
100025ea:	9b0f      	ldr	r3, [sp, #60]	; 0x3c
100025ec:	2b02      	cmp	r3, #2
100025ee:	d100      	bne.n	100025f2 <_ntoa_format+0x8a>
100025f0:	e08a      	b.n	10002708 <_ntoa_format+0x1a0>
100025f2:	2330      	movs	r3, #48	; 0x30
100025f4:	9a0c      	ldr	r2, [sp, #48]	; 0x30
100025f6:	2401      	movs	r4, #1
100025f8:	7013      	strb	r3, [r2, #0]
100025fa:	464b      	mov	r3, r9
100025fc:	2b00      	cmp	r3, #0
100025fe:	d03f      	beq.n	10002680 <_ntoa_format+0x118>
10002600:	232d      	movs	r3, #45	; 0x2d
10002602:	9a0c      	ldr	r2, [sp, #48]	; 0x30
10002604:	5513      	strb	r3, [r2, r4]
10002606:	3401      	adds	r4, #1
10002608:	9b0c      	ldr	r3, [sp, #48]	; 0x30
1000260a:	4662      	mov	r2, ip
1000260c:	9300      	str	r3, [sp, #0]
1000260e:	9703      	str	r7, [sp, #12]
10002610:	4643      	mov	r3, r8
10002612:	9602      	str	r6, [sp, #8]
10002614:	9401      	str	r4, [sp, #4]
10002616:	f7ff ff59 	bl	100024cc <_out_rev>
1000261a:	b004      	add	sp, #16
1000261c:	bce0      	pop	{r5, r6, r7}
1000261e:	46ba      	mov	sl, r7
10002620:	46b1      	mov	r9, r6
10002622:	46a8      	mov	r8, r5
10002624:	bdf0      	pop	{r4, r5, r6, r7, pc}
10002626:	2201      	movs	r2, #1
10002628:	0015      	movs	r5, r2
1000262a:	403d      	ands	r5, r7
1000262c:	46aa      	mov	sl, r5
1000262e:	423a      	tst	r2, r7
10002630:	d02f      	beq.n	10002692 <_ntoa_format+0x12a>
10002632:	464a      	mov	r2, r9
10002634:	2a00      	cmp	r2, #0
10002636:	d102      	bne.n	1000263e <_ntoa_format+0xd6>
10002638:	320c      	adds	r2, #12
1000263a:	423a      	tst	r2, r7
1000263c:	d000      	beq.n	10002640 <_ntoa_format+0xd8>
1000263e:	3e01      	subs	r6, #1
10002640:	429c      	cmp	r4, r3
10002642:	d2ba      	bcs.n	100025ba <_ntoa_format+0x52>
10002644:	2c1f      	cmp	r4, #31
10002646:	d9ab      	bls.n	100025a0 <_ntoa_format+0x38>
10002648:	2e20      	cmp	r6, #32
1000264a:	d927      	bls.n	1000269c <_ntoa_format+0x134>
1000264c:	2420      	movs	r4, #32
1000264e:	06fa      	lsls	r2, r7, #27
10002650:	d5da      	bpl.n	10002608 <_ntoa_format+0xa0>
10002652:	057a      	lsls	r2, r7, #21
10002654:	d403      	bmi.n	1000265e <_ntoa_format+0xf6>
10002656:	42a3      	cmp	r3, r4
10002658:	d02d      	beq.n	100026b6 <_ntoa_format+0x14e>
1000265a:	42a6      	cmp	r6, r4
1000265c:	d02b      	beq.n	100026b6 <_ntoa_format+0x14e>
1000265e:	9b0f      	ldr	r3, [sp, #60]	; 0x3c
10002660:	2b10      	cmp	r3, #16
10002662:	d032      	beq.n	100026ca <_ntoa_format+0x162>
10002664:	2b02      	cmp	r3, #2
10002666:	d020      	beq.n	100026aa <_ntoa_format+0x142>
10002668:	2c20      	cmp	r4, #32
1000266a:	d0cd      	beq.n	10002608 <_ntoa_format+0xa0>
1000266c:	2230      	movs	r2, #48	; 0x30
1000266e:	9b0c      	ldr	r3, [sp, #48]	; 0x30
10002670:	191b      	adds	r3, r3, r4
10002672:	701a      	strb	r2, [r3, #0]
10002674:	3401      	adds	r4, #1
10002676:	2c20      	cmp	r4, #32
10002678:	d0c6      	beq.n	10002608 <_ntoa_format+0xa0>
1000267a:	464b      	mov	r3, r9
1000267c:	2b00      	cmp	r3, #0
1000267e:	d1bf      	bne.n	10002600 <_ntoa_format+0x98>
10002680:	077b      	lsls	r3, r7, #29
10002682:	d40d      	bmi.n	100026a0 <_ntoa_format+0x138>
10002684:	073b      	lsls	r3, r7, #28
10002686:	d5bf      	bpl.n	10002608 <_ntoa_format+0xa0>
10002688:	2320      	movs	r3, #32
1000268a:	9a0c      	ldr	r2, [sp, #48]	; 0x30
1000268c:	5513      	strb	r3, [r2, r4]
1000268e:	3401      	adds	r4, #1
10002690:	e7ba      	b.n	10002608 <_ntoa_format+0xa0>
10002692:	429c      	cmp	r4, r3
10002694:	d29f      	bcs.n	100025d6 <_ntoa_format+0x6e>
10002696:	2c1f      	cmp	r4, #31
10002698:	d800      	bhi.n	1000269c <_ntoa_format+0x134>
1000269a:	e781      	b.n	100025a0 <_ntoa_format+0x38>
1000269c:	2420      	movs	r4, #32
1000269e:	e79a      	b.n	100025d6 <_ntoa_format+0x6e>
100026a0:	232b      	movs	r3, #43	; 0x2b
100026a2:	9a0c      	ldr	r2, [sp, #48]	; 0x30
100026a4:	5513      	strb	r3, [r2, r4]
100026a6:	3401      	adds	r4, #1
100026a8:	e7ae      	b.n	10002608 <_ntoa_format+0xa0>
100026aa:	2c20      	cmp	r4, #32
100026ac:	d0ac      	beq.n	10002608 <_ntoa_format+0xa0>
100026ae:	9b0c      	ldr	r3, [sp, #48]	; 0x30
100026b0:	191b      	adds	r3, r3, r4
100026b2:	3401      	adds	r4, #1
100026b4:	e03a      	b.n	1000272c <_ntoa_format+0x1c4>
100026b6:	1e63      	subs	r3, r4, #1
100026b8:	2c01      	cmp	r4, #1
100026ba:	d092      	beq.n	100025e2 <_ntoa_format+0x7a>
100026bc:	9a0f      	ldr	r2, [sp, #60]	; 0x3c
100026be:	2a10      	cmp	r2, #16
100026c0:	d02a      	beq.n	10002718 <_ntoa_format+0x1b0>
100026c2:	2a02      	cmp	r2, #2
100026c4:	d02f      	beq.n	10002726 <_ntoa_format+0x1be>
100026c6:	001c      	movs	r4, r3
100026c8:	e7d0      	b.n	1000266c <_ntoa_format+0x104>
100026ca:	06bb      	lsls	r3, r7, #26
100026cc:	d40e      	bmi.n	100026ec <_ntoa_format+0x184>
100026ce:	2c20      	cmp	r4, #32
100026d0:	d09a      	beq.n	10002608 <_ntoa_format+0xa0>
100026d2:	9b0c      	ldr	r3, [sp, #48]	; 0x30
100026d4:	191a      	adds	r2, r3, r4
100026d6:	3401      	adds	r4, #1
100026d8:	2378      	movs	r3, #120	; 0x78
100026da:	7013      	strb	r3, [r2, #0]
100026dc:	e7c4      	b.n	10002668 <_ntoa_format+0x100>
100026de:	06bb      	lsls	r3, r7, #26
100026e0:	d40d      	bmi.n	100026fe <_ntoa_format+0x196>
100026e2:	2378      	movs	r3, #120	; 0x78
100026e4:	9a0c      	ldr	r2, [sp, #48]	; 0x30
100026e6:	2401      	movs	r4, #1
100026e8:	7013      	strb	r3, [r2, #0]
100026ea:	e7bf      	b.n	1000266c <_ntoa_format+0x104>
100026ec:	2c20      	cmp	r4, #32
100026ee:	d100      	bne.n	100026f2 <_ntoa_format+0x18a>
100026f0:	e78a      	b.n	10002608 <_ntoa_format+0xa0>
100026f2:	2258      	movs	r2, #88	; 0x58
100026f4:	9b0c      	ldr	r3, [sp, #48]	; 0x30
100026f6:	191b      	adds	r3, r3, r4
100026f8:	701a      	strb	r2, [r3, #0]
100026fa:	3401      	adds	r4, #1
100026fc:	e7b4      	b.n	10002668 <_ntoa_format+0x100>
100026fe:	2358      	movs	r3, #88	; 0x58
10002700:	9a0c      	ldr	r2, [sp, #48]	; 0x30
10002702:	2401      	movs	r4, #1
10002704:	7013      	strb	r3, [r2, #0]
10002706:	e7b1      	b.n	1000266c <_ntoa_format+0x104>
10002708:	9a0c      	ldr	r2, [sp, #48]	; 0x30
1000270a:	3360      	adds	r3, #96	; 0x60
1000270c:	2401      	movs	r4, #1
1000270e:	7013      	strb	r3, [r2, #0]
10002710:	e7ac      	b.n	1000266c <_ntoa_format+0x104>
10002712:	2420      	movs	r4, #32
10002714:	2600      	movs	r6, #0
10002716:	e75e      	b.n	100025d6 <_ntoa_format+0x6e>
10002718:	3c02      	subs	r4, #2
1000271a:	06ba      	lsls	r2, r7, #26
1000271c:	d4e9      	bmi.n	100026f2 <_ntoa_format+0x18a>
1000271e:	9a0c      	ldr	r2, [sp, #48]	; 0x30
10002720:	1912      	adds	r2, r2, r4
10002722:	001c      	movs	r4, r3
10002724:	e7d8      	b.n	100026d8 <_ntoa_format+0x170>
10002726:	9a0c      	ldr	r2, [sp, #48]	; 0x30
10002728:	4692      	mov	sl, r2
1000272a:	4453      	add	r3, sl
1000272c:	2262      	movs	r2, #98	; 0x62
1000272e:	701a      	strb	r2, [r3, #0]
10002730:	e79a      	b.n	10002668 <_ntoa_format+0x100>
10002732:	46c0      	nop			; (mov r8, r8)

10002734 <_out_char>:
10002734:	b510      	push	{r4, lr}
10002736:	2800      	cmp	r0, #0
10002738:	d100      	bne.n	1000273c <_out_char+0x8>
1000273a:	bd10      	pop	{r4, pc}
1000273c:	f001 fabe 	bl	10003cbc <__wrap_putchar>
10002740:	e7fb      	b.n	1000273a <_out_char+0x6>
10002742:	46c0      	nop			; (mov r8, r8)

10002744 <_etoa>:
10002744:	b5f0      	push	{r4, r5, r6, r7, lr}
10002746:	46de      	mov	lr, fp
10002748:	4657      	mov	r7, sl
1000274a:	464e      	mov	r6, r9
1000274c:	4645      	mov	r5, r8
1000274e:	b5e0      	push	{r5, r6, r7, lr}
10002750:	b09b      	sub	sp, #108	; 0x6c
10002752:	469b      	mov	fp, r3
10002754:	9b24      	ldr	r3, [sp, #144]	; 0x90
10002756:	4689      	mov	r9, r1
10002758:	4698      	mov	r8, r3
1000275a:	9b25      	ldr	r3, [sp, #148]	; 0x94
1000275c:	900b      	str	r0, [sp, #44]	; 0x2c
1000275e:	920c      	str	r2, [sp, #48]	; 0x30
10002760:	4640      	mov	r0, r8
10002762:	4642      	mov	r2, r8
10002764:	0019      	movs	r1, r3
10002766:	469a      	mov	sl, r3
10002768:	f7ff fa99 	bl	10001c9e <__wrap___aeabi_dcmpun>
1000276c:	2800      	cmp	r0, #0
1000276e:	d000      	beq.n	10002772 <_etoa+0x2e>
10002770:	e0d8      	b.n	10002924 <_etoa+0x1e0>
10002772:	2201      	movs	r2, #1
10002774:	4640      	mov	r0, r8
10002776:	4651      	mov	r1, sl
10002778:	4b77      	ldr	r3, [pc, #476]	; (10002958 <_etoa+0x214>)
1000277a:	4252      	negs	r2, r2
1000277c:	f7ff fa8a 	bl	10001c94 <__wrap___aeabi_dcmpgt>
10002780:	2800      	cmp	r0, #0
10002782:	d000      	beq.n	10002786 <_etoa+0x42>
10002784:	e0ce      	b.n	10002924 <_etoa+0x1e0>
10002786:	2201      	movs	r2, #1
10002788:	4640      	mov	r0, r8
1000278a:	4651      	mov	r1, sl
1000278c:	4b73      	ldr	r3, [pc, #460]	; (1000295c <_etoa+0x218>)
1000278e:	4252      	negs	r2, r2
10002790:	f7ff fa6a 	bl	10001c68 <__wrap___aeabi_dcmplt>
10002794:	2800      	cmp	r0, #0
10002796:	d000      	beq.n	1000279a <_etoa+0x56>
10002798:	e0c4      	b.n	10002924 <_etoa+0x1e0>
1000279a:	2200      	movs	r2, #0
1000279c:	2300      	movs	r3, #0
1000279e:	4640      	mov	r0, r8
100027a0:	4651      	mov	r1, sl
100027a2:	f7ff fa61 	bl	10001c68 <__wrap___aeabi_dcmplt>
100027a6:	2800      	cmp	r0, #0
100027a8:	d000      	beq.n	100027ac <_etoa+0x68>
100027aa:	e1b9      	b.n	10002b20 <_etoa+0x3dc>
100027ac:	4642      	mov	r2, r8
100027ae:	4653      	mov	r3, sl
100027b0:	920a      	str	r2, [sp, #40]	; 0x28
100027b2:	9309      	str	r3, [sp, #36]	; 0x24
100027b4:	2380      	movs	r3, #128	; 0x80
100027b6:	9a28      	ldr	r2, [sp, #160]	; 0xa0
100027b8:	00db      	lsls	r3, r3, #3
100027ba:	401a      	ands	r2, r3
100027bc:	920e      	str	r2, [sp, #56]	; 0x38
100027be:	9a28      	ldr	r2, [sp, #160]	; 0xa0
100027c0:	421a      	tst	r2, r3
100027c2:	d101      	bne.n	100027c8 <_etoa+0x84>
100027c4:	2306      	movs	r3, #6
100027c6:	9326      	str	r3, [sp, #152]	; 0x98
100027c8:	9a0a      	ldr	r2, [sp, #40]	; 0x28
100027ca:	9b09      	ldr	r3, [sp, #36]	; 0x24
100027cc:	0016      	movs	r6, r2
100027ce:	4313      	orrs	r3, r2
100027d0:	d000      	beq.n	100027d4 <_etoa+0x90>
100027d2:	e0c7      	b.n	10002964 <_etoa+0x220>
100027d4:	9b28      	ldr	r3, [sp, #160]	; 0xa0
100027d6:	2500      	movs	r5, #0
100027d8:	2600      	movs	r6, #0
100027da:	051b      	lsls	r3, r3, #20
100027dc:	d400      	bmi.n	100027e0 <_etoa+0x9c>
100027de:	e19b      	b.n	10002b18 <_etoa+0x3d4>
100027e0:	2300      	movs	r3, #0
100027e2:	930d      	str	r3, [sp, #52]	; 0x34
100027e4:	9a26      	ldr	r2, [sp, #152]	; 0x98
100027e6:	9b0d      	ldr	r3, [sp, #52]	; 0x34
100027e8:	429a      	cmp	r2, r3
100027ea:	dc00      	bgt.n	100027ee <_etoa+0xaa>
100027ec:	e19f      	b.n	10002b2e <_etoa+0x3ea>
100027ee:	1ad0      	subs	r0, r2, r3
100027f0:	1e43      	subs	r3, r0, #1
100027f2:	9326      	str	r3, [sp, #152]	; 0x98
100027f4:	2380      	movs	r3, #128	; 0x80
100027f6:	9a28      	ldr	r2, [sp, #160]	; 0xa0
100027f8:	00db      	lsls	r3, r3, #3
100027fa:	431a      	orrs	r2, r3
100027fc:	2300      	movs	r3, #0
100027fe:	2700      	movs	r7, #0
10002800:	9228      	str	r2, [sp, #160]	; 0xa0
10002802:	930d      	str	r3, [sp, #52]	; 0x34
10002804:	9b27      	ldr	r3, [sp, #156]	; 0x9c
10002806:	2400      	movs	r4, #0
10002808:	42bb      	cmp	r3, r7
1000280a:	d900      	bls.n	1000280e <_etoa+0xca>
1000280c:	1bdc      	subs	r4, r3, r7
1000280e:	2302      	movs	r3, #2
10002810:	9a28      	ldr	r2, [sp, #160]	; 0xa0
10002812:	401a      	ands	r2, r3
10002814:	920e      	str	r2, [sp, #56]	; 0x38
10002816:	9a28      	ldr	r2, [sp, #160]	; 0xa0
10002818:	4213      	tst	r3, r2
1000281a:	d003      	beq.n	10002824 <_etoa+0xe0>
1000281c:	427b      	negs	r3, r7
1000281e:	417b      	adcs	r3, r7
10002820:	425b      	negs	r3, r3
10002822:	401c      	ands	r4, r3
10002824:	9b0d      	ldr	r3, [sp, #52]	; 0x34
10002826:	2b00      	cmp	r3, #0
10002828:	d007      	beq.n	1000283a <_etoa+0xf6>
1000282a:	980a      	ldr	r0, [sp, #40]	; 0x28
1000282c:	9909      	ldr	r1, [sp, #36]	; 0x24
1000282e:	002a      	movs	r2, r5
10002830:	0033      	movs	r3, r6
10002832:	f7ff f9b8 	bl	10001ba6 <__wrap___aeabi_ddiv>
10002836:	900a      	str	r0, [sp, #40]	; 0x28
10002838:	9109      	str	r1, [sp, #36]	; 0x24
1000283a:	2200      	movs	r2, #0
1000283c:	2300      	movs	r3, #0
1000283e:	4640      	mov	r0, r8
10002840:	4651      	mov	r1, sl
10002842:	f7ff fa11 	bl	10001c68 <__wrap___aeabi_dcmplt>
10002846:	2800      	cmp	r0, #0
10002848:	d005      	beq.n	10002856 <_etoa+0x112>
1000284a:	2080      	movs	r0, #128	; 0x80
1000284c:	0600      	lsls	r0, r0, #24
1000284e:	4684      	mov	ip, r0
10002850:	9909      	ldr	r1, [sp, #36]	; 0x24
10002852:	4461      	add	r1, ip
10002854:	9109      	str	r1, [sp, #36]	; 0x24
10002856:	9a28      	ldr	r2, [sp, #160]	; 0xa0
10002858:	4b41      	ldr	r3, [pc, #260]	; (10002960 <_etoa+0x21c>)
1000285a:	9d0b      	ldr	r5, [sp, #44]	; 0x2c
1000285c:	4013      	ands	r3, r2
1000285e:	9304      	str	r3, [sp, #16]
10002860:	9b26      	ldr	r3, [sp, #152]	; 0x98
10002862:	9a0a      	ldr	r2, [sp, #40]	; 0x28
10002864:	9302      	str	r3, [sp, #8]
10002866:	9b09      	ldr	r3, [sp, #36]	; 0x24
10002868:	9403      	str	r4, [sp, #12]
1000286a:	9200      	str	r2, [sp, #0]
1000286c:	9301      	str	r3, [sp, #4]
1000286e:	4649      	mov	r1, r9
10002870:	465b      	mov	r3, fp
10002872:	0028      	movs	r0, r5
10002874:	9a0c      	ldr	r2, [sp, #48]	; 0x30
10002876:	f000 f98b 	bl	10002b90 <_ftoa>
1000287a:	0004      	movs	r4, r0
1000287c:	2f00      	cmp	r7, #0
1000287e:	d062      	beq.n	10002946 <_etoa+0x202>
10002880:	9b28      	ldr	r3, [sp, #160]	; 0xa0
10002882:	0022      	movs	r2, r4
10002884:	0698      	lsls	r0, r3, #26
10002886:	231f      	movs	r3, #31
10002888:	17c0      	asrs	r0, r0, #31
1000288a:	4398      	bics	r0, r3
1000288c:	1c63      	adds	r3, r4, #1
1000288e:	4698      	mov	r8, r3
10002890:	4649      	mov	r1, r9
10002892:	465b      	mov	r3, fp
10002894:	3065      	adds	r0, #101	; 0x65
10002896:	47a8      	blx	r5
10002898:	9b0d      	ldr	r3, [sp, #52]	; 0x34
1000289a:	2500      	movs	r5, #0
1000289c:	17da      	asrs	r2, r3, #31
1000289e:	189c      	adds	r4, r3, r2
100028a0:	0fdb      	lsrs	r3, r3, #31
100028a2:	469a      	mov	sl, r3
100028a4:	4054      	eors	r4, r2
100028a6:	3f01      	subs	r7, #1
100028a8:	e001      	b.n	100028ae <_etoa+0x16a>
100028aa:	2d20      	cmp	r5, #32
100028ac:	d013      	beq.n	100028d6 <_etoa+0x192>
100028ae:	aa0a      	add	r2, sp, #40	; 0x28
100028b0:	4694      	mov	ip, r2
100028b2:	231f      	movs	r3, #31
100028b4:	0020      	movs	r0, r4
100028b6:	4463      	add	r3, ip
100028b8:	210a      	movs	r1, #10
100028ba:	3501      	adds	r5, #1
100028bc:	195e      	adds	r6, r3, r5
100028be:	f7fe ff25 	bl	1000170c <__wrap___aeabi_uidiv>
100028c2:	3130      	adds	r1, #48	; 0x30
100028c4:	7031      	strb	r1, [r6, #0]
100028c6:	0020      	movs	r0, r4
100028c8:	210a      	movs	r1, #10
100028ca:	f7fe ff1f 	bl	1000170c <__wrap___aeabi_uidiv>
100028ce:	0026      	movs	r6, r4
100028d0:	0004      	movs	r4, r0
100028d2:	2e09      	cmp	r6, #9
100028d4:	d8e9      	bhi.n	100028aa <_etoa+0x166>
100028d6:	2305      	movs	r3, #5
100028d8:	9306      	str	r3, [sp, #24]
100028da:	2300      	movs	r3, #0
100028dc:	9304      	str	r3, [sp, #16]
100028de:	330a      	adds	r3, #10
100028e0:	9303      	str	r3, [sp, #12]
100028e2:	4653      	mov	r3, sl
100028e4:	9705      	str	r7, [sp, #20]
100028e6:	9f0b      	ldr	r7, [sp, #44]	; 0x2c
100028e8:	9302      	str	r3, [sp, #8]
100028ea:	ab12      	add	r3, sp, #72	; 0x48
100028ec:	9300      	str	r3, [sp, #0]
100028ee:	4642      	mov	r2, r8
100028f0:	465b      	mov	r3, fp
100028f2:	4649      	mov	r1, r9
100028f4:	0038      	movs	r0, r7
100028f6:	9501      	str	r5, [sp, #4]
100028f8:	f7ff fe36 	bl	10002568 <_ntoa_format>
100028fc:	9b0e      	ldr	r3, [sp, #56]	; 0x38
100028fe:	0004      	movs	r4, r0
10002900:	2b00      	cmp	r3, #0
10002902:	d020      	beq.n	10002946 <_etoa+0x202>
10002904:	9b0c      	ldr	r3, [sp, #48]	; 0x30
10002906:	1ac5      	subs	r5, r0, r3
10002908:	9b27      	ldr	r3, [sp, #156]	; 0x9c
1000290a:	42ab      	cmp	r3, r5
1000290c:	d91b      	bls.n	10002946 <_etoa+0x202>
1000290e:	001e      	movs	r6, r3
10002910:	0022      	movs	r2, r4
10002912:	465b      	mov	r3, fp
10002914:	4649      	mov	r1, r9
10002916:	2020      	movs	r0, #32
10002918:	3501      	adds	r5, #1
1000291a:	47b8      	blx	r7
1000291c:	3401      	adds	r4, #1
1000291e:	42ae      	cmp	r6, r5
10002920:	d8f6      	bhi.n	10002910 <_etoa+0x1cc>
10002922:	e010      	b.n	10002946 <_etoa+0x202>
10002924:	9b28      	ldr	r3, [sp, #160]	; 0xa0
10002926:	4642      	mov	r2, r8
10002928:	9304      	str	r3, [sp, #16]
1000292a:	9b27      	ldr	r3, [sp, #156]	; 0x9c
1000292c:	4649      	mov	r1, r9
1000292e:	9303      	str	r3, [sp, #12]
10002930:	9b26      	ldr	r3, [sp, #152]	; 0x98
10002932:	980b      	ldr	r0, [sp, #44]	; 0x2c
10002934:	9302      	str	r3, [sp, #8]
10002936:	4653      	mov	r3, sl
10002938:	9200      	str	r2, [sp, #0]
1000293a:	9301      	str	r3, [sp, #4]
1000293c:	465b      	mov	r3, fp
1000293e:	9a0c      	ldr	r2, [sp, #48]	; 0x30
10002940:	f000 f926 	bl	10002b90 <_ftoa>
10002944:	0004      	movs	r4, r0
10002946:	0020      	movs	r0, r4
10002948:	b01b      	add	sp, #108	; 0x6c
1000294a:	bcf0      	pop	{r4, r5, r6, r7}
1000294c:	46bb      	mov	fp, r7
1000294e:	46b2      	mov	sl, r6
10002950:	46a9      	mov	r9, r5
10002952:	46a0      	mov	r8, r4
10002954:	bdf0      	pop	{r4, r5, r6, r7, pc}
10002956:	46c0      	nop			; (mov r8, r8)
10002958:	7fefffff 	.word	0x7fefffff
1000295c:	ffefffff 	.word	0xffefffff
10002960:	fffff7ff 	.word	0xfffff7ff
10002964:	4b73      	ldr	r3, [pc, #460]	; (10002b34 <_etoa+0x3f0>)
10002966:	9f09      	ldr	r7, [sp, #36]	; 0x24
10002968:	469c      	mov	ip, r3
1000296a:	0078      	lsls	r0, r7, #1
1000296c:	0d40      	lsrs	r0, r0, #21
1000296e:	4460      	add	r0, ip
10002970:	f7ff f9a6 	bl	10001cc0 <__wrap___aeabi_i2d>
10002974:	4a70      	ldr	r2, [pc, #448]	; (10002b38 <_etoa+0x3f4>)
10002976:	4b71      	ldr	r3, [pc, #452]	; (10002b3c <_etoa+0x3f8>)
10002978:	f7ff f933 	bl	10001be2 <__wrap___aeabi_dmul>
1000297c:	4a70      	ldr	r2, [pc, #448]	; (10002b40 <_etoa+0x3fc>)
1000297e:	4b71      	ldr	r3, [pc, #452]	; (10002b44 <_etoa+0x400>)
10002980:	f7ff f908 	bl	10001b94 <__wrap___aeabi_dadd>
10002984:	033b      	lsls	r3, r7, #12
10002986:	4a70      	ldr	r2, [pc, #448]	; (10002b48 <_etoa+0x404>)
10002988:	0b1b      	lsrs	r3, r3, #12
1000298a:	431a      	orrs	r2, r3
1000298c:	0004      	movs	r4, r0
1000298e:	000d      	movs	r5, r1
10002990:	0030      	movs	r0, r6
10002992:	0011      	movs	r1, r2
10002994:	4b6d      	ldr	r3, [pc, #436]	; (10002b4c <_etoa+0x408>)
10002996:	2200      	movs	r2, #0
10002998:	f7ff f8f3 	bl	10001b82 <__wrap___aeabi_dsub>
1000299c:	4a6c      	ldr	r2, [pc, #432]	; (10002b50 <_etoa+0x40c>)
1000299e:	4b6d      	ldr	r3, [pc, #436]	; (10002b54 <_etoa+0x410>)
100029a0:	f7ff f91f 	bl	10001be2 <__wrap___aeabi_dmul>
100029a4:	0002      	movs	r2, r0
100029a6:	000b      	movs	r3, r1
100029a8:	0020      	movs	r0, r4
100029aa:	0029      	movs	r1, r5
100029ac:	f7ff f8f2 	bl	10001b94 <__wrap___aeabi_dadd>
100029b0:	f7ff f99e 	bl	10001cf0 <__wrap___aeabi_d2iz>
100029b4:	900d      	str	r0, [sp, #52]	; 0x34
100029b6:	f7ff f983 	bl	10001cc0 <__wrap___aeabi_i2d>
100029ba:	4a67      	ldr	r2, [pc, #412]	; (10002b58 <_etoa+0x414>)
100029bc:	4b67      	ldr	r3, [pc, #412]	; (10002b5c <_etoa+0x418>)
100029be:	0004      	movs	r4, r0
100029c0:	000d      	movs	r5, r1
100029c2:	f7ff f90e 	bl	10001be2 <__wrap___aeabi_dmul>
100029c6:	2200      	movs	r2, #0
100029c8:	4b65      	ldr	r3, [pc, #404]	; (10002b60 <_etoa+0x41c>)
100029ca:	f7ff f8e3 	bl	10001b94 <__wrap___aeabi_dadd>
100029ce:	f7ff f98f 	bl	10001cf0 <__wrap___aeabi_d2iz>
100029d2:	4a64      	ldr	r2, [pc, #400]	; (10002b64 <_etoa+0x420>)
100029d4:	0006      	movs	r6, r0
100029d6:	4b64      	ldr	r3, [pc, #400]	; (10002b68 <_etoa+0x424>)
100029d8:	0020      	movs	r0, r4
100029da:	0029      	movs	r1, r5
100029dc:	f7ff f901 	bl	10001be2 <__wrap___aeabi_dmul>
100029e0:	0004      	movs	r4, r0
100029e2:	0030      	movs	r0, r6
100029e4:	000d      	movs	r5, r1
100029e6:	960f      	str	r6, [sp, #60]	; 0x3c
100029e8:	f7ff f96a 	bl	10001cc0 <__wrap___aeabi_i2d>
100029ec:	4a5f      	ldr	r2, [pc, #380]	; (10002b6c <_etoa+0x428>)
100029ee:	4b60      	ldr	r3, [pc, #384]	; (10002b70 <_etoa+0x42c>)
100029f0:	f7ff f8f7 	bl	10001be2 <__wrap___aeabi_dmul>
100029f4:	0002      	movs	r2, r0
100029f6:	000b      	movs	r3, r1
100029f8:	0020      	movs	r0, r4
100029fa:	0029      	movs	r1, r5
100029fc:	f7ff f8c1 	bl	10001b82 <__wrap___aeabi_dsub>
10002a00:	0002      	movs	r2, r0
10002a02:	000b      	movs	r3, r1
10002a04:	0006      	movs	r6, r0
10002a06:	000f      	movs	r7, r1
10002a08:	f7ff f8eb 	bl	10001be2 <__wrap___aeabi_dmul>
10002a0c:	0032      	movs	r2, r6
10002a0e:	0004      	movs	r4, r0
10002a10:	000d      	movs	r5, r1
10002a12:	003b      	movs	r3, r7
10002a14:	0030      	movs	r0, r6
10002a16:	0039      	movs	r1, r7
10002a18:	f7ff f8bc 	bl	10001b94 <__wrap___aeabi_dadd>
10002a1c:	2200      	movs	r2, #0
10002a1e:	9010      	str	r0, [sp, #64]	; 0x40
10002a20:	9111      	str	r1, [sp, #68]	; 0x44
10002a22:	4b54      	ldr	r3, [pc, #336]	; (10002b74 <_etoa+0x430>)
10002a24:	0020      	movs	r0, r4
10002a26:	0029      	movs	r1, r5
10002a28:	f7ff f8bd 	bl	10001ba6 <__wrap___aeabi_ddiv>
10002a2c:	2200      	movs	r2, #0
10002a2e:	4b52      	ldr	r3, [pc, #328]	; (10002b78 <_etoa+0x434>)
10002a30:	f7ff f8b0 	bl	10001b94 <__wrap___aeabi_dadd>
10002a34:	0002      	movs	r2, r0
10002a36:	000b      	movs	r3, r1
10002a38:	0020      	movs	r0, r4
10002a3a:	0029      	movs	r1, r5
10002a3c:	f7ff f8b3 	bl	10001ba6 <__wrap___aeabi_ddiv>
10002a40:	2200      	movs	r2, #0
10002a42:	4b4e      	ldr	r3, [pc, #312]	; (10002b7c <_etoa+0x438>)
10002a44:	f7ff f8a6 	bl	10001b94 <__wrap___aeabi_dadd>
10002a48:	0002      	movs	r2, r0
10002a4a:	000b      	movs	r3, r1
10002a4c:	0020      	movs	r0, r4
10002a4e:	0029      	movs	r1, r5
10002a50:	f7ff f8a9 	bl	10001ba6 <__wrap___aeabi_ddiv>
10002a54:	000d      	movs	r5, r1
10002a56:	2180      	movs	r1, #128	; 0x80
10002a58:	0004      	movs	r4, r0
10002a5a:	0032      	movs	r2, r6
10002a5c:	003b      	movs	r3, r7
10002a5e:	2000      	movs	r0, #0
10002a60:	05c9      	lsls	r1, r1, #23
10002a62:	f7ff f88e 	bl	10001b82 <__wrap___aeabi_dsub>
10002a66:	0002      	movs	r2, r0
10002a68:	000b      	movs	r3, r1
10002a6a:	0020      	movs	r0, r4
10002a6c:	0029      	movs	r1, r5
10002a6e:	f7ff f891 	bl	10001b94 <__wrap___aeabi_dadd>
10002a72:	0002      	movs	r2, r0
10002a74:	000b      	movs	r3, r1
10002a76:	9810      	ldr	r0, [sp, #64]	; 0x40
10002a78:	9911      	ldr	r1, [sp, #68]	; 0x44
10002a7a:	f7ff f894 	bl	10001ba6 <__wrap___aeabi_ddiv>
10002a7e:	2200      	movs	r2, #0
10002a80:	4b31      	ldr	r3, [pc, #196]	; (10002b48 <_etoa+0x404>)
10002a82:	f7ff f887 	bl	10001b94 <__wrap___aeabi_dadd>
10002a86:	4b3e      	ldr	r3, [pc, #248]	; (10002b80 <_etoa+0x43c>)
10002a88:	9c0f      	ldr	r4, [sp, #60]	; 0x3c
10002a8a:	469c      	mov	ip, r3
10002a8c:	4464      	add	r4, ip
10002a8e:	2200      	movs	r2, #0
10002a90:	0523      	lsls	r3, r4, #20
10002a92:	f7ff f8a6 	bl	10001be2 <__wrap___aeabi_dmul>
10002a96:	0005      	movs	r5, r0
10002a98:	000e      	movs	r6, r1
10002a9a:	0002      	movs	r2, r0
10002a9c:	000b      	movs	r3, r1
10002a9e:	980a      	ldr	r0, [sp, #40]	; 0x28
10002aa0:	9909      	ldr	r1, [sp, #36]	; 0x24
10002aa2:	f7ff f8e1 	bl	10001c68 <__wrap___aeabi_dcmplt>
10002aa6:	2800      	cmp	r0, #0
10002aa8:	d00a      	beq.n	10002ac0 <_etoa+0x37c>
10002aaa:	9b0d      	ldr	r3, [sp, #52]	; 0x34
10002aac:	0028      	movs	r0, r5
10002aae:	3b01      	subs	r3, #1
10002ab0:	0031      	movs	r1, r6
10002ab2:	930d      	str	r3, [sp, #52]	; 0x34
10002ab4:	2200      	movs	r2, #0
10002ab6:	4b30      	ldr	r3, [pc, #192]	; (10002b78 <_etoa+0x434>)
10002ab8:	f7ff f875 	bl	10001ba6 <__wrap___aeabi_ddiv>
10002abc:	0005      	movs	r5, r0
10002abe:	000e      	movs	r6, r1
10002ac0:	27c6      	movs	r7, #198	; 0xc6
10002ac2:	990d      	ldr	r1, [sp, #52]	; 0x34
10002ac4:	002b      	movs	r3, r5
10002ac6:	3163      	adds	r1, #99	; 0x63
10002ac8:	428f      	cmp	r7, r1
10002aca:	41bf      	sbcs	r7, r7
10002acc:	9928      	ldr	r1, [sp, #160]	; 0xa0
10002ace:	427f      	negs	r7, r7
10002ad0:	3704      	adds	r7, #4
10002ad2:	0509      	lsls	r1, r1, #20
10002ad4:	d400      	bmi.n	10002ad8 <_etoa+0x394>
10002ad6:	e695      	b.n	10002804 <_etoa+0xc0>
10002ad8:	4333      	orrs	r3, r6
10002ada:	d100      	bne.n	10002ade <_etoa+0x39a>
10002adc:	e682      	b.n	100027e4 <_etoa+0xa0>
10002ade:	9c09      	ldr	r4, [sp, #36]	; 0x24
10002ae0:	4a28      	ldr	r2, [pc, #160]	; (10002b84 <_etoa+0x440>)
10002ae2:	0021      	movs	r1, r4
10002ae4:	4b28      	ldr	r3, [pc, #160]	; (10002b88 <_etoa+0x444>)
10002ae6:	980a      	ldr	r0, [sp, #40]	; 0x28
10002ae8:	f7ff f8cc 	bl	10001c84 <__wrap___aeabi_dcmpge>
10002aec:	2800      	cmp	r0, #0
10002aee:	d008      	beq.n	10002b02 <_etoa+0x3be>
10002af0:	2200      	movs	r2, #0
10002af2:	0021      	movs	r1, r4
10002af4:	4b25      	ldr	r3, [pc, #148]	; (10002b8c <_etoa+0x448>)
10002af6:	980a      	ldr	r0, [sp, #40]	; 0x28
10002af8:	f7ff f8b6 	bl	10001c68 <__wrap___aeabi_dcmplt>
10002afc:	2800      	cmp	r0, #0
10002afe:	d000      	beq.n	10002b02 <_etoa+0x3be>
10002b00:	e670      	b.n	100027e4 <_etoa+0xa0>
10002b02:	9b26      	ldr	r3, [sp, #152]	; 0x98
10002b04:	2b00      	cmp	r3, #0
10002b06:	d100      	bne.n	10002b0a <_etoa+0x3c6>
10002b08:	e67c      	b.n	10002804 <_etoa+0xc0>
10002b0a:	9b0e      	ldr	r3, [sp, #56]	; 0x38
10002b0c:	1e5a      	subs	r2, r3, #1
10002b0e:	4193      	sbcs	r3, r2
10002b10:	9a26      	ldr	r2, [sp, #152]	; 0x98
10002b12:	1ad3      	subs	r3, r2, r3
10002b14:	9326      	str	r3, [sp, #152]	; 0x98
10002b16:	e675      	b.n	10002804 <_etoa+0xc0>
10002b18:	2300      	movs	r3, #0
10002b1a:	2704      	movs	r7, #4
10002b1c:	930d      	str	r3, [sp, #52]	; 0x34
10002b1e:	e671      	b.n	10002804 <_etoa+0xc0>
10002b20:	4643      	mov	r3, r8
10002b22:	930a      	str	r3, [sp, #40]	; 0x28
10002b24:	2380      	movs	r3, #128	; 0x80
10002b26:	061b      	lsls	r3, r3, #24
10002b28:	4453      	add	r3, sl
10002b2a:	9309      	str	r3, [sp, #36]	; 0x24
10002b2c:	e642      	b.n	100027b4 <_etoa+0x70>
10002b2e:	2300      	movs	r3, #0
10002b30:	9326      	str	r3, [sp, #152]	; 0x98
10002b32:	e65f      	b.n	100027f4 <_etoa+0xb0>
10002b34:	fffffc01 	.word	0xfffffc01
10002b38:	509f79fb 	.word	0x509f79fb
10002b3c:	3fd34413 	.word	0x3fd34413
10002b40:	8b60c8b3 	.word	0x8b60c8b3
10002b44:	3fc68a28 	.word	0x3fc68a28
10002b48:	3ff00000 	.word	0x3ff00000
10002b4c:	3ff80000 	.word	0x3ff80000
10002b50:	636f4361 	.word	0x636f4361
10002b54:	3fd287a7 	.word	0x3fd287a7
10002b58:	0979a371 	.word	0x0979a371
10002b5c:	400a934f 	.word	0x400a934f
10002b60:	3fe00000 	.word	0x3fe00000
10002b64:	bbb55516 	.word	0xbbb55516
10002b68:	40026bb1 	.word	0x40026bb1
10002b6c:	fefa39ef 	.word	0xfefa39ef
10002b70:	3fe62e42 	.word	0x3fe62e42
10002b74:	402c0000 	.word	0x402c0000
10002b78:	40240000 	.word	0x40240000
10002b7c:	40180000 	.word	0x40180000
10002b80:	000003ff 	.word	0x000003ff
10002b84:	eb1c432d 	.word	0xeb1c432d
10002b88:	3f1a36e2 	.word	0x3f1a36e2
10002b8c:	412e8480 	.word	0x412e8480

10002b90 <_ftoa>:
10002b90:	b5f0      	push	{r4, r5, r6, r7, lr}
10002b92:	464e      	mov	r6, r9
10002b94:	46de      	mov	lr, fp
10002b96:	4657      	mov	r7, sl
10002b98:	4645      	mov	r5, r8
10002b9a:	b5e0      	push	{r5, r6, r7, lr}
10002b9c:	b097      	sub	sp, #92	; 0x5c
10002b9e:	4699      	mov	r9, r3
10002ba0:	9e20      	ldr	r6, [sp, #128]	; 0x80
10002ba2:	9f21      	ldr	r7, [sp, #132]	; 0x84
10002ba4:	9b22      	ldr	r3, [sp, #136]	; 0x88
10002ba6:	4683      	mov	fp, r0
10002ba8:	4698      	mov	r8, r3
10002baa:	9107      	str	r1, [sp, #28]
10002bac:	920c      	str	r2, [sp, #48]	; 0x30
10002bae:	003b      	movs	r3, r7
10002bb0:	0032      	movs	r2, r6
10002bb2:	0030      	movs	r0, r6
10002bb4:	0039      	movs	r1, r7
10002bb6:	f7ff f872 	bl	10001c9e <__wrap___aeabi_dcmpun>
10002bba:	2800      	cmp	r0, #0
10002bbc:	d000      	beq.n	10002bc0 <_ftoa+0x30>
10002bbe:	e1a9      	b.n	10002f14 <_ftoa+0x384>
10002bc0:	2201      	movs	r2, #1
10002bc2:	0030      	movs	r0, r6
10002bc4:	0039      	movs	r1, r7
10002bc6:	4bca      	ldr	r3, [pc, #808]	; (10002ef0 <_ftoa+0x360>)
10002bc8:	4252      	negs	r2, r2
10002bca:	f7ff f84d 	bl	10001c68 <__wrap___aeabi_dcmplt>
10002bce:	2800      	cmp	r0, #0
10002bd0:	d000      	beq.n	10002bd4 <_ftoa+0x44>
10002bd2:	e0e1      	b.n	10002d98 <_ftoa+0x208>
10002bd4:	2201      	movs	r2, #1
10002bd6:	0030      	movs	r0, r6
10002bd8:	0039      	movs	r1, r7
10002bda:	4bc6      	ldr	r3, [pc, #792]	; (10002ef4 <_ftoa+0x364>)
10002bdc:	4252      	negs	r2, r2
10002bde:	f7ff f859 	bl	10001c94 <__wrap___aeabi_dcmpgt>
10002be2:	2800      	cmp	r0, #0
10002be4:	d000      	beq.n	10002be8 <_ftoa+0x58>
10002be6:	e0b7      	b.n	10002d58 <_ftoa+0x1c8>
10002be8:	2200      	movs	r2, #0
10002bea:	0030      	movs	r0, r6
10002bec:	0039      	movs	r1, r7
10002bee:	4bc2      	ldr	r3, [pc, #776]	; (10002ef8 <_ftoa+0x368>)
10002bf0:	f7ff f850 	bl	10001c94 <__wrap___aeabi_dcmpgt>
10002bf4:	2800      	cmp	r0, #0
10002bf6:	d000      	beq.n	10002bfa <_ftoa+0x6a>
10002bf8:	e099      	b.n	10002d2e <_ftoa+0x19e>
10002bfa:	2200      	movs	r2, #0
10002bfc:	0030      	movs	r0, r6
10002bfe:	0039      	movs	r1, r7
10002c00:	4bbe      	ldr	r3, [pc, #760]	; (10002efc <_ftoa+0x36c>)
10002c02:	f7ff f831 	bl	10001c68 <__wrap___aeabi_dcmplt>
10002c06:	2800      	cmp	r0, #0
10002c08:	d000      	beq.n	10002c0c <_ftoa+0x7c>
10002c0a:	e090      	b.n	10002d2e <_ftoa+0x19e>
10002c0c:	2200      	movs	r2, #0
10002c0e:	2300      	movs	r3, #0
10002c10:	0030      	movs	r0, r6
10002c12:	0039      	movs	r1, r7
10002c14:	f7ff f828 	bl	10001c68 <__wrap___aeabi_dcmplt>
10002c18:	2800      	cmp	r0, #0
10002c1a:	d000      	beq.n	10002c1e <_ftoa+0x8e>
10002c1c:	e0b1      	b.n	10002d82 <_ftoa+0x1f2>
10002c1e:	2300      	movs	r3, #0
10002c20:	930d      	str	r3, [sp, #52]	; 0x34
10002c22:	9b24      	ldr	r3, [sp, #144]	; 0x90
10002c24:	055b      	lsls	r3, r3, #21
10002c26:	d401      	bmi.n	10002c2c <_ftoa+0x9c>
10002c28:	2306      	movs	r3, #6
10002c2a:	4698      	mov	r8, r3
10002c2c:	ab08      	add	r3, sp, #32
10002c2e:	469c      	mov	ip, r3
10002c30:	2217      	movs	r2, #23
10002c32:	2400      	movs	r4, #0
10002c34:	2330      	movs	r3, #48	; 0x30
10002c36:	4641      	mov	r1, r8
10002c38:	4462      	add	r2, ip
10002c3a:	e004      	b.n	10002c46 <_ftoa+0xb6>
10002c3c:	3401      	adds	r4, #1
10002c3e:	5513      	strb	r3, [r2, r4]
10002c40:	3901      	subs	r1, #1
10002c42:	2c20      	cmp	r4, #32
10002c44:	d001      	beq.n	10002c4a <_ftoa+0xba>
10002c46:	2909      	cmp	r1, #9
10002c48:	d8f8      	bhi.n	10002c3c <_ftoa+0xac>
10002c4a:	4688      	mov	r8, r1
10002c4c:	0030      	movs	r0, r6
10002c4e:	0039      	movs	r1, r7
10002c50:	f7ff f84e 	bl	10001cf0 <__wrap___aeabi_d2iz>
10002c54:	4643      	mov	r3, r8
10002c56:	00da      	lsls	r2, r3, #3
10002c58:	4ba9      	ldr	r3, [pc, #676]	; (10002f00 <_ftoa+0x370>)
10002c5a:	0005      	movs	r5, r0
10002c5c:	189b      	adds	r3, r3, r2
10002c5e:	681a      	ldr	r2, [r3, #0]
10002c60:	685b      	ldr	r3, [r3, #4]
10002c62:	9208      	str	r2, [sp, #32]
10002c64:	9309      	str	r3, [sp, #36]	; 0x24
10002c66:	f7ff f82b 	bl	10001cc0 <__wrap___aeabi_i2d>
10002c6a:	0002      	movs	r2, r0
10002c6c:	000b      	movs	r3, r1
10002c6e:	0030      	movs	r0, r6
10002c70:	0039      	movs	r1, r7
10002c72:	f7fe ff86 	bl	10001b82 <__wrap___aeabi_dsub>
10002c76:	9a08      	ldr	r2, [sp, #32]
10002c78:	9b09      	ldr	r3, [sp, #36]	; 0x24
10002c7a:	f7fe ffb2 	bl	10001be2 <__wrap___aeabi_dmul>
10002c7e:	900a      	str	r0, [sp, #40]	; 0x28
10002c80:	910b      	str	r1, [sp, #44]	; 0x2c
10002c82:	f7ff f859 	bl	10001d38 <__wrap___aeabi_d2uiz>
10002c86:	4682      	mov	sl, r0
10002c88:	f7ff f816 	bl	10001cb8 <__wrap___aeabi_ui2d>
10002c8c:	0002      	movs	r2, r0
10002c8e:	000b      	movs	r3, r1
10002c90:	980a      	ldr	r0, [sp, #40]	; 0x28
10002c92:	990b      	ldr	r1, [sp, #44]	; 0x2c
10002c94:	f7fe ff75 	bl	10001b82 <__wrap___aeabi_dsub>
10002c98:	2200      	movs	r2, #0
10002c9a:	4b9a      	ldr	r3, [pc, #616]	; (10002f04 <_ftoa+0x374>)
10002c9c:	900a      	str	r0, [sp, #40]	; 0x28
10002c9e:	910b      	str	r1, [sp, #44]	; 0x2c
10002ca0:	f7fe fff8 	bl	10001c94 <__wrap___aeabi_dcmpgt>
10002ca4:	2800      	cmp	r0, #0
10002ca6:	d100      	bne.n	10002caa <_ftoa+0x11a>
10002ca8:	e0c0      	b.n	10002e2c <_ftoa+0x29c>
10002caa:	2301      	movs	r3, #1
10002cac:	469c      	mov	ip, r3
10002cae:	44e2      	add	sl, ip
10002cb0:	4650      	mov	r0, sl
10002cb2:	f7ff f801 	bl	10001cb8 <__wrap___aeabi_ui2d>
10002cb6:	0002      	movs	r2, r0
10002cb8:	000b      	movs	r3, r1
10002cba:	9808      	ldr	r0, [sp, #32]
10002cbc:	9909      	ldr	r1, [sp, #36]	; 0x24
10002cbe:	f7fe ffd9 	bl	10001c74 <__wrap___aeabi_dcmple>
10002cc2:	2800      	cmp	r0, #0
10002cc4:	d002      	beq.n	10002ccc <_ftoa+0x13c>
10002cc6:	2300      	movs	r3, #0
10002cc8:	469a      	mov	sl, r3
10002cca:	3501      	adds	r5, #1
10002ccc:	4643      	mov	r3, r8
10002cce:	2b00      	cmp	r3, #0
10002cd0:	d06a      	beq.n	10002da8 <_ftoa+0x218>
10002cd2:	ab08      	add	r3, sp, #32
10002cd4:	2617      	movs	r6, #23
10002cd6:	469c      	mov	ip, r3
10002cd8:	9508      	str	r5, [sp, #32]
10002cda:	4466      	add	r6, ip
10002cdc:	4655      	mov	r5, sl
10002cde:	e014      	b.n	10002d0a <_ftoa+0x17a>
10002ce0:	2301      	movs	r3, #1
10002ce2:	425b      	negs	r3, r3
10002ce4:	4443      	add	r3, r8
10002ce6:	210a      	movs	r1, #10
10002ce8:	0028      	movs	r0, r5
10002cea:	469a      	mov	sl, r3
10002cec:	f7fe fd0e 	bl	1000170c <__wrap___aeabi_uidiv>
10002cf0:	3401      	adds	r4, #1
10002cf2:	3130      	adds	r1, #48	; 0x30
10002cf4:	1937      	adds	r7, r6, r4
10002cf6:	7039      	strb	r1, [r7, #0]
10002cf8:	0028      	movs	r0, r5
10002cfa:	210a      	movs	r1, #10
10002cfc:	f7fe fd06 	bl	1000170c <__wrap___aeabi_uidiv>
10002d00:	2d09      	cmp	r5, #9
10002d02:	d800      	bhi.n	10002d06 <_ftoa+0x176>
10002d04:	e0d0      	b.n	10002ea8 <_ftoa+0x318>
10002d06:	46d0      	mov	r8, sl
10002d08:	0005      	movs	r5, r0
10002d0a:	2c20      	cmp	r4, #32
10002d0c:	d1e8      	bne.n	10002ce0 <_ftoa+0x150>
10002d0e:	ab0e      	add	r3, sp, #56	; 0x38
10002d10:	4698      	mov	r8, r3
10002d12:	2303      	movs	r3, #3
10002d14:	9a24      	ldr	r2, [sp, #144]	; 0x90
10002d16:	4013      	ands	r3, r2
10002d18:	2b01      	cmp	r3, #1
10002d1a:	d100      	bne.n	10002d1e <_ftoa+0x18e>
10002d1c:	e096      	b.n	10002e4c <_ftoa+0x2bc>
10002d1e:	2320      	movs	r3, #32
10002d20:	9a24      	ldr	r2, [sp, #144]	; 0x90
10002d22:	9301      	str	r3, [sp, #4]
10002d24:	9203      	str	r2, [sp, #12]
10002d26:	9a23      	ldr	r2, [sp, #140]	; 0x8c
10002d28:	4643      	mov	r3, r8
10002d2a:	9202      	str	r2, [sp, #8]
10002d2c:	e01e      	b.n	10002d6c <_ftoa+0x1dc>
10002d2e:	9b24      	ldr	r3, [sp, #144]	; 0x90
10002d30:	4658      	mov	r0, fp
10002d32:	9304      	str	r3, [sp, #16]
10002d34:	9b23      	ldr	r3, [sp, #140]	; 0x8c
10002d36:	9600      	str	r6, [sp, #0]
10002d38:	9701      	str	r7, [sp, #4]
10002d3a:	9303      	str	r3, [sp, #12]
10002d3c:	4643      	mov	r3, r8
10002d3e:	9a0c      	ldr	r2, [sp, #48]	; 0x30
10002d40:	9302      	str	r3, [sp, #8]
10002d42:	9907      	ldr	r1, [sp, #28]
10002d44:	464b      	mov	r3, r9
10002d46:	f7ff fcfd 	bl	10002744 <_etoa>
10002d4a:	b017      	add	sp, #92	; 0x5c
10002d4c:	bcf0      	pop	{r4, r5, r6, r7}
10002d4e:	46bb      	mov	fp, r7
10002d50:	46b2      	mov	sl, r6
10002d52:	46a9      	mov	r9, r5
10002d54:	46a0      	mov	r8, r4
10002d56:	bdf0      	pop	{r4, r5, r6, r7, pc}
10002d58:	9b24      	ldr	r3, [sp, #144]	; 0x90
10002d5a:	075b      	lsls	r3, r3, #29
10002d5c:	d40e      	bmi.n	10002d7c <_ftoa+0x1ec>
10002d5e:	2203      	movs	r2, #3
10002d60:	4b69      	ldr	r3, [pc, #420]	; (10002f08 <_ftoa+0x378>)
10002d62:	9924      	ldr	r1, [sp, #144]	; 0x90
10002d64:	9201      	str	r2, [sp, #4]
10002d66:	9103      	str	r1, [sp, #12]
10002d68:	9923      	ldr	r1, [sp, #140]	; 0x8c
10002d6a:	9102      	str	r1, [sp, #8]
10002d6c:	9300      	str	r3, [sp, #0]
10002d6e:	4658      	mov	r0, fp
10002d70:	464b      	mov	r3, r9
10002d72:	9a0c      	ldr	r2, [sp, #48]	; 0x30
10002d74:	9907      	ldr	r1, [sp, #28]
10002d76:	f7ff fba9 	bl	100024cc <_out_rev>
10002d7a:	e7e6      	b.n	10002d4a <_ftoa+0x1ba>
10002d7c:	2204      	movs	r2, #4
10002d7e:	4b63      	ldr	r3, [pc, #396]	; (10002f0c <_ftoa+0x37c>)
10002d80:	e7ef      	b.n	10002d62 <_ftoa+0x1d2>
10002d82:	003b      	movs	r3, r7
10002d84:	0032      	movs	r2, r6
10002d86:	2000      	movs	r0, #0
10002d88:	2100      	movs	r1, #0
10002d8a:	f7fe fefa 	bl	10001b82 <__wrap___aeabi_dsub>
10002d8e:	2301      	movs	r3, #1
10002d90:	0006      	movs	r6, r0
10002d92:	000f      	movs	r7, r1
10002d94:	930d      	str	r3, [sp, #52]	; 0x34
10002d96:	e744      	b.n	10002c22 <_ftoa+0x92>
10002d98:	9b24      	ldr	r3, [sp, #144]	; 0x90
10002d9a:	9303      	str	r3, [sp, #12]
10002d9c:	9b23      	ldr	r3, [sp, #140]	; 0x8c
10002d9e:	9302      	str	r3, [sp, #8]
10002da0:	2304      	movs	r3, #4
10002da2:	9301      	str	r3, [sp, #4]
10002da4:	4b5a      	ldr	r3, [pc, #360]	; (10002f10 <_ftoa+0x380>)
10002da6:	e7e1      	b.n	10002d6c <_ftoa+0x1dc>
10002da8:	0028      	movs	r0, r5
10002daa:	f7fe ff89 	bl	10001cc0 <__wrap___aeabi_i2d>
10002dae:	0002      	movs	r2, r0
10002db0:	000b      	movs	r3, r1
10002db2:	0030      	movs	r0, r6
10002db4:	0039      	movs	r1, r7
10002db6:	f7fe fee4 	bl	10001b82 <__wrap___aeabi_dsub>
10002dba:	4b52      	ldr	r3, [pc, #328]	; (10002f04 <_ftoa+0x374>)
10002dbc:	2200      	movs	r2, #0
10002dbe:	0006      	movs	r6, r0
10002dc0:	000f      	movs	r7, r1
10002dc2:	f7fe ff51 	bl	10001c68 <__wrap___aeabi_dcmplt>
10002dc6:	ab0e      	add	r3, sp, #56	; 0x38
10002dc8:	4698      	mov	r8, r3
10002dca:	2800      	cmp	r0, #0
10002dcc:	d10a      	bne.n	10002de4 <_ftoa+0x254>
10002dce:	2200      	movs	r2, #0
10002dd0:	0030      	movs	r0, r6
10002dd2:	0039      	movs	r1, r7
10002dd4:	4b4b      	ldr	r3, [pc, #300]	; (10002f04 <_ftoa+0x374>)
10002dd6:	f7fe ff5d 	bl	10001c94 <__wrap___aeabi_dcmpgt>
10002dda:	2800      	cmp	r0, #0
10002ddc:	d102      	bne.n	10002de4 <_ftoa+0x254>
10002dde:	07eb      	lsls	r3, r5, #31
10002de0:	d500      	bpl.n	10002de4 <_ftoa+0x254>
10002de2:	3501      	adds	r5, #1
10002de4:	2c20      	cmp	r4, #32
10002de6:	d094      	beq.n	10002d12 <_ftoa+0x182>
10002de8:	aa08      	add	r2, sp, #32
10002dea:	4694      	mov	ip, r2
10002dec:	2317      	movs	r3, #23
10002dee:	0028      	movs	r0, r5
10002df0:	4463      	add	r3, ip
10002df2:	210a      	movs	r1, #10
10002df4:	3401      	adds	r4, #1
10002df6:	191e      	adds	r6, r3, r4
10002df8:	f7fe fc60 	bl	100016bc <__wrap___aeabi_idiv>
10002dfc:	3130      	adds	r1, #48	; 0x30
10002dfe:	0028      	movs	r0, r5
10002e00:	7031      	strb	r1, [r6, #0]
10002e02:	210a      	movs	r1, #10
10002e04:	f7fe fc5a 	bl	100016bc <__wrap___aeabi_idiv>
10002e08:	1e05      	subs	r5, r0, #0
10002e0a:	d1eb      	bne.n	10002de4 <_ftoa+0x254>
10002e0c:	2303      	movs	r3, #3
10002e0e:	9a24      	ldr	r2, [sp, #144]	; 0x90
10002e10:	4013      	ands	r3, r2
10002e12:	2b01      	cmp	r3, #1
10002e14:	d01b      	beq.n	10002e4e <_ftoa+0x2be>
10002e16:	2c20      	cmp	r4, #32
10002e18:	d100      	bne.n	10002e1c <_ftoa+0x28c>
10002e1a:	e780      	b.n	10002d1e <_ftoa+0x18e>
10002e1c:	9b0d      	ldr	r3, [sp, #52]	; 0x34
10002e1e:	2b00      	cmp	r3, #0
10002e20:	d035      	beq.n	10002e8e <_ftoa+0x2fe>
10002e22:	222d      	movs	r2, #45	; 0x2d
10002e24:	4641      	mov	r1, r8
10002e26:	1c63      	adds	r3, r4, #1
10002e28:	550a      	strb	r2, [r1, r4]
10002e2a:	e779      	b.n	10002d20 <_ftoa+0x190>
10002e2c:	2200      	movs	r2, #0
10002e2e:	980a      	ldr	r0, [sp, #40]	; 0x28
10002e30:	990b      	ldr	r1, [sp, #44]	; 0x2c
10002e32:	4b34      	ldr	r3, [pc, #208]	; (10002f04 <_ftoa+0x374>)
10002e34:	f7fe ff18 	bl	10001c68 <__wrap___aeabi_dcmplt>
10002e38:	2800      	cmp	r0, #0
10002e3a:	d000      	beq.n	10002e3e <_ftoa+0x2ae>
10002e3c:	e746      	b.n	10002ccc <_ftoa+0x13c>
10002e3e:	4653      	mov	r3, sl
10002e40:	2b00      	cmp	r3, #0
10002e42:	d151      	bne.n	10002ee8 <_ftoa+0x358>
10002e44:	2301      	movs	r3, #1
10002e46:	469c      	mov	ip, r3
10002e48:	44e2      	add	sl, ip
10002e4a:	e73f      	b.n	10002ccc <_ftoa+0x13c>
10002e4c:	2420      	movs	r4, #32
10002e4e:	9b23      	ldr	r3, [sp, #140]	; 0x8c
10002e50:	2b00      	cmp	r3, #0
10002e52:	d0e0      	beq.n	10002e16 <_ftoa+0x286>
10002e54:	9b0d      	ldr	r3, [sp, #52]	; 0x34
10002e56:	2b00      	cmp	r3, #0
10002e58:	d103      	bne.n	10002e62 <_ftoa+0x2d2>
10002e5a:	9a24      	ldr	r2, [sp, #144]	; 0x90
10002e5c:	330c      	adds	r3, #12
10002e5e:	4213      	tst	r3, r2
10002e60:	d002      	beq.n	10002e68 <_ftoa+0x2d8>
10002e62:	9b23      	ldr	r3, [sp, #140]	; 0x8c
10002e64:	3b01      	subs	r3, #1
10002e66:	9323      	str	r3, [sp, #140]	; 0x8c
10002e68:	9b23      	ldr	r3, [sp, #140]	; 0x8c
10002e6a:	42a3      	cmp	r3, r4
10002e6c:	d9d3      	bls.n	10002e16 <_ftoa+0x286>
10002e6e:	ab08      	add	r3, sp, #32
10002e70:	469c      	mov	ip, r3
10002e72:	2217      	movs	r2, #23
10002e74:	2330      	movs	r3, #48	; 0x30
10002e76:	4462      	add	r2, ip
10002e78:	2c20      	cmp	r4, #32
10002e7a:	d100      	bne.n	10002e7e <_ftoa+0x2ee>
10002e7c:	e74f      	b.n	10002d1e <_ftoa+0x18e>
10002e7e:	9923      	ldr	r1, [sp, #140]	; 0x8c
10002e80:	3401      	adds	r4, #1
10002e82:	5513      	strb	r3, [r2, r4]
10002e84:	428c      	cmp	r4, r1
10002e86:	d0c6      	beq.n	10002e16 <_ftoa+0x286>
10002e88:	2c20      	cmp	r4, #32
10002e8a:	d1f8      	bne.n	10002e7e <_ftoa+0x2ee>
10002e8c:	e747      	b.n	10002d1e <_ftoa+0x18e>
10002e8e:	9b24      	ldr	r3, [sp, #144]	; 0x90
10002e90:	075b      	lsls	r3, r3, #29
10002e92:	d424      	bmi.n	10002ede <_ftoa+0x34e>
10002e94:	9a24      	ldr	r2, [sp, #144]	; 0x90
10002e96:	0023      	movs	r3, r4
10002e98:	0712      	lsls	r2, r2, #28
10002e9a:	d400      	bmi.n	10002e9e <_ftoa+0x30e>
10002e9c:	e740      	b.n	10002d20 <_ftoa+0x190>
10002e9e:	2220      	movs	r2, #32
10002ea0:	4641      	mov	r1, r8
10002ea2:	3301      	adds	r3, #1
10002ea4:	550a      	strb	r2, [r1, r4]
10002ea6:	e73b      	b.n	10002d20 <_ftoa+0x190>
10002ea8:	4657      	mov	r7, sl
10002eaa:	9d08      	ldr	r5, [sp, #32]
10002eac:	2c20      	cmp	r4, #32
10002eae:	d100      	bne.n	10002eb2 <_ftoa+0x322>
10002eb0:	e72d      	b.n	10002d0e <_ftoa+0x17e>
10002eb2:	0022      	movs	r2, r4
10002eb4:	2130      	movs	r1, #48	; 0x30
10002eb6:	4640      	mov	r0, r8
10002eb8:	2f00      	cmp	r7, #0
10002eba:	d009      	beq.n	10002ed0 <_ftoa+0x340>
10002ebc:	3201      	adds	r2, #1
10002ebe:	54b1      	strb	r1, [r6, r2]
10002ec0:	2a20      	cmp	r2, #32
10002ec2:	d100      	bne.n	10002ec6 <_ftoa+0x336>
10002ec4:	e723      	b.n	10002d0e <_ftoa+0x17e>
10002ec6:	43d3      	mvns	r3, r2
10002ec8:	191b      	adds	r3, r3, r4
10002eca:	181b      	adds	r3, r3, r0
10002ecc:	2b00      	cmp	r3, #0
10002ece:	d1f5      	bne.n	10002ebc <_ftoa+0x32c>
10002ed0:	ab0e      	add	r3, sp, #56	; 0x38
10002ed2:	4698      	mov	r8, r3
10002ed4:	232e      	movs	r3, #46	; 0x2e
10002ed6:	4641      	mov	r1, r8
10002ed8:	1c54      	adds	r4, r2, #1
10002eda:	548b      	strb	r3, [r1, r2]
10002edc:	e782      	b.n	10002de4 <_ftoa+0x254>
10002ede:	222b      	movs	r2, #43	; 0x2b
10002ee0:	4641      	mov	r1, r8
10002ee2:	1c63      	adds	r3, r4, #1
10002ee4:	550a      	strb	r2, [r1, r4]
10002ee6:	e71b      	b.n	10002d20 <_ftoa+0x190>
10002ee8:	07db      	lsls	r3, r3, #31
10002eea:	d400      	bmi.n	10002eee <_ftoa+0x35e>
10002eec:	e6ee      	b.n	10002ccc <_ftoa+0x13c>
10002eee:	e7a9      	b.n	10002e44 <_ftoa+0x2b4>
10002ef0:	ffefffff 	.word	0xffefffff
10002ef4:	7fefffff 	.word	0x7fefffff
10002ef8:	41cdcd65 	.word	0x41cdcd65
10002efc:	c1cdcd65 	.word	0xc1cdcd65
10002f00:	10004348 	.word	0x10004348
10002f04:	3fe00000 	.word	0x3fe00000
10002f08:	10004150 	.word	0x10004150
10002f0c:	10004154 	.word	0x10004154
10002f10:	10004160 	.word	0x10004160
10002f14:	9b24      	ldr	r3, [sp, #144]	; 0x90
10002f16:	9303      	str	r3, [sp, #12]
10002f18:	9b23      	ldr	r3, [sp, #140]	; 0x8c
10002f1a:	9302      	str	r3, [sp, #8]
10002f1c:	2303      	movs	r3, #3
10002f1e:	9301      	str	r3, [sp, #4]
10002f20:	4b00      	ldr	r3, [pc, #0]	; (10002f24 <_ftoa+0x394>)
10002f22:	e723      	b.n	10002d6c <_ftoa+0x1dc>
10002f24:	1000415c 	.word	0x1000415c

10002f28 <_vsnprintf>:
10002f28:	b5f0      	push	{r4, r5, r6, r7, lr}
10002f2a:	46de      	mov	lr, fp
10002f2c:	464e      	mov	r6, r9
10002f2e:	4657      	mov	r7, sl
10002f30:	4645      	mov	r5, r8
10002f32:	b5e0      	push	{r5, r6, r7, lr}
10002f34:	b09f      	sub	sp, #124	; 0x7c
10002f36:	001c      	movs	r4, r3
10002f38:	9b28      	ldr	r3, [sp, #160]	; 0xa0
10002f3a:	4691      	mov	r9, r2
10002f3c:	9309      	str	r3, [sp, #36]	; 0x24
10002f3e:	4ac9      	ldr	r2, [pc, #804]	; (10003264 <_vsnprintf+0x33c>)
10002f40:	4bc9      	ldr	r3, [pc, #804]	; (10003268 <_vsnprintf+0x340>)
10002f42:	468b      	mov	fp, r1
10002f44:	9008      	str	r0, [sp, #32]
10002f46:	601a      	str	r2, [r3, #0]
10002f48:	2900      	cmp	r1, #0
10002f4a:	d100      	bne.n	10002f4e <_vsnprintf+0x26>
10002f4c:	e218      	b.n	10003380 <_vsnprintf+0x458>
10002f4e:	2300      	movs	r3, #0
10002f50:	7820      	ldrb	r0, [r4, #0]
10002f52:	469a      	mov	sl, r3
10002f54:	2800      	cmp	r0, #0
10002f56:	d100      	bne.n	10002f5a <_vsnprintf+0x32>
10002f58:	e21a      	b.n	10003390 <_vsnprintf+0x468>
10002f5a:	0026      	movs	r6, r4
10002f5c:	001d      	movs	r5, r3
10002f5e:	465c      	mov	r4, fp
10002f60:	e00a      	b.n	10002f78 <_vsnprintf+0x50>
10002f62:	002a      	movs	r2, r5
10002f64:	1c6f      	adds	r7, r5, #1
10002f66:	464b      	mov	r3, r9
10002f68:	9d08      	ldr	r5, [sp, #32]
10002f6a:	0021      	movs	r1, r4
10002f6c:	47a8      	blx	r5
10002f6e:	003d      	movs	r5, r7
10002f70:	3601      	adds	r6, #1
10002f72:	7830      	ldrb	r0, [r6, #0]
10002f74:	2800      	cmp	r0, #0
10002f76:	d070      	beq.n	1000305a <_vsnprintf+0x132>
10002f78:	2825      	cmp	r0, #37	; 0x25
10002f7a:	d1f2      	bne.n	10002f62 <_vsnprintf+0x3a>
10002f7c:	2310      	movs	r3, #16
10002f7e:	469b      	mov	fp, r3
10002f80:	3b08      	subs	r3, #8
10002f82:	469a      	mov	sl, r3
10002f84:	3b04      	subs	r3, #4
10002f86:	4698      	mov	r8, r3
10002f88:	3b02      	subs	r3, #2
10002f8a:	2100      	movs	r1, #0
10002f8c:	469c      	mov	ip, r3
10002f8e:	1c72      	adds	r2, r6, #1
10002f90:	7810      	ldrb	r0, [r2, #0]
10002f92:	0016      	movs	r6, r2
10002f94:	0003      	movs	r3, r0
10002f96:	3b20      	subs	r3, #32
10002f98:	b2db      	uxtb	r3, r3
10002f9a:	2b10      	cmp	r3, #16
10002f9c:	d803      	bhi.n	10002fa6 <_vsnprintf+0x7e>
10002f9e:	4fb3      	ldr	r7, [pc, #716]	; (1000326c <_vsnprintf+0x344>)
10002fa0:	009b      	lsls	r3, r3, #2
10002fa2:	58fb      	ldr	r3, [r7, r3]
10002fa4:	469f      	mov	pc, r3
10002fa6:	0003      	movs	r3, r0
10002fa8:	3b30      	subs	r3, #48	; 0x30
10002faa:	2b09      	cmp	r3, #9
10002fac:	d932      	bls.n	10003014 <_vsnprintf+0xec>
10002fae:	2300      	movs	r3, #0
10002fb0:	930a      	str	r3, [sp, #40]	; 0x28
10002fb2:	282a      	cmp	r0, #42	; 0x2a
10002fb4:	d068      	beq.n	10003088 <_vsnprintf+0x160>
10002fb6:	2300      	movs	r3, #0
10002fb8:	4698      	mov	r8, r3
10002fba:	282e      	cmp	r0, #46	; 0x2e
10002fbc:	d03e      	beq.n	1000303c <_vsnprintf+0x114>
10002fbe:	0003      	movs	r3, r0
10002fc0:	3b68      	subs	r3, #104	; 0x68
10002fc2:	b2db      	uxtb	r3, r3
10002fc4:	2b12      	cmp	r3, #18
10002fc6:	d81c      	bhi.n	10003002 <_vsnprintf+0xda>
10002fc8:	4aa9      	ldr	r2, [pc, #676]	; (10003270 <_vsnprintf+0x348>)
10002fca:	009b      	lsls	r3, r3, #2
10002fcc:	58d3      	ldr	r3, [r2, r3]
10002fce:	469f      	mov	pc, r3
10002fd0:	2301      	movs	r3, #1
10002fd2:	3201      	adds	r2, #1
10002fd4:	4319      	orrs	r1, r3
10002fd6:	e7db      	b.n	10002f90 <_vsnprintf+0x68>
10002fd8:	4663      	mov	r3, ip
10002fda:	3201      	adds	r2, #1
10002fdc:	4319      	orrs	r1, r3
10002fde:	e7d7      	b.n	10002f90 <_vsnprintf+0x68>
10002fe0:	4643      	mov	r3, r8
10002fe2:	3201      	adds	r2, #1
10002fe4:	4319      	orrs	r1, r3
10002fe6:	e7d3      	b.n	10002f90 <_vsnprintf+0x68>
10002fe8:	465b      	mov	r3, fp
10002fea:	3201      	adds	r2, #1
10002fec:	4319      	orrs	r1, r3
10002fee:	e7cf      	b.n	10002f90 <_vsnprintf+0x68>
10002ff0:	4653      	mov	r3, sl
10002ff2:	3201      	adds	r2, #1
10002ff4:	4319      	orrs	r1, r3
10002ff6:	e7cb      	b.n	10002f90 <_vsnprintf+0x68>
10002ff8:	2380      	movs	r3, #128	; 0x80
10002ffa:	005b      	lsls	r3, r3, #1
10002ffc:	7870      	ldrb	r0, [r6, #1]
10002ffe:	4319      	orrs	r1, r3
10003000:	3601      	adds	r6, #1
10003002:	0003      	movs	r3, r0
10003004:	3b25      	subs	r3, #37	; 0x25
10003006:	b2db      	uxtb	r3, r3
10003008:	2b53      	cmp	r3, #83	; 0x53
1000300a:	d8aa      	bhi.n	10002f62 <_vsnprintf+0x3a>
1000300c:	4a99      	ldr	r2, [pc, #612]	; (10003274 <_vsnprintf+0x34c>)
1000300e:	009b      	lsls	r3, r3, #2
10003010:	58d3      	ldr	r3, [r2, r3]
10003012:	469f      	mov	pc, r3
10003014:	2700      	movs	r7, #0
10003016:	0003      	movs	r3, r0
10003018:	00b8      	lsls	r0, r7, #2
1000301a:	19c0      	adds	r0, r0, r7
1000301c:	3601      	adds	r6, #1
1000301e:	0040      	lsls	r0, r0, #1
10003020:	18c0      	adds	r0, r0, r3
10003022:	7833      	ldrb	r3, [r6, #0]
10003024:	3830      	subs	r0, #48	; 0x30
10003026:	001a      	movs	r2, r3
10003028:	3a30      	subs	r2, #48	; 0x30
1000302a:	0007      	movs	r7, r0
1000302c:	2a09      	cmp	r2, #9
1000302e:	d9f3      	bls.n	10003018 <_vsnprintf+0xf0>
10003030:	900a      	str	r0, [sp, #40]	; 0x28
10003032:	0018      	movs	r0, r3
10003034:	2300      	movs	r3, #0
10003036:	4698      	mov	r8, r3
10003038:	282e      	cmp	r0, #46	; 0x2e
1000303a:	d1c0      	bne.n	10002fbe <_vsnprintf+0x96>
1000303c:	2380      	movs	r3, #128	; 0x80
1000303e:	7870      	ldrb	r0, [r6, #1]
10003040:	00db      	lsls	r3, r3, #3
10003042:	4319      	orrs	r1, r3
10003044:	0003      	movs	r3, r0
10003046:	3b30      	subs	r3, #48	; 0x30
10003048:	1c72      	adds	r2, r6, #1
1000304a:	2b09      	cmp	r3, #9
1000304c:	d800      	bhi.n	10003050 <_vsnprintf+0x128>
1000304e:	e1a1      	b.n	10003394 <_vsnprintf+0x46c>
10003050:	282a      	cmp	r0, #42	; 0x2a
10003052:	d100      	bne.n	10003056 <_vsnprintf+0x12e>
10003054:	e1b2      	b.n	100033bc <_vsnprintf+0x494>
10003056:	0016      	movs	r6, r2
10003058:	e7b1      	b.n	10002fbe <_vsnprintf+0x96>
1000305a:	46a3      	mov	fp, r4
1000305c:	46aa      	mov	sl, r5
1000305e:	002c      	movs	r4, r5
10003060:	45d1      	cmp	r9, sl
10003062:	d803      	bhi.n	1000306c <_vsnprintf+0x144>
10003064:	2301      	movs	r3, #1
10003066:	425b      	negs	r3, r3
10003068:	444b      	add	r3, r9
1000306a:	469a      	mov	sl, r3
1000306c:	464b      	mov	r3, r9
1000306e:	4652      	mov	r2, sl
10003070:	4659      	mov	r1, fp
10003072:	2000      	movs	r0, #0
10003074:	9d08      	ldr	r5, [sp, #32]
10003076:	47a8      	blx	r5
10003078:	0020      	movs	r0, r4
1000307a:	b01f      	add	sp, #124	; 0x7c
1000307c:	bcf0      	pop	{r4, r5, r6, r7}
1000307e:	46bb      	mov	fp, r7
10003080:	46b2      	mov	sl, r6
10003082:	46a9      	mov	r9, r5
10003084:	46a0      	mov	r8, r4
10003086:	bdf0      	pop	{r4, r5, r6, r7, pc}
10003088:	9b09      	ldr	r3, [sp, #36]	; 0x24
1000308a:	cb40      	ldmia	r3!, {r6}
1000308c:	960a      	str	r6, [sp, #40]	; 0x28
1000308e:	2e00      	cmp	r6, #0
10003090:	db03      	blt.n	1000309a <_vsnprintf+0x172>
10003092:	7850      	ldrb	r0, [r2, #1]
10003094:	9309      	str	r3, [sp, #36]	; 0x24
10003096:	1c56      	adds	r6, r2, #1
10003098:	e78d      	b.n	10002fb6 <_vsnprintf+0x8e>
1000309a:	3828      	subs	r0, #40	; 0x28
1000309c:	4301      	orrs	r1, r0
1000309e:	4270      	negs	r0, r6
100030a0:	900a      	str	r0, [sp, #40]	; 0x28
100030a2:	9309      	str	r3, [sp, #36]	; 0x24
100030a4:	7850      	ldrb	r0, [r2, #1]
100030a6:	1c56      	adds	r6, r2, #1
100030a8:	e785      	b.n	10002fb6 <_vsnprintf+0x8e>
100030aa:	2878      	cmp	r0, #120	; 0x78
100030ac:	d100      	bne.n	100030b0 <_vsnprintf+0x188>
100030ae:	e1df      	b.n	10003470 <_vsnprintf+0x548>
100030b0:	2858      	cmp	r0, #88	; 0x58
100030b2:	d100      	bne.n	100030b6 <_vsnprintf+0x18e>
100030b4:	e24c      	b.n	10003550 <_vsnprintf+0x628>
100030b6:	286f      	cmp	r0, #111	; 0x6f
100030b8:	d100      	bne.n	100030bc <_vsnprintf+0x194>
100030ba:	e34f      	b.n	1000375c <_vsnprintf+0x834>
100030bc:	2862      	cmp	r0, #98	; 0x62
100030be:	d101      	bne.n	100030c4 <_vsnprintf+0x19c>
100030c0:	f000 fc30 	bl	10003924 <_vsnprintf+0x9fc>
100030c4:	2310      	movs	r3, #16
100030c6:	000a      	movs	r2, r1
100030c8:	439a      	bics	r2, r3
100030ca:	920b      	str	r2, [sp, #44]	; 0x2c
100030cc:	2869      	cmp	r0, #105	; 0x69
100030ce:	d001      	beq.n	100030d4 <_vsnprintf+0x1ac>
100030d0:	f000 fca9 	bl	10003a26 <_vsnprintf+0xafe>
100030d4:	230a      	movs	r3, #10
100030d6:	930c      	str	r3, [sp, #48]	; 0x30
100030d8:	054b      	lsls	r3, r1, #21
100030da:	d500      	bpl.n	100030de <_vsnprintf+0x1b6>
100030dc:	e1d0      	b.n	10003480 <_vsnprintf+0x558>
100030de:	9a0b      	ldr	r2, [sp, #44]	; 0x2c
100030e0:	2380      	movs	r3, #128	; 0x80
100030e2:	0011      	movs	r1, r2
100030e4:	009b      	lsls	r3, r3, #2
100030e6:	4019      	ands	r1, r3
100030e8:	468b      	mov	fp, r1
100030ea:	421a      	tst	r2, r3
100030ec:	d000      	beq.n	100030f0 <_vsnprintf+0x1c8>
100030ee:	e2a1      	b.n	10003634 <_vsnprintf+0x70c>
100030f0:	2380      	movs	r3, #128	; 0x80
100030f2:	0011      	movs	r1, r2
100030f4:	005b      	lsls	r3, r3, #1
100030f6:	4019      	ands	r1, r3
100030f8:	468a      	mov	sl, r1
100030fa:	421a      	tst	r2, r3
100030fc:	d000      	beq.n	10003100 <_vsnprintf+0x1d8>
100030fe:	e3b6      	b.n	1000386e <_vsnprintf+0x946>
10003100:	0013      	movs	r3, r2
10003102:	065b      	lsls	r3, r3, #25
10003104:	d500      	bpl.n	10003108 <_vsnprintf+0x1e0>
10003106:	e2ed      	b.n	100036e4 <_vsnprintf+0x7bc>
10003108:	0013      	movs	r3, r2
1000310a:	9909      	ldr	r1, [sp, #36]	; 0x24
1000310c:	061b      	lsls	r3, r3, #24
1000310e:	d401      	bmi.n	10003114 <_vsnprintf+0x1ec>
10003110:	f000 fc76 	bl	10003a00 <_vsnprintf+0xad8>
10003114:	c908      	ldmia	r1!, {r3}
10003116:	b21b      	sxth	r3, r3
10003118:	17d8      	asrs	r0, r3, #31
1000311a:	181a      	adds	r2, r3, r0
1000311c:	4042      	eors	r2, r0
1000311e:	b292      	uxth	r2, r2
10003120:	9109      	str	r1, [sp, #36]	; 0x24
10003122:	4693      	mov	fp, r2
10003124:	0fda      	lsrs	r2, r3, #31
10003126:	9212      	str	r2, [sp, #72]	; 0x48
10003128:	2b00      	cmp	r3, #0
1000312a:	d109      	bne.n	10003140 <_vsnprintf+0x218>
1000312c:	2380      	movs	r3, #128	; 0x80
1000312e:	2210      	movs	r2, #16
10003130:	990b      	ldr	r1, [sp, #44]	; 0x2c
10003132:	00db      	lsls	r3, r3, #3
10003134:	400b      	ands	r3, r1
10003136:	4391      	bics	r1, r2
10003138:	910b      	str	r1, [sp, #44]	; 0x2c
1000313a:	2b00      	cmp	r3, #0
1000313c:	d000      	beq.n	10003140 <_vsnprintf+0x218>
1000313e:	e2e4      	b.n	1000370a <_vsnprintf+0x7e2>
10003140:	9a0b      	ldr	r2, [sp, #44]	; 0x2c
10003142:	2361      	movs	r3, #97	; 0x61
10003144:	0692      	lsls	r2, r2, #26
10003146:	d500      	bpl.n	1000314a <_vsnprintf+0x222>
10003148:	2341      	movs	r3, #65	; 0x41
1000314a:	a90e      	add	r1, sp, #56	; 0x38
1000314c:	221f      	movs	r2, #31
1000314e:	468c      	mov	ip, r1
10003150:	b2db      	uxtb	r3, r3
10003152:	4462      	add	r2, ip
10003154:	3b0a      	subs	r3, #10
10003156:	465f      	mov	r7, fp
10003158:	9513      	str	r5, [sp, #76]	; 0x4c
1000315a:	46a3      	mov	fp, r4
1000315c:	4655      	mov	r5, sl
1000315e:	9c0c      	ldr	r4, [sp, #48]	; 0x30
10003160:	46b2      	mov	sl, r6
10003162:	930d      	str	r3, [sp, #52]	; 0x34
10003164:	0016      	movs	r6, r2
10003166:	e00a      	b.n	1000317e <_vsnprintf+0x256>
10003168:	3330      	adds	r3, #48	; 0x30
1000316a:	b2db      	uxtb	r3, r3
1000316c:	3501      	adds	r5, #1
1000316e:	5573      	strb	r3, [r6, r5]
10003170:	42a7      	cmp	r7, r4
10003172:	d200      	bcs.n	10003176 <_vsnprintf+0x24e>
10003174:	e2ed      	b.n	10003752 <_vsnprintf+0x82a>
10003176:	2d20      	cmp	r5, #32
10003178:	d100      	bne.n	1000317c <_vsnprintf+0x254>
1000317a:	e2ea      	b.n	10003752 <_vsnprintf+0x82a>
1000317c:	0007      	movs	r7, r0
1000317e:	0021      	movs	r1, r4
10003180:	0038      	movs	r0, r7
10003182:	f7fe fac3 	bl	1000170c <__wrap___aeabi_uidiv>
10003186:	b2cb      	uxtb	r3, r1
10003188:	2909      	cmp	r1, #9
1000318a:	d9ed      	bls.n	10003168 <_vsnprintf+0x240>
1000318c:	9a0d      	ldr	r2, [sp, #52]	; 0x34
1000318e:	4694      	mov	ip, r2
10003190:	4463      	add	r3, ip
10003192:	b2db      	uxtb	r3, r3
10003194:	e7ea      	b.n	1000316c <_vsnprintf+0x244>
10003196:	2380      	movs	r3, #128	; 0x80
10003198:	009b      	lsls	r3, r3, #2
1000319a:	7870      	ldrb	r0, [r6, #1]
1000319c:	4319      	orrs	r1, r3
1000319e:	3601      	adds	r6, #1
100031a0:	e72f      	b.n	10003002 <_vsnprintf+0xda>
100031a2:	7870      	ldrb	r0, [r6, #1]
100031a4:	2868      	cmp	r0, #104	; 0x68
100031a6:	d100      	bne.n	100031aa <_vsnprintf+0x282>
100031a8:	e1cd      	b.n	10003546 <_vsnprintf+0x61e>
100031aa:	2380      	movs	r3, #128	; 0x80
100031ac:	3601      	adds	r6, #1
100031ae:	4319      	orrs	r1, r3
100031b0:	e727      	b.n	10003002 <_vsnprintf+0xda>
100031b2:	7870      	ldrb	r0, [r6, #1]
100031b4:	286c      	cmp	r0, #108	; 0x6c
100031b6:	d100      	bne.n	100031ba <_vsnprintf+0x292>
100031b8:	e1bf      	b.n	1000353a <_vsnprintf+0x612>
100031ba:	2380      	movs	r3, #128	; 0x80
100031bc:	005b      	lsls	r3, r3, #1
100031be:	4319      	orrs	r1, r3
100031c0:	3601      	adds	r6, #1
100031c2:	e71e      	b.n	10003002 <_vsnprintf+0xda>
100031c4:	2846      	cmp	r0, #70	; 0x46
100031c6:	d100      	bne.n	100031ca <_vsnprintf+0x2a2>
100031c8:	e19b      	b.n	10003502 <_vsnprintf+0x5da>
100031ca:	2207      	movs	r2, #7
100031cc:	9b09      	ldr	r3, [sp, #36]	; 0x24
100031ce:	9104      	str	r1, [sp, #16]
100031d0:	3307      	adds	r3, #7
100031d2:	4393      	bics	r3, r2
100031d4:	9a0a      	ldr	r2, [sp, #40]	; 0x28
100031d6:	0019      	movs	r1, r3
100031d8:	9203      	str	r2, [sp, #12]
100031da:	4642      	mov	r2, r8
100031dc:	9202      	str	r2, [sp, #8]
100031de:	c90c      	ldmia	r1!, {r2, r3}
100031e0:	9808      	ldr	r0, [sp, #32]
100031e2:	9200      	str	r2, [sp, #0]
100031e4:	9301      	str	r3, [sp, #4]
100031e6:	9109      	str	r1, [sp, #36]	; 0x24
100031e8:	002a      	movs	r2, r5
100031ea:	464b      	mov	r3, r9
100031ec:	0021      	movs	r1, r4
100031ee:	f7ff fccf 	bl	10002b90 <_ftoa>
100031f2:	3601      	adds	r6, #1
100031f4:	0005      	movs	r5, r0
100031f6:	e6bc      	b.n	10002f72 <_vsnprintf+0x4a>
100031f8:	002a      	movs	r2, r5
100031fa:	1c6f      	adds	r7, r5, #1
100031fc:	464b      	mov	r3, r9
100031fe:	9d08      	ldr	r5, [sp, #32]
10003200:	0021      	movs	r1, r4
10003202:	2025      	movs	r0, #37	; 0x25
10003204:	47a8      	blx	r5
10003206:	3601      	adds	r6, #1
10003208:	003d      	movs	r5, r7
1000320a:	e6b2      	b.n	10002f72 <_vsnprintf+0x4a>
1000320c:	078b      	lsls	r3, r1, #30
1000320e:	d400      	bmi.n	10003212 <_vsnprintf+0x2ea>
10003210:	e1ad      	b.n	1000356e <_vsnprintf+0x646>
10003212:	9b09      	ldr	r3, [sp, #36]	; 0x24
10003214:	002a      	movs	r2, r5
10003216:	469a      	mov	sl, r3
10003218:	1c6b      	adds	r3, r5, #1
1000321a:	4698      	mov	r8, r3
1000321c:	4653      	mov	r3, sl
1000321e:	cb01      	ldmia	r3!, {r0}
10003220:	0021      	movs	r1, r4
10003222:	469a      	mov	sl, r3
10003224:	9f08      	ldr	r7, [sp, #32]
10003226:	464b      	mov	r3, r9
10003228:	b2c0      	uxtb	r0, r0
1000322a:	47b8      	blx	r7
1000322c:	9b0a      	ldr	r3, [sp, #40]	; 0x28
1000322e:	469c      	mov	ip, r3
10003230:	4465      	add	r5, ip
10003232:	2b01      	cmp	r3, #1
10003234:	d800      	bhi.n	10003238 <_vsnprintf+0x310>
10003236:	e286      	b.n	10003746 <_vsnprintf+0x81e>
10003238:	9b08      	ldr	r3, [sp, #32]
1000323a:	4647      	mov	r7, r8
1000323c:	46b0      	mov	r8, r6
1000323e:	0026      	movs	r6, r4
10003240:	464c      	mov	r4, r9
10003242:	4699      	mov	r9, r3
10003244:	003a      	movs	r2, r7
10003246:	0023      	movs	r3, r4
10003248:	3701      	adds	r7, #1
1000324a:	0031      	movs	r1, r6
1000324c:	2020      	movs	r0, #32
1000324e:	47c8      	blx	r9
10003250:	42af      	cmp	r7, r5
10003252:	d1f7      	bne.n	10003244 <_vsnprintf+0x31c>
10003254:	46a1      	mov	r9, r4
10003256:	4653      	mov	r3, sl
10003258:	0034      	movs	r4, r6
1000325a:	4646      	mov	r6, r8
1000325c:	9309      	str	r3, [sp, #36]	; 0x24
1000325e:	3601      	adds	r6, #1
10003260:	e687      	b.n	10002f72 <_vsnprintf+0x4a>
10003262:	46c0      	nop			; (mov r8, r8)
10003264:	10002f29 	.word	0x10002f29
10003268:	20000618 	.word	0x20000618
1000326c:	10004168 	.word	0x10004168
10003270:	100041ac 	.word	0x100041ac
10003274:	100041f8 	.word	0x100041f8
10003278:	9b09      	ldr	r3, [sp, #36]	; 0x24
1000327a:	cb04      	ldmia	r3!, {r2}
1000327c:	469b      	mov	fp, r3
1000327e:	4643      	mov	r3, r8
10003280:	9209      	str	r2, [sp, #36]	; 0x24
10003282:	2b00      	cmp	r3, #0
10003284:	d100      	bne.n	10003288 <_vsnprintf+0x360>
10003286:	e0c6      	b.n	10003416 <_vsnprintf+0x4ee>
10003288:	7813      	ldrb	r3, [r2, #0]
1000328a:	469c      	mov	ip, r3
1000328c:	2b00      	cmp	r3, #0
1000328e:	d100      	bne.n	10003292 <_vsnprintf+0x36a>
10003290:	e3bd      	b.n	10003a0e <_vsnprintf+0xae6>
10003292:	4643      	mov	r3, r8
10003294:	3b01      	subs	r3, #1
10003296:	9a09      	ldr	r2, [sp, #36]	; 0x24
10003298:	3301      	adds	r3, #1
1000329a:	18d0      	adds	r0, r2, r3
1000329c:	9f0a      	ldr	r7, [sp, #40]	; 0x28
1000329e:	0013      	movs	r3, r2
100032a0:	e001      	b.n	100032a6 <_vsnprintf+0x37e>
100032a2:	4283      	cmp	r3, r0
100032a4:	d003      	beq.n	100032ae <_vsnprintf+0x386>
100032a6:	785a      	ldrb	r2, [r3, #1]
100032a8:	3301      	adds	r3, #1
100032aa:	2a00      	cmp	r2, #0
100032ac:	d1f9      	bne.n	100032a2 <_vsnprintf+0x37a>
100032ae:	9a09      	ldr	r2, [sp, #36]	; 0x24
100032b0:	970a      	str	r7, [sp, #40]	; 0x28
100032b2:	1a9b      	subs	r3, r3, r2
100032b4:	930b      	str	r3, [sp, #44]	; 0x2c
100032b6:	2380      	movs	r3, #128	; 0x80
100032b8:	000a      	movs	r2, r1
100032ba:	00db      	lsls	r3, r3, #3
100032bc:	401a      	ands	r2, r3
100032be:	920c      	str	r2, [sp, #48]	; 0x30
100032c0:	4219      	tst	r1, r3
100032c2:	d004      	beq.n	100032ce <_vsnprintf+0x3a6>
100032c4:	9b0b      	ldr	r3, [sp, #44]	; 0x2c
100032c6:	4543      	cmp	r3, r8
100032c8:	d901      	bls.n	100032ce <_vsnprintf+0x3a6>
100032ca:	4643      	mov	r3, r8
100032cc:	930b      	str	r3, [sp, #44]	; 0x2c
100032ce:	2302      	movs	r3, #2
100032d0:	001a      	movs	r2, r3
100032d2:	400a      	ands	r2, r1
100032d4:	920d      	str	r2, [sp, #52]	; 0x34
100032d6:	420b      	tst	r3, r1
100032d8:	d100      	bne.n	100032dc <_vsnprintf+0x3b4>
100032da:	e187      	b.n	100035ec <_vsnprintf+0x6c4>
100032dc:	4660      	mov	r0, ip
100032de:	2800      	cmp	r0, #0
100032e0:	d100      	bne.n	100032e4 <_vsnprintf+0x3bc>
100032e2:	e168      	b.n	100035b6 <_vsnprintf+0x68e>
100032e4:	9b0c      	ldr	r3, [sp, #48]	; 0x30
100032e6:	2b00      	cmp	r3, #0
100032e8:	d100      	bne.n	100032ec <_vsnprintf+0x3c4>
100032ea:	e10d      	b.n	10003508 <_vsnprintf+0x5e0>
100032ec:	44a8      	add	r8, r5
100032ee:	46c2      	mov	sl, r8
100032f0:	9b09      	ldr	r3, [sp, #36]	; 0x24
100032f2:	4657      	mov	r7, sl
100032f4:	1b5b      	subs	r3, r3, r5
100032f6:	4698      	mov	r8, r3
100032f8:	9b08      	ldr	r3, [sp, #32]
100032fa:	46b2      	mov	sl, r6
100032fc:	002a      	movs	r2, r5
100032fe:	0026      	movs	r6, r4
10003300:	464c      	mov	r4, r9
10003302:	4699      	mov	r9, r3
10003304:	e009      	b.n	1000331a <_vsnprintf+0x3f2>
10003306:	0023      	movs	r3, r4
10003308:	0031      	movs	r1, r6
1000330a:	1c55      	adds	r5, r2, #1
1000330c:	47c8      	blx	r9
1000330e:	4643      	mov	r3, r8
10003310:	5d58      	ldrb	r0, [r3, r5]
10003312:	2800      	cmp	r0, #0
10003314:	d100      	bne.n	10003318 <_vsnprintf+0x3f0>
10003316:	e126      	b.n	10003566 <_vsnprintf+0x63e>
10003318:	002a      	movs	r2, r5
1000331a:	4297      	cmp	r7, r2
1000331c:	d1f3      	bne.n	10003306 <_vsnprintf+0x3de>
1000331e:	46a1      	mov	r9, r4
10003320:	003d      	movs	r5, r7
10003322:	0034      	movs	r4, r6
10003324:	4656      	mov	r6, sl
10003326:	9b0d      	ldr	r3, [sp, #52]	; 0x34
10003328:	2b00      	cmp	r3, #0
1000332a:	d000      	beq.n	1000332e <_vsnprintf+0x406>
1000332c:	e143      	b.n	100035b6 <_vsnprintf+0x68e>
1000332e:	465b      	mov	r3, fp
10003330:	3601      	adds	r6, #1
10003332:	9309      	str	r3, [sp, #36]	; 0x24
10003334:	e61d      	b.n	10002f72 <_vsnprintf+0x4a>
10003336:	9b09      	ldr	r3, [sp, #36]	; 0x24
10003338:	001a      	movs	r2, r3
1000333a:	ca08      	ldmia	r2!, {r3}
1000333c:	4692      	mov	sl, r2
1000333e:	2b00      	cmp	r3, #0
10003340:	d048      	beq.n	100033d4 <_vsnprintf+0x4ac>
10003342:	2221      	movs	r2, #33	; 0x21
10003344:	4311      	orrs	r1, r2
10003346:	468b      	mov	fp, r1
10003348:	a80e      	add	r0, sp, #56	; 0x38
1000334a:	4684      	mov	ip, r0
1000334c:	211f      	movs	r1, #31
1000334e:	4461      	add	r1, ip
10003350:	9509      	str	r5, [sp, #36]	; 0x24
10003352:	2200      	movs	r2, #0
10003354:	270f      	movs	r7, #15
10003356:	46a4      	mov	ip, r4
10003358:	000d      	movs	r5, r1
1000335a:	e002      	b.n	10003362 <_vsnprintf+0x43a>
1000335c:	2a20      	cmp	r2, #32
1000335e:	d00c      	beq.n	1000337a <_vsnprintf+0x452>
10003360:	000b      	movs	r3, r1
10003362:	003c      	movs	r4, r7
10003364:	401c      	ands	r4, r3
10003366:	0020      	movs	r0, r4
10003368:	3037      	adds	r0, #55	; 0x37
1000336a:	2c09      	cmp	r4, #9
1000336c:	d800      	bhi.n	10003370 <_vsnprintf+0x448>
1000336e:	3807      	subs	r0, #7
10003370:	3201      	adds	r2, #1
10003372:	54a8      	strb	r0, [r5, r2]
10003374:	0919      	lsrs	r1, r3, #4
10003376:	2b0f      	cmp	r3, #15
10003378:	d8f0      	bhi.n	1000335c <_vsnprintf+0x434>
1000337a:	4664      	mov	r4, ip
1000337c:	9d09      	ldr	r5, [sp, #36]	; 0x24
1000337e:	e032      	b.n	100033e6 <_vsnprintf+0x4be>
10003380:	4bdc      	ldr	r3, [pc, #880]	; (100036f4 <_vsnprintf+0x7cc>)
10003382:	7820      	ldrb	r0, [r4, #0]
10003384:	9308      	str	r3, [sp, #32]
10003386:	2300      	movs	r3, #0
10003388:	469a      	mov	sl, r3
1000338a:	2800      	cmp	r0, #0
1000338c:	d000      	beq.n	10003390 <_vsnprintf+0x468>
1000338e:	e5e4      	b.n	10002f5a <_vsnprintf+0x32>
10003390:	2400      	movs	r4, #0
10003392:	e665      	b.n	10003060 <_vsnprintf+0x138>
10003394:	4643      	mov	r3, r8
10003396:	0006      	movs	r6, r0
10003398:	9f0a      	ldr	r7, [sp, #40]	; 0x28
1000339a:	0098      	lsls	r0, r3, #2
1000339c:	18c0      	adds	r0, r0, r3
1000339e:	3201      	adds	r2, #1
100033a0:	0040      	lsls	r0, r0, #1
100033a2:	1980      	adds	r0, r0, r6
100033a4:	7816      	ldrb	r6, [r2, #0]
100033a6:	0003      	movs	r3, r0
100033a8:	0030      	movs	r0, r6
100033aa:	3830      	subs	r0, #48	; 0x30
100033ac:	3b30      	subs	r3, #48	; 0x30
100033ae:	2809      	cmp	r0, #9
100033b0:	d9f3      	bls.n	1000339a <_vsnprintf+0x472>
100033b2:	0030      	movs	r0, r6
100033b4:	4698      	mov	r8, r3
100033b6:	0016      	movs	r6, r2
100033b8:	970a      	str	r7, [sp, #40]	; 0x28
100033ba:	e600      	b.n	10002fbe <_vsnprintf+0x96>
100033bc:	9b09      	ldr	r3, [sp, #36]	; 0x24
100033be:	3602      	adds	r6, #2
100033c0:	cb04      	ldmia	r3!, {r2}
100033c2:	4690      	mov	r8, r2
100033c4:	43d2      	mvns	r2, r2
100033c6:	4640      	mov	r0, r8
100033c8:	17d2      	asrs	r2, r2, #31
100033ca:	4010      	ands	r0, r2
100033cc:	4680      	mov	r8, r0
100033ce:	9309      	str	r3, [sp, #36]	; 0x24
100033d0:	7830      	ldrb	r0, [r6, #0]
100033d2:	e5f4      	b.n	10002fbe <_vsnprintf+0x96>
100033d4:	2210      	movs	r2, #16
100033d6:	0008      	movs	r0, r1
100033d8:	4390      	bics	r0, r2
100033da:	3211      	adds	r2, #17
100033dc:	4310      	orrs	r0, r2
100033de:	4683      	mov	fp, r0
100033e0:	2200      	movs	r2, #0
100033e2:	0549      	lsls	r1, r1, #21
100033e4:	d5b0      	bpl.n	10003348 <_vsnprintf+0x420>
100033e6:	465b      	mov	r3, fp
100033e8:	9306      	str	r3, [sp, #24]
100033ea:	2308      	movs	r3, #8
100033ec:	9305      	str	r3, [sp, #20]
100033ee:	4643      	mov	r3, r8
100033f0:	9304      	str	r3, [sp, #16]
100033f2:	2310      	movs	r3, #16
100033f4:	9303      	str	r3, [sp, #12]
100033f6:	2300      	movs	r3, #0
100033f8:	9302      	str	r3, [sp, #8]
100033fa:	ab16      	add	r3, sp, #88	; 0x58
100033fc:	9201      	str	r2, [sp, #4]
100033fe:	9300      	str	r3, [sp, #0]
10003400:	002a      	movs	r2, r5
10003402:	464b      	mov	r3, r9
10003404:	0021      	movs	r1, r4
10003406:	9808      	ldr	r0, [sp, #32]
10003408:	f7ff f8ae 	bl	10002568 <_ntoa_format>
1000340c:	4653      	mov	r3, sl
1000340e:	0005      	movs	r5, r0
10003410:	3601      	adds	r6, #1
10003412:	9309      	str	r3, [sp, #36]	; 0x24
10003414:	e5ad      	b.n	10002f72 <_vsnprintf+0x4a>
10003416:	7813      	ldrb	r3, [r2, #0]
10003418:	469c      	mov	ip, r3
1000341a:	2b00      	cmp	r3, #0
1000341c:	d100      	bne.n	10003420 <_vsnprintf+0x4f8>
1000341e:	e2f7      	b.n	10003a10 <_vsnprintf+0xae8>
10003420:	2302      	movs	r3, #2
10003422:	425b      	negs	r3, r3
10003424:	e737      	b.n	10003296 <_vsnprintf+0x36e>
10003426:	2320      	movs	r3, #32
10003428:	0002      	movs	r2, r0
1000342a:	439a      	bics	r2, r3
1000342c:	2a47      	cmp	r2, #71	; 0x47
1000342e:	d104      	bne.n	1000343a <_vsnprintf+0x512>
10003430:	2380      	movs	r3, #128	; 0x80
10003432:	011b      	lsls	r3, r3, #4
10003434:	4319      	orrs	r1, r3
10003436:	2302      	movs	r3, #2
10003438:	4398      	bics	r0, r3
1000343a:	2845      	cmp	r0, #69	; 0x45
1000343c:	d101      	bne.n	10003442 <_vsnprintf+0x51a>
1000343e:	2320      	movs	r3, #32
10003440:	4319      	orrs	r1, r3
10003442:	2207      	movs	r2, #7
10003444:	9b09      	ldr	r3, [sp, #36]	; 0x24
10003446:	9104      	str	r1, [sp, #16]
10003448:	3307      	adds	r3, #7
1000344a:	4393      	bics	r3, r2
1000344c:	9a0a      	ldr	r2, [sp, #40]	; 0x28
1000344e:	0019      	movs	r1, r3
10003450:	9203      	str	r2, [sp, #12]
10003452:	4642      	mov	r2, r8
10003454:	9202      	str	r2, [sp, #8]
10003456:	c90c      	ldmia	r1!, {r2, r3}
10003458:	9808      	ldr	r0, [sp, #32]
1000345a:	9200      	str	r2, [sp, #0]
1000345c:	9301      	str	r3, [sp, #4]
1000345e:	9109      	str	r1, [sp, #36]	; 0x24
10003460:	002a      	movs	r2, r5
10003462:	464b      	mov	r3, r9
10003464:	0021      	movs	r1, r4
10003466:	f7ff f96d 	bl	10002744 <_etoa>
1000346a:	3601      	adds	r6, #1
1000346c:	0005      	movs	r5, r0
1000346e:	e580      	b.n	10002f72 <_vsnprintf+0x4a>
10003470:	2310      	movs	r3, #16
10003472:	930c      	str	r3, [sp, #48]	; 0x30
10003474:	230c      	movs	r3, #12
10003476:	000a      	movs	r2, r1
10003478:	439a      	bics	r2, r3
1000347a:	920b      	str	r2, [sp, #44]	; 0x2c
1000347c:	054b      	lsls	r3, r1, #21
1000347e:	d503      	bpl.n	10003488 <_vsnprintf+0x560>
10003480:	2301      	movs	r3, #1
10003482:	9a0b      	ldr	r2, [sp, #44]	; 0x2c
10003484:	439a      	bics	r2, r3
10003486:	920b      	str	r2, [sp, #44]	; 0x2c
10003488:	2869      	cmp	r0, #105	; 0x69
1000348a:	d100      	bne.n	1000348e <_vsnprintf+0x566>
1000348c:	e627      	b.n	100030de <_vsnprintf+0x1b6>
1000348e:	2864      	cmp	r0, #100	; 0x64
10003490:	d100      	bne.n	10003494 <_vsnprintf+0x56c>
10003492:	e624      	b.n	100030de <_vsnprintf+0x1b6>
10003494:	9a0b      	ldr	r2, [sp, #44]	; 0x2c
10003496:	2380      	movs	r3, #128	; 0x80
10003498:	0011      	movs	r1, r2
1000349a:	009b      	lsls	r3, r3, #2
1000349c:	4019      	ands	r1, r3
1000349e:	468b      	mov	fp, r1
100034a0:	421a      	tst	r2, r3
100034a2:	d000      	beq.n	100034a6 <_vsnprintf+0x57e>
100034a4:	e166      	b.n	10003774 <_vsnprintf+0x84c>
100034a6:	2380      	movs	r3, #128	; 0x80
100034a8:	0011      	movs	r1, r2
100034aa:	005b      	lsls	r3, r3, #1
100034ac:	4019      	ands	r1, r3
100034ae:	468a      	mov	sl, r1
100034b0:	421a      	tst	r2, r3
100034b2:	d000      	beq.n	100034b6 <_vsnprintf+0x58e>
100034b4:	e239      	b.n	1000392a <_vsnprintf+0xa02>
100034b6:	0013      	movs	r3, r2
100034b8:	065b      	lsls	r3, r3, #25
100034ba:	d500      	bpl.n	100034be <_vsnprintf+0x596>
100034bc:	e13c      	b.n	10003738 <_vsnprintf+0x810>
100034be:	0013      	movs	r3, r2
100034c0:	061b      	lsls	r3, r3, #24
100034c2:	d400      	bmi.n	100034c6 <_vsnprintf+0x59e>
100034c4:	e2a6      	b.n	10003a14 <_vsnprintf+0xaec>
100034c6:	9b09      	ldr	r3, [sp, #36]	; 0x24
100034c8:	cb04      	ldmia	r3!, {r2}
100034ca:	0412      	lsls	r2, r2, #16
100034cc:	0c12      	lsrs	r2, r2, #16
100034ce:	4693      	mov	fp, r2
100034d0:	9309      	str	r3, [sp, #36]	; 0x24
100034d2:	465b      	mov	r3, fp
100034d4:	2b00      	cmp	r3, #0
100034d6:	d000      	beq.n	100034da <_vsnprintf+0x5b2>
100034d8:	e19a      	b.n	10003810 <_vsnprintf+0x8e8>
100034da:	9a0b      	ldr	r2, [sp, #44]	; 0x2c
100034dc:	3310      	adds	r3, #16
100034de:	0011      	movs	r1, r2
100034e0:	4399      	bics	r1, r3
100034e2:	910b      	str	r1, [sp, #44]	; 0x2c
100034e4:	0552      	lsls	r2, r2, #21
100034e6:	d400      	bmi.n	100034ea <_vsnprintf+0x5c2>
100034e8:	e192      	b.n	10003810 <_vsnprintf+0x8e8>
100034ea:	2300      	movs	r3, #0
100034ec:	469a      	mov	sl, r3
100034ee:	9b0b      	ldr	r3, [sp, #44]	; 0x2c
100034f0:	9306      	str	r3, [sp, #24]
100034f2:	9b0a      	ldr	r3, [sp, #40]	; 0x28
100034f4:	9305      	str	r3, [sp, #20]
100034f6:	4643      	mov	r3, r8
100034f8:	9304      	str	r3, [sp, #16]
100034fa:	9b0c      	ldr	r3, [sp, #48]	; 0x30
100034fc:	9303      	str	r3, [sp, #12]
100034fe:	2300      	movs	r3, #0
10003500:	e10c      	b.n	1000371c <_vsnprintf+0x7f4>
10003502:	2320      	movs	r3, #32
10003504:	4319      	orrs	r1, r3
10003506:	e660      	b.n	100031ca <_vsnprintf+0x2a2>
10003508:	9b09      	ldr	r3, [sp, #36]	; 0x24
1000350a:	9a0a      	ldr	r2, [sp, #40]	; 0x28
1000350c:	1b5b      	subs	r3, r3, r5
1000350e:	4698      	mov	r8, r3
10003510:	464b      	mov	r3, r9
10003512:	4691      	mov	r9, r2
10003514:	001f      	movs	r7, r3
10003516:	46b2      	mov	sl, r6
10003518:	0026      	movs	r6, r4
1000351a:	9c08      	ldr	r4, [sp, #32]
1000351c:	002a      	movs	r2, r5
1000351e:	003b      	movs	r3, r7
10003520:	0031      	movs	r1, r6
10003522:	47a0      	blx	r4
10003524:	4643      	mov	r3, r8
10003526:	3501      	adds	r5, #1
10003528:	5d58      	ldrb	r0, [r3, r5]
1000352a:	2800      	cmp	r0, #0
1000352c:	d1f6      	bne.n	1000351c <_vsnprintf+0x5f4>
1000352e:	464a      	mov	r2, r9
10003530:	0034      	movs	r4, r6
10003532:	46b9      	mov	r9, r7
10003534:	4656      	mov	r6, sl
10003536:	920a      	str	r2, [sp, #40]	; 0x28
10003538:	e6f5      	b.n	10003326 <_vsnprintf+0x3fe>
1000353a:	23c0      	movs	r3, #192	; 0xc0
1000353c:	009b      	lsls	r3, r3, #2
1000353e:	78b0      	ldrb	r0, [r6, #2]
10003540:	4319      	orrs	r1, r3
10003542:	3602      	adds	r6, #2
10003544:	e55d      	b.n	10003002 <_vsnprintf+0xda>
10003546:	23c0      	movs	r3, #192	; 0xc0
10003548:	78b0      	ldrb	r0, [r6, #2]
1000354a:	4319      	orrs	r1, r3
1000354c:	3602      	adds	r6, #2
1000354e:	e558      	b.n	10003002 <_vsnprintf+0xda>
10003550:	230c      	movs	r3, #12
10003552:	000a      	movs	r2, r1
10003554:	439a      	bics	r2, r3
10003556:	3314      	adds	r3, #20
10003558:	431a      	orrs	r2, r3
1000355a:	3b10      	subs	r3, #16
1000355c:	920b      	str	r2, [sp, #44]	; 0x2c
1000355e:	930c      	str	r3, [sp, #48]	; 0x30
10003560:	054b      	lsls	r3, r1, #21
10003562:	d48d      	bmi.n	10003480 <_vsnprintf+0x558>
10003564:	e796      	b.n	10003494 <_vsnprintf+0x56c>
10003566:	46a1      	mov	r9, r4
10003568:	0034      	movs	r4, r6
1000356a:	4656      	mov	r6, sl
1000356c:	e6db      	b.n	10003326 <_vsnprintf+0x3fe>
1000356e:	9a0a      	ldr	r2, [sp, #40]	; 0x28
10003570:	2a01      	cmp	r2, #1
10003572:	d800      	bhi.n	10003576 <_vsnprintf+0x64e>
10003574:	e253      	b.n	10003a1e <_vsnprintf+0xaf6>
10003576:	1e6b      	subs	r3, r5, #1
10003578:	189f      	adds	r7, r3, r2
1000357a:	9b08      	ldr	r3, [sp, #32]
1000357c:	46b0      	mov	r8, r6
1000357e:	0026      	movs	r6, r4
10003580:	464c      	mov	r4, r9
10003582:	4699      	mov	r9, r3
10003584:	002a      	movs	r2, r5
10003586:	0023      	movs	r3, r4
10003588:	3501      	adds	r5, #1
1000358a:	0031      	movs	r1, r6
1000358c:	2020      	movs	r0, #32
1000358e:	47c8      	blx	r9
10003590:	42bd      	cmp	r5, r7
10003592:	d1f7      	bne.n	10003584 <_vsnprintf+0x65c>
10003594:	46a1      	mov	r9, r4
10003596:	0034      	movs	r4, r6
10003598:	4646      	mov	r6, r8
1000359a:	9b09      	ldr	r3, [sp, #36]	; 0x24
1000359c:	003a      	movs	r2, r7
1000359e:	cb01      	ldmia	r3!, {r0}
100035a0:	0021      	movs	r1, r4
100035a2:	4698      	mov	r8, r3
100035a4:	1c7d      	adds	r5, r7, #1
100035a6:	464b      	mov	r3, r9
100035a8:	9f08      	ldr	r7, [sp, #32]
100035aa:	b2c0      	uxtb	r0, r0
100035ac:	47b8      	blx	r7
100035ae:	4643      	mov	r3, r8
100035b0:	3601      	adds	r6, #1
100035b2:	9309      	str	r3, [sp, #36]	; 0x24
100035b4:	e4dd      	b.n	10002f72 <_vsnprintf+0x4a>
100035b6:	9b0b      	ldr	r3, [sp, #44]	; 0x2c
100035b8:	9a0a      	ldr	r2, [sp, #40]	; 0x28
100035ba:	46a8      	mov	r8, r5
100035bc:	429a      	cmp	r2, r3
100035be:	d800      	bhi.n	100035c2 <_vsnprintf+0x69a>
100035c0:	e6b5      	b.n	1000332e <_vsnprintf+0x406>
100035c2:	4694      	mov	ip, r2
100035c4:	4465      	add	r5, ip
100035c6:	1aed      	subs	r5, r5, r3
100035c8:	9b08      	ldr	r3, [sp, #32]
100035ca:	4647      	mov	r7, r8
100035cc:	46b0      	mov	r8, r6
100035ce:	0026      	movs	r6, r4
100035d0:	464c      	mov	r4, r9
100035d2:	4699      	mov	r9, r3
100035d4:	003a      	movs	r2, r7
100035d6:	0023      	movs	r3, r4
100035d8:	3701      	adds	r7, #1
100035da:	0031      	movs	r1, r6
100035dc:	2020      	movs	r0, #32
100035de:	47c8      	blx	r9
100035e0:	42af      	cmp	r7, r5
100035e2:	d1f7      	bne.n	100035d4 <_vsnprintf+0x6ac>
100035e4:	46a1      	mov	r9, r4
100035e6:	0034      	movs	r4, r6
100035e8:	4646      	mov	r6, r8
100035ea:	e6a0      	b.n	1000332e <_vsnprintf+0x406>
100035ec:	9a0b      	ldr	r2, [sp, #44]	; 0x2c
100035ee:	990a      	ldr	r1, [sp, #40]	; 0x28
100035f0:	1c53      	adds	r3, r2, #1
100035f2:	4291      	cmp	r1, r2
100035f4:	d800      	bhi.n	100035f8 <_vsnprintf+0x6d0>
100035f6:	e214      	b.n	10003a22 <_vsnprintf+0xafa>
100035f8:	194b      	adds	r3, r1, r5
100035fa:	1a9b      	subs	r3, r3, r2
100035fc:	001f      	movs	r7, r3
100035fe:	9b08      	ldr	r3, [sp, #32]
10003600:	46b2      	mov	sl, r6
10003602:	0026      	movs	r6, r4
10003604:	464c      	mov	r4, r9
10003606:	4699      	mov	r9, r3
10003608:	002a      	movs	r2, r5
1000360a:	0023      	movs	r3, r4
1000360c:	3501      	adds	r5, #1
1000360e:	0031      	movs	r1, r6
10003610:	2020      	movs	r0, #32
10003612:	47c8      	blx	r9
10003614:	42bd      	cmp	r5, r7
10003616:	d1f7      	bne.n	10003608 <_vsnprintf+0x6e0>
10003618:	9b0a      	ldr	r3, [sp, #40]	; 0x28
1000361a:	46a1      	mov	r9, r4
1000361c:	3301      	adds	r3, #1
1000361e:	930b      	str	r3, [sp, #44]	; 0x2c
10003620:	9b09      	ldr	r3, [sp, #36]	; 0x24
10003622:	0034      	movs	r4, r6
10003624:	781b      	ldrb	r3, [r3, #0]
10003626:	4656      	mov	r6, sl
10003628:	469c      	mov	ip, r3
1000362a:	4660      	mov	r0, ip
1000362c:	2800      	cmp	r0, #0
1000362e:	d000      	beq.n	10003632 <_vsnprintf+0x70a>
10003630:	e658      	b.n	100032e4 <_vsnprintf+0x3bc>
10003632:	e67c      	b.n	1000332e <_vsnprintf+0x406>
10003634:	2207      	movs	r2, #7
10003636:	9b09      	ldr	r3, [sp, #36]	; 0x24
10003638:	3307      	adds	r3, #7
1000363a:	4393      	bics	r3, r2
1000363c:	3201      	adds	r2, #1
1000363e:	4694      	mov	ip, r2
10003640:	449c      	add	ip, r3
10003642:	4662      	mov	r2, ip
10003644:	685f      	ldr	r7, [r3, #4]
10003646:	9209      	str	r2, [sp, #36]	; 0x24
10003648:	681a      	ldr	r2, [r3, #0]
1000364a:	17fb      	asrs	r3, r7, #31
1000364c:	9310      	str	r3, [sp, #64]	; 0x40
1000364e:	9311      	str	r3, [sp, #68]	; 0x44
10003650:	9810      	ldr	r0, [sp, #64]	; 0x40
10003652:	9911      	ldr	r1, [sp, #68]	; 0x44
10003654:	0003      	movs	r3, r0
10003656:	4053      	eors	r3, r2
10003658:	930e      	str	r3, [sp, #56]	; 0x38
1000365a:	000b      	movs	r3, r1
1000365c:	407b      	eors	r3, r7
1000365e:	930f      	str	r3, [sp, #60]	; 0x3c
10003660:	4694      	mov	ip, r2
10003662:	9a0e      	ldr	r2, [sp, #56]	; 0x38
10003664:	9b0f      	ldr	r3, [sp, #60]	; 0x3c
10003666:	1a12      	subs	r2, r2, r0
10003668:	418b      	sbcs	r3, r1
1000366a:	920e      	str	r2, [sp, #56]	; 0x38
1000366c:	930f      	str	r3, [sp, #60]	; 0x3c
1000366e:	0ffb      	lsrs	r3, r7, #31
10003670:	4662      	mov	r2, ip
10003672:	9312      	str	r3, [sp, #72]	; 0x48
10003674:	2300      	movs	r3, #0
10003676:	433a      	orrs	r2, r7
10003678:	469b      	mov	fp, r3
1000367a:	d03d      	beq.n	100036f8 <_vsnprintf+0x7d0>
1000367c:	9a0b      	ldr	r2, [sp, #44]	; 0x2c
1000367e:	2361      	movs	r3, #97	; 0x61
10003680:	0692      	lsls	r2, r2, #26
10003682:	d500      	bpl.n	10003686 <_vsnprintf+0x75e>
10003684:	2341      	movs	r3, #65	; 0x41
10003686:	2200      	movs	r2, #0
10003688:	b2db      	uxtb	r3, r3
1000368a:	a90e      	add	r1, sp, #56	; 0x38
1000368c:	3b0a      	subs	r3, #10
1000368e:	468c      	mov	ip, r1
10003690:	4692      	mov	sl, r2
10003692:	930d      	str	r3, [sp, #52]	; 0x34
10003694:	4643      	mov	r3, r8
10003696:	321f      	adds	r2, #31
10003698:	4462      	add	r2, ip
1000369a:	9513      	str	r5, [sp, #76]	; 0x4c
1000369c:	9615      	str	r6, [sp, #84]	; 0x54
1000369e:	4655      	mov	r5, sl
100036a0:	9e0e      	ldr	r6, [sp, #56]	; 0x38
100036a2:	9f0f      	ldr	r7, [sp, #60]	; 0x3c
100036a4:	46a2      	mov	sl, r4
100036a6:	4690      	mov	r8, r2
100036a8:	9c0c      	ldr	r4, [sp, #48]	; 0x30
100036aa:	9314      	str	r3, [sp, #80]	; 0x50
100036ac:	e00c      	b.n	100036c8 <_vsnprintf+0x7a0>
100036ae:	3230      	adds	r2, #48	; 0x30
100036b0:	b2d2      	uxtb	r2, r2
100036b2:	4643      	mov	r3, r8
100036b4:	3501      	adds	r5, #1
100036b6:	555a      	strb	r2, [r3, r5]
100036b8:	45bb      	cmp	fp, r7
100036ba:	d100      	bne.n	100036be <_vsnprintf+0x796>
100036bc:	e18a      	b.n	100039d4 <_vsnprintf+0xaac>
100036be:	2d20      	cmp	r5, #32
100036c0:	d100      	bne.n	100036c4 <_vsnprintf+0x79c>
100036c2:	e18a      	b.n	100039da <_vsnprintf+0xab2>
100036c4:	0006      	movs	r6, r0
100036c6:	000f      	movs	r7, r1
100036c8:	0022      	movs	r2, r4
100036ca:	2300      	movs	r3, #0
100036cc:	0030      	movs	r0, r6
100036ce:	0039      	movs	r1, r7
100036d0:	f7fe f85a 	bl	10001788 <__wrap___aeabi_uldivmod>
100036d4:	b2d2      	uxtb	r2, r2
100036d6:	2a09      	cmp	r2, #9
100036d8:	d9e9      	bls.n	100036ae <_vsnprintf+0x786>
100036da:	9b0d      	ldr	r3, [sp, #52]	; 0x34
100036dc:	469c      	mov	ip, r3
100036de:	4462      	add	r2, ip
100036e0:	b2d2      	uxtb	r2, r2
100036e2:	e7e6      	b.n	100036b2 <_vsnprintf+0x78a>
100036e4:	23ff      	movs	r3, #255	; 0xff
100036e6:	9909      	ldr	r1, [sp, #36]	; 0x24
100036e8:	c904      	ldmia	r1!, {r2}
100036ea:	4013      	ands	r3, r2
100036ec:	001a      	movs	r2, r3
100036ee:	9109      	str	r1, [sp, #36]	; 0x24
100036f0:	e517      	b.n	10003122 <_vsnprintf+0x1fa>
100036f2:	46c0      	nop			; (mov r8, r8)
100036f4:	100024c9 	.word	0x100024c9
100036f8:	9a0b      	ldr	r2, [sp, #44]	; 0x2c
100036fa:	3310      	adds	r3, #16
100036fc:	0011      	movs	r1, r2
100036fe:	4399      	bics	r1, r3
10003700:	910b      	str	r1, [sp, #44]	; 0x2c
10003702:	0552      	lsls	r2, r2, #21
10003704:	d5ba      	bpl.n	1000367c <_vsnprintf+0x754>
10003706:	2300      	movs	r3, #0
10003708:	469a      	mov	sl, r3
1000370a:	9b0b      	ldr	r3, [sp, #44]	; 0x2c
1000370c:	9306      	str	r3, [sp, #24]
1000370e:	9b0a      	ldr	r3, [sp, #40]	; 0x28
10003710:	9305      	str	r3, [sp, #20]
10003712:	4643      	mov	r3, r8
10003714:	9304      	str	r3, [sp, #16]
10003716:	9b0c      	ldr	r3, [sp, #48]	; 0x30
10003718:	9303      	str	r3, [sp, #12]
1000371a:	9b12      	ldr	r3, [sp, #72]	; 0x48
1000371c:	9302      	str	r3, [sp, #8]
1000371e:	4653      	mov	r3, sl
10003720:	9301      	str	r3, [sp, #4]
10003722:	ab16      	add	r3, sp, #88	; 0x58
10003724:	002a      	movs	r2, r5
10003726:	9300      	str	r3, [sp, #0]
10003728:	0021      	movs	r1, r4
1000372a:	464b      	mov	r3, r9
1000372c:	9808      	ldr	r0, [sp, #32]
1000372e:	f7fe ff1b 	bl	10002568 <_ntoa_format>
10003732:	3601      	adds	r6, #1
10003734:	0005      	movs	r5, r0
10003736:	e41c      	b.n	10002f72 <_vsnprintf+0x4a>
10003738:	22ff      	movs	r2, #255	; 0xff
1000373a:	9b09      	ldr	r3, [sp, #36]	; 0x24
1000373c:	cb02      	ldmia	r3!, {r1}
1000373e:	4011      	ands	r1, r2
10003740:	468b      	mov	fp, r1
10003742:	9309      	str	r3, [sp, #36]	; 0x24
10003744:	e6c5      	b.n	100034d2 <_vsnprintf+0x5aa>
10003746:	4653      	mov	r3, sl
10003748:	4645      	mov	r5, r8
1000374a:	9309      	str	r3, [sp, #36]	; 0x24
1000374c:	3601      	adds	r6, #1
1000374e:	f7ff fc10 	bl	10002f72 <_vsnprintf+0x4a>
10003752:	4656      	mov	r6, sl
10003754:	465c      	mov	r4, fp
10003756:	46aa      	mov	sl, r5
10003758:	9d13      	ldr	r5, [sp, #76]	; 0x4c
1000375a:	e7d6      	b.n	1000370a <_vsnprintf+0x7e2>
1000375c:	2308      	movs	r3, #8
1000375e:	930c      	str	r3, [sp, #48]	; 0x30
10003760:	910b      	str	r1, [sp, #44]	; 0x2c
10003762:	990b      	ldr	r1, [sp, #44]	; 0x2c
10003764:	2864      	cmp	r0, #100	; 0x64
10003766:	d000      	beq.n	1000376a <_vsnprintf+0x842>
10003768:	e684      	b.n	10003474 <_vsnprintf+0x54c>
1000376a:	9b0b      	ldr	r3, [sp, #44]	; 0x2c
1000376c:	055b      	lsls	r3, r3, #21
1000376e:	d500      	bpl.n	10003772 <_vsnprintf+0x84a>
10003770:	e686      	b.n	10003480 <_vsnprintf+0x558>
10003772:	e4b4      	b.n	100030de <_vsnprintf+0x1b6>
10003774:	2207      	movs	r2, #7
10003776:	9b09      	ldr	r3, [sp, #36]	; 0x24
10003778:	3307      	adds	r3, #7
1000377a:	4393      	bics	r3, r2
1000377c:	3201      	adds	r2, #1
1000377e:	4694      	mov	ip, r2
10003780:	449c      	add	ip, r3
10003782:	4662      	mov	r2, ip
10003784:	9209      	str	r2, [sp, #36]	; 0x24
10003786:	681a      	ldr	r2, [r3, #0]
10003788:	685b      	ldr	r3, [r3, #4]
1000378a:	0010      	movs	r0, r2
1000378c:	469b      	mov	fp, r3
1000378e:	0013      	movs	r3, r2
10003790:	465a      	mov	r2, fp
10003792:	4313      	orrs	r3, r2
10003794:	d107      	bne.n	100037a6 <_vsnprintf+0x87e>
10003796:	9a0b      	ldr	r2, [sp, #44]	; 0x2c
10003798:	3310      	adds	r3, #16
1000379a:	0011      	movs	r1, r2
1000379c:	4399      	bics	r1, r3
1000379e:	910b      	str	r1, [sp, #44]	; 0x2c
100037a0:	0552      	lsls	r2, r2, #21
100037a2:	d500      	bpl.n	100037a6 <_vsnprintf+0x87e>
100037a4:	e6a1      	b.n	100034ea <_vsnprintf+0x5c2>
100037a6:	9a0b      	ldr	r2, [sp, #44]	; 0x2c
100037a8:	2361      	movs	r3, #97	; 0x61
100037aa:	0692      	lsls	r2, r2, #26
100037ac:	d500      	bpl.n	100037b0 <_vsnprintf+0x888>
100037ae:	2341      	movs	r3, #65	; 0x41
100037b0:	2200      	movs	r2, #0
100037b2:	b2db      	uxtb	r3, r3
100037b4:	a90e      	add	r1, sp, #56	; 0x38
100037b6:	3b0a      	subs	r3, #10
100037b8:	468c      	mov	ip, r1
100037ba:	4692      	mov	sl, r2
100037bc:	930d      	str	r3, [sp, #52]	; 0x34
100037be:	4643      	mov	r3, r8
100037c0:	321f      	adds	r2, #31
100037c2:	4462      	add	r2, ip
100037c4:	465f      	mov	r7, fp
100037c6:	9512      	str	r5, [sp, #72]	; 0x48
100037c8:	46a3      	mov	fp, r4
100037ca:	4655      	mov	r5, sl
100037cc:	0004      	movs	r4, r0
100037ce:	46b2      	mov	sl, r6
100037d0:	4690      	mov	r8, r2
100037d2:	9e0c      	ldr	r6, [sp, #48]	; 0x30
100037d4:	9313      	str	r3, [sp, #76]	; 0x4c
100037d6:	e00d      	b.n	100037f4 <_vsnprintf+0x8cc>
100037d8:	3230      	adds	r2, #48	; 0x30
100037da:	b2d2      	uxtb	r2, r2
100037dc:	4643      	mov	r3, r8
100037de:	3501      	adds	r5, #1
100037e0:	555a      	strb	r2, [r3, r5]
100037e2:	2300      	movs	r3, #0
100037e4:	42bb      	cmp	r3, r7
100037e6:	d100      	bne.n	100037ea <_vsnprintf+0x8c2>
100037e8:	e100      	b.n	100039ec <_vsnprintf+0xac4>
100037ea:	2d20      	cmp	r5, #32
100037ec:	d100      	bne.n	100037f0 <_vsnprintf+0x8c8>
100037ee:	e100      	b.n	100039f2 <_vsnprintf+0xaca>
100037f0:	0004      	movs	r4, r0
100037f2:	000f      	movs	r7, r1
100037f4:	0032      	movs	r2, r6
100037f6:	2300      	movs	r3, #0
100037f8:	0020      	movs	r0, r4
100037fa:	0039      	movs	r1, r7
100037fc:	f7fd ffc4 	bl	10001788 <__wrap___aeabi_uldivmod>
10003800:	b2d2      	uxtb	r2, r2
10003802:	2a09      	cmp	r2, #9
10003804:	d9e8      	bls.n	100037d8 <_vsnprintf+0x8b0>
10003806:	9b0d      	ldr	r3, [sp, #52]	; 0x34
10003808:	469c      	mov	ip, r3
1000380a:	4462      	add	r2, ip
1000380c:	b2d2      	uxtb	r2, r2
1000380e:	e7e5      	b.n	100037dc <_vsnprintf+0x8b4>
10003810:	9a0b      	ldr	r2, [sp, #44]	; 0x2c
10003812:	2361      	movs	r3, #97	; 0x61
10003814:	0692      	lsls	r2, r2, #26
10003816:	d500      	bpl.n	1000381a <_vsnprintf+0x8f2>
10003818:	2341      	movs	r3, #65	; 0x41
1000381a:	b2db      	uxtb	r3, r3
1000381c:	a90e      	add	r1, sp, #56	; 0x38
1000381e:	3b0a      	subs	r3, #10
10003820:	221f      	movs	r2, #31
10003822:	468c      	mov	ip, r1
10003824:	930d      	str	r3, [sp, #52]	; 0x34
10003826:	0023      	movs	r3, r4
10003828:	4462      	add	r2, ip
1000382a:	465c      	mov	r4, fp
1000382c:	9512      	str	r5, [sp, #72]	; 0x48
1000382e:	0017      	movs	r7, r2
10003830:	4655      	mov	r5, sl
10003832:	469b      	mov	fp, r3
10003834:	46b2      	mov	sl, r6
10003836:	9e0c      	ldr	r6, [sp, #48]	; 0x30
10003838:	e008      	b.n	1000384c <_vsnprintf+0x924>
1000383a:	3330      	adds	r3, #48	; 0x30
1000383c:	b2db      	uxtb	r3, r3
1000383e:	3501      	adds	r5, #1
10003840:	557b      	strb	r3, [r7, r5]
10003842:	42b4      	cmp	r4, r6
10003844:	d30e      	bcc.n	10003864 <_vsnprintf+0x93c>
10003846:	2d20      	cmp	r5, #32
10003848:	d00c      	beq.n	10003864 <_vsnprintf+0x93c>
1000384a:	0004      	movs	r4, r0
1000384c:	0031      	movs	r1, r6
1000384e:	0020      	movs	r0, r4
10003850:	f7fd ff5c 	bl	1000170c <__wrap___aeabi_uidiv>
10003854:	b2cb      	uxtb	r3, r1
10003856:	2909      	cmp	r1, #9
10003858:	d9ef      	bls.n	1000383a <_vsnprintf+0x912>
1000385a:	9a0d      	ldr	r2, [sp, #52]	; 0x34
1000385c:	4694      	mov	ip, r2
1000385e:	4463      	add	r3, ip
10003860:	b2db      	uxtb	r3, r3
10003862:	e7ec      	b.n	1000383e <_vsnprintf+0x916>
10003864:	4656      	mov	r6, sl
10003866:	465c      	mov	r4, fp
10003868:	46aa      	mov	sl, r5
1000386a:	9d12      	ldr	r5, [sp, #72]	; 0x48
1000386c:	e63f      	b.n	100034ee <_vsnprintf+0x5c6>
1000386e:	9b09      	ldr	r3, [sp, #36]	; 0x24
10003870:	001a      	movs	r2, r3
10003872:	ca08      	ldmia	r2!, {r3}
10003874:	17d9      	asrs	r1, r3, #31
10003876:	9213      	str	r2, [sp, #76]	; 0x4c
10003878:	185a      	adds	r2, r3, r1
1000387a:	404a      	eors	r2, r1
1000387c:	4692      	mov	sl, r2
1000387e:	0fda      	lsrs	r2, r3, #31
10003880:	9212      	str	r2, [sp, #72]	; 0x48
10003882:	2b00      	cmp	r3, #0
10003884:	d108      	bne.n	10003898 <_vsnprintf+0x970>
10003886:	2380      	movs	r3, #128	; 0x80
10003888:	2210      	movs	r2, #16
1000388a:	990b      	ldr	r1, [sp, #44]	; 0x2c
1000388c:	00db      	lsls	r3, r3, #3
1000388e:	400b      	ands	r3, r1
10003890:	4391      	bics	r1, r2
10003892:	910b      	str	r1, [sp, #44]	; 0x2c
10003894:	2b00      	cmp	r3, #0
10003896:	d12b      	bne.n	100038f0 <_vsnprintf+0x9c8>
10003898:	9a0b      	ldr	r2, [sp, #44]	; 0x2c
1000389a:	2361      	movs	r3, #97	; 0x61
1000389c:	0692      	lsls	r2, r2, #26
1000389e:	d500      	bpl.n	100038a2 <_vsnprintf+0x97a>
100038a0:	2341      	movs	r3, #65	; 0x41
100038a2:	aa0e      	add	r2, sp, #56	; 0x38
100038a4:	271f      	movs	r7, #31
100038a6:	4694      	mov	ip, r2
100038a8:	b2db      	uxtb	r3, r3
100038aa:	3b0a      	subs	r3, #10
100038ac:	950d      	str	r5, [sp, #52]	; 0x34
100038ae:	4467      	add	r7, ip
100038b0:	465d      	mov	r5, fp
100038b2:	9309      	str	r3, [sp, #36]	; 0x24
100038b4:	46a3      	mov	fp, r4
100038b6:	4654      	mov	r4, sl
100038b8:	46b2      	mov	sl, r6
100038ba:	9e0c      	ldr	r6, [sp, #48]	; 0x30
100038bc:	e008      	b.n	100038d0 <_vsnprintf+0x9a8>
100038be:	3330      	adds	r3, #48	; 0x30
100038c0:	b2db      	uxtb	r3, r3
100038c2:	3501      	adds	r5, #1
100038c4:	557b      	strb	r3, [r7, r5]
100038c6:	42b4      	cmp	r4, r6
100038c8:	d30e      	bcc.n	100038e8 <_vsnprintf+0x9c0>
100038ca:	2d20      	cmp	r5, #32
100038cc:	d00c      	beq.n	100038e8 <_vsnprintf+0x9c0>
100038ce:	0004      	movs	r4, r0
100038d0:	0031      	movs	r1, r6
100038d2:	0020      	movs	r0, r4
100038d4:	f7fd ff1a 	bl	1000170c <__wrap___aeabi_uidiv>
100038d8:	b2cb      	uxtb	r3, r1
100038da:	2909      	cmp	r1, #9
100038dc:	d9ef      	bls.n	100038be <_vsnprintf+0x996>
100038de:	9a09      	ldr	r2, [sp, #36]	; 0x24
100038e0:	4694      	mov	ip, r2
100038e2:	4463      	add	r3, ip
100038e4:	b2db      	uxtb	r3, r3
100038e6:	e7ec      	b.n	100038c2 <_vsnprintf+0x99a>
100038e8:	4656      	mov	r6, sl
100038ea:	465c      	mov	r4, fp
100038ec:	46ab      	mov	fp, r5
100038ee:	9d0d      	ldr	r5, [sp, #52]	; 0x34
100038f0:	9b0b      	ldr	r3, [sp, #44]	; 0x2c
100038f2:	002a      	movs	r2, r5
100038f4:	9306      	str	r3, [sp, #24]
100038f6:	9b0a      	ldr	r3, [sp, #40]	; 0x28
100038f8:	0021      	movs	r1, r4
100038fa:	9305      	str	r3, [sp, #20]
100038fc:	4643      	mov	r3, r8
100038fe:	9304      	str	r3, [sp, #16]
10003900:	9b0c      	ldr	r3, [sp, #48]	; 0x30
10003902:	9808      	ldr	r0, [sp, #32]
10003904:	9303      	str	r3, [sp, #12]
10003906:	9b12      	ldr	r3, [sp, #72]	; 0x48
10003908:	3601      	adds	r6, #1
1000390a:	9302      	str	r3, [sp, #8]
1000390c:	465b      	mov	r3, fp
1000390e:	9301      	str	r3, [sp, #4]
10003910:	ab16      	add	r3, sp, #88	; 0x58
10003912:	9300      	str	r3, [sp, #0]
10003914:	464b      	mov	r3, r9
10003916:	f7fe fe27 	bl	10002568 <_ntoa_format>
1000391a:	9b13      	ldr	r3, [sp, #76]	; 0x4c
1000391c:	0005      	movs	r5, r0
1000391e:	9309      	str	r3, [sp, #36]	; 0x24
10003920:	f7ff fb27 	bl	10002f72 <_vsnprintf+0x4a>
10003924:	2302      	movs	r3, #2
10003926:	930c      	str	r3, [sp, #48]	; 0x30
10003928:	e71a      	b.n	10003760 <_vsnprintf+0x838>
1000392a:	9b09      	ldr	r3, [sp, #36]	; 0x24
1000392c:	cb04      	ldmia	r3!, {r2}
1000392e:	4692      	mov	sl, r2
10003930:	9312      	str	r3, [sp, #72]	; 0x48
10003932:	2a00      	cmp	r2, #0
10003934:	d108      	bne.n	10003948 <_vsnprintf+0xa20>
10003936:	2380      	movs	r3, #128	; 0x80
10003938:	2210      	movs	r2, #16
1000393a:	990b      	ldr	r1, [sp, #44]	; 0x2c
1000393c:	00db      	lsls	r3, r3, #3
1000393e:	400b      	ands	r3, r1
10003940:	4391      	bics	r1, r2
10003942:	910b      	str	r1, [sp, #44]	; 0x2c
10003944:	2b00      	cmp	r3, #0
10003946:	d12b      	bne.n	100039a0 <_vsnprintf+0xa78>
10003948:	9a0b      	ldr	r2, [sp, #44]	; 0x2c
1000394a:	2361      	movs	r3, #97	; 0x61
1000394c:	0692      	lsls	r2, r2, #26
1000394e:	d500      	bpl.n	10003952 <_vsnprintf+0xa2a>
10003950:	2341      	movs	r3, #65	; 0x41
10003952:	aa0e      	add	r2, sp, #56	; 0x38
10003954:	271f      	movs	r7, #31
10003956:	4694      	mov	ip, r2
10003958:	b2db      	uxtb	r3, r3
1000395a:	3b0a      	subs	r3, #10
1000395c:	950d      	str	r5, [sp, #52]	; 0x34
1000395e:	4467      	add	r7, ip
10003960:	465d      	mov	r5, fp
10003962:	9309      	str	r3, [sp, #36]	; 0x24
10003964:	46a3      	mov	fp, r4
10003966:	4654      	mov	r4, sl
10003968:	46b2      	mov	sl, r6
1000396a:	9e0c      	ldr	r6, [sp, #48]	; 0x30
1000396c:	e008      	b.n	10003980 <_vsnprintf+0xa58>
1000396e:	3330      	adds	r3, #48	; 0x30
10003970:	b2db      	uxtb	r3, r3
10003972:	3501      	adds	r5, #1
10003974:	557b      	strb	r3, [r7, r5]
10003976:	42b4      	cmp	r4, r6
10003978:	d30e      	bcc.n	10003998 <_vsnprintf+0xa70>
1000397a:	2d20      	cmp	r5, #32
1000397c:	d00c      	beq.n	10003998 <_vsnprintf+0xa70>
1000397e:	0004      	movs	r4, r0
10003980:	0031      	movs	r1, r6
10003982:	0020      	movs	r0, r4
10003984:	f7fd fec2 	bl	1000170c <__wrap___aeabi_uidiv>
10003988:	b2cb      	uxtb	r3, r1
1000398a:	2909      	cmp	r1, #9
1000398c:	d9ef      	bls.n	1000396e <_vsnprintf+0xa46>
1000398e:	9a09      	ldr	r2, [sp, #36]	; 0x24
10003990:	4694      	mov	ip, r2
10003992:	4463      	add	r3, ip
10003994:	b2db      	uxtb	r3, r3
10003996:	e7ec      	b.n	10003972 <_vsnprintf+0xa4a>
10003998:	4656      	mov	r6, sl
1000399a:	465c      	mov	r4, fp
1000399c:	46ab      	mov	fp, r5
1000399e:	9d0d      	ldr	r5, [sp, #52]	; 0x34
100039a0:	9b0b      	ldr	r3, [sp, #44]	; 0x2c
100039a2:	002a      	movs	r2, r5
100039a4:	9306      	str	r3, [sp, #24]
100039a6:	9b0a      	ldr	r3, [sp, #40]	; 0x28
100039a8:	0021      	movs	r1, r4
100039aa:	9305      	str	r3, [sp, #20]
100039ac:	4643      	mov	r3, r8
100039ae:	9304      	str	r3, [sp, #16]
100039b0:	9b0c      	ldr	r3, [sp, #48]	; 0x30
100039b2:	9808      	ldr	r0, [sp, #32]
100039b4:	9303      	str	r3, [sp, #12]
100039b6:	2300      	movs	r3, #0
100039b8:	9302      	str	r3, [sp, #8]
100039ba:	465b      	mov	r3, fp
100039bc:	9301      	str	r3, [sp, #4]
100039be:	ab16      	add	r3, sp, #88	; 0x58
100039c0:	9300      	str	r3, [sp, #0]
100039c2:	464b      	mov	r3, r9
100039c4:	f7fe fdd0 	bl	10002568 <_ntoa_format>
100039c8:	9b12      	ldr	r3, [sp, #72]	; 0x48
100039ca:	0005      	movs	r5, r0
100039cc:	9309      	str	r3, [sp, #36]	; 0x24
100039ce:	3601      	adds	r6, #1
100039d0:	f7ff facf 	bl	10002f72 <_vsnprintf+0x4a>
100039d4:	42b4      	cmp	r4, r6
100039d6:	d800      	bhi.n	100039da <_vsnprintf+0xab2>
100039d8:	e671      	b.n	100036be <_vsnprintf+0x796>
100039da:	9b14      	ldr	r3, [sp, #80]	; 0x50
100039dc:	4654      	mov	r4, sl
100039de:	960e      	str	r6, [sp, #56]	; 0x38
100039e0:	970f      	str	r7, [sp, #60]	; 0x3c
100039e2:	46aa      	mov	sl, r5
100039e4:	4698      	mov	r8, r3
100039e6:	9e15      	ldr	r6, [sp, #84]	; 0x54
100039e8:	9d13      	ldr	r5, [sp, #76]	; 0x4c
100039ea:	e68e      	b.n	1000370a <_vsnprintf+0x7e2>
100039ec:	42a6      	cmp	r6, r4
100039ee:	d800      	bhi.n	100039f2 <_vsnprintf+0xaca>
100039f0:	e6fb      	b.n	100037ea <_vsnprintf+0x8c2>
100039f2:	9b13      	ldr	r3, [sp, #76]	; 0x4c
100039f4:	4656      	mov	r6, sl
100039f6:	4698      	mov	r8, r3
100039f8:	46aa      	mov	sl, r5
100039fa:	465c      	mov	r4, fp
100039fc:	9d12      	ldr	r5, [sp, #72]	; 0x48
100039fe:	e576      	b.n	100034ee <_vsnprintf+0x5c6>
10003a00:	c908      	ldmia	r1!, {r3}
10003a02:	17d8      	asrs	r0, r3, #31
10003a04:	181a      	adds	r2, r3, r0
10003a06:	4042      	eors	r2, r0
10003a08:	9109      	str	r1, [sp, #36]	; 0x24
10003a0a:	f7ff fb8a 	bl	10003122 <_vsnprintf+0x1fa>
10003a0e:	2300      	movs	r3, #0
10003a10:	930b      	str	r3, [sp, #44]	; 0x2c
10003a12:	e450      	b.n	100032b6 <_vsnprintf+0x38e>
10003a14:	9b09      	ldr	r3, [sp, #36]	; 0x24
10003a16:	cb04      	ldmia	r3!, {r2}
10003a18:	4693      	mov	fp, r2
10003a1a:	9309      	str	r3, [sp, #36]	; 0x24
10003a1c:	e559      	b.n	100034d2 <_vsnprintf+0x5aa>
10003a1e:	002f      	movs	r7, r5
10003a20:	e5bb      	b.n	1000359a <_vsnprintf+0x672>
10003a22:	930b      	str	r3, [sp, #44]	; 0x2c
10003a24:	e601      	b.n	1000362a <_vsnprintf+0x702>
10003a26:	3b06      	subs	r3, #6
10003a28:	930c      	str	r3, [sp, #48]	; 0x30
10003a2a:	e69a      	b.n	10003762 <_vsnprintf+0x83a>

10003a2c <__wrap_snprintf>:
10003a2c:	b40c      	push	{r2, r3}
10003a2e:	b510      	push	{r4, lr}
10003a30:	b084      	sub	sp, #16
10003a32:	ac06      	add	r4, sp, #24
10003a34:	cc08      	ldmia	r4!, {r3}
10003a36:	000a      	movs	r2, r1
10003a38:	9400      	str	r4, [sp, #0]
10003a3a:	0001      	movs	r1, r0
10003a3c:	4804      	ldr	r0, [pc, #16]	; (10003a50 <__wrap_snprintf+0x24>)
10003a3e:	9403      	str	r4, [sp, #12]
10003a40:	f7ff fa72 	bl	10002f28 <_vsnprintf>
10003a44:	b004      	add	sp, #16
10003a46:	bc10      	pop	{r4}
10003a48:	bc08      	pop	{r3}
10003a4a:	b002      	add	sp, #8
10003a4c:	4718      	bx	r3
10003a4e:	46c0      	nop			; (mov r8, r8)
10003a50:	100024c1 	.word	0x100024c1

10003a54 <weak_raw_vprintf>:
10003a54:	b510      	push	{r4, lr}
10003a56:	4a09      	ldr	r2, [pc, #36]	; (10003a7c <weak_raw_vprintf+0x28>)
10003a58:	0003      	movs	r3, r0
10003a5a:	6814      	ldr	r4, [r2, #0]
10003a5c:	b084      	sub	sp, #16
10003a5e:	2c00      	cmp	r4, #0
10003a60:	d008      	beq.n	10003a74 <weak_raw_vprintf+0x20>
10003a62:	2201      	movs	r2, #1
10003a64:	9100      	str	r1, [sp, #0]
10003a66:	4806      	ldr	r0, [pc, #24]	; (10003a80 <weak_raw_vprintf+0x2c>)
10003a68:	4252      	negs	r2, r2
10003a6a:	a903      	add	r1, sp, #12
10003a6c:	47a0      	blx	r4
10003a6e:	2001      	movs	r0, #1
10003a70:	b004      	add	sp, #16
10003a72:	bd10      	pop	{r4, pc}
10003a74:	f000 f96e 	bl	10003d54 <__wrap_puts>
10003a78:	2000      	movs	r0, #0
10003a7a:	e7f9      	b.n	10003a70 <weak_raw_vprintf+0x1c>
10003a7c:	20000618 	.word	0x20000618
10003a80:	10002735 	.word	0x10002735

10003a84 <_exit>:
10003a84:	be00      	bkpt	0x0000
10003a86:	e7fd      	b.n	10003a84 <_exit>

10003a88 <exit>:
10003a88:	b510      	push	{r4, lr}
10003a8a:	f7ff fffb 	bl	10003a84 <_exit>
10003a8e:	46c0      	nop			; (mov r8, r8)

10003a90 <runtime_init>:
10003a90:	b570      	push	{r4, r5, r6, lr}
10003a92:	f7fd fd09 	bl	100014a8 <runtime_run_initializers>
10003a96:	4d07      	ldr	r5, [pc, #28]	; (10003ab4 <runtime_init+0x24>)
10003a98:	4e07      	ldr	r6, [pc, #28]	; (10003ab8 <runtime_init+0x28>)
10003a9a:	42b5      	cmp	r5, r6
10003a9c:	d209      	bcs.n	10003ab2 <runtime_init+0x22>
10003a9e:	2400      	movs	r4, #0
10003aa0:	3e01      	subs	r6, #1
10003aa2:	1b76      	subs	r6, r6, r5
10003aa4:	08b6      	lsrs	r6, r6, #2
10003aa6:	cd08      	ldmia	r5!, {r3}
10003aa8:	4798      	blx	r3
10003aaa:	0023      	movs	r3, r4
10003aac:	3401      	adds	r4, #1
10003aae:	42b3      	cmp	r3, r6
10003ab0:	d1f9      	bne.n	10003aa6 <runtime_init+0x16>
10003ab2:	bd70      	pop	{r4, r5, r6, pc}
10003ab4:	1000408c 	.word	0x1000408c
10003ab8:	10004090 	.word	0x10004090

10003abc <stdio_out_chars_no_crlf>:
10003abc:	0003      	movs	r3, r0
10003abe:	b510      	push	{r4, lr}
10003ac0:	0008      	movs	r0, r1
10003ac2:	0011      	movs	r1, r2
10003ac4:	681b      	ldr	r3, [r3, #0]
10003ac6:	4798      	blx	r3
10003ac8:	bd10      	pop	{r4, pc}
10003aca:	46c0      	nop			; (mov r8, r8)

10003acc <stdio_out_chars_crlf>:
10003acc:	b5f0      	push	{r4, r5, r6, r7, lr}
10003ace:	4646      	mov	r6, r8
10003ad0:	464f      	mov	r7, r9
10003ad2:	46d6      	mov	lr, sl
10003ad4:	b5c0      	push	{r6, r7, lr}
10003ad6:	7d43      	ldrb	r3, [r0, #21]
10003ad8:	4680      	mov	r8, r0
10003ada:	000e      	movs	r6, r1
10003adc:	0017      	movs	r7, r2
10003ade:	2b00      	cmp	r3, #0
10003ae0:	d046      	beq.n	10003b70 <stdio_out_chars_crlf+0xa4>
10003ae2:	2a00      	cmp	r2, #0
10003ae4:	dd3f      	ble.n	10003b66 <stdio_out_chars_crlf+0x9a>
10003ae6:	1e4b      	subs	r3, r1, #1
10003ae8:	4699      	mov	r9, r3
10003aea:	4b24      	ldr	r3, [pc, #144]	; (10003b7c <stdio_out_chars_crlf+0xb0>)
10003aec:	2501      	movs	r5, #1
10003aee:	2400      	movs	r4, #0
10003af0:	2000      	movs	r0, #0
10003af2:	469a      	mov	sl, r3
10003af4:	e00d      	b.n	10003b12 <stdio_out_chars_crlf+0x46>
10003af6:	464b      	mov	r3, r9
10003af8:	5d1b      	ldrb	r3, [r3, r4]
10003afa:	3b0d      	subs	r3, #13
10003afc:	425a      	negs	r2, r3
10003afe:	4153      	adcs	r3, r2
10003b00:	5d32      	ldrb	r2, [r6, r4]
10003b02:	b2db      	uxtb	r3, r3
10003b04:	2a0a      	cmp	r2, #10
10003b06:	d00b      	beq.n	10003b20 <stdio_out_chars_crlf+0x54>
10003b08:	002b      	movs	r3, r5
10003b0a:	3401      	adds	r4, #1
10003b0c:	3501      	adds	r5, #1
10003b0e:	429f      	cmp	r7, r3
10003b10:	dd1a      	ble.n	10003b48 <stdio_out_chars_crlf+0x7c>
10003b12:	2c00      	cmp	r4, #0
10003b14:	d1ef      	bne.n	10003af6 <stdio_out_chars_crlf+0x2a>
10003b16:	4643      	mov	r3, r8
10003b18:	5d32      	ldrb	r2, [r6, r4]
10003b1a:	7d1b      	ldrb	r3, [r3, #20]
10003b1c:	2a0a      	cmp	r2, #10
10003b1e:	d1f3      	bne.n	10003b08 <stdio_out_chars_crlf+0x3c>
10003b20:	2b00      	cmp	r3, #0
10003b22:	d1f1      	bne.n	10003b08 <stdio_out_chars_crlf+0x3c>
10003b24:	42a0      	cmp	r0, r4
10003b26:	da04      	bge.n	10003b32 <stdio_out_chars_crlf+0x66>
10003b28:	4643      	mov	r3, r8
10003b2a:	1a21      	subs	r1, r4, r0
10003b2c:	681b      	ldr	r3, [r3, #0]
10003b2e:	1830      	adds	r0, r6, r0
10003b30:	4798      	blx	r3
10003b32:	4643      	mov	r3, r8
10003b34:	4650      	mov	r0, sl
10003b36:	681b      	ldr	r3, [r3, #0]
10003b38:	2102      	movs	r1, #2
10003b3a:	4798      	blx	r3
10003b3c:	3401      	adds	r4, #1
10003b3e:	0028      	movs	r0, r5
10003b40:	002b      	movs	r3, r5
10003b42:	3501      	adds	r5, #1
10003b44:	429f      	cmp	r7, r3
10003b46:	dce4      	bgt.n	10003b12 <stdio_out_chars_crlf+0x46>
10003b48:	4287      	cmp	r7, r0
10003b4a:	dd04      	ble.n	10003b56 <stdio_out_chars_crlf+0x8a>
10003b4c:	4643      	mov	r3, r8
10003b4e:	1a39      	subs	r1, r7, r0
10003b50:	681b      	ldr	r3, [r3, #0]
10003b52:	1830      	adds	r0, r6, r0
10003b54:	4798      	blx	r3
10003b56:	19f6      	adds	r6, r6, r7
10003b58:	3e01      	subs	r6, #1
10003b5a:	7833      	ldrb	r3, [r6, #0]
10003b5c:	3b0d      	subs	r3, #13
10003b5e:	425a      	negs	r2, r3
10003b60:	4153      	adcs	r3, r2
10003b62:	4642      	mov	r2, r8
10003b64:	7513      	strb	r3, [r2, #20]
10003b66:	bce0      	pop	{r5, r6, r7}
10003b68:	46ba      	mov	sl, r7
10003b6a:	46b1      	mov	r9, r6
10003b6c:	46a8      	mov	r8, r5
10003b6e:	bdf0      	pop	{r4, r5, r6, r7, pc}
10003b70:	6803      	ldr	r3, [r0, #0]
10003b72:	0011      	movs	r1, r2
10003b74:	0030      	movs	r0, r6
10003b76:	4798      	blx	r3
10003b78:	e7f5      	b.n	10003b66 <stdio_out_chars_crlf+0x9a>
10003b7a:	46c0      	nop			; (mov r8, r8)
10003b7c:	10004398 	.word	0x10004398

10003b80 <stdio_put_string>:
10003b80:	b5f0      	push	{r4, r5, r6, r7, lr}
10003b82:	46de      	mov	lr, fp
10003b84:	4657      	mov	r7, sl
10003b86:	464e      	mov	r6, r9
10003b88:	4645      	mov	r5, r8
10003b8a:	b5e0      	push	{r5, r6, r7, lr}
10003b8c:	b085      	sub	sp, #20
10003b8e:	0017      	movs	r7, r2
10003b90:	001c      	movs	r4, r3
10003b92:	0006      	movs	r6, r0
10003b94:	000d      	movs	r5, r1
10003b96:	f7fd fa4d 	bl	10001034 <time_us_64>
10003b9a:	2300      	movs	r3, #0
10003b9c:	4a31      	ldr	r2, [pc, #196]	; (10003c64 <stdio_put_string+0xe4>)
10003b9e:	1812      	adds	r2, r2, r0
10003ba0:	414b      	adcs	r3, r1
10003ba2:	2b00      	cmp	r3, #0
10003ba4:	db59      	blt.n	10003c5a <stdio_put_string+0xda>
10003ba6:	4930      	ldr	r1, [pc, #192]	; (10003c68 <stdio_put_string+0xe8>)
10003ba8:	0008      	movs	r0, r1
10003baa:	468a      	mov	sl, r1
10003bac:	f000 fa48 	bl	10004040 <__mutex_try_enter_block_until_veneer>
10003bb0:	9001      	str	r0, [sp, #4]
10003bb2:	1c6b      	adds	r3, r5, #1
10003bb4:	d103      	bne.n	10003bbe <stdio_put_string+0x3e>
10003bb6:	0030      	movs	r0, r6
10003bb8:	f000 f9f8 	bl	10003fac <strlen>
10003bbc:	0005      	movs	r5, r0
10003bbe:	2c00      	cmp	r4, #0
10003bc0:	d126      	bne.n	10003c10 <stdio_put_string+0x90>
10003bc2:	4b2a      	ldr	r3, [pc, #168]	; (10003c6c <stdio_put_string+0xec>)
10003bc4:	4698      	mov	r8, r3
10003bc6:	4b2a      	ldr	r3, [pc, #168]	; (10003c70 <stdio_put_string+0xf0>)
10003bc8:	681c      	ldr	r4, [r3, #0]
10003bca:	2c00      	cmp	r4, #0
10003bcc:	d015      	beq.n	10003bfa <stdio_put_string+0x7a>
10003bce:	2f00      	cmp	r7, #0
10003bd0:	d121      	bne.n	10003c16 <stdio_put_string+0x96>
10003bd2:	4f28      	ldr	r7, [pc, #160]	; (10003c74 <stdio_put_string+0xf4>)
10003bd4:	e002      	b.n	10003bdc <stdio_put_string+0x5c>
10003bd6:	6924      	ldr	r4, [r4, #16]
10003bd8:	2c00      	cmp	r4, #0
10003bda:	d00e      	beq.n	10003bfa <stdio_put_string+0x7a>
10003bdc:	6823      	ldr	r3, [r4, #0]
10003bde:	2b00      	cmp	r3, #0
10003be0:	d0f9      	beq.n	10003bd6 <stdio_put_string+0x56>
10003be2:	683b      	ldr	r3, [r7, #0]
10003be4:	2b00      	cmp	r3, #0
10003be6:	d001      	beq.n	10003bec <stdio_put_string+0x6c>
10003be8:	42a3      	cmp	r3, r4
10003bea:	d1f4      	bne.n	10003bd6 <stdio_put_string+0x56>
10003bec:	0020      	movs	r0, r4
10003bee:	002a      	movs	r2, r5
10003bf0:	0031      	movs	r1, r6
10003bf2:	47c0      	blx	r8
10003bf4:	6924      	ldr	r4, [r4, #16]
10003bf6:	2c00      	cmp	r4, #0
10003bf8:	d1f0      	bne.n	10003bdc <stdio_put_string+0x5c>
10003bfa:	9b01      	ldr	r3, [sp, #4]
10003bfc:	2b00      	cmp	r3, #0
10003bfe:	d128      	bne.n	10003c52 <stdio_put_string+0xd2>
10003c00:	0028      	movs	r0, r5
10003c02:	b005      	add	sp, #20
10003c04:	bcf0      	pop	{r4, r5, r6, r7}
10003c06:	46bb      	mov	fp, r7
10003c08:	46b2      	mov	sl, r6
10003c0a:	46a9      	mov	r9, r5
10003c0c:	46a0      	mov	r8, r4
10003c0e:	bdf0      	pop	{r4, r5, r6, r7, pc}
10003c10:	4b19      	ldr	r3, [pc, #100]	; (10003c78 <stdio_put_string+0xf8>)
10003c12:	4698      	mov	r8, r3
10003c14:	e7d7      	b.n	10003bc6 <stdio_put_string+0x46>
10003c16:	4b17      	ldr	r3, [pc, #92]	; (10003c74 <stdio_put_string+0xf4>)
10003c18:	4699      	mov	r9, r3
10003c1a:	ab02      	add	r3, sp, #8
10003c1c:	1ddf      	adds	r7, r3, #7
10003c1e:	230a      	movs	r3, #10
10003c20:	469b      	mov	fp, r3
10003c22:	e002      	b.n	10003c2a <stdio_put_string+0xaa>
10003c24:	6924      	ldr	r4, [r4, #16]
10003c26:	2c00      	cmp	r4, #0
10003c28:	d0e7      	beq.n	10003bfa <stdio_put_string+0x7a>
10003c2a:	6823      	ldr	r3, [r4, #0]
10003c2c:	2b00      	cmp	r3, #0
10003c2e:	d0f9      	beq.n	10003c24 <stdio_put_string+0xa4>
10003c30:	464b      	mov	r3, r9
10003c32:	681b      	ldr	r3, [r3, #0]
10003c34:	2b00      	cmp	r3, #0
10003c36:	d001      	beq.n	10003c3c <stdio_put_string+0xbc>
10003c38:	42a3      	cmp	r3, r4
10003c3a:	d1f3      	bne.n	10003c24 <stdio_put_string+0xa4>
10003c3c:	002a      	movs	r2, r5
10003c3e:	0031      	movs	r1, r6
10003c40:	0020      	movs	r0, r4
10003c42:	47c0      	blx	r8
10003c44:	465b      	mov	r3, fp
10003c46:	2201      	movs	r2, #1
10003c48:	0039      	movs	r1, r7
10003c4a:	0020      	movs	r0, r4
10003c4c:	703b      	strb	r3, [r7, #0]
10003c4e:	47c0      	blx	r8
10003c50:	e7e8      	b.n	10003c24 <stdio_put_string+0xa4>
10003c52:	4650      	mov	r0, sl
10003c54:	f000 f9dc 	bl	10004010 <__mutex_exit_veneer>
10003c58:	e7d2      	b.n	10003c00 <stdio_put_string+0x80>
10003c5a:	2201      	movs	r2, #1
10003c5c:	4b07      	ldr	r3, [pc, #28]	; (10003c7c <stdio_put_string+0xfc>)
10003c5e:	4252      	negs	r2, r2
10003c60:	e7a1      	b.n	10003ba6 <stdio_put_string+0x26>
10003c62:	46c0      	nop			; (mov r8, r8)
10003c64:	000f4240 	.word	0x000f4240
10003c68:	20000238 	.word	0x20000238
10003c6c:	10003abd 	.word	0x10003abd
10003c70:	20000610 	.word	0x20000610
10003c74:	20000614 	.word	0x20000614
10003c78:	10003acd 	.word	0x10003acd
10003c7c:	7fffffff 	.word	0x7fffffff

10003c80 <stdio_set_driver_enabled>:
10003c80:	4a0a      	ldr	r2, [pc, #40]	; (10003cac <stdio_set_driver_enabled+0x2c>)
10003c82:	6813      	ldr	r3, [r2, #0]
10003c84:	2b00      	cmp	r3, #0
10003c86:	d105      	bne.n	10003c94 <stdio_set_driver_enabled+0x14>
10003c88:	e00c      	b.n	10003ca4 <stdio_set_driver_enabled+0x24>
10003c8a:	001a      	movs	r2, r3
10003c8c:	691b      	ldr	r3, [r3, #16]
10003c8e:	3210      	adds	r2, #16
10003c90:	2b00      	cmp	r3, #0
10003c92:	d007      	beq.n	10003ca4 <stdio_set_driver_enabled+0x24>
10003c94:	4298      	cmp	r0, r3
10003c96:	d1f8      	bne.n	10003c8a <stdio_set_driver_enabled+0xa>
10003c98:	2900      	cmp	r1, #0
10003c9a:	d102      	bne.n	10003ca2 <stdio_set_driver_enabled+0x22>
10003c9c:	6903      	ldr	r3, [r0, #16]
10003c9e:	6013      	str	r3, [r2, #0]
10003ca0:	6101      	str	r1, [r0, #16]
10003ca2:	4770      	bx	lr
10003ca4:	2900      	cmp	r1, #0
10003ca6:	d0fc      	beq.n	10003ca2 <stdio_set_driver_enabled+0x22>
10003ca8:	6010      	str	r0, [r2, #0]
10003caa:	e7fa      	b.n	10003ca2 <stdio_set_driver_enabled+0x22>
10003cac:	20000610 	.word	0x20000610

10003cb0 <stdio_init_all>:
10003cb0:	b510      	push	{r4, lr}
10003cb2:	f000 f937 	bl	10003f24 <stdio_uart_init>
10003cb6:	2001      	movs	r0, #1
10003cb8:	bd10      	pop	{r4, pc}
10003cba:	46c0      	nop			; (mov r8, r8)

10003cbc <__wrap_putchar>:
10003cbc:	b5f0      	push	{r4, r5, r6, r7, lr}
10003cbe:	46ce      	mov	lr, r9
10003cc0:	4647      	mov	r7, r8
10003cc2:	b580      	push	{r7, lr}
10003cc4:	b083      	sub	sp, #12
10003cc6:	466b      	mov	r3, sp
10003cc8:	0006      	movs	r6, r0
10003cca:	1ddd      	adds	r5, r3, #7
10003ccc:	7028      	strb	r0, [r5, #0]
10003cce:	f7fd f9b1 	bl	10001034 <time_us_64>
10003cd2:	2300      	movs	r3, #0
10003cd4:	4a1a      	ldr	r2, [pc, #104]	; (10003d40 <__wrap_putchar+0x84>)
10003cd6:	1812      	adds	r2, r2, r0
10003cd8:	414b      	adcs	r3, r1
10003cda:	2b00      	cmp	r3, #0
10003cdc:	db2b      	blt.n	10003d36 <__wrap_putchar+0x7a>
10003cde:	4919      	ldr	r1, [pc, #100]	; (10003d44 <__wrap_putchar+0x88>)
10003ce0:	0008      	movs	r0, r1
10003ce2:	4688      	mov	r8, r1
10003ce4:	f000 f9ac 	bl	10004040 <__mutex_try_enter_block_until_veneer>
10003ce8:	4b17      	ldr	r3, [pc, #92]	; (10003d48 <__wrap_putchar+0x8c>)
10003cea:	4681      	mov	r9, r0
10003cec:	681c      	ldr	r4, [r3, #0]
10003cee:	2c00      	cmp	r4, #0
10003cf0:	d014      	beq.n	10003d1c <__wrap_putchar+0x60>
10003cf2:	4f16      	ldr	r7, [pc, #88]	; (10003d4c <__wrap_putchar+0x90>)
10003cf4:	e002      	b.n	10003cfc <__wrap_putchar+0x40>
10003cf6:	6924      	ldr	r4, [r4, #16]
10003cf8:	2c00      	cmp	r4, #0
10003cfa:	d00f      	beq.n	10003d1c <__wrap_putchar+0x60>
10003cfc:	6823      	ldr	r3, [r4, #0]
10003cfe:	2b00      	cmp	r3, #0
10003d00:	d0f9      	beq.n	10003cf6 <__wrap_putchar+0x3a>
10003d02:	683b      	ldr	r3, [r7, #0]
10003d04:	2b00      	cmp	r3, #0
10003d06:	d001      	beq.n	10003d0c <__wrap_putchar+0x50>
10003d08:	42a3      	cmp	r3, r4
10003d0a:	d1f4      	bne.n	10003cf6 <__wrap_putchar+0x3a>
10003d0c:	0020      	movs	r0, r4
10003d0e:	2201      	movs	r2, #1
10003d10:	0029      	movs	r1, r5
10003d12:	f7ff fedb 	bl	10003acc <stdio_out_chars_crlf>
10003d16:	6924      	ldr	r4, [r4, #16]
10003d18:	2c00      	cmp	r4, #0
10003d1a:	d1ef      	bne.n	10003cfc <__wrap_putchar+0x40>
10003d1c:	464b      	mov	r3, r9
10003d1e:	2b00      	cmp	r3, #0
10003d20:	d105      	bne.n	10003d2e <__wrap_putchar+0x72>
10003d22:	0030      	movs	r0, r6
10003d24:	b003      	add	sp, #12
10003d26:	bcc0      	pop	{r6, r7}
10003d28:	46b9      	mov	r9, r7
10003d2a:	46b0      	mov	r8, r6
10003d2c:	bdf0      	pop	{r4, r5, r6, r7, pc}
10003d2e:	4640      	mov	r0, r8
10003d30:	f000 f96e 	bl	10004010 <__mutex_exit_veneer>
10003d34:	e7f5      	b.n	10003d22 <__wrap_putchar+0x66>
10003d36:	2201      	movs	r2, #1
10003d38:	4b05      	ldr	r3, [pc, #20]	; (10003d50 <__wrap_putchar+0x94>)
10003d3a:	4252      	negs	r2, r2
10003d3c:	e7cf      	b.n	10003cde <__wrap_putchar+0x22>
10003d3e:	46c0      	nop			; (mov r8, r8)
10003d40:	000f4240 	.word	0x000f4240
10003d44:	20000238 	.word	0x20000238
10003d48:	20000610 	.word	0x20000610
10003d4c:	20000614 	.word	0x20000614
10003d50:	7fffffff 	.word	0x7fffffff

10003d54 <__wrap_puts>:
10003d54:	b570      	push	{r4, r5, r6, lr}
10003d56:	0004      	movs	r4, r0
10003d58:	f000 f928 	bl	10003fac <strlen>
10003d5c:	2301      	movs	r3, #1
10003d5e:	0001      	movs	r1, r0
10003d60:	0005      	movs	r5, r0
10003d62:	2201      	movs	r2, #1
10003d64:	0020      	movs	r0, r4
10003d66:	f7ff ff0b 	bl	10003b80 <stdio_put_string>
10003d6a:	4b08      	ldr	r3, [pc, #32]	; (10003d8c <__wrap_puts+0x38>)
10003d6c:	681c      	ldr	r4, [r3, #0]
10003d6e:	2c00      	cmp	r4, #0
10003d70:	d006      	beq.n	10003d80 <__wrap_puts+0x2c>
10003d72:	6863      	ldr	r3, [r4, #4]
10003d74:	2b00      	cmp	r3, #0
10003d76:	d005      	beq.n	10003d84 <__wrap_puts+0x30>
10003d78:	4798      	blx	r3
10003d7a:	6924      	ldr	r4, [r4, #16]
10003d7c:	2c00      	cmp	r4, #0
10003d7e:	d1f8      	bne.n	10003d72 <__wrap_puts+0x1e>
10003d80:	0028      	movs	r0, r5
10003d82:	bd70      	pop	{r4, r5, r6, pc}
10003d84:	6924      	ldr	r4, [r4, #16]
10003d86:	2c00      	cmp	r4, #0
10003d88:	d1f3      	bne.n	10003d72 <__wrap_puts+0x1e>
10003d8a:	e7f9      	b.n	10003d80 <__wrap_puts+0x2c>
10003d8c:	20000610 	.word	0x20000610

10003d90 <stdio_uart_out_chars>:
10003d90:	b5f0      	push	{r4, r5, r6, r7, lr}
10003d92:	1e0d      	subs	r5, r1, #0
10003d94:	dd15      	ble.n	10003dc2 <stdio_uart_out_chars+0x32>
10003d96:	4b0e      	ldr	r3, [pc, #56]	; (10003dd0 <stdio_uart_out_chars+0x40>)
10003d98:	270d      	movs	r7, #13
10003d9a:	681a      	ldr	r2, [r3, #0]
10003d9c:	4b0d      	ldr	r3, [pc, #52]	; (10003dd4 <stdio_uart_out_chars+0x44>)
10003d9e:	1945      	adds	r5, r0, r5
10003da0:	18d3      	adds	r3, r2, r3
10003da2:	4259      	negs	r1, r3
10003da4:	414b      	adcs	r3, r1
10003da6:	490c      	ldr	r1, [pc, #48]	; (10003dd8 <stdio_uart_out_chars+0x48>)
10003da8:	005b      	lsls	r3, r3, #1
10003daa:	5e5e      	ldrsh	r6, [r3, r1]
10003dac:	2120      	movs	r1, #32
10003dae:	7804      	ldrb	r4, [r0, #0]
10003db0:	42a6      	cmp	r6, r4
10003db2:	d007      	beq.n	10003dc4 <stdio_uart_out_chars+0x34>
10003db4:	6993      	ldr	r3, [r2, #24]
10003db6:	4219      	tst	r1, r3
10003db8:	d1fc      	bne.n	10003db4 <stdio_uart_out_chars+0x24>
10003dba:	3001      	adds	r0, #1
10003dbc:	6014      	str	r4, [r2, #0]
10003dbe:	42a8      	cmp	r0, r5
10003dc0:	d1f5      	bne.n	10003dae <stdio_uart_out_chars+0x1e>
10003dc2:	bdf0      	pop	{r4, r5, r6, r7, pc}
10003dc4:	6993      	ldr	r3, [r2, #24]
10003dc6:	4219      	tst	r1, r3
10003dc8:	d1fc      	bne.n	10003dc4 <stdio_uart_out_chars+0x34>
10003dca:	6017      	str	r7, [r2, #0]
10003dcc:	e7f2      	b.n	10003db4 <stdio_uart_out_chars+0x24>
10003dce:	46c0      	nop			; (mov r8, r8)
10003dd0:	20000638 	.word	0x20000638
10003dd4:	bffc8000 	.word	0xbffc8000
10003dd8:	20000634 	.word	0x20000634

10003ddc <stdio_uart_in_chars>:
10003ddc:	b530      	push	{r4, r5, lr}
10003dde:	0004      	movs	r4, r0
10003de0:	1e0d      	subs	r5, r1, #0
10003de2:	dd24      	ble.n	10003e2e <stdio_uart_in_chars+0x52>
10003de4:	2000      	movs	r0, #0
10003de6:	2110      	movs	r1, #16
10003de8:	4b1a      	ldr	r3, [pc, #104]	; (10003e54 <stdio_uart_in_chars+0x78>)
10003dea:	3c01      	subs	r4, #1
10003dec:	681a      	ldr	r2, [r3, #0]
10003dee:	6993      	ldr	r3, [r2, #24]
10003df0:	4219      	tst	r1, r3
10003df2:	d117      	bne.n	10003e24 <stdio_uart_in_chars+0x48>
10003df4:	3001      	adds	r0, #1
10003df6:	6993      	ldr	r3, [r2, #24]
10003df8:	4219      	tst	r1, r3
10003dfa:	d1fc      	bne.n	10003df6 <stdio_uart_in_chars+0x1a>
10003dfc:	6813      	ldr	r3, [r2, #0]
10003dfe:	5423      	strb	r3, [r4, r0]
10003e00:	4285      	cmp	r5, r0
10003e02:	d1f4      	bne.n	10003dee <stdio_uart_in_chars+0x12>
10003e04:	4b14      	ldr	r3, [pc, #80]	; (10003e58 <stdio_uart_in_chars+0x7c>)
10003e06:	681b      	ldr	r3, [r3, #0]
10003e08:	2b00      	cmp	r3, #0
10003e0a:	d00a      	beq.n	10003e22 <stdio_uart_in_chars+0x46>
10003e0c:	2350      	movs	r3, #80	; 0x50
10003e0e:	6393      	str	r3, [r2, #56]	; 0x38
10003e10:	6b51      	ldr	r1, [r2, #52]	; 0x34
10003e12:	3b18      	subs	r3, #24
10003e14:	400b      	ands	r3, r1
10003e16:	4911      	ldr	r1, [pc, #68]	; (10003e5c <stdio_uart_in_chars+0x80>)
10003e18:	468c      	mov	ip, r1
10003e1a:	4462      	add	r2, ip
10003e1c:	6013      	str	r3, [r2, #0]
10003e1e:	2800      	cmp	r0, #0
10003e20:	d014      	beq.n	10003e4c <stdio_uart_in_chars+0x70>
10003e22:	bd30      	pop	{r4, r5, pc}
10003e24:	4b0c      	ldr	r3, [pc, #48]	; (10003e58 <stdio_uart_in_chars+0x7c>)
10003e26:	681b      	ldr	r3, [r3, #0]
10003e28:	2b00      	cmp	r3, #0
10003e2a:	d1ef      	bne.n	10003e0c <stdio_uart_in_chars+0x30>
10003e2c:	e7f7      	b.n	10003e1e <stdio_uart_in_chars+0x42>
10003e2e:	4b0a      	ldr	r3, [pc, #40]	; (10003e58 <stdio_uart_in_chars+0x7c>)
10003e30:	681b      	ldr	r3, [r3, #0]
10003e32:	2b00      	cmp	r3, #0
10003e34:	d00a      	beq.n	10003e4c <stdio_uart_in_chars+0x70>
10003e36:	2250      	movs	r2, #80	; 0x50
10003e38:	4b06      	ldr	r3, [pc, #24]	; (10003e54 <stdio_uart_in_chars+0x78>)
10003e3a:	681b      	ldr	r3, [r3, #0]
10003e3c:	639a      	str	r2, [r3, #56]	; 0x38
10003e3e:	6b59      	ldr	r1, [r3, #52]	; 0x34
10003e40:	3a18      	subs	r2, #24
10003e42:	400a      	ands	r2, r1
10003e44:	4905      	ldr	r1, [pc, #20]	; (10003e5c <stdio_uart_in_chars+0x80>)
10003e46:	468c      	mov	ip, r1
10003e48:	4463      	add	r3, ip
10003e4a:	601a      	str	r2, [r3, #0]
10003e4c:	2003      	movs	r0, #3
10003e4e:	4240      	negs	r0, r0
10003e50:	e7e7      	b.n	10003e22 <stdio_uart_in_chars+0x46>
10003e52:	46c0      	nop			; (mov r8, r8)
10003e54:	20000638 	.word	0x20000638
10003e58:	200005dc 	.word	0x200005dc
10003e5c:	00001034 	.word	0x00001034

10003e60 <on_uart_rx>:
10003e60:	4b06      	ldr	r3, [pc, #24]	; (10003e7c <on_uart_rx+0x1c>)
10003e62:	b510      	push	{r4, lr}
10003e64:	681b      	ldr	r3, [r3, #0]
10003e66:	2b00      	cmp	r3, #0
10003e68:	d006      	beq.n	10003e78 <on_uart_rx+0x18>
10003e6a:	2100      	movs	r1, #0
10003e6c:	4a04      	ldr	r2, [pc, #16]	; (10003e80 <on_uart_rx+0x20>)
10003e6e:	6812      	ldr	r2, [r2, #0]
10003e70:	6391      	str	r1, [r2, #56]	; 0x38
10003e72:	4a04      	ldr	r2, [pc, #16]	; (10003e84 <on_uart_rx+0x24>)
10003e74:	6810      	ldr	r0, [r2, #0]
10003e76:	4798      	blx	r3
10003e78:	bd10      	pop	{r4, pc}
10003e7a:	46c0      	nop			; (mov r8, r8)
10003e7c:	200005dc 	.word	0x200005dc
10003e80:	20000638 	.word	0x20000638
10003e84:	200005e0 	.word	0x200005e0

10003e88 <stdio_uart_out_flush>:
10003e88:	2208      	movs	r2, #8
10003e8a:	4902      	ldr	r1, [pc, #8]	; (10003e94 <stdio_uart_out_flush+0xc>)
10003e8c:	698b      	ldr	r3, [r1, #24]
10003e8e:	421a      	tst	r2, r3
10003e90:	d1fc      	bne.n	10003e8c <stdio_uart_out_flush+0x4>
10003e92:	4770      	bx	lr
10003e94:	40034000 	.word	0x40034000

10003e98 <stdio_uart_set_chars_available_callback>:
10003e98:	4b1c      	ldr	r3, [pc, #112]	; (10003f0c <stdio_uart_set_chars_available_callback+0x74>)
10003e9a:	b5f0      	push	{r4, r5, r6, r7, lr}
10003e9c:	681a      	ldr	r2, [r3, #0]
10003e9e:	46c6      	mov	lr, r8
10003ea0:	4698      	mov	r8, r3
10003ea2:	4b1b      	ldr	r3, [pc, #108]	; (10003f10 <stdio_uart_set_chars_available_callback+0x78>)
10003ea4:	000e      	movs	r6, r1
10003ea6:	18d3      	adds	r3, r2, r3
10003ea8:	4259      	negs	r1, r3
10003eaa:	414b      	adcs	r3, r1
10003eac:	4f19      	ldr	r7, [pc, #100]	; (10003f14 <stdio_uart_set_chars_available_callback+0x7c>)
10003eae:	3314      	adds	r3, #20
10003eb0:	001c      	movs	r4, r3
10003eb2:	0005      	movs	r5, r0
10003eb4:	b500      	push	{lr}
10003eb6:	683b      	ldr	r3, [r7, #0]
10003eb8:	2800      	cmp	r0, #0
10003eba:	d007      	beq.n	10003ecc <stdio_uart_set_chars_available_callback+0x34>
10003ebc:	2b00      	cmp	r3, #0
10003ebe:	d011      	beq.n	10003ee4 <stdio_uart_set_chars_available_callback+0x4c>
10003ec0:	4b15      	ldr	r3, [pc, #84]	; (10003f18 <stdio_uart_set_chars_available_callback+0x80>)
10003ec2:	603d      	str	r5, [r7, #0]
10003ec4:	601e      	str	r6, [r3, #0]
10003ec6:	bc80      	pop	{r7}
10003ec8:	46b8      	mov	r8, r7
10003eca:	bdf0      	pop	{r4, r5, r6, r7, pc}
10003ecc:	2b00      	cmp	r3, #0
10003ece:	d0f7      	beq.n	10003ec0 <stdio_uart_set_chars_available_callback+0x28>
10003ed0:	6390      	str	r0, [r2, #56]	; 0x38
10003ed2:	2100      	movs	r1, #0
10003ed4:	0020      	movs	r0, r4
10003ed6:	f7fc fb51 	bl	1000057c <irq_set_enabled>
10003eda:	0020      	movs	r0, r4
10003edc:	490f      	ldr	r1, [pc, #60]	; (10003f1c <stdio_uart_set_chars_available_callback+0x84>)
10003ede:	f7fc fb89 	bl	100005f4 <irq_remove_handler>
10003ee2:	e7ed      	b.n	10003ec0 <stdio_uart_set_chars_available_callback+0x28>
10003ee4:	0020      	movs	r0, r4
10003ee6:	490d      	ldr	r1, [pc, #52]	; (10003f1c <stdio_uart_set_chars_available_callback+0x84>)
10003ee8:	f7fc fb5a 	bl	100005a0 <irq_set_exclusive_handler>
10003eec:	2101      	movs	r1, #1
10003eee:	0020      	movs	r0, r4
10003ef0:	f7fc fb44 	bl	1000057c <irq_set_enabled>
10003ef4:	4643      	mov	r3, r8
10003ef6:	2250      	movs	r2, #80	; 0x50
10003ef8:	681b      	ldr	r3, [r3, #0]
10003efa:	639a      	str	r2, [r3, #56]	; 0x38
10003efc:	6b59      	ldr	r1, [r3, #52]	; 0x34
10003efe:	3a18      	subs	r2, #24
10003f00:	400a      	ands	r2, r1
10003f02:	4907      	ldr	r1, [pc, #28]	; (10003f20 <stdio_uart_set_chars_available_callback+0x88>)
10003f04:	468c      	mov	ip, r1
10003f06:	4463      	add	r3, ip
10003f08:	601a      	str	r2, [r3, #0]
10003f0a:	e7d9      	b.n	10003ec0 <stdio_uart_set_chars_available_callback+0x28>
10003f0c:	20000638 	.word	0x20000638
10003f10:	bffc8000 	.word	0xbffc8000
10003f14:	200005dc 	.word	0x200005dc
10003f18:	200005e0 	.word	0x200005e0
10003f1c:	10003e61 	.word	0x10003e61
10003f20:	00001034 	.word	0x00001034

10003f24 <stdio_uart_init>:
10003f24:	4b0d      	ldr	r3, [pc, #52]	; (10003f5c <stdio_uart_init+0x38>)
10003f26:	b510      	push	{r4, lr}
10003f28:	781b      	ldrb	r3, [r3, #0]
10003f2a:	4b0d      	ldr	r3, [pc, #52]	; (10003f60 <stdio_uart_init+0x3c>)
10003f2c:	4c0d      	ldr	r4, [pc, #52]	; (10003f64 <stdio_uart_init+0x40>)
10003f2e:	781b      	ldrb	r3, [r3, #0]
10003f30:	4b0d      	ldr	r3, [pc, #52]	; (10003f68 <stdio_uart_init+0x44>)
10003f32:	2102      	movs	r1, #2
10003f34:	781b      	ldrb	r3, [r3, #0]
10003f36:	4b0d      	ldr	r3, [pc, #52]	; (10003f6c <stdio_uart_init+0x48>)
10003f38:	2000      	movs	r0, #0
10003f3a:	6023      	str	r3, [r4, #0]
10003f3c:	f7fc fa70 	bl	10000420 <gpio_set_function>
10003f40:	2102      	movs	r1, #2
10003f42:	2001      	movs	r0, #1
10003f44:	f7fc fa6c 	bl	10000420 <gpio_set_function>
10003f48:	21e1      	movs	r1, #225	; 0xe1
10003f4a:	6820      	ldr	r0, [r4, #0]
10003f4c:	0249      	lsls	r1, r1, #9
10003f4e:	f7fd f8b5 	bl	100010bc <uart_init>
10003f52:	2101      	movs	r1, #1
10003f54:	4806      	ldr	r0, [pc, #24]	; (10003f70 <stdio_uart_init+0x4c>)
10003f56:	f7ff fe93 	bl	10003c80 <stdio_set_driver_enabled>
10003f5a:	bd10      	pop	{r4, pc}
10003f5c:	100043fc 	.word	0x100043fc
10003f60:	10004400 	.word	0x10004400
10003f64:	20000638 	.word	0x20000638
10003f68:	10004404 	.word	0x10004404
10003f6c:	40034000 	.word	0x40034000
10003f70:	20000220 	.word	0x20000220

10003f74 <adc_init>:
10003f74:	2301      	movs	r3, #1
10003f76:	2101      	movs	r1, #1
10003f78:	4a08      	ldr	r2, [pc, #32]	; (10003f9c <adc_init+0x28>)
10003f7a:	6013      	str	r3, [r2, #0]
10003f7c:	4a08      	ldr	r2, [pc, #32]	; (10003fa0 <adc_init+0x2c>)
10003f7e:	6013      	str	r3, [r2, #0]
10003f80:	4a08      	ldr	r2, [pc, #32]	; (10003fa4 <adc_init+0x30>)
10003f82:	0008      	movs	r0, r1
10003f84:	6813      	ldr	r3, [r2, #0]
10003f86:	4398      	bics	r0, r3
10003f88:	d1fb      	bne.n	10003f82 <adc_init+0xe>
10003f8a:	4a07      	ldr	r2, [pc, #28]	; (10003fa8 <adc_init+0x34>)
10003f8c:	6011      	str	r1, [r2, #0]
10003f8e:	2180      	movs	r1, #128	; 0x80
10003f90:	0049      	lsls	r1, r1, #1
10003f92:	6813      	ldr	r3, [r2, #0]
10003f94:	420b      	tst	r3, r1
10003f96:	d0fc      	beq.n	10003f92 <adc_init+0x1e>
10003f98:	4770      	bx	lr
10003f9a:	46c0      	nop			; (mov r8, r8)
10003f9c:	4000e000 	.word	0x4000e000
10003fa0:	4000f000 	.word	0x4000f000
10003fa4:	4000c008 	.word	0x4000c008
10003fa8:	4004c000 	.word	0x4004c000

10003fac <strlen>:
10003fac:	b510      	push	{r4, lr}
10003fae:	0783      	lsls	r3, r0, #30
10003fb0:	d00a      	beq.n	10003fc8 <strlen+0x1c>
10003fb2:	0003      	movs	r3, r0
10003fb4:	2103      	movs	r1, #3
10003fb6:	e002      	b.n	10003fbe <strlen+0x12>
10003fb8:	3301      	adds	r3, #1
10003fba:	420b      	tst	r3, r1
10003fbc:	d005      	beq.n	10003fca <strlen+0x1e>
10003fbe:	781a      	ldrb	r2, [r3, #0]
10003fc0:	2a00      	cmp	r2, #0
10003fc2:	d1f9      	bne.n	10003fb8 <strlen+0xc>
10003fc4:	1a18      	subs	r0, r3, r0
10003fc6:	bd10      	pop	{r4, pc}
10003fc8:	0003      	movs	r3, r0
10003fca:	6819      	ldr	r1, [r3, #0]
10003fcc:	4a0c      	ldr	r2, [pc, #48]	; (10004000 <strlen+0x54>)
10003fce:	4c0d      	ldr	r4, [pc, #52]	; (10004004 <strlen+0x58>)
10003fd0:	188a      	adds	r2, r1, r2
10003fd2:	438a      	bics	r2, r1
10003fd4:	4222      	tst	r2, r4
10003fd6:	d10f      	bne.n	10003ff8 <strlen+0x4c>
10003fd8:	6859      	ldr	r1, [r3, #4]
10003fda:	4a09      	ldr	r2, [pc, #36]	; (10004000 <strlen+0x54>)
10003fdc:	3304      	adds	r3, #4
10003fde:	188a      	adds	r2, r1, r2
10003fe0:	438a      	bics	r2, r1
10003fe2:	4222      	tst	r2, r4
10003fe4:	d108      	bne.n	10003ff8 <strlen+0x4c>
10003fe6:	6859      	ldr	r1, [r3, #4]
10003fe8:	4a05      	ldr	r2, [pc, #20]	; (10004000 <strlen+0x54>)
10003fea:	3304      	adds	r3, #4
10003fec:	188a      	adds	r2, r1, r2
10003fee:	438a      	bics	r2, r1
10003ff0:	4222      	tst	r2, r4
10003ff2:	d0f1      	beq.n	10003fd8 <strlen+0x2c>
10003ff4:	e000      	b.n	10003ff8 <strlen+0x4c>
10003ff6:	3301      	adds	r3, #1
10003ff8:	781a      	ldrb	r2, [r3, #0]
10003ffa:	2a00      	cmp	r2, #0
10003ffc:	d1fb      	bne.n	10003ff6 <strlen+0x4a>
10003ffe:	e7e1      	b.n	10003fc4 <strlen+0x18>
10004000:	fefefeff 	.word	0xfefefeff
10004004:	80808080 	.word	0x80808080

10004008 <_fini>:
10004008:	b5f8      	push	{r3, r4, r5, r6, r7, lr}
1000400a:	46c0      	nop			; (mov r8, r8)
1000400c:	0000      	movs	r0, r0
	...

10004010 <__mutex_exit_veneer>:
10004010:	b401      	push	{r0}
10004012:	4802      	ldr	r0, [pc, #8]	; (1000401c <__mutex_exit_veneer+0xc>)
10004014:	4684      	mov	ip, r0
10004016:	bc01      	pop	{r0}
10004018:	4760      	bx	ip
1000401a:	bf00      	nop
1000401c:	2000015d 	.word	0x2000015d

10004020 <____aeabi_ldiv0_veneer>:
10004020:	b401      	push	{r0}
10004022:	4802      	ldr	r0, [pc, #8]	; (1000402c <____aeabi_ldiv0_veneer+0xc>)
10004024:	4684      	mov	ip, r0
10004026:	bc01      	pop	{r0}
10004028:	4760      	bx	ip
1000402a:	bf00      	nop
1000402c:	20000185 	.word	0x20000185

10004030 <____aeabi_idiv0_veneer>:
10004030:	b401      	push	{r0}
10004032:	4802      	ldr	r0, [pc, #8]	; (1000403c <____aeabi_idiv0_veneer+0xc>)
10004034:	4684      	mov	ip, r0
10004036:	bc01      	pop	{r0}
10004038:	4760      	bx	ip
1000403a:	bf00      	nop
1000403c:	20000185 	.word	0x20000185

10004040 <__mutex_try_enter_block_until_veneer>:
10004040:	b401      	push	{r0}
10004042:	4802      	ldr	r0, [pc, #8]	; (1000404c <__mutex_try_enter_block_until_veneer+0xc>)
10004044:	4684      	mov	ip, r0
10004046:	bc01      	pop	{r0}
10004048:	4760      	bx	ip
1000404a:	bf00      	nop
1000404c:	200000c1 	.word	0x200000c1

10004050 <__pre_init_runtime_init_early_resets>:
10004050:	100014d1                                ....

10004054 <__pre_init_runtime_init_usb_power_down>:
10004054:	100014fd 10001649 100024a5 10001d51     ....I....$..Q...
10004064:	100023e5                                .#..

10004068 <__pre_init_runtime_init_clocks>:
10004068:	10001571                                q...

1000406c <__pre_init_runtime_init_post_clock_resets>:
1000406c:	10001519                                ....

10004070 <__pre_init_runtime_init_rp2040_gpio_ie_disable>:
10004070:	10001539                                9...

10004074 <__pre_init_runtime_init_spin_locks_reset>:
10004074:	1000154d                                M...

10004078 <__pre_init_runtime_init_mutex>:
10004078:	1000087d                                }...

1000407c <__pre_init_runtime_init_install_ram_vector_table>:
1000407c:	10001555                                U...

10004080 <__pre_init_runtime_init_default_alarm_pool>:
10004080:	10000be9                                ....

10004084 <__pre_init_first_per_core_initializer>:
10004084:	10001499                                ....

10004088 <__pre_init_runtime_init_per_core_irq_priorities>:
10004088:	10000559                                Y...

1000408c <__frame_dummy_init_array_entry>:
1000408c:	100002fd                                ....

Disassembly of section .data:

200000c0 <mutex_try_enter_block_until>:
200000c0:	b5f0      	push	{r4, r5, r6, r7, lr}
200000c2:	46c6      	mov	lr, r8
200000c4:	0015      	movs	r5, r2
200000c6:	b500      	push	{lr}
200000c8:	0004      	movs	r4, r0
200000ca:	001e      	movs	r6, r3
200000cc:	6802      	ldr	r2, [r0, #0]
200000ce:	f3ef 8110 	mrs	r1, PRIMASK
200000d2:	b672      	cpsid	i
200000d4:	6813      	ldr	r3, [r2, #0]
200000d6:	2b00      	cmp	r3, #0
200000d8:	d0fc      	beq.n	200000d4 <mutex_try_enter_block_until+0x14>
200000da:	f3bf 8f5f 	dmb	sy
200000de:	2304      	movs	r3, #4
200000e0:	56e3      	ldrsb	r3, [r4, r3]
200000e2:	2b00      	cmp	r3, #0
200000e4:	db2d      	blt.n	20000142 <mutex_try_enter_block_until+0x82>
200000e6:	6822      	ldr	r2, [r4, #0]
200000e8:	f3bf 8f5f 	dmb	sy
200000ec:	2000      	movs	r0, #0
200000ee:	6010      	str	r0, [r2, #0]
200000f0:	f381 8810 	msr	PRIMASK, r1
200000f4:	22d0      	movs	r2, #208	; 0xd0
200000f6:	0612      	lsls	r2, r2, #24
200000f8:	7812      	ldrb	r2, [r2, #0]
200000fa:	b252      	sxtb	r2, r2
200000fc:	4690      	mov	r8, r2
200000fe:	429a      	cmp	r2, r3
20000100:	d103      	bne.n	2000010a <mutex_try_enter_block_until+0x4a>
20000102:	2000      	movs	r0, #0
20000104:	bc80      	pop	{r7}
20000106:	46b8      	mov	r8, r7
20000108:	bdf0      	pop	{r4, r5, r6, r7, pc}
2000010a:	2700      	movs	r7, #0
2000010c:	e00b      	b.n	20000126 <mutex_try_enter_block_until+0x66>
2000010e:	6823      	ldr	r3, [r4, #0]
20000110:	f3bf 8f5f 	dmb	sy
20000114:	601f      	str	r7, [r3, #0]
20000116:	f381 8810 	msr	PRIMASK, r1
2000011a:	0028      	movs	r0, r5
2000011c:	0031      	movs	r1, r6
2000011e:	f000 f833 	bl	20000188 <__best_effort_wfe_or_timeout_veneer>
20000122:	2800      	cmp	r0, #0
20000124:	d1ed      	bne.n	20000102 <mutex_try_enter_block_until+0x42>
20000126:	6822      	ldr	r2, [r4, #0]
20000128:	f3ef 8110 	mrs	r1, PRIMASK
2000012c:	b672      	cpsid	i
2000012e:	6813      	ldr	r3, [r2, #0]
20000130:	2b00      	cmp	r3, #0
20000132:	d0fc      	beq.n	2000012e <mutex_try_enter_block_until+0x6e>
20000134:	f3bf 8f5f 	dmb	sy
20000138:	7923      	ldrb	r3, [r4, #4]
2000013a:	2b7f      	cmp	r3, #127	; 0x7f
2000013c:	d9e7      	bls.n	2000010e <mutex_try_enter_block_until+0x4e>
2000013e:	4643      	mov	r3, r8
20000140:	e002      	b.n	20000148 <mutex_try_enter_block_until+0x88>
20000142:	23d0      	movs	r3, #208	; 0xd0
20000144:	061b      	lsls	r3, r3, #24
20000146:	681b      	ldr	r3, [r3, #0]
20000148:	7123      	strb	r3, [r4, #4]
2000014a:	6823      	ldr	r3, [r4, #0]
2000014c:	f3bf 8f5f 	dmb	sy
20000150:	2200      	movs	r2, #0
20000152:	601a      	str	r2, [r3, #0]
20000154:	f381 8810 	msr	PRIMASK, r1
20000158:	2001      	movs	r0, #1
2000015a:	e7d3      	b.n	20000104 <mutex_try_enter_block_until+0x44>

2000015c <mutex_exit>:
2000015c:	6802      	ldr	r2, [r0, #0]
2000015e:	f3ef 8110 	mrs	r1, PRIMASK
20000162:	b672      	cpsid	i
20000164:	6813      	ldr	r3, [r2, #0]
20000166:	2b00      	cmp	r3, #0
20000168:	d0fc      	beq.n	20000164 <mutex_exit+0x8>
2000016a:	f3bf 8f5f 	dmb	sy
2000016e:	23ff      	movs	r3, #255	; 0xff
20000170:	7103      	strb	r3, [r0, #4]
20000172:	6803      	ldr	r3, [r0, #0]
20000174:	f3bf 8f5f 	dmb	sy
20000178:	2200      	movs	r2, #0
2000017a:	601a      	str	r2, [r3, #0]
2000017c:	f381 8810 	msr	PRIMASK, r1
20000180:	bf40      	sev
20000182:	4770      	bx	lr

20000184 <__aeabi_idiv0>:
20000184:	4770      	bx	lr
20000186:	46c0      	nop			; (mov r8, r8)

20000188 <__best_effort_wfe_or_timeout_veneer>:
20000188:	b401      	push	{r0}
2000018a:	4802      	ldr	r0, [pc, #8]	; (20000194 <__best_effort_wfe_or_timeout_veneer+0xc>)
2000018c:	4684      	mov	ip, r0
2000018e:	bc01      	pop	{r0}
20000190:	4760      	bx	ip
20000192:	bf00      	nop
20000194:	10000ef5 	.word	0x10000ef5

20000198 <striped_spin_lock_num>:
20000198:	00000010                                ....

2000019c <irq_handler_chain_slots>:
2000019c:	00000000 	.word	0x00000000
200001a0:	00010000 	.word	0x00010000
	...
200001ac:	00020000 	.word	0x00020000
	...
200001b8:	00030000 	.word	0x00030000
	...
200001c4:	00ff0000 	.word	0x00ff0000
200001c8:	00000000 	.word	0x00000000

200001cc <irq_handler_chain_first_slot>:
200001cc:	b501      	push	{r0, lr}
200001ce:	6848      	ldr	r0, [r1, #4]
200001d0:	3101      	adds	r1, #1
200001d2:	468e      	mov	lr, r1
200001d4:	4700      	bx	r0

200001d6 <irq_handler_chain_remove_tail>:
200001d6:	4670      	mov	r0, lr
200001d8:	3809      	subs	r0, #9
200001da:	4901      	ldr	r1, [pc, #4]	; (200001e0 <irq_handler_chain_remove_tail+0xa>)
200001dc:	4788      	blx	r1
200001de:	bd01      	pop	{r0, pc}
200001e0:	100007b9 	.word	0x100007b9

200001e4 <default_alarm_pool>:
	...
200001f8:	20000240 00000000                       @.. ....

20000200 <aeabi_bits_funcs>:
20000200:	00003350 	.word	0x00003350
20000204:	0000334c 	.word	0x0000334c
20000208:	00003354 	.word	0x00003354
2000020c:	00003352 	.word	0x00003352

20000210 <aeabi_bits_funcs_end>:
20000210:	0000534d 	.word	0x0000534d
20000214:	0000434d 	.word	0x0000434d
20000218:	00003453 	.word	0x00003453
2000021c:	00003443 	.word	0x00003443

20000220 <stdio_uart>:
20000220:	10003d91 10003e89 10003ddd 10003e99     .=...>...=...>..
20000230:	00000000 00000100                       ........

20000238 <print_mutex>:
	...
