
/home/kejoperezde/Documents/Servicio/C/Dual/build/Dual.elf:     file format elf32-littlearm

Sections:
Idx Name          Size      VMA       LMA       File off  Algn
  0 .boot2        00000100  10000000  10000000  00001000  2**0
                  CONTENTS, ALLOC, LOAD, READONLY, CODE
  1 .text         00003d48  10000100  10000100  00001100  2**3
                  CONTENTS, ALLOC, LOAD, READONLY, CODE
  2 .rodata       00000acc  10003e48  10003e48  00004e48  2**3
                  CONTENTS, ALLOC, LOAD, READONLY, DATA
  3 .binary_info  00000028  10004914  10004914  00005914  2**2
                  CONTENTS, ALLOC, LOAD, READONLY, DATA
  4 .ram_vector_table 000000c0  20000000  20000000  00007000  2**2
                  ALLOC
  5 .uninitialized_data 00000000  200000c0  200000c0  000062e0  2**0
                  CONTENTS
  6 .data         00000220  200000c0  1000493c  000060c0  2**4
                  CONTENTS, ALLOC, LOAD, READONLY, CODE
  7 .tdata        00000000  200002e0  200002e0  000062e0  2**0
                  CONTENTS, ALLOC, LOAD, DATA, THREAD_LOCAL
  8 .tbss         00000000  200002e0  200002e0  00000000  2**0
                  ALLOC, THREAD_LOCAL
  9 .bss          000003fc  200002e0  10004b5c  000062e0  2**3
                  ALLOC
 10 .heap         0003f924  200006dc  10004b5c  000066dc  2**2
                  ALLOC, READONLY
 11 .scratch_x    00000000  20040000  20040000  000062e0  2**0
                  CONTENTS
 12 .scratch_y    00000000  20041000  20041000  000062e0  2**0
                  CONTENTS
 13 .stack_dummy  00000800  20041000  20041000  000062e0  2**5
                  CONTENTS, READONLY
 14 .ARM.attributes 00000028  00000000  00000000  00006ae0  2**0
                  CONTENTS, READONLY
 15 .comment      00000033  00000000  00000000  00006b08  2**0
                  CONTENTS, READONLY
 16 .debug_info   00016682  00000000  00000000  00006b3b  2**0
                  CONTENTS, READONLY, DEBUGGING, OCTETS
 17 .debug_abbrev 00004b33  00000000  00000000  0001d1bd  2**0
                  CONTENTS, READONLY, DEBUGGING, OCTETS
 18 .debug_loc    0000d9d2  00000000  00000000  00021cf0  2**0
                  CONTENTS, READONLY, DEBUGGING, OCTETS
 19 .debug_aranges 00001018  00000000  00000000  0002f6c8  2**3
                  CONTENTS, READONLY, DEBUGGING, OCTETS
 20 .debug_ranges 00003348  00000000  00000000  000306e0  2**3
                  CONTENTS, READONLY, DEBUGGING, OCTETS
 21 .debug_line   0000fd1e  00000000  00000000  00033a28  2**0
                  CONTENTS, READONLY, DEBUGGING, OCTETS
 22 .debug_str    00004be9  00000000  00000000  00043746  2**0
                  CONTENTS, READONLY, DEBUGGING, OCTETS
 23 .debug_frame  00001c20  00000000  00000000  00048330  2**2
                  CONTENTS, READONLY, DEBUGGING, OCTETS

/home/kejoperezde/Documents/Servicio/C/Dual/build/Dual.elf:     file format elf32-littlearm


Disassembly of section .boot2:

10000000 <__boot2_start__>:
10000000:	4b32b500 	.word	0x4b32b500
10000004:	60582021 	.word	0x60582021
10000008:	21026898 	.word	0x21026898
1000000c:	60984388 	.word	0x60984388
10000010:	611860d8 	.word	0x611860d8
10000014:	4b2e6158 	.word	0x4b2e6158
10000018:	60992100 	.word	0x60992100
1000001c:	61592102 	.word	0x61592102
10000020:	22f02101 	.word	0x22f02101
10000024:	492b5099 	.word	0x492b5099
10000028:	21016019 	.word	0x21016019
1000002c:	20356099 	.word	0x20356099
10000030:	f844f000 	.word	0xf844f000
10000034:	42902202 	.word	0x42902202
10000038:	2106d014 	.word	0x2106d014
1000003c:	f0006619 	.word	0xf0006619
10000040:	6e19f834 	.word	0x6e19f834
10000044:	66192101 	.word	0x66192101
10000048:	66182000 	.word	0x66182000
1000004c:	f000661a 	.word	0xf000661a
10000050:	6e19f82c 	.word	0x6e19f82c
10000054:	6e196e19 	.word	0x6e196e19
10000058:	f0002005 	.word	0xf0002005
1000005c:	2101f82f 	.word	0x2101f82f
10000060:	d1f94208 	.word	0xd1f94208
10000064:	60992100 	.word	0x60992100
10000068:	6019491b 	.word	0x6019491b
1000006c:	60592100 	.word	0x60592100
10000070:	481b491a 	.word	0x481b491a
10000074:	21016001 	.word	0x21016001
10000078:	21eb6099 	.word	0x21eb6099
1000007c:	21a06619 	.word	0x21a06619
10000080:	f0006619 	.word	0xf0006619
10000084:	2100f812 	.word	0x2100f812
10000088:	49166099 	.word	0x49166099
1000008c:	60014814 	.word	0x60014814
10000090:	60992101 	.word	0x60992101
10000094:	2800bc01 	.word	0x2800bc01
10000098:	4700d000 	.word	0x4700d000
1000009c:	49134812 	.word	0x49134812
100000a0:	c8036008 	.word	0xc8036008
100000a4:	8808f380 	.word	0x8808f380
100000a8:	b5034708 	.word	0xb5034708
100000ac:	20046a99 	.word	0x20046a99
100000b0:	d0fb4201 	.word	0xd0fb4201
100000b4:	42012001 	.word	0x42012001
100000b8:	bd03d1f8 	.word	0xbd03d1f8
100000bc:	6618b502 	.word	0x6618b502
100000c0:	f7ff6618 	.word	0xf7ff6618
100000c4:	6e18fff2 	.word	0x6e18fff2
100000c8:	bd026e18 	.word	0xbd026e18
100000cc:	40020000 	.word	0x40020000
100000d0:	18000000 	.word	0x18000000
100000d4:	00070000 	.word	0x00070000
100000d8:	005f0300 	.word	0x005f0300
100000dc:	00002221 	.word	0x00002221
100000e0:	180000f4 	.word	0x180000f4
100000e4:	a0002022 	.word	0xa0002022
100000e8:	10000100 	.word	0x10000100
100000ec:	e000ed08 	.word	0xe000ed08
	...
100000fc:	7a4eb274 	.word	0x7a4eb274

Disassembly of section .text:

10000100 <__VECTOR_TABLE>:
10000100:	20042000 	.word	0x20042000
10000104:	100001f7 	.word	0x100001f7
10000108:	100001c3 	.word	0x100001c3
1000010c:	100001c5 	.word	0x100001c5
10000110:	100001c1 	.word	0x100001c1
10000114:	100001c1 	.word	0x100001c1
10000118:	100001c1 	.word	0x100001c1
1000011c:	100001c1 	.word	0x100001c1
10000120:	100001c1 	.word	0x100001c1
10000124:	100001c1 	.word	0x100001c1
10000128:	100001c1 	.word	0x100001c1
1000012c:	100001c7 	.word	0x100001c7
10000130:	100001c1 	.word	0x100001c1
10000134:	100001c1 	.word	0x100001c1
10000138:	100001c9 	.word	0x100001c9
1000013c:	100001cb 	.word	0x100001cb
10000140:	100001cd 	.word	0x100001cd
10000144:	100001cd 	.word	0x100001cd
10000148:	100001cd 	.word	0x100001cd
1000014c:	100001cd 	.word	0x100001cd
10000150:	100001cd 	.word	0x100001cd
10000154:	100001cd 	.word	0x100001cd
10000158:	100001cd 	.word	0x100001cd
1000015c:	100001cd 	.word	0x100001cd
10000160:	100001cd 	.word	0x100001cd
10000164:	100001cd 	.word	0x100001cd
10000168:	100001cd 	.word	0x100001cd
1000016c:	100001cd 	.word	0x100001cd
10000170:	100001cd 	.word	0x100001cd
10000174:	100001cd 	.word	0x100001cd
10000178:	100001cd 	.word	0x100001cd
1000017c:	100001cd 	.word	0x100001cd
10000180:	100001cd 	.word	0x100001cd
10000184:	100001cd 	.word	0x100001cd
10000188:	100001cd 	.word	0x100001cd
1000018c:	100001cd 	.word	0x100001cd
10000190:	100001cd 	.word	0x100001cd
10000194:	100001cd 	.word	0x100001cd
10000198:	100001cd 	.word	0x100001cd
1000019c:	100001cd 	.word	0x100001cd
100001a0:	100001cd 	.word	0x100001cd
100001a4:	100001cd 	.word	0x100001cd
100001a8:	100001cd 	.word	0x100001cd
100001ac:	100001cd 	.word	0x100001cd
100001b0:	100001cd 	.word	0x100001cd
100001b4:	100001cd 	.word	0x100001cd
100001b8:	100001cd 	.word	0x100001cd
100001bc:	100001cd 	.word	0x100001cd

100001c0 <isr_invalid>:
100001c0:	be00      	bkpt	0x0000

100001c2 <isr_nmi>:
100001c2:	be00      	bkpt	0x0000

100001c4 <isr_hardfault>:
100001c4:	be00      	bkpt	0x0000

100001c6 <isr_svcall>:
100001c6:	be00      	bkpt	0x0000

100001c8 <isr_pendsv>:
100001c8:	be00      	bkpt	0x0000

100001ca <isr_systick>:
100001ca:	be00      	bkpt	0x0000

100001cc <__unhandled_user_irq>:
100001cc:	f3ef 8005 	mrs	r0, IPSR
100001d0:	3810      	subs	r0, #16

100001d2 <unhandled_user_irq_num_in_r0>:
100001d2:	be00      	bkpt	0x0000

100001d4 <binary_info_header>:
100001d4:	7188ebf2 	.word	0x7188ebf2
100001d8:	10004914 	.word	0x10004914
100001dc:	1000493c 	.word	0x1000493c
100001e0:	10000238 	.word	0x10000238
100001e4:	e71aa390 	.word	0xe71aa390

100001e8 <_entry_point>:
100001e8:	481e      	ldr	r0, [pc, #120]	; (10000264 <data_cpy_table+0x2c>)

100001ea <_enter_vtable_in_r0>:
100001ea:	491f      	ldr	r1, [pc, #124]	; (10000268 <data_cpy_table+0x30>)
100001ec:	6008      	str	r0, [r1, #0]
100001ee:	c806      	ldmia	r0!, {r1, r2}
100001f0:	f381 8808 	msr	MSP, r1
100001f4:	4710      	bx	r2

100001f6 <_reset_handler>:
100001f6:	481d      	ldr	r0, [pc, #116]	; (1000026c <data_cpy_table+0x34>)
100001f8:	6800      	ldr	r0, [r0, #0]
100001fa:	2800      	cmp	r0, #0
100001fc:	d001      	beq.n	10000202 <hold_non_core0_in_bootrom+0x4>

100001fe <hold_non_core0_in_bootrom>:
100001fe:	4819      	ldr	r0, [pc, #100]	; (10000264 <data_cpy_table+0x2c>)
10000200:	e7f3      	b.n	100001ea <_enter_vtable_in_r0>
10000202:	a40d      	add	r4, pc, #52	; (adr r4, 10000238 <data_cpy_table>)
10000204:	cc0e      	ldmia	r4!, {r1, r2, r3}
10000206:	2900      	cmp	r1, #0
10000208:	d002      	beq.n	10000210 <hold_non_core0_in_bootrom+0x12>
1000020a:	f000 f812 	bl	10000232 <data_cpy>
1000020e:	e7f9      	b.n	10000204 <hold_non_core0_in_bootrom+0x6>
10000210:	4917      	ldr	r1, [pc, #92]	; (10000270 <data_cpy_table+0x38>)
10000212:	4a18      	ldr	r2, [pc, #96]	; (10000274 <data_cpy_table+0x3c>)
10000214:	2000      	movs	r0, #0
10000216:	e000      	b.n	1000021a <bss_fill_test>

10000218 <bss_fill_loop>:
10000218:	c101      	stmia	r1!, {r0}

1000021a <bss_fill_test>:
1000021a:	4291      	cmp	r1, r2
1000021c:	d1fc      	bne.n	10000218 <bss_fill_loop>

1000021e <platform_entry>:
1000021e:	4916      	ldr	r1, [pc, #88]	; (10000278 <data_cpy_table+0x40>)
10000220:	4788      	blx	r1
10000222:	4916      	ldr	r1, [pc, #88]	; (1000027c <data_cpy_table+0x44>)
10000224:	4788      	blx	r1
10000226:	4916      	ldr	r1, [pc, #88]	; (10000280 <data_cpy_table+0x48>)
10000228:	4788      	blx	r1
1000022a:	be00      	bkpt	0x0000
1000022c:	e7fd      	b.n	1000022a <platform_entry+0xc>

1000022e <data_cpy_loop>:
1000022e:	c901      	ldmia	r1!, {r0}
10000230:	c201      	stmia	r2!, {r0}

10000232 <data_cpy>:
10000232:	429a      	cmp	r2, r3
10000234:	d3fb      	bcc.n	1000022e <data_cpy_loop>
10000236:	4770      	bx	lr

10000238 <data_cpy_table>:
10000238:	1000493c 	.word	0x1000493c
1000023c:	200000c0 	.word	0x200000c0
10000240:	200002e0 	.word	0x200002e0
10000244:	10004b5c 	.word	0x10004b5c
10000248:	20040000 	.word	0x20040000
1000024c:	20040000 	.word	0x20040000
10000250:	10004b5c 	.word	0x10004b5c
10000254:	20041000 	.word	0x20041000
10000258:	20041000 	.word	0x20041000
1000025c:	00000000 	.word	0x00000000
10000260:	4770      	bx	lr
10000262:	0000      	.short	0x0000
10000264:	00000000 	.word	0x00000000
10000268:	e000ed08 	.word	0xe000ed08
1000026c:	d0000000 	.word	0xd0000000
10000270:	200002e0 	.word	0x200002e0
10000274:	200006dc 	.word	0x200006dc
10000278:	100037bd 	.word	0x100037bd
1000027c:	10000379 	.word	0x10000379
10000280:	10003779 	.word	0x10003779

10000284 <_init>:
10000284:	b5f8      	push	{r3, r4, r5, r6, r7, lr}
10000286:	46c0      	nop			; (mov r8, r8)

10000288 <deregister_tm_clones>:
10000288:	4804      	ldr	r0, [pc, #16]	; (1000029c <deregister_tm_clones+0x14>)
1000028a:	4b05      	ldr	r3, [pc, #20]	; (100002a0 <deregister_tm_clones+0x18>)
1000028c:	b510      	push	{r4, lr}
1000028e:	4283      	cmp	r3, r0
10000290:	d003      	beq.n	1000029a <deregister_tm_clones+0x12>
10000292:	4b04      	ldr	r3, [pc, #16]	; (100002a4 <deregister_tm_clones+0x1c>)
10000294:	2b00      	cmp	r3, #0
10000296:	d000      	beq.n	1000029a <deregister_tm_clones+0x12>
10000298:	4798      	blx	r3
1000029a:	bd10      	pop	{r4, pc}
1000029c:	200002e0 	.word	0x200002e0
100002a0:	200002e0 	.word	0x200002e0
100002a4:	00000000 	.word	0x00000000

100002a8 <register_tm_clones>:
100002a8:	4806      	ldr	r0, [pc, #24]	; (100002c4 <register_tm_clones+0x1c>)
100002aa:	4907      	ldr	r1, [pc, #28]	; (100002c8 <register_tm_clones+0x20>)
100002ac:	1a09      	subs	r1, r1, r0
100002ae:	108b      	asrs	r3, r1, #2
100002b0:	0fc9      	lsrs	r1, r1, #31
100002b2:	18c9      	adds	r1, r1, r3
100002b4:	b510      	push	{r4, lr}
100002b6:	1049      	asrs	r1, r1, #1
100002b8:	d003      	beq.n	100002c2 <register_tm_clones+0x1a>
100002ba:	4b04      	ldr	r3, [pc, #16]	; (100002cc <register_tm_clones+0x24>)
100002bc:	2b00      	cmp	r3, #0
100002be:	d000      	beq.n	100002c2 <register_tm_clones+0x1a>
100002c0:	4798      	blx	r3
100002c2:	bd10      	pop	{r4, pc}
100002c4:	200002e0 	.word	0x200002e0
100002c8:	200002e0 	.word	0x200002e0
100002cc:	00000000 	.word	0x00000000

100002d0 <__do_global_dtors_aux>:
100002d0:	b510      	push	{r4, lr}
100002d2:	4c07      	ldr	r4, [pc, #28]	; (100002f0 <__do_global_dtors_aux+0x20>)
100002d4:	7823      	ldrb	r3, [r4, #0]
100002d6:	2b00      	cmp	r3, #0
100002d8:	d109      	bne.n	100002ee <__do_global_dtors_aux+0x1e>
100002da:	f7ff ffd5 	bl	10000288 <deregister_tm_clones>
100002de:	4b05      	ldr	r3, [pc, #20]	; (100002f4 <__do_global_dtors_aux+0x24>)
100002e0:	2b00      	cmp	r3, #0
100002e2:	d002      	beq.n	100002ea <__do_global_dtors_aux+0x1a>
100002e4:	4804      	ldr	r0, [pc, #16]	; (100002f8 <__do_global_dtors_aux+0x28>)
100002e6:	e000      	b.n	100002ea <__do_global_dtors_aux+0x1a>
100002e8:	bf00      	nop
100002ea:	2301      	movs	r3, #1
100002ec:	7023      	strb	r3, [r4, #0]
100002ee:	bd10      	pop	{r4, pc}
100002f0:	20000460 	.word	0x20000460
100002f4:	00000000 	.word	0x00000000
100002f8:	10003e48 	.word	0x10003e48

100002fc <frame_dummy>:
100002fc:	4b05      	ldr	r3, [pc, #20]	; (10000314 <frame_dummy+0x18>)
100002fe:	b510      	push	{r4, lr}
10000300:	2b00      	cmp	r3, #0
10000302:	d003      	beq.n	1000030c <frame_dummy+0x10>
10000304:	4904      	ldr	r1, [pc, #16]	; (10000318 <frame_dummy+0x1c>)
10000306:	4805      	ldr	r0, [pc, #20]	; (1000031c <frame_dummy+0x20>)
10000308:	e000      	b.n	1000030c <frame_dummy+0x10>
1000030a:	bf00      	nop
1000030c:	f7ff ffcc 	bl	100002a8 <register_tm_clones>
10000310:	bd10      	pop	{r4, pc}
10000312:	46c0      	nop			; (mov r8, r8)
10000314:	00000000 	.word	0x00000000
10000318:	20000464 	.word	0x20000464
1000031c:	10003e48 	.word	0x10003e48

10000320 <init_uart_and_adc>:
10000320:	b510      	push	{r4, lr}
10000322:	2196      	movs	r1, #150	; 0x96
10000324:	0189      	lsls	r1, r1, #6
10000326:	4811      	ldr	r0, [pc, #68]	; (1000036c <init_uart_and_adc+0x4c>)
10000328:	f000 ffda 	bl	100012e0 <uart_init>
1000032c:	2102      	movs	r1, #2
1000032e:	2010      	movs	r0, #16
10000330:	f000 f84e 	bl	100003d0 <gpio_set_function>
10000334:	2102      	movs	r1, #2
10000336:	2011      	movs	r0, #17
10000338:	f000 f84a 	bl	100003d0 <gpio_set_function>
1000033c:	f003 fcb4 	bl	10003ca8 <adc_init>
10000340:	211f      	movs	r1, #31
10000342:	201a      	movs	r0, #26
10000344:	f000 f844 	bl	100003d0 <gpio_set_function>
10000348:	2200      	movs	r2, #0
1000034a:	2100      	movs	r1, #0
1000034c:	201a      	movs	r0, #26
1000034e:	f000 f859 	bl	10000404 <gpio_set_pulls>
10000352:	2100      	movs	r1, #0
10000354:	201a      	movs	r0, #26
10000356:	f000 f871 	bl	1000043c <gpio_set_input_enabled>
1000035a:	4b05      	ldr	r3, [pc, #20]	; (10000370 <init_uart_and_adc+0x50>)
1000035c:	681b      	ldr	r3, [r3, #0]
1000035e:	22e0      	movs	r2, #224	; 0xe0
10000360:	01d2      	lsls	r2, r2, #7
10000362:	4013      	ands	r3, r2
10000364:	4a03      	ldr	r2, [pc, #12]	; (10000374 <init_uart_and_adc+0x54>)
10000366:	6013      	str	r3, [r2, #0]
10000368:	bd10      	pop	{r4, pc}
1000036a:	46c0      	nop			; (mov r8, r8)
1000036c:	40034000 	.word	0x40034000
10000370:	4004c000 	.word	0x4004c000
10000374:	4004d000 	.word	0x4004d000

10000378 <main>:
10000378:	b500      	push	{lr}
1000037a:	b085      	sub	sp, #20
1000037c:	f003 fb3c 	bl	100039f8 <stdio_init_all>
10000380:	f7ff ffce 	bl	10000320 <init_uart_and_adc>
10000384:	e017      	b.n	100003b6 <main+0x3e>
10000386:	4b10      	ldr	r3, [pc, #64]	; (100003c8 <main+0x50>)
10000388:	699b      	ldr	r3, [r3, #24]
1000038a:	06db      	lsls	r3, r3, #27
1000038c:	d4fb      	bmi.n	10000386 <main+0xe>
1000038e:	4b0e      	ldr	r3, [pc, #56]	; (100003c8 <main+0x50>)
10000390:	681b      	ldr	r3, [r3, #0]
10000392:	700b      	strb	r3, [r1, #0]
10000394:	3201      	adds	r2, #1
10000396:	3101      	adds	r1, #1
10000398:	2a08      	cmp	r2, #8
1000039a:	d9f4      	bls.n	10000386 <main+0xe>
1000039c:	a801      	add	r0, sp, #4
1000039e:	2300      	movs	r3, #0
100003a0:	7243      	strb	r3, [r0, #9]
100003a2:	490a      	ldr	r1, [pc, #40]	; (100003cc <main+0x54>)
100003a4:	f003 fc9a 	bl	10003cdc <strcmp>
100003a8:	2800      	cmp	r0, #0
100003aa:	d101      	bne.n	100003b0 <main+0x38>
100003ac:	f000 ff06 	bl	100011bc <time_us_64>
100003b0:	2064      	movs	r0, #100	; 0x64
100003b2:	f000 fe31 	bl	10001018 <sleep_ms>
100003b6:	4b04      	ldr	r3, [pc, #16]	; (100003c8 <main+0x50>)
100003b8:	699b      	ldr	r3, [r3, #24]
100003ba:	2110      	movs	r1, #16
100003bc:	000a      	movs	r2, r1
100003be:	401a      	ands	r2, r3
100003c0:	4219      	tst	r1, r3
100003c2:	d1f5      	bne.n	100003b0 <main+0x38>
100003c4:	a901      	add	r1, sp, #4
100003c6:	e7e7      	b.n	10000398 <main+0x20>
100003c8:	40034000 	.word	0x40034000
100003cc:	10003e48 	.word	0x10003e48

100003d0 <gpio_set_function>:
100003d0:	b510      	push	{r4, lr}
100003d2:	0083      	lsls	r3, r0, #2
100003d4:	4a08      	ldr	r2, [pc, #32]	; (100003f8 <gpio_set_function+0x28>)
100003d6:	189a      	adds	r2, r3, r2
100003d8:	6812      	ldr	r2, [r2, #0]
100003da:	2440      	movs	r4, #64	; 0x40
100003dc:	4054      	eors	r4, r2
100003de:	22c0      	movs	r2, #192	; 0xc0
100003e0:	4022      	ands	r2, r4
100003e2:	4c06      	ldr	r4, [pc, #24]	; (100003fc <gpio_set_function+0x2c>)
100003e4:	46a4      	mov	ip, r4
100003e6:	4463      	add	r3, ip
100003e8:	601a      	str	r2, [r3, #0]
100003ea:	00c0      	lsls	r0, r0, #3
100003ec:	4b04      	ldr	r3, [pc, #16]	; (10000400 <gpio_set_function+0x30>)
100003ee:	469c      	mov	ip, r3
100003f0:	4460      	add	r0, ip
100003f2:	6041      	str	r1, [r0, #4]
100003f4:	bd10      	pop	{r4, pc}
100003f6:	46c0      	nop			; (mov r8, r8)
100003f8:	4001c004 	.word	0x4001c004
100003fc:	4001d004 	.word	0x4001d004
10000400:	40014000 	.word	0x40014000

10000404 <gpio_set_pulls>:
10000404:	0080      	lsls	r0, r0, #2
10000406:	4b0c      	ldr	r3, [pc, #48]	; (10000438 <gpio_set_pulls+0x34>)
10000408:	469c      	mov	ip, r3
1000040a:	4460      	add	r0, ip
1000040c:	2900      	cmp	r1, #0
1000040e:	d00e      	beq.n	1000042e <gpio_set_pulls+0x2a>
10000410:	2308      	movs	r3, #8
10000412:	2a00      	cmp	r2, #0
10000414:	d00d      	beq.n	10000432 <gpio_set_pulls+0x2e>
10000416:	2204      	movs	r2, #4
10000418:	4313      	orrs	r3, r2
1000041a:	6802      	ldr	r2, [r0, #0]
1000041c:	4053      	eors	r3, r2
1000041e:	220c      	movs	r2, #12
10000420:	4013      	ands	r3, r2
10000422:	2280      	movs	r2, #128	; 0x80
10000424:	0152      	lsls	r2, r2, #5
10000426:	4694      	mov	ip, r2
10000428:	4460      	add	r0, ip
1000042a:	6003      	str	r3, [r0, #0]
1000042c:	4770      	bx	lr
1000042e:	2300      	movs	r3, #0
10000430:	e7ef      	b.n	10000412 <gpio_set_pulls+0xe>
10000432:	2200      	movs	r2, #0
10000434:	e7f0      	b.n	10000418 <gpio_set_pulls+0x14>
10000436:	46c0      	nop			; (mov r8, r8)
10000438:	4001c004 	.word	0x4001c004

1000043c <gpio_set_input_enabled>:
1000043c:	2900      	cmp	r1, #0
1000043e:	d006      	beq.n	1000044e <gpio_set_input_enabled+0x12>
10000440:	0080      	lsls	r0, r0, #2
10000442:	4b06      	ldr	r3, [pc, #24]	; (1000045c <gpio_set_input_enabled+0x20>)
10000444:	469c      	mov	ip, r3
10000446:	4460      	add	r0, ip
10000448:	2340      	movs	r3, #64	; 0x40
1000044a:	6003      	str	r3, [r0, #0]
1000044c:	4770      	bx	lr
1000044e:	0080      	lsls	r0, r0, #2
10000450:	4b03      	ldr	r3, [pc, #12]	; (10000460 <gpio_set_input_enabled+0x24>)
10000452:	469c      	mov	ip, r3
10000454:	4460      	add	r0, ip
10000456:	2340      	movs	r3, #64	; 0x40
10000458:	6003      	str	r3, [r0, #0]
1000045a:	e7f7      	b.n	1000044c <gpio_set_input_enabled+0x10>
1000045c:	4001e004 	.word	0x4001e004
10000460:	4001f004 	.word	0x4001f004

10000464 <panic>:
10000464:	b40f      	push	{r0, r1, r2, r3}
10000466:	b500      	push	{lr}
10000468:	b083      	sub	sp, #12
1000046a:	4808      	ldr	r0, [pc, #32]	; (1000048c <panic+0x28>)
1000046c:	f003 fac9 	bl	10003a02 <__wrap_puts>
10000470:	9b04      	ldr	r3, [sp, #16]
10000472:	2b00      	cmp	r3, #0
10000474:	d007      	beq.n	10000486 <panic+0x22>
10000476:	a905      	add	r1, sp, #20
10000478:	9101      	str	r1, [sp, #4]
1000047a:	0018      	movs	r0, r3
1000047c:	f003 fad0 	bl	10003a20 <__wrap_vprintf>
10000480:	4803      	ldr	r0, [pc, #12]	; (10000490 <panic+0x2c>)
10000482:	f003 fabe 	bl	10003a02 <__wrap_puts>
10000486:	2001      	movs	r0, #1
10000488:	f003 f974 	bl	10003774 <_exit>
1000048c:	10003e50 	.word	0x10003e50
10000490:	10003e60 	.word	0x10003e60

10000494 <hw_claim_lock>:
10000494:	f3ef 8010 	mrs	r0, PRIMASK
10000498:	b672      	cpsid	i
1000049a:	4b03      	ldr	r3, [pc, #12]	; (100004a8 <hw_claim_lock+0x14>)
1000049c:	681b      	ldr	r3, [r3, #0]
1000049e:	2b00      	cmp	r3, #0
100004a0:	d0fb      	beq.n	1000049a <hw_claim_lock+0x6>
100004a2:	f3bf 8f5f 	dmb	sy
100004a6:	4770      	bx	lr
100004a8:	d000012c 	.word	0xd000012c

100004ac <hw_claim_unlock>:
100004ac:	f3bf 8f5f 	dmb	sy
100004b0:	4b02      	ldr	r3, [pc, #8]	; (100004bc <hw_claim_unlock+0x10>)
100004b2:	2200      	movs	r2, #0
100004b4:	601a      	str	r2, [r3, #0]
100004b6:	f380 8810 	msr	PRIMASK, r0
100004ba:	4770      	bx	lr
100004bc:	d000012c 	.word	0xd000012c

100004c0 <hw_claim_or_assert>:
100004c0:	b5f8      	push	{r3, r4, r5, r6, r7, lr}
100004c2:	0006      	movs	r6, r0
100004c4:	000c      	movs	r4, r1
100004c6:	0015      	movs	r5, r2
100004c8:	f7ff ffe4 	bl	10000494 <hw_claim_lock>
100004cc:	08e3      	lsrs	r3, r4, #3
100004ce:	18f7      	adds	r7, r6, r3
100004d0:	5cf1      	ldrb	r1, [r6, r3]
100004d2:	2207      	movs	r2, #7
100004d4:	4022      	ands	r2, r4
100004d6:	2301      	movs	r3, #1
100004d8:	4093      	lsls	r3, r2
100004da:	420b      	tst	r3, r1
100004dc:	d105      	bne.n	100004ea <hw_claim_or_assert+0x2a>
100004de:	b2db      	uxtb	r3, r3
100004e0:	430b      	orrs	r3, r1
100004e2:	703b      	strb	r3, [r7, #0]
100004e4:	f7ff ffe2 	bl	100004ac <hw_claim_unlock>
100004e8:	bdf8      	pop	{r3, r4, r5, r6, r7, pc}
100004ea:	0021      	movs	r1, r4
100004ec:	0028      	movs	r0, r5
100004ee:	f7ff ffb9 	bl	10000464 <panic>
	...

100004f4 <next_striped_spin_lock_num>:
100004f4:	4a05      	ldr	r2, [pc, #20]	; (1000050c <next_striped_spin_lock_num+0x18>)
100004f6:	7810      	ldrb	r0, [r2, #0]
100004f8:	1c43      	adds	r3, r0, #1
100004fa:	b2db      	uxtb	r3, r3
100004fc:	7013      	strb	r3, [r2, #0]
100004fe:	2b17      	cmp	r3, #23
10000500:	d902      	bls.n	10000508 <next_striped_spin_lock_num+0x14>
10000502:	0013      	movs	r3, r2
10000504:	2210      	movs	r2, #16
10000506:	701a      	strb	r2, [r3, #0]
10000508:	4770      	bx	lr
1000050a:	46c0      	nop			; (mov r8, r8)
1000050c:	20000238 	.word	0x20000238

10000510 <spin_locks_reset>:
10000510:	2300      	movs	r3, #0
10000512:	e007      	b.n	10000524 <spin_locks_reset+0x14>
10000514:	4a05      	ldr	r2, [pc, #20]	; (1000052c <spin_locks_reset+0x1c>)
10000516:	189a      	adds	r2, r3, r2
10000518:	0092      	lsls	r2, r2, #2
1000051a:	f3bf 8f5f 	dmb	sy
1000051e:	2100      	movs	r1, #0
10000520:	6011      	str	r1, [r2, #0]
10000522:	3301      	adds	r3, #1
10000524:	2b1f      	cmp	r3, #31
10000526:	d9f5      	bls.n	10000514 <spin_locks_reset+0x4>
10000528:	4770      	bx	lr
1000052a:	46c0      	nop			; (mov r8, r8)
1000052c:	34000040 	.word	0x34000040

10000530 <set_raw_irq_handler_and_unlock>:
10000530:	4b07      	ldr	r3, [pc, #28]	; (10000550 <set_raw_irq_handler_and_unlock+0x20>)
10000532:	689b      	ldr	r3, [r3, #8]
10000534:	3010      	adds	r0, #16
10000536:	0080      	lsls	r0, r0, #2
10000538:	5019      	str	r1, [r3, r0]
1000053a:	f3bf 8f5f 	dmb	sy
1000053e:	f3bf 8f5f 	dmb	sy
10000542:	4b04      	ldr	r3, [pc, #16]	; (10000554 <set_raw_irq_handler_and_unlock+0x24>)
10000544:	2100      	movs	r1, #0
10000546:	6019      	str	r1, [r3, #0]
10000548:	f382 8810 	msr	PRIMASK, r2
1000054c:	4770      	bx	lr
1000054e:	46c0      	nop			; (mov r8, r8)
10000550:	e000ed00 	.word	0xe000ed00
10000554:	d0000124 	.word	0xd0000124

10000558 <nvic_ipr0>:
10000558:	4800      	ldr	r0, [pc, #0]	; (1000055c <nvic_ipr0+0x4>)
1000055a:	4770      	bx	lr
1000055c:	e000e400 	.word	0xe000e400

10000560 <runtime_init_per_core_irq_priorities>:
10000560:	b510      	push	{r4, lr}
10000562:	f7ff fff9 	bl	10000558 <nvic_ipr0>
10000566:	2300      	movs	r3, #0
10000568:	e002      	b.n	10000570 <runtime_init_per_core_irq_priorities+0x10>
1000056a:	4a03      	ldr	r2, [pc, #12]	; (10000578 <runtime_init_per_core_irq_priorities+0x18>)
1000056c:	c004      	stmia	r0!, {r2}
1000056e:	3301      	adds	r3, #1
10000570:	2b07      	cmp	r3, #7
10000572:	d9fa      	bls.n	1000056a <runtime_init_per_core_irq_priorities+0xa>
10000574:	bd10      	pop	{r4, pc}
10000576:	46c0      	nop			; (mov r8, r8)
10000578:	80808080 	.word	0x80808080

1000057c <make_j_16>:
1000057c:	b510      	push	{r4, lr}
1000057e:	1a09      	subs	r1, r1, r0
10000580:	1f08      	subs	r0, r1, #4
10000582:	4b0b      	ldr	r3, [pc, #44]	; (100005b0 <make_j_16+0x34>)
10000584:	469c      	mov	ip, r3
10000586:	4461      	add	r1, ip
10000588:	4a0a      	ldr	r2, [pc, #40]	; (100005b4 <make_j_16+0x38>)
1000058a:	4291      	cmp	r1, r2
1000058c:	d808      	bhi.n	100005a0 <make_j_16+0x24>
1000058e:	07c3      	lsls	r3, r0, #31
10000590:	d406      	bmi.n	100005a0 <make_j_16+0x24>
10000592:	1040      	asrs	r0, r0, #1
10000594:	0540      	lsls	r0, r0, #21
10000596:	0d40      	lsrs	r0, r0, #21
10000598:	4b07      	ldr	r3, [pc, #28]	; (100005b8 <make_j_16+0x3c>)
1000059a:	4318      	orrs	r0, r3
1000059c:	b280      	uxth	r0, r0
1000059e:	bd10      	pop	{r4, pc}
100005a0:	2102      	movs	r1, #2
100005a2:	4b06      	ldr	r3, [pc, #24]	; (100005bc <make_j_16+0x40>)
100005a4:	4a06      	ldr	r2, [pc, #24]	; (100005c0 <make_j_16+0x44>)
100005a6:	31ff      	adds	r1, #255	; 0xff
100005a8:	4806      	ldr	r0, [pc, #24]	; (100005c4 <make_j_16+0x48>)
100005aa:	f003 f8e9 	bl	10003780 <__assert_func>
100005ae:	46c0      	nop			; (mov r8, r8)
100005b0:	000007fc 	.word	0x000007fc
100005b4:	00000ffe 	.word	0x00000ffe
100005b8:	ffffe000 	.word	0xffffe000
100005bc:	10003e64 	.word	0x10003e64
100005c0:	100040cc 	.word	0x100040cc
100005c4:	10003e94 	.word	0x10003e94

100005c8 <insert_bl_32>:
100005c8:	b510      	push	{r4, lr}
100005ca:	1a09      	subs	r1, r1, r0
100005cc:	3904      	subs	r1, #4
100005ce:	084c      	lsrs	r4, r1, #1
100005d0:	0b09      	lsrs	r1, r1, #12
100005d2:	d108      	bne.n	100005e6 <insert_bl_32+0x1e>
100005d4:	0549      	lsls	r1, r1, #21
100005d6:	0d49      	lsrs	r1, r1, #21
100005d8:	4a06      	ldr	r2, [pc, #24]	; (100005f4 <insert_bl_32+0x2c>)
100005da:	4311      	orrs	r1, r2
100005dc:	8001      	strh	r1, [r0, #0]
100005de:	4b06      	ldr	r3, [pc, #24]	; (100005f8 <insert_bl_32+0x30>)
100005e0:	4323      	orrs	r3, r4
100005e2:	8043      	strh	r3, [r0, #2]
100005e4:	bd10      	pop	{r4, pc}
100005e6:	210a      	movs	r1, #10
100005e8:	4b04      	ldr	r3, [pc, #16]	; (100005fc <insert_bl_32+0x34>)
100005ea:	4a05      	ldr	r2, [pc, #20]	; (10000600 <insert_bl_32+0x38>)
100005ec:	31ff      	adds	r1, #255	; 0xff
100005ee:	4805      	ldr	r0, [pc, #20]	; (10000604 <insert_bl_32+0x3c>)
100005f0:	f003 f8c6 	bl	10003780 <__assert_func>
100005f4:	fffff000 	.word	0xfffff000
100005f8:	fffff800 	.word	0xfffff800
100005fc:	10003ee0 	.word	0x10003ee0
10000600:	100040a8 	.word	0x100040a8
10000604:	10003e94 	.word	0x10003e94

10000608 <irq_is_enabled>:
10000608:	2301      	movs	r3, #1
1000060a:	4083      	lsls	r3, r0
1000060c:	4a03      	ldr	r2, [pc, #12]	; (1000061c <irq_is_enabled+0x14>)
1000060e:	6810      	ldr	r0, [r2, #0]
10000610:	4018      	ands	r0, r3
10000612:	1e43      	subs	r3, r0, #1
10000614:	4198      	sbcs	r0, r3
10000616:	b2c0      	uxtb	r0, r0
10000618:	4770      	bx	lr
1000061a:	46c0      	nop			; (mov r8, r8)
1000061c:	e000e100 	.word	0xe000e100

10000620 <irq_set_mask_n_enabled>:
10000620:	2a00      	cmp	r2, #0
10000622:	d005      	beq.n	10000630 <irq_set_mask_n_enabled+0x10>
10000624:	4b04      	ldr	r3, [pc, #16]	; (10000638 <irq_set_mask_n_enabled+0x18>)
10000626:	22c0      	movs	r2, #192	; 0xc0
10000628:	0052      	lsls	r2, r2, #1
1000062a:	5099      	str	r1, [r3, r2]
1000062c:	6019      	str	r1, [r3, #0]
1000062e:	4770      	bx	lr
10000630:	4a01      	ldr	r2, [pc, #4]	; (10000638 <irq_set_mask_n_enabled+0x18>)
10000632:	2380      	movs	r3, #128	; 0x80
10000634:	50d1      	str	r1, [r2, r3]
10000636:	e7fa      	b.n	1000062e <irq_set_mask_n_enabled+0xe>
10000638:	e000e100 	.word	0xe000e100

1000063c <irq_set_enabled>:
1000063c:	b510      	push	{r4, lr}
1000063e:	000a      	movs	r2, r1
10000640:	231f      	movs	r3, #31
10000642:	4003      	ands	r3, r0
10000644:	2101      	movs	r1, #1
10000646:	4099      	lsls	r1, r3
10000648:	0940      	lsrs	r0, r0, #5
1000064a:	f7ff ffe9 	bl	10000620 <irq_set_mask_n_enabled>
1000064e:	bd10      	pop	{r4, pc}

10000650 <irq_get_vtable_handler>:
10000650:	4b02      	ldr	r3, [pc, #8]	; (1000065c <irq_get_vtable_handler+0xc>)
10000652:	689b      	ldr	r3, [r3, #8]
10000654:	3010      	adds	r0, #16
10000656:	0080      	lsls	r0, r0, #2
10000658:	58c0      	ldr	r0, [r0, r3]
1000065a:	4770      	bx	lr
1000065c:	e000ed00 	.word	0xe000ed00

10000660 <irq_set_exclusive_handler>:
10000660:	b570      	push	{r4, r5, r6, lr}
10000662:	0004      	movs	r4, r0
10000664:	000d      	movs	r5, r1
10000666:	f3ef 8610 	mrs	r6, PRIMASK
1000066a:	b672      	cpsid	i
1000066c:	4b0c      	ldr	r3, [pc, #48]	; (100006a0 <irq_set_exclusive_handler+0x40>)
1000066e:	681b      	ldr	r3, [r3, #0]
10000670:	2b00      	cmp	r3, #0
10000672:	d0fb      	beq.n	1000066c <irq_set_exclusive_handler+0xc>
10000674:	f3bf 8f5f 	dmb	sy
10000678:	0020      	movs	r0, r4
1000067a:	f7ff ffe9 	bl	10000650 <irq_get_vtable_handler>
1000067e:	4b09      	ldr	r3, [pc, #36]	; (100006a4 <irq_set_exclusive_handler+0x44>)
10000680:	4298      	cmp	r0, r3
10000682:	d001      	beq.n	10000688 <irq_set_exclusive_handler+0x28>
10000684:	42a8      	cmp	r0, r5
10000686:	d105      	bne.n	10000694 <irq_set_exclusive_handler+0x34>
10000688:	0032      	movs	r2, r6
1000068a:	0029      	movs	r1, r5
1000068c:	0020      	movs	r0, r4
1000068e:	f7ff ff4f 	bl	10000530 <set_raw_irq_handler_and_unlock>
10000692:	bd70      	pop	{r4, r5, r6, pc}
10000694:	4b04      	ldr	r3, [pc, #16]	; (100006a8 <irq_set_exclusive_handler+0x48>)
10000696:	4a05      	ldr	r2, [pc, #20]	; (100006ac <irq_set_exclusive_handler+0x4c>)
10000698:	21e1      	movs	r1, #225	; 0xe1
1000069a:	4805      	ldr	r0, [pc, #20]	; (100006b0 <irq_set_exclusive_handler+0x50>)
1000069c:	f003 f870 	bl	10003780 <__assert_func>
100006a0:	d0000124 	.word	0xd0000124
100006a4:	100001cd 	.word	0x100001cd
100006a8:	10003ef0 	.word	0x10003ef0
100006ac:	100040e8 	.word	0x100040e8
100006b0:	10003e94 	.word	0x10003e94

100006b4 <irq_remove_handler>:
100006b4:	b5f0      	push	{r4, r5, r6, r7, lr}
100006b6:	46ce      	mov	lr, r9
100006b8:	4647      	mov	r7, r8
100006ba:	b580      	push	{r7, lr}
100006bc:	b083      	sub	sp, #12
100006be:	0006      	movs	r6, r0
100006c0:	000d      	movs	r5, r1
100006c2:	f3ef 8810 	mrs	r8, PRIMASK
100006c6:	b672      	cpsid	i
100006c8:	4b56      	ldr	r3, [pc, #344]	; (10000824 <irq_remove_handler+0x170>)
100006ca:	681b      	ldr	r3, [r3, #0]
100006cc:	2b00      	cmp	r3, #0
100006ce:	d0fb      	beq.n	100006c8 <irq_remove_handler+0x14>
100006d0:	f3bf 8f5f 	dmb	sy
100006d4:	4b54      	ldr	r3, [pc, #336]	; (10000828 <irq_remove_handler+0x174>)
100006d6:	689a      	ldr	r2, [r3, #8]
100006d8:	0034      	movs	r4, r6
100006da:	3410      	adds	r4, #16
100006dc:	00a3      	lsls	r3, r4, #2
100006de:	58d7      	ldr	r7, [r2, r3]
100006e0:	4b52      	ldr	r3, [pc, #328]	; (1000082c <irq_remove_handler+0x178>)
100006e2:	429f      	cmp	r7, r3
100006e4:	d007      	beq.n	100006f6 <irq_remove_handler+0x42>
100006e6:	42af      	cmp	r7, r5
100006e8:	d100      	bne.n	100006ec <irq_remove_handler+0x38>
100006ea:	e098      	b.n	1000081e <irq_remove_handler+0x16a>
100006ec:	9701      	str	r7, [sp, #4]
100006ee:	4b50      	ldr	r3, [pc, #320]	; (10000830 <irq_remove_handler+0x17c>)
100006f0:	1afb      	subs	r3, r7, r3
100006f2:	2b2f      	cmp	r3, #47	; 0x2f
100006f4:	d909      	bls.n	1000070a <irq_remove_handler+0x56>
100006f6:	4642      	mov	r2, r8
100006f8:	0039      	movs	r1, r7
100006fa:	0030      	movs	r0, r6
100006fc:	f7ff ff18 	bl	10000530 <set_raw_irq_handler_and_unlock>
10000700:	b003      	add	sp, #12
10000702:	bcc0      	pop	{r6, r7}
10000704:	46b9      	mov	r9, r7
10000706:	46b0      	mov	r8, r6
10000708:	bdf0      	pop	{r4, r5, r6, r7, pc}
1000070a:	0030      	movs	r0, r6
1000070c:	f7ff ff7c 	bl	10000608 <irq_is_enabled>
10000710:	4681      	mov	r9, r0
10000712:	2100      	movs	r1, #0
10000714:	0030      	movs	r0, r6
10000716:	f7ff ff91 	bl	1000063c <irq_set_enabled>
1000071a:	f3bf 8f5f 	dmb	sy
1000071e:	f3ef 8105 	mrs	r1, IPSR
10000722:	2900      	cmp	r1, #0
10000724:	d001      	beq.n	1000072a <irq_remove_handler+0x76>
10000726:	428c      	cmp	r4, r1
10000728:	d111      	bne.n	1000074e <irq_remove_handler+0x9a>
1000072a:	2301      	movs	r3, #1
1000072c:	9c01      	ldr	r4, [sp, #4]
1000072e:	439c      	bics	r4, r3
10000730:	2200      	movs	r2, #0
10000732:	68a3      	ldr	r3, [r4, #8]
10000734:	429d      	cmp	r5, r3
10000736:	d012      	beq.n	1000075e <irq_remove_handler+0xaa>
10000738:	2206      	movs	r2, #6
1000073a:	56a2      	ldrsb	r2, [r4, r2]
1000073c:	2a00      	cmp	r2, #0
1000073e:	db0d      	blt.n	1000075c <irq_remove_handler+0xa8>
10000740:	0053      	lsls	r3, r2, #1
10000742:	189b      	adds	r3, r3, r2
10000744:	009b      	lsls	r3, r3, #2
10000746:	0022      	movs	r2, r4
10000748:	4c39      	ldr	r4, [pc, #228]	; (10000830 <irq_remove_handler+0x17c>)
1000074a:	18e4      	adds	r4, r4, r3
1000074c:	e7f1      	b.n	10000732 <irq_remove_handler+0x7e>
1000074e:	21f4      	movs	r1, #244	; 0xf4
10000750:	4b38      	ldr	r3, [pc, #224]	; (10000834 <irq_remove_handler+0x180>)
10000752:	4a39      	ldr	r2, [pc, #228]	; (10000838 <irq_remove_handler+0x184>)
10000754:	31ff      	adds	r1, #255	; 0xff
10000756:	4839      	ldr	r0, [pc, #228]	; (1000083c <irq_remove_handler+0x188>)
10000758:	f003 f812 	bl	10003780 <__assert_func>
1000075c:	0022      	movs	r2, r4
1000075e:	429d      	cmp	r5, r3
10000760:	d157      	bne.n	10000812 <irq_remove_handler+0x15e>
10000762:	2506      	movs	r5, #6
10000764:	5765      	ldrsb	r5, [r4, r5]
10000766:	2d00      	cmp	r5, #0
10000768:	db39      	blt.n	100007de <irq_remove_handler+0x12a>
1000076a:	006b      	lsls	r3, r5, #1
1000076c:	195b      	adds	r3, r3, r5
1000076e:	009a      	lsls	r2, r3, #2
10000770:	4b2f      	ldr	r3, [pc, #188]	; (10000830 <irq_remove_handler+0x17c>)
10000772:	189b      	adds	r3, r3, r2
10000774:	689a      	ldr	r2, [r3, #8]
10000776:	60a2      	str	r2, [r4, #8]
10000778:	79da      	ldrb	r2, [r3, #7]
1000077a:	71e2      	strb	r2, [r4, #7]
1000077c:	2206      	movs	r2, #6
1000077e:	569a      	ldrsb	r2, [r3, r2]
10000780:	71a2      	strb	r2, [r4, #6]
10000782:	799b      	ldrb	r3, [r3, #6]
10000784:	b25b      	sxtb	r3, r3
10000786:	2b00      	cmp	r3, #0
10000788:	da0f      	bge.n	100007aa <irq_remove_handler+0xf6>
1000078a:	482d      	ldr	r0, [pc, #180]	; (10000840 <irq_remove_handler+0x18c>)
1000078c:	80a0      	strh	r0, [r4, #4]
1000078e:	006b      	lsls	r3, r5, #1
10000790:	195b      	adds	r3, r3, r5
10000792:	009b      	lsls	r3, r3, #2
10000794:	4a26      	ldr	r2, [pc, #152]	; (10000830 <irq_remove_handler+0x17c>)
10000796:	18d3      	adds	r3, r2, r3
10000798:	4a2a      	ldr	r2, [pc, #168]	; (10000844 <irq_remove_handler+0x190>)
1000079a:	7811      	ldrb	r1, [r2, #0]
1000079c:	7199      	strb	r1, [r3, #6]
1000079e:	7015      	strb	r5, [r2, #0]
100007a0:	4649      	mov	r1, r9
100007a2:	0030      	movs	r0, r6
100007a4:	f7ff ff4a 	bl	1000063c <irq_set_enabled>
100007a8:	e7a5      	b.n	100006f6 <irq_remove_handler+0x42>
100007aa:	1d20      	adds	r0, r4, #4
100007ac:	006b      	lsls	r3, r5, #1
100007ae:	195b      	adds	r3, r3, r5
100007b0:	009b      	lsls	r3, r3, #2
100007b2:	4a1f      	ldr	r2, [pc, #124]	; (10000830 <irq_remove_handler+0x17c>)
100007b4:	189b      	adds	r3, r3, r2
100007b6:	1d1a      	adds	r2, r3, #4
100007b8:	889b      	ldrh	r3, [r3, #4]
100007ba:	0ad9      	lsrs	r1, r3, #11
100007bc:	291c      	cmp	r1, #28
100007be:	d107      	bne.n	100007d0 <irq_remove_handler+0x11c>
100007c0:	055b      	lsls	r3, r3, #21
100007c2:	155b      	asrs	r3, r3, #21
100007c4:	3302      	adds	r3, #2
100007c6:	0059      	lsls	r1, r3, #1
100007c8:	1851      	adds	r1, r2, r1
100007ca:	f7ff fed7 	bl	1000057c <make_j_16>
100007ce:	e7dd      	b.n	1000078c <irq_remove_handler+0xd8>
100007d0:	2110      	movs	r1, #16
100007d2:	4b1d      	ldr	r3, [pc, #116]	; (10000848 <irq_remove_handler+0x194>)
100007d4:	4a1d      	ldr	r2, [pc, #116]	; (1000084c <irq_remove_handler+0x198>)
100007d6:	31ff      	adds	r1, #255	; 0xff
100007d8:	4818      	ldr	r0, [pc, #96]	; (1000083c <irq_remove_handler+0x188>)
100007da:	f002 ffd1 	bl	10003780 <__assert_func>
100007de:	2900      	cmp	r1, #0
100007e0:	d112      	bne.n	10000808 <irq_remove_handler+0x154>
100007e2:	2a00      	cmp	r2, #0
100007e4:	d00e      	beq.n	10000804 <irq_remove_handler+0x150>
100007e6:	23ff      	movs	r3, #255	; 0xff
100007e8:	7193      	strb	r3, [r2, #6]
100007ea:	4b19      	ldr	r3, [pc, #100]	; (10000850 <irq_remove_handler+0x19c>)
100007ec:	8093      	strh	r3, [r2, #4]
100007ee:	4a15      	ldr	r2, [pc, #84]	; (10000844 <irq_remove_handler+0x190>)
100007f0:	7813      	ldrb	r3, [r2, #0]
100007f2:	71a3      	strb	r3, [r4, #6]
100007f4:	4b17      	ldr	r3, [pc, #92]	; (10000854 <irq_remove_handler+0x1a0>)
100007f6:	490e      	ldr	r1, [pc, #56]	; (10000830 <irq_remove_handler+0x17c>)
100007f8:	1a64      	subs	r4, r4, r1
100007fa:	4164      	adcs	r4, r4
100007fc:	4363      	muls	r3, r4
100007fe:	0d1b      	lsrs	r3, r3, #20
10000800:	7013      	strb	r3, [r2, #0]
10000802:	e7cd      	b.n	100007a0 <irq_remove_handler+0xec>
10000804:	4f09      	ldr	r7, [pc, #36]	; (1000082c <irq_remove_handler+0x178>)
10000806:	e7f2      	b.n	100007ee <irq_remove_handler+0x13a>
10000808:	1d20      	adds	r0, r4, #4
1000080a:	4913      	ldr	r1, [pc, #76]	; (10000858 <irq_remove_handler+0x1a4>)
1000080c:	f7ff fedc 	bl	100005c8 <insert_bl_32>
10000810:	e7c6      	b.n	100007a0 <irq_remove_handler+0xec>
10000812:	4b12      	ldr	r3, [pc, #72]	; (1000085c <irq_remove_handler+0x1a8>)
10000814:	4a08      	ldr	r2, [pc, #32]	; (10000838 <irq_remove_handler+0x184>)
10000816:	4912      	ldr	r1, [pc, #72]	; (10000860 <irq_remove_handler+0x1ac>)
10000818:	4808      	ldr	r0, [pc, #32]	; (1000083c <irq_remove_handler+0x188>)
1000081a:	f002 ffb1 	bl	10003780 <__assert_func>
1000081e:	4f03      	ldr	r7, [pc, #12]	; (1000082c <irq_remove_handler+0x178>)
10000820:	e769      	b.n	100006f6 <irq_remove_handler+0x42>
10000822:	46c0      	nop			; (mov r8, r8)
10000824:	d0000124 	.word	0xd0000124
10000828:	e000ed00 	.word	0xe000ed00
1000082c:	100001cd 	.word	0x100001cd
10000830:	2000023c 	.word	0x2000023c
10000834:	10004014 	.word	0x10004014
10000838:	100040b8 	.word	0x100040b8
1000083c:	10003e94 	.word	0x10003e94
10000840:	0000bd01 	.word	0x0000bd01
10000844:	200006d8 	.word	0x200006d8
10000848:	10003ffc 	.word	0x10003ffc
1000084c:	100040d8 	.word	0x100040d8
10000850:	ffffbd01 	.word	0xffffbd01
10000854:	0000aaaa 	.word	0x0000aaaa
10000858:	20000276 	.word	0x20000276
1000085c:	10004048 	.word	0x10004048
10000860:	00000235 	.word	0x00000235

10000864 <irq_add_tail_to_free_list>:
10000864:	b570      	push	{r4, r5, r6, lr}
10000866:	2101      	movs	r1, #1
10000868:	4301      	orrs	r1, r0
1000086a:	4b2c      	ldr	r3, [pc, #176]	; (1000091c <irq_add_tail_to_free_list+0xb8>)
1000086c:	1acb      	subs	r3, r1, r3
1000086e:	2b2f      	cmp	r3, #47	; 0x2f
10000870:	d828      	bhi.n	100008c4 <irq_add_tail_to_free_list+0x60>
10000872:	f3ef 8305 	mrs	r3, IPSR
10000876:	2b00      	cmp	r3, #0
10000878:	d02a      	beq.n	100008d0 <irq_add_tail_to_free_list+0x6c>
1000087a:	f3ef 8c10 	mrs	ip, PRIMASK
1000087e:	b672      	cpsid	i
10000880:	4a27      	ldr	r2, [pc, #156]	; (10000920 <irq_add_tail_to_free_list+0xbc>)
10000882:	6812      	ldr	r2, [r2, #0]
10000884:	2a00      	cmp	r2, #0
10000886:	d0fb      	beq.n	10000880 <irq_add_tail_to_free_list+0x1c>
10000888:	f3bf 8f5f 	dmb	sy
1000088c:	4a25      	ldr	r2, [pc, #148]	; (10000924 <irq_add_tail_to_free_list+0xc0>)
1000088e:	0004      	movs	r4, r0
10000890:	4d22      	ldr	r5, [pc, #136]	; (1000091c <irq_add_tail_to_free_list+0xb8>)
10000892:	1b64      	subs	r4, r4, r5
10000894:	4164      	adcs	r4, r4
10000896:	4362      	muls	r2, r4
10000898:	0d12      	lsrs	r2, r2, #20
1000089a:	b254      	sxtb	r4, r2
1000089c:	4a22      	ldr	r2, [pc, #136]	; (10000928 <irq_add_tail_to_free_list+0xc4>)
1000089e:	6892      	ldr	r2, [r2, #8]
100008a0:	009b      	lsls	r3, r3, #2
100008a2:	58d2      	ldr	r2, [r2, r3]
100008a4:	428a      	cmp	r2, r1
100008a6:	d019      	beq.n	100008dc <irq_add_tail_to_free_list+0x78>
100008a8:	2200      	movs	r2, #0
100008aa:	2a03      	cmp	r2, #3
100008ac:	d830      	bhi.n	10000910 <irq_add_tail_to_free_list+0xac>
100008ae:	0053      	lsls	r3, r2, #1
100008b0:	189b      	adds	r3, r3, r2
100008b2:	009b      	lsls	r3, r3, #2
100008b4:	4919      	ldr	r1, [pc, #100]	; (1000091c <irq_add_tail_to_free_list+0xb8>)
100008b6:	18cb      	adds	r3, r1, r3
100008b8:	799b      	ldrb	r3, [r3, #6]
100008ba:	b25b      	sxtb	r3, r3
100008bc:	42a3      	cmp	r3, r4
100008be:	d01d      	beq.n	100008fc <irq_add_tail_to_free_list+0x98>
100008c0:	3201      	adds	r2, #1
100008c2:	e7f2      	b.n	100008aa <irq_add_tail_to_free_list+0x46>
100008c4:	4b19      	ldr	r3, [pc, #100]	; (1000092c <irq_add_tail_to_free_list+0xc8>)
100008c6:	4a1a      	ldr	r2, [pc, #104]	; (10000930 <irq_add_tail_to_free_list+0xcc>)
100008c8:	491a      	ldr	r1, [pc, #104]	; (10000934 <irq_add_tail_to_free_list+0xd0>)
100008ca:	481b      	ldr	r0, [pc, #108]	; (10000938 <irq_add_tail_to_free_list+0xd4>)
100008cc:	f002 ff58 	bl	10003780 <__assert_func>
100008d0:	4b1a      	ldr	r3, [pc, #104]	; (1000093c <irq_add_tail_to_free_list+0xd8>)
100008d2:	4a17      	ldr	r2, [pc, #92]	; (10000930 <irq_add_tail_to_free_list+0xcc>)
100008d4:	491a      	ldr	r1, [pc, #104]	; (10000940 <irq_add_tail_to_free_list+0xdc>)
100008d6:	4818      	ldr	r0, [pc, #96]	; (10000938 <irq_add_tail_to_free_list+0xd4>)
100008d8:	f002 ff52 	bl	10003780 <__assert_func>
100008dc:	4a12      	ldr	r2, [pc, #72]	; (10000928 <irq_add_tail_to_free_list+0xc4>)
100008de:	6892      	ldr	r2, [r2, #8]
100008e0:	4918      	ldr	r1, [pc, #96]	; (10000944 <irq_add_tail_to_free_list+0xe0>)
100008e2:	50d1      	str	r1, [r2, r3]
100008e4:	4b18      	ldr	r3, [pc, #96]	; (10000948 <irq_add_tail_to_free_list+0xe4>)
100008e6:	781a      	ldrb	r2, [r3, #0]
100008e8:	7182      	strb	r2, [r0, #6]
100008ea:	701c      	strb	r4, [r3, #0]
100008ec:	f3bf 8f5f 	dmb	sy
100008f0:	4b0b      	ldr	r3, [pc, #44]	; (10000920 <irq_add_tail_to_free_list+0xbc>)
100008f2:	2200      	movs	r2, #0
100008f4:	601a      	str	r2, [r3, #0]
100008f6:	f38c 8810 	msr	PRIMASK, ip
100008fa:	bd70      	pop	{r4, r5, r6, pc}
100008fc:	000d      	movs	r5, r1
100008fe:	0053      	lsls	r3, r2, #1
10000900:	1899      	adds	r1, r3, r2
10000902:	0089      	lsls	r1, r1, #2
10000904:	1869      	adds	r1, r5, r1
10000906:	26ff      	movs	r6, #255	; 0xff
10000908:	718e      	strb	r6, [r1, #6]
1000090a:	4a10      	ldr	r2, [pc, #64]	; (1000094c <irq_add_tail_to_free_list+0xe8>)
1000090c:	808a      	strh	r2, [r1, #4]
1000090e:	e7e9      	b.n	100008e4 <irq_add_tail_to_free_list+0x80>
10000910:	4b0f      	ldr	r3, [pc, #60]	; (10000950 <irq_add_tail_to_free_list+0xec>)
10000912:	4a07      	ldr	r2, [pc, #28]	; (10000930 <irq_add_tail_to_free_list+0xcc>)
10000914:	490f      	ldr	r1, [pc, #60]	; (10000954 <irq_add_tail_to_free_list+0xf0>)
10000916:	4808      	ldr	r0, [pc, #32]	; (10000938 <irq_add_tail_to_free_list+0xd4>)
10000918:	f002 ff32 	bl	10003780 <__assert_func>
1000091c:	2000023c 	.word	0x2000023c
10000920:	d0000124 	.word	0xd0000124
10000924:	0000aaaa 	.word	0x0000aaaa
10000928:	e000ed00 	.word	0xe000ed00
1000092c:	10004050 	.word	0x10004050
10000930:	1000408c 	.word	0x1000408c
10000934:	0000026e 	.word	0x0000026e
10000938:	10003e94 	.word	0x10003e94
1000093c:	10004078 	.word	0x10004078
10000940:	00000271 	.word	0x00000271
10000944:	100001cd 	.word	0x100001cd
10000948:	200006d8 	.word	0x200006d8
1000094c:	ffffbd01 	.word	0xffffbd01
10000950:	10004084 	.word	0x10004084
10000954:	00000282 	.word	0x00000282

10000958 <lock_init>:
10000958:	4b02      	ldr	r3, [pc, #8]	; (10000964 <lock_init+0xc>)
1000095a:	469c      	mov	ip, r3
1000095c:	4461      	add	r1, ip
1000095e:	0089      	lsls	r1, r1, #2
10000960:	6001      	str	r1, [r0, #0]
10000962:	4770      	bx	lr
10000964:	34000040 	.word	0x34000040

10000968 <mutex_init>:
10000968:	b510      	push	{r4, lr}
1000096a:	0004      	movs	r4, r0
1000096c:	f7ff fdc2 	bl	100004f4 <next_striped_spin_lock_num>
10000970:	0001      	movs	r1, r0
10000972:	0020      	movs	r0, r4
10000974:	f7ff fff0 	bl	10000958 <lock_init>
10000978:	23ff      	movs	r3, #255	; 0xff
1000097a:	7123      	strb	r3, [r4, #4]
1000097c:	f3bf 8f5f 	dmb	sy
10000980:	bd10      	pop	{r4, pc}

10000982 <recursive_mutex_init>:
10000982:	b510      	push	{r4, lr}
10000984:	0004      	movs	r4, r0
10000986:	f7ff fdb5 	bl	100004f4 <next_striped_spin_lock_num>
1000098a:	0001      	movs	r1, r0
1000098c:	0020      	movs	r0, r4
1000098e:	f7ff ffe3 	bl	10000958 <lock_init>
10000992:	23ff      	movs	r3, #255	; 0xff
10000994:	7123      	strb	r3, [r4, #4]
10000996:	2300      	movs	r3, #0
10000998:	7163      	strb	r3, [r4, #5]
1000099a:	f3bf 8f5f 	dmb	sy
1000099e:	bd10      	pop	{r4, pc}

100009a0 <runtime_init_mutex>:
100009a0:	b510      	push	{r4, lr}
100009a2:	4c0d      	ldr	r4, [pc, #52]	; (100009d8 <runtime_init_mutex+0x38>)
100009a4:	e009      	b.n	100009ba <runtime_init_mutex+0x1a>
100009a6:	4b0d      	ldr	r3, [pc, #52]	; (100009dc <runtime_init_mutex+0x3c>)
100009a8:	4a0d      	ldr	r2, [pc, #52]	; (100009e0 <runtime_init_mutex+0x40>)
100009aa:	211a      	movs	r1, #26
100009ac:	480d      	ldr	r0, [pc, #52]	; (100009e4 <runtime_init_mutex+0x44>)
100009ae:	f002 fee7 	bl	10003780 <__assert_func>
100009b2:	0020      	movs	r0, r4
100009b4:	f7ff ffd8 	bl	10000968 <mutex_init>
100009b8:	3408      	adds	r4, #8
100009ba:	4b0b      	ldr	r3, [pc, #44]	; (100009e8 <runtime_init_mutex+0x48>)
100009bc:	429c      	cmp	r4, r3
100009be:	d209      	bcs.n	100009d4 <runtime_init_mutex+0x34>
100009c0:	6823      	ldr	r3, [r4, #0]
100009c2:	2b00      	cmp	r3, #0
100009c4:	d0f5      	beq.n	100009b2 <runtime_init_mutex+0x12>
100009c6:	2b01      	cmp	r3, #1
100009c8:	d1ed      	bne.n	100009a6 <runtime_init_mutex+0x6>
100009ca:	0020      	movs	r0, r4
100009cc:	f7ff ffd9 	bl	10000982 <recursive_mutex_init>
100009d0:	3408      	adds	r4, #8
100009d2:	e7f2      	b.n	100009ba <runtime_init_mutex+0x1a>
100009d4:	bd10      	pop	{r4, pc}
100009d6:	46c0      	nop			; (mov r8, r8)
100009d8:	200002d8 	.word	0x200002d8
100009dc:	10004104 	.word	0x10004104
100009e0:	100041e4 	.word	0x100041e4
100009e4:	10004124 	.word	0x10004124
100009e8:	200002e0 	.word	0x200002e0

100009ec <make_alarm_id>:
100009ec:	0400      	lsls	r0, r0, #16
100009ee:	4308      	orrs	r0, r1
100009f0:	4770      	bx	lr
	...

100009f4 <sleep_until_callback>:
100009f4:	4b0a      	ldr	r3, [pc, #40]	; (10000a20 <sleep_until_callback+0x2c>)
100009f6:	681a      	ldr	r2, [r3, #0]
100009f8:	f3ef 8110 	mrs	r1, PRIMASK
100009fc:	b672      	cpsid	i
100009fe:	6813      	ldr	r3, [r2, #0]
10000a00:	2b00      	cmp	r3, #0
10000a02:	d0fc      	beq.n	100009fe <sleep_until_callback+0xa>
10000a04:	f3bf 8f5f 	dmb	sy
10000a08:	4b05      	ldr	r3, [pc, #20]	; (10000a20 <sleep_until_callback+0x2c>)
10000a0a:	681b      	ldr	r3, [r3, #0]
10000a0c:	f3bf 8f5f 	dmb	sy
10000a10:	2200      	movs	r2, #0
10000a12:	601a      	str	r2, [r3, #0]
10000a14:	f381 8810 	msr	PRIMASK, r1
10000a18:	bf40      	sev
10000a1a:	2000      	movs	r0, #0
10000a1c:	2100      	movs	r1, #0
10000a1e:	4770      	bx	lr
10000a20:	200006cc 	.word	0x200006cc

10000a24 <alarm_pool_irq_handler>:
10000a24:	b5f0      	push	{r4, r5, r6, r7, lr}
10000a26:	46de      	mov	lr, fp
10000a28:	4657      	mov	r7, sl
10000a2a:	464e      	mov	r6, r9
10000a2c:	4645      	mov	r5, r8
10000a2e:	b5e0      	push	{r5, r6, r7, lr}
10000a30:	b083      	sub	sp, #12
10000a32:	f3ef 8305 	mrs	r3, IPSR
10000a36:	2203      	movs	r2, #3
10000a38:	401a      	ands	r2, r3
10000a3a:	4693      	mov	fp, r2
10000a3c:	0092      	lsls	r2, r2, #2
10000a3e:	4bab      	ldr	r3, [pc, #684]	; (10000cec <alarm_pool_irq_handler+0x2c8>)
10000a40:	58d3      	ldr	r3, [r2, r3]
10000a42:	4698      	mov	r8, r3
10000a44:	781b      	ldrb	r3, [r3, #0]
10000a46:	455b      	cmp	r3, fp
10000a48:	d10c      	bne.n	10000a64 <alarm_pool_irq_handler+0x40>
10000a4a:	48a9      	ldr	r0, [pc, #676]	; (10000cf0 <alarm_pool_irq_handler+0x2cc>)
10000a4c:	f000 fb84 	bl	10001158 <timer_time_us_64>
10000a50:	0002      	movs	r2, r0
10000a52:	000b      	movs	r3, r1
10000a54:	2101      	movs	r1, #1
10000a56:	4658      	mov	r0, fp
10000a58:	4081      	lsls	r1, r0
10000a5a:	0008      	movs	r0, r1
10000a5c:	468a      	mov	sl, r1
10000a5e:	49a5      	ldr	r1, [pc, #660]	; (10000cf4 <alarm_pool_irq_handler+0x2d0>)
10000a60:	6008      	str	r0, [r1, #0]
10000a62:	e077      	b.n	10000b54 <alarm_pool_irq_handler+0x130>
10000a64:	4ba4      	ldr	r3, [pc, #656]	; (10000cf8 <alarm_pool_irq_handler+0x2d4>)
10000a66:	4aa5      	ldr	r2, [pc, #660]	; (10000cfc <alarm_pool_irq_handler+0x2d8>)
10000a68:	2190      	movs	r1, #144	; 0x90
10000a6a:	48a5      	ldr	r0, [pc, #660]	; (10000d00 <alarm_pool_irq_handler+0x2dc>)
10000a6c:	f002 fe88 	bl	10003780 <__assert_func>
10000a70:	694c      	ldr	r4, [r1, #20]
10000a72:	0020      	movs	r0, r4
10000a74:	6923      	ldr	r3, [r4, #16]
10000a76:	4798      	blx	r3
10000a78:	2800      	cmp	r0, #0
10000a7a:	d025      	beq.n	10000ac8 <alarm_pool_irq_handler+0xa4>
10000a7c:	6823      	ldr	r3, [r4, #0]
10000a7e:	6864      	ldr	r4, [r4, #4]
10000a80:	9300      	str	r3, [sp, #0]
10000a82:	9401      	str	r4, [sp, #4]
10000a84:	e08d      	b.n	10000ba2 <alarm_pool_irq_handler+0x17e>
10000a86:	489a      	ldr	r0, [pc, #616]	; (10000cf0 <alarm_pool_irq_handler+0x2cc>)
10000a88:	f000 fb66 	bl	10001158 <timer_time_us_64>
10000a8c:	9e00      	ldr	r6, [sp, #0]
10000a8e:	9f01      	ldr	r7, [sp, #4]
10000a90:	1836      	adds	r6, r6, r0
10000a92:	414f      	adcs	r7, r1
10000a94:	9600      	str	r6, [sp, #0]
10000a96:	9701      	str	r7, [sp, #4]
10000a98:	e091      	b.n	10000bbe <alarm_pool_irq_handler+0x19a>
10000a9a:	4684      	mov	ip, r0
10000a9c:	4663      	mov	r3, ip
10000a9e:	2400      	movs	r4, #0
10000aa0:	5f1c      	ldrsh	r4, [r3, r4]
10000aa2:	2c00      	cmp	r4, #0
10000aa4:	db0b      	blt.n	10000abe <alarm_pool_irq_handler+0x9a>
10000aa6:	0060      	lsls	r0, r4, #1
10000aa8:	1900      	adds	r0, r0, r4
10000aaa:	00c0      	lsls	r0, r0, #3
10000aac:	1808      	adds	r0, r1, r0
10000aae:	9a00      	ldr	r2, [sp, #0]
10000ab0:	9b01      	ldr	r3, [sp, #4]
10000ab2:	6886      	ldr	r6, [r0, #8]
10000ab4:	68c7      	ldr	r7, [r0, #12]
10000ab6:	1b92      	subs	r2, r2, r6
10000ab8:	41bb      	sbcs	r3, r7
10000aba:	2b00      	cmp	r3, #0
10000abc:	daed      	bge.n	10000a9a <alarm_pool_irq_handler+0x76>
10000abe:	464b      	mov	r3, r9
10000ac0:	801c      	strh	r4, [r3, #0]
10000ac2:	4663      	mov	r3, ip
10000ac4:	801d      	strh	r5, [r3, #0]
10000ac6:	e01b      	b.n	10000b00 <alarm_pool_irq_handler+0xdc>
10000ac8:	464b      	mov	r3, r9
10000aca:	2200      	movs	r2, #0
10000acc:	5e9b      	ldrsh	r3, [r3, r2]
10000ace:	4642      	mov	r2, r8
10000ad0:	8113      	strh	r3, [r2, #8]
10000ad2:	6912      	ldr	r2, [r2, #16]
10000ad4:	f3ef 8310 	mrs	r3, PRIMASK
10000ad8:	b672      	cpsid	i
10000ada:	6811      	ldr	r1, [r2, #0]
10000adc:	2900      	cmp	r1, #0
10000ade:	d0fc      	beq.n	10000ada <alarm_pool_irq_handler+0xb6>
10000ae0:	f3bf 8f5f 	dmb	sy
10000ae4:	4642      	mov	r2, r8
10000ae6:	2102      	movs	r1, #2
10000ae8:	5e52      	ldrsh	r2, [r2, r1]
10000aea:	4649      	mov	r1, r9
10000aec:	800a      	strh	r2, [r1, #0]
10000aee:	4642      	mov	r2, r8
10000af0:	8055      	strh	r5, [r2, #2]
10000af2:	6912      	ldr	r2, [r2, #16]
10000af4:	f3bf 8f5f 	dmb	sy
10000af8:	2100      	movs	r1, #0
10000afa:	6011      	str	r1, [r2, #0]
10000afc:	f383 8810 	msr	PRIMASK, r3
10000b00:	4643      	mov	r3, r8
10000b02:	889b      	ldrh	r3, [r3, #4]
10000b04:	b21b      	sxth	r3, r3
10000b06:	2b00      	cmp	r3, #0
10000b08:	da74      	bge.n	10000bf4 <alarm_pool_irq_handler+0x1d0>
10000b0a:	4643      	mov	r3, r8
10000b0c:	799b      	ldrb	r3, [r3, #6]
10000b0e:	2b00      	cmp	r3, #0
10000b10:	d000      	beq.n	10000b14 <alarm_pool_irq_handler+0xf0>
10000b12:	e0b6      	b.n	10000c82 <alarm_pool_irq_handler+0x25e>
10000b14:	4876      	ldr	r0, [pc, #472]	; (10000cf0 <alarm_pool_irq_handler+0x2cc>)
10000b16:	f000 fb1f 	bl	10001158 <timer_time_us_64>
10000b1a:	0002      	movs	r2, r0
10000b1c:	000b      	movs	r3, r1
10000b1e:	4641      	mov	r1, r8
10000b20:	2008      	movs	r0, #8
10000b22:	5e08      	ldrsh	r0, [r1, r0]
10000b24:	2800      	cmp	r0, #0
10000b26:	da00      	bge.n	10000b2a <alarm_pool_irq_handler+0x106>
10000b28:	e0d9      	b.n	10000cde <alarm_pool_irq_handler+0x2ba>
10000b2a:	0041      	lsls	r1, r0, #1
10000b2c:	1809      	adds	r1, r1, r0
10000b2e:	00c9      	lsls	r1, r1, #3
10000b30:	4640      	mov	r0, r8
10000b32:	6940      	ldr	r0, [r0, #20]
10000b34:	4684      	mov	ip, r0
10000b36:	4461      	add	r1, ip
10000b38:	6888      	ldr	r0, [r1, #8]
10000b3a:	68c9      	ldr	r1, [r1, #12]
10000b3c:	465c      	mov	r4, fp
10000b3e:	3404      	adds	r4, #4
10000b40:	00a4      	lsls	r4, r4, #2
10000b42:	4d6b      	ldr	r5, [pc, #428]	; (10000cf0 <alarm_pool_irq_handler+0x2cc>)
10000b44:	5160      	str	r0, [r4, r5]
10000b46:	1a80      	subs	r0, r0, r2
10000b48:	4199      	sbcs	r1, r3
10000b4a:	2900      	cmp	r1, #0
10000b4c:	dd00      	ble.n	10000b50 <alarm_pool_irq_handler+0x12c>
10000b4e:	e0c6      	b.n	10000cde <alarm_pool_irq_handler+0x2ba>
10000b50:	d100      	bne.n	10000b54 <alarm_pool_irq_handler+0x130>
10000b52:	e0c1      	b.n	10000cd8 <alarm_pool_irq_handler+0x2b4>
10000b54:	4966      	ldr	r1, [pc, #408]	; (10000cf0 <alarm_pool_irq_handler+0x2cc>)
10000b56:	4650      	mov	r0, sl
10000b58:	6348      	str	r0, [r1, #52]	; 0x34
10000b5a:	4641      	mov	r1, r8
10000b5c:	2508      	movs	r5, #8
10000b5e:	5f4d      	ldrsh	r5, [r1, r5]
10000b60:	2d00      	cmp	r5, #0
10000b62:	dbcd      	blt.n	10000b00 <alarm_pool_irq_handler+0xdc>
10000b64:	0069      	lsls	r1, r5, #1
10000b66:	1949      	adds	r1, r1, r5
10000b68:	00c9      	lsls	r1, r1, #3
10000b6a:	4640      	mov	r0, r8
10000b6c:	6940      	ldr	r0, [r0, #20]
10000b6e:	4681      	mov	r9, r0
10000b70:	4489      	add	r9, r1
10000b72:	4649      	mov	r1, r9
10000b74:	688e      	ldr	r6, [r1, #8]
10000b76:	68cf      	ldr	r7, [r1, #12]
10000b78:	1b92      	subs	r2, r2, r6
10000b7a:	41bb      	sbcs	r3, r7
10000b7c:	2b00      	cmp	r3, #0
10000b7e:	dbbf      	blt.n	10000b00 <alarm_pool_irq_handler+0xdc>
10000b80:	2f00      	cmp	r7, #0
10000b82:	dba1      	blt.n	10000ac8 <alarm_pool_irq_handler+0xa4>
10000b84:	690c      	ldr	r4, [r1, #16]
10000b86:	4b5f      	ldr	r3, [pc, #380]	; (10000d04 <alarm_pool_irq_handler+0x2e0>)
10000b88:	429c      	cmp	r4, r3
10000b8a:	d100      	bne.n	10000b8e <alarm_pool_irq_handler+0x16a>
10000b8c:	e770      	b.n	10000a70 <alarm_pool_irq_handler+0x4c>
10000b8e:	8849      	ldrh	r1, [r1, #2]
10000b90:	b289      	uxth	r1, r1
10000b92:	0028      	movs	r0, r5
10000b94:	f7ff ff2a 	bl	100009ec <make_alarm_id>
10000b98:	464b      	mov	r3, r9
10000b9a:	6959      	ldr	r1, [r3, #20]
10000b9c:	47a0      	blx	r4
10000b9e:	9000      	str	r0, [sp, #0]
10000ba0:	9101      	str	r1, [sp, #4]
10000ba2:	9900      	ldr	r1, [sp, #0]
10000ba4:	9a01      	ldr	r2, [sp, #4]
10000ba6:	000b      	movs	r3, r1
10000ba8:	4313      	orrs	r3, r2
10000baa:	d100      	bne.n	10000bae <alarm_pool_irq_handler+0x18a>
10000bac:	e78c      	b.n	10000ac8 <alarm_pool_irq_handler+0xa4>
10000bae:	000b      	movs	r3, r1
10000bb0:	1e14      	subs	r4, r2, #0
10000bb2:	db00      	blt.n	10000bb6 <alarm_pool_irq_handler+0x192>
10000bb4:	e767      	b.n	10000a86 <alarm_pool_irq_handler+0x62>
10000bb6:	1af6      	subs	r6, r6, r3
10000bb8:	41a7      	sbcs	r7, r4
10000bba:	9600      	str	r6, [sp, #0]
10000bbc:	9701      	str	r7, [sp, #4]
10000bbe:	464b      	mov	r3, r9
10000bc0:	9e00      	ldr	r6, [sp, #0]
10000bc2:	9f01      	ldr	r7, [sp, #4]
10000bc4:	609e      	str	r6, [r3, #8]
10000bc6:	60df      	str	r7, [r3, #12]
10000bc8:	2000      	movs	r0, #0
10000bca:	5e18      	ldrsh	r0, [r3, r0]
10000bcc:	2800      	cmp	r0, #0
10000bce:	db97      	blt.n	10000b00 <alarm_pool_irq_handler+0xdc>
10000bd0:	4643      	mov	r3, r8
10000bd2:	6959      	ldr	r1, [r3, #20]
10000bd4:	0043      	lsls	r3, r0, #1
10000bd6:	181b      	adds	r3, r3, r0
10000bd8:	00db      	lsls	r3, r3, #3
10000bda:	18cb      	adds	r3, r1, r3
10000bdc:	689a      	ldr	r2, [r3, #8]
10000bde:	68db      	ldr	r3, [r3, #12]
10000be0:	1ab6      	subs	r6, r6, r2
10000be2:	419f      	sbcs	r7, r3
10000be4:	2f00      	cmp	r7, #0
10000be6:	db8b      	blt.n	10000b00 <alarm_pool_irq_handler+0xdc>
10000be8:	4643      	mov	r3, r8
10000bea:	8118      	strh	r0, [r3, #8]
10000bec:	2308      	movs	r3, #8
10000bee:	4443      	add	r3, r8
10000bf0:	469c      	mov	ip, r3
10000bf2:	e753      	b.n	10000a9c <alarm_pool_irq_handler+0x78>
10000bf4:	4643      	mov	r3, r8
10000bf6:	691a      	ldr	r2, [r3, #16]
10000bf8:	f3ef 8110 	mrs	r1, PRIMASK
10000bfc:	b672      	cpsid	i
10000bfe:	6813      	ldr	r3, [r2, #0]
10000c00:	2b00      	cmp	r3, #0
10000c02:	d0fc      	beq.n	10000bfe <alarm_pool_irq_handler+0x1da>
10000c04:	f3bf 8f5f 	dmb	sy
10000c08:	4643      	mov	r3, r8
10000c0a:	889b      	ldrh	r3, [r3, #4]
10000c0c:	b21b      	sxth	r3, r3
10000c0e:	4699      	mov	r9, r3
10000c10:	2301      	movs	r3, #1
10000c12:	425b      	negs	r3, r3
10000c14:	4642      	mov	r2, r8
10000c16:	8093      	strh	r3, [r2, #4]
10000c18:	6913      	ldr	r3, [r2, #16]
10000c1a:	f3bf 8f5f 	dmb	sy
10000c1e:	2200      	movs	r2, #0
10000c20:	601a      	str	r2, [r3, #0]
10000c22:	f381 8810 	msr	PRIMASK, r1
10000c26:	e018      	b.n	10000c5a <alarm_pool_irq_handler+0x236>
10000c28:	0026      	movs	r6, r4
10000c2a:	2300      	movs	r3, #0
10000c2c:	5ef5      	ldrsh	r5, [r6, r3]
10000c2e:	2d00      	cmp	r5, #0
10000c30:	db0b      	blt.n	10000c4a <alarm_pool_irq_handler+0x226>
10000c32:	006c      	lsls	r4, r5, #1
10000c34:	1964      	adds	r4, r4, r5
10000c36:	00e4      	lsls	r4, r4, #3
10000c38:	193c      	adds	r4, r7, r4
10000c3a:	9a00      	ldr	r2, [sp, #0]
10000c3c:	9b01      	ldr	r3, [sp, #4]
10000c3e:	68a0      	ldr	r0, [r4, #8]
10000c40:	68e1      	ldr	r1, [r4, #12]
10000c42:	1a12      	subs	r2, r2, r0
10000c44:	418b      	sbcs	r3, r1
10000c46:	2b00      	cmp	r3, #0
10000c48:	daee      	bge.n	10000c28 <alarm_pool_irq_handler+0x204>
10000c4a:	464b      	mov	r3, r9
10000c4c:	8033      	strh	r3, [r6, #0]
10000c4e:	4663      	mov	r3, ip
10000c50:	2200      	movs	r2, #0
10000c52:	5e9b      	ldrsh	r3, [r3, r2]
10000c54:	4699      	mov	r9, r3
10000c56:	4663      	mov	r3, ip
10000c58:	801d      	strh	r5, [r3, #0]
10000c5a:	464b      	mov	r3, r9
10000c5c:	2b00      	cmp	r3, #0
10000c5e:	da00      	bge.n	10000c62 <alarm_pool_irq_handler+0x23e>
10000c60:	e753      	b.n	10000b0a <alarm_pool_irq_handler+0xe6>
10000c62:	4643      	mov	r3, r8
10000c64:	695f      	ldr	r7, [r3, #20]
10000c66:	464b      	mov	r3, r9
10000c68:	005b      	lsls	r3, r3, #1
10000c6a:	444b      	add	r3, r9
10000c6c:	00db      	lsls	r3, r3, #3
10000c6e:	469c      	mov	ip, r3
10000c70:	44bc      	add	ip, r7
10000c72:	4663      	mov	r3, ip
10000c74:	68dc      	ldr	r4, [r3, #12]
10000c76:	689b      	ldr	r3, [r3, #8]
10000c78:	9300      	str	r3, [sp, #0]
10000c7a:	9401      	str	r4, [sp, #4]
10000c7c:	4646      	mov	r6, r8
10000c7e:	3608      	adds	r6, #8
10000c80:	e7d3      	b.n	10000c2a <alarm_pool_irq_handler+0x206>
10000c82:	2300      	movs	r3, #0
10000c84:	4642      	mov	r2, r8
10000c86:	7193      	strb	r3, [r2, #6]
10000c88:	4641      	mov	r1, r8
10000c8a:	3108      	adds	r1, #8
10000c8c:	4643      	mov	r3, r8
10000c8e:	2008      	movs	r0, #8
10000c90:	5e18      	ldrsh	r0, [r3, r0]
10000c92:	e011      	b.n	10000cb8 <alarm_pool_irq_handler+0x294>
10000c94:	2201      	movs	r2, #1
10000c96:	4252      	negs	r2, r2
10000c98:	17d3      	asrs	r3, r2, #31
10000c9a:	60a2      	str	r2, [r4, #8]
10000c9c:	60e3      	str	r3, [r4, #12]
10000c9e:	4643      	mov	r3, r8
10000ca0:	2208      	movs	r2, #8
10000ca2:	5e9b      	ldrsh	r3, [r3, r2]
10000ca4:	4283      	cmp	r3, r0
10000ca6:	d006      	beq.n	10000cb6 <alarm_pool_irq_handler+0x292>
10000ca8:	800d      	strh	r5, [r1, #0]
10000caa:	4643      	mov	r3, r8
10000cac:	2208      	movs	r2, #8
10000cae:	5e9b      	ldrsh	r3, [r3, r2]
10000cb0:	8023      	strh	r3, [r4, #0]
10000cb2:	4643      	mov	r3, r8
10000cb4:	8118      	strh	r0, [r3, #8]
10000cb6:	0028      	movs	r0, r5
10000cb8:	1c43      	adds	r3, r0, #1
10000cba:	d100      	bne.n	10000cbe <alarm_pool_irq_handler+0x29a>
10000cbc:	e72a      	b.n	10000b14 <alarm_pool_irq_handler+0xf0>
10000cbe:	4643      	mov	r3, r8
10000cc0:	695a      	ldr	r2, [r3, #20]
10000cc2:	0043      	lsls	r3, r0, #1
10000cc4:	181b      	adds	r3, r3, r0
10000cc6:	00db      	lsls	r3, r3, #3
10000cc8:	18d4      	adds	r4, r2, r3
10000cca:	5ed5      	ldrsh	r5, [r2, r3]
10000ccc:	8863      	ldrh	r3, [r4, #2]
10000cce:	b21b      	sxth	r3, r3
10000cd0:	2b00      	cmp	r3, #0
10000cd2:	dbdf      	blt.n	10000c94 <alarm_pool_irq_handler+0x270>
10000cd4:	0021      	movs	r1, r4
10000cd6:	e7ee      	b.n	10000cb6 <alarm_pool_irq_handler+0x292>
10000cd8:	2800      	cmp	r0, #0
10000cda:	d100      	bne.n	10000cde <alarm_pool_irq_handler+0x2ba>
10000cdc:	e73a      	b.n	10000b54 <alarm_pool_irq_handler+0x130>
10000cde:	b003      	add	sp, #12
10000ce0:	bcf0      	pop	{r4, r5, r6, r7}
10000ce2:	46bb      	mov	fp, r7
10000ce4:	46b2      	mov	sl, r6
10000ce6:	46a9      	mov	r9, r5
10000ce8:	46a0      	mov	r8, r4
10000cea:	bdf0      	pop	{r4, r5, r6, r7, pc}
10000cec:	200004b8 	.word	0x200004b8
10000cf0:	40054000 	.word	0x40054000
10000cf4:	4005703c 	.word	0x4005703c
10000cf8:	100041f8 	.word	0x100041f8
10000cfc:	100042f8 	.word	0x100042f8
10000d00:	10004224 	.word	0x10004224
10000d04:	10000a25 	.word	0x10000a25

10000d08 <alarm_pool_post_alloc_init>:
10000d08:	b5f8      	push	{r3, r4, r5, r6, r7, lr}
10000d0a:	46ce      	mov	lr, r9
10000d0c:	4647      	mov	r7, r8
10000d0e:	b580      	push	{r7, lr}
10000d10:	0006      	movs	r6, r0
10000d12:	4688      	mov	r8, r1
10000d14:	4691      	mov	r9, r2
10000d16:	001f      	movs	r7, r3
10000d18:	60c1      	str	r1, [r0, #12]
10000d1a:	f7ff fbeb 	bl	100004f4 <next_striped_spin_lock_num>
10000d1e:	4b1b      	ldr	r3, [pc, #108]	; (10000d8c <alarm_pool_post_alloc_init+0x84>)
10000d20:	469c      	mov	ip, r3
10000d22:	4460      	add	r0, ip
10000d24:	0080      	lsls	r0, r0, #2
10000d26:	6130      	str	r0, [r6, #16]
10000d28:	464b      	mov	r3, r9
10000d2a:	7033      	strb	r3, [r6, #0]
10000d2c:	b2bb      	uxth	r3, r7
10000d2e:	8173      	strh	r3, [r6, #10]
10000d30:	22d0      	movs	r2, #208	; 0xd0
10000d32:	0612      	lsls	r2, r2, #24
10000d34:	7812      	ldrb	r2, [r2, #0]
10000d36:	7072      	strb	r2, [r6, #1]
10000d38:	2201      	movs	r2, #1
10000d3a:	4252      	negs	r2, r2
10000d3c:	8132      	strh	r2, [r6, #8]
10000d3e:	80b2      	strh	r2, [r6, #4]
10000d40:	189b      	adds	r3, r3, r2
10000d42:	8073      	strh	r3, [r6, #2]
10000d44:	2400      	movs	r4, #0
10000d46:	e006      	b.n	10000d56 <alarm_pool_post_alloc_init+0x4e>
10000d48:	1e63      	subs	r3, r4, #1
10000d4a:	0065      	lsls	r5, r4, #1
10000d4c:	192d      	adds	r5, r5, r4
10000d4e:	00ed      	lsls	r5, r5, #3
10000d50:	6972      	ldr	r2, [r6, #20]
10000d52:	5353      	strh	r3, [r2, r5]
10000d54:	3401      	adds	r4, #1
10000d56:	42bc      	cmp	r4, r7
10000d58:	d3f6      	bcc.n	10000d48 <alarm_pool_post_alloc_init+0x40>
10000d5a:	464b      	mov	r3, r9
10000d5c:	009a      	lsls	r2, r3, #2
10000d5e:	4b0c      	ldr	r3, [pc, #48]	; (10000d90 <alarm_pool_post_alloc_init+0x88>)
10000d60:	50d6      	str	r6, [r2, r3]
10000d62:	2401      	movs	r4, #1
10000d64:	464b      	mov	r3, r9
10000d66:	409c      	lsls	r4, r3
10000d68:	4643      	mov	r3, r8
10000d6a:	621c      	str	r4, [r3, #32]
10000d6c:	4909      	ldr	r1, [pc, #36]	; (10000d94 <alarm_pool_post_alloc_init+0x8c>)
10000d6e:	4648      	mov	r0, r9
10000d70:	f7ff fc76 	bl	10000660 <irq_set_exclusive_handler>
10000d74:	2101      	movs	r1, #1
10000d76:	4648      	mov	r0, r9
10000d78:	f7ff fc60 	bl	1000063c <irq_set_enabled>
10000d7c:	4906      	ldr	r1, [pc, #24]	; (10000d98 <alarm_pool_post_alloc_init+0x90>)
10000d7e:	4441      	add	r1, r8
10000d80:	600c      	str	r4, [r1, #0]
10000d82:	bcc0      	pop	{r6, r7}
10000d84:	46b9      	mov	r9, r7
10000d86:	46b0      	mov	r8, r6
10000d88:	bdf8      	pop	{r3, r4, r5, r6, r7, pc}
10000d8a:	46c0      	nop			; (mov r8, r8)
10000d8c:	34000040 	.word	0x34000040
10000d90:	200004b8 	.word	0x200004b8
10000d94:	10000a25 	.word	0x10000a25
10000d98:	00002038 	.word	0x00002038

10000d9c <alarm_pool_get_default>:
10000d9c:	b510      	push	{r4, lr}
10000d9e:	4b06      	ldr	r3, [pc, #24]	; (10000db8 <alarm_pool_get_default+0x1c>)
10000da0:	691b      	ldr	r3, [r3, #16]
10000da2:	2b00      	cmp	r3, #0
10000da4:	d001      	beq.n	10000daa <alarm_pool_get_default+0xe>
10000da6:	4804      	ldr	r0, [pc, #16]	; (10000db8 <alarm_pool_get_default+0x1c>)
10000da8:	bd10      	pop	{r4, pc}
10000daa:	4b04      	ldr	r3, [pc, #16]	; (10000dbc <alarm_pool_get_default+0x20>)
10000dac:	4a04      	ldr	r2, [pc, #16]	; (10000dc0 <alarm_pool_get_default+0x24>)
10000dae:	2165      	movs	r1, #101	; 0x65
10000db0:	4804      	ldr	r0, [pc, #16]	; (10000dc4 <alarm_pool_get_default+0x28>)
10000db2:	f002 fce5 	bl	10003780 <__assert_func>
10000db6:	46c0      	nop			; (mov r8, r8)
10000db8:	20000284 	.word	0x20000284
10000dbc:	1000426c 	.word	0x1000426c
10000dc0:	100042e0 	.word	0x100042e0
10000dc4:	10004224 	.word	0x10004224

10000dc8 <alarm_pool_add_alarm_at_force_in_context>:
10000dc8:	b5f0      	push	{r4, r5, r6, r7, lr}
10000dca:	46c6      	mov	lr, r8
10000dcc:	b500      	push	{lr}
10000dce:	0004      	movs	r4, r0
10000dd0:	6900      	ldr	r0, [r0, #16]
10000dd2:	f3ef 8c10 	mrs	ip, PRIMASK
10000dd6:	b672      	cpsid	i
10000dd8:	6801      	ldr	r1, [r0, #0]
10000dda:	2900      	cmp	r1, #0
10000ddc:	d0fc      	beq.n	10000dd8 <alarm_pool_add_alarm_at_force_in_context+0x10>
10000dde:	f3bf 8f5f 	dmb	sy
10000de2:	2102      	movs	r1, #2
10000de4:	5e66      	ldrsh	r6, [r4, r1]
10000de6:	0075      	lsls	r5, r6, #1
10000de8:	19ad      	adds	r5, r5, r6
10000dea:	00ed      	lsls	r5, r5, #3
10000dec:	6961      	ldr	r1, [r4, #20]
10000dee:	4688      	mov	r8, r1
10000df0:	4445      	add	r5, r8
10000df2:	2e00      	cmp	r6, #0
10000df4:	db02      	blt.n	10000dfc <alarm_pool_add_alarm_at_force_in_context+0x34>
10000df6:	2000      	movs	r0, #0
10000df8:	5e29      	ldrsh	r1, [r5, r0]
10000dfa:	8061      	strh	r1, [r4, #2]
10000dfc:	6921      	ldr	r1, [r4, #16]
10000dfe:	f3bf 8f5f 	dmb	sy
10000e02:	2000      	movs	r0, #0
10000e04:	6008      	str	r0, [r1, #0]
10000e06:	f38c 8810 	msr	PRIMASK, ip
10000e0a:	2e00      	cmp	r6, #0
10000e0c:	db2e      	blt.n	10000e6c <alarm_pool_add_alarm_at_force_in_context+0xa4>
10000e0e:	9906      	ldr	r1, [sp, #24]
10000e10:	6129      	str	r1, [r5, #16]
10000e12:	9907      	ldr	r1, [sp, #28]
10000e14:	6169      	str	r1, [r5, #20]
10000e16:	60aa      	str	r2, [r5, #8]
10000e18:	60eb      	str	r3, [r5, #12]
10000e1a:	886b      	ldrh	r3, [r5, #2]
10000e1c:	3301      	adds	r3, #1
10000e1e:	045b      	lsls	r3, r3, #17
10000e20:	0c59      	lsrs	r1, r3, #17
10000e22:	2b00      	cmp	r3, #0
10000e24:	d100      	bne.n	10000e28 <alarm_pool_add_alarm_at_force_in_context+0x60>
10000e26:	2101      	movs	r1, #1
10000e28:	8069      	strh	r1, [r5, #2]
10000e2a:	0030      	movs	r0, r6
10000e2c:	f7ff fdde 	bl	100009ec <make_alarm_id>
10000e30:	6922      	ldr	r2, [r4, #16]
10000e32:	f3ef 8110 	mrs	r1, PRIMASK
10000e36:	b672      	cpsid	i
10000e38:	6813      	ldr	r3, [r2, #0]
10000e3a:	2b00      	cmp	r3, #0
10000e3c:	d0fc      	beq.n	10000e38 <alarm_pool_add_alarm_at_force_in_context+0x70>
10000e3e:	f3bf 8f5f 	dmb	sy
10000e42:	88a3      	ldrh	r3, [r4, #4]
10000e44:	802b      	strh	r3, [r5, #0]
10000e46:	80a6      	strh	r6, [r4, #4]
10000e48:	6923      	ldr	r3, [r4, #16]
10000e4a:	f3bf 8f5f 	dmb	sy
10000e4e:	2200      	movs	r2, #0
10000e50:	601a      	str	r2, [r3, #0]
10000e52:	f381 8810 	msr	PRIMASK, r1
10000e56:	68e3      	ldr	r3, [r4, #12]
10000e58:	7821      	ldrb	r1, [r4, #0]
10000e5a:	3201      	adds	r2, #1
10000e5c:	408a      	lsls	r2, r1
10000e5e:	4905      	ldr	r1, [pc, #20]	; (10000e74 <alarm_pool_add_alarm_at_force_in_context+0xac>)
10000e60:	468c      	mov	ip, r1
10000e62:	4463      	add	r3, ip
10000e64:	601a      	str	r2, [r3, #0]
10000e66:	bc80      	pop	{r7}
10000e68:	46b8      	mov	r8, r7
10000e6a:	bdf0      	pop	{r4, r5, r6, r7, pc}
10000e6c:	2001      	movs	r0, #1
10000e6e:	4240      	negs	r0, r0
10000e70:	e7f9      	b.n	10000e66 <alarm_pool_add_alarm_at_force_in_context+0x9e>
10000e72:	46c0      	nop			; (mov r8, r8)
10000e74:	0000203c 	.word	0x0000203c

10000e78 <alarm_pool_add_alarm_at>:
10000e78:	b570      	push	{r4, r5, r6, lr}
10000e7a:	b082      	sub	sp, #8
10000e7c:	0006      	movs	r6, r0
10000e7e:	0014      	movs	r4, r2
10000e80:	001d      	movs	r5, r3
10000e82:	ab08      	add	r3, sp, #32
10000e84:	781b      	ldrb	r3, [r3, #0]
10000e86:	2b00      	cmp	r3, #0
10000e88:	d107      	bne.n	10000e9a <alarm_pool_add_alarm_at+0x22>
10000e8a:	f000 f997 	bl	100011bc <time_us_64>
10000e8e:	0022      	movs	r2, r4
10000e90:	002b      	movs	r3, r5
10000e92:	1a12      	subs	r2, r2, r0
10000e94:	418b      	sbcs	r3, r1
10000e96:	2b00      	cmp	r3, #0
10000e98:	db0a      	blt.n	10000eb0 <alarm_pool_add_alarm_at+0x38>
10000e9a:	9b07      	ldr	r3, [sp, #28]
10000e9c:	9301      	str	r3, [sp, #4]
10000e9e:	9b06      	ldr	r3, [sp, #24]
10000ea0:	9300      	str	r3, [sp, #0]
10000ea2:	0022      	movs	r2, r4
10000ea4:	002b      	movs	r3, r5
10000ea6:	0030      	movs	r0, r6
10000ea8:	f7ff ff8e 	bl	10000dc8 <alarm_pool_add_alarm_at_force_in_context>
10000eac:	b002      	add	sp, #8
10000eae:	bd70      	pop	{r4, r5, r6, pc}
10000eb0:	2000      	movs	r0, #0
10000eb2:	e7fb      	b.n	10000eac <alarm_pool_add_alarm_at+0x34>

10000eb4 <alarm_pool_cancel_alarm>:
10000eb4:	b510      	push	{r4, lr}
10000eb6:	0003      	movs	r3, r0
10000eb8:	1408      	asrs	r0, r1, #16
10000eba:	895a      	ldrh	r2, [r3, #10]
10000ebc:	4290      	cmp	r0, r2
10000ebe:	da2f      	bge.n	10000f20 <alarm_pool_cancel_alarm+0x6c>
10000ec0:	0042      	lsls	r2, r0, #1
10000ec2:	1812      	adds	r2, r2, r0
10000ec4:	00d2      	lsls	r2, r2, #3
10000ec6:	6958      	ldr	r0, [r3, #20]
10000ec8:	4684      	mov	ip, r0
10000eca:	4462      	add	r2, ip
10000ecc:	691c      	ldr	r4, [r3, #16]
10000ece:	f3ef 8c10 	mrs	ip, PRIMASK
10000ed2:	b672      	cpsid	i
10000ed4:	6820      	ldr	r0, [r4, #0]
10000ed6:	2800      	cmp	r0, #0
10000ed8:	d0fc      	beq.n	10000ed4 <alarm_pool_cancel_alarm+0x20>
10000eda:	f3bf 8f5f 	dmb	sy
10000ede:	8850      	ldrh	r0, [r2, #2]
10000ee0:	b280      	uxth	r0, r0
10000ee2:	0409      	lsls	r1, r1, #16
10000ee4:	0c09      	lsrs	r1, r1, #16
10000ee6:	4288      	cmp	r0, r1
10000ee8:	d012      	beq.n	10000f10 <alarm_pool_cancel_alarm+0x5c>
10000eea:	2000      	movs	r0, #0
10000eec:	691a      	ldr	r2, [r3, #16]
10000eee:	f3bf 8f5f 	dmb	sy
10000ef2:	2100      	movs	r1, #0
10000ef4:	6011      	str	r1, [r2, #0]
10000ef6:	f38c 8810 	msr	PRIMASK, ip
10000efa:	2800      	cmp	r0, #0
10000efc:	d011      	beq.n	10000f22 <alarm_pool_cancel_alarm+0x6e>
10000efe:	68da      	ldr	r2, [r3, #12]
10000f00:	781b      	ldrb	r3, [r3, #0]
10000f02:	3101      	adds	r1, #1
10000f04:	4099      	lsls	r1, r3
10000f06:	4b07      	ldr	r3, [pc, #28]	; (10000f24 <alarm_pool_cancel_alarm+0x70>)
10000f08:	469c      	mov	ip, r3
10000f0a:	4462      	add	r2, ip
10000f0c:	6011      	str	r1, [r2, #0]
10000f0e:	e008      	b.n	10000f22 <alarm_pool_cancel_alarm+0x6e>
10000f10:	4905      	ldr	r1, [pc, #20]	; (10000f28 <alarm_pool_cancel_alarm+0x74>)
10000f12:	4308      	orrs	r0, r1
10000f14:	b280      	uxth	r0, r0
10000f16:	8050      	strh	r0, [r2, #2]
10000f18:	2201      	movs	r2, #1
10000f1a:	719a      	strb	r2, [r3, #6]
10000f1c:	2001      	movs	r0, #1
10000f1e:	e7e5      	b.n	10000eec <alarm_pool_cancel_alarm+0x38>
10000f20:	2000      	movs	r0, #0
10000f22:	bd10      	pop	{r4, pc}
10000f24:	0000203c 	.word	0x0000203c
10000f28:	ffff8000 	.word	0xffff8000

10000f2c <sleep_until>:
10000f2c:	b5f0      	push	{r4, r5, r6, r7, lr}
10000f2e:	b085      	sub	sp, #20
10000f30:	0006      	movs	r6, r0
10000f32:	000f      	movs	r7, r1
10000f34:	f3ef 8305 	mrs	r3, IPSR
10000f38:	2b00      	cmp	r3, #0
10000f3a:	d11a      	bne.n	10000f72 <sleep_until+0x46>
10000f3c:	2406      	movs	r4, #6
10000f3e:	4264      	negs	r4, r4
10000f40:	17e5      	asrs	r5, r4, #31
10000f42:	19a4      	adds	r4, r4, r6
10000f44:	417d      	adcs	r5, r7
10000f46:	428d      	cmp	r5, r1
10000f48:	d802      	bhi.n	10000f50 <sleep_until+0x24>
10000f4a:	d103      	bne.n	10000f54 <sleep_until+0x28>
10000f4c:	4284      	cmp	r4, r0
10000f4e:	d901      	bls.n	10000f54 <sleep_until+0x28>
10000f50:	2400      	movs	r4, #0
10000f52:	2500      	movs	r5, #0
10000f54:	f000 f932 	bl	100011bc <time_us_64>
10000f58:	0022      	movs	r2, r4
10000f5a:	002b      	movs	r3, r5
10000f5c:	1a12      	subs	r2, r2, r0
10000f5e:	418b      	sbcs	r3, r1
10000f60:	2b00      	cmp	r3, #0
10000f62:	dc0b      	bgt.n	10000f7c <sleep_until+0x50>
10000f64:	d008      	beq.n	10000f78 <sleep_until+0x4c>
10000f66:	0030      	movs	r0, r6
10000f68:	0039      	movs	r1, r7
10000f6a:	f000 f939 	bl	100011e0 <busy_wait_until>
10000f6e:	b005      	add	sp, #20
10000f70:	bdf0      	pop	{r4, r5, r6, r7, pc}
10000f72:	481c      	ldr	r0, [pc, #112]	; (10000fe4 <sleep_until+0xb8>)
10000f74:	f7ff fa76 	bl	10000464 <panic>
10000f78:	2a00      	cmp	r2, #0
10000f7a:	d0f4      	beq.n	10000f66 <sleep_until+0x3a>
10000f7c:	f7ff ff0e 	bl	10000d9c <alarm_pool_get_default>
10000f80:	2300      	movs	r3, #0
10000f82:	9302      	str	r3, [sp, #8]
10000f84:	9301      	str	r3, [sp, #4]
10000f86:	4b18      	ldr	r3, [pc, #96]	; (10000fe8 <sleep_until+0xbc>)
10000f88:	9300      	str	r3, [sp, #0]
10000f8a:	0022      	movs	r2, r4
10000f8c:	002b      	movs	r3, r5
10000f8e:	f7ff ff73 	bl	10000e78 <alarm_pool_add_alarm_at>
10000f92:	2800      	cmp	r0, #0
10000f94:	da18      	bge.n	10000fc8 <sleep_until+0x9c>
10000f96:	e7e6      	b.n	10000f66 <sleep_until+0x3a>
10000f98:	2300      	movs	r3, #0
10000f9a:	e000      	b.n	10000f9e <sleep_until+0x72>
10000f9c:	2300      	movs	r3, #0
10000f9e:	2b00      	cmp	r3, #0
10000fa0:	d1e1      	bne.n	10000f66 <sleep_until+0x3a>
10000fa2:	4b12      	ldr	r3, [pc, #72]	; (10000fec <sleep_until+0xc0>)
10000fa4:	681a      	ldr	r2, [r3, #0]
10000fa6:	f3ef 8110 	mrs	r1, PRIMASK
10000faa:	b672      	cpsid	i
10000fac:	6813      	ldr	r3, [r2, #0]
10000fae:	2b00      	cmp	r3, #0
10000fb0:	d0fc      	beq.n	10000fac <sleep_until+0x80>
10000fb2:	f3bf 8f5f 	dmb	sy
10000fb6:	4b0d      	ldr	r3, [pc, #52]	; (10000fec <sleep_until+0xc0>)
10000fb8:	681b      	ldr	r3, [r3, #0]
10000fba:	f3bf 8f5f 	dmb	sy
10000fbe:	2200      	movs	r2, #0
10000fc0:	601a      	str	r2, [r3, #0]
10000fc2:	f381 8810 	msr	PRIMASK, r1
10000fc6:	bf20      	wfe
10000fc8:	4b09      	ldr	r3, [pc, #36]	; (10000ff0 <sleep_until+0xc4>)
10000fca:	6a5b      	ldr	r3, [r3, #36]	; 0x24
10000fcc:	429d      	cmp	r5, r3
10000fce:	d8e5      	bhi.n	10000f9c <sleep_until+0x70>
10000fd0:	4907      	ldr	r1, [pc, #28]	; (10000ff0 <sleep_until+0xc4>)
10000fd2:	6a89      	ldr	r1, [r1, #40]	; 0x28
10000fd4:	42a1      	cmp	r1, r4
10000fd6:	d203      	bcs.n	10000fe0 <sleep_until+0xb4>
10000fd8:	429d      	cmp	r5, r3
10000fda:	d0dd      	beq.n	10000f98 <sleep_until+0x6c>
10000fdc:	2301      	movs	r3, #1
10000fde:	e7de      	b.n	10000f9e <sleep_until+0x72>
10000fe0:	2301      	movs	r3, #1
10000fe2:	e7dc      	b.n	10000f9e <sleep_until+0x72>
10000fe4:	10004290 	.word	0x10004290
10000fe8:	100009f5 	.word	0x100009f5
10000fec:	200006cc 	.word	0x200006cc
10000ff0:	40054000 	.word	0x40054000

10000ff4 <sleep_us>:
10000ff4:	b570      	push	{r4, r5, r6, lr}
10000ff6:	0004      	movs	r4, r0
10000ff8:	000d      	movs	r5, r1
10000ffa:	f000 f8df 	bl	100011bc <time_us_64>
10000ffe:	1900      	adds	r0, r0, r4
10001000:	4169      	adcs	r1, r5
10001002:	2900      	cmp	r1, #0
10001004:	db02      	blt.n	1000100c <sleep_us+0x18>
10001006:	f7ff ff91 	bl	10000f2c <sleep_until>
1000100a:	bd70      	pop	{r4, r5, r6, pc}
1000100c:	2001      	movs	r0, #1
1000100e:	4240      	negs	r0, r0
10001010:	4900      	ldr	r1, [pc, #0]	; (10001014 <sleep_us+0x20>)
10001012:	e7f8      	b.n	10001006 <sleep_us+0x12>
10001014:	7fffffff 	.word	0x7fffffff

10001018 <sleep_ms>:
10001018:	b510      	push	{r4, lr}
1000101a:	22fa      	movs	r2, #250	; 0xfa
1000101c:	0092      	lsls	r2, r2, #2
1000101e:	2300      	movs	r3, #0
10001020:	2100      	movs	r1, #0
10001022:	f001 fa47 	bl	100024b4 <__wrap___aeabi_lmul>
10001026:	f7ff ffe5 	bl	10000ff4 <sleep_us>
1000102a:	bd10      	pop	{r4, pc}

1000102c <best_effort_wfe_or_timeout>:
1000102c:	b570      	push	{r4, r5, r6, lr}
1000102e:	b084      	sub	sp, #16
10001030:	0005      	movs	r5, r0
10001032:	000c      	movs	r4, r1
10001034:	f3ef 8305 	mrs	r3, IPSR
10001038:	2b00      	cmp	r3, #0
1000103a:	d012      	beq.n	10001062 <best_effort_wfe_or_timeout+0x36>
1000103c:	4b2f      	ldr	r3, [pc, #188]	; (100010fc <best_effort_wfe_or_timeout+0xd0>)
1000103e:	6a5b      	ldr	r3, [r3, #36]	; 0x24
10001040:	4299      	cmp	r1, r3
10001042:	d809      	bhi.n	10001058 <best_effort_wfe_or_timeout+0x2c>
10001044:	4a2d      	ldr	r2, [pc, #180]	; (100010fc <best_effort_wfe_or_timeout+0xd0>)
10001046:	6a92      	ldr	r2, [r2, #40]	; 0x28
10001048:	4282      	cmp	r2, r0
1000104a:	d208      	bcs.n	1000105e <best_effort_wfe_or_timeout+0x32>
1000104c:	4299      	cmp	r1, r3
1000104e:	d001      	beq.n	10001054 <best_effort_wfe_or_timeout+0x28>
10001050:	2001      	movs	r0, #1
10001052:	e002      	b.n	1000105a <best_effort_wfe_or_timeout+0x2e>
10001054:	2000      	movs	r0, #0
10001056:	e000      	b.n	1000105a <best_effort_wfe_or_timeout+0x2e>
10001058:	2000      	movs	r0, #0
1000105a:	b004      	add	sp, #16
1000105c:	bd70      	pop	{r4, r5, r6, pc}
1000105e:	2001      	movs	r0, #1
10001060:	e7fb      	b.n	1000105a <best_effort_wfe_or_timeout+0x2e>
10001062:	f7ff fe9b 	bl	10000d9c <alarm_pool_get_default>
10001066:	2300      	movs	r3, #0
10001068:	9302      	str	r3, [sp, #8]
1000106a:	9301      	str	r3, [sp, #4]
1000106c:	4b24      	ldr	r3, [pc, #144]	; (10001100 <best_effort_wfe_or_timeout+0xd4>)
1000106e:	9300      	str	r3, [sp, #0]
10001070:	002a      	movs	r2, r5
10001072:	0023      	movs	r3, r4
10001074:	f7ff ff00 	bl	10000e78 <alarm_pool_add_alarm_at>
10001078:	1e06      	subs	r6, r0, #0
1000107a:	dd0d      	ble.n	10001098 <best_effort_wfe_or_timeout+0x6c>
1000107c:	bf40      	sev
1000107e:	bf20      	wfe
10001080:	4b1e      	ldr	r3, [pc, #120]	; (100010fc <best_effort_wfe_or_timeout+0xd0>)
10001082:	6a5b      	ldr	r3, [r3, #36]	; 0x24
10001084:	429c      	cmp	r4, r3
10001086:	d81b      	bhi.n	100010c0 <best_effort_wfe_or_timeout+0x94>
10001088:	4a1c      	ldr	r2, [pc, #112]	; (100010fc <best_effort_wfe_or_timeout+0xd0>)
1000108a:	6a92      	ldr	r2, [r2, #40]	; 0x28
1000108c:	42aa      	cmp	r2, r5
1000108e:	d22c      	bcs.n	100010ea <best_effort_wfe_or_timeout+0xbe>
10001090:	429c      	cmp	r4, r3
10001092:	d013      	beq.n	100010bc <best_effort_wfe_or_timeout+0x90>
10001094:	2301      	movs	r3, #1
10001096:	e014      	b.n	100010c2 <best_effort_wfe_or_timeout+0x96>
10001098:	4b18      	ldr	r3, [pc, #96]	; (100010fc <best_effort_wfe_or_timeout+0xd0>)
1000109a:	6a5b      	ldr	r3, [r3, #36]	; 0x24
1000109c:	429c      	cmp	r4, r3
1000109e:	d809      	bhi.n	100010b4 <best_effort_wfe_or_timeout+0x88>
100010a0:	4a16      	ldr	r2, [pc, #88]	; (100010fc <best_effort_wfe_or_timeout+0xd0>)
100010a2:	6a92      	ldr	r2, [r2, #40]	; 0x28
100010a4:	42aa      	cmp	r2, r5
100010a6:	d207      	bcs.n	100010b8 <best_effort_wfe_or_timeout+0x8c>
100010a8:	429c      	cmp	r4, r3
100010aa:	d001      	beq.n	100010b0 <best_effort_wfe_or_timeout+0x84>
100010ac:	2001      	movs	r0, #1
100010ae:	e7d4      	b.n	1000105a <best_effort_wfe_or_timeout+0x2e>
100010b0:	2000      	movs	r0, #0
100010b2:	e7d2      	b.n	1000105a <best_effort_wfe_or_timeout+0x2e>
100010b4:	2000      	movs	r0, #0
100010b6:	e7d0      	b.n	1000105a <best_effort_wfe_or_timeout+0x2e>
100010b8:	2001      	movs	r0, #1
100010ba:	e7ce      	b.n	1000105a <best_effort_wfe_or_timeout+0x2e>
100010bc:	2300      	movs	r3, #0
100010be:	e000      	b.n	100010c2 <best_effort_wfe_or_timeout+0x96>
100010c0:	2300      	movs	r3, #0
100010c2:	2b00      	cmp	r3, #0
100010c4:	d100      	bne.n	100010c8 <best_effort_wfe_or_timeout+0x9c>
100010c6:	bf20      	wfe
100010c8:	f7ff fe68 	bl	10000d9c <alarm_pool_get_default>
100010cc:	0031      	movs	r1, r6
100010ce:	f7ff fef1 	bl	10000eb4 <alarm_pool_cancel_alarm>
100010d2:	4b0a      	ldr	r3, [pc, #40]	; (100010fc <best_effort_wfe_or_timeout+0xd0>)
100010d4:	6a5b      	ldr	r3, [r3, #36]	; 0x24
100010d6:	429c      	cmp	r4, r3
100010d8:	d80b      	bhi.n	100010f2 <best_effort_wfe_or_timeout+0xc6>
100010da:	4a08      	ldr	r2, [pc, #32]	; (100010fc <best_effort_wfe_or_timeout+0xd0>)
100010dc:	6a92      	ldr	r2, [r2, #40]	; 0x28
100010de:	42aa      	cmp	r2, r5
100010e0:	d209      	bcs.n	100010f6 <best_effort_wfe_or_timeout+0xca>
100010e2:	429c      	cmp	r4, r3
100010e4:	d003      	beq.n	100010ee <best_effort_wfe_or_timeout+0xc2>
100010e6:	2001      	movs	r0, #1
100010e8:	e7b7      	b.n	1000105a <best_effort_wfe_or_timeout+0x2e>
100010ea:	2301      	movs	r3, #1
100010ec:	e7e9      	b.n	100010c2 <best_effort_wfe_or_timeout+0x96>
100010ee:	2000      	movs	r0, #0
100010f0:	e7b3      	b.n	1000105a <best_effort_wfe_or_timeout+0x2e>
100010f2:	2000      	movs	r0, #0
100010f4:	e7b1      	b.n	1000105a <best_effort_wfe_or_timeout+0x2e>
100010f6:	2001      	movs	r0, #1
100010f8:	e7af      	b.n	1000105a <best_effort_wfe_or_timeout+0x2e>
100010fa:	46c0      	nop			; (mov r8, r8)
100010fc:	40054000 	.word	0x40054000
10001100:	100009f5 	.word	0x100009f5

10001104 <alarm_pool_get_default_timer>:
10001104:	4800      	ldr	r0, [pc, #0]	; (10001108 <alarm_pool_get_default_timer+0x4>)
10001106:	4770      	bx	lr
10001108:	40054000 	.word	0x40054000

1000110c <runtime_init_default_alarm_pool>:
1000110c:	b510      	push	{r4, lr}
1000110e:	4b0b      	ldr	r3, [pc, #44]	; (1000113c <runtime_init_default_alarm_pool+0x30>)
10001110:	691b      	ldr	r3, [r3, #16]
10001112:	2b00      	cmp	r3, #0
10001114:	d004      	beq.n	10001120 <runtime_init_default_alarm_pool+0x14>
10001116:	210a      	movs	r1, #10
10001118:	4809      	ldr	r0, [pc, #36]	; (10001140 <runtime_init_default_alarm_pool+0x34>)
1000111a:	f7ff fc1d 	bl	10000958 <lock_init>
1000111e:	bd10      	pop	{r4, pc}
10001120:	f7ff fff0 	bl	10001104 <alarm_pool_get_default_timer>
10001124:	0004      	movs	r4, r0
10001126:	2103      	movs	r1, #3
10001128:	f000 f80c 	bl	10001144 <timer_hardware_alarm_claim>
1000112c:	2310      	movs	r3, #16
1000112e:	2203      	movs	r2, #3
10001130:	0021      	movs	r1, r4
10001132:	4802      	ldr	r0, [pc, #8]	; (1000113c <runtime_init_default_alarm_pool+0x30>)
10001134:	f7ff fde8 	bl	10000d08 <alarm_pool_post_alloc_init>
10001138:	e7ed      	b.n	10001116 <runtime_init_default_alarm_pool+0xa>
1000113a:	46c0      	nop			; (mov r8, r8)
1000113c:	20000284 	.word	0x20000284
10001140:	200006cc 	.word	0x200006cc

10001144 <timer_hardware_alarm_claim>:
10001144:	b510      	push	{r4, lr}
10001146:	4a02      	ldr	r2, [pc, #8]	; (10001150 <timer_hardware_alarm_claim+0xc>)
10001148:	4802      	ldr	r0, [pc, #8]	; (10001154 <timer_hardware_alarm_claim+0x10>)
1000114a:	f7ff f9b9 	bl	100004c0 <hw_claim_or_assert>
1000114e:	bd10      	pop	{r4, pc}
10001150:	10004310 	.word	0x10004310
10001154:	20000484 	.word	0x20000484

10001158 <timer_time_us_64>:
10001158:	0002      	movs	r2, r0
1000115a:	6a43      	ldr	r3, [r0, #36]	; 0x24
1000115c:	6a90      	ldr	r0, [r2, #40]	; 0x28
1000115e:	0019      	movs	r1, r3
10001160:	6a53      	ldr	r3, [r2, #36]	; 0x24
10001162:	4299      	cmp	r1, r3
10001164:	d1fa      	bne.n	1000115c <timer_time_us_64+0x4>
10001166:	4770      	bx	lr

10001168 <timer_busy_wait_until>:
10001168:	6a41      	ldr	r1, [r0, #36]	; 0x24
1000116a:	e000      	b.n	1000116e <timer_busy_wait_until+0x6>
1000116c:	6a41      	ldr	r1, [r0, #36]	; 0x24
1000116e:	4299      	cmp	r1, r3
10001170:	d3fc      	bcc.n	1000116c <timer_busy_wait_until+0x4>
10001172:	e000      	b.n	10001176 <timer_busy_wait_until+0xe>
10001174:	6a41      	ldr	r1, [r0, #36]	; 0x24
10001176:	4299      	cmp	r1, r3
10001178:	d102      	bne.n	10001180 <timer_busy_wait_until+0x18>
1000117a:	6a81      	ldr	r1, [r0, #40]	; 0x28
1000117c:	4291      	cmp	r1, r2
1000117e:	d3f9      	bcc.n	10001174 <timer_busy_wait_until+0xc>
10001180:	4770      	bx	lr

10001182 <timer_busy_wait_us>:
10001182:	b5f0      	push	{r4, r5, r6, r7, lr}
10001184:	46c6      	mov	lr, r8
10001186:	b500      	push	{lr}
10001188:	4680      	mov	r8, r0
1000118a:	0014      	movs	r4, r2
1000118c:	001d      	movs	r5, r3
1000118e:	f7ff ffe3 	bl	10001158 <timer_time_us_64>
10001192:	0006      	movs	r6, r0
10001194:	000f      	movs	r7, r1
10001196:	0022      	movs	r2, r4
10001198:	002b      	movs	r3, r5
1000119a:	1992      	adds	r2, r2, r6
1000119c:	417b      	adcs	r3, r7
1000119e:	4299      	cmp	r1, r3
100011a0:	d802      	bhi.n	100011a8 <timer_busy_wait_us+0x26>
100011a2:	d104      	bne.n	100011ae <timer_busy_wait_us+0x2c>
100011a4:	4290      	cmp	r0, r2
100011a6:	d902      	bls.n	100011ae <timer_busy_wait_us+0x2c>
100011a8:	2201      	movs	r2, #1
100011aa:	4252      	negs	r2, r2
100011ac:	17d3      	asrs	r3, r2, #31
100011ae:	4640      	mov	r0, r8
100011b0:	f7ff ffda 	bl	10001168 <timer_busy_wait_until>
100011b4:	bc80      	pop	{r7}
100011b6:	46b8      	mov	r8, r7
100011b8:	bdf0      	pop	{r4, r5, r6, r7, pc}
	...

100011bc <time_us_64>:
100011bc:	b510      	push	{r4, lr}
100011be:	4802      	ldr	r0, [pc, #8]	; (100011c8 <time_us_64+0xc>)
100011c0:	f7ff ffca 	bl	10001158 <timer_time_us_64>
100011c4:	bd10      	pop	{r4, pc}
100011c6:	46c0      	nop			; (mov r8, r8)
100011c8:	40054000 	.word	0x40054000

100011cc <busy_wait_us>:
100011cc:	b510      	push	{r4, lr}
100011ce:	0002      	movs	r2, r0
100011d0:	000b      	movs	r3, r1
100011d2:	4802      	ldr	r0, [pc, #8]	; (100011dc <busy_wait_us+0x10>)
100011d4:	f7ff ffd5 	bl	10001182 <timer_busy_wait_us>
100011d8:	bd10      	pop	{r4, pc}
100011da:	46c0      	nop			; (mov r8, r8)
100011dc:	40054000 	.word	0x40054000

100011e0 <busy_wait_until>:
100011e0:	b510      	push	{r4, lr}
100011e2:	0002      	movs	r2, r0
100011e4:	000b      	movs	r3, r1
100011e6:	4802      	ldr	r0, [pc, #8]	; (100011f0 <busy_wait_until+0x10>)
100011e8:	f7ff ffbe 	bl	10001168 <timer_busy_wait_until>
100011ec:	bd10      	pop	{r4, pc}
100011ee:	46c0      	nop			; (mov r8, r8)
100011f0:	40054000 	.word	0x40054000

100011f4 <uart_disable_before_lcr_write>:
100011f4:	b570      	push	{r4, r5, r6, lr}
100011f6:	6b04      	ldr	r4, [r0, #48]	; 0x30
100011f8:	07e3      	lsls	r3, r4, #31
100011fa:	d401      	bmi.n	10001200 <uart_disable_before_lcr_write+0xc>
100011fc:	0020      	movs	r0, r4
100011fe:	bd70      	pop	{r4, r5, r6, pc}
10001200:	4b0b      	ldr	r3, [pc, #44]	; (10001230 <uart_disable_before_lcr_write+0x3c>)
10001202:	18c3      	adds	r3, r0, r3
10001204:	4a0b      	ldr	r2, [pc, #44]	; (10001234 <uart_disable_before_lcr_write+0x40>)
10001206:	601a      	str	r2, [r3, #0]
10001208:	6a45      	ldr	r5, [r0, #36]	; 0x24
1000120a:	6a82      	ldr	r2, [r0, #40]	; 0x28
1000120c:	01ad      	lsls	r5, r5, #6
1000120e:	18ad      	adds	r5, r5, r2
10001210:	02ad      	lsls	r5, r5, #10
10001212:	2006      	movs	r0, #6
10001214:	f000 f926 	bl	10001464 <clock_get_hz>
10001218:	4907      	ldr	r1, [pc, #28]	; (10001238 <uart_disable_before_lcr_write+0x44>)
1000121a:	f000 fb11 	bl	10001840 <__wrap___aeabi_uidiv>
1000121e:	0001      	movs	r1, r0
10001220:	0028      	movs	r0, r5
10001222:	f000 fb0d 	bl	10001840 <__wrap___aeabi_uidiv>
10001226:	2100      	movs	r1, #0
10001228:	f7ff ffd0 	bl	100011cc <busy_wait_us>
1000122c:	e7e6      	b.n	100011fc <uart_disable_before_lcr_write+0x8>
1000122e:	46c0      	nop			; (mov r8, r8)
10001230:	00003030 	.word	0x00003030
10001234:	00000301 	.word	0x00000301
10001238:	00000e4e 	.word	0x00000e4e

1000123c <uart_write_lcr_bits_masked>:
1000123c:	b570      	push	{r4, r5, r6, lr}
1000123e:	0004      	movs	r4, r0
10001240:	000e      	movs	r6, r1
10001242:	0015      	movs	r5, r2
10001244:	f7ff ffd6 	bl	100011f4 <uart_disable_before_lcr_write>
10001248:	6ae1      	ldr	r1, [r4, #44]	; 0x2c
1000124a:	404e      	eors	r6, r1
1000124c:	4035      	ands	r5, r6
1000124e:	4b02      	ldr	r3, [pc, #8]	; (10001258 <uart_write_lcr_bits_masked+0x1c>)
10001250:	18e3      	adds	r3, r4, r3
10001252:	601d      	str	r5, [r3, #0]
10001254:	6320      	str	r0, [r4, #48]	; 0x30
10001256:	bd70      	pop	{r4, r5, r6, pc}
10001258:	0000102c 	.word	0x0000102c

1000125c <uart_set_baudrate>:
1000125c:	b570      	push	{r4, r5, r6, lr}
1000125e:	0005      	movs	r5, r0
10001260:	000c      	movs	r4, r1
10001262:	2006      	movs	r0, #6
10001264:	f000 f8fe 	bl	10001464 <clock_get_hz>
10001268:	00c0      	lsls	r0, r0, #3
1000126a:	0021      	movs	r1, r4
1000126c:	f000 fae8 	bl	10001840 <__wrap___aeabi_uidiv>
10001270:	3001      	adds	r0, #1
10001272:	09c6      	lsrs	r6, r0, #7
10001274:	d007      	beq.n	10001286 <uart_set_baudrate+0x2a>
10001276:	4b0e      	ldr	r3, [pc, #56]	; (100012b0 <uart_set_baudrate+0x54>)
10001278:	429e      	cmp	r6, r3
1000127a:	d815      	bhi.n	100012a8 <uart_set_baudrate+0x4c>
1000127c:	0840      	lsrs	r0, r0, #1
1000127e:	0034      	movs	r4, r6
10001280:	263f      	movs	r6, #63	; 0x3f
10001282:	4006      	ands	r6, r0
10001284:	e000      	b.n	10001288 <uart_set_baudrate+0x2c>
10001286:	2401      	movs	r4, #1
10001288:	626c      	str	r4, [r5, #36]	; 0x24
1000128a:	62ae      	str	r6, [r5, #40]	; 0x28
1000128c:	2200      	movs	r2, #0
1000128e:	2100      	movs	r1, #0
10001290:	0028      	movs	r0, r5
10001292:	f7ff ffd3 	bl	1000123c <uart_write_lcr_bits_masked>
10001296:	2006      	movs	r0, #6
10001298:	f000 f8e4 	bl	10001464 <clock_get_hz>
1000129c:	0080      	lsls	r0, r0, #2
1000129e:	01a1      	lsls	r1, r4, #6
100012a0:	1989      	adds	r1, r1, r6
100012a2:	f000 facd 	bl	10001840 <__wrap___aeabi_uidiv>
100012a6:	bd70      	pop	{r4, r5, r6, pc}
100012a8:	2600      	movs	r6, #0
100012aa:	4c02      	ldr	r4, [pc, #8]	; (100012b4 <uart_set_baudrate+0x58>)
100012ac:	e7ec      	b.n	10001288 <uart_set_baudrate+0x2c>
100012ae:	46c0      	nop			; (mov r8, r8)
100012b0:	0000fffe 	.word	0x0000fffe
100012b4:	0000ffff 	.word	0x0000ffff

100012b8 <uart_set_translate_crlf>:
100012b8:	2900      	cmp	r1, #0
100012ba:	d009      	beq.n	100012d0 <uart_set_translate_crlf+0x18>
100012bc:	220a      	movs	r2, #10
100012be:	4b06      	ldr	r3, [pc, #24]	; (100012d8 <uart_set_translate_crlf+0x20>)
100012c0:	469c      	mov	ip, r3
100012c2:	4460      	add	r0, ip
100012c4:	4243      	negs	r3, r0
100012c6:	4158      	adcs	r0, r3
100012c8:	0040      	lsls	r0, r0, #1
100012ca:	4b04      	ldr	r3, [pc, #16]	; (100012dc <uart_set_translate_crlf+0x24>)
100012cc:	52c2      	strh	r2, [r0, r3]
100012ce:	4770      	bx	lr
100012d0:	2280      	movs	r2, #128	; 0x80
100012d2:	0052      	lsls	r2, r2, #1
100012d4:	e7f3      	b.n	100012be <uart_set_translate_crlf+0x6>
100012d6:	46c0      	nop			; (mov r8, r8)
100012d8:	bffc8000 	.word	0xbffc8000
100012dc:	200006d0 	.word	0x200006d0

100012e0 <uart_init>:
100012e0:	b570      	push	{r4, r5, r6, lr}
100012e2:	0005      	movs	r5, r0
100012e4:	000c      	movs	r4, r1
100012e6:	2006      	movs	r0, #6
100012e8:	f000 f8bc 	bl	10001464 <clock_get_hz>
100012ec:	2800      	cmp	r0, #0
100012ee:	d028      	beq.n	10001342 <uart_init+0x62>
100012f0:	4b16      	ldr	r3, [pc, #88]	; (1000134c <uart_init+0x6c>)
100012f2:	429d      	cmp	r5, r3
100012f4:	d026      	beq.n	10001344 <uart_init+0x64>
100012f6:	2216      	movs	r2, #22
100012f8:	2301      	movs	r3, #1
100012fa:	4093      	lsls	r3, r2
100012fc:	4a14      	ldr	r2, [pc, #80]	; (10001350 <uart_init+0x70>)
100012fe:	6013      	str	r3, [r2, #0]
10001300:	4b12      	ldr	r3, [pc, #72]	; (1000134c <uart_init+0x6c>)
10001302:	429d      	cmp	r5, r3
10001304:	d020      	beq.n	10001348 <uart_init+0x68>
10001306:	2316      	movs	r3, #22
10001308:	2201      	movs	r2, #1
1000130a:	409a      	lsls	r2, r3
1000130c:	4b11      	ldr	r3, [pc, #68]	; (10001354 <uart_init+0x74>)
1000130e:	601a      	str	r2, [r3, #0]
10001310:	4b11      	ldr	r3, [pc, #68]	; (10001358 <uart_init+0x78>)
10001312:	681b      	ldr	r3, [r3, #0]
10001314:	0011      	movs	r1, r2
10001316:	4399      	bics	r1, r3
10001318:	d1fa      	bne.n	10001310 <uart_init+0x30>
1000131a:	2100      	movs	r1, #0
1000131c:	0028      	movs	r0, r5
1000131e:	f7ff ffcb 	bl	100012b8 <uart_set_translate_crlf>
10001322:	0021      	movs	r1, r4
10001324:	0028      	movs	r0, r5
10001326:	f7ff ff99 	bl	1000125c <uart_set_baudrate>
1000132a:	6aeb      	ldr	r3, [r5, #44]	; 0x2c
1000132c:	2270      	movs	r2, #112	; 0x70
1000132e:	405a      	eors	r2, r3
10001330:	237e      	movs	r3, #126	; 0x7e
10001332:	4013      	ands	r3, r2
10001334:	4a09      	ldr	r2, [pc, #36]	; (1000135c <uart_init+0x7c>)
10001336:	18aa      	adds	r2, r5, r2
10001338:	6013      	str	r3, [r2, #0]
1000133a:	4b09      	ldr	r3, [pc, #36]	; (10001360 <uart_init+0x80>)
1000133c:	632b      	str	r3, [r5, #48]	; 0x30
1000133e:	2303      	movs	r3, #3
10001340:	64ab      	str	r3, [r5, #72]	; 0x48
10001342:	bd70      	pop	{r4, r5, r6, pc}
10001344:	2217      	movs	r2, #23
10001346:	e7d7      	b.n	100012f8 <uart_init+0x18>
10001348:	2317      	movs	r3, #23
1000134a:	e7dd      	b.n	10001308 <uart_init+0x28>
1000134c:	40038000 	.word	0x40038000
10001350:	4000e000 	.word	0x4000e000
10001354:	4000f000 	.word	0x4000f000
10001358:	4000c008 	.word	0x4000c008
1000135c:	0000102c 	.word	0x0000102c
10001360:	00000301 	.word	0x00000301

10001364 <clock_configure_internal>:
10001364:	b5f8      	push	{r3, r4, r5, r6, r7, lr}
10001366:	46d6      	mov	lr, sl
10001368:	4647      	mov	r7, r8
1000136a:	b580      	push	{r7, lr}
1000136c:	0006      	movs	r6, r0
1000136e:	000d      	movs	r5, r1
10001370:	0017      	movs	r7, r2
10001372:	4698      	mov	r8, r3
10001374:	0044      	lsls	r4, r0, #1
10001376:	1824      	adds	r4, r4, r0
10001378:	00a4      	lsls	r4, r4, #2
1000137a:	4b29      	ldr	r3, [pc, #164]	; (10001420 <clock_configure_internal+0xbc>)
1000137c:	469c      	mov	ip, r3
1000137e:	4464      	add	r4, ip
10001380:	6863      	ldr	r3, [r4, #4]
10001382:	9a08      	ldr	r2, [sp, #32]
10001384:	4293      	cmp	r3, r2
10001386:	d200      	bcs.n	1000138a <clock_configure_internal+0x26>
10001388:	6062      	str	r2, [r4, #4]
1000138a:	1f33      	subs	r3, r6, #4
1000138c:	b2db      	uxtb	r3, r3
1000138e:	469a      	mov	sl, r3
10001390:	2b01      	cmp	r3, #1
10001392:	d92e      	bls.n	100013f2 <clock_configure_internal+0x8e>
10001394:	2280      	movs	r2, #128	; 0x80
10001396:	0112      	lsls	r2, r2, #4
10001398:	23c0      	movs	r3, #192	; 0xc0
1000139a:	019b      	lsls	r3, r3, #6
1000139c:	18e3      	adds	r3, r4, r3
1000139e:	601a      	str	r2, [r3, #0]
100013a0:	00b3      	lsls	r3, r6, #2
100013a2:	4a20      	ldr	r2, [pc, #128]	; (10001424 <clock_configure_internal+0xc0>)
100013a4:	5899      	ldr	r1, [r3, r2]
100013a6:	2900      	cmp	r1, #0
100013a8:	d007      	beq.n	100013ba <clock_configure_internal+0x56>
100013aa:	6950      	ldr	r0, [r2, #20]
100013ac:	f000 fa48 	bl	10001840 <__wrap___aeabi_uidiv>
100013b0:	1c43      	adds	r3, r0, #1
100013b2:	0058      	lsls	r0, r3, #1
100013b4:	18c0      	adds	r0, r0, r3
100013b6:	3803      	subs	r0, #3
100013b8:	d2fd      	bcs.n	100013b6 <clock_configure_internal+0x52>
100013ba:	017f      	lsls	r7, r7, #5
100013bc:	6822      	ldr	r2, [r4, #0]
100013be:	4057      	eors	r7, r2
100013c0:	22e0      	movs	r2, #224	; 0xe0
100013c2:	4017      	ands	r7, r2
100013c4:	2380      	movs	r3, #128	; 0x80
100013c6:	015b      	lsls	r3, r3, #5
100013c8:	18e3      	adds	r3, r4, r3
100013ca:	601f      	str	r7, [r3, #0]
100013cc:	4652      	mov	r2, sl
100013ce:	2a01      	cmp	r2, #1
100013d0:	d91a      	bls.n	10001408 <clock_configure_internal+0xa4>
100013d2:	2380      	movs	r3, #128	; 0x80
100013d4:	019b      	lsls	r3, r3, #6
100013d6:	18e3      	adds	r3, r4, r3
100013d8:	2280      	movs	r2, #128	; 0x80
100013da:	0112      	lsls	r2, r2, #4
100013dc:	601a      	str	r2, [r3, #0]
100013de:	9b08      	ldr	r3, [sp, #32]
100013e0:	6063      	str	r3, [r4, #4]
100013e2:	00b6      	lsls	r6, r6, #2
100013e4:	4b0f      	ldr	r3, [pc, #60]	; (10001424 <clock_configure_internal+0xc0>)
100013e6:	4642      	mov	r2, r8
100013e8:	50f2      	str	r2, [r6, r3]
100013ea:	bcc0      	pop	{r6, r7}
100013ec:	46ba      	mov	sl, r7
100013ee:	46b0      	mov	r8, r6
100013f0:	bdf8      	pop	{r3, r4, r5, r6, r7, pc}
100013f2:	2d01      	cmp	r5, #1
100013f4:	d1ce      	bne.n	10001394 <clock_configure_internal+0x30>
100013f6:	2203      	movs	r2, #3
100013f8:	23c0      	movs	r3, #192	; 0xc0
100013fa:	019b      	lsls	r3, r3, #6
100013fc:	18e3      	adds	r3, r4, r3
100013fe:	601a      	str	r2, [r3, #0]
10001400:	68a3      	ldr	r3, [r4, #8]
10001402:	07db      	lsls	r3, r3, #31
10001404:	d5fc      	bpl.n	10001400 <clock_configure_internal+0x9c>
10001406:	e7d8      	b.n	100013ba <clock_configure_internal+0x56>
10001408:	6821      	ldr	r1, [r4, #0]
1000140a:	4069      	eors	r1, r5
1000140c:	2203      	movs	r2, #3
1000140e:	400a      	ands	r2, r1
10001410:	601a      	str	r2, [r3, #0]
10001412:	68a3      	ldr	r3, [r4, #8]
10001414:	2201      	movs	r2, #1
10001416:	40aa      	lsls	r2, r5
10001418:	421a      	tst	r2, r3
1000141a:	d0fa      	beq.n	10001412 <clock_configure_internal+0xae>
1000141c:	e7d9      	b.n	100013d2 <clock_configure_internal+0x6e>
1000141e:	46c0      	nop			; (mov r8, r8)
10001420:	40008000 	.word	0x40008000
10001424:	20000488 	.word	0x20000488

10001428 <clock_configure_int_divider>:
10001428:	b5f0      	push	{r4, r5, r6, r7, lr}
1000142a:	b083      	sub	sp, #12
1000142c:	0005      	movs	r5, r0
1000142e:	000e      	movs	r6, r1
10001430:	0017      	movs	r7, r2
10001432:	0018      	movs	r0, r3
10001434:	9908      	ldr	r1, [sp, #32]
10001436:	f000 fa03 	bl	10001840 <__wrap___aeabi_uidiv>
1000143a:	0003      	movs	r3, r0
1000143c:	9a08      	ldr	r2, [sp, #32]
1000143e:	0214      	lsls	r4, r2, #8
10001440:	9400      	str	r4, [sp, #0]
10001442:	003a      	movs	r2, r7
10001444:	0031      	movs	r1, r6
10001446:	0028      	movs	r0, r5
10001448:	f7ff ff8c 	bl	10001364 <clock_configure_internal>
1000144c:	b003      	add	sp, #12
1000144e:	bdf0      	pop	{r4, r5, r6, r7, pc}

10001450 <clock_configure_undivided>:
10001450:	b510      	push	{r4, lr}
10001452:	b082      	sub	sp, #8
10001454:	2480      	movs	r4, #128	; 0x80
10001456:	0064      	lsls	r4, r4, #1
10001458:	9400      	str	r4, [sp, #0]
1000145a:	f7ff ff83 	bl	10001364 <clock_configure_internal>
1000145e:	b002      	add	sp, #8
10001460:	bd10      	pop	{r4, pc}
	...

10001464 <clock_get_hz>:
10001464:	0080      	lsls	r0, r0, #2
10001466:	4b01      	ldr	r3, [pc, #4]	; (1000146c <clock_get_hz+0x8>)
10001468:	58c0      	ldr	r0, [r0, r3]
1000146a:	4770      	bx	lr
1000146c:	20000488 	.word	0x20000488

10001470 <pll_init>:
10001470:	b5f0      	push	{r4, r5, r6, r7, lr}
10001472:	46c6      	mov	lr, r8
10001474:	b500      	push	{lr}
10001476:	0004      	movs	r4, r0
10001478:	000e      	movs	r6, r1
1000147a:	0017      	movs	r7, r2
1000147c:	001d      	movs	r5, r3
1000147e:	4836      	ldr	r0, [pc, #216]	; (10001558 <pll_init+0xe8>)
10001480:	f000 f9de 	bl	10001840 <__wrap___aeabi_uidiv>
10001484:	4680      	mov	r8, r0
10001486:	4b35      	ldr	r3, [pc, #212]	; (1000155c <pll_init+0xec>)
10001488:	18fa      	adds	r2, r7, r3
1000148a:	4b35      	ldr	r3, [pc, #212]	; (10001560 <pll_init+0xf0>)
1000148c:	429a      	cmp	r2, r3
1000148e:	d838      	bhi.n	10001502 <pll_init+0x92>
10001490:	0001      	movs	r1, r0
10001492:	0038      	movs	r0, r7
10001494:	f000 f9d4 	bl	10001840 <__wrap___aeabi_uidiv>
10001498:	0002      	movs	r2, r0
1000149a:	3a10      	subs	r2, #16
1000149c:	2398      	movs	r3, #152	; 0x98
1000149e:	005b      	lsls	r3, r3, #1
100014a0:	429a      	cmp	r2, r3
100014a2:	d834      	bhi.n	1000150e <pll_init+0x9e>
100014a4:	1e6b      	subs	r3, r5, #1
100014a6:	2b06      	cmp	r3, #6
100014a8:	d837      	bhi.n	1000151a <pll_init+0xaa>
100014aa:	9b06      	ldr	r3, [sp, #24]
100014ac:	3b01      	subs	r3, #1
100014ae:	2b06      	cmp	r3, #6
100014b0:	d833      	bhi.n	1000151a <pll_init+0xaa>
100014b2:	093f      	lsrs	r7, r7, #4
100014b4:	4547      	cmp	r7, r8
100014b6:	d336      	bcc.n	10001526 <pll_init+0xb6>
100014b8:	042d      	lsls	r5, r5, #16
100014ba:	9b06      	ldr	r3, [sp, #24]
100014bc:	031a      	lsls	r2, r3, #12
100014be:	4315      	orrs	r5, r2
100014c0:	6823      	ldr	r3, [r4, #0]
100014c2:	2b00      	cmp	r3, #0
100014c4:	db35      	blt.n	10001532 <pll_init+0xc2>
100014c6:	4b27      	ldr	r3, [pc, #156]	; (10001564 <pll_init+0xf4>)
100014c8:	429c      	cmp	r4, r3
100014ca:	d043      	beq.n	10001554 <pll_init+0xe4>
100014cc:	230c      	movs	r3, #12
100014ce:	2201      	movs	r2, #1
100014d0:	409a      	lsls	r2, r3
100014d2:	4b25      	ldr	r3, [pc, #148]	; (10001568 <pll_init+0xf8>)
100014d4:	601a      	str	r2, [r3, #0]
100014d6:	4b25      	ldr	r3, [pc, #148]	; (1000156c <pll_init+0xfc>)
100014d8:	601a      	str	r2, [r3, #0]
100014da:	4b25      	ldr	r3, [pc, #148]	; (10001570 <pll_init+0x100>)
100014dc:	681b      	ldr	r3, [r3, #0]
100014de:	0011      	movs	r1, r2
100014e0:	4399      	bics	r1, r3
100014e2:	d1fa      	bne.n	100014da <pll_init+0x6a>
100014e4:	6026      	str	r6, [r4, #0]
100014e6:	60a0      	str	r0, [r4, #8]
100014e8:	4b22      	ldr	r3, [pc, #136]	; (10001574 <pll_init+0x104>)
100014ea:	18e2      	adds	r2, r4, r3
100014ec:	2321      	movs	r3, #33	; 0x21
100014ee:	6013      	str	r3, [r2, #0]
100014f0:	6823      	ldr	r3, [r4, #0]
100014f2:	2b00      	cmp	r3, #0
100014f4:	dafc      	bge.n	100014f0 <pll_init+0x80>
100014f6:	60e5      	str	r5, [r4, #12]
100014f8:	2308      	movs	r3, #8
100014fa:	6013      	str	r3, [r2, #0]
100014fc:	bc80      	pop	{r7}
100014fe:	46b8      	mov	r8, r7
10001500:	bdf0      	pop	{r4, r5, r6, r7, pc}
10001502:	4b1d      	ldr	r3, [pc, #116]	; (10001578 <pll_init+0x108>)
10001504:	4a1d      	ldr	r2, [pc, #116]	; (1000157c <pll_init+0x10c>)
10001506:	2111      	movs	r1, #17
10001508:	481d      	ldr	r0, [pc, #116]	; (10001580 <pll_init+0x110>)
1000150a:	f002 f939 	bl	10003780 <__assert_func>
1000150e:	4b1d      	ldr	r3, [pc, #116]	; (10001584 <pll_init+0x114>)
10001510:	4a1a      	ldr	r2, [pc, #104]	; (1000157c <pll_init+0x10c>)
10001512:	2119      	movs	r1, #25
10001514:	481a      	ldr	r0, [pc, #104]	; (10001580 <pll_init+0x110>)
10001516:	f002 f933 	bl	10003780 <__assert_func>
1000151a:	4b1b      	ldr	r3, [pc, #108]	; (10001588 <pll_init+0x118>)
1000151c:	4a17      	ldr	r2, [pc, #92]	; (1000157c <pll_init+0x10c>)
1000151e:	211c      	movs	r1, #28
10001520:	4817      	ldr	r0, [pc, #92]	; (10001580 <pll_init+0x110>)
10001522:	f002 f92d 	bl	10003780 <__assert_func>
10001526:	4b19      	ldr	r3, [pc, #100]	; (1000158c <pll_init+0x11c>)
10001528:	4a14      	ldr	r2, [pc, #80]	; (1000157c <pll_init+0x10c>)
1000152a:	2123      	movs	r1, #35	; 0x23
1000152c:	4814      	ldr	r0, [pc, #80]	; (10001580 <pll_init+0x110>)
1000152e:	f002 f927 	bl	10003780 <__assert_func>
10001532:	6822      	ldr	r2, [r4, #0]
10001534:	233f      	movs	r3, #63	; 0x3f
10001536:	4013      	ands	r3, r2
10001538:	42b3      	cmp	r3, r6
1000153a:	d1c4      	bne.n	100014c6 <pll_init+0x56>
1000153c:	68a3      	ldr	r3, [r4, #8]
1000153e:	051b      	lsls	r3, r3, #20
10001540:	0d1b      	lsrs	r3, r3, #20
10001542:	4283      	cmp	r3, r0
10001544:	d1bf      	bne.n	100014c6 <pll_init+0x56>
10001546:	68e3      	ldr	r3, [r4, #12]
10001548:	22ee      	movs	r2, #238	; 0xee
1000154a:	02d2      	lsls	r2, r2, #11
1000154c:	4013      	ands	r3, r2
1000154e:	42ab      	cmp	r3, r5
10001550:	d1b9      	bne.n	100014c6 <pll_init+0x56>
10001552:	e7d3      	b.n	100014fc <pll_init+0x8c>
10001554:	230d      	movs	r3, #13
10001556:	e7ba      	b.n	100014ce <pll_init+0x5e>
10001558:	00b71b00 	.word	0x00b71b00
1000155c:	d34be880 	.word	0xd34be880
10001560:	32a9f880 	.word	0x32a9f880
10001564:	4002c000 	.word	0x4002c000
10001568:	4000e000 	.word	0x4000e000
1000156c:	4000f000 	.word	0x4000f000
10001570:	4000c008 	.word	0x4000c008
10001574:	00003004 	.word	0x00003004
10001578:	10004334 	.word	0x10004334
1000157c:	10004454 	.word	0x10004454
10001580:	10004384 	.word	0x10004384
10001584:	100043d0 	.word	0x100043d0
10001588:	100043ec 	.word	0x100043ec
1000158c:	10004438 	.word	0x10004438

10001590 <tick_start>:
10001590:	2380      	movs	r3, #128	; 0x80
10001592:	009b      	lsls	r3, r3, #2
10001594:	430b      	orrs	r3, r1
10001596:	4a01      	ldr	r2, [pc, #4]	; (1000159c <tick_start+0xc>)
10001598:	62d3      	str	r3, [r2, #44]	; 0x2c
1000159a:	4770      	bx	lr
1000159c:	40058000 	.word	0x40058000

100015a0 <xosc_init>:
100015a0:	4b06      	ldr	r3, [pc, #24]	; (100015bc <xosc_init+0x1c>)
100015a2:	22aa      	movs	r2, #170	; 0xaa
100015a4:	0112      	lsls	r2, r2, #4
100015a6:	601a      	str	r2, [r3, #0]
100015a8:	222f      	movs	r2, #47	; 0x2f
100015aa:	60da      	str	r2, [r3, #12]
100015ac:	4b04      	ldr	r3, [pc, #16]	; (100015c0 <xosc_init+0x20>)
100015ae:	4a05      	ldr	r2, [pc, #20]	; (100015c4 <xosc_init+0x24>)
100015b0:	601a      	str	r2, [r3, #0]
100015b2:	4b02      	ldr	r3, [pc, #8]	; (100015bc <xosc_init+0x1c>)
100015b4:	685b      	ldr	r3, [r3, #4]
100015b6:	2b00      	cmp	r3, #0
100015b8:	dafb      	bge.n	100015b2 <xosc_init+0x12>
100015ba:	4770      	bx	lr
100015bc:	40024000 	.word	0x40024000
100015c0:	40026000 	.word	0x40026000
100015c4:	00fab000 	.word	0x00fab000

100015c8 <runtime_run_initializers_from>:
100015c8:	b510      	push	{r4, lr}
100015ca:	0004      	movs	r4, r0
100015cc:	e001      	b.n	100015d2 <runtime_run_initializers_from+0xa>
100015ce:	cc08      	ldmia	r4!, {r3}
100015d0:	4798      	blx	r3
100015d2:	4b02      	ldr	r3, [pc, #8]	; (100015dc <runtime_run_initializers_from+0x14>)
100015d4:	429c      	cmp	r4, r3
100015d6:	d3fa      	bcc.n	100015ce <runtime_run_initializers_from+0x6>
100015d8:	bd10      	pop	{r4, pc}
100015da:	46c0      	nop			; (mov r8, r8)
100015dc:	10003e44 	.word	0x10003e44

100015e0 <first_per_core_initializer>:
100015e0:	4770      	bx	lr
	...

100015e4 <runtime_run_initializers>:
100015e4:	b510      	push	{r4, lr}
100015e6:	4802      	ldr	r0, [pc, #8]	; (100015f0 <runtime_run_initializers+0xc>)
100015e8:	f7ff ffee 	bl	100015c8 <runtime_run_initializers_from>
100015ec:	bd10      	pop	{r4, pc}
100015ee:	46c0      	nop			; (mov r8, r8)
100015f0:	10003e08 	.word	0x10003e08

100015f4 <runtime_init_early_resets>:
100015f4:	4b05      	ldr	r3, [pc, #20]	; (1000160c <runtime_init_early_resets+0x18>)
100015f6:	4a06      	ldr	r2, [pc, #24]	; (10001610 <runtime_init_early_resets+0x1c>)
100015f8:	601a      	str	r2, [r3, #0]
100015fa:	4b06      	ldr	r3, [pc, #24]	; (10001614 <runtime_init_early_resets+0x20>)
100015fc:	4a06      	ldr	r2, [pc, #24]	; (10001618 <runtime_init_early_resets+0x24>)
100015fe:	601a      	str	r2, [r3, #0]
10001600:	4b06      	ldr	r3, [pc, #24]	; (1000161c <runtime_init_early_resets+0x28>)
10001602:	681a      	ldr	r2, [r3, #0]
10001604:	4b04      	ldr	r3, [pc, #16]	; (10001618 <runtime_init_early_resets+0x24>)
10001606:	4393      	bics	r3, r2
10001608:	d1fa      	bne.n	10001600 <runtime_init_early_resets+0xc>
1000160a:	4770      	bx	lr
1000160c:	4000e000 	.word	0x4000e000
10001610:	fefbcdbf 	.word	0xfefbcdbf
10001614:	4000f000 	.word	0x4000f000
10001618:	003c7ffe 	.word	0x003c7ffe
1000161c:	4000c008 	.word	0x4000c008

10001620 <runtime_init_usb_power_down>:
10001620:	4b04      	ldr	r3, [pc, #16]	; (10001634 <runtime_init_usb_power_down+0x14>)
10001622:	6cdb      	ldr	r3, [r3, #76]	; 0x4c
10001624:	2b00      	cmp	r3, #0
10001626:	d103      	bne.n	10001630 <runtime_init_usb_power_down+0x10>
10001628:	4b03      	ldr	r3, [pc, #12]	; (10001638 <runtime_init_usb_power_down+0x18>)
1000162a:	2280      	movs	r2, #128	; 0x80
1000162c:	02d2      	lsls	r2, r2, #11
1000162e:	601a      	str	r2, [r3, #0]
10001630:	4770      	bx	lr
10001632:	46c0      	nop			; (mov r8, r8)
10001634:	50110000 	.word	0x50110000
10001638:	5011204c 	.word	0x5011204c

1000163c <runtime_init_post_clock_resets>:
1000163c:	4b04      	ldr	r3, [pc, #16]	; (10001650 <runtime_init_post_clock_resets+0x14>)
1000163e:	4a05      	ldr	r2, [pc, #20]	; (10001654 <runtime_init_post_clock_resets+0x18>)
10001640:	601a      	str	r2, [r3, #0]
10001642:	4b05      	ldr	r3, [pc, #20]	; (10001658 <runtime_init_post_clock_resets+0x1c>)
10001644:	681b      	ldr	r3, [r3, #0]
10001646:	43db      	mvns	r3, r3
10001648:	01db      	lsls	r3, r3, #7
1000164a:	d1fa      	bne.n	10001642 <runtime_init_post_clock_resets+0x6>
1000164c:	4770      	bx	lr
1000164e:	46c0      	nop			; (mov r8, r8)
10001650:	4000f000 	.word	0x4000f000
10001654:	01ffffff 	.word	0x01ffffff
10001658:	4000c008 	.word	0x4000c008

1000165c <runtime_init_rp2040_gpio_ie_disable>:
1000165c:	4b03      	ldr	r3, [pc, #12]	; (1000166c <runtime_init_rp2040_gpio_ie_disable+0x10>)
1000165e:	2240      	movs	r2, #64	; 0x40
10001660:	679a      	str	r2, [r3, #120]	; 0x78
10001662:	675a      	str	r2, [r3, #116]	; 0x74
10001664:	671a      	str	r2, [r3, #112]	; 0x70
10001666:	66da      	str	r2, [r3, #108]	; 0x6c
10001668:	4770      	bx	lr
1000166a:	46c0      	nop			; (mov r8, r8)
1000166c:	4001f000 	.word	0x4001f000

10001670 <runtime_init_spin_locks_reset>:
10001670:	b510      	push	{r4, lr}
10001672:	f7fe ff4d 	bl	10000510 <spin_locks_reset>
10001676:	bd10      	pop	{r4, pc}

10001678 <runtime_init_install_ram_vector_table>:
10001678:	b570      	push	{r4, r5, r6, lr}
1000167a:	4c04      	ldr	r4, [pc, #16]	; (1000168c <runtime_init_install_ram_vector_table+0x14>)
1000167c:	68a1      	ldr	r1, [r4, #8]
1000167e:	4d04      	ldr	r5, [pc, #16]	; (10001690 <runtime_init_install_ram_vector_table+0x18>)
10001680:	22c0      	movs	r2, #192	; 0xc0
10001682:	0028      	movs	r0, r5
10001684:	f000 ffd0 	bl	10002628 <__wrap___aeabi_memcpy>
10001688:	60a5      	str	r5, [r4, #8]
1000168a:	bd70      	pop	{r4, r5, r6, pc}
1000168c:	e000ed00 	.word	0xe000ed00
10001690:	20000000 	.word	0x20000000

10001694 <start_all_ticks>:
10001694:	b570      	push	{r4, r5, r6, lr}
10001696:	2004      	movs	r0, #4
10001698:	f7ff fee4 	bl	10001464 <clock_get_hz>
1000169c:	4906      	ldr	r1, [pc, #24]	; (100016b8 <start_all_ticks+0x24>)
1000169e:	f000 f8cf 	bl	10001840 <__wrap___aeabi_uidiv>
100016a2:	0005      	movs	r5, r0
100016a4:	2400      	movs	r4, #0
100016a6:	2c00      	cmp	r4, #0
100016a8:	dd00      	ble.n	100016ac <start_all_ticks+0x18>
100016aa:	bd70      	pop	{r4, r5, r6, pc}
100016ac:	b2e0      	uxtb	r0, r4
100016ae:	0029      	movs	r1, r5
100016b0:	f7ff ff6e 	bl	10001590 <tick_start>
100016b4:	3401      	adds	r4, #1
100016b6:	e7f6      	b.n	100016a6 <start_all_ticks+0x12>
100016b8:	000f4240 	.word	0x000f4240

100016bc <runtime_init_clocks>:
100016bc:	b530      	push	{r4, r5, lr}
100016be:	b083      	sub	sp, #12
100016c0:	4b27      	ldr	r3, [pc, #156]	; (10001760 <runtime_init_clocks+0xa4>)
100016c2:	2200      	movs	r2, #0
100016c4:	679a      	str	r2, [r3, #120]	; 0x78
100016c6:	f7ff ff6b 	bl	100015a0 <xosc_init>
100016ca:	4b26      	ldr	r3, [pc, #152]	; (10001764 <runtime_init_clocks+0xa8>)
100016cc:	2201      	movs	r2, #1
100016ce:	601a      	str	r2, [r3, #0]
100016d0:	4b23      	ldr	r3, [pc, #140]	; (10001760 <runtime_init_clocks+0xa4>)
100016d2:	6c5b      	ldr	r3, [r3, #68]	; 0x44
100016d4:	2b01      	cmp	r3, #1
100016d6:	d1fb      	bne.n	100016d0 <runtime_init_clocks+0x14>
100016d8:	4b23      	ldr	r3, [pc, #140]	; (10001768 <runtime_init_clocks+0xac>)
100016da:	2203      	movs	r2, #3
100016dc:	601a      	str	r2, [r3, #0]
100016de:	4b20      	ldr	r3, [pc, #128]	; (10001760 <runtime_init_clocks+0xa4>)
100016e0:	6b9b      	ldr	r3, [r3, #56]	; 0x38
100016e2:	2b01      	cmp	r3, #1
100016e4:	d1fb      	bne.n	100016de <runtime_init_clocks+0x22>
100016e6:	3301      	adds	r3, #1
100016e8:	9300      	str	r3, [sp, #0]
100016ea:	3304      	adds	r3, #4
100016ec:	4a1f      	ldr	r2, [pc, #124]	; (1000176c <runtime_init_clocks+0xb0>)
100016ee:	2101      	movs	r1, #1
100016f0:	481f      	ldr	r0, [pc, #124]	; (10001770 <runtime_init_clocks+0xb4>)
100016f2:	f7ff febd 	bl	10001470 <pll_init>
100016f6:	2305      	movs	r3, #5
100016f8:	9300      	str	r3, [sp, #0]
100016fa:	4a1e      	ldr	r2, [pc, #120]	; (10001774 <runtime_init_clocks+0xb8>)
100016fc:	2101      	movs	r1, #1
100016fe:	481e      	ldr	r0, [pc, #120]	; (10001778 <runtime_init_clocks+0xbc>)
10001700:	f7ff feb6 	bl	10001470 <pll_init>
10001704:	4b1d      	ldr	r3, [pc, #116]	; (1000177c <runtime_init_clocks+0xc0>)
10001706:	2200      	movs	r2, #0
10001708:	2102      	movs	r1, #2
1000170a:	2004      	movs	r0, #4
1000170c:	f7ff fea0 	bl	10001450 <clock_configure_undivided>
10001710:	4d1b      	ldr	r5, [pc, #108]	; (10001780 <runtime_init_clocks+0xc4>)
10001712:	002b      	movs	r3, r5
10001714:	2200      	movs	r2, #0
10001716:	2101      	movs	r1, #1
10001718:	2005      	movs	r0, #5
1000171a:	f7ff fe99 	bl	10001450 <clock_configure_undivided>
1000171e:	4c19      	ldr	r4, [pc, #100]	; (10001784 <runtime_init_clocks+0xc8>)
10001720:	0023      	movs	r3, r4
10001722:	2200      	movs	r2, #0
10001724:	2100      	movs	r1, #0
10001726:	2007      	movs	r0, #7
10001728:	f7ff fe92 	bl	10001450 <clock_configure_undivided>
1000172c:	0023      	movs	r3, r4
1000172e:	2200      	movs	r2, #0
10001730:	2100      	movs	r1, #0
10001732:	2008      	movs	r0, #8
10001734:	f7ff fe8c 	bl	10001450 <clock_configure_undivided>
10001738:	2380      	movs	r3, #128	; 0x80
1000173a:	00db      	lsls	r3, r3, #3
1000173c:	9300      	str	r3, [sp, #0]
1000173e:	0023      	movs	r3, r4
10001740:	2200      	movs	r2, #0
10001742:	2100      	movs	r1, #0
10001744:	2009      	movs	r0, #9
10001746:	f7ff fe6f 	bl	10001428 <clock_configure_int_divider>
1000174a:	002b      	movs	r3, r5
1000174c:	2200      	movs	r2, #0
1000174e:	2100      	movs	r1, #0
10001750:	2006      	movs	r0, #6
10001752:	f7ff fe7d 	bl	10001450 <clock_configure_undivided>
10001756:	f7ff ff9d 	bl	10001694 <start_all_ticks>
1000175a:	b003      	add	sp, #12
1000175c:	bd30      	pop	{r4, r5, pc}
1000175e:	46c0      	nop			; (mov r8, r8)
10001760:	40008000 	.word	0x40008000
10001764:	4000b03c 	.word	0x4000b03c
10001768:	4000b030 	.word	0x4000b030
1000176c:	59682f00 	.word	0x59682f00
10001770:	40028000 	.word	0x40028000
10001774:	47868c00 	.word	0x47868c00
10001778:	4002c000 	.word	0x4002c000
1000177c:	00b71b00 	.word	0x00b71b00
10001780:	07735940 	.word	0x07735940
10001784:	02dc6c00 	.word	0x02dc6c00

10001788 <__aeabi_bits_init>:
10001788:	4801      	ldr	r0, [pc, #4]	; (10001790 <__aeabi_bits_init+0x8>)
1000178a:	2104      	movs	r1, #4
1000178c:	4b01      	ldr	r3, [pc, #4]	; (10001794 <__aeabi_bits_init+0xc>)
1000178e:	4718      	bx	r3
10001790:	200002a0 	.word	0x200002a0
10001794:	100017b9 	.word	0x100017b9

10001798 <rom_func_lookup>:
10001798:	b510      	push	{r4, lr}
1000179a:	0001      	movs	r1, r0
1000179c:	2318      	movs	r3, #24
1000179e:	881b      	ldrh	r3, [r3, #0]
100017a0:	2214      	movs	r2, #20
100017a2:	8810      	ldrh	r0, [r2, #0]
100017a4:	4798      	blx	r3
100017a6:	bd10      	pop	{r4, pc}

100017a8 <rom_data_lookup>:
100017a8:	b510      	push	{r4, lr}
100017aa:	0001      	movs	r1, r0
100017ac:	2318      	movs	r3, #24
100017ae:	881b      	ldrh	r3, [r3, #0]
100017b0:	2216      	movs	r2, #22
100017b2:	8810      	ldrh	r0, [r2, #0]
100017b4:	4798      	blx	r3
100017b6:	bd10      	pop	{r4, pc}

100017b8 <rom_funcs_lookup>:
100017b8:	b5f0      	push	{r4, r5, r6, r7, lr}
100017ba:	46c6      	mov	lr, r8
100017bc:	b500      	push	{lr}
100017be:	0007      	movs	r7, r0
100017c0:	000e      	movs	r6, r1
100017c2:	2500      	movs	r5, #0
100017c4:	2301      	movs	r3, #1
100017c6:	4698      	mov	r8, r3
100017c8:	e000      	b.n	100017cc <rom_funcs_lookup+0x14>
100017ca:	3501      	adds	r5, #1
100017cc:	42b5      	cmp	r5, r6
100017ce:	d20a      	bcs.n	100017e6 <rom_funcs_lookup+0x2e>
100017d0:	00ac      	lsls	r4, r5, #2
100017d2:	193c      	adds	r4, r7, r4
100017d4:	6820      	ldr	r0, [r4, #0]
100017d6:	f7ff ffdf 	bl	10001798 <rom_func_lookup>
100017da:	6020      	str	r0, [r4, #0]
100017dc:	2800      	cmp	r0, #0
100017de:	d1f4      	bne.n	100017ca <rom_funcs_lookup+0x12>
100017e0:	2300      	movs	r3, #0
100017e2:	4698      	mov	r8, r3
100017e4:	e7f1      	b.n	100017ca <rom_funcs_lookup+0x12>
100017e6:	4640      	mov	r0, r8
100017e8:	bc80      	pop	{r7}
100017ea:	46b8      	mov	r8, r7
100017ec:	bdf0      	pop	{r4, r5, r6, r7, pc}
	...

100017f0 <__wrap___aeabi_idiv>:
100017f0:	4a12      	ldr	r2, [pc, #72]	; (1000183c <divmod_s32s32_savestate+0x18>)
100017f2:	6f93      	ldr	r3, [r2, #120]	; 0x78
100017f4:	089b      	lsrs	r3, r3, #2
100017f6:	d215      	bcs.n	10001824 <divmod_s32s32_savestate>

100017f8 <divmod_s32s32_unsafe>:
100017f8:	6690      	str	r0, [r2, #104]	; 0x68
100017fa:	66d1      	str	r1, [r2, #108]	; 0x6c
100017fc:	2900      	cmp	r1, #0
100017fe:	d005      	beq.n	1000180c <divmod_s32s32_unsafe+0x14>
10001800:	e7ff      	b.n	10001802 <divmod_s32s32_unsafe+0xa>
10001802:	e7ff      	b.n	10001804 <divmod_s32s32_unsafe+0xc>
10001804:	e7ff      	b.n	10001806 <divmod_s32s32_unsafe+0xe>
10001806:	6f51      	ldr	r1, [r2, #116]	; 0x74
10001808:	6f10      	ldr	r0, [r2, #112]	; 0x70
1000180a:	4770      	bx	lr
1000180c:	b504      	push	{r2, lr}
1000180e:	2180      	movs	r1, #128	; 0x80
10001810:	0609      	lsls	r1, r1, #24
10001812:	17c2      	asrs	r2, r0, #31
10001814:	4051      	eors	r1, r2
10001816:	2800      	cmp	r0, #0
10001818:	d000      	beq.n	1000181c <divmod_s32s32_unsafe+0x24>
1000181a:	43c8      	mvns	r0, r1
1000181c:	f002 fae4 	bl	10003de8 <____aeabi_idiv0_veneer>
10001820:	2100      	movs	r1, #0
10001822:	bd04      	pop	{r2, pc}

10001824 <divmod_s32s32_savestate>:
10001824:	b5f0      	push	{r4, r5, r6, r7, lr}
10001826:	6e14      	ldr	r4, [r2, #96]	; 0x60
10001828:	6e55      	ldr	r5, [r2, #100]	; 0x64
1000182a:	6f57      	ldr	r7, [r2, #116]	; 0x74
1000182c:	6f16      	ldr	r6, [r2, #112]	; 0x70
1000182e:	f7ff ffe3 	bl	100017f8 <divmod_s32s32_unsafe>
10001832:	6614      	str	r4, [r2, #96]	; 0x60
10001834:	6655      	str	r5, [r2, #100]	; 0x64
10001836:	6757      	str	r7, [r2, #116]	; 0x74
10001838:	6716      	str	r6, [r2, #112]	; 0x70
1000183a:	bdf0      	pop	{r4, r5, r6, r7, pc}
1000183c:	d0000000 	.word	0xd0000000

10001840 <__wrap___aeabi_uidiv>:
10001840:	4a11      	ldr	r2, [pc, #68]	; (10001888 <divmod_u32u32_savestate+0x18>)
10001842:	6f93      	ldr	r3, [r2, #120]	; 0x78
10001844:	089b      	lsrs	r3, r3, #2
10001846:	d213      	bcs.n	10001870 <divmod_u32u32_savestate>

10001848 <divmod_u32u32_unsafe>:
10001848:	6610      	str	r0, [r2, #96]	; 0x60
1000184a:	6651      	str	r1, [r2, #100]	; 0x64
1000184c:	2900      	cmp	r1, #0
1000184e:	d005      	beq.n	1000185c <divmod_u32u32_unsafe+0x14>
10001850:	e7ff      	b.n	10001852 <divmod_u32u32_unsafe+0xa>
10001852:	e7ff      	b.n	10001854 <divmod_u32u32_unsafe+0xc>
10001854:	e7ff      	b.n	10001856 <divmod_u32u32_unsafe+0xe>
10001856:	6f51      	ldr	r1, [r2, #116]	; 0x74
10001858:	6f10      	ldr	r0, [r2, #112]	; 0x70
1000185a:	4770      	bx	lr
1000185c:	b504      	push	{r2, lr}
1000185e:	2800      	cmp	r0, #0
10001860:	d001      	beq.n	10001866 <divmod_u32u32_unsafe+0x1e>
10001862:	2000      	movs	r0, #0
10001864:	43c0      	mvns	r0, r0
10001866:	f002 fabf 	bl	10003de8 <____aeabi_idiv0_veneer>
1000186a:	2100      	movs	r1, #0
1000186c:	bd04      	pop	{r2, pc}
1000186e:	46c0      	nop			; (mov r8, r8)

10001870 <divmod_u32u32_savestate>:
10001870:	b5f0      	push	{r4, r5, r6, r7, lr}
10001872:	6e14      	ldr	r4, [r2, #96]	; 0x60
10001874:	6e55      	ldr	r5, [r2, #100]	; 0x64
10001876:	6f57      	ldr	r7, [r2, #116]	; 0x74
10001878:	6f16      	ldr	r6, [r2, #112]	; 0x70
1000187a:	f7ff ffe5 	bl	10001848 <divmod_u32u32_unsafe>
1000187e:	6614      	str	r4, [r2, #96]	; 0x60
10001880:	6655      	str	r5, [r2, #100]	; 0x64
10001882:	6757      	str	r7, [r2, #116]	; 0x74
10001884:	6716      	str	r6, [r2, #112]	; 0x70
10001886:	bdf0      	pop	{r4, r5, r6, r7, pc}
10001888:	d0000000 	.word	0xd0000000

1000188c <__wrap___aeabi_ldivmod>:
1000188c:	4694      	mov	ip, r2
1000188e:	4a4a      	ldr	r2, [pc, #296]	; (100019b8 <udiv0+0x1a>)
10001890:	6f92      	ldr	r2, [r2, #120]	; 0x78
10001892:	0892      	lsrs	r2, r2, #2
10001894:	4662      	mov	r2, ip
10001896:	d201      	bcs.n	1000189c <divmod_s64s64_savestate>
10001898:	e028      	b.n	100018ec <divmod_s64s64_unsafe>
1000189a:	46c0      	nop			; (mov r8, r8)

1000189c <divmod_s64s64_savestate>:
1000189c:	b5f0      	push	{r4, r5, r6, r7, lr}
1000189e:	4e46      	ldr	r6, [pc, #280]	; (100019b8 <udiv0+0x1a>)
100018a0:	6e34      	ldr	r4, [r6, #96]	; 0x60
100018a2:	6e75      	ldr	r5, [r6, #100]	; 0x64
100018a4:	6f77      	ldr	r7, [r6, #116]	; 0x74
100018a6:	6f36      	ldr	r6, [r6, #112]	; 0x70
100018a8:	f000 f820 	bl	100018ec <divmod_s64s64_unsafe>
100018ac:	4694      	mov	ip, r2
100018ae:	4a42      	ldr	r2, [pc, #264]	; (100019b8 <udiv0+0x1a>)
100018b0:	6614      	str	r4, [r2, #96]	; 0x60
100018b2:	6655      	str	r5, [r2, #100]	; 0x64
100018b4:	6757      	str	r7, [r2, #116]	; 0x74
100018b6:	6716      	str	r6, [r2, #112]	; 0x70
100018b8:	4662      	mov	r2, ip
100018ba:	bdf0      	pop	{r4, r5, r6, r7, pc}

100018bc <__wrap___aeabi_uldivmod>:
100018bc:	4694      	mov	ip, r2
100018be:	4a3e      	ldr	r2, [pc, #248]	; (100019b8 <udiv0+0x1a>)
100018c0:	6f92      	ldr	r2, [r2, #120]	; 0x78
100018c2:	0892      	lsrs	r2, r2, #2
100018c4:	4662      	mov	r2, ip
100018c6:	d201      	bcs.n	100018cc <divmod_u64u64_savestate>
100018c8:	e054      	b.n	10001974 <divmod_u64u64_unsafe>
100018ca:	46c0      	nop			; (mov r8, r8)

100018cc <divmod_u64u64_savestate>:
100018cc:	b5f0      	push	{r4, r5, r6, r7, lr}
100018ce:	4e3a      	ldr	r6, [pc, #232]	; (100019b8 <udiv0+0x1a>)
100018d0:	6e34      	ldr	r4, [r6, #96]	; 0x60
100018d2:	6e75      	ldr	r5, [r6, #100]	; 0x64
100018d4:	6f77      	ldr	r7, [r6, #116]	; 0x74
100018d6:	6f36      	ldr	r6, [r6, #112]	; 0x70
100018d8:	f000 f84c 	bl	10001974 <divmod_u64u64_unsafe>
100018dc:	4694      	mov	ip, r2
100018de:	4a36      	ldr	r2, [pc, #216]	; (100019b8 <udiv0+0x1a>)
100018e0:	6614      	str	r4, [r2, #96]	; 0x60
100018e2:	6655      	str	r5, [r2, #100]	; 0x64
100018e4:	6757      	str	r7, [r2, #116]	; 0x74
100018e6:	6716      	str	r6, [r2, #112]	; 0x70
100018e8:	4662      	mov	r2, ip
100018ea:	bdf0      	pop	{r4, r5, r6, r7, pc}

100018ec <divmod_s64s64_unsafe>:
100018ec:	2b00      	cmp	r3, #0
100018ee:	db24      	blt.n	1000193a <l42_1+0x26>
100018f0:	d011      	beq.n	10001916 <l42_1+0x2>
100018f2:	2900      	cmp	r1, #0
100018f4:	da3e      	bge.n	10001974 <divmod_u64u64_unsafe>
100018f6:	b500      	push	{lr}
100018f8:	43c9      	mvns	r1, r1
100018fa:	4240      	negs	r0, r0
100018fc:	d100      	bne.n	10001900 <l40_1>
100018fe:	3101      	adds	r1, #1

10001900 <l40_1>:
10001900:	f000 f838 	bl	10001974 <divmod_u64u64_unsafe>
10001904:	43c9      	mvns	r1, r1
10001906:	4240      	negs	r0, r0
10001908:	d100      	bne.n	1000190c <l41_1>
1000190a:	3101      	adds	r1, #1

1000190c <l41_1>:
1000190c:	43db      	mvns	r3, r3
1000190e:	4252      	negs	r2, r2
10001910:	d100      	bne.n	10001914 <l42_1>
10001912:	3301      	adds	r3, #1

10001914 <l42_1>:
10001914:	bd00      	pop	{pc}
10001916:	2a00      	cmp	r2, #0
10001918:	d1eb      	bne.n	100018f2 <divmod_s64s64_unsafe+0x6>
1000191a:	2800      	cmp	r0, #0
1000191c:	d101      	bne.n	10001922 <l42_1+0xe>
1000191e:	2900      	cmp	r1, #0
10001920:	d005      	beq.n	1000192e <l42_1+0x1a>
10001922:	2000      	movs	r0, #0
10001924:	0fc9      	lsrs	r1, r1, #31
10001926:	07c9      	lsls	r1, r1, #31
10001928:	d101      	bne.n	1000192e <l42_1+0x1a>
1000192a:	43c0      	mvns	r0, r0
1000192c:	0841      	lsrs	r1, r0, #1
1000192e:	b500      	push	{lr}
10001930:	f002 fa52 	bl	10003dd8 <____aeabi_ldiv0_veneer>
10001934:	2200      	movs	r2, #0
10001936:	2300      	movs	r3, #0
10001938:	bd00      	pop	{pc}
1000193a:	b500      	push	{lr}
1000193c:	2900      	cmp	r1, #0
1000193e:	db0a      	blt.n	10001956 <l44_1+0x2>
10001940:	43db      	mvns	r3, r3
10001942:	4252      	negs	r2, r2
10001944:	d100      	bne.n	10001948 <l43_1>
10001946:	3301      	adds	r3, #1

10001948 <l43_1>:
10001948:	f000 f814 	bl	10001974 <divmod_u64u64_unsafe>
1000194c:	43c9      	mvns	r1, r1
1000194e:	4240      	negs	r0, r0
10001950:	d100      	bne.n	10001954 <l44_1>
10001952:	3101      	adds	r1, #1

10001954 <l44_1>:
10001954:	bd00      	pop	{pc}
10001956:	43c9      	mvns	r1, r1
10001958:	4240      	negs	r0, r0
1000195a:	d100      	bne.n	1000195e <l45_1>
1000195c:	3101      	adds	r1, #1

1000195e <l45_1>:
1000195e:	43db      	mvns	r3, r3
10001960:	4252      	negs	r2, r2
10001962:	d100      	bne.n	10001966 <l46_1>
10001964:	3301      	adds	r3, #1

10001966 <l46_1>:
10001966:	f000 f805 	bl	10001974 <divmod_u64u64_unsafe>
1000196a:	43db      	mvns	r3, r3
1000196c:	4252      	negs	r2, r2
1000196e:	d100      	bne.n	10001972 <l47_1>
10001970:	3301      	adds	r3, #1

10001972 <l47_1>:
10001972:	bd00      	pop	{pc}

10001974 <divmod_u64u64_unsafe>:
10001974:	2900      	cmp	r1, #0
10001976:	d123      	bne.n	100019c0 <y64>
10001978:	2b00      	cmp	r3, #0
1000197a:	d118      	bne.n	100019ae <udiv0+0x10>
1000197c:	2a00      	cmp	r2, #0
1000197e:	d00c      	beq.n	1000199a <divmod_u64u64_unsafe+0x26>
10001980:	46bc      	mov	ip, r7
10001982:	4f0d      	ldr	r7, [pc, #52]	; (100019b8 <udiv0+0x1a>)
10001984:	6638      	str	r0, [r7, #96]	; 0x60
10001986:	667a      	str	r2, [r7, #100]	; 0x64
10001988:	2100      	movs	r1, #0
1000198a:	2300      	movs	r3, #0
1000198c:	e7ff      	b.n	1000198e <divmod_u64u64_unsafe+0x1a>
1000198e:	e7ff      	b.n	10001990 <divmod_u64u64_unsafe+0x1c>
10001990:	e7ff      	b.n	10001992 <divmod_u64u64_unsafe+0x1e>
10001992:	6f7a      	ldr	r2, [r7, #116]	; 0x74
10001994:	6f38      	ldr	r0, [r7, #112]	; 0x70
10001996:	4667      	mov	r7, ip
10001998:	4770      	bx	lr
1000199a:	2800      	cmp	r0, #0
1000199c:	d001      	beq.n	100019a2 <udiv0+0x4>

1000199e <udiv0>:
1000199e:	4807      	ldr	r0, [pc, #28]	; (100019bc <udiv0+0x1e>)
100019a0:	0001      	movs	r1, r0
100019a2:	b500      	push	{lr}
100019a4:	f002 fa18 	bl	10003dd8 <____aeabi_ldiv0_veneer>
100019a8:	2200      	movs	r2, #0
100019aa:	2300      	movs	r3, #0
100019ac:	bd00      	pop	{pc}
100019ae:	0002      	movs	r2, r0
100019b0:	000b      	movs	r3, r1
100019b2:	2000      	movs	r0, #0
100019b4:	2100      	movs	r1, #0
100019b6:	4770      	bx	lr
100019b8:	d0000000 	.word	0xd0000000
100019bc:	ffffffff 	.word	0xffffffff

100019c0 <y64>:
100019c0:	2b00      	cmp	r3, #0
100019c2:	d000      	beq.n	100019c6 <y64+0x6>
100019c4:	e0bf      	b.n	10001b46 <y64_x48>
100019c6:	0c13      	lsrs	r3, r2, #16
100019c8:	d128      	bne.n	10001a1c <y64_x32>
100019ca:	2a00      	cmp	r2, #0
100019cc:	d0e7      	beq.n	1000199e <udiv0>
100019ce:	b480      	push	{r7}
100019d0:	4f11      	ldr	r7, [pc, #68]	; (10001a18 <y64+0x58>)
100019d2:	6639      	str	r1, [r7, #96]	; 0x60
100019d4:	667a      	str	r2, [r7, #100]	; 0x64
100019d6:	e7ff      	b.n	100019d8 <y64+0x18>
100019d8:	e7ff      	b.n	100019da <y64+0x1a>
100019da:	b430      	push	{r4, r5}
100019dc:	0c04      	lsrs	r4, r0, #16
100019de:	6f7b      	ldr	r3, [r7, #116]	; 0x74
100019e0:	6f39      	ldr	r1, [r7, #112]	; 0x70
100019e2:	041b      	lsls	r3, r3, #16
100019e4:	4323      	orrs	r3, r4
100019e6:	663b      	str	r3, [r7, #96]	; 0x60
100019e8:	667a      	str	r2, [r7, #100]	; 0x64
100019ea:	e7ff      	b.n	100019ec <y64+0x2c>
100019ec:	e7ff      	b.n	100019ee <y64+0x2e>
100019ee:	e7ff      	b.n	100019f0 <y64+0x30>
100019f0:	46c0      	nop			; (mov r8, r8)
100019f2:	b284      	uxth	r4, r0
100019f4:	6f7b      	ldr	r3, [r7, #116]	; 0x74
100019f6:	6f3d      	ldr	r5, [r7, #112]	; 0x70
100019f8:	041b      	lsls	r3, r3, #16
100019fa:	4323      	orrs	r3, r4
100019fc:	663b      	str	r3, [r7, #96]	; 0x60
100019fe:	667a      	str	r2, [r7, #100]	; 0x64
10001a00:	e7ff      	b.n	10001a02 <y64+0x42>
10001a02:	e7ff      	b.n	10001a04 <y64+0x44>
10001a04:	46c0      	nop			; (mov r8, r8)
10001a06:	2300      	movs	r3, #0
10001a08:	042c      	lsls	r4, r5, #16
10001a0a:	0c2d      	lsrs	r5, r5, #16
10001a0c:	6f7a      	ldr	r2, [r7, #116]	; 0x74
10001a0e:	6f38      	ldr	r0, [r7, #112]	; 0x70
10001a10:	1900      	adds	r0, r0, r4
10001a12:	4169      	adcs	r1, r5
10001a14:	bcb0      	pop	{r4, r5, r7}
10001a16:	4770      	bx	lr
10001a18:	d0000000 	.word	0xd0000000

10001a1c <y64_x32>:
10001a1c:	b5f0      	push	{r4, r5, r6, r7, lr}
10001a1e:	4694      	mov	ip, r2
10001a20:	2500      	movs	r5, #0
10001a22:	0e14      	lsrs	r4, r2, #24
10001a24:	d101      	bne.n	10001a2a <y64_x32+0xe>
10001a26:	0212      	lsls	r2, r2, #8
10001a28:	3508      	adds	r5, #8
10001a2a:	0f14      	lsrs	r4, r2, #28
10001a2c:	d101      	bne.n	10001a32 <y64_x32+0x16>
10001a2e:	0112      	lsls	r2, r2, #4
10001a30:	3504      	adds	r5, #4
10001a32:	0f94      	lsrs	r4, r2, #30
10001a34:	d101      	bne.n	10001a3a <y64_x32+0x1e>
10001a36:	0092      	lsls	r2, r2, #2
10001a38:	3502      	adds	r5, #2
10001a3a:	0fd4      	lsrs	r4, r2, #31
10001a3c:	d101      	bne.n	10001a42 <y64_x32+0x26>
10001a3e:	0052      	lsls	r2, r2, #1
10001a40:	3501      	adds	r5, #1
10001a42:	0bd4      	lsrs	r4, r2, #15
10001a44:	3401      	adds	r4, #1
10001a46:	4f25      	ldr	r7, [pc, #148]	; (10001adc <y64_x32+0xc0>)
10001a48:	667c      	str	r4, [r7, #100]	; 0x64
10001a4a:	4c25      	ldr	r4, [pc, #148]	; (10001ae0 <y64_x32+0xc4>)
10001a4c:	663c      	str	r4, [r7, #96]	; 0x60
10001a4e:	0c0e      	lsrs	r6, r1, #16
10001a50:	b293      	uxth	r3, r2
10001a52:	e7ff      	b.n	10001a54 <y64_x32+0x38>
10001a54:	e7ff      	b.n	10001a56 <y64_x32+0x3a>
10001a56:	e7ff      	b.n	10001a58 <y64_x32+0x3c>
10001a58:	6f3c      	ldr	r4, [r7, #112]	; 0x70
10001a5a:	4366      	muls	r6, r4
10001a5c:	0c36      	lsrs	r6, r6, #16
10001a5e:	0377      	lsls	r7, r6, #13
10001a60:	46be      	mov	lr, r7
10001a62:	4373      	muls	r3, r6
10001a64:	0bdf      	lsrs	r7, r3, #15
10001a66:	045b      	lsls	r3, r3, #17
10001a68:	1ac0      	subs	r0, r0, r3
10001a6a:	41b9      	sbcs	r1, r7
10001a6c:	0c13      	lsrs	r3, r2, #16
10001a6e:	4373      	muls	r3, r6
10001a70:	18db      	adds	r3, r3, r3
10001a72:	1ac9      	subs	r1, r1, r3
10001a74:	08ce      	lsrs	r6, r1, #3
10001a76:	4366      	muls	r6, r4
10001a78:	0c36      	lsrs	r6, r6, #16
10001a7a:	44b6      	add	lr, r6
10001a7c:	b293      	uxth	r3, r2
10001a7e:	4373      	muls	r3, r6
10001a80:	0f1f      	lsrs	r7, r3, #28
10001a82:	011b      	lsls	r3, r3, #4
10001a84:	1ac0      	subs	r0, r0, r3
10001a86:	41b9      	sbcs	r1, r7
10001a88:	0c13      	lsrs	r3, r2, #16
10001a8a:	4373      	muls	r3, r6
10001a8c:	0b1f      	lsrs	r7, r3, #12
10001a8e:	051b      	lsls	r3, r3, #20
10001a90:	1ac0      	subs	r0, r0, r3
10001a92:	41b9      	sbcs	r1, r7
10001a94:	0d86      	lsrs	r6, r0, #22
10001a96:	028f      	lsls	r7, r1, #10
10001a98:	433e      	orrs	r6, r7
10001a9a:	4366      	muls	r6, r4
10001a9c:	0c36      	lsrs	r6, r6, #16
10001a9e:	2d09      	cmp	r5, #9
10001aa0:	db24      	blt.n	10001aec <last0>
10001aa2:	0a52      	lsrs	r2, r2, #9
10001aa4:	4372      	muls	r2, r6
10001aa6:	1a80      	subs	r0, r0, r2
10001aa8:	0377      	lsls	r7, r6, #13
10001aaa:	0a46      	lsrs	r6, r0, #9
10001aac:	4366      	muls	r6, r4
10001aae:	0c36      	lsrs	r6, r6, #16
10001ab0:	2316      	movs	r3, #22
10001ab2:	1b5b      	subs	r3, r3, r5
10001ab4:	40de      	lsrs	r6, r3
10001ab6:	40df      	lsrs	r7, r3
10001ab8:	19bf      	adds	r7, r7, r6
10001aba:	4664      	mov	r4, ip
10001abc:	4366      	muls	r6, r4
10001abe:	1b82      	subs	r2, r0, r6
10001ac0:	4670      	mov	r0, lr
10001ac2:	3504      	adds	r5, #4
10001ac4:	3306      	adds	r3, #6
10001ac6:	0001      	movs	r1, r0
10001ac8:	40d9      	lsrs	r1, r3
10001aca:	40a8      	lsls	r0, r5
10001acc:	19c0      	adds	r0, r0, r7
10001ace:	d300      	bcc.n	10001ad2 <y64_x32+0xb6>
10001ad0:	3101      	adds	r1, #1
10001ad2:	42a2      	cmp	r2, r4
10001ad4:	d206      	bcs.n	10001ae4 <y64_x32+0xc8>
10001ad6:	2300      	movs	r3, #0
10001ad8:	bdf0      	pop	{r4, r5, r6, r7, pc}
10001ada:	0000      	.short	0x0000
10001adc:	d0000000 	.word	0xd0000000
10001ae0:	ffffffff 	.word	0xffffffff
10001ae4:	1b12      	subs	r2, r2, r4
10001ae6:	3001      	adds	r0, #1
10001ae8:	d3f3      	bcc.n	10001ad2 <y64_x32+0xb6>
10001aea:	e7f1      	b.n	10001ad0 <y64_x32+0xb4>

10001aec <last0>:
10001aec:	2709      	movs	r7, #9
10001aee:	1b7f      	subs	r7, r7, r5
10001af0:	40fe      	lsrs	r6, r7
10001af2:	4664      	mov	r4, ip
10001af4:	b2a2      	uxth	r2, r4
10001af6:	4372      	muls	r2, r6
10001af8:	1a80      	subs	r0, r0, r2
10001afa:	d200      	bcs.n	10001afe <last0+0x12>
10001afc:	3901      	subs	r1, #1
10001afe:	0c22      	lsrs	r2, r4, #16
10001b00:	4372      	muls	r2, r6
10001b02:	0c13      	lsrs	r3, r2, #16
10001b04:	0412      	lsls	r2, r2, #16
10001b06:	1a82      	subs	r2, r0, r2
10001b08:	4199      	sbcs	r1, r3
10001b0a:	000b      	movs	r3, r1
10001b0c:	4670      	mov	r0, lr
10001b0e:	3504      	adds	r5, #4
10001b10:	3713      	adds	r7, #19
10001b12:	0001      	movs	r1, r0
10001b14:	40f9      	lsrs	r1, r7
10001b16:	40a8      	lsls	r0, r5
10001b18:	1980      	adds	r0, r0, r6
10001b1a:	d300      	bcc.n	10001b1e <last0+0x32>
10001b1c:	3101      	adds	r1, #1
10001b1e:	2b00      	cmp	r3, #0
10001b20:	d102      	bne.n	10001b28 <last0+0x3c>
10001b22:	42a2      	cmp	r2, r4
10001b24:	d20a      	bcs.n	10001b3c <last0+0x50>
10001b26:	bdf0      	pop	{r4, r5, r6, r7, pc}
10001b28:	3001      	adds	r0, #1
10001b2a:	d300      	bcc.n	10001b2e <last0+0x42>
10001b2c:	3101      	adds	r1, #1
10001b2e:	1b12      	subs	r2, r2, r4
10001b30:	d2fa      	bcs.n	10001b28 <last0+0x3c>
10001b32:	3b01      	subs	r3, #1
10001b34:	d1f8      	bne.n	10001b28 <last0+0x3c>
10001b36:	42a2      	cmp	r2, r4
10001b38:	d200      	bcs.n	10001b3c <last0+0x50>
10001b3a:	bdf0      	pop	{r4, r5, r6, r7, pc}
10001b3c:	3001      	adds	r0, #1
10001b3e:	d300      	bcc.n	10001b42 <last0+0x56>
10001b40:	3101      	adds	r1, #1
10001b42:	1b12      	subs	r2, r2, r4
10001b44:	e7f7      	b.n	10001b36 <last0+0x4a>

10001b46 <y64_x48>:
10001b46:	b5f0      	push	{r4, r5, r6, r7, lr}
10001b48:	0c1c      	lsrs	r4, r3, #16
10001b4a:	d000      	beq.n	10001b4e <y64_x48+0x8>
10001b4c:	e080      	b.n	10001c50 <y64_x64>
10001b4e:	b40c      	push	{r2, r3}
10001b50:	2500      	movs	r5, #0
10001b52:	0a1c      	lsrs	r4, r3, #8
10001b54:	d104      	bne.n	10001b60 <y64_x48+0x1a>
10001b56:	021b      	lsls	r3, r3, #8
10001b58:	0e16      	lsrs	r6, r2, #24
10001b5a:	4333      	orrs	r3, r6
10001b5c:	0212      	lsls	r2, r2, #8
10001b5e:	3508      	adds	r5, #8
10001b60:	0b1c      	lsrs	r4, r3, #12
10001b62:	d104      	bne.n	10001b6e <y64_x48+0x28>
10001b64:	011b      	lsls	r3, r3, #4
10001b66:	0f16      	lsrs	r6, r2, #28
10001b68:	4333      	orrs	r3, r6
10001b6a:	0112      	lsls	r2, r2, #4
10001b6c:	3504      	adds	r5, #4
10001b6e:	0b9c      	lsrs	r4, r3, #14
10001b70:	d104      	bne.n	10001b7c <y64_x48+0x36>
10001b72:	009b      	lsls	r3, r3, #2
10001b74:	0f96      	lsrs	r6, r2, #30
10001b76:	4333      	orrs	r3, r6
10001b78:	0092      	lsls	r2, r2, #2
10001b7a:	3502      	adds	r5, #2
10001b7c:	0bdc      	lsrs	r4, r3, #15
10001b7e:	d102      	bne.n	10001b86 <y64_x48+0x40>
10001b80:	1892      	adds	r2, r2, r2
10001b82:	415b      	adcs	r3, r3
10001b84:	3501      	adds	r5, #1
10001b86:	001c      	movs	r4, r3
10001b88:	1897      	adds	r7, r2, r2
10001b8a:	4164      	adcs	r4, r4
10001b8c:	3401      	adds	r4, #1
10001b8e:	4f46      	ldr	r7, [pc, #280]	; (10001ca8 <y64_x64+0x58>)
10001b90:	667c      	str	r4, [r7, #100]	; 0x64
10001b92:	4c46      	ldr	r4, [pc, #280]	; (10001cac <y64_x64+0x5c>)
10001b94:	663c      	str	r4, [r7, #96]	; 0x60
10001b96:	0c0e      	lsrs	r6, r1, #16
10001b98:	e7ff      	b.n	10001b9a <y64_x48+0x54>
10001b9a:	e7ff      	b.n	10001b9c <y64_x48+0x56>
10001b9c:	e7ff      	b.n	10001b9e <y64_x48+0x58>
10001b9e:	46c0      	nop			; (mov r8, r8)
10001ba0:	6f3c      	ldr	r4, [r7, #112]	; 0x70
10001ba2:	4366      	muls	r6, r4
10001ba4:	0c36      	lsrs	r6, r6, #16
10001ba6:	0377      	lsls	r7, r6, #13
10001ba8:	46be      	mov	lr, r7
10001baa:	b297      	uxth	r7, r2
10001bac:	4377      	muls	r7, r6
10001bae:	1bc0      	subs	r0, r0, r7
10001bb0:	d200      	bcs.n	10001bb4 <y64_x48+0x6e>
10001bb2:	3901      	subs	r1, #1
10001bb4:	1bc0      	subs	r0, r0, r7
10001bb6:	d200      	bcs.n	10001bba <y64_x48+0x74>
10001bb8:	3901      	subs	r1, #1
10001bba:	b29f      	uxth	r7, r3
10001bbc:	4377      	muls	r7, r6
10001bbe:	1bc9      	subs	r1, r1, r7
10001bc0:	1bc9      	subs	r1, r1, r7
10001bc2:	0c17      	lsrs	r7, r2, #16
10001bc4:	4377      	muls	r7, r6
10001bc6:	047e      	lsls	r6, r7, #17
10001bc8:	0bff      	lsrs	r7, r7, #15
10001bca:	1b80      	subs	r0, r0, r6
10001bcc:	41b9      	sbcs	r1, r7
10001bce:	08ce      	lsrs	r6, r1, #3
10001bd0:	4366      	muls	r6, r4
10001bd2:	0c36      	lsrs	r6, r6, #16
10001bd4:	2d0c      	cmp	r5, #12
10001bd6:	db33      	blt.n	10001c40 <last1>
10001bd8:	44b6      	add	lr, r6
10001bda:	0b12      	lsrs	r2, r2, #12
10001bdc:	051f      	lsls	r7, r3, #20
10001bde:	433a      	orrs	r2, r7
10001be0:	0b1b      	lsrs	r3, r3, #12
10001be2:	b297      	uxth	r7, r2
10001be4:	4377      	muls	r7, r6
10001be6:	1bc0      	subs	r0, r0, r7
10001be8:	d200      	bcs.n	10001bec <y64_x48+0xa6>
10001bea:	3901      	subs	r1, #1
10001bec:	b29f      	uxth	r7, r3
10001bee:	4377      	muls	r7, r6
10001bf0:	1bc9      	subs	r1, r1, r7
10001bf2:	0c17      	lsrs	r7, r2, #16
10001bf4:	4377      	muls	r7, r6
10001bf6:	043e      	lsls	r6, r7, #16
10001bf8:	0c3f      	lsrs	r7, r7, #16
10001bfa:	1b80      	subs	r0, r0, r6
10001bfc:	41b9      	sbcs	r1, r7
10001bfe:	0d86      	lsrs	r6, r0, #22
10001c00:	028f      	lsls	r7, r1, #10
10001c02:	433e      	orrs	r6, r7
10001c04:	4366      	muls	r6, r4
10001c06:	2729      	movs	r7, #41	; 0x29
10001c08:	1b7f      	subs	r7, r7, r5
10001c0a:	40fe      	lsrs	r6, r7
10001c0c:	3d0c      	subs	r5, #12
10001c0e:	4677      	mov	r7, lr
10001c10:	40af      	lsls	r7, r5
10001c12:	19bf      	adds	r7, r7, r6
10001c14:	bc30      	pop	{r4, r5}
10001c16:	b2a2      	uxth	r2, r4
10001c18:	b2ab      	uxth	r3, r5
10001c1a:	4372      	muls	r2, r6
10001c1c:	4373      	muls	r3, r6
10001c1e:	1a80      	subs	r0, r0, r2
10001c20:	4199      	sbcs	r1, r3
10001c22:	0c22      	lsrs	r2, r4, #16
10001c24:	4372      	muls	r2, r6
10001c26:	0c13      	lsrs	r3, r2, #16
10001c28:	0412      	lsls	r2, r2, #16
10001c2a:	1a80      	subs	r0, r0, r2
10001c2c:	4199      	sbcs	r1, r3
10001c2e:	0002      	movs	r2, r0
10001c30:	000b      	movs	r3, r1
10001c32:	3701      	adds	r7, #1
10001c34:	1b00      	subs	r0, r0, r4
10001c36:	41a9      	sbcs	r1, r5
10001c38:	d2f9      	bcs.n	10001c2e <y64_x48+0xe8>
10001c3a:	1e78      	subs	r0, r7, #1
10001c3c:	2100      	movs	r1, #0
10001c3e:	bdf0      	pop	{r4, r5, r6, r7, pc}

10001c40 <last1>:
10001c40:	270c      	movs	r7, #12
10001c42:	1b7f      	subs	r7, r7, r5
10001c44:	40fe      	lsrs	r6, r7
10001c46:	4677      	mov	r7, lr
10001c48:	0b7f      	lsrs	r7, r7, #13
10001c4a:	40af      	lsls	r7, r5
10001c4c:	19ff      	adds	r7, r7, r7
10001c4e:	e7e0      	b.n	10001c12 <y64_x48+0xcc>

10001c50 <y64_x64>:
10001c50:	2400      	movs	r4, #0
10001c52:	1c5d      	adds	r5, r3, #1
10001c54:	d007      	beq.n	10001c66 <y64_x64+0x16>
10001c56:	4f14      	ldr	r7, [pc, #80]	; (10001ca8 <y64_x64+0x58>)
10001c58:	667d      	str	r5, [r7, #100]	; 0x64
10001c5a:	6639      	str	r1, [r7, #96]	; 0x60
10001c5c:	e7ff      	b.n	10001c5e <y64_x64+0xe>
10001c5e:	e7ff      	b.n	10001c60 <y64_x64+0x10>
10001c60:	e7ff      	b.n	10001c62 <y64_x64+0x12>
10001c62:	e7ff      	b.n	10001c64 <y64_x64+0x14>
10001c64:	6f3c      	ldr	r4, [r7, #112]	; 0x70
10001c66:	b295      	uxth	r5, r2
10001c68:	b29e      	uxth	r6, r3
10001c6a:	4365      	muls	r5, r4
10001c6c:	4366      	muls	r6, r4
10001c6e:	1b40      	subs	r0, r0, r5
10001c70:	41b1      	sbcs	r1, r6
10001c72:	0c15      	lsrs	r5, r2, #16
10001c74:	0c1e      	lsrs	r6, r3, #16
10001c76:	4365      	muls	r5, r4
10001c78:	4366      	muls	r6, r4
10001c7a:	0436      	lsls	r6, r6, #16
10001c7c:	0c2f      	lsrs	r7, r5, #16
10001c7e:	433e      	orrs	r6, r7
10001c80:	042d      	lsls	r5, r5, #16
10001c82:	1b40      	subs	r0, r0, r5
10001c84:	41b1      	sbcs	r1, r6
10001c86:	4299      	cmp	r1, r3
10001c88:	d204      	bcs.n	10001c94 <y64_x64+0x44>
10001c8a:	0002      	movs	r2, r0
10001c8c:	000b      	movs	r3, r1
10001c8e:	0020      	movs	r0, r4
10001c90:	2100      	movs	r1, #0
10001c92:	bdf0      	pop	{r4, r5, r6, r7, pc}
10001c94:	d101      	bne.n	10001c9a <y64_x64+0x4a>
10001c96:	4290      	cmp	r0, r2
10001c98:	d3f7      	bcc.n	10001c8a <y64_x64+0x3a>
10001c9a:	1a80      	subs	r0, r0, r2
10001c9c:	4199      	sbcs	r1, r3
10001c9e:	3401      	adds	r4, #1
10001ca0:	4299      	cmp	r1, r3
10001ca2:	d3f2      	bcc.n	10001c8a <y64_x64+0x3a>
10001ca4:	e7f6      	b.n	10001c94 <y64_x64+0x44>
10001ca6:	0000      	.short	0x0000
10001ca8:	d0000000 	.word	0xd0000000
10001cac:	ffffffff 	.word	0xffffffff

10001cb0 <__wrap___aeabi_drsub>:
10001cb0:	4048      	eors	r0, r1
10001cb2:	4041      	eors	r1, r0
10001cb4:	4048      	eors	r0, r1

10001cb6 <__wrap___aeabi_dsub>:
10001cb6:	b418      	push	{r3, r4}
10001cb8:	4b1b      	ldr	r3, [pc, #108]	; (10001d28 <__wrap___aeabi_dmul+0x12>)
10001cba:	685b      	ldr	r3, [r3, #4]
10001cbc:	46fc      	mov	ip, pc
10001cbe:	9301      	str	r3, [sp, #4]
10001cc0:	bd08      	pop	{r3, pc}
10001cc2:	df04      	.short	0xdf04
10001cc4:	10001f87 	.word	0x10001f87

10001cc8 <__wrap___aeabi_dadd>:
10001cc8:	b418      	push	{r3, r4}
10001cca:	4b17      	ldr	r3, [pc, #92]	; (10001d28 <__wrap___aeabi_dmul+0x12>)
10001ccc:	681b      	ldr	r3, [r3, #0]
10001cce:	46fc      	mov	ip, pc
10001cd0:	9301      	str	r3, [sp, #4]
10001cd2:	bd08      	pop	{r3, pc}
10001cd4:	1f91df00 	.word	0x1f91df00
10001cd8:	1000      	.short	0x1000

10001cda <__wrap___aeabi_ddiv>:
10001cda:	4694      	mov	ip, r2
10001cdc:	4a13      	ldr	r2, [pc, #76]	; (10001d2c <__wrap___aeabi_dmul+0x16>)
10001cde:	6f92      	ldr	r2, [r2, #120]	; 0x78
10001ce0:	0892      	lsrs	r2, r2, #2
10001ce2:	d209      	bcs.n	10001cf8 <ddiv_save_state>
10001ce4:	4662      	mov	r2, ip

10001ce6 <ddiv_shim_call>:
10001ce6:	b418      	push	{r3, r4}
10001ce8:	4b0f      	ldr	r3, [pc, #60]	; (10001d28 <__wrap___aeabi_dmul+0x12>)
10001cea:	68db      	ldr	r3, [r3, #12]
10001cec:	46fc      	mov	ip, pc
10001cee:	9301      	str	r3, [sp, #4]
10001cf0:	bd08      	pop	{r3, pc}
10001cf2:	df0c      	.short	0xdf0c
10001cf4:	10002249 	.word	0x10002249

10001cf8 <ddiv_save_state>:
10001cf8:	4a0c      	ldr	r2, [pc, #48]	; (10001d2c <__wrap___aeabi_dmul+0x16>)
10001cfa:	b5f0      	push	{r4, r5, r6, r7, lr}
10001cfc:	6e14      	ldr	r4, [r2, #96]	; 0x60
10001cfe:	6e55      	ldr	r5, [r2, #100]	; 0x64
10001d00:	6f57      	ldr	r7, [r2, #116]	; 0x74
10001d02:	6f16      	ldr	r6, [r2, #112]	; 0x70
10001d04:	4662      	mov	r2, ip
10001d06:	f7ff ffee 	bl	10001ce6 <ddiv_shim_call>
10001d0a:	4a08      	ldr	r2, [pc, #32]	; (10001d2c <__wrap___aeabi_dmul+0x16>)
10001d0c:	6614      	str	r4, [r2, #96]	; 0x60
10001d0e:	6655      	str	r5, [r2, #100]	; 0x64
10001d10:	6757      	str	r7, [r2, #116]	; 0x74
10001d12:	6716      	str	r6, [r2, #112]	; 0x70
10001d14:	bdf0      	pop	{r4, r5, r6, r7, pc}

10001d16 <__wrap___aeabi_dmul>:
10001d16:	b418      	push	{r3, r4}
10001d18:	4b03      	ldr	r3, [pc, #12]	; (10001d28 <__wrap___aeabi_dmul+0x12>)
10001d1a:	689b      	ldr	r3, [r3, #8]
10001d1c:	46fc      	mov	ip, pc
10001d1e:	9301      	str	r3, [sp, #4]
10001d20:	bd08      	pop	{r3, pc}
10001d22:	df08      	.short	0xdf08
10001d24:	100020ed 	.word	0x100020ed
10001d28:	200004c8 	.word	0x200004c8
10001d2c:	d0000000 	.word	0xd0000000

10001d30 <__wrap___aeabi_cdrcmple>:
10001d30:	b5ff      	push	{r0, r1, r2, r3, r4, r5, r6, r7, lr}
10001d32:	4050      	eors	r0, r2
10001d34:	4042      	eors	r2, r0
10001d36:	4050      	eors	r0, r2
10001d38:	4059      	eors	r1, r3
10001d3a:	404b      	eors	r3, r1
10001d3c:	4059      	eors	r1, r3
10001d3e:	e000      	b.n	10001d42 <__aeabi_dfcmple_guts>

10001d40 <__wrap___aeabi_cdcmpeq>:
10001d40:	b5ff      	push	{r0, r1, r2, r3, r4, r5, r6, r7, lr}

10001d42 <__aeabi_dfcmple_guts>:
10001d42:	4f15      	ldr	r7, [pc, #84]	; (10001d98 <__aeabi_dfcmple_guts+0x56>)
10001d44:	004c      	lsls	r4, r1, #1
10001d46:	0d64      	lsrs	r4, r4, #21
10001d48:	d003      	beq.n	10001d52 <__aeabi_dfcmple_guts+0x10>
10001d4a:	42bc      	cmp	r4, r7
10001d4c:	d104      	bne.n	10001d58 <__aeabi_dfcmple_guts+0x16>
10001d4e:	030c      	lsls	r4, r1, #12
10001d50:	d814      	bhi.n	10001d7c <__aeabi_dfcmple_guts+0x3a>
10001d52:	2000      	movs	r0, #0
10001d54:	0d09      	lsrs	r1, r1, #20
10001d56:	0509      	lsls	r1, r1, #20
10001d58:	005c      	lsls	r4, r3, #1
10001d5a:	0d64      	lsrs	r4, r4, #21
10001d5c:	d003      	beq.n	10001d66 <__aeabi_dfcmple_guts+0x24>
10001d5e:	42bc      	cmp	r4, r7
10001d60:	d104      	bne.n	10001d6c <__aeabi_dfcmple_guts+0x2a>
10001d62:	031c      	lsls	r4, r3, #12
10001d64:	d80a      	bhi.n	10001d7c <__aeabi_dfcmple_guts+0x3a>
10001d66:	2200      	movs	r2, #0
10001d68:	0d1b      	lsrs	r3, r3, #20
10001d6a:	051b      	lsls	r3, r3, #20
10001d6c:	2601      	movs	r6, #1
10001d6e:	404b      	eors	r3, r1
10001d70:	d409      	bmi.n	10001d86 <__aeabi_dfcmple_guts+0x44>
10001d72:	404b      	eors	r3, r1
10001d74:	d503      	bpl.n	10001d7e <__aeabi_dfcmple_guts+0x3c>
10001d76:	428b      	cmp	r3, r1
10001d78:	d100      	bne.n	10001d7c <__aeabi_dfcmple_guts+0x3a>
10001d7a:	4282      	cmp	r2, r0
10001d7c:	bdff      	pop	{r0, r1, r2, r3, r4, r5, r6, r7, pc}
10001d7e:	4299      	cmp	r1, r3
10001d80:	d1fc      	bne.n	10001d7c <__aeabi_dfcmple_guts+0x3a>
10001d82:	4290      	cmp	r0, r2
10001d84:	bdff      	pop	{r0, r1, r2, r3, r4, r5, r6, r7, pc}
10001d86:	430b      	orrs	r3, r1
10001d88:	18db      	adds	r3, r3, r3
10001d8a:	4303      	orrs	r3, r0
10001d8c:	4313      	orrs	r3, r2
10001d8e:	d0f5      	beq.n	10001d7c <__aeabi_dfcmple_guts+0x3a>
10001d90:	43c9      	mvns	r1, r1
10001d92:	1849      	adds	r1, r1, r1
10001d94:	bdff      	pop	{r0, r1, r2, r3, r4, r5, r6, r7, pc}
10001d96:	0000      	.short	0x0000
10001d98:	000007ff 	.word	0x000007ff

10001d9c <__wrap___aeabi_dcmplt>:
10001d9c:	b500      	push	{lr}
10001d9e:	f7ff ffcf 	bl	10001d40 <__wrap___aeabi_cdcmpeq>
10001da2:	4180      	sbcs	r0, r0
10001da4:	bd00      	pop	{pc}
10001da6:	46c0      	nop			; (mov r8, r8)

10001da8 <__wrap___aeabi_dcmple>:
10001da8:	b500      	push	{lr}
10001daa:	f7ff ffc9 	bl	10001d40 <__wrap___aeabi_cdcmpeq>
10001dae:	d901      	bls.n	10001db4 <__wrap___aeabi_dcmple+0xc>
10001db0:	2000      	movs	r0, #0
10001db2:	bd00      	pop	{pc}
10001db4:	2001      	movs	r0, #1
10001db6:	bd00      	pop	{pc}

10001db8 <__wrap___aeabi_dcmpge>:
10001db8:	b500      	push	{lr}
10001dba:	f7ff ffb9 	bl	10001d30 <__wrap___aeabi_cdrcmple>
10001dbe:	d901      	bls.n	10001dc4 <__wrap___aeabi_dcmpge+0xc>
10001dc0:	2000      	movs	r0, #0
10001dc2:	bd00      	pop	{pc}
10001dc4:	2001      	movs	r0, #1
10001dc6:	bd00      	pop	{pc}

10001dc8 <__wrap___aeabi_dcmpgt>:
10001dc8:	b500      	push	{lr}
10001dca:	f7ff ffb1 	bl	10001d30 <__wrap___aeabi_cdrcmple>
10001dce:	4180      	sbcs	r0, r0
10001dd0:	bd00      	pop	{pc}

10001dd2 <__wrap___aeabi_dcmpun>:
10001dd2:	2001      	movs	r0, #1
10001dd4:	0540      	lsls	r0, r0, #21
10001dd6:	004a      	lsls	r2, r1, #1
10001dd8:	1812      	adds	r2, r2, r0
10001dda:	d804      	bhi.n	10001de6 <__wrap___aeabi_dcmpun+0x14>
10001ddc:	005a      	lsls	r2, r3, #1
10001dde:	1812      	adds	r2, r2, r0
10001de0:	d801      	bhi.n	10001de6 <__wrap___aeabi_dcmpun+0x14>
10001de2:	2000      	movs	r0, #0
10001de4:	4770      	bx	lr
10001de6:	2001      	movs	r0, #1
10001de8:	4770      	bx	lr
	...

10001dec <__wrap___aeabi_ui2d>:
10001dec:	2100      	movs	r1, #0
10001dee:	2800      	cmp	r0, #0
10001df0:	d105      	bne.n	10001dfe <__wrap___aeabi_i2d+0xa>
10001df2:	4770      	bx	lr

10001df4 <__wrap___aeabi_i2d>:
10001df4:	17c1      	asrs	r1, r0, #31
10001df6:	4048      	eors	r0, r1
10001df8:	1a40      	subs	r0, r0, r1
10001dfa:	d0fa      	beq.n	10001df2 <__wrap___aeabi_ui2d+0x6>
10001dfc:	07c9      	lsls	r1, r1, #31
10001dfe:	b513      	push	{r0, r1, r4, lr}
10001e00:	4b06      	ldr	r3, [pc, #24]	; (10001e1c <__wrap___aeabi_i2d+0x28>)
10001e02:	681b      	ldr	r3, [r3, #0]
10001e04:	4798      	blx	r3
10001e06:	bc0c      	pop	{r2, r3}
10001e08:	1c44      	adds	r4, r0, #1
10001e0a:	40a2      	lsls	r2, r4
10001e0c:	0510      	lsls	r0, r2, #20
10001e0e:	0b12      	lsrs	r2, r2, #12
10001e10:	4903      	ldr	r1, [pc, #12]	; (10001e20 <__wrap___aeabi_i2d+0x2c>)
10001e12:	1b09      	subs	r1, r1, r4
10001e14:	0509      	lsls	r1, r1, #20
10001e16:	4319      	orrs	r1, r3
10001e18:	4311      	orrs	r1, r2
10001e1a:	bd10      	pop	{r4, pc}
10001e1c:	200005c8 	.word	0x200005c8
10001e20:	0000041f 	.word	0x0000041f

10001e24 <__wrap___aeabi_d2iz>:
10001e24:	b510      	push	{r4, lr}
10001e26:	004c      	lsls	r4, r1, #1
10001e28:	0d62      	lsrs	r2, r4, #21
10001e2a:	2380      	movs	r3, #128	; 0x80
10001e2c:	18d2      	adds	r2, r2, r3
10001e2e:	00db      	lsls	r3, r3, #3
10001e30:	1ad2      	subs	r2, r2, r3
10001e32:	055b      	lsls	r3, r3, #21
10001e34:	2a7e      	cmp	r2, #126	; 0x7e
10001e36:	dd10      	ble.n	10001e5a <__wrap___aeabi_d2iz+0x36>
10001e38:	3a9e      	subs	r2, #158	; 0x9e
10001e3a:	da13      	bge.n	10001e64 <__wrap___aeabi_d2iz+0x40>
10001e3c:	17cc      	asrs	r4, r1, #31
10001e3e:	0309      	lsls	r1, r1, #12
10001e40:	0849      	lsrs	r1, r1, #1
10001e42:	4319      	orrs	r1, r3
10001e44:	4252      	negs	r2, r2
10001e46:	40d1      	lsrs	r1, r2
10001e48:	0064      	lsls	r4, r4, #1
10001e4a:	3401      	adds	r4, #1
10001e4c:	3215      	adds	r2, #21
10001e4e:	2a20      	cmp	r2, #32
10001e50:	da05      	bge.n	10001e5e <__wrap___aeabi_d2iz+0x3a>
10001e52:	40d0      	lsrs	r0, r2
10001e54:	4308      	orrs	r0, r1
10001e56:	4360      	muls	r0, r4
10001e58:	bd10      	pop	{r4, pc}
10001e5a:	2000      	movs	r0, #0
10001e5c:	bd10      	pop	{r4, pc}
10001e5e:	4608      	mov	r0, r1
10001e60:	4360      	muls	r0, r4
10001e62:	bd10      	pop	{r4, pc}
10001e64:	0fc8      	lsrs	r0, r1, #31
10001e66:	18c0      	adds	r0, r0, r3
10001e68:	3801      	subs	r0, #1
10001e6a:	bd10      	pop	{r4, pc}

10001e6c <__wrap___aeabi_d2uiz>:
10001e6c:	b418      	push	{r3, r4}
10001e6e:	4b04      	ldr	r3, [pc, #16]	; (10001e80 <__wrap___aeabi_d2uiz+0x14>)
10001e70:	6a5b      	ldr	r3, [r3, #36]	; 0x24
10001e72:	46fc      	mov	ip, pc
10001e74:	9301      	str	r3, [sp, #4]
10001e76:	bd08      	pop	{r3, pc}
10001e78:	23f9df24 	.word	0x23f9df24
10001e7c:	00001000 	.word	0x00001000
10001e80:	200004c8 	.word	0x200004c8

10001e84 <__aeabi_double_init>:
10001e84:	b570      	push	{r4, r5, r6, lr}
10001e86:	2313      	movs	r3, #19
10001e88:	781c      	ldrb	r4, [r3, #0]
10001e8a:	2c01      	cmp	r4, #1
10001e8c:	d014      	beq.n	10001eb8 <__aeabi_double_init+0x34>
10001e8e:	2c01      	cmp	r4, #1
10001e90:	dc14      	bgt.n	10001ebc <__aeabi_double_init+0x38>
10001e92:	2c02      	cmp	r4, #2
10001e94:	dc02      	bgt.n	10001e9c <__aeabi_double_init+0x18>
10001e96:	4a1f      	ldr	r2, [pc, #124]	; (10001f14 <__aeabi_double_init+0x90>)
10001e98:	4b1f      	ldr	r3, [pc, #124]	; (10001f18 <__aeabi_double_init+0x94>)
10001e9a:	649a      	str	r2, [r3, #72]	; 0x48
10001e9c:	481f      	ldr	r0, [pc, #124]	; (10001f1c <__aeabi_double_init+0x98>)
10001e9e:	f7ff fc7b 	bl	10001798 <rom_func_lookup>
10001ea2:	4b1f      	ldr	r3, [pc, #124]	; (10001f20 <__aeabi_double_init+0x9c>)
10001ea4:	6018      	str	r0, [r3, #0]
10001ea6:	bd70      	pop	{r4, r5, r6, pc}
10001ea8:	0099      	lsls	r1, r3, #2
10001eaa:	481a      	ldr	r0, [pc, #104]	; (10001f14 <__aeabi_double_init+0x90>)
10001eac:	4a1a      	ldr	r2, [pc, #104]	; (10001f18 <__aeabi_double_init+0x94>)
10001eae:	5088      	str	r0, [r1, r2]
10001eb0:	3301      	adds	r3, #1
10001eb2:	2b1f      	cmp	r3, #31
10001eb4:	d9f8      	bls.n	10001ea8 <__aeabi_double_init+0x24>
10001eb6:	e7ea      	b.n	10001e8e <__aeabi_double_init+0xa>
10001eb8:	2300      	movs	r3, #0
10001eba:	e7fa      	b.n	10001eb2 <__aeabi_double_init+0x2e>
10001ebc:	4819      	ldr	r0, [pc, #100]	; (10001f24 <__aeabi_double_init+0xa0>)
10001ebe:	f7ff fc73 	bl	100017a8 <rom_data_lookup>
10001ec2:	0005      	movs	r5, r0
10001ec4:	4818      	ldr	r0, [pc, #96]	; (10001f28 <__aeabi_double_init+0xa4>)
10001ec6:	f7ff fc6f 	bl	100017a8 <rom_data_lookup>
10001eca:	3802      	subs	r0, #2
10001ecc:	7803      	ldrb	r3, [r0, #0]
10001ece:	009b      	lsls	r3, r3, #2
10001ed0:	2b7f      	cmp	r3, #127	; 0x7f
10001ed2:	dd19      	ble.n	10001f08 <__aeabi_double_init+0x84>
10001ed4:	2280      	movs	r2, #128	; 0x80
10001ed6:	0029      	movs	r1, r5
10001ed8:	480f      	ldr	r0, [pc, #60]	; (10001f18 <__aeabi_double_init+0x94>)
10001eda:	f000 fba5 	bl	10002628 <__wrap___aeabi_memcpy>
10001ede:	2c02      	cmp	r4, #2
10001ee0:	d1d7      	bne.n	10001e92 <__aeabi_double_init+0xe>
10001ee2:	4b12      	ldr	r3, [pc, #72]	; (10001f2c <__aeabi_double_init+0xa8>)
10001ee4:	881a      	ldrh	r2, [r3, #0]
10001ee6:	23b5      	movs	r3, #181	; 0xb5
10001ee8:	021b      	lsls	r3, r3, #8
10001eea:	429a      	cmp	r2, r3
10001eec:	d109      	bne.n	10001f02 <__aeabi_double_init+0x7e>
10001eee:	4b10      	ldr	r3, [pc, #64]	; (10001f30 <__aeabi_double_init+0xac>)
10001ef0:	881a      	ldrh	r2, [r3, #0]
10001ef2:	4b10      	ldr	r3, [pc, #64]	; (10001f34 <__aeabi_double_init+0xb0>)
10001ef4:	429a      	cmp	r2, r3
10001ef6:	d104      	bne.n	10001f02 <__aeabi_double_init+0x7e>
10001ef8:	4b0f      	ldr	r3, [pc, #60]	; (10001f38 <__aeabi_double_init+0xb4>)
10001efa:	881a      	ldrh	r2, [r3, #0]
10001efc:	4b0f      	ldr	r3, [pc, #60]	; (10001f3c <__aeabi_double_init+0xb8>)
10001efe:	429a      	cmp	r2, r3
10001f00:	d0c7      	beq.n	10001e92 <__aeabi_double_init+0xe>
10001f02:	2000      	movs	r0, #0
10001f04:	f7fe faae 	bl	10000464 <panic>
10001f08:	4b0d      	ldr	r3, [pc, #52]	; (10001f40 <__aeabi_double_init+0xbc>)
10001f0a:	4a0e      	ldr	r2, [pc, #56]	; (10001f44 <__aeabi_double_init+0xc0>)
10001f0c:	2133      	movs	r1, #51	; 0x33
10001f0e:	480e      	ldr	r0, [pc, #56]	; (10001f48 <__aeabi_double_init+0xc4>)
10001f10:	f001 fc36 	bl	10003780 <__assert_func>
10001f14:	10001f4d 	.word	0x10001f4d
10001f18:	200004c8 	.word	0x200004c8
10001f1c:	0000334c 	.word	0x0000334c
10001f20:	200005c8 	.word	0x200005c8
10001f24:	00004453 	.word	0x00004453
10001f28:	00004653 	.word	0x00004653
10001f2c:	00003854 	.word	0x00003854
10001f30:	000038d8 	.word	0x000038d8
10001f34:	00004649 	.word	0x00004649
10001f38:	0000389c 	.word	0x0000389c
10001f3c:	00004659 	.word	0x00004659
10001f40:	10004460 	.word	0x10004460
10001f44:	10004504 	.word	0x10004504
10001f48:	100044a4 	.word	0x100044a4

10001f4c <double_table_shim_on_use_helper>:
10001f4c:	b507      	push	{r0, r1, r2, lr}
10001f4e:	4660      	mov	r0, ip
10001f50:	2800      	cmp	r0, #0
10001f52:	d100      	bne.n	10001f56 <double_table_shim_on_use_helper+0xa>
10001f54:	be00      	bkpt	0x0000
10001f56:	8801      	ldrh	r1, [r0, #0]
10001f58:	0a0a      	lsrs	r2, r1, #8
10001f5a:	3002      	adds	r0, #2
10001f5c:	2adf      	cmp	r2, #223	; 0xdf
10001f5e:	d1fa      	bne.n	10001f56 <double_table_shim_on_use_helper+0xa>
10001f60:	b2c9      	uxtb	r1, r1
10001f62:	0882      	lsrs	r2, r0, #2
10001f64:	d304      	bcc.n	10001f70 <double_table_shim_on_use_helper+0x24>
10001f66:	8802      	ldrh	r2, [r0, #0]
10001f68:	8840      	ldrh	r0, [r0, #2]
10001f6a:	0400      	lsls	r0, r0, #16
10001f6c:	4310      	orrs	r0, r2
10001f6e:	e000      	b.n	10001f72 <double_table_shim_on_use_helper+0x26>
10001f70:	6800      	ldr	r0, [r0, #0]
10001f72:	4a02      	ldr	r2, [pc, #8]	; (10001f7c <double_table_shim_on_use_helper+0x30>)
10001f74:	5050      	str	r0, [r2, r1]
10001f76:	9003      	str	r0, [sp, #12]
10001f78:	bd07      	pop	{r0, r1, r2, pc}
10001f7a:	0000      	.short	0x0000
10001f7c:	200004c8 	.word	0x200004c8

10001f80 <drsub_shim>:
10001f80:	b40f      	push	{r0, r1, r2, r3}
10001f82:	bc03      	pop	{r0, r1}
10001f84:	bc0c      	pop	{r2, r3}

10001f86 <dsub_shim>:
10001f86:	b5f0      	push	{r4, r5, r6, r7, lr}
10001f88:	2401      	movs	r4, #1
10001f8a:	07e4      	lsls	r4, r4, #31
10001f8c:	4063      	eors	r3, r4
10001f8e:	e000      	b.n	10001f92 <da_entry>

10001f90 <dadd_shim>:
10001f90:	b5f0      	push	{r4, r5, r6, r7, lr}

10001f92 <da_entry>:
10001f92:	0d0c      	lsrs	r4, r1, #20
10001f94:	0fcf      	lsrs	r7, r1, #31
10001f96:	1e66      	subs	r6, r4, #1
10001f98:	0536      	lsls	r6, r6, #20
10001f9a:	1b89      	subs	r1, r1, r6
10001f9c:	0564      	lsls	r4, r4, #21
10001f9e:	d303      	bcc.n	10001fa8 <l8_1>
10001fa0:	43c9      	mvns	r1, r1
10001fa2:	4240      	negs	r0, r0
10001fa4:	d300      	bcc.n	10001fa8 <l8_1>
10001fa6:	3101      	adds	r1, #1

10001fa8 <l8_1>:
10001fa8:	0d64      	lsrs	r4, r4, #21
10001faa:	d003      	beq.n	10001fb4 <l8_2>
10001fac:	1c66      	adds	r6, r4, #1
10001fae:	0af6      	lsrs	r6, r6, #11
10001fb0:	d007      	beq.n	10001fc2 <l8_3>
10001fb2:	1be4      	subs	r4, r4, r7

10001fb4 <l8_2>:
10001fb4:	2000      	movs	r0, #0
10001fb6:	007f      	lsls	r7, r7, #1
10001fb8:	1c79      	adds	r1, r7, #1
10001fba:	0789      	lsls	r1, r1, #30
10001fbc:	1289      	asrs	r1, r1, #10
10001fbe:	3c80      	subs	r4, #128	; 0x80
10001fc0:	0324      	lsls	r4, r4, #12

10001fc2 <l8_3>:
10001fc2:	0d1d      	lsrs	r5, r3, #20
10001fc4:	0fdf      	lsrs	r7, r3, #31
10001fc6:	1e6e      	subs	r6, r5, #1
10001fc8:	0536      	lsls	r6, r6, #20
10001fca:	1b9b      	subs	r3, r3, r6
10001fcc:	056d      	lsls	r5, r5, #21
10001fce:	d303      	bcc.n	10001fd8 <l9_1>
10001fd0:	43db      	mvns	r3, r3
10001fd2:	4252      	negs	r2, r2
10001fd4:	d300      	bcc.n	10001fd8 <l9_1>
10001fd6:	3301      	adds	r3, #1

10001fd8 <l9_1>:
10001fd8:	0d6d      	lsrs	r5, r5, #21
10001fda:	d003      	beq.n	10001fe4 <l9_2>
10001fdc:	1c6e      	adds	r6, r5, #1
10001fde:	0af6      	lsrs	r6, r6, #11
10001fe0:	d007      	beq.n	10001ff2 <l9_3>
10001fe2:	1bed      	subs	r5, r5, r7

10001fe4 <l9_2>:
10001fe4:	2200      	movs	r2, #0
10001fe6:	007f      	lsls	r7, r7, #1
10001fe8:	1c7b      	adds	r3, r7, #1
10001fea:	079b      	lsls	r3, r3, #30
10001fec:	129b      	asrs	r3, r3, #10
10001fee:	3d80      	subs	r5, #128	; 0x80
10001ff0:	032d      	lsls	r5, r5, #12

10001ff2 <l9_3>:
10001ff2:	1b2f      	subs	r7, r5, r4
10001ff4:	1b66      	subs	r6, r4, r5
10001ff6:	d458      	bmi.n	100020aa <da_ygtx>
10001ff8:	46a4      	mov	ip, r4
10001ffa:	2e20      	cmp	r6, #32
10001ffc:	da46      	bge.n	1000208c <da_xrgty>
10001ffe:	3720      	adds	r7, #32
10002000:	0014      	movs	r4, r2
10002002:	40bc      	lsls	r4, r7

10002004 <da_xgty0>:
10002004:	001d      	movs	r5, r3
10002006:	40bd      	lsls	r5, r7
10002008:	40f2      	lsrs	r2, r6
1000200a:	4133      	asrs	r3, r6
1000200c:	432a      	orrs	r2, r5

1000200e <da_add>:
1000200e:	1880      	adds	r0, r0, r2
10002010:	4159      	adcs	r1, r3

10002012 <da_pack>:
10002012:	0fcb      	lsrs	r3, r1, #31
10002014:	d005      	beq.n	10002022 <da_pack+0x10>
10002016:	43c9      	mvns	r1, r1
10002018:	43c0      	mvns	r0, r0
1000201a:	2200      	movs	r2, #0
1000201c:	4264      	negs	r4, r4
1000201e:	4150      	adcs	r0, r2
10002020:	4151      	adcs	r1, r2
10002022:	4662      	mov	r2, ip
10002024:	0d4d      	lsrs	r5, r1, #21
10002026:	d128      	bne.n	1000207a <da_0>
10002028:	0d0d      	lsrs	r5, r1, #20
1000202a:	d107      	bne.n	1000203c <da_1>
1000202c:	2800      	cmp	r0, #0
1000202e:	d01f      	beq.n	10002070 <da_5>

10002030 <da_2>:
10002030:	1924      	adds	r4, r4, r4
10002032:	4140      	adcs	r0, r0
10002034:	4149      	adcs	r1, r1
10002036:	3a01      	subs	r2, #1
10002038:	0d0d      	lsrs	r5, r1, #20
1000203a:	d0f9      	beq.n	10002030 <da_2>

1000203c <da_1>:
1000203c:	0064      	lsls	r4, r4, #1
1000203e:	d306      	bcc.n	1000204e <da_3>

10002040 <da_4>:
10002040:	3001      	adds	r0, #1
10002042:	d300      	bcc.n	10002046 <da_4+0x6>
10002044:	3101      	adds	r1, #1
10002046:	2c00      	cmp	r4, #0
10002048:	d101      	bne.n	1000204e <da_3>
1000204a:	0840      	lsrs	r0, r0, #1
1000204c:	0040      	lsls	r0, r0, #1

1000204e <da_3>:
1000204e:	3a01      	subs	r2, #1
10002050:	d40b      	bmi.n	1000206a <da_6>
10002052:	1c94      	adds	r4, r2, #2
10002054:	0ae4      	lsrs	r4, r4, #11
10002056:	d104      	bne.n	10002062 <da_7>
10002058:	0512      	lsls	r2, r2, #20
1000205a:	4411      	add	r1, r2
1000205c:	07db      	lsls	r3, r3, #31
1000205e:	4419      	add	r1, r3
10002060:	bdf0      	pop	{r4, r5, r6, r7, pc}

10002062 <da_7>:
10002062:	07d9      	lsls	r1, r3, #31
10002064:	4b20      	ldr	r3, [pc, #128]	; (100020e8 <da_xmgty+0x4>)
10002066:	4319      	orrs	r1, r3
10002068:	e000      	b.n	1000206c <da_6+0x2>

1000206a <da_6>:
1000206a:	07d9      	lsls	r1, r3, #31
1000206c:	2000      	movs	r0, #0
1000206e:	bdf0      	pop	{r4, r5, r6, r7, pc}

10002070 <da_5>:
10002070:	2900      	cmp	r1, #0
10002072:	d1dd      	bne.n	10002030 <da_2>
10002074:	2c00      	cmp	r4, #0
10002076:	d1db      	bne.n	10002030 <da_2>
10002078:	bdf0      	pop	{r4, r5, r6, r7, pc}

1000207a <da_0>:
1000207a:	3201      	adds	r2, #1
1000207c:	07c6      	lsls	r6, r0, #31
1000207e:	0840      	lsrs	r0, r0, #1
10002080:	07cd      	lsls	r5, r1, #31
10002082:	4328      	orrs	r0, r5
10002084:	0849      	lsrs	r1, r1, #1
10002086:	2e00      	cmp	r6, #0
10002088:	d0e1      	beq.n	1000204e <da_3>
1000208a:	e7d9      	b.n	10002040 <da_4>

1000208c <da_xrgty>:
1000208c:	2e3c      	cmp	r6, #60	; 0x3c
1000208e:	da29      	bge.n	100020e4 <da_xmgty>
10002090:	3e20      	subs	r6, #32
10002092:	3740      	adds	r7, #64	; 0x40
10002094:	0014      	movs	r4, r2
10002096:	40bc      	lsls	r4, r7
10002098:	d000      	beq.n	1000209c <da_xrgty+0x10>
1000209a:	2401      	movs	r4, #1
1000209c:	40f2      	lsrs	r2, r6
1000209e:	4314      	orrs	r4, r2
100020a0:	001a      	movs	r2, r3
100020a2:	40bb      	lsls	r3, r7
100020a4:	431c      	orrs	r4, r3
100020a6:	17d3      	asrs	r3, r2, #31
100020a8:	e7ac      	b.n	10002004 <da_xgty0>

100020aa <da_ygtx>:
100020aa:	46ac      	mov	ip, r5
100020ac:	2f20      	cmp	r7, #32
100020ae:	da08      	bge.n	100020c2 <da_yrgtx>
100020b0:	3620      	adds	r6, #32
100020b2:	0004      	movs	r4, r0
100020b4:	40b4      	lsls	r4, r6

100020b6 <da_ygtx0>:
100020b6:	000d      	movs	r5, r1
100020b8:	40b5      	lsls	r5, r6
100020ba:	40f8      	lsrs	r0, r7
100020bc:	4139      	asrs	r1, r7
100020be:	4328      	orrs	r0, r5
100020c0:	e7a5      	b.n	1000200e <da_add>

100020c2 <da_yrgtx>:
100020c2:	2f3c      	cmp	r7, #60	; 0x3c
100020c4:	da0c      	bge.n	100020e0 <da_ymgtx>
100020c6:	3f20      	subs	r7, #32
100020c8:	3640      	adds	r6, #64	; 0x40
100020ca:	0004      	movs	r4, r0
100020cc:	40b4      	lsls	r4, r6
100020ce:	d000      	beq.n	100020d2 <da_yrgtx+0x10>
100020d0:	2401      	movs	r4, #1
100020d2:	40f8      	lsrs	r0, r7
100020d4:	4304      	orrs	r4, r0
100020d6:	0008      	movs	r0, r1
100020d8:	40b1      	lsls	r1, r6
100020da:	430c      	orrs	r4, r1
100020dc:	17c1      	asrs	r1, r0, #31
100020de:	e7ea      	b.n	100020b6 <da_ygtx0>

100020e0 <da_ymgtx>:
100020e0:	0010      	movs	r0, r2
100020e2:	0019      	movs	r1, r3

100020e4 <da_xmgty>:
100020e4:	2400      	movs	r4, #0
100020e6:	e794      	b.n	10002012 <da_pack>
100020e8:	7ff00000 	.word	0x7ff00000

100020ec <dmul_shim>:
100020ec:	b5f0      	push	{r4, r5, r6, r7, lr}
100020ee:	0d0c      	lsrs	r4, r1, #20
100020f0:	1e66      	subs	r6, r4, #1
100020f2:	0536      	lsls	r6, r6, #20
100020f4:	1b89      	subs	r1, r1, r6
100020f6:	0ae6      	lsrs	r6, r4, #11
100020f8:	0564      	lsls	r4, r4, #21
100020fa:	0d64      	lsrs	r4, r4, #21
100020fc:	d002      	beq.n	10002104 <l12_1>
100020fe:	1c65      	adds	r5, r4, #1
10002100:	0aed      	lsrs	r5, r5, #11
10002102:	d004      	beq.n	1000210e <l12_2>

10002104 <l12_1>:
10002104:	2000      	movs	r0, #0
10002106:	2101      	movs	r1, #1
10002108:	0509      	lsls	r1, r1, #20
1000210a:	3c80      	subs	r4, #128	; 0x80
1000210c:	0324      	lsls	r4, r4, #12

1000210e <l12_2>:
1000210e:	46a4      	mov	ip, r4
10002110:	0d1c      	lsrs	r4, r3, #20
10002112:	1e67      	subs	r7, r4, #1
10002114:	053f      	lsls	r7, r7, #20
10002116:	1bdb      	subs	r3, r3, r7
10002118:	0ae7      	lsrs	r7, r4, #11
1000211a:	0564      	lsls	r4, r4, #21
1000211c:	0d64      	lsrs	r4, r4, #21
1000211e:	d002      	beq.n	10002126 <l13_1>
10002120:	1c65      	adds	r5, r4, #1
10002122:	0aed      	lsrs	r5, r5, #11
10002124:	d004      	beq.n	10002130 <l13_2>

10002126 <l13_1>:
10002126:	2200      	movs	r2, #0
10002128:	2301      	movs	r3, #1
1000212a:	051b      	lsls	r3, r3, #20
1000212c:	3c80      	subs	r4, #128	; 0x80
1000212e:	0324      	lsls	r4, r4, #12

10002130 <l13_2>:
10002130:	4077      	eors	r7, r6
10002132:	4464      	add	r4, ip
10002134:	b497      	push	{r0, r1, r2, r4, r7}
10002136:	b284      	uxth	r4, r0
10002138:	b296      	uxth	r6, r2
1000213a:	4374      	muls	r4, r6
1000213c:	0c07      	lsrs	r7, r0, #16
1000213e:	437e      	muls	r6, r7
10002140:	0c15      	lsrs	r5, r2, #16
10002142:	436f      	muls	r7, r5
10002144:	b280      	uxth	r0, r0
10002146:	4368      	muls	r0, r5
10002148:	1836      	adds	r6, r6, r0
1000214a:	d302      	bcc.n	10002152 <l14_1>
1000214c:	2001      	movs	r0, #1
1000214e:	0400      	lsls	r0, r0, #16
10002150:	183f      	adds	r7, r7, r0

10002152 <l14_1>:
10002152:	0430      	lsls	r0, r6, #16
10002154:	0c35      	lsrs	r5, r6, #16
10002156:	1900      	adds	r0, r0, r4
10002158:	417d      	adcs	r5, r7
1000215a:	4684      	mov	ip, r0
1000215c:	b288      	uxth	r0, r1
1000215e:	b29a      	uxth	r2, r3
10002160:	4350      	muls	r0, r2
10002162:	0c0c      	lsrs	r4, r1, #16
10002164:	4362      	muls	r2, r4
10002166:	0c1f      	lsrs	r7, r3, #16
10002168:	437c      	muls	r4, r7
1000216a:	b28e      	uxth	r6, r1
1000216c:	437e      	muls	r6, r7
1000216e:	1992      	adds	r2, r2, r6
10002170:	d302      	bcc.n	10002178 <l15_1>
10002172:	2601      	movs	r6, #1
10002174:	0436      	lsls	r6, r6, #16
10002176:	19a4      	adds	r4, r4, r6

10002178 <l15_1>:
10002178:	0416      	lsls	r6, r2, #16
1000217a:	0c17      	lsrs	r7, r2, #16
1000217c:	1836      	adds	r6, r6, r0
1000217e:	4167      	adcs	r7, r4
10002180:	bc01      	pop	{r0}
10002182:	b281      	uxth	r1, r0
10002184:	b29a      	uxth	r2, r3
10002186:	4351      	muls	r1, r2
10002188:	0c04      	lsrs	r4, r0, #16
1000218a:	4362      	muls	r2, r4
1000218c:	0c1b      	lsrs	r3, r3, #16
1000218e:	435c      	muls	r4, r3
10002190:	b280      	uxth	r0, r0
10002192:	4358      	muls	r0, r3
10002194:	1812      	adds	r2, r2, r0
10002196:	d302      	bcc.n	1000219e <l16_1>
10002198:	2001      	movs	r0, #1
1000219a:	0400      	lsls	r0, r0, #16
1000219c:	1824      	adds	r4, r4, r0

1000219e <l16_1>:
1000219e:	0410      	lsls	r0, r2, #16
100021a0:	0c13      	lsrs	r3, r2, #16
100021a2:	1840      	adds	r0, r0, r1
100021a4:	4163      	adcs	r3, r4
100021a6:	182d      	adds	r5, r5, r0
100021a8:	415e      	adcs	r6, r3
100021aa:	2000      	movs	r0, #0
100021ac:	4147      	adcs	r7, r0
100021ae:	bc06      	pop	{r1, r2}
100021b0:	b288      	uxth	r0, r1
100021b2:	b293      	uxth	r3, r2
100021b4:	4358      	muls	r0, r3
100021b6:	0c0c      	lsrs	r4, r1, #16
100021b8:	4363      	muls	r3, r4
100021ba:	0c12      	lsrs	r2, r2, #16
100021bc:	4354      	muls	r4, r2
100021be:	b289      	uxth	r1, r1
100021c0:	4351      	muls	r1, r2
100021c2:	185b      	adds	r3, r3, r1
100021c4:	d302      	bcc.n	100021cc <l17_1>
100021c6:	2101      	movs	r1, #1
100021c8:	0409      	lsls	r1, r1, #16
100021ca:	1864      	adds	r4, r4, r1

100021cc <l17_1>:
100021cc:	0419      	lsls	r1, r3, #16
100021ce:	0c1a      	lsrs	r2, r3, #16
100021d0:	1809      	adds	r1, r1, r0
100021d2:	4162      	adcs	r2, r4
100021d4:	186d      	adds	r5, r5, r1
100021d6:	4156      	adcs	r6, r2
100021d8:	2000      	movs	r0, #0
100021da:	4147      	adcs	r7, r0
100021dc:	bc18      	pop	{r3, r4}
100021de:	02f9      	lsls	r1, r7, #11
100021e0:	0d72      	lsrs	r2, r6, #21
100021e2:	4311      	orrs	r1, r2
100021e4:	02f0      	lsls	r0, r6, #11
100021e6:	0d6a      	lsrs	r2, r5, #21
100021e8:	4310      	orrs	r0, r2
100021ea:	02ed      	lsls	r5, r5, #11
100021ec:	0d0a      	lsrs	r2, r1, #20
100021ee:	d103      	bne.n	100021f8 <l17_1+0x2c>
100021f0:	196d      	adds	r5, r5, r5
100021f2:	4140      	adcs	r0, r0
100021f4:	4149      	adcs	r1, r1
100021f6:	3b01      	subs	r3, #1
100021f8:	4e12      	ldr	r6, [pc, #72]	; (10002244 <dm_1+0xa>)
100021fa:	1b9b      	subs	r3, r3, r6
100021fc:	0076      	lsls	r6, r6, #1
100021fe:	42b3      	cmp	r3, r6
10002200:	d20e      	bcs.n	10002220 <dm_0>
10002202:	006d      	lsls	r5, r5, #1
10002204:	d307      	bcc.n	10002216 <l17_1+0x4a>
10002206:	3001      	adds	r0, #1
10002208:	2600      	movs	r6, #0
1000220a:	4171      	adcs	r1, r6
1000220c:	4666      	mov	r6, ip
1000220e:	4335      	orrs	r5, r6
10002210:	d101      	bne.n	10002216 <l17_1+0x4a>
10002212:	0840      	lsrs	r0, r0, #1
10002214:	0040      	lsls	r0, r0, #1
10002216:	051b      	lsls	r3, r3, #20
10002218:	18c9      	adds	r1, r1, r3

1000221a <dm_2>:
1000221a:	07e4      	lsls	r4, r4, #31
1000221c:	4421      	add	r1, r4
1000221e:	bdf0      	pop	{r4, r5, r6, r7, pc}

10002220 <dm_0>:
10002220:	da0b      	bge.n	1000223a <dm_1>
10002222:	3301      	adds	r3, #1
10002224:	d106      	bne.n	10002234 <dm_0+0x14>
10002226:	3001      	adds	r0, #1
10002228:	d104      	bne.n	10002234 <dm_0+0x14>
1000222a:	3101      	adds	r1, #1
1000222c:	0d4f      	lsrs	r7, r1, #21
1000222e:	d001      	beq.n	10002234 <dm_0+0x14>
10002230:	0849      	lsrs	r1, r1, #1
10002232:	e7f2      	b.n	1000221a <dm_2>
10002234:	07e1      	lsls	r1, r4, #31
10002236:	2000      	movs	r0, #0
10002238:	bdf0      	pop	{r4, r5, r6, r7, pc}

1000223a <dm_1>:
1000223a:	3601      	adds	r6, #1
1000223c:	0531      	lsls	r1, r6, #20
1000223e:	2000      	movs	r0, #0
10002240:	e7eb      	b.n	1000221a <dm_2>
10002242:	0000      	.short	0x0000
10002244:	000003ff 	.word	0x000003ff

10002248 <ddiv_shim>:
10002248:	b5f0      	push	{r4, r5, r6, r7, lr}

1000224a <ddiv0>:
1000224a:	0d1c      	lsrs	r4, r3, #20
1000224c:	1e67      	subs	r7, r4, #1
1000224e:	053f      	lsls	r7, r7, #20
10002250:	1bdb      	subs	r3, r3, r7
10002252:	0ae7      	lsrs	r7, r4, #11
10002254:	0564      	lsls	r4, r4, #21
10002256:	0d64      	lsrs	r4, r4, #21
10002258:	d002      	beq.n	10002260 <l20_1>
1000225a:	1c66      	adds	r6, r4, #1
1000225c:	0af6      	lsrs	r6, r6, #11
1000225e:	d004      	beq.n	1000226a <l20_2>

10002260 <l20_1>:
10002260:	2200      	movs	r2, #0
10002262:	2301      	movs	r3, #1
10002264:	051b      	lsls	r3, r3, #20
10002266:	3c80      	subs	r4, #128	; 0x80
10002268:	0324      	lsls	r4, r4, #12

1000226a <l20_2>:
1000226a:	25d0      	movs	r5, #208	; 0xd0
1000226c:	062d      	lsls	r5, r5, #24
1000226e:	2600      	movs	r6, #0
10002270:	43f6      	mvns	r6, r6
10002272:	662e      	str	r6, [r5, #96]	; 0x60
10002274:	091e      	lsrs	r6, r3, #4
10002276:	666e      	str	r6, [r5, #100]	; 0x64
10002278:	0fce      	lsrs	r6, r1, #31
1000227a:	19f6      	adds	r6, r6, r7
1000227c:	46b4      	mov	ip, r6
1000227e:	0049      	lsls	r1, r1, #1
10002280:	0d4f      	lsrs	r7, r1, #21
10002282:	d002      	beq.n	1000228a <l20_2+0x20>
10002284:	1c7e      	adds	r6, r7, #1
10002286:	0af6      	lsrs	r6, r6, #11
10002288:	d003      	beq.n	10002292 <l20_2+0x28>
1000228a:	2000      	movs	r0, #0
1000228c:	2100      	movs	r1, #0
1000228e:	3f40      	subs	r7, #64	; 0x40
10002290:	033f      	lsls	r7, r7, #12
10002292:	1b3e      	subs	r6, r7, r4
10002294:	00b6      	lsls	r6, r6, #2
10002296:	44b4      	add	ip, r6
10002298:	3f01      	subs	r7, #1
1000229a:	057f      	lsls	r7, r7, #21
1000229c:	1bc9      	subs	r1, r1, r7
1000229e:	0849      	lsrs	r1, r1, #1
100022a0:	6f2e      	ldr	r6, [r5, #112]	; 0x70
100022a2:	3601      	adds	r6, #1
100022a4:	0876      	lsrs	r6, r6, #1
100022a6:	029c      	lsls	r4, r3, #10
100022a8:	0d95      	lsrs	r5, r2, #22
100022aa:	4325      	orrs	r5, r4
100022ac:	4375      	muls	r5, r6
100022ae:	13ed      	asrs	r5, r5, #15
100022b0:	4375      	muls	r5, r6
100022b2:	13ad      	asrs	r5, r5, #14
100022b4:	3501      	adds	r5, #1
100022b6:	106d      	asrs	r5, r5, #1
100022b8:	03f6      	lsls	r6, r6, #15
100022ba:	1b76      	subs	r6, r6, r5
100022bc:	b40c      	push	{r2, r3}
100022be:	02cc      	lsls	r4, r1, #11
100022c0:	0d45      	lsrs	r5, r0, #21
100022c2:	432c      	orrs	r4, r5
100022c4:	b2a2      	uxth	r2, r4
100022c6:	b2b3      	uxth	r3, r6
100022c8:	435a      	muls	r2, r3
100022ca:	0c27      	lsrs	r7, r4, #16
100022cc:	437b      	muls	r3, r7
100022ce:	0c35      	lsrs	r5, r6, #16
100022d0:	436f      	muls	r7, r5
100022d2:	b2a4      	uxth	r4, r4
100022d4:	436c      	muls	r4, r5
100022d6:	191b      	adds	r3, r3, r4
100022d8:	d302      	bcc.n	100022e0 <l21_1>
100022da:	2401      	movs	r4, #1
100022dc:	0424      	lsls	r4, r4, #16
100022de:	193f      	adds	r7, r7, r4

100022e0 <l21_1>:
100022e0:	041c      	lsls	r4, r3, #16
100022e2:	0c1d      	lsrs	r5, r3, #16
100022e4:	18a4      	adds	r4, r4, r2
100022e6:	417d      	adcs	r5, r7
100022e8:	1924      	adds	r4, r4, r4
100022ea:	416d      	adcs	r5, r5
100022ec:	9a00      	ldr	r2, [sp, #0]
100022ee:	b291      	uxth	r1, r2
100022f0:	b2ac      	uxth	r4, r5
100022f2:	4361      	muls	r1, r4
100022f4:	0c17      	lsrs	r7, r2, #16
100022f6:	437c      	muls	r4, r7
100022f8:	0c2b      	lsrs	r3, r5, #16
100022fa:	435f      	muls	r7, r3
100022fc:	b292      	uxth	r2, r2
100022fe:	435a      	muls	r2, r3
10002300:	18a4      	adds	r4, r4, r2
10002302:	d302      	bcc.n	1000230a <l22_1>
10002304:	2201      	movs	r2, #1
10002306:	0412      	lsls	r2, r2, #16
10002308:	18bf      	adds	r7, r7, r2

1000230a <l22_1>:
1000230a:	0422      	lsls	r2, r4, #16
1000230c:	0c23      	lsrs	r3, r4, #16
1000230e:	1852      	adds	r2, r2, r1
10002310:	417b      	adcs	r3, r7
10002312:	9c01      	ldr	r4, [sp, #4]
10002314:	436c      	muls	r4, r5
10002316:	191b      	adds	r3, r3, r4
10002318:	0e52      	lsrs	r2, r2, #25
1000231a:	01d9      	lsls	r1, r3, #7
1000231c:	430a      	orrs	r2, r1
1000231e:	0144      	lsls	r4, r0, #5
10002320:	1aa0      	subs	r0, r4, r2
10002322:	b281      	uxth	r1, r0
10002324:	b2b2      	uxth	r2, r6
10002326:	4351      	muls	r1, r2
10002328:	1403      	asrs	r3, r0, #16
1000232a:	435a      	muls	r2, r3
1000232c:	0c36      	lsrs	r6, r6, #16
1000232e:	4373      	muls	r3, r6
10002330:	b287      	uxth	r7, r0
10002332:	4377      	muls	r7, r6
10002334:	17d6      	asrs	r6, r2, #31
10002336:	19d2      	adds	r2, r2, r7
10002338:	2700      	movs	r7, #0
1000233a:	417e      	adcs	r6, r7
1000233c:	0436      	lsls	r6, r6, #16
1000233e:	199b      	adds	r3, r3, r6
10002340:	0417      	lsls	r7, r2, #16
10002342:	0c16      	lsrs	r6, r2, #16
10002344:	187f      	adds	r7, r7, r1
10002346:	415e      	adcs	r6, r3
10002348:	1673      	asrs	r3, r6, #25
1000234a:	18ed      	adds	r5, r5, r3
1000234c:	01f3      	lsls	r3, r6, #7
1000234e:	2600      	movs	r6, #0
10002350:	3380      	adds	r3, #128	; 0x80
10002352:	4175      	adcs	r5, r6
10002354:	0fa9      	lsrs	r1, r5, #30
10002356:	d106      	bne.n	10002366 <dd_0>
10002358:	0064      	lsls	r4, r4, #1
1000235a:	0a69      	lsrs	r1, r5, #9
1000235c:	05e8      	lsls	r0, r5, #23
1000235e:	0a5b      	lsrs	r3, r3, #9
10002360:	4318      	orrs	r0, r3
10002362:	d209      	bcs.n	10002378 <dd_1>
10002364:	e02f      	b.n	100023c6 <dd_2>

10002366 <dd_0>:
10002366:	2204      	movs	r2, #4
10002368:	4494      	add	ip, r2
1000236a:	3380      	adds	r3, #128	; 0x80
1000236c:	4175      	adcs	r5, r6
1000236e:	0aa9      	lsrs	r1, r5, #10
10002370:	05a8      	lsls	r0, r5, #22
10002372:	0a9b      	lsrs	r3, r3, #10
10002374:	4318      	orrs	r0, r3
10002376:	d326      	bcc.n	100023c6 <dd_2>

10002378 <dd_1>:
10002378:	4140      	adcs	r0, r0
1000237a:	4149      	adcs	r1, r1
1000237c:	0424      	lsls	r4, r4, #16
1000237e:	9a00      	ldr	r2, [sp, #0]
10002380:	9b01      	ldr	r3, [sp, #4]
10002382:	000d      	movs	r5, r1
10002384:	4355      	muls	r5, r2
10002386:	1b64      	subs	r4, r4, r5
10002388:	4343      	muls	r3, r0
1000238a:	1ae4      	subs	r4, r4, r3
1000238c:	b295      	uxth	r5, r2
1000238e:	b286      	uxth	r6, r0
10002390:	4375      	muls	r5, r6
10002392:	0c17      	lsrs	r7, r2, #16
10002394:	437e      	muls	r6, r7
10002396:	0c03      	lsrs	r3, r0, #16
10002398:	435f      	muls	r7, r3
1000239a:	b292      	uxth	r2, r2
1000239c:	435a      	muls	r2, r3
1000239e:	18b6      	adds	r6, r6, r2
100023a0:	d302      	bcc.n	100023a8 <l24_1>
100023a2:	2201      	movs	r2, #1
100023a4:	0412      	lsls	r2, r2, #16
100023a6:	18bf      	adds	r7, r7, r2

100023a8 <l24_1>:
100023a8:	0432      	lsls	r2, r6, #16
100023aa:	0c33      	lsrs	r3, r6, #16
100023ac:	1952      	adds	r2, r2, r5
100023ae:	417b      	adcs	r3, r7
100023b0:	4252      	negs	r2, r2
100023b2:	419c      	sbcs	r4, r3
100023b4:	2c00      	cmp	r4, #0
100023b6:	d402      	bmi.n	100023be <l24_1+0x16>
100023b8:	2200      	movs	r2, #0
100023ba:	3001      	adds	r0, #1
100023bc:	4151      	adcs	r1, r2
100023be:	0840      	lsrs	r0, r0, #1
100023c0:	07ca      	lsls	r2, r1, #31
100023c2:	4310      	orrs	r0, r2
100023c4:	0849      	lsrs	r1, r1, #1

100023c6 <dd_2>:
100023c6:	b002      	add	sp, #8
100023c8:	4662      	mov	r2, ip
100023ca:	07d7      	lsls	r7, r2, #31
100023cc:	1092      	asrs	r2, r2, #2
100023ce:	4b08      	ldr	r3, [pc, #32]	; (100023f0 <dd_4+0x6>)
100023d0:	18d2      	adds	r2, r2, r3
100023d2:	4b08      	ldr	r3, [pc, #32]	; (100023f4 <dd_4+0xa>)
100023d4:	429a      	cmp	r2, r3
100023d6:	d203      	bcs.n	100023e0 <dd_3>
100023d8:	0512      	lsls	r2, r2, #20
100023da:	1889      	adds	r1, r1, r2

100023dc <dd_5>:
100023dc:	19c9      	adds	r1, r1, r7
100023de:	bdf0      	pop	{r4, r5, r6, r7, pc}

100023e0 <dd_3>:
100023e0:	2000      	movs	r0, #0
100023e2:	2a00      	cmp	r2, #0
100023e4:	dc01      	bgt.n	100023ea <dd_4>
100023e6:	0039      	movs	r1, r7
100023e8:	bdf0      	pop	{r4, r5, r6, r7, pc}

100023ea <dd_4>:
100023ea:	3301      	adds	r3, #1
100023ec:	0519      	lsls	r1, r3, #20
100023ee:	e7f5      	b.n	100023dc <dd_5>
100023f0:	000003fd 	.word	0x000003fd
100023f4:	000007fe 	.word	0x000007fe

100023f8 <double2uint_shim>:
100023f8:	2200      	movs	r2, #0

100023fa <double2ufix_shim>:
100023fa:	b500      	push	{lr}
100023fc:	3220      	adds	r2, #32
100023fe:	f000 f804 	bl	1000240a <double2ufix64_shim>
10002402:	0008      	movs	r0, r1
10002404:	bd00      	pop	{pc}
	...

10002408 <double2uint64_shim>:
10002408:	2200      	movs	r2, #0

1000240a <double2ufix64_shim>:
1000240a:	150b      	asrs	r3, r1, #20
1000240c:	d40a      	bmi.n	10002424 <ret_dzero>

1000240e <d2fix>:
1000240e:	b510      	push	{r4, lr}
10002410:	4694      	mov	ip, r2
10002412:	f000 f831 	bl	10002478 <dunpacks>
10002416:	1414      	asrs	r4, r2, #16
10002418:	3401      	adds	r4, #1
1000241a:	da00      	bge.n	1000241e <d2fix+0x10>
1000241c:	2100      	movs	r1, #0
1000241e:	17cb      	asrs	r3, r1, #31
10002420:	4c14      	ldr	r4, [pc, #80]	; (10002474 <d2fix_a+0x4a>)
10002422:	4720      	bx	r4

10002424 <ret_dzero>:
10002424:	2000      	movs	r0, #0
10002426:	2100      	movs	r1, #0
10002428:	4770      	bx	lr

1000242a <d2fix_a>:
1000242a:	4462      	add	r2, ip
1000242c:	3a34      	subs	r2, #52	; 0x34
1000242e:	d40c      	bmi.n	1000244a <d2fix_a+0x20>
10002430:	2a0c      	cmp	r2, #12
10002432:	da07      	bge.n	10002444 <d2fix_a+0x1a>
10002434:	0004      	movs	r4, r0
10002436:	4091      	lsls	r1, r2
10002438:	4090      	lsls	r0, r2
1000243a:	4252      	negs	r2, r2
1000243c:	3220      	adds	r2, #32
1000243e:	40d4      	lsrs	r4, r2
10002440:	4321      	orrs	r1, r4
10002442:	bd10      	pop	{r4, pc}
10002444:	43d8      	mvns	r0, r3
10002446:	43d9      	mvns	r1, r3
10002448:	bd10      	pop	{r4, pc}
1000244a:	3220      	adds	r2, #32
1000244c:	d407      	bmi.n	1000245e <d2fix_a+0x34>
1000244e:	460c      	mov	r4, r1
10002450:	4094      	lsls	r4, r2
10002452:	4252      	negs	r2, r2
10002454:	3220      	adds	r2, #32
10002456:	4111      	asrs	r1, r2
10002458:	40d0      	lsrs	r0, r2
1000245a:	4320      	orrs	r0, r4
1000245c:	bd10      	pop	{r4, pc}
1000245e:	0008      	movs	r0, r1
10002460:	17c9      	asrs	r1, r1, #31
10002462:	3220      	adds	r2, #32
10002464:	d403      	bmi.n	1000246e <d2fix_a+0x44>
10002466:	4252      	negs	r2, r2
10002468:	3220      	adds	r2, #32
1000246a:	4110      	asrs	r0, r2
1000246c:	bd10      	pop	{r4, pc}
1000246e:	0018      	movs	r0, r3
10002470:	0019      	movs	r1, r3
10002472:	bd10      	pop	{r4, pc}
10002474:	1000242b 	.word	0x1000242b

10002478 <dunpacks>:
10002478:	0d0a      	lsrs	r2, r1, #20
1000247a:	0fcc      	lsrs	r4, r1, #31
1000247c:	1e53      	subs	r3, r2, #1
1000247e:	051b      	lsls	r3, r3, #20
10002480:	1ac9      	subs	r1, r1, r3
10002482:	0552      	lsls	r2, r2, #21
10002484:	d303      	bcc.n	1000248e <l60_1>
10002486:	43c9      	mvns	r1, r1
10002488:	4240      	negs	r0, r0
1000248a:	d300      	bcc.n	1000248e <l60_1>
1000248c:	3101      	adds	r1, #1

1000248e <l60_1>:
1000248e:	0d52      	lsrs	r2, r2, #21
10002490:	d003      	beq.n	1000249a <l60_2>
10002492:	1c53      	adds	r3, r2, #1
10002494:	0adb      	lsrs	r3, r3, #11
10002496:	d007      	beq.n	100024a8 <l60_3>
10002498:	1b12      	subs	r2, r2, r4

1000249a <l60_2>:
1000249a:	2000      	movs	r0, #0
1000249c:	0064      	lsls	r4, r4, #1
1000249e:	1c61      	adds	r1, r4, #1
100024a0:	0789      	lsls	r1, r1, #30
100024a2:	1289      	asrs	r1, r1, #10
100024a4:	3a80      	subs	r2, #128	; 0x80
100024a6:	0312      	lsls	r2, r2, #12

100024a8 <l60_3>:
100024a8:	4b01      	ldr	r3, [pc, #4]	; (100024b0 <l60_3+0x8>)
100024aa:	1ad2      	subs	r2, r2, r3
100024ac:	4770      	bx	lr
100024ae:	0000      	.short	0x0000
100024b0:	000003ff 	.word	0x000003ff

100024b4 <__wrap___aeabi_lmul>:
100024b4:	4351      	muls	r1, r2
100024b6:	4343      	muls	r3, r0
100024b8:	18c9      	adds	r1, r1, r3
100024ba:	468c      	mov	ip, r1
100024bc:	0c11      	lsrs	r1, r2, #16
100024be:	b283      	uxth	r3, r0
100024c0:	434b      	muls	r3, r1
100024c2:	b410      	push	{r4}
100024c4:	0c04      	lsrs	r4, r0, #16
100024c6:	4361      	muls	r1, r4
100024c8:	b292      	uxth	r2, r2
100024ca:	b280      	uxth	r0, r0
100024cc:	4350      	muls	r0, r2
100024ce:	4362      	muls	r2, r4
100024d0:	041c      	lsls	r4, r3, #16
100024d2:	0c1b      	lsrs	r3, r3, #16
100024d4:	1900      	adds	r0, r0, r4
100024d6:	bc10      	pop	{r4}
100024d8:	4159      	adcs	r1, r3
100024da:	0413      	lsls	r3, r2, #16
100024dc:	0c12      	lsrs	r2, r2, #16
100024de:	18c0      	adds	r0, r0, r3
100024e0:	4151      	adcs	r1, r2
100024e2:	4461      	add	r1, ip
100024e4:	4770      	bx	lr
	...

100024e8 <__aeabi_float_init>:
100024e8:	b570      	push	{r4, r5, r6, lr}
100024ea:	2313      	movs	r3, #19
100024ec:	781d      	ldrb	r5, [r3, #0]
100024ee:	482a      	ldr	r0, [pc, #168]	; (10002598 <__aeabi_float_init+0xb0>)
100024f0:	f7ff f95a 	bl	100017a8 <rom_data_lookup>
100024f4:	0004      	movs	r4, r0
100024f6:	2d01      	cmp	r5, #1
100024f8:	d011      	beq.n	1000251e <__aeabi_float_init+0x36>
100024fa:	2d01      	cmp	r5, #1
100024fc:	dd09      	ble.n	10002512 <__aeabi_float_init+0x2a>
100024fe:	1ea3      	subs	r3, r4, #2
10002500:	781b      	ldrb	r3, [r3, #0]
10002502:	009b      	lsls	r3, r3, #2
10002504:	2b7f      	cmp	r3, #127	; 0x7f
10002506:	dd40      	ble.n	1000258a <__aeabi_float_init+0xa2>
10002508:	2280      	movs	r2, #128	; 0x80
1000250a:	0021      	movs	r1, r4
1000250c:	4823      	ldr	r0, [pc, #140]	; (1000259c <__aeabi_float_init+0xb4>)
1000250e:	f000 f88b 	bl	10002628 <__wrap___aeabi_memcpy>
10002512:	4823      	ldr	r0, [pc, #140]	; (100025a0 <__aeabi_float_init+0xb8>)
10002514:	f7ff f940 	bl	10001798 <rom_func_lookup>
10002518:	4b22      	ldr	r3, [pc, #136]	; (100025a4 <__aeabi_float_init+0xbc>)
1000251a:	6018      	str	r0, [r3, #0]
1000251c:	bd70      	pop	{r4, r5, r6, pc}
1000251e:	2254      	movs	r2, #84	; 0x54
10002520:	0001      	movs	r1, r0
10002522:	481e      	ldr	r0, [pc, #120]	; (1000259c <__aeabi_float_init+0xb4>)
10002524:	f000 f880 	bl	10002628 <__wrap___aeabi_memcpy>
10002528:	4b1f      	ldr	r3, [pc, #124]	; (100025a8 <__aeabi_float_init+0xc0>)
1000252a:	881a      	ldrh	r2, [r3, #0]
1000252c:	4b1f      	ldr	r3, [pc, #124]	; (100025ac <__aeabi_float_init+0xc4>)
1000252e:	429a      	cmp	r2, r3
10002530:	d11c      	bne.n	1000256c <__aeabi_float_init+0x84>
10002532:	23a7      	movs	r3, #167	; 0xa7
10002534:	019b      	lsls	r3, r3, #6
10002536:	881a      	ldrh	r2, [r3, #0]
10002538:	4b1d      	ldr	r3, [pc, #116]	; (100025b0 <__aeabi_float_init+0xc8>)
1000253a:	429a      	cmp	r2, r3
1000253c:	d116      	bne.n	1000256c <__aeabi_float_init+0x84>
1000253e:	4b1d      	ldr	r3, [pc, #116]	; (100025b4 <__aeabi_float_init+0xcc>)
10002540:	881a      	ldrh	r2, [r3, #0]
10002542:	4b1d      	ldr	r3, [pc, #116]	; (100025b8 <__aeabi_float_init+0xd0>)
10002544:	429a      	cmp	r2, r3
10002546:	d111      	bne.n	1000256c <__aeabi_float_init+0x84>
10002548:	4b1c      	ldr	r3, [pc, #112]	; (100025bc <__aeabi_float_init+0xd4>)
1000254a:	881a      	ldrh	r2, [r3, #0]
1000254c:	2394      	movs	r3, #148	; 0x94
1000254e:	019b      	lsls	r3, r3, #6
10002550:	429a      	cmp	r2, r3
10002552:	d10b      	bne.n	1000256c <__aeabi_float_init+0x84>
10002554:	4b1a      	ldr	r3, [pc, #104]	; (100025c0 <__aeabi_float_init+0xd8>)
10002556:	881a      	ldrh	r2, [r3, #0]
10002558:	4b1a      	ldr	r3, [pc, #104]	; (100025c4 <__aeabi_float_init+0xdc>)
1000255a:	429a      	cmp	r2, r3
1000255c:	d106      	bne.n	1000256c <__aeabi_float_init+0x84>
1000255e:	4b1a      	ldr	r3, [pc, #104]	; (100025c8 <__aeabi_float_init+0xe0>)
10002560:	681a      	ldr	r2, [r3, #0]
10002562:	4b1a      	ldr	r3, [pc, #104]	; (100025cc <__aeabi_float_init+0xe4>)
10002564:	429a      	cmp	r2, r3
10002566:	d101      	bne.n	1000256c <__aeabi_float_init+0x84>
10002568:	2315      	movs	r3, #21
1000256a:	e007      	b.n	1000257c <__aeabi_float_init+0x94>
1000256c:	4818      	ldr	r0, [pc, #96]	; (100025d0 <__aeabi_float_init+0xe8>)
1000256e:	f7fd ff79 	bl	10000464 <panic>
10002572:	0099      	lsls	r1, r3, #2
10002574:	4817      	ldr	r0, [pc, #92]	; (100025d4 <__aeabi_float_init+0xec>)
10002576:	4a09      	ldr	r2, [pc, #36]	; (1000259c <__aeabi_float_init+0xb4>)
10002578:	5088      	str	r0, [r1, r2]
1000257a:	3301      	adds	r3, #1
1000257c:	2b1f      	cmp	r3, #31
1000257e:	d9f8      	bls.n	10002572 <__aeabi_float_init+0x8a>
10002580:	4a14      	ldr	r2, [pc, #80]	; (100025d4 <__aeabi_float_init+0xec>)
10002582:	4b06      	ldr	r3, [pc, #24]	; (1000259c <__aeabi_float_init+0xb4>)
10002584:	621a      	str	r2, [r3, #32]
10002586:	61da      	str	r2, [r3, #28]
10002588:	e7b7      	b.n	100024fa <__aeabi_float_init+0x12>
1000258a:	4b13      	ldr	r3, [pc, #76]	; (100025d8 <__aeabi_float_init+0xf0>)
1000258c:	4a13      	ldr	r2, [pc, #76]	; (100025dc <__aeabi_float_init+0xf4>)
1000258e:	2142      	movs	r1, #66	; 0x42
10002590:	4813      	ldr	r0, [pc, #76]	; (100025e0 <__aeabi_float_init+0xf8>)
10002592:	f001 f8f5 	bl	10003780 <__assert_func>
10002596:	46c0      	nop			; (mov r8, r8)
10002598:	00004653 	.word	0x00004653
1000259c:	200005cc 	.word	0x200005cc
100025a0:	0000334c 	.word	0x0000334c
100025a4:	200005c8 	.word	0x200005c8
100025a8:	000029ee 	.word	0x000029ee
100025ac:	00000fc4 	.word	0x00000fc4
100025b0:	00000dc2 	.word	0x00000dc2
100025b4:	00002b96 	.word	0x00002b96
100025b8:	0000b5c0 	.word	0x0000b5c0
100025bc:	00002b18 	.word	0x00002b18
100025c0:	00002acc 	.word	0x00002acc
100025c4:	0000b510 	.word	0x0000b510
100025c8:	00002cfc 	.word	0x00002cfc
100025cc:	6487ed51 	.word	0x6487ed51
100025d0:	10004894 	.word	0x10004894
100025d4:	100025e5 	.word	0x100025e5
100025d8:	10004518 	.word	0x10004518
100025dc:	100045a8 	.word	0x100045a8
100025e0:	1000454c 	.word	0x1000454c

100025e4 <float_table_shim_on_use_helper>:
100025e4:	b507      	push	{r0, r1, r2, lr}
100025e6:	4660      	mov	r0, ip
100025e8:	2800      	cmp	r0, #0
100025ea:	d100      	bne.n	100025ee <float_table_shim_on_use_helper+0xa>
100025ec:	be00      	bkpt	0x0000
100025ee:	8801      	ldrh	r1, [r0, #0]
100025f0:	0a0a      	lsrs	r2, r1, #8
100025f2:	3002      	adds	r0, #2
100025f4:	2adf      	cmp	r2, #223	; 0xdf
100025f6:	d1fa      	bne.n	100025ee <float_table_shim_on_use_helper+0xa>
100025f8:	b2c9      	uxtb	r1, r1
100025fa:	0882      	lsrs	r2, r0, #2
100025fc:	d304      	bcc.n	10002608 <float_table_shim_on_use_helper+0x24>
100025fe:	8802      	ldrh	r2, [r0, #0]
10002600:	8840      	ldrh	r0, [r0, #2]
10002602:	0400      	lsls	r0, r0, #16
10002604:	4310      	orrs	r0, r2
10002606:	e000      	b.n	1000260a <float_table_shim_on_use_helper+0x26>
10002608:	6800      	ldr	r0, [r0, #0]
1000260a:	4a02      	ldr	r2, [pc, #8]	; (10002614 <float_table_shim_on_use_helper+0x30>)
1000260c:	5050      	str	r0, [r2, r1]
1000260e:	9003      	str	r0, [sp, #12]
10002610:	bd07      	pop	{r0, r1, r2, pc}
10002612:	0000      	.short	0x0000
10002614:	200005cc 	.word	0x200005cc

10002618 <__aeabi_mem_init>:
10002618:	4801      	ldr	r0, [pc, #4]	; (10002620 <__aeabi_mem_init+0x8>)
1000261a:	2104      	movs	r1, #4
1000261c:	4b01      	ldr	r3, [pc, #4]	; (10002624 <__aeabi_mem_init+0xc>)
1000261e:	4718      	bx	r3
10002620:	200002b0 	.word	0x200002b0
10002624:	100017b9 	.word	0x100017b9

10002628 <__wrap___aeabi_memcpy>:
10002628:	4b01      	ldr	r3, [pc, #4]	; (10002630 <__wrap___aeabi_memcpy+0x8>)
1000262a:	685b      	ldr	r3, [r3, #4]
1000262c:	4718      	bx	r3
1000262e:	0000      	.short	0x0000
10002630:	200002b0 	.word	0x200002b0

10002634 <_out_null>:
10002634:	4770      	bx	lr

10002636 <_out_fct>:
10002636:	b510      	push	{r4, lr}
10002638:	2800      	cmp	r0, #0
1000263a:	d002      	beq.n	10002642 <_out_fct+0xc>
1000263c:	680b      	ldr	r3, [r1, #0]
1000263e:	6849      	ldr	r1, [r1, #4]
10002640:	4798      	blx	r3
10002642:	bd10      	pop	{r4, pc}

10002644 <_atoi>:
10002644:	0001      	movs	r1, r0
10002646:	2000      	movs	r0, #0
10002648:	e007      	b.n	1000265a <_atoi+0x16>
1000264a:	0083      	lsls	r3, r0, #2
1000264c:	181b      	adds	r3, r3, r0
1000264e:	005b      	lsls	r3, r3, #1
10002650:	1c50      	adds	r0, r2, #1
10002652:	6008      	str	r0, [r1, #0]
10002654:	7810      	ldrb	r0, [r2, #0]
10002656:	18c0      	adds	r0, r0, r3
10002658:	3830      	subs	r0, #48	; 0x30
1000265a:	680a      	ldr	r2, [r1, #0]
1000265c:	7813      	ldrb	r3, [r2, #0]
1000265e:	3b30      	subs	r3, #48	; 0x30
10002660:	b2db      	uxtb	r3, r3
10002662:	2b09      	cmp	r3, #9
10002664:	d9f1      	bls.n	1000264a <_atoi+0x6>
10002666:	4770      	bx	lr

10002668 <_out_rev>:
10002668:	b5f0      	push	{r4, r5, r6, r7, lr}
1000266a:	46de      	mov	lr, fp
1000266c:	4657      	mov	r7, sl
1000266e:	464e      	mov	r6, r9
10002670:	4645      	mov	r5, r8
10002672:	b5e0      	push	{r5, r6, r7, lr}
10002674:	b083      	sub	sp, #12
10002676:	4693      	mov	fp, r2
10002678:	001f      	movs	r7, r3
1000267a:	9b0c      	ldr	r3, [sp, #48]	; 0x30
1000267c:	469a      	mov	sl, r3
1000267e:	9c0d      	ldr	r4, [sp, #52]	; 0x34
10002680:	9b0e      	ldr	r3, [sp, #56]	; 0x38
10002682:	4699      	mov	r9, r3
10002684:	9b0f      	ldr	r3, [sp, #60]	; 0x3c
10002686:	079b      	lsls	r3, r3, #30
10002688:	d003      	beq.n	10002692 <_out_rev+0x2a>
1000268a:	46b8      	mov	r8, r7
1000268c:	000f      	movs	r7, r1
1000268e:	0006      	movs	r6, r0
10002690:	e022      	b.n	100026d8 <_out_rev+0x70>
10002692:	9201      	str	r2, [sp, #4]
10002694:	46a3      	mov	fp, r4
10002696:	4688      	mov	r8, r1
10002698:	464e      	mov	r6, r9
1000269a:	46b9      	mov	r9, r7
1000269c:	0007      	movs	r7, r0
1000269e:	42b4      	cmp	r4, r6
100026a0:	d207      	bcs.n	100026b2 <_out_rev+0x4a>
100026a2:	1c55      	adds	r5, r2, #1
100026a4:	464b      	mov	r3, r9
100026a6:	4641      	mov	r1, r8
100026a8:	2020      	movs	r0, #32
100026aa:	47b8      	blx	r7
100026ac:	3401      	adds	r4, #1
100026ae:	002a      	movs	r2, r5
100026b0:	e7f5      	b.n	1000269e <_out_rev+0x36>
100026b2:	003d      	movs	r5, r7
100026b4:	464f      	mov	r7, r9
100026b6:	465c      	mov	r4, fp
100026b8:	9b01      	ldr	r3, [sp, #4]
100026ba:	469b      	mov	fp, r3
100026bc:	46b1      	mov	r9, r6
100026be:	4646      	mov	r6, r8
100026c0:	46b8      	mov	r8, r7
100026c2:	0037      	movs	r7, r6
100026c4:	002e      	movs	r6, r5
100026c6:	e007      	b.n	100026d8 <_out_rev+0x70>
100026c8:	3c01      	subs	r4, #1
100026ca:	1c55      	adds	r5, r2, #1
100026cc:	4653      	mov	r3, sl
100026ce:	5d18      	ldrb	r0, [r3, r4]
100026d0:	4643      	mov	r3, r8
100026d2:	0039      	movs	r1, r7
100026d4:	47b0      	blx	r6
100026d6:	002a      	movs	r2, r5
100026d8:	2c00      	cmp	r4, #0
100026da:	d1f5      	bne.n	100026c8 <_out_rev+0x60>
100026dc:	0035      	movs	r5, r6
100026de:	003e      	movs	r6, r7
100026e0:	4647      	mov	r7, r8
100026e2:	9b0f      	ldr	r3, [sp, #60]	; 0x3c
100026e4:	079b      	lsls	r3, r3, #30
100026e6:	d407      	bmi.n	100026f8 <_out_rev+0x90>
100026e8:	0010      	movs	r0, r2
100026ea:	b003      	add	sp, #12
100026ec:	bcf0      	pop	{r4, r5, r6, r7}
100026ee:	46bb      	mov	fp, r7
100026f0:	46b2      	mov	sl, r6
100026f2:	46a9      	mov	r9, r5
100026f4:	46a0      	mov	r8, r4
100026f6:	bdf0      	pop	{r4, r5, r6, r7, pc}
100026f8:	46b0      	mov	r8, r6
100026fa:	464e      	mov	r6, r9
100026fc:	46b9      	mov	r9, r7
100026fe:	002f      	movs	r7, r5
10002700:	465d      	mov	r5, fp
10002702:	1b53      	subs	r3, r2, r5
10002704:	42b3      	cmp	r3, r6
10002706:	d2ef      	bcs.n	100026e8 <_out_rev+0x80>
10002708:	1c54      	adds	r4, r2, #1
1000270a:	464b      	mov	r3, r9
1000270c:	4641      	mov	r1, r8
1000270e:	2020      	movs	r0, #32
10002710:	47b8      	blx	r7
10002712:	0022      	movs	r2, r4
10002714:	e7f5      	b.n	10002702 <_out_rev+0x9a>

10002716 <_ntoa_format>:
10002716:	b5f0      	push	{r4, r5, r6, r7, lr}
10002718:	46ce      	mov	lr, r9
1000271a:	4647      	mov	r7, r8
1000271c:	b580      	push	{r7, lr}
1000271e:	b085      	sub	sp, #20
10002720:	4694      	mov	ip, r2
10002722:	4698      	mov	r8, r3
10002724:	9d0c      	ldr	r5, [sp, #48]	; 0x30
10002726:	9c0d      	ldr	r4, [sp, #52]	; 0x34
10002728:	ab0e      	add	r3, sp, #56	; 0x38
1000272a:	781b      	ldrb	r3, [r3, #0]
1000272c:	4699      	mov	r9, r3
1000272e:	9a10      	ldr	r2, [sp, #64]	; 0x40
10002730:	9b11      	ldr	r3, [sp, #68]	; 0x44
10002732:	9e12      	ldr	r6, [sp, #72]	; 0x48
10002734:	07b7      	lsls	r7, r6, #30
10002736:	d41c      	bmi.n	10002772 <_ntoa_format+0x5c>
10002738:	2b00      	cmp	r3, #0
1000273a:	d00c      	beq.n	10002756 <_ntoa_format+0x40>
1000273c:	07f7      	lsls	r7, r6, #31
1000273e:	d50a      	bpl.n	10002756 <_ntoa_format+0x40>
10002740:	464f      	mov	r7, r9
10002742:	2f00      	cmp	r7, #0
10002744:	d102      	bne.n	1000274c <_ntoa_format+0x36>
10002746:	370c      	adds	r7, #12
10002748:	4237      	tst	r7, r6
1000274a:	d004      	beq.n	10002756 <_ntoa_format+0x40>
1000274c:	3b01      	subs	r3, #1
1000274e:	e002      	b.n	10002756 <_ntoa_format+0x40>
10002750:	2730      	movs	r7, #48	; 0x30
10002752:	552f      	strb	r7, [r5, r4]
10002754:	3401      	adds	r4, #1
10002756:	4294      	cmp	r4, r2
10002758:	d201      	bcs.n	1000275e <_ntoa_format+0x48>
1000275a:	2c1f      	cmp	r4, #31
1000275c:	d9f8      	bls.n	10002750 <_ntoa_format+0x3a>
1000275e:	07f7      	lsls	r7, r6, #31
10002760:	d507      	bpl.n	10002772 <_ntoa_format+0x5c>
10002762:	429c      	cmp	r4, r3
10002764:	d205      	bcs.n	10002772 <_ntoa_format+0x5c>
10002766:	2c1f      	cmp	r4, #31
10002768:	d803      	bhi.n	10002772 <_ntoa_format+0x5c>
1000276a:	2730      	movs	r7, #48	; 0x30
1000276c:	552f      	strb	r7, [r5, r4]
1000276e:	3401      	adds	r4, #1
10002770:	e7f5      	b.n	1000275e <_ntoa_format+0x48>
10002772:	06f7      	lsls	r7, r6, #27
10002774:	d515      	bpl.n	100027a2 <_ntoa_format+0x8c>
10002776:	0577      	lsls	r7, r6, #21
10002778:	d405      	bmi.n	10002786 <_ntoa_format+0x70>
1000277a:	2c00      	cmp	r4, #0
1000277c:	d003      	beq.n	10002786 <_ntoa_format+0x70>
1000277e:	4294      	cmp	r4, r2
10002780:	d024      	beq.n	100027cc <_ntoa_format+0xb6>
10002782:	429c      	cmp	r4, r3
10002784:	d022      	beq.n	100027cc <_ntoa_format+0xb6>
10002786:	9a0f      	ldr	r2, [sp, #60]	; 0x3c
10002788:	2a10      	cmp	r2, #16
1000278a:	d02b      	beq.n	100027e4 <_ntoa_format+0xce>
1000278c:	9a0f      	ldr	r2, [sp, #60]	; 0x3c
1000278e:	2a10      	cmp	r2, #16
10002790:	d030      	beq.n	100027f4 <_ntoa_format+0xde>
10002792:	9a0f      	ldr	r2, [sp, #60]	; 0x3c
10002794:	2a02      	cmp	r2, #2
10002796:	d035      	beq.n	10002804 <_ntoa_format+0xee>
10002798:	2c1f      	cmp	r4, #31
1000279a:	d802      	bhi.n	100027a2 <_ntoa_format+0x8c>
1000279c:	2230      	movs	r2, #48	; 0x30
1000279e:	552a      	strb	r2, [r5, r4]
100027a0:	3401      	adds	r4, #1
100027a2:	2c1f      	cmp	r4, #31
100027a4:	d805      	bhi.n	100027b2 <_ntoa_format+0x9c>
100027a6:	464a      	mov	r2, r9
100027a8:	2a00      	cmp	r2, #0
100027aa:	d031      	beq.n	10002810 <_ntoa_format+0xfa>
100027ac:	222d      	movs	r2, #45	; 0x2d
100027ae:	552a      	strb	r2, [r5, r4]
100027b0:	3401      	adds	r4, #1
100027b2:	9603      	str	r6, [sp, #12]
100027b4:	9302      	str	r3, [sp, #8]
100027b6:	9401      	str	r4, [sp, #4]
100027b8:	9500      	str	r5, [sp, #0]
100027ba:	4643      	mov	r3, r8
100027bc:	4662      	mov	r2, ip
100027be:	f7ff ff53 	bl	10002668 <_out_rev>
100027c2:	b005      	add	sp, #20
100027c4:	bcc0      	pop	{r6, r7}
100027c6:	46b9      	mov	r9, r7
100027c8:	46b0      	mov	r8, r6
100027ca:	bdf0      	pop	{r4, r5, r6, r7, pc}
100027cc:	1e62      	subs	r2, r4, #1
100027ce:	2c01      	cmp	r4, #1
100027d0:	d006      	beq.n	100027e0 <_ntoa_format+0xca>
100027d2:	9f0f      	ldr	r7, [sp, #60]	; 0x3c
100027d4:	2f10      	cmp	r7, #16
100027d6:	d001      	beq.n	100027dc <_ntoa_format+0xc6>
100027d8:	0014      	movs	r4, r2
100027da:	e7d4      	b.n	10002786 <_ntoa_format+0x70>
100027dc:	3c02      	subs	r4, #2
100027de:	e7d2      	b.n	10002786 <_ntoa_format+0x70>
100027e0:	0014      	movs	r4, r2
100027e2:	e7d0      	b.n	10002786 <_ntoa_format+0x70>
100027e4:	06b2      	lsls	r2, r6, #26
100027e6:	d4d1      	bmi.n	1000278c <_ntoa_format+0x76>
100027e8:	2c1f      	cmp	r4, #31
100027ea:	d8cf      	bhi.n	1000278c <_ntoa_format+0x76>
100027ec:	2278      	movs	r2, #120	; 0x78
100027ee:	552a      	strb	r2, [r5, r4]
100027f0:	3401      	adds	r4, #1
100027f2:	e7d1      	b.n	10002798 <_ntoa_format+0x82>
100027f4:	06b2      	lsls	r2, r6, #26
100027f6:	d5cc      	bpl.n	10002792 <_ntoa_format+0x7c>
100027f8:	2c1f      	cmp	r4, #31
100027fa:	d8ca      	bhi.n	10002792 <_ntoa_format+0x7c>
100027fc:	2258      	movs	r2, #88	; 0x58
100027fe:	552a      	strb	r2, [r5, r4]
10002800:	3401      	adds	r4, #1
10002802:	e7c9      	b.n	10002798 <_ntoa_format+0x82>
10002804:	2c1f      	cmp	r4, #31
10002806:	d8c7      	bhi.n	10002798 <_ntoa_format+0x82>
10002808:	3260      	adds	r2, #96	; 0x60
1000280a:	552a      	strb	r2, [r5, r4]
1000280c:	3401      	adds	r4, #1
1000280e:	e7c3      	b.n	10002798 <_ntoa_format+0x82>
10002810:	0772      	lsls	r2, r6, #29
10002812:	d503      	bpl.n	1000281c <_ntoa_format+0x106>
10002814:	222b      	movs	r2, #43	; 0x2b
10002816:	552a      	strb	r2, [r5, r4]
10002818:	3401      	adds	r4, #1
1000281a:	e7ca      	b.n	100027b2 <_ntoa_format+0x9c>
1000281c:	0732      	lsls	r2, r6, #28
1000281e:	d5c8      	bpl.n	100027b2 <_ntoa_format+0x9c>
10002820:	2220      	movs	r2, #32
10002822:	552a      	strb	r2, [r5, r4]
10002824:	3401      	adds	r4, #1
10002826:	e7c4      	b.n	100027b2 <_ntoa_format+0x9c>

10002828 <_ntoa_long>:
10002828:	b5f0      	push	{r4, r5, r6, r7, lr}
1000282a:	46de      	mov	lr, fp
1000282c:	4657      	mov	r7, sl
1000282e:	464e      	mov	r6, r9
10002830:	4645      	mov	r5, r8
10002832:	b5e0      	push	{r5, r6, r7, lr}
10002834:	b093      	sub	sp, #76	; 0x4c
10002836:	4681      	mov	r9, r0
10002838:	468a      	mov	sl, r1
1000283a:	9208      	str	r2, [sp, #32]
1000283c:	9309      	str	r3, [sp, #36]	; 0x24
1000283e:	ab1c      	add	r3, sp, #112	; 0x70
10002840:	cb10      	ldmia	r3!, {r4}
10002842:	781b      	ldrb	r3, [r3, #0]
10002844:	469b      	mov	fp, r3
10002846:	9d1e      	ldr	r5, [sp, #120]	; 0x78
10002848:	9b21      	ldr	r3, [sp, #132]	; 0x84
1000284a:	4698      	mov	r8, r3
1000284c:	2c00      	cmp	r4, #0
1000284e:	d103      	bne.n	10002858 <_ntoa_long+0x30>
10002850:	2310      	movs	r3, #16
10002852:	4642      	mov	r2, r8
10002854:	439a      	bics	r2, r3
10002856:	4690      	mov	r8, r2
10002858:	2380      	movs	r3, #128	; 0x80
1000285a:	00db      	lsls	r3, r3, #3
1000285c:	4646      	mov	r6, r8
1000285e:	401e      	ands	r6, r3
10002860:	4642      	mov	r2, r8
10002862:	421a      	tst	r2, r3
10002864:	d012      	beq.n	1000288c <_ntoa_long+0x64>
10002866:	2c00      	cmp	r4, #0
10002868:	d022      	beq.n	100028b0 <_ntoa_long+0x88>
1000286a:	2600      	movs	r6, #0
1000286c:	e00e      	b.n	1000288c <_ntoa_long+0x64>
1000286e:	3330      	adds	r3, #48	; 0x30
10002870:	b2d9      	uxtb	r1, r3
10002872:	1c77      	adds	r7, r6, #1
10002874:	ab0a      	add	r3, sp, #40	; 0x28
10002876:	5599      	strb	r1, [r3, r6]
10002878:	0029      	movs	r1, r5
1000287a:	0020      	movs	r0, r4
1000287c:	f7fe ffe0 	bl	10001840 <__wrap___aeabi_uidiv>
10002880:	42ac      	cmp	r4, r5
10002882:	d316      	bcc.n	100028b2 <_ntoa_long+0x8a>
10002884:	2f1f      	cmp	r7, #31
10002886:	d814      	bhi.n	100028b2 <_ntoa_long+0x8a>
10002888:	003e      	movs	r6, r7
1000288a:	0004      	movs	r4, r0
1000288c:	0029      	movs	r1, r5
1000288e:	0020      	movs	r0, r4
10002890:	f7fe ffd6 	bl	10001840 <__wrap___aeabi_uidiv>
10002894:	b2cb      	uxtb	r3, r1
10002896:	2b09      	cmp	r3, #9
10002898:	d9e9      	bls.n	1000286e <_ntoa_long+0x46>
1000289a:	4642      	mov	r2, r8
1000289c:	0692      	lsls	r2, r2, #26
1000289e:	d505      	bpl.n	100028ac <_ntoa_long+0x84>
100028a0:	2141      	movs	r1, #65	; 0x41
100028a2:	18c9      	adds	r1, r1, r3
100028a4:	b2c9      	uxtb	r1, r1
100028a6:	390a      	subs	r1, #10
100028a8:	b2c9      	uxtb	r1, r1
100028aa:	e7e2      	b.n	10002872 <_ntoa_long+0x4a>
100028ac:	2161      	movs	r1, #97	; 0x61
100028ae:	e7f8      	b.n	100028a2 <_ntoa_long+0x7a>
100028b0:	0027      	movs	r7, r4
100028b2:	4643      	mov	r3, r8
100028b4:	9306      	str	r3, [sp, #24]
100028b6:	9b20      	ldr	r3, [sp, #128]	; 0x80
100028b8:	9305      	str	r3, [sp, #20]
100028ba:	9b1f      	ldr	r3, [sp, #124]	; 0x7c
100028bc:	9304      	str	r3, [sp, #16]
100028be:	9503      	str	r5, [sp, #12]
100028c0:	465b      	mov	r3, fp
100028c2:	9302      	str	r3, [sp, #8]
100028c4:	9701      	str	r7, [sp, #4]
100028c6:	ab0a      	add	r3, sp, #40	; 0x28
100028c8:	9300      	str	r3, [sp, #0]
100028ca:	9b09      	ldr	r3, [sp, #36]	; 0x24
100028cc:	9a08      	ldr	r2, [sp, #32]
100028ce:	4651      	mov	r1, sl
100028d0:	4648      	mov	r0, r9
100028d2:	f7ff ff20 	bl	10002716 <_ntoa_format>
100028d6:	b013      	add	sp, #76	; 0x4c
100028d8:	bcf0      	pop	{r4, r5, r6, r7}
100028da:	46bb      	mov	fp, r7
100028dc:	46b2      	mov	sl, r6
100028de:	46a9      	mov	r9, r5
100028e0:	46a0      	mov	r8, r4
100028e2:	bdf0      	pop	{r4, r5, r6, r7, pc}

100028e4 <_ntoa_long_long>:
100028e4:	b5f0      	push	{r4, r5, r6, r7, lr}
100028e6:	46de      	mov	lr, fp
100028e8:	4657      	mov	r7, sl
100028ea:	464e      	mov	r6, r9
100028ec:	4645      	mov	r5, r8
100028ee:	b5e0      	push	{r5, r6, r7, lr}
100028f0:	b095      	sub	sp, #84	; 0x54
100028f2:	9008      	str	r0, [sp, #32]
100028f4:	9109      	str	r1, [sp, #36]	; 0x24
100028f6:	920a      	str	r2, [sp, #40]	; 0x28
100028f8:	930b      	str	r3, [sp, #44]	; 0x2c
100028fa:	9e1e      	ldr	r6, [sp, #120]	; 0x78
100028fc:	9c1f      	ldr	r4, [sp, #124]	; 0x7c
100028fe:	ab20      	add	r3, sp, #128	; 0x80
10002900:	781b      	ldrb	r3, [r3, #0]
10002902:	469b      	mov	fp, r3
10002904:	9b22      	ldr	r3, [sp, #136]	; 0x88
10002906:	4699      	mov	r9, r3
10002908:	9d23      	ldr	r5, [sp, #140]	; 0x8c
1000290a:	9b26      	ldr	r3, [sp, #152]	; 0x98
1000290c:	469a      	mov	sl, r3
1000290e:	0033      	movs	r3, r6
10002910:	4323      	orrs	r3, r4
10002912:	d103      	bne.n	1000291c <_ntoa_long_long+0x38>
10002914:	3310      	adds	r3, #16
10002916:	4652      	mov	r2, sl
10002918:	439a      	bics	r2, r3
1000291a:	4692      	mov	sl, r2
1000291c:	2380      	movs	r3, #128	; 0x80
1000291e:	00db      	lsls	r3, r3, #3
10002920:	4657      	mov	r7, sl
10002922:	401f      	ands	r7, r3
10002924:	4652      	mov	r2, sl
10002926:	421a      	tst	r2, r3
10002928:	d019      	beq.n	1000295e <_ntoa_long_long+0x7a>
1000292a:	0033      	movs	r3, r6
1000292c:	4323      	orrs	r3, r4
1000292e:	d02d      	beq.n	1000298c <_ntoa_long_long+0xa8>
10002930:	2700      	movs	r7, #0
10002932:	e014      	b.n	1000295e <_ntoa_long_long+0x7a>
10002934:	3330      	adds	r3, #48	; 0x30
10002936:	b2da      	uxtb	r2, r3
10002938:	1c7b      	adds	r3, r7, #1
1000293a:	4698      	mov	r8, r3
1000293c:	ab0c      	add	r3, sp, #48	; 0x30
1000293e:	55da      	strb	r2, [r3, r7]
10002940:	464a      	mov	r2, r9
10002942:	002b      	movs	r3, r5
10002944:	0030      	movs	r0, r6
10002946:	0021      	movs	r1, r4
10002948:	f7fe ffb8 	bl	100018bc <__wrap___aeabi_uldivmod>
1000294c:	42a5      	cmp	r5, r4
1000294e:	d81f      	bhi.n	10002990 <_ntoa_long_long+0xac>
10002950:	d019      	beq.n	10002986 <_ntoa_long_long+0xa2>
10002952:	4643      	mov	r3, r8
10002954:	2b1f      	cmp	r3, #31
10002956:	d81b      	bhi.n	10002990 <_ntoa_long_long+0xac>
10002958:	4647      	mov	r7, r8
1000295a:	0006      	movs	r6, r0
1000295c:	000c      	movs	r4, r1
1000295e:	464a      	mov	r2, r9
10002960:	002b      	movs	r3, r5
10002962:	0030      	movs	r0, r6
10002964:	0021      	movs	r1, r4
10002966:	f7fe ffa9 	bl	100018bc <__wrap___aeabi_uldivmod>
1000296a:	b2d3      	uxtb	r3, r2
1000296c:	2b09      	cmp	r3, #9
1000296e:	d9e1      	bls.n	10002934 <_ntoa_long_long+0x50>
10002970:	4652      	mov	r2, sl
10002972:	0692      	lsls	r2, r2, #26
10002974:	d505      	bpl.n	10002982 <_ntoa_long_long+0x9e>
10002976:	2241      	movs	r2, #65	; 0x41
10002978:	18d2      	adds	r2, r2, r3
1000297a:	b2d2      	uxtb	r2, r2
1000297c:	3a0a      	subs	r2, #10
1000297e:	b2d2      	uxtb	r2, r2
10002980:	e7da      	b.n	10002938 <_ntoa_long_long+0x54>
10002982:	2261      	movs	r2, #97	; 0x61
10002984:	e7f8      	b.n	10002978 <_ntoa_long_long+0x94>
10002986:	45b1      	cmp	r9, r6
10002988:	d9e3      	bls.n	10002952 <_ntoa_long_long+0x6e>
1000298a:	e001      	b.n	10002990 <_ntoa_long_long+0xac>
1000298c:	2300      	movs	r3, #0
1000298e:	4698      	mov	r8, r3
10002990:	4653      	mov	r3, sl
10002992:	9306      	str	r3, [sp, #24]
10002994:	9b25      	ldr	r3, [sp, #148]	; 0x94
10002996:	9305      	str	r3, [sp, #20]
10002998:	9b24      	ldr	r3, [sp, #144]	; 0x90
1000299a:	9304      	str	r3, [sp, #16]
1000299c:	464b      	mov	r3, r9
1000299e:	9303      	str	r3, [sp, #12]
100029a0:	465b      	mov	r3, fp
100029a2:	9302      	str	r3, [sp, #8]
100029a4:	4643      	mov	r3, r8
100029a6:	9301      	str	r3, [sp, #4]
100029a8:	ab0c      	add	r3, sp, #48	; 0x30
100029aa:	9300      	str	r3, [sp, #0]
100029ac:	9b0b      	ldr	r3, [sp, #44]	; 0x2c
100029ae:	9a0a      	ldr	r2, [sp, #40]	; 0x28
100029b0:	9909      	ldr	r1, [sp, #36]	; 0x24
100029b2:	9808      	ldr	r0, [sp, #32]
100029b4:	f7ff feaf 	bl	10002716 <_ntoa_format>
100029b8:	b015      	add	sp, #84	; 0x54
100029ba:	bcf0      	pop	{r4, r5, r6, r7}
100029bc:	46bb      	mov	fp, r7
100029be:	46b2      	mov	sl, r6
100029c0:	46a9      	mov	r9, r5
100029c2:	46a0      	mov	r8, r4
100029c4:	bdf0      	pop	{r4, r5, r6, r7, pc}
	...

100029c8 <_etoa>:
100029c8:	b5f0      	push	{r4, r5, r6, r7, lr}
100029ca:	46de      	mov	lr, fp
100029cc:	4657      	mov	r7, sl
100029ce:	464e      	mov	r6, r9
100029d0:	4645      	mov	r5, r8
100029d2:	b5e0      	push	{r5, r6, r7, lr}
100029d4:	b091      	sub	sp, #68	; 0x44
100029d6:	4683      	mov	fp, r0
100029d8:	468a      	mov	sl, r1
100029da:	920c      	str	r2, [sp, #48]	; 0x30
100029dc:	4698      	mov	r8, r3
100029de:	9c1a      	ldr	r4, [sp, #104]	; 0x68
100029e0:	9408      	str	r4, [sp, #32]
100029e2:	9d1b      	ldr	r5, [sp, #108]	; 0x6c
100029e4:	9509      	str	r5, [sp, #36]	; 0x24
100029e6:	0022      	movs	r2, r4
100029e8:	002b      	movs	r3, r5
100029ea:	0020      	movs	r0, r4
100029ec:	0029      	movs	r1, r5
100029ee:	f7ff f9f0 	bl	10001dd2 <__wrap___aeabi_dcmpun>
100029f2:	2800      	cmp	r0, #0
100029f4:	d000      	beq.n	100029f8 <_etoa+0x30>
100029f6:	e0e5      	b.n	10002bc4 <_etoa+0x1fc>
100029f8:	2201      	movs	r2, #1
100029fa:	4252      	negs	r2, r2
100029fc:	4bd7      	ldr	r3, [pc, #860]	; (10002d5c <_etoa+0x394>)
100029fe:	0020      	movs	r0, r4
10002a00:	0029      	movs	r1, r5
10002a02:	f7ff f9e1 	bl	10001dc8 <__wrap___aeabi_dcmpgt>
10002a06:	2800      	cmp	r0, #0
10002a08:	d000      	beq.n	10002a0c <_etoa+0x44>
10002a0a:	e0db      	b.n	10002bc4 <_etoa+0x1fc>
10002a0c:	2201      	movs	r2, #1
10002a0e:	4252      	negs	r2, r2
10002a10:	4bd3      	ldr	r3, [pc, #844]	; (10002d60 <_etoa+0x398>)
10002a12:	0020      	movs	r0, r4
10002a14:	0029      	movs	r1, r5
10002a16:	f7ff f9c1 	bl	10001d9c <__wrap___aeabi_dcmplt>
10002a1a:	2800      	cmp	r0, #0
10002a1c:	d000      	beq.n	10002a20 <_etoa+0x58>
10002a1e:	e0d1      	b.n	10002bc4 <_etoa+0x1fc>
10002a20:	2200      	movs	r2, #0
10002a22:	2300      	movs	r3, #0
10002a24:	9e08      	ldr	r6, [sp, #32]
10002a26:	0030      	movs	r0, r6
10002a28:	9d09      	ldr	r5, [sp, #36]	; 0x24
10002a2a:	0029      	movs	r1, r5
10002a2c:	f7ff f9b6 	bl	10001d9c <__wrap___aeabi_dcmplt>
10002a30:	2800      	cmp	r0, #0
10002a32:	d000      	beq.n	10002a36 <_etoa+0x6e>
10002a34:	e0dd      	b.n	10002bf2 <_etoa+0x22a>
10002a36:	9808      	ldr	r0, [sp, #32]
10002a38:	9909      	ldr	r1, [sp, #36]	; 0x24
10002a3a:	9006      	str	r0, [sp, #24]
10002a3c:	9107      	str	r1, [sp, #28]
10002a3e:	2380      	movs	r3, #128	; 0x80
10002a40:	00db      	lsls	r3, r3, #3
10002a42:	9a1e      	ldr	r2, [sp, #120]	; 0x78
10002a44:	401a      	ands	r2, r3
10002a46:	920d      	str	r2, [sp, #52]	; 0x34
10002a48:	9a1e      	ldr	r2, [sp, #120]	; 0x78
10002a4a:	421a      	tst	r2, r3
10002a4c:	d101      	bne.n	10002a52 <_etoa+0x8a>
10002a4e:	2306      	movs	r3, #6
10002a50:	931c      	str	r3, [sp, #112]	; 0x70
10002a52:	9806      	ldr	r0, [sp, #24]
10002a54:	9907      	ldr	r1, [sp, #28]
10002a56:	0004      	movs	r4, r0
10002a58:	000d      	movs	r5, r1
10002a5a:	000a      	movs	r2, r1
10002a5c:	0006      	movs	r6, r0
10002a5e:	4302      	orrs	r2, r0
10002a60:	d100      	bne.n	10002a64 <_etoa+0x9c>
10002a62:	e0d1      	b.n	10002c08 <_etoa+0x240>
10002a64:	0d08      	lsrs	r0, r1, #20
10002a66:	0540      	lsls	r0, r0, #21
10002a68:	0d40      	lsrs	r0, r0, #21
10002a6a:	4cbe      	ldr	r4, [pc, #760]	; (10002d64 <_etoa+0x39c>)
10002a6c:	46a4      	mov	ip, r4
10002a6e:	4460      	add	r0, ip
10002a70:	030a      	lsls	r2, r1, #12
10002a72:	0b12      	lsrs	r2, r2, #12
10002a74:	4bbc      	ldr	r3, [pc, #752]	; (10002d68 <_etoa+0x3a0>)
10002a76:	4313      	orrs	r3, r2
10002a78:	001f      	movs	r7, r3
10002a7a:	f7ff f9bb 	bl	10001df4 <__wrap___aeabi_i2d>
10002a7e:	4abb      	ldr	r2, [pc, #748]	; (10002d6c <_etoa+0x3a4>)
10002a80:	4bbb      	ldr	r3, [pc, #748]	; (10002d70 <_etoa+0x3a8>)
10002a82:	f7ff f948 	bl	10001d16 <__wrap___aeabi_dmul>
10002a86:	4abb      	ldr	r2, [pc, #748]	; (10002d74 <_etoa+0x3ac>)
10002a88:	4bbb      	ldr	r3, [pc, #748]	; (10002d78 <_etoa+0x3b0>)
10002a8a:	f7ff f91d 	bl	10001cc8 <__wrap___aeabi_dadd>
10002a8e:	0004      	movs	r4, r0
10002a90:	000d      	movs	r5, r1
10002a92:	2200      	movs	r2, #0
10002a94:	4bb9      	ldr	r3, [pc, #740]	; (10002d7c <_etoa+0x3b4>)
10002a96:	0030      	movs	r0, r6
10002a98:	0039      	movs	r1, r7
10002a9a:	f7ff f90c 	bl	10001cb6 <__wrap___aeabi_dsub>
10002a9e:	4ab8      	ldr	r2, [pc, #736]	; (10002d80 <_etoa+0x3b8>)
10002aa0:	4bb8      	ldr	r3, [pc, #736]	; (10002d84 <_etoa+0x3bc>)
10002aa2:	f7ff f938 	bl	10001d16 <__wrap___aeabi_dmul>
10002aa6:	0002      	movs	r2, r0
10002aa8:	000b      	movs	r3, r1
10002aaa:	0020      	movs	r0, r4
10002aac:	0029      	movs	r1, r5
10002aae:	f7ff f90b 	bl	10001cc8 <__wrap___aeabi_dadd>
10002ab2:	f7ff f9b7 	bl	10001e24 <__wrap___aeabi_d2iz>
10002ab6:	4681      	mov	r9, r0
10002ab8:	f7ff f99c 	bl	10001df4 <__wrap___aeabi_i2d>
10002abc:	0004      	movs	r4, r0
10002abe:	000d      	movs	r5, r1
10002ac0:	4ab1      	ldr	r2, [pc, #708]	; (10002d88 <_etoa+0x3c0>)
10002ac2:	4bb2      	ldr	r3, [pc, #712]	; (10002d8c <_etoa+0x3c4>)
10002ac4:	f7ff f927 	bl	10001d16 <__wrap___aeabi_dmul>
10002ac8:	2200      	movs	r2, #0
10002aca:	4bb1      	ldr	r3, [pc, #708]	; (10002d90 <_etoa+0x3c8>)
10002acc:	f7ff f8fc 	bl	10001cc8 <__wrap___aeabi_dadd>
10002ad0:	f7ff f9a8 	bl	10001e24 <__wrap___aeabi_d2iz>
10002ad4:	0006      	movs	r6, r0
10002ad6:	4aaf      	ldr	r2, [pc, #700]	; (10002d94 <_etoa+0x3cc>)
10002ad8:	4baf      	ldr	r3, [pc, #700]	; (10002d98 <_etoa+0x3d0>)
10002ada:	0020      	movs	r0, r4
10002adc:	0029      	movs	r1, r5
10002ade:	f7ff f91a 	bl	10001d16 <__wrap___aeabi_dmul>
10002ae2:	0004      	movs	r4, r0
10002ae4:	000d      	movs	r5, r1
10002ae6:	0030      	movs	r0, r6
10002ae8:	f7ff f984 	bl	10001df4 <__wrap___aeabi_i2d>
10002aec:	4aab      	ldr	r2, [pc, #684]	; (10002d9c <_etoa+0x3d4>)
10002aee:	4bac      	ldr	r3, [pc, #688]	; (10002da0 <_etoa+0x3d8>)
10002af0:	f7ff f911 	bl	10001d16 <__wrap___aeabi_dmul>
10002af4:	0002      	movs	r2, r0
10002af6:	000b      	movs	r3, r1
10002af8:	0020      	movs	r0, r4
10002afa:	0029      	movs	r1, r5
10002afc:	f7ff f8db 	bl	10001cb6 <__wrap___aeabi_dsub>
10002b00:	0004      	movs	r4, r0
10002b02:	000d      	movs	r5, r1
10002b04:	0002      	movs	r2, r0
10002b06:	000b      	movs	r3, r1
10002b08:	f7ff f905 	bl	10001d16 <__wrap___aeabi_dmul>
10002b0c:	900a      	str	r0, [sp, #40]	; 0x28
10002b0e:	910b      	str	r1, [sp, #44]	; 0x2c
10002b10:	4ba4      	ldr	r3, [pc, #656]	; (10002da4 <_etoa+0x3dc>)
10002b12:	18f3      	adds	r3, r6, r3
10002b14:	2600      	movs	r6, #0
10002b16:	051f      	lsls	r7, r3, #20
10002b18:	0022      	movs	r2, r4
10002b1a:	002b      	movs	r3, r5
10002b1c:	0020      	movs	r0, r4
10002b1e:	0029      	movs	r1, r5
10002b20:	f7ff f8d2 	bl	10001cc8 <__wrap___aeabi_dadd>
10002b24:	900e      	str	r0, [sp, #56]	; 0x38
10002b26:	910f      	str	r1, [sp, #60]	; 0x3c
10002b28:	0022      	movs	r2, r4
10002b2a:	002b      	movs	r3, r5
10002b2c:	2000      	movs	r0, #0
10002b2e:	2180      	movs	r1, #128	; 0x80
10002b30:	05c9      	lsls	r1, r1, #23
10002b32:	f7ff f8c0 	bl	10001cb6 <__wrap___aeabi_dsub>
10002b36:	0004      	movs	r4, r0
10002b38:	000d      	movs	r5, r1
10002b3a:	2200      	movs	r2, #0
10002b3c:	4b9a      	ldr	r3, [pc, #616]	; (10002da8 <_etoa+0x3e0>)
10002b3e:	980a      	ldr	r0, [sp, #40]	; 0x28
10002b40:	990b      	ldr	r1, [sp, #44]	; 0x2c
10002b42:	f7ff f8ca 	bl	10001cda <__wrap___aeabi_ddiv>
10002b46:	2200      	movs	r2, #0
10002b48:	4b98      	ldr	r3, [pc, #608]	; (10002dac <_etoa+0x3e4>)
10002b4a:	f7ff f8bd 	bl	10001cc8 <__wrap___aeabi_dadd>
10002b4e:	0002      	movs	r2, r0
10002b50:	000b      	movs	r3, r1
10002b52:	980a      	ldr	r0, [sp, #40]	; 0x28
10002b54:	990b      	ldr	r1, [sp, #44]	; 0x2c
10002b56:	f7ff f8c0 	bl	10001cda <__wrap___aeabi_ddiv>
10002b5a:	2200      	movs	r2, #0
10002b5c:	4b94      	ldr	r3, [pc, #592]	; (10002db0 <_etoa+0x3e8>)
10002b5e:	f7ff f8b3 	bl	10001cc8 <__wrap___aeabi_dadd>
10002b62:	0002      	movs	r2, r0
10002b64:	000b      	movs	r3, r1
10002b66:	980a      	ldr	r0, [sp, #40]	; 0x28
10002b68:	990b      	ldr	r1, [sp, #44]	; 0x2c
10002b6a:	f7ff f8b6 	bl	10001cda <__wrap___aeabi_ddiv>
10002b6e:	0002      	movs	r2, r0
10002b70:	000b      	movs	r3, r1
10002b72:	0020      	movs	r0, r4
10002b74:	0029      	movs	r1, r5
10002b76:	f7ff f8a7 	bl	10001cc8 <__wrap___aeabi_dadd>
10002b7a:	0002      	movs	r2, r0
10002b7c:	000b      	movs	r3, r1
10002b7e:	980e      	ldr	r0, [sp, #56]	; 0x38
10002b80:	990f      	ldr	r1, [sp, #60]	; 0x3c
10002b82:	f7ff f8aa 	bl	10001cda <__wrap___aeabi_ddiv>
10002b86:	2200      	movs	r2, #0
10002b88:	4b77      	ldr	r3, [pc, #476]	; (10002d68 <_etoa+0x3a0>)
10002b8a:	f7ff f89d 	bl	10001cc8 <__wrap___aeabi_dadd>
10002b8e:	0032      	movs	r2, r6
10002b90:	003b      	movs	r3, r7
10002b92:	f7ff f8c0 	bl	10001d16 <__wrap___aeabi_dmul>
10002b96:	0006      	movs	r6, r0
10002b98:	000f      	movs	r7, r1
10002b9a:	0004      	movs	r4, r0
10002b9c:	000d      	movs	r5, r1
10002b9e:	9a06      	ldr	r2, [sp, #24]
10002ba0:	9b07      	ldr	r3, [sp, #28]
10002ba2:	f7ff f911 	bl	10001dc8 <__wrap___aeabi_dcmpgt>
10002ba6:	2800      	cmp	r0, #0
10002ba8:	d030      	beq.n	10002c0c <_etoa+0x244>
10002baa:	2301      	movs	r3, #1
10002bac:	425b      	negs	r3, r3
10002bae:	469c      	mov	ip, r3
10002bb0:	44e1      	add	r9, ip
10002bb2:	2200      	movs	r2, #0
10002bb4:	4b7d      	ldr	r3, [pc, #500]	; (10002dac <_etoa+0x3e4>)
10002bb6:	0030      	movs	r0, r6
10002bb8:	0039      	movs	r1, r7
10002bba:	f7ff f88e 	bl	10001cda <__wrap___aeabi_ddiv>
10002bbe:	0004      	movs	r4, r0
10002bc0:	000d      	movs	r5, r1
10002bc2:	e023      	b.n	10002c0c <_etoa+0x244>
10002bc4:	9b1e      	ldr	r3, [sp, #120]	; 0x78
10002bc6:	9304      	str	r3, [sp, #16]
10002bc8:	9b1d      	ldr	r3, [sp, #116]	; 0x74
10002bca:	9303      	str	r3, [sp, #12]
10002bcc:	9b1c      	ldr	r3, [sp, #112]	; 0x70
10002bce:	9302      	str	r3, [sp, #8]
10002bd0:	9a08      	ldr	r2, [sp, #32]
10002bd2:	9b09      	ldr	r3, [sp, #36]	; 0x24
10002bd4:	9200      	str	r2, [sp, #0]
10002bd6:	9301      	str	r3, [sp, #4]
10002bd8:	4643      	mov	r3, r8
10002bda:	9a0c      	ldr	r2, [sp, #48]	; 0x30
10002bdc:	4651      	mov	r1, sl
10002bde:	4658      	mov	r0, fp
10002be0:	f000 f8fc 	bl	10002ddc <_ftoa>
10002be4:	b011      	add	sp, #68	; 0x44
10002be6:	bcf0      	pop	{r4, r5, r6, r7}
10002be8:	46bb      	mov	fp, r7
10002bea:	46b2      	mov	sl, r6
10002bec:	46a9      	mov	r9, r5
10002bee:	46a0      	mov	r8, r4
10002bf0:	bdf0      	pop	{r4, r5, r6, r7, pc}
10002bf2:	2300      	movs	r3, #0
10002bf4:	2400      	movs	r4, #0
10002bf6:	9306      	str	r3, [sp, #24]
10002bf8:	9407      	str	r4, [sp, #28]
10002bfa:	9606      	str	r6, [sp, #24]
10002bfc:	2380      	movs	r3, #128	; 0x80
10002bfe:	061b      	lsls	r3, r3, #24
10002c00:	469c      	mov	ip, r3
10002c02:	4465      	add	r5, ip
10002c04:	9507      	str	r5, [sp, #28]
10002c06:	e71a      	b.n	10002a3e <_etoa+0x76>
10002c08:	2300      	movs	r3, #0
10002c0a:	4699      	mov	r9, r3
10002c0c:	464b      	mov	r3, r9
10002c0e:	3363      	adds	r3, #99	; 0x63
10002c10:	2bc6      	cmp	r3, #198	; 0xc6
10002c12:	d81e      	bhi.n	10002c52 <_etoa+0x28a>
10002c14:	2604      	movs	r6, #4
10002c16:	9b1e      	ldr	r3, [sp, #120]	; 0x78
10002c18:	051b      	lsls	r3, r3, #20
10002c1a:	d526      	bpl.n	10002c6a <_etoa+0x2a2>
10002c1c:	002b      	movs	r3, r5
10002c1e:	4323      	orrs	r3, r4
10002c20:	d00f      	beq.n	10002c42 <_etoa+0x27a>
10002c22:	4a64      	ldr	r2, [pc, #400]	; (10002db4 <_etoa+0x3ec>)
10002c24:	4b64      	ldr	r3, [pc, #400]	; (10002db8 <_etoa+0x3f0>)
10002c26:	9806      	ldr	r0, [sp, #24]
10002c28:	9907      	ldr	r1, [sp, #28]
10002c2a:	f7ff f8c5 	bl	10001db8 <__wrap___aeabi_dcmpge>
10002c2e:	2800      	cmp	r0, #0
10002c30:	d079      	beq.n	10002d26 <_etoa+0x35e>
10002c32:	2200      	movs	r2, #0
10002c34:	4b61      	ldr	r3, [pc, #388]	; (10002dbc <_etoa+0x3f4>)
10002c36:	9806      	ldr	r0, [sp, #24]
10002c38:	9907      	ldr	r1, [sp, #28]
10002c3a:	f7ff f8af 	bl	10001d9c <__wrap___aeabi_dcmplt>
10002c3e:	2800      	cmp	r0, #0
10002c40:	d071      	beq.n	10002d26 <_etoa+0x35e>
10002c42:	9b1c      	ldr	r3, [sp, #112]	; 0x70
10002c44:	454b      	cmp	r3, r9
10002c46:	dd06      	ble.n	10002c56 <_etoa+0x28e>
10002c48:	464a      	mov	r2, r9
10002c4a:	1a98      	subs	r0, r3, r2
10002c4c:	1e43      	subs	r3, r0, #1
10002c4e:	931c      	str	r3, [sp, #112]	; 0x70
10002c50:	e003      	b.n	10002c5a <_etoa+0x292>
10002c52:	2605      	movs	r6, #5
10002c54:	e7df      	b.n	10002c16 <_etoa+0x24e>
10002c56:	2300      	movs	r3, #0
10002c58:	931c      	str	r3, [sp, #112]	; 0x70
10002c5a:	2380      	movs	r3, #128	; 0x80
10002c5c:	00db      	lsls	r3, r3, #3
10002c5e:	9a1e      	ldr	r2, [sp, #120]	; 0x78
10002c60:	431a      	orrs	r2, r3
10002c62:	921e      	str	r2, [sp, #120]	; 0x78
10002c64:	2600      	movs	r6, #0
10002c66:	2300      	movs	r3, #0
10002c68:	4699      	mov	r9, r3
10002c6a:	9b1d      	ldr	r3, [sp, #116]	; 0x74
10002c6c:	429e      	cmp	r6, r3
10002c6e:	d264      	bcs.n	10002d3a <_etoa+0x372>
10002c70:	1b9f      	subs	r7, r3, r6
10002c72:	2302      	movs	r3, #2
10002c74:	9a1e      	ldr	r2, [sp, #120]	; 0x78
10002c76:	401a      	ands	r2, r3
10002c78:	920a      	str	r2, [sp, #40]	; 0x28
10002c7a:	9a1e      	ldr	r2, [sp, #120]	; 0x78
10002c7c:	4213      	tst	r3, r2
10002c7e:	d002      	beq.n	10002c86 <_etoa+0x2be>
10002c80:	2e00      	cmp	r6, #0
10002c82:	d000      	beq.n	10002c86 <_etoa+0x2be>
10002c84:	2700      	movs	r7, #0
10002c86:	464b      	mov	r3, r9
10002c88:	2b00      	cmp	r3, #0
10002c8a:	d007      	beq.n	10002c9c <_etoa+0x2d4>
10002c8c:	0022      	movs	r2, r4
10002c8e:	002b      	movs	r3, r5
10002c90:	9806      	ldr	r0, [sp, #24]
10002c92:	9907      	ldr	r1, [sp, #28]
10002c94:	f7ff f821 	bl	10001cda <__wrap___aeabi_ddiv>
10002c98:	9006      	str	r0, [sp, #24]
10002c9a:	9107      	str	r1, [sp, #28]
10002c9c:	2200      	movs	r2, #0
10002c9e:	2300      	movs	r3, #0
10002ca0:	9808      	ldr	r0, [sp, #32]
10002ca2:	9909      	ldr	r1, [sp, #36]	; 0x24
10002ca4:	f7ff f87a 	bl	10001d9c <__wrap___aeabi_dcmplt>
10002ca8:	2800      	cmp	r0, #0
10002caa:	d148      	bne.n	10002d3e <_etoa+0x376>
10002cac:	4b44      	ldr	r3, [pc, #272]	; (10002dc0 <_etoa+0x3f8>)
10002cae:	9a1e      	ldr	r2, [sp, #120]	; 0x78
10002cb0:	4013      	ands	r3, r2
10002cb2:	9304      	str	r3, [sp, #16]
10002cb4:	9703      	str	r7, [sp, #12]
10002cb6:	9b1c      	ldr	r3, [sp, #112]	; 0x70
10002cb8:	9302      	str	r3, [sp, #8]
10002cba:	9b06      	ldr	r3, [sp, #24]
10002cbc:	9c07      	ldr	r4, [sp, #28]
10002cbe:	9300      	str	r3, [sp, #0]
10002cc0:	9401      	str	r4, [sp, #4]
10002cc2:	4643      	mov	r3, r8
10002cc4:	9a0c      	ldr	r2, [sp, #48]	; 0x30
10002cc6:	4651      	mov	r1, sl
10002cc8:	4658      	mov	r0, fp
10002cca:	f000 f887 	bl	10002ddc <_ftoa>
10002cce:	2e00      	cmp	r6, #0
10002cd0:	d100      	bne.n	10002cd4 <_etoa+0x30c>
10002cd2:	e787      	b.n	10002be4 <_etoa+0x21c>
10002cd4:	9b1e      	ldr	r3, [sp, #120]	; 0x78
10002cd6:	069b      	lsls	r3, r3, #26
10002cd8:	d53d      	bpl.n	10002d56 <_etoa+0x38e>
10002cda:	2545      	movs	r5, #69	; 0x45
10002cdc:	1c44      	adds	r4, r0, #1
10002cde:	4643      	mov	r3, r8
10002ce0:	0002      	movs	r2, r0
10002ce2:	4651      	mov	r1, sl
10002ce4:	0028      	movs	r0, r5
10002ce6:	47d8      	blx	fp
10002ce8:	464b      	mov	r3, r9
10002cea:	17da      	asrs	r2, r3, #31
10002cec:	189b      	adds	r3, r3, r2
10002cee:	4053      	eors	r3, r2
10002cf0:	2205      	movs	r2, #5
10002cf2:	9205      	str	r2, [sp, #20]
10002cf4:	3e01      	subs	r6, #1
10002cf6:	9604      	str	r6, [sp, #16]
10002cf8:	2200      	movs	r2, #0
10002cfa:	9203      	str	r2, [sp, #12]
10002cfc:	320a      	adds	r2, #10
10002cfe:	9202      	str	r2, [sp, #8]
10002d00:	464a      	mov	r2, r9
10002d02:	0fd0      	lsrs	r0, r2, #31
10002d04:	9001      	str	r0, [sp, #4]
10002d06:	9300      	str	r3, [sp, #0]
10002d08:	4643      	mov	r3, r8
10002d0a:	0022      	movs	r2, r4
10002d0c:	4651      	mov	r1, sl
10002d0e:	4658      	mov	r0, fp
10002d10:	f7ff fd8a 	bl	10002828 <_ntoa_long>
10002d14:	9b0a      	ldr	r3, [sp, #40]	; 0x28
10002d16:	2b00      	cmp	r3, #0
10002d18:	d100      	bne.n	10002d1c <_etoa+0x354>
10002d1a:	e763      	b.n	10002be4 <_etoa+0x21c>
10002d1c:	0002      	movs	r2, r0
10002d1e:	465f      	mov	r7, fp
10002d20:	9e0c      	ldr	r6, [sp, #48]	; 0x30
10002d22:	9d1d      	ldr	r5, [sp, #116]	; 0x74
10002d24:	e054      	b.n	10002dd0 <_etoa+0x408>
10002d26:	9b1c      	ldr	r3, [sp, #112]	; 0x70
10002d28:	2b00      	cmp	r3, #0
10002d2a:	d09e      	beq.n	10002c6a <_etoa+0x2a2>
10002d2c:	9b0d      	ldr	r3, [sp, #52]	; 0x34
10002d2e:	2b00      	cmp	r3, #0
10002d30:	d09b      	beq.n	10002c6a <_etoa+0x2a2>
10002d32:	9b1c      	ldr	r3, [sp, #112]	; 0x70
10002d34:	3b01      	subs	r3, #1
10002d36:	931c      	str	r3, [sp, #112]	; 0x70
10002d38:	e797      	b.n	10002c6a <_etoa+0x2a2>
10002d3a:	2700      	movs	r7, #0
10002d3c:	e799      	b.n	10002c72 <_etoa+0x2aa>
10002d3e:	9c06      	ldr	r4, [sp, #24]
10002d40:	9d07      	ldr	r5, [sp, #28]
10002d42:	0022      	movs	r2, r4
10002d44:	0029      	movs	r1, r5
10002d46:	2080      	movs	r0, #128	; 0x80
10002d48:	0600      	lsls	r0, r0, #24
10002d4a:	4684      	mov	ip, r0
10002d4c:	4461      	add	r1, ip
10002d4e:	000b      	movs	r3, r1
10002d50:	9206      	str	r2, [sp, #24]
10002d52:	9307      	str	r3, [sp, #28]
10002d54:	e7aa      	b.n	10002cac <_etoa+0x2e4>
10002d56:	2565      	movs	r5, #101	; 0x65
10002d58:	e7c0      	b.n	10002cdc <_etoa+0x314>
10002d5a:	46c0      	nop			; (mov r8, r8)
10002d5c:	7fefffff 	.word	0x7fefffff
10002d60:	ffefffff 	.word	0xffefffff
10002d64:	fffffc01 	.word	0xfffffc01
10002d68:	3ff00000 	.word	0x3ff00000
10002d6c:	509f79fb 	.word	0x509f79fb
10002d70:	3fd34413 	.word	0x3fd34413
10002d74:	8b60c8b3 	.word	0x8b60c8b3
10002d78:	3fc68a28 	.word	0x3fc68a28
10002d7c:	3ff80000 	.word	0x3ff80000
10002d80:	636f4361 	.word	0x636f4361
10002d84:	3fd287a7 	.word	0x3fd287a7
10002d88:	0979a371 	.word	0x0979a371
10002d8c:	400a934f 	.word	0x400a934f
10002d90:	3fe00000 	.word	0x3fe00000
10002d94:	bbb55516 	.word	0xbbb55516
10002d98:	40026bb1 	.word	0x40026bb1
10002d9c:	fefa39ef 	.word	0xfefa39ef
10002da0:	3fe62e42 	.word	0x3fe62e42
10002da4:	000003ff 	.word	0x000003ff
10002da8:	402c0000 	.word	0x402c0000
10002dac:	40240000 	.word	0x40240000
10002db0:	40180000 	.word	0x40180000
10002db4:	eb1c432d 	.word	0xeb1c432d
10002db8:	3f1a36e2 	.word	0x3f1a36e2
10002dbc:	412e8480 	.word	0x412e8480
10002dc0:	fffff7ff 	.word	0xfffff7ff
10002dc4:	1c54      	adds	r4, r2, #1
10002dc6:	4643      	mov	r3, r8
10002dc8:	4651      	mov	r1, sl
10002dca:	2020      	movs	r0, #32
10002dcc:	47b8      	blx	r7
10002dce:	0022      	movs	r2, r4
10002dd0:	1b93      	subs	r3, r2, r6
10002dd2:	42ab      	cmp	r3, r5
10002dd4:	d3f6      	bcc.n	10002dc4 <_etoa+0x3fc>
10002dd6:	0010      	movs	r0, r2
10002dd8:	e704      	b.n	10002be4 <_etoa+0x21c>
10002dda:	46c0      	nop			; (mov r8, r8)

10002ddc <_ftoa>:
10002ddc:	b5f0      	push	{r4, r5, r6, r7, lr}
10002dde:	46de      	mov	lr, fp
10002de0:	4657      	mov	r7, sl
10002de2:	464e      	mov	r6, r9
10002de4:	4645      	mov	r5, r8
10002de6:	b5e0      	push	{r5, r6, r7, lr}
10002de8:	b095      	sub	sp, #84	; 0x54
10002dea:	9006      	str	r0, [sp, #24]
10002dec:	9107      	str	r1, [sp, #28]
10002dee:	4693      	mov	fp, r2
10002df0:	4699      	mov	r9, r3
10002df2:	9f20      	ldr	r7, [sp, #128]	; 0x80
10002df4:	9a1e      	ldr	r2, [sp, #120]	; 0x78
10002df6:	9b1f      	ldr	r3, [sp, #124]	; 0x7c
10002df8:	0010      	movs	r0, r2
10002dfa:	0019      	movs	r1, r3
10002dfc:	f7fe ffe9 	bl	10001dd2 <__wrap___aeabi_dcmpun>
10002e00:	2800      	cmp	r0, #0
10002e02:	d131      	bne.n	10002e68 <_ftoa+0x8c>
10002e04:	2201      	movs	r2, #1
10002e06:	4252      	negs	r2, r2
10002e08:	4bbf      	ldr	r3, [pc, #764]	; (10003108 <_ftoa+0x32c>)
10002e0a:	981e      	ldr	r0, [sp, #120]	; 0x78
10002e0c:	991f      	ldr	r1, [sp, #124]	; 0x7c
10002e0e:	f7fe ffc5 	bl	10001d9c <__wrap___aeabi_dcmplt>
10002e12:	2800      	cmp	r0, #0
10002e14:	d137      	bne.n	10002e86 <_ftoa+0xaa>
10002e16:	2201      	movs	r2, #1
10002e18:	4252      	negs	r2, r2
10002e1a:	4bbc      	ldr	r3, [pc, #752]	; (1000310c <_ftoa+0x330>)
10002e1c:	981e      	ldr	r0, [sp, #120]	; 0x78
10002e1e:	991f      	ldr	r1, [sp, #124]	; 0x7c
10002e20:	f7fe ffd2 	bl	10001dc8 <__wrap___aeabi_dcmpgt>
10002e24:	2800      	cmp	r0, #0
10002e26:	d13d      	bne.n	10002ea4 <_ftoa+0xc8>
10002e28:	2200      	movs	r2, #0
10002e2a:	4bb9      	ldr	r3, [pc, #740]	; (10003110 <_ftoa+0x334>)
10002e2c:	981e      	ldr	r0, [sp, #120]	; 0x78
10002e2e:	991f      	ldr	r1, [sp, #124]	; 0x7c
10002e30:	f7fe ffca 	bl	10001dc8 <__wrap___aeabi_dcmpgt>
10002e34:	2800      	cmp	r0, #0
10002e36:	d150      	bne.n	10002eda <_ftoa+0xfe>
10002e38:	2200      	movs	r2, #0
10002e3a:	4bb6      	ldr	r3, [pc, #728]	; (10003114 <_ftoa+0x338>)
10002e3c:	981e      	ldr	r0, [sp, #120]	; 0x78
10002e3e:	991f      	ldr	r1, [sp, #124]	; 0x7c
10002e40:	f7fe ffac 	bl	10001d9c <__wrap___aeabi_dcmplt>
10002e44:	2800      	cmp	r0, #0
10002e46:	d148      	bne.n	10002eda <_ftoa+0xfe>
10002e48:	2200      	movs	r2, #0
10002e4a:	2300      	movs	r3, #0
10002e4c:	981e      	ldr	r0, [sp, #120]	; 0x78
10002e4e:	991f      	ldr	r1, [sp, #124]	; 0x7c
10002e50:	f7fe ffa4 	bl	10001d9c <__wrap___aeabi_dcmplt>
10002e54:	2800      	cmp	r0, #0
10002e56:	d150      	bne.n	10002efa <_ftoa+0x11e>
10002e58:	2300      	movs	r3, #0
10002e5a:	4698      	mov	r8, r3
10002e5c:	9b22      	ldr	r3, [sp, #136]	; 0x88
10002e5e:	055b      	lsls	r3, r3, #21
10002e60:	d400      	bmi.n	10002e64 <_ftoa+0x88>
10002e62:	e0b6      	b.n	10002fd2 <_ftoa+0x1f6>
10002e64:	2400      	movs	r4, #0
10002e66:	e058      	b.n	10002f1a <_ftoa+0x13e>
10002e68:	9b22      	ldr	r3, [sp, #136]	; 0x88
10002e6a:	9303      	str	r3, [sp, #12]
10002e6c:	9b21      	ldr	r3, [sp, #132]	; 0x84
10002e6e:	9302      	str	r3, [sp, #8]
10002e70:	2303      	movs	r3, #3
10002e72:	9301      	str	r3, [sp, #4]
10002e74:	4ba8      	ldr	r3, [pc, #672]	; (10003118 <_ftoa+0x33c>)
10002e76:	9300      	str	r3, [sp, #0]
10002e78:	464b      	mov	r3, r9
10002e7a:	465a      	mov	r2, fp
10002e7c:	9907      	ldr	r1, [sp, #28]
10002e7e:	9806      	ldr	r0, [sp, #24]
10002e80:	f7ff fbf2 	bl	10002668 <_out_rev>
10002e84:	e10e      	b.n	100030a4 <_ftoa+0x2c8>
10002e86:	9b22      	ldr	r3, [sp, #136]	; 0x88
10002e88:	9303      	str	r3, [sp, #12]
10002e8a:	9b21      	ldr	r3, [sp, #132]	; 0x84
10002e8c:	9302      	str	r3, [sp, #8]
10002e8e:	2304      	movs	r3, #4
10002e90:	9301      	str	r3, [sp, #4]
10002e92:	4ba2      	ldr	r3, [pc, #648]	; (1000311c <_ftoa+0x340>)
10002e94:	9300      	str	r3, [sp, #0]
10002e96:	464b      	mov	r3, r9
10002e98:	465a      	mov	r2, fp
10002e9a:	9907      	ldr	r1, [sp, #28]
10002e9c:	9806      	ldr	r0, [sp, #24]
10002e9e:	f7ff fbe3 	bl	10002668 <_out_rev>
10002ea2:	e0ff      	b.n	100030a4 <_ftoa+0x2c8>
10002ea4:	2304      	movs	r3, #4
10002ea6:	9a22      	ldr	r2, [sp, #136]	; 0x88
10002ea8:	401a      	ands	r2, r3
10002eaa:	9922      	ldr	r1, [sp, #136]	; 0x88
10002eac:	420b      	tst	r3, r1
10002eae:	d010      	beq.n	10002ed2 <_ftoa+0xf6>
10002eb0:	4b9b      	ldr	r3, [pc, #620]	; (10003120 <_ftoa+0x344>)
10002eb2:	2a00      	cmp	r2, #0
10002eb4:	d00f      	beq.n	10002ed6 <_ftoa+0xfa>
10002eb6:	2204      	movs	r2, #4
10002eb8:	9922      	ldr	r1, [sp, #136]	; 0x88
10002eba:	9103      	str	r1, [sp, #12]
10002ebc:	9921      	ldr	r1, [sp, #132]	; 0x84
10002ebe:	9102      	str	r1, [sp, #8]
10002ec0:	9201      	str	r2, [sp, #4]
10002ec2:	9300      	str	r3, [sp, #0]
10002ec4:	464b      	mov	r3, r9
10002ec6:	465a      	mov	r2, fp
10002ec8:	9907      	ldr	r1, [sp, #28]
10002eca:	9806      	ldr	r0, [sp, #24]
10002ecc:	f7ff fbcc 	bl	10002668 <_out_rev>
10002ed0:	e0e8      	b.n	100030a4 <_ftoa+0x2c8>
10002ed2:	4b94      	ldr	r3, [pc, #592]	; (10003124 <_ftoa+0x348>)
10002ed4:	e7ed      	b.n	10002eb2 <_ftoa+0xd6>
10002ed6:	2203      	movs	r2, #3
10002ed8:	e7ee      	b.n	10002eb8 <_ftoa+0xdc>
10002eda:	9b22      	ldr	r3, [sp, #136]	; 0x88
10002edc:	9304      	str	r3, [sp, #16]
10002ede:	9b21      	ldr	r3, [sp, #132]	; 0x84
10002ee0:	9303      	str	r3, [sp, #12]
10002ee2:	9702      	str	r7, [sp, #8]
10002ee4:	9b1e      	ldr	r3, [sp, #120]	; 0x78
10002ee6:	9c1f      	ldr	r4, [sp, #124]	; 0x7c
10002ee8:	9300      	str	r3, [sp, #0]
10002eea:	9401      	str	r4, [sp, #4]
10002eec:	464b      	mov	r3, r9
10002eee:	465a      	mov	r2, fp
10002ef0:	9907      	ldr	r1, [sp, #28]
10002ef2:	9806      	ldr	r0, [sp, #24]
10002ef4:	f7ff fd68 	bl	100029c8 <_etoa>
10002ef8:	e0d4      	b.n	100030a4 <_ftoa+0x2c8>
10002efa:	9a1e      	ldr	r2, [sp, #120]	; 0x78
10002efc:	9b1f      	ldr	r3, [sp, #124]	; 0x7c
10002efe:	2000      	movs	r0, #0
10002f00:	2100      	movs	r1, #0
10002f02:	f7fe fed8 	bl	10001cb6 <__wrap___aeabi_dsub>
10002f06:	901e      	str	r0, [sp, #120]	; 0x78
10002f08:	911f      	str	r1, [sp, #124]	; 0x7c
10002f0a:	2301      	movs	r3, #1
10002f0c:	4698      	mov	r8, r3
10002f0e:	e7a5      	b.n	10002e5c <_ftoa+0x80>
10002f10:	ab0c      	add	r3, sp, #48	; 0x30
10002f12:	2230      	movs	r2, #48	; 0x30
10002f14:	551a      	strb	r2, [r3, r4]
10002f16:	3f01      	subs	r7, #1
10002f18:	3401      	adds	r4, #1
10002f1a:	2c1f      	cmp	r4, #31
10002f1c:	d801      	bhi.n	10002f22 <_ftoa+0x146>
10002f1e:	2f09      	cmp	r7, #9
10002f20:	d8f6      	bhi.n	10002f10 <_ftoa+0x134>
10002f22:	981e      	ldr	r0, [sp, #120]	; 0x78
10002f24:	991f      	ldr	r1, [sp, #124]	; 0x7c
10002f26:	f7fe ff7d 	bl	10001e24 <__wrap___aeabi_d2iz>
10002f2a:	0005      	movs	r5, r0
10002f2c:	f7fe ff62 	bl	10001df4 <__wrap___aeabi_i2d>
10002f30:	0002      	movs	r2, r0
10002f32:	000b      	movs	r3, r1
10002f34:	981e      	ldr	r0, [sp, #120]	; 0x78
10002f36:	991f      	ldr	r1, [sp, #124]	; 0x7c
10002f38:	f7fe febd 	bl	10001cb6 <__wrap___aeabi_dsub>
10002f3c:	00fa      	lsls	r2, r7, #3
10002f3e:	4b7a      	ldr	r3, [pc, #488]	; (10003128 <_ftoa+0x34c>)
10002f40:	189b      	adds	r3, r3, r2
10002f42:	681a      	ldr	r2, [r3, #0]
10002f44:	685b      	ldr	r3, [r3, #4]
10002f46:	920a      	str	r2, [sp, #40]	; 0x28
10002f48:	930b      	str	r3, [sp, #44]	; 0x2c
10002f4a:	f7fe fee4 	bl	10001d16 <__wrap___aeabi_dmul>
10002f4e:	9008      	str	r0, [sp, #32]
10002f50:	9109      	str	r1, [sp, #36]	; 0x24
10002f52:	f7fe ff8b 	bl	10001e6c <__wrap___aeabi_d2uiz>
10002f56:	0006      	movs	r6, r0
10002f58:	f7fe ff48 	bl	10001dec <__wrap___aeabi_ui2d>
10002f5c:	0002      	movs	r2, r0
10002f5e:	000b      	movs	r3, r1
10002f60:	9808      	ldr	r0, [sp, #32]
10002f62:	9909      	ldr	r1, [sp, #36]	; 0x24
10002f64:	f7fe fea7 	bl	10001cb6 <__wrap___aeabi_dsub>
10002f68:	9008      	str	r0, [sp, #32]
10002f6a:	9109      	str	r1, [sp, #36]	; 0x24
10002f6c:	2200      	movs	r2, #0
10002f6e:	4b6f      	ldr	r3, [pc, #444]	; (1000312c <_ftoa+0x350>)
10002f70:	f7fe ff2a 	bl	10001dc8 <__wrap___aeabi_dcmpgt>
10002f74:	2800      	cmp	r0, #0
10002f76:	d02e      	beq.n	10002fd6 <_ftoa+0x1fa>
10002f78:	3601      	adds	r6, #1
10002f7a:	0030      	movs	r0, r6
10002f7c:	f7fe ff36 	bl	10001dec <__wrap___aeabi_ui2d>
10002f80:	0002      	movs	r2, r0
10002f82:	000b      	movs	r3, r1
10002f84:	980a      	ldr	r0, [sp, #40]	; 0x28
10002f86:	990b      	ldr	r1, [sp, #44]	; 0x2c
10002f88:	f7fe ff0e 	bl	10001da8 <__wrap___aeabi_dcmple>
10002f8c:	2800      	cmp	r0, #0
10002f8e:	d001      	beq.n	10002f94 <_ftoa+0x1b8>
10002f90:	3501      	adds	r5, #1
10002f92:	2600      	movs	r6, #0
10002f94:	2f00      	cmp	r7, #0
10002f96:	d12c      	bne.n	10002ff2 <_ftoa+0x216>
10002f98:	0028      	movs	r0, r5
10002f9a:	f7fe ff2b 	bl	10001df4 <__wrap___aeabi_i2d>
10002f9e:	0002      	movs	r2, r0
10002fa0:	000b      	movs	r3, r1
10002fa2:	981e      	ldr	r0, [sp, #120]	; 0x78
10002fa4:	991f      	ldr	r1, [sp, #124]	; 0x7c
10002fa6:	f7fe fe86 	bl	10001cb6 <__wrap___aeabi_dsub>
10002faa:	0006      	movs	r6, r0
10002fac:	000f      	movs	r7, r1
10002fae:	2200      	movs	r2, #0
10002fb0:	4b5e      	ldr	r3, [pc, #376]	; (1000312c <_ftoa+0x350>)
10002fb2:	f7fe fef3 	bl	10001d9c <__wrap___aeabi_dcmplt>
10002fb6:	2800      	cmp	r0, #0
10002fb8:	d146      	bne.n	10003048 <_ftoa+0x26c>
10002fba:	2200      	movs	r2, #0
10002fbc:	4b5b      	ldr	r3, [pc, #364]	; (1000312c <_ftoa+0x350>)
10002fbe:	0030      	movs	r0, r6
10002fc0:	0039      	movs	r1, r7
10002fc2:	f7fe ff01 	bl	10001dc8 <__wrap___aeabi_dcmpgt>
10002fc6:	2800      	cmp	r0, #0
10002fc8:	d13e      	bne.n	10003048 <_ftoa+0x26c>
10002fca:	07eb      	lsls	r3, r5, #31
10002fcc:	d53c      	bpl.n	10003048 <_ftoa+0x26c>
10002fce:	3501      	adds	r5, #1
10002fd0:	e03a      	b.n	10003048 <_ftoa+0x26c>
10002fd2:	2706      	movs	r7, #6
10002fd4:	e746      	b.n	10002e64 <_ftoa+0x88>
10002fd6:	2200      	movs	r2, #0
10002fd8:	4b54      	ldr	r3, [pc, #336]	; (1000312c <_ftoa+0x350>)
10002fda:	9808      	ldr	r0, [sp, #32]
10002fdc:	9909      	ldr	r1, [sp, #36]	; 0x24
10002fde:	f7fe fedd 	bl	10001d9c <__wrap___aeabi_dcmplt>
10002fe2:	2800      	cmp	r0, #0
10002fe4:	d1d6      	bne.n	10002f94 <_ftoa+0x1b8>
10002fe6:	2e00      	cmp	r6, #0
10002fe8:	d001      	beq.n	10002fee <_ftoa+0x212>
10002fea:	07f3      	lsls	r3, r6, #31
10002fec:	d5d2      	bpl.n	10002f94 <_ftoa+0x1b8>
10002fee:	3601      	adds	r6, #1
10002ff0:	e7d0      	b.n	10002f94 <_ftoa+0x1b8>
10002ff2:	46aa      	mov	sl, r5
10002ff4:	2c1f      	cmp	r4, #31
10002ff6:	d811      	bhi.n	1000301c <_ftoa+0x240>
10002ff8:	3f01      	subs	r7, #1
10002ffa:	210a      	movs	r1, #10
10002ffc:	0030      	movs	r0, r6
10002ffe:	f7fe fc1f 	bl	10001840 <__wrap___aeabi_uidiv>
10003002:	1c65      	adds	r5, r4, #1
10003004:	3130      	adds	r1, #48	; 0x30
10003006:	ab0c      	add	r3, sp, #48	; 0x30
10003008:	5519      	strb	r1, [r3, r4]
1000300a:	210a      	movs	r1, #10
1000300c:	0030      	movs	r0, r6
1000300e:	f7fe fc17 	bl	10001840 <__wrap___aeabi_uidiv>
10003012:	2e09      	cmp	r6, #9
10003014:	d90e      	bls.n	10003034 <_ftoa+0x258>
10003016:	0006      	movs	r6, r0
10003018:	002c      	movs	r4, r5
1000301a:	e7eb      	b.n	10002ff4 <_ftoa+0x218>
1000301c:	4655      	mov	r5, sl
1000301e:	2c1f      	cmp	r4, #31
10003020:	d80c      	bhi.n	1000303c <_ftoa+0x260>
10003022:	1e7b      	subs	r3, r7, #1
10003024:	2f00      	cmp	r7, #0
10003026:	d009      	beq.n	1000303c <_ftoa+0x260>
10003028:	aa0c      	add	r2, sp, #48	; 0x30
1000302a:	2130      	movs	r1, #48	; 0x30
1000302c:	5511      	strb	r1, [r2, r4]
1000302e:	001f      	movs	r7, r3
10003030:	3401      	adds	r4, #1
10003032:	e7f4      	b.n	1000301e <_ftoa+0x242>
10003034:	002b      	movs	r3, r5
10003036:	4655      	mov	r5, sl
10003038:	001c      	movs	r4, r3
1000303a:	e7f0      	b.n	1000301e <_ftoa+0x242>
1000303c:	2c1f      	cmp	r4, #31
1000303e:	d803      	bhi.n	10003048 <_ftoa+0x26c>
10003040:	ab0c      	add	r3, sp, #48	; 0x30
10003042:	222e      	movs	r2, #46	; 0x2e
10003044:	551a      	strb	r2, [r3, r4]
10003046:	3401      	adds	r4, #1
10003048:	2c1f      	cmp	r4, #31
1000304a:	d810      	bhi.n	1000306e <_ftoa+0x292>
1000304c:	210a      	movs	r1, #10
1000304e:	0028      	movs	r0, r5
10003050:	f7fe fbce 	bl	100017f0 <__wrap___aeabi_idiv>
10003054:	1c66      	adds	r6, r4, #1
10003056:	3130      	adds	r1, #48	; 0x30
10003058:	ab0c      	add	r3, sp, #48	; 0x30
1000305a:	5519      	strb	r1, [r3, r4]
1000305c:	210a      	movs	r1, #10
1000305e:	0028      	movs	r0, r5
10003060:	f7fe fbc6 	bl	100017f0 <__wrap___aeabi_idiv>
10003064:	1e05      	subs	r5, r0, #0
10003066:	d001      	beq.n	1000306c <_ftoa+0x290>
10003068:	0034      	movs	r4, r6
1000306a:	e7ed      	b.n	10003048 <_ftoa+0x26c>
1000306c:	0034      	movs	r4, r6
1000306e:	2303      	movs	r3, #3
10003070:	9a22      	ldr	r2, [sp, #136]	; 0x88
10003072:	4013      	ands	r3, r2
10003074:	2b01      	cmp	r3, #1
10003076:	d01c      	beq.n	100030b2 <_ftoa+0x2d6>
10003078:	2c1f      	cmp	r4, #31
1000307a:	d806      	bhi.n	1000308a <_ftoa+0x2ae>
1000307c:	4643      	mov	r3, r8
1000307e:	2b00      	cmp	r3, #0
10003080:	d032      	beq.n	100030e8 <_ftoa+0x30c>
10003082:	ab0c      	add	r3, sp, #48	; 0x30
10003084:	222d      	movs	r2, #45	; 0x2d
10003086:	551a      	strb	r2, [r3, r4]
10003088:	3401      	adds	r4, #1
1000308a:	9b22      	ldr	r3, [sp, #136]	; 0x88
1000308c:	9303      	str	r3, [sp, #12]
1000308e:	9b21      	ldr	r3, [sp, #132]	; 0x84
10003090:	9302      	str	r3, [sp, #8]
10003092:	9401      	str	r4, [sp, #4]
10003094:	ab0c      	add	r3, sp, #48	; 0x30
10003096:	9300      	str	r3, [sp, #0]
10003098:	464b      	mov	r3, r9
1000309a:	465a      	mov	r2, fp
1000309c:	9907      	ldr	r1, [sp, #28]
1000309e:	9806      	ldr	r0, [sp, #24]
100030a0:	f7ff fae2 	bl	10002668 <_out_rev>
100030a4:	b015      	add	sp, #84	; 0x54
100030a6:	bcf0      	pop	{r4, r5, r6, r7}
100030a8:	46bb      	mov	fp, r7
100030aa:	46b2      	mov	sl, r6
100030ac:	46a9      	mov	r9, r5
100030ae:	46a0      	mov	r8, r4
100030b0:	bdf0      	pop	{r4, r5, r6, r7, pc}
100030b2:	9b21      	ldr	r3, [sp, #132]	; 0x84
100030b4:	2b00      	cmp	r3, #0
100030b6:	d013      	beq.n	100030e0 <_ftoa+0x304>
100030b8:	4643      	mov	r3, r8
100030ba:	2b00      	cmp	r3, #0
100030bc:	d102      	bne.n	100030c4 <_ftoa+0x2e8>
100030be:	330c      	adds	r3, #12
100030c0:	4213      	tst	r3, r2
100030c2:	d00f      	beq.n	100030e4 <_ftoa+0x308>
100030c4:	9b21      	ldr	r3, [sp, #132]	; 0x84
100030c6:	3b01      	subs	r3, #1
100030c8:	9321      	str	r3, [sp, #132]	; 0x84
100030ca:	0019      	movs	r1, r3
100030cc:	e003      	b.n	100030d6 <_ftoa+0x2fa>
100030ce:	ab0c      	add	r3, sp, #48	; 0x30
100030d0:	2230      	movs	r2, #48	; 0x30
100030d2:	551a      	strb	r2, [r3, r4]
100030d4:	3401      	adds	r4, #1
100030d6:	428c      	cmp	r4, r1
100030d8:	d2ce      	bcs.n	10003078 <_ftoa+0x29c>
100030da:	2c1f      	cmp	r4, #31
100030dc:	d9f7      	bls.n	100030ce <_ftoa+0x2f2>
100030de:	e7cb      	b.n	10003078 <_ftoa+0x29c>
100030e0:	9921      	ldr	r1, [sp, #132]	; 0x84
100030e2:	e7f8      	b.n	100030d6 <_ftoa+0x2fa>
100030e4:	9921      	ldr	r1, [sp, #132]	; 0x84
100030e6:	e7f6      	b.n	100030d6 <_ftoa+0x2fa>
100030e8:	9b22      	ldr	r3, [sp, #136]	; 0x88
100030ea:	075b      	lsls	r3, r3, #29
100030ec:	d504      	bpl.n	100030f8 <_ftoa+0x31c>
100030ee:	ab0c      	add	r3, sp, #48	; 0x30
100030f0:	222b      	movs	r2, #43	; 0x2b
100030f2:	551a      	strb	r2, [r3, r4]
100030f4:	3401      	adds	r4, #1
100030f6:	e7c8      	b.n	1000308a <_ftoa+0x2ae>
100030f8:	9b22      	ldr	r3, [sp, #136]	; 0x88
100030fa:	071b      	lsls	r3, r3, #28
100030fc:	d5c5      	bpl.n	1000308a <_ftoa+0x2ae>
100030fe:	ab0c      	add	r3, sp, #48	; 0x30
10003100:	2220      	movs	r2, #32
10003102:	551a      	strb	r2, [r3, r4]
10003104:	3401      	adds	r4, #1
10003106:	e7c0      	b.n	1000308a <_ftoa+0x2ae>
10003108:	ffefffff 	.word	0xffefffff
1000310c:	7fefffff 	.word	0x7fefffff
10003110:	41cdcd65 	.word	0x41cdcd65
10003114:	c1cdcd65 	.word	0xc1cdcd65
10003118:	1000464c 	.word	0x1000464c
1000311c:	10004650 	.word	0x10004650
10003120:	10004644 	.word	0x10004644
10003124:	10004640 	.word	0x10004640
10003128:	10004838 	.word	0x10004838
1000312c:	3fe00000 	.word	0x3fe00000

10003130 <_vsnprintf>:
10003130:	b5f0      	push	{r4, r5, r6, r7, lr}
10003132:	46de      	mov	lr, fp
10003134:	4657      	mov	r7, sl
10003136:	464e      	mov	r6, r9
10003138:	4645      	mov	r5, r8
1000313a:	b5e0      	push	{r5, r6, r7, lr}
1000313c:	b093      	sub	sp, #76	; 0x4c
1000313e:	4682      	mov	sl, r0
10003140:	468b      	mov	fp, r1
10003142:	4690      	mov	r8, r2
10003144:	9311      	str	r3, [sp, #68]	; 0x44
10003146:	2900      	cmp	r1, #0
10003148:	d100      	bne.n	1000314c <_vsnprintf+0x1c>
1000314a:	e2eb      	b.n	10003724 <_vsnprintf+0x5f4>
1000314c:	2700      	movs	r7, #0
1000314e:	4655      	mov	r5, sl
10003150:	9b11      	ldr	r3, [sp, #68]	; 0x44
10003152:	7818      	ldrb	r0, [r3, #0]
10003154:	2800      	cmp	r0, #0
10003156:	d100      	bne.n	1000315a <_vsnprintf+0x2a>
10003158:	e2e7      	b.n	1000372a <_vsnprintf+0x5fa>
1000315a:	2825      	cmp	r0, #37	; 0x25
1000315c:	d009      	beq.n	10003172 <_vsnprintf+0x42>
1000315e:	1c7c      	adds	r4, r7, #1
10003160:	4643      	mov	r3, r8
10003162:	003a      	movs	r2, r7
10003164:	4659      	mov	r1, fp
10003166:	47a8      	blx	r5
10003168:	9b11      	ldr	r3, [sp, #68]	; 0x44
1000316a:	3301      	adds	r3, #1
1000316c:	9311      	str	r3, [sp, #68]	; 0x44
1000316e:	0027      	movs	r7, r4
10003170:	e7ee      	b.n	10003150 <_vsnprintf+0x20>
10003172:	3301      	adds	r3, #1
10003174:	9311      	str	r3, [sp, #68]	; 0x44
10003176:	2400      	movs	r4, #0
10003178:	9a11      	ldr	r2, [sp, #68]	; 0x44
1000317a:	7811      	ldrb	r1, [r2, #0]
1000317c:	000b      	movs	r3, r1
1000317e:	3b20      	subs	r3, #32
10003180:	b2d8      	uxtb	r0, r3
10003182:	2810      	cmp	r0, #16
10003184:	d803      	bhi.n	1000318e <_vsnprintf+0x5e>
10003186:	0083      	lsls	r3, r0, #2
10003188:	48d0      	ldr	r0, [pc, #832]	; (100034cc <_vsnprintf+0x39c>)
1000318a:	58c3      	ldr	r3, [r0, r3]
1000318c:	469f      	mov	pc, r3
1000318e:	000b      	movs	r3, r1
10003190:	3b30      	subs	r3, #48	; 0x30
10003192:	b2db      	uxtb	r3, r3
10003194:	2b09      	cmp	r3, #9
10003196:	d92c      	bls.n	100031f2 <_vsnprintf+0xc2>
10003198:	292a      	cmp	r1, #42	; 0x2a
1000319a:	d02f      	beq.n	100031fc <_vsnprintf+0xcc>
1000319c:	2300      	movs	r3, #0
1000319e:	930a      	str	r3, [sp, #40]	; 0x28
100031a0:	9b11      	ldr	r3, [sp, #68]	; 0x44
100031a2:	781a      	ldrb	r2, [r3, #0]
100031a4:	2a2e      	cmp	r2, #46	; 0x2e
100031a6:	d039      	beq.n	1000321c <_vsnprintf+0xec>
100031a8:	2300      	movs	r3, #0
100031aa:	469a      	mov	sl, r3
100031ac:	9a11      	ldr	r2, [sp, #68]	; 0x44
100031ae:	7813      	ldrb	r3, [r2, #0]
100031b0:	3b68      	subs	r3, #104	; 0x68
100031b2:	b2d9      	uxtb	r1, r3
100031b4:	2912      	cmp	r1, #18
100031b6:	d876      	bhi.n	100032a6 <_vsnprintf+0x176>
100031b8:	008b      	lsls	r3, r1, #2
100031ba:	49c5      	ldr	r1, [pc, #788]	; (100034d0 <_vsnprintf+0x3a0>)
100031bc:	58cb      	ldr	r3, [r1, r3]
100031be:	469f      	mov	pc, r3
100031c0:	2301      	movs	r3, #1
100031c2:	431c      	orrs	r4, r3
100031c4:	3201      	adds	r2, #1
100031c6:	9211      	str	r2, [sp, #68]	; 0x44
100031c8:	e7d6      	b.n	10003178 <_vsnprintf+0x48>
100031ca:	2302      	movs	r3, #2
100031cc:	431c      	orrs	r4, r3
100031ce:	3201      	adds	r2, #1
100031d0:	9211      	str	r2, [sp, #68]	; 0x44
100031d2:	e7d1      	b.n	10003178 <_vsnprintf+0x48>
100031d4:	2304      	movs	r3, #4
100031d6:	431c      	orrs	r4, r3
100031d8:	3201      	adds	r2, #1
100031da:	9211      	str	r2, [sp, #68]	; 0x44
100031dc:	e7cc      	b.n	10003178 <_vsnprintf+0x48>
100031de:	2308      	movs	r3, #8
100031e0:	431c      	orrs	r4, r3
100031e2:	3201      	adds	r2, #1
100031e4:	9211      	str	r2, [sp, #68]	; 0x44
100031e6:	e7c7      	b.n	10003178 <_vsnprintf+0x48>
100031e8:	2310      	movs	r3, #16
100031ea:	431c      	orrs	r4, r3
100031ec:	3201      	adds	r2, #1
100031ee:	9211      	str	r2, [sp, #68]	; 0x44
100031f0:	e7c2      	b.n	10003178 <_vsnprintf+0x48>
100031f2:	a811      	add	r0, sp, #68	; 0x44
100031f4:	f7ff fa26 	bl	10002644 <_atoi>
100031f8:	900a      	str	r0, [sp, #40]	; 0x28
100031fa:	e7d1      	b.n	100031a0 <_vsnprintf+0x70>
100031fc:	9b1c      	ldr	r3, [sp, #112]	; 0x70
100031fe:	1d1a      	adds	r2, r3, #4
10003200:	921c      	str	r2, [sp, #112]	; 0x70
10003202:	6818      	ldr	r0, [r3, #0]
10003204:	2800      	cmp	r0, #0
10003206:	db04      	blt.n	10003212 <_vsnprintf+0xe2>
10003208:	900a      	str	r0, [sp, #40]	; 0x28
1000320a:	9b11      	ldr	r3, [sp, #68]	; 0x44
1000320c:	3301      	adds	r3, #1
1000320e:	9311      	str	r3, [sp, #68]	; 0x44
10003210:	e7c6      	b.n	100031a0 <_vsnprintf+0x70>
10003212:	2302      	movs	r3, #2
10003214:	431c      	orrs	r4, r3
10003216:	4243      	negs	r3, r0
10003218:	930a      	str	r3, [sp, #40]	; 0x28
1000321a:	e7f6      	b.n	1000320a <_vsnprintf+0xda>
1000321c:	2280      	movs	r2, #128	; 0x80
1000321e:	00d2      	lsls	r2, r2, #3
10003220:	4314      	orrs	r4, r2
10003222:	1c5a      	adds	r2, r3, #1
10003224:	9211      	str	r2, [sp, #68]	; 0x44
10003226:	785a      	ldrb	r2, [r3, #1]
10003228:	0013      	movs	r3, r2
1000322a:	3b30      	subs	r3, #48	; 0x30
1000322c:	b2db      	uxtb	r3, r3
1000322e:	2b09      	cmp	r3, #9
10003230:	d904      	bls.n	1000323c <_vsnprintf+0x10c>
10003232:	2a2a      	cmp	r2, #42	; 0x2a
10003234:	d007      	beq.n	10003246 <_vsnprintf+0x116>
10003236:	2300      	movs	r3, #0
10003238:	469a      	mov	sl, r3
1000323a:	e7b7      	b.n	100031ac <_vsnprintf+0x7c>
1000323c:	a811      	add	r0, sp, #68	; 0x44
1000323e:	f7ff fa01 	bl	10002644 <_atoi>
10003242:	4682      	mov	sl, r0
10003244:	e7b2      	b.n	100031ac <_vsnprintf+0x7c>
10003246:	9b1c      	ldr	r3, [sp, #112]	; 0x70
10003248:	1d1a      	adds	r2, r3, #4
1000324a:	921c      	str	r2, [sp, #112]	; 0x70
1000324c:	6818      	ldr	r0, [r3, #0]
1000324e:	2800      	cmp	r0, #0
10003250:	db04      	blt.n	1000325c <_vsnprintf+0x12c>
10003252:	4682      	mov	sl, r0
10003254:	9b11      	ldr	r3, [sp, #68]	; 0x44
10003256:	3301      	adds	r3, #1
10003258:	9311      	str	r3, [sp, #68]	; 0x44
1000325a:	e7a7      	b.n	100031ac <_vsnprintf+0x7c>
1000325c:	2000      	movs	r0, #0
1000325e:	e7f8      	b.n	10003252 <_vsnprintf+0x122>
10003260:	2380      	movs	r3, #128	; 0x80
10003262:	005b      	lsls	r3, r3, #1
10003264:	4323      	orrs	r3, r4
10003266:	1c51      	adds	r1, r2, #1
10003268:	9111      	str	r1, [sp, #68]	; 0x44
1000326a:	7852      	ldrb	r2, [r2, #1]
1000326c:	2a6c      	cmp	r2, #108	; 0x6c
1000326e:	d001      	beq.n	10003274 <_vsnprintf+0x144>
10003270:	001c      	movs	r4, r3
10003272:	e018      	b.n	100032a6 <_vsnprintf+0x176>
10003274:	23c0      	movs	r3, #192	; 0xc0
10003276:	009b      	lsls	r3, r3, #2
10003278:	431c      	orrs	r4, r3
1000327a:	3101      	adds	r1, #1
1000327c:	9111      	str	r1, [sp, #68]	; 0x44
1000327e:	e012      	b.n	100032a6 <_vsnprintf+0x176>
10003280:	2380      	movs	r3, #128	; 0x80
10003282:	4323      	orrs	r3, r4
10003284:	1c51      	adds	r1, r2, #1
10003286:	9111      	str	r1, [sp, #68]	; 0x44
10003288:	7852      	ldrb	r2, [r2, #1]
1000328a:	2a68      	cmp	r2, #104	; 0x68
1000328c:	d001      	beq.n	10003292 <_vsnprintf+0x162>
1000328e:	001c      	movs	r4, r3
10003290:	e009      	b.n	100032a6 <_vsnprintf+0x176>
10003292:	23c0      	movs	r3, #192	; 0xc0
10003294:	431c      	orrs	r4, r3
10003296:	3101      	adds	r1, #1
10003298:	9111      	str	r1, [sp, #68]	; 0x44
1000329a:	e004      	b.n	100032a6 <_vsnprintf+0x176>
1000329c:	2380      	movs	r3, #128	; 0x80
1000329e:	005b      	lsls	r3, r3, #1
100032a0:	431c      	orrs	r4, r3
100032a2:	3201      	adds	r2, #1
100032a4:	9211      	str	r2, [sp, #68]	; 0x44
100032a6:	9b11      	ldr	r3, [sp, #68]	; 0x44
100032a8:	7818      	ldrb	r0, [r3, #0]
100032aa:	0003      	movs	r3, r0
100032ac:	3b25      	subs	r3, #37	; 0x25
100032ae:	b2da      	uxtb	r2, r3
100032b0:	2a53      	cmp	r2, #83	; 0x53
100032b2:	d900      	bls.n	100032b6 <_vsnprintf+0x186>
100032b4:	e22c      	b.n	10003710 <_vsnprintf+0x5e0>
100032b6:	0093      	lsls	r3, r2, #2
100032b8:	4a86      	ldr	r2, [pc, #536]	; (100034d4 <_vsnprintf+0x3a4>)
100032ba:	58d3      	ldr	r3, [r2, r3]
100032bc:	469f      	mov	pc, r3
100032be:	2380      	movs	r3, #128	; 0x80
100032c0:	009b      	lsls	r3, r3, #2
100032c2:	431c      	orrs	r4, r3
100032c4:	3201      	adds	r2, #1
100032c6:	9211      	str	r2, [sp, #68]	; 0x44
100032c8:	e7ed      	b.n	100032a6 <_vsnprintf+0x176>
100032ca:	2380      	movs	r3, #128	; 0x80
100032cc:	005b      	lsls	r3, r3, #1
100032ce:	431c      	orrs	r4, r3
100032d0:	3201      	adds	r2, #1
100032d2:	9211      	str	r2, [sp, #68]	; 0x44
100032d4:	e7e7      	b.n	100032a6 <_vsnprintf+0x176>
100032d6:	2878      	cmp	r0, #120	; 0x78
100032d8:	d009      	beq.n	100032ee <_vsnprintf+0x1be>
100032da:	2858      	cmp	r0, #88	; 0x58
100032dc:	d038      	beq.n	10003350 <_vsnprintf+0x220>
100032de:	286f      	cmp	r0, #111	; 0x6f
100032e0:	d038      	beq.n	10003354 <_vsnprintf+0x224>
100032e2:	2862      	cmp	r0, #98	; 0x62
100032e4:	d038      	beq.n	10003358 <_vsnprintf+0x228>
100032e6:	2310      	movs	r3, #16
100032e8:	439c      	bics	r4, r3
100032ea:	260a      	movs	r6, #10
100032ec:	e000      	b.n	100032f0 <_vsnprintf+0x1c0>
100032ee:	2610      	movs	r6, #16
100032f0:	2858      	cmp	r0, #88	; 0x58
100032f2:	d033      	beq.n	1000335c <_vsnprintf+0x22c>
100032f4:	2869      	cmp	r0, #105	; 0x69
100032f6:	d003      	beq.n	10003300 <_vsnprintf+0x1d0>
100032f8:	2864      	cmp	r0, #100	; 0x64
100032fa:	d001      	beq.n	10003300 <_vsnprintf+0x1d0>
100032fc:	220c      	movs	r2, #12
100032fe:	4394      	bics	r4, r2
10003300:	0563      	lsls	r3, r4, #21
10003302:	d501      	bpl.n	10003308 <_vsnprintf+0x1d8>
10003304:	2201      	movs	r2, #1
10003306:	4394      	bics	r4, r2
10003308:	2869      	cmp	r0, #105	; 0x69
1000330a:	d02a      	beq.n	10003362 <_vsnprintf+0x232>
1000330c:	2864      	cmp	r0, #100	; 0x64
1000330e:	d028      	beq.n	10003362 <_vsnprintf+0x232>
10003310:	05a3      	lsls	r3, r4, #22
10003312:	d500      	bpl.n	10003316 <_vsnprintf+0x1e6>
10003314:	e09f      	b.n	10003456 <_vsnprintf+0x326>
10003316:	05e3      	lsls	r3, r4, #23
10003318:	d500      	bpl.n	1000331c <_vsnprintf+0x1ec>
1000331a:	e0b8      	b.n	1000348e <_vsnprintf+0x35e>
1000331c:	0663      	lsls	r3, r4, #25
1000331e:	d400      	bmi.n	10003322 <_vsnprintf+0x1f2>
10003320:	e0ca      	b.n	100034b8 <_vsnprintf+0x388>
10003322:	9a1c      	ldr	r2, [sp, #112]	; 0x70
10003324:	1d11      	adds	r1, r2, #4
10003326:	911c      	str	r1, [sp, #112]	; 0x70
10003328:	6811      	ldr	r1, [r2, #0]
1000332a:	22ff      	movs	r2, #255	; 0xff
1000332c:	400a      	ands	r2, r1
1000332e:	9405      	str	r4, [sp, #20]
10003330:	9b0a      	ldr	r3, [sp, #40]	; 0x28
10003332:	9304      	str	r3, [sp, #16]
10003334:	4653      	mov	r3, sl
10003336:	9303      	str	r3, [sp, #12]
10003338:	9602      	str	r6, [sp, #8]
1000333a:	2300      	movs	r3, #0
1000333c:	9301      	str	r3, [sp, #4]
1000333e:	9200      	str	r2, [sp, #0]
10003340:	4643      	mov	r3, r8
10003342:	003a      	movs	r2, r7
10003344:	4659      	mov	r1, fp
10003346:	0028      	movs	r0, r5
10003348:	f7ff fa6e 	bl	10002828 <_ntoa_long>
1000334c:	0007      	movs	r7, r0
1000334e:	e027      	b.n	100033a0 <_vsnprintf+0x270>
10003350:	2610      	movs	r6, #16
10003352:	e7cd      	b.n	100032f0 <_vsnprintf+0x1c0>
10003354:	2608      	movs	r6, #8
10003356:	e7cb      	b.n	100032f0 <_vsnprintf+0x1c0>
10003358:	2602      	movs	r6, #2
1000335a:	e7c9      	b.n	100032f0 <_vsnprintf+0x1c0>
1000335c:	2220      	movs	r2, #32
1000335e:	4314      	orrs	r4, r2
10003360:	e7c8      	b.n	100032f4 <_vsnprintf+0x1c4>
10003362:	05a3      	lsls	r3, r4, #22
10003364:	d420      	bmi.n	100033a8 <_vsnprintf+0x278>
10003366:	05e3      	lsls	r3, r4, #23
10003368:	d450      	bmi.n	1000340c <_vsnprintf+0x2dc>
1000336a:	0663      	lsls	r3, r4, #25
1000336c:	d566      	bpl.n	1000343c <_vsnprintf+0x30c>
1000336e:	9a1c      	ldr	r2, [sp, #112]	; 0x70
10003370:	1d11      	adds	r1, r2, #4
10003372:	911c      	str	r1, [sp, #112]	; 0x70
10003374:	6811      	ldr	r1, [r2, #0]
10003376:	22ff      	movs	r2, #255	; 0xff
10003378:	400a      	ands	r2, r1
1000337a:	17d3      	asrs	r3, r2, #31
1000337c:	18d1      	adds	r1, r2, r3
1000337e:	4059      	eors	r1, r3
10003380:	9405      	str	r4, [sp, #20]
10003382:	9b0a      	ldr	r3, [sp, #40]	; 0x28
10003384:	9304      	str	r3, [sp, #16]
10003386:	4653      	mov	r3, sl
10003388:	9303      	str	r3, [sp, #12]
1000338a:	9602      	str	r6, [sp, #8]
1000338c:	0fd2      	lsrs	r2, r2, #31
1000338e:	9201      	str	r2, [sp, #4]
10003390:	9100      	str	r1, [sp, #0]
10003392:	4643      	mov	r3, r8
10003394:	003a      	movs	r2, r7
10003396:	4659      	mov	r1, fp
10003398:	0028      	movs	r0, r5
1000339a:	f7ff fa45 	bl	10002828 <_ntoa_long>
1000339e:	0007      	movs	r7, r0
100033a0:	9b11      	ldr	r3, [sp, #68]	; 0x44
100033a2:	3301      	adds	r3, #1
100033a4:	9311      	str	r3, [sp, #68]	; 0x44
100033a6:	e6d3      	b.n	10003150 <_vsnprintf+0x20>
100033a8:	9b1c      	ldr	r3, [sp, #112]	; 0x70
100033aa:	1dda      	adds	r2, r3, #7
100033ac:	2107      	movs	r1, #7
100033ae:	438a      	bics	r2, r1
100033b0:	0011      	movs	r1, r2
100033b2:	3108      	adds	r1, #8
100033b4:	911c      	str	r1, [sp, #112]	; 0x70
100033b6:	6811      	ldr	r1, [r2, #0]
100033b8:	6853      	ldr	r3, [r2, #4]
100033ba:	469c      	mov	ip, r3
100033bc:	17db      	asrs	r3, r3, #31
100033be:	930c      	str	r3, [sp, #48]	; 0x30
100033c0:	930d      	str	r3, [sp, #52]	; 0x34
100033c2:	9a0c      	ldr	r2, [sp, #48]	; 0x30
100033c4:	9b0d      	ldr	r3, [sp, #52]	; 0x34
100033c6:	0010      	movs	r0, r2
100033c8:	4048      	eors	r0, r1
100033ca:	900e      	str	r0, [sp, #56]	; 0x38
100033cc:	4662      	mov	r2, ip
100033ce:	4053      	eors	r3, r2
100033d0:	930f      	str	r3, [sp, #60]	; 0x3c
100033d2:	980e      	ldr	r0, [sp, #56]	; 0x38
100033d4:	990f      	ldr	r1, [sp, #60]	; 0x3c
100033d6:	9a0c      	ldr	r2, [sp, #48]	; 0x30
100033d8:	9b0d      	ldr	r3, [sp, #52]	; 0x34
100033da:	1a80      	subs	r0, r0, r2
100033dc:	4199      	sbcs	r1, r3
100033de:	900e      	str	r0, [sp, #56]	; 0x38
100033e0:	910f      	str	r1, [sp, #60]	; 0x3c
100033e2:	9408      	str	r4, [sp, #32]
100033e4:	9b0a      	ldr	r3, [sp, #40]	; 0x28
100033e6:	9307      	str	r3, [sp, #28]
100033e8:	4653      	mov	r3, sl
100033ea:	9306      	str	r3, [sp, #24]
100033ec:	9604      	str	r6, [sp, #16]
100033ee:	2300      	movs	r3, #0
100033f0:	9305      	str	r3, [sp, #20]
100033f2:	4663      	mov	r3, ip
100033f4:	0fda      	lsrs	r2, r3, #31
100033f6:	9202      	str	r2, [sp, #8]
100033f8:	9000      	str	r0, [sp, #0]
100033fa:	9101      	str	r1, [sp, #4]
100033fc:	4643      	mov	r3, r8
100033fe:	003a      	movs	r2, r7
10003400:	4659      	mov	r1, fp
10003402:	0028      	movs	r0, r5
10003404:	f7ff fa6e 	bl	100028e4 <_ntoa_long_long>
10003408:	0007      	movs	r7, r0
1000340a:	e7c9      	b.n	100033a0 <_vsnprintf+0x270>
1000340c:	9a1c      	ldr	r2, [sp, #112]	; 0x70
1000340e:	1d11      	adds	r1, r2, #4
10003410:	911c      	str	r1, [sp, #112]	; 0x70
10003412:	6812      	ldr	r2, [r2, #0]
10003414:	17d3      	asrs	r3, r2, #31
10003416:	18d1      	adds	r1, r2, r3
10003418:	4059      	eors	r1, r3
1000341a:	9405      	str	r4, [sp, #20]
1000341c:	9b0a      	ldr	r3, [sp, #40]	; 0x28
1000341e:	9304      	str	r3, [sp, #16]
10003420:	4653      	mov	r3, sl
10003422:	9303      	str	r3, [sp, #12]
10003424:	9602      	str	r6, [sp, #8]
10003426:	0fd2      	lsrs	r2, r2, #31
10003428:	9201      	str	r2, [sp, #4]
1000342a:	9100      	str	r1, [sp, #0]
1000342c:	4643      	mov	r3, r8
1000342e:	003a      	movs	r2, r7
10003430:	4659      	mov	r1, fp
10003432:	0028      	movs	r0, r5
10003434:	f7ff f9f8 	bl	10002828 <_ntoa_long>
10003438:	0007      	movs	r7, r0
1000343a:	e7b1      	b.n	100033a0 <_vsnprintf+0x270>
1000343c:	0623      	lsls	r3, r4, #24
1000343e:	d505      	bpl.n	1000344c <_vsnprintf+0x31c>
10003440:	9a1c      	ldr	r2, [sp, #112]	; 0x70
10003442:	1d11      	adds	r1, r2, #4
10003444:	911c      	str	r1, [sp, #112]	; 0x70
10003446:	2300      	movs	r3, #0
10003448:	5ed2      	ldrsh	r2, [r2, r3]
1000344a:	e796      	b.n	1000337a <_vsnprintf+0x24a>
1000344c:	9a1c      	ldr	r2, [sp, #112]	; 0x70
1000344e:	1d11      	adds	r1, r2, #4
10003450:	911c      	str	r1, [sp, #112]	; 0x70
10003452:	6812      	ldr	r2, [r2, #0]
10003454:	e791      	b.n	1000337a <_vsnprintf+0x24a>
10003456:	9b1c      	ldr	r3, [sp, #112]	; 0x70
10003458:	1dda      	adds	r2, r3, #7
1000345a:	2107      	movs	r1, #7
1000345c:	438a      	bics	r2, r1
1000345e:	0011      	movs	r1, r2
10003460:	3108      	adds	r1, #8
10003462:	911c      	str	r1, [sp, #112]	; 0x70
10003464:	9408      	str	r4, [sp, #32]
10003466:	9b0a      	ldr	r3, [sp, #40]	; 0x28
10003468:	9307      	str	r3, [sp, #28]
1000346a:	4653      	mov	r3, sl
1000346c:	9306      	str	r3, [sp, #24]
1000346e:	9604      	str	r6, [sp, #16]
10003470:	2300      	movs	r3, #0
10003472:	9305      	str	r3, [sp, #20]
10003474:	9302      	str	r3, [sp, #8]
10003476:	6813      	ldr	r3, [r2, #0]
10003478:	6854      	ldr	r4, [r2, #4]
1000347a:	9300      	str	r3, [sp, #0]
1000347c:	9401      	str	r4, [sp, #4]
1000347e:	4643      	mov	r3, r8
10003480:	003a      	movs	r2, r7
10003482:	4659      	mov	r1, fp
10003484:	0028      	movs	r0, r5
10003486:	f7ff fa2d 	bl	100028e4 <_ntoa_long_long>
1000348a:	0007      	movs	r7, r0
1000348c:	e788      	b.n	100033a0 <_vsnprintf+0x270>
1000348e:	9a1c      	ldr	r2, [sp, #112]	; 0x70
10003490:	1d11      	adds	r1, r2, #4
10003492:	911c      	str	r1, [sp, #112]	; 0x70
10003494:	9405      	str	r4, [sp, #20]
10003496:	9b0a      	ldr	r3, [sp, #40]	; 0x28
10003498:	9304      	str	r3, [sp, #16]
1000349a:	4653      	mov	r3, sl
1000349c:	9303      	str	r3, [sp, #12]
1000349e:	9602      	str	r6, [sp, #8]
100034a0:	2300      	movs	r3, #0
100034a2:	9301      	str	r3, [sp, #4]
100034a4:	6813      	ldr	r3, [r2, #0]
100034a6:	9300      	str	r3, [sp, #0]
100034a8:	4643      	mov	r3, r8
100034aa:	003a      	movs	r2, r7
100034ac:	4659      	mov	r1, fp
100034ae:	0028      	movs	r0, r5
100034b0:	f7ff f9ba 	bl	10002828 <_ntoa_long>
100034b4:	0007      	movs	r7, r0
100034b6:	e773      	b.n	100033a0 <_vsnprintf+0x270>
100034b8:	0623      	lsls	r3, r4, #24
100034ba:	d50d      	bpl.n	100034d8 <_vsnprintf+0x3a8>
100034bc:	9a1c      	ldr	r2, [sp, #112]	; 0x70
100034be:	1d11      	adds	r1, r2, #4
100034c0:	911c      	str	r1, [sp, #112]	; 0x70
100034c2:	6812      	ldr	r2, [r2, #0]
100034c4:	0412      	lsls	r2, r2, #16
100034c6:	0c12      	lsrs	r2, r2, #16
100034c8:	e731      	b.n	1000332e <_vsnprintf+0x1fe>
100034ca:	46c0      	nop			; (mov r8, r8)
100034cc:	10004658 	.word	0x10004658
100034d0:	1000469c 	.word	0x1000469c
100034d4:	100046e8 	.word	0x100046e8
100034d8:	9a1c      	ldr	r2, [sp, #112]	; 0x70
100034da:	1d11      	adds	r1, r2, #4
100034dc:	911c      	str	r1, [sp, #112]	; 0x70
100034de:	6812      	ldr	r2, [r2, #0]
100034e0:	e725      	b.n	1000332e <_vsnprintf+0x1fe>
100034e2:	2846      	cmp	r0, #70	; 0x46
100034e4:	d01a      	beq.n	1000351c <_vsnprintf+0x3ec>
100034e6:	9b1c      	ldr	r3, [sp, #112]	; 0x70
100034e8:	3307      	adds	r3, #7
100034ea:	2207      	movs	r2, #7
100034ec:	4393      	bics	r3, r2
100034ee:	001a      	movs	r2, r3
100034f0:	3208      	adds	r2, #8
100034f2:	921c      	str	r2, [sp, #112]	; 0x70
100034f4:	9404      	str	r4, [sp, #16]
100034f6:	9a0a      	ldr	r2, [sp, #40]	; 0x28
100034f8:	9203      	str	r2, [sp, #12]
100034fa:	4652      	mov	r2, sl
100034fc:	9202      	str	r2, [sp, #8]
100034fe:	685c      	ldr	r4, [r3, #4]
10003500:	681b      	ldr	r3, [r3, #0]
10003502:	9300      	str	r3, [sp, #0]
10003504:	9401      	str	r4, [sp, #4]
10003506:	4643      	mov	r3, r8
10003508:	003a      	movs	r2, r7
1000350a:	4659      	mov	r1, fp
1000350c:	0028      	movs	r0, r5
1000350e:	f7ff fc65 	bl	10002ddc <_ftoa>
10003512:	0007      	movs	r7, r0
10003514:	9b11      	ldr	r3, [sp, #68]	; 0x44
10003516:	3301      	adds	r3, #1
10003518:	9311      	str	r3, [sp, #68]	; 0x44
1000351a:	e619      	b.n	10003150 <_vsnprintf+0x20>
1000351c:	2320      	movs	r3, #32
1000351e:	431c      	orrs	r4, r3
10003520:	e7e1      	b.n	100034e6 <_vsnprintf+0x3b6>
10003522:	2867      	cmp	r0, #103	; 0x67
10003524:	d001      	beq.n	1000352a <_vsnprintf+0x3fa>
10003526:	2847      	cmp	r0, #71	; 0x47
10003528:	d102      	bne.n	10003530 <_vsnprintf+0x400>
1000352a:	2380      	movs	r3, #128	; 0x80
1000352c:	011b      	lsls	r3, r3, #4
1000352e:	431c      	orrs	r4, r3
10003530:	2845      	cmp	r0, #69	; 0x45
10003532:	d001      	beq.n	10003538 <_vsnprintf+0x408>
10003534:	2847      	cmp	r0, #71	; 0x47
10003536:	d101      	bne.n	1000353c <_vsnprintf+0x40c>
10003538:	2320      	movs	r3, #32
1000353a:	431c      	orrs	r4, r3
1000353c:	9b1c      	ldr	r3, [sp, #112]	; 0x70
1000353e:	3307      	adds	r3, #7
10003540:	2207      	movs	r2, #7
10003542:	4393      	bics	r3, r2
10003544:	001a      	movs	r2, r3
10003546:	3208      	adds	r2, #8
10003548:	921c      	str	r2, [sp, #112]	; 0x70
1000354a:	9404      	str	r4, [sp, #16]
1000354c:	9a0a      	ldr	r2, [sp, #40]	; 0x28
1000354e:	9203      	str	r2, [sp, #12]
10003550:	4652      	mov	r2, sl
10003552:	9202      	str	r2, [sp, #8]
10003554:	685c      	ldr	r4, [r3, #4]
10003556:	681b      	ldr	r3, [r3, #0]
10003558:	9300      	str	r3, [sp, #0]
1000355a:	9401      	str	r4, [sp, #4]
1000355c:	4643      	mov	r3, r8
1000355e:	003a      	movs	r2, r7
10003560:	4659      	mov	r1, fp
10003562:	0028      	movs	r0, r5
10003564:	f7ff fa30 	bl	100029c8 <_etoa>
10003568:	0007      	movs	r7, r0
1000356a:	9b11      	ldr	r3, [sp, #68]	; 0x44
1000356c:	3301      	adds	r3, #1
1000356e:	9311      	str	r3, [sp, #68]	; 0x44
10003570:	e5ee      	b.n	10003150 <_vsnprintf+0x20>
10003572:	2302      	movs	r3, #2
10003574:	001a      	movs	r2, r3
10003576:	4022      	ands	r2, r4
10003578:	4692      	mov	sl, r2
1000357a:	4223      	tst	r3, r4
1000357c:	d01f      	beq.n	100035be <_vsnprintf+0x48e>
1000357e:	2401      	movs	r4, #1
10003580:	9b1c      	ldr	r3, [sp, #112]	; 0x70
10003582:	1d1a      	adds	r2, r3, #4
10003584:	921c      	str	r2, [sp, #112]	; 0x70
10003586:	1c7a      	adds	r2, r7, #1
10003588:	4691      	mov	r9, r2
1000358a:	7818      	ldrb	r0, [r3, #0]
1000358c:	4643      	mov	r3, r8
1000358e:	003a      	movs	r2, r7
10003590:	4659      	mov	r1, fp
10003592:	47a8      	blx	r5
10003594:	4653      	mov	r3, sl
10003596:	2b00      	cmp	r3, #0
10003598:	d116      	bne.n	100035c8 <_vsnprintf+0x498>
1000359a:	9b11      	ldr	r3, [sp, #68]	; 0x44
1000359c:	3301      	adds	r3, #1
1000359e:	9311      	str	r3, [sp, #68]	; 0x44
100035a0:	464f      	mov	r7, r9
100035a2:	e5d5      	b.n	10003150 <_vsnprintf+0x20>
100035a4:	1c56      	adds	r6, r2, #1
100035a6:	4643      	mov	r3, r8
100035a8:	4659      	mov	r1, fp
100035aa:	2020      	movs	r0, #32
100035ac:	47b8      	blx	r7
100035ae:	0023      	movs	r3, r4
100035b0:	0032      	movs	r2, r6
100035b2:	1c5c      	adds	r4, r3, #1
100035b4:	429d      	cmp	r5, r3
100035b6:	d8f5      	bhi.n	100035a4 <_vsnprintf+0x474>
100035b8:	003d      	movs	r5, r7
100035ba:	0017      	movs	r7, r2
100035bc:	e7e0      	b.n	10003580 <_vsnprintf+0x450>
100035be:	2301      	movs	r3, #1
100035c0:	003a      	movs	r2, r7
100035c2:	002f      	movs	r7, r5
100035c4:	9d0a      	ldr	r5, [sp, #40]	; 0x28
100035c6:	e7f4      	b.n	100035b2 <_vsnprintf+0x482>
100035c8:	464a      	mov	r2, r9
100035ca:	46a9      	mov	r9, r5
100035cc:	9d0a      	ldr	r5, [sp, #40]	; 0x28
100035ce:	e006      	b.n	100035de <_vsnprintf+0x4ae>
100035d0:	1c57      	adds	r7, r2, #1
100035d2:	4643      	mov	r3, r8
100035d4:	4659      	mov	r1, fp
100035d6:	2020      	movs	r0, #32
100035d8:	47c8      	blx	r9
100035da:	0034      	movs	r4, r6
100035dc:	003a      	movs	r2, r7
100035de:	1c66      	adds	r6, r4, #1
100035e0:	42a5      	cmp	r5, r4
100035e2:	d8f5      	bhi.n	100035d0 <_vsnprintf+0x4a0>
100035e4:	464d      	mov	r5, r9
100035e6:	4691      	mov	r9, r2
100035e8:	e7d7      	b.n	1000359a <_vsnprintf+0x46a>
100035ea:	9b1c      	ldr	r3, [sp, #112]	; 0x70
100035ec:	1d1a      	adds	r2, r3, #4
100035ee:	921c      	str	r2, [sp, #112]	; 0x70
100035f0:	681b      	ldr	r3, [r3, #0]
100035f2:	4699      	mov	r9, r3
100035f4:	4653      	mov	r3, sl
100035f6:	2b00      	cmp	r3, #0
100035f8:	d100      	bne.n	100035fc <_vsnprintf+0x4cc>
100035fa:	3b01      	subs	r3, #1
100035fc:	464e      	mov	r6, r9
100035fe:	e001      	b.n	10003604 <_vsnprintf+0x4d4>
10003600:	3601      	adds	r6, #1
10003602:	0013      	movs	r3, r2
10003604:	7832      	ldrb	r2, [r6, #0]
10003606:	2a00      	cmp	r2, #0
10003608:	d002      	beq.n	10003610 <_vsnprintf+0x4e0>
1000360a:	1e5a      	subs	r2, r3, #1
1000360c:	2b00      	cmp	r3, #0
1000360e:	d1f7      	bne.n	10003600 <_vsnprintf+0x4d0>
10003610:	464b      	mov	r3, r9
10003612:	1af2      	subs	r2, r6, r3
10003614:	9210      	str	r2, [sp, #64]	; 0x40
10003616:	2380      	movs	r3, #128	; 0x80
10003618:	00db      	lsls	r3, r3, #3
1000361a:	0026      	movs	r6, r4
1000361c:	401e      	ands	r6, r3
1000361e:	421c      	tst	r4, r3
10003620:	d003      	beq.n	1000362a <_vsnprintf+0x4fa>
10003622:	4552      	cmp	r2, sl
10003624:	d901      	bls.n	1000362a <_vsnprintf+0x4fa>
10003626:	4653      	mov	r3, sl
10003628:	9310      	str	r3, [sp, #64]	; 0x40
1000362a:	2302      	movs	r3, #2
1000362c:	001a      	movs	r2, r3
1000362e:	4022      	ands	r2, r4
10003630:	920b      	str	r2, [sp, #44]	; 0x2c
10003632:	4223      	tst	r3, r4
10003634:	d005      	beq.n	10003642 <_vsnprintf+0x512>
10003636:	003a      	movs	r2, r7
10003638:	0037      	movs	r7, r6
1000363a:	464c      	mov	r4, r9
1000363c:	46a9      	mov	r9, r5
1000363e:	4655      	mov	r5, sl
10003640:	e020      	b.n	10003684 <_vsnprintf+0x554>
10003642:	003a      	movs	r2, r7
10003644:	9b10      	ldr	r3, [sp, #64]	; 0x40
10003646:	465f      	mov	r7, fp
10003648:	46b3      	mov	fp, r6
1000364a:	002e      	movs	r6, r5
1000364c:	e006      	b.n	1000365c <_vsnprintf+0x52c>
1000364e:	1c55      	adds	r5, r2, #1
10003650:	4643      	mov	r3, r8
10003652:	0039      	movs	r1, r7
10003654:	2020      	movs	r0, #32
10003656:	47b0      	blx	r6
10003658:	0023      	movs	r3, r4
1000365a:	002a      	movs	r2, r5
1000365c:	1c5c      	adds	r4, r3, #1
1000365e:	990a      	ldr	r1, [sp, #40]	; 0x28
10003660:	4299      	cmp	r1, r3
10003662:	d8f4      	bhi.n	1000364e <_vsnprintf+0x51e>
10003664:	0035      	movs	r5, r6
10003666:	465e      	mov	r6, fp
10003668:	46bb      	mov	fp, r7
1000366a:	9410      	str	r4, [sp, #64]	; 0x40
1000366c:	0037      	movs	r7, r6
1000366e:	464c      	mov	r4, r9
10003670:	46a9      	mov	r9, r5
10003672:	4655      	mov	r5, sl
10003674:	e006      	b.n	10003684 <_vsnprintf+0x554>
10003676:	001d      	movs	r5, r3
10003678:	3401      	adds	r4, #1
1000367a:	1c56      	adds	r6, r2, #1
1000367c:	4643      	mov	r3, r8
1000367e:	4659      	mov	r1, fp
10003680:	47c8      	blx	r9
10003682:	0032      	movs	r2, r6
10003684:	7820      	ldrb	r0, [r4, #0]
10003686:	2800      	cmp	r0, #0
10003688:	d004      	beq.n	10003694 <_vsnprintf+0x564>
1000368a:	2f00      	cmp	r7, #0
1000368c:	d0f4      	beq.n	10003678 <_vsnprintf+0x548>
1000368e:	1e6b      	subs	r3, r5, #1
10003690:	2d00      	cmp	r5, #0
10003692:	d1f0      	bne.n	10003676 <_vsnprintf+0x546>
10003694:	0017      	movs	r7, r2
10003696:	464d      	mov	r5, r9
10003698:	9b0b      	ldr	r3, [sp, #44]	; 0x2c
1000369a:	2b00      	cmp	r3, #0
1000369c:	d103      	bne.n	100036a6 <_vsnprintf+0x576>
1000369e:	9b11      	ldr	r3, [sp, #68]	; 0x44
100036a0:	3301      	adds	r3, #1
100036a2:	9311      	str	r3, [sp, #68]	; 0x44
100036a4:	e554      	b.n	10003150 <_vsnprintf+0x20>
100036a6:	9f0a      	ldr	r7, [sp, #40]	; 0x28
100036a8:	9b10      	ldr	r3, [sp, #64]	; 0x40
100036aa:	e006      	b.n	100036ba <_vsnprintf+0x58a>
100036ac:	1c56      	adds	r6, r2, #1
100036ae:	4643      	mov	r3, r8
100036b0:	4659      	mov	r1, fp
100036b2:	2020      	movs	r0, #32
100036b4:	47a8      	blx	r5
100036b6:	0023      	movs	r3, r4
100036b8:	0032      	movs	r2, r6
100036ba:	1c5c      	adds	r4, r3, #1
100036bc:	429f      	cmp	r7, r3
100036be:	d8f5      	bhi.n	100036ac <_vsnprintf+0x57c>
100036c0:	0017      	movs	r7, r2
100036c2:	e7ec      	b.n	1000369e <_vsnprintf+0x56e>
100036c4:	2321      	movs	r3, #33	; 0x21
100036c6:	431c      	orrs	r4, r3
100036c8:	9b1c      	ldr	r3, [sp, #112]	; 0x70
100036ca:	1d1a      	adds	r2, r3, #4
100036cc:	921c      	str	r2, [sp, #112]	; 0x70
100036ce:	681b      	ldr	r3, [r3, #0]
100036d0:	9300      	str	r3, [sp, #0]
100036d2:	9405      	str	r4, [sp, #20]
100036d4:	2308      	movs	r3, #8
100036d6:	9304      	str	r3, [sp, #16]
100036d8:	4653      	mov	r3, sl
100036da:	9303      	str	r3, [sp, #12]
100036dc:	2310      	movs	r3, #16
100036de:	9302      	str	r3, [sp, #8]
100036e0:	2300      	movs	r3, #0
100036e2:	9301      	str	r3, [sp, #4]
100036e4:	4643      	mov	r3, r8
100036e6:	003a      	movs	r2, r7
100036e8:	4659      	mov	r1, fp
100036ea:	0028      	movs	r0, r5
100036ec:	f7ff f89c 	bl	10002828 <_ntoa_long>
100036f0:	0007      	movs	r7, r0
100036f2:	9b11      	ldr	r3, [sp, #68]	; 0x44
100036f4:	3301      	adds	r3, #1
100036f6:	9311      	str	r3, [sp, #68]	; 0x44
100036f8:	e52a      	b.n	10003150 <_vsnprintf+0x20>
100036fa:	1c7c      	adds	r4, r7, #1
100036fc:	4643      	mov	r3, r8
100036fe:	003a      	movs	r2, r7
10003700:	4659      	mov	r1, fp
10003702:	2025      	movs	r0, #37	; 0x25
10003704:	47a8      	blx	r5
10003706:	9b11      	ldr	r3, [sp, #68]	; 0x44
10003708:	3301      	adds	r3, #1
1000370a:	9311      	str	r3, [sp, #68]	; 0x44
1000370c:	0027      	movs	r7, r4
1000370e:	e51f      	b.n	10003150 <_vsnprintf+0x20>
10003710:	1c7c      	adds	r4, r7, #1
10003712:	4643      	mov	r3, r8
10003714:	003a      	movs	r2, r7
10003716:	4659      	mov	r1, fp
10003718:	47a8      	blx	r5
1000371a:	9b11      	ldr	r3, [sp, #68]	; 0x44
1000371c:	3301      	adds	r3, #1
1000371e:	9311      	str	r3, [sp, #68]	; 0x44
10003720:	0027      	movs	r7, r4
10003722:	e515      	b.n	10003150 <_vsnprintf+0x20>
10003724:	4b0a      	ldr	r3, [pc, #40]	; (10003750 <_vsnprintf+0x620>)
10003726:	469a      	mov	sl, r3
10003728:	e510      	b.n	1000314c <_vsnprintf+0x1c>
1000372a:	46aa      	mov	sl, r5
1000372c:	4547      	cmp	r7, r8
1000372e:	d302      	bcc.n	10003736 <_vsnprintf+0x606>
10003730:	4643      	mov	r3, r8
10003732:	1e5a      	subs	r2, r3, #1
10003734:	e000      	b.n	10003738 <_vsnprintf+0x608>
10003736:	003a      	movs	r2, r7
10003738:	4643      	mov	r3, r8
1000373a:	4659      	mov	r1, fp
1000373c:	2000      	movs	r0, #0
1000373e:	47d0      	blx	sl
10003740:	0038      	movs	r0, r7
10003742:	b013      	add	sp, #76	; 0x4c
10003744:	bcf0      	pop	{r4, r5, r6, r7}
10003746:	46bb      	mov	fp, r7
10003748:	46b2      	mov	sl, r6
1000374a:	46a9      	mov	r9, r5
1000374c:	46a0      	mov	r8, r4
1000374e:	bdf0      	pop	{r4, r5, r6, r7, pc}
10003750:	10002635 	.word	0x10002635

10003754 <vfctprintf>:
10003754:	b500      	push	{lr}
10003756:	b085      	sub	sp, #20
10003758:	9002      	str	r0, [sp, #8]
1000375a:	9103      	str	r1, [sp, #12]
1000375c:	2101      	movs	r1, #1
1000375e:	9300      	str	r3, [sp, #0]
10003760:	0013      	movs	r3, r2
10003762:	424a      	negs	r2, r1
10003764:	a902      	add	r1, sp, #8
10003766:	4802      	ldr	r0, [pc, #8]	; (10003770 <vfctprintf+0x1c>)
10003768:	f7ff fce2 	bl	10003130 <_vsnprintf>
1000376c:	b005      	add	sp, #20
1000376e:	bd00      	pop	{pc}
10003770:	10002637 	.word	0x10002637

10003774 <_exit>:
10003774:	be00      	bkpt	0x0000
10003776:	e7fd      	b.n	10003774 <_exit>

10003778 <exit>:
10003778:	b510      	push	{r4, lr}
1000377a:	f7ff fffb 	bl	10003774 <_exit>
	...

10003780 <__assert_func>:
10003780:	b510      	push	{r4, lr}
10003782:	b082      	sub	sp, #8
10003784:	000c      	movs	r4, r1
10003786:	0019      	movs	r1, r3
10003788:	2a00      	cmp	r2, #0
1000378a:	d00c      	beq.n	100037a6 <__assert_func+0x26>
1000378c:	4b08      	ldr	r3, [pc, #32]	; (100037b0 <__assert_func+0x30>)
1000378e:	2a00      	cmp	r2, #0
10003790:	d00b      	beq.n	100037aa <__assert_func+0x2a>
10003792:	9201      	str	r2, [sp, #4]
10003794:	9300      	str	r3, [sp, #0]
10003796:	0023      	movs	r3, r4
10003798:	0002      	movs	r2, r0
1000379a:	4806      	ldr	r0, [pc, #24]	; (100037b4 <__assert_func+0x34>)
1000379c:	f000 f960 	bl	10003a60 <__wrap_printf>
100037a0:	2001      	movs	r0, #1
100037a2:	f7ff ffe7 	bl	10003774 <_exit>
100037a6:	4b04      	ldr	r3, [pc, #16]	; (100037b8 <__assert_func+0x38>)
100037a8:	e7f1      	b.n	1000378e <__assert_func+0xe>
100037aa:	4a03      	ldr	r2, [pc, #12]	; (100037b8 <__assert_func+0x38>)
100037ac:	e7f1      	b.n	10003792 <__assert_func+0x12>
100037ae:	46c0      	nop			; (mov r8, r8)
100037b0:	10004888 	.word	0x10004888
100037b4:	10004898 	.word	0x10004898
100037b8:	10004894 	.word	0x10004894

100037bc <runtime_init>:
100037bc:	b510      	push	{r4, lr}
100037be:	f3ef 8305 	mrs	r3, IPSR
100037c2:	2b00      	cmp	r3, #0
100037c4:	d000      	beq.n	100037c8 <runtime_init+0xc>
100037c6:	be00      	bkpt	0x0000
100037c8:	f7fd ff0c 	bl	100015e4 <runtime_run_initializers>
100037cc:	4c03      	ldr	r4, [pc, #12]	; (100037dc <runtime_init+0x20>)
100037ce:	e001      	b.n	100037d4 <runtime_init+0x18>
100037d0:	cc08      	ldmia	r4!, {r3}
100037d2:	4798      	blx	r3
100037d4:	4b02      	ldr	r3, [pc, #8]	; (100037e0 <runtime_init+0x24>)
100037d6:	429c      	cmp	r4, r3
100037d8:	d3fa      	bcc.n	100037d0 <runtime_init+0x14>
100037da:	bd10      	pop	{r4, pc}
100037dc:	10003e44 	.word	0x10003e44
100037e0:	10003e48 	.word	0x10003e48

100037e4 <stdio_out_chars_no_crlf>:
100037e4:	b510      	push	{r4, lr}
100037e6:	0003      	movs	r3, r0
100037e8:	0008      	movs	r0, r1
100037ea:	0011      	movs	r1, r2
100037ec:	681b      	ldr	r3, [r3, #0]
100037ee:	4798      	blx	r3
100037f0:	bd10      	pop	{r4, pc}
	...

100037f4 <stdio_out_chars_crlf>:
100037f4:	b5f8      	push	{r3, r4, r5, r6, r7, lr}
100037f6:	0007      	movs	r7, r0
100037f8:	000d      	movs	r5, r1
100037fa:	0016      	movs	r6, r2
100037fc:	7d43      	ldrb	r3, [r0, #21]
100037fe:	2b00      	cmp	r3, #0
10003800:	d002      	beq.n	10003808 <stdio_out_chars_crlf+0x14>
10003802:	2400      	movs	r4, #0
10003804:	2000      	movs	r0, #0
10003806:	e00c      	b.n	10003822 <stdio_out_chars_crlf+0x2e>
10003808:	6803      	ldr	r3, [r0, #0]
1000380a:	0011      	movs	r1, r2
1000380c:	0028      	movs	r0, r5
1000380e:	4798      	blx	r3
10003810:	e02d      	b.n	1000386e <stdio_out_chars_crlf+0x7a>
10003812:	7d3b      	ldrb	r3, [r7, #20]
10003814:	e010      	b.n	10003838 <stdio_out_chars_crlf+0x44>
10003816:	2102      	movs	r1, #2
10003818:	4815      	ldr	r0, [pc, #84]	; (10003870 <stdio_out_chars_crlf+0x7c>)
1000381a:	683b      	ldr	r3, [r7, #0]
1000381c:	4798      	blx	r3
1000381e:	1c60      	adds	r0, r4, #1
10003820:	3401      	adds	r4, #1
10003822:	42b4      	cmp	r4, r6
10003824:	da14      	bge.n	10003850 <stdio_out_chars_crlf+0x5c>
10003826:	2c00      	cmp	r4, #0
10003828:	ddf3      	ble.n	10003812 <stdio_out_chars_crlf+0x1e>
1000382a:	192b      	adds	r3, r5, r4
1000382c:	3b01      	subs	r3, #1
1000382e:	781b      	ldrb	r3, [r3, #0]
10003830:	3b0d      	subs	r3, #13
10003832:	425a      	negs	r2, r3
10003834:	4153      	adcs	r3, r2
10003836:	b2db      	uxtb	r3, r3
10003838:	5d2a      	ldrb	r2, [r5, r4]
1000383a:	2a0a      	cmp	r2, #10
1000383c:	d1f0      	bne.n	10003820 <stdio_out_chars_crlf+0x2c>
1000383e:	2b00      	cmp	r3, #0
10003840:	d1ee      	bne.n	10003820 <stdio_out_chars_crlf+0x2c>
10003842:	42a0      	cmp	r0, r4
10003844:	dae7      	bge.n	10003816 <stdio_out_chars_crlf+0x22>
10003846:	1a21      	subs	r1, r4, r0
10003848:	1828      	adds	r0, r5, r0
1000384a:	683b      	ldr	r3, [r7, #0]
1000384c:	4798      	blx	r3
1000384e:	e7e2      	b.n	10003816 <stdio_out_chars_crlf+0x22>
10003850:	42b0      	cmp	r0, r6
10003852:	da03      	bge.n	1000385c <stdio_out_chars_crlf+0x68>
10003854:	1a31      	subs	r1, r6, r0
10003856:	1828      	adds	r0, r5, r0
10003858:	683b      	ldr	r3, [r7, #0]
1000385a:	4798      	blx	r3
1000385c:	2e00      	cmp	r6, #0
1000385e:	dd06      	ble.n	1000386e <stdio_out_chars_crlf+0x7a>
10003860:	19ad      	adds	r5, r5, r6
10003862:	3d01      	subs	r5, #1
10003864:	782b      	ldrb	r3, [r5, #0]
10003866:	3b0d      	subs	r3, #13
10003868:	425a      	negs	r2, r3
1000386a:	4153      	adcs	r3, r2
1000386c:	753b      	strb	r3, [r7, #20]
1000386e:	bdf8      	pop	{r3, r4, r5, r6, r7, pc}
10003870:	100048c8 	.word	0x100048c8

10003874 <stdio_stack_buffer_flush>:
10003874:	b570      	push	{r4, r5, r6, lr}
10003876:	0005      	movs	r5, r0
10003878:	6803      	ldr	r3, [r0, #0]
1000387a:	2b00      	cmp	r3, #0
1000387c:	d016      	beq.n	100038ac <stdio_stack_buffer_flush+0x38>
1000387e:	4b0c      	ldr	r3, [pc, #48]	; (100038b0 <stdio_stack_buffer_flush+0x3c>)
10003880:	681c      	ldr	r4, [r3, #0]
10003882:	e005      	b.n	10003890 <stdio_stack_buffer_flush+0x1c>
10003884:	0029      	movs	r1, r5
10003886:	c904      	ldmia	r1!, {r2}
10003888:	0020      	movs	r0, r4
1000388a:	f7ff ffb3 	bl	100037f4 <stdio_out_chars_crlf>
1000388e:	6924      	ldr	r4, [r4, #16]
10003890:	2c00      	cmp	r4, #0
10003892:	d009      	beq.n	100038a8 <stdio_stack_buffer_flush+0x34>
10003894:	6823      	ldr	r3, [r4, #0]
10003896:	2b00      	cmp	r3, #0
10003898:	d0f9      	beq.n	1000388e <stdio_stack_buffer_flush+0x1a>
1000389a:	4b06      	ldr	r3, [pc, #24]	; (100038b4 <stdio_stack_buffer_flush+0x40>)
1000389c:	681b      	ldr	r3, [r3, #0]
1000389e:	2b00      	cmp	r3, #0
100038a0:	d0f0      	beq.n	10003884 <stdio_stack_buffer_flush+0x10>
100038a2:	42a3      	cmp	r3, r4
100038a4:	d1f3      	bne.n	1000388e <stdio_stack_buffer_flush+0x1a>
100038a6:	e7ed      	b.n	10003884 <stdio_stack_buffer_flush+0x10>
100038a8:	2300      	movs	r3, #0
100038aa:	602b      	str	r3, [r5, #0]
100038ac:	bd70      	pop	{r4, r5, r6, pc}
100038ae:	46c0      	nop			; (mov r8, r8)
100038b0:	200004b0 	.word	0x200004b0
100038b4:	200004b4 	.word	0x200004b4

100038b8 <stdio_buffered_printer>:
100038b8:	b570      	push	{r4, r5, r6, lr}
100038ba:	0005      	movs	r5, r0
100038bc:	000c      	movs	r4, r1
100038be:	680b      	ldr	r3, [r1, #0]
100038c0:	2b80      	cmp	r3, #128	; 0x80
100038c2:	d005      	beq.n	100038d0 <stdio_buffered_printer+0x18>
100038c4:	6821      	ldr	r1, [r4, #0]
100038c6:	1c4b      	adds	r3, r1, #1
100038c8:	6023      	str	r3, [r4, #0]
100038ca:	1864      	adds	r4, r4, r1
100038cc:	7125      	strb	r5, [r4, #4]
100038ce:	bd70      	pop	{r4, r5, r6, pc}
100038d0:	0008      	movs	r0, r1
100038d2:	f7ff ffcf 	bl	10003874 <stdio_stack_buffer_flush>
100038d6:	e7f5      	b.n	100038c4 <stdio_buffered_printer+0xc>

100038d8 <stdout_serialize_begin>:
100038d8:	b510      	push	{r4, lr}
100038da:	f7fd fc6f 	bl	100011bc <time_us_64>
100038de:	4a07      	ldr	r2, [pc, #28]	; (100038fc <stdout_serialize_begin+0x24>)
100038e0:	2300      	movs	r3, #0
100038e2:	1812      	adds	r2, r2, r0
100038e4:	414b      	adcs	r3, r1
100038e6:	2b00      	cmp	r3, #0
100038e8:	db03      	blt.n	100038f2 <stdout_serialize_begin+0x1a>
100038ea:	4805      	ldr	r0, [pc, #20]	; (10003900 <stdout_serialize_begin+0x28>)
100038ec:	f000 fa84 	bl	10003df8 <__mutex_try_enter_block_until_veneer>
100038f0:	bd10      	pop	{r4, pc}
100038f2:	2201      	movs	r2, #1
100038f4:	4252      	negs	r2, r2
100038f6:	4b03      	ldr	r3, [pc, #12]	; (10003904 <stdout_serialize_begin+0x2c>)
100038f8:	e7f7      	b.n	100038ea <stdout_serialize_begin+0x12>
100038fa:	46c0      	nop			; (mov r8, r8)
100038fc:	000f4240 	.word	0x000f4240
10003900:	200002d8 	.word	0x200002d8
10003904:	7fffffff 	.word	0x7fffffff

10003908 <stdout_serialize_end>:
10003908:	b510      	push	{r4, lr}
1000390a:	4802      	ldr	r0, [pc, #8]	; (10003914 <stdout_serialize_end+0xc>)
1000390c:	f000 fa5c 	bl	10003dc8 <__mutex_exit_veneer>
10003910:	bd10      	pop	{r4, pc}
10003912:	46c0      	nop			; (mov r8, r8)
10003914:	200002d8 	.word	0x200002d8

10003918 <stdio_put_string>:
10003918:	b5f0      	push	{r4, r5, r6, r7, lr}
1000391a:	46ce      	mov	lr, r9
1000391c:	4647      	mov	r7, r8
1000391e:	b580      	push	{r7, lr}
10003920:	b083      	sub	sp, #12
10003922:	0006      	movs	r6, r0
10003924:	000d      	movs	r5, r1
10003926:	4690      	mov	r8, r2
10003928:	001c      	movs	r4, r3
1000392a:	f7ff ffd5 	bl	100038d8 <stdout_serialize_begin>
1000392e:	4681      	mov	r9, r0
10003930:	1c6b      	adds	r3, r5, #1
10003932:	d005      	beq.n	10003940 <stdio_put_string+0x28>
10003934:	2c00      	cmp	r4, #0
10003936:	d008      	beq.n	1000394a <stdio_put_string+0x32>
10003938:	4f18      	ldr	r7, [pc, #96]	; (1000399c <stdio_put_string+0x84>)
1000393a:	4b19      	ldr	r3, [pc, #100]	; (100039a0 <stdio_put_string+0x88>)
1000393c:	681c      	ldr	r4, [r3, #0]
1000393e:	e007      	b.n	10003950 <stdio_put_string+0x38>
10003940:	0030      	movs	r0, r6
10003942:	f000 fa0f 	bl	10003d64 <strlen>
10003946:	0005      	movs	r5, r0
10003948:	e7f4      	b.n	10003934 <stdio_put_string+0x1c>
1000394a:	4f16      	ldr	r7, [pc, #88]	; (100039a4 <stdio_put_string+0x8c>)
1000394c:	e7f5      	b.n	1000393a <stdio_put_string+0x22>
1000394e:	6924      	ldr	r4, [r4, #16]
10003950:	2c00      	cmp	r4, #0
10003952:	d017      	beq.n	10003984 <stdio_put_string+0x6c>
10003954:	6823      	ldr	r3, [r4, #0]
10003956:	2b00      	cmp	r3, #0
10003958:	d0f9      	beq.n	1000394e <stdio_put_string+0x36>
1000395a:	4b13      	ldr	r3, [pc, #76]	; (100039a8 <stdio_put_string+0x90>)
1000395c:	681b      	ldr	r3, [r3, #0]
1000395e:	2b00      	cmp	r3, #0
10003960:	d001      	beq.n	10003966 <stdio_put_string+0x4e>
10003962:	42a3      	cmp	r3, r4
10003964:	d1f3      	bne.n	1000394e <stdio_put_string+0x36>
10003966:	002a      	movs	r2, r5
10003968:	0031      	movs	r1, r6
1000396a:	0020      	movs	r0, r4
1000396c:	47b8      	blx	r7
1000396e:	4643      	mov	r3, r8
10003970:	2b00      	cmp	r3, #0
10003972:	d0ec      	beq.n	1000394e <stdio_put_string+0x36>
10003974:	466b      	mov	r3, sp
10003976:	1dd9      	adds	r1, r3, #7
10003978:	230a      	movs	r3, #10
1000397a:	700b      	strb	r3, [r1, #0]
1000397c:	2201      	movs	r2, #1
1000397e:	0020      	movs	r0, r4
10003980:	47b8      	blx	r7
10003982:	e7e4      	b.n	1000394e <stdio_put_string+0x36>
10003984:	464b      	mov	r3, r9
10003986:	2b00      	cmp	r3, #0
10003988:	d105      	bne.n	10003996 <stdio_put_string+0x7e>
1000398a:	0028      	movs	r0, r5
1000398c:	b003      	add	sp, #12
1000398e:	bcc0      	pop	{r6, r7}
10003990:	46b9      	mov	r9, r7
10003992:	46b0      	mov	r8, r6
10003994:	bdf0      	pop	{r4, r5, r6, r7, pc}
10003996:	f7ff ffb7 	bl	10003908 <stdout_serialize_end>
1000399a:	e7f6      	b.n	1000398a <stdio_put_string+0x72>
1000399c:	100037f5 	.word	0x100037f5
100039a0:	200004b0 	.word	0x200004b0
100039a4:	100037e5 	.word	0x100037e5
100039a8:	200004b4 	.word	0x200004b4

100039ac <stdio_set_driver_enabled>:
100039ac:	4a09      	ldr	r2, [pc, #36]	; (100039d4 <stdio_set_driver_enabled+0x28>)
100039ae:	e001      	b.n	100039b4 <stdio_set_driver_enabled+0x8>
100039b0:	3310      	adds	r3, #16
100039b2:	001a      	movs	r2, r3
100039b4:	6813      	ldr	r3, [r2, #0]
100039b6:	2b00      	cmp	r3, #0
100039b8:	d008      	beq.n	100039cc <stdio_set_driver_enabled+0x20>
100039ba:	4283      	cmp	r3, r0
100039bc:	d1f8      	bne.n	100039b0 <stdio_set_driver_enabled+0x4>
100039be:	2900      	cmp	r1, #0
100039c0:	d107      	bne.n	100039d2 <stdio_set_driver_enabled+0x26>
100039c2:	6903      	ldr	r3, [r0, #16]
100039c4:	6013      	str	r3, [r2, #0]
100039c6:	2300      	movs	r3, #0
100039c8:	6103      	str	r3, [r0, #16]
100039ca:	e002      	b.n	100039d2 <stdio_set_driver_enabled+0x26>
100039cc:	2900      	cmp	r1, #0
100039ce:	d000      	beq.n	100039d2 <stdio_set_driver_enabled+0x26>
100039d0:	6010      	str	r0, [r2, #0]
100039d2:	4770      	bx	lr
100039d4:	200004b0 	.word	0x200004b0

100039d8 <stdio_flush>:
100039d8:	b510      	push	{r4, lr}
100039da:	4b06      	ldr	r3, [pc, #24]	; (100039f4 <stdio_flush+0x1c>)
100039dc:	681c      	ldr	r4, [r3, #0]
100039de:	e001      	b.n	100039e4 <stdio_flush+0xc>
100039e0:	4798      	blx	r3
100039e2:	6924      	ldr	r4, [r4, #16]
100039e4:	2c00      	cmp	r4, #0
100039e6:	d003      	beq.n	100039f0 <stdio_flush+0x18>
100039e8:	6863      	ldr	r3, [r4, #4]
100039ea:	2b00      	cmp	r3, #0
100039ec:	d1f8      	bne.n	100039e0 <stdio_flush+0x8>
100039ee:	e7f8      	b.n	100039e2 <stdio_flush+0xa>
100039f0:	bd10      	pop	{r4, pc}
100039f2:	46c0      	nop			; (mov r8, r8)
100039f4:	200004b0 	.word	0x200004b0

100039f8 <stdio_init_all>:
100039f8:	b510      	push	{r4, lr}
100039fa:	f000 f93d 	bl	10003c78 <stdio_uart_init>
100039fe:	2001      	movs	r0, #1
10003a00:	bd10      	pop	{r4, pc}

10003a02 <__wrap_puts>:
10003a02:	b570      	push	{r4, r5, r6, lr}
10003a04:	0005      	movs	r5, r0
10003a06:	f000 f9ad 	bl	10003d64 <strlen>
10003a0a:	0004      	movs	r4, r0
10003a0c:	2301      	movs	r3, #1
10003a0e:	2201      	movs	r2, #1
10003a10:	0001      	movs	r1, r0
10003a12:	0028      	movs	r0, r5
10003a14:	f7ff ff80 	bl	10003918 <stdio_put_string>
10003a18:	f7ff ffde 	bl	100039d8 <stdio_flush>
10003a1c:	0020      	movs	r0, r4
10003a1e:	bd70      	pop	{r4, r5, r6, pc}

10003a20 <__wrap_vprintf>:
10003a20:	b570      	push	{r4, r5, r6, lr}
10003a22:	b0a2      	sub	sp, #136	; 0x88
10003a24:	0004      	movs	r4, r0
10003a26:	000e      	movs	r6, r1
10003a28:	f7ff ff56 	bl	100038d8 <stdout_serialize_begin>
10003a2c:	0005      	movs	r5, r0
10003a2e:	2300      	movs	r3, #0
10003a30:	9301      	str	r3, [sp, #4]
10003a32:	0033      	movs	r3, r6
10003a34:	0022      	movs	r2, r4
10003a36:	a901      	add	r1, sp, #4
10003a38:	4808      	ldr	r0, [pc, #32]	; (10003a5c <__wrap_vprintf+0x3c>)
10003a3a:	f7ff fe8b 	bl	10003754 <vfctprintf>
10003a3e:	0004      	movs	r4, r0
10003a40:	a801      	add	r0, sp, #4
10003a42:	f7ff ff17 	bl	10003874 <stdio_stack_buffer_flush>
10003a46:	f7ff ffc7 	bl	100039d8 <stdio_flush>
10003a4a:	2d00      	cmp	r5, #0
10003a4c:	d102      	bne.n	10003a54 <__wrap_vprintf+0x34>
10003a4e:	0020      	movs	r0, r4
10003a50:	b022      	add	sp, #136	; 0x88
10003a52:	bd70      	pop	{r4, r5, r6, pc}
10003a54:	f7ff ff58 	bl	10003908 <stdout_serialize_end>
10003a58:	e7f9      	b.n	10003a4e <__wrap_vprintf+0x2e>
10003a5a:	46c0      	nop			; (mov r8, r8)
10003a5c:	100038b9 	.word	0x100038b9

10003a60 <__wrap_printf>:
10003a60:	b40f      	push	{r0, r1, r2, r3}
10003a62:	b500      	push	{lr}
10003a64:	b083      	sub	sp, #12
10003a66:	a904      	add	r1, sp, #16
10003a68:	c901      	ldmia	r1!, {r0}
10003a6a:	9101      	str	r1, [sp, #4]
10003a6c:	f7ff ffd8 	bl	10003a20 <__wrap_vprintf>
10003a70:	b003      	add	sp, #12
10003a72:	bc08      	pop	{r3}
10003a74:	b004      	add	sp, #16
10003a76:	4718      	bx	r3

10003a78 <stdio_uart_out_chars>:
10003a78:	b5f0      	push	{r4, r5, r6, r7, lr}
10003a7a:	b083      	sub	sp, #12
10003a7c:	0005      	movs	r5, r0
10003a7e:	000e      	movs	r6, r1
10003a80:	2400      	movs	r4, #0
10003a82:	e00f      	b.n	10003aa4 <stdio_uart_out_chars+0x2c>
10003a84:	466b      	mov	r3, sp
10003a86:	1dd9      	adds	r1, r3, #7
10003a88:	230d      	movs	r3, #13
10003a8a:	700b      	strb	r3, [r1, #0]
10003a8c:	2000      	movs	r0, #0
10003a8e:	2800      	cmp	r0, #0
10003a90:	d116      	bne.n	10003ac0 <stdio_uart_out_chars+0x48>
10003a92:	6993      	ldr	r3, [r2, #24]
10003a94:	069b      	lsls	r3, r3, #26
10003a96:	d4fc      	bmi.n	10003a92 <stdio_uart_out_chars+0x1a>
10003a98:	780b      	ldrb	r3, [r1, #0]
10003a9a:	6013      	str	r3, [r2, #0]
10003a9c:	3001      	adds	r0, #1
10003a9e:	3101      	adds	r1, #1
10003aa0:	e7f5      	b.n	10003a8e <stdio_uart_out_chars+0x16>
10003aa2:	3401      	adds	r4, #1
10003aa4:	42b4      	cmp	r4, r6
10003aa6:	da19      	bge.n	10003adc <stdio_uart_out_chars+0x64>
10003aa8:	4b0d      	ldr	r3, [pc, #52]	; (10003ae0 <stdio_uart_out_chars+0x68>)
10003aaa:	681a      	ldr	r2, [r3, #0]
10003aac:	5d2f      	ldrb	r7, [r5, r4]
10003aae:	4b0d      	ldr	r3, [pc, #52]	; (10003ae4 <stdio_uart_out_chars+0x6c>)
10003ab0:	18d3      	adds	r3, r2, r3
10003ab2:	4259      	negs	r1, r3
10003ab4:	414b      	adcs	r3, r1
10003ab6:	005b      	lsls	r3, r3, #1
10003ab8:	490b      	ldr	r1, [pc, #44]	; (10003ae8 <stdio_uart_out_chars+0x70>)
10003aba:	5e5b      	ldrsh	r3, [r3, r1]
10003abc:	42bb      	cmp	r3, r7
10003abe:	d0e1      	beq.n	10003a84 <stdio_uart_out_chars+0xc>
10003ac0:	466b      	mov	r3, sp
10003ac2:	1dd9      	adds	r1, r3, #7
10003ac4:	700f      	strb	r7, [r1, #0]
10003ac6:	2000      	movs	r0, #0
10003ac8:	2800      	cmp	r0, #0
10003aca:	d1ea      	bne.n	10003aa2 <stdio_uart_out_chars+0x2a>
10003acc:	6993      	ldr	r3, [r2, #24]
10003ace:	069b      	lsls	r3, r3, #26
10003ad0:	d4fc      	bmi.n	10003acc <stdio_uart_out_chars+0x54>
10003ad2:	780b      	ldrb	r3, [r1, #0]
10003ad4:	6013      	str	r3, [r2, #0]
10003ad6:	3001      	adds	r0, #1
10003ad8:	3101      	adds	r1, #1
10003ada:	e7f5      	b.n	10003ac8 <stdio_uart_out_chars+0x50>
10003adc:	b003      	add	sp, #12
10003ade:	bdf0      	pop	{r4, r5, r6, r7, pc}
10003ae0:	200006d4 	.word	0x200006d4
10003ae4:	bffc8000 	.word	0xbffc8000
10003ae8:	200006d0 	.word	0x200006d0

10003aec <stdio_uart_in_chars>:
10003aec:	b5f0      	push	{r4, r5, r6, r7, lr}
10003aee:	b083      	sub	sp, #12
10003af0:	0006      	movs	r6, r0
10003af2:	000f      	movs	r7, r1
10003af4:	2500      	movs	r5, #0
10003af6:	e004      	b.n	10003b02 <stdio_uart_in_chars+0x16>
10003af8:	466b      	mov	r3, sp
10003afa:	3307      	adds	r3, #7
10003afc:	781b      	ldrb	r3, [r3, #0]
10003afe:	702b      	strb	r3, [r5, #0]
10003b00:	0025      	movs	r5, r4
10003b02:	42bd      	cmp	r5, r7
10003b04:	da15      	bge.n	10003b32 <stdio_uart_in_chars+0x46>
10003b06:	4b16      	ldr	r3, [pc, #88]	; (10003b60 <stdio_uart_in_chars+0x74>)
10003b08:	681a      	ldr	r2, [r3, #0]
10003b0a:	6993      	ldr	r3, [r2, #24]
10003b0c:	2410      	movs	r4, #16
10003b0e:	0021      	movs	r1, r4
10003b10:	4019      	ands	r1, r3
10003b12:	421c      	tst	r4, r3
10003b14:	d10d      	bne.n	10003b32 <stdio_uart_in_chars+0x46>
10003b16:	1c6c      	adds	r4, r5, #1
10003b18:	1975      	adds	r5, r6, r5
10003b1a:	466b      	mov	r3, sp
10003b1c:	1dd8      	adds	r0, r3, #7
10003b1e:	2900      	cmp	r1, #0
10003b20:	d1ea      	bne.n	10003af8 <stdio_uart_in_chars+0xc>
10003b22:	6993      	ldr	r3, [r2, #24]
10003b24:	06db      	lsls	r3, r3, #27
10003b26:	d4fc      	bmi.n	10003b22 <stdio_uart_in_chars+0x36>
10003b28:	6813      	ldr	r3, [r2, #0]
10003b2a:	7003      	strb	r3, [r0, #0]
10003b2c:	3101      	adds	r1, #1
10003b2e:	3001      	adds	r0, #1
10003b30:	e7f5      	b.n	10003b1e <stdio_uart_in_chars+0x32>
10003b32:	4b0c      	ldr	r3, [pc, #48]	; (10003b64 <stdio_uart_in_chars+0x78>)
10003b34:	681b      	ldr	r3, [r3, #0]
10003b36:	2b00      	cmp	r3, #0
10003b38:	d00a      	beq.n	10003b50 <stdio_uart_in_chars+0x64>
10003b3a:	4b09      	ldr	r3, [pc, #36]	; (10003b60 <stdio_uart_in_chars+0x74>)
10003b3c:	681b      	ldr	r3, [r3, #0]
10003b3e:	2250      	movs	r2, #80	; 0x50
10003b40:	639a      	str	r2, [r3, #56]	; 0x38
10003b42:	6b59      	ldr	r1, [r3, #52]	; 0x34
10003b44:	3a18      	subs	r2, #24
10003b46:	400a      	ands	r2, r1
10003b48:	4907      	ldr	r1, [pc, #28]	; (10003b68 <stdio_uart_in_chars+0x7c>)
10003b4a:	468c      	mov	ip, r1
10003b4c:	4463      	add	r3, ip
10003b4e:	601a      	str	r2, [r3, #0]
10003b50:	2d00      	cmp	r5, #0
10003b52:	d002      	beq.n	10003b5a <stdio_uart_in_chars+0x6e>
10003b54:	0028      	movs	r0, r5
10003b56:	b003      	add	sp, #12
10003b58:	bdf0      	pop	{r4, r5, r6, r7, pc}
10003b5a:	3d03      	subs	r5, #3
10003b5c:	e7fa      	b.n	10003b54 <stdio_uart_in_chars+0x68>
10003b5e:	46c0      	nop			; (mov r8, r8)
10003b60:	200006d4 	.word	0x200006d4
10003b64:	2000047c 	.word	0x2000047c
10003b68:	00001034 	.word	0x00001034

10003b6c <on_uart_rx>:
10003b6c:	b510      	push	{r4, lr}
10003b6e:	4b06      	ldr	r3, [pc, #24]	; (10003b88 <on_uart_rx+0x1c>)
10003b70:	681b      	ldr	r3, [r3, #0]
10003b72:	2b00      	cmp	r3, #0
10003b74:	d006      	beq.n	10003b84 <on_uart_rx+0x18>
10003b76:	4a05      	ldr	r2, [pc, #20]	; (10003b8c <on_uart_rx+0x20>)
10003b78:	6812      	ldr	r2, [r2, #0]
10003b7a:	2100      	movs	r1, #0
10003b7c:	6391      	str	r1, [r2, #56]	; 0x38
10003b7e:	4a04      	ldr	r2, [pc, #16]	; (10003b90 <on_uart_rx+0x24>)
10003b80:	6810      	ldr	r0, [r2, #0]
10003b82:	4798      	blx	r3
10003b84:	bd10      	pop	{r4, pc}
10003b86:	46c0      	nop			; (mov r8, r8)
10003b88:	2000047c 	.word	0x2000047c
10003b8c:	200006d4 	.word	0x200006d4
10003b90:	20000480 	.word	0x20000480

10003b94 <stdio_uart_out_flush>:
10003b94:	4b02      	ldr	r3, [pc, #8]	; (10003ba0 <stdio_uart_out_flush+0xc>)
10003b96:	699b      	ldr	r3, [r3, #24]
10003b98:	071b      	lsls	r3, r3, #28
10003b9a:	d4fb      	bmi.n	10003b94 <stdio_uart_out_flush>
10003b9c:	4770      	bx	lr
10003b9e:	46c0      	nop			; (mov r8, r8)
10003ba0:	40034000 	.word	0x40034000

10003ba4 <stdio_uart_set_chars_available_callback>:
10003ba4:	b570      	push	{r4, r5, r6, lr}
10003ba6:	0004      	movs	r4, r0
10003ba8:	000d      	movs	r5, r1
10003baa:	4b1c      	ldr	r3, [pc, #112]	; (10003c1c <stdio_uart_set_chars_available_callback+0x78>)
10003bac:	681b      	ldr	r3, [r3, #0]
10003bae:	4a1c      	ldr	r2, [pc, #112]	; (10003c20 <stdio_uart_set_chars_available_callback+0x7c>)
10003bb0:	4293      	cmp	r3, r2
10003bb2:	d00d      	beq.n	10003bd0 <stdio_uart_set_chars_available_callback+0x2c>
10003bb4:	2614      	movs	r6, #20
10003bb6:	2c00      	cmp	r4, #0
10003bb8:	d003      	beq.n	10003bc2 <stdio_uart_set_chars_available_callback+0x1e>
10003bba:	4a1a      	ldr	r2, [pc, #104]	; (10003c24 <stdio_uart_set_chars_available_callback+0x80>)
10003bbc:	6812      	ldr	r2, [r2, #0]
10003bbe:	2a00      	cmp	r2, #0
10003bc0:	d008      	beq.n	10003bd4 <stdio_uart_set_chars_available_callback+0x30>
10003bc2:	2c00      	cmp	r4, #0
10003bc4:	d01a      	beq.n	10003bfc <stdio_uart_set_chars_available_callback+0x58>
10003bc6:	4b17      	ldr	r3, [pc, #92]	; (10003c24 <stdio_uart_set_chars_available_callback+0x80>)
10003bc8:	601c      	str	r4, [r3, #0]
10003bca:	4b17      	ldr	r3, [pc, #92]	; (10003c28 <stdio_uart_set_chars_available_callback+0x84>)
10003bcc:	601d      	str	r5, [r3, #0]
10003bce:	bd70      	pop	{r4, r5, r6, pc}
10003bd0:	2615      	movs	r6, #21
10003bd2:	e7f0      	b.n	10003bb6 <stdio_uart_set_chars_available_callback+0x12>
10003bd4:	4915      	ldr	r1, [pc, #84]	; (10003c2c <stdio_uart_set_chars_available_callback+0x88>)
10003bd6:	0030      	movs	r0, r6
10003bd8:	f7fc fd42 	bl	10000660 <irq_set_exclusive_handler>
10003bdc:	2101      	movs	r1, #1
10003bde:	0030      	movs	r0, r6
10003be0:	f7fc fd2c 	bl	1000063c <irq_set_enabled>
10003be4:	4b0d      	ldr	r3, [pc, #52]	; (10003c1c <stdio_uart_set_chars_available_callback+0x78>)
10003be6:	681b      	ldr	r3, [r3, #0]
10003be8:	2250      	movs	r2, #80	; 0x50
10003bea:	639a      	str	r2, [r3, #56]	; 0x38
10003bec:	6b59      	ldr	r1, [r3, #52]	; 0x34
10003bee:	3a18      	subs	r2, #24
10003bf0:	400a      	ands	r2, r1
10003bf2:	490f      	ldr	r1, [pc, #60]	; (10003c30 <stdio_uart_set_chars_available_callback+0x8c>)
10003bf4:	468c      	mov	ip, r1
10003bf6:	4463      	add	r3, ip
10003bf8:	601a      	str	r2, [r3, #0]
10003bfa:	e7e4      	b.n	10003bc6 <stdio_uart_set_chars_available_callback+0x22>
10003bfc:	4a09      	ldr	r2, [pc, #36]	; (10003c24 <stdio_uart_set_chars_available_callback+0x80>)
10003bfe:	6812      	ldr	r2, [r2, #0]
10003c00:	2a00      	cmp	r2, #0
10003c02:	d0e0      	beq.n	10003bc6 <stdio_uart_set_chars_available_callback+0x22>
10003c04:	2200      	movs	r2, #0
10003c06:	639a      	str	r2, [r3, #56]	; 0x38
10003c08:	2100      	movs	r1, #0
10003c0a:	0030      	movs	r0, r6
10003c0c:	f7fc fd16 	bl	1000063c <irq_set_enabled>
10003c10:	4906      	ldr	r1, [pc, #24]	; (10003c2c <stdio_uart_set_chars_available_callback+0x88>)
10003c12:	0030      	movs	r0, r6
10003c14:	f7fc fd4e 	bl	100006b4 <irq_remove_handler>
10003c18:	e7d5      	b.n	10003bc6 <stdio_uart_set_chars_available_callback+0x22>
10003c1a:	46c0      	nop			; (mov r8, r8)
10003c1c:	200006d4 	.word	0x200006d4
10003c20:	40038000 	.word	0x40038000
10003c24:	2000047c 	.word	0x2000047c
10003c28:	20000480 	.word	0x20000480
10003c2c:	10003b6d 	.word	0x10003b6d
10003c30:	00001034 	.word	0x00001034

10003c34 <stdio_uart_init_full>:
10003c34:	b570      	push	{r4, r5, r6, lr}
10003c36:	000d      	movs	r5, r1
10003c38:	001c      	movs	r4, r3
10003c3a:	4b0d      	ldr	r3, [pc, #52]	; (10003c70 <stdio_uart_init_full+0x3c>)
10003c3c:	6018      	str	r0, [r3, #0]
10003c3e:	2a00      	cmp	r2, #0
10003c40:	da0b      	bge.n	10003c5a <stdio_uart_init_full+0x26>
10003c42:	2c00      	cmp	r4, #0
10003c44:	da0e      	bge.n	10003c64 <stdio_uart_init_full+0x30>
10003c46:	4b0a      	ldr	r3, [pc, #40]	; (10003c70 <stdio_uart_init_full+0x3c>)
10003c48:	6818      	ldr	r0, [r3, #0]
10003c4a:	0029      	movs	r1, r5
10003c4c:	f7fd fb48 	bl	100012e0 <uart_init>
10003c50:	2101      	movs	r1, #1
10003c52:	4808      	ldr	r0, [pc, #32]	; (10003c74 <stdio_uart_init_full+0x40>)
10003c54:	f7ff feaa 	bl	100039ac <stdio_set_driver_enabled>
10003c58:	bd70      	pop	{r4, r5, r6, pc}
10003c5a:	2102      	movs	r1, #2
10003c5c:	0010      	movs	r0, r2
10003c5e:	f7fc fbb7 	bl	100003d0 <gpio_set_function>
10003c62:	e7ee      	b.n	10003c42 <stdio_uart_init_full+0xe>
10003c64:	2102      	movs	r1, #2
10003c66:	0020      	movs	r0, r4
10003c68:	f7fc fbb2 	bl	100003d0 <gpio_set_function>
10003c6c:	e7eb      	b.n	10003c46 <stdio_uart_init_full+0x12>
10003c6e:	46c0      	nop			; (mov r8, r8)
10003c70:	200006d4 	.word	0x200006d4
10003c74:	200002c0 	.word	0x200002c0

10003c78 <stdio_uart_init>:
10003c78:	b510      	push	{r4, lr}
10003c7a:	4b07      	ldr	r3, [pc, #28]	; (10003c98 <stdio_uart_init+0x20>)
10003c7c:	781b      	ldrb	r3, [r3, #0]
10003c7e:	4b07      	ldr	r3, [pc, #28]	; (10003c9c <stdio_uart_init+0x24>)
10003c80:	781b      	ldrb	r3, [r3, #0]
10003c82:	4b07      	ldr	r3, [pc, #28]	; (10003ca0 <stdio_uart_init+0x28>)
10003c84:	781b      	ldrb	r3, [r3, #0]
10003c86:	21e1      	movs	r1, #225	; 0xe1
10003c88:	2301      	movs	r3, #1
10003c8a:	2200      	movs	r2, #0
10003c8c:	0249      	lsls	r1, r1, #9
10003c8e:	4805      	ldr	r0, [pc, #20]	; (10003ca4 <stdio_uart_init+0x2c>)
10003c90:	f7ff ffd0 	bl	10003c34 <stdio_uart_init_full>
10003c94:	bd10      	pop	{r4, pc}
10003c96:	46c0      	nop			; (mov r8, r8)
10003c98:	10004930 	.word	0x10004930
10003c9c:	10004934 	.word	0x10004934
10003ca0:	10004938 	.word	0x10004938
10003ca4:	40034000 	.word	0x40034000

10003ca8 <adc_init>:
10003ca8:	2301      	movs	r3, #1
10003caa:	4a08      	ldr	r2, [pc, #32]	; (10003ccc <adc_init+0x24>)
10003cac:	6013      	str	r3, [r2, #0]
10003cae:	4a08      	ldr	r2, [pc, #32]	; (10003cd0 <adc_init+0x28>)
10003cb0:	6013      	str	r3, [r2, #0]
10003cb2:	4b08      	ldr	r3, [pc, #32]	; (10003cd4 <adc_init+0x2c>)
10003cb4:	681a      	ldr	r2, [r3, #0]
10003cb6:	2301      	movs	r3, #1
10003cb8:	4393      	bics	r3, r2
10003cba:	d1fa      	bne.n	10003cb2 <adc_init+0xa>
10003cbc:	4b06      	ldr	r3, [pc, #24]	; (10003cd8 <adc_init+0x30>)
10003cbe:	2201      	movs	r2, #1
10003cc0:	601a      	str	r2, [r3, #0]
10003cc2:	4b05      	ldr	r3, [pc, #20]	; (10003cd8 <adc_init+0x30>)
10003cc4:	681b      	ldr	r3, [r3, #0]
10003cc6:	05db      	lsls	r3, r3, #23
10003cc8:	d5fb      	bpl.n	10003cc2 <adc_init+0x1a>
10003cca:	4770      	bx	lr
10003ccc:	4000e000 	.word	0x4000e000
10003cd0:	4000f000 	.word	0x4000f000
10003cd4:	4000c008 	.word	0x4000c008
10003cd8:	4004c000 	.word	0x4004c000

10003cdc <strcmp>:
10003cdc:	4602      	mov	r2, r0
10003cde:	b570      	push	{r4, r5, r6, lr}
10003ce0:	430a      	orrs	r2, r1
10003ce2:	0792      	lsls	r2, r2, #30
10003ce4:	d12a      	bne.n	10003d3c <strcmp+0x60>
10003ce6:	4d1e      	ldr	r5, [pc, #120]	; (10003d60 <strcmp+0x84>)
10003ce8:	01ee      	lsls	r6, r5, #7
10003cea:	c804      	ldmia	r0!, {r2}
10003cec:	c908      	ldmia	r1!, {r3}
10003cee:	1b54      	subs	r4, r2, r5
10003cf0:	4394      	bics	r4, r2
10003cf2:	4034      	ands	r4, r6
10003cf4:	d017      	beq.n	10003d26 <strcmp+0x4a>
10003cf6:	b2d0      	uxtb	r0, r2
10003cf8:	b2d9      	uxtb	r1, r3
10003cfa:	1a40      	subs	r0, r0, r1
10003cfc:	0621      	lsls	r1, r4, #24
10003cfe:	4301      	orrs	r1, r0
10003d00:	d110      	bne.n	10003d24 <strcmp+0x48>
10003d02:	b290      	uxth	r0, r2
10003d04:	b299      	uxth	r1, r3
10003d06:	1a40      	subs	r0, r0, r1
10003d08:	0421      	lsls	r1, r4, #16
10003d0a:	4301      	orrs	r1, r0
10003d0c:	d10a      	bne.n	10003d24 <strcmp+0x48>
10003d0e:	0210      	lsls	r0, r2, #8
10003d10:	0219      	lsls	r1, r3, #8
10003d12:	0a00      	lsrs	r0, r0, #8
10003d14:	0a09      	lsrs	r1, r1, #8
10003d16:	1a40      	subs	r0, r0, r1
10003d18:	0221      	lsls	r1, r4, #8
10003d1a:	4301      	orrs	r1, r0
10003d1c:	d102      	bne.n	10003d24 <strcmp+0x48>
10003d1e:	0e10      	lsrs	r0, r2, #24
10003d20:	0e19      	lsrs	r1, r3, #24
10003d22:	1a40      	subs	r0, r0, r1
10003d24:	bd70      	pop	{r4, r5, r6, pc}
10003d26:	429a      	cmp	r2, r3
10003d28:	d0df      	beq.n	10003cea <strcmp+0xe>
10003d2a:	ba10      	rev	r0, r2
10003d2c:	ba19      	rev	r1, r3
10003d2e:	4288      	cmp	r0, r1
10003d30:	d901      	bls.n	10003d36 <strcmp+0x5a>
10003d32:	2001      	movs	r0, #1
10003d34:	bd70      	pop	{r4, r5, r6, pc}
10003d36:	2000      	movs	r0, #0
10003d38:	43c0      	mvns	r0, r0
10003d3a:	bd70      	pop	{r4, r5, r6, pc}
10003d3c:	7802      	ldrb	r2, [r0, #0]
10003d3e:	780b      	ldrb	r3, [r1, #0]
10003d40:	3001      	adds	r0, #1
10003d42:	3101      	adds	r1, #1
10003d44:	2a00      	cmp	r2, #0
10003d46:	d009      	beq.n	10003d5c <strcmp+0x80>
10003d48:	429a      	cmp	r2, r3
10003d4a:	d107      	bne.n	10003d5c <strcmp+0x80>
10003d4c:	7802      	ldrb	r2, [r0, #0]
10003d4e:	780b      	ldrb	r3, [r1, #0]
10003d50:	3001      	adds	r0, #1
10003d52:	3101      	adds	r1, #1
10003d54:	2a00      	cmp	r2, #0
10003d56:	d001      	beq.n	10003d5c <strcmp+0x80>
10003d58:	429a      	cmp	r2, r3
10003d5a:	d0ef      	beq.n	10003d3c <strcmp+0x60>
10003d5c:	1ad0      	subs	r0, r2, r3
10003d5e:	bd70      	pop	{r4, r5, r6, pc}
10003d60:	01010101 	.word	0x01010101

10003d64 <strlen>:
10003d64:	b510      	push	{r4, lr}
10003d66:	0783      	lsls	r3, r0, #30
10003d68:	d00a      	beq.n	10003d80 <strlen+0x1c>
10003d6a:	0003      	movs	r3, r0
10003d6c:	2103      	movs	r1, #3
10003d6e:	e002      	b.n	10003d76 <strlen+0x12>
10003d70:	3301      	adds	r3, #1
10003d72:	420b      	tst	r3, r1
10003d74:	d005      	beq.n	10003d82 <strlen+0x1e>
10003d76:	781a      	ldrb	r2, [r3, #0]
10003d78:	2a00      	cmp	r2, #0
10003d7a:	d1f9      	bne.n	10003d70 <strlen+0xc>
10003d7c:	1a18      	subs	r0, r3, r0
10003d7e:	bd10      	pop	{r4, pc}
10003d80:	0003      	movs	r3, r0
10003d82:	6819      	ldr	r1, [r3, #0]
10003d84:	4a0c      	ldr	r2, [pc, #48]	; (10003db8 <strlen+0x54>)
10003d86:	4c0d      	ldr	r4, [pc, #52]	; (10003dbc <strlen+0x58>)
10003d88:	188a      	adds	r2, r1, r2
10003d8a:	438a      	bics	r2, r1
10003d8c:	4222      	tst	r2, r4
10003d8e:	d10f      	bne.n	10003db0 <strlen+0x4c>
10003d90:	6859      	ldr	r1, [r3, #4]
10003d92:	4a09      	ldr	r2, [pc, #36]	; (10003db8 <strlen+0x54>)
10003d94:	3304      	adds	r3, #4
10003d96:	188a      	adds	r2, r1, r2
10003d98:	438a      	bics	r2, r1
10003d9a:	4222      	tst	r2, r4
10003d9c:	d108      	bne.n	10003db0 <strlen+0x4c>
10003d9e:	6859      	ldr	r1, [r3, #4]
10003da0:	4a05      	ldr	r2, [pc, #20]	; (10003db8 <strlen+0x54>)
10003da2:	3304      	adds	r3, #4
10003da4:	188a      	adds	r2, r1, r2
10003da6:	438a      	bics	r2, r1
10003da8:	4222      	tst	r2, r4
10003daa:	d0f1      	beq.n	10003d90 <strlen+0x2c>
10003dac:	e000      	b.n	10003db0 <strlen+0x4c>
10003dae:	3301      	adds	r3, #1
10003db0:	781a      	ldrb	r2, [r3, #0]
10003db2:	2a00      	cmp	r2, #0
10003db4:	d1fb      	bne.n	10003dae <strlen+0x4a>
10003db6:	e7e1      	b.n	10003d7c <strlen+0x18>
10003db8:	fefefeff 	.word	0xfefefeff
10003dbc:	80808080 	.word	0x80808080

10003dc0 <_fini>:
10003dc0:	b5f8      	push	{r3, r4, r5, r6, r7, lr}
10003dc2:	46c0      	nop			; (mov r8, r8)
10003dc4:	0000      	movs	r0, r0
	...

10003dc8 <__mutex_exit_veneer>:
10003dc8:	b401      	push	{r0}
10003dca:	4802      	ldr	r0, [pc, #8]	; (10003dd4 <__mutex_exit_veneer+0xc>)
10003dcc:	4684      	mov	ip, r0
10003dce:	bc01      	pop	{r0}
10003dd0:	4760      	bx	ip
10003dd2:	bf00      	nop
10003dd4:	200001c9 	.word	0x200001c9

10003dd8 <____aeabi_ldiv0_veneer>:
10003dd8:	b401      	push	{r0}
10003dda:	4802      	ldr	r0, [pc, #8]	; (10003de4 <____aeabi_ldiv0_veneer+0xc>)
10003ddc:	4684      	mov	ip, r0
10003dde:	bc01      	pop	{r0}
10003de0:	4760      	bx	ip
10003de2:	bf00      	nop
10003de4:	20000215 	.word	0x20000215

10003de8 <____aeabi_idiv0_veneer>:
10003de8:	b401      	push	{r0}
10003dea:	4802      	ldr	r0, [pc, #8]	; (10003df4 <____aeabi_idiv0_veneer+0xc>)
10003dec:	4684      	mov	ip, r0
10003dee:	bc01      	pop	{r0}
10003df0:	4760      	bx	ip
10003df2:	bf00      	nop
10003df4:	20000215 	.word	0x20000215

10003df8 <__mutex_try_enter_block_until_veneer>:
10003df8:	b401      	push	{r0}
10003dfa:	4802      	ldr	r0, [pc, #8]	; (10003e04 <__mutex_try_enter_block_until_veneer+0xc>)
10003dfc:	4684      	mov	ip, r0
10003dfe:	bc01      	pop	{r0}
10003e00:	4760      	bx	ip
10003e02:	bf00      	nop
10003e04:	20000195 	.word	0x20000195

10003e08 <__pre_init_runtime_init_early_resets>:
10003e08:	100015f5                                ....

10003e0c <__pre_init_runtime_init_usb_power_down>:
10003e0c:	10001621 10001789 10002619 10001e85     !........&......
10003e1c:	100024e9                                .$..

10003e20 <__pre_init_runtime_init_clocks>:
10003e20:	100016bd                                ....

10003e24 <__pre_init_runtime_init_post_clock_resets>:
10003e24:	1000163d                                =...

10003e28 <__pre_init_runtime_init_rp2040_gpio_ie_disable>:
10003e28:	1000165d                                ]...

10003e2c <__pre_init_runtime_init_spin_locks_reset>:
10003e2c:	10001671                                q...

10003e30 <__pre_init_runtime_init_mutex>:
10003e30:	100009a1                                ....

10003e34 <__pre_init_runtime_init_install_ram_vector_table>:
10003e34:	10001679                                y...

10003e38 <__pre_init_runtime_init_default_alarm_pool>:
10003e38:	1000110d                                ....

10003e3c <__pre_init_first_per_core_initializer>:
10003e3c:	100015e1                                ....

10003e40 <__pre_init_runtime_init_per_core_irq_priorities>:
10003e40:	10000561                                a...

10003e44 <__frame_dummy_init_array_entry>:
10003e44:	100002fd                                ....

Disassembly of section .data:

200000c0 <mutex_try_enter>:
200000c0:	0003      	movs	r3, r0
200000c2:	6800      	ldr	r0, [r0, #0]
200000c4:	f3ef 8c10 	mrs	ip, PRIMASK
200000c8:	b672      	cpsid	i
200000ca:	6802      	ldr	r2, [r0, #0]
200000cc:	2a00      	cmp	r2, #0
200000ce:	d0fc      	beq.n	200000ca <mutex_try_enter+0xa>
200000d0:	f3bf 8f5f 	dmb	sy
200000d4:	2204      	movs	r2, #4
200000d6:	569a      	ldrsb	r2, [r3, r2]
200000d8:	2a00      	cmp	r2, #0
200000da:	db0b      	blt.n	200000f4 <mutex_try_enter+0x34>
200000dc:	2900      	cmp	r1, #0
200000de:	d010      	beq.n	20000102 <mutex_try_enter+0x42>
200000e0:	600a      	str	r2, [r1, #0]
200000e2:	2000      	movs	r0, #0
200000e4:	681b      	ldr	r3, [r3, #0]
200000e6:	f3bf 8f5f 	dmb	sy
200000ea:	2200      	movs	r2, #0
200000ec:	601a      	str	r2, [r3, #0]
200000ee:	f38c 8810 	msr	PRIMASK, ip
200000f2:	4770      	bx	lr
200000f4:	22d0      	movs	r2, #208	; 0xd0
200000f6:	0612      	lsls	r2, r2, #24
200000f8:	7812      	ldrb	r2, [r2, #0]
200000fa:	b252      	sxtb	r2, r2
200000fc:	711a      	strb	r2, [r3, #4]
200000fe:	2001      	movs	r0, #1
20000100:	e7f0      	b.n	200000e4 <mutex_try_enter+0x24>
20000102:	2000      	movs	r0, #0
20000104:	e7ee      	b.n	200000e4 <mutex_try_enter+0x24>
	...

20000108 <mutex_enter_block_until>:
20000108:	b5f8      	push	{r3, r4, r5, r6, r7, lr}
2000010a:	46ce      	mov	lr, r9
2000010c:	4647      	mov	r7, r8
2000010e:	b580      	push	{r7, lr}
20000110:	0004      	movs	r4, r0
20000112:	0017      	movs	r7, r2
20000114:	4698      	mov	r8, r3
20000116:	6803      	ldr	r3, [r0, #0]
20000118:	2b00      	cmp	r3, #0
2000011a:	d020      	beq.n	2000015e <mutex_enter_block_until+0x56>
2000011c:	23d0      	movs	r3, #208	; 0xd0
2000011e:	061b      	lsls	r3, r3, #24
20000120:	781b      	ldrb	r3, [r3, #0]
20000122:	b25b      	sxtb	r3, r3
20000124:	4699      	mov	r9, r3
20000126:	6826      	ldr	r6, [r4, #0]
20000128:	f3ef 8c10 	mrs	ip, PRIMASK
2000012c:	b672      	cpsid	i
2000012e:	6835      	ldr	r5, [r6, #0]
20000130:	2d00      	cmp	r5, #0
20000132:	d0fc      	beq.n	2000012e <mutex_enter_block_until+0x26>
20000134:	f3bf 8f5f 	dmb	sy
20000138:	2504      	movs	r5, #4
2000013a:	5765      	ldrsb	r5, [r4, r5]
2000013c:	2d00      	cmp	r5, #0
2000013e:	db14      	blt.n	2000016a <mutex_enter_block_until+0x62>
20000140:	6823      	ldr	r3, [r4, #0]
20000142:	f3bf 8f5f 	dmb	sy
20000146:	2200      	movs	r2, #0
20000148:	601a      	str	r2, [r3, #0]
2000014a:	f38c 8810 	msr	PRIMASK, ip
2000014e:	0038      	movs	r0, r7
20000150:	4641      	mov	r1, r8
20000152:	f000 f861 	bl	20000218 <__best_effort_wfe_or_timeout_veneer>
20000156:	2800      	cmp	r0, #0
20000158:	d0e5      	beq.n	20000126 <mutex_enter_block_until+0x1e>
2000015a:	2000      	movs	r0, #0
2000015c:	e00f      	b.n	2000017e <mutex_enter_block_until+0x76>
2000015e:	4b0a      	ldr	r3, [pc, #40]	; (20000188 <mutex_enter_block_until+0x80>)
20000160:	4a0a      	ldr	r2, [pc, #40]	; (2000018c <mutex_enter_block_until+0x84>)
20000162:	21a6      	movs	r1, #166	; 0xa6
20000164:	480a      	ldr	r0, [pc, #40]	; (20000190 <mutex_enter_block_until+0x88>)
20000166:	f000 f85f 	bl	20000228 <____assert_func_veneer>
2000016a:	464b      	mov	r3, r9
2000016c:	7123      	strb	r3, [r4, #4]
2000016e:	6823      	ldr	r3, [r4, #0]
20000170:	f3bf 8f5f 	dmb	sy
20000174:	2200      	movs	r2, #0
20000176:	601a      	str	r2, [r3, #0]
20000178:	f38c 8810 	msr	PRIMASK, ip
2000017c:	2001      	movs	r0, #1
2000017e:	bcc0      	pop	{r6, r7}
20000180:	46b9      	mov	r9, r7
20000182:	46b0      	mov	r8, r6
20000184:	bdf8      	pop	{r3, r4, r5, r6, r7, pc}
20000186:	46c0      	nop			; (mov r8, r8)
20000188:	10004174 	.word	0x10004174
2000018c:	100041cc 	.word	0x100041cc
20000190:	10004124 	.word	0x10004124

20000194 <mutex_try_enter_block_until>:
20000194:	b570      	push	{r4, r5, r6, lr}
20000196:	b082      	sub	sp, #8
20000198:	0006      	movs	r6, r0
2000019a:	0015      	movs	r5, r2
2000019c:	001c      	movs	r4, r3
2000019e:	a901      	add	r1, sp, #4
200001a0:	f7ff ff8e 	bl	200000c0 <mutex_try_enter>
200001a4:	2800      	cmp	r0, #0
200001a6:	d107      	bne.n	200001b8 <mutex_try_enter_block_until+0x24>
200001a8:	9b01      	ldr	r3, [sp, #4]
200001aa:	b25b      	sxtb	r3, r3
200001ac:	22d0      	movs	r2, #208	; 0xd0
200001ae:	0612      	lsls	r2, r2, #24
200001b0:	7812      	ldrb	r2, [r2, #0]
200001b2:	b252      	sxtb	r2, r2
200001b4:	4293      	cmp	r3, r2
200001b6:	d101      	bne.n	200001bc <mutex_try_enter_block_until+0x28>
200001b8:	b002      	add	sp, #8
200001ba:	bd70      	pop	{r4, r5, r6, pc}
200001bc:	002a      	movs	r2, r5
200001be:	0023      	movs	r3, r4
200001c0:	0030      	movs	r0, r6
200001c2:	f7ff ffa1 	bl	20000108 <mutex_enter_block_until>
200001c6:	e7f7      	b.n	200001b8 <mutex_try_enter_block_until+0x24>

200001c8 <mutex_exit>:
200001c8:	b510      	push	{r4, lr}
200001ca:	6802      	ldr	r2, [r0, #0]
200001cc:	f3ef 8110 	mrs	r1, PRIMASK
200001d0:	b672      	cpsid	i
200001d2:	6813      	ldr	r3, [r2, #0]
200001d4:	2b00      	cmp	r3, #0
200001d6:	d0fc      	beq.n	200001d2 <mutex_exit+0xa>
200001d8:	f3bf 8f5f 	dmb	sy
200001dc:	2304      	movs	r3, #4
200001de:	56c3      	ldrsb	r3, [r0, r3]
200001e0:	2b00      	cmp	r3, #0
200001e2:	db0a      	blt.n	200001fa <mutex_exit+0x32>
200001e4:	23ff      	movs	r3, #255	; 0xff
200001e6:	7103      	strb	r3, [r0, #4]
200001e8:	6803      	ldr	r3, [r0, #0]
200001ea:	f3bf 8f5f 	dmb	sy
200001ee:	2200      	movs	r2, #0
200001f0:	601a      	str	r2, [r3, #0]
200001f2:	f381 8810 	msr	PRIMASK, r1
200001f6:	bf40      	sev
200001f8:	bd10      	pop	{r4, pc}
200001fa:	4b03      	ldr	r3, [pc, #12]	; (20000208 <mutex_exit+0x40>)
200001fc:	4a03      	ldr	r2, [pc, #12]	; (2000020c <mutex_exit+0x44>)
200001fe:	21d5      	movs	r1, #213	; 0xd5
20000200:	4803      	ldr	r0, [pc, #12]	; (20000210 <mutex_exit+0x48>)
20000202:	f000 f811 	bl	20000228 <____assert_func_veneer>
20000206:	46c0      	nop			; (mov r8, r8)
20000208:	10004188 	.word	0x10004188
2000020c:	100041c0 	.word	0x100041c0
20000210:	10004124 	.word	0x10004124

20000214 <__aeabi_idiv0>:
20000214:	4770      	bx	lr
20000216:	46c0      	nop			; (mov r8, r8)

20000218 <__best_effort_wfe_or_timeout_veneer>:
20000218:	b401      	push	{r0}
2000021a:	4802      	ldr	r0, [pc, #8]	; (20000224 <__best_effort_wfe_or_timeout_veneer+0xc>)
2000021c:	4684      	mov	ip, r0
2000021e:	bc01      	pop	{r0}
20000220:	4760      	bx	ip
20000222:	bf00      	nop
20000224:	1000102d 	.word	0x1000102d

20000228 <____assert_func_veneer>:
20000228:	b401      	push	{r0}
2000022a:	4802      	ldr	r0, [pc, #8]	; (20000234 <____assert_func_veneer+0xc>)
2000022c:	4684      	mov	ip, r0
2000022e:	bc01      	pop	{r0}
20000230:	4760      	bx	ip
20000232:	bf00      	nop
20000234:	10003781 	.word	0x10003781

20000238 <striped_spin_lock_num>:
20000238:	00000010                                ....

2000023c <irq_handler_chain_slots>:
2000023c:	00000000 	.word	0x00000000
20000240:	00010000 	.word	0x00010000
	...
2000024c:	00020000 	.word	0x00020000
	...
20000258:	00030000 	.word	0x00030000
	...
20000264:	00ff0000 	.word	0x00ff0000
20000268:	00000000 	.word	0x00000000

2000026c <irq_handler_chain_first_slot>:
2000026c:	b501      	push	{r0, lr}
2000026e:	6848      	ldr	r0, [r1, #4]
20000270:	3101      	adds	r1, #1
20000272:	468e      	mov	lr, r1
20000274:	4700      	bx	r0

20000276 <irq_handler_chain_remove_tail>:
20000276:	4670      	mov	r0, lr
20000278:	3809      	subs	r0, #9
2000027a:	4901      	ldr	r1, [pc, #4]	; (20000280 <irq_handler_chain_remove_tail+0xa>)
2000027c:	4788      	blx	r1
2000027e:	bd01      	pop	{r0, pc}
20000280:	10000865 	.word	0x10000865

20000284 <default_alarm_pool>:
	...
20000298:	200002e0 00000000                       ... ....

200002a0 <aeabi_bits_funcs>:
200002a0:	00003350 	.word	0x00003350
200002a4:	0000334c 	.word	0x0000334c
200002a8:	00003354 	.word	0x00003354
200002ac:	00003352 	.word	0x00003352

200002b0 <aeabi_bits_funcs_end>:
200002b0:	0000534d 	.word	0x0000534d
200002b4:	0000434d 	.word	0x0000434d
200002b8:	00003453 	.word	0x00003453
200002bc:	00003443 	.word	0x00003443

200002c0 <stdio_uart>:
200002c0:	10003a79 10003b95 10003aed 10003ba5     y:...;...:...;..
200002d0:	00000000 00000100                       ........

200002d8 <print_mutex>:
	...
