Seg,mV
0.08357239,0.027771419851987486
0.08368564,0.027725642786297397
0.0914638,0.02780193789578088
0.09150338,0.027817196917677575
0.10543227,0.027908751049057757
0.10546446,0.02798504615854124
0.14000249,0.028076600289921417
0.14007282,0.03613336385137713
0.14010859,0.041718165865568015
0.1401403,0.022339208056763562
0.14242578,0.03065537499046311
0.14245009,0.043167772945754176
0.1424737,0.025467307545586328
0.14441895,0.027344167238879988
0.14444232,0.04443427176317998
0.15447855,0.02998397802700847
0.1545229,0.02401770046540017
0.16048527,0.0426489662012665
0.16051602,0.03472953383688106
0.1724503,0.023147936217288473
0.17248178,0.04026855878538186
0.19545007,0.03852903028915847
0.19548464,0.022400244144350347
0.20445204,0.03706416418707561
0.20448399,0.04303044174868391
0.22848058,0.02413977264057374
0.2285502,0.034042877851529714
0.22858548,0.045593957427328906
0.22861648,0.02758831158922713
0.24545097,0.029571984435797664
0.24551082,0.04737926298924239
0.24554634,0.032700083924620434
0.24557853,0.02583352407110704
0.26944542,0.044373235675593196
0.269521,0.036453803311207754
0.26956773,0.025146868085755704
0.26960921,0.04379339284351873
0.26964879,0.04043640802624552
0.27743673,0.024155031662470437
0.27749276,0.038574807354848556
0.28545427,0.04385442893110551
0.28551769,0.02423132677195392
0.29046845,0.033401998931868467
0.29052639,0.045471885252155335
0.30552793,0.026749065384908826
0.30561852,0.027649347676813915
0.31845188,0.044968337529564355
0.31851006,0.030121309224078737
0.33245277,0.024826428625925077
0.33251262,0.04322880903334096
0.33255839,0.033615625238422216
0.33843637,0.022674906538490882
0.33848643,0.04103150988021668
0.35244441,0.039581902800030516
0.35250187,0.023147936217288473
0.35844707,0.03768978408484016
0.35850096,0.044419012741283286
0.37249446,0.03019760433356222
0.37255001,0.04483100633249409
0.38547826,0.06071564812695506
0.38553476,0.045853360799572744
0.39244223,0.04168764782177462
0.39249539,0.04914930952925917
0.40054607,0.029602502479591057
0.40846109,0.023849851224536506
0.40851831,0.04238956282902266
0.41644907,0.0328526741435874
0.41650271,0.021301594567788205
0.44045568,0.038162813763637754
0.44048738,0.03569085221637293
0.44051123,0.02009613183794919
0.44053459,0.03459220263981079
0.44943619,0.040161745632104985
0.44947767,0.021484702830548562
0.4584558,0.030121309224078737
0.45850921,0.04122987716487373
0.46448493,0.023483634699015793
0.47270846,0.02583352407110704
0.49443817,0.041214618142977034
0.49450612,0.026947432669565882
0.5084641,0.022446021210040436
0.50854802,0.039917601281757836
0.50859284,0.03053330281528954
0.51844549,0.019974059662775615
0.53443027,0.03714045929655909
0.53449059,0.034363317311360345
0.53452635,0.01896696421759365
0.53455901,0.033371480888075074
0.54243636,0.037796597238117034
0.55143642,0.020233463035019456
0.55150056,0.02920576791027695
0.56045365,0.0400854505226215
0.56051826,0.023025864042114902
0.56843686,0.025177386129549097
0.56850386,0.04072632944228275
0.56854892,0.026367589837491417
0.59249282,0.023147936217288473
0.59255934,0.04022278171969177
0.59260392,0.03131151293202106
0.59264612,0.020645456626230258
0.59444809,0.03776607919432364
0.59448171,0.03543144884412909
0.6034863,0.020309758144502938
0.60356236,0.03447013046463722
0.61848307,0.03904783703364614
0.61856389,0.021805142290379186
0.6304853,0.030853742275120166
0.63054967,0.041550316624704355
0.64447904,0.024277103837644008
0.64454985,0.026428625925078202
0.65044427,0.04170290684367132
0.65049481,0.027527275501640344
0.65843773,0.023758297093156328
0.65848517,0.041168841077286945
0.65852094,0.03204394598306248
0.68448234,0.021652552071412222
0.68455005,0.038452735179674985
0.6845932,0.03567559319447623
0.68463349,0.02084382391088731
0.70247245,0.03533989471274891
0.70253754,0.03903257801174945
0.707479,0.021652552071412222
0.70755816,0.03108262760357061
0.71547079,0.04213015945677882
0.71553326,0.02499427786678874
0.72245359,0.02839703974975204
0.72251654,0.043091477836270695
0.7304318,0.02798504615854124
0.74549699,0.02392614633401999
0.74555039,0.04127565423056382
0.77049208,0.03230334935530633
0.77055645,0.022507057297627222
0.77245116,0.03904783703364614
0.77249932,0.035828183413443196
0.77254033,0.021255817502098116
0.77257991,0.03552300297550927
0.78248,0.03898680094605936
0.78252769,0.021927214465552756
0.79548216,0.031403067063401235
0.79554844,0.04103150988021668
0.80045915,0.023529411764705882
0.82443142,0.02677958342870222
0.8244617,0.04086366063935302
0.82448626,0.025650415808346684
0.8245101,0.022507057297627222
0.8274169,0.03915465018692302
0.82744288,0.02912947280079347
0.83541656,0.02076752880140383
0.8354435,0.03755245288776989
0.84947062,0.03300526436255436
0.84952044,0.01838712138551919
0.85843539,0.03384451056687266
0.858464,0.03747615777828641
0.88147163,0.02009613183794919
0.88155484,0.029617761501487753
0.89444828,0.03904783703364614
0.89450264,0.021301594567788205
0.89453769,0.025650415808346684
0.89457011,0.04046692607003891
0.90445876,0.02566567483024338
0.904526,0.02243076218814374
0.91445732,0.03961242084382391
0.91452003,0.030045014114595255
0.92744374,0.021210040436408027
0.92749691,0.03884946974898909
0.95047617,0.03506523231860838
0.952461,0.020706492713817044
0.95253944,0.035538261997405965
0.97545123,0.037872892347600516
0.97550726,0.020630197604333562
0.97554111,0.031570916304264895
0.97557187,0.04063477531090257
0.98243713,0.02294956893263142
0.98248219,0.026901655603875793
0.98251486,0.04057373922331579
0.98254585,0.024780651560234988
1.0074923,0.02221713588158999
1.00755739,0.03915465018692302
1.00759625,0.028412298771648737
1.0154531,0.018951705195696954
1.01550531,0.036408026245517665
1.02346802,0.032730601968413826
1.02353096,0.018600747692072938
1.02943826,0.033401998931868467
1.02948809,0.03535515373464561
1.03945231,0.01850919356069276
1.03950906,0.029114213778896773
1.04847479,0.03830014496070802
1.04854083,0.02055390249485008
1.06147456,0.026245517662317846
1.06154037,0.04472419317921721
1.07446003,0.03607232776379034
1.07451916,0.039002059967956054
1.07456231,0.05780117494468605
1.08544898,0.04191653315022507
1.08548665,0.023849851224536506
1.08743477,0.03637750820172427
1.08746672,0.03117418173495079
1.1004169,0.017425803006027314
1.1004436,0.03219653620202945
1.13444138,0.033707179369802394
1.13447595,0.01617456321049821
1.13450003,0.027008468757152668
1.13741183,0.03584344243533989
1.13745856,0.018432898451209278
1.13749814,0.023773556115053024
1.13753676,0.038239108873121236
1.15243244,0.02269016556038758
1.15246201,0.020202944991226063
1.15841937,0.03768978408484016
1.17342782,0.026459143968871595
1.17348552,0.0178988326848249
1.18948793,0.035706111238269625
1.18958855,0.030518043793392843
1.18963552,0.01651026169222553
1.18967843,0.03213550011444266
1.18971992,0.03425650415808347
1.20843339,0.01782253757534142
1.20849609,0.029663538567177843
1.2174468,0.03759822995345998
1.21750903,0.01867704280155642
1.22943377,0.023804074158846417
1.2294805,0.03886472877088579
1.24343324,0.02247653925383383
1.24349236,0.020630197604333562
1.2674458,0.03814755474174106
1.26751995,0.02652018005645838
1.26756358,0.019119554436560618
1.26760316,0.03733882658121614
1.28048873,0.03163195239185168
1.28547955,0.017593652246890974
1.28554201,0.033951323720149536
1.28558969,0.03611810482948043
1.28563142,0.018982223239490347
1.2944901,0.030823224231326773
1.2945497,0.03910887312123293
1.30847335,0.02111848630502785
1.30854154,0.026764324406805522
1.32258224,0.04046692607003891
1.32264733,0.024719615472648202
1.32948136,0.023651483939879453
1.32953477,0.04151979858091096
1.32957554,0.029602502479591057
1.35350513,0.021255817502098116
1.35356236,0.03968871595330739
1.35360551,0.03442435339894713
1.35364676,0.020874341954680704
1.35646176,0.03715571831845579
1.35650826,0.03903257801174945
1.38049102,0.021332112611581598
1.38055396,0.03321889066910811
1.38247156,0.04139772640573739
1.38251638,0.023514152742809186
1.39546514,0.029602502479591057
1.39560223,0.0435034714274815
1.39745378,0.02713054093232624
1.41045284,0.02594033722438392
1.41050625,0.04281681544213016
1.41243052,0.031525139238574806
1.41247487,0.024673838406958113
1.43550253,0.04261844815747311
1.43555355,0.03598077363241016
1.44049025,0.022491798275730526
1.4405508,0.03968871595330739
1.4605155,0.04055848020141909
1.46058106,0.023086900129701687
1.46062493,0.03569085221637293
1.46066546,0.04373235675593194
1.46346331,0.024963759822995348
1.47045159,0.03083848325322347
1.47049594,0.04460212100404364
1.4844265,0.027283131151293202
1.48445654,0.025772487983520255
1.50246239,0.04274052033264668
1.50249386,0.02975509269855802
1.50251913,0.02226291294728008
1.50254345,0.04065003433279927
1.51443315,0.03414969100480659
1.51445889,0.019851987487602044
1.54141903,0.037537193865873196
1.54144454,0.03825436789501793
1.5534606,0.02021820401312276
1.55354118,0.032608529793240255
1.55359888,0.03976501106279087
1.55365062,0.021271076523994813
1.56356096,0.027603570611123826
1.56367159,0.0409399557488365
1.56979394,0.02423132677195392
1.56985784,0.023697261005569542
1.58246493,0.041046768902113374
1.58251715,0.02742046234836347
1.60546136,0.019943541618982222
1.60555387,0.038162813763637754
1.61446524,0.030899519340810255
1.61452675,0.0183413443198291
1.61457157,0.0366674296177615
1.61847425,0.03730830853742275
1.6185267,0.020981155107957578
1.62747836,0.03393606469825284
1.62752891,0.040543221179522394
1.64147854,0.022003509575036242
1.64154124,0.029053177691309988
1.64745712,0.042710002288853285
1.64751768,0.025482566567483024
1.67047167,0.02485694666971847
1.6705277,0.04132143129625391
1.67056203,0.02780193789578088
1.68049145,0.021255817502098116
1.68054795,0.04058899824521248
1.70350313,0.03352407110704204
1.70356345,0.02009613183794919
1.70360589,0.036911573968108645
1.70364761,0.03642328526741436
1.72856307,0.018738078889143205
1.72863102,0.032318608377203024
1.72867465,0.03935301747158007
1.72871494,0.02038605325398642
1.7324698,0.027649347676813915
1.73252153,0.04046692607003891
1.73255777,0.02307164110780499
1.75651526,0.023651483939879453
1.75658774,0.041046768902113374
1.75665808,0.02699320973525597
1.75671053,0.022171358815899902
1.75845981,0.04573128862439917
1.75849652,0.044251163500419625
1.77248549,0.03654535744258793
1.77254438,0.05467307545586328
1.78049588,0.04699778744182498
1.78055143,0.020630197604333562
1.79449534,0.02998397802700847
1.79455042,0.037079423208972305
1.80349422,0.01936369878690776
1.81745028,0.02597085526817731
1.81747842,0.03744563973449302
1.81750226,0.020141908903639278
1.82748175,0.02209506370641642
1.82762361,0.03939879453727016
1.83548331,0.024719615472648202
1.8355453,0.018188754100862136
1.85950923,0.03756771190966659
1.85957265,0.029724574654764628
1.85961604,0.017135881589990083
1.85965848,0.03472953383688106
1.85969806,0.03363088426031891
1.87448692,0.017090104524299994
1.87459755,0.03158617532616159
1.88049269,0.0379339284351873
1.8805747,0.01892118715190356
1.89447975,0.02758831158922713
1.89453101,0.040329594872968645
1.90750194,0.021988250553139545
1.907552,0.022751201647974364
1.92086625,0.03985656519417105
1.92093921,0.025391012436102846
1.92950845,0.019226367589837492
1.92959094,0.03830014496070802
1.93248796,0.029480430304417486
1.94048309,0.01719691767757687
1.94053745,0.035248340581368734
1.96451855,0.034042877851529714
1.9645822,0.017242694743266958
1.96462178,0.03181506065461204
1.96465778,0.03801022354467078
1.98051691,0.018738078889143205
1.9805758,0.028076600289921417
1.98550344,0.04077210650797284
1.98555946,0.022171358815899902
1.99348378,0.02357518883039597
1.99358106,0.04107728694590677
1.99366307,0.026703288319218737
2.00348926,0.021133745326924545
2.00354886,0.03997863736934462
2.01745844,0.03091477836270695
2.01751685,0.018600747692072938
2.03046799,0.03665217059586481
2.0305264,0.035248340581368734
2.05045938,0.01829556725413901
2.05050802,0.03266956588082704
2.0524323,0.03851377126726177
2.05247903,0.019836728465705347
2.05252004,0.028641184100099183
2.05256081,0.04060425726710918
2.06244993,0.022186617837796598
2.07648349,0.023941405355916687
2.07653546,0.040833142595559625
2.08974457,0.026245517662317846
2.0898087,0.02102693217364767
2.10348201,0.03973449301899748
2.10356808,0.03039597161821927
2.10364127,0.018356603341725796
2.10370994,0.03651483939879454
2.11748838,0.035416189822232394
2.11754608,0.019287403677424278
2.126508,0.03418020904859999
2.12658167,0.039337758449683374
2.12665534,0.020065613794155796
2.15046906,0.029144731822690166
2.15049744,0.04205386434729534
2.15744305,0.023773556115053024
2.15747142,0.025528343633173113
2.17146206,0.04206912336919204
2.17341375,0.027527275501640344
2.17344856,0.022735942626077667
2.18253493,0.04119935912108034
2.18261337,0.031952391851682305
2.19646287,0.02021820401312276
2.19653058,0.03869687953002213
2.19657779,0.03620965896086061
2.22048998,0.020355535210193027
2.22059155,0.035385671778439
2.2234726,0.03956664377813382
2.22353315,0.02059967956054017
2.22845125,0.03039597161821927
2.22851133,0.04182497901884489
2.25244403,0.023819333180743113
2.25252652,0.02691691462577249
2.25258088,0.04370183871213855
2.2526226,0.02832074464026856
2.26045895,0.023514152742809186
2.26051164,0.04214541847867552
2.26343989,0.03263904783703365
2.28743839,0.021301594567788205
2.28748798,0.03939879453727016
2.28752351,0.03671320668345159
2.28755808,0.020950637064164186
2.28942442,0.036530098420691236
2.28946948,0.040787365529869536
2.3064909,0.021759365224689096
2.30656147,0.03129625391012436
2.31251597,0.04231326771953918
2.3125875,0.02554360265506981
2.33645773,0.02970931563286793
2.33653402,0.04628061341268025
2.3365891,0.030457007705806057
2.34548259,0.026031891355764097
2.34555578,0.04449530785076677
2.35073662,0.03450064850843061
2.35083556,0.023987182421606777
2.35950828,0.041458762493324176
2.35956979,0.03859006637674525
2.3735311,0.02252231631952392
2.37360168,0.03784237430380712
2.38270903,0.041931792172121764
2.38282394,0.022751201647974364
2.40753651,0.03170824750133516
2.40761185,0.042298008697642483
2.41051865,0.0243076218814374
2.42350006,0.02754253452353704
2.42358494,0.043259327077134355
2.42364979,0.02822919050888838
2.42371917,0.023682001983672846
2.4375062,0.04205386434729534
2.43757629,0.032074464026855876
2.45055223,0.020965896086060882
2.45063758,0.03930724040588998
2.45071316,0.03643854428931106
2.45077586,0.020523384451056687
2.47451735,0.036285954070344094
2.47459173,0.042877851529716945
2.47464442,0.02998397802700847
2.47469401,0.046723125047684444
2.48447084,0.060868238345922025
2.48454547,0.044632639047837035
2.49046516,0.0401007095445182
2.49052644,0.04620431830319677
2.50446272,0.026413366903181506
2.50452161,0.023193713282978562
2.52046227,0.041626611734187836
2.52051854,0.03039597161821927
2.53446364,0.019180590524147403
2.53452277,0.03732356755931945
2.53456664,0.03364614328221561
2.53944516,0.018188754100862136
2.53952146,0.03363088426031891
2.55046248,0.03802548256656748
2.55054259,0.02043183031967651
2.5604794,0.03065537499046311
2.56054068,0.04013122758831159
2.57347226,0.021988250553139545
2.57352519,0.026169222552834364
2.59847403,0.04202334630350195
2.59854507,0.025818265049210344
2.59859014,0.021881437399862667
2.59863186,0.03990234225986114
2.59867239,0.029358358129243915
2.60447693,0.019562066071564813
2.60452318,0.03776607919432364
2.6134727,0.03373769741359579
2.61352706,0.01867704280155642
2.62744355,0.03445487144274052
2.62749434,0.036957351033798734
2.65078545,0.018265049210345618
2.65085459,0.028580148012512397
2.65342474,0.038574807354848556
2.65347171,0.01998931868467231
2.65743995,0.02481116960402838
2.65749216,0.04057373922331579
2.66246557,0.02511635004196231
2.67545366,0.02209506370641642
2.67550611,0.04068055237659266
2.68247104,0.030182345311665523
2.68254256,0.020965896086060882
2.71550584,0.039124132143129625
2.71556878,0.034271763179980166
2.71744394,0.019043259327077136
2.71749163,0.03527885862516213
2.71758294,0.03872739757381552
2.71764255,0.02140840772106508
2.72748208,0.03335622186617838
2.72753763,0.04277103837644007
2.72757983,0.023529411764705882
2.73850679,0.02784771496147097
2.73858762,0.043335622186617836
2.76053238,0.02754253452353704
2.76058817,0.024795910582131684
2.76451778,0.042923628595407035
2.76456952,0.03141832608529793
2.79044557,0.021805142290379186
2.79047418,0.040619516289005876
2.79245591,0.03573662928206302
2.7925036,0.021057450217441064
2.79254436,0.03747615777828641
2.7925849,0.03910887312123293
2.80249643,0.021332112611581598
2.8154428,0.03347829404135195
2.81547189,0.04153505760280766
2.82942796,0.02243076218814374
2.82945395,0.028046082246128024
2.82947898,0.04336614023041123
2.82950211,0.026901655603875793
2.85344291,0.02426184481574731
2.85347033,0.04200808728160525
2.86244249,0.030289158464942397
2.86247301,0.02209506370641642
2.86249614,0.04077210650797284
2.86251974,0.03535515373464561
2.879462,0.020401312275883116
2.87954307,0.03700312809948882
2.90450931,0.038284885938811325
2.90457749,0.020004577706569007
2.90462399,0.03201342793926909
2.90466642,0.04060425726710918
2.90470791,0.02157625696192874
2.90474844,0.026703288319218737
2.9145329,0.04141298542763409
2.9145925,0.024612802319371328
2.92886376,0.02252231631952392
2.92897344,0.04080262455176623
2.92904925,0.02851911192492561
2.94448686,0.019424734874494545
2.94454908,0.038452735179674985
2.95750213,0.03237964446478981
2.9575808,0.017639429312581063
2.96391296,0.034439612420843826
2.96405339,0.03564507515068284
2.97248173,0.017853055619134812
2.97254658,0.03048752574959945
2.98347163,0.039124132143129625
2.98353171,0.01953154802777142
2.99556732,0.025314717326619364
2.99564362,0.040329594872968645
3.04050612,0.023422598611429007
3.05444384,0.021850919356069275
3.0545001,0.04048218509193561
3.05642128,0.028625925078202486
3.05648541,0.020355535210193027
3.05943203,0.040009155413138014
3.05947638,0.03422598611429008
3.06350398,0.020157167925535974
3.06360912,0.03749141680018311
3.06368279,0.038742656595712216
3.06374288,0.02084382391088731
3.06544781,0.03355458915083543
3.06550074,0.04118410009918364
3.0655582,0.022339208056763562
3.07946897,0.027969787136644542
3.0795238,0.04217593652246891
3.07956553,0.024719615472648202
3.07960486,0.023651483939879453
3.09449005,0.040787365529869536
3.09453893,0.027649347676813915
3.10446811,0.02012664988174258
3.10452485,0.04005493247882811
3.12742472,0.03347829404135195
3.12745237,0.019836728465705347
3.12747598,0.038910505836575876
3.12749863,0.039673456931410694
3.12752175,0.02162203402761883
3.14042377,0.03430228122377356
3.14045262,0.04173342488746471
3.14943361,0.0225986114290074
3.14946079,0.03250171663996338
3.16344666,0.05232318608377203
3.16347647,0.04057373922331579
3.17742372,0.0439154650186923
3.17744994,0.06005951018539712
3.19445443,0.03904783703364614
3.1944809,0.02307164110780499
3.20842743,0.039673456931410694
3.2084558,0.032730601968413826
3.21750402,0.01879911497672999
3.21758223,0.03501945525291829
3.21763992,0.03445487144274052
3.21769023,0.016906996261539634
3.24047279,0.030731670099946592
3.24052382,0.038239108873121236
3.24947476,0.018997482261387044
3.24952412,0.026672770275425344
3.2495656,0.0405279621576257
3.24960589,0.022705424582284275
3.27351427,0.022842755779354542
3.27357125,0.040665293354695965
3.27361321,0.02677958342870222
3.27365303,0.019592584115358205
3.27369475,0.03909361409933623
3.28347993,0.03134203097581445
3.28353834,0.01722743572137026
3.29848766,0.03504997329671168
3.29854918,0.03526359960326543
3.31049418,0.017517357137407492
3.31055856,0.0311284046692607
3.31758356,0.03822384985122454
3.31768394,0.0187533379110399
3.33149171,0.0264438849469749
3.33155608,0.0401007095445182
3.3316009,0.021942473487449453
3.33848119,0.022491798275730526
3.33853769,0.0396429388876173
3.35300398,0.02545204852368963
3.35312533,0.018524452582589456
3.36651874,0.03825436789501793
3.36659503,0.03006027313649195
3.37955332,0.016449225604638743
3.37965465,0.03479056992446784
3.37973261,0.034241245136186774
3.3798058,0.01617456321049821
3.39557695,0.03015182726787213
3.39567423,0.037964446478980694
3.39572048,0.018707560845349813
3.40956688,0.026031891355764097
3.4096396,0.03959716182192721
3.42364883,0.021484702830548562
3.42374444,0.021683070115205615
3.43753958,0.03938353551537346
3.43761206,0.025314717326619364
3.43766761,0.01858548867017624
3.43771815,0.0379339284351873
3.4475615,0.0298619058518349
3.44763207,0.016861219195849545
3.46154928,0.03518730449378195
3.46162677,0.03463797970550088
3.46167469,0.017242694743266958
3.47543311,0.0311284046692607
3.47546244,0.03808651865415427
3.4894371,0.01838712138551919
3.48946476,0.026535439078355077
3.49541783,0.03959716182192721
3.49544811,0.02191195544365606
3.50241542,0.02311741817349508
3.50243974,0.04074158846417945
3.51595187,0.026367589837491417
3.51598072,0.020035095750362403
3.52443743,0.0396429388876173
3.52446508,0.0315403982604715
3.55843139,0.018860151064316776
3.55849075,0.03718623636224918
3.55852771,0.03569085221637293
3.5585618,0.017883573662928205
3.56141376,0.03279163805600061
3.56146598,0.03953612573434043
3.5694356,0.020874341954680704
3.56949234,0.029053177691309988
3.58343434,0.041886015106431675
3.58348823,0.023422598611429007
3.58842015,0.024170290684367133
3.58847213,0.04174868390936141
3.60247064,0.027344167238879988
3.61542249,0.021149004348821242
3.6154952,0.03955138475623712
3.62243652,0.030563820859082932
3.62249136,0.019348439765011063
3.62843847,0.03764400701915007
3.62848902,0.036285954070344094
3.63743734,0.019806210421911954
3.63748813,0.0345464255741207
3.65047789,0.040711070420386054
3.65055275,0.02221713588158999
3.66544819,0.0307011520561532
3.6655066,0.04315251392385748
3.67844367,0.02491798275730526
3.67849708,0.026550698100251773
3.67854023,0.043472953383688104
3.70347285,0.028503852903028915
3.70353198,0.02281223773556115
3.70357561,0.042298008697642483
3.70361614,0.03295948729686427
3.71845675,0.020065613794155796
3.71850705,0.037537193865873196
3.71854663,0.03535515373464561
3.71857929,0.018646524757763027
3.73144412,0.03356984817273213
3.73149967,0.03920042725261311
3.74850273,0.020233463035019456
3.74856067,0.02920576791027695
3.74861097,0.04074158846417945
3.75745845,0.02186617837796597
3.75750875,0.023849851224536506
3.76243663,0.04139772640573739
3.76248074,0.026672770275425344
3.77045298,0.020782787823300525
3.77049541,0.04031433585107195
3.78452778,0.03450064850843061
3.78462934,0.0277103837644007
3.78946781,0.05151445792324712
3.78951979,0.05467307545586328
3.80347919,0.03642328526741436
3.81748199,0.042420080872816054
3.8175168,0.039917601281757836
3.82442141,0.018326085297932403
3.83345556,0.026504921034561684
3.83353591,0.03854428931105516
3.83847237,0.02038605325398642
3.83855152,0.02294956893263142
3.84846258,0.039337758449683374
3.84852886,0.024414435034714275
3.85846424,0.019562066071564813
3.85852981,0.0383764400701915
3.87148237,0.028747997253376057
3.88444161,0.017349507896543832
3.88449597,0.035828183413443196
3.88453245,0.033539330128938734
3.88456631,0.017349507896543832
3.89448476,0.03271534294651713
3.89454055,0.037796597238117034
3.90046239,0.01892118715190356
3.90051126,0.027573052567330433
3.91449213,0.039337758449683374
3.91455603,0.02111848630502785
3.9285078,0.02333104448004883
3.92858124,0.04002441443503471
3.94247794,0.024963759822995348
3.95046759,0.020309758144502938
3.95052958,0.03875791561760891
3.95246577,0.02883955138475624
3.95253849,0.01765468833447776
3.96149158,0.03672846570534829
3.96156597,0.03442435339894713
3.96949482,0.017380025940337225
3.96956754,0.0324101625085832
3.98346758,0.03764400701915007
3.98352838,0.01907377737087053
3.99748182,0.02822919050888838
3.99755597,0.03982604715037766
4.00248528,0.021606775005722133
4.01146722,0.02459754329747463
4.01151633,0.040833142595559625
4.01850319,0.02494850080109865
4.01857471,0.02102693217364767
4.0264976,0.04036011291676204
4.02664089,0.03065537499046311
4.03451371,0.018982223239490347
4.03458571,0.037247272449835965
4.04852772,0.0349736781872282
4.04860115,0.01936369878690776
4.07285547,0.03476005188067445
4.07292724,0.0392309452964065
4.07298326,0.02050812542915999
4.07303953,0.030670634012359806
4.07309008,0.04147402151522087
4.08247471,0.02269016556038758
4.08251691,0.0260166323338674
4.09052277,0.04238956282902266
4.09059381,0.027222095063706417
4.11501622,0.023086900129701687
4.11513758,0.04202334630350195
4.13242698,0.03164721141374838
4.13245249,0.02050812542915999
4.13247609,0.03852903028915847
4.13249969,0.03573662928206302
4.1325233,0.021179522392614634
4.15745521,0.036957351033798734
4.15748,0.04069581139848936
4.17043591,0.02178988326848249
4.17046094,0.03189135576409552
4.17243099,0.042999923704890516
4.17245483,0.024902723735408562
4.1724782,0.028168154421301595
4.19544768,0.0439459830624857
4.19552875,0.028473334859235522
4.19558311,0.024826428625925077
4.19943166,0.043549248493171586
4.19946671,0.03363088426031891
4.20641828,0.02354467078660258
4.20649028,0.041718165865568015
4.2194314,0.03717097734035248
4.21949053,0.021683070115205615
4.22542024,0.038117036697947665
4.2254684,0.04217593652246891
4.24946666,0.023422598611429007
4.24954486,0.03343251697566186
4.2495997,0.04377813382162203
4.24965119,0.02520790417334249
4.26449919,0.028824292362859542
4.26458025,0.04448004882887007
4.26463604,0.0290074006256199
4.26951241,0.0247348744945449
4.26958609,0.042328526741435876
4.28383684,0.031738765545128556
4.28390932,0.021652552071412222
4.2974925,0.039749752040894176
4.29758811,0.03559929808499275
4.31147957,0.020080872816052493
4.31155229,0.03529411764705882
4.31748772,0.03897154192416266
4.317559,0.02119478141451133
4.32388687,0.03181506065461204
4.32394791,0.04190127412832837
4.33848834,0.02362096589608606
4.33854604,0.02784771496147097
4.33858967,0.04507515068284123
4.34749937,0.034119172961013196
4.34756303,0.03735408560311284
4.37246656,0.06077668421454185
4.37253404,0.05168230716411078
4.37257862,0.034607461661707486
4.37261939,0.04231326771953918
4.37943649,0.033661402304112305
4.37948442,0.017517357137407492
4.39349341,0.03372243839169909
4.39355183,0.037201495384145876
4.39359379,0.018875410086213473
4.40849042,0.029434653238727397
4.40854263,0.03920042725261311
4.42553616,0.02034027618829633
4.42559361,0.024826428625925077
4.43444753,0.040039673456931414
4.43448281,0.02374303807125963
4.43944335,0.021560997940032044
4.43947124,0.039963378347447925
4.44855452,0.029266803997863737
4.44862676,0.019623102159151598
4.45745182,0.03851377126726177
4.45747733,0.03389028763256275
4.46042871,0.018646524757763027
4.48445582,0.03509575036240177
4.48449254,0.03773556115053025
4.48451519,0.019623102159151598
4.49450493,0.03048752574959945
4.49457598,0.04058899824521248
4.50252938,0.021805142290379186
4.50260782,0.026901655603875793
4.51172662,0.04182497901884489
4.51183796,0.025909819180590526
4.52447104,0.023422598611429007
4.52455926,0.041504539559014265
4.52942324,0.02954146639200427
4.55342698,0.02026398107881285
4.55349731,0.03859006637674525
4.55353546,0.03376821545738918
4.57752323,0.019043259327077136
4.57754755,0.03649958037689784
4.57756996,0.03906309605554284
4.57759166,0.020477607385366598
4.58541322,0.031784542610818645
4.58543849,0.040833142595559625
4.59241438,0.021927214465552756
4.5924387,0.027237354085603113
4.61144638,0.042420080872816054
4.61147165,0.02578774700541695
4.61841679,0.023804074158846417
4.6184535,0.04219119554436561
4.61848426,0.029907682917524988
4.61851358,0.021316853589684902
4.64256406,0.04025329976348516
4.6426363,0.03512626840619516
4.64269352,0.02021820401312276
4.64274669,0.036789501792935074
4.64612007,0.038788433661402305
4.64621925,0.020584420538643473
4.65451837,0.03271534294651713
4.65459228,0.04174868390936141
4.66252089,0.022568093385214007
4.68550467,0.027557793545433737
4.68556881,0.04301518272678721
4.68746424,0.026886396581979097
4.68752384,0.02481116960402838
4.69345307,0.042755779354543375
4.69348931,0.030457007705806057
4.70248127,0.021927214465552756
4.70253491,0.041428244449530784
4.71547127,0.0362706950484474
4.71551824,0.02162203402761883
4.73048544,0.03892576485847257
4.73054385,0.04080262455176623
4.73745942,0.022964827954528116
4.75450802,0.03468375677119097
4.75458097,0.043335622186617836
4.7594831,0.024673838406958113
4.75953889,0.0307011520561532
4.75958204,0.04550240329594873
4.75962234,0.028717479209582664
4.76948786,0.026459143968871595
4.76954126,0.04426642252231632
4.7845912,0.03141832608529793
4.78470922,0.02340733958953231
4.79753113,0.042420080872816054
4.79760361,0.03631647211413749
4.79766035,0.02145418478675517
4.81047487,0.037949187457084
4.81051421,0.03848325322346838
4.81279945,0.02026398107881285
4.82546639,0.032440680552376595
4.82552743,0.04039063096055543
4.83448982,0.021606775005722133
4.83455181,0.027603570611123826
4.83459306,0.04174868390936141
4.85843801,0.024780651560234988
4.85846758,0.023422598611429007
4.8584919,0.04081788357366293
4.85851526,0.028244449530785077
4.87346458,0.020309758144502938
4.8735199,0.03976501106279087
4.88259125,0.03578240634775311
4.8826499,0.02661173418783856
4.89046955,0.051392385748073546
4.89052033,0.05804531929503319
4.91447186,0.041992828259708556
4.91453719,0.04669260700389105
4.91457939,0.045014114595254444
4.91461873,0.02067597467002365
4.92847466,0.025650415808346684
4.9285295,0.040039673456931414
4.92857051,0.022064545662623027
4.94347334,0.020798046845197222
4.94351959,0.038910505836575876
4.94946504,0.025803006027313648
4.94952083,0.018188754100862136
4.96350169,0.0371099412527657
4.9635582,0.030121309224078737
4.98751235,0.01654077973601892
4.98759913,0.03425650415808347
4.98764396,0.034912642099641414
4.98768497,0.017624170290684367
4.9904561,0.029953459983215077
4.99051023,0.03810177767605097
4.99544024,0.019043259327077136
5.00451016,0.025879301136797133
5.00455618,0.03932249942778668
5.0184958,0.021667811093308918
5.01855183,0.02093537804226749
5.03249788,0.03898680094605936
5.03255033,0.025650415808346684
5.04652715,0.01812771801327535
5.04660654,0.036621652552071414
5.04665422,0.029236285954070344
5.04669619,0.016647592889295796
5.06150579,0.034271763179980166
5.0615623,0.033997100785839625
5.06160378,0.016937514305333027
5.07950211,0.030731670099946592
5.079561,0.038666361486228734
5.09352565,0.020279240100709545
5.09357882,0.027512016479743648
5.09851742,0.04113832303349355
5.09856558,0.023865110246433202
5.10453677,0.024719615472648202
5.10459018,0.04322880903334096
5.11848783,0.030212863355458915
5.11854601,0.023086900129701687
5.12447715,0.04336614023041123
5.12452626,0.03730830853742275
5.13046503,0.023941405355916687
5.1444695,0.04144350347142748
5.14450693,0.041931792172121764
5.15843511,0.02485694666971847
5.15846181,0.03875791561760891
5.16242957,0.04603646906233311
5.17543864,0.026932173647669186
5.17548943,0.03466849774929427
5.17744207,0.0477454795147631
5.17752028,0.029648279545281146
5.19147873,0.030167086289768826
5.19155741,0.04753185320820935
5.1975019,0.03254749370565347
5.22147202,0.0247348744945449
5.22155261,0.04411383230334936
5.22160912,0.0358129243915465
5.22166085,0.021606775005722133
5.22342706,0.039459830624856945
5.22346783,0.03846799420157168
5.23748136,0.020904859998474096
5.23753333,0.03472953383688106
5.24545336,0.041260395208667124
5.24551105,0.021606775005722133
5.26951909,0.029648279545281146
5.26958179,0.04341191729610132
5.26963091,0.02494850080109865
5.2714529,0.024963759822995348
5.27150941,0.04182497901884489
5.28444743,0.027344167238879988
5.28450489,0.022507057297627222
5.29046917,0.0413519493400473
5.29052043,0.032120241092545965
5.302701,0.01850919356069276
5.30279517,0.036621652552071414
5.31645823,0.034988937209124896
5.31650472,0.017242694743266958
5.32952023,0.031021591515983826
5.32957268,0.03692683299000534
5.33945322,0.01715114061188678
5.34346986,0.025406271457999542
5.34352422,0.03834592202639811
5.35248542,0.019562066071564813
5.35254145,0.02076752880140383
5.36145806,0.038239108873121236
5.3615222,0.023010605020218206
5.37048483,0.016769665064469367
5.370543,0.037079423208972305
5.39709401,0.02810711833371481
5.39720583,0.014908064393072405
5.40455008,0.029114213778896773
5.40476871,0.03578240634775311
5.40483928,0.016861219195849545
5.42849088,0.02713054093232624
5.42855024,0.04481574731059739
5.42859364,0.033829251544975965
5.42863464,0.04234378576333257
5.42867374,0.061081864652475774
5.4287138,0.04419012741283284
5.45348287,0.02708476386663615
5.45354247,0.03903257801174945
5.45948434,0.027908751049057757
5.45953226,0.015533684290836958
5.45957351,0.03347829404135195
5.45961261,0.0307011520561532
5.47346973,0.013595788509956512
5.47353411,0.023697261005569542
5.47357655,0.036530098420691236
5.49050021,0.01782253757534142
5.49056697,0.019211108567940796
5.49248219,0.03747615777828641
5.49253798,0.022980086976424813
5.50048447,0.017135881589990083
5.50056267,0.036697947661554896
5.5248673,0.02737468528267338
5.52495122,0.014984359502555887
5.5250268,0.029480430304417486
5.52509689,0.03517204547188525
5.5251646,0.01599145494773785
5.53950381,0.025223163195239186
5.53957009,0.03778133821622034
5.5514884,0.019089036392767225
5.55154657,0.02136263065537499
5.56449056,0.03808651865415427
5.56453657,0.022674906538490882
5.57846522,0.017242694743266958
5.57852745,0.03614862287327383
5.58748031,0.026031891355764097
5.58752751,0.014602883955138476
5.5958674,0.02967879758907454
5.59592962,0.0354009308003357
5.59597087,0.016113527122911423
5.60345149,0.025864042114900433
5.6035068,0.038574807354848556
5.61744356,0.020279240100709545
5.61749864,0.023041123064011598
5.63049626,0.039658197909514
5.63054419,0.024109254596780347
5.65505075,0.019378957808804456
5.65517044,0.039246204318303196
5.65671444,0.029800869764248113
5.6567626,0.01855497062638285
5.65679836,0.03797970550087739
5.65683365,0.035584039063096054
5.65860915,0.018539711604486152
5.67364383,0.03381399252307927
5.67374969,0.03863584344243534
5.68545961,0.019760433356221865
5.68549418,0.02920576791027695
5.69945407,0.04124513618677043
5.69948792,0.022674906538490882
5.70843792,0.02499427786678874
5.70847917,0.042206454566262305
5.71543097,0.026764324406805522
5.71547174,0.022507057297627222
5.73048949,0.041718165865568015
5.73054814,0.031494621194781414
5.73059034,0.020691233691920347
5.73950672,0.0392309452964065
5.73954487,0.03630121309224079
5.75348806,0.019623102159151598
5.75354528,0.03483634699015793
5.76747751,0.039627679865720605
5.7675283,0.020828564888990615
5.77245116,0.03163195239185168
5.77250433,0.04261844815747311
5.78043389,0.024048218509193562
5.78046989,0.026840619516289004
5.79844189,0.04345769436179141
5.79846787,0.0285648889906157
5.81441832,0.02423132677195392
5.81446671,0.043213550011444266
5.82780099,0.032654306858930345
5.82791138,0.021545738918135347
5.83312869,0.0405279621576257
5.83325267,0.03819333180743115
5.83855224,0.022125581750209813
5.83861399,0.037750820172426945
5.84848428,0.042160677500572216
5.84853101,0.023559929808499275
5.8605113,0.033829251544975965
5.8605628,0.04490730144197757
5.86247873,0.025848783093003737
5.89051962,0.02861066605630579
5.8905797,0.04522774090180819
5.89989734,0.029556725413900968
5.89995265,0.02511635004196231
5.9084909,0.04449530785076677
5.90855551,0.03390554665445945
5.91747952,0.022537575341420615
5.91753197,0.041626611734187836
5.91757202,0.03810177767605097
5.91761112,0.020859082932784007
5.93196559,0.03692683299000534
5.93208742,0.04132143129625391
5.93951106,0.02204928664072633
5.95354915,0.03210498207064927
5.95362186,0.04301518272678721
5.95367599,0.023605706874189364
5.95372725,0.027405203326466773
5.97750807,0.04341191729610132
5.97757792,0.027832455939574275
5.97763991,0.024032959487296866
5.97769523,0.04528877698939498
5.97945428,0.03993286030365453
5.97949266,0.03529411764705882
5.99345732,0.058869306477454794
5.99351287,0.056900892652780956
5.99355721,0.035828183413443196
6.01048183,0.040833142595559625
6.01055169,0.03764400701915007
6.02445459,0.01829556725413901
6.02450871,0.02946517128252079
6.02454972,0.03952086671244373
6.0245893,0.018997482261387044
6.03843999,0.022507057297627222
6.03847599,0.03959716182192721
6.04747057,0.023392080567635615
6.0475173,0.019501029983978027
6.07044196,0.039002059967956054
6.07046986,0.027832455939574275
6.0704937,0.01719691767757687
6.07642937,0.03654535744258793
6.0824573,0.0324101625085832
6.08251405,0.016327153429465172
6.09549189,0.032867933165484094
6.09557366,0.03739986266880293
6.09563065,0.01760891126878767
6.10146928,0.02789349202716106
6.11447549,0.03859006637674525
6.11452985,0.019806210421911954
6.1284554,0.024124513618677044
6.12851238,0.039673456931410694
6.14246821,0.023178454261081866
6.14252687,0.020157167925535974
6.14257026,0.03936827649347677
6.15244579,0.027679865720607308
6.15250611,0.017334248874647136
6.15844679,0.035660334172579536
6.15850568,0.03302052338445106
6.17245412,0.01765468833447776
6.17251039,0.03407339589532311
6.19672227,0.03735408560311284
6.19688201,0.018860151064316776
6.19696164,0.030594338902876324
6.19704676,0.04081788357366293
6.19711328,0.02145418478675517
6.2054677,0.02606240939955749
6.20552802,0.04194705119401846
6.21947694,0.02578774700541695
6.21953273,0.02307164110780499
6.22449923,0.04185549706263828
6.22455478,0.03002975509269856
6.24848747,0.020416571297779813
6.24854827,0.03936827649347677
6.24859023,0.034576943617914094
6.24863148,0.019378957808804456
6.26350689,0.03637750820172427
6.2635777,0.038742656595712216
6.26361942,0.020325017166399634
6.27247024,0.0319829098954757
6.27252126,0.04158083466849775
6.28548098,0.02230869001297017
6.2855289,0.02716105897611963
6.29247379,0.04286259250782025
6.29251933,0.025436789501792935
6.3084805,0.023254749370565347
6.30853915,0.04235904478522927
6.32352543,0.030975814450293737
6.32359648,0.02124055848020142
6.33047819,0.04007019150072481
6.3305397,0.035538261997405965
6.33250904,0.0200503547722591
6.34748912,0.036285954070344094
6.34754181,0.0388189517051957
6.35548759,0.020569161516746776
6.35554552,0.0324254215304799
6.3795011,0.04168764782177462
6.37956071,0.02221713588158999
6.39350033,0.027222095063706417
6.39356351,0.04267948424505989
6.39361525,0.025604638742656595
6.39366889,0.023361562523842222
6.41051722,0.04303044174868391
6.41057587,0.031326771953917754
6.41061807,0.02169832913710231
6.41447902,0.041504539559014265
6.41453886,0.03639276722362097
6.41645432,0.020752269779507133
6.43946886,0.038284885938811325
6.43953776,0.04019226367589838
6.43958378,0.021149004348821242
6.4396255,0.03335622186617838
6.43966675,0.0430609597924773
6.44945645,0.023651483939879453
6.44949126,0.029022659647516595
6.45846272,0.04385442893110551
6.4584868,0.026459143968871595
6.47448206,0.025131609063859008
6.47454596,0.04460212100404364
6.48349524,0.032654306858930345
6.48358822,0.023468375677119097
6.50554037,0.04278629739833677
6.50561881,0.03726253147173266
6.50745678,0.022354467078660258
6.50751424,0.039917601281757836
6.5124557,0.041336690318150605
6.51250148,0.022796978713664453
6.52579594,0.03488212405584802
6.5258863,0.044129091325246055
6.52746463,0.02439917601281758
6.54152203,0.02993820096131838
6.54157925,0.04438849469748989
6.5545094,0.026977950713359275
6.55456042,0.024750133516441595
6.56853104,0.04289311055161364
6.56859088,0.029724574654764628
6.56863499,0.021484702830548562
6.56867576,0.04068055237659266
6.5845263,0.03462272068360418
6.58458853,0.019928282597085525
6.58851528,0.03749141680018311
6.58857489,0.03904783703364614
6.59750509,0.020798046845197222
6.61152697,0.03291371023117418
6.6115799,0.0417792019531548
6.62472677,0.022400244144350347
6.624856,0.028641184100099183
6.62499046,0.04386968795300221
6.62512636,0.02732890821698329
6.63853312,0.029266803997863737
6.63858914,0.05421530479896239
6.64549661,0.04791332875562677
6.64554644,0.04243533989471275
6.6624887,0.0584267948424506
6.66258955,0.04386968795300221
6.66951704,0.02050812542915999
6.68353844,0.0349736781872282
6.68359041,0.03764400701915007
6.68949032,0.019211108567940796
6.68952775,0.03158617532616159
6.69549656,0.03968871595330739
6.69553709,0.01977569237811856
6.70245576,0.026245517662317846
6.70248246,0.041382467383840695
6.71846914,0.023865110246433202
6.71849585,0.022919050888838024
6.74246264,0.041336690318150605
6.74249625,0.02810711833371481
6.74252033,0.02038605325398642
6.75751758,0.03985656519417105
6.75758815,0.033615625238422216
6.75764084,0.01910429541466392
6.75769448,0.03671320668345159
6.76546097,0.037201495384145876
6.76549292,0.01907377737087053
6.77251554,0.03225757228961624
6.77256632,0.03999389639124132
6.79844761,0.020630197604333562
6.79847789,0.027145799954222935
6.80943227,0.04139772640573739
6.80945873,0.023559929808499275
6.81848073,0.02294956893263142
6.818537,0.04101625085831998
6.81857753,0.027954528114747846
6.81861758,0.020187685969329367
6.81865668,0.03930724040588998
6.82743955,0.03295948729686427
6.851717,0.019165331502250707
6.85185504,0.037415121690699625
6.85195136,0.03820859082932784
6.85202384,0.01974517433432517
6.85209155,0.033035782406347754
6.86245322,0.04097047379262989
6.86248899,0.0217441062027924
6.8744874,0.028595407034409093
6.87456608,0.042664225223163196
6.88353205,0.02481116960402838
6.88361025,0.024322880903334097
6.8975451,0.042832074464026856
6.8976202,0.029480430304417486
6.92050195,0.021759365224689096
6.92060804,0.04113832303349355
6.92244935,0.03405813687342641
6.92250228,0.020401312275883116
6.92253947,0.03822384985122454
6.922575,0.03808651865415427
6.92946434,0.019684138246738384
6.93851542,0.033539330128938734
6.93858957,0.041382467383840695
6.94753432,0.022064545662623027
6.94760704,0.02981612878614481
6.97453547,0.04373235675593194
6.97461104,0.025574120698863202
6.97466564,0.02532997634851606
6.9747169,0.043381399252307926
6.97752786,0.029602502479591057
6.97759962,0.022919050888838024
6.9905231,0.04281681544213016
6.99058819,0.035370412756542305
6.99249029,0.021423666742961776
7.00548625,0.039505607690547034
7.00554585,0.039719233997100784
7.0295105,0.022064545662623027
7.02957845,0.035156786449988556
7.0435555,0.04234378576333257
7.04362798,0.022796978713664453
7.05306005,0.03044174868390936
7.05319238,0.04399176012817579
7.06552052,0.025848783093003737
7.06558156,0.02639810788128481
7.06562829,0.04432745860990311
7.06567049,0.030167086289768826
7.07647514,0.022583352407110704
7.08906364,0.04147402151522087
7.08911324,0.033997100785839625
7.08914971,0.02059967956054017
7.08918381,0.03877317463950561
7.10243845,0.03820859082932784
7.10246539,0.020477607385366598
7.11549187,0.034363317311360345
7.11554289,0.04132143129625391
7.12160778,0.022354467078660258
7.12168407,0.029785610742351417
7.12981105,0.04290836957351034
7.12984681,0.024505989166094453
7.13906097,0.025818265049210344
7.13922596,0.04367132066834516
7.14790368,0.028931105516136417
7.14804006,0.021667811093308918
7.17151332,0.04089417868314641
7.17160058,0.03347829404135195
7.17164588,0.02072175173571374
7.17168641,0.03897154192416266
7.18055129,0.037415121690699625
7.1806252,0.02026398107881285
7.18949056,0.035492484931715876
7.18954945,0.04248111696040284
7.19448113,0.022613870450904097
7.2084825,0.03065537499046311
7.20853496,0.043884946974898906
7.21455526,0.025223163195239186
7.21462893,0.026153963530937668
7.22948933,0.04370183871213855
7.22958231,0.028946364538033113
7.24353981,0.022400244144350347
7.24359679,0.041260395208667124
7.24364114,0.033035782406347754
7.24368143,0.01940947585259785
7.25853062,0.03761348897535668
7.25859189,0.035828183413443196
7.25863647,0.01850919356069276
7.27148533,0.03317311360341802
7.27154016,0.039246204318303196
7.2945497,0.019226367589837492
7.29462552,0.02775616083009079
7.30851603,0.04113832303349355
7.30858731,0.022659647516594186
7.30864167,0.023651483939879453
7.30869389,0.04158083466849775
7.33251572,0.02639810788128481
7.33259249,0.02029449912260624
7.34047842,0.03982604715037766
7.34053063,0.03164721141374838
7.34057212,0.020920119020370793
7.34747005,0.0439154650186923
7.34751868,0.049225604638742655
7.35548711,0.037125200274662394
7.35554385,0.05313191424429694
7.37050748,0.05445944914930953
7.37057543,0.025391012436102846
7.37854648,0.028030823224231328
7.378618,0.03997863736934462
7.38749194,0.022003509575036242
7.38755322,0.023254749370565347
7.39853501,0.03994811932555123
7.39859271,0.024979018844892044
7.39863658,0.018860151064316776
7.40845656,0.03836118104829481
7.408494,0.02963302052338445
7.42246985,0.017593652246890974
7.43547201,0.0366826886396582
7.43553734,0.03471427481498436
7.43946648,0.01646448462653544
7.43952179,0.03146410315098802
7.44546342,0.03772030212863355
7.44552827,0.018310826276035707
7.45950842,0.02810711833371481
7.45957756,0.0405279621576257
7.45962334,0.021881437399862667
7.47448587,0.023529411764705882
7.47454667,0.04089417868314641
7.49848914,0.025574120698863202
7.49854708,0.019806210421911954
7.4985888,0.03904783703364614
7.49862862,0.030182345311665523
7.50043845,0.018142977035172047
7.50048208,0.03682001983672847
7.51596451,0.03402761882963302
7.51613879,0.01675440604257267
7.52349639,0.03237964446478981
7.52355671,0.038040741588464176
7.52847362,0.018646524757763027
7.5424881,0.02827496757457847
7.5425539,0.04046692607003891
7.55546927,0.022156099794003205
7.55553031,0.024002441443503473
7.56048226,0.04090943770504311
7.56053805,0.025909819180590526
7.56947351,0.02136263065537499
7.56953311,0.040497444113832305
7.58282995,0.03091477836270695
7.58299136,0.019134813458457314
7.59250188,0.0379339284351873
7.5925591,0.03585870145723659
7.60449839,0.01953154802777142
7.61950684,0.034576943617914094
7.61958003,0.03976501106279087
7.62348008,0.02067597467002365
7.62353301,0.02998397802700847
7.62949085,0.04191653315022507
7.62954021,0.02328526741435874
7.64052725,0.025818265049210344
7.64059949,0.042633707179369804
7.64258409,0.02713054093232624
7.6426549,0.022339208056763562
7.6665349,0.04231326771953918
7.66660619,0.032166018158236054
7.66666079,0.01998931868467231
7.6816144,0.03901731898985275
7.68168807,0.03637750820172427
7.68174243,0.019729915312428473
7.68177652,0.03543144884412909
7.69450092,0.040161745632104985
7.69454193,0.020782787823300525
7.70454168,0.030853742275120166
7.70461297,0.04281681544213016
7.71745372,0.02392614633401999
7.71747971,0.026337071793698024
7.73045993,0.0430609597924773
7.73049784,0.027527275501640344
7.73547697,0.023437857633325704
7.74945045,0.042969405661097124
7.74947834,0.03254749370565347
7.74950147,0.02017242694743267
7.74952435,0.03936827649347677
7.75743246,0.03584344243533989
7.75746226,0.01948577096208133
7.77047181,0.035324635690852216
7.77049804,0.03997863736934462
7.79543185,0.020141908903639278
7.79545665,0.029785610742351417
7.79745317,0.041214618142977034
7.79748392,0.022339208056763562
7.80549693,0.025345235370412757
7.80557656,0.04144350347142748
7.81459546,0.025864042114900433
7.81468821,0.022735942626077667
7.81473517,0.041672388799877925
7.82945228,0.030746929121843288
7.84489918,0.019684138246738384
7.84500885,0.03826962691691463
7.84508753,0.03459220263981079
7.84515738,0.018646524757763027
7.86052799,0.03476005188067445
7.86063099,0.03935301747158007
7.86068749,0.020111390859845885
7.87250781,0.030045014114595255
7.87258077,0.04173342488746471
7.88654065,0.022903791866941327
7.8866179,0.02594033722438392
7.91053438,0.04274052033264668
7.91060805,0.026764324406805522
7.92350698,0.022613870450904097
7.92358136,0.041931792172121764
7.92363691,0.031738765545128556
7.92368746,0.02029449912260624
7.94849777,0.03935301747158007
7.94856095,0.03642328526741436
7.94860554,0.019958800640878918
7.95552039,0.03588921950102998
7.95559192,0.03930724040588998
7.9684968,0.020569161516746776
7.96854424,0.03137254901960784
7.96858048,0.041962310215915156
7.96861553,0.02276646066987106
7.98345542,0.026886396581979097
7.98350525,0.043137254901960784
7.98361158,0.027237354085603113
7.98365855,0.02418554970626383
7.9974699,0.04362554360265507
7.99752212,0.03279163805600061
7.99756336,0.021652552071412222
8.00546527,0.040543221179522394
8.00551248,0.03698786907759213
8.01948333,0.02157625696192874
8.01954222,0.037293049515526054
8.03451753,0.03961242084382391
8.03458595,0.020477607385366598
8.04256511,0.03158617532616159
8.04263639,0.04269474326695659
8.04948997,0.023422598611429007
8.04954982,0.027237354085603113
8.05549455,0.04238956282902266
8.05554795,0.025177386129549097
8.06253362,0.021637293049515526
8.07943726,0.04158083466849775
8.07946348,0.03079270618753338
8.08946681,0.020584420538643473
8.0895009,0.039673456931410694
8.10342884,0.03466849774929427
8.10345411,0.018265049210345618
8.10347843,0.035202563515678645
8.1035018,0.03854428931105516
8.11343646,0.0200503547722591
8.11346602,0.03274586099031052
8.12753892,0.04754711223010605
8.12760997,0.035034714274814985
8.14278936,0.04489204242008087
8.14289951,0.061036087586785685
8.15650511,0.041504539559014265
8.1566143,0.029114213778896773
8.16149235,0.04139772640573739
8.16157103,0.02851911192492561
8.16948271,0.020157167925535974
8.16956186,0.03897154192416266
8.17849517,0.03308155947203784
8.17856097,0.01687647821774624
8.19250751,0.03347829404135195
8.19257283,0.0366826886396582
8.21458745,0.017792019531548027
8.214679,0.02925154497596704
8.21472454,0.03976501106279087
8.22350478,0.020447089341573205
8.22356606,0.024719615472648202
8.22952652,0.04069581139848936
8.229599,0.02383459220263981
8.2375536,0.021499961852445258
8.23762774,0.040329594872968645
8.24547458,0.02839703974975204
8.24552417,0.0187533379110399
8.26949096,0.03817807278553445
8.26957035,0.03305104142824445
8.2696259,0.017456321049820707
8.27659345,0.033997100785839625
8.27666521,0.03660639353017472
8.28252745,0.017975127794308383
8.28257561,0.029617761501487753
8.29050016,0.03961242084382391
8.29055953,0.02009613183794919
8.30455685,0.02499427786678874
8.30461645,0.04101625085831998
8.31850815,0.02442969405661097
8.31856704,0.022110322728313116
8.3325038,0.040161745632104985
8.33256674,0.027969787136644542
8.33261752,0.019516289005874723
8.33801222,0.03886472877088579
8.33813095,0.03376821545738918
8.35054445,0.018997482261387044
8.35061908,0.0354009308003357
8.3555038,0.03759822995345998
8.35555172,0.018982223239490347
8.36957145,0.0311284046692607
8.36962867,0.041382467383840695
8.39453912,0.021652552071412222
8.39460015,0.026550698100251773
8.40808439,0.04231326771953918
8.40820575,0.025879301136797133
8.40828156,0.024368657969024186
8.42048049,0.04217593652246891
8.42051864,0.030182345311665523
8.42055106,0.021423666742961776
8.42058444,0.041290913252460516
8.42744493,0.03530937666895552
8.42746925,0.020035095750362403
8.45044947,0.03759822995345998
8.45047474,0.03904783703364614
8.46056747,0.02009613183794919
8.46063972,0.03254749370565347
8.47064257,0.04165712977798123
8.47072148,0.022735942626077667
8.47076726,0.029358358129243915
8.47080851,0.044037537193865876
8.48555207,0.02652018005645838
8.4856534,0.024933241779201955
8.49451256,0.04318303196765087
8.49457097,0.03044174868390936
8.51754713,0.021469443808651865
8.51764798,0.041168841077286945
8.51770568,0.03500419623102159
8.51775765,0.019897764553292133
8.5344758,0.03767452506294346
8.5345552,0.03910887312123293
8.53461075,0.021133745326924545
8.53646183,0.03425650415808347
8.53651595,0.04235904478522927
8.54947066,0.02285801480125124
8.5495193,0.028809033340962846
8.56145477,0.04298466468299382
8.56151247,0.025101091020065615
8.57461452,0.023422598611429007
8.57468009,0.04130617227435721
8.58849335,0.028809033340962846
8.58855987,0.020904859998474096
8.58860564,0.040161745632104985
8.58864927,0.03392080567635614
8.59853363,0.019089036392767225
8.6035502,0.036362249179827576
8.6036222,0.0375066758220798
8.6178081,0.019256885633630885
8.61792994,0.03228809033340963
8.6310153,0.04034485389486534
8.6311357,0.02102693217364767
8.64559388,0.027176317998016328
8.64568281,0.04190127412832837
8.65053391,0.024322880903334097
8.65059328,0.0238803692683299
8.6586473,0.04289311055161364
8.658746,0.0298619058518349
8.66398931,0.02111848630502785
8.66767788,0.040161745632104985
8.66776681,0.033615625238422216
8.68152356,0.01969939726863508
8.68156195,0.03755245288776989
8.70446944,0.03846799420157168
8.70449996,0.019974059662775615
8.7045238,0.03302052338445106
8.70454907,0.04118410009918364
8.7244544,0.022354467078660258
8.72447944,0.029434653238727397
8.72450304,0.04386968795300221
8.72452641,0.026428625925078202
8.72745419,0.02606240939955749
8.74146175,0.044342717631799804
8.75452423,0.031189440756847486
8.75460696,0.022629129472800793
8.77950406,0.04141298542763409
8.77962804,0.03437857633325704
8.77968383,0.020813305867093918
8.77973485,0.03820859082932784
8.78244543,0.03810177767605097
8.78251123,0.018905928130006865
8.79045606,0.033112077515831236
8.79053521,0.04122987716487373
8.79646039,0.022125581750209813
8.81946826,0.027924010070954453
8.81954837,0.041260395208667124
8.81960344,0.023422598611429007
8.82444644,0.023254749370565347
8.82448983,0.04106202792401007
8.83355713,0.02699320973525597
8.83359623,0.019211108567940796
8.83941674,0.03901731898985275
8.83944273,0.0324101625085832
8.84841228,0.018356603341725796
8.84843731,0.03622491798275731
8.86244345,0.03694209201190204
8.86246943,0.018371862363622492
8.8824327,0.03192187380788891
8.88248754,0.04103150988021668
8.8958559,0.027740901808194093
8.89599395,0.04153505760280766
8.89606929,0.060318913557640956
8.89613962,0.04290836957351034
8.91958022,0.035538261997405965
8.91969132,0.044678416113527124
8.93348646,0.02661173418783856
8.93355393,0.017883573662928205
8.93363833,0.038040741588464176
8.93369102,0.030594338902876324
8.93373513,0.01687647821774624
8.94348359,0.03376821545738918
8.94354224,0.03466849774929427
8.95766044,0.01675440604257267
8.95777464,0.03131151293202106
8.97151613,0.03872739757381552
8.97158241,0.018982223239490347
8.97161841,0.026123445487144275
8.97165203,0.04022278171969177
8.98049498,0.022751201647974364
8.98054814,0.02294956893263142
8.98964953,0.04072632944228275
8.98975039,0.026413366903181506
8.99748278,0.019958800640878918
9.0094986,0.0396429388876173
9.00957084,0.031494621194781414
9.02254462,0.018097199969481958
9.02261829,0.03656061646448463
9.02800012,0.0357976653696498
9.02812862,0.017334248874647136
9.04042792,0.03167772945754177
9.04045796,0.0392156862745098
9.04750443,0.019943541618982222
9.04759121,0.02716105897611963
9.0616734,0.04013122758831159
9.06175303,0.02255283436331731
9.07452774,0.02337682154573892
9.082479,0.041168841077286945
9.08251691,0.02716105897611963
9.09145021,0.020416571297779813
9.09147525,0.04007019150072481
9.0914979,0.032166018158236054
9.09152079,0.019333180743114367
9.10643077,0.03778133821622034
9.11044478,0.03685053788052186
9.11049438,0.01910429541466392
9.13747263,0.03372243839169909
9.13754821,0.04022278171969177
9.1375854,0.020813305867093918
9.16169548,0.029480430304417486
9.16185308,0.04339665827420462
9.16193056,0.0247348744945449
9.16201234,0.026199740596627757
9.18563199,0.04473945220111391
9.18573523,0.030212863355458915
9.18581295,0.02288853284504463
9.18589664,0.04248111696040284
9.18752003,0.03425650415808347
9.18756914,0.021438925764858473
9.18760729,0.03930724040588998
9.18764186,0.03820859082932784
9.19773221,0.020813305867093918
9.2104888,0.03567559319447623
9.21055031,0.04164187075608453
9.22451901,0.02264438849469749
9.224576,0.03091477836270695
9.22954392,0.04415960936903945
9.22961736,0.025467307545586328
9.23546386,0.026672770275425344
9.23552346,0.04466315709163043
9.24446392,0.02993820096131838
9.2445178,0.02423132677195392
9.2584908,0.04370183871213855
9.25856233,0.034821087968261236
9.25861764,0.022278171969176776
9.28346491,0.04046692607003891
9.28352451,0.03904783703364614
9.28356862,0.02145418478675517
9.28360915,0.03617914091706722
9.29348755,0.0422369726100557
9.29354954,0.022796978713664453
9.30347276,0.03150988021667811
9.30353117,0.04411383230334936
9.3165071,0.025101091020065615
9.31654692,0.027069504844739453
9.3250308,0.0447699702449073
9.32515073,0.029449912260624093
9.34856462,0.023422598611429007
9.34864116,0.04284733348592355
9.34868741,0.03360036621652552
9.35247898,0.021377889677271687
9.35251331,0.039917601281757836
9.36017203,0.03790341039139391
9.36021972,0.020462348363469902
9.37346101,0.03564507515068284
9.37349057,0.04097047379262989
9.37351775,0.02136263065537499
9.37354517,0.030563820859082932
9.39842105,0.04274052033264668
9.40444851,0.02442969405661097
9.40449739,0.02656595712214847
9.41343164,0.042206454566262305
9.41345668,0.028473334859235522
9.41746068,0.023895628290226595
9.41748786,0.044174868390936144
9.42445779,0.034485389486533916
9.43848848,0.021606775005722133
9.43856835,0.040619516289005876
9.45255589,0.03906309605554284
9.4526341,0.02197299153124285
9.46651411,0.036789501792935074
9.46667719,0.041794460975051496
9.4667244,0.02243076218814374
9.49113393,0.03213550011444266
9.49127054,0.04428168154421302
9.49680638,0.024444953078507668
9.49701238,0.026855878538185704
9.50446725,0.04409857328145266
9.50452995,0.02801556420233463
9.50457597,0.022461280231937133
9.50461817,0.042298008697642483
9.51343536,0.032608529793240255
9.51349735,0.01974517433432517
9.52796984,0.03772030212863355
9.5280931,0.03488212405584802
9.54250288,0.018478675516899367
9.54648447,0.03445487144274052
9.54654098,0.03955138475623712
9.55460572,0.02034027618829633
9.5547061,0.03022812237735561
9.5609982,0.042999923704890516
9.56112313,0.024444953078507668
9.57351661,0.026031891355764097
9.57361889,0.04419012741283284
9.5875957,0.03396658274204623
9.58766913,0.03646906233310445
9.60047746,0.0597085526817731
9.60052776,0.05195696955825132
9.60056448,0.03543144884412909
9.60548019,0.04531929503318837
9.60554266,0.03682001983672847
9.6195178,0.01940947585259785
9.61958933,0.036285954070344094
9.62668991,0.04068055237659266
9.62676358,0.020355535210193027
9.63948822,0.029053177691309988
9.63954091,0.041168841077286945
9.65351772,0.02293430991073472
9.65359044,0.025696192874036773
9.66263533,0.04077210650797284
9.66272569,0.025467307545586328
9.66277575,0.021988250553139545
9.67147493,0.042877851529716945
9.67155266,0.0340886549172198
9.6844399,0.02026398107881285
9.68447447,0.03788815136949721
9.69397616,0.03743038071259632
9.69407868,0.020477607385366598
9.71746588,0.034988937209124896
9.71751595,0.038452735179674985
9.71755171,0.017959868772411687
9.71758485,0.02848859388113222
9.73352075,0.04119935912108034
9.73359442,0.021988250553139545
9.73365092,0.024338139925230793
9.73847198,0.04086366063935302
9.73854637,0.024704356450751506
9.75907373,0.020691233691920347
9.75910258,0.04055848020141909
9.78346467,0.03002975509269856
9.78349566,0.01855497062638285
9.78352022,0.03735408560311284
9.78354359,0.03405813687342641
9.78356814,0.0183413443198291
9.78359127,0.035080491340505074
9.79146147,0.03909361409933623
9.7974484,0.020019836728465707
9.80545568,0.0307011520561532
9.80549812,0.042252231631952394
9.83049536,0.023468375677119097
9.83056927,0.026901655603875793
9.83061314,0.04315251392385748
9.83448887,0.027222095063706417
9.8445096,0.022903791866941327
9.84456301,0.04202334630350195
9.84460497,0.03134203097581445
9.84464407,0.021545738918135347
9.85849857,0.040329594872968645
9.85855961,0.03700312809948882
9.85861135,0.02111848630502785
9.87347817,0.03616388189517052
9.8735373,0.039505607690547034
9.88758016,0.021011673151750974
9.88764,0.03163195239185168
9.9095397,0.04243533989471275
9.90961599,0.02349889372091249
9.90966058,0.02681010147249561
9.90970135,0.04318303196765087
9.9334898,0.027557793545433737
9.93355012,0.023682001983672846
9.9335928,0.04278629739833677
9.9336338,0.03259327077134356
9.93367386,0.022613870450904097
9.93646884,0.04122987716487373
9.93651342,0.036194399938963916
9.95968294,0.021210040436408027
9.9597764,0.03738460364690623
9.95985603,0.04069581139848936
9.95991635,0.022583352407110704
9.97449636,0.03314259555962463
9.97455859,0.04373235675593194
9.97460103,0.024612802319371328
9.97464037,0.02868696116578927
9.99157882,0.04452582589456016
9.9916296,0.02887006942854963
9.99169755,0.025055313954375526
10.01554728,0.04278629739833677
10.01560569,0.031692988479438466
10.0225203,0.021759365224689096
10.02256846,0.040009155413138014
10.02949762,0.03637750820172427
10.02955174,0.021301594567788205
10.03855515,0.036362249179827576
10.03860879,0.038452735179674985
10.04652572,0.02029449912260624
10.04657507,0.03179980163271534
10.05959821,0.04174868390936141
10.05966067,0.023025864042114902
10.0625422,0.027069504844739453
10.08745694,0.042252231631952394
10.08748531,0.026214999618524453
10.08750939,0.023651483939879453
10.08753276,0.04214541847867552
10.08755612,0.03108262760357061
10.10848713,0.0217441062027924
10.10855317,0.04077210650797284
10.10859632,0.03704890516517891
10.10863686,0.020462348363469902
10.1225512,0.03682001983672847
10.12260604,0.040619516289005876
10.13747239,0.02316319523918517
10.15954614,0.033203631647211414
10.15963173,0.042755779354543375
10.15967798,0.025146868085755704
10.15971994,0.02958724345769436
10.16278243,0.04385442893110551
10.16282678,0.027817196917677575
10.17054534,0.025268940260929275
10.17061949,0.04382391088731212
10.18051815,0.03245593957427329
10.1805675,0.021499961852445258
10.20351076,0.03956664377813382
10.20358658,0.035034714274814985
10.20364332,0.01931792172121767
10.21261668,0.03530937666895552
10.21271753,0.03759822995345998
10.2127912,0.018570229648279545
10.21286416,0.028809033340962846
10.22858238,0.03920042725261311
10.22866249,0.02136263065537499
10.23549676,0.026581216144045166
10.2355566,0.041428244449530784
10.24451733,0.024444953078507668
10.24458933,0.022171358815899902
10.26848912,0.039719233997100784
10.26854825,0.028824292362859542
10.26859331,0.021713588158999007
10.26863384,0.039887083237964444
10.26867294,0.03785763332570382
10.28402066,0.030121309224078737
10.28412008,0.0520332646677348
10.29263806,0.05766384374761578
10.29270625,0.03637750820172427
10.30252457,0.03723201342793927
10.30258226,0.03938353551537346
10.32651472,0.020660715648126955
10.32657433,0.026031891355764097
10.32661939,0.039414053559166856
10.32666111,0.022186617837796598
10.32670236,0.020141908903639278
10.33652425,0.03877317463950561
10.3365736,0.02635233081559472
10.3494978,0.018188754100862136
10.34953237,0.03613336385137713
10.35843301,0.03091477836270695
10.35845757,0.0174868390936141
10.38545489,0.034119172961013196
10.38548422,0.03489738307774472
10.38550973,0.016784924086366063
10.38553309,0.028168154421301595
10.39443493,0.037537193865873196
10.40252542,0.02026398107881285
10.40260506,0.025391012436102846
10.40945435,0.039124132143129625
10.40947938,0.023346303501945526
10.40950322,0.02186617837796597
10.40952587,0.03904783703364614
10.42444634,0.026947432669565882
10.44853377,0.018493934538796063
10.44861484,0.036530098420691236
10.44867206,0.030731670099946592
10.4487226,0.017181658655680172
10.44877219,0.03372243839169909
10.45854402,0.03555352101930266
10.45857835,0.018448157473105974
10.47448516,0.03048752574959945
10.47456503,0.03875791561760891
10.48248935,0.01965362020294499
10.48256803,0.02594033722438392
10.50850987,0.03985656519417105
10.50858617,0.024155031662470437
10.51851845,0.023102159151598384
10.51859832,0.0392309452964065
10.51865602,0.02699320973525597
10.5187068,0.02017242694743267
10.54248619,0.03897154192416266
10.54256701,0.032654306858930345
10.54262352,0.01821927214465553
10.55151963,0.034439612420843826
10.55159807,0.03546196688792248
10.55948925,0.018600747692072938
10.55955267,0.030670634012359806
10.56849957,0.03886472877088579
10.56855774,0.020660715648126955
10.58293676,0.026947432669565882
10.58305931,0.040497444113832305
10.59071088,0.023758297093156328
10.59079981,0.023254749370565347
10.59744668,0.04086366063935302
10.59750891,0.028717479209582664
10.5976181,0.020645456626230258
10.60947704,0.03904783703364614
10.6095295,0.03347829404135195
10.60957289,0.020019836728465707
10.60961294,0.03714045929655909
10.63546968,0.037872892347600516
10.63552952,0.020080872816052493
10.64146447,0.032394903486686506
10.64151883,0.040787365529869536
10.6494329,0.022919050888838024
10.64948153,0.029877164873731595
10.65646529,0.043045700770580606
10.65653849,0.02499427786678874
10.66245294,0.02366674296177615
10.67145729,0.04173342488746471
10.67150784,0.029724574654764628
10.69447207,0.021667811093308918
10.69453359,0.03939879453727016
10.69457197,0.033401998931868467
10.69460702,0.01977569237811856
10.70744872,0.036865796902418556
10.7075026,0.038239108873121236
10.71345448,0.020645456626230258
10.71351409,0.032562752727550166
10.72746086,0.04026855878538186
10.72750878,0.02252231631952392
10.72754478,0.029144731822690166
10.74242401,0.04267948424505989
10.74245191,0.024658579385061417
10.75548983,0.023819333180743113
10.75551724,0.04130617227435721
10.76943994,0.028900587472343024
10.76946807,0.021759365224689096
10.76949215,0.04007019150072481
10.76951551,0.03373769741359579
10.78443432,0.02009613183794919
10.78445959,0.037369344625009536
10.79043841,0.03784237430380712
10.79047132,0.020004577706569007
10.82049012,0.033371480888075074
10.82055783,0.04069581139848936
10.82846498,0.02191195544365606
10.82852817,0.029388876173037308
10.83543491,0.04295414663920043
10.83548403,0.02542153047989624
10.83552408,0.025558861676966506
10.83556294,0.04248111696040284
10.8499248,0.02912947280079347
10.85004997,0.022674906538490882
10.85951328,0.041504539559014265
10.85961533,0.03350881208514534
10.87243772,0.020202944991226063
10.88648701,0.038239108873121236
10.88653541,0.03765926604104677
10.88657641,0.01974517433432517
10.88661695,0.032867933165484094
10.90943456,0.03955138475623712
10.90948606,0.021316853589684902
10.90952659,0.028809033340962846
10.90956736,0.04174868390936141
10.90960693,0.024124513618677044
10.90964556,0.024460212100404364
10.9225235,0.041931792172121764
10.92263722,0.0281528953994049
10.93148589,0.021210040436408027
10.95463443,0.04026855878538186
10.95473862,0.03259327077134356
10.9547863,0.01965362020294499
10.95484829,0.037964446478980694
10.9574945,0.03904783703364614
10.95755029,0.02691691462577249
10.97045755,0.04676890211337453
10.97051311,0.0584115358205539
10.97955561,0.039459830624856945
10.97961831,0.040115968566414896
10.99353218,0.04498359655146105
10.99359107,0.023193713282978562
11.01149821,0.023651483939879453
11.01155424,0.040787365529869536
11.01159787,0.02545204852368963
11.01853085,0.01794460975051499
11.01860213,0.03747615777828641
11.02749467,0.03002975509269856
11.02755213,0.016769665064469367
11.04050279,0.034866865033951325
11.04054785,0.03363088426031891
11.04768181,0.01594567788204776
11.04778075,0.029663538567177843
11.07353806,0.036575875486381325
11.07361412,0.017853055619134812
11.07365918,0.02661173418783856
11.07646179,0.03904783703364614
11.07651353,0.02140840772106508
11.07945156,0.02316319523918517
11.07949471,0.0400854505226215
11.0934639,0.025574120698863202
11.09349251,0.019424734874494545
11.10243869,0.038803692683299
11.10246658,0.029877164873731595
11.1275084,0.017853055619134812
11.12756801,0.036194399938963916
11.12760997,0.03405813687342641
11.12765002,0.01684596017395285
11.14150405,0.032364385442893114
11.14155698,0.03871213855191882
11.14766979,0.019333180743114367
11.14777136,0.027405203326466773
11.16155171,0.04036011291676204
11.16164708,0.02255283436331731
11.17450118,0.023529411764705882
11.17456436,0.041886015106431675
11.21851134,0.026153963530937668
11.21857476,0.01974517433432517
11.21862078,0.04013122758831159
11.21866345,0.03219653620202945
11.21870399,0.019256885633630885
11.2284832,0.03649958037689784
11.22854424,0.03512626840619516
11.22858787,0.018570229648279545
11.2286315,0.03335622186617838
11.23747444,0.039627679865720605
11.23752522,0.020019836728465707
11.25049543,0.028168154421301595
11.25055718,0.040711070420386054
11.25949335,0.023682001983672846
11.25955224,0.02508583199816892
11.25959468,0.041092545967803464
11.25963378,0.026031891355764097
11.26847529,0.022278171969176776
11.27451444,0.041718165865568015
11.27458835,0.03204394598306248
11.28256822,0.020523384451056687
11.28264022,0.038574807354848556
11.29550004,0.03651483939879454
11.29555941,0.019806210421911954
11.31049347,0.03506523231860838
11.31054473,0.040711070420386054
11.32649159,0.021515220874341955
11.32655144,0.030472266727702754
11.32659554,0.042999923704890516
11.32663774,0.024292362859540704
11.32667756,0.027115281910429542
11.34149408,0.043717097734035246
11.3415482,0.027878233005264364
11.34945846,0.022735942626077667
11.3494978,0.0422369726100557
11.35743856,0.03251697566186008
11.35747385,0.02026398107881285
11.38044238,0.03894102388036927
11.38047028,0.03677424277103838
11.38342524,0.020065613794155796
11.38345027,0.03517204547188525
11.39042258,0.039658197909514
11.39044762,0.020523384451056687
11.39641786,0.02981612878614481
11.40942955,0.041718165865568015
11.40945435,0.022980086976424813
11.41552806,0.02566567483024338
11.4155848,0.04267948424505989
11.43947721,0.027389944304570077
11.439533,0.022125581750209813
11.46349287,0.04060425726710918
11.46355462,0.03117418173495079
11.46359992,0.020202944991226063
11.46364212,0.03904783703364614
11.47849178,0.03643854428931106
11.4785409,0.019836728465705347
11.47858191,0.035202563515678645
11.47862172,0.03993286030365453
11.49247503,0.020874341954680704
11.49255419,0.030472266727702754
11.4926002,0.042328526741435876
11.49264383,0.02406347753109026
11.51855612,0.0272983901731899
11.51862979,0.04415960936903945
11.51871347,0.028625925078202486
11.51876926,0.024841687647821773
11.523458,0.04411383230334936
11.52351642,0.034042877851529714
11.53147173,0.022827496757457846
11.53948259,0.04132143129625391
11.53953338,0.03886472877088579
11.55346036,0.022537575341420615
11.55351233,0.03822384985122454
11.56846261,0.04228274967574579
11.56851935,0.022705424582284275
11.58150482,0.03292896925307088
11.58158469,0.044296940566109715
11.58164048,0.024292362859540704
11.58169031,0.027649347676813915
11.59649181,0.04481574731059739
11.59655309,0.02917524986648356
11.596596,0.02426184481574731
11.60548306,0.04303044174868391
11.60553265,0.03309681849393454
11.61993837,0.020477607385366598
11.62007523,0.03930724040588998
11.63350463,0.0379339284351873
11.63358307,0.021667811093308918
11.64248872,0.03656061646448463
11.64253998,0.040329594872968645
11.65047884,0.02247653925383383
11.65052748,0.03363088426031891
11.65554714,0.04791332875562677
11.65562916,0.035660334172579536
11.66248608,0.044678416113527124
11.6724956,0.061081864652475774
11.67255044,0.04693675135423819
11.68660164,0.034363317311360345
11.68667269,0.044800488288700695
11.71054149,0.03201342793926909
11.71060252,0.02209506370641642
11.71064591,0.04034485389486534
11.71068597,0.03555352101930266
11.71249056,0.019211108567940796
11.7125299,0.03555352101930266
11.72551036,0.039459830624856945
11.72557092,0.02043183031967651
11.72748542,0.031143663691157397
11.73748136,0.04226749065384909
11.7516849,0.023422598611429007
11.75176501,0.026657511253528648
11.76548314,0.04357976653696498
11.76555157,0.026428625925078202
11.76559758,0.021499961852445258
11.76564217,0.04098573281452659
11.77950454,0.031158922713054094
11.77956176,0.020737010757610436
11.79345322,0.03939879453727016
11.79351997,0.0358129243915465
11.79356694,0.02017242694743267
11.81849551,0.03596551461051346
11.81857872,0.03918516823071641
11.81863499,0.02017242694743267
11.81868458,0.030807965209430077
11.82946014,0.04119935912108034
11.82953978,0.02238498512245365
11.83848071,0.02664225223163195
11.83852696,0.04243533989471275
11.84848046,0.026214999618524453
11.84853792,0.023224231326771955
11.86149383,0.04170290684367132
11.86155391,0.031204699778744183
11.87446618,0.021545738918135347
11.88854194,0.04019226367589838
11.88867998,0.03576714732585641
11.88872838,0.020950637064164186
11.88877177,0.03776607919432364
11.9025619,0.04127565423056382
11.90262103,0.022674906538490882
11.90755033,0.03346303501945525
11.90762305,0.04370183871213855
11.91358709,0.025467307545586328
11.91366005,0.030045014114595255
11.94459295,0.04531929503318837
11.94468331,0.02981612878614481
11.94473767,0.026337071793698024
11.95757461,0.04533455405508507
11.95765328,0.03479056992446784
11.95769739,0.0243076218814374
11.95773935,0.042801556420233464
11.97253323,0.03884946974898909
11.97260737,0.024292362859540704
11.97266316,0.040207522697795074
11.97271347,0.04185549706263828
11.97751045,0.023422598611429007
11.97760844,0.03514152742809186
11.98949933,0.04460212100404364
11.98956037,0.0255893797207599
12.00347257,0.03065537499046311
12.01818371,0.04502937361715114
12.01825476,0.028137636377508202
12.02547503,0.025818265049210344
12.02552414,0.04556343938353551
12.02745128,0.03459220263981079
12.027493,0.023849851224536506
12.0354476,0.042298008697642483
12.03548288,0.038498512245365074
12.06247473,0.023437857633325704
12.06250072,0.039337758449683374
12.06252551,0.04255741206988632
12.06254935,0.024368657969024186
12.06257272,0.03521782253757534
12.07745409,0.04440375371938659
12.07747889,0.025955596246280615
12.07750273,0.030930037384603648
12.07752562,0.046341649500267035
12.09246111,0.029907682917524988
12.0924859,0.027069504844739453
12.10545802,0.04512092774853132
12.10548234,0.03376821545738918
12.12246299,0.02418554970626383
12.12249374,0.04214541847867552
12.13345075,0.03689631494621195
12.13347602,0.022110322728313116
12.13849998,0.03918516823071641
12.13854623,0.041718165865568015
12.14754105,0.023437857633325704
12.14761543,0.03494316014343481
12.1604948,0.04455634393835355
12.16056275,0.026047150377660793
12.17048454,0.03160143434805829
12.17055202,0.04570077058060578
12.18368936,0.02763408865491722
12.18378997,0.025635156786449988
12.19751596,0.044007019150072484
12.19759345,0.032318608377203024
12.19763041,0.023483634699015793
12.20551395,0.041931792172121764
12.20556736,0.03665217059586481
12.21450949,0.022034027618829635
12.21456003,0.03820859082932784
12.22846508,0.04043640802624552
12.22852969,0.023178454261081866
12.24347448,0.03527885862516213
12.24353385,0.04386968795300221
12.26547122,0.025024795910582133
12.26553464,0.030426489662012664
12.26847315,0.04438849469748989
12.26851988,0.027771419851987486
12.26856041,0.026581216144045166
12.26860189,0.04414435034714275
12.26864147,0.03189135576409552
12.29178166,0.022674906538490882
12.29188752,0.04084840161745632
12.29192543,0.03543144884412909
12.29195881,0.021515220874341955
12.318501,0.03761348897535668
12.31856012,0.03920042725261311
12.31860328,0.021515220874341955
12.31864572,0.03302052338445106
12.32051396,0.041931792172121764
12.32056212,0.02264438849469749
12.33651233,0.02929732204165713
12.34448528,0.04362554360265507
12.34453487,0.026459143968871595
12.35597348,0.025223163195239186
12.35604429,0.043595025558861675
12.37950492,0.03175402456702525
12.37956381,0.023437857633325704
12.38955736,0.04402227817196918
12.38960695,0.04257267109178302
12.38964152,0.034241245136186774
12.38967514,0.05731288624399176
12.40249467,0.05900663767452506
12.40254951,0.0383764400701915
12.40259051,0.040924696726939803
12.40543604,0.04324406805523766
12.40547252,0.023697261005569542
12.41443944,0.030594338902876324
12.41447496,0.044586861982146946
12.42948961,0.026245517662317846
12.42954707,0.024170290684367133
12.44241762,0.04245059891660945
12.44244361,0.030121309224078737
12.45541978,0.021683070115205615
12.45544791,0.039749752040894176
12.45741177,0.03466849774929427
12.45743608,0.020828564888990615
12.47142863,0.038239108873121236
12.47147846,0.039459830624856945
12.48482442,0.021774624246585793
12.48492908,0.03393606469825284
12.49944735,0.04090943770504311
12.49951005,0.022034027618829635
12.51255488,0.02917524986648356
12.51264358,0.04335088120851453
12.51271367,0.025146868085755704
12.51278234,0.02406347753109026
12.52849054,0.04257267109178302
12.52856946,0.02975509269855802
12.5324409,0.02195773250934615
12.53250408,0.04069581139848936
12.53254914,0.033783474479285876
12.55751729,0.019378957808804456
12.55759454,0.03633173113603418
12.55764031,0.03698786907759213
12.55768442,0.01931792172121767
12.57244086,0.03164721141374838
12.57249212,0.03926146334019989
12.57843828,0.02067597467002365
12.57848811,0.027573052567330433
12.59048319,0.04153505760280766
12.59053659,0.024338139925230793
12.59244084,0.024322880903334097
12.61653733,0.04211490043488213
12.61660886,0.028259708552681773
12.61666346,0.020630197604333562
12.61671495,0.04048218509193561
12.62950826,0.03402761882963302
12.62956977,0.019958800640878918
12.63749695,0.03718623636224918
12.63754535,0.03851377126726177
12.66053605,0.02102693217364767
12.66060448,0.03372243839169909
12.66245747,0.041626611734187836
12.6624999,0.023529411764705882
12.66253281,0.030090791180285344
12.68750048,0.043717097734035246
12.6875627,0.026123445487144275
12.6876123,0.025909819180590526
12.68765998,0.04399176012817579
12.68949676,0.031952391851682305
12.68955135,0.023483634699015793
12.70344543,0.041626611734187836
12.703475,0.03485160601205463
12.71244264,0.020981155107957578
12.73644614,0.038498512245365074
12.73652124,0.039673456931410694
12.73657227,0.022491798275730526
12.73662186,0.03527885862516213
12.751436,0.04240482185091936
12.76044345,0.02374303807125963
12.76049757,0.03192187380788891
12.76340389,0.04550240329594873
12.76343632,0.02716105897611963
12.76941609,0.02699320973525597
12.76946497,0.04448004882887007
12.78245449,0.03131151293202106
12.782511,0.023437857633325704
12.79646564,0.04200808728160525
12.79652977,0.03439383535515374
12.80242801,0.021210040436408027
12.8124609,0.03904783703364614
12.81252527,0.038620584420538645
12.81256795,0.020691233691920347
12.81752181,0.03442435339894713
12.81755996,0.04202334630350195
12.82546663,0.023483634699015793
12.8255012,0.030411230640115968
12.83952379,0.04341191729610132
12.83959532,0.02504005493247883
12.85346103,0.024841687647821773
12.85349274,0.042084382391088734
12.86743808,0.028076600289921417
12.86746311,0.021820401312275882
12.86748648,0.04068055237659266
12.86750937,0.032730601968413826
12.88268614,0.019592584115358205
12.88278794,0.03761348897535668
12.89549732,0.03698786907759213
12.89555645,0.0196078431372549
12.91949725,0.03356984817273213
12.91956186,0.039673456931410694
12.91960597,0.02038605325398642
12.91965175,0.027878233005264364
12.92246389,0.04090943770504311
12.92250967,0.023422598611429007
12.92946911,0.024582284275577935
12.93851209,0.041626611734187836
12.93858576,0.027740901808194093
12.95250487,0.02140840772106508
12.95255399,0.040161745632104985
12.96551895,0.0324101625085832
12.96559119,0.019501029983978027
12.97954226,0.03706416418707561
12.97961497,0.03649958037689784
12.97967005,0.01998931868467231
12.97971964,0.034912642099641414
12.99049616,0.04130617227435721
12.99055672,0.02276646066987106
12.99651051,0.0311284046692607
13.01052594,0.04318303196765087
13.01059842,0.024200808728160526
13.02446198,0.02459754329747463
13.02452278,0.042542153047989625
13.03048921,0.029236285954070344
13.03056192,0.02255283436331731
13.03750062,0.04107728694590677
13.03757334,0.033203631647211414
13.05147028,0.019714656290531776
13.05152178,0.03732356755931945
13.05850935,0.03677424277103838
13.05858111,0.019180590524147403
13.06451535,0.032394903486686506
13.0874517,0.038452735179674985
13.08748007,0.01948577096208133
13.08750582,0.027618829633020522
13.09849381,0.0413519493400473
13.09857225,0.023865110246433202
13.09862757,0.024933241779201955
13.09867859,0.041794460975051496
13.11320114,0.027054245822842757
13.11328006,0.021484702830548562
13.12654424,0.04040588998245213
13.12664461,0.032990005340657665
13.12669134,0.023590447852292667
13.15148187,0.04789806973373007
13.15156245,0.05151445792324712
13.15162039,0.0383916990920882
13.15177298,0.0511787594415198
13.15750837,0.04936293583581292
13.15758133,0.02255283436331731
13.16848588,0.02835126268406195
13.16854835,0.040787365529869536
13.18248701,0.02252231631952392
13.1825521,0.022659647516594186
13.19548535,0.039581902800030516
13.19558477,0.02606240939955749
13.2044642,0.020325017166399634
13.21846724,0.03801022354467078
13.21851373,0.029495689326314183
13.22648454,0.01892118715190356
13.22653532,0.03718623636224918
13.2354815,0.033951323720149536
13.23555446,0.017135881589990083
13.23560905,0.031662470435645074
13.23947811,0.03726253147173266
13.25352144,0.01863126573586633
13.25359893,0.02746623941405356
13.26747966,0.03955138475623712
13.26754713,0.021393148699168384
13.26759124,0.023437857633325704
13.29048777,0.04089417868314641
13.29054308,0.025299458304722668
13.29058456,0.019470511940184634
13.29062486,0.038574807354848556
13.30448794,0.029053177691309988
13.30454373,0.017410543984130618
13.3104775,0.03552300297550927
13.31052351,0.03305104142824445
13.32043743,0.016617074845502403
13.32048464,0.03129625391012436
13.34345865,0.03726253147173266
13.34351611,0.018860151064316776
13.34355998,0.027954528114747846
13.34360027,0.039719233997100784
13.34363961,0.021881437399862667
13.35343719,0.02456702525368124
13.35347271,0.04153505760280766
13.35350752,0.026947432669565882
13.35354042,0.021896696421759364
13.36942768,0.04055848020141909
13.36945271,0.031662470435645074
13.38242555,0.020660715648126955
13.38245368,0.03904783703364614
13.39544535,0.03633173113603418
13.39547372,0.019897764553292133
13.40442967,0.03437857633325704
13.40445638,0.040711070420386054
13.40448022,0.023025864042114902
13.41957688,0.031952391851682305
13.41964889,0.04251163500419623
13.4274826,0.024841687647821773
13.42754245,0.02673380636301213
13.43950772,0.04248111696040284
13.43958139,0.027405203326466773
13.45643735,0.022781719691767757
13.45646262,0.041763942931258104
13.46743512,0.032486457618066684
13.46746302,0.02162203402761883
13.4674871,0.04036011291676204
13.4675107,0.0366674296177615
13.48149085,0.020187685969329367
13.48157287,0.03613336385137713
13.49448538,0.041886015106431675
13.49453664,0.023270008392462044
13.51844859,0.032318608377203024
13.51850963,0.043335622186617836
13.51855397,0.024383916990920882
13.51859403,0.027100022888532846
13.52042079,0.04411383230334936
13.52046275,0.02868696116578927
13.52943516,0.023956664377813384
13.53943443,0.04284733348592355
13.53948259,0.03250171663996338
13.54842782,0.02076752880140383
13.54847503,0.03906309605554284
13.57144308,0.035660334172579536
13.57149577,0.018997482261387044
13.58443713,0.03418020904859999
13.58448505,0.038834210727092394
13.58645678,0.020019836728465707
13.58650374,0.029724574654764628
13.5944643,0.041382467383840695
13.59451628,0.023086900129701687
13.60144687,0.026825360494392308
13.60744476,0.04336614023041123
13.6074903,0.026794842450598915
13.61543131,0.022415503166247044
13.6154778,0.0417792019531548
13.62945747,0.03181506065461204
13.62951612,0.02084382391088731
13.65345335,0.03894102388036927
13.65350223,0.03463797970550088
13.66745543,0.018371862363622492
13.66751313,0.034241245136186774
13.66755414,0.038666361486228734
13.66759372,0.019806210421911954
13.67444944,0.029571984435797664
13.6825211,0.03985656519417105
13.68259215,0.021438925764858473
13.69647121,0.02481116960402838
13.69653106,0.04089417868314641
13.70243645,0.024887464713511862
13.70247197,0.021774624246585793
13.71652269,0.04101625085831998
13.71659446,0.02865644312199588
13.71665049,0.01753261615930419
13.7167027,0.037079423208972305
13.7294488,0.034866865033951325
13.72949004,0.01850919356069276
13.73142028,0.033661402304112305
13.73941326,0.037750820172426945
13.74845815,0.01940947585259785
13.74853873,0.030121309224078737
13.76245785,0.04069581139848936
13.76253915,0.022751201647974364
13.76259685,0.02673380636301213
13.77741861,0.04303044174868391
13.7835207,0.027237354085603113
13.78360081,0.023437857633325704
13.78858519,0.04290836957351034
13.78869534,0.03247119859616999
13.79746246,0.021759365224689096
13.80547428,0.04034485389486534
13.80553961,0.03680476081483177
13.81453753,0.020492866407263294
13.81460285,0.034485389486533916
13.81464934,0.03906309605554284
13.83842373,0.021087968261234456
13.83845186,0.031036850537880523
13.8384769,0.0409399557488365
13.84549952,0.021896696421759364
13.8456099,0.025955596246280615
13.85947633,0.041763942931258104
13.85954523,0.025604638742656595
13.86144185,0.022674906538490882
13.86946893,0.04103150988021668
13.86954308,0.030518043793392843
13.91347623,0.020279240100709545
13.91355085,0.03886472877088579
13.91360521,0.03430228122377356
13.91365719,0.018310826276035707
13.92345285,0.03559929808499275
13.92351294,0.03906309605554284
13.92355895,0.02093537804226749
13.92360044,0.03418020904859999
13.94749069,0.05024795910582132
13.94756627,0.037796597238117034
13.9476223,0.04597543297474632
13.94767261,0.06050202182040131
13.94772148,0.03764400701915007
13.95752263,0.025513084611276417
13.95757055,0.03953612573434043
13.97146273,0.0277103837644007
13.97152233,0.017578393224994278
13.97156692,0.03544670786602579
13.97160792,0.030090791180285344
13.98147392,0.014785992217898832
13.9815464,0.026794842450598915
13.98953152,0.036575875486381325
13.98958015,0.01812771801327535
13.99451661,0.02255283436331731
14.00852275,0.03768978408484016
14.00858617,0.021011673151750974
14.0224762,0.018768596932936598
14.02251601,0.03808651865415427
14.02746916,0.026489662012664988
14.02753139,0.016449225604638743
14.03645539,0.03601129167620355
14.03649402,0.03192187380788891
14.0494802,0.016815442130159456
14.04951525,0.033539330128938734
14.05848598,0.03665217059586481
14.05852485,0.0170443274586099
14.06747389,0.029022659647516595
14.08247232,0.03848325322346838
14.08251619,0.019028000305180436
14.08846903,0.023895628290226595
14.08850908,0.03947508964675364
14.08854032,0.023849851224536506
14.08857083,0.022171358815899902
14.10445094,0.040955214770733196
14.10448146,0.027695124742504004
14.11244631,0.01770046540016785
14.1124742,0.03830014496070802
14.13645911,0.035156786449988556
14.13649726,0.019668879224841687
14.13652921,0.03552300297550927
14.13655925,0.0375066758220798
14.1515727,0.019256885633630885
14.15165138,0.03201342793926909
14.15846372,0.04151979858091096
14.15851903,0.022537575341420615
14.16746259,0.027222095063706417
14.16752243,0.04248111696040284
14.19549608,0.025803006027313648
14.19556117,0.02362096589608606
14.19947791,0.04151979858091096
14.19952774,0.029556725413900968
14.19956255,0.02119478141451133
14.20449233,0.040878919661249714
14.20455289,0.035370412756542305
14.21852255,0.020309758144502938
14.2186017,0.03706416418707561
14.22475243,0.03863584344243534
14.22480845,0.020569161516746776
14.23950815,0.032318608377203024
14.23955941,0.04147402151522087
14.25251985,0.02269016556038758
14.25256515,0.027481498435950255
14.27651238,0.04226749065384909
14.27658653,0.026428625925078202
14.27664137,0.025070572976272222
14.27669191,0.04344243533989471
14.27674127,0.030716411078049895
14.28654408,0.02153047989623865
14.28661942,0.04048218509193561
14.29948759,0.03459220263981079
14.29954648,0.01936369878690776
14.32446837,0.036087586785687034
14.32451606,0.03785763332570382
14.32455206,0.019333180743114367
14.32458568,0.031280994888227664
14.3334856,0.040283817807278556
14.33353543,0.02128633554589151
14.33357573,0.02639810788128481
14.33945823,0.04118410009918364
14.33950615,0.02447547112230106
14.35250545,0.022873273823147935
14.35254979,0.04084840161745632
14.35849404,0.02839703974975204
14.35854053,0.019836728465705347
14.38252521,0.039246204318303196
14.3825798,0.033997100785839625
14.38262272,0.01892118715190356
14.38266253,0.03578240634775311
14.39252639,0.0375219348439765
14.39257264,0.019333180743114367
14.39260721,0.03170824750133516
14.40755939,0.04060425726710918
14.40761256,0.022278171969176776
14.41755462,0.027313649195086595
14.41760564,0.04168764782177462
14.43952298,0.02520790417334249
14.43960023,0.02362096589608606
14.44550014,0.04132143129625391
14.4455452,0.02912947280079347
14.45847368,0.021057450217441064
14.45852971,0.04043640802624552
14.45857143,0.03543144884412909
14.4586122,0.02017242694743267
14.46144652,0.03622491798275731
14.47543812,0.03851377126726177
14.47547197,0.020416571297779813
14.48243237,0.032486457618066684
14.48245788,0.040833142595559625
14.50647879,0.022369726100556955
14.50651193,0.028809033340962846
14.50653672,0.04351873044937819
14.50656056,0.0260166323338674
14.51644945,0.024170290684367133
14.52247906,0.04190127412832837
14.52252913,0.029877164873731595
14.52256203,0.021255817502098116
14.54346704,0.04055848020141909
14.5435226,0.034439612420843826
14.54356456,0.020141908903639278
14.5604341,0.036789501792935074
14.56948042,0.03683527885862516
14.56954598,0.01858548867017624
14.56959796,0.03187609674219882
14.56964707,0.040451667048142216
14.58454084,0.02209506370641642
14.58461952,0.028198672465094988
14.5846765,0.042221713588159
14.59046245,0.025604638742656595
14.59050107,0.02435339894712749
14.60350323,0.04211490043488213
14.6035769,0.029266803997863737
14.62777519,0.021545738918135347
14.62792778,0.04034485389486534
14.62800884,0.03335622186617838
14.62808013,0.0196078431372549
14.63755012,0.03689631494621195
14.63763905,0.03714045929655909
14.64552307,0.018402380407415885
14.64559507,0.03181506065461204
14.65552616,0.03970397497520409
14.65559793,0.019897764553292133
14.65951633,0.026459143968871595
14.6825304,0.04022278171969177
14.68260169,0.022369726100556955
14.68264818,0.022369726100556955
14.68269086,0.040329594872968645
14.69253016,0.027954528114747846
14.69260335,0.0200503547722591
14.70656133,0.03926146334019989
14.70663476,0.032776379034103915
14.71246624,0.020325017166399634
14.71251488,0.03875791561760891
14.72449136,0.04260318913557641
14.72454882,0.030869001297016863
14.7385118,0.05050736247806516
14.75250602,0.06021210040436408
14.75256252,0.03903257801174945
14.76644802,0.03643854428931106
14.7664783,0.04312199588006409
14.76650643,0.02230869001297017
14.76653361,0.02288853284504463
14.77148104,0.04090943770504311
14.7715292,0.027222095063706417
14.77842951,0.01879911497672999
14.77845287,0.038162813763637754
14.8064363,0.03060959792477302
14.80646205,0.017669947356374456
14.80648565,0.035919737544823374
14.82258391,0.03573662928206302
14.82265615,0.017853055619134812
14.82749557,0.032028686961165787
14.82753277,0.039078355077439536
14.85150528,0.02009613183794919
14.85156536,0.027450980392156862
14.85160923,0.04165712977798123
14.85164976,0.023819333180743113
14.85168934,0.02357518883039597
14.85172868,0.04119935912108034
14.85845113,0.027679865720607308
14.85848713,0.020279240100709545
14.87944961,0.039749752040894176
14.87952685,0.0324101625085832
14.89377618,0.019333180743114367
14.89386201,0.03646906233310445
14.89392471,0.035706111238269625
14.89397693,0.01812771801327535
14.90349531,0.03228809033340963
14.90355778,0.0383916990920882
14.91247511,0.018524452582589456
14.91252494,0.026535439078355077
14.92651224,0.041504539559014265
14.92658496,0.02409399557488365
14.93449116,0.02406347753109026
14.94847941,0.041458762493324176
14.94853258,0.0281528953994049
14.9485755,0.0208896009765774
14.94861794,0.03942931258106355
14.95848703,0.031967650873579
14.95854378,0.019165331502250707
14.96744514,0.03698786907759213
14.96749425,0.03654535744258793
14.98147845,0.018448157473105974
14.98153114,0.03224231326771954
15.00449181,0.039337758449683374
15.00455165,0.020325017166399634
15.00459623,0.028046082246128024
15.00463629,0.040665293354695965
15.00467563,0.023651483939879453
15.01448393,0.0247348744945449
15.01453686,0.04202334630350195
15.02852583,0.027954528114747846
15.02859974,0.022232394903486687
15.03847718,0.040955214770733196
15.03853941,0.03291371023117418
15.06155181,0.02076752880140383
15.06162405,0.03843747615777829
15.06167865,0.036285954070344094
15.06172895,0.018326085297932403
15.06177831,0.033401998931868467
15.0775001,0.04063477531090257
15.07755947,0.021683070115205615
15.08148503,0.028885328450446328
15.08153629,0.04202334630350195
15.09448051,0.025024795910582133
15.0945313,0.024963759822995348
15.10749388,0.042710002288853285
15.10755229,0.02861066605630579
15.13152409,0.022125581750209813
15.13159084,0.04119935912108034
15.13163924,0.03343251697566186
15.1316824,0.020706492713817044
15.1317246,0.03887998779278248
15.13751101,0.03785763332570382
15.15152383,0.020355535210193027
15.15158105,0.03518730449378195
15.15748358,0.041214618142977034
15.15755439,0.02238498512245365
15.18147945,0.029877164873731595
15.18154573,0.04269474326695659
15.19453502,0.024460212100404364
15.19460464,0.025268940260929275
15.1946497,0.042374303807125965
15.19469142,0.029114213778896773
15.2084775,0.023941405355916687
15.21946764,0.041840238040741586
15.21952534,0.03297474631876097
15.21956873,0.020630197604333562
15.21961021,0.03904783703364614
15.22855616,0.03784237430380712
15.22862172,0.01974517433432517
15.24248934,0.03358510719462882
15.24254608,0.0401007095445182
15.26649857,0.022110322728313116
15.26656747,0.030457007705806057
15.26661038,0.042999923704890516
15.26665235,0.024246585793850615
15.26669598,0.025604638742656595
15.26949048,0.04293888761730373
15.26953554,0.02877851529716945
15.2825129,0.022369726100556955
15.28256893,0.041458762493324176
15.2965591,0.03234912642099642
15.2966311,0.020157167925535974
15.3196559,0.0383764400701915
15.3197298,0.036194399938963916
15.3197844,0.01931792172121767
15.31983542,0.03384451056687266
15.32354069,0.03887998779278248
15.3236146,0.019958800640878918
15.33150434,0.029312581063553826
15.33750415,0.04310673685816739
15.33755088,0.02442969405661097
15.35153103,0.026291294728007935
15.35158181,0.04336614023041123
15.36451197,0.0277103837644007
15.3645606,0.021438925764858473
15.37849808,0.04097047379262989
15.3785553,0.033539330128938734
15.37860274,0.021728847180895704
15.37864542,0.03886472877088579
15.39347887,0.03656061646448463
15.39352131,0.020325017166399634
15.39356112,0.03521782253757534
15.40852571,0.040375371938658734
15.40859842,0.02067597467002365
15.41452456,0.029053177691309988
15.41459632,0.04139772640573739
15.4335041,0.023865110246433202
15.4335525,0.024750133516441595
15.44746089,0.041092545967803464
15.44749618,0.026794842450598915
15.44752502,0.02204928664072633
15.4475534,0.04103150988021668
15.45750022,0.03134203097581445
15.45754719,0.0196078431372549
15.4625535,0.03819333180743115
15.47643566,0.03598077363241016
15.47646213,0.019562066071564813
15.49051952,0.03607232776379034
15.49059033,0.04592965590905623
15.50354004,0.03355458915083543
15.50359917,0.04829480430304418
15.5036428,0.060746166170748454
15.50368309,0.039917601281757836
15.51350999,0.03312733653772793
15.51355743,0.04361028458075837
15.53849816,0.027954528114747846
15.53855586,0.023010605020218206
15.5424509,0.04084840161745632
15.54251242,0.030075532158388648
15.55547333,0.017746242465857938
15.55552149,0.03643854428931106
15.55948853,0.034485389486533916
15.55954981,0.018234531166552225
15.56846833,0.0332646677347982
15.56853056,0.03836118104829481
15.58246922,0.019256885633630885
15.58253574,0.02835126268406195
15.59149814,0.04048218509193561
15.59157753,0.021805142290379186
15.60445762,0.023865110246433202
15.61847949,0.04084840161745632
15.61853647,0.025467307545586328
15.61857986,0.02076752880140383
15.61862087,0.039246204318303196
15.64251804,0.030045014114595255
15.64257598,0.018112458991378654
15.6426208,0.0366826886396582
15.64266276,0.03389028763256275
15.64548016,0.017578393224994278
15.64553142,0.03352407110704204
15.65921855,0.03755245288776989
15.65929079,0.018448157473105974
15.6725173,0.028580148012512397
15.68149066,0.03999389639124132
15.68154407,0.021255817502098116
15.68951273,0.02504005493247883
15.68956327,0.042298008697642483
15.69446993,0.0277103837644007
15.69451427,0.022339208056763562
15.70354724,0.04031433585107195
15.70366669,0.03147936217288472
15.71346331,0.019714656290531776
15.71351266,0.0388189517051957
15.73050141,0.036621652552071414
15.73056436,0.018829633020523383
15.7434907,0.033615625238422216
15.74355197,0.03904783703364614
15.74361539,0.021484702830548562
15.75346065,0.03164721141374838
15.75349832,0.04180971999694819
15.75846457,0.023865110246433202
15.75850534,0.02758831158922713
15.76842737,0.04397650110627909
15.76845455,0.027862973983367668
15.7914288,0.023132677195391776
15.79145837,0.04118410009918364
15.79148293,0.03308155947203784
15.79150605,0.021484702830548562
15.79152966,0.0392156862745098
15.8064363,0.036530098420691236
15.80646253,0.020737010757610436
15.8194375,0.036087586785687034
15.81946301,0.04042114900434882
15.82451248,0.021683070115205615
15.82456207,0.03150988021667811
15.83849263,0.0426489662012665
15.83854294,0.024383916990920882
15.86244297,0.026947432669565882
15.86247087,0.04251163500419623
15.86249542,0.026977950713359275
15.86251879,0.02357518883039597
15.87245178,0.042252231631952394
15.8724997,0.03164721141374838
15.88648582,0.020477607385366598
15.88656545,0.03904783703364614
15.88662243,0.03613336385137713
15.89145803,0.020325017166399634
15.91449976,0.03573662928206302
15.9145813,0.039719233997100784
15.91648364,0.020691233691920347
15.91656399,0.030777447165636684
15.92451048,0.041214618142977034
15.92459059,0.02276646066987106
15.9265244,0.025955596246280615
15.93949151,0.04213015945677882
15.93955445,0.026367589837491417
15.94853497,0.021881437399862667
15.94860625,0.040878919661249714
15.97249937,0.030807965209430077
15.97256207,0.02050812542915999
15.9726069,0.03897154192416266
15.97264886,0.03442435339894713
15.98252249,0.018356603341725796
15.98259473,0.03485160601205463
15.98951769,0.039246204318303196
15.98957825,0.021515220874341955
15.99458766,0.031143663691157397
16.00852919,0.04036011291676204
16.00860095,0.021713588158999007
16.0185504,0.026825360494392308
16.01862144,0.04286259250782025
16.04351234,0.025848783093003737
16.04359031,0.021301594567788205
16.04364657,0.041046768902113374
16.04369831,0.031525139238574806
16.04648137,0.021896696421759364
16.04653811,0.039749752040894176
16.05952978,0.03479056992446784
16.05958891,0.019943541618982222
16.06159139,0.036408026245517665
16.06952477,0.039749752040894176
16.06957507,0.021164263370717938
16.09352779,0.032654306858930345
16.09357738,0.04281681544213016
16.09847593,0.02337682154573892
16.09851217,0.027008468757152668
16.10444045,0.04312199588006409
16.10447598,0.027725642786297397
16.11343551,0.02435339894712749
16.11345983,0.043427176317998015
16.13351941,0.033157854581521325
16.13354373,0.022583352407110704
16.13697338,0.04098573281452659
16.15944242,0.03717097734035248
16.15946794,0.021255817502098116
16.15949154,0.03677424277103838
16.18445516,0.03955138475623712
16.18453503,0.021316853589684902
16.18459201,0.032776379034103915
16.18464446,0.042420080872816054
16.18469453,0.02328526741435874
16.18643379,0.027405203326466773
16.18647051,0.04328984512092775
16.19447136,0.026047150377660793
16.19450784,0.02285801480125124
16.20944667,0.04168764782177462
16.20950198,0.030350194552529183
16.22352433,0.019760433356221865
16.22360349,0.038117036697947665
16.23850727,0.03414969100480659
16.23857832,0.018814373998626687
16.2386291,0.03451590753032731
16.2386713,0.037033646143282216
16.24649739,0.01855497062638285
16.24655247,0.030243381399252308
16.25945282,0.04040588998245213
16.25950527,0.023422598611429007
16.26244235,0.031143663691157397
16.27446985,0.052811474784466315
16.27451992,0.041962310215915156
16.28843069,0.042923628595407035
16.288481,0.0597238117036698
16.29748225,0.04077210650797284
16.29755497,0.022354467078660258
16.30248427,0.037949187457084
16.30255604,0.03384451056687266
16.31249499,0.019592584115358205
16.3125701,0.033707179369802394
16.32652164,0.03630121309224079
16.3265748,0.017471580071717403
16.326617,0.028336003662165255
16.34348512,0.03875791561760891
16.34354591,0.019806210421911954
16.35748911,0.0247348744945449
16.35753775,0.04040588998245213
16.35757804,0.023437857633325704
16.35761666,0.02093537804226749
16.3675108,0.040115968566414896
16.36758304,0.029312581063553826
16.38147354,0.01948577096208133
16.38153481,0.03808651865415427
16.38944697,0.033661402304112305
16.3894949,0.018768596932936598
16.4035511,0.035370412756542305
16.41754436,0.03807125963225757
16.41761684,0.019333180743114367
16.41767168,0.030380712596322575
16.41772223,0.040039673456931414
16.42752552,0.020798046845197222
16.42759681,0.026123445487144275
16.43645501,0.04119935912108034
16.43649125,0.023849851224536506
16.4484241,0.021179522392614634
16.44845104,0.03994811932555123
16.47251821,0.028549629968719004
16.47257161,0.018814373998626687
16.47260737,0.03790341039139391
16.47264194,0.033707179369802394
16.47267795,0.018783855954833294
16.48245811,0.035370412756542305
16.48249364,0.038284885938811325
16.49143124,0.019684138246738384
16.49145603,0.03137254901960784
16.50443959,0.04119935912108034
16.50447249,0.02169832913710231
16.52943134,0.026504921034561684
16.53762341,0.04151979858091096
16.53773332,0.024673838406958113
16.53781581,0.02191195544365606
16.55147505,0.04118410009918364
16.55154085,0.029846646829938202
16.55158734,0.020798046845197222
16.56443882,0.03982604715037766
16.56446886,0.034607461661707486
16.56449676,0.0196078431372549
16.57344723,0.03639276722362097
16.57348585,0.0383916990920882
16.57351542,0.020325017166399634
16.58343506,0.032730601968413826
16.59649229,0.041428244449530784
16.59654164,0.02264438849469749
16.59657431,0.028458075837338826
16.60950184,0.04473945220111391
16.60956883,0.0264438849469749
16.61852026,0.023941405355916687
16.61859226,0.043381399252307926
16.62448311,0.03143358510719463
16.62454462,0.022507057297627222
16.63797045,0.04127565423056382
16.63808537,0.03607232776379034
16.64647079,0.020950637064164186
16.64652967,0.03706416418707561
16.67004609,0.0396429388876173
16.67016768,0.022583352407110704
16.67024279,0.034821087968261236
16.6715517,0.0426489662012665
16.67160416,0.024048218509193562
16.68549132,0.0302738994430457
16.6855514,0.04495307850766766
16.69149446,0.027832455939574275
16.6915462,0.026077668421454186
16.70462656,0.044174868390936144
16.70470858,0.03187609674219882
16.72860789,0.022583352407110704
16.72874284,0.04139772640573739
16.72881746,0.035370412756542305
16.72890639,0.020462348363469902
16.7289772,0.03730830853742275
16.73878193,0.03904783703364614
16.73886967,0.02145418478675517
16.74848247,0.03358510719462882
16.74854183,0.04290836957351034
16.76151896,0.023315785458152133
16.76157618,0.027908751049057757
16.7855401,0.042542153047989625
16.78560042,0.02528419928282597
16.78564525,0.024109254596780347
16.78568578,0.04318303196765087
16.7915628,0.029770351720454717
16.79161477,0.020874341954680704
16.79753947,0.04040588998245213
16.80648613,0.03488212405584802
16.80652881,0.02026398107881285
16.81446576,0.03735408560311284
16.8144958,0.03797970550087739
16.82859492,0.01965362020294499
16.82866669,0.032394903486686506
16.84252906,0.04086366063935302
16.84258986,0.02140840772106508
16.8564508,0.027359426260776684
16.85647774,0.041763942931258104
16.85650349,0.024933241779201955
16.85652804,0.02442969405661097
16.87252021,0.04245059891660945
16.87259126,0.02951094834821088
16.88652492,0.021515220874341955
16.88660574,0.04139772640573739
16.88666224,0.03529411764705882
16.90251517,0.02162203402761883
16.91452408,0.03836118104829481
16.91465259,0.03903257801174945
16.93787336,0.021057450217441064
16.93811369,0.03358510719462882
16.93822765,0.04202334630350195
16.93831348,0.023086900129701687
16.94746184,0.028747997253376057
16.94752645,0.04397650110627909
16.94757295,0.0272983901731899
16.95249343,0.025101091020065615
16.95256543,0.042328526741435876
16.96497869,0.028976882581826506
16.96508098,0.021133745326924545
16.97858667,0.04086366063935302
16.97868443,0.03405813687342641
17.00271773,0.01907377737087053
17.00285292,0.03620965896086061
17.00290918,0.03749141680018311
17.0029633,0.020065613794155796
17.00301981,0.033401998931868467
17.00458026,0.04124513618677043
17.00462818,0.021820401312275882
17.01849031,0.028534370946822308
17.01854849,0.0426489662012665
17.02750301,0.025696192874036773
17.02755666,0.028076600289921417
17.04154515,0.05224689097428855
17.04162574,0.0451972228580148
17.05448914,0.04081788357366293
17.05454659,0.05847257190814069
17.06147075,0.044632639047837035
17.06151819,0.022659647516594186
17.06155872,0.03733882658121614
17.07158208,0.037872892347600516
17.07163024,0.018982223239490347
17.08545613,0.03088426031891356
17.08549309,0.03906309605554284
17.09842467,0.019623102159151598
17.09845114,0.02583352407110704
17.10743427,0.039963378347447925
17.10747981,0.02255283436331731
17.11344242,0.02214084077210651
17.11349034,0.04031433585107195
17.12741518,0.02749675745784695
17.12744093,0.01991302357518883
17.12746406,0.039169909208819714
17.14242387,0.03146410315098802
17.14244938,0.017425803006027314
17.15251708,0.03529411764705882
17.15259314,0.035492484931715876
17.16442776,0.017257953765163654
17.16445541,0.030502784771496146
17.17344427,0.03826962691691463
17.17347264,0.01948577096208133
17.17941999,0.02578774700541695
17.17944622,0.03985656519417105
17.20746946,0.022903791866941327
17.20749712,0.022247653925383384
17.21753049,0.039795529106584265
17.21761012,0.027283131151293202
17.23160386,0.019470511940184634
17.23174477,0.03765926604104677
17.23182273,0.030945296406500344
17.23189235,0.018310826276035707
17.25456977,0.03512626840619516
17.254673,0.03576714732585641
17.26152444,0.019562066071564813
17.26160336,0.03245593957427329
17.27452421,0.03842221713588159
17.27461672,0.019836728465705347
17.27466369,0.027649347676813915
17.27651739,0.04235904478522927
17.27659011,0.02485694666971847
17.28755546,0.02464332036316472
17.28763032,0.042328526741435876
17.31155419,0.0281528953994049
17.31163931,0.020965896086060882
17.31169868,0.04060425726710918
17.31174231,0.033493553063248645
17.31178331,0.019928282597085525
17.31182504,0.03778133821622034
17.32652116,0.03761348897535668
17.32657242,0.01991302357518883
17.32661366,0.03356984817273213
17.34150052,0.041046768902113374
17.34156752,0.022232394903486687
17.35449243,0.02934309910734722
17.35454416,0.04248111696040284
17.36853337,0.023865110246433202
17.36858201,0.024460212100404364
17.36862206,0.04243533989471275
17.3686614,0.02920576791027695
17.37845683,0.02264438849469749
17.37851334,0.04113832303349355
17.3924439,0.03346303501945525
17.39249516,0.01965362020294499
17.39253616,0.03756771190966659
17.41146612,0.03767452506294346
17.41152716,0.020309758144502938
17.42458749,0.03401235980773632
17.42463851,0.040543221179522394
17.42468047,0.021667811093308918
17.42472076,0.02981612878614481
17.43944883,0.04336614023041123
17.43948412,0.02542153047989624
17.44642997,0.025467307545586328
17.44646335,0.043137254901960784
17.4595201,0.02937361715114061
17.45958185,0.02221713588158999
17.48451877,0.041214618142977034
17.48459244,0.03355458915083543
17.48464775,0.019974059662775615
17.49243855,0.03759822995345998
17.4924767,0.03717097734035248
17.49251032,0.01986724650949874
17.50253415,0.03414969100480659
17.50261235,0.04090943770504311
17.51148653,0.021683070115205615
17.51156545,0.029114213778896773
17.53465486,0.04251163500419623
17.53476453,0.025024795910582133
17.53484082,0.02511635004196231
17.53948379,0.04257267109178302
17.53953862,0.02801556420233463
17.54851484,0.02145418478675517
17.54857492,0.041763942931258104
17.55750871,0.03347829404135195
17.55755591,0.01940947585259785
17.57249188,0.03825436789501793
17.57257676,0.03756771190966659
17.58951402,0.019760433356221865
17.58957338,0.0345616845960174
17.60368395,0.040665293354695965
17.60374522,0.021087968261234456
17.60379219,0.02963302052338445
17.61807561,0.04277103837644007
17.61812854,0.025024795910582133
17.6315186,0.026672770275425344
17.63157272,0.04332036316472114
17.63161492,0.028381780727855344
17.63165689,0.022842755779354542
17.63951492,0.042252231631952394
17.63956118,0.03401235980773632
17.6492331,0.020965896086060882
17.64929318,0.039459830624856945
17.66253233,0.03884946974898909
17.66259193,0.02119478141451133
17.67261529,0.03547722590981918
17.68651557,0.042374303807125965
17.68659377,0.02307164110780499
17.68663216,0.030685893034256503
17.68666625,0.04274052033264668
17.69347811,0.024719615472648202
17.69353509,0.02575722896162356
17.70756316,0.042542153047989625
17.70762277,0.028122377355611506
17.71385908,0.021881437399862667
17.71406555,0.04068055237659266
17.73756981,0.03247119859616999
17.73765206,0.01977569237811856
17.7377069,0.03797970550087739
17.73950434,0.03683527885862516
17.73955107,0.019302662699320974
17.76345372,0.03385976958876936
17.76348615,0.04013122758831159
17.76351094,0.02243076218814374
17.76353455,0.03398184176394293
17.76647973,0.052307927061875335
17.76652789,0.040009155413138014
17.7774303,0.045258258945601586
17.77745581,0.060196841382467385
17.80144525,0.037369344625009536
17.80147386,0.022613870450904097
17.80149746,0.0396429388876173
17.80152106,0.032272831311512935
17.80154443,0.019287403677424278
17.81645393,0.03561455710688945
17.81648207,0.03389028763256275
17.82443428,0.017639429312581063
17.82446003,0.032120241092545965
17.83852148,0.03813229571984436
17.83856916,0.018692301823453116
17.8524518,0.02699320973525597
17.85247874,0.03932249942778668
17.86846519,0.022018768596932938
17.86849165,0.023727779049362935
17.87150145,0.04074158846417945
17.87154913,0.02618448157473106
17.87960076,0.021011673151750974
17.87971115,0.040207522697795074
17.8934896,0.03048752574959945
17.89355063,0.01808194094758526
17.90652633,0.03634699015793088
17.9065752,0.03485160601205463
17.92948651,0.0178988326848249
17.92954779,0.03305104142824445
17.93143749,0.03901731898985275
17.93148351,0.019974059662775615
17.9315176,0.02887006942854963
17.93955731,0.041458762493324176
17.93963432,0.022613870450904097
17.94868755,0.02409399557488365
17.94880843,0.04164187075608453
17.95849991,0.026047150377660793
17.95855331,0.021087968261234456
17.98164439,0.041336690318150605
17.98172903,0.03280689707789731
17.98177791,0.020279240100709545
17.98181272,0.03790341039139391
17.99150896,0.03613336385137713
17.9915688,0.019501029983978027
17.99161267,0.034988937209124896
18.00651145,0.04080262455176623
18.00656295,0.02209506370641642
18.02053761,0.030212863355458915
18.02059484,0.042710002288853285
18.03350568,0.024902723735408562
18.03355956,0.02647440299076829
18.07765579,0.04341191729610132
18.0777607,0.028717479209582664
18.0778501,0.023254749370565347
18.07792854,0.04240482185091936
18.07799888,0.03405813687342641
18.0780654,0.022339208056763562
18.07813191,0.04097047379262989
18.07947993,0.038956282902265965
18.07951617,0.021759365224689096
18.0845015,0.03649958037689784
18.08455729,0.041336690318150605
18.10802913,0.02214084077210651
18.10812998,0.030716411078049895
18.10822701,0.04341191729610132
18.10829592,0.02571145189593347
18.117589,0.028000305180437935
18.11770892,0.04422064545662623
18.12259769,0.028824292362859542
18.12264872,0.023422598611429007
18.12849498,0.042542153047989625
18.14248753,0.03334096284428168
18.1425128,0.02140840772106508
18.14853239,0.04002441443503471
18.14857578,0.03682001983672847
18.16344786,0.019623102159151598
18.1634779,0.035416189822232394
18.17647481,0.040497444113832305
18.17650199,0.02102693217364767
18.18246222,0.030090791180285344
18.18248916,0.042801556420233464
18.19346547,0.024292362859540704
18.19349408,0.026703288319218737
18.2045691,0.043335622186617836
18.20466948,0.027649347676813915
18.22253108,0.02357518883039597
18.22261977,0.04303044174868391
18.23780775,0.033234149691004806
18.23789096,0.022278171969176776
18.24949908,0.04118410009918364
18.24956965,0.03860532539864195
18.25149608,0.023025864042114902
18.25154185,0.03831540398260472
18.25651073,0.043884946974898906
18.25667787,0.025345235370412757
18.26244664,0.0358129243915465
18.27658176,0.047684443427176315
18.27664304,0.02839703974975204
18.29151154,0.03079270618753338
18.29157519,0.04740978103303578
18.29747963,0.032532234683756774
18.29754329,0.027527275501640344
18.30351281,0.04643320363164721
18.30355954,0.03620965896086061
18.31746292,0.02397192339971008
18.31753969,0.04303044174868391
18.32346058,0.04048218509193561
18.32351732,0.023941405355916687
18.32947659,0.03904783703364614
18.35348749,0.0434882124055848
18.35354424,0.024383916990920882
18.35358787,0.03376821545738918
18.35362864,0.04557869840543221
18.36853194,0.026245517662317846
18.36858535,0.02873273823147936
18.36862755,0.044922560463874266
18.36866736,0.028717479209582664
18.37855721,0.023804074158846417
18.37862396,0.04261844815747311
18.39248967,0.03276112001220722
18.39254594,0.0217441062027924
18.39258742,0.03935301747158007
18.41753197,0.035706111238269625
18.41760039,0.018478675516899367
18.41763759,0.03437857633325704
18.41767573,0.03889524681467918
18.42748976,0.0200503547722591
18.42754483,0.030182345311665523
18.43747211,0.04107728694590677
18.43752289,0.022415503166247044
18.44947076,0.02485694666971847
18.44950962,0.04115358205539025
18.45748401,0.02561989776455329
18.45753574,0.021301594567788205
18.48079515,0.039459830624856945
18.48091555,0.03015182726787213
18.48101783,0.024170290684367133
18.48646879,0.04957656214236667
18.49645209,0.05233844510566873
18.49652243,0.03949034866865034
18.49656487,0.05084306095979248
18.49660563,0.046387426565957124
18.51460505,0.020523384451056687
18.51473022,0.028168154421301595
18.5375073,0.03987182421606775
18.53756285,0.020111390859845885
18.53760552,0.021728847180895704
18.53764701,0.03747615777828641
18.53768659,0.0225986114290074
18.5525403,0.018814373998626687
18.55259562,0.03820859082932784
18.55846906,0.027725642786297397
18.55851865,0.016662851911192492
18.57251143,0.0349736781872282
18.57257795,0.03208972304875257
18.57261825,0.01696803234912642
18.58653712,0.031494621194781414
18.60648084,0.03500419623102159
18.60654736,0.01599145494773785
18.60659218,0.02708476386663615
18.60663247,0.03846799420157168
18.60667157,0.019836728465705347
18.61645865,0.023422598611429007
18.616503,0.039337758449683374
18.6254766,0.023422598611429007
18.62552881,0.01991302357518883
18.63347912,0.03871213855191882
18.63352919,0.027771419851987486
18.65747786,0.01722743572137026
18.65753579,0.037415121690699625
18.66348314,0.03356984817273213
18.66353345,0.01637293049515526
18.66357446,0.03215075913633936
18.67153835,0.036789501792935074
18.67158699,0.01850919356069276
18.69146729,0.029480430304417486
18.69153023,0.040115968566414896
18.69157481,0.02093537804226749
18.6916151,0.0247348744945449
18.71646309,0.041046768902113374
18.71653676,0.024719615472648202
18.7165792,0.020920119020370793
18.71662092,0.03976501106279087
18.7314446,0.029327840085450523
18.73149467,0.01940947585259785
18.7315352,0.03831540398260472
18.73644376,0.03451590753032731
18.73649025,0.01855497062638285
18.7495544,0.03504997329671168
18.74959254,0.03842221713588159
18.75843406,0.019333180743114367
18.758461,0.029922941939421684
18.77243638,0.041123064011596856
18.77246213,0.022125581750209813
18.79643726,0.02549782558937972
18.7964654,0.0413519493400473
18.8084352,0.025146868085755704
18.80846381,0.022400244144350347
18.80848837,0.04174868390936141
18.81842303,0.029953459983215077
18.81845093,0.01872281986724651
18.81847501,0.03781185626001373
18.81850004,0.03445487144274052
18.82641721,0.018326085297932403
18.82644367,0.03437857633325704
18.83841896,0.03799496452277409
18.8624711,0.019378957808804456
18.86254978,0.02993820096131838
18.86259484,0.04063477531090257
18.86263704,0.022201876859693295
18.8626771,0.027222095063706417
18.87253761,0.04278629739833677
18.87264466,0.025574120698863202
18.8727026,0.02272068360418097
18.88646936,0.041931792172121764
18.8865118,0.031067368581673915
18.89141893,0.020813305867093918
18.91664934,0.03961242084382391
18.91680503,0.035324635690852216
18.91685081,0.01943999389639124
18.9168942,0.036041809719996945
18.92645454,0.03910887312123293
18.92653561,0.020660715648126955
18.92657995,0.03158617532616159
18.94154859,0.04144350347142748
18.9416213,0.021713588158999007
18.94655609,0.02639810788128481
18.94662809,0.041504539559014265
18.95949411,0.025528343633173113
18.95956683,0.02255283436331731
18.97355032,0.040711070420386054
18.9736228,0.02832074464026856
18.98249888,0.01948577096208133
18.98254895,0.03886472877088579
18.99150229,0.03425650415808347
18.99157405,0.018432898451209278
18.99162912,0.03518730449378195
19.00663805,0.03826962691691463
19.00673747,0.019470511940184634
19.0148108,0.030243381399252308
19.01496243,0.04090943770504311
19.03851175,0.02269016556038758
19.03858757,0.026977950713359275
19.0386436,0.04245059891660945
19.03869534,0.02589456015869383
19.048599,0.023224231326771955
19.04867959,0.04260318913557641
19.05749202,0.031952391851682305
19.05754972,0.021133745326924545
19.0634551,0.03938353551537346
19.07248044,0.035538261997405965
19.07253003,0.019180590524147403
19.0964582,0.03665217059586481
19.09651423,0.038330663004501414
19.10848618,0.019226367589837492
19.10853457,0.030640115968566414
19.11782479,0.039078355077439536
19.11794639,0.02076752880140383
19.1315136,0.025909819180590526
19.13157988,0.041763942931258104
19.13161707,0.025635156786449988
19.13165259,0.022613870450904097
19.13948727,0.041718165865568015
19.15349865,0.030167086289768826
19.15353203,0.020157167925535974
19.15356255,0.03897154192416266
19.16747308,0.03483634699015793
19.16753602,0.020080872816052493
19.16757917,0.03714045929655909
19.17244029,0.04118410009918364
19.17946696,0.028213931486991684
19.17952204,0.046463721675440606
19.19349909,0.060654612039368276
19.19356489,0.042999923704890516
19.19361138,0.04081788357366293
19.20850348,0.04806591897459373
19.2085824,0.02746623941405356
19.22262216,0.02285801480125124
19.22271538,0.04106202792401007
19.23657346,0.02839703974975204
19.2366538,0.018951705195696954
19.23670983,0.03755245288776989
19.23676062,0.032562752727550166
19.24668288,0.017761501487754634
19.24683046,0.03466849774929427
19.24690843,0.03704890516517891
19.25947976,0.01892118715190356
19.25951743,0.030518043793392843
19.27446747,0.03994811932555123
19.27451563,0.021011673151750974
19.2892499,0.025726710917830166
19.28943896,0.040619516289005876
19.29353476,0.024460212100404364
19.29359722,0.02178988326848249
19.30254889,0.04084840161745632
19.30262065,0.02925154497596704
19.31655669,0.0200503547722591
19.31662965,0.03942931258106355
19.32159185,0.03413443198290989
19.32166386,0.017883573662928205
19.33451223,0.0345616845960174
19.34856844,0.037201495384145876
19.3486402,0.01872281986724651
19.34869552,0.030075532158388648
19.34874511,0.040329594872968645
19.36349869,0.02128633554589151
19.36355734,0.026428625925078202
19.36748147,0.04156557564660105
19.36753106,0.02459754329747463
19.38148069,0.023346303501945526
19.38153052,0.04226749065384909
19.39449263,0.030045014114595255
19.39454794,0.020584420538643473
19.40349364,0.039505607690547034
19.41828489,0.03480582894636454
19.4184444,0.020645456626230258
19.4236095,0.038406958113984896
19.42367578,0.03947508964675364
19.42950416,0.022034027618829635
19.42955232,0.03392080567635614
19.43652558,0.041886015106431675
19.43658209,0.023422598611429007
19.44950175,0.028717479209582664
19.44953775,0.04428168154421302
19.4735496,0.026413366903181506
19.4736321,0.0243076218814374
19.47367907,0.04336614023041123
19.49147296,0.031097886625467308
19.49150276,0.022796978713664453
19.49152708,0.041718165865568015
19.49154997,0.036697947661554896
19.50645781,0.022171358815899902
19.50648308,0.039749752040894176
19.50650644,0.04107728694590677
19.50652981,0.02221713588158999
19.52545786,0.03488212405584802
19.55656958,0.04399176012817579
19.5566504,0.02406347753109026
19.55673409,0.03006027313649195
19.5568018,0.04626535439078355
19.55691934,0.02951094834821088
19.55938125,0.0260166323338674
19.55946803,0.044968337529564355
19.55952454,0.033783474479285876
19.55956006,0.024795910582131684
19.56845427,0.04319829098954757
19.5685339,0.03784237430380712
19.56858945,0.02276646066987106
19.59467196,0.0400854505226215
19.59471059,0.04190127412832837
19.59474277,0.023315785458152133
19.59477234,0.035538261997405965
19.60748172,0.04440375371938659
19.60753655,0.02491798275730526
19.61448693,0.03079270618753338
19.61454391,0.046173800259403375
19.62746048,0.029312581063553826
19.62752271,0.026489662012664988
19.64148641,0.04536507209887846
19.64154577,0.032867933165484094
19.6545403,0.023270008392462044
19.65458846,0.04168764782177462
19.66448498,0.03616388189517052
19.66454482,0.02119478141451133
19.66458917,0.03799496452277409
19.68252659,0.039337758449683374
19.68257666,0.021377889677271687
19.68261766,0.03372243839169909
19.68265748,0.04213015945677882
19.69250703,0.022613870450904097
19.6925559,0.029221026932173648
19.71649289,0.04498359655146105
19.7165494,0.027740901808194093
19.71659112,0.02566567483024338
19.71663046,0.04379339284351873
19.72646308,0.031952391851682305
19.72651291,0.0238803692683299
19.72655773,0.043961242084382395
19.74248648,0.03761348897535668
19.74253654,0.022964827954528116
19.7475245,0.03994811932555123
19.74757433,0.03956664377813382
19.77143931,0.021881437399862667
19.77146792,0.034607461661707486
19.77743816,0.04312199588006409
19.7774632,0.023422598611429007
19.77748656,0.029831387808041506
19.77750969,0.044708934157320517
19.79243731,0.027054245822842757
19.79246688,0.025574120698863202
19.79249096,0.04426642252231632
19.80843806,0.031403067063401235
19.82948065,0.02209506370641642
19.82954693,0.04065003433279927
19.82959318,0.0349584191653315
19.84343958,0.020706492713817044
19.84346461,0.03842221713588159
19.84348798,0.03930724040588998
19.84351063,0.02124055848020142
19.85650349,0.03341725795376516
19.85654354,0.04312199588006409
19.86944151,0.026214999618524453
19.86946797,0.03772030212863355
19.87857389,0.05792324711985962
19.87868404,0.045517662317845424
19.88801098,0.044846265354390784
19.8881495,0.05705348287174792
19.90243649,0.036194399938963916
19.9025166,0.021255817502098116
19.91445971,0.03903257801174945
19.9145391,0.03390554665445945
19.9214592,0.019333180743114367
19.92153859,0.03607232776379034
19.93046951,0.03685053788052186
19.93053436,0.01829556725413901
19.93058372,0.031036850537880523
19.9384737,0.039627679865720605
19.93851995,0.020447089341573205
19.95247436,0.02681010147249561
19.95252061,0.041214618142977034
19.97148442,0.02418554970626383
19.97154546,0.023132677195391776
19.97647619,0.04075684748607614
19.97652292,0.02763408865491722
19.98247361,0.01982146944380865
19.98252058,0.03981078812848096
19.9964354,0.03347829404135195
19.99649763,0.017410543984130618
19.99653983,0.03451590753032731
20.00644255,0.03573662928206302
20.00649571,0.01753261615930419
20.01544118,0.030304417486839094
20.01549053,0.03904783703364614
20.03845525,0.020202944991226063
20.03851056,0.026581216144045166
20.03855228,0.0409399557488365
20.03859282,0.023773556115053024
20.04444003,0.022705424582284275
20.04448652,0.041458762493324176
20.05845237,0.028091859311818113
20.05850053,0.019623102159151598
20.06344676,0.03932249942778668
20.07744694,0.034699015793087665
20.07749963,0.01998931868467231
20.08951139,0.036743724727244985
20.08961511,0.03733882658121614
20.09547925,0.019501029983978027
20.09553885,0.03314259555962463
20.10343695,0.042206454566262305
20.10347414,0.023346303501945526
20.11242056,0.030212863355458915
20.11244512,0.044007019150072484
20.12241745,0.026459143968871595
20.12244201,0.02630655374990463
20.1364255,0.044800488288700695
20.16342425,0.030472266727702754
20.1634531,0.02294956893263142
20.16347742,0.04293888761730373
20.18450093,0.03578240634775311
20.18458176,0.020874341954680704
20.18463826,0.03865110246433204
20.18468881,0.03932249942778668
20.19351315,0.021499961852445258
20.19360399,0.03434805828946365
20.19367337,0.04180971999694819
20.19374585,0.023086900129701687
20.20747137,0.030212863355458915
20.20753264,0.044174868390936144
20.22146225,0.0264438849469749
20.2214973,0.025726710917830166
20.22152781,0.043595025558861675
20.22943997,0.03100633249408713
20.22950125,0.023147936217288473
20.23443508,0.04202334630350195
20.23449492,0.03527885862516213
20.24943566,0.021255817502098116
20.24950552,0.039581902800030516
20.25753808,0.039337758449683374
20.25759959,0.021713588158999007
20.26643109,0.03489738307774472
20.28948832,0.042252231631952394
20.28954101,0.022903791866941327
20.29144311,0.030243381399252308
20.29148984,0.04379339284351873
20.29152536,0.026504921034561684
20.29155827,0.026932173647669186
20.30244684,0.04472419317921721
20.30250287,0.03100633249408713
20.31545115,0.023605706874189364
20.31550336,0.04217593652246891
20.32373142,0.034485389486533916
20.3238399,0.02084382391088731
20.33849406,0.03985656519417105
20.34948111,0.040207522697795074
20.3495295,0.020523384451056687
20.35762239,0.0349736781872282
20.35766554,0.04332036316472114
20.35769963,0.022827496757457846
20.35773349,0.030182345311665523
20.37246323,0.044800488288700695
20.37251973,0.027481498435950255
20.38145113,0.027618829633020522
20.38150287,0.04557869840543221
20.40445137,0.03224231326771954
20.4045105,0.024704356450751506
20.40455389,0.04473945220111391
20.40642786,0.03764400701915007
20.40646982,0.023483634699015793
20.41445112,0.04029907682917525
20.41448665,0.039963378347447925
20.42843986,0.022873273823147935
20.42847085,0.03543144884412909
20.43341494,0.04252689402609293
20.43343902,0.02320897230487526
20.45142937,0.030777447165636684
20.45145392,0.04426642252231632
20.47441936,0.02542153047989624
20.47444582,0.02459754329747463
20.47446966,0.04240482185091936
20.49141121,0.028793774319066146
20.49143672,0.021896696421759364
20.49441433,0.041168841077286945
20.49443889,0.03346303501945525
20.50142884,0.01957732509346151
20.51045132,0.037628747997253374
20.51053214,0.038162813763637754
20.51059198,0.020752269779507133
20.51841831,0.03573662928206302
20.53345203,0.04675364309147784
20.53351855,0.033371480888075074
20.53356361,0.047180895704585335
20.55754352,0.06083772030212863
20.55761075,0.03973449301899748
20.5576725,0.029663538567177843
20.55771351,0.04124513618677043
20.55949187,0.02668802929732204
20.55953932,0.020569161516746776
20.57447863,0.04023804074158847
20.57454014,0.031158922713054094
20.5874753,0.016113527122911423
20.58755064,0.03489738307774472
20.60143304,0.03518730449378195
20.60150027,0.016861219195849545
20.60154486,0.03138780804150454
20.60158539,0.03810177767605097
20.60162449,0.018310826276035707
20.61648893,0.025650415808346684
20.61653996,0.04013122758831159
20.62485003,0.02323949034866865
20.62499571,0.023468375677119097
20.64849615,0.041214618142977034
20.64856195,0.02668802929732204
20.64860773,0.019790951400015258
20.64864993,0.039749752040894176
20.66348505,0.031998168917372394
20.66354132,0.017837796597238116
20.66358352,0.03675898374914168
20.67147732,0.03692683299000534
20.67153311,0.01889066910811017
20.68449354,0.03266956588082704
20.68455601,0.03973449301899748
20.69948888,0.02029449912260624
20.69954371,0.02754253452353704
20.71248007,0.04081788357366293
20.71253276,0.022735942626077667
20.71256995,0.023941405355916687
20.71260357,0.04205386434729534
20.72749496,0.027908751049057757
20.72755408,0.021805142290379186
20.72759795,0.041596093690394444
20.74260187,0.03442435339894713
20.74270082,0.021179522392614634
20.74848557,0.03817807278553445
20.7485342,0.0371099412527657
20.76650977,0.018646524757763027
20.76657033,0.0328526741435874
20.80451608,0.04005493247882811
20.80457401,0.020965896086060882
20.80647111,0.029022659647516595
20.80651402,0.042755779354543375
20.80655384,0.024841687647821773
20.80659246,0.025345235370412757
20.80850244,0.04257267109178302
20.80854416,0.02827496757457847
20.8244648,0.02191195544365606
20.82457852,0.041046768902113374
20.83347774,0.03271534294651713
20.83354068,0.019424734874494545
20.83358097,0.03784237430380712
20.84748268,0.037079423208972305
20.84752631,0.019378957808804456
20.84756136,0.033157854581521325
20.85750699,0.039917601281757836
20.85758758,0.02050812542915999
20.85764432,0.027908751049057757
20.87249756,0.042221713588159
20.87257528,0.024200808728160526
20.89648628,0.025009536888685437
20.89656949,0.04243533989471275
20.89662528,0.028259708552681773
20.89667678,0.022034027618829635
20.90247798,0.04165712977798123
20.90254545,0.03347829404135195
20.92647767,0.021133745326924545
20.92654729,0.040207522697795074
20.9265914,0.0392309452964065
20.92663193,0.02169832913710231
20.92841196,0.03509575036240177
20.95344377,0.04115358205539025
20.95350623,0.02323949034866865
20.95642543,0.03225757228961624
20.95646954,0.04303044174868391
20.95650935,0.02328526741435874
20.95654941,0.025467307545586328
20.97148275,0.043381399252307926
20.97155547,0.027924010070954453
20.97757196,0.021393148699168384
20.97763634,0.04139772640573739
20.99148703,0.03364614328221561
20.99155974,0.020752269779507133
20.99948645,0.03872739757381552
21.01447964,0.03732356755931945
21.01454186,0.02009613183794919
21.02248359,0.03437857633325704
21.02254248,0.0413519493400473
21.0225966,0.022369726100556955
21.0226469,0.03036545357442588
21.03752327,0.04318303196765087
21.0375948,0.024933241779201955
21.04353905,0.027008468757152668
21.04360986,0.045136186770428015
21.05845547,0.030975814450293737
21.05851436,0.024444953078507668
21.07145309,0.04370183871213855
21.08452606,0.034988937209124896
21.08458424,0.022751201647974364
21.08462715,0.04048218509193561
21.08466816,0.03842221713588159
21.09244752,0.021423666742961776
21.09249949,0.03544670786602579
21.10247755,0.04168764782177462
21.10252094,0.022842755779354542
21.12743568,0.03065537499046311
21.12746263,0.042496375982299536
21.12748647,0.023697261005569542
21.12751007,0.024979018844892044
21.12753296,0.04202334630350195
21.14244723,0.02677958342870222
21.14545751,0.020798046845197222
21.14550376,0.04089417868314641
21.15846515,0.03276112001220722
21.15852308,0.018814373998626687
21.17256212,0.03820859082932784
21.17264104,0.03675898374914168
21.17269659,0.0191958495460441
21.1864655,0.03251697566186008
21.1997385,0.03819333180743115
21.19981813,0.020904859998474096
21.19987416,0.03158617532616159
21.19992685,0.04753185320820935
21.19997668,0.035919737544823374
21.21448183,0.043213550011444266
21.2145462,0.0609597924773022
21.22850084,0.04473945220111391
21.2285738,0.029800869764248113
21.23348093,0.041458762493324176
21.23356009,0.03060959792477302
21.25448203,0.019119554436560618
21.2545507,0.036865796902418556
21.25646067,0.03396658274204623
21.25652194,0.01651026169222553
21.26445746,0.03167772945754177
21.27148867,0.03817807278553445
21.27156138,0.01867704280155642
21.28449011,0.02699320973525597
21.28456402,0.039246204318303196
21.29144192,0.02102693217364767
21.29150629,0.02340733958953231
21.31447315,0.04025329976348516
21.31452346,0.02537575341420615
21.31747031,0.020035095750362403
21.31751442,0.03901731898985275
21.32449222,0.029907682917524988
21.32455087,0.018204013122758832
21.32748032,0.03634699015793088
21.33961463,0.034409094377050434
21.33968711,0.017410543984130618
21.34758425,0.0324101625085832
21.34765029,0.038284885938811325
21.36353755,0.018997482261387044
21.36359477,0.02798504615854124
21.37770915,0.040009155413138014
21.37779474,0.021637293049515526
21.38252044,0.023514152742809186
21.3825829,0.04107728694590677
21.3915081,0.026321812771801328
21.39155698,0.020828564888990615
21.39750338,0.04043640802624552
21.40352941,0.03150988021667811
21.40357828,0.020523384451056687
21.41748738,0.039414053559166856
21.41752148,0.03588921950102998
21.4314518,0.018204013122758832
21.43147755,0.033325703822384985
21.45449734,0.039459830624856945
21.45455408,0.021164263370717938
21.45459127,0.030426489662012664
21.45462465,0.042084382391088734
21.46845603,0.023193713282978562
21.46848655,0.025482566567483024
21.46851349,0.042710002288853285
21.47743654,0.027679865720607308
21.47746396,0.022537575341420615
21.48241568,0.04190127412832837
21.48244143,0.032364385442893114
21.50844336,0.020447089341573205
21.50846934,0.039414053559166856
21.50849295,0.0366826886396582
21.50851583,0.01936369878690776
21.51842046,0.035492484931715876
21.51844835,0.040924696726939803
21.51847172,0.02084382391088731
21.52843404,0.031280994888227664
21.53758097,0.04240482185091936
21.5376935,0.023605706874189364
21.55153799,0.026123445487144275
21.55161715,0.043167772945754176
21.56751728,0.027313649195086595
21.56759167,0.022003509575036242
21.57255602,0.041214618142977034
21.57262993,0.031692988479438466
21.5814383,0.020401312275883116
21.58150482,0.039841306172274354
21.58943295,0.03773556115053025
21.58947992,0.020065613794155796
21.5974319,0.035034714274814985
21.60454202,0.04075684748607614
21.60461426,0.022171358815899902
21.62846231,0.031357289997711146
21.62852359,0.04319829098954757
21.62856936,0.02401770046540017
21.62861085,0.025268940260929275
21.63444185,0.04257267109178302
21.63450027,0.027008468757152668
21.64845586,0.02186617837796597
21.64851546,0.041290913252460516
21.65744424,0.031616693369954985
21.65749645,0.0200503547722591
21.66444612,0.03894102388036927
21.68845725,0.03683527885862516
21.68851614,0.01936369878690776
21.68855262,0.034271763179980166
21.68858671,0.03909361409933623
21.69848561,0.020569161516746776
21.69853902,0.030502784771496146
21.69858098,0.041992828259708556
21.69862008,0.022629129472800793
21.71350455,0.025650415808346684
21.71358943,0.04281681544213016
21.72750926,0.027023727779049364
21.72761488,0.022796978713664453
21.72768164,0.04185549706263828
21.75255036,0.03134203097581445
21.7526629,0.019501029983978027
21.7527473,0.038452735179674985
21.75280237,0.03692683299000534
21.75950813,0.020752269779507133
21.75956869,0.03675898374914168
21.77149606,0.04118410009918364
21.77155328,0.022354467078660258
21.78550935,0.032227054245822846
21.78556943,0.04272526131074998
21.79848552,0.02435339894712749
21.79853463,0.028381780727855344
21.80795693,0.0443579766536965
21.81650162,0.026855878538185704
21.81656122,0.022339208056763562
21.83043599,0.04310673685816739
21.83046412,0.03280689707789731
21.84044814,0.019134813458457314
21.84047365,0.037628747997253374
21.84049678,0.03447013046463722
21.84051967,0.018142977035172047
21.84745836,0.03414969100480659
21.8475008,0.03759822995345998
21.87152767,0.018356603341725796
21.87160015,0.028931105516136417
21.88550878,0.04132143129625391
21.88557553,0.021606775005722133
21.88562012,0.024002441443503473
21.88566136,0.04141298542763409
21.90875435,0.025879301136797133
21.90889215,0.021316853589684902
21.90896988,0.04036011291676204
21.90904188,0.03105210955977722
21.91250777,0.022629129472800793
21.91257381,0.04736400396734569
21.92549348,0.050812542915999084
21.92557311,0.03842221713588159
21.94855237,0.05366598001068131
21.94862962,0.05232318608377203
21.94869924,0.024124513618677044
21.95151067,0.031448844129091325
21.95158362,0.041260395208667124
21.95953202,0.020996414129854278
21.95959282,0.023559929808499275
21.9715035,0.039581902800030516
21.97157741,0.023895628290226595
21.97947383,0.020202944991226063
21.97953534,0.03906309605554284
22.00349402,0.02848859388113222
22.00357318,0.0174868390936141
22.00362897,0.03617914091706722
22.00651336,0.032776379034103915
22.00658631,0.016693369954985885
22.01950455,0.032944228274967575
22.0195632,0.037247272449835965
22.02147031,0.018310826276035707
22.02151752,0.02865644312199588
22.03451562,0.03978027008468757
22.03458834,0.020370794232089724
22.05851078,0.02374303807125963
22.05857182,0.039963378347447925
22.07255387,0.024338139925230793
22.0726254,0.019897764553292133
22.07268047,0.03869687953002213
22.08653355,0.028671702143892575
22.08659315,0.01824979018844892
22.09150577,0.037094682230869
22.09156489,0.033234149691004806
22.09751844,0.016998550392919812
22.09757018,0.03329518577859159
22.12252784,0.03799496452277409
22.12259507,0.018936446173800258
22.13451838,0.02861066605630579
22.13457799,0.03994811932555123
22.13647389,0.02157625696192874
22.13651752,0.025101091020065615
22.13655186,0.04206912336919204
22.14947534,0.02597085526817731
22.14951587,0.021927214465552756
22.15256071,0.04147402151522087
22.15948653,0.030716411078049895
22.1595664,0.01940947585259785
22.16850781,0.038574807354848556
22.1685729,0.03543144884412909
22.19349861,0.019974059662775615
22.1935823,0.03576714732585641
22.1936388,0.03910887312123293
22.19368982,0.01998931868467231
22.19373918,0.030899519340810255
22.20855093,0.041840238040741586
22.20867324,0.022507057297627222
22.21374607,0.02597085526817731
22.21383882,0.04238956282902266
22.22752476,0.026199740596627757
22.2276032,0.02230869001297017
22.24145913,0.04122987716487373
22.24151468,0.030182345311665523
22.2544713,0.019958800640878918
22.25452352,0.03961242084382391
22.25945449,0.03547722590981918
22.25950766,0.01924162661173419
22.25954771,0.03517204547188525
22.27348161,0.03851377126726177
22.27354407,0.02026398107881285
22.28350496,0.03167772945754177
22.28355432,0.041962310215915156
22.2914753,0.022461280231937133
22.29152608,0.026749065384908826
22.31448627,0.04322880903334096
22.31454778,0.027283131151293202
22.32148409,0.023483634699015793
22.32153606,0.042633707179369804
22.32847309,0.0315403982604715
22.32852459,0.021393148699168384
22.32856607,0.03993286030365453
22.34249282,0.035584039063096054
22.34254122,0.019760433356221865
22.34747148,0.03617914091706722
22.34752274,0.03961242084382391
22.36149478,0.021255817502098116
22.3615582,0.03181506065461204
22.37457061,0.04238956282902266
22.37464952,0.02418554970626383
22.39850879,0.028076600289921417
22.3985815,0.04318303196765087
22.40748835,0.027344167238879988
22.40753722,0.0247348744945449
22.40757418,0.04293888761730373
22.41749024,0.032166018158236054
22.41754317,0.021210040436408027
22.42945886,0.0392156862745098
22.4294951,0.03517204547188525
22.42952895,0.019974059662775615
22.42956185,0.03723201342793927
22.44443607,0.039673456931410694
22.44446206,0.019958800640878918
22.4524312,0.031021591515983826
22.45246363,0.04187075608453498
22.46645284,0.023254749370565347
22.46647763,0.028091859311818113
22.46650076,0.044464789806973375
22.46652412,0.028809033340962846
22.46654725,0.02583352407110704
22.48143792,0.04449530785076677
22.48146534,0.032730601968413826
22.49444032,0.02337682154573892
22.50855231,0.04267948424505989
22.50867486,0.03825436789501793
22.5087018,0.022156099794003205
22.51745152,0.038666361486228734
22.51747918,0.040451667048142216
22.53144479,0.022110322728313116
22.53147149,0.03338673990997177
22.53749108,0.042633707179369804
22.53755927,0.02288853284504463
22.54646659,0.027237354085603113
22.5465374,0.04286259250782025
22.57083607,0.0264438849469749
22.57102561,0.023178454261081866
22.57115841,0.041992828259708556
22.57122207,0.030502784771496146
22.57954073,0.020477607385366598
22.57962108,0.039627679865720605
22.59149432,0.03511100938429847
22.59155035,0.019592584115358205
22.59159184,0.036957351033798734
22.60650396,0.04002441443503471
22.60656214,0.021087968261234456
22.63447142,0.0328374151216907
22.63460922,0.04528877698939498
22.63565373,0.031097886625467308
22.63570285,0.041596093690394444
22.63573909,0.060868238345922025
22.63577318,0.04577706569008926
22.64567852,0.03588921950102998
22.64575219,0.046173800259403375
22.65847588,0.03031967650873579
22.65853047,0.020355535210193027
22.6585741,0.03985656519417105
22.68350124,0.03433279926756695
22.68355846,0.018234531166552225
22.68360138,0.0349584191653315
22.68364096,0.03694209201190204
22.69353175,0.01803616388189517
22.69359779,0.030930037384603648
22.70255923,0.04165712977798123
22.70261788,0.021011673151750974
22.71649981,0.025360494392309453
22.71655965,0.04153505760280766
22.72957301,0.025101091020065615
22.72966051,0.023422598611429007
22.73853803,0.041626611734187836
22.75250554,0.029404135194934004
22.75256634,0.019882505531395436
22.75260997,0.03872739757381552
22.75265074,0.033157854581521325
22.75948191,0.018616006713969634
22.7595284,0.0362554360265507
22.76855159,0.03851377126726177
22.76862383,0.01907377737087053
22.78247738,0.030975814450293737
22.78253984,0.040878919661249714
22.79750013,0.021637293049515526
22.79757142,0.02720683604180972
22.79762554,0.042542153047989625
22.8214469,0.024933241779201955
22.82945633,0.02285801480125124
22.82952356,0.04200808728160525
22.83452606,0.03039597161821927
22.8346045,0.02140840772106508
22.83466101,0.04089417868314641
22.83471179,0.03590447852292668
22.84947014,0.021164263370717938
22.84953594,0.037079423208972305
22.87247372,0.03855954833295186
22.87253022,0.02055390249485008
22.87257099,0.03245593957427329
22.87847638,0.04180971999694819
22.87854147,0.022507057297627222
22.88448453,0.027954528114747846
22.88456273,0.04328984512092775
22.88461995,0.025955596246280615
22.89347053,0.024109254596780347
22.90749049,0.04267948424505989
22.90755749,0.030243381399252308
22.90760398,0.021011673151750974
22.92145967,0.040619516289005876
22.92148447,0.035080491340505074
22.93647552,0.019882505531395436
22.93653584,0.03692683299000534
22.93656969,0.03903257801174945
22.9365952,0.0200503547722591
22.94845176,0.03218127718013275
22.94851995,0.041931792172121764
22.95760155,0.022735942626077667
22.95770144,0.027832455939574275
22.98149872,0.042969405661097124
22.98157644,0.026092927443350882
22.98162007,0.024551766231784542
22.9816606,0.04318303196765087
23.00273561,0.03006027313649195
23.00285649,0.020752269779507133
23.0029304,0.04122987716487373
23.004529,0.03637750820172427
23.00460482,0.021606775005722133
23.01846933,0.038788433661402305
23.01852512,0.03987182421606775
23.03253746,0.02140840772106508
23.0325911,0.03381399252307927
23.04645801,0.043427176317998015
23.04651761,0.02442969405661097
23.04657483,0.029114213778896773
23.04661751,0.04345769436179141
23.05644512,0.026626993209735255
23.05649614,0.028000305180437935
23.06143785,0.051529716945143814
23.07448292,0.031784542610818645
23.07452893,0.016998550392919812
23.07949209,0.038452735179674985
23.07954407,0.03564507515068284
23.10354757,0.021423666742961776
23.10360169,0.03799496452277409
23.10364509,0.03854428931105516
23.10369253,0.020309758144502938
23.11846757,0.03288319218738079
23.11852407,0.041336690318150605
23.1185658,0.022232394903486687
23.11860585,0.027954528114747846
23.12847686,0.04255741206988632
23.13750052,0.02520790417334249
23.1614399,0.024246585793850615
23.16150284,0.043427176317998015
23.16154885,0.03088426031891356
23.16158986,0.021393148699168384
23.17143512,0.04115358205539025
23.1715045,0.03530937666895552
23.17155242,0.020538643472953384
23.179497,0.03822384985122454
23.19347024,0.04026855878538186
23.19352627,0.021759365224689096
23.19356847,0.03308155947203784
23.21948028,0.041886015106431675
23.21954846,0.02285801480125124
23.22244048,0.0281528953994049
23.22250247,0.041763942931258104
23.22745776,0.023773556115053024
23.22755027,0.022842755779354542
23.23751855,0.041504539559014265
23.23758435,0.028458075837338826
23.25247335,0.019623102159151598
23.25253439,0.039337758449683374
23.25847077,0.032944228274967575
23.25851941,0.01863126573586633
23.272475,0.03642328526741436
23.29449868,0.03706416418707561
23.29458117,0.01855497062638285
23.29650497,0.03181506065461204
23.29657722,0.04072632944228275
23.31053019,0.021179522392614634
23.31062078,0.02975509269855802
23.31067967,0.049179827573052566
23.31073093,0.0371099412527657
23.33348346,0.040833142595559625
23.33353782,0.06094453345540551
23.33357859,0.045258258945601586
23.33361936,0.027283131151293202
23.33365941,0.04013122758831159
23.34948349,0.03221179522392614
23.34953737,0.018493934538796063
23.35448027,0.035202563515678645
23.35453606,0.034988937209124896
23.36152887,0.01696803234912642
23.36159945,0.029434653238727397
23.37002993,0.037079423208972305
23.37021756,0.019043259327077136
23.38445425,0.025803006027313648
23.38451409,0.03999389639124132
23.39844108,0.022629129472800793
23.39849305,0.02072175173571374
23.39853477,0.039246204318303196
23.4174664,0.026535439078355077
23.4175241,0.018738078889143205
23.4175663,0.03810177767605097
23.41760707,0.03150988021667811
23.42446637,0.017502098115510796
23.42450142,0.035370412756542305
23.43744254,0.03585870145723659
23.43746638,0.017334248874647136
23.44643235,0.030212863355458915
23.44646192,0.038284885938811325
23.46947193,0.01896696421759365
23.46950221,0.025391012436102846
23.47143173,0.04022278171969177
23.4714694,0.022369726100556955
23.47149992,0.021393148699168384
23.48141456,0.040375371938658734
23.48143864,0.027389944304570077
23.49452877,0.01943999389639124
23.49460101,0.03903257801174945
23.50346112,0.032654306858930345
23.50349355,0.018860151064316776
23.51742864,0.03642328526741436
23.51745296,0.0362554360265507
23.53155756,0.018280308232242314
23.53162932,0.03271534294651713
23.53884029,0.04132143129625391
23.53889418,0.022125581750209813
23.55142474,0.028900587472343024
23.55148244,0.0430609597924773
23.55843019,0.025177386129549097
23.55847907,0.025055313954375526
23.57249713,0.04362554360265507
23.57255054,0.030411230640115968
23.58646321,0.02238498512245365
23.58651996,0.04119935912108034
23.59548569,0.03421072709239338
23.59553576,0.0200503547722591
23.59557629,0.038239108873121236
23.60947537,0.03830014496070802
23.60953283,0.019684138246738384
23.61346221,0.033707179369802394
23.61351728,0.04191653315022507
23.62748575,0.022156099794003205
23.62753081,0.028473334859235522
23.65149665,0.04240482185091936
23.65157032,0.02468909742885481
23.65162587,0.024460212100404364
23.65167642,0.04310673685816739
23.65346193,0.029663538567177843
23.65350556,0.021683070115205615
23.66250849,0.04124513618677043
23.67164135,0.03451590753032731
23.67171502,0.02111848630502785
23.6854887,0.03884946974898909
23.68554997,0.038574807354848556
23.70849156,0.020538643472953384
23.70854807,0.034576943617914094
23.70858669,0.042160677500572216
23.70862007,0.022278171969176776
23.7086525,0.02963302052338445
23.70868492,0.0447699702449073
23.72349405,0.02681010147249561
23.72354627,0.026367589837491417
23.72358775,0.044129091325246055
23.73863626,0.030334935530632486
23.73873949,0.02294956893263142
23.76252985,0.04269474326695659
23.76260114,0.03480582894636454
23.76265621,0.02128633554589151
23.76270866,0.039124132143129625
23.7685287,0.03932249942778668
23.7686007,0.021087968261234456
23.78352165,0.03512626840619516
23.78359747,0.04298466468299382
23.78845358,0.023559929808499275
23.78848982,0.030823224231326773
23.79750896,0.04444953078507668
23.81144428,0.02630655374990463
23.82149315,0.026382848859388113
23.82157445,0.044251163500419625
23.82163,0.0302738994430457
23.82168317,0.023270008392462044
23.83648849,0.04290836957351034
23.83656693,0.03561455710688945
23.84948421,0.022400244144350347
23.84953856,0.04110780498970016
23.84957552,0.04132143129625391
23.85647464,0.023392080567635615
23.85651493,0.03688105592431525
23.88345718,0.04409857328145266
23.88348293,0.024719615472648202
23.8865273,0.03247119859616999
23.8866055,0.04641794460975052
23.89452434,0.02810711833371481
23.89460325,0.027023727779049364
23.90183258,0.04538033112077516
23.90193462,0.032700083924620434
23.91551089,0.024322880903334097
23.91559196,0.043213550011444266
23.92848921,0.03569085221637293
23.92855597,0.022186617837796598
23.94352055,0.03999389639124132
23.94949603,0.039078355077439536
23.94954562,0.02124055848020142
23.96352553,0.0358129243915465
23.96360421,0.04339665827420462
23.96366,0.02357518883039597
23.96371174,0.03146410315098802
23.97848845,0.04487678339818418
23.97856283,0.02668802929732204
23.97861791,0.027191577019913024
23.97867036,0.04499885557335775
24.00249958,0.031158922713054094
24.00257897,0.02691691462577249
24.00263476,0.051560234988937206
24.02652407,0.049805447470817124
24.02659774,0.04127565423056382
24.02665401,0.059861142900740065
24.02670407,0.05291828793774319
24.04149318,0.026886396581979097
24.04155302,0.03578240634775311
24.04159904,0.04240482185091936
24.04164076,0.024170290684367133
24.04168129,0.030563820859082932
24.04172134,0.04214541847867552
24.06652498,0.023941405355916687
24.06659627,0.025055313954375526
24.06665397,0.043305104142824444
24.06670356,0.029022659647516595
24.0667522,0.022156099794003205
24.08250809,0.04139772640573739
24.08258033,0.03373769741359579
24.09553528,0.02102693217364767
24.09559965,0.03904783703364614
24.10145879,0.03842221713588159
24.10149431,0.020798046845197222
24.12550068,0.03485160601205463
24.12556243,0.04119935912108034
24.12560558,0.021087968261234456
24.12564611,0.029434653238727397
24.12568521,0.04281681544213016
24.13945508,0.024490730144197757
24.13948965,0.025345235370412757
24.14843607,0.043167772945754176
24.16253471,0.027954528114747846
24.16261363,0.020874341954680704
24.16266966,0.04098573281452659
24.17645144,0.033112077515831236
24.17647672,0.019562066071564813
24.18945003,0.03765926604104677
24.1914835,0.03700312809948882
24.19151664,0.019684138246738384
24.19154072,0.033951323720149536
24.20862627,0.04058899824521248
24.20875001,0.021393148699168384
24.21751404,0.03031967650873579
24.21759272,0.04345769436179141
24.23149538,0.024536507209887846
24.2315743,0.025818265049210344
24.2316308,0.04367132066834516
24.23751163,0.02865644312199588
24.26158261,0.022491798275730526
24.26166201,0.041886015106431675
24.26171875,0.03376821545738918
24.26176882,0.021210040436408027
24.26182103,0.0392156862745098
24.27411962,0.03773556115053025
24.27421618,0.02029449912260624
24.28649545,0.03450064850843061
24.28657413,0.040543221179522394
24.29967618,0.021255817502098116
24.29978824,0.030121309224078737
24.31353164,0.04336614023041123
24.31363297,0.024872205691615166
24.31368923,0.025513084611276417
24.31374049,0.04272526131074998
24.32851076,0.028030823224231328
24.32858562,0.023254749370565347
24.32864118,0.04248111696040284
24.34048939,0.03338673990997177
24.34053731,0.020691233691920347
24.35249162,0.0392309452964065
24.35253787,0.03761348897535668
24.36651826,0.019943541618982222
24.36656785,0.03552300297550927
24.37153387,0.042206454566262305
24.3715899,0.022415503166247044
24.38148761,0.030899519340810255
24.38154483,0.042664225223163196
24.38948774,0.02542153047989624
24.38953733,0.026947432669565882
24.39446712,0.044968337529564355
24.41949964,0.030212863355458915
24.419559,0.0238803692683299
24.41960239,0.043137254901960784
24.41964364,0.034363317311360345
24.42848182,0.02124055848020142
24.42853022,0.040009155413138014
24.43348074,0.03859006637674525
24.43352699,0.021545738918135347
24.44750547,0.03688105592431525
24.44756317,0.042801556420233464
24.46149421,0.022781719691767757
24.46154547,0.03131151293202106
24.46950364,0.04374761577782864
24.48347688,0.024841687647821773
24.48351479,0.026550698100251773
24.49644423,0.044586861982146946
24.49647164,0.029068436713206684
24.49649525,0.023041123064011598
24.51948762,0.04245059891660945
24.51955509,0.03381399252307927
24.51959991,0.021377889677271687
24.51964092,0.03968871595330739
24.51968122,0.03772030212863355
24.5284667,0.020950637064164186
24.54247236,0.035828183413443196
24.54252887,0.041428244449530784
24.54257035,0.02226291294728008
24.54260993,0.03213550011444266
24.55745578,0.045517662317845424
24.55748081,0.02639810788128481
24.57144499,0.027237354085603113
24.5714705,0.04487678339818418
24.5714941,0.02975509269855802
24.57151866,0.023819333180743113
24.58143592,0.0439154650186923
24.58146143,0.03468375677119097
24.59447312,0.022110322728313116
24.59449816,0.040619516289005876
24.60663033,0.038162813763637754
24.60670042,0.02128633554589151
24.61951065,0.03578240634775311
24.61958504,0.04065003433279927
24.63255143,0.020523384451056687
24.6326251,0.02896162355992981
24.63847852,0.042252231631952394
24.63852763,0.023636224917982757
24.64548755,0.02494850080109865
24.64553809,0.04191653315022507
24.6585145,0.027100022888532846
24.65856504,0.02230869001297017
24.65860629,0.04170290684367132
24.6835413,0.0328526741435874
24.68361902,0.020325017166399634
24.6836648,0.03875791561760891
24.68370914,0.036697947661554896
24.69853878,0.02107270923933776
24.69859767,0.04043640802624552
24.69863915,0.052903028915846494
24.69867897,0.03875791561760891
24.71449208,0.05015640497444114
24.71455431,0.05825894560158694
24.72749019,0.030579079880979628
24.72754264,0.025482566567483024
24.7366271,0.04165712977798123
24.74949932,0.026825360494392308
24.74955845,0.020920119020370793
24.75849962,0.03956664377813382
24.75855184,0.03065537499046311
24.75859308,0.01794460975051499
24.7586329,0.0366826886396582
24.77345037,0.03442435339894713
24.77348399,0.017349507896543832
24.7735126,0.032074464026855876
24.77354097,0.03744563973449302
24.80147123,0.018707560845349813
24.80149651,0.028290226596475166
24.80152011,0.03985656519417105
24.80647588,0.021377889677271687
24.81443286,0.024200808728160526
24.81447244,0.04130617227435721
24.82348156,0.026047150377660793
24.82354712,0.021393148699168384
24.82359195,0.04013122758831159
24.83848572,0.030304417486839094
24.85146952,0.018692301823453116
24.85153222,0.0379339284351873
24.87548184,0.034912642099641414
24.87554812,0.017639429312581063
24.87559438,0.032867933165484094
24.88949251,0.03834592202639811
24.88957095,0.019089036392767225
24.89448667,0.028976882581826506
24.89456534,0.04141298542763409
24.90372086,0.023010605020218206
24.90383101,0.025101091020065615
24.90390801,0.04274052033264668
24.90397739,0.02668802929732204
24.92850804,0.02128633554589151
24.9285934,0.04107728694590677
24.92864895,0.031570916304264895
24.93647742,0.019424734874494545
24.93651366,0.0383916990920882
24.94966245,0.03630121309224079
24.94971371,0.01943999389639124
24.94975066,0.03468375677119097
24.94978404,0.040009155413138014
24.95948243,0.021301594567788205
24.95955467,0.03096055542839704
24.96851659,0.042496375982299536
24.96856475,0.023437857633325704
24.98247385,0.02627603570611124
24.98254752,0.04290836957351034
24.99684978,0.027405203326466773
24.99695039,0.02221713588158999
25.00034451,0.04185549706263828
25.01353431,0.03263904783703365
25.01361322,0.02050812542915999
25.01365829,0.03968871595330739
25.01370025,0.03715571831845579
25.02344084,0.02076752880140383
25.02348733,0.036041809719996945
25.03750491,0.04017700465400168
25.0375638,0.020874341954680704
25.05745387,0.031448844129091325
25.05750585,0.04365606164644846
25.05754638,0.024490730144197757
25.05758595,0.02775616083009079
25.05762529,0.04449530785076677
25.07548666,0.028122377355611506
25.0755446,0.023682001983672846
25.09251261,0.04357976653696498
25.09258461,0.0340886549172198
25.09263992,0.02214084077210651
25.09269023,0.04007019150072481
25.11752462,0.03759822995345998
25.11758947,0.02162203402761883
25.11763501,0.03671320668345159
25.11767554,0.04158083466849775
25.12448764,0.022873273823147935
25.12454081,0.0328374151216907
25.13360047,0.043335622186617836
25.13958693,0.0247348744945449
25.13962293,0.027924010070954453
25.14845753,0.04428168154421302
25.16247559,0.02827496757457847
25.16253877,0.023422598611429007
25.16258836,0.042710002288853285
25.17647481,0.03335622186617838
25.17651343,0.02107270923933776
25.17654514,0.039841306172274354
25.17657495,0.037369344625009536
25.19243431,0.021011673151750974
25.19246411,0.038162813763637754
25.20643139,0.042710002288853285
25.20646596,0.022705424582284275
25.22049665,0.03321889066910811
25.22056651,0.044800488288700695
25.24358082,0.02578774700541695
25.24365044,0.028534370946822308
25.2624929,0.0451972228580148
25.26257396,0.029556725413900968
25.26263189,0.024536507209887846
25.26268315,0.043213550011444266
25.26273346,0.033371480888075074
25.26278281,0.02197299153124285
25.26283193,0.040329594872968645
25.27748823,0.036865796902418556
25.27755237,0.020035095750362403
25.29149771,0.03584344243533989
25.29157734,0.040329594872968645
25.31551433,0.020798046845197222
25.31559587,0.031021591515983826
25.31565285,0.042801556420233464
25.31570387,0.02357518883039597
25.31851077,0.026718547341115433
25.31858444,0.043259327077134355
25.32748437,0.02681010147249561
25.3275547,0.023147936217288473
25.32761002,0.04289311055161364
25.34196997,0.03266956588082704
25.34210706,0.023529411764705882
25.35153198,0.04707408255130846
25.3515985,0.04940871290150301
25.36452723,0.03799496452277409
25.36458087,0.05360494392309453
25.37148428,0.0515907530327306
25.37153983,0.024200808728160526
25.37973809,0.030716411078049895
25.37981009,0.041886015106431675
25.39348698,0.02243076218814374
25.39353681,0.024536507209887846
25.39357877,0.040787365529869536
25.41849184,0.024902723735408562
25.41855311,0.02059967956054017
25.41860032,0.0400854505226215
25.41864181,0.029663538567177843
25.42848682,0.0183413443198291
25.42853761,0.03749141680018311
25.4375174,0.03389028763256275
25.43756533,0.017242694743266958
25.44649959,0.0336919203479057
25.44654655,0.0383764400701915
25.46249032,0.018982223239490347
25.46254373,0.02917524986648356
25.46748233,0.040115968566414896
25.49144435,0.021652552071412222
25.49147153,0.024658579385061417
25.49149466,0.04107728694590677
25.49151754,0.025131609063859008
25.49346805,0.021438925764858473
25.49351168,0.04072632944228275
25.50749826,0.030289158464942397
25.50756931,0.01943999389639124
25.51246715,0.03830014496070802
25.51252866,0.03372243839169909
25.53662586,0.017212176699473565
25.536726,0.033951323720149536
25.53680348,0.03834592202639811
25.5368762,0.019211108567940796
25.55251575,0.029846646829938202
25.55261493,0.040543221179522394
25.55848527,0.02169832913710231
25.55854154,0.025925078202487222
25.5718329,0.042298008697642483
25.57193232,0.026718547341115433
25.58452344,0.02285801480125124
25.58460164,0.04132143129625391
25.60951924,0.030457007705806057
25.60958719,0.019760433356221865
25.60965776,0.03886472877088579
25.62250161,0.03483634699015793
25.62256455,0.019089036392767225
25.63151884,0.03567559319447623
25.63157749,0.03906309605554284
25.63812208,0.020202944991226063
25.63820529,0.0311284046692607
25.63827419,0.04206912336919204
25.63834214,0.022491798275730526
25.66351891,0.02639810788128481
25.66359496,0.04344243533989471
25.6636498,0.02677958342870222
25.66370058,0.023270008392462044
25.66375351,0.04251163500419623
25.6795876,0.03158617532616159
25.67968607,0.021652552071412222
25.67973185,0.041168841077286945
25.67977834,0.0366826886396582
25.69452071,0.019974059662775615
25.69459367,0.03704890516517891
25.70252895,0.041168841077286945
25.70260096,0.021820401312275882
25.72654295,0.03225757228961624
25.72660518,0.04252689402609293
25.72664905,0.023468375677119097
25.72669196,0.028122377355611506
25.72673202,0.04466315709163043
25.74182534,0.02822919050888838
25.74197292,0.02456702525368124
25.74747586,0.043640802624551764
25.74752855,0.03254749370565347
25.75747275,0.022110322728313116
25.75751376,0.04144350347142748
25.76645565,0.03759822995345998
25.76648188,0.021301594567788205
25.78945184,0.03688105592431525
25.78948188,0.03947508964675364
25.79145956,0.021057450217441064
25.79149818,0.03309681849393454
25.79644942,0.043259327077134355
25.80443311,0.023956664377813384
25.81950736,0.028198672465094988
25.81958771,0.04373235675593194
25.81964302,0.027222095063706417
25.82543683,0.023682001983672846
25.82546306,0.043091477836270695
25.83845162,0.03163195239185168
25.83847642,0.020706492713817044
25.85243702,0.03968871595330739
25.85246348,0.035416189822232394
25.86643291,0.01982146944380865
25.86645746,0.036453803311207754
25.86844683,0.03909361409933623
25.86850238,0.01969939726863508
25.88246155,0.031525139238574806
25.88252831,0.043167772945754176
25.90652442,0.02413977264057374
25.90660357,0.02832074464026856
25.90665936,0.044373235675593196
25.91144228,0.02766460669871061
25.91750789,0.024795910582131684
25.91758633,0.043762874799725335
25.91771245,0.032227054245822846
25.92447114,0.021820401312275882
25.92450786,0.04098573281452659
25.93896747,0.03637750820172427
25.93906903,0.02029449912260624
25.95253849,0.036697947661554896
25.95263815,0.03939879453727016
25.9766674,0.019806210421911954
25.97677946,0.03083848325322347
25.99046683,0.041626611734187836
25.99054313,0.02247653925383383
25.99058676,0.026214999618524453
25.99062729,0.04202334630350195
26.00355935,0.02575722896162356
26.00363135,0.022735942626077667
26.00368667,0.04174868390936141
26.00874329,0.030075532158388648
26.00888681,0.02021820401312276
26.0325675,0.0400854505226215
26.03266859,0.03544670786602579
26.03274441,0.02136263065537499
26.03281355,0.04147402151522087
26.04797721,0.05029373617151141
26.04809999,0.037293049515526054
26.04814887,0.052903028915846494
26.04819345,0.05908293278400854
26.08253241,0.03228809033340963
26.08260965,0.028702220187685968
26.08265424,0.04213015945677882
26.08448052,0.0260166323338674
26.08453059,0.022354467078660258
26.08645916,0.04031433585107195
26.08650303,0.02822919050888838
26.11246896,0.018478675516899367
26.11251807,0.03778133821622034
26.11255312,0.033112077515831236
26.11258769,0.017135881589990083
26.11262083,0.0340886549172198
26.11265326,0.03700312809948882
26.12651944,0.017807278553444723
26.12657094,0.029480430304417486
26.12661147,0.03944457160296025
26.15143609,0.01991302357518883
26.1514616,0.025650415808346684
26.15148544,0.04187075608453498
26.16649365,0.02442969405661097
26.16657376,0.021652552071412222
26.16663551,0.039917601281757836
26.16668582,0.02865644312199588
26.16673541,0.01931792172121767
26.18143439,0.03822384985122454
26.18948698,0.033539330128938734
26.18956733,0.018646524757763027
26.19949031,0.035324635690852216
26.21246767,0.03735408560311284
26.21254063,0.018142977035172047
26.23647141,0.029739833676661324
26.2365222,0.04048218509193561
26.23656321,0.022156099794003205
26.23660231,0.026794842450598915
26.23845625,0.042542153047989625
26.23849273,0.02545204852368963
26.24749255,0.02333104448004883
26.2475543,0.042496375982299536
26.26148868,0.03105210955977722
26.26156759,0.021042191195544367
26.27861404,0.04069581139848936
26.27867436,0.035385671778439
26.2787118,0.019714656290531776
26.28849483,0.03680476081483177
26.28856826,0.03952086671244373
26.28862333,0.019974059662775615
26.28867483,0.03201342793926909
26.30348969,0.04240482185091936
26.30353713,0.022796978713664453
26.3184793,0.02801556420233463
26.31853962,0.04461738002594034
26.33245587,0.02618448157473106
26.33251405,0.023437857633325704
26.33255529,0.042328526741435876
26.33952069,0.030090791180285344
26.33959174,0.021271076523994813
26.34849334,0.040375371938658734
26.3485527,0.035156786449988556
26.37153244,0.020080872816052493
26.37160492,0.037247272449835965
26.37165904,0.0392156862745098
26.37170935,0.020477607385366598
26.40149736,0.03251697566186008
26.40158367,0.04211490043488213
26.40162873,0.022903791866941327
26.40167046,0.02835126268406195
26.40171289,0.04312199588006409
26.401752,0.026413366903181506
26.40179133,0.024826428625925077
26.4164536,0.04335088120851453
26.41648555,0.030853742275120166
26.42443109,0.02157625696192874
26.42445564,0.04118410009918364
26.43967366,0.03634699015793088
26.43969917,0.02072175173571374
26.45243931,0.0383764400701915
26.45246458,0.04068055237659266
26.45248818,0.022079804684519724
26.45251155,0.03414969100480659
26.46743274,0.04370183871213855
26.46745706,0.023941405355916687
26.46748018,0.028763256275272753
26.48343849,0.044037537193865876
26.48346281,0.027115281910429542
26.49743509,0.025101091020065615
26.51148391,0.04419012741283284
26.51153827,0.03179980163271534
26.51157451,0.02264438849469749
26.51160979,0.0413519493400473
26.52747846,0.035538261997405965
26.52754569,0.02084382391088731
26.52759194,0.03871213855191882
26.54153752,0.040451667048142216
26.54161644,0.02153047989623865
26.55446172,0.033661402304112305
26.55452919,0.04303044174868391
26.57846618,0.023422598611429007
26.57853007,0.029434653238727397
26.57857752,0.045090409704737926
26.57861996,0.026489662012664988
26.58245778,0.02464332036316472
26.58253646,0.043640802624551764
26.59048128,0.031204699778744183
26.59055471,0.02178988326848249
26.59645748,0.041458762493324176
26.60478687,0.03630121309224079
26.60489082,0.021850919356069275
26.62948442,0.03860532539864195
26.62955141,0.039673456931410694
26.62959838,0.021316853589684902
26.62963986,0.033707179369802394
26.63849664,0.04252689402609293
26.63857102,0.023224231326771955
26.64747286,0.029358358129243915
26.64754534,0.044007019150072484
26.66247177,0.026459143968871595
26.66253519,0.02499427786678874
26.66258073,0.04345769436179141
26.68957376,0.03044174868390936
26.68968058,0.020813305867093918
26.68973899,0.039887083237964444
26.68978882,0.03381399252307927
26.69251728,0.018707560845349813
26.69258976,0.0362706950484474
26.70253849,0.03810177767605097
26.70260978,0.019089036392767225
26.71452522,0.03175402456702525
26.71459699,0.04072632944228275
26.72152138,0.02119478141451133
26.72158074,0.027557793545433737
26.72952843,0.042038605325398645
26.75364041,0.024460212100404364
26.75371814,0.023437857633325704
26.762537,0.045593957427328906
26.76259708,0.03906309605554284
26.77147055,0.03643854428931106
26.77151251,0.060151064316777296
26.78444314,0.05339131761654078
26.78447461,0.031067368581673915
26.78449941,0.03999389639124132
26.78453302,0.03852903028915847
26.80844069,0.018936446173800258
26.8084681,0.031784542610818645
26.80849218,0.040039673456931414
26.81744671,0.01986724650949874
26.8174932,0.02520790417334249
26.82348776,0.04023804074158847
26.82355952,0.022842755779354542
26.8374505,0.022018768596932938
26.83748055,0.04072632944228275
26.83750558,0.027725642786297397
26.83752894,0.01892118715190356
26.8524375,0.038406958113984896
26.85246515,0.03181506065461204
26.85248923,0.01684596017395285
26.85251212,0.03418020904859999
26.88657498,0.03555352101930266
26.88666916,0.017425803006027314
26.89145637,0.030716411078049895
26.89153743,0.03968871595330739
26.89159346,0.02043183031967651
26.89164615,0.026504921034561684
26.90646911,0.04069581139848936
26.90651965,0.023147936217288473
26.91244602,0.022018768596932938
26.91249371,0.04075684748607614
26.92745876,0.027786678873884182
26.92751741,0.019058518348973832
26.92755795,0.03817807278553445
26.94150615,0.03215075913633936
26.94155574,0.01786831464103151
26.95449185,0.035828183413443196
26.95454335,0.03735408560311284
26.95648766,0.01965362020294499
26.95654297,0.032562752727550166
26.96947551,0.04081788357366293
26.96952438,0.021667811093308918
26.97848129,0.028290226596475166
26.97852945,0.042496375982299536
26.99345112,0.02589456015869383
26.99353743,0.024887464713511862
27.00147295,0.04328984512092775
27.01453304,0.03117418173495079
27.01458168,0.022583352407110704
27.02849483,0.041672388799877925
27.02855134,0.0358129243915465
27.02859282,0.021332112611581598
27.02863288,0.03886472877088579
27.03547096,0.039505607690547034
27.03551865,0.020920119020370793
27.04973006,0.03402761882963302
27.04982162,0.04245059891660945
27.06247544,0.02276646066987106
27.06253552,0.02951094834821088
27.06947279,0.04414435034714275
27.08252621,0.026169222552834364
27.08257008,0.024444953078507668
27.08260465,0.042923628595407035
27.08265376,0.029495689326314183
27.0935204,0.02191195544365606
27.0935719,0.04132143129625391
27.10252976,0.03463797970550088
27.10257983,0.020202944991226063
27.1165657,0.03755245288776989
27.11664629,0.03819333180743115
27.13954949,0.020202944991226063
27.13960624,0.03352407110704204
27.13964772,0.042084382391088734
27.14148593,0.023147936217288473
27.14152479,0.029556725413900968
27.14949918,0.043884946974898906
27.15847135,0.026245517662317846
27.15852618,0.025467307545586328
27.18276477,0.044007019150072484
27.18290591,0.030075532158388648
27.18296194,0.022110322728313116
27.18301034,0.04164187075608453
27.1974771,0.035156786449988556
27.19754338,0.02050812542915999
27.19766307,0.03765926604104677
27.20648766,0.03860532539864195
27.20655012,0.02072175173571374
27.21449852,0.03385976958876936
27.2145586,0.04213015945677882
27.22845101,0.02230869001297017
27.22851372,0.02873273823147936
27.24344134,0.04324406805523766
27.24350905,0.025680933852140077
27.26743913,0.02435339894712749
27.26750612,0.042877851529716945
27.26755142,0.029556725413900968
27.26759291,0.021499961852445258
27.27950072,0.040878919661249714
27.28443885,0.03405813687342641
27.28448534,0.020233463035019456
27.29446006,0.038910505836575876
27.29452324,0.0396429388876173
27.29456949,0.021133745326924545
27.29461241,0.03468375677119097
27.31653619,0.04315251392385748
27.31663656,0.02383459220263981
27.31669235,0.03088426031891356
27.31674361,0.045304036011291675
27.32943869,0.026947432669565882
27.32948279,0.02618448157473106
27.32951498,0.04499885557335775
27.34353185,0.03134203097581445
27.34358788,0.023422598611429007
27.34363031,0.043045700770580606
27.34367037,0.03552300297550927
27.36847758,0.02059967956054017
27.36853075,0.03826962691691463
27.36857247,0.03831540398260472
27.36861157,0.019623102159151598
27.38348365,0.03358510719462882
27.38353634,0.04197756923781185
27.38746524,0.02197299153124285
27.38751507,0.02873273823147936
27.39747405,0.04319829098954757
27.40447617,0.025101091020065615
27.40452147,0.024444953078507668
27.42845416,0.0426489662012665
27.42848563,0.028580148012512397
27.42851162,0.021377889677271687
27.42853594,0.043762874799725335
27.4384954,0.04290836957351034
27.43855143,0.03434805828946365
27.44795275,0.05600061036087587
27.44807601,0.053437094682230867
27.46146989,0.028168154421301595
27.4615314,0.03312733653772793
27.46157765,0.03785763332570382
27.47642279,0.018478675516899367
27.47644901,0.02578774700541695
27.4994297,0.03978027008468757
27.49945831,0.021560997940032044
27.5024147,0.020950637064164186
27.50244021,0.03956664377813382
27.50246358,0.026367589837491417
27.51144028,0.019043259327077136
27.51149368,0.03851377126726177
27.51153398,0.03088426031891356
27.52441978,0.01727321278706035
27.52641726,0.03601129167620355
27.55158091,0.036575875486381325
27.55175042,0.01879911497672999
27.55179954,0.032318608377203024
27.55184484,0.039963378347447925
27.56046557,0.02059967956054017
27.56051517,0.028213931486991684
27.56850505,0.04260318913557641
27.5685637,0.024673838406958113
27.58249187,0.024078736552986955
27.58257961,0.042038605325398645
27.58845949,0.0290074006256199
27.58850789,0.021179522392614634
27.61152744,0.04013122758831159
27.61158609,0.032532234683756774
27.61162853,0.018204013122758832
27.61352873,0.037293049515526054
27.61357307,0.03773556115053025
27.62947536,0.01892118715190356
27.6295228,0.03234912642099642
27.63145947,0.040543221179522394
27.63150644,0.02128633554589151
27.65149212,0.028641184100099183
27.65154457,0.042633707179369804
27.65158105,0.024460212100404364
27.65161562,0.02391088731212329
27.66749692,0.04261844815747311
27.69248033,0.02865644312199588
27.69254231,0.02197299153124285
27.7054894,0.042038605325398645
27.70554614,0.034363317311360345
27.70558906,0.01998931868467231
27.70562887,0.03799496452277409
27.70566797,0.03799496452277409
27.70570755,0.01965362020294499
27.7294898,0.033539330128938734
27.72954154,0.04113832303349355
27.72957706,0.021591515983825436
27.72961044,0.028992141603723202
27.74347973,0.04219119554436561
27.74353051,0.02426184481574731
27.74357104,0.024841687647821773
27.76849508,0.043259327077134355
27.76855731,0.02903791866941329
27.77247643,0.021438925764858473
27.77252483,0.041550316624704355
27.7764914,0.03430228122377356
27.77654314,0.019943541618982222
27.78154135,0.03826962691691463
27.7816143,0.03894102388036927
27.79449511,0.020187685969329367
27.79455256,0.03372243839169909
27.80952263,0.041504539559014265
27.81749654,0.021881437399862667
27.81753445,0.02967879758907454
27.81756735,0.04362554360265507
27.81760025,0.02468909742885481
27.82745743,0.025024795910582133
27.82749414,0.04414435034714275
27.83643413,0.030426489662012664
27.83645844,0.02328526741435874
27.84943104,0.04290836957351034
27.84945965,0.034821087968261236
27.87343216,0.021057450217441064
27.87345791,0.03927672236209659
27.87348127,0.038406958113984896
27.87350416,0.019974059662775615
27.88359523,0.034988937209124896
27.88368297,0.042328526741435876
27.89246154,0.022537575341420615
27.89251947,0.02967879758907454
27.90650463,0.042969405661097124
27.90655446,0.025146868085755704
27.93654037,0.02575722896162356
27.93662834,0.04327458609903105
27.93667412,0.028244449530785077
27.93671656,0.021255817502098116
27.93675756,0.04110780498970016
27.93955088,0.033401998931868467
27.93963408,0.019729915312428473
27.94869184,0.03778133821622034
27.94876719,0.03765926604104677
27.96349835,0.020355535210193027
27.96355987,0.035034714274814985
27.98663855,0.04234378576333257
27.98674321,0.022110322728313116
27.98678136,0.029434653238727397
27.98681712,0.04361028458075837
27.98846579,0.025314717326619364
27.98851514,0.025848783093003737
27.99448633,0.04444953078507668
28.0085156,0.030411230640115968
28.00858641,0.023041123064011598
28.01450825,0.04272526131074998
28.01458144,0.03462272068360418
28.02850986,0.02017242694743267
28.02857399,0.03772030212863355
28.05348611,0.036911573968108645
28.05353355,0.018707560845349813
28.06748462,0.03271534294651713
28.06753445,0.03999389639124132
28.06757689,0.020447089341573205
28.06761622,0.02839703974975204
28.07651472,0.041840238040741586
28.08258319,0.023483634699015793
28.08265591,0.024368657969024186
28.08271074,0.042206454566262305
28.08276081,0.027405203326466773
28.09649587,0.021271076523994813
28.09655738,0.04115358205539025
28.12319493,0.03276112001220722
28.12334085,0.021927214465552756
28.12345457,0.04652475776302739
28.12348986,0.05224689097428855
28.12551808,0.03889524681467918
28.12556744,0.052262149996185246
28.13152218,0.05275043869687953
28.13849664,0.024124513618677044
28.13853598,0.028976882581826506
28.15145802,0.04274052033264668
28.16547966,0.02397192339971008
28.16554379,0.023270008392462044
28.17846513,0.04022278171969177
28.17852139,0.02554360265506981
28.17856359,0.018875410086213473
28.17860293,0.03887998779278248
28.1934545,0.029999237048905166
28.19350982,0.017380025940337225
28.19354796,0.036621652552071414
28.20847988,0.03530937666895552
28.20854115,0.01722743572137026
28.20858335,0.03176928358892195
28.21446538,0.03872739757381552
28.23747396,0.018020904859998473
28.23754263,0.0260166323338674
28.23758817,0.039841306172274354
28.23763132,0.02157625696192874
28.24746275,0.023010605020218206
28.24753904,0.041290913252460516
28.24758053,0.026459143968871595
28.25748205,0.019928282597085525
28.25752449,0.03932249942778668
28.27246428,0.03158617532616159
28.27251458,0.01855497062638285
28.29447651,0.037872892347600516
28.29453778,0.03654535744258793
28.29645514,0.017669947356374456
28.29649615,0.03262378881513695
28.30547142,0.04031433585107195
28.30552197,0.020752269779507133
28.31347752,0.029327840085450523
28.31353283,0.043549248493171586
28.32647419,0.025055313954375526
28.32653689,0.026092927443350882
28.32658529,0.04469367513542382
28.3414638,0.02963302052338445
28.3415153,0.023422598611429007
28.35447931,0.04327458609903105
28.35452652,0.03421072709239338
28.36249089,0.021179522392614634
28.36254358,0.04080262455176623
28.3684814,0.039505607690547034
28.36853147,0.020965896086060882
28.38146544,0.03631647211413749
28.38151026,0.04290836957351034
28.38969898,0.02333104448004883
28.3897717,0.03210498207064927
28.4034934,0.045426108186465246
28.41752529,0.026535439078355077
28.41759729,0.027527275501640344
28.4294939,0.0452124818799115
28.42954612,0.03036545357442588
28.42958999,0.023987182421606777
28.42963529,0.04397650110627909
28.45345497,0.03514152742809186
28.45348001,0.02136263065537499
28.45350289,0.040115968566414896
28.45352626,0.03894102388036927
28.46343708,0.020874341954680704
28.46346354,0.035873960479133285
28.47243738,0.04200808728160525
28.48744106,0.02252231631952392
28.4874692,0.03193713282978561
28.48749399,0.045258258945601586
28.4875176,0.0255893797207599
28.49953103,0.026886396581979097
28.4996047,0.04512092774853132
28.50752354,0.03019760433356222
28.5075953,0.023422598611429007
28.5155158,0.04351873044937819
28.51558852,0.034866865033951325
28.52949786,0.021683070115205615
28.52955675,0.04065003433279927
28.54446292,0.03927672236209659
28.54451752,0.0208896009765774
28.5594945,0.03634699015793088
28.55958939,0.04281681544213016
28.55963922,0.02255283436331731
28.5596838,0.03134203097581445
28.57148218,0.04487678339818418
28.57153654,0.024780651560234988
28.57947516,0.02613870450904097
28.57952332,0.044632639047837035
28.59159923,0.028809033340962846
28.59171271,0.02281223773556115
28.60046577,0.042999923704890516
28.61447477,0.03363088426031891
28.61452889,0.020660715648126955
28.62747002,0.03935301747158007
28.62751698,0.03739986266880293
28.62755179,0.019668879224841687
28.62758708,0.035751888303959714
28.63448143,0.04205386434729534
28.63453174,0.02157625696192874
28.64847612,0.03096055542839704
28.64852452,0.0439002059967956
28.6534698,0.02468909742885481
28.65352368,0.027100022888532846
28.6674881,0.044754711223010606
28.68147802,0.02920576791027695
28.68152881,0.0238803692683299
28.68746138,0.04531929503318837
28.68750644,0.03613336385137713
28.69648623,0.02230869001297017
28.69654727,0.04180971999694819
28.70146942,0.04057373922331579
28.7015152,0.022171358815899902
28.71449876,0.03756771190966659
28.71454787,0.0435034714274815
28.72856092,0.023422598611429007
28.72862339,0.032486457618066684
28.73753214,0.04550240329594873
28.75152898,0.02508583199816892
28.75160241,0.02656595712214847
28.75165796,0.044632639047837035
28.75170779,0.028702220187685968
28.76151395,0.02243076218814374
28.76160574,0.043335622186617836
28.76950526,0.03372243839169909
28.7695694,0.01974517433432517
28.78350377,0.03904783703364614
28.78357315,0.03744563973449302
28.7974925,0.019516289005874723
28.79755306,0.0349736781872282
28.79759622,0.04103150988021668
28.80646515,0.02111848630502785
28.81446362,0.030212863355458915
28.81451845,0.044846265354390784
28.82353854,0.028702220187685968
28.82362676,0.03677424277103838
28.82368112,0.06044098573281453
28.8374927,0.049271381704432744
28.85148215,0.04017700465400168
28.85154033,0.051972228580148015
28.87446451,0.03500419623102159
28.87453818,0.019256885633630885
28.87458086,0.038574807354848556
28.87462234,0.036194399938963916
28.88745952,0.01727321278706035
28.89549971,0.03230334935530633
28.89555907,0.03790341039139391
28.90844345,0.017761501487754634
28.90850925,0.02737468528267338
28.90855169,0.04043640802624552
28.90859103,0.02124055848020142
28.93147492,0.023361562523842222
28.93153548,0.041290913252460516
28.93157673,0.02571145189593347
28.93161631,0.01982146944380865
28.93165517,0.039719233997100784
28.94649005,0.02998397802700847
28.94653988,0.01773098344396124
28.94658089,0.03764400701915007
28.94662237,0.03543144884412909
28.96151543,0.01821927214465553
28.96157336,0.03358510719462882
28.96748781,0.03904783703364614
28.9675343,0.019333180743114367
28.98149133,0.02810711833371481
28.9815402,0.040451667048142216
29.00448108,0.021347371633478295
29.00453901,0.023590447852292667
29.00458169,0.04191653315022507
29.00646424,0.02597085526817731
29.00650239,0.019943541618982222
29.01548386,0.040115968566414896
29.01553178,0.0311284046692607
29.02849126,0.01889066910811017
29.02854657,0.038162813763637754
29.0344696,0.036285954070344094
29.03451753,0.018875410086213473
29.05848122,0.0345464255741207
29.05852818,0.04007019150072481
29.0585618,0.020462348363469902
29.05859423,0.029968719005111773
29.05862641,0.042298008697642483
29.07449007,0.023422598611429007
29.07454014,0.025726710917830166
29.0824697,0.0434882124055848
29.08250523,0.02737468528267338
29.09143567,0.022003509575036242
29.09146261,0.041763942931258104
29.1144402,0.03230334935530633
29.11446643,0.019470511940184634
29.11747193,0.03802548256656748
29.11751628,0.03576714732585641
29.12951064,0.019378957808804456
29.12958097,0.03533989471274891
29.12962151,0.04019226367589838
29.13843989,0.02021820401312276
29.13846517,0.029907682917524988
29.14743352,0.041992828259708556
29.14745855,0.022873273823147935
29.16258264,0.024719615472648202
29.16265726,0.04219119554436561
29.17443633,0.02554360265506981
29.17446351,0.02076752880140383
29.18843746,0.04065003433279927
29.18846345,0.03091477836270695
29.18848729,0.01872281986724651
29.18851042,0.03799496452277409
29.20347929,0.03561455710688945
29.20354605,0.018493934538796063
29.2175324,0.034317540245670256
29.21760511,0.03938353551537346
29.24155307,0.019790951400015258
29.24162841,0.029571984435797664
29.24168324,0.04168764782177462
29.24173331,0.02307164110780499
29.24352431,0.0251621271076524
29.24358368,0.042420080872816054
29.257617,0.026550698100251773
29.25776935,0.021774624246585793
29.25784945,0.04156557564660105
29.27248311,0.031692988479438466
29.27254391,0.018951705195696954
29.29650044,0.038406958113984896
29.29655027,0.036697947661554896
29.29850912,0.01892118715190356
29.29858136,0.03360036621652552
29.29863596,0.03904783703364614
29.29868793,0.020492866407263294
29.31350279,0.0302738994430457
29.3135736,0.041718165865568015
29.3227849,0.022659647516594186
29.32288504,0.025513084611276417
29.32296228,0.04286259250782025
29.34952593,0.02639810788128481
29.34960055,0.021728847180895704
29.35148406,0.04182497901884489
29.35153699,0.03210498207064927
29.36152363,0.02038605325398642
29.36159539,0.040375371938658734
29.36747789,0.03714045929655909
29.36752629,0.019729915312428473
29.38152075,0.03610284580758373
29.38159108,0.04110780498970016
29.3895247,0.021606775005722133
29.38959718,0.031662470435645074
29.40348506,0.04327458609903105
29.41752291,0.024078736552986955
29.41759467,0.027023727779049364
29.41764927,0.044678416113527124
29.41770244,0.027878233005264364
29.42754602,0.02264438849469749
29.42760396,0.04260318913557641
29.43345308,0.03237964446478981
29.44751811,0.01924162661173419
29.44759679,0.03807125963225757
29.44765306,0.03504997329671168
29.46644711,0.018326085297932403
29.46647763,0.03447013046463722
29.46650219,0.039124132143129625
29.48943758,0.01940947585259785
29.48946357,0.030136568245975433
29.48948669,0.04118410009918364
29.48950958,0.023102159151598384
29.49143147,0.025909819180590526
29.49145436,0.04406805523765927
29.50443268,0.030212863355458915
29.51351333,0.03019760433356222
29.51359534,0.055680170901045246
29.51365113,0.05087357900358587
29.53745604,0.038910505836575876
29.53748512,0.051026169222552833
29.55152321,0.039291981383993285
29.55159593,0.01782253757534142
29.56551456,0.03338673990997177
29.56559801,0.038620584420538645
29.56565523,0.01867704280155642
29.56570768,0.02801556420233463
29.58952165,0.03936827649347677
29.58960104,0.02059967956054017
29.58965755,0.023849851224536506
29.58970928,0.041336690318150605
29.59250379,0.024750133516441595
29.59257054,0.020157167925535974
29.59261775,0.04005493247882811
29.60648417,0.029831387808041506
29.60654354,0.018204013122758832
29.62052035,0.038040741588464176
29.62059188,0.03451590753032731
29.62847328,0.017669947356374456
29.62852645,0.03398184176394293
29.63348579,0.03904783703364614
29.63354349,0.01915007248035401
29.64750457,0.028824292362859542
29.64756346,0.040878919661249714
29.65652966,0.022461280231937133
29.65658474,0.02597085526817731
29.67051673,0.04251163500419623
29.67848539,0.026031891355764097
29.67854738,0.021759365224689096
29.693506,0.0413519493400473
29.69358015,0.030670634012359806
29.6936357,0.019089036392767225
29.6936872,0.03901731898985275
29.70252633,0.035919737544823374
29.70259833,0.019089036392767225
29.71650362,0.03479056992446784
29.71658063,0.03939879453727016
29.72946048,0.019851987487602044
29.72953296,0.030243381399252308
29.7295866,0.04174868390936141
29.74467301,0.022842755779354542
29.74475241,0.02661173418783856
29.74479055,0.04327458609903105
29.74487853,0.02661173418783856
29.75850368,0.022491798275730526
29.75857759,0.042542153047989625
29.77297068,0.03163195239185168
29.77300858,0.019928282597085525
29.77843547,0.03970397497520409
29.77846956,0.035919737544823374
29.80246162,0.019226367589837492
29.80252004,0.035706111238269625
29.80256295,0.03947508964675364
29.80260301,0.020447089341573205
29.81844306,0.03105210955977722
29.81850934,0.04234378576333257
29.8234365,0.023132677195391776
29.82350922,0.026749065384908826
29.83442473,0.0439154650186923
29.83448076,0.0268711375600824
29.85844326,0.022659647516594186
29.85851192,0.042252231631952394
29.85855627,0.031738765545128556
29.85859752,0.02055390249485008
29.85863781,0.040161745632104985
29.87447095,0.03634699015793088
29.87452555,0.019928282597085525
29.879462,0.03682001983672847
29.87956572,0.041596093690394444
29.89448071,0.02162203402761883
29.89453936,0.033157854581521325
29.90745997,0.044007019150072484
29.90751028,0.02392614633401999
29.9224534,0.02699320973525597
29.92251253,0.044510566872663464
29.92744184,0.027878233005264364
29.92749286,0.02371252002746624
29.9275341,0.043427176317998015
29.94149303,0.032867933165484094
29.94154382,0.020950637064164186
29.9464643,0.04013122758831159
29.94652224,0.03611810482948043
29.9624722,0.01969939726863508
29.96252656,0.036285954070344094
29.97452092,0.040039673456931414
29.9745934,0.020538643472953384
29.99850464,0.03108262760357061
29.99856591,0.04202334630350195
29.99860978,0.022674906538490882
29.99864984,0.02639810788128481
29.99868894,0.042923628595407035
30.00849605,0.026672770275425344
30.00856781,0.023956664377813384
30.0235076,0.043381399252307926
30.02356768,0.031998168917372394
30.04648614,0.020874341954680704
30.04653454,0.04090943770504311
30.04656935,0.037796597238117034
30.04662514,0.02119478141451133
30.05950665,0.03765926604104677
30.05956221,0.04118410009918364
30.06146884,0.021164263370717938
30.06150961,0.03266956588082704
30.0615437,0.04379339284351873
30.07148671,0.02392614633401999
30.07153535,0.026947432669565882
30.08451271,0.04335088120851453
30.08457232,0.026260776684214542
30.09849501,0.022156099794003205
30.09854913,0.04153505760280766
30.10758162,0.030472266727702754
30.10765457,0.019089036392767225
30.11257243,0.03901731898985275
30.11262107,0.03485160601205463
30.12148142,0.019089036392767225
30.12152004,0.035706111238269625
30.12743449,0.03927672236209659
30.1431365,0.01943999389639124
30.14318275,0.03065537499046311
30.15444016,0.04211490043488213
30.15446806,0.02409399557488365
30.16943502,0.03259327077134356
30.17145133,0.05574120698863203
30.1715095,0.04505989166094453
30.1715498,0.04245059891660945
30.17954373,0.05558861676966506
30.17957616,0.03611810482948043
30.19341636,0.019760433356221865
30.19344211,0.03875791561760891
30.21144271,0.034485389486533916
30.21149611,0.017975127794308383
30.21153235,0.03364614328221561
30.22244191,0.03665217059586481
30.22247553,0.016739147020675974
30.22250652,0.02806134126802472
30.23751187,0.039246204318303196
30.23756909,0.019760433356221865
30.25150228,0.02409399557488365
30.25158882,0.04042114900434882
30.25164008,0.023132677195391776
30.26449156,0.020447089341573205
30.26453114,0.040009155413138014
30.27860498,0.02822919050888838
30.27866817,0.0174868390936141
30.27870512,0.037415121690699625
30.27874064,0.033447775997558556
30.2934835,0.017669947356374456
30.29353619,0.03463797970550088
30.30248213,0.038162813763637754
30.30253911,0.01808194094758526
30.31147647,0.02887006942854963
30.31153297,0.03927672236209659
30.33451104,0.019562066071564813
30.33456516,0.024414435034714275
30.33649898,0.04113832303349355
30.34480405,0.023682001983672846
30.34486294,0.020447089341573205
30.34489703,0.039749752040894176
30.34493113,0.02775616083009079
30.35947847,0.017792019531548027
30.35952687,0.03767452506294346
30.36951804,0.032654306858930345
30.36956692,0.01641870756084535
30.38450837,0.03358510719462882
30.38456464,0.036575875486381325
30.40773034,0.016601815823605707
30.40778494,0.028244449530785077
30.40782595,0.039627679865720605
30.4214766,0.020401312275883116
30.42152429,0.024933241779201955
30.43049312,0.04217593652246891
30.43054152,0.024246585793850615
30.44374847,0.02136263065537499
30.44385147,0.041428244449530784
30.44392323,0.02998397802700847
30.4439857,0.01907377737087053
30.44845176,0.03906309605554284
30.44849968,0.03421072709239338
30.47250772,0.018188754100862136
30.47256446,0.035370412756542305
30.47260737,0.03904783703364614
30.4774673,0.019226367589837492
30.48745632,0.030579079880979628
30.48752308,0.04132143129625391
30.4964478,0.02169832913710231
30.49650455,0.02627603570611124
30.50343823,0.042298008697642483
30.50349855,0.02508583199816892
30.51144791,0.022247653925383384
30.51151085,0.04202334630350195
30.51154661,0.029877164873731595
30.53457355,0.019424734874494545
30.53460431,0.03901731898985275
30.53462911,0.0345616845960174
30.53465271,0.018997482261387044
30.55043316,0.036453803311207754
30.55050135,0.03949034866865034
30.55847812,0.019836728465705347
30.55852914,0.03146410315098802
30.57867265,0.041718165865568015
30.5787394,0.022323949034866866
30.58442879,0.027435721370260166
30.58449364,0.04367132066834516
30.60775065,0.02594033722438392
30.60788941,0.022629129472800793
30.60796714,0.04231326771953918
30.60803699,0.03065537499046311
30.60810137,0.020523384451056687
30.61352253,0.039963378347447925
30.61361122,0.034912642099641414
30.62745237,0.018478675516899367
30.62750554,0.0358129243915465
30.64184427,0.03985656519417105
30.64194369,0.020187685969329367
30.65445518,0.03143358510719463
30.65451741,0.04151979858091096
30.6614542,0.021332112611581598
30.66150522,0.025879301136797133
30.66154671,0.042328526741435876
30.67563176,0.02508583199816892
30.67570424,0.022613870450904097
30.67949891,0.04226749065384909
30.67955828,0.029922941939421684
30.69350362,0.019897764553292133
30.69357848,0.04040588998245213
30.70803499,0.03471427481498436
30.70818758,0.01907377737087053
30.72154713,0.03680476081483177
30.72162437,0.040039673456931414
30.72951317,0.0208896009765774
30.72958589,0.032867933165484094
30.72964072,0.042969405661097124
30.73873806,0.023254749370565347
30.73883748,0.0285648889906157
30.75247717,0.044251163500419625
30.75253749,0.026489662012664988
30.76652336,0.023758297093156328
30.76658154,0.04328984512092775
30.78450394,0.030930037384603648
30.78458071,0.020401312275883116
30.79952002,0.040009155413138014
30.79958344,0.035156786449988556
30.79962754,0.01892118715190356
30.79966974,0.03561455710688945
30.80750608,0.03865110246433204
30.80756211,0.01953154802777142
30.80761123,0.03129625391012436
30.81650329,0.04158083466849775
30.84368229,0.02252231631952392
30.84389496,0.026825360494392308
30.84396076,0.04322880903334096
30.84400964,0.025558861676966506
30.85146236,0.023193713282978562
30.85155416,0.042832074464026856
30.85745239,0.03150988021667811
30.85750866,0.02435339894712749
30.86449409,0.05099565117875944
30.86457348,0.05255207141222248
30.87248015,0.04057373922331579
30.88247061,0.05560387579156176
30.8825357,0.050720988784618906
30.88258052,0.023147936217288473
30.89644718,0.031494621194781414
30.89647722,0.041168841077286945
30.90945601,0.021255817502098116
30.90948296,0.026092927443350882
30.91642928,0.041214618142977034
30.91645646,0.023697261005569542
30.93845868,0.021179522392614634
30.93848491,0.0405279621576257
30.94151044,0.02801556420233463
30.94156647,0.018020904859998473
30.96446538,0.03810177767605097
30.96454096,0.03302052338445106
30.96747446,0.017120622568093387
30.96755099,0.03480582894636454
30.97451115,0.03704890516517891
30.97459602,0.01794460975051499
30.97659659,0.030258640421149004
30.97665906,0.040497444113832305
31.00147486,0.02076752880140383
31.00155115,0.025467307545586328
31.00160646,0.041336690318150605
31.00346231,0.024338139925230793
31.00351071,0.021988250553139545
31.02746558,0.041046768902113374
31.02754116,0.028580148012512397
31.02759671,0.01901274128328374
31.02779245,0.03904783703364614
31.0334754,0.03350881208514534
31.03354669,0.017425803006027314
31.04747438,0.03489738307774472
31.04753709,0.037079423208972305
31.05647111,0.017471580071717403
31.05652571,0.029907682917524988
31.06245613,0.040955214770733196
31.07685661,0.02162203402761883
31.07703328,0.026459143968871595
31.09942722,0.042160677500572216
31.09945583,0.02491798275730526
31.10891342,0.022903791866941327
31.10893989,0.042328526741435876
31.12243676,0.03010605020218204
31.12246585,0.019501029983978027
31.12249041,0.04013122758831159
31.12251449,0.03529411764705882
31.12942362,0.019058518348973832
31.12944841,0.03642328526741436
31.12947178,0.03875791561760891
31.15743136,0.01969939726863508
31.15745831,0.032166018158236054
31.15941429,0.04190127412832837
31.15943933,0.022018768596932938
31.15946269,0.027405203326466773
31.15948582,0.04312199588006409
31.17344427,0.025314717326619364
31.1734705,0.022964827954528116
31.17349386,0.042206454566262305
31.17351723,0.02954146639200427
31.19141722,0.02017242694743267
31.19144249,0.040451667048142216
31.21453309,0.035156786449988556
31.21463847,0.01986724650949874
31.21946383,0.03735408560311284
31.21955562,0.039169909208819714
31.22649288,0.02055390249485008
31.22656631,0.03376821545738918
31.23946953,0.04319829098954757
31.23953962,0.022705424582284275
31.23958993,0.027969787136644542
31.24646544,0.04367132066834516
31.26052046,0.026535439078355077
31.26057577,0.024490730144197757
31.26550937,0.043640802624551764
31.28953624,0.030685893034256503
31.28959727,0.02119478141451133
31.29150343,0.04077210650797284
31.29155087,0.03546196688792248
31.29159141,0.019684138246738384
31.29163074,0.03772030212863355
31.30153227,0.039505607690547034
31.30158019,0.02059967956054017
31.31546617,0.03292896925307088
31.31552482,0.04226749065384909
31.32947302,0.022034027618829635
31.32952523,0.02780193789578088
31.33754921,0.04356450751506828
31.35153556,0.025406271457999542
31.3516047,0.023193713282978562
31.35649943,0.04226749065384909
31.35655093,0.03022812237735561
31.36251807,0.020965896086060882
31.36259151,0.04074158846417945
31.36861396,0.03552300297550927
31.36868596,0.01965362020294499
31.38251138,0.03654535744258793
31.38257146,0.03955138475623712
31.39851999,0.01965362020294499
31.39859271,0.032440680552376595
31.39864826,0.04200808728160525
31.40453362,0.02197299153124285
31.40459418,0.027725642786297397
31.41447067,0.04368657969024185
31.41452646,0.026581216144045166
31.4275291,0.0251621271076524
31.42760134,0.044586861982146946
31.43459678,0.03138780804150454
31.43467236,0.021759365224689096
31.45850968,0.04081788357366293
31.4585793,0.03521782253757534
31.49142313,0.020019836728465707
31.49145246,0.03733882658121614
31.49147654,0.03871213855191882
31.49149966,0.01931792172121767
31.4934032,0.03234912642099642
31.49343038,0.04144350347142748
31.49345422,0.020782787823300525
31.49347711,0.0264438849469749
31.49349976,0.041931792172121764
31.50246406,0.024505989166094453
31.50249004,0.02255283436331731
31.51641583,0.041596093690394444
31.51643968,0.028809033340962846
31.52942967,0.01977569237811856
31.52945375,0.03994811932555123
31.54346132,0.033203631647211414
31.54354048,0.017807278553444723
31.54359603,0.035919737544823374
31.54364872,0.03772030212863355
31.55847526,0.01884489204242008
31.55855465,0.032562752727550166
31.57244802,0.044510566872663464
31.57251048,0.030090791180285344
31.58648109,0.041336690318150605
31.58656001,0.06076142519264515
31.59454155,0.043335622186617836
31.59462214,0.03372243839169909
31.59467959,0.04452582589456016
31.60847497,0.02810711833371481
31.60852647,0.018707560845349813
31.61750054,0.03848325322346838
31.61755133,0.03192187380788891
31.62947583,0.016113527122911423
31.62952518,0.033997100785839625
31.64350605,0.035370412756542305
31.64356756,0.016449225604638743
31.6524725,0.02937361715114061
31.65252948,0.03875791561760891
31.66145897,0.018814373998626687
31.66151142,0.025024795910582133
31.66646028,0.040207522697795074
31.67449021,0.02252231631952392
31.67454648,0.021332112611581598
31.6794703,0.04077210650797284
31.67951512,0.026977950713359275
31.70449638,0.018005645838101776
31.70456457,0.038040741588464176
31.70650411,0.031326771953917754
31.70655918,0.017074845502403294
31.71449232,0.03521782253757534
31.71454954,0.03631647211413749
31.72352457,0.01753261615930419
31.72358751,0.030594338902876324
31.72363853,0.039627679865720605
31.73850393,0.01974517433432517
31.73858881,0.026260776684214542
31.76278591,0.0409399557488365
31.76290584,0.022827496757457846
31.76298046,0.021393148699168384
31.7630496,0.04031433585107195
31.77089858,0.027344167238879988
31.77109623,0.019684138246738384
31.78349042,0.039414053559166856
31.78354836,0.03295948729686427
31.79047632,0.01846341649500267
31.7905333,0.036789501792935074
31.79647589,0.03778133821622034
31.80347204,0.019119554436560618
31.80351186,0.03234912642099642
31.82745051,0.040619516289005876
31.82747984,0.020874341954680704
31.8275032,0.02818341344319829
31.82752705,0.04345769436179141
31.83444047,0.024887464713511862
31.83446503,0.023437857633325704
31.85123181,0.04260318913557641
31.85444164,0.02934309910734722
31.85449195,0.020462348363469902
31.86147428,0.04060425726710918
31.87454844,0.03463797970550088
31.87463641,0.01931792172121767
31.889467,0.036743724727244985
31.88954711,0.038742656595712216
31.89349031,0.01998931868467231
31.89356875,0.03297474631876097
31.90287805,0.0417792019531548
31.90304351,0.021774624246585793
31.91647387,0.028381780727855344
31.9165535,0.04310673685816739
31.93945885,0.025604638742656595
31.93951774,0.024979018844892044
31.94148493,0.04411383230334936
31.95550942,0.03036545357442588
31.95556498,0.022156099794003205
31.95561457,0.04238956282902266
31.95565557,0.03572137026016632
31.95569491,0.0208896009765774
31.95573354,0.038803692683299
31.97013855,0.03987182421606775
31.97030354,0.021087968261234456
31.97850037,0.034195468070496685
31.97858453,0.04319829098954757
31.99350238,0.02276646066987106
31.99356651,0.029190508888380255
32.00650001,0.04386968795300221
32.01148844,0.025955596246280615
32.01154399,0.02499427786678874
32.01948524,0.04370183871213855
32.01954174,0.030182345311665523
32.02245355,0.021637293049515526
32.02250361,0.041046768902113374
32.03491092,0.03430228122377356
32.03501081,0.019546807049668116
32.04950047,0.037918669413290605
32.04955935,0.03886472877088579
32.06352091,0.019806210421911954
32.06358743,0.033615625238422216
32.06362963,0.042664225223163196
32.07152438,0.022613870450904097
32.0715735,0.028854810406652935
32.08546114,0.04452582589456016
32.08550096,0.026977950713359275
32.09152484,0.025482566567483024
32.09159613,0.04351873044937819
32.10462284,0.030014496070801863
32.10472703,0.02191195544365606
32.13076997,0.041550316624704355
32.13089204,0.03413443198290989
32.13096642,0.019378957808804456
32.13103533,0.037537193865873196
32.13110232,0.03810177767605097
32.13751602,0.018829633020523383
32.13755941,0.032318608377203024
32.15143418,0.040711070420386054
32.15146255,0.02026398107881285
32.1574223,0.027405203326466773
32.17204523,0.042298008697642483
32.17210793,0.023865110246433202
32.18445325,0.023086900129701687
32.184515,0.04151979858091096
32.18458056,0.027573052567330433
32.19346499,0.01969939726863508
32.19350123,0.0405279621576257
32.20348287,0.033447775997558556
32.20356011,0.01943999389639124
32.21345782,0.04069581139848936
32.21351695,0.04699778744182498
32.23757315,0.034042877851529714
32.23765135,0.051651789120317385
32.2424562,0.05789272907606623
32.24250746,0.029556725413900968
32.24948215,0.02844281681544213
32.24953794,0.04017700465400168
32.25747299,0.022415503166247044
32.25754738,0.02255283436331731
32.25760221,0.041550316624704355
32.27246022,0.027862973983367668
32.27252388,0.019333180743114367
32.28644133,0.03913939116502632
32.28648782,0.03137254901960784
32.29962087,0.016739147020675974
32.29972339,0.03529411764705882
32.30473733,0.03602655069810025
32.30490828,0.017578393224994278
32.31352043,0.03146410315098802
32.31359434,0.03947508964675364
32.32251716,0.01982146944380865
32.32258749,0.02725261310749981
32.32264185,0.041840238040741586
32.33762693,0.02328526741435874
32.33772445,0.022415503166247044
32.36163545,0.041168841077286945
32.36173606,0.027405203326466773
32.36181188,0.019180590524147403
32.36188054,0.03910887312123293
32.3697207,0.03176928358892195
32.36987114,0.017303730830853743
32.37747312,0.0358129243915465
32.37753391,0.036743724727244985
32.3924861,0.017914091706721598
32.39254284,0.03129625391012436
32.39258528,0.039673456931410694
32.41650796,0.01974517433432517
32.4165678,0.026977950713359275
32.44015121,0.04113832303349355
32.44019938,0.02264438849469749
32.44023633,0.02320897230487526
32.44027162,0.042969405661097124
32.45348239,0.028625925078202486
32.45351505,0.02034027618829633
32.45354104,0.04074158846417945
32.45356607,0.03385976958876936
32.45843339,0.01940947585259785
32.45845842,0.03778133821622034
32.45848131,0.0375219348439765
32.49245739,0.01896696421759365
32.49248791,0.03356984817273213
32.49251246,0.04153505760280766
32.49446368,0.021377889677271687
32.49452448,0.028076600289921417
32.50350189,0.04248111696040284
32.50361252,0.024048218509193562
32.51345778,0.023559929808499275
32.51352429,0.04228274967574579
32.52647972,0.028885328450446328
32.52657461,0.02128633554589151
32.52663064,0.04084840161745632
32.55943775,0.033539330128938734
32.55950809,0.019333180743114367
32.55955434,0.037460898756389714
32.55959821,0.03784237430380712
32.56241608,0.019592584115358205
32.56246614,0.03358510719462882
32.56946898,0.041046768902113374
32.56953716,0.02084382391088731
32.57845259,0.028625925078202486
32.57851028,0.043167772945754176
32.59248018,0.024155031662470437
32.59253311,0.02423132677195392
32.607445,0.04324406805523766
32.60749412,0.028854810406652935
32.60753059,0.020996414129854278
32.61649513,0.040833142595559625
32.61655235,0.03372243839169909
32.62455845,0.019974059662775615
32.62462568,0.0388189517051957
32.6386025,0.03894102388036927
32.63867617,0.020111390859845885
32.65252709,0.03398184176394293
32.65258789,0.04165712977798123
32.67750287,0.021042191195544367
32.67757773,0.02835126268406195
32.67763209,0.042801556420233464
32.68451667,0.02447547112230106
32.68458915,0.024414435034714275
32.69156981,0.04328984512092775
32.69164371,0.028854810406652935
32.69655657,0.021271076523994813
32.69662762,0.04147402151522087
32.71054149,0.033783474479285876
32.7106185,0.018768596932936598
32.73353648,0.037201495384145876
32.73360991,0.037247272449835965
32.7336657,0.01884489204242008
32.73371649,0.03288319218738079
32.73376632,0.04065003433279927
32.77155781,0.021545738918135347
32.77162075,0.02998397802700847
32.771667,0.044373235675593196
32.77170968,0.025650415808346684
32.7735312,0.026092927443350882
32.773592,0.044464789806973375
32.77363682,0.030182345311665523
32.77367878,0.023086900129701687
32.78853965,0.04269474326695659
32.78861356,0.03463797970550088
32.80256891,0.020660715648126955
32.80264163,0.03926146334019989
32.80269599,0.039002059967956054
32.80274725,0.019897764553292133
32.80279994,0.03343251697566186
32.81245971,0.04058899824521248
32.8295238,0.02029449912260624
32.82960343,0.027389944304570077
32.83151889,0.04158083466849775
32.83159852,0.023956664377813384
32.85550809,0.024277103837644008
32.85559082,0.0422369726100557
32.85564613,0.027618829633020522
32.85569835,0.020065613794155796
32.85574794,0.040711070420386054
32.87077022,0.03305104142824445
32.87095737,0.01872281986724651
32.89451408,0.03790341039139391
32.8945899,0.03826962691691463
32.8946445,0.023025864042114902
32.89469719,0.04382391088731212
32.90952873,0.05729762722209506
32.90959406,0.041092545967803464
32.92348909,0.04644846265354391
32.92353606,0.052429999237048906
32.92357659,0.025909819180590526
32.92361569,0.02337682154573892
32.93251586,0.042420080872816054
32.93257475,0.027313649195086595
32.93262506,0.019226367589837492
32.94752026,0.0383916990920882
32.9475801,0.030121309224078737
32.97155929,0.016235599298084994
32.97160864,0.03512626840619516
32.97164416,0.03518730449378195
32.97167802,0.016998550392919812
32.97850895,0.03181506065461204
32.97855949,0.03938353551537346
32.99249125,0.019089036392767225
32.99255371,0.02716105897611963
32.99260378,0.04115358205539025
33.00457692,0.02276646066987106
33.00462461,0.0234531166552224
33.01849031,0.0417792019531548
33.01853991,0.02668802929732204
33.03594542,0.019638361181048294
33.03606915,0.03978027008468757
33.04852152,0.032227054245822846
33.04861164,0.018951705195696954
33.04866672,0.037537193865873196
33.04871726,0.036621652552071414
33.05750179,0.01846341649500267
33.05754948,0.03390554665445945
33.06262898,0.040787365529869536
33.07159543,0.020111390859845885
33.07169867,0.027862973983367668
33.09545565,0.04194705119401846
33.09549451,0.023422598611429007
33.10950494,0.024200808728160526
33.10953927,0.04284733348592355
33.11849618,0.02806134126802472
33.11854672,0.021484702830548562
33.13151741,0.04170290684367132
33.131567,0.0332646677347982
33.13160753,0.019424734874494545
33.13164735,0.03859006637674525
33.13868427,0.0383916990920882
33.14447021,0.019729915312428473
33.14450884,0.03433279926756695
33.16145039,0.04130617227435721
33.1614759,0.02128633554589151
33.16346145,0.029800869764248113
33.16348934,0.04361028458075837
33.16998196,0.02491798275730526
33.17003965,0.025436789501792935
33.18343568,0.0439154650186923
33.1834619,0.028976882581826506
33.18949723,0.022201876859693295
33.18955207,0.042374303807125965
33.21846342,0.03433279926756695
33.21856046,0.02084382391088731
33.22343063,0.03915465018692302
33.22348046,0.03813229571984436
33.22943425,0.019806210421911954
33.22948074,0.034988937209124896
33.23445392,0.041794460975051496
33.23450994,0.02169832913710231
33.24945235,0.030304417486839094
33.24952888,0.04406805523765927
33.26253176,0.02459754329747463
33.26259565,0.026077668421454186
33.26948643,0.04457160296025025
33.28348327,0.02951094834821088
33.2835443,0.02285801480125124
33.28949475,0.04281681544213016
33.28954577,0.03422598611429008
33.29447293,0.02111848630502785
33.29451847,0.04007019150072481
33.30047059,0.038910505836575876
33.30053663,0.02026398107881285
33.31348944,0.03500419623102159
33.31354761,0.04278629739833677
33.32647872,0.022247653925383384
33.32652926,0.03036545357442588
33.34049344,0.043549248493171586
33.34054303,0.02485694666971847
33.34057999,0.0260166323338674
33.35547805,0.04486152437628748
33.35552907,0.02993820096131838
33.3555696,0.02311741817349508
33.35560966,0.04267948424505989
33.36952806,0.03407339589532311
33.3695991,0.020630197604333562
33.38450933,0.03932249942778668
33.38456774,0.037872892347600516
33.39747381,0.020141908903639278
33.3975234,0.034988937209124896
33.39756536,0.04130617227435721
33.40351081,0.0217441062027924
33.40359068,0.03039597161821927
33.41749525,0.04345769436179141
33.41755033,0.024505989166094453
33.42848635,0.026047150377660793
33.42852497,0.04461738002594034
33.43753433,0.029617761501487753
33.43758392,0.02294956893263142
33.46249843,0.04278629739833677
33.46255159,0.034439612420843826
33.46259356,0.02076752880140383
33.46263337,0.039673456931410694
33.46267271,0.03863584344243534
33.47147632,0.02029449912260624
33.48344326,0.035034714274814985
33.48349833,0.04153505760280766
33.49246073,0.02153047989623865
33.49252248,0.030182345311665523
33.50647187,0.04257267109178302
33.50654006,0.023422598611429007
33.53047705,0.02464332036316472
33.53053951,0.04252689402609293
33.54346633,0.02652018005645838
33.54353285,0.02128633554589151
33.54357672,0.041763942931258104
33.54944134,0.03312733653772793
33.54951549,0.019790951400015258
33.55844378,0.03865110246433204
33.55849862,0.03700312809948882
33.5674603,0.019134813458457314
33.56752205,0.03462272068360418
33.57645297,0.04101625085831998
33.57650781,0.021667811093308918
33.58946776,0.032608529793240255
33.58952165,0.05091935606927596
33.60375285,0.03830014496070802
33.60394287,0.044510566872663464
33.6040597,0.060990310521095596
33.60410833,0.04206912336919204
33.60415411,0.02691691462577249
33.61848187,0.04209964141298543
33.61854243,0.03224231326771954
33.62447166,0.01953154802777142
33.62454343,0.038284885938811325
33.63702488,0.03602655069810025
33.63716316,0.017593652246890974
33.6494782,0.032486457618066684
33.64953804,0.03915465018692302
33.66393304,0.019501029983978027
33.66405702,0.02822919050888838
33.66413331,0.04147402151522087
33.67067719,0.022369726100556955
33.67077446,0.02371252002746624
33.68447757,0.04185549706263828
33.68453765,0.026581216144045166
33.69047904,0.020584420538643473
33.69052529,0.04069581139848936
33.7035861,0.031097886625467308
33.70371866,0.018097199969481958
33.71849537,0.03759822995345998
33.71856833,0.03518730449378195
33.73158574,0.01710536354619669
33.7316556,0.03297474631876097
33.73170972,0.03968871595330739
33.73673534,0.019806210421911954
33.73684978,0.028641184100099183
33.75049376,0.041260395208667124
33.75056744,0.022186617837796598
33.76349401,0.024170290684367133
33.76356673,0.042252231631952394
33.77747178,0.02673380636301213
33.77751493,0.020752269779507133
33.80150604,0.04081788357366293
33.80156422,0.032028686961165787
33.8016088,0.019211108567940796
33.80165029,0.038574807354848556
33.8016901,0.03700312809948882
33.82643938,0.019256885633630885
33.82646632,0.035034714274814985
33.82649016,0.04080262455176623
33.84145856,0.02107270923933776
33.84151268,0.0302738994430457
33.84155083,0.043213550011444266
33.84743452,0.02426184481574731
33.84746051,0.026337071793698024
33.84748411,0.044342717631799804
33.84750795,0.028641184100099183
33.85942841,0.02255283436331731
33.85945368,0.04327458609903105
33.8744936,0.034271763179980166
33.87457514,0.021057450217441064
33.87947536,0.04014648661020829
33.87954164,0.03825436789501793
33.90458727,0.02093537804226749
33.90469933,0.03605706874189364
33.90845513,0.04144350347142748
33.90850997,0.021988250553139545
33.90854716,0.03163195239185168
33.90858126,0.044251163500419625
33.90861583,0.024216067750057222
33.92444277,0.02668802929732204
33.92447257,0.04457160296025025
33.93844128,0.02877851529716945
33.93850303,0.023727779049362935
33.96249437,0.04382391088731212
33.96255159,0.03329518577859159
33.96259379,0.020447089341573205
33.96263409,0.040375371938658734
33.9694953,0.03852903028915847
33.96958947,0.020996414129854278
33.9834497,0.03620965896086061
33.98351836,0.041962310215915156
33.99043489,0.021759365224689096
33.9905026,0.03117418173495079
33.9965198,0.04382391088731212
34.00457501,0.024704356450751506
34.00468755,0.026581216144045166
34.01849246,0.04357976653696498
34.01854849,0.02746623941405356
34.03266263,0.021927214465552756
34.03276324,0.04277103837644007
34.03283906,0.03405813687342641
34.03290868,0.021103227283131153
34.05156851,0.039887083237964444
34.05164456,0.037415121690699625
34.05169177,0.019897764553292133
34.05173373,0.03578240634775311
34.06159329,0.04170290684367132
34.08479571,0.02204928664072633
34.0848856,0.03179980163271534
34.0849402,0.04415960936903945
34.08499026,0.02481116960402838
34.09598565,0.027557793545433737
34.09610701,0.04592965590905623
34.1037941,0.0298619058518349
34.10399222,0.023559929808499275
34.11750293,0.04365606164644846
34.11756182,0.03414969100480659
34.12346697,0.021149004348821242
34.12351131,0.040375371938658734
34.13767028,0.037949187457084
34.14646864,0.019470511940184634
34.14650989,0.03477531090257115
34.15943122,0.04057373922331579
34.15946341,0.02026398107881285
34.1614306,0.03002975509269856
34.16947556,0.04243533989471275
34.16953588,0.022278171969176776
34.17847133,0.02418554970626383
34.17852426,0.04301518272678721
34.18847823,0.02725261310749981
34.18853879,0.02169832913710231
34.20146298,0.041504539559014265
34.22474575,0.031998168917372394
34.22481132,0.01965362020294499
34.22486472,0.03904783703364614
34.22491646,0.03648432135500115
34.22847891,0.020645456626230258
34.22853065,0.04039063096055543
34.23658061,0.05191119249256123
34.23665452,0.03756771190966659
34.24462771,0.04974441138323033
34.24475455,0.058274204623483636
34.27398634,0.02970931563286793
34.2741096,0.02499427786678874
34.27418613,0.04101625085831998
34.28852916,0.025879301136797133
34.28860617,0.02050812542915999
34.28865123,0.039505607690547034
34.28869247,0.029556725413900968
34.30154061,0.01765468833447776
34.30160832,0.03732356755931945
34.31455135,0.03321889066910811
34.31463003,0.016495002670328832
34.31467581,0.032562752727550166
34.31471848,0.03790341039139391
34.31951571,0.018570229648279545
34.31962466,0.028595407034409093
34.32852459,0.04074158846417945
34.3524971,0.021301594567788205
34.35256529,0.023895628290226595
34.35260963,0.04187075608453498
34.35266423,0.025513084611276417
34.35947752,0.020279240100709545
34.35953045,0.04042114900434882
34.37308383,0.030731670099946592
34.37320685,0.01872281986724651
34.38153481,0.0383764400701915
34.3816011,0.03567559319447623
34.405792,0.01786831464103151
34.40591407,0.03384451056687266
34.40599132,0.03918516823071641
34.4060626,0.018982223239490347
34.40613198,0.028824292362859542
34.41453075,0.041260395208667124
34.41460729,0.022156099794003205
34.42449975,0.025101091020065615
34.42455602,0.04274052033264668
34.43796587,0.026123445487144275
34.43808818,0.02140840772106508
34.44664478,0.041718165865568015
34.44675446,0.03167772945754177
34.47213221,0.018997482261387044
34.47216368,0.03854428931105516
34.472188,0.036957351033798734
34.4722116,0.019851987487602044
34.48452187,0.03572137026016632
34.48458838,0.04063477531090257
34.4846313,0.020782787823300525
34.49248099,0.030670634012359806
34.49252224,0.043137254901960784
34.50616956,0.023636224917982757
34.51848197,0.026428625925078202
34.51854515,0.04386968795300221
34.51858854,0.02754253452353704
34.5334723,0.022583352407110704
34.53350139,0.042221713588159
34.53352618,0.0324254215304799
34.53355002,0.02009613183794919
34.54746127,0.039841306172274354
34.54752564,0.037537193865873196
34.56147099,0.01991302357518883
34.56153178,0.03533989471274891
34.56747389,0.04097047379262989
34.56752324,0.021301594567788205
34.59148502,0.031097886625467308
34.59155798,0.04278629739833677
34.59160566,0.023422598611429007
34.59164882,0.026703288319218737
34.59168959,0.04457160296025025
34.60355425,0.028000305180437935
34.60365176,0.023392080567635615
34.61756873,0.04298466468299382
34.61764479,0.032562752727550166
34.626513,0.020477607385366598
34.62658453,0.04089417868314641
34.6495409,0.03834592202639811
34.6496191,0.020309758144502938
34.65144634,0.036194399938963916
34.65148234,0.04156557564660105
34.65947437,0.02169832913710231
34.65952754,0.032166018158236054
34.66246748,0.044083314259555965
34.68150067,0.024170290684367133
34.68157029,0.027512016479743648
34.68161464,0.04522774090180819
34.68165541,0.028946364538033113
34.69748998,0.02401770046540017
34.69754481,0.043381399252307926
34.71065068,0.03305104142824445
34.71076465,0.02119478141451133
34.71851206,0.041992828259708556
34.71859765,0.039078355077439536
34.71865749,0.022354467078660258
34.71872425,0.038452735179674985
34.72953892,0.04257267109178302
34.73764324,0.023086900129701687
34.73771429,0.034317540245670256
34.75151825,0.04620431830319677
34.75159168,0.025986114290074008
34.76549506,0.028412298771648737
34.76555037,0.045593957427328906
34.77851105,0.029236285954070344
34.778548,0.024002441443503473
34.77858162,0.0434882124055848
34.77861452,0.032776379034103915
34.78843665,0.020920119020370793
34.78846407,0.03994811932555123
34.7944324,0.0362554360265507
34.80844569,0.018768596932936598
34.80847406,0.03518730449378195
34.82249761,0.03987182421606775
34.8225553,0.01969939726863508
34.83150673,0.03053330281528954
34.83156943,0.04211490043488213
34.83163238,0.022293430991073473
34.83168173,0.02528419928282597
34.84648395,0.04373235675593194
34.84654331,0.027237354085603113
34.86049533,0.022842755779354542
34.86060572,0.04466315709163043
34.88646531,0.0396429388876173
34.88652229,0.03385976958876936
34.88656044,0.0580148012512398
34.8865943,0.05539024948500801
34.88843584,0.03250171663996338
34.88849163,0.03959716182192721
34.90352249,0.03970397497520409
34.90360141,0.019501029983978027
34.91248655,0.030670634012359806
34.91255403,0.04118410009918364
34.91260123,0.02055390249485008
34.93643689,0.023559929808499275
34.93646193,0.04127565423056382
34.94154978,0.02456702525368124
34.94161916,0.020157167925535974
34.95047593,0.03994811932555123
34.95053029,0.029739833676661324
34.95847583,0.018326085297932403
34.95852137,0.03846799420157168
34.97253799,0.03463797970550088
34.97260928,0.01727321278706035
34.97950029,0.03413443198290989
34.979563,0.03887998779278248
35.00353694,0.01867704280155642
35.0036099,0.0285648889906157
35.00366402,0.040283817807278556
35.00654769,0.0208896009765774
35.00661993,0.024368657969024186
35.01450968,0.04248111696040284
35.01458216,0.0255893797207599
35.02851844,0.021377889677271687
35.02858996,0.040787365529869536
35.0346241,0.029556725413900968
35.03472447,0.018478675516899367
35.05854583,0.038666361486228734
35.05862093,0.034821087968261236
35.0586772,0.017715724422064545
35.05872726,0.034485389486533916
35.0587759,0.03942931258106355
35.06852651,0.01998931868467231
35.06859803,0.030807965209430077
35.08247137,0.042084382391088734
35.08250833,0.02255283436331731
35.09144235,0.02613870450904097
35.0914669,0.04367132066834516
35.11442947,0.027008468757152668
35.11445498,0.02264438849469749
35.12143278,0.04278629739833677
35.12145972,0.031967650873579
35.12943387,0.020538643472953384
35.12946057,0.04084840161745632
35.12948418,0.03715571831845579
35.14143443,0.019623102159151598
35.14145923,0.03637750820172427
35.14743114,0.04074158846417945
35.14745808,0.020706492713817044
35.16143179,0.030975814450293737
35.18655133,0.042252231631952394
35.1866529,0.023270008392462044
35.18670845,0.026672770275425344
35.19946265,0.0439002059967956
35.19948959,0.027145799954222935
35.19951534,0.023422598611429007
35.19953966,0.04289311055161364
35.22353411,0.03143358510719463
35.22362137,0.020950637064164186
35.23453212,0.04081788357366293
35.23461318,0.03715571831845579
35.23649454,0.020035095750362403
35.23654747,0.03654535744258793
35.25147414,0.04107728694590677
35.25154066,0.02162203402761883
35.25158548,0.03263904783703365
35.25162649,0.04383916990920882
35.25344467,0.024109254596780347
35.25349069,0.027359426260776684
35.26246476,0.04422064545662623
35.27197194,0.027771419851987486
35.27209568,0.02374303807125963
35.28651214,0.043381399252307926
35.28658986,0.032440680552376595
35.29950738,0.02162203402761883
35.29956031,0.04187075608453498
35.30657172,0.03889524681467918
35.30664897,0.021881437399862667
35.31449127,0.03778133821622034
35.31455088,0.041992828259708556
35.33149338,0.022125581750209813
35.33156109,0.0328374151216907
35.33161306,0.043381399252307926
35.33345318,0.023758297093156328
35.33349061,0.027405203326466773
35.3585279,0.044464789806973375
35.35860515,0.027313649195086595
35.36245632,0.023086900129701687
35.36251259,0.04257267109178302
35.36846185,0.03193713282978561
35.36850595,0.0208896009765774
35.38349795,0.040375371938658734
35.38355446,0.0362554360265507
35.38848281,0.019348439765011063
35.3885386,0.03602655069810025
35.39748907,0.04036011291676204
35.41949582,0.020233463035019456
35.41955423,0.031280994888227664
35.42849612,0.04255741206988632
35.42854691,0.022903791866941327
35.4375031,0.027313649195086595
35.43754053,0.045136186770428015
35.45442963,0.028412298771648737
35.45445609,0.024124513618677044
35.45447922,0.04353398947127489
35.45450234,0.03329518577859159
35.46443033,0.021850919356069275
35.46445513,0.041458762493324176
35.4784708,0.03726253147173266
35.4784956,0.020691233691920347
35.47851944,0.03733882658121614
35.49753284,0.04113832303349355
35.49760485,0.021316853589684902
35.49765968,0.032440680552376595
35.4977119,0.04341191729610132
35.50781131,0.02349889372091249
35.50784612,0.02635233081559472
35.51246166,0.04351873044937819
35.51248765,0.026504921034561684
35.52642918,0.022369726100556955
35.52645826,0.042374303807125965
35.55350995,0.03125047684443427
35.55358553,0.019760433356221865
35.55362344,0.03959716182192721
35.55365753,0.035492484931715876
35.55549717,0.01872281986724651
35.55557632,0.03617914091706722
35.56853724,0.040833142595559625
35.56861186,0.021759365224689096
35.57749915,0.03521782253757534
35.57756257,0.05224689097428855
35.60149455,0.03906309605554284
35.60157442,0.047882810711833375
35.60163069,0.0609750514991989
35.61652255,0.03947508964675364
35.61658669,0.026703288319218737
35.61662388,0.042160677500572216
35.61665988,0.0307011520561532
35.62649632,0.019974059662775615
35.6265502,0.03898680094605936
35.63548565,0.03430228122377356
35.63553929,0.017212176699473565
35.64871335,0.033783474479285876
35.64887929,0.03738460364690623
35.66249466,0.01773098344396124
35.66255713,0.02896162355992981
35.66847372,0.0401007095445182
35.68256521,0.020355535210193027
35.68265319,0.024338139925230793
35.68269086,0.04156557564660105
35.68272424,0.024612802319371328
35.69449663,0.020874341954680704
35.69455814,0.04069581139848936
35.70048714,0.028992141603723202
35.7005434,0.0178988326848249
35.72345114,0.03813229571984436
35.72347903,0.03405813687342641
35.72350264,0.017212176699473565
35.72352552,0.03392080567635614
35.72354841,0.03767452506294346
35.73856235,0.01794460975051499
35.73863316,0.029556725413900968
35.74758935,0.041046768902113374
35.74766111,0.020965896086060882
35.76155949,0.024933241779201955
35.7616365,0.04190127412832837
35.77558041,0.024826428625925077
35.77565241,0.02059967956054017
35.78849506,0.04014648661020829
35.78855705,0.029190508888380255
35.79347539,0.01838712138551919
35.7935245,0.03904783703364614
35.79356742,0.0349584191653315
35.80246711,0.01850919356069276
35.80250669,0.035416189822232394
35.81642437,0.03920042725261311
35.82443261,0.019928282597085525
35.82449269,0.03088426031891356
35.84854174,0.04170290684367132
35.84862304,0.02272068360418097
35.84867883,0.026886396581979097
35.86245418,0.043137254901960784
35.8694737,0.026153963530937668
35.86954308,0.023346303501945526
35.86959457,0.042542153047989625
35.89349484,0.031067368581673915
35.89358306,0.02026398107881285
35.89362955,0.04072632944228275
35.8936727,0.0362706950484474
35.91249132,0.019516289005874723
35.91255116,0.036530098420691236
35.91260314,0.04019226367589838
35.91265345,0.020370794232089724
35.91271138,0.03224231326771954
35.91276813,0.043305104142824444
35.92248297,0.023224231326771955
35.92254281,0.027344167238879988
35.92846823,0.044083314259555965
35.94251394,0.027512016479743648
35.94258785,0.0243076218814374
35.95847702,0.043884946974898906
35.95854402,0.03176928358892195
35.97247005,0.02124055848020142
35.97253203,0.04119935912108034
35.97257447,0.036697947661554896
35.97261429,0.02017242694743267
35.9824543,0.03764400701915007
35.98250246,0.04107728694590677
35.99647403,0.02153047989623865
35.99653578,0.03297474631876097
35.99657798,0.04382391088731212
36.00348568,0.023941405355916687
36.00354099,0.028122377355611506
36.01761532,0.045960173952849626
36.01773596,0.027527275501640344
36.03154659,0.024109254596780347
36.03160357,0.04379339284351873
36.03649092,0.03215075913633936
36.0365417,0.02221713588158999
36.04954362,0.041931792172121764
36.04961157,0.03733882658121614
36.05648017,0.020782787823300525
36.05653119,0.038330663004501414
36.05947995,0.042252231631952394
36.08361554,0.02247653925383383
36.0836978,0.033951323720149536
36.08373618,0.04495307850766766
36.08378029,0.024841687647821773
36.09845018,0.028030823224231328
36.09849024,0.04461738002594034
36.0985167,0.028366521705958648
36.09854198,0.024673838406958113
36.11348033,0.04379339284351873
36.11350465,0.03172350652323186
36.12243915,0.020920119020370793
36.12246466,0.03993286030365453
36.13443708,0.03477531090257115
36.14443064,0.018600747692072938
36.14451218,0.03527885862516213
36.1584394,0.03918516823071641
36.15846682,0.019684138246738384
36.16244102,0.030563820859082932
36.16960788,0.041092545967803464
36.16966891,0.021423666742961776
36.16971111,0.025726710917830166
36.17844534,0.042664225223163196
36.19248176,0.02566567483024338
36.19254398,0.022339208056763562
36.21747041,0.04318303196765087
36.2175281,0.03529411764705882
36.2175653,0.030640115968566414
36.2324779,0.05604638742656596
36.23254681,0.05491721980621042
36.23259044,0.03512626840619516
36.23263288,0.043549248493171586
36.24667263,0.040451667048142216
36.24677467,0.01850919356069276
36.25648713,0.030670634012359806
36.25655365,0.04110780498970016
36.26951075,0.020248722056916153
36.26956749,0.024658579385061417
36.26961088,0.04080262455176623
36.29249358,0.023514152742809186
36.29255414,0.020569161516746776
36.29259872,0.04040588998245213
36.29263997,0.028900587472343024
36.29267955,0.01846341649500267
36.29271865,0.038574807354848556
36.30248904,0.03389028763256275
36.30254173,0.017380025940337225
36.315593,0.03488212405584802
36.31569719,0.03814755474174106
36.32848144,0.018310826276035707
36.32853985,0.029846646829938202
36.33447576,0.041290913252460516
36.34888673,0.021683070115205615
36.34902596,0.026245517662317846
36.34911585,0.04251163500419623
36.3491888,0.02542153047989624
36.36351514,0.02323949034866865
36.36359096,0.04231326771953918
36.36849689,0.03039597161821927
36.36857486,0.019897764553292133
36.39352465,0.039414053559166856
36.39360285,0.0349736781872282
36.3936491,0.019165331502250707
36.39369369,0.03620965896086061
36.39373565,0.039078355077439536
36.40758705,0.019684138246738384
36.40765905,0.03193713282978561
36.41270709,0.04293888761730373
36.41277814,0.02311741817349508
36.42647147,0.02716105897611963
36.42651081,0.044007019150072484
36.43943191,0.02699320973525597
36.43945718,0.023697261005569542
36.45743227,0.04328984512092775
36.45745754,0.031525139238574806
36.45943594,0.021393148699168384
36.45946026,0.04115358205539025
36.45948362,0.03654535744258793
36.4734354,0.020569161516746776
36.4784627,0.03807125963225757
36.47852397,0.040787365529869536
36.49249816,0.020660715648126955
36.49256921,0.032730601968413826
36.5106132,0.04361028458075837
36.51077509,0.023422598611429007
36.52453065,0.028213931486991684
36.5246079,0.04449530785076677
36.52465224,0.027115281910429542
36.52469277,0.02426184481574731
36.52646351,0.043640802624551764
36.5394516,0.03160143434805829
36.53951216,0.02197299153124285
36.54947591,0.04182497901884489
36.54954362,0.03634699015793088
36.57249379,0.020035095750362403
36.57257438,0.03781185626001373
36.57263041,0.04074158846417945
36.57268167,0.021210040436408027
36.57948995,0.03331044480048829
36.57956886,0.04426642252231632
36.59350085,0.024109254596780347
36.59356833,0.02891584649423972
36.59361482,0.04499885557335775
36.61166048,0.02737468528267338
36.6117723,0.024414435034714275
36.62450624,0.04460212100404364
36.62457228,0.03263904783703365
36.64915895,0.021774624246585793
36.64943981,0.04118410009918364
36.64956164,0.03651483939879454
36.64967322,0.020447089341573205
36.66450453,0.03765926604104677
36.6645844,0.0405279621576257
36.6646297,0.020630197604333562
36.66467142,0.03352407110704204
36.6647253,0.04377813382162203
36.67751622,0.023651483939879453
36.67756581,0.02868696116578927
36.67760587,0.04544136720836194
36.67764497,0.02749675745784695
36.70254326,0.025391012436102846
36.70260262,0.04522774090180819
36.7026453,0.033157854581521325
36.70268536,0.022751201647974364
36.71256876,0.04238956282902266
36.71264124,0.03715571831845579
36.72349572,0.020813305867093918
36.72355676,0.038239108873121236
36.72360063,0.040878919661249714
36.73850894,0.01998931868467231
36.73857617,0.03219653620202945
36.76354957,0.042542153047989625
36.76362467,0.021820401312275882
36.76366973,0.025879301136797133
36.76371074,0.04173342488746471
36.7694819,0.024902723735408562
36.76953411,0.02247653925383383
36.78285789,0.04180971999694819
36.78302979,0.02903791866941329
36.78949571,0.01910429541466392
36.78955412,0.03910887312123293
36.79847217,0.03407339589532311
36.81146502,0.018234531166552225
36.81150532,0.03595025558861677
36.82544875,0.03860532539864195
36.83846855,0.020569161516746776
36.83852506,0.03663691157396811
36.83856773,0.0532845044632639
36.83860779,0.03884946974898909
36.83864665,0.04527351796749828
36.84444523,0.05635156786449989
36.84447575,0.0307011520561532
36.8584671,0.02214084077210651
36.858495,0.040619516289005876
36.87361622,0.029144731822690166
36.87371635,0.019119554436560618
36.88850927,0.03820859082932784
36.88857722,0.032227054245822846
36.89748192,0.01641870756084535
36.89754128,0.03422598611429008
36.9034667,0.03677424277103838
36.90351534,0.017578393224994278
36.91672254,0.02981612878614481
36.91693711,0.04007019150072481
36.92445612,0.02009613183794919
36.92453623,0.025101091020065615
36.93750763,0.041000991836423285
36.95248485,0.02362096589608606
36.95254707,0.02178988326848249
36.95259213,0.04118410009918364
36.95264125,0.028946364538033113
36.97593212,0.019043259327077136
36.97603321,0.03871213855191882
36.98470998,0.0332494087129015
36.98479605,0.017212176699473565
36.98484135,0.03504997329671168
36.98488498,0.037918669413290605
36.9905138,0.018005645838101776
36.99058914,0.029327840085450523
37.0045495,0.0405279621576257
37.01766253,0.020904859998474096
37.01778173,0.025391012436102846
37.02248621,0.04153505760280766
37.02256775,0.023895628290226595
37.03649569,0.021805142290379186
37.03656673,0.041794460975051496
37.03662014,0.029221026932173648
37.03667045,0.01986724650949874
37.0515008,0.04014648661020829
37.0515604,0.034439612420843826
37.05160618,0.018829633020523383
37.05164933,0.0366826886396582
37.07652044,0.03877317463950561
37.07659364,0.019378957808804456
37.07664943,0.03164721141374838
37.08652282,0.041992828259708556
37.08658481,0.021393148699168384
37.08663082,0.02699320973525597
37.08667302,0.04339665827420462
37.10252213,0.026626993209735255
37.10259342,0.02439917601281758
37.11465573,0.04341191729610132
37.11475587,0.03065537499046311
37.14457273,0.020782787823300525
37.14466119,0.04065003433279927
37.14473486,0.03547722590981918
37.14645314,0.020309758144502938
37.14649034,0.037964446478980694
37.14652276,0.03987182421606775
37.14655495,0.020813305867093918
37.16144419,0.032867933165484094
37.16747189,0.04255741206988632
37.16753244,0.022171358815899902
37.19146037,0.026825360494392308
37.19152856,0.04428168154421302
37.19157887,0.026550698100251773
37.19162941,0.023956664377813384
37.19167709,0.04336614023041123
37.20747447,0.03065537499046311
37.20753741,0.02102693217364767
37.2154696,0.04164187075608453
37.21553779,0.03637750820172427
37.22947764,0.020309758144502938
37.22954106,0.03820859082932784
37.2384851,0.040543221179522394
37.23854303,0.020645456626230258
37.26153016,0.03300526436255436
37.26161861,0.04318303196765087
37.26166463,0.023254749370565347
37.26172543,0.028580148012512397
37.26176763,0.044083314259555965
37.27647352,0.02589456015869383
37.27654815,0.023437857633325704
37.27659893,0.04356450751506828
37.27664781,0.030762188143739988
37.2916286,0.021042191195544367
37.29173613,0.04164187075608453
37.31454968,0.03659113450827802
37.3146255,0.020538643472953384
37.31650925,0.03749141680018311
37.31655812,0.0392156862745098
37.32952595,0.020950637064164186
37.32958889,0.03414969100480659
37.33150315,0.04414435034714275
37.34252024,0.0238803692683299
37.34259391,0.02970931563286793
37.34858394,0.04472419317921721
37.34865618,0.02691691462577249
37.36149955,0.02528419928282597
37.36155987,0.04443427176317998
37.37556863,0.0302738994430457
37.37565851,0.01948577096208133
37.38354087,0.03985656519417105
37.38361287,0.03485160601205463
37.38366771,0.01867704280155642
37.38371921,0.03590447852292668
37.39350057,0.03784237430380712
37.40751553,0.01872281986724651
37.40758324,0.03138780804150454
37.4135294,0.04090943770504311
37.41358638,0.020355535210193027
37.42745948,0.026550698100251773
37.42754841,0.0430609597924773
37.44344521,0.024673838406958113
37.44347286,0.022354467078660258
37.44349742,0.04269474326695659
37.44352102,0.0328374151216907
37.45845318,0.028625925078202486
37.45848465,0.055191882200350956
37.45850801,0.055283436331731134
37.47343373,0.03961242084382391
37.4877398,0.04986648355840391
37.48781967,0.04336614023041123
37.5014658,0.01910429541466392
37.5015347,0.03201342793926909
37.50158095,0.042038605325398645
37.50162339,0.02038605325398642
37.5165441,0.0247348744945449
37.51659703,0.04069581139848936
37.51663852,0.023422598611429007
37.52151346,0.021255817502098116
37.52154875,0.040375371938658734
37.53644633,0.027695124742504004
37.53648973,0.01858548867017624
37.56048942,0.03875791561760891
37.56054497,0.03305104142824445
37.56058407,0.01736476691844053
37.56061745,0.03567559319447623
37.56949544,0.03788815136949721
37.56955719,0.018265049210345618
37.57846475,0.03125047684443427
37.57851458,0.040924696726939803
37.58751869,0.0208896009765774
37.58759165,0.026855878538185704
37.59447122,0.04251163500419623
37.61750889,0.024704356450751506
37.61758208,0.022354467078660258
37.62251353,0.04141298542763409
37.62258744,0.028854810406652935
37.62847495,0.02029449912260624
37.62852478,0.03968871595330739
37.63446379,0.03384451056687266
37.63450742,0.01858548867017624
37.64447689,0.036408026245517665
37.64453459,0.03761348897535668
37.65847063,0.019562066071564813
37.65851903,0.032364385442893114
37.65855551,0.04156557564660105
37.68251395,0.021423666742961776
37.68258786,0.027389944304570077
37.68264651,0.043259327077134355
37.68269706,0.0255893797207599
37.69247389,0.02413977264057374
37.692523,0.04362554360265507
37.70247698,0.031097886625467308
37.70252442,0.022003509575036242
37.71546102,0.041672388799877925
37.71549869,0.03533989471274891
37.72248459,0.01991302357518883
37.72253227,0.03782711528191043
37.74851012,0.039505607690547034
37.74858022,0.020584420538643473
37.74862552,0.033401998931868467
37.76146626,0.0426489662012665
37.76150465,0.022339208056763562
37.76153827,0.028503852903028915
37.76157188,0.044342717631799804
37.78455949,0.02575722896162356
37.78463244,0.02371252002746624
37.78992391,0.04301518272678721
37.79003787,0.02998397802700847
37.79011941,0.02128633554589151
37.79019403,0.04151979858091096
37.8045342,0.03476005188067445
37.81746101,0.019119554436560618
37.81749916,0.03738460364690623
37.82243347,0.03949034866865034
37.83747196,0.020416571297779813
37.83754301,0.03346303501945525
37.83758807,0.042496375982299536
37.83762932,0.022781719691767757
37.84648514,0.028854810406652935
37.84656334,0.04452582589456016
37.86145973,0.026703288319218737
37.86152601,0.024841687647821773
37.87448025,0.044251163500419625
37.89149332,0.03143358510719463
37.89155841,0.02178988326848249
37.89161944,0.041382467383840695
37.8916626,0.03564507515068284
37.89344835,0.020813305867093918
37.89349937,0.038834210727092394
37.90247583,0.04025329976348516
37.90253925,0.0208896009765774
37.91648245,0.034607461661707486
37.91653752,0.04367132066834516
37.925488,0.023102159151598384
37.92555547,0.0290074006256199
37.9384613,0.04409857328145266
37.94647384,0.0268711375600824
37.9465239,0.024841687647821773
37.9494741,0.04336614023041123
37.94951844,0.030716411078049895
37.96447039,0.022247653925383384
37.96453142,0.04238956282902266
37.96457529,0.036453803311207754
37.96846247,0.021393148699168384
37.99346757,0.03904783703364614
37.99354148,0.040878919661249714
37.99358726,0.022293430991073473
37.99363041,0.03569085221637293
37.99367166,0.04515144579232471
38.00748992,0.02426184481574731
38.00754118,0.030075532158388648
38.01247025,0.046051728084229804
38.01251674,0.027618829633020522
38.02648139,0.026245517662317846
38.02653527,0.04486152437628748
38.04050422,0.030823224231326773
38.040555,0.021271076523994813
38.05249429,0.04065003433279927
38.05254364,0.034485389486533916
38.06649661,0.01974517433432517
38.06655264,0.03747615777828641
38.06659341,0.03826962691691463
38.06663275,0.019180590524147403
38.06667161,0.03263904783703365
38.08145046,0.04168764782177462
38.08148265,0.021606775005722133
38.08943081,0.02822919050888838
38.08945584,0.04351873044937819
38.11353564,0.025238422217135882
38.11361098,0.024658579385061417
38.11366534,0.04567025253681239
38.1137166,0.03689631494621195
38.12349033,0.03437857633325704
38.12353206,0.05934233615625238
38.12647963,0.05517662317845426
38.13845849,0.03543144884412909
38.15249562,0.04298466468299382
38.1525743,0.038452735179674985
38.15263081,0.01850919356069276
38.16762972,0.03230334935530633
38.16773152,0.04101625085831998
38.18049216,0.019470511940184634
38.1805563,0.025558861676966506
38.1806078,0.04040588998245213
38.18065667,0.023422598611429007
38.19548845,0.022247653925383384
38.19553709,0.04106202792401007
38.20945454,0.027924010070954453
38.20952415,0.019302662699320974
38.20956922,0.039291981383993285
38.23245382,0.032867933165484094
38.23248267,0.017303730830853743
38.24242425,0.03569085221637293
38.24946165,0.03756771190966659
38.24952292,0.01863126573586633
38.26446509,0.03189135576409552
38.2645359,0.04055848020141909
38.26459193,0.020630197604333562
38.26464224,0.027191577019913024
38.27247739,0.042710002288853285
38.28683496,0.02383459220263981
38.28693652,0.02294956893263142
38.28701258,0.042298008697642483
38.2870822,0.02865644312199588
38.30954623,0.019668879224841687
38.30963635,0.039795529106584265
38.31351733,0.03356984817273213
38.31358814,0.018432898451209278
38.31364322,0.03704890516517891
38.31369472,0.038330663004501414
38.32349896,0.019058518348973832
38.32356095,0.032730601968413826
38.32848954,0.04213015945677882
38.33750105,0.02191195544365606
38.33755875,0.028259708552681773
38.36153197,0.044037537193865876
38.36162329,0.026260776684214542
38.36167932,0.02485694666971847
38.36173892,0.04318303196765087
38.37349105,0.028809033340962846
38.37354779,0.0208896009765774
38.37848639,0.04180971999694819
38.37853503,0.03561455710688945
38.38760781,0.020996414129854278
38.38770366,0.03918516823071641
38.39348865,0.03952086671244373
38.40750027,0.02059967956054017
38.40755773,0.03385976958876936
38.42163134,0.042496375982299536
38.42173147,0.022278171969176776
38.43549514,0.028854810406652935
38.43554997,0.04422064545662623
38.43558598,0.026214999618524453
38.43562222,0.02459754329747463
38.44453955,0.04335088120851453
38.44461465,0.030411230640115968
38.45864105,0.022156099794003205
38.45877147,0.04190127412832837
38.458884,0.03485160601205463
38.48445082,0.019623102159151598
38.4844799,0.03764400701915007
38.4974432,0.03904783703364614
38.49747586,0.019943541618982222
38.49750066,0.033066300450141146
38.49752498,0.042038605325398645
38.52144837,0.022354467078660258
38.52147818,0.029388876173037308
38.53543782,0.044586861982146946
38.53546691,0.02583352407110704
38.53549123,0.025879301136797133
38.53551507,0.04457160296025025
38.53743267,0.030289158464942397
38.53746653,0.022079804684519724
38.56244946,0.042496375982299536
38.5625174,0.03517204547188525
38.56747127,0.02021820401312276
38.56753254,0.03848325322346838
38.56757426,0.03910887312123293
38.56761384,0.020447089341573205
38.57846737,0.03433279926756695
38.57851505,0.042755779354543375
38.59154487,0.02285801480125124
38.59163713,0.02937361715114061
38.5917201,0.04452582589456016
38.61650443,0.026626993209735255
38.61658168,0.026092927443350882
38.61663628,0.04544136720836194
38.61668658,0.03091477836270695
38.6315248,0.022781719691767757
38.6315856,0.04328984512092775
38.6316309,0.03715571831845579
38.63167477,0.022751201647974364
38.64746833,0.040833142595559625
38.64751601,0.04098573281452659
38.66046071,0.022156099794003205
38.66052341,0.03547722590981918
38.66887283,0.04382391088731212
38.68247294,0.02311741817349508
38.68253136,0.029922941939421684
38.69447255,0.044754711223010606
38.69452524,0.025650415808346684
38.69645238,0.02418554970626383
38.69650173,0.04328984512092775
38.70246291,0.02993820096131838
38.70261097,0.02124055848020142
38.71245193,0.04113832303349355
38.71250391,0.03375295643549248
38.73463678,0.01901274128328374
38.73470855,0.037293049515526054
38.73476171,0.038284885938811325
38.75850844,0.0191958495460441
38.75858402,0.03292896925307088
38.75862908,0.041886015106431675
38.75867009,0.021499961852445258
38.78471613,0.029480430304417486
38.78477907,0.0477454795147631
38.78482151,0.03437857633325704
38.78486323,0.039124132143129625
38.784904,0.060990310521095596
38.78494358,0.04742504005493248
38.79957485,0.03088426031891356
38.79967141,0.043213550011444266
38.79975009,0.032608529793240255
38.80447602,0.01782253757534142
38.80451298,0.03659113450827802
38.81347847,0.03616388189517052
38.81351876,0.0170443274586099
38.82750893,0.031158922713054094
38.82756662,0.039169909208819714
38.83647108,0.018646524757763027
38.83650017,0.025650415808346684
38.8624444,0.04080262455176623
38.86247325,0.022781719691767757
38.86249757,0.022079804684519724
38.86252093,0.04074158846417945
38.87485814,0.02656595712214847
38.87496758,0.019119554436560618
38.87504506,0.03935301747158007
38.88047671,0.031494621194781414
38.89452672,0.016449225604638743
38.89460588,0.03506523231860838
38.90771365,0.036041809719996945
38.90782404,0.017334248874647136
38.92250419,0.030457007705806057
38.92259264,0.03826962691691463
38.92744565,0.01794460975051499
38.92750573,0.0255893797207599
38.93144417,0.03973449301899748
38.93747807,0.021942473487449453
38.93753481,0.021149004348821242
38.95156956,0.040543221179522394
38.95164537,0.026459143968871595
38.96453118,0.018371862363622492
38.96460557,0.03877317463950561
38.97762394,0.03138780804150454
38.97767282,0.016693369954985885
38.98351884,0.03596551461051346
38.98357773,0.036743724727244985
38.99247885,0.018158236057068743
38.99253774,0.032394903486686506
38.99257898,0.0405279621576257
39.00584006,0.020309758144502938
39.00594068,0.02713054093232624
39.01347589,0.04164187075608453
39.01352525,0.023086900129701687
39.03750086,0.02337682154573892
39.03757215,0.04284733348592355
39.03762531,0.028198672465094988
39.03769112,0.019729915312428473
39.04748559,0.04040588998245213
39.04754615,0.03295948729686427
39.05749059,0.018997482261387044
39.05754161,0.03776607919432364
39.06151557,0.0379339284351873
39.07968307,0.01901274128328374
39.07975316,0.032822156099794005
39.08850336,0.04084840161745632
39.08856058,0.020798046845197222
39.10259128,0.027908751049057757
39.10267949,0.04260318913557641
39.10275149,0.02397192339971008
39.1028192,0.0238803692683299
39.11266112,0.042801556420233464
39.11278367,0.02868696116578927
39.12648058,0.020798046845197222
39.12653518,0.04081788357366293
39.13148546,0.033203631647211414
39.14352536,0.01858548867017624
39.14356279,0.03768978408484016
39.17456508,0.03802548256656748
39.17458987,0.019256885633630885
39.17461252,0.03335622186617838
39.17463517,0.041168841077286945
39.1965425,0.021133745326924545
39.19661498,0.028809033340962846
39.19667101,0.04335088120851453
39.19672537,0.024246585793850615
39.1967752,0.024170290684367133
39.19682407,0.04345769436179141
39.21158004,0.0290074006256199
39.21170473,0.020950637064164186
39.23455548,0.041504539559014265
39.23466635,0.03375295643549248
39.23648643,0.018646524757763027
39.23656583,0.03735408560311284
39.2366209,0.038162813763637754
39.23667121,0.01940947585259785
39.24648929,0.03297474631876097
39.24655747,0.040543221179522394
39.2597301,0.019714656290531776
39.25982475,0.028000305180437935
39.2598803,0.04336614023041123
39.28454065,0.02468909742885481
39.28462052,0.02504005493247883
39.28644037,0.0439002059967956
39.28648901,0.02877851529716945
39.29447436,0.021316853589684902
39.29452252,0.041794460975051496
39.30367684,0.03483634699015793
39.30379176,0.020630197604333562
39.31454873,0.03909361409933623
39.31464195,0.03851377126726177
39.32845998,0.0196078431372549
39.32852435,0.034363317311360345
39.33649993,0.041962310215915156
39.34952307,0.02021820401312276
39.3496027,0.027222095063706417
39.35552979,0.04151979858091096
39.35558343,0.02294956893263142
39.36247444,0.022980086976424813
39.3625257,0.04147402151522087
39.37062573,0.02627603570611124
39.37069368,0.018905928130006865
39.3786478,0.039581902800030516
39.37876105,0.031692988479438466
39.40253401,0.016784924086366063
39.40260553,0.035492484931715876
39.40265965,0.03561455710688945
39.40270996,0.017471580071717403
39.40276003,0.031570916304264895
39.41755986,0.0396429388876173
39.41763616,0.02128633554589151
39.42355728,0.03305104142824445
39.42361355,0.05282673380636301
39.43748403,0.03949034866865034
39.43751884,0.043091477836270695
39.45245409,0.05889982452124819
39.4524858,0.03596551461051346
39.46444154,0.020630197604333562
39.46446991,0.0388189517051957
39.46449423,0.03141832608529793
39.47045326,0.016861219195849545
39.48346782,0.03492790112153811
39.48352551,0.03439383535515374
39.48945975,0.015426871137560083
39.4895196,0.028747997253376057
39.50349712,0.03744563973449302
39.50357604,0.01727321278706035
39.51747727,0.025345235370412757
39.51753807,0.03978027008468757
39.52647495,0.020660715648126955
39.52653861,0.02111848630502785
39.52658582,0.040451667048142216
39.52662683,0.025818265049210344
39.54047704,0.01803616388189517
39.54946852,0.038574807354848556
39.54953074,0.03048752574959945
39.56246448,0.016006713969634545
39.56252313,0.0349736781872282
39.56256557,0.035080491340505074
39.57649422,0.016601815823605707
39.58847523,0.030807965209430077
39.58853817,0.03831540398260472
39.58858109,0.01803616388189517
39.58862138,0.026123445487144275
39.59646583,0.04058899824521248
39.60471058,0.02145418478675517
39.60481381,0.021316853589684902
39.61854362,0.04048218509193561
39.61867976,0.02494850080109865
39.63148832,0.018188754100862136
39.63156748,0.038574807354848556
39.65448356,0.031189440756847486
39.65454412,0.01753261615930419
39.65459013,0.036285954070344094
39.65463161,0.03561455710688945
39.67863727,0.017410543984130618
39.67878938,0.032318608377203024
39.67884851,0.0400854505226215
39.67889977,0.019806210421911954
39.67894197,0.027069504844739453
39.69953156,0.04144350347142748
39.69958973,0.023422598611429007
39.69963217,0.024124513618677044
39.69968891,0.04339665827420462
39.70988965,0.028534370946822308
39.71002722,0.021560997940032044
39.71351004,0.04190127412832837
39.71356845,0.03381399252307927
39.72750616,0.01991302357518883
39.7275629,0.03854428931105516
39.72760653,0.03784237430380712
39.73749375,0.01896696421759365
39.73754168,0.0340886549172198
39.76149774,0.04260318913557641
39.76155448,0.02209506370641642
39.76159668,0.029663538567177843
39.76163793,0.043259327077134355
39.7716763,0.02447547112230106
39.77175999,0.025391012436102846
39.77748823,0.044632639047837035
39.77752995,0.029312581063553826
39.79345894,0.022247653925383384
39.79349661,0.04255741206988632
39.79544067,0.03401235980773632
39.80946732,0.019928282597085525
39.80949378,0.03909361409933623
39.82243586,0.03842221713588159
39.83150721,0.01953154802777142
39.83158827,0.034409094377050434
39.83164477,0.04211490043488213
39.83169603,0.02221713588158999
39.84748149,0.0302738994430457
39.84754944,0.044510566872663464
39.85548186,0.02532997634851606
39.85555482,0.02542153047989624
39.86047029,0.044251163500419625
39.8752172,0.029602502479591057
39.87541318,0.022293430991073473
39.88742661,0.04257267109178302
39.8874824,0.0341039139391165
39.89342737,0.01965362020294499
39.89348102,0.0388189517051957
39.90243959,0.03801022354467078
39.90249801,0.01927214465552758
39.91148949,0.03421072709239338
39.91154265,0.042496375982299536
39.93455076,0.021683070115205615
39.93463063,0.02929732204165713
39.93468738,0.04377813382162203
39.95855999,0.02476539253833829
39.95863581,0.024841687647821773
39.95868993,0.043640802624551764
39.95874,0.029114213778896773
39.96151948,0.021942473487449453
39.96159387,0.04226749065384909
39.96848083,0.034119172961013196
39.96852851,0.01991302357518883
39.98253608,0.03906309605554284
39.98266792,0.038406958113984896
39.99953532,0.01943999389639124
39.99960947,0.034485389486533916
40.00149417,0.04234378576333257
40.01450467,0.020996414129854278
40.01455331,0.028900587472343024
40.01752067,0.04351873044937819
40.01758075,0.025055313954375526
40.0244844,0.025345235370412757
40.02453423,0.0443579766536965
40.03996396,0.02946517128252079
40.04008532,0.022247653925383384
40.05256104,0.04243533989471275
40.05263996,0.03418020904859999
40.06655145,0.019836728465705347
40.06662297,0.039124132143129625
40.06667638,0.038910505836575876
40.07204461,0.02009613183794919
40.07216501,0.03506523231860838
40.08444595,0.04235904478522927
40.08448219,0.022613870450904097
40.09152222,0.031525139238574806
40.09159374,0.04507515068284123
40.10974383,0.026260776684214542
40.10984111,0.026825360494392308
40.12352538,0.04524299992370489
40.12359834,0.03036545357442588
40.12365246,0.023559929808499275
40.12370205,0.04406805523765927
40.12375069,0.035660334172579536
40.13843584,0.021133745326924545
40.14850831,0.03973449301899748
40.1485889,0.039078355077439536
40.16213489,0.020355535210193027
40.16227198,0.03466849774929427
40.17452955,0.04156557564660105
40.17462182,0.02107270923933776
40.18348789,0.029404135194934004
40.1835537,0.04269474326695659
40.1884582,0.023514152742809186
40.1885128,0.024002441443503473
40.19547439,0.04274052033264668
40.20359635,0.027862973983367668
40.20371485,0.020538643472953384
40.20379782,0.041290913252460516
40.21847391,0.032776379034103915
40.21851277,0.019134813458457314
40.2314539,0.038620584420538645
40.24543428,0.03817807278553445
40.24549937,0.02178988326848249
40.2455337,0.04209964141298543
40.24556303,0.05641260395208667
40.24559236,0.04080262455176623
40.2604351,0.04954604409857328
40.26046705,0.0575417715724422
40.27845383,0.02981612878614481
40.27851129,0.024048218509193562
40.30163884,0.04209964141298543
40.30174875,0.0281528953994049
40.30182934,0.020462348363469902
40.30189896,0.0396429388876173
40.30418587,0.030762188143739988
40.30430126,0.01606775005722133
40.31344414,0.03642328526741436
40.31350589,0.03605706874189364
40.32653451,0.017303730830853743
40.3266449,0.032028686961165787
40.32672143,0.03920042725261311
40.35149336,0.018936446173800258
40.35155869,0.02766460669871061
40.35160375,0.04168764782177462
40.35164618,0.022064545662623027
40.3614738,0.022583352407110704
40.3615222,0.041992828259708556
40.36748481,0.027618829633020522
40.36753964,0.020813305867093918
40.38253522,0.04086366063935302
40.38259768,0.03181506065461204
40.38948178,0.01821927214465553
40.38953733,0.037872892347600516
40.40470648,0.03692683299000534
40.41747665,0.017746242465857938
40.41754985,0.03247119859616999
40.41760373,0.040039673456931414
40.41765356,0.020035095750362403
40.45153165,0.02789349202716106
40.45160675,0.041962310215915156
40.45166254,0.02323949034866865
40.45171356,0.0238803692683299
40.45176315,0.04284733348592355
40.45181227,0.027771419851987486
40.45349479,0.020752269779507133
40.45354533,0.04119935912108034
40.47746801,0.03308155947203784
40.47749901,0.01872281986724651
40.4875021,0.03807125963225757
40.48756146,0.03778133821622034
40.48760343,0.0196078431372549
40.48764324,0.03437857633325704
40.50293946,0.04110780498970016
40.50307894,0.02102693217364767
40.51155543,0.02967879758907454
40.51163483,0.04409857328145266
40.52450395,0.02491798275730526
40.52457261,0.025879301136797133
40.54049301,0.044586861982146946
40.54849601,0.028854810406652935
40.5485568,0.022537575341420615
40.55650973,0.043076218814374
40.55656099,0.03468375677119097
40.55660272,0.020920119020370793
40.55664277,0.03949034866865034
40.57149458,0.037964446478980694
40.57155681,0.01969939726863508
40.57846665,0.035080491340505074
40.5785141,0.042221713588159
40.59252882,0.021560997940032044
40.59260821,0.02967879758907454
40.60654593,0.04361028458075837
40.61449146,0.023773556115053024
40.61456704,0.02468909742885481
40.61748266,0.044708934157320517
40.61755753,0.029022659647516595
40.62449861,0.02195773250934615
40.62455606,0.04226749065384909
40.63452268,0.03363088426031891
40.63458896,0.02055390249485008
40.65760612,0.03978027008468757
40.65770912,0.03859006637674525
40.66297078,0.019851987487602044
40.66309738,0.03472953383688106
40.66317415,0.04158083466849775
40.67163825,0.021637293049515526
40.67172003,0.030075532158388648
40.68548226,0.044373235675593196
40.68553185,0.024795910582131684
40.69149852,0.025360494392309453
40.69157147,0.04356450751506828
40.71451378,0.028213931486991684
40.71457505,0.021423666742961776
40.72057629,0.04180971999694819
40.72064829,0.03392080567635614
40.73483229,0.020660715648126955
40.73497486,0.039719233997100784
40.73505068,0.038910505836575876
40.73511887,0.02076752880140383
40.73518682,0.0357976653696498
40.74946475,0.04315251392385748
40.74950814,0.022919050888838024
40.75943065,0.031097886625467308
40.75946045,0.044464789806973375
40.78144574,0.025406271457999542
40.78147483,0.026459143968871595
40.79466915,0.0443579766536965
40.79469657,0.02835126268406195
40.80146384,0.02102693217364767
40.80148935,0.04165712977798123
40.80151296,0.03352407110704204
40.81443739,0.01884489204242008
40.81446338,0.03714045929655909
40.82852721,0.03682001983672847
40.82856655,0.018692301823453116
40.82859445,0.032867933165484094
40.82862043,0.039124132143129625
40.83743811,0.01907377737087053
40.83746386,0.02775616083009079
40.85143447,0.041962310215915156
40.85145974,0.022735942626077667
40.87444115,0.023941405355916687
40.8744688,0.0439459830624857
40.87642169,0.032730601968413826
40.87645745,0.03170824750133516
40.87649322,0.05725185015640497
40.87653303,0.05183489738307775
40.89150286,0.03288319218738079
40.89157605,0.04370183871213855
40.90464211,0.03765926604104677
40.90473795,0.0170443274586099
40.92150879,0.03225757228961624
40.92157722,0.03846799420157168
40.92957592,0.01777676050965133
40.92965007,0.026077668421454186
40.92970586,0.04022278171969177
40.94355083,0.02093537804226749
40.94364929,0.021896696421759364
40.94369888,0.04019226367589838
40.94374609,0.02511635004196231
40.95850873,0.01867704280155642
40.95858145,0.03904783703364614
40.98250461,0.030212863355458915
40.98258042,0.017410543984130618
40.98263526,0.03692683299000534
40.98268557,0.03564507515068284
40.98947978,0.016723887998779278
40.98953462,0.032074464026855876
40.99661207,0.03944457160296025
41.00568962,0.019378957808804456
41.0058229,0.027908751049057757
41.0135026,0.04153505760280766
41.013551,0.02230869001297017
41.03354311,0.023361562523842222
41.03361702,0.041458762493324176
41.04352689,0.026413366903181506
41.04360127,0.019516289005874723
41.04366255,0.040207522697795074
41.0437243,0.03175402456702525
41.05751514,0.01841763942931258
41.05758739,0.03822384985122454
41.05764461,0.03700312809948882
41.07263947,0.018265049210345618
41.07273746,0.03384451056687266
41.08749151,0.04097047379262989
41.08754992,0.020462348363469902
41.10943413,0.028946364538033113
41.10945916,0.043472953383688104
41.11643338,0.024628061341268024
41.1164577,0.026092927443350882
41.14143872,0.045471885252155335
41.14146376,0.029159990844586862
41.14148736,0.022674906538490882
41.14151096,0.04290836957351034
41.14153433,0.03401235980773632
41.14155746,0.020691233691920347
41.15749002,0.03993286030365453
41.15757084,0.03918516823071641
41.15762758,0.020691233691920347
41.16944313,0.03578240634775311
41.16947198,0.042252231631952394
41.17843747,0.022537575341420615
41.17846251,0.03131151293202106
41.17848587,0.04510566872663462
41.19353986,0.025558861676966506
41.19362187,0.02661173418783856
41.19367838,0.045090409704737926
41.20846701,0.02975509269855802
41.20854139,0.022659647516594186
41.20858765,0.043259327077134355
41.2224412,0.034988937209124896
41.22246981,0.021332112611581598
41.23345923,0.03993286030365453
41.23348427,0.03863584344243534
41.2414279,0.02111848630502785
41.24744892,0.03675898374914168
41.24748302,0.04339665827420462
41.24751139,0.023086900129701687
41.26143646,0.03187609674219882
41.26146245,0.045593957427328906
41.27655768,0.026092927443350882
41.27664924,0.02716105897611963
41.2895174,0.04536507209887846
41.28960228,0.029999237048905166
41.29450464,0.023346303501945526
41.29458141,0.04336614023041123
41.30161977,0.035156786449988556
41.30169201,0.02195773250934615
41.31650019,0.040833142595559625
41.31657362,0.03955138475623712
41.32251906,0.021652552071412222
41.32259154,0.037918669413290605
41.32751298,0.0460669871061265
41.35149264,0.023865110246433202
41.35155511,0.032364385442893114
41.35160065,0.046387426565957124
41.35164094,0.027405203326466773
41.35848713,0.029068436713206684
41.35854578,0.04744029907682917
41.36798143,0.03204394598306248
41.36810255,0.02468909742885481
41.39159441,0.044846265354390784
41.39169645,0.03584344243533989
41.39177251,0.02272068360418097
41.39184165,0.04106202792401007
41.4065876,0.03904783703364614
41.41152763,0.02038605325398642
41.41157603,0.03466849774929427
41.41952634,0.040955214770733196
41.41958284,0.02119478141451133
41.42563868,0.029922941939421684
41.42571926,0.04386968795300221
41.43753886,0.024246585793850615
41.43758082,0.02494850080109865
41.45149255,0.043045700770580606
41.45154858,0.028290226596475166
41.46455741,0.02214084077210651
41.46461415,0.04257267109178302
41.46465635,0.03358510719462882
41.47346425,0.019836728465705347
41.4735024,0.04068055237659266
41.48343515,0.043381399252307926
41.49445844,0.03091477836270695
41.49451804,0.051483939879453725
41.49945545,0.06021210040436408
41.49952006,0.039124132143129625
41.52348351,0.03906309605554284
41.52356625,0.044968337529564355
41.52362013,0.023361562523842222
41.52367043,0.024673838406958113
41.52372098,0.04373235675593194
41.54153013,0.027283131151293202
41.54160666,0.019470511940184634
41.54164457,0.03961242084382391
41.54167843,0.031189440756847486
41.56650853,0.01777676050965133
41.5665822,0.0366826886396582
41.5754776,0.03543144884412909
41.57553911,0.0174868390936141
41.59850335,0.032486457618066684
41.59857893,0.03942931258106355
41.60446763,0.019165331502250707
41.60451913,0.028000305180437935
41.61146688,0.04165712977798123
41.61151409,0.022873273823147935
41.6115489,0.02374303807125963
41.62547302,0.04248111696040284
41.62552476,0.02681010147249561
41.63846183,0.019943541618982222
41.63851142,0.04055848020141909
41.6474843,0.031830319676508734
41.64753652,0.01846341649500267
41.67166352,0.03732356755931945
41.67176509,0.03665217059586481
41.67184567,0.018310826276035707
41.67192078,0.032867933165484094
41.67198992,0.039749752040894176
41.67346525,0.02038605325398642
41.6735127,0.02887006942854963
41.68244576,0.04243533989471275
41.68250322,0.02288853284504463
41.69648051,0.023819333180743113
41.6965313,0.042328526741435876
41.70253563,0.027527275501640344
41.70260739,0.020813305867093918
41.73160529,0.041168841077286945
41.73168015,0.03215075913633936
41.73173809,0.018356603341725796
41.73178864,0.03694209201190204
41.73352599,0.03671320668345159
41.73588347,0.01943999389639124
41.73598289,0.034531166552224005
41.74846387,0.040543221179522394
41.74850154,0.020019836728465707
41.76243877,0.02903791866941329
41.76246667,0.04327458609903105
41.77643228,0.024002441443503473
41.77645802,0.024750133516441595
41.78443003,0.04269474326695659
41.78445458,0.0272983901731899
41.78642821,0.02084382391088731
41.79753709,0.04228274967574579
41.79761648,0.03375295643549248
41.8044436,0.01982146944380865
41.80447102,0.038956282902265965
41.8124361,0.03747615777828641
41.81246305,0.019028000305180436
41.83644319,0.034195468070496685
41.85053086,0.04156557564660105
41.85059452,0.020477607385366598
41.85751534,0.028625925078202486
41.85758972,0.04361028458075837
41.88151979,0.02442969405661097
41.88160706,0.025436789501792935
41.88165259,0.04386968795300221
41.88169384,0.029022659647516595
41.88173342,0.02243076218814374
41.90662432,0.04293888761730373
41.90674663,0.03381399252307927
41.90679336,0.020019836728465707
41.90683198,0.03955138475623712
41.90686536,0.0383764400701915
41.90690255,0.020080872816052493
41.92147422,0.035370412756542305
41.9215405,0.04214541847867552
41.92158604,0.022583352407110704
41.92162871,0.031738765545128556
41.92747402,0.045426108186465246
41.94147348,0.02532997634851606
41.94152427,0.026169222552834364
41.94846749,0.04486152437628748
41.94851685,0.029968719005111773
41.96147728,0.0234531166552224
41.96153307,0.044083314259555965
41.98548913,0.034241245136186774
41.9855473,0.019668879224841687
41.98558927,0.039246204318303196
41.98562908,0.0392156862745098
41.98745775,0.02111848630502785
41.98749733,0.03567559319447623
42.00177193,0.041000991836423285
42.00188112,0.02029449912260624
42.0019269,0.028992141603723202
42.0265677,0.04286259250782025
42.02664518,0.02299534599832151
42.02668977,0.023483634699015793
42.02673221,0.04226749065384909
42.03652,0.027222095063706417
42.03657079,0.020523384451056687
42.04849553,0.040665293354695965
42.04855323,0.03225757228961624
42.05349159,0.018860151064316776
42.05354261,0.03869687953002213
42.06252551,0.03848325322346838
42.07652712,0.020111390859845885
42.07659388,0.03616388189517052
42.0914731,0.04765392538338292
42.09152484,0.03356984817273213
42.09846115,0.049011978332188906
42.09849715,0.06094453345540551
42.10545588,0.04153505760280766
42.10548997,0.03317311360341802
42.11243868,0.04443427176317998
42.11246419,0.027740901808194093
42.12643337,0.021332112611581598
42.12645888,0.040924696726939803
42.13565516,0.03091477836270695
42.14843702,0.017120622568093387
42.16153502,0.03631647211413749
42.16161418,0.0358129243915465
42.16167307,0.018158236057068743
42.16172361,0.033371480888075074
42.18552613,0.03961242084382391
42.18562293,0.019226367589837492
42.18567634,0.028290226596475166
42.18571854,0.042221713588159
42.19349313,0.023193713282978562
42.19357276,0.02464332036316472
42.19362831,0.04303044174868391
42.20747066,0.02742046234836347
42.20752358,0.020981155107957578
42.23153758,0.041794460975051496
42.23161745,0.0328526741435874
42.23167324,0.01931792172121767
42.23172593,0.03865110246433204
42.2334981,0.03773556115053025
42.23354769,0.019226367589837492
42.24847126,0.034439612420843826
42.24853659,0.04103150988021668
42.25347662,0.020660715648126955
42.25353527,0.02951094834821088
42.26246095,0.04289311055161364
42.27647614,0.023697261005569542
42.27653217,0.02481116960402838
42.29048514,0.04281681544213016
42.29053998,0.02763408865491722
42.29058218,0.02076752880140383
42.290622,0.0417792019531548
42.30552816,0.0336919203479057
42.30558872,0.019851987487602044
42.31056285,0.03897154192416266
42.31063724,0.038498512245365074
42.3245585,0.019974059662775615
42.32462978,0.03509575036240177
42.33093238,0.042084382391088734
42.35360003,0.021484702830548562
42.35368872,0.030014496070801863
42.35554862,0.044037537193865876
42.35562015,0.024658579385061417
42.35567451,0.02618448157473106
42.35572529,0.04448004882887007
42.37074351,0.029266803997863737
42.3708272,0.0225986114290074
42.37957907,0.042923628595407035
42.37965107,0.03384451056687266
42.40258074,0.02017242694743267
42.40265179,0.039749752040894176
42.40273118,0.038574807354848556
42.41253781,0.020141908903639278
42.41261125,0.03526359960326543
42.4175601,0.04213015945677882
42.41763139,0.02214084077210651
42.42656732,0.030853742275120166
42.42663836,0.04460212100404364
42.43558216,0.025024795910582133
42.43561816,0.026092927443350882
42.44843435,0.04466315709163043
42.4484601,0.02958724345769436
42.46254182,0.022369726100556955
42.4626143,0.04255741206988632
42.4626708,0.034485389486533916
42.47246575,0.020996414129854278
42.47250199,0.040009155413138014
42.48143053,0.03904783703364614
42.49550366,0.020798046845197222
42.49558187,0.03552300297550927
42.49563694,0.04248111696040284
42.50145745,0.022369726100556955
42.50149417,0.031158922713054094
42.51543307,0.045258258945601586
42.52848744,0.025741969939726862
42.52854276,0.02737468528267338
42.52858162,0.04628061341268025
42.53778768,0.03126573586633097
42.53794789,0.024292362859540704
42.55149436,0.04486152437628748
42.55155754,0.03631647211413749
42.5584898,0.02195773250934615
42.55856872,0.040787365529869536
42.5815239,0.03994811932555123
42.58162737,0.021438925764858473
42.58650208,0.03620965896086061
42.58657551,0.04303044174868391
42.61050463,0.022232394903486687
42.61059332,0.02993820096131838
42.61063933,0.04303044174868391
42.61068082,0.023422598611429007
42.6107223,0.024750133516441595
42.6124742,0.04345769436179141
42.61252356,0.028763256275272753
42.62650394,0.02204928664072633
42.62657666,0.041794460975051496
42.64052796,0.03205920500495918
42.64058924,0.01858548867017624
42.65355372,0.038742656595712216
42.65362477,0.038239108873121236
42.65555263,0.019668879224841687
42.6556251,0.03477531090257115
42.66155672,0.044129091325246055
42.67074513,0.028992141603723202
42.67086339,0.044586861982146946
42.68355298,0.061036087586785685
42.68362594,0.046463721675440606
42.69756222,0.04019226367589838
42.69763422,0.04940871290150301
42.71153045,0.02954146639200427
42.71159101,0.021927214465552756
42.71163821,0.04240482185091936
42.71168065,0.03213550011444266
42.72654891,0.018265049210345618
42.7266202,0.037369344625009536
42.72667551,0.036575875486381325
42.74149895,0.01782253757534142
42.74157238,0.032394903486686506
42.75049829,0.03935301747158007
42.75055242,0.019058518348973832
42.77354264,0.02798504615854124
42.77361131,0.041962310215915156
42.77549434,0.02230869001297017
42.77555418,0.02374303807125963
42.77558804,0.042710002288853285
42.77562189,0.02746623941405356
42.79248452,0.020401312275883116
42.79253864,0.04106202792401007
42.79258108,0.032608529793240255
42.8174448,0.019134813458457314
42.81747317,0.03865110246433204
42.81749701,0.03739986266880293
42.81752133,0.01812771801327535
42.82744837,0.03309681849393454
42.83348608,0.039963378347447925
42.83353662,0.020080872816052493
42.83357716,0.028717479209582664
42.84744167,0.04205386434729534
42.84746885,0.022919050888838024
42.86152124,0.024505989166094453
42.86872578,0.042664225223163196
42.8704617,0.027008468757152668
42.87052107,0.0208896009765774
42.87055159,0.041840238040741586
42.89848089,0.033035782406347754
42.89850974,0.019119554436560618
42.89853454,0.03889524681467918
42.9026053,0.03819333180743115
42.90266585,0.019562066071564813
42.91148162,0.034699015793087665
42.91154385,0.041092545967803464
42.93591523,0.02093537804226749
42.93605232,0.030304417486839094
42.93613362,0.04510566872663462
42.95860624,0.025726710917830166
42.95867801,0.026367589837491417
42.9587245,0.04490730144197757
42.95876575,0.029663538567177843
42.96775293,0.02328526741435874
42.96782613,0.0439154650186923
42.97653627,0.03504997329671168
42.97660017,0.021271076523994813
42.99052954,0.03973449301899748
42.99060416,0.038666361486228734
43.01151085,0.020569161516746776
43.01158977,0.03633173113603418
43.01163721,0.04267948424505989
43.01169229,0.02153047989623865
43.01173568,0.029968719005111773
43.01344395,0.04432745860990311
43.01348901,0.025055313954375526
43.02748466,0.025864042114900433
43.02753782,0.044510566872663464
43.03348947,0.02951094834821088
43.03354669,0.022659647516594186
43.04749274,0.04269474326695659
43.04755044,0.034409094377050434
43.07160378,0.020828564888990615
43.07169294,0.03938353551537346
43.07173681,0.03808651865415427
43.0717721,0.020401312275883116
43.07180643,0.03733882658121614
43.08148003,0.04431219958800641
43.08152795,0.022980086976424813
43.09550285,0.031280994888227664
43.09557056,0.04611276417181659
43.10049939,0.027054245822842757
43.100564,0.027832455939574275
43.12859011,0.04626535439078355
43.1286552,0.029907682917524988
43.12868834,0.02230869001297017
43.12871957,0.04293888761730373
43.12874937,0.034317540245670256
43.13755393,0.020523384451056687
43.13759875,0.039749752040894176
43.15144849,0.03825436789501793
43.15147948,0.019119554436560618
43.15741754,0.0340886549172198
43.15744257,0.04060425726710918
43.18042016,0.01982146944380865
43.18044639,0.02798504615854124
43.18047023,0.041763942931258104
43.19045758,0.02299534599832151
43.19053769,0.02418554970626383
43.1964612,0.04235904478522927
43.20546651,0.027115281910429542
43.20554566,0.02093537804226749
43.21346021,0.040787365529869536
43.21352816,0.03181506065461204
43.21357465,0.01812771801327535
43.23742056,0.03813229571984436
43.23744559,0.040497444113832305
43.2374692,0.02789349202716106
43.2474761,0.049774929427023724
43.24755597,0.060196841382467385
43.25645638,0.03930724040588998
43.25653577,0.03877317463950561
43.25659299,0.04472419317921721
43.27764606,0.02264438849469749
43.27778482,0.023010605020218206
43.27782154,0.04115358205539025
43.27785587,0.025238422217135882
43.30249262,0.017792019531548027
43.30255198,0.03781185626001373
43.30259514,0.029327840085450523
43.30263734,0.01625085831998169
43.31746268,0.03521782253757534
43.31752014,0.033371480888075074
43.32344747,0.015228503852903029
43.32351232,0.025803006027313648
43.33144784,0.039795529106584265
43.33843684,0.021011673151750974
43.33848786,0.022659647516594186
43.36246467,0.040497444113832305
43.36252141,0.025314717326619364
43.3774929,0.01821927214465553
43.37755895,0.03887998779278248
43.37760496,0.03002975509269856
43.37764668,0.01654077973601892
43.37768817,0.03578240634775311
43.39144611,0.03434805828946365
43.39147305,0.015838864728770885
43.3914988,0.031189440756847486
43.40051818,0.038574807354848556
43.4134841,0.018020904859998473
43.41354489,0.026337071793698024
43.42748141,0.03981078812848096
43.42755365,0.020904859998474096
43.43553329,0.022125581750209813
43.43563819,0.04043640802624552
43.44361925,0.0251621271076524
43.44375682,0.018707560845349813
43.44848609,0.039505607690547034
43.44855881,0.03100633249408713
43.45747614,0.017624170290684367
43.45752692,0.03738460364690623
43.45756769,0.03620965896086061
43.4725709,0.017578393224994278
43.47265053,0.032562752727550166
43.4954555,0.03927672236209659
43.49550605,0.01931792172121767
43.49554753,0.02827496757457847
43.49558759,0.04248111696040284
43.49743438,0.023132677195391776
43.49746919,0.023636224917982757
43.51144791,0.04281681544213016
43.51147699,0.02758831158922713
43.52541351,0.021301594567788205
43.52543879,0.04130617227435721
43.52546167,0.03228809033340963
43.55042076,0.018951705195696954
43.55044627,0.037964446478980694
43.55046964,0.03630121309224079
43.55845833,0.017578393224994278
43.55853915,0.03352407110704204
43.56645465,0.04043640802624552
43.56653333,0.01953154802777142
43.58353996,0.02806134126802472
43.58365202,0.04226749065384909
43.5915277,0.02316319523918517
43.59157777,0.024246585793850615
43.60547686,0.042755779354543375
43.61850929,0.0277103837644007
43.61857533,0.0208896009765774
43.6186192,0.04144350347142748
43.61866021,0.03321889066910811
43.61869979,0.01953154802777142
43.62644005,0.03865110246433204
43.62647581,0.03773556115053025
43.63742542,0.019592584115358205
43.63744998,0.03479056992446784
43.64841676,0.042252231631952394
43.64844131,0.022156099794003205
43.67244101,0.030945296406500344
43.67246556,0.044251163500419625
43.67248893,0.025268940260929275
43.67251229,0.02639810788128481
43.68651128,0.04498359655146105
43.68658614,0.03039597161821927
43.68664002,0.02323949034866865
43.68668985,0.04301518272678721
43.70153093,0.033661402304112305
43.70160222,0.0196078431372549
43.71150064,0.03904783703364614
43.71156144,0.03772030212863355
43.7388308,0.018097199969481958
43.73893213,0.03279163805600061
43.739007,0.03932249942778668
43.74050355,0.01907377737087053
43.74055314,0.027649347676813915
43.74849463,0.04165712977798123
43.74856567,0.022278171969176776
43.7574842,0.023422598611429007
43.75755525,0.04153505760280766
43.76652575,0.026367589837491417
43.76659679,0.020080872816052493
43.79052591,0.04055848020141909
43.79060245,0.0315556572823682
43.81349516,0.01794460975051499
43.81356096,0.037369344625009536
43.81359744,0.037033646143282216
43.82246566,0.021377889677271687
43.82257819,0.04351873044937819
43.82262492,0.056824597543297474
43.82266736,0.04074158846417945
43.83144879,0.04699778744182498
43.83150363,0.052689402609292744
43.83744073,0.025513084611276417
43.83748937,0.02337682154573892
43.86146426,0.04214541847867552
43.86152315,0.026657511253528648
43.86156487,0.018432898451209278
43.86160517,0.038040741588464176
43.86164451,0.02877851529716945
43.8714304,0.01565575646601053
43.87146473,0.03546196688792248
43.88041568,0.03439383535515374
43.88043928,0.01585412375066758
43.89340949,0.031036850537880523
43.89343476,0.0388189517051957
43.91642594,0.01863126573586633
43.91645479,0.026550698100251773
43.92145514,0.04072632944228275
43.92151141,0.021377889677271687
43.92742515,0.022537575341420615
43.92745471,0.04115358205539025
43.94203091,0.026031891355764097
43.94215989,0.019165331502250707
43.9454546,0.03970397497520409
43.94553208,0.030594338902876324
43.95847225,0.01651026169222553
43.95855093,0.03559929808499275
43.98247242,0.03445487144274052
43.98256135,0.015838864728770885
43.98260713,0.030899519340810255
43.98264718,0.03820859082932784
43.99042988,0.016983291371023116
43.99048924,0.02613870450904097
43.9964292,0.040665293354695965
44.0055964,0.021164263370717938
44.00569725,0.022629129472800793
44.01846313,0.041763942931258104
44.01852369,0.026703288319218737
44.03248334,0.01969939726863508
44.03254104,0.040161745632104985
44.04155326,0.03131151293202106
44.0416286,0.017593652246890974
44.04168606,0.037201495384145876
44.04173923,0.03727779049362936
44.05847359,0.018646524757763027
44.05854654,0.033707179369802394
44.06044865,0.040497444113832305
44.07395411,0.02038605325398642
44.07407784,0.02887006942854963
44.08846068,0.04315251392385748
44.0885191,0.023483634699015793
44.09647131,0.024048218509193562
44.09652424,0.0430609597924773
44.10150242,0.02832074464026856
44.10155416,0.021759365224689096
44.11156869,0.041794460975051496
44.11163282,0.032532234683756774
44.12348533,0.019562066071564813
44.1235404,0.03906309605554284
44.12358284,0.03759822995345998
44.14850616,0.018646524757763027
44.14858437,0.03401235980773632
44.14862943,0.04115358205539025
44.14867282,0.02055390249485008
44.15847826,0.028931105516136417
44.15853786,0.0435034714274815
44.16942167,0.024338139925230793
44.16944909,0.024719615472648202
44.17643952,0.04211490043488213
44.17646837,0.028473334859235522
44.19044495,0.02162203402761883
44.19048858,0.04190127412832837
44.19643259,0.03343251697566186
44.22042584,0.019134813458457314
44.22045231,0.03842221713588159
44.22047639,0.03810177767605097
44.22049999,0.019562066071564813
44.22241831,0.034363317311360345
44.23350596,0.041504539559014265
44.2335856,0.021271076523994813
44.23364234,0.030411230640115968
44.24742723,0.04452582589456016
44.24745584,0.024750133516441595
44.26542068,0.025574120698863202
44.26544666,0.04481574731059739
44.29143429,0.029663538567177843
44.29149747,0.022583352407110704
44.2915411,0.043137254901960784
44.29158211,0.03430228122377356
44.31145692,0.020309758144502938
44.31151986,0.03959716182192721
44.31156611,0.03872739757381552
44.31160831,0.019974059662775615
44.31165957,0.0345464255741207
44.31172323,0.04080262455176623
44.32648587,0.020157167925535974
44.32654095,0.02844281681544213
44.34103346,0.04214541847867552
44.34746027,0.02255283436331731
44.34752345,0.023086900129701687
44.36045265,0.04174868390936141
44.36050439,0.02656595712214847
44.36054516,0.02029449912260624
44.36058474,0.040711070420386054
44.36745977,0.031525139238574806
44.36752605,0.01794460975051499
44.37647152,0.037125200274662394
44.37651944,0.036408026245517665
44.40053296,0.017578393224994278
44.40059519,0.03401235980773632
44.40064168,0.045593957427328906
44.41045475,0.03176928358892195
44.41050816,0.04592965590905623
44.41054821,0.0609750514991989
44.41059041,0.04089417868314641
44.42646146,0.032120241092545965
44.42651367,0.04383916990920882
44.43996954,0.026855878538185704
44.44008946,0.020141908903639278
44.46249604,0.03997863736934462
44.46257281,0.02975509269855802
44.4626174,0.015457389181353476
44.46265817,0.03494316014343481
44.4626987,0.03445487144274052
44.47050166,0.015869382772564278
44.47056317,0.031097886625467308
44.48346448,0.03830014496070802
44.48351789,0.017456321049820707
44.49044728,0.025879301136797133
44.49048591,0.04048218509193561
44.50838447,0.021759365224689096
44.5084393,0.022034027618829635
44.52045321,0.04029907682917525
44.52048206,0.024933241779201955
44.52050591,0.01794460975051499
44.52052927,0.03910887312123293
44.53044128,0.03065537499046311
44.53544903,0.01680018310826276
44.54843831,0.03622491798275731
44.54850078,0.03569085221637293
44.5624783,0.016906996261539634
44.56254816,0.031830319676508734
44.57646561,0.038803692683299
44.57651615,0.018402380407415885
44.58146954,0.027191577019913024
44.58153129,0.04113832303349355
44.59048009,0.021728847180895704
44.59053874,0.02247653925383383
44.59058094,0.04144350347142748
44.60547376,0.026489662012664988
44.60553908,0.019623102159151598
44.61447191,0.04058899824521248
44.61453271,0.031662470435645074
44.61457491,0.017761501487754634
44.64451289,0.03738460364690623
44.65057397,0.03671320668345159
44.65066242,0.01821927214465553
44.65071201,0.033875028610666054
44.65076756,0.041000991836423285
44.66343141,0.020798046845197222
44.66349101,0.029236285954070344
44.66353297,0.04303044174868391
44.67248678,0.023422598611429007
44.67253637,0.024628061341268024
44.70049429,0.04351873044937819
44.70056653,0.02818341344319829
44.70851445,0.020660715648126955
44.70858002,0.040924696726939803
44.70863247,0.03245593957427329
44.70868444,0.019287403677424278
44.7224741,0.03826962691691463
44.72253513,0.037537193865873196
44.72257972,0.018997482261387044
44.72262049,0.034912642099641414
44.72265983,0.04205386434729534
44.73850513,0.021316853589684902
44.73856258,0.029571984435797664
44.76146412,0.04386968795300221
44.76152611,0.024460212100404364
44.76157093,0.02508583199816892
44.76161361,0.04402227817196918
44.77143383,0.029053177691309988
44.77147985,0.022339208056763562
44.78053069,0.04339665827420462
44.78060341,0.034409094377050434
44.7934649,0.020447089341573205
44.79352593,0.039581902800030516
44.79543495,0.03904783703364614
44.81173182,0.020279240100709545
44.81183171,0.03500419623102159
44.82658601,0.04164187075608453
44.82668877,0.021332112611581598
44.83044791,0.03039597161821927
44.83050513,0.044754711223010606
44.83644676,0.02491798275730526
44.8364985,0.026169222552834364
44.85047507,0.04516670481422141
44.85053992,0.030426489662012664
44.85846901,0.023422598611429007
44.85852146,0.0439154650186923
44.86747384,0.03479056992446784
44.89144492,0.021881437399862667
44.8914752,0.04107728694590677
44.89149952,0.03973449301899748
44.89444447,0.020752269779507133
44.89448118,0.03590447852292668
44.90786672,0.04322880903334096
44.90794444,0.022964827954528116
44.91298103,0.031158922713054094
44.91312575,0.04490730144197757
44.92646956,0.024673838406958113
44.92654109,0.025101091020065615
44.92658782,0.043213550011444266
44.95344424,0.028412298771648737
44.95348382,0.02157625696192874
44.95350862,0.04217593652246891
44.95353222,0.03347829404135195
44.97773886,0.019928282597085525
44.97786307,0.0392156862745098
44.97793937,0.038117036697947665
44.97800875,0.019729915312428473
44.97807884,0.03533989471274891
44.97814727,0.04200808728160525
44.99255872,0.021728847180895704
44.99264812,0.03096055542839704
44.99269366,0.04728770885786221
45.01076126,0.03271534294651713
45.01086283,0.03930724040588998
45.03349805,0.06106660563057908
45.0335772,0.04994277866788739
45.0364337,0.036087586785687034
45.03648114,0.04644846265354391
45.03652191,0.0328526741435874
45.03656101,0.018997482261387044
45.04724407,0.03894102388036927
45.04734492,0.037796597238117034
45.06045675,0.01824979018844892
45.0605185,0.03356984817273213
45.06843591,0.03987182421606775
45.08257508,0.019058518348973832
45.08267307,0.027817196917677575
45.08944941,0.04191653315022507
45.08956575,0.022247653925383384
45.09344578,0.022705424582284275
45.09349751,0.04200808728160525
45.10344839,0.027512016479743648
45.10349631,0.020660715648126955
45.11649084,0.04103150988021668
45.11654615,0.0324101625085832
45.13044047,0.01872281986724651
45.13049316,0.03799496452277409
45.13053393,0.03704890516517891
45.14349365,0.01824979018844892
45.14354181,0.03335622186617838
45.14547253,0.04068055237659266
45.14550662,0.020630197604333562
45.1584754,0.029282063019760433
45.15851259,0.04315251392385748
45.16744304,0.02316319523918517
45.16746902,0.0238803692683299
45.19143224,0.04290836957351034
45.19146228,0.028259708552681773
45.19148588,0.021011673151750974
45.19150925,0.041382467383840695
45.19153261,0.03237964446478981
45.20641875,0.01884489204242008
45.20644474,0.03846799420157168
45.21544433,0.038040741588464176
45.21547127,0.019165331502250707
45.22742414,0.0341039139391165
45.2274518,0.041092545967803464
45.24141645,0.020981155107957578
45.24144197,0.029617761501487753
45.25543165,0.0430609597924773
45.25546813,0.02406347753109026
45.26042986,0.025146868085755704
45.26046228,0.04409857328145266
45.2684505,0.02887006942854963
45.26852894,0.021881437399862667
45.28271222,0.043091477836270695
45.28288364,0.035034714274814985
45.29248619,0.020782787823300525
45.2925601,0.039658197909514
45.31597185,0.038620584420538645
45.31614399,0.019714656290531776
45.31622601,0.03504997329671168
45.31629777,0.04182497901884489
45.32845044,0.02157625696192874
45.32852459,0.030243381399252308
45.32858157,0.04426642252231632
45.34247327,0.02481116960402838
45.34254599,0.02597085526817731
45.34747148,0.044922560463874266
45.34754515,0.029556725413900968
45.3704567,0.022156099794003205
45.37053227,0.04272526131074998
45.3705864,0.034195468070496685
45.3706398,0.02029449912260624
45.38647389,0.0401007095445182
45.38653874,0.039627679865720605
45.39946365,0.02124055848020142
45.39954352,0.03643854428931106
45.39959955,0.04303044174868391
45.40347934,0.02255283436331731
45.40355206,0.031403067063401235
45.41749072,0.04538033112077516
45.41756344,0.02630655374990463
45.44145679,0.02746623941405356
45.44151807,0.04570077058060578
45.44156265,0.030823224231326773
45.44160438,0.023758297093156328
45.44344187,0.0447699702449073
45.4434948,0.03578240634775311
45.45749712,0.021545738918135347
45.4575696,0.04046692607003891
45.45762372,0.040009155413138014
45.47248983,0.021560997940032044
45.4725616,0.03665217059586481
45.49649191,0.04303044174868391
45.49656439,0.021927214465552756
45.49661851,0.030045014114595255
45.49666858,0.042633707179369804
45.49843836,0.023514152742809186
45.49848127,0.02508583199816892
45.51242423,0.0434882124055848
45.51245213,0.028366521705958648
45.52743626,0.02186617837796597
45.5274682,0.042038605325398645
45.52749228,0.0332646677347982
45.54242921,0.019119554436560618
45.54246044,0.03808651865415427
45.55642033,0.03755245288776989
45.55644488,0.01855497062638285
45.55646873,0.03430228122377356
45.55649376,0.04328984512092775
45.57144237,0.026764324406805522
45.57745934,0.04106202792401007
45.57753944,0.06079194323643854
45.57759571,0.04623483634699016
45.60145187,0.042252231631952394
45.60148311,0.05120927748531319
45.61662698,0.029770351720454717
45.61677694,0.020813305867093918
45.616822,0.041504539559014265
45.6168561,0.031952391851682305
45.62448144,0.017257953765163654
45.62454772,0.03601129167620355
45.6384685,0.03521782253757534
45.63851571,0.016769665064469367
45.64346766,0.032028686961165787
45.64351654,0.03889524681467918
45.66748333,0.01799038681620508
45.66754532,0.026031891355764097
45.66759109,0.040497444113832305
45.67347264,0.02128633554589151
45.6735208,0.022125581750209813
45.68258119,0.04113832303349355
45.68268728,0.025909819180590526
45.69146419,0.018997482261387044
45.69152236,0.039673456931410694
45.7004931,0.03141832608529793
45.70054913,0.016983291371023116
45.72452903,0.03584344243533989
45.7245934,0.03535515373464561
45.74655008,0.01675440604257267
45.74662375,0.031113145647364004
45.74667883,0.03842221713588159
45.75548291,0.018066681925688565
45.75554252,0.026901655603875793
45.7555871,0.04113832303349355
45.75562906,0.021774624246585793
45.76244307,0.022064545662623027
45.76249099,0.04031433585107195
45.77648044,0.025635156786449988
45.77653837,0.01850919356069276
45.78850102,0.03904783703364614
45.78855729,0.03065537499046311
45.80249763,0.017349507896543832
45.80255318,0.03704890516517891
45.80259466,0.03598077363241016
45.80848646,0.017135881589990083
45.80853558,0.03309681849393454
45.81558776,0.04074158846417945
45.81565928,0.020325017166399634
45.82845783,0.02887006942854963
45.828511,0.0439459830624857
45.84245586,0.02371252002746624
45.84251237,0.024704356450751506
45.85646176,0.04318303196765087
45.85651922,0.02832074464026856
45.85656333,0.021087968261234456
45.8566041,0.041382467383840695
45.85664415,0.03276112001220722
45.87142801,0.019043259327077136
45.87145424,0.03814755474174106
45.88042736,0.03756771190966659
45.88045335,0.019119554436560618
45.89541841,0.03384451056687266
45.89544344,0.0413519493400473
45.90741777,0.020401312275883116
45.90744305,0.02873273823147936
45.91644359,0.04290836957351034
45.91646957,0.024002441443503473
45.93041563,0.02491798275730526
45.93044066,0.04327458609903105
45.93845725,0.02780193789578088
45.93854117,0.021301594567788205
45.94648647,0.042420080872816054
45.94655943,0.03375295643549248
45.97045875,0.01948577096208133
45.97054076,0.03918516823071641
45.97059679,0.0383916990920882
45.9706471,0.019592584115358205
45.98075151,0.034576943617914094
45.980896,0.04144350347142748
45.98097324,0.022247653925383384
45.9934473,0.03053330281528954
45.99348378,0.04573128862439917
46.00345922,0.026672770275425344
46.00353432,0.027054245822842757
46.02748728,0.04531929503318837
46.02759123,0.03022812237735561
46.03245234,0.023346303501945526
46.03253245,0.043549248493171586
46.03845501,0.03530937666895552
46.03853559,0.020782787823300525
46.04746771,0.03913939116502632
46.04754639,0.03894102388036927
46.06145525,0.01969939726863508
46.06153417,0.0349736781872282
46.06159043,0.041260395208667124
46.07752585,0.020141908903639278
46.07759809,0.02766460669871061
46.09046483,0.04174868390936141
46.0905385,0.022278171969176776
46.09845352,0.022674906538490882
46.09852791,0.04148928053711757
46.1004262,0.02652018005645838
46.1004653,0.019623102159151598
46.11349678,0.03959716182192721
46.11356974,0.030258640421149004
46.12747121,0.017090104524299994
46.12754035,0.037125200274662394
46.12759495,0.03622491798275731
46.15346074,0.017288471808957047
46.15351677,0.03250171663996338
46.16264367,0.04194705119401846
46.16274118,0.0264438849469749
46.17147064,0.04214541847867552
46.17153645,0.06092927443350881
46.18648696,0.044708934157320517
46.18655872,0.03822384985122454
46.18661284,0.04779125658045319
46.18666267,0.027649347676813915
46.19452262,0.01936369878690776
46.19459391,0.040283817807278556
46.19464827,0.030777447165636684
46.21242309,0.015411612115663387
46.2124517,0.034241245136186774
46.24041963,0.033951323720149536
46.24044847,0.015411612115663387
46.24047256,0.029968719005111773
46.2404964,0.03735408560311284
46.24051929,0.01765468833447776
46.24054265,0.02613870450904097
46.24743295,0.04036011291676204
46.24746323,0.02076752880140383
46.25741649,0.021499961852445258
46.25744247,0.041168841077286945
46.28645349,0.026657511253528648
46.28653479,0.018860151064316776
46.28659034,0.03952086671244373
46.28664184,0.030777447165636684
46.28669214,0.01625085831998169
46.29343462,0.03530937666895552
46.30245066,0.03479056992446784
46.30253148,0.016495002670328832
46.31246305,0.03213550011444266
46.31254268,0.03909361409933623
46.31259847,0.018051422903791865
46.3354218,0.02606240939955749
46.3354485,0.04034485389486534
46.34842801,0.02084382391088731
46.34847069,0.021881437399862667
46.35047746,0.040955214770733196
46.3505497,0.02554360265506981
46.35852075,0.018280308232242314
46.35859275,0.03904783703364614
46.3675642,0.03143358510719463
46.36763716,0.01710536354619669
46.38250947,0.03698786907759213
46.38258219,0.03677424277103838
46.39552712,0.01719691767757687
46.3955977,0.0315403982604715
46.39565444,0.03949034866865034
46.41047525,0.018982223239490347
46.410537,0.028046082246128024
46.41058278,0.04235904478522927
46.41062641,0.02340733958953231
46.42551327,0.02374303807125963
46.42558479,0.042969405661097124
46.43855429,0.0277103837644007
46.43862391,0.020660715648126955
46.4630599,0.04127565423056382
46.46318102,0.032730601968413826
46.46509647,0.018371862363622492
46.46521902,0.03826962691691463
46.46529627,0.037796597238117034
46.47157454,0.018616006713969634
46.47165608,0.034195468070496685
46.48349786,0.041382467383840695
46.4835453,0.020111390859845885
46.49252152,0.028580148012512397
46.49255896,0.04339665827420462
46.50643086,0.02401770046540017
46.50645685,0.0243076218814374
46.53208637,0.043427176317998015
46.53211284,0.028931105516136417
46.53844953,0.021042191195544367
46.53847504,0.042160677500572216
46.53849983,0.03335622186617838
46.55243063,0.01889066910811017
46.55245543,0.03903257801174945
46.55247831,0.03927672236209659
46.55860066,0.020157167925535974
46.55868626,0.03511100938429847
46.55875397,0.042664225223163196
46.57243299,0.02153047989623865
46.57245898,0.029877164873731595
46.59647799,0.04486152437628748
46.59651828,0.025299458304722668
46.5965426,0.026291294728007935
46.59656572,0.0456092164492256
46.60542893,0.03002975509269856
46.60547686,0.02204928664072633
46.61844397,0.04301518272678721
46.61851048,0.03511100938429847
46.61855078,0.02093537804226749
46.62345529,0.039795529106584265
46.62349081,0.03859006637674525
46.64743042,0.01969939726863508
46.65343142,0.03530937666895552
46.6534915,0.042496375982299536
46.65845394,0.020813305867093918
46.65853286,0.028198672465094988
46.65860558,0.042633707179369804
46.67250085,0.022964827954528116
46.67257857,0.023147936217288473
46.6814847,0.041931792172121764
46.68155789,0.026291294728007935
46.69551659,0.018951705195696954
46.69558883,0.040161745632104985
46.71847343,0.031067368581673915
46.71854973,0.01637293049515526
46.72044039,0.036194399938963916
46.7204895,0.03590447852292668
46.7205255,0.016327153429465172
46.72056079,0.03176928358892195
46.73091269,0.03978027008468757
46.73573136,0.019501029983978027
46.73588467,0.030243381399252308
46.74946475,0.05134660868238346
46.74952316,0.03814755474174106
46.76347995,0.042923628595407035
46.76352978,0.06066987106126497
46.77146864,0.038498512245365074
46.77152419,0.02209506370641642
46.77744889,0.03918516823071641
46.77749825,0.03079270618753338
46.79145336,0.016723887998779278
46.79150081,0.03631647211413749
46.79153967,0.034912642099641414
46.8064537,0.015365835049973296
46.80650854,0.0302738994430457
46.82049227,0.038788433661402305
46.82055926,0.016815442130159456
46.85147977,0.02508583199816892
46.85154605,0.04019226367589838
46.85158968,0.02136263065537499
46.85162926,0.022201876859693295
46.85167074,0.04132143129625391
46.8517096,0.02532997634851606
46.87649536,0.018280308232242314
46.87655044,0.040619516289005876
46.87659168,0.03146410315098802
46.8766315,0.017120622568093387
46.87667155,0.03700312809948882
46.89142656,0.03654535744258793
46.90107822,0.016693369954985885
46.90126729,0.032486457618066684
46.90641379,0.04058899824521248
46.90645766,0.01892118715190356
46.9064877,0.0268711375600824
46.91342402,0.04226749065384909
46.91345572,0.022964827954528116
46.92244291,0.02333104448004883
46.92247462,0.042710002288853285
46.93146539,0.02691691462577249
46.95545626,0.020080872816052493
46.95548487,0.04127565423056382
46.95550871,0.03247119859616999
46.96295619,0.017959868772411687
46.96306634,0.03765926604104677
46.96859598,0.03755245288776989
46.96870565,0.01846341649500267
46.97847462,0.03390554665445945
46.9785552,0.04231326771953918
46.99146557,0.021652552071412222
46.99154544,0.02917524986648356
46.99160194,0.04426642252231632
47.01652288,0.025482566567483024
47.01661539,0.025299458304722668
47.0166707,0.044342717631799804
47.01672101,0.030182345311665523
47.0275116,0.023193713282978562
47.02758527,0.044251163500419625
47.03470612,0.03588921950102998
47.03481436,0.020828564888990615
47.0434711,0.04019226367589838
47.04353046,0.04005493247882811
47.05748105,0.02084382391088731
47.05755353,0.035660334172579536
47.08160281,0.04336614023041123
47.08169365,0.02191195544365606
47.08174801,0.029480430304417486
47.08349252,0.04505989166094453
47.08356404,0.025513084611276417
47.09249687,0.025909819180590526
47.0925703,0.04483100633249409
47.10647488,0.029999237048905166
47.10653543,0.022659647516594186
47.12049484,0.043335622186617836
47.12056756,0.035202563515678645
47.14354777,0.021042191195544367
47.1436255,0.04040588998245213
47.14367008,0.04007019150072481
47.15346694,0.02111848630502785
47.15351439,0.03590447852292668
47.15355539,0.04473945220111391
47.15359449,0.024536507209887846
47.17243338,0.03295948729686427
47.17246342,0.04742504005493248
47.18148351,0.028717479209582664
47.18153548,0.02865644312199588
47.19143629,0.04769970244907301
47.19146824,0.03335622186617838
47.19848275,0.025406271457999542
47.19850779,0.04582284275577935
47.20544004,0.03802548256656748
47.22843838,0.023804074158846417
47.22846746,0.04214541847867552
47.22849369,0.04191653315022507
47.22852159,0.02243076218814374
47.22854471,0.03656061646448463
47.22856736,0.04385442893110551
47.23746681,0.022903791866941327
47.23750854,0.030212863355458915
47.2504735,0.044708934157320517
47.25050092,0.025650415808346684
47.27351904,0.02532997634851606
47.2735815,0.04431219958800641
47.27362752,0.0307011520561532
47.27366948,0.02294956893263142
47.2805016,0.042496375982299536
47.28055906,0.03518730449378195
47.29451871,0.020645456626230258
47.29458404,0.03904783703364614
47.29967618,0.040283817807278556
47.29977751,0.023422598611429007
47.32351136,0.04065003433279927
47.32357311,0.055115587090867474
47.32361794,0.041672388799877925
47.3236587,0.052185854886701764
47.32369876,0.060654612039368276
47.33843923,0.035828183413443196
47.33849764,0.028595407034409093
47.34851766,0.04422064545662623
47.34858608,0.03006027313649195
47.3565011,0.02238498512245365
47.35656571,0.04164187075608453
47.37343311,0.03401235980773632
47.37348294,0.01907377737087053
47.3979094,0.03706416418707561
47.39803076,0.03726253147173266
47.39810467,0.018982223239490347
47.39817524,0.03259327077134356
47.4035387,0.04013122758831159
47.41746736,0.020660715648126955
47.41752791,0.02810711833371481
47.42344832,0.042221713588159
47.42349815,0.024460212100404364
47.43245077,0.023956664377813384
47.43250418,0.04194705119401846
47.45688796,0.02801556420233463
47.45698905,0.020447089341573205
47.45706296,0.03959716182192721
47.45713258,0.03251697566186008
47.47156787,0.018600747692072938
47.47168374,0.03631647211413749
47.47172189,0.03698786907759213
47.47175646,0.01872281986724651
47.4717896,0.03167772945754177
47.4854598,0.03939879453727016
47.48551464,0.020157167925535974
47.49143934,0.02737468528267338
47.4914875,0.041428244449530784
47.51546502,0.02362096589608606
47.51552176,0.022964827954528116
47.51556396,0.04122987716487373
47.51560426,0.02784771496147097
47.53047872,0.020569161516746776
47.53053069,0.040009155413138014
47.53057289,0.0332646677347982
47.53405619,0.019256885633630885
47.54748535,0.03675898374914168
47.54756403,0.03701838712138552
47.56061459,0.019806210421911954
47.56070614,0.032990005340657665
47.57852745,0.03955138475623712
47.57861686,0.02076752880140383
47.58351302,0.028503852903028915
47.58359289,0.04267948424505989
47.59254313,0.024826428625925077
47.59262133,0.024582284275577935
47.59268069,0.042999923704890516
47.59273267,0.029724574654764628
47.60750508,0.02226291294728008
47.61449337,0.04144350347142748
47.61454463,0.03396658274204623
47.61458659,0.02017242694743267
47.63747025,0.03814755474174106
47.63749957,0.037750820172426945
47.6375246,0.020141908903639278
47.64746523,0.03430228122377356
47.64762592,0.04211490043488213
47.65648222,0.022583352407110704
47.65656161,0.029739833676661324
47.66175914,0.04370183871213855
47.67547202,0.02554360265506981
47.67553234,0.025101091020065615
47.69845915,0.04345769436179141
47.69851255,0.03015182726787213
47.69855905,0.02243076218814374
47.69860029,0.0413519493400473
47.69864082,0.034744792858777754
47.69868112,0.02136263065537499
47.71447134,0.03938353551537346
47.71453238,0.03944457160296025
47.72751331,0.021683070115205615
47.72757483,0.03552300297550927
47.72761846,0.043091477836270695
47.73746634,0.024109254596780347
47.7375226,0.03108262760357061
47.75144553,0.04448004882887007
47.75149417,0.02589456015869383
47.76550889,0.0251621271076524
47.76555777,0.04370183871213855
47.77052045,0.029556725413900968
47.77057195,0.021438925764858473
47.77948022,0.04031433585107195
47.7795279,0.03280689707789731
47.79352951,0.018493934538796063
47.79360199,0.03620965896086061
47.79659128,0.03631647211413749
47.81848288,0.018005645838101776
47.81854272,0.03175402456702525
47.81858993,0.039246204318303196
47.81863332,0.019287403677424278
47.82867241,0.026169222552834364
47.8287425,0.04090943770504311
47.82879758,0.023315785458152133
47.82885075,0.022613870450904097
47.84350562,0.04022278171969177
47.8435638,0.02827496757457847
47.85741878,0.025574120698863202
47.85744429,0.05250629434653239
47.85746789,0.05128557259479667
47.8854568,0.03865110246433204
47.88548636,0.050598916609445335
47.88551068,0.04158083466849775
47.89153862,0.017715724422064545
47.89166474,0.02981612878614481
47.90050864,0.038406958113984896
47.90057111,0.018005645838101776
47.90059781,0.02406347753109026
47.91569328,0.03826962691691463
47.9279356,0.020355535210193027
47.92807388,0.019790951400015258
47.94154215,0.038788433661402305
47.94746828,0.024933241779201955
47.94752169,0.01701380941481651
47.94756413,0.03692683299000534
47.96050477,0.030167086289768826
47.96054316,0.01654077973601892
47.96057534,0.03521782253757534
47.97048306,0.03562981612878614
47.97054458,0.016433966582742047
47.9794724,0.030075532158388648
47.9795301,0.03875791561760891
48.00248671,0.018478675516899367
48.00254917,0.025406271457999542
48.01249743,0.03901731898985275
48.01255703,0.02226291294728008
48.01259995,0.02197299153124285
48.0374608,0.040497444113832305
48.0375216,0.02613870450904097
48.04045916,0.01910429541466392
48.04051089,0.039581902800030516
48.04055285,0.0315403982604715
48.04059243,0.016815442130159456
48.05548096,0.03527885862516213
48.0555284,0.034821087968261236
48.06845212,0.016235599298084994
48.06851506,0.03079270618753338
48.06855989,0.03927672236209659
48.07746077,0.01863126573586633
48.07751346,0.02627603570611124
48.07755566,0.04118410009918364
48.07759571,0.021728847180895704
48.09294128,0.0217441062027924
48.09301353,0.0422369726100557
48.1014781,0.0285648889906157
48.10153794,0.020477607385366598
48.11547208,0.04103150988021668
48.11553097,0.03338673990997177
48.13147545,0.018814373998626687
48.13152862,0.03781185626001373
48.13156509,0.037872892347600516
48.13847661,0.018432898451209278
48.13854861,0.033539330128938734
48.14244699,0.041504539559014265
48.14248443,0.02026398107881285
48.15745473,0.02827496757457847
48.15748072,0.043213550011444266
48.17441964,0.024002441443503473
48.18242073,0.023422598611429007
48.18247247,0.04289311055161364
48.18251228,0.028076600289921417
48.19642067,0.019424734874494545
48.19644642,0.04090943770504311
48.19646955,0.03413443198290989
48.20242262,0.019943541618982222
48.20244908,0.03871213855191882
48.21642613,0.038666361486228734
48.21645403,0.0196078431372549
48.22628617,0.03396658274204623
48.24851346,0.042252231631952394
48.24859405,0.022247653925383384
48.24864793,0.030121309224078737
48.26349521,0.0456244754711223
48.26352644,0.02630655374990463
48.2714417,0.026214999618524453
48.27146721,0.045593957427328906
48.2805593,0.030762188143739988
48.28063941,0.02243076218814374
48.29512382,0.04452582589456016
48.2952652,0.036453803311207754
48.29534912,0.02026398107881285
48.30747175,0.03927672236209659
48.30750918,0.039917601281757836
48.3075428,0.020904859998474096
48.33154631,0.035248340581368734
48.33162785,0.043045700770580606
48.33166623,0.021515220874341955
48.33169985,0.028900587472343024
48.33173156,0.04422064545662623
48.33448148,0.023849851224536506
48.33454466,0.023178454261081866
48.3485136,0.04281681544213016
48.34858847,0.02789349202716106
48.37147593,0.019165331502250707
48.37155294,0.04098573281452659
48.37160802,0.033875028610666054
48.37165761,0.018066681925688565
48.37947679,0.037918669413290605
48.37955093,0.0388189517051957
48.39255238,0.018524452582589456
48.39262581,0.033325703822384985
48.39268184,0.04473945220111391
48.40248656,0.029602502479591057
48.40254712,0.04431219958800641
48.42680621,0.060990310521095596
48.42693138,0.04695201037613489
48.42700624,0.039124132143129625
48.42707539,0.04812695506218052
48.43649173,0.02784771496147097
48.43655372,0.019668879224841687
48.44549251,0.04031433585107195
48.445539,0.03170824750133516
48.45859599,0.016647592889295796
48.45866156,0.03588921950102998
48.46070004,0.0362554360265507
48.47346711,0.016266117341878387
48.47352695,0.030518043793392843
48.4977622,0.039002059967956054
48.49790359,0.01794460975051499
48.50350475,0.02578774700541695
48.50357699,0.04127565423056382
48.50363326,0.021667811093308918
48.50368452,0.021637293049515526
48.5164578,0.04144350347142748
48.51648378,0.02639810788128481
48.52598214,0.018448157473105974
48.52610421,0.039841306172274354
48.53852057,0.031067368581673915
48.55243444,0.015930418860151063
48.56245971,0.03633173113603418
48.56250858,0.036575875486381325
48.57543755,0.01617456321049821
48.57555389,0.03022812237735561
48.57560086,0.03973449301899748
48.57564402,0.018738078889143205
48.60247207,0.02578774700541695
48.60254955,0.04144350347142748
48.60258627,0.021637293049515526
48.60262012,0.021042191195544367
48.61045957,0.041260395208667124
48.62343884,0.02630655374990463
48.62350416,0.018188754100862136
48.6235559,0.039673456931410694
48.62360525,0.0315556572823682
48.63743758,0.016891737239642938
48.63750839,0.03698786907759213
48.63755465,0.03785763332570382
48.63759661,0.01855497062638285
48.64543104,0.032898451209277486
48.64548588,0.041336690318150605
48.65895677,0.019836728465705347
48.65909576,0.02789349202716106
48.66057324,0.043717097734035246
48.68345785,0.024551766231784542
48.68351817,0.024170290684367133
48.68356156,0.04374761577782864
48.68360162,0.029022659647516595
48.69568396,0.020874341954680704
48.69577074,0.04190127412832837
48.70246124,0.034531166552224005
48.70251012,0.01940947585259785
48.71145654,0.03915465018692302
48.7115128,0.03973449301899748
48.72601748,0.01982146944380865
48.72609854,0.033951323720149536
48.73345208,0.043091477836270695
48.74750876,0.021332112611581598
48.7475934,0.028747997253376057
48.75669646,0.04483100633249409
48.75679946,0.025391012436102846
48.75683665,0.024872205691615166
48.75687051,0.044708934157320517
48.77154279,0.029846646829938202
48.77163506,0.021759365224689096
48.77748442,0.04327458609903105
48.7775445,0.03601129167620355
48.80245829,0.020538643472953384
48.80251908,0.03970397497520409
48.80256414,0.040711070420386054
48.81045532,0.02111848630502785
48.81050801,0.03593499656672007
48.81054902,0.04422064545662623
48.81058812,0.02299534599832151
48.82760024,0.030640115968566414
48.82771158,0.04602121004043641
48.83649421,0.02597085526817731
48.83655405,0.02520790417334249
48.85147548,0.04449530785076677
48.85153341,0.029114213778896773
48.86344862,0.020401312275883116
48.86349773,0.04158083466849775
48.86353564,0.033997100785839625
48.87744689,0.019501029983978027
48.87748909,0.03904783703364614
48.8775239,0.0388189517051957
48.87755799,0.018707560845349813
48.89297438,0.03329518577859159
48.90143275,0.04211490043488213
48.90149736,0.02076752880140383
48.92560506,0.028030823224231328
48.92568493,0.04339665827420462
48.92572165,0.02392614633401999
48.92581344,0.023315785458152133
48.92584801,0.044342717631799804
48.93645287,0.03331044480048829
48.93651032,0.03234912642099642
48.94847965,0.05952544441901274
48.94853139,0.05487144274052033
48.9581604,0.036530098420691236
48.95830202,0.045517662317845424
48.97150135,0.03973449301899748
48.97157812,0.017959868772411687
48.98543549,0.03167772945754177
48.98548603,0.03955138475623712
48.9904654,0.01760891126878767
48.99051237,0.02494850080109865
48.99844861,0.041046768902113374
49.00344443,0.02162203402761883
49.00350189,0.020584420538643473
49.03058028,0.04023804074158847
49.03070331,0.025696192874036773
49.03074098,0.017639429312581063
49.03077602,0.039124132143129625
49.05553484,0.03170824750133516
49.05559087,0.015167467765316243
49.05563641,0.029434653238727397
49.05567861,0.03904783703364614
49.08053041,0.018310826276035707
49.08060813,0.025513084611276417
49.08065295,0.041336690318150605
49.08069301,0.022415503166247044
49.08073258,0.021301594567788205
49.08077288,0.04115358205539025
49.08081269,0.02630655374990463
49.09054208,0.01803616388189517
49.09062338,0.0392309452964065
49.1134634,0.031189440756847486
49.11353087,0.015106431677729458
49.11358643,0.030090791180285344
49.11363816,0.03973449301899748
49.12987471,0.01855497062638285
49.13014436,0.02511635004196231
49.13028812,0.04113832303349355
49.13749218,0.021927214465552756
49.13755465,0.020874341954680704
49.15154457,0.040924696726939803
49.151618,0.027054245822842757
49.161515,0.018829633020523383
49.16158843,0.03973449301899748
49.18549848,0.03192187380788891
49.18557477,0.01715114061188678
49.18563151,0.03717097734035248
49.18568206,0.03788815136949721
49.19251633,0.01821927214465553
49.19259024,0.032867933165484094
49.19747829,0.04119935912108034
49.20645881,0.0208896009765774
49.20651412,0.028625925078202486
49.21645522,0.0439154650186923
49.21650887,0.024582284275577935
49.23059678,0.024292362859540704
49.23064542,0.0439002059967956
49.24446416,0.029236285954070344
49.24452114,0.02043183031967651
49.25144649,0.041596093690394444
49.25149465,0.034576943617914094
49.25850439,0.019302662699320974
49.25856376,0.03826962691691463
49.26045632,0.03904783703364614
49.27447677,0.019928282597085525
49.27453804,0.034119172961013196
49.27844715,0.04260318913557641
49.27849293,0.021225299458304724
49.30551291,0.028503852903028915
49.30558777,0.044342717631799804
49.30563092,0.024933241779201955
49.30567193,0.024933241779201955
49.31547117,0.04553292133974212
49.31552982,0.030731670099946592
49.32146382,0.02204928664072633
49.32150054,0.04351873044937819
49.3293016,0.03578240634775311
49.34144664,0.020813305867093918
49.34147549,0.040207522697795074
49.35550261,0.04065003433279927
49.35554528,0.020660715648126955
49.37845278,0.03437857633325704
49.37848258,0.042923628595407035
49.38744378,0.021728847180895704
49.38747025,0.02883955138475624
49.38749361,0.04428168154421302
49.38751674,0.024414435034714275
49.4114337,0.023422598611429007
49.41146374,0.043167772945754176
49.41149068,0.028046082246128024
49.41151452,0.01910429541466392
49.42664385,0.04040588998245213
49.4267478,0.033676661326009
49.43544888,0.017914091706721598
49.43550277,0.036957351033798734
49.44947839,0.03767452506294346
49.44955802,0.017837796597238116
49.44961476,0.032532234683756774
49.44966531,0.04153505760280766
49.45347238,0.02038605325398642
49.45353174,0.027862973983367668
49.46279263,0.04644846265354391
49.4704504,0.033401998931868467
49.47051024,0.03936827649347677
49.49401236,0.061081864652475774
49.49413991,0.04626535439078355
49.49557757,0.028641184100099183
49.49562645,0.04278629739833677
49.50847197,0.033539330128938734
49.5085454,0.017380025940337225
49.51146603,0.03573662928206302
49.51152039,0.035828183413443196
49.52144647,0.015793087663080796
49.52149701,0.029724574654764628
49.52153778,0.03926146334019989
49.53647637,0.018112458991378654
49.53653359,0.024673838406958113
49.56051016,0.04023804074158847
49.56057835,0.021301594567788205
49.56062961,0.02067597467002365
49.56068015,0.04077210650797284
49.56746459,0.026291294728007935
49.56751132,0.017456321049820707
49.58145881,0.03892576485847257
49.58151388,0.031998168917372394
49.58746362,0.016433966582742047
49.58752847,0.03578240634775311
49.59354258,0.03663691157396811
49.60746527,0.01675440604257267
49.60752511,0.030426489662012664
49.62155104,0.039581902800030516
49.62164664,0.018234531166552225
49.6289506,0.025650415808346684
49.62914324,0.04141298542763409
49.63347554,0.02204928664072633
49.63353419,0.020752269779507133
49.64846849,0.04090943770504311
49.64852595,0.026825360494392308
49.65653372,0.017837796597238116
49.65662265,0.03906309605554284
49.67050672,0.03213550011444266
49.68642116,0.016189822232394905
49.68645072,0.035584039063096054
49.6864748,0.03718623636224918
49.68649769,0.01760891126878767
49.69341564,0.03219653620202945
49.70041442,0.041336690318150605
49.70045066,0.019684138246738384
49.713516,0.02758831158922713
49.71362662,0.04351873044937819
49.73750114,0.02468909742885481
49.73757792,0.0234531166552224
49.73761487,0.0435034714274815
49.74645376,0.029846646829938202
49.74651504,0.02067597467002365
49.75344491,0.041718165865568015
49.75350308,0.03485160601205463
49.75354624,0.01953154802777142
49.75358558,0.0392309452964065
49.77145934,0.04031433585107195
49.77153897,0.020080872816052493
49.78345895,0.03405813687342641
49.78353834,0.0435034714274815
49.79748201,0.022339208056763562
49.79753065,0.028946364538033113
49.79757214,0.04455634393835355
49.80647397,0.026367589837491417
49.80653834,0.025467307545586328
49.82044673,0.04571602960250248
49.82050538,0.031784542610818645
49.82847309,0.022751201647974364
49.82857704,0.04368657969024185
49.83744073,0.03694209201190204
49.83750176,0.021316853589684902
49.85144567,0.04057373922331579
49.85150337,0.04190127412832837
49.87547588,0.021667811093308918
49.87553859,0.03590447852292668
49.87557483,0.04510566872663462
49.8834517,0.024002441443503473
49.88350129,0.0307011520561532
49.88354206,0.04652475776302739
49.88358164,0.0272983901731899
49.89747667,0.02571145189593347
49.89753866,0.04594491493095293
49.90245986,0.03167772945754177
49.9025166,0.02136263065537499
49.91646671,0.04156557564660105
49.91651821,0.034607461661707486
49.93043947,0.0183413443198291
49.93048954,0.037201495384145876
49.93052673,0.038040741588464176
49.93746376,0.01773098344396124
49.93752027,0.03176928358892195
49.95145488,0.04161135271229114
49.951509,0.020233463035019456
49.95948434,0.026428625925078202
49.95953059,0.04261844815747311
49.97042823,0.02349889372091249
49.97045684,0.022415503166247044
49.99445987,0.042206454566262305
49.99448657,0.02844281681544213
49.99451113,0.020965896086060882
49.99453449,0.04609750514991989
49.99455762,0.04626535439078355
50.00342059,0.03602655069810025
50.00344563,0.05693141069657435
50.01741672,0.05360494392309453
50.01744175,0.02504005493247883
50.02241158,0.03274586099031052
50.0224359,0.040329594872968645
50.04743886,0.018646524757763027
50.04746795,0.02423132677195392
50.0474925,0.04005493247882811
50.05754495,0.021438925764858473
50.0576551,0.020996414129854278
50.05773234,0.04107728694590677
50.07245493,0.026794842450598915
50.07252216,0.017547875181200885
50.08143544,0.03767452506294346
50.08149385,0.03225757228961624
50.10543585,0.01612878614480812
50.10550976,0.03492790112153811
50.1055541,0.03646906233310445
50.10559416,0.016647592889295796
50.11544919,0.03083848325322347
50.1155107,0.04139772640573739
50.12442207,0.019928282597085525
50.12447286,0.026337071793698024
50.12851071,0.041962310215915156
50.13745451,0.023086900129701687
50.13751078,0.021545738918135347
50.16187406,0.041992828259708556
50.1620357,0.027878233005264364
50.16213632,0.01794460975051499
50.16220784,0.039002059967956054
50.18744683,0.032394903486686506
50.18750811,0.016281376363775083
50.19043946,0.035202563515678645
50.1904881,0.036697947661554896
50.19052815,0.016983291371023116
50.19056773,0.03036545357442588
50.19242597,0.039749752040894176
50.20749545,0.019455252918287938
50.20755506,0.026169222552834364
50.22107005,0.042084382391088734
50.22114325,0.023483634699015793
50.23354936,0.022171358815899902
50.23364806,0.042084382391088734
50.23747945,0.028595407034409093
50.23754072,0.0196078431372549
50.24145079,0.040665293354695965
50.24149632,0.035080491340505074
50.25552773,0.019851987487602044
50.25562501,0.03868162050812543
50.25570035,0.04031433585107195
50.2805047,0.020416571297779813
50.28058076,0.03312733653772793
50.2806251,0.0434882124055848
50.28066564,0.02269016556038758
50.29050875,0.029190508888380255
50.29058075,0.04443427176317998
50.30146694,0.02677958342870222
50.3015275,0.024383916990920882
50.31647325,0.04455634393835355
50.3165319,0.03131151293202106
50.32878399,0.021774624246585793
50.3288641,0.04235904478522927
50.32891035,0.0362554360265507
50.35689712,0.019974059662775615
50.35693526,0.03860532539864195
50.35696983,0.04072632944228275
50.35699916,0.02124055848020142
50.35702777,0.03492790112153811
50.36944962,0.04515144579232471
50.36953068,0.02435339894712749
50.37752461,0.030334935530632486
50.37759542,0.046341649500267035
50.41152668,0.0281528953994049
50.41161489,0.026581216144045166
50.41165972,0.04657053482871748
50.41343665,0.032608529793240255
50.41349006,0.022232394903486687
50.41546297,0.042755779354543375
50.41551614,0.03772030212863355
50.43045878,0.02197299153124285
50.43051243,0.03936827649347677
50.43054986,0.04060425726710918
50.43058348,0.020752269779507133
50.4556663,0.033493553063248645
50.45576715,0.04284733348592355
50.46096325,0.021774624246585793
50.4610858,0.027389944304570077
50.46119595,0.04312199588006409
50.46847582,0.02511635004196231
50.46852541,0.023758297093156328
50.48248315,0.04428168154421302
50.48253965,0.031097886625467308
50.49148607,0.021042191195544367
50.49153638,0.04187075608453498
50.51565313,0.03613336385137713
50.51575446,0.019546807049668116
50.52966619,0.03848325322346838
50.52979112,0.04356450751506828
50.53643537,0.029953459983215077
50.53649759,0.049515526054779886
50.53654337,0.06088349736781872
50.56080532,0.04103150988021668
50.56092691,0.03680476081483177
50.56101012,0.04493781948577096
50.56112027,0.024551766231784542
50.57549787,0.022659647516594186
50.57555032,0.04200808728160525
50.57558656,0.028336003662165255
50.57561946,0.01803616388189517
50.58448792,0.038498512245365074
50.58454084,0.03263904783703365
50.60746336,0.016906996261539634
50.60752344,0.035202563515678645
50.60756874,0.03817807278553445
50.60760951,0.018478675516899367
50.60764861,0.030716411078049895
50.61745119,0.041382467383840695
50.6175015,0.021210040436408027
50.62652707,0.026550698100251773
50.62658715,0.04231326771953918
50.65054774,0.024368657969024186
50.65062451,0.02197299153124285
50.65066814,0.04182497901884489
50.65070868,0.02896162355992981
50.66056013,0.01879911497672999
50.66063023,0.038284885938811325
50.66068506,0.032440680552376595
50.67348576,0.017135881589990083
50.67353129,0.03535515373464561
50.69351745,0.03714045929655909
50.69354343,0.01680018310826276
50.69356632,0.0290074006256199
50.69358873,0.039246204318303196
50.7164495,0.01931792172121767
50.71647763,0.024002441443503473
50.71650195,0.04017700465400168
50.71652532,0.02238498512245365
50.72249627,0.02012664988174258
50.72254968,0.040543221179522394
50.73546267,0.02708476386663615
50.73551798,0.017257953765163654
50.75859761,0.037125200274662394
50.75867081,0.03176928358892195
50.76061034,0.016525520714122225
50.76072955,0.03472953383688106
50.77349448,0.03689631494621195
50.77355599,0.0170443274586099
50.77551222,0.029785610742351417
50.77556276,0.040375371938658734
50.78848457,0.020828564888990615
50.78853703,0.02677958342870222
50.79046798,0.04310673685816739
50.81349707,0.024658579385061417
50.81357145,0.02162203402761883
50.82055879,0.04187075608453498
50.82063055,0.029068436713206684
50.82661986,0.018997482261387044
50.82670569,0.03936827649347677
50.83560348,0.034042877851529714
50.83571696,0.018112458991378654
50.85546565,0.035828183413443196
50.85552669,0.03869687953002213
50.85556936,0.01892118715190356
50.85560894,0.031662470435645074
50.8584373,0.042221713588159
50.88146925,0.022079804684519724
50.88152957,0.027481498435950255
50.88157296,0.04409857328145266
50.88161254,0.025726710917830166
50.89147139,0.023422598611429007
50.89151454,0.04431219958800641
50.90083671,0.032166018158236054
50.90103793,0.021347371633478295
50.91346216,0.04115358205539025
50.91352129,0.03601129167620355
50.92748928,0.020737010757610436
50.92754173,0.03860532539864195
50.93664098,0.04086366063935302
50.95045996,0.02076752880140383
50.95051932,0.033279926756694896
50.95543647,0.043167772945754176
50.9554944,0.02238498512245365
50.96150947,0.027878233005264364
50.96158361,0.044586861982146946
50.97046304,0.025360494392309453
50.97052217,0.021652552071412222
50.98449349,0.04174868390936141
50.98454905,0.028809033340962846
51.00855017,0.0183413443198291
51.0086267,0.03904783703364614
51.00867105,0.03414969100480659
51.01750112,0.017059586480506598
51.01755452,0.03543144884412909
51.0175972,0.03776607919432364
51.01763749,0.017715724422064545
51.04142427,0.030167086289768826
51.04145861,0.04106202792401007
51.0414834,0.020782787823300525
51.05857968,0.025482566567483024
51.05867314,0.043595025558861675
51.05874372,0.029068436713206684
51.06279492,0.0328374151216907
51.06283355,0.0597085526817731
51.08343244,0.05154497596704051
51.08346033,0.03860532539864195
51.0864284,0.048889906157015335
51.08647656,0.036575875486381325
51.09145689,0.01696803234912642
51.09150577,0.034821087968261236
51.10558033,0.03761348897535668
51.10568285,0.016571297779812314
51.11343527,0.028763256275272753
51.11348867,0.03939879453727016
51.13752151,0.018814373998626687
51.13762641,0.0238803692683299
51.1376822,0.04046692607003891
51.14048672,0.022415503166247044
51.1405592,0.01936369878690776
51.14844799,0.04040588998245213
51.14852095,0.028412298771648737
51.16050291,0.017547875181200885
51.16057515,0.03790341039139391
51.17351389,0.03221179522392614
51.17358541,0.015106431677729458
51.17363095,0.028305485618371862
51.18755817,0.039673456931410694
51.18762922,0.018997482261387044
51.20163751,0.023605706874189364
51.20170546,0.04060425726710918
51.20174313,0.023025864042114902
51.20178223,0.01991302357518883
51.21647286,0.04080262455176623
51.21653295,0.028046082246128024
51.22256184,0.016479743648432136
51.22263408,0.03755245288776989
51.24649572,0.032532234683756774
51.24657273,0.015259021896696421
51.25144529,0.03300526436255436
51.25149798,0.03671320668345159
51.26298046,0.016556038757915618
51.26310301,0.02917524986648356
51.26456666,0.04089417868314641
51.27250051,0.019729915312428473
51.27257657,0.024414435034714275
51.28144598,0.04206912336919204
51.28150082,0.02418554970626383
51.29561424,0.020752269779507133
51.29571533,0.04168764782177462
51.30852008,0.02970931563286793
51.30860853,0.0187533379110399
51.31745529,0.040039673456931414
51.31751537,0.03562981612878614
51.3234365,0.018707560845349813
51.32348704,0.036957351033798734
51.33044863,0.04074158846417945
51.33645391,0.01982146944380865
51.33650923,0.03204394598306248
51.34644413,0.04351873044937819
51.34649205,0.02243076218814374
51.36142874,0.02681010147249561
51.36146116,0.04419012741283284
51.38541937,0.026337071793698024
51.38544726,0.023193713282978562
51.38547111,0.044846265354390784
51.38549447,0.0315403982604715
51.38551736,0.02072175173571374
51.38554049,0.041992828259708556
51.39642572,0.037750820172426945
51.40342069,0.019958800640878918
51.4034493,0.03761348897535668
51.42741704,0.041794460975051496
51.42744279,0.020691233691920347
51.42746663,0.0328374151216907
51.42749,0.043961242084382395
51.43743324,0.022674906538490882
51.44443107,0.027740901808194093
51.44448686,0.04510566872663462
51.44452834,0.027924010070954453
51.45841908,0.02426184481574731
51.45844555,0.04486152437628748
51.48645496,0.03259327077134356
51.48662567,0.0208896009765774
51.50052643,0.0417792019531548
51.5006268,0.03799496452277409
51.50069046,0.02026398107881285
51.50074124,0.037750820172426945
51.54848123,0.041458762493324176
51.54858279,0.02055390249485008
51.55048585,0.032440680552376595
51.55057669,0.04422064545662623
51.55063295,0.023315785458152133
51.55068493,0.027222095063706417
51.5507338,0.044174868390936144
51.55245042,0.025803006027313648
51.55251122,0.021728847180895704
51.55254841,0.042664225223163196
51.55258179,0.030167086289768826
51.56846857,0.018524452582589456
51.56852412,0.03953612573434043
51.57042909,0.035416189822232394
51.57047606,0.01770046540016785
51.58855057,0.035156786449988556
51.58862376,0.03852903028915847
51.59048009,0.017914091706721598
51.59052873,0.029877164873731595
51.5905664,0.04119935912108034
51.60550094,0.020782787823300525
51.60556078,0.028534370946822308
51.61846042,0.05349813076981765
51.61851907,0.043167772945754176
51.63276958,0.04245059891660945
51.63288999,0.060074769207293814
51.63296533,0.04141298542763409
51.63303018,0.021393148699168384
51.64247775,0.03855954833295186
51.6425488,0.03430228122377356
51.65548563,0.017715724422064545
51.6555407,0.03466849774929427
51.6754241,0.037369344625009536
51.67545271,0.016449225604638743
51.67547655,0.027557793545433737
51.69062257,0.039795529106584265
51.6907258,0.019333180743114367
51.69080138,0.022873273823147935
51.69087076,0.04127565423056382
51.70542979,0.024292362859540704
51.70545816,0.019958800640878918
51.71148109,0.040497444113832305
51.71153975,0.02981612878614481
51.73548508,0.018524452582589456
51.73553514,0.03872739757381552
51.73557091,0.034607461661707486
51.7454474,0.017334248874647136
51.74548459,0.0345464255741207
51.75541162,0.038574807354848556
51.76046491,0.0183413443198291
51.76054287,0.029953459983215077
51.76697111,0.04164187075608453
51.7671206,0.021271076523994813
51.78044796,0.024322880903334097
51.78052783,0.04173342488746471
51.80348682,0.024612802319371328
51.80367327,0.019684138246738384
51.80374575,0.040161745632104985
51.80545163,0.029739833676661324
51.80550265,0.018204013122758832
51.81344581,0.03851377126726177
51.81350207,0.034821087968261236
51.82247806,0.017425803006027314
51.82257128,0.03451590753032731
51.83649683,0.03936827649347677
51.83655882,0.018692301823453116
51.86044812,0.029785610742351417
51.86051178,0.042755779354543375
51.8605628,0.02288853284504463
51.86061311,0.026428625925078202
51.8624177,0.04406805523765927
51.8714788,0.02725261310749981
51.87152839,0.023361562523842222
51.89048243,0.04377813382162203
51.89053655,0.03292896925307088
51.89057803,0.020798046845197222
51.89061785,0.040039673456931414
51.91547251,0.03656061646448463
51.91553092,0.019684138246738384
51.91557598,0.03665217059586481
51.9156158,0.04103150988021668
51.92558599,0.020904859998474096
51.92569065,0.03219653620202945
51.92576718,0.044205386434729536
51.94151807,0.024155031662470437
51.9415946,0.027191577019913024
51.94643855,0.044800488288700695
51.94649172,0.027878233005264364
51.97164059,0.023514152742809186
51.97175407,0.04415960936903945
51.98750138,0.03321889066910811
51.98755693,0.021042191195544367
51.98759937,0.04101625085831998
51.98763943,0.03778133821622034
52.01150441,0.02050812542915999
52.01156402,0.037415121690699625
52.01160717,0.04214541847867552
52.01164746,0.021499961852445258
52.01168799,0.032120241092545965
52.01172709,0.043961242084382395
52.01176572,0.02362096589608606
52.02646661,0.02758831158922713
52.02649641,0.04571602960250248
52.05347061,0.028763256275272753
52.05350852,0.02374303807125963
52.05353951,0.04486152437628748
52.05356908,0.0345464255741207
52.05359817,0.021423666742961776
52.06146383,0.04165712977798123
52.06151152,0.0396429388876173
52.07044911,0.021759365224689096
52.07047963,0.03820859082932784
52.08344531,0.043213550011444266
52.08348131,0.022034027618829635
52.097471,0.03263904783703365
52.1114316,0.04505989166094453
52.11149383,0.024536507209887846
52.11153746,0.02618448157473106
52.11157775,0.044373235675593196
52.1214323,0.027618829633020522
52.12150168,0.022705424582284275
52.12846565,0.042420080872816054
52.14157581,0.03237964446478981
52.14165354,0.020019836728465707
52.14169168,0.03952086671244373
52.15545177,0.03633173113603418
52.15548563,0.018097199969481958
52.16345501,0.0354009308003357
52.16556048,0.04081788357366293
52.16563964,0.019623102159151598
52.16569519,0.03039597161821927
52.17843652,0.042923628595407035
52.19147158,0.023422598611429007
52.19155169,0.02877851529716945
52.19160724,0.0520485236896315
52.20667267,0.04090943770504311
52.20678401,0.03985656519417105
52.22050667,0.060318913557640956
52.22058368,0.04386968795300221
52.23385978,0.022705424582284275
52.23393178,0.03872739757381552
52.23998356,0.03576714732585641
52.24010706,0.01846341649500267
52.24751401,0.03393606469825284
52.24759889,0.03843747615777829
52.25646973,0.018310826276035707
52.25653267,0.029022659647516595
52.26345897,0.041458762493324176
52.30783081,0.021179522392614634
52.30796289,0.023437857633325704
52.30799937,0.041840238040741586
52.30803657,0.025604638742656595
52.30806947,0.01986724650949874
52.30810285,0.04046692607003891
52.30814743,0.03039597161821927
52.30817962,0.01770046540016785
52.31547666,0.03805600061036087
52.31553531,0.03584344243533989
52.32848358,0.017303730830853743
52.3285377,0.0336919203479057
52.33555841,0.039673456931410694
52.34351134,0.01901274128328374
52.34357071,0.028931105516136417
52.35750532,0.041962310215915156
52.35756469,0.021637293049515526
52.35761046,0.02423132677195392
52.35765195,0.042328526741435876
52.3824532,0.025268940260929275
52.38248158,0.019851987487602044
52.38250518,0.040665293354695965
52.38252878,0.03039597161821927
52.385427,0.01760891126878767
52.38545203,0.03799496452277409
52.39845347,0.035202563515678645
52.4124465,0.017059586480506598
52.41247177,0.03379873350118257
52.42145014,0.03939879453727016
52.42147493,0.019256885633630885
52.42643929,0.02954146639200427
52.42646432,0.04257267109178302
52.43544817,0.022613870450904097
52.44947839,0.025192645151445793
52.44955873,0.04415960936903945
52.44961572,0.027862973983367668
52.47245693,0.022446021210040436
52.47248387,0.043259327077134355
52.47250819,0.033035782406347754
52.47253108,0.019882505531395436
52.48244691,0.041458762493324176
52.48252773,0.03904783703364614
52.49145842,0.02009613183794919
52.49153733,0.03613336385137713
52.50605035,0.042038605325398645
52.50617409,0.02119478141451133
52.5144906,0.030930037384603648
52.51459622,0.044510566872663464
52.53743124,0.024200808728160526
52.53748989,0.025818265049210344
52.53753233,0.04423590447852293
52.56244135,0.028046082246128024
52.56249833,0.022247653925383384
52.56254172,0.04345769436179141
52.56258202,0.033783474479285876
52.57144475,0.0200503547722591
52.57149482,0.04013122758831159
52.57153702,0.03814755474174106
52.57157779,0.019424734874494545
52.59645319,0.036087586785687034
52.59652972,0.042084382391088734
52.59658289,0.020950637064164186
52.596632,0.030457007705806057
52.59668255,0.04409857328145266
52.60647511,0.024170290684367133
52.60654783,0.026382848859388113
52.61546946,0.04507515068284123
52.61553025,0.028259708552681773
52.62344956,0.022247653925383384
52.62350583,0.04402227817196918
52.63752413,0.0349736781872282
52.63759565,0.021377889677271687
52.65246105,0.040833142595559625
52.65251279,0.0383764400701915
52.66546965,0.01977569237811856
52.66552162,0.03588921950102998
52.66556287,0.0426489662012665
52.66560268,0.02157625696192874
52.66564178,0.03039597161821927
52.68046546,0.04351873044937819
52.68052483,0.023224231326771955
52.69348216,0.023773556115053024
52.69353843,0.04238956282902266
52.70043612,0.02618448157473106
52.70047235,0.01936369878690776
52.72349977,0.039917601281757836
52.72355723,0.030304417486839094
52.72359896,0.016861219195849545
52.72363925,0.03747615777828641
52.72367883,0.035919737544823374
52.74047494,0.016784924086366063
52.74052048,0.03262378881513695
52.75242543,0.03852903028915847
52.75245357,0.018112458991378654
52.7524786,0.029022659647516595
52.7774725,0.0469062333104448
52.7775414,0.03295948729686427
52.77758694,0.039581902800030516
52.77763629,0.060914015411612114
52.79250956,0.04327458609903105
52.792588,0.02691691462577249
52.7926445,0.04086366063935302
52.80771232,0.030243381399252308
52.80782604,0.017090104524299994
52.81347656,0.03643854428931106
52.81352973,0.034363317311360345
52.81356144,0.015075913633936065
52.83756113,0.025772487983520255
52.83758998,0.03955138475623712
52.83761358,0.01974517433432517
52.83763599,0.021728847180895704
52.84746408,0.04084840161745632
52.84749508,0.025177386129549097
52.8564291,0.0187533379110399
52.85645866,0.03909361409933623
52.87147546,0.029694056610971235
52.87153435,0.016525520714122225
52.88646674,0.03576714732585641
52.88652921,0.03459220263981079
52.88657188,0.01602197299153124
52.89850545,0.03143358510719463
52.90778613,0.03826962691691463
52.90796304,0.017639429312581063
52.91546583,0.026749065384908826
52.91554523,0.04034485389486534
52.92851615,0.020874341954680704
52.9286232,0.022156099794003205
52.93047047,0.0405279621576257
52.93701434,0.02494850080109865
52.93713832,0.01808194094758526
52.95153022,0.038956282902265965
52.95160937,0.029449912260624093
52.96356654,0.015747310597390707
52.96366858,0.03552300297550927
52.97105527,0.034042877851529714
52.97117853,0.015503166247043565
52.97953367,0.031952391851682305
52.97962046,0.039078355077439536
52.99252009,0.018020904859998473
52.99259233,0.026825360494392308
52.99264741,0.04182497901884489
53.01248288,0.02221713588158999
53.01253104,0.02323949034866865
53.02649117,0.041992828259708556
53.02654529,0.026459143968871595
53.02658749,0.020248722056916153
53.0266273,0.04168764782177462
53.03662682,0.03262378881513695
53.03672719,0.018524452582589456
53.04553652,0.038117036697947665
53.04562616,0.03706416418707561
53.05850768,0.018860151064316776
53.05856633,0.034363317311360345
53.07252932,0.0409399557488365
53.08647132,0.020065613794155796
53.08653378,0.029068436713206684
53.08657861,0.04310673685816739
53.08661938,0.023422598611429007
53.09647131,0.025055313954375526
53.09652233,0.04469367513542382
53.10592198,0.029221026932173648
53.10604763,0.02197299153124285
53.11850667,0.04245059891660945
53.11859035,0.033661402304112305
53.13251972,0.020065613794155796
53.13257337,0.039505607690547034
53.13261557,0.03875791561760891
53.1464591,0.020141908903639278
53.14649677,0.035385671778439
53.14653015,0.04228274967574579
53.1614449,0.021606775005722133
53.16152358,0.029877164873731595
53.16157961,0.04428168154421302
53.16745806,0.02456702525368124
53.16749406,0.02561989776455329
53.18441653,0.04428168154421302
53.20567417,0.0294193942168307
53.2057848,0.021988250553139545
53.20586276,0.04252689402609293
53.20593524,0.034363317311360345
53.20600486,0.02050812542915999
53.21555519,0.04034485389486534
53.21564674,0.03961242084382391
53.22848225,0.019836728465705347
53.22853971,0.03468375677119097
53.23545551,0.042298008697642483
53.23550367,0.021484702830548562
53.25745201,0.029388876173037308
53.25750923,0.043137254901960784
53.27147818,0.022735942626077667
53.27153707,0.02288853284504463
53.27157784,0.04170290684367132
53.28346491,0.026581216144045166
53.28354216,0.0191958495460441
53.28358388,0.03993286030365453
53.28362298,0.03129625391012436
53.29742885,0.017349507896543832
53.29747772,0.03698786907759213
53.30245423,0.03601129167620355
53.30251122,0.016784924086366063
53.31646347,0.03181506065461204
53.31652045,0.03949034866865034
53.33047628,0.01846341649500267
53.33053446,0.02703898680094606
53.33058238,0.043076218814374
53.34367609,0.02766460669871061
53.34378743,0.034271763179980166
53.34647131,0.05772487983520257
53.3465178,0.04641794460975052
53.35950041,0.0336919203479057
53.35955453,0.04512092774853132
53.36849594,0.031448844129091325
53.36854339,0.015930418860151063
53.38147092,0.03595025558861677
53.38152575,0.03494316014343481
53.39543462,0.014358739604791332
53.39547992,0.024078736552986955
53.39551997,0.03939879453727016
53.40349364,0.019760433356221865
53.40355325,0.02009613183794919
53.41749954,0.03936827649347677
53.41755986,0.02392614633401999
53.42347789,0.016739147020675974
53.4235487,0.03820859082932784
53.44746518,0.029221026932173648
53.44752932,0.01458762493324178
53.44758415,0.029846646829938202
53.44763589,0.03808651865415427
53.46245885,0.01654077973601892
53.46252131,0.025055313954375526
53.46257591,0.04019226367589838
53.47152996,0.020706492713817044
53.47162271,0.020691233691920347
53.48046327,0.03978027008468757
53.48053551,0.02485694666971847
53.49343038,0.017181658655680172
53.49348164,0.038239108873121236
53.50752831,0.029358358129243915
53.5075798,0.014373998626688029
53.52244163,0.0298619058518349
53.5224998,0.03805600061036087
53.52254128,0.017257953765163654
53.52258182,0.025558861676966506
53.52543306,0.0400854505226215
53.5384438,0.020233463035019456
53.53850007,0.021667811093308918
53.54545188,0.04173342488746471
53.54549861,0.026459143968871595
53.5684464,0.018982223239490347
53.56849742,0.04013122758831159
53.57545495,0.031830319676508734
53.57550359,0.01696803234912642
53.58850551,0.037247272449835965
53.58855987,0.03764400701915007
53.5886035,0.018524452582589456
53.58864379,0.033493553063248645
53.58868408,0.04217593652246891
53.60349512,0.021759365224689096
53.6035428,0.03010605020218204
53.61744666,0.04466315709163043
53.61748576,0.024628061341268024
53.63157439,0.025009536888685437
53.63164592,0.04486152437628748
53.64578843,0.029922941939421684
53.64591265,0.022186617837796598
53.64598918,0.042710002288853285
53.64605904,0.035156786449988556
53.66049838,0.0200503547722591
53.66057539,0.03938353551537346
53.66062021,0.040039673456931414
53.67944479,0.020630197604333562
53.6794858,0.035202563515678645
53.68845606,0.042969405661097124
53.68851233,0.021683070115205615
53.71249509,0.029907682917524988
53.7125504,0.04536507209887846
53.72545171,0.025680933852140077
53.72549891,0.025818265049210344
53.7255342,0.04550240329594873
53.72556686,0.03002975509269856
53.73850346,0.021850919356069275
53.73857427,0.042969405661097124
53.74046516,0.03533989471274891
53.74054527,0.020187685969329367
53.7534287,0.03973449301899748
53.75349593,0.039505607690547034
53.7674377,0.02029449912260624
53.76749277,0.03509575036240177
53.77341771,0.04383916990920882
53.77348423,0.02299534599832151
53.78050995,0.03022812237735561
53.78058958,0.04545662623025864
53.7884419,0.02618448157473106
53.78850222,0.026489662012664988
53.79343534,0.04628061341268025
53.80853963,0.03091477836270695
53.80861354,0.022613870450904097
53.82244873,0.04362554360265507
53.82250977,0.03585870145723659
53.82844067,0.02043183031967651
53.82849717,0.03854428931105516
53.83843827,0.03831540398260472
53.83849001,0.018616006713969634
53.84650803,0.0332494087129015
53.84656787,0.041000991836423285
53.86046672,0.01998931868467231
53.86053014,0.027878233005264364
53.86057425,0.042664225223163196
53.88746738,0.023025864042114902
53.88753009,0.022354467078660258
53.88757586,0.042038605325398645
53.88761663,0.027618829633020522
53.89043713,0.019134813458457314
53.89048791,0.03997863736934462
53.90443182,0.03266956588082704
53.90447927,0.017456321049820707
53.9174397,0.03808651865415427
53.91748738,0.041962310215915156
53.93145704,0.02789349202716106
53.93153715,0.048340581368734266
53.93159294,0.060364690623331045
53.94556189,0.03764400701915007
53.9456346,0.03543144884412909
53.95044708,0.04344243533989471
53.95049906,0.022537575341420615
53.95849729,0.022018768596932938
53.95853972,0.041840238040741586
53.96745276,0.02589456015869383
53.96747899,0.016311894407568476
53.97646284,0.03765926604104677
53.97648835,0.030350194552529183
54.00446582,0.015030136568245976
54.00450444,0.02981612878614481
54.00453544,0.03894102388036927
54.02550268,0.017334248874647136
54.02557659,0.0251621271076524
54.02562118,0.04019226367589838
54.02571058,0.022156099794003205
54.04045343,0.020996414129854278
54.040483,0.04055848020141909
54.04746652,0.026092927443350882
54.04750896,0.017624170290684367
54.0564599,0.03863584344243534
54.05651975,0.031570916304264895
54.05656981,0.015960936903944456
54.05661178,0.0349736781872282
54.07045865,0.03620965896086061
54.08346868,0.016571297779812314
54.08351088,0.030258640421149004
54.08542252,0.03904783703364614
54.08545041,0.018188754100862136
54.09843898,0.025146868085755704
54.10141468,0.04065003433279927
54.1014688,0.021759365224689096
54.101511,0.020447089341573205
54.11387205,0.03985656519417105
54.11390948,0.026077668421454186
54.13244653,0.017883573662928205
54.13248348,0.03877317463950561
54.14804244,0.03143358510719463
54.14821124,0.015381094071869994
54.14829016,0.03546196688792248
54.14836025,0.037293049515526054
54.1624527,0.017914091706721598
54.16251445,0.0319829098954757
54.16646743,0.041428244449530784
54.16652083,0.020752269779507133
54.18091106,0.027344167238879988
54.18105006,0.043137254901960784
54.20365953,0.024795910582131684
54.20373797,0.024002441443503473
54.20378137,0.043335622186617836
54.20382237,0.029190508888380255
54.20386195,0.020630197604333562
54.21348619,0.04174868390936141
54.21354198,0.034866865033951325
54.2274425,0.019165331502250707
54.22750044,0.03784237430380712
54.23343325,0.03877317463950561
54.23348117,0.019134813458457314
54.24806142,0.033035782406347754
54.24821305,0.041626611734187836
54.26249719,0.021057450217441064
54.26257205,0.027481498435950255
54.26844811,0.04365606164644846
54.27345371,0.025818265049210344
54.27350068,0.024780651560234988
54.28259683,0.04444953078507668
54.28273511,0.030212863355458915
54.29744887,0.02145418478675517
54.29750872,0.042160677500572216
54.3054378,0.03543144884412909
54.30549288,0.019623102159151598
54.31851125,0.03790341039139391
54.31858039,0.03920042725261311
54.33344698,0.01969939726863508
54.3335073,0.0332494087129015
54.3335526,0.04231326771953918
54.33543229,0.021515220874341955
54.33548379,0.02801556420233463
54.34846425,0.04383916990920882
54.34852672,0.0247348744945449
54.3574512,0.023147936217288473
54.35748792,0.043427176317998015
54.3814652,0.029968719005111773
54.38149071,0.021255817502098116
54.38151383,0.04211490043488213
54.38153672,0.03547722590981918
54.38841724,0.01936369878690776
54.38844228,0.038956282902265965
54.39541769,0.041092545967803464
54.40343785,0.02093537804226749
54.41750622,0.033234149691004806
54.41765022,0.04312199588006409
54.41768193,0.02333104448004883
54.43143225,0.02981612878614481
54.43145823,0.04443427176317998
54.45543361,0.024872205691615166
54.45545983,0.022980086976424813
54.45548344,0.042999923704890516
54.4555068,0.029694056610971235
54.46545601,0.020065613794155796
54.46549463,0.03976501106279087
54.46552682,0.033875028610666054
54.47345161,0.018066681925688565
54.48267531,0.03613336385137713
54.48278737,0.03784237430380712
54.48288131,0.01846341649500267
54.50643587,0.031616693369954985
54.50646448,0.04113832303349355
54.53151989,0.020569161516746776
54.53157926,0.027054245822842757
54.53162408,0.043335622186617836
54.53166485,0.026855878538185704
54.53170443,0.02908369573510338
54.531744,0.05514610513466087
54.5344584,0.04811169604028382
54.53451085,0.03903257801174945
54.56148624,0.05304036011291676
54.56156421,0.03830014496070802
54.5616107,0.017883573662928205
54.56165338,0.03585870145723659
54.57654929,0.038040741588464176
54.57662201,0.017853055619134812
54.57668209,0.02946517128252079
54.57673764,0.03915465018692302
54.60149407,0.018204013122758832
54.60155344,0.024246585793850615
54.60159874,0.04089417868314641
54.60347128,0.022781719691767757
54.60351706,0.020691233691920347
54.62749004,0.04107728694590677
54.62755084,0.0277103837644007
54.62759781,0.017883573662928205
54.62764215,0.0383764400701915
54.63748837,0.03271534294651713
54.63754725,0.017669947356374456
54.64363408,0.03573662928206302
54.64374948,0.03665217059586481
54.65745401,0.016998550392919812
54.65751386,0.030121309224078737
54.65755844,0.04029907682917525
54.67249227,0.01986724650949874
54.67254257,0.02504005493247883
54.68756557,0.04106202792401007
54.68763709,0.022873273823147935
54.69547105,0.02017242694743267
54.69552946,0.04013122758831159
54.70043612,0.027389944304570077
54.70047307,0.017639429312581063
54.71345925,0.03738460364690623
54.71349621,0.03158617532616159
54.72246695,0.016266117341878387
54.72252631,0.034195468070496685
54.7314446,0.03620965896086061
54.7564249,0.01675440604257267
54.75645185,0.029114213778896773
54.76642251,0.03968871595330739
54.77857018,0.019714656290531776
54.77865076,0.025467307545586328
54.77870679,0.04202334630350195
54.77875757,0.023804074158846417
54.79345107,0.02169832913710231
54.7935183,0.04205386434729534
54.806566,0.02937361715114061
54.80664706,0.019211108567940796
54.80670428,0.03973449301899748
54.82055449,0.03430228122377356
54.8206501,0.01794460975051499
54.82069707,0.03631647211413749
54.82073998,0.0388189517051957
54.83348775,0.0191958495460441
54.83357358,0.03179980163271534
54.83546853,0.0422369726100557
54.83554077,0.021896696421759364
54.84661055,0.02784771496147097
54.84668612,0.04449530785076677
54.85345793,0.026031891355764097
54.85352802,0.023895628290226595
54.87749863,0.044129091325246055
54.87754893,0.03131151293202106
54.87758541,0.02124055848020142
54.88747621,0.04174868390936141
54.88752508,0.03649958037689784
54.89243269,0.019470511940184634
54.89248562,0.03781185626001373
54.90149856,0.040375371938658734
54.90155077,0.020279240100709545
54.91599941,0.03309681849393454
54.91612482,0.043640802624551764
54.92050672,0.022674906538490882
54.92057514,0.027618829633020522
54.93348026,0.04397650110627909
54.94767165,0.02594033722438392
54.94778037,0.02362096589608606
54.95649338,0.043640802624551764
54.95656848,0.031280994888227664
54.95661235,0.02119478141451133
54.95665336,0.04151979858091096
54.96648645,0.03607232776379034
54.96653461,0.019928282597085525
54.98087907,0.03778133821622034
54.98097968,0.041046768902113374
54.99352121,0.02124055848020142
54.99359751,0.03414969100480659
55.00249267,0.0452124818799115
55.0165267,0.024048218509193562
55.01660633,0.028534370946822308
55.0166564,0.044800488288700695
55.01669765,0.028030823224231328
55.02647281,0.025055313954375526
55.02652955,0.0439002059967956
55.03548455,0.03036545357442588
55.03553462,0.019562066071564813
55.04851365,0.03952086671244373
55.04854965,0.03396658274204623
55.06245565,0.017425803006027314
55.06251192,0.03543144884412909
55.07648945,0.03814755474174106
55.08648348,0.018310826276035707
55.08653688,0.030807965209430077
55.0984199,0.041336690318150605
55.09844542,0.0200503547722591
55.09846854,0.025696192874036773
55.10546613,0.04339665827420462
55.10554576,0.02554360265506981
55.10560083,0.02186617837796597
55.1184659,0.04298466468299382
55.11850643,0.033783474479285876
55.13543057,0.029098954757000077
55.13546181,0.05493247882810712
55.15662336,0.053971160448615246
55.15676546,0.03390554665445945
55.15685725,0.0430609597924773
55.15694022,0.039673456931410694
55.15700865,0.017669947356374456
55.15706015,0.029724574654764628
55.16946745,0.040451667048142216
55.16953182,0.01965362020294499
55.19246149,0.02392614633401999
55.19251633,0.04025329976348516
55.19256878,0.02294956893263142
55.19260406,0.01977569237811856
55.19263697,0.040115968566414896
55.20246673,0.027618829633020522
55.20252085,0.0162050812542916
55.21650648,0.0366826886396582
55.21655393,0.032730601968413826
55.22652721,0.016495002670328832
55.22660685,0.033875028610666054
55.23951459,0.03714045929655909
55.23956466,0.016998550392919812
55.25255156,0.02835126268406195
55.25260115,0.03932249942778668
55.26149893,0.01931792172121767
55.26157284,0.023849851224536506
55.26161695,0.040833142595559625
55.27052712,0.023437857633325704
55.27063751,0.020401312275883116
55.28457117,0.04046692607003891
55.2846427,0.028625925078202486
55.29350972,0.017471580071717403
55.29364061,0.03671320668345159
55.30751014,0.032166018158236054
55.30756545,0.015762569619287403
55.32151318,0.03384451056687266
55.32156181,0.037628747997253374
55.3255043,0.017380025940337225
55.32558918,0.029266803997863737
55.33051252,0.04110780498970016
55.33952951,0.020569161516746776
55.33958197,0.024002441443503473
55.35262823,0.040955214770733196
55.35269928,0.024872205691615166
55.36550522,0.02157625696192874
55.36554599,0.041382467383840695
55.37885714,0.02920576791027695
55.37889576,0.018829633020523383
55.37892818,0.03987182421606775
55.37895799,0.03555352101930266
55.38845563,0.0187533379110399
55.3884809,0.036575875486381325
55.39347339,0.03993286030365453
55.40746355,0.020019836728465707
55.40748978,0.031830319676508734
55.41251707,0.042633707179369804
55.41255283,0.022400244144350347
55.43643808,0.02681010147249561
55.43646407,0.0439459830624857
55.43648815,0.026764324406805522
55.43651152,0.024109254596780347
55.44642854,0.04362554360265507
55.446455,0.031738765545128556
55.46251082,0.02162203402761883
55.46256828,0.042206454566262305
55.47046471,0.03701838712138552
55.4705255,0.0200503547722591
55.49348092,0.037247272449835965
55.493536,0.040543221179522394
55.49844337,0.020874341954680704
55.49851179,0.03254749370565347
55.50545073,0.04460212100404364
55.50552392,0.023559929808499275
55.51649332,0.028076600289921417
55.51657319,0.04565499351491569
55.5166285,0.028885328450446328
55.51667905,0.024322880903334097
55.52643371,0.04531929503318837
55.54044747,0.03390554665445945
55.54051995,0.020965896086060882
55.55345345,0.04113832303349355
55.55350208,0.037628747997253374
55.56644893,0.020798046845197222
55.56650639,0.03836118104829481
55.56655002,0.04226749065384909
55.56659126,0.02252231631952392
55.57646322,0.033707179369802394
55.57653737,0.046677347981994355
55.59049439,0.026123445487144275
55.59056544,0.02975509269855802
55.5906198,0.04678416113527123
55.61549187,0.029053177691309988
55.61556363,0.024200808728160526
55.61745548,0.04455634393835355
55.61750293,0.033371480888075074
55.62364984,0.020996414129854278
55.62372518,0.040207522697795074
55.63246131,0.03556878004119936
55.63251758,0.01824979018844892
55.64649081,0.03533989471274891
55.64653945,0.03869687953002213
55.65554786,0.018280308232242314
55.65561843,0.029495689326314183
55.6784935,0.04119935912108034
55.68046808,0.0208896009765774
55.68051744,0.024658579385061417
55.68055844,0.042298008697642483
55.68059778,0.02459754329747463
55.69647002,0.020462348363469902
55.69652891,0.04080262455176623
55.70045829,0.029358358129243915
55.70051384,0.018707560845349813
55.71445107,0.04245059891660945
55.71450591,0.04487678339818418
55.72746253,0.03254749370565347
55.72750998,0.052765697718776226
55.74142861,0.053696498054474705
55.74145794,0.024719615472648202
55.74148393,0.029571984435797664
55.77048516,0.03944457160296025
55.77054501,0.019470511940184634
55.77058768,0.023422598611429007
55.77062702,0.040161745632104985
55.77066588,0.021881437399862667
55.77070785,0.017303730830853743
55.782444,0.03826962691691463
55.78249502,0.027283131151293202
55.81150556,0.015640497444113832
55.81156349,0.03595025558861677
55.81160665,0.032532234683756774
55.8116405,0.014923323414969101
55.81342959,0.026886396581979097
55.81348133,0.039169909208819714
55.81351495,0.020019836728465707
55.82249522,0.022903791866941327
55.82253098,0.03968871595330739
55.83641982,0.023315785458152133
55.84644914,0.020065613794155796
55.84652305,0.03982604715037766
55.86845016,0.027618829633020522
55.86851954,0.015915159838254367
55.86855841,0.035416189822232394
55.87042999,0.03170824750133516
55.87046027,0.014297703517204547
55.87049341,0.027054245822842757
55.88943481,0.03859006637674525
55.88946104,0.01850919356069276
55.88948441,0.02162203402761883
55.88950777,0.03904783703364614
55.90348339,0.022232394903486687
55.90355039,0.01777676050965133
55.91743422,0.03842221713588159
55.91745973,0.02746623941405356
55.93143249,0.015701533531700618
55.93145776,0.03613336385137713
55.9314816,0.03312733653772793
55.93150449,0.016006713969634545
55.94649053,0.032318608377203024
55.94656992,0.03765926604104677
55.96048617,0.017517357137407492
55.96054983,0.027832455939574275
55.97348285,0.04107728694590677
55.97355747,0.021393148699168384
55.98247313,0.02383459220263981
55.98254657,0.04180971999694819
55.98848987,0.026001373311970704
55.98856235,0.021774624246585793
55.99545431,0.04194705119401846
56.00346065,0.03141832608529793
56.00353456,0.019165331502250707
56.01751351,0.03955138475623712
56.01758623,0.03654535744258793
56.04248905,0.018738078889143205
56.04255104,0.03527885862516213
56.05550647,0.03985656519417105
56.05557227,0.01965362020294499
56.05562353,0.030304417486839094
56.05567527,0.04339665827420462
56.06447887,0.023468375677119097
56.06453586,0.027115281910429542
56.06457973,0.04399176012817579
56.07645082,0.02746623941405356
56.07650518,0.02294956893263142
56.0884378,0.043961242084382395
56.08848476,0.03334096284428168
56.1034658,0.02093537804226749
56.10352874,0.040619516289005876
56.12043953,0.03759822995345998
56.12049079,0.019958800640878918
56.12053204,0.0362554360265507
56.12057304,0.041260395208667124
56.12061286,0.020782787823300525
56.12065148,0.03146410315098802
56.12069035,0.04411383230334936
56.13545942,0.02392614633401999
56.13551497,0.0268711375600824
56.15871787,0.04565499351491569
56.15881801,0.02925154497596704
56.15886283,0.023804074158846417
56.15889764,0.044174868390936144
56.16846561,0.03405813687342641
56.16850281,0.022034027618829635
56.18243265,0.04205386434729534
56.18245721,0.03886472877088579
56.18643451,0.021713588158999007
56.18645954,0.03871213855191882
56.1954391,0.04240482185091936
56.20844746,0.02076752880140383
56.2226181,0.030807965209430077
56.22273016,0.04449530785076677
56.22282696,0.023422598611429007
56.22289515,0.02525368123903258
56.23245573,0.042664225223163196
56.23252082,0.02610818646524758
56.24649763,0.019958800640878918
56.24655485,0.04072632944228275
56.2555635,0.03044174868390936
56.25564265,0.01850919356069276
56.26344895,0.03872739757381552
56.28750563,0.03546196688792248
56.28756356,0.01765468833447776
56.28760695,0.03485160601205463
56.28764677,0.04022278171969177
56.29048085,0.02055390249485008
56.29054403,0.030457007705806057
56.30451846,0.04464789806973373
56.30457735,0.02716105897611963
56.31050229,0.03578240634775311
56.3105514,0.0597238117036698
56.32352519,0.047928587777523464
56.32358503,0.03822384985122454
56.33251858,0.049652857251850153
56.35658383,0.03224231326771954
56.35665631,0.017547875181200885
56.35671115,0.03851377126726177
56.35676265,0.03605706874189364
56.35856438,0.01710536354619669
56.35861278,0.03262378881513695
56.37252736,0.038666361486228734
56.37258339,0.01812771801327535
56.37262774,0.027832455939574275
56.37266922,0.04007019150072481
56.39853477,0.02076752880140383
56.39859271,0.02349889372091249
56.39863396,0.041763942931258104
56.41250682,0.024963759822995348
56.41256595,0.019470511940184634
56.41261387,0.03904783703364614
56.41265464,0.03065537499046311
56.42557168,0.017837796597238116
56.42567039,0.03747615777828641
56.43949533,0.03527885862516213
56.43955207,0.01701380941481651
56.45246196,0.033203631647211414
56.45251203,0.03848325322346838
56.47651958,0.017593652246890974
56.47660851,0.027862973983367668
56.47667933,0.041260395208667124
56.4767313,0.020965896086060882
56.47678065,0.023025864042114902
56.49157763,0.04127565423056382
56.49164963,0.025696192874036773
56.49170613,0.019211108567940796
56.49179363,0.039795529106584265
56.50151134,0.0311284046692607
56.50157166,0.0174868390936141
56.52551484,0.03747615777828641
56.52558613,0.03512626840619516
56.52564049,0.0174868390936141
56.52569175,0.03375295643549248
56.52574182,0.039673456931410694
56.54045558,0.019256885633630885
56.54048848,0.029922941939421684
56.54543185,0.042328526741435876
56.55855536,0.023086900129701687
56.55871391,0.025635156786449988
56.56750655,0.044129091325246055
56.56763053,0.027771419851987486
56.59149551,0.02169832913710231
56.59157419,0.04213015945677882
56.59162998,0.032990005340657665
56.59168124,0.020141908903639278
56.59173083,0.03970397497520409
56.60147023,0.03617914091706722
56.6015358,0.019501029983978027
56.61546874,0.03550774395361257
56.61552095,0.04130617227435721
56.62345862,0.020904859998474096
56.62350965,0.030746929121843288
56.64751935,0.04438849469748989
56.64759517,0.024963759822995348
56.64763117,0.02597085526817731
56.64766526,0.04327458609903105
56.66248441,0.027283131151293202
56.66253543,0.021805142290379186
56.66257668,0.04278629739833677
56.67247415,0.03318837262531472
56.67252183,0.01943999389639124
56.68147492,0.03909361409933623
56.68152809,0.03733882658121614
56.69548798,0.01931792172121767
56.69554853,0.03543144884412909
56.70853686,0.041290913252460516
56.70861554,0.020080872816052493
56.71753383,0.029617761501487753
56.71761012,0.04286259250782025
56.72250104,0.02354467078660258
56.72257423,0.02594033722438392
56.72850847,0.04452582589456016
56.73551583,0.02832074464026856
56.73558927,0.02214084077210651
56.74849534,0.04214541847867552
56.74855566,0.03262378881513695
56.76251936,0.01986724650949874
56.7625916,0.0401007095445182
56.77653241,0.03875791561760891
56.77660346,0.020752269779507133
56.77665806,0.03701838712138552
56.77670956,0.04277103837644007
56.78645778,0.02252231631952392
56.78651738,0.0319829098954757
56.79544258,0.04499885557335775
56.80548072,0.025467307545586328
56.80552912,0.027008468757152668
56.8184464,0.046509498741130695
56.81848717,0.03031967650873579
56.84291553,0.023193713282978562
56.84301353,0.042801556420233464
56.84851265,0.033112077515831236
56.84857368,0.01948577096208133
56.86144686,0.03904783703364614
56.86147809,0.03692683299000534
56.86150646,0.018692301823453116
56.86153293,0.033875028610666054
56.86155891,0.04132143129625391
56.8714819,0.02026398107881285
56.87151241,0.029022659647516595
56.88446832,0.04277103837644007
56.8844986,0.023270008392462044
56.9074688,0.02442969405661097
56.90749598,0.04281681544213016
56.90752101,0.027389944304570077
56.91646409,0.022705424582284275
56.91650963,0.04791332875562677
56.92363906,0.04498359655146105
56.92368913,0.03730830853742275
56.92372918,0.05891508354314488
56.93852711,0.05304036011291676
56.93860579,0.026382848859388113
56.95248604,0.03567559319447623
56.95255136,0.04065003433279927
56.96651745,0.020309758144502938
56.96657562,0.028458075837338826
56.97151446,0.04144350347142748
56.97156286,0.022079804684519724
56.98050833,0.02366674296177615
56.98056579,0.042420080872816054
56.98853087,0.026291294728007935
56.98858023,0.01965362020294499
56.99053836,0.039749752040894176
57.00350976,0.031097886625467308
57.00358367,0.01786831464103151
57.02750444,0.037369344625009536
57.02757692,0.03562981612878614
57.02763319,0.016891737239642938
57.02768326,0.032867933165484094
57.0355022,0.039505607690547034
57.03558159,0.018570229648279545
57.04550147,0.027222095063706417
57.04557252,0.04080262455176623
57.05750275,0.022186617837796598
57.05757594,0.023697261005569542
57.06850123,0.041626611734187836
57.09351945,0.025925078202487222
57.09359407,0.01879911497672999
57.09547114,0.03904783703364614
57.0955646,0.029831387808041506
57.09749126,0.017334248874647136
57.09755921,0.036453803311207754
57.10051155,0.03511100938429847
57.10058308,0.01770046540016785
57.11448693,0.03347829404135195
57.11455011,0.04058899824521248
57.13749838,0.019806210421911954
57.1375649,0.029144731822690166
57.1376195,0.04261844815747311
57.14748883,0.023437857633325704
57.14754939,0.02413977264057374
57.15648603,0.04293888761730373
57.15653467,0.028122377355611506
57.1565752,0.021164263370717938
57.15661454,0.04214541847867552
57.17152691,0.03347829404135195
57.17159748,0.01957732509346151
57.18550205,0.040039673456931414
57.1855619,0.038788433661402305
57.19945288,0.018616006713969634
57.1994853,0.03364614328221561
57.19951415,0.041992828259708556
57.22443008,0.02162203402761883
57.2244606,0.030212863355458915
57.22448421,0.043640802624551764
57.23244739,0.024628061341268024
57.23250818,0.025360494392309453
57.24645925,0.04379339284351873
57.24651337,0.028091859311818113
57.25745773,0.021469443808651865
57.25751352,0.04272526131074998
57.26146197,0.034241245136186774
57.26151466,0.01991302357518883
57.27552176,0.040161745632104985
57.27560067,0.039246204318303196
57.27565646,0.020111390859845885
57.29849219,0.035492484931715876
57.29859281,0.04260318913557641
57.3004694,0.022354467078660258
57.30052209,0.03088426031891356
57.30055976,0.04528877698939498
57.3005929,0.025436789501792935
57.31081414,0.025864042114900433
57.31093264,0.04469367513542382
57.33346868,0.030075532158388648
57.33353519,0.023025864042114902
57.33358097,0.042420080872816054
57.33543873,0.03425650415808347
57.33548236,0.020309758144502938
57.34846926,0.03913939116502632
57.34852862,0.038620584420538645
57.36051989,0.01965362020294499
57.36057115,0.034485389486533916
57.36650562,0.04206912336919204
57.36655235,0.0217441062027924
57.38058805,0.03006027313649195
57.38065028,0.04440375371938659
57.40555358,0.024902723735408562
57.40560794,0.025467307545586328
57.40564942,0.044419012741283286
57.41058254,0.02934309910734722
57.4106679,0.02124055848020142
57.41070914,0.04182497901884489
57.41075063,0.03347829404135195
57.42549753,0.01855497062638285
57.42555547,0.03738460364690623
57.43349481,0.03642328526741436
57.43354225,0.017166399633783476
57.44750714,0.03176928358892195
57.4475472,0.03932249942778668
57.46151853,0.018326085297932403
57.46157265,0.027008468757152668
57.46161699,0.04197756923781185
57.47156239,0.023422598611429007
57.47163296,0.02426184481574731
57.48051333,0.042664225223163196
57.48059893,0.026932173647669186
57.49443984,0.019348439765011063
57.49446988,0.04040588998245213
57.51106381,0.03509575036240177
57.51109171,0.02597085526817731
57.52143812,0.05091935606927596
57.52147293,0.05505455100328069
57.5214963,0.03677424277103838
57.52151942,0.04444953078507668
57.52154279,0.043091477836270695
57.536443,0.01812771801327535
57.53646922,0.02618448157473106
57.55043912,0.041046768902113374
57.55849242,0.02111848630502785
57.55857158,0.020416571297779813
57.58246326,0.03904783703364614
57.5825305,0.02423132677195392
57.59646797,0.016662851911192492
57.59652662,0.03717097734035248
57.5965693,0.029190508888380255
57.59660268,0.014953841458762494
57.59664178,0.02958724345769436
57.61247993,0.03717097734035248
57.61250997,0.017059586480506598
57.61942053,0.025955596246280615
57.61947107,0.04084840161745632
57.63246107,0.021484702830548562
57.63251376,0.021316853589684902
57.64747715,0.04031433585107195
57.64755964,0.02583352407110704
57.65342999,0.018707560845349813
57.65348291,0.03904783703364614
57.65843177,0.030426489662012664
57.65849209,0.015930418860151063
57.658535,0.03488212405584802
57.67342854,0.034912642099641414
57.67348528,0.01599145494773785
57.68144321,0.030090791180285344
57.68153906,0.038406958113984896
57.70844507,0.017502098115510796
57.7085681,0.024963759822995348
57.7086277,0.03906309605554284
57.71152163,0.02009613183794919
57.7164526,0.020706492713817044
57.71652555,0.0405279621576257
57.72544169,0.025772487983520255
57.72550631,0.01812771801327535
57.7255466,0.03854428931105516
57.74077964,0.030670634012359806
57.74085355,0.01654077973601892
57.7465024,0.03620965896086061
57.74655652,0.03682001983672847
57.7604444,0.01812771801327535
57.76049829,0.0324254215304799
57.77343988,0.04048218509193561
57.77348828,0.020920119020370793
57.78046846,0.029480430304417486
57.78053093,0.04267948424505989
57.78847694,0.024780651560234988
57.78852367,0.024719615472648202
57.79347801,0.04361028458075837
57.80751657,0.0285648889906157
57.80758905,0.020065613794155796
57.82646132,0.04107728694590677
57.82652211,0.033875028610666054
57.82656574,0.019287403677424278
57.82660604,0.037964446478980694
57.836483,0.037872892347600516
57.83653188,0.019302662699320974
57.84546471,0.034439612420843826
57.84551215,0.04231326771953918
57.85846472,0.022491798275730526
57.85851812,0.0307011520561532
57.8604629,0.04594491493095293
57.87449193,0.02716105897611963
57.87454939,0.027267872129396506
57.88747597,0.046677347981994355
57.88752031,0.03187609674219882
57.90149617,0.024048218509193562
57.90154672,0.04516670481422141
57.90158725,0.03781185626001373
57.90162683,0.02293430991073472
57.91150928,0.04202334630350195
57.9115696,0.04231326771953918
57.9305141,0.023514152742809186
57.93056726,0.03764400701915007
57.9306035,0.04499885557335775
57.9454577,0.02406347753109026
57.94548965,0.032440680552376595
57.95844936,0.04727244983596551
57.96046281,0.028595407034409093
57.96050858,0.027649347676813915
57.96844482,0.046387426565957124
57.96849179,0.03181506065461204
57.97759986,0.023697261005569542
57.97769618,0.04415960936903945
57.99145818,0.036087586785687034
57.99151373,0.020981155107957578
58.00548792,0.04013122758831159
58.01348042,0.0409399557488365
58.01354527,0.02107270923933776
58.02147985,0.03459220263981079
58.02154422,0.041763942931258104
58.02159667,0.020996414129854278
58.0216465,0.028702220187685968
58.03649092,0.04377813382162203
58.03657055,0.024200808728160526
58.04547048,0.023559929808499275
58.04552364,0.043045700770580606
58.05845237,0.028747997253376057
58.05850244,0.020325017166399634
58.07245708,0.041168841077286945
58.07646418,0.03341725795376516
58.07650828,0.017792019531548027
58.08148408,0.036743724727244985
58.08153009,0.03820859082932784
58.09047532,0.018936446173800258
58.09052658,0.034363317311360345
58.10349989,0.04673838406958114
58.10355353,0.03175402456702525
58.11749053,0.04457160296025025
58.1175549,0.060746166170748454
58.14153504,0.03701838712138552
58.14160943,0.02652018005645838
58.14166307,0.04098573281452659
58.14171672,0.02627603570611124
58.14176631,0.018646524757763027
58.14350128,0.03904783703364614
58.14356112,0.03105210955977722
58.15749598,0.016006713969634545
58.15755367,0.03468375677119097
58.1715529,0.03485160601205463
58.17161846,0.015594720378423743
58.18548965,0.029953459983215077
58.18554831,0.038574807354848556
58.19873977,0.017975127794308383
58.19878936,0.025223163195239186
58.1988306,0.039917601281757836
58.19887066,0.021149004348821242
58.19891047,0.02119478141451133
58.21348596,0.04077210650797284
58.21352792,0.026123445487144275
58.22344041,0.017090104524299994
58.22346616,0.03802548256656748
58.23760557,0.030670634012359806
58.2377038,0.016357671473258565
58.25141835,0.03476005188067445
58.25144458,0.034699015793087665
58.25642204,0.015518425268940261
58.25644803,0.03002975509269856
58.26341414,0.03887998779278248
58.26841354,0.017303730830853743
58.28044271,0.024414435034714275
58.28052354,0.03997863736934462
58.28058124,0.021255817502098116
58.30344486,0.020416571297779813
58.30347633,0.03953612573434043
58.30541968,0.02537575341420615
58.30544615,0.01667811093308919
58.31341529,0.038330663004501414
58.31344104,0.031403067063401235
58.32241488,0.0166323338673991
58.32244039,0.03590447852292668
58.33751011,0.03689631494621195
58.33761764,0.01821927214465553
58.37149239,0.03271534294651713
58.37159395,0.041260395208667124
58.3716495,0.019928282597085525
58.37170148,0.02746623941405356
58.37343407,0.043045700770580606
58.37348819,0.024414435034714275
58.38046336,0.02406347753109026
58.38054252,0.04373235675593194
58.38745213,0.029190508888380255
58.38753223,0.02084382391088731
58.39345217,0.0422369726100557
58.40749145,0.03451590753032731
58.40755725,0.01943999389639124
58.42145514,0.038910505836575876
58.42153525,0.038956282902265965
58.43047833,0.019165331502250707
58.43055248,0.03314259555962463
58.4354682,0.041840238040741586
58.43554139,0.02178988326848249
58.44344831,0.02970931563286793
58.44351053,0.044510566872663464
58.45743227,0.025360494392309453
58.45748401,0.024338139925230793
58.46744895,0.043595025558861675
58.48048496,0.029221026932173648
58.48054099,0.020447089341573205
58.50349355,0.0409399557488365
58.50356579,0.03375295643549248
58.50362229,0.01867704280155642
58.50367451,0.038117036697947665
58.51845646,0.03869687953002213
58.51851559,0.018951705195696954
58.52444434,0.031998168917372394
58.524508,0.04048218509193561
58.54244041,0.019897764553292133
58.54249024,0.027145799954222935
58.54252625,0.04290836957351034
58.54844046,0.023819333180743113
58.5484848,0.022796978713664453
58.55644703,0.04260318913557641
58.55650234,0.027954528114747846
58.57045674,0.018493934538796063
58.57049036,0.04022278171969177
58.57052183,0.033829251544975965
58.57056189,0.018097199969481958
58.58045173,0.03685053788052186
58.5805099,0.03807125963225757
58.58744287,0.017669947356374456
58.58749318,0.0311284046692607
58.60143161,0.04039063096055543
58.61542034,0.019470511940184634
58.62343502,0.025345235370412757
58.62349677,0.040451667048142216
58.63848305,0.020737010757610436
58.63855529,0.018539711604486152
58.63859224,0.0383916990920882
58.6386261,0.024170290684367133
58.64345956,0.015381094071869994
58.64353848,0.03634699015793088
58.65745425,0.02887006942854963
58.65752459,0.01373311970702678
58.65758085,0.027435721370260166
58.66643834,0.03704890516517891
58.69042087,0.015457389181353476
58.69044828,0.0225986114290074
58.69047165,0.03898680094605936
58.69049478,0.020538643472953384
58.69241214,0.020462348363469902
58.70145726,0.04374761577782864
58.7015357,0.0366826886396582
58.70159245,0.03334096284428168
58.71544313,0.0562905317769131
58.7154727,0.0452124818799115
58.72846413,0.019790951400015258
58.72850204,0.03279163805600061
58.75343251,0.03314259555962463
58.75349331,0.014618142977035172
58.75353861,0.0234531166552224
58.75543261,0.037872892347600516
58.7634201,0.018570229648279545
58.76347542,0.017853055619134812
58.76844382,0.03788815136949721
58.76849198,0.02311741817349508
58.76852536,0.014007782101167316
58.78248453,0.031662470435645074
58.78254437,0.03347829404135195
58.80643654,0.013580529488059816
58.8064661,0.022735942626077667
58.80649042,0.0383916990920882
58.82050157,0.019592584115358205
58.82056236,0.018371862363622492
58.82061267,0.03848325322346838
58.82066083,0.024460212100404364
58.82070923,0.015671015487907225
58.82075763,0.03659113450827802
58.84446096,0.03022812237735561
58.8444984,0.01496910048065919
58.85347629,0.02873273823147936
58.85354877,0.03776607919432364
58.86315751,0.01680018310826276
58.8632822,0.023422598611429007
58.86335826,0.03927672236209659
58.86956429,0.02038605325398642
58.86963773,0.018188754100862136
58.88250685,0.03903257801174945
58.88258266,0.0251621271076524
58.89150953,0.016037232013427938
58.89156604,0.0371099412527657
58.91149831,0.031036850537880523
58.91156387,0.015228503852903029
58.91845655,0.02896162355992981
58.91852903,0.038834210727092394
58.92747903,0.017959868772411687
58.92755365,0.0251621271076524
58.92760825,0.04182497901884489
58.94246125,0.023025864042114902
58.9425106,0.020737010757610436
58.94547343,0.04103150988021668
58.94554448,0.02844281681544213
58.96987486,0.019226367589837492
58.96999741,0.04034485389486534
58.97007179,0.03402761882963302
58.9701407,0.018204013122758832
58.97851872,0.03730830853742275
58.97857976,0.03930724040588998
58.99252534,0.018814373998626687
58.9925983,0.032608529793240255
58.99265409,0.042496375982299536
59.00350142,0.021499961852445258
59.0035553,0.027603570611123826
59.02646136,0.04339665827420462
59.02650118,0.024200808728160526
59.02653313,0.021469443808651865
59.02656269,0.04211490043488213
59.03645444,0.029053177691309988
59.03647876,0.019958800640878918
59.04541707,0.04077210650797284
59.05860519,0.03401235980773632
59.05868459,0.01777676050965133
59.0587399,0.03714045929655909
59.07551765,0.03906309605554284
59.07562089,0.018860151064316776
59.08843446,0.03204394598306248
59.08849955,0.041763942931258104
59.09778976,0.02084382391088731
59.09795952,0.027267872129396506
59.09803677,0.04303044174868391
59.09810758,0.024109254596780347
59.11350441,0.022446021210040436
59.11366653,0.04228274967574579
59.12145329,0.028946364538033113
59.1215167,0.019302662699320974
59.12742567,0.04029907682917525
59.1514504,0.03402761882963302
59.15150905,0.0178988326848249
59.16644573,0.036285954070344094
59.16649938,0.03782711528191043
59.16654134,0.017624170290684367
59.16658425,0.03150988021667811
59.17945361,0.04164187075608453
59.17951488,0.02093537804226749
59.1854353,0.02746623941405356
59.18549418,0.043595025558861675
59.19447756,0.025406271457999542
59.19455409,0.023987182421606777
59.19460845,0.04405279621576257
59.2184844,0.0307011520561532
59.21854949,0.020523384451056687
59.22543478,0.04147402151522087
59.22548676,0.03555352101930266
59.238451,0.01896696421759365
59.23849964,0.03749141680018311
59.24042749,0.03944457160296025
59.24046493,0.018600747692072938
59.25244546,0.031448844129091325
59.2525022,0.0409399557488365
59.25254512,0.02038605325398642
59.25258589,0.026291294728007935
59.26043487,0.042328526741435876
59.28349352,0.02406347753109026
59.28355408,0.022125581750209813
59.28649688,0.04303044174868391
59.28656912,0.029739833676661324
59.29147577,0.02021820401312276
59.2915349,0.04058899824521248
59.30548477,0.03451590753032731
59.30554557,0.01907377737087053
59.31149793,0.038040741588464176
59.31157088,0.040665293354695965
59.32350564,0.023819333180743113
59.3235774,0.04269474326695659
59.33750224,0.0592660410467689
59.34645009,0.042160677500572216
59.34648705,0.044129091325246055
59.3524642,0.052094300755321586
59.35251212,0.026672770275425344
59.35846972,0.021896696421759364
59.35851431,0.04240482185091936
59.37243557,0.02917524986648356
59.37246585,0.01803616388189517
59.37845755,0.03826962691691463
59.37850642,0.032166018158236054
59.40249681,0.01560997940032044
59.40256977,0.03384451056687266
59.40262413,0.03671320668345159
59.4026742,0.01667811093308919
59.41646481,0.029785610742351417
59.41652656,0.03987182421606775
59.42345524,0.01924162661173419
59.42352128,0.0247348744945449
59.42356777,0.04130617227435721
59.43744826,0.02337682154573892
59.43748236,0.020950637064164186
59.45143056,0.040451667048142216
59.46253657,0.02725261310749981
59.46261549,0.017715724422064545
59.46267176,0.039002059967956054
59.47147179,0.033661402304112305
59.47153592,0.017349507896543832
59.48050141,0.035492484931715876
59.48057461,0.03749141680018311
59.49350095,0.017029068436713205
59.49357319,0.029724574654764628
59.49848604,0.04043640802624552
59.49855757,0.01943999389639124
59.52249622,0.024460212100404364
59.52257061,0.04139772640573739
59.52262545,0.023422598611429007
59.52267599,0.021042191195544367
59.5227263,0.041504539559014265
59.54046941,0.02896162355992981
59.54053116,0.01927214465552758
59.54843974,0.03999389639124132
59.54850197,0.034439612420843826
59.55943632,0.01812771801327535
59.5594852,0.036957351033798734
59.58244634,0.03956664377813382
59.58250642,0.019470511940184634
59.58254862,0.032394903486686506
59.58258843,0.04252689402609293
59.59242821,0.022461280231937133
59.59248042,0.02839703974975204
59.59252071,0.04499885557335775
59.61746335,0.0268711375600824
59.61752391,0.024292362859540704
59.61757016,0.044708934157320517
59.61761332,0.0315403982604715
59.62043214,0.021133745326924545
59.62046695,0.041596093690394444
59.65142345,0.03605706874189364
59.66446924,0.019378957808804456
59.6645329,0.03773556115053025
59.66458392,0.04023804074158847
59.67046785,0.02093537804226749
59.67050004,0.033325703822384985
59.67053008,0.04379339284351873
59.68342328,0.023193713282978562
59.68345499,0.028747997253376057
59.68347931,0.046173800259403375
59.68350315,0.027908751049057757
59.69242358,0.024795910582131684
59.69244838,0.045136186770428015
59.706424,0.03193713282978561
59.72043729,0.021560997940032044
59.72049975,0.04260318913557641
59.72942996,0.03688105592431525
59.7294817,0.019623102159151598
59.72952294,0.038498512245365074
59.7375071,0.041092545967803464
59.73755622,0.020737010757610436
59.74645114,0.03334096284428168
59.74651051,0.04386968795300221
59.74655175,0.02276646066987106
59.76142502,0.028076600289921417
59.77644563,0.044708934157320517
59.77651143,0.026672770275425344
59.78443432,0.02357518883039597
59.78448701,0.04426642252231632
59.78452969,0.031326771953917754
59.78457069,0.021713588158999007
59.79844904,0.042999923704890516
59.8014679,0.03768978408484016
59.80151224,0.021255817502098116
59.81445503,0.03913939116502632
59.81450868,0.04101625085831998
59.83761859,0.020325017166399634
59.83773088,0.03341725795376516
59.83780408,0.0434882124055848
59.83787465,0.022034027618829635
59.84645987,0.026749065384908826
59.84651852,0.04303044174868391
59.85344386,0.024444953078507668
59.85349464,0.021179522392614634
59.86743259,0.04190127412832837
59.86748099,0.028931105516136417
59.86752152,0.018860151064316776
59.89151502,0.03910887312123293
59.89159203,0.03398184176394293
59.89165497,0.017380025940337225
59.89170718,0.03564507515068284
59.90154958,0.03747615777828641
59.9016211,0.0187533379110399
59.91049647,0.031738765545128556
59.91056848,0.04281681544213016
59.92250085,0.023300526436255437
59.92257357,0.03356984817273213
59.92262864,0.05726710917830167
59.9484694,0.04444953078507668
59.94852901,0.0409399557488365
59.96145844,0.054901960784313725
59.961514,0.034195468070496685
59.96155596,0.019165331502250707
59.96159577,0.0392309452964065
59.98646283,0.03433279926756695
59.98652291,0.016784924086366063
59.99844646,0.03466849774929427
59.99849558,0.03700312809948882
59.99854565,0.016617074845502403
59.99858713,0.029495689326314183
60.00044036,0.04069581139848936
