Seg,mV
0.05648637,0.03483634699015793
0.05653262,0.03480582894636454
0.06668496,0.034744792858777754
0.06672812,0.034744792858777754
0.07951021,0.03466849774929427
0.07953644,0.03463797970550088
0.08549833,0.034576943617914094
0.08552265,0.0260166323338674
0.09149742,0.021881437399862667
0.09152317,0.041336690318150605
0.11550713,0.03268482490272374
0.1155448,0.02459754329747463
0.11557174,0.0456092164492256
0.11559653,0.04573128862439917
0.13048744,0.03607232776379034
0.13055897,0.05195696955825132
0.1305871,0.04675364309147784
0.13060784,0.014816510261692225
0.13062811,0.014221408407721065
0.14992619,0.028458075837338826
0.1499691,0.02169832913710231
0.15948796,0.014908064393072405
0.15951872,0.03295948729686427
0.17353034,0.03904783703364614
0.17357469,0.01998931868467231
0.17360902,0.030045014114595255
0.18651915,0.04103150988021668
0.18656611,0.022400244144350347
0.19398713,0.02627603570611124
0.19402909,0.04243533989471275
0.20152736,0.026626993209735255
0.20156956,0.022827496757457846
0.21651292,0.04200808728160525
0.21657443,0.031738765545128556
0.22150159,0.02059967956054017
0.22154832,0.040207522697795074
0.24553847,0.036453803311207754
0.24559975,0.02026398107881285
0.24563265,0.03675898374914168
0.24566483,0.04036011291676204
0.24569607,0.02136263065537499
0.26156926,0.03247119859616999
0.26162291,0.04327458609903105
0.26547885,0.023956664377813384
0.26550627,0.028259708552681773
0.2795341,0.04464789806973373
0.27957702,0.028534370946822308
0.30350709,0.02542153047989624
0.30356288,0.04473945220111391
0.3035984,0.034317540245670256
0.30362606,0.023422598611429007
0.30365038,0.04235904478522927
0.31348324,0.0388189517051957
0.31352139,0.022964827954528116
0.32656693,0.03903257801174945
0.32665563,0.042298008697642483
0.33551407,0.02316319523918517
0.33554292,0.034271763179980166
0.34947324,0.04419012741283284
0.34950376,0.024963759822995348
0.36355829,0.029022659647516595
0.36360574,0.044586861982146946
0.3754518,0.027618829633020522
0.37547898,0.02349889372091249
0.38554311,0.04213015945677882
0.38562822,0.03126573586633097
0.39073682,0.020477607385366598
0.39078546,0.03944457160296025
0.40450144,0.03511100938429847
0.40456247,0.018783855954833294
0.41948247,0.03521782253757534
0.41955233,0.03884946974898909
0.44173265,0.01948577096208133
0.44180894,0.03079270618753338
0.45103526,0.04101625085831998
0.45115829,0.02204928664072633
0.45123744,0.026337071793698024
0.45990038,0.04214541847867552
0.46002173,0.025650415808346684
0.47256064,0.022293430991073473
0.47265768,0.041718165865568015
0.47652316,0.030426489662012664
0.47657347,0.019714656290531776
0.49051762,0.039002059967956054
0.4905777,0.035156786449988556
0.4995811,0.019302662699320974
0.49965429,0.03559929808499275
0.51360083,0.03869687953002213
0.51367545,0.01969939726863508
0.51372957,0.031494621194781414
0.51378083,0.04127565423056382
0.51383138,0.022232394903486687
0.52852702,0.026840619516289004
0.52858448,0.04235904478522927
0.53454375,0.025574120698863202
0.53461528,0.023010605020218206
0.54852223,0.041931792172121764
0.54858041,0.030350194552529183
0.5614996,0.020447089341573205
0.56156564,0.03942931258106355
0.57051015,0.03466849774929427
0.57056761,0.019287403677424278
0.57060051,0.036041809719996945
0.57949901,0.038330663004501414
0.57955289,0.01943999389639124
0.59450984,0.0315403982604715
0.59458089,0.040833142595559625
0.60151649,0.021805142290379186
0.60157132,0.02703898680094606
0.61550856,0.04245059891660945
0.61559224,0.025604638742656595
0.62951875,0.023132677195391776
0.62958407,0.04164187075608453
0.63572454,0.02998397802700847
0.63579035,0.020584420538643473
0.63583541,0.040375371938658734
0.64947796,0.03616388189517052
0.6495111,0.02076752880140383
0.65846419,0.03785763332570382
0.6814878,0.04013122758831159
0.68155766,0.02186617837796597
0.68159151,0.03451590753032731
0.69546461,0.044129091325246055
0.69549513,0.024109254596780347
0.70348287,0.02861066605630579
0.70351863,0.042801556420233464
0.72053003,0.025879301136797133
0.72058392,0.023895628290226595
0.72647285,0.042221713588159
0.72651553,0.0294193942168307
0.74149585,0.019562066071564813
0.74157119,0.03904783703364614
0.7416153,0.033707179369802394
0.74165511,0.018234531166552225
0.75449228,0.03559929808499275
0.75453997,0.038117036697947665
0.7635603,0.01907377737087053
0.76361752,0.03108262760357061
0.77651334,0.04074158846417945
0.77657723,0.021011673151750974
0.77661419,0.027389944304570077
0.77847004,0.045593957427328906
0.77851868,0.030670634012359806
0.79161477,0.031189440756847486
0.79167461,0.05450522621499962
0.8005712,0.04762340733958953
0.80065179,0.03356984817273213
0.82552576,0.0413519493400473
0.82559466,0.024979018844892044
0.82562351,0.006683451590753032
0.82565331,0.020950637064164186
0.83948994,0.034439612420843826
0.83957028,0.019180590524147403
0.83961487,0.026764324406805522
0.84948421,0.042420080872816054
0.84953237,0.024826428625925077
0.8565855,0.023147936217288473
0.85665894,0.041596093690394444
0.88061333,0.029358358129243915
0.88071465,0.020691233691920347
0.88077307,0.040451667048142216
0.88083601,0.0345616845960174
0.89056873,0.019256885633630885
0.89064384,0.036865796902418556
0.899575,0.03904783703364614
0.89964986,0.02029449912260624
0.90579152,0.03317311360341802
0.91451859,0.04214541847867552
0.91459298,0.022827496757457846
0.92852283,0.028747997253376057
0.92862582,0.04324406805523766
0.94153857,0.026291294728007935
0.94160581,0.025391012436102846
0.95550179,0.04383916990920882
0.95556879,0.03131151293202106
0.96051383,0.022537575341420615
0.96058583,0.04219119554436561
0.96952009,0.03616388189517052
0.96958899,0.02178988326848249
0.97549129,0.039749752040894176
0.9835,0.041260395208667124
0.98355985,0.022873273823147935
1.00056243,0.03598077363241016
1.00062323,0.044251163500419625
1.0245471,0.024536507209887846
1.02461624,0.03108262760357061
1.02465677,0.04567025253681239
1.02469134,0.02784771496147097
1.04154944,0.026764324406805522
1.04162359,0.044708934157320517
1.04166889,0.03141832608529793
1.0417037,0.022919050888838024
1.04173684,0.0417792019531548
1.05048537,0.03504997329671168
1.05051827,0.020401312275883116
1.05647922,0.03810177767605097
1.08054662,0.03875791561760891
1.08062792,0.020187685969329367
1.08067322,0.032776379034103915
1.08071423,0.040207522697795074
1.08861589,0.02119478141451133
1.08869576,0.027924010070954453
1.10150743,0.04240482185091936
1.10157609,0.024536507209887846
1.10345602,0.023865110246433202
1.11649203,0.042084382391088734
1.11654782,0.028625925078202486
1.12549663,0.020462348363469902
1.12554622,0.04058899824521248
1.14956045,0.033951323720149536
1.14966989,0.019455252918287938
1.1497283,0.03717097734035248
1.14977932,0.038040741588464176
1.15144801,0.019592584115358205
1.15148354,0.03308155947203784
1.16551661,0.041046768902113374
1.16559386,0.02162203402761883
1.16564655,0.028854810406652935
1.18055415,0.04303044174868391
1.18063378,0.024963759822995348
1.20453715,0.024444953078507668
1.2046082,0.042542153047989625
1.20465302,0.02896162355992981
1.20469475,0.021469443808651865
1.21051669,0.04127565423056382
1.21059299,0.033829251544975965
1.22476125,0.019592584115358205
1.22486258,0.03764400701915007
1.23353505,0.037949187457084
1.23359418,0.01974517433432517
1.23849487,0.0332646677347982
1.25154471,0.040711070420386054
1.25160408,0.021545738918135347
1.26555586,0.028900587472343024
1.26562452,0.042328526741435876
1.27153254,0.024124513618677044
1.27160001,0.02459754329747463
1.28056741,0.04251163500419623
1.28064084,0.028931105516136417
1.28955102,0.02162203402761883
1.28962445,0.04060425726710918
1.30356884,0.033325703822384985
1.3036654,0.01953154802777142
1.31055045,0.03799496452277409
1.33354282,0.03834592202639811
1.333601,0.01969939726863508
1.33363295,0.03364614328221561
1.33366179,0.04098573281452659
1.33369088,0.021560997940032044
1.33372068,0.0290074006256199
1.35055256,0.04290836957351034
1.35058045,0.025925078202487222
1.35060501,0.026504921034561684
1.3506875,0.04402227817196918
1.36551499,0.02970931563286793
1.36554551,0.023193713282978562
1.37950468,0.044342717631799804
1.39497876,0.03665217059586481
1.39500713,0.021942473487449453
1.39503551,0.03913939116502632
1.39506388,0.03889524681467918
1.40150571,0.020233463035019456
1.41571712,0.03372243839169909
1.41579866,0.04040588998245213
1.41585517,0.0208896009765774
1.42153168,0.02877851529716945
1.42156363,0.041840238040741586
1.4455173,0.023224231326771955
1.44554973,0.02392614633401999
1.46096253,0.04191653315022507
1.46110082,0.02763408865491722
1.46123147,0.021011673151750974
1.46134925,0.040451667048142216
1.48455572,0.032776379034103915
1.48463106,0.019226367589837492
1.49399805,0.03822384985122454
1.49415898,0.040161745632104985
1.49428034,0.024536507209887846
1.49452186,0.04118410009918364
1.50656438,0.052933546959639886
1.50664568,0.0383916990920882
1.50855184,0.04164187075608453
1.52178001,0.042999923704890516
1.52185035,0.014892805371175709
1.52189016,0.008667124437323568
1.53552461,0.02627603570611124
1.53556633,0.029388876173037308
1.53559232,0.015045395590142672
1.53562164,0.027344167238879988
1.5454607,0.04217593652246891
1.54548454,0.02371252002746624
1.55450654,0.023849851224536506
1.55454326,0.041504539559014265
1.56447244,0.02749675745784695
1.56451988,0.021515220874341955
1.57045388,0.040833142595559625
1.59347343,0.03251697566186008
1.59351778,0.019668879224841687
1.59356189,0.0375219348439765
1.59359503,0.037125200274662394
1.60048437,0.01931792172121767
1.6144805,0.03439383535515374
1.61453509,0.04103150988021668
1.6209619,0.021499961852445258
1.62110162,0.030075532158388648
1.63476157,0.043213550011444266
1.63484693,0.02485694666971847
1.64403319,0.026382848859388113
1.66760898,0.04365606164644846
1.66769862,0.029221026932173648
1.66775227,0.02340733958953231
1.6677947,0.042877851529716945
1.66783524,0.034409094377050434
1.66787505,0.022110322728313116
1.67973876,0.041290913252460516
1.67984056,0.03985656519417105
1.69396234,0.02221713588158999
1.69410014,0.03732356755931945
1.69417644,0.04328984512092775
1.70653319,0.023651483939879453
1.70658779,0.03254749370565347
1.72080231,0.04490730144197757
1.72092247,0.026047150377660793
1.72100043,0.02784771496147097
1.72107077,0.04516670481422141
1.73554277,0.029968719005111773
1.73559833,0.023514152742809186
1.74486709,0.04278629739833677
1.74493837,0.03271534294651713
1.75867009,0.020401312275883116
1.75875044,0.03904783703364614
1.77161622,0.03723201342793927
1.77170444,0.019546807049668116
1.7768507,0.034866865033951325
1.78382134,0.039887083237964444
1.78391886,0.019958800640878918
1.79165554,0.029098954757000077
1.79174495,0.04168764782177462
1.80560184,0.023468375677119097
1.80567789,0.025558861676966506
1.8198998,0.04238956282902266
1.81995773,0.027176317998016328
1.83356333,0.021728847180895704
1.8336246,0.04144350347142748
1.83366776,0.032364385442893114
1.83370924,0.01969939726863508
1.8337512,0.038406958113984896
1.84902453,0.036285954070344094
1.84914565,0.01931792172121767
1.85701418,0.03517204547188525
1.85713434,0.04069581139848936
1.87058592,0.020950637064164186
1.87065125,0.0302738994430457
1.90467167,0.04248111696040284
1.90475917,0.023758297093156328
1.90481257,0.026001373311970704
1.90486288,0.04295414663920043
1.90653539,0.027512016479743648
1.90658545,0.0225986114290074
1.90858269,0.041763942931258104
1.91654634,0.03205920500495918
1.91658425,0.020157167925535974
1.92609835,0.03884946974898909
1.92612648,0.03617914091706722
1.95156145,0.019256885633630885
1.95159006,0.03506523231860838
1.96358037,0.03990234225986114
1.96363926,0.020080872816052493
1.96367121,0.03079270618753338
1.96370125,0.04251163500419623
1.97654819,0.02272068360418097
1.97657299,0.025299458304722668
1.98597193,0.042496375982299536
1.98610783,0.02703898680094606
1.99960589,0.02243076218814374
1.99969649,0.04180971999694819
2.01768422,0.031830319676508734
2.01776004,0.019928282597085525
2.02168107,0.0388189517051957
2.02178383,0.036362249179827576
2.03554869,0.0191958495460441
2.03561497,0.03488212405584802
2.03566241,0.04029907682917525
2.03570461,0.02204928664072633
2.03574538,0.0324254215304799
2.05106544,0.04324406805523766
2.05118632,0.023804074158846417
2.05707669,0.027878233005264364
2.05719924,0.04571602960250248
2.08065915,0.029739833676661324
2.08073854,0.024216067750057222
2.08078361,0.043045700770580606
2.08082676,0.03259327077134356
2.09098744,0.020309758144502938
2.09111071,0.03926146334019989
2.09956479,0.03588921950102998
2.09961724,0.018707560845349813
2.10455704,0.03476005188067445
2.11401176,0.03892576485847257
2.11413097,0.01936369878690776
2.13757539,0.029800869764248113
2.13765407,0.04118410009918364
2.13770032,0.021988250553139545
2.1377418,0.025467307545586328
2.14652777,0.041840238040741586
2.14659667,0.026031891355764097
2.1560092,0.022110322728313116
2.15612793,0.043335622186617836
2.16954494,0.03564507515068284
2.16961098,0.026153963530937668
2.16964722,0.04853894865339132
2.18485618,0.052018005645838104
2.18495512,0.034744792858777754
2.19861746,0.04097047379262989
2.19871092,0.033493553063248645
2.20673347,0.008606088349736783
2.20679641,0.01458762493324178
2.21371174,0.03218127718013275
2.21378374,0.0243076218814374
2.2266686,0.01692225528343633
2.22676849,0.03799496452277409
2.23353434,0.034485389486533916
2.23360133,0.01794460975051499
2.23959589,0.03485160601205463
2.26364112,0.03903257801174945
2.26374698,0.01977569237811856
2.26382565,0.030548561837186235
2.26387143,0.04170290684367132
2.28082442,0.022415503166247044
2.28094482,0.026367589837491417
2.28101969,0.042877851529716945
2.28109097,0.02699320973525597
2.2886796,0.023178454261081866
2.2887578,0.04219119554436561
2.29958749,0.03126573586633097
2.29966378,0.02050812542915999
2.31356406,0.03982604715037766
2.32656622,0.03654535744258793
2.32661438,0.020202944991226063
2.33353877,0.03651483939879454
2.33358955,0.04019226367589838
2.33954024,0.021637293049515526
2.33959007,0.03268482490272374
2.34555387,0.04318303196765087
2.34561372,0.024048218509193562
2.35976648,0.02865644312199588
2.35990381,0.045471885252155335
2.36554217,0.029221026932173648
2.36558986,0.02554360265506981
2.37989473,0.04481574731059739
2.38862848,0.03347829404135195
2.4025259,0.022705424582284275
2.40259886,0.041886015106431675
2.41584301,0.03781185626001373
2.41592407,0.021149004348821242
2.41597962,0.03773556115053025
2.41603041,0.04074158846417945
2.41608024,0.021179522392614634
2.42346311,0.03250171663996338
2.42352343,0.04303044174868391
2.43548036,0.023193713282978562
2.43551064,0.027527275501640344
2.46351123,0.04267948424505989
2.46355891,0.025696192874036773
2.4714663,0.022491798275730526
2.47150803,0.041290913252460516
2.48596525,0.029800869764248113
2.48610091,0.01969939726863508
2.48617768,0.038803692683299
2.48624778,0.034119172961013196
2.49954724,0.018066681925688565
2.49962354,0.03485160601205463
2.49967051,0.03784237430380712
2.49971294,0.01907377737087053
2.49975443,0.030807965209430077
2.52459931,0.04118410009918364
2.52467322,0.021927214465552756
2.52471948,0.026703288319218737
2.52477145,0.04209964141298543
2.53958702,0.025360494392309453
2.53966212,0.022980086976424813
2.53971672,0.04200808728160525
2.53976965,0.03036545357442588
2.55466008,0.020355535210193027
2.5547328,0.039627679865720605
2.56851864,0.03479056992446784
2.56857324,0.01907377737087053
2.56861734,0.03593499656672007
2.59354997,0.03854428931105516
2.59361506,0.019165331502250707
2.59365106,0.03181506065461204
2.59368515,0.041886015106431675
2.60359645,0.02214084077210651
2.60372829,0.026977950713359275
2.6107626,0.04226749065384909
2.61084318,0.02554360265506981
2.62468982,0.023193713282978562
2.62482834,0.04217593652246891
2.63854265,0.0298619058518349
2.63859105,0.02017242694743267
2.64485669,0.03956664377813382
2.65961576,0.03459220263981079
2.65971804,0.018738078889143205
2.66450834,0.03585870145723659
2.66456127,0.038788433661402305
2.67052484,0.020706492713817044
2.67058587,0.03347829404135195
2.67986679,0.04318303196765087
2.67998171,0.02299534599832151
2.69357657,0.029144731822690166
2.69366217,0.045304036011291675
2.7069931,0.028259708552681773
2.70709348,0.025192645151445793
2.70717001,0.0430609597924773
2.72060061,0.030426489662012664
2.72063398,0.021011673151750974
2.72066402,0.03997863736934462
2.73560905,0.03421072709239338
2.73572087,0.01824979018844892
2.74494839,0.03521782253757534
2.74508595,0.03747615777828641
2.76853418,0.018493934538796063
2.76862097,0.0307011520561532
2.76866651,0.04040588998245213
2.76870728,0.020782787823300525
2.76874733,0.026764324406805522
2.78392386,0.04170290684367132
2.78405952,0.024155031662470437
2.7896862,0.022354467078660258
2.78983545,0.042221713588159
2.80353093,0.03266956588082704
2.80361605,0.02613870450904097
2.81741238,0.04779125658045319
2.81749439,0.04794384679942016
2.83065248,0.03778133821622034
2.83071828,0.05069047074082551
2.83660269,0.039124132143129625
2.83667779,0.009674219882505532
2.8367362,0.014389257648584725
2.83680534,0.029968719005111773
2.85049868,0.020798046845197222
2.85052562,0.016006713969634545
2.85591912,0.038788433661402305
2.85594821,0.03364614328221561
2.8694644,0.01786831464103151
2.89351439,0.03514152742809186
2.89359021,0.037247272449835965
2.89362884,0.018738078889143205
2.89366269,0.0315556572823682
2.89584851,0.04057373922331579
2.89591455,0.021377889677271687
2.90487289,0.028381780727855344
2.91396022,0.042496375982299536
2.91411448,0.025177386129549097
2.92359948,0.02392614633401999
2.92367721,0.04260318913557641
2.94702435,0.0294193942168307
2.94714713,0.020996414129854278
2.94872284,0.040787365529869536
2.948771,0.034912642099641414
2.95694709,0.019806210421911954
2.95706892,0.03761348897535668
2.96572113,0.039246204318303196
2.96579862,0.021515220874341955
2.97151184,0.034271763179980166
2.98064375,0.04272526131074998
2.98071599,0.023697261005569542
2.99494171,0.030777447165636684
2.99508739,0.045349813076981764
3.0187645,0.027786678873884182
3.01883173,0.02673380636301213
3.01886892,0.045426108186465246
3.01890397,0.03259327077134356
3.02177763,0.023849851224536506
3.0218544,0.0430609597924773
3.03461766,0.03634699015793088
3.03469348,0.022018768596932938
3.03473973,0.03959716182192721
3.04999971,0.04025329976348516
3.05012107,0.02124055848020142
3.07366681,0.03402761882963302
3.07380366,0.04211490043488213
3.07387781,0.02252231631952392
3.07394886,0.02917524986648356
3.0756011,0.04290836957351034
3.07570076,0.02494850080109865
3.09008241,0.024109254596780347
3.09020448,0.04211490043488213
3.10358882,0.0285648889906157
3.10366583,0.020492866407263294
3.10371137,0.03997863736934462
3.12882853,0.03335622186617838
3.12891841,0.018860151064316776
3.12896276,0.03689631494621195
3.12900424,0.037796597238117034
3.1345346,0.018951705195696954
3.13459444,0.032562752727550166
3.14885902,0.041168841077286945
3.14898157,0.02178988326848249
3.15799069,0.02887006942854963
3.15811467,0.04272526131074998
3.18083096,0.024826428625925077
3.18095231,0.024536507209887846
3.18102622,0.042923628595407035
3.19057298,0.029358358129243915
3.19656301,0.02169832913710231
3.19669342,0.041504539559014265
3.2034986,0.03463797970550088
3.20356607,0.020325017166399634
3.2036109,0.03848325322346838
3.21097851,0.038803692683299
3.22492957,0.020141908903639278
3.22506595,0.033783474479285876
3.24876595,0.04156557564660105
3.24890137,0.022339208056763562
3.24898052,0.029602502479591057
3.24904633,0.04301518272678721
3.24908185,0.025024795910582133
3.25861144,0.025268940260929275
3.25870109,0.043640802624551764
3.27154136,0.029968719005111773
3.27162862,0.022903791866941327
3.27670622,0.04318303196765087
3.27679515,0.036530098420691236
3.32058597,0.02238498512245365
3.32067537,0.04013122758831159
3.32072163,0.04065003433279927
3.32076311,0.023437857633325704
3.32080364,0.03773556115053025
3.33052492,0.04411383230334936
3.33060193,0.023422598611429007
3.33064699,0.03126573586633097
3.33068871,0.0447699702449073
3.34466124,0.026031891355764097
3.34476185,0.02594033722438392
3.35886836,0.043640802624551764
3.3589921,0.028717479209582664
3.37175488,0.02162203402761883
3.37184763,0.041428244449530784
3.37189245,0.0336919203479057
3.3719337,0.020355535210193027
3.37197495,0.03904783703364614
3.38258719,0.03826962691691463
3.38265848,0.020080872816052493
3.3909452,0.03459220263981079
3.39106369,0.04165712977798123
3.40460587,0.022705424582284275
3.40468121,0.033203631647211414
3.40991378,0.049561303120469975
3.41001272,0.03402761882963302
3.43358636,0.040039673456931414
3.43366289,0.06109712367437247
3.43370771,0.047394522011139084
3.4337492,0.02844281681544213
3.43378973,0.033829251544975965
3.44861007,0.02102693217364767
3.44865489,0.00950637064164187
3.45694876,0.027054245822842757
3.45706844,0.03904783703364614
3.47077394,0.022461280231937133
3.4708519,0.031204699778744183
3.48495793,0.043961242084382395
3.48508024,0.025528343633173113
3.49391437,0.0268711375600824
3.49408984,0.04431219958800641
3.49955773,0.030167086289768826
3.49962115,0.024109254596780347
3.50553656,0.043595025558861675
3.51474404,0.03514152742809186
3.51481438,0.022156099794003205
3.52400422,0.04058899824521248
3.52412367,0.03970397497520409
3.54719329,0.02214084077210651
3.54731178,0.037369344625009536
3.5473876,0.043808651865415424
3.54748893,0.024124513618677044
3.56159234,0.03338673990997177
3.56166553,0.046463721675440606
3.56349659,0.027512016479743648
3.56353879,0.029114213778896773
3.5715239,0.04687571526665141
3.58046198,0.032608529793240255
3.60455179,0.026428625925078202
3.60462594,0.04652475776302739
3.60466409,0.0383916990920882
3.60469866,0.025268940260929275
3.60473156,0.043884946974898906
3.61454034,0.04284733348592355
3.61456466,0.025803006027313648
3.6235528,0.04007019150072481
3.62357903,0.04625009536888686
3.63650584,0.026504921034561684
3.63653493,0.035416189822232394
3.6615417,0.04791332875562677
3.66162848,0.028549629968719004
3.66168904,0.030121309224078737
3.66548944,0.04757763027389944
3.66552711,0.03228809033340963
3.6714859,0.025726710917830166
3.67853332,0.04516670481422141
3.67861366,0.03578240634775311
3.6786685,0.022796978713664453
3.69154763,0.041428244449530784
3.69157267,0.03973449301899748
3.70049548,0.02186617837796597
3.71494031,0.03697261005569543
3.72397161,0.04261844815747311
3.72409511,0.023193713282978562
3.736938,0.03228809033340963
3.73701572,0.044510566872663464
3.73706102,0.025696192874036773
3.73710275,0.0277103837644007
3.7518084,0.04512092774853132
3.75188231,0.03039597161821927
3.75700426,0.024750133516441595
3.75712681,0.04422064545662623
3.78096414,0.03488212405584802
3.78108215,0.022369726100556955
3.78115678,0.041046768902113374
3.79461765,0.03935301747158007
3.79471946,0.022232394903486687
3.79478621,0.03799496452277409
3.79484653,0.04318303196765087
3.81883049,0.023651483939879453
3.81897807,0.03364614328221561
3.81905723,0.04544136720836194
3.81912518,0.026367589837491417
3.82087135,0.028854810406652935
3.82094979,0.04623483634699016
3.83606601,0.030579079880979628
3.83615088,0.02504005493247883
3.83982468,0.04455634393835355
3.85417175,0.035202563515678645
3.85429168,0.02294956893263142
3.86563468,0.041763942931258104
3.8657105,0.039246204318303196
3.87457848,0.02226291294728008
3.87463498,0.03808651865415427
3.87955666,0.04290836957351034
3.87960672,0.02340733958953231
3.88901019,0.033707179369802394
3.88913035,0.04673838406958114
3.91162229,0.027817196917677575
3.91171002,0.03039597161821927
3.91176438,0.04693675135423819
3.91579318,0.031998168917372394
3.91582799,0.027969787136644542
3.9264977,0.04744029907682917
3.93148851,0.037079423208972305
3.93153477,0.024200808728160526
3.94564176,0.042710002288853285
3.94574428,0.03982604715037766
3.95496798,0.022446021210040436
3.9551034,0.038040741588464176
3.97863436,0.04206912336919204
3.97872066,0.022247653925383384
3.97876596,0.0324101625085832
3.98596501,0.0439002059967956
3.98610377,0.024872205691615166
3.99199009,0.028046082246128024
3.99223018,0.04464789806973373
4.00053191,0.02917524986648356
4.00059199,0.024536507209887846
4.00951385,0.04377813382162203
4.00957227,0.033539330128938734
4.03381991,0.022491798275730526
4.03389573,0.04426642252231632
4.04700613,0.044129091325246055
4.04705667,0.029449912260624093
4.04709291,0.050720988784618906
4.05355787,0.05989166094453346
4.05361414,0.039078355077439536
4.05966735,0.037628747997253374
4.05982113,0.03584344243533989
4.06846213,0.012512397955291066
4.06853294,0.012939650568398567
4.06857443,0.03300526436255436
4.09150839,0.03504997329671168
4.09153509,0.02128633554589151
4.10949993,0.037872892347600516
4.10952997,0.041886015106431675
4.11521173,0.02209506370641642
4.11523795,0.03308155947203784
4.13148952,0.0443579766536965
4.13156223,0.025345235370412757
4.13463616,0.028809033340962846
4.13467979,0.04502937361715114
4.13470984,0.02937361715114061
4.13473821,0.025391012436102846
4.15000296,0.04489204242008087
4.15013909,0.03462272068360418
4.15021515,0.023193713282978562
4.16548276,0.042755779354543375
4.17657137,0.03904783703364614
4.17665339,0.022339208056763562
4.17670846,0.03871213855191882
4.17849803,0.043137254901960784
4.17853117,0.02383459220263981
4.19460106,0.03462272068360418
4.19467735,0.04589913786526284
4.19472384,0.026657511253528648
4.19476557,0.030975814450293737
4.20996261,0.04719615472648203
4.21006393,0.03125047684443427
4.23364544,0.02749675745784695
4.23373604,0.04693675135423819
4.23378754,0.036408026245517665
4.23383808,0.02511635004196231
4.23573542,0.044129091325246055
4.24986839,0.04039063096055543
4.24996758,0.02371252002746624
4.258847,0.0401007095445182
4.25900626,0.04367132066834516
4.27156758,0.02426184481574731
4.2716198,0.03521782253757534
4.28601527,0.04550240329594873
4.28614926,0.025574120698863202
4.29599404,0.029617761501487753
4.2960875,0.044968337529564355
4.30208683,0.02861066605630579
4.30215359,0.02494850080109865
4.30659842,0.04379339284351873
4.31402755,0.0319829098954757
4.3141458,0.021179522392614634
4.32664347,0.04034485389486534
4.32671952,0.036087586785687034
4.34050584,0.01977569237811856
4.34053278,0.03659113450827802
4.34992576,0.03961242084382391
4.34995174,0.020523384451056687
4.34997559,0.0324254215304799
4.34999871,0.04214541847867552
4.3653059,0.022735942626077667
4.36533713,0.02732890821698329
4.36536193,0.0430609597924773
4.37955856,0.026703288319218737
4.40349531,0.023514152742809186
4.40353703,0.04267948424505989
4.40356255,0.031021591515983826
4.40358591,0.020996414129854278
4.41366363,0.04019226367589838
4.41377258,0.03576714732585641
4.42175102,0.01991302357518883
4.42188811,0.03663691157396811
4.43132091,0.03936827649347677
4.43142056,0.02034027618829633
4.43147111,0.031860837720302126
4.46057534,0.04165712977798123
4.46065021,0.022354467078660258
4.46068764,0.027176317998016328
4.46072173,0.04344243533989471
4.46848059,0.025696192874036773
4.46856236,0.022781719691767757
4.48198962,0.04170290684367132
4.48211217,0.02998397802700847
4.4906106,0.020202944991226063
4.49072456,0.03936827649347677
4.49961758,0.03442435339894713
4.49969983,0.018616006713969634
4.51381016,0.03555352101930266
4.52660799,0.03852903028915847
4.52670956,0.019348439765011063
4.5267694,0.031021591515983826
4.52682614,0.040878919661249714
4.55096555,0.021332112611581598
4.55108595,0.026626993209735255
4.56196046,0.042160677500572216
4.56202579,0.025482566567483024
4.56206322,0.023849851224536506
4.5620966,0.04301518272678721
4.57356191,0.030457007705806057
4.57362366,0.020569161516746776
4.57897377,0.04101625085831998
4.60156941,0.03634699015793088
4.60164547,0.020569161516746776
4.60350156,0.037293049515526054
4.60355449,0.03869687953002213
4.60359478,0.019470511940184634
4.60363317,0.0315403982604715
4.61072946,0.040497444113832305
4.61081076,0.020538643472953384
4.61981773,0.025360494392309453
4.61993718,0.040039673456931414
4.63357878,0.023010605020218206
4.63365626,0.021271076523994813
4.639045,0.04013122758831159
4.66163206,0.02758831158922713
4.66170382,0.018066681925688565
4.66348863,0.03761348897535668
4.6635468,0.031952391851682305
4.66850209,0.016556038757915618
4.66855645,0.03430228122377356
4.69160461,0.03768978408484016
4.69170284,0.021499961852445258
4.69177365,0.036285954070344094
4.69183612,0.04798962386511025
4.70689726,0.03402761882963302
4.70699358,0.042999923704890516
4.7070694,0.05085831998168917
4.72051549,0.020691233691920347
4.72054005,0.009979400320439459
4.7205658,0.02532997634851606
4.72059131,0.022201876859693295
4.7354753,0.01121538109407187
4.73550773,0.02763408865491722
4.74486136,0.03903257801174945
4.74497986,0.01943999389639124
4.75860381,0.024658579385061417
4.75869536,0.03942931258106355
4.77154565,0.022354467078660258
4.77159357,0.021057450217441064
4.77907729,0.040039673456931414
4.78603697,0.026977950713359275
4.78615904,0.01846341649500267
4.7994976,0.039002059967956054
4.79954123,0.032318608377203024
4.7995832,0.017242694743266958
4.79961538,0.035156786449988556
4.81654859,0.0366826886396582
4.8165729,0.01794460975051499
4.84049654,0.031067368581673915
4.8405273,0.03987182421606775
4.84055138,0.020141908903639278
4.84057474,0.027008468757152668
4.84059763,0.04144350347142748
4.84355259,0.02383459220263981
4.84357595,0.023193713282978562
4.85646796,0.0417792019531548
4.85649729,0.02877851529716945
4.87046576,0.02055390249485008
4.88496733,0.04007019150072481
4.88510251,0.03389028763256275
4.88518119,0.019562066071564813
4.9085691,0.037537193865873196
4.90859962,0.038284885938811325
4.91655135,0.01940947585259785
4.91657495,0.032776379034103915
4.92650366,0.04089417868314641
4.92656326,0.021271076523994813
4.93483424,0.028030823224231328
4.93489575,0.042084382391088734
4.93494034,0.024124513618677044
4.93498135,0.02337682154573892
4.95958257,0.04147402151522087
4.95964909,0.02784771496147097
4.95968628,0.019501029983978027
4.95972061,0.038956282902265965
4.97350335,0.031525139238574806
4.97354984,0.01675440604257267
4.97358108,0.03451590753032731
4.97983193,0.03472953383688106
4.97993279,0.016266117341878387
4.99353528,0.029877164873731595
4.99359608,0.03805600061036087
5.001544,0.01812771801327535
5.00160313,0.024963759822995348
5.01591468,0.03936827649347677
5.01604176,0.021637293049515526
5.0399518,0.021210040436408027
5.04006362,0.03956664377813382
5.04013872,0.025925078202487222
5.04020834,0.01824979018844892
5.04192257,0.03814755474174106
5.04860473,0.03079270618753338
5.04865193,0.0166323338673991
5.06342959,0.0349736781872282
5.06351376,0.03527885862516213
5.08589196,0.01687647821774624
5.08602643,0.03079270618753338
5.08756876,0.03854428931105516
5.08765674,0.018738078889143205
5.0877142,0.026214999618524453
5.08776093,0.040039673456931414
5.10160303,0.021759365224689096
5.10165954,0.022003509575036242
5.1035254,0.03982604715037766
5.11501694,0.025879301136797133
5.11513734,0.018524452582589456
5.13915253,0.038330663004501414
5.13927102,0.030731670099946592
5.13934588,0.01684596017395285
5.13943958,0.03523308155947204
5.14896774,0.034576943617914094
5.14908862,0.01651026169222553
5.15462327,0.030731670099946592
5.15471244,0.038117036697947665
5.16851521,0.01808194094758526
5.16855097,0.02606240939955749
5.16858053,0.03982604715037766
5.1855402,0.02178988326848249
5.19647026,0.02209506370641642
5.19652271,0.0401007095445182
5.20609689,0.02578774700541695
5.2062335,0.01863126573586633
5.21108603,0.038406958113984896
5.21122265,0.030243381399252308
5.2245543,0.016723887998779278
5.22464132,0.035538261997405965
5.23067641,0.034821087968261236
5.23073936,0.0166323338673991
5.23651981,0.03117418173495079
5.2509594,0.038284885938811325
5.25110531,0.018448157473105974
5.26453042,0.02656595712214847
5.26459837,0.03997863736934462
5.26955509,0.021545738918135347
5.26960945,0.022186617837796598
5.28383136,0.04017700465400168
5.28392696,0.02594033722438392
5.28400016,0.019302662699320974
5.2885251,0.03898680094605936
5.28856349,0.03079270618753338
5.30148244,0.017761501487754634
5.30155158,0.03714045929655909
5.32155776,0.03643854428931106
5.32160974,0.01817349507896544
5.34581137,0.03309681849393454
5.34593296,0.04055848020141909
5.34600902,0.021149004348821242
5.34607697,0.0294193942168307
5.35558009,0.04205386434729534
5.35564446,0.022613870450904097
5.35568166,0.023437857633325704
5.35571575,0.04074158846417945
5.38101363,0.02542153047989624
5.38113356,0.01910429541466392
5.38120937,0.038574807354848556
5.39460349,0.02946517128252079
5.39467978,0.016144045166704816
5.39472604,0.03511100938429847
5.39477038,0.03389028763256275
5.41884828,0.016144045166704816
5.41898942,0.03125047684443427
5.4191165,0.03759822995345998
5.41924214,0.017746242465857938
5.41932392,0.02656595712214847
5.41939306,0.03936827649347677
5.43571806,0.022735942626077667
5.43582058,0.027008468757152668
5.44484186,0.04652475776302739
5.45900846,0.03472953383688106
5.4590838,0.03564507515068284
5.47212481,0.05566491187914855
5.47216439,0.037750820172426945
5.47219181,0.01211566338597696
5.47222352,0.020538643472953384
5.47489333,0.02583352407110704
5.47492051,0.009048599984740979
5.48852754,0.016983291371023116
5.48857832,0.03871213855191882
5.50158596,0.02499427786678874
5.50164318,0.01910429541466392
5.51595497,0.038406958113984896
5.52559781,0.029236285954070344
5.52568293,0.016815442130159456
5.53055763,0.03595025558861677
5.53062081,0.034576943617914094
5.53647304,0.016906996261539634
5.53651643,0.032227054245822846
5.54548597,0.03805600061036087
5.54553437,0.018616006713969634
5.55452418,0.028198672465094988
5.55458307,0.0405279621576257
5.57859135,0.02197299153124285
5.57865381,0.024048218509193562
5.57869744,0.04144350347142748
5.57873774,0.026428625925078202
5.57877731,0.021057450217441064
5.59348345,0.040619516289005876
5.59351349,0.031280994888227664
5.59949565,0.01924162661173419
5.59952474,0.03826962691691463
5.61754513,0.03649958037689784
5.61756968,0.01931792172121767
5.626472,0.035248340581368734
5.62649918,0.04072632944228275
5.64055967,0.020996414129854278
5.640589,0.030777447165636684
5.6406126,0.042999923704890516
5.64655042,0.02401770046540017
5.6465745,0.026550698100251773
5.66049218,0.04368657969024185
5.66052008,0.02789349202716106
5.66649508,0.022903791866941327
5.68098831,0.042542153047989625
5.68112493,0.032730601968413826
5.68120241,0.020416571297779813
5.70471811,0.03936827649347677
5.70474815,0.036575875486381325
5.70477319,0.019165331502250707
5.70479631,0.03492790112153811
5.71960211,0.03956664377813382
5.71968865,0.019623102159151598
5.71973157,0.029694056610971235
5.71976376,0.041260395208667124
5.73461032,0.022018768596932938
5.734694,0.02485694666971847
5.76171422,0.04170290684367132
5.76180196,0.025558861676966506
5.76184821,0.020813305867093918
5.76189613,0.04007019150072481
5.76453018,0.030075532158388648
5.76457691,0.018432898451209278
5.77381992,0.03781185626001373
5.77995753,0.034988937209124896
5.7800827,0.018234531166552225
5.79359031,0.03445487144274052
5.7936821,0.03904783703364614
5.81699181,0.01936369878690776
5.81711078,0.02963302052338445
5.81718683,0.04122987716487373
5.81725764,0.022186617837796598
5.8187263,0.025345235370412757
5.81886983,0.04174868390936141
5.83153892,0.025909819180590526
5.83161807,0.021820401312275882
5.83351398,0.041336690318150605
5.84693074,0.03079270618753338
5.84704924,0.019226367589837492
5.87089896,0.038406958113984896
5.87097859,0.035324635690852216
5.87277055,0.018616006713969634
5.87283778,0.03398184176394293
5.87878585,0.03884946974898909
5.8788631,0.019043259327077136
5.88654613,0.030289158464942397
5.88661337,0.04127565423056382
5.90079904,0.0217441062027924
5.90085793,0.025680933852140077
5.90090036,0.04226749065384909
5.9255619,0.025528343633173113
5.92562604,0.021759365224689096
5.92566323,0.04107728694590677
5.92569804,0.0302738994430457
5.93753457,0.019028000305180436
5.93756151,0.038406958113984896
5.94651246,0.03472953383688106
5.9465363,0.018432898451209278
5.95347714,0.03527885862516213
5.95350385,0.038574807354848556
5.96647644,0.01892118715190356
5.96650529,0.030212863355458915
5.99047923,0.04077210650797284
5.99050856,0.021927214465552756
5.99354935,0.025879301136797133
5.99361157,0.041794460975051496
6.00693727,0.025223163195239186
6.00707865,0.022003509575036242
6.00852656,0.04115358205539025
6.00857949,0.029922941939421684
6.0226326,0.019211108567940796
6.02272177,0.03871213855191882
6.0458765,0.03476005188067445
6.04601192,0.0183413443198291
6.04608989,0.034866865033951325
6.04753065,0.03868162050812543
6.04758883,0.019043259327077136
6.05852795,0.030457007705806057
6.0585959,0.041092545967803464
6.05866528,0.021515220874341955
6.06649089,0.025772487983520255
6.08118963,0.04303044174868391
6.08137298,0.026657511253528648
6.09485841,0.02333104448004883
6.09493709,0.04231326771953918
6.12048149,0.031067368581673915
6.12053585,0.021484702830548562
6.12056828,0.04132143129625391
6.12059808,0.036743724727244985
6.12062693,0.020065613794155796
6.12346458,0.03637750820172427
6.12349701,0.03904783703364614
6.13764524,0.019226367589837492
6.13771796,0.03053330281528954
6.15398145,0.04055848020141909
6.15405822,0.021011673151750974
6.15972257,0.02532997634851606
6.15979075,0.04098573281452659
6.16451144,0.02409399557488365
6.16458416,0.021667811093308918
6.17070031,0.04036011291676204
6.18698359,0.028625925078202486
6.18706155,0.018570229648279545
6.19351101,0.03846799420157168
6.19355679,0.03360036621652552
6.21657848,0.017715724422064545
6.21665478,0.03718623636224918
6.22552443,0.041931792172121764
6.22558188,0.02464332036316472
6.22562432,0.04077210650797284
6.22566438,0.05748073548485542
6.2495153,0.03633173113603418
6.24957991,0.030975814450293737
6.24961662,0.034699015793087665
6.2585206,0.01181048294804303
6.25856519,0.007232776379034104
6.2586062,0.02583352407110704
6.25864744,0.032700083924620434
6.2835505,0.016815442130159456
6.2836411,0.030014496070801863
6.28368497,0.03955138475623712
6.28372717,0.019790951400015258
6.29856467,0.025177386129549097
6.29865313,0.04077210650797284
6.29872298,0.023941405355916687
6.29879379,0.021759365224689096
6.29886079,0.04058899824521248
6.31381679,0.028595407034409093
6.3139739,0.019134813458457314
6.32665086,0.03869687953002213
6.3267312,0.033401998931868467
6.34093451,0.01824979018844892
6.34105706,0.035584039063096054
6.35457182,0.03755245288776989
6.35466075,0.018814373998626687
6.35470581,0.03158617532616159
6.3547473,0.040665293354695965
6.36693716,0.021133745326924545
6.36703682,0.027054245822842757
6.37300658,0.0426489662012665
6.38159347,0.025482566567483024
6.38167143,0.023819333180743113
6.39453793,0.04269474326695659
6.39458489,0.03010605020218204
6.40890932,0.0208896009765774
6.40902925,0.040619516289005876
6.42166042,0.03509575036240177
6.42173481,0.019592584115358205
6.42177939,0.03642328526741436
6.42182326,0.03859006637674525
6.43655109,0.01943999389639124
6.43659878,0.032120241092545965
6.43905377,0.04081788357366293
6.45545983,0.020782787823300525
6.4554894,0.026413366903181506
6.4658072,0.04103150988021668
6.4658649,0.023254749370565347
6.47497177,0.021271076523994813
6.47509122,0.03935301747158007
6.4799273,0.025848783093003737
6.48008156,0.017090104524299994
6.49351859,0.03675898374914168
6.49355268,0.029785610742351417
6.49950123,0.014648661020828565
6.49954247,0.027862973983367668
6.50680971,0.03633173113603418
6.52947998,0.01617456321049821
6.52950954,0.02285801480125124
6.53548384,0.03781185626001373
6.53551006,0.019806210421911954
6.53553367,0.018402380407415885
6.54474187,0.03677424277103838
6.5448761,0.0238803692683299
6.54494047,0.015228503852903029
6.55446815,0.031738765545128556
6.55449462,0.03309681849393454
6.56647182,0.014312962539101243
6.56650591,0.023025864042114902
6.56845617,0.03781185626001373
6.59446859,0.020035095750362403
6.59451389,0.018875410086213473
6.59454679,0.036621652552071414
6.59457707,0.0243076218814374
6.60548615,0.015869382772564278
6.60551476,0.03613336385137713
6.61446071,0.029434653238727397
6.61454582,0.014663920042725261
6.62021875,0.02832074464026856
6.62025452,0.03654535744258793
6.6334908,0.016388189517051958
6.63354421,0.023315785458152133
6.64756799,0.03799496452277409
6.65553331,0.01986724650949874
6.65557742,0.01879911497672999
6.66051626,0.03704890516517891
6.66055274,0.023422598611429007
6.66961145,0.015533684290836958
6.66966701,0.035370412756542305
6.6785481,0.028030823224231328
6.67857027,0.013595788509956512
6.68651748,0.02754253452353704
6.68655777,0.03561455710688945
6.71097183,0.015518425268940261
6.71109366,0.022903791866941327
6.72497416,0.03730830853742275
6.73879147,0.01889066910811017
6.73888087,0.01858548867017624
6.73895383,0.03765926604104677
6.73902464,0.023483634699015793
6.74659085,0.015533684290836958
6.74664831,0.035492484931715876
6.74669695,0.028168154421301595
6.74672508,0.014190890363927672
6.75615859,0.028244449530785077
6.75620055,0.0362554360265507
6.77965021,0.016266117341878387
6.7797296,0.023590447852292667
6.77977443,0.03808651865415427
6.77981639,0.019806210421911954
6.77985787,0.019806210421911954
6.79449034,0.03854428931105516
6.79451561,0.024536507209887846
6.79966807,0.01701380941481651
6.79974079,0.03698786907759213
6.81362462,0.029571984435797664
6.81372523,0.016113527122911423
6.8265276,0.03529411764705882
6.82656813,0.03576714732585641
6.84491539,0.017090104524299994
6.84495616,0.03125047684443427
6.84498739,0.03955138475623712
6.84648895,0.02017242694743267
6.84652638,0.027832455939574275
6.86148286,0.04141298542763409
6.86151266,0.022156099794003205
6.86648154,0.02226291294728008
6.86650634,0.04019226367589838
6.88349056,0.025848783093003737
6.88352013,0.0183413443198291
6.89447832,0.037750820172426945
6.89450288,0.029724574654764628
6.90855551,0.016479743648432136
6.90857983,0.03488212405584802
6.908602,0.034439612420843826
6.90862465,0.01606775005722133
6.92446947,0.030975814450293737
6.92453146,0.03788815136949721
6.93681192,0.01821927214465553
6.93689132,0.02673380636301213
6.95057726,0.04048218509193561
6.95065832,0.024368657969024186
6.96466255,0.02775616083009079
6.96476221,0.04727244983596551
6.96483612,0.036697947661554896
6.96490455,0.036530098420691236
6.97095776,0.05453574425879301
6.98486543,0.0366826886396582
6.98494411,0.011169604028381781
6.98950577,0.020477607385366598
6.98957443,0.028091859311818113
6.98962259,0.011551079575799192
7.01350999,0.01824979018844892
7.01354218,0.03970397497520409
7.01849484,0.026672770275425344
7.01852274,0.019851987487602044
7.02446961,0.03910887312123293
7.02449846,0.03083848325322347
7.03923202,0.018158236057068743
7.03935122,0.03726253147173266
7.05048895,0.036530098420691236
7.05057168,0.018280308232242314
7.05061746,0.0332646677347982
7.06548262,0.040009155413138014
7.06551242,0.020752269779507133
7.0884583,0.029694056610971235
7.08848667,0.042969405661097124
7.08851051,0.024200808728160526
7.11163306,0.02545204852368963
7.11174917,0.04318303196765087
7.11179471,0.02868696116578927
7.11183643,0.02238498512245365
7.11187673,0.04226749065384909
7.11448097,0.03375295643549248
7.11455393,0.021087968261234456
7.13869357,0.039917601281757836
7.13881636,0.03898680094605936
7.13889217,0.021271076523994813
7.13896203,0.036621652552071414
7.1485219,0.043259327077134355
7.14860606,0.023422598611429007
7.15510011,0.032944228274967575
7.15516782,0.046051728084229804
7.16857886,0.026825360494392308
7.16867185,0.028336003662165255
7.16874909,0.045639734493018995
7.18352985,0.030685893034256503
7.18360615,0.025177386129549097
7.19653964,0.04515144579232471
7.1966126,0.03555352101930266
7.20579553,0.022247653925383384
7.20589495,0.04089417868314641
7.21083474,0.03904783703364614
7.21101665,0.021225299458304724
7.21966505,0.03672846570534829
7.21973062,0.042420080872816054
7.23358727,0.022293430991073473
7.23368716,0.03137254901960784
7.23376489,0.04385442893110551
7.25853229,0.024414435034714275
7.25863338,0.025909819180590526
7.25867701,0.04318303196765087
7.25871611,0.02798504615854124
7.2685709,0.02226291294728008
7.26867032,0.042038605325398645
7.27696061,0.03297474631876097
7.27722621,0.020660715648126955
7.29049253,0.039459830624856945
7.29055357,0.03768978408484016
7.30405307,0.02017242694743267
7.30417371,0.03576714732585641
7.31650591,0.04141298542763409
7.31654906,0.02183566033417258
7.31658411,0.031326771953917754
7.33047032,0.043640802624551764
7.33052039,0.02447547112230106
7.33054924,0.027008468757152668
7.34571266,0.04431219958800641
7.34580064,0.028702220187685968
7.34584689,0.023361562523842222
7.35446429,0.04303044174868391
7.35449076,0.03358510719462882
7.37947059,0.02145418478675517
7.37950158,0.039841306172274354
7.37952638,0.038284885938811325
7.37955117,0.020706492713817044
7.40076065,0.03643854428931106
7.40088344,0.041428244449530784
7.40095854,0.02186617837796597
7.40102887,0.03170824750133516
7.41086912,0.043884946974898906
7.41097951,0.024582284275577935
7.42457008,0.02732890821698329
7.42462206,0.04402227817196918
7.44867873,0.028381780727855344
7.44882631,0.02374303807125963
7.44891524,0.04339665827420462
7.47375464,0.03329518577859159
7.47387719,0.02107270923933776
7.47395182,0.04014648661020829
7.47402024,0.03735408560311284
7.47409344,0.020035095750362403
7.47414422,0.03637750820172427
7.47595382,0.0409399557488365
7.47607541,0.021484702830548562
7.48955917,0.031525139238574806
7.48966098,0.04365606164644846
7.50374031,0.02459754329747463
7.50383949,0.0281528953994049
7.51292801,0.04524299992370489
7.52554011,0.029694056610971235
7.52561593,0.02459754329747463
7.53148913,0.04397650110627909
7.53154659,0.03506523231860838
7.5385046,0.02413977264057374
7.53855491,0.0430609597924773
7.54451275,0.039673456931410694
7.54455924,0.022003509575036242
7.55352831,0.03755245288776989
7.553617,0.04153505760280766
7.57669854,0.02191195544365606
7.57675624,0.03225757228961624
7.57862806,0.04339665827420462
7.59180784,0.02337682154573892
7.59186959,0.026504921034561684
7.59191585,0.043381399252307926
7.59197879,0.02746623941405356
7.60150504,0.023300526436255437
7.60153127,0.04267948424505989
7.61348462,0.03218127718013275
7.62449741,0.020874341954680704
7.62454581,0.04005493247882811
7.62457824,0.03717097734035248
7.64847684,0.02178988326848249
7.64851785,0.04075684748607614
7.64854407,0.04676890211337453
7.6485672,0.02975509269855802
7.64859271,0.04635690852216373
7.65849543,0.06021210040436408
7.65852356,0.0340886549172198
7.66948366,0.024963759822995348
7.66950965,0.03392080567635614
7.68061614,0.017334248874647136
7.68067598,0.015518425268940261
7.70452666,0.03790341039139391
7.70455503,0.030212863355458915
7.71406245,0.021133745326924545
7.71410775,0.04101625085831998
7.71417189,0.03692683299000534
7.71421504,0.020233463035019456
7.71427727,0.0371099412527657
7.72850609,0.04080262455176623
7.72853565,0.021423666742961776
7.73758459,0.03271534294651713
7.76107669,0.04377813382162203
7.76116395,0.024536507209887846
7.77493715,0.028885328450446328
7.77507377,0.04510566872663462
7.77515173,0.028580148012512397
7.78001785,0.024826428625925077
7.78007007,0.04438849469748989
7.79350948,0.03381399252307927
7.79357862,0.022964827954528116
7.79362845,0.04226749065384909
7.79366851,0.03871213855191882
7.80349874,0.022461280231937133
7.80354118,0.03944457160296025
7.8185513,0.043091477836270695
7.8186245,0.02383459220263981
7.830513,0.03561455710688945
7.83057189,0.04670786602578775
7.83626962,0.02716105897611963
7.83639097,0.031403067063401235
7.84104228,0.047684443427176315
7.84686184,0.0315403982604715
7.84711051,0.02784771496147097
7.86057138,0.04744029907682917
7.86063242,0.03598077363241016
7.87497592,0.024826428625925077
7.87509346,0.04382391088731212
7.88859367,0.04013122758831159
7.88869882,0.023468375677119097
7.88874507,0.04022278171969177
7.88878846,0.042969405661097124
7.90366006,0.023193713282978562
7.9037559,0.03480582894636454
7.90382957,0.0452124818799115
7.91861033,0.025268940260929275
7.91868854,0.02963302052338445
7.92355657,0.04516670481422141
7.92368603,0.028381780727855344
7.94764137,0.024719615472648202
7.94774365,0.044251163500419625
7.95155692,0.03251697566186008
7.95161414,0.02178988326848249
7.95854688,0.041092545967803464
7.95860338,0.03688105592431525
7.97156,0.020782787823300525
7.97160816,0.037964446478980694
7.97164559,0.04057373922331579
7.98057151,0.02136263065537499
7.99450946,0.03335622186617838
7.99455714,0.04370183871213855
7.99458885,0.024444953078507668
8.01852083,0.029434653238727397
8.01855564,0.04524299992370489
8.01858234,0.027969787136644542
8.01860666,0.025314717326619364
8.02049375,0.04473945220111391
8.02052188,0.032990005340657665
8.03448987,0.02293430991073472
8.0345161,0.04200808728160525
8.04953265,0.03726253147173266
8.04960012,0.02162203402761883
8.07363319,0.03901731898985275
8.07372332,0.04161135271229114
8.07376838,0.022415503166247044
8.07381272,0.03437857633325704
8.07675457,0.04431219958800641
8.07687759,0.02435339894712749
8.09056449,0.029312581063553826
8.09063959,0.045258258945601586
8.09952855,0.028244449530785077
8.09957647,0.02594033722438392
8.09961057,0.04486152437628748
8.12459636,0.032318608377203024
8.12466598,0.02264438849469749
8.13895345,0.04214541847867552
8.13907599,0.037125200274662394
8.13915372,0.02136263065537499
8.13922477,0.03884946974898909
8.15158653,0.04164187075608453
8.15168643,0.023437857633325704
8.15861058,0.036285954070344094
8.15865874,0.04541084916456855
8.16689134,0.024933241779201955
8.16699147,0.03163195239185168
8.18059468,0.04782177462424658
8.1945436,0.03088426031891356
8.19459915,0.0277103837644007
8.19463921,0.045960173952849626
8.19467711,0.0332494087129015
8.21859384,0.023422598611429007
8.21867728,0.04257267109178302
8.21873069,0.03663691157396811
8.2187829,0.020874341954680704
8.22066617,0.038162813763637754
8.22072601,0.03970397497520409
8.23501134,0.020950637064164186
8.23513103,0.03363088426031891
8.24518275,0.042328526741435876
8.25855494,0.022873273823147935
8.25861049,0.028900587472343024
8.27300143,0.04426642252231632
8.27312279,0.026947432669565882
8.27319741,0.024963759822995348
8.27326608,0.045960173952849626
8.27896023,0.035492484931715876
8.27910113,0.028763256275272753
8.2925396,0.051804379339284355
8.29259968,0.052185854886701764
8.30601549,0.038620584420538645
8.30613637,0.04736400396734569
8.30621147,0.03630121309224079
8.31949425,0.009704737926298924
8.31953073,0.01727321278706035
8.31956196,0.03492790112153811
8.31959057,0.020660715648126955
8.33554745,0.02293430991073472
8.33557272,0.04351873044937819
8.34850216,0.03105210955977722
8.34853458,0.02162203402761883
8.35520911,0.04130617227435721
8.3552475,0.03595025558861677
8.37655544,0.02034027618829633
8.37659216,0.038406958113984896
8.37661529,0.039459830624856945
8.37867403,0.020630197604333562
8.39149499,0.03389028763256275
8.39154029,0.04290836957351034
8.40083313,0.023437857633325704
8.40089512,0.029877164873731595
8.40992928,0.04426642252231632
8.41006565,0.026581216144045166
8.43401265,0.025680933852140077
8.43414545,0.044708934157320517
8.43422461,0.031738765545128556
8.43429637,0.022369726100556955
8.43436337,0.04267948424505989
8.45056248,0.0366826886396582
8.45065355,0.022247653925383384
8.45653629,0.04023804074158847
8.45660853,0.04174868390936141
8.45665503,0.023041123064011598
8.47055554,0.03651483939879454
8.47058249,0.045304036011291675
8.4864769,0.025635156786449988
8.49847698,0.03259327077134356
8.49851441,0.04725719081406882
8.49853945,0.029144731822690166
8.49856377,0.028000305180437935
8.49858785,0.046509498741130695
8.51362538,0.03309681849393454
8.51370144,0.023956664377813384
8.52647686,0.043640802624551764
8.52651501,0.0371099412527657
8.5327301,0.022034027618829635
8.53278327,0.039505607690547034
8.54553699,0.040009155413138014
8.54559851,0.020874341954680704
8.56959009,0.0345616845960174
8.5696497,0.04235904478522927
8.56969261,0.02255283436331731
8.56973433,0.02925154497596704
8.57188916,0.043167772945754176
8.58155131,0.024750133516441595
8.58160806,0.02423132677195392
8.59080219,0.04277103837644007
8.59084153,0.029022659647516595
8.61488032,0.020950637064164186
8.61496639,0.04074158846417945
8.61502123,0.03414969100480659
8.61507368,0.019806210421911954
8.62952089,0.0375219348439765
8.62956262,0.03802548256656748
8.62959337,0.019684138246738384
8.62962222,0.0336919203479057
8.64487147,0.04118410009918364
8.64656067,0.021393148699168384
8.64660835,0.02877851529716945
8.66319752,0.04318303196765087
8.66323972,0.025223163195239186
8.680619,0.024826428625925077
8.68070698,0.0426489662012665
8.68076277,0.028946364538033113
8.68081546,0.021225299458304724
8.69049549,0.04098573281452659
8.69054103,0.033829251544975965
8.6998682,0.01974517433432517
8.69992256,0.03772030212863355
8.70454812,0.038117036697947665
8.71850324,0.020019836728465707
8.71853447,0.03385976958876936
8.72448182,0.041046768902113374
8.72451401,0.02107270923933776
8.73863053,0.028992141603723202
8.73868608,0.04219119554436561
8.76150227,0.024414435034714275
8.7615335,0.02452124818799115
8.76349068,0.043167772945754176
8.76351953,0.030212863355458915
8.76354241,0.023147936217288473
8.7635653,0.042420080872816054
8.7864871,0.03434805828946365
8.78653622,0.020752269779507133
8.7865684,0.040283817807278556
8.79849005,0.04042114900434882
8.8125391,0.021210040436408027
8.81262159,0.034439612420843826
8.81267953,0.04153505760280766
8.81273484,0.02145418478675517
8.82979774,0.02908369573510338
8.82984543,0.04260318913557641
8.82987738,0.022781719691767757
8.83418941,0.02252231631952392
8.83421516,0.04106202792401007
8.84647036,0.027008468757152668
8.84650517,0.019958800640878918
8.86351514,0.03982604715037766
8.86355495,0.0315556572823682
8.87672043,0.01777676050965133
8.87679768,0.036621652552071414
8.88153219,0.036285954070344094
8.88159513,0.01799038681620508
8.89026165,0.03305104142824445
8.89030337,0.04260318913557641
8.90171838,0.026001373311970704
8.90179229,0.03764400701915007
8.90349793,0.05700770580605783
8.91655183,0.04339665827420462
8.91661692,0.03808651865415427
8.93051934,0.04202334630350195
8.9305532,0.016983291371023116
8.93986344,0.006759746700236515
8.9399631,0.024719615472648202
8.94003916,0.028809033340962846
8.94009757,0.015197985809109636
8.95449066,0.026901655603875793
8.95456791,0.04080262455176623
8.96850371,0.021759365224689096
8.96855783,0.022156099794003205
8.96859694,0.040375371938658734
8.98396349,0.026123445487144275
8.98408532,0.01965362020294499
9.00654507,0.039581902800030516
9.00659418,0.03147936217288472
9.0206039,0.01821927214465553
9.02070022,0.036697947661554896
9.02075958,0.03637750820172427
9.02082181,0.018326085297932403
9.02752423,0.03308155947203784
9.02758074,0.039719233997100784
9.03381801,0.020111390859845885
9.03386164,0.028717479209582664
9.04013562,0.04168764782177462
9.06500506,0.023193713282978562
9.0650506,0.02442969405661097
9.07857847,0.042664225223163196
9.07864785,0.02789349202716106
9.07870054,0.021484702830548562
9.0787499,0.041626611734187836
9.07879829,0.03347829404135195
9.07884717,0.02029449912260624
9.09053135,0.03904783703364614
9.09059739,0.03848325322346838
9.1019094,0.02029449912260624
9.10195041,0.035324635690852216
9.1037662,0.041931792172121764
9.12797856,0.022186617837796598
9.12805414,0.030716411078049895
9.12809968,0.04336614023041123
9.12814116,0.02423132677195392
9.13977194,0.025574120698863202
9.13979626,0.042755779354543375
9.14589238,0.02737468528267338
9.1459198,0.02093537804226749
9.16056156,0.04025329976348516
9.16061926,0.03125047684443427
9.16550708,0.01794460975051499
9.16556048,0.03651483939879454
9.17989469,0.03506523231860838
9.18917799,0.017120622568093387
9.20191789,0.0319829098954757
9.20196962,0.03865110246433204
9.20684934,0.01777676050965133
9.20692921,0.02673380636301213
9.21360183,0.039627679865720605
9.21367788,0.020752269779507133
9.22154355,0.02243076218814374
9.22160506,0.039505607690547034
9.23677778,0.02468909742885481
9.2368207,0.01896696421759365
9.23684764,0.03904783703364614
9.26849461,0.029831387808041506
9.2685461,0.017059586480506598
9.26857877,0.03601129167620355
9.26860833,0.03433279926756695
9.27047396,0.01675440604257267
9.27050972,0.03189135576409552
9.27971745,0.03781185626001373
9.27978826,0.01808194094758526
9.28858519,0.027344167238879988
9.28867197,0.040543221179522394
9.30157828,0.021515220874341955
9.30165267,0.023270008392462044
9.31560087,0.04042114900434882
9.32059336,0.024933241779201955
9.32066989,0.01953154802777142
9.3265543,0.03915465018692302
9.32661653,0.029999237048905166
9.33357644,0.017242694743266958
9.33364868,0.03610284580758373
9.34701586,0.03418020904859999
9.34713697,0.01641870756084535
9.36060405,0.031952391851682305
9.36068058,0.03785763332570382
9.38504601,0.018158236057068743
9.38516927,0.027908751049057757
9.38524461,0.04081788357366293
9.39856243,0.022400244144350347
9.39862609,0.024902723735408562
9.39867663,0.04219119554436561
9.39872646,0.02630655374990463
9.4068563,0.02157625696192874
9.4069562,0.041992828259708556
9.41409636,0.03228809033340963
9.41421866,0.019470511940184634
9.43664098,0.037537193865873196
9.43673038,0.03492790112153811
9.44596958,0.01760891126878767
9.44609356,0.0328374151216907
9.44616771,0.03772030212863355
9.45970798,0.01760891126878767
9.45978498,0.026855878538185704
9.46861482,0.038742656595712216
9.46870685,0.019714656290531776
9.46876264,0.022415503166247044
9.46881342,0.03942931258106355
9.48098183,0.02391088731212329
9.48110414,0.018951705195696954
9.49588752,0.03871213855191882
9.49596405,0.028717479209582664
9.50873971,0.016784924086366063
9.508811,0.03683527885862516
9.50886631,0.03744563973449302
9.51480794,0.022827496757457846
9.5148499,0.04238956282902266
9.5235281,0.05429159990844587
9.52356339,0.038788433661402305
9.53663325,0.042465857938506144
9.5367043,0.03904783703364614
9.54848933,0.009277485313191424
9.54852509,0.005951018539711604
9.55953145,0.024277103837644008
9.5595758,0.026932173647669186
9.57383108,0.01470969710841535
9.5739994,0.027725642786297397
9.5740757,0.03978027008468757
9.57877874,0.01998931868467231
9.57889819,0.022583352407110704
9.59160995,0.039795529106584265
9.59168744,0.02426184481574731
9.60062742,0.01965362020294499
9.60069895,0.03920042725261311
9.62459207,0.029282063019760433
9.62466812,0.017883573662928205
9.62471318,0.03759822995345998
9.62475514,0.03479056992446784
9.63985872,0.017410543984130618
9.63996053,0.033447775997558556
9.64003825,0.03822384985122454
9.64598989,0.01884489204242008
9.64611173,0.02954146639200427
9.65989423,0.041336690318150605
9.65997028,0.021805142290379186
9.67398429,0.025223163195239186
9.67410326,0.04257267109178302
9.68647671,0.026825360494392308
9.68650675,0.022415503166247044
9.6914897,0.042084382391088734
9.6915164,0.03175402456702525
9.70089149,0.020462348363469902
9.70091724,0.03973449301899748
9.70094085,0.03700312809948882
9.71808338,0.020630197604333562
9.71812177,0.03680476081483177
9.72450733,0.041290913252460516
9.74875712,0.02178988326848249
9.74889636,0.032120241092545965
9.7489717,0.043167772945754176
9.7490406,0.023804074158846417
9.74910784,0.027176317998016328
9.75551414,0.043427176317998015
9.75555015,0.027008468757152668
9.77206635,0.022781719691767757
9.7720964,0.04180971999694819
9.78082728,0.031280994888227664
9.78093171,0.019958800640878918
9.79853868,0.03877317463950561
9.79859829,0.03518730449378195
9.82152915,0.018402380407415885
9.82161784,0.034653238727397576
9.82879448,0.03820859082932784
9.8288579,0.018371862363622492
9.84292936,0.02937361715114061
9.84306717,0.040833142595559625
9.84314513,0.021103227283131153
9.84321547,0.024628061341268024
9.84328246,0.041336690318150605
9.84861803,0.025146868085755704
9.84868503,0.021271076523994813
9.86160541,0.040543221179522394
9.86168408,0.029907682917524988
9.88553333,0.01910429541466392
9.88561153,0.03869687953002213
9.88566041,0.03480582894636454
9.88569474,0.018158236057068743
9.89073586,0.0349736781872282
9.89079642,0.03898680094605936
9.90184402,0.01953154802777142
9.90197158,0.03079270618753338
9.90352798,0.041596093690394444
9.9119966,0.022018768596932938
9.91211796,0.02606240939955749
9.93564796,0.04238956282902266
9.93573689,0.026031891355764097
9.93579125,0.02255283436331731
9.93584108,0.041626611734187836
9.94596195,0.029907682917524988
9.94608212,0.01892118715190356
9.96202898,0.03884946974898909
9.96210504,0.0349584191653315
9.96214962,0.018600747692072938
9.96219158,0.03506523231860838
9.97068858,0.038406958113984896
9.9954834,0.019348439765011063
9.99555922,0.030945296406500344
9.99560356,0.04168764782177462
9.99564695,0.0217441062027924
10.00056148,0.02639810788128481
10.00061941,0.04312199588006409
10.01497698,0.02713054093232624
10.01509833,0.024109254596780347
10.02392697,0.043167772945754176
10.02400327,0.03164721141374838
10.04800105,0.021805142290379186
10.0481236,0.04213015945677882
10.04820013,0.037964446478980694
10.07050085,0.02111848630502785
10.07053256,0.036957351033798734
10.07055736,0.03938353551537346
10.07058048,0.020157167925535974
10.09549022,0.031525139238574806
10.09551764,0.04130617227435721
10.09554148,0.021271076523994813
10.0955646,0.02545204852368963
10.09558749,0.04187075608453498
10.09561062,0.025223163195239186
10.09848356,0.0217441062027924
10.09850788,0.04069581139848936
10.12051249,0.029388876173037308
10.12058115,0.019348439765011063
10.14475489,0.03897154192416266
10.14489126,0.03433279926756695
10.14496803,0.01799038681620508
10.14504123,0.03643854428931106
10.14510894,0.04248111696040284
10.1451757,0.025436789501792935
10.15461111,0.040543221179522394
10.15469146,0.0563057907988098
10.16860557,0.04065003433279927
10.16867638,0.03892576485847257
10.18296051,0.04101625085831998
10.19007921,0.014312962539101243
10.19013047,0.006424048218509193
10.20153642,0.024048218509193562
10.20159888,0.03192187380788891
10.20379591,0.017212176699473565
10.2038691,0.031403067063401235
10.21296167,0.04132143129625391
10.21309924,0.02119478141451133
10.22562194,0.0260166323338674
10.22571373,0.04226749065384909
10.23999286,0.025223163195239186
10.24011278,0.023010605020218206
10.24496794,0.04240482185091936
10.25871563,0.030289158464942397
10.25879025,0.02038605325398642
10.25882769,0.040283817807278556
10.25886154,0.0354009308003357
10.27370763,0.01957732509346151
10.27390814,0.03701838712138552
10.27400374,0.03955138475623712
10.27407527,0.020660715648126955
10.29853201,0.033112077515831236
10.29863358,0.04284733348592355
10.31189656,0.02333104448004883
10.31203532,0.02877851529716945
10.31211162,0.04431219958800641
10.33566713,0.02763408865491722
10.33578682,0.02554360265506981
10.33586597,0.044632639047837035
10.33593678,0.032867933165484094
10.35087132,0.02333104448004883
10.35099053,0.042755779354543375
10.35103512,0.03790341039139391
10.35107684,0.022461280231937133
10.355546,0.039719233997100784
10.35561156,0.041931792172121764
10.36966801,0.022751201647974364
10.36977863,0.035248340581368734
10.38385868,0.044922560463874266
10.38940716,0.024963759822995348
10.38947773,0.030518043793392843
10.39656401,0.045593957427328906
10.39661217,0.02763408865491722
10.40252042,0.02532997634851606
10.40257144,0.04443427176317998
10.41155887,0.03201342793926909
10.41160893,0.02169832913710231
10.43469429,0.04098573281452659
10.434798,0.035706111238269625
10.4417665,0.0200503547722591
10.44185066,0.037415121690699625
10.44192076,0.03915465018692302
10.4556694,0.01986724650949874
10.45573711,0.03245593957427329
10.45577288,0.04164187075608453
10.45580626,0.021942473487449453
10.47076774,0.027557793545433737
10.4708426,0.04298466468299382
10.4755528,0.025925078202487222
10.47559118,0.024170290684367133
10.50031018,0.043091477836270695
10.50034285,0.030518043793392843
10.50036764,0.021164263370717938
10.50039124,0.04106202792401007
10.50042558,0.0354009308003357
10.51455426,0.020065613794155796
10.51458097,0.03778133821622034
10.53148413,0.03976501106279087
10.53151178,0.020691233691920347
10.53349614,0.033325703822384985
10.533566,0.04272526131074998
10.55655026,0.023086900129701687
10.55657601,0.029053177691309988
10.58051014,0.0439459830624857
10.5805366,0.02594033722438392
10.58055997,0.024383916990920882
10.58058333,0.043549248493171586
10.60555005,0.030685893034256503
10.60561919,0.02162203402761883
10.60565162,0.041504539559014265
10.6056819,0.03546196688792248
10.60571194,0.020202944991226063
10.60574222,0.03784237430380712
10.61150551,0.03955138475623712
10.61154461,0.020660715648126955
10.62595296,0.033325703822384985
10.62609553,0.04235904478522927
10.63957405,0.022751201647974364
10.63964367,0.02896162355992981
10.63968897,0.04399176012817579
10.64590073,0.026123445487144275
10.6460011,0.02456702525368124
10.65959835,0.04382391088731212
10.65966535,0.03108262760357061
10.66864228,0.02204928664072633
10.66872168,0.04235904478522927
10.69281411,0.037125200274662394
10.69293642,0.022369726100556955
10.696522,0.03968871595330739
10.69658256,0.04080262455176623
10.70555544,0.022537575341420615
10.70560503,0.03649958037689784
10.7056427,0.04531929503318837
10.71485877,0.024750133516441595
10.71494365,0.030594338902876324
10.73012519,0.045258258945601586
10.73019028,0.027054245822842757
10.73414707,0.025513084611276417
10.73420668,0.04379339284351873
10.75800371,0.030045014114595255
10.7581234,0.021087968261234456
10.75819826,0.041046768902113374
10.75826764,0.03451590753032731
10.76658559,0.019668879224841687
10.76664639,0.037918669413290605
10.77362394,0.03904783703364614
10.78288412,0.020157167925535974
10.7829833,0.033539330128938734
10.80560613,0.041931792172121764
10.80567241,0.022186617837796598
10.81062484,0.029724574654764628
10.81072307,0.04719615472648203
10.82477999,0.03224231326771954
10.82487106,0.033325703822384985
10.82491565,0.057160296025024794
10.82495713,0.04847791256580453
10.83956861,0.03305104142824445
10.83963108,0.04022278171969177
10.83967614,0.024536507209887846
10.84547615,0.008239871824216068
10.84550261,0.0238803692683299
10.8596034,0.03677424277103838
10.8597033,0.020904859998474096
10.8838079,0.029495689326314183
10.88392997,0.044174868390936144
10.88400435,0.025879301136797133
10.8840723,0.025146868085755704
10.88564372,0.043961242084382395
10.8857429,0.03079270618753338
10.89966059,0.022537575341420615
10.89973807,0.042542153047989625
10.89978313,0.035919737544823374
10.91451764,0.02124055848020142
10.91454792,0.039505607690547034
10.93850088,0.04029907682917525
10.9385283,0.022125581750209813
10.93855309,0.0358129243915465
10.93857646,0.043762874799725335
10.94449902,0.02397192339971008
10.94452405,0.031280994888227664
10.95854259,0.04586861982146944
10.95856667,0.027679865720607308
10.96448326,0.027344167238879988
10.96450853,0.046219577325093464
10.99857521,0.033035782406347754
10.99866295,0.025055313954375526
10.99870801,0.04486152437628748
10.99875093,0.03854428931105516
11.00154448,0.023849851224536506
11.00160122,0.042206454566262305
11.00955296,0.042877851529716945
11.0096004,0.024383916990920882
11.02394748,0.03846799420157168
11.02406836,0.046128023193713286
11.03155088,0.026199740596627757
11.03162551,0.03364614328221561
11.04554439,0.04777599755855649
11.05982733,0.02954146639200427
11.05993128,0.02908369573510338
11.05997849,0.047470817120622566
11.06002712,0.03346303501945525
11.06954026,0.02508583199816892
11.06960177,0.04507515068284123
11.07856464,0.03782711528191043
11.07862258,0.022964827954528116
11.0928905,0.040924696726939803
11.09299326,0.04127565423056382
11.11552978,0.022537575341420615
11.11557746,0.036087586785687034
11.11560941,0.0439154650186923
11.11563897,0.023651483939879453
11.11566782,0.03126573586633097
11.12583899,0.0456092164492256
11.12595963,0.027222095063706417
11.13511014,0.02696269169146258
11.13516545,0.04573128862439917
11.14429379,0.03179980163271534
11.14433527,0.024002441443503473
11.15658879,0.04409857328145266
11.15662742,0.03704890516517891
11.18060136,0.022980086976424813
11.18067718,0.04147402151522087
11.18073106,0.041672388799877925
11.18390894,0.022964827954528116
11.18397975,0.037293049515526054
11.19151759,0.04472419317921721
11.19155359,0.02481116960402838
11.20053315,0.03279163805600061
11.20057797,0.04686045624475471
11.21448731,0.02861066605630579
11.21451163,0.028671702143892575
11.24301863,0.04676890211337453
11.2430768,0.032867933165484094
11.24311543,0.025146868085755704
11.24314475,0.0451972228580148
11.24317312,0.03735408560311284
11.24320507,0.023392080567635615
11.24323297,0.04194705119401846
11.25651407,0.041794460975051496
11.25654483,0.02337682154573892
11.27344704,0.03773556115053025
11.29452825,0.04499885557335775
11.29461098,0.0251621271076524
11.30354118,0.03314259555962463
11.3035872,0.046890974288548104
11.30592823,0.028336003662165255
11.30597186,0.028625925078202486
11.30600309,0.04699778744182498
11.31457376,0.032944228274967575
11.31465292,0.025391012436102846
11.32395124,0.045181963836118104
11.3240726,0.03805600061036087
11.3368299,0.023529411764705882
11.33687806,0.042221713588159
11.36057067,0.04165712977798123
11.36064696,0.023559929808499275
11.36969137,0.038040741588464176
11.36975169,0.04510566872663462
11.36979723,0.02511635004196231
11.36983871,0.03331044480048829
11.38361073,0.04719615472648203
11.38371062,0.028458075837338826
11.38377047,0.029144731822690166
11.39362025,0.0473182269016556
11.39370847,0.033234149691004806
11.42676449,0.026123445487144275
11.42686105,0.04628061341268025
11.42851686,0.03904783703364614
11.42856622,0.025604638742656595
11.42860341,0.04385442893110551
11.42863703,0.04327458609903105
11.43050551,0.025848783093003737
11.43055224,0.041092545967803464
11.43956161,0.04785229266803998
11.44905925,0.027191577019913024
11.44913054,0.034866865033951325
11.45801473,0.04794384679942016
11.45813441,0.02896162355992981
11.48061562,0.02954146639200427
11.4806931,0.0473334859235523
11.48074841,0.03230334935530633
11.48079896,0.024933241779201955
11.49107575,0.044678416113527124
11.49119711,0.03654535744258793
11.50153303,0.023025864042114902
11.50159454,0.04165712977798123
11.505162,0.04119935912108034
11.51347566,0.023025864042114902
11.51351762,0.03759822995345998
11.53729701,0.04472419317921721
11.53738952,0.024628061341268024
11.53854299,0.03517204547188525
11.53859162,0.05146868085755703
11.5465157,0.03463797970550088
11.54657173,0.03846799420157168
11.55553269,0.060990310521095596
11.55557537,0.04840161745632105
11.56961989,0.03175402456702525
11.56968498,0.038620584420538645
11.56972265,0.024200808728160526
11.58450007,0.01228351262684062
11.58453083,0.029846646829938202
11.59854269,0.04036011291676204
11.59860086,0.023392080567635615
11.61154604,0.03309681849393454
11.61158729,0.04603646906233311
11.61348128,0.02691691462577249
11.61350894,0.02806134126802472
11.62166071,0.04635690852216373
11.62173128,0.03176928358892195
11.63556814,0.02481116960402838
11.63562894,0.04457160296025025
11.63567519,0.036575875486381325
11.65051413,0.023422598611429007
11.6505444,0.04205386434729534
11.66447949,0.04106202792401007
11.66450405,0.023254749370565347
11.66947913,0.03830014496070802
11.66950345,0.04464789806973373
11.67647672,0.02485694666971847
11.67649961,0.03379873350118257
11.69054389,0.04707408255130846
11.69056654,0.02839703974975204
11.69949007,0.029663538567177843
11.71386456,0.04757763027389944
11.72652721,0.032990005340657665
11.72661662,0.026413366903181506
11.74086547,0.04620431830319677
11.74094868,0.03805600061036087
11.74100375,0.024551766231784542
11.74105549,0.043335622186617836
11.74560022,0.042374303807125965
11.74567556,0.024216067750057222
11.75485206,0.03938353551537346
11.75495267,0.04574654764629587
11.77874327,0.025574120698863202
11.77881932,0.034607461661707486
11.78798103,0.04754711223010605
11.80058289,0.02810711833371481
11.80064797,0.029449912260624093
11.80069089,0.047302967879758906
11.8007257,0.03218127718013275
11.81485963,0.025314717326619364
11.81495929,0.04498359655146105
11.81503677,0.03588921950102998
11.81522822,0.022583352407110704
11.82403398,0.04122987716487373
11.82413268,0.039246204318303196
11.83255124,0.021255817502098116
11.83260012,0.03642328526741436
11.84591961,0.04214541847867552
11.85973048,0.022018768596932938
11.85981083,0.031143663691157397
11.85986352,0.0439002059967956
11.85990548,0.024979018844892044
11.86954308,0.0264438849469749
11.86959338,0.044129091325246055
11.87883687,0.02896162355992981
11.87890816,0.023041123064011598
11.89275217,0.04257267109178302
11.89283061,0.03381399252307927
11.90593719,0.02102693217364767
11.90600491,0.03997863736934462
11.91463876,0.03822384985122454
11.93057585,0.020447089341573205
11.93065262,0.03588921950102998
11.93069816,0.041992828259708556
11.93074012,0.021896696421759364
11.93852568,0.030930037384603648
11.93857598,0.04377813382162203
11.9445796,0.02481116960402838
11.94467711,0.026489662012664988
11.95881057,0.04382391088731212
11.9589324,0.028747997253376057
11.9716351,0.022781719691767757
11.97171164,0.04267948424505989
11.97175694,0.033203631647211414
11.9875133,0.020035095750362403
11.98754835,0.03909361409933623
11.98757315,0.037628747997253374
12.00456262,0.01974517433432517
12.0046401,0.035080491340505074
12.0106411,0.04081788357366293
12.0107069,0.020813305867093918
12.02460098,0.03031967650873579
12.02466702,0.042999923704890516
12.04858661,0.0234531166552224
12.04868388,0.02542153047989624
12.04874158,0.043335622186617836
12.0629611,0.027908751049057757
12.06309724,0.022110322728313116
12.06874776,0.0417792019531548
12.06881523,0.032272831311512935
12.07663083,0.019623102159151598
12.0766921,0.038910505836575876
12.08155799,0.036621652552071414
12.0816195,0.019043259327077136
12.10555458,0.034576943617914094
12.10564399,0.039963378347447925
12.10569096,0.020202944991226063
12.10573268,0.029999237048905166
12.10577273,0.04214541847867552
12.12073159,0.022873273823147935
12.12083554,0.025192645151445793
12.12091088,0.042633707179369804
12.12097907,0.02746623941405356
12.13560796,0.022613870450904097
12.13567591,0.042420080872816054
12.14548278,0.0328374151216907
12.14554691,0.019928282597085525
12.1687119,0.03952086671244373
12.16888213,0.03842221713588159
12.168962,0.020965896086060882
12.16904736,0.0362706950484474
12.16911411,0.040955214770733196
12.18357754,0.020141908903639278
12.18363976,0.02970931563286793
12.1888535,0.04168764782177462
12.1889255,0.022415503166247044
12.20262122,0.02435339894712749
12.20269728,0.04106202792401007
12.21059656,0.024979018844892044
12.21065664,0.019714656290531776
12.23452711,0.03968871595330739
12.23456216,0.029999237048905166
12.23459268,0.01715114061188678
12.23464823,0.03660639353017472
12.23468566,0.03442435339894713
12.24958467,0.016906996261539634
12.24964452,0.03254749370565347
12.25789571,0.03813229571984436
12.2579248,0.020691233691920347
12.26959109,0.033447775997558556
12.26968241,0.04744029907682917
12.28350258,0.03213550011444266
12.28353333,0.04101625085831998
12.29754615,0.05505455100328069
12.29757118,0.027313649195086595
12.29759073,0.010345616845960174
12.29761386,0.023559929808499275
12.30648971,0.02320897230487526
12.31349659,0.00955214770733196
12.31353855,0.023819333180743113
12.32586813,0.03909361409933623
12.32594061,0.020630197604333562
12.34960485,0.02285801480125124
12.34967923,0.03955138475623712
12.36369944,0.02409399557488365
12.36377764,0.01957732509346151
12.36382246,0.03944457160296025
12.36386371,0.029236285954070344
12.37661767,0.017135881589990083
12.37669706,0.0366826886396582
12.37673521,0.03413443198290989
12.38562059,0.016937514305333027
12.38568044,0.033035782406347754
12.39502692,0.03822384985122454
12.39514661,0.01846341649500267
12.40850353,0.028763256275272753
12.40853405,0.040543221179522394
12.42273855,0.021499961852445258
12.42281032,0.024551766231784542
12.43073964,0.04168764782177462
12.43081021,0.025650415808346684
12.43086648,0.02084382391088731
12.43091607,0.04065003433279927
12.43096447,0.03100633249408713
12.4455061,0.019058518348973832
12.46006203,0.038406958113984896
12.46019912,0.03567559319447623
12.47358322,0.018600747692072938
12.47365904,0.03523308155947204
12.47369671,0.040039673456931414
12.4864881,0.01991302357518883
12.49376702,0.030243381399252308
12.49390221,0.041931792172121764
12.50657487,0.022964827954528116
12.50666285,0.026001373311970704
12.52079844,0.042664225223163196
12.52091074,0.026169222552834364
12.52098727,0.021438925764858473
12.52406454,0.040924696726939803
12.52420235,0.030472266727702754
12.54655838,0.018280308232242314
12.5466342,0.03755245288776989
12.54849339,0.034317540245670256
12.54853463,0.016769665064469367
12.55775237,0.03276112001220722
12.55786228,0.03733882658121614
12.56600785,0.01710536354619669
12.56613159,0.02732890821698329
12.56754565,0.03910887312123293
12.58056855,0.019928282597085525
12.58064771,0.02272068360418097
12.60457015,0.0396429388876173
12.60464954,0.023529411764705882
12.60956645,0.019089036392767225
12.60962677,0.038788433661402305
12.6155436,0.028091859311818113
12.61560297,0.016556038757915618
12.621557,0.03620965896086061
12.62162924,0.03297474631876097
12.63584232,0.01589990081635767
12.63597775,0.03230334935530633
12.63606834,0.03694209201190204
12.64853573,0.01715114061188678
12.64859676,0.027969787136644542
12.66299748,0.039459830624856945
12.66314864,0.020035095750362403
12.68561769,0.023346303501945526
12.68570781,0.03993286030365453
12.69498587,0.023422598611429007
12.69511008,0.01957732509346151
12.69518471,0.03904783703364614
12.69523787,0.028336003662165255
12.70886707,0.016830701152056152
12.70894384,0.036743724727244985
12.70899105,0.03274586099031052
12.71659446,0.015884641794460974
12.71666503,0.03247119859616999
12.7310257,0.03682001983672847
12.73114777,0.016815442130159456
12.75495887,0.0277103837644007
12.75505018,0.03904783703364614
12.75510526,0.01957732509346151
12.75515485,0.023270008392462044
12.7552042,0.039963378347447925
12.75525331,0.023422598611429007
12.76955318,0.019180590524147403
12.76959038,0.03889524681467918
12.76962161,0.028198672465094988
12.78452754,0.016891737239642938
12.78456497,0.03643854428931106
12.79902577,0.032532234683756774
12.79914594,0.01582360570687419
12.81149292,0.03254749370565347
12.81152439,0.03688105592431525
12.8135016,0.01701380941481651
12.81352568,0.028076600289921417
12.82174087,0.03913939116502632
12.82184029,0.019546807049668116
12.83565044,0.023529411764705882
12.83572078,0.041092545967803464
12.85061049,0.02508583199816892
12.85069585,0.02124055848020142
12.86496663,0.04023804074158847
12.86510277,0.029388876173037308
12.87535024,0.019455252918287938
12.87545466,0.03968871595330739
12.8755033,0.03530937666895552
12.8755455,0.01794460975051499
12.88894582,0.03392080567635614
12.88905549,0.03761348897535668
12.90209055,0.01722743572137026
12.90226531,0.028412298771648737
12.90234065,0.039124132143129625
12.91656065,0.01892118715190356
12.91662502,0.02276646066987106
12.93099713,0.039246204318303196
12.93111968,0.02293430991073472
12.93600893,0.019043259327077136
12.9361217,0.03842221713588159
12.94494367,0.0272983901731899
12.94502664,0.0162050812542916
12.95393014,0.03613336385137713
12.95398855,0.032227054245822846
12.96586108,0.01568627450980392
12.96598125,0.03468375677119097
12.9796133,0.041092545967803464
12.99381161,0.022919050888838024
12.99389052,0.03813229571984436
12.99393606,0.055771725032425425
12.99397802,0.034866865033951325
13.00863218,0.027740901808194093
13.00870872,0.03219653620202945
13.00874639,0.010315098802166781
13.00878096,0.005142290379186694
13.02380729,0.023727779049362935
13.02393031,0.032074464026855876
13.03657675,0.015518425268940261
13.03665185,0.02844281681544213
13.04553723,0.038788433661402305
13.05956769,0.018814373998626687
13.05963612,0.023086900129701687
13.0597012,0.03961242084382391
13.05975127,0.02299534599832151
13.06960654,0.019623102159151598
13.06966877,0.03913939116502632
13.07963681,0.02801556420233463
13.07967901,0.01739528496223392
13.09150124,0.037415121690699625
13.09154367,0.03297474631876097
13.11557579,0.016556038757915618
13.11565304,0.033875028610666054
13.11569953,0.03747615777828641
13.11574173,0.01777676050965133
13.1157825,0.029480430304417486
13.123981,0.03990234225986114
13.12410426,0.020355535210193027
13.13975263,0.025268940260929275
13.13984108,0.041672388799877925
13.14660501,0.024795910582131684
13.14666533,0.02191195544365606
13.16467309,0.041382467383840695
13.16473484,0.03015182726787213
13.18359494,0.019623102159151598
13.18367434,0.03978027008468757
13.18373036,0.03552300297550927
13.19499421,0.019165331502250707
13.19511557,0.03598077363241016
13.20366359,0.0392156862745098
13.20373988,0.01948577096208133
13.21316767,0.031189440756847486
13.21322083,0.04164187075608453
13.2132659,0.02204928664072633
13.2133081,0.026489662012664988
13.23582172,0.04248111696040284
13.2359426,0.024979018844892044
13.24253869,0.021652552071412222
13.24259973,0.0409399557488365
13.24264407,0.029236285954070344
13.25453353,0.018432898451209278
13.25457096,0.03773556115053025
13.25460172,0.033203631647211414
13.25463152,0.016403448538948654
13.26952147,0.03334096284428168
13.26955366,0.036453803311207754
13.27910805,0.016739147020675974
13.29795551,0.028503852903028915
13.29809499,0.039002059967956054
13.29817128,0.019119554436560618
13.31069684,0.023758297093156328
13.31073833,0.039963378347447925
13.31655335,0.023132677195391776
13.31662369,0.020019836728465707
13.32380462,0.03935301747158007
13.32388377,0.027832455939574275
13.33656812,0.017715724422064545
13.33665514,0.03759822995345998
13.3445611,0.03268482490272374
13.34462214,0.016556038757915618
13.36778975,0.03390554665445945
13.36792755,0.03677424277103838
13.36800432,0.017349507896543832
13.3680737,0.02912947280079347
13.3681407,0.03938353551537346
13.38158441,0.0200503547722591
13.3816483,0.02439917601281758
13.39053392,0.0405279621576257
13.39057803,0.023590447852292667
13.40460253,0.020828564888990615
13.40467954,0.0401007095445182
13.42897868,0.02822919050888838
13.42910099,0.018265049210345618
13.42917967,0.037918669413290605
13.42924881,0.03263904783703365
13.43669224,0.01651026169222553
13.436759,0.03375295643549248
13.43884897,0.03665217059586481
13.45161915,0.017242694743266958
13.4516902,0.029358358129243915
13.45398068,0.03949034866865034
13.45405245,0.01974517433432517
13.47072983,0.024551766231784542
13.47077775,0.040543221179522394
13.49078751,0.023422598611429007
13.49088526,0.02093537804226749
13.49094915,0.04029907682917525
13.49100995,0.028091859311818113
13.50054193,0.01782253757534142
13.50060201,0.03778133821622034
13.50064707,0.032990005340657665
13.51573753,0.016769665064469367
13.51580906,0.03414969100480659
13.5245862,0.03735408560311284
13.52464747,0.01863126573586633
13.54858327,0.03129625391012436
13.5486412,0.041092545967803464
13.54868531,0.021133745326924545
13.54872537,0.02661173418783856
13.55609322,0.04341191729610132
13.55628061,0.026245517662317846
13.57685184,0.023468375677119097
13.57689524,0.04238956282902266
13.57692671,0.029388876173037308
13.58490705,0.018982223239490347
13.58493257,0.038406958113984896
13.59954047,0.03305104142824445
13.59958673,0.017212176699473565
13.61586666,0.034271763179980166
13.61589599,0.03637750820172427
13.61592054,0.01675440604257267
13.61594367,0.02896162355992981
13.62651062,0.03889524681467918
13.62653995,0.01924162661173419
13.63544321,0.024826428625925077
13.6354866,0.040497444113832305
13.63994074,0.023147936217288473
13.65389609,0.02084382391088731
13.66649103,0.04055848020141909
13.66656423,0.03126573586633097
13.66935849,0.023422598611429007
13.66941524,0.044968337529564355
13.68170524,0.0434882124055848
13.68178463,0.03392080567635614
13.68682456,0.04881361104753185
13.68696213,0.04013122758831159
13.68706727,0.009445334554055084
13.70092201,0.012771801327534905
13.70095229,0.02865644312199588
13.7075243,0.020233463035019456
13.73049283,0.013824673838406958
13.73052287,0.03250171663996338
13.73054719,0.036530098420691236
13.73057032,0.017303730830853743
13.73349762,0.029571984435797664
13.73353338,0.039337758449683374
13.74650264,0.019424734874494545
13.74652958,0.025360494392309453
13.75354314,0.04127565423056382
13.75356793,0.023514152742809186
13.76649594,0.021377889677271687
13.76652503,0.040787365529869536
13.78050828,0.028625925078202486
13.80048394,0.019302662699320974
13.80050993,0.03913939116502632
13.80053353,0.03356984817273213
13.80055666,0.017792019531548027
13.80348754,0.036087586785687034
13.80351305,0.038284885938811325
13.81649995,0.018997482261387044
13.81652641,0.0319829098954757
13.81849527,0.04144350347142748
13.81852126,0.021499961852445258
13.84350348,0.027191577019913024
13.84352899,0.04286259250782025
13.86673665,0.02566567483024338
13.86680341,0.023941405355916687
13.86683846,0.043167772945754176
13.86687016,0.03125047684443427
13.86852145,0.021728847180895704
13.86856413,0.04156557564660105
13.881706,0.0362706950484474
13.88178444,0.02072175173571374
13.89659429,0.03819333180743115
13.89668155,0.04031433585107195
13.91057825,0.020950637064164186
13.91066957,0.033783474479285876
13.91072488,0.04310673685816739
13.92370701,0.02294956893263142
13.92380333,0.028198672465094988
13.9315424,0.044037537193865876
13.93160319,0.02545204852368963
13.93164897,0.023468375677119097
13.93350816,0.04226749065384909
13.93354678,0.029114213778896773
13.94648695,0.019684138246738384
13.97056031,0.03901731898985275
13.97062778,0.03335622186617838
13.97065997,0.017792019531548027
13.97068977,0.035370412756542305
13.97071862,0.03717097734035248
13.98107672,0.01812771801327535
13.9811492,0.030823224231326773
13.98965859,0.03997863736934462
13.98970723,0.020157167925535974
14.02366018,0.026337071793698024
14.02373362,0.04170290684367132
14.02378583,0.02418554970626383
14.02382088,0.02288853284504463
14.03850985,0.04165712977798123
14.03855228,0.028702220187685968
14.03858614,0.019287403677424278
14.03861475,0.03904783703364614
14.03864288,0.033493553063248645
14.04549623,0.018616006713969634
14.04553032,0.036697947661554896
14.06049776,0.038406958113984896
14.06053019,0.019058518348973832
14.07384205,0.031967650873579
14.07388139,0.04080262455176623
14.08729219,0.02153047989623865
14.08732986,0.02725261310749981
14.08896613,0.042298008697642483
14.08900189,0.024628061341268024
14.10148358,0.023010605020218206
14.1015079,0.04205386434729534
14.10551524,0.02903791866941329
14.11654592,0.020477607385366598
14.11657214,0.03997863736934462
14.12258291,0.03364614328221561
14.12265515,0.018265049210345618
14.14887285,0.036362249179827576
14.14890456,0.03851377126726177
14.14892936,0.01927214465552758
14.14895248,0.03218127718013275
14.15590286,0.04101625085831998
14.15594602,0.020996414129854278
14.16950202,0.027527275501640344
14.16953278,0.04345769436179141
14.17995381,0.024780651560234988
14.18009043,0.02392614633401999
14.18016672,0.043595025558861675
14.20351505,0.031021591515983826
14.21795869,0.021759365224689096
14.21811199,0.04147402151522087
14.21818972,0.03616388189517052
14.21825981,0.021896696421759364
14.24089622,0.039673456931410694
14.24099636,0.04036011291676204
14.24582958,0.020416571297779813
14.24590802,0.03389028763256275
14.24596453,0.041672388799877925
14.26961708,0.02178988326848249
14.26969624,0.027924010070954453
14.26974177,0.042420080872816054
14.2697835,0.023773556115053024
14.27475047,0.022613870450904097
14.27482152,0.041550316624704355
14.28384304,0.02868696116578927
14.28394198,0.020004577706569007
14.28896689,0.03999389639124132
14.28910327,0.03347829404135195
14.29655862,0.01858548867017624
14.29662013,0.036575875486381325
14.30357051,0.03772030212863355
14.31689334,0.020202944991226063
14.31699347,0.03659113450827802
14.33132362,0.047013046463721675
14.33141327,0.029190508888380255
14.34485197,0.041672388799877925
14.34495258,0.05976958876935989
14.34502745,0.03451590753032731
14.34509683,0.020141908903639278
14.3549695,0.03143358510719463
14.35519528,0.018265049210345618
14.36855507,0.012252994583047227
14.36862564,0.030991073472190434
14.3686707,0.03552300297550927
14.39363503,0.018997482261387044
14.39371204,0.03314259555962463
14.39375663,0.041382467383840695
14.39379811,0.021377889677271687
14.40874314,0.028046082246128024
14.40881467,0.04272526131074998
14.40886927,0.02491798275730526
14.40892005,0.024200808728160526
14.4245317,0.043549248493171586
14.42459297,0.030167086289768826
14.43286991,0.021759365224689096
14.43293118,0.04180971999694819
14.44602323,0.03544670786602579
14.4595921,0.020798046845197222
14.4596684,0.039002059967956054
14.45971251,0.04025329976348516
14.45975494,0.021499961852445258
14.46952391,0.03479056992446784
14.46956515,0.043549248493171586
14.47855115,0.024460212100404364
14.47858024,0.031494621194781414
14.48899651,0.04615854123750668
14.48903394,0.027878233005264364
14.51068139,0.027405203326466773
14.51073599,0.04675364309147784
14.51077652,0.03393606469825284
14.5108254,0.025848783093003737
14.51086688,0.045593957427328906
14.52950072,0.039246204318303196
14.52953196,0.024551766231784542
14.53449345,0.04293888761730373
14.54462314,0.04383916990920882
14.5447607,0.024338139925230793
14.544837,0.03726253147173266
14.55845809,0.04510566872663462
14.55848312,0.024582284275577935
14.58154535,0.03147936217288472
14.58156991,0.04505989166094453
14.59552574,0.026764324406805522
14.59558582,0.026535439078355077
14.59561229,0.045471885252155335
14.59563684,0.031830319676508734
14.6015954,0.023590447852292667
14.60168624,0.04324406805523766
14.61080408,0.0366826886396582
14.61092448,0.022186617837796598
14.61100054,0.040039673456931414
14.63450122,0.04080262455176623
14.64397979,0.021988250553139545
14.64411545,0.03573662928206302
14.64419246,0.04382391088731212
14.65658116,0.024002441443503473
14.65667558,0.03146410315098802
14.66574287,0.04577706569008926
14.6657958,0.027878233005264364
14.6658318,0.027679865720607308
14.66586447,0.04609750514991989
14.68081951,0.032776379034103915
14.68093967,0.024872205691615166
14.68801475,0.04522774090180819
14.68813848,0.038040741588464176
14.71056581,0.023559929808499275
14.71064425,0.041886015106431675
14.7106986,0.04257267109178302
14.71074843,0.023636224917982757
14.71079755,0.03756771190966659
14.725564,0.04571602960250248
14.72564006,0.02566567483024338
14.73455048,0.033157854581521325
14.7345984,0.04769970244907301
14.74897408,0.029434653238727397
14.74909496,0.028473334859235522
14.76169086,0.04657053482871748
14.76175499,0.03364614328221561
14.77567744,0.025650415808346684
14.77577424,0.045349813076981764
14.77584696,0.03834592202639811
14.77591515,0.023422598611429007
14.77598333,0.041718165865568015
14.79058957,0.04217593652246891
14.79065633,0.023422598611429007
14.80451965,0.03747615777828641
14.80456281,0.045685511558709084
14.81401396,0.025391012436102846
14.81413484,0.032990005340657665
14.83663583,0.04727244983596551
14.83671117,0.029846646829938202
14.83866143,0.030548561837186235
14.8387332,0.04864576180666819
14.84671593,0.03425650415808347
14.85362625,0.026581216144045166
14.85366845,0.04757763027389944
14.86046839,0.040283817807278556
14.86049819,0.025299458304722668
14.87673211,0.04310673685816739
14.87676716,0.042328526741435876
14.89566278,0.023422598611429007
14.90157151,0.03744563973449302
14.90163422,0.04498359655146105
14.92666841,0.024109254596780347
14.92676544,0.03100633249408713
14.92682123,0.04498359655146105
14.92687416,0.026886396581979097
14.92692637,0.026825360494392308
14.94056082,0.044922560463874266
14.94064164,0.03100633249408713
14.94676614,0.023422598611429007
14.94687581,0.04277103837644007
14.94695115,0.03555352101930266
14.94702077,0.02162203402761883
14.97059035,0.040955214770733196
14.97069311,0.04443427176317998
14.9707489,0.027725642786297397
14.97080326,0.04428168154421302
14.97382164,0.05702296482795453
14.98190761,0.040924696726939803
14.98202896,0.04213015945677882
14.9906404,0.04351873044937819
14.99071693,0.016357671473258565
15.00490785,0.014450293736171512
15.00501966,0.032944228274967575
15.01862001,0.02844281681544213
15.01869583,0.018020904859998473
15.01873231,0.03887998779278248
15.0187664,0.039078355077439536
15.0335989,0.020111390859845885
15.03367782,0.034241245136186774
15.0337317,0.041962310215915156
15.04858208,0.022232394903486687
15.04866314,0.03015182726787213
15.06157637,0.04386968795300221
15.06163692,0.025558861676966506
15.08117557,0.025955596246280615
15.08129501,0.04448004882887007
15.08259392,0.030121309224078737
15.08269286,0.022491798275730526
15.08276916,0.04226749065384909
15.08283973,0.03483634699015793
15.09662747,0.020996414129854278
15.09669805,0.039459830624856945
15.09854388,0.039581902800030516
15.11297297,0.021149004348821242
15.11309385,0.035324635690852216
15.13562489,0.042755779354543375
15.13571453,0.023178454261081866
15.13577008,0.031616693369954985
15.13582087,0.04615854123750668
15.146029,0.027008468757152668
15.14614916,0.027389944304570077
15.15456772,0.04589913786526284
15.15465283,0.03167772945754177
15.16354656,0.024292362859540704
15.16361594,0.04443427176317998
15.16955137,0.036865796902418556
15.18656373,0.022507057297627222
15.18662953,0.040711070420386054
15.20088196,0.040512703135729
15.20095491,0.021942473487449453
15.2010088,0.03685053788052186
15.20105934,0.04327458609903105
15.21554375,0.022842755779354542
15.21556711,0.03039597161821927
15.21558857,0.04373235675593194
15.21561027,0.024750133516441595
15.24154139,0.024979018844892044
15.24156785,0.04322880903334096
15.24955297,0.02868696116578927
15.24957657,0.021393148699168384
15.27392745,0.04090943770504311
15.27406359,0.03274586099031052
15.28654075,0.018570229648279545
15.28666067,0.03694209201190204
15.28673148,0.03616388189517052
15.28679776,0.018158236057068743
15.30063677,0.03305104142824445
15.30071759,0.04017700465400168
15.30077314,0.019943541618982222
15.30082417,0.028030823224231328
15.30362535,0.041672388799877925
15.32760429,0.02320897230487526
15.32767963,0.023773556115053024
15.32772183,0.04200808728160525
15.3277564,0.027649347676813915
15.3365109,0.020645456626230258
15.3365798,0.04048218509193561
15.34562182,0.032654306858930345
15.34570026,0.01867704280155642
15.35457706,0.03773556115053025
15.35468078,0.03782711528191043
15.35473967,0.018692301823453116
15.3684876,0.03291371023117418
15.3780334,0.039917601281757836
15.39058924,0.02009613183794919
15.3906765,0.028641184100099183
15.39662099,0.042206454566262305
15.39667678,0.023422598611429007
15.40387893,0.0238803692683299
15.40395164,0.04213015945677882
15.41298008,0.027679865720607308
15.41310453,0.02038605325398642
15.42061996,0.040115968566414896
15.42068696,0.03215075913633936
15.44480801,0.0183413443198291
15.44492912,0.03701838712138552
15.44500351,0.036575875486381325
15.44507217,0.018646524757763027
15.44513965,0.034119172961013196
15.45962524,0.041260395208667124
15.45973015,0.020920119020370793
15.46557641,0.02896162355992981
15.46564436,0.042969405661097124
15.47974706,0.025314717326619364
15.47986484,0.02627603570611124
15.49360394,0.04414435034714275
15.49367881,0.02887006942854963
15.51102281,0.0217441062027924
15.51114202,0.04097047379262989
15.5112164,0.03215075913633936
15.51767015,0.018310826276035707
15.51777864,0.0366674296177615
15.52352238,0.035370412756542305
15.52357936,0.016784924086366063
15.53706145,0.03175402456702525
15.53715992,0.0388189517051957
15.54355073,0.018738078889143205
15.54358625,0.02737468528267338
15.56660366,0.04046692607003891
15.56668043,0.0217441062027924
15.56853485,0.023132677195391776
15.5685811,0.04086366063935302
15.56862092,0.026123445487144275
15.58247757,0.021332112611581598
15.5825026,0.04431219958800641
15.59046888,0.038452735179674985
15.61497116,0.028030823224231328
15.61510777,0.053406576638437474
15.61518312,0.05334554055085069
15.62052679,0.025024795910582133
15.62056327,0.026535439078355077
15.64449692,0.027069504844739453
15.64452195,0.007644769970244907
15.64459014,0.013916227969787138
15.64461422,0.033875028610666054
15.64463758,0.029602502479591057
15.65952563,0.018020904859998473
15.65957475,0.03643854428931106
15.6596055,0.03468375677119097
15.65963483,0.016739147020675974
15.67383027,0.031998168917372394
15.67385769,0.038742656595712216
15.67388153,0.018829633020523383
15.6739049,0.02732890821698329
15.69847131,0.04106202792401007
15.69849873,0.022659647516594186
15.69852281,0.02362096589608606
15.69854641,0.041290913252460516
15.70848703,0.026794842450598915
15.70851231,0.020706492713817044
15.70853519,0.04058899824521248
15.72347951,0.03204394598306248
15.72350836,0.018646524757763027
15.73148847,0.03772030212863355
15.75558496,0.03689631494621195
15.75568366,0.018982223239490347
15.75573826,0.03430228122377356
15.7557869,0.04086366063935302
15.77099609,0.020691233691920347
15.77110696,0.0298619058518349
15.77118397,0.0435034714274815
15.78061342,0.024841687647821773
15.78069115,0.02623025864042115
15.789572,0.044251163500419625
15.78966045,0.029327840085450523
15.80381584,0.02328526741435874
15.80389476,0.043137254901960784
15.82823229,0.03430228122377356
15.82832026,0.020828564888990615
15.82836604,0.039627679865720605
15.82842398,0.03810177767605097
15.82846665,0.01991302357518883
15.82850766,0.034699015793087665
15.84104061,0.04055848020141909
15.84776521,0.020325017166399634
15.84788775,0.029236285954070344
15.86059141,0.04180971999694819
15.86066866,0.02264438849469749
15.87498689,0.02362096589608606
15.87510777,0.04170290684367132
15.88364124,0.026367589837491417
15.883744,0.019806210421911954
15.89562273,0.03942931258106355
15.89568233,0.030289158464942397
15.90385294,0.016998550392919812
15.90389633,0.036041809719996945
15.90392756,0.034912642099641414
15.91851878,0.01692225528343633
15.91855836,0.032166018158236054
15.9339087,0.03863584344243534
15.93395066,0.018371862363622492
15.94086814,0.027389944304570077
15.94092703,0.04068055237659266
15.9457202,0.021728847180895704
15.94579458,0.023346303501945526
15.95457411,0.04115358205539025
15.95462489,0.026169222552834364
15.96850681,0.01982146944380865
15.96854734,0.03976501106279087
15.96857929,0.030930037384603648
15.99361873,0.017639429312581063
15.99369025,0.03717097734035248
15.99373174,0.035706111238269625
15.99377108,0.0174868390936141
16.00396752,0.032944228274967575
16.0039959,0.03904783703364614
16.00999522,0.018738078889143205
16.01002216,0.02801556420233463
16.02349234,0.04107728694590677
16.02353621,0.022156099794003205
16.03196526,0.02354467078660258
16.0320034,0.04132143129625391
16.05551791,0.025864042114900433
16.05554962,0.020157167925535974
16.06151175,0.040039673456931414
16.06155944,0.03079270618753338
16.06858563,0.017639429312581063
16.06863141,0.03675898374914168
16.0765903,0.03521782253757534
16.07668662,0.017425803006027314
16.07678103,0.03297474631876097
16.09050202,0.03887998779278248
16.09052968,0.018768596932936598
16.09949446,0.02832074464026856
16.09951878,0.04164187075608453
16.1265204,0.023346303501945526
16.1265707,0.02528419928282597
16.1292572,0.04251163500419623
16.12930489,0.02699320973525597
16.13706589,0.022125581750209813
16.13714933,0.042542153047989625
16.15065789,0.0332494087129015
16.15072942,0.019623102159151598
16.15076709,0.03799496452277409
16.1508007,0.035584039063096054
16.16550994,0.017059586480506598
16.16555715,0.03225757228961624
16.18003225,0.03776607919432364
16.19357729,0.01753261615930419
16.19364381,0.02639810788128481
16.19367743,0.039078355077439536
16.19371033,0.0200503547722591
16.2035253,0.02169832913710231
16.2035675,0.03930724040588998
16.20977974,0.024109254596780347
16.2098515,0.01824979018844892
16.22514081,0.03790341039139391
16.22520375,0.028259708552681773
16.23652673,0.01568627450980392
16.23656845,0.03656061646448463
16.25059271,0.03768978408484016
16.25067258,0.021652552071412222
16.25071764,0.04007019150072481
16.25982642,0.052689402609292744
16.25988746,0.0340886549172198
16.27087927,0.0345464255741207
16.27095056,0.0341039139391165
16.27668691,0.007278553444724193
16.27677822,0.004684519722285801
16.29100823,0.023804074158846417
16.29106808,0.026749065384908826
16.29109764,0.012893873502708476
16.31451654,0.024933241779201955
16.31454659,0.03764400701915007
16.31647968,0.01808194094758526
16.31652713,0.019836728465705347
16.32546473,0.03738460364690623
16.32550335,0.02191195544365606
16.33448339,0.016601815823605707
16.33452916,0.0362706950484474
16.36055255,0.026626993209735255
16.36064959,0.014099336232547494
16.36069655,0.028931105516136417
16.36073875,0.034363317311360345
16.36077356,0.01441977569237812
16.36693215,0.01931792172121767
16.36703157,0.036453803311207754
16.37360024,0.02084382391088731
16.37954378,0.015091172655832761
16.37956977,0.031662470435645074
16.38851357,0.029571984435797664
16.38855219,0.012268253604943923
16.40159059,0.023086900129701687
16.4016602,0.035156786449988556
16.41584873,0.016479743648432136
16.41609168,0.018829633020523383
16.42553926,0.03601129167620355
16.4255991,0.02076752880140383
16.43460369,0.015716792553597314
16.43467188,0.035584039063096054
16.44003582,0.02613870450904097
16.44900179,0.014236667429617761
16.44912171,0.02929732204165713
16.45812917,0.03483634699015793
16.45819855,0.015197985809109636
16.47087121,0.020538643472953384
16.47097135,0.03773556115053025
16.49528074,0.02197299153124285
16.49535823,0.016357671473258565
16.51378465,0.035828183413443196
16.51390529,0.025925078202487222
16.51396942,0.01399252307927062
16.51403928,0.028824292362859542
16.51410604,0.03405813687342641
16.51561451,0.014175631342030976
16.51566768,0.019394216830701153
16.53993559,0.03631647211413749
16.54007196,0.020141908903639278
16.54013848,0.015106431677729458
16.54854012,0.03167772945754177
16.54857802,0.029068436713206684
16.55446458,0.012130922407873656
16.5545032,0.023422598611429007
16.56861162,0.035156786449988556
16.56868052,0.016495002670328832
16.56873369,0.019226367589837492
16.56878495,0.03634699015793088
16.56883407,0.020813305867093918
16.58374262,0.016052491035324634
16.58376598,0.035584039063096054
16.58848619,0.026428625925078202
16.58850527,0.014297703517204547
16.61506271,0.029098954757000077
16.61508727,0.03468375677119097
16.61511087,0.0153505760280766
16.615134,0.02532997634851606
16.62149096,0.037537193865873196
16.6215167,0.018860151064316776
16.63563347,0.021683070115205615
16.63571501,0.03868162050812543
16.63576865,0.023315785458152133
16.6475873,0.01838712138551919
16.64761567,0.03797970550087739
16.6702292,0.028168154421301595
16.67025995,0.016556038757915618
16.67028475,0.035828183413443196
16.67030811,0.033112077515831236
16.67992973,0.01606775005722133
16.67995405,0.031998168917372394
16.68851757,0.03698786907759213
16.70158076,0.01765468833447776
16.70166016,0.02784771496147097
16.70171571,0.03942931258106355
16.71760869,0.020706492713817044
16.71770048,0.023651483939879453
16.73453498,0.04046692607003891
16.73462105,0.024582284275577935
16.74056506,0.02026398107881285
16.74062324,0.039673456931410694
16.74997592,0.029877164873731595
16.75009799,0.018326085297932403
16.75451398,0.03778133821622034
16.75458002,0.03459220263981079
16.7685287,0.018280308232242314
16.76860976,0.03396658274204623
16.76866484,0.039002059967956054
16.78397465,0.019684138246738384
16.78409672,0.029724574654764628
16.79682565,0.041718165865568015
16.7968905,0.023193713282978562
16.80154371,0.02583352407110704
16.80163002,0.042420080872816054
16.81067824,0.027267872129396506
16.81077695,0.022751201647974364
16.82457304,0.041962310215915156
16.82464957,0.03228809033340963
16.82966757,0.020538643472953384
16.8297267,0.04034485389486534
16.84397674,0.03813229571984436
16.85658169,0.021393148699168384
16.85665703,0.03694209201190204
16.86553144,0.04158083466849775
16.86558151,0.02281223773556115
16.87055063,0.03347829404135195
16.87059903,0.04452582589456016
16.87666678,0.0247348744945449
16.87674618,0.026855878538185704
16.89064002,0.04293888761730373
16.89074636,0.026626993209735255
16.90479684,0.021850919356069275
16.9048934,0.040833142595559625
16.91874218,0.030472266727702754
16.91882443,0.018692301823453116
16.91889048,0.03767452506294346
16.94173741,0.034485389486533916
16.94181418,0.017746242465857938
16.95057893,0.033661402304112305
16.95065069,0.038162813763637754
16.95070958,0.019134813458457314
16.95081425,0.02967879758907454
16.95957637,0.040955214770733196
16.95962501,0.022171358815899902
16.97352791,0.027527275501640344
16.97357512,0.04693675135423819
16.97975731,0.03346303501945525
16.99352241,0.032364385442893114
16.99355936,0.05825894560158694
16.99358916,0.04963759822995346
17.00156569,0.028992141603723202
17.00164151,0.03509575036240177
17.01096249,0.024902723735408562
17.01108837,0.009155413138017853
17.01116562,0.02323949034866865
17.02448654,0.03852903028915847
17.02451897,0.023422598611429007
17.02959633,0.027817196917677575
17.02962732,0.04382391088731212
17.05743909,0.02798504615854124
17.05747938,0.024170290684367133
17.05751061,0.04370183871213855
17.05754423,0.03346303501945525
17.07186818,0.022659647516594186
17.07194924,0.04194705119401846
17.07392025,0.03884946974898909
17.07399821,0.02243076218814374
17.08654261,0.03897154192416266
17.08663106,0.04293888761730373
17.10090661,0.023605706874189364
17.10100436,0.03479056992446784
17.1100378,0.045853360799572744
17.12357664,0.026977950713359275
17.1236639,0.030640115968566414
17.12952399,0.04702830548561837
17.12959075,0.0315556572823682
17.13561606,0.02749675745784695
17.13569379,0.046463721675440606
17.14477515,0.036575875486381325
17.14485693,0.02542153047989624
17.15359664,0.04461738002594034
17.15367389,0.04156557564660105
17.16658664,0.025238422217135882
17.16667032,0.041596093690394444
17.1809895,0.04618905928130007
17.18957162,0.027100022888532846
17.18964791,0.03773556115053025
17.18969226,0.04873731593804837
17.18973494,0.029877164873731595
17.20484519,0.033112077515831236
17.20495629,0.04931715877012283
17.21099997,0.0336919203479057
17.21112061,0.029312581063553826
17.2255857,0.04835584039063096
17.22566295,0.037964446478980694
17.24881124,0.02639810788128481
17.24893236,0.04524299992370489
17.24900651,0.04141298542763409
17.24907947,0.024628061341268024
17.24914765,0.04042114900434882
17.25858712,0.0447699702449073
17.25864601,0.02491798275730526
17.26664925,0.03546196688792248
17.26672149,0.04625009536888686
17.27604699,0.026901655603875793
17.27616835,0.03053330281528954
17.29965281,0.04682993820096132
17.2997334,0.030640115968566414
17.29978943,0.026749065384908826
17.2998395,0.046082246128023197
17.2998879,0.03527885862516213
17.31481028,0.0234531166552224
17.31492066,0.04318303196765087
17.32879782,0.03973449301899748
17.32887387,0.023437857633325704
17.33360529,0.03968871595330739
17.33367634,0.04353398947127489
17.35661364,0.024170290684367133
17.35668969,0.03533989471274891
17.37419844,0.046051728084229804
17.37432122,0.026886396581979097
17.38000584,0.030777447165636684
17.38012934,0.046799420157167926
17.3801899,0.030731670099946592
17.39353657,0.027069504844739453
17.39357758,0.04594491493095293
17.39361167,0.03521782253757534
17.40675282,0.024109254596780347
17.40685511,0.04353398947127489
17.43058085,0.03968871595330739
17.43066573,0.02316319523918517
17.43071294,0.03947508964675364
17.43075705,0.043427176317998015
17.43973565,0.023773556115053024
17.43987393,0.034744792858777754
17.43994999,0.04557869840543221
17.44595289,0.02656595712214847
17.44609308,0.030457007705806057
17.45960498,0.046341649500267035
17.45966864,0.029953459983215077
17.48394799,0.026504921034561684
17.4841063,0.04557869840543221
17.48417783,0.03480582894636454
17.48421574,0.02371252002746624
17.49353385,0.043091477836270695
17.49358463,0.03920042725261311
17.49362016,0.022674906538490882
17.49365377,0.03918516823071641
17.50868773,0.042969405661097124
17.50876617,0.023468375677119097
17.50880456,0.034699015793087665
17.52387762,0.04524299992370489
17.52395463,0.026031891355764097
17.54781747,0.03022812237735561
17.54793811,0.04641794460975052
17.54801321,0.029617761501487753
17.54808593,0.026092927443350882
17.5545814,0.04493781948577096
17.55466008,0.03414969100480659
17.56857347,0.023636224917982757
17.56863141,0.043091477836270695
17.56867433,0.03863584344243534
17.583987,0.022964827954528116
17.58415008,0.03985656519417105
17.59657741,0.04362554360265507
17.59665799,0.024170290684367133
17.61099911,0.03572137026016632
17.61111927,0.04675364309147784
17.61255527,0.028000305180437935
17.61260343,0.031952391851682305
17.62055278,0.04742504005493248
17.62062597,0.030548561837186235
17.64094329,0.026459143968871595
17.64106488,0.04524299992370489
17.64291239,0.0340886549172198
17.65559936,0.023193713282978562
17.65569377,0.04211490043488213
17.66147232,0.03718623636224918
17.66151404,0.020996414129854278
17.6684711,0.03761348897535668
17.66850209,0.040833142595559625
17.67854261,0.021560997940032044
17.68950105,0.03276112001220722
17.68954539,0.043305104142824444
17.68957138,0.024338139925230793
17.70413613,0.028458075837338826
17.70416474,0.04422064545662623
17.7171123,0.02865644312199588
17.72148442,0.02798504615854124
17.72151184,0.049271381704432744
17.73048162,0.04046692607003891
17.73050737,0.0354009308003357
17.73954701,0.058991378652628365
17.74462581,0.04911879148546578
17.74469161,0.02029449912260624
17.75349116,0.026626993209735255
17.75354218,0.028412298771648737
17.75357199,0.012481879911497674
17.77780867,0.022186617837796598
17.77792978,0.04174868390936141
17.77800369,0.027023727779049364
17.77807403,0.024078736552986955
17.77814436,0.04261844815747311
17.79448485,0.031280994888227664
17.80063629,0.020996414129854278
17.80074739,0.04048218509193561
17.81497765,0.036362249179827576
17.81511521,0.020523384451056687
17.81519175,0.037293049515526054
17.8288548,0.040512703135729
17.84188461,0.021560997940032044
17.84199452,0.033279926756694896
17.84206891,0.04322880903334096
17.84357786,0.024032959487296866
17.84364319,0.028595407034409093
17.85660076,0.04457160296025025
17.85669351,0.027969787136644542
17.86560822,0.0247348744945449
17.86568308,0.04315251392385748
17.88958502,0.03300526436255436
17.88967323,0.022613870450904097
17.90401721,0.041962310215915156
17.90407419,0.03747615777828641
17.91021156,0.02169832913710231
17.91033435,0.03846799420157168
17.9104321,0.041672388799877925
17.92397952,0.02272068360418097
17.92404199,0.03479056992446784
17.93661165,0.04487678339818418
17.93668318,0.0251621271076524
17.93674135,0.03002975509269856
17.93679237,0.046051728084229804
17.95066905,0.02903791866941329
17.95074725,0.02597085526817731
17.96458864,0.04473945220111391
17.96466446,0.03346303501945525
17.97053647,0.022842755779354542
17.97059846,0.04228274967574579
17.97064304,0.03723201342793927
17.98000669,0.020904859998474096
17.98013043,0.0375066758220798
17.99361277,0.04029907682917525
17.99368882,0.020920119020370793
18.00154519,0.03254749370565347
18.00160027,0.042206454566262305
18.01884055,0.022827496757457846
18.01891947,0.027176317998016328
18.0315969,0.0422369726100557
18.031672,0.025680933852140077
18.03352165,0.022980086976424813
18.03357124,0.0417792019531548
18.03361249,0.030121309224078737
18.04802155,0.02017242694743267
18.04814172,0.039246204318303196
18.06049848,0.034241245136186774
18.06053972,0.018997482261387044
18.07456946,0.035584039063096054
18.07462597,0.038666361486228734
18.08902407,0.019897764553292133
18.08914399,0.031494621194781414
18.0965457,0.04101625085831998
18.09660387,0.021667811093308918
18.1028111,0.02664225223163195
18.10285473,0.04267948424505989
18.10288858,0.025650415808346684
18.11548662,0.023147936217288473
18.11551404,0.041886015106431675
18.1244967,0.0302738994430457
18.12452888,0.020309758144502938
18.13849497,0.039841306172274354
18.13852525,0.03489738307774472
18.15148568,0.018905928130006865
18.15151095,0.03555352101930266
18.1554966,0.03877317463950561
18.15552068,0.019760433356221865
18.16649747,0.031494621194781414
18.16863966,0.041168841077286945
18.18172979,0.021850919356069275
18.18183875,0.02656595712214847
18.19561434,0.04219119554436561
18.19571233,0.025192645151445793
18.20954156,0.022751201647974364
18.20958757,0.041504539559014265
18.21584654,0.030243381399252308
18.2159493,0.01977569237811856
18.22288918,0.03926146334019989
18.22301388,0.03442435339894713
18.23553705,0.018707560845349813
18.23558784,0.03572137026016632
18.23562336,0.03822384985122454
18.25058937,0.019119554436560618
18.25065207,0.031280994888227664
18.26456213,0.04084840161745632
18.26464152,0.02153047989623865
18.27536011,0.026855878538185704
18.27540731,0.042755779354543375
18.27851176,0.02508583199816892
18.2785449,0.023056382085908295
18.29157662,0.04187075608453498
18.29166484,0.029922941939421684
18.30253458,0.01991302357518883
18.30257654,0.03976501106279087
18.31459355,0.03564507515068284
18.32767272,0.020492866407263294
18.32772183,0.03738460364690623
18.34051871,0.039291981383993285
18.34057403,0.0208896009765774
18.34061742,0.034576943617914094
18.34065795,0.043640802624551764
18.3646009,0.02397192339971008
18.36467838,0.028549629968719004
18.36472416,0.04339665827420462
18.36476564,0.02575722896162356
18.37054658,0.02299534599832151
18.3706038,0.041931792172121764
18.37958789,0.029480430304417486
18.38892341,0.01927214465552758
18.38902378,0.03871213855191882
18.40219879,0.03352407110704204
18.40224099,0.018310826276035707
18.41573286,0.0349736781872282
18.41580439,0.03781185626001373
18.41585875,0.019058518348973832
18.41590858,0.03091477836270695
18.42557216,0.04005493247882811
18.42564845,0.02093537804226749
18.43445301,0.027481498435950255
18.43452692,0.0456092164492256
18.43852329,0.03053330281528954
18.44749904,0.030716411078049895
18.47048497,0.05505455100328069
18.47055316,0.04725719081406882
18.47058654,0.030518043793392843
18.47061729,0.03772030212863355
18.47064614,0.02337682154573892
18.47947001,0.006378271152819104
18.47950006,0.021377889677271687
18.49058032,0.03500419623102159
18.49063063,0.019623102159151598
18.49950337,0.026489662012664988
18.49954629,0.041931792172121764
18.50705743,0.02426184481574731
18.51849961,0.022339208056763562
18.51852942,0.041260395208667124
18.53145695,0.029312581063553826
18.53149271,0.020019836728465707
18.53647876,0.039673456931410694
18.53652024,0.034363317311360345
18.54588532,0.01953154802777142
18.54595709,0.03643854428931106
18.55484366,0.0388189517051957
18.55491757,0.019928282597085525
18.56873536,0.03251697566186008
18.56879234,0.041962310215915156
18.59056687,0.022461280231937133
18.59064436,0.02835126268406195
18.60058117,0.04370183871213855
18.6006465,0.026504921034561684
18.60069227,0.02499427786678874
18.60073376,0.043884946974898906
18.6148026,0.03158617532616159
18.61493397,0.022674906538490882
18.62276673,0.04248111696040284
18.62294865,0.037201495384145876
18.64560938,0.021820401312275882
18.64568615,0.03939879453727016
18.64574027,0.041840238040741586
18.65482759,0.023361562523842222
18.65495133,0.03595025558861677
18.65502477,0.04510566872663462
18.65509462,0.025528343633173113
18.6695528,0.03129625391012436
18.66961074,0.04641794460975052
18.67552924,0.028992141603723202
18.67557216,0.027191577019913024
18.68971801,0.04582284275577935
18.68979859,0.03305104142824445
18.71382523,0.023422598611429007
18.71392941,0.042969405661097124
18.71400523,0.03706416418707561
18.71407437,0.021805142290379186
18.71414113,0.03875791561760891
18.72936082,0.0400854505226215
18.72945094,0.021499961852445258
18.7338655,0.033951323720149536
18.73392582,0.04278629739833677
18.74799633,0.02323949034866865
18.74812007,0.028976882581826506
18.77062988,0.04406805523765927
18.77071905,0.026581216144045166
18.77077293,0.024841687647821773
18.77082205,0.04379339284351873
18.77087092,0.03129625391012436
18.78097987,0.022247653925383384
18.78110003,0.041794460975051496
18.79860473,0.03634699015793088
18.7986815,0.021301594567788205
18.80852818,0.03872739757381552
18.80858421,0.04040588998245213
18.83162904,0.021728847180895704
18.83170462,0.03463797970550088
18.84063721,0.04361028458075837
18.84072351,0.02491798275730526
18.84080052,0.030182345311665523
18.84087157,0.04528877698939498
18.84965324,0.028030823224231328
18.85851073,0.02673380636301213
18.85855365,0.04522774090180819
18.85858822,0.0324254215304799
18.87165856,0.02349889372091249
18.87176895,0.04324406805523766
18.89553332,0.03747615777828641
18.89562058,0.022400244144350347
18.89566636,0.03982604715037766
18.89570856,0.041214618142977034
18.90352178,0.02243076218814374
18.90358472,0.03543144884412909
18.9036293,0.04457160296025025
18.92093754,0.024536507209887846
18.92107296,0.030731670099946592
18.92251539,0.04588387884336614
18.92256784,0.028168154421301595
18.94590235,0.026932173647669186
18.94604325,0.04574654764629587
18.94755983,0.03300526436255436
18.94760919,0.023865110246433202
18.95580959,0.044678416113527124
18.95593119,0.03773556115053025
18.96352601,0.02264438849469749
18.96358752,0.0401007095445182
18.97185254,0.041992828259708556
18.9807353,0.023254749370565347
18.9808073,0.035919737544823374
18.99456072,0.04498359655146105
18.99463701,0.025650415808346684
19.01879454,0.03213550011444266
19.01893353,0.04675364309147784
19.01900983,0.028900587472343024
19.01907969,0.02810711833371481
19.02071261,0.0477607385366598
19.02076721,0.03556878004119936
19.03460741,0.026214999618524453
19.03468394,0.045426108186465246
19.03472924,0.03982604715037766
19.04499054,0.02606240939955749
19.04510999,0.04422064545662623
19.06856465,0.045349813076981764
19.06863546,0.02583352407110704
19.06867671,0.0383916990920882
19.06871462,0.04641794460975052
19.07890105,0.02652018005645838
19.07897425,0.03271534294651713
19.08798361,0.04725719081406882
19.08810329,0.02929732204165713
19.10057092,0.027771419851987486
19.10061479,0.04640268558785382
19.10065746,0.03360036621652552
19.12559938,0.025101091020065615
19.12567544,0.044632639047837035
19.12572074,0.03854428931105516
19.12576294,0.023590447852292667
19.13558435,0.04153505760280766
19.13564515,0.04261844815747311
19.14450169,0.024750133516441595
19.14452672,0.04026855878538186
19.15453863,0.051697566186007474
19.15456271,0.03384451056687266
19.16752529,0.044464789806973375
19.16756701,0.06102082856488899
19.1805439,0.04487678339818418
19.18952966,0.032562752727550166
19.18955588,0.038834210727092394
19.19848132,0.021774624246585793
19.19851136,0.01568627450980392
19.19853473,0.03859006637674525
19.19855857,0.03588921950102998
19.21354532,0.023422598611429007
19.21356893,0.04180971999694819
19.22154522,0.042633707179369804
19.22156811,0.023605706874189364
19.24596691,0.03715571831845579
19.24600577,0.04583810177767605
19.24602962,0.02606240939955749
19.2460525,0.03292896925307088
19.25953984,0.04736400396734569
19.25961113,0.029907682917524988
19.27159357,0.029190508888380255
19.27167487,0.04806591897459373
19.27173114,0.03506523231860838
19.27651763,0.026382848859388113
19.27654219,0.045853360799572744
19.30047321,0.03973449301899748
19.30050445,0.024963759822995348
19.30052781,0.04324406805523766
19.31479335,0.044083314259555965
19.31493163,0.02542153047989624
19.31500793,0.038910505836575876
19.32558417,0.04748607614251926
19.32566118,0.028336003662165255
19.33856463,0.034912642099641414
19.33864546,0.04948500801098649
19.34365273,0.031952391851682305
19.34376335,0.031067368581673915
19.35682178,0.0494697489890898
19.35690236,0.0366674296177615
19.38095808,0.028213931486991684
19.3810811,0.04811169604028382
19.3811574,0.04132143129625391
19.38255,0.026382848859388113
19.38259745,0.044205386434729536
19.39060688,0.04472419317921721
19.39068317,0.026214999618524453
19.40455174,0.03955138475623712
19.4046402,0.04769970244907301
19.41895676,0.02746623941405356
19.41907573,0.033951323720149536
19.43256855,0.04782177462424658
19.43264508,0.03006027313649195
19.43269038,0.028992141603723202
19.43273139,0.04702830548561837
19.4328382,0.03312733653772793
19.44777584,0.02491798275730526
19.44792509,0.044007019150072484
19.46061611,0.03727779049362936
19.46066308,0.022583352407110704
19.46654487,0.04046692607003891
19.4666028,0.041336690318150605
19.49066591,0.02288853284504463
19.49074435,0.03598077363241016
19.49078941,0.044342717631799804
19.4908309,0.02442969405661097
19.50558591,0.03146410315098802
19.50566316,0.04533455405508507
19.50570869,0.02749675745784695
19.51349235,0.02713054093232624
19.5135262,0.04545662623025864
19.52757812,0.03218127718013275
19.52760434,0.02401770046540017
19.54047942,0.04353398947127489
19.55479121,0.03700312809948882
19.55492806,0.023010605020218206
19.55500531,0.04040588998245213
19.55507684,0.04069581139848936
19.55514383,0.02209506370641642
19.56948614,0.03559929808499275
19.56951547,0.04406805523765927
19.58158016,0.02423132677195392
19.58166194,0.031494621194781414
19.58171725,0.04531929503318837
19.60550618,0.02716105897611963
19.60553265,0.026428625925078202
19.62001061,0.04455634393835355
19.62013173,0.03137254901960784
19.62020493,0.02340733958953231
19.62027431,0.042923628595407035
19.64348674,0.0357976653696498
19.64351153,0.021316853589684902
19.64353466,0.03926146334019989
19.64355707,0.03973449301899748
19.64357996,0.02140840772106508
19.64360261,0.03523308155947204
19.65901613,0.04289311055161364
19.65913868,0.022873273823147935
19.68197489,0.03019760433356222
19.68209124,0.04431219958800641
19.68354344,0.026153963530937668
19.68359089,0.025772487983520255
19.68362737,0.04373235675593194
19.68366075,0.03044174868390936
19.69856501,0.02333104448004883
19.69863033,0.04303044174868391
19.69866705,0.036285954070344094
19.71356964,0.02191195544365606
19.71363997,0.03959716182192721
19.72799993,0.04058899824521248
19.72812223,0.022964827954528116
19.74058437,0.0366826886396582
19.74066043,0.043884946974898906
19.74070525,0.02328526741435874
19.7407465,0.03022812237735561
19.75595927,0.043381399252307926
19.75609088,0.02520790417334249
19.76955843,0.024719615472648202
19.76963663,0.04226749065384909
19.76968312,0.028030823224231328
19.79484582,0.02050812542915999
19.79496551,0.039917601281757836
19.79503942,0.03309681849393454
19.79510713,0.01915007248035401
19.80466199,0.03688105592431525
19.80472684,0.0371099412527657
19.81055903,0.0187533379110399
19.81060839,0.03219653620202945
19.82482791,0.03973449301899748
19.82492638,0.021683070115205615
19.83356023,0.032227054245822846
19.83363843,0.04858472571908141
19.84654689,0.033401998931868467
19.86089373,0.03906309605554284
19.86092353,0.05804531929503319
19.86094809,0.03596551461051346
19.8609724,0.015625238422217136
19.87445593,0.028473334859235522
19.87448025,0.022034027618829635
19.87948346,0.010452429999237048
19.87951279,0.026001373311970704
19.88915348,0.03694209201190204
19.8892746,0.019119554436560618
19.91561913,0.027176317998016328
19.91571236,0.04029907682917525
19.91578746,0.022171358815899902
19.9158566,0.022369726100556955
19.91593075,0.04034485389486534
19.92576766,0.026550698100251773
19.92579317,0.019256885633630885
19.93848157,0.03897154192416266
19.93850827,0.031860837720302126
19.94850588,0.01794460975051499
19.94853091,0.03620965896086061
19.95758057,0.03601129167620355
19.95760512,0.017959868772411687
19.97846341,0.03205920500495918
19.97848821,0.03949034866865034
19.98866701,0.019790951400015258
19.98874569,0.02766460669871061
19.98880219,0.04147402151522087
19.98885345,0.023437857633325704
20.00414777,0.023651483939879453
20.00421429,0.0417792019531548
20.01157117,0.02780193789578088
20.01164484,0.020813305867093918
20.03653121,0.040711070420386054
20.03661895,0.033371480888075074
20.03666496,0.019729915312428473
20.04452682,0.038284885938811325
20.04455781,0.03767452506294346
20.06860232,0.019516289005874723
20.06867743,0.03363088426031891
20.06872272,0.041168841077286945
20.06876945,0.02145418478675517
20.08374119,0.02912947280079347
20.08381462,0.04206912336919204
20.08387041,0.023758297093156328
20.08393025,0.02401770046540017
20.08397913,0.04164187075608453
20.08402705,0.027069504844739453
20.10856986,0.019684138246738384
20.10864711,0.03872739757381552
20.10869288,0.030548561837186235
20.12155437,0.01692225528343633
20.12159634,0.03518730449378195
20.12162781,0.03421072709239338
20.12165689,0.01589990081635767
20.13555193,0.030350194552529183
20.13560963,0.037537193865873196
20.14475131,0.01722743572137026
20.1448245,0.0251621271076524
20.16859102,0.038803692683299
20.16866875,0.020584420538643473
20.16871309,0.021057450217441064
20.1687572,0.03887998779278248
20.16879869,0.024582284275577935
20.1838789,0.01760891126878767
20.18401337,0.03726253147173266
20.20079899,0.02951094834821088
20.200876,0.015884641794460974
20.20092058,0.034363317311360345
20.20096254,0.03401235980773632
20.21855998,0.016235599298084994
20.21858811,0.030746929121843288
20.22993755,0.0379339284351873
20.22998405,0.018066681925688565
20.23649979,0.025925078202487222
20.23653102,0.039505607690547034
20.23655629,0.02124055848020142
20.25100446,0.02186617837796597
20.25106072,0.039841306172274354
20.25567055,0.025467307545586328
20.25572157,0.018616006713969634
20.26951146,0.03834592202639811
20.26954937,0.02993820096131838
20.2955482,0.01617456321049821
20.295573,0.03480582894636454
20.29559588,0.034439612420843826
20.29561853,0.016159304188601512
20.29564071,0.030457007705806057
20.29566288,0.037201495384145876
20.31364632,0.017593652246890974
20.31375265,0.02610818646524758
20.3228097,0.0392309452964065
20.32294893,0.020828564888990615
20.34557462,0.021927214465552756
20.34566355,0.04039063096055543
20.36000729,0.026504921034561684
20.36012816,0.020080872816052493
20.36856675,0.03935301747158007
20.36864471,0.030777447165636684
20.38160205,0.0183413443198291
20.38169885,0.03773556115053025
20.38177299,0.03616388189517052
20.39608145,0.017669947356374456
20.39624667,0.031906614785992216
20.40459704,0.038239108873121236
20.40465951,0.018158236057068743
20.41451335,0.026214999618524453
20.41456151,0.038956282902265965
20.42658615,0.019897764553292133
20.42665887,0.02038605325398642
20.42672825,0.03801022354467078
20.42677903,0.02362096589608606
20.44086528,0.01715114061188678
20.44092274,0.03689631494621195
20.44096279,0.02868696116578927
20.44584894,0.015838864728770885
20.44590211,0.03418020904859999
20.46000242,0.03279163805600061
20.46011019,0.014923323414969101
20.47576404,0.02566567483024338
20.47584224,0.04158083466849775
20.48692513,0.025848783093003737
20.48698425,0.02967879758907454
20.49364901,0.052857251850156405
20.49373078,0.0435034714274815
20.50157928,0.0319829098954757
20.50165343,0.038956282902265965
20.50354886,0.019897764553292133
20.51751184,0.0037689784084840162
20.51755905,0.01936369878690776
20.52187872,0.029449912260624093
20.52194452,0.013672083619439994
20.54594254,0.019897764553292133
20.54600859,0.038406958113984896
20.54604053,0.023651483939879453
20.54607177,0.016937514305333027
20.55584812,0.03656061646448463
20.55590916,0.028458075837338826
20.56952,0.015625238422217136
20.56957626,0.03433279926756695
20.56961465,0.0332646677347982
20.58450961,0.015625238422217136
20.58454347,0.03053330281528954
20.59855962,0.037079423208972305
20.59864879,0.017578393224994278
20.61293507,0.026535439078355077
20.61298251,0.039581902800030516
20.61301446,0.02107270923933776
20.6130445,0.0225986114290074
20.62169003,0.039963378347447925
20.62179947,0.02566567483024338
20.62187481,0.01953154802777142
20.63551593,0.03904783703364614
20.63554668,0.030685893034256503
20.65059423,0.017792019531548027
20.65065145,0.036530098420691236
20.664644,0.03547722590981918
20.66473341,0.018326085297932403
20.67108965,0.033539330128938734
20.67113853,0.039627679865720605
20.67995143,0.020309758144502938
20.67999244,0.02925154497596704
20.69379854,0.04202334630350195
20.69386387,0.023254749370565347
20.69963288,0.024444953078507668
20.69970989,0.04235904478522927
20.71446323,0.027283131151293202
20.72780895,0.020920119020370793
20.72795749,0.04034485389486534
20.73557758,0.03143358510719463
20.73564744,0.018097199969481958
20.7357018,0.03642328526741436
20.73575044,0.0349736781872282
20.74559402,0.017074845502403294
20.74563289,0.031998168917372394
20.75452805,0.037964446478980694
20.75455379,0.017792019531548027
20.7684927,0.026657511253528648
20.76851916,0.03926146334019989
20.78149986,0.020279240100709545
20.79554176,0.021942473487449453
20.79556656,0.039337758449683374
20.79558849,0.02406347753109026
20.80952978,0.017914091706721598
20.80958486,0.03788815136949721
20.82389617,0.0290074006256199
20.82397676,0.016388189517051958
20.82403207,0.035202563515678645
20.82408476,0.03358510719462882
20.83159113,0.01599145494773785
20.83169627,0.031143663691157397
20.83955598,0.037369344625009536
20.86196351,0.01770046540016785
20.86211419,0.026947432669565882
20.86219096,0.039505607690547034
20.86752462,0.02076752880140383
20.88080168,0.02285801480125124
20.88084769,0.04031433585107195
20.88088012,0.02528419928282597
20.88090968,0.019684138246738384
20.88093829,0.03904783703364614
20.89249754,0.02998397802700847
20.90151262,0.017380025940337225
20.90158033,0.03605706874189364
20.91049385,0.034409094377050434
20.92480993,0.016906996261539634
20.924932,0.03215075913633936
20.93080664,0.038117036697947665
20.93090081,0.0183413443198291
20.9375608,0.027435721370260166
20.93762183,0.039917601281757836
20.94818377,0.021438925764858473
20.9482336,0.023987182421606777
20.95978189,0.042084382391088734
20.95990419,0.027313649195086595
20.97559881,0.02162203402761883
20.97567439,0.04069581139848936
20.97571111,0.032227054245822846
20.98862052,0.020645456626230258
20.98866081,0.03906309605554284
20.98869228,0.03675898374914168
20.98872232,0.0183413443198291
21.00264931,0.033447775997558556
21.00271416,0.038910505836575876
21.0105195,0.018814373998626687
21.01057959,0.02789349202716106
21.03487182,0.03981078812848096
21.03499126,0.020538643472953384
21.03659678,0.02247653925383383
21.03665876,0.03978027008468757
21.03670526,0.024536507209887846
21.04453516,0.01892118715190356
21.04458189,0.03875791561760891
21.05851412,0.02937361715114061
21.05854535,0.01722743572137026
21.06748486,0.03602655069810025
21.0675118,0.03360036621652552
21.08047795,0.01739528496223392
21.08050656,0.035828183413443196
21.09454823,0.04460212100404364
21.09457278,0.02784771496147097
21.10849166,0.04385442893110551
21.1085186,0.06044098573281453
21.10854411,0.03643854428931106
21.11448383,0.023682001983672846
21.11450911,0.029785610742351417
21.12854385,0.012054627298390174
21.1285665,0.006515602349889372
21.13776994,0.024795910582131684
21.13792229,0.03546196688792248
21.15047455,0.01817349507896544
21.15051961,0.02789349202716106
21.17456031,0.0396429388876173
21.17462516,0.020706492713817044
21.18047595,0.02337682154573892
21.18054104,0.04040588998245213
21.18058729,0.024887464713511862
21.19368315,0.019958800640878918
21.19378304,0.03947508964675364
21.19386029,0.030411230640115968
21.19393039,0.01858548867017624
21.20295525,0.03759822995345998
21.20307517,0.03533989471274891
21.22665477,0.017792019531548027
21.22673368,0.03350881208514534
21.23095679,0.03935301747158007
21.231076,0.019806210421911954
21.24252868,0.029434653238727397
21.24260521,0.04153505760280766
21.24265051,0.02288853284504463
21.24269176,0.02545204852368963
21.24273181,0.04238956282902266
21.25756764,0.02742046234836347
21.25761557,0.022781719691767757
21.27077413,0.04251163500419623
21.27082253,0.033112077515831236
21.28749514,0.021210040436408027
21.28752565,0.040115968566414896
21.29396772,0.03807125963225757
21.29399347,0.020828564888990615
21.29854274,0.036575875486381325
21.29856825,0.04165712977798123
21.30451322,0.021896696421759364
21.31846023,0.03184557869840543
21.31848526,0.04383916990920882
21.32646084,0.024383916990920882
21.32648563,0.026855878538185704
21.340446,0.043717097734035246
21.34047151,0.027908751049057757
21.3544569,0.02276646066987106
21.35448217,0.041840238040741586
21.35450554,0.031448844129091325
21.35452867,0.019226367589837492
21.36955142,0.038239108873121236
21.36957693,0.03546196688792248
21.38449025,0.018112458991378654
21.38454103,0.033875028610666054
21.39438558,0.03871213855191882
21.39456391,0.019043259327077136
21.4175334,0.028976882581826506
21.41762066,0.040833142595559625
21.4176662,0.021896696421759364
21.41770792,0.024780651560234988
21.41949391,0.041763942931258104
21.41954207,0.025741969939726862
21.43380213,0.02119478141451133
21.43394136,0.04074158846417945
21.4340179,0.03091477836270695
21.4485836,0.019134813458457314
21.448663,0.03831540398260472
21.46176434,0.035492484931715876
21.46186543,0.018616006713969634
21.48099232,0.0345616845960174
21.48107862,0.03949034866865034
21.48115373,0.01998931868467231
21.48122239,0.030121309224078737
21.48449445,0.04211490043488213
21.48453331,0.023041123064011598
21.49879861,0.02561989776455329
21.49891758,0.04252689402609293
21.49899244,0.026764324406805522
21.51359296,0.02230869001297017
21.51366854,0.04180971999694819
21.53658175,0.031738765545128556
21.53660798,0.01991302357518883
21.53849626,0.0392156862745098
21.53853083,0.03616388189517052
21.54448962,0.018875410086213473
21.54453063,0.03504997329671168
21.55876732,0.039841306172274354
21.55888677,0.020065613794155796
21.56801367,0.030594338902876324
21.56813288,0.04295414663920043
21.58067298,0.02447547112230106
21.59451914,0.028000305180437935
21.59454632,0.04452582589456016
21.59456944,0.02835126268406195
21.59459138,0.024383916990920882
21.61861682,0.04489204242008087
21.61869359,0.03393606469825284
21.62448454,0.021850919356069275
21.62451839,0.04034485389486534
21.62454128,0.036957351033798734
21.62456417,0.019684138246738384
21.63866353,0.035492484931715876
21.63876677,0.03982604715037766
21.65250659,0.01965362020294499
21.65256453,0.02963302052338445
21.66094899,0.0409399557488365
21.66107154,0.021988250553139545
21.66774797,0.025360494392309453
21.66786933,0.04158083466849775
21.68074799,0.02575722896162356
21.68081307,0.021438925764858473
21.68549633,0.04090943770504311
21.68554711,0.030975814450293737
21.70951486,0.0196078431372549
21.70958066,0.039719233997100784
21.7150023,0.039581902800030516
21.72049332,0.025650415808346684
21.72054124,0.04487678339818418
21.72975397,0.05551232166018158
21.72987461,0.039505607690547034
21.72995257,0.04260318913557641
21.73002267,0.040283817807278556
21.74457908,0.01147478446631571
21.74464893,0.008987563897154192
21.7587285,0.027817196917677575
21.75885844,0.029236285954070344
21.75893331,0.016952773327229723
21.77450013,0.035080491340505074
21.77452779,0.038910505836575876
21.78958249,0.01896696421759365
21.78972459,0.029831387808041506
21.78979969,0.04127565423056382
21.7898829,0.022110322728313116
21.8016665,0.025726710917830166
21.80175686,0.04243533989471275
21.81610489,0.026489662012664988
21.81616473,0.022491798275730526
21.81620669,0.04200808728160525
21.82951069,0.031662470435645074
21.82953453,0.020416571297779813
21.84410977,0.039337758449683374
21.84414887,0.03613336385137713
21.85277271,0.019592584115358205
21.85284662,0.036194399938963916
21.85290051,0.04031433585107195
21.85295081,0.02107270923933776
21.86800933,0.031998168917372394
21.86813211,0.04361028458075837
21.89069319,0.023895628290226595
21.8908143,0.02798504615854124
21.89089012,0.04495307850766766
21.89095926,0.028854810406652935
21.89900374,0.02499427786678874
21.89912462,0.04452582589456016
21.90495205,0.033997100785839625
21.91854048,0.02272068360418097
21.91860557,0.042206454566262305
21.9186511,0.038620584420538645
21.91869307,0.022018768596932938
21.94357133,0.03875791561760891
21.9436481,0.04226749065384909
21.9515276,0.022796978713664453
21.95158672,0.033783474479285876
21.95351338,0.04422064545662623
21.95355153,0.024505989166094453
21.96778035,0.028366521705958648
21.96786451,0.04449530785076677
21.96790838,0.02713054093232624
21.98160863,0.023605706874189364
21.9817543,0.042633707179369804
22.00586009,0.03189135576409552
22.00597811,0.020782787823300525
22.00603986,0.03955138475623712
22.00608277,0.03543144884412909
22.00850844,0.018982223239490347
22.00854206,0.03543144884412909
22.02149463,0.039124132143129625
22.02153468,0.01965362020294499
22.03363919,0.030945296406500344
22.0336628,0.04098573281452659
22.03368473,0.02230869001297017
22.05857444,0.026337071793698024
22.0635047,0.04301518272678721
22.06353998,0.02652018005645838
22.07149959,0.022980086976424813
22.0715487,0.04217593652246891
22.07850933,0.03141832608529793
22.07854915,0.020401312275883116
22.08659101,0.03994811932555123
22.08666778,0.03616388189517052
22.09856248,0.01965362020294499
22.09863496,0.036530098420691236
22.11153436,0.040115968566414896
22.12585568,0.020645456626230258
22.12600803,0.03189135576409552
22.13099432,0.04261844815747311
22.13111615,0.023193713282978562
22.13960958,0.027359426260776684
22.13969731,0.0435034714274815
22.14554501,0.02661173418783856
22.14561224,0.023422598611429007
22.15351582,0.04284733348592355
22.15357089,0.03143358510719463
22.16803622,0.020798046845197222
22.16817331,0.040451667048142216
22.18058133,0.03595025558861677
22.18983912,0.01974517433432517
22.18989682,0.03659113450827802
22.19486308,0.039581902800030516
22.19494557,0.02034027618829633
22.20393085,0.031998168917372394
22.20406675,0.04235904478522927
22.2115562,0.02294956893263142
22.21163464,0.027649347676813915
22.22552371,0.04438849469748989
22.22559381,0.02810711833371481
22.23977852,0.02485694666971847
22.23989224,0.04365606164644846
22.24851537,0.03219653620202945
22.26298952,0.022461280231937133
22.26313925,0.041596093690394444
22.26323938,0.03689631494621195
22.2633121,0.020111390859845885
22.2690134,0.03596551461051346
22.26913309,0.03851377126726177
22.28181696,0.01879911497672999
22.28188038,0.030014496070801863
22.29565215,0.03999389639124132
22.29570794,0.020035095750362403
22.30957389,0.024246585793850615
22.30965281,0.04046692607003891
22.30969977,0.0234531166552224
22.33378029,0.020477607385366598
22.33385968,0.03939879453727016
22.33390522,0.0277103837644007
22.33394766,0.0174868390936141
22.3339901,0.03715571831845579
22.33403134,0.032394903486686506
22.35008121,0.01617456321049821
22.35014248,0.034699015793087665
22.36301541,0.0405279621576257
22.36313462,0.022873273823147935
22.37554526,0.03747615777828641
22.3756237,0.05426108186465248
22.37566996,0.03544670786602579
22.3757174,0.031021591515983826
22.37576103,0.03405813687342641
22.39509082,0.00988784618905928
22.39511609,0.00354009308003357
22.40500569,0.02209506370641642
22.40512609,0.029999237048905166
22.40950131,0.014435034714274816
22.40955615,0.02299534599832151
22.43785501,0.03898680094605936
22.43797731,0.021499961852445258
22.43805337,0.018738078889143205
22.43812227,0.03805600061036087
22.43818927,0.026535439078355077
22.44653153,0.016693369954985885
22.44659257,0.03680476081483177
22.46071053,0.03213550011444266
22.46078444,0.016281376363775083
22.46547604,0.03352407110704204
22.46551681,0.0366674296177615
22.48978996,0.017410543984130618
22.48990893,0.02967879758907454
22.48998594,0.039917601281757836
22.49005461,0.020447089341573205
22.50459814,0.025650415808346684
22.50466895,0.041626611734187836
22.50470543,0.02481116960402838
22.51511097,0.02272068360418097
22.51523161,0.04187075608453498
22.52361822,0.030334935530632486
22.52365303,0.020309758144502938
22.53845501,0.04055848020141909
22.53849888,0.035919737544823374
22.55149436,0.020279240100709545
22.55152225,0.03759822995345998
22.56448269,0.04046692607003891
22.56452417,0.02124055848020142
22.56454802,0.03358510719462882
22.56646776,0.043335622186617836
22.56650352,0.023697261005569542
22.58069968,0.029053177691309988
22.58072639,0.044708934157320517
22.59447789,0.027527275501640344
22.59451652,0.025055313954375526
22.60881758,0.04406805523765927
22.6088891,0.03187609674219882
22.634763,0.021881437399862667
22.63480282,0.04156557564660105
22.64053321,0.036041809719996945
22.64057064,0.019897764553292133
22.6406033,0.037201495384145876
22.64063311,0.03955138475623712
22.6586678,0.020187685969329367
22.65877247,0.0324101625085832
22.65887141,0.041672388799877925
22.6589396,0.02204928664072633
22.67150187,0.02742046234836347
22.67153525,0.04269474326695659
22.69606471,0.025467307545586328
22.69613028,0.02362096589608606
22.69616652,0.042633707179369804
22.69620132,0.03044174868390936
22.70354772,0.02076752880140383
22.70360756,0.04036011291676204
22.70365429,0.035370412756542305
22.71803045,0.019851987487602044
22.71815443,0.03738460364690623
22.72295284,0.03961242084382391
22.72307539,0.02055390249485008
22.74595428,0.03309681849393454
22.74607229,0.042664225223163196
22.76059294,0.023224231326771955
22.76065755,0.028793774319066146
22.76069522,0.04426642252231632
22.7607286,0.02668802929732204
22.76353741,0.02468909742885481
22.76359057,0.0435034714274815
22.77653551,0.031448844129091325
22.77885199,0.0217441062027924
22.77890015,0.041428244449530784
22.79266191,0.03602655069810025
22.7927382,0.020477607385366598
22.80560946,0.03813229571984436
22.80568385,0.04005493247882811
22.81486297,0.020691233691920347
22.81496119,0.033661402304112305
22.81958389,0.043091477836270695
22.81963158,0.022964827954528116
22.83385825,0.028763256275272753
22.83393502,0.044342717631799804
22.83398008,0.026550698100251773
22.84902072,0.024933241779201955
22.84914184,0.04386968795300221
22.86146784,0.031204699778744183
22.86149979,0.021896696421759364
22.87546611,0.041718165865568015
22.87549281,0.03590447852292668
22.8794558,0.020569161516746776
22.89092588,0.03825436789501793
22.89106107,0.0401007095445182
22.89114094,0.021316853589684902
22.89647079,0.03494316014343481
22.89649892,0.044464789806973375
22.90546656,0.024628061341268024
22.92945695,0.03019760433356222
22.93846893,0.045426108186465246
22.93851876,0.02887006942854963
22.93855238,0.027771419851987486
22.93858242,0.0460669871061265
22.96145487,0.033035782406347754
22.96150851,0.023041123064011598
22.97058964,0.04219119554436561
22.97063446,0.03584344243533989
22.97066593,0.02084382391088731
22.9706955,0.03785763332570382
22.97948503,0.03904783703364614
22.99348593,0.01982146944380865
22.9935503,0.03280689707789731
22.99357939,0.041458762493324176
23.00146747,0.021805142290379186
23.00150013,0.028091859311818113
23.02549124,0.04303044174868391
23.02554011,0.025299458304722668
23.02557135,0.02406347753109026
23.02560019,0.042633707179369804
23.02563,0.0298619058518349
23.02565885,0.02288853284504463
23.03245831,0.04556343938353551
23.038481,0.041092545967803464
23.05281568,0.029022659647516595
23.05288911,0.053406576638437474
23.06452274,0.055893797207598996
23.06458569,0.027115281910429542
23.0784986,0.027267872129396506
23.07854438,0.029449912260624093
23.07857227,0.01062027924010071
23.0786016,0.01565575646601053
23.08850622,0.03851377126726177
23.08854866,0.02844281681544213
23.1014657,0.02076752880140383
23.10151505,0.04022278171969177
23.1034615,0.033707179369802394
23.1265676,0.018768596932936598
23.12664723,0.03677424277103838
23.12851524,0.038452735179674985
23.12856388,0.019562066071564813
23.13595462,0.033112077515831236
23.13601518,0.04151979858091096
23.14349246,0.021896696421759364
23.14353395,0.02844281681544213
23.15791941,0.043305104142824444
23.15804052,0.02542153047989624
23.17054272,0.024368657969024186
23.17059064,0.04327458609903105
23.18496943,0.03031967650873579
23.19359875,0.021652552071412222
23.19366765,0.041596093690394444
23.19370484,0.03506523231860838
23.19373798,0.02012664988174258
23.2047472,0.03836118104829481
23.20480704,0.039841306172274354
23.21161342,0.021301594567788205
23.21165419,0.03463797970550088
23.22097659,0.04310673685816739
23.22109675,0.023773556115053024
23.24453759,0.030411230640115968
23.24459624,0.045258258945601586
23.24462819,0.027115281910429542
23.24465966,0.026367589837491417
23.24468827,0.04504463263904784
23.25946212,0.0315403982604715
23.25953317,0.023010605020218206
23.26847076,0.04245059891660945
23.26850271,0.036041809719996945
23.2794733,0.02157625696192874
23.27949882,0.03906309605554284
23.2934463,0.03952086671244373
23.29347491,0.020813305867093918
23.30686569,0.034317540245670256
23.30689096,0.041931792172121764
23.30691457,0.02178988326848249
23.31564236,0.028580148012512397
23.31573439,0.04255741206988632
23.32492161,0.024292362859540704
23.3249476,0.023590447852292667
23.33347178,0.04190127412832837
23.33349752,0.02827496757457847
23.34783888,0.01986724650949874
23.34789824,0.03955138475623712
23.37050605,0.03292896925307088
23.37053299,0.018265049210345618
23.37055659,0.03643854428931106
23.37057996,0.03726253147173266
23.38384438,0.01846341649500267
23.38394856,0.032120241092545965
23.38402033,0.04022278171969177
23.39347315,0.020447089341573205
23.39350295,0.027527275501640344
23.4054637,0.04214541847867552
23.40549135,0.023819333180743113
23.41946816,0.023422598611429007
23.41949606,0.041931792172121764
23.43346405,0.02822919050888838
23.43349028,0.020233463035019456
23.44646001,0.03997863736934462
23.44648528,0.0328374151216907
23.46243548,0.018402380407415885
23.46250176,0.03680476081483177
23.46253729,0.03733882658121614
23.46256948,0.018493934538796063
23.47051358,0.032486457618066684
23.4705677,0.03993286030365453
23.48364115,0.0200503547722591
23.48371935,0.027832455939574275
23.50648618,0.04206912336919204
23.50653052,0.02340733958953231
23.50845885,0.02316319523918517
23.50848627,0.04147402151522087
23.5085094,0.02746623941405356
23.50853348,0.019943541618982222
23.50857282,0.03973449301899748
23.52402759,0.032394903486686506
23.52414751,0.01799038681620508
23.53650379,0.03649958037689784
23.53656363,0.03738460364690623
23.55124331,0.018142977035172047
23.55136132,0.03224231326771954
23.56458092,0.03961242084382391
23.56466055,0.01991302357518883
23.56470871,0.027344167238879988
23.56475043,0.04110780498970016
23.56479168,0.02320897230487526
23.57998919,0.023270008392462044
23.5801096,0.04147402151522087
23.59362698,0.027405203326466773
23.59369254,0.019668879224841687
23.59986377,0.03956664377813382
23.59992361,0.032318608377203024
23.62356186,0.01808194094758526
23.62358952,0.03651483939879454
23.62361217,0.036575875486381325
23.62363577,0.018066681925688565
23.63548422,0.03266956588082704
23.63552141,0.04084840161745632
23.63947082,0.021347371633478295
23.6454556,0.028992141603723202
23.64548016,0.042801556420233464
23.65949225,0.024658579385061417
23.67354846,0.025680933852140077
23.67360973,0.04419012741283284
23.6877327,0.0298619058518349
23.68787003,0.02197299153124285
23.6879456,0.040878919661249714
23.68801641,0.03263904783703365
23.70223355,0.01889066910811017
23.70232129,0.03659113450827802
23.70236826,0.0362554360265507
23.71460462,0.017547875181200885
23.71468639,0.031662470435645074
23.72853255,0.03894102388036927
23.72861886,0.01892118715190356
23.72866535,0.026977950713359275
23.74150372,0.04058899824521248
23.74153209,0.02247653925383383
23.75768518,0.022964827954528116
23.75772285,0.040955214770733196
23.75775385,0.02716105897611963
23.77157998,0.019592584115358205
23.77166295,0.04200808728160525
23.77870679,0.03671320668345159
23.79261303,0.024704356450751506
23.79271436,0.04754711223010605
23.79276037,0.05362020294499122
23.79280114,0.03259327077134356
23.81797838,0.03585870145723659
23.81810093,0.031570916304264895
23.81816649,0.00729381246662089
23.81822824,0.012375066758220797
23.84059739,0.031692988479438466
23.8407011,0.027603570611123826
23.84075809,0.01687647821774624
23.84080887,0.036453803311207754
23.84085774,0.03559929808499275
23.85064411,0.017120622568093387
23.85075521,0.03158617532616159
23.86458421,0.03884946974898909
23.86467218,0.01953154802777142
23.87859726,0.027969787136644542
23.87867069,0.04174868390936141
23.88388801,0.02294956893263142
23.88402677,0.02371252002746624
23.88996696,0.041962310215915156
23.89008856,0.02766460669871061
23.90357137,0.0208896009765774
23.90366292,0.04048218509193561
23.90371037,0.03271534294651713
23.91371703,0.019226367589837492
23.91379023,0.03813229571984436
23.93658662,0.03759822995345998
23.9366641,0.019333180743114367
23.93954682,0.03413443198290989
23.9396193,0.040787365529869536
23.93967462,0.020996414129854278
23.93972492,0.029877164873731595
23.95498419,0.04345769436179141
23.95510387,0.0247348744945449
23.9690938,0.025803006027313648
23.96917057,0.04419012741283284
23.96921492,0.029312581063553826
23.99378252,0.023010605020218206
23.99384785,0.042923628595407035
23.99388433,0.03430228122377356
23.99391794,0.021499961852445258
23.99952698,0.03949034866865034
23.99958706,0.038452735179674985
24.01365495,0.020614938582436865
24.0137372,0.03567559319447623
24.02061486,0.041763942931258104
24.02069092,0.02178988326848249
24.0438416,0.030182345311665523
24.04396558,0.04339665827420462
24.0440414,0.024292362859540704
24.05860138,0.02542153047989624
24.05867743,0.04281681544213016
24.05872202,0.02749675745784695
24.0587635,0.021301594567788205
24.06847,0.040787365529869536
24.06850171,0.03189135576409552
24.07646155,0.01838712138551919
24.07649207,0.03726253147173266
24.0864594,0.03631647211413749
24.08648443,0.018524452582589456
24.10946155,0.03251697566186008
24.1094861,0.03938353551537346
24.10950971,0.019668879224841687
24.10953259,0.02868696116578927
24.12453198,0.04156557564660105
24.12460065,0.023147936217288473
24.12463307,0.024612802319371328
24.13347125,0.042328526741435876
24.14792442,0.027435721370260166
24.14806151,0.021133745326924545
24.16068339,0.04081788357366293
24.16077232,0.032166018158236054
24.18452811,0.019256885633630885
24.18460393,0.03813229571984436
24.18464923,0.036621652552071414
24.19393849,0.01858548867017624
24.19400573,0.03398184176394293
24.19405293,0.04019226367589838
24.1940949,0.020065613794155796
24.20782423,0.029388876173037308
24.20793438,0.04228274967574579
24.21395588,0.02333104448004883
24.21407938,0.025070572976272222
24.22755384,0.04248111696040284
24.22761989,0.027344167238879988
24.25110173,0.021438925764858473
24.25124431,0.04122987716487373
24.25134277,0.032120241092545965
24.25255466,0.019287403677424278
24.25261021,0.038284885938811325
24.25264883,0.03654535744258793
24.25269032,0.018783855954833294
24.26694918,0.03393606469825284
24.26702142,0.039627679865720605
24.2809701,0.020111390859845885
24.28109121,0.029449912260624093
24.29457712,0.04200808728160525
24.29465437,0.02337682154573892
24.308846,0.02520790417334249
24.30894613,0.04228274967574579
24.309021,0.02784771496147097
24.30908966,0.021515220874341955
24.30915689,0.0413519493400473
24.32457614,0.03224231326771954
24.32465172,0.019470511940184634
24.33167291,0.03892576485847257
24.33173323,0.03761348897535668
24.34602261,0.02038605325398642
24.34614396,0.03584344243533989
24.35860682,0.04098573281452659
24.35868335,0.021774624246585793
24.38168836,0.03224231326771954
24.38177991,0.04448004882887007
24.38182425,0.025528343633173113
24.38380718,0.027359426260776684
24.38390732,0.044083314259555965
24.39378452,0.0281528953994049
24.39384365,0.02230869001297017
24.40597415,0.04267948424505989
24.40607381,0.03141832608529793
24.42049074,0.01907377737087053
24.42052126,0.03797970550087739
24.42952847,0.035538261997405965
24.42957854,0.018265049210345618
24.4296155,0.03389028763256275
24.42964482,0.03959716182192721
24.4385016,0.019851987487602044
24.44654274,0.029617761501487753
24.44656801,0.04156557564660105
24.46052647,0.022507057297627222
24.46055055,0.025223163195239186
24.47454262,0.04449530785076677
24.47456908,0.03150988021667811
24.4985261,0.028046082246128024
24.49855304,0.051224536507209886
24.49857688,0.04856946669718471
24.50054836,0.034576943617914094
24.50062871,0.04328984512092775
24.50068474,0.02951094834821088
24.50072813,0.007339589532310979
24.51555252,0.01901274128328374
24.52959991,0.03434805828946365
24.52966976,0.018097199969481958
24.53857565,0.023636224917982757
24.53865552,0.04206912336919204
24.5387876,0.02639810788128481
24.55252671,0.021042191195544367
24.5525527,0.04068055237659266
24.5525775,0.031204699778744183
24.56656694,0.018982223239490347
24.56666112,0.03846799420157168
24.56848574,0.03585870145723659
24.59156585,0.018936446173800258
24.59165382,0.03476005188067445
24.59349275,0.039917601281757836
24.59355688,0.02050812542915999
24.60257506,0.030777447165636684
24.60265422,0.042969405661097124
24.61159158,0.023819333180743113
24.61165953,0.026092927443350882
24.61963439,0.04328984512092775
24.61971211,0.02732890821698329
24.63347173,0.023254749370565347
24.63354135,0.04303044174868391
24.64793801,0.03309681849393454
24.65562415,0.02119478141451133
24.65569067,0.04077210650797284
24.6695559,0.03834592202639811
24.66962862,0.021210040436408027
24.66968441,0.036911573968108645
24.669734,0.04231326771953918
24.67972016,0.022903791866941327
24.67984271,0.033234149691004806
24.69455433,0.04495307850766766
24.69463158,0.025391012436102846
24.70651436,0.028091859311818113
24.70658922,0.04524299992370489
24.70664501,0.02993820096131838
24.71594334,0.024628061341268024
24.71606922,0.043884946974898906
24.72453952,0.03350881208514534
24.724617,0.021271076523994813
24.73349547,0.04036011291676204
24.73356581,0.03765926604104677
24.74793553,0.020370794232089724
24.74806046,0.03643854428931106
24.76155663,0.04042114900434882
24.76163292,0.020569161516746776
24.77476287,0.03091477836270695
24.77489614,0.04226749065384909
24.77497125,0.022903791866941327
24.77504063,0.02627603570611124
24.77510786,0.04272526131074998
24.78954411,0.0264438849469749
24.78962016,0.022125581750209813
24.80357838,0.04156557564660105
24.80365181,0.03146410315098802
24.80949092,0.019928282597085525
24.80952001,0.0392156862745098
24.83357453,0.03595025558861677
24.83364892,0.018997482261387044
24.83369255,0.03555352101930266
24.83373332,0.03985656519417105
24.83377242,0.020202944991226063
24.85054803,0.031036850537880523
24.85057116,0.04235904478522927
24.8574903,0.02337682154573892
24.87048626,0.026504921034561684
24.87053156,0.04322880903334096
24.87056279,0.027100022888532846
24.88454032,0.023132677195391776
24.88456488,0.04251163500419623
24.89848447,0.03179980163271534
24.89850926,0.020080872816052493
24.89853263,0.03932249942778668
24.89855528,0.036194399938963916
24.91392756,0.01940947585259785
24.91406584,0.03567559319447623
24.92656279,0.03993286030365453
24.92664313,0.02038605325398642
24.94092369,0.03091477836270695
24.94103503,0.042206454566262305
24.95455146,0.022919050888838024
24.95464087,0.02613870450904097
24.96848774,0.04260318913557641
24.96853423,0.026153963530937668
24.96856666,0.022293430991073473
24.96859574,0.04190127412832837
24.9915576,0.0311284046692607
24.99451518,0.019668879224841687
24.99457049,0.03915465018692302
25.01880574,0.035828183413443196
25.01887584,0.019287403677424278
25.01891422,0.035538261997405965
25.01895452,0.03939879453727016
25.01899028,0.019958800640878918
25.01902366,0.0319829098954757
25.03357959,0.04373235675593194
25.03365684,0.024368657969024186
25.03371024,0.027618829633020522
25.03376126,0.04423590447852293
25.04085088,0.028931105516136417
25.04685998,0.02528419928282597
25.04696012,0.04498359655146105
25.05558705,0.03292896925307088
25.05566478,0.021301594567788205
25.07964849,0.0400854505226215
25.07971072,0.03595025558861677
25.07975554,0.019455252918287938
25.07979774,0.03569085221637293
25.0951848,0.03904783703364614
25.09530139,0.019134813458457314
25.09534931,0.030243381399252308
25.09538746,0.04089417868314641
25.10259819,0.021774624246585793
25.11612105,0.025803006027313648
25.11624026,0.04238956282902266
25.12151003,0.02575722896162356
25.12154484,0.022232394903486687
25.13548303,0.04119935912108034
25.13550735,0.030502784771496146
25.14954448,0.02209506370641642
25.14956737,0.04483100633249409
25.15445876,0.04260318913557641
25.15448236,0.030334935530632486
25.16849947,0.05291828793774319
25.16852355,0.054520485236896316
25.16854692,0.02307164110780499
25.18353868,0.02281223773556115
25.18356323,0.03002975509269856
25.20654321,0.012649729152361334
25.20656729,0.014648661020828565
25.20854402,0.03401235980773632
25.20858192,0.033707179369802394
25.20860791,0.018310826276035707
25.20863223,0.03476005188067445
25.2235651,0.03820859082932784
25.22362661,0.019043259327077136
25.23277879,0.03048752574959945
25.23285055,0.0413519493400473
25.23290467,0.021683070115205615
25.25660419,0.025726710917830166
25.25666976,0.04238956282902266
25.26488519,0.026199740596627757
25.26493955,0.023025864042114902
25.27149415,0.04214541847867552
25.27152109,0.03079270618753338
25.2790513,0.020080872816052493
25.27917123,0.03981078812848096
25.30435348,0.036240177004654005
25.30441976,0.01977569237811856
25.3044517,0.03646906233310445
25.30448198,0.039719233997100784
25.32058311,0.020416571297779813
25.32064819,0.03259327077134356
25.32068443,0.04324406805523766
25.32360148,0.023559929808499275
25.32363486,0.028000305180437935
25.33146119,0.04438849469748989
25.33148456,0.027832455939574275
25.34991193,0.025024795910582133
25.35551476,0.04440375371938659
25.35555673,0.033157854581521325
25.37851501,0.02226291294728008
25.3785615,0.04180971999694819
25.37859392,0.03749141680018311
25.38090348,0.021393148699168384
25.38094974,0.03808651865415427
25.39451766,0.04077210650797284
25.39457107,0.02136263065537499
25.39460325,0.03314259555962463
25.40049958,0.04315251392385748
25.41482329,0.023422598611429007
25.4149332,0.027557793545433737
25.42853618,0.04328984512092775
25.4286027,0.026245517662317846
25.44181514,0.023041123064011598
25.44189596,0.042038605325398645
25.44196606,0.030212863355458915
25.46654463,0.01965362020294499
25.46659517,0.03913939116502632
25.46663094,0.03442435339894713
25.46666551,0.0183413443198291
25.47482109,0.03523308155947204
25.4749043,0.03846799420157168
25.48364544,0.01889066910811017
25.48371124,0.030334935530632486
25.49786925,0.04086366063935302
25.49793053,0.021728847180895704
25.51072884,0.02639810788128481
25.51080203,0.042084382391088734
25.51085806,0.025406271457999542
25.51305723,0.0225986114290074
25.51312852,0.041931792172121764
25.52667618,0.030334935530632486
25.52674007,0.020141908903639278
25.53152609,0.03961242084382391
25.53156686,0.03500419623102159
25.54587245,0.018982223239490347
25.54597187,0.03616388189517052
25.5596087,0.03913939116502632
25.55968642,0.019836728465705347
25.57357001,0.0319829098954757
25.57364297,0.04156557564660105
25.57369828,0.021927214465552756
25.57905793,0.02713054093232624
25.57913041,0.04284733348592355
25.59160781,0.025558861676966506
25.59168339,0.02307164110780499
25.60053062,0.04248111696040284
25.60057211,0.030472266727702754
25.61451268,0.020202944991226063
25.61454225,0.03993286030365453
25.63859129,0.034912642099641414
25.63864899,0.019333180743114367
25.64052629,0.036743724727244985
25.64056015,0.03936827649347677
25.6405859,0.019943541618982222
25.64549804,0.03224231326771954
25.64552212,0.04235904478522927
25.65448546,0.023468375677119097
25.67851114,0.029327840085450523
25.67855835,0.044800488288700695
25.67859054,0.026947432669565882
25.67861915,0.02542153047989624
25.68863845,0.0451972228580148
25.68872595,0.033234149691004806
25.68876314,0.022873273823147935
25.70148778,0.0413519493400473
25.70151258,0.035828183413443196
25.71667576,0.020019836728465707
25.71675777,0.03714045929655909
25.73049521,0.03939879453727016
25.73054981,0.01965362020294499
25.7445128,0.03137254901960784
25.74456,0.040924696726939803
25.75993347,0.021332112611581598
25.75998545,0.026794842450598915
25.76001811,0.04238956282902266
25.76004982,0.0251621271076524
25.77166939,0.023025864042114902
25.77172303,0.04202334630350195
25.77176666,0.029922941939421684
25.78115606,0.02017242694743267
25.78127813,0.041290913252460516
25.80473876,0.03884946974898909
25.80480933,0.025268940260929275
25.81081963,0.04602121004043641
25.81090045,0.05517662317845426
25.82457829,0.038742656595712216
25.82471728,0.04322880903334096
25.82476377,0.03926146334019989
25.82480049,0.010635538261997406
25.82484841,0.010635538261997406
25.83950281,0.029571984435797664
25.83952737,0.0285648889906157
25.84458423,0.016723887998779278
25.84466314,0.036285954070344094
25.86850739,0.038498512245365074
25.86854815,0.01910429541466392
25.86857367,0.031738765545128556
25.86859703,0.041504539559014265
25.88366246,0.02162203402761883
25.88376546,0.027740901808194093
25.88383937,0.04310673685816739
25.88390779,0.025558861676966506
25.89853787,0.023773556115053024
25.89858294,0.043259327077134355
25.89861298,0.030930037384603648
25.92357659,0.021484702830548562
25.92365432,0.04132143129625391
25.9236989,0.03559929808499275
25.92374015,0.020187685969329367
25.94068217,0.037918669413290605
25.94078374,0.04013122758831159
25.9408586,0.021423666742961776
25.94092727,0.03425650415808347
25.95560622,0.043549248493171586
25.95568109,0.023697261005569542
25.96458125,0.029968719005111773
25.96464252,0.04536507209887846
25.96985841,0.028213931486991684
25.99385738,0.02681010147249561
25.9939332,0.04545662623025864
25.99397755,0.03329518577859159
25.99401903,0.02392614633401999
26.00372815,0.043717097734035246
26.00379968,0.037949187457084
26.01297069,0.02285801480125124
26.01309109,0.04042114900434882
26.02071452,0.041718165865568015
26.02079225,0.02252231631952392
26.0348866,0.03552300297550927
26.03496242,0.044586861982146946
26.04383826,0.024292362859540704
26.05663586,0.030014496070801863
26.05671191,0.04483100633249409
26.06398773,0.02703898680094606
26.06406879,0.025391012436102846
26.07250452,0.04422064545662623
26.07253361,0.030853742275120166
26.07861185,0.021545738918135347
26.07868433,0.04124513618677043
26.09150672,0.035156786449988556
26.09156322,0.01969939726863508
26.11577153,0.03614862287327383
26.11589241,0.03871213855191882
26.11596584,0.019424734874494545
26.11800122,0.032608529793240255
26.11805916,0.041763942931258104
26.11809254,0.02191195544365606
26.13150954,0.0281528953994049
26.13157964,0.04324406805523766
26.14604807,0.02528419928282597
26.14621806,0.024551766231784542
26.15955615,0.04357976653696498
26.15963435,0.030457007705806057
26.18402386,0.02136263065537499
26.18416238,0.041336690318150605
26.18423796,0.03546196688792248
26.19654679,0.02009613183794919
26.19661427,0.038117036697947665
26.20591044,0.039581902800030516
26.2060194,0.020660715648126955
26.21095705,0.0341039139391165
26.21109533,0.04248111696040284
26.21117568,0.022369726100556955
26.21124578,0.02887006942854963
26.23461199,0.04423590447852293
26.23471284,0.02623025864042115
26.23971176,0.024719615472648202
26.23979139,0.04312199588006409
26.23984671,0.0302738994430457
26.25359201,0.021774624246585793
26.25368762,0.041290913252460516
26.25551057,0.03509575036240177
26.25555968,0.019943541618982222
26.27099037,0.037964446478980694
26.2710638,0.03906309605554284
26.2711184,0.020355535210193027
26.27116847,0.033707179369802394
26.29564214,0.042587930113679714
26.29571915,0.023254749370565347
26.30992913,0.03044174868390936
26.31005073,0.04571602960250248
26.31012797,0.027405203326466773
26.31176281,0.025558861676966506
26.31183147,0.04487678339818418
26.32598996,0.03321889066910811
26.32606602,0.024338139925230793
26.33361101,0.04345769436179141
26.33365893,0.0366826886396582
26.35659766,0.021255817502098116
26.35666227,0.038803692683299
26.35856414,0.039459830624856945
26.35860419,0.020355535210193027
26.3718853,0.033493553063248645
26.37195492,0.041260395208667124
26.37382984,0.02107270923933776
26.3801055,0.027878233005264364
26.38022327,0.04290836957351034
26.3935802,0.024933241779201955
26.39365697,0.0243076218814374
26.40787244,0.042755779354543375
26.40794587,0.029312581063553826
26.42045999,0.02107270923933776
26.42049026,0.040924696726939803
26.42051888,0.034866865033951325
26.42054701,0.022781719691767757
26.43649006,0.04357976653696498
26.43651628,0.04687571526665141
26.43653941,0.03309681849393454
26.4504869,0.05291828793774319
26.45051289,0.057495994506752114
26.45552254,0.025391012436102846
26.45556474,0.020157167925535974
26.47967291,0.03105210955977722
26.47974539,0.01501487754634928
26.48581195,0.014053559166857405
26.48597574,0.03434805828946365
26.49253511,0.038239108873121236
26.49259877,0.019943541618982222
26.50571322,0.033203631647211414
26.50579405,0.04090943770504311
26.511235,0.021393148699168384
26.51678467,0.028763256275272753
26.51690626,0.043381399252307926
26.52952909,0.02508583199816892
26.52958941,0.02468909742885481
26.55547953,0.04362554360265507
26.55551243,0.029922941939421684
26.55553746,0.02191195544365606
26.55556107,0.042160677500572216
26.57711005,0.0354009308003357
26.57714343,0.020950637064164186
26.57716703,0.039078355077439536
26.5789187,0.039673456931410694
26.57898664,0.020996414129854278
26.57903814,0.03468375677119097
26.57908678,0.04312199588006409
26.60051632,0.023422598611429007
26.60055733,0.03065537499046311
26.60950089,0.04538033112077516
26.60953069,0.0272983901731899
26.61550522,0.027389944304570077
26.61554337,0.04609750514991989
26.62346411,0.03259327077134356
26.62349391,0.02439917601281758
26.63548565,0.044678416113527124
26.6355114,0.03776607919432364
26.65114355,0.023086900129701687
26.6512816,0.04119935912108034
26.65135789,0.04190127412832837
26.66447353,0.023346303501945526
26.6645,0.0371099412527657
26.67854738,0.04473945220111391
26.6785717,0.024628061341268024
26.67859435,0.031784542610818645
26.67861629,0.045807583733882655
26.6884532,0.027389944304570077
26.68847871,0.0268711375600824
26.70249343,0.04545662623025864
26.70253825,0.0315403982604715
26.73254275,0.023178454261081866
26.73260331,0.04272526131074998
26.73263645,0.035248340581368734
26.73266625,0.02067597467002365
26.73448825,0.03884946974898909
26.73451591,0.03904783703364614
26.74365711,0.020325017166399634
26.74378824,0.0345464255741207
26.75655794,0.04194705119401846
26.75663447,0.02221713588158999
26.765589,0.030045014114595255
26.76564956,0.043884946974898906
26.78959227,0.025513084611276417
26.78965831,0.02578774700541695
26.78969336,0.044083314259555965
26.79153419,0.03031967650873579
26.79157591,0.022491798275730526
26.80058765,0.042328526741435876
26.80064416,0.03517204547188525
26.81498003,0.02093537804226749
26.81509805,0.03939879453727016
26.82065773,0.03968871595330739
26.82073927,0.021377889677271687
26.8448174,0.03555352101930266
26.84493637,0.0430609597924773
26.84501195,0.022980086976424813
26.85085917,0.0307011520561532
26.85093927,0.04455634393835355
26.85861301,0.026047150377660793
26.85867262,0.02627603570611124
26.86650038,0.04481574731059739
26.86653042,0.030930037384603648
26.88054848,0.023193713282978562
26.88057184,0.04295414663920043
26.89607477,0.03527885862516213
26.89611936,0.02111848630502785
26.90855718,0.039627679865720605
26.90858126,0.03973449301899748
26.90860367,0.02093537804226749
26.93148446,0.03494316014343481
26.93150949,0.04274052033264668
26.93153262,0.022873273823147935
26.93356967,0.03065537499046311
26.93365002,0.044632639047837035
26.93370724,0.026153963530937668
26.94754863,0.026504921034561684
26.96051836,0.04493781948577096
26.96058846,0.03117418173495079
26.96062231,0.024170290684367133
26.98456907,0.04481574731059739
26.98459435,0.03683527885862516
26.98461699,0.022354467078660258
26.98463917,0.04118410009918364
26.98673081,0.04217593652246891
26.98684001,0.023422598611429007
27.00053787,0.03799496452277409
27.00060654,0.04473945220111391
27.01483083,0.023941405355916687
27.01493239,0.03147936217288472
27.03632355,0.045136186770428015
27.03641963,0.026092927443350882
27.03646994,0.02618448157473106
27.03651333,0.04411383230334936
27.03655386,0.02970931563286793
27.05200076,0.022354467078660258
27.05212188,0.042160677500572216
27.05697536,0.03433279926756695
27.05711055,0.020691233691920347
27.06965899,0.039246204318303196
27.06973648,0.03903257801174945
27.08354473,0.02072175173571374
27.08359551,0.035156786449988556
27.09654117,0.04290836957351034
27.09660721,0.02494850080109865
27.10556126,0.036041809719996945
27.10562682,0.052429999237048906
27.10567904,0.03768978408484016
27.11066365,0.044754711223010606
27.11076093,0.060486762798504616
27.12509108,0.035538261997405965
27.12517071,0.015335317006179903
27.13360047,0.030594338902876324
27.13366079,0.024628061341268024
27.15794277,0.01454184786755169
27.15806341,0.03247119859616999
27.16579628,0.042252231631952394
27.16585922,0.0225986114290074
27.16590667,0.030548561837186235
27.16594887,0.04406805523765927
27.17460632,0.025345235370412757
27.17467904,0.02656595712214847
27.17473269,0.04489204242008087
27.19005036,0.03031967650873579
27.19017124,0.023346303501945526
27.20790029,0.04357976653696498
27.20797563,0.03544670786602579
27.22111201,0.021774624246585793
27.22123098,0.040543221179522394
27.23459697,0.040283817807278556
27.23467207,0.022034027618829635
27.23471761,0.03675898374914168
27.23475981,0.04351873044937819
27.23753905,0.023727779049362935
27.25060296,0.032440680552376595
27.25066328,0.045960173952849626
27.25682688,0.027344167238879988
27.25694299,0.028305485618371862
27.27051091,0.04654001678492409
27.27056527,0.032394903486686506
27.28502107,0.025467307545586328
27.28513908,0.045807583733882655
27.29083109,0.03756771190966659
27.29093623,0.023773556115053024
27.29950452,0.0426489662012665
27.29961252,0.04238956282902266
27.29966283,0.023819333180743113
27.31455493,0.03875791561760891
27.32851887,0.04570077058060578
27.32859063,0.025406271457999542
27.34159136,0.03390554665445945
27.34167075,0.04736400396734569
27.35054994,0.027969787136644542
27.35060215,0.02865644312199588
27.35063863,0.046845197222858015
27.3506732,0.03179980163271534
27.36556506,0.024277103837644008
27.3656528,0.044586861982146946
27.36855054,0.03569085221637293
27.40054202,0.021850919356069275
27.40061665,0.04034485389486534
27.40065575,0.0392309452964065
27.40069056,0.020996414129854278
27.40072465,0.035660334172579536
27.4036572,0.042298008697642483
27.40369892,0.02209506370641642
27.4134829,0.03060959792477302
27.41350794,0.04385442893110551
27.42644429,0.02491798275730526
27.4264679,0.026199740596627757
27.43145084,0.044251163500419625
27.43147469,0.02951094834821088
27.45175409,0.022796978713664453
27.45187974,0.04278629739833677
27.47565031,0.03384451056687266
27.47573996,0.020569161516746776
27.4757936,0.03942931258106355
27.47584391,0.03872739757381552
27.49960113,0.020614938582436865
27.49966788,0.035706111238269625
27.49970436,0.04219119554436561
27.4997375,0.022064545662623027
27.51169968,0.0307011520561532
27.51183939,0.044007019150072484
27.51191974,0.025146868085755704
27.53664875,0.026214999618524453
27.536726,0.04419012741283284
27.53677154,0.02920576791027695
27.53681397,0.022583352407110704
27.54567242,0.04251163500419623
27.54576206,0.03350881208514534
27.54583287,0.02038605325398642
27.54590034,0.039246204318303196
27.55567455,0.03825436789501793
27.55575418,0.019806210421911954
27.56451178,0.034821087968261236
27.56457233,0.04124513618677043
27.56950235,0.021423666742961776
27.59359145,0.030334935530632486
27.59365654,0.04353398947127489
27.59369206,0.024368657969024186
27.59372592,0.025726710917830166
27.60355854,0.04367132066834516
27.60363317,0.02810711833371481
27.61209154,0.02140840772106508
27.61218977,0.04213015945677882
27.62080741,0.03314259555962463
27.62092805,0.01982146944380865
27.63530755,0.03877317463950561
27.63538384,0.03767452506294346
27.63958621,0.01969939726863508
27.66635108,0.0349584191653315
27.6663816,0.04086366063935302
27.66641188,0.02111848630502785
27.66643572,0.030930037384603648
27.66645885,0.044373235675593196
27.68958282,0.025314717326619364
27.68962979,0.026657511253528648
27.68966198,0.04461738002594034
27.68969131,0.030716411078049895
27.69647551,0.024505989166094453
27.69652343,0.04406805523765927
27.71046519,0.03442435339894713
27.72480464,0.020813305867093918
27.72494912,0.03936827649347677
27.72499561,0.037537193865873196
27.72504258,0.01901274128328374
27.73453951,0.03414969100480659
27.73459816,0.039749752040894176
27.74350286,0.019592584115358205
27.74354458,0.028885328450446328
27.75684476,0.04187075608453498
27.75694489,0.02264438849469749
27.78074574,0.024322880903334097
27.78082156,0.042298008697642483
27.78087568,0.02703898680094606
27.78382874,0.020706492713817044
27.78390121,0.04046692607003891
27.79067612,0.03170824750133516
27.79077578,0.02111848630502785
27.80458951,0.04293888761730373
27.80465055,0.043091477836270695
27.80970001,0.029114213778896773
27.80974174,0.051392385748073546
27.83359075,0.055237659266041045
27.83366752,0.02349889372091249
27.84294391,0.02072175173571374
27.84299231,0.029312581063553826
27.84301949,0.011734187838559548
27.84549189,0.012329289692530708
27.84552836,0.0328374151216907
27.86253047,0.03489738307774472
27.86260772,0.01799038681620508
27.86655188,0.03321889066910811
27.8666122,0.03846799420157168
27.88060832,0.0183413443198291
27.88068151,0.028259708552681773
27.89459991,0.04147402151522087
27.89467859,0.022247653925383384
27.90355229,0.024109254596780347
27.90360999,0.04190127412832837
27.90365267,0.026504921034561684
27.91357899,0.021057450217441064
27.9136529,0.04127565423056382
27.92301416,0.031692988479438466
27.92313886,0.018768596932936598
27.94556475,0.03822384985122454
27.94562316,0.03622491798275731
27.95959687,0.018600747692072938
27.95968771,0.03439383535515374
27.95973372,0.03990234225986114
27.95977473,0.020157167925535974
27.98371005,0.029846646829938202
27.98381424,0.04278629739833677
27.98388886,0.0234531166552224
27.99259186,0.026031891355764097
27.99268913,0.0435034714274815
28.00057817,0.027969787136644542
28.00063825,0.022415503166247044
28.00068355,0.042664225223163196
28.00072598,0.03291371023117418
28.02558255,0.020447089341573205
28.02566147,0.03973449301899748
28.02570796,0.03765926604104677
28.0257504,0.01965362020294499
28.04050183,0.03578240634775311
28.04054427,0.040955214770733196
28.04057598,0.020645456626230258
28.04060507,0.030090791180285344
28.0406332,0.042801556420233464
28.05602026,0.023254749370565347
28.05614042,0.0251621271076524
28.07149482,0.04252689402609293
28.07152605,0.02681010147249561
28.08347678,0.020950637064164186
28.08350134,0.04069581139848936
28.09146214,0.030350194552529183
28.09148812,0.017669947356374456
28.09845996,0.03688105592431525
28.09848404,0.03450064850843061
28.10446143,0.0166323338673991
28.11245847,0.032486457618066684
28.12552094,0.03801022354467078
28.12559819,0.018005645838101776
28.13951373,0.02749675745784695
28.13956904,0.040207522697795074
28.15398407,0.020813305867093918
28.15406275,0.023346303501945526
28.15411878,0.040924696726939803
28.15416908,0.024933241779201955
28.16353536,0.019516289005874723
28.16360331,0.03949034866865034
28.1636498,0.02951094834821088
28.18354344,0.017349507896543832
28.18362021,0.03689631494621195
28.19260383,0.03442435339894713
28.19269252,0.016723887998779278
28.21612287,0.03276112001220722
28.21626568,0.03814755474174106
28.2163434,0.018066681925688565
28.21643209,0.02780193789578088
28.22376037,0.0405279621576257
28.22385859,0.020782787823300525
28.23344755,0.023422598611429007
28.23351121,0.040833142595559625
28.24368715,0.02485694666971847
28.25483346,0.019424734874494545
28.25493407,0.03927672236209659
28.27861929,0.029236285954070344
28.27871084,0.01692225528343633
28.2787652,0.036530098420691236
28.27882004,0.03413443198290989
28.29361129,0.016144045166704816
28.29367757,0.03201342793926909
28.293715,0.037369344625009536
28.29375029,0.017181658655680172
28.30657744,0.027191577019913024
28.30662799,0.039505607690547034
28.30666423,0.020157167925535974
28.33062148,0.022980086976424813
28.33069849,0.040207522697795074
28.33256221,0.024246585793850615
28.33261061,0.019119554436560618
28.33264756,0.039078355077439536
28.33268237,0.028702220187685968
28.34781194,0.016617074845502403
28.34793568,0.03639276722362097
28.3560071,0.03364614328221561
28.35621691,0.016083009079118027
28.36963224,0.03230334935530633
28.36971545,0.03727779049362936
28.37900233,0.01727321278706035
28.39261818,0.02758831158922713
28.39269137,0.03978027008468757
28.39858937,0.020080872816052493
28.3986485,0.02307164110780499
28.40457702,0.04042114900434882
28.40463638,0.024200808728160526
28.41051507,0.019348439765011063
28.41054821,0.039963378347447925
28.42051649,0.030304417486839094
28.42055321,0.018402380407415885
28.44483495,0.03756771190966659
28.44495678,0.03476005188067445
28.44503307,0.018265049210345618
28.44510198,0.03476005188067445
28.44517016,0.0396429388876173
28.46355748,0.01940947585259785
28.46358609,0.028824292362859542
28.46360946,0.04019226367589838
28.47852159,0.02038605325398642
28.47858071,0.02320897230487526
28.49277759,0.04013122758831159
28.49292016,0.023804074158846417
28.50559306,0.018524452582589456
28.5056808,0.038834210727092394
28.50572729,0.027954528114747846
28.52996492,0.016037232013427938
28.53010154,0.03567559319447623
28.53866982,0.03279163805600061
28.53873539,0.01560997940032044
28.53877234,0.03179980163271534
28.53880525,0.036743724727244985
28.54656553,0.01710536354619669
28.54663801,0.029602502479591057
28.56100154,0.0439002059967956
28.5611217,0.025772487983520255
28.58474135,0.03219653620202945
28.58486032,0.05658045319295033
28.58493567,0.04113832303349355
28.58500767,0.026123445487144275
28.5850749,0.03352407110704204
28.59299302,0.016647592889295796
28.59310484,0.005752651255054551
28.60178304,0.02374303807125963
28.6018703,0.03297474631876097
28.61456561,0.016083009079118027
28.61464095,0.027618829633020522
28.62896371,0.03904783703364614
28.62910104,0.019287403677424278
28.62917924,0.022735942626077667
28.64147329,0.03994811932555123
28.64150786,0.02392614633401999
28.64348888,0.01948577096208133
28.64354658,0.03935301747158007
28.65799332,0.0290074006256199
28.65809393,0.01736476691844053
28.67176032,0.03714045929655909
28.67182398,0.03433279926756695
28.67650533,0.017288471808957047
28.6765573,0.0336919203479057
28.70052791,0.03826962691691463
28.70059419,0.01838712138551919
28.70063019,0.029358358129243915
28.70066381,0.04144350347142748
28.70069695,0.02186617837796597
28.71054578,0.025726710917830166
28.71060491,0.04251163500419623
28.72472978,0.02613870450904097
28.72485018,0.022156099794003205
28.73365927,0.04217593652246891
28.73374653,0.031616693369954985
28.75778556,0.020111390859845885
28.75790501,0.040009155413138014
28.75798249,0.037125200274662394
28.75805068,0.019836728465705347
28.76961827,0.03642328526741436
28.76969385,0.04057373922331579
28.76973867,0.02055390249485008
28.78469014,0.03164721141374838
28.78478527,0.043472953383688104
28.79363918,0.02349889372091249
28.79370594,0.026886396581979097
28.80723119,0.04382391088731212
28.80731511,0.02749675745784695
28.8310101,0.023041123064011598
28.8311305,0.042633707179369804
28.83656621,0.031616693369954985
28.83662701,0.019836728465705347
28.85058379,0.039124132143129625
28.85065627,0.03547722590981918
28.85071158,0.018371862363622492
28.85076356,0.03488212405584802
28.85081267,0.038910505836575876
28.85987282,0.01901274128328374
28.8599925,0.0298619058518349
28.87384462,0.04097047379262989
28.8739295,0.021637293049515526
28.89655375,0.02528419928282597
28.89657784,0.042038605325398645
28.90047693,0.02561989776455329
28.90050054,0.02157625696192874
28.90345716,0.04156557564660105
28.90348101,0.03053330281528954
28.9114871,0.01910429541466392
28.91153336,0.03901731898985275
28.92571902,0.03544670786602579
28.9258306,0.01846341649500267
28.94951057,0.03504997329671168
28.94959259,0.03930724040588998
28.94962811,0.019668879224841687
28.94966221,0.030762188143739988
28.95652151,0.04200808728160525
28.95658207,0.02230869001297017
28.96806455,0.025803006027313648
28.96814346,0.042969405661097124
28.97044611,0.02613870450904097
28.97958875,0.022278171969176776
28.9796443,0.04213015945677882
29.00356007,0.03091477836270695
29.00365949,0.01953154802777142
29.00852609,0.03904783703364614
29.00858855,0.03529411764705882
29.01452708,0.0183413443198291
29.01458955,0.035034714274814985
29.02396989,0.039124132143129625
29.02410913,0.019455252918287938
29.03657293,0.03060959792477302
29.03667283,0.04190127412832837
29.03672743,0.022018768596932938
29.05162287,0.02578774700541695
29.05169654,0.04240482185091936
29.06573677,0.025803006027313648
29.06584001,0.02197299153124285
29.08952045,0.04168764782177462
29.08959103,0.03048752574959945
29.08962131,0.019455252918287938
29.08964944,0.03930724040588998
29.106565,0.03521782253757534
29.10661912,0.01867704280155642
29.10665703,0.03543144884412909
29.10669184,0.03918516823071641
29.11558223,0.01953154802777142
29.13002086,0.03091477836270695
29.13014221,0.042084382391088734
29.13021636,0.022018768596932938
29.13028955,0.026337071793698024
29.16059446,0.04301518272678721
29.16062427,0.026504921034561684
29.16064787,0.02316319523918517
29.16067028,0.04402227817196918
29.16069245,0.03228809033340963
29.16071439,0.021042191195544367
29.1635499,0.040711070420386054
29.1635747,0.03735408560311284
29.1695025,0.021545738918135347
29.1935885,0.03872739757381552
29.19361567,0.04156557564660105
29.1936388,0.020950637064164186
29.19366169,0.03193713282978561
29.20350099,0.042664225223163196
29.21151638,0.0225986114290074
29.21156549,0.026703288319218737
29.2115984,0.04284733348592355
29.22050858,0.025055313954375526
29.22053409,0.02145418478675517
29.23459458,0.04144350347142748
29.23468351,0.030334935530632486
29.26757646,0.019302662699320974
29.26767707,0.03918516823071641
29.26773524,0.03488212405584802
29.26778865,0.018265049210345618
29.269485,0.035248340581368734
29.26954627,0.03904783703364614
29.27920723,0.0208896009765774
29.27926421,0.035248340581368734
29.28657222,0.04794384679942016
29.28664398,0.03079270618753338
29.31061721,0.041763942931258104
29.31069469,0.06022735942626078
29.31073904,0.035248340581368734
29.32066751,0.01846341649500267
29.32076883,0.030548561837186235
29.32808399,0.01936369878690776
29.32819343,0.011352712291142137
29.34058166,0.029999237048905166
29.3406477,0.03749141680018311
29.34068441,0.01931792172121767
29.34072614,0.031036850537880523
29.35595512,0.04101625085831998
29.35607648,0.021179522392614634
29.36955404,0.0260166323338674
29.36963272,0.042664225223163196
29.38357234,0.02561989776455329
29.38364577,0.022568093385214007
29.38369989,0.04219119554436561
29.39393902,0.03079270618753338
29.39406228,0.020141908903639278
29.40557432,0.03990234225986114
29.40565085,0.035706111238269625
29.41497087,0.01936369878690776
29.41504312,0.03656061646448463
29.42896438,0.040009155413138014
29.42908549,0.020950637064164186
29.44150424,0.032364385442893114
29.44155645,0.04293888761730373
29.44159269,0.023422598611429007
29.44350576,0.028046082246128024
29.44354725,0.044586861982146946
29.45799327,0.027481498435950255
29.45811176,0.02468909742885481
29.47170019,0.04428168154421302
29.47178411,0.032776379034103915
29.47654295,0.022339208056763562
29.47659826,0.042328526741435876
29.50061989,0.037796597238117034
29.50071502,0.021484702830548562
29.50076723,0.03913939116502632
29.50081778,0.04206912336919204
29.50086689,0.022507057297627222
29.51093817,0.03425650415808347
29.51099634,0.04414435034714275
29.52467299,0.02426184481574731
29.52470064,0.029114213778896773
29.53348184,0.045181963836118104
29.53351045,0.0277103837644007
29.5585494,0.0243076218814374
29.55857682,0.043762874799725335
29.55859971,0.031784542610818645
29.55862188,0.020996414129854278
29.56355023,0.04055848020141909
29.56357408,0.035492484931715876
29.57248282,0.018875410086213473
29.58047509,0.036575875486381325
29.58050394,0.03909361409933623
29.58954859,0.0191958495460441
29.58957362,0.03126573586633097
29.61362839,0.04168764782177462
29.61371422,0.021881437399862667
29.61376858,0.026901655603875793
29.6138196,0.042664225223163196
29.62347817,0.025314717326619364
29.62351155,0.022613870450904097
29.63154888,0.041886015106431675
29.63161874,0.03022812237735561
29.65055346,0.01998931868467231
29.65066671,0.039917601281757836
29.65074182,0.03521782253757534
29.66454768,0.01896696421759365
29.66457319,0.03651483939879454
29.68850899,0.03926146334019989
29.6885407,0.019516289005874723
29.68856549,0.03181506065461204
29.68858933,0.04217593652246891
29.713516,0.022278171969176776
29.71355057,0.027008468757152668
29.71357536,0.04318303196765087
29.71359873,0.026382848859388113
29.72780967,0.023254749370565347
29.72792983,0.04243533989471275
29.72800493,0.030350194552529183
29.7280736,0.02043183031967651
29.74459076,0.040375371938658734
29.74466848,0.03533989471274891
29.75885463,0.019119554436560618
29.75895572,0.03656061646448463
29.75903177,0.03906309605554284
29.75910163,0.01936369878690776
29.77358389,0.031998168917372394
29.77366066,0.04310673685816739
29.77370644,0.02214084077210651
29.77954626,0.02713054093232624
29.7796042,0.0430609597924773
29.79398632,0.02561989776455329
29.79410553,0.02333104448004883
29.80655408,0.043549248493171586
29.8066287,0.030121309224078737
29.81560397,0.020233463035019456
29.81567645,0.04048218509193561
29.82073545,0.035034714274814985
29.82080746,0.019089036392767225
29.83458066,0.03682001983672847
29.83464527,0.03904783703364614
29.83468151,0.01977569237811856
29.84959364,0.032440680552376595
29.84966683,0.04228274967574579
29.86410999,0.02281223773556115
29.86422968,0.0290074006256199
29.87647104,0.0447699702449073
29.87650919,0.027481498435950255
29.87844992,0.024460212100404364
29.87847924,0.04386968795300221
29.88663793,0.0328526741435874
29.88673806,0.023254749370565347
29.90069175,0.042801556420233464
29.90076447,0.03717097734035248
29.90355992,0.020645456626230258
29.91549873,0.03778133821622034
29.92996454,0.039673456931410694
29.93010378,0.020080872816052493
29.93457651,0.03259327077134356
29.93465424,0.041886015106431675
29.94370079,0.021210040436408027
29.9437623,0.026367589837491417
29.95788622,0.04278629739833677
29.95802283,0.02578774700541695
29.96397591,0.022980086976424813
29.96411252,0.04197756923781185
29.9788444,0.029800869764248113
29.99080658,0.01998931868467231
29.99090719,0.03961242084382391
29.99096274,0.03433279926756695
29.99101233,0.020416571297779813
30.00582004,0.04101625085831998
30.00595641,0.045685511558709084
30.00750589,0.02920576791027695
30.00755882,0.04858472571908141
30.02482843,0.059159227893492025
30.02494073,0.02848859388113222
30.02501702,0.021515220874341955
30.04051614,0.03150988021667811
30.04054713,0.015320057984283207
30.05151176,0.01612878614480812
30.05154729,0.03831540398260472
30.06089473,0.02873273823147936
30.06093717,0.02038605325398642
30.06096864,0.039917601281757836
30.06099796,0.03393606469825284
30.07561898,0.018432898451209278
30.07569528,0.03671320668345159
30.0895462,0.03901731898985275
30.08958817,0.01969939726863508
30.11452913,0.032440680552376595
30.11457753,0.04187075608453498
30.11460948,0.022400244144350347
30.11959195,0.028168154421301595
30.11963153,0.04415960936903945
30.1277554,0.026367589837491417
30.12779737,0.024444953078507668
30.1387713,0.04345769436179141
30.1388433,0.030762188143739988
30.14849734,0.021545738918135347
30.14854074,0.041794460975051496
30.17199469,0.03637750820172427
30.17211413,0.020782787823300525
30.18049765,0.038834210727092394
30.18056417,0.04074158846417945
30.18062162,0.021759365224689096
30.19486427,0.03476005188067445
30.19492006,0.0443579766536965
30.19496179,0.024414435034714275
30.19500113,0.030182345311665523
30.20292664,0.046082246128023197
30.20302534,0.028336003662165255
30.21048212,0.026367589837491417
30.2105186,0.045914396887159536
30.23479605,0.03375295643549248
30.23482323,0.023895628290226595
30.23484588,0.04385442893110551
30.23486829,0.03801022354467078
30.23489046,0.022064545662623027
30.249475,0.03955138475623712
30.24950337,0.041382467383840695
30.25449824,0.02186617837796597
30.26893854,0.03450064850843061
30.26907659,0.0434882124055848
30.28157043,0.023514152742809186
30.28166151,0.02917524986648356
30.29550195,0.04411383230334936
30.2955606,0.02597085526817731
30.30204201,0.023987182421606777
30.30214238,0.04298466468299382
30.302212,0.030457007705806057
30.31548238,0.020828564888990615
30.31555104,0.04090943770504311
30.32069063,0.035248340581368734
30.32074523,0.019684138246738384
30.3346014,0.03721675440604257
30.33471489,0.03915465018692302
30.35857201,0.0200503547722591
30.3586328,0.03312733653772793
30.35868001,0.0422369726100557
30.3587153,0.022491798275730526
30.36048913,0.02835126268406195
30.36052299,0.043717097734035246
30.37055159,0.026169222552834364
30.37954617,0.024246585793850615
30.37959647,0.0434882124055848
30.39350581,0.03091477836270695
30.39354801,0.021393148699168384
30.40752506,0.04144350347142748
30.40759659,0.035751888303959714
30.42052197,0.020233463035019456
30.4205668,0.037750820172426945
30.42059875,0.03944457160296025
30.42062974,0.02043183031967651
30.44064307,0.03360036621652552
30.44072962,0.04345769436179141
30.4424994,0.02276646066987106
30.44255352,0.028641184100099183
30.44260025,0.044007019150072484
30.46765089,0.026337071793698024
30.46774817,0.02468909742885481
30.46782136,0.04382391088731212
30.46789145,0.030807965209430077
30.4785645,0.021423666742961776
30.47864056,0.0413519493400473
30.48572707,0.035660334172579536
30.48577785,0.020233463035019456
30.49952888,0.03718623636224918
30.49956965,0.039795529106584265
30.49960184,0.020187685969329367
30.52565265,0.033203631647211414
30.52569842,0.04267948424505989
30.52573061,0.02311741817349508
30.52576089,0.02896162355992981
30.53445935,0.04431219958800641
30.5344851,0.026977950713359275
30.543468,0.02597085526817731
30.55665064,0.045304036011291675
30.55670547,0.032486457618066684
30.55673885,0.02307164110780499
30.56346726,0.04365606164644846
30.56349468,0.03826962691691463
30.57747579,0.022980086976424813
30.59046888,0.040451667048142216
30.5904963,0.04122987716487373
30.60455275,0.021728847180895704
30.60457611,0.03471427481498436
30.61444569,0.043091477836270695
30.61447001,0.022903791866941327
30.61449337,0.028946364538033113
30.6145165,0.0434882124055848
30.62847805,0.025604638742656595
30.62850714,0.024170290684367133
30.64146852,0.043137254901960784
30.64149356,0.030426489662012664
30.66557384,0.021149004348821242
30.66564679,0.041046768902113374
30.66569066,0.03492790112153811
30.66573095,0.019958800640878918
30.68988323,0.0379339284351873
30.68997097,0.04019226367589838
30.69001603,0.023422598611429007
30.69005775,0.03913939116502632
30.69009638,0.051361867704280154
30.690135,0.037033646143282216
30.69972348,0.04687571526665141
30.69984531,0.05564965285725185
30.70860815,0.025558861676966506
30.72283244,0.014831769283588921
30.72291923,0.029968719005111773
30.73601937,0.02597085526817731
30.73613143,0.013229571984435798
30.73789191,0.02951094834821088
30.73802924,0.04122987716487373
30.74492645,0.02255283436331731
30.74501586,0.028473334859235522
30.75653791,0.042999923704890516
30.75660086,0.02549782558937972
30.76155424,0.024780651560234988
30.76164889,0.04397650110627909
30.77559662,0.030762188143739988
30.79001474,0.021728847180895704
30.79009223,0.04194705119401846
30.79863596,0.03607232776379034
30.79873514,0.020706492713817044
30.79881167,0.03884946974898909
30.79888082,0.04042114900434882
30.81559348,0.021332112611581598
30.81568742,0.03462272068360418
30.81956792,0.04382391088731212
30.81964517,0.02374303807125963
30.83402848,0.030426489662012664
30.83415008,0.045471885252155335
30.84810734,0.027435721370260166
30.86092186,0.026459143968871595
30.86103845,0.04577706569008926
30.86979151,0.03312733653772793
30.86991358,0.023956664377813384
30.86998725,0.04438849469748989
30.87005591,0.03836118104829481
30.88533878,0.02323949034866865
30.88546205,0.04122987716487373
30.89373374,0.04284733348592355
30.89380646,0.023636224917982757
30.91856599,0.03714045929655909
30.91863346,0.045685511558709084
30.91867065,0.025406271457999542
30.93055844,0.03189135576409552
30.93063211,0.04699778744182498
30.93775749,0.02873273823147936
30.93787599,0.027115281910429542
30.94707727,0.045426108186465246
30.94714141,0.032318608377203024
30.94717836,0.023270008392462044
30.94721341,0.042969405661097124
30.96994829,0.036285954070344094
30.97007155,0.020950637064164186
30.97472358,0.038742656595712216
30.9748466,0.03994811932555123
30.97495079,0.020874341954680704
30.98153186,0.03376821545738918
30.98157978,0.04238956282902266
30.990587,0.022079804684519724
30.99066949,0.02844281681544213
31.00493598,0.04341191729610132
31.00505519,0.025558861676966506
31.01096392,0.024628061341268024
31.01105022,0.04336614023041123
31.03376198,0.029800869764248113
31.03388214,0.021332112611581598
31.03395605,0.041458762493324176
31.03402543,0.03523308155947204
31.03409266,0.01991302357518883
31.0484798,0.03814755474174106
31.04851174,0.03927672236209659
31.05746865,0.02017242694743267
31.07089448,0.03360036621652552
31.07103157,0.04252689402609293
31.07110715,0.022613870450904097
31.09446788,0.02951094834821088
31.09450984,0.04409857328145266
31.0945344,0.025909819180590526
31.09455824,0.024872205691615166
31.10554028,0.043961242084382395
31.10556507,0.03065537499046311
31.11780882,0.02186617837796597
31.11786819,0.04165712977798123
31.11790133,0.034821087968261236
31.12547421,0.019958800640878918
31.14552879,0.038239108873121236
31.14561677,0.039078355077439536
31.14566469,0.019928282597085525
31.14570999,0.03360036621652552
31.15556479,0.0417792019531548
31.15565324,0.021606775005722133
31.15570974,0.028595407034409093
31.16954565,0.04353398947127489
31.16956949,0.025223163195239186
31.17955232,0.024841687647821773
31.17962646,0.04438849469748989
31.1935761,0.0315556572823682
31.1936357,0.022705424582284275
31.20779037,0.04228274967574579
31.20791793,0.0357976653696498
31.21633077,0.02178988326848249
31.21637988,0.040009155413138014
31.22051954,0.04043640802624552
31.22056389,0.021179522392614634
31.22958064,0.03430228122377356
31.2296803,0.042633707179369804
31.23692513,0.021850919356069275
31.25058055,0.02848859388113222
31.25065589,0.04261844815747311
31.26366901,0.02362096589608606
31.26376796,0.022735942626077667
31.28755522,0.04187075608453498
31.28764677,0.02848859388113222
31.28769279,0.019562066071564813
31.28773499,0.039627679865720605
31.30501366,0.03335622186617838
31.30513453,0.018066681925688565
31.30521011,0.03605706874189364
31.30527878,0.037079423208972305
31.31362081,0.018570229648279545
31.31954002,0.03439383535515374
31.31960225,0.04632639047837034
31.33378482,0.028122377355611506
31.333884,0.03915465018692302
31.34782672,0.06079194323643854
31.34791374,0.041763942931258104
31.35152817,0.028946364538033113
31.35157657,0.03535515373464561
31.36056304,0.016357671473258565
31.36064959,0.008026245517662317
31.36614323,0.027405203326466773
31.36624193,0.032944228274967575
31.3730619,0.017471580071717403
31.38146114,0.031692988479438466
31.38152695,0.03952086671244373
31.40449762,0.019165331502250707
31.40452695,0.026260776684214542
31.40455222,0.04168764782177462
31.40457535,0.02340733958953231
31.41499543,0.022613870450904097
31.41504097,0.041428244449530784
31.423599,0.02789349202716106
31.42367077,0.01986724650949874
31.4376471,0.03978027008468757
31.43772459,0.03297474631876097
31.43777013,0.018158236057068743
31.44777036,0.03688105592431525
31.4478054,0.03788815136949721
31.47055197,0.018707560845349813
31.47060418,0.032120241092545965
31.47358918,0.04057373922331579
31.47366238,0.020752269779507133
31.47848749,0.028091859311818113
31.47851181,0.04327458609903105
31.48954701,0.024902723735408562
31.48957062,0.024155031662470437
31.50055647,0.04310673685816739
31.50060678,0.029602502479591057
31.52681065,0.021606775005722133
31.52696323,0.04206912336919204
31.5270443,0.03527885862516213
31.52709699,0.020752269779507133
31.5355835,0.03904783703364614
31.5356338,0.03932249942778668
31.54152489,0.020248722056916153
31.54156947,0.03413443198290989
31.55598903,0.04206912336919204
31.55611134,0.021942473487449453
31.56692934,0.028900587472343024
31.56700635,0.04341191729610132
31.5735755,0.02459754329747463
31.59198785,0.023682001983672846
31.59211087,0.04238956282902266
31.60454273,0.027969787136644542
31.60460353,0.01974517433432517
31.60464811,0.03956664377813382
31.60469389,0.032486457618066684
31.61585283,0.017410543984130618
31.6159327,0.03573662928206302
31.62084723,0.0362706950484474
31.62094688,0.016983291371023116
31.64488077,0.030457007705806057
31.64498329,0.0388189517051957
31.64503908,0.018616006713969634
31.65471172,0.02583352407110704
31.65480995,0.04048218509193561
31.66164112,0.022415503166247044
31.66170621,0.021805142290379186
31.6711812,0.04042114900434882
31.67124271,0.026550698100251773
31.67874169,0.01850919356069276
31.67881513,0.03872739757381552
31.69289589,0.03192187380788891
31.69302082,0.017029068436713205
31.70557737,0.035538261997405965
31.70564103,0.03617914091706722
31.70568967,0.017090104524299994
31.72765231,0.03083848325322347
31.7277391,0.03942931258106355
31.73550844,0.019134813458457314
31.73554468,0.026382848859388113
31.7495513,0.041046768902113374
31.74957442,0.022613870450904097
31.74959612,0.022354467078660258
31.74961758,0.04107728694590677
31.75954485,0.026489662012664988
31.75956988,0.01867704280155642
31.77148795,0.03903257801174945
31.7715168,0.031448844129091325
31.77154016,0.01687647821774624
31.78555703,0.03511100938429847
31.7855804,0.036087586785687034
31.79249811,0.016937514305333027
31.79252195,0.031403067063401235
31.80083966,0.039795529106584265
31.81473732,0.020462348363469902
31.81485128,0.027954528114747846
31.81492853,0.042328526741435876
31.82053757,0.023422598611429007
31.82056355,0.02371252002746624
31.83448291,0.043717097734035246
31.83451414,0.029724574654764628
31.85594416,0.020752269779507133
31.85608196,0.03985656519417105
31.85997844,0.03228809033340963
31.86011934,0.017502098115510796
31.86877656,0.03595025558861677
31.86883759,0.03631647211413749
31.87707376,0.016815442130159456
31.8771472,0.029922941939421684
31.90078735,0.03817807278553445
31.90085196,0.01812771801327535
31.90088725,0.025436789501792935
31.90092063,0.03976501106279087
31.90095353,0.021683070115205615
31.91371679,0.02124055848020142
31.91379046,0.040039673456931414
31.92772555,0.02630655374990463
31.92780662,0.018020904859998473
31.93357444,0.03894102388036927
31.93363643,0.03472953383688106
31.94682574,0.02294956893263142
31.94692492,0.04386968795300221
31.9608922,0.049927519645990695
31.96095872,0.03643854428931106
31.96975422,0.04588387884336614
31.96981478,0.04170290684367132
31.96985292,0.009491111619745174
31.98396301,0.008758678568703746
31.98410082,0.02661173418783856
31.98896337,0.023514152742809186
31.98908877,0.013366903181506065
31.98916459,0.029968719005111773
32.00398445,0.03898680094605936
32.00402093,0.018142977035172047
32.02555323,0.025574120698863202
32.0255816,0.040207522697795074
32.02560496,0.022064545662623027
32.02846551,0.021728847180895704
32.02850842,0.04034485389486534
32.03847599,0.026825360494392308
32.06560087,0.019028000305180436
32.06567621,0.03904783703364614
32.06571341,0.031692988479438466
32.06574655,0.01727321278706035
32.07558727,0.03595025558861677
32.07566357,0.03680476081483177
32.07571769,0.01803616388189517
32.07576752,0.032166018158236054
32.08600211,0.03997863736934462
32.08612657,0.019943541618982222
32.09953761,0.027527275501640344
32.09959984,0.042160677500572216
32.09963584,0.02383459220263981
32.11775827,0.02374303807125963
32.11779714,0.04267948424505989
32.1285522,0.02896162355992981
32.12860608,0.021210040436408027
32.13647008,0.041672388799877925
32.13650465,0.03450064850843061
32.14387989,0.020019836728465707
32.14396071,0.03889524681467918
32.15781403,0.03906309605554284
32.15793395,0.02009613183794919
32.16354942,0.03407339589532311
32.16362858,0.042206454566262305
32.17251635,0.022034027618829635
32.18695402,0.029388876173037308
32.18717384,0.04370183871213855
32.20979404,0.024628061341268024
32.20988059,0.02413977264057374
32.2115469,0.04255741206988632
32.21159482,0.028412298771648737
32.2116313,0.020462348363469902
32.21166492,0.04025329976348516
32.22095585,0.03251697566186008
32.2210772,0.017853055619134812
32.23541379,0.03631647211413749
32.23548412,0.03634699015793088
32.23952699,0.017517357137407492
32.26363659,0.0315556572823682
32.26372123,0.03906309605554284
32.26377869,0.019028000305180436
32.26382065,0.026626993209735255
32.26716924,0.04077210650797284
32.26722121,0.022186617837796598
32.2795012,0.022247653925383384
32.27952576,0.040711070420386054
32.28858113,0.02691691462577249
32.28860617,0.01910429541466392
32.31005263,0.03918516823071641
32.31008363,0.03189135576409552
32.31855893,0.01753261615930419
32.3185823,0.036087586785687034
32.31860495,0.036621652552071414
32.34250546,0.01760891126878767
32.35198593,0.031952391851682305
32.35212326,0.039078355077439536
32.35997772,0.019806210421911954
32.36014533,0.027283131151293202
32.36025214,0.041672388799877925
32.36032391,0.023132677195391776
32.3685627,0.02311741817349508
32.36862803,0.04165712977798123
32.37351346,0.02758831158922713
32.37357783,0.019790951400015258
32.38755369,0.03973449301899748
32.41121435,0.03251697566186008
32.41132522,0.01799038681620508
32.41141701,0.03692683299000534
32.41148615,0.03704890516517891
32.41155243,0.01803616388189517
32.41450167,0.032318608377203024
32.42151618,0.04022278171969177
32.42155457,0.020019836728465707
32.42161274,0.027817196917677575
32.43550992,0.04206912336919204
32.43553615,0.023422598611429007
32.46110749,0.02311741817349508
32.46121287,0.04205386434729534
32.46126008,0.02908369573510338
32.46130109,0.02197299153124285
32.47055697,0.042160677500572216
32.47062397,0.0340886549172198
32.48251534,0.019378957808804456
32.48255801,0.03906309605554284
32.48880792,0.039795529106584265
32.48891711,0.020584420538643473
32.50427604,0.03504997329671168
32.50433159,0.04174868390936141
32.51173425,0.02119478141451133
32.53250146,0.028534370946822308
32.53255272,0.04269474326695659
32.53258467,0.023514152742809186
32.53261518,0.023086900129701687
32.53264427,0.04132143129625391
32.53267264,0.027405203326466773
32.54451084,0.019958800640878918
32.5445528,0.039963378347447925
32.55859399,0.032227054245822846
32.55866623,0.017853055619134812
32.56650782,0.03656061646448463
32.56655288,0.03660639353017472
32.58051372,0.018066681925688565
32.58954644,0.032318608377203024
32.58958125,0.041092545967803464
32.60350156,0.023636224917982757
32.60353208,0.03393606469825284
32.60355687,0.050720988784618906
32.60358024,0.03790341039139391
32.61172152,0.041962310215915156
32.611763,0.05438315403982605
32.62550688,0.027283131151293202
32.6255331,0.009536888685435264
32.63411736,0.024292362859540704
32.63416076,0.0272983901731899
32.64748979,0.012588693064774548
32.66166973,0.025299458304722668
32.66173434,0.041840238040741586
32.66177106,0.023651483939879453
32.66181421,0.023315785458152133
32.68458033,0.041886015106431675
32.6846571,0.027618829633020522
32.69089627,0.020202944991226063
32.69099522,0.04055848020141909
32.69107199,0.03288319218738079
32.69113946,0.01884489204242008
32.69951725,0.03767452506294346
32.6995635,0.03810177767605097
32.72392964,0.0191958495460441
32.72404981,0.03364614328221561
32.72412586,0.041428244449530784
32.73050237,0.021316853589684902
32.73054075,0.0294193942168307
32.73950171,0.04379339284351873
32.73952699,0.02494850080109865
32.74451447,0.02520790417334249
32.74454403,0.043961242084382395
32.75393081,0.02981612878614481
32.75395608,0.02230869001297017
32.76755786,0.042923628595407035
32.76762986,0.0354009308003357
32.76767182,0.021499961852445258
32.78592873,0.04017700465400168
32.79775381,0.04029907682917525
32.79780126,0.02186617837796597
32.79783344,0.03637750820172427
32.80246758,0.043961242084382395
32.81150746,0.023804074158846417
32.81155729,0.03175402456702525
32.82460356,0.04597543297474632
32.82466745,0.0264438849469749
32.82471609,0.027054245822842757
32.82947755,0.0456244754711223
32.84480977,0.03146410315098802
32.85463738,0.02333104448004883
32.85471678,0.04318303196765087
32.8785131,0.03543144884412909
32.87859249,0.02076752880140383
32.87862611,0.03906309605554284
32.87865543,0.03906309605554284
32.88050103,0.02009613183794919
32.88053465,0.034531166552224005
32.88978624,0.04190127412832837
32.88988638,0.021393148699168384
32.91352701,0.028900587472343024
32.9135952,0.04293888761730373
32.91362739,0.02406347753109026
32.91365814,0.024155031662470437
32.91368699,0.04281681544213016
32.92393255,0.02887006942854963
32.924052,0.021179522392614634
32.93408442,0.04144350347142748
32.93414927,0.033783474479285876
32.94548774,0.019333180743114367
32.94552112,0.0379339284351873
32.9548316,0.03820859082932784
32.95491958,0.01965362020294499
32.97872019,0.03413443198290989
32.97877693,0.041672388799877925
32.97880292,0.02136263065537499
32.97882628,0.028702220187685968
32.9788487,0.04361028458075837
33.00065088,0.02476539253833829
33.00070667,0.024902723735408562
33.00073791,0.04362554360265507
33.00076747,0.029236285954070344
33.01068234,0.02178988326848249
33.01075459,0.04174868390936141
33.03806853,0.03392080567635614
33.03811359,0.019592584115358205
33.04890656,0.038498512245365074
33.04900789,0.038498512245365074
33.04908204,0.01940947585259785
33.06393266,0.03398184176394293
33.06400824,0.041260395208667124
33.06405306,0.021149004348821242
33.06409502,0.029068436713206684
33.07154489,0.042801556420233464
33.07158542,0.024246585793850615
33.07696915,0.024628061341268024
33.07704139,0.0430609597924773
33.09131694,0.028763256275272753
33.09138131,0.02128633554589151
33.10454392,0.041214618142977034
33.10460663,0.03305104142824445
33.10947728,0.019348439765011063
33.12346745,0.03822384985122454
33.12350225,0.03842221713588159
33.12352657,0.019455252918287938
33.13348889,0.03373769741359579
33.13354039,0.041382467383840695
33.13358188,0.02145418478675517
33.14286685,0.029358358129243915
33.16561747,0.04353398947127489
33.16570187,0.02435339894712749
33.16574383,0.025146868085755704
33.16578221,0.044632639047837035
33.1658175,0.030594338902876324
33.18379235,0.022919050888838024
33.18392801,0.042801556420233464
33.18400359,0.035324635690852216
33.18407464,0.0217441062027924
33.19885254,0.04090943770504311
33.1989553,0.04046692607003891
33.22255015,0.020920119020370793
33.22263169,0.0349584191653315
33.23552346,0.04182497901884489
33.23558331,0.020996414129854278
33.2356286,0.02887006942854963
33.23567033,0.04298466468299382
33.23752666,0.023590447852292667
33.25176668,0.023483634699015793
33.25188994,0.04248111696040284
33.25555491,0.028213931486991684
33.25563025,0.020477607385366598
33.26954579,0.04075684748607614
33.26961398,0.03295948729686427
33.2938745,0.018707560845349813
33.29398322,0.037369344625009536
33.2940321,0.037125200274662394
33.29407454,0.01927214465552758
33.29955339,0.036575875486381325
33.29961586,0.04654001678492409
33.3058486,0.028503852903028915
33.31476569,0.04101625085831998
33.31484389,0.06047150377660792
33.32355642,0.03822384985122454
33.32362318,0.02566567483024338
33.34786558,0.03321889066910811
33.34798622,0.016159304188601512
33.35298181,0.010879682612344548
33.35310483,0.03091477836270695
33.36061597,0.03518730449378195
33.36067653,0.018448157473105974
33.36751556,0.03341725795376516
33.36756516,0.04042114900434882
33.37257791,0.020111390859845885
33.38180327,0.027740901808194093
33.38192654,0.04257267109178302
33.38960147,0.023895628290226595
33.3896873,0.024383916990920882
33.41401982,0.042999923704890516
33.41414165,0.02851911192492561
33.42759109,0.02124055848020142
33.42766833,0.04141298542763409
33.42771459,0.033783474479285876
33.42775583,0.019790951400015258
33.44067049,0.03854428931105516
33.44072652,0.038666361486228734
33.4407692,0.01977569237811856
33.44980907,0.03472953383688106
33.44989681,0.04202334630350195
33.46470928,0.022064545662623027
33.46477032,0.030075532158388648
33.48784971,0.04440375371938659
33.48796391,0.025696192874036773
33.48800969,0.0264438849469749
33.48805237,0.04498359655146105
33.48809314,0.030731670099946592
33.48813796,0.02337682154573892
33.50252628,0.04361028458075837
33.50255895,0.036194399938963916
33.50258613,0.022034027618829635
33.51455021,0.04065003433279927
33.51457477,0.04057373922331579
33.52878594,0.02178988326848249
33.52884555,0.0362706950484474
33.55281091,0.043717097734035246
33.55293107,0.02333104448004883
33.55303359,0.0311284046692607
33.55310726,0.04498359655146105
33.55458856,0.026077668421454186
33.55464983,0.02597085526817731
33.56851339,0.044251163500419625
33.56854582,0.029877164873731595
33.58392024,0.022064545662623027
33.58405924,0.04211490043488213
33.59832001,0.034119172961013196
33.59842038,0.01953154802777142
33.60676455,0.038239108873121236
33.60687423,0.03802548256656748
33.61092329,0.018936446173800258
33.61105919,0.03329518577859159
33.61961031,0.04055848020141909
33.61969781,0.020782787823300525
33.63352227,0.028458075837338826
33.63358259,0.04272526131074998
33.63361907,0.023727779049362935
33.66054726,0.024322880903334097
33.66064286,0.04293888761730373
33.66072035,0.02844281681544213
33.66076875,0.02093537804226749
33.66855073,0.041290913252460516
33.66860747,0.03335622186617838
33.67805457,0.0191958495460441
33.67817593,0.038162813763637754
33.68678641,0.03802548256656748
33.68694019,0.019256885633630885
33.69951248,0.03392080567635614
33.69956303,0.041626611734187836
33.72559333,0.02119478141451133
33.73355627,0.029022659647516595
33.73360205,0.043045700770580606
33.73363948,0.024216067750057222
33.73369217,0.024612802319371328
33.74800229,0.04310673685816739
33.74812126,0.028931105516136417
33.75558591,0.021179522392614634
33.75566125,0.04132143129625391
33.76464176,0.0336919203479057
33.7647016,0.019256885633630885
33.77861524,0.03807125963225757
33.77869344,0.03805600061036087
33.7787385,0.019180590524147403
33.79460764,0.034363317311360345
33.7946713,0.04119935912108034
33.80547476,0.020965896086060882
33.80550098,0.028747997253376057
33.81064391,0.04290836957351034
33.81069183,0.02401770046540017
33.81790614,0.024658579385061417
33.8179853,0.04284733348592355
33.82450986,0.028625925078202486
33.8245461,0.020981155107957578
33.838696,0.04132143129625391
33.83878779,0.03334096284428168
33.83885765,0.019134813458457314
33.86252069,0.03848325322346838
33.86255145,0.03797970550087739
33.86257529,0.01924162661173419
33.86259842,0.03375295643549248
33.86549664,0.041260395208667124
33.87875247,0.020904859998474096
33.87884831,0.02887006942854963
33.88770413,0.04301518272678721
33.88779736,0.024246585793850615
33.91169262,0.024658579385061417
33.91178465,0.043335622186617836
33.91182923,0.028763256275272753
33.92702174,0.021393148699168384
33.92710853,0.041931792172121764
33.92715526,0.033875028610666054
33.92719698,0.019424734874494545
33.9325788,0.03822384985122454
33.93266582,0.03848325322346838
33.9469521,0.020477607385366598
33.94707489,0.03556878004119936
33.95296001,0.0430609597924773
33.95311928,0.02264438849469749
33.97676802,0.03044174868390936
33.97689033,0.046295872434576946
33.97696543,0.027008468757152668
33.977036,0.027069504844739453
33.97710609,0.045426108186465246
33.99156356,0.030579079880979628
33.99164915,0.022156099794003205
33.99962234,0.04206912336919204
33.99967837,0.0340886549172198
34.00865602,0.019668879224841687
34.00877452,0.03817807278553445
34.03268886,0.03772030212863355
34.03276515,0.01863126573586633
34.0375669,0.033234149691004806
34.03761721,0.04089417868314641
34.03765798,0.02072175173571374
34.04558945,0.02851911192492561
34.04564238,0.04284733348592355
34.06026435,0.02397192339971008
34.0603404,0.02397192339971008
34.06854391,0.042664225223163196
34.06859303,0.029327840085450523
34.09257412,0.024322880903334097
34.09265208,0.04693675135423819
34.10046864,0.04130617227435721
34.10052633,0.032562752727550166
34.10757089,0.0558632791638056
34.10766435,0.05151445792324712
34.10772133,0.019623102159151598
34.11800623,0.02340733958953231
34.11812544,0.02883955138475624
34.12554741,0.012207217517357137
34.1256032,0.01817349507896544
34.13353777,0.04060425726710918
34.13358331,0.02835126268406195
34.15757871,0.02093537804226749
34.15765595,0.040665293354695965
34.18203354,0.0328526741435874
34.18215585,0.018616006713969634
34.18223095,0.03759822995345998
34.18230104,0.03764400701915007
34.18236995,0.01896696421759365
34.19459844,0.03396658274204623
34.19467568,0.041504539559014265
34.19472194,0.021255817502098116
34.19476748,0.029266803997863737
34.20494199,0.04368657969024185
34.20496964,0.02481116960402838
34.22948241,0.024902723735408562
34.22951245,0.04361028458075837
34.22953677,0.02946517128252079
34.22956133,0.02197299153124285
34.23550057,0.0422369726100557
34.23753905,0.03471427481498436
34.23758769,0.02034027618829633
34.25051475,0.03920042725261311
34.25053883,0.03944457160296025
34.25296736,0.02072175173571374
34.25303531,0.03544670786602579
34.28356004,0.04319829098954757
34.28358936,0.022919050888838024
34.28361297,0.0311284046692607
34.28363538,0.0456092164492256
34.2836585,0.027023727779049364
34.29748034,0.026886396581979097
34.29752421,0.04528877698939498
34.29755545,0.03137254901960784
34.31292677,0.023422598611429007
34.3130641,0.043472953383688104
34.3355875,0.03596551461051346
34.33568907,0.02162203402761883
34.33759809,0.04007019150072481
34.33769298,0.04080262455176623
34.3455689,0.02076752880140383
34.34562254,0.034988937209124896
34.35457945,0.042801556420233464
34.35468006,0.022064545662623027
34.36855102,0.029434653238727397
34.36861157,0.044464789806973375
34.36865425,0.024628061341268024
34.38399076,0.024383916990920882
34.38411164,0.042969405661097124
34.39764047,0.028809033340962846
34.39770246,0.021011673151750974
34.41198564,0.04063477531090257
34.41210771,0.03318837262531472
34.41218257,0.01889066910811017
34.4122498,0.03776607919432364
34.4207232,0.03802548256656748
34.42078996,0.01910429541466392
34.43459725,0.033112077515831236
34.43466854,0.04118410009918364
34.44256616,0.021255817502098116
34.46588659,0.028824292362859542
34.46597528,0.043137254901960784
34.46603203,0.024505989166094453
34.46609068,0.0243076218814374
34.46613216,0.04324406805523766
34.46616721,0.028931105516136417
34.48181009,0.021377889677271687
34.48188639,0.04147402151522087
34.48783541,0.03372243839169909
34.48794079,0.019226367589837492
34.50056648,0.03834592202639811
34.50062823,0.03813229571984436
34.50309682,0.01943999389639124
34.52561641,0.033997100785839625
34.5256927,0.041626611734187836
34.52752399,0.021377889677271687
34.52756214,0.028885328450446328
34.53551078,0.04312199588006409
34.53555846,0.02423132677195392
34.54850316,0.02413977264057374
34.54853106,0.042801556420233464
34.5485549,0.02877851529716945
34.54857802,0.0208896009765774
34.57351232,0.0409399557488365
34.57354307,0.033661402304112305
34.58256006,0.019378957808804456
34.59550309,0.03802548256656748
34.59553337,0.0379339284351873
34.59555697,0.018616006713969634
34.59558034,0.033234149691004806
34.5956037,0.041214618142977034
34.61191559,0.021011673151750974
34.61205387,0.028641184100099183
34.62652349,0.042923628595407035
34.62661099,0.024383916990920882
34.62665749,0.02442969405661097
34.63848376,0.04315251392385748
34.63850808,0.028854810406652935
34.658499,0.020965896086060882
34.6585536,0.040955214770733196
34.65859342,0.0336919203479057
34.65863061,0.019302662699320974
34.6684978,0.03808651865415427
34.66854477,0.03797970550087739
34.67799926,0.019211108567940796
34.67811918,0.034317540245670256
34.69056606,0.04144350347142748
34.69063163,0.020981155107957578
34.71483564,0.028702220187685968
34.71497178,0.043335622186617836
34.71504951,0.02542153047989624
34.71511459,0.025680933852140077
34.71515751,0.04455634393835355
34.724545,0.0302738994430457
34.72462177,0.02238498512245365
34.73355556,0.043335622186617836
34.73370099,0.0366826886396582
34.75758457,0.02169832913710231
34.75766087,0.0401007095445182
34.7577076,0.0396429388876173
34.7577498,0.02038605325398642
34.76959205,0.034271763179980166
34.76964927,0.04173342488746471
34.76969051,0.02128633554589151
34.78486967,0.028336003662165255
34.78498936,0.042465857938506144
34.7850647,0.023682001983672846
34.78513694,0.023529411764705882
34.79961991,0.04228274967574579
34.79969597,0.02848859388113222
34.82358932,0.020523384451056687
34.82366824,0.04055848020141909
34.82371473,0.033203631647211414
34.82376051,0.018478675516899367
34.83355379,0.03715571831845579
34.83363056,0.038666361486228734
34.83367133,0.023056382085908295
34.8534081,0.03906309605554284
34.85349035,0.04983596551461052
34.85755706,0.03526359960326543
34.85761666,0.045960173952849626
34.88219166,0.053803311207751586
34.88231111,0.022629129472800793
34.88237619,0.013397421225299458
34.88247752,0.02920576791027695
34.88779259,0.024933241779201955
34.88788009,0.01309224078736553
34.90074086,0.0294193942168307
34.90081668,0.039887083237964444
34.90088058,0.02059967956054017
34.91056824,0.02801556420233463
34.9106245,0.04211490043488213
34.93454194,0.023758297093156328
34.93460083,0.023651483939879453
34.93463302,0.042877851529716945
34.93466258,0.028900587472343024
34.94958663,0.020828564888990615
34.94964337,0.04057373922331579
34.94968605,0.0336919203479057
34.94972563,0.019256885633630885
34.9645257,0.03802548256656748
34.96458101,0.038040741588464176
34.96462083,0.019226367589837492
34.98957109,0.03373769741359579
34.98962665,0.04206912336919204
34.98966503,0.021560997940032044
34.98969936,0.029449912260624093
35.00550795,0.044037537193865876
35.00553703,0.025818265049210344
35.00556111,0.025513084611276417
35.005584,0.04422064545662623
35.03350019,0.02998397802700847
35.03353047,0.022491798275730526
35.03355432,0.04286259250782025
35.05489779,0.035996032654306856
35.05497646,0.021774624246585793
35.06253743,0.040283817807278556
35.06257772,0.04055848020141909
35.07550859,0.021805142290379186
35.07553792,0.03572137026016632
35.07556295,0.04397650110627909
35.07558632,0.023682001983672846
35.08948708,0.0311284046692607
35.08951497,0.045471885252155335
35.08953905,0.026825360494392308
35.08956218,0.026169222552834364
35.09849572,0.04469367513542382
35.09852338,0.03048752574959945
35.11357307,0.02221713588158999
35.11363864,0.041794460975051496
35.13750839,0.0345616845960174
35.13755655,0.019592584115358205
35.13758993,0.03830014496070802
35.1376183,0.03820859082932784
35.14767981,0.019165331502250707
35.14774442,0.03334096284428168
35.15852785,0.0413519493400473
35.1585958,0.020660715648126955
35.17146897,0.027832455939574275
35.17151475,0.0426489662012665
35.17154694,0.02426184481574731
35.18485904,0.023804074158846417
35.18496203,0.04257267109178302
35.19936657,0.02851911192492561
35.19943547,0.020645456626230258
35.2075963,0.040619516289005876
35.20765615,0.03390554665445945
35.21263671,0.019089036392767225
35.21271276,0.037628747997253374
35.22122955,0.03790341039139391
35.22132707,0.019256885633630885
35.23057604,0.03302052338445106
35.23063421,0.041382467383840695
35.2385776,0.021667811093308918
35.2496767,0.02865644312199588
35.2497685,0.043259327077134355
35.27354312,0.02481116960402838
35.27360272,0.024338139925230793
35.27363443,0.04293888761730373
35.27366471,0.028946364538033113
35.27554131,0.020798046845197222
35.27558851,0.04097047379262989
35.2895093,0.03421072709239338
35.28955579,0.019592584115358205
35.30018592,0.03772030212863355
35.30024242,0.038040741588464176
35.31294203,0.018829633020523383
35.32558227,0.03274586099031052
35.32564282,0.04144350347142748
35.32568669,0.021515220874341955
35.32572794,0.02877851529716945
35.34950638,0.04267948424505989
35.34953547,0.02418554970626383
35.35966492,0.023773556115053024
35.35969114,0.042877851529716945
35.35971498,0.0290074006256199
35.35973859,0.020904859998474096
35.37451696,0.040833142595559625
35.3745594,0.03360036621652552
35.37458372,0.01867704280155642
35.39249945,0.03768978408484016
35.40414667,0.038406958113984896
35.4042244,0.019134813458457314
35.40427232,0.03291371023117418
35.40749383,0.041168841077286945
35.40752149,0.02107270923933776
35.41387796,0.02827496757457847
35.41390204,0.04267948424505989
35.42432237,0.024902723735408562
35.4243536,0.025513084611276417
35.43550014,0.04443427176317998
35.43552542,0.03048752574959945
35.45903873,0.022018768596932938
35.45909548,0.042465857938506144
35.46750641,0.036453803311207754
35.46755385,0.02157625696192874
35.46758628,0.039505607690547034
35.46761703,0.039795529106584265
35.47810173,0.02050812542915999
35.47820234,0.03414969100480659
35.48564625,0.041886015106431675
35.48571396,0.021484702830548562
35.50980759,0.028137636377508202
35.50989914,0.041962310215915156
35.5099566,0.023758297093156328
35.51995206,0.023422598611429007
35.52007747,0.0422369726100557
35.52015352,0.028198672465094988
35.52023983,0.019790951400015258
35.53456497,0.04025329976348516
35.53462791,0.03356984817273213
35.54395318,0.018493934538796063
35.5440526,0.03671320668345159
35.56110215,0.03830014496070802
35.56116772,0.021850919356069275
35.57460952,0.03860532539864195
35.57468176,0.0494544899671931
35.57472873,0.033951323720149536
35.57477021,0.046387426565957124
35.57481337,0.05719081406881819
35.58958817,0.026749065384908826
35.58964825,0.014770733196002136
35.59860349,0.02896162355992981
35.59866166,0.023895628290226595
35.61306667,0.011352712291142137
35.61320353,0.02746623941405356
35.62561727,0.03927672236209659
35.62569427,0.02050812542915999
35.63984871,0.02749675745784695
35.64008331,0.04200808728160525
35.64016032,0.023682001983672846
35.6636107,0.023346303501945526
35.66368651,0.04231326771953918
35.67301559,0.02896162355992981
35.67311692,0.020477607385366598
35.67799902,0.04074158846417945
35.67812419,0.03413443198290989
35.67819881,0.019058518348973832
35.67826796,0.037628747997253374
35.69159007,0.03875791561760891
35.69166756,0.01982146944380865
35.70898318,0.03381399252307927
35.70910621,0.04214541847867552
35.70918131,0.02197299153124285
35.7178061,0.029358358129243915
35.71792817,0.044205386434729536
35.71800327,0.025909819180590526
35.71807122,0.025467307545586328
35.73263645,0.044342717631799804
35.73271298,0.030823224231326773
35.74601412,0.022674906538490882
35.7461369,0.04290836957351034
35.76964331,0.03656061646448463
35.769732,0.021438925764858473
35.76978874,0.03997863736934462
35.76983976,0.040955214770733196
35.7698915,0.022186617837796598
35.7800014,0.03576714732585641
35.78012204,0.044205386434729536
35.79358172,0.023804074158846417
35.79365849,0.03091477836270695
35.79862309,0.04577706569008926
35.79870486,0.027405203326466773
35.82460141,0.026214999618524453
35.824687,0.04510566872663462
35.82474089,0.031143663691157397
35.82479382,0.022125581750209813
35.83251405,0.041672388799877925
35.83255005,0.03506523231860838
35.83258319,0.019790951400015258
35.84774852,0.03790341039139391
35.84777904,0.038834210727092394
35.86048961,0.01953154802777142
35.86051989,0.032867933165484094
35.86960077,0.04144350347142748
35.86969566,0.021332112611581598
35.88355231,0.02801556420233463
35.8835783,0.042664225223163196
35.88948631,0.024216067750057222
35.88951206,0.023147936217288473
35.90348244,0.04228274967574579
35.90350628,0.029236285954070344
35.91395402,0.020523384451056687
35.91409254,0.040619516289005876
35.93791533,0.034241245136186774
35.93804955,0.018875410086213473
35.93812728,0.037247272449835965
35.9381988,0.03851377126726177
35.94463348,0.019256885633630885
35.94472289,0.03295948729686427
35.95378637,0.0417792019531548
35.95392036,0.021484702830548562
35.96756148,0.02835126268406195
35.96766973,0.04351873044937819
35.97265267,0.02545204852368963
35.98699808,0.024246585793850615
35.98712015,0.043305104142824444
35.99957514,0.02998397802700847
35.99963951,0.02107270923933776
36.01305962,0.041092545967803464
36.01318145,0.03451590753032731
36.01343536,0.019378957808804456
36.01354313,0.0375066758220798
36.03760338,0.03884946974898909
36.03771615,0.019806210421911954
36.04570389,0.033157854581521325
36.04575682,0.041931792172121764
36.04579282,0.0217441062027924
36.05486751,0.027954528114747846
36.05496526,0.04293888761730373
36.06859612,0.025146868085755704
36.06867599,0.02413977264057374
36.08276415,0.043091477836270695
36.08286476,0.029953459983215077
36.08294034,0.021438925764858473
36.08300924,0.04214541847867552
36.0900538,0.03656061646448463
36.09017515,0.021164263370717938
36.10356569,0.03865110246433204
36.10363674,0.04025329976348516
36.1036818,0.022156099794003205
36.11362123,0.03564507515068284
36.11368537,0.044129091325246055
36.12757087,0.023437857633325704
36.12763834,0.029144731822690166
36.14063287,0.04419012741283284
36.14070725,0.02578774700541695
36.14261675,0.02392614633401999
36.14268851,0.04248111696040284
36.15705109,0.02896162355992981
36.15717149,0.01974517433432517
36.16949558,0.03982604715037766
36.16954207,0.03372243839169909
36.16957641,0.018066681925688565
36.18455219,0.036621652552071414
36.18457961,0.03830014496070802
36.2085011,0.018707560845349813
36.20853233,0.03215075913633936
36.20855713,0.040924696726939803
36.20858026,0.020813305867093918
36.2104938,0.029327840085450523
36.22478199,0.047730220492866404
36.22494364,0.032074464026855876
36.22503924,0.03402761882963302
36.23050165,0.05975432974746319
36.23054671,0.046890974288548104
36.25396872,0.02713054093232624
36.25410604,0.034699015793087665
36.27759504,0.02221713588158999
36.27768803,0.007385366598001068
36.27774596,0.023422598611429007
36.27779698,0.037079423208972305
36.29173303,0.020065613794155796
36.29182911,0.027237354085603113
36.29187584,0.042374303807125965
36.29191828,0.024200808728160526
36.29196858,0.02276646066987106
36.2995193,0.041886015106431675
36.30465555,0.028885328450446328
36.31896782,0.019943541618982222
36.31911755,0.04043640802624552
36.34576607,0.03445487144274052
36.34586596,0.018646524757763027
36.34592247,0.03689631494621195
36.34597254,0.03889524681467918
36.34765291,0.01969939726863508
36.34770608,0.03247119859616999
36.35565066,0.04248111696040284
36.3557601,0.022339208056763562
36.36498928,0.028412298771648737
36.36505032,0.04397650110627909
36.37055683,0.026199740596627757
36.38498974,0.024658579385061417
36.38511133,0.0439002059967956
36.39861703,0.030869001297016863
36.39870501,0.022125581750209813
36.40457654,0.04252689402609293
36.40463567,0.03680476081483177
36.41057944,0.021179522392614634
36.41064072,0.03932249942778668
36.41998649,0.04141298542763409
36.4201045,0.022018768596932938
36.43358779,0.035156786449988556
36.43367887,0.04473945220111391
36.43373632,0.024719615472648202
36.45915556,0.030777447165636684
36.45933938,0.04554818036163882
36.45948768,0.027603570611123826
36.45954156,0.02566567483024338
36.46850395,0.04507515068284123
36.46855593,0.031998168917372394
36.47765899,0.022201876859693295
36.47775745,0.041596093690394444
36.4860177,0.035919737544823374
36.48613667,0.01977569237811856
36.50016713,0.037415121690699625
36.50024343,0.0392156862745098
36.52380633,0.019760433356221865
36.52392721,0.03262378881513695
36.52400303,0.041672388799877925
36.52667689,0.02153047989623865
36.52677107,0.027176317998016328
36.53452063,0.04269474326695659
36.53455806,0.024780651560234988
36.54400969,0.02299534599832151
36.54408145,0.0422369726100557
36.55748487,0.029907682917524988
36.55751133,0.01991302357518883
36.57049441,0.04017700465400168
36.57052326,0.03479056992446784
36.57553601,0.01896696421759365
36.58952737,0.03694209201190204
36.58955216,0.03894102388036927
36.58957458,0.019378957808804456
36.59948492,0.0324254215304799
36.59952545,0.04197756923781185
36.61405325,0.021667811093308918
36.61420369,0.02766460669871061
36.63055921,0.04367132066834516
36.63064766,0.02589456015869383
36.6395328,0.023727779049362935
36.63959599,0.04310673685816739
36.63964415,0.030243381399252308
36.64451218,0.020782787823300525
36.64457774,0.04072632944228275
36.6588099,0.034988937209124896
36.65898442,0.019256885633630885
36.66752863,0.03726253147173266
36.66758251,0.0392309452964065
36.68099666,0.01974517433432517
36.68111777,0.03234912642099642
36.6945982,0.04205386434729534
36.69471312,0.02183566033417258
36.69477296,0.027481498435950255
36.69482446,0.043259327077134355
36.70455718,0.025345235370412757
36.71383309,0.023422598611429007
36.71393323,0.04298466468299382
36.7275703,0.030045014114595255
36.72764182,0.02029449912260624
36.74054646,0.04031433585107195
36.74062228,0.035324635690852216
36.75580549,0.020279240100709545
36.7558856,0.03846799420157168
36.76855063,0.04068055237659266
36.76862812,0.020813305867093918
36.76867294,0.033783474479285876
36.76871705,0.0443579766536965
36.78263712,0.024612802319371328
36.78271818,0.029922941939421684
36.78276324,0.04510566872663462
36.79129243,0.02668802929732204
36.79143834,0.023819333180743113
36.80456233,0.04272526131074998
36.80462456,0.030457007705806057
36.84063673,0.020141908903639278
36.84072518,0.03968871595330739
36.84254837,0.03418020904859999
36.84259629,0.018158236057068743
36.84263277,0.0357976653696498
36.84266663,0.03802548256656748
36.84269977,0.018875410086213473
36.84480381,0.03121995880064088
36.84487653,0.04127565423056382
36.85882545,0.020950637064164186
36.85902572,0.026382848859388113
36.87257695,0.04234378576333257
36.87264276,0.026749065384908826
36.88689375,0.027725642786297397
36.88691974,0.0494697489890898
36.89286041,0.03994811932555123
36.89302492,0.03706416418707561
36.90049958,0.05807583733882658
36.90054464,0.043335622186617836
36.90245795,0.013397421225299458
36.9158628,0.020202944991226063
36.91596031,0.029694056610971235
36.92196012,0.012954909590295263
36.92208052,0.01765468833447776
36.9446497,0.04089417868314641
36.94473624,0.029663538567177843
36.94479179,0.019256885633630885
36.9448421,0.03906309605554284
36.95456195,0.03396658274204623
36.95461321,0.018020904859998473
36.96850991,0.03610284580758373
36.96855283,0.038742656595712216
36.96858406,0.019211108567940796
36.98379946,0.03189135576409552
36.98394084,0.041992828259708556
36.99861407,0.022003509575036242
36.99870133,0.02737468528267338
37.01066208,0.04357976653696498
37.01076031,0.025986114290074008
37.01260924,0.02328526741435874
37.01269054,0.043091477836270695
37.0255003,0.03108262760357061
37.02554893,0.0208896009765774
37.03275442,0.04086366063935302
37.03281307,0.03643854428931106
37.03854632,0.020233463035019456
37.06249928,0.03781185626001373
37.06252813,0.040207522697795074
37.06255221,0.020920119020370793
37.06257582,0.03346303501945525
37.07749939,0.0439002059967956
37.077528,0.02406347753109026
37.07755327,0.029449912260624093
37.08795333,0.04571602960250248
37.08809114,0.028549629968719004
37.08816791,0.025558861676966506
37.1006453,0.044678416113527124
37.1007061,0.03280689707789731
37.12657475,0.022674906538490882
37.12667251,0.042664225223163196
37.12671018,0.0375066758220798
37.12675786,0.020752269779507133
37.13551831,0.038330663004501414
37.13557577,0.04081788357366293
37.14279985,0.020660715648126955
37.14287376,0.03263904783703365
37.15562677,0.04274052033264668
37.15569401,0.022613870450904097
37.16459846,0.027100022888532846
37.16468573,0.04303044174868391
37.17872334,0.025436789501792935
37.19277549,0.0225986114290074
37.19286132,0.04251163500419623
37.19293237,0.029434653238727397
37.19299769,0.01901274128328374
37.2075696,0.03913939116502632
37.2076304,0.03439383535515374
37.20767426,0.01786831464103151
37.2077179,0.03552300297550927
37.22301722,0.03877317463950561
37.22313833,0.01879911497672999
37.23158455,0.030975814450293737
37.2316606,0.041596093690394444
37.25886774,0.02136263065537499
37.25907016,0.02618448157473106
37.25912189,0.04245059891660945
37.26058316,0.025024795910582133
37.26066136,0.022293430991073473
37.26951313,0.04200808728160525
37.26955485,0.030289158464942397
37.27781987,0.01974517433432517
37.27791023,0.03947508964675364
37.28995061,0.03463797970550088
37.29006386,0.018280308232242314
37.31352949,0.03559929808499275
37.31357503,0.03903257801174945
37.31360626,0.019089036392767225
37.32760954,0.031158922713054094
37.3276968,0.04153505760280766
37.32775474,0.021499961852445258
37.32780933,0.026153963530937668
37.3374505,0.042664225223163196
37.3375001,0.025482566567483024
37.34957099,0.02230869001297017
37.34964037,0.041718165865568015
37.37353897,0.02970931563286793
37.37359929,0.0191958495460441
37.3736403,0.039246204318303196
37.3736794,0.03494316014343481
37.37371826,0.018280308232242314
37.38887334,0.035492484931715876
37.38890219,0.03884946974898909
37.38892555,0.018875410086213473
37.39849949,0.03079270618753338
37.3985467,0.04144350347142748
37.39857888,0.02153047989623865
37.41252375,0.026047150377660793
37.425776,0.04228274967574579
37.42603993,0.025741969939726862
37.43950558,0.02340733958953231
37.43955326,0.04351873044937819
37.43958569,0.031738765545128556
37.44565392,0.020538643472953384
37.44570184,0.04077210650797284
37.45882297,0.03738460364690623
37.45893407,0.02084382391088731
37.46759605,0.03797970550087739
37.4677,0.040711070420386054
37.4805584,0.02009613183794919
37.48061061,0.03143358510719463
37.49483442,0.041962310215915156
37.49496913,0.021667811093308918
37.50051904,0.02575722896162356
37.50057697,0.04197756923781185
37.50853086,0.024582284275577935
37.51257825,0.021271076523994813
37.5126102,0.04119935912108034
37.52595758,0.029663538567177843
37.52605796,0.018524452582589456
37.53956413,0.03848325322346838
37.5396533,0.0345464255741207
37.55350852,0.01777676050965133
37.55355072,0.03494316014343481
37.55358267,0.03904783703364614
37.55361295,0.02140840772106508
37.56580329,0.03559929808499275
37.56591749,0.048676279850461586
37.57252717,0.03279163805600061
37.58425236,0.04367132066834516
37.58429384,0.058655680170901045
37.60755754,0.030899519340810255
37.6076169,0.01416037232013428
37.60765433,0.02661173418783856
37.60768843,0.023651483939879453
37.61456108,0.010376134889753566
37.61460662,0.026214999618524453
37.62249017,0.04048218509193561
37.62252378,0.021484702830548562
37.6310966,0.02499427786678874
37.63121748,0.041596093690394444
37.63251138,0.02508583199816892
37.65621161,0.02157625696192874
37.6563139,0.04182497901884489
37.66499591,0.030579079880979628
37.66511798,0.019211108567940796
37.67898941,0.03918516823071641
37.67903924,0.0357976653696498
37.69257116,0.018738078889143205
37.69265771,0.03578240634775311
37.70562363,0.04019226367589838
37.70572495,0.019928282597085525
37.70578146,0.031158922713054094
37.70583487,0.04284733348592355
37.71744204,0.022919050888838024
37.71748805,0.026855878538185704
37.71752024,0.0439154650186923
37.72357559,0.027008468757152668
37.72364664,0.023224231326771955
37.73759127,0.0435034714274815
37.73766136,0.03237964446478981
37.75172019,0.020996414129854278
37.7517674,0.04119935912108034
37.75956893,0.0379339284351873
37.75962281,0.020813305867093918
37.75966382,0.03781185626001373
37.75970387,0.04205386434729534
37.77456284,0.022278171969176776
37.77462292,0.0332646677347982
37.77466893,0.044754711223010606
37.78991342,0.02491798275730526
37.78998542,0.02865644312199588
37.81351256,0.04545662623025864
37.81355023,0.02883955138475624
37.81357598,0.024414435034714275
37.81360006,0.04423590447852293
37.82358289,0.032776379034103915
37.8236506,0.020965896086060882
37.83293819,0.040375371938658734
37.83305717,0.03717097734035248
37.83316493,0.01974517433432517
37.84749126,0.03616388189517052
37.8475194,0.040115968566414896
37.87051058,0.01986724650949874
37.87054181,0.03060959792477302
37.87248397,0.04234378576333257
37.87251735,0.022156099794003205
37.87254667,0.025558861676966506
37.87257528,0.042664225223163196
37.88947654,0.02639810788128481
37.88950467,0.02169832913710231
37.8987453,0.041886015106431675
37.89876986,0.031189440756847486
37.92356944,0.019470511940184634
37.92362094,0.0392156862745098
37.9236517,0.03614862287327383
37.92368054,0.018524452582589456
37.94034147,0.03511100938429847
37.94043064,0.03970397497520409
37.94047713,0.01977569237811856
37.94051933,0.030670634012359806
37.95348692,0.042710002288853285
37.9535253,0.02276646066987106
37.96756601,0.02606240939955749
37.96765018,0.04341191729610132
37.9724741,0.026825360494392308
37.9969182,0.02226291294728008
37.99703956,0.042420080872816054
38.00459695,0.03170824750133516
38.00468111,0.019897764553292133
38.01185727,0.039459830624856945
38.01191831,0.0362554360265507
38.01547813,0.01901274128328374
38.01552224,0.03573662928206302
38.02251983,0.04005493247882811
38.0225904,0.020019836728465707
38.03557587,0.030762188143739988
38.03566384,0.04257267109178302
38.04517341,0.02285801480125124
38.05865431,0.02597085526817731
38.05872869,0.04315251392385748
38.07250643,0.027008468757152668
38.07256627,0.022293430991073473
38.08051896,0.042298008697642483
38.08059216,0.03189135576409552
38.09468126,0.01948577096208133
38.09475946,0.03904783703364614
38.09480453,0.03643854428931106
38.09484577,0.018829633020523383
38.10354662,0.03533989471274891
38.10362411,0.040009155413138014
38.12060189,0.019943541618982222
38.12262774,0.030594338902876324
38.12272882,0.04290836957351034
38.13668227,0.023147936217288473
38.13674617,0.02652018005645838
38.13678265,0.04473945220111391
38.13681746,0.028854810406652935
38.14553905,0.023483634699015793
38.1456089,0.0434882124055848
38.15475082,0.03360036621652552
38.15485239,0.022400244144350347
38.16859126,0.04217593652246891
38.16868162,0.03909361409933623
38.17453074,0.02072175173571374
38.20251584,0.036530098420691236
38.20254946,0.04086366063935302
38.20257473,0.02055390249485008
38.20259881,0.03079270618753338
38.20647764,0.04240482185091936
38.20651054,0.02226291294728008
38.21046257,0.025192645151445793
38.22495461,0.04278629739833677
38.22509122,0.02661173418783856
38.22516942,0.021438925764858473
38.23064399,0.041504539559014265
38.23068357,0.03131151293202106
38.25490689,0.01901274128328374
38.25493789,0.03886472877088579
38.26089454,0.03602655069810025
38.26098037,0.018493934538796063
38.2674768,0.03761348897535668
38.26752448,0.04531929503318837
38.28056931,0.027100022888532846
38.28064346,0.04165712977798123
38.28795981,0.060242618448157474
38.28809738,0.03836118104829481
38.2881732,0.029098954757000077
38.31045818,0.03494316014343481
38.3104856,0.014847028305485618
38.31050754,0.008499275196459906
38.31444502,0.02677958342870222
38.31447077,0.03590447852292668
38.32550859,0.018646524757763027
38.33286715,0.0298619058518349
38.33294916,0.042221713588159
38.34550261,0.022507057297627222
38.34555101,0.025177386129549097
38.35484219,0.04278629739833677
38.35491967,0.026977950713359275
38.37887383,0.021606775005722133
38.37896156,0.04213015945677882
38.37900877,0.03210498207064927
38.37905455,0.019836728465705347
38.37909603,0.03927672236209659
38.39380407,0.03677424277103838
38.39387608,0.019089036392767225
38.39985824,0.03546196688792248
38.40001678,0.041046768902113374
38.41351604,0.021057450217441064
38.41358519,0.031036850537880523
38.4375968,0.043595025558861675
38.43767309,0.023987182421606777
38.44556379,0.026672770275425344
38.44562936,0.04443427176317998
38.44571686,0.02887006942854963
38.45483589,0.02316319523918517
38.45493579,0.04365606164644846
38.46075726,0.03396658274204623
38.46089554,0.02153047989623865
38.46957588,0.041168841077286945
38.46966314,0.03942931258106355
38.48353195,0.021499961852445258
38.48361278,0.03773556115053025
38.50859022,0.043167772945754176
38.50867867,0.02288853284504463
38.51556635,0.032532234683756774
38.51564479,0.04510566872663462
38.51570058,0.025650415808346684
38.52980971,0.028168154421301595
38.52993011,0.04553292133974212
38.53000498,0.02951094834821088
38.53007531,0.02349889372091249
38.53014374,0.04373235675593194
38.53020978,0.0336919203479057
38.55504942,0.02043183031967651
38.55516768,0.039673456931410694
38.55655217,0.03788815136949721
38.55665398,0.01953154802777142
38.56962323,0.03492790112153811
38.56970119,0.040497444113832305
38.56974649,0.020202944991226063
38.57957006,0.029663538567177843
38.5796268,0.042755779354543375
38.58898544,0.02285801480125124
38.58910656,0.024750133516441595
38.61262536,0.0426489662012665
38.61270094,0.027222095063706417
38.61274648,0.021606775005722133
38.61278963,0.04158083466849775
38.62252355,0.03205920500495918
38.62256026,0.019546807049668116
38.63050461,0.038666361486228734
38.63054204,0.03694209201190204
38.63548088,0.01884489204242008
38.6445601,0.034744792858777754
38.64459872,0.04086366063935302
38.66848207,0.020660715648126955
38.66851354,0.03022812237735561
38.66853881,0.04303044174868391
38.67849946,0.02323949034866865
38.67854738,0.024963759822995348
38.6879282,0.04319829098954757
38.68806458,0.02801556420233463
38.70081472,0.021805142290379186
38.70091724,0.04180971999694819
38.70095515,0.032394903486686506
38.71556878,0.01931792172121767
38.71565199,0.039002059967956054
38.7300117,0.03735408560311284
38.73014951,0.018860151064316776
38.73860621,0.03450064850843061
38.73869205,0.0405279621576257
38.74422693,0.020080872816052493
38.74429584,0.029480430304417486
38.75282407,0.04284733348592355
38.75289488,0.023422598611429007
38.76629305,0.024872205691615166
38.76651406,0.04261844815747311
38.7675755,0.02732890821698329
38.79180503,0.02119478141451133
38.7919271,0.04168764782177462
38.79200077,0.03225757228961624
38.7920711,0.018951705195696954
38.80086565,0.038406958113984896
38.80098629,0.03688105592431525
38.80957079,0.018646524757763027
38.80962849,0.03445487144274052
38.82408237,0.04086366063935302
38.82417607,0.021057450217441064
38.83000016,0.030563820859082932
38.83012033,0.04383916990920882
38.84360862,0.02435339894712749
38.85782027,0.026428625925078202
38.8579154,0.04544136720836194
38.87059546,0.030411230640115968
38.87068892,0.023422598611429007
38.87554073,0.04269474326695659
38.87560511,0.033203631647211414
38.88251591,0.01982146944380865
38.88255501,0.03904783703364614
38.88883638,0.03759822995345998
38.88893509,0.01850919356069276
38.91270041,0.03346303501945525
38.91278672,0.03930724040588998
38.91282272,0.019348439765011063
38.92598748,0.02873273823147936
38.92610788,0.04217593652246891
38.92618465,0.02276646066987106
38.92624712,0.023804074158846417
38.94948125,0.042206454566262305
38.94951248,0.027191577019913024
38.94953632,0.020477607385366598
38.94955921,0.04101625085831998
38.95249534,0.03418020904859999
38.95253968,0.023559929808499275
38.97546196,0.044922560463874266
38.97548652,0.04754711223010605
38.97550988,0.03544670786602579
38.97744203,0.04995803768978409
38.99052119,0.04660105287251087
38.99059176,0.01394674601358053
38.99064016,0.012771801327534905
39.00003171,0.029327840085450523
39.00015283,0.02383459220263981
39.00862861,0.01283283741512169
39.00872779,0.0302738994430457
39.03262973,0.039505607690547034
39.03269792,0.019928282597085525
39.03800988,0.028336003662165255
39.03813291,0.04153505760280766
39.0382092,0.02285801480125124
39.04553485,0.024155031662470437
39.04559493,0.04267948424505989
39.05986977,0.02780193789578088
39.0599699,0.02093537804226749
39.06899118,0.041168841077286945
39.06911278,0.03295948729686427
39.09290433,0.019256885633630885
39.09299397,0.03860532539864195
39.09304953,0.03801022354467078
39.09310007,0.019256885633630885
39.10764337,0.034119172961013196
39.10771585,0.04110780498970016
39.10776162,0.021149004348821242
39.10951042,0.030045014114595255
39.10957026,0.04399176012817579
39.12257218,0.02476539253833829
39.12263274,0.025391012436102846
39.13550949,0.04415960936903945
39.13553619,0.029724574654764628
39.15952468,0.023178454261081866
39.15955472,0.043595025558861675
39.15957856,0.03511100938429847
39.15960145,0.021133745326924545
39.16250801,0.04034485389486534
39.16253138,0.039841306172274354
39.17049694,0.021301594567788205
39.18448234,0.036285954070344094
39.18451095,0.04318303196765087
39.19049501,0.02333104448004883
39.19052386,0.03134203097581445
39.21450734,0.045181963836118104
39.21453452,0.02589456015869383
39.22876096,0.026703288319218737
39.22886252,0.04486152437628748
39.23504663,0.029480430304417486
39.23516607,0.022278171969176776
39.2585206,0.04252689402609293
39.25854993,0.03422598611429008
39.25857472,0.01977569237811856
39.25859809,0.03848325322346838
39.27379179,0.03778133821622034
39.27391982,0.018707560845349813
39.27396631,0.033447775997558556
39.27401018,0.040543221179522394
39.28751755,0.020233463035019456
39.28757906,0.028458075837338826
39.28761959,0.042084382391088734
39.28765607,0.023422598611429007
39.3027935,0.023758297093156328
39.30292988,0.0422369726100557
39.30300689,0.028076600289921417
39.31771326,0.020782787823300525
39.31778979,0.041290913252460516
39.33066082,0.033325703822384985
39.33077455,0.019058518348973832
39.34456515,0.03799496452277409
39.34466577,0.037628747997253374
39.34471869,0.01901274128328374
39.34477019,0.03384451056687266
39.35972738,0.04122987716487373
39.35980129,0.02107270923933776
39.35985732,0.028900587472343024
39.36554742,0.04310673685816739
39.37328386,0.024551766231784542
39.38449836,0.02481116960402838
39.38455033,0.043427176317998015
39.40085983,0.029022659647516595
39.40097284,0.02145418478675517
39.40279937,0.04153505760280766
39.40284801,0.03346303501945525
39.41056466,0.018875410086213473
39.41064429,0.037964446478980694
39.42457914,0.03802548256656748
39.42466044,0.019089036392767225
39.43778086,0.03364614328221561
39.43790007,0.04107728694590677
39.44692063,0.020874341954680704
39.45959926,0.028412298771648737
39.45965958,0.04290836957351034
39.46495557,0.023987182421606777
39.46505523,0.02418554970626383
39.47956204,0.043167772945754176
39.47963786,0.028595407034409093
39.47968292,0.021683070115205615
39.47972608,0.042877851529716945
39.49394011,0.035492484931715876
39.49403763,0.020477607385366598
39.50002503,0.03884946974898909
39.50014639,0.039627679865720605
39.52361298,0.02178988326848249
39.52370095,0.03584344243533989
39.52375627,0.04312199588006409
39.53476286,0.021988250553139545
39.53896856,0.029190508888380255
39.53910708,0.044251163500419625
39.53918338,0.024170290684367133
39.55249095,0.02357518883039597
39.55252075,0.042038605325398645
39.55254483,0.027618829633020522
39.56797457,0.01982146944380865
39.56811309,0.040039673456931414
39.57558036,0.032730601968413826
39.58951235,0.01803616388189517
39.58958054,0.03665217059586481
39.5896225,0.03714045929655909
39.58966303,0.01817349507896544
39.60483909,0.032120241092545965
39.6049614,0.040161745632104985
39.6050384,0.020996414129854278
39.60510731,0.0311284046692607
39.61963534,0.04878309300373846
39.61971426,0.033539330128938734
39.64361548,0.0388189517051957
39.64369988,0.060822461280231936
39.643749,0.041290913252460516
39.65349054,0.01910429541466392
39.65357924,0.02967879758907454
39.65361762,0.02111848630502785
39.65364647,0.008972304875257495
39.66893125,0.025803006027313648
39.66906857,0.03848325322346838
39.67757487,0.02017242694743267
39.67768002,0.027573052567330433
39.69050241,0.04168764782177462
39.69056225,0.023254749370565347
39.70492387,0.022980086976424813
39.70505929,0.04202334630350195
39.70513773,0.02775616083009079
39.71872115,0.01965362020294499
39.71878576,0.03993286030365453
39.71882296,0.03334096284428168
39.71885657,0.018829633020523383
39.73600388,0.0375219348439765
39.73612499,0.03842221713588159
39.74461293,0.019180590524147403
39.74469233,0.033203631647211414
39.75854707,0.04132143129625391
39.75861168,0.02128633554589151
39.77300096,0.028625925078202486
39.77313638,0.04357976653696498
39.77321267,0.02528419928282597
39.77752209,0.024963759822995348
39.77757478,0.043381399252307926
39.79050207,0.029846646829938202
39.79055142,0.021667811093308918
39.79963899,0.04209964141298543
39.79973292,0.035492484931715876
39.81462073,0.02055390249485008
39.81469893,0.039124132143129625
39.82750845,0.04046692607003891
39.82756376,0.021606775005722133
39.84062099,0.03533989471274891
39.84069204,0.04361028458075837
39.84074712,0.02294956893263142
39.84252691,0.03006027313649195
39.84259939,0.04464789806973373
39.85556483,0.026092927443350882
39.85562229,0.024979018844892044
39.87002587,0.04383916990920882
39.8701458,0.030121309224078737
39.89399529,0.021377889677271687
39.89402437,0.04164187075608453
39.89404869,0.034271763179980166
39.89407206,0.01924162661173419
39.89559364,0.03784237430380712
39.89562654,0.03810177767605097
39.90251398,0.018432898451209278
39.91748667,0.031952391851682305
39.91751933,0.04086366063935302
39.92047787,0.020462348363469902
39.9445703,0.026977950713359275
39.94464493,0.041672388799877925
39.94468141,0.023804074158846417
39.94471574,0.02294956893263142
39.94474936,0.041886015106431675
39.95449901,0.028412298771648737
39.95452595,0.01953154802777142
39.96888757,0.0392309452964065
39.96891618,0.03347829404135195
39.98048782,0.017853055619134812
39.98052859,0.03656061646448463
40.00484419,0.03831540398260472
40.00494623,0.01910429541466392
40.01985335,0.032562752727550166
40.01993155,0.04110780498970016
40.01996922,0.020996414129854278
40.02000284,0.027786678873884182
40.03260303,0.04319829098954757
40.03267598,0.024933241779201955
40.04083776,0.023224231326771955
40.04093814,0.04248111696040284
40.041013,0.02946517128252079
40.05468369,0.02026398107881285
40.05474496,0.0400854505226215
40.07291603,0.033997100785839625
40.07301807,0.01879911497672999
40.07309365,0.03665217059586481
40.07316303,0.03826962691691463
40.0886755,0.019165331502250707
40.08871245,0.03263904783703365
40.0887382,0.04151979858091096
40.08876252,0.020920119020370793
40.10085583,0.02716105897611963
40.10091162,0.04255741206988632
40.10255265,0.025482566567483024
40.11620116,0.02476539253833829
40.11626816,0.04419012741283284
40.1295166,0.03108262760357061
40.12955165,0.021652552071412222
40.13920975,0.04170290684367132
40.13935137,0.03675898374914168
40.14479876,0.021683070115205615
40.14485812,0.03944457160296025
40.15477371,0.040161745632104985
40.15481782,0.019958800640878918
40.16785908,0.03271534294651713
40.1679306,0.04180971999694819
40.16798782,0.021271076523994813
40.19404793,0.02656595712214847
40.19411469,0.042298008697642483
40.19415307,0.023483634699015793
40.19419384,0.022156099794003205
40.19947839,0.041458762493324176
40.19950438,0.02827496757457847
40.20855665,0.018951705195696954
40.20858955,0.03904783703364614
40.22250557,0.033279926756694896
40.22253585,0.01753261615930419
40.23045921,0.03573662928206302
40.23048544,0.03735408560311284
40.24446893,0.019302662699320974
40.25848961,0.03610284580758373
40.2585175,0.04847791256580453
40.26348472,0.03262378881513695
40.26351595,0.046219577325093464
40.26948285,0.06079194323643854
40.2755928,0.03517204547188525
40.27569509,0.0174868390936141
40.28953099,0.02839703974975204
40.2895782,0.01617456321049821
40.28960609,0.010330357824063477
40.30384088,0.03091477836270695
40.30386639,0.03732356755931945
40.30951953,0.01896696421759365
40.32350111,0.03134203097581445
40.32352471,0.04022278171969177
40.32952642,0.020157167925535974
40.32956219,0.026077668421454186
40.33573747,0.0417792019531548
40.33580756,0.024658579385061417
40.34448195,0.023147936217288473
40.34451199,0.04205386434729534
40.35446095,0.029221026932173648
40.3544867,0.019836728465705347
40.36874127,0.04040588998245213
40.36881232,0.035080491340505074
40.38248229,0.018997482261387044
40.38250756,0.036575875486381325
40.39050412,0.03851377126726177
40.39054132,0.019256885633630885
40.40054107,0.0324101625085832
40.40058589,0.04240482185091936
40.41352248,0.022156099794003205
40.4135704,0.027603570611123826
40.42749619,0.04382391088731212
40.42753029,0.026794842450598915
40.45154452,0.024124513618677044
40.45160365,0.04382391088731212
40.45164466,0.032166018158236054
40.4646585,0.022232394903486687
40.46474004,0.04187075608453498
40.47071862,0.03677424277103838
40.47081757,0.02043183031967651
40.47960401,0.03877317463950561
40.47968268,0.041718165865568015
40.47972989,0.021545738918135347
40.47977328,0.03356984817273213
40.49399519,0.043167772945754176
40.49404097,0.022873273823147935
40.51766491,0.02851911192492561
40.51770425,0.044510566872663464
40.51772976,0.02677958342870222
40.51775312,0.02349889372091249
40.51777577,0.04281681544213016
40.52383327,0.03010605020218204
40.52387953,0.0200503547722591
40.53904152,0.03994811932555123
40.53908491,0.03494316014343481
40.54493952,0.018142977035172047
40.54498076,0.035492484931715876
40.55785418,0.038284885938811325
40.55800581,0.018707560845349813
40.58056378,0.030731670099946592
40.58062291,0.041046768902113374
40.58065367,0.021210040436408027
40.58262157,0.02597085526817731
40.58269262,0.04174868390936141
40.59049273,0.024368657969024186
40.590518,0.02178988326848249
40.60250068,0.041550316624704355
40.60253119,0.029800869764248113
40.60852194,0.019470511940184634
40.60855222,0.03935301747158007
40.63251758,0.03479056992446784
40.63254714,0.01850919356069276
40.63257051,0.03617914091706722
40.63259435,0.03936827649347677
40.63261914,0.01948577096208133
40.64850092,0.031280994888227664
40.64852667,0.04153505760280766
40.65554857,0.021515220874341955
40.65557599,0.02606240939955749
40.68081069,0.04267948424505989
40.68090987,0.025741969939726862
40.6827178,0.022781719691767757
40.68276215,0.04238956282902266
40.70552444,0.030563820859082932
40.70556235,0.019424734874494545
40.71255374,0.039414053559166856
40.71257877,0.03512626840619516
40.73559999,0.018493934538796063
40.73568845,0.0358129243915465
40.7357347,0.039246204318303196
40.73577785,0.01924162661173419
40.73818827,0.031616693369954985
40.73824453,0.043305104142824444
40.7438848,0.023682001983672846
40.74399376,0.02784771496147097
40.75795937,0.0439154650186923
40.75809407,0.02737468528267338
40.77061582,0.02508583199816892
40.77069283,0.045090409704737926
40.77556658,0.0328374151216907
40.78465843,0.020981155107957578
40.78471494,0.04060425726710918
40.78964782,0.036285954070344094
40.78969669,0.019134813458457314
40.80356503,0.03544670786602579
40.80361748,0.03822384985122454
40.80857873,0.018142977035172047
40.8086288,0.02967879758907454
40.83259034,0.04098573281452659
40.83266878,0.020752269779507133
40.83271599,0.02468909742885481
40.8327601,0.04156557564660105
40.83280325,0.025528343633173113
40.84792972,0.02226291294728008
40.84803057,0.04130617227435721
40.8561306,0.02925154497596704
40.85625124,0.018478675516899367
40.86958647,0.03993286030365453
40.86965442,0.03906309605554284
40.88396525,0.02664225223163195
40.88408804,0.048767833981841764
40.89298749,0.059693293659876405
40.89310884,0.038666361486228734
40.90058947,0.035706111238269625
40.90067077,0.03170824750133516
40.90271711,0.00729381246662089
40.91553354,0.008819714656290532
40.91559362,0.030045014114595255
40.93958116,0.03163195239185168
40.93965697,0.017761501487754634
40.93969488,0.034821087968261236
40.93972802,0.03778133821622034
40.95482564,0.01799038681620508
40.95494652,0.02981612878614481
40.95502067,0.041290913252460516
40.95509076,0.020660715648126955
40.96457171,0.025238422217135882
40.96465158,0.04257267109178302
40.96952558,0.0260166323338674
40.97902465,0.02197299153124285
40.97911835,0.04187075608453498
41.00260663,0.031204699778744183
41.00268388,0.01998931868467231
41.00272894,0.039337758449683374
41.00277138,0.035828183413443196
41.014745,0.019028000305180436
41.01484466,0.03602655069810025
41.02388906,0.041092545967803464
41.02396846,0.02067597467002365
41.0326364,0.031448844129091325
41.03271389,0.04293888761730373
41.0375824,0.023422598611429007
41.0510242,0.027512016479743648
41.05114222,0.04481574731059739
41.06561375,0.02839703974975204
41.06569076,0.024048218509193562
41.08884382,0.04377813382162203
41.08896446,0.033447775997558556
41.08903861,0.021927214465552756
41.08910608,0.04164187075608453
41.09855008,0.03820859082932784
41.09858751,0.020950637064164186
41.09862113,0.03778133821622034
41.09870982,0.042160677500572216
41.11448312,0.02162203402761883
41.13552523,0.03251697566186008
41.13555551,0.043961242084382395
41.13749433,0.023697261005569542
41.15125632,0.026947432669565882
41.15139294,0.04370183871213855
41.1514957,0.027283131151293202
41.15158796,0.023178454261081866
41.15253901,0.04260318913557641
41.15258908,0.03138780804150454
41.16554499,0.019455252918287938
41.16563344,0.03927672236209659
41.16752195,0.03590447852292668
41.19097614,0.018310826276035707
41.191113,0.03500419623102159
41.19265962,0.0392309452964065
41.19270873,0.01940947585259785
41.20057154,0.030090791180285344
41.2006495,0.04205386434729534
41.2095294,0.022293430991073473
41.20958591,0.025345235370412757
41.22400165,0.042496375982299536
41.22412181,0.026321812771801328
41.22956514,0.021774624246585793
41.22963214,0.04200808728160525
41.24360275,0.031998168917372394
41.25799465,0.019714656290531776
41.25811982,0.03904783703364614
41.26357079,0.036408026245517665
41.26366019,0.01907377737087053
41.26996589,0.03576714732585641
41.27003407,0.040115968566414896
41.27880001,0.01986724650949874
41.27887845,0.030411230640115968
41.29286504,0.04251163500419623
41.29302073,0.022964827954528116
41.30659485,0.025574120698863202
41.30668068,0.043259327077134355
41.31465483,0.027344167238879988
41.32302117,0.022186617837796598
41.32314372,0.04170290684367132
41.34598923,0.031784542610818645
41.34610581,0.01940947585259785
41.34758043,0.03904783703364614
41.3476243,0.03639276722362097
41.34766603,0.018570229648279545
41.34771538,0.03535515373464561
41.35496163,0.04187075608453498
41.35505986,0.022278171969176776
41.368891,0.03224231326771954
41.36896682,0.04385442893110551
41.38266873,0.024444953078507668
41.38788056,0.028213931486991684
41.38795257,0.04631113145647364
41.39551616,0.030258640421149004
41.39555573,0.023773556115053024
41.39865899,0.04284733348592355
41.39869738,0.032318608377203024
41.41047668,0.019668879224841687
41.41972828,0.03932249942778668
41.41983938,0.03614862287327383
41.43535042,0.017380025940337225
41.4354496,0.03309681849393454
41.43549776,0.038910505836575876
41.45757699,0.01907377737087053
41.45760322,0.029114213778896773
41.48253036,0.04156557564660105
41.48259735,0.022278171969176776
41.48262954,0.024612802319371328
41.4826591,0.041992828259708556
41.48268843,0.025909819180590526
41.48271799,0.02076752880140383
41.48274636,0.042420080872816054
41.49749327,0.03593499656672007
41.49752283,0.02627603570611124
41.50550532,0.04957656214236667
41.50553489,0.055283436331731134
41.52961802,0.03863584344243534
41.52971911,0.04274052033264668
41.52977514,0.03210498207064927
41.52982068,0.004882887006942855
41.52986431,0.01062027924010071
41.53253031,0.03129625391012436
41.53256702,0.02754253452353704
41.54549456,0.018280308232242314
41.54552031,0.03830014496070802
41.55950212,0.03559929808499275
41.55952716,0.017380025940337225
41.57350159,0.0332494087129015
41.57353044,0.03935301747158007
41.57355428,0.01948577096208133
41.57965279,0.029266803997863737
41.57972908,0.04213015945677882
41.59403181,0.02252231631952392
41.59415412,0.02442969405661097
41.59951305,0.042801556420233464
41.59955978,0.0272983901731899
41.6138978,0.021347371633478295
41.6139245,0.041550316624704355
41.63917923,0.03247119859616999
41.63921714,0.01957732509346151
41.63924932,0.03904783703364614
41.63928628,0.03759822995345998
41.64612317,0.019501029983978027
41.6461854,0.03526359960326543
41.65999174,0.04139772640573739
41.66011477,0.021179522392614634
41.6667943,0.030594338902876324
41.66686106,0.043640802624551764
41.69010377,0.024338139925230793
41.69023991,0.02652018005645838
41.69031501,0.04461738002594034
41.69038343,0.029098954757000077
41.69955611,0.023224231326771955
41.69964385,0.04319829098954757
41.69969201,0.03398184176394293
41.71465778,0.02072175173571374
41.71475863,0.03981078812848096
41.72388482,0.03836118104829481
41.72398639,0.02017242694743267
41.74800277,0.03559929808499275
41.74812078,0.04141298542763409
41.74819613,0.02140840772106508
41.74826455,0.030182345311665523
41.75796604,0.043427176317998015
41.75808811,0.024002441443503473
41.765553,0.02545204852368963
41.76564097,0.04324406805523766
41.77258492,0.02780193789578088
41.77858758,0.02124055848020142
41.77865934,0.040955214770733196
41.79337215,0.032120241092545965
41.79351783,0.018768596932936598
41.80555654,0.03790341039139391
41.80561996,0.036621652552071414
41.82956743,0.018646524757763027
41.829633,0.03363088426031891
41.82966924,0.03993286030365453
41.82970309,0.019928282597085525
41.85384679,0.028747997253376057
41.85396695,0.041794460975051496
41.85404181,0.022751201647974364
41.85411215,0.024444953078507668
41.8541801,0.0430609597924773
41.8686018,0.02758831158922713
41.86867857,0.020691233691920347
41.86872387,0.04098573281452659
41.86876702,0.03295948729686427
41.8938334,0.019516289005874723
41.89395642,0.03834592202639811
41.89403749,0.037201495384145876
41.89411569,0.018951705195696954
41.89560509,0.03402761882963302
41.89566445,0.04060425726710918
41.90447116,0.020447089341573205
41.91551924,0.0290074006256199
41.91555595,0.04252689402609293
41.92752194,0.023422598611429007
41.92754793,0.02423132677195392
41.94053578,0.04277103837644007
41.94059515,0.027725642786297397
41.96148133,0.020950637064164186
41.96151495,0.041168841077286945
41.96153927,0.03247119859616999
41.96156216,0.018707560845349813
41.96347833,0.037964446478980694
41.96350265,0.037094682230869
41.98271251,0.01872281986724651
41.98282313,0.03418020904859999
41.99054408,0.04168764782177462
41.99062061,0.022003509575036242
42.01481915,0.030823224231326773
42.01494074,0.04428168154421302
42.01501632,0.024780651560234988
42.01507354,0.026413366903181506
42.01792455,0.045761806668192566
42.01806188,0.03100633249408713
42.03559947,0.02323949034866865
42.03567648,0.042420080872816054
42.03572249,0.03355458915083543
42.06057835,0.019226367589837492
42.06065512,0.038330663004501414
42.06628251,0.03747615777828641
42.06636286,0.018280308232242314
42.0735755,0.032272831311512935
42.07362843,0.03909361409933623
42.07874656,0.019348439765011063
42.07883167,0.027481498435950255
42.08798432,0.04127565423056382
42.08813739,0.023025864042114902
42.100559,0.023422598611429007
42.10061407,0.041504539559014265
42.10355425,0.026657511253528648
42.12617421,0.01953154802777142
42.12624645,0.040009155413138014
42.12629128,0.034363317311360345
42.12633371,0.023468375677119097
42.13356805,0.04626535439078355
42.13362694,0.05108720531013962
42.14767146,0.03834592202639811
42.14774442,0.04785229266803998
42.15396762,0.041092545967803464
42.15407896,0.008041504539559013
42.16750765,0.008514534218356603
42.16756082,0.02806134126802472
42.20061183,0.025360494392309453
42.20067763,0.015716792553597314
42.20071554,0.03649958037689784
42.2007513,0.03683527885862516
42.20078373,0.01739528496223392
42.20376492,0.031860837720302126
42.20381498,0.039581902800030516
42.20980382,0.019470511940184634
42.20988512,0.02749675745784695
42.2235148,0.0417792019531548
42.22358036,0.02288853284504463
42.23751378,0.02328526741435874
42.23757339,0.042252231631952394
42.23761511,0.02780193789578088
42.2516973,0.020325017166399634
42.25181723,0.04097047379262989
42.25189066,0.03321889066910811
42.25195932,0.018493934538796063
42.2656045,0.037415121690699625
42.26568079,0.03765926604104677
42.27774715,0.018860151064316776
42.27781796,0.033661402304112305
42.29062605,0.04147402151522087
42.29070187,0.021499961852445258
42.30498409,0.02929732204165713
42.30505538,0.0435034714274815
42.31087089,0.02464332036316472
42.31586647,0.025146868085755704
42.31597614,0.04373235675593194
42.3250556,0.030090791180285344
42.32513094,0.02221713588158999
42.33356142,0.041931792172121764
42.33360338,0.03489738307774472
42.35749602,0.020279240100709545
42.35752654,0.0388189517051957
42.35755229,0.03903257801174945
42.35757589,0.020325017166399634
42.37251997,0.03450064850843061
42.37255836,0.04245059891660945
42.37263703,0.022034027618829635
42.37850118,0.029327840085450523
42.37852597,0.043717097734035246
42.39245224,0.02532997634851606
42.40046287,0.024673838406958113
42.40049982,0.043335622186617836
42.40052605,0.02912947280079347
42.42446709,0.020630197604333562
42.4244976,0.04043640802624552
42.42452598,0.033447775997558556
42.42454958,0.018646524757763027
42.42747045,0.03727779049362936
42.42750216,0.03767452506294346
42.44146848,0.0183413443198291
42.44149852,0.032440680552376595
42.45552373,0.040955214770733196
42.45560193,0.020660715648126955
42.47977567,0.02780193789578088
42.47989011,0.04260318913557641
42.47996569,0.024155031662470437
42.48003626,0.023636224917982757
42.48950291,0.04261844815747311
42.48959756,0.028885328450446328
42.5013814,0.020523384451056687
42.50145221,0.04048218509193561
42.50452113,0.033539330128938734
42.51348782,0.01889066910811017
42.51352119,0.03768978408484016
42.53945208,0.03830014496070802
42.53949642,0.018982223239490347
42.55094385,0.03279163805600061
42.55107379,0.04144350347142748
42.55960608,0.020996414129854278
42.55971026,0.027862973983367668
42.57449746,0.042664225223163196
42.57453442,0.02442969405661097
42.57455993,0.023422598611429007
42.57458377,0.042206454566262305
42.57460666,0.02868696116578927
42.58275104,0.020019836728465707
42.58283567,0.040283817807278556
42.60550499,0.033661402304112305
42.60554218,0.018524452582589456
42.61456347,0.0366826886396582
42.61461949,0.03802548256656748
42.62089872,0.018936446173800258
42.62106776,0.032562752727550166
42.63480902,0.04098573281452659
42.63487005,0.020645456626230258
42.63491583,0.02754253452353704
42.63495731,0.042710002288853285
42.63952804,0.024933241779201955
42.64574051,0.025024795910582133
42.64581156,0.044678416113527124
42.65955877,0.03105210955977722
42.65962052,0.02178988326848249
42.68386674,0.04240482185091936
42.68396568,0.03704890516517891
42.68403959,0.021301594567788205
42.68411207,0.03894102388036927
42.68577671,0.03952086671244373
42.68580389,0.01969939726863508
42.69949126,0.03266956588082704
42.69952011,0.04168764782177462
42.69954419,0.02136263065537499
42.71449423,0.02713054093232624
42.71452284,0.041626611734187836
42.73248601,0.02340733958953231
42.73251152,0.02230869001297017
42.74248481,0.04151979858091096
42.74250841,0.02827496757457847
42.74253154,0.018982223239490347
42.75275469,0.039337758449683374
42.7528739,0.0332646677347982
42.76607418,0.017502098115510796
42.7661221,0.03567559319447623
42.76751184,0.038117036697947665
42.79055309,0.021560997940032044
42.79066968,0.03799496452277409
42.79252195,0.050217441062027926
42.79257894,0.03512626840619516
42.80049062,0.04571602960250248
42.80052948,0.05517662317845426
42.80973268,0.02238498512245365
42.80979776,0.00988784618905928
42.82355642,0.025726710917830166
42.82362413,0.023636224917982757
42.82367063,0.012619211108567941
42.82955432,0.029724574654764628
42.82959199,0.04119935912108034
42.84349775,0.02084382391088731
42.86049271,0.026260776684214542
42.86052132,0.04168764782177462
42.8605454,0.02401770046540017
42.860569,0.022735942626077667
42.86769891,0.041840238040741586
42.86772251,0.029022659647516595
42.88277054,0.01998931868467231
42.88279557,0.040161745632104985
42.88750219,0.03414969100480659
42.88753486,0.018616006713969634
42.90048003,0.03692683299000534
42.90050387,0.03886472877088579
42.92448139,0.01940947585259785
42.92450571,0.032486457618066684
42.95007968,0.042420080872816054
42.95022917,0.02209506370641642
42.95031071,0.028122377355611506
42.95039392,0.04397650110627909
42.96358323,0.026260776684214542
42.96366239,0.02423132677195392
42.9637084,0.043717097734035246
42.96375036,0.03105210955977722
42.97358799,0.021515220874341955
42.9736681,0.041718165865568015
42.97372389,0.03602655069810025
42.98782492,0.02034027618829633
42.98792219,0.038162813763637754
43.00052881,0.040497444113832305
43.0005827,0.020874341954680704
43.00251985,0.03393606469825284
43.00256491,0.04322880903334096
43.01068902,0.02337682154573892
43.0107739,0.028931105516136417
43.01993966,0.04452582589456016
43.02006054,0.02681010147249561
43.03354526,0.024505989166094453
43.03360915,0.04406805523765927
43.03365517,0.03146410315098802
43.04900932,0.02145418478675517
43.04912972,0.04141298542763409
43.06257868,0.03595025558861677
43.06267595,0.0196078431372549
43.06854606,0.03726253147173266
43.06860161,0.03936827649347677
43.07781887,0.019501029983978027
43.07786798,0.03187609674219882
43.08564878,0.04161135271229114
43.08571458,0.02191195544365606
43.09967637,0.027435721370260166
43.09975123,0.04324406805523766
43.11400485,0.025268940260929275
43.12257457,0.02294956893263142
43.12263966,0.04248111696040284
43.12851262,0.03002975509269856
43.12856102,0.019882505531395436
43.13451433,0.0401007095445182
43.13456106,0.035248340581368734
43.14865279,0.019256885633630885
43.14873981,0.03677424277103838
43.15462136,0.03952086671244373
43.15471315,0.019501029983978027
43.17880583,0.03204394598306248
43.1789093,0.042328526741435876
43.17898703,0.022201876859693295
43.17905664,0.02703898680094606
43.19052339,0.043091477836270695
43.1905992,0.025528343633173113
43.19063735,0.022980086976424813
43.19950533,0.04248111696040284
43.19954205,0.030518043793392843
43.21364331,0.019806210421911954
43.21371078,0.039917601281757836
43.22816515,0.03485160601205463
43.22824025,0.0183413443198291
43.24104285,0.036194399938963916
43.24106884,0.039246204318303196
43.24262023,0.019256885633630885
43.24268317,0.03134203097581445
43.25554562,0.04168764782177462
43.25561166,0.021713588158999007
43.26955199,0.026626993209735255
43.26961064,0.04281681544213016
43.27552938,0.025680933852140077
43.27558279,0.022674906538490882
43.28952026,0.04202334630350195
43.28959656,0.02993820096131838
43.30352163,0.019729915312428473
43.30358362,0.03997863736934462
43.30362773,0.03514152742809186
43.31776977,0.018493934538796063
43.31789184,0.03590447852292668
43.32252192,0.04007019150072481
43.32260251,0.02124055848020142
43.33550835,0.03309681849393454
43.33557677,0.043305104142824444
43.34987092,0.02340733958953231
43.34999204,0.0290074006256199
43.36454797,0.04592965590905623
43.36461878,0.0285648889906157
43.37766385,0.024444953078507668
43.37776685,0.04335088120851453
43.37784147,0.03150988021667811
43.39055395,0.020141908903639278
43.39064312,0.039795529106584265
43.39550686,0.03494316014343481
43.39556241,0.01782253757534142
43.40253067,0.03485160601205463
43.40258574,0.038788433661402305
43.41690469,0.0187533379110399
43.41702795,0.03039597161821927
43.43966269,0.041214618142977034
43.43977809,0.021545738918135347
43.439852,0.02583352407110704
43.43992162,0.04248111696040284
43.44676471,0.02532997634851606
43.46058464,0.022034027618829635
43.46066451,0.04341191729610132
43.46071196,0.03479056992446784
43.46075678,0.025726710917830166
43.46619701,0.04928664072632944
43.46624851,0.05189593347066453
43.48959398,0.034363317311360345
43.48967195,0.04098573281452659
43.48972201,0.03218127718013275
43.48975015,0.00665293354695964
43.50482416,0.013763637750820172
43.50488734,0.032990005340657665
43.50492978,0.026001373311970704
43.51358986,0.0183413443198291
43.51363492,0.03955138475623712
43.52856398,0.03529411764705882
43.52862978,0.017761501487754634
43.53248763,0.03492790112153811
43.53253508,0.03927672236209659
43.54779387,0.019378957808804456
43.54791617,0.03096055542839704
43.56133199,0.04205386434729534
43.5614078,0.02221713588158999
43.57450008,0.026291294728007935
43.57456994,0.043305104142824444
43.57462335,0.026703288319218737
43.57467628,0.02288853284504463
43.57472563,0.04284733348592355
43.58949614,0.03170824750133516
43.58952355,0.02021820401312276
43.60348749,0.04046692607003891
43.60352516,0.037033646143282216
43.61797571,0.020065613794155796
43.61809564,0.037201495384145876
43.62817979,0.040955214770733196
43.62824488,0.021149004348821242
43.62828112,0.0324254215304799
43.62831473,0.04397650110627909
43.64355063,0.024048218509193562
43.6436193,0.02810711833371481
43.64364386,0.045304036011291675
43.65557265,0.028702220187685968
43.65560126,0.024444953078507668
43.67954636,0.04423590447852293
43.67957163,0.033493553063248645
43.67959476,0.02162203402761883
43.67961717,0.041168841077286945
43.68754792,0.038040741588464176
43.68757224,0.020782787823300525
43.70045042,0.03743038071259632
43.70047665,0.04190127412832837
43.71596718,0.021667811093308918
43.71610284,0.03254749370565347
43.73964286,0.04414435034714275
43.7397747,0.024109254596780347
43.73985076,0.027405203326466773
43.73992181,0.044586861982146946
43.74293327,0.027527275501640344
43.74303389,0.02252231631952392
43.75660753,0.0422369726100557
43.75670886,0.03181506065461204
43.76634359,0.019851987487602044
43.76640987,0.039459830624856945
43.76953602,0.03620965896086061
43.7839992,0.018738078889143205
43.7841208,0.03552300297550927
43.79759765,0.04034485389486534
43.79768467,0.019974059662775615
43.80387306,0.030762188143739988
43.80394602,0.042420080872816054
43.81272888,0.022873273823147935
43.81282997,0.026031891355764097
43.82182336,0.043427176317998015
43.82198191,0.026977950713359275
43.8385787,0.02226291294728008
43.83866239,0.04219119554436561
43.84779263,0.03187609674219882
43.86159945,0.019729915312428473
43.86167574,0.039581902800030516
43.87494349,0.03675898374914168
43.87501454,0.019287403677424278
43.87506819,0.035538261997405965
43.87511992,0.04025329976348516
43.89861226,0.020111390859845885
43.89868879,0.030777447165636684
43.89873433,0.04278629739833677
43.89877582,0.02323949034866865
43.90361309,0.02597085526817731
43.90368462,0.04367132066834516
43.91794968,0.02668802929732204
43.9236517,0.021774624246585793
43.92373896,0.041992828259708556
43.93760252,0.03201342793926909
43.93767667,0.019501029983978027
43.93773007,0.03904783703364614
43.93777966,0.03651483939879454
43.95184946,0.018600747692072938
43.95196867,0.034821087968261236
43.95204449,0.04013122758831159
43.95211363,0.019806210421911954
43.96616769,0.029999237048905166
43.96623278,0.04251163500419623
43.96626878,0.022964827954528116
43.98052359,0.02542153047989624
43.99613023,0.043076218814374
43.99619794,0.027100022888532846
44.00862622,0.022171358815899902
44.00870872,0.042999923704890516
44.00878286,0.03360036621652552
44.00885201,0.020950637064164186
44.02368593,0.04007019150072481
44.02379465,0.03772030212863355
44.02951384,0.020569161516746776
44.02957821,0.03761348897535668
44.03852201,0.04310673685816739
44.05275416,0.022171358815899902
44.05289364,0.031403067063401235
44.06562662,0.043595025558861675
44.06574035,0.023422598611429007
44.0675106,0.025635156786449988
44.06757092,0.042877851529716945
44.08199763,0.02627603570611124
44.08211946,0.02067597467002365
44.08697081,0.040833142595559625
44.08710909,0.031021591515983826
44.09977794,0.018432898451209278
44.0998683,0.03819333180743115
44.11402297,0.03598077363241016
44.12273312,0.018020904859998473
44.1227994,0.03396658274204623
44.1274941,0.04040588998245213
44.12755632,0.01924162661173419
44.13552737,0.030304417486839094
44.13559389,0.04592965590905623
44.1450572,0.028534370946822308
44.1451807,0.03331044480048829
44.15857625,0.05668726634622721
44.15865397,0.04327458609903105
44.17267179,0.02844281681544213
44.17278409,0.03588921950102998
44.17286062,0.01948577096208133
44.18678188,0.007263294422827497
44.18690562,0.02532997634851606
44.18698144,0.03529411764705882
44.1870513,0.01824979018844892
44.2006197,0.02912947280079347
44.20071006,0.04214541847867552
44.21000266,0.022339208056763562
44.21016359,0.024322880903334097
44.23361731,0.04257267109178302
44.23369431,0.027023727779049364
44.2337451,0.021210040436408027
44.23378778,0.04139772640573739
44.23383141,0.03234912642099642
44.24897242,0.01924162661173419
44.2490952,0.03887998779278248
44.25758862,0.03732356755931945
44.2576654,0.019043259327077136
44.26554012,0.03492790112153811
44.26559901,0.04113832303349355
44.28960013,0.020965896086060882
44.28969431,0.030518043793392843
44.30382943,0.04385442893110551
44.30390286,0.02423132677195392
44.30395699,0.02583352407110704
44.30400705,0.04444953078507668
44.31796384,0.028992141603723202
44.31808686,0.022781719691767757
44.31816196,0.0430609597924773
44.33057976,0.03434805828946365
44.33065963,0.02093537804226749
44.33556366,0.04058899824521248
44.33562422,0.03939879453727016
44.3449893,0.021057450217441064
44.34511137,0.03617914091706722
44.36861753,0.042710002288853285
44.36869311,0.02243076218814374
44.3687396,0.0315556572823682
44.36878181,0.04499885557335775
44.36882353,0.025482566567483024
44.38355136,0.026749065384908826
44.38874793,0.04512092774853132
44.38882542,0.02981612878614481
44.38885713,0.02311741817349508
44.40250611,0.04324406805523766
44.40254569,0.03447013046463722
44.4161725,0.020691233691920347
44.41621184,0.039795529106584265
44.42949367,0.03813229571984436
44.42952394,0.019256885633630885
44.42954993,0.03445487144274052
44.42957473,0.04110780498970016
44.4448204,0.020447089341573205
44.44492984,0.029236285954070344
44.45852494,0.042755779354543375
44.45859933,0.02362096589608606
44.46548343,0.024658579385061417
44.46552777,0.04310673685816739
44.48303795,0.028030823224231328
44.48316264,0.02136263065537499
44.49584389,0.04156557564660105
44.495929,0.03300526436255436
44.50053167,0.019455252918287938
44.50059342,0.03782711528191043
44.50063825,0.03797970550087739
44.52170634,0.019226367589837492
44.52183008,0.034195468070496685
44.52193189,0.04130617227435721
44.52198553,0.020904859998474096
44.53549528,0.0294193942168307
44.5355413,0.043305104142824444
44.56058693,0.024200808728160526
44.56065249,0.02485694666971847
44.56286764,0.04357976653696498
44.56291533,0.028717479209582664
44.56295776,0.021393148699168384
44.56299853,0.041626611734187836
44.57267833,0.03356984817273213
44.58094406,0.01943999389639124
44.58106375,0.038284885938811325
44.58960938,0.03802548256656748
44.58967733,0.01931792172121767
44.60362291,0.03414969100480659
44.60368299,0.04122987716487373
44.62763047,0.020782787823300525
44.62770939,0.029114213778896773
44.64185572,0.04278629739833677
44.64195514,0.02406347753109026
44.64202857,0.02468909742885481
44.64210033,0.04318303196765087
44.6490078,0.028625925078202486
44.65484643,0.021210040436408027
44.6550014,0.041458762493324176
44.65508246,0.033615625238422216
44.65513802,0.01943999389639124
44.66848707,0.03851377126726177
44.66851664,0.03822384985122454
44.69350576,0.019760433356221865
44.69353032,0.035324635690852216
44.69355488,0.04310673685816739
44.69357824,0.02243076218814374
44.70351648,0.030045014114595255
44.70353961,0.04486152437628748
44.7035625,0.02681010147249561
44.71888852,0.02732890821698329
44.72248077,0.04583810177767605
44.72252178,0.030716411078049895
44.74554467,0.02238498512245365
44.74561453,0.042221713588159
44.74755096,0.03425650415808347
44.74761581,0.019592584115358205
44.75363326,0.0379339284351873
44.75371289,0.03732356755931945
44.76749825,0.0183413443198291
44.76754284,0.03300526436255436
44.76757455,0.04065003433279927
44.78320789,0.020416571297779813
44.7833643,0.028076600289921417
44.7974937,0.04252689402609293
44.79758596,0.02374303807125963
44.80951929,0.02371252002746624
44.8095789,0.044007019150072484
44.81900311,0.02896162355992981
44.81912732,0.023132677195391776
44.81920171,0.04594491493095293
44.81927013,0.04057373922331579
44.83252478,0.02970931563286793
44.83258557,0.05403219653620203
44.83263111,0.0515754940108339
44.84758425,0.020309758144502938
44.84768176,0.023102159151598384
44.87236857,0.028137636377508202
44.87242723,0.011322194247348745
44.8724587,0.017242694743266958
44.87248874,0.039505607690547034
44.87251711,0.02810711833371481
44.87254524,0.02034027618829633
44.88791037,0.0401007095445182
44.8880651,0.033203631647211414
44.90058327,0.01850919356069276
44.90063596,0.03735408560311284
44.90252042,0.03825436789501793
44.9256084,0.019043259327077136
44.92568564,0.03347829404135195
44.92756486,0.04168764782177462
44.92769146,0.021484702830548562
44.93596721,0.028412298771648737
44.93602872,0.04345769436179141
44.94510055,0.02504005493247883
44.94517088,0.024612802319371328
44.95899916,0.043640802624551764
44.95912194,0.03006027313649195
44.96449757,0.02145418478675517
44.96455932,0.04187075608453498
44.97982574,0.03529411764705882
44.993047,0.02034027618829633
44.99317598,0.03906309605554284
44.99752927,0.039749752040894176
44.9975884,0.02059967956054017
45.0038166,0.03463797970550088
45.00386667,0.04339665827420462
45.01121759,0.023361562523842222
45.01125908,0.03065537499046311
45.01896906,0.045685511558709084
45.01906896,0.02703898680094606
45.0431602,0.026092927443350882
45.04321694,0.04499885557335775
45.04751754,0.03147936217288472
45.0475595,0.02288853284504463
45.04759169,0.0430609597924773
45.06067371,0.036285954070344094
45.06071186,0.020920119020370793
45.06074286,0.0392309452964065
45.06077123,0.040451667048142216
45.07551146,0.02102693217364767
45.07554197,0.034576943617914094
45.08982348,0.04335088120851453
45.089854,0.023041123064011598
45.11749578,0.029053177691309988
45.11752439,0.043961242084382395
45.11754847,0.025360494392309453
45.13250661,0.024216067750057222
45.13253474,0.043381399252307926
45.13255882,0.029846646829938202
45.13258219,0.02067597467002365
45.13448095,0.04106202792401007
45.14854336,0.03463797970550088
45.14860773,0.01936369878690776
45.14865112,0.03761348897535668
45.14869094,0.03904783703364614
45.14872956,0.019455252918287938
45.17350173,0.032867933165484094
45.17354417,0.04219119554436561
45.1735816,0.022125581750209813
45.17361331,0.028381780727855344
45.18876815,0.04383916990920882
45.18882847,0.025574120698863202
45.20252299,0.023956664377813384
45.20258164,0.04339665827420462
45.2110939,0.030350194552529183
45.21113849,0.02111848630502785
45.23256946,0.04139772640573739
45.23264313,0.035385671778439
45.23270297,0.019729915312428473
45.23276353,0.03765926604104677
45.23280644,0.03944457160296025
45.2474947,0.019714656290531776
45.24753594,0.03346303501945525
45.25558448,0.04261844815747311
45.25565648,0.022232394903486687
45.26454806,0.028366521705958648
45.26460934,0.043595025558861675
45.27854705,0.02571145189593347
45.27860665,0.02392614633401999
45.29294538,0.04345769436179141
45.29308724,0.030304417486839094
45.30551243,0.020569161516746776
45.30557728,0.040787365529869536
45.30561376,0.035370412756542305
45.3105278,0.019424734874494545
45.31057906,0.03692683299000534
45.32463431,0.03904783703364614
45.32471275,0.019684138246738384
45.33360529,0.03268482490272374
45.33368492,0.042298008697642483
45.35798883,0.022278171969176776
45.35810924,0.027954528114747846
45.37065411,0.043717097734035246
45.37074828,0.026504921034561684
45.37957978,0.025070572976272222
45.37964654,0.04440375371938659
45.37969804,0.031662470435645074
45.3937335,0.02153047989623865
45.39382887,0.04255741206988632
45.40755939,0.03782711528191043
45.40761018,0.0217441062027924
45.4137857,0.03904783703364614
45.4138341,0.040543221179522394
45.4276948,0.020462348363469902
45.42776895,0.03266956588082704
45.42781377,0.04217593652246891
45.42785597,0.02186617837796597
45.43452001,0.026581216144045166
45.43455648,0.042298008697642483
45.43458915,0.024826428625925077
45.44918585,0.022659647516594186
45.455163,0.041794460975051496
45.45530009,0.029480430304417486
45.46918893,0.01974517433432517
45.46926308,0.039581902800030516
45.49275732,0.03434805828946365
45.49289656,0.018142977035172047
45.49297166,0.03596551461051346
45.4930439,0.039749752040894176
45.49455476,0.022980086976424813
45.49462008,0.037628747997253374
45.50457025,0.04994277866788739
45.5128355,0.035828183413443196
45.51294518,0.04293888761730373
45.52677655,0.05151445792324712
45.52690077,0.021164263370717938
45.52694035,0.010437170977340352
45.54950976,0.027527275501640344
45.54954052,0.02627603570611124
45.54956126,0.013504234378576334
45.5495851,0.029221026932173648
45.55293274,0.040955214770733196
45.55297065,0.021393148699168384
45.56550503,0.026077668421454186
45.56554794,0.04231326771953918
45.56755352,0.025024795910582133
45.5805068,0.022461280231937133
45.5805366,0.04174868390936141
45.59449887,0.03002975509269856
45.61883616,0.019928282597085525
45.61895132,0.04031433585107195
45.61902714,0.03576714732585641
45.61909747,0.01896696421759365
45.6426003,0.036453803311207754
45.6427021,0.03956664377813382
45.64275765,0.019714656290531776
45.64280868,0.03213550011444266
45.6428597,0.04278629739833677
45.64966822,0.022842755779354542
45.64977884,0.02780193789578088
45.66357994,0.04409857328145266
45.66365886,0.026794842450598915
45.67785835,0.023865110246433202
45.67793036,0.04373235675593194
45.68386483,0.03230334935530633
45.68396544,0.021652552071412222
45.68881083,0.04187075608453498
45.6888907,0.03749141680018311
45.70285773,0.020828564888990615
45.70294523,0.03825436789501793
45.70299244,0.041458762493324176
45.71273279,0.021423666742961776
45.71280575,0.033539330128938734
45.73561502,0.04438849469748989
45.73569179,0.024246585793850615
45.73750305,0.02877851529716945
45.73758054,0.045258258945601586
45.74557996,0.027862973983367668
45.74564862,0.024292362859540704
45.75503683,0.044083314259555965
45.75516033,0.032700083924620434
45.76859474,0.021179522392614634
45.7686615,0.04086366063935302
45.76869774,0.036362249179827576
45.8035841,0.019714656290531776
45.80366778,0.03675898374914168
45.80371428,0.03997863736934462
45.80375814,0.019729915312428473
45.80557203,0.031189440756847486
45.80564117,0.04190127412832837
45.81087565,0.02197299153124285
45.81094384,0.026199740596627757
45.82001162,0.043045700770580606
45.82013369,0.025528343633173113
45.83361626,0.022354467078660258
45.83369446,0.04209964141298543
45.83888888,0.030853742275120166
45.86257577,0.019836728465705347
45.86264992,0.03985656519417105
45.86268687,0.03584344243533989
45.86272573,0.01901274128328374
45.86451197,0.035584039063096054
45.86455274,0.03981078812848096
45.87848282,0.019943541618982222
45.87851429,0.031189440756847486
45.89248633,0.042374303807125965
45.8925128,0.022629129472800793
45.91603923,0.026428625925078202
45.9160707,0.04339665827420462
45.91609478,0.026749065384908826
45.92744851,0.022705424582284275
45.92747283,0.04298466468299382
45.93549991,0.031143663691157397
45.93552589,0.019562066071564813
45.9355495,0.039627679865720605
45.93557262,0.03617914091706722
45.94749856,0.018951705195696954
45.94752216,0.035751888303959714
45.95854545,0.03994811932555123
45.95857,0.01977569237811856
45.97264957,0.030930037384603648
45.97269559,0.04231326771953918
45.99554443,0.022339208056763562
45.99563098,0.026092927443350882
46.00455928,0.043213550011444266
46.00462532,0.026337071793698024
46.00468874,0.02221713588158999
46.00473166,0.04206912336919204
46.01877546,0.031326771953917754
46.01890039,0.019668879224841687
46.01897717,0.03968871595330739
46.01904655,0.03700312809948882
46.03356361,0.02021820401312276
46.03364134,0.037125200274662394
46.04783916,0.04107728694590677
46.0570004,0.021133745326924545
46.05713654,0.03321889066910811
46.06260109,0.04516670481422141
46.06267715,0.02520790417334249
46.07057524,0.027832455939574275
46.07063508,0.04438849469748989
46.07757568,0.027603570611123826
46.07764935,0.022735942626077667
46.10060596,0.04219119554436561
46.10068154,0.031189440756847486
46.10265994,0.01872281986724651
46.10271478,0.03854428931105516
46.10276008,0.03527885862516213
46.11556888,0.017853055619134812
46.1156292,0.03437857633325704
46.1207304,0.03904783703364614
46.12080145,0.018997482261387044
46.13457799,0.029831387808041506
46.13463855,0.04165712977798123
46.14055419,0.02191195544365606
46.14060831,0.024780651560234988
46.16960478,0.0439154650186923
46.16969132,0.030762188143739988
46.16974235,0.027771419851987486
46.16978359,0.05052262149996185
46.16982388,0.046219577325093464
46.1840179,0.03466849774929427
46.18413806,0.04579232471198596
46.18902802,0.030472266727702754
46.18913889,0.00605783169298848
46.20403123,0.01773098344396124
46.20410824,0.033676661326009
46.22857428,0.017456321049820707
46.22864103,0.023178454261081866
46.22867703,0.04202334630350195
46.22871161,0.026214999618524453
46.23049402,0.02059967956054017
46.23054838,0.04040588998245213
46.23552799,0.030807965209430077
46.25097013,0.018646524757763027
46.25109172,0.03851377126726177
46.25697923,0.03601129167620355
46.25710034,0.018097199969481958
46.2799387,0.034363317311360345
46.28005719,0.039887083237964444
46.28013158,0.019790951400015258
46.28019905,0.030045014114595255
46.28979826,0.04234378576333257
46.28987741,0.022796978713664453
46.29858351,0.025528343633173113
46.2986598,0.043762874799725335
46.30456901,0.02780193789578088
46.31397104,0.02209506370641642
46.31400061,0.04214541847867552
46.33749723,0.03274586099031052
46.3375237,0.020202944991226063
46.3375473,0.03999389639124132
46.33757019,0.03778133821622034
46.3474791,0.019928282597085525
46.34750342,0.03614862287327383
46.35585117,0.04217593652246891
46.35588288,0.02221713588158999
46.36353731,0.03205920500495918
46.37862778,0.044464789806973375
46.39291358,0.024841687647821773
46.39305067,0.027191577019913024
46.39313555,0.04498359655146105
46.39321136,0.029144731822690166
46.41557479,0.023437857633325704
46.4156549,0.04365606164644846
46.43056607,0.03393606469825284
46.43064308,0.02111848630502785
46.43068814,0.04017700465400168
46.43072891,0.03743038071259632
46.4354887,0.01943999389639124
46.43554783,0.03555352101930266
46.43558431,0.04119935912108034
46.44478178,0.020447089341573205
46.44483829,0.029724574654764628
46.45895314,0.04214541847867552
46.45907402,0.022980086976424813
46.47335339,0.024780651560234988
46.47344089,0.042420080872816054
46.48587155,0.02652018005645838
46.48594522,0.020416571297779813
46.48791575,0.040543221179522394
46.487988,0.031525139238574806
46.49681067,0.01846341649500267
46.49694705,0.03790341039139391
46.50579858,0.03634699015793088
46.51351666,0.01846341649500267
46.51356673,0.0340886549172198
46.53857446,0.040039673456931414
46.53866315,0.019790951400015258
46.53871894,0.029114213778896773
46.53877187,0.04240482185091936
46.54481936,0.023254749370565347
46.54487395,0.0247348744945449
46.55797434,0.042633707179369804
46.55809402,0.027527275501640344
46.56398773,0.021179522392614634
46.5641067,0.04153505760280766
46.57067227,0.03225757228961624
46.58359981,0.018951705195696954
46.58365965,0.03846799420157168
46.5978229,0.03671320668345159
46.5979147,0.018265049210345618
46.60458112,0.03372243839169909
46.60466981,0.04007019150072481
46.61251688,0.019592584115358205
46.61257005,0.028824292362859542
46.62069058,0.042542153047989625
46.62081218,0.02294956893263142
46.63478994,0.0243076218814374
46.63489652,0.04278629739833677
46.64509726,0.027435721370260166
46.65754485,0.02067597467002365
46.66677499,0.041290913252460516
46.66691184,0.032898451209277486
46.66699147,0.020080872816052493
46.667068,0.03949034866865034
46.67849207,0.03802548256656748
46.67853308,0.019226367589837492
46.68782401,0.03543144884412909
46.68793249,0.042969405661097124
46.70161986,0.022613870450904097
46.70174265,0.030762188143739988
46.70178771,0.04324406805523766
46.72633529,0.023895628290226595
46.72637224,0.024628061341268024
46.72962165,0.042877851529716945
46.72968793,0.02749675745784695
46.73447657,0.019897764553292133
46.73453403,0.03955138475623712
46.74413204,0.031494621194781414
46.74417448,0.01799038681620508
46.74420404,0.03700312809948882
46.75754929,0.03590447852292668
46.75757718,0.01727321278706035
46.78449535,0.032227054245822846
46.78452659,0.03942931258106355
46.78455114,0.01940947585259785
46.78457475,0.027954528114747846
46.79063916,0.04274052033264668
46.79069757,0.026703288319218737
46.79996896,0.030014496070801863
46.80008936,0.050598916609445335
46.81183934,0.04180971999694819
46.81190014,0.037369344625009536
46.83298039,0.0498970016021973
46.83310151,0.028030823224231328
46.84557486,0.005874723430228122
46.84563923,0.020035095750362403
46.84568477,0.031067368581673915
46.85996222,0.013794155794613565
46.8600986,0.02021820401312276
46.87359452,0.041214618142977034
46.87367225,0.027267872129396506
46.87371898,0.019729915312428473
46.87376094,0.03947508964675364
46.87380314,0.031616693369954985
46.87384391,0.017807278553444723
46.88890767,0.03739986266880293
46.88899589,0.03726253147173266
46.90269923,0.018158236057068743
46.90277672,0.03309681849393454
46.91156077,0.04029907682917525
46.92485833,0.020035095750362403
46.92503309,0.02839703974975204
46.92511034,0.04272526131074998
46.92518234,0.023651483939879453
46.93465066,0.024292362859540704
46.93482375,0.04301518272678721
46.94505382,0.0285648889906157
46.94511271,0.021316853589684902
46.95797491,0.04156557564660105
46.95809507,0.03381399252307927
46.97058558,0.019668879224841687
46.97066712,0.0388189517051957
46.97552919,0.03848325322346838
46.98504305,0.02017242694743267
46.98514271,0.034866865033951325
46.99296618,0.04240482185091936
46.99308777,0.022156099794003205
47.00175452,0.030182345311665523
47.00181937,0.04461738002594034
47.01454234,0.026031891355764097
47.01460552,0.026077668421454186
47.02895284,0.044510566872663464
47.02907395,0.030045014114595255
47.03922248,0.02252231631952392
47.03929877,0.04274052033264668
47.03934383,0.03488212405584802
47.05263638,0.020035095750362403
47.05273151,0.038574807354848556
47.0527854,0.03842221713588159
47.05283499,0.019729915312428473
47.06754088,0.03389028763256275
47.06757736,0.04139772640573739
47.08551097,0.02055390249485008
47.08554125,0.027908751049057757
47.10445404,0.042420080872816054
47.10448289,0.023590447852292667
47.10450649,0.023392080567635615
47.10452986,0.04211490043488213
47.12856126,0.028030823224231328
47.12859344,0.01957732509346151
47.12862277,0.039887083237964444
47.12865233,0.03276112001220722
47.12868142,0.018097199969481958
47.13049793,0.03692683299000534
47.13053036,0.037369344625009536
47.15449524,0.01799038681620508
47.15452409,0.03230334935530633
47.15454793,0.040665293354695965
47.15457129,0.020492866407263294
47.16948819,0.027954528114747846
47.16951394,0.04252689402609293
47.18562913,0.024292362859540704
47.18567252,0.023773556115053024
47.1857028,0.042664225223163196
47.18848491,0.028549629968719004
47.20256424,0.020477607385366598
47.20263457,0.040924696726939803
47.2155838,0.03375295643549248
47.21563077,0.01879911497672999
47.22971916,0.03744563973449302
47.22982812,0.038117036697947665
47.22990751,0.018768596932936598
47.22997642,0.03314259555962463
47.23004675,0.04173342488746471
47.24461007,0.021316853589684902
47.24468946,0.028030823224231328
47.2586813,0.04240482185091936
47.25873971,0.024292362859540704
47.27258635,0.02374303807125963
47.27266955,0.043045700770580606
47.28563952,0.029785610742351417
47.28568125,0.021484702830548562
47.29065084,0.04206912336919204
47.2907238,0.034866865033951325
47.30460238,0.020019836728465707
47.30467868,0.03956664377813382
47.30472422,0.04058899824521248
47.31359553,0.02107270923933776
47.31363726,0.03407339589532311
47.33086801,0.042252231631952394
47.33096552,0.022018768596932938
47.35455132,0.028198672465094988
47.35460877,0.04290836957351034
47.35763264,0.02418554970626383
47.35770488,0.02264438849469749
47.35775948,0.041458762493324176
47.35781002,0.027954528114747846
47.37258506,0.0191958495460441
47.37266612,0.039246204318303196
47.37271166,0.03271534294651713
47.37753034,0.017410543984130618
47.3775785,0.03631647211413749
47.39891076,0.03749141680018311
47.39900899,0.018020904859998473
47.41250253,0.03167772945754177
47.4125309,0.04295414663920043
47.41255474,0.026031891355764097
47.41257811,0.035248340581368734
47.4225843,0.05462729839017319
47.4226253,0.04267948424505989
47.43353629,0.03968871595330739
47.43356037,0.04757763027389944
47.43547535,0.020965896086060882
47.45993257,0.006622415503166247
47.4599607,0.02401770046540017
47.45998573,0.029617761501487753
47.46000552,0.014526588845654994
47.46956158,0.025772487983520255
47.46970415,0.042420080872816054
47.47851992,0.024155031662470437
47.47856116,0.02238498512245365
47.48755217,0.041458762493324176
47.48759246,0.02844281681544213
47.50169253,0.01924162661173419
47.50176001,0.04013122758831159
47.50830007,0.03430228122377356
47.52987432,0.018707560845349813
47.5299952,0.03680476081483177
47.53172612,0.038452735179674985
47.53182554,0.019501029983978027
47.53190041,0.0328526741435874
47.53196812,0.04168764782177462
47.54549766,0.021515220874341955
47.54552627,0.027969787136644542
47.55249095,0.043549248493171586
47.55251575,0.025925078202487222
47.5655489,0.024383916990920882
47.56557417,0.0435034714274815
47.57947731,0.03060959792477302
47.59216666,0.021515220874341955
47.59219313,0.04187075608453498
47.593683,0.03616388189517052
47.59370852,0.020538643472953384
47.60247302,0.03884946974898909
47.60250592,0.04106202792401007
47.60946512,0.021942473487449453
47.60949087,0.03451590753032731
47.62346888,0.0439459830624857
47.62349415,0.02392614633401999
47.64749098,0.029846646829938202
47.64751768,0.045349813076981764
47.6555419,0.02763408865491722
47.65559292,0.025436789501792935
47.65754986,0.044373235675593196
47.65759706,0.031738765545128556
47.6705184,0.022003509575036242
47.67057896,0.041718165865568015
47.67862773,0.03601129167620355
47.67867112,0.019897764553292133
47.69079471,0.0375219348439765
47.69086742,0.039581902800030516
47.71469569,0.020111390859845885
47.71476293,0.03268482490272374
47.71479559,0.04200808728160525
47.72897816,0.021301594567788205
47.72914052,0.02691691462577249
47.7292161,0.042877851529716945
47.72928667,0.024780651560234988
47.73754144,0.02243076218814374
47.73760581,0.04200808728160525
47.73764348,0.029602502479591057
47.73767686,0.01998931868467231
47.76300812,0.04013122758831159
47.76312804,0.034531166552224005
47.76778364,0.018570229648279545
47.76790476,0.03671320668345159
47.76798534,0.039002059967956054
47.78050923,0.019165331502250707
47.78055334,0.032272831311512935
47.78960848,0.042252231631952394
47.78966594,0.021560997940032044
47.80359507,0.027283131151293202
47.80366087,0.043335622186617836
47.81749296,0.026001373311970704
47.81754708,0.023437857633325704
47.83056974,0.04301518272678721
47.8306284,0.03039597161821927
47.83252764,0.02021820401312276
47.83257222,0.04040588998245213
47.83850002,0.03546196688792248
47.85141015,0.019211108567940796
47.85145736,0.03654535744258793
47.85548592,0.03906309605554284
47.85551262,0.01969939726863508
47.87948751,0.031967650873579
47.8795197,0.04260318913557641
47.87954497,0.023300526436255437
47.87956858,0.029068436713206684
47.88793397,0.04415960936903945
47.88796377,0.027435721370260166
47.89590216,0.02397192339971008
47.89593983,0.044251163500419625
47.90257049,0.033371480888075074
47.91593647,0.02299534599832151
47.9159677,0.04238956282902266
47.94088316,0.03700312809948882
47.9409163,0.019897764553292133
47.9409399,0.03692683299000534
47.94096351,0.039459830624856945
47.94099069,0.019333180743114367
47.94101548,0.03088426031891356
47.9538765,0.04090943770504311
47.95390272,0.020874341954680704
47.96851015,0.025955596246280615
47.96854949,0.0426489662012665
47.99391031,0.02508583199816892
47.993963,0.021850919356069275
47.99398971,0.04158083466849775
47.99401355,0.029953459983215077
48.00256324,0.01953154802777142
48.00262284,0.03920042725261311
48.01076722,0.035385671778439
48.01085949,0.021759365224689096
48.01997185,0.042374303807125965
48.02010775,0.049271381704432744
48.03354049,0.03578240634775311
48.03361487,0.05236896314946212
48.05753064,0.057068741893644616
48.05761957,0.021728847180895704
48.05765939,0.014450293736171512
48.07054591,0.028076600289921417
48.07060313,0.01931792172121767
48.07953858,0.013244831006332494
48.07961106,0.033325703822384985
48.09384942,0.03892576485847257
48.09395981,0.018814373998626687
48.09401917,0.03006027313649195
48.09407616,0.04115358205539025
48.10303068,0.021316853589684902
48.10310745,0.02618448157473106
48.11072278,0.04278629739833677
48.11974812,0.025635156786449988
48.11988783,0.022186617837796598
48.13353491,0.04194705119401846
48.13360429,0.03060959792477302
48.14775944,0.019897764553292133
48.14786649,0.03987182421606775
48.1479435,0.03595025558861677
48.14801359,0.019089036392767225
48.15482426,0.03637750820172427
48.15494013,0.04017700465400168
48.16856265,0.020447089341573205
48.16863704,0.03184557869840543
48.16869354,0.042877851529716945
48.19390869,0.02311741817349508
48.19398522,0.027283131151293202
48.19403052,0.044586861982146946
48.19407296,0.02801556420233463
48.20355511,0.0243076218814374
48.20363522,0.044464789806973375
48.21300888,0.03309681849393454
48.21312976,0.021759365224689096
48.22168207,0.04174868390936141
48.22179079,0.03801022354467078
48.22182798,0.021164263370717938
48.24494433,0.03820859082932784
48.24497628,0.042084382391088734
48.26024556,0.02197299153124285
48.26030397,0.03230334935530633
48.26033735,0.04423590447852293
48.26036692,0.023865110246433202
48.267524,0.027832455939574275
48.26756644,0.04448004882887007
48.28182459,0.02742046234836347
48.28190327,0.023392080567635615
48.28698516,0.04328984512092775
48.28712249,0.03176928358892195
48.30996633,0.019928282597085525
48.31008935,0.03970397497520409
48.31178117,0.03584344243533989
48.32700467,0.01838712138551919
48.32710528,0.035370412756542305
48.32716084,0.03918516823071641
48.32721424,0.01896696421759365
48.33450842,0.030045014114595255
48.33455682,0.04174868390936141
48.3434999,0.021896696421759364
48.34352493,0.025604638742656595
48.36049247,0.04267948424505989
48.36052299,0.026169222552834364
48.37468719,0.02204928664072633
48.37478566,0.04205386434729534
48.37486076,0.031143663691157397
48.37494707,0.01924162661173419
48.37502599,0.03915465018692302
48.3894999,0.03613336385137713
48.40383053,0.018402380407415885
48.40390968,0.03518730449378195
48.40396404,0.03968871595330739
48.41188598,0.020065613794155796
48.41191053,0.030746929121843288
48.43346429,0.042633707179369804
48.43348885,0.022796978713664453
48.43351173,0.026031891355764097
48.43353462,0.042969405661097124
48.44892788,0.026581216144045166
48.44906592,0.022034027618829635
48.45380163,0.04217593652246891
48.45397592,0.03164721141374838
48.46754408,0.019623102159151598
48.46759653,0.03904783703364614
48.48195529,0.0358129243915465
48.48207688,0.018432898451209278
48.50456572,0.03535515373464561
48.50463319,0.039887083237964444
48.5137732,0.019729915312428473
48.51389527,0.031021591515983826
48.51397467,0.04365606164644846
48.5280292,0.023865110246433202
48.52811599,0.02691691462577249
48.53564763,0.043717097734035246
48.53572106,0.028091859311818113
48.53577638,0.023987182421606777
48.53582668,0.04440375371938659
48.55092716,0.033157854581521325
48.55106544,0.02029449912260624
48.57402086,0.03930724040588998
48.57414007,0.036285954070344094
48.57421803,0.01850919356069276
48.57428956,0.03489738307774472
48.57435822,0.038956282902265965
48.57565498,0.01846341649500267
48.57570267,0.029068436713206684
48.59087229,0.04098573281452659
48.59094882,0.021149004348821242
48.5986104,0.024078736552986955
48.59867024,0.04153505760280766
48.6225822,0.02549782558937972
48.62264729,0.020416571297779813
48.62268329,0.040329594872968645
48.62271714,0.029846646829938202
48.63758731,0.01901274128328374
48.6376915,0.04168764782177462
48.6377666,0.041672388799877925
48.64696908,0.02732890821698329
48.64708948,0.05053788052185855
48.65966249,0.05862516212710765
48.65970302,0.031952391851682305
48.67351961,0.027237354085603113
48.67357326,0.02958724345769436
48.68778133,0.008789196612497139
48.68786407,0.009979400320439459
48.68791032,0.03134203097581445
48.68795228,0.03363088426031891
48.70283961,0.01770046540016785
48.70291519,0.0336919203479057
48.70296931,0.038162813763637754
48.71766877,0.017975127794308383
48.71774697,0.028381780727855344
48.72260737,0.04074158846417945
48.72268391,0.021347371633478295
48.74681354,0.024155031662470437
48.74693799,0.04200808728160525
48.74711895,0.02597085526817731
48.74719405,0.020614938582436865
48.75566411,0.04080262455176623
48.75574422,0.031036850537880523
48.76957202,0.018493934538796063
48.76965594,0.0383916990920882
48.76971078,0.03610284580758373
48.77999306,0.018097199969481958
48.78011441,0.034439612420843826
48.80360007,0.03999389639124132
48.80366206,0.019897764553292133
48.80369616,0.03015182726787213
48.80372763,0.04278629739833677
48.81366253,0.02320897230487526
48.81374097,0.025848783093003737
48.82259345,0.043549248493171586
48.82265902,0.028076600289921417
48.83550787,0.02255283436331731
48.83553791,0.04284733348592355
48.84054399,0.03302052338445106
48.85684609,0.020477607385366598
48.85687876,0.03994811932555123
48.8805449,0.03744563973449302
48.88056874,0.01953154802777142
48.88059211,0.03576714732585641
48.88061428,0.041046768902113374
48.89420557,0.020965896086060882
48.89423108,0.030731670099946592
48.89425397,0.043335622186617836
48.90815353,0.023422598611429007
48.90830302,0.025574120698863202
48.90837932,0.04278629739833677
48.9199357,0.026764324406805522
48.92007685,0.020965896086060882
48.94379497,0.04098573281452659
48.94393277,0.031189440756847486
48.94401097,0.018204013122758832
48.94408011,0.037293049515526054
48.94415021,0.0349736781872282
48.94421816,0.01675440604257267
48.95411921,0.032608529793240255
48.95431089,0.038788433661402305
48.96858168,0.018448157473105974
48.96865845,0.02801556420233463
48.96871281,0.041092545967803464
48.99259281,0.021393148699168384
48.99266934,0.023422598611429007
48.99271488,0.04147402151522087
48.99275637,0.026092927443350882
49.0025835,0.020355535210193027
49.00265479,0.04065003433279927
49.01124358,0.03100633249408713
49.01136303,0.017975127794308383
49.01997542,0.03755245288776989
49.02009821,0.03617914091706722
49.03356981,0.017578393224994278
49.03362346,0.033493553063248645
49.04811525,0.039337758449683374
49.05714226,0.019058518348973832
49.0572083,0.02844281681544213
49.06508088,0.0413519493400473
49.06514025,0.02204928664072633
49.06518435,0.023773556115053024
49.06522655,0.041763942931258104
49.08010435,0.026001373311970704
49.08022571,0.0200503547722591
49.0868156,0.0405279621576257
49.08697963,0.03125047684443427
49.11002207,0.01799038681620508
49.11014342,0.03747615777828641
49.11021686,0.03564507515068284
49.11491919,0.017425803006027314
49.11503887,0.032867933165484094
49.12650442,0.0392309452964065
49.12658024,0.01901274128328374
49.13756537,0.028046082246128024
49.1376276,0.041214618142977034
49.14351797,0.02197299153124285
49.14356089,0.023849851224536506
49.16816568,0.04211490043488213
49.16825366,0.027527275501640344
49.18203187,0.021896696421759364
49.18215251,0.042633707179369804
49.18222618,0.032486457618066684
49.19454432,0.0191958495460441
49.19458747,0.03939879453727016
49.20549178,0.03865110246433204
49.2177906,0.0200503547722591
49.21792817,0.03479056992446784
49.21800566,0.04034485389486534
49.21807456,0.019943541618982222
49.21814227,0.028763256275272753
49.21821117,0.041840238040741586
49.24287271,0.021881437399862667
49.24300599,0.02293430991073472
49.2430861,0.040924696726939803
49.25967503,0.025818265049210344
49.25976372,0.019348439765011063
49.25980926,0.03955138475623712
49.25985169,0.03060959792477302
49.26753855,0.01727321278706035
49.26759863,0.0366826886396582
49.27571535,0.034988937209124896
49.27578902,0.01687647821774624
49.28968835,0.03251697566186008
49.28978229,0.04110780498970016
49.29874444,0.02383459220263981
49.29880762,0.03500419623102159
49.3129909,0.05128557259479667
49.3189919,0.03869687953002213
49.31911516,0.04019226367589838
49.32552409,0.04856946669718471
49.3255856,0.02017242694743267
49.33353806,0.007263294422827497
49.33360314,0.024826428625925077
49.34783006,0.02775616083009079
49.34790397,0.013870450904097047
49.34795022,0.027054245822842757
49.37351727,0.04190127412832837
49.37354922,0.022171358815899902
49.37357354,0.02307164110780499
49.37359667,0.04144350347142748
49.37881207,0.02647440299076829
49.37892151,0.020065613794155796
49.39256597,0.0405279621576257
49.39265656,0.03192187380788891
49.39849257,0.018310826276035707
49.39853978,0.03772030212863355
49.41299534,0.03651483939879454
49.41311622,0.018142977035172047
49.4355669,0.0341039139391165
49.43564224,0.04086366063935302
49.43749905,0.020202944991226063
49.43754721,0.028946364538033113
49.43758774,0.042755779354543375
49.44556928,0.023819333180743113
49.44565034,0.02494850080109865
49.45963287,0.043549248493171586
49.45971322,0.02873273823147936
49.46455431,0.02178988326848249
49.46460009,0.04226749065384909
49.48857069,0.03418020904859999
49.48863578,0.02043183031967651
49.48867202,0.03955138475623712
49.4887054,0.03913939116502632
49.49883699,0.02059967956054017
49.4989078,0.03622491798275731
49.49896002,0.042542153047989625
49.51383924,0.022400244144350347
49.51396036,0.030869001297016863
49.53783536,0.04460212100404364
49.53795505,0.025436789501792935
49.53803039,0.026382848859388113
49.53809881,0.044846265354390784
49.55758643,0.030121309224078737
49.55766606,0.022583352407110704
49.55771303,0.04277103837644007
49.55775833,0.03451590753032731
49.56960511,0.02009613183794919
49.56966114,0.039078355077439536
49.56970978,0.03831540398260472
49.5845964,0.019470511940184634
49.58470583,0.03430228122377356
49.59762049,0.04098573281452659
49.59769416,0.020523384451056687
49.62059379,0.028213931486991684
49.62066936,0.042587930113679714
49.64184833,0.023804074158846417
49.64196825,0.02423132677195392
49.64204335,0.04269474326695659
49.64211202,0.027954528114747846
49.64217925,0.02072175173571374
49.64224815,0.04119935912108034
49.64231372,0.0332646677347982
49.64861655,0.019119554436560618
49.65750289,0.038040741588464176
49.65756822,0.03744563973449302
49.68174314,0.019043259327077136
49.68186545,0.03385976958876936
49.68191385,0.04132143129625391
49.68195939,0.02111848630502785
49.68447757,0.029266803997863737
49.68456221,0.043549248493171586
49.70102572,0.024414435034714275
49.7010932,0.024719615472648202
49.70114279,0.04322880903334096
49.71295309,0.02868696116578927
49.71308923,0.02124055848020142
49.73558187,0.041672388799877925
49.73568273,0.03402761882963302
49.73748541,0.01969939726863508
49.73752141,0.03869687953002213
49.74564672,0.03826962691691463
49.74574685,0.018951705195696954
49.75557446,0.033997100785839625
49.75562191,0.041550316624704355
49.76858211,0.020828564888990615
49.76862884,0.029098954757000077
49.76866078,0.043472953383688104
49.79352593,0.024414435034714275
49.79357362,0.024414435034714275
49.79360509,0.04327458609903105
49.79363561,0.02818341344319829
49.80357623,0.02119478141451133
49.80367947,0.04144350347142748
49.80985618,0.033783474479285876
49.80995584,0.01943999389639124
49.82551599,0.038330663004501414
49.8256104,0.03852903028915847
49.83329105,0.01943999389639124
49.83334517,0.03402761882963302
49.84093785,0.04164187075608453
49.865026,0.02153047989623865
49.86510158,0.029571984435797664
49.86514115,0.043884946974898906
49.86517787,0.025803006027313648
49.86521816,0.026245517662317846
49.86524415,0.045136186770428015
49.87459731,0.03060959792477302
49.87464714,0.022781719691767757
49.8875525,0.04414435034714275
49.88761067,0.037125200274662394
49.90049839,0.02204928664072633
49.90053105,0.04007019150072481
49.91483092,0.03968871595330739
49.92352581,0.02059967956054017
49.9235847,0.03459220263981079
49.9284718,0.04211490043488213
49.92850924,0.021179522392614634
49.93781972,0.028473334859235522
49.93787289,0.04248111696040284
49.94388366,0.024078736552986955
49.94396305,0.024002441443503473
49.95756912,0.042877851529716945
49.95764828,0.028702220187685968
49.98168683,0.0208896009765774
49.98178601,0.04211490043488213
49.98183084,0.033615625238422216
49.98849392,0.018936446173800258
49.98853278,0.03808651865415427
50.00249577,0.040665293354695965
50.00252247,0.024292362859540704
50.00254607,0.04042114900434882
50.00859523,0.052643625543602655
50.00868154,0.038452735179674985
50.02489829,0.04278629739833677
50.02494955,0.046295872434576946
50.04588938,0.01629663538567178
50.04598832,0.012024109254596781
50.04606748,0.029922941939421684
50.04763198,0.027313649195086595
50.04768372,0.016052491035324634
50.05839276,0.03738460364690623
50.05844688,0.0396429388876173
50.05848002,0.01943999389639124
50.06708026,0.033325703822384985
50.07989669,0.041672388799877925
50.08003521,0.021332112611581598
50.09365821,0.02896162355992981
50.09372044,0.04382391088731212
50.09376192,0.025345235370412757
50.1075542,0.024933241779201955
50.1075809,0.0439459830624857
50.11261845,0.029922941939421684
50.1126852,0.021820401312275882
50.12249064,0.0422369726100557
50.12253904,0.03555352101930266
50.13488936,0.02050812542915999
50.13494945,0.039078355077439536
50.14351916,0.0401007095445182
50.14357495,0.021164263370717938
50.1581316,0.035156786449988556
50.15817976,0.043762874799725335
50.17093754,0.02349889372091249
50.17099881,0.03088426031891356
50.17104125,0.04567025253681239
50.18019724,0.027344167238879988
50.18045568,0.02652018005645838
50.18856573,0.045593957427328906
50.18862367,0.03224231326771954
50.20050216,0.02357518883039597
50.20054173,0.04383916990920882
50.22510386,0.03698786907759213
50.22517323,0.022247653925383384
50.22521424,0.04060425726710918
50.22525191,0.04168764782177462
50.23958015,0.022583352407110704
50.23964643,0.03617914091706722
50.23969102,0.04486152437628748
50.24575734,0.024383916990920882
50.24584031,0.03105210955977722
50.25572419,0.045853360799572744
50.2557838,0.027557793545433737
50.27882195,0.02652018005645838
50.27894139,0.04510566872663462
50.27901626,0.03170824750133516
50.27908587,0.02293430991073472
50.2935822,0.0426489662012665
50.29365921,0.03578240634775311
50.29370451,0.020111390859845885
50.29374623,0.03836118104829481
50.30364728,0.039246204318303196
50.31302023,0.020233463035019456
50.31315136,0.033951323720149536
50.32055306,0.042755779354543375
50.32061315,0.022674906538490882
50.34494281,0.029571984435797664
50.34506226,0.04409857328145266
50.34674716,0.0260166323338674
50.34684062,0.02520790417334249
50.35488319,0.043884946974898906
50.35492468,0.0307011520561532
50.36854625,0.022156099794003205
50.36857104,0.04187075608453498
50.36859322,0.035660334172579536
50.38546324,0.020477607385366598
50.38548803,0.03889524681467918
50.39753938,0.040009155413138014
50.39760971,0.020691233691920347
50.42152977,0.0349736781872282
50.42158699,0.04315251392385748
50.43355203,0.022873273823147935
50.43357992,0.02929732204165713
50.43360281,0.044846265354390784
50.43362498,0.026337071793698024
50.43865585,0.025070572976272222
50.43870497,0.04419012741283284
50.44760609,0.030823224231326773
50.44770932,0.02186617837796597
50.46050406,0.04197756923781185
50.46055031,0.035751888303959714
50.48452759,0.02029449912260624
50.48460603,0.03836118104829481
50.4846518,0.0396429388876173
50.48469353,0.020401312275883116
50.48749828,0.03356984817273213
50.48754692,0.042999923704890516
50.5010221,0.022735942626077667
50.50114298,0.028992141603723202
50.50258708,0.044251163500419625
50.51413631,0.026260776684214542
50.514292,0.024673838406958113
50.52757835,0.044007019150072484
50.52763915,0.030991073472190434
50.54196,0.021881437399862667
50.54209876,0.041992828259708556
50.54679894,0.03559929808499275
50.54697537,0.019974059662775615
50.55455065,0.038162813763637754
50.55460119,0.04110780498970016
50.56877017,0.021271076523994813
50.56886506,0.03500419623102159
50.56893802,0.044464789806973375
50.59362793,0.02378881513694972
50.5937078,0.030090791180285344
50.59376764,0.04628061341268025
50.59380984,0.02908369573510338
50.60397506,0.027115281910429542
50.6040988,0.045914396887159536
50.61000156,0.032120241092545965
50.61012197,0.022293430991073473
50.62430668,0.04206912336919204
50.62439585,0.03637750820172427
50.63280821,0.020019836728465707
50.63286352,0.037705043106736856
50.64681792,0.03904783703364614
50.65958285,0.01965362020294499
50.65964675,0.0328526741435874
50.65969276,0.04217593652246891
50.65973449,0.021942473487449453
50.67001486,0.027878233005264364
50.67013621,0.04339665827420462
50.6766932,0.025604638742656595
50.676759,0.023758297093156328
50.68961883,0.04370183871213855
50.68969727,0.03276112001220722
50.71363449,0.025818265049210344
50.71377707,0.047684443427176315
50.71384501,0.04553292133974212
50.72152066,0.03665217059586481
50.72156334,0.05304036011291676
50.73349595,0.044510566872663464
50.73351789,0.011993591210803388
50.73562312,0.01518272678721294
50.73570609,0.031326771953917754
50.74499059,0.02252231631952392
50.74511337,0.016815442130159456
50.75854707,0.03982604715037766
50.75860596,0.0354009308003357
50.78260255,0.01924162661173419
50.78268027,0.03689631494621195
50.7827251,0.03887998779278248
50.79666734,0.019226367589837492
50.79674244,0.032562752727550166
50.79679656,0.04269474326695659
50.79685068,0.022247653925383384
50.81952286,0.028198672465094988
50.81955194,0.0439002059967956
50.81957626,0.026153963530937668
50.81959963,0.02401770046540017
50.82353592,0.043717097734035246
50.82358122,0.03105210955977722
50.84154892,0.021423666742961776
50.84157634,0.041794460975051496
50.84354591,0.036285954070344094
50.86957264,0.02029449912260624
50.86960459,0.03820859082932784
50.86962795,0.04040588998245213
50.86964989,0.02102693217364767
50.86967182,0.03405813687342641
50.87566352,0.04397650110627909
50.87575245,0.023529411764705882
50.88949847,0.029388876173037308
50.8895402,0.0456092164492256
50.89590836,0.02798504615854124
50.89596701,0.024826428625925077
50.92055464,0.044922560463874266
50.9224875,0.032608529793240255
50.92254138,0.02288853284504463
50.92257833,0.04303044174868391
50.92261243,0.03747615777828641
50.93276882,0.02107270923933776
50.93287897,0.03892576485847257
50.93295622,0.041214618142977034
50.94651175,0.02191195544365606
50.95649624,0.034576943617914094
50.95654464,0.04386968795300221
50.9689672,0.023529411764705882
50.96910477,0.029022659647516595
50.96918225,0.04457160296025025
50.98248553,0.02677958342870222
50.9825213,0.02371252002746624
50.99659133,0.04327458609903105
50.99666238,0.030640115968566414
50.99671459,0.020355535210193027
50.99676418,0.040207522697795074
51.01200485,0.03509575036240177
51.01212525,0.018814373998626687
51.02164268,0.0366674296177615
51.0217073,0.039719233997100784
51.03357148,0.019348439765011063
51.03364253,0.03181506065461204
51.05759406,0.04206912336919204
51.05765891,0.022003509575036242
51.05769539,0.027237354085603113
51.08264756,0.043045700770580606
51.08274698,0.025680933852140077
51.08281088,0.023102159151598384
51.08285546,0.042542153047989625
51.08290935,0.03079270618753338
51.08297038,0.020233463035019456
51.08454466,0.04019226367589838
51.08458948,0.03546196688792248
51.10883141,0.019226367589837492
51.108953,0.03675898374914168
51.10902786,0.03959716182192721
51.10910034,0.019790951400015258
51.10916853,0.03189135576409552
51.1236825,0.042084382391088734
51.12379241,0.021942473487449453
51.13360834,0.027100022888532846
51.13366532,0.04341191729610132
51.14321136,0.0255893797207599
51.14327359,0.022705424582284275
51.16571641,0.042420080872816054
51.1658318,0.030243381399252308
51.16763663,0.020019836728465707
51.16771078,0.04005493247882811
51.16777754,0.0349736781872282
51.18164659,0.018402380407415885
51.18168831,0.03622491798275731
51.18947625,0.03904783703364614
51.20377946,0.01931792172121767
51.20391726,0.031448844129091325
51.20399427,0.041840238040741586
51.21749949,0.021759365224689096
51.21753812,0.0268711375600824
51.23147297,0.042923628595407035
51.2315104,0.02566567483024338
51.23154092,0.02288853284504463
51.23157024,0.04260318913557641
51.24677968,0.030472266727702754
51.24691677,0.020035095750362403
51.25961757,0.04068055237659266
51.25969458,0.03683527885862516
51.26615071,0.02029449912260624
51.26626039,0.037247272449835965
51.26633716,0.04058899824521248
51.27963638,0.02191195544365606
51.27966452,0.03407339589532311
51.30358171,0.04397650110627909
51.30360913,0.023422598611429007
51.3036325,0.0277103837644007
51.30704832,0.04374761577782864
51.31309199,0.02594033722438392
51.3132112,0.022491798275730526
51.32054043,0.04182497901884489
51.3206017,0.02951094834821088
51.34491754,0.018600747692072938
51.34503961,0.03887998779278248
51.34694242,0.03434805828946365
51.34700966,0.017669947356374456
51.35966015,0.03509575036240177
51.3597374,0.038452735179674985
51.35977316,0.018265049210345618
51.35980749,0.030411230640115968
51.36992025,0.040833142595559625
51.3789258,0.021728847180895704
51.37904644,0.028900587472343024
51.392802,0.04797436484321355
51.39289498,0.032898451209277486
51.41572094,0.03433279926756695
51.41582298,0.05938811322194247
51.41753244,0.04324406805523766
51.41759181,0.019226367589837492
51.41768169,0.02832074464026856
51.4177618,0.022064545662623027
51.43255329,0.008300907911802853
51.43262458,0.02392614633401999
51.43267918,0.03904783703364614
51.44493246,0.02111848630502785
51.44505453,0.025558861676966506
51.45875382,0.041672388799877925
51.45881438,0.02442969405661097
51.48259902,0.021042191195544367
51.48267508,0.041260395208667124
51.48272038,0.029724574654764628
51.48276186,0.018692301823453116
51.48955941,0.03887998779278248
51.48962164,0.03462272068360418
51.49853182,0.01799038681620508
51.4986043,0.03517204547188525
51.50366926,0.039002059967956054
51.51755404,0.01910429541466392
51.51763034,0.03091477836270695
51.54193306,0.04206912336919204
51.54205275,0.02221713588158999
51.54781437,0.02652018005645838
51.54795694,0.04335088120851453
51.56054139,0.02627603570611124
51.56058574,0.022827496757457846
51.56062078,0.042877851529716945
51.5606544,0.03129625391012436
51.56997418,0.020309758144502938
51.5700748,0.040497444113832305
51.57014942,0.03671320668345159
51.5834713,0.019943541618982222
51.58350205,0.03727779049362936
51.60774517,0.04090943770504311
51.60786939,0.021225299458304724
51.60794878,0.03300526436255436
51.60802317,0.04377813382162203
51.61165571,0.0234531166552224
51.6117084,0.02789349202716106
51.62362289,0.04455634393835355
51.62369895,0.027344167238879988
51.63772631,0.02357518883039597
51.63782573,0.043427176317998015
51.65259647,0.03205920500495918
51.65268397,0.02076752880140383
51.66668463,0.04026855878538186
51.66678786,0.03665217059586481
51.66686559,0.019333180743114367
51.66693854,0.03573662928206302
51.67694902,0.03939879453727016
51.67706943,0.019424734874494545
51.68960714,0.030502784771496146
51.68968296,0.041718165865568015
51.69455719,0.021438925764858473
51.69461656,0.025268940260929275
51.70894527,0.04219119554436561
51.7226069,0.025391012436102846
51.72268414,0.021515220874341955
51.73056078,0.041382467383840695
51.73061848,0.03019760433356222
51.73251581,0.01879911497672999
51.73257089,0.038803692683299
51.74675131,0.035080491340505074
51.74685311,0.01808194094758526
51.75485516,0.03480582894636454
51.75491714,0.0392156862745098
51.77783179,0.019546807049668116
51.77793336,0.03036545357442588
51.77800727,0.041962310215915156
51.79256868,0.02226291294728008
51.79263091,0.02578774700541695
51.79266477,0.04286259250782025
51.79269576,0.026031891355764097
51.79449272,0.021988250553139545
51.79452372,0.041840238040741586
51.80900788,0.030807965209430077
51.80912638,0.019333180743114367
51.82358503,0.039337758449683374
51.82364941,0.03561455710688945
51.84680843,0.018432898451209278
51.84692836,0.035324635690852216
51.84700251,0.03910887312123293
51.84708762,0.01931792172121767
51.84720087,0.030472266727702754
51.85851669,0.041931792172121764
51.85855794,0.02214084077210651
51.86454344,0.025803006027313648
51.8645916,0.04261844815747311
51.87901759,0.02610818646524758
51.87913799,0.022018768596932938
51.89251161,0.041794460975051496
51.89254999,0.03131151293202106
51.91746378,0.01943999389639124
51.91748953,0.039246204318303196
51.91751361,0.035538261997405965
51.92964935,0.01863126573586633
51.92972302,0.03544670786602579
51.93902445,0.03993286030365453
51.93905091,0.019806210421911954
51.94455481,0.03091477836270695
51.94457841,0.04301518272678721
51.94460058,0.02392614633401999
51.94462228,0.027573052567330433
51.96855807,0.04432745860990311
51.96858263,0.027908751049057757
51.97481656,0.024216067750057222
51.9749918,0.045014114595254444
51.98856831,0.03401235980773632
51.98863602,0.02145418478675517
51.98866868,0.04074158846417945
51.98869872,0.03698786907759213
52.0039916,0.019165331502250707
52.00413632,0.03567559319447623
52.00897598,0.039841306172274354
52.00913858,0.019333180743114367
52.0326314,0.03006027313649195
52.03273273,0.042038605325398645
52.03278899,0.022339208056763562
52.03283954,0.025406271457999542
52.03288913,0.042801556420233464
52.04737449,0.026367589837491417
52.04750848,0.021728847180895704
52.06414962,0.04165712977798123
52.06419683,0.031189440756847486
52.06549978,0.0196078431372549
52.06553364,0.041718165865568015
52.07992554,0.04118410009918364
52.08001924,0.025650415808346684
52.10251474,0.046051728084229804
52.10255933,0.0575417715724422
52.10259032,0.035492484931715876
52.10261893,0.03462272068360418
52.10264683,0.034241245136186774
52.11263585,0.01014724956130312
52.11270905,0.010742351415274281
52.11278248,0.031525139238574806
52.12548685,0.032990005340657665
52.12551427,0.01824979018844892
52.13649249,0.035660334172579536
52.13652086,0.03976501106279087
52.14846683,0.019501029983978027
52.14849544,0.03019760433356222
52.16249871,0.04251163500419623
52.16252613,0.02285801480125124
52.16254973,0.026153963530937668
52.16257358,0.04370183871213855
52.17788005,0.027618829633020522
52.17795777,0.02285801480125124
52.20159197,0.042969405661097124
52.20167136,0.03280689707789731
52.20172668,0.020706492713817044
52.20177746,0.040497444113832305
52.22693777,0.03761348897535668
52.22700691,0.02017242694743267
52.22704601,0.03694209201190204
52.22708201,0.04187075608453498
52.2285316,0.02186617837796597
52.22856283,0.032532234683756774
52.23786926,0.04486152437628748
52.24680948,0.024780651560234988
52.24693346,0.027969787136644542
52.26998186,0.045914396887159536
52.270046,0.029846646829938202
52.28357697,0.024490730144197757
52.28365302,0.04473945220111391
52.28370047,0.03511100938429847
52.28374219,0.02276646066987106
52.30816483,0.04228274967574579
52.30825186,0.03970397497520409
52.30832076,0.021942473487449453
52.30838728,0.03810177767605097
52.31857538,0.04345769436179141
52.31864572,0.022827496757457846
52.31869054,0.03318837262531472
52.33108711,0.045593957427328906
52.33112669,0.025696192874036773
52.3446188,0.028198672465094988
52.3446734,0.04594491493095293
52.35353899,0.0294193942168307
52.35358691,0.023773556115053024
52.35362935,0.04397650110627909
52.35367084,0.03356984817273213
52.3685174,0.02076752880140383
52.36855674,0.040161745632104985
52.36858654,0.03749141680018311
52.37849689,0.019623102159151598
52.37852287,0.03584344243533989
52.40263224,0.04115358205539025
52.40269113,0.020904859998474096
52.40273333,0.03100633249408713
52.40277433,0.043472953383688104
52.41452193,0.023636224917982757
52.41456556,0.02627603570611124
52.42349124,0.04379339284351873
52.42351794,0.027954528114747846
52.43250084,0.022781719691767757
52.4325366,0.042832074464026856
52.44772792,0.032990005340657665
52.44790554,0.02059967956054017
52.47099257,0.0401007095445182
52.47106838,0.037796597238117034
52.47246337,0.019684138246738384
52.4724915,0.03588921950102998
52.47251511,0.041504539559014265
52.47253895,0.021332112611581598
52.48768044,0.03134203097581445
52.48776817,0.043762874799725335
52.50099039,0.02401770046540017
52.50106144,0.02652018005645838
52.50573635,0.04419012741283284
52.53183556,0.028290226596475166
52.53190017,0.022674906538490882
52.53193498,0.042969405661097124
52.53196788,0.03334096284428168
52.53950238,0.020233463035019456
52.53955269,0.039795529106584265
52.53960204,0.037918669413290605
52.53964925,0.019623102159151598
52.5546279,0.03556878004119936
52.55470228,0.04107728694590677
52.57204914,0.020920119020370793
52.57209206,0.030670634012359806
52.57762766,0.0435034714274815
52.59061599,0.023865110246433202
52.59069395,0.026321812771801328
52.59554887,0.04415960936903945
52.59559774,0.02801556420233463
52.60470128,0.022354467078660258
52.60473633,0.042664225223163196
52.61087537,0.03314259555962463
52.61093044,0.020019836728465707
52.62460637,0.03955138475623712
52.62467122,0.03784237430380712
52.64859462,0.020187685969329367
52.64865685,0.03701838712138552
52.64869952,0.04284733348592355
52.64874053,0.02230869001297017
52.64878058,0.03205920500495918
52.65448785,0.04538033112077516
52.65451622,0.026489662012664988
52.67048955,0.02844281681544213
52.67051768,0.04589913786526284
52.67454743,0.029449912260624093
52.67457175,0.022964827954528116
52.69851065,0.0426489662012665
52.69854212,0.033203631647211414
52.69856644,0.0200503547722591
52.69859123,0.03901731898985275
52.69861484,0.03637750820172427
52.71655464,0.01824979018844892
52.71657872,0.03407339589532311
52.71660113,0.03949034866865034
52.73049235,0.019928282597085525
52.73053956,0.029266803997863737
52.7447834,0.042374303807125965
52.74487901,0.02294956893263142
52.75855374,0.024795910582131684
52.75865126,0.0417792019531548
52.77257442,0.028641184100099183
52.77265477,0.025391012436102846
52.77271056,0.04769970244907301
52.77776337,0.04107728694590677
52.77787209,0.034119172961013196
52.79456902,0.054612039368276494
52.79465675,0.04571602960250248
52.79469562,0.014038300144960708
52.80447459,0.018112458991378654
52.81896639,0.030624856946669717
52.8190937,0.014602883955138476
52.81917048,0.015518425268940261
52.82446384,0.03936827649347677
52.82449865,0.03179980163271534
52.83345556,0.018616006713969634
52.83348107,0.03765926604104677
52.83845258,0.03595025558861677
52.84754419,0.017715724422064545
52.85552049,0.03363088426031891
52.85558033,0.040039673456931414
52.86961079,0.01982146944380865
52.8697114,0.02929732204165713
52.86978483,0.042633707179369804
52.89350462,0.023193713282978562
52.89353085,0.024902723735408562
52.9074986,0.04344243533989471
52.90752482,0.027557793545433737
52.90754867,0.021499961852445258
52.90757227,0.04187075608453498
52.92449355,0.03263904783703365
52.92454338,0.019684138246738384
52.93350124,0.03904783703364614
52.93354535,0.03755245288776989
52.94251609,0.01943999389639124
52.94256401,0.035156786449988556
52.95568943,0.04127565423056382
52.95576477,0.021164263370717938
52.96957374,0.030899519340810255
52.96963501,0.04385442893110551
52.96967793,0.024490730144197757
52.96971965,0.026550698100251773
52.9697597,0.044922560463874266
52.97967601,0.0294193942168307
52.97977638,0.02293430991073472
52.99351573,0.042999923704890516
52.99358296,0.03414969100480659
53.0079515,0.02050812542915999
53.00803161,0.03985656519417105
53.02064562,0.038574807354848556
53.0207119,0.02009613183794919
53.0225203,0.035370412756542305
53.02257013,0.04141298542763409
53.03450036,0.020965896086060882
53.03456211,0.029999237048905166
53.03460813,0.04303044174868391
53.04983902,0.023422598611429007
53.04993916,0.02481116960402838
53.05659962,0.04274052033264668
53.05667877,0.027069504844739453
53.06958437,0.02050812542915999
53.06964278,0.04060425726710918
53.08400083,0.031860837720302126
53.08411956,0.017959868772411687
53.08874512,0.037293049515526054
53.08882332,0.03613336385137713
53.10259295,0.01773098344396124
53.1026516,0.033447775997558556
53.10269427,0.039749752040894176
53.11261797,0.019226367589837492
53.1126945,0.028198672465094988
53.13591409,0.04200808728160525
53.13599086,0.022827496757457846
53.13755178,0.02401770046540017
53.13759065,0.04228274967574579
53.1471436,0.026886396581979097
53.14726424,0.02050812542915999
53.15281582,0.04098573281452659
53.15286851,0.031967650873579
53.16548395,0.018402380407415885
53.16551495,0.0379339284351873
53.16745877,0.036408026245517665
53.1805501,0.01812771801327535
53.18057537,0.03376821545738918
53.19648528,0.040039673456931414
53.19651175,0.01948577096208133
53.20349073,0.0285648889906157
53.20974231,0.04190127412832837
53.20983481,0.02230869001297017
53.2189517,0.02371252002746624
53.21908951,0.04206912336919204
53.23255682,0.02652018005645838
53.23262167,0.020035095750362403
53.23266673,0.040207522697795074
53.2597394,0.03170824750133516
53.25983429,0.018310826276035707
53.25988126,0.0375219348439765
53.2599225,0.03614862287327383
53.26755261,0.0174868390936141
53.26761341,0.03300526436255436
53.2769506,0.03872739757381552
53.27707219,0.01910429541466392
53.29111576,0.028076600289921417
53.29119277,0.04180971999694819
53.31398892,0.022507057297627222
53.3141129,0.023590447852292667
53.31418657,0.04205386434729534
53.32788372,0.02703898680094606
53.32797432,0.02072175173571374
53.33454895,0.04170290684367132
53.3346045,0.03317311360341802
53.35855985,0.019226367589837492
53.35863662,0.038406958113984896
53.35868263,0.03820859082932784
53.35872483,0.020462348363469902
53.37312698,0.03573662928206302
53.37318373,0.04170290684367132
53.37322593,0.02072175173571374
53.37326479,0.028976882581826506
53.37864161,0.04231326771953918
53.39313126,0.022674906538490882
53.39320827,0.023559929808499275
53.3932538,0.041046768902113374
53.39329481,0.025635156786449988
53.40055418,0.01910429541466392
53.40060115,0.03961242084382391
53.40986013,0.03088426031891356
53.40997529,0.017578393224994278
53.42561078,0.03682001983672847
53.42569757,0.03567559319447623
53.42855978,0.017059586480506598
53.42860413,0.032486457618066684
53.45275855,0.03904783703364614
53.45293975,0.0200503547722591
53.45298648,0.03176928358892195
53.46438885,0.047516594186312655
53.46444798,0.030807965209430077
53.46448255,0.03790341039139391
53.46451521,0.05812161440451667
53.48148417,0.03598077363241016
53.48150945,0.015640497444113832
53.48153234,0.028046082246128024
53.48155546,0.01991302357518883
53.50955224,0.009796292057679103
53.50957823,0.027145799954222935
53.5096004,0.03767452506294346
53.52456784,0.01867704280155642
53.52462721,0.026794842450598915
53.52465963,0.04101625085831998
53.52468991,0.02186617837796597
53.53248549,0.023041123064011598
53.53251171,0.041214618142977034
53.54555178,0.02613870450904097
53.54557657,0.01957732509346151
53.55276132,0.040619516289005876
53.55278969,0.03210498207064927
53.57657051,0.018204013122758832
53.57659531,0.03726253147173266
53.57661772,0.03659113450827802
53.58355141,0.0183413443198291
53.58357477,0.03341725795376516
53.58947206,0.0400854505226215
53.58949709,0.020233463035019456
53.59848213,0.029114213778896773
53.59850693,0.04278629739833677
53.61259651,0.023422598611429007
53.61262059,0.02481116960402838
53.62547231,0.043167772945754176
53.62549758,0.02839703974975204
53.64983106,0.021637293049515526
53.64986873,0.041962310215915156
53.65163827,0.03372243839169909
53.65170026,0.020019836728465707
53.65174031,0.03909361409933623
53.65177989,0.03872739757381552
53.66755176,0.020080872816052493
53.66760349,0.03494316014343481
53.67698097,0.04205386434729534
53.67712259,0.02178988326848249
53.69155407,0.030350194552529183
53.69163156,0.04414435034714275
53.71393943,0.0247348744945449
53.71406054,0.02549782558937972
53.71413851,0.04335088120851453
53.71593666,0.02912947280079347
53.71605992,0.021606775005722133
53.72358298,0.04170290684367132
53.72365808,0.033234149691004806
53.73259544,0.0191958495460441
53.73265553,0.03797970550087739
53.75562882,0.03723201342793927
53.75570369,0.018066681925688565
53.75949502,0.032730601968413826
53.75955367,0.039627679865720605
53.77168155,0.01940947585259785
53.77178192,0.028030823224231328
53.77185917,0.0417792019531548
53.78102756,0.02255283436331731
53.78114772,0.02337682154573892
53.78957248,0.0417792019531548
53.78964806,0.027008468757152668
53.80360961,0.01998931868467231
53.8037076,0.04029907682917525
53.82757354,0.03210498207064927
53.82765007,0.0183413443198291
53.84177899,0.03733882658121614
53.84188104,0.036575875486381325
53.84195662,0.017975127794308383
53.84202528,0.03297474631876097
53.84999895,0.04026855878538186
53.85859466,0.020309758144502938
53.85867095,0.02848859388113222
53.85871577,0.04238956282902266
53.85875726,0.023392080567635615
53.87248182,0.024322880903334097
53.87250805,0.042710002288853285
53.89557934,0.027908751049057757
53.8956461,0.020660715648126955
53.89759398,0.04074158846417945
53.89763141,0.03250171663996338
53.90882754,0.018356603341725796
53.90892625,0.03738460364690623
53.9090023,0.03706416418707561
53.90907049,0.018051422903791865
53.92349887,0.032776379034103915
53.92357492,0.04022278171969177
53.93750739,0.020035095750362403
53.93757248,0.028366521705958648
53.95174837,0.042496375982299536
53.95187759,0.023346303501945526
53.95758533,0.023682001983672846
53.95766377,0.04217593652246891
53.96653152,0.02775616083009079
53.96662712,0.02072175173571374
53.9666729,0.041718165865568015
53.97850823,0.03398184176394293
53.97857356,0.019974059662775615
53.99298263,0.038910505836575876
53.99312115,0.03863584344243534
54.00650716,0.020447089341573205
54.00656509,0.03598077363241016
54.01981735,0.04312199588006409
54.01988935,0.02247653925383383
54.01996183,0.02954146639200427
54.02003312,0.04370183871213855
54.03438807,0.023697261005569542
54.03446937,0.024124513618677044
54.03450704,0.04260318913557641
54.04862261,0.027405203326466773
54.04869938,0.019790951400015258
54.0727613,0.04023804074158847
54.07284093,0.03237964446478981
54.07288623,0.018280308232242314
54.07292461,0.03723201342793927
54.07452774,0.03717097734035248
54.07457447,0.018204013122758832
54.08896303,0.03302052338445106
54.08908415,0.04029907682917525
54.09758019,0.019897764553292133
54.09765649,0.029404135194934004
54.10351968,0.04643320363164721
54.11697435,0.029846646829938202
54.11709356,0.033157854581521325
54.12960243,0.057068741893644616
54.1296792,0.04544136720836194
54.137923,0.029739833676661324
54.13798475,0.03733882658121614
54.14485168,0.02178988326848249
54.14491439,0.007339589532310979
54.15361142,0.024200808728160526
54.15368414,0.03509575036240177
54.16754246,0.01765468833447776
54.16760373,0.027725642786297397
54.18227243,0.042298008697642483
54.18957806,0.02299534599832151
54.18962836,0.023559929808499275
54.19857168,0.04238956282902266
54.19863248,0.027771419851987486
54.19866538,0.020538643472953384
54.19869733,0.041168841077286945
54.21367192,0.03309681849393454
54.21376801,0.018982223239490347
54.22001505,0.03820859082932784
54.22016191,0.037964446478980694
54.24387932,0.019287403677424278
54.24395633,0.03401235980773632
54.26758528,0.041336690318150605
54.26764941,0.02136263065537499
54.26768684,0.02981612878614481
54.2677207,0.04379339284351873
54.26775312,0.024887464713511862
54.28049636,0.025513084611276417
54.28052187,0.04426642252231632
54.280545,0.029877164873731595
54.28056788,0.022491798275730526
54.29746437,0.043045700770580606
54.29748988,0.035370412756542305
54.29946828,0.021255817502098116
54.29949856,0.04029907682917525
54.30446148,0.04039063096055543
54.32848859,0.021606775005722133
54.32851553,0.03634699015793088
54.32853889,0.04374761577782864
54.3435638,0.023468375677119097
54.34364367,0.031692988479438466
54.34368682,0.04550240329594873
54.34372854,0.026214999618524453
54.35355353,0.027069504844739453
54.35361791,0.044922560463874266
54.36753345,0.03091477836270695
54.36761928,0.022674906538490882
54.36766577,0.042969405661097124
54.39258361,0.0349584191653315
54.39267111,0.020447089341573205
54.39271832,0.03897154192416266
54.39276028,0.038498512245365074
54.40256858,0.019302662699320974
54.40264487,0.033875028610666054
54.41051435,0.04119935912108034
54.41059661,0.02093537804226749
54.41991282,0.028885328450446328
54.4200983,0.04303044174868391
54.42021227,0.023987182421606777
54.43351197,0.02409399557488365
54.43354678,0.04255741206988632
54.45876098,0.028198672465094988
54.45888376,0.02102693217364767
54.45895696,0.04127565423056382
54.45902491,0.03335622186617838
54.4655273,0.019058518348973832
54.46560216,0.038117036697947665
54.47966838,0.03872739757381552
54.47971392,0.019302662699320974
54.49671388,0.03390554665445945
54.49675012,0.0413519493400473
54.49915361,0.021164263370717938
54.4991858,0.029312581063553826
54.52273536,0.0435034714274815
54.52280688,0.024658579385061417
54.52286196,0.024719615472648202
54.52458715,0.04327458609903105
54.52461886,0.029022659647516595
54.53355122,0.021438925764858473
54.53360271,0.041763942931258104
54.54349661,0.033997100785839625
54.54352999,0.01936369878690776
54.5676055,0.03801022354467078
54.56768084,0.03810177767605097
54.57252216,0.019470511940184634
54.57256818,0.03433279926756695
54.57260394,0.04187075608453498
54.58051229,0.02067597467002365
54.58054543,0.02868696116578927
54.5908556,0.042999923704890516
54.59097695,0.024444953078507668
54.59858918,0.02491798275730526
54.59866595,0.04406805523765927
54.61251616,0.03039597161821927
54.61255646,0.023147936217288473
54.6355927,0.042969405661097124
54.63566995,0.03518730449378195
54.64616871,0.021484702830548562
54.64620256,0.040833142595559625
54.6462357,0.04013122758831159
54.66846848,0.02076752880140383
54.66849613,0.03527885862516213
54.66852093,0.04238956282902266
54.66854405,0.021271076523994813
54.69393921,0.02887006942854963
54.69398046,0.042877851529716945
54.69401503,0.02374303807125963
54.69404912,0.023636224917982757
54.69408131,0.04226749065384909
54.69411659,0.027618829633020522
54.70848989,0.020187685969329367
54.70851827,0.040619516289005876
54.70854211,0.033234149691004806
54.70856524,0.019134813458457314
54.72389054,0.03802548256656748
54.72401404,0.03854428931105516
54.73276615,0.01889066910811017
54.73284459,0.0357976653696498
54.7615633,0.04693675135423819
54.76164556,0.029221026932173648
54.76169562,0.04127565423056382
54.76174068,0.060746166170748454
54.76345944,0.041290913252460516
54.76350832,0.02865644312199588
54.77049112,0.03459220263981079
54.7835021,0.016006713969634545
54.78355217,0.010009918364232854
54.78359652,0.030014496070801863
54.78363681,0.0345616845960174
54.79899907,0.01829556725413901
54.79907918,0.03329518577859159
54.82258368,0.040619516289005876
54.82264495,0.020462348363469902
54.82268929,0.02865644312199588
54.82272935,0.042801556420233464
54.83253813,0.023682001983672846
54.83259892,0.023773556115053024
54.83264542,0.04286259250782025
54.84749103,0.028641184100099183
54.84754109,0.021301594567788205
54.85669899,0.04080262455176623
54.85677338,0.03398184176394293
54.87951016,0.019714656290531776
54.8795557,0.03854428931105516
54.87958717,0.03889524681467918
54.87962127,0.019958800640878918
54.8896842,0.034317540245670256
54.88973498,0.04219119554436561
54.90353251,0.02221713588158999
54.90359545,0.029846646829938202
54.90363216,0.04406805523765927
54.91653776,0.025818265049210344
54.91660881,0.025925078202487222
54.94070601,0.045014114595254444
54.94078517,0.031097886625467308
54.94850826,0.023224231326771955
54.94854355,0.04362554360265507
54.94856858,0.0362554360265507
54.94859219,0.021927214465552756
54.97254729,0.040711070420386054
54.97261214,0.040787365529869536
54.97264838,0.021637293049515526
54.97268295,0.03559929808499275
54.97271419,0.04336614023041123
54.97952604,0.02337682154573892
54.97956944,0.03137254901960784
54.98863816,0.04553292133974212
54.98877478,0.026169222552834364
55.01254869,0.025909819180590526
55.01260591,0.044708934157320517
55.0126369,0.030075532158388648
55.01266575,0.022018768596932938
55.02795339,0.042420080872816054
55.02803349,0.03447013046463722
55.02807951,0.01953154802777142
55.02812099,0.0379339284351873
55.03753471,0.03797970550087739
55.04847002,0.019165331502250707
55.04849958,0.03363088426031891
55.05445933,0.041290913252460516
55.07867146,0.02067597467002365
55.0787735,0.02868696116578927
55.07882857,0.04269474326695659
55.07887959,0.02406347753109026
55.08562779,0.02435339894712749
55.0857389,0.04289311055161364
55.10051894,0.02839703974975204
55.10060644,0.021011673151750974
55.10065246,0.04156557564660105
55.11459899,0.033875028610666054
55.1147902,0.019165331502250707
55.12861133,0.03817807278553445
55.1287024,0.03871213855191882
55.14256334,0.019623102159151598
55.14264083,0.034119172961013196
55.1476419,0.041596093690394444
55.14771485,0.02136263065537499
55.15356565,0.028885328450446328
55.15361476,0.04455634393835355
55.16764498,0.02494850080109865
55.16771269,0.024902723735408562
55.1677587,0.04353398947127489
55.18284965,0.028854810406652935
55.18295145,0.0208896009765774
55.20575523,0.04122987716487373
55.20585489,0.034119172961013196
55.20748472,0.019790951400015258
55.20752907,0.0379339284351873
55.21353149,0.03826962691691463
55.21359229,0.020111390859845885
55.22083521,0.0354009308003357
55.22091436,0.04367132066834516
55.2353723,0.02293430991073472
55.23544884,0.03019760433356222
55.24049401,0.04510566872663462
55.26456976,0.027222095063706417
55.26464677,0.027283131151293202
55.26469183,0.04527351796749828
55.26473308,0.03036545357442588
55.26477385,0.021988250553139545
55.26481414,0.041672388799877925
55.27969813,0.034271763179980166
55.27979755,0.019043259327077136
55.28477383,0.03715571831845579
55.28487325,0.03701838712138552
55.30860019,0.018005645838101776
55.3086884,0.0324101625085832
55.30874205,0.04039063096055543
55.3237834,0.02029449912260624
55.32393599,0.027862973983367668
55.32401037,0.04260318913557641
55.32407761,0.023804074158846417
55.3337276,0.023422598611429007
55.33377099,0.042038605325398645
55.34248114,0.028854810406652935
55.34250569,0.024216067750057222
55.35354161,0.04753185320820935
55.35356426,0.0435034714274815
55.37448335,0.035034714274814985
55.37750936,0.05804531929503319
55.37757015,0.052140077821011675
55.3844943,0.01846341649500267
55.38451886,0.02124055848020142
55.38948107,0.02746623941405356
55.38950109,0.010666056305790799
55.40017676,0.017380025940337225
55.40021658,0.04074158846417945
55.41271091,0.02844281681544213
55.4128108,0.020325017166399634
55.42702866,0.03999389639124132
55.42718196,0.03259327077134356
55.43957353,0.018600747692072938
55.43963432,0.03694209201190204
55.43967938,0.03739986266880293
55.43972135,0.018524452582589456
55.43976188,0.03314259555962463
55.4545579,0.041092545967803464
55.46872759,0.020614938582436865
55.46887517,0.028580148012512397
55.47450447,0.043335622186617836
55.4745841,0.024826428625925077
55.49879026,0.024551766231784542
55.49892807,0.043259327077134355
55.49900436,0.029571984435797664
55.49907303,0.021637293049515526
55.49914002,0.04191653315022507
55.51359463,0.03476005188067445
55.51366949,0.020019836728465707
55.52255082,0.03889524681467918
55.52261758,0.039627679865720605
55.53483868,0.020752269779507133
55.53497314,0.03512626840619516
55.55874801,0.04322880903334096
55.5588851,0.023010605020218206
55.55896163,0.03065537499046311
55.55903101,0.04541084916456855
55.5687604,0.02656595712214847
55.56891322,0.02647440299076829
55.56903076,0.04554818036163882
55.59388733,0.03108262760357061
55.59401059,0.022842755779354542
55.59570861,0.04289311055161364
55.59583235,0.035828183413443196
55.5959065,0.021057450217441064
55.59597468,0.03959716182192721
55.61957645,0.03968871595330739
55.61965299,0.020660715648126955
55.62874413,0.0345464255741207
55.6288631,0.042542153047989625
55.64053226,0.02169832913710231
55.64061165,0.028763256275272753
55.64065838,0.04310673685816739
55.64629126,0.024170290684367133
55.64635777,0.02447547112230106
55.65457296,0.04272526131074998
55.65462685,0.028244449530785077
55.70360804,0.020019836728465707
55.70370126,0.040665293354695965
55.70376062,0.03318837262531472
55.70381379,0.018432898451209278
55.70650411,0.037247272449835965
55.70655012,0.03773556115053025
55.70658541,0.018738078889143205
55.70661807,0.03274586099031052
55.70665026,0.04098573281452659
55.71651316,0.020874341954680704
55.7165606,0.028213931486991684
55.71660089,0.04274052033264668
55.71664047,0.02435339894712749
55.73055196,0.024124513618677044
55.73057628,0.04310673685816739
55.75450015,0.028946364538033113
55.75452995,0.020965896086060882
55.75455403,0.041382467383840695
55.75457716,0.03402761882963302
55.76654482,0.018860151064316776
55.77165914,0.037582970931563285
55.77170229,0.037949187457084
55.7795217,0.018997482261387044
55.77955437,0.03352407110704204
55.79355454,0.041596093690394444
55.79358077,0.020813305867093918
55.80938911,0.028534370946822308
55.80944562,0.043335622186617836
55.82049155,0.024490730144197757
55.82052183,0.023956664377813384
55.82247829,0.04290836957351034
55.82250214,0.028717479209582664
55.83104205,0.021316853589684902
55.8310802,0.04217593652246891
55.84446216,0.03533989471274891
55.84450436,0.02055390249485008
55.85874629,0.03897154192416266
55.85885191,0.03938353551537346
55.88251495,0.021515220874341955
55.88259101,0.03616388189517052
55.88262796,0.0439002059967956
55.88266206,0.022537575341420615
55.88451648,0.029312581063553826
55.8845799,0.043213550011444266
55.89887357,0.02439917601281758
55.89899492,0.02409399557488365
55.9006846,0.042298008697642483
55.9135437,0.027725642786297397
55.91361046,0.019592584115358205
55.93753004,0.03978027008468757
55.93759608,0.03254749370565347
55.9376328,0.018020904859998473
55.93766689,0.0366826886396582
55.93947268,0.036743724727244985
55.9395268,0.017639429312581063
55.95367885,0.03201342793926909
55.95377398,0.04026855878538186
55.96779037,0.02043183031967651
55.96791196,0.030548561837186235
55.96798635,0.04808117799649043
55.99278736,0.03205920500495918
55.992908,0.037033646143282216
55.99298382,0.06092927443350881
55.99305248,0.04657053482871748
55.9989872,0.024673838406958113
55.99910712,0.0315403982604715
56.01391244,0.019790951400015258
56.01399255,0.007217517357137408
56.02051759,0.02511635004196231
56.02058458,0.0388189517051957
56.04055309,0.02043183031967651
56.0406332,0.0277103837644007
56.04067993,0.04164187075608453
56.05454898,0.023025864042114902
56.05461311,0.022980086976424813
56.05649757,0.04151979858091096
56.05654526,0.028000305180437935
56.06982851,0.020141908903639278
56.06992292,0.04031433585107195
56.07553959,0.033401998931868467
56.07559967,0.01863126573586633
56.09961843,0.03756771190966659
56.09969568,0.03814755474174106
56.09974146,0.01924162661173419
56.09978628,0.0332646677347982
56.1259644,0.04144350347142748
56.12608361,0.021515220874341955
56.12615871,0.02887006942854963
56.14245915,0.043427176317998015
56.14249015,0.0251621271076524
56.14747238,0.0247348744945449
56.14750671,0.04397650110627909
56.15755892,0.030212863355458915
56.15761352,0.022186617837796598
56.15764666,0.042542153047989625
56.15767694,0.03509575036240177
56.17047048,0.020416571297779813
56.17050123,0.039719233997100784
56.17751241,0.040283817807278556
56.19149828,0.02107270923933776
56.19152737,0.03552300297550927
56.19749975,0.04365606164644846
56.19752407,0.023132677195391776
56.2154963,0.030579079880979628
56.21552801,0.04473945220111391
56.21555185,0.02594033722438392
56.22059417,0.02578774700541695
56.22067261,0.04486152437628748
56.23003292,0.03060959792477302
56.23016882,0.022354467078660258
56.24705887,0.04226749065384909
56.25782514,0.03476005188067445
56.25793505,0.019851987487602044
56.26280427,0.038666361486228734
56.26293898,0.03848325322346838
56.26857996,0.019134813458457314
56.2686584,0.033234149691004806
56.27529192,0.04103150988021668
56.27535558,0.020752269779507133
56.30857658,0.02827496757457847
56.30866146,0.042420080872816054
56.30871677,0.02406347753109026
56.30876875,0.023773556115053024
56.31077123,0.04248111696040284
56.317554,0.028473334859235522
56.317626,0.020630197604333562
56.32360673,0.04080262455176623
56.32368135,0.03358510719462882
56.33762813,0.018982223239490347
56.33772039,0.03785763332570382
56.33777738,0.03846799420157168
56.33783078,0.0191958495460441
56.352741,0.03346303501945525
56.35281348,0.04165712977798123
56.37583447,0.021484702830548562
56.37589836,0.02868696116578927
56.37593412,0.04315251392385748
56.3801074,0.024582284275577935
56.38015437,0.024383916990920882
56.39275599,0.043427176317998015
56.39287949,0.029053177691309988
56.39865065,0.020828564888990615
56.39872861,0.0413519493400473
56.41262197,0.03414969100480659
56.41269755,0.019134813458457314
56.4257741,0.03799496452277409
56.42584491,0.038620584420538645
56.44959641,0.01936369878690776
56.4496696,0.033447775997558556
56.44970632,0.04127565423056382
56.45793462,0.021057450217441064
56.45803404,0.02887006942854963
56.45810866,0.043472953383688104
56.4581778,0.024322880903334097
56.480515,0.024338139925230793
56.48054886,0.04353398947127489
56.48246503,0.029053177691309988
56.48249006,0.021179522392614634
56.50858116,0.042587930113679714
56.50865197,0.035706111238269625
56.50869036,0.020813305867093918
56.50872469,0.03904783703364614
56.50875735,0.03936827649347677
56.50878954,0.021545738918135347
56.52264428,0.03607232776379034
56.52275038,0.04382391088731212
56.53675628,0.023086900129701687
56.53688407,0.029953459983215077
56.53693891,0.0439154650186923
56.54984784,0.02520790417334249
56.56409931,0.024719615472648202
56.56423736,0.042801556420233464
56.56880236,0.028213931486991684
56.56894231,0.020019836728465707
56.5690186,0.04005493247882811
56.58759236,0.033279926756694896
56.58767915,0.01872281986724651
56.5877347,0.037415121690699625
56.58778596,0.03817807278553445
56.60296082,0.018646524757763027
56.60314012,0.03279163805600061
56.62681961,0.040924696726939803
56.62694073,0.021225299458304724
56.62701559,0.03131151293202106
56.62709808,0.04827954528114748
56.62861609,0.0315403982604715
56.6286695,0.03514152742809186
56.6375885,0.06045624475471122
56.64742017,0.04455634393835355
56.64748669,0.024002441443503473
56.65983248,0.03201342793926909
56.65991211,0.02072175173571374
56.68355656,0.008072022583352408
56.68364477,0.025818265049210344
56.6836915,0.03898680094605936
56.68373322,0.020965896086060882
56.6855166,0.02883955138475624
56.68556738,0.042298008697642483
56.69958615,0.023422598611429007
56.699651,0.02362096589608606
56.6996963,0.04277103837644007
56.70957923,0.028824292362859542
56.7096591,0.020996414129854278
56.73383665,0.04110780498970016
56.73396206,0.03407339589532311
56.73403668,0.019546807049668116
56.7341063,0.038406958113984896
56.74861836,0.03898680094605936
56.74871683,0.019592584115358205
56.74875569,0.03401235980773632
56.74879122,0.042038605325398645
56.76684141,0.02178988326848249
56.76696157,0.029602502479591057
56.76703525,0.04432745860990311
56.79076099,0.025680933852140077
56.79088092,0.025360494392309453
56.80466604,0.044510566872663464
56.80475926,0.030457007705806057
56.81544399,0.022629129472800793
56.81549025,0.04341191729610132
56.82801867,0.03564507515068284
56.82813907,0.02093537804226749
56.82821274,0.04005493247882811
56.82828021,0.04040588998245213
56.84058905,0.021149004348821242
56.84065557,0.03564507515068284
56.84069109,0.04374761577782864
56.84843493,0.02333104448004883
56.84849381,0.03088426031891356
56.87491393,0.04528877698939498
56.87499022,0.026413366903181506
56.87504721,0.02627603570611124
56.87508988,0.04512092774853132
56.8855474,0.030716411078049895
56.88559294,0.022629129472800793
56.8875308,0.042755779354543375
56.88757133,0.03492790112153811
56.9005568,0.020111390859845885
56.90058541,0.03889524681467918
56.90265346,0.03860532539864195
56.91550994,0.01948577096208133
56.91553688,0.03364614328221561
56.9295013,0.04119935912108034
56.92952704,0.020737010757610436
56.94346952,0.02835126268406195
56.9434967,0.04248111696040284
56.94352078,0.023819333180743113
56.94354391,0.023697261005569542
56.95849085,0.04269474326695659
56.95851612,0.028641184100099183
56.96461606,0.020904859998474096
56.9646647,0.041214618142977034
56.98514509,0.03350881208514534
56.98518729,0.019028000305180436
56.99850416,0.037918669413290605
56.99855232,0.038117036697947665
57.00637412,0.019119554436560618
57.00642276,0.03376821545738918
57.01122856,0.04158083466849775
57.01126695,0.021210040436408027
57.01953721,0.02903791866941329
57.01959467,0.04336614023041123
57.01964617,0.024444953078507668
57.03447604,0.024292362859540704
57.03450561,0.04328984512092775
57.0475173,0.02883955138475624
57.04757404,0.02093537804226749
57.07500839,0.041596093690394444
57.0750711,0.033829251544975965
57.07510304,0.019043259327077136
57.07513237,0.03768978408484016
57.07516074,0.03814755474174106
57.07518864,0.018951705195696954
57.08778071,0.033371480888075074
57.08787847,0.041260395208667124
57.10052252,0.020752269779507133
57.10056067,0.028503852903028915
57.1095233,0.042969405661097124
57.13358569,0.024078736552986955
57.13364863,0.02418554970626383
57.13368297,0.04319829098954757
57.13371515,0.028595407034409093
57.14874434,0.020706492713817044
57.14881635,0.04127565423056382
57.14887071,0.033661402304112305
57.14892054,0.018768596932936598
57.17254877,0.03768978408484016
57.17259431,0.03788815136949721
57.17262053,0.019546807049668116
57.17264414,0.034821087968261236
57.18750572,0.04261844815747311
57.18753004,0.022034027618829635
57.18755293,0.02975509269855802
57.20120263,0.044586861982146946
57.20125031,0.02635233081559472
57.20953012,0.026428625925078202
57.20956755,0.04483100633249409
57.21558928,0.029877164873731595
57.21564412,0.021805142290379186
57.22279954,0.04144350347142748
57.22295332,0.0336919203479057
57.23553371,0.01879911497672999
57.23557568,0.03692683299000534
57.2410233,0.0366826886396582
57.26052356,0.01803616388189517
57.26055431,0.03262378881513695
57.26349568,0.04007019150072481
57.26352048,0.019897764553292133
57.27050328,0.02784771496147097
57.27052927,0.04217593652246891
57.27550483,0.023392080567635615
57.27552962,0.023422598611429007
57.28953385,0.04217593652246891
57.29852366,0.028595407034409093
57.2985723,0.023559929808499275
57.2986052,0.04620431830319677
57.32181144,0.04057373922331579
57.32192373,0.03105210955977722
57.32955337,0.054352635996032655
57.32960272,0.04925612268253605
57.3296392,0.01701380941481651
57.32967377,0.021713588158999007
57.34499812,0.028244449530785077
57.3451097,0.011413748378728923
57.35395694,0.018066681925688565
57.35409379,0.040375371938658734
57.36757874,0.027725642786297397
57.36766577,0.020248722056916153
57.36771202,0.039887083237964444
57.38581872,0.032394903486686506
57.38590026,0.018326085297932403
57.3955071,0.03738460364690623
57.39555287,0.03706416418707561
57.40457249,0.018432898451209278
57.40464568,0.03329518577859159
57.40972114,0.04098573281452659
57.40979338,0.02059967956054017
57.41899419,0.028671702143892575
57.41911697,0.04252689402609293
57.44286704,0.024124513618677044
57.44297147,0.024322880903334097
57.44302702,0.04312199588006409
57.44307733,0.028717479209582664
57.44312739,0.021164263370717938
57.45762324,0.04174868390936141
57.45770001,0.03401235980773632
57.46558404,0.019546807049668116
57.46564388,0.03854428931105516
57.47461843,0.03871213855191882
57.47468996,0.01991302357518883
57.49943566,0.034744792858777754
57.49951339,0.042420080872816054
57.49955869,0.022125581750209813
57.49960017,0.030212863355458915
57.49964285,0.04452582589456016
57.51401329,0.02554360265506981
57.51413536,0.025909819180590526
57.5228436,0.04464789806973373
57.52293873,0.030075532158388648
57.53056788,0.02272068360418097
57.53062797,0.04277103837644007
57.55521536,0.03471427481498436
57.55533433,0.020538643472953384
57.56857562,0.039414053559166856
57.56862783,0.03904783703364614
57.57794499,0.019974059662775615
57.57803154,0.03492790112153811
57.57810068,0.041886015106431675
57.5906775,0.021210040436408027
57.59074974,0.029236285954070344
57.60456777,0.04290836957351034
57.60462928,0.023483634699015793
57.6119113,0.023987182421606777
57.61199784,0.04238956282902266
57.61761832,0.027862973983367668
57.61765456,0.02026398107881285
57.63086343,0.04031433585107195
57.63091969,0.032318608377203024
57.64486384,0.018204013122758832
57.64493251,0.03765926604104677
57.6449852,0.03718623636224918
57.66148043,0.018402380407415885
57.66150784,0.0332646677347982
57.66153073,0.0405279621576257
57.66858721,0.020279240100709545
57.66870236,0.028747997253376057
57.67487383,0.042160677500572216
57.67493057,0.0234531166552224
57.6889708,0.02392614633401999
57.68910599,0.042420080872816054
57.7127986,0.028076600289921417
57.71293616,0.020904859998474096
57.71301174,0.04101625085831998
57.71306419,0.032867933165484094
57.71310544,0.01872281986724651
57.72286201,0.03759822995345998
57.72303915,0.03718623636224918
57.74657655,0.018707560845349813
57.74666572,0.03352407110704204
57.74671245,0.04048218509193561
57.74675488,0.020035095750362403
57.76224375,0.028473334859235522
57.76232195,0.04235904478522927
57.76961255,0.023422598611429007
57.76967096,0.02413977264057374
57.76971793,0.04257267109178302
57.77901268,0.02758831158922713
57.77911282,0.020523384451056687
57.78797388,0.040955214770733196
57.78809786,0.03276112001220722
57.80159354,0.018616006713969634
57.80167317,0.03834592202639811
57.81474733,0.037201495384145876
57.81484032,0.018478675516899367
57.82371688,0.033447775997558556
57.82380009,0.04040588998245213
57.83250856,0.0200503547722591
57.83257318,0.02848859388113222
57.83261538,0.042374303807125965
57.84762907,0.02337682154573892
57.84770703,0.02418554970626383
57.85665226,0.04284733348592355
57.85676003,0.027924010070954453
57.86957216,0.021301594567788205
57.86963177,0.04231326771953918
57.88366032,0.03425650415808347
57.8837378,0.02021820401312276
57.88378239,0.03906309605554284
57.88382435,0.03904783703364614
57.89915419,0.021332112611581598
57.89922976,0.03631647211413749
57.89927506,0.04281681544213016
57.9140203,0.02169832913710231
57.91413903,0.029785610742351417
57.92813301,0.043213550011444266
57.92816687,0.02397192339971008
57.94048023,0.024292362859540704
57.9405055,0.0426489662012665
57.94955182,0.02732890821698329
57.95396543,0.01991302357518883
57.95410299,0.039658197909514
57.95417833,0.03228809033340963
57.96750784,0.01824979018844892
57.9675386,0.03749141680018311
57.96756315,0.036911573968108645
57.98297238,0.018112458991378654
57.98300076,0.03312733653772793
58.00900006,0.0401007095445182
58.00903511,0.02107270923933776
58.00906038,0.032608529793240255
58.00908446,0.04858472571908141
58.00910759,0.03192187380788891
58.00913119,0.03854428931105516
58.02058959,0.05871671625848783
58.02061415,0.03552300297550927
58.05457234,0.015213244831006332
58.05459642,0.026245517662317846
58.05461907,0.02504005493247883
58.05814266,0.010162508583199817
58.05816984,0.023422598611429007
58.05819321,0.04058899824521248
58.05821753,0.02323949034866865
58.07310605,0.02401770046540017
58.07313013,0.041886015106431675
58.07315302,0.02699320973525597
58.07317591,0.020416571297779813
58.08814478,0.04107728694590677
58.08826756,0.03266956588082704
58.11120653,0.018768596932936598
58.11123371,0.038284885938811325
58.11125731,0.03747615777828641
58.11255264,0.018982223239490347
58.1288805,0.034164950026703285
58.12894917,0.04110780498970016
58.12898254,0.020370794232089724
58.1330924,0.029739833676661324
58.13312221,0.043305104142824444
58.14650154,0.024338139925230793
58.15510607,0.0255893797207599
58.15524244,0.043884946974898906
58.15531921,0.028931105516136417
58.17849398,0.022400244144350347
58.17852163,0.042801556420233464
58.17854476,0.03425650415808347
58.17857027,0.020798046845197222
58.18875527,0.039917601281757836
58.18896174,0.03904783703364614
58.18902016,0.020706492713817044
58.20248437,0.03607232776379034
58.21083713,0.042969405661097124
58.21091509,0.022735942626077667
58.22754717,0.03150988021667811
58.22763562,0.04498359655146105
58.2276845,0.025726710917830166
58.23846483,0.02699320973525597
58.23849201,0.04516670481422141
58.24358296,0.030167086289768826
58.24365592,0.02333104448004883
58.25761795,0.04351873044937819
58.25768471,0.03479056992446784
58.26587296,0.020904859998474096
58.26593256,0.03999389639124132
58.28966165,0.038742656595712216
58.28973794,0.019958800640878918
58.28978539,0.034821087968261236
58.28983736,0.041550316624704355
58.30456042,0.020950637064164186
58.30463505,0.029571984435797664
58.30468965,0.04281681544213016
58.31397581,0.023422598611429007
58.31409717,0.024628061341268024
58.32283354,0.04278629739833677
58.32295632,0.02749675745784695
58.33554506,0.02102693217364767
58.33560753,0.04144350347142748
58.35300493,0.03259327077134356
58.35312629,0.019134813458457314
58.37575722,0.03863584344243534
58.37587476,0.037537193865873196
58.37595105,0.019089036392767225
58.37601995,0.03480582894636454
58.38477159,0.04119935912108034
58.38485003,0.020813305867093918
58.38489509,0.029831387808041506
58.39937329,0.043167772945754176
58.39945912,0.023941405355916687
58.41318083,0.025436789501792935
58.41330242,0.04357976653696498
58.41901898,0.02798504615854124
58.4191432,0.021515220874341955
58.43263388,0.04182497901884489
58.43270898,0.03300526436255436
58.43865085,0.019668879224841687
58.4387238,0.039002059967956054
58.43877816,0.03739986266880293
58.44454193,0.019211108567940796
58.44458294,0.034576943617914094
58.45849133,0.04098573281452659
58.46450019,0.02059967956054017
58.46453738,0.029785610742351417
58.48852825,0.042999923704890516
58.48861742,0.023987182421606777
58.48866367,0.0255893797207599
58.48870492,0.04368657969024185
58.49856377,0.028030823224231328
58.49864435,0.021484702830548562
58.4986999,0.041718165865568015
58.51396418,0.033157854581521325
58.51410151,0.019684138246738384
58.5225811,0.03906309605554284
58.52265859,0.0375066758220798
58.5469954,0.01892118715190356
58.54713368,0.03459220263981079
58.54861236,0.04139772640573739
58.54866576,0.020920119020370793
58.55791974,0.030579079880979628
58.5579977,0.04448004882887007
58.56254578,0.025513084611276417
58.56260681,0.027023727779049364
58.56904531,0.044846265354390784
58.58277416,0.029694056610971235
58.58289623,0.02442969405661097
58.60062408,0.04505989166094453
58.60073042,0.03564507515068284
58.60262871,0.021377889677271687
58.6027081,0.040512703135729
58.61669755,0.03805600061036087
58.61679459,0.019546807049668116
58.61685205,0.03509575036240177
58.61689782,0.04110780498970016
58.63154721,0.019974059662775615
58.63162255,0.029556725413900968
58.6316762,0.04284733348592355
58.64708161,0.02349889372091249
58.64720559,0.025177386129549097
58.66463327,0.04318303196765087
58.66471958,0.02754253452353704
58.67385149,0.021316853589684902
58.67397261,0.041718165865568015
58.68000436,0.033035782406347754
58.68012667,0.020492866407263294
58.68855119,0.042664225223163196
58.68862748,0.043091477836270695
58.69753933,0.02699320973525597
58.69759917,0.047730220492866404
58.71188235,0.05845731288624399
58.72456026,0.032440680552376595
58.72463799,0.02883955138475624
58.73849893,0.032608529793240255
58.73853135,0.012329289692530708
58.73855686,0.012756542305638208
58.738585,0.03215075913633936
58.76254582,0.03389028763256275
58.76259756,0.018570229648279545
58.76262236,0.03518730449378195
58.76264572,0.04101625085831998
58.78755569,0.02026398107881285
58.78763318,0.03010605020218204
58.78767776,0.04312199588006409
58.78771901,0.023819333180743113
58.78776002,0.02583352407110704
58.80287743,0.04397650110627909
58.80295062,0.02822919050888838
58.80300617,0.022613870450904097
58.80305696,0.04324406805523766
58.81281304,0.0340886549172198
58.81293273,0.02076752880140383
58.82151937,0.040283817807278556
58.8215971,0.03842221713588159
58.83473969,0.020630197604333562
58.83481359,0.03654535744258793
58.83486795,0.04278629739833677
58.86120272,0.022232394903486687
58.86127925,0.031952391851682305
58.86132526,0.04498359655146105
58.86136651,0.0255893797207599
58.8675921,0.027679865720607308
58.86766577,0.04594491493095293
58.88197899,0.030350194552529183
58.88210106,0.024322880903334097
58.88957691,0.04473945220111391
58.88964272,0.03569085221637293
58.91179109,0.022613870450904097
58.91192603,0.04248111696040284
58.91199994,0.04019226367589838
58.9215312,0.02204928664072633
58.92850494,0.03790341039139391
58.92854285,0.04357976653696498
58.9285686,0.022903791866941327
58.93350124,0.033035782406347754
58.93358707,0.04550240329594873
58.94250059,0.025726710917830166
58.94252586,0.02754253452353704
58.95946574,0.045304036011291675
58.95949793,0.02970931563286793
58.97048736,0.02383459220263981
58.97051287,0.0434882124055848
58.99449611,0.033661402304112305
58.99456286,0.020523384451056687
58.9945941,0.03970397497520409
58.99461937,0.03747615777828641
58.99757171,0.01948577096208133
58.99765038,0.03533989471274891
59.01159883,0.04115358205539025
59.01166844,0.020904859998474096
59.03499246,0.030518043793392843
59.03511477,0.04315251392385748
59.04899049,0.023697261005569542
59.04911137,0.025955596246280615
59.04918671,0.0439002059967956
59.06448245,0.02798504615854124
59.06453967,0.022613870450904097
59.0645802,0.04240482185091936
59.06461954,0.03266956588082704
59.07061696,0.020279240100709545
59.07068944,0.03993286030365453
59.07799244,0.03767452506294346
59.07811451,0.019729915312428473
59.10165358,0.0357976653696498
59.10172033,0.041290913252460516
59.10351372,0.02107270923933776
59.10354328,0.030930037384603648
59.10356784,0.0434882124055848
59.11759543,0.02374303807125963
59.11769724,0.026367589837491417
59.11773562,0.04443427176317998
59.117769,0.028091859311818113
59.13251495,0.02238498512245365
59.13256574,0.04231326771953918
59.16650891,0.03271534294651713
59.1665535,0.020035095750362403
59.16658592,0.03997863736934462
59.16661596,0.03739986266880293
59.16850352,0.019211108567940796
59.16856313,0.03527885862516213
59.16859078,0.041382467383840695
59.17895389,0.020782787823300525
59.17905474,0.030853742275120166
59.18831897,0.04303044174868391
59.18839121,0.02337682154573892
59.20155859,0.02589456015869383
59.20159364,0.04383916990920882
59.21446395,0.028168154421301595
59.21449137,0.023422598611429007
59.22848988,0.0435034714274815
59.22852588,0.033447775997558556
59.22855687,0.020462348363469902
59.22858763,0.04080262455176623
59.24047327,0.03942931258106355
59.2488656,0.02178988326848249
59.25848961,0.03714045929655909
59.25853825,0.04180971999694819
59.27271819,0.021255817502098116
59.27279997,0.030746929121843288
59.27285647,0.04272526131074998
59.28081465,0.02299534599832151
59.28086829,0.02481116960402838
59.29248524,0.04206912336919204
59.30250287,0.025879301136797133
59.30253983,0.020782787823300525
59.30256534,0.04086366063935302
59.31275201,0.03091477836270695
59.31288743,0.01858548867017624
59.33553863,0.03854428931105516
59.33559966,0.03573662928206302
59.33754396,0.017792019531548027
59.33760929,0.0340886549172198
59.34364128,0.041046768902113374
59.3437047,0.023697261005569542
59.35756087,0.03631647211413749
59.35761547,0.05087357900358587
59.36350393,0.03773556115053025
59.36354041,0.041214618142977034
59.36946821,0.05085831998168917
59.39357686,0.021499961852445258
59.39364886,0.008667124437323568
59.39369464,0.026214999618524453
59.40750885,0.02716105897611963
59.40753102,0.01240558480201419
59.40755415,0.02630655374990463
59.40757704,0.04046692607003891
59.43056202,0.021316853589684902
59.43061328,0.0238803692683299
59.43063927,0.041504539559014265
59.43066335,0.025024795910582133
59.4397893,0.0200503547722591
59.43986106,0.04068055237659266
59.44465375,0.030762188143739988
59.44476199,0.018188754100862136
59.45983481,0.03776607919432364
59.45991039,0.03511100938429847
59.48269081,0.017669947356374456
59.48277068,0.03434805828946365
59.48282027,0.03968871595330739
59.482862,0.01931792172121767
59.48448968,0.029846646829938202
59.48454785,0.04187075608453498
59.49850297,0.022354467078660258
59.49854684,0.025268940260929275
59.49857831,0.04267948424505989
59.51401687,0.026581216144045166
59.51413798,0.021774624246585793
59.52791905,0.04200808728160525
59.52797079,0.03175402456702525
59.54096293,0.019592584115358205
59.54106212,0.03961242084382391
59.54273486,0.03680476081483177
59.54276705,0.019165331502250707
59.55057883,0.03572137026016632
59.5506556,0.04075684748607614
59.56501412,0.020447089341573205
59.56505752,0.0311284046692607
59.56508899,0.04318303196765087
59.58958983,0.023422598611429007
59.58966684,0.026260776684214542
59.5897119,0.04351873044937819
59.58975482,0.026794842450598915
59.60010123,0.021896696421759364
59.60014296,0.04164187075608453
59.61400104,0.03125047684443427
59.61412382,0.019043259327077136
59.6185689,0.0388189517051957
59.61862993,0.03530937666895552
59.64268422,0.017303730830853743
59.64278364,0.033783474479285876
59.64285707,0.038620584420538645
59.65761232,0.017975127794308383
59.65768838,0.02832074464026856
59.65773392,0.040009155413138014
59.65777612,0.02009613183794919
59.66746974,0.023422598611429007
59.66750169,0.040833142595559625
59.67622685,0.02418554970626383
59.67625642,0.01969939726863508
59.68519473,0.039887083237964444
59.68521953,0.029327840085450523
59.70848322,0.017303730830853743
59.70850754,0.037079423208972305
59.70853281,0.03413443198290989
59.72044826,0.0166323338673991
59.72047567,0.03314259555962463
59.72049975,0.037750820172426945
59.73430347,0.01782253757534142
59.73434997,0.028763256275272753
59.74284935,0.04060425726710918
59.74295855,0.020691233691920347
59.76626158,0.023819333180743113
59.76631308,0.041290913252460516
59.76633883,0.024872205691615166
59.76636195,0.020309758144502938
59.76638484,0.0401007095445182
59.78177834,0.02917524986648356
59.78186846,0.017166399633783476
59.79151678,0.03739986266880293
59.79158783,0.034317540245670256
59.8004179,0.01675440604257267
59.80047822,0.03317311360341802
59.82256722,0.03765926604104677
59.82265902,0.01736476691844053
59.83549714,0.028412298771648737
59.83554411,0.0405279621576257
59.84500933,0.020370794232089724
59.84515762,0.02392614633401999
59.84524608,0.04122987716487373
59.85437632,0.024292362859540704
59.85447335,0.020279240100709545
59.86143637,0.041504539559014265
59.86150765,0.030823224231326773
59.88191748,0.01892118715190356
59.88205147,0.038574807354848556
59.89455056,0.03561455710688945
59.89461446,0.01910429541466392
59.89467311,0.03616388189517052
59.89471459,0.039749752040894176
59.90893459,0.01901274128328374
59.90907168,0.029846646829938202
59.90914893,0.04084840161745632
59.91773963,0.02059967956054017
59.91780853,0.02413977264057374
59.91784501,0.04069581139848936
59.91787815,0.023437857633325704
59.93487883,0.01936369878690776
59.93497849,0.03926146334019989
59.94925213,0.028000305180437935
59.94937825,0.016815442130159456
59.96256042,0.03698786907759213
59.96261954,0.0332494087129015
59.96887517,0.015747310597390707
59.96897364,0.03266956588082704
59.96904778,0.03826962691691463
59.98305678,0.018005645838101776
59.98317671,0.031906614785992216
59.98755121,0.046341649500267035
59.98761296,0.029480430304417486
60.00165677,0.03915465018692302
